512 14267
384 512 1
320 512 2
384 448 3
288 512 4
320 352 5
384 416 6
448 480 7
272 512 8
288 304 9
320 336 10
352 368 11
384 400 12
416 432 13
448 464 14
480 496 15
264 512 16
272 280 17
288 296 18
304 312 19
320 328 20
336 344 21
352 360 22
368 376 23
384 392 24
400 408 25
416 424 26
432 440 27
448 456 28
464 472 29
480 488 30
496 504 31
260 512 32
264 268 33
272 276 34
280 284 35
288 292 36
296 300 37
304 308 38
312 316 39
320 324 40
328 332 41
336 340 42
344 348 43
352 356 44
360 364 45
368 372 46
376 380 47
384 388 48
392 396 49
400 404 50
408 412 51
416 420 52
424 428 53
432 436 54
440 444 55
448 452 56
456 460 57
464 468 58
472 476 59
480 484 60
488 492 61
496 500 62
504 508 63
258 512 64
260 262 65
264 266 66
268 270 67
272 274 68
276 278 69
280 282 70
284 286 71
288 290 72
292 294 73
296 298 74
300 302 75
304 306 76
308 310 77
312 314 78
316 318 79
320 322 80
324 326 81
328 330 82
332 334 83
336 338 84
340 342 85
344 346 86
348 350 87
352 354 88
356 358 89
360 362 90
364 366 91
368 370 92
372 374 93
376 378 94
380 382 95
384 386 96
388 390 97
392 394 98
396 398 99
400 402 100
404 406 101
408 410 102
412 414 103
416 418 104
420 422 105
424 426 106
428 430 107
432 434 108
436 438 109
440 442 110
444 446 111
448 450 112
452 454 113
456 458 114
460 462 115
464 466 116
468 470 117
472 474 118
476 478 119
480 482 120
484 486 121
488 490 122
492 494 123
496 498 124
500 502 125
504 506 126
508 510 127
257 512 128
258 259 129
260 261 130
262 263 131
264 265 132
266 267 133
268 269 134
270 271 135
272 273 136
274 275 137
276 277 138
278 279 139
280 281 140
282 283 141
284 285 142
286 287 143
288 289 144
290 291 145
292 293 146
294 295 147
296 297 148
298 299 149
300 301 150
302 303 151
304 305 152
306 307 153
308 309 154
310 311 155
312 313 156
314 315 157
316 317 158
318 319 159
320 321 160
322 323 161
324 325 162
326 327 163
328 329 164
330 331 165
332 333 166
334 335 167
336 337 168
338 339 169
340 341 170
342 343 171
344 345 172
346 347 173
348 349 174
350 351 175
352 353 176
354 355 177
356 357 178
358 359 179
360 361 180
362 363 181
364 365 182
366 367 183
368 369 184
370 371 185
372 373 186
374 375 187
376 377 188
378 379 189
380 381 190
382 383 191
384 385 192
386 387 193
388 389 194
390 391 195
392 393 196
394 395 197
396 397 198
398 399 199
400 401 200
402 403 201
404 405 202
406 407 203
408 409 204
410 411 205
412 413 206
414 415 207
416 417 208
418 419 209
420 421 210
422 423 211
424 425 212
426 427 213
428 429 214
430 431 215
432 433 216
434 435 217
436 437 218
438 439 219
440 441 220
442 443 221
444 445 222
446 447 223
448 449 224
450 451 225
452 453 226
454 455 227
456 457 228
458 459 229
460 461 230
462 463 231
464 465 232
466 467 233
468 469 234
470 471 235
472 473 236
474 475 237
476 477 238
478 479 239
480 481 240
482 483 241
484 485 242
486 487 243
488 489 244
490 491 245
492 493 246
494 495 247
496 497 248
498 499 249
500 501 250
502 503 251
504 505 252
506 507 253
508 509 254
510 511 255
250 349 1
32 357 2
397 481 3
75 285 4
339 355 5
102 218 6
59 510 7
32 284 8
299 312 9
331 341 10
191 356 11
384 407 12
221 431 13
57 235 14
126 244 15
130 271 16
138 284 17
73 303 18
308 318 19
80 82 20
86 169 21
180 359 22
191 370 23
49 194 24
206 405 25
107 416 26
54 110 27
448 458 28
236 469 29
241 245 30
498 507 31
131 257 32
265 268 33
139 272 34
141 284 35
145 147 36
298 302 37
306 308 38
313 318 39
81 322 40
329 334 41
170 336 42
347 348 43
353 359 44
181 366 45
185 186 46
188 380 47
97 193 48
395 398 49
403 407 50
408 414 51
210 416 52
213 214 53
432 439 54
221 447 55
448 453 56
458 460 57
233 469 58
236 477 59
481 487 60
123 490 61
251 496 62
255 507 63
128 129 64
260 263 65
264 267 66
269 270 67
273 275 68
138 279 69
281 282 70
142 286 71
145 289 72
147 292 73
297 299 74
150 302 75
153 304 76
154 155 77
156 157 78
158 319 79
161 320 80
324 327 81
167 332 83
337 339 84
170 343 85
344 347 86
348 351 87
353 354 88
356 359 89
180 181 90
182 366 91
185 368 92
187 372 93
189 377 94
381 383 95
192 193 96
194 391 97
196 197 98
198 199 99
400 403 100
405 407 101
409 411 102
413 414 103
208 209 104
421 423 105
425 426 106
428 431 107
217 433 108
437 438 109
440 443 110
222 446 111
449 451 112
227 452 113
228 459 114
461 463 115
232 466 116
234 470 117
236 474 118
477 478 119
481 482 120
243 485 121
244 490 122
246 494 123
249 496 124
251 500 125
252 506 126
254 255 127
96 192 96
199 396 99
325 344 10
171 323 10
82 508 1
418 422 52
6 289 1
72 442 1
497 498 124
180 182 45
113 233 14
17 68 17
94 190 47
304 307 76
200 405 50
364 367 91
316 319 79
206 303 1
184 308 2
172 325 10
105 209 52
384 414 12
4 304 4
6 396 6
294 350 2
277 305 4
107 507 3
114 231 57
269 283 8
195 294 1
90 367 45
288 349 2
424 429 53
205 505 3
6 50 6
28 453 28
207 402 25
28 54 3
88 246 1
208 233 3
353 355 88
199 506 3
189 222 1
123 468 7
218 407 6
361 366 45
355 497 1
88 376 11
15 501 15
360 434 1
380 383 95
210 423 105
22 361 22
324 407 1
247 492 123
229 253 7
101 139 1
231 469 14
60 244 30
4 139 4
222 447 111
1 108 1
24 192 24
42 349 21
292 316 9
230 335 1
244 246 61
404 407 101
147 293 73
256 257 128
104 203 6
492 495 123
91 317 2
7 309 1
373 374 93
2 288 2
1 134 1
132 267 66
247 493 123
488 501 15
188 382 47
262 464 1
216 434 108
147 291 36
142 406 1
119 125 7
441 445 55
162 221 1
2 322 2
176 177 88
352 366 22
308 311 77
130 262 65
449 453 56
106 430 53
78 313 78
487 490 30
300 303 75
379 491 1
376 379 94
232 467 116
240 486 60
267 322 2
55 389 6
83 445 1
10 21 10
15 197 3
166 332 166
425 427 106
289 311 9
176 304 2
195 385 48
90 306 2
75 497 1
169 406 1
136 137 68
244 466 7
7 62 7
400 405 50
1 301 1
332 340 10
160 170 10
377 379 94
16 33 16
235 327 1
296 299 74
235 468 117
23 83 5
274 430 1
128 261 32
3 204 3
80 256 2
44 272 2
189 440 1
357 424 1
29 477 29
5 184 5
14 118 14
1 251 1
31 250 31
391 402 12
389 391 97
3 398 3
199 285 1
20 114 1
2 298 2
33 319 4
395 485 3
124 250 62
13 500 3
432 444 27
323 401 1
157 312 78
73 260 4
361 363 90
1 167 1
84 336 84
179 353 44
228 425 3
372 382 23
188 456 1
466 469 58
1 83 1
115 231 115
111 243 3
138 324 2
2 287 2
92 302 2
165 232 1
14 453 14
480 483 120
122 123 61
31 180 1
37 324 2
268 271 67
1 508 1
3 439 3
99 198 99
322 326 40
311 390 1
2 135 2
206 406 25
1 445 1
453 456 28
208 386 6
393 397 49
386 421 6
506 508 63
107 218 13
194 195 97
333 334 83
388 391 97
416 419 104
39 310 19
166 335 83
93 371 46
312 481 1
8 268 8
204 205 102
247 258 1
55 443 55
233 443 3
468 471 117
4 135 4
232 458 14
102 413 51
135 269 67
323 374 5
83 427 1
206 415 103
19 361 2
171 344 21
2 40 2
211 420 105
265 356 2
1 256 1
10 87 10
26 359 1
153 305 76
462 467 14
192 387 96
437 439 109
379 380 47
8 222 1
112 444 3
194 196 24
1 336 1
434 436 54
200 363 1
6 216 6
33 368 2
41 83 41
53 438 13
10 166 10
207 508 3
196 243 3
29 235 29
2 70 2
128 431 1
1 360 1
207 387 12
497 502 62
397 398 99
341 440 1
321 322 80
23 185 23
97 367 1
73 487 1
80 332 20
3 318 1
322 341 10
1 432 1
212 368 1
119 402 3
57 211 3
254 510 127
3 440 3
418 420 52
44 64 2
448 457 28
3 465 3
265 385 1
405 508 3
14 468 14
226 454 113
296 494 1
1 254 1
127 212 3
29 471 29
1 271 1
42 168 42
3 425 3
41 266 2
25 410 25
222 444 222
111 445 111
277 482 1
160 328 20
243 451 7
7 488 7
1 431 1
1 235 1
6 417 6
53 402 6
143 495 1
214 428 214
251 501 125
103 409 51
304 350 2
224 381 1
119 237 59
173 184 5
186 369 46
215 443 13
361 462 1
274 486 1
201 400 100
307 454 1
6 96 6
1 61 1
232 233 116
208 484 3
151 300 75
1 373 1
100 404 50
4 36 4
117 476 29
29 288 1
7 486 7
3 196 3
12 386 12
77 176 2
228 302 1
365 369 11
173 350 43
36 286 4
216 435 108
40 423 1
167 499 1
3 480 3
122 301 1
298 511 1
252 507 126
1 73 1
390 431 6
66 262 16
88 355 88
7 386 3
400 415 25
149 151 37
3 125 3
156 508 1
1 399 1
52 53 26
24 205 12
117 252 7
3 209 3
185 373 46
192 260 1
25 458 3
204 410 102
5 190 5
402 407 50
69 285 17
39 78 39
168 343 42
185 296 2
252 504 252
139 279 139
241 254 15
250 496 62
329 478 1
74 181 2
217 437 54
190 382 95
107 214 107
367 424 1
45 90 45
7 92 1
85 338 42
29 305 1
472 479 59
106 212 106
469 471 117
263 294 4
123 358 1
95 191 95
3 194 3
68 275 68
8 141 8
281 284 35
186 374 93
28 116 14
237 442 3
31 292 1
1 484 1
314 316 39
203 258 1
220 445 55
80 326 40
117 467 58
137 279 34
184 185 92
38 77 38
154 281 4
49 389 24
297 309 9
433 434 108
10 43 10
77 299 9
110 121 3
341 394 1
223 507 3
51 76 1
32 183 2
171 333 10
189 376 94
183 365 91
54 217 54
177 357 44
406 408 25
137 293 4
4 151 4
126 127 63
12 164 1
405 406 101
125 362 1
71 267 8
66 266 66
331 410 1
321 332 20
72 292 36
342 478 1
421 422 105
255 502 31
111 291 1
281 438 1
162 261 2
148 149 74
143 285 71
416 423 52
149 302 37
331 335 41
77 326 2
221 440 110
305 307 76
246 409 3
44 363 22
255 356 1
57 294 1
220 267 1
234 471 117
162 320 40
364 392 1
218 219 109
141 285 35
329 331 82
110 483 3
312 365 2
98 193 24
290 292 36
83 305 2
14 56 14
174 493 1
108 277 1
258 265 16
234 468 234
306 315 19
192 205 12
37 496 1
7 465 7
21 339 21
465 473 29
341 345 21
128 260 32
64 338 2
365 454 1
239 472 59
441 443 110
31 500 31
110 220 110
349 351 87
312 318 39
3 300 1
55 110 55
110 198 6
291 292 36
51 418 6
144 294 36
341 343 85
3 7 3
101 219 6
214 427 53
324 441 1
250 459 7
1 47 1
206 414 103
8 512 8
206 410 51
228 384 3
67 267 33
1 53 1
156 234 1
100 407 50
317 319 79
266 316 4
365 429 1
335 341 10
297 298 74
176 317 2
3 235 3
69 244 1
309 433 1
87 326 10
89 180 22
172 349 43
267 271 33
255 498 31
269 507 1
119 328 1
1 262 1
184 371 92
261 341 2
125 248 62
363 401 1
23 187 23
325 382 5
219 437 109
229 463 57
4 128 4
18 95 2
342 481 1
96 115 3
233 236 29
1 7 1
444 447 111
310 425 1
344 367 5
58 233 58
354 357 44
177 422 1
44 383 11
118 467 29
132 486 1
105 428 26
27 206 6
195 388 97
455 460 28
111 454 3
345 499 1
163 325 81
128 258 64
136 286 17
11 369 11
80 275 2
122 494 61
268 488 1
6 407 6
151 455 1
7 59 7
180 355 22
5 187 5
1 168 1
169 170 42
277 359 2
170 325 10
51 460 3
136 274 68
177 400 1
66 133 66
80 172 10
5 41 5
461 480 7
101 340 1
112 312 1
204 411 102
255 508 127
289 327 2
140 285 35
153 261 4
144 399 1
309 310 77
31 511 31
14 478 14
57 462 57
289 335 2
217 432 108
213 301 1
360 363 90
67 270 67
168 341 42
180 362 90
391 408 12
212 435 13
27 328 1
112 113 56
55 223 55
138 161 2
201 411 25
264 326 2
220 223 55
35 273 17
163 434 1
297 468 1
186 375 93
208 422 52
162 326 81
97 406 12
256 268 16
154 308 154
38 311 38
285 286 71
45 303 2
385 387 96
337 413 1
92 373 46
2 88 2
160 283 2
302 413 1
354 360 22
164 218 1
103 410 51
16 377 2
45 454 1
276 344 2
253 505 126
144 145 72
237 472 118
179 359 179
226 473 14
222 443 55
2 182 2
306 462 1
429 430 107
7 346 1
74 302 37
64 259 64
33 263 16
152 153 76
340 343 85
436 439 109
158 313 39
325 407 1
62 468 7
39 157 39
6 108 6
95 378 47
3 474 3
176 352 176
16 65 16
177 378 11
428 433 13
3 406 3
234 235 117
237 473 118
162 323 40
250 251 125
149 296 74
337 338 84
297 303 37
73 294 73
335 356 5
30 121 30
2 160 2
306 474 1
273 342 2
17 97 1
5 358 5
413 501 3
6 192 6
210 211 105
177 353 88
181 184 11
56 57 28
120 160 1
6 213 6
501 503 125
1 49 1
106 312 1
98 396 49
273 279 34
356 406 1
159 295 9
92 370 92
1 298 1
162 464 1
13 109 13
55 352 1
317 417 1
3 412 3
1 409 1
266 443 1
54 439 54
67 182 2
355 367 22
212 233 3
9 383 2
3 197 3
195 371 1
8 16 8
13 26 13
233 465 116
440 502 3
242 487 121
244 491 122
179 357 89
181 510 1
465 471 58
457 459 114
124 499 124
436 447 27
505 508 63
338 500 1
365 370 11
164 497 1
27 217 27
420 423 105
9 294 9
82 206 1
94 380 47
239 377 1
56 278 1
1 231 1
196 198 49
4 146 4
392 486 3
1 257 1
1 10 1
19 458 1
326 493 1
36 72 36
9 297 9
316 473 1
24 447 6
96 97 48
9 78 9
233 348 1
4 112 1
35 285 35
304 343 2
288 399 1
414 509 3
13 148 1
188 379 94
379 382 47
9 315 9
30 340 1
271 492 1
213 424 106
51 374 1
140 287 35
170 171 85
20 311 2
4 239 1
27 223 27
17 278 17
239 476 119
233 464 116
505 511 63
150 275 4
20 137 2
36 459 1
31 502 31
375 382 23
307 318 19
280 283 70
90 151 2
247 330 1
139 277 69
405 505 3
185 369 92
237 238 59
62 425 3
59 119 59
163 324 81
266 375 2
83 332 83
85 342 85
3 14 3
1 74 1
350 403 1
158 318 79
2 267 2
14 317 1
36 146 36
141 356 2
267 268 33
229 456 114
302 351 2
86 105 1
79 310 19
27 358 1
72 181 2
77 295 9
229 457 114
314 317 39
89 207 1
272 311 4
306 413 1
30 86 1
105 211 105
126 255 63
282 405 1
387 475 3
109 429 13
32 65 32
144 290 72
205 413 51
19 152 19
70 241 1
193 384 96
255 500 31
229 465 14
87 345 43
349 497 1
143 220 1
75 198 1
6 210 6
198 395 49
261 512 32
160 163 40
200 229 3
279 478 1
61 492 61
129 512 64
42 365 5
53 218 13
94 251 1
171 338 42
437 444 27
261 262 65
66 107 1
170 265 2
55 450 3
173 346 173
333 335 83
231 461 115
11 22 11
140 235 1
390 407 12
96 384 96
308 361 2
75 151 75
62 444 3
28 458 28
50 509 3
3 505 3
441 442 110
223 444 111
47 383 47
371 375 46
56 193 3
26 100 6
172 347 86
62 328 1
39 413 1
213 427 213
401 501 3
24 399 24
397 399 99
7 30 7
43 338 21
127 461 7
149 317 9
448 459 28
1 122 1
2 327 2
8 271 8
7 251 7
365 367 91
36 185 2
161 245 1
220 221 110
328 331 82
264 441 1
42 85 42
482 492 30
320 327 40
82 273 2
283 426 1
355 356 44
4 490 1
367 369 11
80 343 10
28 200 3
136 161 2
1 93 1
59 233 29
107 386 6
87 136 2
219 436 109
252 511 63
77 225 1
82 368 5
402 413 25
73 104 1
222 459 3
147 219 1
67 129 16
28 141 1
7 113 7
243 482 60
162 334 20
78 330 2
354 478 1
201 366 1
136 205 1
224 499 7
265 273 8
348 397 1
409 494 3
110 322 1
19 478 1
375 491 1
266 448 1
1 139 1
3 395 3
27 219 27
18 297 18
183 203 1
107 362 1
303 506 1
361 364 45
75 150 75
246 495 123
13 210 13
110 338 1
194 383 1
227 329 1
396 469 3
458 486 7
21 347 21
332 478 1
188 376 188
433 436 54
4 257 4
198 398 99
59 107 3
251 333 1
223 430 13
430 441 13
207 440 6
178 182 22
269 271 67
50 413 25
176 309 2
1 486 1
242 441 3
4 158 4
291 403 1
34 388 1
209 238 3
74 299 74
152 306 76
50 68 1
50 407 50
332 421 1
140 162 2
158 316 158
143 284 71
210 449 3
408 411 102
172 392 1
22 354 22
197 393 98
191 390 1
169 337 84
237 382 1
242 277 1
376 382 47
10 355 5
84 457 1
114 191 1
247 491 61
1 82 1
349 350 87
329 373 5
24 217 6
124 500 62
241 483 241
14 409 3
429 438 13
215 235 3
43 185 5
64 142 8
99 182 1
318 462 1
256 409 1
90 383 11
3 185 1
255 505 63
9 129 4
129 197 1
2 342 2
295 299 18
96 279 1
52 131 1
256 265 16
346 355 5
1 219 1
85 357 5
317 318 79
146 476 1
161 321 80
42 88 5
1 412 1
279 287 17
108 386 6
254 504 63
56 65 1
254 511 127
155 308 77
68 334 2
2 360 2
2 136 2
2 351 2
42 338 42
107 425 53
72 92 2
272 347 2
277 370 2
178 386 1
232 382 1
98 312 1
237 356 1
476 484 7
160 323 80
332 488 1
146 289 36
127 492 15
80 333 20
150 303 75
146 295 73
13 60 3
60 481 60
1 177 1
179 240 1
146 294 73
5 353 5
395 396 49
91 462 1
3 117 3
381 382 95
112 459 28
158 437 1
449 463 28
40 320 40
15 510 15
208 418 104
409 410 102
157 301 9
83 330 41
115 196 3
24 397 24
131 262 131
278 398 1
32 98 1
445 446 111
193 398 24
323 327 40
497 501 62
183 334 5
146 290 36
180 183 45
123 207 3
1 354 1
389 390 97
138 146 4
59 377 1
107 500 3
485 487 121
90 461 1
1 450 1
328 510 1
240 241 120
61 290 1
243 481 60
110 303 1
5 340 5
280 476 1
4 18 4
45 200 1
239 446 3
186 383 23
59 466 29
185 452 1
168 169 84
140 283 70
350 375 5
2 150 2
111 201 6
357 359 89
263 475 1
216 235 3
65 130 65
91 176 22
55 221 55
457 503 7
62 497 62
171 320 10
180 363 90
7 478 7
388 396 24
231 509 7
301 381 2
144 185 2
277 279 69
7 193 3
138 345 2
505 506 126
1 509 1
166 334 83
1 36 1
129 256 64
65 128 32
127 511 127
368 375 46
241 480 120
138 278 69
255 284 1
219 407 6
160 281 2
339 341 42
227 277 1
202 203 101
225 449 112
258 394 1
26 426 26
496 501 62
72 289 72
1 142 1
458 468 14
16 433 1
145 378 2
117 471 117
179 479 1
115 252 7
9 313 9
4 39 4
305 306 76
345 346 86
29 59 29
105 408 6
355 444 1
12 202 12
273 403 1
500 503 125
466 473 29
421 439 13
179 314 2
1 375 1
334 512 2
13 503 3
164 331 82
200 201 100
231 344 1
204 399 12
197 399 49
17 274 17
57 392 3
1 448 1
393 394 98
190 288 2
329 335 41
236 237 118
2 9 2
72 447 1
4 35 4
35 312 4
73 147 73
189 247 1
229 405 3
129 192 1
117 510 7
5 376 5
249 258 1
465 470 58
12 482 3
257 258 64
327 481 1
230 438 3
6 203 6
92 361 11
122 485 30
99 398 99
1 119 1
210 499 3
118 401 3
133 143 8
23 383 23
197 395 197
373 447 1
433 457 3
2 269 2
5 181 5
90 199 1
280 287 35
185 357 11
4 148 4
60 487 60
233 234 58
96 195 48
168 339 84
158 159 79
4 19 4
139 278 139
77 307 38
248 511 31
289 290 72
169 350 21
6 399 6
115 463 115
11 188 11
71 187 2
171 340 85
47 94 47
176 183 22
3 462 3
152 305 152
229 459 229
187 373 93
433 446 27
98 385 24
35 412 1
1 144 1
2 338 2
1 165 1
136 217 1
248 249 124
29 470 29
324 331 20
5 86 5
6 409 6
273 468 1
124 226 7
483 490 30
102 412 51
381 477 1
18 507 1
230 430 3
495 507 15
93 370 46
21 327 10
113 453 113
223 356 1
359 414 1
217 438 54
349 478 1
212 471 3
209 254 3
3 394 3
173 344 86
164 325 20
229 257 1
108 446 27
83 166 83
252 433 3
224 450 112
92 179 11
51 140 1
103 317 1
263 504 1
135 268 67
251 376 1
343 464 1
12 410 12
20 83 20
43 336 21
3 252 3
499 511 31
5 191 5
109 117 3
244 488 244
65 445 1
155 305 38
5 170 5
132 133 66
484 510 15
347 350 43
161 322 161
481 483 120
24 196 24
97 314 1
44 374 11
207 413 103
7 279 1
227 455 227
188 190 47
206 362 1
151 249 1
159 493 1
271 315 4
2 390 1
417 500 3
115 465 14
161 173 10
3 74 1
307 308 38
162 436 1
3 400 3
184 374 46
44 88 44
103 205 51
175 228 1
428 486 3
59 473 59
184 377 23
1 350 1
9 70 4
3 229 3
106 214 53
1 187 1
49 473 3
493 494 123
2 165 2
4 288 4
206 207 103
60 234 7
39 397 1
182 308 2
248 362 1
298 395 1
242 394 3
227 450 56
2 333 2
1 267 1
5 85 5
101 405 101
89 355 44
417 419 104
298 500 1
290 323 2
66 280 8
103 207 103
410 504 3
132 375 2
121 405 3
178 359 89
33 438 1
90 159 2
5 92 5
50 201 50
42 299 2
163 349 10
241 425 3
91 365 91
6 406 6
280 429 1
34 125 1
289 291 72
53 194 6
117 461 14
20 163 20
95 312 2
59 289 1
160 361 5
14 466 14
9 208 1
231 466 14
309 311 77
133 497 1
223 445 111
172 335 10
212 426 106
6 198 6
6 107 6
89 374 11
96 387 96
80 391 1
77 157 19
84 86 21
99 403 12
252 255 63
281 286 35
97 385 48
125 498 62
187 199 1
18 414 1
212 416 26
48 430 6
66 77 4
161 220 1
46 368 46
13 108 13
42 348 21
259 274 8
210 417 52
124 507 31
405 469 3
150 151 75
10 501 1
207 409 51
218 435 54
116 380 1
214 215 107
270 343 2
261 330 2
331 406 1
1 19 1
179 444 1
224 496 7
1 66 1
193 395 24
106 398 6
165 328 82
306 365 2
403 420 6
129 140 8
120 484 60
320 423 1
9 470 1
413 415 103
133 289 4
223 426 13
448 451 112
16 194 1
31 298 1
241 243 60
3 449 3
81 327 81
113 228 28
456 459 114
48 388 48
330 342 10
56 113 56
28 456 28
15 341 1
34 284 17
4 143 4
158 461 1
148 501 1
245 346 1
227 453 113
56 448 56
207 234 3
175 261 2
2 495 1
3 388 3
58 464 58
301 309 9
3 471 3
192 284 1
37 302 37
412 509 3
248 503 62
2 141 2
486 496 15
325 327 81
139 168 2
234 436 3
312 479 1
104 420 52
159 315 39
13 15 3
112 471 14
78 461 1
228 461 57
3 443 3
326 474 1
72 344 2
134 451 1
224 451 112
67 271 67
221 367 1
456 509 7
155 309 77
3 407 3
164 310 2
60 82 1
304 313 19
3 432 3
220 443 110
276 285 17
150 336 2
239 477 119
325 411 1
355 366 22
183 347 5
323 501 1
1 127 1
142 506 1
7 484 7
336 420 1
6 24 6
335 348 10
230 244 7
386 445 6
127 480 15
393 395 98
35 132 8
157 158 39
227 272 1
292 306 9
186 272 2
332 380 5
56 238 14
504 507 126
128 272 8
7 60 7
185 233 1
252 492 15
119 484 7
40 160 40
167 333 83
9 73 9
218 438 109
1 500 1
76 216 1
183 490 1
160 327 40
7 451 7
16 135 16
185 382 23
96 397 24
24 395 24
329 362 5
1 406 1
83 152 2
147 326 2
49 496 3
161 340 10
313 325 2
292 453 1
21 407 1
275 327 2
185 200 1
142 412 1
150 300 150
62 312 1
120 482 120
81 320 40
62 124 62
2 297 2
164 165 82
165 329 82
193 385 96
50 386 12
134 271 67
81 475 1
1 459 1
129 348 2
208 327 1
164 382 5
144 291 72
19 153 19
247 495 247
210 422 105
129 266 16
168 347 21
191 377 47
168 250 1
197 199 49
226 227 113
30 258 1
426 496 3
89 177 44
161 430 1
469 470 117
24 184 1
2 162 2
230 247 7
340 476 1
284 318 4
413 422 6
280 353 2
156 314 78
164 196 1
15 166 1
384 387 96
355 361 22
361 365 45
450 452 56
207 395 12
205 404 25
200 403 100
60 69 1
28 224 28
30 60 30
66 451 1
161 502 1
12 437 6
229 286 1
161 178 5
358 383 11
27 111 27
432 441 27
385 388 48
290 335 2
19 39 19
17 408 1
108 144 1
76 208 1
204 362 1
3 478 3
339 351 21
70 319 4
125 332 1
48 97 48
1 32 1
157 318 39
226 234 14
6 51 6
105 123 3
253 255 63
200 301 1
43 292 2
477 481 7
3 121 3
4 79 4
200 471 3
487 489 30
136 280 17
144 466 1
246 309 1
53 125 3
149 297 74
93 259 2
82 473 1
115 224 28
71 141 35
199 397 99
267 512 16
3 216 3
213 297 1
8 270 8
87 320 10
3 28 3
13 91 1
465 467 116
9 314 9
169 345 21
322 325 40
327 345 10
266 270 33
90 382 11
94 188 94
8 68 8
190 372 23
336 339 84
120 510 15
276 279 69
306 471 1
10 71 2
481 500 15
265 267 66
187 387 1
195 484 3
135 266 33
299 332 2
403 452 3
402 469 3
151 481 1
166 333 166
145 146 36
1 166 1
231 460 115
179 364 22
256 315 4
6 54 6
13 439 13
469 477 29
26 419 26
36 310 9
1 379 1
2 147 2
104 425 26
341 346 21
352 359 44
32 345 2
160 333 20
80 323 80
83 338 10
194 390 97
146 151 18
11 378 11
12 456 3
161 327 40
142 281 35
196 318 1
16 256 16
133 264 66
444 487 3
441 447 55
159 222 1
2 187 2
309 339 2
328 427 1
302 394 1
182 230 1
487 501 15
116 117 58
400 485 3
301 303 75
1 463 1
65 305 4
71 330 2
91 498 1
237 478 59
237 432 3
164 444 1
171 337 42
175 346 43
6 98 6
111 442 55
192 384 192
3 404 3
380 476 1
103 440 6
141 462 1
20 166 20
160 322 80
46 184 46
213 425 106
122 362 1
107 435 13
28 452 28
6 388 6
248 253 31
136 156 4
1 3 1
262 433 1
447 502 3
199 271 1
4 142 4
1 501 1
148 490 1
398 470 3
136 290 4
30 170 1
192 386 96
235 437 3
98 284 1
247 457 7
46 369 46
3 422 3
151 301 75
397 494 3
288 311 9
133 355 2
182 300 2
107 166 1
58 471 58
1 434 1
92 371 92
297 301 37
15 503 15
49 393 49
242 243 121
178 464 1
179 352 44
141 278 17
227 464 14
14 479 14
40 134 2
256 277 8
117 156 1
18 399 1
139 276 69
423 438 13
88 165 5
498 503 62
472 475 118
27 222 27
13 482 3
234 499 7
11 354 11
248 486 15
177 297 2
92 99 1
11 47 11
87 174 87
501 511 31
123 247 123
44 371 11
124 503 62
7 498 7
154 211 1
197 256 1
47 309 2
3 497 3
297 380 2
150 510 1
173 368 5
13 222 13
160 177 5
375 378 23
2 5 2
219 374 1
2 4 2
5 378 5
73 299 18
172 338 21
67 269 67
164 371 5
77 131 4
349 511 1
260 390 1
197 344 1
3 401 3
329 330 82
1 465 1
325 459 1
375 410 1
1 39 1
1 478 1
329 425 1
152 355 2
10 320 10
220 509 3
170 209 1
73 288 36
203 361 1
303 325 2
1 164 1
82 145 2
327 383 5
322 457 1
448 484 7
259 265 16
352 388 1
7 244 7
335 495 1
1 63 1
133 265 66
1 481 1
118 434 3
18 257 4
39 323 2
80 487 1
37 79 9
179 410 1
135 265 33
56 466 14
141 143 35
129 188 2
307 432 1
269 306 4
8 229 1
197 392 98
6 37 1
19 182 2
118 378 1
209 213 26
98 196 98
102 279 1
79 419 1
25 400 25
449 456 28
119 476 119
55 447 55
1 320 1
288 397 1
207 401 25
255 300 1
124 508 31
157 254 1
507 508 63
34 136 34
219 371 1
490 494 61
39 477 1
321 446 1
12 51 12
282 293 4
217 384 6
103 433 6
116 135 1
214 322 1
21 42 21
20 472 1
253 507 253
123 494 123
162 433 1
460 477 14
139 472 1
433 460 3
73 290 36
338 341 42
41 334 41
82 119 1
3 399 3
119 356 1
3 402 3
89 215 1
8 151 4
391 411 12
50 405 50
86 164 10
242 304 1
28 449 28
242 482 60
226 255 7
142 404 1
9 155 9
87 256 2
369 371 92
5 211 1
17 318 4
223 357 1
24 49 24
131 250 1
201 387 12
95 499 1
200 424 6
2 154 2
6 27 6
289 314 9
120 487 60
25 138 1
166 431 1
473 496 7
68 272 68
244 492 61
335 350 10
383 419 1
509 510 127
99 188 1
501 502 125
126 369 1
3 218 3
94 105 1
256 403 1
70 265 8
249 373 1
39 159 39
269 301 4
321 505 1
98 474 3
75 120 1
163 300 2
281 287 35
288 439 1
40 161 40
1 12 1
4 145 4
3 23 1
59 475 59
70 461 1
2 363 2
36 147 36
68 273 68
277 278 69
165 193 1
388 459 3
156 457 1
230 318 1
142 280 35
173 349 43
114 506 7
468 476 29
170 401 1
155 315 19
34 279 34
38 319 19
345 437 1
1 300 1
192 478 3
7 452 7
312 315 78
121 398 3
179 327 5
114 492 7
101 202 101
468 478 29
137 165 2
178 357 178
323 427 1
193 411 12
235 473 29
235 339 1
71 117 1
266 492 1
2 172 2
181 364 45
26 209 26
1 242 1
257 447 1
34 129 8
7 63 7
11 95 11
79 278 4
402 414 25
281 283 70
426 431 53
23 328 5
356 363 22
20 291 2
283 284 35
323 447 1
88 455 1
1 210 1
127 303 1
149 290 18
65 323 2
1 160 1
43 426 1
6 446 6
21 348 21
184 186 46
166 283 2
205 207 51
174 296 2
90 128 2
240 251 15
156 319 39
60 224 7
464 492 7
125 394 3
4 141 4
129 263 32
1 405 1
77 315 19
262 266 16
232 472 29
304 331 2
109 131 1
130 131 65
34 275 34
200 402 100
114 416 3
402 427 6
335 378 5
248 498 124
74 150 37
143 357 2
111 222 111
82 328 82
174 407 1
82 227 1
124 502 62
400 421 6
15 244 15
52 84 1
203 400 50
440 446 55
60 485 60
82 165 82
256 258 64
210 220 13
10 210 1
496 499 124
170 342 85
244 249 15
30 485 30
79 314 39
74 298 74
15 504 15
179 356 89
7 250 7
276 471 1
58 467 58
482 498 15
64 420 1
26 215 26
102 153 1
321 467 1
126 295 1
50 424 6
1 75 1
171 341 85
248 479 7
272 489 1
99 388 24
43 269 2
213 428 53
5 179 5
3 498 3
438 501 3
226 230 28
5 102 1
95 322 5
188 381 47
89 164 5
243 484 121
1 340 1
9 149 9
178 497 1
284 287 71
119 470 29
210 238 3
249 497 124
1 436 1
20 367 5
127 350 1
184 361 11
92 467 1
33 420 1
188 189 94
275 312 4
48 122 3
128 306 4
297 302 37
321 331 20
152 310 38
434 455 3
35 280 35
179 437 1
240 487 60
202 406 101
26 430 26
64 131 32
11 268 2
271 426 1
203 233 3
201 287 1
44 330 5
222 426 13
401 405 50
191 198 1
373 375 93
13 443 13
17 372 2
105 210 105
44 225 1
241 487 60
361 376 11
269 512 16
55 86 1
1 85 1
347 349 43
220 442 110
13 424 13
28 113 28
384 463 3
119 422 3
70 271 8
51 106 6
330 506 1
183 263 2
10 316 2
10 326 10
3 489 3
440 464 3
89 209 1
172 346 86
11 23 11
7 52 3
324 512 2
19 305 19
99 394 49
132 271 33
379 381 47
96 390 48
184 191 23
84 244 1
121 486 121
4 8 4
214 420 26
4 307 4
17 226 1
14 113 14
29 237 29
298 421 1
1 95 1
176 354 88
190 191 95
93 375 93
82 331 82
153 494 1
14 459 14
87 446 1
208 419 104
1 126 1
102 417 6
505 507 126
6 389 6
338 345 21
116 178 1
14 346 1
146 288 36
174 344 43
139 434 1
114 230 57
230 231 115
70 287 35
110 258 1
110 218 27
174 409 1
118 426 3
15 248 15
321 339 10
92 471 1
115 187 1
112 227 56
8 267 8
223 441 55
122 316 1
155 294 9
172 350 43
441 446 55
18 310 9
143 352 2
29 497 7
186 318 2
70 71 35
53 283 1
10 329 10
229 474 14
216 217 108
217 315 1
111 183 1
21 345 21
69 405 1
161 299 2
12 226 3
120 273 1
98 296 1
181 183 45
10 136 2
6 222 6
111 151 1
199 407 12
185 432 1
86 351 43
1 438 1
173 429 1
121 299 1
71 289 4
121 245 30
99 228 3
387 480 3
78 222 1
50 425 6
128 256 128
289 298 18
215 428 107
7 471 7
64 258 64
24 98 24
2 314 2
6 55 6
173 174 43
20 289 2
251 480 15
111 432 27
8 59 1
325 329 20
72 299 18
318 346 2
36 289 36
6 402 6
204 412 51
4 155 4
80 342 10
3 415 3
136 279 34
12 384 12
131 337 2
228 451 28
106 431 53
3 195 3
3 488 3
217 397 6
367 472 1
182 365 182
173 177 5
309 333 2
48 487 3
42 84 42
133 290 4
169 182 5
176 179 44
14 472 14
140 142 35
356 489 1
3 483 3
249 498 249
181 287 2
34 286 17
327 364 5
16 53 1
17 173 2
27 445 27
15 241 15
23 369 23
3 60 3
391 494 3
128 401 1
178 507 1
192 390 48
248 344 1
196 385 24
208 415 6
67 407 1
325 493 1
215 429 107
332 335 83
67 424 1
3 202 3
66 509 1
201 401 100
236 238 59
1 89 1
163 326 163
207 415 207
26 420 26
162 327 81
46 390 1
6 291 1
139 249 1
333 493 1
179 199 1
137 318 4
62 248 62
220 467 3
292 477 1
195 389 97
108 445 27
91 381 11
260 279 8
2 143 2
78 129 4
346 439 1
332 434 1
378 488 1
102 354 1
90 397 1
120 335 1
403 454 3
167 214 1
26 37 1
72 295 36
7 167 1
180 316 2
461 462 115
462 504 7
64 129 64
105 337 1
305 411 1
77 310 77
2 32 2
389 417 6
213 284 1
112 229 28
143 299 4
182 367 91
3 490 3
5 288 2
112 304 1
203 404 101
262 407 1
1 490 1
100 289 1
309 504 1
505 509 63
175 350 175
238 386 3
173 331 10
14 195 3
76 85 2
348 496 1
26 421 26
94 368 23
273 280 17
118 238 59
336 348 21
31 507 31
254 299 1
49 392 49
62 507 31
346 349 43
126 148 1
167 326 20
212 424 212
7 240 7
15 253 15
498 502 62
427 431 53
61 483 30
113 295 1
85 169 42
25 47 1
1 352 1
13 421 13
1 179 1
207 468 3
184 462 1
134 135 67
282 286 35
30 244 30
193 195 48
30 492 30
409 460 3
17 302 4
3 10 1
383 435 1
107 428 107
2 17 2
150 184 2
223 412 6
218 247 3
29 239 29
366 499 1
172 297 2
135 145 4
138 276 138
229 420 3
119 366 1
80 160 80
357 358 89
420 437 13
27 55 27
15 481 15
34 35 17
424 430 53
139 334 2
23 94 23
149 173 2
23 163 5
79 431 1
59 239 59
321 343 10
265 266 66
6 404 6
453 454 113
330 334 41
174 175 87
159 467 1
400 406 50
278 403 1
91 324 5
62 245 15
249 371 1
54 109 54
87 489 1
34 389 1
178 183 22
10 431 1
272 275 68
159 447 1
10 322 10
217 436 54
3 447 3
184 370 92
330 332 41
103 257 1
1 420 1
202 298 1
75 307 9
283 432 1
9 15 1
331 342 10
416 458 3
213 361 1
3 211 3
101 201 50
309 496 1
14 234 14
201 422 6
132 264 132
395 450 3
423 507 3
468 490 7
416 429 26
459 460 57
46 497 1
24 390 24
442 457 3
80 322 80
432 483 3
285 426 1
3 165 1
11 177 11
33 312 4
1 423 1
336 444 1
150 348 2
139 280 17
237 288 1
150 226 1
83 153 2
6 486 3
168 234 1
22 358 22
1 118 1
128 268 16
173 318 2
442 444 55
62 505 31
206 215 6
221 442 221
37 288 18
254 506 63
206 413 206
133 270 33
11 61 1
18 293 18
67 412 1
82 321 20
7 492 7
266 284 8
119 468 29
228 281 1
292 420 1
215 351 1
425 473 3
326 334 20
49 398 49
352 358 44
407 481 3
36 149 18
144 472 1
5 375 5
227 451 56
315 318 39
48 133 1
208 420 52
144 387 1
265 270 33
47 187 23
403 411 25
129 268 16
70 141 70
248 250 62
228 454 28
360 366 45
33 365 2
222 460 3
291 302 18
5 320 5
148 298 74
111 186 1
2 42 2
9 144 9
255 509 127
13 110 13
52 419 52
235 368 1
9 147 9
10 171 10
118 297 1
268 302 4
182 183 91
35 195 1
65 254 1
1 15 1
32 376 2
95 371 23
316 491 1
6 397 6
208 428 26
92 327 5
47 498 1
305 437 1
8 71 8
179 273 2
68 464 1
231 486 7
5 381 5
4 157 4
353 360 22
3 206 3
123 283 1
351 360 5
222 394 6
225 228 28
119 146 1
319 336 2
16 67 16
71 136 17
8 19 4
401 407 50
13 253 3
2 45 2
304 382 2
252 509 63
175 348 87
1 84 1
83 175 10
5 189 5
4 156 4
169 336 84
345 453 1
3 207 3
112 211 3
73 376 2
55 91 1
140 267 8
75 296 37
189 379 189
41 332 41
225 490 7
119 474 59
59 77 1
198 399 99
6 121 3
330 474 1
211 421 105
30 489 30
174 346 43
3 253 3
127 398 3
114 447 3
266 271 33
215 411 6
64 184 2
270 350 2
233 489 7
57 444 3
51 207 51
7 246 7
57 127 7
41 81 20
333 443 1
230 463 115
101 200 50
28 230 28
17 276 17
13 430 13
31 504 31
126 441 3
412 415 103
224 475 14
209 416 104
65 258 32
268 351 2
88 359 44
141 230 1
156 251 1
7 495 7
54 420 13
9 97 1
476 479 119
414 448 3
14 231 14
1 417 1
95 375 23
31 254 31
245 246 61
39 226 1
27 438 27
230 462 115
480 485 60
365 424 1
4 32 4
230 457 57
139 327 2
1 386 1
133 135 33
496 505 31
158 394 1
480 495 30
83 329 41
38 152 38
48 103 12
2 422 1
100 219 6
392 395 98
76 153 76
1 220 1
217 243 3
194 385 48
85 110 1
155 360 2
123 509 15
173 175 43
464 467 116
15 252 15
61 491 61
155 355 2
1 376 1
403 428 6
249 509 31
103 504 3
248 501 62
13 436 13
419 426 26
326 330 20
73 505 1
3 55 3
46 377 23
154 382 2
27 439 27
225 355 1
198 329 1
333 399 1
72 146 36
248 476 7
90 167 5
4 263 4
46 502 1
62 157 1
11 88 11
58 390 3
44 352 44
3 26 3
195 369 1
91 170 5
334 470 1
232 509 7
84 168 84
179 434 1
120 451 7
6 207 6
1 453 1
323 325 40
7 503 7
481 495 30
148 236 1
203 464 3
1 305 1
40 162 40
33 463 1
94 118 1
339 497 1
432 447 27
82 83 41
180 247 1
46 447 1
223 428 13
37 308 9
95 377 47
418 426 26
175 255 1
2 179 2
174 351 87
241 485 60
211 417 52
1 348 1
80 161 80
36 37 18
173 478 1
63 127 63
10 348 10
226 455 113
31 499 31
261 263 65
102 410 102
183 364 91
22 90 22
84 148 2
191 325 5
5 343 5
141 426 1
145 332 2
75 84 2
247 489 61
195 394 24
176 355 88
48 393 24
291 294 36
141 281 70
2 78 2
41 141 2
1 264 1
74 436 1
406 414 25
6 220 6
43 173 43
7 153 1
127 253 63
214 430 107
338 463 1
205 408 102
6 400 6
257 284 8
1 2 1
249 505 31
235 471 235
15 486 15
157 311 19
3 237 3
38 171 2
403 413 25
39 290 9
310 451 1
185 378 23
26 105 26
114 253 7
318 425 1
3 492 3
202 402 50
308 453 1
175 347 43
371 387 1
64 260 32
124 498 124
112 448 112
235 469 117
116 235 58
116 475 29
25 403 25
6 52 6
8 134 8
465 469 58
155 485 1
37 418 1
16 363 2
5 324 5
436 491 3
245 492 61
97 241 3
81 264 2
232 474 29
220 447 55
432 506 3
241 376 1
57 454 28
68 190 2
489 499 15
263 265 16
333 368 5
245 488 122
460 463 115
180 386 1
280 286 35
247 260 1
311 461 1
15 242 15
10 82 10
240 491 30
70 142 35
187 371 46
173 385 1
171 209 1
6 199 6
250 452 7
320 330 20
469 474 29
299 310 9
80 448 1
419 427 26
83 334 83
26 107 26
22 374 11
269 447 1
75 289 18
289 293 36
67 263 16
210 421 210
334 460 1
99 204 12
35 59 1
18 147 18
143 326 2
6 215 6
411 414 51
364 380 11
42 345 21
342 464 1
148 151 37
467 477 29
111 474 3
485 508 15
78 314 78
114 462 57
54 233 3
110 424 13
19 312 19
1 221 1
8 484 1
154 263 4
69 279 69
87 464 1
121 315 1
240 478 7
2 324 2
2 180 2
25 481 3
88 113 1
262 300 4
171 385 1
362 383 11
186 312 2
203 259 1
78 159 39
3 250 3
49 231 3
138 468 1
124 248 124
468 502 7
167 328 41
129 208 1
97 211 6
44 474 1
91 272 2
20 324 20
151 296 37
125 259 1
33 506 1
308 484 1
434 493 3
124 393 3
5 500 1
181 335 5
37 165 2
248 251 62
74 389 1
238 479 119
2 341 2
252 253 126
116 468 58
253 379 1
98 206 12
40 80 40
9 424 1
73 75 18
173 336 21
12 102 12
180 384 1
2 159 2
221 311 1
68 321 2
253 270 1
179 354 44
12 413 12
196 398 49
59 149 1
317 435 1
114 464 14
286 394 1
186 372 186
72 288 72
134 239 1
9 352 2
251 426 3
317 356 2
163 327 163
121 234 7
121 482 60
252 508 63
2 373 2
114 467 14
128 482 1
92 254 1
226 491 7
179 257 2
247 488 61
61 490 61
202 407 101
52 105 52
103 387 12
402 404 50
48 271 1
287 392 1
205 415 51
137 411 1
12 96 12
3 221 3
6 411 6
27 220 27
131 171 2
139 291 4
489 507 15
61 333 1
225 455 56
60 245 30
67 275 8
47 326 5
124 249 124
26 216 13
484 487 121
210 299 1
114 461 57
245 428 3
1 124 1
251 253 31
451 461 28
25 204 25
281 323 2
90 319 2
138 282 17
218 433 54
125 509 31
289 299 18
214 425 53
224 230 28
98 188 1
258 455 1
85 414 1
29 233 29
161 443 1
1 279 1
137 441 1
174 323 10
322 347 10
207 436 6
71 166 2
225 452 56
176 205 1
171 269 2
26 49 6
53 391 6
90 91 45
365 418 1
381 415 1
198 392 49
230 410 3
61 493 61
63 487 15
199 377 1
91 180 45
304 430 1
319 403 1
150 454 1
111 394 6
78 265 4
224 460 28
101 326 1
125 249 62
169 258 2
329 333 41
314 319 39
44 378 11
30 262 1
3 433 3
120 445 3
4 89 2
228 231 57
465 466 116
207 509 3
111 132 1
352 365 22
5 43 5
265 500 1
25 421 6
480 507 15
368 373 46
152 315 19
236 502 7
99 395 49
13 129 1
89 217 1
105 252 3
8 186 2
133 267 133
148 472 1
58 470 58
186 273 2
84 171 42
453 481 7
442 500 3
169 342 42
28 492 7
217 234 3
113 451 56
3 511 3
17 425 1
156 315 78
1 22 1
180 422 1
253 460 7
209 481 3
7 32 1
1 5 1
5 89 5
209 417 104
171 394 1
1 6 1
240 309 1
216 437 54
171 219 1
106 221 13
219 478 3
13 423 13
62 498 62
331 346 10
154 386 1
87 336 21
222 230 3
2 8 2
193 399 24
423 428 26
20 162 20
162 163 81
97 398 24
119 353 1
452 461 28
203 295 1
67 184 2
94 378 94
3 330 1
103 322 1
115 448 28
56 121 7
40 340 10
228 446 3
31 509 31
54 417 13
21 169 21
215 430 215
405 420 6
325 456 1
112 461 28
172 442 1
73 289 36
189 382 47
188 476 1
110 432 27
267 281 8
255 466 7
126 510 63
34 143 17
3 241 3
107 339 1
5 326 5
149 411 1
361 362 90
127 512 1
171 312 2
13 212 13
36 281 4
80 414 1
8 386 1
144 300 18
2 256 2
1 240 1
403 404 50
70 344 2
203 420 6
89 331 5
153 311 38
251 335 1
159 311 19
108 318 1
46 375 46
14 229 14
60 460 7
128 257 128
98 417 6
345 359 5
230 398 3
355 474 1
106 231 3
90 321 5
277 321 2
184 372 46
205 444 6
59 256 1
25 159 1
449 452 56
170 496 1
124 236 7
97 386 48
57 456 57
13 429 13
7 124 7
7 117 7
399 477 3
70 483 1
93 182 11
1 184 1
47 301 2
203 261 1
205 406 25
126 252 126
486 489 30
7 497 7
1 407 1
74 99 1
16 211 1
34 278 34
184 369 184
321 447 1
156 349 2
28 454 28
89 358 89
291 300 18
90 370 11
29 469 29
31 313 1
328 441 1
1 286 1
182 356 22
304 403 1
6 97 6
169 173 21
83 333 83
374 378 23
411 431 6
166 330 41
10 325 10
33 264 33
24 177 1
297 300 37
114 325 1
253 459 7
68 463 1
385 395 24
82 164 82
43 349 43
71 197 1
29 314 1
24 481 3
218 432 54
345 439 1
227 268 1
149 465 1
3 234 3
380 421 1
449 450 112
172 337 21
87 346 43
240 480 240
115 471 14
167 500 1
166 321 20
253 504 126
55 446 55
164 333 41
230 461 230
49 99 49
283 396 1
78 157 78
493 495 123
4 259 4
161 326 40
164 345 10
52 113 3
289 294 36
218 441 27
142 190 2
1 79 1
43 390 1
93 376 23
288 415 1
113 450 56
17 272 17
163 504 1
40 164 20
1 135 1
43 167 10
272 433 1
217 439 54
72 144 72
160 335 20
150 477 1
465 477 29
317 476 1
1 363 1
221 444 55
141 381 2
320 323 80
481 504 15
28 63 7
457 463 57
6 13 6
110 143 1
132 481 1
236 476 59
5 351 5
273 327 2
156 250 1
26 405 6
256 262 32
9 290 9
404 437 6
7 122 7
107 335 1
233 471 58
353 466 1
30 123 30
222 439 27
276 320 2
413 431 6
81 93 5
344 436 1
10 20 10
109 220 27
395 397 49
34 432 1
66 368 2
177 183 22
129 319 4
4 69 4
129 133 16
1 117 1
188 378 94
473 474 118
450 453 56
203 496 3
111 179 1
308 401 1
238 474 59
5 21 5
121 409 3
314 434 1
240 483 120
117 127 7
15 508 15
145 486 1
184 486 1
161 163 40
99 193 24
236 475 118
25 205 25
488 496 15
1 33 1
66 269 33
5 11 5
105 425 26
140 141 70
138 286 17
249 378 1
416 421 52
85 349 21
179 271 2
84 341 42
9 158 9
287 296 4
244 247 61
65 277 8
93 185 46
3 217 3
351 461 1
95 459 1
31 255 31
459 461 57
8 344 2
424 496 3
228 458 114
259 278 8
226 298 1
175 265 2
128 388 1
337 479 1
435 474 3
14 232 14
97 396 24
162 256 2
54 267 1
77 152 38
18 294 18
245 420 3
327 436 1
504 509 63
256 259 64
212 420 26
401 426 6
267 392 1
19 154 19
321 333 20
397 498 3
10 342 10
338 435 1
261 265 16
209 503 3
50 373 1
149 188 2
24 392 24
9 72 9
410 446 6
301 302 75
57 181 1
116 485 7
164 475 1
112 265 1
102 204 102
62 129 1
104 212 26
19 158 19
11 375 11
221 222 55
4 297 4
454 461 28
450 455 56
274 491 1
134 264 33
254 401 3
10 173 10
5 83 5
142 469 1
219 442 27
42 336 42
1 332 1
215 399 6
56 112 56
119 233 29
393 413 12
126 248 31
106 427 106
134 503 1
254 503 31
2 155 2
61 245 61
3 226 3
23 377 23
2 34 2
154 310 77
212 481 3
193 335 1
95 163 5
180 367 45
229 309 1
2 289 2
160 174 10
90 123 1
53 272 1
229 490 7
9 309 9
20 40 20
337 399 1
269 440 1
370 373 46
113 468 14
39 105 1
152 157 19
4 279 4
104 189 1
11 355 11
91 164 5
417 461 3
2 355 2
4 132 4
2 260 2
192 396 24
66 375 2
188 252 1
204 413 51
2 353 2
4 78 4
26 400 6
56 457 28
16 269 16
154 307 38
217 424 13
99 199 99
11 199 1
49 359 1
369 485 1
123 146 1
2 282 2
155 304 38
283 307 4
26 180 1
57 227 28
2 293 2
2 284 2
321 406 1
98 392 98
254 505 63
107 424 53
124 190 1
41 87 10
94 382 47
166 331 41
432 449 3
333 468 1
127 485 15
105 130 1
190 246 1
422 442 13
464 500 7
5 50 1
60 495 30
426 449 3
64 409 1
6 385 6
164 188 5
62 420 3
88 379 11
350 393 1
35 287 35
424 427 106
68 69 34
191 372 23
3 423 3
117 478 29
205 502 3
318 470 1
98 218 6
268 366 2
190 244 1
50 75 1
295 351 2
206 404 25
1 230 1
71 274 17
415 493 3
331 333 41
36 229 1
152 184 2
36 314 9
379 457 1
324 336 10
204 206 51
7 12 3
229 461 57
75 485 1
24 386 24
14 458 14
218 420 13
368 489 1
6 193 6
1 488 1
75 149 37
7 249 7
98 398 49
6 211 6
227 474 14
210 391 6
107 481 3
248 499 124
324 461 1
63 501 31
107 421 26
161 194 1
1 181 1
357 458 1
417 445 13
105 419 52
23 372 23
47 377 47
131 291 4
119 232 29
14 235 14
4 80 2
114 228 114
429 431 107
296 326 2
465 468 58
76 202 1
209 210 52
267 278 8
198 394 49
68 437 1
43 66 2
225 380 1
346 420 1
417 437 13
362 412 1
104 208 104
332 489 1
158 502 1
38 187 2
48 55 6
1 388 1
1 229 1
14 474 14
130 257 32
116 381 1
40 285 2
343 344 21
32 255 1
237 374 1
63 499 31
189 378 189
41 338 10
508 511 127
210 255 3
376 400 1
77 78 19
78 318 39
220 441 220
78 426 1
118 472 118
127 249 31
324 372 5
191 242 1
241 481 120
248 309 1
325 457 1
227 366 1
282 418 1
366 383 11
297 348 2
451 457 28
81 418 1
121 240 60
155 189 2
210 404 6
15 500 15
355 382 11
60 352 1
190 371 23
206 445 6
108 440 27
3 501 3
99 397 99
68 274 68
85 343 85
326 345 10
60 486 60
208 281 1
141 218 1
239 245 7
121 455 7
172 173 86
32 45 2
1 78 1
252 459 7
26 214 26
97 468 3
153 256 4
3 349 1
6 384 6
218 509 3
216 502 3
311 358 2
182 320 5
396 403 12
5 81 5
20 325 20
62 471 7
60 254 15
139 484 1
108 438 54
48 385 48
39 303 9
363 400 1
110 221 110
359 410 1
67 400 1
238 470 29
80 131 2
142 207 1
34 484 1
219 488 3
302 475 1
157 251 1
306 407 1
83 164 41
109 219 109
245 491 245
33 56 1
19 78 19
175 349 87
1 294 1
17 429 1
154 206 1
196 373 1
268 479 1
184 484 1
166 167 83
237 277 1
33 80 2
433 435 108
199 399 199
1 200 1
89 353 44
213 252 3
146 264 4
154 306 38
1 371 1
116 232 116
2 339 2
187 375 187
19 310 19
278 377 2
92 285 2
250 497 62
25 229 3
57 304 1
3 113 3
140 212 1
8 131 8
109 143 1
34 512 8
134 435 1
138 319 4
95 190 95
25 232 3
1 476 1
74 213 1
384 390 48
65 164 2
29 335 1
221 420 13
402 442 6
103 402 25
29 58 29
422 465 3
4 21 2
199 230 3
55 279 1
305 309 38
119 380 1
158 426 1
5 474 1
383 390 1
28 57 28
137 185 2
7 28 7
145 288 72
118 475 118
8 64 8
19 309 19
246 489 61
404 452 3
27 432 27
43 411 1
259 333 2
74 151 37
58 500 7
239 355 1
84 338 84
164 330 82
137 326 2
223 440 55
224 448 224
23 35 2
211 424 26
22 55 1
55 434 27
212 498 3
297 388 1
78 395 1
179 496 1
144 298 18
30 508 15
275 283 17
109 218 109
133 348 2
1 243 1
88 95 11
1 137 1
366 427 1
414 489 3
42 82 10
228 303 1
133 368 2
204 320 1
195 415 12
264 273 8
17 71 17
21 343 21
198 487 3
228 452 28
125 398 3
215 262 1
157 469 1
272 348 2
17 502 1
184 187 46
8 69 8
114 487 7
1 76 1
50 442 6
22 231 1
176 465 1
202 490 3
365 366 91
237 476 59
8 261 8
237 479 59
274 496 1
370 372 46
274 284 17
3 424 3
170 321 10
108 218 54
75 205 1
198 404 12
2 323 2
76 388 1
17 139 17
161 170 10
2 345 2
319 348 2
217 223 27
166 310 2
489 491 122
76 81 2
32 314 4
175 263 2
111 237 3
38 494 1
251 497 62
125 497 62
149 301 37
260 367 2
298 358 2
133 275 8
36 329 2
1 215 1
80 83 20
89 126 1
23 271 2
3 487 3
87 473 1
82 332 41
107 504 3
468 479 29
369 370 92
40 323 40
170 188 5
153 169 2
1 273 1
56 319 1
291 365 2
333 459 1
2 72 2
123 245 61
28 462 28
37 300 37
59 131 1
22 251 1
156 298 9
363 367 45
13 426 13
303 336 2
182 347 5
123 492 123
104 211 52
31 436 3
113 448 56
1 206 1
199 390 24
93 368 46
14 116 14
7 254 7
1 60 1
237 445 3
483 484 60
347 484 1
94 269 2
397 469 3
112 486 7
30 120 30
43 347 43
467 469 58
169 189 5
91 165 5
436 501 3
197 371 1
23 183 11
11 293 2
245 319 1
23 191 23
394 399 49
45 390 1
45 91 45
1 204 1
10 333 10
386 467 3
89 287 2
176 380 11
286 413 1
105 431 26
263 270 16
348 386 1
49 395 49
23 373 23
244 245 122
126 486 15
328 466 1
150 307 9
291 293 36
46 372 46
230 343 1
436 442 27
190 383 95
108 241 3
41 320 20
489 490 122
499 500 62
345 347 86
411 413 51
338 364 5
173 423 1
94 383 47
142 507 1
247 490 61
254 502 31
210 418 52
450 471 14
140 274 17
98 282 1
88 352 88
2 258 2
1 146 1
456 461 57
111 208 13
409 506 3
120 247 30
119 372 1
455 461 28
188 191 47
113 309 1
91 244 1
47 427 1
335 416 1
345 410 1
2 164 2
67 133 33
193 390 48
6 111 6
8 136 8
1 68 1
358 455 1
290 296 18
191 379 47
53 263 1
150 297 37
47 189 47
250 503 125
208 452 3
22 35 2
111 292 1
5 332 5
13 435 13
136 139 34
258 372 2
28 114 28
393 433 6
120 486 60
127 252 63
80 81 40
136 198 1
107 449 3
29 236 29
59 234 29
105 228 3
97 140 1
400 410 25
165 166 41
138 211 1
94 212 1
60 480 60
72 74 18
47 382 47
212 336 1
96 260 1
59 312 1
12 385 12
60 440 3
128 289 4
304 511 1
100 200 100
325 355 5
359 480 1
225 321 1
144 295 36
134 255 1
54 383 1
232 489 7
245 453 7
201 299 1
131 258 32
132 135 33
3 431 3
209 423 52
84 374 5
10 81 10
17 146 4
209 414 6
113 392 3
4 291 4
220 444 55
145 403 1
1 287 1
207 455 3
221 441 110
161 324 40
353 407 1
33 451 1
12 117 3
23 98 1
44 183 22
195 307 1
1 128 1
115 230 115
248 286 1
7 116 7
4 10 2
117 129 1
225 475 14
37 264 4
86 502 1
84 373 5
6 403 6
46 162 5
12 458 3
423 486 3
202 446 6
145 157 9
300 503 1
233 303 1
385 386 96
26 142 1
108 216 108
156 218 1
223 355 1
113 437 3
78 407 1
1 261 1
313 315 78
198 230 3
1 157 1
254 507 63
1 112 1
49 268 1
5 313 2
144 490 1
290 295 36
1 245 1
11 58 1
112 462 28
239 473 59
151 297 37
19 414 1
102 409 102
1 115 1
464 471 58
153 188 2
62 82 1
335 365 5
235 470 235
113 374 1
293 294 73
299 408 1
31 88 1
70 137 17
246 247 123
92 374 46
177 354 177
204 218 6
177 408 1
181 258 2
142 287 71
70 285 35
91 182 91
150 446 1
66 258 16
4 144 4
285 340 2
46 185 46
297 308 9
445 447 111
67 376 2
177 178 44
51 401 25
315 438 1
25 216 6
488 494 61
148 296 148
232 248 7
257 278 8
217 219 54
274 292 4
25 203 25
64 132 16
365 472 1
2 128 2
338 348 21
290 319 9
7 468 7
87 356 5
32 210 1
401 415 25
25 409 25
14 237 14
246 296 1
147 512 4
342 485 1
115 169 1
493 510 15
117 468 117
8 382 2
35 398 1
27 109 27
37 50 1
192 385 192
143 314 4
158 323 2
368 378 23
1 248 1
137 196 1
105 417 52
7 487 7
218 439 109
176 448 1
356 442 1
29 238 29
18 290 18
477 479 119
18 139 4
112 280 1
3 391 3
7 238 7
259 443 1
43 344 43
453 455 113
409 461 3
396 399 99
50 69 1
92 185 92
147 498 1
6 223 6
3 29 3
2 268 2
112 477 14
243 323 1
25 305 1
259 263 32
128 259 64
489 505 15
222 243 3
181 390 1
5 322 5
1 43 1
154 288 9
313 317 39
61 73 1
47 95 47
276 376 2
177 352 88
93 95 23
18 255 1
212 215 53
118 477 59
3 457 3
31 124 31
163 358 5
172 362 5
245 489 122
81 242 1
322 436 1
21 351 21
72 404 1
41 327 20
152 199 1
182 250 1
212 213 106
305 317 19
181 360 90
39 129 4
281 393 1
402 406 50
354 481 1
55 442 55
322 354 5
39 140 4
394 506 3
145 298 18
31 126 31
11 179 11
88 425 1
107 283 1
50 398 12
294 330 2
128 273 8
54 398 6
207 345 1
11 238 1
68 458 1
100 400 100
278 284 17
40 311 2
178 179 89
75 288 18
107 208 26
91 363 45
156 290 9
69 140 17
191 380 95
2 316 2
13 27 13
3 102 3
386 412 12
422 425 26
197 322 1
234 469 234
29 392 3
41 222 1
267 289 4
110 443 110
112 225 112
28 455 28
120 493 30
490 497 15
423 491 3
283 285 35
62 400 3
15 507 15
34 68 34
96 471 3
1 369 1
5 360 5
2 39 2
51 197 12
4 138 4
132 295 4
132 270 33
73 491 1
56 510 7
5 82 5
106 418 26
158 314 39
91 370 11
499 505 31
121 241 60
95 252 1
1 275 1
66 134 33
196 394 98
157 486 1
358 509 1
249 255 31
278 454 1
77 306 38
34 76 4
11 377 11
168 337 168
57 115 57
4 17 4
33 473 1
233 472 29
235 464 58
3 115 3
234 260 1
1 282 1
267 325 2
197 409 12
147 150 18
147 288 36
119 249 7
44 96 1
23 246 1
186 382 23
365 450 1
292 297 18
1 67 1
208 211 52
35 137 17
157 507 1
324 380 5
34 393 1
50 206 25
277 422 1
42 443 1
192 194 48
7 229 7
339 347 21
167 180 5
104 467 3
1 414 1
38 339 2
368 371 92
51 200 25
4 299 4
264 271 33
82 355 5
279 365 2
27 434 27
1 140 1
296 478 1
182 279 2
109 211 13
140 394 1
42 495 1
182 253 1
150 458 1
212 383 1
203 407 203
16 258 16
31 481 15
15 483 15
304 355 2
364 498 1
5 349 5
23 46 23
172 341 21
369 508 1
196 395 98
2 306 2
8 359 2
33 440 1
140 202 1
6 48 6
316 456 1
21 372 5
362 375 11
60 511 15
165 350 10
36 197 1
109 462 3
53 399 6
199 239 3
243 370 1
46 314 2
163 321 40
160 418 1
3 238 3
243 480 60
21 172 21
330 363 5
16 268 16
60 83 1
42 223 1
129 273 8
264 421 1
6 218 6
97 125 3
36 503 1
179 183 22
86 280 2
300 470 1
169 280 2
165 321 20
31 388 3
1 362 1
133 295 4
94 342 5
343 475 1
137 273 68
15 497 15
8 314 4
171 207 1
15 491 15
117 393 3
166 271 2
351 452 1
2 303 2
328 357 5
298 371 2
87 270 2
164 343 10
39 143 4
197 321 1
124 362 1
225 448 112
362 367 45
8 129 8
292 383 2
240 243 60
185 379 23
185 384 1
419 432 13
10 331 10
281 503 1
79 94 2
9 85 2
139 441 1
402 447 6
452 455 113
15 487 15
18 146 18
122 486 30
473 475 118
88 123 1
188 372 23
109 438 109
245 253 15
3 464 3
192 501 3
226 291 1
382 428 1
344 452 1
164 328 164
369 375 46
69 502 1
386 432 6
33 133 33
34 162 2
387 468 3
84 233 1
324 341 10
38 237 1
3 49 3
394 511 3
115 462 115
243 325 1
490 495 61
82 361 5
474 478 59
136 282 17
155 307 38
1 81 1
157 315 157
265 421 1
226 449 56
91 362 45
12 191 1
124 125 62
196 389 24
70 283 70
327 432 1
205 414 51
218 362 1
119 202 3
39 305 19
78 158 39
6 443 6
200 354 1
28 478 14
61 188 1
145 262 4
263 319 4
173 248 1
120 246 30
47 92 23
207 466 3
200 411 25
3 62 3
96 396 24
109 217 54
131 260 65
42 322 10
18 303 18
54 433 54
390 398 24
98 308 1
2 264 2
2 149 2
450 469 14
213 327 1
5 88 5
353 498 1
127 509 127
49 295 1
268 330 2
23 320 5
186 187 93
26 423 26
13 92 1
28 432 3
3 96 3
120 304 1
66 164 2
102 139 1
210 408 6
85 464 1
315 317 39
104 418 104
37 126 1
497 499 124
480 487 60
369 505 1
93 379 23
133 419 1
171 343 171
42 285 2
350 464 1
151 337 2
40 333 20
105 469 3
3 220 3
87 349 87
249 358 1
101 103 25
19 157 19
110 493 3
401 492 3
326 359 5
21 85 21
28 284 1
273 329 2
168 171 42
6 414 6
44 354 44
475 477 59
50 389 12
60 137 1
44 293 2
275 434 1
126 512 1
88 179 44
88 255 1
133 271 33
32 364 2
244 493 61
254 300 1
21 46 5
39 399 1
78 177 2
9 305 9
277 508 1
281 465 1
146 301 18
160 321 160
231 507 7
156 316 39
58 195 3
362 381 11
167 416 1
20 332 20
132 266 66
60 337 1
93 139 2
252 361 1
12 364 1
84 172 21
270 297 4
78 319 39
211 351 1
2 74 2
230 331 1
207 412 103
199 220 6
386 428 6
58 118 29
134 462 1
44 109 1
471 473 29
97 397 24
38 260 4
45 364 45
58 393 3
92 379 23
180 364 45
51 385 12
26 53 26
68 207 1
163 345 10
488 491 122
286 373 2
235 465 58
5 354 5
143 265 8
362 427 1
212 345 1
265 508 1
49 198 49
46 362 11
5 48 1
94 460 1
56 97 3
3 409 3
26 108 13
46 176 11
157 313 78
87 333 10
3 6 3
303 416 1
238 475 59
101 156 1
183 367 183
169 314 2
1 105 1
227 262 1
268 388 1
181 283 2
289 312 9
182 509 1
27 353 1
170 194 1
74 227 1
19 328 2
129 267 16
14 176 1
77 311 77
9 150 9
34 285 17
3 502 3
119 359 1
3 481 3
138 395 1
155 311 155
345 348 43
45 341 5
104 461 3
441 444 55
280 440 1
274 484 1
117 469 117
450 504 7
8 32 8
28 222 3
224 244 7
292 409 1
222 324 1
206 396 12
57 467 14
322 406 1
12 197 12
2 274 2
9 49 1
119 473 59
87 351 87
1 34 1
140 284 35
23 158 2
120 393 3
160 324 40
490 492 61
42 416 1
15 314 1
12 232 3
335 391 1
1 234 1
54 415 6
62 406 3
184 429 1
77 359 2
79 162 2
101 361 1
16 266 16
419 480 3
3 248 3
191 368 23
138 151 4
130 203 1
249 502 62
158 304 19
226 452 226
25 101 25
12 398 12
2 183 2
295 476 1
160 303 2
35 64 8
13 417 13
223 417 13
2 270 2
96 402 12
215 402 6
57 236 14
247 305 1
54 432 54
155 505 1
123 248 15
224 226 56
122 495 61
353 383 11
427 428 53
20 506 1
40 456 1
309 313 19
288 448 1
372 416 1
162 322 40
32 266 16
365 494 1
357 448 1
19 307 19
450 459 28
150 289 18
38 170 2
32 95 2
4 88 2
205 470 3
90 194 1
333 345 10
96 286 1
151 280 4
231 450 28
298 303 37
36 279 4
57 460 57
5 135 2
38 291 9
281 479 1
78 376 2
375 485 1
4 308 4
251 498 62
150 183 2
250 370 1
377 383 47
384 398 24
81 496 1
2 245 1
99 165 1
189 458 1
88 268 2
4 270 4
6 423 6
36 82 2
7 236 7
179 355 44
82 384 1
223 375 1
211 377 1
9 275 4
22 96 1
75 466 1
69 315 4
210 226 3
107 429 107
257 262 32
12 358 1
255 296 1
240 247 30
248 252 31
275 357 2
86 209 1
1 277 1
56 109 3
170 320 10
75 272 4
227 417 3
209 420 52
1 238 1
1 186 1
1 9 1
13 362 1
168 416 1
116 503 7
89 252 1
108 415 6
417 421 52
23 376 23
216 218 54
108 196 6
3 231 3
74 144 18
114 282 1
1 398 1
20 171 10
248 269 1
369 392 1
159 468 1
443 446 55
200 400 200
17 250 1
29 467 29
375 380 23
102 432 6
271 351 2
154 252 1
1 396 1
46 188 23
192 195 48
6 208 6
309 431 1
1 148 1
185 470 1
434 440 27
241 484 60
113 202 3
136 433 1
64 372 2
110 244 3
2 301 2
298 512 4
348 379 5
163 394 1
80 165 20
152 307 76
116 467 116
3 508 3
357 498 1
52 242 3
57 231 57
303 312 9
32 337 2
155 459 1
88 381 11
324 491 1
3 13 3
140 272 17
169 502 1
398 511 3
220 432 27
137 330 2
129 446 1
94 379 94
181 363 181
200 205 25
116 458 14
174 236 1
157 512 4
132 354 2
489 493 61
22 62 1
135 189 2
105 487 3
33 267 33
5 20 5
2 278 2
286 505 1
104 345 1
175 337 21
328 342 10
144 156 9
4 75 4
110 223 55
71 132 8
174 489 1
288 293 36
354 368 11
69 274 34
76 495 1
13 422 13
111 223 111
15 250 15
184 507 1
146 308 9
9 153 9
6 201 6
181 403 1
66 267 66
86 187 5
326 404 1
222 390 6
490 506 15
200 401 200
269 503 1
249 362 1
11 474 1
74 292 18
43 127 1
70 282 70
137 307 4
286 378 2
59 248 7
242 481 60
2 33 2
244 494 61
4 398 1
265 503 1
296 363 2
349 387 1
19 155 19
6 101 6
101 311 1
168 340 42
29 430 3
137 156 4
63 506 63
5 367 5
4 278 4
145 215 1
340 423 1
39 423 1
38 57 1
50 400 50
311 319 19
205 437 6
77 316 19
191 371 23
440 447 55
209 392 6
2 19 2
114 194 3
75 271 4
20 167 20
238 473 59
39 316 39
15 31 15
142 300 4
191 199 1
213 508 3
68 137 68
141 142 35
30 61 30
153 431 1
101 280 1
72 440 1
14 29 14
1 154 1
212 254 3
11 98 1
226 252 7
241 486 60
142 157 4
47 236 1
289 302 18
49 438 6
114 286 1
61 202 3
92 107 1
179 181 22
201 406 50
230 458 57
64 295 4
81 191 5
171 362 5
134 270 67
95 261 2
17 138 17
236 386 3
41 489 1
52 471 3
59 463 14
258 276 8
169 295 2
92 172 5
156 324 2
110 288 1
216 354 1
289 317 9
225 235 14
104 227 3
31 70 1
216 441 27
236 314 1
268 392 1
354 362 22
199 421 6
278 471 1
174 345 43
126 491 15
122 223 3
3 240 3
1 427 1
159 316 79
311 476 1
109 433 54
219 461 3
90 407 1
169 491 1
352 355 88
163 184 5
234 373 1
412 489 3
33 268 33
1 176 1
103 423 6
221 336 1
72 306 9
291 311 9
25 103 25
3 451 3
192 197 24
20 334 20
134 339 2
238 411 3
129 145 4
138 402 1
1 27 1
112 262 1
161 162 40
139 267 8
153 287 4
106 141 1
291 307 9
172 345 172
13 440 13
134 322 2
221 446 55
36 411 1
310 363 2
461 492 7
230 370 1
342 349 21
25 251 3
16 66 16
141 308 4
145 151 18
22 377 11
83 134 2
56 115 28
1 98 1
78 145 9
314 425 1
123 493 123
413 476 3
38 220 1
180 479 1
3 503 3
18 73 18
321 366 5
144 495 1
326 347 10
55 436 27
25 206 25
233 457 14
110 386 6
223 446 223
97 279 1
4 489 1
51 408 51
73 319 9
199 389 24
275 307 4
29 509 7
283 301 4
236 245 7
76 309 38
192 437 6
123 495 123
78 152 19
109 454 3
167 472 1
2 113 1
146 298 18
450 485 7
7 115 7
392 397 49
289 344 2
224 225 112
118 237 118
28 79 1
203 286 1
12 431 6
197 401 12
432 435 108
215 304 1
346 449 1
110 193 6
156 158 39
3 213 3
120 483 120
186 276 2
195 396 24
85 339 42
148 157 9
39 302 9
252 410 3
109 422 13
55 286 1
42 44 5
112 269 1
53 271 1
200 435 6
233 291 1
9 307 9
247 267 1
248 395 3
202 471 3
87 318 2
197 397 49
45 362 45
176 353 176
143 288 4
219 441 27
145 196 1
183 304 2
140 282 70
201 368 1
342 346 21
321 323 80
27 216 27
255 511 255
285 333 2
316 410 1
210 487 3
57 218 3
48 492 3
394 396 49
282 384 1
173 345 86
53 126 3
85 165 10
269 289 4
53 266 1
234 262 1
225 226 56
462 478 14
59 101 3
28 322 1
223 416 13
4 152 4
451 455 56
196 392 196
212 248 3
312 493 1
58 309 1
409 439 6
30 122 30
1 329 1
212 430 53
108 131 1
36 294 36
435 439 54
451 498 7
22 178 22
53 93 1
204 263 1
75 297 37
79 134 4
57 286 1
4 188 2
26 428 26
275 281 17
82 166 41
3 477 3
324 486 1
5 241 1
61 309 1
130 134 16
3 67 1
17 211 1
359 442 1
7 481 7
125 251 125
126 502 31
155 300 9
208 391 6
107 120 3
115 456 57
9 288 9
52 209 52
98 264 1
390 454 3
16 512 16
265 282 8
26 417 26
272 361 2
86 167 10
360 393 1
259 512 64
132 192 1
265 399 1
76 266 4
19 317 19
120 490 30
45 408 1
3 228 3
145 344 2
214 233 3
148 325 2
365 457 1
339 483 1
63 280 1
238 467 29
110 441 110
4 309 4
175 296 2
244 495 61
228 276 1
403 410 25
328 344 10
46 280 2
189 381 47
19 190 2
198 364 1
76 155 38
280 424 1
36 299 18
213 270 1
182 441 1
138 323 2
302 314 9
400 409 25
348 509 1
1 62 1
278 298 4
97 402 12
272 333 2
51 174 1
113 163 1
103 132 1
303 408 1
83 222 1
321 349 10
98 199 49
336 342 42
108 439 54
111 447 111
10 323 10
136 275 68
51 413 51
24 194 24
451 452 56
5 46 5
83 457 1
34 274 34
404 451 3
115 229 57
403 406 50
262 435 1
418 423 52
349 352 5
48 451 3
3 461 3
61 494 61
52 77 1
6 205 6
47 470 1
269 430 1
154 309 154
177 355 177
346 348 43
135 302 4
2 46 2
44 357 44
105 381 1
146 405 1
50 401 50
42 422 1
46 363 11
386 390 48
231 459 57
295 420 1
394 397 49
309 481 1
290 293 36
111 221 55
347 408 1
168 346 21
36 73 36
99 460 3
79 325 2
37 84 2
3 384 3
130 296 4
221 438 27
2 377 2
3 164 1
127 505 63
308 466 1
93 449 1
111 441 55
224 428 3
416 482 3
4 312 4
200 214 6
40 273 2
402 415 25
43 87 43
140 508 1
1 280 1
14 226 14
338 392 1
161 233 1
95 463 1
123 365 1
189 254 1
408 498 3
37 378 2
65 303 4
355 372 11
121 256 1
410 413 51
282 442 1
61 509 15
352 390 1
1 380 1
13 209 13
112 231 28
238 478 119
155 295 9
96 218 6
17 142 17
97 496 3
257 261 32
51 474 3
425 449 3
85 347 21
22 278 2
152 324 2
63 467 7
258 260 32
401 402 100
194 298 1
412 451 3
102 394 12
88 169 5
13 389 6
1 145 1
2 94 2
92 205 1
290 375 2
229 367 1
465 509 7
113 449 56
13 217 13
281 303 4
240 507 15
213 438 13
274 447 1
7 253 7
155 206 1
307 317 19
282 354 2
252 493 15
47 157 2
293 363 2
149 502 1
290 465 1
151 327 2
268 292 4
46 461 1
1 149 1
63 494 15
226 239 14
308 398 1
51 53 6
46 283 2
1 304 1
56 449 56
100 401 100
83 282 2
59 102 3
172 379 5
134 351 2
143 261 8
5 44 5
291 295 36
480 501 15
26 149 1
87 202 1
20 249 1
180 366 45
82 326 20
224 227 56
6 219 6
8 34 8
18 191 2
327 365 5
73 172 2
304 482 1
9 319 9
495 506 15
303 470 1
29 207 3
92 369 92
490 511 15
111 438 27
15 367 1
337 503 1
426 445 13
177 359 44
132 173 2
16 133 16
82 94 5
304 433 1
399 464 3
178 358 89
20 136 2
210 459 3
212 214 53
268 397 1
66 102 1
1 175 1
303 496 1
6 416 6
18 150 18
167 442 1
152 154 38
110 111 55
122 491 122
481 499 15
377 380 47
84 486 1
7 114 7
199 393 49
429 470 3
9 303 9
342 470 1
38 161 2
86 174 43
37 197 1
104 113 3
187 191 23
58 421 3
267 466 1
303 401 1
100 249 3
114 232 14
214 344 1
2 38 2
145 295 36
319 506 1
210 463 3
32 131 32
25 398 12
102 207 51
69 139 69
295 298 18
108 223 27
252 281 1
268 512 16
485 490 30
163 505 1
67 153 4
226 427 3
1 90 1
17 137 17
58 469 58
186 368 46
8 269 8
172 175 43
2 163 2
392 495 3
418 478 3
21 314 2
262 482 1
3 25 3
2 186 2
168 489 1
1 433 1
181 234 1
416 455 3
246 253 15
81 506 1
347 388 1
3 100 3
341 342 85
302 312 9
36 390 1
107 249 3
75 414 1
84 342 42
253 453 7
167 275 2
1 404 1
3 397 3
293 295 73
11 365 11
202 414 25
204 245 3
6 434 6
132 386 1
198 449 3
86 297 2
242 504 15
378 436 1
4 439 1
389 496 3
11 374 11
89 376 11
48 196 24
230 442 3
243 244 30
299 344 2
104 422 52
305 323 2
281 320 2
37 325 2
168 412 1
62 280 1
4 298 4
357 497 1
221 435 27
156 159 39
81 326 81
2 10 2
67 170 2
215 232 3
159 416 1
106 367 1
400 447 6
500 509 31
120 241 120
4 67 4
230 502 7
7 61 7
16 270 16
218 498 3
202 401 50
155 421 1
15 123 15
385 394 24
112 241 7
401 404 50
163 185 5
96 246 3
41 198 1
285 287 71
393 476 3
263 466 1
26 254 3
181 273 2
251 479 7
154 311 77
175 377 5
8 263 8
48 387 48
133 439 1
35 456 1
273 505 1
325 478 1
275 326 2
115 373 1
175 220 1
136 277 34
206 336 1
218 456 3
168 384 1
237 422 3
6 202 6
125 393 3
110 497 3
280 460 1
79 256 4
190 476 1
8 281 8
45 397 1
267 508 1
85 171 85
159 333 2
9 334 2
76 410 1
52 430 26
190 431 1
218 446 27
290 353 2
13 416 13
16 276 8
65 364 2
340 511 1
163 437 1
14 448 14
2 85 2
238 459 14
457 460 57
9 65 4
214 429 214
42 169 42
342 348 21
96 369 1
114 373 1
86 501 1
398 442 6
125 462 7
24 48 24
59 470 29
184 475 1
95 373 23
404 484 3
179 397 1
443 508 3
382 463 1
225 227 56
223 465 3
376 432 1
313 314 78
263 395 1
128 130 32
89 273 2
6 450 3
354 356 44
211 419 52
192 391 48
383 460 1
192 393 24
1 150 1
75 512 4
9 296 9
68 178 2
322 488 1
226 451 56
9 300 9
258 266 16
57 367 1
244 372 1
306 311 38
31 414 3
100 202 50
215 316 1
7 255 7
474 477 59
418 492 3
85 168 42
288 424 1
129 159 4
1 232 1
185 374 46
457 458 114
370 377 23
212 429 53
5 369 5
16 193 1
1 121 1
45 360 45
271 501 1
385 391 48
220 260 1
63 84 1
187 202 1
64 443 1
327 433 1
233 364 1
337 509 1
246 255 15
135 469 1
96 389 48
238 239 119
147 336 2
170 339 42
17 140 17
112 478 14
404 458 3
82 167 41
435 442 27
141 287 35
298 498 1
236 487 7
184 261 2
1 120 1
128 148 4
1 349 1
171 373 5
85 98 1
51 365 1
2 370 2
153 177 2
216 229 3
382 472 1
301 431 1
10 175 10
208 508 3
482 493 30
177 259 2
250 501 250
254 430 3
9 358 2
41 166 41
1 487 1
67 208 1
233 239 29
230 496 7
7 118 7
323 460 1
148 301 37
2 71 2
48 436 6
6 25 6
129 397 1
26 416 26
263 349 2
270 378 2
188 369 23
15 489 15
117 233 58
16 132 16
401 403 100
233 235 58
16 131 16
35 270 8
1 419 1
1 345 1
107 427 53
187 343 5
223 255 3
327 332 20
5 95 5
162 294 2
10 374 5
485 486 121
262 375 2
252 505 252
135 457 1
153 155 38
307 310 38
220 380 1
435 438 54
210 440 13
6 12 6
260 269 16
32 362 2
298 449 1
160 330 20
2 168 2
321 391 1
131 423 1
244 499 15
9 295 9
95 189 47
60 428 3
125 503 125
378 479 1
13 438 13
1 14 1
2 281 2
213 395 6
99 205 12
182 304 2
68 140 17
193 253 3
153 228 1
145 290 145
249 499 249
178 345 5
177 296 2
160 377 5
181 341 5
26 492 3
115 458 57
122 490 122
8 260 8
86 338 21
313 319 39
95 379 47
48 190 1
141 427 1
336 343 42
153 255 1
301 315 9
57 59 14
13 55 13
68 142 17
423 479 3
160 161 80
44 353 44
37 289 18
214 264 1
9 75 9
360 381 11
183 434 1
119 308 1
151 347 2
4 280 4
271 475 1
78 147 9
191 369 23
138 139 69
55 432 27
383 495 1
412 453 3
355 357 44
161 316 2
33 53 1
272 321 2
19 237 1
231 462 231
1 370 1
8 262 8
62 337 1
289 432 1
4 9 4
275 315 4
251 252 31
112 455 56
5 359 5
120 264 1
45 98 1
149 307 9
227 239 14
243 508 15
417 424 26
2 23 2
331 401 1
2 361 2
8 463 1
264 401 1
10 321 10
27 61 3
154 214 1
33 256 16
314 318 39
5 90 5
98 409 12
448 463 28
2 375 2
79 196 1
182 361 45
6 119 3
275 356 2
318 488 1
1 23 1
1 123 1
37 146 18
130 155 4
51 330 1
87 447 1
139 339 2
25 241 3
34 448 1
6 401 6
86 365 5
77 296 9
163 175 10
16 259 16
299 301 37
198 381 1
53 74 1
170 351 21
88 254 1
11 115 1
264 269 33
222 223 111
273 294 4
58 426 3
128 347 2
196 386 24
30 306 1
140 460 1
95 511 1
184 373 46
171 348 21
205 412 51
214 431 107
210 430 26
141 366 2
150 352 2
132 263 16
266 281 8
201 482 3
141 470 1
1 16 1
1 397 1
1 485 1
83 239 1
242 486 121
12 204 12
388 443 6
98 390 24
262 350 2
170 345 21
49 126 3
91 226 1
215 481 3
203 478 3
2 309 2
192 328 1
331 454 1
200 422 6
100 402 100
324 433 1
107 297 1
125 464 7
34 69 34
34 137 34
334 473 1
165 171 10
152 320 2
221 429 13
138 275 34
308 316 19
238 353 1
158 413 1
21 338 21
62 251 62
2 300 2
26 434 13
69 143 17
64 139 8
137 256 8
24 385 24
1 246 1
19 482 1
233 329 1
260 384 1
1 46 1
170 234 1
118 479 59
5 333 5
370 447 1
268 315 4
231 470 14
398 463 3
38 305 38
102 408 102
306 310 38
146 147 73
67 268 67
24 37 1
50 100 50
88 338 5
341 460 1
88 356 44
34 203 1
204 409 204
249 449 7
1 470 1
1 422 1
1 426 1
32 254 1
5 178 5
318 340 2
509 511 127
273 274 68
55 372 1
10 162 10
230 235 14
272 294 4
117 204 3
203 396 12
177 398 1
52 434 13
19 79 19
100 140 1
104 453 3
289 428 1
58 170 1
41 298 2
24 99 24
230 280 1
279 330 2
115 132 1
124 171 1
131 261 65
22 353 22
7 491 7
3 435 3
248 419 3
64 130 32
144 199 1
418 445 13
55 77 1
118 478 59
82 128 2
264 323 2
4 153 4
3 476 3
247 486 30
141 280 70
237 262 1
117 385 3
132 423 1
112 451 112
57 230 57
194 301 1
20 379 5
134 506 1
37 166 2
288 291 72
36 287 4
212 240 3
353 356 44
100 450 3
232 470 58
65 131 65
134 260 16
13 153 1
160 189 5
129 205 1
64 263 32
65 282 8
75 78 9
11 356 11
184 216 1
157 317 39
33 135 33
50 215 6
140 276 17
4 74 4
273 410 1
223 354 1
425 434 13
5 453 1
140 153 4
15 488 15
66 96 1
204 414 51
195 390 195
163 245 1
164 228 1
337 346 21
198 391 24
232 393 3
242 490 30
142 226 1
474 479 59
501 504 31
97 456 3
187 368 46
2 90 2
137 436 1
95 360 11
20 164 20
280 376 2
102 206 51
202 316 1
17 70 17
145 397 1
184 375 46
128 134 16
149 449 1
15 240 15
262 303 4
2 383 2
136 449 1
1 29 1
271 355 2
7 464 7
67 280 8
213 431 53
385 509 3
302 364 2
129 200 1
344 456 1
87 143 2
23 380 23
125 504 31
51 56 3
364 418 1
112 456 28
166 433 1
116 479 29
115 459 57
144 150 18
18 148 18
3 31 3
241 495 30
304 309 38
61 197 3
111 443 55
58 465 58
24 387 24
145 300 18
22 272 2
18 220 1
206 451 3
128 266 16
14 233 14
213 429 53
301 415 1
28 468 14
80 396 1
161 342 10
135 477 1
95 119 1
129 132 16
259 483 1
238 289 1
134 425 1
1 394 1
215 424 53
36 409 1
187 286 2
274 348 2
246 340 1
33 366 2
123 447 3
249 308 1
147 168 2
443 451 3
405 497 3
252 497 31
7 453 7
10 330 10
22 222 1
241 450 7
419 441 13
186 189 23
216 328 1
132 229 1
320 422 1
333 449 1
253 351 1
163 320 40
7 221 3
35 225 1
112 141 1
60 484 60
14 457 14
3 230 3
389 493 3
112 454 56
117 466 58
277 319 4
147 212 1
211 428 26
3 223 3
272 408 1
269 423 1
45 367 45
299 390 1
207 410 51
29 118 29
210 212 26
253 378 1
1 413 1
175 426 1
31 508 31
305 314 19
4 30 1
10 327 10
347 459 1
154 294 9
228 229 114
452 502 7
170 370 5
1 415 1
261 425 1
236 479 59
1 155 1
37 273 4
1 258 1
250 510 31
6 315 1
90 121 1
496 507 31
327 328 20
318 495 1
28 448 28
232 408 3
29 114 14
85 157 2
52 210 52
115 445 3
7 15 7
212 427 106
139 470 1
145 296 18
36 509 1
51 480 3
82 173 10
329 505 1
129 435 1
126 424 3
6 200 6
7 304 1
229 373 1
7 480 7
3 116 3
52 138 1
172 488 1
111 112 3
369 379 23
247 249 15
1 25 1
100 403 100
107 221 13
174 350 87
347 476 1
154 158 19
101 170 1
50 376 1
156 213 1
100 436 6
5 346 5
208 416 208
241 490 30
73 409 1
370 496 1
52 140 1
286 333 2
142 277 17
273 512 8
11 333 5
113 224 56
243 415 3
16 162 2
137 272 68
187 448 1
139 273 34
30 460 7
465 478 29
72 294 36
274 279 34
85 336 42
163 206 1
33 452 1
61 232 7
6 387 6
132 268 33
105 427 26
123 288 1
93 128 2
1 324 1
181 451 1
179 361 22
53 301 1
39 490 1
127 267 1
117 171 1
64 283 8
130 263 65
85 232 1
215 426 53
314 398 1
466 468 58
142 143 71
217 256 1
64 78 4
308 432 1
113 239 14
113 452 113
42 164 10
299 303 37
3 408 3
16 260 16
73 101 1
348 467 1
8 107 1
378 477 1
19 374 2
307 457 1
63 511 63
146 325 2
340 351 21
253 353 1
218 394 6
182 421 1
383 422 1
378 383 47
124 506 31
103 448 3
502 507 31
23 92 23
58 116 58
168 364 5
119 477 119
1 42 1
199 314 1
228 234 14
1 483 1
153 309 38
444 477 3
2 321 2
35 71 35
61 247 61
155 314 19
274 289 4
86 170 21
234 506 7
457 475 14
475 476 59
10 334 10
95 194 1
241 300 1
192 412 12
64 334 2
42 222 1
231 244 7
27 457 3
65 270 16
80 163 40
76 294 9
3 242 3
1 205 1
98 183 1
324 476 1
70 143 35
22 363 22
228 449 28
45 47 11
13 63 3
1 20 1
6 136 1
174 250 1
194 451 3
377 378 94
7 450 7
237 464 29
240 423 3
138 296 4
240 373 1
233 480 7
103 266 1
36 159 9
41 67 2
161 335 20
434 438 54
79 153 19
109 455 3
28 463 28
214 505 3
159 236 1
258 263 32
73 291 36
167 175 10
235 462 14
78 258 4
10 351 10
40 472 1
51 446 6
125 408 3
53 72 1
2 47 2
68 240 1
100 201 100
72 281 4
155 201 1
156 308 19
261 370 2
253 508 63
193 388 48
115 289 1
257 259 64
97 194 97
23 359 11
100 353 1
60 338 1
201 403 201
371 491 1
263 269 16
109 121 3
321 412 1
3 441 3
234 301 1
109 370 1
12 100 12
162 233 1
121 284 1
210 401 6
19 213 1
9 96 1
386 388 48
1 263 1
60 464 7
1 312 1
73 171 2
238 472 59
372 412 1
3 448 3
73 115 1
200 495 3
4 37 4
1 94 1
134 467 1
257 318 4
49 402 12
3 393 3
1 391 1
164 445 1
3 496 3
93 373 93
392 508 3
5 250 1
14 465 14
47 190 47
2 304 2
41 330 41
181 476 1
358 360 22
112 203 3
378 386 1
207 496 3
11 221 1
137 308 4
1 54 1
54 113 3
427 434 13
62 501 62
366 434 1
29 159 1
1 403 1
1 454 1
10 346 10
125 496 62
1 317 1
2 207 1
67 509 1
23 57 1
83 461 1
244 289 1
54 219 54
63 507 63
129 258 129
165 326 20
119 209 3
180 303 2
356 375 11
2 139 2
13 450 3
218 242 3
222 303 1
156 478 1
23 186 23
319 324 2
100 424 6
46 49 1
277 384 1
248 504 31
106 188 1
157 279 4
18 253 1
1 52 1
212 387 6
191 381 95
41 406 1
86 457 1
162 346 10
426 428 53
108 217 108
37 75 37
69 200 1
26 106 26
175 352 5
274 375 2
126 386 3
178 192 1
170 215 1
117 465 58
128 244 1
112 432 3
94 475 1
224 454 56
53 421 26
196 399 49
201 318 1
318 401 1
1 214 1
91 171 5
24 467 3
221 223 55
12 50 12
278 475 1
168 238 1
268 321 2
95 395 1
72 291 72
177 338 5
53 213 53
134 319 4
374 433 1
31 498 31
33 270 33
446 487 3
315 316 39
398 411 12
33 140 8
150 153 9
202 455 3
209 421 52
93 493 1
14 460 14
123 393 3
117 313 1
253 377 1
202 435 6
85 160 10
269 481 1
138 272 34
419 506 3
62 366 1
2 184 2
149 298 149
2 131 2
6 424 6
79 315 39
52 78 1
99 274 1
244 509 15
7 459 7
151 362 2
94 182 11
271 498 1
88 457 1
105 170 1
4 154 4
156 338 2
178 354 44
100 138 1
98 393 98
3 254 3
244 484 30
1 11 1
393 399 49
181 361 90
81 161 40
83 351 10
118 474 118
481 486 60
11 91 11
1 474 1
401 427 6
199 409 12
120 215 3
22 356 22
59 435 3
261 374 2
357 367 22
224 370 1
87 396 1
71 125 1
183 298 2
110 195 6
30 241 30
255 491 15
23 374 23
1 18 1
413 483 3
39 158 39
231 310 1
88 380 11
397 416 6
2 295 2
225 288 1
222 468 3
22 180 22
13 106 13
26 166 1
10 40 10
119 384 3
2 37 2
116 288 1
206 249 3
208 423 52
221 409 6
239 468 29
274 276 34
229 375 1
356 366 22
306 506 1
8 338 2
363 495 1
43 357 5
351 474 1
99 446 6
105 423 105
72 147 36
2 89 2
78 396 1
116 476 29
170 465 1
68 346 2
128 262 32
353 372 11
64 294 4
48 94 1
26 183 1
232 339 1
265 300 4
108 437 54
93 130 2
85 365 5
344 406 1
336 341 42
229 245 7
223 247 3
153 370 2
30 342 1
180 444 1
3 458 3
250 460 7
6 439 6
172 199 1
1 159 1
459 463 57
7 483 7
121 483 60
195 239 3
162 358 5
103 199 12
73 295 73
146 372 2
208 306 1
217 218 54
90 511 1
16 129 16
12 407 12
141 453 1
175 436 1
11 225 1
329 450 1
68 279 34
35 479 1
127 166 1
175 192 1
82 330 82
52 147 1
36 139 4
242 489 30
202 405 202
201 207 25
417 418 104
420 480 3
305 431 1
229 460 57
39 266 4
185 272 2
15 60 15
233 368 1
60 241 60
373 484 1
336 358 5
403 495 3
89 198 1
78 114 1
108 325 1
164 470 1
87 347 43
116 236 29
71 314 4
147 270 4
113 212 3
7 462 7
216 432 216
292 295 73
19 139 4
195 402 12
219 245 3
92 168 5
241 329 1
19 505 1
125 491 15
314 430 1
106 386 6
426 429 53
130 509 1
152 304 152
314 411 1
100 101 50
371 376 23
285 470 1
78 495 1
149 422 1
171 324 10
328 335 41
178 355 44
13 88 1
19 311 19
39 244 1
4 72 4
35 469 1
314 416 1
157 412 1
77 146 9
183 282 2
13 213 13
176 429 1
24 102 12
261 408 1
58 311 1
150 214 1
237 244 7
75 295 18
225 316 1
134 285 8
130 512 32
118 473 118
363 365 45
81 446 1
226 383 1
54 345 1
361 443 1
50 132 1
267 292 4
1 319 1
473 477 59
201 402 201
137 277 34
8 402 1
22 352 22
82 441 1
111 293 1
177 308 2
79 319 79
106 426 106
443 474 3
151 302 151
348 431 1
102 504 3
266 500 1
110 502 3
155 219 1
7 112 7
213 445 13
20 47 5
112 453 56
3 103 3
418 425 26
7 338 1
226 347 1
245 316 1
65 263 65
9 74 9
110 445 55
183 361 45
1 97 1
1 383 1
96 199 24
10 42 10
211 213 26
50 408 25
155 306 38
100 205 25
218 460 3
50 110 6
217 409 6
226 290 1
24 401 12
237 239 59
7 16 1
133 134 33
13 442 13
30 330 1
51 206 51
1 132 1
237 506 7
174 456 1
304 379 2
28 207 3
262 267 16
29 222 3
210 274 1
59 474 59
197 405 12
390 509 3
222 423 13
22 359 22
11 482 1
270 313 4
20 88 5
95 218 1
1 292 1
152 500 1
78 317 39
294 512 4
482 487 60
21 174 21
83 456 1
145 235 1
497 500 62
109 469 3
397 413 12
6 106 6
105 433 13
283 286 35
114 287 1
118 428 3
59 477 59
443 482 3
15 291 1
1 130 1
18 298 18
232 398 3
55 165 1
251 499 62
180 409 1
56 467 14
39 319 39
144 423 1
295 302 18
339 404 1
420 427 26
261 287 8
98 395 98
234 398 3
62 500 62
37 412 1
1 208 1
153 459 1
36 290 36
178 298 2
272 318 4
100 306 1
81 321 40
174 292 2
183 366 183
482 484 60
282 369 2
374 380 23
138 467 1
3 245 3
258 268 16
12 399 12
1 207 1
362 483 1
409 414 51
167 423 1
3 111 3
162 458 1
15 245 15
1 326 1
309 314 19
373 390 1
193 228 3
426 430 53
2 18 2
417 422 52
295 454 1
62 250 62
12 405 12
2 334 2
124 220 3
448 454 56
10 338 10
87 495 1
193 365 1
94 280 2
105 296 1
80 316 2
250 489 15
62 467 7
119 307 1
178 352 44
39 230 1
287 303 4
82 283 2
261 429 1
325 366 5
68 282 17
293 409 1
26 431 26
291 296 18
80 353 5
496 502 62
164 374 5
428 434 13
27 490 3
181 292 2
194 435 6
16 305 4
121 293 1
13 446 13
19 304 19
69 288 4
186 371 46
133 165 2
46 315 2
216 413 6
24 103 12
160 487 1
1 401 1
197 410 12
319 495 1
94 189 94
2 358 2
305 408 1
1 315 1
453 498 7
86 346 86
45 183 45
43 248 1
386 389 48
36 324 2
22 373 11
218 415 6
57 229 57
210 214 26
5 242 1
22 77 2
1 337 1
89 155 2
358 500 1
93 187 93
42 300 2
400 432 6
89 186 11
41 333 41
147 289 36
15 263 1
185 503 1
255 501 31
243 495 30
398 481 3
1 190 1
96 113 3
67 132 33
346 358 5
58 281 1
110 495 3
43 46 5
343 505 1
321 326 40
245 290 1
107 502 3
433 458 3
168 183 5
144 302 18
274 508 1
251 505 31
85 147 2
103 458 3
314 320 2
1 239 1
263 401 1
191 374 23
27 112 3
55 444 55
314 512 4
370 375 46
400 480 3
301 409 1
1 201 1
229 501 7
27 504 3
2 145 2
99 195 24
99 162 1
6 100 6
1 442 1
63 510 63
25 330 1
358 385 1
182 357 22
154 303 9
317 446 1
464 469 58
281 368 2
102 425 6
207 384 12
142 199 1
171 367 5
27 188 1
390 430 6
32 152 4
302 442 1
333 478 1
114 313 1
109 293 1
183 208 1
1 133 1
5 366 5
71 385 1
6 214 6
123 380 1
220 272 1
180 300 2
296 360 2
350 415 1
107 123 3
232 263 1
329 380 5
34 340 2
386 500 3
3 193 3
62 207 3
15 217 3
9 201 1
33 195 1
205 409 102
203 332 1
181 397 1
167 463 1
53 424 53
1 99 1
2 292 2
161 333 20
88 180 22
172 428 1
402 437 6
166 328 41
178 365 22
501 510 31
64 425 1
139 235 1
48 193 48
13 223 13
311 399 1
273 388 1
215 407 6
416 435 13
327 393 1
141 268 8
242 323 1
156 191 2
310 317 19
467 500 7
217 460 3
483 485 60
298 309 9
7 485 7
403 419 6
156 395 1
416 480 3
265 402 1
45 103 1
31 486 15
12 333 1
245 493 61
207 273 1
28 457 28
199 395 49
79 204 1
123 384 3
104 419 104
146 293 146
264 504 1
65 176 2
92 191 23
101 442 6
12 103 12
47 254 1
368 382 23
3 210 3
453 497 7
6 102 6
56 401 3
27 436 27
48 383 1
3 119 3
64 266 16
2 142 2
2 259 2
249 250 62
51 406 25
129 261 32
377 382 47
11 45 11
361 400 1
106 213 106
210 420 210
69 373 2
162 447 1
249 480 15
123 174 1
122 241 30
155 248 1
2 167 2
241 315 1
237 475 237
73 157 9
83 398 1
8 55 1
144 342 2
13 407 6
13 70 1
11 187 11
193 453 3
95 288 2
210 300 1
64 68 8
45 247 1
1 308 1
379 383 47
98 200 12
93 508 1
352 357 44
107 184 1
347 368 5
181 373 11
53 425 53
116 483 7
308 391 1
193 198 24
262 398 1
121 428 3
307 370 2
255 510 255
21 161 10
205 407 25
111 320 1
69 383 2
391 482 3
193 429 6
1 64 1
342 452 1
250 506 31
174 411 1
2 357 2
236 251 7
294 421 1
271 280 8
132 206 1
200 289 1
38 115 1
151 349 2
192 408 12
9 316 9
20 333 20
139 254 1
56 451 56
58 138 1
141 286 35
13 22 1
449 461 28
249 303 1
189 296 2
78 316 39
77 395 1
422 445 13
236 473 236
316 511 1
7 237 7
163 361 5
26 84 1
86 433 1
60 382 1
130 256 32
1 224 1
227 231 28
50 263 1
71 276 17
121 242 121
339 363 5
40 362 5
144 478 1
265 307 4
22 57 1
323 372 5
1 443 1
34 138 34
169 381 5
425 429 53
47 297 2
13 425 13
25 413 25
184 477 1
247 464 7
43 172 43
5 150 2
368 452 1
232 234 58
151 165 2
1 457 1
85 447 1
41 409 1
143 488 1
1 313 1
367 374 11
33 325 2
26 210 26
162 229 1
123 374 1
1 199 1
197 384 24
50 202 50
59 391 3
130 299 4
91 366 91
12 48 12
199 247 3
131 156 4
105 188 1
276 415 1
66 268 33
291 301 18
4 267 4
145 457 1
444 468 3
69 423 1
470 476 29
63 204 3
64 391 1
140 438 1
14 355 1
25 384 12
386 399 24
298 393 1
453 480 7
216 448 3
227 283 1
227 449 56
135 460 1
16 154 4
333 347 10
254 486 15
175 351 175
466 470 58
191 237 1
215 419 26
388 458 3
53 460 3
60 152 1
442 447 55
176 190 11
155 354 2
84 98 1
468 473 29
1 158 1
66 263 16
80 126 1
60 243 60
1 323 1
71 447 1
261 358 2
185 327 5
171 339 42
256 263 32
387 390 48
151 183 2
209 312 1
195 500 3
115 388 3
48 442 6
15 164 1
237 504 7
205 401 25
7 57 7
81 329 20
243 265 1
109 452 3
352 367 22
64 256 64
5 169 5
369 401 1
250 253 31
2 21 2
77 388 1
159 240 1
53 451 3
56 66 1
12 388 12
71 346 2
193 401 12
50 102 25
106 374 1
97 415 12
174 348 174
259 267 16
182 399 1
7 230 7
257 260 32
15 482 15
122 492 61
246 488 61
92 340 5
429 443 13
109 435 54
230 451 28
59 238 59
70 284 35
2 257 2
75 298 37
75 148 37
189 375 23
176 178 44
134 294 4
416 449 3
1 503 1
266 426 1
334 356 5
11 183 11
444 452 3
102 369 1
196 391 24
71 222 1
36 312 9
317 439 1
3 166 1
221 412 6
154 321 2
23 95 23
320 462 1
169 330 10
243 328 1
125 372 1
455 458 28
462 471 14
129 262 32
139 401 1
355 359 44
193 507 3
235 238 29
185 227 1
127 394 3
47 368 23
395 432 6
73 489 1
216 287 1
188 368 23
11 20 5
201 405 50
145 261 4
145 294 36
204 415 51
2 84 2
331 386 1
90 359 22
482 490 30
3 12 3
21 43 21
172 481 1
82 329 82
420 447 13
14 112 14
208 310 1
95 274 2
2 69 2
84 340 42
12 272 1
424 459 3
215 460 3
4 369 2
115 257 1
11 189 11
7 461 7
376 383 47
108 165 1
15 124 15
121 435 3
145 334 2
170 452 1
83 331 41
121 331 1
222 319 1
63 121 15
35 221 1
201 282 1
332 447 1
65 512 32
263 451 1
271 345 2
2 36 2
81 263 2
122 358 1
79 156 39
410 467 3
423 430 26
148 380 2
329 332 41
208 344 1
193 471 3
55 454 3
238 304 1
74 155 9
68 369 2
223 409 6
23 337 5
99 484 3
129 150 4
172 237 1
129 257 64
169 369 5
7 247 7
72 237 1
2 369 2
188 355 11
453 459 28
20 82 20
233 473 29
1 495 1
7 31 7
139 432 1
90 360 90
16 428 1
4 261 4
65 129 32
269 309 4
77 304 38
15 408 3
240 258 1
257 269 16
289 304 9
231 307 1
12 200 12
284 455 1
12 24 12
41 461 1
184 343 5
155 264 4
220 436 27
97 384 48
137 164 2
150 400 1
154 440 1
1 355 1
197 402 12
87 210 1
448 505 7
138 221 1
61 399 3
119 508 7
3 472 3
1 479 1
6 195 6
210 338 1
25 50 25
78 79 39
250 336 1
110 440 110
117 485 7
208 215 26
322 400 1
20 322 20
195 512 1
42 411 1
5 165 5
64 337 2
52 416 52
114 175 1
72 353 2
258 378 2
54 151 1
59 237 59
176 367 22
112 155 1
57 362 1
98 99 49
280 285 35
17 448 1
1 425 1
53 79 1
198 437 6
322 327 40
6 442 6
128 153 4
50 238 3
452 484 7
5 338 5
145 308 9
312 354 2
77 430 1
384 438 6
409 412 51
72 302 18
77 149 9
106 396 6
2 65 2
332 358 5
299 348 2
295 308 9
35 235 1
31 287 1
8 478 1
5 160 5
355 358 44
24 431 6
172 370 5
94 381 47
241 244 30
34 180 2
88 451 1
1 265 1
45 482 1
334 373 5
5 93 5
21 77 2
176 369 11
104 178 1
388 469 3
339 340 42
2 22 2
246 491 61
69 228 1
2 67 2
36 145 36
9 154 9
2 44 2
3 203 3
42 323 10
5 394 1
18 452 1
44 108 1
456 466 14
425 428 53
87 206 1
112 333 1
119 439 3
228 268 1
238 283 1
30 455 7
4 65 4
93 346 5
23 146 2
188 505 1
106 504 3
1 44 1
138 140 17
325 496 1
180 504 1
145 493 1
310 405 1
223 442 55
103 130 1
126 202 3
65 261 65
90 181 90
391 395 24
104 219 13
37 139 4
38 310 38
335 382 5
49 406 12
87 382 5
430 465 3
196 393 196
452 464 14
265 401 1
2 346 2
400 411 25
62 404 3
266 283 8
3 255 3
220 435 27
1 96 1
86 176 5
153 313 19
391 421 6
152 478 1
145 161 2
171 501 1
101 316 1
146 291 36
421 465 3
36 291 36
135 295 4
148 442 1
286 326 2
376 404 1
387 464 3
67 455 1
170 433 1
1 56 1
195 384 48
9 176 2
25 202 25
120 469 7
369 432 1
434 490 3
440 471 3
121 352 1
122 261 1
35 102 1
294 415 1
387 437 6
110 216 27
159 384 1
118 476 59
220 426 13
18 302 18
1 21 1
170 332 10
182 362 45
151 505 1
184 211 1
120 243 60
355 360 22
1 506 1
75 409 1
81 162 81
41 335 41
315 394 1
30 453 7
3 97 3
3 247 3
118 239 59
142 338 2
311 334 2
268 280 8
14 344 1
1 504 1
186 451 1
504 510 63
42 233 1
81 323 40
70 472 1
1 440 1
56 470 14
5 371 5
85 271 2
215 371 1
317 483 1
84 169 84
291 303 18
123 411 3
190 376 47
27 195 6
262 268 16
9 311 9
184 215 1
310 374 2
132 320 2
17 218 1
187 339 5
256 346 2
172 192 1
2 118 1
189 383 47
53 431 53
49 207 12
102 271 1
189 320 5
194 199 24
473 476 59
191 222 1
136 354 2
120 277 1
18 296 18
40 331 20
225 489 7
233 476 29
88 183 22
5 195 1
94 287 2
326 419 1
92 376 23
6 68 1
90 299 2
7 448 7
54 434 54
144 451 1
3 104 3
4 281 4
33 139 8
240 330 1
301 317 9
208 421 52
64 309 4
400 407 50
35 322 2
302 338 2
299 314 9
3 107 3
26 104 26
166 320 20
85 341 85
71 283 35
397 437 6
18 288 18
229 241 7
124 501 62
219 432 54
168 471 1
255 447 3
7 413 3
215 217 13
32 339 2
358 363 22
44 256 2
366 474 1
196 426 6
208 461 3
394 462 3
121 250 15
1 497 1
28 510 7
25 485 3
419 501 3
215 272 1
49 121 3
429 512 1
127 502 31
418 457 3
459 471 14
16 264 16
363 389 1
263 482 1
329 482 1
259 325 2
104 215 26
218 368 1
162 183 5
44 427 1
16 153 4
169 203 1
446 462 3
251 482 15
228 463 57
112 177 1
216 444 27
166 329 41
2 286 2
282 506 1
128 245 1
1 364 1
169 236 1
73 493 1
118 143 1
274 405 1
89 362 22
133 246 1
6 441 6
270 504 1
54 302 1
125 149 1
148 341 2
358 408 1
117 383 1
345 422 1
9 318 9
33 67 33
292 486 1
211 418 52
434 437 54
3 453 3
5 42 5
64 395 1
213 417 26
222 353 1
189 363 11
185 319 2
99 221 6
212 436 13
340 490 1
279 314 4
102 103 51
386 440 6
369 484 1
193 341 1
49 407 12
138 142 17
51 102 51
201 330 1
61 243 30
252 297 1
159 304 19
38 158 19
121 492 30
187 482 1
54 55 27
382 434 1
12 207 12
6 197 6
3 61 3
201 481 3
373 381 23
3 212 3
99 435 6
305 326 2
128 488 1
37 304 9
226 453 226
177 290 2
374 379 23
61 388 3
5 239 1
22 444 1
22 303 2
284 331 2
306 319 19
71 497 1
240 293 1
39 395 1
125 457 7
472 490 7
47 106 1
5 186 5
87 114 1
122 245 122
159 309 19
232 343 1
3 48 3
148 305 9
171 460 1
184 394 1
3 463 3
7 127 7
38 216 1
136 333 2
370 445 1
62 437 3
142 502 1
162 257 2
132 428 1
232 465 232
43 425 1
275 465 1
248 424 3
12 199 12
48 397 24
117 470 117
332 341 10
32 288 4
245 500 15
71 311 4
416 464 3
289 398 1
149 150 37
220 278 1
112 226 56
21 316 2
186 267 2
407 409 25
17 287 17
74 81 2
15 502 15
195 398 24
29 485 7
3 470 3
158 330 2
185 456 1
330 335 41
20 221 1
186 373 186
241 398 3
419 421 52
177 375 11
123 489 61
101 471 3
150 299 37
124 322 1
44 364 22
240 358 1
353 425 1
373 415 1
148 450 1
200 434 6
17 174 2
242 484 242
24 230 3
198 436 6
203 486 3
12 507 3
1 244 1
30 484 30
1 104 1
130 261 130
9 192 1
60 200 3
2 185 2
442 495 3
79 379 2
137 138 34
17 338 2
24 499 3
126 254 63
379 487 1
1 322 1
68 467 1
8 138 8
285 477 1
331 446 1
159 366 2
243 393 3
32 130 32
140 462 1
230 258 1
189 393 1
262 459 1
153 308 38
178 226 1
232 350 1
217 246 3
12 195 12
126 439 3
61 246 61
173 337 21
265 271 33
92 247 1
416 477 3
351 413 1
20 81 20
57 428 3
310 313 19
19 254 1
25 404 25
60 242 60
40 125 1
73 210 1
309 482 1
188 448 1
228 256 1
52 423 52
34 140 17
176 182 22
68 383 2
55 220 55
3 80 1
306 338 2
177 334 5
22 177 22
90 313 2
193 414 12
109 437 109
234 453 14
14 469 14
232 426 3
87 89 5
59 472 59
27 444 27
206 411 51
27 392 6
21 451 1
208 256 1
261 404 1
308 494 1
111 444 111
373 382 23
29 395 3
19 77 19
113 493 7
42 464 1
104 149 1
171 472 1
506 511 63
69 478 1
169 186 5
14 160 1
126 190 1
87 172 43
1 357 1
255 504 63
248 468 7
138 380 2
18 295 18
177 371 11
1 342 1
99 253 3
88 415 1
210 289 1
16 338 2
25 295 1
265 277 8
181 369 11
241 384 3
26 182 1
110 448 3
264 270 33
118 507 7
93 372 93
35 297 4
132 156 4
3 442 3
67 259 16
230 263 1
88 89 44
65 376 2
271 410 1
308 319 19
203 406 203
183 433 1
43 373 5
16 361 2
147 220 1
90 356 22
28 110 3
234 481 7
9 39 9
407 497 3
241 432 3
298 401 1
224 234 14
211 225 3
159 471 1
8 43 2
350 493 1
111 176 1
174 418 1
174 332 10
40 327 40
33 192 1
16 303 4
48 404 12
84 329 10
57 455 28
139 490 1
85 348 21
165 324 20
200 203 50
4 59 1
6 217 6
71 147 4
491 492 61
39 312 39
60 109 3
373 509 1
6 99 6
2 271 2
307 443 1
356 365 22
307 316 19
136 482 1
25 210 6
305 485 1
202 450 3
25 402 25
22 181 22
166 401 1
368 479 1
151 252 1
1 333 1
207 385 12
279 304 4
27 218 27
9 289 9
310 390 1
91 105 1
112 319 1
166 218 1
150 304 9
227 457 28
159 204 1
51 411 51
353 401 1
7 493 7
32 414 1
250 295 1
49 277 1
363 395 1
69 276 69
191 376 47
41 86 10
45 483 1
51 111 6
185 492 1
171 345 21
26 64 1
440 445 55
225 299 1
109 439 109
197 483 3
231 286 1
77 364 2
10 125 1
11 92 11
408 474 3
43 254 1
247 354 1
178 282 2
104 329 1
98 510 3
85 477 1
189 190 47
20 500 1
82 102 1
8 448 1
103 213 6
23 91 11
256 512 256
356 362 22
81 483 1
103 201 25
13 52 13
201 409 25
98 243 3
162 364 5
178 363 22
246 347 1
20 326 20
29 474 29
198 268 1
136 412 1
249 322 1
418 421 52
72 317 9
6 430 6
6 390 6
24 409 12
28 461 28
2 144 2
4 314 4
91 197 1
60 161 1
22 289 2
67 192 1
28 225 28
98 226 3
170 438 1
122 253 15
241 453 7
67 264 33
86 332 10
138 280 17
323 328 20
36 231 1
256 319 4
171 279 2
59 185 1
379 451 1
56 234 14
31 62 31
178 492 1
117 200 3
239 361 1
286 446 1
384 432 6
28 450 28
155 159 19
155 383 2
322 350 10
78 161 2
30 141 1
35 274 17
128 220 1
96 193 96
116 210 3
167 422 1
45 470 1
186 337 5
175 407 1
114 285 1
192 504 3
318 345 2
188 463 1
344 350 43
184 269 2
6 365 1
419 429 26
319 392 1
183 228 1
85 94 5
94 209 1
201 254 3
387 433 6
213 476 3
22 376 11
282 412 1
232 471 58
122 489 122
150 301 150
79 392 1
289 296 18
3 9 1
220 482 3
173 451 1
340 397 1
214 385 6
481 491 30
151 496 1
119 293 1
361 433 1
4 73 4
91 221 1
25 51 25
351 408 1
123 200 3
339 417 1
197 386 24
98 197 98
107 242 3
342 365 5
244 353 1
435 485 3
196 328 1
1 227 1
2 359 2
252 470 7
98 192 24
87 217 1
272 400 1
205 445 6
353 361 22
219 343 1
5 377 5
344 349 43
105 114 3
60 96 3
177 302 2
33 145 4
277 428 1
157 241 1
48 197 24
202 412 25
108 283 1
68 263 8
278 386 1
5 188 5
69 284 17
226 461 28
180 238 1
120 242 60
137 286 17
35 116 1
1 191 1
180 377 11
322 467 1
6 391 6
126 250 31
239 471 29
36 68 4
227 237 14
137 160 2
306 325 2
9 47 2
159 392 1
322 330 20
118 126 7
417 420 52
425 430 53
90 209 1
3 63 3
67 137 8
214 421 26
173 341 21
481 507 15
148 299 74
197 198 49
6 415 6
218 363 1
234 450 14
197 396 49
149 303 37
23 80 5
101 363 1
2 337 2
102 406 25
347 404 1
61 371 1
38 307 38
107 371 1
324 339 10
21 168 21
160 494 1
14 435 3
281 505 1
354 373 11
1 92 1
45 353 22
98 416 6
14 375 1
484 491 30
1 26 1
13 373 1
60 122 30
1 469 1
60 498 15
432 493 3
5 171 5
75 299 37
296 373 2
162 288 2
103 411 51
205 305 1
317 343 2
34 264 8
49 96 24
22 397 1
176 185 11
210 228 3
1 50 1
50 402 50
18 291 18
86 308 2
2 148 2
212 305 1
229 452 28
334 504 1
4 306 4
23 177 11
33 71 8
179 460 1
46 211 1
188 371 23
205 410 205
388 480 3
128 282 8
39 309 19
251 441 3
25 414 25
255 307 1
22 409 1
147 469 1
80 205 1
182 363 45
110 446 55
37 151 37
229 326 1
195 386 48
14 28 14
148 302 37
247 487 30
2 20 2
375 432 1
28 150 1
505 510 63
1 80 1
151 299 37
453 473 14
1 284 1
441 496 3
128 417 1
325 363 5
24 313 1
261 440 1
233 467 233
209 228 3
87 169 21
392 403 12
168 282 2
25 415 25
10 335 10
76 469 1
209 419 209
228 457 228
362 392 1
11 147 2
361 380 11
372 375 93
462 482 7
85 457 1
165 194 1
3 493 3
76 156 19
244 350 1
28 157 1
132 479 1
117 451 14
2 313 2
75 439 1
242 457 7
420 430 26
9 215 1
6 104 6
140 281 140
53 299 1
60 102 3
389 396 24
402 422 6
54 437 54
132 409 1
46 80 5
2 29 1
259 344 2
3 120 3
114 225 28
57 61 7
113 459 28
11 435 1
228 266 1
224 264 1
19 263 4
206 408 51
138 509 1
1 408 1
92 276 2
37 74 37
54 270 1
81 163 81
30 203 3
79 320 2
4 488 1
102 205 102
55 276 1
13 434 13
408 413 51
242 492 30
14 238 14
249 369 1
37 394 1
74 301 37
7 58 7
56 350 1
181 445 1
224 281 1
3 446 3
54 149 1
4 469 1
462 487 7
193 250 3
321 327 40
343 350 21
113 481 7
62 502 62
234 477 29
357 362 22
48 192 48
293 317 9
46 92 46
288 313 9
40 170 10
99 160 1
1 507 1
209 344 1
246 446 3
250 436 3
319 460 1
60 250 15
298 471 1
89 404 1
213 376 1
54 218 54
1 466 1
189 479 1
206 417 6
230 506 7
114 475 14
7 272 1
50 350 1
271 439 1
317 463 1
166 216 1
250 502 125
18 335 2
388 501 3
170 340 170
34 503 1
384 490 3
21 244 1
181 415 1
120 492 30
74 296 74
208 425 26
343 484 1
225 464 14
190 381 190
210 413 6
4 38 4
289 406 1
28 466 14
42 341 42
238 455 14
58 277 1
435 443 27
279 458 1
334 372 5
17 109 1
235 478 29
22 44 22
304 468 1
166 242 1
54 108 54
210 276 1
162 335 20
18 238 1
160 451 1
172 455 1
52 351 1
464 475 29
363 364 45
487 511 15
231 458 57
245 462 7
305 376 2
48 428 6
1 45 1
92 142 2
346 429 1
2 217 1
172 222 1
258 393 1
58 468 58
94 185 23
201 465 3
101 354 1
2 266 2
95 382 95
121 506 15
103 404 25
11 56 1
213 342 1
44 89 44
291 328 2
146 457 1
105 426 26
99 196 49
183 249 1
293 303 18
107 318 1
366 393 1
10 174 10
54 174 1
24 245 3
186 509 1
79 159 79
97 442 6
90 355 22
240 430 3
222 440 55
11 182 11
106 432 13
308 314 19
17 481 1
182 195 1
491 494 61
108 309 1
262 318 4
28 502 7
408 505 3
124 395 3
190 253 1
506 510 63
288 294 36
119 478 119
294 362 2
38 39 19
22 136 2
405 434 6
165 333 41
40 248 1
23 378 23
326 499 1
163 270 2
240 321 1
380 423 1
186 386 1
99 248 3
167 334 167
159 313 39
217 435 217
146 192 1
190 234 1
263 384 1
37 451 1
462 508 7
92 181 11
2 173 2
187 360 11
315 334 2
86 87 43
407 501 3
51 409 51
99 156 1
211 214 26
241 242 60
73 258 4
29 464 29
174 393 1
86 202 1
1 358 1
23 179 11
50 348 1
127 503 31
85 258 2
72 83 2
30 403 3
109 216 54
342 479 1
32 304 4
11 180 11
32 430 1
53 193 6
190 499 1
12 390 12
346 377 5
170 180 5
2 178 2
51 143 1
321 462 1
308 503 1
119 490 7
15 505 15
173 342 21
59 64 1
261 454 1
69 108 1
42 320 10
48 469 3
58 457 14
157 159 39
79 480 1
276 282 17
437 449 3
254 509 254
60 270 1
1 418 1
407 411 25
9 416 1
169 334 10
427 429 53
4 97 1
361 436 1
16 170 2
260 433 1
163 368 5
282 417 1
191 489 1
20 285 2
5 156 2
5 323 5
44 134 2
27 182 1
412 487 3
36 201 1
4 303 4
218 227 3
209 362 1
168 342 42
264 386 1
8 264 8
95 484 1
489 492 61
144 306 9
46 371 46
353 358 44
136 169 2
353 365 22
287 429 1
258 356 2
126 179 1
64 251 1
63 255 63
2 263 2
354 427 1
58 466 58
173 378 5
32 132 16
229 247 7
125 235 7
143 350 2
44 156 2
130 151 4
186 457 1
107 420 26
363 417 1
112 469 14
85 180 5
447 482 3
256 266 16
33 455 1
167 491 1
2 189 2
43 64 2
465 479 29
313 380 2
128 353 2
433 463 3
256 473 1
10 482 1
410 470 3
24 195 24
277 280 17
425 431 53
126 474 7
156 317 39
3 454 3
66 260 16
39 168 2
4 316 4
90 93 11
97 246 3
215 475 3
135 425 1
105 422 105
62 243 15
22 110 1
58 273 1
6 274 1
323 326 40
166 369 5
304 341 2
349 364 5
21 356 5
62 168 1
261 438 1
4 130 4
181 358 22
280 336 2
240 490 30
8 273 8
186 496 1
20 508 1
139 466 1
66 360 2
17 286 17
336 506 1
11 357 11
219 251 3
26 213 26
250 487 15
330 430 1
328 452 1
12 387 12
330 380 5
185 298 2
186 434 1
167 320 20
393 431 6
28 56 28
2 35 2
217 426 13
115 180 1
77 497 1
7 233 7
44 359 44
4 140 4
420 484 3
17 323 2
397 406 12
156 509 1
183 360 45
96 223 6
170 372 5
108 178 1
65 221 1
1 253 1
234 467 58
257 337 2
308 325 2
178 418 1
102 308 1
314 506 1
333 502 1
110 447 55
45 354 22
347 488 1
154 231 1
113 315 1
196 358 1
43 246 1
69 506 1
134 269 134
77 287 4
59 417 3
74 505 1
44 471 1
184 366 11
16 335 2
214 388 6
46 189 23
107 489 3
300 368 2
57 449 28
7 123 7
275 276 34
9 151 9
3 509 3
425 442 13
114 218 3
54 453 3
458 509 7
30 341 1
97 240 3
273 276 34
138 274 34
122 344 1
18 27 1
22 262 2
358 373 11
257 271 16
474 476 59
7 454 7
7 126 7
210 489 3
44 135 2
42 361 5
207 408 51
276 439 1
194 437 6
161 172 10
304 465 1
66 317 4
282 364 2
54 221 27
124 486 15
122 247 61
53 356 1
360 367 45
384 430 6
7 243 7
157 300 9
256 281 8
29 271 1
94 294 2
267 270 33
28 99 3
73 300 18
173 340 21
384 389 48
3 24 3
75 487 1
30 331 1
326 358 5
45 184 11
167 331 41
140 452 1
50 243 3
80 263 2
80 449 1
141 269 8
229 355 1
337 417 1
87 433 1
19 302 9
26 232 3
11 383 11
125 292 1
164 411 1
1 86 1
246 493 246
85 213 1
19 76 19
221 443 221
53 428 53
250 500 250
104 200 6
248 489 15
53 209 26
108 399 6
151 276 4
2 340 2
85 100 1
62 499 62
97 117 3
367 502 1
7 502 7
12 194 12
117 437 3
33 262 16
368 510 1
128 382 2
369 418 1
427 432 13
294 299 18
9 299 9
349 433 1
14 194 3
94 262 2
314 441 1
194 389 194
148 288 18
187 366 11
50 403 50
81 152 2
13 216 13
316 453 1
288 299 18
233 334 1
353 369 11
292 300 18
36 140 4
17 282 17
93 363 11
147 152 9
157 441 1
289 425 1
14 473 14
385 402 12
273 368 2
30 505 15
37 328 2
306 313 19
51 440 6
271 306 4
18 189 2
106 487 3
156 401 1
116 368 1
5 203 1
342 419 1
192 388 48
3 224 3
480 494 30
19 283 4
81 164 20
443 453 3
167 233 1
242 244 30
174 441 1
17 285 17
9 159 9
150 318 9
1 307 1
390 460 3
166 503 1
254 389 3
11 318 2
182 266 2
239 371 1
418 424 26
100 191 1
7 344 1
192 407 12
200 202 50
72 155 9
390 418 6
45 182 45
12 99 12
42 343 42
59 468 29
21 249 1
8 33 8
408 432 6
201 404 50
3 386 3
14 225 14
124 459 7
12 206 12
61 481 30
123 361 1
175 340 21
263 273 8
423 424 26
326 329 20
16 32 16
50 204 25
466 478 29
262 496 1
80 444 1
365 425 1
449 492 7
410 414 51
129 259 129
114 229 114
183 285 2
253 497 31
49 97 24
89 291 2
39 446 1
234 511 7
301 494 1
172 491 1
104 347 1
200 393 12
44 358 44
347 382 5
120 197 3
253 511 63
162 167 20
54 510 3
47 142 2
136 272 136
276 349 2
181 462 1
163 435 1
99 343 1
145 293 36
72 205 1
118 339 1
427 439 13
189 372 23
82 161 20
59 444 3
237 477 59
169 456 1
458 497 7
58 285 1
163 390 1
194 486 3
104 122 3
5 157 2
42 339 42
12 348 1
182 315 2
436 451 3
71 282 35
60 379 1
48 53 6
278 286 17
345 349 43
127 507 63
4 12 1
345 416 1
363 503 1
201 220 6
269 453 1
114 458 114
30 481 30
97 192 48
218 403 6
72 73 36
256 261 32
64 65 32
197 203 12
83 171 10
30 480 30
168 383 5
146 415 1
1 185 1
24 55 6
110 236 3
4 258 4
213 446 13
100 235 3
111 392 6
223 335 1
352 437 1
109 447 27
20 194 1
172 348 43
3 249 3
73 504 1
77 292 9
108 435 108
99 399 99
326 428 1
196 396 49
147 193 1
7 291 1
43 280 2
81 85 10
72 444 1
103 386 12
143 368 2
5 201 1
49 396 49
52 233 3
147 283 4
97 270 1
223 414 6
178 404 1
2 83 2
19 20 2
21 148 2
215 282 1
15 61 15
74 352 2
170 193 1
1 494 1
182 342 5
158 315 39
44 301 2
404 436 6
418 429 26
143 156 4
384 397 24
326 362 5
34 139 34
221 407 6
179 392 1
203 207 25
11 93 11
244 254 15
104 124 3
270 366 2
117 235 117
107 418 26
419 423 52
166 347 10
67 251 1
189 355 11
334 379 5
39 431 1
488 508 15
228 455 28
442 469 3
21 350 21
1 152 1
175 343 21
256 270 16
213 420 26
119 441 3
97 195 97
2 326 2
71 287 71
2 315 2
234 237 29
2 362 2
47 104 1
2 137 2
193 257 1
153 277 4
146 314 9
13 241 3
183 312 2
302 353 2
191 378 47
404 449 3
368 392 1
17 130 8
9 19 9
91 181 45
10 350 10
29 461 14
507 510 63
2 423 1
401 467 3
2 152 2
55 347 1
104 416 104
7 479 7
4 442 1
136 149 4
311 330 2
7 42 1
247 355 1
18 131 4
97 454 3
75 471 1
332 395 1
142 491 1
30 482 30
82 350 10
424 431 53
182 416 1
177 358 44
72 162 2
262 438 1
49 386 24
37 61 1
401 482 3
49 206 12
146 493 1
57 116 14
1 111 1
105 186 1
203 401 50
1 153 1
13 226 3
25 406 25
2 328 2
106 450 3
36 408 1
204 440 6
357 383 11
234 465 58
43 342 21
466 479 29
133 268 33
466 474 29
369 378 23
259 354 2
99 391 24
152 288 9
46 370 46
83 370 5
231 457 57
389 500 3
450 454 56
94 115 1
114 477 14
94 494 1
10 75 2
188 491 1
303 363 2
279 374 2
233 385 3
165 225 1
43 45 5
1 225 1
122 232 7
53 440 13
264 424 1
325 462 1
33 266 33
43 350 43
121 481 60
5 47 5
136 500 1
354 359 44
269 300 4
220 396 6
135 144 4
38 472 1
342 476 1
177 362 22
368 445 1
74 220 1
89 354 44
48 396 24
20 335 20
2 275 2
107 479 3
140 266 8
98 506 3
238 468 29
206 256 1
38 424 1
237 439 3
328 333 41
203 240 3
8 146 4
298 429 1
164 335 41
93 378 23
3 122 3
271 389 1
225 462 28
47 354 11
21 392 1
70 103 1
113 458 28
1 435 1
227 356 1
46 204 1
291 507 1
114 148 1
378 381 47
183 244 1
83 311 2
163 411 1
399 415 12
34 336 2
58 476 29
215 247 3
155 290 9
422 431 26
236 246 7
76 310 38
76 191 2
173 183 5
172 465 1
407 414 25
2 157 2
53 106 53
139 308 4
124 251 62
86 344 86
31 497 31
104 105 52
452 495 7
13 418 13
101 370 1
49 243 3
141 247 1
367 473 1
64 267 16
147 428 1
377 387 1
86 137 2
123 262 1
4 498 1
35 143 35
49 347 1
29 466 29
98 164 1
121 160 1
206 390 12
215 355 1
2 294 2
13 444 13
251 495 15
173 394 1
121 243 121
5 91 5
419 422 52
241 249 15
386 431 6
281 407 1
4 430 1
278 332 2
232 491 7
119 229 14
22 116 1
327 377 5
54 85 1
7 511 7
289 419 1
82 185 5
6 347 1
182 265 2
10 165 10
26 52 26
438 442 27
467 470 58
20 331 20
28 427 3
393 501 3
247 298 1
233 475 29
51 199 12
131 338 2
456 507 7
261 264 16
25 261 1
133 305 4
56 478 14
1 151 1
11 44 11
11 370 11
201 290 1
171 402 1
3 174 1
213 498 3
106 342 1
7 120 7
165 327 20
254 391 3
66 176 2
155 338 2
362 369 11
307 309 38
195 274 1
110 423 13
250 328 1
419 420 52
134 201 1
91 364 91
108 298 1
343 467 1
123 232 7
47 376 47
100 351 1
116 179 1
24 206 12
451 471 14
206 354 1
112 416 3
128 132 16
209 355 1
90 233 1
47 111 1
45 250 1
263 392 1
216 333 1
13 432 13
45 331 5
1 174 1
423 446 13
219 440 27
7 178 1
109 467 3
246 439 3
94 175 5
121 168 1
309 343 2
5 363 5
131 141 8
1 233 1
487 493 30
158 451 1
210 254 3
189 204 1
433 439 54
262 382 2
417 509 3
399 410 12
99 175 1
240 482 120
173 347 173
116 431 3
387 392 24
413 478 3
135 180 2
28 172 1
226 448 56
392 494 3
3 126 3
43 149 2
483 492 30
214 317 1
105 502 3
98 161 1
107 363 1
62 126 31
98 114 3
8 287 8
14 99 3
115 470 14
486 499 15
6 429 6
230 505 7
223 252 3
45 226 1
275 282 17
73 328 2
2 16 2
269 375 2
209 214 26
353 357 44
210 419 52
147 149 18
192 239 3
174 311 2
264 310 4
259 268 16
436 507 3
324 377 5
46 187 46
411 470 3
102 311 1
503 509 31
203 409 25
76 154 38
337 472 1
65 252 1
74 75 37
29 160 1
127 498 31
134 330 2
11 358 11
390 424 6
326 331 20
171 301 2
98 219 6
178 326 5
269 394 1
81 501 1
162 267 2
86 358 5
56 381 1
203 271 1
28 166 1
103 443 6
364 373 11
14 463 14
173 401 1
105 370 1
201 391 12
180 365 45
253 466 7
75 385 1
102 237 3
292 467 1
161 218 1
255 506 63
244 487 30
245 272 1
113 460 28
20 254 1
45 355 22
151 497 1
1 4 1
84 273 2
63 503 31
223 438 27
108 189 1
112 160 1
52 491 3
34 277 34
405 414 25
151 223 1
120 367 1
74 398 1
11 367 11
307 459 1
23 184 23
6 421 6
78 304 19
165 335 41
58 431 3
98 399 49
172 324 10
42 337 42
2 87 2
53 507 3
386 394 24
60 494 30
21 86 21
8 130 8
31 235 7
316 394 1
39 441 1
396 481 3
35 258 8
43 198 1
112 230 28
6 149 1
2 379 2
327 406 1
33 156 4
286 300 4
134 261 16
120 219 3
1 212 1
288 368 2
148 297 148
10 324 10
165 167 41
15 30 15
322 328 20
64 262 32
215 461 3
185 366 11
68 139 34
194 446 6
22 324 5
391 456 3
55 109 27
1 328 1
31 270 1
110 442 110
154 305 38
310 339 2
23 302 2
20 417 1
463 472 14
10 89 5
122 386 3
69 273 34
22 46 11
269 315 4
245 503 15
89 441 1
422 437 13
156 484 1
22 91 22
38 325 2
164 166 41
242 483 60
69 292 4
339 342 42
166 189 5
3 124 3
376 381 47
222 484 3
86 307 2
215 418 26
51 331 1
216 415 6
255 497 31
199 446 6
203 234 3
183 413 1
23 26 1
123 404 3
96 395 24
45 68 2
7 381 1
252 494 15
64 367 2
7 49 3
194 398 24
159 317 79
237 455 14
92 372 46
104 126 3
155 176 2
320 325 40
131 263 131
73 266 4
113 234 14
247 399 3
286 289 4
238 496 7
2 336 2
35 145 4
243 504 15
120 506 15
48 241 3
136 231 1
45 139 2
27 441 27
211 488 3
108 222 27
73 146 73
85 237 1
117 439 3
3 418 3
36 116 1
83 358 5
485 511 15
40 73 2
175 455 1
1 156 1
124 193 3
100 234 3
385 409 12
11 89 11
32 265 16
70 307 4
235 466 58
12 403 12
27 236 3
83 337 10
18 301 18
289 309 9
312 504 1
466 494 7
28 180 1
129 198 1
70 208 1
80 403 1
26 429 26
192 414 12
1 344 1
69 359 2
190 287 2
118 198 3
18 149 18
245 258 1
65 180 2
76 304 76
117 418 3
144 507 1
336 467 1
60 298 1
333 503 1
170 258 2
217 335 1
4 319 4
79 473 1
149 343 2
265 308 4
325 332 20
349 430 1
134 372 2
12 435 6
50 103 25
414 438 6
118 236 118
31 426 3
227 428 3
455 480 7
4 200 1
55 477 3
65 316 4
18 166 2
143 388 1
219 434 54
119 375 1
385 491 3
4 137 4
33 413 1
419 508 3
26 225 3
177 325 5
21 121 1
123 193 3
77 141 4
317 512 4
35 66 8
59 469 29
216 296 1
325 337 10
367 492 1
53 176 1
116 384 3
428 451 3
2 66 2
71 286 71
255 452 7
481 484 60
486 488 30
2 64 2
166 350 10
340 461 1
41 270 2
168 349 21
162 184 5
89 144 2
143 282 35
12 203 12
191 382 191
193 391 48
123 246 123
83 92 5
14 38 1
51 243 3
137 488 1
159 312 39
26 424 26
201 203 50
148 210 1
195 196 24
20 482 1
135 278 8
120 123 30
146 297 18
314 490 1
325 326 81
133 309 4
1 439 1
60 79 1
65 67 16
242 485 242
64 330 2
201 475 3
193 386 193
25 450 3
33 406 1
168 367 5
95 381 95
402 504 3
184 376 23
154 304 38
257 353 2
184 266 2
2 318 2
232 469 58
71 165 2
55 83 1
346 351 43
285 459 1
206 412 206
35 219 1
233 253 7
35 360 2
196 408 12
125 150 1
225 405 3
199 356 1
314 406 1
54 121 3
281 349 2
46 399 1
144 147 36
371 429 1
2 310 2
277 352 2
35 487 1
48 496 3
68 283 17
156 312 156
96 353 1
267 433 1
246 501 15
397 496 3
27 73 1
227 458 28
4 334 2
57 112 28
178 495 1
22 422 1
93 94 23
3 436 3
65 425 1
5 330 5
54 225 3
205 467 3
152 180 2
75 189 2
28 96 3
254 494 15
223 493 3
283 395 1
235 270 1
1 113 1
200 496 3
210 444 13
222 237 3
174 428 1
266 269 33
200 412 25
40 326 40
105 421 105
113 114 28
97 299 1
36 274 4
117 330 1
143 291 4
223 481 3
82 187 5
126 504 126
131 256 32
169 254 1
399 489 3
196 397 49
63 493 15
145 257 4
42 57 1
3 495 3
84 128 2
404 442 6
294 359 2
275 278 34
8 305 4
1 359 1
339 346 21
381 454 1
46 102 1
240 304 1
119 190 1
160 271 2
126 507 126
143 224 1
358 381 11
46 357 11
138 303 4
292 382 2
274 422 1
445 483 3
309 345 2
1 249 1
56 504 7
12 101 12
96 458 3
181 367 45
176 244 1
104 141 1
158 272 4
212 231 3
308 372 2
195 197 24
238 372 1
9 304 9
32 135 16
45 351 5
8 420 1
235 323 1
165 261 2
129 455 1
9 310 9
19 413 1
53 208 26
432 494 3
11 214 1
463 503 7
29 402 3
314 362 2
58 498 7
394 494 3
299 327 2
197 427 6
284 339 2
114 198 3
265 293 4
70 405 1
79 312 39
57 79 1
126 191 1
275 392 1
143 422 1
362 366 45
188 318 2
17 67 8
210 405 6
29 181 1
75 323 2
275 508 1
179 351 5
29 371 1
63 73 1
21 321 10
36 295 36
264 465 1
23 178 11
343 432 1
270 300 4
66 300 4
279 421 1
38 155 38
41 413 1
16 138 8
115 355 1
46 241 1
204 394 12
239 455 14
157 478 1
57 391 3
112 427 3
43 170 21
308 392 1
2 371 2
149 294 18
41 376 5
196 339 1
13 53 13
63 473 7
188 306 2
219 435 54
1 377 1
26 121 3
54 192 6
220 495 3
239 335 1
178 361 22
407 440 6
37 263 4
141 399 1
24 393 24
76 305 76
386 471 3
9 317 9
298 369 2
192 352 1
41 336 10
209 236 3
145 205 1
83 505 1
45 123 1
70 122 1
200 392 12
9 410 1
502 510 31
41 367 5
423 495 3
107 476 3
5 164 5
214 251 3
29 473 29
207 360 1
92 217 1
58 184 1
21 476 1
93 353 11
17 275 17
87 344 43
86 473 1
12 124 3
15 368 1
254 378 1
138 414 1
34 78 4
45 50 1
210 218 13
66 290 4
116 477 29
124 471 7
156 169 2
211 507 3
184 368 184
5 365 5
10 85 10
22 88 22
267 421 1
12 193 12
150 155 9
100 364 1
134 211 1
7 508 7
59 389 3
1 38 1
240 391 3
126 360 1
40 439 1
6 438 6
239 244 7
214 250 3
138 273 34
14 228 14
242 281 1
162 419 1
59 336 1
7 14 7
340 349 21
227 343 1
481 505 15
237 461 14
236 464 29
49 468 3
73 298 18
38 160 2
200 265 1
167 185 5
1 162 1
386 444 6
365 459 1
167 511 1
186 323 5
455 510 7
201 471 3
122 457 7
381 438 1
51 412 51
92 186 46
335 488 1
208 221 13
365 460 1
1 101 1
69 136 34
246 485 30
48 398 24
421 443 13
416 425 26
374 455 1
109 459 3
11 366 11
110 397 6
3 506 3
158 215 1
101 408 25
137 450 1
2 158 2
9 37 9
24 152 1
313 512 4
185 453 1
360 412 1
121 303 1
90 369 11
283 320 2
8 132 8
43 303 2
1 55 1
19 289 9
157 197 1
78 155 19
38 315 19
248 295 1
403 424 6
210 365 1
33 331 2
2 153 2
200 413 25
307 353 2
217 344 1
230 234 14
114 134 1
49 63 3
3 243 3
299 413 1
2 329 2
257 443 1
135 313 4
50 379 1
1 461 1
209 390 6
97 493 3
233 468 58
142 284 142
131 296 4
44 445 1
295 407 1
10 178 5
267 331 2
199 385 24
234 396 3
230 456 57
143 194 1
418 439 13
151 298 37
84 235 1
10 423 1
6 422 6
39 315 39
389 440 6
144 146 36
305 416 1
358 362 22
235 250 7
345 362 5
204 512 1
113 473 14
26 335 1
357 372 11
412 432 6
128 364 2
256 360 2
393 508 3
87 158 2
144 250 1
40 188 5
301 507 1
130 197 1
214 404 6
327 405 1
22 362 22
164 428 1
131 240 1
55 421 13
138 255 1
370 476 1
287 484 1
149 352 2
328 429 1
51 210 6
32 139 8
19 492 1
3 405 3
203 245 3
67 112 1
307 500 1
3 46 1
41 434 1
246 312 1
118 119 59
230 485 7
143 457 1
2 130 2
79 158 79
21 290 2
251 395 3
166 447 1
390 508 3
119 183 1
177 185 11
102 397 12
94 377 94
352 429 1
127 172 1
120 461 7
221 432 27
31 300 1
3 109 3
53 107 53
42 476 1
72 287 4
131 259 32
177 380 11
247 308 1
486 510 15
106 177 1
68 220 1
254 508 254
150 203 1
434 483 3
87 305 2
336 351 21
359 417 1
142 261 8
30 439 3
88 177 88
22 379 11
61 168 1
442 474 3
112 215 3
196 511 3
5 130 2
244 416 3
94 372 23
169 265 2
84 387 1
232 250 7
89 346 5
450 475 14
101 479 3
101 401 50
3 222 3
389 455 3
91 383 11
1 252 1
302 306 9
260 508 1
15 498 15
316 325 2
449 454 56
351 422 1
261 268 16
78 242 1
55 197 6
15 356 1
25 368 1
123 502 15
496 509 31
137 158 4
28 366 1
376 464 1
57 237 14
128 271 16
254 498 31
156 354 2
73 484 1
50 415 25
248 319 1
91 451 1
11 319 2
80 356 5
262 269 16
9 312 9
215 297 1
266 413 1
12 25 12
177 366 22
244 485 30
181 370 11
6 418 6
261 271 16
67 134 67
274 451 1
131 285 8
281 381 2
107 417 26
289 501 1
229 259 1
318 483 1
28 410 3
264 477 1
84 85 42
3 225 3
220 398 6
126 432 3
277 469 1
223 238 3
383 503 1
5 40 5
29 182 1
150 181 2
273 486 1
15 236 7
459 473 14
14 454 14
153 229 1
17 336 2
338 342 42
124 224 7
162 321 40
128 439 1
79 446 1
226 471 14
107 213 53
288 301 18
291 334 2
106 384 6
60 121 60
32 68 8
56 336 1
151 232 1
141 384 1
301 482 1
71 456 1
152 220 1
1 203 1
8 219 1
13 244 3
31 110 3
27 190 1
356 500 1
89 385 1
24 47 1
228 230 57
197 479 3
336 457 1
327 339 10
309 475 1
25 179 1
152 493 1
84 170 42
431 461 3
124 129 1
51 223 6
85 170 85
231 440 3
202 288 1
1 129 1
137 139 34
129 477 1
408 483 3
10 132 2
251 346 1
316 369 2
398 408 12
223 231 3
285 307 4
276 366 2
71 284 71
2 95 2
4 71 4
431 447 13
21 326 10
409 418 6
24 356 1
287 369 2
192 467 3
238 418 3
20 297 2
122 179 1
209 422 52
78 411 1
272 421 1
140 275 17
229 231 57
198 215 6
245 494 61
27 127 3
311 408 1
200 406 50
427 430 53
459 464 14
159 256 4
298 367 2
86 374 5
268 286 8
54 427 13
214 406 6
328 367 5
310 319 19
83 213 1
57 330 1
116 470 58
113 249 7
4 275 4
343 349 21
387 388 48
249 425 3
113 371 1
161 420 1
144 481 1
258 262 32
1 451 1
359 367 22
66 319 4
148 454 1
116 239 29
82 310 2
138 236 1
69 194 1
306 426 1
59 476 59
149 299 149
486 491 30
69 368 2
73 305 9
402 480 3
145 427 1
59 400 3
30 483 30
105 111 13
282 446 1
26 297 1
26 231 3
59 142 1
141 417 1
41 273 2
470 485 7
17 69 17
59 235 29
199 440 6
335 490 1
6 120 3
56 453 56
9 156 9
412 455 3
318 453 1
339 470 1
368 383 23
388 399 24
14 115 14
115 340 1
153 425 1
221 233 3
143 287 143
5 136 2
128 305 4
138 466 1
1 172 1
4 255 1
120 128 1
198 490 3
362 455 1
65 326 2
303 472 1
154 312 19
102 429 6
50 167 1
184 263 2
224 265 1
37 456 1
27 420 13
164 240 1
94 361 11
114 115 57
203 473 3
7 501 7
240 438 3
256 394 1
284 328 2
389 501 3
12 391 12
120 339 1
59 273 1
229 251 7
149 198 1
189 337 5
3 484 3
404 410 25
320 410 1
14 449 14
66 194 1
191 324 5
401 413 25
98 299 1
30 50 3
2 75 2
174 204 1
25 407 25
1 334 1
13 219 13
303 305 9
112 501 7
229 233 14
70 242 1
106 148 1
211 464 3
99 393 49
166 191 5
223 319 1
5 364 5
6 426 6
10 349 10
193 268 1
69 457 1
244 428 3
116 125 7
33 279 8
489 504 15
296 377 2
61 488 61
260 460 1
2 273 2
1 13 1
353 389 1
207 265 1
463 470 14
213 387 6
67 337 2
94 171 5
8 251 1
18 341 2
234 238 29
93 437 1
42 460 1
49 196 49
179 358 179
469 472 29
30 166 1
240 484 60
115 368 1
104 445 13
326 355 5
484 495 30
19 306 19
473 479 59
203 467 3
94 191 47
41 200 1
51 464 3
330 503 1
218 319 1
1 28 1
327 330 20
193 481 3
203 461 3
144 151 18
27 408 6
39 298 9
64 303 4
162 474 1
313 330 2
46 393 1
166 411 1
210 307 1
12 26 6
326 466 1
234 269 1
20 337 10
202 429 6
436 506 3
106 420 26
94 169 5
142 503 1
4 272 4
56 170 1
284 408 1
74 158 9
30 246 30
23 379 23
140 487 1
71 397 1
44 177 44
31 252 31
380 467 1
50 352 1
299 471 1
136 369 2
82 84 10
15 54 3
1 41 1
98 278 1
326 489 1
4 109 1
19 295 9
324 438 1
161 325 40
214 354 1
76 77 38
48 80 1
250 505 31
82 324 20
1 228 1
125 466 7
42 486 1
114 463 57
254 318 1
82 440 1
178 353 44
116 244 7
232 451 14
96 392 24
32 262 32
84 190 5
252 259 1
2 280 2
131 222 1
117 199 3
124 452 7
108 332 1
328 459 1
133 263 16
433 459 3
40 321 40
258 331 2
107 401 6
374 481 1
7 477 7
59 236 59
29 472 29
257 306 4
10 179 5
336 402 1
172 293 2
154 423 1
194 332 1
29 468 29
15 347 1
409 413 51
387 459 3
11 363 11
19 368 2
168 284 2
4 33 4
13 93 1
119 120 7
193 314 1
18 129 4
454 458 28
95 434 1
2 243 1
172 334 10
205 318 1
179 379 11
286 453 1
21 124 1
69 137 34
77 418 1
185 405 1
480 486 60
315 321 2
25 30 3
25 201 25
4 271 4
64 250 1
282 482 1
420 507 3
85 511 1
233 470 58
364 506 1
484 493 30
40 154 2
35 91 2
485 510 15
386 438 6
57 71 1
304 503 1
44 151 2
89 120 1
2 262 2
246 473 7
133 437 1
109 444 27
20 351 10
482 491 30
99 250 3
130 476 1
226 232 14
274 453 1
371 508 1
172 344 172
404 412 25
109 185 1
296 476 1
135 403 1
100 412 25
102 400 25
82 123 1
2 181 2
122 493 61
257 263 32
109 432 54
121 488 30
22 128 2
15 376 1
69 280 17
7 234 7
163 399 1
37 494 1
104 423 52
39 283 4
121 441 3
255 330 1
77 154 77
495 510 15
78 469 1
44 73 2
161 222 1
308 399 1
213 375 1
114 387 3
229 505 7
126 505 126
46 55 1
32 431 1
429 448 3
171 457 1
346 479 1
31 505 31
483 486 60
155 424 1
323 438 1
388 400 12
136 451 1
390 442 6
288 377 2
315 319 39
503 508 31
198 219 6
31 242 15
295 303 18
333 359 5
59 117 29
8 257 8
60 180 1
185 442 1
147 290 36
3 54 3
307 493 1
55 318 1
185 383 23
167 372 5
65 68 8
402 405 50
231 315 1
110 283 1
5 512 2
252 389 3
433 438 54
32 273 8
139 347 2
101 385 12
2 299 2
30 491 30
58 59 29
23 47 23
6 410 6
167 330 41
45 388 1
20 462 1
125 356 1
70 272 17
91 169 5
121 478 7
280 451 1
62 416 3
4 162 2
226 376 1
307 395 1
142 272 17
28 347 1
210 464 3
282 284 35
79 157 39
389 505 3
163 287 2
223 435 27
60 272 1
305 373 2
132 134 33
52 108 13
431 439 13
155 350 2
18 308 9
230 476 14
386 391 48
109 457 3
183 189 11
239 469 29
222 420 13
27 447 27
32 169 2
3 356 1
18 299 18
235 495 7
262 287 8
153 423 1
191 351 5
219 445 27
73 342 2
195 391 195
189 249 1
151 218 1
388 453 3
83 111 1
36 174 2
153 306 153
250 304 1
326 407 1
91 385 1
56 69 1
336 367 5
291 346 2
347 394 1
464 504 7
260 447 1
26 301 1
16 149 4
90 292 2
146 481 1
7 227 7
32 260 32
88 437 1
52 422 52
116 233 116
21 340 21
127 508 127
257 467 1
34 282 17
268 340 2
39 101 1
66 443 1
116 484 7
150 482 1
70 288 4
174 264 2
26 422 26
1 193 1
411 412 51
272 284 17
18 36 18
174 391 1
12 316 1
1 259 1
321 324 40
27 32 1
339 452 1
24 144 1
52 111 13
67 265 33
40 272 2
79 342 2
31 63 31
493 500 15
194 479 3
11 186 11
17 271 8
293 441 1
97 448 3
158 170 2
81 142 2
164 402 1
78 149 9
6 494 3
3 396 3
1 138 1
188 377 188
47 229 1
306 382 2
217 334 1
1 143 1
70 259 8
279 468 1
100 135 1
309 435 1
311 367 2
143 174 2
354 365 22
310 315 19
219 430 13
3 366 1
70 175 2
240 503 15
21 87 21
102 168 1
451 459 28
17 277 17
229 464 14
180 369 11
194 490 3
197 323 1
246 449 7
60 500 15
37 148 37
11 373 11
150 484 1
4 76 4
203 403 50
218 496 3
52 371 1
182 190 11
199 392 49
195 460 3
55 177 1
7 367 1
101 412 25
3 482 3
344 461 1
39 276 4
80 348 10
57 474 14
92 161 5
16 265 16
159 415 1
216 436 54
4 70 4
20 275 2
394 486 3
133 261 16
53 217 13
275 277 34
99 219 6
239 296 1
40 291 2
87 505 1
114 267 1
375 376 23
109 171 1
228 422 3
218 223 27
12 397 12
145 484 1
97 388 97
64 400 1
51 152 1
49 76 1
3 56 3
98 198 49
16 111 1
48 494 3
60 136 1
53 141 1
33 299 4
114 260 1
101 415 25
12 289 1
328 347 10
204 354 1
494 500 15
69 277 69
36 59 1
299 428 1
96 347 1
29 148 1
64 134 16
20 428 1
394 411 12
33 44 2
455 463 28
288 453 1
16 424 1
70 291 4
71 361 2
301 419 1
30 493 30
148 321 2
73 145 36
9 292 9
195 211 6
333 469 1
78 255 1
234 255 7
265 294 4
103 397 12
164 380 5
168 200 1
1 429 1
215 227 3
54 436 54
67 119 1
13 319 1
450 463 28
236 338 1
284 383 2
352 374 11
331 373 5
236 319 1
104 353 1
101 371 1
144 259 4
163 313 2
111 211 13
150 311 9
67 266 33
22 428 1
370 376 23
124 189 1
177 180 22
17 262 8
297 495 1
239 504 7
229 366 1
416 463 3
12 401 12
78 197 1
148 292 18
238 345 1
111 170 1
255 327 1
151 395 1
283 489 1
85 166 10
21 170 21
249 251 62
308 312 19
28 123 7
5 461 1
67 140 8
39 91 2
327 371 5
120 271 1
44 466 1
220 269 1
108 467 3
223 420 13
141 178 2
240 481 240
162 170 10
56 283 1
1 87 1
48 205 12
54 435 54
96 266 1
113 455 113
149 152 9
223 362 1
269 403 1
61 420 3
81 139 2
21 171 21
213 316 1
202 220 6
60 238 7
284 320 2
43 345 43
20 94 5
221 316 1
214 395 6
249 456 7
32 263 32
120 245 30
324 509 1
121 151 1
119 309 1
11 59 1
69 379 2
3 239 3
276 287 17
202 470 3
48 510 3
111 487 3
389 419 6
157 316 39
2 500 1
303 377 2
325 330 20
282 415 1
291 493 1
168 260 2
18 75 18
359 468 1
1 196 1
69 281 17
92 106 1
4 134 4
4 274 4
389 434 6
79 318 79
196 269 1
20 489 1
63 505 63
287 444 1
107 132 1
44 333 5
59 446 3
262 403 1
34 283 17
216 494 3
254 438 3
119 369 1
53 435 13
345 351 43
438 503 3
256 276 8
89 122 1
47 453 1
24 319 1
9 476 1
181 508 1
232 235 58
457 487 7
60 287 1
140 263 8
371 481 1
275 287 17
158 300 9
5 32 2
311 469 1
52 393 6
162 331 20
432 445 27
266 459 1
48 238 3
330 354 5
94 219 1
247 404 3
112 221 3
196 259 1
200 292 1
353 422 1
63 122 15
170 217 1
113 312 1
54 281 1
116 279 1
13 437 13
197 398 49
421 477 3
141 148 4
56 454 56
238 460 14
12 383 1
12 121 3
251 489 15
23 299 2
42 70 2
428 481 3
80 162 40
338 469 1
185 194 1
19 347 2
76 224 1
458 466 14
307 315 19
161 317 2
234 266 1
213 441 13
44 322 5
232 238 29
8 265 8
222 510 3
74 168 2
82 308 2
34 398 1
68 90 2
1 402 1
42 277 2
41 119 1
289 487 1
76 443 1
308 499 1
87 175 87
151 350 2
199 357 1
123 431 3
242 499 15
452 480 7
37 297 37
104 163 1
12 393 12
273 455 1
192 253 3
27 221 27
371 374 46
137 296 4
125 263 1
215 352 1
166 461 1
492 501 15
223 400 6
85 465 1
122 244 122
109 376 1
159 483 1
36 322 2
115 117 14
244 480 30
174 464 1
23 487 1
42 370 5
82 257 2
220 319 1
65 138 8
23 188 23
37 459 1
507 511 63
56 150 1
32 501 1
310 456 1
36 424 1
78 309 19
200 255 3
269 317 4
213 465 3
389 456 3
8 181 2
58 234 58
142 285 142
110 436 27
312 363 2
2 344 2
7 474 7
65 213 1
73 273 4
6 26 6
231 415 3
94 511 1
167 363 5
122 498 15
246 286 1
14 239 14
159 196 1
223 404 6
8 35 8
45 266 2
242 426 3
374 382 23
256 260 32
5 180 5
103 415 103
91 419 1
62 70 1
285 467 1
223 304 1
277 338 2
409 487 3
204 225 3
77 305 38
137 327 2
60 508 15
87 171 21
12 392 12
2 134 2
249 413 3
233 304 1
126 379 1
10 84 10
102 500 3
262 280 8
238 407 3
10 172 10
364 470 1
43 86 43
166 343 10
389 491 3
34 36 4
12 288 1
22 98 1
147 303 18
421 426 26
290 312 9
101 205 25
36 246 1
193 203 12
246 497 15
56 139 1
2 176 2
148 428 1
292 327 2
194 395 24
134 251 1
197 276 1
252 254 63
8 128 8
231 429 3
99 220 6
131 164 2
33 385 1
327 374 5
47 363 11
195 207 12
3 456 3
12 242 3
195 225 3
93 165 5
2 11 2
13 427 13
63 471 7
42 258 2
273 481 1
341 484 1
85 340 85
53 127 3
5 45 5
2 222 1
449 455 56
29 119 29
120 417 3
198 342 1
458 504 7
175 331 10
277 293 4
90 176 22
44 318 2
22 89 22
111 120 3
120 240 120
163 268 2
53 259 1
139 337 2
39 313 39
97 99 24
194 384 48
48 338 1
27 126 3
10 163 10
87 395 1
202 400 50
415 459 3
229 242 7
138 277 138
244 393 3
175 447 1
209 311 1
103 318 1
66 314 4
143 425 1
69 286 17
7 56 7
337 375 5
79 386 1
244 486 30
17 316 4
144 437 1
90 365 45
90 131 2
180 403 1
28 231 28
422 447 13
76 125 1
20 429 1
29 454 14
31 506 31
22 338 5
63 217 3
7 507 7
60 400 3
1 291 1
94 387 1
42 175 21
318 450 1
33 65 16
125 460 7
127 457 7
15 243 15
30 486 30
79 148 9
128 251 1
116 500 7
63 367 1
16 34 8
185 352 11
44 221 1
121 509 15
212 422 26
220 438 27
48 264 1
304 414 1
42 245 1
193 196 24
10 395 1
167 481 1
71 367 2
222 313 1
264 483 1
226 250 7
248 259 1
136 488 1
60 374 1
148 240 1
22 236 1
1 131 1
55 222 55
289 292 36
122 173 1
30 454 7
499 508 31
339 357 5
181 459 1
419 491 3
503 507 31
40 436 1
139 433 1
11 495 1
68 276 34
150 379 2
320 338 10
3 494 3
184 363 11
216 366 1
199 431 6
24 352 1
268 287 8
1 471 1
221 296 1
294 442 1
74 91 2
145 440 1
210 213 26
58 408 3
6 249 3
3 199 3
19 86 2
197 455 3
120 468 7
382 480 1
221 276 1
9 139 4
218 436 218
125 319 1
126 349 1
348 462 1
217 220 27
200 217 6
113 225 56
8 99 1
313 422 1
117 170 1
58 374 1
2 41 2
111 314 1
155 377 2
61 123 61
193 437 6
310 325 2
397 445 6
300 319 9
164 476 1
86 173 86
94 186 23
145 375 2
19 51 1
11 455 1
131 252 1
323 350 10
493 511 15
44 192 1
1 306 1
106 211 26
231 398 3
64 311 4
285 306 4
54 305 1
499 507 31
279 348 2
79 382 2
26 47 1
24 398 24
232 468 58
3 460 3
16 318 4
24 93 1
37 251 1
91 360 45
57 453 28
293 396 1
25 102 25
224 473 14
190 369 23
488 493 61
121 487 121
330 375 5
14 57 14
201 250 3
163 295 2
25 436 6
346 393 1
33 496 1
225 478 14
227 418 3
418 466 3
248 496 248
15 105 3
89 482 1
9 148 9
125 244 15
211 290 1
246 490 61
459 474 14
245 459 7
158 255 1
136 432 1
14 224 14
342 420 1
237 376 1
120 353 1
219 327 1
72 376 2
16 219 1
219 223 27
452 477 14
75 312 9
85 177 5
221 297 1
176 291 2
35 129 8
123 126 15
58 449 14
31 326 1
42 342 42
60 330 1
74 503 1
294 344 2
349 410 1
134 268 134
181 416 1
12 411 12
95 380 95
171 484 1
158 439 1
328 432 1
99 356 1
271 378 2
144 237 1
246 431 3
46 93 46
150 450 1
59 93 1
12 408 12
274 441 1
35 406 1
161 308 2
200 206 25
171 249 1
18 37 18
2 348 2
101 127 3
326 339 10
142 283 35
319 508 1
119 507 7
13 33 1
147 297 18
250 491 15
202 235 3
26 322 1
151 408 1
32 249 1
18 315 9
51 345 1
343 481 1
82 186 5
213 215 53
90 348 5
273 326 2
162 280 2
22 185 11
263 456 1
205 449 3
31 446 3
125 304 1
110 222 55
254 272 1
81 107 1
104 470 3
81 160 40
155 157 19
42 267 2
115 228 57
8 67 8
8 256 8
30 114 7
193 400 12
47 395 1
435 486 3
192 246 3
108 489 3
204 406 25
88 176 88
50 439 6
52 134 1
97 452 3
169 446 1
293 394 1
329 448 1
96 312 1
302 450 1
241 478 7
115 227 28
239 449 14
229 266 1
89 367 22
116 245 7
217 428 13
471 477 29
65 279 8
226 287 1
360 430 1
77 448 1
5 23 5
365 440 1
113 227 113
283 490 1
338 343 42
2 191 2
37 454 1
101 122 3
90 117 1
303 467 1
449 479 14
86 146 2
18 74 18
15 34 1
440 489 3
78 156 78
175 392 1
203 423 6
1 8 1
216 279 1
224 242 7
14 461 14
238 388 3
10 328 10
1 477 1
7 226 7
1 456 1
456 508 7
127 234 7
12 404 12
402 424 6
326 420 1
348 494 1
107 405 6
225 461 28
83 365 5
406 443 6
139 412 1
125 255 31
268 400 1
248 376 1
106 172 1
155 282 4
222 253 3
278 460 1
191 193 1
1 411 1
435 499 3
163 323 40
98 150 1
243 407 3
165 370 5
218 261 1
169 488 1
139 174 2
247 467 7
343 347 21
415 461 3
8 36 4
67 434 1
135 344 2
81 394 1
290 370 2
62 291 1
269 493 1
159 424 1
15 360 1
243 487 243
212 431 53
233 284 1
246 401 3
252 502 31
63 137 1
1 266 1
294 438 1
102 219 6
169 339 169
452 457 28
56 375 1
154 505 1
11 382 11
75 481 1
261 431 1
162 253 1
144 286 4
99 312 1
129 182 2
237 466 29
13 49 6
56 495 7
220 411 6
273 293 4
37 149 37
190 511 1
54 378 1
216 424 13
204 473 3
11 422 1
183 436 1
65 506 1
125 422 3
87 145 2
55 98 6
267 269 33
63 395 3
213 286 1
91 459 1
331 340 10
193 255 3
37 227 1
295 337 2
140 333 2
77 289 9
5 331 5
1 24 1
187 297 2
185 495 1
3 272 1
65 290 4
464 508 7
269 510 1
313 327 2
75 386 1
283 293 4
11 380 11
230 295 1
32 258 32
190 380 190
19 467 1
4 406 1
436 445 27
28 451 28
76 314 19
386 464 3
276 286 17
200 384 12
1 512 1
184 278 2
240 485 60
382 450 1
51 414 51
16 175 2
1 195 1
298 503 1
302 335 2
346 404 1
242 325 1
431 465 3
139 289 4
4 260 4
289 376 2
371 381 23
352 431 1
210 394 6
197 388 24
189 318 2
228 329 1
108 363 1
167 203 1
176 366 22
73 292 73
52 420 52
194 228 3
291 336 2
390 498 3
4 136 4
377 388 1
156 299 9
1 198 1
207 322 1
69 275 34
29 116 29
214 217 13
243 276 1
108 221 27
121 511 15
136 281 17
352 459 1
144 414 1
5 348 5
51 415 51
133 138 8
240 292 1
148 492 1
70 177 2
1 293 1
35 276 17
173 386 1
282 391 1
442 465 3
219 386 6
106 215 53
36 375 2
23 93 23
226 361 1
240 349 1
177 234 1
73 247 1
252 333 1
41 165 41
138 175 2
1 368 1
145 154 9
209 303 1
140 286 35
6 398 6
75 378 2
118 443 3
19 389 1
13 111 13
171 226 1
203 431 6
139 481 1
45 477 1
266 417 1
345 357 5
7 29 7
4 56 1
94 369 23
377 429 1
15 490 15
30 125 15
104 437 13
92 378 23
66 170 2
181 298 2
174 335 10
249 508 31
138 249 1
168 338 84
293 455 1
291 319 9
95 376 47
261 371 2
116 124 7
82 85 10
162 399 1
15 62 15
237 454 14
164 432 1
63 465 7
38 78 19
204 432 6
228 486 7
426 446 13
342 441 1
147 347 2
363 390 1
2 138 2
106 107 53
150 351 2
244 505 15
387 389 48
245 498 15
103 355 1
101 203 101
474 484 7
99 192 24
206 462 3
37 294 18
91 198 1
190 280 2
212 440 13
86 179 5
268 311 4
11 379 11
27 54 27
113 193 3
185 375 46
90 363 90
314 352 2
413 428 6
200 438 6
5 183 5
1 241 1
55 265 1
176 359 44
15 401 3
480 497 15
248 348 1
23 325 5
22 93 11
332 475 1
227 388 3
65 262 65
58 331 1
202 204 25
29 475 29
145 198 1
149 292 18
246 502 15
216 301 1
406 467 3
245 372 1
78 270 4
67 256 16
80 330 20
2 129 2
290 329 2
390 437 6
303 461 1
10 112 1
6 502 3
201 219 6
325 385 1
253 491 15
153 339 2
33 454 1
4 64 4
53 274 1
307 313 19
141 460 1
137 280 17
351 391 1
113 432 3
41 95 5
18 494 1
1 458 1
467 475 29
2 82 2
136 407 1
42 346 21
273 487 1
69 218 1
34 271 8
26 338 1
76 169 2
96 202 12
53 104 26
153 424 1
96 398 24
139 286 17
80 327 40
134 171 2
388 394 24
111 446 111
247 367 1
106 185 1
372 463 1
42 210 1
272 277 34
424 447 13
245 482 30
47 74 2
89 352 44
194 393 24
1 77 1
140 258 8
8 143 8
254 370 1
177 189 11
507 509 63
186 192 1
270 371 2
327 331 20
58 317 1
6 454 3
112 417 3
175 332 10
38 333 2
124 451 7
451 472 14
128 463 1
73 302 18
118 298 1
191 497 1
396 494 3
230 425 3
83 327 20
9 18 9
170 436 1
93 397 1
273 379 2
148 224 1
160 162 40
2 308 2
98 434 6
263 307 4
327 451 1
130 276 8
137 492 1
414 504 3
115 370 1
166 202 1
228 450 28
157 319 39
191 218 1
102 384 12
138 171 2
45 318 2
100 212 6
495 505 15
127 504 63
79 406 1
169 225 1
252 340 1
279 291 4
301 339 2
45 235 1
8 279 8
232 456 14
40 47 5
165 332 41
381 443 1
402 478 3
216 258 1
339 432 1
116 325 1
338 480 1
329 339 10
108 214 13
358 379 11
65 259 32
293 473 1
70 268 8
321 445 1
13 497 3
324 353 5
66 171 2
199 492 3
79 229 1
17 280 17
213 360 1
22 360 22
17 34 17
183 381 11
232 476 29
64 66 16
73 314 9
3 15 3
11 210 1
86 318 2
182 360 45
102 374 1
29 442 3
22 230 1
71 130 8
103 333 1
444 492 3
217 442 27
14 114 14
42 455 1
455 478 14
88 442 1
422 427 26
104 386 6
328 440 1
236 292 1
63 387 3
217 406 6
431 504 3
114 457 114
164 307 2
216 302 1
233 280 1
351 387 1
142 408 1
56 458 28
292 367 2
444 482 3
1 169 1
31 32 1
3 118 3
115 271 1
86 380 5
4 103 1
76 311 38
306 309 38
483 497 15
405 422 6
96 391 48
269 496 1
408 501 3
1 338 1
335 507 1
106 131 1
189 441 1
132 396 1
286 311 4
140 439 1
13 151 1
14 392 3
150 245 1
116 140 1
374 416 1
506 509 63
20 38 2
107 195 6
53 430 53
92 341 5
80 285 2
14 59 14
161 384 1
186 397 1
103 222 6
171 246 1
187 188 23
8 233 1
302 455 1
404 416 6
40 44 5
26 427 26
220 340 1
388 410 12
128 468 1
137 229 1
83 352 5
105 416 52
43 85 21
180 503 1
5 94 5
300 366 2
67 203 1
241 285 1
339 499 1
3 190 1
247 494 247
143 358 2
346 375 5
389 448 3
85 273 2
458 464 14
135 270 135
36 224 1
422 438 13
12 415 12
1 480 1
260 276 8
51 169 1
213 217 13
37 97 1
145 182 2
16 112 1
168 217 1
68 141 17
316 492 1
399 455 3
135 148 4
30 192 3
125 490 15
131 336 2
422 428 26
242 385 3
301 306 9
215 427 53
65 268 16
95 339 5
66 293 4
268 434 1
15 470 7
2 190 2
129 137 8
83 503 1
71 239 1
246 363 1
42 325 10
19 284 4
30 495 30
228 356 1
86 309 2
6 61 3
55 343 1
115 127 7
158 427 1
228 343 1
473 492 7
22 392 1
144 223 1
153 279 4
209 313 1
16 257 16
460 475 14
130 477 1
205 206 51
303 418 1
56 171 1
11 371 11
311 453 1
158 392 1
492 500 15
395 418 6
67 285 8
348 417 1
329 342 10
426 464 3
297 405 1
95 368 23
22 314 2
167 465 1
502 511 31
344 400 1
68 157 4
107 373 1
178 249 1
245 505 15
349 449 1
280 347 2
383 452 1
18 300 18
166 325 20
37 505 1
230 499 7
56 117 14
168 445 1
327 477 1
95 305 2
162 330 20
435 507 3
116 464 116
1 260 1
85 174 21
239 490 7
11 181 11
166 338 10
187 302 2
38 277 4
188 259 2
35 428 1
62 131 1
278 500 1
42 71 2
367 414 1
138 188 2
127 143 1
45 377 11
464 491 7
238 412 3
264 331 2
182 391 1
95 153 2
92 492 1
238 488 7
155 198 1
354 382 11
48 164 1
503 505 31
71 133 8
20 84 10
6 53 6
90 212 1
491 493 61
211 423 211
23 32 2
189 273 2
311 329 2
440 511 3
1 147 1
173 314 2
41 285 2
61 447 3
353 458 1
56 232 14
64 153 4
376 496 1
272 283 17
126 296 1
105 420 105
212 281 1
138 403 1
29 478 29
47 123 1
27 124 3
49 170 1
100 203 50
229 449 28
73 296 18
94 432 1
58 296 1
19 98 1
178 450 1
473 488 7
8 285 8
10 168 10
40 82 20
330 484 1
217 351 1
486 493 30
196 247 3
284 487 1
60 202 3
87 173 43
18 194 1
53 77 1
433 500 3
173 442 1
395 503 3
278 478 1
126 253 126
49 397 49
52 199 6
184 454 1
193 297 1
31 351 1
490 509 15
247 292 1
302 512 4
64 115 1
52 404 6
172 485 1
143 512 8
1 136 1
37 303 37
203 405 101
14 470 14
158 342 2
60 341 1
164 300 2
83 452 1
177 232 1
12 192 12
90 402 1
265 272 8
181 182 45
89 203 1
234 319 1
128 270 16
168 403 1
131 213 1
234 476 29
354 375 11
196 495 3
264 285 8
242 451 7
105 266 1
329 341 10
158 327 2
57 220 3
121 260 1
23 368 23
86 112 1
111 290 1
219 286 1
2 170 2
407 486 3
230 460 230
285 367 2
257 460 1
164 502 1
204 337 1
425 448 3
13 335 1
99 113 3
87 402 1
101 458 3
352 364 22
27 414 6
66 121 1
4 91 2
66 264 66
158 317 158
192 404 12
325 342 10
246 448 7
468 472 29
192 399 24
295 340 2
151 460 1
141 468 1
218 437 218
485 500 15
298 318 9
228 460 57
71 124 1
244 481 30
68 136 68
223 261 1
58 106 3
70 340 2
71 471 1
384 497 3
201 253 3
24 389 24
181 362 181
9 181 2
83 163 20
38 369 2
99 486 3
9 487 1
211 431 26
424 508 3
81 294 2
305 369 2
228 474 14
97 366 1
94 420 1
47 184 23
202 347 1
5 321 5
328 446 1
142 219 1
152 156 19
286 406 1
212 438 13
176 358 44
315 391 1
150 213 1
191 201 1
10 345 10
290 303 18
169 418 1
129 131 32
193 475 3
6 194 6
52 375 1
2 254 1
65 79 4
6 298 1
271 380 2
239 464 29
162 249 1
10 216 1
402 500 3
169 220 1
365 383 11
181 423 1
229 508 7
480 490 30
25 337 1
313 355 2
52 215 26
92 187 46
316 377 2
326 450 1
43 476 1
39 144 9
1 295 1
15 56 7
402 450 3
461 501 7
158 428 1
170 177 5
40 400 1
20 494 1
59 285 1
13 332 1
10 182 5
184 322 5
185 474 1
155 285 4
2 92 2
69 230 1
294 323 2
104 497 3
54 104 13
30 314 1
367 486 1
86 168 21
74 260 4
46 432 1
63 495 15
219 438 219
151 175 2
205 213 6
1 299 1
394 512 1
178 433 1
36 352 2
15 466 7
60 113 7
95 183 11
76 313 19
117 355 1
47 480 1
261 406 1
10 164 10
405 487 3
272 286 17
243 267 1
65 485 1
48 394 24
306 318 19
10 37 2
102 390 12
104 192 6
55 267 1
154 172 2
242 480 60
179 378 11
291 354 2
1 311 1
193 347 1
482 488 30
189 452 1
21 163 10
72 377 2
146 355 2
165 365 5
16 271 16
179 238 1
91 219 1
212 423 26
307 447 1
158 501 1
233 478 29
124 497 124
130 259 32
1 30 1
192 203 12
412 479 3
220 222 55
129 487 1
344 504 1
218 375 1
254 422 3
456 478 14
363 442 1
53 379 1
26 135 1
114 121 7
163 426 1
318 344 2
126 315 1
342 503 1
371 383 23
22 364 22
21 361 5
7 252 7
504 511 63
180 243 1
99 244 3
389 403 12
68 302 4
140 304 4
150 456 1
78 85 2
8 152 4
143 390 1
283 370 2
101 233 3
329 374 5
11 359 11
82 335 41
105 379 1
255 385 3
6 370 1
202 391 12
360 370 11
22 176 22
146 166 2
125 254 31
71 252 1
1 460 1
66 305 4
329 420 1
187 377 23
173 217 1
121 215 3
196 420 6
1 223 1
84 343 42
96 399 24
56 224 56
73 337 2
6 432 6
40 388 1
291 480 1
255 265 1
116 465 116
208 222 13
254 359 1
310 392 1
394 405 12
88 480 1
116 206 3
388 510 3
111 395 6
60 265 1
152 389 1
81 233 1
77 80 2
9 243 1
21 269 2
89 176 44
107 406 6
259 416 1
90 378 11
4 282 4
20 66 2
499 502 62
46 349 5
20 373 5
2 343 2
66 67 33
312 353 2
259 275 8
393 486 3
62 303 1
429 437 13
3 114 3
76 356 2
246 405 3
41 379 5
5 168 5
4 305 4
371 390 1
229 397 3
176 433 1
226 450 56
241 402 3
237 425 3
292 449 1
157 202 1
185 372 46
137 278 34
72 301 18
200 491 3
13 441 13
18 70 4
184 342 5
192 330 1
47 506 1
431 470 3
114 442 3
119 453 14
297 425 1
54 216 54
60 71 1
348 408 1
1 297 1
121 122 30
308 358 2
285 313 4
188 345 5
450 457 28
27 418 13
8 210 1
65 351 2
20 168 10
41 90 5
31 453 7
121 448 7
103 413 103
453 499 7
133 360 2
170 290 2
66 179 2
257 285 8
134 295 4
233 450 14
31 337 1
149 367 2
207 462 3
452 456 28
64 369 2
82 325 20
41 345 10
220 440 220
54 198 6
209 426 26
136 266 8
3 208 3
83 162 20
3 354 1
284 486 1
409 472 3
78 320 2
26 62 3
176 451 1
29 139 1
499 503 62
195 463 3
116 171 1
293 489 1
175 283 2
4 16 4
268 282 8
36 506 1
233 425 3
22 456 1
124 133 1
308 501 1
109 223 27
62 230 7
37 222 1
191 386 1
9 340 2
131 331 2
336 349 21
154 330 2
23 507 1
208 368 1
275 500 1
10 373 5
100 349 1
77 352 2
175 344 43
102 365 1
450 494 7
221 283 1
33 271 33
90 490 1
239 351 1
193 407 12
200 228 3
200 502 3
20 303 2
32 479 1
272 472 1
36 57 1
183 363 45
27 435 27
73 230 1
202 443 6
369 373 46
63 74 1
361 478 1
440 478 3
104 245 3
41 99 1
161 336 10
254 501 31
135 264 33
117 232 58
462 503 7
163 212 1
25 455 3
71 285 71
56 450 56
17 349 2
94 183 11
38 190 2
172 254 1
238 433 3
324 382 5
90 267 2
14 199 3
276 399 1
167 411 1
306 431 1
207 403 25
200 309 1
240 510 15
291 427 1
119 197 3
239 456 14
287 430 1
1 40 1
36 298 18
377 381 47
403 426 6
228 442 3
84 339 84
2 381 2
132 304 4
246 358 1
13 452 3
87 226 1
10 155 2
456 464 14
160 251 1
16 464 1
269 373 2
38 507 1
467 468 58
71 259 8
390 432 6
219 282 1
259 276 8
100 103 25
200 452 3
452 466 14
239 293 1
212 397 6
36 195 1
5 372 5
128 381 2
159 258 4
470 489 7
12 402 12
437 445 27
77 343 2
125 187 1
208 447 13
212 437 13
58 235 58
19 316 19
344 488 1
5 161 5
307 319 19
14 456 14
164 171 10
47 133 2
10 133 2
200 407 50
212 223 13
219 300 1
25 53 6
88 331 5
47 135 2
177 179 44
137 257 8
11 128 2
382 496 1
461 510 7
203 247 3
17 345 2
224 345 1
36 266 4
259 407 1
99 483 3
74 145 18
50 104 6
129 347 2
99 241 3
83 118 1
243 327 1
78 146 9
27 422 13
359 497 1
427 445 13
253 506 253
51 131 1
452 510 7
93 149 2
2 366 2
141 457 1
88 309 2
176 374 11
152 311 38
360 398 1
16 322 2
458 461 57
318 486 1
17 368 2
250 424 3
454 460 28
101 238 3
154 163 2
97 337 1
183 184 11
117 453 14
213 377 1
28 375 1
141 333 2
63 254 63
126 412 3
116 247 7
355 369 11
165 330 165
30 472 7
367 393 1
170 491 1
230 408 3
31 374 1
57 458 57
415 482 3
306 312 19
172 387 1
252 488 15
170 397 1
11 472 1
110 437 27
93 109 1
283 373 2
218 422 13
136 253 1
84 186 5
22 97 1
130 401 1
69 138 69
262 479 1
345 444 1
3 510 3
148 160 2
105 109 13
161 167 20
269 486 1
30 245 30
69 334 2
17 143 17
75 294 18
45 177 22
61 485 30
221 439 27
7 242 7
48 512 1
362 488 1
115 452 28
267 307 4
366 398 1
216 314 1
189 371 23
232 374 1
212 406 6
32 512 32
80 141 2
146 377 2
32 124 1
249 468 7
52 421 52
287 463 1
19 318 19
64 264 16
360 377 11
31 501 31
9 157 9
17 237 1
5 341 5
4 226 1
30 487 30
201 458 3
81 396 1
173 326 10
167 321 20
131 463 1
191 373 23
127 225 7
292 418 1
71 143 71
100 386 12
180 460 1
485 506 15
391 492 3
248 394 3
37 290 18
81 82 20
74 467 1
404 489 3
346 437 1
11 178 11
6 436 6
218 416 13
38 499 1
223 316 1
30 318 1
32 344 2
133 395 1
38 355 2
222 445 222
260 325 2
407 439 6
166 409 1
1 250 1
325 376 5
83 102 1
248 385 3
417 453 3
467 471 58
2 52 1
107 430 107
115 133 1
55 424 13
214 424 53
335 415 1
46 479 1
136 220 1
100 236 3
39 311 19
218 317 1
78 351 2
335 339 10
77 433 1
76 233 1
256 465 1
5 342 5
272 343 2
70 260 8
217 445 27
246 492 246
280 337 2
151 193 1
43 340 21
8 414 1
9 146 9
94 103 1
94 512 2
186 376 23
208 488 3
240 246 30
80 250 1
10 343 10
38 360 2
7 510 7
340 498 1
14 119 14
364 433 1
157 373 2
90 366 45
1 72 1
156 246 1
155 158 19
422 426 26
5 361 5
174 399 1
245 367 1
67 300 4
304 362 2
23 241 1
159 340 2
136 491 1
4 164 2
1 180 1
249 265 1
86 507 1
263 278 8
306 321 2
4 283 4
75 425 1
329 349 10
189 307 2
358 499 1
166 365 5
247 325 1
398 402 12
4 149 4
1 222 1
17 20 2
3 387 3
6 386 6
3 59 3
249 266 1
447 473 3
162 179 5
1 51 1
15 400 3
60 360 1
1 437 1
350 422 1
25 392 12
225 454 56
35 162 2
310 453 1
67 475 1
34 302 4
321 325 40
122 499 15
186 370 46
280 308 4
1 318 1
94 239 1
70 437 1
85 345 21
18 145 18
175 466 1
176 357 44
342 387 1
380 408 1
42 297 2
22 186 11
404 411 25
228 456 228
37 152 9
20 321 20
24 408 12
377 499 1
169 171 42
13 220 13
279 356 2
3 101 3
10 505 1
13 466 3
20 294 2
365 389 1
327 337 10
387 408 12
59 478 59
165 419 1
399 467 3
12 436 6
127 510 127
429 457 3
121 383 1
409 501 3
131 365 2
220 439 27
135 257 16
70 436 1
114 459 114
260 375 2
265 398 1
28 291 1
132 322 2
116 134 1
30 198 3
187 359 11
436 461 3
253 510 63
231 476 14
25 311 1
438 454 3
118 504 7
164 167 41
83 91 5
62 103 3
417 501 3
173 339 21
6 359 1
256 326 2
34 108 1
309 371 2
107 207 6
76 308 38
22 127 1
57 504 7
126 214 3
3 434 3
51 135 1
3 246 3
339 489 1
271 327 2
368 470 1
43 104 1
145 384 1
45 281 2
208 279 1
145 202 1
481 488 30
136 284 17
19 315 19
18 151 18
10 224 1
75 139 4
331 462 1
160 244 1
113 502 7
15 495 15
452 458 28
94 225 1
16 213 1
1 475 1
126 403 3
61 122 61
42 107 1
35 414 1
235 258 1
92 358 11
199 394 49
29 210 3
2 93 2
386 404 12
59 92 1
1 424 1
115 329 1
166 225 1
98 404 12
106 322 1
357 388 1
301 395 1
194 481 3
369 377 23
139 409 1
13 181 1
134 366 2
224 456 28
186 240 1
48 49 24
147 240 1
132 198 1
21 344 21
29 229 14
5 373 5
206 358 1
3 455 3
130 132 16
69 346 2
198 363 1
159 228 1
170 475 1
281 339 2
328 334 41
10 212 1
249 507 31
28 115 28
54 208 13
29 476 29
105 199 6
14 434 3
359 366 22
162 511 1
423 467 3
289 499 1
375 411 1
295 493 1
13 329 1
178 382 11
449 462 28
98 309 1
174 314 2
124 405 3
299 302 37
44 178 44
347 473 1
106 184 1
97 392 24
189 238 1
60 257 1
227 341 1
247 333 1
129 434 1
110 449 3
216 442 27
207 238 3
103 195 12
366 477 1
212 425 212
161 343 10
159 314 39
57 242 7
81 310 2
61 159 1
98 435 6
37 157 9
149 270 4
233 347 1
325 339 10
247 254 15
135 267 33
122 481 30
97 219 6
74 431 1
19 176 2
124 411 3
75 291 18
95 349 5
404 463 3
334 343 10
322 479 1
1 331 1
20 154 2
109 342 1
33 409 1
55 218 27
275 398 1
124 413 3
11 152 2
92 338 5
148 290 18
112 450 112
34 333 2
211 242 3
248 414 3
146 269 4
160 383 5
3 390 3
248 510 31
112 144 1
54 327 1
324 347 10
87 481 1
79 492 1
48 327 1
30 253 15
45 376 11
114 178 1
49 201 12
148 333 2
3 108 3
1 35 1
3 473 3
464 477 29
96 206 12
10 295 2
327 348 10
296 301 37
111 440 55
139 287 17
322 324 40
119 479 119
337 343 42
3 110 3
240 393 3
10 167 10
17 390 1
95 328 5
92 128 2
148 150 37
173 432 1
8 116 1
438 465 3
87 479 1
127 215 3
35 284 35
160 365 5
52 379 1
280 356 2
342 409 1
290 421 1
347 351 43
57 99 3
332 367 5
168 245 1
134 449 1
117 487 7
19 314 19
169 197 1
64 450 1
239 303 1
508 512 1
409 438 6
3 430 3
62 125 62
223 470 3
168 194 1
391 401 12
44 315 2
28 328 1
19 159 19
196 503 3
55 422 13
169 238 1
10 339 10
258 261 32
78 424 1
173 200 1
292 464 1
60 101 3
146 317 9
118 232 29
109 423 13
162 324 162
78 510 1
18 132 4
252 496 31
36 157 9
228 348 1
133 458 1
387 391 48
35 444 1
5 166 5
28 276 1
42 224 1
18 183 2
5 382 5
365 405 1
254 334 1
173 352 5
41 482 1
334 463 1
3 200 3
4 437 1
222 374 1
145 404 1
232 373 1
444 465 3
253 487 15
116 510 7
143 433 1
244 392 3
98 175 1
2 412 1
8 482 1
215 500 3
327 336 10
11 90 11
21 65 2
4 133 4
330 378 5
170 322 10
255 424 3
338 429 1
23 189 23
4 273 4
30 350 1
313 373 2
387 397 24
242 452 7
79 323 2
106 417 26
113 213 3
162 211 1
73 232 1
8 274 8
185 464 1
99 363 1
216 438 54
36 265 4
2 133 2
6 268 1
20 227 1
202 441 6
192 334 1
336 360 5
38 215 1
99 209 6
264 277 8
435 436 54
50 80 1
346 363 5
228 462 57
90 160 5
54 185 1
60 483 60
288 295 36
263 411 1
307 314 19
300 360 2
150 467 1
152 358 2
439 489 3
78 132 4
8 284 8
188 383 47
127 488 15
77 166 2
56 296 1
455 472 14
265 404 1
55 473 3
218 347 1
102 415 51
32 113 1
12 400 12
180 311 2
73 199 1
313 504 1
316 358 2
66 95 2
74 206 1
183 414 1
59 479 59
75 313 9
433 497 3
122 258 1
64 188 2
167 356 5
7 235 7
146 371 2
3 138 1
3 215 3
112 313 1
106 499 3
3 51 3
211 429 26
219 497 3
22 495 1
17 337 2
163 269 2
287 413 1
130 286 8
231 455 28
67 481 1
170 328 10
242 351 1
15 499 15
18 286 4
121 277 1
261 399 1
362 446 1
119 198 3
341 476 1
79 304 19
8 142 8
17 254 1
120 275 1
136 324 2
343 407 1
31 251 31
358 371 11
268 332 2
7 125 7
314 409 1
97 214 6
16 267 16
144 217 1
109 436 109
263 415 1
245 490 245
21 395 1
83 250 1
146 409 1
245 247 61
21 84 21
154 258 4
153 407 1
54 74 1
59 363 1
211 302 1
300 480 1
358 393 1
176 180 22
404 409 25
122 483 30
129 475 1
112 167 1
48 96 48
28 304 1
62 63 31
440 509 3
231 456 57
10 160 10
60 160 1
235 506 7
4 268 4
3 57 3
170 185 5
268 274 8
240 242 60
22 23 11
133 166 2
368 381 23
212 418 26
104 210 52
377 493 1
140 461 1
162 199 1
370 374 46
423 466 3
376 410 1
340 485 1
17 268 8
266 501 1
229 458 229
88 99 1
210 216 13
129 284 8
27 331 1
353 445 1
235 499 7
128 317 4
326 479 1
262 458 1
60 306 1
320 484 1
96 233 3
187 190 23
197 265 1
1 482 1
99 508 3
129 130 32
15 464 7
4 285 4
294 365 2
7 460 7
26 212 26
50 406 50
212 238 3
195 407 12
243 506 15
78 486 1
443 448 3
12 104 6
294 425 1
80 488 1
436 480 3
129 498 1
285 489 1
15 110 3
56 430 3
435 481 3
14 32 1
46 186 46
15 485 15
59 434 3
213 509 3
129 410 1
189 327 5
323 436 1
214 500 3
1 288 1
141 355 2
413 480 3
246 408 3
189 353 11
10 332 10
137 422 1
372 470 1
143 278 17
51 403 25
77 406 1
174 189 5
453 457 28
384 509 3
185 261 2
110 232 3
225 471 14
127 223 3
439 497 3
135 365 2
422 443 13
50 343 1
83 248 1
348 353 5
19 173 2
101 403 50
145 424 1
90 373 11
204 363 1
456 489 7
148 202 1
58 124 7
143 283 35
128 342 2
1 226 1
272 488 1
113 406 3
313 416 1
299 482 1
48 379 1
242 313 1
253 496 31
170 274 2
12 170 1
30 247 30
1 285 1
272 279 34
69 171 2
28 471 14
114 491 7
454 480 7
264 321 2
58 378 1
155 278 4
67 146 4
283 287 35
162 367 5
69 326 2
3 411 3
267 366 2
257 400 1
215 425 53
59 90 1
144 288 144
397 402 12
225 375 1
337 345 21
129 304 4
327 488 1
245 483 30
33 273 8
318 360 2
200 404 50
285 362 2
72 175 2
76 312 19
75 220 1
195 224 3
56 374 1
15 492 15
23 180 11
109 407 6
477 506 7
261 334 2
27 443 27
59 226 14
79 295 9
117 198 3
98 222 6
418 438 13
49 197 49
90 380 11
13 447 13
229 453 28
193 501 3
278 336 2
13 214 13
215 431 215
49 411 12
73 268 4
282 487 1
3 420 3
22 45 22
9 306 9
309 499 1
192 224 3
92 314 2
299 494 1
53 454 3
3 58 3
132 151 4
60 463 7
25 32 1
34 273 34
438 447 27
283 469 1
339 399 1
158 312 39
72 240 1
54 405 6
214 473 3
47 137 2
34 276 34
85 193 1
199 334 1
79 147 9
6 378 1
151 476 1
272 344 2
186 481 1
212 419 26
52 425 26
39 281 4
173 476 1
393 464 3
109 315 1
248 266 1
152 423 1
478 484 7
51 141 1
111 337 1
500 505 31
42 471 1
483 500 15
186 325 5
146 329 2
27 448 3
74 428 1
20 25 1
315 449 1
114 456 114
501 509 31
361 437 1
246 285 1
162 165 20
432 437 54
287 466 1
418 436 13
140 252 1
160 213 1
106 265 1
294 474 1
356 450 1
19 185 2
36 77 9
313 471 1
22 308 2
74 462 1
372 486 1
358 370 11
14 462 14
196 387 24
66 502 1
239 479 239
2 356 2
99 396 99
102 434 6
353 368 11
123 274 1
98 213 6
246 298 1
74 295 18
247 347 1
329 417 1
167 387 1
382 415 1
363 499 1
259 293 4
283 407 1
69 345 2
136 283 17
209 215 26
64 166 2
32 259 32
322 342 10
187 235 1
223 283 1
69 142 17
7 315 1
140 480 1
13 203 6
140 280 140
1 216 1
61 227 7
154 366 2
330 508 1
220 468 3
304 345 2
213 231 3
276 364 2
307 480 1
23 382 23
18 114 1
174 251 1
5 13 1
4 249 1
190 237 1
80 292 2
150 346 2
119 491 7
11 361 11
64 268 16
250 387 3
252 332 1
166 444 1
165 173 10
79 371 2
177 307 2
250 406 3
265 460 1
11 246 1
357 381 11
408 425 6
3 105 3
313 350 2
460 471 14
50 197 12
334 498 1
497 503 62
1 410 1
33 323 2
66 353 2
344 511 1
106 366 1
82 266 2
217 225 3
198 414 12
259 383 2
77 156 19
185 188 23
18 59 1
80 325 40
29 465 29
185 467 1
224 429 3
321 335 20
131 134 16
17 265 8
144 270 4
344 432 1
295 462 1
348 443 1
489 508 15
1 209 1
38 176 2
167 329 41
132 307 4
416 427 26
249 501 62
300 310 9
41 368 5
28 360 1
368 374 46
130 427 1
41 321 20
385 475 3
261 414 1
8 37 4
89 227 1
19 449 1
417 427 26
297 431 1
1 91 1
367 460 1
155 342 2
137 275 137
305 311 38
40 492 1
247 376 1
1 270 1
4 294 4
246 395 3
478 489 7
120 121 60
241 492 30
243 486 243
59 118 59
50 293 1
1 462 1
78 138 4
205 411 205
46 312 2
184 492 1
36 144 36
216 474 3
388 448 3
37 94 2
40 150 2
394 418 6
117 150 1
430 447 13
161 205 1
177 320 5
314 332 2
141 282 141
264 395 1
310 473 1
105 409 6
56 371 1
52 187 1
85 454 1
34 303 4
210 236 3
113 269 1
199 288 1
104 183 1
4 506 1
47 495 1
88 175 5
48 339 1
84 337 84
296 414 1
408 503 3
76 323 2
10 86 10
3 50 3
342 380 5
15 330 1
28 226 28
100 204 25
383 411 1
299 398 1
405 415 25
161 269 2
39 153 19
302 443 1
51 100 25
432 481 3
367 463 1
203 204 25
207 492 3
107 212 53
267 310 4
292 494 1
41 82 41
225 249 7
241 503 15
144 292 36
135 191 2
262 485 1
334 499 1
499 510 31
106 232 3
252 294 1
222 432 27
97 204 12
281 392 1
204 376 1
79 322 2
220 286 1
499 501 62
273 305 4
392 500 3
79 169 2
11 21 5
112 449 112
206 221 6
162 325 162
21 48 1
126 174 1
148 179 2
25 105 6
75 303 75
163 409 1
425 459 3
397 480 3
55 439 27
41 347 10
335 337 10
26 67 1
176 363 22
149 313 9
79 176 2
213 419 26
232 404 3
26 357 1
15 122 15
83 326 20
165 490 1
5 172 5
16 116 1
123 488 61
135 287 8
5 185 5
14 187 1
193 194 48
56 58 14
244 251 15
322 331 20
397 415 12
7 322 1
114 449 28
157 414 1
27 167 1
129 343 2
92 184 92
30 494 30
75 301 75
11 222 1
173 357 5
1 314 1
202 410 25
150 298 37
244 508 15
218 447 27
209 223 13
7 455 7
381 455 1
70 286 35
8 342 2
189 386 1
70 140 70
408 506 3
162 210 1
282 511 1
305 406 1
29 414 3
253 509 63
443 460 3
159 180 2
24 388 24
245 486 30
8 145 4
93 334 5
335 368 5
42 109 1
450 511 7
171 227 1
154 315 19
1 346 1
80 331 20
144 211 1
189 477 1
2 76 2
215 487 3
20 310 2
14 307 1
52 151 1
379 458 1
243 271 1
112 452 56
164 405 1
51 204 51
163 446 1
56 118 14
457 461 57
169 483 1
318 333 2
334 385 1
137 284 17
5 356 5
27 433 27
182 355 22
47 381 47
192 502 3
51 399 12
126 141 1
220 249 3
27 342 1
146 452 1
29 278 1
418 444 13
195 392 24
76 298 9
163 389 1
436 460 3
194 493 3
2 175 2
302 333 2
19 206 1
13 445 13
199 313 1
248 254 31
34 226 1
27 230 3
451 508 7
363 366 45
258 404 1
423 429 26
17 445 1
30 193 3
89 179 89
72 151 18
249 445 3
214 510 3
304 310 38
338 510 1
252 510 63
33 289 4
176 360 22
86 349 43
31 253 31
85 397 1
74 193 1
63 303 1
391 502 3
229 308 1
164 190 5
116 341 1
45 496 1
52 442 13
330 415 1
51 55 6
374 486 1
327 498 1
392 437 6
34 190 2
230 449 28
442 490 3
209 452 3
477 490 7
5 339 5
343 346 21
393 509 3
35 63 1
228 491 7
303 364 2
181 471 1
155 512 4
92 282 2
25 484 3
156 260 4
355 494 1
100 254 3
104 417 104
412 436 6
302 410 1
89 246 1
386 393 24
164 329 164
62 330 1
226 370 1
224 452 56
92 292 2
12 376 1
337 363 5
299 321 2
176 333 5
111 435 27
201 437 6
44 369 11
218 471 3
62 249 62
18 475 1
105 367 1
239 384 3
238 458 14
105 463 3
2 325 2
150 291 18
273 372 2
35 277 17
231 511 7
187 328 5
94 222 1
259 447 1
168 305 2
181 365 45
224 379 1
106 409 6
152 313 19
101 445 6
257 486 1
179 382 11
182 197 1
234 417 3
48 131 1
90 120 1
117 278 1
70 258 8
82 134 2
4 317 4
248 502 62
115 478 14
43 83 10
95 207 1
2 265 2
8 275 8
35 409 1
182 330 5
106 478 3
45 314 2
25 228 3
2 364 2
426 512 1
263 380 2
131 272 8
314 459 1
97 510 3
21 58 1
126 362 1
25 367 1
363 476 1
72 293 36
59 264 1
143 367 2
261 460 1
156 310 19
7 473 7
202 394 12
12 326 1
80 99 1
98 262 1
1 421 1
7 121 7
101 273 1
143 281 35
48 220 6
42 441 1
249 252 31
43 116 1
