stage,mode,n,seed,shuffle_labels,shuffle_queries,gen_ok,solver_rc,timed_out,val_ok,sec,rss_kb,case_dir
correctness_smoke,comb_rect_dense,128,1,0,0,1,0,0,1,0.014826,2752,/Users/free_1/Library/Mobile Documents/iCloud~md~obsidian/Documents/cpp-checker/branch_3/artifacts/lca_tree_stress_v5/boj3s_gate/runs/correctness_smoke/comb_rect_dense/n128/seed1_L0_Q0
correctness_smoke,comb_rect_dense,128,1,0,1,1,0,0,1,0.026217,2704,/Users/free_1/Library/Mobile Documents/iCloud~md~obsidian/Documents/cpp-checker/branch_3/artifacts/lca_tree_stress_v5/boj3s_gate/runs/correctness_smoke/comb_rect_dense/n128/seed1_L0_Q1
correctness_smoke,comb_rect_dense,128,1,1,0,1,0,0,1,0.025475,2720,/Users/free_1/Library/Mobile Documents/iCloud~md~obsidian/Documents/cpp-checker/branch_3/artifacts/lca_tree_stress_v5/boj3s_gate/runs/correctness_smoke/comb_rect_dense/n128/seed1_L1_Q0
correctness_smoke,comb_rect_dense,128,1,1,1,1,0,0,1,0.025343,2704,/Users/free_1/Library/Mobile Documents/iCloud~md~obsidian/Documents/cpp-checker/branch_3/artifacts/lca_tree_stress_v5/boj3s_gate/runs/correctness_smoke/comb_rect_dense/n128/seed1_L1_Q1
correctness_smoke,comb_rect_dense,128,2,0,0,1,0,0,1,0.024573,2736,/Users/free_1/Library/Mobile Documents/iCloud~md~obsidian/Documents/cpp-checker/branch_3/artifacts/lca_tree_stress_v5/boj3s_gate/runs/correctness_smoke/comb_rect_dense/n128/seed2_L0_Q0
correctness_smoke,comb_rect_dense,128,2,0,1,1,0,0,1,0.025006,2736,/Users/free_1/Library/Mobile Documents/iCloud~md~obsidian/Documents/cpp-checker/branch_3/artifacts/lca_tree_stress_v5/boj3s_gate/runs/correctness_smoke/comb_rect_dense/n128/seed2_L0_Q1
correctness_smoke,comb_rect_dense,128,2,1,0,1,0,0,1,0.013226,2720,/Users/free_1/Library/Mobile Documents/iCloud~md~obsidian/Documents/cpp-checker/branch_3/artifacts/lca_tree_stress_v5/boj3s_gate/runs/correctness_smoke/comb_rect_dense/n128/seed2_L1_Q0
correctness_smoke,comb_rect_dense,128,2,1,1,1,0,0,1,0.025450,2688,/Users/free_1/Library/Mobile Documents/iCloud~md~obsidian/Documents/cpp-checker/branch_3/artifacts/lca_tree_stress_v5/boj3s_gate/runs/correctness_smoke/comb_rect_dense/n128/seed2_L1_Q1
correctness_smoke,comb_rect_dense,128,3,0,0,1,0,0,1,0.025001,2736,/Users/free_1/Library/Mobile Documents/iCloud~md~obsidian/Documents/cpp-checker/branch_3/artifacts/lca_tree_stress_v5/boj3s_gate/runs/correctness_smoke/comb_rect_dense/n128/seed3_L0_Q0
correctness_smoke,comb_rect_dense,128,3,0,1,1,0,0,1,0.027092,2736,/Users/free_1/Library/Mobile Documents/iCloud~md~obsidian/Documents/cpp-checker/branch_3/artifacts/lca_tree_stress_v5/boj3s_gate/runs/correctness_smoke/comb_rect_dense/n128/seed3_L0_Q1
correctness_smoke,comb_rect_dense,128,3,1,0,1,0,0,1,0.024215,2736,/Users/free_1/Library/Mobile Documents/iCloud~md~obsidian/Documents/cpp-checker/branch_3/artifacts/lca_tree_stress_v5/boj3s_gate/runs/correctness_smoke/comb_rect_dense/n128/seed3_L1_Q0
correctness_smoke,comb_rect_dense,128,3,1,1,1,0,0,1,0.012567,2704,/Users/free_1/Library/Mobile Documents/iCloud~md~obsidian/Documents/cpp-checker/branch_3/artifacts/lca_tree_stress_v5/boj3s_gate/runs/correctness_smoke/comb_rect_dense/n128/seed3_L1_Q1
correctness_smoke,comb_rect_dense,256,1,0,0,1,0,0,1,0.050613,5760,/Users/free_1/Library/Mobile Documents/iCloud~md~obsidian/Documents/cpp-checker/branch_3/artifacts/lca_tree_stress_v5/boj3s_gate/runs/correctness_smoke/comb_rect_dense/n256/seed1_L0_Q0
correctness_smoke,comb_rect_dense,256,1,0,1,1,0,0,1,0.051656,5728,/Users/free_1/Library/Mobile Documents/iCloud~md~obsidian/Documents/cpp-checker/branch_3/artifacts/lca_tree_stress_v5/boj3s_gate/runs/correctness_smoke/comb_rect_dense/n256/seed1_L0_Q1
correctness_smoke,comb_rect_dense,256,1,1,0,1,0,0,1,0.096541,5776,/Users/free_1/Library/Mobile Documents/iCloud~md~obsidian/Documents/cpp-checker/branch_3/artifacts/lca_tree_stress_v5/boj3s_gate/runs/correctness_smoke/comb_rect_dense/n256/seed1_L1_Q0
correctness_smoke,comb_rect_dense,256,1,1,1,1,0,0,1,0.066105,5760,/Users/free_1/Library/Mobile Documents/iCloud~md~obsidian/Documents/cpp-checker/branch_3/artifacts/lca_tree_stress_v5/boj3s_gate/runs/correctness_smoke/comb_rect_dense/n256/seed1_L1_Q1
correctness_smoke,comb_rect_dense,256,2,0,0,1,0,0,1,0.154348,5712,/Users/free_1/Library/Mobile Documents/iCloud~md~obsidian/Documents/cpp-checker/branch_3/artifacts/lca_tree_stress_v5/boj3s_gate/runs/correctness_smoke/comb_rect_dense/n256/seed2_L0_Q0
correctness_smoke,comb_rect_dense,256,2,0,1,1,0,0,1,0.050479,5712,/Users/free_1/Library/Mobile Documents/iCloud~md~obsidian/Documents/cpp-checker/branch_3/artifacts/lca_tree_stress_v5/boj3s_gate/runs/correctness_smoke/comb_rect_dense/n256/seed2_L0_Q1
correctness_smoke,comb_rect_dense,256,2,1,0,1,0,0,1,0.047458,5680,/Users/free_1/Library/Mobile Documents/iCloud~md~obsidian/Documents/cpp-checker/branch_3/artifacts/lca_tree_stress_v5/boj3s_gate/runs/correctness_smoke/comb_rect_dense/n256/seed2_L1_Q0
correctness_smoke,comb_rect_dense,256,2,1,1,1,0,0,1,0.049212,5728,/Users/free_1/Library/Mobile Documents/iCloud~md~obsidian/Documents/cpp-checker/branch_3/artifacts/lca_tree_stress_v5/boj3s_gate/runs/correctness_smoke/comb_rect_dense/n256/seed2_L1_Q1
correctness_smoke,comb_rect_dense,256,3,0,0,1,0,0,1,0.050227,5808,/Users/free_1/Library/Mobile Documents/iCloud~md~obsidian/Documents/cpp-checker/branch_3/artifacts/lca_tree_stress_v5/boj3s_gate/runs/correctness_smoke/comb_rect_dense/n256/seed3_L0_Q0
correctness_smoke,comb_rect_dense,256,3,0,1,1,0,0,1,0.049290,5824,/Users/free_1/Library/Mobile Documents/iCloud~md~obsidian/Documents/cpp-checker/branch_3/artifacts/lca_tree_stress_v5/boj3s_gate/runs/correctness_smoke/comb_rect_dense/n256/seed3_L0_Q1
correctness_smoke,comb_rect_dense,256,3,1,0,1,0,0,1,0.050389,5760,/Users/free_1/Library/Mobile Documents/iCloud~md~obsidian/Documents/cpp-checker/branch_3/artifacts/lca_tree_stress_v5/boj3s_gate/runs/correctness_smoke/comb_rect_dense/n256/seed3_L1_Q0
correctness_smoke,comb_rect_dense,256,3,1,1,1,0,0,1,0.047922,5680,/Users/free_1/Library/Mobile Documents/iCloud~md~obsidian/Documents/cpp-checker/branch_3/artifacts/lca_tree_stress_v5/boj3s_gate/runs/correctness_smoke/comb_rect_dense/n256/seed3_L1_Q1
correctness_smoke,comb_rect_dense,512,1,0,0,1,0,0,1,0.195947,17488,/Users/free_1/Library/Mobile Documents/iCloud~md~obsidian/Documents/cpp-checker/branch_3/artifacts/lca_tree_stress_v5/boj3s_gate/runs/correctness_smoke/comb_rect_dense/n512/seed1_L0_Q0
correctness_smoke,comb_rect_dense,512,1,0,1,1,0,0,1,0.200260,17456,/Users/free_1/Library/Mobile Documents/iCloud~md~obsidian/Documents/cpp-checker/branch_3/artifacts/lca_tree_stress_v5/boj3s_gate/runs/correctness_smoke/comb_rect_dense/n512/seed1_L0_Q1
correctness_smoke,comb_rect_dense,512,1,1,0,1,0,0,1,0.217491,17456,/Users/free_1/Library/Mobile Documents/iCloud~md~obsidian/Documents/cpp-checker/branch_3/artifacts/lca_tree_stress_v5/boj3s_gate/runs/correctness_smoke/comb_rect_dense/n512/seed1_L1_Q0
correctness_smoke,comb_rect_dense,512,1,1,1,1,0,0,1,0.203826,17456,/Users/free_1/Library/Mobile Documents/iCloud~md~obsidian/Documents/cpp-checker/branch_3/artifacts/lca_tree_stress_v5/boj3s_gate/runs/correctness_smoke/comb_rect_dense/n512/seed1_L1_Q1
correctness_smoke,comb_rect_dense,512,2,0,0,1,0,0,1,0.172759,17360,/Users/free_1/Library/Mobile Documents/iCloud~md~obsidian/Documents/cpp-checker/branch_3/artifacts/lca_tree_stress_v5/boj3s_gate/runs/correctness_smoke/comb_rect_dense/n512/seed2_L0_Q0
correctness_smoke,comb_rect_dense,512,2,0,1,1,0,0,1,0.200319,17424,/Users/free_1/Library/Mobile Documents/iCloud~md~obsidian/Documents/cpp-checker/branch_3/artifacts/lca_tree_stress_v5/boj3s_gate/runs/correctness_smoke/comb_rect_dense/n512/seed2_L0_Q1
correctness_smoke,comb_rect_dense,512,2,1,0,1,0,0,1,0.169836,17440,/Users/free_1/Library/Mobile Documents/iCloud~md~obsidian/Documents/cpp-checker/branch_3/artifacts/lca_tree_stress_v5/boj3s_gate/runs/correctness_smoke/comb_rect_dense/n512/seed2_L1_Q0
correctness_smoke,comb_rect_dense,512,2,1,1,1,0,0,1,0.194884,17440,/Users/free_1/Library/Mobile Documents/iCloud~md~obsidian/Documents/cpp-checker/branch_3/artifacts/lca_tree_stress_v5/boj3s_gate/runs/correctness_smoke/comb_rect_dense/n512/seed2_L1_Q1
correctness_smoke,comb_rect_dense,512,3,0,0,1,0,0,1,0.195554,17392,/Users/free_1/Library/Mobile Documents/iCloud~md~obsidian/Documents/cpp-checker/branch_3/artifacts/lca_tree_stress_v5/boj3s_gate/runs/correctness_smoke/comb_rect_dense/n512/seed3_L0_Q0
correctness_smoke,comb_rect_dense,512,3,0,1,1,0,0,1,0.193127,17472,/Users/free_1/Library/Mobile Documents/iCloud~md~obsidian/Documents/cpp-checker/branch_3/artifacts/lca_tree_stress_v5/boj3s_gate/runs/correctness_smoke/comb_rect_dense/n512/seed3_L0_Q1
correctness_smoke,comb_rect_dense,512,3,1,0,1,0,0,1,0.201802,17424,/Users/free_1/Library/Mobile Documents/iCloud~md~obsidian/Documents/cpp-checker/branch_3/artifacts/lca_tree_stress_v5/boj3s_gate/runs/correctness_smoke/comb_rect_dense/n512/seed3_L1_Q0
correctness_smoke,comb_rect_dense,512,3,1,1,1,0,0,1,0.184676,17504,/Users/free_1/Library/Mobile Documents/iCloud~md~obsidian/Documents/cpp-checker/branch_3/artifacts/lca_tree_stress_v5/boj3s_gate/runs/correctness_smoke/comb_rect_dense/n512/seed3_L1_Q1
correctness_smoke,comb_rect_dense,1024,1,0,0,1,0,0,1,0.747521,63904,/Users/free_1/Library/Mobile Documents/iCloud~md~obsidian/Documents/cpp-checker/branch_3/artifacts/lca_tree_stress_v5/boj3s_gate/runs/correctness_smoke/comb_rect_dense/n1024/seed1_L0_Q0
correctness_smoke,comb_rect_dense,1024,1,0,1,1,0,0,1,0.847504,63840,/Users/free_1/Library/Mobile Documents/iCloud~md~obsidian/Documents/cpp-checker/branch_3/artifacts/lca_tree_stress_v5/boj3s_gate/runs/correctness_smoke/comb_rect_dense/n1024/seed1_L0_Q1
correctness_smoke,comb_rect_dense,1024,1,1,0,1,0,0,1,0.780905,63920,/Users/free_1/Library/Mobile Documents/iCloud~md~obsidian/Documents/cpp-checker/branch_3/artifacts/lca_tree_stress_v5/boj3s_gate/runs/correctness_smoke/comb_rect_dense/n1024/seed1_L1_Q0
correctness_smoke,comb_rect_dense,1024,1,1,1,1,0,0,1,0.756551,63872,/Users/free_1/Library/Mobile Documents/iCloud~md~obsidian/Documents/cpp-checker/branch_3/artifacts/lca_tree_stress_v5/boj3s_gate/runs/correctness_smoke/comb_rect_dense/n1024/seed1_L1_Q1
correctness_smoke,comb_rect_dense,1024,2,0,0,1,0,0,1,0.744577,63968,/Users/free_1/Library/Mobile Documents/iCloud~md~obsidian/Documents/cpp-checker/branch_3/artifacts/lca_tree_stress_v5/boj3s_gate/runs/correctness_smoke/comb_rect_dense/n1024/seed2_L0_Q0
correctness_smoke,comb_rect_dense,1024,2,0,1,1,0,0,1,0.759808,63968,/Users/free_1/Library/Mobile Documents/iCloud~md~obsidian/Documents/cpp-checker/branch_3/artifacts/lca_tree_stress_v5/boj3s_gate/runs/correctness_smoke/comb_rect_dense/n1024/seed2_L0_Q1
correctness_smoke,comb_rect_dense,1024,2,1,0,1,0,0,1,0.803179,63920,/Users/free_1/Library/Mobile Documents/iCloud~md~obsidian/Documents/cpp-checker/branch_3/artifacts/lca_tree_stress_v5/boj3s_gate/runs/correctness_smoke/comb_rect_dense/n1024/seed2_L1_Q0
correctness_smoke,comb_rect_dense,1024,2,1,1,1,0,0,1,0.861899,63984,/Users/free_1/Library/Mobile Documents/iCloud~md~obsidian/Documents/cpp-checker/branch_3/artifacts/lca_tree_stress_v5/boj3s_gate/runs/correctness_smoke/comb_rect_dense/n1024/seed2_L1_Q1
correctness_smoke,comb_rect_dense,1024,3,0,0,1,0,0,1,0.696090,63808,/Users/free_1/Library/Mobile Documents/iCloud~md~obsidian/Documents/cpp-checker/branch_3/artifacts/lca_tree_stress_v5/boj3s_gate/runs/correctness_smoke/comb_rect_dense/n1024/seed3_L0_Q0
correctness_smoke,comb_rect_dense,1024,3,0,1,1,0,0,1,0.716794,63808,/Users/free_1/Library/Mobile Documents/iCloud~md~obsidian/Documents/cpp-checker/branch_3/artifacts/lca_tree_stress_v5/boj3s_gate/runs/correctness_smoke/comb_rect_dense/n1024/seed3_L0_Q1
correctness_smoke,comb_rect_dense,1024,3,1,0,1,0,0,1,1.354203,63856,/Users/free_1/Library/Mobile Documents/iCloud~md~obsidian/Documents/cpp-checker/branch_3/artifacts/lca_tree_stress_v5/boj3s_gate/runs/correctness_smoke/comb_rect_dense/n1024/seed3_L1_Q0
correctness_smoke,comb_rect_dense,1024,3,1,1,1,0,0,1,1.391091,63856,/Users/free_1/Library/Mobile Documents/iCloud~md~obsidian/Documents/cpp-checker/branch_3/artifacts/lca_tree_stress_v5/boj3s_gate/runs/correctness_smoke/comb_rect_dense/n1024/seed3_L1_Q1
correctness_smoke,multi_comb_rect,128,1,0,0,1,0,0,1,0.010870,2112,/Users/free_1/Library/Mobile Documents/iCloud~md~obsidian/Documents/cpp-checker/branch_3/artifacts/lca_tree_stress_v5/boj3s_gate/runs/correctness_smoke/multi_comb_rect/n128/seed1_L0_Q0
correctness_smoke,multi_comb_rect,128,1,0,1,1,0,0,1,0.013198,2144,/Users/free_1/Library/Mobile Documents/iCloud~md~obsidian/Documents/cpp-checker/branch_3/artifacts/lca_tree_stress_v5/boj3s_gate/runs/correctness_smoke/multi_comb_rect/n128/seed1_L0_Q1
correctness_smoke,multi_comb_rect,128,1,1,0,1,0,0,1,0.023559,2112,/Users/free_1/Library/Mobile Documents/iCloud~md~obsidian/Documents/cpp-checker/branch_3/artifacts/lca_tree_stress_v5/boj3s_gate/runs/correctness_smoke/multi_comb_rect/n128/seed1_L1_Q0
correctness_smoke,multi_comb_rect,128,1,1,1,1,0,0,1,0.011553,2112,/Users/free_1/Library/Mobile Documents/iCloud~md~obsidian/Documents/cpp-checker/branch_3/artifacts/lca_tree_stress_v5/boj3s_gate/runs/correctness_smoke/multi_comb_rect/n128/seed1_L1_Q1
correctness_smoke,multi_comb_rect,128,2,0,0,1,0,0,1,0.012023,2112,/Users/free_1/Library/Mobile Documents/iCloud~md~obsidian/Documents/cpp-checker/branch_3/artifacts/lca_tree_stress_v5/boj3s_gate/runs/correctness_smoke/multi_comb_rect/n128/seed2_L0_Q0
correctness_smoke,multi_comb_rect,128,2,0,1,1,0,0,1,0.012621,2128,/Users/free_1/Library/Mobile Documents/iCloud~md~obsidian/Documents/cpp-checker/branch_3/artifacts/lca_tree_stress_v5/boj3s_gate/runs/correctness_smoke/multi_comb_rect/n128/seed2_L0_Q1
correctness_smoke,multi_comb_rect,128,2,1,0,1,0,0,1,0.012278,2112,/Users/free_1/Library/Mobile Documents/iCloud~md~obsidian/Documents/cpp-checker/branch_3/artifacts/lca_tree_stress_v5/boj3s_gate/runs/correctness_smoke/multi_comb_rect/n128/seed2_L1_Q0
correctness_smoke,multi_comb_rect,128,2,1,1,1,0,0,1,0.013424,2128,/Users/free_1/Library/Mobile Documents/iCloud~md~obsidian/Documents/cpp-checker/branch_3/artifacts/lca_tree_stress_v5/boj3s_gate/runs/correctness_smoke/multi_comb_rect/n128/seed2_L1_Q1
correctness_smoke,multi_comb_rect,128,3,0,0,1,0,0,1,0.012596,2096,/Users/free_1/Library/Mobile Documents/iCloud~md~obsidian/Documents/cpp-checker/branch_3/artifacts/lca_tree_stress_v5/boj3s_gate/runs/correctness_smoke/multi_comb_rect/n128/seed3_L0_Q0
correctness_smoke,multi_comb_rect,128,3,0,1,1,0,0,1,0.012275,2096,/Users/free_1/Library/Mobile Documents/iCloud~md~obsidian/Documents/cpp-checker/branch_3/artifacts/lca_tree_stress_v5/boj3s_gate/runs/correctness_smoke/multi_comb_rect/n128/seed3_L0_Q1
correctness_smoke,multi_comb_rect,128,3,1,0,1,0,0,1,0.011331,2128,/Users/free_1/Library/Mobile Documents/iCloud~md~obsidian/Documents/cpp-checker/branch_3/artifacts/lca_tree_stress_v5/boj3s_gate/runs/correctness_smoke/multi_comb_rect/n128/seed3_L1_Q0
correctness_smoke,multi_comb_rect,128,3,1,1,1,0,0,1,0.011430,2096,/Users/free_1/Library/Mobile Documents/iCloud~md~obsidian/Documents/cpp-checker/branch_3/artifacts/lca_tree_stress_v5/boj3s_gate/runs/correctness_smoke/multi_comb_rect/n128/seed3_L1_Q1
correctness_smoke,multi_comb_rect,256,1,0,0,1,0,0,1,0.029285,3616,/Users/free_1/Library/Mobile Documents/iCloud~md~obsidian/Documents/cpp-checker/branch_3/artifacts/lca_tree_stress_v5/boj3s_gate/runs/correctness_smoke/multi_comb_rect/n256/seed1_L0_Q0
correctness_smoke,multi_comb_rect,256,1,0,1,1,0,0,1,0.024910,3632,/Users/free_1/Library/Mobile Documents/iCloud~md~obsidian/Documents/cpp-checker/branch_3/artifacts/lca_tree_stress_v5/boj3s_gate/runs/correctness_smoke/multi_comb_rect/n256/seed1_L0_Q1
correctness_smoke,multi_comb_rect,256,1,1,0,1,0,0,1,0.025300,3664,/Users/free_1/Library/Mobile Documents/iCloud~md~obsidian/Documents/cpp-checker/branch_3/artifacts/lca_tree_stress_v5/boj3s_gate/runs/correctness_smoke/multi_comb_rect/n256/seed1_L1_Q0
correctness_smoke,multi_comb_rect,256,1,1,1,1,0,0,1,0.024155,3600,/Users/free_1/Library/Mobile Documents/iCloud~md~obsidian/Documents/cpp-checker/branch_3/artifacts/lca_tree_stress_v5/boj3s_gate/runs/correctness_smoke/multi_comb_rect/n256/seed1_L1_Q1
correctness_smoke,multi_comb_rect,256,2,0,0,1,0,0,1,0.023664,3664,/Users/free_1/Library/Mobile Documents/iCloud~md~obsidian/Documents/cpp-checker/branch_3/artifacts/lca_tree_stress_v5/boj3s_gate/runs/correctness_smoke/multi_comb_rect/n256/seed2_L0_Q0
correctness_smoke,multi_comb_rect,256,2,0,1,1,0,0,1,0.023653,3648,/Users/free_1/Library/Mobile Documents/iCloud~md~obsidian/Documents/cpp-checker/branch_3/artifacts/lca_tree_stress_v5/boj3s_gate/runs/correctness_smoke/multi_comb_rect/n256/seed2_L0_Q1
correctness_smoke,multi_comb_rect,256,2,1,0,1,0,0,1,0.023906,3632,/Users/free_1/Library/Mobile Documents/iCloud~md~obsidian/Documents/cpp-checker/branch_3/artifacts/lca_tree_stress_v5/boj3s_gate/runs/correctness_smoke/multi_comb_rect/n256/seed2_L1_Q0
correctness_smoke,multi_comb_rect,256,2,1,1,1,0,0,1,0.021287,3648,/Users/free_1/Library/Mobile Documents/iCloud~md~obsidian/Documents/cpp-checker/branch_3/artifacts/lca_tree_stress_v5/boj3s_gate/runs/correctness_smoke/multi_comb_rect/n256/seed2_L1_Q1
correctness_smoke,multi_comb_rect,256,3,0,0,1,0,0,1,0.024380,3632,/Users/free_1/Library/Mobile Documents/iCloud~md~obsidian/Documents/cpp-checker/branch_3/artifacts/lca_tree_stress_v5/boj3s_gate/runs/correctness_smoke/multi_comb_rect/n256/seed3_L0_Q0
correctness_smoke,multi_comb_rect,256,3,0,1,1,0,0,1,0.025141,3648,/Users/free_1/Library/Mobile Documents/iCloud~md~obsidian/Documents/cpp-checker/branch_3/artifacts/lca_tree_stress_v5/boj3s_gate/runs/correctness_smoke/multi_comb_rect/n256/seed3_L0_Q1
correctness_smoke,multi_comb_rect,256,3,1,0,1,0,0,1,0.023114,3648,/Users/free_1/Library/Mobile Documents/iCloud~md~obsidian/Documents/cpp-checker/branch_3/artifacts/lca_tree_stress_v5/boj3s_gate/runs/correctness_smoke/multi_comb_rect/n256/seed3_L1_Q0
correctness_smoke,multi_comb_rect,256,3,1,1,1,0,0,1,0.022794,3632,/Users/free_1/Library/Mobile Documents/iCloud~md~obsidian/Documents/cpp-checker/branch_3/artifacts/lca_tree_stress_v5/boj3s_gate/runs/correctness_smoke/multi_comb_rect/n256/seed3_L1_Q1
correctness_smoke,multi_comb_rect,512,1,0,0,1,0,0,1,0.062413,8784,/Users/free_1/Library/Mobile Documents/iCloud~md~obsidian/Documents/cpp-checker/branch_3/artifacts/lca_tree_stress_v5/boj3s_gate/runs/correctness_smoke/multi_comb_rect/n512/seed1_L0_Q0
correctness_smoke,multi_comb_rect,512,1,0,1,1,0,0,1,0.074146,8768,/Users/free_1/Library/Mobile Documents/iCloud~md~obsidian/Documents/cpp-checker/branch_3/artifacts/lca_tree_stress_v5/boj3s_gate/runs/correctness_smoke/multi_comb_rect/n512/seed1_L0_Q1
correctness_smoke,multi_comb_rect,512,1,1,0,1,0,0,1,0.058161,8784,/Users/free_1/Library/Mobile Documents/iCloud~md~obsidian/Documents/cpp-checker/branch_3/artifacts/lca_tree_stress_v5/boj3s_gate/runs/correctness_smoke/multi_comb_rect/n512/seed1_L1_Q0
correctness_smoke,multi_comb_rect,512,1,1,1,1,0,0,1,0.065646,8800,/Users/free_1/Library/Mobile Documents/iCloud~md~obsidian/Documents/cpp-checker/branch_3/artifacts/lca_tree_stress_v5/boj3s_gate/runs/correctness_smoke/multi_comb_rect/n512/seed1_L1_Q1
correctness_smoke,multi_comb_rect,512,2,0,0,1,0,0,1,0.073066,8832,/Users/free_1/Library/Mobile Documents/iCloud~md~obsidian/Documents/cpp-checker/branch_3/artifacts/lca_tree_stress_v5/boj3s_gate/runs/correctness_smoke/multi_comb_rect/n512/seed2_L0_Q0
correctness_smoke,multi_comb_rect,512,2,0,1,1,0,0,1,0.076558,8848,/Users/free_1/Library/Mobile Documents/iCloud~md~obsidian/Documents/cpp-checker/branch_3/artifacts/lca_tree_stress_v5/boj3s_gate/runs/correctness_smoke/multi_comb_rect/n512/seed2_L0_Q1
correctness_smoke,multi_comb_rect,512,2,1,0,1,0,0,1,0.085935,8832,/Users/free_1/Library/Mobile Documents/iCloud~md~obsidian/Documents/cpp-checker/branch_3/artifacts/lca_tree_stress_v5/boj3s_gate/runs/correctness_smoke/multi_comb_rect/n512/seed2_L1_Q0
correctness_smoke,multi_comb_rect,512,2,1,1,1,0,0,1,0.065381,8816,/Users/free_1/Library/Mobile Documents/iCloud~md~obsidian/Documents/cpp-checker/branch_3/artifacts/lca_tree_stress_v5/boj3s_gate/runs/correctness_smoke/multi_comb_rect/n512/seed2_L1_Q1
correctness_smoke,multi_comb_rect,512,3,0,0,1,0,0,1,0.062005,8784,/Users/free_1/Library/Mobile Documents/iCloud~md~obsidian/Documents/cpp-checker/branch_3/artifacts/lca_tree_stress_v5/boj3s_gate/runs/correctness_smoke/multi_comb_rect/n512/seed3_L0_Q0
correctness_smoke,multi_comb_rect,512,3,0,1,1,0,0,1,0.063129,8784,/Users/free_1/Library/Mobile Documents/iCloud~md~obsidian/Documents/cpp-checker/branch_3/artifacts/lca_tree_stress_v5/boj3s_gate/runs/correctness_smoke/multi_comb_rect/n512/seed3_L0_Q1
correctness_smoke,multi_comb_rect,512,3,1,0,1,0,0,1,0.063596,8784,/Users/free_1/Library/Mobile Documents/iCloud~md~obsidian/Documents/cpp-checker/branch_3/artifacts/lca_tree_stress_v5/boj3s_gate/runs/correctness_smoke/multi_comb_rect/n512/seed3_L1_Q0
correctness_smoke,multi_comb_rect,512,3,1,1,1,0,0,1,0.067164,8752,/Users/free_1/Library/Mobile Documents/iCloud~md~obsidian/Documents/cpp-checker/branch_3/artifacts/lca_tree_stress_v5/boj3s_gate/runs/correctness_smoke/multi_comb_rect/n512/seed3_L1_Q1
correctness_smoke,multi_comb_rect,1024,1,0,0,1,0,0,1,0.307605,27632,/Users/free_1/Library/Mobile Documents/iCloud~md~obsidian/Documents/cpp-checker/branch_3/artifacts/lca_tree_stress_v5/boj3s_gate/runs/correctness_smoke/multi_comb_rect/n1024/seed1_L0_Q0
correctness_smoke,multi_comb_rect,1024,1,0,1,1,0,0,1,0.272176,27696,/Users/free_1/Library/Mobile Documents/iCloud~md~obsidian/Documents/cpp-checker/branch_3/artifacts/lca_tree_stress_v5/boj3s_gate/runs/correctness_smoke/multi_comb_rect/n1024/seed1_L0_Q1
correctness_smoke,multi_comb_rect,1024,1,1,0,1,0,0,1,0.263330,27632,/Users/free_1/Library/Mobile Documents/iCloud~md~obsidian/Documents/cpp-checker/branch_3/artifacts/lca_tree_stress_v5/boj3s_gate/runs/correctness_smoke/multi_comb_rect/n1024/seed1_L1_Q0
correctness_smoke,multi_comb_rect,1024,1,1,1,1,0,0,1,0.214667,27712,/Users/free_1/Library/Mobile Documents/iCloud~md~obsidian/Documents/cpp-checker/branch_3/artifacts/lca_tree_stress_v5/boj3s_gate/runs/correctness_smoke/multi_comb_rect/n1024/seed1_L1_Q1
correctness_smoke,multi_comb_rect,1024,2,0,0,1,0,0,1,0.316054,27680,/Users/free_1/Library/Mobile Documents/iCloud~md~obsidian/Documents/cpp-checker/branch_3/artifacts/lca_tree_stress_v5/boj3s_gate/runs/correctness_smoke/multi_comb_rect/n1024/seed2_L0_Q0
correctness_smoke,multi_comb_rect,1024,2,0,1,1,0,0,1,0.397318,27648,/Users/free_1/Library/Mobile Documents/iCloud~md~obsidian/Documents/cpp-checker/branch_3/artifacts/lca_tree_stress_v5/boj3s_gate/runs/correctness_smoke/multi_comb_rect/n1024/seed2_L0_Q1
correctness_smoke,multi_comb_rect,1024,2,1,0,1,0,0,1,0.333448,27696,/Users/free_1/Library/Mobile Documents/iCloud~md~obsidian/Documents/cpp-checker/branch_3/artifacts/lca_tree_stress_v5/boj3s_gate/runs/correctness_smoke/multi_comb_rect/n1024/seed2_L1_Q0
correctness_smoke,multi_comb_rect,1024,2,1,1,1,0,0,1,0.206068,27744,/Users/free_1/Library/Mobile Documents/iCloud~md~obsidian/Documents/cpp-checker/branch_3/artifacts/lca_tree_stress_v5/boj3s_gate/runs/correctness_smoke/multi_comb_rect/n1024/seed2_L1_Q1
correctness_smoke,multi_comb_rect,1024,3,0,0,1,0,0,1,0.195251,27632,/Users/free_1/Library/Mobile Documents/iCloud~md~obsidian/Documents/cpp-checker/branch_3/artifacts/lca_tree_stress_v5/boj3s_gate/runs/correctness_smoke/multi_comb_rect/n1024/seed3_L0_Q0
correctness_smoke,multi_comb_rect,1024,3,0,1,1,0,0,1,0.201951,27536,/Users/free_1/Library/Mobile Documents/iCloud~md~obsidian/Documents/cpp-checker/branch_3/artifacts/lca_tree_stress_v5/boj3s_gate/runs/correctness_smoke/multi_comb_rect/n1024/seed3_L0_Q1
correctness_smoke,multi_comb_rect,1024,3,1,0,1,0,0,1,0.179469,27632,/Users/free_1/Library/Mobile Documents/iCloud~md~obsidian/Documents/cpp-checker/branch_3/artifacts/lca_tree_stress_v5/boj3s_gate/runs/correctness_smoke/multi_comb_rect/n1024/seed3_L1_Q0
correctness_smoke,multi_comb_rect,1024,3,1,1,1,0,0,1,0.190383,27584,/Users/free_1/Library/Mobile Documents/iCloud~md~obsidian/Documents/cpp-checker/branch_3/artifacts/lca_tree_stress_v5/boj3s_gate/runs/correctness_smoke/multi_comb_rect/n1024/seed3_L1_Q1
correctness_smoke,multi_comb_cap,128,1,0,0,1,0,0,1,0.012837,1904,/Users/free_1/Library/Mobile Documents/iCloud~md~obsidian/Documents/cpp-checker/branch_3/artifacts/lca_tree_stress_v5/boj3s_gate/runs/correctness_smoke/multi_comb_cap/n128/seed1_L0_Q0
correctness_smoke,multi_comb_cap,128,1,0,1,1,0,0,1,0.012600,1936,/Users/free_1/Library/Mobile Documents/iCloud~md~obsidian/Documents/cpp-checker/branch_3/artifacts/lca_tree_stress_v5/boj3s_gate/runs/correctness_smoke/multi_comb_cap/n128/seed1_L0_Q1
correctness_smoke,multi_comb_cap,128,1,1,0,1,0,0,1,0.012588,1936,/Users/free_1/Library/Mobile Documents/iCloud~md~obsidian/Documents/cpp-checker/branch_3/artifacts/lca_tree_stress_v5/boj3s_gate/runs/correctness_smoke/multi_comb_cap/n128/seed1_L1_Q0
correctness_smoke,multi_comb_cap,128,1,1,1,1,0,0,1,0.012575,1936,/Users/free_1/Library/Mobile Documents/iCloud~md~obsidian/Documents/cpp-checker/branch_3/artifacts/lca_tree_stress_v5/boj3s_gate/runs/correctness_smoke/multi_comb_cap/n128/seed1_L1_Q1
correctness_smoke,multi_comb_cap,128,2,0,0,1,0,0,1,0.012563,1920,/Users/free_1/Library/Mobile Documents/iCloud~md~obsidian/Documents/cpp-checker/branch_3/artifacts/lca_tree_stress_v5/boj3s_gate/runs/correctness_smoke/multi_comb_cap/n128/seed2_L0_Q0
correctness_smoke,multi_comb_cap,128,2,0,1,1,0,0,1,0.012597,1936,/Users/free_1/Library/Mobile Documents/iCloud~md~obsidian/Documents/cpp-checker/branch_3/artifacts/lca_tree_stress_v5/boj3s_gate/runs/correctness_smoke/multi_comb_cap/n128/seed2_L0_Q1
correctness_smoke,multi_comb_cap,128,2,1,0,1,0,0,1,0.012601,1920,/Users/free_1/Library/Mobile Documents/iCloud~md~obsidian/Documents/cpp-checker/branch_3/artifacts/lca_tree_stress_v5/boj3s_gate/runs/correctness_smoke/multi_comb_cap/n128/seed2_L1_Q0
correctness_smoke,multi_comb_cap,128,2,1,1,1,0,0,1,0.012458,1936,/Users/free_1/Library/Mobile Documents/iCloud~md~obsidian/Documents/cpp-checker/branch_3/artifacts/lca_tree_stress_v5/boj3s_gate/runs/correctness_smoke/multi_comb_cap/n128/seed2_L1_Q1
correctness_smoke,multi_comb_cap,128,3,0,0,1,0,0,1,0.012346,1952,/Users/free_1/Library/Mobile Documents/iCloud~md~obsidian/Documents/cpp-checker/branch_3/artifacts/lca_tree_stress_v5/boj3s_gate/runs/correctness_smoke/multi_comb_cap/n128/seed3_L0_Q0
correctness_smoke,multi_comb_cap,128,3,0,1,1,0,0,1,0.012565,1920,/Users/free_1/Library/Mobile Documents/iCloud~md~obsidian/Documents/cpp-checker/branch_3/artifacts/lca_tree_stress_v5/boj3s_gate/runs/correctness_smoke/multi_comb_cap/n128/seed3_L0_Q1
correctness_smoke,multi_comb_cap,128,3,1,0,1,0,0,1,0.012134,1936,/Users/free_1/Library/Mobile Documents/iCloud~md~obsidian/Documents/cpp-checker/branch_3/artifacts/lca_tree_stress_v5/boj3s_gate/runs/correctness_smoke/multi_comb_cap/n128/seed3_L1_Q0
correctness_smoke,multi_comb_cap,128,3,1,1,1,0,0,1,0.010565,1936,/Users/free_1/Library/Mobile Documents/iCloud~md~obsidian/Documents/cpp-checker/branch_3/artifacts/lca_tree_stress_v5/boj3s_gate/runs/correctness_smoke/multi_comb_cap/n128/seed3_L1_Q1
correctness_smoke,multi_comb_cap,256,1,0,0,1,0,0,1,0.012092,2880,/Users/free_1/Library/Mobile Documents/iCloud~md~obsidian/Documents/cpp-checker/branch_3/artifacts/lca_tree_stress_v5/boj3s_gate/runs/correctness_smoke/multi_comb_cap/n256/seed1_L0_Q0
correctness_smoke,multi_comb_cap,256,1,0,1,1,0,0,1,0.010347,2880,/Users/free_1/Library/Mobile Documents/iCloud~md~obsidian/Documents/cpp-checker/branch_3/artifacts/lca_tree_stress_v5/boj3s_gate/runs/correctness_smoke/multi_comb_cap/n256/seed1_L0_Q1
correctness_smoke,multi_comb_cap,256,1,1,0,1,0,0,1,0.012581,2848,/Users/free_1/Library/Mobile Documents/iCloud~md~obsidian/Documents/cpp-checker/branch_3/artifacts/lca_tree_stress_v5/boj3s_gate/runs/correctness_smoke/multi_comb_cap/n256/seed1_L1_Q0
correctness_smoke,multi_comb_cap,256,1,1,1,1,0,0,1,0.012544,2912,/Users/free_1/Library/Mobile Documents/iCloud~md~obsidian/Documents/cpp-checker/branch_3/artifacts/lca_tree_stress_v5/boj3s_gate/runs/correctness_smoke/multi_comb_cap/n256/seed1_L1_Q1
correctness_smoke,multi_comb_cap,256,2,0,0,1,0,0,1,0.012597,2912,/Users/free_1/Library/Mobile Documents/iCloud~md~obsidian/Documents/cpp-checker/branch_3/artifacts/lca_tree_stress_v5/boj3s_gate/runs/correctness_smoke/multi_comb_cap/n256/seed2_L0_Q0
correctness_smoke,multi_comb_cap,256,2,0,1,1,0,0,1,0.012626,2912,/Users/free_1/Library/Mobile Documents/iCloud~md~obsidian/Documents/cpp-checker/branch_3/artifacts/lca_tree_stress_v5/boj3s_gate/runs/correctness_smoke/multi_comb_cap/n256/seed2_L0_Q1
correctness_smoke,multi_comb_cap,256,2,1,0,1,0,0,1,0.012608,2880,/Users/free_1/Library/Mobile Documents/iCloud~md~obsidian/Documents/cpp-checker/branch_3/artifacts/lca_tree_stress_v5/boj3s_gate/runs/correctness_smoke/multi_comb_cap/n256/seed2_L1_Q0
correctness_smoke,multi_comb_cap,256,2,1,1,1,0,0,1,0.025677,2928,/Users/free_1/Library/Mobile Documents/iCloud~md~obsidian/Documents/cpp-checker/branch_3/artifacts/lca_tree_stress_v5/boj3s_gate/runs/correctness_smoke/multi_comb_cap/n256/seed2_L1_Q1
correctness_smoke,multi_comb_cap,256,3,0,0,1,0,0,1,0.012596,2864,/Users/free_1/Library/Mobile Documents/iCloud~md~obsidian/Documents/cpp-checker/branch_3/artifacts/lca_tree_stress_v5/boj3s_gate/runs/correctness_smoke/multi_comb_cap/n256/seed3_L0_Q0
correctness_smoke,multi_comb_cap,256,3,0,1,1,0,0,1,0.012595,2896,/Users/free_1/Library/Mobile Documents/iCloud~md~obsidian/Documents/cpp-checker/branch_3/artifacts/lca_tree_stress_v5/boj3s_gate/runs/correctness_smoke/multi_comb_cap/n256/seed3_L0_Q1
correctness_smoke,multi_comb_cap,256,3,1,0,1,0,0,1,0.012495,2848,/Users/free_1/Library/Mobile Documents/iCloud~md~obsidian/Documents/cpp-checker/branch_3/artifacts/lca_tree_stress_v5/boj3s_gate/runs/correctness_smoke/multi_comb_cap/n256/seed3_L1_Q0
correctness_smoke,multi_comb_cap,256,3,1,1,1,0,0,1,0.012620,2896,/Users/free_1/Library/Mobile Documents/iCloud~md~obsidian/Documents/cpp-checker/branch_3/artifacts/lca_tree_stress_v5/boj3s_gate/runs/correctness_smoke/multi_comb_cap/n256/seed3_L1_Q1
correctness_smoke,multi_comb_cap,512,1,0,0,1,0,0,1,0.035425,6224,/Users/free_1/Library/Mobile Documents/iCloud~md~obsidian/Documents/cpp-checker/branch_3/artifacts/lca_tree_stress_v5/boj3s_gate/runs/correctness_smoke/multi_comb_cap/n512/seed1_L0_Q0
correctness_smoke,multi_comb_cap,512,1,0,1,1,0,0,1,0.036625,6240,/Users/free_1/Library/Mobile Documents/iCloud~md~obsidian/Documents/cpp-checker/branch_3/artifacts/lca_tree_stress_v5/boj3s_gate/runs/correctness_smoke/multi_comb_cap/n512/seed1_L0_Q1
correctness_smoke,multi_comb_cap,512,1,1,0,1,0,0,1,0.035715,6272,/Users/free_1/Library/Mobile Documents/iCloud~md~obsidian/Documents/cpp-checker/branch_3/artifacts/lca_tree_stress_v5/boj3s_gate/runs/correctness_smoke/multi_comb_cap/n512/seed1_L1_Q0
correctness_smoke,multi_comb_cap,512,1,1,1,1,0,0,1,0.033452,6224,/Users/free_1/Library/Mobile Documents/iCloud~md~obsidian/Documents/cpp-checker/branch_3/artifacts/lca_tree_stress_v5/boj3s_gate/runs/correctness_smoke/multi_comb_cap/n512/seed1_L1_Q1
correctness_smoke,multi_comb_cap,512,2,0,0,1,0,0,1,0.037721,6176,/Users/free_1/Library/Mobile Documents/iCloud~md~obsidian/Documents/cpp-checker/branch_3/artifacts/lca_tree_stress_v5/boj3s_gate/runs/correctness_smoke/multi_comb_cap/n512/seed2_L0_Q0
correctness_smoke,multi_comb_cap,512,2,0,1,1,0,0,1,0.037174,6176,/Users/free_1/Library/Mobile Documents/iCloud~md~obsidian/Documents/cpp-checker/branch_3/artifacts/lca_tree_stress_v5/boj3s_gate/runs/correctness_smoke/multi_comb_cap/n512/seed2_L0_Q1
correctness_smoke,multi_comb_cap,512,2,1,0,1,0,0,1,0.037499,6224,/Users/free_1/Library/Mobile Documents/iCloud~md~obsidian/Documents/cpp-checker/branch_3/artifacts/lca_tree_stress_v5/boj3s_gate/runs/correctness_smoke/multi_comb_cap/n512/seed2_L1_Q0
correctness_smoke,multi_comb_cap,512,2,1,1,1,0,0,1,0.029500,6176,/Users/free_1/Library/Mobile Documents/iCloud~md~obsidian/Documents/cpp-checker/branch_3/artifacts/lca_tree_stress_v5/boj3s_gate/runs/correctness_smoke/multi_comb_cap/n512/seed2_L1_Q1
correctness_smoke,multi_comb_cap,512,3,0,0,1,0,0,1,0.036896,6208,/Users/free_1/Library/Mobile Documents/iCloud~md~obsidian/Documents/cpp-checker/branch_3/artifacts/lca_tree_stress_v5/boj3s_gate/runs/correctness_smoke/multi_comb_cap/n512/seed3_L0_Q0
correctness_smoke,multi_comb_cap,512,3,0,1,1,0,0,1,0.036417,6208,/Users/free_1/Library/Mobile Documents/iCloud~md~obsidian/Documents/cpp-checker/branch_3/artifacts/lca_tree_stress_v5/boj3s_gate/runs/correctness_smoke/multi_comb_cap/n512/seed3_L0_Q1
correctness_smoke,multi_comb_cap,512,3,1,0,1,0,0,1,0.056826,6224,/Users/free_1/Library/Mobile Documents/iCloud~md~obsidian/Documents/cpp-checker/branch_3/artifacts/lca_tree_stress_v5/boj3s_gate/runs/correctness_smoke/multi_comb_cap/n512/seed3_L1_Q0
correctness_smoke,multi_comb_cap,512,3,1,1,1,0,0,1,0.055907,6208,/Users/free_1/Library/Mobile Documents/iCloud~md~obsidian/Documents/cpp-checker/branch_3/artifacts/lca_tree_stress_v5/boj3s_gate/runs/correctness_smoke/multi_comb_cap/n512/seed3_L1_Q1
correctness_smoke,multi_comb_cap,1024,1,0,0,1,0,0,1,0.169691,17696,/Users/free_1/Library/Mobile Documents/iCloud~md~obsidian/Documents/cpp-checker/branch_3/artifacts/lca_tree_stress_v5/boj3s_gate/runs/correctness_smoke/multi_comb_cap/n1024/seed1_L0_Q0
correctness_smoke,multi_comb_cap,1024,1,0,1,1,0,0,1,0.298500,17728,/Users/free_1/Library/Mobile Documents/iCloud~md~obsidian/Documents/cpp-checker/branch_3/artifacts/lca_tree_stress_v5/boj3s_gate/runs/correctness_smoke/multi_comb_cap/n1024/seed1_L0_Q1
correctness_smoke,multi_comb_cap,1024,1,1,0,1,0,0,1,0.124042,17728,/Users/free_1/Library/Mobile Documents/iCloud~md~obsidian/Documents/cpp-checker/branch_3/artifacts/lca_tree_stress_v5/boj3s_gate/runs/correctness_smoke/multi_comb_cap/n1024/seed1_L1_Q0
correctness_smoke,multi_comb_cap,1024,1,1,1,1,0,0,1,0.129247,17712,/Users/free_1/Library/Mobile Documents/iCloud~md~obsidian/Documents/cpp-checker/branch_3/artifacts/lca_tree_stress_v5/boj3s_gate/runs/correctness_smoke/multi_comb_cap/n1024/seed1_L1_Q1
correctness_smoke,multi_comb_cap,1024,2,0,0,1,0,0,1,0.131743,17632,/Users/free_1/Library/Mobile Documents/iCloud~md~obsidian/Documents/cpp-checker/branch_3/artifacts/lca_tree_stress_v5/boj3s_gate/runs/correctness_smoke/multi_comb_cap/n1024/seed2_L0_Q0
correctness_smoke,multi_comb_cap,1024,2,0,1,1,0,0,1,0.162338,17680,/Users/free_1/Library/Mobile Documents/iCloud~md~obsidian/Documents/cpp-checker/branch_3/artifacts/lca_tree_stress_v5/boj3s_gate/runs/correctness_smoke/multi_comb_cap/n1024/seed2_L0_Q1
correctness_smoke,multi_comb_cap,1024,2,1,0,1,0,0,1,0.134952,17680,/Users/free_1/Library/Mobile Documents/iCloud~md~obsidian/Documents/cpp-checker/branch_3/artifacts/lca_tree_stress_v5/boj3s_gate/runs/correctness_smoke/multi_comb_cap/n1024/seed2_L1_Q0
correctness_smoke,multi_comb_cap,1024,2,1,1,1,0,0,1,0.149501,17664,/Users/free_1/Library/Mobile Documents/iCloud~md~obsidian/Documents/cpp-checker/branch_3/artifacts/lca_tree_stress_v5/boj3s_gate/runs/correctness_smoke/multi_comb_cap/n1024/seed2_L1_Q1
correctness_smoke,multi_comb_cap,1024,3,0,0,1,0,0,1,0.129406,17776,/Users/free_1/Library/Mobile Documents/iCloud~md~obsidian/Documents/cpp-checker/branch_3/artifacts/lca_tree_stress_v5/boj3s_gate/runs/correctness_smoke/multi_comb_cap/n1024/seed3_L0_Q0
correctness_smoke,multi_comb_cap,1024,3,0,1,1,0,0,1,0.160382,17776,/Users/free_1/Library/Mobile Documents/iCloud~md~obsidian/Documents/cpp-checker/branch_3/artifacts/lca_tree_stress_v5/boj3s_gate/runs/correctness_smoke/multi_comb_cap/n1024/seed3_L0_Q1
correctness_smoke,multi_comb_cap,1024,3,1,0,1,0,0,1,0.188622,17792,/Users/free_1/Library/Mobile Documents/iCloud~md~obsidian/Documents/cpp-checker/branch_3/artifacts/lca_tree_stress_v5/boj3s_gate/runs/correctness_smoke/multi_comb_cap/n1024/seed3_L1_Q0
correctness_smoke,multi_comb_cap,1024,3,1,1,1,0,0,1,0.123959,17824,/Users/free_1/Library/Mobile Documents/iCloud~md~obsidian/Documents/cpp-checker/branch_3/artifacts/lca_tree_stress_v5/boj3s_gate/runs/correctness_smoke/multi_comb_cap/n1024/seed3_L1_Q1
correctness_smoke,balanced_dense,128,1,0,0,1,0,0,1,0.012595,1792,/Users/free_1/Library/Mobile Documents/iCloud~md~obsidian/Documents/cpp-checker/branch_3/artifacts/lca_tree_stress_v5/boj3s_gate/runs/correctness_smoke/balanced_dense/n128/seed1_L0_Q0
correctness_smoke,balanced_dense,128,1,0,1,1,0,0,1,0.012316,1808,/Users/free_1/Library/Mobile Documents/iCloud~md~obsidian/Documents/cpp-checker/branch_3/artifacts/lca_tree_stress_v5/boj3s_gate/runs/correctness_smoke/balanced_dense/n128/seed1_L0_Q1
correctness_smoke,balanced_dense,128,1,1,0,1,0,0,1,0.012611,1776,/Users/free_1/Library/Mobile Documents/iCloud~md~obsidian/Documents/cpp-checker/branch_3/artifacts/lca_tree_stress_v5/boj3s_gate/runs/correctness_smoke/balanced_dense/n128/seed1_L1_Q0
correctness_smoke,balanced_dense,128,1,1,1,1,0,0,1,0.012616,1760,/Users/free_1/Library/Mobile Documents/iCloud~md~obsidian/Documents/cpp-checker/branch_3/artifacts/lca_tree_stress_v5/boj3s_gate/runs/correctness_smoke/balanced_dense/n128/seed1_L1_Q1
correctness_smoke,balanced_dense,128,2,0,0,1,0,0,1,0.012584,1760,/Users/free_1/Library/Mobile Documents/iCloud~md~obsidian/Documents/cpp-checker/branch_3/artifacts/lca_tree_stress_v5/boj3s_gate/runs/correctness_smoke/balanced_dense/n128/seed2_L0_Q0
correctness_smoke,balanced_dense,128,2,0,1,1,0,0,1,0.012598,1760,/Users/free_1/Library/Mobile Documents/iCloud~md~obsidian/Documents/cpp-checker/branch_3/artifacts/lca_tree_stress_v5/boj3s_gate/runs/correctness_smoke/balanced_dense/n128/seed2_L0_Q1
correctness_smoke,balanced_dense,128,2,1,0,1,0,0,1,0.012604,1760,/Users/free_1/Library/Mobile Documents/iCloud~md~obsidian/Documents/cpp-checker/branch_3/artifacts/lca_tree_stress_v5/boj3s_gate/runs/correctness_smoke/balanced_dense/n128/seed2_L1_Q0
correctness_smoke,balanced_dense,128,2,1,1,1,0,0,1,0.012653,1760,/Users/free_1/Library/Mobile Documents/iCloud~md~obsidian/Documents/cpp-checker/branch_3/artifacts/lca_tree_stress_v5/boj3s_gate/runs/correctness_smoke/balanced_dense/n128/seed2_L1_Q1
correctness_smoke,balanced_dense,128,3,0,0,1,0,0,1,0.012589,1776,/Users/free_1/Library/Mobile Documents/iCloud~md~obsidian/Documents/cpp-checker/branch_3/artifacts/lca_tree_stress_v5/boj3s_gate/runs/correctness_smoke/balanced_dense/n128/seed3_L0_Q0
correctness_smoke,balanced_dense,128,3,0,1,1,0,0,1,0.012343,1760,/Users/free_1/Library/Mobile Documents/iCloud~md~obsidian/Documents/cpp-checker/branch_3/artifacts/lca_tree_stress_v5/boj3s_gate/runs/correctness_smoke/balanced_dense/n128/seed3_L0_Q1
correctness_smoke,balanced_dense,128,3,1,0,1,0,0,1,0.012638,1744,/Users/free_1/Library/Mobile Documents/iCloud~md~obsidian/Documents/cpp-checker/branch_3/artifacts/lca_tree_stress_v5/boj3s_gate/runs/correctness_smoke/balanced_dense/n128/seed3_L1_Q0
correctness_smoke,balanced_dense,128,3,1,1,1,0,0,1,0.012937,1760,/Users/free_1/Library/Mobile Documents/iCloud~md~obsidian/Documents/cpp-checker/branch_3/artifacts/lca_tree_stress_v5/boj3s_gate/runs/correctness_smoke/balanced_dense/n128/seed3_L1_Q1
correctness_smoke,balanced_dense,256,1,0,0,1,0,0,1,0.012603,2160,/Users/free_1/Library/Mobile Documents/iCloud~md~obsidian/Documents/cpp-checker/branch_3/artifacts/lca_tree_stress_v5/boj3s_gate/runs/correctness_smoke/balanced_dense/n256/seed1_L0_Q0
correctness_smoke,balanced_dense,256,1,0,1,1,0,0,1,0.011446,2128,/Users/free_1/Library/Mobile Documents/iCloud~md~obsidian/Documents/cpp-checker/branch_3/artifacts/lca_tree_stress_v5/boj3s_gate/runs/correctness_smoke/balanced_dense/n256/seed1_L0_Q1
correctness_smoke,balanced_dense,256,1,1,0,1,0,0,1,0.010896,2144,/Users/free_1/Library/Mobile Documents/iCloud~md~obsidian/Documents/cpp-checker/branch_3/artifacts/lca_tree_stress_v5/boj3s_gate/runs/correctness_smoke/balanced_dense/n256/seed1_L1_Q0
correctness_smoke,balanced_dense,256,1,1,1,1,0,0,1,0.012580,2176,/Users/free_1/Library/Mobile Documents/iCloud~md~obsidian/Documents/cpp-checker/branch_3/artifacts/lca_tree_stress_v5/boj3s_gate/runs/correctness_smoke/balanced_dense/n256/seed1_L1_Q1
correctness_smoke,balanced_dense,256,2,0,0,1,0,0,1,0.012596,2176,/Users/free_1/Library/Mobile Documents/iCloud~md~obsidian/Documents/cpp-checker/branch_3/artifacts/lca_tree_stress_v5/boj3s_gate/runs/correctness_smoke/balanced_dense/n256/seed2_L0_Q0
correctness_smoke,balanced_dense,256,2,0,1,1,0,0,1,0.012606,2160,/Users/free_1/Library/Mobile Documents/iCloud~md~obsidian/Documents/cpp-checker/branch_3/artifacts/lca_tree_stress_v5/boj3s_gate/runs/correctness_smoke/balanced_dense/n256/seed2_L0_Q1
correctness_smoke,balanced_dense,256,2,1,0,1,0,0,1,0.012770,2144,/Users/free_1/Library/Mobile Documents/iCloud~md~obsidian/Documents/cpp-checker/branch_3/artifacts/lca_tree_stress_v5/boj3s_gate/runs/correctness_smoke/balanced_dense/n256/seed2_L1_Q0
correctness_smoke,balanced_dense,256,2,1,1,1,0,0,1,0.012251,2176,/Users/free_1/Library/Mobile Documents/iCloud~md~obsidian/Documents/cpp-checker/branch_3/artifacts/lca_tree_stress_v5/boj3s_gate/runs/correctness_smoke/balanced_dense/n256/seed2_L1_Q1
correctness_smoke,balanced_dense,256,3,0,0,1,0,0,1,0.012622,2144,/Users/free_1/Library/Mobile Documents/iCloud~md~obsidian/Documents/cpp-checker/branch_3/artifacts/lca_tree_stress_v5/boj3s_gate/runs/correctness_smoke/balanced_dense/n256/seed3_L0_Q0
correctness_smoke,balanced_dense,256,3,0,1,1,0,0,1,0.012602,2112,/Users/free_1/Library/Mobile Documents/iCloud~md~obsidian/Documents/cpp-checker/branch_3/artifacts/lca_tree_stress_v5/boj3s_gate/runs/correctness_smoke/balanced_dense/n256/seed3_L0_Q1
correctness_smoke,balanced_dense,256,3,1,0,1,0,0,1,0.010132,2144,/Users/free_1/Library/Mobile Documents/iCloud~md~obsidian/Documents/cpp-checker/branch_3/artifacts/lca_tree_stress_v5/boj3s_gate/runs/correctness_smoke/balanced_dense/n256/seed3_L1_Q0
correctness_smoke,balanced_dense,256,3,1,1,1,0,0,1,0.012682,2128,/Users/free_1/Library/Mobile Documents/iCloud~md~obsidian/Documents/cpp-checker/branch_3/artifacts/lca_tree_stress_v5/boj3s_gate/runs/correctness_smoke/balanced_dense/n256/seed3_L1_Q1
correctness_smoke,balanced_dense,512,1,0,0,1,0,0,1,0.012590,2784,/Users/free_1/Library/Mobile Documents/iCloud~md~obsidian/Documents/cpp-checker/branch_3/artifacts/lca_tree_stress_v5/boj3s_gate/runs/correctness_smoke/balanced_dense/n512/seed1_L0_Q0
correctness_smoke,balanced_dense,512,1,0,1,1,0,0,1,0.012588,2768,/Users/free_1/Library/Mobile Documents/iCloud~md~obsidian/Documents/cpp-checker/branch_3/artifacts/lca_tree_stress_v5/boj3s_gate/runs/correctness_smoke/balanced_dense/n512/seed1_L0_Q1
correctness_smoke,balanced_dense,512,1,1,0,1,0,0,1,0.012878,2736,/Users/free_1/Library/Mobile Documents/iCloud~md~obsidian/Documents/cpp-checker/branch_3/artifacts/lca_tree_stress_v5/boj3s_gate/runs/correctness_smoke/balanced_dense/n512/seed1_L1_Q0
correctness_smoke,balanced_dense,512,1,1,1,1,0,0,1,0.012579,2736,/Users/free_1/Library/Mobile Documents/iCloud~md~obsidian/Documents/cpp-checker/branch_3/artifacts/lca_tree_stress_v5/boj3s_gate/runs/correctness_smoke/balanced_dense/n512/seed1_L1_Q1
correctness_smoke,balanced_dense,512,2,0,0,1,0,0,1,0.011007,2784,/Users/free_1/Library/Mobile Documents/iCloud~md~obsidian/Documents/cpp-checker/branch_3/artifacts/lca_tree_stress_v5/boj3s_gate/runs/correctness_smoke/balanced_dense/n512/seed2_L0_Q0
correctness_smoke,balanced_dense,512,2,0,1,1,0,0,1,0.012598,2736,/Users/free_1/Library/Mobile Documents/iCloud~md~obsidian/Documents/cpp-checker/branch_3/artifacts/lca_tree_stress_v5/boj3s_gate/runs/correctness_smoke/balanced_dense/n512/seed2_L0_Q1
correctness_smoke,balanced_dense,512,2,1,0,1,0,0,1,0.012942,2768,/Users/free_1/Library/Mobile Documents/iCloud~md~obsidian/Documents/cpp-checker/branch_3/artifacts/lca_tree_stress_v5/boj3s_gate/runs/correctness_smoke/balanced_dense/n512/seed2_L1_Q0
correctness_smoke,balanced_dense,512,2,1,1,1,0,0,1,0.012061,2768,/Users/free_1/Library/Mobile Documents/iCloud~md~obsidian/Documents/cpp-checker/branch_3/artifacts/lca_tree_stress_v5/boj3s_gate/runs/correctness_smoke/balanced_dense/n512/seed2_L1_Q1
correctness_smoke,balanced_dense,512,3,0,0,1,0,0,1,0.012596,2752,/Users/free_1/Library/Mobile Documents/iCloud~md~obsidian/Documents/cpp-checker/branch_3/artifacts/lca_tree_stress_v5/boj3s_gate/runs/correctness_smoke/balanced_dense/n512/seed3_L0_Q0
correctness_smoke,balanced_dense,512,3,0,1,1,0,0,1,0.013089,2784,/Users/free_1/Library/Mobile Documents/iCloud~md~obsidian/Documents/cpp-checker/branch_3/artifacts/lca_tree_stress_v5/boj3s_gate/runs/correctness_smoke/balanced_dense/n512/seed3_L0_Q1
correctness_smoke,balanced_dense,512,3,1,0,1,0,0,1,0.015370,2736,/Users/free_1/Library/Mobile Documents/iCloud~md~obsidian/Documents/cpp-checker/branch_3/artifacts/lca_tree_stress_v5/boj3s_gate/runs/correctness_smoke/balanced_dense/n512/seed3_L1_Q0
correctness_smoke,balanced_dense,512,3,1,1,1,0,0,1,0.012571,2720,/Users/free_1/Library/Mobile Documents/iCloud~md~obsidian/Documents/cpp-checker/branch_3/artifacts/lca_tree_stress_v5/boj3s_gate/runs/correctness_smoke/balanced_dense/n512/seed3_L1_Q1
correctness_smoke,balanced_dense,1024,1,0,0,1,0,0,1,0.024421,3840,/Users/free_1/Library/Mobile Documents/iCloud~md~obsidian/Documents/cpp-checker/branch_3/artifacts/lca_tree_stress_v5/boj3s_gate/runs/correctness_smoke/balanced_dense/n1024/seed1_L0_Q0
correctness_smoke,balanced_dense,1024,1,0,1,1,0,0,1,0.025182,3856,/Users/free_1/Library/Mobile Documents/iCloud~md~obsidian/Documents/cpp-checker/branch_3/artifacts/lca_tree_stress_v5/boj3s_gate/runs/correctness_smoke/balanced_dense/n1024/seed1_L0_Q1
correctness_smoke,balanced_dense,1024,1,1,0,1,0,0,1,0.025236,3856,/Users/free_1/Library/Mobile Documents/iCloud~md~obsidian/Documents/cpp-checker/branch_3/artifacts/lca_tree_stress_v5/boj3s_gate/runs/correctness_smoke/balanced_dense/n1024/seed1_L1_Q0
correctness_smoke,balanced_dense,1024,1,1,1,1,0,0,1,0.025680,3888,/Users/free_1/Library/Mobile Documents/iCloud~md~obsidian/Documents/cpp-checker/branch_3/artifacts/lca_tree_stress_v5/boj3s_gate/runs/correctness_smoke/balanced_dense/n1024/seed1_L1_Q1
correctness_smoke,balanced_dense,1024,2,0,0,1,0,0,1,0.024662,3872,/Users/free_1/Library/Mobile Documents/iCloud~md~obsidian/Documents/cpp-checker/branch_3/artifacts/lca_tree_stress_v5/boj3s_gate/runs/correctness_smoke/balanced_dense/n1024/seed2_L0_Q0
correctness_smoke,balanced_dense,1024,2,0,1,1,0,0,1,0.026519,3872,/Users/free_1/Library/Mobile Documents/iCloud~md~obsidian/Documents/cpp-checker/branch_3/artifacts/lca_tree_stress_v5/boj3s_gate/runs/correctness_smoke/balanced_dense/n1024/seed2_L0_Q1
correctness_smoke,balanced_dense,1024,2,1,0,1,0,0,1,0.024483,3872,/Users/free_1/Library/Mobile Documents/iCloud~md~obsidian/Documents/cpp-checker/branch_3/artifacts/lca_tree_stress_v5/boj3s_gate/runs/correctness_smoke/balanced_dense/n1024/seed2_L1_Q0
correctness_smoke,balanced_dense,1024,2,1,1,1,0,0,1,0.012639,3856,/Users/free_1/Library/Mobile Documents/iCloud~md~obsidian/Documents/cpp-checker/branch_3/artifacts/lca_tree_stress_v5/boj3s_gate/runs/correctness_smoke/balanced_dense/n1024/seed2_L1_Q1
correctness_smoke,balanced_dense,1024,3,0,0,1,0,0,1,0.025543,3856,/Users/free_1/Library/Mobile Documents/iCloud~md~obsidian/Documents/cpp-checker/branch_3/artifacts/lca_tree_stress_v5/boj3s_gate/runs/correctness_smoke/balanced_dense/n1024/seed3_L0_Q0
correctness_smoke,balanced_dense,1024,3,0,1,1,0,0,1,0.023448,3728,/Users/free_1/Library/Mobile Documents/iCloud~md~obsidian/Documents/cpp-checker/branch_3/artifacts/lca_tree_stress_v5/boj3s_gate/runs/correctness_smoke/balanced_dense/n1024/seed3_L0_Q1
correctness_smoke,balanced_dense,1024,3,1,0,1,0,0,1,0.024556,3888,/Users/free_1/Library/Mobile Documents/iCloud~md~obsidian/Documents/cpp-checker/branch_3/artifacts/lca_tree_stress_v5/boj3s_gate/runs/correctness_smoke/balanced_dense/n1024/seed3_L1_Q0
correctness_smoke,balanced_dense,1024,3,1,1,1,0,0,1,0.027090,3792,/Users/free_1/Library/Mobile Documents/iCloud~md~obsidian/Documents/cpp-checker/branch_3/artifacts/lca_tree_stress_v5/boj3s_gate/runs/correctness_smoke/balanced_dense/n1024/seed3_L1_Q1
correctness_smoke,caterpillar_rect_dense,128,1,0,0,1,0,0,1,0.011916,2528,/Users/free_1/Library/Mobile Documents/iCloud~md~obsidian/Documents/cpp-checker/branch_3/artifacts/lca_tree_stress_v5/boj3s_gate/runs/correctness_smoke/caterpillar_rect_dense/n128/seed1_L0_Q0
correctness_smoke,caterpillar_rect_dense,128,1,0,1,1,0,0,1,0.023292,2544,/Users/free_1/Library/Mobile Documents/iCloud~md~obsidian/Documents/cpp-checker/branch_3/artifacts/lca_tree_stress_v5/boj3s_gate/runs/correctness_smoke/caterpillar_rect_dense/n128/seed1_L0_Q1
correctness_smoke,caterpillar_rect_dense,128,1,1,0,1,0,0,1,0.012703,2544,/Users/free_1/Library/Mobile Documents/iCloud~md~obsidian/Documents/cpp-checker/branch_3/artifacts/lca_tree_stress_v5/boj3s_gate/runs/correctness_smoke/caterpillar_rect_dense/n128/seed1_L1_Q0
correctness_smoke,caterpillar_rect_dense,128,1,1,1,1,0,0,1,0.010661,2560,/Users/free_1/Library/Mobile Documents/iCloud~md~obsidian/Documents/cpp-checker/branch_3/artifacts/lca_tree_stress_v5/boj3s_gate/runs/correctness_smoke/caterpillar_rect_dense/n128/seed1_L1_Q1
correctness_smoke,caterpillar_rect_dense,128,2,0,0,1,0,0,1,0.012595,2624,/Users/free_1/Library/Mobile Documents/iCloud~md~obsidian/Documents/cpp-checker/branch_3/artifacts/lca_tree_stress_v5/boj3s_gate/runs/correctness_smoke/caterpillar_rect_dense/n128/seed2_L0_Q0
correctness_smoke,caterpillar_rect_dense,128,2,0,1,1,0,0,1,0.012589,2624,/Users/free_1/Library/Mobile Documents/iCloud~md~obsidian/Documents/cpp-checker/branch_3/artifacts/lca_tree_stress_v5/boj3s_gate/runs/correctness_smoke/caterpillar_rect_dense/n128/seed2_L0_Q1
correctness_smoke,caterpillar_rect_dense,128,2,1,0,1,0,0,1,0.010929,2576,/Users/free_1/Library/Mobile Documents/iCloud~md~obsidian/Documents/cpp-checker/branch_3/artifacts/lca_tree_stress_v5/boj3s_gate/runs/correctness_smoke/caterpillar_rect_dense/n128/seed2_L1_Q0
correctness_smoke,caterpillar_rect_dense,128,2,1,1,1,0,0,1,0.267461,2992,/Users/free_1/Library/Mobile Documents/iCloud~md~obsidian/Documents/cpp-checker/branch_3/artifacts/lca_tree_stress_v5/boj3s_gate/runs/correctness_smoke/caterpillar_rect_dense/n128/seed2_L1_Q1
correctness_smoke,caterpillar_rect_dense,128,3,0,0,1,0,0,1,0.024493,2976,/Users/free_1/Library/Mobile Documents/iCloud~md~obsidian/Documents/cpp-checker/branch_3/artifacts/lca_tree_stress_v5/boj3s_gate/runs/correctness_smoke/caterpillar_rect_dense/n128/seed3_L0_Q0
correctness_smoke,caterpillar_rect_dense,128,3,0,1,1,0,0,1,0.012167,2960,/Users/free_1/Library/Mobile Documents/iCloud~md~obsidian/Documents/cpp-checker/branch_3/artifacts/lca_tree_stress_v5/boj3s_gate/runs/correctness_smoke/caterpillar_rect_dense/n128/seed3_L0_Q1
correctness_smoke,caterpillar_rect_dense,128,3,1,0,1,0,0,1,0.012584,3024,/Users/free_1/Library/Mobile Documents/iCloud~md~obsidian/Documents/cpp-checker/branch_3/artifacts/lca_tree_stress_v5/boj3s_gate/runs/correctness_smoke/caterpillar_rect_dense/n128/seed3_L1_Q0
correctness_smoke,caterpillar_rect_dense,128,3,1,1,1,0,0,1,0.012606,2992,/Users/free_1/Library/Mobile Documents/iCloud~md~obsidian/Documents/cpp-checker/branch_3/artifacts/lca_tree_stress_v5/boj3s_gate/runs/correctness_smoke/caterpillar_rect_dense/n128/seed3_L1_Q1
correctness_smoke,caterpillar_rect_dense,256,1,0,0,1,0,0,1,0.036797,5968,/Users/free_1/Library/Mobile Documents/iCloud~md~obsidian/Documents/cpp-checker/branch_3/artifacts/lca_tree_stress_v5/boj3s_gate/runs/correctness_smoke/caterpillar_rect_dense/n256/seed1_L0_Q0
correctness_smoke,caterpillar_rect_dense,256,1,0,1,1,0,0,1,0.037447,5968,/Users/free_1/Library/Mobile Documents/iCloud~md~obsidian/Documents/cpp-checker/branch_3/artifacts/lca_tree_stress_v5/boj3s_gate/runs/correctness_smoke/caterpillar_rect_dense/n256/seed1_L0_Q1
correctness_smoke,caterpillar_rect_dense,256,1,1,0,1,0,0,1,0.037237,5984,/Users/free_1/Library/Mobile Documents/iCloud~md~obsidian/Documents/cpp-checker/branch_3/artifacts/lca_tree_stress_v5/boj3s_gate/runs/correctness_smoke/caterpillar_rect_dense/n256/seed1_L1_Q0
correctness_smoke,caterpillar_rect_dense,256,1,1,1,1,0,0,1,0.038770,5984,/Users/free_1/Library/Mobile Documents/iCloud~md~obsidian/Documents/cpp-checker/branch_3/artifacts/lca_tree_stress_v5/boj3s_gate/runs/correctness_smoke/caterpillar_rect_dense/n256/seed1_L1_Q1
correctness_smoke,caterpillar_rect_dense,256,2,0,0,1,0,0,1,0.038480,5952,/Users/free_1/Library/Mobile Documents/iCloud~md~obsidian/Documents/cpp-checker/branch_3/artifacts/lca_tree_stress_v5/boj3s_gate/runs/correctness_smoke/caterpillar_rect_dense/n256/seed2_L0_Q0
correctness_smoke,caterpillar_rect_dense,256,2,0,1,1,0,0,1,0.044912,5952,/Users/free_1/Library/Mobile Documents/iCloud~md~obsidian/Documents/cpp-checker/branch_3/artifacts/lca_tree_stress_v5/boj3s_gate/runs/correctness_smoke/caterpillar_rect_dense/n256/seed2_L0_Q1
correctness_smoke,caterpillar_rect_dense,256,2,1,0,1,0,0,1,0.038469,5952,/Users/free_1/Library/Mobile Documents/iCloud~md~obsidian/Documents/cpp-checker/branch_3/artifacts/lca_tree_stress_v5/boj3s_gate/runs/correctness_smoke/caterpillar_rect_dense/n256/seed2_L1_Q0
correctness_smoke,caterpillar_rect_dense,256,2,1,1,1,0,0,1,0.037937,5952,/Users/free_1/Library/Mobile Documents/iCloud~md~obsidian/Documents/cpp-checker/branch_3/artifacts/lca_tree_stress_v5/boj3s_gate/runs/correctness_smoke/caterpillar_rect_dense/n256/seed2_L1_Q1
correctness_smoke,caterpillar_rect_dense,256,3,0,0,1,0,0,1,0.035388,5984,/Users/free_1/Library/Mobile Documents/iCloud~md~obsidian/Documents/cpp-checker/branch_3/artifacts/lca_tree_stress_v5/boj3s_gate/runs/correctness_smoke/caterpillar_rect_dense/n256/seed3_L0_Q0
correctness_smoke,caterpillar_rect_dense,256,3,0,1,1,0,0,1,0.045474,5968,/Users/free_1/Library/Mobile Documents/iCloud~md~obsidian/Documents/cpp-checker/branch_3/artifacts/lca_tree_stress_v5/boj3s_gate/runs/correctness_smoke/caterpillar_rect_dense/n256/seed3_L0_Q1
correctness_smoke,caterpillar_rect_dense,256,3,1,0,1,0,0,1,0.037196,5952,/Users/free_1/Library/Mobile Documents/iCloud~md~obsidian/Documents/cpp-checker/branch_3/artifacts/lca_tree_stress_v5/boj3s_gate/runs/correctness_smoke/caterpillar_rect_dense/n256/seed3_L1_Q0
correctness_smoke,caterpillar_rect_dense,256,3,1,1,1,0,0,1,0.042321,5968,/Users/free_1/Library/Mobile Documents/iCloud~md~obsidian/Documents/cpp-checker/branch_3/artifacts/lca_tree_stress_v5/boj3s_gate/runs/correctness_smoke/caterpillar_rect_dense/n256/seed3_L1_Q1
correctness_smoke,caterpillar_rect_dense,512,1,0,0,1,0,0,1,0.930961,17520,/Users/free_1/Library/Mobile Documents/iCloud~md~obsidian/Documents/cpp-checker/branch_3/artifacts/lca_tree_stress_v5/boj3s_gate/runs/correctness_smoke/caterpillar_rect_dense/n512/seed1_L0_Q0
correctness_smoke,caterpillar_rect_dense,512,1,0,1,1,0,0,1,0.323949,17536,/Users/free_1/Library/Mobile Documents/iCloud~md~obsidian/Documents/cpp-checker/branch_3/artifacts/lca_tree_stress_v5/boj3s_gate/runs/correctness_smoke/caterpillar_rect_dense/n512/seed1_L0_Q1
correctness_smoke,caterpillar_rect_dense,512,1,1,0,1,0,0,1,0.222224,17408,/Users/free_1/Library/Mobile Documents/iCloud~md~obsidian/Documents/cpp-checker/branch_3/artifacts/lca_tree_stress_v5/boj3s_gate/runs/correctness_smoke/caterpillar_rect_dense/n512/seed1_L1_Q0
correctness_smoke,caterpillar_rect_dense,512,1,1,1,1,0,0,1,0.148556,17552,/Users/free_1/Library/Mobile Documents/iCloud~md~obsidian/Documents/cpp-checker/branch_3/artifacts/lca_tree_stress_v5/boj3s_gate/runs/correctness_smoke/caterpillar_rect_dense/n512/seed1_L1_Q1
correctness_smoke,caterpillar_rect_dense,512,2,0,0,1,0,0,1,0.221431,17424,/Users/free_1/Library/Mobile Documents/iCloud~md~obsidian/Documents/cpp-checker/branch_3/artifacts/lca_tree_stress_v5/boj3s_gate/runs/correctness_smoke/caterpillar_rect_dense/n512/seed2_L0_Q0
correctness_smoke,caterpillar_rect_dense,512,2,0,1,1,0,0,1,0.244533,17472,/Users/free_1/Library/Mobile Documents/iCloud~md~obsidian/Documents/cpp-checker/branch_3/artifacts/lca_tree_stress_v5/boj3s_gate/runs/correctness_smoke/caterpillar_rect_dense/n512/seed2_L0_Q1
correctness_smoke,caterpillar_rect_dense,512,2,1,0,1,0,0,1,0.198695,17424,/Users/free_1/Library/Mobile Documents/iCloud~md~obsidian/Documents/cpp-checker/branch_3/artifacts/lca_tree_stress_v5/boj3s_gate/runs/correctness_smoke/caterpillar_rect_dense/n512/seed2_L1_Q0
correctness_smoke,caterpillar_rect_dense,512,2,1,1,1,0,0,1,0.151344,17440,/Users/free_1/Library/Mobile Documents/iCloud~md~obsidian/Documents/cpp-checker/branch_3/artifacts/lca_tree_stress_v5/boj3s_gate/runs/correctness_smoke/caterpillar_rect_dense/n512/seed2_L1_Q1
correctness_smoke,caterpillar_rect_dense,512,3,0,0,1,0,0,1,0.157182,17392,/Users/free_1/Library/Mobile Documents/iCloud~md~obsidian/Documents/cpp-checker/branch_3/artifacts/lca_tree_stress_v5/boj3s_gate/runs/correctness_smoke/caterpillar_rect_dense/n512/seed3_L0_Q0
correctness_smoke,caterpillar_rect_dense,512,3,0,1,1,0,0,1,0.150569,17520,/Users/free_1/Library/Mobile Documents/iCloud~md~obsidian/Documents/cpp-checker/branch_3/artifacts/lca_tree_stress_v5/boj3s_gate/runs/correctness_smoke/caterpillar_rect_dense/n512/seed3_L0_Q1
correctness_smoke,caterpillar_rect_dense,512,3,1,0,1,0,0,1,0.166859,17408,/Users/free_1/Library/Mobile Documents/iCloud~md~obsidian/Documents/cpp-checker/branch_3/artifacts/lca_tree_stress_v5/boj3s_gate/runs/correctness_smoke/caterpillar_rect_dense/n512/seed3_L1_Q0
correctness_smoke,caterpillar_rect_dense,512,3,1,1,1,0,0,1,0.131364,17392,/Users/free_1/Library/Mobile Documents/iCloud~md~obsidian/Documents/cpp-checker/branch_3/artifacts/lca_tree_stress_v5/boj3s_gate/runs/correctness_smoke/caterpillar_rect_dense/n512/seed3_L1_Q1
correctness_smoke,caterpillar_rect_dense,1024,1,0,0,1,0,0,1,0.652564,63376,/Users/free_1/Library/Mobile Documents/iCloud~md~obsidian/Documents/cpp-checker/branch_3/artifacts/lca_tree_stress_v5/boj3s_gate/runs/correctness_smoke/caterpillar_rect_dense/n1024/seed1_L0_Q0
correctness_smoke,caterpillar_rect_dense,1024,1,0,1,1,0,0,1,0.895006,63424,/Users/free_1/Library/Mobile Documents/iCloud~md~obsidian/Documents/cpp-checker/branch_3/artifacts/lca_tree_stress_v5/boj3s_gate/runs/correctness_smoke/caterpillar_rect_dense/n1024/seed1_L0_Q1
correctness_smoke,caterpillar_rect_dense,1024,1,1,0,1,0,0,1,1.358912,63472,/Users/free_1/Library/Mobile Documents/iCloud~md~obsidian/Documents/cpp-checker/branch_3/artifacts/lca_tree_stress_v5/boj3s_gate/runs/correctness_smoke/caterpillar_rect_dense/n1024/seed1_L1_Q0
correctness_smoke,caterpillar_rect_dense,1024,1,1,1,1,0,0,1,0.747982,63472,/Users/free_1/Library/Mobile Documents/iCloud~md~obsidian/Documents/cpp-checker/branch_3/artifacts/lca_tree_stress_v5/boj3s_gate/runs/correctness_smoke/caterpillar_rect_dense/n1024/seed1_L1_Q1
correctness_smoke,caterpillar_rect_dense,1024,2,0,0,1,0,0,1,0.696639,63440,/Users/free_1/Library/Mobile Documents/iCloud~md~obsidian/Documents/cpp-checker/branch_3/artifacts/lca_tree_stress_v5/boj3s_gate/runs/correctness_smoke/caterpillar_rect_dense/n1024/seed2_L0_Q0
correctness_smoke,caterpillar_rect_dense,1024,2,0,1,1,0,0,1,0.640149,63376,/Users/free_1/Library/Mobile Documents/iCloud~md~obsidian/Documents/cpp-checker/branch_3/artifacts/lca_tree_stress_v5/boj3s_gate/runs/correctness_smoke/caterpillar_rect_dense/n1024/seed2_L0_Q1
correctness_smoke,caterpillar_rect_dense,1024,2,1,0,1,0,0,1,0.609094,63456,/Users/free_1/Library/Mobile Documents/iCloud~md~obsidian/Documents/cpp-checker/branch_3/artifacts/lca_tree_stress_v5/boj3s_gate/runs/correctness_smoke/caterpillar_rect_dense/n1024/seed2_L1_Q0
correctness_smoke,caterpillar_rect_dense,1024,2,1,1,1,0,0,1,0.629595,63472,/Users/free_1/Library/Mobile Documents/iCloud~md~obsidian/Documents/cpp-checker/branch_3/artifacts/lca_tree_stress_v5/boj3s_gate/runs/correctness_smoke/caterpillar_rect_dense/n1024/seed2_L1_Q1
correctness_smoke,caterpillar_rect_dense,1024,3,0,0,1,0,0,1,0.627251,63488,/Users/free_1/Library/Mobile Documents/iCloud~md~obsidian/Documents/cpp-checker/branch_3/artifacts/lca_tree_stress_v5/boj3s_gate/runs/correctness_smoke/caterpillar_rect_dense/n1024/seed3_L0_Q0
correctness_smoke,caterpillar_rect_dense,1024,3,0,1,1,0,0,1,0.675397,63360,/Users/free_1/Library/Mobile Documents/iCloud~md~obsidian/Documents/cpp-checker/branch_3/artifacts/lca_tree_stress_v5/boj3s_gate/runs/correctness_smoke/caterpillar_rect_dense/n1024/seed3_L0_Q1
correctness_smoke,caterpillar_rect_dense,1024,3,1,0,1,0,0,1,0.648631,63456,/Users/free_1/Library/Mobile Documents/iCloud~md~obsidian/Documents/cpp-checker/branch_3/artifacts/lca_tree_stress_v5/boj3s_gate/runs/correctness_smoke/caterpillar_rect_dense/n1024/seed3_L1_Q0
correctness_smoke,caterpillar_rect_dense,1024,3,1,1,1,0,0,1,0.646296,63456,/Users/free_1/Library/Mobile Documents/iCloud~md~obsidian/Documents/cpp-checker/branch_3/artifacts/lca_tree_stress_v5/boj3s_gate/runs/correctness_smoke/caterpillar_rect_dense/n1024/seed3_L1_Q1
correctness_smoke,random_recursive_mixed,128,1,0,0,1,0,0,1,0.012607,2112,/Users/free_1/Library/Mobile Documents/iCloud~md~obsidian/Documents/cpp-checker/branch_3/artifacts/lca_tree_stress_v5/boj3s_gate/runs/correctness_smoke/random_recursive_mixed/n128/seed1_L0_Q0
correctness_smoke,random_recursive_mixed,128,1,0,1,1,0,0,1,0.013095,2112,/Users/free_1/Library/Mobile Documents/iCloud~md~obsidian/Documents/cpp-checker/branch_3/artifacts/lca_tree_stress_v5/boj3s_gate/runs/correctness_smoke/random_recursive_mixed/n128/seed1_L0_Q1
correctness_smoke,random_recursive_mixed,128,1,1,0,1,0,0,1,0.013151,2096,/Users/free_1/Library/Mobile Documents/iCloud~md~obsidian/Documents/cpp-checker/branch_3/artifacts/lca_tree_stress_v5/boj3s_gate/runs/correctness_smoke/random_recursive_mixed/n128/seed1_L1_Q0
correctness_smoke,random_recursive_mixed,128,1,1,1,1,0,0,1,0.012630,2128,/Users/free_1/Library/Mobile Documents/iCloud~md~obsidian/Documents/cpp-checker/branch_3/artifacts/lca_tree_stress_v5/boj3s_gate/runs/correctness_smoke/random_recursive_mixed/n128/seed1_L1_Q1
correctness_smoke,random_recursive_mixed,128,2,0,0,1,0,0,1,0.014290,2128,/Users/free_1/Library/Mobile Documents/iCloud~md~obsidian/Documents/cpp-checker/branch_3/artifacts/lca_tree_stress_v5/boj3s_gate/runs/correctness_smoke/random_recursive_mixed/n128/seed2_L0_Q0
correctness_smoke,random_recursive_mixed,128,2,0,1,1,0,0,1,0.012598,2080,/Users/free_1/Library/Mobile Documents/iCloud~md~obsidian/Documents/cpp-checker/branch_3/artifacts/lca_tree_stress_v5/boj3s_gate/runs/correctness_smoke/random_recursive_mixed/n128/seed2_L0_Q1
correctness_smoke,random_recursive_mixed,128,2,1,0,1,0,0,1,0.012615,2080,/Users/free_1/Library/Mobile Documents/iCloud~md~obsidian/Documents/cpp-checker/branch_3/artifacts/lca_tree_stress_v5/boj3s_gate/runs/correctness_smoke/random_recursive_mixed/n128/seed2_L1_Q0
correctness_smoke,random_recursive_mixed,128,2,1,1,1,0,0,1,0.011732,2128,/Users/free_1/Library/Mobile Documents/iCloud~md~obsidian/Documents/cpp-checker/branch_3/artifacts/lca_tree_stress_v5/boj3s_gate/runs/correctness_smoke/random_recursive_mixed/n128/seed2_L1_Q1
correctness_smoke,random_recursive_mixed,128,3,0,0,1,0,0,1,0.015060,2096,/Users/free_1/Library/Mobile Documents/iCloud~md~obsidian/Documents/cpp-checker/branch_3/artifacts/lca_tree_stress_v5/boj3s_gate/runs/correctness_smoke/random_recursive_mixed/n128/seed3_L0_Q0
correctness_smoke,random_recursive_mixed,128,3,0,1,1,0,0,1,0.012646,2096,/Users/free_1/Library/Mobile Documents/iCloud~md~obsidian/Documents/cpp-checker/branch_3/artifacts/lca_tree_stress_v5/boj3s_gate/runs/correctness_smoke/random_recursive_mixed/n128/seed3_L0_Q1
correctness_smoke,random_recursive_mixed,128,3,1,0,1,0,0,1,0.012615,2096,/Users/free_1/Library/Mobile Documents/iCloud~md~obsidian/Documents/cpp-checker/branch_3/artifacts/lca_tree_stress_v5/boj3s_gate/runs/correctness_smoke/random_recursive_mixed/n128/seed3_L1_Q0
correctness_smoke,random_recursive_mixed,128,3,1,1,1,0,0,1,0.012585,2096,/Users/free_1/Library/Mobile Documents/iCloud~md~obsidian/Documents/cpp-checker/branch_3/artifacts/lca_tree_stress_v5/boj3s_gate/runs/correctness_smoke/random_recursive_mixed/n128/seed3_L1_Q1
correctness_smoke,random_recursive_mixed,256,1,0,0,1,0,0,1,0.012632,2448,/Users/free_1/Library/Mobile Documents/iCloud~md~obsidian/Documents/cpp-checker/branch_3/artifacts/lca_tree_stress_v5/boj3s_gate/runs/correctness_smoke/random_recursive_mixed/n256/seed1_L0_Q0
correctness_smoke,random_recursive_mixed,256,1,0,1,1,0,0,1,0.012616,2448,/Users/free_1/Library/Mobile Documents/iCloud~md~obsidian/Documents/cpp-checker/branch_3/artifacts/lca_tree_stress_v5/boj3s_gate/runs/correctness_smoke/random_recursive_mixed/n256/seed1_L0_Q1
correctness_smoke,random_recursive_mixed,256,1,1,0,1,0,0,1,0.012682,2448,/Users/free_1/Library/Mobile Documents/iCloud~md~obsidian/Documents/cpp-checker/branch_3/artifacts/lca_tree_stress_v5/boj3s_gate/runs/correctness_smoke/random_recursive_mixed/n256/seed1_L1_Q0
correctness_smoke,random_recursive_mixed,256,1,1,1,1,0,0,1,0.012476,2448,/Users/free_1/Library/Mobile Documents/iCloud~md~obsidian/Documents/cpp-checker/branch_3/artifacts/lca_tree_stress_v5/boj3s_gate/runs/correctness_smoke/random_recursive_mixed/n256/seed1_L1_Q1
correctness_smoke,random_recursive_mixed,256,2,0,0,1,0,0,1,0.012598,2464,/Users/free_1/Library/Mobile Documents/iCloud~md~obsidian/Documents/cpp-checker/branch_3/artifacts/lca_tree_stress_v5/boj3s_gate/runs/correctness_smoke/random_recursive_mixed/n256/seed2_L0_Q0
correctness_smoke,random_recursive_mixed,256,2,0,1,1,0,0,1,0.011383,2416,/Users/free_1/Library/Mobile Documents/iCloud~md~obsidian/Documents/cpp-checker/branch_3/artifacts/lca_tree_stress_v5/boj3s_gate/runs/correctness_smoke/random_recursive_mixed/n256/seed2_L0_Q1
correctness_smoke,random_recursive_mixed,256,2,1,0,1,0,0,1,0.012583,2432,/Users/free_1/Library/Mobile Documents/iCloud~md~obsidian/Documents/cpp-checker/branch_3/artifacts/lca_tree_stress_v5/boj3s_gate/runs/correctness_smoke/random_recursive_mixed/n256/seed2_L1_Q0
correctness_smoke,random_recursive_mixed,256,2,1,1,1,0,0,1,0.013103,2448,/Users/free_1/Library/Mobile Documents/iCloud~md~obsidian/Documents/cpp-checker/branch_3/artifacts/lca_tree_stress_v5/boj3s_gate/runs/correctness_smoke/random_recursive_mixed/n256/seed2_L1_Q1
correctness_smoke,random_recursive_mixed,256,3,0,0,1,0,0,1,0.010826,2432,/Users/free_1/Library/Mobile Documents/iCloud~md~obsidian/Documents/cpp-checker/branch_3/artifacts/lca_tree_stress_v5/boj3s_gate/runs/correctness_smoke/random_recursive_mixed/n256/seed3_L0_Q0
correctness_smoke,random_recursive_mixed,256,3,0,1,1,0,0,1,0.012622,2432,/Users/free_1/Library/Mobile Documents/iCloud~md~obsidian/Documents/cpp-checker/branch_3/artifacts/lca_tree_stress_v5/boj3s_gate/runs/correctness_smoke/random_recursive_mixed/n256/seed3_L0_Q1
correctness_smoke,random_recursive_mixed,256,3,1,0,1,0,0,1,0.012597,2448,/Users/free_1/Library/Mobile Documents/iCloud~md~obsidian/Documents/cpp-checker/branch_3/artifacts/lca_tree_stress_v5/boj3s_gate/runs/correctness_smoke/random_recursive_mixed/n256/seed3_L1_Q0
correctness_smoke,random_recursive_mixed,256,3,1,1,1,0,0,1,0.013163,2416,/Users/free_1/Library/Mobile Documents/iCloud~md~obsidian/Documents/cpp-checker/branch_3/artifacts/lca_tree_stress_v5/boj3s_gate/runs/correctness_smoke/random_recursive_mixed/n256/seed3_L1_Q1
correctness_smoke,random_recursive_mixed,512,1,0,0,1,0,0,1,0.012617,3152,/Users/free_1/Library/Mobile Documents/iCloud~md~obsidian/Documents/cpp-checker/branch_3/artifacts/lca_tree_stress_v5/boj3s_gate/runs/correctness_smoke/random_recursive_mixed/n512/seed1_L0_Q0
correctness_smoke,random_recursive_mixed,512,1,0,1,1,0,0,1,0.012600,3184,/Users/free_1/Library/Mobile Documents/iCloud~md~obsidian/Documents/cpp-checker/branch_3/artifacts/lca_tree_stress_v5/boj3s_gate/runs/correctness_smoke/random_recursive_mixed/n512/seed1_L0_Q1
correctness_smoke,random_recursive_mixed,512,1,1,0,1,0,0,1,0.012597,3216,/Users/free_1/Library/Mobile Documents/iCloud~md~obsidian/Documents/cpp-checker/branch_3/artifacts/lca_tree_stress_v5/boj3s_gate/runs/correctness_smoke/random_recursive_mixed/n512/seed1_L1_Q0
correctness_smoke,random_recursive_mixed,512,1,1,1,1,0,0,1,0.012622,3200,/Users/free_1/Library/Mobile Documents/iCloud~md~obsidian/Documents/cpp-checker/branch_3/artifacts/lca_tree_stress_v5/boj3s_gate/runs/correctness_smoke/random_recursive_mixed/n512/seed1_L1_Q1
correctness_smoke,random_recursive_mixed,512,2,0,0,1,0,0,1,0.012583,2992,/Users/free_1/Library/Mobile Documents/iCloud~md~obsidian/Documents/cpp-checker/branch_3/artifacts/lca_tree_stress_v5/boj3s_gate/runs/correctness_smoke/random_recursive_mixed/n512/seed2_L0_Q0
correctness_smoke,random_recursive_mixed,512,2,0,1,1,0,0,1,0.012596,3072,/Users/free_1/Library/Mobile Documents/iCloud~md~obsidian/Documents/cpp-checker/branch_3/artifacts/lca_tree_stress_v5/boj3s_gate/runs/correctness_smoke/random_recursive_mixed/n512/seed2_L0_Q1
correctness_smoke,random_recursive_mixed,512,2,1,0,1,0,0,1,0.012608,3088,/Users/free_1/Library/Mobile Documents/iCloud~md~obsidian/Documents/cpp-checker/branch_3/artifacts/lca_tree_stress_v5/boj3s_gate/runs/correctness_smoke/random_recursive_mixed/n512/seed2_L1_Q0
correctness_smoke,random_recursive_mixed,512,2,1,1,1,0,0,1,0.011946,3072,/Users/free_1/Library/Mobile Documents/iCloud~md~obsidian/Documents/cpp-checker/branch_3/artifacts/lca_tree_stress_v5/boj3s_gate/runs/correctness_smoke/random_recursive_mixed/n512/seed2_L1_Q1
correctness_smoke,random_recursive_mixed,512,3,0,0,1,0,0,1,0.016209,3088,/Users/free_1/Library/Mobile Documents/iCloud~md~obsidian/Documents/cpp-checker/branch_3/artifacts/lca_tree_stress_v5/boj3s_gate/runs/correctness_smoke/random_recursive_mixed/n512/seed3_L0_Q0
correctness_smoke,random_recursive_mixed,512,3,0,1,1,0,0,1,0.012599,3088,/Users/free_1/Library/Mobile Documents/iCloud~md~obsidian/Documents/cpp-checker/branch_3/artifacts/lca_tree_stress_v5/boj3s_gate/runs/correctness_smoke/random_recursive_mixed/n512/seed3_L0_Q1
correctness_smoke,random_recursive_mixed,512,3,1,0,1,0,0,1,0.012594,3104,/Users/free_1/Library/Mobile Documents/iCloud~md~obsidian/Documents/cpp-checker/branch_3/artifacts/lca_tree_stress_v5/boj3s_gate/runs/correctness_smoke/random_recursive_mixed/n512/seed3_L1_Q0
correctness_smoke,random_recursive_mixed,512,3,1,1,1,0,0,1,0.012593,3088,/Users/free_1/Library/Mobile Documents/iCloud~md~obsidian/Documents/cpp-checker/branch_3/artifacts/lca_tree_stress_v5/boj3s_gate/runs/correctness_smoke/random_recursive_mixed/n512/seed3_L1_Q1
correctness_smoke,random_recursive_mixed,1024,1,0,0,1,0,0,1,0.023453,4608,/Users/free_1/Library/Mobile Documents/iCloud~md~obsidian/Documents/cpp-checker/branch_3/artifacts/lca_tree_stress_v5/boj3s_gate/runs/correctness_smoke/random_recursive_mixed/n1024/seed1_L0_Q0
correctness_smoke,random_recursive_mixed,1024,1,0,1,1,0,0,1,0.023859,4624,/Users/free_1/Library/Mobile Documents/iCloud~md~obsidian/Documents/cpp-checker/branch_3/artifacts/lca_tree_stress_v5/boj3s_gate/runs/correctness_smoke/random_recursive_mixed/n1024/seed1_L0_Q1
correctness_smoke,random_recursive_mixed,1024,1,1,0,1,0,0,1,0.025390,4704,/Users/free_1/Library/Mobile Documents/iCloud~md~obsidian/Documents/cpp-checker/branch_3/artifacts/lca_tree_stress_v5/boj3s_gate/runs/correctness_smoke/random_recursive_mixed/n1024/seed1_L1_Q0
correctness_smoke,random_recursive_mixed,1024,1,1,1,1,0,0,1,0.023999,4672,/Users/free_1/Library/Mobile Documents/iCloud~md~obsidian/Documents/cpp-checker/branch_3/artifacts/lca_tree_stress_v5/boj3s_gate/runs/correctness_smoke/random_recursive_mixed/n1024/seed1_L1_Q1
correctness_smoke,random_recursive_mixed,1024,2,0,0,1,0,0,1,0.030609,4352,/Users/free_1/Library/Mobile Documents/iCloud~md~obsidian/Documents/cpp-checker/branch_3/artifacts/lca_tree_stress_v5/boj3s_gate/runs/correctness_smoke/random_recursive_mixed/n1024/seed2_L0_Q0
correctness_smoke,random_recursive_mixed,1024,2,0,1,1,0,0,1,0.026541,4416,/Users/free_1/Library/Mobile Documents/iCloud~md~obsidian/Documents/cpp-checker/branch_3/artifacts/lca_tree_stress_v5/boj3s_gate/runs/correctness_smoke/random_recursive_mixed/n1024/seed2_L0_Q1
correctness_smoke,random_recursive_mixed,1024,2,1,0,1,0,0,1,0.023947,4432,/Users/free_1/Library/Mobile Documents/iCloud~md~obsidian/Documents/cpp-checker/branch_3/artifacts/lca_tree_stress_v5/boj3s_gate/runs/correctness_smoke/random_recursive_mixed/n1024/seed2_L1_Q0
correctness_smoke,random_recursive_mixed,1024,2,1,1,1,0,0,1,0.025147,4384,/Users/free_1/Library/Mobile Documents/iCloud~md~obsidian/Documents/cpp-checker/branch_3/artifacts/lca_tree_stress_v5/boj3s_gate/runs/correctness_smoke/random_recursive_mixed/n1024/seed2_L1_Q1
correctness_smoke,random_recursive_mixed,1024,3,0,0,1,0,0,1,0.023945,4352,/Users/free_1/Library/Mobile Documents/iCloud~md~obsidian/Documents/cpp-checker/branch_3/artifacts/lca_tree_stress_v5/boj3s_gate/runs/correctness_smoke/random_recursive_mixed/n1024/seed3_L0_Q0
correctness_smoke,random_recursive_mixed,1024,3,0,1,1,0,0,1,0.046063,4432,/Users/free_1/Library/Mobile Documents/iCloud~md~obsidian/Documents/cpp-checker/branch_3/artifacts/lca_tree_stress_v5/boj3s_gate/runs/correctness_smoke/random_recursive_mixed/n1024/seed3_L0_Q1
correctness_smoke,random_recursive_mixed,1024,3,1,0,1,0,0,1,0.034586,4400,/Users/free_1/Library/Mobile Documents/iCloud~md~obsidian/Documents/cpp-checker/branch_3/artifacts/lca_tree_stress_v5/boj3s_gate/runs/correctness_smoke/random_recursive_mixed/n1024/seed3_L1_Q0
correctness_smoke,random_recursive_mixed,1024,3,1,1,1,0,0,1,0.026498,4448,/Users/free_1/Library/Mobile Documents/iCloud~md~obsidian/Documents/cpp-checker/branch_3/artifacts/lca_tree_stress_v5/boj3s_gate/runs/correctness_smoke/random_recursive_mixed/n1024/seed3_L1_Q1
hard_scaling_strict,comb_core,4096,1,1,1,1,0,0,1,0.012494,2640,/Users/free_1/Library/Mobile Documents/iCloud~md~obsidian/Documents/cpp-checker/branch_3/artifacts/lca_tree_stress_v5/boj3s_gate/runs/hard_scaling_strict/comb_core/n4096/seed1_L1_Q1
hard_scaling_strict,comb_core,4096,2,1,1,1,0,0,1,0.010274,2640,/Users/free_1/Library/Mobile Documents/iCloud~md~obsidian/Documents/cpp-checker/branch_3/artifacts/lca_tree_stress_v5/boj3s_gate/runs/hard_scaling_strict/comb_core/n4096/seed2_L1_Q1
hard_scaling_strict,comb_core,4096,3,1,1,1,0,0,1,0.010924,2640,/Users/free_1/Library/Mobile Documents/iCloud~md~obsidian/Documents/cpp-checker/branch_3/artifacts/lca_tree_stress_v5/boj3s_gate/runs/hard_scaling_strict/comb_core/n4096/seed3_L1_Q1
hard_scaling_strict,comb_core,8192,1,1,1,1,0,0,1,0.012573,3296,/Users/free_1/Library/Mobile Documents/iCloud~md~obsidian/Documents/cpp-checker/branch_3/artifacts/lca_tree_stress_v5/boj3s_gate/runs/hard_scaling_strict/comb_core/n8192/seed1_L1_Q1
hard_scaling_strict,comb_core,8192,2,1,1,1,0,0,1,0.000050,3296,/Users/free_1/Library/Mobile Documents/iCloud~md~obsidian/Documents/cpp-checker/branch_3/artifacts/lca_tree_stress_v5/boj3s_gate/runs/hard_scaling_strict/comb_core/n8192/seed2_L1_Q1
hard_scaling_strict,comb_core,8192,3,1,1,1,0,0,1,0.010781,3296,/Users/free_1/Library/Mobile Documents/iCloud~md~obsidian/Documents/cpp-checker/branch_3/artifacts/lca_tree_stress_v5/boj3s_gate/runs/hard_scaling_strict/comb_core/n8192/seed3_L1_Q1
hard_scaling_strict,comb_core,16384,1,1,1,1,0,0,1,0.012597,4656,/Users/free_1/Library/Mobile Documents/iCloud~md~obsidian/Documents/cpp-checker/branch_3/artifacts/lca_tree_stress_v5/boj3s_gate/runs/hard_scaling_strict/comb_core/n16384/seed1_L1_Q1
hard_scaling_strict,comb_core,16384,2,1,1,1,0,0,1,0.011231,4672,/Users/free_1/Library/Mobile Documents/iCloud~md~obsidian/Documents/cpp-checker/branch_3/artifacts/lca_tree_stress_v5/boj3s_gate/runs/hard_scaling_strict/comb_core/n16384/seed2_L1_Q1
hard_scaling_strict,comb_core,16384,3,1,1,1,0,0,1,0.017486,4656,/Users/free_1/Library/Mobile Documents/iCloud~md~obsidian/Documents/cpp-checker/branch_3/artifacts/lca_tree_stress_v5/boj3s_gate/runs/hard_scaling_strict/comb_core/n16384/seed3_L1_Q1
hard_scaling_strict,comb_core,32768,1,1,1,1,0,0,1,0.026085,7392,/Users/free_1/Library/Mobile Documents/iCloud~md~obsidian/Documents/cpp-checker/branch_3/artifacts/lca_tree_stress_v5/boj3s_gate/runs/hard_scaling_strict/comb_core/n32768/seed1_L1_Q1
hard_scaling_strict,comb_core,32768,2,1,1,1,0,0,1,0.036755,7392,/Users/free_1/Library/Mobile Documents/iCloud~md~obsidian/Documents/cpp-checker/branch_3/artifacts/lca_tree_stress_v5/boj3s_gate/runs/hard_scaling_strict/comb_core/n32768/seed2_L1_Q1
hard_scaling_strict,comb_core,32768,3,1,1,1,0,0,1,0.027181,7408,/Users/free_1/Library/Mobile Documents/iCloud~md~obsidian/Documents/cpp-checker/branch_3/artifacts/lca_tree_stress_v5/boj3s_gate/runs/hard_scaling_strict/comb_core/n32768/seed3_L1_Q1
hard_scaling_strict,comb_plus_unary,4096,1,1,1,1,0,0,1,0.012578,2832,/Users/free_1/Library/Mobile Documents/iCloud~md~obsidian/Documents/cpp-checker/branch_3/artifacts/lca_tree_stress_v5/boj3s_gate/runs/hard_scaling_strict/comb_plus_unary/n4096/seed1_L1_Q1
hard_scaling_strict,comb_plus_unary,4096,2,1,1,1,0,0,1,0.012569,2832,/Users/free_1/Library/Mobile Documents/iCloud~md~obsidian/Documents/cpp-checker/branch_3/artifacts/lca_tree_stress_v5/boj3s_gate/runs/hard_scaling_strict/comb_plus_unary/n4096/seed2_L1_Q1
hard_scaling_strict,comb_plus_unary,4096,3,1,1,1,0,0,1,0.012606,2848,/Users/free_1/Library/Mobile Documents/iCloud~md~obsidian/Documents/cpp-checker/branch_3/artifacts/lca_tree_stress_v5/boj3s_gate/runs/hard_scaling_strict/comb_plus_unary/n4096/seed3_L1_Q1
hard_scaling_strict,comb_plus_unary,8192,1,1,1,1,0,0,1,0.012572,3696,/Users/free_1/Library/Mobile Documents/iCloud~md~obsidian/Documents/cpp-checker/branch_3/artifacts/lca_tree_stress_v5/boj3s_gate/runs/hard_scaling_strict/comb_plus_unary/n8192/seed1_L1_Q1
hard_scaling_strict,comb_plus_unary,8192,2,1,1,1,0,0,1,0.012593,3696,/Users/free_1/Library/Mobile Documents/iCloud~md~obsidian/Documents/cpp-checker/branch_3/artifacts/lca_tree_stress_v5/boj3s_gate/runs/hard_scaling_strict/comb_plus_unary/n8192/seed2_L1_Q1
hard_scaling_strict,comb_plus_unary,8192,3,1,1,1,0,0,1,0.011384,3712,/Users/free_1/Library/Mobile Documents/iCloud~md~obsidian/Documents/cpp-checker/branch_3/artifacts/lca_tree_stress_v5/boj3s_gate/runs/hard_scaling_strict/comb_plus_unary/n8192/seed3_L1_Q1
hard_scaling_strict,comb_plus_unary,16384,1,1,1,1,0,0,1,0.014431,5440,/Users/free_1/Library/Mobile Documents/iCloud~md~obsidian/Documents/cpp-checker/branch_3/artifacts/lca_tree_stress_v5/boj3s_gate/runs/hard_scaling_strict/comb_plus_unary/n16384/seed1_L1_Q1
hard_scaling_strict,comb_plus_unary,16384,2,1,1,1,0,0,1,0.023834,5408,/Users/free_1/Library/Mobile Documents/iCloud~md~obsidian/Documents/cpp-checker/branch_3/artifacts/lca_tree_stress_v5/boj3s_gate/runs/hard_scaling_strict/comb_plus_unary/n16384/seed2_L1_Q1
hard_scaling_strict,comb_plus_unary,16384,3,1,1,1,0,0,1,0.012595,5424,/Users/free_1/Library/Mobile Documents/iCloud~md~obsidian/Documents/cpp-checker/branch_3/artifacts/lca_tree_stress_v5/boj3s_gate/runs/hard_scaling_strict/comb_plus_unary/n16384/seed3_L1_Q1
hard_scaling_strict,comb_plus_unary,32768,1,1,1,1,0,0,1,0.026293,8880,/Users/free_1/Library/Mobile Documents/iCloud~md~obsidian/Documents/cpp-checker/branch_3/artifacts/lca_tree_stress_v5/boj3s_gate/runs/hard_scaling_strict/comb_plus_unary/n32768/seed1_L1_Q1
hard_scaling_strict,comb_plus_unary,32768,2,1,1,1,0,0,1,0.026265,8864,/Users/free_1/Library/Mobile Documents/iCloud~md~obsidian/Documents/cpp-checker/branch_3/artifacts/lca_tree_stress_v5/boj3s_gate/runs/hard_scaling_strict/comb_plus_unary/n32768/seed2_L1_Q1
hard_scaling_strict,comb_plus_unary,32768,3,1,1,1,0,0,1,0.026093,8896,/Users/free_1/Library/Mobile Documents/iCloud~md~obsidian/Documents/cpp-checker/branch_3/artifacts/lca_tree_stress_v5/boj3s_gate/runs/hard_scaling_strict/comb_plus_unary/n32768/seed3_L1_Q1
hard_scaling_strict,comb_dense,4096,1,1,1,1,0,0,1,0.037695,9120,/Users/free_1/Library/Mobile Documents/iCloud~md~obsidian/Documents/cpp-checker/branch_3/artifacts/lca_tree_stress_v5/boj3s_gate/runs/hard_scaling_strict/comb_dense/n4096/seed1_L1_Q1
hard_scaling_strict,comb_dense,4096,2,1,1,1,0,0,1,0.032761,9136,/Users/free_1/Library/Mobile Documents/iCloud~md~obsidian/Documents/cpp-checker/branch_3/artifacts/lca_tree_stress_v5/boj3s_gate/runs/hard_scaling_strict/comb_dense/n4096/seed2_L1_Q1
hard_scaling_strict,comb_dense,4096,3,1,1,1,0,0,1,0.041450,9120,/Users/free_1/Library/Mobile Documents/iCloud~md~obsidian/Documents/cpp-checker/branch_3/artifacts/lca_tree_stress_v5/boj3s_gate/runs/hard_scaling_strict/comb_dense/n4096/seed3_L1_Q1
hard_scaling_strict,comb_dense,8192,1,1,1,1,0,0,1,0.048514,9664,/Users/free_1/Library/Mobile Documents/iCloud~md~obsidian/Documents/cpp-checker/branch_3/artifacts/lca_tree_stress_v5/boj3s_gate/runs/hard_scaling_strict/comb_dense/n8192/seed1_L1_Q1
hard_scaling_strict,comb_dense,8192,2,1,1,1,0,0,1,0.035696,9664,/Users/free_1/Library/Mobile Documents/iCloud~md~obsidian/Documents/cpp-checker/branch_3/artifacts/lca_tree_stress_v5/boj3s_gate/runs/hard_scaling_strict/comb_dense/n8192/seed2_L1_Q1
hard_scaling_strict,comb_dense,8192,3,1,1,1,0,0,1,0.036174,9664,/Users/free_1/Library/Mobile Documents/iCloud~md~obsidian/Documents/cpp-checker/branch_3/artifacts/lca_tree_stress_v5/boj3s_gate/runs/hard_scaling_strict/comb_dense/n8192/seed3_L1_Q1
hard_scaling_strict,comb_dense,16384,1,1,1,1,0,0,1,0.049237,10752,/Users/free_1/Library/Mobile Documents/iCloud~md~obsidian/Documents/cpp-checker/branch_3/artifacts/lca_tree_stress_v5/boj3s_gate/runs/hard_scaling_strict/comb_dense/n16384/seed1_L1_Q1
hard_scaling_strict,comb_dense,16384,2,1,1,1,0,0,1,0.037868,10768,/Users/free_1/Library/Mobile Documents/iCloud~md~obsidian/Documents/cpp-checker/branch_3/artifacts/lca_tree_stress_v5/boj3s_gate/runs/hard_scaling_strict/comb_dense/n16384/seed2_L1_Q1
hard_scaling_strict,comb_dense,16384,3,1,1,1,0,0,1,0.054653,10768,/Users/free_1/Library/Mobile Documents/iCloud~md~obsidian/Documents/cpp-checker/branch_3/artifacts/lca_tree_stress_v5/boj3s_gate/runs/hard_scaling_strict/comb_dense/n16384/seed3_L1_Q1
hard_scaling_strict,comb_dense,32768,1,1,1,1,0,0,1,0.059073,12960,/Users/free_1/Library/Mobile Documents/iCloud~md~obsidian/Documents/cpp-checker/branch_3/artifacts/lca_tree_stress_v5/boj3s_gate/runs/hard_scaling_strict/comb_dense/n32768/seed1_L1_Q1
hard_scaling_strict,comb_dense,32768,2,1,1,1,0,0,1,0.060274,12944,/Users/free_1/Library/Mobile Documents/iCloud~md~obsidian/Documents/cpp-checker/branch_3/artifacts/lca_tree_stress_v5/boj3s_gate/runs/hard_scaling_strict/comb_dense/n32768/seed2_L1_Q1
hard_scaling_strict,comb_dense,32768,3,1,1,1,0,0,1,0.050416,12960,/Users/free_1/Library/Mobile Documents/iCloud~md~obsidian/Documents/cpp-checker/branch_3/artifacts/lca_tree_stress_v5/boj3s_gate/runs/hard_scaling_strict/comb_dense/n32768/seed3_L1_Q1
hard_scaling_strict,comb_rect_dense,4096,1,1,1,1,0,0,1,0.036191,9312,/Users/free_1/Library/Mobile Documents/iCloud~md~obsidian/Documents/cpp-checker/branch_3/artifacts/lca_tree_stress_v5/boj3s_gate/runs/hard_scaling_strict/comb_rect_dense/n4096/seed1_L1_Q1
hard_scaling_strict,comb_rect_dense,4096,2,1,1,1,0,0,1,0.037702,9296,/Users/free_1/Library/Mobile Documents/iCloud~md~obsidian/Documents/cpp-checker/branch_3/artifacts/lca_tree_stress_v5/boj3s_gate/runs/hard_scaling_strict/comb_rect_dense/n4096/seed2_L1_Q1
hard_scaling_strict,comb_rect_dense,4096,3,1,1,1,0,0,1,0.039636,9280,/Users/free_1/Library/Mobile Documents/iCloud~md~obsidian/Documents/cpp-checker/branch_3/artifacts/lca_tree_stress_v5/boj3s_gate/runs/hard_scaling_strict/comb_rect_dense/n4096/seed3_L1_Q1
hard_scaling_strict,comb_rect_dense,8192,1,1,1,1,0,0,1,0.038384,9840,/Users/free_1/Library/Mobile Documents/iCloud~md~obsidian/Documents/cpp-checker/branch_3/artifacts/lca_tree_stress_v5/boj3s_gate/runs/hard_scaling_strict/comb_rect_dense/n8192/seed1_L1_Q1
hard_scaling_strict,comb_rect_dense,8192,2,1,1,1,0,0,1,0.045981,9840,/Users/free_1/Library/Mobile Documents/iCloud~md~obsidian/Documents/cpp-checker/branch_3/artifacts/lca_tree_stress_v5/boj3s_gate/runs/hard_scaling_strict/comb_rect_dense/n8192/seed2_L1_Q1
hard_scaling_strict,comb_rect_dense,8192,3,1,1,1,0,0,1,0.040610,9824,/Users/free_1/Library/Mobile Documents/iCloud~md~obsidian/Documents/cpp-checker/branch_3/artifacts/lca_tree_stress_v5/boj3s_gate/runs/hard_scaling_strict/comb_rect_dense/n8192/seed3_L1_Q1
hard_scaling_strict,comb_rect_dense,16384,1,1,1,1,0,0,1,0.048147,10912,/Users/free_1/Library/Mobile Documents/iCloud~md~obsidian/Documents/cpp-checker/branch_3/artifacts/lca_tree_stress_v5/boj3s_gate/runs/hard_scaling_strict/comb_rect_dense/n16384/seed1_L1_Q1
hard_scaling_strict,comb_rect_dense,16384,2,1,1,1,0,0,1,0.045268,10896,/Users/free_1/Library/Mobile Documents/iCloud~md~obsidian/Documents/cpp-checker/branch_3/artifacts/lca_tree_stress_v5/boj3s_gate/runs/hard_scaling_strict/comb_rect_dense/n16384/seed2_L1_Q1
hard_scaling_strict,comb_rect_dense,16384,3,1,1,1,0,0,1,0.046275,10896,/Users/free_1/Library/Mobile Documents/iCloud~md~obsidian/Documents/cpp-checker/branch_3/artifacts/lca_tree_stress_v5/boj3s_gate/runs/hard_scaling_strict/comb_rect_dense/n16384/seed3_L1_Q1
hard_scaling_strict,comb_rect_dense,32768,1,1,1,1,0,0,1,0.046287,13056,/Users/free_1/Library/Mobile Documents/iCloud~md~obsidian/Documents/cpp-checker/branch_3/artifacts/lca_tree_stress_v5/boj3s_gate/runs/hard_scaling_strict/comb_rect_dense/n32768/seed1_L1_Q1
hard_scaling_strict,comb_rect_dense,32768,2,1,1,1,0,0,1,0.072227,13024,/Users/free_1/Library/Mobile Documents/iCloud~md~obsidian/Documents/cpp-checker/branch_3/artifacts/lca_tree_stress_v5/boj3s_gate/runs/hard_scaling_strict/comb_rect_dense/n32768/seed2_L1_Q1
hard_scaling_strict,comb_rect_dense,32768,3,1,1,1,0,0,1,0.060151,13040,/Users/free_1/Library/Mobile Documents/iCloud~md~obsidian/Documents/cpp-checker/branch_3/artifacts/lca_tree_stress_v5/boj3s_gate/runs/hard_scaling_strict/comb_rect_dense/n32768/seed3_L1_Q1
hard_scaling_strict,multi_comb_core,4096,1,1,1,1,0,0,1,0.012614,2832,/Users/free_1/Library/Mobile Documents/iCloud~md~obsidian/Documents/cpp-checker/branch_3/artifacts/lca_tree_stress_v5/boj3s_gate/runs/hard_scaling_strict/multi_comb_core/n4096/seed1_L1_Q1
hard_scaling_strict,multi_comb_core,4096,2,1,1,1,0,0,1,0.012603,2832,/Users/free_1/Library/Mobile Documents/iCloud~md~obsidian/Documents/cpp-checker/branch_3/artifacts/lca_tree_stress_v5/boj3s_gate/runs/hard_scaling_strict/multi_comb_core/n4096/seed2_L1_Q1
hard_scaling_strict,multi_comb_core,4096,3,1,1,1,0,0,1,0.012595,2832,/Users/free_1/Library/Mobile Documents/iCloud~md~obsidian/Documents/cpp-checker/branch_3/artifacts/lca_tree_stress_v5/boj3s_gate/runs/hard_scaling_strict/multi_comb_core/n4096/seed3_L1_Q1
hard_scaling_strict,multi_comb_core,8192,1,1,1,1,0,0,1,0.025145,3664,/Users/free_1/Library/Mobile Documents/iCloud~md~obsidian/Documents/cpp-checker/branch_3/artifacts/lca_tree_stress_v5/boj3s_gate/runs/hard_scaling_strict/multi_comb_core/n8192/seed1_L1_Q1
hard_scaling_strict,multi_comb_core,8192,2,1,1,1,0,0,1,0.012593,3648,/Users/free_1/Library/Mobile Documents/iCloud~md~obsidian/Documents/cpp-checker/branch_3/artifacts/lca_tree_stress_v5/boj3s_gate/runs/hard_scaling_strict/multi_comb_core/n8192/seed2_L1_Q1
hard_scaling_strict,multi_comb_core,8192,3,1,1,1,0,0,1,0.014829,3648,/Users/free_1/Library/Mobile Documents/iCloud~md~obsidian/Documents/cpp-checker/branch_3/artifacts/lca_tree_stress_v5/boj3s_gate/runs/hard_scaling_strict/multi_comb_core/n8192/seed3_L1_Q1
hard_scaling_strict,multi_comb_core,16384,1,1,1,1,0,0,1,0.012145,5296,/Users/free_1/Library/Mobile Documents/iCloud~md~obsidian/Documents/cpp-checker/branch_3/artifacts/lca_tree_stress_v5/boj3s_gate/runs/hard_scaling_strict/multi_comb_core/n16384/seed1_L1_Q1
hard_scaling_strict,multi_comb_core,16384,2,1,1,1,0,0,1,0.023580,5312,/Users/free_1/Library/Mobile Documents/iCloud~md~obsidian/Documents/cpp-checker/branch_3/artifacts/lca_tree_stress_v5/boj3s_gate/runs/hard_scaling_strict/multi_comb_core/n16384/seed2_L1_Q1
hard_scaling_strict,multi_comb_core,16384,3,1,1,1,0,0,1,0.012597,5312,/Users/free_1/Library/Mobile Documents/iCloud~md~obsidian/Documents/cpp-checker/branch_3/artifacts/lca_tree_stress_v5/boj3s_gate/runs/hard_scaling_strict/multi_comb_core/n16384/seed3_L1_Q1
hard_scaling_strict,multi_comb_core,32768,1,1,1,1,0,0,1,0.025418,8624,/Users/free_1/Library/Mobile Documents/iCloud~md~obsidian/Documents/cpp-checker/branch_3/artifacts/lca_tree_stress_v5/boj3s_gate/runs/hard_scaling_strict/multi_comb_core/n32768/seed1_L1_Q1
hard_scaling_strict,multi_comb_core,32768,2,1,1,1,0,0,1,0.027689,8624,/Users/free_1/Library/Mobile Documents/iCloud~md~obsidian/Documents/cpp-checker/branch_3/artifacts/lca_tree_stress_v5/boj3s_gate/runs/hard_scaling_strict/multi_comb_core/n32768/seed2_L1_Q1
hard_scaling_strict,multi_comb_core,32768,3,1,1,1,0,0,1,0.027260,8624,/Users/free_1/Library/Mobile Documents/iCloud~md~obsidian/Documents/cpp-checker/branch_3/artifacts/lca_tree_stress_v5/boj3s_gate/runs/hard_scaling_strict/multi_comb_core/n32768/seed3_L1_Q1
hard_scaling_strict,multi_comb_rect,4096,1,1,1,1,0,0,1,0.037754,9120,/Users/free_1/Library/Mobile Documents/iCloud~md~obsidian/Documents/cpp-checker/branch_3/artifacts/lca_tree_stress_v5/boj3s_gate/runs/hard_scaling_strict/multi_comb_rect/n4096/seed1_L1_Q1
hard_scaling_strict,multi_comb_rect,4096,2,1,1,1,0,0,1,0.045008,9104,/Users/free_1/Library/Mobile Documents/iCloud~md~obsidian/Documents/cpp-checker/branch_3/artifacts/lca_tree_stress_v5/boj3s_gate/runs/hard_scaling_strict/multi_comb_rect/n4096/seed2_L1_Q1
hard_scaling_strict,multi_comb_rect,4096,3,1,1,1,0,0,1,0.052369,9104,/Users/free_1/Library/Mobile Documents/iCloud~md~obsidian/Documents/cpp-checker/branch_3/artifacts/lca_tree_stress_v5/boj3s_gate/runs/hard_scaling_strict/multi_comb_rect/n4096/seed3_L1_Q1
hard_scaling_strict,multi_comb_rect,8192,1,1,1,1,0,0,1,0.037291,9648,/Users/free_1/Library/Mobile Documents/iCloud~md~obsidian/Documents/cpp-checker/branch_3/artifacts/lca_tree_stress_v5/boj3s_gate/runs/hard_scaling_strict/multi_comb_rect/n8192/seed1_L1_Q1
hard_scaling_strict,multi_comb_rect,8192,2,1,1,1,0,0,1,0.037646,9664,/Users/free_1/Library/Mobile Documents/iCloud~md~obsidian/Documents/cpp-checker/branch_3/artifacts/lca_tree_stress_v5/boj3s_gate/runs/hard_scaling_strict/multi_comb_rect/n8192/seed2_L1_Q1
hard_scaling_strict,multi_comb_rect,8192,3,1,1,1,0,0,1,0.036611,9648,/Users/free_1/Library/Mobile Documents/iCloud~md~obsidian/Documents/cpp-checker/branch_3/artifacts/lca_tree_stress_v5/boj3s_gate/runs/hard_scaling_strict/multi_comb_rect/n8192/seed3_L1_Q1
hard_scaling_strict,multi_comb_rect,16384,1,1,1,1,0,0,1,0.047373,10704,/Users/free_1/Library/Mobile Documents/iCloud~md~obsidian/Documents/cpp-checker/branch_3/artifacts/lca_tree_stress_v5/boj3s_gate/runs/hard_scaling_strict/multi_comb_rect/n16384/seed1_L1_Q1
hard_scaling_strict,multi_comb_rect,16384,2,1,1,1,0,0,1,0.045161,10720,/Users/free_1/Library/Mobile Documents/iCloud~md~obsidian/Documents/cpp-checker/branch_3/artifacts/lca_tree_stress_v5/boj3s_gate/runs/hard_scaling_strict/multi_comb_rect/n16384/seed2_L1_Q1
hard_scaling_strict,multi_comb_rect,16384,3,1,1,1,0,0,1,0.048611,10704,/Users/free_1/Library/Mobile Documents/iCloud~md~obsidian/Documents/cpp-checker/branch_3/artifacts/lca_tree_stress_v5/boj3s_gate/runs/hard_scaling_strict/multi_comb_rect/n16384/seed3_L1_Q1
hard_scaling_strict,multi_comb_rect,32768,1,1,1,1,0,0,1,0.048262,12912,/Users/free_1/Library/Mobile Documents/iCloud~md~obsidian/Documents/cpp-checker/branch_3/artifacts/lca_tree_stress_v5/boj3s_gate/runs/hard_scaling_strict/multi_comb_rect/n32768/seed1_L1_Q1
hard_scaling_strict,multi_comb_rect,32768,2,1,1,1,0,0,1,0.059825,12912,/Users/free_1/Library/Mobile Documents/iCloud~md~obsidian/Documents/cpp-checker/branch_3/artifacts/lca_tree_stress_v5/boj3s_gate/runs/hard_scaling_strict/multi_comb_rect/n32768/seed2_L1_Q1
hard_scaling_strict,multi_comb_rect,32768,3,1,1,1,0,0,1,0.048417,12896,/Users/free_1/Library/Mobile Documents/iCloud~md~obsidian/Documents/cpp-checker/branch_3/artifacts/lca_tree_stress_v5/boj3s_gate/runs/hard_scaling_strict/multi_comb_rect/n32768/seed3_L1_Q1
hard_scaling_strict,multi_comb_cap,4096,1,1,1,1,0,0,1,0.046255,9072,/Users/free_1/Library/Mobile Documents/iCloud~md~obsidian/Documents/cpp-checker/branch_3/artifacts/lca_tree_stress_v5/boj3s_gate/runs/hard_scaling_strict/multi_comb_cap/n4096/seed1_L1_Q1
hard_scaling_strict,multi_comb_cap,4096,2,1,1,1,0,0,1,0.034924,9072,/Users/free_1/Library/Mobile Documents/iCloud~md~obsidian/Documents/cpp-checker/branch_3/artifacts/lca_tree_stress_v5/boj3s_gate/runs/hard_scaling_strict/multi_comb_cap/n4096/seed2_L1_Q1
hard_scaling_strict,multi_comb_cap,4096,3,1,1,1,0,0,1,0.037548,9088,/Users/free_1/Library/Mobile Documents/iCloud~md~obsidian/Documents/cpp-checker/branch_3/artifacts/lca_tree_stress_v5/boj3s_gate/runs/hard_scaling_strict/multi_comb_cap/n4096/seed3_L1_Q1
hard_scaling_strict,multi_comb_cap,8192,1,1,1,1,0,0,1,0.047622,9568,/Users/free_1/Library/Mobile Documents/iCloud~md~obsidian/Documents/cpp-checker/branch_3/artifacts/lca_tree_stress_v5/boj3s_gate/runs/hard_scaling_strict/multi_comb_cap/n8192/seed1_L1_Q1
hard_scaling_strict,multi_comb_cap,8192,2,1,1,1,0,0,1,0.037710,9584,/Users/free_1/Library/Mobile Documents/iCloud~md~obsidian/Documents/cpp-checker/branch_3/artifacts/lca_tree_stress_v5/boj3s_gate/runs/hard_scaling_strict/multi_comb_cap/n8192/seed2_L1_Q1
hard_scaling_strict,multi_comb_cap,8192,3,1,1,1,0,0,1,0.048386,9584,/Users/free_1/Library/Mobile Documents/iCloud~md~obsidian/Documents/cpp-checker/branch_3/artifacts/lca_tree_stress_v5/boj3s_gate/runs/hard_scaling_strict/multi_comb_cap/n8192/seed3_L1_Q1
hard_scaling_strict,multi_comb_cap,16384,1,1,1,1,0,0,1,0.036187,10576,/Users/free_1/Library/Mobile Documents/iCloud~md~obsidian/Documents/cpp-checker/branch_3/artifacts/lca_tree_stress_v5/boj3s_gate/runs/hard_scaling_strict/multi_comb_cap/n16384/seed1_L1_Q1
hard_scaling_strict,multi_comb_cap,16384,2,1,1,1,0,0,1,0.050213,10592,/Users/free_1/Library/Mobile Documents/iCloud~md~obsidian/Documents/cpp-checker/branch_3/artifacts/lca_tree_stress_v5/boj3s_gate/runs/hard_scaling_strict/multi_comb_cap/n16384/seed2_L1_Q1
hard_scaling_strict,multi_comb_cap,16384,3,1,1,1,0,0,1,0.042875,10592,/Users/free_1/Library/Mobile Documents/iCloud~md~obsidian/Documents/cpp-checker/branch_3/artifacts/lca_tree_stress_v5/boj3s_gate/runs/hard_scaling_strict/multi_comb_cap/n16384/seed3_L1_Q1
hard_scaling_strict,multi_comb_cap,32768,1,1,1,1,0,0,1,0.050261,12720,/Users/free_1/Library/Mobile Documents/iCloud~md~obsidian/Documents/cpp-checker/branch_3/artifacts/lca_tree_stress_v5/boj3s_gate/runs/hard_scaling_strict/multi_comb_cap/n32768/seed1_L1_Q1
hard_scaling_strict,multi_comb_cap,32768,2,1,1,1,0,0,1,0.047241,12736,/Users/free_1/Library/Mobile Documents/iCloud~md~obsidian/Documents/cpp-checker/branch_3/artifacts/lca_tree_stress_v5/boj3s_gate/runs/hard_scaling_strict/multi_comb_cap/n32768/seed2_L1_Q1
hard_scaling_strict,multi_comb_cap,32768,3,1,1,1,0,0,1,0.046476,12720,/Users/free_1/Library/Mobile Documents/iCloud~md~obsidian/Documents/cpp-checker/branch_3/artifacts/lca_tree_stress_v5/boj3s_gate/runs/hard_scaling_strict/multi_comb_cap/n32768/seed3_L1_Q1
hard_scaling_strict,caterpillar_mixed,4096,1,1,1,1,0,0,1,0.035814,10208,/Users/free_1/Library/Mobile Documents/iCloud~md~obsidian/Documents/cpp-checker/branch_3/artifacts/lca_tree_stress_v5/boj3s_gate/runs/hard_scaling_strict/caterpillar_mixed/n4096/seed1_L1_Q1
hard_scaling_strict,caterpillar_mixed,4096,2,1,1,1,0,0,1,0.047452,10160,/Users/free_1/Library/Mobile Documents/iCloud~md~obsidian/Documents/cpp-checker/branch_3/artifacts/lca_tree_stress_v5/boj3s_gate/runs/hard_scaling_strict/caterpillar_mixed/n4096/seed2_L1_Q1
hard_scaling_strict,caterpillar_mixed,4096,3,1,1,1,0,0,1,0.046153,10160,/Users/free_1/Library/Mobile Documents/iCloud~md~obsidian/Documents/cpp-checker/branch_3/artifacts/lca_tree_stress_v5/boj3s_gate/runs/hard_scaling_strict/caterpillar_mixed/n4096/seed3_L1_Q1
hard_scaling_strict,caterpillar_mixed,8192,1,1,1,1,0,0,1,0.046812,10944,/Users/free_1/Library/Mobile Documents/iCloud~md~obsidian/Documents/cpp-checker/branch_3/artifacts/lca_tree_stress_v5/boj3s_gate/runs/hard_scaling_strict/caterpillar_mixed/n8192/seed1_L1_Q1
hard_scaling_strict,caterpillar_mixed,8192,2,1,1,1,0,0,1,0.047932,10912,/Users/free_1/Library/Mobile Documents/iCloud~md~obsidian/Documents/cpp-checker/branch_3/artifacts/lca_tree_stress_v5/boj3s_gate/runs/hard_scaling_strict/caterpillar_mixed/n8192/seed2_L1_Q1
hard_scaling_strict,caterpillar_mixed,8192,3,1,1,1,0,0,1,0.048002,10928,/Users/free_1/Library/Mobile Documents/iCloud~md~obsidian/Documents/cpp-checker/branch_3/artifacts/lca_tree_stress_v5/boj3s_gate/runs/hard_scaling_strict/caterpillar_mixed/n8192/seed3_L1_Q1
hard_scaling_strict,caterpillar_mixed,16384,1,1,1,1,0,0,1,0.088765,12528,/Users/free_1/Library/Mobile Documents/iCloud~md~obsidian/Documents/cpp-checker/branch_3/artifacts/lca_tree_stress_v5/boj3s_gate/runs/hard_scaling_strict/caterpillar_mixed/n16384/seed1_L1_Q1
hard_scaling_strict,caterpillar_mixed,16384,2,1,1,1,0,0,1,0.047388,12528,/Users/free_1/Library/Mobile Documents/iCloud~md~obsidian/Documents/cpp-checker/branch_3/artifacts/lca_tree_stress_v5/boj3s_gate/runs/hard_scaling_strict/caterpillar_mixed/n16384/seed2_L1_Q1
hard_scaling_strict,caterpillar_mixed,16384,3,1,1,1,0,0,1,0.059743,12512,/Users/free_1/Library/Mobile Documents/iCloud~md~obsidian/Documents/cpp-checker/branch_3/artifacts/lca_tree_stress_v5/boj3s_gate/runs/hard_scaling_strict/caterpillar_mixed/n16384/seed3_L1_Q1
hard_scaling_strict,caterpillar_mixed,32768,1,1,1,1,0,0,1,0.061632,15712,/Users/free_1/Library/Mobile Documents/iCloud~md~obsidian/Documents/cpp-checker/branch_3/artifacts/lca_tree_stress_v5/boj3s_gate/runs/hard_scaling_strict/caterpillar_mixed/n32768/seed1_L1_Q1
hard_scaling_strict,caterpillar_mixed,32768,2,1,1,1,0,0,1,0.062938,15696,/Users/free_1/Library/Mobile Documents/iCloud~md~obsidian/Documents/cpp-checker/branch_3/artifacts/lca_tree_stress_v5/boj3s_gate/runs/hard_scaling_strict/caterpillar_mixed/n32768/seed2_L1_Q1
hard_scaling_strict,caterpillar_mixed,32768,3,1,1,1,0,0,1,0.059568,15696,/Users/free_1/Library/Mobile Documents/iCloud~md~obsidian/Documents/cpp-checker/branch_3/artifacts/lca_tree_stress_v5/boj3s_gate/runs/hard_scaling_strict/caterpillar_mixed/n32768/seed3_L1_Q1
hard_scaling_strict,caterpillar_rect_dense,4096,1,1,1,1,0,0,1,0.034289,10240,/Users/free_1/Library/Mobile Documents/iCloud~md~obsidian/Documents/cpp-checker/branch_3/artifacts/lca_tree_stress_v5/boj3s_gate/runs/hard_scaling_strict/caterpillar_rect_dense/n4096/seed1_L1_Q1
hard_scaling_strict,caterpillar_rect_dense,4096,2,1,1,1,0,0,1,0.035967,10208,/Users/free_1/Library/Mobile Documents/iCloud~md~obsidian/Documents/cpp-checker/branch_3/artifacts/lca_tree_stress_v5/boj3s_gate/runs/hard_scaling_strict/caterpillar_rect_dense/n4096/seed2_L1_Q1
hard_scaling_strict,caterpillar_rect_dense,4096,3,1,1,1,0,0,1,0.045722,10272,/Users/free_1/Library/Mobile Documents/iCloud~md~obsidian/Documents/cpp-checker/branch_3/artifacts/lca_tree_stress_v5/boj3s_gate/runs/hard_scaling_strict/caterpillar_rect_dense/n4096/seed3_L1_Q1
hard_scaling_strict,caterpillar_rect_dense,8192,1,1,1,1,0,0,1,0.047672,11008,/Users/free_1/Library/Mobile Documents/iCloud~md~obsidian/Documents/cpp-checker/branch_3/artifacts/lca_tree_stress_v5/boj3s_gate/runs/hard_scaling_strict/caterpillar_rect_dense/n8192/seed1_L1_Q1
hard_scaling_strict,caterpillar_rect_dense,8192,2,1,1,1,0,0,1,0.045599,11024,/Users/free_1/Library/Mobile Documents/iCloud~md~obsidian/Documents/cpp-checker/branch_3/artifacts/lca_tree_stress_v5/boj3s_gate/runs/hard_scaling_strict/caterpillar_rect_dense/n8192/seed2_L1_Q1
hard_scaling_strict,caterpillar_rect_dense,8192,3,1,1,1,0,0,1,0.037842,10992,/Users/free_1/Library/Mobile Documents/iCloud~md~obsidian/Documents/cpp-checker/branch_3/artifacts/lca_tree_stress_v5/boj3s_gate/runs/hard_scaling_strict/caterpillar_rect_dense/n8192/seed3_L1_Q1
hard_scaling_strict,caterpillar_rect_dense,16384,1,1,1,1,0,0,1,0.062711,12608,/Users/free_1/Library/Mobile Documents/iCloud~md~obsidian/Documents/cpp-checker/branch_3/artifacts/lca_tree_stress_v5/boj3s_gate/runs/hard_scaling_strict/caterpillar_rect_dense/n16384/seed1_L1_Q1
hard_scaling_strict,caterpillar_rect_dense,16384,2,1,1,1,0,0,1,0.047664,12608,/Users/free_1/Library/Mobile Documents/iCloud~md~obsidian/Documents/cpp-checker/branch_3/artifacts/lca_tree_stress_v5/boj3s_gate/runs/hard_scaling_strict/caterpillar_rect_dense/n16384/seed2_L1_Q1
hard_scaling_strict,caterpillar_rect_dense,16384,3,1,1,1,0,0,1,0.050263,12608,/Users/free_1/Library/Mobile Documents/iCloud~md~obsidian/Documents/cpp-checker/branch_3/artifacts/lca_tree_stress_v5/boj3s_gate/runs/hard_scaling_strict/caterpillar_rect_dense/n16384/seed3_L1_Q1
hard_scaling_strict,caterpillar_rect_dense,32768,1,1,1,1,0,0,1,0.068792,15776,/Users/free_1/Library/Mobile Documents/iCloud~md~obsidian/Documents/cpp-checker/branch_3/artifacts/lca_tree_stress_v5/boj3s_gate/runs/hard_scaling_strict/caterpillar_rect_dense/n32768/seed1_L1_Q1
hard_scaling_strict,caterpillar_rect_dense,32768,2,1,1,1,0,0,1,0.060111,15760,/Users/free_1/Library/Mobile Documents/iCloud~md~obsidian/Documents/cpp-checker/branch_3/artifacts/lca_tree_stress_v5/boj3s_gate/runs/hard_scaling_strict/caterpillar_rect_dense/n32768/seed2_L1_Q1
hard_scaling_strict,caterpillar_rect_dense,32768,3,1,1,1,0,0,1,0.059913,15760,/Users/free_1/Library/Mobile Documents/iCloud~md~obsidian/Documents/cpp-checker/branch_3/artifacts/lca_tree_stress_v5/boj3s_gate/runs/hard_scaling_strict/caterpillar_rect_dense/n32768/seed3_L1_Q1
boj_3s_large_adversarial,comb_dense,50000,1,1,1,1,0,0,1,0.077687,15200,/Users/free_1/Library/Mobile Documents/iCloud~md~obsidian/Documents/cpp-checker/branch_3/artifacts/lca_tree_stress_v5/boj3s_gate/runs/boj_3s_large_adversarial/comb_dense/n50000/seed1_L1_Q1
boj_3s_large_adversarial,comb_dense,50000,2,1,1,1,0,0,1,0.068725,15216,/Users/free_1/Library/Mobile Documents/iCloud~md~obsidian/Documents/cpp-checker/branch_3/artifacts/lca_tree_stress_v5/boj3s_gate/runs/boj_3s_large_adversarial/comb_dense/n50000/seed2_L1_Q1
boj_3s_large_adversarial,comb_dense,75000,1,1,1,1,0,0,1,0.062989,18656,/Users/free_1/Library/Mobile Documents/iCloud~md~obsidian/Documents/cpp-checker/branch_3/artifacts/lca_tree_stress_v5/boj3s_gate/runs/boj_3s_large_adversarial/comb_dense/n75000/seed1_L1_Q1
boj_3s_large_adversarial,comb_dense,75000,2,1,1,1,0,0,1,0.062221,18672,/Users/free_1/Library/Mobile Documents/iCloud~md~obsidian/Documents/cpp-checker/branch_3/artifacts/lca_tree_stress_v5/boj3s_gate/runs/boj_3s_large_adversarial/comb_dense/n75000/seed2_L1_Q1
boj_3s_large_adversarial,comb_dense,99999,1,1,1,1,0,0,1,0.068641,21824,/Users/free_1/Library/Mobile Documents/iCloud~md~obsidian/Documents/cpp-checker/branch_3/artifacts/lca_tree_stress_v5/boj3s_gate/runs/boj_3s_large_adversarial/comb_dense/n99999/seed1_L1_Q1
boj_3s_large_adversarial,comb_dense,99999,2,1,1,1,0,0,1,0.073565,21824,/Users/free_1/Library/Mobile Documents/iCloud~md~obsidian/Documents/cpp-checker/branch_3/artifacts/lca_tree_stress_v5/boj3s_gate/runs/boj_3s_large_adversarial/comb_dense/n99999/seed2_L1_Q1
boj_3s_large_adversarial,comb_rect_dense,50000,1,1,1,1,0,0,1,0.063341,15264,/Users/free_1/Library/Mobile Documents/iCloud~md~obsidian/Documents/cpp-checker/branch_3/artifacts/lca_tree_stress_v5/boj3s_gate/runs/boj_3s_large_adversarial/comb_rect_dense/n50000/seed1_L1_Q1
boj_3s_large_adversarial,comb_rect_dense,50000,2,1,1,1,0,0,1,0.077133,15264,/Users/free_1/Library/Mobile Documents/iCloud~md~obsidian/Documents/cpp-checker/branch_3/artifacts/lca_tree_stress_v5/boj3s_gate/runs/boj_3s_large_adversarial/comb_rect_dense/n50000/seed2_L1_Q1
boj_3s_large_adversarial,comb_rect_dense,75000,1,1,1,1,0,0,1,0.086497,18864,/Users/free_1/Library/Mobile Documents/iCloud~md~obsidian/Documents/cpp-checker/branch_3/artifacts/lca_tree_stress_v5/boj3s_gate/runs/boj_3s_large_adversarial/comb_rect_dense/n75000/seed1_L1_Q1
boj_3s_large_adversarial,comb_rect_dense,75000,2,1,1,1,0,0,1,0.081902,18864,/Users/free_1/Library/Mobile Documents/iCloud~md~obsidian/Documents/cpp-checker/branch_3/artifacts/lca_tree_stress_v5/boj3s_gate/runs/boj_3s_large_adversarial/comb_rect_dense/n75000/seed2_L1_Q1
boj_3s_large_adversarial,comb_rect_dense,99999,1,1,1,1,0,0,1,0.230163,22624,/Users/free_1/Library/Mobile Documents/iCloud~md~obsidian/Documents/cpp-checker/branch_3/artifacts/lca_tree_stress_v5/boj3s_gate/runs/boj_3s_large_adversarial/comb_rect_dense/n99999/seed1_L1_Q1
boj_3s_large_adversarial,comb_rect_dense,99999,2,1,1,1,0,0,1,0.119357,22624,/Users/free_1/Library/Mobile Documents/iCloud~md~obsidian/Documents/cpp-checker/branch_3/artifacts/lca_tree_stress_v5/boj3s_gate/runs/boj_3s_large_adversarial/comb_rect_dense/n99999/seed2_L1_Q1
boj_3s_large_adversarial,multi_comb_rect,50000,1,1,1,1,0,0,1,0.063491,15248,/Users/free_1/Library/Mobile Documents/iCloud~md~obsidian/Documents/cpp-checker/branch_3/artifacts/lca_tree_stress_v5/boj3s_gate/runs/boj_3s_large_adversarial/multi_comb_rect/n50000/seed1_L1_Q1
boj_3s_large_adversarial,multi_comb_rect,50000,2,1,1,1,0,0,1,0.071480,15248,/Users/free_1/Library/Mobile Documents/iCloud~md~obsidian/Documents/cpp-checker/branch_3/artifacts/lca_tree_stress_v5/boj3s_gate/runs/boj_3s_large_adversarial/multi_comb_rect/n50000/seed2_L1_Q1
boj_3s_large_adversarial,multi_comb_rect,75000,1,1,1,1,0,0,1,0.079812,18896,/Users/free_1/Library/Mobile Documents/iCloud~md~obsidian/Documents/cpp-checker/branch_3/artifacts/lca_tree_stress_v5/boj3s_gate/runs/boj_3s_large_adversarial/multi_comb_rect/n75000/seed1_L1_Q1
boj_3s_large_adversarial,multi_comb_rect,75000,2,1,1,1,0,0,1,0.088693,18864,/Users/free_1/Library/Mobile Documents/iCloud~md~obsidian/Documents/cpp-checker/branch_3/artifacts/lca_tree_stress_v5/boj3s_gate/runs/boj_3s_large_adversarial/multi_comb_rect/n75000/seed2_L1_Q1
boj_3s_large_adversarial,multi_comb_rect,99999,1,1,1,1,0,0,1,0.094711,21968,/Users/free_1/Library/Mobile Documents/iCloud~md~obsidian/Documents/cpp-checker/branch_3/artifacts/lca_tree_stress_v5/boj3s_gate/runs/boj_3s_large_adversarial/multi_comb_rect/n99999/seed1_L1_Q1
boj_3s_large_adversarial,multi_comb_rect,99999,2,1,1,1,0,0,1,0.087035,21968,/Users/free_1/Library/Mobile Documents/iCloud~md~obsidian/Documents/cpp-checker/branch_3/artifacts/lca_tree_stress_v5/boj3s_gate/runs/boj_3s_large_adversarial/multi_comb_rect/n99999/seed2_L1_Q1
boj_3s_large_adversarial,multi_comb_cap,50000,1,1,1,1,0,0,1,0.046929,15008,/Users/free_1/Library/Mobile Documents/iCloud~md~obsidian/Documents/cpp-checker/branch_3/artifacts/lca_tree_stress_v5/boj3s_gate/runs/boj_3s_large_adversarial/multi_comb_cap/n50000/seed1_L1_Q1
boj_3s_large_adversarial,multi_comb_cap,50000,2,1,1,1,0,0,1,0.059671,14992,/Users/free_1/Library/Mobile Documents/iCloud~md~obsidian/Documents/cpp-checker/branch_3/artifacts/lca_tree_stress_v5/boj3s_gate/runs/boj_3s_large_adversarial/multi_comb_cap/n50000/seed2_L1_Q1
boj_3s_large_adversarial,multi_comb_cap,75000,1,1,1,1,0,0,1,0.048360,18736,/Users/free_1/Library/Mobile Documents/iCloud~md~obsidian/Documents/cpp-checker/branch_3/artifacts/lca_tree_stress_v5/boj3s_gate/runs/boj_3s_large_adversarial/multi_comb_cap/n75000/seed1_L1_Q1
boj_3s_large_adversarial,multi_comb_cap,75000,2,1,1,1,0,0,1,0.064873,18736,/Users/free_1/Library/Mobile Documents/iCloud~md~obsidian/Documents/cpp-checker/branch_3/artifacts/lca_tree_stress_v5/boj3s_gate/runs/boj_3s_large_adversarial/multi_comb_cap/n75000/seed2_L1_Q1
boj_3s_large_adversarial,multi_comb_cap,99999,1,1,1,1,0,0,1,0.125760,21888,/Users/free_1/Library/Mobile Documents/iCloud~md~obsidian/Documents/cpp-checker/branch_3/artifacts/lca_tree_stress_v5/boj3s_gate/runs/boj_3s_large_adversarial/multi_comb_cap/n99999/seed1_L1_Q1
boj_3s_large_adversarial,multi_comb_cap,99999,2,1,1,1,0,0,1,0.076941,21904,/Users/free_1/Library/Mobile Documents/iCloud~md~obsidian/Documents/cpp-checker/branch_3/artifacts/lca_tree_stress_v5/boj3s_gate/runs/boj_3s_large_adversarial/multi_comb_cap/n99999/seed2_L1_Q1
boj_3s_large_adversarial,caterpillar_rect_dense,50000,1,1,1,1,0,0,1,0.056876,19152,/Users/free_1/Library/Mobile Documents/iCloud~md~obsidian/Documents/cpp-checker/branch_3/artifacts/lca_tree_stress_v5/boj3s_gate/runs/boj_3s_large_adversarial/caterpillar_rect_dense/n50000/seed1_L1_Q1
boj_3s_large_adversarial,caterpillar_rect_dense,50000,2,1,1,1,0,0,1,0.057212,19152,/Users/free_1/Library/Mobile Documents/iCloud~md~obsidian/Documents/cpp-checker/branch_3/artifacts/lca_tree_stress_v5/boj3s_gate/runs/boj_3s_large_adversarial/caterpillar_rect_dense/n50000/seed2_L1_Q1
boj_3s_large_adversarial,caterpillar_rect_dense,75000,1,1,1,1,0,0,1,0.097632,24272,/Users/free_1/Library/Mobile Documents/iCloud~md~obsidian/Documents/cpp-checker/branch_3/artifacts/lca_tree_stress_v5/boj3s_gate/runs/boj_3s_large_adversarial/caterpillar_rect_dense/n75000/seed1_L1_Q1
boj_3s_large_adversarial,caterpillar_rect_dense,75000,2,1,1,1,0,0,1,0.090907,24224,/Users/free_1/Library/Mobile Documents/iCloud~md~obsidian/Documents/cpp-checker/branch_3/artifacts/lca_tree_stress_v5/boj3s_gate/runs/boj_3s_large_adversarial/caterpillar_rect_dense/n75000/seed2_L1_Q1
boj_3s_large_adversarial,caterpillar_rect_dense,99999,1,1,1,1,0,0,1,0.072521,28816,/Users/free_1/Library/Mobile Documents/iCloud~md~obsidian/Documents/cpp-checker/branch_3/artifacts/lca_tree_stress_v5/boj3s_gate/runs/boj_3s_large_adversarial/caterpillar_rect_dense/n99999/seed1_L1_Q1
boj_3s_large_adversarial,caterpillar_rect_dense,99999,2,1,1,1,0,0,1,0.079195,28816,/Users/free_1/Library/Mobile Documents/iCloud~md~obsidian/Documents/cpp-checker/branch_3/artifacts/lca_tree_stress_v5/boj3s_gate/runs/boj_3s_large_adversarial/caterpillar_rect_dense/n99999/seed2_L1_Q1
boj_3s_large_mix,balanced_dense,99999,1,1,1,1,0,0,1,0.409977,31856,/Users/free_1/Library/Mobile Documents/iCloud~md~obsidian/Documents/cpp-checker/branch_3/artifacts/lca_tree_stress_v5/boj3s_gate/runs/boj_3s_large_mix/balanced_dense/n99999/seed1_L1_Q1
boj_3s_large_mix,balanced_dense,99999,2,1,1,1,0,0,1,0.312354,31856,/Users/free_1/Library/Mobile Documents/iCloud~md~obsidian/Documents/cpp-checker/branch_3/artifacts/lca_tree_stress_v5/boj3s_gate/runs/boj_3s_large_mix/balanced_dense/n99999/seed2_L1_Q1
boj_3s_large_mix,balanced_dense,99999,3,1,1,1,0,0,1,0.360906,31856,/Users/free_1/Library/Mobile Documents/iCloud~md~obsidian/Documents/cpp-checker/branch_3/artifacts/lca_tree_stress_v5/boj3s_gate/runs/boj_3s_large_mix/balanced_dense/n99999/seed3_L1_Q1
boj_3s_large_mix,random_recursive_mixed,99999,1,1,1,1,0,0,1,0.204658,33040,/Users/free_1/Library/Mobile Documents/iCloud~md~obsidian/Documents/cpp-checker/branch_3/artifacts/lca_tree_stress_v5/boj3s_gate/runs/boj_3s_large_mix/random_recursive_mixed/n99999/seed1_L1_Q1
boj_3s_large_mix,random_recursive_mixed,99999,2,1,1,1,0,0,1,0.213001,28736,/Users/free_1/Library/Mobile Documents/iCloud~md~obsidian/Documents/cpp-checker/branch_3/artifacts/lca_tree_stress_v5/boj3s_gate/runs/boj_3s_large_mix/random_recursive_mixed/n99999/seed2_L1_Q1
boj_3s_large_mix,random_recursive_mixed,99999,3,1,1,1,0,0,1,0.199763,30784,/Users/free_1/Library/Mobile Documents/iCloud~md~obsidian/Documents/cpp-checker/branch_3/artifacts/lca_tree_stress_v5/boj3s_gate/runs/boj_3s_large_mix/random_recursive_mixed/n99999/seed3_L1_Q1
boj_3s_large_mix,broom_mixed,99999,1,1,1,1,-9,1,0,,,/Users/free_1/Library/Mobile Documents/iCloud~md~obsidian/Documents/cpp-checker/branch_3/artifacts/lca_tree_stress_v5/boj3s_gate/runs/boj_3s_large_mix/broom_mixed/n99999/seed1_L1_Q1
boj_3s_large_mix,broom_mixed,99999,2,1,1,1,-9,1,0,,,/Users/free_1/Library/Mobile Documents/iCloud~md~obsidian/Documents/cpp-checker/branch_3/artifacts/lca_tree_stress_v5/boj3s_gate/runs/boj_3s_large_mix/broom_mixed/n99999/seed2_L1_Q1
boj_3s_large_mix,broom_mixed,99999,3,1,1,1,-9,1,0,,,/Users/free_1/Library/Mobile Documents/iCloud~md~obsidian/Documents/cpp-checker/branch_3/artifacts/lca_tree_stress_v5/boj3s_gate/runs/boj_3s_large_mix/broom_mixed/n99999/seed3_L1_Q1
boj_3s_large_mix,comb_rect_dense,99999,1,1,1,1,0,0,1,0.097174,22672,/Users/free_1/Library/Mobile Documents/iCloud~md~obsidian/Documents/cpp-checker/branch_3/artifacts/lca_tree_stress_v5/boj3s_gate/runs/boj_3s_large_mix/comb_rect_dense/n99999/seed1_L1_Q1
boj_3s_large_mix,comb_rect_dense,99999,2,1,1,1,0,0,1,0.083130,22688,/Users/free_1/Library/Mobile Documents/iCloud~md~obsidian/Documents/cpp-checker/branch_3/artifacts/lca_tree_stress_v5/boj3s_gate/runs/boj_3s_large_mix/comb_rect_dense/n99999/seed2_L1_Q1
boj_3s_large_mix,comb_rect_dense,99999,3,1,1,1,0,0,1,0.074334,22688,/Users/free_1/Library/Mobile Documents/iCloud~md~obsidian/Documents/cpp-checker/branch_3/artifacts/lca_tree_stress_v5/boj3s_gate/runs/boj_3s_large_mix/comb_rect_dense/n99999/seed3_L1_Q1
boj_3s_large_mix,multi_comb_cap,99999,1,1,1,1,0,0,1,0.098315,21936,/Users/free_1/Library/Mobile Documents/iCloud~md~obsidian/Documents/cpp-checker/branch_3/artifacts/lca_tree_stress_v5/boj3s_gate/runs/boj_3s_large_mix/multi_comb_cap/n99999/seed1_L1_Q1
boj_3s_large_mix,multi_comb_cap,99999,2,1,1,1,0,0,1,0.075569,21952,/Users/free_1/Library/Mobile Documents/iCloud~md~obsidian/Documents/cpp-checker/branch_3/artifacts/lca_tree_stress_v5/boj3s_gate/runs/boj_3s_large_mix/multi_comb_cap/n99999/seed2_L1_Q1
boj_3s_large_mix,multi_comb_cap,99999,3,1,1,1,0,0,1,0.085474,21952,/Users/free_1/Library/Mobile Documents/iCloud~md~obsidian/Documents/cpp-checker/branch_3/artifacts/lca_tree_stress_v5/boj3s_gate/runs/boj_3s_large_mix/multi_comb_cap/n99999/seed3_L1_Q1
boj_3s_large_mix,caterpillar_rect_dense,99999,1,1,1,1,0,0,1,0.081586,28832,/Users/free_1/Library/Mobile Documents/iCloud~md~obsidian/Documents/cpp-checker/branch_3/artifacts/lca_tree_stress_v5/boj3s_gate/runs/boj_3s_large_mix/caterpillar_rect_dense/n99999/seed1_L1_Q1
boj_3s_large_mix,caterpillar_rect_dense,99999,2,1,1,1,0,0,1,0.116697,28768,/Users/free_1/Library/Mobile Documents/iCloud~md~obsidian/Documents/cpp-checker/branch_3/artifacts/lca_tree_stress_v5/boj3s_gate/runs/boj_3s_large_mix/caterpillar_rect_dense/n99999/seed2_L1_Q1
boj_3s_large_mix,caterpillar_rect_dense,99999,3,1,1,1,0,0,1,0.099140,28768,/Users/free_1/Library/Mobile Documents/iCloud~md~obsidian/Documents/cpp-checker/branch_3/artifacts/lca_tree_stress_v5/boj3s_gate/runs/boj_3s_large_mix/caterpillar_rect_dense/n99999/seed3_L1_Q1
