1024 47498
2 3 1
2 4 1
2 5 1
6 7 2
6 8 2
6 9 2
10 11 6
10 12 6
10 13 6
14 15 10
14 16 10
14 17 10
18 19 14
18 20 14
18 21 14
22 23 18
22 24 18
22 25 18
26 27 22
26 28 22
26 29 22
30 31 26
30 32 26
30 33 26
34 35 30
34 36 30
34 37 30
38 39 34
38 40 34
38 41 34
42 43 38
42 44 38
42 45 38
46 47 42
46 48 42
46 49 42
50 51 46
50 52 46
50 53 46
54 55 50
54 56 50
54 57 50
58 59 54
58 60 54
58 61 54
62 63 58
62 64 58
62 65 58
66 67 62
66 68 62
66 69 62
70 71 66
70 72 66
70 73 66
74 75 70
74 76 70
74 77 70
78 79 74
78 80 74
78 81 74
82 83 78
82 84 78
82 85 78
86 87 82
86 88 82
86 89 82
90 91 86
90 92 86
90 93 86
94 95 90
94 96 90
94 97 90
98 99 94
98 100 94
98 101 94
102 103 98
102 104 98
102 105 98
106 107 102
106 108 102
106 109 102
110 111 106
110 112 106
110 113 106
114 115 110
114 116 110
114 117 110
118 119 114
118 120 114
118 121 114
122 123 118
122 124 118
122 125 118
126 127 122
126 128 122
126 129 122
130 131 126
130 132 126
130 133 126
134 135 130
134 136 130
134 137 130
138 139 134
138 140 134
138 141 134
142 143 138
142 144 138
142 145 138
146 147 142
146 148 142
146 149 142
150 151 146
150 152 146
150 153 146
154 155 150
154 156 150
154 157 150
158 159 154
158 160 154
158 161 154
162 163 158
162 164 158
162 165 158
166 167 162
166 168 162
166 169 162
170 171 166
170 172 166
170 173 166
174 175 170
174 176 170
174 177 170
178 179 174
178 180 174
178 181 174
182 183 178
182 184 178
182 185 178
186 187 182
186 188 182
186 189 182
190 191 186
190 192 186
190 193 186
194 195 190
194 196 190
194 197 190
198 199 194
198 200 194
198 201 194
202 203 198
202 204 198
202 205 198
206 207 202
206 208 202
206 209 202
210 211 206
210 212 206
210 213 206
214 215 210
214 216 210
214 217 210
218 219 214
218 220 214
218 221 214
222 223 218
222 224 218
222 225 218
226 227 222
226 228 222
226 229 222
230 231 226
230 232 226
230 233 226
234 235 230
234 236 230
234 237 230
238 239 234
238 240 234
238 241 234
242 243 238
242 244 238
242 245 238
246 247 242
246 248 242
246 249 242
250 251 246
250 252 246
250 253 246
254 255 250
254 256 250
254 257 250
258 259 254
258 260 254
258 261 254
262 263 258
262 264 258
262 265 258
266 267 262
266 268 262
266 269 262
270 271 266
270 272 266
270 273 266
274 275 270
274 276 270
274 277 270
278 279 274
278 280 274
278 281 274
282 283 278
282 284 278
282 285 278
286 287 282
286 288 282
286 289 282
290 291 286
290 292 286
290 293 286
294 295 290
294 296 290
294 297 290
298 299 294
298 300 294
298 301 294
302 303 298
302 304 298
302 305 298
306 307 302
306 308 302
306 309 302
310 311 306
310 312 306
310 313 306
314 315 310
314 316 310
314 317 310
318 319 314
318 320 314
318 321 314
322 323 318
322 324 318
322 325 318
326 327 322
326 328 322
326 329 322
330 331 326
330 332 326
330 333 326
334 335 330
334 336 330
334 337 330
338 339 334
338 340 334
338 341 334
342 343 338
342 344 338
342 345 338
346 347 342
346 348 342
346 349 342
350 351 346
350 352 346
350 353 346
354 355 350
354 356 350
354 357 350
358 359 354
358 360 354
358 361 354
362 363 358
362 364 358
362 365 358
366 367 362
366 368 362
366 369 362
370 371 366
370 372 366
370 373 366
374 375 370
374 376 370
374 377 370
378 379 374
378 380 374
378 381 374
382 383 378
382 384 378
382 385 378
386 387 382
386 388 382
386 389 382
390 391 386
390 392 386
390 393 386
394 395 390
394 396 390
394 397 390
398 399 394
398 400 394
398 401 394
402 403 398
402 404 398
402 405 398
406 407 402
406 408 402
406 409 402
410 411 406
410 412 406
410 413 406
414 415 410
414 416 410
414 417 410
418 419 414
418 420 414
418 421 414
422 423 418
422 424 418
422 425 418
426 427 422
426 428 422
426 429 422
430 431 426
430 432 426
430 433 426
434 435 430
434 436 430
434 437 430
438 439 434
438 440 434
438 441 434
442 443 438
442 444 438
442 445 438
446 447 442
446 448 442
446 449 442
450 451 446
450 452 446
450 453 446
454 455 450
454 456 450
454 457 450
458 459 454
458 460 454
458 461 454
462 463 458
462 464 458
462 465 458
466 467 462
466 468 462
466 469 462
470 471 466
470 472 466
470 473 466
474 475 470
474 476 470
474 477 470
478 479 474
478 480 474
478 481 474
482 483 478
482 484 478
482 485 478
486 487 482
486 488 482
486 489 482
490 491 486
490 492 486
490 493 486
494 495 490
494 496 490
494 497 490
498 499 494
498 500 494
498 501 494
502 503 498
502 504 498
502 505 498
506 507 502
506 508 502
506 509 502
510 511 506
510 512 506
510 513 506
514 515 510
514 516 510
514 517 510
518 519 514
518 520 514
518 521 514
522 523 518
522 524 518
522 525 518
526 527 522
526 528 522
526 529 522
530 531 526
530 532 526
530 533 526
534 535 530
534 536 530
534 537 530
538 539 534
538 540 534
538 541 534
542 543 538
542 544 538
542 545 538
546 547 542
546 548 542
546 549 542
550 551 546
550 552 546
550 553 546
554 555 550
554 556 550
554 557 550
558 559 554
558 560 554
558 561 554
562 563 558
562 564 558
562 565 558
566 567 562
566 568 562
566 569 562
570 571 566
570 572 566
570 573 566
574 575 570
574 576 570
574 577 570
578 579 574
578 580 574
578 581 574
582 583 578
582 584 578
582 585 578
586 587 582
586 588 582
586 589 582
590 591 586
590 592 586
590 593 586
594 595 590
594 596 590
594 597 590
598 599 594
598 600 594
598 601 594
602 603 598
602 604 598
602 605 598
606 607 602
606 608 602
606 609 602
610 611 606
610 612 606
610 613 606
614 615 610
614 616 610
614 617 610
618 619 614
618 620 614
618 621 614
622 623 618
622 624 618
622 625 618
626 627 622
626 628 622
626 629 622
630 631 626
630 632 626
630 633 626
634 635 630
634 636 630
634 637 630
638 639 634
638 640 634
638 641 634
642 643 638
642 644 638
642 645 638
646 647 642
646 648 642
646 649 642
650 651 646
650 652 646
650 653 646
654 655 650
654 656 650
654 657 650
658 659 654
658 660 654
658 661 654
662 663 658
662 664 658
662 665 658
666 667 662
666 668 662
666 669 662
670 671 666
670 672 666
670 673 666
674 675 670
674 676 670
674 677 670
678 679 674
678 680 674
678 681 674
682 683 678
682 684 678
682 685 678
686 687 682
686 688 682
686 689 682
690 691 686
690 692 686
690 693 686
694 695 690
694 696 690
694 697 690
698 699 694
698 700 694
698 701 694
702 703 698
702 704 698
702 705 698
706 707 702
706 708 702
706 709 702
710 711 706
710 712 706
710 713 706
714 715 710
714 716 710
714 717 710
718 719 714
718 720 714
718 721 714
722 723 718
722 724 718
722 725 718
726 727 722
726 728 722
726 729 722
730 731 726
730 732 726
730 733 726
734 735 730
734 736 730
734 737 730
738 739 734
738 740 734
738 741 734
742 743 738
742 744 738
742 745 738
746 747 742
746 748 742
746 749 742
750 751 746
750 752 746
750 753 746
754 755 750
754 756 750
754 757 750
758 759 754
758 760 754
758 761 754
762 763 758
762 764 758
762 765 758
766 767 762
766 768 762
766 769 762
770 771 766
770 772 766
770 773 766
774 775 770
774 776 770
774 777 770
778 779 774
778 780 774
778 781 774
782 783 778
782 784 778
782 785 778
786 787 782
786 788 782
786 789 782
790 791 786
790 792 786
790 793 786
794 795 790
794 796 790
794 797 790
798 799 794
798 800 794
798 801 794
802 803 798
802 804 798
802 805 798
806 807 802
806 808 802
806 809 802
810 811 806
810 812 806
810 813 806
814 815 810
814 816 810
814 817 810
818 819 814
818 820 814
818 821 814
822 823 818
822 824 818
822 825 818
826 827 822
826 828 822
826 829 822
830 831 826
830 832 826
830 833 826
834 835 830
834 836 830
834 837 830
838 839 834
838 840 834
838 841 834
842 843 838
842 844 838
842 845 838
846 847 842
846 848 842
846 849 842
850 851 846
850 852 846
850 853 846
854 855 850
854 856 850
854 857 850
858 859 854
858 860 854
858 861 854
862 863 858
862 864 858
862 865 858
866 867 862
866 868 862
866 869 862
870 871 866
870 872 866
870 873 866
874 875 870
874 876 870
874 877 870
878 879 874
878 880 874
878 881 874
882 883 878
882 884 878
882 885 878
886 887 882
886 888 882
886 889 882
890 891 886
890 892 886
890 893 886
894 895 890
894 896 890
894 897 890
898 899 894
898 900 894
898 901 894
902 903 898
902 904 898
902 905 898
906 907 902
906 908 902
906 909 902
910 911 906
910 912 906
910 913 906
914 915 910
914 916 910
914 917 910
918 919 914
918 920 914
918 921 914
922 923 918
922 924 918
922 925 918
926 927 922
926 928 922
926 929 922
930 931 926
930 932 926
930 933 926
934 935 930
934 936 930
934 937 930
938 939 934
938 940 934
938 941 934
942 943 938
942 944 938
942 945 938
946 947 942
946 948 942
946 949 942
950 951 946
950 952 946
950 953 946
954 955 950
954 956 950
954 957 950
958 959 954
958 960 954
958 961 954
962 963 958
962 964 958
962 965 958
966 967 962
966 968 962
966 969 962
970 971 966
970 972 966
970 973 966
974 975 970
974 976 970
974 977 970
978 979 974
978 980 974
978 981 974
982 983 978
982 984 978
982 985 978
986 987 982
986 988 982
986 989 982
990 991 986
990 992 986
990 993 986
994 995 990
994 996 990
994 997 990
998 999 994
998 1000 994
998 1001 994
1002 1003 998
1002 1004 998
1002 1005 998
1006 1007 1002
1006 1008 1002
1006 1009 1002
1010 1011 1006
1010 1012 1006
1010 1013 1006
1014 1015 1010
1014 1016 1010
1014 1017 1010
1018 1019 1014
1018 1020 1014
1018 1021 1014
1022 1023 1018
1022 1024 1018
3 1022 1
4 1022 1
5 1022 1
7 1022 2
8 1022 2
9 1022 2
11 1022 6
12 1022 6
13 1022 6
15 1022 10
16 1022 10
17 1022 10
19 1022 14
20 1022 14
21 1022 14
23 1022 18
24 1022 18
25 1022 18
27 1022 22
28 1022 22
29 1022 22
31 1022 26
32 1022 26
33 1022 26
35 1022 30
36 1022 30
37 1022 30
39 1022 34
40 1022 34
41 1022 34
43 1022 38
44 1022 38
45 1022 38
47 1022 42
48 1022 42
49 1022 42
51 1022 46
52 1022 46
53 1022 46
55 1022 50
56 1022 50
57 1022 50
59 1022 54
60 1022 54
61 1022 54
63 1022 58
64 1022 58
65 1022 58
67 1022 62
68 1022 62
69 1022 62
71 1022 66
72 1022 66
73 1022 66
75 1022 70
76 1022 70
77 1022 70
79 1022 74
80 1022 74
81 1022 74
83 1022 78
84 1022 78
85 1022 78
87 1022 82
88 1022 82
89 1022 82
91 1022 86
92 1022 86
93 1022 86
95 1022 90
96 1022 90
97 1022 90
99 1022 94
100 1022 94
101 1022 94
103 1022 98
104 1022 98
105 1022 98
107 1022 102
108 1022 102
109 1022 102
111 1022 106
112 1022 106
113 1022 106
115 1022 110
116 1022 110
117 1022 110
119 1022 114
120 1022 114
121 1022 114
123 1022 118
124 1022 118
125 1022 118
127 1022 122
128 1022 122
129 1022 122
131 1022 126
132 1022 126
133 1022 126
135 1022 130
136 1022 130
137 1022 130
139 1022 134
140 1022 134
141 1022 134
143 1022 138
144 1022 138
145 1022 138
147 1022 142
148 1022 142
149 1022 142
151 1022 146
152 1022 146
153 1022 146
155 1022 150
156 1022 150
157 1022 150
159 1022 154
160 1022 154
161 1022 154
163 1022 158
164 1022 158
165 1022 158
167 1022 162
168 1022 162
169 1022 162
171 1022 166
172 1022 166
173 1022 166
175 1022 170
176 1022 170
177 1022 170
179 1022 174
180 1022 174
181 1022 174
183 1022 178
184 1022 178
185 1022 178
187 1022 182
188 1022 182
189 1022 182
191 1022 186
192 1022 186
193 1022 186
195 1022 190
196 1022 190
197 1022 190
199 1022 194
200 1022 194
201 1022 194
203 1022 198
204 1022 198
205 1022 198
207 1022 202
208 1022 202
209 1022 202
211 1022 206
212 1022 206
213 1022 206
215 1022 210
216 1022 210
217 1022 210
219 1022 214
220 1022 214
221 1022 214
223 1022 218
224 1022 218
225 1022 218
227 1022 222
228 1022 222
229 1022 222
231 1022 226
232 1022 226
233 1022 226
235 1022 230
236 1022 230
237 1022 230
239 1022 234
240 1022 234
241 1022 234
243 1022 238
244 1022 238
245 1022 238
247 1022 242
248 1022 242
249 1022 242
251 1022 246
252 1022 246
253 1022 246
255 1022 250
256 1022 250
257 1022 250
259 1022 254
260 1022 254
261 1022 254
263 1022 258
264 1022 258
265 1022 258
267 1022 262
268 1022 262
269 1022 262
271 1022 266
272 1022 266
273 1022 266
275 1022 270
276 1022 270
277 1022 270
279 1022 274
280 1022 274
281 1022 274
283 1022 278
284 1022 278
285 1022 278
287 1022 282
288 1022 282
289 1022 282
291 1022 286
292 1022 286
293 1022 286
295 1022 290
296 1022 290
297 1022 290
299 1022 294
300 1022 294
301 1022 294
303 1022 298
304 1022 298
305 1022 298
307 1022 302
308 1022 302
309 1022 302
311 1022 306
312 1022 306
313 1022 306
315 1022 310
316 1022 310
317 1022 310
319 1022 314
320 1022 314
321 1022 314
323 1022 318
324 1022 318
325 1022 318
327 1022 322
328 1022 322
329 1022 322
331 1022 326
332 1022 326
333 1022 326
335 1022 330
336 1022 330
337 1022 330
339 1022 334
340 1022 334
341 1022 334
343 1022 338
344 1022 338
345 1022 338
347 1022 342
348 1022 342
349 1022 342
351 1022 346
352 1022 346
353 1022 346
355 1022 350
356 1022 350
357 1022 350
359 1022 354
360 1022 354
361 1022 354
363 1022 358
364 1022 358
365 1022 358
367 1022 362
368 1022 362
369 1022 362
371 1022 366
372 1022 366
373 1022 366
375 1022 370
376 1022 370
377 1022 370
379 1022 374
380 1022 374
381 1022 374
383 1022 378
384 1022 378
385 1022 378
387 1022 382
388 1022 382
389 1022 382
391 1022 386
392 1022 386
393 1022 386
395 1022 390
396 1022 390
397 1022 390
399 1022 394
400 1022 394
401 1022 394
403 1022 398
404 1022 398
405 1022 398
407 1022 402
408 1022 402
409 1022 402
411 1022 406
412 1022 406
413 1022 406
415 1022 410
416 1022 410
417 1022 410
419 1022 414
420 1022 414
421 1022 414
423 1022 418
424 1022 418
425 1022 418
427 1022 422
428 1022 422
429 1022 422
431 1022 426
432 1022 426
433 1022 426
435 1022 430
436 1022 430
437 1022 430
439 1022 434
440 1022 434
441 1022 434
443 1022 438
444 1022 438
445 1022 438
447 1022 442
448 1022 442
449 1022 442
451 1022 446
452 1022 446
453 1022 446
455 1022 450
456 1022 450
457 1022 450
459 1022 454
460 1022 454
461 1022 454
463 1022 458
464 1022 458
465 1022 458
467 1022 462
468 1022 462
469 1022 462
471 1022 466
472 1022 466
473 1022 466
475 1022 470
476 1022 470
477 1022 470
479 1022 474
480 1022 474
481 1022 474
483 1022 478
484 1022 478
485 1022 478
487 1022 482
488 1022 482
489 1022 482
491 1022 486
492 1022 486
493 1022 486
495 1022 490
496 1022 490
497 1022 490
499 1022 494
500 1022 494
501 1022 494
503 1022 498
504 1022 498
505 1022 498
507 1022 502
508 1022 502
509 1022 502
511 1022 506
512 1022 506
513 1022 506
515 1022 510
516 1022 510
517 1022 510
519 1022 514
520 1022 514
521 1022 514
523 1022 518
524 1022 518
525 1022 518
527 1022 522
528 1022 522
529 1022 522
531 1022 526
532 1022 526
533 1022 526
535 1022 530
536 1022 530
537 1022 530
539 1022 534
540 1022 534
541 1022 534
543 1022 538
544 1022 538
545 1022 538
547 1022 542
548 1022 542
549 1022 542
551 1022 546
552 1022 546
553 1022 546
555 1022 550
556 1022 550
557 1022 550
559 1022 554
560 1022 554
561 1022 554
563 1022 558
564 1022 558
565 1022 558
567 1022 562
568 1022 562
569 1022 562
571 1022 566
572 1022 566
573 1022 566
575 1022 570
576 1022 570
577 1022 570
579 1022 574
580 1022 574
581 1022 574
583 1022 578
584 1022 578
585 1022 578
587 1022 582
588 1022 582
589 1022 582
591 1022 586
592 1022 586
593 1022 586
595 1022 590
596 1022 590
597 1022 590
599 1022 594
600 1022 594
601 1022 594
603 1022 598
604 1022 598
605 1022 598
607 1022 602
608 1022 602
609 1022 602
611 1022 606
612 1022 606
613 1022 606
615 1022 610
616 1022 610
617 1022 610
619 1022 614
620 1022 614
621 1022 614
623 1022 618
624 1022 618
625 1022 618
627 1022 622
628 1022 622
629 1022 622
631 1022 626
632 1022 626
633 1022 626
635 1022 630
636 1022 630
637 1022 630
639 1022 634
640 1022 634
641 1022 634
643 1022 638
644 1022 638
645 1022 638
647 1022 642
648 1022 642
649 1022 642
651 1022 646
652 1022 646
653 1022 646
655 1022 650
656 1022 650
657 1022 650
659 1022 654
660 1022 654
661 1022 654
663 1022 658
664 1022 658
665 1022 658
667 1022 662
668 1022 662
669 1022 662
671 1022 666
672 1022 666
673 1022 666
675 1022 670
676 1022 670
677 1022 670
679 1022 674
680 1022 674
681 1022 674
683 1022 678
684 1022 678
685 1022 678
687 1022 682
688 1022 682
689 1022 682
691 1022 686
692 1022 686
693 1022 686
695 1022 690
696 1022 690
697 1022 690
699 1022 694
700 1022 694
701 1022 694
703 1022 698
704 1022 698
705 1022 698
707 1022 702
708 1022 702
709 1022 702
711 1022 706
712 1022 706
713 1022 706
715 1022 710
716 1022 710
717 1022 710
719 1022 714
720 1022 714
721 1022 714
723 1022 718
724 1022 718
725 1022 718
727 1022 722
728 1022 722
729 1022 722
731 1022 726
732 1022 726
733 1022 726
735 1022 730
736 1022 730
737 1022 730
739 1022 734
740 1022 734
741 1022 734
743 1022 738
744 1022 738
745 1022 738
747 1022 742
748 1022 742
749 1022 742
751 1022 746
752 1022 746
753 1022 746
755 1022 750
756 1022 750
757 1022 750
759 1022 754
760 1022 754
761 1022 754
763 1022 758
764 1022 758
765 1022 758
767 1022 762
768 1022 762
769 1022 762
771 1022 766
772 1022 766
773 1022 766
775 1022 770
776 1022 770
777 1022 770
779 1022 774
780 1022 774
781 1022 774
783 1022 778
784 1022 778
785 1022 778
787 1022 782
788 1022 782
789 1022 782
791 1022 786
792 1022 786
793 1022 786
795 1022 790
796 1022 790
797 1022 790
799 1022 794
800 1022 794
801 1022 794
803 1022 798
804 1022 798
805 1022 798
807 1022 802
808 1022 802
809 1022 802
811 1022 806
812 1022 806
813 1022 806
815 1022 810
816 1022 810
817 1022 810
819 1022 814
820 1022 814
821 1022 814
823 1022 818
824 1022 818
825 1022 818
827 1022 822
828 1022 822
829 1022 822
831 1022 826
832 1022 826
833 1022 826
835 1022 830
836 1022 830
837 1022 830
839 1022 834
840 1022 834
841 1022 834
843 1022 838
844 1022 838
845 1022 838
847 1022 842
848 1022 842
849 1022 842
851 1022 846
852 1022 846
853 1022 846
855 1022 850
856 1022 850
857 1022 850
859 1022 854
860 1022 854
861 1022 854
863 1022 858
864 1022 858
865 1022 858
867 1022 862
868 1022 862
869 1022 862
871 1022 866
872 1022 866
873 1022 866
875 1022 870
876 1022 870
877 1022 870
879 1022 874
880 1022 874
881 1022 874
883 1022 878
884 1022 878
885 1022 878
887 1022 882
888 1022 882
889 1022 882
891 1022 886
892 1022 886
893 1022 886
895 1022 890
896 1022 890
897 1022 890
899 1022 894
900 1022 894
901 1022 894
903 1022 898
904 1022 898
905 1022 898
907 1022 902
908 1022 902
909 1022 902
911 1022 906
912 1022 906
913 1022 906
915 1022 910
916 1022 910
917 1022 910
919 1022 914
920 1022 914
921 1022 914
923 1022 918
924 1022 918
925 1022 918
927 1022 922
928 1022 922
929 1022 922
931 1022 926
932 1022 926
933 1022 926
935 1022 930
936 1022 930
937 1022 930
939 1022 934
940 1022 934
941 1022 934
943 1022 938
944 1022 938
945 1022 938
947 1022 942
948 1022 942
949 1022 942
951 1022 946
952 1022 946
953 1022 946
955 1022 950
956 1022 950
957 1022 950
959 1022 954
960 1022 954
961 1022 954
963 1022 958
964 1022 958
965 1022 958
967 1022 962
968 1022 962
969 1022 962
971 1022 966
972 1022 966
973 1022 966
975 1022 970
976 1022 970
977 1022 970
979 1022 974
980 1022 974
981 1022 974
983 1022 978
984 1022 978
985 1022 978
987 1022 982
988 1022 982
989 1022 982
991 1022 986
992 1022 986
993 1022 986
995 1022 990
996 1022 990
997 1022 990
999 1022 994
1000 1022 994
1001 1022 994
1003 1022 998
1004 1022 998
1005 1022 998
1007 1022 1002
1008 1022 1002
1009 1022 1002
1011 1022 1006
1012 1022 1006
1013 1022 1006
1015 1022 1010
1016 1022 1010
1017 1022 1010
1019 1022 1014
1020 1022 1014
1021 1022 1014
1 1022 1
6 1022 6
14 1022 14
22 1022 22
30 1022 30
38 1022 38
46 1022 46
54 1022 54
62 1022 62
70 1022 70
78 1022 78
86 1022 86
94 1022 94
102 1022 102
110 1022 110
118 1022 118
126 1022 126
134 1022 134
142 1022 142
150 1022 150
158 1022 158
166 1022 166
174 1022 174
182 1022 182
190 1022 190
198 1022 198
206 1022 206
214 1022 214
222 1022 222
230 1022 230
238 1022 238
246 1022 246
254 1022 254
262 1022 262
270 1022 270
278 1022 278
286 1022 286
294 1022 294
302 1022 302
310 1022 310
318 1022 318
326 1022 326
334 1022 334
342 1022 342
350 1022 350
358 1022 358
366 1022 366
374 1022 374
382 1022 382
390 1022 390
398 1022 398
406 1022 406
414 1022 414
422 1022 422
430 1022 430
438 1022 438
446 1022 446
454 1022 454
462 1022 462
470 1022 470
478 1022 478
486 1022 486
494 1022 494
502 1022 502
510 1022 510
518 1022 518
526 1022 526
534 1022 534
542 1022 542
550 1022 550
558 1022 558
566 1022 566
574 1022 574
582 1022 582
590 1022 590
598 1022 598
606 1022 606
614 1022 614
622 1022 622
630 1022 630
638 1022 638
646 1022 646
654 1022 654
662 1022 662
670 1022 670
678 1022 678
686 1022 686
694 1022 694
702 1022 702
710 1022 710
718 1022 718
726 1022 726
734 1022 734
742 1022 742
750 1022 750
758 1022 758
766 1022 766
774 1022 774
782 1022 782
790 1022 790
798 1022 798
806 1022 806
814 1022 814
822 1022 822
830 1022 830
838 1022 838
846 1022 846
854 1022 854
862 1022 862
870 1022 870
878 1022 878
886 1022 886
894 1022 894
902 1022 902
910 1022 910
918 1022 918
926 1022 926
934 1022 934
942 1022 942
950 1022 950
958 1022 958
966 1022 966
974 1022 974
982 1022 982
990 1022 990
998 1022 998
1006 1022 1006
1014 1022 1014
390 761 390
60 954 54
107 511 102
232 762 226
508 509 502
443 445 438
147 148 142
11 172 6
643 644 638
404 785 398
741 940 734
620 695 614
727 728 722
363 454 358
38 858 38
21 507 14
244 403 238
706 947 706
374 916 374
948 988 942
187 189 182
192 193 186
163 164 158
100 603 94
707 708 702
67 69 62
272 848 266
892 929 886
931 932 926
78 327 78
965 1011 958
368 1023 362
183 369 178
739 806 734
575 577 570
582 596 582
516 517 510
731 732 726
355 357 350
118 172 118
580 978 574
50 738 50
14 177 14
620 862 614
138 795 138
59 497 54
30 226 30
602 648 602
340 464 334
275 1014 270
75 77 70
1 75 1
767 837 762
236 766 230
195 618 190
695 696 690
761 851 754
778 982 778
187 720 182
2 783 2
292 293 286
463 465 458
328 329 322
43 44 38
52 499 46
83 85 78
154 282 154
76 504 70
319 320 314
266 886 266
34 243 34
579 616 574
30 346 30
55 57 50
520 521 514
875 877 870
534 738 534
136 953 130
8 9 2
293 339 286
1020 1021 1014
778 833 778
472 574 466
879 908 874
251 252 246
307 897 302
381 393 374
224 225 218
244 245 238
647 649 642
284 604 278
595 597 590
583 865 578
146 185 146
318 672 318
77 653 70
947 949 942
366 395 366
457 880 450
1 87 1
435 436 430
594 683 594
715 791 710
736 737 730
18 608 18
373 518 366
415 572 410
354 358 354
615 617 610
319 737 314
312 962 306
78 114 78
482 588 482
67 68 62
222 691 222
320 815 314
491 590 486
590 674 590
210 935 210
639 641 634
959 1012 954
555 882 550
128 129 122
720 862 714
189 1006 182
111 499 106
102 511 102
99 524 94
627 914 622
858 898 858
368 399 362
238 657 238
479 918 474
774 945 774
130 879 130
36 37 30
771 772 766
66 914 66
237 285 230
179 180 174
169 219 162
504 860 498
411 412 406
644 645 638
642 779 642
378 454 378
39 97 34
218 276 218
267 784 262
627 821 622
274 294 274
61 262 54
529 893 522
35 474 30
34 130 34
737 1013 730
351 353 346
653 745 646
908 986 902
4 213 1
483 988 478
158 364 158
416 459 410
10 784 10
721 751 714
128 1013 122
295 748 290
349 981 342
664 978 658
334 885 334
614 821 614
24 531 18
46 650 46
306 626 306
26 515 26
294 709 294
127 129 122
322 536 322
161 255 154
102 885 102
629 847 622
30 563 30
148 481 142
183 184 178
794 919 794
869 947 862
427 428 422
510 766 510
436 602 430
553 706 546
129 461 122
82 643 82
306 428 306
503 504 498
650 991 650
63 575 58
386 578 386
668 671 662
1 64 1
152 436 146
473 943 466
102 116 102
756 817 750
212 375 206
135 813 130
171 173 166
767 768 762
703 933 698
984 985 978
596 597 590
692 839 686
488 489 482
199 201 194
189 502 182
269 842 262
44 514 38
582 981 582
109 161 102
397 907 390
176 177 170
808 809 802
847 849 842
304 621 298
158 865 158
444 807 438
555 557 550
255 257 250
10 38 10
38 403 38
14 507 14
939 941 934
30 64 30
879 1010 874
439 441 434
819 820 814
6 456 6
288 743 282
484 638 478
550 907 550
610 901 610
256 257 250
342 619 342
618 700 618
10 58 10
800 1001 794
283 935 278
1016 1023 1010
183 770 178
540 565 534
295 923 290
310 399 310
70 253 70
899 900 894
253 728 246
92 93 86
66 122 66
170 627 170
86 228 86
132 228 126
510 607 510
944 945 938
627 628 622
663 665 658
694 968 694
425 744 418
871 897 866
258 668 258
289 488 282
35 37 30
50 975 50
491 493 486
223 225 218
542 997 542
566 658 566
227 239 222
212 213 206
353 787 346
474 743 474
675 802 670
210 422 210
621 698 614
214 833 214
147 149 142
174 699 174
743 860 738
504 890 498
122 681 122
235 236 230
276 277 270
524 879 518
203 204 198
638 748 638
479 842 474
22 265 22
335 987 330
52 53 46
578 684 578
591 592 586
264 265 258
327 328 322
697 945 690
30 672 30
1016 1021 1010
89 466 82
426 492 426
130 175 130
488 818 482
178 396 178
66 236 66
23 24 18
130 517 130
110 566 110
127 534 122
1 4 1
953 1015 946
899 901 894
955 965 950
136 591 130
183 194 178
120 791 114
236 237 230
923 925 918
416 652 410
853 909 846
122 209 122
34 735 34
95 394 90
330 749 330
102 727 102
296 523 290
872 874 866
164 668 158
757 865 750
928 929 922
905 984 898
149 407 142
270 323 270
669 903 662
86 634 86
670 800 670
169 175 162
963 965 958
924 973 918
187 620 182
871 1003 866
306 474 306
614 912 614
403 405 398
663 895 658
494 606 494
915 916 910
550 605 550
168 169 162
475 583 470
683 685 678
972 973 966
559 560 554
924 932 918
732 938 726
357 815 350
320 321 314
75 1007 70
302 898 302
22 28 22
204 628 198
711 996 706
560 561 554
644 677 638
937 994 930
641 770 634
691 719 686
347 348 342
1007 1013 1002
448 786 442
58 101 58
535 834 530
690 948 690
497 765 490
198 363 198
443 444 438
142 205 142
183 619 178
424 425 418
284 423 278
244 347 238
18 631 18
900 901 894
122 605 122
195 710 190
430 969 430
30 619 30
339 340 334
964 1008 958
446 648 446
602 627 602
371 604 366
130 205 130
74 285 74
163 555 158
258 321 258
2 23 2
995 997 990
91 815 86
532 533 526
336 337 330
467 469 462
959 986 954
489 908 482
452 664 446
173 252 166
24 959 18
29 301 22
289 550 282
381 783 374
146 685 146
538 888 538
826 995 826
87 961 82
472 495 466
139 141 134
307 309 302
512 726 506
214 981 214
553 728 546
615 616 610
379 659 374
633 908 626
570 624 570
875 912 870
526 1017 526
155 157 150
138 658 138
338 538 338
202 690 202
270 377 270
65 505 58
960 961 954
430 530 430
999 1001 994
601 706 594
34 53 34
372 879 366
1007 1009 1002
960 992 954
58 370 58
151 500 146
2 676 2
632 920 626
218 433 218
370 451 370
64 701 58
195 402 190
876 975 870
62 118 62
450 758 450
683 684 678
95 97 90
210 369 210
304 305 298
807 809 802
324 476 318
762 790 762
733 894 726
790 913 790
54 226 54
377 653 370
420 421 414
346 497 346
815 931 810
543 544 538
170 484 170
426 673 426
157 520 150
338 1003 338
502 875 502
864 1017 858
764 765 758
235 400 230
139 140 134
225 793 218
159 160 154
8 656 2
326 1010 326
891 893 886
996 997 990
222 645 222
126 139 126
81 536 74
178 673 178
467 468 462
57 432 50
669 673 662
234 659 234
560 695 554
256 550 250
374 529 374
1023 1024 1018
142 197 142
636 753 630
659 660 654
405 719 398
1011 1021 1006
234 326 234
494 541 494
45 129 38
742 844 742
17 971 10
86 244 86
231 233 226
951 1020 946
256 793 250
6 18 6
419 984 414
41 827 34
356 537 350
219 220 214
170 555 170
883 885 878
596 867 590
250 257 250
744 964 738
402 889 402
479 951 474
332 333 326
422 441 422
701 922 694
1 7 1
258 593 258
82 704 82
700 701 694
163 630 158
436 1001 430
90 521 90
695 743 690
756 944 750
295 531 290
161 396 154
765 937 758
70 122 70
909 970 902
755 756 750
943 944 938
708 904 702
770 839 770
10 649 10
233 788 226
266 570 266
1019 1024 1014
674 680 674
903 982 898
716 717 710
507 845 502
927 968 922
295 296 290
603 604 598
908 909 902
294 467 294
38 67 38
395 901 390
582 950 582
155 156 150
183 303 178
535 537 530
881 972 874
142 811 142
631 668 626
19 887 14
145 920 138
274 391 274
720 721 714
156 157 150
109 545 102
352 609 346
643 868 638
691 811 686
501 626 494
271 432 266
566 693 566
616 879 610
80 184 74
695 697 690
418 772 418
755 801 750
76 349 70
637 986 630
78 85 78
892 893 886
84 85 78
713 1006 706
283 284 278
371 373 366
408 409 402
578 713 578
162 437 162
375 376 370
354 631 354
100 462 94
1008 1019 1002
679 681 674
503 836 498
153 501 146
750 891 750
330 439 330
951 992 946
576 577 570
22 59 22
601 720 594
193 555 186
442 594 442
891 955 886
43 46 38
115 116 110
880 906 874
367 369 362
508 933 502
70 204 70
667 669 662
230 522 230
396 554 390
395 797 390
94 611 94
565 869 558
122 304 122
402 994 402
370 380 370
572 573 566
401 640 394
284 285 278
283 285 278
80 416 74
86 678 86
930 959 930
984 1008 978
200 449 194
338 969 338
66 204 66
104 971 98
487 949 482
229 358 222
163 165 158
506 702 506
758 945 758
781 976 774
139 440 134
123 878 118
366 411 366
599 601 594
78 663 78
98 497 98
227 284 222
398 1013 398
312 422 306
56 576 50
59 60 54
518 1010 518
275 276 270
18 30 18
50 98 50
571 572 566
74 924 74
144 145 138
791 988 786
80 109 74
741 988 734
468 657 462
700 883 694
64 614 58
342 618 342
429 597 422
146 1007 146
558 604 558
126 147 126
94 177 94
425 584 418
792 793 786
83 84 78
26 47 26
467 622 462
58 344 58
14 61 14
108 109 102
571 573 566
761 937 754
743 976 738
526 583 526
241 889 234
918 954 918
289 1019 282
467 496 462
637 971 630
100 580 94
847 1003 842
63 65 58
162 297 162
91 92 86
99 100 94
167 700 162
150 194 150
1 45 1
354 971 354
907 909 902
170 237 170
988 994 982
220 773 214
62 847 62
208 209 202
231 232 226
226 916 226
271 558 266
554 694 554
1 13 1
636 661 630
166 339 166
422 840 422
45 580 38
66 884 66
63 792 58
362 1015 362
103 162 98
594 713 594
783 812 778
220 530 214
95 936 90
395 997 390
26 106 26
24 447 18
221 261 214
81 426 74
240 241 234
605 673 598
828 886 822
205 456 198
232 910 226
206 210 206
79 797 74
720 746 714
23 942 18
599 773 594
66 803 66
45 525 38
170 711 170
288 369 282
687 688 682
335 699 330
725 870 718
742 1014 742
302 512 302
340 685 334
482 766 482
112 330 106
187 188 182
541 712 534
646 969 646
60 402 54
169 705 162
35 791 30
94 825 94
481 957 474
71 177 66
867 949 862
26 256 26
548 549 542
912 913 906
518 929 518
536 758 530
50 823 50
294 995 294
780 781 774
1 105 1
246 289 246
13 289 6
258 306 258
69 495 62
88 266 82
80 81 74
114 259 114
675 677 670
52 847 46
377 644 370
780 909 774
519 520 514
885 976 878
907 960 902
49 869 42
178 555 178
452 681 446
130 340 130
245 549 238
695 876 690
425 788 418
138 859 138
981 997 974
130 390 130
199 518 194
41 344 34
272 847 266
133 907 126
143 144 138
63 303 58
270 374 270
9 533 2
250 422 250
190 232 190
70 162 70
53 672 46
54 971 54
785 796 778
232 277 226
820 848 814
383 961 378
164 1003 158
336 367 330
49 190 42
6 33 6
759 761 754
300 362 294
287 710 282
428 1024 422
390 738 390
745 939 738
632 633 626
540 651 534
417 627 410
230 260 230
1 341 1
80 344 74
218 549 218
318 1014 318
22 549 22
347 551 342
146 739 146
51 53 46
137 734 130
801 916 794
597 972 590
6 13 6
40 259 34
587 589 582
50 109 50
698 731 698
178 470 178
165 186 158
56 342 50
358 870 358
587 588 582
362 901 362
114 783 114
352 586 346
326 569 326
286 688 286
941 970 934
130 189 130
243 859 238
681 721 674
812 895 806
402 645 402
172 285 166
220 873 214
14 487 14
801 909 794
282 383 282
430 915 430
800 997 794
847 851 842
602 635 602
407 409 402
878 939 878
649 845 642
84 588 78
688 980 682
305 412 298
238 427 238
439 1024 434
224 600 218
10 40 10
311 498 306
2 9 2
885 898 878
837 897 830
481 781 474
71 410 66
434 507 434
884 885 878
38 914 38
142 181 142
255 553 250
346 510 346
733 958 726
442 729 442
465 512 458
240 505 234
179 181 174
6 118 6
932 933 926
26 65 26
259 644 254
650 684 650
940 941 934
250 728 250
703 704 698
4 5 1
511 932 506
74 209 74
992 993 986
12 13 6
442 510 442
559 651 554
159 161 154
456 457 450
395 396 390
203 205 198
402 747 402
420 440 414
899 947 894
294 335 294
668 669 662
61 345 54
715 717 710
912 920 906
818 912 818
924 925 918
695 952 690
697 876 690
294 298 294
242 577 242
94 362 94
102 218 102
59 332 54
574 789 574
172 232 166
182 191 182
94 833 94
820 975 814
347 929 342
502 895 502
414 824 414
814 906 814
438 535 438
912 928 906
82 594 82
769 1017 762
151 153 146
439 548 434
870 1008 870
42 72 42
580 997 574
15 17 10
510 760 510
371 372 366
50 96 50
50 342 50
586 1024 586
948 1021 942
611 742 606
570 657 570
86 502 86
582 840 582
146 800 146
51 980 46
188 463 182
118 130 118
511 513 506
286 718 286
230 464 230
779 780 774
863 865 858
106 461 106
428 429 422
14 482 14
176 747 170
170 259 170
58 775 58
28 390 22
828 1005 822
122 407 122
510 559 510
489 499 482
648 853 642
635 636 630
48 317 42
474 1004 474
391 527 386
18 43 18
620 621 614
6 15 6
338 399 338
342 443 342
804 805 798
2 52 2
151 661 146
741 753 734
254 1004 254
628 629 622
24 921 18
445 447 438
85 340 78
288 338 282
99 130 94
54 116 54
976 977 970
581 678 574
6 84 6
521 843 514
414 530 414
935 942 930
679 680 674
550 807 550
266 995 266
47 48 42
380 644 374
99 384 94
740 907 734
78 143 78
527 994 522
87 796 82
874 936 874
259 985 254
169 187 162
26 105 26
285 837 278
541 661 534
432 943 426
128 203 122
288 289 282
42 314 42
86 401 86
126 456 126
699 1021 694
190 417 190
983 984 978
555 556 550
72 73 66
288 577 282
414 935 414
953 1016 946
355 583 350
1000 1010 994
6 11 6
540 541 534
362 589 362
839 841 834
665 981 658
390 508 390
297 1008 290
342 650 342
190 551 190
880 881 874
63 869 58
234 534 234
723 724 718
86 796 86
889 977 882
119 660 114
226 250 226
805 918 798
1007 1008 1002
825 853 818
126 778 126
47 828 42
672 1013 666
2 762 2
418 626 418
186 267 186
611 612 606
94 171 94
134 253 134
39 116 34
824 832 818
86 737 86
63 64 58
856 872 850
333 731 326
471 971 466
333 763 326
916 942 910
210 871 210
875 876 870
392 393 386
386 490 386
732 733 726
303 304 298
999 1000 994
732 1019 726
26 31 26
971 973 966
504 505 498
58 72 58
18 48 18
714 818 714
14 686 14
46 302 46
632 774 626
246 925 246
56 758 50
195 669 190
27 29 22
936 937 930
38 217 38
703 859 698
286 805 286
801 841 794
298 756 298
302 997 302
729 855 722
434 988 434
146 369 146
6 37 6
89 618 82
695 767 690
74 138 74
434 616 434
281 732 274
622 829 622
476 477 470
439 983 434
989 1016 982
122 687 122
843 1016 838
816 925 810
154 894 154
223 224 218
737 802 730
819 821 814
426 509 426
904 966 898
664 759 658
975 977 970
14 27 14
853 958 846
102 361 102
54 946 54
6 21 6
227 228 222
247 516 242
403 404 398
6 334 6
39 746 34
198 995 198
38 431 38
678 693 678
111 223 106
40 41 34
26 452 26
712 713 706
761 980 754
823 824 818
368 799 362
738 962 738
107 109 102
151 215 146
57 729 50
705 888 698
67 916 62
935 936 930
400 401 394
735 776 730
633 745 626
744 968 738
452 770 446
972 1010 966
94 643 94
130 249 130
68 913 62
473 534 466
150 385 150
105 508 98
527 528 522
993 1014 986
398 720 398
757 951 750
218 631 218
584 585 578
109 981 102
212 566 206
677 989 670
867 869 862
728 729 722
452 453 446
1 19 1
75 774 70
53 820 46
99 832 94
48 950 42
558 946 558
20 987 14
554 755 554
83 178 78
214 496 214
30 280 30
911 912 906
166 348 166
544 635 538
831 832 826
740 762 734
204 263 198
35 759 30
51 52 46
871 892 866
202 487 202
34 841 34
565 1021 558
264 387 258
997 1020 990
315 317 310
399 401 394
366 416 366
391 590 386
804 823 798
530 934 530
788 817 782
333 363 326
813 1023 806
708 713 702
34 339 34
628 665 622
168 670 162
58 452 58
226 263 226
9 956 2
992 1016 986
896 897 890
436 437 430
410 526 410
112 673 106
764 980 758
109 399 102
18 22 18
46 79 46
515 517 510
494 609 494
609 871 602
298 888 298
246 630 246
378 577 378
137 736 130
306 788 306
595 748 590
366 714 366
560 998 554
604 863 598
973 981 966
636 637 630
922 1002 922
753 828 746
425 516 418
395 799 390
672 679 666
461 818 454
252 253 246
248 859 242
109 574 102
205 594 198
13 318 6
206 460 206
136 742 130
35 467 30
877 947 870
217 689 210
111 113 106
101 984 94
368 721 362
694 774 694
690 732 690
79 450 74
110 176 110
432 669 426
884 925 878
784 875 778
26 351 26
273 1010 266
1 79 1
426 722 426
422 764 422
327 471 322
192 571 186
775 927 770
3 4 1
768 895 762
181 725 174
618 817 618
288 679 282
79 80 74
237 495 230
334 552 334
438 524 438
267 977 262
8 813 2
66 522 66
195 196 190
60 188 54
348 349 342
391 393 386
775 777 770
70 749 70
34 315 34
593 649 586
172 399 166
175 177 170
92 137 86
764 865 758
578 947 578
15 907 10
45 960 38
411 413 406
888 889 882
346 474 346
725 984 718
261 615 254
16 17 10
23 25 18
305 905 298
543 675 538
323 324 318
62 935 62
623 730 618
220 418 214
860 861 854
445 953 438
142 320 142
852 942 846
501 617 494
222 252 222
282 666 282
109 236 102
544 545 538
568 956 562
704 705 698
19 780 14
988 989 982
959 976 954
66 1008 66
73 336 66
511 675 506
694 770 694
959 960 954
34 562 34
110 730 110
78 139 78
349 374 342
420 992 414
399 455 394
525 733 518
612 613 606
628 1005 622
341 725 334
612 655 606
14 737 14
751 753 746
126 178 126
510 738 510
637 786 630
267 269 262
508 693 502
635 706 630
194 565 194
306 692 306
64 203 58
84 659 78
964 965 958
106 469 106
10 373 10
316 317 310
249 666 242
427 777 422
410 427 410
242 270 242
55 56 50
527 529 522
662 792 662
74 142 74
159 628 154
126 312 126
312 313 306
162 171 162
337 963 330
812 1007 806
438 717 438
531 532 526
290 554 290
944 1007 938
374 832 374
172 831 166
62 132 62
216 931 210
178 416 178
387 671 382
957 1015 950
54 61 54
26 430 26
935 937 930
550 936 550
393 652 386
1 272 1
5 115 1
304 311 298
253 659 246
563 583 558
471 960 466
138 830 138
474 523 474
218 508 218
66 98 66
530 690 530
266 843 266
14 36 14
2 711 2
969 986 962
198 568 198
534 647 534
142 261 142
24 568 18
313 492 306
44 693 38
539 540 534
15 539 10
407 408 402
149 426 142
234 267 234
859 860 854
648 951 642
656 823 650
451 660 446
767 1011 762
39 40 34
152 831 146
836 890 830
103 454 98
519 979 514
353 810 346
239 240 234
340 341 334
167 169 162
149 355 142
78 163 78
179 798 174
250 362 250
358 451 358
143 145 138
989 995 982
486 523 486
563 888 558
18 728 18
902 1010 902
223 859 218
904 925 898
929 988 922
230 641 230
338 470 338
586 625 586
358 464 358
603 605 598
137 305 130
636 946 630
581 962 574
277 372 270
899 977 894
138 327 138
114 391 114
331 332 326
428 792 422
253 573 246
286 310 286
2 126 2
844 976 838
511 512 506
33 47 26
186 451 186
366 952 366
42 743 42
490 846 490
879 1019 874
622 654 622
889 922 882
171 172 166
743 745 738
363 365 358
318 690 318
604 875 598
14 763 14
89 151 82
196 836 190
118 126 118
222 620 222
524 622 518
130 321 130
207 208 202
375 767 370
134 590 134
572 789 566
462 552 462
798 837 798
86 572 86
302 691 302
837 968 830
742 863 742
41 507 34
434 945 434
965 1018 958
254 1023 254
175 176 170
455 456 450
801 984 794
783 897 778
774 924 774
486 664 486
512 724 506
605 721 598
42 79 42
450 723 450
952 1013 946
230 659 230
427 522 422
32 360 26
615 728 610
132 487 126
68 69 62
852 853 846
900 1024 894
543 545 538
308 711 302
331 1021 326
617 855 610
859 1001 854
354 555 354
212 767 206
769 848 762
129 263 122
588 915 582
911 913 906
30 41 30
1007 1023 1002
1009 1023 1002
114 131 114
445 891 438
109 664 102
162 200 162
68 722 62
757 860 750
90 230 90
158 721 158
34 290 34
400 916 394
317 1003 310
90 462 90
696 697 690
348 927 342
20 577 14
643 645 638
438 712 438
26 183 26
855 991 850
715 716 710
412 413 406
932 976 926
811 872 806
54 960 54
621 923 614
218 864 218
119 138 114
85 202 78
301 528 294
18 31 18
438 970 438
266 552 266
14 84 14
211 212 206
289 363 282
105 908 98
218 733 218
462 783 462
154 956 154
202 277 202
38 138 38
325 938 318
373 610 366
190 847 190
472 757 466
461 577 454
122 932 122
277 565 270
992 1007 986
222 255 222
50 85 50
370 971 370
444 705 438
366 562 366
86 257 86
111 642 106
218 426 218
644 957 638
55 934 50
185 961 178
324 550 318
252 313 246
524 697 518
264 288 258
686 818 686
296 452 290
383 732 378
399 906 394
844 1003 838
840 876 834
928 1005 922
147 854 142
162 247 162
194 306 194
595 996 590
54 614 54
451 453 446
18 81 18
267 268 262
58 441 58
908 972 902
418 823 418
718 723 718
726 842 726
30 37 30
767 994 762
595 822 590
29 51 22
271 272 266
122 896 122
94 500 94
691 878 686
824 825 818
220 221 214
583 725 578
695 1006 690
508 798 502
669 926 662
250 782 250
234 344 234
54 709 54
299 986 294
254 342 254
154 308 154
315 417 310
122 432 122
87 88 82
175 678 170
659 661 654
120 628 114
463 550 458
198 488 198
563 565 558
54 148 54
14 779 14
410 505 410
458 974 458
484 804 478
684 859 678
639 666 634
995 996 990
751 897 746
303 649 298
338 369 338
301 526 294
502 1014 502
374 519 374
474 859 474
146 881 146
202 479 202
366 754 366
248 849 242
144 228 138
44 45 38
987 988 982
382 991 382
426 523 426
639 877 634
442 633 442
2 312 2
819 914 814
321 734 314
111 112 106
926 956 926
22 27 22
42 67 42
426 508 426
23 591 18
122 366 122
3 105 1
384 385 378
204 424 198
579 581 574
613 889 606
138 319 138
971 1024 966
580 981 574
178 253 178
123 124 118
609 844 602
473 851 466
110 324 110
12 426 6
99 288 94
381 782 374
292 399 286
486 906 486
558 664 558
446 468 446
390 967 390
191 192 186
178 635 178
560 971 554
368 578 362
883 884 878
274 570 274
7 716 2
955 999 950
413 848 406
576 785 570
873 970 866
170 346 170
10 21 10
338 713 338
802 944 802
124 253 118
430 544 430
149 261 142
728 910 722
34 756 34
348 559 342
441 948 434
440 990 434
688 689 682
263 264 258
341 689 334
528 731 522
949 963 942
161 496 154
125 443 118
1009 1011 1002
116 218 110
114 849 114
109 553 102
260 261 254
567 568 562
335 637 330
430 726 430
631 888 626
91 147 86
56 74 50
114 621 114
528 1008 522
380 489 374
535 536 530
655 656 650
27 644 22
390 402 390
461 756 454
655 657 650
487 666 482
69 852 62
27 28 22
141 276 134
378 754 378
942 960 942
731 733 726
334 705 334
692 963 686
216 565 210
488 734 482
748 918 742
939 969 934
119 491 114
831 854 826
707 795 702
213 1011 206
1011 1012 1006
268 953 262
10 1007 10
887 889 882
451 884 446
298 587 298
98 271 98
636 922 630
855 857 850
735 945 730
158 753 158
18 599 18
324 571 318
410 483 410
51 529 46
290 692 290
402 848 402
673 858 666
651 653 646
226 551 226
655 931 650
863 864 858
193 807 186
145 275 138
14 408 14
149 637 142
22 43 22
667 733 662
246 286 246
106 172 106
471 803 466
524 836 518
244 871 238
278 950 278
171 444 166
106 162 106
524 525 518
295 1012 290
400 527 394
262 342 262
434 579 434
779 782 774
812 991 806
30 328 30
263 612 258
199 249 194
430 504 430
213 586 206
491 492 486
138 196 138
157 779 150
287 288 282
563 829 558
254 819 254
2 25 2
931 933 926
517 714 510
551 925 546
604 944 598
591 846 586
511 843 506
904 933 898
14 23 14
33 301 26
635 637 630
119 120 114
856 857 850
292 995 286
30 55 30
299 301 294
150 190 150
224 242 218
92 216 86
160 536 154
193 673 186
378 879 378
275 277 270
438 559 438
90 242 90
672 673 666
16 53 10
404 405 398
763 765 758
1003 1005 998
58 578 58
32 577 26
829 898 822
330 767 330
933 1024 926
222 387 222
872 873 866
600 601 594
948 949 942
583 585 578
323 325 318
517 996 510
78 603 78
6 20 6
75 596 70
844 919 838
22 315 22
344 662 338
18 423 18
67 198 62
29 893 22
767 769 762
242 307 242
564 990 558
773 782 766
542 1017 542
867 894 862
14 91 14
581 776 574
663 755 658
222 306 222
86 189 86
479 480 474
6 720 6
418 596 418
374 939 374
74 410 74
786 913 786
420 665 414
423 837 418
779 781 774
183 495 178
184 508 178
71 530 66
377 952 370
443 737 438
30 347 30
139 444 134
382 586 382
166 306 166
381 739 374
507 509 502
8 430 2
762 840 762
369 617 362
300 741 294
62 712 62
315 316 310
354 373 354
137 932 130
54 975 54
736 974 730
565 972 558
512 744 506
77 788 70
403 865 398
351 352 346
887 984 882
420 835 414
68 365 62
828 922 822
1 155 1
533 762 526
131 348 126
857 928 850
616 617 610
557 722 550
20 743 14
448 661 442
448 516 442
444 445 438
335 396 330
459 806 454
35 705 30
734 866 734
66 258 66
799 801 794
811 813 806
222 239 222
473 965 466
423 424 418
974 983 974
98 168 98
350 405 350
648 649 642
42 120 42
41 72 34
424 685 418
427 869 422
311 313 306
843 970 838
47 841 42
182 1011 182
190 268 190
73 133 66
415 417 410
919 921 914
27 414 22
2 288 2
973 1006 966
28 29 22
98 786 98
207 209 202
61 851 54
959 961 954
669 925 662
645 690 638
691 733 686
210 449 210
583 584 578
444 992 438
550 954 550
818 942 818
534 779 534
68 876 62
741 786 734
190 585 190
478 706 478
506 677 506
707 758 702
198 216 198
10 345 10
22 128 22
871 873 866
887 975 882
423 847 418
197 802 190
394 723 394
163 252 158
487 671 482
166 826 166
49 169 42
851 853 846
482 587 482
661 801 654
317 947 310
368 448 362
60 61 54
122 781 122
299 348 294
140 194 134
462 529 462
142 803 142
835 837 830
27 207 22
378 471 378
334 877 334
266 377 266
1 59 1
14 224 14
178 212 178
452 518 446
663 891 658
334 742 334
991 992 986
271 273 266
1019 1023 1014
6 65 6
503 505 498
214 400 214
472 762 466
2 14 2
530 572 530
197 841 190
610 992 610
119 121 114
342 612 342
210 446 210
916 962 910
70 142 70
186 429 186
434 828 434
29 241 22
450 897 450
201 908 194
105 713 98
118 129 118
366 438 366
30 71 30
213 702 206
1012 1023 1006
389 432 382
158 449 158
151 887 146
34 323 34
149 401 142
10 311 10
302 949 302
590 763 590
426 849 426
58 63 58
315 385 310
274 875 274
833 941 826
595 596 590
390 454 390
75 126 70
442 1017 442
200 533 194
868 980 862
581 659 574
18 55 18
627 781 622
414 783 414
308 309 302
1021 1024 1014
440 837 434
733 812 726
1 5 1
43 819 38
269 965 262
331 431 326
720 906 714
47 177 42
7 8 2
442 881 442
795 883 790
149 1023 142
246 353 246
911 979 906
27 542 22
640 829 634
342 565 342
190 813 190
238 373 238
122 590 122
616 786 610
787 791 782
152 485 146
148 495 142
1017 1018 1010
19 710 14
94 730 94
37 196 30
539 541 534
379 381 374
382 878 382
738 755 738
755 787 750
751 949 746
466 754 466
487 507 482
625 870 618
270 410 270
29 749 22
514 955 514
374 550 374
917 1010 910
6 24 6
440 441 434
84 985 78
659 691 654
702 1001 702
222 531 222
462 928 462
356 991 350
616 637 610
152 606 146
226 362 226
34 502 34
113 881 106
70 367 70
219 611 214
234 934 234
947 948 942
169 698 162
330 878 330
465 625 458
629 770 622
495 1011 490
449 646 442
141 150 134
250 271 250
300 1014 294
117 768 110
379 380 374
123 897 118
210 283 210
326 904 326
162 418 162
571 937 566
735 737 730
508 802 502
639 640 634
932 999 926
368 570 362
586 836 586
787 863 782
490 968 490
231 555 226
911 968 906
57 620 50
101 532 94
140 574 134
686 735 686
34 69 34
31 32 26
483 484 478
55 478 50
88 89 82
235 557 230
422 590 422
154 320 154
901 946 894
987 1023 982
1004 1010 998
394 568 394
770 903 770
764 902 758
138 193 138
835 836 830
75 519 70
67 237 62
95 96 90
222 276 222
271 538 266
465 931 458
618 766 618
839 979 834
410 530 410
259 746 254
453 481 446
179 231 174
744 827 738
610 801 610
581 908 574
502 878 502
118 142 118
380 381 374
447 449 442
443 817 438
1 264 1
739 741 734
596 637 590
540 584 534
787 834 782
879 880 874
88 855 82
563 838 558
483 485 478
676 677 670
2 202 2
612 955 606
180 181 174
558 693 558
742 824 742
129 584 122
853 978 846
414 778 414
837 923 830
599 600 594
444 467 438
314 449 314
142 723 142
234 300 234
138 652 138
158 253 158
500 734 494
727 836 722
686 849 686
784 785 778
90 442 90
447 563 442
178 206 178
42 618 42
415 516 410
568 978 562
674 691 674
78 122 78
631 689 626
491 649 486
50 222 50
956 969 950
487 489 482
333 793 326
288 518 282
800 801 794
443 948 438
711 852 706
1000 1001 994
180 377 174
468 469 462
341 705 334
518 984 518
222 380 222
290 356 290
335 337 330
644 973 638
370 519 370
927 1005 922
98 895 98
484 572 478
223 686 218
110 660 110
848 973 842
368 641 362
509 789 502
74 179 74
861 929 854
867 868 862
570 678 570
815 816 810
311 702 306
936 950 930
358 969 358
643 1001 638
78 343 78
590 782 590
361 715 354
909 987 902
442 598 442
547 661 542
225 231 218
445 525 438
24 110 18
940 1006 934
495 503 490
936 941 930
657 691 650
670 1023 670
590 752 590
226 740 226
154 239 154
772 773 766
850 904 850
734 758 734
511 829 506
208 718 202
332 888 326
250 310 250
110 661 110
916 917 910
92 1019 86
352 572 346
199 200 194
238 654 238
766 837 766
146 251 146
749 940 742
253 853 246
727 993 722
967 988 962
650 756 650
5 457 1
174 311 174
6 960 6
134 810 134
509 591 502
904 1002 898
86 266 86
518 658 518
46 189 46
204 657 198
302 671 302
18 276 18
205 742 198
260 812 254
432 1015 426
343 344 338
538 725 538
1007 1020 1002
64 263 58
247 998 242
776 777 770
62 930 62
755 757 750
209 586 202
702 795 702
75 76 70
474 992 474
305 772 298
179 305 174
832 920 826
70 172 70
244 472 238
648 744 642
422 997 422
139 822 134
589 844 582
226 368 226
879 881 874
734 789 734
266 598 266
22 34 22
140 656 134
435 828 430
26 243 26
134 367 134
536 804 530
120 121 114
322 841 322
517 569 510
556 864 550
379 433 374
593 651 586
798 975 798
6 25 6
313 397 306
463 464 458
230 323 230
356 873 350
409 610 402
730 907 730
126 974 126
408 967 402
54 918 54
278 284 278
230 656 230
349 780 342
917 1016 910
233 560 226
73 294 66
582 906 582
194 348 194
359 361 354
423 425 418
201 901 194
294 416 294
165 493 158
666 780 666
556 871 550
192 896 186
204 338 198
164 836 158
187 279 182
166 862 166
843 894 838
194 504 194
85 136 78
973 1018 966
407 551 402
675 822 670
703 705 698
30 50 30
6 372 6
102 132 102
502 526 502
197 619 190
925 1004 918
294 720 294
221 940 214
471 473 466
106 111 106
499 520 494
674 776 674
607 638 602
409 881 402
478 527 478
653 934 646
297 512 290
839 863 834
823 825 818
623 624 618
54 105 54
829 939 822
253 498 246
1 838 1
444 456 438
760 881 754
435 658 430
455 903 450
16 277 10
889 906 882
3 5 1
289 773 282
14 166 14
32 33 26
66 183 66
996 1001 990
65 917 58
8 268 2
482 873 482
657 697 650
56 560 50
150 533 150
558 603 558
34 689 34
864 865 858
650 703 650
158 402 158
187 682 182
58 173 58
457 528 450
472 473 466
754 912 754
30 284 30
14 432 14
254 500 254
6 119 6
247 248 242
321 490 314
131 132 126
54 888 54
87 392 82
964 1003 958
43 699 38
89 453 82
378 704 378
833 874 826
780 894 774
10 141 10
90 353 90
799 800 794
611 868 606
288 855 282
553 838 546
398 418 398
255 993 250
1 661 1
626 635 626
311 344 306
86 409 86
344 845 338
16 298 10
142 421 142
142 167 142
792 949 786
34 671 34
68 948 62
147 880 142
114 726 114
574 579 574
873 901 866
109 211 102
542 746 542
53 381 46
789 991 782
186 1004 186
337 954 330
927 929 922
251 780 246
895 896 890
138 576 138
648 698 642
236 943 230
251 293 246
979 980 974
134 638 134
70 636 70
234 338 234
831 833 826
767 817 762
375 460 370
464 465 458
44 538 38
617 1010 610
168 466 162
282 614 282
665 837 658
120 538 114
700 842 694
74 90 74
341 474 334
447 624 442
810 914 810
146 384 146
162 822 162
409 574 402
8 437 2
552 838 546
644 776 638
138 247 138
521 681 514
171 1010 166
1013 1021 1006
335 646 330
236 243 230
291 293 286
273 902 266
303 305 298
975 995 970
413 595 406
71 704 66
577 806 570
356 1014 350
96 320 90
331 380 326
151 499 146
382 549 382
357 404 350
896 923 890
36 539 30
43 45 38
390 895 390
387 590 382
152 153 146
92 796 86
548 991 542
366 620 366
316 634 310
891 906 886
26 635 26
802 837 802
288 788 282
439 948 434
454 488 454
299 300 294
812 813 806
24 25 18
980 981 974
269 557 262
693 910 686
638 784 638
815 817 810
855 856 850
86 674 86
295 402 290
78 92 78
254 456 254
922 930 922
859 994 854
372 598 366
54 113 54
361 796 354
46 419 46
164 198 158
904 915 898
381 386 374
215 347 210
811 812 806
142 646 142
50 55 50
281 435 274
888 924 882
30 261 30
154 463 154
262 366 262
25 852 18
91 686 86
940 998 934
399 400 394
832 988 826
498 504 498
369 853 362
187 931 182
415 416 410
364 781 358
83 324 78
563 737 558
593 722 586
356 357 350
102 458 102
60 843 54
719 721 714
907 1009 902
151 152 146
142 877 142
46 289 46
527 997 522
618 888 618
212 266 206
306 766 306
967 969 962
932 1003 926
465 870 458
735 736 730
51 908 46
141 934 134
240 420 234
306 968 306
82 858 82
202 368 202
310 583 310
646 806 646
915 917 910
58 811 58
691 832 686
289 818 282
350 730 350
263 265 258
983 1000 978
940 957 934
360 361 354
282 463 282
445 981 438
169 844 162
30 165 30
382 835 382
194 334 194
114 372 114
182 986 182
478 768 478
298 560 298
960 1016 954
333 407 326
258 924 258
374 779 374
1 615 1
112 1010 106
1 23 1
458 838 458
550 574 550
324 956 318
559 618 554
717 884 710
164 842 158
195 197 190
436 625 430
477 626 470
160 161 154
490 864 490
324 508 318
283 867 278
355 750 350
319 816 314
162 927 162
24 323 18
14 25 14
679 891 674
391 392 386
1001 1002 994
876 903 870
148 745 142
494 892 494
358 887 358
93 220 86
496 497 490
87 89 82
651 652 646
399 601 394
626 912 626
146 286 146
178 956 178
629 745 622
96 1012 90
38 458 38
86 392 86
306 651 306
7 891 2
74 190 74
567 709 562
652 935 646
123 125 118
919 920 914
406 671 406
247 249 242
114 613 114
441 1023 434
119 602 114
663 907 658
124 125 118
121 893 114
105 564 98
181 461 174
861 959 854
791 793 786
571 853 566
207 295 202
66 153 66
488 867 482
14 29 14
746 765 746
259 261 254
501 720 494
420 578 414
711 1017 706
214 547 214
126 169 126
979 981 974
282 562 282
367 861 362
959 1011 954
821 848 814
343 345 338
214 415 214
94 210 94
173 635 166
99 337 94
6 133 6
666 844 666
391 784 386
976 1010 970
358 455 358
18 37 18
70 919 70
727 799 722
735 861 730
294 800 294
230 1017 230
121 400 114
30 501 30
859 945 854
461 1013 454
281 545 274
412 481 406
247 344 242
71 245 66
10 313 10
334 622 334
594 853 594
88 250 82
355 858 350
539 606 534
705 713 698
611 995 606
477 955 470
275 692 270
392 482 386
291 496 286
12 748 6
11 708 6
22 343 22
515 516 510
960 984 954
754 924 754
607 608 602
948 1006 942
835 846 830
309 675 302
2 43 2
337 988 330
54 873 54
584 967 578
554 657 554
173 953 166
756 757 750
517 858 510
440 679 434
90 677 90
566 932 566
474 646 474
138 166 138
68 744 62
921 939 914
106 695 106
41 648 34
232 513 226
936 1000 930
148 149 142
112 414 106
620 846 614
128 179 122
431 433 426
498 509 498
555 742 550
221 650 214
66 87 66
86 169 86
49 850 42
835 875 830
176 639 170
192 991 186
38 253 38
332 756 326
93 624 86
282 680 282
454 513 454
320 884 314
236 614 230
267 378 262
186 465 186
1004 1015 998
113 762 106
189 243 182
367 557 362
623 711 618
876 985 870
102 753 102
64 661 58
733 941 726
469 1008 462
405 803 398
590 638 590
77 112 70
50 355 50
1 808 1
106 754 106
71 713 66
562 623 562
637 855 630
57 927 50
259 260 254
371 735 366
89 152 82
38 248 38
310 953 310
739 938 734
468 838 462
261 446 254
531 533 526
936 1010 930
134 180 134
290 552 290
26 91 26
455 928 450
94 151 94
58 121 58
259 805 254
58 184 58
430 616 430
74 994 74
190 237 190
429 647 422
772 983 766
146 908 146
458 809 458
226 579 226
286 685 286
352 415 346
153 500 146
679 980 674
673 969 666
78 823 78
194 820 194
984 990 978
310 320 310
839 883 834
278 929 278
888 967 882
25 935 18
290 621 290
193 235 186
331 789 326
62 549 62
140 141 134
201 301 194
153 580 146
414 777 414
790 986 790
458 761 458
95 928 90
270 313 270
752 963 746
673 998 666
26 431 26
118 594 118
159 664 154
654 955 654
704 949 698
820 821 814
42 151 42
574 848 574
240 1012 234
103 104 98
220 759 214
703 917 698
951 958 946
183 185 178
163 788 158
74 89 74
777 898 770
483 545 478
788 789 782
756 865 750
78 592 78
50 288 50
118 209 118
501 642 494
614 905 614
18 473 18
748 749 742
803 805 798
169 816 162
8 639 2
605 630 598
843 844 838
110 139 110
255 577 250
663 664 658
441 781 434
469 785 462
326 558 326
88 906 82
302 320 302
280 281 274
671 673 666
63 366 58
230 251 230
367 630 362
822 1021 822
294 307 294
699 887 694
395 1001 390
526 641 526
166 355 166
461 944 454
30 662 30
7 427 2
262 302 262
124 923 118
495 504 490
714 1017 714
282 387 282
419 650 414
345 819 338
278 397 278
318 679 318
226 990 226
500 501 494
258 514 258
162 175 162
555 931 550
342 795 342
62 762 62
452 670 446
94 795 94
144 590 138
620 835 614
887 921 882
849 1005 842
862 945 862
554 562 554
425 546 418
727 898 722
54 117 54
278 598 278
855 1017 850
523 943 518
514 560 514
976 1013 970
238 862 238
439 440 434
413 539 406
159 637 154
397 703 390
831 886 826
760 837 754
521 578 514
323 524 318
562 822 562
46 104 46
747 748 742
609 732 602
518 644 518
304 714 298
586 779 586
82 292 82
543 1019 538
282 345 282
856 1010 850
563 850 558
226 365 226
887 962 882
294 1009 294
50 873 50
889 1000 882
275 440 270
763 764 758
2 24 2
429 717 422
450 803 450
724 725 718
652 953 646
330 958 330
739 934 734
223 745 218
278 442 278
47 196 42
606 976 606
951 953 946
537 720 530
218 302 218
114 166 114
98 1008 98
441 636 434
519 521 514
446 686 446
37 393 30
534 1011 534
58 666 58
852 887 846
170 243 170
208 807 202
121 966 114
836 884 830
660 661 654
180 686 174
305 549 298
96 97 90
535 854 530
194 564 194
609 768 602
33 124 26
322 949 322
742 1002 742
839 840 834
625 785 618
255 644 250
446 834 446
173 800 166
916 958 910
490 935 490
254 722 254
313 897 306
415 488 410
166 217 166
199 299 194
963 964 958
7 967 2
859 861 854
782 914 782
405 617 398
591 770 586
1004 1016 998
567 933 562
164 412 158
821 837 814
58 214 58
46 288 46
164 165 158
1 797 1
100 101 94
664 665 658
455 700 450
249 453 242
256 597 250
230 282 230
147 705 142
66 330 66
265 366 258
358 649 358
167 618 162
152 947 146
474 727 474
47 936 42
2 314 2
478 628 478
983 992 978
688 821 682
228 665 222
384 652 378
11 12 6
881 897 874
401 508 394
639 1006 634
15 365 10
209 946 202
920 953 914
527 614 522
582 804 582
72 493 66
38 543 38
292 999 286
18 489 18
665 814 658
508 526 502
101 775 94
546 597 546
238 515 238
126 362 126
252 379 246
274 750 274
121 756 114
103 161 98
638 697 638
233 742 226
599 676 594
186 371 186
636 831 630
6 210 6
202 958 202
408 911 402
30 185 30
620 1005 614
422 688 422
807 808 802
756 1021 750
50 71 50
430 756 430
1 319 1
612 745 606
47 981 42
308 956 302
123 715 118
135 434 130
841 1019 834
971 1012 966
310 480 310
314 664 314
571 849 566
959 968 954
562 813 562
187 546 182
113 385 106
293 554 286
80 952 74
2 800 2
594 643 594
90 252 90
221 658 214
495 940 490
345 902 338
189 592 182
230 846 230
20 701 14
350 718 350
325 890 318
666 971 666
502 808 502
86 528 86
66 703 66
95 912 90
578 769 578
280 353 274
153 636 146
94 968 94
816 943 810
225 277 218
390 486 390
727 944 722
679 783 674
48 656 42
279 346 274
430 993 430
854 979 854
733 814 726
915 951 910
186 827 186
814 886 814
98 130 98
142 592 142
883 988 878
531 764 526
891 892 886
281 852 274
389 1002 382
446 698 446
2 408 2
18 796 18
218 788 218
236 1024 230
486 914 486
58 196 58
85 273 78
531 751 526
743 756 738
407 928 402
186 312 186
366 868 366
88 903 82
210 371 210
272 485 266
327 745 322
642 803 642
286 810 286
684 689 678
969 1003 962
818 1009 818
608 609 602
358 642 358
487 602 482
59 690 54
47 49 42
840 841 834
544 991 538
122 480 122
74 273 74
386 670 386
6 348 6
622 639 622
303 562 298
547 548 542
320 944 314
109 897 102
322 898 322
756 963 750
213 590 206
299 621 294
914 931 914
42 119 42
616 953 610
13 753 6
219 290 214
345 775 338
427 647 422
574 980 574
74 322 74
202 398 202
134 493 134
1 71 1
510 519 510
857 972 850
290 323 290
412 592 406
42 974 42
182 766 182
500 596 494
904 931 898
175 331 170
835 856 830
534 977 534
38 563 38
69 835 62
583 704 578
594 610 594
116 158 110
440 788 434
377 742 370
77 866 70
296 297 290
215 216 210
196 522 190
402 476 402
833 1008 826
50 114 50
265 301 258
635 680 630
250 377 250
18 535 18
437 477 430
395 397 390
225 813 218
460 576 454
691 693 686
178 401 178
298 371 298
18 720 18
57 431 50
753 968 746
40 947 34
185 582 178
591 859 586
805 899 798
1012 1013 1006
462 937 462
484 526 478
147 782 142
94 301 94
258 290 258
299 892 294
217 335 210
678 737 678
337 423 330
64 131 58
662 682 662
522 931 522
606 649 606
645 826 638
166 654 166
95 255 90
282 872 282
213 400 206
104 527 98
218 239 218
923 951 918
10 70 10
14 53 14
844 869 838
743 847 738
38 323 38
392 821 386
433 788 426
698 722 698
110 449 110
350 433 350
61 93 54
62 666 62
743 744 738
258 528 258
8 408 2
502 726 502
309 754 302
767 958 762
939 940 934
510 905 510
217 622 210
544 850 538
6 916 6
102 167 102
14 495 14
20 374 14
335 521 330
556 865 550
526 652 526
342 590 342
638 644 638
429 850 422
575 882 570
742 858 742
58 252 58
138 1006 138
449 888 442
60 872 54
405 657 398
375 377 370
50 979 50
349 973 342
558 865 558
83 900 78
534 547 534
342 361 342
455 457 450
146 454 146
910 999 910
9 158 2
472 687 466
595 984 590
544 599 538
379 626 374
102 863 102
837 932 830
1 605 1
615 978 610
210 655 210
640 725 634
76 77 70
22 152 22
233 433 226
771 830 766
734 1018 734
192 943 186
386 475 386
206 492 206
757 1015 750
98 679 98
615 618 610
353 451 346
261 329 254
439 457 434
777 807 770
2 17 2
752 863 746
132 367 126
246 473 246
74 881 74
551 761 546
795 804 790
652 888 646
759 1016 754
623 764 618
270 588 270
743 854 738
675 676 670
438 654 438
696 878 690
479 1009 474
127 128 122
270 336 270
39 41 34
182 331 182
111 745 106
179 597 174
382 399 382
170 447 170
387 388 382
110 875 110
49 1021 42
811 996 806
235 237 230
262 532 262
712 946 706
237 973 230
211 266 206
751 1014 746
622 675 622
6 28 6
34 186 34
686 801 686
731 802 726
259 574 254
702 980 702
42 386 42
181 438 174
78 545 78
306 708 306
158 483 158
528 529 522
167 168 162
418 639 418
114 452 114
859 1019 854
259 596 254
343 1004 338
66 546 66
961 1005 954
422 640 422
150 161 150
432 433 426
812 1019 806
68 240 62
775 776 770
670 855 670
792 1013 786
513 669 506
64 65 58
20 471 14
1003 1018 998
888 998 882
730 936 730
480 481 474
985 1008 978
596 785 590
764 973 758
34 214 34
304 864 298
690 846 690
479 481 474
220 256 214
388 389 382
363 364 358
1 12 1
65 291 58
223 676 218
611 613 606
366 792 366
170 708 170
378 826 378
22 32 22
78 251 78
378 852 378
410 728 410
409 486 402
1 55 1
100 134 94
586 630 586
414 582 414
328 819 322
533 736 526
99 101 94
109 323 102
95 521 90
160 854 154
1 65 1
267 741 262
490 626 490
459 461 454
186 504 186
218 317 218
364 959 358
965 995 958
812 992 806
487 488 482
200 932 194
252 821 246
863 941 858
470 520 470
725 815 718
224 610 218
51 151 46
285 909 278
157 547 150
572 880 566
478 941 478
126 149 126
496 870 490
116 437 110
849 983 842
234 442 234
538 1013 538
698 794 698
354 582 354
687 829 682
514 698 514
272 590 266
105 980 98
671 672 666
598 728 598
837 988 830
495 496 490
454 621 454
976 979 970
363 760 358
106 675 106
458 699 458
36 296 30
151 744 146
570 650 570
489 603 482
903 904 898
250 338 250
366 576 366
485 607 478
171 261 166
205 461 198
865 1004 858
503 735 498
875 953 870
635 655 630
450 708 450
366 397 366
423 900 418
123 368 118
764 834 758
33 308 26
111 301 106
425 907 418
162 222 162
499 500 494
416 640 410
27 550 22
374 786 374
306 483 306
274 962 274
833 900 826
84 905 78
152 782 146
14 714 14
317 556 310
54 615 54
952 1005 946
343 390 338
278 394 278
195 940 190
484 797 478
756 813 750
310 830 310
148 724 142
274 654 274
729 929 722
65 551 58
127 572 122
262 285 262
971 1005 966
291 292 286
599 670 594
10 85 10
518 635 518
523 525 518
50 230 50
30 40 30
65 854 58
895 990 890
795 796 790
476 736 470
538 870 538
597 693 590
86 107 86
769 996 762
106 803 106
357 963 350
451 974 446
624 730 618
6 970 6
30 51 30
900 927 894
110 205 110
135 980 130
664 760 658
787 789 782
55 282 50
234 574 234
170 934 170
373 714 366
525 528 518
864 954 858
370 591 370
103 717 98
862 954 862
569 576 562
54 807 54
246 371 246
344 473 338
276 898 270
39 200 34
686 864 686
114 706 114
502 967 502
563 564 558
635 710 630
724 874 718
78 110 78
396 640 390
178 971 178
796 797 790
77 1009 70
704 759 698
347 349 342
250 390 250
178 451 178
266 479 266
71 73 66
312 456 306
170 220 170
287 525 282
777 843 770
242 583 242
180 743 174
337 506 330
212 992 206
270 540 270
451 991 446
443 870 438
1019 1020 1014
591 954 586
210 453 210
202 311 202
295 297 290
19 71 14
26 168 26
307 964 302
215 857 210
234 461 234
458 903 458
503 983 498
657 939 650
571 587 566
504 932 498
355 768 350
108 482 102
485 702 478
322 904 322
280 647 274
311 554 306
54 903 54
78 158 78
326 916 326
314 737 314
606 831 606
913 961 906
70 120 70
214 705 214
467 644 462
302 661 302
965 1003 958
465 963 458
400 697 394
904 1020 898
336 946 330
802 1000 802
515 695 510
362 698 362
466 1005 466
326 602 326
156 384 150
71 145 66
530 962 530
787 949 782
490 571 490
286 462 286
728 997 722
298 573 298
438 911 438
708 753 702
735 947 730
396 756 390
10 522 10
589 750 582
557 1019 550
413 629 406
128 500 122
336 930 330
678 702 678
482 809 482
868 966 862
401 595 394
948 1003 942
58 84 58
574 745 574
382 904 382
98 990 98
578 757 578
246 946 246
142 262 142
923 954 918
130 430 130
302 926 302
124 895 118
256 718 250
389 796 382
50 204 50
520 830 514
110 482 110
193 755 186
299 542 294
298 661 298
246 292 246
417 452 410
781 791 774
524 627 518
141 206 134
437 754 430
102 509 102
150 155 150
470 479 470
451 452 446
50 353 50
824 996 818
350 853 350
722 784 722
254 453 254
183 283 178
544 671 538
18 134 18
805 919 798
207 395 202
191 193 186
50 86 50
590 855 590
222 567 222
737 916 730
638 814 638
245 292 238
808 921 802
871 993 866
171 784 166
618 712 618
443 555 438
22 754 22
774 882 774
19 21 14
603 648 598
356 657 350
44 931 38
476 601 470
1003 1004 998
193 583 186
719 764 714
190 960 190
604 605 598
264 844 258
594 914 594
726 847 726
562 940 562
704 735 698
860 973 854
635 930 630
71 72 66
285 671 278
927 1019 922
732 814 726
699 700 694
423 927 418
350 501 350
845 846 838
273 980 266
94 315 94
70 403 70
760 761 754
61 1011 54
281 347 274
842 868 842
547 1005 542
1 21 1
411 416 406
1 15 1
38 677 38
20 21 14
514 705 514
367 655 362
78 317 78
129 512 122
218 650 218
828 829 822
360 530 354
484 485 478
298 973 298
366 669 366
36 385 30
395 549 390
920 980 914
163 220 158
70 201 70
611 822 606
339 731 334
523 524 518
14 863 14
711 713 706
406 429 406
393 654 386
150 293 150
449 752 442
70 94 70
608 804 602
579 580 574
787 788 782
430 605 430
290 304 290
617 767 610
226 234 226
481 954 474
98 531 98
933 1023 926
516 526 510
90 289 90
268 269 262
962 972 962
625 713 618
268 795 262
393 492 386
625 657 618
723 725 718
629 744 622
521 996 514
174 256 174
16 652 10
365 543 358
923 1023 918
23 646 18
527 845 522
358 402 358
570 990 570
370 558 370
30 114 30
764 957 758
2 756 2
588 589 582
1012 1020 1006
381 748 374
318 714 318
848 897 842
139 337 134
667 668 662
149 522 142
768 848 762
409 556 402
109 478 102
420 926 414
97 254 90
51 72 46
103 547 98
627 780 622
78 170 78
102 154 102
2 69 2
26 835 26
6 90 6
567 899 562
270 632 270
435 437 430
86 941 86
9 306 2
338 455 338
463 535 458
234 241 234
103 720 98
488 946 482
212 963 206
192 403 186
588 906 582
58 233 58
24 911 18
2 110 2
542 750 542
884 1016 878
51 134 46
852 956 846
132 831 126
109 859 102
550 634 550
476 967 470
324 744 318
190 467 190
828 848 822
385 481 378
133 456 126
447 998 442
510 604 510
168 745 162
889 956 882
86 664 86
150 826 150
792 863 786
475 688 470
161 901 154
592 955 586
9 225 2
955 1006 950
708 709 702
226 972 226
408 951 402
200 201 194
114 129 114
701 758 694
692 965 686
827 829 822
570 804 570
886 976 886
673 933 666
455 742 450
62 67 62
776 820 770
101 584 94
572 962 566
1019 1021 1014
353 419 346
824 965 818
604 804 598
505 715 498
475 477 470
354 499 354
494 994 494
518 529 518
404 511 398
240 886 234
314 851 314
956 957 950
88 719 82
383 517 378
266 687 266
596 962 590
220 226 214
385 883 378
106 310 106
303 786 298
54 834 54
54 144 54
955 956 950
30 157 30
441 552 434
224 675 218
232 450 226
562 577 562
582 892 582
940 942 934
359 360 354
857 1013 850
885 936 878
87 323 82
859 1007 854
532 639 526
99 734 94
640 845 634
684 755 678
659 967 654
218 423 218
338 516 338
28 314 22
642 813 642
923 991 918
386 418 386
367 533 362
937 963 930
679 994 674
42 341 42
122 619 122
58 146 58
768 769 762
219 221 214
74 269 74
543 702 538
306 433 306
795 1015 790
827 1020 822
947 984 942
346 731 346
378 576 378
68 754 62
482 898 482
783 785 778
778 790 778
777 858 770
534 755 534
744 759 738
478 757 478
102 258 102
386 688 386
624 775 618
983 985 978
295 442 290
264 352 258
305 946 298
98 945 98
346 410 346
770 872 770
158 213 158
757 835 750
153 459 146
6 36 6
198 342 198
246 595 246
390 825 390
225 629 218
125 983 118
390 889 390
673 961 666
328 567 322
18 40 18
750 1012 750
50 175 50
220 337 214
38 78 38
419 420 414
510 1008 510
298 683 298
698 741 698
235 973 230
776 929 770
674 912 674
562 962 562
484 560 478
298 791 298
134 643 134
150 393 150
290 492 290
134 471 134
722 781 722
192 836 186
270 781 270
283 335 278
505 740 498
960 1002 954
54 211 54
812 847 806
174 488 174
753 941 746
10 385 10
711 1008 706
149 998 142
51 630 46
510 731 510
147 934 142
773 940 766
438 950 438
799 963 794
26 179 26
160 933 154
26 39 26
907 908 902
757 928 750
47 440 42
969 996 962
1009 1024 1002
679 982 674
218 345 218
288 317 282
270 302 270
873 940 866
48 274 42
237 321 230
935 947 930
488 975 482
466 970 466
395 808 390
2 79 2
752 753 746
238 368 238
260 862 254
302 703 302
354 385 354
979 1018 974
495 1024 490
519 822 514
82 333 82
98 887 98
241 832 234
808 985 802
572 703 566
390 933 390
312 914 306
102 344 102
167 603 162
485 748 478
338 549 338
345 952 338
560 947 554
42 849 42
788 973 782
130 493 130
406 888 406
423 597 418
328 602 322
178 728 178
614 640 614
465 585 458
418 888 418
363 436 358
26 707 26
39 494 34
90 454 90
396 397 390
107 377 102
32 73 26
146 236 146
626 953 626
941 1021 934
371 521 366
116 363 110
365 729 358
93 1013 86
222 720 222
370 811 370
90 840 90
433 640 426
474 676 474
574 936 574
46 88 46
166 290 166
819 882 814
715 917 710
369 995 362
486 769 486
402 545 402
578 782 578
274 736 274
600 939 594
448 449 442
987 989 982
520 805 514
588 1013 582
222 461 222
971 972 966
419 832 414
49 935 42
128 839 122
74 229 74
621 1003 614
920 1013 914
615 815 610
363 372 358
138 791 138
103 890 98
110 247 110
642 945 642
351 847 346
692 693 686
289 516 282
466 608 466
89 93 82
222 698 222
286 596 286
274 504 274
113 494 106
301 709 294
167 1023 162
976 983 970
138 253 138
447 549 442
106 243 106
817 870 810
86 201 86
138 504 138
891 1019 886
435 634 430
152 307 146
743 855 738
214 464 214
575 576 570
833 901 826
102 151 102
666 838 666
629 632 622
10 577 10
495 497 490
261 675 254
836 837 830
142 935 142
4 865 1
110 218 110
487 765 482
1011 1014 1006
283 720 278
119 451 114
133 867 126
793 862 786
638 862 638
475 660 470
14 521 14
22 72 22
975 976 970
509 755 502
799 842 794
469 783 462
639 984 634
256 442 250
133 676 126
180 306 174
856 1020 850
503 680 498
368 369 362
49 1020 42
410 967 410
202 241 202
38 754 38
669 677 662
169 791 162
221 410 214
817 974 810
90 339 90
2 204 2
355 797 350
659 953 654
361 494 354
211 213 206
563 637 558
96 737 90
22 682 22
357 846 350
996 1007 990
616 979 610
228 994 222
2 8 2
42 327 42
117 970 110
57 973 50
157 918 150
396 430 390
637 662 630
214 978 214
512 524 506
106 615 106
2 108 2
90 928 90
362 537 362
90 346 90
154 267 154
83 603 78
488 688 482
42 115 42
276 769 270
425 736 418
122 273 122
216 458 210
29 416 22
354 896 354
151 986 146
329 1013 322
50 58 50
239 791 234
287 719 282
544 781 538
211 377 206
492 493 486
300 301 294
445 465 438
278 790 278
119 567 114
108 319 102
731 885 726
317 959 310
206 545 206
130 312 130
518 543 518
790 886 790
96 282 90
87 116 82
34 63 34
865 1015 858
454 590 454
859 864 854
75 799 70
62 117 62
732 955 726
227 746 222
237 439 230
996 1000 990
860 988 854
521 928 514
82 463 82
302 639 302
619 620 614
761 968 754
474 560 474
66 478 66
9 826 2
186 368 186
446 801 446
59 252 54
809 865 802
477 702 470
161 623 154
115 117 110
201 358 194
114 376 114
554 954 554
450 654 450
582 723 582
390 840 390
811 864 806
461 626 454
28 849 22
22 134 22
246 684 246
66 712 66
435 1001 430
256 869 250
538 771 538
269 718 262
172 173 166
78 145 78
91 935 86
286 354 286
502 714 502
536 581 530
228 306 222
409 864 402
102 605 102
827 1004 822
553 826 546
907 959 902
38 425 38
812 960 806
430 991 430
360 779 354
1015 1017 1010
330 658 330
114 253 114
256 943 250
881 930 874
318 763 318
247 992 242
372 518 366
155 233 150
592 881 586
226 429 226
134 635 134
252 775 246
546 685 546
349 999 342
405 592 398
470 546 470
66 110 66
271 566 266
210 745 210
517 811 510
623 686 618
101 135 94
355 585 350
206 533 206
424 963 418
21 167 14
449 715 442
183 804 178
383 385 378
721 927 714
205 850 198
54 382 54
796 903 790
38 65 38
30 330 30
205 509 198
889 1012 882
183 1018 178
17 268 10
138 323 138
784 841 778
665 982 658
658 814 658
9 466 2
715 854 710
354 376 354
214 839 214
50 136 50
86 229 86
120 702 114
282 688 282
456 568 450
473 749 466
184 185 178
242 562 242
773 824 766
246 348 246
42 323 42
621 713 614
568 569 562
520 707 514
252 387 246
407 1018 402
449 956 442
33 817 26
249 712 242
7 918 2
59 61 54
242 994 242
180 476 174
546 558 546
122 765 122
183 663 178
698 850 698
301 405 294
43 990 38
268 883 262
6 668 6
102 766 102
98 108 98
376 377 370
732 772 726
199 870 194
768 833 762
215 1024 210
272 990 266
752 896 746
112 138 106
10 355 10
181 595 174
770 818 770
184 845 178
138 371 138
490 548 490
817 867 810
334 984 334
952 1020 946
74 103 74
6 324 6
71 717 66
29 357 22
843 919 838
134 225 134
278 984 278
591 815 586
306 990 306
14 427 14
177 453 170
262 482 262
426 446 426
799 872 794
354 479 354
560 890 554
2 414 2
759 760 754
889 980 882
876 877 870
514 905 514
927 993 922
74 448 74
361 476 354
372 416 366
150 582 150
413 489 406
114 683 114
785 852 778
180 699 174
764 1012 758
147 711 142
434 735 434
763 1014 758
537 973 530
419 972 414
542 690 542
214 607 214
86 91 86
127 690 122
102 172 102
64 616 58
1 3 1
346 673 346
238 746 238
418 595 418
410 479 410
443 669 438
138 207 138
587 785 582
116 445 110
138 163 138
136 137 130
608 973 602
477 925 470
562 583 562
207 500 202
652 653 646
343 537 338
186 456 186
604 885 598
363 600 358
256 822 250
873 963 866
314 791 314
673 947 666
16 972 10
86 1010 86
641 874 634
166 285 166
10 29 10
321 939 314
949 1002 942
877 944 870
70 826 70
206 462 206
892 905 886
536 810 530
230 547 230
286 384 286
210 693 210
161 717 154
41 474 34
394 408 394
165 344 158
221 369 214
363 587 358
171 548 166
845 917 838
933 1001 926
81 290 74
391 848 386
160 287 154
454 668 454
33 330 26
764 774 758
354 419 354
971 1002 966
791 826 786
148 650 142
608 710 602
263 674 258
253 888 246
192 225 186
661 987 654
604 731 598
483 791 478
208 976 202
31 675 26
602 814 602
208 843 202
603 855 598
225 251 218
327 329 322
536 549 530
843 845 838
278 710 278
90 185 90
167 298 162
546 555 546
340 507 334
438 948 438
340 729 334
86 98 86
260 639 254
26 627 26
907 1015 902
64 372 58
36 605 30
318 510 318
98 976 98
62 933 62
681 942 674
12 499 6
590 740 590
310 544 310
94 106 94
1 97 1
142 757 142
121 429 114
288 942 282
485 894 478
292 919 286
879 924 874
531 839 526
706 1011 706
693 706 686
70 112 70
86 593 86
6 46 6
380 904 374
138 184 138
1004 1009 998
549 777 542
780 1012 774
22 103 22
185 431 178
795 797 790
489 544 482
159 946 154
245 456 238
1015 1016 1010
565 967 558
455 532 450
228 726 222
154 200 154
402 497 402
38 122 38
295 404 290
246 298 246
10 15 10
6 12 6
89 429 82
330 479 330
736 992 730
452 584 446
218 932 218
427 920 422
453 631 446
631 632 626
273 994 266
166 283 166
426 979 426
273 357 266
101 558 94
446 761 446
591 593 586
118 825 118
218 299 218
174 414 174
923 924 918
591 801 586
649 738 642
98 549 98
154 327 154
182 406 182
215 598 210
769 813 762
739 931 734
98 241 98
356 361 350
46 486 46
592 593 586
1005 1019 998
626 701 626
22 60 22
206 246 206
302 411 302
402 775 402
368 551 362
383 384 378
392 698 386
327 514 322
967 1016 962
158 371 158
716 795 710
276 963 270
599 868 594
342 783 342
724 830 718
249 673 242
564 904 558
467 600 462
82 654 82
106 166 106
541 570 534
106 421 106
276 909 270
516 1003 510
160 291 154
97 392 90
98 401 98
86 367 86
274 425 274
56 868 50
777 874 770
14 462 14
287 289 282
38 204 38
184 495 178
87 325 82
412 719 406
18 922 18
194 965 194
521 656 514
961 997 954
88 712 82
538 826 538
930 1004 930
523 886 518
26 289 26
438 984 438
719 765 714
760 980 754
174 195 174
710 837 710
138 374 138
757 900 750
597 989 590
255 256 250
895 1013 890
781 954 774
182 215 182
470 568 470
471 926 466
824 872 818
117 829 110
459 679 454
480 665 474
44 800 38
235 552 230
460 461 454
702 933 702
966 996 966
709 869 702
907 935 902
127 697 122
251 999 246
65 510 58
348 696 342
846 960 846
169 752 162
26 1014 26
597 779 590
753 796 746
550 595 550
559 561 554
231 765 226
266 286 266
66 103 66
342 488 342
98 586 98
100 715 94
434 810 434
178 966 178
18 70 18
531 556 526
210 438 210
626 753 626
7 764 2
680 681 674
65 791 58
605 800 598
245 797 238
599 807 594
282 658 282
230 721 230
203 491 198
345 373 338
470 703 470
48 49 42
621 800 614
737 933 730
30 240 30
511 825 506
247 844 242
168 216 162
10 837 10
215 1007 210
373 442 366
74 878 74
564 763 558
581 900 574
34 520 34
732 771 726
658 669 658
128 168 122
364 539 358
451 943 446
536 893 530
477 802 470
402 984 402
113 751 106
740 741 734
177 737 170
507 508 502
51 366 46
710 772 710
676 770 670
526 538 526
153 405 146
599 733 594
232 619 226
139 947 134
22 132 22
124 368 118
256 850 250
62 280 62
467 766 462
75 652 70
62 139 62
14 565 14
522 910 522
228 955 222
6 998 6
376 930 370
800 814 794
165 992 158
333 913 326
489 760 482
356 369 350
977 997 970
118 269 118
107 204 102
178 182 178
525 1000 518
792 965 786
871 1014 866
286 882 286
873 921 866
273 285 266
697 865 690
870 990 870
1016 1017 1010
208 872 202
52 96 46
909 932 902
486 601 486
70 776 70
114 528 114
887 888 882
1 31 1
38 427 38
742 952 742
828 955 822
33 667 26
380 778 374
412 617 406
152 542 146
770 855 770
107 843 102
38 51 38
449 759 442
318 1004 318
16 108 10
477 693 470
418 871 418
340 583 334
106 747 106
613 770 606
900 929 894
822 874 822
238 722 238
404 998 398
650 727 650
629 738 622
42 405 42
221 315 214
254 607 254
107 549 102
352 717 346
945 967 938
11 869 6
368 371 362
595 681 590
813 930 806
817 1009 810
50 92 50
218 514 218
794 870 794
804 1005 798
30 265 30
238 256 238
155 310 150
566 850 566
498 958 498
2 555 2
600 756 594
232 706 226
513 679 506
38 335 38
417 1015 410
417 438 410
401 428 394
329 623 322
407 495 402
799 992 794
38 52 38
217 847 210
833 912 826
531 575 526
299 867 294
195 962 190
590 673 590
174 239 174
2 533 2
664 790 658
664 786 658
134 797 134
2 20 2
395 1013 390
294 321 294
125 772 118
64 825 58
177 854 170
735 886 730
98 330 98
38 142 38
289 679 282
154 672 154
597 873 590
291 447 286
32 1018 26
748 825 742
868 904 862
182 565 182
667 811 662
449 799 442
158 276 158
34 115 34
190 443 190
148 854 142
74 894 74
152 183 146
30 59 30
243 656 238
632 851 626
406 513 406
198 369 198
174 186 174
181 644 174
272 273 266
462 747 462
640 641 634
59 319 54
483 915 478
20 735 14
441 534 434
443 713 438
609 1013 602
26 203 26
779 983 774
5 334 1
449 808 442
97 930 90
992 1002 986
69 882 62
352 612 346
444 763 438
341 990 334
171 387 166
194 258 194
114 867 114
1011 1016 1006
145 802 138
602 946 602
459 560 454
586 756 586
90 187 90
154 398 154
318 525 318
46 987 46
194 294 194
5 554 1
36 774 30
680 871 674
536 537 530
10 172 10
509 686 502
320 782 314
80 1023 74
274 446 274
668 716 662
146 391 146
528 618 522
56 679 50
565 614 558
396 502 390
724 745 718
2 564 2
499 549 494
458 547 458
234 496 234
1001 1004 994
71 371 66
128 901 122
62 108 62
116 156 110
57 698 50
352 710 346
234 352 234
42 600 42
181 824 174
736 810 730
478 764 478
11 112 6
259 313 254
919 1019 914
34 168 34
27 563 22
22 646 22
222 956 222
206 739 206
586 704 586
416 945 410
409 534 402
394 838 394
883 935 878
811 833 806
440 456 434
74 815 74
124 763 118
120 602 114
118 507 118
513 702 506
816 1017 810
619 621 614
102 679 102
780 924 774
464 510 458
89 605 82
334 377 334
230 437 230
531 947 526
851 992 846
656 806 650
498 802 498
449 533 442
240 958 234
649 877 642
54 197 54
74 508 74
6 298 6
627 629 622
128 954 122
287 843 282
293 503 286
176 934 170
10 337 10
182 257 182
758 948 758
1 48 1
141 854 134
35 1015 30
864 887 858
383 500 378
785 974 778
594 746 594
247 886 242
141 330 134
199 864 194
803 804 798
197 511 190
663 935 658
451 1014 446
831 906 826
706 817 706
434 708 434
336 910 330
450 940 450
50 526 50
364 607 358
325 429 318
307 308 302
58 81 58
540 782 534
212 620 206
760 819 754
909 951 902
511 689 506
821 839 814
514 886 514
553 1021 546
246 388 246
525 877 518
42 283 42
155 492 150
166 544 166
33 159 26
50 107 50
354 458 354
612 1020 606
438 554 438
626 678 626
159 957 154
602 631 602
101 647 94
957 1011 950
961 1015 954
836 1006 830
156 165 150
305 968 298
502 1006 502
202 385 202
394 525 394
86 274 86
687 737 682
334 501 334
854 991 854
557 754 550
917 1013 910
763 912 758
362 697 362
82 655 82
10 44 10
430 480 430
305 471 298
2 411 2
753 873 746
619 897 614
722 1016 722
714 1001 714
249 977 242
153 512 146
87 806 82
209 811 202
912 989 906
1000 1006 994
569 727 562
15 16 10
335 1021 330
624 625 618
317 522 310
540 713 534
285 782 278
67 219 62
337 926 330
225 871 218
26 43 26
116 160 110
345 714 338
547 581 542
876 986 870
665 820 658
141 317 134
979 990 974
158 613 158
877 1003 870
592 666 586
234 531 234
63 674 58
729 998 722
328 605 322
951 984 946
314 605 314
39 984 34
365 814 358
131 595 126
490 613 490
735 881 730
74 226 74
711 739 706
338 740 338
979 994 974
283 665 278
42 65 42
316 982 310
627 992 622
263 969 258
871 989 866
634 914 634
127 910 122
757 965 750
487 905 482
43 226 38
693 897 686
839 909 834
206 372 206
454 582 454
346 416 346
542 786 542
392 923 386
74 616 74
96 381 90
138 241 138
485 615 478
239 261 234
361 989 354
107 384 102
494 525 494
22 196 22
276 832 270
410 661 410
808 968 802
364 735 358
480 640 474
844 845 838
67 993 62
220 820 214
58 62 58
563 673 558
50 171 50
877 987 870
566 599 566
757 955 750
816 817 810
201 336 194
352 353 346
227 952 222
539 787 534
111 184 106
720 815 714
947 987 942
120 164 114
400 665 394
174 525 174
20 643 14
106 511 106
652 712 646
496 612 490
686 875 686
182 334 182
773 936 766
100 258 94
3 89 1
46 620 46
44 405 38
946 1022 946
777 984 770
309 670 302
92 165 86
511 664 506
455 946 450
344 345 338
210 575 210
42 627 42
664 990 658
674 913 674
440 511 434
35 36 30
547 549 542
131 227 126
602 870 602
394 1017 394
138 581 138
542 964 542
251 407 246
419 421 414
521 915 514
230 973 230
826 940 826
50 516 50
431 432 426
928 1001 922
738 862 738
848 893 842
834 863 834
158 460 158
302 364 302
266 475 266
326 808 326
458 713 458
543 979 538
19 75 14
16 222 10
366 462 366
1007 1014 1002
450 460 450
554 790 554
614 733 614
204 205 198
126 132 126
207 816 202
82 357 82
592 748 586
478 851 478
617 777 610
286 800 286
1008 1011 1002
26 360 26
905 993 898
10 48 10
276 458 270
196 847 190
163 388 158
624 922 618
56 800 50
584 968 578
139 623 134
292 969 286
739 740 734
280 857 274
50 598 50
130 1012 130
507 666 502
339 511 334
579 797 574
339 906 334
864 907 858
435 1016 430
50 384 50
569 708 562
489 730 482
514 576 514
323 704 318
359 583 354
332 440 326
168 802 162
54 82 54
286 321 286
877 929 870
570 897 570
259 632 254
17 422 10
86 801 86
110 725 110
536 708 530
130 464 130
122 160 122
36 837 30
695 809 690
6 493 6
354 515 354
86 164 86
411 819 406
331 333 326
790 973 790
91 455 86
530 1011 530
178 1015 178
622 959 622
82 442 82
686 880 686
596 958 590
931 974 926
151 776 146
817 821 810
825 836 818
683 718 678
4 162 1
504 943 498
113 964 106
14 272 14
93 527 86
567 569 562
769 786 762
60 434 54
455 799 450
14 849 14
468 689 462
863 967 858
154 576 154
456 751 450
165 703 158
112 774 106
26 38 26
851 1017 846
969 975 962
642 661 642
59 772 54
241 511 234
598 880 598
125 961 118
607 609 602
82 185 82
426 434 426
158 325 158
227 862 222
16 726 10
647 961 642
804 881 798
67 624 62
909 975 902
864 981 858
314 356 314
137 848 130
242 744 242
170 753 170
351 593 346
268 754 262
215 217 210
916 979 910
311 497 306
551 552 546
596 893 590
102 285 102
59 448 54
477 525 470
311 312 306
439 572 434
539 963 534
16 627 10
134 362 134
104 867 98
10 27 10
358 955 358
460 724 454
2 807 2
218 304 218
573 575 566
384 772 378
393 542 386
254 596 254
306 907 306
103 172 98
86 688 86
2 531 2
804 1002 798
63 630 58
806 910 806
351 709 346
662 991 662
857 884 850
132 939 126
285 431 278
110 159 110
941 976 934
134 241 134
820 999 814
264 580 258
454 791 454
871 943 866
460 484 454
651 833 646
42 795 42
452 665 446
274 649 274
95 584 90
146 266 146
609 802 602
146 1015 146
6 652 6
122 655 122
586 602 586
93 585 86
618 972 618
169 815 162
993 1005 986
799 930 794
586 792 586
941 1000 934
10 42 10
193 504 186
297 702 290
414 863 414
149 347 142
339 865 334
117 253 110
202 207 202
811 925 806
235 775 230
905 1000 898
126 883 126
267 824 262
305 622 298
519 720 514
646 785 646
242 822 242
420 587 414
691 989 686
43 743 38
1 493 1
791 848 786
719 720 714
16 494 10
71 671 66
363 912 358
62 205 62
361 751 354
418 424 418
269 499 262
73 983 66
41 960 34
656 759 650
564 565 558
134 491 134
625 765 618
170 618 170
21 102 14
663 922 658
324 971 318
148 884 142
46 319 46
236 726 230
251 534 246
521 866 514
547 615 542
6 50 6
54 346 54
229 483 222
442 551 442
65 114 58
618 765 618
786 863 786
671 840 666
438 755 438
885 914 878
448 551 442
206 535 206
566 793 566
505 601 498
624 921 618
449 992 442
322 493 322
348 457 342
634 649 634
237 1016 230
584 620 578
180 477 174
282 991 282
156 537 150
18 976 18
839 926 834
985 987 978
90 386 90
925 934 918
262 607 262
70 333 70
475 476 470
831 932 826
608 712 602
651 790 646
49 84 42
14 99 14
684 829 678
46 127 46
140 190 134
697 893 690
416 417 410
251 253 246
825 1007 818
619 920 614
182 210 182
922 939 922
805 850 798
210 243 210
100 754 94
851 855 846
993 1024 986
18 103 18
62 634 62
558 757 558
943 983 938
796 968 790
38 105 38
280 309 274
261 809 254
357 648 350
66 271 66
507 621 502
327 797 322
58 866 58
477 606 470
361 595 354
144 978 138
22 119 22
112 113 106
146 156 146
279 606 274
751 752 746
182 332 182
390 700 390
318 788 318
394 643 394
43 979 38
510 891 510
339 341 334
944 980 938
464 558 458
202 252 202
58 427 58
853 878 846
836 899 830
21 30 14
298 376 298
59 160 54
78 283 78
617 686 610
899 910 894
135 477 130
443 454 438
577 734 570
38 179 38
6 51 6
62 414 62
298 427 298
952 953 946
17 283 10
318 323 318
413 847 406
543 968 538
98 342 98
625 759 618
981 1001 974
126 390 126
789 1012 782
961 1010 954
10 116 10
398 725 398
199 868 194
82 233 82
966 1017 966
143 444 138
454 546 454
170 308 170
58 165 58
242 472 242
754 871 754
521 966 514
470 533 470
84 649 78
234 806 234
762 966 762
174 266 174
36 343 30
705 979 698
869 944 862
689 760 682
543 805 538
74 1012 74
508 715 502
527 911 522
58 355 58
662 990 662
172 589 166
182 225 182
90 781 90
67 547 62
254 486 254
24 214 18
75 536 70
485 520 478
186 646 186
512 999 506
102 219 102
270 711 270
875 981 870
106 483 106
87 884 82
558 876 558
396 846 390
112 998 106
286 317 286
172 651 166
466 787 466
823 921 818
110 455 110
50 134 50
58 761 58
42 62 42
214 346 214
454 547 454
62 524 62
488 596 482
22 98 22
892 941 886
226 409 226
895 966 890
132 401 126
302 415 302
680 870 674
417 847 410
34 965 34
46 822 46
219 812 214
956 981 950
387 710 382
34 99 34
464 814 458
150 694 150
1 82 1
46 782 46
243 245 238
980 1016 974
616 704 610
259 530 254
398 950 398
688 848 682
479 932 474
805 885 798
754 833 754
126 519 126
95 421 90
648 943 642
220 827 214
142 182 142
177 360 170
47 971 42
140 173 134
85 986 78
529 728 522
607 1004 602
268 504 262
689 910 682
945 980 938
462 740 462
446 783 446
827 931 822
32 149 26
1015 1020 1010
458 952 458
169 181 162
977 1006 970
294 798 294
865 976 858
555 714 550
616 773 610
22 342 22
29 862 22
380 473 374
306 351 306
110 351 110
11 13 6
288 835 282
290 869 290
340 786 334
22 401 22
52 344 46
984 991 978
274 608 274
221 884 214
189 983 182
431 852 426
676 826 670
741 975 734
43 708 38
273 951 266
120 811 114
1 855 1
121 696 114
242 692 242
387 389 382
51 140 46
142 288 142
355 356 350
2 18 2
920 925 914
100 752 94
780 927 774
10 18 10
403 880 398
501 792 494
232 773 226
210 808 210
869 927 862
355 740 350
350 458 350
262 475 262
352 811 346
967 970 962
58 345 58
6 58 6
242 348 242
694 773 694
320 682 314
254 585 254
14 744 14
603 709 598
146 625 146
499 527 494
279 433 274
213 581 206
429 495 422
135 233 130
110 237 110
160 719 154
4 309 1
251 699 246
825 946 818
217 219 210
107 108 102
604 785 598
870 922 870
529 540 522
266 317 266
310 667 310
584 603 578
409 581 402
174 242 174
650 750 650
98 545 98
814 923 814
321 827 314
698 980 698
219 614 214
31 828 26
304 823 298
353 940 346
440 465 434
79 81 74
632 953 626
248 249 242
426 949 426
411 505 406
34 155 34
342 842 342
240 686 234
374 441 374
885 970 878
129 846 122
150 394 150
342 1017 342
512 513 506
853 920 846
266 291 266
174 347 174
905 926 898
62 251 62
803 995 798
683 803 678
116 117 110
28 120 22
11 347 6
850 887 850
393 1018 386
393 1001 386
381 762 374
110 191 110
18 133 18
134 295 134
256 962 250
186 501 186
709 735 702
219 571 214
217 257 210
82 95 82
481 962 474
50 629 50
707 976 702
275 475 270
571 883 566
621 630 614
203 501 198
224 267 218
908 936 902
142 737 142
64 441 58
623 755 618
60 902 54
859 987 854
546 556 546
26 109 26
144 958 138
78 455 78
252 663 246
290 728 290
94 190 94
545 656 538
582 824 582
574 648 574
109 494 102
197 319 190
36 47 30
381 604 374
207 998 202
447 448 442
430 510 430
376 494 370
832 952 826
505 547 498
170 360 170
32 595 26
237 609 230
333 957 326
157 392 150
93 107 86
46 52 46
785 842 778
113 734 106
448 506 442
219 574 214
505 945 498
935 950 930
200 907 194
2 976 2
94 816 94
199 976 194
756 846 750
10 31 10
375 469 370
78 617 78
664 992 658
442 536 442
989 1009 982
42 172 42
177 407 170
62 796 62
56 637 50
388 992 382
154 270 154
203 544 198
565 995 558
158 200 158
175 451 170
747 993 742
602 1007 602
14 45 14
119 946 114
462 665 462
261 565 254
26 97 26
382 486 382
112 320 106
345 771 338
198 552 198
242 686 242
111 360 106
347 501 342
658 777 658
212 489 206
851 883 846
58 137 58
227 229 222
214 390 214
34 95 34
602 738 602
644 841 638
80 765 74
992 1019 986
671 890 666
629 939 622
90 115 90
74 83 74
386 781 386
158 254 158
244 935 238
514 982 514
715 882 710
345 363 338
17 652 10
250 366 250
151 878 146
319 321 314
254 543 254
195 279 190
83 469 78
273 581 266
46 888 46
217 772 210
114 889 114
35 177 30
546 668 546
601 652 594
459 460 454
573 772 566
371 375 366
334 517 334
405 471 398
42 237 42
735 1012 730
675 707 670
516 691 510
118 1012 118
553 997 546
41 651 34
38 201 38
596 778 590
135 380 130
33 291 26
2 205 2
516 585 510
434 849 434
831 888 826
448 923 442
125 847 118
573 912 566
454 941 454
546 651 546
833 1002 826
40 726 34
173 852 166
504 918 498
460 756 454
219 699 214
684 724 678
139 179 134
221 858 214
783 839 778
372 373 366
110 118 110
899 916 894
613 971 606
660 792 654
66 357 66
354 952 354
214 306 214
515 526 510
891 982 886
743 955 738
650 967 650
351 568 346
720 898 714
943 945 938
157 444 150
666 986 666
567 858 562
605 824 598
210 456 210
883 901 878
277 595 270
250 473 250
26 41 26
68 400 62
587 926 582
418 949 418
624 733 618
207 961 202
394 547 394
22 652 22
173 917 166
437 449 430
119 751 114
233 604 226
420 670 414
696 998 690
25 698 18
598 783 598
24 846 18
1016 1018 1010
14 40 14
415 582 410
600 766 594
778 801 778
41 713 34
14 800 14
29 514 22
14 19 14
46 172 46
34 266 34
339 365 334
687 689 682
47 692 42
262 337 262
662 851 662
94 341 94
546 1022 546
215 393 210
421 885 414
684 759 678
905 933 898
138 203 138
596 902 590
155 880 150
744 756 738
121 711 114
728 1000 722
166 280 166
83 519 78
658 778 658
455 831 450
212 852 206
313 619 306
179 683 174
454 962 454
770 777 770
230 910 230
70 289 70
775 801 770
492 918 486
350 456 350
397 846 390
567 688 562
615 811 610
490 629 490
23 156 18
502 778 502
142 785 142
391 806 386
633 653 626
296 495 290
193 900 186
7 9 2
278 342 278
114 155 114
141 951 134
59 834 54
598 650 598
179 972 174
872 955 866
425 709 418
604 646 598
386 537 386
349 477 342
510 641 510
476 927 470
969 1014 962
90 584 90
905 1017 898
173 882 166
544 840 538
239 832 234
42 240 42
417 533 410
536 968 530
715 719 710
461 1002 454
41 457 34
31 33 26
57 468 50
334 409 334
50 480 50
693 815 686
645 908 638
410 494 410
349 1016 342
294 663 294
454 500 454
234 365 234
94 325 94
41 137 34
164 264 158
624 700 618
626 726 626
85 931 78
17 245 10
24 415 18
717 826 710
1 26 1
551 574 546
780 984 774
903 905 898
989 999 982
527 899 522
321 944 314
869 894 862
170 264 170
464 812 458
154 613 154
980 1008 974
291 776 286
276 626 270
92 606 86
313 331 306
166 504 166
510 583 510
508 943 502
6 41 6
301 324 294
42 462 42
782 989 782
581 974 574
251 855 246
177 420 170
44 519 38
158 464 158
95 238 90
411 592 406
594 815 594
302 762 302
214 401 214
691 876 686
38 541 38
206 906 206
215 675 210
25 302 18
118 171 118
278 370 278
283 716 278
43 562 38
292 887 286
533 593 526
38 47 38
337 720 330
14 526 14
414 960 414
214 291 214
528 993 522
564 902 558
252 390 246
667 889 662
680 796 674
535 934 530
142 356 142
394 549 394
669 800 662
136 690 130
152 359 146
350 425 350
552 839 546
96 245 90
326 1011 326
436 466 430
907 963 902
150 334 150
622 950 622
79 536 74
703 978 698
900 903 894
368 646 362
655 926 650
167 679 162
535 943 530
291 888 286
302 398 302
492 586 486
54 137 54
703 756 698
543 798 538
118 738 118
186 339 186
26 459 26
38 233 38
121 747 114
428 804 422
161 854 154
69 685 62
394 768 394
396 623 390
366 443 366
78 776 78
113 1007 106
250 877 250
505 818 498
823 844 818
169 939 162
196 966 190
36 338 30
864 914 858
910 947 910
187 604 182
807 865 802
110 474 110
483 903 478
335 829 330
451 956 446
250 898 250
47 64 42
842 987 842
369 622 362
458 758 458
95 712 90
318 906 318
666 920 666
331 356 326
234 624 234
451 1006 446
289 320 282
681 935 674
719 998 714
149 420 142
581 680 574
60 561 54
613 684 606
266 289 266
275 985 270
1 436 1
36 53 30
150 511 150
268 978 262
154 846 154
150 850 150
131 133 126
600 649 594
762 803 762
601 682 594
358 778 358
662 810 662
494 565 494
522 570 522
331 670 326
1000 1011 994
710 716 710
125 866 118
816 864 810
65 140 58
651 840 646
278 982 278
754 1018 754
478 653 478
848 849 842
511 806 506
470 626 470
246 827 246
881 938 874
386 751 386
348 813 342
122 668 122
297 550 290
397 512 390
801 844 794
747 926 742
689 1018 682
263 438 258
161 842 154
1001 1024 994
653 868 646
488 955 482
159 571 154
324 431 318
595 704 590
661 795 654
466 851 466
58 99 58
6 138 6
291 489 286
246 659 246
908 927 902
159 876 154
38 53 38
104 820 98
254 877 254
228 229 222
554 784 554
28 1004 22
176 975 170
516 927 510
456 708 450
76 377 70
481 512 474
314 569 314
334 548 334
43 734 38
930 1000 930
300 857 294
806 907 806
422 617 422
262 895 262
699 701 694
603 911 598
909 1007 902
191 537 186
704 978 698
409 665 402
41 311 34
344 583 338
381 826 374
113 181 106
135 371 130
473 493 466
158 566 158
923 974 918
194 591 194
542 845 542
310 410 310
446 678 446
105 703 98
267 321 262
26 1022 26
70 110 70
78 120 78
79 489 74
48 431 42
578 891 578
671 713 666
898 1004 898
97 491 90
158 258 158
216 853 210
165 753 158
634 1015 634
14 142 14
276 434 270
32 801 26
508 929 502
104 902 98
338 788 338
929 961 922
9 601 2
271 763 266
44 590 38
59 329 54
537 923 530
335 336 330
89 824 82
83 976 78
45 207 38
630 706 630
10 129 10
101 853 94
10 236 10
402 663 402
430 949 430
513 736 506
290 576 290
22 66 22
897 1008 890
138 966 138
32 545 26
28 943 22
580 988 574
374 625 374
226 233 226
503 980 498
307 944 302
277 812 270
487 568 482
252 818 246
298 426 298
323 581 318
66 159 66
253 583 246
359 966 354
418 914 418
377 977 370
534 967 534
278 930 278
278 474 278
110 264 110
183 349 178
657 996 650
71 610 66
499 620 494
206 974 206
452 508 446
258 744 258
123 912 118
201 734 194
58 96 58
499 711 494
265 438 258
458 1018 458
919 1002 914
219 375 214
689 838 682
1 2 1
440 1002 434
851 852 846
607 848 602
268 921 262
81 94 74
182 727 182
512 874 506
57 743 50
733 758 726
431 560 426
558 1019 558
146 318 146
435 812 430
243 744 238
573 896 566
801 953 794
384 830 378
84 579 78
324 325 318
803 886 798
258 276 258
52 943 46
240 528 234
84 801 78
178 854 178
559 832 554
350 377 350
219 370 214
941 975 934
206 585 206
34 251 34
639 664 634
415 981 410
474 800 474
204 981 198
479 881 474
419 586 414
531 740 526
873 910 866
470 509 470
319 976 314
179 476 174
126 162 126
126 152 126
302 532 302
897 902 890
34 43 34
598 887 598
399 1017 394
571 686 566
370 768 370
174 314 174
601 791 594
620 1000 614
321 993 314
130 423 130
635 718 630
102 276 102
471 832 466
146 535 146
754 1005 754
380 397 374
208 470 202
41 1023 34
101 986 94
238 257 238
292 970 286
455 642 450
450 521 450
636 817 630
222 284 222
544 1001 538
370 483 370
239 412 234
144 692 138
214 519 214
277 498 270
973 1023 966
526 868 526
391 1007 386
566 875 566
594 814 594
507 759 502
602 893 602
94 914 94
440 703 434
219 405 214
631 962 626
28 605 22
807 947 802
306 359 306
212 646 206
331 459 326
246 912 246
971 980 966
158 339 158
140 741 134
150 248 150
995 1019 990
142 186 142
317 948 310
203 959 198
936 957 930
860 976 854
359 927 354
253 694 246
330 388 330
13 75 6
624 636 618
450 570 450
884 898 878
569 706 562
963 982 958
282 722 282
9 960 2
787 829 782
66 314 66
439 624 434
644 954 638
108 467 102
494 656 494
154 357 154
201 581 194
110 305 110
88 170 82
48 846 42
30 218 30
137 143 130
853 994 846
102 113 102
178 651 178
101 869 94
6 362 6
474 631 474
549 705 542
74 108 74
129 875 122
288 938 282
618 778 618
494 791 494
470 810 470
454 904 454
309 467 302
411 718 406
214 376 214
98 899 98
485 511 478
854 903 854
282 647 282
118 703 118
81 517 74
821 1018 814
42 69 42
46 275 46
299 697 294
389 883 382
789 882 782
489 593 482
631 633 626
743 750 738
744 794 738
26 852 26
717 804 710
269 646 262
27 549 22
439 959 434
654 683 654
80 131 74
215 804 210
26 395 26
564 761 558
334 691 334
207 790 202
318 601 318
117 819 110
183 501 178
310 878 310
234 436 234
215 724 210
689 921 682
337 398 330
674 853 674
458 655 458
192 494 186
351 829 346
140 739 134
792 957 786
187 705 182
771 894 766
62 142 62
78 418 78
803 989 798
45 868 38
470 637 470
98 876 98
58 314 58
845 1016 838
109 658 102
83 236 78
141 365 134
707 908 702
101 432 94
267 387 262
162 307 162
428 570 422
66 381 66
135 403 130
933 987 926
132 213 126
614 671 614
61 559 54
358 835 358
39 885 34
439 661 434
286 489 286
453 584 446
969 1000 962
310 339 310
456 738 450
979 998 974
860 970 854
626 643 626
254 478 254
51 945 46
884 904 878
4 320 1
572 595 566
102 121 102
118 265 118
230 519 230
403 836 398
486 672 486
350 740 350
41 109 34
84 628 78
203 686 198
518 616 518
333 488 326
438 648 438
458 897 458
2 27 2
745 926 738
284 676 278
521 852 514
499 501 494
206 934 206
970 1011 970
904 999 898
66 216 66
904 905 898
502 612 502
2 528 2
256 961 250
675 757 670
438 989 438
792 818 786
290 902 290
210 387 210
132 654 126
63 107 58
318 705 318
230 1004 230
133 605 126
34 588 34
238 613 238
587 944 582
106 794 106
528 587 522
330 777 330
146 597 146
279 281 274
22 628 22
174 749 174
536 705 530
162 573 162
152 566 146
202 295 202
210 306 210
438 525 438
218 259 218
455 520 450
1 28 1
440 950 434
231 637 226
519 780 514
410 1016 410
230 850 230
46 313 46
213 682 206
882 1005 882
583 848 578
873 945 866
6 954 6
22 190 22
1008 1016 1002
517 992 510
134 194 134
378 405 378
985 1020 978
313 456 306
471 542 466
14 629 14
210 391 210
925 958 918
118 338 118
90 123 90
493 512 486
477 736 470
285 326 278
54 618 54
684 827 678
337 884 330
235 658 230
242 870 242
139 164 134
33 341 26
753 956 746
513 764 506
195 543 190
594 840 594
566 820 566
131 208 126
54 762 54
19 588 14
282 382 282
279 534 274
199 424 194
269 654 262
281 842 274
242 863 242
845 975 838
680 1018 674
38 671 38
483 986 478
370 642 370
206 470 206
74 132 74
399 865 394
178 801 178
289 586 282
92 852 86
867 1011 862
214 292 214
194 493 194
494 566 494
198 244 198
518 880 518
497 778 490
260 751 254
395 414 390
684 1016 678
79 234 74
133 363 126
860 1004 854
66 455 66
347 495 342
969 1024 962
230 429 230
749 811 742
674 924 674
284 704 278
578 971 578
250 487 250
30 69 30
684 727 678
326 698 326
337 1020 330
144 403 138
149 524 142
442 527 442
687 936 682
95 442 90
703 936 698
34 482 34
18 684 18
472 620 466
346 581 346
92 638 86
234 728 234
322 866 322
204 276 198
195 611 190
565 739 558
956 966 950
155 890 150
150 462 150
109 445 102
446 479 446
730 1012 730
2 872 2
2 46 2
146 486 146
556 876 550
7 812 2
274 521 274
367 934 362
209 871 202
1011 1013 1006
366 994 366
66 515 66
374 774 374
209 880 202
1011 1019 1006
754 948 754
651 892 646
150 801 150
182 393 182
24 776 18
442 884 442
712 978 706
98 246 98
473 997 466
474 674 474
236 1006 230
615 633 610
380 845 374
292 419 286
112 1002 106
182 390 182
67 679 62
110 337 110
658 927 658
816 861 810
905 1005 898
940 1000 934
33 76 26
795 814 790
849 852 842
203 621 198
911 1007 906
650 723 650
654 810 654
790 905 790
499 658 494
590 619 590
499 725 494
147 426 142
2 10 2
179 247 174
252 779 246
214 378 214
684 795 678
186 852 186
312 576 306
276 476 270
548 658 542
26 135 26
692 856 686
66 579 66
64 818 58
565 833 558
744 861 738
225 804 218
364 365 358
736 929 730
470 619 470
910 914 910
759 812 754
330 501 330
73 697 66
78 140 78
61 832 54
481 870 474
712 987 706
154 729 154
46 210 46
458 499 458
196 743 190
851 924 846
331 534 326
673 887 666
410 851 410
478 602 478
692 764 686
699 945 694
106 203 106
220 753 214
322 637 322
545 640 538
692 941 686
267 700 262
26 82 26
36 383 30
378 508 378
632 933 626
705 759 698
178 815 178
474 621 474
362 790 362
114 221 114
694 895 694
694 739 694
793 939 786
186 601 186
802 923 802
421 601 414
716 761 710
124 276 118
86 212 86
556 557 550
943 970 938
14 491 14
142 150 142
728 800 722
941 1004 934
682 738 682
378 457 378
870 941 870
133 309 126
466 504 466
50 735 50
187 416 182
66 82 66
549 728 542
494 507 494
231 796 226
177 678 170
1001 1019 994
155 642 150
38 183 38
579 655 574
949 970 942
181 362 174
715 809 710
198 433 198
168 613 162
174 725 174
691 837 686
234 292 234
502 821 502
54 404 54
402 731 402
977 989 970
717 877 710
688 855 682
942 987 942
611 883 606
290 383 290
568 621 562
405 941 398
983 991 978
387 665 382
812 879 806
283 511 278
305 530 298
210 418 210
421 585 414
740 800 734
377 467 370
230 732 230
162 215 162
855 863 850
130 905 130
402 816 402
393 551 386
911 1011 906
1 515 1
118 154 118
62 240 62
467 810 462
488 915 482
222 1017 222
965 992 958
519 599 514
775 898 770
246 675 246
112 709 106
306 958 306
765 808 758
554 905 554
291 899 286
806 1014 806
205 993 198
595 943 590
114 231 114
808 835 802
271 958 266
479 764 474
145 719 138
181 792 174
214 418 214
902 907 902
711 712 706
562 1008 562
42 247 42
342 763 342
201 330 194
278 949 278
546 992 546
501 732 494
774 782 774
956 1004 950
666 958 666
2 63 2
510 758 510
346 589 346
45 684 38
570 740 570
111 772 106
651 808 646
827 828 822
182 372 182
675 880 670
146 615 146
531 741 526
86 337 86
242 456 242
314 407 314
267 649 262
126 944 126
568 916 562
941 990 934
698 866 698
470 756 470
585 601 578
36 244 30
127 978 122
122 545 122
110 906 110
42 880 42
353 747 346
932 953 926
790 855 790
503 780 498
116 789 110
446 735 446
605 861 598
737 821 730
549 834 542
15 946 10
368 662 362
171 826 166
773 991 766
126 840 126
33 119 26
211 996 206
645 875 638
355 896 350
73 790 66
105 939 98
122 643 122
394 601 394
243 244 238
781 823 774
88 630 82
206 552 206
411 513 406
637 984 630
216 217 210
209 844 202
38 101 38
210 299 210
930 989 930
810 883 810
608 753 602
839 977 834
821 868 814
66 136 66
39 543 34
654 780 654
22 69 22
991 1008 986
951 952 946
130 182 130
474 547 474
6 346 6
615 787 610
112 455 106
565 806 558
18 216 18
290 1003 290
876 888 870
409 495 402
230 250 230
207 863 202
865 986 858
816 1007 810
158 602 158
53 436 46
188 394 182
427 429 422
270 865 270
569 676 562
315 795 310
228 855 222
517 605 510
691 692 686
240 298 234
22 145 22
456 782 450
598 641 598
177 198 170
346 877 346
386 628 386
631 906 626
209 1001 202
185 497 178
688 743 682
30 505 30
883 1009 878
482 655 482
329 919 322
208 780 202
887 950 882
256 561 250
257 578 250
362 437 362
644 743 638
41 663 34
206 965 206
822 845 822
20 419 14
70 79 70
613 653 606
162 863 162
157 221 150
303 411 298
282 492 282
156 173 150
9 313 2
9 943 2
379 569 374
559 961 554
74 820 74
7 564 2
201 600 194
782 899 782
203 266 198
425 695 418
634 785 634
570 977 570
57 1018 50
342 959 342
19 986 14
668 734 662
925 994 918
204 540 198
634 657 634
183 599 178
512 925 506
92 695 86
362 391 362
41 182 34
172 282 166
446 672 446
103 105 98
783 871 778
62 231 62
450 961 450
659 739 654
367 964 362
325 875 318
614 666 614
303 932 298
687 913 682
282 452 282
936 974 930
238 406 238
672 771 666
462 624 462
402 538 402
552 1020 546
30 241 30
30 238 30
386 716 386
658 686 658
70 688 70
836 898 830
366 404 366
284 553 278
562 970 562
547 1023 542
627 921 622
201 776 194
182 535 182
636 762 630
156 563 150
298 322 298
423 639 418
1015 1021 1010
607 822 602
529 986 522
10 240 10
31 97 26
398 589 398
12 674 6
702 930 702
538 722 538
263 394 258
338 613 338
581 828 574
444 714 438
202 321 202
531 771 526
334 461 334
221 876 214
652 656 646
114 437 114
207 253 202
140 477 134
474 625 474
893 900 886
541 742 534
142 228 142
108 557 102
816 966 810
598 746 598
971 975 966
279 654 274
119 435 114
121 859 114
1 101 1
466 593 466
1020 1023 1014
158 410 158
532 969 526
334 625 334
555 830 550
273 425 266
128 349 122
408 551 402
256 342 250
82 509 82
563 952 558
133 387 126
70 548 70
72 587 66
94 147 94
369 618 362
114 296 114
59 985 54
378 547 378
10 14 10
148 692 142
441 1015 434
580 980 574
2 179 2
100 641 94
96 550 90
707 951 702
741 874 734
282 484 282
619 656 614
412 988 406
355 662 350
460 577 454
401 884 394
303 758 298
162 659 162
567 921 562
173 701 166
238 604 238
618 882 618
50 253 50
949 952 942
151 627 146
589 613 582
985 1024 978
228 453 222
50 448 50
178 303 178
1004 1005 998
207 479 202
258 606 258
398 860 398
552 719 546
654 738 654
69 389 62
930 1012 930
151 335 146
535 734 530
282 299 282
467 827 462
2 62 2
1 448 1
956 971 950
933 940 926
474 1018 474
968 991 962
438 873 438
518 1009 518
504 580 498
92 110 86
406 1015 406
66 148 66
245 781 238
216 717 210
696 873 690
374 466 374
102 251 102
58 145 58
61 753 54
142 171 142
432 875 426
322 862 322
410 914 410
91 389 86
396 684 390
418 778 418
82 213 82
500 525 494
84 850 78
831 981 826
526 636 526
284 474 278
274 370 274
154 788 154
35 171 30
3 82 1
324 656 318
154 280 154
210 214 210
804 901 798
927 928 922
406 977 406
250 507 250
638 800 638
389 828 382
34 40 34
186 395 186
206 275 206
294 418 294
894 964 894
158 960 158
154 658 154
2 95 2
438 789 438
52 834 46
268 743 262
46 272 46
692 899 686
386 671 386
753 890 746
358 399 358
202 876 202
173 430 166
800 987 794
222 917 222
394 868 394
593 721 586
100 125 94
757 932 750
741 853 734
1016 1024 1010
497 882 490
838 912 838
540 566 534
190 254 190
10 803 10
848 884 842
42 961 42
323 670 318
294 575 294
433 1003 426
318 336 318
528 916 522
82 338 82
845 856 838
232 233 226
174 200 174
116 792 110
52 518 46
262 394 262
34 64 34
202 653 202
1017 1023 1010
700 768 694
190 927 190
444 817 438
537 814 530
269 563 262
801 822 794
36 709 30
493 941 486
500 1021 494
227 279 222
94 195 94
308 357 302
195 739 190
52 914 46
94 227 94
729 896 722
358 972 358
126 235 126
16 862 10
619 693 614
955 957 950
460 904 454
183 491 178
13 872 6
248 462 242
475 541 470
52 84 46
840 935 834
50 194 50
469 871 462
418 534 418
357 867 350
609 797 602
535 809 530
811 1010 806
601 840 594
416 742 410
677 745 670
350 399 350
450 805 450
58 323 58
853 980 846
851 858 846
815 882 810
452 669 446
760 858 754
336 741 330
315 472 310
763 891 758
6 48 6
995 1014 990
71 719 66
474 754 474
10 280 10
38 767 38
203 695 198
30 48 30
170 183 170
522 554 522
362 512 362
731 824 726
902 932 902
933 996 926
99 320 94
2 45 2
198 410 198
206 341 206
182 804 182
377 759 370
820 929 814
608 1011 602
158 703 158
382 929 382
450 881 450
54 627 54
570 707 570
66 101 66
500 628 494
295 767 290
158 647 158
367 368 362
348 969 342
873 1020 866
214 222 214
680 982 674
30 242 30
776 890 770
752 795 746
130 811 130
260 930 254
415 423 410
861 994 854
26 918 26
863 911 858
940 1003 934
368 396 362
829 942 822
312 477 306
71 601 66
702 842 702
581 736 574
230 675 230
669 790 662
362 751 362
62 673 62
442 453 442
114 882 114
32 727 26
825 930 818
386 494 386
314 725 314
402 853 402
332 458 326
512 864 506
388 528 382
353 553 346
282 798 282
1012 1021 1006
75 686 70
1015 1019 1010
234 371 234
389 1008 382
202 827 202
793 837 786
195 418 190
60 947 54
959 963 954
58 519 58
25 47 18
435 800 430
118 424 118
754 956 754
46 150 46
422 694 422
176 941 170
60 122 54
235 848 230
635 820 630
291 532 286
174 355 174
1 152 1
272 418 266
641 920 634
2 106 2
550 625 550
499 732 494
488 616 482
757 839 750
256 552 250
518 550 518
993 1020 986
109 527 102
106 224 106
350 876 350
316 614 310
18 131 18
414 832 414
484 922 478
537 1000 530
639 991 634
473 716 466
160 926 154
227 955 222
174 609 174
294 417 294
134 725 134
351 640 346
320 970 314
204 781 198
45 741 38
118 710 118
425 921 418
623 987 618
131 345 126
147 907 142
124 208 118
235 399 230
780 995 774
291 923 286
172 199 166
566 1019 566
89 755 82
234 649 234
146 593 146
405 434 398
617 792 610
997 1024 990
315 895 310
960 1009 954
66 230 66
568 812 562
659 673 654
15 273 10
616 796 610
815 843 810
106 191 106
126 698 126
890 928 890
109 210 102
398 935 398
880 979 874
322 471 322
174 1009 174
122 486 122
171 610 166
110 184 110
186 557 186
98 287 98
768 889 762
402 670 402
767 776 762
280 964 274
185 837 178
604 817 598
67 378 62
478 631 478
65 256 58
33 299 26
255 718 250
171 663 166
77 702 70
150 329 150
242 442 242
177 442 170
494 716 494
841 921 834
301 786 294
673 1021 666
369 849 362
492 617 486
750 975 750
690 1001 690
232 496 226
12 461 6
392 533 386
98 253 98
816 1019 810
21 316 14
282 743 282
962 983 962
182 240 182
1 56 1
968 984 962
658 737 658
336 973 330
432 845 426
250 815 250
792 981 786
339 651 334
200 914 194
458 929 458
546 853 546
18 128 18
142 174 142
540 943 534
116 307 110
285 389 278
304 468 298
217 280 210
209 989 202
129 495 122
919 930 914
40 321 34
927 933 922
162 326 162
115 169 110
502 565 502
74 78 74
130 289 130
326 605 326
976 1009 970
380 984 374
871 973 866
102 255 102
524 915 518
199 438 194
322 512 322
636 736 630
743 957 738
952 1000 946
8 986 2
85 1008 78
90 213 90
82 994 82
883 942 878
18 270 18
282 704 282
478 613 478
510 703 510
922 948 922
48 936 42
274 465 274
332 821 326
893 896 886
825 872 818
390 861 390
945 992 938
654 910 654
783 784 778
6 88 6
300 505 294
230 308 230
872 900 866
632 831 626
141 988 134
34 670 34
250 969 250
758 787 758
200 879 194
657 695 650
659 918 654
757 761 750
189 895 182
418 813 418
53 315 46
274 965 274
106 173 106
285 465 278
341 831 334
709 818 702
593 965 586
218 234 218
530 644 530
6 23 6
178 426 178
626 710 626
625 725 618
190 680 190
234 899 234
376 935 370
368 712 362
162 621 162
561 630 554
593 632 586
396 479 390
484 790 478
403 845 398
98 675 98
90 163 90
119 240 114
181 812 174
158 880 158
644 927 638
367 575 362
847 971 842
909 980 902
56 80 50
90 210 90
21 619 14
428 774 422
440 756 434
589 687 582
44 63 38
53 200 46
1015 1023 1010
655 957 650
428 888 422
108 372 102
86 102 86
322 459 322
254 311 254
10 36 10
490 589 490
226 652 226
135 137 130
45 87 38
511 604 506
287 860 282
126 324 126
523 880 518
910 963 910
82 90 82
117 530 110
248 584 242
550 1012 550
103 302 98
824 922 818
395 512 390
91 404 86
415 912 410
756 955 750
506 972 506
402 953 402
216 760 210
157 576 150
70 168 70
631 920 626
103 719 98
276 655 270
240 989 234
639 957 634
267 912 262
277 627 270
714 978 714
294 866 294
944 984 938
752 757 746
94 686 94
462 802 462
213 420 206
280 410 274
140 709 134
365 670 358
791 792 786
98 723 98
909 1023 902
448 845 442
785 821 778
611 646 606
616 679 610
221 762 214
367 760 362
268 891 262
104 294 98
682 905 682
158 231 158
113 666 106
154 397 154
697 808 690
244 907 238
46 164 46
146 707 146
415 494 410
679 795 674
374 921 374
246 554 246
613 715 606
38 449 38
19 104 14
164 966 158
447 678 442
867 964 862
67 314 62
1012 1017 1006
526 996 526
374 518 374
50 476 50
232 263 226
364 972 358
335 445 330
505 1020 498
891 983 886
504 742 498
779 820 774
194 246 194
66 179 66
581 970 574
937 984 930
85 201 78
29 129 22
774 830 774
301 490 294
274 362 274
65 532 58
80 98 74
239 241 234
40 654 34
653 924 646
554 1007 554
899 940 894
370 979 370
78 816 78
34 392 34
546 612 546
304 910 298
855 914 850
859 920 854
330 426 330
106 250 106
241 271 234
294 745 294
841 881 834
807 907 802
98 329 98
901 955 894
766 820 766
539 821 534
78 940 78
605 907 598
98 133 98
567 1009 562
474 539 474
416 930 410
908 934 902
778 847 778
977 985 970
22 517 22
527 733 522
446 715 446
313 915 306
739 771 734
234 331 234
494 657 494
350 700 350
347 618 342
802 1009 802
114 931 114
218 543 218
544 557 538
405 991 398
786 797 786
125 645 118
57 222 50
72 735 66
992 1012 986
206 816 206
321 864 314
800 915 794
152 593 146
604 637 598
298 450 298
652 891 646
133 443 126
22 89 22
1001 1020 994
831 963 826
122 666 122
114 282 114
244 510 238
246 782 246
818 990 818
64 323 58
166 561 166
270 817 270
821 997 814
672 920 666
262 979 262
954 996 954
480 566 474
221 639 214
340 431 334
56 57 50
385 952 378
148 287 142
992 1003 986
670 993 670
74 364 74
109 446 102
896 987 890
103 181 98
122 177 122
368 788 362
172 907 166
431 1024 426
349 398 342
430 594 430
919 1014 914
989 1010 982
719 804 714
877 902 870
50 231 50
89 239 82
824 945 818
866 874 866
496 824 490
26 1004 26
651 728 646
504 584 498
314 429 314
331 556 326
470 714 470
762 769 762
85 899 78
76 533 70
848 871 842
434 789 434
189 504 182
789 844 782
968 1005 962
218 365 218
328 920 322
42 140 42
158 413 158
294 551 294
621 631 614
442 727 442
42 614 42
797 864 790
243 1016 238
641 863 634
660 959 654
38 827 38
623 625 618
168 761 162
10 973 10
519 810 514
101 998 94
12 873 6
154 247 154
156 935 150
478 855 478
246 414 246
799 883 794
109 373 102
745 962 738
269 715 262
577 731 570
47 825 42
22 26 22
111 158 106
2 11 2
344 588 338
10 84 10
382 553 382
212 628 206
130 1004 130
498 618 498
908 978 902
483 849 478
114 745 114
6 223 6
282 946 282
95 317 90
464 1017 458
54 310 54
77 969 70
290 897 290
941 950 934
318 462 318
429 980 422
10 189 10
258 762 258
59 633 54
488 1002 482
998 1016 998
699 1002 694
664 930 658
22 110 22
973 1019 966
399 1012 394
217 656 210
69 204 62
960 968 954
104 763 98
647 955 642
262 396 262
532 964 526
651 693 646
796 848 790
530 660 530
146 154 146
262 914 262
194 667 194
170 859 170
187 847 182
630 960 630
150 672 150
6 183 6
117 830 110
476 769 470
643 993 638
205 937 198
504 904 498
697 1014 690
52 601 46
419 878 414
181 293 174
368 437 362
47 912 42
224 299 218
351 464 346
259 633 254
158 409 158
567 622 562
318 500 318
842 1015 842
38 84 38
18 56 18
417 765 410
266 312 266
920 921 914
90 421 90
487 610 482
524 823 518
202 269 202
226 647 226
544 710 538
150 399 150
381 612 374
337 440 330
458 991 458
10 247 10
22 107 22
246 568 246
352 870 346
78 96 78
788 997 782
126 334 126
146 197 146
759 827 754
691 965 686
414 986 414
495 690 490
377 415 370
196 335 190
70 820 70
581 1009 574
207 516 202
26 184 26
561 847 554
166 484 166
54 186 54
382 463 382
546 929 546
285 522 278
192 919 186
1000 1012 994
162 867 162
376 428 370
487 508 482
504 617 498
681 683 674
596 925 590
38 673 38
971 994 966
132 450 126
275 650 270
571 924 566
221 645 214
624 679 618
526 647 526
122 186 122
96 882 90
37 795 30
483 967 478
413 682 406
422 460 422
86 194 86
266 372 266
639 884 634
724 823 718
48 190 42
359 793 354
406 1013 406
204 591 198
18 176 18
330 401 330
166 488 166
334 627 334
176 221 170
793 815 786
166 490 166
26 257 26
477 738 470
258 366 258
34 479 34
265 974 258
499 542 494
964 999 958
190 473 190
137 939 130
173 280 166
162 535 162
78 580 78
160 707 154
360 591 354
904 955 898
831 934 826
513 579 506
238 620 238
147 195 142
219 750 214
478 666 478
54 320 54
432 642 426
238 369 238
175 478 170
496 724 490
300 542 294
238 433 238
220 952 214
480 608 474
12 737 6
512 828 506
98 256 98
34 133 34
155 252 150
134 401 134
113 457 106
180 708 174
246 250 246
895 912 890
21 943 14
774 936 774
993 1021 986
631 938 626
164 402 158
14 46 14
65 260 58
846 858 846
116 525 110
34 343 34
101 911 94
46 59 46
163 629 158
106 337 106
650 987 650
482 557 482
30 575 30
913 999 906
386 401 386
358 404 358
719 942 714
610 666 610
424 992 418
296 650 290
522 781 522
109 389 102
783 868 778
122 327 122
33 435 26
295 643 290
548 648 542
172 476 166
171 993 166
413 773 406
965 1001 958
435 625 430
754 903 754
835 877 830
790 847 790
13 150 6
383 492 378
578 789 578
226 348 226
967 1006 962
759 878 754
439 673 434
977 1002 970
438 538 438
34 98 34
62 128 62
422 807 422
968 1019 962
343 907 338
709 975 702
732 963 726
94 305 94
530 922 530
648 874 642
261 270 254
122 226 122
50 129 50
514 632 514
525 637 518
233 385 226
275 503 270
774 892 774
244 595 238
598 1017 598
55 1010 50
31 975 26
450 677 450
318 980 318
541 764 534
282 512 282
534 876 534
829 870 822
457 825 450
439 843 434
270 631 270
160 1018 154
279 669 274
290 812 290
28 614 22
178 203 178
170 314 170
918 931 918
684 692 678
432 530 426
774 798 774
408 577 402
306 552 306
26 474 26
18 34 18
362 485 362
1 8 1
188 189 182
869 1010 862
102 288 102
19 20 14
227 812 222
188 874 182
702 960 702
800 871 794
705 891 698
45 643 38
155 620 150
78 106 78
618 1021 618
100 727 94
831 836 826
482 722 482
426 471 426
54 331 54
813 957 806
474 669 474
341 348 334
780 895 774
10 126 10
650 1019 650
329 876 322
314 678 314
510 754 510
667 847 662
553 907 546
451 874 446
326 374 326
346 739 346
406 925 406
334 599 334
319 332 314
135 597 130
2 815 2
230 690 230
865 979 858
431 1009 426
470 678 470
292 816 286
224 849 218
738 897 738
16 699 10
750 965 750
102 416 102
884 962 878
321 666 314
394 417 394
907 975 902
18 36 18
205 558 198
13 185 6
246 369 246
25 834 18
95 192 90
968 969 962
912 1011 906
413 845 406
481 521 474
327 1024 322
671 1021 666
264 734 258
270 870 270
290 775 290
74 574 74
105 644 98
273 928 266
303 435 298
306 343 306
89 207 82
78 394 78
203 588 198
815 987 810
800 977 794
145 829 138
842 891 842
28 979 22
2 36 2
114 497 114
62 407 62
286 546 286
130 444 130
309 806 302
190 377 190
162 426 162
7 561 2
230 906 230
366 966 366
286 445 286
133 830 126
167 627 162
278 454 278
477 861 470
363 1015 358
771 896 766
142 226 142
656 764 650
14 210 14
178 547 178
394 881 394
202 998 202
911 1001 906
321 435 314
709 829 702
272 755 266
647 1001 642
736 1011 730
458 579 458
699 834 694
53 86 46
26 56 26
189 412 182
97 350 90
697 713 690
252 261 246
735 909 730
298 478 298
491 526 486
298 958 298
851 862 846
46 775 46
434 719 434
3 257 1
252 580 246
358 663 358
489 857 482
194 543 194
530 709 530
746 996 746
2 68 2
608 682 602
565 820 558
182 713 182
991 1006 986
94 294 94
142 498 142
903 1009 898
130 194 130
238 400 238
153 520 146
260 514 254
972 1003 966
814 905 814
43 516 38
353 863 346
768 773 762
162 707 162
136 313 130
114 500 114
759 813 754
190 650 190
656 657 650
486 858 486
82 183 82
215 264 210
434 447 434
964 977 958
222 817 222
306 390 306
386 721 386
449 595 442
387 565 382
901 956 894
520 552 514
461 496 454
1000 1020 994
388 530 382
99 667 94
569 936 562
934 995 934
270 973 270
1 120 1
203 214 198
314 445 314
594 832 594
90 408 90
173 944 166
217 889 210
351 827 346
822 862 822
29 956 22
14 192 14
56 318 50
665 840 658
330 531 330
601 822 594
46 137 46
587 782 582
796 961 790
95 500 90
222 697 222
437 676 430
54 286 54
315 919 310
70 89 70
252 860 246
272 497 266
126 1011 126
6 515 6
331 1005 326
46 183 46
608 739 602
102 995 102
42 96 42
329 538 322
205 981 198
670 717 670
585 849 578
670 714 670
46 385 46
58 272 58
360 975 354
62 358 62
157 389 150
512 618 506
166 311 166
665 885 658
592 999 586
421 711 414
189 785 182
285 505 278
344 981 338
231 426 226
953 956 946
46 684 46
353 522 346
199 407 194
147 755 142
128 430 122
522 591 522
317 344 310
596 966 590
693 741 686
818 897 818
80 1003 74
120 359 114
368 464 362
364 394 358
287 635 282
175 359 170
190 226 190
761 949 754
150 275 150
26 73 26
206 819 206
605 720 598
238 558 238
422 893 422
72 590 66
130 496 130
453 480 446
46 351 46
590 600 590
131 226 126
522 679 522
934 977 934
58 533 58
33 335 26
62 141 62
403 770 398
528 893 522
357 617 350
784 836 778
127 734 122
558 776 558
12 98 6
102 214 102
743 802 738
104 818 98
462 582 462
576 894 570
354 436 354
179 678 174
919 997 914
410 718 410
847 959 842
368 621 362
402 768 402
576 916 570
49 908 42
50 150 50
338 392 338
174 323 174
310 802 310
173 465 166
144 538 138
278 779 278
242 918 242
18 68 18
352 667 346
94 726 94
198 707 198
204 794 198
22 248 22
284 717 278
794 844 794
816 916 810
90 891 90
344 578 338
750 903 750
344 626 338
101 550 94
98 912 98
58 324 58
219 395 214
655 917 650
385 547 378
737 1020 730
254 987 254
122 245 122
836 948 830
410 424 410
174 437 174
454 686 454
482 497 482
421 522 414
75 679 70
526 949 526
369 420 362
487 994 482
880 923 874
1 613 1
43 84 38
172 290 166
551 553 546
641 677 634
547 970 542
795 1001 790
546 643 546
275 460 270
670 953 670
70 362 70
317 681 310
960 1007 954
116 354 110
607 913 602
553 802 546
14 102 14
641 959 634
172 197 166
324 865 318
134 1018 134
294 516 294
592 972 586
238 538 238
425 436 418
359 839 354
419 881 414
45 359 38
258 616 258
186 311 186
701 714 694
45 306 38
149 452 142
996 1015 990
523 634 518
533 976 526
452 743 446
751 907 746
318 406 318
853 881 846
730 890 730
78 84 78
226 253 226
753 877 746
318 1021 318
430 687 430
334 776 334
26 64 26
541 763 534
530 797 530
781 934 774
372 820 366
619 1012 614
202 458 202
14 34 14
660 762 654
379 771 374
426 766 426
439 972 434
110 395 110
66 732 66
622 703 622
971 1003 966
13 579 6
581 896 574
38 155 38
524 578 518
166 515 166
967 972 962
949 995 942
222 615 222
199 793 194
384 416 378
137 657 130
434 992 434
794 834 794
1 998 1
450 672 450
474 677 474
151 217 146
497 643 490
113 741 106
419 587 414
45 223 38
885 949 878
720 798 714
166 351 166
333 504 326
29 787 22
784 922 778
62 102 62
502 636 502
308 907 302
31 994 26
797 911 790
642 955 642
42 214 42
228 242 222
658 883 658
395 785 390
134 448 134
506 881 506
282 642 282
18 107 18
338 787 338
735 763 730
394 494 394
481 761 474
101 246 94
165 769 158
642 818 642
611 832 606
30 521 30
385 429 378
876 879 870
98 629 98
206 544 206
192 929 186
681 924 674
611 851 606
266 636 266
334 901 334
166 192 166
796 824 790
291 1011 286
823 957 818
130 638 130
479 794 474
278 672 278
170 389 170
70 559 70
60 186 54
244 484 238
18 32 18
266 330 266
728 1015 722
420 978 414
134 487 134
188 871 182
37 612 30
282 758 282
967 1023 962
78 125 78
270 462 270
206 447 206
239 976 234
82 894 82
178 501 178
978 1018 978
330 510 330
227 492 222
473 769 466
22 966 22
574 1024 574
70 85 70
976 1017 970
682 740 682
198 787 198
225 552 218
275 538 270
126 204 126
86 218 86
555 908 550
246 349 246
231 406 226
365 679 358
757 837 750
342 606 342
38 363 38
52 717 46
677 822 670
6 70 6
125 438 118
978 1005 978
6 239 6
948 971 942
764 899 758
328 501 322
95 514 90
149 526 142
333 532 326
261 566 254
330 465 330
266 628 266
269 380 262
324 1012 318
547 607 542
246 428 246
34 657 34
703 911 698
434 1001 434
493 837 486
477 650 470
18 370 18
342 767 342
252 562 246
154 241 154
357 596 350
447 515 442
358 1005 358
651 839 646
182 581 182
872 940 866
103 525 98
62 206 62
126 194 126
905 953 898
641 949 634
351 460 346
130 336 130
279 280 274
90 625 90
34 697 34
106 537 106
756 1004 750
241 896 234
95 942 90
320 339 314
499 621 494
73 960 66
685 744 678
602 688 602
279 816 274
586 918 586
176 603 170
510 582 510
762 950 762
114 348 114
293 843 286
65 308 58
79 1006 74
214 243 214
637 929 630
19 1023 14
30 91 30
967 990 962
176 583 170
582 684 582
552 652 546
540 745 534
636 866 630
841 907 834
485 798 478
382 641 382
85 612 78
466 653 466
362 634 362
421 608 414
306 590 306
298 822 298
981 1009 974
34 189 34
174 191 174
220 450 214
702 1017 702
414 969 414
745 956 738
507 1007 502
54 253 54
259 790 254
91 481 86
274 302 274
367 617 362
623 819 618
327 562 322
935 972 930
757 904 750
748 921 742
616 987 610
562 926 562
142 764 142
132 659 126
249 317 242
952 992 946
719 767 714
297 529 290
305 990 298
244 569 238
760 933 754
371 406 366
183 274 178
182 229 182
514 631 514
554 908 554
23 685 18
878 991 878
425 612 418
703 711 698
634 1000 634
418 769 418
313 738 306
1 269 1
90 336 90
186 228 186
297 910 290
409 617 402
80 435 74
939 967 934
163 287 158
74 148 74
124 676 118
26 309 26
677 714 670
509 707 502
87 617 82
263 470 258
162 511 162
170 222 170
322 519 322
70 100 70
201 334 194
2 81 2
799 843 794
562 935 562
430 461 430
35 932 30
476 688 470
691 766 686
755 901 750
377 660 370
34 191 34
7 63 2
62 635 62
258 994 258
705 805 698
189 734 182
418 694 418
911 989 906
249 944 242
861 973 854
422 561 422
704 791 698
326 673 326
846 914 846
617 823 610
239 886 234
380 783 374
494 607 494
391 541 386
75 413 70
107 913 102
110 198 110
21 151 14
158 799 158
162 228 162
791 954 786
558 670 558
195 199 190
964 989 958
197 376 190
575 869 570
939 1021 934
249 488 242
804 957 798
14 698 14
111 431 106
9 16 2
252 889 246
44 840 38
445 539 438
817 836 810
642 735 642
367 420 362
518 592 518
809 949 802
178 332 178
606 742 606
500 635 494
27 911 22
575 670 570
156 318 150
392 764 386
376 988 370
105 822 98
174 222 174
984 1013 978
107 1015 102
817 904 810
34 62 34
4 930 1
580 681 574
2 168 2
7 825 2
782 979 782
568 596 562
138 466 138
709 945 702
83 409 78
171 240 166
482 792 482
94 395 94
412 927 406
287 422 282
22 93 22
106 988 106
359 720 354
142 439 142
336 843 330
8 334 2
330 480 330
61 819 54
161 482 154
274 423 274
770 840 770
578 1021 578
294 445 294
153 300 146
841 984 834
363 573 358
254 568 254
564 993 558
356 979 350
713 868 706
166 1002 166
414 693 414
82 547 82
888 914 882
909 949 902
354 642 354
952 1016 946
370 611 370
310 609 310
120 313 114
594 744 594
163 680 158
822 909 822
333 719 326
623 885 618
527 791 522
590 642 590
38 669 38
250 887 250
616 804 610
328 903 322
130 253 130
340 909 334
376 710 370
447 942 442
297 350 290
362 382 362
2 197 2
702 735 702
776 862 770
190 839 190
325 381 318
354 564 354
241 841 234
249 789 242
143 910 138
561 590 554
728 741 722
418 471 418
331 976 326
201 342 194
610 830 610
841 990 834
516 530 510
24 778 18
439 784 434
38 830 38
377 590 370
237 688 230
87 203 82
25 359 18
417 447 410
323 469 318
327 761 322
722 968 722
580 581 574
356 904 350
707 709 702
409 592 402
937 958 930
70 997 70
256 408 250
277 459 270
270 413 270
18 76 18
146 166 146
467 891 462
86 174 86
848 955 842
54 64 54
169 685 162
354 605 354
595 675 590
470 530 470
967 968 962
643 863 638
939 1011 934
324 688 318
676 733 670
230 606 230
211 792 206
30 62 30
78 338 78
1 659 1
561 798 554
239 539 234
5 669 1
601 937 594
42 207 42
929 1007 922
194 265 194
110 131 110
171 378 166
485 1005 478
506 784 506
848 989 842
534 745 534
45 992 38
906 968 906
391 575 386
134 254 134
422 542 422
1001 1015 994
86 325 86
52 71 46
210 649 210
652 728 646
210 725 210
74 159 74
92 1008 86
2 435 2
837 924 830
282 372 282
18 219 18
347 728 342
610 897 610
204 448 198
135 136 130
207 370 202
446 868 446
14 173 14
293 709 286
186 450 186
423 721 418
644 870 638
666 995 666
491 643 486
683 754 678
318 496 318
22 262 22
315 816 310
34 225 34
75 302 70
557 667 550
8 391 2
538 839 538
292 920 286
428 889 422
9 86 2
70 347 70
227 244 222
9 972 2
718 1002 718
758 886 758
134 204 134
62 160 62
350 755 350
310 495 310
266 781 266
317 642 310
760 870 754
11 839 6
138 152 138
642 927 642
278 325 278
189 283 182
30 411 30
521 965 514
75 968 70
232 663 226
574 855 574
1012 1019 1006
134 399 134
66 344 66
894 963 894
43 702 38
14 101 14
516 760 510
432 610 426
539 600 534
762 900 762
714 847 714
255 618 250
10 536 10
70 147 70
315 730 310
109 409 102
726 899 726
100 934 94
73 106 66
644 1018 638
126 678 126
271 859 266
326 392 326
888 968 882
358 475 358
545 806 538
568 917 562
344 754 338
205 378 198
736 832 730
353 1007 346
213 337 206
106 119 106
132 426 126
450 933 450
78 157 78
77 631 70
254 687 254
709 740 702
897 951 890
23 556 18
90 377 90
498 970 498
56 364 50
12 978 6
282 818 282
200 434 194
694 858 694
765 821 758
250 381 250
177 611 170
427 821 422
150 785 150
66 112 66
36 323 30
412 785 406
398 827 398
56 706 50
350 460 350
228 389 222
158 608 158
852 954 846
230 487 230
818 982 818
5 788 1
38 413 38
308 313 302
481 838 474
226 795 226
798 868 798
86 481 86
94 684 94
269 444 262
682 697 682
119 744 114
353 628 346
930 996 930
620 629 614
18 531 18
823 992 818
1005 1013 998
598 643 598
263 751 258
162 355 162
435 924 430
456 654 450
600 709 594
421 548 414
48 699 42
42 76 42
396 857 390
202 973 202
278 350 278
908 1016 902
2 356 2
414 465 414
1009 1019 1002
1 426 1
557 947 550
353 707 346
317 840 310
24 584 18
122 848 122
664 1018 658
214 302 214
357 658 350
61 595 54
349 588 342
860 957 854
40 542 34
177 574 170
138 532 138
682 811 682
480 815 474
54 427 54
480 826 474
164 240 158
709 944 702
787 974 782
313 805 306
836 893 830
352 521 346
529 934 522
82 387 82
260 989 254
154 466 154
1 113 1
114 200 114
211 930 206
576 773 570
587 924 582
968 1002 962
104 105 98
674 705 674
200 983 194
326 747 326
92 823 86
360 949 354
537 946 530
89 616 82
343 666 338
368 855 362
341 692 334
595 684 590
427 498 422
670 880 670
166 808 166
53 468 46
554 843 554
326 591 326
326 770 326
116 872 110
499 921 494
58 77 58
58 106 58
1 294 1
604 789 598
264 1004 258
700 909 694
523 739 518
52 773 46
375 917 370
325 645 318
389 860 382
376 424 370
876 935 870
242 426 242
853 933 846
731 796 726
879 981 874
250 850 250
863 948 858
374 997 374
518 906 518
221 717 214
760 984 754
22 334 22
675 763 670
254 323 254
621 641 614
170 990 170
150 225 150
761 841 754
731 822 726
321 457 314
71 788 66
42 182 42
806 924 806
280 823 274
186 541 186
214 440 214
424 561 418
67 503 62
398 750 398
174 623 174
329 874 322
129 309 122
18 461 18
586 678 586
605 662 598
50 506 50
197 799 190
70 658 70
968 977 962
323 627 318
442 751 442
697 915 690
481 815 474
102 438 102
375 888 370
270 528 270
31 444 26
265 886 258
163 736 158
487 757 482
272 845 266
361 923 354
410 920 410
47 334 42
766 797 766
653 942 646
704 777 698
169 401 162
300 723 294
474 1019 474
385 420 378
228 535 222
306 920 306
54 941 54
216 653 210
242 991 242
154 377 154
619 871 614
298 926 298
233 696 226
286 708 286
636 801 630
549 801 542
868 973 862
122 802 122
929 1006 922
203 206 198
618 876 618
789 1005 782
588 668 582
118 635 118
714 739 714
877 921 870
240 874 234
380 909 374
207 546 202
274 368 274
1005 1008 998
614 958 614
338 423 338
544 655 538
82 437 82
685 962 678
129 472 122
354 416 354
320 1018 314
106 317 106
964 1016 958
310 387 310
121 1011 114
334 351 334
776 925 770
300 639 294
86 182 86
807 864 802
34 139 34
972 1008 966
38 50 38
1 139 1
453 855 446
410 946 410
6 228 6
611 904 606
302 981 302
18 33 18
42 360 42
222 324 222
206 298 206
352 822 346
182 379 182
322 331 322
204 444 198
783 845 778
42 848 42
175 897 170
447 518 442
245 526 238
524 857 518
62 804 62
66 521 66
471 472 466
215 964 210
159 941 154
250 450 250
250 734 250
303 515 298
391 424 386
997 1009 990
163 959 158
786 908 786
234 385 234
778 836 778
789 957 782
158 710 158
146 703 146
348 783 342
803 860 798
709 744 702
218 418 218
170 568 170
130 209 130
652 950 646
413 978 406
214 618 214
891 932 886
293 626 286
745 885 738
133 293 126
621 774 614
702 1024 702
179 386 174
310 499 310
509 666 502
302 610 302
414 952 414
198 252 198
955 1004 950
562 633 562
586 982 586
731 819 726
414 541 414
29 921 22
79 433 74
498 961 498
923 1012 918
38 273 38
245 363 238
58 232 58
173 762 166
164 477 158
738 773 738
558 610 558
517 981 510
254 469 254
485 779 478
637 946 630
62 439 62
113 511 106
277 422 270
556 920 550
519 945 514
796 883 790
206 610 206
608 977 602
99 157 94
132 530 126
799 814 794
93 914 86
266 275 266
19 129 14
356 402 350
98 756 98
857 989 850
558 746 558
781 821 774
222 429 222
368 562 362
421 895 414
64 452 58
613 941 606
706 857 706
190 445 190
265 460 258
278 722 278
365 756 358
38 343 38
68 910 62
10 183 10
433 955 426
155 945 150
598 657 598
87 624 82
230 270 230
725 820 718
98 647 98
2 144 2
1 257 1
76 823 70
360 502 354
386 607 386
352 641 346
196 639 190
155 846 150
86 446 86
149 409 142
366 531 366
270 300 270
40 280 34
326 915 326
584 678 578
190 850 190
18 50 18
422 808 422
159 508 154
880 930 874
99 413 94
71 994 66
542 597 542
783 891 778
540 849 534
1 226 1
787 992 782
240 836 234
751 877 746
244 978 238
269 786 262
186 222 186
991 993 986
552 644 546
512 905 506
295 507 290
24 297 18
728 914 722
122 674 122
132 133 126
88 358 82
730 953 730
65 814 58
453 463 446
370 854 370
301 348 294
580 749 574
961 971 954
164 715 158
39 787 34
433 878 426
984 1005 978
743 1020 738
134 457 134
957 997 950
89 127 82
286 349 286
368 540 362
6 42 6
640 1013 634
322 625 322
2 133 2
50 59 50
425 490 418
30 802 30
730 755 730
711 948 706
849 894 842
412 721 406
573 835 566
256 932 250
54 583 54
474 907 474
84 825 78
371 649 366
850 886 850
668 717 662
57 922 50
135 732 130
238 244 238
791 915 786
555 868 550
759 797 754
747 749 742
817 971 810
118 135 118
403 908 398
49 737 42
612 904 606
670 864 670
173 335 166
720 846 714
126 596 126
364 846 358
79 770 74
877 938 870
64 734 58
528 926 522
346 910 346
875 1009 870
26 101 26
360 714 354
447 759 442
18 136 18
25 833 18
210 973 210
152 478 146
850 863 850
507 891 502
190 253 190
847 944 842
50 181 50
110 164 110
172 980 166
267 962 262
259 449 254
42 316 42
301 1018 294
159 826 154
561 912 554
6 430 6
38 60 38
565 609 558
22 74 22
58 593 58
671 824 666
30 44 30
664 750 658
2 141 2
14 31 14
666 778 666
410 720 410
648 820 642
173 267 166
611 666 606
642 841 642
640 763 634
176 472 170
18 261 18
158 444 158
581 1010 574
332 610 326
509 753 502
705 965 698
122 711 122
281 835 274
132 655 126
996 1009 990
249 297 242
198 382 198
327 950 322
376 724 370
489 772 482
750 763 750
26 446 26
179 355 174
204 951 198
314 708 314
185 372 178
342 445 342
286 933 286
824 997 818
14 275 14
981 1019 974
165 605 158
166 384 166
127 459 122
2 845 2
242 637 242
576 902 570
368 565 362
960 985 954
9 946 2
663 794 658
433 536 426
115 337 110
148 329 142
294 443 294
490 583 490
165 486 158
235 981 230
867 977 862
123 991 118
336 356 330
127 212 122
210 482 210
819 864 814
34 544 34
1 9 1
768 992 762
94 503 94
593 993 586
50 302 50
90 111 90
26 54 26
330 745 330
518 782 518
926 1007 926
214 759 214
314 467 314
76 587 70
832 858 826
307 814 302
820 977 814
353 774 346
255 786 250
23 330 18
405 790 398
2 51 2
265 951 258
677 967 670
273 419 266
58 130 58
421 667 414
940 995 934
143 159 138
252 575 246
171 794 166
69 283 62
214 818 214
194 712 194
26 602 26
172 790 166
821 841 814
292 783 286
841 1016 834
22 71 22
30 136 30
427 517 422
610 692 610
154 436 154
786 832 786
178 432 178
90 315 90
455 482 450
46 747 46
414 711 414
742 897 742
219 491 214
82 91 82
321 327 314
648 921 642
34 749 34
461 911 454
178 204 178
234 742 234
1 179 1
233 454 226
566 692 566
79 109 74
624 878 618
345 840 338
198 229 198
216 865 210
138 993 138
402 634 402
711 1018 706
176 455 170
5 713 1
884 967 878
539 556 534
380 942 374
148 610 142
79 939 74
505 681 498
364 1008 358
62 91 62
619 908 614
936 961 930
368 829 362
158 217 158
952 1015 946
199 422 194
343 946 338
161 632 154
859 908 854
58 821 58
155 657 150
111 554 106
220 370 214
148 457 142
721 736 714
101 893 94
873 904 866
63 407 58
773 946 766
350 529 350
702 873 702
152 642 146
342 649 342
1003 1014 998
260 806 254
419 679 414
547 846 542
295 939 290
226 708 226
38 79 38
530 541 530
672 792 666
331 952 326
706 757 706
343 904 338
961 993 954
988 996 982
118 227 118
770 838 770
512 851 506
194 916 194
616 831 610
230 327 230
15 806 10
946 995 946
586 672 586
831 899 826
70 445 70
200 856 194
422 817 422
521 611 514
667 848 662
262 374 262
897 970 890
902 967 902
178 582 178
570 914 570
493 519 486
431 655 426
433 880 426
702 1008 702
545 929 538
106 420 106
464 479 458
270 700 270
238 548 238
661 1024 654
152 693 146
730 958 730
73 461 66
442 478 442
405 464 398
877 923 870
358 510 358
869 996 862
338 808 338
529 881 522
102 180 102
574 785 574
441 907 434
6 312 6
562 726 562
122 197 122
698 744 698
186 382 186
761 887 754
364 612 358
521 799 514
561 918 554
246 685 246
404 736 398
414 1002 414
284 835 278
61 220 54
373 424 366
77 945 70
132 277 126
692 967 686
876 950 870
786 858 786
241 815 234
53 473 46
459 812 454
630 811 630
406 890 406
94 241 94
187 268 182
535 686 530
74 206 74
147 791 142
145 567 138
743 997 738
94 164 94
772 1021 766
385 690 378
511 679 506
351 841 346
524 794 518
344 572 338
627 885 622
258 806 258
381 411 374
470 548 470
208 425 202
262 557 262
163 597 158
634 679 634
238 904 238
336 552 330
247 796 242
877 1020 870
98 215 98
999 1006 994
836 990 830
44 378 38
950 958 950
377 719 370
246 504 246
234 308 234
212 521 206
262 989 262
183 519 178
1017 1020 1010
1009 1013 1002
239 463 234
641 922 634
481 757 474
575 641 570
615 995 610
238 610 238
791 952 786
18 336 18
424 624 418
202 878 202
381 507 374
446 592 446
253 1014 246
69 567 62
24 664 18
510 594 510
274 1022 274
127 352 122
294 620 294
82 513 82
944 1019 938
640 823 634
605 814 598
617 771 610
34 932 34
350 675 350
189 414 182
510 720 510
70 95 70
50 105 50
326 678 326
869 937 862
130 601 130
661 938 654
377 661 370
6 215 6
457 783 450
829 944 822
666 717 666
69 598 62
617 798 610
334 338 334
86 984 86
108 999 102
304 631 298
494 778 494
313 408 306
813 987 806
71 657 66
117 581 110
182 484 182
338 362 338
79 649 74
144 155 138
643 744 638
168 436 162
103 184 98
182 206 182
444 677 438
186 606 186
386 606 386
989 1002 982
710 923 710
310 545 310
401 503 394
174 617 174
53 674 46
648 996 642
435 729 430
279 557 274
102 215 102
376 626 370
141 525 134
459 493 454
338 704 338
180 423 174
669 825 662
68 955 62
600 865 594
263 917 258
903 917 898
323 522 318
283 932 278
304 508 298
78 192 78
130 950 130
18 90 18
230 382 230
350 436 350
50 67 50
921 988 914
655 795 650
271 584 266
686 758 686
16 174 10
242 727 242
149 916 142
163 1021 158
363 719 358
298 556 298
38 500 38
231 519 226
139 322 134
582 1013 582
78 127 78
793 1017 786
901 974 894
581 841 574
649 908 642
168 495 162
675 774 670
346 569 346
92 503 86
5 632 1
422 649 422
829 874 822
38 215 38
10 145 10
691 940 686
238 412 238
266 659 266
959 1017 954
428 654 422
753 846 746
316 467 310
358 410 358
142 248 142
87 300 82
283 423 278
529 700 522
704 870 698
34 677 34
336 855 330
931 1007 926
370 389 370
122 588 122
90 100 90
644 788 638
256 808 250
38 601 38
18 400 18
567 763 562
975 997 970
42 156 42
90 331 90
430 776 430
972 985 966
235 724 230
802 868 802
386 817 386
892 982 886
8 867 2
287 722 282
486 561 486
554 727 554
430 968 430
378 810 378
103 428 98
306 706 306
751 901 746
14 967 14
292 758 286
54 962 54
126 489 126
644 697 638
374 432 374
256 939 250
650 945 650
7 235 2
552 553 546
86 184 86
762 833 762
441 500 434
74 224 74
218 223 218
382 933 382
35 793 30
139 585 134
18 84 18
312 315 306
246 323 246
217 530 210
660 929 654
23 474 18
265 864 258
438 445 438
614 625 614
58 361 58
272 437 266
214 350 214
848 992 842
70 235 70
949 994 942
382 747 382
258 709 258
74 534 74
173 965 166
628 995 622
858 1000 858
404 613 398
591 813 586
75 834 70
11 901 6
386 970 386
94 140 94
110 757 110
230 335 230
12 173 6
1 54 1
634 776 634
519 949 514
750 874 750
928 996 922
70 74 70
393 662 386
102 138 102
287 990 282
397 718 390
10 846 10
27 358 22
651 958 646
126 424 126
292 634 286
530 726 530
138 422 138
869 924 862
281 758 274
49 596 42
539 1015 534
54 99 54
480 599 474
172 277 166
10 173 10
884 1006 878
852 949 846
322 585 322
33 360 26
892 975 886
72 420 66
171 521 166
809 992 802
332 1017 326
939 990 934
696 1011 690
530 573 530
30 65 30
326 461 326
192 511 186
130 988 130
384 608 378
4 823 1
474 684 474
480 564 474
327 1018 322
367 958 362
264 896 258
178 704 178
106 590 106
545 937 538
697 1004 690
339 537 334
40 559 34
8 386 2
394 1012 394
997 1007 990
787 830 782
733 797 726
296 485 290
334 785 334
590 688 590
531 578 526
440 719 434
66 265 66
67 502 62
97 469 90
838 906 838
828 925 822
870 960 870
169 915 162
234 260 234
182 615 182
240 818 234
927 1000 922
46 101 46
138 707 138
122 236 122
312 801 306
318 976 318
610 1002 610
333 734 326
218 933 218
10 207 10
164 814 158
22 106 22
334 846 334
37 444 30
504 1016 498
82 405 82
525 970 518
571 983 566
28 270 22
325 426 318
490 986 490
264 976 258
390 480 390
813 891 806
75 165 70
18 41 18
54 71 54
284 594 278
388 673 382
240 250 234
532 732 526
59 368 54
895 932 890
2 121 2
301 741 294
68 641 62
102 298 102
20 440 14
564 887 558
86 1019 86
153 539 146
268 588 262
706 908 706
721 825 714
369 856 362
174 698 174
621 855 614
449 480 442
116 911 110
200 248 194
385 839 378
567 673 562
269 835 262
727 766 722
425 894 418
99 556 94
182 571 182
356 1003 350
283 450 278
394 551 394
369 681 362
26 201 26
228 542 222
872 984 866
669 773 662
988 1019 982
228 926 222
576 908 570
91 505 86
711 980 706
474 797 474
958 968 958
68 411 62
890 972 890
210 715 210
86 744 86
90 527 90
58 716 58
56 483 50
42 726 42
179 403 174
70 291 70
646 872 646
44 350 38
110 230 110
396 666 390
381 740 374
113 443 106
754 794 754
272 280 266
963 994 958
450 585 450
150 180 150
134 325 134
2 44 2
499 1006 494
164 903 158
434 530 434
886 950 886
349 794 342
166 409 166
427 597 422
498 773 498
861 871 854
487 1004 482
673 776 666
906 1018 906
346 737 346
745 836 738
465 761 458
22 826 22
255 865 250
321 569 314
6 112 6
337 443 330
163 616 158
712 799 706
489 866 482
306 510 306
2 766 2
452 822 446
154 517 154
230 559 230
462 563 462
270 620 270
994 1010 994
254 563 254
67 926 62
463 968 458
800 834 794
180 643 174
333 829 326
150 245 150
453 987 446
384 840 378
27 854 22
202 951 202
22 121 22
86 570 86
679 821 674
919 929 914
98 223 98
15 158 10
445 898 438
6 10 6
58 83 58
26 121 26
808 877 802
130 903 130
218 435 218
54 77 54
188 843 182
110 447 110
58 244 58
527 626 522
478 650 478
603 702 598
160 625 154
765 997 758
174 595 174
162 612 162
314 898 314
113 128 106
266 389 266
930 945 930
535 599 530
493 710 486
29 872 22
70 256 70
100 805 94
149 600 142
454 649 454
7 263 2
21 658 14
450 482 450
159 324 154
346 697 346
6 325 6
130 233 130
447 972 442
294 501 294
708 857 702
38 581 38
222 683 222
147 538 142
523 631 518
70 809 70
170 192 170
54 103 54
38 102 38
59 929 54
184 331 178
524 1008 518
230 939 230
524 642 518
78 142 78
350 814 350
582 595 582
38 722 38
506 804 506
322 375 322
103 975 98
102 446 102
262 517 262
568 885 562
182 673 182
580 995 574
473 862 466
423 744 418
596 654 590
52 559 46
957 1010 950
728 887 722
97 369 90
22 851 22
796 996 790
50 948 50
474 750 474
175 233 170
250 585 250
79 555 74
643 1003 638
593 781 586
142 976 142
238 952 238
893 1004 886
332 431 326
126 947 126
805 929 798
326 835 326
682 903 682
805 861 798
407 995 402
656 758 650
751 939 746
121 739 114
434 679 434
210 405 210
706 717 706
358 908 358
333 444 326
690 888 690
489 932 482
194 403 194
134 246 134
130 683 130
278 679 278
314 384 314
241 253 234
510 882 510
389 664 382
319 961 314
66 875 66
305 557 298
14 163 14
362 963 362
186 381 186
13 290 6
334 464 334
167 180 162
34 828 34
79 146 74
603 891 598
2 19 2
126 372 126
436 656 430
864 890 858
212 490 206
10 258 10
501 993 494
3 719 1
859 1023 854
135 441 130
201 882 194
206 378 206
823 965 818
794 987 794
649 775 642
817 977 810
519 951 514
710 872 710
526 899 526
385 737 378
448 540 442
449 517 442
606 830 606
694 844 694
896 954 890
186 473 186
411 448 406
840 910 834
66 507 66
980 983 974
558 620 558
338 408 338
289 329 282
288 964 282
74 113 74
261 302 254
336 968 330
442 515 442
116 912 110
117 629 110
614 783 614
254 639 254
38 773 38
575 608 570
891 946 886
582 665 582
22 660 22
693 818 686
803 829 798
206 891 206
198 316 198
230 765 230
134 508 134
202 378 202
392 420 386
351 623 346
548 961 542
414 820 414
566 667 566
621 661 614
711 988 706
858 954 858
6 22 6
654 916 654
86 197 86
638 881 638
252 674 246
960 991 954
191 851 186
642 768 642
278 479 278
504 612 498
38 113 38
713 979 706
533 878 526
737 909 730
342 489 342
506 626 506
171 601 166
78 449 78
704 934 698
102 637 102
548 720 542
369 900 362
46 128 46
24 394 18
392 732 386
506 596 506
150 338 150
261 1013 254
542 912 542
10 19 10
269 430 262
301 670 294
42 374 42
130 314 130
54 370 54
126 1014 126
406 924 406
27 978 22
788 937 782
102 264 102
1009 1016 1002
460 602 454
98 143 98
228 891 222
155 898 150
30 424 30
95 855 90
339 777 334
130 173 130
148 901 142
35 771 30
731 755 726
596 963 590
343 363 338
134 165 134
435 878 430
2 85 2
526 691 526
150 784 150
442 974 442
840 962 834
911 954 906
148 496 142
385 569 378
522 748 522
90 219 90
796 1000 790
792 875 786
500 750 494
158 922 158
276 606 270
94 309 94
516 614 510
196 919 190
602 642 602
74 109 74
78 613 78
103 486 98
355 472 350
110 946 110
62 223 62
158 652 158
386 595 386
204 564 198
342 551 342
177 672 170
228 300 222
214 523 214
85 135 78
211 503 206
430 579 430
112 967 106
762 993 762
143 807 138
279 628 274
205 877 198
294 872 294
415 776 410
291 609 286
401 980 394
1 6 1
675 691 670
970 1003 970
430 683 430
70 995 70
58 304 58
685 840 678
645 907 638
358 493 358
26 155 26
519 722 514
192 816 186
230 884 230
275 397 270
430 768 430
673 721 666
68 179 62
139 901 134
102 271 102
92 575 86
38 158 38
196 197 190
502 677 502
672 972 666
323 870 318
867 1019 862
214 822 214
46 614 46
182 831 182
667 742 662
625 1016 618
904 998 898
999 1010 994
411 820 406
117 148 110
871 910 866
192 957 186
166 364 166
50 867 50
836 865 830
10 444 10
66 724 66
597 983 590
532 938 526
173 274 166
399 1020 394
118 193 118
26 125 26
195 761 190
98 118 98
35 66 30
519 700 514
632 672 626
314 744 314
86 383 86
149 225 142
202 239 202
180 504 174
855 1016 850
26 32 26
91 93 86
4 916 1
30 403 30
762 871 762
66 108 66
87 391 82
574 822 574
225 867 218
967 983 962
6 153 6
318 485 318
848 901 842
38 133 38
341 816 334
422 794 422
357 973 350
57 525 50
6 165 6
481 804 474
742 890 742
224 596 218
536 814 530
195 1017 190
301 542 294
978 1012 978
202 966 202
445 512 438
338 352 338
340 717 334
335 995 330
34 647 34
539 803 534
485 563 478
41 331 34
239 872 234
991 997 986
269 490 262
979 989 974
102 460 102
597 865 590
981 1017 974
701 823 694
483 926 478
92 577 86
519 551 514
123 737 118
126 471 126
281 465 274
270 493 270
402 758 402
602 945 602
15 248 10
162 656 162
86 589 86
430 666 430
162 715 162
524 714 518
505 666 498
242 684 242
467 782 462
25 810 18
418 1011 418
170 724 170
154 174 154
46 654 46
258 504 258
10 878 10
295 302 290
496 599 490
273 895 266
253 766 246
522 738 522
19 304 14
953 1008 946
4 522 1
191 238 186
175 467 170
157 640 150
140 428 134
509 702 502
131 265 126
232 276 226
101 375 94
58 150 58
2 41 2
240 456 234
110 444 110
1013 1020 1006
94 940 94
67 766 62
1017 1024 1010
80 663 74
189 299 182
91 897 86
894 917 894
664 684 658
675 718 670
114 234 114
94 324 94
716 977 710
204 634 198
624 802 618
496 961 490
565 859 558
46 818 46
76 996 70
276 382 270
481 909 474
3 272 1
241 694 234
675 714 670
473 777 466
78 749 78
38 62 38
10 529 10
10 142 10
94 314 94
624 910 618
202 541 202
178 308 178
997 1023 990
549 752 542
54 435 54
261 974 254
390 876 390
128 483 122
192 650 186
178 504 178
211 639 206
20 562 14
701 919 694
126 151 126
54 490 54
354 449 354
262 815 262
23 533 18
752 859 746
164 326 158
350 948 350
360 804 354
146 705 146
799 817 794
620 989 614
518 685 518
733 871 726
266 485 266
570 786 570
169 650 162
183 865 178
220 442 214
348 614 342
375 899 370
64 672 58
427 928 422
975 978 970
58 247 58
311 712 306
6 490 6
42 267 42
322 986 322
27 510 22
30 700 30
360 862 354
448 572 442
370 475 370
42 138 42
465 707 458
294 437 294
277 609 270
42 91 42
431 1014 426
700 902 694
10 67 10
443 484 438
256 815 250
415 665 410
175 618 170
494 599 494
70 161 70
516 572 510
644 1017 638
70 1006 70
606 687 606
728 883 722
158 271 158
268 830 262
62 294 62
461 559 454
143 708 138
73 435 66
988 1001 982
313 985 306
192 956 186
329 881 322
69 734 62
714 865 714
75 515 70
892 945 886
370 509 370
445 599 438
726 766 726
384 788 378
606 666 606
126 512 126
559 731 554
9 1003 2
210 792 210
340 938 334
186 205 186
248 347 242
279 778 274
639 841 634
146 640 146
640 1008 634
853 870 846
339 738 334
418 512 418
520 576 514
68 118 62
218 349 218
667 971 662
456 959 450
182 411 182
334 575 334
118 754 118
184 712 178
31 162 26
82 250 82
78 812 78
957 960 950
669 714 662
448 840 442
271 773 266
560 875 554
82 946 82
6 940 6
210 722 210
464 1004 458
765 1020 758
702 922 702
243 257 238
400 732 394
160 584 154
526 678 526
656 694 650
240 776 234
385 641 378
684 810 678
212 390 206
868 915 862
221 347 214
668 900 662
91 132 86
393 723 386
776 830 770
454 746 454
366 415 366
348 428 342
54 203 54
897 1015 890
549 715 542
461 980 454
604 998 598
5 61 1
418 700 418
495 563 490
317 717 310
422 456 422
386 547 386
522 603 522
401 596 394
205 381 198
669 979 662
767 881 762
256 591 250
292 349 286
277 782 270
228 757 222
514 519 514
17 539 10
217 634 210
94 168 94
518 864 518
133 885 126
226 855 226
177 957 170
340 645 334
359 535 354
162 471 162
2 16 2
106 557 106
209 585 202
526 607 526
413 889 406
178 377 178
275 390 270
871 896 866
810 898 810
276 779 270
502 747 502
139 642 134
631 941 626
394 433 394
342 598 342
342 611 342
972 1013 966
186 358 186
90 433 90
4 486 1
133 519 126
60 609 54
276 426 270
74 662 74
38 48 38
72 386 66
503 689 498
166 894 166
383 855 378
102 510 102
594 654 594
893 966 886
771 821 766
231 767 226
218 702 218
638 723 638
317 712 310
182 514 182
315 378 310
686 836 686
132 523 126
222 771 222
110 512 110
86 219 86
591 907 586
1 76 1
406 776 406
6 80 6
31 610 26
505 921 498
482 750 482
502 780 502
106 318 106
215 910 210
518 930 518
932 945 926
428 761 422
526 850 526
134 444 134
174 463 174
250 463 250
105 521 98
207 431 202
499 887 494
182 715 182
723 899 718
30 487 30
458 764 458
31 355 26
283 869 278
478 500 478
537 721 530
479 948 474
575 720 570
219 446 214
1 11 1
291 978 286
750 1021 750
274 383 274
246 394 246
138 186 138
1004 1006 998
869 980 862
45 863 38
144 274 138
534 933 534
402 407 402
362 937 362
182 700 182
344 435 338
219 749 214
363 495 358
166 219 166
177 780 170
160 212 154
211 767 206
194 280 194
58 180 58
926 1020 926
466 863 466
391 692 386
830 1014 830
338 396 338
71 412 66
110 398 110
475 931 470
348 396 342
84 902 78
48 448 42
193 473 186
134 203 134
458 829 458
992 1005 986
175 679 170
198 375 198
37 425 30
553 929 546
40 717 34
180 880 174
478 1018 478
62 84 62
290 355 290
137 948 130
86 211 86
171 512 166
652 741 646
254 725 254
656 1013 650
495 661 490
223 606 218
887 919 882
550 958 550
188 452 182
98 613 98
860 921 854
84 855 78
297 444 290
234 397 234
348 748 342
402 641 402
313 818 306
177 577 170
104 935 98
758 1023 758
276 838 270
21 80 14
154 383 154
155 575 150
29 154 22
666 698 666
555 950 550
25 851 18
38 226 38
134 777 134
205 213 198
130 425 130
518 584 518
214 343 214
142 817 142
246 973 246
294 461 294
138 502 138
95 710 90
727 729 722
312 1020 306
110 150 110
344 896 338
330 455 330
162 183 162
484 787 478
590 942 590
86 408 86
449 954 442
46 220 46
310 417 310
48 818 42
345 919 338
170 844 170
74 425 74
439 692 434
38 188 38
887 1021 882
477 588 470
213 495 206
433 532 426
988 1020 982
10 49 10
907 936 902
410 633 410
534 737 534
705 863 698
177 579 170
921 969 914
784 996 778
683 977 678
731 825 726
204 845 198
516 599 510
848 944 842
587 693 582
923 982 918
183 1012 178
30 866 30
441 1006 434
562 794 562
613 769 606
690 790 690
58 423 58
123 699 118
55 494 50
510 736 510
86 670 86
719 855 714
46 656 46
258 502 258
108 406 102
229 708 222
991 1003 986
820 970 814
138 668 138
739 903 734
70 262 70
114 733 114
771 773 766
14 116 14
813 1016 806
78 601 78
472 894 466
43 861 38
132 845 126
490 832 490
87 986 82
86 204 86
6 245 6
666 724 666
348 704 342
118 369 118
102 259 102
379 476 374
18 146 18
534 915 534
266 631 266
210 408 210
497 658 490
951 1007 946
274 296 274
530 847 530
895 897 890
1 352 1
992 1014 986
222 272 222
127 262 122
836 888 830
349 710 342
950 964 950
94 271 94
186 591 186
146 175 146
646 956 646
364 503 358
588 1017 582
771 833 766
399 708 394
586 952 586
751 974 746
158 181 158
261 517 254
703 1005 698
286 758 286
130 839 130
787 860 782
558 714 558
178 677 178
420 536 414
278 644 278
692 970 686
140 927 134
593 629 586
221 988 214
551 656 546
622 686 622
43 621 38
266 649 266
655 860 650
272 351 266
154 406 154
933 998 926
658 870 658
142 758 142
747 982 742
180 660 174
242 866 242
180 294 174
74 154 74
333 926 326
261 679 254
895 1019 890
114 693 114
861 953 854
973 988 966
516 1019 510
50 118 50
653 879 646
150 682 150
597 919 590
420 524 414
508 984 502
22 234 22
42 70 42
602 948 602
808 848 802
262 704 262
227 654 222
93 231 86
254 419 254
62 929 62
58 218 58
757 834 750
90 666 90
303 608 298
481 782 474
90 153 90
146 249 146
444 501 438
376 439 370
84 253 78
386 786 386
146 700 146
221 491 214
381 885 374
387 437 382
897 937 890
300 544 294
242 925 242
502 711 502
162 388 162
624 676 618
552 728 546
581 641 574
439 450 434
401 443 394
684 685 678
120 547 114
278 904 278
18 51 18
226 251 226
315 592 310
497 646 490
38 518 38
64 143 58
271 342 266
562 601 562
55 825 50
238 545 238
197 902 190
19 341 14
671 703 666
17 879 10
847 848 842
622 824 622
378 836 378
318 691 318
206 235 206
914 929 914
615 927 610
194 701 194
321 521 314
675 879 670
158 993 158
298 605 298
129 967 122
197 265 190
250 333 250
797 877 790
915 1011 910
378 591 378
232 642 226
738 914 738
518 861 518
907 1013 902
945 965 938
277 897 270
36 996 30
844 987 838
554 1001 554
89 122 82
302 354 302
634 686 634
75 287 70
30 281 30
62 976 62
833 940 826
458 696 458
63 469 58
734 742 734
636 936 630
26 35 26
83 456 78
75 973 70
367 833 362
479 818 474
322 663 322
12 58 6
291 560 286
562 647 562
476 494 470
16 43 10
221 558 214
775 900 770
605 611 598
578 665 578
685 843 678
154 310 154
214 226 214
450 859 450
154 158 154
462 793 462
848 950 842
546 962 546
94 131 94
809 1001 802
55 793 50
900 956 894
732 899 726
362 409 362
61 183 54
87 955 82
46 70 46
759 794 754
718 778 718
368 650 362
267 536 262
79 919 74
150 313 150
477 684 470
642 883 642
152 751 146
571 951 566
293 748 286
368 843 362
97 505 90
210 487 210
460 746 454
351 778 346
58 222 58
873 949 866
78 368 78
444 506 438
197 435 190
182 1002 182
148 896 142
12 990 6
218 237 218
317 974 310
635 872 630
13 884 6
526 827 526
53 155 46
35 271 30
465 974 458
15 982 10
256 863 250
756 800 750
89 330 82
302 973 302
271 290 266
480 884 474
253 334 246
582 909 582
507 813 502
242 287 242
380 569 374
290 567 290
243 852 238
244 887 238
68 351 62
817 952 810
330 967 330
146 528 146
286 677 286
147 935 142
22 922 22
354 378 354
453 993 446
790 916 790
346 700 346
359 859 354
70 556 70
210 433 210
153 582 146
571 872 566
167 807 162
410 419 410
859 1017 854
265 834 258
215 381 210
761 923 754
396 925 390
339 619 334
332 651 326
874 946 874
159 299 154
71 1014 66
591 896 586
231 968 226
233 891 226
1 17 1
945 976 938
888 960 882
518 595 518
226 352 226
771 828 766
50 707 50
749 1020 742
575 680 570
916 1014 910
31 146 26
219 378 214
150 833 150
22 105 22
544 588 538
56 593 50
849 946 842
54 265 54
400 477 394
46 149 46
493 821 486
56 869 50
220 605 214
476 637 470
146 228 146
152 725 146
143 149 138
45 228 38
379 625 374
263 373 258
330 742 330
303 495 298
178 782 178
551 985 546
363 423 358
469 631 462
360 687 354
9 881 2
383 763 378
142 810 142
162 269 162
22 63 22
829 981 822
692 871 686
851 913 846
584 616 578
467 507 462
182 221 182
692 903 686
244 1007 238
46 708 46
600 889 594
563 975 558
18 57 18
544 564 538
815 964 810
228 496 222
503 686 498
425 513 418
718 976 718
432 1007 426
333 553 326
78 89 78
14 147 14
35 594 30
832 833 826
170 545 170
170 218 170
346 930 346
129 912 122
322 782 322
94 580 94
45 143 38
225 814 218
522 730 522
483 569 478
617 668 610
286 720 286
625 686 618
232 812 226
47 640 42
501 961 494
374 563 374
17 154 10
153 923 146
695 871 690
416 828 410
462 819 462
747 804 742
728 950 722
286 472 286
487 780 482
766 981 766
50 831 50
513 791 506
254 521 254
278 417 278
332 362 326
150 861 150
150 742 150
797 999 790
54 368 54
30 112 30
210 639 210
125 465 118
460 990 454
951 965 946
654 663 654
588 959 582
246 273 246
90 412 90
678 763 678
715 950 710
1005 1015 998
596 775 590
828 947 822
94 214 94
113 843 106
57 460 50
285 846 278
564 796 558
84 772 78
58 774 58
620 760 614
149 531 142
133 231 126
642 700 642
293 375 286
593 598 586
72 896 66
286 943 286
480 1003 474
638 887 638
150 638 150
94 509 94
44 1023 38
44 745 38
96 919 90
243 960 238
305 963 298
498 862 498
705 825 698
32 459 26
593 726 586
79 698 74
342 907 342
956 960 950
93 747 86
142 224 142
622 865 622
281 578 274
150 939 150
658 701 658
66 99 66
251 868 246
16 822 10
572 872 566
583 729 578
458 612 458
470 850 470
166 494 166
269 332 262
613 983 606
754 986 754
10 99 10
186 342 186
146 170 146
897 1023 890
469 1012 462
11 297 6
184 853 178
706 725 706
22 41 22
205 866 198
728 810 722
518 677 518
45 459 38
823 886 818
543 583 538
79 831 74
373 1013 366
6 16 6
101 199 94
101 490 94
270 426 270
157 844 150
287 846 282
93 257 86
247 722 242
431 464 426
531 941 526
560 942 554
881 933 874
48 849 42
276 1002 270
476 939 470
748 1008 742
534 929 534
150 783 150
791 1017 786
200 893 194
364 782 358
821 934 814
592 968 586
674 917 674
395 974 390
929 951 922
640 749 634
514 923 514
281 935 274
10 231 10
82 155 82
158 897 158
36 44 30
823 971 818
934 1006 934
310 607 310
109 677 102
427 628 422
985 1014 978
459 952 454
118 932 118
789 997 782
24 969 18
506 514 506
262 343 262
462 661 462
132 290 126
241 274 234
162 330 162
438 616 438
967 1009 962
165 811 158
618 999 618
576 876 570
260 719 254
232 1007 226
314 540 314
783 898 778
945 954 938
22 40 22
50 143 50
825 959 818
599 767 594
433 636 426
421 890 414
347 573 342
382 839 382
22 57 22
363 961 358
302 519 302
480 860 474
370 423 370
6 908 6
290 299 290
10 102 10
551 655 546
306 328 306
10 736 10
940 958 934
754 767 754
194 625 194
122 325 122
713 970 706
394 630 394
137 985 130
271 882 266
518 603 518
764 992 758
350 957 350
173 499 166
172 727 166
54 705 54
160 427 154
302 484 302
414 636 414
1013 1018 1006
267 556 262
406 825 406
118 261 118
140 618 134
738 975 738
130 263 130
84 548 78
727 835 722
562 877 562
194 405 194
652 725 646
36 401 30
402 902 402
123 394 118
688 1019 682
125 472 118
448 592 442
26 327 26
152 802 146
46 384 46
164 920 158
12 879 6
34 885 34
315 604 310
904 963 898
386 520 386
138 701 138
266 547 266
562 603 562
242 812 242
78 86 78
80 991 74
553 679 546
576 752 570
170 502 170
337 754 330
694 986 694
895 936 890
562 671 562
26 770 26
151 1005 146
652 1006 646
218 753 218
759 887 754
970 997 970
739 891 734
582 719 582
62 455 62
462 782 462
462 597 462
803 996 798
563 660 558
964 1015 958
214 634 214
36 800 30
905 1001 898
671 992 666
939 988 934
154 256 154
637 820 630
160 566 154
598 846 598
378 974 378
944 967 938
49 380 42
876 923 870
118 584 118
280 514 274
134 412 134
31 630 26
87 550 82
1003 1006 998
437 670 430
18 160 18
54 168 54
611 990 606
41 704 34
228 309 222
414 479 414
513 993 506
147 998 142
890 941 890
107 631 102
294 687 294
67 670 62
311 1015 306
650 892 650
965 984 958
324 486 318
6 354 6
213 739 206
66 1024 66
390 400 390
806 896 806
280 324 274
97 166 90
326 530 326
809 866 802
553 1006 546
75 513 70
290 803 290
523 537 518
174 205 174
584 619 578
289 718 282
433 627 426
193 697 186
174 446 174
457 790 450
827 928 822
25 185 18
608 733 602
282 316 282
226 513 226
859 871 854
127 614 122
981 998 974
459 778 454
674 984 674
660 797 654
10 119 10
74 85 74
30 194 30
132 424 126
266 539 266
314 613 314
169 898 162
629 883 622
937 978 930
110 797 110
448 602 442
98 455 98
163 307 158
534 937 534
5 194 1
732 981 726
537 654 530
738 756 738
156 613 150
840 1021 834
50 534 50
630 944 630
884 1019 878
286 368 286
185 558 178
142 201 142
552 572 546
648 703 642
94 285 94
613 950 606
150 585 150
62 839 62
166 684 166
81 1018 74
278 475 278
138 1007 138
290 442 290
548 968 542
269 838 262
433 944 426
70 704 70
134 196 134
398 517 398
705 751 698
290 395 290
115 749 110
219 973 214
118 842 118
38 106 38
849 937 842
248 560 242
458 593 458
366 788 366
132 764 126
238 330 238
102 300 102
27 433 22
795 988 790
834 840 834
159 774 154
158 750 158
728 988 722
54 944 54
226 515 226
451 835 446
338 418 338
548 691 542
244 259 238
130 530 130
605 760 598
69 766 62
158 462 158
505 693 498
167 858 162
249 751 242
395 651 390
745 996 738
563 568 558
388 647 382
642 774 642
318 401 318
398 599 398
286 917 286
362 918 362
258 586 258
523 555 518
658 914 658
519 578 514
375 711 370
24 486 18
43 710 38
74 920 74
887 890 882
260 726 254
473 979 466
489 727 482
313 1015 306
339 473 334
389 764 382
194 880 194
94 641 94
231 896 226
283 580 278
526 998 526
214 749 214
282 575 282
82 272 82
102 432 102
78 318 78
752 759 746
6 106 6
169 735 162
788 818 782
695 957 690
174 626 174
1 719 1
514 689 514
129 398 122
430 527 430
180 628 174
958 979 958
9 191 2
651 985 646
450 567 450
897 981 890
507 912 502
114 120 114
261 564 254
28 813 22
311 423 306
14 20 14
465 518 458
27 880 22
255 426 250
34 361 34
20 815 14
184 888 178
18 971 18
110 492 110
771 941 766
278 512 278
834 931 834
469 489 462
882 972 882
270 864 270
109 764 102
423 562 418
273 336 266
478 578 478
592 610 586
260 849 254
202 1021 202
202 365 202
847 913 842
22 35 22
757 885 750
235 994 230
26 391 26
21 809 14
243 379 238
727 985 722
52 254 46
353 454 346
717 724 710
127 871 122
173 445 166
539 718 534
377 876 370
70 921 70
537 639 530
200 546 194
165 971 158
864 1001 858
935 962 930
83 164 78
360 913 354
891 969 886
240 741 234
10 293 10
8 782 2
38 535 38
785 981 778
249 459 242
570 674 570
66 765 66
357 411 350
16 536 10
368 845 362
75 700 70
80 960 74
11 930 6
478 1014 478
983 1024 978
23 755 18
418 510 418
242 579 242
45 168 38
598 978 598
595 818 590
123 294 118
274 949 274
186 894 186
20 682 14
22 554 22
2 918 2
298 531 298
54 979 54
713 775 706
564 946 558
269 325 262
70 302 70
297 334 290
2 549 2
818 969 818
439 783 434
504 583 498
214 259 214
233 619 226
114 543 114
305 469 298
110 767 110
89 866 82
612 901 606
43 1007 38
118 660 118
130 380 130
14 337 14
258 579 258
90 156 90
142 377 142
119 237 114
182 519 182
599 679 594
658 762 658
58 404 58
1000 1008 994
627 763 622
506 538 506
36 84 30
530 698 530
256 728 250
26 532 26
951 976 946
660 669 654
466 746 466
221 1003 214
50 390 50
589 804 582
198 856 198
282 723 282
2 581 2
172 984 166
55 222 50
300 358 294
24 148 18
366 688 366
610 931 610
149 256 142
170 930 170
876 954 870
262 419 262
294 392 294
170 662 170
105 827 98
392 506 386
62 165 62
106 851 106
793 903 786
49 138 42
731 899 726
733 872 726
86 581 86
693 889 686
83 286 78
88 313 82
46 505 46
470 693 470
11 1012 6
154 489 154
336 414 330
10 103 10
269 276 262
866 943 866
865 907 858
654 733 654
257 903 250
507 676 502
297 842 290
234 474 234
226 492 226
254 395 254
226 394 226
601 845 594
526 653 526
728 829 722
170 726 170
652 699 646
977 1011 970
943 994 938
130 282 130
286 320 286
817 999 810
78 923 78
203 451 198
65 898 58
407 793 402
641 702 634
82 854 82
187 271 182
237 450 230
373 389 366
74 717 74
6 73 6
192 802 186
114 670 114
330 337 330
923 1019 918
772 917 766
533 781 526
174 958 174
499 552 494
27 274 22
624 892 618
42 499 42
840 858 834
593 939 586
631 752 626
759 928 754
234 1002 234
308 843 302
662 751 662
38 150 38
69 87 62
442 585 442
95 490 90
315 980 310
113 543 106
334 832 334
242 283 242
538 990 538
769 957 762
419 889 414
54 900 54
62 69 62
176 446 170
89 844 82
789 954 782
321 904 314
134 723 134
374 757 374
459 954 454
100 288 94
855 910 850
624 726 618
86 282 86
661 865 654
976 1000 970
468 926 462
360 980 354
370 726 370
705 987 698
38 57 38
851 874 846
636 1018 630
563 801 558
454 863 454
506 825 506
931 1024 926
536 623 530
128 996 122
293 982 286
688 949 682
150 290 150
426 783 426
548 830 542
134 229 134
10 93 10
210 274 210
213 554 206
366 545 366
169 678 162
635 672 630
569 958 562
877 926 870
186 346 186
284 721 278
118 426 118
716 764 710
160 684 154
759 970 754
163 1016 158
10 761 10
14 24 14
326 357 326
131 148 126
365 823 358
138 324 138
469 901 462
83 597 78
246 566 246
825 874 818
528 834 522
518 820 518
498 696 498
700 758 694
78 183 78
88 142 82
94 317 94
202 324 202
73 996 66
74 115 74
725 734 718
190 215 190
270 356 270
852 884 846
341 809 334
218 642 218
266 603 266
10 766 10
472 612 466
676 909 670
168 254 162
412 597 406
2 298 2
170 241 170
258 935 258
2 462 2
10 642 10
45 455 38
413 911 406
390 960 390
100 566 94
781 901 774
15 478 10
781 830 774
98 163 98
741 823 734
972 986 966
235 325 230
683 883 678
335 739 330
539 978 534
70 915 70
392 648 386
70 673 70
13 573 6
682 805 682
688 921 682
1001 1012 994
201 830 194
801 912 794
93 592 86
8 977 2
692 937 686
585 949 578
608 619 602
939 987 934
464 771 458
382 819 382
226 236 226
514 633 514
434 559 434
325 668 318
202 256 202
135 529 130
416 448 410
1012 1014 1006
175 605 170
32 698 26
220 726 214
895 979 890
654 684 654
487 987 482
34 100 34
162 514 162
26 176 26
127 336 122
191 909 186
943 947 938
389 596 382
121 907 114
353 953 346
719 1002 714
346 548 346
64 939 58
130 322 130
26 145 26
697 823 690
35 169 30
347 527 342
629 944 622
93 507 86
686 1011 686
150 254 150
89 177 82
271 813 266
151 442 146
720 772 714
838 846 838
572 707 566
230 401 230
26 238 26
89 990 82
504 621 498
86 693 86
196 250 190
478 828 478
969 1009 962
307 666 302
880 954 874
222 378 222
174 358 174
200 567 194
523 653 518
709 848 702
295 742 290
801 951 794
92 883 86
554 664 554
739 918 734
252 1003 246
685 918 678
24 798 18
413 531 406
206 412 206
576 821 570
554 930 554
209 398 202
22 125 22
569 819 562
478 742 478
86 437 86
96 793 90
939 997 934
65 614 58
14 136 14
65 185 58
511 1015 506
467 968 462
140 675 134
449 629 442
945 974 938
871 1024 866
1 438 1
99 803 94
429 975 422
1007 1024 1002
712 790 706
458 736 458
184 965 178
250 328 250
349 376 342
623 1007 618
373 409 366
863 977 858
90 180 90
65 458 58
72 903 66
400 971 394
428 706 422
418 475 418
122 162 122
142 496 142
166 650 166
548 656 542
30 315 30
109 993 102
813 1017 806
588 762 582
613 761 606
827 943 822
134 892 134
151 626 146
781 790 774
459 808 454
40 276 34
420 891 414
130 795 130
598 891 598
3 427 1
336 991 330
876 929 870
114 279 114
414 498 414
616 801 610
253 719 246
395 550 390
917 935 910
84 852 78
416 607 410
835 948 830
126 171 126
669 1006 662
587 895 582
378 956 378
294 886 294
397 990 390
103 950 98
811 1016 806
250 518 250
503 919 498
394 511 394
871 872 866
546 881 546
454 571 454
6 127 6
581 781 574
307 412 302
290 891 290
704 997 698
461 624 454
284 737 278
354 615 354
732 1003 726
66 326 66
451 590 446
446 1017 446
292 632 286
640 946 634
46 990 46
90 224 90
549 893 542
65 670 58
801 958 794
791 1003 786
191 1002 186
66 171 66
22 995 22
674 877 674
14 126 14
930 991 930
94 170 94
92 468 86
746 755 746
38 410 38
222 774 222
471 810 466
934 948 934
487 1011 482
777 816 770
555 913 550
546 1024 546
274 352 274
309 459 302
137 555 130
233 587 226
549 633 542
726 852 726
915 1023 910
421 898 414
100 213 94
806 912 806
609 1021 602
639 834 634
243 532 238
900 913 894
866 954 866
295 525 290
775 964 770
298 463 298
8 396 2
269 981 262
195 749 190
485 761 478
306 400 306
2 252 2
390 613 390
1 876 1
771 860 766
302 559 302
259 442 254
62 990 62
821 850 814
640 893 634
230 609 230
377 491 370
6 148 6
8 477 2
328 914 322
227 302 222
734 754 734
10 20 10
568 894 562
140 221 134
641 815 634
948 997 942
196 555 190
523 649 518
447 959 442
534 910 534
265 429 258
33 699 26
154 403 154
322 860 322
88 240 82
306 333 306
66 313 66
146 768 146
102 473 102
879 1021 874
54 143 54
476 741 470
36 241 30
74 84 74
280 507 274
313 750 306
172 349 166
258 960 258
316 627 310
14 286 14
122 448 122
120 660 114
232 982 226
1 83 1
382 451 382
347 525 342
5 113 1
116 387 110
443 715 438
226 431 226
42 909 42
54 700 54
825 877 818
265 676 258
458 749 458
641 738 634
172 969 166
177 645 170
692 1011 686
288 851 282
869 988 862
78 135 78
388 988 382
216 723 210
198 233 198
138 496 138
435 961 430
622 731 622
144 364 138
34 641 34
723 998 718
408 999 402
639 850 634
62 405 62
439 553 434
14 369 14
744 848 738
30 53 30
662 778 662
213 228 206
649 926 642
39 757 34
134 501 134
88 649 82
514 643 514
26 51 26
163 845 158
246 931 246
414 938 414
767 792 762
630 827 630
953 993 946
256 840 250
306 492 306
980 1006 974
241 596 234
251 957 246
146 998 146
495 614 490
332 503 326
434 863 434
773 950 766
912 921 906
9 716 2
410 922 410
674 859 674
453 788 446
332 603 326
239 321 234
444 465 438
178 283 178
141 597 134
510 997 510
34 48 34
285 636 278
927 1020 922
853 1001 846
194 897 194
124 756 118
38 509 38
289 645 282
375 692 370
269 772 262
10 770 10
636 794 630
250 530 250
58 530 58
14 38 14
240 533 234
656 961 650
258 283 258
157 620 150
972 1007 966
302 832 302
443 611 438
478 919 478
710 827 710
715 824 710
148 376 142
510 946 510
136 939 130
18 251 18
34 291 34
646 709 646
795 926 790
126 137 126
34 131 34
920 941 914
793 935 786
159 965 154
362 466 362
761 829 754
579 614 574
254 303 254
631 863 626
86 128 86
99 172 94
60 368 54
444 569 438
66 658 66
434 513 434
42 183 42
244 436 238
10 439 10
684 718 678
256 918 250
142 826 142
234 800 234
4 298 1
730 921 730
675 938 670
62 79 62
155 952 150
173 224 166
122 256 122
366 864 366
758 853 758
644 958 638
513 706 506
521 766 514
640 687 634
10 108 10
852 898 846
46 160 46
67 499 62
14 364 14
349 622 342
305 967 298
117 401 110
738 782 738
519 704 514
531 718 526
18 415 18
810 945 810
745 905 738
309 998 302
218 524 218
266 828 266
494 629 494
577 746 570
511 976 506
203 668 198
121 777 114
161 620 154
297 920 290
238 445 238
170 215 170
230 366 230
236 898 230
35 945 30
917 939 910
627 645 622
488 640 482
820 931 814
773 880 766
207 420 202
339 560 334
705 918 698
452 730 446
292 797 286
408 912 402
332 387 326
582 650 582
46 96 46
6 29 6
253 437 246
603 900 598
804 862 798
671 990 666
90 487 90
160 207 154
371 591 366
22 331 22
823 913 818
365 812 358
215 726 210
804 988 798
721 776 714
110 390 110
729 942 722
847 898 842
645 861 638
236 679 230
592 845 586
102 837 102
339 684 334
381 496 374
493 582 486
58 393 58
168 990 162
382 897 382
456 936 450
68 266 62
62 80 62
123 466 118
835 886 830
91 792 86
650 908 650
130 221 130
562 769 562
237 345 230
386 683 386
549 871 542
544 853 538
397 992 390
10 320 10
315 482 310
418 586 418
458 729 458
451 743 446
610 734 610
456 526 450
298 895 298
289 803 282
332 346 326
230 454 230
848 862 842
529 791 522
366 879 366
151 290 146
232 587 226
671 707 666
548 555 542
561 813 554
313 883 306
338 712 338
2 344 2
808 831 802
206 578 206
247 679 242
462 932 462
598 965 598
50 287 50
230 748 230
54 106 54
299 854 294
728 1009 722
45 103 38
420 561 414
620 642 614
614 1006 614
953 1004 946
5 882 1
17 813 10
161 793 154
14 796 14
1008 1024 1002
301 387 294
571 740 566
318 967 318
247 651 242
259 509 254
283 464 278
152 987 146
103 677 98
662 690 662
182 258 182
97 311 90
506 643 506
576 825 570
776 871 770
188 323 182
831 993 826
14 103 14
574 582 574
193 229 186
507 579 502
6 377 6
558 1016 558
391 691 386
354 428 354
379 759 374
14 140 14
196 917 190
586 979 586
992 1001 986
24 691 18
14 66 14
602 824 602
331 998 326
26 272 26
721 869 714
263 858 258
278 365 278
66 118 66
253 534 246
205 971 198
104 217 98
176 922 170
90 379 90
529 745 522
34 282 34
27 761 22
130 909 130
181 277 174
81 992 74
280 753 274
44 95 38
66 283 66
286 302 286
38 85 38
421 763 414
455 593 450
1008 1010 1002
71 101 66
841 913 834
182 767 182
50 502 50
824 855 818
32 885 26
53 289 46
125 644 118
225 490 218
138 417 138
544 862 538
554 753 554
638 764 638
796 1009 790
867 995 862
81 878 74
150 387 150
834 847 834
291 327 286
506 562 506
34 72 34
158 845 158
974 1016 974
70 761 70
586 834 586
46 61 46
219 966 214
410 779 410
58 679 58
50 74 50
410 752 410
743 1001 738
178 443 178
24 955 18
282 668 282
732 1011 726
721 728 714
345 1023 338
159 822 154
449 717 442
79 993 74
144 204 138
1008 1009 1002
594 624 594
86 519 86
306 440 306
266 450 266
6 211 6
732 755 726
835 963 830
253 470 246
446 788 446
118 348 118
129 906 122
744 933 738
625 740 618
450 652 450
494 848 494
418 563 418
522 770 522
166 240 166
374 479 374
411 624 406
661 780 654
1000 1007 994
2 100 2
355 847 350
44 470 38
302 382 302
10 137 10
345 717 338
158 812 158
250 647 250
302 893 302
919 995 914
265 629 258
292 924 286
627 667 622
662 916 662
929 980 922
344 633 338
632 845 626
200 339 194
503 712 498
876 1012 870
2 13 2
243 451 238
825 854 818
186 774 186
371 798 366
192 562 186
530 950 530
720 981 714
9 321 2
98 161 98
88 481 82
732 857 726
133 291 126
664 729 658
86 720 86
138 272 138
1 52 1
507 694 502
164 834 158
320 941 314
226 322 226
946 1010 946
437 784 430
810 935 810
643 957 638
472 770 466
567 833 562
59 167 54
785 877 778
244 940 238
174 433 174
218 456 218
338 859 338
540 574 534
796 943 790
865 978 858
181 352 174
474 777 474
209 260 202
211 858 206
506 549 506
404 892 398
612 932 606
410 756 410
108 159 102
193 387 186
399 967 394
707 959 702
820 949 814
202 753 202
52 189 46
346 979 346
341 624 334
370 872 370
299 390 294
504 1013 498
860 1023 854
432 620 426
1 324 1
821 1004 814
538 597 538
706 822 706
470 786 470
93 160 86
57 193 50
22 67 22
546 886 546
257 258 250
370 418 370
336 799 330
83 628 78
1013 1015 1006
303 818 298
189 744 182
210 750 210
285 930 278
869 1005 862
206 515 206
30 223 30
247 660 242
478 511 478
322 589 322
437 796 430
308 354 302
65 104 58
146 376 146
888 895 882
689 826 682
841 937 834
199 395 194
632 889 626
833 1001 826
861 979 854
711 747 706
876 988 870
587 754 582
32 94 26
585 819 578
10 215 10
210 495 210
359 801 354
158 1011 158
655 775 650
991 1007 986
321 999 314
334 539 334
332 345 326
6 967 6
20 754 14
108 116 102
439 758 434
10 983 10
676 837 670
178 669 178
150 173 150
655 844 650
266 496 266
299 814 294
522 629 522
102 523 102
768 972 762
121 990 114
30 156 30
904 991 898
340 455 334
416 892 410
83 674 78
37 332 30
764 966 758
111 361 106
282 371 282
9 249 2
889 955 882
63 689 58
715 817 710
665 689 658
91 289 86
14 525 14
642 655 642
200 456 194
575 599 570
654 833 654
596 705 590
334 529 334
821 867 814
510 619 510
333 701 326
42 64 42
816 908 810
230 829 230
115 374 110
2 64 2
155 567 150
510 704 510
390 416 390
888 938 882
110 275 110
98 334 98
746 896 746
375 442 370
357 459 350
578 653 578
83 1004 78
18 250 18
70 259 70
82 642 82
547 570 542
349 628 342
124 1014 118
86 340 86
213 362 206
298 747 298
734 781 734
151 866 146
616 651 610
145 345 138
948 993 942
464 804 458
62 515 62
435 454 430
518 963 518
121 689 114
384 637 378
669 713 662
256 750 250
676 934 670
859 921 854
730 997 730
43 722 38
544 692 538
798 911 798
418 638 418
542 564 542
3 109 1
150 457 150
319 854 314
196 537 190
721 940 714
589 709 582
353 558 346
188 861 182
350 430 350
292 397 286
411 922 406
354 538 354
122 222 122
965 1016 958
344 915 338
937 942 930
567 627 562
30 81 30
919 980 914
342 478 342
145 975 138
222 281 222
358 488 358
22 31 22
88 169 82
39 819 34
436 762 430
414 480 414
646 720 646
30 214 30
305 746 298
275 585 270
466 792 466
106 526 106
113 867 106
223 678 218
666 985 666
425 654 418
491 660 486
935 971 930
543 995 538
313 1003 306
156 962 150
378 827 378
21 981 14
262 399 262
672 997 666
230 345 230
546 576 546
6 181 6
975 989 970
521 699 514
442 1012 442
89 431 82
611 783 606
819 1006 814
646 889 646
387 686 382
719 1020 714
120 492 114
77 614 70
234 468 234
322 923 322
62 531 62
507 962 502
16 328 10
601 892 594
352 463 346
530 672 530
590 934 590
188 561 182
42 693 42
959 974 954
495 547 490
241 653 234
38 55 38
174 189 174
14 438 14
979 984 974
539 736 534
241 577 234
893 927 886
73 240 66
254 645 254
162 787 162
86 934 86
259 319 254
644 919 638
120 784 114
188 422 182
434 853 434
616 815 610
515 950 510
941 1019 934
641 927 634
162 774 162
213 790 206
703 816 698
397 632 390
396 432 390
77 689 70
322 616 322
405 414 398
154 355 154
408 795 402
123 926 118
170 609 170
102 690 102
526 735 526
34 891 34
242 858 242
443 821 438
44 290 38
967 980 962
506 651 506
691 731 686
314 850 314
513 950 506
863 915 858
483 802 478
855 959 850
410 515 410
130 179 130
506 1023 506
15 398 10
649 770 642
845 903 838
843 982 838
14 563 14
88 918 82
508 967 502
58 820 58
182 477 182
146 452 146
660 992 654
158 435 158
86 692 86
609 885 602
312 649 306
384 900 378
98 139 98
278 626 278
237 690 230
377 387 370
18 343 18
162 520 162
66 123 66
29 760 22
258 653 258
224 320 218
28 667 22
254 855 254
333 674 326
642 806 642
324 456 318
29 553 22
18 45 18
657 919 650
577 872 570
610 892 610
379 808 374
42 104 42
113 615 106
797 966 790
460 465 454
402 549 402
675 908 670
860 934 854
114 432 114
486 908 486
891 943 886
775 871 770
424 832 418
451 667 446
389 802 382
168 946 162
948 981 942
886 991 886
454 902 454
308 331 302
957 965 950
171 885 166
275 870 270
466 549 466
761 898 754
475 619 470
312 444 306
299 784 294
142 300 142
122 505 122
440 820 434
539 565 534
10 64 10
276 420 270
587 755 582
297 922 290
168 350 162
32 361 26
22 39 22
176 669 170
868 890 862
336 993 330
375 510 370
520 621 514
570 775 570
707 879 702
8 252 2
381 891 374
89 176 82
11 20 6
321 349 314
302 323 302
206 393 206
769 953 762
1 84 1
174 213 174
371 545 366
627 770 622
479 662 474
98 125 98
232 871 226
965 1005 958
175 741 170
568 759 562
367 551 362
282 489 282
14 601 14
625 786 618
3 159 1
126 299 126
515 682 510
504 1015 498
43 726 38
70 113 70
126 330 126
126 197 126
130 512 130
474 826 474
251 967 246
1 30 1
57 271 50
615 905 610
332 543 326
904 924 898
334 562 334
611 936 606
436 816 430
195 748 190
30 836 30
273 898 266
237 400 230
337 393 330
710 749 710
13 638 6
28 155 22
186 759 186
417 1020 410
138 375 138
198 272 198
40 373 34
94 266 94
162 778 162
618 867 618
381 800 374
102 127 102
397 673 390
414 868 414
92 540 86
118 201 118
104 319 98
11 207 6
215 679 210
363 570 358
358 425 358
337 523 330
791 943 786
166 419 166
293 623 286
206 260 206
235 412 230
408 947 402
226 582 226
582 647 582
203 556 198
323 410 318
389 847 382
458 1004 458
72 994 66
287 915 282
82 650 82
829 968 822
825 958 818
217 507 210
311 900 306
172 217 166
230 329 230
547 718 542
754 841 754
196 391 190
268 341 262
100 591 94
458 787 458
326 623 326
426 711 426
314 634 314
883 949 878
153 946 146
477 969 470
278 324 278
165 823 158
426 771 426
824 979 818
302 427 302
350 938 350
405 760 398
46 239 46
98 831 98
146 560 146
409 963 402
816 893 810
340 958 334
811 950 806
957 967 950
357 917 350
58 412 58
248 966 242
430 873 430
22 222 22
472 494 466
678 738 678
86 260 86
162 365 162
498 998 498
766 928 766
289 430 282
523 992 518
475 897 470
480 837 474
609 905 602
142 310 142
310 705 310
228 444 222
154 423 154
79 309 74
912 929 906
98 355 98
174 341 174
383 642 378
601 991 594
576 973 570
130 544 130
836 882 830
483 599 478
285 672 278
53 147 46
170 186 170
137 384 130
285 500 278
983 1002 978
298 731 298
723 930 718
730 974 730
646 832 646
684 715 678
43 437 38
542 1024 542
340 989 334
273 650 266
535 868 530
15 234 10
148 670 142
750 801 750
949 1001 942
497 835 490
165 832 158
677 708 670
577 899 570
710 977 710
844 974 838
599 899 594
170 608 170
40 856 34
340 542 334
366 522 366
57 254 50
94 797 94
345 532 338
26 965 26
976 996 970
251 625 246
1 135 1
138 369 138
126 522 126
206 539 206
892 1000 886
484 594 478
801 983 794
375 502 370
186 198 186
98 184 98
216 391 210
686 909 686
172 743 166
372 621 366
598 740 598
232 255 226
723 737 718
203 920 198
82 110 82
204 765 198
957 962 950
977 987 970
90 835 90
179 458 174
130 631 130
103 353 98
413 883 406
192 591 186
322 345 322
54 577 54
262 820 262
735 900 730
146 472 146
368 746 362
238 812 238
472 815 466
50 522 50
688 887 682
176 555 170
277 958 270
928 941 922
536 686 530
718 816 718
146 164 146
224 1018 218
168 950 162
489 759 482
97 186 90
386 422 386
762 964 762
506 710 506
88 496 82
357 381 350
636 789 630
153 278 146
222 582 222
108 447 102
70 182 70
202 243 202
462 966 462
18 99 18
240 322 234
845 852 838
194 272 194
202 247 202
250 653 250
340 463 334
134 789 134
181 793 174
464 759 458
419 882 414
584 995 578
680 855 674
371 488 366
392 413 386
677 889 670
611 974 606
232 670 226
524 957 518
97 222 90
274 870 274
867 914 862
470 766 470
377 949 370
322 742 322
218 621 218
130 621 130
26 62 26
751 788 746
599 760 594
870 1024 870
681 838 674
752 830 746
329 724 322
274 634 274
847 962 842
74 124 74
783 944 778
400 516 394
11 304 6
506 1003 506
660 913 654
180 234 174
500 910 494
946 963 946
277 470 270
366 453 366
558 943 558
428 698 422
75 941 70
128 378 122
441 868 434
210 362 210
242 296 242
22 864 22
130 371 130
183 565 178
669 922 662
190 460 190
247 965 242
618 737 618
944 983 938
563 603 558
58 168 58
50 587 50
378 486 378
209 464 202
185 1005 178
78 448 78
18 875 18
406 661 406
655 691 650
19 1019 14
403 721 398
438 479 438
842 1009 842
14 925 14
217 1002 210
158 854 158
64 216 58
1009 1017 1002
868 869 862
154 823 154
335 978 330
378 744 378
285 892 278
366 971 366
7 471 2
940 945 934
161 996 154
355 382 350
855 891 850
292 604 286
33 623 26
22 344 22
26 518 26
660 830 654
609 791 602
4 1020 1
569 872 562
783 886 778
734 788 734
1 788 1
162 761 162
422 639 422
46 66 46
831 905 826
768 809 762
160 198 154
666 983 666
577 623 570
182 236 182
66 145 66
744 893 738
247 393 242
917 983 910
189 472 182
273 983 266
246 299 246
528 1000 522
342 403 342
494 854 494
1008 1012 1002
480 700 474
375 426 370
506 875 506
771 812 766
438 591 438
755 959 750
175 869 170
140 621 134
146 165 146
33 529 26
420 841 414
41 280 34
90 129 90
18 155 18
536 820 530
669 679 662
370 607 370
227 277 222
244 845 238
332 905 326
92 914 86
30 47 30
18 363 18
834 910 834
740 787 734
67 992 62
498 569 498
126 739 126
18 210 18
182 260 182
742 814 742
551 930 546
678 938 678
62 71 62
410 729 410
494 661 494
245 666 238
843 874 838
169 296 162
318 847 318
206 745 206
50 314 50
104 824 98
118 764 118
314 901 314
52 524 46
721 942 714
383 573 378
26 160 26
199 316 194
575 733 570
49 920 42
16 723 10
721 761 714
279 556 274
399 899 394
474 506 474
242 966 242
6 1014 6
10 131 10
324 679 318
191 397 186
697 1021 690
106 823 106
590 917 590
310 511 310
222 295 222
46 448 46
116 404 110
34 60 34
383 709 378
462 814 462
230 326 230
73 79 66
206 358 206
201 687 194
322 382 322
382 434 382
654 720 654
14 219 14
98 663 98
169 230 162
79 823 74
508 858 502
684 746 678
80 946 74
912 945 906
499 653 494
887 1005 882
741 1023 734
154 287 154
99 757 94
635 772 630
940 1021 934
652 939 646
743 932 738
99 529 94
680 694 674
124 246 118
58 147 58
197 749 190
116 842 110
30 78 30
88 590 82
701 885 694
983 990 978
6 14 6
885 942 878
800 974 794
661 959 654
210 366 210
22 78 22
706 787 706
42 116 42
218 286 218
783 940 778
719 975 714
14 77 14
326 429 326
508 793 502
629 960 622
102 247 102
629 748 622
496 634 490
158 1012 158
284 1011 278
126 620 126
140 348 134
130 473 130
102 874 102
2 97 2
66 129 66
518 813 518
14 590 14
394 922 394
669 913 662
224 563 218
28 1019 22
315 761 310
141 693 134
79 865 74
63 224 58
19 927 14
190 245 190
344 916 338
492 513 486
364 798 358
628 964 622
527 532 522
145 183 138
202 219 202
22 129 22
366 530 366
558 713 558
583 854 578
2 553 2
295 983 290
246 263 246
541 967 534
406 445 406
62 781 62
631 970 626
235 861 230
283 330 278
302 1021 302
284 347 278
617 696 610
221 783 214
92 819 86
211 945 206
60 406 54
40 50 34
238 697 238
191 651 186
812 930 806
10 474 10
40 886 34
162 556 162
188 405 182
66 89 66
243 724 238
14 558 14
666 947 666
29 803 22
247 283 242
289 313 282
54 59 54
599 669 594
328 930 322
208 542 202
826 944 826
171 337 166
150 947 150
440 610 434
780 857 774
232 437 226
719 848 714
391 980 386
65 227 58
177 247 170
706 793 706
167 814 162
150 606 150
716 741 710
316 609 310
94 167 94
793 976 786
513 858 506
705 915 698
293 419 286
504 974 498
457 932 450
206 427 206
474 622 474
490 901 490
134 231 134
208 673 202
334 498 334
274 573 274
876 912 870
816 977 810
141 337 134
66 198 66
16 31 10
590 885 590
8 109 2
409 652 402
448 773 442
602 691 602
880 1009 874
108 1013 102
409 764 402
841 969 834
74 755 74
114 357 114
69 635 62
914 930 914
378 1021 378
410 620 410
906 910 906
214 715 214
26 735 26
134 141 134
600 708 594
621 1005 614
18 139 18
749 839 742
286 370 286
62 83 62
596 933 590
309 823 302
363 396 358
125 692 118
301 507 294
443 633 438
263 535 258
787 810 782
425 487 418
434 550 434
266 691 266
763 793 758
222 325 222
665 746 658
528 880 522
54 208 54
597 802 590
42 682 42
378 708 378
700 792 694
262 579 262
187 785 182
357 902 350
130 398 130
219 585 214
474 479 474
207 404 202
245 450 238
62 544 62
486 706 486
262 960 262
656 975 650
122 188 122
408 511 402
125 1012 118
404 700 398
503 507 498
560 865 554
329 679 322
655 986 650
422 483 422
460 782 454
557 593 550
379 634 374
765 790 758
181 418 174
677 990 670
356 798 350
18 27 18
70 103 70
696 859 690
401 602 394
744 745 738
627 907 622
246 334 246
428 716 422
183 682 178
158 925 158
481 1000 474
325 751 318
1 357 1
803 833 798
191 696 186
757 828 750
921 978 914
821 929 814
391 717 386
82 960 82
564 910 558
232 839 226
61 211 54
118 518 118
599 763 594
406 751 406
79 606 74
550 693 550
89 1015 82
6 340 6
466 718 466
30 228 30
669 870 662
370 969 370
501 683 494
197 861 190
345 731 338
290 624 290
837 922 830
30 143 30
791 1018 786
50 345 50
341 493 334
278 730 278
734 840 734
781 967 774
287 330 282
117 616 110
485 806 478
98 916 98
866 888 866
767 867 762
122 908 122
30 60 30
136 922 130
826 864 826
155 801 150
386 824 386
630 931 630
80 135 74
89 691 82
40 667 34
240 985 234
125 865 118
484 600 478
82 169 82
493 623 486
145 372 138
944 956 938
354 723 354
52 314 46
258 652 258
678 722 678
635 656 630
322 414 322
172 616 166
278 436 278
827 987 822
24 331 18
478 969 478
344 960 338
363 917 358
276 635 270
91 781 86
191 551 186
404 765 398
952 1023 946
206 456 206
306 531 306
267 621 262
186 657 186
387 983 382
470 844 470
720 787 714
45 333 38
867 904 862
85 503 78
276 889 270
621 937 614
772 821 766
146 215 146
392 901 386
596 895 590
2 32 2
565 591 558
618 821 618
272 400 266
525 1023 518
812 818 806
892 903 886
242 326 242
182 1019 182
774 916 774
165 320 158
25 697 18
529 635 522
254 994 254
410 575 410
446 689 446
438 646 438
288 1014 282
340 441 334
399 880 394
310 695 310
134 581 134
481 879 474
30 568 30
1 29 1
474 952 474
234 376 234
468 594 462
66 570 66
737 822 730
38 761 38
1013 1024 1006
450 660 450
510 584 510
106 132 106
1 412 1
594 729 594
10 461 10
398 467 398
198 1021 198
110 763 110
214 559 214
90 358 90
878 958 878
91 921 86
927 943 922
10 877 10
144 777 138
519 853 514
281 396 274
812 911 806
310 592 310
470 485 470
916 1018 910
786 849 786
328 812 322
42 685 42
531 880 526
235 612 230
309 456 302
447 484 442
670 832 670
324 785 318
710 860 710
333 471 326
667 927 662
76 415 70
312 540 306
386 538 386
262 575 262
935 1023 930
258 352 258
86 160 86
1001 1006 994
88 582 82
538 710 538
146 348 146
143 497 138
311 880 306
50 453 50
502 508 502
244 919 238
126 740 126
534 1004 534
273 662 266
130 142 130
855 892 850
134 971 134
766 876 766
97 309 90
253 446 246
866 988 866
2 764 2
101 282 94
65 624 58
96 1018 90
2 737 2
806 997 806
10 17 10
408 424 402
17 546 10
135 798 130
664 777 658
317 894 310
501 915 494
530 707 530
645 840 638
295 655 290
683 1000 678
214 344 214
199 337 194
327 722 322
34 44 34
564 988 558
815 974 810
305 956 298
477 686 470
165 1018 158
727 895 722
567 849 562
775 870 770
513 919 506
29 914 22
440 988 434
370 861 370
120 140 114
536 1018 530
404 532 398
816 922 810
756 785 750
407 937 402
672 745 666
439 488 434
1 68 1
313 564 306
468 742 462
456 627 450
114 843 114
298 316 298
278 492 278
761 835 754
365 384 358
158 719 158
20 129 14
410 607 410
928 997 922
257 364 250
567 1007 562
581 775 574
418 549 418
267 695 262
647 975 642
679 780 674
633 1010 626
233 255 226
376 741 370
733 749 726
926 1017 926
73 920 66
458 892 458
457 602 450
339 758 334
105 873 98
152 439 146
478 776 478
299 791 294
369 606 362
3 489 1
534 1005 534
785 792 778
193 957 186
53 648 46
97 492 90
10 703 10
792 963 786
641 692 634
309 1017 302
302 739 302
361 948 354
284 849 278
430 455 430
430 496 430
202 664 202
143 393 138
780 991 774
78 694 78
74 340 74
774 954 774
1 106 1
927 986 922
158 889 158
227 450 222
597 800 590
684 960 678
438 704 438
425 1020 418
114 211 114
214 250 214
73 480 66
49 316 42
334 577 334
628 1003 622
70 770 70
121 274 114
745 804 738
606 736 606
988 1012 982
457 887 450
162 276 162
933 989 926
216 719 210
144 547 138
147 229 142
688 807 682
412 875 406
106 650 106
48 461 42
112 808 106
850 1024 850
164 1023 158
238 549 238
174 374 174
21 56 14
420 535 414
288 527 282
146 183 146
944 1017 938
160 172 154
177 255 170
622 919 622
187 396 182
868 903 862
433 445 426
673 789 666
750 894 750
210 903 210
110 273 110
82 472 82
332 602 326
881 947 874
490 525 490
85 804 78
335 749 330
230 548 230
542 711 542
106 717 106
403 470 398
205 822 198
884 932 878
659 972 654
723 953 718
721 744 714
549 1007 542
473 792 466
571 667 566
870 936 870
554 932 554
175 993 170
832 929 826
370 407 370
867 925 862
811 1021 806
672 877 666
466 588 466
294 375 294
358 434 358
349 481 342
718 856 718
587 884 582
31 896 26
923 1005 918
301 751 294
146 347 146
412 823 406
444 678 438
618 769 618
565 994 558
853 1006 846
105 257 98
478 890 478
84 988 78
178 667 178
314 799 314
26 131 26
43 619 38
883 917 878
46 108 46
261 884 254
158 175 158
90 160 90
571 589 566
883 1014 878
6 379 6
200 206 194
463 888 458
354 446 354
634 655 634
904 1018 898
218 447 218
236 668 230
927 935 922
90 99 90
571 994 566
678 991 678
598 787 598
265 282 258
213 463 206
290 456 290
772 1005 766
47 114 42
665 782 658
258 364 258
334 748 334
634 638 634
606 625 606
206 421 206
3 965 1
428 474 422
517 1019 510
370 597 370
94 113 94
374 753 374
91 216 86
645 866 638
599 871 594
587 832 582
30 106 30
481 640 474
202 406 202
498 893 498
54 74 54
10 783 10
238 532 238
142 504 142
179 571 174
2 657 2
1008 1017 1002
288 406 282
450 539 450
280 708 274
571 755 566
82 256 82
590 998 590
499 659 494
813 1007 806
496 887 490
272 549 266
938 997 938
22 112 22
72 676 66
721 739 714
326 344 326
604 717 598
7 690 2
274 317 274
2 309 2
246 360 246
585 836 578
228 263 222
629 952 622
844 966 838
105 855 98
1 774 1
733 892 726
691 853 686
189 877 182
309 928 302
359 895 354
90 195 90
6 869 6
42 262 42
658 1007 658
547 748 542
110 207 110
505 984 498
10 221 10
38 91 38
158 965 158
6 52 6
492 584 486
504 639 498
74 127 74
438 711 438
6 808 6
319 550 314
815 885 810
680 740 674
713 957 706
138 261 138
186 190 186
114 932 114
560 842 554
952 993 946
218 590 218
554 647 554
303 677 298
895 918 890
865 900 858
166 589 166
163 654 158
314 961 314
318 474 318
704 894 698
18 53 18
186 672 186
84 951 78
141 628 134
146 218 146
59 1006 54
284 715 278
695 730 690
360 653 354
520 527 514
516 722 510
498 790 498
460 1008 454
465 599 458
1 871 1
827 870 822
515 570 510
696 818 690
598 985 598
829 964 822
693 920 686
653 654 646
596 600 590
470 879 470
329 390 322
82 97 82
91 465 86
616 714 610
304 884 298
520 726 514
500 561 494
506 937 506
898 988 898
62 583 62
42 563 42
166 616 166
323 361 318
45 774 38
814 990 814
311 667 306
186 727 186
510 879 510
106 597 106
223 366 218
643 914 638
601 989 594
206 663 206
37 420 30
353 627 346
683 689 678
8 858 2
206 413 206
335 607 330
259 720 254
422 454 422
921 989 914
658 749 658
34 61 34
819 940 814
370 705 370
542 670 542
221 932 214
579 969 574
397 666 390
486 621 486
324 980 318
53 554 46
660 819 654
211 992 206
354 892 354
710 810 710
23 818 18
537 767 530
282 305 282
6 59 6
398 525 398
122 618 122
5 625 1
778 806 778
666 924 666
895 976 890
925 1017 918
900 987 894
546 646 546
258 618 258
188 500 182
153 616 146
529 955 522
828 907 822
194 328 194
97 302 90
42 149 42
277 644 270
282 939 282
856 888 850
469 720 462
853 998 846
355 885 350
580 696 574
26 478 26
401 460 394
555 634 550
281 481 274
474 890 474
289 892 282
80 744 74
491 870 486
319 508 314
46 956 46
654 809 654
698 734 698
95 409 90
274 483 274
14 56 14
234 334 234
298 649 298
979 982 974
38 606 38
6 17 6
210 845 210
439 849 434
117 420 110
979 1007 974
861 988 854
47 155 42
74 114 74
757 796 750
480 578 474
186 917 186
853 900 846
182 273 182
214 318 214
281 735 274
436 950 430
86 418 86
656 880 650
53 196 46
62 176 62
559 1014 554
399 680 394
437 624 430
705 904 698
437 528 430
542 963 542
38 295 38
58 788 58
972 994 966
86 134 86
494 964 494
166 978 166
513 650 506
271 321 266
430 781 430
623 997 618
21 1008 14
234 970 234
131 765 126
113 501 106
929 1011 922
150 917 150
306 985 306
125 133 118
918 1019 918
154 783 154
975 1005 970
345 820 338
918 946 918
301 858 294
500 1003 494
202 853 202
254 644 254
82 125 82
324 753 318
267 555 262
601 703 594
206 514 206
127 442 122
10 66 10
322 916 322
414 840 414
346 693 346
839 1013 834
131 257 126
289 591 282
473 981 466
133 230 126
755 856 750
706 778 706
632 732 626
963 991 958
55 480 50
294 495 294
62 831 62
704 879 698
122 213 122
30 201 30
42 51 42
222 539 222
834 987 834
887 907 882
525 654 518
428 575 422
122 396 122
85 675 78
43 230 38
674 1022 674
995 1023 990
1 400 1
54 78 54
227 559 222
498 990 498
218 393 218
390 837 390
795 843 790
52 987 46
86 1024 86
860 937 854
158 257 158
235 432 230
865 944 858
3 431 1
244 973 238
121 713 114
681 709 674
709 974 702
695 983 690
482 521 482
94 159 94
667 925 662
178 267 178
592 799 586
730 765 730
302 609 302
438 456 438
302 975 302
410 722 410
1007 1016 1002
65 111 58
310 408 310
99 552 94
574 961 574
210 301 210
134 912 134
704 753 698
554 987 554
811 817 806
600 892 594
150 727 150
234 898 234
22 87 22
55 745 50
430 1010 430
147 620 142
100 836 94
12 46 6
353 986 346
70 701 70
303 807 298
58 381 58
337 897 330
320 624 314
292 307 286
437 972 430
418 555 418
104 172 98
42 388 42
289 590 282
143 177 138
2 313 2
381 387 374
541 892 534
238 693 238
257 857 250
693 758 686
242 1019 242
762 819 762
22 302 22
444 454 438
484 904 478
221 513 214
254 757 254
202 721 202
312 521 306
78 917 78
42 101 42
169 328 162
830 894 830
82 956 82
50 75 50
200 513 194
206 248 206
700 702 694
260 834 254
407 567 402
102 213 102
152 686 146
106 836 106
572 650 566
531 576 526
1 86 1
226 580 226
706 957 706
18 200 18
334 543 334
415 460 410
960 966 954
996 1005 990
50 442 50
497 634 490
86 838 86
23 871 18
12 128 6
500 932 494
267 635 262
192 644 186
407 917 402
154 181 154
953 1012 946
2 22 2
258 280 258
657 677 650
235 433 230
283 465 278
884 956 878
2 525 2
333 451 326
450 1019 450
114 987 114
128 832 122
86 451 86
577 669 570
73 707 66
835 891 830
214 640 214
329 429 322
95 360 90
26 147 26
765 924 758
526 736 526
330 906 330
446 1013 446
278 843 278
220 415 214
940 971 934
474 868 474
138 209 138
133 348 126
608 622 602
302 708 302
167 360 162
658 848 658
144 376 138
524 635 518
130 155 130
361 439 354
24 322 18
219 487 214
76 923 70
493 638 486
430 924 430
452 938 446
318 499 318
37 361 30
894 947 894
197 880 190
894 926 894
302 924 302
940 947 934
210 494 210
66 168 66
88 667 82
628 975 622
386 987 386
955 1007 950
434 702 434
338 717 338
669 1004 662
195 376 190
498 757 498
475 834 470
303 941 298
586 632 586
317 418 310
100 391 94
880 914 874
315 901 310
118 806 118
668 721 662
288 388 282
392 549 386
161 803 154
96 660 90
32 290 26
629 909 622
913 994 906
848 908 842
248 323 242
34 122 34
848 962 842
150 1013 150
117 678 110
122 667 122
721 766 714
546 848 546
680 770 674
768 866 762
556 693 550
686 825 686
275 874 270
242 728 242
415 669 410
255 565 250
41 753 34
213 798 206
471 744 466
296 766 290
262 357 262
220 281 214
454 681 454
615 977 610
295 805 290
543 918 538
177 805 170
973 996 966
787 972 782
86 734 86
278 339 278
60 270 54
847 975 842
900 952 894
655 855 650
394 521 394
598 635 598
51 402 46
493 787 486
544 614 538
36 784 30
156 360 150
374 542 374
72 366 66
305 527 298
147 1009 142
239 369 234
10 123 10
895 948 890
835 940 830
83 928 78
127 949 122
879 998 874
213 549 206
471 673 466
586 880 586
218 579 218
606 695 606
314 362 314
30 423 30
117 342 110
460 912 454
16 751 10
52 595 46
786 843 786
69 440 62
904 972 898
325 618 318
944 966 938
299 849 294
827 882 822
177 974 170
310 648 310
325 904 318
968 1007 962
450 1000 450
870 997 870
39 503 34
438 889 438
696 923 690
186 844 186
716 874 710
727 749 722
664 827 658
18 38 18
398 709 398
30 303 30
853 889 846
399 496 394
290 506 290
285 988 278
499 670 494
331 828 326
66 130 66
42 296 42
14 976 14
482 579 482
315 487 310
190 412 190
606 766 606
238 463 238
362 420 362
493 550 486
728 804 722
570 863 570
778 942 778
207 758 202
648 954 642
54 315 54
381 635 374
518 573 518
726 963 726
646 770 646
655 732 650
977 983 970
763 936 758
367 718 362
150 474 150
239 874 234
472 608 466
585 971 578
410 871 410
241 560 234
816 890 810
406 811 406
30 919 30
114 873 114
34 269 34
394 1005 394
916 937 910
74 310 74
190 496 190
94 220 94
126 309 126
359 660 354
218 627 218
633 731 626
250 342 250
301 384 294
354 645 354
166 380 166
78 862 78
70 207 70
297 619 290
16 776 10
369 733 362
574 612 574
2 158 2
853 1016 846
351 672 346
828 940 822
222 467 222
644 903 638
51 962 46
222 535 222
511 1000 506
45 794 38
158 803 158
829 910 822
567 771 562
788 799 782
570 753 570
197 985 190
539 838 534
288 962 282
630 910 630
210 768 210
14 21 14
30 76 30
740 964 734
523 599 518
627 991 622
510 655 510
383 841 378
181 830 174
94 970 94
354 468 354
352 618 346
227 564 222
57 712 50
296 637 290
369 393 362
96 515 90
501 678 494
522 658 522
77 909 70
278 448 278
84 654 78
639 933 634
113 570 106
78 270 78
790 812 790
46 297 46
832 938 826
116 891 110
108 138 102
431 929 426
823 1018 818
52 481 46
565 789 558
729 961 722
758 838 758
772 986 766
118 240 118
146 463 146
230 504 230
26 388 26
302 481 302
494 897 494
642 650 642
86 932 86
71 520 66
670 905 670
669 908 662
444 622 438
338 592 338
34 87 34
128 965 122
285 458 278
346 878 346
945 985 938
222 755 222
911 999 906
194 229 194
118 166 118
323 951 318
706 831 706
740 870 734
217 843 210
410 531 410
62 229 62
545 927 538
292 925 286
764 915 758
241 657 234
139 847 134
663 772 658
891 998 886
438 643 438
494 804 494
290 753 290
378 605 378
56 749 50
162 430 162
172 739 166
192 557 186
62 353 62
170 174 170
672 741 666
143 205 138
238 381 238
297 975 290
473 784 466
635 702 630
512 714 506
731 982 726
372 910 366
282 989 282
286 330 286
497 586 490
118 185 118
302 579 302
432 779 426
110 831 110
312 496 306
470 562 470
108 738 102
332 472 326
899 925 894
262 811 262
161 492 154
45 817 38
394 1010 394
200 380 194
520 1008 514
459 514 454
50 90 50
106 878 106
380 682 374
254 806 254
253 653 246
450 491 450
456 673 450
94 126 94
276 600 270
775 920 770
694 857 694
720 824 714
394 915 394
326 486 326
885 904 878
542 1021 542
516 812 510
158 274 158
774 980 774
856 891 850
27 125 22
301 355 294
572 750 566
38 978 38
199 644 194
94 117 94
94 980 94
150 706 150
585 740 578
314 473 314
6 68 6
167 990 162
206 1018 206
296 906 290
34 718 34
218 738 218
207 238 202
61 970 54
330 838 330
234 511 234
819 970 814
474 536 474
225 273 218
574 727 574
742 1004 742
355 643 350
857 951 850
119 313 114
411 988 406
384 735 378
312 348 306
97 937 90
118 220 118
270 492 270
211 548 206
399 592 394
102 802 102
929 1000 922
282 947 282
151 876 146
680 980 674
989 1017 982
530 833 530
558 915 558
411 726 406
771 792 766
647 648 642
478 926 478
353 515 346
237 523 230
721 796 714
78 275 78
470 889 470
70 482 70
222 772 222
632 941 626
234 440 234
160 939 154
710 908 710
225 660 218
201 993 194
209 909 202
1003 1019 998
339 756 334
154 739 154
430 752 430
656 890 650
48 875 42
246 290 246
635 810 630
531 720 526
87 114 82
309 807 302
51 186 46
450 796 450
300 621 294
207 528 202
81 293 74
572 588 566
479 736 474
230 384 230
161 731 154
505 867 498
264 1000 258
548 616 542
302 361 302
116 128 110
287 603 282
640 715 634
82 799 82
349 875 342
80 400 74
130 897 130
174 692 174
344 763 338
170 408 170
228 620 222
261 527 254
132 444 126
997 1006 990
388 743 382
146 168 146
678 715 678
149 809 142
50 233 50
745 835 738
670 849 670
456 512 450
168 793 162
487 896 482
798 999 798
398 515 398
610 900 610
370 698 370
78 420 78
650 872 650
280 966 274
618 920 618
445 757 438
712 893 706
909 919 902
505 527 498
316 345 310
396 691 390
20 546 14
80 437 74
126 960 126
875 969 870
418 636 418
6 152 6
446 993 446
321 489 314
370 645 370
437 596 430
338 1005 338
65 203 58
22 687 22
25 192 18
36 107 30
171 1000 166
401 422 394
184 468 178
277 552 270
214 679 214
480 828 474
41 868 34
79 377 74
507 700 502
10 362 10
685 942 678
200 590 194
54 853 54
84 565 78
776 884 770
526 801 526
450 965 450
896 985 890
170 323 170
661 738 654
372 452 366
60 164 54
38 44 38
62 137 62
156 505 150
239 443 234
78 276 78
130 856 130
180 785 174
937 946 930
101 488 94
826 1020 826
66 126 66
283 986 278
654 959 654
310 412 310
720 962 714
452 479 446
22 386 22
272 372 266
254 451 254
86 740 86
198 208 198
714 811 714
501 985 494
49 503 42
146 612 146
340 577 334
532 823 526
10 804 10
571 901 566
342 599 342
221 582 214
217 677 210
391 576 386
26 202 26
127 477 122
74 687 74
680 986 674
560 718 554
186 594 186
10 559 10
43 269 38
95 586 90
495 719 490
129 578 122
899 974 894
205 324 198
242 414 242
48 440 42
354 423 354
501 854 494
202 858 202
155 748 150
326 422 326
10 805 10
917 919 910
393 949 386
409 559 402
142 694 142
959 1005 954
510 664 510
710 807 710
541 910 534
215 284 210
442 497 442
114 337 114
97 602 90
857 1020 850
861 907 854
1 361 1
68 724 62
724 795 718
169 418 162
602 944 602
378 558 378
208 249 202
192 804 186
216 921 210
313 664 306
463 540 458
138 303 138
217 310 210
418 474 418
426 697 426
813 878 806
329 958 322
767 889 762
372 474 366
153 710 146
496 860 490
341 828 334
703 880 698
928 939 922
481 739 474
94 331 94
26 948 26
10 762 10
244 558 238
206 890 206
823 962 818
387 934 382
66 139 66
569 910 562
114 235 114
143 696 138
514 750 514
96 674 90
90 201 90
321 625 314
936 995 930
762 781 762
474 652 474
268 384 262
170 595 170
162 627 162
583 925 578
168 422 162
221 278 214
682 940 682
837 913 830
163 796 158
232 888 226
1 99 1
572 831 566
518 974 518
823 997 818
522 684 522
354 867 354
442 689 442
366 680 366
174 794 174
538 550 538
259 315 254
907 1023 902
643 1002 638
519 808 514
28 652 22
50 97 50
172 737 166
250 591 250
402 981 402
5 648 1
518 740 518
430 627 430
142 735 142
952 960 946
885 893 878
414 431 414
490 923 490
464 794 458
226 405 226
911 1004 906
635 659 630
687 851 682
620 649 614
26 919 26
776 992 770
585 708 578
66 622 66
251 516 246
274 593 274
461 793 454
18 23 18
68 639 62
404 551 398
399 470 394
751 887 746
261 392 254
136 240 130
496 593 490
210 330 210
404 712 398
254 284 254
968 978 962
638 842 638
267 653 262
337 1007 330
829 911 822
158 313 158
442 690 442
513 634 506
30 77 30
955 1008 950
102 482 102
851 895 846
206 930 206
264 721 258
36 358 30
46 1011 46
430 669 430
429 757 422
511 519 506
246 943 246
306 588 306
223 392 218
346 422 346
115 595 110
694 768 694
505 761 498
641 928 634
408 1002 402
330 427 330
467 864 462
278 444 278
651 963 646
656 686 650
586 590 586
882 989 882
810 856 810
423 556 418
232 622 226
350 412 350
67 693 62
367 558 362
254 837 254
301 611 294
450 498 450
371 753 366
15 44 10
32 365 26
503 788 498
522 786 522
981 1005 974
349 686 342
620 963 614
42 263 42
769 937 762
492 527 486
298 626 298
51 341 46
102 998 102
194 869 194
159 807 154
34 625 34
476 516 470
149 739 142
968 996 962
2 31 2
262 278 262
1 35 1
146 690 146
686 922 686
14 64 14
312 711 306
196 308 190
287 844 282
126 428 126
655 729 650
808 860 802
18 49 18
744 797 738
399 512 394
148 222 142
234 422 234
249 292 242
276 688 270
239 612 234
617 872 610
664 1015 658
102 915 102
308 321 302
52 525 46
608 724 602
286 736 286
98 312 98
230 280 230
166 910 166
362 434 362
608 782 602
1 602 1
126 387 126
1 576 1
387 465 382
128 935 122
22 49 22
608 892 602
104 327 98
322 445 322
329 406 322
170 790 170
520 537 514
486 615 486
669 770 662
622 754 622
588 848 582
681 850 674
691 829 686
27 33 22
828 999 822
963 1007 958
504 1019 498
236 426 230
523 975 518
230 262 230
242 305 242
169 576 162
583 875 578
909 974 902
545 617 538
152 552 146
585 652 578
178 872 178
211 723 206
466 513 466
307 613 302
16 299 10
14 297 14
553 889 546
584 714 578
286 896 286
234 837 234
207 948 202
146 246 146
417 670 410
924 969 918
262 628 262
519 609 514
759 805 754
717 890 710
570 575 570
106 356 106
898 949 898
605 968 598
166 278 166
4 239 1
368 556 362
167 704 162
54 178 54
205 900 198
469 992 462
322 1001 322
386 698 386
70 376 70
560 716 554
718 980 718
180 962 174
928 971 922
1 38 1
825 1003 818
440 981 434
42 356 42
968 976 962
226 268 226
282 295 282
366 615 366
972 1018 966
650 824 650
820 996 814
706 845 706
929 992 922
745 1012 738
751 905 746
330 740 330
931 958 926
159 403 154
122 704 122
619 1014 614
106 912 106
604 733 598
474 880 474
246 427 246
776 999 770
154 563 154
309 572 302
208 862 202
368 872 362
701 928 694
857 907 850
669 944 662
535 1015 530
645 867 638
802 851 802
574 614 574
246 481 246
802 890 802
294 387 294
110 287 110
395 552 390
838 901 838
87 866 82
1011 1015 1006
38 180 38
398 670 398
449 648 442
17 708 10
514 563 514
257 280 250
158 959 158
48 404 42
190 389 190
316 555 310
494 839 494
782 872 782
737 772 730
642 867 642
322 629 322
767 973 762
229 598 222
78 555 78
183 418 178
639 873 634
900 1023 894
254 371 254
760 817 754
446 462 446
425 971 418
193 478 186
130 894 130
261 998 254
86 620 86
662 889 662
34 182 34
574 762 574
796 948 790
346 1016 346
126 716 126
731 844 726
779 791 774
644 685 638
7 120 2
643 828 638
25 559 18
299 719 294
443 742 438
993 998 986
270 1023 270
230 248 230
272 778 266
74 126 74
4 754 1
431 434 426
108 414 102
766 949 766
463 530 458
273 673 266
17 560 10
784 992 778
463 630 458
372 787 366
294 383 294
570 917 570
190 643 190
790 804 790
554 722 554
834 894 834
104 444 98
624 649 618
807 998 802
793 799 786
984 989 978
122 468 122
496 685 490
742 755 742
664 995 658
704 719 698
209 870 202
545 773 538
352 958 346
777 946 770
250 870 250
2 6 2
129 264 122
567 747 562
641 825 634
211 883 206
26 185 26
202 392 202
77 368 70
636 819 630
924 1021 918
935 943 930
298 866 298
477 900 470
431 487 426
62 115 62
142 200 142
342 708 342
180 762 174
342 436 342
929 978 922
526 942 526
154 191 154
290 459 290
760 773 754
335 833 330
880 963 874
766 869 766
857 971 850
761 828 754
663 903 658
987 995 982
146 346 146
619 811 614
1008 1021 1002
772 995 766
208 573 202
22 30 22
521 712 514
236 787 230
446 456 446
21 403 14
512 556 506
537 635 530
8 166 2
6 1011 6
338 647 338
188 975 182
158 487 158
697 832 690
68 395 62
280 298 274
34 42 34
492 947 486
474 601 474
170 176 170
523 744 518
85 398 78
281 394 274
102 654 102
2 21 2
71 502 66
388 591 382
456 996 450
212 659 206
63 1019 58
365 401 358
694 841 694
609 759 602
174 514 174
512 783 506
326 494 326
318 738 318
749 753 742
778 921 778
354 765 354
215 407 210
865 966 858
238 666 238
379 384 374
500 978 494
102 153 102
126 819 126
246 910 246
156 849 150
888 987 882
46 179 46
6 744 6
845 1012 838
863 906 858
146 487 146
1013 1019 1006
544 983 538
378 663 378
271 667 266
250 380 250
1 248 1
106 862 106
226 330 226
86 354 86
459 707 454
218 367 218
24 818 18
672 676 666
259 486 254
588 858 582
596 835 590
872 992 866
89 559 82
611 648 606
468 787 462
404 642 398
383 621 378
328 864 322
567 979 562
85 265 78
695 855 690
184 553 178
135 603 130
513 575 506
374 887 374
174 387 174
274 692 274
430 990 430
477 548 470
398 539 398
583 790 578
342 680 342
85 149 78
53 653 46
143 720 138
402 614 402
141 397 134
657 930 650
462 683 462
110 368 110
103 537 98
472 502 466
32 666 26
143 469 138
69 842 62
162 566 162
190 561 190
880 985 874
68 567 62
562 907 562
661 953 654
590 601 590
182 624 182
894 915 894
522 750 522
432 982 426
187 516 182
674 734 674
634 756 634
847 908 842
837 959 830
178 382 178
66 437 66
230 844 230
126 458 126
338 502 338
925 944 918
230 650 230
58 340 58
208 646 202
78 215 78
478 908 478
562 958 562
877 976 870
512 930 506
23 1014 18
515 1010 510
242 288 242
79 785 74
438 775 438
422 464 422
633 998 626
452 593 446
888 1008 882
367 447 362
490 818 490
454 839 454
960 969 954
310 429 310
557 895 550
658 715 658
461 959 454
119 678 114
10 278 10
422 452 422
443 563 438
434 907 434
86 168 86
265 691 258
367 632 362
10 602 10
193 816 186
849 899 842
478 767 478
253 481 246
290 494 290
297 891 290
622 735 622
266 308 266
32 712 26
519 753 514
348 731 342
489 914 482
82 114 82
725 860 718
332 782 326
1 124 1
154 616 154
376 682 370
476 969 470
836 866 830
166 273 166
203 428 198
117 329 110
916 941 910
20 356 14
563 811 558
347 450 342
188 750 182
572 937 566
996 1020 990
236 570 230
57 494 50
339 757 334
677 689 670
783 814 778
584 621 578
311 905 306
807 858 802
874 926 874
42 491 42
673 778 666
315 671 310
973 1013 966
757 770 750
151 663 146
142 677 142
3 963 1
14 738 14
238 961 238
194 388 194
323 416 318
657 709 650
825 1010 818
167 265 162
286 324 286
378 746 378
457 737 450
158 653 158
648 844 642
65 918 58
739 742 734
735 999 730
677 820 670
23 961 18
181 641 174
623 879 618
200 858 194
418 634 418
735 781 730
812 833 806
300 860 294
682 712 682
435 541 430
120 837 114
392 409 386
365 565 358
513 862 506
508 744 502
557 773 550
393 506 386
220 570 214
490 552 490
518 712 518
984 1014 978
22 372 22
72 327 66
187 241 182
70 215 70
21 883 14
370 557 370
488 995 482
925 1020 918
345 777 338
562 717 562
42 100 42
40 432 34
86 132 86
2 377 2
321 526 314
209 982 202
180 859 174
162 274 162
196 953 190
185 426 178
554 962 554
875 971 870
77 746 70
40 421 34
243 512 238
242 904 242
265 963 258
965 997 958
86 563 86
622 742 622
415 661 410
234 321 234
70 590 70
863 898 858
162 733 162
472 871 466
272 922 266
1007 1018 1002
223 835 218
375 392 370
768 923 762
178 307 178
81 814 74
316 656 310
187 803 182
182 376 182
38 658 38
645 944 638
291 495 286
270 1014 270
688 955 682
387 568 382
7 369 2
442 500 442
74 887 74
270 476 270
784 788 778
263 350 258
114 942 114
462 779 462
203 986 198
836 1024 830
206 612 206
226 243 226
814 1004 814
9 324 2
76 591 70
111 898 106
898 995 898
66 890 66
909 1016 902
582 591 582
707 896 702
142 980 142
442 605 442
586 949 586
139 412 134
210 576 210
1011 1024 1006
793 823 786
895 913 890
8 636 2
1004 1007 998
210 297 210
142 359 142
779 798 774
423 938 418
460 730 454
322 449 322
907 949 902
640 745 634
943 985 938
592 756 586
18 297 18
692 1015 686
701 805 694
102 305 102
957 972 950
78 344 78
937 956 930
419 472 414
533 970 526
353 433 346
42 309 42
363 469 358
33 448 26
594 999 594
29 607 22
763 878 758
165 295 158
362 923 362
510 880 510
38 577 38
28 231 22
137 760 130
356 854 350
777 819 770
14 42 14
856 1021 850
69 579 62
312 641 306
699 783 694
272 973 266
376 1002 370
43 738 38
871 969 866
892 897 886
481 882 474
126 146 126
302 761 302
901 903 894
134 213 134
10 710 10
82 809 82
417 634 410
431 639 426
14 846 14
54 60 54
502 611 502
15 524 10
816 967 810
932 943 926
279 447 274
847 940 842
106 144 106
818 830 818
186 330 186
286 358 286
391 803 386
614 1011 614
113 837 106
329 1010 322
142 583 142
314 603 314
462 888 462
446 958 446
764 816 758
365 751 358
3 933 1
30 39 30
150 626 150
546 739 546
174 243 174
278 377 278
41 196 34
536 966 530
222 728 222
194 470 194
84 103 78
477 513 470
208 959 202
26 211 26
731 869 726
619 712 614
352 583 346
686 807 686
547 745 542
167 578 162
213 297 206
991 1024 986
676 975 670
97 507 90
608 683 602
1 402 1
247 406 242
172 979 166
30 94 30
201 978 194
502 838 502
147 428 142
544 847 538
174 1004 174
898 980 898
426 1011 426
338 374 338
631 679 626
22 48 22
761 859 754
190 832 190
32 449 26
234 904 234
760 986 754
85 636 78
138 743 138
220 531 214
7 158 2
150 612 150
969 981 962
541 825 534
38 681 38
14 131 14
392 710 386
70 652 70
42 121 42
8 663 2
233 720 226
58 327 58
33 774 26
324 413 318
266 345 266
858 869 858
198 677 198
368 994 362
439 659 434
686 708 686
74 397 74
602 923 602
361 774 354
458 525 458
513 566 506
367 1000 362
744 992 738
434 519 434
271 419 266
94 432 94
286 559 286
525 967 518
110 239 110
298 408 298
106 176 106
512 839 506
382 568 382
442 702 442
146 675 146
997 998 990
414 974 414
642 721 642
65 892 58
2 523 2
443 678 438
222 579 222
494 849 494
62 962 62
865 909 858
33 353 26
360 859 354
23 127 18
522 604 522
588 792 582
376 717 370
238 648 238
438 995 438
54 917 54
282 367 282
34 289 34
817 903 810
1 49 1
615 973 610
364 994 358
473 488 466
609 1003 602
42 193 42
908 990 902
142 433 142
98 883 98
855 917 850
312 494 306
297 354 290
302 886 302
155 967 150
207 450 202
690 700 690
440 808 434
562 945 562
892 950 886
304 539 298
572 662 566
130 529 130
679 798 674
280 408 274
7 965 2
582 667 582
554 827 554
530 787 530
789 798 782
202 571 202
785 872 778
875 884 870
386 450 386
79 244 74
686 783 686
223 651 218
42 1014 42
15 548 10
925 940 918
306 509 306
10 23 10
583 697 578
335 375 330
167 744 162
166 185 166
432 488 426
166 298 166
231 585 226
320 569 314
194 252 194
206 949 206
441 914 434
292 930 286
177 875 170
652 813 646
136 430 130
174 943 174
678 987 678
369 749 362
832 885 826
177 809 170
689 763 682
222 604 222
337 747 330
107 580 102
347 994 342
122 642 122
497 716 490
116 466 110
61 370 54
824 852 818
782 915 782
220 326 214
303 434 298
615 948 610
500 758 494
398 853 398
101 427 94
6 318 6
408 1016 402
18 384 18
641 1007 634
170 751 170
4 989 1
278 452 278
355 424 350
211 549 206
43 504 38
829 1013 822
916 1006 910
297 719 290
241 403 234
422 564 422
173 658 166
477 566 470
158 322 158
594 705 594
876 898 870
945 969 938
902 992 902
368 516 362
358 600 358
128 997 122
183 355 178
711 896 706
763 957 758
60 845 54
290 779 290
651 863 646
543 837 538
99 177 94
311 875 306
298 373 298
938 1004 938
825 895 818
142 437 142
556 564 550
173 475 166
259 978 254
830 943 830
838 982 838
361 383 354
177 413 170
288 904 282
205 361 198
250 632 250
657 712 650
180 758 174
712 836 706
136 989 130
488 700 482
568 868 562
298 497 298
795 967 790
482 781 482
330 759 330
352 813 346
883 965 878
41 213 34
287 683 282
102 537 102
1 538 1
120 633 114
458 970 458
506 988 506
330 376 330
174 567 174
30 847 30
10 202 10
963 1002 958
48 508 42
354 394 354
618 721 618
145 711 138
131 465 126
199 311 194
361 815 354
488 586 482
409 520 402
373 709 366
103 123 98
386 955 386
944 996 938
204 305 198
227 558 222
355 512 350
374 794 374
478 638 478
126 409 126
337 923 330
845 860 838
640 881 634
11 685 6
473 505 466
867 918 862
85 428 78
140 657 134
6 89 6
296 457 290
177 581 170
170 521 170
811 1011 806
660 766 654
174 513 174
15 61 10
97 694 90
772 982 766
457 636 450
118 688 118
779 787 774
285 422 278
567 646 562
675 733 670
58 492 58
875 921 870
999 1013 994
30 312 30
309 454 302
22 29 22
442 533 442
68 196 62
54 70 54
96 770 90
679 892 674
975 998 970
30 894 30
218 686 218
672 1012 666
194 872 194
604 958 598
267 331 262
172 179 166
162 529 162
655 717 650
866 984 866
984 1020 978
23 187 18
100 672 94
494 588 494
62 254 62
182 575 182
49 846 42
823 934 818
599 731 594
449 712 442
571 805 566
10 557 10
130 274 130
112 223 106
136 746 130
707 732 702
622 733 622
90 338 90
465 928 458
6 236 6
165 178 158
54 76 54
37 147 30
70 779 70
359 656 354
190 374 190
570 849 570
847 1013 842
65 534 58
14 63 14
356 917 350
122 181 122
749 853 742
762 808 762
29 996 22
284 682 278
456 643 450
126 214 126
147 480 142
467 719 462
417 773 410
78 195 78
255 676 250
563 982 558
731 808 726
253 490 246
128 357 122
295 888 290
174 218 174
322 927 322
394 569 394
215 971 210
385 437 378
936 1018 930
258 644 258
214 320 214
55 370 50
602 658 602
386 663 386
579 842 574
619 793 614
24 510 18
50 83 50
66 1005 66
634 932 634
255 647 250
472 684 466
440 754 434
93 201 86
239 356 234
193 849 186
718 886 718
175 601 170
242 282 242
527 594 522
618 666 618
362 660 362
560 715 554
54 880 54
384 614 378
407 482 402
229 397 222
142 640 142
399 462 394
194 245 194
427 970 422
400 568 394
17 662 10
964 995 958
684 847 678
783 788 778
2 73 2
210 764 210
418 833 418
253 290 246
191 931 186
174 204 174
75 757 70
298 492 298
110 354 110
901 1021 894
264 822 258
181 605 174
311 689 306
51 805 46
106 149 106
246 470 246
226 962 226
482 838 482
995 1021 990
168 700 162
138 877 138
593 864 586
895 960 890
172 312 166
498 1018 498
522 815 522
222 345 222
113 521 106
46 282 46
357 1014 350
614 686 614
498 546 498
118 818 118
13 436 6
334 587 334
322 706 322
519 740 514
631 667 626
98 121 98
158 240 158
247 552 242
81 935 74
80 432 74
415 1018 410
245 931 238
623 909 618
510 522 510
1 333 1
2 30 2
584 820 578
212 241 206
860 958 854
198 406 198
38 103 38
53 520 46
238 741 238
285 817 278
804 917 798
101 567 94
274 430 274
236 282 230
570 851 570
286 374 286
101 727 94
366 538 366
188 606 182
511 702 506
767 860 762
779 940 774
87 912 82
151 262 146
891 957 886
111 744 106
631 796 626
989 1013 982
61 581 54
395 996 390
808 950 802
471 658 466
270 782 270
437 668 430
283 587 278
904 1024 898
22 408 22
139 893 134
50 65 50
396 831 390
399 900 394
150 240 150
485 713 478
482 708 482
81 880 74
584 701 578
112 390 106
720 761 714
948 970 942
387 689 382
29 992 22
200 437 194
471 988 466
256 570 250
133 173 126
182 478 182
134 520 134
95 648 90
522 571 522
1 687 1
253 870 246
800 828 794
346 872 346
47 1010 42
150 210 150
847 948 842
346 351 346
565 764 558
7 257 2
62 268 62
303 383 298
302 791 302
32 485 26
460 950 454
210 316 210
314 552 314
374 721 374
118 134 118
250 294 250
453 868 446
106 210 106
589 667 582
535 688 530
34 157 34
275 813 270
519 915 514
105 797 98
615 869 610
98 340 98
350 364 350
1 73 1
605 642 598
66 94 66
45 268 38
226 612 226
639 800 634
258 303 258
119 604 114
909 913 902
831 850 826
224 446 218
599 1016 594
45 999 38
135 647 130
247 861 242
20 244 14
54 964 54
724 1020 718
285 698 278
342 363 342
419 464 414
892 963 886
1 974 1
934 1018 934
14 290 14
480 894 474
665 984 658
491 850 486
429 876 422
838 863 838
378 586 378
573 825 566
781 822 774
46 221 46
266 581 266
129 609 122
136 643 130
66 639 66
336 661 330
339 480 334
672 882 666
382 386 382
166 883 166
436 696 430
278 554 278
45 665 38
256 594 250
502 594 502
101 590 94
233 672 226
667 683 662
634 831 634
1 931 1
38 64 38
423 1023 418
133 310 126
278 603 278
4 291 1
46 263 46
278 593 278
118 714 118
651 818 646
21 242 14
584 771 578
830 985 830
615 751 610
527 770 522
375 662 370
150 288 150
431 891 426
198 344 198
266 464 266
858 945 858
579 758 574
146 289 146
30 432 30
522 575 522
988 992 982
113 665 106
338 715 338
374 780 374
542 742 542
26 697 26
630 834 630
38 143 38
328 430 322
939 954 934
1 107 1
785 928 778
308 564 302
471 829 466
41 323 34
491 947 486
226 502 226
200 575 194
194 619 194
400 496 394
447 993 442
105 429 98
1 180 1
982 991 982
236 950 230
750 879 750
522 641 522
139 769 134
967 976 962
144 676 138
150 557 150
132 330 126
639 874 634
51 845 46
182 948 182
174 207 174
529 799 522
170 337 170
905 949 898
250 608 250
840 1020 834
937 1013 930
375 474 370
186 785 186
748 873 742
857 979 850
353 382 346
85 1018 78
710 1000 710
358 428 358
465 944 458
23 577 18
302 379 302
790 910 790
49 992 42
98 327 98
609 933 602
78 284 78
885 971 878
716 790 710
383 780 378
527 865 522
46 541 46
513 739 506
144 766 138
273 604 266
106 391 106
68 520 62
58 179 58
274 623 274
234 460 234
246 277 246
631 656 626
61 767 54
26 69 26
26 945 26
908 985 902
359 981 354
185 689 178
186 929 186
447 838 442
207 632 202
38 69 38
294 340 294
30 471 30
58 990 58
109 364 102
513 687 506
148 402 142
34 134 34
446 916 446
351 403 346
492 701 486
314 890 314
106 700 106
234 431 234
30 679 30
44 267 38
405 713 398
319 774 314
842 899 842
394 436 394
330 349 330
825 966 818
306 759 306
176 868 170
346 503 346
690 812 690
237 358 230
555 986 550
362 921 362
406 641 406
239 332 234
420 439 414
494 868 494
773 845 766
3 314 1
443 860 438
178 403 178
592 919 586
338 357 338
325 682 318
362 836 362
34 138 34
564 627 558
450 555 450
718 810 718
704 739 698
208 323 202
610 686 610
129 927 122
454 920 454
15 79 10
373 672 366
979 1011 974
789 906 782
104 576 98
72 617 66
917 953 910
370 686 370
840 882 834
615 827 610
34 271 34
368 908 362
851 990 846
997 1008 990
158 251 158
594 650 594
424 508 418
566 887 566
818 887 818
701 869 694
520 867 514
126 646 126
968 971 962
305 505 298
62 99 62
636 654 630
92 905 86
3 573 1
554 1024 554
8 132 2
255 304 250
520 745 514
394 466 394
426 541 426
126 612 126
350 429 350
570 847 570
81 991 74
106 124 106
795 832 790
615 969 610
409 925 402
391 400 386
669 1012 662
422 746 422
623 659 618
917 993 910
895 967 890
506 580 506
446 633 446
236 245 230
482 509 482
393 414 386
52 268 46
584 801 578
546 835 546
158 731 158
249 988 242
296 864 290
853 903 846
790 872 790
324 779 318
654 884 654
490 623 490
132 259 126
933 959 926
346 663 346
886 956 886
706 1016 706
195 978 190
504 856 498
232 885 226
912 927 906
493 716 486
618 975 618
678 931 678
126 287 126
940 994 934
6 178 6
846 879 846
654 702 654
342 432 342
115 891 110
557 815 550
434 511 434
660 948 654
373 935 366
196 905 190
206 842 206
909 940 902
461 479 454
13 174 6
848 969 842
429 972 422
567 680 562
77 932 70
575 708 570
157 776 150
257 790 250
786 887 786
358 443 358
254 683 254
102 638 102
19 261 14
854 1018 854
222 477 222
721 758 714
10 647 10
567 813 562
861 1010 854
868 958 862
278 392 278
819 833 814
551 595 546
868 1013 862
396 643 390
424 994 418
903 947 898
78 550 78
768 965 762
751 909 746
29 128 22
276 707 270
365 700 358
804 827 798
494 940 494
758 802 758
291 321 286
676 690 670
170 592 170
322 909 322
704 873 698
210 226 210
399 763 394
230 534 230
618 861 618
619 810 614
176 429 170
129 419 122
37 241 30
132 190 126
139 168 134
262 361 262
184 1008 178
44 925 38
451 909 446
984 988 978
742 805 742
82 571 82
82 92 82
8 212 2
290 471 290
881 1005 874
94 929 94
885 1013 878
218 270 218
284 970 278
101 762 94
155 534 150
603 846 598
151 278 146
115 341 110
248 418 242
157 769 150
227 1020 222
908 1010 902
836 921 830
544 617 538
26 290 26
414 628 414
515 906 510
66 412 66
62 291 62
615 880 610
482 964 482
986 990 986
551 964 546
971 1004 966
34 201 34
50 452 50
28 636 22
70 591 70
819 986 814
498 577 498
50 66 50
286 728 286
237 920 230
170 755 170
608 998 602
482 806 482
178 495 178
776 808 770
158 329 158
340 990 334
239 698 234
952 978 946
469 558 462
446 973 446
38 241 38
93 645 86
308 461 302
142 249 142
174 471 174
446 837 446
226 505 226
2 275 2
526 891 526
254 871 254
167 488 162
378 653 378
398 519 398
707 1021 702
490 566 490
449 465 442
202 271 202
31 165 26
404 671 398
376 956 370
306 802 306
114 141 114
454 565 454
391 644 386
844 908 838
501 702 494
477 968 470
892 898 886
551 794 546
925 966 918
650 862 650
238 274 238
756 767 750
10 177 10
63 516 58
22 492 22
776 941 770
435 840 430
178 305 178
572 967 566
661 777 654
346 603 346
830 851 830
482 747 482
92 618 86
405 969 398
475 947 470
236 830 230
543 919 538
2 496 2
135 208 130
73 361 66
255 616 250
430 826 430
262 289 262
266 309 266
54 434 54
44 979 38
546 799 546
926 981 926
460 897 454
298 470 298
1 299 1
9 27 2
11 776 6
826 997 826
293 568 286
524 925 518
33 977 26
282 789 282
388 976 382
114 144 114
238 471 238
789 907 782
162 442 162
146 567 146
140 958 134
5 965 1
12 367 6
849 862 842
471 809 466
740 752 734
8 950 2
124 850 118
380 453 374
843 901 838
62 150 62
205 793 198
833 1011 826
183 669 178
102 507 102
294 450 294
10 359 10
50 132 50
444 890 438
205 835 198
351 564 346
348 978 342
207 1002 202
463 503 458
364 826 358
100 349 94
238 586 238
538 883 538
106 737 106
479 704 474
870 998 870
14 1011 14
689 1006 682
921 1019 914
157 843 150
578 901 578
12 397 6
22 626 22
893 923 886
310 656 310
332 936 326
685 957 678
532 657 526
150 844 150
238 308 238
2 494 2
809 929 802
637 704 630
196 712 190
162 189 162
980 1024 974
846 954 846
794 801 794
321 802 314
86 286 86
102 704 102
408 517 402
214 246 214
832 848 826
394 580 394
659 820 654
210 439 210
177 329 170
137 861 130
85 597 78
499 615 494
10 662 10
315 820 310
594 821 594
66 214 66
138 584 138
117 544 110
73 899 66
782 814 782
11 315 6
687 692 682
18 25 18
69 400 62
126 521 126
547 679 542
380 988 374
142 702 142
52 175 46
143 543 138
954 960 954
352 620 346
880 965 874
114 582 114
304 669 298
523 540 518
604 611 598
679 954 674
933 1004 926
941 972 934
58 287 58
72 185 66
229 267 222
664 822 658
766 941 766
190 493 190
67 463 62
18 544 18
241 506 234
379 672 374
228 583 222
57 692 50
206 827 206
58 80 58
74 107 74
320 933 314
6 424 6
772 809 766
98 1018 98
578 835 578
430 715 430
14 238 14
130 675 130
389 976 382
553 872 546
109 556 102
758 1003 758
420 563 414
207 280 202
807 1009 802
250 526 250
18 92 18
95 879 90
321 555 314
275 352 270
14 54 14
111 786 106
193 663 186
273 705 266
117 446 110
642 760 642
448 875 442
592 887 586
402 551 402
10 117 10
432 482 426
106 619 106
233 256 226
18 44 18
212 826 206
6 92 6
895 1009 890
202 868 202
1 40 1
209 866 202
693 863 686
110 149 110
146 254 146
50 358 50
338 391 338
178 618 178
183 285 178
480 614 474
582 940 582
841 903 834
638 654 638
170 394 170
214 566 214
78 461 78
270 989 270
410 476 410
648 877 642
158 265 158
158 162 158
993 1001 986
64 1003 58
58 153 58
253 387 246
190 955 190
463 839 458
618 708 618
102 122 102
250 354 250
914 976 914
398 420 398
62 604 62
975 993 970
534 561 534
510 781 510
108 569 102
246 315 246
1 246 1
382 421 382
548 739 542
226 314 226
302 902 302
565 771 558
397 616 390
723 759 718
148 484 142
396 752 390
497 675 490
290 868 290
1 16 1
187 273 182
708 711 702
86 120 86
825 981 818
407 853 402
941 995 934
120 501 114
99 871 94
92 541 86
26 362 26
141 735 134
597 714 590
417 740 410
396 733 390
266 651 266
892 1017 886
673 844 666
54 826 54
536 690 530
170 291 170
834 935 834
58 243 58
268 738 262
276 872 270
753 916 746
472 507 466
202 490 202
598 945 598
42 280 42
80 270 74
533 1015 526
126 200 126
239 596 234
116 639 110
275 971 270
458 835 458
871 968 866
808 819 802
860 899 854
700 989 694
589 803 582
444 588 438
51 620 46
450 673 450
10 976 10
293 983 286
378 655 378
207 676 202
198 553 198
234 403 234
458 824 458
454 838 454
411 770 406
83 574 78
811 857 806
691 975 686
799 810 794
927 940 922
207 577 202
570 719 570
202 638 202
276 336 270
220 245 214
175 631 170
455 529 450
149 454 142
881 987 874
693 817 686
592 673 586
395 569 390
35 916 30
602 969 602
710 742 710
782 999 782
166 314 166
46 153 46
180 943 174
413 452 406
14 389 14
539 560 534
24 686 18
5 159 1
30 140 30
316 665 310
58 298 58
234 243 234
170 469 170
797 811 790
33 451 26
821 921 814
493 720 486
70 213 70
142 814 142
25 458 18
607 966 602
656 939 650
659 834 654
222 489 222
126 305 126
395 539 390
170 250 170
670 857 670
662 772 662
209 670 202
210 281 210
384 919 378
37 638 30
532 778 526
845 999 838
413 700 406
565 688 558
358 954 358
452 851 446
377 745 370
167 812 162
122 738 122
741 931 734
347 492 342
292 646 286
23 351 18
446 708 446
1 509 1
127 969 122
516 797 510
150 525 150
289 832 282
50 717 50
615 952 610
145 226 138
392 446 386
236 1016 230
3 503 1
729 962 722
282 537 282
138 735 138
509 774 502
520 873 514
286 359 286
382 742 382
590 778 590
87 397 82
878 949 878
386 804 386
380 434 374
550 823 550
315 897 310
823 1024 818
378 553 378
313 928 306
165 496 158
732 783 726
138 275 138
322 473 322
26 132 26
486 862 486
737 894 730
6 79 6
261 465 254
493 723 486
78 412 78
163 416 158
216 881 210
552 717 546
258 484 258
819 991 814
151 882 146
52 168 46
214 338 214
34 403 34
226 239 226
278 498 278
251 639 246
197 786 190
126 742 126
98 264 98
997 1011 990
509 917 502
146 260 146
704 884 698
865 984 858
516 626 510
240 549 234
378 617 378
150 717 150
198 336 198
461 481 454
451 627 446
1005 1020 998
450 508 450
712 1001 706
170 491 170
110 673 110
439 995 434
411 773 406
288 757 282
414 562 414
931 1016 926
455 613 450
146 981 146
421 697 414
406 486 406
501 857 494
130 450 130
299 643 294
138 144 138
243 547 238
744 770 738
274 932 274
329 540 322
237 620 230
62 183 62
1007 1010 1002
646 835 646
196 600 190
294 774 294
562 737 562
656 711 650
346 577 346
26 523 26
41 275 34
118 472 118
859 997 854
114 453 114
641 899 634
369 470 362
41 316 34
940 954 934
610 749 610
14 556 14
185 261 178
122 280 122
334 667 334
643 1009 638
420 792 414
162 281 162
707 992 702
362 768 362
410 533 410
884 970 878
26 78 26
765 930 758
903 977 898
484 680 478
506 791 506
561 711 554
290 370 290
546 686 546
854 913 854
402 640 402
255 508 250
410 470 410
643 923 638
783 874 778
462 794 462
448 634 442
279 709 274
298 317 298
712 962 706
246 629 246
510 797 510
49 964 42
1003 1016 998
233 526 226
583 1021 578
139 787 134
572 946 566
899 1014 894
632 808 626
471 1008 466
105 795 98
167 444 162
701 809 694
163 281 158
454 634 454
579 716 574
119 286 114
78 231 78
354 433 354
191 276 186
587 716 582
598 842 598
820 836 814
773 985 766
760 813 754
960 996 954
34 278 34
82 498 82
144 1000 138
106 135 106
189 404 182
47 678 42
458 969 458
42 644 42
894 994 894
679 729 674
268 865 262
745 858 738
633 969 626
242 802 242
133 974 126
526 842 526
173 977 166
637 916 630
42 329 42
266 809 266
656 721 650
614 653 614
45 234 38
943 986 938
844 975 838
965 1020 958
500 769 494
67 548 62
67 159 62
38 159 38
465 537 458
442 912 442
751 876 746
352 539 346
159 983 154
820 846 814
310 827 310
304 323 298
113 412 106
43 147 38
236 997 230
781 871 774
885 1019 878
368 449 362
541 620 534
756 803 750
326 704 326
198 651 198
121 645 114
421 463 414
243 369 238
93 224 86
110 916 110
386 483 386
387 776 382
480 910 474
149 815 142
20 375 14
490 974 490
822 883 822
136 242 130
169 819 162
86 526 86
194 559 194
149 474 142
150 357 150
433 784 426
935 986 930
690 970 690
729 914 722
207 1024 202
31 876 26
22 1019 22
234 990 234
258 522 258
376 834 370
755 948 750
22 393 22
238 281 238
287 739 282
1 18 1
880 898 874
287 305 282
54 481 54
185 959 178
480 581 474
242 304 242
356 597 350
689 1003 682
130 335 130
122 482 122
184 769 178
443 631 438
321 727 314
110 720 110
8 165 2
232 366 226
394 900 394
227 363 222
21 76 14
6 72 6
447 1024 442
392 734 386
381 401 374
130 343 130
162 956 162
292 305 286
323 533 318
653 968 646
554 627 554
134 274 134
211 983 206
727 833 722
401 773 394
666 830 666
34 595 34
17 394 10
122 865 122
74 177 74
129 723 122
413 669 406
696 938 690
378 437 378
806 993 806
486 651 486
165 273 158
684 866 678
18 124 18
42 478 42
427 987 422
502 920 502
16 801 10
295 695 290
458 997 458
391 749 386
94 467 94
649 774 642
438 448 438
331 348 326
472 912 466
717 752 710
578 756 578
213 610 206
342 947 342
71 960 66
767 948 762
151 197 146
947 999 942
66 649 66
820 869 814
250 275 250
610 652 610
995 1017 990
460 871 454
383 975 378
35 300 30
892 895 886
644 931 638
156 895 150
76 602 70
124 383 118
272 451 266
5 602 1
97 456 90
306 997 306
225 237 218
243 951 238
174 538 174
535 598 530
14 92 14
26 163 26
132 859 126
955 989 950
462 638 462
170 571 170
126 411 126
122 464 122
606 1015 606
143 586 138
122 922 122
114 299 114
421 830 414
194 535 194
520 915 514
326 718 326
260 266 254
417 448 410
1 444 1
2 185 2
359 948 354
48 897 42
421 641 414
160 237 154
62 155 62
96 130 90
370 466 370
6 39 6
519 1021 514
380 387 374
192 951 186
46 139 46
146 823 146
94 805 94
896 924 890
321 1015 314
691 828 686
454 1006 454
110 406 110
137 401 130
18 722 18
799 864 794
552 749 546
716 771 710
688 831 682
331 1002 326
254 529 254
80 937 74
744 1011 738
306 747 306
342 464 342
748 968 742
836 969 830
708 951 702
492 772 486
234 553 234
142 154 142
178 696 178
985 1016 978
150 299 150
255 665 250
415 976 410
136 532 130
383 537 378
206 611 206
190 549 190
976 1023 970
243 508 238
846 965 846
540 880 534
106 127 106
11 110 6
126 689 126
82 153 82
766 1009 766
111 900 106
174 376 174
860 867 854
42 744 42
216 294 210
125 470 118
648 1015 642
531 547 526
22 1021 22
144 346 138
69 471 62
836 968 830
622 710 622
1 160 1
158 321 158
94 505 94
208 611 202
50 149 50
225 822 218
363 781 358
12 350 6
18 94 18
568 601 562
360 898 354
215 256 210
853 939 846
62 737 62
995 1018 990
606 905 606
122 259 122
50 265 50
567 789 562
398 692 398
413 684 406
102 182 102
876 1002 870
498 772 498
254 736 254
292 834 286
648 693 642
26 175 26
28 39 22
447 595 442
245 466 238
494 718 494
935 993 930
717 845 710
795 886 790
260 782 254
715 923 710
550 717 550
829 932 822
57 65 50
708 816 702
661 769 654
988 1018 982
64 928 58
30 473 30
448 891 442
73 1008 66
170 740 170
113 735 106
463 754 458
462 619 462
225 271 218
342 616 342
311 611 306
848 946 842
550 788 550
344 556 338
181 952 174
46 95 46
187 787 182
170 179 170
413 953 406
840 843 834
86 103 86
358 637 358
875 926 870
509 849 502
733 877 726
826 996 826
303 946 298
50 255 50
263 651 258
557 748 550
776 842 770
40 405 34
577 881 570
182 251 182
870 981 870
758 915 758
581 629 574
864 943 858
635 992 630
452 782 446
946 967 946
725 835 718
170 306 170
250 593 250
835 997 830
282 827 282
185 272 178
98 117 98
422 626 422
14 76 14
156 798 150
191 346 186
885 891 878
197 1002 190
50 119 50
222 246 222
173 609 166
626 647 626
319 326 314
844 938 838
223 625 218
113 782 106
154 395 154
14 154 14
515 721 510
434 923 434
262 606 262
119 915 114
427 752 422
378 707 378
182 474 182
23 264 18
254 462 254
659 923 654
14 642 14
497 684 490
724 882 718
97 234 90
557 806 550
317 774 310
320 814 314
665 824 658
254 344 254
124 339 118
14 805 14
321 651 314
52 709 46
446 965 446
214 549 214
577 723 570
338 375 338
37 707 30
873 894 866
656 741 650
14 160 14
73 752 66
39 895 34
324 416 318
302 942 302
26 138 26
223 541 218
122 492 122
730 985 730
444 778 438
534 957 534
159 304 154
54 407 54
314 338 314
305 375 298
877 963 870
1 850 1
126 709 126
252 977 246
26 158 26
665 994 658
668 920 662
29 52 22
588 733 582
552 720 546
439 618 434
119 479 114
596 969 590
374 713 374
92 384 86
237 349 230
576 852 570
400 580 394
559 789 554
715 973 710
908 1002 902
718 762 718
175 1010 170
333 335 326
668 982 662
123 759 118
611 622 606
884 940 878
382 543 382
179 724 174
582 733 582
576 615 570
257 471 250
389 749 382
41 987 34
31 377 26
810 890 810
263 791 258
447 570 442
217 504 210
383 955 378
985 991 978
178 314 178
860 951 854
458 771 458
851 890 846
955 1024 950
736 838 730
659 773 654
30 963 30
396 985 390
945 998 938
449 805 442
905 991 898
705 795 698
238 285 238
258 797 258
218 963 218
333 947 326
375 996 370
262 836 262
34 607 34
537 597 530
607 763 602
463 887 458
32 943 26
424 540 418
538 828 538
903 1011 898
64 942 58
194 232 194
699 1007 694
166 366 166
148 1001 142
836 997 830
207 513 202
431 518 426
186 248 186
360 809 354
130 647 130
10 555 10
352 582 346
262 589 262
760 880 754
54 316 54
50 723 50
144 550 138
273 997 266
451 503 446
306 630 306
121 230 114
424 473 418
2 112 2
78 987 78
870 946 870
828 903 822
364 519 358
136 326 130
88 954 82
58 174 58
202 684 202
94 329 94
69 901 62
921 968 914
657 1012 650
116 293 110
50 64 50
698 955 698
236 558 230
195 882 190
442 463 442
546 894 546
149 282 142
266 602 266
636 908 630
719 888 714
552 983 546
86 99 86
126 205 126
209 382 202
398 1012 398
698 1009 698
440 746 434
66 285 66
481 953 474
121 551 114
212 800 206
314 424 314
188 233 182
870 928 870
220 711 214
274 372 274
916 1000 910
222 570 222
151 595 146
255 540 250
405 587 398
685 927 678
86 836 86
821 1005 814
6 848 6
795 807 790
78 752 78
580 743 574
670 769 670
98 135 98
482 564 482
77 322 70
18 262 18
74 582 74
498 575 498
478 651 478
18 62 18
60 451 54
680 774 674
47 303 42
727 881 722
102 240 102
788 961 782
215 923 210
288 434 282
342 812 342
265 816 258
20 587 14
98 597 98
369 380 362
1 22 1
916 1013 910
130 181 130
34 992 34
74 197 74
602 667 602
186 508 186
114 262 114
65 155 58
218 470 218
568 579 562
783 1007 778
328 553 322
58 662 58
382 442 382
106 505 106
57 883 50
140 665 134
362 1014 362
57 728 50
793 839 786
291 621 286
723 943 718
735 901 730
470 937 470
921 995 914
313 477 306
31 1010 26
304 1014 298
1009 1012 1002
196 656 190
380 852 374
501 965 494
462 535 462
378 410 378
18 156 18
262 604 262
204 785 198
54 460 54
712 937 706
186 853 186
646 744 646
745 753 738
591 610 586
80 809 74
234 395 234
536 876 530
314 347 314
18 316 18
229 251 222
578 625 578
26 316 26
622 789 622
587 943 582
1 198 1
831 866 826
825 975 818
26 521 26
247 440 242
590 731 590
264 921 258
430 1000 430
738 902 738
406 459 406
435 906 430
622 902 622
119 262 114
158 562 158
53 111 46
122 694 122
78 595 78
100 242 94
526 574 526
511 591 506
114 382 114
828 926 822
54 118 54
122 992 122
715 800 710
432 649 426
22 47 22
455 483 450
444 951 438
447 647 442
350 916 350
404 413 398
76 227 70
302 950 302
150 256 150
106 765 106
95 410 90
38 156 38
298 395 298
63 753 58
829 856 822
252 442 246
163 266 158
12 839 6
126 501 126
390 606 390
118 416 118
140 964 134
771 824 766
893 1001 886
93 918 86
128 560 122
492 597 486
170 193 170
451 584 446
150 315 150
314 985 314
553 1005 546
637 790 630
678 724 678
117 242 110
1011 1017 1006
38 288 38
844 956 838
179 266 174
189 311 182
142 402 142
70 167 70
50 274 50
264 353 258
68 666 62
665 685 658
271 408 266
94 300 94
192 255 186
639 662 634
130 151 130
102 367 102
607 834 602
149 934 142
197 666 190
813 935 806
1 364 1
544 605 538
576 647 570
81 845 74
134 173 134
301 920 294
338 554 338
62 104 62
606 714 606
50 205 50
511 701 506
482 652 482
362 874 362
1 142 1
793 869 786
346 617 346
649 782 642
303 736 298
374 494 374
293 446 286
54 170 54
273 610 266
506 731 506
693 725 686
345 692 338
819 1008 814
474 575 474
517 870 510
220 960 214
198 282 198
735 751 730
218 308 218
545 984 538
117 836 110
733 939 726
143 263 138
900 904 894
182 326 182
923 926 918
607 780 602
474 543 474
366 739 366
101 665 94
186 671 186
892 996 886
129 636 122
335 905 330
191 820 186
3 558 1
469 728 462
898 970 898
136 174 130
492 917 486
146 382 146
209 843 202
233 403 226
26 313 26
175 341 170
668 893 662
307 670 302
600 864 594
4 499 1
372 1002 366
450 636 450
384 549 378
270 502 270
504 650 498
62 336 62
138 411 138
438 515 438
555 1009 550
685 919 678
226 690 226
92 1005 86
728 770 722
251 285 246
743 889 738
14 543 14
446 519 446
732 903 726
174 197 174
926 941 926
142 996 142
342 736 342
186 285 186
234 654 234
691 898 686
418 523 418
779 837 774
130 455 130
435 550 430
3 7 1
154 544 154
14 422 14
637 865 630
25 234 18
711 859 706
446 770 446
26 66 26
625 660 618
66 354 66
199 783 194
18 244 18
831 1000 826
49 889 42
700 767 694
107 811 102
698 797 698
24 412 18
266 358 266
26 110 26
21 840 14
211 655 206
230 964 230
568 679 562
397 926 390
859 986 854
54 190 54
168 324 162
662 723 662
422 525 422
99 210 94
36 345 30
360 598 354
691 982 686
206 769 206
212 670 206
414 632 414
458 774 458
514 807 514
618 803 618
613 903 606
54 422 54
38 872 38
54 131 54
609 1008 602
298 593 298
239 569 234
732 825 726
685 846 678
679 962 674
477 641 470
189 945 182
807 893 802
529 676 522
726 994 726
103 715 98
369 486 362
1001 1021 994
747 830 742
608 767 602
63 265 58
168 948 162
506 821 506
636 669 630
181 615 174
724 739 718
448 628 442
482 490 482
661 1003 654
174 734 174
540 875 534
458 531 458
371 519 366
706 731 706
600 815 594
75 626 70
347 518 342
364 795 358
121 617 114
999 1011 994
691 857 686
390 431 390
314 812 314
483 946 478
400 920 394
135 631 130
675 803 670
534 693 534
705 774 698
232 691 226
270 385 270
885 915 878
558 978 558
79 661 74
78 399 78
734 779 734
304 629 298
66 409 66
103 415 98
695 796 690
590 664 590
162 618 162
599 969 594
643 915 638
673 897 666
620 983 614
76 901 70
824 991 818
293 1011 286
689 691 682
250 676 250
4 341 1
169 301 162
181 280 174
488 753 482
407 797 402
25 109 18
286 291 286
10 302 10
177 366 170
309 771 302
836 956 830
193 727 186
850 949 850
134 182 134
302 687 302
415 680 410
54 87 54
408 1013 402
352 718 346
541 848 534
346 784 346
42 166 42
1 225 1
735 983 730
134 195 134
1004 1021 998
544 896 538
114 340 114
7 355 2
316 714 310
439 542 434
112 480 106
498 709 498
957 992 950
561 944 554
36 396 30
119 956 114
34 74 34
864 938 858
242 302 242
489 862 482
211 872 206
30 256 30
582 1007 582
241 671 234
699 805 694
142 390 142
389 805 382
582 685 582
122 917 122
131 306 126
334 903 334
634 830 634
451 968 446
503 555 498
716 835 710
31 980 26
466 763 466
804 931 798
95 245 90
20 676 14
437 551 430
12 370 6
882 951 882
185 217 178
458 493 458
289 637 282
114 492 114
987 1021 982
138 263 138
206 626 206
587 780 582
54 256 54
276 932 270
22 835 22
246 505 246
266 699 266
82 991 82
454 490 454
366 412 366
203 794 198
59 889 54
196 206 190
431 856 426
363 690 358
247 547 242
174 193 174
327 501 322
393 887 386
627 669 622
694 747 694
584 929 578
162 804 162
328 630 322
56 1008 50
86 285 86
517 567 510
499 728 494
10 713 10
686 726 686
952 994 946
377 741 370
41 446 34
106 772 106
293 556 286
576 617 570
741 836 734
37 520 30
788 886 782
876 971 870
582 618 582
681 836 674
540 986 534
158 459 158
551 661 546
106 141 106
103 605 98
436 831 430
178 376 178
16 705 10
114 202 114
221 968 214
585 798 578
202 601 202
369 842 362
689 771 682
689 767 682
1004 1013 998
51 546 46
608 645 602
19 468 14
354 524 354
201 287 194
278 307 278
850 1006 850
103 483 98
615 897 610
749 916 742
217 820 210
270 884 270
726 736 726
475 951 470
212 572 206
531 938 526
126 180 126
712 986 706
65 777 58
246 922 246
218 879 218
6 64 6
403 455 398
356 670 350
638 770 638
198 655 198
154 773 154
567 584 562
270 605 270
78 777 78
861 989 854
215 386 210
624 773 618
285 450 278
128 457 122
531 636 526
218 875 218
754 839 754
339 924 334
621 926 614
682 964 682
179 691 174
258 270 258
151 558 146
332 412 326
560 739 554
320 487 314
166 773 166
270 383 270
580 889 574
888 961 882
174 996 174
977 1008 970
82 1007 82
352 399 346
478 542 478
17 450 10
622 772 622
196 243 190
321 580 314
47 307 42
647 1016 642
98 522 98
529 913 522
533 608 526
825 873 818
494 504 494
194 425 194
291 1007 286
891 936 886
82 500 82
54 866 54
575 728 570
37 803 30
1 37 1
357 718 350
539 776 534
106 446 106
374 541 374
416 937 410
62 256 62
311 947 306
437 954 430
296 958 290
302 868 302
291 405 286
82 491 82
398 629 398
18 458 18
939 998 934
725 994 718
268 705 262
207 735 202
937 955 930
187 571 182
439 904 434
100 496 94
202 405 202
944 985 938
645 945 638
36 922 30
881 916 874
835 896 830
18 430 18
177 803 170
554 706 554
646 778 646
669 939 662
150 750 150
442 919 442
550 582 550
1021 1023 1014
770 999 770
337 407 330
370 495 370
448 755 442
72 586 66
24 101 18
497 913 490
523 583 518
306 627 306
187 551 182
117 165 110
214 264 214
398 529 398
188 936 182
979 1013 974
135 243 130
112 436 106
38 144 38
83 179 78
238 283 238
781 874 774
318 968 318
74 858 74
402 795 402
825 845 818
204 673 198
278 788 278
350 490 350
895 982 890
691 793 686
945 989 938
6 81 6
327 834 322
487 675 482
592 606 586
473 480 466
430 465 430
9 328 2
10 291 10
643 658 638
126 170 126
179 236 174
30 179 30
490 917 490
354 528 354
40 668 34
82 739 82
42 345 42
102 550 102
2 292 2
62 184 62
194 474 194
794 897 794
723 874 718
202 713 202
767 849 762
370 972 370
492 846 486
676 861 670
194 681 194
369 927 362
358 880 358
579 960 574
353 667 346
44 332 38
507 743 502
875 973 870
54 1006 54
763 969 758
979 999 974
342 486 342
445 895 438
66 696 66
167 212 162
112 675 106
10 634 10
542 856 542
276 615 270
541 898 534
773 935 766
131 530 126
110 249 110
711 882 706
721 891 714
634 961 634
488 764 482
942 970 942
338 344 338
290 308 290
402 453 402
339 976 334
357 953 350
653 913 646
186 261 186
243 303 238
40 459 34
798 976 798
218 329 218
406 568 406
245 288 238
259 374 254
150 595 150
394 933 394
798 885 798
566 656 566
337 531 330
609 753 602
355 444 350
534 972 534
321 626 314
62 153 62
288 979 282
295 368 290
225 381 218
71 885 66
170 590 170
57 84 50
913 976 906
751 832 746
524 856 518
13 726 6
646 782 646
242 419 242
500 1000 494
202 462 202
406 581 406
62 123 62
692 947 686
214 398 214
53 864 46
353 848 346
662 802 662
602 733 602
51 220 46
987 1017 982
461 760 454
579 774 574
500 944 494
343 730 338
763 883 758
10 698 10
437 969 430
93 236 86
738 971 738
456 536 450
234 341 234
143 387 138
653 764 646
988 1006 982
608 921 602
483 524 478
295 304 290
267 544 262
282 522 282
139 768 134
500 576 494
430 452 430
981 992 974
463 553 458
778 954 778
74 500 74
727 1006 722
379 866 374
235 731 230
374 707 374
349 815 342
442 776 442
342 628 342
141 721 134
114 336 114
30 1003 30
664 922 658
68 845 62
2 841 2
62 645 62
305 451 298
11 761 6
642 681 642
964 1002 958
841 940 834
444 462 438
145 672 138
411 509 406
118 204 118
21 379 14
42 246 42
126 154 126
132 586 126
168 681 162
46 237 46
93 866 86
95 1012 90
897 908 890
675 994 670
559 861 554
37 239 30
399 862 394
894 937 894
75 549 70
2 779 2
568 1012 562
805 934 798
827 862 822
150 461 150
106 154 106
279 776 274
789 807 782
40 734 34
222 788 222
340 995 334
762 853 762
516 963 510
144 177 138
314 1004 314
804 974 798
408 706 402
86 817 86
509 987 502
371 833 366
772 1004 766
340 878 334
154 585 154
186 360 186
598 964 598
430 843 430
795 891 790
130 678 130
784 978 778
134 612 134
801 821 794
404 683 398
103 196 98
662 880 662
543 752 538
845 976 838
873 937 866
338 887 338
154 285 154
845 1019 838
362 366 362
95 316 90
154 547 154
293 386 286
186 764 186
314 543 314
22 267 22
451 913 446
478 749 478
393 869 386
740 980 734
735 758 730
440 529 434
739 873 734
108 820 102
739 874 734
619 888 614
264 513 258
737 1009 730
227 759 222
563 957 558
499 879 494
233 847 226
181 189 174
199 649 194
564 614 558
545 735 538
210 537 210
234 750 234
582 622 582
242 344 242
476 899 470
238 254 238
833 961 826
444 707 438
115 622 110
629 630 622
730 766 730
90 770 90
613 875 606
369 665 362
394 671 394
325 998 318
170 933 170
235 562 230
774 991 774
709 940 702
900 918 894
641 857 634
643 800 638
12 386 6
137 635 130
959 984 954
204 1007 198
116 784 110
535 669 530
494 592 494
770 915 770
199 862 194
447 974 442
241 908 234
979 1016 974
59 962 54
429 767 422
166 408 166
106 444 106
31 1019 26
18 159 18
210 585 210
786 1003 786
947 995 942
626 736 626
183 613 178
577 688 570
79 837 74
190 722 190
147 839 142
22 620 22
290 785 290
374 390 374
2 363 2
373 545 366
591 740 586
565 930 558
198 695 198
162 699 162
170 245 170
498 581 498
293 518 286
260 467 254
149 640 142
138 852 138
67 391 62
278 1001 278
88 873 82
314 361 314
54 622 54
377 499 370
111 515 106
32 980 26
231 301 226
572 609 566
896 926 890
694 950 694
450 485 450
208 639 202
157 764 150
174 231 174
564 649 558
591 602 586
146 297 146
976 984 970
578 616 578
379 946 374
77 854 70
232 487 226
145 414 138
784 897 778
14 823 14
146 982 146
552 622 546
602 1015 602
550 601 550
53 266 46
194 259 194
430 548 430
717 954 710
74 516 74
775 867 770
858 958 858
120 531 114
114 985 114
543 882 538
26 120 26
397 949 390
416 502 410
861 1005 854
259 621 254
739 756 734
583 931 578
842 864 842
65 448 58
757 841 750
62 66 62
126 629 126
82 828 82
138 832 138
262 550 262
619 701 614
497 806 490
882 995 882
388 458 382
748 753 742
784 868 778
491 538 486
414 740 414
389 785 382
306 597 306
58 224 58
265 416 258
529 908 522
202 1001 202
976 978 970
605 1002 598
316 620 310
22 604 22
941 942 934
368 987 362
74 183 74
138 399 138
640 975 634
576 909 570
482 487 482
221 352 214
22 341 22
714 882 714
232 1010 226
713 1010 706
120 659 114
10 268 10
10 28 10
878 1013 878
106 254 106
985 992 978
255 998 250
541 604 534
274 796 274
715 893 710
643 787 638
250 774 250
358 546 358
618 622 618
636 976 630
883 886 878
708 977 702
99 223 94
254 586 254
214 351 214
10 160 10
304 515 298
884 994 878
57 744 50
211 471 206
579 904 574
322 543 322
55 866 50
186 454 186
9 81 2
125 558 118
815 1004 810
948 972 942
49 269 42
97 427 90
416 656 410
15 612 10
36 793 30
474 740 474
134 515 134
38 66 38
506 933 506
743 940 738
419 951 414
3 686 1
205 536 198
267 857 262
405 601 398
6 200 6
436 528 430
333 791 326
706 814 706
10 285 10
641 875 634
500 980 494
134 988 134
747 933 742
42 81 42
94 130 94
20 696 14
407 1003 402
258 634 258
370 422 370
834 977 834
178 510 178
478 496 478
898 977 898
52 148 46
267 335 262
625 789 618
972 981 966
294 646 294
102 246 102
516 625 510
923 961 918
72 365 66
817 996 810
522 765 522
136 809 130
691 712 686
135 155 130
142 234 142
863 961 858
78 238 78
39 91 34
889 1002 882
524 858 518
237 792 230
829 902 822
709 955 702
6 189 6
273 476 266
58 525 58
5 741 1
999 1008 994
160 503 154
294 832 294
550 652 550
953 992 946
330 599 330
226 397 226
42 145 42
317 398 310
546 895 546
18 989 18
254 579 254
73 800 66
172 798 166
254 333 254
2 929 2
19 150 14
88 287 82
448 740 442
382 618 382
102 327 102
446 614 446
162 653 162
530 650 530
165 766 158
69 504 62
413 866 406
186 208 186
577 636 570
442 921 442
171 830 166
215 474 210
260 414 254
904 958 898
70 419 70
228 716 222
353 876 346
226 595 226
138 482 138
822 923 822
814 843 814
442 731 442
113 299 106
204 523 198
67 390 62
86 618 86
686 869 686
820 822 814
130 609 130
774 930 774
146 482 146
266 600 266
279 541 274
178 919 178
82 211 82
138 521 138
326 361 326
70 537 70
22 433 22
732 985 726
42 126 42
166 183 166
255 801 250
137 859 130
195 657 190
255 416 250
427 565 422
931 941 926
503 509 498
254 648 254
530 959 530
111 610 106
965 986 958
43 723 38
585 852 578
551 631 546
561 586 554
246 377 246
566 743 566
386 732 386
237 541 230
655 948 650
147 185 142
710 743 710
984 993 978
34 845 34
918 1005 918
177 462 170
2 88 2
502 964 502
150 445 150
611 842 606
478 863 478
170 467 170
309 518 302
772 968 766
56 124 50
132 995 126
941 963 934
319 364 314
75 609 70
162 968 162
26 673 26
535 697 530
119 702 114
188 214 182
8 345 2
34 175 34
142 235 142
54 239 54
163 392 158
953 954 946
324 347 318
407 787 402
383 606 378
833 895 826
335 747 330
106 971 106
484 515 478
484 791 478
474 849 474
388 512 382
41 738 34
965 1014 958
575 801 570
621 842 614
360 950 354
89 475 82
54 146 54
242 309 242
80 845 74
288 598 282
180 940 174
448 816 442
7 924 2
571 703 566
857 968 850
38 281 38
354 819 354
383 827 378
300 1001 294
398 474 398
614 736 614
542 590 542
382 988 382
136 948 130
571 862 566
570 646 570
525 667 518
574 643 574
618 995 618
497 601 490
18 66 18
951 1018 946
157 265 150
638 668 638
335 922 330
85 573 78
151 959 146
174 575 174
615 688 610
218 250 218
469 937 462
70 165 70
406 667 406
391 947 386
277 674 270
50 63 50
135 341 130
492 765 486
771 924 766
815 876 810
31 70 26
443 850 438
7 971 2
1 51 1
865 967 858
563 883 558
284 566 278
258 311 258
932 1004 926
94 660 94
126 379 126
44 859 38
443 861 438
161 577 154
787 873 782
781 797 774
125 595 118
665 668 658
279 653 274
518 807 518
198 434 198
530 701 530
179 296 174
792 938 786
709 863 702
370 574 370
735 938 730
227 993 222
880 1024 874
520 913 514
282 340 282
80 938 74
70 78 70
19 144 14
23 618 18
246 331 246
62 438 62
26 684 26
22 526 22
401 847 394
373 688 366
290 558 290
42 108 42
873 946 866
510 660 510
59 273 54
134 1014 134
329 880 322
168 1020 162
224 524 218
206 619 206
906 916 906
290 896 290
376 768 370
392 628 386
707 722 702
538 920 538
879 915 874
444 574 438
824 951 818
780 877 774
193 533 186
98 682 98
838 909 838
254 552 254
692 1021 686
496 967 490
138 240 138
6 77 6
38 152 38
54 910 54
154 254 154
736 1012 730
439 835 434
262 608 262
34 179 34
62 492 62
426 872 426
640 786 634
114 814 114
372 1010 366
208 277 202
690 719 690
607 753 602
291 385 286
646 679 646
261 573 254
404 728 398
562 870 562
310 768 310
159 592 154
504 746 498
707 917 702
240 666 234
262 307 262
246 266 246
361 499 354
134 158 134
326 551 326
350 664 350
607 846 602
762 834 762
446 451 446
234 311 234
125 379 118
191 262 186
203 317 198
568 872 562
346 664 346
214 995 214
153 248 146
243 364 238
62 164 62
414 785 414
209 351 202
599 672 594
136 436 130
294 761 294
18 153 18
380 680 374
182 271 182
338 646 338
374 837 374
406 540 406
394 649 394
92 797 86
274 357 274
678 1012 678
226 867 226
114 188 114
574 1017 574
191 918 186
246 688 246
49 226 42
667 784 662
92 340 86
127 998 122
24 962 18
732 743 726
99 1004 94
762 885 762
14 317 14
630 992 630
281 713 274
282 418 282
174 736 174
245 806 238
308 928 302
243 705 238
646 877 646
473 778 466
338 542 338
73 629 66
205 840 198
527 896 522
559 584 554
58 68 58
756 811 750
391 870 386
434 521 434
659 992 654
690 711 690
62 339 62
145 189 138
206 556 206
92 320 86
840 853 834
240 859 234
48 237 42
598 758 598
367 371 362
693 1002 686
288 789 282
91 749 86
33 399 26
425 565 418
1 172 1
825 846 818
486 573 486
503 996 498
548 871 542
594 1002 594
900 931 894
830 1015 830
106 195 106
834 915 834
339 467 334
502 605 502
479 762 474
698 888 698
392 603 386
346 482 346
472 822 466
482 525 482
314 975 314
2 279 2
254 537 254
851 1003 846
682 817 682
567 961 562
690 894 690
145 207 138
728 840 722
84 499 78
224 846 218
372 923 366
400 471 394
830 957 830
302 615 302
759 917 754
212 671 206
182 413 182
785 818 778
370 650 370
515 746 510
353 567 346
510 840 510
341 497 334
759 851 754
374 490 374
218 254 218
88 286 82
151 539 146
101 271 94
39 992 34
598 946 598
1 277 1
398 601 398
201 647 194
536 621 530
270 371 270
80 516 74
120 247 114
90 556 90
132 612 126
92 293 86
528 543 522
476 689 470
542 600 542
134 716 134
26 164 26
135 998 130
46 83 46
506 952 506
475 995 470
58 542 58
482 602 482
762 830 762
729 753 722
582 687 582
282 434 282
314 460 314
518 1023 518
671 939 666
34 316 34
401 848 394
185 666 178
41 370 34
233 365 226
244 456 238
446 794 446
724 839 718
644 688 638
194 219 194
86 293 86
415 518 410
434 839 434
576 746 570
481 887 474
458 741 458
49 536 42
426 622 426
304 560 298
54 158 54
90 120 90
648 1007 642
584 865 578
93 173 86
401 728 394
737 796 730
278 597 278
459 905 454
609 1001 602
27 825 22
713 726 706
1 721 1
251 747 246
48 181 42
34 66 34
217 871 210
781 933 774
8 1023 2
264 980 258
438 923 438
491 616 486
110 891 110
709 959 702
935 1015 930
110 513 110
480 499 474
133 811 126
300 563 294
321 671 314
54 200 54
162 293 162
437 807 430
166 180 166
78 97 78
121 997 114
203 987 198
82 187 82
334 642 334
206 752 206
54 83 54
666 1013 666
393 572 386
193 690 186
732 787 726
256 813 250
224 409 218
732 961 726
350 774 350
545 986 538
126 363 126
10 455 10
234 784 234
155 930 150
361 466 354
405 615 398
523 668 518
174 399 174
565 941 558
290 418 290
270 772 270
365 636 358
309 644 302
458 748 458
878 963 878
728 831 722
38 613 38
301 1000 294
18 77 18
804 1019 798
369 926 362
28 789 22
149 304 142
355 1017 350
487 542 482
348 912 342
227 501 222
370 452 370
225 678 218
24 739 18
941 1024 934
502 507 502
73 191 66
63 390 58
373 558 366
387 694 382
680 836 674
745 959 738
420 469 414
574 635 574
977 1004 970
50 718 50
533 745 526
742 974 742
587 891 582
207 291 202
648 1000 642
798 852 798
26 40 26
54 180 54
222 569 222
483 623 478
19 698 14
58 133 58
539 619 534
858 876 858
897 982 890
558 875 558
541 883 534
42 284 42
596 612 590
64 451 58
995 1012 990
218 804 218
189 430 182
275 981 270
519 849 514
694 726 694
158 283 158
3 143 1
32 681 26
559 622 554
579 872 574
187 308 182
218 937 218
704 970 698
26 86 26
202 585 202
112 710 106
455 886 450
539 724 534
363 974 358
871 966 866
754 802 754
278 379 278
78 525 78
166 394 166
893 982 886
456 553 450
569 675 562
490 822 490
206 266 206
438 490 438
420 1000 414
646 749 646
590 883 590
252 650 246
585 632 578
731 1013 726
194 284 194
277 826 270
412 673 406
434 835 434
697 903 690
532 740 526
77 94 70
788 934 782
18 121 18
852 996 846
618 635 618
974 986 974
546 656 546
143 406 138
27 867 22
197 881 190
176 358 170
369 670 362
138 494 138
99 567 94
87 218 82
121 202 114
239 945 234
391 450 386
74 147 74
423 442 418
198 279 198
157 302 150
793 1012 786
636 967 630
877 999 870
52 732 46
54 177 54
75 582 70
710 847 710
240 490 234
97 289 90
466 482 466
907 957 902
538 672 538
869 892 862
261 684 254
460 937 454
79 839 74
1 856 1
252 967 246
617 661 610
541 993 534
83 508 78
241 276 234
158 1021 158
63 650 58
236 978 230
90 468 90
72 922 66
665 956 658
146 261 146
303 431 298
286 376 286
66 146 66
323 414 318
286 352 286
178 342 178
234 368 234
74 173 74
218 248 218
126 133 126
148 759 142
240 387 234
446 719 446
203 779 198
391 802 386
446 483 446
740 851 734
218 925 218
613 831 606
580 856 574
198 218 198
448 951 442
365 382 358
262 345 262
358 437 358
54 112 54
714 766 714
190 278 190
599 776 594
431 1007 426
357 769 350
154 379 154
544 1013 538
821 930 814
873 927 866
209 826 202
331 481 326
934 976 934
800 972 794
551 773 546
334 929 334
560 707 554
74 168 74
626 995 626
99 818 94
298 555 298
281 889 274
46 279 46
321 877 314
342 388 342
776 930 770
314 348 314
245 519 238
921 930 914
908 1023 902
456 841 450
579 710 574
26 114 26
82 503 82
146 345 146
642 688 642
65 491 58
1 368 1
228 394 222
831 894 826
545 690 538
231 636 226
383 821 378
622 915 622
110 146 110
437 482 430
84 870 78
1000 1023 994
13 309 6
950 969 950
50 228 50
55 811 50
464 790 458
502 932 502
410 641 410
386 633 386
373 550 366
364 560 358
558 919 558
770 859 770
238 510 238
779 897 774
270 368 270
42 302 42
628 871 622
14 302 14
410 750 410
498 700 498
277 850 270
531 733 526
867 1003 862
385 486 378
571 595 566
33 786 26
95 808 90
339 811 334
110 506 110
123 816 118
278 411 278
569 878 562
270 399 270
795 865 790
594 730 594
62 90 62
166 184 166
568 630 562
216 268 210
880 933 874
385 624 378
11 888 6
565 984 558
45 613 38
939 956 934
538 635 538
141 237 134
796 843 790
197 240 190
265 1001 258
578 1020 578
860 926 854
34 81 34
606 780 606
644 929 638
155 766 150
685 765 678
599 960 594
181 527 174
296 669 290
334 875 334
714 858 714
316 486 310
442 737 442
920 931 914
1 159 1
639 734 634
237 359 230
382 873 382
716 1000 710
174 409 174
253 417 246
868 1023 862
18 673 18
484 722 478
974 996 974
823 972 818
375 810 370
249 693 242
438 636 438
210 714 210
78 329 78
25 265 18
106 889 106
841 911 834
467 587 462
210 710 210
557 716 550
414 933 414
598 674 598
664 681 658
10 617 10
246 889 246
70 150 70
148 453 142
104 798 98
450 860 450
40 230 34
59 987 54
50 583 50
903 1006 898
935 1017 930
118 184 118
109 579 102
612 879 606
287 477 282
46 582 46
687 713 682
6 437 6
22 361 22
409 572 402
489 778 482
608 979 602
169 657 162
154 662 154
626 702 626
500 964 494
825 973 818
322 597 322
397 434 390
750 902 750
498 859 498
813 948 806
258 307 258
280 1009 274
512 830 506
219 873 214
454 815 454
90 239 90
602 955 602
262 867 262
131 482 126
65 461 58
357 609 350
467 595 462
271 686 266
237 738 230
67 770 62
110 342 110
88 413 82
349 861 342
652 769 646
876 920 870
208 1011 202
697 772 690
72 893 66
349 677 342
470 701 470
267 337 262
23 764 18
51 655 46
55 554 50
598 869 598
52 505 46
134 280 134
253 370 246
914 954 914
688 851 682
679 809 674
409 661 402
241 1009 234
906 973 906
266 415 266
694 980 694
731 978 726
289 805 282
194 472 194
657 812 650
282 725 282
640 651 634
177 819 170
309 631 302
110 302 110
418 486 418
30 86 30
197 345 190
71 730 66
362 624 362
736 805 730
140 332 134
868 906 862
738 779 738
400 546 394
227 706 222
672 731 666
420 673 414
126 642 126
756 794 750
642 791 642
715 861 710
369 461 362
339 655 334
78 755 78
97 377 90
520 1009 514
407 577 402
145 764 138
485 682 478
66 610 66
450 511 450
280 919 274
188 290 182
723 846 718
222 933 222
502 624 502
599 698 594
223 848 218
675 997 670
822 897 822
135 1013 130
781 837 774
187 754 182
42 704 42
815 994 810
381 887 374
676 715 670
330 961 330
357 675 350
333 567 326
350 517 350
515 708 510
515 942 510
462 656 462
461 937 454
597 833 590
130 139 130
570 660 570
384 943 378
772 990 766
834 979 834
191 400 186
491 972 486
224 656 218
26 33 26
232 787 226
318 766 318
262 851 262
656 899 650
258 763 258
115 787 110
14 96 14
388 648 382
470 554 470
202 895 202
878 894 878
118 299 118
378 670 378
120 276 114
63 663 58
11 902 6
350 573 350
178 626 178
124 777 118
370 461 370
42 202 42
119 141 114
61 474 54
105 439 98
70 169 70
30 811 30
289 911 282
63 429 58
154 295 154
127 373 122
118 322 118
560 668 554
69 108 62
279 1011 274
280 990 274
311 570 306
216 861 210
464 869 458
431 722 426
78 791 78
235 990 230
470 739 470
900 995 894
219 994 214
475 558 470
402 738 402
122 441 122
336 648 330
426 829 426
246 284 246
258 921 258
854 928 854
22 141 22
31 414 26
294 723 294
726 756 726
186 369 186
730 900 730
951 975 946
78 101 78
493 695 486
591 631 586
438 804 438
244 401 238
648 803 642
437 940 430
577 713 570
58 216 58
920 1000 914
14 51 14
99 909 94
196 670 190
119 347 114
362 772 362
262 654 262
913 951 906
472 794 466
350 1020 350
622 714 622
727 739 722
542 837 542
266 388 266
161 235 154
184 444 178
390 546 390
1 634 1
468 864 462
249 487 242
370 491 370
277 792 270
350 913 350
290 504 290
479 596 474
234 487 234
722 1013 722
80 745 74
498 781 498
286 298 286
780 836 774
2 157 2
474 928 474
470 956 470
128 460 122
820 933 814
90 155 90
505 805 498
1 261 1
7 930 2
75 847 70
373 903 366
734 900 734
8 383 2
262 634 262
290 302 290
95 454 90
334 831 334
381 464 374
722 994 722
546 944 546
154 946 154
659 887 654
601 740 594
793 963 786
327 901 322
971 981 966
26 799 26
67 564 62
8 299 2
16 499 10
156 738 150
100 157 94
529 567 522
10 284 10
788 925 782
70 323 70
109 134 102
470 839 470
602 993 602
276 918 270
296 706 290
1 852 1
690 875 690
54 263 54
495 523 490
505 668 498
332 962 326
601 669 594
298 483 298
170 351 170
18 918 18
302 365 302
382 921 382
614 681 614
88 474 82
30 63 30
153 687 146
505 541 498
193 231 186
1007 1019 1002
631 1013 626
657 853 650
740 808 734
289 853 282
155 448 150
398 533 398
601 872 594
914 989 914
2 515 2
70 621 70
86 963 86
667 719 662
212 600 206
447 736 442
126 487 126
321 540 314
852 910 846
497 787 490
308 316 302
713 882 706
88 515 82
976 1005 970
22 258 22
342 882 342
440 537 434
63 500 58
157 778 150
38 111 38
344 783 338
449 679 442
786 801 786
342 476 342
645 1008 638
446 857 446
258 901 258
720 972 714
486 993 486
210 598 210
202 240 202
62 116 62
74 117 74
9 781 2
22 896 22
847 954 842
90 316 90
886 919 886
774 868 774
310 341 310
33 510 26
482 576 482
705 900 698
856 881 850
124 837 118
34 397 34
53 800 46
499 625 494
276 510 270
545 922 538
646 821 646
724 892 718
202 274 202
266 390 266
752 971 746
263 454 258
497 703 490
314 608 314
120 373 114
174 412 174
915 961 910
58 189 58
462 837 462
426 932 426
201 968 194
157 826 150
10 659 10
62 85 62
25 812 18
122 163 122
154 276 154
872 1024 866
540 732 534
230 321 230
386 550 386
250 633 250
417 678 410
978 998 978
562 904 562
38 833 38
401 829 394
268 567 262
126 377 126
138 878 138
14 72 14
509 516 502
247 514 242
69 810 62
113 169 106
206 247 206
777 854 770
359 929 354
182 196 182
548 660 542
48 291 42
563 644 558
985 1018 978
10 97 10
763 791 758
624 854 618
880 959 874
72 785 66
235 634 230
154 414 154
106 294 106
194 461 194
157 706 150
325 885 318
302 395 302
618 865 618
335 345 330
414 655 414
134 461 134
190 382 190
264 634 258
281 796 274
10 203 10
420 559 414
210 962 210
306 383 306
405 475 398
855 1008 850
426 510 426
693 939 686
98 214 98
698 934 698
335 912 330
292 591 286
639 910 634
397 429 390
82 724 82
117 474 110
625 767 618
302 650 302
302 986 302
179 596 174
420 755 414
78 82 78
328 443 322
467 508 462
76 249 70
197 769 190
529 1014 522
470 888 470
287 727 282
9 62 2
402 493 402
626 738 626
438 520 438
440 901 434
494 803 494
245 518 238
973 983 966
693 842 686
36 985 30
30 120 30
397 913 390
347 383 342
628 916 622
124 675 118
654 697 654
311 419 306
585 929 578
150 297 150
616 981 610
77 232 70
205 1017 198
559 829 554
339 1020 334
85 1010 78
382 647 382
933 948 926
386 524 386
14 488 14
295 1009 290
524 873 518
310 425 310
791 875 786
552 852 546
721 936 714
774 978 774
346 863 346
58 267 58
42 53 42
345 611 338
2 619 2
174 484 174
993 1012 986
262 786 262
22 810 22
464 929 458
299 649 294
394 1002 394
159 236 154
437 958 430
170 297 170
363 835 358
270 609 270
502 884 502
366 664 366
451 759 446
441 904 434
235 577 230
156 891 150
474 867 474
884 959 878
533 615 526
63 725 58
9 986 2
500 682 494
33 615 26
767 987 762
163 344 158
197 468 190
286 423 286
941 996 934
377 830 370
73 428 66
326 567 326
956 1010 950
845 972 838
444 942 438
121 353 114
291 594 286
80 551 74
146 816 146
174 384 174
286 786 286
522 610 522
182 368 182
516 706 510
291 580 286
91 833 86
234 911 234
426 601 426
220 1019 214
52 700 46
334 943 334
178 814 178
29 471 22
16 962 10
83 551 78
9 961 2
74 551 74
66 725 66
266 379 266
467 890 462
722 742 722
897 919 890
659 672 654
70 153 70
873 984 866
586 857 586
217 294 210
378 518 378
190 284 190
122 140 122
86 161 86
82 230 82
377 964 370
422 602 422
214 928 214
354 931 354
190 266 190
306 580 306
342 574 342
96 366 90
39 559 34
798 969 798
40 256 34
350 469 350
170 640 170
549 892 542
149 897 142
571 662 566
724 863 718
735 964 730
386 425 386
881 975 874
345 791 338
796 869 790
74 381 74
382 560 382
333 517 326
46 934 46
33 404 26
381 609 374
661 946 654
418 441 418
92 163 86
270 561 270
808 858 802
124 617 118
976 1019 970
710 751 710
695 839 690
198 561 198
523 719 518
406 1016 406
166 342 166
47 749 42
351 447 346
658 954 658
432 648 426
94 107 94
266 367 266
576 864 570
596 830 590
14 37 14
659 789 654
476 821 470
359 655 354
102 892 102
174 545 174
338 496 338
155 413 150
864 960 858
724 1008 718
216 654 210
490 530 490
135 547 130
6 62 6
963 1012 958
956 1012 950
438 658 438
102 136 102
34 259 34
230 724 230
679 732 674
158 985 158
481 590 474
418 889 418
85 763 78
431 630 426
709 978 702
687 768 682
336 358 330
653 703 646
451 557 446
591 652 586
189 498 182
320 491 314
34 528 34
60 352 54
301 978 294
582 886 582
34 418 34
87 795 82
474 854 474
274 549 274
469 690 462
462 784 462
1 428 1
808 880 802
102 899 102
18 503 18
392 723 386
302 525 302
734 783 734
543 771 538
517 762 510
658 853 658
639 882 634
116 607 110
400 535 394
55 617 50
401 807 394
213 966 206
991 998 986
303 394 298
921 941 914
442 562 442
22 109 22
108 375 102
458 664 458
401 810 394
411 703 406
791 859 786
278 580 278
657 685 650
604 654 598
212 304 206
698 967 698
22 751 22
373 889 366
30 720 30
368 416 362
58 817 58
318 588 318
76 731 70
170 652 170
749 968 742
729 755 722
96 99 90
98 102 98
282 719 282
785 973 778
11 616 6
306 573 306
104 370 98
376 516 370
108 294 102
50 283 50
827 864 822
346 688 346
837 909 830
142 629 142
221 811 214
186 243 186
77 906 70
22 345 22
78 402 78
444 772 438
54 150 54
959 1003 954
172 563 166
43 906 38
156 337 150
451 675 446
214 660 214
442 493 442
642 1007 642
193 810 186
106 140 106
402 443 402
821 857 814
126 270 126
259 703 254
53 410 46
429 913 422
762 930 762
800 885 794
594 609 594
738 953 738
254 558 254
30 834 30
49 188 42
217 960 210
680 949 674
210 736 210
828 961 822
34 197 34
390 757 390
145 976 138
90 370 90
633 660 626
56 339 50
201 925 194
198 763 198
127 800 122
142 156 142
228 940 222
6 489 6
582 672 582
214 493 214
353 868 346
243 766 238
633 913 626
463 760 458
969 1019 962
654 870 654
927 994 922
204 496 198
274 543 274
10 850 10
30 88 30
601 747 594
43 242 38
39 537 34
42 868 42
254 562 254
266 340 266
249 546 242
539 755 534
150 925 150
553 614 546
16 674 10
218 877 218
987 1003 982
76 361 70
134 370 134
174 281 174
340 973 334
184 254 178
74 81 74
381 951 374
430 677 430
632 799 626
642 694 642
120 762 114
662 768 662
321 560 314
6 180 6
577 885 570
28 413 22
288 986 282
222 410 222
332 405 326
47 917 42
113 959 106
532 764 526
605 698 598
630 867 630
74 272 74
55 853 50
78 133 78
579 623 574
779 909 774
667 1024 662
632 777 626
106 425 106
519 576 514
37 164 30
819 926 814
22 50 22
30 594 30
443 900 438
425 988 418
130 607 130
438 485 438
204 366 198
214 691 214
523 933 518
413 449 406
18 478 18
359 466 354
280 509 274
7 107 2
140 797 134
1004 1011 998
187 617 182
815 939 810
171 839 166
388 436 382
34 41 34
247 798 242
963 1021 958
85 934 78
774 791 774
30 506 30
101 651 94
306 710 306
119 339 114
377 927 370
549 662 542
166 449 166
231 400 226
821 887 814
222 458 222
670 731 670
617 699 610
360 459 354
408 1019 402
90 622 90
723 974 718
34 78 34
51 209 46
885 984 878
492 827 486
696 723 690
164 734 158
42 430 42
119 520 114
133 857 126
369 773 362
270 566 270
119 325 114
46 787 46
587 960 582
82 145 82
182 360 182
30 147 30
570 1020 570
153 882 146
203 944 198
33 68 26
171 518 166
285 849 278
398 408 398
775 988 770
61 388 54
682 896 682
514 753 514
282 677 282
291 754 286
231 412 226
54 172 54
274 950 274
836 918 830
35 231 30
983 1020 978
781 788 774
865 948 858
87 682 82
26 108 26
110 483 110
222 660 222
24 672 18
584 636 578
770 875 770
769 861 762
476 641 470
30 34 30
476 488 470
273 848 266
106 371 106
396 467 390
526 781 526
724 809 718
38 307 38
104 459 98
274 442 274
47 663 42
624 808 618
67 262 62
805 865 798
601 666 594
340 644 334
433 635 426
450 789 450
127 921 122
669 937 662
420 829 414
609 901 602
99 208 94
80 424 74
161 823 154
502 749 502
440 759 434
162 990 162
985 1005 978
26 727 26
586 717 586
150 227 150
287 652 282
10 115 10
234 409 234
844 868 838
857 1002 850
282 987 282
513 879 506
386 561 386
18 42 18
205 686 198
935 1014 930
335 343 330
332 949 326
34 153 34
60 382 54
79 580 74
47 91 42
634 980 634
763 905 758
228 380 222
10 480 10
265 396 258
177 582 170
454 885 454
266 644 266
258 266 258
490 723 490
741 1006 734
72 469 66
211 829 206
192 364 186
294 848 294
54 538 54
701 1024 694
535 649 530
648 907 642
409 419 402
182 388 182
502 564 502
30 148 30
86 425 86
248 265 242
218 278 218
570 670 570
593 743 586
74 336 74
158 182 158
674 701 674
58 347 58
977 986 970
321 934 314
662 803 662
90 852 90
288 753 282
52 304 46
1 600 1
406 433 406
170 557 170
27 465 22
910 989 910
147 221 142
420 585 414
293 888 286
34 173 34
72 127 66
833 951 826
574 938 574
198 838 198
952 977 946
478 1000 478
851 894 846
1 241 1
837 953 830
118 610 118
64 570 58
262 461 262
442 582 442
240 350 234
368 681 362
339 577 334
519 678 514
147 362 142
298 778 298
21 774 14
70 86 70
198 285 198
605 684 598
960 999 954
22 281 22
357 863 350
58 220 58
556 581 550
24 954 18
699 912 694
492 855 486
34 486 34
605 655 598
939 981 934
108 275 102
134 361 134
39 672 34
474 809 474
668 840 662
301 441 294
649 761 642
90 241 90
90 127 90
218 241 218
22 491 22
93 778 86
673 704 666
659 671 654
738 955 738
955 973 950
299 929 294
946 970 946
654 680 654
358 591 358
415 528 410
532 747 526
51 95 46
242 255 242
254 268 254
38 90 38
360 621 354
726 1003 726
932 984 926
166 477 166
547 746 542
670 752 670
408 512 402
566 969 566
330 664 330
3 206 1
780 906 774
649 771 642
297 867 290
171 859 166
534 1019 534
524 744 518
588 794 582
412 748 406
593 603 586
726 846 726
443 975 438
512 604 506
967 1024 962
522 994 522
517 883 510
150 231 150
569 853 562
82 756 82
607 719 602
575 579 570
334 436 334
513 925 506
106 129 106
474 660 474
430 588 430
194 549 194
4 899 1
490 862 490
737 852 730
46 98 46
359 522 354
2 54 2
604 656 598
314 797 314
277 291 270
2 568 2
653 800 646
338 380 338
722 954 722
230 691 230
273 658 266
290 618 290
164 472 158
322 330 322
58 447 58
50 144 50
613 935 606
447 758 442
46 242 46
42 606 42
150 172 150
570 907 570
879 896 874
485 598 478
428 984 422
592 949 586
55 489 50
385 873 378
949 987 942
441 822 434
1 44 1
454 581 454
186 213 186
296 820 290
751 938 746
957 991 950
158 894 158
210 385 210
337 763 330
796 858 790
634 724 634
298 548 298
308 393 302
468 859 462
60 264 54
405 923 398
721 996 714
154 622 154
146 217 146
765 839 758
102 169 102
70 441 70
318 536 318
235 697 230
710 761 710
22 218 22
512 975 506
983 1006 978
275 654 270
350 467 350
31 320 26
227 788 222
407 582 402
505 733 498
369 803 362
224 471 218
382 570 382
829 985 822
423 804 418
6 1008 6
372 491 366
334 865 334
550 827 550
252 812 246
309 441 302
6 146 6
980 1021 974
272 974 266
911 998 906
438 581 438
243 730 238
402 891 402
671 1003 666
314 911 314
300 674 294
388 684 382
51 595 46
194 235 194
379 496 374
60 255 54
15 614 10
111 156 106
344 714 338
159 603 154
194 554 194
622 854 622
496 818 490
738 1011 738
606 703 606
158 172 158
57 158 50
14 189 14
291 475 286
449 661 442
452 483 446
42 371 42
66 218 66
624 766 618
657 976 650
1 292 1
839 929 834
169 662 162
70 1002 70
367 746 362
614 931 614
87 988 82
217 527 210
720 959 714
612 707 606
150 294 150
504 705 498
183 611 178
801 923 794
326 562 326
449 542 442
59 367 54
484 772 478
123 152 118
720 766 714
513 622 506
246 806 246
425 495 418
50 227 50
74 366 74
171 979 166
590 790 590
90 438 90
26 968 26
494 810 494
1005 1006 998
729 1023 722
324 666 318
142 440 142
409 483 402
226 295 226
244 622 238
252 955 246
296 872 290
1000 1018 994
191 427 186
380 763 374
932 936 926
306 379 306
261 606 254
9 562 2
409 842 402
174 315 174
106 217 106
77 363 70
398 668 398
102 488 102
202 1018 202
653 737 646
616 711 610
446 968 446
132 480 126
22 79 22
506 874 506
436 890 430
576 901 570
334 798 334
951 968 946
161 568 154
886 1000 886
189 503 182
909 931 902
409 503 402
672 685 666
164 413 158
456 518 450
49 551 42
64 568 58
55 356 50
120 432 114
66 318 66
483 775 478
759 995 754
948 959 942
361 513 354
460 784 454
406 843 406
338 993 338
166 287 166
380 717 374
965 993 958
192 827 186
777 869 770
538 814 538
222 453 222
38 252 38
46 102 46
182 511 182
122 556 122
54 876 54
280 1011 274
339 800 334
752 837 746
124 695 118
274 508 274
499 635 494
9 915 2
360 998 354
628 674 622
374 891 374
887 1015 882
86 114 86
166 433 166
280 439 274
218 419 218
753 962 746
747 838 742
262 877 262
62 457 62
755 784 750
676 885 670
274 380 274
637 835 630
52 611 46
245 1008 238
669 729 662
705 848 698
749 899 742
124 720 118
1 621 1
301 429 294
273 409 266
619 946 614
79 412 74
50 84 50
592 829 586
574 645 574
174 291 174
181 788 174
80 286 74
30 360 30
11 474 6
286 766 286
180 378 174
22 108 22
794 818 794
2 493 2
274 921 274
323 830 318
697 837 690
790 814 790
262 383 262
216 277 210
2 247 2
107 855 102
128 548 122
132 825 126
807 978 802
580 829 574
469 766 462
448 844 442
530 954 530
588 1016 582
598 943 598
503 508 498
598 966 598
222 874 222
836 895 830
668 690 662
306 545 306
724 742 718
55 651 50
14 281 14
607 685 602
815 825 810
80 479 74
131 374 126
585 955 578
86 318 86
262 273 262
306 493 306
10 718 10
810 843 810
356 957 350
30 260 30
951 995 946
216 692 210
205 537 198
153 487 146
372 748 366
518 872 518
832 919 826
774 874 774
415 694 410
783 843 778
190 346 190
596 792 590
190 516 190
373 538 366
85 950 78
162 502 162
219 527 214
572 888 566
119 800 114
24 900 18
358 574 358
951 985 946
396 1012 390
86 94 86
32 132 26
262 706 262
454 589 454
32 59 26
82 481 82
19 160 14
795 974 790
792 829 786
223 1017 218
143 309 138
83 888 78
230 648 230
120 220 114
814 940 814
18 28 18
229 488 222
1005 1024 998
37 536 30
40 164 34
255 776 250
495 908 490
762 920 762
565 935 558
22 38 22
457 754 450
419 724 414
519 836 514
402 797 402
449 654 442
725 893 718
217 596 210
526 531 526
318 340 318
150 400 150
670 716 670
18 278 18
583 1008 578
153 723 146
310 333 310
872 920 866
706 886 706
310 876 310
829 1016 822
615 779 610
690 726 690
770 879 770
891 899 886
452 455 446
303 352 298
656 888 650
786 915 786
397 505 390
75 353 70
606 817 606
141 908 134
943 1008 938
62 746 62
85 1011 78
228 555 222
774 884 774
583 733 578
6 32 6
724 743 718
640 774 634
888 1021 882
10 685 10
359 797 354
373 745 366
191 691 186
144 241 138
495 922 490
449 997 442
73 229 66
73 238 66
677 945 670
50 957 50
300 737 294
182 381 182
94 631 94
323 496 318
5 671 1
726 987 726
70 198 70
43 749 38
190 196 190
398 486 398
277 679 270
187 272 182
70 867 70
173 296 166
878 902 878
703 853 698
86 588 86
449 450 442
490 717 490
202 282 202
109 902 102
445 587 438
46 236 46
736 1013 730
322 695 322
686 713 686
423 678 418
516 878 510
298 403 298
52 63 46
275 534 270
902 1024 902
238 991 238
795 922 790
610 1023 610
653 801 646
243 899 238
174 666 174
761 880 754
496 921 490
306 974 306
26 177 26
326 564 326
506 694 506
355 714 350
385 784 378
158 893 158
350 556 350
229 607 222
290 944 290
66 155 66
577 797 570
704 924 698
26 75 26
228 1019 222
110 810 110
50 257 50
800 935 794
38 433 38
251 932 246
697 948 690
478 951 478
282 775 282
100 616 94
371 411 366
367 935 362
400 646 394
504 509 498
367 373 362
250 376 250
88 276 82
39 766 34
276 581 270
202 516 202
245 720 238
66 831 66
201 399 194
351 1010 346
150 170 150
202 451 202
457 590 450
397 484 390
158 285 158
917 991 910
360 966 354
813 945 806
289 546 282
74 135 74
33 493 26
540 613 534
26 94 26
172 728 166
592 638 586
640 991 634
822 927 822
287 291 282
555 942 550
215 240 210
171 543 166
262 626 262
270 844 270
783 987 778
727 940 722
46 112 46
80 557 74
282 524 282
601 815 594
374 935 374
166 442 166
86 303 86
510 750 510
19 369 14
643 698 638
908 1000 902
430 804 430
362 630 362
162 205 162
427 527 422
209 263 202
645 864 638
338 1000 338
1 944 1
323 619 318
941 965 934
540 959 534
130 326 130
50 69 50
127 314 122
468 677 462
659 711 654
763 944 758
601 988 594
271 359 266
761 877 754
968 987 962
194 632 194
33 138 26
313 1018 306
147 886 142
743 815 738
359 955 354
241 537 234
460 495 454
62 842 62
313 336 306
358 433 358
266 353 266
593 626 586
257 431 250
10 419 10
28 467 22
434 927 434
467 982 462
394 560 394
69 78 62
308 340 302
187 463 182
34 141 34
330 566 330
138 446 138
10 388 10
754 920 754
233 338 226
452 990 446
338 390 338
91 270 86
840 973 834
240 657 234
101 451 94
84 371 78
568 910 562
264 638 258
134 344 134
169 542 162
148 549 142
337 777 330
119 542 114
788 990 782
458 807 458
350 736 350
538 719 538
98 542 98
351 974 346
6 66 6
940 989 934
298 711 298
998 1015 998
290 947 290
233 440 226
82 296 82
218 571 218
262 699 262
441 699 434
935 1004 930
601 712 594
652 997 646
486 811 486
309 897 302
658 924 658
407 536 402
872 890 866
683 953 678
137 981 130
74 300 74
67 921 62
10 159 10
648 736 642
55 716 50
202 312 202
142 297 142
329 906 322
698 753 698
79 728 74
94 617 94
104 188 98
913 940 906
548 682 542
265 909 258
54 482 54
11 618 6
8 262 2
14 18 14
220 231 214
479 1002 474
402 713 402
160 473 154
186 642 186
807 857 802
756 979 750
660 873 654
30 504 30
779 830 774
69 151 62
115 864 110
688 750 682
740 961 734
162 369 162
728 823 722
188 779 182
362 683 362
321 376 314
356 615 350
202 683 202
219 929 214
112 665 106
402 929 402
664 784 658
257 470 250
393 924 386
242 247 242
126 544 126
126 567 126
659 756 654
381 658 374
630 938 630
214 738 214
147 884 142
221 1019 214
76 461 70
24 548 18
148 821 142
689 914 682
314 579 314
61 453 54
875 976 870
130 185 130
887 957 882
266 614 266
692 748 686
282 846 282
468 961 462
78 400 78
374 754 374
356 519 350
61 519 54
588 898 582
66 173 66
130 629 130
517 1017 510
60 387 54
252 990 246
170 983 170
126 186 126
409 993 402
223 239 218
232 824 226
81 987 74
128 374 122
1003 1008 998
56 259 50
286 996 286
506 760 506
515 546 510
702 749 702
146 239 146
94 612 94
338 347 338
751 880 746
538 680 538
406 580 406
142 1000 142
618 967 618
43 780 38
707 814 702
110 214 110
26 317 26
221 290 214
716 783 710
83 289 78
80 441 74
906 913 906
110 192 110
669 906 662
318 707 318
334 715 334
108 968 102
507 596 502
613 978 606
557 796 550
208 816 202
14 802 14
247 295 242
193 841 186
257 288 250
115 793 110
269 316 262
354 422 354
343 947 338
94 967 94
705 777 698
108 581 102
290 958 290
120 955 114
169 675 162
454 1008 454
93 361 86
893 958 886
336 398 330
821 859 814
874 1020 874
229 639 222
891 939 886
38 512 38
479 743 474
381 741 374
87 245 82
899 962 894
68 221 62
264 378 258
608 1004 602
361 490 354
253 528 246
736 883 730
26 171 26
259 1020 254
131 264 126
201 417 194
714 780 714
206 276 206
121 238 114
964 1012 958
110 489 110
458 710 458
136 792 130
379 466 374
971 995 966
86 881 86
700 894 694
1 138 1
126 468 126
217 591 210
810 877 810
146 939 146
94 217 94
281 622 274
435 970 430
91 274 86
567 1001 562
386 429 386
252 368 246
714 836 714
293 821 286
701 867 694
429 740 422
486 712 486
562 801 562
8 583 2
755 845 750
134 220 134
704 973 698
207 721 202
796 818 790
292 993 286
819 1012 814
373 867 366
166 332 166
26 144 26
59 84 54
265 798 258
485 973 478
327 449 322
169 667 162
498 654 498
282 447 282
302 684 302
231 700 226
798 970 798
52 977 46
10 41 10
217 488 210
191 1003 186
280 560 274
143 917 138
118 160 118
649 746 642
67 158 62
543 674 538
907 946 902
228 973 222
25 885 18
859 974 854
471 621 466
739 817 734
645 1021 638
286 901 286
316 824 310
552 1021 546
79 809 74
355 540 350
486 956 486
54 67 54
46 783 46
29 538 22
98 183 98
154 333 154
716 1018 710
6 768 6
98 127 98
613 614 606
522 883 522
395 890 390
684 781 678
113 630 106
262 527 262
581 591 574
658 806 658
244 474 238
662 808 662
293 458 286
431 804 426
222 955 222
226 510 226
350 532 350
162 435 162
22 674 22
70 862 70
713 759 706
324 838 318
53 529 46
961 974 954
670 927 670
688 927 682
494 794 494
921 1021 914
882 932 882
148 685 142
408 952 402
79 562 74
413 850 406
287 480 282
773 919 766
970 1005 970
710 865 710
39 980 34
798 986 798
46 329 46
10 16 10
89 891 82
61 808 54
245 913 238
669 782 662
114 324 114
268 512 262
194 675 194
677 938 670
684 987 678
538 864 538
471 725 466
76 646 70
675 928 670
403 986 398
249 946 242
610 852 610
111 733 106
658 709 658
135 653 130
62 598 62
16 182 10
392 913 386
96 603 90
72 585 66
304 395 298
787 870 782
387 846 382
411 907 406
690 929 690
377 743 370
24 957 18
98 219 98
496 814 490
660 713 654
354 536 354
155 457 150
571 893 566
684 751 678
226 437 226
124 531 118
997 1005 990
324 474 318
216 252 210
401 493 394
128 886 122
712 829 706
721 787 714
528 835 522
130 927 130
431 841 426
210 461 210
333 360 326
38 404 38
63 236 58
74 129 74
457 745 450
34 313 34
760 914 754
827 869 822
1 476 1
43 911 38
525 1019 518
70 864 70
772 993 766
590 904 590
245 715 238
350 713 350
330 990 330
250 972 250
404 580 398
34 293 34
444 681 438
350 411 350
304 440 298
566 575 566
24 653 18
35 591 30
193 763 186
253 810 246
510 530 510
127 788 122
106 602 106
68 836 62
760 994 754
77 827 70
50 137 50
698 779 698
633 891 626
211 415 206
728 743 722
442 730 442
346 415 346
31 548 26
322 805 322
980 993 974
34 110 34
558 568 558
635 789 630
38 986 38
49 658 42
623 644 618
484 659 478
433 1011 426
188 254 182
97 748 90
316 877 310
898 986 898
576 910 570
186 340 186
12 901 6
163 979 158
196 307 190
113 499 106
679 768 674
680 685 674
1 301 1
208 401 202
270 358 270
601 708 594
833 876 826
574 805 574
655 801 650
249 742 242
7 279 2
206 265 206
175 1021 170
18 581 18
62 169 62
685 725 678
816 905 810
205 424 198
610 793 610
277 881 270
774 787 774
38 313 38
279 927 274
93 374 86
46 144 46
50 647 50
770 775 770
582 984 582
797 984 790
927 951 922
546 655 546
320 875 314
16 983 10
161 732 154
152 524 146
637 846 630
326 492 326
385 682 378
702 710 702
569 864 562
309 951 302
548 803 542
42 223 42
891 952 886
715 792 710
388 555 382
755 771 750
100 538 94
281 566 274
154 334 154
19 738 14
745 763 738
784 963 778
247 863 242
76 142 70
754 857 754
265 753 258
321 669 314
63 699 58
168 186 162
668 973 662
62 595 62
66 394 66
394 700 394
38 318 38
463 730 458
46 87 46
291 464 286
907 912 902
608 610 602
666 791 666
824 974 818
108 835 102
166 676 166
310 895 310
139 678 134
397 856 390
494 724 494
10 384 10
759 1019 754
278 866 278
839 996 834
517 1001 510
634 954 634
24 306 18
114 558 114
336 722 330
774 890 774
156 253 150
28 292 22
210 704 210
274 795 274
254 865 254
365 971 358
113 763 106
72 707 66
176 495 170
379 777 374
300 322 294
1 27 1
33 769 26
105 631 98
220 574 214
843 852 838
412 826 406
291 325 286
404 560 398
242 403 242
808 906 802
636 992 630
399 986 394
82 898 82
246 418 246
8 640 2
737 957 730
542 828 542
116 233 110
281 614 274
959 972 954
353 880 346
904 946 898
294 696 294
337 863 330
18 197 18
64 169 58
371 393 366
256 470 250
423 918 418
168 218 162
280 789 274
347 802 342
55 663 50
230 458 230
126 189 126
872 1017 866
97 759 90
772 874 766
182 754 182
85 90 78
300 774 294
475 670 470
214 454 214
10 151 10
277 920 270
476 591 470
350 455 350
816 855 810
214 242 214
281 513 274
435 475 430
395 868 390
257 639 250
406 416 406
198 420 198
446 922 446
179 980 174
250 650 250
833 839 826
332 391 326
110 833 110
16 926 10
669 889 662
26 113 26
526 746 526
182 249 182
386 1015 386
4 859 1
842 976 842
274 550 274
75 351 70
41 301 34
370 966 370
232 507 226
676 705 670
111 324 106
546 734 546
58 544 58
23 666 18
629 856 622
306 336 306
310 771 310
777 1021 770
162 664 162
387 743 382
23 59 18
140 686 134
685 752 678
142 578 142
23 882 18
358 1003 358
771 890 766
215 966 210
102 150 102
323 1008 318
322 899 322
125 613 118
832 917 826
411 536 406
346 725 346
87 720 82
699 768 694
314 772 314
681 833 674
632 638 626
681 1014 674
59 97 54
505 1011 498
686 784 686
442 993 442
209 502 202
324 816 318
703 848 698
545 614 538
140 614 134
361 685 354
148 225 142
288 745 282
288 836 282
836 930 830
322 1016 322
387 558 382
302 554 302
497 611 490
733 867 726
346 719 346
410 916 410
546 828 546
329 443 322
327 573 322
91 566 86
744 904 738
550 607 550
102 528 102
270 406 270
78 333 78
338 407 338
453 472 446
262 503 262
310 910 310
359 781 354
546 684 546
589 653 582
171 237 166
142 330 142
315 814 310
539 737 534
66 735 66
159 696 154
302 923 302
159 185 154
14 872 14
741 1016 734
374 848 374
394 490 394
893 965 886
846 929 846
419 819 414
546 709 546
592 793 586
57 273 50
600 790 594
210 851 210
122 283 122
50 544 50
638 962 638
125 515 118
489 632 482
548 680 542
38 811 38
484 627 478
124 861 118
596 1009 590
269 561 262
274 393 274
230 818 230
312 805 306
136 275 130
346 890 346
155 980 150
495 778 490
334 993 334
150 476 150
154 250 154
22 164 22
471 978 466
630 677 630
326 490 326
248 368 242
357 972 350
18 263 18
230 374 230
42 580 42
583 776 578
680 701 674
90 159 90
436 546 430
270 658 270
86 510 86
286 480 286
619 749 614
402 794 402
26 143 26
433 1002 426
424 702 418
90 128 90
813 854 806
118 169 118
302 423 302
430 870 430
303 457 298
575 618 570
322 669 322
117 1015 110
649 1020 642
828 1024 822
20 877 14
385 686 378
445 664 438
182 598 182
745 762 738
110 262 110
108 210 102
106 206 106
375 773 370
705 850 698
579 988 574
525 732 518
114 978 114
134 654 134
880 973 874
251 430 246
933 934 926
215 787 210
522 876 522
86 178 86
832 860 826
122 1008 122
71 188 66
1 176 1
2 934 2
527 628 522
821 853 814
563 919 558
767 872 762
196 485 190
90 135 90
203 823 198
226 691 226
928 962 922
281 288 274
948 990 942
62 126 62
18 47 18
177 806 170
38 879 38
709 904 702
756 992 750
741 894 734
341 602 334
782 988 782
524 829 518
536 830 530
955 971 950
201 297 194
745 879 738
277 922 270
485 739 478
82 727 82
967 1000 962
197 261 190
226 298 226
696 932 690
153 948 146
740 933 734
794 877 794
816 942 810
673 1000 666
392 883 386
126 677 126
238 939 238
310 922 310
358 628 358
106 299 106
535 663 530
339 540 334
761 785 754
554 845 554
302 593 302
574 966 574
394 910 394
18 695 18
229 433 222
131 640 126
163 283 158
202 358 202
318 403 318
40 772 34
805 884 798
42 179 42
503 527 498
23 541 18
151 682 146
118 153 118
110 167 110
246 908 246
373 419 366
80 995 74
398 603 398
134 888 134
88 365 82
871 1002 866
911 966 906
301 898 294
555 676 550
945 991 938
101 217 94
570 973 570
146 502 146
768 988 762
398 460 398
162 234 162
793 952 786
42 84 42
729 918 722
322 335 322
764 1018 758
632 832 626
26 399 26
486 689 486
164 907 158
690 932 690
642 796 642
292 725 286
665 960 658
772 844 766
390 593 390
66 152 66
206 374 206
6 267 6
38 668 38
266 788 266
276 678 270
182 829 182
217 690 210
705 832 698
346 1007 346
33 772 26
367 422 362
392 1000 386
102 556 102
381 994 374
718 1013 718
22 86 22
887 972 882
310 716 310
122 665 122
462 577 462
900 985 894
526 550 526
202 908 202
86 157 86
399 761 394
144 171 138
111 1006 106
130 642 130
552 564 546
267 509 262
290 365 290
207 289 202
543 860 538
70 424 70
245 911 238
673 722 666
22 878 22
630 651 630
150 922 150
10 410 10
608 640 602
74 860 74
181 255 174
73 873 66
410 459 410
10 238 10
770 917 770
764 867 758
65 938 58
24 942 18
430 575 430
154 957 154
419 907 414
127 840 122
917 1024 910
799 980 794
599 785 594
462 726 462
83 654 78
287 780 282
645 929 638
565 928 558
87 96 82
294 378 294
12 518 6
553 1024 546
382 860 382
255 735 250
74 670 74
563 889 558
169 362 162
622 713 622
102 644 102
350 609 350
44 634 38
148 933 142
846 953 846
579 820 574
677 933 670
764 946 758
10 720 10
126 341 126
753 862 746
740 763 734
161 544 154
353 557 346
811 1002 806
239 866 234
123 492 118
236 579 230
740 987 734
66 541 66
182 938 182
188 790 182
282 636 282
354 534 354
414 519 414
600 673 594
865 972 858
202 333 202
758 957 758
89 879 82
30 186 30
106 893 106
929 940 922
638 901 638
411 423 406
274 556 274
202 283 202
218 846 218
139 702 134
515 583 510
18 943 18
266 273 266
809 831 802
162 429 162
839 973 834
86 387 86
513 1024 506
398 871 398
113 376 106
300 534 294
197 981 190
1 58 1
599 614 594
94 662 94
390 678 390
460 774 454
690 753 690
844 927 838
516 891 510
655 827 650
110 813 110
397 857 390
62 1014 62
732 781 726
182 815 182
695 990 690
146 152 146
94 238 94
114 641 114
762 802 762
436 630 430
255 656 250
703 728 698
132 653 126
330 532 330
182 466 182
59 537 54
149 366 142
562 839 562
454 462 454
391 414 386
457 765 450
487 988 482
387 802 382
987 998 982
334 1012 334
92 880 86
47 266 42
568 991 562
114 407 114
186 1018 186
443 958 438
666 773 666
146 405 146
754 936 754
134 422 134
499 778 494
18 392 18
583 603 578
335 740 330
14 907 14
34 728 34
32 743 26
991 1018 986
304 651 298
281 802 274
21 796 14
244 844 238
482 990 482
565 770 558
85 826 78
339 842 334
70 522 70
269 948 262
679 863 674
129 621 122
330 632 330
78 255 78
125 864 118
43 1013 38
313 378 306
908 933 902
32 967 26
152 897 146
580 880 574
967 1021 962
6 124 6
455 485 450
147 692 142
60 436 54
731 805 726
258 331 258
448 758 442
94 295 94
597 612 590
855 988 850
34 142 34
778 980 778
298 329 298
191 284 186
486 628 486
416 654 410
708 837 702
528 871 522
320 653 314
379 729 374
271 628 266
2 124 2
540 556 534
836 941 830
677 890 670
90 330 90
1 840 1
442 765 442
245 548 238
326 993 326
42 59 42
272 916 266
262 912 262
158 230 158
327 416 322
157 1023 150
295 793 290
74 387 74
282 420 282
52 165 46
418 738 418
9 405 2
72 697 66
307 853 302
303 833 298
464 700 458
45 611 38
231 743 226
29 807 22
6 214 6
108 367 102
910 940 910
49 194 42
154 824 154
492 536 486
466 487 466
144 468 138
534 635 534
229 742 222
198 271 198
122 210 122
440 493 434
120 192 114
110 326 110
6 53 6
44 428 38
206 914 206
165 915 158
692 754 686
444 630 438
963 972 958
488 778 482
693 773 686
253 948 246
299 838 294
775 940 770
70 468 70
202 834 202
326 589 326
58 88 58
243 537 238
2 503 2
494 950 494
145 606 138
528 975 522
856 940 850
927 995 922
332 614 326
648 686 642
839 881 834
298 651 298
403 916 398
256 437 250
420 831 414
190 810 190
231 469 226
462 919 462
442 960 442
738 808 738
821 1017 814
899 1019 894
808 881 802
912 978 906
391 494 386
682 717 682
637 979 630
590 865 590
239 322 234
399 856 394
471 657 466
481 593 474
149 704 142
546 884 546
723 950 718
434 565 434
218 455 218
353 877 346
797 799 790
946 990 946
104 250 98
341 810 334
73 620 66
622 876 622
699 946 694
34 144 34
670 945 670
467 949 462
196 515 190
613 746 606
652 1021 646
678 811 678
271 641 266
219 357 214
185 783 178
480 804 474
116 759 110
1016 1020 1010
9 360 2
447 561 442
223 646 218
569 571 562
672 868 666
809 862 802
560 927 554
363 774 358
636 804 630
77 568 70
941 1003 934
242 641 242
607 883 602
324 748 318
266 287 266
488 636 482
827 935 822
429 820 422
259 365 254
764 829 758
411 688 406
176 382 170
601 857 594
59 689 54
575 980 570
143 347 138
35 963 30
233 856 226
535 899 530
612 676 606
235 795 230
367 593 362
350 802 350
531 825 526
713 919 706
46 266 46
223 964 218
514 679 514
385 423 378
134 824 134
846 864 846
119 807 114
716 823 710
718 881 718
697 885 690
298 709 298
556 805 550
52 853 46
623 738 618
892 988 886
200 348 194
989 1007 982
384 995 378
70 203 70
287 336 282
636 746 630
506 966 506
522 841 522
45 861 38
21 386 14
485 535 478
44 546 38
344 520 338
348 886 342
801 825 794
216 896 210
582 694 582
610 800 610
633 1006 626
70 695 70
534 869 534
97 742 90
246 374 246
702 910 702
291 584 286
190 851 190
576 644 570
206 672 206
662 786 662
130 437 130
206 861 206
342 427 342
177 291 170
29 224 22
311 747 306
258 323 258
738 829 738
548 1001 542
748 875 742
218 402 218
473 596 466
386 434 386
110 403 110
182 656 182
356 893 350
270 794 270
745 944 738
316 960 310
52 441 46
335 728 330
885 1000 878
302 349 302
58 797 58
758 776 758
338 547 338
101 534 94
270 427 270
517 993 510
34 662 34
280 965 274
848 1004 842
536 754 530
544 809 538
219 968 214
546 756 546
289 841 282
181 248 174
33 515 26
177 335 170
775 794 770
110 936 110
85 1019 78
374 849 374
143 1013 138
334 853 334
547 712 542
132 569 126
140 672 134
339 391 334
405 645 398
61 680 54
601 752 594
319 706 314
449 773 442
122 785 122
518 571 518
122 386 122
247 522 242
150 363 150
183 430 178
518 769 518
317 385 310
289 762 282
473 474 466
150 794 150
312 1004 306
128 596 122
186 197 186
50 232 50
222 231 222
190 311 190
518 601 518
290 321 290
975 1024 970
155 831 150
74 725 74
951 961 946
14 310 14
170 382 170
703 813 698
499 665 494
70 232 70
54 869 54
144 657 138
804 868 798
79 531 74
896 971 890
142 196 142
186 488 186
113 768 106
378 490 378
184 924 178
78 383 78
42 764 42
506 686 506
129 220 122
570 829 570
764 914 758
813 874 806
729 943 722
398 608 398
441 622 434
596 750 590
344 854 338
595 854 590
189 452 182
412 472 406
90 167 90
34 159 34
162 201 162
373 860 366
920 929 914
754 958 754
46 55 46
104 581 98
210 437 210
342 562 342
25 244 18
492 944 486
351 945 346
393 974 386
426 587 426
570 873 570
228 666 222
574 633 574
87 249 82
432 941 426
240 897 234
33 366 26
224 753 218
823 902 818
63 268 58
513 778 506
295 654 290
54 159 54
739 864 734
465 467 458
707 966 702
581 1007 574
553 620 546
216 964 210
358 1006 358
927 1015 922
769 794 762
186 725 186
299 1000 294
98 636 98
111 323 106
10 46 10
377 558 370
379 845 374
356 648 350
638 970 638
522 828 522
558 571 558
330 867 330
428 797 422
287 876 282
39 380 34
398 879 398
849 929 842
504 567 498
961 1017 954
91 856 86
501 669 494
488 824 482
58 246 58
42 106 42
499 690 494
403 564 398
301 734 294
20 858 14
221 820 214
197 624 190
596 917 590
94 122 94
615 835 610
698 919 698
882 963 882
288 713 282
164 633 158
987 1015 982
287 969 282
109 1006 102
745 952 738
449 707 442
624 837 618
815 1021 810
661 766 654
89 319 82
837 841 830
843 971 838
50 788 50
307 783 302
654 1009 654
198 360 198
744 822 738
95 128 90
82 880 82
66 77 66
100 228 94
149 963 142
985 1006 978
646 1002 646
346 461 346
17 246 10
439 476 434
38 380 38
538 730 538
577 678 570
575 771 570
972 1000 966
56 72 50
87 922 82
510 862 510
413 714 406
542 809 542
8 500 2
290 453 290
777 918 770
98 381 98
122 274 122
266 347 266
394 934 394
142 695 142
149 247 142
575 1003 570
458 780 458
102 261 102
783 793 778
110 217 110
624 783 618
591 722 586
667 974 662
893 1019 886
975 988 970
552 747 546
74 646 74
626 1024 626
616 837 610
370 643 370
302 855 302
757 980 750
486 616 486
24 521 18
399 909 394
469 863 462
348 440 342
251 886 246
476 871 470
114 190 114
844 932 838
118 388 118
197 344 190
631 856 626
210 515 210
336 451 330
386 615 386
298 448 298
979 996 974
409 782 402
257 267 250
357 707 350
30 548 30
660 872 654
1 104 1
50 1007 50
169 672 162
942 949 942
950 971 950
6 388 6
360 632 354
210 793 210
694 811 694
299 341 294
327 698 322
43 728 38
513 544 506
468 763 462
244 346 238
92 636 86
4 1018 1
770 804 770
656 831 650
210 670 210
136 227 130
937 993 930
643 867 638
172 478 166
454 672 454
466 642 466
185 609 178
602 721 602
983 1011 978
362 942 362
156 914 150
697 828 690
694 1000 694
227 803 222
368 467 362
314 654 314
834 1004 834
46 947 46
803 873 798
70 437 70
737 876 730
126 913 126
136 533 130
423 466 418
194 767 194
149 498 142
739 780 734
792 1021 786
377 706 370
98 426 98
90 394 90
738 941 738
713 848 706
167 951 162
502 721 502
179 838 174
142 286 142
127 168 122
38 94 38
374 449 374
841 845 834
781 865 774
375 839 370
417 704 410
164 302 158
442 482 442
6 651 6
385 610 378
266 477 266
143 273 138
550 897 550
96 346 90
784 976 778
889 938 882
815 836 810
386 737 386
42 333 42
217 628 210
307 787 302
856 904 850
179 1024 174
281 953 274
726 813 726
82 1018 82
236 269 230
732 873 726
305 498 298
145 511 138
367 660 362
375 452 370
722 837 722
34 235 34
132 769 126
30 52 30
221 448 214
586 948 586
167 942 162
482 522 482
38 442 38
94 539 94
485 876 478
222 525 222
35 753 30
530 549 530
47 531 42
350 380 350
22 83 22
965 1017 958
19 703 14
130 269 130
241 813 234
84 233 78
186 474 186
86 397 86
145 1018 138
236 829 230
70 276 70
34 55 34
824 941 818
448 985 442
675 827 670
197 946 190
35 427 30
523 819 518
455 735 450
655 793 650
297 661 290
103 312 98
182 319 182
620 941 614
55 889 50
126 397 126
109 597 102
114 199 114
668 986 662
632 802 626
335 653 330
397 629 390
362 969 362
116 398 110
229 313 222
229 258 222
20 821 14
224 693 218
348 865 342
323 967 318
455 1023 450
542 903 542
627 1013 622
87 616 82
122 391 122
26 658 26
329 854 322
74 552 74
525 688 518
7 424 2
273 949 266
312 797 306
327 710 322
253 678 246
578 706 578
82 312 82
98 508 98
600 948 594
1 129 1
358 722 358
122 248 122
848 990 842
285 313 278
191 375 186
853 940 846
379 682 374
62 239 62
574 738 574
528 789 522
37 173 30
182 276 182
206 933 206
70 707 70
38 820 38
262 489 262
392 481 386
2 767 2
129 666 122
69 304 62
438 814 438
123 694 118
848 886 842
117 721 110
738 812 738
634 919 634
248 543 242
634 790 634
756 889 750
86 855 86
284 738 278
892 952 886
722 1009 722
744 1015 738
186 492 186
698 907 698
171 799 166
840 945 834
270 738 270
208 888 202
214 342 214
249 271 242
478 641 478
911 916 906
474 851 474
190 714 190
712 747 706
136 735 130
983 1019 978
94 709 94
22 156 22
80 1017 74
151 516 146
138 563 138
847 965 842
245 1019 238
678 844 678
86 396 86
239 779 234
314 931 314
251 352 246
487 983 482
445 817 438
416 692 410
270 945 270
270 423 270
77 259 70
203 662 198
126 820 126
85 955 78
779 853 774
174 1001 174
50 99 50
352 793 346
313 909 306
245 877 238
358 450 358
339 824 334
125 793 118
10 138 10
97 223 90
110 177 110
690 866 690
400 404 394
790 966 790
52 556 46
177 562 170
73 546 66
413 774 406
302 573 302
967 984 962
360 820 354
231 338 226
129 421 122
433 993 426
412 752 406
146 807 146
499 821 494
2 678 2
413 795 406
71 157 66
194 891 194
429 808 422
378 394 378
462 914 462
57 546 50
923 963 918
34 868 34
54 258 54
312 778 306
146 536 146
30 957 30
198 881 198
75 282 70
741 827 734
17 254 10
580 960 574
273 453 266
495 693 490
946 1007 946
14 254 14
285 990 278
685 794 678
891 898 886
515 702 510
50 939 50
678 903 678
344 847 338
197 315 190
145 679 138
214 558 214
136 909 130
757 945 750
84 804 78
648 1010 642
330 610 330
880 916 874
281 669 274
582 638 582
39 430 34
398 873 398
153 251 146
182 325 182
387 1017 382
141 547 134
170 806 170
585 658 578
915 1013 910
799 920 794
311 663 306
575 849 570
413 497 406
533 802 526
58 701 58
223 227 218
448 600 442
523 616 518
331 707 326
796 844 790
1015 1024 1010
474 884 474
593 857 586
18 993 18
579 856 574
595 844 590
354 857 354
129 493 122
6 341 6
121 765 114
496 697 490
809 955 802
727 855 722
565 892 558
97 943 90
314 511 314
247 302 242
292 330 286
70 349 70
824 1009 818
292 683 286
286 452 286
183 442 178
784 896 778
241 401 234
66 859 66
691 752 686
877 1004 870
211 674 206
174 310 174
546 817 546
797 839 790
159 985 154
153 805 146
365 787 358
78 952 78
335 721 330
374 668 374
247 733 242
362 463 362
450 589 450
594 1004 594
394 435 394
403 915 398
486 727 486
499 650 494
537 741 530
378 407 378
498 725 498
381 752 374
552 935 546
29 549 22
439 449 434
278 466 278
396 973 390
1007 1012 1002
9 355 2
637 939 630
948 1016 942
38 98 38
167 299 162
6 435 6
901 983 894
483 927 478
88 742 82
545 725 538
54 991 54
352 723 346
736 918 730
947 959 942
384 567 378
106 617 106
258 483 258
162 167 162
301 915 294
333 433 326
242 831 242
520 991 514
431 618 426
893 919 886
549 703 542
498 570 498
98 900 98
282 891 282
499 719 494
137 214 130
178 623 178
66 166 66
345 842 338
276 303 270
151 697 146
4 219 1
230 859 230
1 747 1
83 688 78
378 999 378
506 924 506
396 713 390
476 556 470
50 94 50
52 91 46
494 561 494
336 815 330
302 318 302
502 757 502
612 734 606
986 997 986
360 826 354
786 837 786
158 417 158
611 620 606
485 836 478
122 525 122
164 173 158
38 114 38
46 588 46
482 668 482
833 958 826
194 409 194
407 485 402
196 484 190
99 184 94
470 488 470
749 820 742
80 185 74
396 567 390
974 997 974
406 620 406
248 609 242
47 898 42
219 392 214
54 195 54
346 1023 346
46 53 46
182 230 182
728 941 722
520 985 514
630 699 630
562 866 562
964 972 958
779 802 774
1 140 1
799 970 794
54 193 54
62 120 62
359 503 354
318 418 318
520 580 514
230 925 230
28 40 22
346 547 346
973 992 966
422 1011 422
193 931 186
627 966 622
191 460 186
422 582 422
804 975 798
102 365 102
210 525 210
398 572 398
52 757 46
730 927 730
8 938 2
559 606 554
184 815 178
772 866 766
474 549 474
2 74 2
742 810 742
555 857 550
7 544 2
258 671 258
474 649 474
70 392 70
894 1010 894
421 628 414
402 1005 402
77 772 70
192 575 186
880 922 874
470 501 470
17 791 10
682 779 682
312 770 306
127 137 122
973 1009 966
251 536 246
77 839 70
887 1003 882
712 745 706
150 843 150
294 738 294
18 326 18
274 542 274
836 920 830
294 776 294
144 159 138
552 971 546
219 230 214
46 603 46
358 885 358
897 976 890
942 1018 942
350 941 350
212 799 206
688 897 682
474 950 474
10 50 10
636 956 630
415 1003 410
360 933 354
414 780 414
191 207 186
134 208 134
833 873 826
646 726 646
14 135 14
208 490 202
709 957 702
520 904 514
538 848 538
395 453 390
341 558 334
71 439 66
806 846 806
899 930 894
421 671 414
617 957 610
357 584 350
494 1008 494
339 919 334
209 223 202
117 182 110
925 929 918
329 920 322
257 632 250
587 927 582
188 456 182
262 520 262
975 992 970
803 1002 798
130 286 130
146 257 146
166 231 166
2 155 2
316 735 310
217 830 210
60 740 54
873 982 866
315 505 310
44 167 38
825 924 818
178 777 178
139 790 134
285 625 278
162 668 162
512 544 506
50 409 50
96 459 90
88 634 82
194 792 194
551 652 546
656 1003 650
107 660 102
594 655 594
806 965 806
309 767 302
485 1024 478
639 972 634
153 784 146
208 267 202
244 606 238
956 961 950
361 770 354
408 900 402
132 942 126
752 1024 746
237 798 230
391 578 386
876 911 870
436 643 430
730 799 730
547 699 542
235 465 230
282 756 282
517 724 510
264 731 258
386 443 386
442 677 442
701 795 694
903 958 898
14 296 14
270 887 270
453 817 446
566 703 566
328 744 322
95 647 90
688 1002 682
385 708 378
961 968 954
238 396 238
165 410 158
136 424 130
86 344 86
510 784 510
240 695 234
47 1023 42
138 257 138
997 1003 990
770 905 770
122 1010 122
470 860 470
24 144 18
58 425 58
54 820 54
224 883 218
923 950 918
126 357 126
67 559 62
566 589 566
630 848 630
74 827 74
782 789 782
504 695 498
33 257 26
914 944 914
404 754 398
184 244 178
625 770 618
488 773 482
31 75 26
307 1021 302
97 574 90
444 595 438
82 621 82
257 745 250
235 684 230
319 485 314
264 865 258
770 867 770
723 747 718
29 453 22
263 383 258
633 781 626
909 1013 902
313 363 306
2 348 2
883 997 878
267 927 262
672 925 666
95 285 90
719 792 714
21 935 14
427 1006 422
108 966 102
4 37 1
378 579 378
146 568 146
30 161 30
262 406 262
296 450 290
619 1015 614
432 756 426
418 508 418
873 938 866
346 948 346
294 395 294
377 907 370
58 789 58
127 283 122
613 924 606
709 783 702
898 924 898
198 288 198
579 785 574
114 151 114
478 866 478
10 63 10
912 968 906
214 313 214
42 948 42
677 869 670
22 527 22
720 952 714
547 821 542
42 319 42
309 460 302
447 819 442
106 909 106
577 1003 570
683 1020 678
302 500 302
370 482 370
633 820 626
222 950 222
284 567 278
897 1024 890
53 467 46
106 212 106
102 243 102
119 635 114
77 900 70
410 415 410
150 899 150
220 444 214
539 1003 534
17 795 10
510 616 510
852 918 846
383 900 378
286 416 286
628 978 622
459 741 454
44 422 38
510 850 510
442 451 442
436 661 430
623 694 618
187 240 182
525 656 518
342 537 342
463 856 458
41 946 34
562 872 562
538 1024 538
210 898 210
82 166 82
78 225 78
469 702 462
963 989 958
118 248 118
595 749 590
734 822 734
357 736 350
670 962 670
39 193 34
589 919 582
629 716 622
774 873 774
239 462 234
776 948 770
462 930 462
6 692 6
49 877 42
41 126 34
357 575 350
18 154 18
121 838 114
805 817 798
1 130 1
263 421 258
74 356 74
219 1011 214
358 1001 358
178 567 178
158 178 158
559 657 554
578 1012 578
599 823 594
91 379 86
50 237 50
54 613 54
599 814 594
337 690 330
336 626 330
842 958 842
170 181 170
600 724 594
110 123 110
220 548 214
176 438 170
767 789 762
499 660 494
107 137 102
514 944 514
385 940 378
498 826 498
81 823 74
282 833 282
103 253 98
24 125 18
525 587 518
21 811 14
558 652 558
638 832 638
39 827 34
115 435 110
825 941 818
118 652 118
179 648 174
488 940 482
258 844 258
821 955 814
65 74 58
366 616 366
452 870 446
345 776 338
55 681 50
345 643 338
42 410 42
242 992 242
128 554 122
22 286 22
509 669 502
802 1001 802
323 846 318
699 972 694
961 1024 954
100 121 94
353 889 346
466 721 466
741 998 734
501 699 494
27 181 22
424 1002 418
292 965 286
53 309 46
322 1019 322
58 301 58
883 930 878
602 898 602
406 446 406
253 474 246
313 429 306
97 711 90
80 942 74
352 455 346
394 808 394
57 936 50
537 813 530
161 671 154
306 653 306
61 653 54
202 285 202
704 881 698
465 773 458
805 825 798
492 684 486
249 800 242
382 745 382
166 393 166
182 447 182
700 895 694
206 601 206
285 899 278
301 640 294
274 859 274
180 449 174
645 822 638
170 903 170
291 795 286
6 131 6
677 764 670
770 819 770
826 886 826
194 376 194
818 989 818
238 456 238
89 508 82
182 464 182
64 719 58
636 1000 630
509 667 502
277 447 270
504 784 498
313 694 306
671 976 666
138 578 138
587 869 582
548 1017 542
880 897 874
10 639 10
297 517 290
545 717 538
69 892 62
38 117 38
830 911 830
461 469 454
807 944 802
334 775 334
777 842 770
18 82 18
13 982 6
245 965 238
136 522 130
639 771 634
181 304 174
872 1010 866
432 1021 426
54 271 54
58 807 58
666 1015 666
568 889 562
294 422 294
575 976 570
33 970 26
78 730 78
523 907 518
6 19 6
106 399 106
352 990 346
189 211 182
182 780 182
268 947 262
840 956 834
474 598 474
214 247 214
290 1000 290
347 1017 342
144 684 138
326 351 326
270 459 270
895 963 890
737 883 730
480 847 474
18 132 18
98 620 98
632 789 626
316 613 310
386 583 386
295 426 290
294 928 294
757 847 750
592 805 586
82 765 82
382 680 382
294 386 294
11 45 6
134 187 134
349 733 342
454 594 454
510 577 510
43 742 38
608 735 602
375 936 370
30 636 30
799 860 794
927 959 922
649 898 642
469 510 462
403 457 398
174 694 174
65 942 58
981 1018 974
342 411 342
42 77 42
817 914 810
209 562 202
657 732 650
455 847 450
681 938 674
263 957 258
525 847 518
28 427 22
38 582 38
156 322 150
535 560 530
551 886 546
182 862 182
744 926 738
322 674 322
424 449 418
240 504 234
466 604 466
186 326 186
148 399 142
466 560 466
665 671 658
6 376 6
342 548 342
634 791 634
783 933 778
242 924 242
86 959 86
634 934 634
826 853 826
623 634 618
739 743 734
302 642 302
358 573 358
804 893 798
62 649 62
458 603 458
818 980 818
977 1023 970
425 746 418
638 647 638
119 616 114
431 986 426
241 555 234
402 555 402
642 665 642
388 587 382
139 871 134
150 167 150
996 1017 990
224 690 218
1 72 1
400 850 394
17 519 10
650 888 650
819 880 814
413 515 406
780 843 774
629 638 622
316 318 310
463 841 458
670 701 670
252 432 246
326 626 326
329 768 322
620 959 614
58 210 58
129 627 122
186 389 186
310 715 310
794 836 794
42 229 42
759 835 754
104 851 98
41 934 34
393 997 386
230 978 230
719 751 714
590 676 590
654 976 654
560 1014 554
169 857 162
178 755 178
41 492 34
502 751 502
557 915 550
519 842 514
194 779 194
209 329 202
306 668 306
209 423 202
333 709 326
393 426 386
940 985 934
493 818 486
238 375 238
29 394 22
135 604 130
120 760 114
904 1010 898
254 388 254
19 220 14
777 835 770
359 641 354
78 634 78
176 887 170
204 824 198
426 720 426
370 417 370
576 796 570
130 239 130
411 911 406
70 125 70
372 944 366
435 1011 430
318 689 318
835 968 830
462 907 462
243 281 238
134 148 134
592 833 586
133 159 126
155 800 150
452 1000 446
85 308 78
347 788 342
814 998 814
46 124 46
66 545 66
148 385 142
140 798 134
588 750 582
142 571 142
126 215 126
372 786 366
395 514 390
110 952 110
122 426 122
173 189 166
202 338 202
206 643 206
376 678 370
435 504 430
270 682 270
934 983 934
288 910 282
562 1010 562
158 510 158
642 702 642
202 273 202
446 929 446
555 858 550
226 745 226
110 652 110
590 843 590
222 919 222
42 822 42
567 884 562
715 887 710
279 525 274
184 679 178
513 1018 506
376 934 370
666 880 666
254 296 254
387 416 382
567 626 562
282 776 282
120 424 114
26 34 26
406 563 406
16 406 10
147 236 142
210 253 210
372 821 366
19 109 14
762 776 762
29 238 22
260 673 254
32 881 26
882 962 882
142 637 142
271 452 266
182 724 182
463 476 458
22 33 22
353 771 346
750 869 750
483 892 478
374 838 374
583 947 578
345 988 338
482 891 482
374 537 374
222 368 222
314 623 314
306 523 306
174 357 174
97 188 90
184 521 178
189 1009 182
297 1013 290
101 288 94
239 557 234
289 611 282
255 530 250
614 727 614
700 1024 694
183 764 178
372 919 366
90 639 90
170 559 170
907 929 902
98 107 98
382 725 382
138 480 138
682 775 682
38 426 38
211 387 206
115 467 110
39 623 34
505 774 498
154 446 154
118 255 118
210 402 210
139 835 134
530 908 530
716 1005 710
98 268 98
911 932 906
943 987 938
74 146 74
886 994 886
435 831 430
82 730 82
112 156 106
75 490 70
946 980 946
66 393 66
687 718 682
382 922 382
85 318 78
346 711 346
380 452 374
753 820 746
295 746 290
637 942 630
313 829 306
123 359 118
6 45 6
109 576 102
14 484 14
223 524 218
163 474 158
464 750 458
925 986 918
514 977 514
94 674 94
198 308 198
526 851 526
130 385 130
103 526 98
880 1014 874
123 772 118
609 745 602
334 547 334
302 329 302
879 1017 874
206 326 206
50 893 50
931 995 926
138 181 138
138 670 138
316 762 310
591 951 586
331 776 326
67 710 62
32 372 26
414 727 414
256 915 250
381 627 374
896 947 890
189 326 182
896 996 890
782 812 782
154 246 154
320 906 314
114 926 114
385 476 378
6 989 6
8 181 2
426 650 426
212 877 206
646 895 646
793 902 786
309 745 302
795 862 790
723 794 718
190 776 190
447 916 442
132 573 126
399 942 394
292 500 286
562 595 562
25 808 18
490 807 490
146 206 146
267 867 262
957 1018 950
462 505 462
421 500 414
445 503 438
298 467 298
361 971 354
486 528 486
221 230 214
214 884 214
74 119 74
546 736 546
2 264 2
278 418 278
156 475 150
210 492 210
110 295 110
259 908 254
153 707 146
222 416 222
98 114 98
232 497 226
751 846 746
20 238 14
803 918 798
565 645 558
159 858 154
302 355 302
632 916 626
877 928 870
33 673 26
2 755 2
46 440 46
249 732 242
122 989 122
835 1019 830
187 266 182
221 573 214
853 859 846
453 705 446
66 324 66
558 663 558
483 760 478
123 304 118
198 306 198
10 297 10
546 714 546
585 1008 578
374 772 374
90 594 90
815 1014 810
889 992 882
453 801 446
17 498 10
210 415 210
689 940 682
238 791 238
198 825 198
38 126 38
877 934 870
36 74 30
537 658 530
209 750 202
275 323 270
2 146 2
430 732 430
707 971 702
185 792 178
532 731 526
226 695 226
261 313 254
162 414 162
503 617 498
501 574 494
235 723 230
110 231 110
432 487 426
505 863 498
512 586 506
282 433 282
676 1021 670
26 369 26
25 462 18
126 332 126
268 359 262
34 407 34
382 673 382
67 742 62
505 610 498
739 858 734
191 255 186
338 838 338
42 542 42
73 368 66
165 204 158
926 995 926
225 260 218
37 732 30
154 223 154
178 238 178
55 179 50
543 690 538
595 982 590
823 1019 818
14 30 14
877 922 870
137 253 130
935 981 930
30 416 30
347 369 342
582 626 582
670 893 670
734 767 734
197 241 190
82 143 82
9 204 2
6 104 6
952 983 946
234 261 234
398 779 398
847 914 842
386 755 386
322 386 322
408 755 402
242 815 242
672 825 666
7 282 2
326 697 326
631 721 626
30 564 30
675 834 670
590 780 590
955 996 950
732 1006 726
206 754 206
840 888 834
422 682 422
292 672 286
231 449 226
418 703 418
789 801 782
114 182 114
15 118 10
19 344 14
726 789 726
157 378 150
446 492 446
265 758 258
332 660 326
578 711 578
462 804 462
322 991 322
170 597 170
444 910 438
598 719 598
427 832 422
458 797 458
26 239 26
945 978 938
74 349 74
329 971 322
41 554 34
18 64 18
1 1011 1
23 418 18
77 142 70
662 673 662
506 586 506
602 675 602
552 809 546
731 775 726
650 882 650
58 341 58
728 825 722
527 1013 522
936 978 930
190 921 190
322 351 322
142 501 142
114 201 114
867 951 862
142 296 142
118 419 118
90 466 90
775 868 770
166 812 166
426 628 426
177 829 170
91 884 86
493 891 486
989 1004 982
445 636 438
529 930 522
905 932 898
135 246 130
200 662 194
200 495 194
564 728 558
86 232 86
463 495 458
190 212 190
43 434 38
130 689 130
107 550 102
513 761 506
379 632 374
133 472 126
109 634 102
79 381 74
110 281 110
370 787 370
92 122 86
261 918 254
539 815 534
134 360 134
575 916 570
98 242 98
125 450 118
258 297 258
106 246 106
6 865 6
386 641 386
14 494 14
634 668 634
517 772 510
37 679 30
158 831 158
554 1020 554
72 928 66
208 321 202
6 520 6
144 401 138
920 963 914
785 922 778
255 900 250
810 966 810
1 24 1
485 993 478
326 922 326
286 523 286
218 541 218
580 941 574
178 653 178
49 421 42
100 967 94
34 456 34
574 735 574
143 936 138
631 747 626
600 680 594
883 1008 878
37 727 30
454 466 454
848 888 842
191 992 186
167 914 162
30 209 30
144 610 138
494 953 494
462 732 462
859 904 854
11 726 6
192 530 186
863 942 858
837 1019 830
507 562 502
150 279 150
676 724 670
372 840 366
64 612 58
231 479 226
18 711 18
10 109 10
207 227 202
210 223 210
623 911 618
302 741 302
905 937 898
314 657 314
170 449 170
294 786 294
405 772 398
89 921 82
19 233 14
600 712 594
932 971 926
4 120 1
820 910 814
79 220 74
460 808 454
564 653 558
90 407 90
66 502 66
520 885 514
496 1000 490
279 482 274
160 985 154
661 748 654
121 421 114
142 326 142
570 593 570
371 429 366
94 231 94
289 431 282
258 275 258
469 892 462
506 830 506
523 620 518
626 717 626
67 735 62
695 753 690
227 522 222
243 603 238
47 657 42
318 440 318
202 263 202
60 743 54
207 894 202
571 867 566
174 509 174
438 921 438
121 754 114
204 213 198
750 955 750
285 554 278
238 312 238
715 916 710
912 988 906
192 220 186
872 932 866
130 844 130
967 1001 962
190 464 190
378 606 378
539 799 534
602 713 602
415 490 410
531 746 526
283 609 278
560 819 554
194 205 194
451 829 446
599 942 594
856 886 850
155 541 150
786 814 786
382 432 382
330 624 330
310 390 310
18 362 18
10 687 10
214 368 214
50 710 50
515 616 510
422 662 422
772 889 766
90 688 90
749 975 742
26 255 26
46 175 46
713 815 706
470 936 470
82 117 82
772 1024 766
158 943 158
745 946 738
167 707 162
262 717 262
306 953 306
404 530 398
990 1005 990
248 502 242
892 940 886
274 787 274
449 789 442
242 883 242
23 698 18
82 265 82
6 680 6
471 952 466
160 493 154
732 790 726
54 951 54
156 166 150
406 1017 406
328 466 322
194 736 194
54 775 54
881 960 874
574 637 574
364 572 358
546 811 546
819 874 814
2 213 2
842 1022 842
265 953 258
475 1006 470
336 521 330
62 380 62
82 734 82
418 650 418
26 324 26
108 135 102
877 941 870
242 594 242
953 966 946
250 336 250
172 782 166
963 1013 958
121 439 114
573 587 566
370 853 370
237 648 230
855 925 850
270 549 270
887 1020 882
738 767 738
340 412 334
891 927 886
831 970 826
336 969 330
113 919 106
92 624 86
405 961 398
516 576 510
294 537 294
160 832 154
120 571 114
116 472 110
134 682 134
150 800 150
23 354 18
360 538 354
250 874 250
48 593 42
150 731 150
80 593 74
217 619 210
125 682 118
24 748 18
118 494 118
742 906 742
852 953 846
468 901 462
216 239 210
407 692 402
279 838 274
566 825 566
857 910 850
386 841 386
530 1008 530
815 993 810
813 969 806
805 858 798
18 170 18
218 351 218
406 530 406
125 161 118
477 568 470
32 926 26
158 923 158
804 859 798
653 777 646
425 756 418
285 692 278
323 483 318
464 968 458
99 313 94
20 252 14
478 691 478
493 814 486
192 298 186
548 609 542
36 400 30
156 295 150
42 49 42
338 921 338
691 1015 686
458 848 458
756 790 750
225 403 218
180 898 174
546 605 546
369 862 362
778 891 778
50 830 50
763 1002 758
744 835 738
383 812 378
13 665 6
888 944 882
927 988 922
166 195 166
132 508 126
531 715 526
800 985 794
270 971 270
775 841 770
239 242 234
658 904 658
853 993 846
668 945 662
161 656 154
546 553 546
241 810 234
118 444 118
404 761 398
462 752 462
624 731 618
215 731 210
85 129 78
632 676 626
335 374 330
248 510 242
488 852 482
204 790 198
892 931 886
245 568 238
749 801 742
331 665 326
10 35 10
369 388 362
529 565 522
918 958 918
171 604 166
38 68 38
64 539 58
90 181 90
89 681 82
374 841 374
126 634 126
38 578 38
672 914 666
632 778 626
530 936 530
154 632 154
377 385 370
850 916 850
158 188 158
825 841 818
684 801 678
282 769 282
441 897 434
62 513 62
101 615 94
638 895 638
650 676 650
503 896 498
105 840 98
46 314 46
194 198 194
899 944 894
325 564 318
764 1005 758
513 676 506
122 269 122
50 127 50
32 851 26
731 949 726
92 756 86
400 501 394
578 708 578
110 277 110
258 301 258
170 955 170
44 553 38
464 647 458
764 923 758
384 612 378
62 374 62
164 237 158
686 970 686
6 314 6
563 870 558
385 836 378
182 358 182
362 1000 362
934 1020 934
212 575 206
127 461 122
928 1018 922
135 895 130
118 936 118
692 719 686
999 1007 994
652 727 646
452 597 446
54 109 54
517 598 510
113 350 106
4 487 1
186 226 186
334 527 334
296 553 290
442 947 442
429 482 422
769 881 762
788 866 782
109 346 102
458 792 458
553 752 546
278 839 278
466 626 466
840 914 834
121 338 114
174 309 174
630 851 630
159 647 154
764 838 758
519 751 514
106 353 106
363 661 358
150 871 150
80 682 74
10 324 10
296 304 290
166 953 166
107 592 102
609 1016 602
869 882 862
584 599 578
318 346 318
46 330 46
633 695 626
86 141 86
909 942 902
22 771 22
1 340 1
956 1015 950
511 905 506
92 934 86
101 367 94
196 244 190
340 430 334
537 632 530
215 581 210
373 738 366
777 859 770
98 356 98
550 785 550
442 1016 442
362 710 362
293 574 286
79 718 74
744 987 738
470 864 470
506 922 506
555 675 550
501 680 494
464 689 458
26 815 26
683 836 678
642 771 642
637 834 630
408 782 402
16 188 10
484 746 478
595 753 590
179 1021 174
860 1009 854
276 742 270
101 307 94
168 215 162
10 34 10
55 725 50
308 517 302
431 540 426
220 318 214
733 834 726
42 272 42
248 987 242
11 733 6
172 422 166
310 526 310
714 782 714
922 929 922
280 699 274
3 357 1
641 893 634
18 855 18
33 260 26
33 89 26
1009 1018 1002
318 400 318
138 154 138
582 713 582
186 869 186
555 962 550
721 844 714
432 766 426
777 912 770
206 508 206
935 1013 930
556 636 550
178 625 178
78 374 78
3 990 1
123 668 118
227 698 222
294 344 294
270 603 270
861 864 854
58 584 58
340 1023 334
45 435 38
190 593 190
507 598 502
593 647 586
10 848 10
988 997 982
325 553 318
410 817 410
586 813 586
127 975 122
538 840 538
44 365 38
38 109 38
490 655 490
210 300 210
39 927 34
756 1006 750
344 913 338
592 733 586
64 475 58
92 132 86
454 797 454
561 632 554
223 930 218
126 691 126
636 965 630
5 1002 1
42 558 42
426 518 426
150 514 150
830 921 830
369 1018 362
170 641 170
514 524 514
628 994 622
259 399 254
184 824 178
176 369 170
737 1006 730
106 204 106
573 652 566
142 502 142
146 160 146
99 780 94
154 555 154
289 1011 282
152 528 146
570 680 570
170 914 170
238 242 238
205 912 198
26 180 26
758 796 758
615 960 610
435 628 430
520 627 514
214 268 214
709 934 702
14 204 14
2 136 2
84 589 78
177 328 170
626 787 626
160 369 154
170 485 170
226 801 226
378 419 378
26 788 26
449 852 442
62 94 62
18 585 18
251 687 246
374 767 374
139 561 134
584 993 578
470 680 470
189 260 182
55 561 50
150 342 150
537 638 530
760 948 754
70 907 70
270 584 270
117 362 110
522 672 522
467 542 462
518 928 518
576 616 570
57 667 50
81 1015 74
448 450 442
66 311 66
441 749 434
194 864 194
434 552 434
759 962 754
660 751 654
51 738 46
898 990 898
847 992 842
83 690 78
643 699 638
76 551 70
177 861 170
46 646 46
860 987 854
686 881 686
36 796 30
236 496 230
784 852 778
774 795 774
82 420 82
828 1009 822
446 585 446
2 729 2
291 760 286
39 861 34
406 885 406
826 947 826
742 925 742
214 695 214
173 211 166
811 877 806
406 948 406
528 583 522
37 200 30
258 470 258
413 668 406
402 561 402
920 994 914
718 852 718
358 369 358
846 855 846
762 997 762
780 885 774
367 915 362
128 477 122
563 959 558
94 160 94
158 801 158
923 1015 918
70 975 70
247 643 242
209 956 202
210 766 210
134 284 134
468 856 462
915 983 910
389 550 382
834 926 834
570 597 570
287 987 282
479 621 474
34 869 34
379 714 374
402 1004 402
132 971 126
171 818 166
827 998 822
13 286 6
294 674 294
192 415 186
294 823 294
193 246 186
222 798 222
444 567 438
906 970 906
792 900 786
234 993 234
381 814 374
198 704 198
888 977 882
194 269 194
1 96 1
22 240 22
210 1001 210
186 518 186
230 742 230
58 431 58
648 838 642
701 911 694
429 440 422
708 921 702
132 810 126
92 259 86
497 735 490
469 899 462
92 188 86
519 683 514
528 690 522
763 831 758
1003 1010 998
660 724 654
90 168 90
191 523 186
567 604 562
311 529 306
138 998 138
935 1009 930
852 1003 846
350 575 350
926 991 926
490 969 490
510 541 510
354 903 354
414 619 414
555 949 550
9 949 2
659 985 654
131 761 126
134 678 134
270 314 270
530 997 530
665 777 658
76 912 70
86 111 86
329 341 322
342 968 342
506 701 506
562 803 562
315 491 310
236 711 230
134 308 134
458 768 458
118 801 118
803 834 798
454 701 454
384 605 378
142 480 142
90 634 90
138 340 138
503 583 498
927 956 922
732 815 726
742 986 742
6 57 6
254 327 254
8 733 2
593 680 586
772 959 766
144 686 138
262 277 262
175 633 170
393 918 386
482 535 482
215 470 210
903 933 898
466 745 466
26 544 26
66 690 66
8 538 2
119 991 114
832 903 826
119 1005 114
608 836 602
65 709 58
108 734 102
723 850 718
162 432 162
304 782 298
258 375 258
763 814 758
547 567 542
405 654 398
748 772 742
634 731 634
42 211 42
827 914 822
226 568 226
750 815 750
486 935 486
378 389 378
347 607 342
87 382 82
559 802 554
153 664 146
158 320 158
841 929 834
557 579 550
526 741 526
503 600 498
154 384 154
434 690 434
490 536 490
334 618 334
263 881 258
103 535 98
119 771 114
197 521 190
639 706 634
532 550 526
903 930 898
32 286 26
77 351 70
378 743 378
747 893 742
186 455 186
364 956 358
464 1007 458
118 682 118
637 973 630
462 510 462
194 338 194
490 598 490
198 319 198
359 419 354
175 383 170
222 264 222
206 674 206
88 121 82
107 845 102
389 510 382
160 525 154
572 692 566
198 380 198
53 942 46
86 638 86
38 611 38
148 372 142
524 770 518
824 1014 818
92 585 86
359 745 354
14 329 14
426 440 426
261 421 254
667 821 662
501 863 494
66 193 66
722 998 722
133 305 126
497 812 490
261 428 254
536 767 530
186 446 186
318 528 318
116 850 110
763 927 758
166 741 166
137 617 130
6 26 6
294 785 294
698 737 698
74 686 74
523 987 518
156 174 150
337 473 330
394 572 394
134 476 134
348 726 342
234 803 234
598 962 598
367 600 362
113 222 106
834 959 834
207 685 202
369 712 362
348 611 342
767 907 762
84 189 78
222 960 222
331 997 326
198 391 198
75 697 70
198 438 198
194 836 194
134 446 134
191 765 186
343 484 338
138 1012 138
913 1007 906
58 870 58
598 612 598
171 1001 166
180 851 174
503 1015 498
515 791 510
806 887 806
854 990 854
545 787 538
601 770 594
646 799 646
564 733 558
442 481 442
983 989 978
687 859 682
318 464 318
321 553 314
136 1010 130
686 1023 686
31 231 26
324 620 318
777 779 770
53 884 46
106 287 106
353 678 346
102 738 102
113 138 106
497 788 490
137 947 130
554 569 554
338 442 338
135 480 130
212 731 206
496 643 490
853 854 846
698 775 698
225 787 218
278 508 278
53 284 46
627 640 622
708 1023 702
259 565 254
402 741 402
986 1017 986
495 508 490
625 817 618
170 228 170
595 879 590
34 39 34
128 364 122
644 796 638
230 352 230
362 794 362
98 159 98
494 721 494
923 981 918
893 949 886
818 842 818
122 397 122
74 152 74
29 762 22
566 852 566
308 1009 302
527 568 522
895 1005 890
554 834 554
260 949 254
630 893 630
162 461 162
265 883 258
143 614 138
438 771 438
812 861 806
8 43 2
301 457 294
651 804 646
158 808 158
618 736 618
743 990 738
47 263 42
78 286 78
368 452 362
697 798 690
214 656 214
79 880 74
754 990 754
461 504 454
416 1024 410
36 600 30
193 289 186
202 254 202
397 593 390
531 873 526
573 767 566
513 545 506
346 876 346
89 222 82
28 441 22
399 955 394
80 687 74
945 955 938
746 805 746
275 986 270
7 570 2
494 856 494
436 486 430
394 978 394
321 720 314
566 573 566
497 752 490
490 632 490
423 936 418
941 1001 934
34 753 34
48 96 42
178 562 178
54 151 54
207 471 202
549 742 542
737 968 730
298 774 298
346 929 346
211 864 206
281 794 274
289 792 282
208 503 202
138 768 138
940 944 934
726 779 726
156 833 150
294 494 294
647 814 642
244 630 238
580 905 574
332 789 326
643 891 638
744 973 738
363 792 358
551 688 546
743 835 738
169 977 162
498 644 498
615 857 610
18 108 18
150 681 150
168 263 162
415 635 410
507 811 502
46 413 46
334 653 334
130 513 130
776 931 770
502 825 502
341 921 334
174 299 174
230 353 230
346 644 346
583 919 578
690 990 690
350 642 350
66 426 66
267 986 262
674 777 674
106 375 106
52 434 46
107 372 102
46 477 46
434 1024 434
118 440 118
973 979 966
545 679 538
140 430 134
123 971 118
801 925 794
9 117 2
77 319 70
206 1006 206
343 912 338
179 726 174
136 468 130
642 756 642
618 742 618
94 957 94
782 838 782
206 332 206
489 560 482
220 384 214
230 268 230
849 939 842
53 379 46
360 447 354
302 697 302
65 276 58
41 387 34
42 852 42
115 192 110
570 956 570
373 873 366
907 1016 902
161 906 154
134 866 134
298 398 298
36 353 30
98 511 98
215 655 210
218 518 218
273 507 266
817 873 810
652 767 646
436 467 430
847 916 842
318 366 318
874 938 874
184 563 178
183 969 178
255 729 250
472 888 466
916 1008 910
148 460 142
296 834 290
88 578 82
138 192 138
170 225 170
829 1007 822
118 432 118
29 516 22
15 795 10
27 206 22
34 117 34
310 778 310
805 892 798
353 691 346
638 884 638
438 780 438
306 670 306
150 208 150
206 518 206
363 379 358
327 896 322
114 310 114
742 812 742
156 674 150
138 407 138
274 673 274
522 924 522
518 619 518
94 371 94
66 686 66
804 834 798
169 463 162
11 124 6
166 196 166
270 396 270
422 498 422
37 957 30
808 902 802
61 631 54
374 726 374
779 970 774
380 847 374
387 617 382
399 944 394
906 969 906
103 647 98
389 674 382
846 918 846
433 966 426
109 685 102
453 998 446
9 460 2
318 789 318
197 399 190
402 473 402
101 255 94
322 346 322
114 133 114
534 569 534
598 648 598
157 569 150
319 843 314
761 855 754
203 1014 198
478 518 478
5 243 1
447 620 442
154 917 154
943 959 938
505 788 498
160 288 154
14 349 14
96 847 90
317 650 310
392 711 386
306 356 306
260 727 254
91 463 86
351 895 346
991 1009 986
32 1014 26
200 368 194
66 238 66
126 211 126
94 386 94
720 885 714
303 409 298
633 961 626
309 781 302
233 287 226
382 397 382
334 887 334
50 692 50
289 479 282
33 725 26
416 586 410
122 850 122
387 1023 382
230 720 230
376 863 370
501 887 494
154 164 154
55 644 50
513 1014 506
515 916 510
870 923 870
281 881 274
150 701 150
565 943 558
333 782 326
101 353 94
386 922 386
756 967 750
711 918 706
467 1013 462
612 684 606
755 989 750
434 469 434
583 983 578
213 707 206
563 999 558
243 695 238
487 1006 482
418 856 418
621 649 614
437 662 430
295 619 290
482 870 482
331 390 326
127 466 122
6 835 6
391 875 386
126 158 126
1 327 1
652 898 646
784 891 778
971 997 966
72 820 66
356 651 350
226 430 226
349 751 342
154 306 154
106 120 106
395 630 390
99 127 94
647 765 642
192 894 186
6 128 6
130 973 130
605 652 598
6 93 6
589 907 582
432 490 426
312 908 306
128 410 122
22 468 22
38 910 38
231 851 226
480 962 474
34 960 34
135 838 130
608 788 602
719 778 714
42 61 42
126 537 126
941 984 934
605 947 598
465 1003 458
659 663 654
54 134 54
584 792 578
266 863 266
672 853 666
186 796 186
186 959 186
114 876 114
262 842 262
278 738 278
146 424 146
182 298 182
441 823 434
650 655 650
114 574 114
334 604 334
162 309 162
90 134 90
299 869 294
71 408 66
95 548 90
190 406 190
57 738 50
270 529 270
497 581 490
286 538 286
955 959 950
320 736 314
366 920 366
454 805 454
18 661 18
120 391 114
352 945 346
13 130 6
242 955 242
904 1008 898
603 646 598
35 470 30
261 803 254
610 904 610
462 916 462
59 659 54
890 917 890
49 237 42
682 815 682
501 509 494
604 620 598
680 716 674
401 489 394
655 935 650
185 357 178
62 373 62
2 7 2
304 543 298
601 958 594
471 962 466
74 613 74
246 567 246
977 996 970
469 990 462
105 407 98
400 566 394
791 894 786
255 812 250
557 869 550
332 848 326
987 993 982
965 979 958
31 261 26
908 987 902
103 447 98
422 527 422
119 207 114
538 877 538
70 511 70
353 845 346
987 996 982
465 926 458
63 993 58
199 348 194
444 606 438
157 886 150
283 879 278
250 449 250
82 165 82
133 983 126
226 670 226
907 1008 902
264 555 258
704 938 698
474 514 474
146 357 146
79 512 74
90 425 90
370 1021 370
24 259 18
959 1006 954
340 867 334
47 268 42
588 713 582
246 645 246
138 540 138
27 920 22
177 500 170
845 938 838
667 892 662
236 895 230
993 996 986
145 960 138
118 244 118
358 381 358
142 274 142
873 896 866
401 957 394
22 137 22
821 1023 814
150 382 150
596 789 590
244 670 238
578 995 578
110 290 110
7 861 2
80 977 74
202 339 202
697 889 690
713 1007 706
128 466 122
170 277 170
638 729 638
130 417 130
988 1003 982
122 323 122
5 475 1
849 887 842
547 843 542
135 507 130
346 421 346
713 752 706
386 747 386
286 988 286
257 964 250
747 1018 742
173 578 166
117 1010 110
207 544 202
218 710 218
350 388 350
511 756 506
654 771 654
110 532 110
294 625 294
689 953 682
574 636 574
535 830 530
888 958 882
268 537 262
6 115 6
385 456 378
760 840 754
459 948 454
794 805 794
133 406 126
100 987 94
65 429 58
704 875 698
214 652 214
201 828 194
725 733 718
306 859 306
208 762 202
795 961 790
502 864 502
854 954 854
397 781 390
807 950 802
86 960 86
436 699 430
34 806 34
728 1002 722
7 1018 2
680 876 674
402 689 402
782 840 782
240 879 234
226 245 226
301 886 294
414 461 414
708 987 702
145 336 138
202 869 202
450 824 450
610 833 610
291 533 286
741 1020 734
490 728 490
38 104 38
158 532 158
410 863 410
575 696 570
576 590 570
942 998 942
437 554 430
72 250 66
599 611 594
467 983 462
520 650 514
210 557 210
163 335 158
675 742 670
736 802 730
372 526 366
14 998 14
791 971 786
472 885 466
464 958 458
286 602 286
291 971 286
138 381 138
291 871 286
623 814 618
190 606 190
74 921 74
399 699 394
209 522 202
66 624 66
373 937 366
387 646 382
16 419 10
273 795 266
291 892 286
229 372 222
892 933 886
82 358 82
301 973 294
155 770 150
146 599 146
663 848 658
143 748 138
114 249 114
82 839 82
128 851 122
89 692 82
605 838 598
710 866 710
397 863 390
530 804 530
107 632 102
34 236 34
243 527 238
626 915 626
210 349 210
657 740 650
940 990 934
21 272 14
617 862 610
146 629 146
246 560 246
23 626 18
263 714 258
291 791 286
351 622 346
46 162 46
823 1012 818
187 771 182
324 860 318
580 968 574
638 1000 638
2 810 2
46 99 46
54 493 54
525 610 518
464 552 458
94 448 94
897 910 890
253 843 246
963 971 958
282 440 282
764 868 758
289 864 282
809 995 802
66 102 66
303 994 298
594 961 594
355 816 350
170 437 170
799 803 794
940 973 934
122 780 122
281 895 274
463 845 458
604 826 598
162 463 162
182 457 182
204 806 198
455 976 450
630 1011 630
977 992 970
575 698 570
594 771 594
127 619 122
256 804 250
126 243 126
158 427 158
401 662 394
186 223 186
26 1003 26
28 778 22
813 912 806
572 958 566
522 951 522
717 867 710
521 605 514
70 270 70
159 423 154
218 306 218
12 458 6
400 759 394
62 227 62
222 450 222
47 214 42
130 339 130
336 822 330
167 559 162
846 854 846
10 290 10
598 627 598
108 596 102
1008 1013 1002
538 549 538
113 486 106
228 569 222
502 573 502
58 85 58
219 258 214
394 650 394
639 919 634
585 784 578
671 688 666
624 882 618
314 743 314
437 891 430
243 278 238
860 871 854
690 746 690
368 673 362
827 991 822
318 375 318
81 898 74
663 1013 658
355 379 350
427 1008 422
147 529 142
446 889 446
242 494 242
6 123 6
736 749 730
634 683 634
329 1016 322
354 687 354
597 981 590
4 68 1
241 732 234
924 982 918
523 786 518
378 585 378
693 730 686
548 806 542
193 1008 186
62 396 62
729 904 722
410 1009 410
826 902 826
401 703 394
754 815 754
899 907 894
159 542 154
180 938 174
200 298 194
595 834 590
155 215 150
282 634 282
148 368 142
346 794 346
739 985 734
513 600 506
305 928 298
902 949 902
511 636 506
26 206 26
617 795 610
70 216 70
988 1016 982
170 326 170
733 955 726
27 403 22
758 768 758
194 670 194
513 830 506
379 753 374
422 462 422
213 668 206
23 1024 18
558 772 558
1 14 1
13 333 6
107 309 102
366 700 366
648 696 642
319 533 314
98 463 98
134 839 134
178 389 178
237 595 230
113 1019 106
382 881 382
845 882 838
142 148 142
256 373 250
6 486 6
871 923 866
267 541 262
32 1013 26
580 991 574
132 495 126
552 779 546
70 685 70
51 526 46
296 945 290
610 1019 610
951 973 946
210 242 210
101 114 94
85 590 78
129 1000 122
899 922 894
207 374 202
252 934 246
711 911 706
293 669 286
26 326 26
173 950 166
187 370 182
336 619 330
852 896 846
386 456 386
303 820 298
595 886 590
716 832 710
794 851 794
56 170 50
334 428 334
294 497 294
389 442 382
669 827 662
492 938 486
804 1015 798
699 759 694
66 75 66
150 284 150
670 835 670
93 94 86
374 943 374
760 838 754
67 902 62
804 976 798
21 860 14
193 622 186
166 243 166
632 864 626
156 376 150
347 1019 342
48 851 42
397 466 390
206 784 206
158 363 158
154 238 154
391 634 386
220 277 214
2 536 2
921 998 914
198 215 198
667 769 662
286 894 286
406 413 406
211 916 206
76 902 70
432 497 426
214 688 214
272 773 266
646 855 646
462 866 462
229 278 222
6 264 6
146 191 146
282 591 282
964 975 958
456 1023 450
394 797 394
483 687 478
92 214 86
369 621 362
866 991 866
486 657 486
433 868 426
222 517 222
34 863 34
527 1024 522
242 860 242
425 912 418
575 748 570
1 39 1
97 142 90
548 643 542
127 317 122
422 531 422
338 429 338
386 850 386
352 872 346
85 701 78
62 226 62
458 477 458
269 448 262
498 642 498
16 984 10
984 1000 978
280 805 274
114 426 114
230 303 230
98 483 98
456 812 450
495 732 490
63 783 58
54 623 54
398 974 398
10 318 10
594 970 594
385 968 378
826 938 826
338 373 338
691 750 686
226 590 226
387 574 382
146 403 146
311 542 306
948 987 942
197 316 190
591 771 586
794 896 794
568 762 562
604 976 598
717 812 710
13 604 6
500 843 494
768 974 762
151 205 146
260 323 254
421 655 414
895 956 890
1009 1014 1002
963 1006 958
529 715 522
120 188 114
821 874 814
393 424 386
89 771 82
37 776 30
736 941 730
71 878 66
593 749 586
462 493 462
218 624 218
452 953 446
306 559 306
568 920 562
933 1016 926
21 434 14
422 467 422
558 702 558
281 684 274
382 445 382
796 953 790
654 698 654
358 527 358
126 374 126
542 559 542
64 341 58
218 230 218
698 743 698
19 863 14
230 422 230
336 576 330
954 963 954
974 1010 974
263 793 258
171 1018 166
250 819 250
106 251 106
575 823 570
370 505 370
1 20 1
46 534 46
320 356 314
98 166 98
136 484 130
552 807 546
768 981 762
175 716 170
294 862 294
109 143 102
473 985 466
413 708 406
484 864 478
84 608 78
264 271 258
54 466 54
295 390 290
335 683 330
374 634 374
15 230 10
845 920 838
382 394 382
82 144 82
620 770 614
863 974 858
905 956 898
430 925 430
52 883 46
152 1001 146
451 631 446
82 156 82
22 449 22
8 736 2
124 379 118
118 256 118
6 461 6
196 627 190
644 782 638
774 842 774
245 514 238
25 328 18
46 837 46
64 112 58
138 633 138
545 1004 538
826 1006 826
80 148 74
67 246 62
799 846 794
54 868 54
34 86 34
222 901 222
37 134 30
54 443 54
15 753 10
406 629 406
689 1014 682
247 442 242
590 799 590
66 542 66
363 735 358
134 416 134
399 435 394
294 760 294
300 706 294
841 962 834
14 230 14
248 733 242
94 110 94
790 879 790
666 678 666
586 791 586
655 869 650
115 1010 110
5 591 1
430 721 430
486 979 486
86 656 86
130 719 130
712 722 706
312 529 306
250 281 250
492 934 486
134 343 134
166 213 166
293 745 286
81 537 74
222 439 222
51 598 46
492 887 486
734 778 734
318 655 318
376 686 370
14 227 14
112 293 106
228 525 222
861 1001 854
714 735 714
90 719 90
186 331 186
229 499 222
325 545 318
405 753 398
78 319 78
681 860 674
230 292 230
316 696 310
326 910 326
6 141 6
777 976 770
110 855 110
8 381 2
571 650 566
650 797 650
687 752 682
100 510 94
260 896 254
26 410 26
228 235 222
863 935 858
830 998 830
604 786 598
71 359 66
731 814 726
262 421 262
367 943 362
422 857 422
242 336 242
400 970 394
433 720 426
222 708 222
90 392 90
117 993 110
120 737 114
464 621 458
890 985 890
2 182 2
192 603 186
62 757 62
31 297 26
402 722 402
143 454 138
516 861 510
326 485 326
146 976 146
346 770 346
18 138 18
430 997 430
487 872 482
582 621 582
821 864 814
46 306 46
313 661 306
138 365 138
14 151 14
73 293 66
31 392 26
784 816 778
74 813 74
54 275 54
113 928 106
75 240 70
150 740 150
157 312 150
338 755 338
98 696 98
1 278 1
109 565 102
373 842 366
784 859 778
811 1012 806
42 276 42
219 976 214
5 196 1
78 100 78
957 974 950
371 688 366
642 911 642
510 636 510
132 388 126
544 908 538
295 481 290
514 646 514
270 391 270
154 918 154
2 53 2
123 841 118
79 1002 74
11 920 6
771 806 766
901 926 894
162 185 162
319 342 314
689 977 682
322 844 322
58 405 58
415 785 410
401 547 394
402 878 402
4 579 1
190 462 190
536 892 530
765 864 758
644 752 638
980 992 974
122 500 122
296 768 290
846 996 846
577 892 570
813 902 806
529 630 522
242 662 242
567 865 562
610 889 610
316 416 310
392 779 386
642 934 642
602 1024 602
283 891 278
62 787 62
30 129 30
302 668 302
294 923 294
190 663 190
25 258 18
282 496 282
322 891 322
358 929 358
242 268 242
130 203 130
282 792 282
611 790 606
56 390 50
574 916 574
50 739 50
29 397 22
417 495 410
226 495 226
327 564 322
216 741 210
888 917 882
134 348 134
557 638 550
203 730 198
434 653 434
1004 1012 998
208 613 202
268 695 262
646 919 646
378 843 378
206 757 206
78 162 78
167 897 162
166 325 166
771 793 766
434 465 434
170 329 170
718 975 718
894 982 894
250 334 250
486 764 486
825 991 818
250 398 250
816 835 810
227 732 222
572 987 566
492 876 486
70 92 70
364 690 358
856 975 850
81 886 74
806 941 806
612 614 606
755 915 750
78 645 78
717 945 710
865 945 858
265 950 258
597 685 590
776 881 770
861 950 854
92 306 86
343 531 338
36 626 30
15 797 10
17 736 10
74 867 74
172 510 166
260 832 254
2 318 2
250 558 250
262 274 262
435 820 430
164 922 158
913 942 906
10 30 10
272 456 266
654 749 654
58 510 58
688 814 682
183 834 178
441 761 434
262 441 262
382 638 382
310 449 310
36 824 30
386 665 386
275 923 270
4 777 1
11 965 6
900 920 894
742 830 742
165 706 158
658 997 658
472 657 466
183 496 178
274 650 274
234 472 234
354 481 354
762 1002 762
88 269 82
206 677 206
113 312 106
820 866 814
162 879 162
936 968 930
643 757 638
402 665 402
28 543 22
134 337 134
210 426 210
691 742 686
233 734 226
88 166 82
246 692 246
540 711 534
379 914 374
864 1016 858
494 1011 494
5 80 1
511 923 506
583 985 578
536 725 530
22 362 22
471 770 466
280 363 274
679 1005 674
112 876 106
369 869 362
378 692 378
802 882 802
711 777 706
430 979 430
92 383 86
602 807 602
208 538 202
338 494 338
312 613 306
330 424 330
25 196 18
34 621 34
2 164 2
58 365 58
49 949 42
113 891 106
940 993 934
164 362 158
513 792 506
306 624 306
486 578 486
325 540 318
491 853 486
426 498 426
58 292 58
154 417 154
670 709 670
733 954 726
989 1021 982
854 983 854
386 575 386
886 943 886
717 795 710
90 131 90
502 696 502
340 823 334
103 596 98
71 825 66
102 303 102
124 639 118
161 940 154
585 987 578
386 640 386
82 907 82
568 639 562
349 554 342
18 341 18
167 172 162
908 928 902
368 626 362
807 985 802
334 358 334
136 399 130
81 645 74
292 657 286
696 790 690
408 425 402
526 896 526
138 216 138
188 555 182
217 724 210
66 202 66
474 671 474
18 358 18
169 198 162
274 639 274
135 1015 130
345 780 338
731 782 726
98 218 98
165 196 158
135 472 130
14 32 14
18 353 18
111 399 106
619 720 614
637 768 630
91 564 86
461 696 454
390 395 390
289 846 282
18 349 18
507 678 502
142 258 142
302 471 302
17 579 10
559 684 554
232 399 226
398 522 398
717 735 710
353 749 346
128 491 122
856 943 850
664 691 658
34 216 34
156 342 150
701 892 694
443 541 438
398 992 398
60 828 54
690 723 690
26 598 26
512 759 506
917 969 910
580 775 574
202 325 202
830 901 830
390 660 390
459 1004 454
103 913 98
295 376 290
247 688 242
58 182 58
586 930 586
379 910 374
361 781 354
58 719 58
46 513 46
671 846 666
154 571 154
396 787 390
273 552 266
326 339 326
793 913 786
798 858 798
237 716 230
935 994 930
155 320 150
210 251 210
187 899 182
391 776 386
706 950 706
540 643 534
199 375 194
69 419 62
411 864 406
659 770 654
259 676 254
250 839 250
455 630 450
210 233 210
60 455 54
482 599 482
118 228 118
418 497 418
302 495 302
801 884 794
583 791 578
22 348 22
151 478 146
430 779 430
800 844 794
374 654 374
385 773 378
747 823 742
26 826 26
210 906 210
181 441 174
475 640 470
70 879 70
259 869 254
605 744 598
370 387 370
585 788 578
782 842 782
422 907 422
592 723 586
529 970 522
59 395 54
636 793 630
406 512 406
550 565 550
380 399 374
250 525 250
654 779 654
126 457 126
531 843 526
565 901 558
50 430 50
330 356 330
691 714 686
883 926 878
896 967 890
203 526 198
210 619 210
8 487 2
454 648 454
575 645 570
560 977 554
22 65 22
276 568 270
913 950 906
473 782 466
478 915 478
453 677 446
260 499 254
338 673 338
26 258 26
843 946 838
410 995 410
58 163 58
128 994 122
18 361 18
461 983 454
763 848 758
199 428 194
168 378 162
58 517 58
422 555 422
388 817 382
262 297 262
517 729 510
788 951 782
570 694 570
686 705 686
776 848 770
84 975 78
426 940 426
301 894 294
152 248 146
174 883 174
827 932 822
399 579 394
175 192 170
118 1018 118
531 692 526
30 288 30
68 92 62
635 978 630
529 611 522
15 667 10
112 429 106
218 948 218
519 629 514
206 220 206
358 390 358
996 998 990
174 529 174
686 862 686
778 869 778
136 491 130
931 965 926
810 1009 810
172 629 166
294 403 294
735 923 730
163 759 158
149 857 142
82 118 82
864 989 858
490 582 490
314 544 314
149 320 142
16 462 10
162 336 162
860 931 854
2 104 2
181 935 174
406 995 406
444 858 438
691 992 686
707 806 702
615 830 610
551 901 546
956 1008 950
803 992 798
566 834 566
573 708 566
113 565 106
554 958 554
76 372 70
880 902 874
59 458 54
790 820 790
20 450 14
551 833 546
100 693 94
582 828 582
678 869 678
108 488 102
23 437 18
150 793 150
389 891 382
568 636 562
82 443 82
22 183 22
113 363 106
636 807 630
786 926 786
569 926 562
175 381 170
716 792 710
174 345 174
35 311 30
14 988 14
206 1014 206
589 1006 582
687 805 682
246 881 246
194 401 194
815 978 810
62 161 62
115 683 110
220 518 214
54 782 54
7 744 2
62 542 62
551 673 546
215 808 210
977 995 970
493 879 486
864 1007 858
205 639 198
33 831 26
545 662 538
94 932 94
318 730 318
682 884 682
514 562 514
135 565 130
516 788 510
334 572 334
51 493 46
773 938 766
444 528 438
493 658 486
287 887 282
270 384 270
73 824 66
304 593 298
918 1016 918
447 485 442
912 917 906
190 277 190
885 909 878
936 979 930
66 100 66
190 262 190
148 671 142
83 731 78
55 607 50
384 930 378
267 923 262
482 856 482
421 843 414
256 444 250
154 389 154
106 148 106
114 318 114
341 868 334
170 373 170
24 159 18
93 633 86
859 906 854
406 467 406
566 609 566
30 259 30
337 613 330
570 993 570
340 821 334
276 809 270
389 814 382
141 158 134
804 846 798
732 984 726
28 448 22
446 724 446
77 693 70
606 663 606
65 449 58
22 630 22
679 920 674
254 759 254
327 388 322
202 463 202
97 277 90
191 580 186
365 821 358
10 197 10
310 559 310
244 957 238
150 763 150
32 641 26
166 941 166
15 860 10
519 948 514
494 688 494
565 830 558
354 587 354
254 455 254
679 1002 674
538 599 538
788 939 782
195 390 190
310 362 310
566 685 566
69 932 62
50 432 50
193 650 186
44 214 38
32 934 26
542 721 542
657 1023 650
208 488 202
1013 1023 1006
179 552 174
549 886 542
238 323 238
370 974 370
660 1019 654
244 294 238
750 954 750
286 979 286
189 678 182
435 954 430
318 687 318
201 718 194
1 32 1
64 956 58
929 950 922
261 271 254
121 190 114
150 174 150
597 987 590
482 512 482
122 822 122
174 684 174
118 161 118
995 1004 990
46 294 46
417 552 410
712 1017 706
851 854 846
418 726 418
322 868 322
89 153 82
515 824 510
182 365 182
355 649 350
222 371 222
775 874 770
390 835 390
142 168 142
432 959 426
2 629 2
522 1000 522
736 825 730
66 463 66
787 871 782
820 981 814
450 998 450
181 1013 174
62 939 62
110 658 110
578 846 578
46 197 46
178 350 178
246 771 246
614 1015 614
198 245 198
17 186 10
564 716 558
330 677 330
6 136 6
555 786 550
290 340 290
438 602 438
195 269 190
83 294 78
461 540 454
122 158 122
673 980 666
118 245 118
721 782 714
281 657 274
374 461 374
123 187 118
154 277 154
861 909 854
197 432 190
61 892 54
635 770 630
403 589 398
85 146 78
304 571 298
276 759 270
751 991 746
449 787 442
82 314 82
890 901 890
6 161 6
127 226 122
210 215 210
287 605 282
74 201 74
78 240 78
905 979 898
667 864 662
242 827 242
49 854 42
594 790 594
421 929 414
518 763 518
456 859 450
26 148 26
533 684 526
58 334 58
55 903 50
23 273 18
25 240 18
751 828 746
833 968 826
657 791 650
586 600 586
915 955 910
743 812 738
302 333 302
390 884 390
414 731 414
72 341 66
161 896 154
166 582 166
322 484 322
179 198 174
101 931 94
331 427 326
216 287 210
310 979 310
222 283 222
900 923 894
272 926 266
514 667 514
740 910 734
138 958 138
188 605 182
354 677 354
306 487 306
800 1017 794
158 592 158
454 604 454
418 575 418
118 314 118
110 645 110
754 877 754
521 717 514
324 384 318
214 248 214
158 252 158
115 381 110
553 807 546
803 830 798
14 28 14
746 825 746
250 1018 250
189 589 182
711 889 706
654 875 654
337 447 330
312 498 306
94 206 94
192 553 186
350 366 350
98 187 98
232 620 226
661 915 654
416 744 410
278 306 278
194 436 194
591 839 586
416 452 410
318 337 318
480 503 474
64 665 58
74 327 74
93 506 86
341 785 334
539 982 534
218 926 218
511 542 506
862 952 862
423 552 418
399 628 394
117 535 110
198 965 198
312 928 306
314 722 314
142 767 142
559 715 554
843 864 838
105 156 98
90 221 90
168 629 162
341 975 334
6 63 6
306 815 306
287 437 282
98 764 98
395 638 390
114 904 114
140 465 134
718 754 718
22 73 22
169 503 162
42 442 42
102 195 102
817 919 810
623 785 618
742 884 742
31 1014 26
14 534 14
203 480 198
708 744 702
288 428 282
408 592 402
23 312 18
530 684 530
122 187 122
126 1012 126
606 618 606
60 683 54
190 761 190
32 968 26
576 781 570
670 723 670
679 918 674
378 712 378
258 833 258
235 736 230
79 828 74
374 850 374
905 929 898
161 199 154
22 457 22
710 775 710
247 683 242
338 958 338
398 796 398
282 998 282
680 825 674
530 587 530
199 474 194
1009 1020 1002
82 320 82
474 683 474
94 764 94
371 938 366
543 615 538
214 469 214
575 709 570
962 971 962
470 732 470
312 964 306
142 572 142
242 460 242
526 946 526
42 178 42
303 821 298
92 600 86
12 630 6
231 869 226
91 167 86
190 349 190
687 835 682
350 601 350
545 913 538
358 540 358
638 917 638
298 794 298
864 982 858
216 460 210
685 767 678
18 26 18
656 847 650
484 717 478
10 481 10
889 958 882
550 729 550
276 629 270
50 331 50
595 728 590
1 683 1
254 508 254
403 691 398
290 924 290
330 628 330
110 598 110
154 509 154
683 980 678
10 120 10
529 828 522
77 135 70
2 836 2
909 1020 902
27 432 22
198 956 198
318 334 318
860 1010 854
276 400 270
322 943 322
363 539 358
761 890 754
427 662 422
340 499 334
448 895 442
377 1010 370
136 610 130
662 955 662
542 834 542
438 924 438
534 637 534
199 326 194
279 660 274
760 769 754
655 955 650
161 930 154
458 963 458
601 866 594
370 892 370
221 715 214
563 767 558
36 575 30
557 850 550
244 515 238
172 707 166
851 1023 846
571 775 566
22 54 22
447 610 442
575 616 570
36 832 30
293 312 286
296 419 290
637 866 630
821 932 814
2 487 2
536 740 530
110 583 110
128 740 122
310 882 310
170 554 170
426 597 426
551 858 546
118 331 118
463 612 458
707 728 702
112 682 106
240 675 234
54 311 54
760 887 754
290 569 290
721 901 714
270 306 270
555 948 550
298 462 298
571 698 566
650 766 650
289 935 282
496 942 490
267 973 262
97 893 90
571 654 566
490 713 490
79 641 74
358 910 358
28 723 22
364 973 358
54 298 54
449 698 442
460 702 454
286 925 286
713 788 706
387 511 382
399 411 394
457 695 450
119 894 114
589 666 582
364 824 358
277 990 270
754 994 754
449 735 442
238 325 238
751 816 746
166 378 166
134 236 134
261 354 254
134 315 134
829 980 822
893 928 886
306 1020 306
95 533 90
126 573 126
64 521 58
695 939 690
284 537 278
486 620 486
631 648 626
484 710 478
792 841 786
248 750 242
683 851 678
230 445 230
829 848 822
324 426 318
34 378 34
710 894 710
1005 1007 998
176 937 170
734 886 734
310 366 310
210 420 210
644 1024 638
827 915 822
49 990 42
352 1009 346
471 622 466
446 537 446
542 811 542
55 65 50
297 314 290
809 859 802
422 668 422
803 986 798
441 575 434
460 503 454
50 566 50
587 911 582
368 665 362
785 986 778
506 612 506
310 959 310
22 207 22
493 643 486
390 672 390
206 845 206
170 229 170
58 227 58
172 905 166
42 105 42
46 362 46
509 641 502
154 491 154
925 978 918
105 114 98
77 396 70
109 423 102
160 476 154
122 914 122
78 565 78
250 307 250
498 548 498
586 947 586
301 675 294
112 162 106
713 792 706
503 847 498
421 525 414
482 787 482
225 759 218
218 446 218
142 532 142
114 428 114
968 1001 962
7 553 2
839 849 834
170 1001 170
198 509 198
161 980 154
57 88 50
119 254 114
363 854 358
53 362 46
18 789 18
131 262 126
254 705 254
600 812 594
2 66 2
872 927 866
671 717 666
892 922 886
298 559 298
767 991 762
140 988 134
515 591 510
599 824 594
81 397 74
13 347 6
106 405 106
19 1018 14
562 575 562
2 49 2
78 373 78
146 192 146
169 811 162
161 749 154
95 99 90
282 516 282
865 1002 858
944 1001 938
38 287 38
2 42 2
175 338 170
150 818 150
22 753 22
616 939 610
422 451 422
101 912 94
550 773 550
238 346 238
438 909 438
18 114 18
174 202 174
6 945 6
700 890 694
10 377 10
526 633 526
258 279 258
225 559 218
268 446 262
150 601 150
219 817 214
10 886 10
306 412 306
334 468 334
235 756 230
408 853 402
594 801 594
235 1006 230
53 270 46
285 1013 278
183 837 178
844 866 838
792 967 786
50 570 50
915 964 910
260 590 254
304 359 298
1 792 1
106 142 106
313 896 306
117 136 110
608 653 602
563 880 558
490 1022 490
177 336 170
395 962 390
481 852 474
618 653 618
3 623 1
116 258 110
81 223 74
534 565 534
144 299 138
198 432 198
499 825 494
98 191 98
657 869 650
347 657 342
339 743 334
454 518 454
528 1009 522
202 801 202
731 741 726
490 766 490
286 318 286
708 999 702
32 1020 26
88 808 82
812 898 806
754 760 754
66 597 66
94 1019 94
624 991 618
25 386 18
752 941 746
14 386 14
811 862 806
122 801 122
945 1015 938
597 704 590
42 152 42
745 947 738
641 1024 634
22 158 22
2 893 2
166 565 166
104 759 98
214 301 214
735 975 730
513 685 506
324 889 318
206 943 206
820 856 814
256 634 250
217 870 210
294 929 294
386 421 386
457 526 450
8 167 2
532 712 526
411 471 406
454 483 454
392 1002 386
820 840 814
29 888 22
196 343 190
690 878 690
763 853 758
521 921 514
23 994 18
310 976 310
819 903 814
293 326 286
199 782 194
6 748 6
452 787 446
593 923 586
289 525 282
211 331 206
441 998 434
466 497 466
216 484 210
149 855 142
570 620 570
182 468 182
330 366 330
150 687 150
110 303 110
720 913 714
633 1009 626
266 322 266
655 943 650
274 908 274
537 860 530
310 435 310
81 850 74
8 270 2
274 975 274
424 579 418
830 945 830
460 798 454
596 825 590
1 109 1
116 227 110
306 636 306
42 357 42
694 808 694
662 797 662
650 829 650
207 219 202
636 949 630
86 356 86
234 597 234
116 931 110
42 765 42
10 250 10
490 871 490
74 542 74
258 408 258
144 714 138
94 143 94
524 991 518
262 688 262
27 787 22
86 117 86
25 96 18
515 901 510
245 496 238
659 924 654
564 719 558
481 549 474
691 826 686
420 495 414
251 610 246
330 336 330
258 356 258
621 1024 614
366 611 366
414 818 414
337 605 330
455 916 450
520 525 514
385 506 378
640 931 634
722 818 722
99 161 94
569 915 562
151 615 146
605 884 598
1 280 1
145 149 138
94 100 94
114 350 114
555 833 550
86 152 86
698 715 698
250 483 250
539 694 534
441 973 434
513 915 506
674 753 674
2 38 2
178 276 178
358 932 358
97 408 90
511 562 506
510 575 510
495 1015 490
602 831 602
6 594 6
445 902 438
140 972 134
963 1004 958
604 612 598
707 831 702
185 511 178
319 891 314
322 831 322
824 886 818
328 874 322
282 794 282
413 591 406
240 437 234
119 182 114
586 613 586
34 200 34
6 129 6
90 629 90
771 834 766
603 814 598
113 1015 106
365 998 358
53 456 46
396 422 390
154 249 154
422 1021 422
299 681 294
32 102 26
543 576 538
429 603 422
154 780 154
896 977 890
162 921 162
242 818 242
22 306 22
326 875 326
128 860 122
346 708 346
761 973 754
334 525 334
430 904 430
241 588 234
797 943 790
34 904 34
373 841 366
479 834 474
945 956 938
707 954 702
775 952 770
44 280 38
226 311 226
370 472 370
17 215 10
590 675 590
186 722 186
780 791 774
62 276 62
88 834 82
122 196 122
541 616 534
389 656 382
301 613 294
146 335 146
332 571 326
212 738 206
194 696 194
130 836 130
724 836 718
969 1002 962
111 949 106
290 860 290
739 902 734
458 926 458
714 948 714
82 536 82
182 481 182
940 986 934
565 853 558
667 973 662
740 822 734
550 704 550
366 927 366
50 697 50
131 185 126
268 531 262
714 759 714
162 187 162
466 827 466
808 905 802
277 575 270
700 760 694
165 494 158
638 876 638
294 456 294
110 165 110
45 783 38
536 745 530
264 537 258
238 519 238
372 838 366
81 1020 74
205 427 198
899 941 894
245 867 238
466 538 466
864 1019 858
462 548 462
190 338 190
953 1002 946
266 529 266
247 305 242
538 918 538
315 872 310
585 791 578
900 930 894
198 587 198
820 992 814
150 496 150
617 837 610
362 497 362
852 886 846
411 836 406
269 633 262
83 687 78
66 262 66
695 715 690
282 400 282
105 624 98
449 519 442
409 870 402
90 966 90
214 322 214
572 838 566
412 965 406
394 803 394
343 369 338
334 360 334
355 594 350
824 888 818
226 383 226
244 959 238
69 870 62
257 643 250
949 974 942
895 910 890
27 134 22
868 943 862
706 774 706
670 820 670
598 653 598
676 866 670
74 618 74
665 694 658
214 485 214
35 259 30
697 783 690
650 944 650
66 85 66
569 701 562
358 953 358
9 400 2
85 376 78
75 349 70
586 831 586
612 718 606
322 509 322
76 243 70
118 148 118
422 845 422
595 1017 590
392 895 386
84 441 78
142 146 142
118 163 118
154 253 154
777 960 770
237 853 230
430 615 430
116 427 110
135 348 130
280 760 274
486 977 486
694 722 694
1007 1017 1002
185 835 178
40 318 34
141 501 134
758 794 758
230 416 230
460 991 454
798 898 798
441 906 434
55 326 50
233 363 226
504 512 498
358 440 358
655 740 650
262 492 262
899 1000 894
64 875 58
545 729 538
390 666 390
817 834 810
278 619 278
594 876 594
254 709 254
18 497 18
298 352 298
198 386 198
168 915 162
136 762 130
776 892 770
562 668 562
433 704 426
22 84 22
474 924 474
479 800 474
150 506 150
189 787 182
414 467 414
496 873 490
43 830 38
398 998 398
759 933 754
44 871 38
421 908 414
748 774 742
376 738 370
498 742 498
278 282 278
202 220 202
423 884 418
324 880 318
252 404 246
868 947 862
495 939 490
562 850 562
189 792 182
583 944 578
314 638 314
545 611 538
1 427 1
654 764 654
722 760 722
290 802 290
252 983 246
150 831 150
583 759 578
131 453 126
274 403 274
530 575 530
465 1020 458
805 1007 798
985 986 978
703 881 698
112 664 106
993 1006 986
158 573 158
174 405 174
49 116 42
315 692 310
208 496 202
18 662 18
322 771 322
800 963 794
285 489 278
118 826 118
473 827 466
38 196 38
645 977 638
940 943 934
318 668 318
542 583 542
42 154 42
273 908 266
297 384 290
78 98 78
15 717 10
549 670 542
601 737 594
115 723 110
123 639 118
2 76 2
459 743 454
166 189 166
494 601 494
277 279 270
220 338 214
288 703 282
98 512 98
852 861 846
334 986 334
246 357 246
213 599 206
251 882 246
364 904 358
883 953 878
551 668 546
498 723 498
369 566 362
708 859 702
762 959 762
181 254 174
636 850 630
861 930 854
78 391 78
14 239 14
492 940 486
123 197 118
495 864 490
577 651 570
152 701 146
704 799 698
671 920 666
99 981 94
30 764 30
451 530 446
6 95 6
811 838 806
227 688 222
94 402 94
406 640 406
1 137 1
229 936 222
122 288 122
43 709 38
484 903 478
189 264 182
186 214 186
682 756 682
401 480 394
556 993 550
322 624 322
807 951 802
142 797 142
226 341 226
601 874 594
314 773 314
346 383 346
18 917 18
61 923 54
657 781 650
182 295 182
354 985 354
801 1012 794
2 172 2
316 496 310
915 918 910
289 989 282
214 771 214
145 269 138
823 852 818
76 730 70
718 901 718
646 934 646
553 633 546
313 806 306
844 955 838
374 590 374
62 241 62
244 842 238
860 968 854
660 692 654
76 281 70
35 521 30
310 732 310
160 167 154
335 731 330
492 620 486
381 967 374
310 430 310
626 832 626
150 651 150
550 673 550
836 934 830
526 611 526
438 857 438
52 166 46
930 938 930
125 417 118
526 576 526
458 732 458
202 938 202
430 435 430
558 997 558
792 980 786
400 944 394
803 849 798
284 514 278
6 207 6
11 940 6
126 803 126
298 567 298
707 725 702
148 706 142
776 858 770
2 118 2
562 944 562
86 422 86
329 738 322
599 859 594
361 731 354
366 734 366
60 236 54
242 996 242
791 896 786
988 1007 982
381 487 374
118 616 118
581 808 574
22 88 22
317 617 310
493 727 486
255 811 250
286 886 286
645 910 638
646 830 646
483 796 478
663 732 658
351 973 346
709 897 702
598 614 598
322 478 322
561 875 554
330 584 330
495 985 490
151 364 146
435 750 430
338 935 338
365 956 358
184 325 178
438 447 438
155 778 150
118 189 118
961 988 954
736 801 730
154 930 154
793 812 786
318 879 318
942 994 942
56 867 50
180 903 174
81 258 74
271 980 266
94 211 94
401 450 394
66 231 66
513 793 506
353 654 346
217 632 210
561 644 554
70 491 70
422 698 422
153 314 146
317 530 310
289 882 282
981 982 974
887 917 882
81 323 74
846 1018 846
506 600 506
615 834 610
462 528 462
217 832 210
515 659 510
159 977 154
94 716 94
557 679 550
164 992 158
478 644 478
349 707 342
102 183 102
122 217 122
932 964 926
21 303 14
816 839 810
38 381 38
348 815 342
222 925 222
416 653 410
82 257 82
337 924 330
31 576 26
224 233 218
747 788 742
182 812 182
637 749 630
465 886 458
412 834 406
772 805 766
276 318 270
42 375 42
735 747 730
159 247 154
500 941 494
161 230 154
213 997 206
654 790 654
156 862 150
263 458 258
529 861 522
722 744 722
284 912 278
250 316 250
234 717 234
223 256 218
62 195 62
71 975 66
103 560 98
80 543 74
209 1016 202
146 755 146
268 386 262
346 388 346
478 744 478
98 927 98
146 242 146
450 912 450
495 807 490
409 839 402
538 805 538
182 269 182
185 314 178
112 879 106
275 400 270
586 926 586
345 387 338
839 915 834
198 556 198
546 572 546
692 893 686
262 664 262
378 399 378
227 411 222
58 378 58
274 534 274
70 174 70
656 822 650
298 491 298
431 853 426
222 972 222
427 940 422
112 858 106
501 1000 494
587 849 582
86 861 86
152 200 146
492 647 486
406 975 406
722 952 722
149 724 142
714 845 714
114 736 114
238 717 238
378 987 378
286 586 286
625 800 618
2 392 2
118 810 118
188 709 182
518 946 518
74 139 74
126 161 126
968 1021 962
250 361 250
74 401 74
54 90 54
505 696 498
43 711 38
428 533 422
146 179 146
78 556 78
366 501 366
453 485 446
474 544 474
825 839 818
897 899 890
53 414 46
614 722 614
742 843 742
205 351 198
432 789 426
567 923 562
232 729 226
142 175 142
58 721 58
242 564 242
656 803 650
522 746 522
250 474 250
577 1017 570
250 817 250
421 916 414
921 980 914
273 510 266
288 669 282
245 389 238
908 1006 902
36 146 30
985 1003 978
1 662 1
347 357 342
407 746 402
470 580 470
93 467 86
70 637 70
348 838 342
579 779 574
710 792 710
124 834 118
70 109 70
724 831 718
140 860 134
66 97 66
70 156 70
94 767 94
141 463 134
258 503 258
111 648 106
466 736 466
649 837 642
390 523 390
374 830 374
438 587 438
977 980 970
249 439 242
285 569 278
153 983 146
249 1000 242
432 817 426
530 867 530
366 388 366
102 405 102
309 1005 302
236 399 230
694 958 694
233 784 226
677 768 670
384 489 378
395 586 390
105 133 98
493 629 486
545 959 538
560 589 554
812 860 806
62 200 62
944 968 938
785 895 778
294 951 294
163 782 158
800 851 794
374 771 374
338 590 338
495 887 490
453 683 446
75 133 70
86 991 86
438 1014 438
62 255 62
331 843 326
150 952 150
410 611 410
9 281 2
318 692 318
194 287 194
58 481 58
699 828 694
300 538 294
196 957 190
220 304 214
49 195 42
38 367 38
854 944 854
406 828 406
743 849 738
196 669 190
673 996 666
657 1017 650
249 553 242
106 117 106
91 117 86
24 986 18
26 153 26
569 749 562
776 991 770
206 512 206
169 661 162
482 1003 482
377 929 370
40 207 34
26 493 26
809 825 802
848 905 842
666 925 666
758 816 758
118 339 118
400 505 394
70 102 70
316 505 310
62 318 62
34 919 34
257 863 250
753 763 746
90 270 90
300 386 294
39 271 34
229 825 222
465 960 458
26 809 26
242 498 242
467 928 462
385 638 378
98 104 98
126 730 126
602 982 602
510 795 510
256 349 250
80 935 74
218 709 218
655 951 650
131 728 126
172 758 166
222 791 222
951 970 946
953 1005 946
321 758 314
51 758 46
932 973 926
382 833 382
101 675 94
799 1009 794
529 883 522
410 580 410
417 766 410
423 765 418
263 807 258
31 620 26
450 956 450
418 970 418
872 924 866
440 572 434
378 738 378
538 594 538
14 577 14
11 605 6
325 508 318
56 786 50
402 553 402
145 286 138
448 487 442
900 951 894
162 500 162
102 717 102
112 265 106
752 755 746
410 571 410
316 878 310
219 553 214
236 494 230
249 452 242
228 576 222
256 797 250
352 967 346
182 261 182
32 144 26
438 809 438
863 872 858
189 287 182
449 909 442
884 976 878
172 924 166
582 868 582
451 754 446
10 22 10
418 427 418
694 800 694
106 171 106
84 853 78
56 751 50
123 970 118
611 706 606
542 905 542
212 675 206
13 641 6
204 913 198
195 574 190
27 959 22
975 999 970
80 325 74
771 953 766
306 969 306
153 368 146
947 1021 942
425 618 418
222 602 222
149 726 142
44 604 38
348 574 342
502 697 502
4 172 1
617 933 610
160 535 154
273 859 266
254 550 254
405 690 398
440 877 434
409 899 402
585 649 578
895 996 890
52 282 46
58 380 58
781 956 774
382 573 382
70 1020 70
10 855 10
11 877 6
556 1023 550
35 841 30
376 732 370
174 373 174
105 346 98
107 801 102
586 815 586
402 700 402
82 107 82
192 890 186
638 907 638
331 598 326
218 837 218
856 945 850
405 574 398
791 879 786
601 871 594
242 493 242
196 766 190
194 217 194
101 1005 94
684 916 678
512 657 506
543 773 538
194 527 194
586 606 586
209 273 202
450 844 450
50 161 50
71 652 66
478 724 478
630 644 630
756 780 750
803 942 798
213 304 206
952 1024 946
214 697 214
257 966 250
112 218 106
615 785 610
25 220 18
250 712 250
501 563 494
413 1018 406
445 450 438
807 919 802
105 972 98
633 743 626
322 492 322
82 226 82
214 730 214
18 639 18
318 639 318
989 991 982
160 205 154
342 387 342
931 996 926
418 941 418
339 461 334
646 661 646
483 777 478
943 976 938
86 377 86
405 630 398
256 351 250
902 960 902
238 732 238
761 938 754
212 835 206
693 1021 686
372 987 366
166 227 166
536 595 530
175 905 170
330 700 330
985 1021 978
110 369 110
36 307 30
574 675 574
97 609 90
666 845 666
566 673 566
398 642 398
529 974 522
959 990 954
2 600 2
907 954 902
553 695 546
83 319 78
162 470 162
558 650 558
603 1007 598
726 1017 726
26 90 26
987 1020 982
30 57 30
194 909 194
139 368 134
748 970 742
246 913 246
900 911 894
82 686 82
10 114 10
70 861 70
2 84 2
351 399 346
314 325 314
385 717 378
35 445 30
153 666 146
952 1012 946
291 556 286
460 681 454
306 339 306
515 988 510
184 366 178
895 902 890
182 586 182
701 777 694
910 924 910
282 736 282
394 764 394
843 1011 838
230 594 230
816 854 810
148 992 142
174 861 174
542 972 542
379 798 374
452 579 446
284 693 278
211 391 206
445 691 438
621 1023 614
174 383 174
105 706 98
308 795 302
28 197 22
165 525 158
3 238 1
142 193 142
2 488 2
78 703 78
161 508 154
576 814 570
625 983 618
591 936 586
912 1019 906
66 804 66
310 841 310
10 57 10
93 513 86
74 161 74
836 959 830
814 1010 814
447 465 442
78 488 78
70 659 70
430 444 430
62 394 62
100 608 94
66 221 66
181 700 174
64 847 58
268 975 262
58 79 58
767 906 762
537 548 530
630 661 630
138 281 138
905 918 898
347 390 342
582 803 582
703 934 698
294 361 294
457 626 450
567 651 562
16 714 10
170 822 170
717 807 710
82 284 82
4 667 1
96 877 90
433 1009 426
221 664 214
570 773 570
264 521 258
394 588 394
848 1003 842
10 415 10
453 845 446
744 1012 738
698 920 698
425 804 418
18 556 18
480 713 474
404 975 398
609 944 602
834 845 834
292 654 286
462 590 462
728 813 722
280 872 274
329 803 322
98 393 98
286 372 286
278 297 278
142 904 142
224 420 218
506 886 506
273 645 266
167 568 162
10 306 10
384 738 378
433 755 426
71 680 66
82 649 82
954 970 954
362 529 362
294 558 294
78 263 78
702 943 702
107 607 102
698 896 698
346 537 346
534 544 534
457 688 450
210 786 210
271 527 266
821 998 814
2 173 2
904 1015 898
297 610 290
554 749 554
541 973 534
219 293 214
822 904 822
56 858 50
69 218 62
70 943 70
259 738 254
118 1005 118
864 984 858
281 967 274
670 970 670
690 741 690
99 678 94
122 294 122
182 627 182
514 776 514
448 593 442
757 827 750
722 925 722
373 991 366
49 374 42
686 1008 686
394 662 394
241 394 234
86 912 86
560 629 554
499 961 494
163 663 158
216 572 210
586 707 586
258 304 258
577 985 570
199 812 194
591 660 586
238 246 238
647 824 642
829 929 822
944 970 938
190 387 190
894 1021 894
653 656 646
638 760 638
366 485 366
530 859 530
38 139 38
178 297 178
351 393 346
283 365 278
986 1007 986
238 415 238
677 927 670
38 946 38
78 214 78
619 695 614
46 461 46
262 655 262
341 928 334
138 857 138
788 894 782
490 603 490
74 963 74
885 938 878
808 834 802
624 995 618
971 984 966
531 726 526
217 271 210
405 739 398
557 951 550
258 362 258
70 509 70
370 639 370
756 937 750
321 593 314
126 942 126
852 1013 846
34 272 34
226 964 226
385 471 378
390 788 390
194 357 194
177 217 170
996 1011 990
147 432 142
545 924 538
344 619 338
174 250 174
437 653 430
162 692 162
181 423 174
395 969 390
318 717 318
10 73 10
719 1018 714
427 487 422
762 926 762
145 716 138
267 363 262
118 206 118
24 386 18
478 603 478
525 996 518
400 561 394
683 1021 678
486 961 486
198 1024 198
33 433 26
578 991 578
268 570 262
82 181 82
407 704 402
349 664 342
25 838 18
474 818 474
30 80 30
415 875 410
414 762 414
579 817 574
780 956 774
843 953 838
157 820 150
7 487 2
74 301 74
720 775 714
346 649 346
86 798 86
273 855 266
86 384 86
162 221 162
168 955 162
238 243 238
608 662 602
108 901 102
552 827 546
1005 1010 998
606 771 606
913 926 906
817 819 810
221 446 214
310 639 310
118 291 118
630 787 630
82 784 82
266 599 266
648 970 642
38 121 38
325 799 318
361 618 354
405 589 398
518 882 518
598 801 598
133 215 126
595 761 590
930 954 930
427 718 422
826 866 826
881 980 874
869 992 862
483 489 478
326 634 326
494 705 494
316 778 310
38 780 38
295 642 290
416 547 410
270 850 270
162 224 162
98 659 98
270 957 270
947 990 942
348 358 342
170 442 170
217 962 210
490 721 490
466 1018 466
309 761 302
485 757 478
130 726 130
589 871 582
602 931 602
528 886 522
507 984 502
316 641 310
302 793 302
206 430 206
334 462 334
82 194 82
36 354 30
286 985 286
185 605 178
365 944 358
177 922 170
166 202 166
916 925 910
532 936 526
142 613 142
22 186 22
14 107 14
282 684 282
284 628 278
42 174 42
82 678 82
248 701 242
658 679 658
695 825 690
108 716 102
138 812 138
628 963 622
729 952 722
482 493 482
658 717 658
470 944 470
341 984 334
628 735 622
62 93 62
378 640 378
268 472 262
215 1014 210
158 527 158
963 985 958
802 881 802
6 274 6
800 996 794
135 802 130
291 597 286
264 392 258
190 194 190
660 697 654
284 847 278
14 179 14
756 771 750
450 662 450
814 976 814
840 958 834
155 716 150
491 785 486
110 453 110
43 845 38
580 910 574
626 650 626
197 612 190
835 1023 830
106 944 106
765 931 758
404 916 398
250 1004 250
537 850 530
528 792 522
276 931 270
381 518 374
521 994 514
60 135 54
394 609 394
45 375 38
155 911 150
803 851 798
326 773 326
895 1007 890
399 434 394
275 942 270
519 580 514
48 131 42
620 784 614
952 1019 946
608 644 602
360 564 354
435 612 430
117 364 110
50 184 50
759 997 754
403 522 398
150 188 150
912 994 906
38 703 38
659 699 654
549 762 542
259 724 254
613 865 606
644 766 638
115 503 110
201 757 194
11 70 6
133 905 126
156 703 150
485 781 478
470 747 470
200 478 194
879 913 874
393 935 386
130 458 130
607 999 602
361 682 354
650 958 650
15 530 10
183 296 178
554 969 554
206 234 206
308 639 302
212 231 206
467 763 462
267 706 262
238 878 238
784 817 778
102 463 102
246 512 246
216 442 210
344 921 338
604 753 598
606 919 606
797 806 790
88 308 82
201 359 194
118 442 118
308 672 302
342 770 342
199 831 194
254 786 254
66 784 66
326 775 326
366 630 366
612 991 606
144 660 138
338 384 338
94 245 94
856 960 850
71 953 66
24 373 18
180 884 174
242 264 242
346 639 346
249 943 242
715 951 710
116 423 110
66 194 66
473 839 466
451 1009 446
101 585 94
13 291 6
231 288 226
394 418 394
340 1003 334
562 783 562
490 498 490
629 710 622
682 737 682
841 852 834
90 103 90
290 790 290
158 836 158
793 888 786
247 437 242
218 750 218
607 951 602
238 355 238
132 361 126
330 456 330
437 501 430
725 797 718
175 598 170
166 670 166
284 705 278
486 950 486
85 539 78
169 1000 162
658 754 658
138 295 138
921 929 914
614 648 614
173 873 166
175 877 170
32 139 26
129 644 122
257 772 250
374 602 374
539 742 534
38 596 38
455 846 450
718 861 718
654 707 654
50 279 50
154 298 154
42 413 42
58 132 58
217 842 210
588 876 582
645 668 638
47 285 42
18 39 18
303 907 298
805 1019 798
271 848 266
290 622 290
98 273 98
758 899 758
900 921 894
492 502 486
848 964 842
737 975 730
25 1017 18
217 450 210
370 485 370
30 216 30
30 369 30
242 643 242
94 564 94
553 718 546
374 934 374
828 939 822
60 385 54
186 778 186
134 252 134
103 630 98
81 133 74
162 374 162
111 609 106
75 804 70
797 892 790
243 938 238
510 910 510
574 674 574
662 706 662
274 924 274
76 497 70
724 976 718
83 271 78
666 806 666
482 601 482
759 766 754
308 793 302
194 878 194
450 596 450
207 639 202
50 77 50
13 153 6
13 113 6
193 696 186
495 641 490
38 166 38
66 201 66
664 683 658
360 982 354
901 991 894
194 260 194
425 899 418
311 867 306
126 236 126
687 934 682
736 830 730
919 941 914
58 78 58
290 691 290
390 577 390
915 1015 910
98 165 98
834 971 834
19 135 14
184 320 178
126 890 126
506 755 506
222 641 222
458 508 458
298 407 298
831 869 826
496 545 490
829 841 822
146 190 146
123 497 118
527 852 522
37 559 30
739 913 734
650 923 650
580 914 574
262 621 262
175 828 170
618 989 618
78 266 78
150 218 150
393 494 386
903 1013 898
318 715 318
239 390 234
243 492 238
368 401 362
678 706 678
602 1010 602
100 638 94
482 795 482
99 775 94
14 400 14
38 506 38
226 541 226
546 763 546
78 198 78
227 372 222
268 662 262
318 522 318
38 514 38
594 694 594
238 745 238
555 708 550
411 563 406
735 750 730
85 996 78
497 665 490
57 336 50
14 70 14
297 301 290
178 242 178
854 961 854
66 184 66
128 387 122
162 431 162
146 193 146
342 377 342
508 762 502
162 994 162
78 738 78
919 935 914
10 776 10
40 439 34
522 916 522
353 566 346
122 150 122
499 584 494
427 782 422
68 642 62
198 597 198
408 717 402
299 601 294
43 145 38
519 890 514
754 975 754
456 928 450
342 948 342
394 956 394
409 812 402
434 500 434
351 1009 346
557 847 550
650 779 650
242 664 242
68 793 62
442 894 442
525 572 518
76 561 70
194 500 194
290 610 290
403 429 398
94 263 94
653 917 646
558 966 558
264 647 258
2 29 2
742 785 742
420 489 414
131 583 126
393 437 386
68 865 62
419 858 414
857 957 850
576 839 570
391 509 386
540 1017 534
138 217 138
78 981 78
441 965 434
268 1024 262
6 763 6
719 996 714
327 682 322
582 693 582
106 363 106
426 740 426
696 876 690
38 80 38
848 875 842
318 380 318
392 851 386
34 151 34
774 788 774
152 504 146
638 673 638
13 956 6
803 835 798
46 181 46
529 536 522
102 579 102
688 780 682
824 989 818
166 413 166
455 1004 450
320 559 314
192 799 186
150 247 150
56 793 50
478 539 478
799 869 794
146 313 146
418 782 418
568 826 562
173 608 166
959 988 954
234 445 234
308 439 302
338 779 338
738 946 738
847 943 842
484 890 478
511 991 506
43 1021 38
792 877 786
327 892 322
255 355 250
463 868 458
388 910 382
271 311 266
42 58 42
386 1021 386
2 385 2
6 190 6
642 1012 642
461 673 454
187 1018 182
887 998 882
146 574 146
197 668 190
261 425 254
339 601 334
991 994 986
119 297 114
26 89 26
172 1008 166
73 1023 66
601 697 594
972 1021 966
18 116 18
112 712 106
437 770 430
1008 1023 1002
1000 1009 994
6 27 6
211 255 206
50 280 50
1 805 1
71 167 66
273 682 266
78 464 78
649 708 642
516 529 510
282 502 282
634 863 634
449 767 442
17 950 10
56 249 50
403 687 398
689 952 682
941 1018 934
146 173 146
53 248 46
450 620 450
844 937 838
9 955 2
46 118 46
169 191 162
178 880 178
133 647 126
176 326 170
191 804 186
361 718 354
718 842 718
35 941 30
58 960 58
404 983 398
515 632 510
228 662 222
94 165 94
521 818 514
379 494 374
93 690 86
483 655 478
956 980 950
804 1021 798
684 820 678
278 434 278
316 1009 310
265 648 258
349 389 342
406 517 406
908 946 902
286 770 286
486 536 486
198 351 198
500 899 494
1 574 1
387 751 382
377 438 370
226 521 226
612 811 606
431 532 426
926 1019 926
98 433 98
515 928 510
264 544 258
10 184 10
38 306 38
18 460 18
728 785 722
290 408 290
668 885 662
584 901 578
478 634 478
395 707 390
538 901 538
509 811 502
78 342 78
62 149 62
713 1017 706
3 980 1
6 898 6
152 838 146
454 996 454
542 794 542
106 974 106
163 685 158
492 893 486
46 435 46
210 414 210
62 857 62
654 836 654
238 423 238
852 897 846
976 987 970
8 659 2
6 176 6
99 286 94
145 326 138
336 943 330
379 609 374
512 832 506
743 863 738
662 695 662
902 972 902
660 764 654
549 740 542
323 1024 318
78 593 78
428 606 422
242 846 242
416 644 410
996 1014 990
480 697 474
756 905 750
156 743 150
682 1021 682
767 880 762
219 1014 214
135 152 130
46 511 46
369 520 362
590 824 590
767 915 762
883 966 878
6 149 6
358 813 358
450 984 450
116 545 110
64 409 58
829 1024 822
782 801 782
970 1009 970
66 447 66
530 653 530
10 158 10
835 952 830
883 895 878
112 880 106
424 732 418
190 472 190
381 583 374
129 826 122
1 393 1
306 663 306
465 833 458
197 692 190
453 659 446
397 591 390
244 300 238
497 1012 490
846 856 846
414 653 414
364 768 358
762 880 762
842 879 842
170 729 170
714 1007 714
293 791 286
78 187 78
218 817 218
598 816 598
396 904 390
262 764 262
22 690 22
454 912 454
250 440 250
285 708 278
415 462 410
300 425 294
295 969 290
377 655 370
358 973 358
377 884 370
520 790 514
62 81 62
535 953 530
100 403 94
186 191 186
35 266 30
94 385 94
719 793 714
251 412 246
8 823 2
22 395 22
14 57 14
83 998 78
169 965 162
431 880 426
270 461 270
77 516 70
210 380 210
670 948 670
287 350 282
520 523 514
886 939 886
900 933 894
159 368 154
74 111 74
337 375 330
114 650 114
855 905 850
302 374 302
173 250 166
817 828 810
754 831 754
177 201 170
486 613 486
54 653 54
166 546 166
46 820 46
346 715 346
288 474 282
846 897 846
28 360 22
394 500 394
34 569 34
458 794 458
129 519 122
130 514 130
59 491 54
108 509 102
349 932 342
54 952 54
832 947 826
234 666 234
298 697 298
406 704 406
804 1014 798
76 696 70
22 185 22
192 713 186
903 907 898
429 978 422
126 969 126
425 884 418
421 977 414
307 865 302
948 953 942
451 484 446
472 729 466
475 570 470
469 813 462
363 999 358
294 357 294
172 871 166
802 880 802
2 637 2
684 1003 678
458 1014 458
336 981 330
246 479 246
340 853 334
148 529 142
461 801 454
522 666 522
724 872 718
22 259 22
741 803 734
238 322 238
286 700 286
594 924 594
515 724 510
20 75 14
488 815 482
286 949 286
309 676 302
239 912 234
42 1000 42
22 75 22
786 924 786
262 790 262
488 560 482
70 474 70
216 695 210
19 242 14
395 445 390
154 518 154
214 659 214
230 836 230
806 895 806
144 541 138
192 797 186
457 793 450
442 882 442
239 815 234
172 412 166
198 928 198
788 942 782
520 547 514
94 476 94
158 950 158
618 829 618
222 744 222
345 1010 338
550 671 550
145 467 138
358 777 358
521 629 514
649 925 642
790 962 790
85 900 78
94 978 94
210 933 210
149 512 142
310 781 310
234 700 234
404 767 398
909 999 902
586 814 586
49 576 42
658 991 658
737 823 730
140 306 134
64 949 58
482 931 482
333 923 326
689 837 682
271 1021 266
287 630 282
334 884 334
201 288 194
487 630 482
52 196 46
9 1011 2
89 1018 82
921 955 914
196 364 190
218 274 218
530 582 530
49 54 42
807 1017 802
176 315 170
92 841 86
242 416 242
526 702 526
182 542 182
269 477 262
799 1018 794
56 1000 50
801 838 794
492 773 486
354 401 354
62 692 62
479 544 474
204 906 198
2 1004 2
142 203 142
524 550 518
668 838 662
743 910 738
70 489 70
198 466 198
936 981 930
882 976 882
338 559 338
266 576 266
164 473 158
346 1019 346
11 483 6
404 643 398
230 258 230
243 773 238
790 899 790
159 579 154
224 321 218
604 848 598
10 37 10
900 961 894
481 993 474
382 887 382
120 386 114
276 432 270
74 773 74
402 424 402
673 708 666
202 483 202
3 926 1
173 876 166
924 937 918
591 856 586
448 684 442
124 377 118
19 481 14
223 573 218
206 353 206
776 861 770
190 330 190
2 390 2
136 413 130
298 607 298
408 681 402
20 974 14
601 894 594
251 955 246
83 417 78
475 925 470
319 423 314
99 934 94
756 786 750
118 529 118
658 721 658
446 1002 446
919 1008 914
394 744 394
22 42 22
643 956 638
172 343 166
626 637 626
202 327 202
151 385 146
673 990 666
234 360 234
360 791 354
70 246 70
20 183 14
284 590 278
206 505 206
70 93 70
153 207 146
250 962 250
476 712 470
830 895 830
127 791 122
514 624 514
165 750 158
400 900 394
816 914 810
9 717 2
552 616 546
141 324 134
523 831 518
15 969 10
943 993 938
332 564 326
1 10 1
401 865 394
876 894 870
67 448 62
345 506 338
474 503 474
9 250 2
224 495 218
370 915 370
260 759 254
818 1006 818
126 360 126
138 425 138
738 984 738
864 1000 858
284 952 278
289 565 282
726 868 726
768 804 762
1001 1009 994
555 899 550
314 903 314
246 860 246
110 426 110
189 939 182
115 429 110
971 1006 966
486 856 486
312 663 306
802 947 802
186 763 186
671 987 666
262 785 262
337 384 330
653 752 646
326 495 326
544 877 538
400 875 394
823 877 818
296 712 290
448 465 442
14 264 14
992 1021 986
286 555 286
981 1013 974
68 420 62
325 510 318
66 367 66
294 645 294
77 283 70
297 546 290
121 949 114
79 654 74
118 527 118
674 715 674
292 777 286
487 847 482
551 588 546
229 383 222
24 456 18
175 461 170
178 394 178
283 964 278
354 570 354
852 957 846
315 857 310
186 497 186
982 989 982
122 923 122
503 849 498
237 475 230
484 661 478
138 955 138
741 923 734
212 923 206
935 941 930
417 834 410
102 252 102
15 204 10
662 984 662
66 178 66
884 935 878
323 996 318
250 684 250
97 856 90
175 580 170
499 546 494
166 460 166
174 185 174
14 22 14
186 227 186
238 926 238
496 508 490
162 425 162
70 721 70
74 985 74
442 868 442
271 343 266
673 769 666
262 488 262
64 336 58
38 71 38
851 953 846
536 926 530
709 912 702
646 999 646
550 685 550
43 268 38
30 107 30
928 979 922
375 857 370
447 923 442
75 246 70
966 1003 966
291 435 286
16 449 10
679 914 674
831 945 826
852 921 846
771 909 766
460 506 454
840 898 834
195 432 190
780 921 774
413 762 406
62 70 62
729 758 722
439 793 434
884 948 878
176 424 170
208 380 202
432 1003 426
1020 1024 1014
298 647 298
532 966 526
133 980 126
221 994 214
356 825 350
1012 1018 1006
757 824 750
131 550 126
138 296 138
444 572 438
242 433 242
12 794 6
202 749 202
119 590 114
803 920 798
174 182 174
401 695 394
416 429 410
941 947 934
893 937 886
346 746 346
836 871 830
455 659 450
97 481 90
376 451 370
82 278 82
78 146 78
46 141 46
504 884 498
216 949 210
354 400 354
532 548 526
895 900 890
662 874 662
138 199 138
99 490 94
237 698 230
560 892 554
280 523 274
650 893 650
128 426 122
38 968 38
188 759 182
242 548 242
928 1000 922
153 427 146
86 518 86
194 730 194
168 683 162
355 985 350
42 570 42
854 914 854
945 952 938
464 767 458
609 839 602
737 748 730
871 967 866
4 106 1
480 527 474
384 488 378
228 594 222
893 1016 886
26 100 26
62 275 62
25 505 18
54 324 54
782 1011 782
533 661 526
959 970 954
10 421 10
845 969 838
518 885 518
114 148 114
588 823 582
6 202 6
58 128 58
284 784 278
64 766 58
662 910 662
824 986 818
303 643 298
86 517 86
824 906 818
378 978 378
236 315 230
922 974 922
979 1009 974
765 781 758
688 785 682
414 464 414
32 965 26
74 399 74
494 762 494
326 578 326
112 788 106
48 536 42
724 791 718
609 670 602
473 624 466
34 92 34
2 828 2
14 569 14
227 386 222
146 203 146
221 806 214
390 908 390
786 839 786
214 387 214
523 949 518
212 366 206
14 33 14
194 329 194
129 369 122
721 938 714
30 492 30
283 326 278
689 990 682
554 564 554
492 575 486
183 480 178
695 912 690
65 312 58
193 862 186
551 609 546
775 842 770
446 762 446
648 663 642
668 937 662
591 1010 586
532 660 526
14 871 14
976 997 970
496 862 490
14 876 14
185 408 178
845 945 838
781 1008 774
113 283 106
726 764 726
513 627 506
74 479 74
302 740 302
82 88 82
309 945 302
430 490 430
979 1010 974
182 248 182
414 593 414
671 918 666
370 576 370
745 807 738
266 382 266
532 691 526
57 622 50
297 448 290
497 642 490
310 497 310
132 223 126
691 730 686
661 981 654
311 342 306
20 908 14
686 842 686
6 876 6
512 876 506
243 493 238
224 369 218
606 659 606
486 891 486
52 806 46
811 844 806
22 143 22
444 639 438
58 306 58
493 557 486
122 347 122
51 385 46
639 764 634
270 422 270
93 584 86
508 743 502
38 853 38
186 192 186
427 797 422
277 901 270
475 695 470
65 354 58
532 977 526
1001 1008 994
164 959 158
170 235 170
953 958 946
608 970 602
700 734 694
86 374 86
1005 1011 998
513 989 506
645 986 638
77 461 70
164 733 158
439 616 434
497 556 490
424 867 418
92 590 86
182 600 182
145 197 138
314 856 314
920 974 914
864 888 858
325 477 318
304 757 298
424 790 418
670 722 670
919 998 914
533 727 526
358 819 358
222 249 222
258 795 258
820 831 814
295 387 290
248 407 242
669 901 662
83 749 78
821 893 814
710 767 710
50 456 50
286 548 286
131 748 126
136 931 130
201 554 194
414 460 414
86 316 86
457 964 450
194 411 194
743 901 738
707 933 702
154 162 154
56 928 50
744 785 738
713 795 706
116 785 110
306 382 306
150 223 150
252 915 246
164 541 158
87 123 82
312 748 306
213 971 206
425 981 418
226 271 226
335 924 330
134 697 134
649 937 642
87 490 82
62 113 62
26 58 26
209 262 202
608 620 602
960 1015 954
400 604 394
790 987 790
223 988 218
41 937 34
212 473 206
349 1001 342
851 963 846
313 693 306
402 470 402
7 491 2
512 697 506
354 758 354
331 645 326
118 203 118
869 898 862
759 998 754
394 520 394
111 630 106
280 848 274
90 137 90
812 1003 806
238 476 238
613 616 606
190 479 190
4 502 1
224 767 218
198 328 198
90 627 90
51 436 46
370 1006 370
645 827 638
639 898 634
2 697 2
283 323 278
322 700 322
27 722 22
718 757 718
864 932 858
683 925 678
558 853 558
280 973 274
879 970 874
64 770 58
14 582 14
324 796 318
435 978 430
298 446 298
66 638 66
171 329 166
246 735 246
827 994 822
778 882 778
345 875 338
313 398 306
525 695 518
282 320 282
313 559 306
482 807 482
648 929 642
823 999 818
50 947 50
523 547 518
142 474 142
86 788 86
664 735 658
706 927 706
643 772 638
214 937 214
93 1009 86
866 999 866
520 827 514
512 821 506
203 838 198
390 747 390
160 262 154
182 966 182
403 1000 398
697 1012 690
565 575 558
290 890 290
212 940 206
865 1011 858
211 370 206
30 137 30
365 410 358
700 893 694
122 702 122
240 982 234
897 992 890
80 772 74
487 837 482
547 860 542
182 544 182
102 108 102
116 246 110
323 540 318
913 972 906
161 461 154
405 893 398
671 959 666
831 877 826
79 715 74
318 560 318
150 392 150
94 158 94
537 661 530
226 246 226
51 563 46
743 801 738
470 577 470
626 663 626
262 271 262
318 810 318
273 331 266
506 661 506
556 561 550
907 942 902
279 848 274
224 801 218
608 655 602
195 793 190
327 589 322
764 821 758
44 762 38
110 363 110
268 799 262
553 985 546
300 416 294
190 796 190
22 166 22
527 954 522
577 813 570
231 809 226
793 948 786
349 963 342
592 683 586
375 548 370
191 777 186
258 455 258
718 985 718
9 123 2
156 552 150
34 890 34
523 791 518
155 503 150
206 685 206
438 575 438
327 355 322
166 665 166
115 190 110
18 755 18
613 678 606
639 947 634
9 467 2
626 972 626
490 661 490
190 229 190
908 919 902
84 90 78
992 1000 986
249 727 242
42 993 42
260 660 254
286 429 286
846 977 846
421 983 414
868 927 862
583 835 578
187 391 182
751 886 746
308 692 302
98 890 98
278 510 278
18 54 18
372 948 366
284 775 278
470 539 470
452 1003 446
340 788 334
131 149 126
48 644 42
495 818 490
14 190 14
222 381 222
53 590 46
450 526 450
509 737 502
326 342 326
562 775 562
72 765 66
24 615 18
239 452 234
838 851 838
391 687 386
215 819 210
866 998 866
368 537 362
526 841 526
76 627 70
721 867 714
586 787 586
187 540 182
50 479 50
246 437 246
753 757 746
74 375 74
703 907 698
86 302 86
821 923 814
270 285 270
128 829 122
404 811 398
282 332 282
158 612 158
973 978 966
561 809 554
662 839 662
368 635 362
647 874 642
502 689 502
221 714 214
2 241 2
1017 1019 1010
307 418 302
115 921 110
123 571 118
22 507 22
470 915 470
888 892 882
98 348 98
54 93 54
281 563 274
274 536 274
258 823 258
364 830 358
746 949 746
534 603 534
50 421 50
780 816 774
127 628 122
716 858 710
762 992 762
194 665 194
809 1007 802
273 935 266
150 576 150
645 686 638
750 849 750
522 854 522
160 421 154
286 951 286
606 790 606
666 912 666
49 57 42
371 670 366
848 998 842
223 1000 218
762 942 762
174 244 174
639 660 634
334 827 334
516 672 510
87 804 82
553 578 546
723 847 718
286 625 286
244 836 238
263 281 258
697 997 690
180 311 174
270 318 270
186 762 186
767 912 762
82 93 82
328 909 322
242 478 242
398 622 398
119 631 114
18 344 18
10 61 10
618 670 618
642 794 642
61 408 54
173 928 166
729 939 722
210 584 210
581 854 574
579 760 574
186 1011 186
78 473 78
208 726 202
527 801 522
746 972 746
395 570 390
198 464 198
679 774 674
484 626 478
174 696 174
66 605 66
225 390 218
103 217 98
54 161 54
507 756 502
1003 1009 998
661 880 654
134 210 134
91 105 86
614 638 614
106 973 106
486 965 486
371 404 366
12 653 6
223 768 218
152 558 146
442 623 442
450 642 450
287 803 282
296 969 290
158 469 158
56 212 50
80 158 74
378 464 378
171 466 166
58 446 58
455 621 450
38 1000 38
750 922 750
969 1007 962
78 111 78
177 692 170
374 770 374
70 223 70
570 685 570
166 701 166
532 922 526
305 927 298
758 969 758
279 311 274
803 929 798
829 881 822
50 82 50
480 603 474
170 380 170
372 889 366
959 999 954
692 777 686
433 968 426
199 872 194
548 877 542
142 634 142
78 216 78
22 795 22
410 889 410
126 176 126
231 501 226
46 481 46
210 285 210
250 648 250
692 998 686
522 726 522
58 219 58
270 299 270
433 994 426
380 545 374
118 475 118
66 778 66
50 838 50
54 560 54
507 938 502
574 1021 574
170 361 170
149 310 142
135 143 130
421 875 414
645 924 638
106 598 106
497 817 490
54 656 54
959 971 954
648 789 642
8 612 2
602 863 602
580 1004 574
279 753 274
12 626 6
557 699 550
124 951 118
26 355 26
183 986 178
854 974 854
361 995 354
524 546 518
422 536 422
199 779 194
69 622 62
216 556 210
133 708 126
74 235 74
226 821 226
477 788 470
377 421 370
34 309 34
136 661 130
429 580 422
129 350 122
760 872 754
301 849 294
145 610 138
677 777 670
771 940 766
41 98 34
219 969 214
157 828 150
737 798 730
466 646 466
522 842 522
441 589 434
501 820 494
468 942 462
244 913 238
9 119 2
17 54 10
97 453 90
90 829 90
98 891 98
267 894 262
180 590 174
709 743 702
80 718 74
953 976 946
350 649 350
414 661 414
198 408 198
26 813 26
41 973 34
93 458 86
174 288 174
409 550 402
213 354 206
6 281 6
732 779 726
399 468 394
611 670 606
731 993 726
757 815 750
376 415 370
336 878 330
30 97 30
114 316 114
661 1006 654
94 902 94
58 770 58
54 1000 54
78 335 78
153 911 146
523 642 518
980 982 974
414 675 414
628 700 622
163 864 158
530 641 530
259 646 254
50 173 50
560 701 554
358 690 358
292 753 286
463 899 458
14 171 14
66 648 66
347 968 342
131 534 126
334 359 334
82 353 82
573 979 566
102 315 102
274 353 274
34 889 34
473 766 466
689 941 682
104 565 98
704 905 698
642 766 642
508 561 502
698 974 698
638 665 638
338 948 338
336 919 330
382 865 382
20 1023 14
617 899 610
606 986 606
929 1003 922
42 696 42
54 92 54
649 657 642
288 791 282
286 870 286
200 393 194
932 942 926
280 504 274
35 466 30
533 954 526
290 777 290
237 731 230
253 327 246
580 1008 574
134 176 134
23 160 18
331 883 326
279 982 274
611 758 606
424 630 418
326 448 326
881 925 874
98 708 98
83 985 78
76 437 70
622 872 622
278 515 278
34 45 34
148 871 142
180 248 174
258 826 258
742 904 742
36 603 30
22 298 22
38 49 38
72 181 66
298 853 298
719 915 714
391 942 386
431 748 426
456 706 450
944 993 938
943 980 938
162 613 162
634 1022 634
335 768 330
7 712 2
76 752 70
30 188 30
74 568 74
158 860 158
657 778 650
722 912 722
50 481 50
10 188 10
491 730 486
238 359 238
84 458 78
860 920 854
358 661 358
118 279 118
628 848 622
393 863 386
617 646 610
823 926 818
541 588 534
367 412 362
35 674 30
788 958 782
613 914 606
416 617 410
388 852 382
30 359 30
13 363 6
896 1006 890
250 315 250
178 695 178
86 237 86
124 759 118
486 772 486
372 824 366
46 577 46
74 87 74
267 487 262
522 969 522
595 845 590
579 675 574
377 557 370
181 882 174
144 966 138
974 1001 974
306 696 306
470 980 470
615 781 610
316 882 310
976 990 970
827 967 822
218 941 218
205 390 198
484 606 478
449 880 442
30 38 30
371 497 366
895 925 890
230 627 230
83 725 78
98 344 98
394 509 394
231 407 226
306 373 306
749 783 742
181 625 174
86 469 86
633 907 626
82 262 82
127 273 122
476 745 470
786 854 786
34 283 34
86 123 86
398 462 398
839 906 834
966 1024 966
86 553 86
344 778 338
246 976 246
630 723 630
339 566 334
749 905 742
548 690 542
7 773 2
526 621 526
696 834 690
271 620 266
398 775 398
764 934 758
150 732 150
575 626 570
146 834 146
378 910 378
102 890 102
905 963 898
395 719 390
469 867 462
133 921 126
308 904 302
102 866 102
170 201 170
351 416 346
610 713 610
73 990 66
53 715 46
576 900 570
18 254 18
384 558 378
297 866 290
162 775 162
907 969 902
30 101 30
30 300 30
2 184 2
58 893 58
162 772 162
685 983 678
382 750 382
206 992 206
363 784 358
589 598 582
709 759 702
256 642 250
147 621 142
619 672 614
78 144 78
92 978 86
758 959 758
127 1001 122
82 218 82
479 774 474
154 176 154
296 893 290
806 987 806
748 755 742
734 875 734
58 552 58
58 791 58
226 588 226
201 946 194
240 311 234
52 346 46
883 1012 878
726 860 726
939 1007 934
240 710 234
4 587 1
146 904 146
598 679 598
977 978 970
650 949 650
250 645 250
126 295 126
98 261 98
385 558 378
494 611 494
46 146 46
506 835 506
828 893 822
62 78 62
336 504 330
275 468 270
560 989 554
534 629 534
110 674 110
995 1000 990
517 716 510
701 744 694
378 612 378
302 453 302
170 239 170
804 815 798
217 977 210
229 646 222
991 1004 986
69 605 62
1 74 1
579 1021 574
155 876 150
450 822 450
781 812 774
588 645 582
618 741 618
41 776 34
246 597 246
20 991 14
5 568 1
486 526 486
353 440 346
858 934 858
471 838 466
92 818 86
413 1003 406
27 345 22
109 668 102
844 877 838
159 831 154
820 895 814
452 854 446
771 862 766
8 69 2
495 886 490
419 729 414
98 1011 98
108 413 102
685 770 678
194 853 194
2 719 2
723 1021 718
424 675 418
495 946 490
42 63 42
55 445 50
505 629 498
290 676 290
757 862 750
878 948 878
146 415 146
120 954 114
314 493 314
701 716 694
17 914 10
550 554 550
6 116 6
682 1020 682
416 702 410
471 505 466
772 970 766
446 477 446
449 642 442
141 694 134
322 350 322
142 684 142
429 576 422
251 270 246
6 469 6
478 485 478
165 293 158
158 266 158
182 638 182
935 953 930
55 829 50
94 198 94
64 154 58
164 327 158
923 930 918
523 900 518
236 478 230
311 973 306
110 620 110
220 596 214
555 587 550
172 923 166
298 890 298
306 547 306
298 833 298
274 322 274
455 707 450
716 861 710
530 854 530
325 764 318
935 976 930
314 848 314
178 960 178
407 889 402
98 617 98
862 961 862
138 398 138
77 669 70
949 991 942
199 536 194
198 395 198
241 396 234
744 932 738
49 753 42
63 297 58
299 587 294
125 181 118
144 571 138
784 910 778
69 571 62
210 675 210
170 178 170
844 897 838
274 899 274
248 426 242
653 869 646
488 613 482
18 892 18
61 77 54
23 1002 18
78 951 78
508 1023 502
461 863 454
286 356 286
673 953 666
900 973 894
607 766 602
6 351 6
250 571 250
42 188 42
74 299 74
716 980 710
609 697 602
457 940 450
851 983 846
363 525 358
20 344 14
322 686 322
883 1021 878
106 485 106
246 291 246
610 822 610
139 281 134
98 824 98
26 59 26
610 1021 610
54 464 54
542 766 542
215 970 210
394 594 394
88 535 82
696 839 690
179 534 174
115 763 110
170 975 170
912 983 906
230 738 230
344 904 338
58 299 58
411 621 406
352 782 346
243 408 238
34 84 34
501 627 494
281 427 274
398 792 398
283 297 278
80 393 74
413 647 406
618 720 618
416 753 410
776 807 770
822 833 822
847 1007 842
262 354 262
142 217 142
18 194 18
382 946 382
33 243 26
186 698 186
149 351 142
378 823 378
33 436 26
338 766 338
150 829 150
776 1020 770
853 866 846
478 997 478
354 673 354
824 931 818
339 675 334
363 688 358
41 534 34
474 610 474
900 934 894
373 493 366
192 998 186
502 520 502
478 675 478
424 912 418
132 854 126
97 364 90
393 995 386
236 977 230
10 310 10
846 860 846
30 183 30
120 124 114
158 569 158
477 717 470
615 812 610
332 418 326
560 651 554
97 482 90
294 713 294
391 910 386
2 510 2
258 450 258
2 238 2
548 812 542
175 434 170
883 903 878
622 758 622
894 932 894
285 705 278
442 501 442
110 969 110
662 1005 662
1 612 1
242 364 242
386 898 386
774 834 774
24 616 18
138 142 138
564 942 558
187 1017 182
839 1015 834
370 690 370
730 779 730
713 858 706
243 733 238
94 180 94
784 939 778
493 571 486
300 393 294
704 810 698
412 831 406
867 893 862
482 639 482
82 795 82
213 467 206
781 917 774
470 620 470
258 346 258
142 602 142
203 281 198
66 954 66
522 762 522
440 573 434
26 98 26
198 249 198
372 678 366
545 631 538
62 726 62
104 790 98
58 558 58
729 806 722
323 495 318
134 861 134
109 406 102
326 743 326
245 979 238
65 621 58
481 745 474
74 581 74
529 640 522
458 472 458
331 625 326
278 922 278
792 950 786
945 1019 938
138 867 138
253 316 246
470 1010 470
209 833 202
42 529 42
204 526 198
461 530 454
110 445 110
158 198 158
74 843 74
54 69 54
349 411 342
141 785 134
206 490 206
114 1012 114
534 711 534
631 825 626
676 891 670
279 383 274
725 831 718
269 290 262
140 259 134
424 997 418
44 276 38
320 515 314
306 703 306
78 585 78
202 308 202
321 534 314
661 992 654
348 856 342
35 207 30
96 420 90
72 657 66
525 701 518
833 870 826
406 434 406
148 770 142
253 444 246
338 400 338
68 940 62
636 674 630
2 272 2
68 689 62
363 589 358
925 935 918
190 1000 190
300 451 294
115 699 110
69 497 62
510 687 510
18 284 18
432 685 426
218 385 218
132 922 126
484 660 478
322 430 322
158 549 158
873 998 866
261 500 254
142 281 142
233 934 226
349 898 342
756 936 750
44 304 38
167 896 162
475 758 470
31 547 26
341 930 334
354 934 354
118 965 118
254 714 254
227 529 222
403 1016 398
925 963 918
146 485 146
866 944 866
610 941 610
683 889 678
86 457 86
97 396 90
610 804 610
371 633 366
485 830 478
314 604 314
248 353 242
34 995 34
810 991 810
88 336 82
880 900 874
595 758 590
78 735 78
138 573 138
518 962 518
342 652 342
11 586 6
654 971 654
284 917 278
378 650 378
87 281 82
414 942 414
670 801 670
600 949 594
280 350 274
669 828 662
378 434 378
190 318 190
508 936 502
188 957 182
108 879 102
174 505 174
1 560 1
878 1000 878
221 232 214
128 365 122
387 623 382
242 938 242
555 633 550
304 862 298
767 884 762
263 515 258
114 699 114
7 974 2
51 813 46
310 515 310
468 792 462
896 993 890
54 457 54
176 1013 170
200 509 194
940 964 934
839 1011 834
42 150 42
565 960 558
793 1003 786
416 620 410
363 606 358
258 540 258
650 744 650
18 952 18
122 376 122
348 719 342
74 571 74
182 717 182
286 621 286
46 300 46
121 668 114
333 835 326
626 667 626
437 736 430
141 396 134
997 1010 990
354 937 354
689 856 682
215 328 210
417 962 410
342 509 342
90 95 90
722 737 722
513 817 506
168 646 162
301 706 294
598 655 598
32 876 26
126 601 126
928 942 922
321 719 314
698 1023 698
233 861 226
446 876 446
90 157 90
454 922 454
22 123 22
218 413 218
85 776 78
336 803 330
389 460 382
104 962 98
153 893 146
249 255 242
252 605 246
614 971 614
79 399 74
132 611 126
74 484 74
340 986 334
306 486 306
354 697 354
512 763 506
506 828 506
86 1006 86
242 695 242
1 165 1
662 1003 662
478 490 478
118 214 118
100 175 94
115 868 110
458 542 458
36 476 30
63 917 58
132 158 126
606 767 606
346 981 346
186 200 186
618 877 618
56 153 50
981 1000 974
912 979 906
326 380 326
464 920 458
134 772 134
556 901 550
902 994 902
335 960 330
454 914 454
314 529 314
266 395 266
300 684 294
126 563 126
70 897 70
468 658 462
381 789 374
122 414 122
622 726 622
794 838 794
26 165 26
858 867 858
700 940 694
308 437 302
18 472 18
74 486 74
2 225 2
445 936 438
242 434 242
50 240 50
99 462 94
150 430 150
4 393 1
937 973 930
277 988 270
14 914 14
463 539 458
197 673 190
159 998 154
514 738 514
468 471 462
358 409 358
442 650 442
422 430 422
1 311 1
282 909 282
408 508 402
381 474 374
110 343 110
432 584 426
838 935 838
760 967 754
200 318 194
150 166 150
332 892 326
668 689 662
550 988 550
277 281 270
107 310 102
102 697 102
109 362 102
1010 1016 1010
225 601 218
367 938 362
233 932 226
970 977 970
22 639 22
352 883 346
308 458 302
74 443 74
362 496 362
387 988 382
34 966 34
303 308 298
226 799 226
30 36 30
29 219 22
36 128 30
649 809 642
533 658 526
951 964 946
822 866 822
107 715 102
674 775 674
628 937 622
703 709 698
298 868 298
799 944 794
56 111 50
32 238 26
931 967 926
394 776 394
136 961 130
41 242 34
764 889 758
245 753 238
847 918 842
736 1005 730
411 855 406
263 577 258
214 655 214
137 438 130
38 129 38
561 619 554
610 764 610
406 630 406
390 769 390
98 443 98
314 969 314
250 486 250
100 906 94
231 949 226
32 224 26
443 874 438
777 813 770
334 597 334
217 742 210
630 653 630
422 503 422
119 525 114
157 327 150
291 965 286
386 957 386
310 632 310
33 985 26
262 279 262
46 76 46
98 550 98
432 989 426
29 812 22
609 671 602
346 882 346
879 1020 874
244 890 238
857 967 850
197 298 190
693 803 686
604 701 598
716 900 710
110 698 110
346 645 346
690 706 690
192 290 186
1 50 1
169 711 162
838 889 838
605 754 598
484 763 478
911 920 906
649 1024 642
115 302 110
327 500 322
813 851 806
65 183 58
245 614 238
271 420 266
174 255 174
196 399 190
989 1020 982
762 922 762
251 551 246
428 942 422
692 993 686
576 915 570
370 910 370
688 971 682
524 554 518
302 356 302
313 589 306
493 812 486
736 824 730
362 849 362
58 846 58
146 258 146
370 905 370
206 297 206
338 343 338
90 145 90
58 560 58
680 973 674
507 843 502
588 740 582
360 497 354
14 186 14
312 690 306
28 805 22
312 583 306
330 768 330
290 347 290
731 856 726
646 901 646
963 1008 958
955 1019 950
472 924 466
663 838 658
460 914 454
557 976 550
110 858 110
517 658 510
30 193 30
783 792 778
256 913 250
110 330 110
773 930 766
283 600 278
369 691 362
506 617 506
480 1006 474
660 857 654
799 873 794
505 820 498
116 832 110
45 553 38
685 981 678
772 804 766
456 611 450
717 784 710
547 991 542
74 121 74
248 622 242
27 267 22
10 349 10
281 740 274
214 263 214
372 801 366
532 923 526
683 764 678
774 896 774
146 892 146
539 543 534
131 757 126
402 607 402
253 911 246
30 819 30
704 773 698
107 510 102
329 802 322
358 719 358
622 628 622
29 1020 22
788 862 782
696 718 690
781 912 774
104 796 98
262 768 262
278 797 278
390 872 390
365 608 358
797 833 790
67 480 62
848 982 842
58 399 58
514 526 514
115 537 110
683 906 678
557 980 550
756 923 750
207 583 202
235 643 230
46 723 46
39 137 34
18 198 18
575 635 570
689 1000 682
519 1009 514
179 864 174
309 681 302
709 755 702
381 919 374
881 985 874
274 531 274
441 696 434
130 374 130
158 919 158
6 382 6
10 166 10
290 671 290
615 1011 610
556 576 550
306 371 306
218 291 218
522 583 522
271 493 266
661 729 654
450 572 450
234 463 234
428 914 422
26 577 26
187 343 182
496 688 490
134 565 134
426 767 426
717 802 710
178 226 178
72 950 66
246 271 246
472 805 466
724 873 718
625 796 618
344 993 338
206 216 206
298 879 298
377 575 370
318 926 318
42 1019 42
202 535 202
397 456 390
262 425 262
148 961 142
390 406 390
598 1018 598
56 848 50
130 636 130
438 645 438
908 911 902
82 261 82
190 269 190
748 984 742
33 413 26
218 506 218
258 611 258
77 962 70
37 521 30
489 981 482
883 974 878
581 922 574
517 856 510
118 293 118
173 624 166
631 720 626
46 265 46
719 977 714
542 875 542
118 173 118
88 545 82
146 353 146
106 609 106
14 262 14
455 731 450
272 756 266
515 1009 510
195 620 190
374 383 374
40 250 34
238 630 238
358 801 358
290 387 290
179 188 174
214 865 214
399 540 394
321 444 314
310 584 310
186 511 186
350 728 350
488 796 482
549 982 542
600 684 594
30 45 30
34 545 34
50 332 50
106 321 106
166 331 166
323 888 318
965 1021 958
127 559 122
601 701 594
688 811 682
68 662 62
210 280 210
14 49 14
146 882 146
357 373 350
11 192 6
181 290 174
214 290 214
221 920 214
315 428 310
310 595 310
977 1010 970
236 448 230
458 527 458
274 586 274
445 617 438
562 980 562
474 666 474
779 1016 774
214 516 214
76 167 70
103 818 98
6 109 6
231 703 226
885 1007 878
514 785 514
1000 1005 994
426 624 426
728 977 722
965 980 958
20 220 14
340 404 334
50 425 50
84 683 78
489 606 482
378 944 378
434 795 434
116 236 110
77 608 70
32 561 26
681 764 674
84 741 78
93 905 86
897 946 890
526 819 526
478 590 478
158 165 158
443 824 438
533 624 526
395 607 390
130 148 130
122 530 122
374 378 374
564 915 558
944 1011 938
344 977 338
791 957 786
716 904 710
892 942 886
74 655 74
13 187 6
121 758 114
162 338 162
644 889 638
290 857 290
322 356 322
93 435 86
52 241 46
292 394 286
74 354 74
457 570 450
46 69 46
294 348 294
57 831 50
722 860 722
242 730 242
316 636 310
526 948 526
401 694 394
38 265 38
2 50 2
2 92 2
150 266 150
18 389 18
58 71 58
571 1004 566
462 951 462
224 1020 218
58 235 58
550 837 550
778 785 778
1 419 1
503 684 498
936 980 930
90 428 90
875 949 870
154 380 154
474 1003 474
733 1012 726
622 709 622
904 960 898
181 879 174
773 918 766
837 1006 830
22 410 22
658 671 658
734 869 734
218 952 218
296 956 290
284 464 278
169 552 162
917 977 910
850 1019 850
703 738 698
818 906 818
357 498 350
567 893 562
134 713 134
583 948 578
194 944 194
154 717 154
777 790 770
413 663 406
282 683 282
433 875 426
107 803 102
145 568 138
126 193 126
880 918 874
282 437 282
535 904 530
458 935 458
376 673 370
442 837 442
210 716 210
866 994 866
610 982 610
458 580 458
388 621 382
418 959 418
539 749 534
62 167 62
793 843 786
318 849 318
98 592 98
73 182 66
839 956 834
358 982 358
555 1008 550
653 900 646
158 446 158
21 499 14
785 1015 778
294 604 294
147 513 142
14 209 14
274 414 274
476 559 470
290 560 290
921 926 914
289 475 282
143 750 138
66 425 66
273 380 266
214 975 214
313 623 306
485 728 478
473 1014 466
491 827 486
242 319 242
685 834 678
246 606 246
536 856 530
26 1024 26
246 745 246
182 796 182
414 484 414
57 598 50
102 312 102
366 923 366
609 850 602
228 289 222
209 353 202
218 860 218
158 977 158
224 262 218
605 898 598
288 524 282
445 961 438
82 141 82
340 492 334
83 366 78
42 986 42
578 1024 578
372 902 366
251 791 246
774 914 774
158 208 158
198 467 198
220 524 214
77 436 70
50 327 50
82 372 82
900 974 894
125 554 118
40 104 34
354 797 354
70 1010 70
303 613 298
92 295 86
852 872 846
382 400 382
424 778 418
953 1001 946
75 257 70
152 944 146
159 312 154
134 606 134
9 937 2
192 402 186
190 334 190
575 702 570
657 920 650
174 422 174
957 1014 950
161 418 154
194 372 194
56 927 50
537 820 530
290 644 290
98 234 98
110 672 110
456 821 450
852 917 846
629 894 622
330 444 330
327 878 322
807 896 802
440 847 434
102 495 102
286 614 286
703 719 698
126 477 126
249 410 242
6 30 6
179 238 174
658 766 658
34 126 34
122 777 122
591 865 586
635 645 630
390 414 390
710 937 710
482 784 482
187 991 182
180 296 174
786 914 786
75 811 70
195 683 190
246 576 246
261 460 254
819 907 814
891 1015 886
941 994 934
26 53 26
40 75 34
422 516 422
223 511 218
34 1014 34
32 340 26
961 976 954
245 327 238
195 541 190
756 952 750
425 938 418
790 1004 790
656 783 650
511 891 506
438 993 438
658 1019 658
574 655 574
190 687 190
239 984 234
763 858 758
307 603 302
968 1013 962
463 791 458
750 921 750
402 633 402
255 258 250
709 791 702
134 140 134
235 372 230
632 992 626
140 285 134
466 574 466
381 580 374
326 936 326
752 955 746
264 825 258
242 617 242
332 832 326
181 1016 174
963 998 958
274 494 274
370 773 370
58 834 58
30 734 30
667 744 662
388 833 382
228 748 222
214 945 214
640 984 634
270 447 270
547 574 542
847 951 842
293 398 286
64 561 58
587 655 582
570 781 570
437 854 430
552 595 546
34 628 34
533 765 526
106 218 106
237 524 230
94 334 94
949 996 942
768 824 762
779 984 774
410 859 410
2 34 2
546 805 546
558 583 558
346 596 346
850 970 850
42 349 42
915 921 910
124 169 118
211 973 206
917 988 910
14 119 14
170 189 170
532 842 526
215 800 210
6 738 6
178 486 178
154 933 154
297 414 290
301 1015 294
993 1007 986
98 576 98
757 926 750
398 979 398
7 863 2
154 532 154
47 187 42
55 919 50
339 350 334
88 646 82
629 1023 622
26 249 26
12 895 6
627 759 622
474 590 474
254 816 254
358 520 358
481 670 474
51 269 46
69 1002 62
106 882 106
21 475 14
738 944 738
190 393 190
207 355 202
38 141 38
409 424 402
483 496 478
150 438 150
595 907 590
4 167 1
37 268 30
1 611 1
254 756 254
829 974 822
482 950 482
266 354 266
59 191 54
752 1023 746
653 695 646
367 930 362
413 638 406
679 990 674
45 832 38
462 549 462
68 208 62
221 598 214
693 809 686
252 926 246
525 599 518
117 554 110
355 545 350
87 826 82
438 702 438
478 701 478
302 405 302
77 518 70
238 836 238
141 452 134
379 448 374
221 610 214
422 618 422
456 590 450
142 786 142
172 618 166
422 559 422
85 143 78
1015 1018 1010
662 757 662
36 365 30
810 908 810
99 598 94
34 972 34
345 716 338
869 981 862
700 849 694
442 840 442
342 1000 342
42 196 42
83 118 78
778 995 778
249 726 242
202 230 202
423 943 418
486 905 486
286 726 286
430 821 430
494 700 494
464 576 458
323 367 318
164 588 158
625 977 618
485 630 478
983 1023 978
206 778 206
588 802 582
601 954 594
179 617 174
387 440 382
258 521 258
126 422 126
180 297 174
7 809 2
93 978 86
162 690 162
305 944 298
500 736 494
459 640 454
358 539 358
641 1002 634
350 409 350
498 621 498
334 634 334
404 561 398
79 909 74
118 700 118
717 723 710
158 570 158
173 930 166
12 995 6
138 508 138
129 832 122
158 295 158
152 648 146
463 1009 458
321 916 314
48 456 42
552 826 546
326 502 326
117 892 110
400 701 394
478 991 478
371 975 366
537 660 530
5 797 1
77 353 70
190 340 190
851 879 846
877 931 870
165 976 158
549 811 542
306 924 306
820 854 814
545 612 538
614 628 614
562 964 562
187 558 182
162 207 162
853 905 846
366 726 366
241 772 234
210 324 210
399 621 394
171 649 166
34 377 34
302 381 302
162 458 162
58 482 58
140 377 134
53 435 46
644 905 638
325 595 318
692 752 686
390 532 390
383 1023 378
251 642 246
139 538 134
37 281 30
603 864 598
554 744 554
446 547 446
409 830 402
46 427 46
59 937 54
295 321 290
50 609 50
317 685 310
665 797 658
881 981 874
332 520 326
174 728 174
308 999 302
98 495 98
310 475 310
615 837 610
578 820 578
174 258 174
454 646 454
505 742 498
167 685 162
54 89 54
482 552 482
424 462 418
102 139 102
144 842 138
324 329 318
977 1021 970
190 806 190
98 345 98
956 970 950
110 437 110
281 858 274
493 1004 486
46 62 46
930 974 930
282 663 282
474 746 474
40 517 34
85 694 78
24 1010 18
110 366 110
912 1001 906
162 983 162
738 820 738
808 991 802
256 271 250
94 310 94
254 559 254
266 443 266
911 1018 906
22 827 22
505 560 498
706 955 706
817 998 810
468 663 462
78 219 78
634 720 634
478 663 478
485 490 478
229 407 222
508 757 502
194 894 194
548 874 542
51 343 46
617 955 610
660 855 654
618 980 618
495 853 490
19 845 14
17 346 10
165 519 158
625 975 618
122 233 122
38 576 38
419 978 414
162 370 162
438 1004 438
530 1000 530
190 310 190
194 236 194
168 720 162
192 367 186
53 776 46
880 903 874
339 1011 334
378 480 378
959 1024 954
199 811 194
331 499 326
495 977 490
748 876 742
629 938 622
173 746 166
971 992 966
614 935 614
416 421 410
7 703 2
71 291 66
500 700 494
541 684 534
907 962 902
235 750 230
30 171 30
733 1003 726
568 712 562
197 381 190
402 971 402
483 876 478
746 861 746
186 799 186
252 539 246
329 744 322
536 954 530
51 309 46
518 655 518
306 449 306
482 841 482
12 404 6
490 922 490
234 920 234
171 988 166
60 427 54
62 156 62
222 309 222
271 1017 266
158 677 158
173 827 166
543 648 538
213 360 206
778 834 778
686 749 686
277 730 270
422 621 422
487 655 482
489 798 482
16 695 10
477 748 470
100 723 94
473 957 466
118 986 118
267 883 262
612 730 606
987 1007 982
242 636 242
394 769 394
373 635 366
286 799 286
747 985 742
396 1009 390
82 811 82
38 987 38
404 818 398
139 339 134
515 533 510
4 856 1
15 912 10
158 516 158
759 1020 754
46 310 46
659 1006 654
89 333 82
274 806 274
396 998 390
829 893 822
961 1001 954
714 980 714
49 878 42
588 826 582
178 474 178
123 298 118
298 910 298
713 767 706
322 433 322
379 535 374
95 753 90
497 796 490
626 955 626
314 502 314
378 785 378
395 491 390
815 938 810
306 578 306
500 892 494
54 352 54
187 822 182
646 798 646
30 219 30
148 862 142
231 722 226
42 793 42
544 548 538
613 787 606
234 824 234
512 780 506
635 758 630
531 940 526
647 760 642
574 777 574
112 577 106
46 243 46
109 619 102
636 743 630
466 1006 466
34 348 34
503 579 498
180 237 174
251 269 246
110 614 110
742 815 742
276 639 270
53 570 46
235 624 230
388 787 382
713 744 706
174 639 174
376 853 370
114 484 114
683 799 678
273 826 266
242 962 242
706 776 706
684 943 678
192 735 186
252 826 246
797 804 790
376 898 370
34 205 34
597 752 590
314 582 314
324 647 318
264 727 258
330 537 330
442 1007 442
170 254 170
391 441 386
808 988 802
114 604 114
396 882 390
410 422 410
218 376 218
564 660 558
668 785 662
429 516 422
75 527 70
61 993 54
853 906 846
313 613 306
685 850 678
126 406 126
230 376 230
908 1003 902
93 1021 86
337 656 330
138 605 138
135 823 130
182 1018 182
934 997 934
442 503 442
956 962 950
309 799 302
103 889 98
528 739 522
507 805 502
289 785 282
182 905 182
740 908 734
512 676 506
390 462 390
245 709 238
33 388 26
706 984 706
242 731 242
725 732 718
124 891 118
90 470 90
516 546 510
726 865 726
380 967 374
254 262 254
726 1015 726
256 935 250
439 771 434
639 677 634
745 809 738
258 435 258
219 791 214
70 477 70
132 319 126
322 871 322
842 992 842
56 441 50
254 367 254
170 504 170
63 987 58
6 866 6
34 101 34
847 968 842
708 972 702
737 1021 730
992 997 986
466 479 466
17 288 10
996 1008 990
18 902 18
356 943 350
407 927 402
948 977 942
306 389 306
151 238 146
46 231 46
138 159 138
186 419 186
309 801 302
842 937 842
98 394 98
178 434 178
333 849 326
201 290 194
314 510 314
545 801 538
44 229 38
653 937 646
815 893 810
5 37 1
420 735 414
717 885 710
693 717 686
233 498 226
102 933 102
454 690 454
8 792 2
46 537 46
314 419 314
766 796 766
66 518 66
434 504 434
828 884 822
491 517 486
281 696 274
216 820 210
362 435 362
61 170 54
26 390 26
214 445 214
500 858 494
166 762 166
506 745 506
110 439 110
111 483 106
34 558 34
931 936 926
173 809 166
118 934 118
6 538 6
26 186 26
322 503 322
56 797 50
172 518 166
447 746 442
940 981 934
301 905 294
91 260 86
190 214 190
742 851 742
218 331 218
203 859 198
311 618 306
839 874 834
302 351 302
771 892 766
608 901 602
442 801 442
670 681 670
1 93 1
159 799 154
79 989 74
876 1007 870
419 863 414
190 768 190
50 167 50
567 570 562
631 831 626
92 1016 86
702 724 702
448 518 442
344 459 338
871 1020 866
158 235 158
230 455 230
306 426 306
844 931 838
114 283 114
319 839 314
354 809 354
937 952 930
454 975 454
636 907 630
593 762 586
427 887 422
735 906 730
45 596 38
437 690 430
108 223 102
494 934 494
306 420 306
833 877 826
273 942 266
394 515 394
616 687 610
985 1017 978
28 162 22
182 243 182
331 448 326
717 998 710
614 791 614
360 858 354
889 1004 882
2 77 2
908 932 902
235 324 230
896 913 890
512 858 506
364 860 358
291 474 286
23 286 18
973 1004 966
255 791 250
326 568 326
425 489 418
54 261 54
93 312 86
618 788 618
477 722 470
556 770 550
920 1007 914
833 849 826
209 525 202
849 907 842
470 578 470
305 964 298
326 706 326
6 43 6
325 819 318
338 436 338
176 969 170
114 976 114
26 157 26
683 762 678
609 752 602
219 753 214
367 603 362
206 350 206
321 399 314
78 88 78
162 719 162
859 888 854
745 953 738
386 710 386
225 983 218
429 1021 422
34 475 34
418 711 418
22 445 22
103 755 98
150 322 150
221 1009 214
474 584 474
629 946 622
552 869 546
519 918 514
568 914 562
296 393 290
515 835 510
67 834 62
909 996 902
211 948 206
661 848 654
203 970 198
91 590 86
234 657 234
680 771 674
833 1024 826
58 935 58
32 269 26
266 279 266
566 904 566
619 1017 614
301 627 294
621 899 614
410 933 410
158 234 158
243 943 238
859 942 854
755 763 750
26 189 26
702 1006 702
95 616 90
689 1007 682
110 255 110
70 642 70
62 532 62
772 966 766
182 587 182
350 911 350
445 899 438
242 352 242
47 773 42
150 842 150
2 703 2
95 284 90
178 739 178
136 349 130
906 984 906
211 465 206
668 822 662
387 1016 382
282 645 282
400 830 394
104 955 98
215 526 210
569 954 562
25 574 18
294 358 294
623 709 618
44 827 38
872 1004 866
18 532 18
198 444 198
482 861 482
640 904 634
14 353 14
58 884 58
215 232 210
372 705 366
786 950 786
418 872 418
456 521 450
534 596 534
412 583 406
552 715 546
823 917 818
132 843 126
575 908 570
583 995 578
122 499 122
46 788 46
457 605 450
62 546 62
34 494 34
848 979 842
160 345 154
863 1004 858
63 800 58
500 743 494
806 853 806
85 158 78
563 872 558
791 955 786
192 945 186
28 49 22
649 829 642
222 507 222
505 1002 498
671 947 666
294 830 294
547 647 542
46 154 46
866 929 866
339 676 334
69 340 62
39 796 34
147 638 142
221 682 214
290 448 290
214 637 214
269 734 262
144 874 138
154 231 154
119 387 114
530 957 530
13 810 6
296 665 290
631 699 626
418 437 418
795 815 790
954 1011 954
54 504 54
554 771 554
404 524 398
556 799 550
594 721 594
291 519 286
590 895 590
211 866 206
10 680 10
494 746 494
106 273 106
40 477 34
500 579 494
571 863 566
682 789 682
430 1002 430
390 916 390
793 875 786
485 627 478
174 786 174
306 419 306
522 800 522
482 998 482
140 688 134
378 431 378
681 925 674
6 724 6
46 994 46
96 775 90
564 598 558
267 449 262
34 636 34
400 579 394
320 511 314
356 652 350
182 682 182
844 886 838
747 786 742
226 594 226
90 164 90
527 540 522
32 375 26
625 791 618
235 872 230
222 963 222
650 822 650
243 749 238
286 756 286
77 414 70
86 215 86
463 546 458
50 882 50
134 666 134
190 710 190
266 908 266
94 808 94
97 521 90
150 187 150
709 984 702
182 653 182
214 926 214
825 992 818
608 877 602
333 618 326
26 725 26
369 892 362
345 380 338
402 667 402
339 389 334
194 769 194
460 696 454
266 361 266
107 311 102
721 1002 714
824 913 818
755 764 750
820 907 814
643 925 638
386 964 386
169 1024 162
484 539 478
68 474 62
632 1001 626
477 811 470
233 613 226
157 961 150
348 825 342
183 768 178
353 361 346
74 475 74
70 532 70
58 435 58
410 860 410
202 402 202
365 647 358
585 695 578
456 1012 450
79 211 74
951 1021 946
34 301 34
467 1011 462
487 586 482
95 734 90
34 570 34
354 826 354
388 804 382
162 407 162
244 947 238
254 823 254
330 473 330
260 659 254
262 304 262
465 786 458
666 936 666
97 803 90
308 946 302
619 770 614
38 175 38
329 702 322
145 591 138
150 556 150
808 923 802
800 853 794
853 957 846
269 446 262
223 472 218
387 727 382
831 1002 826
549 928 542
362 509 362
187 346 182
667 932 662
6 49 6
362 598 362
6 646 6
766 864 766
79 928 74
904 978 898
618 776 618
49 955 42
419 934 414
108 992 102
234 245 234
671 813 666
101 364 94
999 1018 994
395 444 390
493 648 486
247 993 242
13 673 6
584 842 578
543 812 538
268 520 262
920 1023 914
60 741 54
324 528 318
324 948 318
865 895 858
530 926 530
710 784 710
361 911 354
594 676 594
311 935 306
787 916 782
680 881 674
158 541 158
864 879 858
189 815 182
585 600 578
883 910 878
298 379 298
130 147 130
30 87 30
12 808 6
198 436 198
553 746 546
130 244 130
374 435 374
752 767 746
52 993 46
34 424 34
83 792 78
802 939 802
139 486 134
85 796 78
472 1005 466
860 915 854
156 481 150
694 742 694
301 794 294
476 851 470
455 492 450
587 661 582
322 965 322
90 269 90
829 892 822
491 903 486
55 624 50
206 785 206
612 983 606
44 1003 38
217 760 210
850 981 850
561 1021 554
945 1009 938
262 314 262
628 746 622
795 847 790
39 629 34
90 729 90
154 524 154
99 407 94
223 670 218
787 876 782
338 648 338
622 841 622
64 390 58
846 915 846
445 716 438
162 191 162
263 731 258
623 957 618
254 691 254
325 385 318
139 331 134
266 413 266
789 1001 782
164 342 158
42 904 42
203 964 198
124 445 118
354 772 354
55 104 50
199 603 194
342 729 342
103 482 98
249 827 242
522 862 522
422 658 422
39 734 34
229 369 222
476 973 470
15 452 10
361 714 354
262 387 262
120 228 114
242 640 242
546 746 546
784 1020 778
131 836 126
870 887 870
309 477 302
90 845 90
414 643 414
134 507 134
114 903 114
262 438 262
596 606 590
892 1006 886
126 703 126
112 163 106
46 864 46
40 725 34
833 955 826
704 752 698
740 1014 734
370 826 370
655 901 650
108 200 102
78 405 78
932 979 926
265 358 258
670 712 670
312 345 306
170 970 170
724 951 718
674 1012 674
613 674 606
190 236 190
901 977 894
242 469 242
126 459 126
653 716 646
86 404 86
127 448 122
150 536 150
657 758 650
435 470 430
310 534 310
289 426 282
72 656 66
323 336 318
810 905 810
406 950 406
76 760 70
544 697 538
471 594 466
788 982 782
181 841 174
433 745 426
761 776 754
290 827 290
22 860 22
455 753 450
350 1012 350
262 991 262
177 345 170
161 862 154
370 374 370
490 534 490
492 703 486
74 233 74
318 390 318
230 922 230
16 780 10
541 653 534
90 268 90
525 881 518
60 992 54
7 841 2
776 854 770
3 773 1
60 376 54
239 287 234
314 685 314
1 336 1
338 492 338
286 383 286
213 402 206
22 741 22
124 746 118
6 445 6
466 973 466
206 474 206
99 633 94
232 421 226
127 850 122
50 155 50
230 287 230
111 907 106
641 665 634
787 882 782
252 876 246
956 958 950
27 733 22
180 198 174
147 183 142
588 989 582
348 735 342
99 191 94
398 776 398
282 423 282
111 769 106
518 812 518
47 968 42
458 737 458
46 188 46
123 748 118
113 300 106
514 899 514
233 680 226
125 868 118
192 602 186
502 597 502
108 593 102
471 894 466
459 533 454
174 549 174
151 672 146
907 992 902
674 1006 674
158 395 158
232 868 226
592 861 586
205 749 198
812 831 806
108 767 102
293 584 286
342 480 342
973 975 966
130 399 130
885 934 878
650 886 650
230 959 230
502 552 502
753 852 746
98 255 98
666 674 666
339 551 334
688 824 682
387 921 382
414 795 414
258 768 258
864 895 858
280 615 274
509 882 502
381 475 374
28 881 22
498 763 498
694 797 694
38 521 38
405 943 398
194 898 194
64 80 58
31 170 26
162 347 162
763 952 758
190 878 190
941 968 934
348 976 342
130 462 130
984 992 978
740 769 734
26 50 26
694 934 694
454 998 454
61 557 54
431 886 426
514 910 514
340 791 334
513 994 506
60 304 54
145 153 138
454 542 454
570 750 570
936 976 930
258 872 258
14 144 14
353 840 346
63 186 58
26 825 26
192 313 186
548 881 542
614 700 614
397 685 390
911 1016 906
861 866 854
338 444 338
365 746 358
142 372 142
465 1001 458
190 528 190
446 598 446
421 434 414
317 912 310
698 745 698
429 505 422
645 894 638
102 799 102
30 356 30
842 993 842
200 732 194
86 405 86
336 506 330
337 811 330
118 252 118
829 851 822
242 500 242
346 940 346
564 699 558
70 345 70
964 980 958
763 775 758
74 86 74
293 647 286
2 839 2
38 483 38
794 965 794
58 583 58
380 715 374
367 482 362
181 893 174
637 698 630
836 1008 830
577 617 570
905 921 898
345 496 338
148 931 142
39 414 34
379 938 374
358 815 358
318 368 318
52 627 46
93 294 86
76 446 70
123 340 118
254 647 254
585 746 578
53 1002 46
722 879 722
672 815 666
546 936 546
138 445 138
768 855 762
898 963 898
957 959 950
256 941 250
437 496 430
59 632 54
399 855 394
315 424 310
739 766 734
741 781 734
16 88 10
330 732 330
743 846 738
129 739 122
551 872 546
516 693 510
388 631 382
722 850 722
195 562 190
108 304 102
86 654 86
460 849 454
348 460 342
262 496 262
763 946 758
56 292 50
618 698 618
895 972 890
1008 1014 1002
148 915 142
50 111 50
412 516 406
793 937 786
790 898 790
828 899 822
612 1005 606
133 768 126
210 291 210
540 670 534
2 289 2
126 693 126
396 978 390
322 777 322
952 971 946
446 530 446
141 152 134
245 372 238
590 636 590
199 700 194
472 515 466
58 87 58
70 97 70
282 313 282
48 667 42
541 860 534
884 888 878
118 213 118
82 385 82
187 994 182
497 758 490
715 1017 710
178 201 178
558 992 558
171 662 166
249 503 242
465 979 458
138 151 138
739 952 734
75 758 70
440 926 434
38 359 38
91 751 86
843 891 838
951 996 946
3 419 1
339 938 334
595 870 590
657 737 650
681 937 674
105 551 98
422 677 422
517 865 510
342 642 342
86 985 86
30 373 30
306 534 306
164 310 158
883 915 878
763 962 758
17 476 10
361 926 354
847 966 842
721 904 714
198 264 198
137 847 130
774 907 774
573 1019 566
839 856 834
894 998 894
779 807 774
417 952 410
318 326 318
767 870 762
929 1023 922
114 731 114
271 291 266
37 572 30
84 590 78
51 690 46
370 594 370
610 741 610
214 232 214
424 718 418
587 898 582
620 646 614
250 709 250
164 479 158
906 977 906
425 467 418
338 405 338
860 943 854
973 1011 966
641 733 634
593 888 586
665 772 658
332 621 326
866 939 866
138 355 138
901 954 894
410 555 410
693 921 686
208 513 202
405 455 398
50 282 50
493 882 486
128 421 122
2 109 2
532 703 526
14 75 14
259 543 254
704 711 698
381 866 374
103 471 98
112 124 106
170 325 170
24 823 18
963 979 958
185 585 178
30 577 30
527 903 522
9 703 2
219 953 214
608 678 602
514 983 514
461 536 454
285 525 278
188 242 182
521 1016 514
232 355 226
147 1012 142
445 868 438
951 1001 946
201 523 194
61 765 54
410 558 410
50 81 50
454 733 454
100 203 94
290 441 290
273 290 266
186 622 186
618 693 618
40 129 34
358 803 358
20 102 14
218 229 218
213 874 206
102 519 102
756 933 750
542 651 542
70 895 70
210 835 210
161 329 154
422 457 422
208 536 202
680 711 674
403 686 398
2 58 2
933 1005 926
390 811 390
16 901 10
354 395 354
10 350 10
180 844 174
104 280 98
580 657 574
664 976 658
410 529 410
657 970 650
54 169 54
296 387 290
440 588 434
142 625 142
462 701 462
186 251 186
292 752 286
624 684 618
306 842 306
198 601 198
180 331 174
355 632 350
674 1000 674
659 716 654
130 216 130
217 451 210
442 858 442
896 1004 890
210 694 210
634 821 634
55 68 50
16 902 10
609 907 602
279 487 274
496 919 490
38 108 38
872 894 866
719 818 714
230 492 230
840 908 834
823 1006 818
282 399 282
163 491 158
174 320 174
302 743 302
80 149 74
109 339 102
537 1011 530
86 564 86
398 743 398
266 375 266
375 572 370
273 450 266
155 977 150
228 573 222
352 370 346
525 596 518
282 490 282
736 1021 730
24 819 18
24 1021 18
684 723 678
11 404 6
86 554 86
795 935 790
354 767 354
811 884 806
18 615 18
278 821 278
870 912 870
325 495 318
440 948 434
658 826 658
743 902 738
931 1017 926
114 744 114
18 102 18
763 846 758
14 95 14
844 995 838
46 586 46
383 635 378
534 620 534
163 579 158
322 540 322
395 747 390
754 932 754
272 486 266
69 682 62
437 593 430
431 746 426
269 860 262
82 945 82
179 268 174
546 584 546
382 1001 382
273 691 266
619 671 614
262 351 262
756 805 750
295 454 290
367 831 362
362 676 362
776 915 770
647 660 642
732 849 726
586 827 586
438 657 438
215 959 210
372 876 366
245 897 238
26 115 26
871 1021 866
330 981 330
143 1017 138
10 453 10
64 122 58
604 921 598
394 590 394
534 546 534
409 755 402
546 628 546
526 897 526
175 489 170
534 710 534
254 283 254
18 135 18
201 833 194
414 618 414
437 632 430
154 562 154
566 891 566
100 670 94
413 917 406
34 73 34
326 797 326
714 921 714
243 410 238
102 342 102
146 222 146
968 1014 962
795 901 790
305 671 298
158 660 158
630 872 630
681 717 674
137 284 130
193 743 186
864 977 858
526 567 526
550 932 550
134 205 134
182 433 182
541 887 534
766 801 766
613 686 606
414 428 414
126 268 126
110 701 110
160 396 154
221 330 214
375 778 370
921 1023 914
438 695 438
338 495 338
540 862 534
294 657 294
8 1001 2
62 170 62
265 783 258
558 764 558
410 513 410
214 489 214
243 632 238
839 952 834
745 892 738
919 1009 914
47 364 42
819 983 814
549 815 542
175 613 170
166 220 166
548 873 542
61 718 54
66 72 66
294 500 294
352 440 346
718 835 718
552 884 546
611 928 606
605 844 598
49 965 42
214 561 214
768 867 762
274 396 274
139 624 134
605 745 598
959 1023 954
395 698 390
148 286 142
903 985 898
262 295 262
139 799 134
239 392 234
315 368 310
10 98 10
690 734 690
639 944 634
1 77 1
171 719 166
586 962 586
338 842 338
476 656 470
249 924 242
154 210 154
280 996 274
134 500 134
294 372 294
106 760 106
67 1016 62
554 624 554
36 801 30
310 723 310
336 841 330
620 801 614
361 593 354
769 930 762
330 728 330
212 603 206
673 682 666
864 955 858
377 703 370
643 996 638
352 615 346
88 148 82
490 539 490
414 807 414
155 556 150
184 392 178
72 784 66
335 578 330
219 690 214
254 758 254
494 858 494
302 510 302
230 398 230
122 198 122
518 944 518
633 733 626
885 944 878
6 94 6
337 544 330
869 929 862
737 740 730
829 891 822
392 787 386
441 819 434
276 970 270
393 992 386
486 752 486
122 995 122
346 828 346
556 944 550
34 695 34
562 608 562
78 107 78
485 944 478
476 808 470
498 622 498
242 361 242
174 502 174
142 319 142
639 969 634
293 732 286
510 597 510
231 695 226
236 656 230
317 645 310
329 371 322
255 479 250
177 513 170
259 648 254
178 838 178
205 507 198
109 246 102
434 720 434
186 387 186
202 316 202
2 896 2
296 512 290
142 514 142
869 883 862
482 836 482
23 471 18
136 346 130
684 738 678
506 746 506
200 326 194
452 915 446
123 562 118
485 926 478
187 1008 182
217 848 210
302 454 302
320 402 314
338 1007 338
567 869 562
290 444 290
438 669 438
796 1020 790
152 348 146
225 267 218
281 660 274
107 492 102
7 519 2
98 258 98
190 428 190
225 405 218
567 697 562
105 859 98
275 626 270
625 787 618
218 633 218
797 846 790
801 803 794
13 459 6
121 675 114
817 925 810
482 711 482
488 860 482
178 286 178
529 836 522
477 503 470
135 995 130
262 746 262
720 730 714
606 888 606
244 442 238
182 513 182
314 633 314
549 638 542
404 904 398
517 861 510
395 458 390
565 992 558
22 289 22
206 259 206
82 298 82
45 879 38
433 802 426
9 232 2
624 971 618
439 917 434
129 686 122
673 731 666
118 335 118
201 338 194
804 934 798
126 517 126
226 275 226
219 963 214
440 737 434
205 977 198
422 736 422
14 831 14
134 973 134
38 364 38
903 968 898
294 356 294
1 95 1
227 750 222
711 1012 706
126 828 126
401 947 394
244 737 238
137 624 130
130 344 130
98 349 98
85 752 78
662 891 662
814 896 814
745 977 738
243 513 238
214 462 214
186 961 186
818 1010 818
604 922 598
450 972 450
899 913 894
410 757 410
305 613 298
768 917 762
97 275 90
146 826 146
665 732 658
134 145 134
150 348 150
116 815 110
479 853 474
326 719 326
139 957 134
868 1008 862
378 482 378
481 845 474
11 403 6
57 911 50
323 369 318
342 576 342
702 728 702
728 874 722
431 954 426
657 903 650
278 563 278
127 786 122
341 771 334
95 784 90
643 700 638
936 945 930
137 390 130
889 934 882
29 170 22
3 629 1
57 735 50
864 881 858
202 778 202
949 981 942
197 417 190
188 940 182
594 1015 594
384 573 378
953 1023 946
810 999 810
94 565 94
318 429 318
194 631 194
226 238 226
642 1006 642
762 852 762
797 960 790
14 466 14
239 647 234
552 989 546
488 959 482
90 119 90
117 302 110
328 834 322
955 1009 950
620 774 614
370 626 370
256 1010 250
492 793 486
426 924 426
654 1002 654
895 961 890
355 431 350
81 571 74
630 934 630
10 45 10
400 476 394
723 827 718
3 29 1
797 863 790
154 279 154
156 426 150
303 930 298
443 1024 438
383 897 378
572 685 566
359 836 354
709 765 702
30 313 30
90 413 90
154 528 154
506 511 506
709 742 702
109 521 102
70 563 70
7 108 2
659 931 654
833 879 826
896 929 890
346 946 346
138 434 138
721 888 714
870 925 870
260 455 254
26 365 26
128 602 122
548 890 542
106 116 106
802 825 802
11 680 6
208 219 202
54 733 54
402 521 402
654 892 654
352 978 346
62 234 62
334 905 334
502 702 502
261 417 254
594 887 594
980 1000 974
539 566 534
842 974 842
194 366 194
151 935 146
38 372 38
265 315 258
412 743 406
751 931 746
162 547 162
26 116 26
395 968 390
192 421 186
863 966 858
280 891 274
182 553 182
134 764 134
485 902 478
362 575 362
660 984 654
636 711 630
535 865 530
987 992 982
205 1001 198
413 744 406
790 1014 790
686 796 686
108 698 102
635 751 630
862 969 862
177 237 170
78 132 78
453 793 446
154 614 154
454 535 454
758 773 758
414 717 414
195 589 190
578 989 578
393 481 386
310 896 310
605 833 598
760 971 754
47 134 42
823 990 818
245 731 238
215 786 210
645 788 638
164 242 158
2 128 2
82 247 82
50 865 50
45 277 38
606 679 606
658 967 658
66 269 66
952 954 946
188 654 182
558 847 558
103 952 98
190 698 190
531 1019 526
113 525 106
361 828 354
102 516 102
294 985 294
256 415 250
897 927 890
3 241 1
192 776 186
120 404 114
117 983 110
327 425 322
328 790 322
544 607 538
251 706 246
371 561 366
467 591 462
926 947 926
186 701 186
41 159 34
198 727 198
184 341 178
603 699 598
908 989 902
59 790 54
408 873 402
228 1018 222
39 610 34
292 940 286
65 869 58
189 708 182
98 179 98
826 832 826
589 690 582
519 984 514
69 779 62
241 582 234
115 853 110
512 850 506
202 323 202
322 1021 322
154 449 154
971 985 966
515 1001 510
493 517 486
487 971 482
349 478 342
727 965 722
525 675 518
717 988 710
717 872 710
579 853 574
96 784 90
323 878 318
844 874 838
327 518 322
106 291 106
470 656 470
514 954 514
900 991 894
69 356 62
724 775 718
764 981 758
248 448 242
945 1005 938
462 673 462
467 658 462
226 340 226
286 681 286
43 66 38
81 634 74
275 517 270
128 640 122
54 62 54
552 655 546
495 970 490
264 413 258
331 1015 326
267 767 262
840 1009 834
652 1000 646
346 740 346
873 1007 866
372 1021 366
426 494 426
550 1004 550
38 75 38
555 996 550
270 360 270
249 384 242
839 869 834
871 911 866
28 268 22
178 860 178
695 896 690
54 797 54
270 809 270
875 881 870
469 960 462
273 381 266
344 798 338
612 930 606
738 784 738
725 865 718
320 582 314
62 642 62
997 1000 990
160 295 154
406 484 406
310 706 310
411 490 406
367 734 362
632 719 626
71 771 66
185 808 178
843 998 838
380 675 374
844 991 838
692 806 686
1006 1023 1006
533 605 526
17 190 10
463 776 458
953 995 946
588 973 582
117 622 110
993 1017 986
754 784 754
47 323 42
130 697 130
14 847 14
142 859 142
14 44 14
748 859 742
532 648 526
118 976 118
433 1010 426
337 441 330
430 624 430
379 1017 374
127 627 122
228 810 222
294 540 294
511 762 506
844 870 838
795 918 790
306 549 306
177 614 170
287 407 282
279 793 274
150 991 150
289 871 282
369 829 362
770 998 770
274 289 274
309 691 302
652 852 646
740 809 734
724 751 718
682 1005 682
298 418 298
848 882 842
221 700 214
698 882 698
238 385 238
629 636 622
564 603 558
446 609 446
573 655 566
334 608 334
96 892 90
115 816 110
450 551 450
572 801 566
206 680 206
129 288 122
180 491 174
146 290 146
138 316 138
337 671 330
322 1011 322
194 601 194
767 794 762
730 786 730
110 276 110
305 448 298
265 891 258
735 863 730
6 145 6
1004 1019 998
801 877 794
399 508 394
764 779 758
167 443 162
290 381 290
320 630 314
473 783 466
325 512 318
157 295 150
230 414 230
385 979 378
343 470 338
599 993 594
302 563 302
301 618 294
398 504 398
987 997 982
126 560 126
587 725 582
229 273 222
57 693 50
557 574 550
186 280 186
270 543 270
47 544 42
8 423 2
130 994 130
20 873 14
344 994 338
56 438 50
72 929 66
518 766 518
333 946 326
663 1019 658
1005 1012 998
76 710 70
529 766 522
78 460 78
110 314 110
90 301 90
713 807 706
750 901 750
271 887 266
534 778 534
263 753 258
435 694 430
706 932 706
38 46 38
266 965 266
947 964 942
452 962 446
417 702 410
282 304 282
891 984 886
14 118 14
146 274 146
745 776 738
648 1020 642
262 870 262
138 982 138
543 970 538
970 994 970
33 82 26
29 89 22
346 765 346
130 962 130
792 961 786
483 735 478
432 465 426
496 951 490
126 253 126
55 377 50
795 995 790
732 914 726
86 110 86
238 738 238
418 1023 418
306 519 306
560 610 554
755 896 750
32 45 26
512 913 506
386 571 386
26 693 26
499 722 494
8 458 2
349 920 342
525 860 518
470 611 470
823 893 818
836 873 830
494 873 494
704 821 698
70 194 70
62 174 62
26 339 26
58 171 58
243 644 238
219 903 214
784 805 778
614 743 614
253 357 246
57 776 50
408 735 402
55 590 50
626 885 626
344 820 338
536 635 530
286 467 286
926 985 926
238 388 238
814 944 814
861 980 854
591 793 586
329 569 322
54 478 54
614 707 614
734 791 734
776 942 770
474 988 474
207 391 202
379 1006 374
695 886 690
570 859 570
450 513 450
237 572 230
437 765 430
50 779 50
810 1012 810
50 199 50
153 950 146
117 591 110
105 379 98
720 864 714
110 809 110
294 718 294
651 707 646
10 880 10
214 511 214
581 849 574
119 713 114
178 699 178
439 785 434
987 1008 982
335 563 330
330 371 330
92 510 86
340 639 334
334 878 334
10 68 10
47 909 42
388 849 382
952 966 946
170 303 170
186 566 186
130 424 130
174 978 174
252 741 246
673 726 666
174 562 174
224 644 218
335 635 330
176 255 170
38 539 38
3 343 1
398 960 398
669 774 662
244 465 238
834 867 834
378 392 378
66 335 66
444 552 438
18 583 18
853 856 846
634 970 634
266 471 266
394 975 394
633 753 626
203 226 198
595 909 590
86 301 86
14 797 14
384 578 378
272 387 266
311 418 306
270 526 270
747 948 742
39 269 34
235 992 230
34 800 34
779 1019 774
620 902 614
367 556 362
281 487 274
660 685 654
142 621 142
21 594 14
142 334 142
460 742 454
908 975 902
160 793 154
52 761 46
558 863 558
190 560 190
94 990 94
142 170 142
15 948 10
669 758 662
236 934 230
278 422 278
371 814 366
94 711 94
530 955 530
218 715 218
362 433 362
65 177 58
258 696 258
390 615 390
3 639 1
4 937 1
169 858 162
506 867 506
138 722 138
116 288 110
900 916 894
883 929 878
701 706 694
130 368 130
146 924 146
322 507 322
87 159 82
621 922 614
118 644 118
890 1009 890
123 520 118
165 362 158
327 791 322
400 828 394
103 336 98
145 776 138
449 526 442
47 242 42
820 928 814
414 891 414
317 951 310
732 773 726
548 750 542
880 949 874
22 911 22
18 167 18
206 296 206
8 702 2
273 499 266
2 37 2
94 135 94
595 995 590
254 265 254
486 501 486
356 735 350
300 394 294
110 909 110
154 976 154
66 264 66
101 146 94
69 904 62
343 860 338
140 472 134
126 187 126
454 517 454
385 499 378
803 852 798
940 1020 934
278 577 278
401 1000 394
175 283 170
587 910 582
206 330 206
594 892 594
860 947 854
648 894 642
803 809 798
482 614 482
327 497 322
330 812 330
374 723 374
424 622 418
661 917 654
320 846 314
222 648 222
299 526 294
374 811 374
673 1013 666
918 978 918
24 873 18
889 1018 882
336 1004 330
198 511 198
547 853 542
131 488 126
389 449 382
542 888 542
52 668 46
398 798 398
855 976 850
239 315 234
226 924 226
159 602 154
123 927 118
919 957 914
306 783 306
33 560 26
66 302 66
485 906 478
30 308 30
34 642 34
191 997 186
546 1020 546
645 759 638
96 1013 90
48 676 42
387 577 382
561 962 554
745 954 738
462 1015 462
433 861 426
370 622 370
434 451 434
36 65 30
548 859 542
137 471 130
737 818 730
171 982 166
985 1012 978
180 664 174
466 625 466
381 807 374
264 627 258
44 998 38
412 514 406
2 875 2
873 964 866
306 563 306
791 1013 786
267 284 262
157 857 150
414 714 414
136 404 130
678 948 678
110 132 110
54 79 54
740 844 734
89 166 82
30 945 30
329 604 322
4 561 1
838 1002 838
309 562 302
198 366 198
279 292 274
514 570 514
15 663 10
162 255 162
298 417 298
106 265 106
171 623 166
186 990 186
41 524 34
452 608 446
278 477 278
2 33 2
187 942 182
593 1017 586
337 589 330
157 983 150
223 413 218
927 985 922
176 401 170
170 735 170
212 286 206
249 960 242
338 422 338
141 325 134
62 333 62
746 998 746
66 612 66
166 961 166
228 396 222
797 888 790
562 797 562
198 566 198
90 212 90
559 653 554
783 862 778
126 348 126
286 436 286
261 263 254
242 332 242
245 981 238
859 912 854
231 1018 226
175 975 170
737 1001 730
57 612 50
43 485 38
297 967 290
176 399 170
159 497 154
873 1000 866
227 521 222
479 846 474
612 870 606
649 816 642
575 761 570
384 448 378
110 382 110
487 573 482
434 997 434
845 974 838
230 392 230
291 377 286
611 979 606
336 656 330
308 318 302
618 1019 618
668 947 662
809 996 802
1 157 1
769 966 762
22 76 22
29 79 22
50 57 50
731 938 726
892 900 886
587 715 582
190 729 190
105 729 98
601 957 594
499 855 494
38 463 38
831 907 826
2 163 2
313 439 306
399 422 394
72 353 66
94 408 94
318 377 318
274 502 274
312 773 306
556 635 550
458 643 458
524 907 518
400 593 394
311 891 306
315 457 310
119 145 114
54 267 54
512 814 506
886 993 886
422 914 422
162 184 162
442 936 442
330 797 330
957 1005 950
314 765 314
202 445 202
126 412 126
49 762 42
55 477 50
658 849 658
212 682 206
753 907 746
648 760 642
69 380 62
310 323 310
679 792 674
415 960 410
299 887 294
179 452 174
62 302 62
98 431 98
86 538 86
922 1013 922
507 849 502
258 798 258
86 198 86
921 925 914
174 220 174
297 520 290
118 149 118
261 952 254
238 859 238
439 902 434
466 489 466
927 980 922
687 721 682
208 587 202
477 988 470
184 505 178
657 726 650
141 301 134
222 338 222
307 338 302
444 727 438
56 735 50
845 935 838
456 830 450
387 849 382
281 587 274
19 24 14
21 211 14
103 556 98
683 756 678
228 656 222
237 240 230
72 172 66
288 760 282
833 994 826
1 880 1
142 607 142
8 594 2
834 968 834
380 793 374
369 382 362
475 975 470
166 577 166
114 567 114
291 331 286
553 598 546
609 770 602
677 1020 670
773 856 766
231 644 226
423 1003 418
728 1013 722
434 642 434
333 728 326
204 623 198
733 808 726
230 235 230
827 839 822
567 624 562
813 910 806
205 688 198
397 1023 390
36 390 30
166 274 166
98 247 98
871 977 866
859 955 854
814 946 814
112 593 106
226 803 226
512 581 506
262 291 262
70 464 70
384 615 378
559 712 554
182 398 182
565 954 558
219 675 214
258 564 258
2 246 2
486 644 486
656 857 650
90 317 90
418 855 418
862 1016 862
202 387 202
939 1004 934
189 341 182
272 404 266
576 729 570
570 648 570
857 877 850
642 978 642
550 633 550
593 1011 586
541 738 534
225 333 218
6 74 6
386 950 386
351 882 346
3 972 1
837 978 830
118 327 118
988 1017 982
46 295 46
398 785 398
508 856 502
38 687 38
95 291 90
134 533 134
162 686 162
250 402 250
422 548 422
174 190 174
375 1002 370
30 180 30
916 1009 910
646 829 646
21 792 14
9 689 2
754 783 754
851 933 846
781 969 774
518 741 518
467 972 462
177 813 170
398 932 398
472 735 466
534 604 534
568 606 562
735 1008 730
242 729 242
988 999 982
39 898 34
811 873 806
620 810 614
213 786 206
178 630 178
492 994 486
30 278 30
847 919 842
122 143 122
430 1017 430
609 973 602
445 454 438
88 934 82
869 970 862
106 389 106
120 629 114
474 852 474
505 540 498
241 744 234
434 617 434
201 818 194
194 663 194
547 837 542
46 615 46
212 718 206
639 902 634
15 233 10
659 1019 654
41 99 34
241 315 234
234 684 234
112 538 106
349 725 342
333 707 326
722 801 722
14 397 14
45 885 38
190 958 190
258 423 258
45 921 38
958 991 958
97 880 90
365 564 358
468 550 462
619 694 614
467 1012 462
767 966 762
434 966 434
264 686 258
770 981 770
194 302 194
19 118 14
620 943 614
242 380 242
171 327 166
50 61 50
145 951 138
487 842 482
64 759 58
675 690 670
647 1018 642
338 952 338
466 695 466
567 844 562
14 289 14
253 775 246
322 895 322
719 886 714
494 662 494
425 625 418
310 324 310
423 853 418
618 659 618
461 603 454
850 944 850
295 772 290
488 697 482
656 742 650
212 982 206
171 695 166
695 999 690
354 435 354
587 735 582
150 451 150
190 709 190
469 703 462
351 671 346
21 1020 14
458 1008 458
584 749 578
206 495 206
194 534 194
90 547 90
847 979 842
371 766 366
859 867 854
627 838 622
83 878 78
589 762 582
370 812 370
530 662 530
98 922 98
290 500 290
490 636 490
662 943 662
515 951 510
54 73 54
775 939 770
732 960 726
30 875 30
330 861 330
372 455 366
84 549 78
277 359 270
215 430 210
214 265 214
50 70 50
702 981 702
350 422 350
128 192 122
563 865 558
940 1013 934
625 965 618
1000 1021 994
795 828 790
159 661 154
730 852 730
783 826 778
462 867 462
647 749 642
59 626 54
129 993 122
596 603 590
614 735 614
724 899 718
533 924 526
803 901 798
78 361 78
863 928 858
62 955 62
6 76 6
268 829 262
605 709 598
207 714 202
159 344 154
254 957 254
251 877 246
302 839 302
262 455 262
513 752 506
130 383 130
353 918 346
318 495 318
160 340 154
841 966 834
350 677 350
258 875 258
650 757 650
106 345 106
20 1017 14
777 780 770
113 855 106
225 769 218
380 522 374
284 627 278
896 1012 890
750 793 750
278 913 278
497 515 490
534 872 534
4 45 1
857 875 850
317 372 310
895 994 890
397 711 390
571 615 566
33 995 26
14 368 14
384 433 378
264 779 258
5 683 1
47 609 42
95 280 90
629 720 622
655 897 650
47 374 42
70 439 70
39 148 34
375 641 370
284 412 278
404 942 398
28 571 22
160 441 154
365 510 358
130 171 130
382 388 382
330 363 330
747 873 742
408 741 402
179 792 174
50 318 50
30 367 30
382 937 382
523 908 518
94 104 94
102 358 102
42 54 42
155 521 150
99 262 94
740 753 734
116 537 110
132 675 126
74 871 74
122 133 122
743 885 738
904 970 898
94 542 94
833 881 826
149 927 142
150 994 150
748 924 742
462 620 462
310 524 310
38 734 38
623 904 618
94 270 94
270 286 270
361 825 354
43 389 38
522 976 522
158 638 158
124 1012 118
2 420 2
253 471 246
34 836 34
297 629 290
142 227 142
757 901 750
19 819 14
448 1013 442
366 931 366
352 643 346
258 808 258
19 737 14
145 767 138
33 472 26
549 711 542
905 920 898
10 60 10
355 481 350
458 701 458
149 361 142
3 402 1
774 781 774
186 714 186
203 536 198
38 612 38
38 110 38
130 898 130
1000 1024 994
547 983 542
66 779 66
122 1021 122
166 386 166
341 596 334
655 859 650
321 642 314
4 560 1
482 777 482
224 966 218
660 707 654
991 1019 986
136 376 130
33 680 26
755 891 750
178 887 178
633 768 626
995 1015 990
238 268 238
734 877 734
530 764 530
915 1014 910
427 606 422
226 249 226
271 943 266
884 915 878
861 975 854
508 521 502
424 780 418
649 667 642
269 604 262
674 817 674
212 673 206
208 691 202
178 280 178
21 886 14
543 908 538
158 921 158
203 513 198
658 896 658
162 280 162
58 622 58
126 503 126
300 368 294
348 617 342
464 675 458
899 1004 894
153 694 146
960 1011 954
14 39 14
481 915 474
395 1006 390
941 974 934
371 741 366
442 795 442
96 871 90
500 562 494
685 898 678
952 974 946
310 371 310
649 696 642
590 682 590
555 686 550
468 744 462
439 1002 434
664 770 658
32 981 26
162 192 162
100 995 94
186 831 186
77 604 70
608 854 602
721 909 714
463 482 458
863 866 858
395 650 390
681 966 674
290 1001 290
59 323 54
278 322 278
410 664 410
150 561 150
75 235 70
117 592 110
262 617 262
490 942 490
508 708 502
188 824 182
258 708 258
700 745 694
687 777 682
290 325 290
10 893 10
298 529 298
766 844 766
230 886 230
517 645 510
844 1017 838
32 88 26
609 660 602
510 793 510
302 698 302
14 358 14
165 198 158
836 860 830
26 663 26
468 492 462
254 897 254
271 743 266
830 1010 830
130 356 130
404 572 398
182 577 182
227 449 222
222 490 222
81 312 74
393 957 386
293 411 286
317 902 310
352 929 346
72 515 66
44 125 38
329 391 322
178 483 178
18 231 18
779 968 774
198 322 198
130 180 130
122 228 122
510 668 510
75 648 70
214 312 214
594 825 594
601 763 594
635 881 630
761 783 754
696 1004 690
327 675 322
912 922 906
194 386 194
975 1011 970
262 544 262
140 256 134
86 556 86
334 354 334
383 798 378
134 212 134
182 211 182
784 883 778
338 610 338
162 883 162
391 873 386
386 540 386
2 220 2
974 1002 974
564 909 558
267 905 262
182 267 182
607 1014 602
28 832 22
76 728 70
31 686 26
206 349 206
388 827 382
118 851 118
94 381 94
172 855 166
742 751 742
605 953 598
603 799 598
851 857 846
277 423 270
671 912 666
819 842 814
490 943 490
41 813 34
75 604 70
22 458 22
506 533 506
402 730 402
642 854 642
88 983 82
393 839 386
89 342 82
43 215 38
192 877 186
254 1012 254
1 43 1
380 542 374
938 950 938
154 962 154
30 217 30
46 492 46
1001 1007 994
182 241 182
422 504 422
154 278 154
789 916 782
536 639 530
106 169 106
276 290 270
950 989 950
150 285 150
491 748 486
130 488 130
5 605 1
38 875 38
160 969 154
42 82 42
94 507 94
174 424 174
151 871 146
368 812 362
502 771 502
120 848 114
301 995 294
47 916 42
243 676 238
660 815 654
644 792 638
660 845 654
612 670 606
158 422 158
634 925 634
11 277 6
411 530 406
805 1011 798
253 469 246
141 520 134
563 818 558
591 716 586
795 842 790
621 939 614
462 533 462
166 971 166
855 1007 850
246 1003 246
496 914 490
147 577 142
224 448 218
314 894 314
150 424 150
234 417 234
16 976 10
404 492 398
62 324 62
298 543 298
298 324 298
351 896 346
390 665 390
102 399 102
58 112 58
592 745 586
266 346 266
106 346 106
174 977 174
892 1004 886
443 918 438
255 922 250
627 714 622
66 86 66
254 919 254
254 938 254
776 1000 770
83 520 78
487 538 482
340 656 334
704 768 698
342 969 342
150 526 150
42 721 42
394 595 394
161 699 154
19 692 14
10 206 10
178 281 178
352 355 346
242 440 242
62 578 62
645 771 638
290 573 290
222 624 222
606 717 606
150 948 150
34 937 34
20 601 14
35 768 30
559 655 554
663 888 658
88 641 82
54 142 54
75 690 70
228 402 222
250 298 250
278 568 278
741 745 734
863 932 858
760 784 754
430 574 430
686 928 686
565 686 558
813 877 806
38 61 38
246 450 246
67 1020 62
5 559 1
217 955 210
452 671 446
522 802 522
139 459 134
46 229 46
177 373 170
703 840 698
162 235 162
621 786 614
807 982 802
407 475 402
346 470 346
370 976 370
378 396 378
92 485 86
799 1013 794
422 708 422
94 186 94
170 263 170
302 612 302
166 174 166
768 937 762
355 448 350
748 926 742
54 81 54
335 686 330
691 809 686
324 985 318
237 929 230
812 981 806
940 1007 934
430 519 430
277 290 270
204 801 198
30 75 30
74 255 74
309 841 302
541 1015 534
230 692 230
634 719 634
338 650 338
386 396 386
702 772 702
176 471 170
120 197 114
312 513 306
347 928 342
227 442 222
82 906 82
560 956 554
260 391 254
162 419 162
788 891 782
98 227 98
748 971 742
62 430 62
316 911 310
200 521 194
276 592 270
130 616 130
704 776 698
54 535 54
657 742 650
142 419 142
236 261 230
374 884 374
116 735 110
628 796 622
782 898 782
317 787 310
234 274 234
227 487 222
236 805 230
151 699 146
122 790 122
891 954 886
254 839 254
148 273 142
50 260 50
430 733 430
591 832 586
387 759 382
745 972 738
663 669 658
11 576 6
77 986 70
984 986 978
567 969 562
64 274 58
292 1013 286
2 287 2
514 938 514
487 811 482
122 582 122
102 330 102
489 810 482
251 411 246
298 616 298
401 577 394
981 1020 974
737 902 730
132 252 126
589 716 582
306 473 306
376 583 370
711 904 706
201 277 194
40 156 34
279 929 274
760 940 754
562 987 562
408 449 402
146 153 146
110 193 110
266 615 266
265 458 258
219 304 214
166 234 166
535 871 530
348 955 342
52 90 46
6 659 6
56 634 50
6 162 6
118 560 118
373 766 366
162 319 162
588 647 582
571 681 566
206 446 206
83 445 78
290 808 290
102 128 102
23 367 18
761 971 754
877 932 870
955 974 950
50 145 50
172 716 166
211 605 206
353 945 346
623 1004 618
452 966 446
595 873 590
170 566 170
88 108 82
490 515 490
306 609 306
106 998 106
629 820 622
10 859 10
356 1015 350
446 511 446
114 622 114
762 987 762
645 776 638
789 891 782
292 866 286
357 394 350
46 217 46
2 12 2
969 995 962
134 240 134
220 790 214
779 958 774
558 988 558
389 475 382
6 981 6
232 445 226
467 702 462
366 856 366
354 575 354
206 915 206
130 135 130
34 91 34
813 982 806
34 512 34
391 524 386
280 664 274
120 704 114
93 175 86
673 760 666
358 496 358
270 613 270
69 1003 62
363 517 358
904 944 898
504 571 498
570 960 570
182 471 182
407 736 402
388 394 382
370 630 370
442 461 442
543 714 538
15 202 10
637 717 630
53 314 46
254 739 254
118 725 118
955 976 950
624 765 618
222 451 222
174 690 174
330 675 330
357 856 350
270 474 270
239 942 234
342 971 342
157 166 150
365 833 358
112 828 106
675 857 670
250 639 250
278 302 278
141 165 134
98 734 98
147 833 142
619 939 614
407 673 402
476 521 470
871 955 866
627 877 622
156 168 150
703 969 698
199 558 194
110 912 110
384 983 378
717 963 710
370 391 370
265 805 258
290 480 290
775 880 770
66 182 66
154 409 154
601 853 594
670 940 670
759 993 754
571 580 566
580 958 574
100 499 94
38 270 38
117 507 110
87 512 82
546 901 546
465 791 458
100 814 94
853 1000 846
844 876 838
258 293 258
46 132 46
274 437 274
66 74 66
824 921 818
647 792 642
539 610 534
41 886 34
479 542 474
668 909 662
94 568 94
915 933 910
995 1013 990
381 440 374
269 301 262
615 989 610
945 1023 938
302 783 302
870 879 870
64 547 58
113 903 106
167 632 162
845 988 838
34 268 34
44 346 38
340 646 334
481 795 474
138 150 138
609 729 602
14 571 14
286 1024 286
372 566 366
817 832 810
94 871 94
276 383 270
398 434 398
584 696 578
86 159 86
418 443 418
334 840 334
76 838 70
244 641 238
278 808 278
237 482 230
757 962 750
65 919 58
746 768 746
114 629 114
37 794 30
56 732 50
85 358 78
222 811 222
274 448 274
464 711 458
54 68 54
315 320 310
266 642 266
472 609 466
152 351 146
904 952 898
186 235 186
62 319 62
732 988 726
315 907 310
866 900 866
143 431 138
248 529 242
334 483 334
290 338 290
204 696 198
206 395 206
338 622 338
346 993 346
493 676 486
46 81 46
274 620 274
477 1020 470
20 1007 14
98 109 98
332 430 326
98 128 98
150 154 150
124 921 118
527 806 522
964 987 958
557 826 550
18 241 18
97 663 90
170 267 170
593 709 586
238 528 238
961 989 954
433 936 426
19 892 14
701 876 694
839 1024 834
93 162 86
195 990 190
659 990 654
467 981 462
801 985 794
687 740 682
302 829 302
29 930 22
515 841 510
298 721 298
199 494 194
675 929 670
889 966 882
181 623 174
540 583 534
90 656 90
725 851 718
475 844 470
650 996 650
278 750 278
916 918 910
124 884 118
34 170 34
470 475 470
202 257 202
213 912 206
107 499 102
570 633 570
358 435 358
6 601 6
150 277 150
519 927 514
797 919 790
289 559 282
266 429 266
432 474 426
206 886 206
943 1002 938
711 755 706
926 964 926
6 621 6
520 958 514
465 818 458
811 849 806
266 359 266
354 616 354
405 714 398
71 997 66
330 412 330
459 697 454
827 913 822
605 945 598
99 905 94
11 280 6
468 514 462
199 301 194
84 153 78
346 375 346
375 718 370
628 771 622
436 872 430
329 1003 322
254 951 254
867 943 862
677 826 670
181 407 174
891 1001 886
148 1007 142
8 375 2
37 724 30
277 323 270
117 999 110
336 789 330
682 874 682
35 180 30
941 978 934
47 396 42
607 613 602
533 855 526
453 522 446
406 536 406
559 922 554
518 707 518
218 315 218
28 420 22
281 776 274
516 903 510
46 68 46
812 963 806
407 557 402
96 416 90
538 932 538
302 951 302
166 276 166
712 951 706
619 972 614
377 659 370
114 858 114
231 1000 226
112 853 106
341 533 334
205 517 198
632 811 626
49 241 42
103 133 98
204 990 198
667 945 662
165 517 158
746 845 746
565 588 558
796 970 790
331 912 326
110 154 110
395 867 390
800 933 794
988 1008 982
471 873 466
665 1010 658
118 164 118
246 260 246
142 576 142
6 227 6
296 942 290
831 987 826
764 898 758
133 299 126
358 868 358
224 545 218
198 419 198
324 467 318
334 362 334
901 917 894
398 996 398
82 427 82
81 700 74
314 437 314
114 140 114
961 995 954
455 648 450
119 489 114
231 855 226
69 76 62
377 936 370
586 958 586
266 301 266
389 409 382
178 1013 178
333 854 326
418 787 418
120 152 114
197 1004 190
46 868 46
62 74 62
418 748 418
1 551 1
135 705 130
4 329 1
617 774 610
90 1004 90
220 688 214
74 128 74
232 698 226
602 655 602
24 84 18
318 617 318
330 422 330
304 905 298
606 841 606
572 727 566
398 804 398
306 616 306
262 731 262
157 972 150
490 676 490
654 781 654
66 127 66
384 804 378
14 60 14
290 499 290
229 261 222
78 426 78
210 278 210
408 775 402
649 958 642
238 996 238
695 756 690
591 626 586
145 701 138
837 1004 830
273 1004 266
322 378 322
200 240 194
780 964 774
432 548 426
267 412 262
223 661 218
468 546 462
425 702 418
19 338 14
42 111 42
409 929 402
70 521 70
628 1017 622
34 673 34
102 210 102
235 968 230
330 590 330
833 902 826
42 520 42
103 579 98
38 826 38
186 204 186
700 802 694
202 297 202
92 821 86
582 800 582
2 26 2
427 1017 422
486 963 486
343 656 338
594 709 594
288 806 282
656 950 650
26 70 26
234 923 234
126 252 126
701 937 694
692 738 686
614 877 614
497 986 490
223 639 218
207 524 202
236 955 230
355 563 350
26 512 26
646 836 646
250 799 250
250 490 250
198 268 198
470 779 470
380 825 374
413 526 406
51 223 46
81 194 74
189 284 182
576 764 570
447 1021 442
148 751 142
185 970 178
210 360 210
126 328 126
607 867 602
549 555 542
177 836 170
262 367 262
171 661 166
365 498 358
158 341 158
14 703 14
101 434 94
10 39 10
61 301 54
612 688 606
402 801 402
57 786 50
90 133 90
518 787 518
167 293 162
312 764 306
230 317 230
745 747 738
408 812 402
71 445 66
382 723 382
24 964 18
942 1009 942
778 909 778
98 198 98
454 901 454
605 869 598
412 441 406
105 453 98
536 889 530
703 998 698
298 668 298
36 566 30
344 647 338
58 225 58
336 399 330
564 995 558
506 613 506
728 958 722
109 953 102
57 101 50
321 913 314
246 283 246
130 533 130
627 630 622
298 564 298
539 770 534
510 930 510
803 858 798
351 810 346
244 572 238
225 749 218
50 378 50
78 121 78
315 918 310
763 811 758
640 857 634
772 942 766
989 1006 982
19 346 14
330 631 330
16 905 10
435 888 430
260 695 254
119 558 114
214 402 214
589 895 582
792 1018 786
148 905 142
614 762 614
614 795 614
42 463 42
731 794 726
780 907 774
67 705 62
113 505 106
178 469 178
124 655 118
795 803 790
534 1007 534
62 881 62
410 819 410
600 928 594
130 968 130
178 215 178
663 707 658
963 1010 958
526 794 526
54 491 54
452 807 446
556 891 550
575 647 570
14 477 14
390 869 390
29 264 22
361 905 354
202 839 202
626 974 626
725 768 718
713 851 706
382 1004 382
296 754 290
937 1024 930
263 814 258
209 774 202
120 235 114
22 290 22
78 680 78
289 750 282
686 750 686
165 562 158
827 1001 822
447 655 442
933 975 926
719 755 714
146 583 146
66 222 66
680 813 674
190 950 190
685 703 678
526 864 526
417 843 410
446 612 446
381 650 374
374 995 374
318 1000 318
105 479 98
248 854 242
266 650 266
282 566 282
423 736 418
374 839 374
330 527 330
1004 1020 998
122 558 122
543 657 538
392 714 386
78 512 78
409 656 402
957 998 950
218 983 218
984 1006 978
580 620 574
594 991 594
658 1002 658
296 384 290
14 426 14
298 346 298
639 922 634
936 1019 930
654 925 654
361 780 354
265 1016 258
102 515 102
473 487 466
786 790 786
44 654 38
923 948 918
65 252 58
54 458 54
712 905 706
370 806 370
436 896 430
348 647 342
313 765 306
418 616 418
283 1006 278
248 1004 242
191 677 186
663 885 658
745 906 738
324 623 318
616 753 610
264 900 258
484 917 478
402 660 402
815 933 810
87 404 82
412 580 406
122 307 122
382 1000 382
182 305 182
801 1017 794
868 931 862
262 618 262
827 888 822
892 902 886
485 841 478
601 645 594
118 254 118
684 864 678
745 983 738
62 555 62
242 887 242
163 872 158
11 153 6
848 942 842
94 136 94
46 867 46
138 741 138
940 948 934
390 438 390
132 756 126
21 431 14
146 803 146
69 509 62
590 992 590
549 865 542
883 1018 878
9 255 2
317 804 310
124 962 118
247 497 242
177 908 170
236 927 230
318 963 318
46 701 46
351 736 346
580 721 574
150 340 150
596 716 590
153 343 146
14 770 14
390 535 390
747 1001 742
117 566 110
411 659 406
54 959 54
193 199 186
38 242 38
278 831 278
234 381 234
640 1005 634
59 77 54
214 536 214
105 885 98
642 929 642
434 732 434
656 946 650
118 689 118
284 950 278
426 714 426
551 838 546
175 672 170
287 440 282
19 323 14
323 501 318
181 244 174
62 615 62
99 485 94
294 622 294
146 229 146
179 252 174
415 688 410
215 383 210
522 694 522
85 600 78
176 294 170
33 199 26
145 364 138
65 371 58
566 779 566
348 760 342
924 1004 918
524 774 518
140 713 134
866 946 866
648 839 642
650 683 650
287 637 282
306 429 306
62 748 62
108 696 102
217 821 210
314 339 314
984 1012 978
21 220 14
278 566 278
113 706 106
585 807 578
190 697 190
796 915 790
531 622 526
823 898 818
610 854 610
903 940 898
158 290 158
487 572 482
350 557 350
510 649 510
594 687 594
370 681 370
76 779 70
363 906 358
2 817 2
216 1008 210
434 752 434
577 984 570
34 363 34
176 480 170
2 871 2
496 922 490
7 994 2
635 730 630
633 718 626
442 785 442
702 846 702
303 742 298
952 968 946
390 444 390
726 955 726
666 677 666
460 721 454
264 909 258
48 544 42
533 795 526
630 775 630
769 924 762
269 703 262
954 966 954
600 870 594
799 854 794
168 974 162
150 369 150
613 732 606
692 718 686
338 742 338
27 987 22
477 631 470
396 469 390
58 95 58
707 981 702
29 96 22
620 1019 614
229 752 222
222 367 222
442 624 442
836 855 830
719 786 714
42 304 42
371 594 366
479 634 474
445 598 438
66 578 66
464 965 458
503 989 498
286 706 286
50 592 50
346 477 346
202 733 202
164 267 158
438 624 438
497 645 490
323 598 318
317 864 310
757 823 750
461 849 454
691 856 686
426 517 426
371 721 366
270 569 270
899 909 894
62 273 62
974 991 974
218 312 218
421 790 414
188 985 182
725 882 718
235 512 230
362 968 362
525 773 518
438 601 438
388 718 382
968 979 962
29 366 22
857 921 850
347 598 342
436 832 430
310 601 310
133 375 126
122 183 122
580 641 574
286 694 286
712 997 706
194 201 194
913 988 906
273 785 266
207 537 202
313 696 306
358 405 358
680 742 674
282 310 282
285 428 278
4 215 1
466 724 466
73 787 66
146 386 146
383 972 378
70 75 70
747 969 742
46 85 46
295 832 290
92 465 86
30 206 30
342 582 342
336 957 330
362 732 362
228 903 222
679 682 674
220 800 214
278 486 278
63 634 58
160 668 154
491 996 486
508 970 502
799 839 794
299 674 294
185 238 178
447 554 442
676 889 670
586 865 586
686 694 686
783 829 778
785 876 778
1013 1017 1006
747 752 742
252 987 246
62 286 62
41 623 34
409 411 402
74 669 74
953 981 946
31 817 26
2 353 2
571 795 566
124 706 118
250 545 250
549 929 542
478 996 478
653 717 646
357 558 350
126 274 126
195 333 190
439 562 434
630 713 630
406 1019 406
546 607 546
610 1017 610
715 945 710
520 835 514
72 373 66
869 1019 862
598 702 598
157 957 150
609 1007 602
713 918 706
24 494 18
682 793 682
245 802 238
214 742 214
56 140 50
129 990 122
869 911 862
102 684 102
742 859 742
739 896 734
262 536 262
227 312 222
82 742 82
382 462 382
20 275 14
373 674 366
14 133 14
735 902 730
137 196 130
248 724 242
215 826 210
615 841 610
861 970 854
646 951 646
215 399 210
661 976 654
321 842 314
803 892 798
635 949 630
90 934 90
580 690 574
390 992 390
114 705 114
58 123 58
227 310 222
11 393 6
947 1006 942
419 917 414
426 819 426
735 967 730
268 847 262
184 545 178
35 580 30
120 350 114
509 760 502
271 730 266
272 712 266
192 240 186
246 624 246
194 539 194
287 478 282
30 726 30
777 845 770
169 326 162
480 743 474
553 745 546
600 761 594
570 623 570
582 996 582
113 812 106
484 1007 478
305 846 298
670 733 670
40 313 34
347 658 342
176 874 170
58 273 58
654 826 654
78 677 78
38 440 38
581 867 574
746 781 746
139 577 134
130 965 130
178 994 178
352 466 346
461 808 454
885 901 878
661 757 654
773 917 766
254 697 254
389 800 382
295 310 290
219 656 214
448 924 442
735 738 730
686 938 686
685 994 678
282 335 282
263 983 258
353 894 346
93 754 86
400 824 394
498 542 498
162 616 162
244 568 238
731 1023 726
997 1004 990
507 959 502
20 474 14
626 796 626
262 736 262
172 764 166
285 766 278
364 775 358
70 195 70
772 935 766
510 670 510
822 903 822
435 1006 430
39 398 34
489 658 482
496 1013 490
50 525 50
142 628 142
113 575 106
292 650 286
837 893 830
150 722 150
751 847 746
338 758 338
222 992 222
283 626 278
186 279 186
654 756 654
186 611 186
157 217 150
356 628 350
434 1016 434
342 451 342
98 299 98
71 489 66
38 434 38
880 994 874
455 712 450
813 869 806
152 867 146
329 786 322
335 871 330
358 1012 358
96 699 90
802 921 802
563 745 558
19 719 14
234 842 234
154 572 154
582 881 582
105 902 98
209 252 202
243 608 238
949 978 942
466 537 466
455 533 450
329 882 322
246 670 246
70 959 70
42 97 42
317 653 310
130 699 130
403 688 398
195 201 190
531 858 526
90 329 90
50 169 50
379 406 374
682 824 682
760 923 754
77 387 70
494 681 494
11 293 6
255 885 250
862 1024 862
893 969 886
532 875 526
443 978 438
338 668 338
349 705 342
666 820 666
214 513 214
326 481 326
354 456 354
182 923 182
377 765 370
134 317 134
508 768 502
528 822 522
59 973 54
326 999 326
337 745 330
430 902 430
556 897 550
134 428 134
952 964 946
280 568 274
254 867 254
38 107 38
2 668 2
515 737 510
386 799 386
592 687 586
618 664 618
527 975 522
50 128 50
521 832 514
70 687 70
825 987 818
641 803 634
303 556 298
708 869 702
170 801 170
322 682 322
24 516 18
254 844 254
174 240 174
278 651 278
564 800 558
261 687 254
296 522 290
695 937 690
166 496 166
282 343 282
343 349 338
662 725 662
398 995 398
487 877 482
174 801 174
104 549 98
149 714 142
531 649 526
201 926 194
779 966 774
551 814 546
390 878 390
265 777 258
504 714 498
433 918 426
461 988 454
92 723 86
270 673 270
296 888 290
458 541 458
785 888 778
812 924 806
342 932 342
62 235 62
650 831 650
143 552 138
574 689 574
90 854 90
102 311 102
638 868 638
592 950 586
378 709 378
345 827 338
816 825 810
6 187 6
494 690 494
106 719 106
759 801 754
124 875 118
249 369 242
84 1000 78
312 357 306
608 838 602
430 816 430
327 655 322
64 854 58
287 824 282
165 430 158
16 30 10
273 822 266
8 703 2
800 854 794
407 802 402
801 1023 794
354 669 354
132 333 126
29 604 22
338 937 338
452 999 446
171 339 166
295 838 290
307 461 302
66 434 66
499 944 494
9 278 2
6 677 6
100 294 94
224 449 218
54 416 54
656 700 650
115 990 110
621 870 614
372 458 366
414 556 414
477 531 470
820 841 814
855 1010 850
425 829 418
698 1017 698
82 471 82
190 220 190
54 711 54
527 923 522
74 160 74
134 200 134
4 466 1
562 916 562
331 434 326
2 308 2
45 155 38
574 788 574
258 482 258
166 259 166
728 966 722
793 1021 786
163 415 158
366 525 366
805 915 798
436 732 430
328 810 322
596 1011 590
981 1004 974
358 530 358
656 865 650
84 440 78
309 908 302
505 633 498
225 646 218
246 317 246
5 171 1
959 995 954
576 701 570
227 864 222
851 954 846
190 794 190
100 177 94
2 682 2
462 537 462
590 808 590
727 962 722
433 925 426
878 888 878
102 117 102
50 686 50
425 567 418
248 850 242
444 713 438
945 1010 938
30 454 30
378 436 378
222 812 222
771 946 766
642 809 642
832 882 826
95 1009 90
386 424 386
170 722 170
799 945 794
237 395 230
137 712 130
182 467 182
44 335 38
142 825 142
198 295 198
489 749 482
538 617 538
294 410 294
507 762 502
302 820 302
936 953 930
490 785 490
182 863 182
536 656 530
200 680 194
885 922 878
596 853 590
322 717 322
181 251 174
691 969 686
721 860 714
641 982 634
2 375 2
166 967 166
767 1012 762
574 711 574
62 718 62
348 718 342
334 660 334
486 887 486
418 788 418
142 964 142
487 711 482
111 115 106
108 941 102
482 565 482
885 947 878
789 902 782
35 831 30
233 381 226
482 664 482
222 271 222
764 847 758
81 947 74
709 965 702
780 808 774
179 527 174
414 443 414
728 799 722
93 614 86
813 992 806
35 859 30
521 880 514
877 974 870
607 812 602
462 1008 462
1 36 1
256 984 250
147 734 142
649 821 642
309 466 302
315 402 310
122 192 122
143 324 138
541 565 534
869 976 862
117 887 110
566 880 566
388 481 382
5 583 1
42 322 42
639 979 634
653 755 646
222 502 222
466 711 466
291 680 286
46 67 46
78 362 78
610 891 610
163 601 158
518 751 518
242 613 242
318 431 318
623 971 618
311 448 306
590 650 590
557 912 550
224 607 218
348 351 342
860 942 854
669 705 662
230 942 230
46 75 46
386 405 386
54 439 54
96 383 90
476 655 470
880 910 874
587 814 582
744 978 738
86 735 86
474 948 474
500 725 494
62 452 62
787 1014 782
304 549 298
134 376 134
528 534 522
854 884 854
474 941 474
436 826 430
66 659 66
3 938 1
705 921 698
68 183 62
604 615 598
271 334 266
661 699 654
892 894 886
498 687 498
213 663 206
1005 1023 998
405 655 398
419 840 414
848 937 842
494 666 494
358 508 358
400 812 394
511 797 506
278 662 278
189 604 182
328 461 322
388 595 382
342 638 342
983 1004 978
553 583 546
342 643 342
654 918 654
952 979 946
131 940 126
498 530 498
657 953 650
187 698 182
2 117 2
101 269 94
18 243 18
206 459 206
232 340 226
706 897 706
180 577 174
418 514 418
385 653 378
476 983 470
58 166 58
773 967 766
592 779 586
274 395 274
585 675 578
498 580 498
463 653 458
625 882 618
410 712 410
146 194 146
62 282 62
405 780 398
242 485 242
282 327 282
42 590 42
2 120 2
546 564 546
522 892 522
462 500 462
1 250 1
384 495 378
118 728 118
275 806 270
238 310 238
118 333 118
733 844 726
155 209 150
559 937 554
102 112 102
51 856 46
548 850 542
58 644 58
183 605 178
812 904 806
22 316 22
379 812 374
169 643 162
429 568 422
174 523 174
522 943 522
945 968 938
81 706 74
728 945 722
578 934 578
161 359 154
246 565 246
85 917 78
78 334 78
305 325 298
135 322 130
118 128 118
799 889 794
218 503 218
645 1002 638
553 976 546
323 887 318
87 351 82
126 143 126
506 912 506
684 911 678
737 784 730
170 404 170
406 773 406
94 306 94
641 997 634
346 393 346
12 595 6
318 809 318
542 784 542
565 942 558
81 819 74
50 197 50
241 410 234
236 802 230
620 858 614
333 990 326
558 641 558
555 735 550
238 379 238
198 661 198
772 1011 766
976 994 970
38 134 38
54 635 54
395 601 390
860 1003 854
180 651 174
293 996 286
869 1018 862
823 834 818
257 705 250
424 433 418
841 887 834
353 736 346
63 283 58
730 984 730
871 949 866
138 146 138
190 495 190
875 964 870
52 582 46
322 963 322
70 76 70
740 942 734
291 581 286
107 221 102
165 386 158
335 903 330
314 392 314
30 519 30
42 194 42
56 422 50
309 694 302
354 420 354
338 626 338
66 189 66
815 879 810
291 975 286
875 923 870
119 213 114
570 603 570
1 941 1
724 963 718
162 387 162
382 390 382
14 305 14
669 687 662
423 578 418
528 603 522
166 519 166
864 992 858
729 771 722
534 801 534
350 379 350
250 706 250
719 944 714
282 608 282
108 579 102
406 723 406
684 705 678
21 789 14
126 619 126
355 422 350
731 879 726
110 251 110
656 947 650
647 800 642
177 210 170
67 431 62
530 605 530
76 121 70
94 855 94
669 897 662
165 406 158
46 784 46
105 781 98
822 907 822
44 224 38
824 934 818
155 761 150
277 451 270
342 721 342
54 809 54
998 1024 998
704 956 698
357 452 350
44 592 38
238 591 238
178 202 178
607 945 602
402 845 402
726 810 726
196 946 190
75 684 70
599 915 594
273 601 266
78 413 78
149 274 142
193 483 186
547 600 542
652 1019 646
1005 1017 998
82 219 82
398 826 398
547 669 542
113 989 106
591 653 586
273 721 266
178 987 178
892 910 886
567 808 562
535 864 530
643 1024 638
24 86 18
10 80 10
163 387 158
2 683 2
374 517 374
259 487 254
774 999 774
831 851 826
702 935 702
240 791 234
483 716 478
110 291 110
502 695 502
376 759 370
369 506 362
247 918 242
465 970 458
659 726 654
375 611 370
91 544 86
69 846 62
225 398 218
331 620 326
104 725 98
116 165 110
35 966 30
536 715 530
762 983 762
801 878 794
553 750 546
817 956 810
590 652 590
415 773 410
330 783 330
223 858 218
393 895 386
218 512 218
280 552 274
126 690 126
239 749 234
94 858 94
463 798 458
266 476 266
329 608 322
779 998 774
57 484 50
478 530 478
310 415 310
513 832 506
18 455 18
42 71 42
78 166 78
507 531 502
379 722 374
55 305 50
300 647 294
238 705 238
33 356 26
36 254 30
698 1016 698
408 749 402
36 509 30
971 1020 966
402 421 402
354 457 354
80 247 74
758 764 758
843 952 838
497 872 490
326 677 326
51 872 46
300 867 294
90 580 90
83 480 78
901 1012 894
521 808 514
237 975 230
777 825 770
77 213 70
137 869 130
695 980 690
98 639 98
202 521 202
148 416 142
275 482 270
411 539 406
32 860 26
319 828 314
447 683 442
241 618 234
237 657 230
391 756 386
676 832 670
149 406 142
120 927 114
940 955 934
90 431 90
382 822 382
118 179 118
546 870 546
148 361 142
847 886 842
559 996 554
134 502 134
369 673 362
414 595 414
58 311 58
377 547 370
14 356 14
363 921 358
190 935 190
187 850 182
135 771 130
22 95 22
796 806 790
791 822 786
159 936 154
72 80 66
86 529 86
688 849 682
300 696 294
78 247 78
806 999 806
656 1010 650
362 426 362
155 369 150
538 721 538
513 951 506
752 782 746
6 686 6
223 934 218
80 442 74
889 961 882
253 778 246
102 178 102
82 234 82
453 890 446
127 587 122
380 673 374
227 813 222
66 744 66
6 171 6
385 606 378
55 438 50
85 589 78
652 669 646
714 950 714
329 1004 322
128 347 122
162 283 162
83 927 78
145 564 138
56 605 50
46 50 46
506 517 506
28 975 22
791 876 786
102 282 102
98 800 98
66 787 66
190 452 190
190 672 190
483 696 478
60 679 54
431 906 426
25 764 18
174 777 174
65 646 58
460 674 454
609 1000 602
626 695 626
42 875 42
174 336 174
167 541 162
387 763 382
757 920 750
686 886 686
187 621 182
777 989 770
89 473 82
292 750 286
161 545 154
166 805 166
467 939 462
256 931 250
812 867 806
976 985 970
350 369 350
713 724 706
592 891 586
587 953 582
478 559 478
54 84 54
583 692 578
343 567 338
92 162 86
484 685 478
767 978 762
571 942 566
13 711 6
444 920 438
378 688 378
374 457 374
619 987 614
232 985 226
386 938 386
634 704 634
254 364 254
430 811 430
337 819 330
685 759 678
94 132 94
459 534 454
122 326 122
184 536 178
26 198 26
398 841 398
89 428 82
634 755 634
288 331 282
342 653 342
139 201 134
237 693 230
692 995 686
528 551 522
503 534 498
841 849 834
449 516 442
913 962 906
584 878 578
683 943 678
46 159 46
128 317 122
495 943 490
298 900 298
43 282 38
104 764 98
244 266 238
126 761 126
198 905 198
294 449 294
451 777 446
715 866 710
924 926 918
95 972 90
241 599 234
1 103 1
705 799 698
589 758 582
424 874 418
397 689 390
756 787 750
1003 1023 998
633 762 626
740 898 734
187 752 182
548 818 542
807 889 802
146 889 146
394 565 394
427 675 422
166 171 166
201 244 194
79 833 74
626 872 626
625 900 618
276 945 270
150 746 150
549 683 542
51 111 46
96 700 90
6 801 6
6 157 6
743 951 738
350 619 350
688 711 682
278 476 278
70 763 70
40 158 34
555 657 550
808 850 802
520 538 514
358 457 358
342 413 342
26 295 26
318 408 318
1 123 1
980 989 974
533 561 526
568 597 562
969 1023 962
224 525 218
94 355 94
740 812 734
185 806 178
644 742 638
448 678 442
98 339 98
230 521 230
579 799 574
94 302 94
409 990 402
767 796 762
661 724 654
321 815 314
864 1015 858
282 855 282
10 552 10
182 524 182
118 550 118
609 801 602
18 714 18
488 868 482
348 594 342
374 499 374
179 920 174
229 794 222
228 319 222
856 1009 850
1 208 1
522 878 522
810 874 810
177 381 170
122 837 122
319 962 314
103 817 98
766 868 766
657 799 650
238 787 238
369 911 362
991 1014 986
83 880 78
4 715 1
226 289 226
199 886 194
805 931 798
190 951 190
139 359 134
710 970 710
586 805 586
451 611 446
409 789 402
390 888 390
246 429 246
39 582 34
22 201 22
937 1005 930
776 1013 770
674 975 674
466 920 466
183 1003 178
5 1008 1
141 445 134
278 338 278
38 428 38
369 1014 362
258 646 258
320 523 314
463 720 458
835 974 830
168 420 162
685 955 678
18 464 18
17 419 10
650 656 650
102 332 102
563 663 558
350 706 350
456 798 450
680 824 674
170 877 170
26 199 26
178 188 178
865 869 858
306 641 306
806 1011 806
644 822 638
285 648 278
516 539 510
314 360 314
938 1024 938
498 583 498
228 1011 222
58 238 58
49 352 42
872 942 866
310 327 310
318 659 318
654 854 654
666 1022 666
49 273 42
498 620 498
82 122 82
79 396 74
478 546 478
22 627 22
522 858 522
877 996 870
376 819 370
202 787 202
77 399 70
429 566 422
214 606 214
581 814 574
721 907 714
43 418 38
314 593 314
542 749 542
386 451 386
970 1015 970
434 609 434
530 603 530
309 984 302
65 728 58
434 821 434
242 447 242
784 953 778
199 597 194
282 318 282
316 706 310
66 187 66
152 771 146
483 719 478
78 370 78
310 406 310
952 980 946
848 1016 842
274 658 274
782 901 782
846 951 846
788 869 782
62 92 62
644 762 638
210 666 210
807 845 802
130 477 130
556 792 550
128 866 122
314 323 314
678 947 678
205 267 198
88 505 82
382 507 382
359 614 354
550 715 550
614 820 614
710 793 710
507 520 502
566 862 566
140 176 134
449 555 442
228 429 222
142 331 142
31 395 26
226 279 226
318 825 318
47 352 42
74 167 74
271 791 266
70 980 70
986 1004 986
109 191 102
930 944 930
219 593 214
156 1004 150
166 946 166
349 685 342
519 738 514
448 919 442
458 996 458
186 269 186
188 595 182
110 283 110
217 255 210
518 673 518
845 868 838
71 974 66
799 957 794
1 414 1
450 622 450
232 813 226
52 155 46
25 306 18
498 613 498
224 875 218
282 289 282
582 941 582
26 261 26
171 701 166
618 723 618
210 982 210
370 736 370
743 824 738
706 1012 706
64 832 58
426 959 426
366 953 366
289 598 282
63 637 58
529 806 522
291 392 286
437 976 430
457 465 450
344 462 338
60 648 54
174 828 174
464 637 458
841 933 834
110 496 110
34 741 34
213 414 206
301 378 294
2 774 2
222 587 222
1 843 1
211 891 206
441 600 434
626 652 626
347 642 342
901 927 894
383 771 378
593 656 586
134 230 134
155 174 150
31 685 26
806 811 806
533 534 526
631 999 626
546 595 546
452 860 446
10 54 10
365 692 358
708 931 702
1012 1015 1006
194 722 194
572 671 566
211 323 206
53 258 46
643 690 638
66 111 66
654 678 654
677 833 670
375 471 370
57 354 50
514 771 514
734 753 734
816 928 810
289 943 282
503 912 498
625 828 618
631 741 626
674 1009 674
466 636 466
402 429 402
775 933 770
149 557 142
767 838 762
446 540 446
222 476 222
34 82 34
695 859 690
1006 1021 1006
731 933 726
537 580 530
773 929 766
201 983 194
184 352 178
493 529 486
32 794 26
224 432 218
175 695 170
118 1021 118
66 628 66
707 844 702
229 810 222
815 985 810
718 947 718
198 567 198
204 676 198
369 727 362
262 280 262
566 1009 566
28 735 22
469 986 462
474 635 474
946 971 946
226 366 226
22 598 22
294 824 294
765 883 758
94 387 94
542 647 542
465 816 458
570 604 570
114 128 114
78 712 78
123 251 118
103 450 98
221 625 214
86 269 86
488 704 482
143 994 138
267 316 262
427 939 422
152 174 146
197 838 190
636 800 630
375 929 370
42 90 42
759 828 754
246 480 246
571 932 566
6 184 6
506 848 506
558 648 558
200 738 194
180 845 174
574 748 574
476 755 470
529 625 522
825 914 818
425 1013 418
121 678 114
54 241 54
769 864 762
610 995 610
889 954 882
817 824 810
587 947 582
574 783 574
340 565 334
334 956 334
41 145 34
523 752 518
533 783 526
376 788 370
817 967 810
389 768 382
398 491 398
397 890 390
231 638 226
53 665 46
338 386 338
114 571 114
204 228 198
406 411 406
454 593 454
920 1004 914
198 400 198
252 434 246
190 323 190
365 685 358
469 885 462
239 885 234
299 507 294
786 820 786
499 1011 494
198 289 198
207 644 202
222 837 222
497 922 490
592 760 586
24 213 18
487 990 482
707 767 702
203 330 198
206 967 206
284 503 278
540 917 534
290 746 290
444 934 438
155 324 150
566 579 566
46 51 46
167 347 162
364 740 358
681 944 674
45 510 38
584 957 578
957 1017 950
28 1005 22
378 713 378
720 843 714
142 289 142
319 769 314
34 398 34
713 1018 706
546 764 546
741 812 734
650 712 650
724 922 718
84 922 78
417 521 410
89 308 82
214 367 214
466 764 466
134 452 134
100 795 94
294 457 294
6 1018 6
297 993 290
437 983 430
126 446 126
258 529 258
463 881 458
514 693 514
515 875 510
538 653 538
169 833 162
890 946 890
115 354 110
221 753 214
226 798 226
964 1010 958
271 370 266
80 936 74
287 685 282
238 1019 238
50 370 50
705 779 698
707 874 702
294 611 294
546 669 546
690 903 690
34 586 34
530 661 530
68 170 62
150 252 150
238 713 238
449 988 442
727 929 722
562 746 562
587 868 582
167 817 162
18 553 18
618 974 618
164 622 158
647 853 642
7 82 2
34 132 34
607 916 602
374 417 374
1010 1017 1010
388 420 382
984 1001 978
915 920 910
186 736 186
355 882 350
8 669 2
162 505 162
916 999 910
993 1004 986
954 981 954
367 374 362
191 926 186
803 962 798
46 651 46
694 913 694
743 816 738
454 958 454
225 859 218
392 758 386
654 750 654
697 725 690
462 657 462
358 505 358
245 429 238
565 855 558
132 646 126
260 525 254
259 314 254
599 644 594
707 965 702
121 569 114
616 895 610
306 409 306
880 998 874
1 169 1
214 359 214
223 870 218
186 255 186
106 253 106
122 293 122
197 279 190
81 463 74
261 326 254
18 46 18
668 930 662
826 977 826
605 903 598
197 833 190
398 940 398
237 449 230
104 862 98
910 949 910
831 919 826
238 680 238
155 241 150
106 530 106
4 835 1
386 592 386
603 746 598
229 630 222
692 781 686
33 633 26
477 742 470
199 759 194
430 472 430
424 848 418
396 902 390
472 934 466
544 746 538
60 320 54
508 626 502
119 178 114
735 802 730
146 688 146
537 756 530
82 94 82
670 837 670
425 796 418
86 93 86
111 773 106
304 827 298
74 286 74
260 678 254
165 862 158
731 999 726
190 762 190
580 763 574
351 886 346
330 798 330
137 937 130
149 613 142
534 719 534
162 663 162
258 638 258
547 744 542
231 740 226
254 840 254
488 508 482
157 450 150
519 929 514
638 741 638
230 817 230
526 680 526
347 952 342
442 816 442
211 550 206
18 111 18
270 755 270
370 928 370
319 578 314
361 1014 354
393 509 386
66 212 66
305 686 298
354 833 354
462 882 462
26 30 26
465 1000 458
156 851 150
302 737 302
126 177 126
846 964 846
122 810 122
546 640 546
194 396 194
370 394 370
526 795 526
776 983 770
400 737 394
155 702 150
441 969 434
495 736 490
944 1006 938
472 529 466
329 408 322
189 805 182
369 935 362
538 910 538
83 994 78
355 453 350
174 618 174
186 577 186
629 838 622
285 733 278
130 409 130
86 390 86
306 777 306
447 875 442
536 885 530
319 830 314
308 472 302
360 511 354
306 647 306
457 552 450
206 881 206
465 997 458
832 925 826
612 786 606
2 78 2
705 905 698
354 381 354
74 176 74
15 91 10
411 787 406
102 966 102
319 905 314
69 889 62
230 275 230
408 581 402
413 568 406
491 906 486
299 912 294
90 573 90
672 898 666
547 606 542
23 659 18
380 892 374
150 578 150
829 991 822
589 755 582
445 845 438
811 906 806
220 233 214
402 686 402
282 644 282
455 696 450
543 634 538
186 659 186
65 107 58
37 218 30
342 460 342
388 476 382
50 305 50
803 925 798
34 38 34
407 651 402
194 330 194
602 949 602
709 750 702
222 266 222
68 718 62
550 875 550
663 710 658
80 695 74
110 318 110
801 973 794
658 707 658
733 880 726
447 950 442
588 980 582
270 679 270
363 796 358
10 965 10
16 383 10
459 786 454
622 773 622
86 180 86
927 957 922
590 708 590
933 954 926
42 50 42
981 990 974
392 939 386
569 877 562
528 771 522
589 943 582
173 990 166
94 350 94
93 141 86
220 399 214
2 315 2
210 887 210
350 438 350
166 757 166
38 289 38
589 915 582
445 823 438
672 870 666
540 902 534
470 868 470
62 210 62
50 140 50
428 745 422
137 161 130
448 563 442
168 785 162
911 942 906
34 65 34
107 236 102
254 673 254
391 533 386
463 541 458
226 359 226
815 860 810
277 600 270
290 594 290
594 739 594
81 953 74
314 577 314
135 673 130
327 346 322
161 683 154
94 786 94
415 662 410
680 952 674
445 553 438
308 985 302
115 632 110
66 131 66
532 1024 526
104 331 98
351 607 346
566 871 566
983 995 978
551 587 546
677 815 670
524 909 518
852 972 846
326 401 326
88 874 82
64 432 58
200 362 194
588 953 582
558 740 558
462 858 462
717 982 710
18 321 18
585 683 578
1 53 1
154 363 154
342 520 342
848 895 842
364 1012 358
781 844 774
21 580 14
595 656 590
167 712 162
148 299 142
216 797 210
282 379 282
863 940 858
763 947 758
350 481 350
240 495 234
684 897 678
554 568 554
1 750 1
516 713 510
434 548 434
533 941 526
177 433 170
796 808 790
803 919 798
538 797 538
698 1001 698
317 497 310
716 750 710
172 272 166
680 775 674
554 801 554
976 1014 970
297 887 290
957 1024 950
162 973 162
126 354 126
207 1012 202
652 764 646
440 567 434
647 937 642
326 631 326
342 740 342
18 95 18
88 551 82
623 880 618
379 721 374
608 839 602
528 571 522
426 591 426
55 481 50
134 1000 134
386 599 386
58 686 58
40 234 34
578 1000 578
468 534 462
446 984 446
222 729 222
421 718 414
142 749 142
99 974 94
13 954 6
936 942 930
598 833 598
122 808 122
689 954 682
54 852 54
656 999 650
704 992 698
17 138 10
190 217 190
259 540 254
896 1002 890
510 759 510
785 939 778
864 964 858
42 279 42
222 257 222
961 985 954
58 631 58
653 946 646
583 635 578
745 896 738
338 862 338
98 573 98
291 761 286
138 379 138
847 980 842
529 852 522
62 460 62
482 597 482
503 545 498
928 980 922
270 599 270
773 1014 766
165 715 158
680 993 674
743 811 738
22 961 22
634 772 634
69 411 62
522 890 522
146 722 146
210 322 210
803 928 798
302 369 302
370 878 370
857 926 850
30 145 30
565 979 558
514 872 514
267 994 262
15 291 10
622 891 622
490 674 490
571 992 566
751 854 746
798 916 798
723 917 718
172 621 166
481 506 474
442 492 442
760 802 754
908 979 902
138 699 138
300 925 294
377 730 370
154 465 154
434 604 434
594 612 594
105 293 98
240 382 234
542 902 542
11 478 6
574 891 574
74 231 74
564 625 558
206 617 206
365 405 358
865 1003 858
132 222 126
42 107 42
674 822 674
6 110 6
475 816 470
364 744 358
176 479 170
282 481 282
115 773 110
830 884 830
718 864 718
117 300 110
189 325 182
175 751 170
455 488 450
38 488 38
36 897 30
305 582 298
79 364 74
328 338 322
128 923 122
617 921 610
246 596 246
370 420 370
315 779 310
612 894 606
410 689 410
797 934 790
768 932 762
460 599 454
633 732 626
730 785 730
900 915 894
528 650 522
120 567 114
134 206 134
283 878 278
657 674 650
43 953 38
817 940 810
403 474 398
480 528 474
116 203 110
750 931 750
167 434 162
495 832 490
227 691 222
69 772 62
645 807 638
226 290 226
109 943 102
285 437 278
503 630 498
330 414 330
856 899 850
246 548 246
129 516 122
909 935 902
327 567 322
204 339 198
259 953 254
644 744 638
480 666 474
26 862 26
396 724 390
298 656 298
150 289 150
881 1009 874
42 200 42
267 881 262
861 952 854
254 295 254
238 583 238
361 597 354
46 602 46
335 716 330
369 484 362
843 1019 838
220 392 214
706 1013 706
235 364 230
225 392 218
301 536 294
37 838 30
574 716 574
246 657 246
586 786 586
618 814 618
909 918 902
329 951 322
190 983 190
347 413 342
152 575 146
644 902 638
119 369 114
139 845 134
249 301 242
74 962 74
8 809 2
71 531 66
702 992 702
807 954 802
387 741 382
342 408 342
145 1007 138
967 973 962
355 660 350
45 965 38
396 842 390
879 955 874
40 842 34
149 362 142
18 88 18
255 365 250
807 882 802
926 957 926
106 177 106
264 616 258
695 988 690
727 785 722
638 869 638
50 291 50
133 601 126
62 771 62
802 995 802
284 996 278
495 642 490
626 655 626
361 579 354
743 1024 738
243 549 238
90 577 90
171 319 166
4 326 1
451 751 446
487 590 482
35 44 30
242 407 242
218 903 218
234 816 234
212 257 206
613 968 606
460 586 454
40 983 34
178 569 178
822 982 822
289 485 282
526 564 526
777 997 770
411 1017 406
783 920 778
759 870 754
301 935 294
122 930 122
150 304 150
416 549 410
296 993 290
913 965 906
109 816 102
366 458 366
315 454 310
482 789 482
62 664 62
447 637 442
786 981 786
430 692 430
817 1000 810
106 286 106
203 995 198
23 768 18
262 431 262
347 980 342
755 982 750
448 584 442
343 648 338
162 218 162
709 800 702
503 888 498
52 449 46
26 312 26
387 441 382
150 381 150
589 884 582
70 715 70
171 975 166
694 718 694
239 715 234
382 472 382
123 872 118
136 794 130
531 706 526
373 681 366
461 782 454
812 936 806
358 990 358
357 484 350
274 895 274
141 242 134
510 635 510
158 1006 158
198 584 198
264 332 258
262 556 262
10 728 10
110 464 110
548 918 542
25 207 18
353 402 346
755 767 750
644 771 638
779 844 774
138 143 138
809 873 802
419 718 414
48 379 42
605 933 598
524 885 518
631 1016 626
58 315 58
722 986 722
351 531 346
5 309 1
666 994 666
76 412 70
344 465 338
883 914 878
120 142 114
106 285 106
110 917 110
884 906 878
859 1006 854
691 801 686
70 501 70
342 762 342
782 850 782
80 431 74
154 205 154
783 879 778
124 905 118
161 759 154
393 733 386
200 957 194
422 795 422
812 1023 806
603 632 598
975 984 970
416 433 410
258 316 258
398 741 398
523 764 518
359 748 354
693 782 686
268 736 262
164 202 158
438 890 438
534 961 534
683 734 678
390 874 390
310 637 310
350 489 350
36 70 30
356 786 350
905 911 898
186 638 186
780 834 774
42 475 42
473 877 466
422 819 422
768 926 762
516 716 510
903 989 898
29 184 22
669 868 662
420 879 414
731 788 726
801 955 794
181 686 174
804 884 798
696 860 690
655 946 650
396 976 390
665 800 658
22 131 22
324 1021 318
781 841 774
316 517 310
972 974 966
423 921 418
29 571 22
265 785 258
376 776 370
158 1008 158
859 884 854
94 304 94
186 195 186
648 814 642
202 289 202
735 780 730
21 266 14
800 936 794
33 641 26
402 721 402
668 847 662
89 957 82
1 708 1
501 849 494
794 831 794
359 499 354
477 571 470
338 348 338
202 371 202
194 580 194
180 905 174
310 852 310
278 493 278
801 891 794
480 594 474
310 565 310
249 651 242
701 759 694
915 1019 910
673 873 666
69 281 62
208 767 202
586 656 586
630 981 630
506 941 506
713 943 706
132 169 126
554 689 554
540 763 534
154 542 154
830 927 830
254 414 254
332 680 326
83 709 78
524 913 518
582 708 582
293 796 286
568 586 562
69 207 62
362 758 362
567 795 562
420 930 414
266 635 266
849 933 842
178 438 178
904 918 898
18 614 18
114 227 114
522 796 522
693 1024 686
96 362 90
102 412 102
223 851 218
58 195 58
41 228 34
38 377 38
884 1011 878
454 924 454
343 706 338
190 821 190
739 908 734
598 745 598
238 754 238
414 869 414
5 524 1
98 175 98
50 687 50
676 897 670
482 975 482
909 910 902
410 438 410
37 852 30
508 876 502
69 656 62
26 149 26
786 802 786
412 503 406
28 773 22
48 993 42
97 407 90
808 1023 802
652 763 646
95 742 90
404 704 398
14 182 14
591 684 586
607 699 602
34 158 34
31 781 26
111 470 106
181 959 174
452 876 446
210 272 210
138 292 138
553 586 546
26 876 26
10 59 10
45 876 38
225 916 218
110 233 110
115 564 110
698 842 698
344 538 338
409 464 402
471 548 466
788 988 782
152 961 146
182 264 182
616 948 610
791 887 786
505 807 498
742 1012 742
458 984 458
150 321 150
358 783 358
65 244 58
244 603 238
684 923 678
633 834 626
610 632 610
42 306 42
409 982 402
478 688 478
479 848 474
140 835 134
343 370 338
26 79 26
110 309 110
606 661 606
46 191 46
26 111 26
700 834 694
772 914 766
600 618 594
543 679 538
342 919 342
453 737 446
935 982 930
22 91 22
92 735 86
206 855 206
118 856 118
988 1014 982
66 80 66
752 785 746
50 454 50
199 739 194
73 482 66
213 669 206
66 722 66
114 448 114
190 383 190
351 497 346
657 983 650
840 923 834
288 853 282
480 619 474
473 969 466
690 979 690
138 820 138
685 851 678
527 637 522
836 867 830
1 469 1
591 642 586
398 893 398
114 121 114
853 924 846
274 621 274
623 733 618
171 968 166
915 997 910
599 963 594
306 665 306
267 766 262
246 901 246
2 271 2
86 1002 86
423 889 418
644 746 638
630 791 630
480 583 474
652 801 646
358 702 358
321 929 314
321 432 314
405 1005 398
826 990 826
24 166 18
808 890 802
269 559 262
4 319 1
211 842 206
154 603 154
7 806 2
154 522 154
319 647 314
901 1007 894
209 1024 202
638 833 638
58 451 58
460 480 454
338 353 338
758 916 758
227 597 222
313 847 306
191 874 186
483 521 478
32 575 26
466 533 466
240 439 234
484 785 478
102 583 102
211 890 206
262 916 262
307 522 302
155 771 150
3 274 1
547 561 542
273 301 266
323 761 318
327 475 322
258 828 258
84 316 78
190 286 190
471 976 466
182 869 182
743 999 738
242 619 242
708 817 702
178 241 178
109 626 102
514 566 514
49 539 42
470 581 470
401 809 394
445 663 438
576 925 570
81 715 74
892 977 886
98 603 98
258 447 258
332 356 326
146 279 146
110 279 110
428 602 422
977 982 970
549 649 542
793 914 786
481 963 474
158 426 158
109 222 102
396 615 390
760 796 754
504 828 498
145 985 138
461 900 454
452 658 446
274 409 274
748 927 742
432 512 426
672 826 666
937 983 930
354 403 354
388 584 382
142 358 142
89 706 82
287 593 282
6 225 6
374 509 374
5 975 1
15 304 10
60 866 54
714 897 714
551 748 546
865 879 858
185 465 178
741 916 734
647 725 642
487 672 482
917 1018 910
263 945 258
482 586 482
314 432 314
146 420 146
378 1024 378
349 1005 342
22 251 22
638 744 638
453 618 446
162 289 162
145 497 138
577 641 570
286 866 286
154 911 154
498 944 498
229 424 222
74 276 74
526 648 526
474 691 474
428 823 422
33 514 26
81 885 74
134 193 134
2 846 2
199 807 194
550 953 550
283 907 278
340 680 334
202 629 202
699 831 694
90 144 90
105 949 98
468 706 462
85 787 78
339 870 334
263 533 258
194 866 194
411 731 406
337 548 330
842 1021 842
263 585 258
115 268 110
749 964 742
763 982 758
23 424 18
450 753 450
447 932 442
274 287 274
170 293 170
514 541 514
222 971 222
418 560 418
418 488 418
273 801 266
306 396 306
161 339 154
572 634 566
364 814 358
515 541 510
684 757 678
175 891 170
257 374 250
745 842 738
247 752 242
758 792 758
116 548 110
177 548 170
172 452 166
893 945 886
175 885 170
344 463 338
26 262 26
494 980 494
672 689 666
179 509 174
194 547 194
95 496 90
493 833 486
518 632 518
314 438 314
128 159 122
290 301 290
94 152 94
425 751 418
720 969 714
332 495 326
583 978 578
258 662 258
381 390 374
112 582 106
614 932 614
210 221 210
677 961 670
35 536 30
644 998 638
726 820 726
132 927 126
34 835 34
210 969 210
757 949 750
98 1009 98
532 952 526
394 427 394
602 808 602
20 168 14
496 795 490
18 513 18
791 863 786
277 982 270
442 800 442
138 220 138
164 524 158
226 841 226
2 116 2
134 156 134
423 770 418
536 956 530
124 493 118
190 919 190
371 758 366
799 863 794
120 734 114
547 993 542
735 893 730
142 391 142
349 905 342
538 662 538
174 476 174
109 228 102
185 723 178
836 900 830
402 750 402
126 174 126
208 498 202
104 650 98
476 765 470
312 671 306
176 398 170
493 890 486
341 820 334
10 174 10
985 1013 978
956 1006 950
110 197 110
24 990 18
182 541 182
210 929 210
951 1024 946
90 870 90
258 854 258
82 772 82
648 728 642
670 866 670
215 411 210
697 1016 690
260 292 254
150 217 150
622 927 622
314 924 314
479 912 474
72 584 66
630 873 630
561 821 554
279 763 274
522 803 522
185 202 178
659 993 654
543 1009 538
437 731 430
637 950 630
646 787 646
221 435 214
205 311 198
315 985 310
146 375 146
748 802 742
96 1010 90
869 871 862
587 707 582
136 702 130
331 940 326
411 700 406
8 947 2
2 751 2
287 992 282
277 711 270
228 366 222
207 769 202
46 77 46
488 530 482
265 539 258
912 1021 906
281 588 274
57 969 50
703 947 698
207 744 202
795 900 790
587 994 582
81 662 74
14 851 14
91 635 86
715 1020 710
314 405 314
511 638 506
47 814 42
215 896 210
10 446 10
419 930 414
618 745 618
279 1004 274
829 987 822
770 969 770
72 514 66
203 989 198
358 842 358
784 821 778
212 317 206
618 971 618
9 42 2
819 879 814
800 899 794
330 448 330
119 473 114
737 911 730
38 762 38
478 487 478
389 621 382
703 997 698
394 638 394
775 905 770
128 1014 122
999 1012 994
216 898 210
369 651 362
749 890 742
165 958 158
242 668 242
34 125 34
31 110 26
725 971 718
646 912 646
212 223 206
536 811 530
836 963 830
214 736 214
209 966 202
791 917 786
501 990 494
179 797 174
124 428 118
519 557 514
730 895 730
192 262 186
445 793 438
318 370 318
612 691 606
728 830 722
855 915 850
399 811 394
281 392 274
740 950 734
319 687 314
518 1021 518
366 862 366
158 886 158
907 1014 902
150 378 150
46 195 46
483 528 478
663 810 658
475 839 470
2 140 2
763 938 758
487 490 482
315 400 310
25 232 18
813 838 806
434 885 434
288 905 282
425 909 418
478 884 478
421 654 414
71 625 66
478 624 478
337 878 330
333 1015 326
37 709 30
401 619 394
412 992 406
426 475 426
26 664 26
346 427 346
610 714 610
218 587 218
22 192 22
2 152 2
485 845 478
362 885 362
45 917 38
463 814 458
358 603 358
119 981 114
105 952 98
197 497 190
125 562 118
226 820 226
153 538 146
331 889 326
450 849 450
78 964 78
153 613 146
29 879 22
614 744 614
791 889 786
844 891 838
486 705 486
849 957 842
406 464 406
302 528 302
167 983 162
88 317 82
129 303 122
373 552 366
335 906 330
280 306 274
608 732 602
280 695 274
948 1011 942
457 616 450
360 491 354
343 420 338
54 191 54
529 760 522
634 652 634
143 529 138
646 668 646
298 549 298
346 768 346
299 547 294
58 316 58
122 263 122
771 936 766
564 738 558
256 600 250
829 921 822
157 801 150
567 854 562
274 765 274
750 819 750
183 957 178
228 266 222
673 839 666
383 1008 378
265 656 258
366 498 366
670 745 670
850 924 850
69 697 62
86 105 86
712 947 706
951 980 946
32 231 26
391 912 386
139 386 134
77 298 70
395 612 390
407 765 402
138 235 138
530 576 530
60 968 54
342 768 342
297 684 290
86 973 86
976 1015 970
110 1002 110
231 313 226
26 549 26
361 917 354
258 389 258
159 1011 154
22 133 22
550 892 550
254 489 254
542 724 542
291 964 286
157 991 150
77 505 70
296 363 290
407 615 402
592 679 586
767 853 762
368 602 362
524 653 518
690 807 690
409 1006 402
179 422 174
561 865 554
242 310 242
78 557 78
46 412 46
748 1004 742
10 445 10
74 515 74
54 530 54
250 378 250
369 414 362
168 554 162
463 513 458
20 931 14
542 882 542
97 1023 90
174 705 174
486 1020 486
54 670 54
854 942 854
176 782 170
206 344 206
289 917 282
518 847 518
127 597 122
178 557 178
786 912 786
230 531 230
82 706 82
44 700 38
202 682 202
693 947 686
70 394 70
54 66 54
102 834 102
834 895 834
9 493 2
236 732 230
594 614 594
157 564 150
24 498 18
346 456 346
598 874 598
77 924 70
201 538 194
520 869 514
34 399 34
34 80 34
127 322 122
282 1012 282
485 555 478
298 498 298
4 885 1
738 940 738
783 1018 778
947 1020 942
30 58 30
196 734 190
395 971 390
908 973 902
420 577 414
435 994 430
307 871 302
633 925 626
205 731 198
54 551 54
43 202 38
348 932 342
98 575 98
1 81 1
18 101 18
438 975 438
659 1008 654
933 997 926
16 343 10
363 815 358
111 474 106
33 625 26
382 591 382
130 786 130
333 753 326
141 947 134
34 67 34
652 790 646
300 722 294
202 577 202
186 335 186
436 848 430
345 503 338
287 334 282
215 410 210
277 827 270
483 963 478
355 791 350
198 512 198
2 409 2
859 872 854
315 484 310
268 485 262
432 829 426
563 771 558
192 564 186
859 953 854
1 153 1
603 979 598
660 895 654
480 813 474
571 797 566
310 745 310
188 956 182
38 93 38
527 706 522
313 874 306
128 622 122
780 807 774
379 633 374
979 987 974
865 962 858
209 772 202
285 346 278
565 919 558
33 125 26
542 621 542
520 786 514
385 526 378
610 696 610
124 171 118
881 949 874
156 159 150
98 485 98
161 251 154
197 949 190
10 228 10
294 933 294
264 524 258
588 796 582
935 989 930
45 674 38
566 951 566
222 800 222
58 151 58
38 628 38
397 734 390
261 747 254
418 458 418
50 796 50
270 677 270
277 816 270
258 488 258
154 252 154
225 340 218
384 884 378
106 718 106
130 628 130
257 976 250
2 149 2
342 369 342
344 390 338
294 710 294
22 903 22
50 236 50
236 775 230
2 186 2
130 375 130
11 862 6
801 890 794
98 112 98
442 446 442
253 983 246
553 554 546
717 969 710
238 264 238
523 985 518
242 710 242
22 883 22
182 917 182
494 870 494
347 616 342
690 1006 690
287 1020 282
169 372 162
944 1013 938
136 850 130
21 969 14
550 1016 550
30 293 30
318 416 318
575 617 570
413 455 406
805 1014 798
758 786 758
78 176 78
634 938 634
852 857 846
226 796 226
197 1016 190
239 816 234
20 714 14
115 776 110
86 97 86
757 838 750
58 66 58
310 438 310
234 610 234
364 978 358
575 580 570
887 981 882
414 831 414
569 903 562
806 977 806
596 843 590
598 976 598
333 612 326
564 1019 558
571 972 566
242 511 242
779 912 774
87 215 82
316 867 310
132 1019 126
694 962 694
250 603 250
162 747 162
350 625 350
430 759 430
175 863 170
448 643 442
432 718 426
276 758 270
347 793 342
803 819 798
257 583 250
472 603 466
793 959 786
117 467 110
212 477 206
947 1024 942
156 841 150
453 503 446
786 804 786
701 798 694
545 1023 538
18 396 18
150 641 150
120 489 114
926 997 926
184 687 178
711 891 706
403 742 398
252 521 246
470 885 470
529 730 522
500 563 494
22 327 22
905 945 898
115 320 110
205 439 198
250 831 250
250 332 250
290 639 290
721 952 714
136 323 130
260 416 254
215 309 210
503 528 498
618 1013 618
287 756 282
651 784 646
272 431 266
96 975 90
624 710 618
146 479 146
655 738 650
474 519 474
178 296 178
705 711 698
251 794 246
102 541 102
250 288 250
665 725 658
943 1017 938
9 782 2
190 437 190
22 928 22
425 974 418
19 371 14
663 686 658
162 433 162
66 547 66
34 56 34
22 46 22
413 997 406
110 212 110
704 885 698
209 951 202
140 699 134
199 641 194
578 602 578
499 586 494
483 978 478
137 488 130
749 819 742
579 841 574
9 47 2
601 684 594
38 160 38
346 359 346
689 753 682
525 660 518
6 244 6
749 911 742
734 818 734
384 588 378
50 472 50
62 403 62
889 892 882
11 507 6
2 321 2
356 521 350
332 1018 326
268 639 262
279 475 274
795 853 790
496 574 490
206 868 206
682 799 682
713 890 706
254 338 254
223 842 218
466 704 466
438 902 438
51 444 46
1016 1019 1010
979 1017 974
366 497 366
941 1016 934
222 643 222
365 724 358
311 930 306
85 642 78
2 723 2
110 558 110
849 954 842
482 929 482
114 147 114
673 923 666
419 868 414
680 687 674
224 800 218
158 246 158
583 666 578
562 994 562
799 830 794
282 839 282
339 409 334
3 319 1
794 865 794
854 1006 854
520 896 514
846 1001 846
78 531 78
290 384 290
112 287 106
66 428 66
350 607 350
212 350 206
266 630 266
559 667 554
707 974 702
291 1019 286
291 610 286
37 123 30
194 918 194
354 559 354
214 719 214
332 671 326
159 994 154
821 957 814
563 938 558
22 462 22
109 910 102
201 866 194
402 743 402
348 508 342
58 152 58
498 505 498
214 303 214
139 277 134
228 585 222
723 994 718
89 540 82
149 632 142
235 411 230
565 567 558
690 874 690
554 658 554
538 734 538
628 759 622
276 456 270
80 333 74
76 1008 70
775 862 770
381 823 374
487 929 482
143 333 138
339 845 334
381 449 374
136 540 130
148 1018 142
150 733 150
690 780 690
443 930 438
122 223 122
729 819 722
139 991 134
291 962 286
21 204 14
90 927 90
832 958 826
782 964 782
326 348 326
756 891 750
65 421 58
82 159 82
436 842 430
512 541 506
287 592 282
776 834 770
284 982 278
231 429 226
826 1007 826
972 978 966
260 613 254
242 523 242
875 942 870
256 694 250
306 623 306
335 867 330
320 681 314
423 730 418
166 476 166
945 946 938
17 862 10
872 931 866
34 334 34
152 476 146
705 750 698
218 728 218
42 293 42
88 747 82
43 956 38
578 964 578
474 886 474
723 949 718
811 1018 806
811 972 806
417 1006 410
33 708 26
287 335 282
150 255 150
188 712 182
27 472 22
262 392 262
310 540 310
495 721 490
861 1014 854
478 504 478
288 954 282
138 988 138
458 854 458
218 720 218
672 783 666
817 1013 810
511 552 506
2 448 2
286 337 286
288 881 282
118 349 118
329 496 322
182 349 182
538 790 538
754 911 754
298 798 298
502 1001 502
102 791 102
490 1018 490
246 849 246
338 597 338
163 918 158
785 913 778
804 886 798
214 224 214
502 995 502
476 889 470
98 208 98
496 846 490
509 618 502
130 281 130
200 709 194
576 753 570
150 522 150
856 1024 850
99 824 94
89 597 82
403 796 398
112 857 106
987 994 982
162 542 162
94 452 94
380 785 374
356 583 350
410 468 410
785 824 778
84 934 78
242 735 242
409 998 402
604 742 598
46 736 46
550 594 550
204 240 198
572 847 566
570 619 570
540 840 534
627 861 622
545 948 538
608 711 602
333 939 326
282 728 282
234 830 234
230 568 230
640 972 634
101 885 94
30 316 30
522 852 522
132 459 126
661 691 654
179 576 174
158 479 158
499 945 494
377 803 370
478 1015 478
882 977 882
211 263 206
423 751 418
106 677 106
517 868 510
161 883 154
142 254 142
226 256 226
529 822 522
2 237 2
65 373 58
738 750 738
526 785 526
604 838 598
758 771 758
785 850 778
33 879 26
270 579 270
294 548 294
14 374 14
346 841 346
433 641 426
963 1011 958
592 703 586
114 539 114
250 551 250
30 438 30
126 141 126
666 756 666
344 837 338
52 572 46
425 889 418
61 816 54
222 510 222
68 303 62
919 962 914
474 592 474
130 144 130
367 490 362
74 250 74
178 265 178
405 444 398
778 992 778
79 153 74
286 657 286
26 618 26
158 509 158
292 426 286
492 619 486
326 467 326
844 943 838
565 989 558
607 629 602
368 559 362
413 583 406
857 899 850
191 934 186
14 132 14
172 982 166
81 128 74
46 60 46
192 724 186
273 707 266
62 417 62
158 493 158
82 366 82
78 484 78
283 948 278
120 586 114
154 581 154
272 958 266
125 150 118
645 815 638
82 345 82
259 446 254
46 140 46
306 1007 306
194 441 194
202 804 202
150 257 150
43 556 38
162 917 162
609 778 602
590 685 590
422 931 422
683 720 678
534 640 534
6 479 6
194 859 194
235 904 230
654 1017 654
631 732 626
435 446 430
844 905 838
996 1010 990
698 729 698
227 518 222
661 805 654
241 305 234
72 389 66
132 282 126
428 596 422
301 979 294
656 705 650
808 895 802
138 555 138
202 225 202
110 768 110
178 310 178
799 882 794
418 930 418
228 908 222
141 660 134
331 939 326
483 685 478
26 270 26
896 957 890
54 127 54
332 864 326
483 943 478
248 546 242
521 687 514
199 557 194
186 943 186
441 951 434
51 641 46
242 944 242
477 493 470
866 903 866
368 667 362
690 883 690
243 915 238
716 798 710
46 1023 46
274 326 274
563 1008 558
127 445 122
814 839 814
532 727 526
850 962 850
825 923 818
504 601 498
334 450 334
267 466 262
162 385 162
343 698 338
102 319 102
50 395 50
357 485 350
614 621 614
106 879 106
955 988 950
411 980 406
121 276 114
698 1024 698
803 856 798
775 974 770
341 851 334
21 172 14
455 608 450
271 849 266
194 513 194
218 480 218
206 299 206
443 616 438
18 790 18
201 494 194
687 996 682
317 627 310
276 819 270
491 777 486
752 988 746
518 629 518
163 226 158
763 949 758
620 624 614
279 440 274
8 515 2
216 636 210
919 940 914
6 35 6
539 767 534
259 423 254
574 801 574
412 519 406
623 843 618
92 197 86
55 975 50
22 658 22
917 961 910
172 717 166
702 918 702
78 261 78
75 260 70
488 755 482
147 995 142
427 585 422
262 467 262
138 269 138
661 834 654
668 918 662
243 734 238
87 703 82
314 349 314
521 815 514
455 965 450
26 568 26
75 244 70
322 1007 322
67 241 62
415 614 410
303 761 298
837 945 830
556 680 550
590 944 590
26 119 26
839 949 834
646 746 646
469 840 462
818 835 818
1000 1002 994
52 566 46
29 917 22
538 997 538
398 581 398
888 988 882
307 569 302
162 211 162
947 968 942
342 979 342
48 97 42
829 943 822
531 752 526
234 406 234
932 992 926
221 257 214
161 495 154
801 1019 794
826 959 826
16 701 10
146 387 146
526 774 526
1 63 1
35 38 30
89 997 82
298 304 298
302 428 302
140 617 134
94 860 94
728 979 722
445 588 438
458 711 458
455 710 450
560 935 554
820 943 814
414 518 414
251 508 246
149 464 142
458 862 458
150 759 150
243 1024 238
417 946 410
427 725 422
586 950 586
78 184 78
580 855 574
631 713 626
217 546 210
555 869 550
599 674 594
40 958 34
143 620 138
243 997 238
258 594 258
252 767 246
56 267 50
122 548 122
81 104 74
74 403 74
190 205 190
227 686 222
12 792 6
222 250 222
467 985 462
155 957 150
292 770 286
848 894 842
491 966 486
770 880 770
47 414 42
194 473 194
358 859 358
96 969 90
78 921 78
478 1020 478
45 509 38
90 197 90
422 491 422
879 1004 874
295 579 290
397 604 390
482 805 482
18 724 18
911 938 906
65 833 58
794 915 794
771 970 766
151 514 146
362 588 362
214 267 214
243 675 238
370 847 370
676 692 670
38 167 38
157 960 150
823 958 818
821 876 814
82 519 82
648 785 642
928 1006 922
310 588 310
86 133 86
162 312 162
126 625 126
78 414 78
439 725 434
418 570 418
430 998 430
86 167 86
713 766 706
26 486 26
360 968 354
331 526 326
358 613 358
396 886 390
94 490 94
610 786 610
398 771 398
332 973 326
782 944 782
928 1020 922
879 920 874
6 434 6
464 943 458
194 355 194
584 844 578
152 689 146
383 722 378
18 126 18
270 856 270
337 805 330
98 216 98
434 868 434
218 316 218
581 975 574
742 937 742
567 898 562
53 217 46
82 173 82
184 477 178
56 965 50
97 1001 90
773 791 766
920 933 914
985 990 978
168 316 162
286 569 286
202 259 202
30 544 30
324 725 318
113 942 106
94 153 94
366 723 366
22 264 22
117 668 110
149 262 142
370 901 370
692 782 686
226 410 226
264 594 258
606 726 606
458 502 458
399 472 394
935 1001 930
682 853 682
164 826 158
192 856 186
207 560 202
295 672 290
61 944 54
15 98 10
445 612 438
444 907 438
270 571 270
978 990 978
538 611 538
162 789 162
319 450 314
146 219 146
379 755 374
210 298 210
275 906 270
447 926 442
584 689 578
266 506 266
667 948 662
256 751 250
593 916 586
887 1011 882
393 610 386
270 861 270
948 1001 942
988 993 982
480 628 474
102 876 102
239 875 234
469 850 462
254 510 254
207 424 202
174 818 174
22 199 22
414 644 414
29 406 22
860 873 854
529 869 522
308 414 302
628 762 622
263 436 258
672 926 666
389 986 382
234 596 234
414 523 414
122 607 122
188 341 182
324 924 318
573 817 566
12 360 6
743 844 738
299 845 294
32 342 26
65 340 58
150 523 150
806 844 806
110 153 110
350 410 350
246 563 246
1 964 1
154 369 154
374 681 374
415 878 410
170 912 170
232 475 226
57 191 50
435 449 430
871 1019 866
695 930 690
350 595 350
497 1020 490
258 711 258
363 524 358
773 937 766
212 989 206
115 477 110
486 527 486
424 476 418
46 115 46
17 535 10
30 893 30
326 388 326
110 135 110
473 641 466
401 730 394
792 976 786
580 810 574
386 582 386
515 775 510
373 654 366
217 410 210
780 835 774
10 333 10
450 477 450
122 1002 122
14 312 14
66 323 66
100 368 94
620 877 614
105 933 98
272 565 266
406 1021 406
142 834 142
204 793 198
449 615 442
386 847 386
968 981 962
973 1014 966
795 800 790
881 928 874
527 660 522
422 888 422
624 635 618
948 974 942
18 565 18
598 786 598
92 348 86
679 995 674
107 475 102
928 947 922
342 511 342
669 1000 662
170 578 170
730 814 730
42 52 42
44 379 38
370 635 370
442 886 442
170 876 170
533 690 526
188 259 182
149 154 142
65 655 58
109 412 102
802 986 802
171 291 166
257 896 250
49 667 42
356 546 350
512 997 506
538 1004 538
426 476 426
177 405 170
381 1019 374
483 671 478
426 511 426
480 627 474
224 855 218
303 661 298
58 461 58
426 592 426
506 705 506
728 994 722
472 618 466
259 1024 254
120 818 114
798 962 798
131 273 126
537 543 530
34 886 34
400 444 394
758 766 758
318 853 318
530 627 530
6 754 6
784 824 778
194 305 194
190 668 190
530 985 530
136 170 130
505 590 498
625 792 618
838 999 838
59 1023 54
757 938 750
795 937 790
238 822 238
736 914 730
878 966 878
354 387 354
318 894 318
747 872 742
788 890 782
740 873 734
779 928 774
103 590 98
830 898 830
488 549 482
618 706 618
421 793 414
106 492 106
40 972 34
254 355 254
308 954 302
245 983 238
859 935 854
150 265 150
702 901 702
6 34 6
24 140 18
387 662 382
290 864 290
274 417 274
344 702 338
318 388 318
628 682 622
15 706 10
134 924 134
609 661 602
897 962 890
226 456 226
729 763 722
150 729 150
443 758 438
111 248 106
458 561 458
44 376 38
153 672 146
442 770 442
219 620 214
902 934 902
174 407 174
749 896 742
8 708 2
50 275 50
222 544 222
839 971 834
675 758 670
407 847 402
586 855 586
397 977 390
773 878 766
290 425 290
164 846 158
535 835 530
235 677 230
330 591 330
798 994 798
149 540 142
768 869 762
61 545 54
884 969 878
122 247 122
332 494 326
342 872 342
317 622 310
18 35 18
728 850 722
409 840 402
702 965 702
161 925 154
32 821 26
194 336 194
148 750 142
109 293 102
354 369 354
493 497 486
594 601 594
310 792 310
202 783 202
102 718 102
362 800 362
4 92 1
809 941 802
54 130 54
173 367 166
374 778 374
265 781 258
70 592 70
366 560 366
1 258 1
678 713 678
608 888 602
193 1004 186
319 598 314
190 326 190
520 717 514
569 808 562
931 952 926
70 490 70
40 642 34
165 229 158
58 532 58
923 971 918
52 355 46
65 990 58
97 665 90
10 989 10
712 1007 706
745 924 738
213 430 206
437 909 430
114 247 114
282 394 282
669 912 662
133 713 126
167 657 162
146 230 146
213 853 206
903 1012 898
297 659 290
460 881 454
166 663 166
157 686 150
719 759 714
42 208 42
51 308 46
57 212 50
437 884 430
417 836 410
825 919 818
479 512 474
27 811 22
46 1019 46
82 467 82
811 851 806
106 284 106
30 768 30
44 691 38
827 858 822
350 475 350
901 970 894
442 448 442
191 880 186
333 655 326
204 686 198
173 395 166
306 496 306
214 693 214
543 944 538
488 898 482
514 634 514
290 401 290
349 474 342
886 934 886
854 927 854
386 669 386
163 607 158
271 587 266
234 984 234
383 658 378
6 257 6
308 574 302
451 862 446
675 700 670
193 747 186
483 561 478
457 521 450
72 679 66
211 407 206
849 934 842
657 840 650
402 749 402
986 998 986
82 506 82
139 209 134
214 295 214
442 1004 442
165 280 158
176 184 170
14 127 14
565 754 558
753 911 746
327 674 322
399 719 394
824 914 818
981 1012 974
424 496 418
421 827 414
753 943 746
558 594 558
805 822 798
613 956 606
38 276 38
402 849 402
197 405 190
74 94 74
572 667 566
422 910 422
66 676 66
703 959 698
434 456 434
943 974 938
701 890 694
149 917 142
608 932 602
508 914 502
71 917 66
25 847 18
64 287 58
312 838 306
388 438 382
198 435 198
349 790 342
589 633 582
318 358 318
437 1006 430
67 404 62
95 850 90
635 944 630
720 852 714
677 894 670
700 979 694
54 126 54
302 513 302
607 917 602
650 741 650
114 618 114
426 581 426
618 730 618
79 721 74
943 971 938
471 983 466
85 413 78
522 644 522
131 151 126
809 997 802
976 1011 970
971 988 966
478 836 478
188 191 182
22 292 22
607 924 602
200 757 194
582 656 582
694 901 694
785 929 778
225 925 218
348 835 342
455 839 450
550 608 550
111 1021 106
125 503 118
346 397 346
122 1022 122
361 885 354
109 890 102
176 408 170
158 813 158
190 431 190
755 818 750
134 166 134
211 695 206
278 914 278
398 832 398
94 412 94
386 676 386
5 982 1
77 224 70
726 1008 726
2 560 2
892 899 886
579 946 574
162 862 162
240 967 234
94 519 94
322 983 322
448 909 442
32 1010 26
742 808 742
50 307 50
655 821 650
190 782 190
330 735 330
2 47 2
998 1012 998
178 756 178
279 504 274
371 501 366
653 675 646
222 760 222
788 950 782
218 502 218
285 823 278
461 735 454
829 952 822
828 882 822
555 590 550
864 944 858
230 253 230
569 686 562
222 357 222
591 927 586
838 904 838
738 960 738
536 982 530
663 816 658
17 683 10
773 1008 766
65 194 58
475 507 470
626 887 626
247 398 242
569 767 562
2 161 2
400 884 394
266 900 266
34 688 34
214 262 214
111 480 106
77 141 70
162 481 162
62 567 62
39 570 34
254 766 254
497 718 490
668 954 662
197 687 190
465 630 458
461 906 454
87 591 82
48 969 42
38 214 38
189 497 182
406 1010 406
756 1015 750
379 925 374
446 565 446
839 959 834
768 993 762
410 516 410
483 500 478
402 687 402
209 1014 202
396 971 390
247 919 242
586 631 586
409 573 402
270 501 270
553 817 546
569 588 562
498 912 498
466 974 466
509 894 502
86 202 86
175 271 170
143 639 138
157 183 150
917 951 910
471 1013 466
764 817 758
655 829 650
265 978 258
323 366 318
929 969 922
780 881 774
123 938 118
597 687 590
554 852 554
855 885 850
184 278 178
914 1011 914
354 384 354
897 972 890
450 638 450
454 1012 454
370 846 370
98 773 98
905 942 898
615 632 610
154 224 154
145 662 138
632 848 626
555 763 550
580 976 574
357 603 350
436 476 430
55 847 50
118 311 118
105 306 98
512 996 506
495 941 490
695 791 690
519 715 514
593 994 586
771 799 766
416 842 410
173 456 166
260 286 254
118 709 118
351 1006 346
434 709 434
562 695 562
15 26 10
494 777 494
521 844 514
967 1011 962
672 838 666
139 825 134
327 960 322
206 258 206
496 781 490
629 1009 622
529 628 522
629 993 622
390 692 390
900 949 894
650 900 650
42 684 42
739 847 734
230 743 230
393 614 386
449 471 442
565 968 558
308 865 302
390 635 390
14 857 14
129 185 122
134 557 134
158 654 158
46 324 46
466 816 466
613 629 606
729 995 722
796 816 790
49 557 42
120 999 114
401 438 394
891 902 886
750 754 750
896 900 890
138 479 138
366 827 366
194 255 194
921 987 914
194 995 194
587 659 582
265 744 258
300 958 294
32 800 26
34 198 34
254 309 254
361 845 354
674 982 674
691 909 686
91 587 86
268 647 262
418 436 418
82 170 82
344 761 338
329 336 322
134 537 134
473 779 466
21 378 14
241 739 234
559 775 554
102 969 102
872 956 866
276 613 270
596 847 590
971 1011 966
158 300 158
39 788 34
501 918 494
13 186 6
214 1000 214
707 853 702
324 632 318
265 381 258
542 557 542
214 525 214
20 489 14
252 310 246
170 841 170
320 580 314
50 278 50
6 635 6
312 942 306
437 618 430
427 543 422
863 876 858
134 320 134
34 606 34
149 212 142
394 535 394
353 560 346
485 667 478
64 325 58
96 146 90
148 317 142
82 89 82
829 861 822
44 54 38
636 763 630
126 492 126
421 597 414
282 876 282
459 904 454
610 672 610
324 732 318
1003 1012 998
302 472 302
47 1013 42
227 913 222
838 957 838
335 967 330
242 571 242
54 269 54
470 648 470
913 981 906
310 383 310
32 440 26
517 613 510
606 875 606
271 862 266
896 951 890
282 831 282
689 774 682
639 977 634
901 997 894
207 266 202
393 687 386
150 710 150
243 388 238
110 210 110
801 980 794
486 778 486
645 855 638
972 1020 966
240 472 234
378 474 378
713 760 706
642 1020 642
670 873 670
451 571 446
330 350 330
410 475 410
272 714 266
949 969 942
912 933 906
270 321 270
824 836 818
303 789 298
169 201 162
922 928 922
613 748 606
692 964 686
602 990 602
14 736 14
41 396 34
322 659 322
106 330 106
106 374 106
278 421 278
766 915 766
606 706 606
169 941 162
752 841 746
533 636 526
595 988 590
492 906 486
253 1013 246
42 367 42
511 970 506
240 1017 234
314 671 314
621 1002 614
70 832 70
6 431 6
206 345 206
354 361 354
166 382 166
929 1005 922
238 480 238
584 782 578
886 929 886
701 708 694
47 782 42
91 947 86
712 736 706
678 752 678
310 925 310
19 543 14
186 918 186
616 930 610
374 756 374
52 76 46
505 817 498
284 409 278
129 934 122
106 336 106
404 506 398
44 729 38
228 618 222
633 649 626
456 892 450
344 697 338
14 700 14
719 831 714
717 833 710
739 752 734
511 917 506
453 722 446
928 998 922
284 635 278
181 316 174
368 501 362
644 893 638
81 897 74
784 873 778
150 184 150
363 1011 358
83 142 78
420 627 414
18 93 18
71 915 66
973 1000 966
598 764 598
662 979 662
162 671 162
320 425 314
281 488 274
38 778 38
519 605 514
67 792 62
48 586 42
652 792 646
788 819 782
270 1006 270
719 948 714
439 614 434
138 215 138
597 628 590
456 672 450
202 996 202
470 776 470
794 902 794
710 1019 710
567 607 562
463 594 458
714 988 714
306 891 306
331 487 326
110 267 110
107 590 102
24 272 18
6 829 6
470 513 470
174 432 174
252 642 246
179 557 174
3 512 1
300 997 294
142 856 142
369 919 362
327 776 322
355 840 350
168 967 162
293 331 286
119 186 114
828 888 822
433 599 426
666 718 666
150 613 150
441 928 434
616 978 610
73 637 66
697 910 690
665 1011 658
122 549 122
65 968 58
976 1016 970
183 710 178
108 281 102
877 883 870
4 613 1
268 505 262
54 708 54
602 607 602
9 669 2
141 774 134
58 125 58
150 878 150
249 576 242
648 902 642
720 878 714
341 943 334
865 1012 858
68 688 62
526 972 526
126 734 126
312 679 306
654 734 654
712 915 706
358 400 358
124 577 118
460 549 454
46 935 46
269 365 262
535 602 530
178 907 178
650 1021 650
379 605 374
586 595 586
280 938 274
246 628 246
201 215 194
382 555 382
482 618 482
159 707 154
492 957 486
618 957 618
62 366 62
227 395 222
927 945 922
123 1003 118
298 464 298
76 864 70
462 895 462
431 627 426
627 718 622
406 789 406
96 905 90
376 593 370
195 453 190
210 443 210
618 855 618
844 872 838
490 572 490
159 708 154
465 679 458
173 323 166
333 574 326
181 714 174
526 994 526
307 723 302
735 832 730
436 600 430
646 852 646
263 817 258
150 478 150
796 934 790
86 545 86
42 931 42
563 623 558
790 857 790
85 981 78
927 955 922
793 824 786
70 90 70
758 919 758
60 728 54
761 810 754
402 535 402
345 893 338
266 806 266
629 806 622
662 800 662
470 541 470
464 476 458
586 985 586
215 737 210
855 877 850
953 969 946
907 920 902
42 616 42
660 927 654
823 1007 818
392 882 386
851 986 846
104 661 98
158 406 158
259 510 254
138 547 138
731 904 726
439 539 434
234 288 234
871 988 866
506 749 506
278 776 278
284 352 278
85 730 78
381 545 374
746 870 746
463 642 458
447 700 442
574 725 574
411 785 406
35 872 30
467 566 462
667 771 662
461 941 454
776 903 770
590 906 590
15 194 10
96 524 90
102 253 102
234 407 234
649 907 642
475 511 470
462 727 462
754 950 754
71 96 66
913 1011 906
293 694 286
550 1001 550
20 346 14
3 874 1
376 990 370
182 756 182
605 899 598
256 527 250
109 388 102
553 914 546
138 653 138
871 983 866
219 728 214
701 955 694
538 639 538
126 681 126
186 696 186
367 517 362
122 552 122
713 727 706
529 785 522
720 777 714
156 185 150
18 320 18
137 975 130
410 931 410
157 926 150
151 437 146
102 640 102
222 438 222
888 976 882
599 738 594
311 437 306
231 345 226
698 921 698
175 394 170
546 888 546
196 203 190
830 916 830
186 319 186
299 666 294
504 546 498
33 547 26
60 685 54
180 792 174
2 499 2
793 891 786
655 867 650
571 1017 566
85 922 78
456 628 450
671 880 666
178 606 178
74 254 74
1003 1007 998
376 625 370
79 135 74
22 159 22
262 322 262
228 773 222
78 856 78
439 1006 434
98 692 98
22 475 22
190 617 190
651 826 646
170 379 170
22 419 22
154 233 154
553 888 546
582 874 582
3 72 1
543 705 538
86 188 86
669 736 662
347 537 342
10 872 10
88 984 82
685 966 678
477 630 470
164 486 158
458 599 458
481 568 474
138 485 138
346 414 346
688 869 682
490 802 490
619 1007 614
459 1021 454
10 32 10
767 785 762
382 731 382
173 489 166
436 778 430
900 969 894
828 962 822
304 660 298
467 900 462
242 810 242
440 716 434
690 781 690
227 705 222
759 775 754
10 83 10
735 809 730
403 887 398
207 963 202
180 617 174
902 978 902
440 843 434
431 1015 426
52 862 46
66 908 66
386 448 386
170 511 170
223 823 218
50 326 50
382 603 382
260 563 254
238 394 238
390 582 390
25 453 18
196 992 190
408 554 402
688 788 682
40 672 34
116 552 110
118 241 118
50 294 50
302 399 302
144 378 138
186 770 186
456 478 450
206 613 206
188 573 182
51 794 46
755 907 750
601 800 594
30 534 30
134 825 134
134 159 134
67 212 62
78 165 78
490 1006 490
912 969 906
126 720 126
782 916 782
300 1002 294
158 262 158
28 115 22
178 272 178
452 662 446
78 688 78
18 751 18
314 457 314
681 1016 674
121 517 114
531 1021 526
485 863 478
209 392 202
571 786 566
568 1024 562
86 267 86
610 936 610
636 961 630
17 390 10
174 290 174
168 883 162
23 272 18
358 383 358
851 951 846
817 930 810
33 530 26
208 1012 202
661 721 654
398 585 398
747 846 742
202 221 202
77 606 70
186 298 186
176 499 170
529 619 522
701 825 694
30 54 30
482 513 482
159 437 154
813 847 806
550 964 550
429 661 422
168 339 162
58 420 58
748 847 742
512 565 506
158 663 158
238 401 238
449 632 442
450 467 450
19 682 14
554 660 554
182 272 182
326 1008 326
561 905 554
512 747 506
858 933 858
226 280 226
115 453 110
692 989 686
699 716 694
673 937 666
563 1020 558
925 1001 918
383 593 378
454 938 454
406 458 406
690 783 690
10 230 10
58 328 58
510 593 510
515 578 510
72 467 66
727 774 722
353 791 346
274 898 274
106 121 106
877 1011 870
82 116 82
424 948 418
465 918 458
94 244 94
114 549 114
186 650 186
110 415 110
470 1003 470
22 53 22
152 484 146
853 901 846
120 872 114
416 728 410
14 417 14
996 1002 990
451 920 446
427 810 422
415 653 410
214 612 214
266 463 266
954 984 954
756 855 750
797 925 790
47 826 42
782 879 782
162 267 162
201 441 194
804 899 798
185 713 178
54 281 54
164 563 158
580 625 574
76 919 70
97 738 90
263 532 258
641 730 634
102 464 102
502 748 502
761 805 754
149 457 142
518 620 518
1 119 1
60 862 54
199 637 194
248 406 242
697 722 690
414 828 414
473 941 466
113 652 106
782 844 782
86 236 86
392 610 386
594 891 594
302 319 302
10 589 10
173 1019 166
153 167 146
545 882 538
44 569 38
387 700 382
715 720 710
404 880 398
66 600 66
16 160 10
549 967 542
82 636 82
315 987 310
364 891 358
122 383 122
363 428 358
84 281 78
481 613 474
194 228 194
74 155 74
48 726 42
251 658 246
114 464 114
216 725 210
773 990 766
110 189 110
408 506 402
502 846 502
97 786 90
161 853 154
128 747 122
607 870 602
518 723 518
328 929 322
70 651 70
722 774 722
6 390 6
282 755 282
410 457 410
460 555 454
73 838 66
30 351 30
809 958 802
268 600 262
480 683 474
138 490 138
34 111 34
190 605 190
363 511 358
244 990 238
51 355 46
290 353 290
774 971 774
105 232 98
101 274 94
349 563 342
264 1009 258
456 852 450
42 110 42
107 739 102
294 592 294
680 995 674
804 876 798
723 985 718
18 89 18
869 876 862
138 410 138
905 976 898
197 660 190
942 1004 942
311 439 306
13 385 6
346 438 346
50 180 50
187 788 182
577 582 570
961 1006 954
718 965 718
46 122 46
350 491 350
4 447 1
213 238 206
407 828 402
82 842 82
42 114 42
37 953 30
951 988 946
148 218 142
58 230 58
368 671 362
902 990 902
467 963 462
6 914 6
355 618 350
114 485 114
287 577 282
760 878 754
16 125 10
764 985 758
265 871 258
854 897 854
778 873 778
528 925 522
107 895 102
147 297 142
227 387 222
54 85 54
248 557 242
562 880 562
321 428 314
112 463 106
210 292 210
134 313 134
202 509 202
126 879 126
752 786 746
74 454 74
246 968 246
2 725 2
519 711 514
334 834 334
173 246 166
106 339 106
53 597 46
836 852 830
733 743 726
628 948 622
463 716 458
10 849 10
130 156 130
134 192 134
6 96 6
10 332 10
382 899 382
744 860 738
571 579 566
124 399 118
314 485 314
945 966 938
776 867 770
596 691 590
62 124 62
182 742 182
582 985 582
406 541 406
508 845 502
206 229 206
496 833 490
879 946 874
625 692 618
768 797 762
527 627 522
471 907 466
106 658 106
366 468 366
179 382 174
888 907 882
226 658 226
1 534 1
303 441 298
694 832 694
591 826 586
503 826 498
639 825 634
128 472 122
873 995 866
186 308 186
510 973 510
552 849 546
90 196 90
586 778 586
1 705 1
539 752 534
259 863 254
213 490 206
910 972 910
256 933 250
192 626 186
226 402 226
150 865 150
687 787 682
51 916 46
129 285 122
237 570 230
470 512 470
666 793 666
937 979 930
249 358 242
350 606 350
248 590 242
718 796 718
502 628 502
220 708 214
66 406 66
93 548 86
292 463 286
478 507 478
412 980 406
596 854 590
26 96 26
95 492 90
6 191 6
306 504 306
397 943 390
316 476 310
289 455 282
445 719 438
169 514 162
8 302 2
25 210 18
26 505 26
106 167 106
442 591 442
829 845 822
782 890 782
208 373 202
49 248 42
341 898 334
553 626 546
574 606 574
163 854 158
679 748 674
126 749 126
407 663 402
6 132 6
236 705 230
846 919 846
458 653 458
50 101 50
100 146 94
896 950 890
407 705 402
888 956 882
222 520 222
266 736 266
516 944 510
562 698 562
422 448 422
851 866 846
710 950 710
981 993 974
6 510 6
365 922 358
194 314 194
482 573 482
67 529 62
952 970 946
94 393 94
412 805 406
625 1017 618
358 848 358
871 999 866
585 639 578
411 679 406
56 776 50
252 753 246
286 824 286
29 78 22
503 748 498
362 405 362
787 939 782
777 838 770
25 85 18
126 546 126
180 764 174
511 573 506
111 904 106
113 463 106
458 1015 458
174 403 174
742 938 742
482 617 482
174 870 174
52 685 46
3 160 1
633 921 626
128 299 122
114 371 114
492 522 486
670 922 670
258 292 258
324 634 318
77 944 70
809 854 802
17 481 10
439 726 434
16 858 10
549 658 542
803 951 798
590 734 590
607 759 602
156 577 150
112 855 106
326 393 326
448 729 442
233 280 226
342 358 342
83 223 78
88 440 82
106 703 106
306 687 306
361 411 354
269 824 262
776 829 770
626 780 626
494 563 494
361 807 354
489 684 482
262 306 262
334 353 334
737 1004 730
218 263 218
366 427 366
224 328 218
366 414 366
442 665 442
63 542 58
259 678 254
613 964 606
78 909 78
55 770 50
53 238 46
173 466 166
70 355 70
540 961 534
382 525 382
529 948 522
190 218 190
428 874 422
330 904 330
340 670 334
652 655 646
734 914 734
277 540 270
174 846 174
817 970 810
326 995 326
213 984 206
58 633 58
45 349 38
382 556 382
389 979 382
86 774 86
58 374 58
3 999 1
261 768 254
757 842 750
779 1014 774
694 806 694
58 756 58
719 763 714
142 188 142
508 745 502
776 910 770
660 894 654
566 804 566
171 465 166
425 740 418
54 94 54
130 387 130
767 883 762
732 978 726
341 931 334
430 546 430
41 1004 34
789 992 782
22 720 22
718 961 718
389 978 382
490 915 490
152 435 146
266 290 266
939 995 934
302 430 302
338 860 338
436 801 430
491 838 486
250 921 250
274 279 274
210 893 210
392 617 386
606 940 606
53 277 46
556 743 550
390 782 390
16 690 10
312 370 306
496 794 490
287 356 282
915 998 910
522 667 522
609 701 602
2 662 2
126 527 126
584 767 578
453 599 446
462 778 462
943 992 938
475 903 470
168 550 162
776 872 770
137 539 130
751 801 746
448 993 442
261 1012 254
334 910 334
50 618 50
393 760 386
1 33 1
143 763 138
547 855 542
341 686 334
215 485 210
856 901 850
296 869 290
154 209 154
298 702 298
66 106 66
426 532 426
472 941 466
236 690 230
24 59 18
10 689 10
851 936 846
267 493 262
66 577 66
66 1006 66
211 227 206
183 247 178
725 811 718
345 463 338
452 600 446
304 419 298
446 722 446
694 775 694
73 733 66
22 530 22
23 242 18
710 719 710
186 913 186
60 380 54
256 273 250
411 786 406
382 479 382
153 693 146
254 587 254
430 836 430
113 295 106
93 935 86
494 614 494
118 878 118
589 737 582
34 177 34
969 1020 962
716 931 710
66 707 66
123 559 118
462 1006 462
38 169 38
769 883 762
718 875 718
406 582 406
477 581 470
716 814 710
158 196 158
96 477 90
58 290 58
251 440 246
67 595 62
290 651 290
75 143 70
710 863 710
265 741 258
267 461 262
138 672 138
6 85 6
130 613 130
378 664 378
282 945 282
150 221 150
418 477 418
639 912 634
94 232 94
775 838 770
122 537 122
572 690 566
134 947 134
611 1009 606
218 515 218
654 817 654
34 916 34
398 824 398
150 624 150
728 824 722
534 616 534
442 925 442
306 430 306
371 457 366
506 915 506
153 789 146
73 828 66
46 134 46
42 136 42
498 891 498
734 961 734
450 490 450
844 972 838
25 293 18
348 947 342
647 689 642
723 903 718
48 478 42
919 1012 914
468 970 462
364 410 358
640 726 634
742 876 742
358 393 358
62 312 62
334 855 334
295 861 290
302 977 302
405 727 398
277 723 270
846 891 846
837 964 830
15 904 10
578 617 578
907 1007 902
279 690 274
370 696 370
574 618 574
684 990 678
188 706 182
101 868 94
258 670 258
126 686 126
143 180 138
894 962 894
372 395 366
447 522 442
557 885 550
888 995 882
820 974 814
607 735 602
114 1020 114
31 919 26
215 314 210
720 894 714
54 111 54
52 731 46
139 665 134
292 788 286
600 798 594
605 854 598
374 907 374
690 996 690
776 989 770
129 255 122
538 675 538
165 788 158
192 404 186
2 115 2
322 611 322
859 899 854
612 947 606
961 1016 954
785 823 778
582 854 582
905 906 898
359 497 354
616 1020 610
301 586 294
61 632 54
125 1004 118
526 577 526
26 924 26
270 969 270
589 642 582
670 834 670
352 751 346
350 647 350
138 301 138
158 168 158
212 406 206
414 865 414
340 597 334
6 688 6
189 373 182
40 731 34
668 959 662
860 975 854
615 822 610
693 849 686
71 581 66
166 929 166
928 1011 922
246 373 246
913 955 906
807 835 802
62 537 62
326 780 326
620 757 614
880 885 874
72 252 66
305 454 298
100 1011 94
507 871 502
374 775 374
481 768 474
14 112 14
339 555 334
292 552 286
342 350 342
325 813 318
548 997 542
148 877 142
107 493 102
66 380 66
383 734 378
283 846 278
82 146 82
849 940 842
58 286 58
137 663 130
5 278 1
566 622 566
81 584 74
520 733 514
29 919 22
129 570 122
42 707 42
64 599 58
197 677 190
583 778 578
155 297 150
621 697 614
47 141 42
78 395 78
706 781 706
98 199 98
435 463 430
382 604 382
256 759 250
352 785 346
369 797 362
56 330 50
480 842 474
42 113 42
328 905 322
8 666 2
311 868 306
325 379 318
542 739 542
126 618 126
821 1006 814
318 959 318
458 762 458
242 413 242
176 882 170
399 693 394
277 612 270
368 772 362
744 936 738
575 905 570
691 732 686
709 761 702
66 151 66
238 282 238
449 453 442
6 174 6
324 527 318
598 858 598
759 875 754
10 1008 10
15 112 10
435 588 430
685 839 678
537 805 530
461 917 454
26 49 26
29 297 22
386 788 386
364 1005 358
653 702 646
190 381 190
607 747 602
654 924 654
85 740 78
509 852 502
67 324 62
86 549 86
206 458 206
29 437 22
11 466 6
606 957 606
527 885 522
191 617 186
97 128 90
235 1020 230
924 954 918
27 948 22
485 842 478
1005 1016 998
550 627 550
23 506 18
528 531 522
222 413 222
529 620 522
100 696 94
236 1021 230
175 343 170
122 398 122
66 273 66
558 627 558
416 634 410
91 738 86
277 340 270
226 1003 226
329 691 322
396 629 390
135 950 130
13 270 6
37 143 30
362 893 362
185 302 178
187 981 182
987 1002 982
35 465 30
174 783 174
652 858 646
64 657 58
413 738 406
110 117 110
729 783 722
153 198 146
912 984 906
34 286 34
622 957 622
644 778 638
230 674 230
6 150 6
600 890 594
197 446 190
126 1003 126
90 345 90
459 936 454
44 408 38
277 535 270
849 956 842
362 905 362
513 956 506
907 926 902
852 905 846
196 686 190
52 239 46
497 724 490
179 385 174
90 980 90
203 737 198
649 889 642
672 940 666
697 981 690
453 576 446
99 575 94
493 901 486
80 705 74
407 856 402
205 460 198
226 811 226
534 648 534
372 958 366
46 510 46
120 892 114
54 162 54
542 683 542
687 818 682
350 368 350
86 150 86
374 391 374
158 404 158
22 44 22
446 572 446
621 892 614
14 813 14
654 861 654
585 680 578
265 907 258
118 421 118
979 1020 974
262 881 262
139 152 134
319 857 314
3 202 1
915 935 910
200 342 194
50 126 50
365 822 358
390 592 390
57 510 50
69 557 62
107 853 102
427 568 422
1003 1017 998
518 978 518
58 321 58
903 976 898
85 753 78
746 772 746
171 867 166
313 717 306
214 641 214
326 753 326
90 150 90
401 949 394
428 562 422
236 392 230
198 487 198
310 571 310
800 1004 794
387 683 382
374 798 374
109 676 102
402 711 402
102 262 102
155 1005 150
373 609 366
6 177 6
398 719 398
101 731 94
549 582 542
184 738 178
202 298 202
413 564 406
344 522 338
845 871 838
141 661 134
50 271 50
773 802 766
681 896 674
46 824 46
252 661 246
643 762 638
442 622 442
258 584 258
583 612 578
90 825 90
460 606 454
694 862 694
705 984 698
13 721 6
206 300 206
22 489 22
610 848 610
334 484 334
823 875 818
599 966 594
278 905 278
383 862 378
356 939 350
586 700 586
937 947 930
528 793 522
137 652 130
237 862 230
212 661 206
14 137 14
390 906 390
430 541 430
609 875 602
427 942 422
738 762 738
98 298 98
171 282 166
194 220 194
98 989 98
182 312 182
741 987 734
633 914 626
477 643 470
450 936 450
238 898 238
429 638 422
350 533 350
70 266 70
252 995 246
145 426 138
156 223 150
490 798 490
29 754 22
210 685 210
74 461 74
839 910 834
284 816 278
272 912 266
91 464 86
433 865 426
67 256 62
474 789 474
25 858 18
434 553 434
953 959 946
290 649 290
274 721 274
276 572 270
508 520 502
244 699 238
88 409 82
473 543 466
154 453 154
638 953 638
326 807 326
906 912 906
402 806 402
470 970 470
665 916 658
250 773 250
648 884 642
98 295 98
610 812 610
526 703 526
150 447 150
418 438 418
95 417 90
900 965 894
601 881 594
117 433 110
218 245 218
202 216 202
2 181 2
299 903 294
381 949 374
54 153 54
20 571 14
46 480 46
79 817 74
525 672 518
799 823 794
20 120 14
665 1019 658
236 688 230
238 286 238
148 684 142
38 585 38
702 924 702
333 462 326
782 1006 782
483 865 478
50 369 50
549 993 542
964 974 958
366 434 366
423 464 418
723 761 718
879 939 874
40 526 34
810 827 810
111 873 106
427 1024 422
275 491 270
831 957 826
6 311 6
458 870 458
131 401 126
58 154 58
310 397 310
236 799 230
412 982 406
15 550 10
303 863 298
127 905 122
722 1012 722
229 621 222
750 900 750
121 594 114
8 435 2
298 786 298
374 647 374
949 1013 942
354 991 354
886 926 886
364 749 358
282 351 282
339 590 334
316 764 310
106 264 106
414 551 414
168 318 162
696 793 690
234 324 234
945 950 938
639 775 634
432 665 426
741 922 734
696 983 690
784 999 778
61 515 54
111 359 106
424 821 418
54 122 54
315 324 310
669 795 662
225 384 218
230 736 230
339 451 334
426 925 426
975 1008 970
702 857 702
824 900 818
494 697 494
257 777 250
18 837 18
165 673 158
557 572 550
196 240 190
19 576 14
302 676 302
545 709 538
153 475 146
204 286 198
438 800 438
342 596 342
520 660 514
74 141 74
506 667 506
167 915 162
434 554 434
287 923 282
108 1020 102
5 423 1
257 782 250
135 379 130
16 948 10
439 936 434
311 331 306
640 875 634
892 953 886
531 648 526
411 517 406
110 493 110
643 649 638
750 885 750
217 419 210
340 720 334
54 750 54
220 669 214
74 188 74
49 657 42
3 835 1
260 354 254
236 867 230
755 998 750
403 666 398
158 411 158
558 798 558
669 861 662
298 465 298
34 438 34
283 362 278
626 883 626
600 972 594
433 471 426
848 1006 842
609 723 602
535 614 530
23 892 18
104 211 98
594 792 594
539 673 534
78 390 78
148 228 142
358 938 358
142 251 142
136 435 130
106 401 106
375 818 370
422 578 422
581 769 574
361 636 354
418 915 418
151 609 146
54 119 54
86 108 86
183 881 178
81 707 74
38 325 38
711 718 706
12 431 6
110 788 110
200 577 194
50 946 50
103 320 98
114 660 114
130 305 130
853 962 846
535 638 530
458 939 458
458 785 458
214 450 214
624 924 618
162 217 162
989 992 982
337 730 330
431 615 426
922 941 922
268 631 262
69 344 62
515 550 510
2 111 2
597 631 590
390 875 390
793 813 786
327 624 322
694 819 694
126 493 126
597 905 590
989 1005 982
623 678 618
203 709 198
334 935 334
842 936 842
530 901 530
932 993 926
326 575 326
86 136 86
662 730 662
28 1015 22
222 1010 222
680 834 674
354 493 354
109 524 102
746 814 746
881 902 874
21 720 14
119 657 114
615 1007 610
100 231 94
478 568 478
418 796 418
436 553 430
631 866 626
717 813 710
82 556 82
548 768 542
222 479 222
200 569 194
389 803 382
172 244 166
243 855 238
287 670 282
675 872 670
130 160 130
322 725 322
139 391 134
106 125 106
406 737 406
432 848 426
20 989 14
322 843 322
613 622 606
655 785 650
122 855 122
295 432 290
926 942 926
515 729 510
694 951 694
489 799 482
430 514 430
698 830 698
86 844 86
409 605 402
98 288 98
14 761 14
67 901 62
499 771 494
389 592 382
352 706 346
888 919 882
305 534 298
308 401 302
578 681 578
54 982 54
104 439 98
402 866 402
476 491 470
199 880 194
105 906 98
27 467 22
36 580 30
182 706 182
811 854 806
354 441 354
601 762 594
137 370 130
130 418 130
718 905 718
224 730 218
86 427 86
239 251 234
74 639 74
777 822 770
904 987 898
623 716 618
374 579 374
400 813 394
407 664 402
388 898 382
44 1011 38
178 184 178
730 1021 730
609 1024 602
654 994 654
270 503 270
256 957 250
234 408 234
481 495 474
147 603 142
824 912 818
280 833 274
358 536 358
247 512 242
582 991 582
43 146 38
244 688 238
438 532 438
981 986 974
141 623 134
508 723 502
199 374 194
661 924 654
393 824 386
30 815 30
222 526 222
340 955 334
460 708 454
773 922 766
561 621 554
113 420 106
483 724 478
514 690 514
190 705 190
244 514 238
282 957 282
119 538 114
129 752 122
613 1000 606
70 296 70
378 927 378
740 768 734
571 844 566
207 557 202
342 772 342
972 1005 966
57 388 50
365 894 358
711 908 706
728 730 722
22 45 22
424 636 418
961 1023 954
551 564 546
702 834 702
74 199 74
262 415 262
382 1015 382
344 857 338
252 582 246
290 514 290
167 344 162
588 835 582
60 788 54
273 670 266
116 249 110
623 639 618
638 675 638
348 777 342
863 946 858
848 929 842
988 1011 982
398 812 398
620 908 614
17 739 10
54 364 54
502 744 502
102 351 102
87 410 82
244 885 238
184 440 178
497 782 490
90 272 90
774 942 774
10 924 10
722 749 722
372 565 366
279 833 274
285 964 278
278 537 278
18 552 18
385 398 378
26 450 26
525 913 518
458 867 458
223 396 218
881 919 874
712 1004 706
822 942 822
323 614 318
532 586 526
547 852 542
290 508 290
370 902 370
10 840 10
118 200 118
45 280 38
362 770 362
42 197 42
147 220 142
698 941 698
354 795 354
751 759 746
51 604 46
256 525 250
834 906 834
30 90 30
18 499 18
45 275 38
939 1013 934
295 400 290
161 535 154
721 750 714
15 387 10
116 463 110
298 333 298
581 774 574
634 923 634
590 715 590
417 706 410
110 285 110
82 119 82
332 804 326
728 1012 722
109 632 102
19 966 14
510 728 510
127 151 122
362 411 362
893 1008 886
644 985 638
142 220 142
347 446 342
26 659 26
334 621 334
134 257 134
538 625 538
950 991 950
777 944 770
46 92 46
468 971 462
133 957 126
722 857 722
559 867 554
629 792 622
105 688 98
198 538 198
799 933 794
604 805 598
102 525 102
86 247 86
99 129 94
455 890 450
178 686 178
216 830 210
255 991 250
122 291 122
329 739 322
2 640 2
40 242 34
6 728 6
104 801 98
415 711 410
482 742 482
71 115 66
139 699 134
587 851 582
97 439 90
546 1010 546
524 1019 518
116 380 110
43 341 38
484 1013 478
318 517 318
236 441 230
199 357 194
238 706 238
809 827 802
504 762 498
164 874 158
538 779 538
708 822 702
30 599 30
25 573 18
138 545 138
119 382 114
333 867 326
286 350 286
569 586 562
925 1024 918
78 483 78
491 786 486
457 742 450
216 434 210
159 229 154
284 342 278
170 465 170
479 655 474
34 261 34
346 579 346
219 665 214
190 556 190
17 40 10
739 926 734
478 617 478
854 953 854
108 526 102
690 1018 690
329 780 322
959 996 954
645 786 638
819 959 814
178 298 178
208 606 202
873 874 866
443 476 438
90 126 90
6 201 6
352 890 346
324 590 318
181 960 174
118 390 118
214 319 214
742 886 742
919 1016 914
1 654 1
908 996 902
103 865 98
289 309 282
928 975 922
495 944 490
491 704 486
683 879 678
927 977 922
158 191 158
947 956 942
899 946 894
166 927 166
20 667 14
66 351 66
173 781 166
234 551 234
328 448 322
210 413 210
138 348 138
366 907 366
354 949 354
2 539 2
861 915 854
861 904 854
203 397 198
415 740 410
328 537 322
511 527 506
375 890 370
935 999 930
362 744 362
158 383 158
612 936 606
210 623 210
914 1022 914
758 868 758
266 355 266
68 333 62
873 924 866
220 512 214
534 938 534
243 999 238
249 542 242
404 968 398
42 175 42
601 848 594
75 629 70
404 982 398
675 792 670
592 735 586
34 901 34
620 899 614
519 586 514
805 974 798
676 850 670
153 158 146
188 372 182
294 527 294
47 220 42
253 385 246
117 451 110
38 821 38
54 445 54
589 692 582
917 970 910
643 771 638
53 636 46
261 792 254
16 389 10
452 491 446
450 492 450
972 1023 966
402 477 402
71 532 66
222 807 222
82 411 82
147 602 142
214 492 214
121 473 114
281 782 274
110 539 110
960 1003 954
216 267 210
782 925 782
182 205 182
218 483 218
673 750 666
831 1018 826
122 191 122
569 838 562
30 363 30
514 835 514
90 892 90
158 176 158
758 770 758
801 995 794
729 886 722
287 997 282
166 462 166
18 833 18
502 986 502
778 890 778
667 822 662
294 402 294
691 717 686
157 956 150
595 626 590
627 871 622
448 756 442
444 542 438
706 921 706
981 1010 974
74 509 74
51 638 46
206 734 206
18 570 18
790 807 790
2 868 2
140 679 134
399 799 394
302 813 302
599 675 594
8 763 2
15 417 10
419 558 414
87 978 82
755 867 750
339 887 334
329 925 322
446 754 446
105 278 98
736 877 730
2 200 2
357 480 350
588 800 582
46 892 46
321 470 314
750 942 750
154 337 154
674 714 674
470 575 470
414 506 414
87 560 82
442 499 442
126 595 126
944 969 938
507 1015 502
355 762 350
92 911 86
889 995 882
991 1005 986
38 230 38
845 867 838
14 278 14
529 885 522
598 899 598
362 479 362
62 216 62
555 843 550
20 487 14
669 967 662
114 224 114
495 782 490
206 262 206
86 465 86
666 676 666
556 749 550
765 1012 758
465 619 458
42 718 42
321 942 314
82 149 82
536 774 530
344 385 338
304 715 298
435 779 430
911 1019 906
659 785 654
114 145 114
466 474 466
787 981 782
774 786 774
80 537 74
837 919 830
703 914 698
466 597 466
473 932 466
365 476 358
423 1024 418
107 988 102
162 724 162
698 867 698
176 610 170
328 821 322
665 770 658
790 1013 790
417 630 410
760 934 754
116 651 110
410 848 410
68 933 62
294 721 294
629 898 622
595 649 590
3 139 1
607 626 602
632 766 626
812 840 806
214 409 214
631 759 626
370 982 370
35 676 30
228 942 222
173 229 166
93 289 86
385 658 378
624 685 618
594 837 594
555 652 550
129 267 122
523 589 518
98 322 98
284 987 278
354 845 354
18 889 18
280 610 274
545 817 538
724 989 718
98 518 98
102 867 102
144 944 138
592 838 586
509 671 502
302 348 302
938 952 938
463 844 458
234 275 234
204 931 198
404 896 398
955 975 950
919 977 914
414 728 414
384 768 378
667 696 662
478 618 478
42 130 42
474 1020 474
333 1005 326
225 1008 218
454 558 454
719 923 714
779 956 774
2 125 2
282 287 282
303 548 298
230 298 230
139 308 134
301 631 294
49 1010 42
498 768 498
721 973 714
518 587 518
481 1002 474
148 199 142
354 592 354
37 132 30
773 923 766
861 974 854
872 891 866
46 174 46
284 658 278
109 732 102
324 376 318
672 1020 666
235 498 230
896 966 890
775 809 770
194 223 194
448 680 442
628 1004 622
22 68 22
807 923 802
242 736 242
330 722 330
110 260 110
791 948 786
70 88 70
362 394 362
95 705 90
242 1011 242
87 143 82
78 599 78
320 938 314
296 659 290
525 729 518
468 548 462
58 712 58
37 976 30
198 211 198
765 962 758
477 836 470
14 903 14
198 634 198
468 748 462
396 588 390
190 243 190
59 953 54
544 787 538
230 465 230
498 784 498
436 516 430
515 964 510
134 704 134
486 491 486
851 1001 846
299 558 294
605 751 598
65 863 58
183 587 178
226 966 226
918 943 918
169 865 162
190 293 190
315 864 310
324 792 318
633 825 626
390 603 390
919 924 914
200 814 194
847 890 842
6 335 6
233 980 226
400 678 394
332 518 326
560 887 554
720 805 714
108 185 102
226 655 226
458 820 458
102 148 102
10 56 10
863 1000 858
34 592 34
126 373 126
663 1000 658
364 561 358
752 1007 746
74 378 74
833 928 826
759 935 754
568 758 562
179 220 174
432 637 426
122 860 122
260 663 254
604 729 598
266 985 266
80 84 74
14 152 14
525 815 518
670 782 670
143 651 138
57 82 50
150 374 150
552 643 546
82 489 82
208 798 202
374 944 374
380 970 374
274 785 274
280 524 274
34 817 34
570 906 570
321 760 314
967 981 962
47 1000 42
186 620 186
196 947 190
390 652 390
314 719 314
599 604 594
780 955 774
38 927 38
461 886 454
358 412 358
189 590 182
134 186 134
2 189 2
242 763 242
841 859 834
154 864 154
839 916 834
212 388 206
278 513 278
523 749 518
155 499 150
162 803 162
669 993 662
167 466 162
211 766 206
9 381 2
160 458 154
24 681 18
62 997 62
285 767 278
485 838 478
664 903 658
445 787 438
888 942 882
758 854 758
822 848 822
34 352 34
415 937 410
171 184 166
77 118 70
908 1014 902
102 286 102
640 707 634
833 836 826
675 971 670
155 922 150
191 254 186
814 1005 814
198 450 198
752 920 746
40 950 34
437 625 430
240 850 234
840 964 834
34 113 34
111 260 106
109 591 102
284 839 278
97 388 90
775 807 770
705 724 698
799 932 794
531 739 526
244 491 238
14 115 14
170 328 170
541 859 534
30 275 30
154 314 154
382 631 382
808 1010 802
33 777 26
138 246 138
231 332 226
450 506 450
584 832 578
189 297 182
406 635 406
794 923 794
406 684 406
5 787 1
286 312 286
21 576 14
619 829 614
210 326 210
497 598 490
424 497 418
128 301 122
364 743 358
33 512 26
30 854 30
2 485 2
114 696 114
225 275 218
964 1018 958
10 403 10
62 759 62
560 791 554
881 1002 874
68 180 62
192 699 186
373 400 366
206 550 206
185 561 178
70 525 70
275 657 270
89 349 82
35 313 30
513 861 506
306 445 306
246 626 246
578 648 578
48 80 42
753 869 746
152 829 146
290 918 290
575 818 570
55 705 50
102 203 102
803 961 798
490 878 490
771 843 766
409 479 402
118 841 118
727 939 722
277 501 270
31 759 26
98 147 98
334 852 334
730 1016 730
163 413 158
806 957 806
470 964 470
195 579 190
755 836 750
6 229 6
156 434 150
479 840 474
269 651 262
331 719 326
492 501 486
671 946 666
537 893 530
146 480 146
327 778 322
21 934 14
46 170 46
282 431 282
729 831 722
104 730 98
590 716 590
237 1013 230
286 463 286
218 494 218
386 462 386
104 291 98
321 672 314
191 800 186
74 660 74
61 985 54
62 82 62
977 979 970
159 517 154
541 579 534
238 847 238
611 877 606
477 506 470
333 729 326
68 285 62
610 806 610
353 698 346
301 637 294
192 423 186
525 837 518
889 990 882
867 982 862
13 180 6
424 612 418
799 1017 794
37 652 30
430 618 430
955 983 950
245 919 238
468 1001 462
478 961 478
27 165 22
408 630 402
335 857 330
7 923 2
863 996 858
603 884 598
409 872 402
70 615 70
259 337 254
233 565 226
449 468 442
17 912 10
215 518 210
76 224 70
417 424 410
99 270 94
203 440 198
5 957 1
198 422 198
683 745 678
314 430 314
365 605 358
608 641 602
845 872 838
922 999 922
60 234 54
856 892 850
782 793 782
26 152 26
312 974 306
338 447 338
667 984 662
546 675 546
329 831 322
103 1019 98
697 963 690
647 880 642
86 786 86
479 942 474
443 971 438
834 1016 834
53 895 46
236 918 230
542 751 542
50 80 50
410 805 410
182 265 182
522 822 522
37 708 30
37 737 30
543 762 538
35 438 30
306 603 306
364 390 358
272 599 266
353 921 346
747 975 742
309 944 302
643 885 638
218 718 218
81 747 74
642 684 642
373 886 366
402 597 402
10 380 10
818 945 818
284 785 278
606 1018 606
266 482 266
410 557 410
348 444 342
670 792 670
452 698 446
306 342 306
289 859 282
375 554 370
126 841 126
14 222 14
166 787 166
161 313 154
59 429 54
876 926 870
206 471 206
21 608 14
126 1007 126
177 812 170
477 870 470
28 67 22
637 706 630
76 1005 70
182 758 182
609 899 602
88 182 82
594 616 594
199 204 194
195 985 190
444 676 438
724 903 718
723 841 718
213 285 206
847 911 842
443 760 438
555 613 550
296 860 290
170 365 170
1 227 1
466 818 466
912 953 906
660 734 654
431 903 426
499 934 494
760 970 754
561 926 554
150 237 150
328 718 322
62 932 62
478 953 478
90 136 90
684 885 678
154 367 154
634 883 634
58 923 58
113 717 106
799 816 794
312 396 306
511 1020 506
966 985 966
112 190 106
198 238 198
849 924 842
525 556 518
11 125 6
672 767 666
270 997 270
134 273 134
50 189 50
113 806 106
253 299 246
614 693 614
347 583 342
834 891 834
6 953 6
964 985 958
129 194 122
531 876 526
936 994 930
68 747 62
153 488 146
595 958 590
387 503 382
609 703 602
76 479 70
94 523 94
54 215 54
742 1023 742
818 967 818
250 349 250
668 726 662
511 948 506
174 581 174
120 165 114
708 745 702
114 404 114
50 884 50
393 650 386
412 990 406
877 913 870
82 438 82
153 846 146
251 472 246
465 882 458
301 316 294
936 1002 930
246 731 246
274 945 274
6 47 6
134 512 134
14 257 14
147 576 142
278 473 278
16 630 10
129 381 122
186 569 186
6 197 6
44 1000 38
106 184 106
872 884 866
40 144 34
74 795 74
8 563 2
661 884 654
300 955 294
328 455 322
886 1010 886
22 51 22
413 567 406
218 927 218
32 362 26
449 783 442
150 264 150
74 258 74
278 787 278
689 861 682
376 916 370
963 997 958
358 636 358
144 451 138
515 552 510
266 766 266
105 927 98
381 544 374
378 897 378
51 228 46
330 799 330
732 901 726
131 546 126
560 953 554
96 400 90
133 787 126
601 912 594
502 693 502
102 162 102
38 411 38
390 1008 390
110 243 110
222 711 222
74 102 74
796 842 790
69 303 62
324 772 318
572 629 566
277 402 270
99 477 94
483 541 478
570 666 570
345 992 338
502 758 502
425 784 418
97 916 90
444 666 438
348 1014 342
980 986 974
840 904 834
22 436 22
119 410 114
893 934 886
86 453 86
219 482 214
195 230 190
359 867 354
293 346 286
288 376 282
405 859 398
453 532 446
484 915 478
128 391 122
14 170 14
757 909 750
298 454 298
943 1011 938
706 1017 706
796 801 790
264 938 258
50 835 50
481 522 474
281 914 274
142 1019 142
297 860 290
175 747 170
688 790 682
55 686 50
741 888 734
627 967 622
96 239 90
374 860 374
286 607 286
682 935 682
490 588 490
422 737 422
282 972 282
684 956 678
394 879 394
174 208 174
213 965 206
103 158 98
122 358 122
847 1015 842
597 941 590
354 898 354
218 996 218
146 220 146
249 472 242
855 1014 850
2 174 2
19 611 14
158 716 158
374 451 374
418 459 418
724 855 718
612 1013 606
525 605 518
675 1012 670
422 623 422
695 788 690
470 808 470
582 901 582
54 214 54
307 979 302
139 310 134
127 345 122
18 303 18
586 684 586
674 837 674
22 466 22
550 986 550
483 499 478
31 481 26
42 103 42
699 921 694
258 523 258
467 520 462
554 999 554
114 394 114
923 938 918
147 210 142
342 641 342
421 605 414
22 815 22
226 335 226
262 358 262
883 1024 878
50 219 50
596 682 590
553 830 546
296 787 290
772 852 766
231 427 226
214 785 214
21 835 14
34 620 34
133 812 126
772 827 766
657 665 650
34 906 34
703 755 698
303 969 298
346 764 346
102 390 102
243 312 238
186 262 186
569 917 562
5 922 1
855 874 850
2 72 2
2 89 2
376 532 370
233 575 226
434 961 434
381 466 374
147 567 142
86 310 86
825 1019 818
358 385 358
200 954 194
114 576 114
272 340 266
7 195 2
226 297 226
237 924 230
266 453 266
130 677 130
896 1010 890
924 948 918
190 303 190
481 1016 474
243 805 238
463 917 458
680 940 674
397 786 390
221 623 214
409 459 402
241 955 234
354 740 354
584 964 578
204 430 198
333 850 326
98 558 98
174 386 174
103 362 98
143 987 138
753 839 746
852 915 846
640 776 634
527 989 522
478 928 478
38 304 38
571 702 566
294 504 294
602 764 602
274 694 274
362 549 362
754 998 754
702 936 702
82 546 82
26 886 26
111 312 106
801 866 794
349 873 342
34 609 34
58 65 58
739 860 734
880 1015 874
33 713 26
652 946 646
503 854 498
929 965 922
712 774 706
624 697 618
617 647 610
274 405 274
300 608 294
521 979 514
646 766 646
760 890 754
103 737 98
441 748 434
13 763 6
340 593 334
808 987 802
222 508 222
286 492 286
288 776 282
62 806 62
196 1002 190
152 688 146
654 951 654
508 588 502
222 830 222
206 387 206
88 601 82
525 658 518
262 853 262
440 647 434
108 194 102
362 618 362
81 226 74
808 944 802
703 862 698
74 959 74
325 684 318
646 781 646
537 571 530
93 333 86
310 386 310
270 361 270
405 452 398
149 496 142
122 165 122
434 651 434
158 250 158
997 1014 990
250 561 250
62 564 62
34 162 34
226 512 226
22 167 22
960 981 954
197 987 190
122 185 122
182 814 182
566 583 566
94 477 94
98 649 98
112 160 106
561 903 554
255 719 250
10 875 10
586 644 586
140 628 134
368 828 362
802 920 802
151 311 146
969 979 962
190 620 190
239 595 234
184 186 178
262 622 262
1 672 1
848 857 842
147 915 142
490 716 490
22 387 22
372 557 366
246 362 246
380 451 374
426 479 426
558 820 558
421 824 414
993 1010 986
656 683 650
670 705 670
370 996 370
286 386 286
171 426 166
398 806 398
451 656 446
387 526 382
70 282 70
123 885 118
90 203 90
860 907 854
492 682 486
100 477 94
588 893 582
180 509 174
865 975 858
333 542 326
602 789 602
983 1007 978
147 659 142
206 320 206
10 81 10
513 938 506
747 932 742
912 1014 906
115 416 110
291 994 286
47 854 42
66 505 66
178 775 178
110 380 110
272 537 266
157 641 150
518 831 518
410 495 410
349 979 342
95 466 90
627 833 622
74 380 74
506 669 506
246 472 246
315 560 310
135 224 130
362 378 362
724 915 718
373 512 366
127 799 122
933 1020 926
24 340 18
281 728 274
873 877 866
443 972 438
151 811 146
872 998 866
328 669 322
848 896 842
190 626 190
166 435 166
597 712 590
749 969 742
500 509 494
773 960 766
799 994 794
442 657 442
39 305 34
803 936 798
955 994 950
72 818 66
730 863 730
535 948 530
40 589 34
192 1005 186
317 704 310
239 723 234
183 254 178
701 1023 694
110 874 110
626 970 626
712 726 706
492 642 486
45 818 38
386 853 386
190 543 190
424 558 418
452 576 446
258 1001 258
14 122 14
19 299 14
18 29 18
454 755 454
866 964 866
478 807 478
42 782 42
690 782 690
81 739 74
6 620 6
425 732 418
628 847 622
633 927 626
623 794 618
566 735 566
300 875 294
106 131 106
66 633 66
150 332 150
91 1002 86
5 518 1
490 692 490
556 731 550
192 770 186
74 302 74
871 922 866
459 843 454
557 696 550
333 606 326
307 404 302
346 630 346
78 241 78
220 833 214
326 670 326
10 232 10
426 529 426
210 624 210
502 983 502
233 1015 226
553 881 546
467 813 462
504 562 498
203 657 198
218 570 218
99 548 94
172 182 166
430 758 430
566 663 566
162 720 162
153 879 146
641 844 634
1 112 1
130 363 130
441 887 434
646 839 646
682 720 682
34 296 34
699 1004 694
82 722 82
945 1021 938
786 878 786
106 113 106
271 955 266
905 974 898
227 250 222
466 666 466
82 289 82
652 713 646
630 929 630
190 368 190
1 34 1
148 462 142
573 800 566
145 357 138
486 828 486
740 997 734
504 661 498
97 566 90
498 787 498
62 101 62
318 861 318
289 812 282
101 231 94
80 726 74
100 405 94
232 560 226
557 955 550
70 886 70
39 233 34
442 982 442
170 185 170
593 770 586
21 801 14
161 580 154
38 1006 38
42 335 42
923 969 918
962 1006 962
564 965 558
35 478 30
318 882 318
358 375 358
142 409 142
150 411 150
218 736 218
763 830 758
261 394 254
70 154 70
427 452 422
717 757 710
192 498 186
319 781 314
142 436 142
166 323 166
422 991 422
752 987 746
425 485 418
89 491 82
694 753 694
701 713 694
480 717 474
700 720 694
386 928 386
214 551 214
89 503 82
102 125 102
984 1021 978
27 845 22
772 964 766
437 545 430
782 854 782
159 879 154
331 555 326
66 176 66
702 999 702
377 768 370
231 452 226
406 909 406
123 543 118
915 1024 910
98 582 98
146 506 146
238 294 238
654 869 654
18 635 18
453 658 446
404 993 398
294 514 294
762 886 762
330 512 330
170 1014 170
94 272 94
307 652 302
541 745 534
242 960 242
688 795 682
254 966 254
13 193 6
360 586 354
108 511 102
51 699 46
274 939 274
61 910 54
42 571 42
446 515 446
800 875 794
564 797 558
127 407 122
509 693 502
997 1017 990
55 667 50
102 239 102
169 715 162
124 597 118
386 674 386
206 830 206
150 581 150
669 933 662
90 747 90
10 92 10
10 286 10
85 886 78
89 675 82
134 256 134
14 658 14
346 451 346
654 838 654
64 223 58
437 604 430
802 862 802
884 989 878
421 803 414
810 842 810
238 454 238
138 810 138
82 301 82
556 925 550
37 72 30
158 186 158
806 906 806
786 808 786
510 537 510
889 924 882
672 850 666
689 1009 682
217 594 210
32 878 26
216 727 210
308 916 302
560 950 554
652 807 646
624 774 618
50 1014 50
110 340 110
628 834 622
187 201 182
577 999 570
3 363 1
505 682 498
676 761 670
438 978 438
4 591 1
94 196 94
89 647 82
54 844 54
490 770 490
295 756 290
262 588 262
25 242 18
477 926 470
89 217 82
563 977 558
742 818 742
784 960 778
104 398 98
607 1020 602
630 767 630
73 503 66
397 442 390
916 934 910
374 785 374
141 957 134
2 183 2
141 423 134
63 226 58
728 858 722
26 52 26
556 673 550
198 468 198
778 943 778
249 562 242
906 996 906
636 683 630
623 637 618
665 847 658
356 391 350
612 801 606
165 326 158
386 838 386
575 743 570
353 506 346
646 667 646
261 594 254
200 993 194
282 778 282
514 795 514
338 465 338
675 753 670
627 962 622
214 761 214
1 244 1
422 900 422
310 533 310
126 605 126
878 952 878
323 334 318
505 537 498
654 998 654
194 758 194
328 635 322
432 918 426
272 793 266
88 660 82
349 897 342
782 809 782
26 572 26
797 921 790
114 732 114
250 737 250
405 1024 398
132 521 126
651 903 646
582 956 582
234 416 234
370 503 370
229 741 222
18 528 18
173 554 166
482 505 482
816 926 810
703 967 698
143 928 138
672 881 666
230 649 230
352 988 346
54 557 54
160 323 154
968 983 962
453 973 446
174 426 174
930 1018 930
606 814 606
163 295 158
677 931 670
467 682 462
905 943 898
70 159 70
286 832 286
765 815 758
275 451 270
26 196 26
129 497 122
458 938 458
122 893 122
989 1011 982
294 430 294
901 968 894
74 253 74
20 921 14
548 595 542
877 1002 870
366 550 366
80 130 74
911 925 906
800 1009 794
357 803 350
271 288 266
542 712 542
231 976 226
74 419 74
56 585 50
302 763 302
760 968 754
133 288 126
699 1001 694
401 721 394
971 989 966
800 970 794
269 679 262
456 498 450
519 741 514
610 823 610
75 498 70
197 479 190
241 556 234
130 306 130
749 999 742
211 221 206
908 981 902
110 816 110
80 419 74
294 822 294
70 653 70
883 889 878
667 888 662
124 742 118
500 768 494
219 425 214
378 778 378
110 208 110
453 680 446
238 577 238
450 917 450
317 534 310
134 580 134
273 372 266
497 939 490
470 1021 470
530 581 530
463 702 458
411 958 406
299 682 294
785 921 778
832 930 826
638 923 638
49 335 42
192 329 186
261 689 254
514 653 514
555 804 550
463 587 458
570 579 570
420 770 414
375 484 370
824 850 818
371 799 366
272 322 266
155 745 150
90 249 90
98 170 98
854 951 854
231 880 226
509 722 502
617 812 610
29 611 22
99 530 94
1 825 1
317 331 310
262 353 262
436 925 430
446 895 446
270 469 270
724 797 718
390 477 390
472 839 466
743 813 738
354 879 354
26 634 26
582 762 582
160 872 154
179 294 174
94 203 94
42 572 42
254 472 254
210 701 210
812 994 806
375 858 370
194 207 194
591 961 586
258 686 258
197 242 190
587 792 582
301 1010 294
589 982 582
178 499 178
167 232 162
543 730 538
334 591 334
515 923 510
124 679 118
525 704 518
430 531 430
218 569 218
917 971 910
588 788 582
312 351 306
362 609 362
83 777 78
793 957 786
82 150 82
14 146 14
198 637 198
98 469 98
287 544 282
229 861 222
76 831 70
104 297 98
23 744 18
154 694 154
284 902 278
168 987 162
590 873 590
496 965 490
222 352 222
22 477 22
985 1019 978
570 748 570
426 450 426
173 665 166
134 291 134
93 366 86
357 810 350
427 933 422
78 510 78
707 841 702
380 547 374
129 553 122
667 1008 662
242 369 242
680 902 674
863 1017 858
301 807 294
121 252 114
102 279 102
880 951 874
201 520 194
318 958 318
139 975 134
417 607 410
867 883 862
510 642 510
346 435 346
847 861 842
307 771 302
57 498 50
642 801 642
174 331 174
548 647 542
332 743 326
139 463 134
746 770 746
210 377 210
38 405 38
835 838 830
288 497 282
722 866 722
430 712 430
434 788 434
242 737 242
102 887 102
101 528 94
588 632 582
875 914 870
454 741 454
713 835 706
534 661 534
194 432 194
864 909 858
644 678 638
848 916 842
262 753 262
312 876 306
137 311 130
439 589 434
713 875 706
186 613 186
36 321 30
274 381 274
793 915 786
778 878 778
333 498 326
903 942 898
172 548 166
357 969 350
326 651 326
406 658 406
426 561 426
50 722 50
932 1017 926
293 603 286
278 736 278
304 894 298
327 772 322
419 593 414
90 858 90
262 476 262
18 52 18
565 745 558
3 259 1
220 573 214
736 773 730
242 651 242
997 1016 990
74 95 74
115 384 110
418 457 418
503 963 498
110 686 110
378 458 378
881 986 874
128 474 122
71 958 66
801 869 794
923 998 918
867 934 862
682 839 682
494 862 494
776 1019 770
160 521 154
102 778 102
107 681 102
763 907 758
680 943 674
644 884 638
361 585 354
497 587 490
663 966 658
202 449 202
885 952 878
607 738 602
496 886 490
752 866 746
73 501 66
66 650 66
75 454 70
487 731 482
230 364 230
343 869 338
14 168 14
490 580 490
503 591 498
214 249 214
44 96 38
134 342 134
362 896 362
210 358 210
504 800 498
110 320 110
212 807 206
585 926 578
326 442 326
689 961 682
158 908 158
236 391 230
490 664 490
550 844 550
661 750 654
680 927 674
281 645 274
704 923 698
36 346 30
113 921 106
463 840 458
939 1008 934
359 511 354
160 811 154
223 863 218
335 415 330
110 471 110
408 1003 402
86 368 86
782 887 782
13 686 6
234 873 234
328 739 322
311 377 306
488 853 482
781 918 774
496 513 490
390 687 390
416 474 410
59 289 54
558 614 558
567 678 562
158 747 158
765 895 758
729 940 722
819 955 814
187 389 182
799 979 794
212 362 206
740 914 734
222 638 222
171 433 166
835 991 830
130 261 130
951 998 946
553 671 546
427 687 422
290 505 290
142 462 142
352 592 346
321 452 314
127 521 122
285 851 278
657 700 650
241 950 234
309 580 302
444 479 438
283 885 278
658 740 658
342 846 342
335 990 330
158 622 158
163 945 158
254 663 254
90 179 90
888 894 882
840 868 834
583 688 578
70 379 70
138 167 138
382 592 382
223 279 218
309 931 302
198 427 198
285 455 278
914 922 914
502 818 502
163 509 158
242 895 242
13 183 6
702 841 702
230 331 230
94 945 94
278 443 278
649 842 642
669 726 662
299 746 294
26 542 26
390 458 390
91 922 86
439 561 434
368 861 362
98 560 98
506 756 506
55 331 50
625 744 618
327 464 322
177 311 170
179 858 174
250 775 250
595 840 590
586 663 586
802 863 802
29 313 22
235 513 230
415 495 410
498 518 498
470 842 470
148 567 142
573 613 566
157 308 150
709 883 702
14 859 14
317 900 310
211 911 206
78 868 78
181 852 174
953 1007 946
530 601 530
425 942 418
339 507 334
82 483 82
274 361 274
334 350 334
130 603 130
106 247 106
90 169 90
367 878 362
93 110 86
310 369 310
717 817 710
719 857 714
383 495 378
462 538 462
370 844 370
246 275 246
628 780 622
36 421 30
329 701 322
46 476 46
769 829 762
708 1013 702
249 928 242
201 919 194
90 202 90
158 725 158
170 354 170
748 884 742
474 599 474
30 142 30
139 671 134
543 859 538
74 156 74
845 881 838
489 564 482
528 651 522
190 638 190
546 832 546
82 160 82
170 247 170
154 888 154
219 457 214
38 495 38
688 856 682
82 271 82
22 147 22
355 641 350
167 203 162
633 875 626
657 879 650
377 776 370
242 262 242
430 640 430
429 627 422
980 987 974
980 1003 974
682 823 682
324 905 318
265 599 258
397 594 390
843 1013 838
663 796 658
526 547 526
817 964 810
432 682 426
2 278 2
121 744 114
106 145 106
763 803 758
574 907 574
515 992 510
368 691 362
82 832 82
701 924 694
585 594 578
955 1005 950
572 653 566
596 713 590
30 95 30
397 448 390
255 695 250
902 1007 902
370 827 370
836 843 830
929 999 922
26 537 26
523 848 518
633 847 626
404 731 398
79 596 74
142 318 142
366 402 366
210 609 210
83 353 78
913 1017 906
239 719 234
134 758 134
807 843 802
299 781 294
494 655 494
222 740 222
756 1001 750
619 689 614
70 703 70
588 759 582
759 839 754
93 902 86
42 238 42
69 861 62
19 641 14
534 865 534
48 524 42
365 852 358
182 849 182
805 882 798
499 632 494
16 493 10
44 849 38
138 685 138
14 26 14
238 757 238
71 733 66
923 945 918
735 822 730
22 151 22
472 575 466
803 956 798
50 577 50
941 987 934
306 462 306
637 910 630
437 641 430
531 781 526
46 1004 46
335 391 330
646 957 646
103 485 98
857 1001 850
54 262 54
472 853 466
330 523 330
642 869 642
559 717 554
655 674 650
392 766 386
162 195 162
150 367 150
733 791 726
399 720 394
290 522 290
285 970 278
697 809 690
27 104 22
332 755 326
144 953 138
857 876 850
568 927 562
646 736 646
172 270 166
519 739 514
636 646 630
62 789 62
268 413 262
66 797 66
294 952 294
894 987 894
54 327 54
889 1014 882
118 840 118
259 794 254
418 604 418
253 898 246
794 999 794
118 145 118
204 218 198
760 826 754
401 798 394
263 288 258
46 880 46
643 730 638
444 903 438
254 346 254
125 729 118
130 747 130
422 538 422
7 374 2
682 889 682
174 787 174
237 799 230
288 741 282
258 949 258
438 1015 438
32 99 26
217 569 210
290 309 290
756 994 750
178 744 178
929 968 922
434 452 434
22 184 22
346 353 346
514 832 514
10 449 10
336 702 330
170 533 170
220 586 214
426 516 426
595 647 590
24 416 18
571 923 566
114 930 114
156 533 150
489 762 482
2 897 2
169 531 162
18 60 18
334 783 334
49 746 42
300 758 294
597 953 590
227 309 222
727 968 722
498 508 498
550 877 550
130 966 130
666 937 666
284 976 278
230 510 230
705 752 698
306 733 306
531 800 526
142 363 142
488 687 482
827 848 822
230 726 230
70 694 70
268 982 262
968 982 962
102 881 102
145 433 138
511 1014 506
265 299 258
379 898 374
166 870 166
85 533 78
634 974 634
54 438 54
254 682 254
622 889 622
290 763 290
348 998 342
337 370 330
629 973 622
830 932 830
859 924 854
298 315 298
522 627 522
337 735 330
814 868 814
226 353 226
354 861 354
112 760 106
542 603 542
222 967 222
94 150 94
30 317 30
462 912 462
717 859 710
545 918 538
441 812 434
900 1005 894
799 915 794
871 1005 866
867 941 862
203 924 198
26 824 26
54 863 54
359 717 354
238 371 238
92 404 86
386 399 386
122 670 122
315 1010 310
153 1021 146
653 847 646
196 904 190
410 511 410
784 1021 778
736 916 730
595 890 590
723 733 718
134 843 134
170 625 170
