stage,mode,n,seed,shuffle_labels,shuffle_queries,gen_ok,solver_rc,timed_out,val_ok,sec,rss_kb,case_dir
correctness_smoke,comb_rect_dense,128,1,0,0,1,0,0,1,0.497919,2320,/Users/free_1/Library/Mobile Documents/iCloud~md~obsidian/Documents/cpp-checker/branch_3/artifacts/lca_tree_stress_v5/boj3s_gate/ac4_probe_fresh/runs/correctness_smoke/comb_rect_dense/n128/seed1_L0_Q0
correctness_smoke,comb_rect_dense,128,1,0,1,1,0,0,1,0.015082,2320,/Users/free_1/Library/Mobile Documents/iCloud~md~obsidian/Documents/cpp-checker/branch_3/artifacts/lca_tree_stress_v5/boj3s_gate/ac4_probe_fresh/runs/correctness_smoke/comb_rect_dense/n128/seed1_L0_Q1
correctness_smoke,comb_rect_dense,128,1,1,0,1,0,0,1,0.013269,2336,/Users/free_1/Library/Mobile Documents/iCloud~md~obsidian/Documents/cpp-checker/branch_3/artifacts/lca_tree_stress_v5/boj3s_gate/ac4_probe_fresh/runs/correctness_smoke/comb_rect_dense/n128/seed1_L1_Q0
correctness_smoke,comb_rect_dense,128,1,1,1,1,0,0,1,0.015088,2320,/Users/free_1/Library/Mobile Documents/iCloud~md~obsidian/Documents/cpp-checker/branch_3/artifacts/lca_tree_stress_v5/boj3s_gate/ac4_probe_fresh/runs/correctness_smoke/comb_rect_dense/n128/seed1_L1_Q1
correctness_smoke,comb_rect_dense,128,2,0,0,1,0,0,1,0.010419,2320,/Users/free_1/Library/Mobile Documents/iCloud~md~obsidian/Documents/cpp-checker/branch_3/artifacts/lca_tree_stress_v5/boj3s_gate/ac4_probe_fresh/runs/correctness_smoke/comb_rect_dense/n128/seed2_L0_Q0
correctness_smoke,comb_rect_dense,128,2,0,1,1,0,0,1,0.015089,2320,/Users/free_1/Library/Mobile Documents/iCloud~md~obsidian/Documents/cpp-checker/branch_3/artifacts/lca_tree_stress_v5/boj3s_gate/ac4_probe_fresh/runs/correctness_smoke/comb_rect_dense/n128/seed2_L0_Q1
correctness_smoke,comb_rect_dense,128,2,1,0,1,0,0,1,0.012133,2320,/Users/free_1/Library/Mobile Documents/iCloud~md~obsidian/Documents/cpp-checker/branch_3/artifacts/lca_tree_stress_v5/boj3s_gate/ac4_probe_fresh/runs/correctness_smoke/comb_rect_dense/n128/seed2_L1_Q0
correctness_smoke,comb_rect_dense,128,2,1,1,1,0,0,1,0.015082,2320,/Users/free_1/Library/Mobile Documents/iCloud~md~obsidian/Documents/cpp-checker/branch_3/artifacts/lca_tree_stress_v5/boj3s_gate/ac4_probe_fresh/runs/correctness_smoke/comb_rect_dense/n128/seed2_L1_Q1
correctness_smoke,comb_rect_dense,128,3,0,0,1,0,0,1,0.267406,2320,/Users/free_1/Library/Mobile Documents/iCloud~md~obsidian/Documents/cpp-checker/branch_3/artifacts/lca_tree_stress_v5/boj3s_gate/ac4_probe_fresh/runs/correctness_smoke/comb_rect_dense/n128/seed3_L0_Q0
correctness_smoke,comb_rect_dense,128,3,0,1,1,0,0,1,0.015072,2320,/Users/free_1/Library/Mobile Documents/iCloud~md~obsidian/Documents/cpp-checker/branch_3/artifacts/lca_tree_stress_v5/boj3s_gate/ac4_probe_fresh/runs/correctness_smoke/comb_rect_dense/n128/seed3_L0_Q1
correctness_smoke,comb_rect_dense,128,3,1,0,1,0,0,1,0.015061,2320,/Users/free_1/Library/Mobile Documents/iCloud~md~obsidian/Documents/cpp-checker/branch_3/artifacts/lca_tree_stress_v5/boj3s_gate/ac4_probe_fresh/runs/correctness_smoke/comb_rect_dense/n128/seed3_L1_Q0
correctness_smoke,comb_rect_dense,128,3,1,1,1,0,0,1,0.015093,2320,/Users/free_1/Library/Mobile Documents/iCloud~md~obsidian/Documents/cpp-checker/branch_3/artifacts/lca_tree_stress_v5/boj3s_gate/ac4_probe_fresh/runs/correctness_smoke/comb_rect_dense/n128/seed3_L1_Q1
correctness_smoke,comb_rect_dense,256,1,0,0,1,0,0,1,0.014981,2832,/Users/free_1/Library/Mobile Documents/iCloud~md~obsidian/Documents/cpp-checker/branch_3/artifacts/lca_tree_stress_v5/boj3s_gate/ac4_probe_fresh/runs/correctness_smoke/comb_rect_dense/n256/seed1_L0_Q0
correctness_smoke,comb_rect_dense,256,1,0,1,1,0,0,1,0.015061,2832,/Users/free_1/Library/Mobile Documents/iCloud~md~obsidian/Documents/cpp-checker/branch_3/artifacts/lca_tree_stress_v5/boj3s_gate/ac4_probe_fresh/runs/correctness_smoke/comb_rect_dense/n256/seed1_L0_Q1
correctness_smoke,comb_rect_dense,256,1,1,0,1,0,0,1,0.015064,2832,/Users/free_1/Library/Mobile Documents/iCloud~md~obsidian/Documents/cpp-checker/branch_3/artifacts/lca_tree_stress_v5/boj3s_gate/ac4_probe_fresh/runs/correctness_smoke/comb_rect_dense/n256/seed1_L1_Q0
correctness_smoke,comb_rect_dense,256,1,1,1,1,0,0,1,0.011858,2832,/Users/free_1/Library/Mobile Documents/iCloud~md~obsidian/Documents/cpp-checker/branch_3/artifacts/lca_tree_stress_v5/boj3s_gate/ac4_probe_fresh/runs/correctness_smoke/comb_rect_dense/n256/seed1_L1_Q1
correctness_smoke,comb_rect_dense,256,2,0,0,1,0,0,1,0.015070,2832,/Users/free_1/Library/Mobile Documents/iCloud~md~obsidian/Documents/cpp-checker/branch_3/artifacts/lca_tree_stress_v5/boj3s_gate/ac4_probe_fresh/runs/correctness_smoke/comb_rect_dense/n256/seed2_L0_Q0
correctness_smoke,comb_rect_dense,256,2,0,1,1,0,0,1,0.015067,2832,/Users/free_1/Library/Mobile Documents/iCloud~md~obsidian/Documents/cpp-checker/branch_3/artifacts/lca_tree_stress_v5/boj3s_gate/ac4_probe_fresh/runs/correctness_smoke/comb_rect_dense/n256/seed2_L0_Q1
correctness_smoke,comb_rect_dense,256,2,1,0,1,0,0,1,0.011958,2832,/Users/free_1/Library/Mobile Documents/iCloud~md~obsidian/Documents/cpp-checker/branch_3/artifacts/lca_tree_stress_v5/boj3s_gate/ac4_probe_fresh/runs/correctness_smoke/comb_rect_dense/n256/seed2_L1_Q0
correctness_smoke,comb_rect_dense,256,2,1,1,1,0,0,1,0.015082,2832,/Users/free_1/Library/Mobile Documents/iCloud~md~obsidian/Documents/cpp-checker/branch_3/artifacts/lca_tree_stress_v5/boj3s_gate/ac4_probe_fresh/runs/correctness_smoke/comb_rect_dense/n256/seed2_L1_Q1
correctness_smoke,comb_rect_dense,256,3,0,0,1,0,0,1,0.015065,2832,/Users/free_1/Library/Mobile Documents/iCloud~md~obsidian/Documents/cpp-checker/branch_3/artifacts/lca_tree_stress_v5/boj3s_gate/ac4_probe_fresh/runs/correctness_smoke/comb_rect_dense/n256/seed3_L0_Q0
correctness_smoke,comb_rect_dense,256,3,0,1,1,0,0,1,0.013674,2832,/Users/free_1/Library/Mobile Documents/iCloud~md~obsidian/Documents/cpp-checker/branch_3/artifacts/lca_tree_stress_v5/boj3s_gate/ac4_probe_fresh/runs/correctness_smoke/comb_rect_dense/n256/seed3_L0_Q1
correctness_smoke,comb_rect_dense,256,3,1,0,1,0,0,1,0.015103,2832,/Users/free_1/Library/Mobile Documents/iCloud~md~obsidian/Documents/cpp-checker/branch_3/artifacts/lca_tree_stress_v5/boj3s_gate/ac4_probe_fresh/runs/correctness_smoke/comb_rect_dense/n256/seed3_L1_Q0
correctness_smoke,comb_rect_dense,256,3,1,1,1,0,0,1,0.015085,2832,/Users/free_1/Library/Mobile Documents/iCloud~md~obsidian/Documents/cpp-checker/branch_3/artifacts/lca_tree_stress_v5/boj3s_gate/ac4_probe_fresh/runs/correctness_smoke/comb_rect_dense/n256/seed3_L1_Q1
correctness_smoke,comb_rect_dense,512,1,0,0,1,0,0,1,0.013452,3888,/Users/free_1/Library/Mobile Documents/iCloud~md~obsidian/Documents/cpp-checker/branch_3/artifacts/lca_tree_stress_v5/boj3s_gate/ac4_probe_fresh/runs/correctness_smoke/comb_rect_dense/n512/seed1_L0_Q0
correctness_smoke,comb_rect_dense,512,1,0,1,1,0,0,1,0.015092,3888,/Users/free_1/Library/Mobile Documents/iCloud~md~obsidian/Documents/cpp-checker/branch_3/artifacts/lca_tree_stress_v5/boj3s_gate/ac4_probe_fresh/runs/correctness_smoke/comb_rect_dense/n512/seed1_L0_Q1
correctness_smoke,comb_rect_dense,512,1,1,0,1,0,0,1,0.010253,3904,/Users/free_1/Library/Mobile Documents/iCloud~md~obsidian/Documents/cpp-checker/branch_3/artifacts/lca_tree_stress_v5/boj3s_gate/ac4_probe_fresh/runs/correctness_smoke/comb_rect_dense/n512/seed1_L1_Q0
correctness_smoke,comb_rect_dense,512,1,1,1,1,0,0,1,0.015090,3904,/Users/free_1/Library/Mobile Documents/iCloud~md~obsidian/Documents/cpp-checker/branch_3/artifacts/lca_tree_stress_v5/boj3s_gate/ac4_probe_fresh/runs/correctness_smoke/comb_rect_dense/n512/seed1_L1_Q1
correctness_smoke,comb_rect_dense,512,2,0,0,1,0,0,1,0.015092,3888,/Users/free_1/Library/Mobile Documents/iCloud~md~obsidian/Documents/cpp-checker/branch_3/artifacts/lca_tree_stress_v5/boj3s_gate/ac4_probe_fresh/runs/correctness_smoke/comb_rect_dense/n512/seed2_L0_Q0
correctness_smoke,comb_rect_dense,512,2,0,1,1,0,0,1,0.015121,3888,/Users/free_1/Library/Mobile Documents/iCloud~md~obsidian/Documents/cpp-checker/branch_3/artifacts/lca_tree_stress_v5/boj3s_gate/ac4_probe_fresh/runs/correctness_smoke/comb_rect_dense/n512/seed2_L0_Q1
correctness_smoke,comb_rect_dense,512,2,1,0,1,0,0,1,0.015077,3904,/Users/free_1/Library/Mobile Documents/iCloud~md~obsidian/Documents/cpp-checker/branch_3/artifacts/lca_tree_stress_v5/boj3s_gate/ac4_probe_fresh/runs/correctness_smoke/comb_rect_dense/n512/seed2_L1_Q0
correctness_smoke,comb_rect_dense,512,2,1,1,1,0,0,1,0.010226,3904,/Users/free_1/Library/Mobile Documents/iCloud~md~obsidian/Documents/cpp-checker/branch_3/artifacts/lca_tree_stress_v5/boj3s_gate/ac4_probe_fresh/runs/correctness_smoke/comb_rect_dense/n512/seed2_L1_Q1
correctness_smoke,comb_rect_dense,512,3,0,0,1,0,0,1,0.010357,3904,/Users/free_1/Library/Mobile Documents/iCloud~md~obsidian/Documents/cpp-checker/branch_3/artifacts/lca_tree_stress_v5/boj3s_gate/ac4_probe_fresh/runs/correctness_smoke/comb_rect_dense/n512/seed3_L0_Q0
correctness_smoke,comb_rect_dense,512,3,0,1,1,0,0,1,0.015085,3904,/Users/free_1/Library/Mobile Documents/iCloud~md~obsidian/Documents/cpp-checker/branch_3/artifacts/lca_tree_stress_v5/boj3s_gate/ac4_probe_fresh/runs/correctness_smoke/comb_rect_dense/n512/seed3_L0_Q1
correctness_smoke,comb_rect_dense,512,3,1,0,1,0,0,1,0.015092,3920,/Users/free_1/Library/Mobile Documents/iCloud~md~obsidian/Documents/cpp-checker/branch_3/artifacts/lca_tree_stress_v5/boj3s_gate/ac4_probe_fresh/runs/correctness_smoke/comb_rect_dense/n512/seed3_L1_Q0
correctness_smoke,comb_rect_dense,512,3,1,1,1,0,0,1,0.015093,3920,/Users/free_1/Library/Mobile Documents/iCloud~md~obsidian/Documents/cpp-checker/branch_3/artifacts/lca_tree_stress_v5/boj3s_gate/ac4_probe_fresh/runs/correctness_smoke/comb_rect_dense/n512/seed3_L1_Q1
correctness_smoke,comb_rect_dense,1024,1,0,0,1,0,0,1,0.015089,6192,/Users/free_1/Library/Mobile Documents/iCloud~md~obsidian/Documents/cpp-checker/branch_3/artifacts/lca_tree_stress_v5/boj3s_gate/ac4_probe_fresh/runs/correctness_smoke/comb_rect_dense/n1024/seed1_L0_Q0
correctness_smoke,comb_rect_dense,1024,1,0,1,1,0,0,1,0.026850,6208,/Users/free_1/Library/Mobile Documents/iCloud~md~obsidian/Documents/cpp-checker/branch_3/artifacts/lca_tree_stress_v5/boj3s_gate/ac4_probe_fresh/runs/correctness_smoke/comb_rect_dense/n1024/seed1_L0_Q1
correctness_smoke,comb_rect_dense,1024,1,1,0,1,0,0,1,0.026209,6208,/Users/free_1/Library/Mobile Documents/iCloud~md~obsidian/Documents/cpp-checker/branch_3/artifacts/lca_tree_stress_v5/boj3s_gate/ac4_probe_fresh/runs/correctness_smoke/comb_rect_dense/n1024/seed1_L1_Q0
correctness_smoke,comb_rect_dense,1024,1,1,1,1,0,0,1,0.025091,6208,/Users/free_1/Library/Mobile Documents/iCloud~md~obsidian/Documents/cpp-checker/branch_3/artifacts/lca_tree_stress_v5/boj3s_gate/ac4_probe_fresh/runs/correctness_smoke/comb_rect_dense/n1024/seed1_L1_Q1
correctness_smoke,comb_rect_dense,1024,2,0,0,1,0,0,1,0.015084,6192,/Users/free_1/Library/Mobile Documents/iCloud~md~obsidian/Documents/cpp-checker/branch_3/artifacts/lca_tree_stress_v5/boj3s_gate/ac4_probe_fresh/runs/correctness_smoke/comb_rect_dense/n1024/seed2_L0_Q0
correctness_smoke,comb_rect_dense,1024,2,0,1,1,0,0,1,0.018340,6192,/Users/free_1/Library/Mobile Documents/iCloud~md~obsidian/Documents/cpp-checker/branch_3/artifacts/lca_tree_stress_v5/boj3s_gate/ac4_probe_fresh/runs/correctness_smoke/comb_rect_dense/n1024/seed2_L0_Q1
correctness_smoke,comb_rect_dense,1024,2,1,0,1,0,0,1,0.028046,6192,/Users/free_1/Library/Mobile Documents/iCloud~md~obsidian/Documents/cpp-checker/branch_3/artifacts/lca_tree_stress_v5/boj3s_gate/ac4_probe_fresh/runs/correctness_smoke/comb_rect_dense/n1024/seed2_L1_Q0
correctness_smoke,comb_rect_dense,1024,2,1,1,1,0,0,1,0.030285,6192,/Users/free_1/Library/Mobile Documents/iCloud~md~obsidian/Documents/cpp-checker/branch_3/artifacts/lca_tree_stress_v5/boj3s_gate/ac4_probe_fresh/runs/correctness_smoke/comb_rect_dense/n1024/seed2_L1_Q1
correctness_smoke,comb_rect_dense,1024,3,0,0,1,0,0,1,0.034347,6192,/Users/free_1/Library/Mobile Documents/iCloud~md~obsidian/Documents/cpp-checker/branch_3/artifacts/lca_tree_stress_v5/boj3s_gate/ac4_probe_fresh/runs/correctness_smoke/comb_rect_dense/n1024/seed3_L0_Q0
correctness_smoke,comb_rect_dense,1024,3,0,1,1,0,0,1,0.024947,6192,/Users/free_1/Library/Mobile Documents/iCloud~md~obsidian/Documents/cpp-checker/branch_3/artifacts/lca_tree_stress_v5/boj3s_gate/ac4_probe_fresh/runs/correctness_smoke/comb_rect_dense/n1024/seed3_L0_Q1
correctness_smoke,comb_rect_dense,1024,3,1,0,1,0,0,1,0.028616,6224,/Users/free_1/Library/Mobile Documents/iCloud~md~obsidian/Documents/cpp-checker/branch_3/artifacts/lca_tree_stress_v5/boj3s_gate/ac4_probe_fresh/runs/correctness_smoke/comb_rect_dense/n1024/seed3_L1_Q0
correctness_smoke,comb_rect_dense,1024,3,1,1,1,0,0,1,0.015189,6224,/Users/free_1/Library/Mobile Documents/iCloud~md~obsidian/Documents/cpp-checker/branch_3/artifacts/lca_tree_stress_v5/boj3s_gate/ac4_probe_fresh/runs/correctness_smoke/comb_rect_dense/n1024/seed3_L1_Q1
correctness_smoke,multi_comb_rect,128,1,0,0,1,0,0,1,0.015085,2128,/Users/free_1/Library/Mobile Documents/iCloud~md~obsidian/Documents/cpp-checker/branch_3/artifacts/lca_tree_stress_v5/boj3s_gate/ac4_probe_fresh/runs/correctness_smoke/multi_comb_rect/n128/seed1_L0_Q0
correctness_smoke,multi_comb_rect,128,1,0,1,1,0,0,1,0.012718,2208,/Users/free_1/Library/Mobile Documents/iCloud~md~obsidian/Documents/cpp-checker/branch_3/artifacts/lca_tree_stress_v5/boj3s_gate/ac4_probe_fresh/runs/correctness_smoke/multi_comb_rect/n128/seed1_L0_Q1
correctness_smoke,multi_comb_rect,128,1,1,0,1,0,0,1,0.011908,2160,/Users/free_1/Library/Mobile Documents/iCloud~md~obsidian/Documents/cpp-checker/branch_3/artifacts/lca_tree_stress_v5/boj3s_gate/ac4_probe_fresh/runs/correctness_smoke/multi_comb_rect/n128/seed1_L1_Q0
correctness_smoke,multi_comb_rect,128,1,1,1,1,0,0,1,0.020494,2112,/Users/free_1/Library/Mobile Documents/iCloud~md~obsidian/Documents/cpp-checker/branch_3/artifacts/lca_tree_stress_v5/boj3s_gate/ac4_probe_fresh/runs/correctness_smoke/multi_comb_rect/n128/seed1_L1_Q1
correctness_smoke,multi_comb_rect,128,2,0,0,1,0,0,1,0.013667,2128,/Users/free_1/Library/Mobile Documents/iCloud~md~obsidian/Documents/cpp-checker/branch_3/artifacts/lca_tree_stress_v5/boj3s_gate/ac4_probe_fresh/runs/correctness_smoke/multi_comb_rect/n128/seed2_L0_Q0
correctness_smoke,multi_comb_rect,128,2,0,1,1,0,0,1,0.015073,2096,/Users/free_1/Library/Mobile Documents/iCloud~md~obsidian/Documents/cpp-checker/branch_3/artifacts/lca_tree_stress_v5/boj3s_gate/ac4_probe_fresh/runs/correctness_smoke/multi_comb_rect/n128/seed2_L0_Q1
correctness_smoke,multi_comb_rect,128,2,1,0,1,0,0,1,0.015077,2128,/Users/free_1/Library/Mobile Documents/iCloud~md~obsidian/Documents/cpp-checker/branch_3/artifacts/lca_tree_stress_v5/boj3s_gate/ac4_probe_fresh/runs/correctness_smoke/multi_comb_rect/n128/seed2_L1_Q0
correctness_smoke,multi_comb_rect,128,2,1,1,1,0,0,1,0.015084,2128,/Users/free_1/Library/Mobile Documents/iCloud~md~obsidian/Documents/cpp-checker/branch_3/artifacts/lca_tree_stress_v5/boj3s_gate/ac4_probe_fresh/runs/correctness_smoke/multi_comb_rect/n128/seed2_L1_Q1
correctness_smoke,multi_comb_rect,128,3,0,0,1,0,0,1,0.015446,2080,/Users/free_1/Library/Mobile Documents/iCloud~md~obsidian/Documents/cpp-checker/branch_3/artifacts/lca_tree_stress_v5/boj3s_gate/ac4_probe_fresh/runs/correctness_smoke/multi_comb_rect/n128/seed3_L0_Q0
correctness_smoke,multi_comb_rect,128,3,0,1,1,0,0,1,0.015122,2160,/Users/free_1/Library/Mobile Documents/iCloud~md~obsidian/Documents/cpp-checker/branch_3/artifacts/lca_tree_stress_v5/boj3s_gate/ac4_probe_fresh/runs/correctness_smoke/multi_comb_rect/n128/seed3_L0_Q1
correctness_smoke,multi_comb_rect,128,3,1,0,1,0,0,1,0.014073,2080,/Users/free_1/Library/Mobile Documents/iCloud~md~obsidian/Documents/cpp-checker/branch_3/artifacts/lca_tree_stress_v5/boj3s_gate/ac4_probe_fresh/runs/correctness_smoke/multi_comb_rect/n128/seed3_L1_Q0
correctness_smoke,multi_comb_rect,128,3,1,1,1,0,0,1,0.015107,2144,/Users/free_1/Library/Mobile Documents/iCloud~md~obsidian/Documents/cpp-checker/branch_3/artifacts/lca_tree_stress_v5/boj3s_gate/ac4_probe_fresh/runs/correctness_smoke/multi_comb_rect/n128/seed3_L1_Q1
correctness_smoke,multi_comb_rect,256,1,0,0,1,0,0,1,0.027389,3648,/Users/free_1/Library/Mobile Documents/iCloud~md~obsidian/Documents/cpp-checker/branch_3/artifacts/lca_tree_stress_v5/boj3s_gate/ac4_probe_fresh/runs/correctness_smoke/multi_comb_rect/n256/seed1_L0_Q0
correctness_smoke,multi_comb_rect,256,1,0,1,1,0,0,1,0.026554,3664,/Users/free_1/Library/Mobile Documents/iCloud~md~obsidian/Documents/cpp-checker/branch_3/artifacts/lca_tree_stress_v5/boj3s_gate/ac4_probe_fresh/runs/correctness_smoke/multi_comb_rect/n256/seed1_L0_Q1
correctness_smoke,multi_comb_rect,256,1,1,0,1,0,0,1,0.015071,3648,/Users/free_1/Library/Mobile Documents/iCloud~md~obsidian/Documents/cpp-checker/branch_3/artifacts/lca_tree_stress_v5/boj3s_gate/ac4_probe_fresh/runs/correctness_smoke/multi_comb_rect/n256/seed1_L1_Q0
correctness_smoke,multi_comb_rect,256,1,1,1,1,0,0,1,0.029504,3664,/Users/free_1/Library/Mobile Documents/iCloud~md~obsidian/Documents/cpp-checker/branch_3/artifacts/lca_tree_stress_v5/boj3s_gate/ac4_probe_fresh/runs/correctness_smoke/multi_comb_rect/n256/seed1_L1_Q1
correctness_smoke,multi_comb_rect,256,2,0,0,1,0,0,1,0.030463,3648,/Users/free_1/Library/Mobile Documents/iCloud~md~obsidian/Documents/cpp-checker/branch_3/artifacts/lca_tree_stress_v5/boj3s_gate/ac4_probe_fresh/runs/correctness_smoke/multi_comb_rect/n256/seed2_L0_Q0
correctness_smoke,multi_comb_rect,256,2,0,1,1,0,0,1,0.015686,3680,/Users/free_1/Library/Mobile Documents/iCloud~md~obsidian/Documents/cpp-checker/branch_3/artifacts/lca_tree_stress_v5/boj3s_gate/ac4_probe_fresh/runs/correctness_smoke/multi_comb_rect/n256/seed2_L0_Q1
correctness_smoke,multi_comb_rect,256,2,1,0,1,0,0,1,0.025887,3632,/Users/free_1/Library/Mobile Documents/iCloud~md~obsidian/Documents/cpp-checker/branch_3/artifacts/lca_tree_stress_v5/boj3s_gate/ac4_probe_fresh/runs/correctness_smoke/multi_comb_rect/n256/seed2_L1_Q0
correctness_smoke,multi_comb_rect,256,2,1,1,1,0,0,1,0.015240,3648,/Users/free_1/Library/Mobile Documents/iCloud~md~obsidian/Documents/cpp-checker/branch_3/artifacts/lca_tree_stress_v5/boj3s_gate/ac4_probe_fresh/runs/correctness_smoke/multi_comb_rect/n256/seed2_L1_Q1
correctness_smoke,multi_comb_rect,256,3,0,0,1,0,0,1,0.025910,3648,/Users/free_1/Library/Mobile Documents/iCloud~md~obsidian/Documents/cpp-checker/branch_3/artifacts/lca_tree_stress_v5/boj3s_gate/ac4_probe_fresh/runs/correctness_smoke/multi_comb_rect/n256/seed3_L0_Q0
correctness_smoke,multi_comb_rect,256,3,0,1,1,0,0,1,0.025714,3648,/Users/free_1/Library/Mobile Documents/iCloud~md~obsidian/Documents/cpp-checker/branch_3/artifacts/lca_tree_stress_v5/boj3s_gate/ac4_probe_fresh/runs/correctness_smoke/multi_comb_rect/n256/seed3_L0_Q1
correctness_smoke,multi_comb_rect,256,3,1,0,1,0,0,1,0.027569,3648,/Users/free_1/Library/Mobile Documents/iCloud~md~obsidian/Documents/cpp-checker/branch_3/artifacts/lca_tree_stress_v5/boj3s_gate/ac4_probe_fresh/runs/correctness_smoke/multi_comb_rect/n256/seed3_L1_Q0
correctness_smoke,multi_comb_rect,256,3,1,1,1,0,0,1,0.025387,3648,/Users/free_1/Library/Mobile Documents/iCloud~md~obsidian/Documents/cpp-checker/branch_3/artifacts/lca_tree_stress_v5/boj3s_gate/ac4_probe_fresh/runs/correctness_smoke/multi_comb_rect/n256/seed3_L1_Q1
correctness_smoke,multi_comb_rect,512,1,0,0,1,0,0,1,0.054482,8752,/Users/free_1/Library/Mobile Documents/iCloud~md~obsidian/Documents/cpp-checker/branch_3/artifacts/lca_tree_stress_v5/boj3s_gate/ac4_probe_fresh/runs/correctness_smoke/multi_comb_rect/n512/seed1_L0_Q0
correctness_smoke,multi_comb_rect,512,1,0,1,1,0,0,1,0.060045,8816,/Users/free_1/Library/Mobile Documents/iCloud~md~obsidian/Documents/cpp-checker/branch_3/artifacts/lca_tree_stress_v5/boj3s_gate/ac4_probe_fresh/runs/correctness_smoke/multi_comb_rect/n512/seed1_L0_Q1
correctness_smoke,multi_comb_rect,512,1,1,0,1,0,0,1,0.059048,8768,/Users/free_1/Library/Mobile Documents/iCloud~md~obsidian/Documents/cpp-checker/branch_3/artifacts/lca_tree_stress_v5/boj3s_gate/ac4_probe_fresh/runs/correctness_smoke/multi_comb_rect/n512/seed1_L1_Q0
correctness_smoke,multi_comb_rect,512,1,1,1,1,0,0,1,0.052777,8768,/Users/free_1/Library/Mobile Documents/iCloud~md~obsidian/Documents/cpp-checker/branch_3/artifacts/lca_tree_stress_v5/boj3s_gate/ac4_probe_fresh/runs/correctness_smoke/multi_comb_rect/n512/seed1_L1_Q1
correctness_smoke,multi_comb_rect,512,2,0,0,1,0,0,1,0.052167,8816,/Users/free_1/Library/Mobile Documents/iCloud~md~obsidian/Documents/cpp-checker/branch_3/artifacts/lca_tree_stress_v5/boj3s_gate/ac4_probe_fresh/runs/correctness_smoke/multi_comb_rect/n512/seed2_L0_Q0
correctness_smoke,multi_comb_rect,512,2,0,1,1,0,0,1,0.059508,8880,/Users/free_1/Library/Mobile Documents/iCloud~md~obsidian/Documents/cpp-checker/branch_3/artifacts/lca_tree_stress_v5/boj3s_gate/ac4_probe_fresh/runs/correctness_smoke/multi_comb_rect/n512/seed2_L0_Q1
correctness_smoke,multi_comb_rect,512,2,1,0,1,0,0,1,0.047795,8784,/Users/free_1/Library/Mobile Documents/iCloud~md~obsidian/Documents/cpp-checker/branch_3/artifacts/lca_tree_stress_v5/boj3s_gate/ac4_probe_fresh/runs/correctness_smoke/multi_comb_rect/n512/seed2_L1_Q0
correctness_smoke,multi_comb_rect,512,2,1,1,1,0,0,1,0.054786,8816,/Users/free_1/Library/Mobile Documents/iCloud~md~obsidian/Documents/cpp-checker/branch_3/artifacts/lca_tree_stress_v5/boj3s_gate/ac4_probe_fresh/runs/correctness_smoke/multi_comb_rect/n512/seed2_L1_Q1
correctness_smoke,multi_comb_rect,512,3,0,0,1,0,0,1,0.051651,8784,/Users/free_1/Library/Mobile Documents/iCloud~md~obsidian/Documents/cpp-checker/branch_3/artifacts/lca_tree_stress_v5/boj3s_gate/ac4_probe_fresh/runs/correctness_smoke/multi_comb_rect/n512/seed3_L0_Q0
correctness_smoke,multi_comb_rect,512,3,0,1,1,0,0,1,0.057028,8736,/Users/free_1/Library/Mobile Documents/iCloud~md~obsidian/Documents/cpp-checker/branch_3/artifacts/lca_tree_stress_v5/boj3s_gate/ac4_probe_fresh/runs/correctness_smoke/multi_comb_rect/n512/seed3_L0_Q1
correctness_smoke,multi_comb_rect,512,3,1,0,1,0,0,1,0.050465,8832,/Users/free_1/Library/Mobile Documents/iCloud~md~obsidian/Documents/cpp-checker/branch_3/artifacts/lca_tree_stress_v5/boj3s_gate/ac4_probe_fresh/runs/correctness_smoke/multi_comb_rect/n512/seed3_L1_Q0
correctness_smoke,multi_comb_rect,512,3,1,1,1,0,0,1,0.053383,8768,/Users/free_1/Library/Mobile Documents/iCloud~md~obsidian/Documents/cpp-checker/branch_3/artifacts/lca_tree_stress_v5/boj3s_gate/ac4_probe_fresh/runs/correctness_smoke/multi_comb_rect/n512/seed3_L1_Q1
correctness_smoke,multi_comb_rect,1024,1,0,0,1,0,0,1,0.015085,5248,/Users/free_1/Library/Mobile Documents/iCloud~md~obsidian/Documents/cpp-checker/branch_3/artifacts/lca_tree_stress_v5/boj3s_gate/ac4_probe_fresh/runs/correctness_smoke/multi_comb_rect/n1024/seed1_L0_Q0
correctness_smoke,multi_comb_rect,1024,1,0,1,1,0,0,1,0.015076,5248,/Users/free_1/Library/Mobile Documents/iCloud~md~obsidian/Documents/cpp-checker/branch_3/artifacts/lca_tree_stress_v5/boj3s_gate/ac4_probe_fresh/runs/correctness_smoke/multi_comb_rect/n1024/seed1_L0_Q1
correctness_smoke,multi_comb_rect,1024,1,1,0,1,0,0,1,0.028054,5264,/Users/free_1/Library/Mobile Documents/iCloud~md~obsidian/Documents/cpp-checker/branch_3/artifacts/lca_tree_stress_v5/boj3s_gate/ac4_probe_fresh/runs/correctness_smoke/multi_comb_rect/n1024/seed1_L1_Q0
correctness_smoke,multi_comb_rect,1024,1,1,1,1,0,0,1,0.014325,5264,/Users/free_1/Library/Mobile Documents/iCloud~md~obsidian/Documents/cpp-checker/branch_3/artifacts/lca_tree_stress_v5/boj3s_gate/ac4_probe_fresh/runs/correctness_smoke/multi_comb_rect/n1024/seed1_L1_Q1
correctness_smoke,multi_comb_rect,1024,2,0,0,1,0,0,1,0.024885,5232,/Users/free_1/Library/Mobile Documents/iCloud~md~obsidian/Documents/cpp-checker/branch_3/artifacts/lca_tree_stress_v5/boj3s_gate/ac4_probe_fresh/runs/correctness_smoke/multi_comb_rect/n1024/seed2_L0_Q0
correctness_smoke,multi_comb_rect,1024,2,0,1,1,0,0,1,0.015086,5232,/Users/free_1/Library/Mobile Documents/iCloud~md~obsidian/Documents/cpp-checker/branch_3/artifacts/lca_tree_stress_v5/boj3s_gate/ac4_probe_fresh/runs/correctness_smoke/multi_comb_rect/n1024/seed2_L0_Q1
correctness_smoke,multi_comb_rect,1024,2,1,0,1,0,0,1,0.023327,5216,/Users/free_1/Library/Mobile Documents/iCloud~md~obsidian/Documents/cpp-checker/branch_3/artifacts/lca_tree_stress_v5/boj3s_gate/ac4_probe_fresh/runs/correctness_smoke/multi_comb_rect/n1024/seed2_L1_Q0
correctness_smoke,multi_comb_rect,1024,2,1,1,1,0,0,1,0.023809,5232,/Users/free_1/Library/Mobile Documents/iCloud~md~obsidian/Documents/cpp-checker/branch_3/artifacts/lca_tree_stress_v5/boj3s_gate/ac4_probe_fresh/runs/correctness_smoke/multi_comb_rect/n1024/seed2_L1_Q1
correctness_smoke,multi_comb_rect,1024,3,0,0,1,0,0,1,0.015134,5232,/Users/free_1/Library/Mobile Documents/iCloud~md~obsidian/Documents/cpp-checker/branch_3/artifacts/lca_tree_stress_v5/boj3s_gate/ac4_probe_fresh/runs/correctness_smoke/multi_comb_rect/n1024/seed3_L0_Q0
correctness_smoke,multi_comb_rect,1024,3,0,1,1,0,0,1,0.015084,5232,/Users/free_1/Library/Mobile Documents/iCloud~md~obsidian/Documents/cpp-checker/branch_3/artifacts/lca_tree_stress_v5/boj3s_gate/ac4_probe_fresh/runs/correctness_smoke/multi_comb_rect/n1024/seed3_L0_Q1
correctness_smoke,multi_comb_rect,1024,3,1,0,1,0,0,1,0.015079,5232,/Users/free_1/Library/Mobile Documents/iCloud~md~obsidian/Documents/cpp-checker/branch_3/artifacts/lca_tree_stress_v5/boj3s_gate/ac4_probe_fresh/runs/correctness_smoke/multi_comb_rect/n1024/seed3_L1_Q0
correctness_smoke,multi_comb_rect,1024,3,1,1,1,0,0,1,0.015084,5248,/Users/free_1/Library/Mobile Documents/iCloud~md~obsidian/Documents/cpp-checker/branch_3/artifacts/lca_tree_stress_v5/boj3s_gate/ac4_probe_fresh/runs/correctness_smoke/multi_comb_rect/n1024/seed3_L1_Q1
correctness_smoke,multi_comb_cap,128,1,0,0,1,0,0,1,0.015083,1920,/Users/free_1/Library/Mobile Documents/iCloud~md~obsidian/Documents/cpp-checker/branch_3/artifacts/lca_tree_stress_v5/boj3s_gate/ac4_probe_fresh/runs/correctness_smoke/multi_comb_cap/n128/seed1_L0_Q0
correctness_smoke,multi_comb_cap,128,1,0,1,1,0,0,1,0.015079,1920,/Users/free_1/Library/Mobile Documents/iCloud~md~obsidian/Documents/cpp-checker/branch_3/artifacts/lca_tree_stress_v5/boj3s_gate/ac4_probe_fresh/runs/correctness_smoke/multi_comb_cap/n128/seed1_L0_Q1
correctness_smoke,multi_comb_cap,128,1,1,0,1,0,0,1,0.012441,1936,/Users/free_1/Library/Mobile Documents/iCloud~md~obsidian/Documents/cpp-checker/branch_3/artifacts/lca_tree_stress_v5/boj3s_gate/ac4_probe_fresh/runs/correctness_smoke/multi_comb_cap/n128/seed1_L1_Q0
correctness_smoke,multi_comb_cap,128,1,1,1,1,0,0,1,0.012984,1936,/Users/free_1/Library/Mobile Documents/iCloud~md~obsidian/Documents/cpp-checker/branch_3/artifacts/lca_tree_stress_v5/boj3s_gate/ac4_probe_fresh/runs/correctness_smoke/multi_comb_cap/n128/seed1_L1_Q1
correctness_smoke,multi_comb_cap,128,2,0,0,1,0,0,1,0.015139,1920,/Users/free_1/Library/Mobile Documents/iCloud~md~obsidian/Documents/cpp-checker/branch_3/artifacts/lca_tree_stress_v5/boj3s_gate/ac4_probe_fresh/runs/correctness_smoke/multi_comb_cap/n128/seed2_L0_Q0
correctness_smoke,multi_comb_cap,128,2,0,1,1,0,0,1,0.015077,1984,/Users/free_1/Library/Mobile Documents/iCloud~md~obsidian/Documents/cpp-checker/branch_3/artifacts/lca_tree_stress_v5/boj3s_gate/ac4_probe_fresh/runs/correctness_smoke/multi_comb_cap/n128/seed2_L0_Q1
correctness_smoke,multi_comb_cap,128,2,1,0,1,0,0,1,0.015125,1920,/Users/free_1/Library/Mobile Documents/iCloud~md~obsidian/Documents/cpp-checker/branch_3/artifacts/lca_tree_stress_v5/boj3s_gate/ac4_probe_fresh/runs/correctness_smoke/multi_comb_cap/n128/seed2_L1_Q0
correctness_smoke,multi_comb_cap,128,2,1,1,1,0,0,1,0.010793,1920,/Users/free_1/Library/Mobile Documents/iCloud~md~obsidian/Documents/cpp-checker/branch_3/artifacts/lca_tree_stress_v5/boj3s_gate/ac4_probe_fresh/runs/correctness_smoke/multi_comb_cap/n128/seed2_L1_Q1
correctness_smoke,multi_comb_cap,128,3,0,0,1,0,0,1,0.013402,1920,/Users/free_1/Library/Mobile Documents/iCloud~md~obsidian/Documents/cpp-checker/branch_3/artifacts/lca_tree_stress_v5/boj3s_gate/ac4_probe_fresh/runs/correctness_smoke/multi_comb_cap/n128/seed3_L0_Q0
correctness_smoke,multi_comb_cap,128,3,0,1,1,0,0,1,0.013032,1920,/Users/free_1/Library/Mobile Documents/iCloud~md~obsidian/Documents/cpp-checker/branch_3/artifacts/lca_tree_stress_v5/boj3s_gate/ac4_probe_fresh/runs/correctness_smoke/multi_comb_cap/n128/seed3_L0_Q1
correctness_smoke,multi_comb_cap,128,3,1,0,1,0,0,1,0.015097,1936,/Users/free_1/Library/Mobile Documents/iCloud~md~obsidian/Documents/cpp-checker/branch_3/artifacts/lca_tree_stress_v5/boj3s_gate/ac4_probe_fresh/runs/correctness_smoke/multi_comb_cap/n128/seed3_L1_Q0
correctness_smoke,multi_comb_cap,128,3,1,1,1,0,0,1,0.015086,1952,/Users/free_1/Library/Mobile Documents/iCloud~md~obsidian/Documents/cpp-checker/branch_3/artifacts/lca_tree_stress_v5/boj3s_gate/ac4_probe_fresh/runs/correctness_smoke/multi_comb_cap/n128/seed3_L1_Q1
correctness_smoke,multi_comb_cap,256,1,0,0,1,0,0,1,0.010851,2896,/Users/free_1/Library/Mobile Documents/iCloud~md~obsidian/Documents/cpp-checker/branch_3/artifacts/lca_tree_stress_v5/boj3s_gate/ac4_probe_fresh/runs/correctness_smoke/multi_comb_cap/n256/seed1_L0_Q0
correctness_smoke,multi_comb_cap,256,1,0,1,1,0,0,1,0.015083,2880,/Users/free_1/Library/Mobile Documents/iCloud~md~obsidian/Documents/cpp-checker/branch_3/artifacts/lca_tree_stress_v5/boj3s_gate/ac4_probe_fresh/runs/correctness_smoke/multi_comb_cap/n256/seed1_L0_Q1
correctness_smoke,multi_comb_cap,256,1,1,0,1,0,0,1,0.015154,2880,/Users/free_1/Library/Mobile Documents/iCloud~md~obsidian/Documents/cpp-checker/branch_3/artifacts/lca_tree_stress_v5/boj3s_gate/ac4_probe_fresh/runs/correctness_smoke/multi_comb_cap/n256/seed1_L1_Q0
correctness_smoke,multi_comb_cap,256,1,1,1,1,0,0,1,0.011505,2928,/Users/free_1/Library/Mobile Documents/iCloud~md~obsidian/Documents/cpp-checker/branch_3/artifacts/lca_tree_stress_v5/boj3s_gate/ac4_probe_fresh/runs/correctness_smoke/multi_comb_cap/n256/seed1_L1_Q1
correctness_smoke,multi_comb_cap,256,2,0,0,1,0,0,1,0.011075,2912,/Users/free_1/Library/Mobile Documents/iCloud~md~obsidian/Documents/cpp-checker/branch_3/artifacts/lca_tree_stress_v5/boj3s_gate/ac4_probe_fresh/runs/correctness_smoke/multi_comb_cap/n256/seed2_L0_Q0
correctness_smoke,multi_comb_cap,256,2,0,1,1,0,0,1,0.015072,2928,/Users/free_1/Library/Mobile Documents/iCloud~md~obsidian/Documents/cpp-checker/branch_3/artifacts/lca_tree_stress_v5/boj3s_gate/ac4_probe_fresh/runs/correctness_smoke/multi_comb_cap/n256/seed2_L0_Q1
correctness_smoke,multi_comb_cap,256,2,1,0,1,0,0,1,0.015094,2944,/Users/free_1/Library/Mobile Documents/iCloud~md~obsidian/Documents/cpp-checker/branch_3/artifacts/lca_tree_stress_v5/boj3s_gate/ac4_probe_fresh/runs/correctness_smoke/multi_comb_cap/n256/seed2_L1_Q0
correctness_smoke,multi_comb_cap,256,2,1,1,1,0,0,1,0.013994,2944,/Users/free_1/Library/Mobile Documents/iCloud~md~obsidian/Documents/cpp-checker/branch_3/artifacts/lca_tree_stress_v5/boj3s_gate/ac4_probe_fresh/runs/correctness_smoke/multi_comb_cap/n256/seed2_L1_Q1
correctness_smoke,multi_comb_cap,256,3,0,0,1,0,0,1,0.013645,2912,/Users/free_1/Library/Mobile Documents/iCloud~md~obsidian/Documents/cpp-checker/branch_3/artifacts/lca_tree_stress_v5/boj3s_gate/ac4_probe_fresh/runs/correctness_smoke/multi_comb_cap/n256/seed3_L0_Q0
correctness_smoke,multi_comb_cap,256,3,0,1,1,0,0,1,0.025762,2928,/Users/free_1/Library/Mobile Documents/iCloud~md~obsidian/Documents/cpp-checker/branch_3/artifacts/lca_tree_stress_v5/boj3s_gate/ac4_probe_fresh/runs/correctness_smoke/multi_comb_cap/n256/seed3_L0_Q1
correctness_smoke,multi_comb_cap,256,3,1,0,1,0,0,1,0.015089,2912,/Users/free_1/Library/Mobile Documents/iCloud~md~obsidian/Documents/cpp-checker/branch_3/artifacts/lca_tree_stress_v5/boj3s_gate/ac4_probe_fresh/runs/correctness_smoke/multi_comb_cap/n256/seed3_L1_Q0
correctness_smoke,multi_comb_cap,256,3,1,1,1,0,0,1,0.015077,2880,/Users/free_1/Library/Mobile Documents/iCloud~md~obsidian/Documents/cpp-checker/branch_3/artifacts/lca_tree_stress_v5/boj3s_gate/ac4_probe_fresh/runs/correctness_smoke/multi_comb_cap/n256/seed3_L1_Q1
correctness_smoke,multi_comb_cap,512,1,0,0,1,0,0,1,0.040186,6240,/Users/free_1/Library/Mobile Documents/iCloud~md~obsidian/Documents/cpp-checker/branch_3/artifacts/lca_tree_stress_v5/boj3s_gate/ac4_probe_fresh/runs/correctness_smoke/multi_comb_cap/n512/seed1_L0_Q0
correctness_smoke,multi_comb_cap,512,1,0,1,1,0,0,1,0.046313,6208,/Users/free_1/Library/Mobile Documents/iCloud~md~obsidian/Documents/cpp-checker/branch_3/artifacts/lca_tree_stress_v5/boj3s_gate/ac4_probe_fresh/runs/correctness_smoke/multi_comb_cap/n512/seed1_L0_Q1
correctness_smoke,multi_comb_cap,512,1,1,0,1,0,0,1,0.030127,6272,/Users/free_1/Library/Mobile Documents/iCloud~md~obsidian/Documents/cpp-checker/branch_3/artifacts/lca_tree_stress_v5/boj3s_gate/ac4_probe_fresh/runs/correctness_smoke/multi_comb_cap/n512/seed1_L1_Q0
correctness_smoke,multi_comb_cap,512,1,1,1,1,0,0,1,0.040657,6272,/Users/free_1/Library/Mobile Documents/iCloud~md~obsidian/Documents/cpp-checker/branch_3/artifacts/lca_tree_stress_v5/boj3s_gate/ac4_probe_fresh/runs/correctness_smoke/multi_comb_cap/n512/seed1_L1_Q1
correctness_smoke,multi_comb_cap,512,2,0,0,1,0,0,1,0.038956,6240,/Users/free_1/Library/Mobile Documents/iCloud~md~obsidian/Documents/cpp-checker/branch_3/artifacts/lca_tree_stress_v5/boj3s_gate/ac4_probe_fresh/runs/correctness_smoke/multi_comb_cap/n512/seed2_L0_Q0
correctness_smoke,multi_comb_cap,512,2,0,1,1,0,0,1,0.029090,6208,/Users/free_1/Library/Mobile Documents/iCloud~md~obsidian/Documents/cpp-checker/branch_3/artifacts/lca_tree_stress_v5/boj3s_gate/ac4_probe_fresh/runs/correctness_smoke/multi_comb_cap/n512/seed2_L0_Q1
correctness_smoke,multi_comb_cap,512,2,1,0,1,0,0,1,0.040456,6224,/Users/free_1/Library/Mobile Documents/iCloud~md~obsidian/Documents/cpp-checker/branch_3/artifacts/lca_tree_stress_v5/boj3s_gate/ac4_probe_fresh/runs/correctness_smoke/multi_comb_cap/n512/seed2_L1_Q0
correctness_smoke,multi_comb_cap,512,2,1,1,1,0,0,1,0.037942,6256,/Users/free_1/Library/Mobile Documents/iCloud~md~obsidian/Documents/cpp-checker/branch_3/artifacts/lca_tree_stress_v5/boj3s_gate/ac4_probe_fresh/runs/correctness_smoke/multi_comb_cap/n512/seed2_L1_Q1
correctness_smoke,multi_comb_cap,512,3,0,0,1,0,0,1,0.028077,6240,/Users/free_1/Library/Mobile Documents/iCloud~md~obsidian/Documents/cpp-checker/branch_3/artifacts/lca_tree_stress_v5/boj3s_gate/ac4_probe_fresh/runs/correctness_smoke/multi_comb_cap/n512/seed3_L0_Q0
correctness_smoke,multi_comb_cap,512,3,0,1,1,0,0,1,0.041511,6240,/Users/free_1/Library/Mobile Documents/iCloud~md~obsidian/Documents/cpp-checker/branch_3/artifacts/lca_tree_stress_v5/boj3s_gate/ac4_probe_fresh/runs/correctness_smoke/multi_comb_cap/n512/seed3_L0_Q1
correctness_smoke,multi_comb_cap,512,3,1,0,1,0,0,1,0.030178,6192,/Users/free_1/Library/Mobile Documents/iCloud~md~obsidian/Documents/cpp-checker/branch_3/artifacts/lca_tree_stress_v5/boj3s_gate/ac4_probe_fresh/runs/correctness_smoke/multi_comb_cap/n512/seed3_L1_Q0
correctness_smoke,multi_comb_cap,512,3,1,1,1,0,0,1,0.030137,6256,/Users/free_1/Library/Mobile Documents/iCloud~md~obsidian/Documents/cpp-checker/branch_3/artifacts/lca_tree_stress_v5/boj3s_gate/ac4_probe_fresh/runs/correctness_smoke/multi_comb_cap/n512/seed3_L1_Q1
correctness_smoke,multi_comb_cap,1024,1,0,0,1,0,0,1,0.015099,4704,/Users/free_1/Library/Mobile Documents/iCloud~md~obsidian/Documents/cpp-checker/branch_3/artifacts/lca_tree_stress_v5/boj3s_gate/ac4_probe_fresh/runs/correctness_smoke/multi_comb_cap/n1024/seed1_L0_Q0
correctness_smoke,multi_comb_cap,1024,1,0,1,1,0,0,1,0.012807,4720,/Users/free_1/Library/Mobile Documents/iCloud~md~obsidian/Documents/cpp-checker/branch_3/artifacts/lca_tree_stress_v5/boj3s_gate/ac4_probe_fresh/runs/correctness_smoke/multi_comb_cap/n1024/seed1_L0_Q1
correctness_smoke,multi_comb_cap,1024,1,1,0,1,0,0,1,0.015075,4720,/Users/free_1/Library/Mobile Documents/iCloud~md~obsidian/Documents/cpp-checker/branch_3/artifacts/lca_tree_stress_v5/boj3s_gate/ac4_probe_fresh/runs/correctness_smoke/multi_comb_cap/n1024/seed1_L1_Q0
correctness_smoke,multi_comb_cap,1024,1,1,1,1,0,0,1,0.015807,4704,/Users/free_1/Library/Mobile Documents/iCloud~md~obsidian/Documents/cpp-checker/branch_3/artifacts/lca_tree_stress_v5/boj3s_gate/ac4_probe_fresh/runs/correctness_smoke/multi_comb_cap/n1024/seed1_L1_Q1
correctness_smoke,multi_comb_cap,1024,2,0,0,1,0,0,1,0.015108,4720,/Users/free_1/Library/Mobile Documents/iCloud~md~obsidian/Documents/cpp-checker/branch_3/artifacts/lca_tree_stress_v5/boj3s_gate/ac4_probe_fresh/runs/correctness_smoke/multi_comb_cap/n1024/seed2_L0_Q0
correctness_smoke,multi_comb_cap,1024,2,0,1,1,0,0,1,0.014073,4720,/Users/free_1/Library/Mobile Documents/iCloud~md~obsidian/Documents/cpp-checker/branch_3/artifacts/lca_tree_stress_v5/boj3s_gate/ac4_probe_fresh/runs/correctness_smoke/multi_comb_cap/n1024/seed2_L0_Q1
correctness_smoke,multi_comb_cap,1024,2,1,0,1,0,0,1,0.015081,4720,/Users/free_1/Library/Mobile Documents/iCloud~md~obsidian/Documents/cpp-checker/branch_3/artifacts/lca_tree_stress_v5/boj3s_gate/ac4_probe_fresh/runs/correctness_smoke/multi_comb_cap/n1024/seed2_L1_Q0
correctness_smoke,multi_comb_cap,1024,2,1,1,1,0,0,1,0.014803,4720,/Users/free_1/Library/Mobile Documents/iCloud~md~obsidian/Documents/cpp-checker/branch_3/artifacts/lca_tree_stress_v5/boj3s_gate/ac4_probe_fresh/runs/correctness_smoke/multi_comb_cap/n1024/seed2_L1_Q1
correctness_smoke,multi_comb_cap,1024,3,0,0,1,0,0,1,0.015066,4752,/Users/free_1/Library/Mobile Documents/iCloud~md~obsidian/Documents/cpp-checker/branch_3/artifacts/lca_tree_stress_v5/boj3s_gate/ac4_probe_fresh/runs/correctness_smoke/multi_comb_cap/n1024/seed3_L0_Q0
correctness_smoke,multi_comb_cap,1024,3,0,1,1,0,0,1,0.015099,4752,/Users/free_1/Library/Mobile Documents/iCloud~md~obsidian/Documents/cpp-checker/branch_3/artifacts/lca_tree_stress_v5/boj3s_gate/ac4_probe_fresh/runs/correctness_smoke/multi_comb_cap/n1024/seed3_L0_Q1
correctness_smoke,multi_comb_cap,1024,3,1,0,1,0,0,1,0.012205,4752,/Users/free_1/Library/Mobile Documents/iCloud~md~obsidian/Documents/cpp-checker/branch_3/artifacts/lca_tree_stress_v5/boj3s_gate/ac4_probe_fresh/runs/correctness_smoke/multi_comb_cap/n1024/seed3_L1_Q0
correctness_smoke,multi_comb_cap,1024,3,1,1,1,0,0,1,0.011528,4752,/Users/free_1/Library/Mobile Documents/iCloud~md~obsidian/Documents/cpp-checker/branch_3/artifacts/lca_tree_stress_v5/boj3s_gate/ac4_probe_fresh/runs/correctness_smoke/multi_comb_cap/n1024/seed3_L1_Q1
correctness_smoke,balanced_dense,128,1,0,0,1,0,0,1,0.015219,1792,/Users/free_1/Library/Mobile Documents/iCloud~md~obsidian/Documents/cpp-checker/branch_3/artifacts/lca_tree_stress_v5/boj3s_gate/ac4_probe_fresh/runs/correctness_smoke/balanced_dense/n128/seed1_L0_Q0
correctness_smoke,balanced_dense,128,1,0,1,1,0,0,1,0.013160,1824,/Users/free_1/Library/Mobile Documents/iCloud~md~obsidian/Documents/cpp-checker/branch_3/artifacts/lca_tree_stress_v5/boj3s_gate/ac4_probe_fresh/runs/correctness_smoke/balanced_dense/n128/seed1_L0_Q1
correctness_smoke,balanced_dense,128,1,1,0,1,0,0,1,0.015083,1792,/Users/free_1/Library/Mobile Documents/iCloud~md~obsidian/Documents/cpp-checker/branch_3/artifacts/lca_tree_stress_v5/boj3s_gate/ac4_probe_fresh/runs/correctness_smoke/balanced_dense/n128/seed1_L1_Q0
correctness_smoke,balanced_dense,128,1,1,1,1,0,0,1,0.010571,1792,/Users/free_1/Library/Mobile Documents/iCloud~md~obsidian/Documents/cpp-checker/branch_3/artifacts/lca_tree_stress_v5/boj3s_gate/ac4_probe_fresh/runs/correctness_smoke/balanced_dense/n128/seed1_L1_Q1
correctness_smoke,balanced_dense,128,2,0,0,1,0,0,1,0.015092,1840,/Users/free_1/Library/Mobile Documents/iCloud~md~obsidian/Documents/cpp-checker/branch_3/artifacts/lca_tree_stress_v5/boj3s_gate/ac4_probe_fresh/runs/correctness_smoke/balanced_dense/n128/seed2_L0_Q0
correctness_smoke,balanced_dense,128,2,0,1,1,0,0,1,0.017793,1792,/Users/free_1/Library/Mobile Documents/iCloud~md~obsidian/Documents/cpp-checker/branch_3/artifacts/lca_tree_stress_v5/boj3s_gate/ac4_probe_fresh/runs/correctness_smoke/balanced_dense/n128/seed2_L0_Q1
correctness_smoke,balanced_dense,128,2,1,0,1,0,0,1,0.015092,1808,/Users/free_1/Library/Mobile Documents/iCloud~md~obsidian/Documents/cpp-checker/branch_3/artifacts/lca_tree_stress_v5/boj3s_gate/ac4_probe_fresh/runs/correctness_smoke/balanced_dense/n128/seed2_L1_Q0
correctness_smoke,balanced_dense,128,2,1,1,1,0,0,1,0.010097,1792,/Users/free_1/Library/Mobile Documents/iCloud~md~obsidian/Documents/cpp-checker/branch_3/artifacts/lca_tree_stress_v5/boj3s_gate/ac4_probe_fresh/runs/correctness_smoke/balanced_dense/n128/seed2_L1_Q1
correctness_smoke,balanced_dense,128,3,0,0,1,0,0,1,0.015122,1792,/Users/free_1/Library/Mobile Documents/iCloud~md~obsidian/Documents/cpp-checker/branch_3/artifacts/lca_tree_stress_v5/boj3s_gate/ac4_probe_fresh/runs/correctness_smoke/balanced_dense/n128/seed3_L0_Q0
correctness_smoke,balanced_dense,128,3,0,1,1,0,0,1,0.015227,1776,/Users/free_1/Library/Mobile Documents/iCloud~md~obsidian/Documents/cpp-checker/branch_3/artifacts/lca_tree_stress_v5/boj3s_gate/ac4_probe_fresh/runs/correctness_smoke/balanced_dense/n128/seed3_L0_Q1
correctness_smoke,balanced_dense,128,3,1,0,1,0,0,1,0.014287,1776,/Users/free_1/Library/Mobile Documents/iCloud~md~obsidian/Documents/cpp-checker/branch_3/artifacts/lca_tree_stress_v5/boj3s_gate/ac4_probe_fresh/runs/correctness_smoke/balanced_dense/n128/seed3_L1_Q0
correctness_smoke,balanced_dense,128,3,1,1,1,0,0,1,0.015276,1792,/Users/free_1/Library/Mobile Documents/iCloud~md~obsidian/Documents/cpp-checker/branch_3/artifacts/lca_tree_stress_v5/boj3s_gate/ac4_probe_fresh/runs/correctness_smoke/balanced_dense/n128/seed3_L1_Q1
correctness_smoke,balanced_dense,256,1,0,0,1,0,0,1,0.015187,2160,/Users/free_1/Library/Mobile Documents/iCloud~md~obsidian/Documents/cpp-checker/branch_3/artifacts/lca_tree_stress_v5/boj3s_gate/ac4_probe_fresh/runs/correctness_smoke/balanced_dense/n256/seed1_L0_Q0
correctness_smoke,balanced_dense,256,1,0,1,1,0,0,1,0.015110,2144,/Users/free_1/Library/Mobile Documents/iCloud~md~obsidian/Documents/cpp-checker/branch_3/artifacts/lca_tree_stress_v5/boj3s_gate/ac4_probe_fresh/runs/correctness_smoke/balanced_dense/n256/seed1_L0_Q1
correctness_smoke,balanced_dense,256,1,1,0,1,0,0,1,0.015796,2176,/Users/free_1/Library/Mobile Documents/iCloud~md~obsidian/Documents/cpp-checker/branch_3/artifacts/lca_tree_stress_v5/boj3s_gate/ac4_probe_fresh/runs/correctness_smoke/balanced_dense/n256/seed1_L1_Q0
correctness_smoke,balanced_dense,256,1,1,1,1,0,0,1,0.012753,2144,/Users/free_1/Library/Mobile Documents/iCloud~md~obsidian/Documents/cpp-checker/branch_3/artifacts/lca_tree_stress_v5/boj3s_gate/ac4_probe_fresh/runs/correctness_smoke/balanced_dense/n256/seed1_L1_Q1
correctness_smoke,balanced_dense,256,2,0,0,1,0,0,1,0.015123,2128,/Users/free_1/Library/Mobile Documents/iCloud~md~obsidian/Documents/cpp-checker/branch_3/artifacts/lca_tree_stress_v5/boj3s_gate/ac4_probe_fresh/runs/correctness_smoke/balanced_dense/n256/seed2_L0_Q0
correctness_smoke,balanced_dense,256,2,0,1,1,0,0,1,0.010168,2176,/Users/free_1/Library/Mobile Documents/iCloud~md~obsidian/Documents/cpp-checker/branch_3/artifacts/lca_tree_stress_v5/boj3s_gate/ac4_probe_fresh/runs/correctness_smoke/balanced_dense/n256/seed2_L0_Q1
correctness_smoke,balanced_dense,256,2,1,0,1,0,0,1,0.015111,2160,/Users/free_1/Library/Mobile Documents/iCloud~md~obsidian/Documents/cpp-checker/branch_3/artifacts/lca_tree_stress_v5/boj3s_gate/ac4_probe_fresh/runs/correctness_smoke/balanced_dense/n256/seed2_L1_Q0
correctness_smoke,balanced_dense,256,2,1,1,1,0,0,1,0.013783,2176,/Users/free_1/Library/Mobile Documents/iCloud~md~obsidian/Documents/cpp-checker/branch_3/artifacts/lca_tree_stress_v5/boj3s_gate/ac4_probe_fresh/runs/correctness_smoke/balanced_dense/n256/seed2_L1_Q1
correctness_smoke,balanced_dense,256,3,0,0,1,0,0,1,0.014102,2160,/Users/free_1/Library/Mobile Documents/iCloud~md~obsidian/Documents/cpp-checker/branch_3/artifacts/lca_tree_stress_v5/boj3s_gate/ac4_probe_fresh/runs/correctness_smoke/balanced_dense/n256/seed3_L0_Q0
correctness_smoke,balanced_dense,256,3,0,1,1,0,0,1,0.010457,2112,/Users/free_1/Library/Mobile Documents/iCloud~md~obsidian/Documents/cpp-checker/branch_3/artifacts/lca_tree_stress_v5/boj3s_gate/ac4_probe_fresh/runs/correctness_smoke/balanced_dense/n256/seed3_L0_Q1
correctness_smoke,balanced_dense,256,3,1,0,1,0,0,1,0.015204,2128,/Users/free_1/Library/Mobile Documents/iCloud~md~obsidian/Documents/cpp-checker/branch_3/artifacts/lca_tree_stress_v5/boj3s_gate/ac4_probe_fresh/runs/correctness_smoke/balanced_dense/n256/seed3_L1_Q0
correctness_smoke,balanced_dense,256,3,1,1,1,0,0,1,0.014085,2208,/Users/free_1/Library/Mobile Documents/iCloud~md~obsidian/Documents/cpp-checker/branch_3/artifacts/lca_tree_stress_v5/boj3s_gate/ac4_probe_fresh/runs/correctness_smoke/balanced_dense/n256/seed3_L1_Q1
correctness_smoke,balanced_dense,512,1,0,0,1,0,0,1,0.015088,2752,/Users/free_1/Library/Mobile Documents/iCloud~md~obsidian/Documents/cpp-checker/branch_3/artifacts/lca_tree_stress_v5/boj3s_gate/ac4_probe_fresh/runs/correctness_smoke/balanced_dense/n512/seed1_L0_Q0
correctness_smoke,balanced_dense,512,1,0,1,1,0,0,1,0.010699,2784,/Users/free_1/Library/Mobile Documents/iCloud~md~obsidian/Documents/cpp-checker/branch_3/artifacts/lca_tree_stress_v5/boj3s_gate/ac4_probe_fresh/runs/correctness_smoke/balanced_dense/n512/seed1_L0_Q1
correctness_smoke,balanced_dense,512,1,1,0,1,0,0,1,0.013873,2752,/Users/free_1/Library/Mobile Documents/iCloud~md~obsidian/Documents/cpp-checker/branch_3/artifacts/lca_tree_stress_v5/boj3s_gate/ac4_probe_fresh/runs/correctness_smoke/balanced_dense/n512/seed1_L1_Q0
correctness_smoke,balanced_dense,512,1,1,1,1,0,0,1,0.015091,2736,/Users/free_1/Library/Mobile Documents/iCloud~md~obsidian/Documents/cpp-checker/branch_3/artifacts/lca_tree_stress_v5/boj3s_gate/ac4_probe_fresh/runs/correctness_smoke/balanced_dense/n512/seed1_L1_Q1
correctness_smoke,balanced_dense,512,2,0,0,1,0,0,1,0.014473,2752,/Users/free_1/Library/Mobile Documents/iCloud~md~obsidian/Documents/cpp-checker/branch_3/artifacts/lca_tree_stress_v5/boj3s_gate/ac4_probe_fresh/runs/correctness_smoke/balanced_dense/n512/seed2_L0_Q0
correctness_smoke,balanced_dense,512,2,0,1,1,0,0,1,0.010890,2720,/Users/free_1/Library/Mobile Documents/iCloud~md~obsidian/Documents/cpp-checker/branch_3/artifacts/lca_tree_stress_v5/boj3s_gate/ac4_probe_fresh/runs/correctness_smoke/balanced_dense/n512/seed2_L0_Q1
correctness_smoke,balanced_dense,512,2,1,0,1,0,0,1,0.015103,2736,/Users/free_1/Library/Mobile Documents/iCloud~md~obsidian/Documents/cpp-checker/branch_3/artifacts/lca_tree_stress_v5/boj3s_gate/ac4_probe_fresh/runs/correctness_smoke/balanced_dense/n512/seed2_L1_Q0
correctness_smoke,balanced_dense,512,2,1,1,1,0,0,1,0.011524,2768,/Users/free_1/Library/Mobile Documents/iCloud~md~obsidian/Documents/cpp-checker/branch_3/artifacts/lca_tree_stress_v5/boj3s_gate/ac4_probe_fresh/runs/correctness_smoke/balanced_dense/n512/seed2_L1_Q1
correctness_smoke,balanced_dense,512,3,0,0,1,0,0,1,0.012816,2752,/Users/free_1/Library/Mobile Documents/iCloud~md~obsidian/Documents/cpp-checker/branch_3/artifacts/lca_tree_stress_v5/boj3s_gate/ac4_probe_fresh/runs/correctness_smoke/balanced_dense/n512/seed3_L0_Q0
correctness_smoke,balanced_dense,512,3,0,1,1,0,0,1,0.015093,2736,/Users/free_1/Library/Mobile Documents/iCloud~md~obsidian/Documents/cpp-checker/branch_3/artifacts/lca_tree_stress_v5/boj3s_gate/ac4_probe_fresh/runs/correctness_smoke/balanced_dense/n512/seed3_L0_Q1
correctness_smoke,balanced_dense,512,3,1,0,1,0,0,1,0.015275,2768,/Users/free_1/Library/Mobile Documents/iCloud~md~obsidian/Documents/cpp-checker/branch_3/artifacts/lca_tree_stress_v5/boj3s_gate/ac4_probe_fresh/runs/correctness_smoke/balanced_dense/n512/seed3_L1_Q0
correctness_smoke,balanced_dense,512,3,1,1,1,0,0,1,0.011943,2784,/Users/free_1/Library/Mobile Documents/iCloud~md~obsidian/Documents/cpp-checker/branch_3/artifacts/lca_tree_stress_v5/boj3s_gate/ac4_probe_fresh/runs/correctness_smoke/balanced_dense/n512/seed3_L1_Q1
correctness_smoke,balanced_dense,1024,1,0,0,1,0,0,1,0.015085,4704,/Users/free_1/Library/Mobile Documents/iCloud~md~obsidian/Documents/cpp-checker/branch_3/artifacts/lca_tree_stress_v5/boj3s_gate/ac4_probe_fresh/runs/correctness_smoke/balanced_dense/n1024/seed1_L0_Q0
correctness_smoke,balanced_dense,1024,1,0,1,1,0,0,1,0.026419,4720,/Users/free_1/Library/Mobile Documents/iCloud~md~obsidian/Documents/cpp-checker/branch_3/artifacts/lca_tree_stress_v5/boj3s_gate/ac4_probe_fresh/runs/correctness_smoke/balanced_dense/n1024/seed1_L0_Q1
correctness_smoke,balanced_dense,1024,1,1,0,1,0,0,1,0.028500,4752,/Users/free_1/Library/Mobile Documents/iCloud~md~obsidian/Documents/cpp-checker/branch_3/artifacts/lca_tree_stress_v5/boj3s_gate/ac4_probe_fresh/runs/correctness_smoke/balanced_dense/n1024/seed1_L1_Q0
correctness_smoke,balanced_dense,1024,1,1,1,1,0,0,1,0.026622,4752,/Users/free_1/Library/Mobile Documents/iCloud~md~obsidian/Documents/cpp-checker/branch_3/artifacts/lca_tree_stress_v5/boj3s_gate/ac4_probe_fresh/runs/correctness_smoke/balanced_dense/n1024/seed1_L1_Q1
correctness_smoke,balanced_dense,1024,2,0,0,1,0,0,1,0.012933,3872,/Users/free_1/Library/Mobile Documents/iCloud~md~obsidian/Documents/cpp-checker/branch_3/artifacts/lca_tree_stress_v5/boj3s_gate/ac4_probe_fresh/runs/correctness_smoke/balanced_dense/n1024/seed2_L0_Q0
correctness_smoke,balanced_dense,1024,2,0,1,1,0,0,1,0.011047,3872,/Users/free_1/Library/Mobile Documents/iCloud~md~obsidian/Documents/cpp-checker/branch_3/artifacts/lca_tree_stress_v5/boj3s_gate/ac4_probe_fresh/runs/correctness_smoke/balanced_dense/n1024/seed2_L0_Q1
correctness_smoke,balanced_dense,1024,2,1,0,1,0,0,1,0.010209,3904,/Users/free_1/Library/Mobile Documents/iCloud~md~obsidian/Documents/cpp-checker/branch_3/artifacts/lca_tree_stress_v5/boj3s_gate/ac4_probe_fresh/runs/correctness_smoke/balanced_dense/n1024/seed2_L1_Q0
correctness_smoke,balanced_dense,1024,2,1,1,1,0,0,1,0.010590,3904,/Users/free_1/Library/Mobile Documents/iCloud~md~obsidian/Documents/cpp-checker/branch_3/artifacts/lca_tree_stress_v5/boj3s_gate/ac4_probe_fresh/runs/correctness_smoke/balanced_dense/n1024/seed2_L1_Q1
correctness_smoke,balanced_dense,1024,3,0,0,1,0,0,1,0.025255,3824,/Users/free_1/Library/Mobile Documents/iCloud~md~obsidian/Documents/cpp-checker/branch_3/artifacts/lca_tree_stress_v5/boj3s_gate/ac4_probe_fresh/runs/correctness_smoke/balanced_dense/n1024/seed3_L0_Q0
correctness_smoke,balanced_dense,1024,3,0,1,1,0,0,1,0.015084,3824,/Users/free_1/Library/Mobile Documents/iCloud~md~obsidian/Documents/cpp-checker/branch_3/artifacts/lca_tree_stress_v5/boj3s_gate/ac4_probe_fresh/runs/correctness_smoke/balanced_dense/n1024/seed3_L0_Q1
correctness_smoke,balanced_dense,1024,3,1,0,1,0,0,1,0.011310,3856,/Users/free_1/Library/Mobile Documents/iCloud~md~obsidian/Documents/cpp-checker/branch_3/artifacts/lca_tree_stress_v5/boj3s_gate/ac4_probe_fresh/runs/correctness_smoke/balanced_dense/n1024/seed3_L1_Q0
correctness_smoke,balanced_dense,1024,3,1,1,1,0,0,1,0.015101,3856,/Users/free_1/Library/Mobile Documents/iCloud~md~obsidian/Documents/cpp-checker/branch_3/artifacts/lca_tree_stress_v5/boj3s_gate/ac4_probe_fresh/runs/correctness_smoke/balanced_dense/n1024/seed3_L1_Q1
correctness_smoke,caterpillar_rect_dense,128,1,0,0,1,0,0,1,0.015095,2608,/Users/free_1/Library/Mobile Documents/iCloud~md~obsidian/Documents/cpp-checker/branch_3/artifacts/lca_tree_stress_v5/boj3s_gate/ac4_probe_fresh/runs/correctness_smoke/caterpillar_rect_dense/n128/seed1_L0_Q0
correctness_smoke,caterpillar_rect_dense,128,1,0,1,1,0,0,1,0.015074,2592,/Users/free_1/Library/Mobile Documents/iCloud~md~obsidian/Documents/cpp-checker/branch_3/artifacts/lca_tree_stress_v5/boj3s_gate/ac4_probe_fresh/runs/correctness_smoke/caterpillar_rect_dense/n128/seed1_L0_Q1
correctness_smoke,caterpillar_rect_dense,128,1,1,0,1,0,0,1,0.015258,2608,/Users/free_1/Library/Mobile Documents/iCloud~md~obsidian/Documents/cpp-checker/branch_3/artifacts/lca_tree_stress_v5/boj3s_gate/ac4_probe_fresh/runs/correctness_smoke/caterpillar_rect_dense/n128/seed1_L1_Q0
correctness_smoke,caterpillar_rect_dense,128,1,1,1,1,0,0,1,0.015001,2608,/Users/free_1/Library/Mobile Documents/iCloud~md~obsidian/Documents/cpp-checker/branch_3/artifacts/lca_tree_stress_v5/boj3s_gate/ac4_probe_fresh/runs/correctness_smoke/caterpillar_rect_dense/n128/seed1_L1_Q1
correctness_smoke,caterpillar_rect_dense,128,2,0,0,1,0,0,1,0.017817,2624,/Users/free_1/Library/Mobile Documents/iCloud~md~obsidian/Documents/cpp-checker/branch_3/artifacts/lca_tree_stress_v5/boj3s_gate/ac4_probe_fresh/runs/correctness_smoke/caterpillar_rect_dense/n128/seed2_L0_Q0
correctness_smoke,caterpillar_rect_dense,128,2,0,1,1,0,0,1,0.012232,2688,/Users/free_1/Library/Mobile Documents/iCloud~md~obsidian/Documents/cpp-checker/branch_3/artifacts/lca_tree_stress_v5/boj3s_gate/ac4_probe_fresh/runs/correctness_smoke/caterpillar_rect_dense/n128/seed2_L0_Q1
correctness_smoke,caterpillar_rect_dense,128,2,1,0,1,0,0,1,0.013764,2592,/Users/free_1/Library/Mobile Documents/iCloud~md~obsidian/Documents/cpp-checker/branch_3/artifacts/lca_tree_stress_v5/boj3s_gate/ac4_probe_fresh/runs/correctness_smoke/caterpillar_rect_dense/n128/seed2_L1_Q0
correctness_smoke,caterpillar_rect_dense,128,2,1,1,1,0,0,1,0.014996,2640,/Users/free_1/Library/Mobile Documents/iCloud~md~obsidian/Documents/cpp-checker/branch_3/artifacts/lca_tree_stress_v5/boj3s_gate/ac4_probe_fresh/runs/correctness_smoke/caterpillar_rect_dense/n128/seed2_L1_Q1
correctness_smoke,caterpillar_rect_dense,128,3,0,0,1,0,0,1,0.013863,2672,/Users/free_1/Library/Mobile Documents/iCloud~md~obsidian/Documents/cpp-checker/branch_3/artifacts/lca_tree_stress_v5/boj3s_gate/ac4_probe_fresh/runs/correctness_smoke/caterpillar_rect_dense/n128/seed3_L0_Q0
correctness_smoke,caterpillar_rect_dense,128,3,0,1,1,0,0,1,0.011914,2592,/Users/free_1/Library/Mobile Documents/iCloud~md~obsidian/Documents/cpp-checker/branch_3/artifacts/lca_tree_stress_v5/boj3s_gate/ac4_probe_fresh/runs/correctness_smoke/caterpillar_rect_dense/n128/seed3_L0_Q1
correctness_smoke,caterpillar_rect_dense,128,3,1,0,1,0,0,1,0.016126,2592,/Users/free_1/Library/Mobile Documents/iCloud~md~obsidian/Documents/cpp-checker/branch_3/artifacts/lca_tree_stress_v5/boj3s_gate/ac4_probe_fresh/runs/correctness_smoke/caterpillar_rect_dense/n128/seed3_L1_Q0
correctness_smoke,caterpillar_rect_dense,128,3,1,1,1,0,0,1,0.015086,2640,/Users/free_1/Library/Mobile Documents/iCloud~md~obsidian/Documents/cpp-checker/branch_3/artifacts/lca_tree_stress_v5/boj3s_gate/ac4_probe_fresh/runs/correctness_smoke/caterpillar_rect_dense/n128/seed3_L1_Q1
correctness_smoke,caterpillar_rect_dense,256,1,0,0,1,0,0,1,0.029958,5664,/Users/free_1/Library/Mobile Documents/iCloud~md~obsidian/Documents/cpp-checker/branch_3/artifacts/lca_tree_stress_v5/boj3s_gate/ac4_probe_fresh/runs/correctness_smoke/caterpillar_rect_dense/n256/seed1_L0_Q0
correctness_smoke,caterpillar_rect_dense,256,1,0,1,1,0,0,1,0.030216,5648,/Users/free_1/Library/Mobile Documents/iCloud~md~obsidian/Documents/cpp-checker/branch_3/artifacts/lca_tree_stress_v5/boj3s_gate/ac4_probe_fresh/runs/correctness_smoke/caterpillar_rect_dense/n256/seed1_L0_Q1
correctness_smoke,caterpillar_rect_dense,256,1,1,0,1,0,0,1,0.040855,5696,/Users/free_1/Library/Mobile Documents/iCloud~md~obsidian/Documents/cpp-checker/branch_3/artifacts/lca_tree_stress_v5/boj3s_gate/ac4_probe_fresh/runs/correctness_smoke/caterpillar_rect_dense/n256/seed1_L1_Q0
correctness_smoke,caterpillar_rect_dense,256,1,1,1,1,0,0,1,0.047247,5680,/Users/free_1/Library/Mobile Documents/iCloud~md~obsidian/Documents/cpp-checker/branch_3/artifacts/lca_tree_stress_v5/boj3s_gate/ac4_probe_fresh/runs/correctness_smoke/caterpillar_rect_dense/n256/seed1_L1_Q1
correctness_smoke,caterpillar_rect_dense,256,2,0,0,1,0,0,1,0.028522,5664,/Users/free_1/Library/Mobile Documents/iCloud~md~obsidian/Documents/cpp-checker/branch_3/artifacts/lca_tree_stress_v5/boj3s_gate/ac4_probe_fresh/runs/correctness_smoke/caterpillar_rect_dense/n256/seed2_L0_Q0
correctness_smoke,caterpillar_rect_dense,256,2,0,1,1,0,0,1,0.036127,5648,/Users/free_1/Library/Mobile Documents/iCloud~md~obsidian/Documents/cpp-checker/branch_3/artifacts/lca_tree_stress_v5/boj3s_gate/ac4_probe_fresh/runs/correctness_smoke/caterpillar_rect_dense/n256/seed2_L0_Q1
correctness_smoke,caterpillar_rect_dense,256,2,1,0,1,0,0,1,0.052189,5664,/Users/free_1/Library/Mobile Documents/iCloud~md~obsidian/Documents/cpp-checker/branch_3/artifacts/lca_tree_stress_v5/boj3s_gate/ac4_probe_fresh/runs/correctness_smoke/caterpillar_rect_dense/n256/seed2_L1_Q0
correctness_smoke,caterpillar_rect_dense,256,2,1,1,1,0,0,1,0.041041,5648,/Users/free_1/Library/Mobile Documents/iCloud~md~obsidian/Documents/cpp-checker/branch_3/artifacts/lca_tree_stress_v5/boj3s_gate/ac4_probe_fresh/runs/correctness_smoke/caterpillar_rect_dense/n256/seed2_L1_Q1
correctness_smoke,caterpillar_rect_dense,256,3,0,0,1,0,0,1,0.028306,5632,/Users/free_1/Library/Mobile Documents/iCloud~md~obsidian/Documents/cpp-checker/branch_3/artifacts/lca_tree_stress_v5/boj3s_gate/ac4_probe_fresh/runs/correctness_smoke/caterpillar_rect_dense/n256/seed3_L0_Q0
correctness_smoke,caterpillar_rect_dense,256,3,0,1,1,0,0,1,0.026649,5616,/Users/free_1/Library/Mobile Documents/iCloud~md~obsidian/Documents/cpp-checker/branch_3/artifacts/lca_tree_stress_v5/boj3s_gate/ac4_probe_fresh/runs/correctness_smoke/caterpillar_rect_dense/n256/seed3_L0_Q1
correctness_smoke,caterpillar_rect_dense,256,3,1,0,1,0,0,1,0.036765,5680,/Users/free_1/Library/Mobile Documents/iCloud~md~obsidian/Documents/cpp-checker/branch_3/artifacts/lca_tree_stress_v5/boj3s_gate/ac4_probe_fresh/runs/correctness_smoke/caterpillar_rect_dense/n256/seed3_L1_Q0
correctness_smoke,caterpillar_rect_dense,256,3,1,1,1,0,0,1,0.038861,5664,/Users/free_1/Library/Mobile Documents/iCloud~md~obsidian/Documents/cpp-checker/branch_3/artifacts/lca_tree_stress_v5/boj3s_gate/ac4_probe_fresh/runs/correctness_smoke/caterpillar_rect_dense/n256/seed3_L1_Q1
correctness_smoke,caterpillar_rect_dense,512,1,0,0,1,0,0,1,0.126499,17264,/Users/free_1/Library/Mobile Documents/iCloud~md~obsidian/Documents/cpp-checker/branch_3/artifacts/lca_tree_stress_v5/boj3s_gate/ac4_probe_fresh/runs/correctness_smoke/caterpillar_rect_dense/n512/seed1_L0_Q0
correctness_smoke,caterpillar_rect_dense,512,1,0,1,1,0,0,1,0.135061,17232,/Users/free_1/Library/Mobile Documents/iCloud~md~obsidian/Documents/cpp-checker/branch_3/artifacts/lca_tree_stress_v5/boj3s_gate/ac4_probe_fresh/runs/correctness_smoke/caterpillar_rect_dense/n512/seed1_L0_Q1
correctness_smoke,caterpillar_rect_dense,512,1,1,0,1,0,0,1,0.125184,17232,/Users/free_1/Library/Mobile Documents/iCloud~md~obsidian/Documents/cpp-checker/branch_3/artifacts/lca_tree_stress_v5/boj3s_gate/ac4_probe_fresh/runs/correctness_smoke/caterpillar_rect_dense/n512/seed1_L1_Q0
correctness_smoke,caterpillar_rect_dense,512,1,1,1,1,0,0,1,0.134616,17232,/Users/free_1/Library/Mobile Documents/iCloud~md~obsidian/Documents/cpp-checker/branch_3/artifacts/lca_tree_stress_v5/boj3s_gate/ac4_probe_fresh/runs/correctness_smoke/caterpillar_rect_dense/n512/seed1_L1_Q1
correctness_smoke,caterpillar_rect_dense,512,2,0,0,1,0,0,1,0.126137,17184,/Users/free_1/Library/Mobile Documents/iCloud~md~obsidian/Documents/cpp-checker/branch_3/artifacts/lca_tree_stress_v5/boj3s_gate/ac4_probe_fresh/runs/correctness_smoke/caterpillar_rect_dense/n512/seed2_L0_Q0
correctness_smoke,caterpillar_rect_dense,512,2,0,1,1,0,0,1,0.128753,17136,/Users/free_1/Library/Mobile Documents/iCloud~md~obsidian/Documents/cpp-checker/branch_3/artifacts/lca_tree_stress_v5/boj3s_gate/ac4_probe_fresh/runs/correctness_smoke/caterpillar_rect_dense/n512/seed2_L0_Q1
correctness_smoke,caterpillar_rect_dense,512,2,1,0,1,0,0,1,0.119338,17168,/Users/free_1/Library/Mobile Documents/iCloud~md~obsidian/Documents/cpp-checker/branch_3/artifacts/lca_tree_stress_v5/boj3s_gate/ac4_probe_fresh/runs/correctness_smoke/caterpillar_rect_dense/n512/seed2_L1_Q0
correctness_smoke,caterpillar_rect_dense,512,2,1,1,1,0,0,1,0.143336,17088,/Users/free_1/Library/Mobile Documents/iCloud~md~obsidian/Documents/cpp-checker/branch_3/artifacts/lca_tree_stress_v5/boj3s_gate/ac4_probe_fresh/runs/correctness_smoke/caterpillar_rect_dense/n512/seed2_L1_Q1
correctness_smoke,caterpillar_rect_dense,512,3,0,0,1,0,0,1,0.128439,17232,/Users/free_1/Library/Mobile Documents/iCloud~md~obsidian/Documents/cpp-checker/branch_3/artifacts/lca_tree_stress_v5/boj3s_gate/ac4_probe_fresh/runs/correctness_smoke/caterpillar_rect_dense/n512/seed3_L0_Q0
correctness_smoke,caterpillar_rect_dense,512,3,0,1,1,0,0,1,0.118490,17184,/Users/free_1/Library/Mobile Documents/iCloud~md~obsidian/Documents/cpp-checker/branch_3/artifacts/lca_tree_stress_v5/boj3s_gate/ac4_probe_fresh/runs/correctness_smoke/caterpillar_rect_dense/n512/seed3_L0_Q1
correctness_smoke,caterpillar_rect_dense,512,3,1,0,1,0,0,1,0.119614,17200,/Users/free_1/Library/Mobile Documents/iCloud~md~obsidian/Documents/cpp-checker/branch_3/artifacts/lca_tree_stress_v5/boj3s_gate/ac4_probe_fresh/runs/correctness_smoke/caterpillar_rect_dense/n512/seed3_L1_Q0
correctness_smoke,caterpillar_rect_dense,512,3,1,1,1,0,0,1,0.134936,17216,/Users/free_1/Library/Mobile Documents/iCloud~md~obsidian/Documents/cpp-checker/branch_3/artifacts/lca_tree_stress_v5/boj3s_gate/ac4_probe_fresh/runs/correctness_smoke/caterpillar_rect_dense/n512/seed3_L1_Q1
correctness_smoke,caterpillar_rect_dense,1024,1,0,0,1,0,0,1,0.030126,7040,/Users/free_1/Library/Mobile Documents/iCloud~md~obsidian/Documents/cpp-checker/branch_3/artifacts/lca_tree_stress_v5/boj3s_gate/ac4_probe_fresh/runs/correctness_smoke/caterpillar_rect_dense/n1024/seed1_L0_Q0
correctness_smoke,caterpillar_rect_dense,1024,1,0,1,1,0,0,1,0.032618,7040,/Users/free_1/Library/Mobile Documents/iCloud~md~obsidian/Documents/cpp-checker/branch_3/artifacts/lca_tree_stress_v5/boj3s_gate/ac4_probe_fresh/runs/correctness_smoke/caterpillar_rect_dense/n1024/seed1_L0_Q1
correctness_smoke,caterpillar_rect_dense,1024,1,1,0,1,0,0,1,0.029322,7056,/Users/free_1/Library/Mobile Documents/iCloud~md~obsidian/Documents/cpp-checker/branch_3/artifacts/lca_tree_stress_v5/boj3s_gate/ac4_probe_fresh/runs/correctness_smoke/caterpillar_rect_dense/n1024/seed1_L1_Q0
correctness_smoke,caterpillar_rect_dense,1024,1,1,1,1,0,0,1,0.024840,7056,/Users/free_1/Library/Mobile Documents/iCloud~md~obsidian/Documents/cpp-checker/branch_3/artifacts/lca_tree_stress_v5/boj3s_gate/ac4_probe_fresh/runs/correctness_smoke/caterpillar_rect_dense/n1024/seed1_L1_Q1
correctness_smoke,caterpillar_rect_dense,1024,2,0,0,1,0,0,1,0.024499,7024,/Users/free_1/Library/Mobile Documents/iCloud~md~obsidian/Documents/cpp-checker/branch_3/artifacts/lca_tree_stress_v5/boj3s_gate/ac4_probe_fresh/runs/correctness_smoke/caterpillar_rect_dense/n1024/seed2_L0_Q0
correctness_smoke,caterpillar_rect_dense,1024,2,0,1,1,0,0,1,0.029533,7024,/Users/free_1/Library/Mobile Documents/iCloud~md~obsidian/Documents/cpp-checker/branch_3/artifacts/lca_tree_stress_v5/boj3s_gate/ac4_probe_fresh/runs/correctness_smoke/caterpillar_rect_dense/n1024/seed2_L0_Q1
correctness_smoke,caterpillar_rect_dense,1024,2,1,0,1,0,0,1,0.035945,7040,/Users/free_1/Library/Mobile Documents/iCloud~md~obsidian/Documents/cpp-checker/branch_3/artifacts/lca_tree_stress_v5/boj3s_gate/ac4_probe_fresh/runs/correctness_smoke/caterpillar_rect_dense/n1024/seed2_L1_Q0
correctness_smoke,caterpillar_rect_dense,1024,2,1,1,1,0,0,1,0.030261,7040,/Users/free_1/Library/Mobile Documents/iCloud~md~obsidian/Documents/cpp-checker/branch_3/artifacts/lca_tree_stress_v5/boj3s_gate/ac4_probe_fresh/runs/correctness_smoke/caterpillar_rect_dense/n1024/seed2_L1_Q1
correctness_smoke,caterpillar_rect_dense,1024,3,0,0,1,0,0,1,0.023458,7024,/Users/free_1/Library/Mobile Documents/iCloud~md~obsidian/Documents/cpp-checker/branch_3/artifacts/lca_tree_stress_v5/boj3s_gate/ac4_probe_fresh/runs/correctness_smoke/caterpillar_rect_dense/n1024/seed3_L0_Q0
correctness_smoke,caterpillar_rect_dense,1024,3,0,1,1,0,0,1,0.024007,7040,/Users/free_1/Library/Mobile Documents/iCloud~md~obsidian/Documents/cpp-checker/branch_3/artifacts/lca_tree_stress_v5/boj3s_gate/ac4_probe_fresh/runs/correctness_smoke/caterpillar_rect_dense/n1024/seed3_L0_Q1
correctness_smoke,caterpillar_rect_dense,1024,3,1,0,1,0,0,1,0.029644,7072,/Users/free_1/Library/Mobile Documents/iCloud~md~obsidian/Documents/cpp-checker/branch_3/artifacts/lca_tree_stress_v5/boj3s_gate/ac4_probe_fresh/runs/correctness_smoke/caterpillar_rect_dense/n1024/seed3_L1_Q0
correctness_smoke,caterpillar_rect_dense,1024,3,1,1,1,0,0,1,0.029243,7040,/Users/free_1/Library/Mobile Documents/iCloud~md~obsidian/Documents/cpp-checker/branch_3/artifacts/lca_tree_stress_v5/boj3s_gate/ac4_probe_fresh/runs/correctness_smoke/caterpillar_rect_dense/n1024/seed3_L1_Q1
correctness_smoke,random_recursive_mixed,128,1,0,0,1,0,0,1,0.010338,1792,/Users/free_1/Library/Mobile Documents/iCloud~md~obsidian/Documents/cpp-checker/branch_3/artifacts/lca_tree_stress_v5/boj3s_gate/ac4_probe_fresh/runs/correctness_smoke/random_recursive_mixed/n128/seed1_L0_Q0
correctness_smoke,random_recursive_mixed,128,1,0,1,1,0,0,1,0.011121,1776,/Users/free_1/Library/Mobile Documents/iCloud~md~obsidian/Documents/cpp-checker/branch_3/artifacts/lca_tree_stress_v5/boj3s_gate/ac4_probe_fresh/runs/correctness_smoke/random_recursive_mixed/n128/seed1_L0_Q1
correctness_smoke,random_recursive_mixed,128,1,1,0,1,0,0,1,0.012966,1792,/Users/free_1/Library/Mobile Documents/iCloud~md~obsidian/Documents/cpp-checker/branch_3/artifacts/lca_tree_stress_v5/boj3s_gate/ac4_probe_fresh/runs/correctness_smoke/random_recursive_mixed/n128/seed1_L1_Q0
correctness_smoke,random_recursive_mixed,128,1,1,1,1,0,0,1,0.011818,1792,/Users/free_1/Library/Mobile Documents/iCloud~md~obsidian/Documents/cpp-checker/branch_3/artifacts/lca_tree_stress_v5/boj3s_gate/ac4_probe_fresh/runs/correctness_smoke/random_recursive_mixed/n128/seed1_L1_Q1
correctness_smoke,random_recursive_mixed,128,2,0,0,1,0,0,1,0.015083,1776,/Users/free_1/Library/Mobile Documents/iCloud~md~obsidian/Documents/cpp-checker/branch_3/artifacts/lca_tree_stress_v5/boj3s_gate/ac4_probe_fresh/runs/correctness_smoke/random_recursive_mixed/n128/seed2_L0_Q0
correctness_smoke,random_recursive_mixed,128,2,0,1,1,0,0,1,0.018318,1760,/Users/free_1/Library/Mobile Documents/iCloud~md~obsidian/Documents/cpp-checker/branch_3/artifacts/lca_tree_stress_v5/boj3s_gate/ac4_probe_fresh/runs/correctness_smoke/random_recursive_mixed/n128/seed2_L0_Q1
correctness_smoke,random_recursive_mixed,128,2,1,0,1,0,0,1,0.013403,1744,/Users/free_1/Library/Mobile Documents/iCloud~md~obsidian/Documents/cpp-checker/branch_3/artifacts/lca_tree_stress_v5/boj3s_gate/ac4_probe_fresh/runs/correctness_smoke/random_recursive_mixed/n128/seed2_L1_Q0
correctness_smoke,random_recursive_mixed,128,2,1,1,1,0,0,1,0.015085,1760,/Users/free_1/Library/Mobile Documents/iCloud~md~obsidian/Documents/cpp-checker/branch_3/artifacts/lca_tree_stress_v5/boj3s_gate/ac4_probe_fresh/runs/correctness_smoke/random_recursive_mixed/n128/seed2_L1_Q1
correctness_smoke,random_recursive_mixed,128,3,0,0,1,0,0,1,0.015098,1776,/Users/free_1/Library/Mobile Documents/iCloud~md~obsidian/Documents/cpp-checker/branch_3/artifacts/lca_tree_stress_v5/boj3s_gate/ac4_probe_fresh/runs/correctness_smoke/random_recursive_mixed/n128/seed3_L0_Q0
correctness_smoke,random_recursive_mixed,128,3,0,1,1,0,0,1,0.014178,1760,/Users/free_1/Library/Mobile Documents/iCloud~md~obsidian/Documents/cpp-checker/branch_3/artifacts/lca_tree_stress_v5/boj3s_gate/ac4_probe_fresh/runs/correctness_smoke/random_recursive_mixed/n128/seed3_L0_Q1
correctness_smoke,random_recursive_mixed,128,3,1,0,1,0,0,1,0.010542,1776,/Users/free_1/Library/Mobile Documents/iCloud~md~obsidian/Documents/cpp-checker/branch_3/artifacts/lca_tree_stress_v5/boj3s_gate/ac4_probe_fresh/runs/correctness_smoke/random_recursive_mixed/n128/seed3_L1_Q0
correctness_smoke,random_recursive_mixed,128,3,1,1,1,0,0,1,0.017586,1760,/Users/free_1/Library/Mobile Documents/iCloud~md~obsidian/Documents/cpp-checker/branch_3/artifacts/lca_tree_stress_v5/boj3s_gate/ac4_probe_fresh/runs/correctness_smoke/random_recursive_mixed/n128/seed3_L1_Q1
correctness_smoke,random_recursive_mixed,256,1,0,0,1,0,0,1,0.013514,2112,/Users/free_1/Library/Mobile Documents/iCloud~md~obsidian/Documents/cpp-checker/branch_3/artifacts/lca_tree_stress_v5/boj3s_gate/ac4_probe_fresh/runs/correctness_smoke/random_recursive_mixed/n256/seed1_L0_Q0
correctness_smoke,random_recursive_mixed,256,1,0,1,1,0,0,1,0.015098,2128,/Users/free_1/Library/Mobile Documents/iCloud~md~obsidian/Documents/cpp-checker/branch_3/artifacts/lca_tree_stress_v5/boj3s_gate/ac4_probe_fresh/runs/correctness_smoke/random_recursive_mixed/n256/seed1_L0_Q1
correctness_smoke,random_recursive_mixed,256,1,1,0,1,0,0,1,0.015079,2128,/Users/free_1/Library/Mobile Documents/iCloud~md~obsidian/Documents/cpp-checker/branch_3/artifacts/lca_tree_stress_v5/boj3s_gate/ac4_probe_fresh/runs/correctness_smoke/random_recursive_mixed/n256/seed1_L1_Q0
correctness_smoke,random_recursive_mixed,256,1,1,1,1,0,0,1,0.014235,2128,/Users/free_1/Library/Mobile Documents/iCloud~md~obsidian/Documents/cpp-checker/branch_3/artifacts/lca_tree_stress_v5/boj3s_gate/ac4_probe_fresh/runs/correctness_smoke/random_recursive_mixed/n256/seed1_L1_Q1
correctness_smoke,random_recursive_mixed,256,2,0,0,1,0,0,1,0.011616,2096,/Users/free_1/Library/Mobile Documents/iCloud~md~obsidian/Documents/cpp-checker/branch_3/artifacts/lca_tree_stress_v5/boj3s_gate/ac4_probe_fresh/runs/correctness_smoke/random_recursive_mixed/n256/seed2_L0_Q0
correctness_smoke,random_recursive_mixed,256,2,0,1,1,0,0,1,0.015150,2064,/Users/free_1/Library/Mobile Documents/iCloud~md~obsidian/Documents/cpp-checker/branch_3/artifacts/lca_tree_stress_v5/boj3s_gate/ac4_probe_fresh/runs/correctness_smoke/random_recursive_mixed/n256/seed2_L0_Q1
correctness_smoke,random_recursive_mixed,256,2,1,0,1,0,0,1,0.014502,2096,/Users/free_1/Library/Mobile Documents/iCloud~md~obsidian/Documents/cpp-checker/branch_3/artifacts/lca_tree_stress_v5/boj3s_gate/ac4_probe_fresh/runs/correctness_smoke/random_recursive_mixed/n256/seed2_L1_Q0
correctness_smoke,random_recursive_mixed,256,2,1,1,1,0,0,1,0.025605,2112,/Users/free_1/Library/Mobile Documents/iCloud~md~obsidian/Documents/cpp-checker/branch_3/artifacts/lca_tree_stress_v5/boj3s_gate/ac4_probe_fresh/runs/correctness_smoke/random_recursive_mixed/n256/seed2_L1_Q1
correctness_smoke,random_recursive_mixed,256,3,0,0,1,0,0,1,0.010469,2096,/Users/free_1/Library/Mobile Documents/iCloud~md~obsidian/Documents/cpp-checker/branch_3/artifacts/lca_tree_stress_v5/boj3s_gate/ac4_probe_fresh/runs/correctness_smoke/random_recursive_mixed/n256/seed3_L0_Q0
correctness_smoke,random_recursive_mixed,256,3,0,1,1,0,0,1,0.016205,2080,/Users/free_1/Library/Mobile Documents/iCloud~md~obsidian/Documents/cpp-checker/branch_3/artifacts/lca_tree_stress_v5/boj3s_gate/ac4_probe_fresh/runs/correctness_smoke/random_recursive_mixed/n256/seed3_L0_Q1
correctness_smoke,random_recursive_mixed,256,3,1,0,1,0,0,1,0.011774,2096,/Users/free_1/Library/Mobile Documents/iCloud~md~obsidian/Documents/cpp-checker/branch_3/artifacts/lca_tree_stress_v5/boj3s_gate/ac4_probe_fresh/runs/correctness_smoke/random_recursive_mixed/n256/seed3_L1_Q0
correctness_smoke,random_recursive_mixed,256,3,1,1,1,0,0,1,0.014169,2080,/Users/free_1/Library/Mobile Documents/iCloud~md~obsidian/Documents/cpp-checker/branch_3/artifacts/lca_tree_stress_v5/boj3s_gate/ac4_probe_fresh/runs/correctness_smoke/random_recursive_mixed/n256/seed3_L1_Q1
correctness_smoke,random_recursive_mixed,512,1,0,0,1,0,0,1,0.015100,2784,/Users/free_1/Library/Mobile Documents/iCloud~md~obsidian/Documents/cpp-checker/branch_3/artifacts/lca_tree_stress_v5/boj3s_gate/ac4_probe_fresh/runs/correctness_smoke/random_recursive_mixed/n512/seed1_L0_Q0
correctness_smoke,random_recursive_mixed,512,1,0,1,1,0,0,1,0.015116,2784,/Users/free_1/Library/Mobile Documents/iCloud~md~obsidian/Documents/cpp-checker/branch_3/artifacts/lca_tree_stress_v5/boj3s_gate/ac4_probe_fresh/runs/correctness_smoke/random_recursive_mixed/n512/seed1_L0_Q1
correctness_smoke,random_recursive_mixed,512,1,1,0,1,0,0,1,0.011285,2800,/Users/free_1/Library/Mobile Documents/iCloud~md~obsidian/Documents/cpp-checker/branch_3/artifacts/lca_tree_stress_v5/boj3s_gate/ac4_probe_fresh/runs/correctness_smoke/random_recursive_mixed/n512/seed1_L1_Q0
correctness_smoke,random_recursive_mixed,512,1,1,1,1,0,0,1,0.012059,2784,/Users/free_1/Library/Mobile Documents/iCloud~md~obsidian/Documents/cpp-checker/branch_3/artifacts/lca_tree_stress_v5/boj3s_gate/ac4_probe_fresh/runs/correctness_smoke/random_recursive_mixed/n512/seed1_L1_Q1
correctness_smoke,random_recursive_mixed,512,2,0,0,1,0,0,1,0.015723,2656,/Users/free_1/Library/Mobile Documents/iCloud~md~obsidian/Documents/cpp-checker/branch_3/artifacts/lca_tree_stress_v5/boj3s_gate/ac4_probe_fresh/runs/correctness_smoke/random_recursive_mixed/n512/seed2_L0_Q0
correctness_smoke,random_recursive_mixed,512,2,0,1,1,0,0,1,0.012105,2704,/Users/free_1/Library/Mobile Documents/iCloud~md~obsidian/Documents/cpp-checker/branch_3/artifacts/lca_tree_stress_v5/boj3s_gate/ac4_probe_fresh/runs/correctness_smoke/random_recursive_mixed/n512/seed2_L0_Q1
correctness_smoke,random_recursive_mixed,512,2,1,0,1,0,0,1,0.012120,2688,/Users/free_1/Library/Mobile Documents/iCloud~md~obsidian/Documents/cpp-checker/branch_3/artifacts/lca_tree_stress_v5/boj3s_gate/ac4_probe_fresh/runs/correctness_smoke/random_recursive_mixed/n512/seed2_L1_Q0
correctness_smoke,random_recursive_mixed,512,2,1,1,1,0,0,1,0.012013,2656,/Users/free_1/Library/Mobile Documents/iCloud~md~obsidian/Documents/cpp-checker/branch_3/artifacts/lca_tree_stress_v5/boj3s_gate/ac4_probe_fresh/runs/correctness_smoke/random_recursive_mixed/n512/seed2_L1_Q1
correctness_smoke,random_recursive_mixed,512,3,0,0,1,0,0,1,0.010267,2752,/Users/free_1/Library/Mobile Documents/iCloud~md~obsidian/Documents/cpp-checker/branch_3/artifacts/lca_tree_stress_v5/boj3s_gate/ac4_probe_fresh/runs/correctness_smoke/random_recursive_mixed/n512/seed3_L0_Q0
correctness_smoke,random_recursive_mixed,512,3,0,1,1,0,0,1,0.012066,2736,/Users/free_1/Library/Mobile Documents/iCloud~md~obsidian/Documents/cpp-checker/branch_3/artifacts/lca_tree_stress_v5/boj3s_gate/ac4_probe_fresh/runs/correctness_smoke/random_recursive_mixed/n512/seed3_L0_Q1
correctness_smoke,random_recursive_mixed,512,3,1,0,1,0,0,1,0.014689,2768,/Users/free_1/Library/Mobile Documents/iCloud~md~obsidian/Documents/cpp-checker/branch_3/artifacts/lca_tree_stress_v5/boj3s_gate/ac4_probe_fresh/runs/correctness_smoke/random_recursive_mixed/n512/seed3_L1_Q0
correctness_smoke,random_recursive_mixed,512,3,1,1,1,0,0,1,0.015891,2768,/Users/free_1/Library/Mobile Documents/iCloud~md~obsidian/Documents/cpp-checker/branch_3/artifacts/lca_tree_stress_v5/boj3s_gate/ac4_probe_fresh/runs/correctness_smoke/random_recursive_mixed/n512/seed3_L1_Q1
correctness_smoke,random_recursive_mixed,1024,1,0,0,1,0,0,1,0.027516,4640,/Users/free_1/Library/Mobile Documents/iCloud~md~obsidian/Documents/cpp-checker/branch_3/artifacts/lca_tree_stress_v5/boj3s_gate/ac4_probe_fresh/runs/correctness_smoke/random_recursive_mixed/n1024/seed1_L0_Q0
correctness_smoke,random_recursive_mixed,1024,1,0,1,1,0,0,1,0.028221,4608,/Users/free_1/Library/Mobile Documents/iCloud~md~obsidian/Documents/cpp-checker/branch_3/artifacts/lca_tree_stress_v5/boj3s_gate/ac4_probe_fresh/runs/correctness_smoke/random_recursive_mixed/n1024/seed1_L0_Q1
correctness_smoke,random_recursive_mixed,1024,1,1,0,1,0,0,1,0.024950,4688,/Users/free_1/Library/Mobile Documents/iCloud~md~obsidian/Documents/cpp-checker/branch_3/artifacts/lca_tree_stress_v5/boj3s_gate/ac4_probe_fresh/runs/correctness_smoke/random_recursive_mixed/n1024/seed1_L1_Q0
correctness_smoke,random_recursive_mixed,1024,1,1,1,1,0,0,1,0.013934,4656,/Users/free_1/Library/Mobile Documents/iCloud~md~obsidian/Documents/cpp-checker/branch_3/artifacts/lca_tree_stress_v5/boj3s_gate/ac4_probe_fresh/runs/correctness_smoke/random_recursive_mixed/n1024/seed1_L1_Q1
correctness_smoke,random_recursive_mixed,1024,2,0,0,1,0,0,1,0.025818,4512,/Users/free_1/Library/Mobile Documents/iCloud~md~obsidian/Documents/cpp-checker/branch_3/artifacts/lca_tree_stress_v5/boj3s_gate/ac4_probe_fresh/runs/correctness_smoke/random_recursive_mixed/n1024/seed2_L0_Q0
correctness_smoke,random_recursive_mixed,1024,2,0,1,1,0,0,1,0.014144,4512,/Users/free_1/Library/Mobile Documents/iCloud~md~obsidian/Documents/cpp-checker/branch_3/artifacts/lca_tree_stress_v5/boj3s_gate/ac4_probe_fresh/runs/correctness_smoke/random_recursive_mixed/n1024/seed2_L0_Q1
correctness_smoke,random_recursive_mixed,1024,2,1,0,1,0,0,1,0.014185,4528,/Users/free_1/Library/Mobile Documents/iCloud~md~obsidian/Documents/cpp-checker/branch_3/artifacts/lca_tree_stress_v5/boj3s_gate/ac4_probe_fresh/runs/correctness_smoke/random_recursive_mixed/n1024/seed2_L1_Q0
correctness_smoke,random_recursive_mixed,1024,2,1,1,1,0,0,1,0.025488,4528,/Users/free_1/Library/Mobile Documents/iCloud~md~obsidian/Documents/cpp-checker/branch_3/artifacts/lca_tree_stress_v5/boj3s_gate/ac4_probe_fresh/runs/correctness_smoke/random_recursive_mixed/n1024/seed2_L1_Q1
correctness_smoke,random_recursive_mixed,1024,3,0,0,1,0,0,1,0.033087,4576,/Users/free_1/Library/Mobile Documents/iCloud~md~obsidian/Documents/cpp-checker/branch_3/artifacts/lca_tree_stress_v5/boj3s_gate/ac4_probe_fresh/runs/correctness_smoke/random_recursive_mixed/n1024/seed3_L0_Q0
correctness_smoke,random_recursive_mixed,1024,3,0,1,1,0,0,1,0.033731,4560,/Users/free_1/Library/Mobile Documents/iCloud~md~obsidian/Documents/cpp-checker/branch_3/artifacts/lca_tree_stress_v5/boj3s_gate/ac4_probe_fresh/runs/correctness_smoke/random_recursive_mixed/n1024/seed3_L0_Q1
correctness_smoke,random_recursive_mixed,1024,3,1,0,1,0,0,1,0.021328,4592,/Users/free_1/Library/Mobile Documents/iCloud~md~obsidian/Documents/cpp-checker/branch_3/artifacts/lca_tree_stress_v5/boj3s_gate/ac4_probe_fresh/runs/correctness_smoke/random_recursive_mixed/n1024/seed3_L1_Q0
correctness_smoke,random_recursive_mixed,1024,3,1,1,1,0,0,1,0.029982,4576,/Users/free_1/Library/Mobile Documents/iCloud~md~obsidian/Documents/cpp-checker/branch_3/artifacts/lca_tree_stress_v5/boj3s_gate/ac4_probe_fresh/runs/correctness_smoke/random_recursive_mixed/n1024/seed3_L1_Q1
hard_scaling_strict,comb_core,4096,1,1,1,1,0,0,1,0.012396,2640,/Users/free_1/Library/Mobile Documents/iCloud~md~obsidian/Documents/cpp-checker/branch_3/artifacts/lca_tree_stress_v5/boj3s_gate/ac4_probe_fresh/runs/hard_scaling_strict/comb_core/n4096/seed1_L1_Q1
hard_scaling_strict,comb_core,4096,2,1,1,1,0,0,1,0.011082,2640,/Users/free_1/Library/Mobile Documents/iCloud~md~obsidian/Documents/cpp-checker/branch_3/artifacts/lca_tree_stress_v5/boj3s_gate/ac4_probe_fresh/runs/hard_scaling_strict/comb_core/n4096/seed2_L1_Q1
hard_scaling_strict,comb_core,4096,3,1,1,1,0,0,1,0.016640,2640,/Users/free_1/Library/Mobile Documents/iCloud~md~obsidian/Documents/cpp-checker/branch_3/artifacts/lca_tree_stress_v5/boj3s_gate/ac4_probe_fresh/runs/hard_scaling_strict/comb_core/n4096/seed3_L1_Q1
hard_scaling_strict,comb_core,8192,1,1,1,1,0,0,1,0.012684,3296,/Users/free_1/Library/Mobile Documents/iCloud~md~obsidian/Documents/cpp-checker/branch_3/artifacts/lca_tree_stress_v5/boj3s_gate/ac4_probe_fresh/runs/hard_scaling_strict/comb_core/n8192/seed1_L1_Q1
hard_scaling_strict,comb_core,8192,2,1,1,1,0,0,1,0.015082,3296,/Users/free_1/Library/Mobile Documents/iCloud~md~obsidian/Documents/cpp-checker/branch_3/artifacts/lca_tree_stress_v5/boj3s_gate/ac4_probe_fresh/runs/hard_scaling_strict/comb_core/n8192/seed2_L1_Q1
hard_scaling_strict,comb_core,8192,3,1,1,1,0,0,1,0.014880,3296,/Users/free_1/Library/Mobile Documents/iCloud~md~obsidian/Documents/cpp-checker/branch_3/artifacts/lca_tree_stress_v5/boj3s_gate/ac4_probe_fresh/runs/hard_scaling_strict/comb_core/n8192/seed3_L1_Q1
hard_scaling_strict,comb_core,16384,1,1,1,1,0,0,1,0.016079,4656,/Users/free_1/Library/Mobile Documents/iCloud~md~obsidian/Documents/cpp-checker/branch_3/artifacts/lca_tree_stress_v5/boj3s_gate/ac4_probe_fresh/runs/hard_scaling_strict/comb_core/n16384/seed1_L1_Q1
hard_scaling_strict,comb_core,16384,2,1,1,1,0,0,1,0.019496,4656,/Users/free_1/Library/Mobile Documents/iCloud~md~obsidian/Documents/cpp-checker/branch_3/artifacts/lca_tree_stress_v5/boj3s_gate/ac4_probe_fresh/runs/hard_scaling_strict/comb_core/n16384/seed2_L1_Q1
hard_scaling_strict,comb_core,16384,3,1,1,1,0,0,1,0.015103,4656,/Users/free_1/Library/Mobile Documents/iCloud~md~obsidian/Documents/cpp-checker/branch_3/artifacts/lca_tree_stress_v5/boj3s_gate/ac4_probe_fresh/runs/hard_scaling_strict/comb_core/n16384/seed3_L1_Q1
hard_scaling_strict,comb_core,32768,1,1,1,1,0,0,1,0.014870,7392,/Users/free_1/Library/Mobile Documents/iCloud~md~obsidian/Documents/cpp-checker/branch_3/artifacts/lca_tree_stress_v5/boj3s_gate/ac4_probe_fresh/runs/hard_scaling_strict/comb_core/n32768/seed1_L1_Q1
hard_scaling_strict,comb_core,32768,2,1,1,1,0,0,1,0.031218,7392,/Users/free_1/Library/Mobile Documents/iCloud~md~obsidian/Documents/cpp-checker/branch_3/artifacts/lca_tree_stress_v5/boj3s_gate/ac4_probe_fresh/runs/hard_scaling_strict/comb_core/n32768/seed2_L1_Q1
hard_scaling_strict,comb_core,32768,3,1,1,1,0,0,1,0.027715,7392,/Users/free_1/Library/Mobile Documents/iCloud~md~obsidian/Documents/cpp-checker/branch_3/artifacts/lca_tree_stress_v5/boj3s_gate/ac4_probe_fresh/runs/hard_scaling_strict/comb_core/n32768/seed3_L1_Q1
hard_scaling_strict,comb_plus_unary,4096,1,1,1,1,0,0,1,0.012658,2864,/Users/free_1/Library/Mobile Documents/iCloud~md~obsidian/Documents/cpp-checker/branch_3/artifacts/lca_tree_stress_v5/boj3s_gate/ac4_probe_fresh/runs/hard_scaling_strict/comb_plus_unary/n4096/seed1_L1_Q1
hard_scaling_strict,comb_plus_unary,4096,2,1,1,1,0,0,1,0.011563,2864,/Users/free_1/Library/Mobile Documents/iCloud~md~obsidian/Documents/cpp-checker/branch_3/artifacts/lca_tree_stress_v5/boj3s_gate/ac4_probe_fresh/runs/hard_scaling_strict/comb_plus_unary/n4096/seed2_L1_Q1
hard_scaling_strict,comb_plus_unary,4096,3,1,1,1,0,0,1,0.012002,2864,/Users/free_1/Library/Mobile Documents/iCloud~md~obsidian/Documents/cpp-checker/branch_3/artifacts/lca_tree_stress_v5/boj3s_gate/ac4_probe_fresh/runs/hard_scaling_strict/comb_plus_unary/n4096/seed3_L1_Q1
hard_scaling_strict,comb_plus_unary,8192,1,1,1,1,0,0,1,0.012263,3696,/Users/free_1/Library/Mobile Documents/iCloud~md~obsidian/Documents/cpp-checker/branch_3/artifacts/lca_tree_stress_v5/boj3s_gate/ac4_probe_fresh/runs/hard_scaling_strict/comb_plus_unary/n8192/seed1_L1_Q1
hard_scaling_strict,comb_plus_unary,8192,2,1,1,1,0,0,1,0.011745,3696,/Users/free_1/Library/Mobile Documents/iCloud~md~obsidian/Documents/cpp-checker/branch_3/artifacts/lca_tree_stress_v5/boj3s_gate/ac4_probe_fresh/runs/hard_scaling_strict/comb_plus_unary/n8192/seed2_L1_Q1
hard_scaling_strict,comb_plus_unary,8192,3,1,1,1,0,0,1,0.015114,3696,/Users/free_1/Library/Mobile Documents/iCloud~md~obsidian/Documents/cpp-checker/branch_3/artifacts/lca_tree_stress_v5/boj3s_gate/ac4_probe_fresh/runs/hard_scaling_strict/comb_plus_unary/n8192/seed3_L1_Q1
hard_scaling_strict,comb_plus_unary,16384,1,1,1,1,0,0,1,0.016121,5424,/Users/free_1/Library/Mobile Documents/iCloud~md~obsidian/Documents/cpp-checker/branch_3/artifacts/lca_tree_stress_v5/boj3s_gate/ac4_probe_fresh/runs/hard_scaling_strict/comb_plus_unary/n16384/seed1_L1_Q1
hard_scaling_strict,comb_plus_unary,16384,2,1,1,1,0,0,1,0.014459,5408,/Users/free_1/Library/Mobile Documents/iCloud~md~obsidian/Documents/cpp-checker/branch_3/artifacts/lca_tree_stress_v5/boj3s_gate/ac4_probe_fresh/runs/hard_scaling_strict/comb_plus_unary/n16384/seed2_L1_Q1
hard_scaling_strict,comb_plus_unary,16384,3,1,1,1,0,0,1,0.016421,5424,/Users/free_1/Library/Mobile Documents/iCloud~md~obsidian/Documents/cpp-checker/branch_3/artifacts/lca_tree_stress_v5/boj3s_gate/ac4_probe_fresh/runs/hard_scaling_strict/comb_plus_unary/n16384/seed3_L1_Q1
hard_scaling_strict,comb_plus_unary,32768,1,1,1,1,0,0,1,0.027277,8880,/Users/free_1/Library/Mobile Documents/iCloud~md~obsidian/Documents/cpp-checker/branch_3/artifacts/lca_tree_stress_v5/boj3s_gate/ac4_probe_fresh/runs/hard_scaling_strict/comb_plus_unary/n32768/seed1_L1_Q1
hard_scaling_strict,comb_plus_unary,32768,2,1,1,1,0,0,1,0.015627,8864,/Users/free_1/Library/Mobile Documents/iCloud~md~obsidian/Documents/cpp-checker/branch_3/artifacts/lca_tree_stress_v5/boj3s_gate/ac4_probe_fresh/runs/hard_scaling_strict/comb_plus_unary/n32768/seed2_L1_Q1
hard_scaling_strict,comb_plus_unary,32768,3,1,1,1,0,0,1,0.029374,8880,/Users/free_1/Library/Mobile Documents/iCloud~md~obsidian/Documents/cpp-checker/branch_3/artifacts/lca_tree_stress_v5/boj3s_gate/ac4_probe_fresh/runs/hard_scaling_strict/comb_plus_unary/n32768/seed3_L1_Q1
hard_scaling_strict,comb_dense,4096,1,1,1,1,0,0,1,0.049955,9168,/Users/free_1/Library/Mobile Documents/iCloud~md~obsidian/Documents/cpp-checker/branch_3/artifacts/lca_tree_stress_v5/boj3s_gate/ac4_probe_fresh/runs/hard_scaling_strict/comb_dense/n4096/seed1_L1_Q1
hard_scaling_strict,comb_dense,4096,2,1,1,1,0,0,1,0.038011,9152,/Users/free_1/Library/Mobile Documents/iCloud~md~obsidian/Documents/cpp-checker/branch_3/artifacts/lca_tree_stress_v5/boj3s_gate/ac4_probe_fresh/runs/hard_scaling_strict/comb_dense/n4096/seed2_L1_Q1
hard_scaling_strict,comb_dense,4096,3,1,1,1,0,0,1,0.049365,9152,/Users/free_1/Library/Mobile Documents/iCloud~md~obsidian/Documents/cpp-checker/branch_3/artifacts/lca_tree_stress_v5/boj3s_gate/ac4_probe_fresh/runs/hard_scaling_strict/comb_dense/n4096/seed3_L1_Q1
hard_scaling_strict,comb_dense,8192,1,1,1,1,0,0,1,0.043316,9696,/Users/free_1/Library/Mobile Documents/iCloud~md~obsidian/Documents/cpp-checker/branch_3/artifacts/lca_tree_stress_v5/boj3s_gate/ac4_probe_fresh/runs/hard_scaling_strict/comb_dense/n8192/seed1_L1_Q1
hard_scaling_strict,comb_dense,8192,2,1,1,1,0,0,1,0.043013,9696,/Users/free_1/Library/Mobile Documents/iCloud~md~obsidian/Documents/cpp-checker/branch_3/artifacts/lca_tree_stress_v5/boj3s_gate/ac4_probe_fresh/runs/hard_scaling_strict/comb_dense/n8192/seed2_L1_Q1
hard_scaling_strict,comb_dense,8192,3,1,1,1,0,0,1,0.035999,9696,/Users/free_1/Library/Mobile Documents/iCloud~md~obsidian/Documents/cpp-checker/branch_3/artifacts/lca_tree_stress_v5/boj3s_gate/ac4_probe_fresh/runs/hard_scaling_strict/comb_dense/n8192/seed3_L1_Q1
hard_scaling_strict,comb_dense,16384,1,1,1,1,0,0,1,0.043000,10784,/Users/free_1/Library/Mobile Documents/iCloud~md~obsidian/Documents/cpp-checker/branch_3/artifacts/lca_tree_stress_v5/boj3s_gate/ac4_probe_fresh/runs/hard_scaling_strict/comb_dense/n16384/seed1_L1_Q1
hard_scaling_strict,comb_dense,16384,2,1,1,1,0,0,1,0.056972,10784,/Users/free_1/Library/Mobile Documents/iCloud~md~obsidian/Documents/cpp-checker/branch_3/artifacts/lca_tree_stress_v5/boj3s_gate/ac4_probe_fresh/runs/hard_scaling_strict/comb_dense/n16384/seed2_L1_Q1
hard_scaling_strict,comb_dense,16384,3,1,1,1,0,0,1,0.053438,10784,/Users/free_1/Library/Mobile Documents/iCloud~md~obsidian/Documents/cpp-checker/branch_3/artifacts/lca_tree_stress_v5/boj3s_gate/ac4_probe_fresh/runs/hard_scaling_strict/comb_dense/n16384/seed3_L1_Q1
hard_scaling_strict,comb_dense,32768,1,1,1,1,0,0,1,0.057914,12976,/Users/free_1/Library/Mobile Documents/iCloud~md~obsidian/Documents/cpp-checker/branch_3/artifacts/lca_tree_stress_v5/boj3s_gate/ac4_probe_fresh/runs/hard_scaling_strict/comb_dense/n32768/seed1_L1_Q1
hard_scaling_strict,comb_dense,32768,2,1,1,1,0,0,1,0.049181,12976,/Users/free_1/Library/Mobile Documents/iCloud~md~obsidian/Documents/cpp-checker/branch_3/artifacts/lca_tree_stress_v5/boj3s_gate/ac4_probe_fresh/runs/hard_scaling_strict/comb_dense/n32768/seed2_L1_Q1
hard_scaling_strict,comb_dense,32768,3,1,1,1,0,0,1,0.060707,12960,/Users/free_1/Library/Mobile Documents/iCloud~md~obsidian/Documents/cpp-checker/branch_3/artifacts/lca_tree_stress_v5/boj3s_gate/ac4_probe_fresh/runs/hard_scaling_strict/comb_dense/n32768/seed3_L1_Q1
hard_scaling_strict,comb_rect_dense,4096,1,1,1,1,0,0,1,0.048259,9312,/Users/free_1/Library/Mobile Documents/iCloud~md~obsidian/Documents/cpp-checker/branch_3/artifacts/lca_tree_stress_v5/boj3s_gate/ac4_probe_fresh/runs/hard_scaling_strict/comb_rect_dense/n4096/seed1_L1_Q1
hard_scaling_strict,comb_rect_dense,4096,2,1,1,1,0,0,1,0.038564,9312,/Users/free_1/Library/Mobile Documents/iCloud~md~obsidian/Documents/cpp-checker/branch_3/artifacts/lca_tree_stress_v5/boj3s_gate/ac4_probe_fresh/runs/hard_scaling_strict/comb_rect_dense/n4096/seed2_L1_Q1
hard_scaling_strict,comb_rect_dense,4096,3,1,1,1,0,0,1,0.035168,9312,/Users/free_1/Library/Mobile Documents/iCloud~md~obsidian/Documents/cpp-checker/branch_3/artifacts/lca_tree_stress_v5/boj3s_gate/ac4_probe_fresh/runs/hard_scaling_strict/comb_rect_dense/n4096/seed3_L1_Q1
hard_scaling_strict,comb_rect_dense,8192,1,1,1,1,0,0,1,0.037693,9840,/Users/free_1/Library/Mobile Documents/iCloud~md~obsidian/Documents/cpp-checker/branch_3/artifacts/lca_tree_stress_v5/boj3s_gate/ac4_probe_fresh/runs/hard_scaling_strict/comb_rect_dense/n8192/seed1_L1_Q1
hard_scaling_strict,comb_rect_dense,8192,2,1,1,1,0,0,1,0.041039,9840,/Users/free_1/Library/Mobile Documents/iCloud~md~obsidian/Documents/cpp-checker/branch_3/artifacts/lca_tree_stress_v5/boj3s_gate/ac4_probe_fresh/runs/hard_scaling_strict/comb_rect_dense/n8192/seed2_L1_Q1
hard_scaling_strict,comb_rect_dense,8192,3,1,1,1,0,0,1,0.057739,9840,/Users/free_1/Library/Mobile Documents/iCloud~md~obsidian/Documents/cpp-checker/branch_3/artifacts/lca_tree_stress_v5/boj3s_gate/ac4_probe_fresh/runs/hard_scaling_strict/comb_rect_dense/n8192/seed3_L1_Q1
hard_scaling_strict,comb_rect_dense,16384,1,1,1,1,0,0,1,0.055457,10912,/Users/free_1/Library/Mobile Documents/iCloud~md~obsidian/Documents/cpp-checker/branch_3/artifacts/lca_tree_stress_v5/boj3s_gate/ac4_probe_fresh/runs/hard_scaling_strict/comb_rect_dense/n16384/seed1_L1_Q1
hard_scaling_strict,comb_rect_dense,16384,2,1,1,1,0,0,1,0.042522,10912,/Users/free_1/Library/Mobile Documents/iCloud~md~obsidian/Documents/cpp-checker/branch_3/artifacts/lca_tree_stress_v5/boj3s_gate/ac4_probe_fresh/runs/hard_scaling_strict/comb_rect_dense/n16384/seed2_L1_Q1
hard_scaling_strict,comb_rect_dense,16384,3,1,1,1,0,0,1,0.041675,10912,/Users/free_1/Library/Mobile Documents/iCloud~md~obsidian/Documents/cpp-checker/branch_3/artifacts/lca_tree_stress_v5/boj3s_gate/ac4_probe_fresh/runs/hard_scaling_strict/comb_rect_dense/n16384/seed3_L1_Q1
hard_scaling_strict,comb_rect_dense,32768,1,1,1,1,0,0,1,0.061109,13056,/Users/free_1/Library/Mobile Documents/iCloud~md~obsidian/Documents/cpp-checker/branch_3/artifacts/lca_tree_stress_v5/boj3s_gate/ac4_probe_fresh/runs/hard_scaling_strict/comb_rect_dense/n32768/seed1_L1_Q1
hard_scaling_strict,comb_rect_dense,32768,2,1,1,1,0,0,1,0.055469,13056,/Users/free_1/Library/Mobile Documents/iCloud~md~obsidian/Documents/cpp-checker/branch_3/artifacts/lca_tree_stress_v5/boj3s_gate/ac4_probe_fresh/runs/hard_scaling_strict/comb_rect_dense/n32768/seed2_L1_Q1
hard_scaling_strict,comb_rect_dense,32768,3,1,1,1,0,0,1,0.061059,13056,/Users/free_1/Library/Mobile Documents/iCloud~md~obsidian/Documents/cpp-checker/branch_3/artifacts/lca_tree_stress_v5/boj3s_gate/ac4_probe_fresh/runs/hard_scaling_strict/comb_rect_dense/n32768/seed3_L1_Q1
hard_scaling_strict,multi_comb_core,4096,1,1,1,1,0,0,1,0.012425,2848,/Users/free_1/Library/Mobile Documents/iCloud~md~obsidian/Documents/cpp-checker/branch_3/artifacts/lca_tree_stress_v5/boj3s_gate/ac4_probe_fresh/runs/hard_scaling_strict/multi_comb_core/n4096/seed1_L1_Q1
hard_scaling_strict,multi_comb_core,4096,2,1,1,1,0,0,1,0.013182,2848,/Users/free_1/Library/Mobile Documents/iCloud~md~obsidian/Documents/cpp-checker/branch_3/artifacts/lca_tree_stress_v5/boj3s_gate/ac4_probe_fresh/runs/hard_scaling_strict/multi_comb_core/n4096/seed2_L1_Q1
hard_scaling_strict,multi_comb_core,4096,3,1,1,1,0,0,1,0.011928,2848,/Users/free_1/Library/Mobile Documents/iCloud~md~obsidian/Documents/cpp-checker/branch_3/artifacts/lca_tree_stress_v5/boj3s_gate/ac4_probe_fresh/runs/hard_scaling_strict/multi_comb_core/n4096/seed3_L1_Q1
hard_scaling_strict,multi_comb_core,8192,1,1,1,1,0,0,1,0.012725,3664,/Users/free_1/Library/Mobile Documents/iCloud~md~obsidian/Documents/cpp-checker/branch_3/artifacts/lca_tree_stress_v5/boj3s_gate/ac4_probe_fresh/runs/hard_scaling_strict/multi_comb_core/n8192/seed1_L1_Q1
hard_scaling_strict,multi_comb_core,8192,2,1,1,1,0,0,1,0.016096,3664,/Users/free_1/Library/Mobile Documents/iCloud~md~obsidian/Documents/cpp-checker/branch_3/artifacts/lca_tree_stress_v5/boj3s_gate/ac4_probe_fresh/runs/hard_scaling_strict/multi_comb_core/n8192/seed2_L1_Q1
hard_scaling_strict,multi_comb_core,8192,3,1,1,1,0,0,1,0.011471,3664,/Users/free_1/Library/Mobile Documents/iCloud~md~obsidian/Documents/cpp-checker/branch_3/artifacts/lca_tree_stress_v5/boj3s_gate/ac4_probe_fresh/runs/hard_scaling_strict/multi_comb_core/n8192/seed3_L1_Q1
hard_scaling_strict,multi_comb_core,16384,1,1,1,1,0,0,1,0.011433,5312,/Users/free_1/Library/Mobile Documents/iCloud~md~obsidian/Documents/cpp-checker/branch_3/artifacts/lca_tree_stress_v5/boj3s_gate/ac4_probe_fresh/runs/hard_scaling_strict/multi_comb_core/n16384/seed1_L1_Q1
hard_scaling_strict,multi_comb_core,16384,2,1,1,1,0,0,1,0.015072,5328,/Users/free_1/Library/Mobile Documents/iCloud~md~obsidian/Documents/cpp-checker/branch_3/artifacts/lca_tree_stress_v5/boj3s_gate/ac4_probe_fresh/runs/hard_scaling_strict/multi_comb_core/n16384/seed2_L1_Q1
hard_scaling_strict,multi_comb_core,16384,3,1,1,1,0,0,1,0.010937,5328,/Users/free_1/Library/Mobile Documents/iCloud~md~obsidian/Documents/cpp-checker/branch_3/artifacts/lca_tree_stress_v5/boj3s_gate/ac4_probe_fresh/runs/hard_scaling_strict/multi_comb_core/n16384/seed3_L1_Q1
hard_scaling_strict,multi_comb_core,32768,1,1,1,1,0,0,1,0.030250,8608,/Users/free_1/Library/Mobile Documents/iCloud~md~obsidian/Documents/cpp-checker/branch_3/artifacts/lca_tree_stress_v5/boj3s_gate/ac4_probe_fresh/runs/hard_scaling_strict/multi_comb_core/n32768/seed1_L1_Q1
hard_scaling_strict,multi_comb_core,32768,2,1,1,1,0,0,1,0.026444,8608,/Users/free_1/Library/Mobile Documents/iCloud~md~obsidian/Documents/cpp-checker/branch_3/artifacts/lca_tree_stress_v5/boj3s_gate/ac4_probe_fresh/runs/hard_scaling_strict/multi_comb_core/n32768/seed2_L1_Q1
hard_scaling_strict,multi_comb_core,32768,3,1,1,1,0,0,1,0.026248,8608,/Users/free_1/Library/Mobile Documents/iCloud~md~obsidian/Documents/cpp-checker/branch_3/artifacts/lca_tree_stress_v5/boj3s_gate/ac4_probe_fresh/runs/hard_scaling_strict/multi_comb_core/n32768/seed3_L1_Q1
hard_scaling_strict,multi_comb_rect,4096,1,1,1,1,0,0,1,0.036488,9120,/Users/free_1/Library/Mobile Documents/iCloud~md~obsidian/Documents/cpp-checker/branch_3/artifacts/lca_tree_stress_v5/boj3s_gate/ac4_probe_fresh/runs/hard_scaling_strict/multi_comb_rect/n4096/seed1_L1_Q1
hard_scaling_strict,multi_comb_rect,4096,2,1,1,1,0,0,1,0.045974,9120,/Users/free_1/Library/Mobile Documents/iCloud~md~obsidian/Documents/cpp-checker/branch_3/artifacts/lca_tree_stress_v5/boj3s_gate/ac4_probe_fresh/runs/hard_scaling_strict/multi_comb_rect/n4096/seed2_L1_Q1
hard_scaling_strict,multi_comb_rect,4096,3,1,1,1,0,0,1,0.044028,9104,/Users/free_1/Library/Mobile Documents/iCloud~md~obsidian/Documents/cpp-checker/branch_3/artifacts/lca_tree_stress_v5/boj3s_gate/ac4_probe_fresh/runs/hard_scaling_strict/multi_comb_rect/n4096/seed3_L1_Q1
hard_scaling_strict,multi_comb_rect,8192,1,1,1,1,0,0,1,0.043684,9648,/Users/free_1/Library/Mobile Documents/iCloud~md~obsidian/Documents/cpp-checker/branch_3/artifacts/lca_tree_stress_v5/boj3s_gate/ac4_probe_fresh/runs/hard_scaling_strict/multi_comb_rect/n8192/seed1_L1_Q1
hard_scaling_strict,multi_comb_rect,8192,2,1,1,1,0,0,1,0.046451,9648,/Users/free_1/Library/Mobile Documents/iCloud~md~obsidian/Documents/cpp-checker/branch_3/artifacts/lca_tree_stress_v5/boj3s_gate/ac4_probe_fresh/runs/hard_scaling_strict/multi_comb_rect/n8192/seed2_L1_Q1
hard_scaling_strict,multi_comb_rect,8192,3,1,1,1,0,0,1,0.045321,9664,/Users/free_1/Library/Mobile Documents/iCloud~md~obsidian/Documents/cpp-checker/branch_3/artifacts/lca_tree_stress_v5/boj3s_gate/ac4_probe_fresh/runs/hard_scaling_strict/multi_comb_rect/n8192/seed3_L1_Q1
hard_scaling_strict,multi_comb_rect,16384,1,1,1,1,0,0,1,0.044643,10736,/Users/free_1/Library/Mobile Documents/iCloud~md~obsidian/Documents/cpp-checker/branch_3/artifacts/lca_tree_stress_v5/boj3s_gate/ac4_probe_fresh/runs/hard_scaling_strict/multi_comb_rect/n16384/seed1_L1_Q1
hard_scaling_strict,multi_comb_rect,16384,2,1,1,1,0,0,1,0.050082,10720,/Users/free_1/Library/Mobile Documents/iCloud~md~obsidian/Documents/cpp-checker/branch_3/artifacts/lca_tree_stress_v5/boj3s_gate/ac4_probe_fresh/runs/hard_scaling_strict/multi_comb_rect/n16384/seed2_L1_Q1
hard_scaling_strict,multi_comb_rect,16384,3,1,1,1,0,0,1,0.044589,10736,/Users/free_1/Library/Mobile Documents/iCloud~md~obsidian/Documents/cpp-checker/branch_3/artifacts/lca_tree_stress_v5/boj3s_gate/ac4_probe_fresh/runs/hard_scaling_strict/multi_comb_rect/n16384/seed3_L1_Q1
hard_scaling_strict,multi_comb_rect,32768,1,1,1,1,0,0,1,0.058746,12912,/Users/free_1/Library/Mobile Documents/iCloud~md~obsidian/Documents/cpp-checker/branch_3/artifacts/lca_tree_stress_v5/boj3s_gate/ac4_probe_fresh/runs/hard_scaling_strict/multi_comb_rect/n32768/seed1_L1_Q1
hard_scaling_strict,multi_comb_rect,32768,2,1,1,1,0,0,1,0.052947,12912,/Users/free_1/Library/Mobile Documents/iCloud~md~obsidian/Documents/cpp-checker/branch_3/artifacts/lca_tree_stress_v5/boj3s_gate/ac4_probe_fresh/runs/hard_scaling_strict/multi_comb_rect/n32768/seed2_L1_Q1
hard_scaling_strict,multi_comb_rect,32768,3,1,1,1,0,0,1,0.059799,12896,/Users/free_1/Library/Mobile Documents/iCloud~md~obsidian/Documents/cpp-checker/branch_3/artifacts/lca_tree_stress_v5/boj3s_gate/ac4_probe_fresh/runs/hard_scaling_strict/multi_comb_rect/n32768/seed3_L1_Q1
hard_scaling_strict,multi_comb_cap,4096,1,1,1,1,0,0,1,0.047239,9120,/Users/free_1/Library/Mobile Documents/iCloud~md~obsidian/Documents/cpp-checker/branch_3/artifacts/lca_tree_stress_v5/boj3s_gate/ac4_probe_fresh/runs/hard_scaling_strict/multi_comb_cap/n4096/seed1_L1_Q1
hard_scaling_strict,multi_comb_cap,4096,2,1,1,1,0,0,1,0.037032,9120,/Users/free_1/Library/Mobile Documents/iCloud~md~obsidian/Documents/cpp-checker/branch_3/artifacts/lca_tree_stress_v5/boj3s_gate/ac4_probe_fresh/runs/hard_scaling_strict/multi_comb_cap/n4096/seed2_L1_Q1
hard_scaling_strict,multi_comb_cap,4096,3,1,1,1,0,0,1,0.045161,9120,/Users/free_1/Library/Mobile Documents/iCloud~md~obsidian/Documents/cpp-checker/branch_3/artifacts/lca_tree_stress_v5/boj3s_gate/ac4_probe_fresh/runs/hard_scaling_strict/multi_comb_cap/n4096/seed3_L1_Q1
hard_scaling_strict,multi_comb_cap,8192,1,1,1,1,0,0,1,0.050556,9584,/Users/free_1/Library/Mobile Documents/iCloud~md~obsidian/Documents/cpp-checker/branch_3/artifacts/lca_tree_stress_v5/boj3s_gate/ac4_probe_fresh/runs/hard_scaling_strict/multi_comb_cap/n8192/seed1_L1_Q1
hard_scaling_strict,multi_comb_cap,8192,2,1,1,1,0,0,1,0.042422,9584,/Users/free_1/Library/Mobile Documents/iCloud~md~obsidian/Documents/cpp-checker/branch_3/artifacts/lca_tree_stress_v5/boj3s_gate/ac4_probe_fresh/runs/hard_scaling_strict/multi_comb_cap/n8192/seed2_L1_Q1
hard_scaling_strict,multi_comb_cap,8192,3,1,1,1,0,0,1,0.034218,9584,/Users/free_1/Library/Mobile Documents/iCloud~md~obsidian/Documents/cpp-checker/branch_3/artifacts/lca_tree_stress_v5/boj3s_gate/ac4_probe_fresh/runs/hard_scaling_strict/multi_comb_cap/n8192/seed3_L1_Q1
hard_scaling_strict,multi_comb_cap,16384,1,1,1,1,0,0,1,0.059924,10592,/Users/free_1/Library/Mobile Documents/iCloud~md~obsidian/Documents/cpp-checker/branch_3/artifacts/lca_tree_stress_v5/boj3s_gate/ac4_probe_fresh/runs/hard_scaling_strict/multi_comb_cap/n16384/seed1_L1_Q1
hard_scaling_strict,multi_comb_cap,16384,2,1,1,1,0,0,1,0.044671,10592,/Users/free_1/Library/Mobile Documents/iCloud~md~obsidian/Documents/cpp-checker/branch_3/artifacts/lca_tree_stress_v5/boj3s_gate/ac4_probe_fresh/runs/hard_scaling_strict/multi_comb_cap/n16384/seed2_L1_Q1
hard_scaling_strict,multi_comb_cap,16384,3,1,1,1,0,0,1,0.050612,10592,/Users/free_1/Library/Mobile Documents/iCloud~md~obsidian/Documents/cpp-checker/branch_3/artifacts/lca_tree_stress_v5/boj3s_gate/ac4_probe_fresh/runs/hard_scaling_strict/multi_comb_cap/n16384/seed3_L1_Q1
hard_scaling_strict,multi_comb_cap,32768,1,1,1,1,0,0,1,0.076322,12768,/Users/free_1/Library/Mobile Documents/iCloud~md~obsidian/Documents/cpp-checker/branch_3/artifacts/lca_tree_stress_v5/boj3s_gate/ac4_probe_fresh/runs/hard_scaling_strict/multi_comb_cap/n32768/seed1_L1_Q1
hard_scaling_strict,multi_comb_cap,32768,2,1,1,1,0,0,1,0.060943,12768,/Users/free_1/Library/Mobile Documents/iCloud~md~obsidian/Documents/cpp-checker/branch_3/artifacts/lca_tree_stress_v5/boj3s_gate/ac4_probe_fresh/runs/hard_scaling_strict/multi_comb_cap/n32768/seed2_L1_Q1
hard_scaling_strict,multi_comb_cap,32768,3,1,1,1,0,0,1,0.047076,12768,/Users/free_1/Library/Mobile Documents/iCloud~md~obsidian/Documents/cpp-checker/branch_3/artifacts/lca_tree_stress_v5/boj3s_gate/ac4_probe_fresh/runs/hard_scaling_strict/multi_comb_cap/n32768/seed3_L1_Q1
hard_scaling_strict,caterpillar_mixed,4096,1,1,1,1,0,0,1,0.053761,10240,/Users/free_1/Library/Mobile Documents/iCloud~md~obsidian/Documents/cpp-checker/branch_3/artifacts/lca_tree_stress_v5/boj3s_gate/ac4_probe_fresh/runs/hard_scaling_strict/caterpillar_mixed/n4096/seed1_L1_Q1
hard_scaling_strict,caterpillar_mixed,4096,2,1,1,1,0,0,1,0.036740,10176,/Users/free_1/Library/Mobile Documents/iCloud~md~obsidian/Documents/cpp-checker/branch_3/artifacts/lca_tree_stress_v5/boj3s_gate/ac4_probe_fresh/runs/hard_scaling_strict/caterpillar_mixed/n4096/seed2_L1_Q1
hard_scaling_strict,caterpillar_mixed,4096,3,1,1,1,0,0,1,0.038085,10176,/Users/free_1/Library/Mobile Documents/iCloud~md~obsidian/Documents/cpp-checker/branch_3/artifacts/lca_tree_stress_v5/boj3s_gate/ac4_probe_fresh/runs/hard_scaling_strict/caterpillar_mixed/n4096/seed3_L1_Q1
hard_scaling_strict,caterpillar_mixed,8192,1,1,1,1,0,0,1,0.041657,10928,/Users/free_1/Library/Mobile Documents/iCloud~md~obsidian/Documents/cpp-checker/branch_3/artifacts/lca_tree_stress_v5/boj3s_gate/ac4_probe_fresh/runs/hard_scaling_strict/caterpillar_mixed/n8192/seed1_L1_Q1
hard_scaling_strict,caterpillar_mixed,8192,2,1,1,1,0,0,1,0.044742,10944,/Users/free_1/Library/Mobile Documents/iCloud~md~obsidian/Documents/cpp-checker/branch_3/artifacts/lca_tree_stress_v5/boj3s_gate/ac4_probe_fresh/runs/hard_scaling_strict/caterpillar_mixed/n8192/seed2_L1_Q1
hard_scaling_strict,caterpillar_mixed,8192,3,1,1,1,0,0,1,0.041072,10928,/Users/free_1/Library/Mobile Documents/iCloud~md~obsidian/Documents/cpp-checker/branch_3/artifacts/lca_tree_stress_v5/boj3s_gate/ac4_probe_fresh/runs/hard_scaling_strict/caterpillar_mixed/n8192/seed3_L1_Q1
hard_scaling_strict,caterpillar_mixed,16384,1,1,1,1,0,0,1,0.045187,12544,/Users/free_1/Library/Mobile Documents/iCloud~md~obsidian/Documents/cpp-checker/branch_3/artifacts/lca_tree_stress_v5/boj3s_gate/ac4_probe_fresh/runs/hard_scaling_strict/caterpillar_mixed/n16384/seed1_L1_Q1
hard_scaling_strict,caterpillar_mixed,16384,2,1,1,1,0,0,1,0.054055,12544,/Users/free_1/Library/Mobile Documents/iCloud~md~obsidian/Documents/cpp-checker/branch_3/artifacts/lca_tree_stress_v5/boj3s_gate/ac4_probe_fresh/runs/hard_scaling_strict/caterpillar_mixed/n16384/seed2_L1_Q1
hard_scaling_strict,caterpillar_mixed,16384,3,1,1,1,0,0,1,0.058548,12544,/Users/free_1/Library/Mobile Documents/iCloud~md~obsidian/Documents/cpp-checker/branch_3/artifacts/lca_tree_stress_v5/boj3s_gate/ac4_probe_fresh/runs/hard_scaling_strict/caterpillar_mixed/n16384/seed3_L1_Q1
hard_scaling_strict,caterpillar_mixed,32768,1,1,1,1,0,0,1,0.057528,15728,/Users/free_1/Library/Mobile Documents/iCloud~md~obsidian/Documents/cpp-checker/branch_3/artifacts/lca_tree_stress_v5/boj3s_gate/ac4_probe_fresh/runs/hard_scaling_strict/caterpillar_mixed/n32768/seed1_L1_Q1
hard_scaling_strict,caterpillar_mixed,32768,2,1,1,1,0,0,1,0.059635,15712,/Users/free_1/Library/Mobile Documents/iCloud~md~obsidian/Documents/cpp-checker/branch_3/artifacts/lca_tree_stress_v5/boj3s_gate/ac4_probe_fresh/runs/hard_scaling_strict/caterpillar_mixed/n32768/seed2_L1_Q1
hard_scaling_strict,caterpillar_mixed,32768,3,1,1,1,0,0,1,0.075578,15728,/Users/free_1/Library/Mobile Documents/iCloud~md~obsidian/Documents/cpp-checker/branch_3/artifacts/lca_tree_stress_v5/boj3s_gate/ac4_probe_fresh/runs/hard_scaling_strict/caterpillar_mixed/n32768/seed3_L1_Q1
hard_scaling_strict,caterpillar_rect_dense,4096,1,1,1,1,0,0,1,0.037702,10272,/Users/free_1/Library/Mobile Documents/iCloud~md~obsidian/Documents/cpp-checker/branch_3/artifacts/lca_tree_stress_v5/boj3s_gate/ac4_probe_fresh/runs/hard_scaling_strict/caterpillar_rect_dense/n4096/seed1_L1_Q1
hard_scaling_strict,caterpillar_rect_dense,4096,2,1,1,1,0,0,1,0.144014,10272,/Users/free_1/Library/Mobile Documents/iCloud~md~obsidian/Documents/cpp-checker/branch_3/artifacts/lca_tree_stress_v5/boj3s_gate/ac4_probe_fresh/runs/hard_scaling_strict/caterpillar_rect_dense/n4096/seed2_L1_Q1
hard_scaling_strict,caterpillar_rect_dense,4096,3,1,1,1,0,0,1,0.039989,10336,/Users/free_1/Library/Mobile Documents/iCloud~md~obsidian/Documents/cpp-checker/branch_3/artifacts/lca_tree_stress_v5/boj3s_gate/ac4_probe_fresh/runs/hard_scaling_strict/caterpillar_rect_dense/n4096/seed3_L1_Q1
hard_scaling_strict,caterpillar_rect_dense,8192,1,1,1,1,0,0,1,0.157860,11024,/Users/free_1/Library/Mobile Documents/iCloud~md~obsidian/Documents/cpp-checker/branch_3/artifacts/lca_tree_stress_v5/boj3s_gate/ac4_probe_fresh/runs/hard_scaling_strict/caterpillar_rect_dense/n8192/seed1_L1_Q1
hard_scaling_strict,caterpillar_rect_dense,8192,2,1,1,1,0,0,1,0.050078,11024,/Users/free_1/Library/Mobile Documents/iCloud~md~obsidian/Documents/cpp-checker/branch_3/artifacts/lca_tree_stress_v5/boj3s_gate/ac4_probe_fresh/runs/hard_scaling_strict/caterpillar_rect_dense/n8192/seed2_L1_Q1
hard_scaling_strict,caterpillar_rect_dense,8192,3,1,1,1,0,0,1,0.050828,10992,/Users/free_1/Library/Mobile Documents/iCloud~md~obsidian/Documents/cpp-checker/branch_3/artifacts/lca_tree_stress_v5/boj3s_gate/ac4_probe_fresh/runs/hard_scaling_strict/caterpillar_rect_dense/n8192/seed3_L1_Q1
hard_scaling_strict,caterpillar_rect_dense,16384,1,1,1,1,0,0,1,0.175535,12608,/Users/free_1/Library/Mobile Documents/iCloud~md~obsidian/Documents/cpp-checker/branch_3/artifacts/lca_tree_stress_v5/boj3s_gate/ac4_probe_fresh/runs/hard_scaling_strict/caterpillar_rect_dense/n16384/seed1_L1_Q1
hard_scaling_strict,caterpillar_rect_dense,16384,2,1,1,1,0,0,1,0.062860,12592,/Users/free_1/Library/Mobile Documents/iCloud~md~obsidian/Documents/cpp-checker/branch_3/artifacts/lca_tree_stress_v5/boj3s_gate/ac4_probe_fresh/runs/hard_scaling_strict/caterpillar_rect_dense/n16384/seed2_L1_Q1
hard_scaling_strict,caterpillar_rect_dense,16384,3,1,1,1,0,0,1,0.052805,12608,/Users/free_1/Library/Mobile Documents/iCloud~md~obsidian/Documents/cpp-checker/branch_3/artifacts/lca_tree_stress_v5/boj3s_gate/ac4_probe_fresh/runs/hard_scaling_strict/caterpillar_rect_dense/n16384/seed3_L1_Q1
hard_scaling_strict,caterpillar_rect_dense,32768,1,1,1,1,0,0,1,0.072489,15792,/Users/free_1/Library/Mobile Documents/iCloud~md~obsidian/Documents/cpp-checker/branch_3/artifacts/lca_tree_stress_v5/boj3s_gate/ac4_probe_fresh/runs/hard_scaling_strict/caterpillar_rect_dense/n32768/seed1_L1_Q1
hard_scaling_strict,caterpillar_rect_dense,32768,2,1,1,1,0,0,1,0.061020,15808,/Users/free_1/Library/Mobile Documents/iCloud~md~obsidian/Documents/cpp-checker/branch_3/artifacts/lca_tree_stress_v5/boj3s_gate/ac4_probe_fresh/runs/hard_scaling_strict/caterpillar_rect_dense/n32768/seed2_L1_Q1
hard_scaling_strict,caterpillar_rect_dense,32768,3,1,1,1,0,0,1,0.074961,15776,/Users/free_1/Library/Mobile Documents/iCloud~md~obsidian/Documents/cpp-checker/branch_3/artifacts/lca_tree_stress_v5/boj3s_gate/ac4_probe_fresh/runs/hard_scaling_strict/caterpillar_rect_dense/n32768/seed3_L1_Q1
boj_3s_large_adversarial,comb_dense,50000,1,1,1,1,0,0,1,0.072955,15232,/Users/free_1/Library/Mobile Documents/iCloud~md~obsidian/Documents/cpp-checker/branch_3/artifacts/lca_tree_stress_v5/boj3s_gate/ac4_probe_fresh/runs/boj_3s_large_adversarial/comb_dense/n50000/seed1_L1_Q1
boj_3s_large_adversarial,comb_dense,50000,2,1,1,1,0,0,1,0.073492,15248,/Users/free_1/Library/Mobile Documents/iCloud~md~obsidian/Documents/cpp-checker/branch_3/artifacts/lca_tree_stress_v5/boj3s_gate/ac4_probe_fresh/runs/boj_3s_large_adversarial/comb_dense/n50000/seed2_L1_Q1
boj_3s_large_adversarial,comb_dense,75000,1,1,1,1,0,0,1,0.067694,18688,/Users/free_1/Library/Mobile Documents/iCloud~md~obsidian/Documents/cpp-checker/branch_3/artifacts/lca_tree_stress_v5/boj3s_gate/ac4_probe_fresh/runs/boj_3s_large_adversarial/comb_dense/n75000/seed1_L1_Q1
boj_3s_large_adversarial,comb_dense,75000,2,1,1,1,0,0,1,0.058374,18704,/Users/free_1/Library/Mobile Documents/iCloud~md~obsidian/Documents/cpp-checker/branch_3/artifacts/lca_tree_stress_v5/boj3s_gate/ac4_probe_fresh/runs/boj_3s_large_adversarial/comb_dense/n75000/seed2_L1_Q1
boj_3s_large_adversarial,comb_dense,99999,1,1,1,1,0,0,1,0.075438,21920,/Users/free_1/Library/Mobile Documents/iCloud~md~obsidian/Documents/cpp-checker/branch_3/artifacts/lca_tree_stress_v5/boj3s_gate/ac4_probe_fresh/runs/boj_3s_large_adversarial/comb_dense/n99999/seed1_L1_Q1
boj_3s_large_adversarial,comb_dense,99999,2,1,1,1,0,0,1,0.077412,21920,/Users/free_1/Library/Mobile Documents/iCloud~md~obsidian/Documents/cpp-checker/branch_3/artifacts/lca_tree_stress_v5/boj3s_gate/ac4_probe_fresh/runs/boj_3s_large_adversarial/comb_dense/n99999/seed2_L1_Q1
boj_3s_large_adversarial,comb_rect_dense,50000,1,1,1,1,0,0,1,0.072272,15280,/Users/free_1/Library/Mobile Documents/iCloud~md~obsidian/Documents/cpp-checker/branch_3/artifacts/lca_tree_stress_v5/boj3s_gate/ac4_probe_fresh/runs/boj_3s_large_adversarial/comb_rect_dense/n50000/seed1_L1_Q1
boj_3s_large_adversarial,comb_rect_dense,50000,2,1,1,1,0,0,1,0.060937,15280,/Users/free_1/Library/Mobile Documents/iCloud~md~obsidian/Documents/cpp-checker/branch_3/artifacts/lca_tree_stress_v5/boj3s_gate/ac4_probe_fresh/runs/boj_3s_large_adversarial/comb_rect_dense/n50000/seed2_L1_Q1
boj_3s_large_adversarial,comb_rect_dense,75000,1,1,1,1,0,0,1,0.089475,18896,/Users/free_1/Library/Mobile Documents/iCloud~md~obsidian/Documents/cpp-checker/branch_3/artifacts/lca_tree_stress_v5/boj3s_gate/ac4_probe_fresh/runs/boj_3s_large_adversarial/comb_rect_dense/n75000/seed1_L1_Q1
boj_3s_large_adversarial,comb_rect_dense,75000,2,1,1,1,0,0,1,0.069695,18928,/Users/free_1/Library/Mobile Documents/iCloud~md~obsidian/Documents/cpp-checker/branch_3/artifacts/lca_tree_stress_v5/boj3s_gate/ac4_probe_fresh/runs/boj_3s_large_adversarial/comb_rect_dense/n75000/seed2_L1_Q1
boj_3s_large_adversarial,comb_rect_dense,99999,1,1,1,1,0,0,1,0.086817,22688,/Users/free_1/Library/Mobile Documents/iCloud~md~obsidian/Documents/cpp-checker/branch_3/artifacts/lca_tree_stress_v5/boj3s_gate/ac4_probe_fresh/runs/boj_3s_large_adversarial/comb_rect_dense/n99999/seed1_L1_Q1
boj_3s_large_adversarial,comb_rect_dense,99999,2,1,1,1,0,0,1,0.087599,22672,/Users/free_1/Library/Mobile Documents/iCloud~md~obsidian/Documents/cpp-checker/branch_3/artifacts/lca_tree_stress_v5/boj3s_gate/ac4_probe_fresh/runs/boj_3s_large_adversarial/comb_rect_dense/n99999/seed2_L1_Q1
boj_3s_large_adversarial,multi_comb_rect,50000,1,1,1,1,0,0,1,0.063105,15248,/Users/free_1/Library/Mobile Documents/iCloud~md~obsidian/Documents/cpp-checker/branch_3/artifacts/lca_tree_stress_v5/boj3s_gate/ac4_probe_fresh/runs/boj_3s_large_adversarial/multi_comb_rect/n50000/seed1_L1_Q1
boj_3s_large_adversarial,multi_comb_rect,50000,2,1,1,1,0,0,1,0.058830,15248,/Users/free_1/Library/Mobile Documents/iCloud~md~obsidian/Documents/cpp-checker/branch_3/artifacts/lca_tree_stress_v5/boj3s_gate/ac4_probe_fresh/runs/boj_3s_large_adversarial/multi_comb_rect/n50000/seed2_L1_Q1
boj_3s_large_adversarial,multi_comb_rect,75000,1,1,1,1,0,0,1,0.060911,18912,/Users/free_1/Library/Mobile Documents/iCloud~md~obsidian/Documents/cpp-checker/branch_3/artifacts/lca_tree_stress_v5/boj3s_gate/ac4_probe_fresh/runs/boj_3s_large_adversarial/multi_comb_rect/n75000/seed1_L1_Q1
boj_3s_large_adversarial,multi_comb_rect,75000,2,1,1,1,0,0,1,0.077394,18896,/Users/free_1/Library/Mobile Documents/iCloud~md~obsidian/Documents/cpp-checker/branch_3/artifacts/lca_tree_stress_v5/boj3s_gate/ac4_probe_fresh/runs/boj_3s_large_adversarial/multi_comb_rect/n75000/seed2_L1_Q1
boj_3s_large_adversarial,multi_comb_rect,99999,1,1,1,1,0,0,1,0.127729,22048,/Users/free_1/Library/Mobile Documents/iCloud~md~obsidian/Documents/cpp-checker/branch_3/artifacts/lca_tree_stress_v5/boj3s_gate/ac4_probe_fresh/runs/boj_3s_large_adversarial/multi_comb_rect/n99999/seed1_L1_Q1
boj_3s_large_adversarial,multi_comb_rect,99999,2,1,1,1,0,0,1,0.109865,22032,/Users/free_1/Library/Mobile Documents/iCloud~md~obsidian/Documents/cpp-checker/branch_3/artifacts/lca_tree_stress_v5/boj3s_gate/ac4_probe_fresh/runs/boj_3s_large_adversarial/multi_comb_rect/n99999/seed2_L1_Q1
boj_3s_large_adversarial,multi_comb_cap,50000,1,1,1,1,0,0,1,0.079653,15040,/Users/free_1/Library/Mobile Documents/iCloud~md~obsidian/Documents/cpp-checker/branch_3/artifacts/lca_tree_stress_v5/boj3s_gate/ac4_probe_fresh/runs/boj_3s_large_adversarial/multi_comb_cap/n50000/seed1_L1_Q1
boj_3s_large_adversarial,multi_comb_cap,50000,2,1,1,1,0,0,1,0.068085,15056,/Users/free_1/Library/Mobile Documents/iCloud~md~obsidian/Documents/cpp-checker/branch_3/artifacts/lca_tree_stress_v5/boj3s_gate/ac4_probe_fresh/runs/boj_3s_large_adversarial/multi_comb_cap/n50000/seed2_L1_Q1
boj_3s_large_adversarial,multi_comb_cap,75000,1,1,1,1,0,0,1,0.114060,18736,/Users/free_1/Library/Mobile Documents/iCloud~md~obsidian/Documents/cpp-checker/branch_3/artifacts/lca_tree_stress_v5/boj3s_gate/ac4_probe_fresh/runs/boj_3s_large_adversarial/multi_comb_cap/n75000/seed1_L1_Q1
boj_3s_large_adversarial,multi_comb_cap,75000,2,1,1,1,0,0,1,0.085433,18736,/Users/free_1/Library/Mobile Documents/iCloud~md~obsidian/Documents/cpp-checker/branch_3/artifacts/lca_tree_stress_v5/boj3s_gate/ac4_probe_fresh/runs/boj_3s_large_adversarial/multi_comb_cap/n75000/seed2_L1_Q1
boj_3s_large_adversarial,multi_comb_cap,99999,1,1,1,1,0,0,1,0.085326,21936,/Users/free_1/Library/Mobile Documents/iCloud~md~obsidian/Documents/cpp-checker/branch_3/artifacts/lca_tree_stress_v5/boj3s_gate/ac4_probe_fresh/runs/boj_3s_large_adversarial/multi_comb_cap/n99999/seed1_L1_Q1
boj_3s_large_adversarial,multi_comb_cap,99999,2,1,1,1,0,0,1,0.089249,21936,/Users/free_1/Library/Mobile Documents/iCloud~md~obsidian/Documents/cpp-checker/branch_3/artifacts/lca_tree_stress_v5/boj3s_gate/ac4_probe_fresh/runs/boj_3s_large_adversarial/multi_comb_cap/n99999/seed2_L1_Q1
boj_3s_large_adversarial,caterpillar_rect_dense,50000,1,1,1,1,0,0,1,0.060862,19232,/Users/free_1/Library/Mobile Documents/iCloud~md~obsidian/Documents/cpp-checker/branch_3/artifacts/lca_tree_stress_v5/boj3s_gate/ac4_probe_fresh/runs/boj_3s_large_adversarial/caterpillar_rect_dense/n50000/seed1_L1_Q1
boj_3s_large_adversarial,caterpillar_rect_dense,50000,2,1,1,1,0,0,1,0.084441,19248,/Users/free_1/Library/Mobile Documents/iCloud~md~obsidian/Documents/cpp-checker/branch_3/artifacts/lca_tree_stress_v5/boj3s_gate/ac4_probe_fresh/runs/boj_3s_large_adversarial/caterpillar_rect_dense/n50000/seed2_L1_Q1
boj_3s_large_adversarial,caterpillar_rect_dense,75000,1,1,1,1,0,0,1,0.087422,24240,/Users/free_1/Library/Mobile Documents/iCloud~md~obsidian/Documents/cpp-checker/branch_3/artifacts/lca_tree_stress_v5/boj3s_gate/ac4_probe_fresh/runs/boj_3s_large_adversarial/caterpillar_rect_dense/n75000/seed1_L1_Q1
boj_3s_large_adversarial,caterpillar_rect_dense,75000,2,1,1,1,0,0,1,0.102090,24256,/Users/free_1/Library/Mobile Documents/iCloud~md~obsidian/Documents/cpp-checker/branch_3/artifacts/lca_tree_stress_v5/boj3s_gate/ac4_probe_fresh/runs/boj_3s_large_adversarial/caterpillar_rect_dense/n75000/seed2_L1_Q1
boj_3s_large_adversarial,caterpillar_rect_dense,99999,1,1,1,1,0,0,1,0.102449,28800,/Users/free_1/Library/Mobile Documents/iCloud~md~obsidian/Documents/cpp-checker/branch_3/artifacts/lca_tree_stress_v5/boj3s_gate/ac4_probe_fresh/runs/boj_3s_large_adversarial/caterpillar_rect_dense/n99999/seed1_L1_Q1
boj_3s_large_adversarial,caterpillar_rect_dense,99999,2,1,1,1,0,0,1,0.126612,28784,/Users/free_1/Library/Mobile Documents/iCloud~md~obsidian/Documents/cpp-checker/branch_3/artifacts/lca_tree_stress_v5/boj3s_gate/ac4_probe_fresh/runs/boj_3s_large_adversarial/caterpillar_rect_dense/n99999/seed2_L1_Q1
boj_3s_large_mix,balanced_dense,99999,1,1,1,1,0,0,1,0.444285,31968,/Users/free_1/Library/Mobile Documents/iCloud~md~obsidian/Documents/cpp-checker/branch_3/artifacts/lca_tree_stress_v5/boj3s_gate/ac4_probe_fresh/runs/boj_3s_large_mix/balanced_dense/n99999/seed1_L1_Q1
boj_3s_large_mix,balanced_dense,99999,2,1,1,1,0,0,1,0.459909,31984,/Users/free_1/Library/Mobile Documents/iCloud~md~obsidian/Documents/cpp-checker/branch_3/artifacts/lca_tree_stress_v5/boj3s_gate/ac4_probe_fresh/runs/boj_3s_large_mix/balanced_dense/n99999/seed2_L1_Q1
boj_3s_large_mix,balanced_dense,99999,3,1,1,1,0,0,1,0.387884,32000,/Users/free_1/Library/Mobile Documents/iCloud~md~obsidian/Documents/cpp-checker/branch_3/artifacts/lca_tree_stress_v5/boj3s_gate/ac4_probe_fresh/runs/boj_3s_large_mix/balanced_dense/n99999/seed3_L1_Q1
boj_3s_large_mix,random_recursive_mixed,99999,1,1,1,1,0,0,1,0.251050,33104,/Users/free_1/Library/Mobile Documents/iCloud~md~obsidian/Documents/cpp-checker/branch_3/artifacts/lca_tree_stress_v5/boj3s_gate/ac4_probe_fresh/runs/boj_3s_large_mix/random_recursive_mixed/n99999/seed1_L1_Q1
boj_3s_large_mix,random_recursive_mixed,99999,2,1,1,1,0,0,1,0.236861,29168,/Users/free_1/Library/Mobile Documents/iCloud~md~obsidian/Documents/cpp-checker/branch_3/artifacts/lca_tree_stress_v5/boj3s_gate/ac4_probe_fresh/runs/boj_3s_large_mix/random_recursive_mixed/n99999/seed2_L1_Q1
boj_3s_large_mix,random_recursive_mixed,99999,3,1,1,1,0,0,1,0.255778,30912,/Users/free_1/Library/Mobile Documents/iCloud~md~obsidian/Documents/cpp-checker/branch_3/artifacts/lca_tree_stress_v5/boj3s_gate/ac4_probe_fresh/runs/boj_3s_large_mix/random_recursive_mixed/n99999/seed3_L1_Q1
boj_3s_large_mix,broom_mixed,99999,1,1,1,1,-9,1,0,,,/Users/free_1/Library/Mobile Documents/iCloud~md~obsidian/Documents/cpp-checker/branch_3/artifacts/lca_tree_stress_v5/boj3s_gate/ac4_probe_fresh/runs/boj_3s_large_mix/broom_mixed/n99999/seed1_L1_Q1
boj_3s_large_mix,broom_mixed,99999,2,1,1,1,-9,1,0,,,/Users/free_1/Library/Mobile Documents/iCloud~md~obsidian/Documents/cpp-checker/branch_3/artifacts/lca_tree_stress_v5/boj3s_gate/ac4_probe_fresh/runs/boj_3s_large_mix/broom_mixed/n99999/seed2_L1_Q1
boj_3s_large_mix,broom_mixed,99999,3,1,1,1,-9,1,0,,,/Users/free_1/Library/Mobile Documents/iCloud~md~obsidian/Documents/cpp-checker/branch_3/artifacts/lca_tree_stress_v5/boj3s_gate/ac4_probe_fresh/runs/boj_3s_large_mix/broom_mixed/n99999/seed3_L1_Q1
boj_3s_large_mix,comb_rect_dense,99999,1,1,1,1,0,0,1,0.122521,23056,/Users/free_1/Library/Mobile Documents/iCloud~md~obsidian/Documents/cpp-checker/branch_3/artifacts/lca_tree_stress_v5/boj3s_gate/ac4_probe_fresh/runs/boj_3s_large_mix/comb_rect_dense/n99999/seed1_L1_Q1
boj_3s_large_mix,comb_rect_dense,99999,2,1,1,1,0,0,1,0.183034,23072,/Users/free_1/Library/Mobile Documents/iCloud~md~obsidian/Documents/cpp-checker/branch_3/artifacts/lca_tree_stress_v5/boj3s_gate/ac4_probe_fresh/runs/boj_3s_large_mix/comb_rect_dense/n99999/seed2_L1_Q1
boj_3s_large_mix,comb_rect_dense,99999,3,1,1,1,0,0,1,0.109924,23072,/Users/free_1/Library/Mobile Documents/iCloud~md~obsidian/Documents/cpp-checker/branch_3/artifacts/lca_tree_stress_v5/boj3s_gate/ac4_probe_fresh/runs/boj_3s_large_mix/comb_rect_dense/n99999/seed3_L1_Q1
boj_3s_large_mix,multi_comb_cap,99999,1,1,1,1,0,0,1,0.118439,22320,/Users/free_1/Library/Mobile Documents/iCloud~md~obsidian/Documents/cpp-checker/branch_3/artifacts/lca_tree_stress_v5/boj3s_gate/ac4_probe_fresh/runs/boj_3s_large_mix/multi_comb_cap/n99999/seed1_L1_Q1
boj_3s_large_mix,multi_comb_cap,99999,2,1,1,1,0,0,1,0.070717,22336,/Users/free_1/Library/Mobile Documents/iCloud~md~obsidian/Documents/cpp-checker/branch_3/artifacts/lca_tree_stress_v5/boj3s_gate/ac4_probe_fresh/runs/boj_3s_large_mix/multi_comb_cap/n99999/seed2_L1_Q1
boj_3s_large_mix,multi_comb_cap,99999,3,1,1,1,0,0,1,0.061220,22336,/Users/free_1/Library/Mobile Documents/iCloud~md~obsidian/Documents/cpp-checker/branch_3/artifacts/lca_tree_stress_v5/boj3s_gate/ac4_probe_fresh/runs/boj_3s_large_mix/multi_comb_cap/n99999/seed3_L1_Q1
boj_3s_large_mix,caterpillar_rect_dense,99999,1,1,1,1,0,0,1,0.081911,28784,/Users/free_1/Library/Mobile Documents/iCloud~md~obsidian/Documents/cpp-checker/branch_3/artifacts/lca_tree_stress_v5/boj3s_gate/ac4_probe_fresh/runs/boj_3s_large_mix/caterpillar_rect_dense/n99999/seed1_L1_Q1
boj_3s_large_mix,caterpillar_rect_dense,99999,2,1,1,1,0,0,1,0.203698,28784,/Users/free_1/Library/Mobile Documents/iCloud~md~obsidian/Documents/cpp-checker/branch_3/artifacts/lca_tree_stress_v5/boj3s_gate/ac4_probe_fresh/runs/boj_3s_large_mix/caterpillar_rect_dense/n99999/seed2_L1_Q1
boj_3s_large_mix,caterpillar_rect_dense,99999,3,1,1,1,0,0,1,0.100810,28816,/Users/free_1/Library/Mobile Documents/iCloud~md~obsidian/Documents/cpp-checker/branch_3/artifacts/lca_tree_stress_v5/boj3s_gate/ac4_probe_fresh/runs/boj_3s_large_mix/caterpillar_rect_dense/n99999/seed3_L1_Q1
