256 9891
235 254 1
27 235 1
4 235 1
164 253 235
28 253 235
50 253 235
8 177 253
2 177 253
48 177 253
45 195 177
45 84 177
45 214 177
140 229 45
116 140 45
87 140 45
143 198 140
107 198 140
186 198 140
147 148 198
147 176 198
123 147 198
149 230 147
126 230 147
189 230 147
52 178 230
109 178 230
106 178 230
117 122 178
117 255 178
117 174 178
134 161 117
112 161 117
161 218 117
7 169 161
169 239 161
38 169 161
68 234 169
110 234 169
78 234 169
66 190 234
66 184 234
55 66 234
33 59 66
59 200 66
59 114 66
95 224 59
95 219 59
81 95 59
71 231 95
71 202 95
71 228 95
30 181 71
30 244 71
30 157 71
51 248 30
51 146 30
51 167 30
18 94 51
94 130 51
94 206 51
160 216 94
34 160 94
154 160 94
85 187 160
133 187 160
132 187 160
101 222 187
29 101 187
12 101 187
53 225 101
44 225 101
139 225 101
54 153 225
153 249 225
153 183 225
56 207 153
56 182 153
56 165 153
93 251 56
93 197 56
93 120 56
40 211 93
152 211 93
194 211 93
145 243 211
61 145 211
43 145 211
129 238 145
191 238 145
79 238 145
82 162 238
31 162 238
111 162 238
141 227 162
75 227 162
212 227 162
37 158 227
37 247 227
37 175 227
201 226 37
16 201 37
14 201 37
60 76 201
60 96 201
60 69 201
91 245 60
36 245 60
245 256 60
113 237 245
113 199 245
113 185 245
24 196 113
24 62 113
24 151 113
65 137 24
3 137 24
21 137 24
138 156 137
98 138 137
138 179 137
155 180 138
20 180 138
136 180 138
10 70 180
10 103 180
10 57 180
100 193 10
121 193 10
80 193 10
172 203 193
90 203 193
13 203 193
6 241 203
236 241 203
240 241 203
19 170 241
19 97 241
19 215 241
92 150 19
105 150 19
150 252 19
67 250 150
88 250 150
86 250 150
74 142 250
64 142 250
17 142 250
108 221 142
118 221 142
89 221 142
124 210 221
41 210 221
115 210 221
26 46 210
25 46 210
46 63 210
204 220 46
127 204 46
77 204 46
102 125 204
49 125 204
125 168 204
119 128 125
47 119 125
83 119 125
72 209 119
72 99 119
72 135 119
131 242 72
131 144 72
131 217 72
22 246 131
22 232 131
22 192 131
15 23 22
23 35 22
23 163 22
32 159 23
11 159 23
159 205 23
58 223 159
104 223 159
5 223 159
208 233 223
42 233 223
9 233 223
73 188 233
188 213 233
166 188 233
39 171 188
171 173 188
171 254 1
27 171 1
4 171 1
164 171 235
28 171 235
50 171 235
8 171 253
2 171 253
48 171 253
171 195 177
84 171 177
171 214 177
171 229 45
116 171 45
87 171 45
143 171 140
107 171 140
171 186 140
148 171 198
171 176 198
123 171 198
149 171 147
126 171 147
171 189 147
52 171 230
109 171 230
106 171 230
122 171 178
171 255 178
171 174 178
134 171 117
112 171 117
171 218 117
7 171 161
171 239 161
38 171 161
68 171 169
110 171 169
78 171 169
171 190 234
171 184 234
55 171 234
33 171 66
171 200 66
114 171 66
171 224 59
171 219 59
81 171 59
171 231 95
171 202 95
171 228 95
171 181 71
171 244 71
157 171 71
171 248 30
146 171 30
167 171 30
18 171 51
130 171 51
171 206 51
171 216 94
34 171 94
154 171 94
85 171 160
133 171 160
132 171 160
171 222 187
29 171 187
12 171 187
53 171 101
44 171 101
139 171 101
54 171 225
171 249 225
171 183 225
171 207 153
171 182 153
165 171 153
171 251 56
171 197 56
120 171 56
40 171 93
152 171 93
171 194 93
171 243 211
61 171 211
43 171 211
129 171 145
171 191 145
79 171 145
82 171 238
31 171 238
111 171 238
141 171 162
75 171 162
171 212 162
158 171 227
171 247 227
171 175 227
171 226 37
16 171 37
14 171 37
76 171 201
96 171 201
69 171 201
91 171 60
36 171 60
171 256 60
171 237 245
171 199 245
171 185 245
171 196 113
62 171 113
151 171 113
65 171 24
3 171 24
21 171 24
156 171 137
98 171 137
171 179 137
155 171 138
20 171 138
136 171 138
70 171 180
103 171 180
57 171 180
100 171 10
121 171 10
80 171 10
171 172 193
90 171 193
13 171 193
6 171 203
171 236 203
171 240 203
170 171 241
97 171 241
171 215 241
92 171 19
105 171 19
171 252 19
67 171 150
88 171 150
86 171 150
74 171 250
64 171 250
17 171 250
108 171 142
118 171 142
89 171 142
124 171 221
41 171 221
115 171 221
26 171 210
25 171 210
63 171 210
171 220 46
127 171 46
77 171 46
102 171 204
49 171 204
168 171 204
128 171 125
47 171 125
83 171 125
171 209 119
99 171 119
135 171 119
171 242 72
144 171 72
171 217 72
171 246 131
171 232 131
171 192 131
15 171 22
35 171 22
163 171 22
32 171 23
11 171 23
171 205 23
58 171 159
104 171 159
5 171 159
171 208 223
42 171 223
9 171 223
73 171 233
171 213 233
166 171 233
1 171 1
171 253 253
45 171 45
171 198 198
171 230 230
117 171 117
169 171 169
66 171 66
95 171 95
30 171 30
94 171 94
171 187 187
171 225 225
56 171 56
171 211 211
171 238 238
171 227 227
171 201 201
171 245 245
24 171 24
138 171 138
10 171 10
171 203 203
19 171 19
171 250 250
171 221 221
46 171 46
125 171 125
72 171 72
22 171 22
159 171 159
171 233 233
202 228 95
23 140 140
129 191 145
18 130 51
24 80 24
100 107 140
163 253 253
47 83 125
229 234 45
152 194 93
89 118 142
36 195 177
34 103 94
66 120 66
145 171 145
106 109 230
106 192 230
47 168 204
80 121 10
185 255 178
24 63 24
174 178 178
179 203 137
157 181 71
137 177 177
69 96 201
14 16 37
8 180 253
207 244 71
97 215 241
30 233 30
86 88 150
59 216 59
20 136 138
45 66 45
156 202 95
57 225 225
44 139 101
104 137 137
33 147 147
85 174 178
40 194 93
183 249 225
112 218 117
69 76 201
220 233 46
104 209 119
10 217 10
95 237 95
107 140 140
56 83 56
1 4 1
218 253 253
48 135 253
39 208 223
224 250 59
27 188 1
72 238 238
4 169 1
42 188 223
135 155 138
59 225 59
80 86 10
64 159 250
64 115 250
39 173 188
75 141 162
128 243 211
84 195 177
81 219 59
1 176 1
1 254 1
118 119 142
51 153 51
172 224 59
114 200 66
82 229 45
110 168 169
12 31 187
117 238 117
58 60 60
41 115 221
31 111 238
74 161 161
177 201 177
26 232 210
35 66 66
117 243 117
38 178 178
182 207 153
62 127 113
1 196 1
138 152 93
9 73 223
9 208 223
84 214 177
11 107 140
79 109 230
31 158 238
175 181 71
116 242 45
38 60 161
24 229 45
13 144 193
166 173 233
155 221 138
69 247 227
44 178 178
215 226 37
117 247 117
62 196 113
32 163 22
49 137 137
66 129 66
12 166 187
76 96 201
22 109 230
33 114 66
23 169 169
122 177 177
29 133 160
158 247 227
17 180 180
30 196 30
145 213 145
45 94 45
183 192 225
15 159 22
59 144 59
51 208 51
11 30 30
45 147 45
129 201 145
6 119 203
59 132 59
99 207 153
59 147 147
139 186 140
18 51 51
63 125 210
53 169 169
58 252 19
67 86 150
132 133 160
85 132 160
22 26 210
87 89 45
124 195 177
148 185 198
11 32 23
90 172 193
131 188 131
1 235 1
3 38 161
67 249 225
140 236 140
124 233 221
97 221 241
77 150 150
217 242 72
117 142 117
108 188 142
85 241 160
100 149 147
1 106 1
55 184 234
197 251 56
51 253 253
25 237 245
20 139 101
31 218 117
110 207 169
112 158 117
25 26 210
26 241 241
45 61 45
104 217 72
65 232 24
122 255 178
126 215 147
152 232 93
102 159 204
54 183 225
24 140 140
53 177 177
94 195 177
189 206 147
86 145 145
144 242 72
73 213 233
11 205 23
199 237 245
67 88 150
206 227 51
28 164 235
63 241 241
16 226 37
94 133 94
116 229 45
168 177 177
13 172 193
73 173 233
131 133 160
63 78 169
144 192 72
158 175 227
87 229 45
84 96 177
18 114 66
60 78 169
181 255 178
22 249 225
6 236 203
5 76 201
36 71 71
49 102 204
141 182 153
19 49 19
46 220 46
83 109 230
79 230 230
50 164 235
98 222 187
69 231 95
55 190 234
47 228 95
19 122 178
189 227 147
39 213 233
236 240 203
130 140 140
85 133 160
126 189 147
161 178 178
69 88 201
73 144 72
172 237 245
76 151 201
43 61 211
11 69 201
135 203 203
148 242 198
15 47 125
174 255 178
142 144 142
58 118 142
161 182 161
55 208 234
106 145 230
115 237 245
160 177 177
92 252 19
32 60 60
181 244 71
83 112 117
213 240 203
79 157 71
101 193 101
13 78 169
102 193 193
10 61 211
47 115 221
82 112 117
5 58 159
14 51 51
3 21 24
29 169 169
165 217 153
99 135 119
40 53 101
23 95 95
41 120 56
162 230 230
108 173 142
123 176 198
126 174 147
12 29 187
49 168 204
146 248 30
107 186 140
73 93 93
51 196 51
39 161 161
24 253 253
6 240 203
140 216 140
115 144 221
123 235 235
188 208 223
9 42 223
114 120 66
5 67 150
94 247 94
81 147 147
90 190 234
136 157 71
103 157 71
166 213 233
47 131 125
13 147 147
99 209 119
202 251 95
67 247 227
58 170 241
9 117 117
236 237 245
175 216 94
12 134 117
251 254 1
87 116 45
17 194 93
66 145 66
27 180 1
68 78 169
214 223 177
46 150 150
32 246 131
25 151 113
113 212 162
27 103 1
13 186 140
45 130 45
156 179 137
33 143 140
54 162 225
41 124 221
27 65 1
99 252 19
56 169 169
93 247 93
14 226 37
60 65 60
196 201 201
177 224 177
68 110 169
106 140 140
84 127 177
176 253 253
135 209 119
60 215 60
234 249 234
124 181 71
200 224 66
199 248 30
104 242 72
132 161 161
169 184 169
134 218 117
100 238 238
177 186 177
118 245 245
41 251 56
65 88 24
46 247 227
40 152 93
149 189 147
25 63 210
21 253 253
29 222 187
8 185 253
233 250 250
165 207 153
19 252 19
57 233 180
76 198 198
199 255 178
4 254 1
154 190 234
37 45 45
24 38 161
80 142 10
28 54 235
70 180 180
140 251 140
3 156 24
80 100 10
40 83 93
27 236 1
53 178 178
15 212 162
1 75 1
54 151 225
122 174 178
162 207 153
219 224 59
29 35 187
169 212 169
90 104 193
82 207 153
180 254 1
20 198 198
83 191 145
77 240 203
165 225 225
25 168 210
14 102 37
81 138 59
177 207 177
75 255 178
16 198 198
47 53 101
6 127 203
32 241 241
12 198 198
178 200 178
1 227 1
59 227 59
5 39 159
89 239 161
184 190 234
17 246 250
57 103 180
93 127 93
177 184 177
51 226 51
14 80 37
48 246 253
1 178 1
1 134 1
134 233 117
89 97 241
152 225 225
147 160 147
19 46 19
159 249 225
175 247 227
83 137 137
66 222 66
10 141 162
122 147 147
1 146 1
43 97 211
45 107 45
163 166 22
23 102 204
95 256 95
10 128 10
44 88 101
18 157 71
127 178 178
52 240 230
39 111 238
36 230 230
169 196 169
11 15 22
3 211 211
69 102 201
89 192 142
154 169 169
100 205 10
24 35 24
180 229 45
14 151 37
98 178 178
47 253 253
42 108 142
165 240 153
229 253 253
74 137 137
118 247 227
7 38 161
68 178 178
24 169 169
196 213 113
35 163 22
175 234 234
3 74 24
135 136 138
11 104 23
34 42 94
144 205 72
117 181 117
234 235 235
28 83 235
29 183 187
27 134 1
57 236 180
11 74 250
81 161 161
10 78 169
83 186 140
5 212 162
67 97 241
210 232 210
29 242 187
29 72 187
183 243 225
39 207 153
70 83 180
147 219 147
67 186 140
68 131 169
201 249 225
101 111 101
130 234 234
9 24 24
104 200 66
172 227 227
18 60 51
31 82 238
60 172 60
92 180 180
94 201 94
131 245 245
32 218 117
89 193 193
50 188 235
83 103 180
50 255 235
31 232 238
128 208 125
36 256 60
177 240 177
129 134 117
4 125 1
58 166 159
117 175 117
212 253 253
112 140 140
48 236 253
169 231 169
151 196 113
170 215 241
111 150 238
1 164 1
1 51 1
41 86 150
9 35 22
141 212 162
185 237 245
107 177 177
130 198 198
202 219 59
33 158 66
15 163 22
29 253 253
19 249 225
105 252 19
28 50 235
21 140 140
81 211 59
11 173 23
34 230 230
153 162 153
41 113 113
1 109 1
49 219 59
59 240 59
153 186 140
2 86 253
109 253 253
17 30 30
47 100 10
179 252 137
12 66 66
38 97 161
104 106 230
156 235 235
100 179 137
23 59 59
3 139 101
164 235 235
89 200 66
93 123 198
75 140 140
161 222 161
25 205 210
86 128 150
32 205 23
9 135 119
15 138 138
159 217 72
102 247 227
199 208 245
75 238 238
54 249 225
94 217 94
77 128 46
70 103 180
75 252 162
39 122 178
16 230 230
13 190 234
61 243 211
177 238 177
51 63 51
63 252 19
1 195 1
110 163 169
12 182 187
60 219 59
180 238 238
113 132 160
8 196 253
165 182 153
202 253 253
64 74 250
45 149 45
21 38 161
40 82 93
29 85 160
123 133 198
45 133 45
3 86 24
201 245 201
167 248 30
140 176 140
73 89 142
137 242 137
67 241 241
177 181 177
38 140 140
1 149 1
216 256 94
53 139 101
35 129 145
145 204 145
60 147 147
20 155 138
1 12 1
160 222 160
33 159 66
39 251 56
21 100 24
144 217 72
202 234 234
54 177 177
85 196 160
122 133 178
145 196 145
146 165 30
73 170 241
91 180 60
49 205 204
35 62 113
1 123 1
87 191 45
25 196 113
177 197 177
167 249 30
62 151 113
41 150 150
157 194 71
47 58 125
106 177 177
33 169 169
39 99 119
151 230 230
42 209 119
194 208 93
136 159 138
103 165 153
140 235 235
79 118 145
214 219 177
16 80 37
131 171 131
33 227 66
45 165 45
45 253 253
30 117 117
39 177 177
192 246 131
94 251 94
5 104 159
45 75 45
52 106 230
135 141 162
12 199 187
213 227 227
96 162 162
79 141 145
20 72 138
49 144 204
153 215 153
106 222 230
197 204 56
86 131 150
153 197 153
97 127 241
117 169 117
161 187 161
217 223 72
35 117 117
5 232 131
57 183 225
121 158 227
187 237 187
46 199 245
44 101 101
44 53 101
153 253 253
60 145 145
114 220 66
169 193 169
42 165 153
35 73 22
78 163 169
77 220 46
191 232 145
3 53 101
31 140 140
230 252 230
58 238 238
130 206 51
45 234 45
92 105 19
56 212 56
177 228 177
130 254 1
34 87 45
45 184 45
34 83 94
119 136 138
91 227 227
36 231 95
22 168 204
13 55 234
10 223 10
114 141 66
12 178 178
54 117 117
103 104 180
170 253 253
167 209 30
114 190 234
17 100 10
117 147 147
29 84 177
60 168 60
119 134 117
63 227 227
19 51 51
161 212 161
89 160 160
112 117 117
12 222 187
86 90 193
153 188 153
38 199 161
147 178 147
51 186 140
163 223 22
3 65 24
22 221 221
24 75 162
160 253 253
115 124 221
13 53 101
145 201 145
10 115 10
140 233 140
58 123 198
87 235 235
91 98 60
56 151 56
86 245 245
165 169 169
49 93 93
145 230 230
25 193 193
55 161 161
147 200 147
213 230 230
69 128 201
158 206 51
36 196 60
31 59 59
74 89 250
82 146 30
19 145 145
51 57 51
1 206 1
178 239 178
4 91 1
10 90 10
194 243 93
122 155 178
47 205 125
2 8 253
30 182 30
59 140 140
28 100 235
163 236 203
105 178 178
12 74 187
4 228 1
21 226 37
81 253 253
147 228 147
19 64 19
65 77 24
63 153 153
178 248 178
204 225 225
18 206 51
58 77 46
51 155 51
134 147 147
128 159 125
3 170 24
38 139 161
94 161 161
22 243 211
32 67 150
138 151 113
44 207 101
42 229 45
30 192 30
236 253 253
114 246 66
13 110 169
29 136 187
24 30 30
12 115 187
20 44 101
125 227 227
57 126 147
18 22 51
12 117 117
28 235 235
46 174 178
16 61 211
40 93 93
170 197 56
48 192 253
150 242 150
71 250 71
119 231 95
56 194 56
168 197 56
158 172 227
21 235 235
21 72 24
120 215 56
63 147 147
32 181 71
89 93 93
59 88 59
38 185 161
80 190 234
30 208 30
48 235 235
128 218 117
113 247 227
47 179 137
107 235 235
228 231 95
106 207 230
10 199 245
195 214 177
71 128 71
59 117 117
74 221 250
193 203 193
155 228 95
126 149 147
148 253 253
161 247 161
46 59 59
43 94 94
2 48 253
104 249 225
51 138 51
126 240 147
102 170 241
87 170 45
16 86 37
35 250 250
206 253 253
187 227 187
52 186 140
65 110 169
6 15 203
5 73 159
112 151 117
218 226 117
172 187 187
241 249 225
14 187 187
161 165 161
66 161 161
103 175 227
59 136 59
45 248 45
109 238 230
60 234 234
19 159 19
51 178 178
56 233 56
136 194 93
70 93 93
59 199 59
37 82 238
2 7 253
89 158 227
147 161 147
19 89 19
225 234 234
67 155 138
42 43 211
34 154 94
62 225 225
57 122 178
26 229 45
66 72 66
7 239 161
93 194 93
148 176 198
50 239 235
212 238 238
90 117 117
33 183 66
102 168 204
85 208 160
95 140 140
11 181 71
184 236 234
51 182 51
225 250 225
49 81 59
17 150 150
116 201 45
58 71 71
45 161 45
103 126 147
99 178 178
26 195 177
237 253 253
91 239 161
42 163 22
183 187 187
139 211 101
37 197 56
110 235 235
167 236 30
78 177 177
73 158 227
114 208 66
104 201 201
41 238 238
33 200 66
70 82 238
95 154 95
71 115 71
101 253 253
36 79 145
9 223 223
53 60 101
106 108 230
170 229 45
17 26 250
198 213 198
233 235 235
108 118 142
133 212 160
68 193 169
3 184 234
41 205 221
176 235 235
199 206 51
49 214 177
67 137 137
127 147 147
59 207 59
163 244 71
158 167 30
118 244 71
109 215 230
16 152 93
41 126 147
56 220 56
46 91 60
19 232 19
103 256 60
168 205 204
196 251 56
46 236 203
220 242 46
169 177 177
178 233 178
34 203 94
5 186 140
190 227 234
101 152 101
147 222 147
159 248 30
21 211 211
110 246 169
79 129 145
160 168 160
23 185 245
188 250 250
14 202 95
132 253 253
82 111 238
3 229 45
36 91 60
80 91 60
175 237 227
62 143 140
66 139 66
19 117 117
26 57 180
29 245 187
218 235 235
130 245 51
26 196 113
177 239 177
220 241 241
177 195 177
103 202 95
3 151 113
176 252 198
179 187 187
4 238 1
154 245 94
70 225 225
43 200 66
48 122 253
113 249 225
148 194 198
113 139 101
45 140 45
207 240 153
61 177 177
7 130 161
21 219 59
157 244 71
27 80 1
206 239 161
214 253 253
5 230 230
5 147 147
62 159 113
80 153 153
64 141 162
97 189 147
72 96 201
91 256 60
54 63 225
17 120 56
59 157 59
45 212 45
13 193 193
140 189 140
124 168 221
45 101 45
59 79 59
125 186 140
41 234 234
94 123 198
42 166 223
61 189 147
133 223 160
45 177 177
185 199 245
57 90 180
9 39 223
230 239 230
117 235 235
53 255 178
49 78 169
202 231 95
22 137 137
81 224 59
14 100 37
218 243 117
38 50 235
35 166 22
225 236 225
26 73 210
139 198 198
29 131 187
146 167 30
119 127 46
121 130 51
18 37 51
4 111 1
53 242 101
83 101 101
127 220 46
9 158 227
220 230 230
45 167 45
112 132 117
186 235 235
3 78 169
17 153 153
2 54 253
59 197 59
8 48 253
6 130 51
17 88 150
24 230 230
127 140 140
125 190 234
178 190 178
90 176 198
63 156 137
26 153 153
115 160 160
72 175 227
9 213 223
56 87 45
24 138 24
169 222 169
34 158 94
35 92 19
113 117 117
101 197 101
26 150 150
49 112 117
74 172 193
79 246 145
39 58 159
182 220 153
109 184 230
31 64 238
19 23 19
81 195 177
169 192 169
235 253 235
47 73 125
60 74 60
107 136 140
158 181 71
80 104 10
8 255 253
4 93 1
48 202 253
90 119 193
13 211 211
17 64 250
9 160 160
95 120 95
129 247 145
13 116 45
90 126 147
78 211 169
12 33 66
174 207 178
118 187 187
9 10 10
48 255 253
246 252 19
131 187 187
62 102 113
19 115 19
192 232 131
51 101 51
221 234 234
45 106 45
42 192 131
187 252 187
147 253 253
36 211 211
88 124 150
48 244 253
155 208 138
53 186 140
2 137 253
138 163 138
130 233 51
94 250 94
107 130 140
97 102 241
53 166 101
179 221 137
226 253 253
52 140 140
95 101 95
115 162 162
51 164 235
92 132 160
51 202 95
85 161 161
131 215 241
192 241 241
80 220 10
84 253 253
21 199 245
147 190 147
193 195 177
16 233 37
124 218 117
195 235 235
63 244 71
120 193 56
211 236 211
177 225 177
177 198 177
3 207 153
92 94 94
47 217 125
71 152 71
42 213 223
94 96 94
5 32 23
140 219 140
69 77 201
40 180 93
232 233 131
102 177 177
120 197 56
41 79 145
140 228 140
57 224 59
93 188 93
143 213 140
24 129 145
106 157 230
140 169 140
107 217 140
146 218 117
31 136 238
26 69 201
124 166 221
9 61 211
109 177 177
115 117 117
35 102 204
145 177 177
117 160 117
108 180 180
66 218 117
81 256 59
9 134 117
79 145 145
114 175 66
247 253 253
83 128 125
73 166 233
17 155 138
78 110 169
123 177 177
89 108 142
178 201 178
21 161 161
12 130 51
83 98 137
65 91 60
181 249 71
124 172 193
39 49 204
105 228 95
97 210 241
116 147 45
14 112 117
13 168 193
147 149 147
146 170 30
93 141 93
45 110 45
17 141 162
96 213 201
63 144 210
88 240 203
70 222 187
14 37 37
99 113 113
178 209 178
13 90 193
59 81 59
108 160 160
77 115 221
66 177 177
95 130 95
43 218 117
3 182 153
5 196 113
124 230 230
71 73 71
139 215 101
137 163 137
47 128 125
22 256 60
141 165 153
147 167 147
52 79 230
22 222 187
22 40 93
75 212 162
19 95 95
84 134 177
76 101 101
115 243 211
102 184 234
82 159 238
15 39 22
37 225 225
11 24 24
127 144 46
141 150 162
33 170 66
52 230 230
108 131 142
75 125 162
25 75 162
150 223 150
6 12 187
125 127 46
196 209 113
95 230 230
66 189 147
154 175 94
140 255 140
135 176 198
57 70 180
166 236 203
4 66 1
30 41 30
45 169 45
45 224 45
47 251 56
97 211 211
117 203 117
29 197 187
39 95 95
58 203 203
72 149 147
22 177 177
71 90 71
102 245 245
98 174 178
157 188 71
52 109 230
71 227 71
68 197 169
97 240 203
26 116 45
167 253 253
34 244 71
12 83 187
60 242 60
114 128 66
100 197 56
113 118 113
109 132 230
27 254 1
156 248 30
184 188 234
111 242 238
168 234 234
8 249 253
19 193 193
86 205 150
246 248 30
17 74 250
145 199 145
50 256 235
51 212 51
101 225 101
161 198 198
126 177 177
65 132 160
87 126 45
173 213 233
14 174 178
187 200 66
66 227 66
128 205 125
5 235 235
64 213 250
116 216 45
7 141 161
202 206 95
1 7 1
43 230 230
66 86 66
112 202 117
5 83 125
123 141 198
41 174 178
113 201 201
185 251 56
77 140 140
26 63 210
11 234 234
122 194 178
32 42 23
12 172 187
162 172 162
21 225 225
86 188 150
170 240 203
37 233 37
16 110 169
92 159 19
64 105 19
1 48 1
173 205 23
13 32 193
58 104 159
170 183 225
76 193 201
73 125 125
37 63 37
199 236 245
24 32 24
202 207 95
15 35 22
80 196 113
152 188 93
61 84 177
95 133 95
156 165 153
108 203 203
130 160 51
115 208 221
179 190 234
32 177 177
105 233 19
99 175 227
30 140 140
45 211 45
50 185 235
175 207 153
29 56 187
66 240 66
62 166 113
98 156 137
38 239 161
94 122 178
184 191 234
88 182 153
160 183 160
35 104 22
203 211 211
158 177 177
46 195 177
193 252 193
74 122 178
65 80 24
50 165 235
70 227 227
79 241 145
102 189 147
182 195 177
101 177 177
163 186 140
170 178 178
79 83 145
130 235 235
113 210 113
112 131 117
91 220 60
142 214 177
129 165 153
24 238 238
100 253 253
184 234 234
1 58 1
50 130 235
89 178 178
97 198 198
141 223 162
41 178 178
23 202 95
64 187 187
238 241 238
17 102 250
94 191 94
39 158 227
44 74 101
67 170 241
129 161 161
113 235 235
8 192 253
226 248 30
36 225 225
6 98 137
4 241 1
161 217 161
122 235 235
126 244 147
1 38 1
62 187 187
176 206 198
13 187 187
153 193 153
25 36 60
68 117 117
43 243 211
147 156 147
87 177 177
115 232 221
2 235 235
109 166 230
135 173 119
17 35 250
81 251 59
115 164 235
109 123 198
98 179 137
197 238 56
126 181 147
222 234 234
156 246 137
75 115 162
88 218 117
3 248 30
105 162 162
71 219 59
12 235 235
23 180 180
179 185 245
81 234 234
147 231 147
88 117 117
38 198 198
71 147 147
126 245 147
80 241 10
77 242 46
46 156 137
2 13 253
63 235 235
8 24 253
47 77 46
10 172 10
42 50 235
112 134 117
12 159 187
159 163 22
116 245 45
1 27 1
20 60 60
26 101 101
91 109 230
32 204 204
77 141 162
103 250 180
18 189 147
158 235 235
188 197 56
128 198 198
70 178 178
51 240 51
22 25 210
56 88 56
39 166 233
25 199 245
147 202 147
190 245 234
37 172 37
45 228 45
30 235 235
45 193 45
109 169 230
16 203 37
76 215 201
86 132 160
61 67 211
129 241 145
96 215 201
159 223 159
179 210 137
173 177 177
11 14 37
219 233 59
118 255 178
80 206 51
57 156 137
142 153 153
47 177 177
28 55 235
80 204 10
44 141 101
30 161 161
10 124 10
101 102 101
147 248 147
156 186 140
148 192 198
102 165 153
124 203 203
61 169 169
76 108 201
103 166 180
51 238 51
86 236 203
94 152 94
30 51 30
6 247 227
14 159 37
47 156 137
70 228 95
88 132 160
94 153 94
22 56 56
66 188 66
104 166 159
113 204 113
186 246 140
140 239 140
99 190 234
85 193 160
46 66 66
124 246 221
116 124 45
187 216 94
118 227 227
85 220 160
136 155 138
64 160 160
90 162 162
22 143 140
96 129 145
121 210 10
19 166 19
114 149 147
6 81 59
133 177 177
194 250 93
22 76 201
2 239 253
82 196 238
132 235 235
165 204 153
125 138 138
49 180 180
140 191 140
56 178 178
22 175 227
58 156 137
100 121 10
57 213 180
1 167 1
38 112 117
209 240 203
7 54 161
178 195 177
12 244 71
49 167 30
90 139 101
44 205 101
82 130 51
147 183 147
1 181 1
80 217 10
136 224 59
30 204 30
10 100 10
85 95 95
114 205 66
129 207 153
83 99 125
53 194 101
17 158 227
81 223 59
98 220 137
170 231 95
62 96 201
86 232 150
119 150 150
83 144 125
55 177 177
21 91 60
103 137 137
76 145 145
36 44 101
21 195 177
49 108 142
150 255 178
10 230 230
143 253 253
80 90 10
163 251 56
10 62 113
114 139 66
143 156 140
28 128 235
9 230 230
59 228 59
116 253 253
151 155 113
75 173 162
160 182 160
17 121 10
199 238 238
14 210 37
25 173 210
163 192 131
77 166 46
119 255 178
14 230 230
147 235 235
77 187 187
1 35 1
76 116 45
197 236 56
42 208 223
147 216 147
10 24 24
114 232 66
60 122 178
39 189 147
93 216 94
134 178 178
42 102 204
177 244 177
34 39 94
35 153 153
161 184 161
113 226 37
94 160 94
140 253 253
94 256 94
186 238 140
92 250 19
3 140 140
31 53 101
16 161 161
143 209 140
217 233 72
33 39 66
56 252 56
111 212 238
41 80 10
28 151 235
114 224 66
205 253 253
117 137 117
170 242 241
238 240 238
56 230 230
99 176 198
169 240 169
114 154 66
46 228 95
165 238 153
113 140 140
41 242 221
43 153 153
36 64 60
96 146 30
1 89 1
118 220 142
167 194 30
50 174 235
232 246 131
182 253 253
43 46 211
60 120 56
39 183 225
141 226 162
59 185 59
1 214 1
128 132 160
35 238 238
177 253 253
30 76 30
138 167 30
188 236 203
10 177 177
178 183 178
22 97 241
52 167 230
17 125 250
140 143 140
30 132 30
66 81 66
35 140 140
69 162 162
227 232 227
151 201 201
70 150 180
113 134 117
225 245 225
159 165 153
35 240 203
20 25 138
92 123 198
144 233 72
111 153 153
8 64 253
58 204 204
217 230 230
19 140 140
97 118 241
95 147 147
16 237 37
30 234 234
17 33 66
145 165 153
123 203 198
102 243 211
249 250 225
152 241 93
26 236 203
84 170 177
153 221 153
49 196 113
98 203 137
15 63 210
166 205 23
56 196 56
50 216 235
54 237 225
81 136 59
97 170 241
67 99 150
1 174 1
101 169 169
74 173 250
40 101 101
96 143 140
12 113 187
128 242 125
17 90 193
75 215 162
126 140 140
16 128 37
43 92 211
70 113 113
41 207 153
141 147 147
11 142 142
154 216 94
22 78 169
43 169 169
200 205 66
189 209 147
21 65 24
13 167 30
157 227 71
53 101 101
3 162 162
99 230 230
137 180 137
79 140 140
37 140 140
51 90 51
157 252 71
104 219 59
148 213 198
49 131 204
221 253 253
179 209 137
104 173 159
130 208 51
16 138 37
1 74 1
63 188 210
123 244 198
55 116 45
23 174 178
36 215 60
8 159 253
220 236 203
86 118 150
71 206 71
68 146 169
59 160 59
158 165 153
51 134 117
110 133 169
185 234 234
224 235 235
40 131 93
29 252 187
72 246 72
89 146 30
144 188 72
47 61 211
3 163 24
186 254 1
145 240 145
46 60 60
92 113 113
77 127 46
93 230 230
169 188 169
1 28 1
139 161 161
51 70 51
140 201 140
45 134 45
24 215 24
99 125 125
158 252 227
133 200 66
172 253 253
88 255 178
185 188 245
219 249 59
46 113 113
10 213 10
83 100 10
114 124 66
11 128 125
66 235 235
1 202 1
230 244 230
40 176 198
130 218 117
59 78 169
1 61 1
143 186 140
74 229 45
87 230 45
102 227 227
2 167 253
9 173 223
22 49 204
51 96 51
156 177 177
6 17 203
51 113 51
115 219 59
139 148 198
176 236 198
160 161 161
3 239 161
169 207 169
1 159 1
108 145 145
230 256 230
130 240 51
29 120 187
4 245 1
79 191 145
47 163 125
67 95 95
32 47 125
158 208 227
178 244 178
35 94 94
53 252 101
100 189 147
60 224 59
107 245 140
192 223 131
102 160 160
5 100 10
14 32 37
173 191 145
46 143 140
101 246 101
83 135 125
50 142 235
39 42 223
225 242 225
137 182 153
25 118 142
220 244 71
53 89 101
130 190 234
159 173 159
159 192 131
38 86 161
26 128 210
70 110 169
1 204 1
120 251 56
140 190 140
178 194 178
129 130 51
143 235 235
179 240 137
42 152 93
47 102 204
178 235 235
161 230 230
15 82 238
11 200 66
92 238 238
30 81 59
70 135 180
4 231 1
20 75 162
84 185 177
169 256 169
140 248 140
20 245 245
123 140 140
221 228 95
69 103 201
1 177 1
91 233 60
45 156 45
58 117 117
162 253 253
19 208 19
228 232 95
37 102 37
101 147 147
180 218 117
125 159 125
168 179 137
123 148 198
43 182 153
95 254 1
1 42 1
178 212 178
72 245 245
25 219 59
63 73 210
26 247 227
59 203 59
130 188 51
36 56 56
34 216 94
3 11 24
52 255 230
158 216 94
122 246 178
16 243 211
20 80 138
24 72 24
50 159 235
214 235 235
100 215 10
16 211 211
40 97 93
39 144 72
94 234 234
149 169 147
54 255 178
1 193 1
192 206 51
39 232 131
168 178 178
125 204 204
141 228 95
30 147 147
46 109 230
16 77 37
55 59 234
47 105 19
88 114 66
5 140 140
113 170 113
68 104 169
39 93 93
127 211 211
180 213 180
11 219 59
144 182 153
166 211 211
113 151 113
12 16 187
7 56 161
193 220 193
207 215 153
73 127 46
157 202 95
5 47 125
156 233 137
9 168 204
195 253 253
83 126 147
138 193 138
137 198 198
41 125 221
122 130 178
25 103 180
71 216 71
206 231 95
157 245 71
55 218 117
13 235 235
79 80 145
1 198 1
102 129 145
128 160 160
16 71 71
33 235 235
79 93 93
88 245 245
136 240 138
41 95 95
169 182 169
219 220 59
9 15 22
5 208 159
65 179 24
143 249 140
9 44 101
204 221 221
107 143 140
21 155 24
113 242 113
8 41 253
57 230 230
132 155 160
162 199 162
88 210 150
196 253 253
50 98 235
54 113 225
18 30 30
204 223 204
68 122 178
134 247 117
70 128 180
3 33 66
36 169 169
79 168 145
70 239 161
72 203 203
203 242 203
129 251 56
28 112 235
136 187 187
51 74 51
1 233 1
93 137 93
12 227 187
198 235 235
1 136 1
132 243 160
17 221 250
44 158 101
220 231 95
76 187 187
218 233 117
32 209 119
34 111 94
177 234 177
200 252 66
53 251 101
38 117 117
152 245 93
168 230 230
114 206 66
5 166 159
178 224 178
23 47 125
2 29 253
160 198 198
64 182 153
173 216 94
156 245 245
26 220 210
113 142 113
45 235 235
74 81 59
10 34 94
13 96 201
17 76 201
80 227 227
28 216 235
56 181 71
25 160 160
166 235 235
105 117 117
70 224 59
40 188 93
1 229 1
87 253 253
86 158 227
88 253 253
55 200 234
224 237 59
51 183 51
52 150 230
74 86 150
131 189 147
73 206 51
128 253 253
91 243 211
63 67 150
55 155 234
101 172 101
108 127 142
40 79 93
117 184 117
107 253 253
39 148 198
190 237 234
45 116 45
41 50 235
66 244 66
118 145 145
117 182 117
56 240 56
85 181 71
76 117 117
52 98 230
10 224 59
59 209 59
81 178 178
93 238 93
91 193 60
6 60 60
83 170 241
140 142 140
107 212 140
49 190 234
52 226 230
161 219 161
159 232 131
65 237 245
108 191 145
177 191 177
98 239 161
177 255 177
35 249 225
161 215 161
153 163 153
51 137 51
196 246 113
84 235 235
155 178 178
56 237 56
43 62 211
13 113 113
85 120 160
16 150 37
37 75 162
15 192 131
199 207 153
173 255 178
96 206 51
187 192 187
125 248 30
65 160 160
16 66 66
70 209 180
13 243 211
94 140 140
116 164 235
140 160 140
37 173 37
165 231 95
12 20 187
1 252 1
56 197 56
17 96 201
70 240 180
204 227 227
138 226 37
18 256 51
161 225 161
188 205 23
166 208 223
12 75 187
133 195 177
96 100 201
60 144 60
97 161 161
117 135 117
130 244 71
142 225 225
153 223 153
86 194 93
78 189 147
91 95 95
191 211 211
172 207 153
15 89 142
45 170 45
112 144 117
94 198 198
205 218 117
115 188 221
93 177 177
6 230 230
110 117 117
32 185 245
3 142 24
67 245 245
42 136 138
13 112 117
90 179 137
104 162 162
2 80 253
75 138 162
31 240 238
193 240 193
62 103 113
104 135 119
98 194 93
52 132 230
13 242 193
65 192 24
51 117 117
219 238 59
57 161 161
178 184 178
208 253 253
146 157 71
211 250 211
131 232 131
182 251 153
177 178 177
34 67 94
71 212 71
53 99 101
43 164 235
128 135 125
82 221 238
125 201 201
115 238 238
111 223 238
25 146 30
17 196 113
42 184 234
96 212 162
51 232 51
134 142 117
27 146 1
163 193 193
130 168 51
126 254 1
141 148 198
7 134 117
33 98 66
9 169 169
185 191 145
65 159 24
17 222 187
205 237 245
72 161 161
27 166 1
66 206 66
50 181 235
94 104 94
30 87 45
9 77 46
147 179 147
109 230 230
57 104 180
101 138 101
21 113 113
124 153 153
159 250 250
8 240 253
2 189 253
27 181 1
98 154 94
136 203 138
73 104 159
66 117 117
182 185 153
77 241 241
119 240 203
21 128 24
53 92 101
33 140 140
73 99 119
16 249 225
67 160 160
102 144 204
68 236 169
15 108 142
31 231 95
130 183 51
152 165 153
208 255 178
9 163 22
38 245 161
31 217 238
117 215 117
103 140 140
116 128 45
62 240 113
207 245 153
5 19 19
177 235 235
60 199 60
100 194 93
231 241 95
24 222 187
66 216 66
35 221 221
66 119 66
39 229 45
137 150 137
155 167 30
213 241 241
34 96 94
77 159 46
141 185 162
158 166 227
137 187 187
43 59 59
11 193 193
140 223 140
89 131 142
34 113 94
33 94 66
50 118 235
57 123 198
112 216 117
58 82 238
106 128 230
65 223 24
10 84 177
45 172 45
9 103 180
4 80 1
53 94 94
164 205 235
35 41 221
56 241 56
60 149 147
39 216 94
234 239 161
17 21 24
37 222 187
108 110 169
170 235 235
225 230 230
46 108 142
68 123 198
130 162 51
180 194 93
136 211 211
4 192 1
71 167 71
103 144 180
20 226 37
23 225 225
113 141 162
123 149 198
55 230 230
23 85 160
121 192 10
11 83 125
204 235 235
27 213 1
47 52 230
47 227 227
59 205 59
14 192 37
182 241 153
172 173 193
37 74 37
15 129 145
56 121 56
51 56 51
71 173 71
115 240 203
22 207 153
42 48 253
60 193 60
105 115 19
1 116 1
11 94 94
45 230 45
155 160 160
135 163 119
64 167 30
16 200 66
7 147 147
91 237 60
37 213 37
10 195 177
62 68 169
45 201 45
56 217 56
26 233 210
62 91 60
99 223 119
90 142 193
34 193 94
82 161 161
42 103 180
45 126 45
47 167 30
35 205 22
110 156 169
50 212 235
116 180 45
104 255 178
229 255 45
100 230 230
78 161 161
147 255 147
174 221 178
115 127 221
227 239 161
201 235 235
41 246 221
81 192 59
35 200 66
71 165 71
156 240 137
27 199 1
155 225 225
42 243 211
60 124 60
142 223 142
229 254 1
177 222 177
103 161 161
20 43 211
33 252 66
177 236 177
81 140 140
101 252 101
202 241 95
21 223 24
76 92 201
37 184 234
209 228 95
88 109 230
25 65 24
58 78 169
100 176 198
59 125 59
240 245 245
16 100 37
30 122 178
27 106 1
73 192 131
153 159 153
81 177 177
169 228 169
150 211 211
82 246 238
116 179 45
138 209 138
227 228 95
152 204 93
153 160 160
184 197 234
192 225 225
150 171 150
112 219 117
59 215 59
131 151 113
61 182 153
106 184 230
46 121 10
129 230 230
107 152 140
105 208 19
57 199 245
30 119 30
47 63 210
4 256 1
93 227 93
32 188 23
178 255 178
61 85 160
19 86 19
99 192 119
200 241 66
153 210 153
197 218 117
70 186 140
92 103 180
133 209 160
159 238 238
7 21 161
137 203 137
134 187 117
22 90 193
49 162 162
47 233 125
75 112 117
23 64 250
50 156 235
6 152 93
66 178 178
188 239 161
127 249 225
160 225 160
189 226 147
153 248 30
94 169 169
90 140 140
30 206 30
48 228 253
49 216 94
30 183 30
155 247 227
14 145 145
194 218 117
91 182 153
146 229 45
39 73 233
60 211 211
210 234 234
45 183 45
154 167 30
81 189 147
215 224 59
7 78 161
63 243 211
30 56 30
52 175 230
92 111 238
196 226 37
217 218 117
178 204 178
59 231 59
88 221 150
99 136 138
10 251 56
117 200 117
99 217 119
147 239 147
33 82 66
47 188 125
190 233 234
168 241 241
12 181 71
36 47 60
169 206 169
159 219 59
44 140 140
237 240 245
121 124 10
103 188 180
11 169 169
45 198 45
47 104 125
229 252 45
120 248 30
167 225 30
59 235 235
57 111 238
232 242 72
52 246 230
19 160 160
51 140 140
127 215 241
66 255 178
1 226 1
71 82 71
32 211 211
139 216 94
140 147 140
86 190 234
93 99 93
61 161 161
177 214 177
19 156 137
64 70 180
90 101 101
161 227 161
67 130 51
150 246 150
98 229 45
80 128 10
178 196 178
94 117 117
49 58 204
66 225 66
45 59 45
56 133 160
24 240 24
31 192 238
22 115 221
139 253 253
60 97 60
6 193 193
4 13 1
3 107 140
94 106 230
180 188 180
156 184 234
193 238 238
173 179 137
102 223 204
74 198 198
25 222 187
24 112 117
24 98 24
76 255 178
31 161 161
140 234 140
26 30 30
68 174 178
101 236 101
217 232 72
135 150 150
87 159 45
114 150 66
88 209 150
1 93 1
70 235 235
19 151 113
64 99 250
60 171 60
101 109 230
45 95 45
156 195 177
39 252 19
66 76 66
77 198 198
99 160 160
61 153 153
101 104 101
70 230 230
1 55 1
172 177 177
221 229 45
102 200 66
216 245 94
165 212 153
81 238 59
38 121 161
167 191 30
56 239 161
45 210 45
119 225 225
91 232 60
45 223 45
40 225 225
66 192 66
111 191 145
69 122 178
189 253 253
60 140 140
72 182 153
1 161 1
71 190 234
20 140 140
187 197 187
67 131 150
12 209 187
25 98 137
1 230 1
25 55 234
21 145 145
16 151 37
2 88 253
135 234 234
51 250 51
46 252 19
99 188 119
41 152 93
111 210 238
158 162 162
4 9 1
205 217 72
16 30 30
164 229 235
54 69 225
47 209 125
58 142 142
51 216 51
165 211 153
4 165 1
59 111 59
9 185 245
101 121 101
35 99 119
47 187 187
56 225 225
116 209 45
69 189 147
156 163 137
1 63 1
10 145 145
47 93 93
110 185 169
43 115 211
68 91 169
155 163 138
104 196 113
73 126 147
76 188 201
156 185 245
68 167 169
23 179 137
199 224 59
127 186 140
1 57 1
19 29 187
5 16 37
84 193 177
161 208 161
198 226 198
17 32 250
102 147 147
8 71 253
51 172 51
91 179 60
4 60 1
83 223 125
146 215 30
165 178 178
127 209 46
179 239 161
5 11 23
32 222 187
160 218 117
89 203 203
71 197 71
57 251 56
22 82 238
31 219 59
14 77 37
29 240 187
238 253 253
37 204 37
17 159 250
103 131 180
57 232 180
8 213 253
147 198 198
138 175 227
101 124 101
83 228 95
29 173 187
101 128 101
45 114 45
108 162 162
145 191 145
163 173 22
10 205 10
72 127 46
4 27 1
70 86 180
49 169 169
30 82 30
181 232 71
118 140 140
50 201 235
72 77 46
43 56 56
36 183 225
8 169 253
123 207 198
121 185 245
22 230 230
189 199 147
29 194 187
140 199 140
36 146 30
63 218 117
127 222 187
63 81 59
173 226 37
131 138 138
94 131 94
16 217 37
59 159 59
34 192 94
21 209 24
85 111 160
168 208 204
29 164 235
136 166 138
29 247 187
64 177 177
110 253 253
15 193 193
4 138 1
20 101 101
60 99 60
125 177 177
45 157 45
173 208 223
70 208 180
120 203 56
2 253 253
27 147 1
146 198 198
152 153 153
173 180 180
151 187 187
187 235 235
87 240 45
105 219 59
5 188 159
44 192 101
87 203 45
72 104 72
110 111 169
30 129 30
152 256 93
13 221 193
220 225 225
72 201 201
235 249 235
110 254 1
58 97 241
39 242 72
63 242 210
63 220 210
136 178 178
45 174 45
93 254 1
86 239 161
43 51 51
129 160 160
63 68 169
61 196 211
108 226 37
166 227 227
90 150 193
120 160 160
26 80 10
143 205 140
207 230 230
111 207 153
3 181 71
87 125 45
144 213 72
152 235 235
117 227 117
113 165 153
36 216 94
63 92 19
45 180 45
45 52 45
35 169 169
63 115 221
78 106 230
55 140 140
2 141 253
175 178 178
12 185 187
70 221 180
49 63 210
5 132 160
64 90 193
90 244 71
9 195 177
74 138 138
151 154 94
157 169 169
12 156 187
201 244 71
148 245 198
4 136 1
40 148 198
79 147 147
43 143 140
168 223 204
29 229 45
29 209 187
11 184 234
23 46 46
39 194 93
115 135 221
194 253 253
58 232 131
14 200 66
197 222 187
1 242 1
137 156 137
152 178 178
146 184 234
91 143 140
12 49 187
63 133 160
147 207 147
23 242 72
186 253 253
6 141 162
24 102 24
100 185 245
73 214 177
157 198 198
19 180 180
14 241 37
77 186 140
162 212 162
20 207 153
77 192 46
140 158 140
122 129 178
156 191 145
7 30 161
64 117 117
31 241 238
27 255 1
81 151 59
116 126 45
129 215 145
83 97 241
60 106 230
35 40 93
221 235 235
133 208 160
41 183 225
90 116 45
110 184 169
236 250 203
117 249 117
13 62 113
111 145 145
67 69 201
31 75 238
58 163 22
10 79 145
144 159 72
30 150 30
30 40 30
9 104 159
25 130 51
39 209 119
181 205 71
33 134 117
142 250 250
45 141 45
33 245 66
27 82 1
110 147 147
227 251 56
64 247 227
99 159 119
49 141 162
154 164 235
45 197 45
152 208 93
1 168 1
77 180 180
114 162 66
125 221 221
36 160 160
116 146 45
20 103 138
29 160 160
45 123 45
75 208 162
4 119 1
172 221 193
28 148 235
54 252 225
50 85 235
66 79 66
159 242 72
123 210 198
64 208 250
89 219 59
169 198 198
54 58 225
176 213 198
24 77 24
102 229 45
7 243 161
92 208 19
241 248 30
19 149 147
37 215 37
74 238 238
76 138 201
95 197 95
16 159 37
186 241 140
48 253 253
125 254 1
36 89 60
36 76 201
18 63 51
140 177 177
112 198 198
103 162 162
123 199 198
34 95 95
115 221 221
85 106 230
15 187 187
30 249 30
169 219 169
24 205 24
45 85 45
14 95 95
201 238 238
184 228 234
120 152 56
10 236 10
127 252 19
7 137 161
42 167 30
144 203 203
7 85 161
59 130 59
47 122 178
125 164 235
108 218 117
103 200 66
164 192 235
34 251 94
103 217 180
10 127 10
35 232 131
2 250 253
78 105 169
75 149 147
57 78 169
46 151 113
3 37 37
64 89 250
5 24 24
69 175 227
63 74 250
122 233 178
245 251 56
168 190 234
24 244 71
209 233 119
1 212 1
153 161 161
38 102 161
113 233 113
81 233 59
41 158 227
1 5 1
234 256 234
74 101 101
57 120 56
35 115 221
99 129 145
10 85 160
28 71 235
13 119 193
211 239 161
76 191 145
5 210 210
60 62 60
100 130 51
28 158 235
167 185 30
43 215 211
208 224 59
57 74 180
79 117 117
141 235 235
14 111 238
49 178 178
55 199 234
9 123 198
65 150 24
2 133 253
100 233 10
13 198 198
19 209 19
23 211 211
147 218 147
40 177 177
30 245 30
121 175 227
16 96 37
15 30 30
86 220 150
82 94 94
154 178 178
103 236 180
58 234 234
128 144 125
142 208 142
50 196 235
156 187 187
45 136 45
17 197 56
37 168 37
88 119 150
29 248 30
46 152 93
31 120 56
160 191 160
37 221 37
147 162 147
139 247 101
41 196 113
122 198 198
37 76 37
204 243 211
170 200 66
51 206 51
53 183 101
91 223 60
173 256 60
52 95 230
15 215 241
77 120 56
79 256 145
190 224 234
160 235 235
30 145 30
60 92 60
49 255 178
187 191 187
211 249 225
36 173 60
26 58 210
13 234 234
58 75 162
175 188 227
18 169 169
41 127 221
149 210 147
169 190 169
5 112 117
74 214 177
1 143 1
40 49 93
9 14 37
49 188 204
180 225 225
102 120 56
47 202 95
94 158 94
116 177 177
50 60 235
95 225 95
65 210 24
1 213 1
219 230 230
135 254 1
21 71 71
45 93 45
93 219 59
93 248 30
34 50 235
118 242 142
109 136 230
155 237 245
31 235 235
96 121 201
12 95 95
80 114 66
71 234 234
9 143 140
64 201 201
49 179 137
54 220 225
216 235 235
132 230 230
3 214 177
46 76 201
33 185 66
82 125 238
32 223 23
112 200 117
59 169 169
103 148 198
161 167 161
58 254 1
100 213 10
61 73 211
172 199 245
8 99 253
98 212 162
100 254 1
130 212 51
62 178 178
129 153 153
2 125 253
72 119 119
26 235 235
61 202 95
35 119 119
46 178 178
174 179 178
169 208 169
100 138 138
97 180 180
97 115 241
112 194 117
40 51 51
10 101 101
3 100 24
25 158 227
75 198 198
48 80 253
118 138 138
19 222 187
35 244 71
56 105 56
31 83 238
131 145 145
30 113 30
19 203 203
32 248 30
51 213 51
71 146 71
113 228 95
22 170 241
128 181 71
95 181 95
76 211 211
119 121 10
10 102 10
163 182 153
134 253 253
49 83 204
15 213 22
58 227 227
72 80 10
75 205 162
28 125 235
42 252 19
149 223 147
31 220 238
1 84 1
212 235 235
33 54 66
119 223 119
11 146 30
102 197 56
13 25 193
33 148 198
55 215 234
104 199 245
29 94 94
73 146 30
1 140 1
10 19 10
115 226 37
135 138 138
219 255 178
21 233 24
123 143 140
163 174 178
59 233 59
206 229 45
20 169 169
9 107 140
128 151 113
45 109 45
14 101 101
178 232 178
58 61 211
56 67 56
30 152 30
18 177 177
27 186 1
97 250 241
95 132 95
29 40 187
169 249 169
149 177 177
154 234 234
138 241 138
16 117 117
68 124 169
56 63 56
10 187 187
37 77 37
26 92 19
225 226 225
198 256 198
13 54 225
118 164 235
141 239 161
133 169 169
96 175 227
99 105 19
56 167 30
57 64 180
4 141 1
51 88 51
100 181 71
104 234 234
172 198 198
20 247 227
57 69 201
93 140 140
39 222 187
67 220 150
51 193 51
124 201 201
3 49 24
72 185 245
45 65 45
57 235 235
168 175 227
104 208 159
89 242 142
16 56 56
226 239 161
136 193 138
133 211 160
80 93 93
193 224 59
31 233 238
47 97 241
10 75 162
55 99 234
216 231 95
26 89 142
46 197 56
29 126 147
174 183 178
10 80 10
135 137 137
221 254 1
38 238 161
128 256 60
62 190 234
123 219 198
95 250 95
1 108 1
161 235 235
15 46 46
63 82 238
49 103 180
77 163 46
63 145 145
125 213 125
36 103 60
60 170 60
92 197 56
169 233 169
114 156 66
34 51 51
82 170 238
198 220 198
89 179 137
99 132 160
16 185 37
124 227 227
145 236 145
215 225 225
65 228 95
73 217 72
15 52 230
192 215 241
229 235 235
139 160 160
161 170 161
6 157 71
79 236 145
127 170 241
198 252 198
242 256 60
49 149 147
104 213 159
77 108 142
240 249 225
4 246 1
94 142 94
63 139 101
35 242 72
213 243 211
8 193 253
57 115 180
167 169 169
1 220 1
211 234 234
156 169 169
97 128 241
233 246 131
1 205 1
161 177 177
77 124 221
201 211 211
25 108 142
1 50 1
21 162 162
18 120 51
143 247 140
197 226 56
21 104 24
6 72 203
152 248 30
25 172 193
53 95 95
1 66 1
27 78 1
7 200 161
118 219 59
87 243 45
1 156 1
33 126 147
78 253 253
88 89 150
7 73 161
59 252 59
6 134 117
116 241 45
113 215 113
35 47 125
125 210 210
35 150 150
75 177 177
76 81 59
69 164 235
128 156 137
77 248 30
21 148 198
89 214 177
45 155 45
62 117 117
10 47 10
194 241 93
73 183 225
23 83 125
54 136 225
42 49 204
198 206 198
95 216 95
56 195 177
29 45 45
37 171 37
123 154 198
92 240 203
47 239 161
66 247 66
87 234 45
73 143 140
18 149 147
112 253 253
74 123 198
42 107 140
144 256 60
153 169 169
1 43 1
182 234 234
173 187 187
129 177 177
61 70 211
147 182 147
117 242 117
39 104 159
147 174 147
13 220 193
101 213 101
6 200 66
37 180 37
135 179 137
158 211 211
21 167 30
22 114 66
12 169 169
9 193 193
49 99 204
180 193 180
99 143 140
123 202 198
223 233 223
1 157 1
7 66 161
177 199 177
128 209 125
147 197 147
159 235 235
49 227 227
79 169 169
58 172 193
64 107 140
48 146 253
75 156 162
61 198 198
30 153 30
225 227 225
108 154 94
18 222 51
30 104 30
140 218 140
88 230 230
178 234 178
75 95 95
23 144 72
59 137 59
121 148 198
84 136 177
1 180 1
42 146 30
147 195 177
45 226 45
51 234 234
30 254 1
43 146 30
129 208 145
20 37 37
194 225 225
77 181 71
215 240 203
111 117 117
78 176 198
211 256 211
53 59 59
71 94 71
10 155 138
131 210 210
7 163 161
154 157 71
15 161 161
67 139 101
45 154 45
10 86 10
224 231 59
106 119 230
207 234 234
40 230 230
62 131 113
18 140 140
109 140 140
104 115 221
89 145 145
212 245 162
51 180 51
8 237 253
25 188 210
102 209 204
3 18 51
129 147 147
187 229 45
26 210 210
22 86 150
5 124 221
55 128 234
39 98 137
208 237 245
8 135 253
57 211 211
26 159 210
99 238 238
62 180 113
192 247 227
41 65 24
45 229 45
192 204 204
47 60 60
63 118 142
47 172 193
204 241 241
112 201 117
112 208 117
72 115 221
42 159 159
102 124 221
67 141 162
69 145 145
6 138 138
66 82 66
169 241 169
32 135 119
58 94 94
160 187 160
94 238 94
127 217 46
86 174 178
73 176 198
163 234 234
31 56 56
76 176 198
108 204 142
38 79 161
4 101 1
61 163 211
194 232 93
49 166 204
115 190 234
88 156 137
93 240 93
45 51 45
53 163 101
3 123 198
221 246 221
205 252 19
102 236 203
127 163 46
198 255 198
64 97 241
91 96 201
140 212 140
24 194 93
81 156 59
98 159 137
86 217 150
206 213 51
99 213 119
76 196 201
1 160 1
124 240 203
13 47 193
165 187 187
230 249 230
5 144 72
118 170 241
37 217 37
58 158 227
110 179 169
106 110 230
95 100 95
20 59 59
32 251 56
15 173 22
111 146 30
15 98 137
35 155 138
33 62 66
92 98 137
59 230 230
3 242 24
76 94 94
15 166 22
22 70 180
16 45 45
140 230 140
46 227 227
3 246 24
117 198 198
188 207 153
85 147 147
13 227 227
219 254 1
204 246 204
63 237 245
126 235 235
57 240 180
70 243 211
98 101 101
119 137 137
227 243 211
165 252 153
86 173 150
1 40 1
144 209 119
113 208 113
111 240 238
30 186 140
155 234 234
222 235 235
48 205 253
41 228 95
196 240 113
24 158 227
75 145 145
3 12 187
37 56 56
92 95 95
79 249 225
117 125 117
47 247 227
174 235 235
15 42 22
124 175 227
9 209 119
187 231 95
4 194 1
32 213 23
94 183 94
153 155 153
146 232 30
98 249 225
157 177 177
36 158 227
166 214 177
108 235 235
195 240 177
11 47 125
42 99 119
119 129 145
58 91 60
100 147 147
54 243 225
124 207 153
168 243 211
141 250 162
42 255 178
147 189 147
24 52 230
61 127 211
52 179 230
45 63 45
24 101 101
33 118 66
88 101 101
3 130 51
15 179 137
144 169 169
63 210 210
178 227 178
83 146 30
86 127 150
23 127 46
150 213 150
181 206 71
168 245 245
197 215 56
230 248 230
21 178 178
52 147 147
119 156 137
74 162 162
86 95 95
238 256 238
191 231 95
4 90 1
50 135 235
46 203 203
43 121 211
170 179 137
147 158 147
43 111 211
85 233 160
1 8 1
131 180 180
207 232 153
109 187 230
74 97 241
117 217 117
102 135 204
14 206 51
117 202 117
95 248 95
194 233 93
101 212 101
31 237 238
150 187 187
11 180 180
25 184 234
142 244 71
130 226 51
16 64 37
58 187 187
84 177 177
94 216 94
71 157 71
207 228 95
153 256 153
11 79 145
24 225 225
58 105 19
55 81 234
46 211 211
4 82 1
35 172 193
57 241 180
23 26 210
78 153 169
105 214 177
26 41 221
8 113 253
71 75 71
136 145 145
18 117 117
64 153 153
32 131 131
59 167 59
124 231 95
190 218 117
10 243 211
124 250 250
120 147 147
76 149 147
98 241 137
71 235 235
106 212 230
119 203 203
6 37 37
90 144 193
4 109 1
49 186 140
38 225 161
144 212 162
217 220 46
38 92 161
42 86 150
113 203 113
86 166 150
148 235 235
16 182 153
27 225 1
207 236 153
2 226 253
47 70 180
201 233 201
31 58 238
25 89 142
9 74 250
110 146 169
102 117 117
93 210 93
56 247 56
172 183 225
21 39 24
23 231 95
65 181 71
47 243 211
104 126 147
76 201 201
92 96 201
62 256 60
32 183 225
38 147 147
51 144 51
78 140 140
103 154 94
148 227 198
160 227 160
89 177 177
111 175 238
154 212 94
79 161 161
182 256 153
37 115 37
158 195 177
13 31 238
4 161 1
71 230 230
66 124 66
71 184 234
48 220 253
126 162 147
153 178 178
12 144 187
115 209 221
43 184 234
140 178 140
59 190 234
162 201 162
36 121 60
53 106 230
56 69 56
151 195 177
21 93 93
144 179 137
192 250 250
45 242 45
44 144 101
25 208 210
43 114 66
50 143 235
33 186 140
3 25 24
50 235 235
117 223 117
91 229 45
50 173 235
91 218 117
193 249 225
102 238 238
9 170 241
101 220 101
22 141 162
86 98 137
165 205 153
93 205 93
71 140 140
84 172 177
8 170 253
27 159 1
55 133 234
49 69 201
63 108 142
114 147 147
10 208 10
11 207 153
187 211 187
57 226 37
148 225 198
95 188 95
44 231 95
10 26 10
1 110 1
92 160 160
20 146 30
88 131 150
185 211 211
127 151 113
43 91 211
140 198 140
42 46 46
231 237 95
68 231 169
1 2 1
135 162 162
65 142 24
6 105 203
165 230 230
56 236 56
31 154 94
42 182 153
193 250 193
136 235 235
58 242 72
67 74 150
55 94 234
31 94 94
105 247 227
116 193 45
145 209 145
39 227 227
63 148 198
51 53 51
183 198 198
101 165 101
6 202 95
144 215 241
101 251 101
104 198 198
42 204 204
70 151 113
29 187 187
156 196 113
25 183 225
5 41 221
141 203 162
97 166 241
120 128 56
204 253 253
47 150 150
45 176 45
20 71 71
46 248 30
73 232 131
7 11 161
173 219 59
3 187 187
161 251 161
8 28 235
27 94 1
40 178 178
17 89 250
1 192 1
38 123 198
39 146 30
73 91 60
32 48 253
80 236 10
108 243 211
23 246 131
127 135 46
61 78 169
179 218 117
91 250 60
1 186 1
12 72 187
121 215 10
34 48 253
41 231 95
163 177 177
26 205 210
3 91 60
133 226 160
74 88 150
35 246 131
19 226 37
66 102 66
176 239 198
1 33 1
52 223 230
10 203 10
16 91 37
57 67 180
168 189 147
12 46 187
67 234 234
35 234 234
48 152 253
73 210 210
203 215 203
99 179 137
94 172 94
10 144 10
113 236 113
19 247 227
58 208 159
98 242 137
3 59 59
118 135 142
61 228 95
21 84 177
44 98 101
17 112 117
15 232 131
70 201 201
95 198 198
46 49 46
60 206 51
85 178 178
129 187 187
169 245 169
122 230 230
161 250 161
71 105 71
43 148 198
70 158 227
69 99 201
59 148 198
65 252 24
78 156 169
97 182 153
38 144 161
18 32 51
54 109 230
59 243 59
115 172 193
9 93 93
77 89 142
22 250 250
52 107 140
67 70 180
195 254 1
44 45 45
120 207 153
95 176 198
34 188 94
122 205 178
26 102 210
17 228 95
23 154 94
131 246 131
161 234 161
58 188 159
71 233 71
3 99 24
34 249 94
234 245 234
4 37 1
71 116 45
107 244 140
186 248 140
160 234 234
83 120 56
53 181 71
43 129 211
178 185 178
7 105 161
167 239 161
39 193 193
89 173 142
30 255 178
45 202 45
18 135 51
50 82 235
163 227 227
51 197 51
144 250 250
14 142 37
46 131 46
91 181 71
89 91 60
33 206 66
156 159 137
14 152 93
67 181 71
25 96 201
98 246 137
59 109 230
25 61 211
10 176 198
158 202 95
106 172 230
67 209 150
175 180 227
138 207 153
38 83 161
21 24 24
80 111 238
73 221 221
74 205 250
113 131 113
59 150 59
13 192 193
196 206 51
65 93 93
63 64 250
207 237 153
26 108 142
45 178 45
64 96 201
106 253 253
83 123 198
11 211 211
51 204 51
70 184 234
11 223 23
89 225 225
50 125 235
172 235 235
1 96 1
55 159 234
22 60 60
117 233 117
84 162 177
96 237 201
145 203 145
40 62 93
26 42 210
150 250 150
193 215 193
73 119 119
14 79 145
21 168 24
99 240 203
33 219 66
39 225 225
58 157 71
29 58 187
64 133 160
23 65 24
117 194 117
75 109 230
20 97 138
5 91 60
163 208 22
28 157 235
73 208 223
62 203 113
94 186 140
71 247 71
141 245 162
62 78 169
91 228 95
111 252 238
109 245 230
115 185 245
13 225 225
135 157 71
108 215 241
29 83 187
32 39 23
64 186 140
103 119 180
175 187 187
178 228 178
67 217 150
105 199 245
63 184 234
23 223 23
3 175 227
53 162 101
43 93 93
34 173 94
90 246 193
11 44 101
30 135 30
15 58 22
106 235 235
90 91 60
22 127 46
41 245 245
185 194 93
133 175 160
133 233 160
181 199 71
148 201 198
111 237 238
16 148 198
211 248 30
199 225 225
108 138 138
167 232 30
43 48 253
189 248 147
7 235 235
42 150 150
61 218 117
20 243 211
70 80 180
12 161 161
41 176 198
67 166 150
32 52 230
1 155 1
127 133 160
98 119 137
49 135 204
30 89 30
71 177 177
150 180 180
15 205 22
95 125 95
56 89 56
145 226 145
39 129 145
148 182 198
3 125 24
76 127 201
112 155 117
90 180 180
34 187 94
1 122 1
135 147 147
101 249 101
59 153 59
24 27 1
15 49 204
101 207 101
40 47 93
19 169 169
23 250 250
65 113 113
44 241 101
162 179 162
83 140 140
76 80 201
43 255 178
84 141 177
98 238 238
128 168 204
7 161 161
77 151 113
62 246 113
45 219 45
6 74 203
58 210 210
83 211 211
57 253 253
134 155 117
145 215 145
194 245 93
46 250 250
177 219 177
139 168 101
141 159 162
170 208 241
11 235 235
220 243 211
105 245 245
12 145 187
65 124 24
125 250 250
213 231 95
208 221 221
20 40 93
15 140 140
9 253 253
15 131 131
138 201 201
141 213 162
178 236 178
21 46 24
70 159 180
65 238 238
57 208 180
73 200 66
86 87 45
139 170 101
225 246 225
109 218 230
186 250 140
36 98 60
18 243 51
20 70 138
122 137 178
57 118 180
47 226 37
26 59 59
108 250 250
106 146 230
116 158 45
176 177 177
87 242 45
140 220 140
36 145 145
37 117 117
12 148 198
230 231 230
101 187 187
166 169 169
5 125 125
75 81 59
155 195 177
182 250 153
51 98 51
106 198 198
48 185 253
30 226 30
22 201 201
30 46 30
88 92 19
146 209 30
44 120 101
10 215 10
244 253 253
143 231 140
105 240 203
8 44 253
31 200 66
61 110 169
19 79 145
12 254 1
102 128 204
92 186 140
128 220 46
127 167 30
148 247 198
124 179 137
38 64 161
47 137 137
209 245 245
94 230 230
23 70 180
175 192 227
1 126 1
118 132 160
81 236 59
5 173 159
53 82 101
1 46 1
69 152 93
59 154 59
28 209 235
113 213 113
33 138 66
124 138 138
16 250 37
58 201 201
75 195 177
37 254 1
121 170 10
56 86 56
149 204 147
69 114 66
17 172 193
173 232 131
77 173 46
1 107 1
44 251 101
83 178 178
83 201 201
117 186 140
90 199 245
11 37 37
51 118 51
207 210 153
161 231 161
30 250 30
42 237 245
1 243 1
52 237 230
76 140 140
93 145 93
86 170 241
45 122 45
30 209 30
38 177 177
64 209 250
76 181 71
48 86 253
95 108 95
59 211 59
142 201 201
22 253 253
74 212 162
182 198 198
39 74 250
51 177 177
31 248 30
66 111 66
20 127 138
147 234 147
150 203 203
93 117 117
30 43 30
50 219 235
92 223 19
204 224 59
137 179 137
127 210 210
130 174 178
71 113 71
129 200 66
85 217 160
146 230 230
211 243 211
124 191 145
61 156 211
89 106 230
13 33 66
37 59 59
157 175 71
133 173 160
5 149 147
110 176 198
110 236 169
144 208 72
50 127 235
120 187 187
220 240 203
81 110 169
214 225 177
124 252 19
13 222 187
33 144 66
99 100 10
34 35 94
30 71 71
101 195 177
147 175 147
118 131 142
108 175 227
127 202 95
125 224 59
83 102 204
97 149 147
91 116 45
18 44 51
1 224 1
84 201 177
22 106 230
32 148 198
102 192 204
46 169 169
165 234 234
81 117 117
176 233 198
62 247 227
61 222 187
77 122 178
66 114 66
41 224 59
95 131 95
156 181 71
13 219 59
100 163 10
42 224 59
18 193 51
228 254 1
71 240 71
29 60 187
12 216 94
9 166 223
138 223 138
145 170 145
63 69 201
88 170 241
185 203 245
63 174 178
114 253 253
118 230 230
95 207 95
198 247 198
72 188 72
90 230 230
53 150 101
5 209 119
18 229 45
127 184 234
44 63 101
40 224 59
24 103 24
73 235 235
85 179 160
172 174 178
121 177 177
33 61 66
37 210 37
41 169 169
13 86 193
82 191 145
114 144 66
80 166 10
63 99 210
84 143 177
253 255 253
10 66 66
58 233 159
103 153 153
216 218 117
15 227 227
23 38 161
45 151 45
167 227 30
32 58 23
73 134 117
39 120 56
9 188 223
110 197 169
56 251 56
162 164 235
52 74 230
13 169 169
75 111 238
35 149 147
141 230 230
56 176 198
152 251 56
90 128 193
62 116 45
58 83 125
130 215 51
115 236 203
118 178 178
177 230 177
120 134 117
109 180 230
181 182 71
104 211 211
159 196 113
63 214 177
187 207 187
191 237 145
35 76 201
38 70 161
136 227 227
119 253 253
5 23 23
50 230 235
16 140 140
140 174 140
119 179 137
34 116 45
112 250 117
40 116 45
151 249 225
29 223 187
22 103 180
47 178 178
150 174 178
31 253 253
98 108 137
115 223 221
188 206 51
157 247 71
1 150 1
34 198 198
117 193 117
125 175 227
123 253 253
77 78 169
62 130 51
105 193 193
3 153 153
76 252 201
91 169 169
169 224 169
135 251 56
62 123 198
176 209 198
44 243 101
10 108 10
149 254 1
42 133 160
135 221 221
30 93 30
71 253 253
190 244 234
5 217 72
148 177 177
105 164 235
23 178 178
164 183 235
100 145 145
161 169 161
101 153 101
51 135 51
28 97 235
32 225 225
106 251 230
30 78 169
50 83 235
142 188 142
95 141 95
56 160 160
137 190 234
74 207 153
192 209 119
71 136 71
182 236 153
96 163 201
119 214 177
64 131 250
97 114 66
192 220 46
20 90 138
32 150 150
70 215 180
19 99 19
8 235 235
243 249 225
96 176 198
146 235 235
197 245 56
243 253 253
163 213 22
18 241 51
117 248 117
101 118 101
156 157 71
29 148 198
5 7 161
210 223 210
138 245 245
161 190 161
26 56 56
70 161 161
3 225 225
61 97 211
19 153 153
59 146 59
49 123 198
189 217 147
59 168 59
76 222 187
15 165 153
73 115 221
14 66 66
8 217 253
211 227 211
112 190 117
114 178 178
45 163 45
108 200 66
98 198 198
62 149 147
73 248 30
143 177 177
39 220 46
130 153 51
133 256 160
74 158 227
81 118 59
1 253 1
90 178 178
31 184 234
127 241 241
3 247 227
101 150 101
237 256 60
24 246 24
73 128 125
160 188 160
77 182 153
12 201 187
162 198 198
23 197 56
87 134 45
100 178 178
5 26 210
87 174 45
62 145 145
152 157 71
62 160 160
73 246 131
103 233 180
155 230 230
99 170 241
109 198 198
121 198 198
86 214 177
68 161 161
113 250 113
93 178 178
112 133 117
38 235 235
50 73 235
226 233 37
66 237 66
10 59 59
8 61 253
1 197 1
21 134 117
177 192 177
76 164 235
112 178 178
41 220 221
50 147 235
182 192 153
180 189 147
26 198 198
20 73 138
22 99 119
1 87 1
117 206 117
154 206 51
194 220 93
11 244 71
24 46 24
1 80 1
68 113 169
65 216 94
117 209 117
47 192 125
2 143 253
8 36 253
102 142 142
133 247 160
8 253 253
115 213 221
73 141 162
205 240 203
82 192 238
89 155 138
104 251 56
52 217 230
11 178 178
14 232 37
6 110 169
166 195 177
136 140 140
189 235 235
120 247 56
40 89 93
131 209 119
238 255 178
218 224 117
50 138 235
198 200 198
56 66 66
14 140 140
98 176 198
32 40 93
95 239 161
91 170 60
8 227 253
70 116 45
13 36 60
95 245 95
34 112 117
85 125 160
198 219 198
83 132 160
84 119 177
178 182 178
67 223 150
87 152 45
201 202 95
114 117 117
14 227 227
161 166 161
201 243 211
121 134 117
77 136 138
35 154 94
51 66 66
36 58 60
182 209 153
140 203 140
41 70 180
1 104 1
9 248 30
77 100 10
5 215 241
103 194 93
44 59 59
15 55 234
95 226 95
46 105 19
161 204 161
92 175 227
71 83 71
25 251 56
115 150 150
30 243 30
94 208 94
56 209 56
152 198 198
69 137 201
105 186 140
7 13 161
69 156 201
92 201 201
84 103 177
42 247 227
36 250 60
23 131 131
161 238 161
47 95 95
102 138 138
86 105 19
88 178 178
45 120 45
36 114 66
152 187 187
35 179 137
40 115 93
95 244 95
216 234 234
120 178 178
19 57 180
85 127 160
53 201 101
122 225 178
20 116 45
119 182 153
45 108 45
34 59 59
16 24 37
38 69 161
13 24 24
37 147 147
60 196 60
6 120 56
113 126 147
117 134 117
23 209 119
45 79 45
108 190 234
105 173 19
209 223 119
162 169 169
107 125 140
163 205 22
77 237 245
56 192 56
98 200 66
80 115 10
50 119 235
25 157 71
9 205 23
188 211 211
14 35 37
4 23 1
6 144 203
47 87 45
71 172 71
2 31 253
83 208 125
20 147 147
135 222 187
240 253 253
227 247 227
10 169 169
122 151 178
185 210 245
4 108 1
115 211 211
103 178 178
28 58 235
149 234 147
17 168 250
6 150 203
175 206 51
88 244 71
165 249 225
24 130 51
54 202 95
66 135 66
51 129 51
25 213 210
16 216 94
142 156 137
30 38 161
3 122 178
102 233 204
34 151 94
93 228 95
7 93 161
11 230 230
12 129 187
12 204 187
94 101 94
37 239 161
25 42 210
47 230 230
50 161 235
62 173 113
101 183 101
8 138 253
248 249 30
48 156 253
209 244 71
61 160 160
20 225 225
22 104 22
75 175 162
138 160 160
86 199 245
16 59 59
106 118 230
7 225 161
36 227 227
111 136 238
203 246 203
65 148 198
30 162 30
92 244 71
95 113 95
184 235 235
49 56 56
11 61 211
40 197 56
42 217 72
41 119 221
41 235 235
127 225 225
95 235 235
30 79 30
81 160 59
65 131 24
203 217 203
71 133 71
122 169 178
30 156 30
93 148 198
46 104 46
128 172 193
102 232 204
229 247 45
203 240 203
40 164 235
51 73 51
55 253 253
85 108 160
101 175 101
92 161 161
210 238 238
217 253 253
59 61 59
153 205 153
209 248 30
157 208 71
43 213 211
41 199 245
48 121 253
43 73 211
55 143 140
13 41 193
30 53 30
84 92 177
186 201 140
21 254 1
5 244 71
5 103 180
28 231 235
123 164 235
128 166 125
170 212 162
168 188 204
26 177 177
40 65 93
1 115 1
98 167 30
232 251 56
57 217 180
13 44 101
73 150 150
7 227 161
103 170 180
22 35 22
112 236 117
190 222 234
98 196 113
47 241 241
84 124 177
49 256 60
8 59 253
121 137 137
222 245 187
56 120 56
41 132 160
212 222 187
8 128 253
237 249 225
164 197 235
94 134 117
32 89 142
160 169 169
72 191 145
5 199 245
86 229 45
157 239 161
44 188 101
66 170 66
20 153 153
83 198 198
23 217 72
161 241 161
30 108 30
151 172 113
64 79 145
26 193 193
73 163 22
31 61 211
76 212 162
193 230 230
110 132 169
21 234 234
56 95 95
35 170 241
23 80 10
22 204 204
36 251 56
66 194 66
32 105 19
183 227 225
24 115 24
109 241 230
58 100 10
52 164 235
15 51 51
67 151 113
27 67 1
108 140 140
190 256 234
186 229 45
173 231 95
68 244 169
21 180 24
38 58 161
111 177 177
153 228 95
72 207 153
104 113 113
204 217 204
117 150 117
99 133 160
83 241 241
92 188 19
56 117 117
113 225 225
191 230 230
185 195 177
63 193 193
33 180 66
153 238 153
30 154 30
173 223 223
122 178 178
15 144 72
60 101 101
163 198 198
12 51 51
95 103 95
92 130 51
41 131 221
31 69 238
12 176 198
21 41 24
57 129 145
112 195 177
77 125 46
142 217 142
134 177 177
98 175 227
105 237 245
131 191 145
30 180 30
36 167 30
87 232 45
120 174 178
101 256 101
14 216 94
35 239 161
127 234 234
80 95 95
50 75 235
111 251 56
79 162 145
108 135 142
140 182 140
228 230 230
201 255 178
155 196 113
25 74 250
6 160 160
2 157 253
25 167 30
159 177 177
111 221 238
97 185 245
146 201 30
90 211 211
115 119 221
107 249 140
75 137 162
73 245 245
66 200 66
1 78 1
36 229 45
88 128 150
52 114 230
140 243 140
66 202 66
166 256 60
117 141 117
162 178 178
88 247 227
178 202 178
163 196 113
41 101 101
77 112 117
148 181 198
136 237 245
14 219 59
108 148 198
12 30 30
14 225 225
22 46 46
80 182 153
129 253 253
178 217 178
10 89 10
4 72 1
160 205 160
71 185 71
109 158 230
135 233 119
44 221 101
50 69 235
44 212 101
12 211 187
55 141 234
94 145 94
9 20 138
184 227 234
74 141 162
61 118 211
135 255 178
15 117 117
44 172 101
55 168 234
58 108 142
137 155 137
14 139 101
23 237 245
66 233 66
71 132 71
206 238 51
40 136 93
16 213 37
41 71 71
71 160 71
153 194 153
27 223 1
1 144 1
45 153 45
152 206 51
31 71 71
109 147 147
119 145 145
107 109 140
96 117 117
187 225 187
117 230 230
2 150 253
71 215 71
66 199 66
116 235 235
165 186 140
92 137 137
69 86 201
71 236 71
13 89 193
44 189 147
23 135 119
78 170 169
87 181 45
62 81 59
114 234 234
89 234 234
146 169 169
145 212 145
97 224 59
2 50 235
61 226 211
81 220 59
89 94 94
52 198 198
18 58 51
6 39 203
107 219 140
147 181 147
91 108 60
41 252 19
44 60 101
22 47 125
145 252 145
57 140 140
4 64 1
104 205 23
145 218 117
177 248 177
163 214 177
35 43 211
45 255 45
246 247 227
61 121 211
135 244 71
198 245 198
76 177 177
17 75 162
89 111 238
152 253 253
10 20 138
107 111 140
211 244 71
132 234 234
66 179 66
73 186 140
100 249 225
1 139 1
7 136 161
1 121 1
158 210 227
86 130 51
131 204 204
180 250 180
73 242 72
17 214 177
186 207 140
199 210 245
76 220 201
72 87 45
130 241 51
7 168 161
87 225 45
150 151 113
42 153 153
169 237 169
47 220 46
193 213 193
7 175 161
4 116 1
53 235 235
28 64 235
166 217 72
31 147 147
25 101 101
193 229 45
22 117 117
74 129 145
121 151 113
23 137 137
13 132 160
5 198 198
220 250 250
37 241 37
136 201 201
5 108 142
47 159 125
96 170 201
76 163 201
96 222 187
31 224 59
73 142 142
62 204 113
42 104 159
134 146 117
49 61 211
1 127 1
87 209 45
127 223 46
88 93 93
41 250 250
37 51 51
9 19 19
23 192 131
190 251 234
9 56 56
230 235 235
17 111 238
182 246 153
106 161 230
165 198 198
169 220 169
177 203 177
88 169 169
16 183 225
163 184 234
31 163 238
16 193 37
245 253 253
5 236 203
47 214 177
59 242 59
32 173 23
31 182 153
54 140 140
190 246 234
118 148 198
191 249 225
162 215 162
21 143 140
63 130 51
129 235 235
105 201 201
81 169 169
30 251 30
142 203 203
22 228 95
69 166 201
226 240 37
196 211 211
112 255 178
177 213 177
37 235 235
96 254 1
25 191 145
80 161 161
208 235 235
173 224 59
113 227 227
66 214 177
115 248 30
168 196 113
79 212 145
27 156 1
155 249 225
49 122 178
84 142 177
19 177 177
58 250 250
98 99 137
10 253 253
77 245 245
142 172 193
30 246 30
15 208 22
52 232 230
54 84 177
57 175 227
54 198 198
161 216 161
66 169 169
112 226 117
194 201 93
85 169 169
79 156 145
81 148 198
21 116 45
161 226 161
3 95 95
35 164 235
9 159 159
75 246 162
1 23 1
49 246 204
21 50 235
94 105 94
108 217 142
43 250 211
49 204 204
69 213 201
181 252 71
105 255 178
127 188 46
107 121 140
4 134 1
35 42 22
86 185 245
18 45 45
31 104 238
18 184 234
35 229 45
104 180 180
7 252 161
97 134 117
113 147 147
95 112 117
48 187 253
26 119 210
108 141 162
134 154 117
142 207 153
177 245 177
59 253 253
42 156 137
6 108 203
5 74 250
9 101 101
132 217 160
67 204 150
206 214 177
23 142 142
43 161 161
168 217 204
156 188 137
38 45 45
40 75 93
31 256 238
112 209 117
7 117 117
88 176 198
110 256 169
140 162 140
188 220 46
124 214 177
150 155 138
6 31 238
103 127 180
24 47 24
42 173 223
13 229 45
125 234 234
1 102 1
101 190 234
96 253 253
51 179 51
82 168 238
169 251 169
221 232 221
59 82 59
56 134 117
27 138 1
165 177 177
124 188 221
18 239 161
145 245 145
49 92 19
97 125 241
11 42 23
37 240 37
65 227 227
184 230 230
255 256 178
105 156 137
23 77 46
94 185 94
13 249 225
32 84 177
34 133 94
115 225 225
95 151 95
153 175 153
142 189 147
109 125 230
234 251 234
10 88 10
186 210 140
9 75 162
19 157 71
68 127 169
146 147 147
39 126 147
33 160 66
124 162 162
140 175 140
165 181 71
160 173 160
115 123 198
2 75 253
15 72 72
150 234 234
53 230 230
217 222 187
135 229 45
142 210 142
194 223 93
100 240 10
3 166 24
86 240 203
178 218 178
31 204 238
73 185 245
58 135 119
151 189 147
59 149 147
235 244 235
62 200 66
160 189 147
30 68 169
41 165 153
85 130 51
134 232 117
33 128 66
222 232 187
158 229 45
63 120 56
152 166 93
189 247 147
7 87 45
162 232 162
177 229 177
13 39 193
118 195 177
3 26 24
125 144 125
121 237 245
200 206 66
77 239 161
23 215 241
165 255 178
205 233 23
252 255 178
40 140 140
24 172 24
6 111 238
56 180 56
47 84 177
18 178 178
48 82 253
93 111 93
11 237 245
57 162 162
61 155 211
36 136 60
73 209 119
45 99 45
82 210 238
198 237 198
162 256 162
232 234 234
177 188 177
52 139 230
143 175 140
105 160 160
1 21 1
45 192 45
49 203 203
36 126 147
135 198 198
19 84 177
208 213 223
24 28 235
18 77 51
116 118 45
33 129 66
23 99 119
111 211 211
11 64 250
177 190 177
123 153 198
67 240 203
25 34 94
70 145 145
198 231 198
175 205 227
66 207 66
33 161 161
57 245 245
7 184 161
45 206 45
109 142 230
177 183 177
70 187 187
157 183 71
85 227 160
13 27 1
89 223 142
52 193 230
66 253 253
74 236 203
29 71 71
43 118 211
10 32 10
124 177 177
90 93 93
45 97 45
50 223 235
9 133 160
10 252 10
102 119 204
94 163 94
135 177 177
40 118 93
160 185 160
129 194 93
125 235 235
1 209 1
231 246 95
190 198 198
71 88 71
16 186 140
38 108 161
37 229 45
77 144 46
81 242 59
197 213 56
110 200 169
68 207 169
96 251 56
60 156 60
80 160 160
60 166 60
51 100 51
91 92 60
43 70 211
189 195 177
10 181 71
28 173 235
37 60 37
234 243 234
53 147 147
177 212 177
61 94 94
150 245 245
74 234 234
96 243 211
161 175 161
54 186 140
135 145 145
10 92 10
72 240 203
38 176 198
56 115 56
121 142 10
143 245 140
117 191 117
100 245 245
13 77 193
6 115 203
68 94 169
10 97 10
132 227 160
42 158 227
33 67 66
69 211 211
115 128 221
88 215 241
2 96 253
138 253 253
25 48 253
12 17 187
139 154 94
9 13 193
86 237 245
20 177 177
111 249 225
133 164 235
141 208 162
109 249 230
9 120 56
70 198 198
29 233 187
159 211 211
198 244 198
52 215 230
83 121 10
128 180 180
42 116 45
41 203 203
108 238 238
71 139 71
3 194 93
47 96 201
39 205 23
30 59 59
135 213 119
117 239 117
1 69 1
77 247 227
7 89 161
95 174 178
140 154 140
107 251 140
71 98 71
66 155 66
70 124 180
207 221 153
141 202 95
70 165 153
128 217 125
75 116 45
151 203 113
70 191 145
90 112 117
17 183 225
30 54 30
114 222 66
204 229 45
212 247 162
48 69 253
77 82 238
28 109 235
174 177 177
64 103 180
54 75 225
25 148 198
174 198 198
29 220 187
131 141 162
30 201 30
65 220 24
204 219 59
46 253 253
139 223 101
92 234 234
79 174 178
176 247 198
166 194 93
73 239 161
66 87 45
106 232 230
8 72 253
4 5 1
6 168 203
201 208 201
89 197 56
14 233 37
16 238 238
100 123 198
68 225 169
71 205 71
128 150 150
37 226 37
16 160 160
137 202 95
146 162 30
142 240 203
85 215 160
26 114 66
13 45 45
35 176 198
88 148 198
99 245 245
36 99 60
81 187 59
102 140 140
29 235 235
28 95 235
120 198 198
194 199 93
135 168 204
130 232 51
224 253 253
9 47 125
194 219 59
8 151 253
85 246 160
118 250 250
157 210 71
53 197 101
22 135 119
2 81 253
104 128 125
11 198 198
102 235 235
65 243 211
64 221 250
17 135 250
133 234 234
68 230 230
230 255 230
96 147 147
102 182 153
19 246 19
202 254 1
113 229 45
105 122 178
179 242 137
65 95 95
11 165 153
118 128 142
23 62 113
111 215 238
7 63 161
105 243 211
51 199 51
103 252 180
87 210 45
180 203 180
75 209 162
11 224 59
142 190 234
176 192 198
71 170 71
141 146 30
16 234 234
127 162 162
40 216 94
128 197 56
64 229 45
75 101 101
89 250 250
93 159 93
197 253 253
72 253 253
76 228 95
93 105 93
232 252 19
93 237 93
19 143 140
130 193 51
156 180 137
38 77 161
236 246 203
19 102 19
152 224 59
102 162 162
75 199 162
208 240 203
152 236 93
67 222 187
134 165 117
96 97 201
22 144 72
203 229 45
141 249 225
75 108 162
185 224 59
108 147 147
173 237 245
46 232 46
30 175 30
41 142 142
78 198 198
37 163 37
58 173 159
59 213 59
95 167 95
69 93 93
97 202 95
8 86 253
121 218 117
12 59 59
18 93 51
23 155 138
93 175 93
39 243 211
141 153 153
49 152 93
106 244 230
111 135 238
55 69 234
118 160 160
142 235 235
11 233 23
10 229 45
4 31 1
110 115 169
77 206 51
145 147 147
50 107 235
91 121 60
25 77 210
94 221 94
1 16 1
213 256 60
45 162 45
32 73 23
199 246 245
2 169 253
147 237 147
168 240 203
139 193 101
11 209 119
34 217 94
13 205 193
45 191 45
61 76 211
54 70 225
151 234 234
4 105 1
55 183 234
59 128 59
168 202 95
49 236 203
45 148 45
126 150 147
162 190 234
196 234 234
63 196 113
69 198 198
93 198 198
143 230 140
41 216 94
32 249 225
203 250 203
95 234 234
144 184 234
66 236 66
107 161 140
61 165 153
18 253 253
51 220 51
71 252 71
132 183 160
131 223 131
76 124 201
61 101 101
109 196 230
84 236 177
131 172 193
140 145 140
70 210 180
206 222 51
67 112 117
86 159 150
198 241 198
215 233 241
163 226 37
32 190 234
19 200 66
116 236 45
94 137 94
35 131 131
59 217 59
85 251 160
31 99 238
126 129 147
111 248 30
18 173 51
13 71 71
57 172 180
53 202 95
20 55 234
132 256 160
96 235 235
141 244 71
62 198 198
13 88 193
45 216 45
153 243 153
20 100 138
59 85 59
66 153 66
91 210 60
227 229 45
1 22 1
11 132 160
164 172 235
65 250 24
30 237 30
56 132 160
166 186 140
133 228 95
30 130 30
174 184 178
115 198 198
66 182 66
72 129 145
114 235 235
228 244 95
129 217 145
117 118 117
151 235 235
1 182 1
96 223 201
93 201 93
134 225 117
155 210 138
144 173 72
89 147 147
46 56 56
86 176 198
87 254 1
111 121 238
75 96 162
46 115 221
67 115 150
43 162 211
162 245 162
24 162 162
160 192 160
16 97 37
54 233 225
141 151 162
16 79 145
175 213 227
19 199 245
94 178 178
192 217 72
63 183 225
34 204 94
23 188 23
90 177 177
75 104 162
25 125 210
67 147 147
1 41 1
52 249 230
54 88 225
33 175 66
103 201 201
18 90 51
116 157 45
217 225 225
7 80 161
192 199 245
246 255 178
39 105 19
34 117 117
19 98 137
151 156 113
9 150 150
182 225 225
34 174 178
44 51 51
119 242 119
20 157 71
197 203 56
12 230 230
44 249 101
66 228 66
69 157 71
30 121 30
105 146 30
68 96 169
80 235 235
1 62 1
72 232 72
186 244 140
47 176 198
83 156 137
229 246 45
26 176 198
42 177 177
20 56 56
137 172 137
57 177 177
12 107 140
66 134 117
15 188 22
77 226 37
95 102 95
55 149 147
244 245 71
110 178 178
82 202 95
5 35 22
134 226 117
29 30 30
74 149 147
158 228 95
144 238 238
24 73 24
26 238 238
3 251 56
5 87 45
50 117 235
56 191 56
73 202 95
230 232 230
223 246 131
24 190 234
32 87 45
37 97 37
36 190 234
13 197 56
194 238 93
110 145 169
52 84 177
24 131 24
30 178 178
226 245 37
95 117 117
21 238 238
74 112 117
193 208 193
68 208 169
224 233 59
84 249 177
12 21 187
59 133 59
96 246 201
100 106 230
207 218 117
169 253 253
115 154 94
153 172 153
78 235 235
121 199 245
145 251 56
2 108 253
97 177 177
96 165 153
45 249 45
85 234 234
151 229 45
110 127 169
40 103 93
116 153 45
123 195 177
3 113 113
131 225 225
15 201 201
7 26 161
46 69 201
119 239 161
117 131 117
26 118 142
27 114 1
212 246 162
36 253 253
33 139 66
101 178 178
88 179 137
170 244 71
1 45 1
158 184 234
18 82 51
110 175 169
11 226 37
3 24 24
86 243 211
147 203 147
63 150 150
82 153 153
78 254 1
15 66 66
135 205 119
117 256 117
124 170 241
33 198 198
138 252 138
57 139 101
109 161 230
209 237 245
8 55 253
39 128 125
109 209 230
25 123 198
48 231 253
11 161 161
112 135 117
127 134 117
65 102 24
44 230 230
112 233 117
158 249 225
86 246 150
108 196 113
119 183 225
89 199 245
51 72 51
20 49 138
47 255 178
58 151 113
182 240 153
115 187 187
153 208 153
211 229 45
11 101 101
30 194 30
24 36 60
129 158 145
24 213 24
111 172 238
42 244 71
182 184 234
150 201 201
194 212 93
103 185 245
26 96 201
140 153 140
131 170 241
142 215 241
241 243 211
41 173 221
48 137 253
123 204 198
37 244 71
66 243 66
163 248 30
143 216 140
60 129 145
145 238 145
25 179 137
137 255 178
9 32 23
234 250 234
55 96 234
1 52 1
32 61 211
25 227 227
26 158 227
14 161 161
20 222 187
118 154 94
131 255 178
208 223 223
161 171 161
192 203 203
37 78 169
71 120 71
6 11 203
161 244 161
146 203 30
226 234 234
81 235 235
50 106 235
18 230 230
139 190 234
14 30 30
44 71 71
58 109 230
14 239 161
124 199 245
190 230 230
1 216 1
39 75 162
68 92 169
115 227 227
209 226 37
190 220 234
91 176 198
18 205 51
97 101 101
41 211 211
14 85 160
184 222 234
105 221 19
128 201 201
80 170 10
9 201 201
126 172 147
112 156 117
3 85 160
141 209 162
123 131 198
60 233 60
56 175 56
46 255 178
51 76 51
66 101 66
65 235 235
18 52 230
5 233 159
148 240 198
76 91 201
118 172 193
63 165 153
27 151 1
31 70 238
107 233 140
54 215 225
169 246 169
155 162 162
37 137 37
25 206 51
134 216 117
54 245 225
144 223 72
136 154 94
109 114 230
20 240 138
25 152 93
152 230 230
66 221 66
169 211 169
119 146 30
5 252 19
128 224 59
15 143 140
119 215 241
99 204 204
123 228 198
10 150 10
64 245 245
48 134 253
20 115 138
65 200 66
60 114 66
37 223 37
22 217 72
51 233 51
13 64 193
144 197 56
16 173 37
231 255 178
91 123 198
225 235 235
164 223 235
35 108 142
135 189 147
76 125 201
27 130 1
153 227 153
29 32 187
106 211 230
126 233 147
94 165 94
19 188 19
36 219 59
25 232 210
210 242 210
1 163 1
10 154 94
64 206 51
120 143 140
92 135 19
102 152 93
147 213 147
56 64 56
147 150 147
16 231 95
88 231 95
118 152 93
117 179 117
14 33 66
143 221 140
47 107 140
25 104 210
96 168 201
101 149 147
74 247 227
93 156 93
5 200 66
41 143 140
5 9 159
162 250 162
193 223 193
96 126 147
67 104 150
50 225 235
82 189 147
8 31 253
47 223 125
36 197 56
202 230 230
16 57 37
110 199 169
30 65 30
133 199 160
147 177 177
163 221 221
85 247 160
205 208 23
190 194 234
53 124 101
128 177 177
97 99 241
39 137 137
99 232 119
86 235 235
65 213 24
91 164 235
1 250 1
76 254 1
121 233 10
10 153 153
42 205 23
176 251 198
33 38 161
159 230 230
215 249 225
75 197 56
25 250 250
39 203 203
67 73 150
3 138 24
17 236 203
183 211 225
86 129 145
16 189 147
173 182 153
173 215 241
52 254 1
55 160 234
71 110 169
167 183 30
169 175 169
150 229 45
63 190 234
234 247 234
27 230 1
3 6 24
83 226 37
141 232 162
44 201 101
66 213 66
228 234 234
150 178 178
81 172 59
81 175 59
63 128 210
140 224 140
185 187 187
60 225 225
66 105 66
42 73 223
37 44 101
14 39 37
107 131 140
235 246 235
211 225 225
41 147 147
56 82 56
238 252 238
92 129 145
15 50 235
227 235 235
6 117 117
235 255 235
94 139 94
124 157 71
67 126 147
14 253 253
87 220 45
158 205 227
198 225 198
74 220 250
139 199 101
39 241 241
106 200 230
145 223 145
104 210 210
5 61 211
124 237 245
117 210 117
184 253 253
127 139 101
32 41 221
106 147 147
45 111 45
19 132 160
137 224 59
210 221 221
15 90 193
161 229 45
131 252 19
26 163 210
49 111 238
77 80 10
81 199 59
102 127 46
36 234 234
61 203 211
212 256 162
137 192 137
130 150 51
32 214 177
35 223 22
74 177 177
114 180 66
21 49 24
5 247 227
209 242 119
14 116 45
54 110 169
106 230 230
221 244 71
158 237 227
17 49 250
133 196 160
13 207 153
153 156 153
70 109 230
205 223 23
114 182 66
80 102 10
35 96 201
42 230 230
145 242 145
53 141 101
19 236 203
133 178 178
9 224 59
22 119 119
38 61 161
62 189 147
25 143 140
93 231 95
155 181 71
3 145 145
3 223 24
180 206 51
69 205 201
224 232 59
67 76 201
172 241 193
207 253 253
68 134 117
12 195 177
20 238 238
51 67 51
9 41 221
46 77 46
51 141 51
135 208 119
162 205 162
55 56 234
113 224 59
72 168 204
117 164 235
49 225 225
99 248 30
78 94 169
38 42 161
134 196 117
8 76 253
146 180 30
130 175 51
113 161 161
130 132 51
97 187 187
29 119 187
139 185 101
42 131 131
150 169 169
121 208 10
113 182 153
163 179 137
66 173 66
245 246 245
17 229 45
39 192 131
156 204 137
120 234 234
62 69 201
12 137 187
42 223 223
182 215 153
50 232 235
149 199 147
117 211 117
137 199 245
134 140 140
13 154 94
144 189 147
9 49 204
20 170 138
42 211 211
56 188 56
1 175 1
68 140 140
39 230 230
36 217 60
153 177 177
2 232 253
108 137 137
2 254 1
36 209 60
147 247 147
2 146 253
33 168 66
136 206 51
69 161 161
98 111 238
23 89 142
188 217 72
187 241 187
5 86 150
17 169 169
34 89 94
61 207 153
69 255 178
74 103 180
31 91 238
13 159 193
40 228 95
111 164 235
124 142 142
38 161 161
178 198 198
169 178 178
77 196 113
40 220 93
62 238 238
38 63 161
7 254 1
132 202 95
55 117 117
67 106 230
119 249 225
30 44 30
57 85 160
23 138 138
94 141 94
8 83 253
7 14 161
152 160 160
12 121 187
51 132 51
235 248 235
161 239 161
152 180 93
77 209 46
178 211 178
70 232 180
14 172 37
1 170 1
82 237 238
177 202 177
110 165 169
42 62 113
63 238 238
146 178 178
117 153 117
67 125 150
93 110 169
33 117 117
40 237 93
11 242 72
70 248 30
10 60 60
1 44 1
6 90 193
22 96 201
183 237 225
35 101 101
225 228 95
36 201 201
95 104 95
58 136 138
54 229 45
183 231 95
1 34 1
165 218 117
1 246 1
112 123 198
78 251 169
79 121 145
127 177 177
100 234 234
16 222 187
100 153 153
161 206 161
220 251 56
163 239 161
2 55 253
103 146 30
9 12 187
55 192 234
134 145 117
31 33 66
13 37 37
46 70 180
217 241 241
150 202 95
1 169 1
198 228 198
93 190 234
15 45 45
83 166 125
65 125 24
207 251 153
30 151 30
33 133 66
181 197 71
145 195 177
74 216 94
89 188 142
132 162 160
165 235 235
115 235 235
49 96 201
10 31 238
36 86 60
25 59 59
41 166 221
79 198 198
137 162 162
30 115 30
9 219 59
74 252 19
54 89 225
93 222 187
98 139 101
82 141 238
166 174 178
117 162 117
196 254 1
51 161 161
58 112 117
94 212 94
62 144 113
26 117 117
141 242 162
78 144 169
34 60 94
124 187 187
108 153 153
6 199 245
167 230 230
214 243 177
54 135 225
134 185 117
95 169 169
11 58 23
44 94 94
50 148 235
145 250 145
9 157 71
99 108 142
8 16 253
32 98 137
157 235 235
92 248 30
54 67 225
77 86 150
101 185 101
19 108 19
19 224 59
71 104 71
150 163 150
13 120 56
169 202 169
14 40 93
24 59 59
6 9 203
178 216 178
1 60 1
183 209 225
31 156 238
18 156 51
162 176 198
62 182 153
24 65 24
54 225 225
5 85 160
37 38 161
78 97 169
25 142 142
11 188 23
28 226 235
91 105 60
43 253 253
178 230 230
60 85 160
129 135 145
19 69 201
137 241 137
84 120 177
93 160 160
102 213 204
248 255 178
19 138 138
4 151 1
69 219 59
166 238 238
61 247 211
14 212 162
181 207 71
14 222 187
26 125 210
82 95 95
34 45 45
45 143 45
128 221 221
62 176 198
80 92 10
17 245 245
175 198 198
45 231 45
92 219 59
59 247 59
24 142 24
47 231 95
130 155 51
56 168 56
94 111 94
14 166 37
32 155 138
60 155 60
59 92 59
94 154 94
111 115 238
140 196 140
5 77 46
120 144 56
216 241 94
118 147 147
46 67 150
6 220 203
121 245 245
137 138 137
55 90 234
36 73 60
76 159 201
108 143 140
94 187 94
79 125 145
4 70 1
180 215 180
95 152 95
39 199 245
49 53 101
40 190 234
173 242 72
56 215 56
48 159 253
19 189 147
134 235 235
176 230 198
83 248 30
196 217 113
127 245 245
150 230 230
74 155 138
139 222 187
33 66 66
61 194 93
118 150 150
24 124 24
64 234 234
198 203 198
62 192 113
53 140 140
25 220 210
73 174 178
83 108 142
21 25 24
207 243 153
3 93 93
227 237 227
72 124 221
46 84 177
93 196 93
69 232 201
219 247 59
67 232 150
74 146 30
147 206 147
209 213 119
133 172 160
138 210 138
58 165 153
85 222 160
22 88 150
7 150 161
9 246 131
14 197 56
6 136 138
92 185 245
63 159 210
117 173 117
51 185 51
132 178 178
104 179 137
98 149 147
9 161 161
187 220 187
97 123 198
110 134 117
150 162 162
46 167 30
92 199 245
160 247 160
162 249 225
138 197 56
9 118 142
42 71 71
74 178 178
9 129 145
25 119 210
191 223 145
102 103 180
23 182 153
137 221 137
166 232 131
73 149 147
129 225 225
191 219 59
18 131 51
26 70 180
97 209 241
108 177 177
13 191 145
145 232 145
6 104 203
65 135 24
54 179 225
104 246 131
118 251 56
37 211 211
51 165 51
127 165 153
55 132 234
20 191 145
131 182 153
32 38 161
202 236 95
19 43 211
39 57 180
75 82 238
165 232 153
145 172 145
139 245 101
51 103 51
59 182 59
228 242 95
34 137 94
81 115 59
29 149 147
52 177 177
210 217 210
129 243 211
47 175 227
155 172 138
5 164 235
142 202 95
131 203 203
12 50 235
36 155 60
116 165 45
10 99 10
234 253 253
104 238 238
61 102 211
71 117 117
51 219 59
142 161 161
86 92 19
9 204 204
147 170 147
150 161 161
80 130 51
126 147 147
47 193 193
153 220 153
197 243 56
35 67 150
152 221 93
132 170 160
63 123 198
101 163 101
224 244 59
33 190 234
37 132 160
73 111 238
102 141 162
4 6 1
34 234 234
144 191 145
128 173 125
28 98 235
43 191 211
26 250 250
65 173 24
77 255 178
158 176 198
105 181 71
56 245 56
107 119 140
37 57 37
42 130 51
74 80 10
59 120 59
39 250 250
2 246 253
63 161 161
27 197 1
27 132 1
108 192 142
71 251 71
158 227 227
32 119 119
33 45 45
152 247 93
58 69 201
25 236 203
231 234 234
31 177 177
99 242 119
14 99 37
72 111 238
151 177 177
184 218 117
26 129 145
94 224 59
206 237 51
11 25 210
32 77 46
103 209 180
101 107 140
182 190 234
29 140 140
53 127 101
202 217 95
57 147 147
89 198 198
205 209 119
151 211 211
84 240 177
92 133 160
97 113 113
111 123 198
230 241 230
138 144 138
208 231 95
37 131 37
136 225 225
105 159 19
152 223 93
163 176 198
65 165 153
11 252 19
72 173 72
17 234 234
148 249 198
25 32 210
94 231 95
178 197 178
223 235 235
216 223 94
109 162 230
49 147 147
49 128 204
118 213 142
130 252 51
100 222 187
188 232 131
48 233 253
24 160 160
7 220 161
31 160 160
90 240 193
179 206 51
66 158 66
15 245 245
159 224 59
37 250 37
59 115 59
51 93 51
18 66 66
91 225 225
59 138 59
88 187 187
160 197 160
28 211 235
165 179 153
60 201 201
77 119 46
123 230 198
57 246 180
66 157 66
196 224 59
103 247 227
39 132 160
164 237 235
13 201 201
121 166 10
66 231 66
51 121 51
13 107 140
45 127 45
73 230 230
97 172 193
216 230 230
196 242 113
1 101 1
97 146 30
75 131 162
67 158 227
178 187 178
98 234 234
47 86 150
14 19 37
103 180 180
117 187 117
119 132 160
124 220 221
102 215 241
182 248 30
87 206 45
15 79 145
95 247 95
74 215 241
57 180 180
138 178 178
60 184 234
56 142 56
63 245 245
21 52 230
8 125 253
200 247 66
167 215 30
143 164 235
137 210 137
80 147 147
54 178 178
173 188 188
6 207 153
49 105 19
74 153 153
24 97 24
17 200 66
72 159 72
9 11 23
105 170 241
81 186 140
123 245 198
1 3 1
125 185 245
175 222 187
6 253 253
8 221 253
89 127 142
27 157 1
151 233 113
133 206 51
149 182 147
75 110 169
19 201 201
80 87 45
21 151 113
64 149 147
14 173 37
97 156 137
192 236 203
23 244 71
39 195 177
153 245 153
127 168 46
67 200 66
63 97 241
178 243 178
18 227 51
201 234 234
218 221 117
24 133 160
13 99 193
139 231 95
15 102 204
187 226 187
99 214 177
88 192 150
6 77 203
135 161 161
20 160 160
17 45 45
46 225 225
109 251 230
153 239 161
22 167 30
44 180 101
49 212 162
81 124 59
128 194 93
140 240 140
53 203 101
61 170 211
135 156 137
16 31 238
100 157 71
56 71 71
182 239 161
78 207 169
147 157 147
43 45 45
38 131 161
22 208 22
55 114 234
95 105 95
41 56 56
35 126 147
10 46 10
32 35 22
39 181 71
21 149 147
83 206 51
78 158 169
8 30 253
34 75 94
4 38 1
117 146 117
117 183 117
64 104 250
52 213 230
93 180 93
133 243 160
101 145 101
103 134 117
122 157 178
72 142 142
38 138 161
112 173 117
198 234 198
27 30 1
186 194 140
169 197 169
59 119 59
10 242 10
188 189 147
42 196 113
26 231 95
70 163 180
165 229 45
88 233 150
53 118 101
50 62 235
40 102 93
168 207 153
53 168 101
13 21 24
111 170 238
199 220 245
117 185 117
122 166 178
16 101 101
108 117 117
2 6 253
190 215 234
116 205 45
22 159 22
43 136 211
41 221 221
37 88 37
31 57 238
13 16 37
211 240 211
43 154 94
32 197 56
99 215 241
70 90 180
62 125 113
163 233 22
76 208 201
70 112 117
137 220 137
2 160 253
99 196 113
223 239 161
100 242 10
125 236 203
58 186 140
18 188 51
37 71 71
70 251 56
130 223 51
125 153 153
101 140 140
75 155 162
18 152 51
20 98 137
9 238 238
105 246 19
150 214 177
112 231 117
56 221 56
79 105 145
123 255 198
60 237 60
41 114 66
110 242 169
86 169 169
216 237 94
23 67 150
125 256 60
87 185 45
82 124 238
117 234 117
96 136 201
59 71 59
62 118 113
58 102 204
38 227 161
120 151 56
56 72 56
66 93 66
74 180 180
113 163 113
94 233 94
187 234 234
9 242 72
149 159 147
89 165 153
26 83 210
82 105 238
93 113 93
140 204 140
77 213 46
11 175 227
114 169 169
40 249 225
30 239 161
174 219 178
32 94 94
66 98 66
50 91 235
25 233 210
61 79 211
131 142 142
139 196 101
177 250 177
166 231 95
139 213 101
216 229 45
22 36 60
107 124 140
5 17 250
36 140 140
93 191 93
167 198 198
54 234 234
138 238 238
18 34 51
113 172 113
206 225 51
93 102 93
145 224 59
18 250 51
153 225 225
134 242 117
117 240 117
85 198 198
99 241 241
34 94 94
140 183 140
43 181 71
177 217 177
83 180 180
10 226 37
221 236 203
21 163 24
46 95 95
93 128 93
96 153 153
20 244 71
127 233 46
30 167 30
175 230 230
117 190 117
59 73 59
1 255 1
160 176 198
1 131 1
213 242 72
32 134 117
159 240 203
93 187 187
6 145 145
107 200 140
35 144 72
19 244 71
151 179 113
97 225 225
96 252 201
68 147 147
96 105 201
9 140 140
114 217 66
51 236 51
63 219 59
111 229 45
155 168 138
131 173 131
188 200 66
140 187 140
203 207 153
57 136 138
46 74 250
141 167 30
15 248 30
135 202 95
16 241 37
17 147 147
37 94 94
59 192 59
49 133 160
19 196 113
81 249 59
112 244 117
107 202 140
94 192 94
19 66 66
159 160 160
29 178 178
56 199 56
102 195 177
168 216 94
128 200 66
130 210 51
74 165 153
20 197 56
51 218 117
150 205 150
81 248 59
199 213 245
65 141 162
7 180 161
118 197 56
53 80 101
96 205 201
46 72 46
191 225 225
9 84 177
111 129 145
54 149 147
20 193 138
50 211 235
131 207 153
82 231 95
93 170 93
21 121 24
13 23 193
125 161 161
153 217 153
37 256 37
18 148 198
106 245 230
65 169 169
65 73 24
146 161 161
109 224 230
129 156 145
63 71 71
200 239 161
71 81 59
39 90 193
51 107 140
129 256 145
77 231 95
135 204 204
14 203 37
38 59 161
83 242 125
95 99 95
85 254 1
32 169 169
20 27 1
72 179 137
9 68 169
158 168 227
210 225 225
39 118 142
79 135 145
83 204 204
12 53 187
87 149 45
71 77 71
102 196 113
138 196 113
1 29 1
5 101 101
25 226 37
59 170 59
5 110 169
206 226 51
5 213 159
139 167 30
5 80 10
39 60 60
130 219 59
76 98 201
88 168 150
188 233 233
131 239 161
87 155 45
153 240 153
147 152 147
16 41 37
127 226 37
97 147 147
15 87 45
24 74 24
97 163 241
207 209 153
56 136 56
158 160 160
157 233 71
65 116 45
82 208 238
23 88 150
77 133 160
100 237 245
223 237 245
55 170 234
161 185 161
74 200 66
187 249 187
62 82 238
83 125 125
19 253 253
89 154 94
167 237 30
164 255 235
47 147 147
40 153 153
154 230 230
150 153 153
59 76 59
30 94 30
108 242 142
77 158 227
85 236 160
4 224 1
17 95 95
30 69 30
75 164 235
102 234 234
138 254 1
114 218 117
129 219 59
179 188 137
42 235 235
200 215 66
30 39 30
203 247 227
88 227 227
52 125 230
185 238 238
61 180 211
39 140 140
11 157 71
97 167 30
120 235 235
63 116 45
95 158 95
127 224 59
27 62 1
59 108 59
117 133 117
63 79 145
92 243 211
113 205 113
57 133 160
127 221 221
36 165 153
215 250 241
44 198 198
203 210 203
145 174 178
13 131 193
159 203 203
92 182 153
16 235 235
101 180 101
203 230 230
74 144 250
74 196 113
177 200 177
30 220 30
30 75 30
63 250 250
106 115 230
42 215 241
173 246 131
168 206 51
41 74 250
43 90 211
30 224 59
62 188 113
243 248 30
25 162 162
28 206 235
46 103 180
45 158 45
49 201 201
69 150 201
135 154 94
66 115 66
146 155 30
128 213 125
21 179 24
233 236 203
87 128 45
98 206 51
210 226 37
151 216 94
41 243 211
70 173 180
28 207 235
78 91 169
36 95 95
7 219 161
5 57 180
17 226 37
5 116 45
201 219 59
132 249 160
57 247 227
94 243 94
185 245 245
79 180 145
61 134 117
162 163 162
1 219 1
65 180 24
66 166 66
211 220 211
25 38 161
91 156 60
35 69 201
75 120 56
194 217 93
117 168 117
159 200 66
80 159 10
65 196 113
78 168 169
97 104 241
91 201 201
60 121 60
88 196 113
208 242 72
124 160 160
27 66 1
32 252 19
92 177 177
137 217 137
173 241 241
155 157 71
90 193 193
9 76 201
72 215 241
17 201 201
13 141 162
3 30 30
162 226 162
137 142 137
83 210 210
20 188 138
21 54 225
82 256 238
209 224 59
88 220 150
47 173 125
100 139 101
78 139 169
1 148 1
53 250 101
35 45 45
66 156 66
135 216 94
6 178 178
63 205 210
147 211 147
35 109 230
115 245 245
85 160 160
205 210 210
21 249 225
64 223 250
93 149 147
148 209 198
13 223 193
206 233 51
49 94 94
103 215 180
83 148 198
32 81 59
88 199 245
93 212 93
187 194 187
226 249 225
139 239 161
24 79 145
44 46 101
47 199 245
101 211 101
45 217 45
161 209 161
63 132 160
73 139 101
12 110 169
91 142 60
57 92 180
121 235 235
115 220 221
27 182 1
142 236 203
207 235 235
29 38 161
146 247 30
141 174 178
159 180 180
119 209 119
135 184 234
24 192 24
140 222 140
126 164 235
102 166 204
215 234 234
84 191 177
75 162 162
104 155 138
8 232 253
133 166 160
48 181 253
21 42 24
33 188 66
14 223 37
198 239 198
17 98 137
152 205 93
92 191 145
35 220 46
133 165 160
149 229 45
49 217 204
86 142 150
160 249 160
54 209 225
30 97 30
132 242 160
144 190 234
182 191 153
80 211 211
59 64 59
166 251 56
160 211 160
154 172 94
187 244 71
33 64 66
129 175 145
43 177 177
197 198 198
215 245 245
41 182 153
147 209 147
28 35 235
65 245 245
143 190 140
22 203 203
203 225 225
11 192 131
110 126 147
29 69 187
182 210 153
194 207 153
30 216 30
59 256 59
129 223 145
151 198 198
143 161 140
121 178 178
17 62 113
30 88 30
20 164 235
226 247 227
31 45 45
148 175 198
100 190 234
68 142 169
46 179 137
43 196 211
227 236 227
13 104 193
109 235 235
119 216 94
95 241 95
8 100 253
186 204 140
71 188 71
175 221 227
129 245 145
117 178 178
49 95 95
31 164 235
144 161 161
29 208 187
177 247 177
21 117 117
104 188 159
106 187 230
182 196 153
59 106 230
42 249 225
24 86 24
193 198 198
55 198 198
179 253 253
1 239 1
156 212 162
89 186 140
98 187 187
47 221 221
17 187 187
30 64 30
160 209 160
92 172 193
27 239 1
113 245 245
193 239 161
44 128 101
33 201 66
21 101 101
138 192 138
117 151 117
101 155 101
10 13 10
156 222 187
111 122 178
103 152 93
54 242 225
73 162 162
115 204 221
56 184 234
89 138 138
86 252 19
79 186 140
7 206 161
133 185 160
76 82 238
107 132 140
123 130 198
73 178 178
40 161 161
156 221 137
76 155 201
37 193 37
59 234 234
64 178 178
162 252 162
224 230 230
11 164 235
64 78 169
63 95 95
161 246 161
118 203 203
70 246 180
2 205 253
220 246 46
3 71 71
71 183 71
235 256 235
165 200 66
62 101 101
17 151 113
42 176 198
30 101 30
41 106 230
185 235 235
74 110 169
76 88 201
187 219 59
78 225 169
18 158 51
153 154 94
93 142 93
93 124 93
103 133 160
133 198 198
93 235 235
120 225 225
90 133 160
14 105 37
49 241 241
54 101 101
121 238 238
125 231 95
29 170 187
34 43 94
92 225 225
44 246 101
154 197 94
128 174 178
55 169 169
12 70 187
77 83 46
5 205 23
18 138 51
10 149 147
32 112 117
156 227 227
198 232 198
73 177 177
6 21 24
161 197 161
184 210 234
124 217 221
114 140 140
21 157 71
125 135 125
6 53 101
56 94 94
101 241 101
90 155 138
57 132 160
51 251 51
6 206 51
109 213 230
61 225 225
72 204 204
12 223 187
23 176 198
19 62 113
124 251 56
31 145 145
144 183 225
203 232 203
213 247 227
46 222 187
220 247 227
40 64 93
98 201 201
89 169 169
49 209 204
65 158 227
205 226 37
99 162 162
162 241 162
153 192 153
22 41 221
94 252 94
122 183 178
149 170 147
37 87 45
59 101 59
85 230 230
167 211 30
203 241 203
89 194 93
37 106 230
164 195 235
239 254 1
146 240 30
7 222 161
9 16 37
112 217 117
78 154 169
94 253 253
121 223 10
37 135 37
184 221 234
170 192 241
193 244 71
50 132 235
34 156 94
45 88 45
87 252 45
144 177 177
101 243 101
77 238 238
126 188 147
68 243 169
69 154 94
6 238 238
89 90 193
169 230 230
69 129 145
17 116 45
25 39 210
74 209 250
119 230 230
92 158 227
14 229 45
102 118 142
82 200 66
117 140 140
95 253 253
157 221 71
65 234 234
163 204 204
224 225 59
124 241 241
3 178 178
5 211 211
1 17 1
99 145 145
153 190 234
43 101 101
84 223 177
93 232 93
66 130 66
133 193 160
61 65 211
113 187 187
161 199 161
36 194 93
23 40 93
6 35 203
87 238 45
81 145 59
221 247 227
56 162 56
90 174 178
22 77 46
40 124 93
13 61 211
71 200 66
127 182 153
215 227 227
126 248 147
36 147 147
90 173 193
64 253 253
151 166 113
43 217 211
169 209 169
104 236 203
27 57 1
19 42 19
129 146 30
10 113 113
19 127 19
3 197 56
122 221 178
14 20 37
49 245 245
135 214 177
20 88 138
134 198 198
52 202 230
60 197 56
241 253 253
60 84 177
57 82 238
225 243 225
89 202 95
128 206 51
39 155 138
94 197 94
74 187 187
72 101 101
22 94 94
22 111 238
47 162 162
30 193 30
25 45 45
140 161 140
73 108 142
204 236 203
1 130 1
59 161 161
60 239 161
78 212 169
79 128 145
104 161 161
12 71 71
53 107 140
162 221 162
39 223 223
17 72 250
37 105 37
138 168 138
74 237 245
89 141 162
119 133 160
104 233 159
21 43 211
142 227 227
10 17 10
97 176 198
47 216 94
11 56 56
1 152 1
131 135 119
23 119 119
18 198 198
104 121 10
39 72 72
152 201 93
1 18 1
224 251 59
108 182 153
142 196 113
113 248 30
57 169 169
52 235 235
117 222 117
120 243 56
66 256 66
178 219 178
19 63 19
166 249 225
32 172 193
28 76 235
25 124 221
1 111 1
56 211 56
82 233 238
25 163 210
6 246 203
132 237 160
54 148 198
140 197 140
232 250 250
115 183 225
170 198 198
5 59 59
140 149 140
20 252 138
82 211 211
27 198 1
43 64 211
55 136 234
122 152 178
21 102 24
5 135 119
6 96 201
39 221 221
74 253 253
69 199 201
8 247 253
6 254 1
42 180 180
89 144 142
91 192 60
67 122 178
177 243 177
220 248 30
159 201 201
31 132 160
84 228 177
56 179 56
94 249 94
120 238 56
12 126 147
111 161 161
156 238 238
49 233 204
157 172 71
21 31 238
144 153 153
224 242 59
41 217 221
178 240 178
3 69 201
5 237 245
192 242 72
64 227 227
19 161 161
69 104 201
196 249 225
122 148 198
45 186 45
213 215 241
53 208 101
51 194 51
158 240 227
174 209 178
88 112 117
145 190 234
62 64 113
80 148 198
62 193 113
71 186 140
50 204 235
66 96 66
94 177 177
98 117 117
131 227 227
152 192 93
83 174 178
230 253 253
35 251 56
51 99 51
103 173 180
21 106 230
177 241 177
72 163 72
62 113 113
17 22 250
129 227 145
115 214 177
124 196 113
86 223 150
93 150 93
147 230 147
101 239 161
95 223 95
68 213 169
50 72 235
39 145 145
111 155 238
79 136 145
188 242 72
81 193 59
46 181 71
27 217 1
17 138 138
186 192 140
56 234 234
39 245 245
143 225 140
12 89 187
98 205 137
7 49 161
10 152 93
34 132 94
155 243 211
183 225 225
55 164 235
186 190 140
115 120 56
194 256 93
16 223 37
55 156 234
180 204 180
67 89 150
95 231 95
199 253 253
168 193 193
22 237 245
115 234 234
32 104 23
49 136 138
65 219 59
176 217 198
13 248 30
8 248 253
174 205 178
36 161 161
36 66 66
8 186 253
146 153 30
63 168 210
172 200 66
110 245 169
59 145 59
71 102 71
1 77 1
32 227 227
10 11 10
53 191 101
47 256 60
157 238 71
69 82 238
108 165 153
36 199 60
32 210 210
72 205 72
28 113 235
71 95 95
97 158 227
146 181 71
61 108 211
176 216 198
66 224 66
161 233 161
101 115 101
60 186 140
168 201 201
121 173 10
47 82 238
127 244 71
26 110 169
203 206 51
99 149 147
1 165 1
16 197 56
80 140 140
223 228 95
164 254 1
30 34 30
125 156 137
23 228 95
82 147 147
159 161 161
7 40 161
13 252 193
156 241 137
133 135 160
197 234 234
182 187 187
118 192 142
107 190 140
155 236 138
223 240 203
42 58 159
1 208 1
1 240 1
16 175 227
80 188 10
127 195 177
42 142 142
60 160 160
42 112 117
7 96 161
66 203 66
23 204 204
50 247 235
179 230 230
5 60 60
24 214 177
35 233 22
137 148 198
163 188 22
114 179 66
46 62 113
70 84 177
116 243 45
78 202 169
15 91 60
55 111 234
6 211 211
155 170 138
48 49 253
11 35 22
51 156 51
111 224 59
30 66 66
29 80 187
45 189 45
19 207 153
140 206 140
36 49 60
93 131 93
18 23 51
38 213 161
2 110 253
77 188 46
120 216 94
143 165 140
68 223 169
30 100 30
42 47 125
242 252 19
161 240 161
146 250 30
30 236 30
41 151 113
95 211 95
197 199 56
37 183 225
185 246 245
155 177 177
1 207 1
32 237 245
84 169 177
8 92 253
15 73 22
25 203 203
79 254 1
190 253 253
12 62 187
118 184 234
6 218 117
16 236 37
53 91 101
183 201 225
19 147 147
115 147 147
127 205 46
39 77 46
183 202 95
114 146 66
2 119 253
20 201 201
26 213 210
51 217 51
36 69 201
47 215 241
57 196 113
114 142 66
55 121 234
192 205 131
95 183 95
153 209 153
88 102 150
15 176 198
41 102 221
45 204 45
183 232 225
55 239 161
12 81 59
210 241 241
63 230 230
6 80 10
99 220 46
181 253 253
54 99 225
46 75 162
106 174 230
164 231 235
49 98 137
130 256 51
71 92 71
84 231 177
40 191 93
208 220 46
199 227 227
34 102 94
21 98 24
57 113 113
6 170 203
76 111 238
161 228 161
100 116 45
140 151 140
65 161 161
86 180 180
21 173 24
62 158 227
89 139 101
118 188 142
125 225 225
29 97 187
80 178 178
45 213 45
157 161 161
133 239 161
121 188 10
76 99 201
160 199 160
48 136 253
6 86 203
74 164 235
45 190 45
38 116 45
48 155 253
61 92 211
127 192 46
9 187 187
170 181 71
99 205 119
74 102 250
84 146 177
83 196 113
185 248 30
46 234 234
169 183 169
169 201 169
121 250 10
7 177 177
153 231 95
29 182 187
69 201 201
40 100 93
189 231 147
77 109 230
212 225 225
70 105 180
13 70 180
95 172 95
113 150 113
139 187 187
6 67 203
57 250 180
29 161 161
213 232 131
18 161 161
28 120 235
4 183 1
244 248 71
153 214 177
159 246 131
59 183 59
6 181 71
110 198 198
76 173 201
82 115 238
57 134 117
89 128 142
53 173 101
170 202 95
167 247 30
73 92 19
92 117 117
26 55 234
151 227 227
80 224 59
67 218 117
30 238 30
66 152 66
3 118 24
199 242 245
209 238 238
90 253 253
131 181 71
13 34 94
3 230 230
86 96 201
25 161 161
6 102 203
37 176 198
106 169 230
160 243 160
68 98 169
21 245 245
46 120 56
103 158 227
77 99 46
145 220 145
74 104 250
58 84 177
70 253 253
57 121 180
14 182 153
87 231 45
96 188 201
145 253 253
81 113 59
43 203 211
235 247 235
119 218 117
41 247 227
30 179 30
38 179 161
23 248 30
17 231 95
53 198 198
48 193 253
32 109 230
44 102 101
89 166 142
156 174 178
1 95 1
133 189 147
39 206 51
118 155 138
26 142 142
141 214 177
44 253 253
97 135 241
77 205 46
31 180 238
229 237 45
89 176 198
66 128 66
22 158 227
58 140 140
88 107 140
113 154 94
89 233 142
62 165 153
46 94 94
120 229 45
117 201 117
83 232 125
155 226 37
11 170 241
185 241 245
35 77 46
53 63 101
133 232 160
52 253 253
140 141 140
99 206 51
121 256 60
11 111 238
90 198 198
9 25 210
160 212 160
5 192 131
213 246 131
18 106 230
108 161 161
122 180 178
4 176 1
1 90 1
88 127 150
75 161 161
100 225 225
135 142 142
117 225 117
66 167 66
63 208 210
103 128 180
38 252 161
77 170 241
139 242 101
30 199 30
111 205 238
52 252 230
193 241 193
82 118 238
45 239 45
84 126 177
163 207 153
95 202 95
88 189 147
25 164 235
177 218 177
21 51 51
190 250 234
46 162 162
52 92 230
166 204 204
29 244 71
34 215 94
64 137 137
119 135 119
144 163 72
175 250 227
137 215 137
12 143 140
33 230 230
210 230 230
95 116 45
19 32 19
97 193 193
176 221 198
178 247 178
17 170 241
224 248 59
52 88 230
132 157 71
64 205 250
102 139 101
125 193 193
177 189 177
203 212 162
46 85 160
6 198 198
20 232 138
17 175 227
86 143 140
114 174 178
71 207 71
249 256 225
57 201 201
36 159 60
114 221 66
43 178 178
26 169 169
124 161 161
70 123 198
22 51 51
156 226 37
89 122 178
27 250 1
7 57 161
76 77 201
94 103 94
32 78 169
55 186 140
27 204 1
14 21 37
126 198 198
28 31 235
120 226 56
60 94 94
121 161 161
100 159 10
65 111 238
65 144 24
208 209 119
219 251 59
23 60 60
152 203 93
195 205 177
74 95 95
32 244 71
61 235 235
55 231 234
95 195 177
137 249 225
32 180 180
32 63 210
95 222 95
54 248 30
19 45 45
85 249 160
19 164 235
29 144 187
24 210 24
122 250 178
138 232 138
100 202 95
15 141 162
184 249 234
66 140 140
39 236 203
51 188 51
31 96 238
43 147 147
115 202 95
155 214 177
4 77 1
2 170 253
59 60 59
52 160 230
135 224 59
137 140 140
3 66 66
19 61 211
69 148 198
124 239 161
201 206 51
21 75 162
99 167 30
31 249 225
15 204 204
196 237 245
56 158 56
84 225 177
66 175 66
85 146 30
25 60 60
235 240 235
49 254 1
211 238 211
29 108 187
30 170 30
71 79 71
161 201 161
102 244 71
66 217 66
1 10 1
94 170 94
15 119 119
12 34 94
54 59 59
106 129 230
128 249 225
39 68 169
17 185 245
7 100 161
60 123 198
92 142 19
188 256 60
192 253 253
42 174 178
201 212 162
120 254 1
87 131 45
76 95 95
90 161 161
230 240 230
120 192 56
67 177 177
104 148 198
22 148 198
212 226 162
137 246 137
114 159 66
137 175 227
80 255 178
67 213 150
141 198 198
71 161 161
11 238 238
85 101 160
34 114 66
118 231 95
14 189 147
9 94 94
65 178 178
99 109 230
21 158 227
105 227 227
79 100 145
104 141 162
24 245 245
143 159 140
26 35 210
115 175 227
47 196 113
5 111 238
59 142 59
38 187 161
63 142 142
9 127 46
36 70 60
173 198 198
86 102 150
75 147 147
68 199 169
170 207 153
82 197 56
82 214 177
130 191 51
131 148 198
66 234 234
81 206 59
104 127 46
124 185 245
32 62 113
105 187 187
31 205 238
12 192 187
48 153 253
18 215 51
196 232 113
138 142 138
202 229 45
30 210 30
85 140 140
39 88 150
200 234 234
60 111 238
142 247 227
46 242 46
119 241 241
120 168 56
23 164 235
108 120 56
30 198 198
39 113 113
22 210 210
214 226 177
26 165 153
151 161 161
59 165 59
7 189 147
20 35 138
25 135 210
1 188 1
34 53 94
95 137 95
229 232 45
72 131 72
68 215 169
195 199 177
83 250 250
11 208 23
68 176 198
167 179 30
90 255 178
18 201 51
67 172 193
87 139 45
83 151 113
14 113 37
139 166 101
162 166 162
6 113 113
150 160 160
30 99 30
35 191 145
61 229 45
11 80 10
192 256 60
185 208 245
92 102 19
43 225 225
104 170 241
89 241 241
90 120 56
39 100 10
125 218 117
127 239 161
131 244 71
139 153 101
142 213 142
73 103 180
76 182 153
204 208 204
18 38 161
52 53 230
75 224 59
183 199 225
95 229 45
39 246 131
52 108 230
90 169 169
60 75 162
34 202 95
8 121 253
32 56 56
80 199 245
22 235 235
54 193 225
59 212 59
27 246 1
66 84 177
77 190 234
200 235 235
70 157 71
131 154 94
56 59 59
119 157 71
98 102 137
40 57 93
69 183 225
131 247 227
60 246 60
138 230 230
17 213 250
46 134 117
94 175 94
26 217 210
142 193 193
201 220 201
162 181 71
192 193 193
15 130 51
209 232 119
15 233 22
205 215 241
242 250 250
189 201 147
10 157 71
176 242 198
140 170 140
117 124 117
9 162 162
178 215 178
147 233 147
3 50 235
137 253 253
111 152 93
2 57 253
122 140 140
130 207 51
5 84 177
207 247 153
125 163 125
27 233 1
60 80 60
29 147 147
61 246 211
75 124 162
23 71 71
206 210 51
152 234 234
19 60 60
7 132 161
179 256 60
25 177 177
54 131 225
211 245 211
9 102 204
224 252 59
217 237 245
102 221 221
149 253 253
36 131 60
34 256 94
108 176 198
114 177 177
102 163 204
14 167 30
61 137 211
88 125 150
87 246 45
78 143 140
22 68 169
11 232 131
150 198 198
116 190 45
117 170 117
22 190 234
90 154 94
24 53 101
142 204 142
151 221 113
118 248 30
71 204 71
1 81 1
28 198 235
56 242 56
66 241 66
112 165 117
196 235 235
99 166 119
57 238 238
118 149 147
130 230 230
1 137 1
144 193 193
25 88 150
102 190 234
126 163 147
142 149 147
14 250 37
102 205 204
83 234 234
103 181 71
225 244 71
93 108 93
153 173 153
46 87 45
82 178 178
181 186 140
154 201 94
107 214 177
19 204 19
71 159 71
169 242 169
19 133 160
15 236 203
211 216 94
226 230 230
172 205 193
103 107 140
212 252 162
61 241 211
51 85 51
94 146 30
93 98 93
17 83 250
123 240 198
159 214 177
241 242 241
45 77 45
159 184 234
148 255 198
54 128 225
164 226 235
92 200 66
18 199 51
20 119 138
43 212 211
68 198 198
102 122 178
108 169 169
44 250 101
39 56 56
150 235 235
7 111 161
1 189 1
227 230 230
55 180 234
144 168 204
136 170 138
115 168 221
42 175 227
140 238 140
36 84 177
55 209 234
67 253 253
56 145 56
175 235 235
124 155 138
25 230 230
166 228 95
5 204 204
30 173 30
12 180 187
110 140 140
9 29 187
45 119 45
45 222 45
110 125 169
64 116 45
15 142 142
53 64 101
20 52 230
71 254 1
36 141 162
116 134 45
56 140 140
184 201 234
10 139 101
33 149 147
7 151 161
12 177 177
112 207 117
47 200 66
87 186 45
64 188 250
111 166 238
179 246 137
41 59 59
40 241 93
13 67 193
44 47 101
118 185 245
102 116 45
132 203 160
105 235 235
157 159 71
93 217 93
180 192 180
218 242 117
140 207 140
45 117 45
53 221 101
183 224 59
153 158 153
48 148 253
94 222 94
110 211 169
126 253 253
21 61 211
5 93 93
198 208 198
224 243 59
48 174 253
62 212 162
70 136 138
197 235 235
40 94 94
72 153 153
153 171 153
63 93 93
133 159 160
118 173 142
162 254 1
53 145 101
142 221 142
127 137 137
53 227 101
133 136 160
27 249 1
209 219 59
121 230 230
60 136 60
193 199 245
73 187 187
68 138 169
187 196 187
35 49 204
51 222 51
145 179 145
105 210 19
226 252 37
142 232 142
10 118 10
144 178 178
53 234 234
44 61 101
25 241 241
163 231 95
31 54 225
15 230 230
53 114 66
11 49 204
37 64 37
94 151 94
119 161 161
41 236 203
135 227 227
114 158 66
128 142 142
88 130 51
115 129 145
67 179 137
85 141 160
84 139 177
213 217 72
85 185 160
187 206 51
48 91 253
166 185 245
16 191 145
67 251 56
147 171 147
89 226 37
150 215 241
71 208 71
53 136 101
99 169 169
57 181 71
90 170 193
121 164 235
12 131 187
86 238 238
43 87 45
85 167 30
16 134 117
150 197 56
156 223 137
51 154 51
37 201 37
16 195 177
30 92 30
158 250 227
108 151 113
80 183 225
59 236 59
47 129 145
181 250 71
45 129 45
197 252 56
65 92 24
50 120 235
26 168 210
153 232 153
129 178 178
128 232 125
76 157 71
48 129 253
3 48 253
182 186 140
40 139 101
68 247 169
46 196 113
2 256 253
34 253 253
227 252 227
21 103 24
13 202 95
76 200 66
26 194 93
73 88 150
81 139 59
11 108 142
11 249 225
147 254 1
5 34 94
115 254 1
58 191 145
76 83 201
175 201 227
63 172 193
27 34 1
115 231 95
112 164 235
140 179 140
138 221 138
158 203 227
105 174 178
249 253 253
61 236 211
69 153 153
85 126 147
104 107 140
138 186 140
94 193 94
22 214 177
20 86 138
179 225 225
82 135 238
75 99 162
78 80 169
112 239 117
57 108 180
163 170 241
90 225 225
126 192 147
116 183 45
6 24 24
20 81 59
64 249 225
82 234 234
73 204 204
87 127 45
116 252 45
63 225 225
67 191 145
148 172 198
37 234 234
114 161 161
22 236 203
14 208 37
136 205 138
19 228 95
130 222 51
45 132 45
136 244 71
160 180 160
67 188 150
34 161 161
125 198 198
28 167 235
126 155 147
56 154 94
47 212 162
209 253 253
35 202 95
68 250 169
6 223 203
144 246 72
116 206 45
122 203 178
105 124 19
35 159 22
31 137 238
29 129 187
66 223 66
36 137 60
36 178 178
69 178 178
98 208 137
15 153 153
9 235 235
81 212 59
33 244 66
124 126 147
162 185 162
83 235 235
13 213 193
121 159 10
146 227 30
108 255 178
14 180 37
23 210 210
126 221 147
140 225 140
11 20 138
3 82 238
13 40 93
150 176 198
113 209 113
20 30 30
93 152 93
59 239 161
46 48 253
42 75 162
192 238 238
21 96 201
128 182 153
178 199 178
68 93 169
28 69 235
188 192 131
46 194 93
19 72 19
36 205 60
2 222 253
141 221 162
110 161 161
136 183 225
187 233 187
69 149 147
40 132 160
114 187 66
23 36 60
24 107 140
41 135 221
58 224 59
23 25 210
9 60 60
44 127 101
30 205 30
59 103 59
98 173 137
119 234 234
5 64 250
183 228 95
30 202 95
12 140 140
44 136 101
66 251 66
2 201 253
142 251 56
111 183 225
145 169 169
50 205 235
128 250 250
17 239 161
78 228 169
247 248 30
71 181 71
97 196 113
116 221 45
217 224 59
33 84 177
78 107 140
21 130 51
55 112 117
101 237 101
65 130 51
156 175 227
78 93 169
24 188 24
112 230 230
97 100 10
114 138 66
68 251 169
100 136 138
97 129 145
88 115 150
119 147 147
25 41 221
144 245 245
90 250 193
102 202 95
146 182 30
60 209 60
89 159 142
140 165 140
242 253 253
236 252 203
189 239 147
206 230 230
107 254 1
46 58 46
178 256 178
59 139 59
235 239 235
59 246 59
66 154 66
21 156 24
60 192 60
70 131 180
193 255 178
30 160 30
173 249 225
31 127 238
24 223 24
135 181 71
67 71 71
119 233 119
54 184 234
2 77 253
77 105 19
71 76 71
191 196 145
14 74 37
94 226 94
132 244 71
157 241 71
165 189 147
70 223 180
3 109 230
108 256 60
128 188 125
79 85 160
31 186 140
36 187 187
215 236 203
128 162 162
160 213 160
85 229 45
194 209 93
58 147 147
77 102 46
74 145 145
58 195 177
18 99 51
113 184 234
3 212 162
25 150 150
161 253 253
2 162 253
146 228 95
85 252 160
101 198 198
101 201 101
92 198 198
176 215 198
79 97 145
23 55 234
142 256 60
1 26 1
223 252 19
35 68 169
12 150 187
95 179 95
35 192 131
69 234 234
158 256 227
25 92 19
66 185 66
26 224 59
10 202 95
133 245 160
102 203 203
48 128 253
133 222 160
20 45 45
147 155 147
2 111 253
55 92 234
92 173 19
56 58 56
100 146 30
177 206 177
70 193 180
65 145 145
21 94 94
209 236 203
145 198 198
134 254 1
2 218 253
25 70 180
232 256 60
44 154 94
30 177 177
32 91 60
140 181 140
10 209 10
42 51 51
128 170 241
38 189 147
10 237 245
211 233 211
163 218 117
16 162 162
53 184 234
108 152 93
82 252 238
