256 11905
2 3 1
4 5 2
6 7 4
8 9 6
10 11 8
12 13 10
14 15 12
16 17 14
18 19 16
20 21 18
22 23 20
24 25 22
26 27 24
28 29 26
30 31 28
32 33 30
34 35 32
36 37 34
38 39 36
40 41 38
42 43 40
44 45 42
46 47 44
48 49 46
50 51 48
52 53 50
54 55 52
56 57 54
58 59 56
60 61 58
62 63 60
64 65 62
66 67 64
68 69 66
70 71 68
72 73 70
74 75 72
76 77 74
78 79 76
80 81 78
82 83 80
84 85 82
86 87 84
88 89 86
90 91 88
92 93 90
94 95 92
96 97 94
98 99 96
100 101 98
102 103 100
104 105 102
106 107 104
108 109 106
110 111 108
112 113 110
114 115 112
116 117 114
118 119 116
120 121 118
122 123 120
124 125 122
126 127 124
128 129 126
130 131 128
132 133 130
134 135 132
136 137 134
138 139 136
140 141 138
142 143 140
144 145 142
146 147 144
148 149 146
150 151 148
152 153 150
154 155 152
156 157 154
158 159 156
160 161 158
162 163 160
164 165 162
166 167 164
168 169 166
170 171 168
172 173 170
174 175 172
176 177 174
178 179 176
180 181 178
182 183 180
184 185 182
186 187 184
188 189 186
190 191 188
192 193 190
194 195 192
196 197 194
198 199 196
200 201 198
202 203 200
204 205 202
206 207 204
208 209 206
210 211 208
212 213 210
214 215 212
216 217 214
218 219 216
220 221 218
222 223 220
224 225 222
226 227 224
228 229 226
230 231 228
232 233 230
234 235 232
236 237 234
238 239 236
240 241 238
242 243 240
244 245 242
246 247 244
248 249 246
250 251 248
252 253 250
254 255 252
3 256 1
5 256 2
7 256 4
9 256 6
11 256 8
13 256 10
15 256 12
17 256 14
19 256 16
21 256 18
23 256 20
25 256 22
27 256 24
29 256 26
31 256 28
33 256 30
35 256 32
37 256 34
39 256 36
41 256 38
43 256 40
45 256 42
47 256 44
49 256 46
51 256 48
53 256 50
55 256 52
57 256 54
59 256 56
61 256 58
63 256 60
65 256 62
67 256 64
69 256 66
71 256 68
73 256 70
75 256 72
77 256 74
79 256 76
81 256 78
83 256 80
85 256 82
87 256 84
89 256 86
91 256 88
93 256 90
95 256 92
97 256 94
99 256 96
101 256 98
103 256 100
105 256 102
107 256 104
109 256 106
111 256 108
113 256 110
115 256 112
117 256 114
119 256 116
121 256 118
123 256 120
125 256 122
127 256 124
129 256 126
131 256 128
133 256 130
135 256 132
137 256 134
139 256 136
141 256 138
143 256 140
145 256 142
147 256 144
149 256 146
151 256 148
153 256 150
155 256 152
157 256 154
159 256 156
161 256 158
163 256 160
165 256 162
167 256 164
169 256 166
171 256 168
173 256 170
175 256 172
177 256 174
179 256 176
181 256 178
183 256 180
185 256 182
187 256 184
189 256 186
191 256 188
193 256 190
195 256 192
197 256 194
199 256 196
201 256 198
203 256 200
205 256 202
207 256 204
209 256 206
211 256 208
213 256 210
215 256 212
217 256 214
219 256 216
221 256 218
223 256 220
225 256 222
227 256 224
229 256 226
231 256 228
233 256 230
235 256 232
237 256 234
239 256 236
241 256 238
243 256 240
245 256 242
247 256 244
249 256 246
251 256 248
253 256 250
255 256 252
1 256 1
2 256 2
4 256 4
6 256 6
8 256 8
10 256 10
12 256 12
14 256 14
16 256 16
18 256 18
20 256 20
22 256 22
24 256 24
26 256 26
28 256 28
30 256 30
32 256 32
34 256 34
36 256 36
38 256 38
40 256 40
42 256 42
44 256 44
46 256 46
48 256 48
50 256 50
52 256 52
54 256 54
56 256 56
58 256 58
60 256 60
62 256 62
64 256 64
66 256 66
68 256 68
70 256 70
72 256 72
74 256 74
76 256 76
78 256 78
80 256 80
82 256 82
84 256 84
86 256 86
88 256 88
90 256 90
92 256 92
94 256 94
96 256 96
98 256 98
100 256 100
102 256 102
104 256 104
106 256 106
108 256 108
110 256 110
112 256 112
114 256 114
116 256 116
118 256 118
120 256 120
122 256 122
124 256 124
126 256 126
128 256 128
130 256 130
132 256 132
134 256 134
136 256 136
138 256 138
140 256 140
142 256 142
144 256 144
146 256 146
148 256 148
150 256 150
152 256 152
154 256 154
156 256 156
158 256 158
160 256 160
162 256 162
164 256 164
166 256 166
168 256 168
170 256 170
172 256 172
174 256 174
176 256 176
178 256 178
180 256 180
182 256 182
184 256 184
186 256 186
188 256 188
190 256 190
192 256 192
194 256 194
196 256 196
198 256 198
200 256 200
202 256 202
204 256 204
206 256 206
208 256 208
210 256 210
212 256 212
214 256 214
216 256 216
218 256 218
220 256 220
222 256 222
224 256 224
226 256 226
228 256 228
230 256 230
232 256 232
234 256 234
236 256 236
238 256 238
240 256 240
242 256 242
244 256 244
246 256 246
248 256 248
250 256 250
252 256 252
254 256 254
98 191 98
15 239 12
27 128 24
58 191 58
65 70 62
70 106 70
225 240 222
96 115 96
251 252 248
149 161 146
94 105 94
101 197 98
95 228 92
79 110 76
81 187 78
47 56 44
10 215 10
151 160 148
194 246 194
65 181 62
121 243 118
142 175 142
48 160 48
56 80 56
77 159 74
25 83 22
155 171 152
146 213 146
109 124 106
55 137 52
113 187 110
119 147 116
77 132 74
71 89 68
4 10 4
92 175 92
1 4 1
67 212 64
179 183 176
91 193 88
73 172 70
45 225 42
14 186 14
4 45 4
155 216 152
36 200 36
9 205 6
32 48 32
22 93 22
85 116 82
37 128 34
11 204 8
1 20 1
185 227 182
59 210 56
46 142 46
49 155 46
133 173 130
107 186 104
22 146 22
47 69 44
231 236 228
18 159 18
163 218 160
14 79 14
7 33 4
125 163 122
73 90 70
219 254 216
54 123 54
124 156 124
35 165 32
137 224 134
58 210 58
3 57 1
48 50 48
209 245 206
221 235 218
3 45 1
45 195 42
151 177 148
23 192 20
208 250 208
217 219 214
16 36 16
94 114 94
49 147 46
145 179 142
149 207 146
25 204 22
29 192 26
77 153 74
143 159 140
37 245 34
185 204 182
33 245 30
85 153 82
41 82 38
109 252 106
161 234 158
159 192 156
8 93 8
163 201 160
93 111 90
27 120 24
127 169 124
41 230 38
78 241 78
20 30 20
121 147 118
231 235 228
173 232 170
38 43 38
9 189 6
160 187 160
95 176 92
90 107 90
139 221 136
17 38 14
215 244 212
48 252 48
28 125 28
26 129 26
25 131 22
157 229 154
216 226 216
92 100 92
60 165 60
61 114 58
237 248 234
93 155 90
182 187 182
158 230 158
60 115 60
125 183 122
139 200 136
126 142 126
181 230 178
37 51 34
83 97 80
15 68 12
211 215 208
209 216 206
37 182 34
141 170 138
183 224 180
9 119 6
35 216 32
151 218 148
8 38 8
220 223 220
83 127 80
115 127 112
1 54 1
149 185 146
57 158 54
60 93 60
209 227 206
39 225 36
45 146 42
166 245 166
84 222 84
154 206 154
5 93 2
175 209 172
141 237 138
9 193 6
239 252 236
25 243 22
231 250 228
3 127 1
178 232 178
165 198 162
217 242 214
207 214 204
150 198 150
19 234 16
155 253 152
77 172 74
80 167 80
1 17 1
135 182 132
6 239 6
181 228 178
26 30 26
97 253 94
96 238 96
53 188 50
19 182 16
231 254 228
33 229 30
89 238 86
125 195 122
233 250 230
63 200 60
222 245 222
126 198 126
93 94 90
7 221 4
28 41 28
100 227 100
135 227 132
15 105 12
19 111 16
86 174 86
201 207 198
111 202 108
165 233 162
99 174 96
64 193 64
70 235 70
21 114 18
44 137 44
169 206 166
56 97 56
125 255 122
5 250 2
14 16 14
57 212 54
131 207 128
11 153 8
29 195 26
86 241 86
155 194 152
40 230 40
57 175 54
107 229 104
147 156 144
18 31 18
175 192 172
73 206 70
9 185 6
135 225 132
71 91 68
42 232 42
33 54 30
156 168 156
107 137 104
22 58 22
33 57 30
128 153 128
185 252 182
195 232 192
227 250 224
57 223 54
93 197 90
37 185 34
7 142 4
245 249 242
203 233 200
69 197 66
142 166 142
57 60 54
29 89 26
89 197 86
118 187 118
221 228 218
89 120 86
49 61 46
109 191 106
56 149 56
36 84 36
195 239 192
199 237 196
119 133 116
69 196 66
34 48 34
209 246 206
157 239 154
237 252 234
105 206 102
160 188 160
61 144 58
6 67 6
84 247 84
151 225 148
18 33 18
173 247 170
14 127 14
145 171 142
75 224 72
199 233 196
175 237 172
8 168 8
129 147 126
139 168 136
45 137 42
167 168 164
132 150 132
34 130 34
81 243 78
32 134 32
3 30 1
199 220 196
241 245 238
21 67 18
229 241 226
27 138 24
11 106 8
48 101 48
247 252 244
137 183 134
214 217 214
98 228 98
151 153 148
217 228 214
39 197 36
111 123 108
41 167 38
97 109 94
136 245 136
169 232 166
32 139 32
111 159 108
211 238 208
72 154 72
189 243 186
199 235 196
43 44 40
133 208 130
73 220 70
38 155 38
150 212 150
91 196 88
29 61 26
19 168 16
26 117 26
30 117 30
136 159 136
229 254 226
54 159 54
64 68 64
85 243 82
124 153 124
117 136 114
166 181 166
23 242 20
2 10 2
43 155 40
11 252 8
46 57 46
71 245 68
117 121 114
73 231 70
162 206 162
161 197 158
99 196 96
129 229 126
159 168 156
11 32 8
161 170 158
119 180 116
179 194 176
8 199 8
22 237 22
89 226 86
103 161 100
119 241 116
112 197 112
16 26 16
179 214 176
23 210 20
4 250 4
1 165 1
93 123 90
41 156 38
16 24 16
101 170 98
61 87 58
4 159 4
225 234 222
32 152 32
49 178 46
108 243 108
8 155 8
45 238 42
69 173 66
143 215 140
93 151 90
41 139 38
64 81 64
1 7 1
73 106 70
127 143 124
23 204 20
199 244 196
209 215 206
42 203 42
44 74 44
125 143 122
147 228 144
44 63 44
6 240 6
8 76 8
95 226 92
11 171 8
174 224 174
129 132 126
13 221 10
79 209 76
106 231 106
109 183 106
33 192 30
128 182 128
54 246 54
139 205 136
52 54 52
199 238 196
23 221 20
197 218 194
69 70 66
145 236 142
143 156 140
132 255 132
135 242 132
63 185 60
53 64 50
104 107 104
173 240 170
148 231 148
108 133 108
127 251 124
229 243 226
28 89 28
111 225 108
66 200 66
59 229 56
186 248 186
121 229 118
16 94 16
38 125 38
171 255 168
203 250 200
71 139 68
185 194 182
219 244 216
16 31 16
113 190 110
147 226 144
107 155 104
61 226 58
129 231 126
87 186 84
139 225 136
14 100 14
195 229 192
190 199 190
184 224 184
198 229 198
14 58 14
95 164 92
215 241 212
69 212 66
44 122 44
106 169 106
21 195 18
86 252 86
126 220 126
216 255 216
155 184 152
59 100 56
94 154 94
57 199 54
197 201 194
68 71 68
135 231 132
129 198 126
157 191 154
223 226 220
11 203 8
44 169 44
211 254 208
62 219 62
12 14 12
209 248 206
60 166 60
140 174 140
33 68 30
97 138 94
7 77 4
253 254 250
117 204 114
12 33 12
186 212 186
5 243 2
63 254 60
13 252 10
95 192 92
91 101 88
153 187 150
105 246 102
7 202 4
89 135 86
29 212 26
44 140 44
113 238 110
39 63 36
67 223 64
117 242 114
120 238 120
43 109 40
234 243 234
89 144 86
1 3 1
64 149 64
20 177 20
89 143 86
187 219 184
23 38 20
111 160 108
66 133 66
193 212 190
21 123 18
6 32 6
251 254 248
119 186 116
91 172 88
59 197 56
68 144 68
141 252 138
19 140 16
5 226 2
123 213 120
77 133 74
65 91 62
127 177 124
20 74 20
203 213 200
46 67 46
171 233 168
1 18 1
198 255 198
99 226 96
146 239 146
21 131 18
46 76 46
177 232 174
197 204 194
121 153 118
207 223 204
229 245 226
23 83 20
57 220 54
103 252 100
21 92 18
249 255 246
15 205 12
88 153 88
83 254 80
173 203 170
126 157 126
68 108 68
142 174 142
154 220 154
20 46 20
197 222 194
188 194 188
106 194 106
189 201 186
19 88 16
81 168 78
20 22 20
155 229 152
48 103 48
50 143 50
99 172 96
199 204 196
49 112 46
53 133 50
68 217 68
129 242 126
113 157 110
96 218 96
167 223 164
71 115 68
5 46 2
38 52 38
71 188 68
96 208 96
91 93 88
2 92 2
14 43 14
40 202 40
2 236 2
107 178 104
188 224 188
82 111 82
86 89 86
32 72 32
124 151 124
233 235 230
39 148 36
113 145 110
11 64 8
3 193 1
3 192 1
162 182 162
143 182 140
102 247 102
117 248 114
209 234 206
99 249 96
30 79 30
24 154 24
142 218 142
30 77 30
101 249 98
94 96 94
73 141 70
58 101 58
37 198 34
2 121 2
177 185 174
1 8 1
22 170 22
232 241 232
241 253 238
50 113 50
53 203 50
207 230 204
199 254 196
63 152 60
35 110 32
31 220 28
92 104 92
189 193 186
177 204 174
100 254 100
41 155 38
213 224 210
246 255 246
174 232 174
185 189 182
148 238 148
231 247 228
97 129 94
103 194 100
181 227 178
45 152 42
217 253 214
203 226 200
153 193 150
31 98 28
203 255 200
16 28 16
37 130 34
108 143 108
142 154 142
39 190 36
107 254 104
16 48 16
80 134 80
198 240 198
8 88 8
10 44 10
231 251 228
49 248 46
57 75 54
54 172 54
177 209 174
8 43 8
2 58 2
1 56 1
247 254 244
105 216 102
94 124 94
33 58 30
186 244 186
97 251 94
8 15 8
1 206 1
89 215 86
20 151 20
230 239 230
117 124 114
160 243 160
25 145 22
217 234 214
83 253 80
110 184 110
185 199 182
33 214 30
237 251 234
42 175 42
38 50 38
1 12 1
89 243 86
153 238 150
12 48 12
63 220 60
159 237 156
48 148 48
165 184 162
189 211 186
52 229 52
97 114 94
191 223 188
46 156 46
35 38 32
166 179 166
87 246 84
128 135 128
187 188 184
26 41 26
148 179 148
196 203 196
55 133 52
24 234 24
191 205 188
125 224 122
251 253 248
29 97 26
21 107 18
249 251 246
34 252 34
149 187 146
102 232 102
58 177 58
239 253 236
46 132 46
11 59 8
136 228 136
133 231 130
151 226 148
128 233 128
203 223 200
213 254 210
237 245 234
215 222 212
169 177 166
217 233 214
53 172 50
28 83 28
25 66 22
28 166 28
15 102 12
42 59 42
24 207 24
121 240 118
18 45 18
111 152 108
6 65 6
223 254 220
223 228 220
130 233 130
223 253 220
145 240 142
148 180 148
27 119 24
130 161 130
25 73 22
55 161 52
179 218 176
251 255 248
50 204 50
13 229 10
73 142 70
181 210 178
177 255 174
60 94 60
29 248 26
164 218 164
87 188 84
95 206 92
193 235 190
110 120 110
107 195 104
231 255 228
241 251 238
59 93 56
237 255 234
139 215 136
34 192 34
19 152 16
39 170 36
63 106 60
48 58 48
18 42 18
14 168 14
14 243 14
99 154 96
203 217 200
105 163 102
184 193 184
69 156 66
237 242 234
45 89 42
75 125 72
91 119 88
44 55 44
229 251 226
89 241 86
56 134 56
81 116 78
69 190 66
5 221 2
58 66 58
87 154 84
235 245 232
87 94 84
18 85 18
55 132 52
24 31 24
216 234 216
11 109 8
63 159 60
141 214 138
33 62 30
10 65 10
167 169 164
226 241 226
209 223 206
151 187 148
42 235 42
241 247 238
75 164 72
201 205 198
91 226 88
141 243 138
64 138 64
50 147 50
8 120 8
72 172 72
131 234 128
181 238 178
34 203 34
2 51 2
58 61 58
98 229 98
6 111 6
52 122 52
101 123 98
70 97 70
108 230 108
157 187 154
27 180 24
107 189 104
6 9 6
112 216 112
159 239 156
163 212 160
21 147 18
172 245 172
131 136 128
82 98 82
187 207 184
7 189 4
217 246 214
113 241 110
18 251 18
221 246 218
17 56 14
18 58 18
43 143 40
165 239 162
217 248 214
191 255 188
197 240 194
146 219 146
117 128 114
145 146 142
137 223 134
49 86 46
6 17 6
65 161 62
163 171 160
137 190 134
62 183 62
171 208 168
12 188 12
19 183 16
175 176 172
227 247 224
110 129 110
71 197 68
135 252 132
43 246 40
122 180 122
143 220 140
191 239 188
190 217 190
239 255 236
55 215 52
179 220 176
74 164 74
96 230 96
101 247 98
21 30 18
1 46 1
117 213 114
79 98 76
71 72 68
60 145 60
24 92 24
26 56 26
15 83 12
144 198 144
43 58 40
46 48 46
6 220 6
221 250 218
204 228 204
110 135 110
115 209 112
102 231 102
205 255 202
38 97 38
31 138 28
199 253 196
218 252 218
10 19 10
187 213 184
191 213 188
45 61 42
2 5 2
49 79 46
33 127 30
151 175 148
58 97 58
143 165 140
22 127 22
146 210 146
36 201 36
9 146 6
133 175 130
35 105 32
2 193 2
63 135 60
148 190 148
98 206 98
16 46 16
81 241 78
70 146 70
8 234 8
32 44 32
65 160 62
211 242 208
117 243 114
30 103 30
128 140 128
63 115 60
120 205 120
7 214 4
112 249 112
162 243 162
9 214 6
197 224 194
217 237 214
13 236 10
70 120 70
41 108 38
5 202 2
86 111 86
135 228 132
15 44 12
125 205 122
51 160 48
64 252 64
181 208 178
6 231 6
22 85 22
72 85 72
25 33 22
14 30 14
123 186 120
11 75 8
23 110 20
18 234 18
127 211 124
221 247 218
53 92 50
152 251 152
143 214 140
86 107 86
215 238 212
23 100 20
233 240 230
126 163 126
40 49 40
46 118 46
173 204 170
7 64 4
211 220 208
22 115 22
65 247 62
23 71 20
6 27 6
72 210 72
136 166 136
108 236 108
32 51 32
37 114 34
185 228 182
80 105 80
87 226 84
35 42 32
119 200 116
71 203 68
233 249 230
25 165 22
26 144 26
225 248 222
162 250 162
75 78 72
147 221 144
5 183 2
173 222 170
71 243 68
60 64 60
69 254 66
62 230 62
9 14 6
58 135 58
93 187 90
201 254 198
187 242 184
199 212 196
194 207 194
133 142 130
217 254 214
1 100 1
53 130 50
120 153 120
1 119 1
207 235 204
103 225 100
2 9 2
69 180 66
205 248 202
42 223 42
42 111 42
8 83 8
35 117 32
37 254 34
165 247 162
75 176 72
153 183 150
17 188 14
95 175 92
32 165 32
191 199 188
137 251 134
131 246 128
44 51 44
65 216 62
129 162 126
88 148 88
157 213 154
60 92 60
69 185 66
118 129 118
13 158 10
37 106 34
62 232 62
131 184 128
5 162 2
46 224 46
214 252 214
73 83 70
22 36 22
176 215 176
72 202 72
101 229 98
36 93 36
23 155 20
171 207 168
69 147 66
11 167 8
156 208 156
175 226 172
57 216 54
153 218 150
73 208 70
59 149 56
225 236 222
169 224 166
99 111 96
105 142 102
88 128 88
115 180 112
166 190 166
123 204 120
2 8 2
109 162 106
26 91 26
14 238 14
2 6 2
189 217 186
62 129 62
53 168 50
165 171 162
201 227 198
233 236 230
167 178 164
245 251 242
97 196 94
139 235 136
104 223 104
241 252 238
75 112 72
99 103 96
209 252 206
11 170 8
119 159 116
239 241 236
107 216 104
22 186 22
158 244 158
57 214 54
109 164 106
4 27 4
23 148 20
50 132 50
49 219 46
55 152 52
46 62 46
141 192 138
2 152 2
17 25 14
29 57 26
121 236 118
65 215 62
43 74 40
163 192 160
35 225 32
59 219 56
205 245 202
41 137 38
40 55 40
42 228 42
195 219 192
25 208 22
12 238 12
140 238 140
44 236 44
140 190 140
199 209 196
159 233 156
207 239 204
174 249 174
57 85 54
84 188 84
223 231 220
95 198 92
183 188 180
196 232 196
247 250 244
180 186 180
147 189 144
101 156 98
85 121 82
207 210 204
12 159 12
49 57 46
53 129 50
48 253 48
193 204 190
103 108 100
83 114 80
169 183 166
51 157 48
130 211 130
163 167 160
54 64 54
15 113 12
57 66 54
3 239 1
161 211 158
169 239 166
151 182 148
62 215 62
95 254 92
4 23 4
28 57 28
69 94 66
2 178 2
199 206 196
67 135 64
110 225 110
196 206 196
86 165 86
225 238 222
38 191 38
79 253 76
185 188 182
51 240 48
57 76 54
209 221 206
89 175 86
145 147 142
171 193 168
23 220 20
85 198 82
16 53 16
28 144 28
193 240 190
243 246 240
47 96 44
55 173 52
15 152 12
26 246 26
47 242 44
174 195 174
173 183 170
17 51 14
85 240 82
115 116 112
16 173 16
163 241 160
90 93 90
1 21 1
108 182 108
106 192 106
82 118 82
48 143 48
99 147 96
181 253 178
163 187 160
37 237 34
136 153 136
43 222 40
154 205 154
72 170 72
60 98 60
107 124 104
110 132 110
67 245 64
2 204 2
18 132 18
151 229 148
136 199 136
35 85 32
5 70 2
62 79 62
105 194 102
131 197 128
2 7 2
96 236 96
149 163 146
213 251 210
20 131 20
6 13 6
112 115 112
247 251 244
124 203 124
249 253 246
20 200 20
154 213 154
103 124 100
88 120 88
197 199 194
55 209 52
191 217 188
102 137 102
79 169 76
81 178 78
103 141 100
165 190 162
29 72 26
91 235 88
157 200 154
53 101 50
20 57 20
156 244 156
213 236 210
167 174 164
38 218 38
24 33 24
169 197 166
18 206 18
4 9 4
171 239 168
60 215 60
210 240 210
153 167 150
227 230 224
139 240 136
119 190 116
191 192 188
210 243 210
117 229 114
99 243 96
121 151 118
74 113 74
3 232 1
195 244 192
26 59 26
131 135 128
157 252 154
86 182 86
167 192 164
110 146 110
34 52 34
194 248 194
32 46 32
187 229 184
179 215 176
141 151 138
154 233 154
13 85 10
159 177 156
143 248 140
7 117 4
95 178 92
21 31 18
179 241 176
6 128 6
25 117 22
115 146 112
63 167 60
55 222 52
104 108 104
61 68 58
143 246 140
126 171 126
181 197 178
113 182 110
166 199 166
18 37 18
213 253 210
150 234 150
83 90 80
38 58 38
14 144 14
35 142 32
37 49 34
45 63 42
67 80 64
60 151 60
122 156 122
78 146 78
54 233 54
105 141 102
107 169 104
229 247 226
133 242 130
181 239 178
143 192 140
84 114 84
202 204 202
139 153 136
237 238 234
2 176 2
120 132 120
55 127 52
18 26 18
134 174 134
68 212 68
9 52 6
1 179 1
243 247 240
249 254 246
79 101 76
18 160 18
227 241 224
41 185 38
95 155 92
47 250 44
146 159 146
141 166 138
245 247 242
1 121 1
126 162 126
199 229 196
128 211 128
30 150 30
60 192 60
133 190 130
39 127 36
229 242 226
193 219 190
26 114 26
65 251 62
133 172 130
45 117 42
76 93 76
235 248 232
85 164 82
2 211 2
27 195 24
225 245 222
233 246 230
47 134 44
19 138 16
125 149 122
64 146 64
17 36 14
79 211 76
54 83 54
106 232 106
53 69 50
185 191 182
87 240 84
231 234 228
81 90 78
107 110 104
146 241 146
37 139 34
143 149 140
163 185 160
29 98 26
43 179 40
91 139 88
68 73 68
121 219 118
221 254 218
1 32 1
211 244 208
213 223 210
36 78 36
89 145 86
135 195 132
11 119 8
123 155 120
51 128 48
215 246 212
62 69 62
161 200 158
86 189 86
69 83 66
49 237 46
147 154 144
4 192 4
49 209 46
30 33 30
56 155 56
131 156 128
32 81 32
27 206 24
94 192 94
23 32 20
34 149 34
81 134 78
143 198 140
116 139 116
200 210 200
145 245 142
125 209 122
11 127 8
108 237 108
103 125 100
131 227 128
213 240 210
78 143 78
87 153 84
59 215 56
239 246 236
173 230 170
122 167 122
128 181 128
77 103 74
10 21 10
114 182 114
57 81 54
191 230 188
20 60 20
109 132 106
37 163 34
187 231 184
225 226 222
139 201 136
239 247 236
115 246 112
147 253 144
77 228 74
179 228 176
27 148 24
68 100 68
221 245 218
33 66 30
229 248 226
127 239 124
225 244 222
20 117 20
17 212 14
120 123 120
51 78 48
147 237 144
32 65 32
170 243 170
165 176 162
51 189 48
43 144 40
115 155 112
37 223 34
100 229 100
41 136 38
117 231 114
120 241 120
186 195 186
45 149 42
30 73 30
119 219 116
91 248 88
123 206 120
58 112 58
183 219 180
79 195 76
77 231 74
30 51 30
105 210 102
16 76 16
82 148 82
110 244 110
66 139 66
4 22 4
29 214 26
27 227 24
185 231 182
21 36 18
91 182 88
76 165 76
53 147 50
203 252 200
85 250 82
89 212 86
209 213 206
223 242 220
55 59 52
30 34 30
15 80 12
56 108 56
161 240 158
14 234 14
47 241 44
104 178 104
43 210 40
34 136 34
131 175 128
3 98 1
67 77 64
96 183 96
175 235 172
107 238 104
6 23 6
191 234 188
47 89 44
39 223 36
14 111 14
37 115 34
49 185 46
123 187 120
237 239 234
232 238 232
104 207 104
182 212 182
8 10 8
137 164 134
81 217 78
8 13 8
35 83 32
31 224 28
24 126 24
183 204 180
59 188 56
253 255 250
133 210 130
49 168 46
70 159 70
33 71 30
30 72 30
219 227 216
172 188 172
87 255 84
87 236 84
42 150 42
46 193 46
41 197 38
158 181 158
85 224 82
17 79 14
59 171 56
2 72 2
173 185 170
114 245 114
191 198 188
14 218 14
109 255 106
101 182 98
81 86 78
97 136 94
65 221 62
114 249 114
40 166 40
95 190 92
171 240 168
211 230 208
109 182 106
8 11 8
103 107 100
36 221 36
185 208 182
50 121 50
92 189 92
33 44 30
39 131 36
179 221 176
125 145 122
55 138 52
157 232 154
105 152 102
35 244 32
181 186 178
33 183 30
115 194 112
183 243 180
223 250 220
44 162 44
37 179 34
79 162 76
51 106 48
20 223 20
123 200 120
1 167 1
39 160 36
17 152 14
4 80 4
73 145 70
27 42 24
2 13 2
59 137 56
157 177 154
122 228 122
140 167 140
112 118 112
98 242 98
25 234 22
44 81 44
9 36 6
27 134 24
48 131 48
70 144 70
2 179 2
177 216 174
30 78 30
1 55 1
73 201 70
4 114 4
1 6 1
108 136 108
38 66 38
93 138 90
10 190 10
45 211 42
111 237 108
110 248 110
87 162 84
151 162 148
132 183 132
121 135 118
41 124 38
147 166 144
2 198 2
118 127 118
135 255 132
17 109 14
9 213 6
65 193 62
32 188 32
73 158 70
84 110 84
139 245 136
23 202 20
153 221 150
78 127 78
20 132 20
78 103 78
134 160 134
45 171 42
16 80 16
219 251 216
175 178 172
53 183 50
183 212 180
2 115 2
221 230 218
204 215 204
67 253 64
23 212 20
18 213 18
165 215 162
47 100 44
141 221 138
25 240 22
7 49 4
189 235 186
53 167 50
84 161 84
30 74 30
193 251 190
201 230 198
117 205 114
123 137 120
208 214 208
235 249 232
32 40 32
55 207 52
143 170 140
67 138 64
185 197 182
114 255 114
18 208 18
15 134 12
153 229 150
18 39 18
35 76 32
93 147 90
54 200 54
217 251 214
81 143 78
104 122 104
9 29 6
4 49 4
83 234 80
46 91 46
75 175 72
7 114 4
57 149 54
53 78 50
74 216 74
134 190 134
37 69 34
185 186 182
59 119 56
111 214 108
79 114 76
72 155 72
21 140 18
37 82 34
71 205 68
111 178 108
188 244 188
28 42 28
143 206 140
74 253 74
51 183 48
133 174 130
3 70 1
73 79 70
199 208 196
54 147 54
3 75 1
199 245 196
34 195 34
97 246 94
111 212 108
141 208 138
87 233 84
12 36 12
9 255 6
158 214 158
56 91 56
138 232 138
151 236 148
193 203 190
149 235 146
139 140 136
163 229 160
115 124 112
163 240 160
33 148 30
235 238 232
187 226 184
73 249 70
15 216 12
111 221 108
4 35 4
38 49 38
56 61 56
13 95 10
45 116 42
69 179 66
133 185 130
111 196 108
135 238 132
209 250 206
139 188 136
89 163 86
9 153 6
77 220 74
105 140 102
82 193 82
213 231 210
245 246 242
79 234 76
107 132 104
107 153 104
187 216 184
147 200 144
176 232 176
85 111 82
159 181 156
229 230 226
77 244 74
31 241 28
145 162 142
211 228 208
35 201 32
144 211 144
57 176 54
86 180 86
17 50 14
5 178 2
183 244 180
203 227 200
141 190 138
55 95 52
119 230 116
75 141 72
166 189 166
79 170 76
227 244 224
13 162 10
233 247 230
20 104 20
197 229 194
105 167 102
55 78 52
141 195 138
91 134 88
155 209 152
109 181 106
107 218 104
49 156 46
227 249 224
28 222 28
33 117 30
243 253 240
42 78 42
67 244 64
219 238 216
49 71 46
169 175 166
27 226 24
141 233 138
75 186 72
16 179 16
41 224 38
169 230 166
113 222 110
151 163 148
189 205 186
137 171 134
45 134 42
113 251 110
133 218 130
45 105 42
105 143 102
105 198 102
2 29 2
25 74 22
135 209 132
14 24 14
58 141 58
153 226 150
30 197 30
151 233 148
10 147 10
85 117 82
26 202 26
127 216 124
217 239 214
139 224 136
23 62 20
89 198 86
51 143 48
57 202 54
34 43 34
243 255 240
55 149 52
97 219 94
181 209 178
59 117 56
17 190 14
24 60 24
191 254 188
43 164 40
10 31 10
11 18 8
55 201 52
119 205 116
55 108 52
213 228 210
12 211 12
21 23 18
85 89 82
209 226 206
11 173 8
140 176 140
149 200 146
143 160 140
53 61 50
231 246 228
53 148 50
16 213 16
135 229 132
107 231 104
162 167 162
123 227 120
105 153 102
173 225 170
57 140 54
138 240 138
237 253 234
169 171 166
92 110 92
82 104 82
174 248 174
5 79 2
100 228 100
95 106 92
48 147 48
120 178 120
35 109 32
43 114 40
9 180 6
4 130 4
14 165 14
189 212 186
2 87 2
6 33 6
113 252 110
173 246 170
67 92 64
100 182 100
41 63 38
191 246 188
247 255 244
120 122 120
18 50 18
155 200 152
193 236 190
42 208 42
13 43 10
185 237 182
61 163 58
167 181 164
61 160 58
170 183 170
112 142 112
189 219 186
32 196 32
75 87 72
35 49 32
116 133 116
36 202 36
107 210 104
7 52 4
95 118 92
9 244 6
84 220 84
95 107 92
60 106 60
239 250 236
219 235 216
117 194 114
151 213 148
68 84 68
18 121 18
129 131 126
2 17 2
33 106 30
75 249 72
5 141 2
18 238 18
78 173 78
139 163 136
113 171 110
22 175 22
46 127 46
19 134 16
79 158 76
52 113 52
43 224 40
215 239 212
48 108 48
110 208 110
161 214 158
56 113 56
79 104 76
121 175 118
8 19 8
54 176 54
129 150 126
51 86 48
211 231 208
17 24 14
20 226 20
159 165 156
215 232 212
106 213 106
14 17 14
79 97 76
70 220 70
209 236 206
77 135 74
203 237 200
7 84 4
79 213 76
223 252 220
83 214 80
111 136 108
56 130 56
82 105 82
20 194 20
57 157 54
183 229 180
14 35 14
72 128 72
125 162 122
119 217 116
81 113 78
59 68 56
101 206 98
7 67 4
3 110 1
110 221 110
199 221 196
137 168 134
153 253 150
69 80 66
30 149 30
79 236 76
37 118 34
207 231 204
181 207 178
25 28 22
24 183 24
10 49 10
247 249 244
223 247 220
196 216 196
49 179 46
85 114 82
149 203 146
145 206 142
1 215 1
117 189 114
143 174 140
161 192 158
32 53 32
189 209 186
31 44 28
203 220 200
94 139 94
171 231 168
101 167 98
195 235 192
147 179 144
233 239 230
81 253 78
225 230 222
1 5 1
76 248 76
73 254 70
190 219 190
90 201 90
179 236 176
40 117 40
89 223 86
113 129 110
215 225 212
114 128 114
59 92 56
3 182 1
139 241 136
33 212 30
53 216 50
145 178 142
82 227 82
42 106 42
59 126 56
10 143 10
23 237 20
11 195 8
143 223 140
81 202 78
243 250 240
147 209 144
101 223 98
15 98 12
134 183 134
117 198 114
171 196 168
185 200 182
191 251 188
226 240 226
150 242 150
136 175 136
31 33 28
119 138 116
106 149 106
81 233 78
51 80 48
193 229 190
50 192 50
125 204 122
149 221 146
63 242 60
211 216 208
80 97 80
200 224 200
197 245 194
36 100 36
29 224 26
19 130 16
205 220 202
17 60 14
193 201 190
13 29 10
56 70 56
145 157 142
105 127 102
203 234 200
155 192 152
107 249 104
135 226 132
59 179 56
45 58 42
95 131 92
163 198 160
49 223 46
93 177 90
30 37 30
49 196 46
90 243 90
10 13 10
132 152 132
109 231 106
42 149 42
203 238 200
151 237 148
57 252 54
13 192 10
69 234 66
17 81 14
64 83 64
63 157 60
77 192 74
129 227 126
87 229 84
223 249 220
27 178 24
97 155 94
25 205 22
28 34 28
33 146 30
109 172 106
197 248 194
77 255 74
83 131 80
113 189 110
59 75 56
36 164 36
18 64 18
37 132 34
65 92 62
33 52 30
44 189 44
193 246 190
112 141 112
53 103 50
73 178 70
10 32 10
125 146 122
48 80 48
123 163 120
122 238 122
72 130 72
189 244 186
77 169 74
31 119 28
128 209 128
38 99 38
59 102 56
61 199 58
139 147 136
155 185 152
145 190 142
179 193 176
125 154 122
219 241 216
156 238 156
37 246 34
179 248 176
143 219 140
91 213 88
133 199 130
92 161 92
191 242 188
89 173 86
107 234 104
158 228 158
151 194 148
77 219 74
211 232 208
75 101 72
85 90 82
163 244 160
12 243 12
62 231 62
26 161 26
171 251 168
148 151 148
165 244 162
162 210 162
130 246 130
51 81 48
97 232 94
103 190 100
243 248 240
66 89 66
41 122 38
88 132 88
87 138 84
59 162 56
60 178 60
52 67 52
107 168 104
45 178 42
38 61 38
149 231 146
69 129 66
32 214 32
90 178 90
171 210 168
6 183 6
179 253 176
125 208 122
10 27 10
181 245 178
113 138 110
205 229 202
146 175 146
79 188 76
162 179 162
85 141 82
50 84 50
30 182 30
14 63 14
33 125 30
129 190 126
1 202 1
31 91 28
159 213 156
53 151 50
18 27 18
155 220 152
75 208 72
115 223 112
157 221 154
169 198 166
187 201 184
52 186 52
65 203 62
149 245 146
205 254 202
86 212 86
121 254 118
195 204 192
100 201 100
32 34 32
62 250 62
197 216 194
16 234 16
203 211 200
136 182 136
133 235 130
40 129 40
179 231 176
118 249 118
77 193 74
45 77 42
105 212 102
245 255 242
67 90 64
2 228 2
106 250 106
19 39 16
45 182 42
153 168 150
43 108 40
11 61 8
109 207 106
8 62 8
93 153 90
44 54 44
112 128 112
16 41 16
173 179 170
87 251 84
19 156 16
185 215 182
88 184 88
181 213 178
91 223 88
1 40 1
82 206 82
89 247 86
89 131 86
96 174 96
142 220 142
53 109 50
187 238 184
29 102 26
34 51 34
14 231 14
165 254 162
26 181 26
46 226 46
85 112 82
99 109 96
22 43 22
169 170 166
221 237 218
22 38 22
93 244 90
36 133 36
207 228 204
36 251 36
245 248 242
51 226 48
74 105 74
23 183 20
168 196 168
71 94 68
131 206 128
51 85 48
41 209 38
47 70 44
42 217 42
48 127 48
22 34 22
123 224 120
102 138 102
87 117 84
122 183 122
85 216 82
95 125 92
167 176 164
69 191 66
123 217 120
171 185 168
151 191 148
7 175 4
118 141 118
125 130 122
168 195 168
145 148 142
103 154 100
99 119 96
55 100 52
59 247 56
79 214 76
189 223 186
209 241 206
82 112 82
99 247 96
8 12 8
14 27 14
117 236 114
191 218 188
5 62 2
147 251 144
219 245 216
57 84 54
114 226 114
4 70 4
223 227 220
131 236 128
215 218 212
189 240 186
172 253 172
12 15 12
103 147 100
17 210 14
14 249 14
48 146 48
9 168 6
2 67 2
120 219 120
165 175 162
14 140 14
38 134 38
139 238 136
3 124 1
4 74 4
8 14 8
62 127 62
6 181 6
40 101 40
25 86 22
16 44 16
93 163 90
20 115 20
12 17 12
87 171 84
151 152 148
229 249 226
221 251 218
97 177 94
90 239 90
158 193 158
14 223 14
13 213 10
38 101 38
245 250 242
18 140 18
155 240 152
23 114 20
209 219 206
99 158 96
183 233 180
33 180 30
185 220 182
100 106 100
64 249 64
1 166 1
157 159 154
177 240 174
22 103 22
4 75 4
107 162 104
101 119 98
149 160 146
37 220 34
183 223 180
183 232 180
87 104 84
223 238 220
85 239 82
117 129 114
126 238 126
42 51 42
113 234 110
34 145 34
161 244 158
141 241 138
89 232 86
175 248 172
26 101 26
197 208 194
181 250 178
63 113 60
49 173 46
59 110 56
11 132 8
62 78 62
205 212 202
7 240 4
57 190 54
207 218 204
25 168 22
42 172 42
133 137 130
86 203 86
36 97 36
40 207 40
189 250 186
85 228 82
81 232 78
123 211 120
131 171 128
23 163 20
121 137 118
58 186 58
84 162 84
49 92 46
152 212 152
235 250 232
63 235 60
49 59 46
89 254 86
24 80 24
215 237 212
35 103 32
15 213 12
29 136 26
159 226 156
13 49 10
10 25 10
209 249 206
17 218 14
55 213 52
249 250 246
125 167 122
169 245 166
8 160 8
202 210 202
72 197 72
110 237 110
114 123 114
137 237 134
12 22 12
177 207 174
147 236 144
103 150 100
5 132 2
168 245 168
34 103 34
35 209 32
133 234 130
180 253 180
145 160 142
24 74 24
241 244 238
40 184 40
55 155 52
73 81 70
106 150 106
199 228 196
62 70 62
58 192 58
42 80 42
24 144 24
163 223 160
134 156 134
172 176 172
51 119 48
195 213 192
29 172 26
165 181 162
115 131 112
23 201 20
97 174 94
75 143 72
36 51 36
174 231 174
225 247 222
57 148 54
47 233 44
141 223 138
171 246 168
59 198 56
135 138 132
58 193 58
19 219 16
21 139 18
159 232 156
26 115 26
15 211 12
91 155 88
57 117 54
91 96 88
227 253 224
21 29 18
36 220 36
12 73 12
154 223 154
53 67 50
76 193 76
123 145 120
127 238 124
175 199 172
73 98 70
215 253 212
99 110 96
229 236 226
109 184 106
146 162 146
134 229 134
183 237 180
8 82 8
82 86 82
95 124 92
26 39 26
138 140 138
105 168 102
10 12 10
3 246 1
115 239 112
95 241 92
112 246 112
43 211 40
8 42 8
96 210 96
48 85 48
171 223 168
186 254 186
14 212 14
217 250 214
121 212 118
40 154 40
7 183 4
152 201 152
46 63 46
139 144 136
189 230 186
27 253 24
109 157 106
147 169 144
20 91 20
123 151 120
141 159 138
79 125 76
109 126 106
101 134 98
134 142 134
95 225 92
148 209 148
80 204 80
233 241 230
37 79 34
97 106 94
111 119 108
66 130 66
72 245 72
190 213 190
3 250 1
13 19 10
37 187 34
124 224 124
90 222 90
24 55 24
63 108 60
123 170 120
149 193 146
22 229 22
94 171 94
156 229 156
36 73 36
11 131 8
195 202 192
5 144 2
115 144 112
135 243 132
45 79 42
137 226 134
42 53 42
84 204 84
207 219 204
123 235 120
43 60 40
117 156 114
102 169 102
6 21 6
71 220 68
147 157 144
30 70 30
205 214 202
121 217 118
149 155 146
104 172 104
193 252 190
161 206 158
92 167 92
86 215 86
4 227 4
128 218 128
73 209 70
159 245 156
52 74 52
5 74 2
240 246 240
4 165 4
14 248 14
73 241 70
2 116 2
102 229 102
7 48 4
90 92 90
48 54 48
157 201 154
96 242 96
137 191 134
71 238 68
92 139 92
58 108 58
47 248 44
149 199 146
107 203 104
6 14 6
186 231 186
115 172 112
205 233 202
147 217 144
2 4 2
165 174 162
25 85 22
2 34 2
167 211 164
65 207 62
6 64 6
51 152 48
90 115 90
6 10 6
18 231 18
21 162 18
158 198 158
151 170 148
70 249 70
205 210 202
148 171 148
8 126 8
109 199 106
59 134 56
37 203 34
53 184 50
25 96 22
11 15 8
2 43 2
65 111 62
81 138 78
43 188 40
173 241 170
74 111 74
63 78 60
52 176 52
209 229 206
61 239 58
111 242 108
21 158 18
12 98 12
73 124 70
3 187 1
113 255 110
6 87 6
115 228 112
114 152 114
121 126 118
107 226 104
113 196 110
14 219 14
146 242 146
138 165 138
57 246 54
219 224 216
109 120 106
135 232 132
1 239 1
130 215 130
129 236 126
41 241 38
118 163 118
17 186 14
117 225 114
156 217 156
11 253 8
217 225 214
93 191 90
86 200 86
102 149 102
28 104 28
79 207 76
114 224 114
28 150 28
183 222 180
125 173 122
133 227 130
16 23 16
43 93 40
64 134 64
73 196 70
6 83 6
127 140 124
156 188 156
199 207 196
217 249 214
91 200 88
139 190 136
163 168 160
23 241 20
147 160 144
152 196 152
6 25 6
120 191 120
92 138 92
156 178 156
227 248 224
26 189 26
9 84 6
195 211 192
61 136 58
75 184 72
102 201 102
148 160 148
127 218 124
20 28 20
215 223 212
179 185 176
28 190 28
18 179 18
140 157 140
73 151 70
31 191 28
83 196 80
59 81 56
174 230 174
249 252 246
61 79 58
207 250 204
115 215 112
59 228 56
217 243 214
34 128 34
221 236 218
22 227 22
101 122 98
73 152 70
47 193 44
8 24 8
77 146 74
163 238 160
140 178 140
155 247 152
65 202 62
55 158 52
37 91 34
19 249 16
61 166 58
99 212 96
57 145 54
173 214 170
159 220 156
163 222 160
113 202 110
62 83 62
50 206 50
81 125 78
187 220 184
211 245 208
195 221 192
3 21 1
62 144 62
229 255 226
55 105 52
16 138 16
19 53 16
152 191 152
5 51 2
39 145 36
104 195 104
13 168 10
19 40 16
68 79 68
235 243 232
167 193 164
83 125 80
207 224 204
6 70 6
127 152 124
102 107 102
107 109 104
139 218 136
69 148 66
21 66 18
245 252 242
11 38 8
144 213 144
31 118 28
4 216 4
47 211 44
129 182 126
176 230 176
53 207 50
167 170 164
46 79 46
76 87 76
23 98 20
243 252 240
89 110 86
129 207 126
14 40 14
97 229 94
20 148 20
53 173 50
106 125 106
11 196 8
199 210 196
160 201 160
38 122 38
43 204 40
23 64 20
2 160 2
77 82 74
107 129 104
183 206 180
20 230 20
40 250 40
109 229 106
26 126 26
142 199 142
61 220 58
82 141 82
76 81 76
209 211 206
99 239 96
113 240 110
53 120 50
235 239 232
175 249 172
131 242 128
194 196 194
168 211 168
241 254 238
96 166 96
1 180 1
139 155 136
3 161 1
35 229 32
151 165 148
63 104 60
6 166 6
99 179 96
155 201 152
109 146 106
134 195 134
3 168 1
45 204 42
70 100 70
79 153 76
80 171 80
56 249 56
65 141 62
65 82 62
129 153 126
201 243 198
89 165 86
87 225 84
207 209 204
56 126 56
155 234 152
104 245 104
140 142 140
177 212 174
161 201 158
158 180 158
79 143 76
52 92 52
17 173 14
141 247 138
19 221 16
167 184 164
103 155 100
40 83 40
79 116 76
190 208 190
77 119 74
123 172 120
165 229 162
149 204 146
96 101 96
143 205 140
148 196 148
5 239 2
105 238 102
43 252 40
141 213 138
58 92 58
109 210 106
35 72 32
69 198 66
31 243 28
117 146 114
211 214 208
51 163 48
132 168 132
217 255 214
101 251 98
83 240 80
42 90 42
93 128 90
129 191 126
61 202 58
28 32 28
229 232 226
8 84 8
163 224 160
197 213 194
28 43 28
24 253 24
10 17 10
47 185 44
67 120 64
82 132 82
134 254 134
16 168 16
109 192 106
207 229 204
6 92 6
185 225 182
107 126 104
9 16 6
37 98 34
92 155 92
39 207 36
13 51 10
134 214 134
50 142 50
63 192 60
87 237 84
9 31 6
82 238 82
186 252 186
187 250 184
157 197 154
64 161 64
112 210 112
225 235 222
24 26 24
215 255 212
40 152 40
127 151 124
44 200 44
117 199 114
50 64 50
153 243 150
36 53 36
42 55 42
50 75 50
151 240 148
1 153 1
127 193 124
196 229 196
102 155 102
75 118 72
127 155 124
213 255 210
2 28 2
30 43 30
107 202 104
14 52 14
230 250 230
56 140 56
27 239 24
82 137 82
169 188 166
93 116 90
130 136 130
18 128 18
97 216 94
31 173 28
6 197 6
215 228 212
213 237 210
58 72 58
37 177 34
18 84 18
193 198 190
61 133 58
45 64 42
187 233 184
49 85 46
33 73 30
81 242 78
165 227 162
11 172 8
148 218 148
31 252 28
207 243 204
43 200 40
35 69 32
24 30 24
49 164 46
26 44 26
149 218 146
155 219 152
128 226 128
101 127 98
160 252 160
135 236 132
27 118 24
67 250 64
146 201 146
11 185 8
85 134 82
235 251 232
85 86 82
15 222 12
138 150 138
177 253 174
60 130 60
213 238 210
161 238 158
84 115 84
206 250 206
140 154 140
193 220 190
26 51 26
31 189 28
221 241 218
35 215 32
119 247 116
47 93 44
61 66 58
88 219 88
104 130 104
102 228 102
49 139 46
25 152 22
5 142 2
33 173 30
48 79 48
106 172 106
173 186 170
215 248 212
191 236 188
235 244 232
1 81 1
12 246 12
77 239 74
17 244 14
10 36 10
34 109 34
107 204 104
215 220 212
165 240 162
61 171 58
78 174 78
73 200 70
123 242 120
25 68 22
74 139 74
29 84 26
10 140 10
13 153 10
76 78 76
51 214 48
93 250 90
84 125 84
38 44 38
27 71 24
53 189 50
247 248 244
123 133 120
8 22 8
231 253 228
37 183 34
103 122 100
17 176 14
39 107 36
24 151 24
2 14 2
97 225 94
37 209 34
42 89 42
38 54 38
217 247 214
97 143 94
241 249 238
66 135 66
158 216 158
69 251 66
145 149 142
70 87 70
108 249 108
214 245 214
189 198 186
11 146 8
117 255 114
45 199 42
101 115 98
155 170 152
22 116 22
177 219 174
84 196 84
149 201 146
77 141 74
60 203 60
195 240 192
98 122 98
4 13 4
29 43 26
14 31 14
149 209 146
5 180 2
16 50 16
22 69 22
195 223 192
213 221 210
154 249 154
93 160 90
2 187 2
53 174 50
79 148 76
48 113 48
174 187 174
82 89 82
170 189 170
42 45 42
243 244 240
25 254 22
18 51 18
89 148 86
73 187 70
195 198 192
47 123 44
152 156 152
62 220 62
143 202 140
67 251 64
133 202 130
195 254 192
136 248 136
209 233 206
88 182 88
30 121 30
45 242 42
64 219 64
151 186 148
42 215 42
135 217 132
2 39 2
117 188 114
111 236 108
121 234 118
78 120 78
82 226 82
189 241 186
227 228 224
103 183 100
49 73 46
3 230 1
29 191 26
22 208 22
56 165 56
87 166 84
50 101 50
34 124 34
155 249 152
35 54 32
199 250 196
71 100 68
149 236 146
53 223 50
11 244 8
193 216 190
201 249 198
63 239 60
118 225 118
177 229 174
67 167 64
18 209 18
217 238 214
165 166 162
57 218 54
95 186 92
20 217 20
205 227 202
25 144 22
173 205 170
113 191 110
155 179 152
28 208 28
17 253 14
229 237 226
67 76 64
159 170 156
62 95 62
98 151 98
11 238 8
159 208 156
79 237 76
75 93 72
15 108 12
189 242 186
10 237 10
47 146 44
75 209 72
103 115 100
125 247 122
79 82 76
241 248 238
39 178 36
170 185 170
161 168 158
135 139 132
62 229 62
7 212 4
42 164 42
24 64 24
70 219 70
29 149 26
26 132 26
54 61 54
147 222 144
158 201 158
35 166 32
81 186 78
24 106 24
211 234 208
23 86 20
10 100 10
11 79 8
187 196 184
111 124 108
149 186 146
142 239 142
115 224 112
173 234 170
53 100 50
128 227 128
177 226 174
141 163 138
167 248 164
203 222 200
4 124 4
5 94 2
43 172 40
124 179 124
11 179 8
16 32 16
143 185 140
9 229 6
41 80 38
194 197 194
108 213 108
55 243 52
201 236 198
87 109 84
219 223 216
89 140 86
94 224 94
27 203 24
175 181 172
207 208 204
38 45 38
39 44 36
207 251 204
86 91 86
195 209 192
213 246 210
85 217 82
136 150 136
95 157 92
26 217 26
63 186 60
27 85 24
2 174 2
46 58 46
127 171 124
157 184 154
165 191 162
225 231 222
213 252 210
6 39 6
219 234 216
34 133 34
75 79 72
8 44 8
143 239 140
88 154 88
3 4 1
83 249 80
117 164 114
80 234 80
146 220 146
109 140 106
62 74 62
11 138 8
193 233 190
101 166 98
83 235 80
137 227 134
47 195 44
153 223 150
163 239 160
37 169 34
110 165 110
69 227 66
120 253 120
17 140 14
33 40 30
1 130 1
46 84 46
15 19 12
225 251 222
45 150 42
179 205 176
189 190 186
195 217 192
28 220 28
65 220 62
125 225 122
173 196 170
41 178 38
101 109 98
10 48 10
172 201 172
183 201 180
151 196 148
107 116 104
209 222 206
117 251 114
3 249 1
37 87 34
43 115 40
195 228 192
205 218 202
94 254 94
167 230 164
105 160 102
30 114 30
65 149 62
191 204 188
12 81 12
197 239 194
127 241 124
227 233 224
68 114 68
11 209 8
221 223 218
169 189 166
4 164 4
67 70 64
3 188 1
77 237 74
53 234 50
120 215 120
68 109 68
149 197 146
141 150 138
55 156 52
100 151 100
173 212 170
24 51 24
73 191 70
37 62 34
189 236 186
83 172 80
81 139 78
181 234 178
163 221 160
151 211 148
161 188 158
29 247 26
58 132 58
181 224 178
102 183 102
192 214 192
114 133 114
147 158 144
153 225 150
63 83 60
82 205 82
134 184 134
203 254 200
173 190 170
12 58 12
97 134 94
85 157 82
86 123 86
33 67 30
103 255 100
118 177 118
71 187 68
91 240 88
242 249 242
225 229 222
92 252 92
4 243 4
161 207 158
93 252 90
96 158 96
11 58 8
169 244 166
69 174 66
150 175 150
104 212 104
50 104 50
203 241 200
56 153 56
13 38 10
37 172 34
40 137 40
120 236 120
135 244 132
13 230 10
3 28 1
1 60 1
153 254 150
79 199 76
225 239 222
130 176 130
197 237 194
68 148 68
12 21 12
15 146 12
77 189 74
146 238 146
82 242 82
123 207 120
177 193 174
177 218 174
91 190 88
117 154 114
46 143 46
162 222 162
9 74 6
38 186 38
165 224 162
118 226 118
26 199 26
64 86 64
92 145 92
95 137 92
140 214 140
122 152 122
9 18 6
23 97 20
52 116 52
126 245 126
126 184 126
167 243 164
98 156 98
57 103 54
40 146 40
131 253 128
22 163 22
13 59 10
80 116 80
13 180 10
11 55 8
199 247 196
195 215 192
59 243 56
155 212 152
223 229 220
126 230 126
21 227 18
187 195 184
74 78 74
121 227 118
102 105 102
177 186 174
117 230 114
165 252 162
201 246 198
56 62 56
69 164 66
121 140 118
17 138 14
159 231 156
109 243 106
139 196 136
74 122 74
99 244 96
167 204 164
11 157 8
56 199 56
161 229 158
175 188 172
20 181 20
39 101 36
199 232 196
166 214 166
20 109 20
15 34 12
101 104 98
177 252 174
135 218 132
77 79 74
177 249 174
29 71 26
121 154 118
211 237 208
27 201 24
90 241 90
113 244 110
2 244 2
15 238 12
209 253 206
109 151 106
197 207 194
123 193 120
165 207 162
127 168 124
94 179 94
47 108 44
92 149 92
197 205 194
143 212 140
14 203 14
95 212 92
69 225 66
51 54 48
32 157 32
172 207 172
173 216 170
34 151 34
237 241 234
81 159 78
135 160 132
201 241 198
150 201 150
145 208 142
130 138 130
203 251 200
9 253 6
75 92 72
124 220 124
62 99 62
115 189 112
169 231 166
78 114 78
39 168 36
57 186 54
38 79 38
131 248 128
14 117 14
101 105 98
45 186 42
153 159 150
197 243 194
199 255 196
49 210 46
42 57 42
150 215 150
225 255 222
81 111 78
148 239 148
5 88 2
113 216 110
39 222 36
5 18 2
43 175 40
29 251 26
83 211 80
115 226 112
175 239 172
18 24 18
83 236 80
133 216 130
65 164 62
211 224 208
59 180 56
235 236 232
125 223 122
223 235 220
79 255 76
65 234 62
206 253 206
49 77 46
3 212 1
25 241 22
231 237 228
111 208 108
86 103 86
195 251 192
92 176 92
118 252 118
205 225 202
42 100 42
21 77 18
66 136 66
150 197 150
124 238 124
39 235 36
72 117 72
93 188 90
76 144 76
110 228 110
93 220 90
63 120 60
54 180 54
133 147 130
143 164 140
238 244 238
57 163 54
163 225 160
201 203 198
24 111 24
24 109 24
81 110 78
212 255 212
90 183 90
39 205 36
16 118 16
67 116 64
121 189 118
197 241 194
127 199 124
115 231 112
77 249 74
142 178 142
10 33 10
31 131 28
12 49 12
227 243 224
76 166 76
69 87 66
137 200 134
131 149 128
131 157 128
36 52 36
115 229 112
57 113 54
29 121 26
89 200 86
14 49 14
42 98 42
12 89 12
237 254 234
88 214 88
181 196 178
64 114 64
197 238 194
69 169 66
149 172 146
133 254 130
12 23 12
20 207 20
195 226 192
56 143 56
3 84 1
6 155 6
160 205 160
93 254 90
62 73 62
141 161 138
139 176 136
21 120 18
18 23 18
76 198 76
154 179 154
109 128 106
110 174 110
61 146 58
15 140 12
91 102 88
101 205 98
54 226 54
47 245 44
163 175 160
24 199 24
5 80 2
165 195 162
89 129 86
109 218 106
101 174 98
167 207 164
187 247 184
71 132 68
155 197 152
44 49 44
89 132 86
187 236 184
145 250 142
161 189 158
16 253 16
71 87 68
167 225 164
157 225 154
38 162 38
117 149 114
74 170 74
167 234 164
27 154 24
92 164 92
81 112 78
56 164 56
13 238 10
178 204 178
57 225 54
179 217 176
63 89 60
150 230 150
86 248 86
189 197 186
230 245 230
41 55 38
115 198 112
67 130 64
32 193 32
57 95 54
190 249 190
25 76 22
52 201 52
151 156 148
147 167 144
121 192 118
86 138 86
73 76 70
169 199 166
26 241 26
78 139 78
217 230 214
19 245 16
16 181 16
171 220 168
227 245 224
207 244 204
129 252 126
70 156 70
177 246 174
181 206 178
54 146 54
13 247 10
4 15 4
119 244 116
35 88 32
11 183 8
64 148 64
171 192 168
211 227 208
233 242 230
8 108 8
139 158 136
93 110 90
59 111 56
127 163 124
129 139 126
96 187 96
80 180 80
151 167 148
19 131 16
122 143 122
219 239 216
75 241 72
53 209 50
33 167 30
79 140 76
9 27 6
26 137 26
81 103 78
85 180 82
41 118 38
76 141 76
123 131 120
101 158 98
20 35 20
100 174 100
59 60 56
15 156 12
122 237 122
53 241 50
217 236 214
24 116 24
122 136 122
145 186 142
96 128 96
6 228 6
1 29 1
136 189 136
113 146 110
6 8 6
237 247 234
43 56 40
162 191 162
119 242 116
65 139 62
117 186 114
161 237 158
90 122 90
15 135 12
89 251 86
16 18 16
75 104 72
167 187 164
111 171 108
42 187 42
113 229 110
22 167 22
67 182 64
114 231 114
201 231 198
185 250 182
128 214 128
115 214 112
90 170 90
18 22 18
104 239 104
138 180 138
237 240 234
121 174 118
115 157 112
142 224 142
18 105 18
122 155 122
152 163 152
147 173 144
55 169 52
12 250 12
105 166 102
43 103 40
195 238 192
16 255 16
151 202 148
107 215 104
29 205 26
129 157 126
49 72 46
33 126 30
8 150 8
46 140 46
8 64 8
77 164 74
128 242 128
124 249 124
130 133 130
101 128 98
44 91 44
16 82 16
27 91 24
56 196 56
123 161 120
96 130 96
66 173 66
77 201 74
106 136 106
97 221 94
26 79 26
76 197 76
14 210 14
14 37 14
121 183 118
8 40 8
157 224 154
185 210 182
13 161 10
48 166 48
171 190 168
47 216 44
214 222 214
27 175 24
151 250 148
145 215 142
89 117 86
16 66 16
133 160 130
15 182 12
81 88 78
171 189 168
85 138 82
54 107 54
86 130 86
129 192 126
131 193 128
79 220 76
7 182 4
33 77 30
117 203 114
98 106 98
92 134 92
235 241 232
151 188 148
20 27 20
92 238 92
11 86 8
32 156 32
39 93 36
121 252 118
199 215 196
137 206 134
5 134 2
145 196 142
55 97 52
12 50 12
139 156 136
99 134 96
194 199 194
77 253 74
104 188 104
120 190 120
26 66 26
96 173 96
4 61 4
57 164 54
6 108 6
199 240 196
179 239 176
66 88 66
24 237 24
63 193 60
51 72 48
79 136 76
204 214 204
10 104 10
93 182 90
53 145 50
50 87 50
62 150 62
98 207 98
97 224 94
171 253 168
137 234 134
133 177 130
73 251 70
36 161 36
55 82 52
103 240 100
19 147 16
4 11 4
188 254 188
12 45 12
133 176 130
88 99 88
73 155 70
171 182 168
176 186 176
59 244 56
137 174 134
45 229 42
37 188 34
241 243 238
34 162 34
97 123 94
161 199 158
1 15 1
4 138 4
167 195 164
44 112 44
115 243 112
45 230 42
213 214 210
76 90 76
9 92 6
68 86 68
13 143 10
14 20 14
19 76 16
187 240 184
19 26 16
179 210 176
37 248 34
69 242 66
203 205 200
168 235 168
207 215 204
12 110 12
183 213 180
15 121 12
55 242 52
127 226 124
87 156 84
4 252 4
89 228 86
185 222 182
210 241 210
153 203 150
129 221 126
151 241 148
123 240 120
126 195 126
184 203 184
61 240 58
1 246 1
7 215 4
103 232 100
25 172 22
21 175 18
42 138 42
137 189 134
164 208 164
53 124 50
22 84 22
223 237 220
76 246 76
25 252 22
13 76 10
24 87 24
121 161 118
61 230 58
56 248 56
201 221 198
59 159 56
33 124 30
141 245 138
2 33 2
82 151 82
154 160 154
117 147 114
227 231 224
203 239 200
183 218 180
207 246 204
157 158 154
119 224 116
28 159 28
119 210 116
131 146 128
109 198 106
115 244 112
130 162 130
5 107 2
129 220 126
221 249 218
22 211 22
19 132 16
109 160 106
107 236 104
54 90 54
107 141 104
213 220 210
112 114 112
93 249 90
122 193 122
100 137 100
144 197 144
39 54 36
18 106 18
139 150 136
231 242 228
127 153 124
123 160 120
141 194 138
53 161 50
201 224 198
127 203 124
88 90 88
163 251 160
166 170 166
151 155 148
60 78 60
44 192 44
111 190 108
12 251 12
154 204 154
229 252 226
34 199 34
26 223 26
28 63 28
160 237 160
88 212 88
1 28 1
39 130 36
239 240 236
73 129 70
116 153 116
23 24 20
56 176 56
151 251 148
15 62 12
213 230 210
46 232 46
123 215 120
207 221 204
67 249 64
57 207 54
102 133 102
61 177 58
12 16 12
191 247 188
31 208 28
103 236 100
13 70 10
41 203 38
40 80 40
189 192 186
227 255 224
173 245 170
203 207 200
193 211 190
71 229 68
151 227 148
102 208 102
173 231 170
220 230 220
94 169 94
36 235 36
167 254 164
29 30 26
157 236 154
11 168 8
163 234 160
95 152 92
71 175 68
217 220 214
81 215 78
5 153 2
74 82 74
160 217 160
36 252 36
227 252 224
205 211 202
23 147 20
63 253 60
118 196 118
145 188 142
232 236 232
160 246 160
64 111 64
34 169 34
223 239 220
45 124 42
83 126 80
10 14 10
179 211 176
27 194 24
185 223 182
45 185 42
206 217 206
124 169 124
75 147 72
157 165 154
40 58 40
113 207 110
16 205 16
145 150 142
147 161 144
155 204 152
89 185 86
105 181 102
73 150 70
8 21 8
128 245 128
95 123 92
33 233 30
198 242 198
89 240 86
69 208 66
63 95 60
73 159 70
131 243 128
125 227 122
51 251 48
57 87 54
54 254 54
82 171 82
135 198 132
90 135 90
45 198 42
207 237 204
163 165 160
143 217 140
99 208 96
23 139 20
46 139 46
30 69 30
54 115 54
8 104 8
88 225 88
73 223 70
61 172 58
72 180 72
69 141 66
29 245 26
209 228 206
137 150 134
92 152 92
18 199 18
46 50 46
88 95 88
97 238 94
135 174 132
132 232 132
137 156 134
141 178 138
179 237 176
75 193 72
86 119 86
97 151 94
126 207 126
99 164 96
187 232 184
27 251 24
205 217 202
201 217 198
108 202 108
205 251 202
225 242 222
32 57 32
46 201 46
3 12 1
52 96 52
113 203 110
189 249 186
190 248 190
17 120 14
87 112 84
103 204 100
63 251 60
17 219 14
83 174 80
140 240 140
113 164 110
146 182 146
98 211 98
203 216 200
213 250 210
157 223 154
21 196 18
205 246 202
43 80 40
114 248 114
243 249 240
83 129 80
33 107 30
83 151 80
18 63 18
177 248 174
7 248 4
91 238 88
167 196 164
155 199 152
105 234 102
147 191 144
139 227 136
153 249 150
140 250 140
118 145 118
90 195 90
129 171 126
84 166 84
65 134 62
23 244 20
93 130 90
219 252 216
215 240 212
175 189 172
102 140 102
216 251 216
185 233 182
138 172 138
151 184 148
121 197 118
96 129 96
29 37 26
20 155 20
113 166 110
67 171 64
89 147 86
52 134 52
106 241 106
6 42 6
129 196 126
192 243 192
97 197 94
213 219 210
71 248 68
13 250 10
52 213 52
14 97 14
133 251 130
151 172 148
57 217 54
185 255 182
98 126 98
105 217 102
3 101 1
36 82 36
38 156 38
84 252 84
163 252 160
51 93 48
173 218 170
13 124 10
176 202 176
185 195 182
12 29 12
141 180 138
119 188 116
171 181 168
143 157 140
79 99 76
131 237 128
239 244 236
142 195 142
67 143 64
9 150 6
1 201 1
145 216 142
60 250 60
61 249 58
136 141 136
31 192 28
46 166 46
175 213 172
76 102 76
11 248 8
237 249 234
203 253 200
10 22 10
178 180 178
164 192 164
57 224 54
50 218 50
179 238 176
13 200 10
83 108 80
25 93 22
51 230 48
185 230 182
124 138 124
69 209 66
235 237 232
42 46 42
2 82 2
18 180 18
8 90 8
57 131 54
20 124 20
103 179 100
104 147 104
45 114 42
66 122 66
99 138 96
57 243 54
98 115 98
101 102 98
153 216 150
163 207 160
63 123 60
101 132 98
175 223 172
63 151 60
13 222 10
124 194 124
117 183 114
18 113 18
47 179 44
93 104 90
21 228 18
104 123 104
29 171 26
113 167 110
99 171 96
45 166 42
223 245 220
49 193 46
17 223 14
179 254 176
41 174 38
55 148 52
136 174 136
54 153 54
22 24 22
147 224 144
86 133 86
147 178 144
87 125 84
60 188 60
105 149 102
102 121 102
13 167 10
94 151 94
34 53 34
147 197 144
29 112 26
36 42 36
219 231 216
9 59 6
126 242 126
141 146 138
27 38 24
77 202 74
82 213 82
16 235 16
52 235 52
149 219 146
93 209 90
23 159 20
7 129 4
95 169 92
91 153 88
49 138 46
78 199 78
33 191 30
169 237 166
103 157 100
22 253 22
107 118 104
125 180 122
23 41 20
105 191 102
58 138 58
72 97 72
54 174 54
21 244 18
99 102 96
143 236 140
27 78 24
6 110 6
77 173 74
200 216 200
56 63 56
144 146 144
77 136 74
47 214 44
43 137 40
212 230 212
231 233 228
55 104 52
87 230 84
162 246 162
79 164 76
105 177 102
152 219 152
70 137 70
5 40 2
97 140 94
71 166 68
83 237 80
27 39 24
59 64 56
151 244 148
153 251 150
37 154 34
55 188 52
189 252 186
5 195 2
41 89 38
59 252 56
117 217 114
177 233 174
69 106 66
40 120 40
137 216 134
22 47 22
173 253 170
14 138 14
33 153 30
107 250 104
110 238 110
13 107 10
85 183 82
22 26 22
35 92 32
115 254 112
16 93 16
9 152 6
80 129 80
24 245 24
78 137 78
29 74 26
20 39 20
99 193 96
111 195 108
245 253 242
45 216 42
17 70 14
22 149 22
49 152 46
47 80 44
105 201 102
201 204 198
111 232 108
31 93 28
61 195 58
231 240 228
123 136 120
129 176 126
125 184 122
141 218 138
57 182 54
51 246 48
87 123 84
101 125 98
101 149 98
47 65 44
25 136 22
153 199 150
173 251 170
185 209 182
97 208 94
56 234 56
227 232 224
225 228 222
59 158 56
152 187 152
117 206 114
114 136 114
71 142 68
45 47 42
108 166 108
112 207 112
30 207 30
77 130 74
182 226 182
105 209 102
137 192 134
148 201 148
63 206 60
139 214 136
55 154 52
103 160 100
69 253 66
74 185 74
239 248 236
5 129 2
54 134 54
12 123 12
141 228 138
63 164 60
164 216 164
37 252 34
187 191 184
131 225 128
10 132 10
58 136 58
47 187 44
56 68 56
47 111 44
168 244 168
98 175 98
43 117 40
73 242 70
117 174 114
47 154 44
2 162 2
31 97 28
37 121 34
111 223 108
121 228 118
208 231 208
33 207 30
116 218 116
219 247 216
19 206 16
157 215 154
67 208 64
21 51 18
97 150 94
93 183 90
165 206 162
171 191 168
56 107 56
27 41 24
53 162 50
45 86 42
25 27 22
57 73 54
161 223 158
163 250 160
92 115 92
17 235 14
146 153 146
45 251 42
125 140 122
15 247 12
48 83 48
116 183 116
53 205 50
110 246 110
9 144 6
44 50 44
178 210 178
34 95 34
150 248 150
33 199 30
193 225 190
201 237 198
6 11 6
104 182 104
134 164 134
105 236 102
202 214 202
35 91 32
11 200 8
31 62 28
165 170 162
133 222 130
93 199 90
85 135 82
141 196 138
32 67 32
139 146 136
201 223 198
69 237 66
94 210 94
225 250 222
141 183 138
5 22 2
35 130 32
227 234 224
28 204 28
73 86 70
93 214 90
26 54 26
62 178 62
17 205 14
24 181 24
131 200 128
25 179 22
208 222 208
110 204 110
243 254 240
93 133 90
3 40 1
53 110 50
157 189 154
2 191 2
87 221 84
229 240 226
187 193 184
166 180 166
72 166 72
58 181 58
95 119 92
74 81 74
228 239 228
171 242 168
205 239 202
41 238 38
67 69 64
131 141 128
175 183 172
86 113 86
33 196 30
149 211 146
4 210 4
54 252 54
49 67 46
17 141 14
157 193 154
35 68 32
237 243 234
32 241 32
42 67 42
1 2 1
113 236 110
69 250 66
120 201 120
101 246 98
29 188 26
95 171 92
65 252 62
13 115 10
178 236 178
87 114 84
69 168 66
213 239 210
77 111 74
113 127 110
40 107 40
55 99 52
9 42 6
31 175 28
181 183 178
205 219 202
55 71 52
185 247 182
89 172 86
19 163 16
16 35 16
4 142 4
229 246 226
47 235 44
52 126 52
48 174 48
175 218 172
70 124 70
204 240 204
197 226 194
149 206 146
168 185 168
16 134 16
17 103 14
125 178 122
85 147 82
58 249 58
123 243 120
231 243 228
3 116 1
67 210 64
101 140 98
6 118 6
84 133 84
218 254 218
72 222 72
131 229 128
181 215 178
15 110 12
32 248 32
233 243 230
90 160 90
82 186 82
162 218 162
9 219 6
149 167 146
122 168 122
93 201 90
62 139 62
176 218 176
105 121 102
9 167 6
95 195 92
38 136 38
192 215 192
27 211 24
113 212 110
47 176 44
12 181 12
116 223 116
222 243 222
57 226 54
80 252 80
61 159 58
159 228 156
65 214 62
50 164 50
213 218 210
101 250 98
183 227 180
68 115 68
158 185 158
2 94 2
103 156 100
88 180 88
35 219 32
55 248 52
11 85 8
79 109 76
215 235 212
107 166 104
155 203 152
110 127 110
103 234 100
198 219 198
103 182 100
54 149 54
115 164 112
124 241 124
1 139 1
150 189 150
131 186 128
84 194 84
61 203 58
108 181 108
51 79 48
82 154 82
37 45 34
75 133 72
90 102 90
61 120 58
55 205 52
171 178 168
69 159 66
46 53 46
75 170 72
227 254 224
16 244 16
119 148 116
235 254 232
54 71 54
34 200 34
7 254 4
185 226 182
181 192 178
89 252 86
87 190 84
59 156 56
2 18 2
26 74 26
231 252 228
121 167 118
40 70 40
10 30 10
48 112 48
18 225 18
133 217 130
2 16 2
100 244 100
224 239 224
185 251 182
20 134 20
76 156 76
2 107 2
68 170 68
61 219 58
9 176 6
117 139 114
156 228 156
205 243 202
101 114 98
22 97 22
179 242 176
151 203 148
168 190 168
42 137 42
195 197 192
126 204 126
149 156 146
185 203 182
96 107 96
137 203 134
130 171 130
17 123 14
129 193 126
43 76 40
235 246 232
87 254 84
82 192 82
67 137 64
234 254 234
73 186 70
119 139 116
24 48 24
49 74 46
9 194 6
229 253 226
191 207 188
4 44 4
33 147 30
158 222 158
63 67 60
103 242 100
213 216 210
80 196 80
68 113 68
85 109 82
36 99 36
11 249 8
34 80 34
9 149 6
97 108 94
6 52 6
159 186 156
181 187 178
175 215 172
39 67 36
81 96 78
17 241 14
29 39 26
15 175 12
45 215 42
181 220 178
184 232 184
155 218 152
159 249 156
227 242 224
217 229 214
169 223 166
151 245 148
52 185 52
146 177 146
53 169 50
53 68 50
221 234 218
203 209 200
110 114 110
18 205 18
17 191 14
30 151 30
120 128 120
48 104 48
135 196 132
33 187 30
63 161 60
196 221 196
5 171 2
34 71 34
39 184 36
179 224 176
139 212 136
84 95 84
169 205 166
56 81 56
103 199 100
57 169 54
39 50 36
145 180 142
70 222 70
44 208 44
30 129 30
175 230 172
46 159 46
79 149 76
120 147 120
61 174 58
32 239 32
37 184 34
39 189 36
177 222 174
2 85 2
46 65 46
190 237 190
13 46 10
9 254 6
109 121 106
96 125 96
197 244 194
189 218 186
87 160 84
43 52 40
57 255 54
83 179 80
37 224 34
27 193 24
166 234 166
113 254 110
193 253 190
127 212 124
105 224 102
177 205 174
84 228 84
117 178 114
4 109 4
46 92 46
41 243 38
64 255 64
119 254 116
47 229 44
56 77 56
215 233 212
10 122 10
223 240 220
36 141 36
103 159 100
165 183 162
8 36 8
58 128 58
84 213 84
67 126 64
191 195 188
104 204 104
121 124 118
167 213 164
59 112 56
53 214 50
90 116 90
110 140 110
156 171 156
40 240 40
159 167 156
80 88 80
200 239 200
32 91 32
95 108 92
160 195 160
201 252 198
234 245 234
31 233 28
42 230 42
215 242 212
68 200 68
192 223 192
83 241 80
197 253 194
24 233 24
169 250 166
12 108 12
212 225 212
145 220 142
214 249 214
140 189 140
157 211 154
183 234 180
77 118 74
105 200 102
19 143 16
10 172 10
178 251 178
67 101 64
153 194 150
115 238 112
235 252 232
4 183 4
134 243 134
77 160 74
167 182 164
91 253 88
219 248 216
181 251 178
27 70 24
10 226 10
175 182 172
235 253 232
65 120 62
75 192 72
204 220 204
129 244 126
29 40 26
45 90 42
71 165 68
111 166 108
209 224 206
54 117 54
27 188 24
28 183 28
45 148 42
215 243 212
60 134 60
43 205 40
121 195 118
79 152 76
10 246 10
92 204 92
123 154 120
213 241 210
41 187 38
84 185 84
35 189 32
215 230 212
97 101 94
41 52 38
43 157 40
126 218 126
69 193 66
50 119 50
29 156 26
11 57 8
89 245 86
107 213 104
91 97 88
60 199 60
225 246 222
6 19 6
114 147 114
86 105 86
136 198 136
98 231 98
18 155 18
16 42 16
13 181 10
115 234 112
24 171 24
20 249 20
66 103 66
60 169 60
47 142 44
137 214 134
229 233 226
98 178 98
44 114 44
33 195 30
207 234 204
117 119 114
37 249 34
55 117 52
165 178 162
64 201 64
139 213 136
39 229 36
45 74 42
46 183 46
11 129 8
189 214 186
142 151 142
97 131 94
84 157 84
123 196 120
20 229 20
168 251 168
197 209 194
83 197 80
202 245 202
44 234 44
69 166 66
233 252 230
58 73 58
51 101 48
100 167 100
21 201 18
191 245 188
223 251 220
29 99 26
5 52 2
48 162 48
157 171 154
16 98 16
40 98 40
189 224 186
22 180 22
80 250 80
25 100 22
87 158 84
69 218 66
69 74 66
62 108 62
86 232 86
146 165 146
145 166 142
72 252 72
27 125 24
193 239 190
63 165 60
219 229 216
12 28 12
219 226 216
161 219 158
141 207 138
142 192 142
177 227 174
98 255 98
35 146 32
103 216 100
207 252 204
215 247 212
201 232 198
139 177 136
158 204 158
58 244 58
208 236 208
131 182 128
38 199 38
27 189 24
179 232 176
76 91 76
67 119 64
82 202 82
115 179 112
5 19 2
4 56 4
92 117 92
33 47 30
191 221 188
141 142 138
40 99 40
37 66 34
84 94 84
169 214 166
38 238 38
173 238 170
149 216 146
178 200 178
227 229 224
24 40 24
13 62 10
83 180 80
49 82 46
133 209 130
183 239 180
88 102 88
89 244 86
51 176 48
1 73 1
63 207 60
75 178 72
215 251 212
111 201 108
183 184 180
63 92 60
128 145 128
28 219 28
99 198 96
211 250 208
109 139 106
125 206 122
110 251 110
153 171 150
34 89 34
42 201 42
14 22 14
81 229 78
24 57 24
35 237 32
207 222 204
6 235 6
187 190 184
217 222 214
125 253 122
32 117 32
81 170 78
159 211 156
30 137 30
30 41 30
106 174 106
185 207 182
211 236 208
90 130 90
22 42 22
103 205 100
45 60 42
142 254 142
198 244 198
143 172 140
119 143 116
172 221 172
183 211 180
93 174 90
113 177 110
3 206 1
203 236 200
25 175 22
98 238 98
126 236 126
15 150 12
4 68 4
13 199 10
73 233 70
97 100 94
15 109 12
133 193 130
199 252 196
131 159 128
211 248 208
114 188 114
23 248 20
15 96 12
33 216 30
41 101 38
75 222 72
60 77 60
149 253 146
31 160 28
184 195 184
34 150 34
22 32 22
119 255 116
18 161 18
173 227 170
4 182 4
69 149 66
83 226 80
17 156 14
139 181 136
171 241 168
136 208 136
51 147 48
163 248 160
29 52 26
109 177 106
78 125 78
71 174 68
77 235 74
231 238 228
19 142 16
90 120 90
193 232 190
124 129 124
42 74 42
83 137 80
193 255 190
4 157 4
34 92 34
85 119 82
136 193 136
103 170 100
75 129 72
78 228 78
26 43 26
22 173 22
2 134 2
201 255 198
3 61 1
145 175 142
39 72 36
119 196 116
29 130 26
147 218 144
77 123 74
66 145 66
114 199 114
173 197 170
125 252 122
43 198 40
33 218 30
24 186 24
87 146 84
143 155 140
127 141 124
211 243 208
57 118 54
147 198 144
236 250 236
5 78 2
209 217 206
44 85 44
8 103 8
103 148 100
11 250 8
17 97 14
129 225 126
22 147 22
78 167 78
7 74 4
1 124 1
183 236 180
61 200 58
132 225 132
210 219 210
9 104 6
228 240 228
89 134 86
69 77 66
175 180 172
79 139 76
6 26 6
103 229 100
85 148 82
43 149 40
37 221 34
31 90 28
135 178 132
47 249 44
195 247 192
72 135 72
211 255 208
203 243 200
131 240 128
187 189 184
59 170 56
24 42 24
2 54 2
243 245 240
115 129 112
9 120 6
87 124 84
1 45 1
54 144 54
101 131 98
199 226 196
225 233 222
3 69 1
127 128 124
33 160 30
139 162 136
10 170 10
53 222 50
205 216 202
67 78 64
7 40 4
161 221 158
170 231 170
38 114 38
105 161 102
114 189 114
19 98 16
123 180 120
131 187 128
180 215 180
55 227 52
19 216 16
135 194 132
193 242 190
61 211 58
17 85 14
189 196 186
54 62 54
15 176 12
8 213 8
47 109 44
159 209 156
21 179 18
217 218 214
81 85 78
145 253 142
46 237 46
24 174 24
70 78 70
171 235 168
21 189 18
123 167 120
57 110 54
85 174 82
16 218 16
179 181 176
61 98 58
90 199 90
221 233 218
6 31 6
11 52 8
47 162 44
15 42 12
148 186 148
173 206 170
64 230 64
177 214 174
100 162 100
11 245 8
128 224 128
38 93 38
87 193 84
22 236 22
68 111 68
116 140 116
65 250 62
156 233 156
199 214 196
105 128 102
4 14 4
23 134 20
20 72 20
103 116 100
87 203 84
46 114 46
74 134 74
58 71 58
129 208 126
58 93 58
205 209 202
214 234 214
108 119 108
1 154 1
159 219 156
29 164 26
35 206 32
103 243 100
108 234 108
33 171 30
105 250 102
141 230 138
31 166 28
49 238 46
159 214 156
207 245 204
94 108 94
191 224 188
23 145 20
36 189 36
1 113 1
11 41 8
17 33 14
191 226 188
21 163 18
58 203 58
190 243 190
44 68 44
55 168 52
215 249 212
9 182 6
87 145 84
81 208 78
19 253 16
65 75 62
76 99 76
57 194 54
165 194 162
83 168 80
219 246 216
43 148 40
25 170 22
102 240 102
28 65 28
112 224 112
42 202 42
82 145 82
241 255 238
134 157 134
175 254 172
215 231 212
36 126 36
126 191 126
73 138 70
51 235 48
28 122 28
203 230 200
22 221 22
140 219 140
173 210 170
72 80 72
43 163 40
9 199 6
129 181 126
195 248 192
101 139 98
140 184 140
177 183 174
15 116 12
191 243 188
25 105 22
50 94 50
14 191 14
67 121 64
155 191 152
169 213 166
6 227 6
50 77 50
40 48 40
24 29 24
107 160 104
15 89 12
185 241 182
179 246 176
27 252 24
115 119 112
137 153 134
34 155 34
1 22 1
12 197 12
85 107 82
145 184 142
175 243 172
35 233 32
68 78 68
59 84 56
13 172 10
208 216 208
51 150 48
154 239 154
179 187 176
10 55 10
119 195 116
199 211 196
79 91 76
233 238 230
46 122 46
29 117 26
47 88 44
179 230 176
79 200 76
44 246 44
133 212 130
215 221 212
173 228 170
119 179 116
116 186 116
197 217 194
35 104 32
85 227 82
105 203 102
63 177 60
131 148 128
48 59 48
197 220 194
173 180 170
43 189 40
187 249 184
34 55 34
181 225 178
110 222 110
154 166 154
49 63 46
2 230 2
213 234 210
5 118 2
121 122 118
53 94 50
7 163 4
79 191 76
6 101 6
13 86 10
246 248 246
68 153 68
56 221 56
48 246 48
55 192 52
51 237 48
11 177 8
35 154 32
30 203 30
31 174 28
111 222 108
61 173 58
51 65 48
185 254 182
141 177 138
8 189 8
175 251 172
115 120 112
77 238 74
120 195 120
135 254 132
229 235 226
119 220 116
154 219 154
118 247 118
2 96 2
68 161 68
207 227 204
77 113 74
48 217 48
45 78 42
7 89 4
149 191 146
117 187 114
29 88 26
96 241 96
2 128 2
143 240 140
4 16 4
169 194 166
150 237 150
199 227 196
45 125 42
125 132 122
203 232 200
93 186 90
51 192 48
59 220 56
179 250 176
24 185 24
22 27 22
133 195 130
2 175 2
89 184 86
9 129 6
218 232 218
133 135 130
78 168 78
146 151 146
60 141 60
103 146 100
151 253 148
137 187 134
137 205 134
173 252 170
3 79 1
12 137 12
8 207 8
169 226 166
179 208 176
148 152 148
10 40 10
86 211 86
60 172 60
94 111 94
165 205 162
69 248 66
86 255 86
155 238 152
226 235 226
87 253 84
136 223 136
81 97 78
85 255 82
213 243 210
115 132 112
51 133 48
17 100 14
34 88 34
75 103 72
27 254 24
127 190 124
64 226 64
26 68 26
98 187 98
191 250 188
38 90 38
155 250 152
36 157 36
197 206 194
4 117 4
68 134 68
177 244 174
96 120 96
37 105 34
143 221 140
156 158 156
51 126 48
29 200 26
210 234 210
117 134 114
180 199 180
3 162 1
90 236 90
177 178 174
227 237 224
145 173 142
25 49 22
74 200 74
14 255 14
76 100 76
161 193 158
119 222 116
28 124 28
227 235 224
94 229 94
209 247 206
52 250 52
57 188 54
209 255 206
10 139 10
7 209 4
83 112 80
19 173 16
55 180 52
169 248 166
60 249 60
8 23 8
65 233 62
37 235 34
115 232 112
60 96 60
205 228 202
40 69 40
15 46 12
50 139 50
134 227 134
77 242 74
191 231 188
181 191 178
36 125 36
92 186 92
24 65 24
109 185 106
149 214 146
165 234 162
59 200 56
49 175 46
166 248 166
15 45 12
223 233 220
21 22 18
4 52 4
147 195 144
5 87 2
97 248 94
38 69 38
51 136 48
37 43 34
147 201 144
65 199 62
4 12 4
30 237 30
127 156 124
135 140 132
229 239 226
90 230 90
100 147 100
65 209 62
212 248 212
177 196 174
7 46 4
123 148 120
130 228 130
63 90 60
81 220 78
130 248 130
205 207 202
53 201 50
58 87 58
53 123 50
3 68 1
207 238 204
176 195 176
165 248 162
203 225 200
66 90 66
85 108 82
194 234 194
17 90 14
92 147 92
19 38 16
27 129 24
29 118 26
104 152 104
61 234 58
128 247 128
81 94 78
5 163 2
6 174 6
213 248 210
176 225 176
79 124 76
130 207 130
157 194 154
21 160 18
165 196 162
80 202 80
55 193 52
28 223 28
9 45 6
138 168 138
59 217 56
167 197 164
39 185 36
24 76 24
137 225 134
5 82 2
34 83 34
11 45 8
49 217 46
161 210 158
17 161 14
155 175 152
11 49 8
10 51 10
225 252 222
215 226 212
5 111 2
55 238 52
8 52 8
163 247 160
153 233 150
51 66 48
153 247 150
73 87 70
34 138 34
56 188 56
157 235 154
65 87 62
177 247 174
157 172 154
29 108 26
99 231 96
73 246 70
18 48 18
200 240 200
65 94 62
107 182 104
186 208 186
102 249 102
145 163 142
34 66 34
103 235 100
169 211 166
29 253 26
31 127 28
115 177 112
142 215 142
158 190 158
93 224 90
37 102 34
31 221 28
181 214 178
22 50 22
81 171 78
133 178 130
112 150 112
147 232 144
176 255 176
14 152 14
30 188 30
59 151 56
174 250 174
197 233 194
14 85 14
77 178 74
23 50 20
219 236 216
150 192 150
194 201 194
217 241 214
59 144 56
4 201 4
153 191 150
129 137 126
15 159 12
153 222 150
219 243 216
203 244 200
85 92 82
87 205 84
29 239 26
12 173 12
85 225 82
151 232 148
122 182 122
54 99 54
106 222 106
87 195 84
205 234 202
77 152 74
39 220 36
95 237 92
42 71 42
21 130 18
65 219 62
70 157 70
48 65 48
111 200 108
133 253 130
192 195 192
58 228 58
39 85 36
18 73 18
26 230 26
29 240 26
50 78 50
133 200 130
141 222 138
199 203 196
71 137 68
16 19 16
40 50 40
29 228 26
173 208 170
225 241 222
3 184 1
61 236 58
30 40 30
36 238 36
9 108 6
189 215 186
163 177 160
191 200 188
32 90 32
93 243 90
46 253 46
135 162 132
166 173 166
119 232 116
143 161 140
195 250 192
117 245 114
44 95 44
69 178 66
49 132 46
28 31 28
183 189 180
36 68 36
180 238 180
29 206 26
59 216 56
84 103 84
12 121 12
78 121 78
139 157 136
102 125 102
119 170 116
52 231 52
193 214 190
181 254 178
67 89 64
41 66 38
156 175 156
156 183 156
22 233 22
6 104 6
153 166 150
4 36 4
143 191 140
34 156 34
71 233 68
195 246 192
115 176 112
67 231 64
51 110 48
81 122 78
61 110 58
12 217 12
15 47 12
79 227 76
157 208 154
39 97 36
237 250 234
25 56 22
83 155 80
155 227 152
49 101 46
10 117 10
57 129 54
88 163 88
63 214 60
11 130 8
169 191 166
181 195 178
76 191 76
179 249 176
30 180 30
169 246 166
40 119 40
6 102 6
98 241 98
17 230 14
60 71 60
19 43 16
23 63 20
3 103 1
121 194 118
132 249 132
141 226 138
60 120 60
75 206 72
56 187 56
78 86 78
45 127 42
178 234 178
30 91 30
221 225 218
165 182 162
95 146 92
79 180 76
109 227 106
65 224 62
146 224 146
38 85 38
89 206 86
179 222 176
121 188 118
151 209 148
44 82 44
17 68 14
81 210 78
195 255 192
89 93 86
69 231 66
30 186 30
47 85 44
7 115 4
115 141 112
135 235 132
98 193 98
99 156 96
77 114 74
92 112 92
193 210 190
29 252 26
127 205 124
193 224 190
28 210 28
25 111 22
39 242 36
53 117 50
84 167 84
38 70 38
201 238 198
113 239 110
7 25 4
219 230 216
99 185 96
42 204 42
80 142 80
20 23 20
60 62 60
127 234 124
81 115 78
65 188 62
1 43 1
37 238 34
160 244 160
169 181 166
45 139 42
27 83 24
74 86 74
47 64 44
180 250 180
167 188 164
52 152 52
191 249 188
57 127 54
169 185 166
11 23 8
51 141 48
109 193 106
108 248 108
67 180 64
103 138 100
19 99 16
23 37 20
166 204 166
124 142 124
131 143 128
45 141 42
35 190 32
32 43 32
3 43 1
133 179 130
220 255 220
32 217 32
103 167 100
93 198 90
125 176 122
10 128 10
70 247 70
53 247 50
18 112 18
181 252 178
134 237 134
24 223 24
141 160 138
115 207 112
242 254 242
62 208 62
143 184 140
60 144 60
18 43 18
38 65 38
185 245 182
45 231 42
178 209 178
3 214 1
21 104 18
121 184 118
197 242 194
73 193 70
175 246 172
84 244 84
203 242 200
112 129 112
21 105 18
101 245 98
113 184 110
149 195 146
21 204 18
19 101 16
153 231 150
12 46 12
7 187 4
29 142 26
22 129 22
121 200 118
51 146 48
57 193 54
8 16 8
61 193 58
84 138 84
173 217 170
131 217 128
39 89 36
6 179 6
41 95 38
186 228 186
34 54 34
151 228 148
123 165 120
50 115 50
85 226 82
62 136 62
24 85 24
221 238 218
16 65 16
86 146 86
96 207 96
15 69 12
55 80 52
181 190 178
77 194 74
84 153 84
136 212 136
11 46 8
78 104 78
57 241 54
112 171 112
15 248 12
195 207 192
94 209 94
35 121 32
141 242 138
6 79 6
79 142 76
183 242 180
52 189 52
135 163 132
25 123 22
67 118 64
62 85 62
23 232 20
157 237 154
100 187 100
158 255 158
4 37 4
161 187 158
96 98 96
8 201 8
65 187 62
102 246 102
119 131 116
125 244 122
26 226 26
85 197 82
229 231 226
69 108 66
87 107 84
181 229 178
148 242 148
151 219 148
11 72 8
15 194 12
4 60 4
108 238 108
129 184 126
171 227 168
233 254 230
44 156 44
50 197 50
120 185 120
13 255 10
7 236 4
145 247 142
94 157 94
56 59 56
65 146 62
41 160 38
70 203 70
122 142 122
191 194 188
131 196 128
125 213 122
43 217 40
153 204 150
90 242 90
105 229 102
95 245 92
81 130 78
49 170 46
18 163 18
3 189 1
139 211 136
77 180 74
124 225 124
12 111 12
73 161 70
137 242 134
233 237 230
241 242 238
94 102 94
4 6 4
39 210 36
85 218 82
113 130 110
24 71 24
15 126 12
115 183 112
92 129 92
65 115 62
57 69 54
41 157 38
140 175 140
97 213 94
88 158 88
31 79 28
35 156 32
173 224 170
13 103 10
111 219 108
208 241 208
8 45 8
108 140 108
36 81 36
109 203 106
61 186 58
201 239 198
21 145 18
199 241 196
105 172 102
6 12 6
92 108 92
150 221 150
99 234 96
60 132 60
161 175 158
231 249 228
153 250 150
104 150 104
119 165 116
147 153 144
81 100 78
50 148 50
62 133 62
118 205 118
27 208 24
56 85 56
147 174 144
157 218 154
55 160 52
146 249 146
57 142 54
195 216 192
76 134 76
135 203 132
39 144 36
223 230 220
124 137 124
201 233 198
33 149 30
1 9 1
37 81 34
44 80 44
151 198 148
79 198 76
235 240 232
20 147 20
32 107 32
26 70 26
118 208 118
36 135 36
18 103 18
163 172 160
27 58 24
53 220 50
153 212 150
26 247 26
60 65 60
219 240 216
114 156 114
90 105 90
30 101 30
57 228 54
55 229 52
11 63 8
11 35 8
76 110 76
31 197 28
109 251 106
24 160 24
151 214 148
142 219 142
148 205 148
65 226 62
152 224 152
105 173 102
99 159 96
7 83 4
63 141 60
74 142 74
129 249 126
101 222 98
191 208 188
87 99 84
19 28 16
129 215 126
9 105 6
36 48 36
80 237 80
27 152 24
110 197 110
49 157 46
99 100 96
73 181 70
100 108 100
59 184 56
124 145 124
9 107 6
18 56 18
167 247 164
6 20 6
151 247 148
109 167 106
4 7 4
101 253 98
124 165 124
99 223 96
40 90 40
28 77 28
12 212 12
135 153 132
153 232 150
57 88 54
91 108 88
5 201 2
218 235 218
26 220 26
24 88 24
33 219 30
72 235 72
205 247 202
122 128 122
214 227 214
71 162 68
30 176 30
105 204 102
53 84 50
59 185 56
83 210 80
43 116 40
98 221 98
101 148 98
123 149 120
205 224 202
6 51 6
137 186 134
9 125 6
2 108 2
91 220 88
13 26 10
7 150 4
107 131 104
239 245 236
128 180 128
81 150 78
52 198 52
80 151 80
30 205 30
197 236 194
14 157 14
101 235 98
78 221 78
60 110 60
29 193 26
20 29 20
71 146 68
9 223 6
91 118 88
14 39 14
117 126 114
129 151 126
159 250 156
101 191 98
25 248 22
99 160 96
16 37 16
20 106 20
79 202 76
53 224 50
185 243 182
72 179 72
95 249 92
39 174 36
212 254 212
15 82 12
217 235 214
61 217 58
36 190 36
153 234 150
140 216 140
86 168 86
16 84 16
64 72 64
197 211 194
80 85 80
169 172 166
57 234 54
72 123 72
114 146 114
123 223 120
25 142 22
6 35 6
20 141 20
81 203 78
14 221 14
12 135 12
173 242 170
154 251 154
19 251 16
26 31 26
211 247 208
12 131 12
30 67 30
5 130 2
22 98 22
65 241 62
88 186 88
223 224 220
165 204 162
45 253 42
21 157 18
51 172 48
130 155 130
84 122 84
110 163 110
5 229 2
111 173 108
175 191 172
52 228 52
2 86 2
197 234 194
25 110 22
94 234 94
226 250 226
99 113 96
2 52 2
59 235 56
137 166 134
11 80 8
95 214 92
22 160 22
131 210 128
31 212 28
21 81 18
4 83 4
81 99 78
34 152 34
10 148 10
60 154 60
28 200 28
159 230 156
52 123 52
128 253 128
79 81 76
99 123 96
167 183 164
174 210 174
236 243 236
134 177 134
145 248 142
124 157 124
151 189 148
13 135 10
25 127 22
49 174 46
4 229 4
67 195 64
73 118 70
14 65 14
110 128 110
125 134 122
190 252 190
62 157 62
62 102 62
15 142 12
102 255 102
58 213 58
146 212 146
219 237 216
2 239 2
6 49 6
123 251 120
78 182 78
36 165 36
125 236 122
118 136 118
4 158 4
159 185 156
41 145 38
185 240 182
109 147 106
14 156 14
85 221 82
131 211 128
39 41 36
6 142 6
149 189 146
40 71 40
31 142 28
32 164 32
109 254 106
55 159 52
126 147 126
5 90 2
100 191 100
50 69 50
139 203 136
25 59 22
71 206 68
153 228 150
97 111 94
101 133 98
17 22 14
30 75 30
83 92 80
26 73 26
54 65 54
137 188 134
51 188 48
203 246 200
18 221 18
2 130 2
75 195 72
47 170 44
50 62 50
130 220 130
33 135 30
3 87 1
27 145 24
82 125 82
17 57 14
19 248 16
100 218 100
146 174 146
37 97 34
13 201 10
8 53 8
157 241 154
8 18 8
139 232 136
98 253 98
53 132 50
145 223 142
26 186 26
43 130 40
104 121 104
108 151 108
165 214 162
37 194 34
44 79 44
176 234 176
9 121 6
6 172 6
118 155 118
213 235 210
75 242 72
181 200 178
184 245 184
156 159 156
110 234 110
51 69 48
201 202 198
93 101 90
14 42 14
28 112 28
112 120 112
184 254 184
155 242 152
39 60 36
82 115 82
132 216 132
2 203 2
161 179 158
155 167 152
20 122 20
184 209 184
97 165 94
133 243 130
74 184 74
109 173 106
53 218 50
195 245 192
120 134 120
92 249 92
17 129 14
165 208 162
46 206 46
4 62 4
9 11 6
53 185 50
20 62 20
49 202 46
71 196 68
91 192 88
45 56 42
49 224 46
65 86 62
51 115 48
19 141 16
49 150 46
59 172 56
119 157 116
46 99 46
191 216 188
149 242 146
57 64 54
83 148 80
2 213 2
35 51 32
219 222 216
19 115 16
106 199 106
164 193 164
198 227 198
13 232 10
205 236 202
185 219 182
89 231 86
97 247 94
48 214 48
78 144 78
105 123 102
13 34 10
4 170 4
111 205 108
98 230 98
23 123 20
89 255 86
193 199 190
142 209 142
57 201 54
15 244 12
17 96 14
36 147 36
118 156 118
3 83 1
86 187 86
115 130 112
123 178 120
48 105 48
71 134 68
111 227 108
123 197 120
171 194 168
177 251 174
63 162 60
204 244 204
82 160 82
95 203 92
163 211 160
32 82 32
31 136 28
110 162 110
89 186 86
13 147 10
57 189 54
35 158 32
137 170 134
133 171 130
119 156 116
91 198 88
30 56 30
174 185 174
145 183 142
4 199 4
177 237 174
143 231 140
113 223 110
106 182 106
129 222 126
127 231 124
74 219 74
111 211 108
125 212 122
58 119 58
107 221 104
169 207 166
11 34 8
116 127 116
12 185 12
23 60 20
16 165 16
27 215 24
33 42 30
31 214 28
211 240 208
91 202 88
8 151 8
105 145 102
19 226 16
85 128 82
217 226 214
59 167 56
129 170 126
60 74 60
126 206 126
14 102 14
102 184 102
159 189 156
186 192 186
159 252 156
87 199 84
7 190 4
236 248 236
217 227 214
19 102 16
89 191 86
142 156 142
91 216 88
87 165 84
15 23 12
51 111 48
97 167 94
197 255 194
65 174 62
106 147 106
58 183 58
77 127 74
41 54 38
214 216 214
32 227 32
100 205 100
55 85 52
193 247 190
77 90 74
13 170 10
68 229 68
117 221 114
86 121 86
24 99 24
135 164 132
155 237 152
181 255 178
11 229 8
138 227 138
199 242 196
121 165 118
188 216 188
153 252 150
68 240 68
27 30 24
2 56 2
18 89 18
145 230 142
13 220 10
106 178 106
170 242 170
43 126 40
131 163 128
28 141 28
49 227 46
69 160 66
35 139 32
105 130 102
117 180 114
163 202 160
105 155 102
23 199 20
95 251 92
84 240 84
161 231 158
4 205 4
212 237 212
62 228 62
36 83 36
124 191 124
152 255 152
32 236 32
33 213 30
123 144 120
144 214 144
14 76 14
87 118 84
46 89 46
70 230 70
124 236 124
118 190 118
163 220 160
69 128 66
32 245 32
28 228 28
63 208 60
166 213 166
111 203 108
130 143 130
139 160 136
1 99 1
207 254 204
29 198 26
112 185 112
187 235 184
54 93 54
153 189 150
123 143 120
54 129 54
43 141 40
237 246 234
92 219 92
77 105 74
32 109 32
3 147 1
201 206 198
135 204 132
77 148 74
119 172 116
74 152 74
9 124 6
195 233 192
29 182 26
10 26 10
5 96 2
54 76 54
137 157 134
102 174 102
234 248 234
204 222 204
152 189 152
39 45 36
120 251 120
169 193 166
160 193 160
6 18 6
213 225 210
173 223 170
121 213 118
47 71 44
158 191 158
5 176 2
4 219 4
111 218 108
153 240 150
30 49 30
194 249 194
125 164 122
103 239 100
62 86 62
23 218 20
115 233 112
126 247 126
175 245 172
219 233 216
153 245 150
119 228 116
182 238 182
125 246 122
3 46 1
29 56 26
27 43 24
160 172 160
199 243 196
107 173 104
14 57 14
6 37 6
245 254 242
19 220 16
83 212 80
150 161 150
45 50 42
6 165 6
19 119 16
15 230 12
97 147 94
161 194 158
144 255 144
53 178 50
29 221 26
95 243 92
34 215 34
89 168 86
5 36 2
4 40 4
43 154 40
201 247 198
62 156 62
52 242 52
206 212 206
5 105 2
61 108 58
227 251 224
28 64 28
18 114 18
40 135 40
61 223 58
11 81 8
3 236 1
139 178 136
145 226 142
19 44 16
76 104 76
201 222 198
46 54 46
66 199 66
25 245 22
15 255 12
209 232 206
165 245 162
27 113 24
4 63 4
135 165 132
61 75 58
120 189 120
112 241 112
47 131 44
118 222 118
161 178 158
61 156 58
74 230 74
141 154 138
55 178 52
72 114 72
60 103 60
36 41 36
201 253 198
149 246 146
18 68 18
61 232 58
38 123 38
8 61 8
91 117 88
189 251 186
121 160 118
74 83 74
31 159 28
16 199 16
13 218 10
136 252 136
129 149 126
46 215 46
69 93 66
174 192 174
79 197 76
127 134 124
77 166 74
133 247 130
2 61 2
19 157 16
211 249 208
100 148 100
3 169 1
66 99 66
63 79 60
69 89 66
133 182 130
153 179 150
238 246 238
212 236 212
241 246 238
47 159 44
74 223 74
34 81 34
16 69 16
109 123 106
10 24 10
44 71 44
22 192 22
15 225 12
96 144 96
141 211 138
47 231 44
191 241 188
15 249 12
35 159 32
32 88 32
53 105 50
133 232 130
141 156 138
69 98 66
171 230 168
187 234 184
18 138 18
18 147 18
24 38 24
28 75 28
5 91 2
99 125 96
111 254 108
2 46 2
15 25 12
40 65 40
13 68 10
177 238 174
71 241 68
120 149 120
153 182 150
65 171 62
193 248 190
121 218 118
63 237 60
72 190 72
50 71 50
112 190 112
14 125 14
72 199 72
117 212 114
33 200 30
216 237 216
35 126 32
60 72 60
38 148 38
44 78 44
94 218 94
39 51 36
8 51 8
26 47 26
18 93 18
46 248 46
52 78 52
104 183 104
116 131 116
64 153 64
100 216 100
87 115 84
167 222 164
100 144 100
11 145 8
38 84 38
29 215 26
165 177 162
130 253 130
123 202 120
137 163 134
146 149 146
116 199 116
25 147 22
119 249 116
16 166 16
174 240 174
80 217 80
104 230 104
163 245 160
207 232 204
207 217 204
110 213 110
100 125 100
31 188 28
79 174 76
55 220 52
53 72 50
71 119 68
70 94 70
40 198 40
9 43 6
133 226 130
46 128 46
20 42 20
93 165 90
107 122 104
130 240 130
99 163 96
35 133 32
93 99 90
149 164 146
55 216 52
55 219 52
65 185 62
235 242 232
131 191 128
16 87 16
98 248 98
165 218 162
161 208 158
61 135 58
124 190 124
45 69 42
133 198 130
55 241 52
69 125 66
229 244 226
57 180 54
24 130 24
34 72 34
151 166 148
90 100 90
51 219 48
44 108 44
200 247 200
56 230 56
91 163 88
18 76 18
5 61 2
8 194 8
193 221 190
71 209 68
32 69 32
4 202 4
74 145 74
85 104 82
167 233 164
145 176 142
149 158 146
58 86 58
212 214 212
185 239 182
103 168 100
101 237 98
8 17 8
52 164 52
217 231 214
61 227 58
103 152 100
83 142 80
65 152 62
61 134 58
67 145 64
39 224 36
48 135 48
4 119 4
64 129 64
57 70 54
24 50 24
41 133 38
153 180 150
19 185 16
136 214 136
32 60 32
3 222 1
150 218 150
195 236 192
151 195 148
43 231 40
49 81 46
77 126 74
132 242 132
69 175 66
105 248 102
177 197 174
8 204 8
118 218 118
77 101 74
145 152 142
83 96 80
134 203 134
53 253 50
71 254 68
91 185 88
87 129 84
101 213 98
125 131 122
21 34 18
133 134 130
163 228 160
41 254 38
84 186 84
79 118 76
195 199 192
59 153 56
187 222 184
107 214 104
16 126 16
15 201 12
91 183 88
65 125 62
4 237 4
141 158 138
25 109 22
131 189 128
169 209 166
14 62 14
77 150 74
140 233 140
108 251 108
44 64 44
82 219 82
43 243 40
189 202 186
32 86 32
145 198 142
87 89 84
233 253 230
34 204 34
216 249 216
216 228 216
113 143 110
117 151 114
64 91 64
105 162 102
173 181 170
73 127 70
189 233 186
155 178 152
51 244 48
32 246 32
91 188 88
16 169 16
111 114 108
107 197 104
61 92 58
61 115 58
193 205 190
88 116 88
29 59 26
26 164 26
41 130 38
139 251 136
8 142 8
26 207 26
169 210 166
40 51 40
129 160 126
95 200 92
190 233 190
80 132 80
83 119 80
101 106 98
133 168 130
33 223 30
9 158 6
41 74 38
51 84 48
197 219 194
59 113 56
153 188 150
106 175 106
9 162 6
9 61 6
89 214 86
168 191 168
1 39 1
19 24 16
29 180 26
33 159 30
9 225 6
51 70 48
37 72 34
82 166 82
200 234 200
147 214 144
139 250 136
96 247 96
150 219 150
62 242 62
39 172 36
11 66 8
68 81 68
21 129 18
27 82 24
4 21 4
126 255 126
50 146 50
143 200 140
121 131 118
36 185 36
147 250 144
159 200 156
121 207 118
99 121 96
156 247 156
19 103 16
86 227 86
223 234 220
32 176 32
113 162 110
160 227 160
149 165 146
187 217 184
113 154 110
226 248 226
171 249 168
59 163 56
55 91 52
113 209 110
13 40 10
22 195 22
179 191 176
79 156 76
17 58 14
73 82 70
79 161 76
103 192 100
56 112 56
51 241 48
28 53 28
59 241 56
100 235 100
187 208 184
21 115 18
97 184 94
30 249 30
100 169 100
171 219 168
27 122 24
47 82 44
103 143 100
88 254 88
59 168 56
60 198 60
171 236 168
21 88 18
1 152 1
31 105 28
17 227 14
199 223 196
89 227 86
56 255 56
193 217 190
123 233 120
3 196 1
15 209 12
58 124 58
98 134 98
48 64 48
45 112 42
4 41 4
45 81 42
84 135 84
57 143 54
133 140 130
85 163 82
147 152 144
145 153 142
77 145 74
45 65 42
97 159 94
11 12 8
47 115 44
67 72 64
14 96 14
6 29 6
114 240 114
85 192 82
125 229 122
7 119 4
17 63 14
143 148 140
37 250 34
95 246 92
177 198 174
39 196 36
48 177 48
21 197 18
9 222 6
4 8 4
67 229 64
94 184 94
155 196 152
197 254 194
22 250 22
113 169 110
4 69 4
177 208 174
178 227 178
159 195 156
7 160 4
68 117 68
83 206 80
131 230 128
149 238 146
164 228 164
99 148 96
2 23 2
58 78 58
111 216 108
67 205 64
14 155 14
183 226 180
155 182 152
87 119 84
1 44 1
34 179 34
35 86 32
135 147 132
111 122 108
191 203 188
87 232 84
44 56 44
107 190 104
61 231 58
91 197 88
189 228 186
156 163 156
45 107 42
156 179 156
48 171 48
60 226 60
92 178 92
106 108 106
153 192 150
28 235 28
159 171 156
10 130 10
101 212 98
26 170 26
127 161 124
53 252 50
123 188 120
189 225 186
9 72 6
161 190 158
159 197 156
112 195 112
63 147 60
5 211 2
200 230 200
177 230 174
195 208 192
89 194 86
158 165 158
17 53 14
3 201 1
159 202 156
31 100 28
102 254 102
156 225 156
221 239 218
181 204 178
79 245 76
30 36 30
153 162 150
225 227 222
115 123 112
105 223 102
221 253 218
131 220 128
228 242 228
35 84 32
100 133 100
211 239 208
26 76 26
171 226 168
1 52 1
53 149 50
195 234 192
97 201 94
40 144 40
52 106 52
70 237 70
37 247 34
60 248 60
43 101 40
70 136 70
125 175 122
163 243 160
236 246 236
89 136 86
217 240 214
188 190 188
24 173 24
116 202 116
54 105 54
70 103 70
35 178 32
39 162 36
26 182 26
57 196 54
99 202 96
137 253 134
115 128 112
94 118 94
93 235 90
95 147 92
97 162 94
129 206 126
119 160 116
74 233 74
12 143 12
27 109 24
93 158 90
124 182 124
173 184 170
12 63 12
66 249 66
201 210 198
121 148 118
27 153 24
3 113 1
23 205 20
8 68 8
81 167 78
112 119 112
17 102 14
2 200 2
124 223 124
94 131 94
13 119 10
52 95 52
84 112 84
26 65 26
67 162 64
18 46 18
183 230 180
144 153 144
93 189 90
194 209 194
76 123 76
70 92 70
76 192 76
68 238 68
58 70 58
163 253 160
123 184 120
17 133 14
91 247 88
45 48 42
7 228 4
14 48 14
35 122 32
200 217 200
205 222 202
83 250 80
56 119 56
179 223 176
195 243 192
76 228 76
68 85 68
197 210 194
50 116 50
21 102 18
53 177 50
74 187 74
211 221 208
115 203 112
167 191 164
37 73 34
32 85 32
56 102 56
169 225 166
72 239 72
39 142 36
129 187 126
175 185 172
45 248 42
83 153 80
155 162 152
59 94 56
177 189 174
22 41 22
77 212 74
88 230 88
185 193 182
60 84 60
88 176 88
176 198 176
76 137 76
200 253 200
30 234 30
54 137 54
69 221 66
4 103 4
211 246 208
68 188 68
207 212 204
9 28 6
233 245 230
23 85 20
190 231 190
27 96 24
107 220 104
21 177 18
119 151 116
38 149 38
76 114 76
34 111 34
155 169 152
121 233 118
31 216 28
4 147 4
144 151 144
31 185 28
69 105 66
227 239 224
105 114 102
30 172 30
44 188 44
125 185 122
239 249 236
42 218 42
159 235 156
221 226 218
25 206 22
69 186 66
189 248 186
159 240 156
155 248 152
168 249 168
93 172 90
16 33 16
15 196 12
30 45 30
92 197 92
55 113 52
114 213 114
88 100 88
10 86 10
28 247 28
27 143 24
59 223 56
42 119 42
33 110 30
145 199 142
75 94 72
34 198 34
19 179 16
59 104 56
193 196 190
25 48 22
242 252 242
93 193 90
181 219 178
40 104 40
74 138 74
94 217 94
10 207 10
141 250 138
133 189 130
19 58 16
138 190 138
109 249 106
39 112 36
74 132 74
232 249 232
25 41 22
57 78 54
61 91 58
74 144 74
101 187 98
8 187 8
199 222 196
72 91 72
73 111 70
7 204 4
31 195 28
7 199 4
162 251 162
47 164 44
8 65 8
57 197 54
161 233 158
29 46 26
184 214 184
115 186 112
13 136 10
69 96 66
129 142 126
197 202 194
144 183 144
20 243 20
72 225 72
119 132 116
80 117 80
108 245 108
4 48 4
66 192 66
63 111 60
46 151 46
55 129 52
44 84 44
132 142 132
51 132 48
141 204 138
121 190 118
65 178 62
119 240 116
45 237 42
26 191 26
162 239 162
175 197 172
181 223 178
24 89 24
105 116 102
66 229 66
67 79 64
165 219 162
29 178 26
29 154 26
144 189 144
126 226 126
73 215 70
167 235 164
55 179 52
46 74 46
169 215 166
223 244 220
149 237 146
125 232 122
66 96 66
45 246 42
88 151 88
5 206 2
39 252 36
67 128 64
56 163 56
121 211 118
174 188 174
230 241 230
143 204 140
51 62 48
131 251 128
83 99 80
224 233 224
26 206 26
48 218 48
51 149 48
47 152 44
201 209 198
115 205 112
124 173 124
49 84 46
169 253 166
143 145 140
130 201 130
6 47 6
101 185 98
141 212 138
42 122 42
49 236 46
205 253 202
139 143 136
11 247 8
143 158 140
62 64 62
40 45 40
149 232 146
21 191 18
27 28 24
7 141 4
50 117 50
69 163 66
165 221 162
65 107 62
14 32 14
113 204 110
167 186 164
121 242 118
53 86 50
106 116 106
67 93 64
4 160 4
23 78 20
153 236 150
6 138 6
77 112 74
145 235 142
82 101 82
213 226 210
66 74 66
11 206 8
131 245 128
108 183 108
121 191 118
43 83 40
10 118 10
11 159 8
133 219 130
40 235 40
10 230 10
51 227 48
47 223 44
135 145 132
165 223 162
129 145 126
60 156 60
185 212 182
150 190 150
32 58 32
120 167 120
14 81 14
131 222 128
8 221 8
108 227 108
102 200 102
101 225 98
179 207 176
105 221 102
20 82 20
13 203 10
100 154 100
104 128 104
84 127 84
10 34 10
21 127 18
141 199 138
3 156 1
115 225 112
52 97 52
148 212 148
41 109 38
9 99 6
212 215 212
143 211 140
8 87 8
179 234 176
26 228 26
65 168 62
1 23 1
145 225 142
177 215 174
157 243 154
31 145 28
39 241 36
48 74 48
131 198 128
157 170 154
30 83 30
13 235 10
80 246 80
75 135 72
67 204 64
221 243 218
126 234 126
241 250 238
104 194 104
123 157 120
69 192 66
208 238 208
115 191 112
99 118 96
149 233 146
96 134 96
211 235 208
175 231 172
173 221 170
33 45 30
143 251 140
138 242 138
101 184 98
67 125 64
208 251 208
91 204 88
93 103 90
25 47 22
69 162 66
83 164 80
179 206 176
71 131 68
11 13 8
133 196 130
7 102 4
69 126 66
194 224 194
150 255 150
14 253 14
5 146 2
113 170 110
7 173 4
94 244 94
79 120 76
134 219 134
105 126 102
145 203 142
103 249 100
5 12 2
54 192 54
32 123 32
230 234 230
15 39 12
87 163 84
104 173 104
99 108 96
2 155 2
18 139 18
102 145 102
87 208 84
87 243 84
75 252 72
161 213 158
37 65 34
74 227 74
39 193 36
171 197 168
171 173 168
47 219 44
149 255 146
177 223 174
99 252 96
157 161 154
68 151 68
102 189 102
216 236 216
147 240 144
47 158 44
164 194 164
105 111 102
25 26 22
34 119 34
182 235 182
75 196 72
178 215 178
45 174 42
159 207 156
83 219 80
23 182 20
4 38 4
141 185 138
123 201 120
183 217 180
31 151 28
193 207 190
133 236 130
189 234 186
75 145 72
73 204 70
56 213 56
184 225 184
181 217 178
17 175 14
125 137 122
122 141 122
6 208 6
34 90 34
101 121 98
131 208 128
77 254 74
123 140 120
199 251 196
79 216 76
62 93 62
101 160 98
12 164 12
2 150 2
38 91 38
56 206 56
31 60 28
114 154 114
3 82 1
35 43 32
167 214 164
12 249 12
22 252 22
57 162 54
59 231 56
15 81 12
50 157 50
19 86 16
103 230 100
49 188 46
23 52 20
20 99 20
204 247 204
101 202 98
13 84 10
212 224 212
7 245 4
16 103 16
72 138 72
123 171 120
2 55 2
17 153 14
227 246 224
215 234 212
95 156 92
78 95 78
125 254 122
155 186 152
72 104 72
132 233 132
219 242 216
54 100 54
42 116 42
8 165 8
86 220 86
91 194 88
56 184 56
195 237 192
135 240 132
145 182 142
32 208 32
163 213 160
4 253 4
88 205 88
93 184 90
6 15 6
13 44 10
175 179 172
188 252 188
93 134 90
74 121 74
157 244 154
71 97 68
127 167 124
99 218 96
31 194 28
239 254 236
48 137 48
131 152 128
125 142 122
27 204 24
76 79 76
7 251 4
179 226 176
209 220 206
73 188 70
65 129 62
145 159 142
204 227 204
159 175 156
29 222 26
89 216 86
192 194 192
42 178 42
34 79 34
127 227 124
156 162 156
157 245 154
67 153 64
122 216 122
71 112 68
44 195 44
10 18 10
4 18 4
47 194 44
169 234 166
101 118 98
116 124 116
175 219 172
99 106 96
51 194 48
50 162 50
23 138 20
81 177 78
111 162 108
103 177 100
71 128 68
111 131 108
99 137 96
2 251 2
14 80 14
101 211 98
151 206 148
59 136 56
95 134 92
73 253 70
48 210 48
126 143 126
129 194 126
63 215 60
68 125 68
32 254 32
83 252 80
47 196 44
19 139 16
147 213 144
168 180 168
12 97 12
14 69 14
49 255 46
157 175 154
112 181 112
177 224 174
179 225 176
109 189 106
181 232 178
128 201 128
205 206 202
37 240 34
147 188 144
101 157 98
24 211 24
72 127 72
58 176 58
84 139 84
121 239 118
107 165 104
41 93 38
175 190 172
14 21 14
20 161 20
27 173 24
79 96 76
135 246 132
72 159 72
74 91 74
115 168 112
133 192 130
85 151 82
59 177 56
106 224 106
11 143 8
64 247 64
100 200 100
189 195 186
101 193 98
139 186 136
71 75 68
87 211 84
109 236 106
140 195 140
111 142 108
169 204 166
32 115 32
26 205 26
117 254 114
140 182 140
211 218 208
99 165 96
35 152 32
153 172 150
62 185 62
92 156 92
100 199 100
95 229 92
29 169 26
171 228 168
201 212 198
147 208 144
70 195 70
60 231 60
19 104 16
68 242 68
78 185 78
167 200 164
26 143 26
124 163 124
22 40 22
153 177 150
6 182 6
165 226 162
162 254 162
45 76 42
170 255 170
76 120 76
58 83 58
95 121 92
209 237 206
107 253 104
65 106 62
54 88 54
103 135 100
67 105 64
8 39 8
141 227 138
93 105 90
159 222 156
95 101 92
43 223 40
77 251 74
10 35 10
38 197 38
52 137 52
79 146 76
137 197 134
206 219 206
57 115 54
133 138 130
131 154 128
56 131 56
73 185 70
7 21 4
100 181 100
167 237 164
115 133 112
207 211 204
106 234 106
74 130 74
159 204 156
60 136 60
39 121 36
96 124 96
80 103 80
66 78 66
160 222 160
205 226 202
64 155 64
89 92 86
7 38 4
38 113 38
89 248 86
25 199 22
65 96 62
188 227 188
80 102 80
67 74 64
137 160 134
221 227 218
80 159 80
52 64 52
189 220 186
49 182 46
3 225 1
42 143 42
30 239 30
196 234 196
57 242 54
113 188 110
55 189 52
122 208 122
107 208 104
90 110 90
49 141 46
17 106 14
67 100 64
123 216 120
16 194 16
113 125 110
21 35 18
8 72 8
26 40 26
109 248 106
1 250 1
112 169 112
14 82 14
234 251 234
199 219 196
51 213 48
83 157 80
40 66 40
80 114 80
8 249 8
162 240 162
31 74 28
99 197 96
34 113 34
126 221 126
136 222 136
53 58 50
223 246 220
72 162 72
6 28 6
86 198 86
98 125 98
26 62 26
42 193 42
79 131 76
203 221 200
16 185 16
10 145 10
168 252 168
90 136 90
123 245 120
53 89 50
48 233 48
185 206 182
58 106 58
74 203 74
89 222 86
44 98 44
163 215 160
183 198 180
169 249 166
53 248 50
182 254 182
15 71 12
66 140 66
59 232 56
211 226 208
73 162 70
203 212 200
7 194 4
167 217 164
30 200 30
69 206 66
97 236 94
57 123 54
79 233 76
141 255 138
160 218 160
124 164 124
100 158 100
68 187 68
50 198 50
57 138 54
21 99 18
215 236 212
62 88 62
58 102 58
114 127 114
161 243 158
51 243 48
199 205 196
216 244 216
170 206 170
2 19 2
32 110 32
191 225 188
15 61 12
136 152 136
61 181 58
217 224 214
18 67 18
162 197 162
81 162 78
142 204 142
175 224 172
231 241 228
60 162 60
50 176 50
26 92 26
149 166 146
29 159 26
16 20 16
28 40 28
90 252 90
101 151 98
84 150 84
32 50 32
76 98 76
33 234 30
133 186 130
181 246 178
22 44 22
32 42 32
173 193 170
197 252 194
97 176 94
190 239 190
30 88 30
67 141 64
74 211 74
9 117 6
20 252 20
63 158 60
92 247 92
74 193 74
12 68 12
189 239 186
25 108 22
129 154 126
91 120 88
7 59 4
35 73 32
96 161 96
167 202 164
118 164 118
105 109 102
41 146 38
86 131 86
119 121 116
23 186 20
47 105 44
22 65 22
11 36 8
69 252 66
64 73 64
78 163 78
160 198 160
123 168 120
82 156 82
27 230 24
16 22 16
17 150 14
219 221 216
183 199 180
27 161 24
80 123 80
100 136 100
24 75 24
23 133 20
7 17 4
141 210 138
5 133 2
39 46 36
14 55 14
19 122 16
128 159 128
140 228 140
5 86 2
72 100 72
163 231 160
44 107 44
73 74 70
176 178 176
147 185 144
105 249 102
187 252 184
141 181 138
17 233 14
120 177 120
41 72 38
20 38 20
31 169 28
103 112 100
66 118 66
107 242 104
89 122 86
132 169 132
18 115 18
132 182 132
21 218 18
87 177 84
209 254 206
63 201 60
79 242 76
66 230 66
15 120 12
60 190 60
97 254 94
151 205 148
31 211 28
37 85 34
30 130 30
16 160 16
65 249 62
9 159 6
37 186 34
1 10 1
129 146 126
30 164 30
7 87 4
98 129 98
82 169 82
19 113 16
60 222 60
95 196 92
153 200 150
218 237 218
127 159 124
151 168 148
40 201 40
59 183 56
49 50 46
144 218 144
133 184 130
107 114 104
73 133 70
63 223 60
77 176 74
11 178 8
72 255 72
103 176 100
46 211 46
56 198 56
161 184 158
187 253 184
130 149 130
103 185 100
29 179 26
81 92 78
71 129 68
47 110 44
212 216 212
20 49 20
201 226 198
191 233 188
27 181 24
75 237 72
19 158 16
121 150 118
3 108 1
63 233 60
2 207 2
47 212 44
196 246 196
219 250 216
73 179 70
201 211 198
89 236 86
23 29 20
201 235 198
6 24 6
184 188 184
171 175 168
63 102 60
42 255 42
82 121 82
127 250 124
163 194 160
74 112 74
39 75 36
91 144 88
143 183 140
3 90 1
90 133 90
65 105 62
191 211 188
7 108 4
62 147 62
80 152 80
121 222 118
155 252 152
31 251 28
171 217 168
199 248 196
153 155 150
119 146 116
50 97 50
23 77 20
97 195 94
47 84 44
41 170 38
206 228 206
84 180 84
147 187 144
148 162 148
169 222 166
64 66 64
148 210 148
8 85 8
79 112 76
33 79 30
129 224 126
104 197 104
118 176 118
130 194 130
69 123 66
90 142 90
31 198 28
141 145 138
64 187 64
19 149 16
56 240 56
115 166 112
12 44 12
147 212 144
51 75 48
83 244 80
152 209 152
5 152 2
164 210 164
94 194 94
15 237 12
12 115 12
79 166 76
64 78 64
207 225 204
59 146 56
134 148 134
96 137 96
39 95 36
37 58 34
85 248 82
167 226 164
192 238 192
79 210 76
68 87 68
73 105 70
12 31 12
71 106 68
5 216 2
154 172 154
5 15 2
62 77 62
68 92 68
185 205 182
152 253 152
1 109 1
189 237 186
114 124 114
101 234 98
93 229 90
109 220 106
147 230 144
157 207 154
53 198 50
17 73 14
137 220 134
69 184 66
141 193 138
97 243 94
59 196 56
138 169 138
32 68 32
23 207 20
79 203 76
2 25 2
2 49 2
138 174 138
139 210 136
134 187 134
8 66 8
12 248 12
98 144 98
65 179 62
127 195 124
9 24 6
22 82 22
13 18 10
52 163 52
27 192 24
83 115 80
10 173 10
2 110 2
210 231 210
72 94 72
6 56 6
135 150 132
147 162 144
119 178 116
23 198 20
52 93 52
112 217 112
63 199 60
45 189 42
31 190 28
168 250 168
80 125 80
147 249 144
126 181 126
106 227 106
127 198 124
111 130 108
3 173 1
163 209 160
100 104 100
173 200 170
117 190 114
103 128 100
34 158 34
3 210 1
34 39 34
160 233 160
70 82 70
48 71 48
43 106 40
182 194 182
193 194 190
191 237 188
28 254 28
77 223 74
55 76 52
192 226 192
61 190 58
178 213 178
222 239 222
209 230 206
189 229 186
56 60 56
90 123 90
182 225 182
11 14 8
99 199 96
92 102 92
130 249 130
34 221 34
7 166 4
103 191 100
4 115 4
95 220 92
129 240 126
20 33 20
54 85 54
57 159 54
20 40 20
87 148 84
64 172 64
89 210 86
91 131 88
6 188 6
211 233 208
51 212 48
12 54 12
135 191 132
177 187 174
50 81 50
213 247 210
97 158 94
149 190 146
104 124 104
37 107 34
167 194 164
2 173 2
188 223 188
4 172 4
115 171 112
40 153 40
155 205 152
6 40 6
121 210 118
58 200 58
200 218 200
22 121 22
114 194 114
155 158 152
51 248 48
49 215 46
67 102 64
57 101 54
86 144 86
15 145 12
51 171 48
176 237 176
99 215 96
52 244 52
70 89 70
109 154 106
9 192 6
79 223 76
140 237 140
89 177 86
119 213 116
213 245 210
75 185 72
121 253 118
90 165 90
16 149 16
45 221 42
155 243 152
10 189 10
3 155 1
37 253 34
26 42 26
84 209 84
121 145 118
16 59 16
121 199 118
13 91 10
179 202 176
62 149 62
45 252 42
17 208 14
12 34 12
65 76 62
123 132 120
53 163 50
209 235 206
14 54 14
23 233 20
50 190 50
73 144 70
13 246 10
38 112 38
136 183 136
31 171 28
43 71 40
207 253 204
171 202 168
80 108 80
38 60 38
48 222 48
134 159 134
45 52 42
1 75 1
35 57 32
151 176 148
131 185 128
91 142 88
44 129 44
29 217 26
138 230 138
7 19 4
82 162 82
98 215 98
50 220 50
52 87 52
179 189 176
57 247 54
231 245 228
61 107 58
131 244 128
209 214 206
140 144 140
2 31 2
33 137 30
73 250 70
190 246 190
85 242 82
39 176 36
64 82 64
113 123 110
25 31 22
81 136 78
97 141 94
86 183 86
24 107 24
150 160 150
91 149 88
70 206 70
47 136 44
220 224 220
17 126 14
100 188 100
44 157 44
136 219 136
17 47 14
38 128 38
62 255 62
82 237 82
61 222 58
2 138 2
68 133 68
3 203 1
109 232 106
34 171 34
79 185 76
52 237 52
35 169 32
203 210 200
27 98 24
15 189 12
18 135 18
75 181 72
223 248 220
49 159 46
31 201 28
3 94 1
17 211 14
14 23 14
35 94 32
5 168 2
41 232 38
41 248 38
38 95 38
193 245 190
3 71 1
21 169 18
57 105 54
46 105 46
59 108 56
156 220 156
198 252 198
161 232 158
157 249 154
36 211 36
130 137 130
92 255 92
171 176 168
133 224 130
43 213 40
33 82 30
29 78 26
15 63 12
61 152 58
5 131 2
88 237 88
29 79 26
8 25 8
31 253 28
84 88 84
194 232 194
143 207 140
75 160 72
202 216 202
123 181 120
1 36 1
143 180 140
121 142 118
17 147 14
32 131 32
6 91 6
118 162 118
82 84 82
99 229 96
44 225 44
112 130 112
30 57 30
127 154 124
16 201 16
6 94 6
25 98 22
114 172 114
223 241 220
84 160 84
128 142 128
196 210 196
101 189 98
179 255 176
89 225 86
177 179 174
23 106 20
119 206 116
108 206 108
192 202 192
117 227 114
74 93 74
193 222 190
157 183 154
92 95 92
37 129 34
70 218 70
112 205 112
25 162 22
78 126 78
155 232 152
135 175 132
125 241 122
117 122 114
44 136 44
17 247 14
85 172 82
147 246 144
183 205 180
104 136 104
57 230 54
153 196 150
85 214 82
176 192 176
97 181 94
23 96 20
25 244 22
13 47 10
57 245 54
56 219 56
29 128 26
34 36 34
100 220 100
101 241 98
77 108 74
101 220 98
24 229 24
189 247 186
44 212 44
87 227 84
49 111 46
68 164 68
140 188 140
99 230 96
111 134 108
16 113 16
79 246 76
35 173 32
70 182 70
185 236 182
79 219 76
2 47 2
1 228 1
18 81 18
39 237 36
150 165 150
22 156 22
58 69 58
182 205 182
24 163 24
1 37 1
1 65 1
11 147 8
75 116 72
122 198 122
51 67 48
12 147 12
21 137 18
38 103 38
77 84 74
32 146 32
10 239 10
186 245 186
15 153 12
1 58 1
31 215 28
36 217 36
102 206 102
135 188 132
219 249 216
85 246 82
149 212 146
27 46 24
201 214 198
207 255 204
32 170 32
109 233 106
83 116 80
17 204 14
125 170 122
109 149 106
19 87 16
41 179 38
10 197 10
55 110 52
125 147 122
71 133 68
87 242 84
148 181 148
15 92 12
99 253 96
162 199 162
67 161 64
60 247 60
44 69 44
2 12 2
185 218 182
81 157 78
61 218 58
111 116 108
39 146 36
85 254 82
99 228 96
121 146 118
136 241 136
173 244 170
49 243 46
212 223 212
167 180 164
155 228 152
221 229 218
134 208 134
28 52 28
109 200 106
31 234 28
7 158 4
31 34 28
61 180 58
195 206 192
16 43 16
154 184 154
141 165 138
2 15 2
95 162 92
183 203 180
57 248 54
215 219 212
20 67 20
68 74 68
25 39 22
145 217 142
185 214 182
68 118 68
38 183 38
171 232 168
129 152 126
107 139 104
51 92 48
60 253 60
46 192 46
91 224 88
207 240 204
14 149 14
168 206 168
85 130 82
157 254 154
2 36 2
89 199 86
168 223 168
77 227 74
160 191 160
44 118 44
151 246 148
21 226 18
34 57 34
127 180 124
179 197 176
21 40 18
68 174 68
33 164 30
127 200 124
5 193 2
38 166 38
65 144 62
193 213 190
194 251 194
104 167 104
7 112 4
51 238 48
179 200 176
86 112 86
72 234 72
147 223 144
89 221 86
130 205 130
79 224 76
125 217 122
69 114 66
12 183 12
53 66 50
42 97 42
144 226 144
147 171 144
43 183 40
11 97 8
99 219 96
60 89 60
44 167 44
1 173 1
175 229 172
3 233 1
116 188 116
9 113 6
65 180 62
46 225 46
86 94 86
20 172 20
54 151 54
46 251 46
171 206 168
72 146 72
163 188 160
27 29 24
137 208 134
9 207 6
51 116 48
127 174 124
50 161 50
27 186 24
78 202 78
43 150 40
167 172 164
162 196 162
60 180 60
10 103 10
55 196 52
207 233 204
44 163 44
92 199 92
25 181 22
63 144 60
165 237 162
54 206 54
32 182 32
35 174 32
169 240 166
99 139 96
161 217 158
23 180 20
109 142 106
174 253 174
231 244 228
76 152 76
29 242 26
161 203 158
79 230 76
67 215 64
10 188 10
8 96 8
50 58 50
64 156 64
46 52 46
215 252 212
59 226 56
90 148 90
191 210 188
9 96 6
221 242 218
95 236 92
145 249 142
40 46 40
147 180 144
145 234 142
66 186 66
45 176 42
49 204 46
35 153 32
92 208 92
238 254 238
27 54 24
86 237 86
41 158 38
15 206 12
21 98 18
225 254 222
65 103 62
1 224 1
66 255 66
27 107 24
187 197 184
142 169 142
38 161 38
213 244 210
183 207 180
183 251 180
17 48 14
183 192 180
187 210 184
137 218 134
96 138 96
98 102 98
23 115 20
143 201 140
189 253 186
6 163 6
33 172 30
21 185 18
113 215 110
192 211 192
220 236 220
128 213 128
212 222 212
129 209 126
57 254 54
182 228 182
53 193 50
208 225 208
106 205 106
74 167 74
144 230 144
64 120 64
31 180 28
97 149 94
145 229 142
60 138 60
85 176 82
38 174 38
182 241 182
19 116 16
121 241 118
41 215 38
111 179 108
75 88 72
173 236 170
125 133 122
53 79 50
113 139 110
183 241 180
54 101 54
147 199 144
125 144 122
80 86 80
177 241 174
72 232 72
14 72 14
62 172 62
64 254 64
100 164 100
16 55 16
94 106 94
20 237 20
33 70 30
89 125 86
189 203 186
86 164 86
43 132 40
198 216 198
10 141 10
92 103 92
78 152 78
158 203 158
102 224 102
24 61 24
84 123 84
26 35 26
223 243 220
15 193 12
114 137 114
89 99 86
221 255 218
131 199 128
181 231 178
202 254 202
142 217 142
27 31 24
52 107 52
23 223 20
158 171 158
54 84 54
62 138 62
78 135 78
41 91 38
11 68 8
11 113 8
79 106 76
200 229 200
185 221 182
115 153 112
167 224 164
111 250 108
51 98 48
175 217 172
60 116 60
113 206 110
93 100 90
107 223 104
139 199 136
37 126 34
50 221 50
96 127 96
112 149 112
15 53 12
16 21 16
121 127 118
26 238 26
122 162 122
18 142 18
229 234 226
143 197 140
18 83 18
47 246 44
22 108 22
74 156 74
20 129 20
119 212 116
91 250 88
205 244 202
21 47 18
115 219 112
18 25 18
161 216 158
10 79 10
85 154 82
15 241 12
23 30 20
28 76 28
18 150 18
84 86 84
70 104 70
3 32 1
197 214 194
5 99 2
145 244 142
17 217 14
10 83 10
135 189 132
111 155 108
92 230 92
36 39 36
42 109 42
26 46 26
53 83 50
46 153 46
96 153 96
248 251 248
2 249 2
187 224 184
14 46 14
97 220 94
115 175 112
16 224 16
169 212 166
113 192 110
81 132 78
84 105 84
6 34 6
42 76 42
126 229 126
149 194 146
81 131 78
76 127 76
117 210 114
175 210 172
83 91 80
52 149 52
183 238 180
154 190 154
27 103 24
55 162 52
204 255 204
159 247 156
146 254 146
101 232 98
51 156 48
27 249 24
42 135 42
142 230 142
194 215 194
40 87 40
143 179 140
13 191 10
133 180 130
106 163 106
208 219 208
55 142 52
72 145 72
148 161 148
129 228 126
6 209 6
114 193 114
40 195 40
161 172 158
16 102 16
183 248 180
27 130 24
108 139 108
51 58 48
143 154 140
41 177 38
105 226 102
22 75 22
74 143 74
171 214 168
177 195 174
108 176 108
13 121 10
3 181 1
157 199 154
13 244 10
83 177 80
59 218 56
11 76 8
39 167 36
99 177 96
108 195 108
163 196 160
4 31 4
10 56 10
84 119 84
2 217 2
165 232 162
49 250 46
66 214 66
91 225 88
151 171 148
163 227 160
123 189 120
14 241 14
83 200 80
70 199 70
147 255 144
94 109 94
109 190 106
97 209 94
114 219 114
125 148 122
31 85 28
18 53 18
39 248 36
89 91 86
13 20 10
5 21 2
41 73 38
110 193 110
166 228 166
67 216 64
110 112 110
154 157 154
14 91 14
54 89 54
107 244 104
61 63 58
107 154 104
110 201 110
12 146 12
141 206 138
103 181 100
15 139 12
3 226 1
24 36 24
58 84 58
3 221 1
71 240 68
173 249 170
26 94 26
31 132 28
20 89 20
100 180 100
151 158 148
97 207 94
83 117 80
73 122 70
46 199 46
7 120 4
50 152 50
38 176 38
22 212 22
23 129 20
34 107 34
7 154 4
218 231 218
71 190 68
7 225 4
27 117 24
14 26 14
81 252 78
207 247 204
94 116 94
4 185 4
54 74 54
207 236 204
118 198 118
140 235 140
21 243 18
118 213 118
113 144 110
23 150 20
91 222 88
145 158 142
53 143 50
29 148 26
130 219 130
219 253 216
1 35 1
11 90 8
87 213 84
58 91 58
121 216 118
119 253 116
60 82 60
162 247 162
26 149 26
44 149 44
2 97 2
127 164 124
50 74 50
149 243 146
159 196 156
75 134 72
60 66 60
181 222 178
105 157 102
218 240 218
130 148 130
26 135 26
169 217 166
19 232 16
29 107 26
103 218 100
41 214 38
80 244 80
154 252 154
84 184 84
55 234 52
2 53 2
41 204 38
53 255 50
111 144 108
10 111 10
113 119 110
77 182 74
20 68 20
179 245 176
175 205 172
68 94 68
69 224 66
38 105 38
138 214 138
35 45 32
121 171 118
57 165 54
53 210 50
3 114 1
17 189 14
211 251 208
1 31 1
76 186 76
185 249 182
173 211 170
99 192 96
16 72 16
22 255 22
149 168 146
179 180 176
44 176 44
57 181 54
71 121 68
40 57 40
165 241 162
235 247 232
68 209 68
93 102 90
55 112 52
25 139 22
46 144 46
99 189 96
9 248 6
159 183 156
102 142 102
30 247 30
76 154 76
20 34 20
57 232 54
23 127 20
16 247 16
240 243 240
224 244 224
22 187 22
23 132 20
157 216 154
58 162 58
223 225 220
59 89 56
7 95 4
13 188 10
29 111 26
131 252 128
76 88 76
34 82 34
55 72 52
79 177 76
42 103 42
55 223 52
26 75 26
125 187 122
95 129 92
136 139 136
93 161 90
147 247 144
165 212 162
88 167 88
19 125 16
188 230 188
28 66 28
19 31 16
83 225 80
110 203 110
12 122 12
132 223 132
59 202 56
20 211 20
49 229 46
140 170 140
108 164 108
29 134 26
85 125 82
166 185 166
67 254 64
225 237 222
106 128 106
63 105 60
18 44 18
38 169 38
5 26 2
66 77 66
15 177 12
17 110 14
89 178 86
29 131 26
103 175 100
134 150 134
19 89 16
147 207 144
101 147 98
40 88 40
145 241 142
112 208 112
163 226 160
165 216 162
124 162 124
71 116 68
63 203 60
129 241 126
72 78 72
127 204 124
41 46 38
203 218 200
112 243 112
145 189 142
97 163 94
53 208 50
71 200 68
20 37 20
10 174 10
242 244 242
195 227 192
139 172 136
121 224 118
159 180 156
87 194 84
12 169 12
66 76 66
13 140 10
187 214 184
1 177 1
205 237 202
107 127 104
129 217 126
59 138 56
9 241 6
20 116 20
60 173 60
2 122 2
171 201 168
131 167 128
14 230 14
201 220 198
83 251 80
152 197 152
110 178 110
6 219 6
109 170 106
54 102 54
177 180 174
85 167 82
139 192 136
51 142 48
72 201 72
35 98 32
61 64 58
128 222 128
98 166 98
41 152 38
221 231 218
72 200 72
181 216 178
9 196 6
73 134 70
119 245 116
32 94 32
133 167 130
195 212 192
109 250 106
66 142 66
16 85 16
207 242 204
3 65 1
126 249 126
18 61 18
6 95 6
131 166 128
28 93 28
17 27 14
203 224 200
69 133 66
80 223 80
83 170 80
12 39 12
96 195 96
135 185 132
7 105 4
75 120 72
73 135 70
32 119 32
132 236 132
107 142 104
68 128 68
10 71 10
10 99 10
35 65 32
48 254 48
76 80 76
56 161 56
53 127 50
155 208 152
19 189 16
146 167 146
52 223 52
50 80 50
15 151 12
24 141 24
50 136 50
171 218 168
221 248 218
113 198 110
137 241 134
104 206 104
142 168 142
79 232 76
58 62 58
48 107 48
171 213 168
1 13 1
155 189 152
43 91 40
120 214 120
118 207 118
40 86 40
79 129 76
85 87 82
62 239 62
121 173 118
10 29 10
69 154 66
11 125 8
36 113 36
163 246 160
183 186 180
161 248 158
166 225 166
41 249 38
49 235 46
213 215 210
66 190 66
20 192 20
137 252 134
61 238 58
43 45 40
38 86 38
66 254 66
45 191 42
136 229 136
145 207 142
102 241 102
106 173 106
125 190 122
39 84 36
99 170 96
51 187 48
157 181 154
14 94 14
32 255 32
106 130 106
222 227 222
68 129 68
137 245 134
57 244 54
94 115 94
77 210 74
37 123 34
8 106 8
24 214 24
193 215 190
86 214 86
37 226 34
43 203 40
27 196 24
14 202 14
53 96 50
115 135 112
132 188 132
24 56 24
71 136 68
85 220 82
170 251 170
71 169 68
32 45 32
34 134 34
40 232 40
153 178 150
28 238 28
16 57 16
163 203 160
136 218 136
8 78 8
66 154 66
15 117 12
70 253 70
153 175 150
23 230 20
146 150 146
51 144 48
3 170 1
47 148 44
244 252 244
108 171 108
18 250 18
14 77 14
117 192 114
233 234 230
151 161 148
93 145 90
123 147 120
209 231 206
44 147 44
58 221 58
145 254 142
193 218 190
27 139 24
125 157 122
26 69 26
13 60 10
1 96 1
247 253 244
12 26 12
71 111 68
49 214 46
54 207 54
12 155 12
46 209 46
79 184 76
89 209 86
85 203 82
110 186 110
153 217 150
12 20 12
217 223 214
26 57 26
21 159 18
48 119 48
53 118 50
27 245 24
87 170 84
218 228 218
48 132 48
120 212 120
9 20 6
139 234 136
13 217 10
107 227 104
49 78 46
138 209 138
69 170 66
23 34 20
51 130 48
103 184 100
28 48 28
202 228 202
103 126 100
137 146 134
106 155 106
38 57 38
50 61 50
45 126 42
109 202 106
87 244 84
42 165 42
53 230 50
87 185 84
39 231 36
163 189 160
29 48 26
73 117 70
9 21 6
37 64 34
100 222 100
191 232 188
30 131 30
86 204 86
83 104 80
118 157 118
92 101 92
1 222 1
19 96 16
95 135 92
155 207 152
73 205 70
193 230 190
136 204 136
76 136 76
23 151 20
193 226 190
55 191 52
1 163 1
203 204 200
60 218 60
55 199 52
107 136 104
111 192 108
26 116 26
116 175 116
36 239 36
17 236 14
149 152 146
9 131 6
87 101 84
103 153 100
172 246 172
22 148 22
108 167 108
55 134 52
183 221 180
139 202 136
4 177 4
24 149 24
221 240 218
133 143 130
239 251 236
41 44 38
84 102 84
124 150 124
79 196 76
35 176 32
64 192 64
5 76 2
121 244 118
3 66 1
139 244 136
48 60 48
141 224 138
166 211 166
71 107 68
29 85 26
38 87 38
3 58 1
1 11 1
68 254 68
113 205 110
16 174 16
87 98 84
11 96 8
35 108 32
134 209 134
15 167 12
81 185 78
117 237 114
27 202 24
11 202 8
69 119 66
75 76 72
42 253 42
117 247 114
111 158 108
62 101 62
25 32 22
12 84 12
59 166 56
25 189 22
32 171 32
154 185 154
86 98 86
151 224 148
22 77 22
116 230 116
171 199 168
146 199 146
52 136 52
46 78 46
127 254 124
14 110 14
66 244 66
98 219 98
17 228 14
67 122 64
203 206 200
14 67 14
51 77 48
67 187 64
18 162 18
209 240 206
69 142 66
124 213 124
66 205 66
21 69 18
21 168 18
125 191 122
217 221 214
145 221 142
2 27 2
155 156 152
98 172 98
103 188 100
214 242 214
56 166 56
103 131 100
55 111 52
65 78 62
123 134 120
2 124 2
77 248 74
68 90 68
90 164 90
25 88 22
3 178 1
103 195 100
71 244 68
157 185 154
149 252 146
165 222 162
79 251 76
222 229 222
89 138 86
184 221 184
161 176 158
142 222 142
52 56 52
178 219 178
85 187 82
124 218 124
131 195 128
83 247 80
9 228 6
161 215 158
206 238 206
73 104 70
18 252 18
71 99 68
27 199 24
80 227 80
29 135 26
86 143 86
153 206 150
44 150 44
224 235 224
16 27 16
16 219 16
125 218 122
141 235 138
15 38 12
48 239 48
173 194 170
83 221 80
18 184 18
178 217 178
19 129 16
57 63 54
152 162 152
65 194 62
126 175 126
102 168 102
87 173 84
107 205 104
48 52 48
26 192 26
155 213 152
28 152 28
65 195 62
117 234 114
70 250 70
4 108 4
30 213 30
205 232 202
96 145 96
2 11 2
79 111 76
186 227 186
20 61 20
209 251 206
85 196 82
8 41 8
199 249 196
21 170 18
167 209 164
77 177 74
129 205 126
135 219 132
72 140 72
53 121 50
57 205 54
31 240 28
55 183 52
97 223 94
84 89 84
132 171 132
9 34 6
67 209 64
199 201 196
122 151 122
67 139 64
65 81 62
13 78 10
4 28 4
19 184 16
23 33 20
137 211 134
65 253 62
51 197 48
138 179 138
23 101 20
51 137 48
63 213 60
106 115 106
98 138 98
75 96 72
35 89 32
137 201 134
52 82 52
67 68 64
90 106 90
93 203 90
72 121 72
137 249 134
73 88 70
70 196 70
24 43 24
130 216 130
34 222 34
135 168 132
107 133 104
45 241 42
169 195 166
196 224 196
114 180 114
69 167 66
1 136 1
54 208 54
53 93 50
87 147 84
171 205 168
52 105 52
217 252 214
23 226 20
119 171 116
138 220 138
159 173 156
64 103 64
149 196 146
18 245 18
29 138 26
144 168 144
26 128 26
113 150 110
18 38 18
59 204 56
133 248 130
127 223 124
160 181 160
80 178 80
31 245 28
131 138 128
139 152 136
99 151 96
138 237 138
129 130 126
75 245 72
87 187 84
127 220 124
149 177 146
107 119 104
88 135 88
5 254 2
130 234 130
175 236 172
16 114 16
45 172 42
117 127 114
110 169 110
27 131 24
27 213 24
46 220 46
89 202 86
51 83 48
8 89 8
71 218 68
120 125 120
7 92 4
149 178 146
120 237 120
208 253 208
183 185 180
118 215 118
181 236 178
175 227 172
130 154 130
191 238 188
24 197 24
201 216 198
143 175 140
13 185 10
16 167 16
46 51 46
90 235 90
158 175 158
72 101 72
134 221 134
29 227 26
123 182 120
43 193 40
53 192 50
117 216 114
98 173 98
86 163 86
28 100 28
119 233 116
12 112 12
119 236 116
133 197 130
74 183 74
61 102 58
143 250 140
155 195 152
39 115 36
74 90 74
107 232 104
163 186 160
104 125 104
193 227 190
59 152 56
127 148 124
121 179 118
21 214 18
75 111 72
60 100 60
81 226 78
72 132 72
79 137 76
79 205 76
45 145 42
26 234 26
18 34 18
219 225 216
32 228 32
47 191 44
137 144 134
167 175 164
93 190 90
113 133 110
111 206 108
26 32 26
69 84 66
212 219 212
14 182 14
213 229 210
165 228 162
40 199 40
168 203 168
93 142 90
78 255 78
109 240 106
40 47 40
51 195 48
77 167 74
194 214 194
45 168 42
233 244 230
41 62 38
90 149 90
34 56 34
8 48 8
108 131 108
127 217 124
44 148 44
34 212 34
60 202 60
147 229 144
174 189 174
19 144 16
215 224 212
8 218 8
151 231 148
183 246 180
61 97 58
2 30 2
88 206 88
15 16 12
173 176 170
22 169 22
35 231 32
27 102 24
29 243 26
164 219 164
125 177 122
3 190 1
23 185 20
162 211 162
183 255 180
30 184 30
99 207 96
4 30 4
103 222 100
151 181 148
31 50 28
153 242 150
48 95 48
88 156 88
143 233 140
154 240 154
53 122 50
7 155 4
18 96 18
129 247 126
45 170 42
48 231 48
73 95 70
201 219 198
37 211 34
195 224 192
40 130 40
123 221 120
128 130 128
132 213 132
175 198 172
113 183 110
1 89 1
243 251 240
69 132 66
9 143 6
13 186 10
46 149 46
36 45 36
73 165 70
100 135 100
109 117 106
35 193 32
55 84 52
145 243 142
197 215 194
140 179 140
46 170 46
105 134 102
70 161 70
173 243 170
35 232 32
230 254 230
153 210 150
155 210 152
24 180 24
145 228 142
49 51 46
156 181 156
109 150 106
37 120 34
99 149 96
209 212 206
50 251 50
43 57 40
223 255 220
43 65 40
1 144 1
10 102 10
42 148 42
51 165 48
151 173 148
19 51 16
19 181 16
239 243 236
209 244 206
70 187 70
105 131 102
77 83 74
50 127 50
66 171 66
78 201 78
107 148 104
163 230 160
24 58 24
167 231 164
83 158 80
151 179 148
138 145 138
52 61 52
196 247 196
77 165 74
163 200 160
155 161 152
167 177 164
146 179 146
98 198 98
55 114 52
91 148 88
58 163 58
97 110 94
75 136 72
167 208 164
50 149 50
129 253 126
55 126 52
87 222 84
75 232 72
19 127 16
205 208 202
83 152 80
45 218 42
120 198 120
60 137 60
50 226 50
5 220 2
149 215 146
148 157 148
52 114 52
70 76 70
117 173 114
65 218 62
59 181 56
7 200 4
31 59 28
176 181 176
143 238 140
120 126 120
25 171 22
40 113 40
161 180 158
129 163 126
2 26 2
122 248 122
101 180 98
114 244 114
11 187 8
193 243 190
58 161 58
186 230 186
115 235 112
171 224 168
57 211 54
93 149 90
22 216 22
124 209 124
23 31 20
9 87 6
141 200 138
27 229 24
158 173 158
8 71 8
16 245 16
114 175 114
71 86 68
48 176 48
21 82 18
119 218 116
179 252 176
137 231 134
3 15 1
74 197 74
159 166 156
140 163 140
3 77 1
64 74 64
166 193 166
133 206 130
14 199 14
119 204 116
35 208 32
15 22 12
94 185 94
72 96 72
69 86 66
23 128 20
38 188 38
92 211 92
13 189 10
82 208 82
45 96 42
68 205 68
111 164 108
63 68 60
27 124 24
48 130 48
46 252 46
3 248 1
79 155 76
29 123 26
67 149 64
159 218 156
4 221 4
132 208 132
117 244 114
3 122 1
64 216 64
13 42 10
76 244 76
167 244 164
6 61 6
14 64 14
88 221 88
219 228 216
37 55 34
85 122 82
237 244 234
47 151 44
37 234 34
6 232 6
90 96 90
23 69 20
214 229 214
28 173 28
195 203 192
42 209 42
100 109 100
70 151 70
120 216 120
51 95 48
143 243 140
171 254 168
17 209 14
11 128 8
148 224 148
27 160 24
161 220 158
141 148 138
5 238 2
143 222 140
99 127 96
7 170 4
203 249 200
6 48 6
25 103 22
88 209 88
27 121 24
42 157 42
132 141 132
208 248 208
51 179 48
12 38 12
147 190 144
61 89 58
209 238 206
50 193 50
31 64 28
142 203 142
12 57 12
9 240 6
133 246 130
99 162 96
51 161 48
91 106 88
118 158 118
47 117 44
20 103 20
201 250 198
26 48 26
41 45 38
43 171 40
1 116 1
173 226 170
85 231 82
6 16 6
101 221 98
127 137 124
61 246 58
19 27 16
11 174 8
73 222 70
204 241 204
1 14 1
65 124 62
81 224 78
43 85 40
139 170 136
147 172 144
105 254 102
33 228 30
8 29 8
67 83 64
57 210 54
7 241 4
71 170 68
111 148 108
128 229 128
203 231 200
116 206 116
182 216 182
101 228 98
74 103 74
57 90 54
175 233 172
109 205 106
20 69 20
56 104 56
98 113 98
100 105 100
18 152 18
238 242 238
164 167 164
145 212 142
171 180 168
109 148 106
171 179 168
27 132 24
115 212 112
59 78 56
8 20 8
169 251 166
181 202 178
127 232 124
11 201 8
4 143 4
88 170 88
48 153 48
31 55 28
76 184 76
85 94 82
26 49 26
49 56 46
24 230 24
93 247 90
103 213 100
45 226 42
80 215 80
5 191 2
231 239 228
31 70 28
29 93 26
114 184 114
52 110 52
161 255 158
94 170 94
146 183 146
123 248 120
85 209 82
62 186 62
68 83 68
121 220 118
12 94 12
59 174 56
167 173 164
45 247 42
52 240 52
47 199 44
7 103 4
27 159 24
44 65 44
57 72 54
161 162 158
112 170 112
171 195 168
19 162 16
167 190 164
23 94 20
123 156 120
5 9 2
41 186 38
53 74 50
19 123 16
205 223 202
106 161 106
137 184 134
62 192 62
49 148 46
48 82 48
97 234 94
112 230 112
105 107 102
12 213 12
37 166 34
119 235 116
189 221 186
233 248 230
31 203 28
134 143 134
145 172 142
101 129 98
79 228 76
65 140 62
194 230 194
62 123 62
42 69 42
39 214 36
53 164 50
74 123 74
75 83 72
120 127 120
80 245 80
130 232 130
187 230 184
67 228 64
105 118 102
7 132 4
103 136 100
49 110 46
21 85 18
54 66 54
66 112 66
43 102 40
133 191 130
30 165 30
115 159 112
147 242 144
201 245 198
48 77 48
133 250 130
52 62 52
116 171 116
101 145 98
13 157 10
92 225 92
65 196 62
178 189 178
71 246 68
7 143 4
69 201 66
59 71 56
62 94 62
39 253 36
89 203 86
90 204 90
72 116 72
17 237 14
149 205 146
131 177 128
120 211 120
68 138 68
48 67 48
76 83 76
188 193 188
48 157 48
95 184 92
49 89 46
83 143 80
170 193 170
88 240 88
157 178 154
130 222 130
40 121 40
39 74 36
30 66 30
35 155 32
139 141 136
49 176 46
10 212 10
83 135 80
57 215 54
30 59 30
50 102 50
163 193 160
93 232 90
181 201 178
121 132 118
32 118 32
112 148 112
38 201 38
23 171 20
80 176 80
108 254 108
20 178 20
62 204 62
73 125 70
43 94 40
174 247 174
224 234 224
150 220 150
140 169 140
21 39 18
146 163 146
127 129 124
244 250 244
137 247 134
146 181 146
16 115 16
116 197 116
116 150 116
154 241 154
87 217 84
25 130 22
107 159 104
18 226 18
59 103 56
64 176 64
102 235 102
101 214 98
27 155 24
6 168 6
205 252 202
70 129 70
34 104 34
5 192 2
22 138 22
168 240 168
135 223 132
106 183 106
224 236 224
27 158 24
81 198 78
161 236 158
80 228 80
97 164 94
159 206 156
202 224 202
173 187 170
75 198 72
53 243 50
205 215 202
17 146 14
161 165 158
92 130 92
141 249 138
135 222 132
198 241 198
25 232 22
147 155 144
90 166 90
209 225 206
56 129 56
109 209 106
133 148 130
95 238 92
175 194 172
158 221 158
23 174 20
156 209 156
99 161 96
17 184 14
100 111 100
76 146 76
112 151 112
117 165 114
36 216 36
131 241 128
13 90 10
9 172 6
34 175 34
64 143 64
39 154 36
13 134 10
236 252 236
113 224 110
141 202 138
55 60 52
155 255 152
44 141 44
73 171 70
42 126 42
46 102 46
150 170 150
80 191 80
29 213 26
85 241 82
12 24 12
3 26 1
101 178 98
166 202 166
80 120 80
188 225 188
130 210 130
160 194 160
28 211 28
18 176 18
49 207 46
62 126 62
193 197 190
28 136 28
93 255 90
100 130 100
177 188 174
74 100 74
155 174 152
225 243 222
111 118 108
109 135 106
41 100 38
27 218 24
7 109 4
101 243 98
208 211 208
167 198 164
111 246 108
60 107 60
43 241 40
72 242 72
13 223 10
86 106 86
94 159 94
155 177 152
1 207 1
61 150 58
66 201 66
124 148 124
99 205 96
40 255 40
175 187 172
1 24 1
153 248 150
79 240 76
159 227 156
91 234 88
61 80 58
107 151 104
77 110 74
45 155 42
72 230 72
91 230 88
89 207 86
63 81 60
42 163 42
13 45 10
42 112 42
133 157 130
139 220 136
158 205 158
35 183 32
51 145 48
131 232 128
98 180 98
31 176 28
71 145 68
132 250 132
87 127 84
69 226 66
50 144 50
17 61 14
14 151 14
15 114 12
24 239 24
53 225 50
139 208 136
55 93 52
83 156 80
112 143 112
131 158 128
61 70 58
5 208 2
78 106 78
117 130 114
49 131 46
81 248 78
20 216 20
38 67 38
112 160 112
83 205 80
105 115 102
34 227 34
37 222 34
4 167 4
16 34 16
61 121 58
32 106 32
179 196 176
35 127 32
120 146 120
148 153 148
65 213 62
103 187 100
73 169 70
222 235 222
119 181 116
73 77 70
64 223 64
123 219 120
8 33 8
169 174 166
35 55 32
108 123 108
23 167 20
141 162 138
158 206 158
16 111 16
140 213 140
4 50 4
38 217 38
22 67 22
48 91 48
121 138 118
164 211 164
113 247 110
60 186 60
30 46 30
175 216 172
10 134 10
90 210 90
144 170 144
49 253 46
18 192 18
47 155 44
173 177 170
47 57 44
147 170 144
87 155 84
44 124 44
6 217 6
221 224 218
17 252 14
12 19 12
62 146 62
12 42 12
150 246 150
7 226 4
163 184 160
6 139 6
1 231 1
14 246 14
91 159 88
64 185 64
18 77 18
227 240 224
64 235 64
21 46 18
128 186 128
84 202 84
98 161 98
221 232 218
14 89 14
152 233 152
35 245 32
21 70 18
63 205 60
161 225 158
110 233 110
105 202 102
127 135 124
11 89 8
134 176 134
7 133 4
231 232 228
207 213 204
75 165 72
50 214 50
72 182 72
103 123 100
195 200 192
58 68 58
53 227 50
46 112 46
126 235 126
28 214 28
101 117 98
13 35 10
131 239 128
13 25 10
84 104 84
51 174 48
184 220 184
1 33 1
26 158 26
141 172 138
65 255 62
219 232 216
165 236 162
77 195 74
132 164 132
125 198 122
13 132 10
54 215 54
56 141 56
132 146 132
27 179 24
20 232 20
17 225 14
47 68 44
185 242 182
94 98 94
111 243 108
83 176 80
29 168 26
85 97 82
164 179 164
40 156 40
51 252 48
121 201 118
153 220 150
9 83 6
53 137 50
14 142 14
43 75 40
109 111 106
13 194 10
233 251 230
73 203 70
163 190 160
134 249 134
187 198 184
14 226 14
19 77 16
13 196 10
198 239 198
34 181 34
94 190 94
59 76 56
25 72 22
90 214 90
211 217 208
187 245 184
177 245 174
21 178 18
153 213 150
147 225 144
9 49 6
42 86 42
240 255 240
49 241 46
198 232 198
191 240 188
69 188 66
53 219 50
12 126 12
34 58 34
4 24 4
179 213 176
54 70 54
29 70 26
92 137 92
43 170 40
81 214 78
162 190 162
220 232 220
48 88 48
3 8 1
139 161 136
175 200 172
112 186 112
3 191 1
143 178 140
50 224 50
129 203 126
62 143 62
135 146 132
124 175 124
145 238 142
91 201 88
81 201 78
139 198 136
44 66 44
149 220 146
59 96 56
68 152 68
118 153 118
169 228 166
2 76 2
42 61 42
1 117 1
4 162 4
17 254 14
61 131 58
99 131 96
49 162 46
63 146 60
9 122 6
33 83 30
113 160 110
171 221 168
43 234 40
135 245 132
201 225 198
157 179 154
35 226 32
60 123 60
109 174 106
50 60 50
80 104 80
201 228 198
24 148 24
13 87 10
152 194 152
175 177 172
81 154 78
121 249 118
116 193 116
96 206 96
58 60 58
108 141 108
111 183 108
35 99 32
44 152 44
8 175 8
91 100 88
11 137 8
64 177 64
39 183 36
32 84 32
37 214 34
61 106 58
30 214 30
18 157 18
89 239 86
49 99 46
37 68 34
23 143 20
173 229 170
89 193 86
7 63 4
87 132 84
158 236 158
24 127 24
23 45 20
68 204 68
23 43 20
38 111 38
180 193 180
97 107 94
143 166 140
59 132 56
126 156 126
22 174 22
120 207 120
162 181 162
6 226 6
65 173 62
97 170 94
173 209 170
172 233 172
88 112 88
107 111 104
226 254 226
91 211 88
74 186 74
11 217 8
183 208 180
111 247 108
163 219 160
169 179 166
87 144 84
6 200 6
104 133 104
52 104 52
73 126 70
115 174 112
169 218 166
161 218 158
197 203 194
71 192 68
65 130 62
229 250 226
123 139 120
40 177 40
119 150 116
18 218 18
13 57 10
1 110 1
25 201 22
193 250 190
151 215 148
44 59 44
9 115 6
115 184 112
146 187 146
3 97 1
57 168 54
82 95 82
153 207 150
1 78 1
2 202 2
90 104 90
7 75 4
217 232 214
41 171 38
205 230 202
75 191 72
42 64 42
75 130 72
43 177 40
121 251 118
201 234 198
8 49 8
27 168 24
81 231 78
63 125 60
105 174 102
34 223 34
117 232 114
66 75 66
115 202 112
177 254 174
195 231 192
21 233 18
83 243 80
32 142 32
14 139 14
154 201 154
64 180 64
39 136 36
229 238 226
23 249 20
85 168 82
75 235 72
75 168 72
101 190 98
62 131 62
20 31 20
48 200 48
109 214 106
189 213 186
114 144 114
74 224 74
176 250 176
116 156 116
71 185 68
88 155 88
7 147 4
16 83 16
109 230 106
234 238 234
113 148 110
112 255 112
39 80 36
101 209 98
22 57 22
138 224 138
51 221 48
173 254 170
173 220 170
179 188 176
26 29 26
70 112 70
12 136 12
43 123 40
71 223 68
51 105 48
63 75 60
78 115 78
59 147 56
14 154 14
182 214 182
117 228 114
106 225 106
25 54 22
59 213 56
129 232 126
81 128 78
71 207 68
179 247 176
183 202 180
195 222 192
107 117 104
144 171 144
51 55 48
1 220 1
35 248 32
16 248 16
160 224 160
159 234 156
2 38 2
169 208 166
184 190 184
53 153 50
44 197 44
29 91 26
213 233 210
194 244 194
77 138 74
121 225 118
57 239 54
134 228 134
67 108 64
97 116 94
79 121 76
70 184 70
94 242 94
90 250 90
2 177 2
70 127 70
41 94 38
73 110 70
43 88 40
65 240 62
41 237 38
40 127 40
9 77 6
30 144 30
22 179 22
8 136 8
52 206 52
56 136 56
28 72 28
45 135 42
44 46 44
66 161 66
30 136 30
54 181 54
50 59 50
125 248 122
73 176 70
24 243 24
6 186 6
136 163 136
54 128 54
125 161 122
100 156 100
82 100 82
62 182 62
71 84 68
166 196 166
54 57 54
125 182 122
44 100 44
22 200 22
1 83 1
106 157 106
104 235 104
97 179 94
158 208 158
85 247 82
61 149 58
63 240 60
203 235 200
68 249 68
141 191 138
104 251 104
28 56 28
99 188 96
57 86 54
51 71 48
121 248 118
101 141 98
36 150 36
128 250 128
148 195 148
74 133 74
102 114 102
25 239 22
107 225 104
89 107 86
39 161 36
9 165 6
161 242 158
66 72 66
111 153 108
120 231 120
145 168 142
66 225 66
51 202 48
157 198 154
6 119 6
81 172 78
128 238 128
34 235 34
5 63 2
179 192 176
96 117 96
32 35 32
99 166 96
73 226 70
71 151 68
40 242 40
119 239 116
103 202 100
64 77 64
29 90 26
111 143 108
18 166 18
108 129 108
10 47 10
61 109 58
10 245 10
33 114 30
33 217 30
17 137 14
159 199 156
88 231 88
148 176 148
180 191 180
19 186 16
2 102 2
49 216 46
147 176 144
51 113 48
22 223 22
138 247 138
17 125 14
1 92 1
132 187 132
184 197 184
41 154 38
116 130 116
57 250 54
53 113 50
38 102 38
49 142 46
41 126 38
71 108 68
139 142 136
90 197 90
120 250 120
5 161 2
5 119 2
153 208 150
18 173 18
161 253 158
119 136 116
115 227 112
153 160 150
31 65 28
69 229 66
1 38 1
24 115 24
15 203 12
12 220 12
183 187 180
