case_index	stage_index	stage	mode	n	seed	shuffle_labels	shuffle_queries	timeout_s	must_pass	case_artifact_subpath	case_cache_subpath
1	1	correctness_fuzz	comb_rect_dense	64	1	0	0	2	1	runs/correctness_fuzz/comb_rect_dense/n64/seed1_L0_Q0	comb_rect_dense/n64/seed1_L0_Q0
2	1	correctness_fuzz	comb_rect_dense	64	1	0	1	2	1	runs/correctness_fuzz/comb_rect_dense/n64/seed1_L0_Q1	comb_rect_dense/n64/seed1_L0_Q1
3	1	correctness_fuzz	comb_rect_dense	64	1	1	0	2	1	runs/correctness_fuzz/comb_rect_dense/n64/seed1_L1_Q0	comb_rect_dense/n64/seed1_L1_Q0
4	1	correctness_fuzz	comb_rect_dense	64	1	1	1	2	1	runs/correctness_fuzz/comb_rect_dense/n64/seed1_L1_Q1	comb_rect_dense/n64/seed1_L1_Q1
5	1	correctness_fuzz	comb_rect_dense	64	2	0	0	2	1	runs/correctness_fuzz/comb_rect_dense/n64/seed2_L0_Q0	comb_rect_dense/n64/seed2_L0_Q0
6	1	correctness_fuzz	comb_rect_dense	64	2	0	1	2	1	runs/correctness_fuzz/comb_rect_dense/n64/seed2_L0_Q1	comb_rect_dense/n64/seed2_L0_Q1
7	1	correctness_fuzz	comb_rect_dense	64	2	1	0	2	1	runs/correctness_fuzz/comb_rect_dense/n64/seed2_L1_Q0	comb_rect_dense/n64/seed2_L1_Q0
8	1	correctness_fuzz	comb_rect_dense	64	2	1	1	2	1	runs/correctness_fuzz/comb_rect_dense/n64/seed2_L1_Q1	comb_rect_dense/n64/seed2_L1_Q1
9	1	correctness_fuzz	comb_rect_dense	64	3	0	0	2	1	runs/correctness_fuzz/comb_rect_dense/n64/seed3_L0_Q0	comb_rect_dense/n64/seed3_L0_Q0
10	1	correctness_fuzz	comb_rect_dense	64	3	0	1	2	1	runs/correctness_fuzz/comb_rect_dense/n64/seed3_L0_Q1	comb_rect_dense/n64/seed3_L0_Q1
11	1	correctness_fuzz	comb_rect_dense	64	3	1	0	2	1	runs/correctness_fuzz/comb_rect_dense/n64/seed3_L1_Q0	comb_rect_dense/n64/seed3_L1_Q0
12	1	correctness_fuzz	comb_rect_dense	64	3	1	1	2	1	runs/correctness_fuzz/comb_rect_dense/n64/seed3_L1_Q1	comb_rect_dense/n64/seed3_L1_Q1
13	1	correctness_fuzz	comb_rect_dense	64	4	0	0	2	1	runs/correctness_fuzz/comb_rect_dense/n64/seed4_L0_Q0	comb_rect_dense/n64/seed4_L0_Q0
14	1	correctness_fuzz	comb_rect_dense	64	4	0	1	2	1	runs/correctness_fuzz/comb_rect_dense/n64/seed4_L0_Q1	comb_rect_dense/n64/seed4_L0_Q1
15	1	correctness_fuzz	comb_rect_dense	64	4	1	0	2	1	runs/correctness_fuzz/comb_rect_dense/n64/seed4_L1_Q0	comb_rect_dense/n64/seed4_L1_Q0
16	1	correctness_fuzz	comb_rect_dense	64	4	1	1	2	1	runs/correctness_fuzz/comb_rect_dense/n64/seed4_L1_Q1	comb_rect_dense/n64/seed4_L1_Q1
17	1	correctness_fuzz	comb_rect_dense	64	5	0	0	2	1	runs/correctness_fuzz/comb_rect_dense/n64/seed5_L0_Q0	comb_rect_dense/n64/seed5_L0_Q0
18	1	correctness_fuzz	comb_rect_dense	64	5	0	1	2	1	runs/correctness_fuzz/comb_rect_dense/n64/seed5_L0_Q1	comb_rect_dense/n64/seed5_L0_Q1
19	1	correctness_fuzz	comb_rect_dense	64	5	1	0	2	1	runs/correctness_fuzz/comb_rect_dense/n64/seed5_L1_Q0	comb_rect_dense/n64/seed5_L1_Q0
20	1	correctness_fuzz	comb_rect_dense	64	5	1	1	2	1	runs/correctness_fuzz/comb_rect_dense/n64/seed5_L1_Q1	comb_rect_dense/n64/seed5_L1_Q1
21	1	correctness_fuzz	comb_rect_dense	128	1	0	0	2	1	runs/correctness_fuzz/comb_rect_dense/n128/seed1_L0_Q0	comb_rect_dense/n128/seed1_L0_Q0
22	1	correctness_fuzz	comb_rect_dense	128	1	0	1	2	1	runs/correctness_fuzz/comb_rect_dense/n128/seed1_L0_Q1	comb_rect_dense/n128/seed1_L0_Q1
23	1	correctness_fuzz	comb_rect_dense	128	1	1	0	2	1	runs/correctness_fuzz/comb_rect_dense/n128/seed1_L1_Q0	comb_rect_dense/n128/seed1_L1_Q0
24	1	correctness_fuzz	comb_rect_dense	128	1	1	1	2	1	runs/correctness_fuzz/comb_rect_dense/n128/seed1_L1_Q1	comb_rect_dense/n128/seed1_L1_Q1
25	1	correctness_fuzz	comb_rect_dense	128	2	0	0	2	1	runs/correctness_fuzz/comb_rect_dense/n128/seed2_L0_Q0	comb_rect_dense/n128/seed2_L0_Q0
26	1	correctness_fuzz	comb_rect_dense	128	2	0	1	2	1	runs/correctness_fuzz/comb_rect_dense/n128/seed2_L0_Q1	comb_rect_dense/n128/seed2_L0_Q1
27	1	correctness_fuzz	comb_rect_dense	128	2	1	0	2	1	runs/correctness_fuzz/comb_rect_dense/n128/seed2_L1_Q0	comb_rect_dense/n128/seed2_L1_Q0
28	1	correctness_fuzz	comb_rect_dense	128	2	1	1	2	1	runs/correctness_fuzz/comb_rect_dense/n128/seed2_L1_Q1	comb_rect_dense/n128/seed2_L1_Q1
29	1	correctness_fuzz	comb_rect_dense	128	3	0	0	2	1	runs/correctness_fuzz/comb_rect_dense/n128/seed3_L0_Q0	comb_rect_dense/n128/seed3_L0_Q0
30	1	correctness_fuzz	comb_rect_dense	128	3	0	1	2	1	runs/correctness_fuzz/comb_rect_dense/n128/seed3_L0_Q1	comb_rect_dense/n128/seed3_L0_Q1
31	1	correctness_fuzz	comb_rect_dense	128	3	1	0	2	1	runs/correctness_fuzz/comb_rect_dense/n128/seed3_L1_Q0	comb_rect_dense/n128/seed3_L1_Q0
32	1	correctness_fuzz	comb_rect_dense	128	3	1	1	2	1	runs/correctness_fuzz/comb_rect_dense/n128/seed3_L1_Q1	comb_rect_dense/n128/seed3_L1_Q1
33	1	correctness_fuzz	comb_rect_dense	128	4	0	0	2	1	runs/correctness_fuzz/comb_rect_dense/n128/seed4_L0_Q0	comb_rect_dense/n128/seed4_L0_Q0
34	1	correctness_fuzz	comb_rect_dense	128	4	0	1	2	1	runs/correctness_fuzz/comb_rect_dense/n128/seed4_L0_Q1	comb_rect_dense/n128/seed4_L0_Q1
35	1	correctness_fuzz	comb_rect_dense	128	4	1	0	2	1	runs/correctness_fuzz/comb_rect_dense/n128/seed4_L1_Q0	comb_rect_dense/n128/seed4_L1_Q0
36	1	correctness_fuzz	comb_rect_dense	128	4	1	1	2	1	runs/correctness_fuzz/comb_rect_dense/n128/seed4_L1_Q1	comb_rect_dense/n128/seed4_L1_Q1
37	1	correctness_fuzz	comb_rect_dense	128	5	0	0	2	1	runs/correctness_fuzz/comb_rect_dense/n128/seed5_L0_Q0	comb_rect_dense/n128/seed5_L0_Q0
38	1	correctness_fuzz	comb_rect_dense	128	5	0	1	2	1	runs/correctness_fuzz/comb_rect_dense/n128/seed5_L0_Q1	comb_rect_dense/n128/seed5_L0_Q1
39	1	correctness_fuzz	comb_rect_dense	128	5	1	0	2	1	runs/correctness_fuzz/comb_rect_dense/n128/seed5_L1_Q0	comb_rect_dense/n128/seed5_L1_Q0
40	1	correctness_fuzz	comb_rect_dense	128	5	1	1	2	1	runs/correctness_fuzz/comb_rect_dense/n128/seed5_L1_Q1	comb_rect_dense/n128/seed5_L1_Q1
41	1	correctness_fuzz	comb_rect_dense	256	1	0	0	2	1	runs/correctness_fuzz/comb_rect_dense/n256/seed1_L0_Q0	comb_rect_dense/n256/seed1_L0_Q0
42	1	correctness_fuzz	comb_rect_dense	256	1	0	1	2	1	runs/correctness_fuzz/comb_rect_dense/n256/seed1_L0_Q1	comb_rect_dense/n256/seed1_L0_Q1
43	1	correctness_fuzz	comb_rect_dense	256	1	1	0	2	1	runs/correctness_fuzz/comb_rect_dense/n256/seed1_L1_Q0	comb_rect_dense/n256/seed1_L1_Q0
44	1	correctness_fuzz	comb_rect_dense	256	1	1	1	2	1	runs/correctness_fuzz/comb_rect_dense/n256/seed1_L1_Q1	comb_rect_dense/n256/seed1_L1_Q1
45	1	correctness_fuzz	comb_rect_dense	256	2	0	0	2	1	runs/correctness_fuzz/comb_rect_dense/n256/seed2_L0_Q0	comb_rect_dense/n256/seed2_L0_Q0
46	1	correctness_fuzz	comb_rect_dense	256	2	0	1	2	1	runs/correctness_fuzz/comb_rect_dense/n256/seed2_L0_Q1	comb_rect_dense/n256/seed2_L0_Q1
47	1	correctness_fuzz	comb_rect_dense	256	2	1	0	2	1	runs/correctness_fuzz/comb_rect_dense/n256/seed2_L1_Q0	comb_rect_dense/n256/seed2_L1_Q0
48	1	correctness_fuzz	comb_rect_dense	256	2	1	1	2	1	runs/correctness_fuzz/comb_rect_dense/n256/seed2_L1_Q1	comb_rect_dense/n256/seed2_L1_Q1
49	1	correctness_fuzz	comb_rect_dense	256	3	0	0	2	1	runs/correctness_fuzz/comb_rect_dense/n256/seed3_L0_Q0	comb_rect_dense/n256/seed3_L0_Q0
50	1	correctness_fuzz	comb_rect_dense	256	3	0	1	2	1	runs/correctness_fuzz/comb_rect_dense/n256/seed3_L0_Q1	comb_rect_dense/n256/seed3_L0_Q1
51	1	correctness_fuzz	comb_rect_dense	256	3	1	0	2	1	runs/correctness_fuzz/comb_rect_dense/n256/seed3_L1_Q0	comb_rect_dense/n256/seed3_L1_Q0
52	1	correctness_fuzz	comb_rect_dense	256	3	1	1	2	1	runs/correctness_fuzz/comb_rect_dense/n256/seed3_L1_Q1	comb_rect_dense/n256/seed3_L1_Q1
53	1	correctness_fuzz	comb_rect_dense	256	4	0	0	2	1	runs/correctness_fuzz/comb_rect_dense/n256/seed4_L0_Q0	comb_rect_dense/n256/seed4_L0_Q0
54	1	correctness_fuzz	comb_rect_dense	256	4	0	1	2	1	runs/correctness_fuzz/comb_rect_dense/n256/seed4_L0_Q1	comb_rect_dense/n256/seed4_L0_Q1
55	1	correctness_fuzz	comb_rect_dense	256	4	1	0	2	1	runs/correctness_fuzz/comb_rect_dense/n256/seed4_L1_Q0	comb_rect_dense/n256/seed4_L1_Q0
56	1	correctness_fuzz	comb_rect_dense	256	4	1	1	2	1	runs/correctness_fuzz/comb_rect_dense/n256/seed4_L1_Q1	comb_rect_dense/n256/seed4_L1_Q1
57	1	correctness_fuzz	comb_rect_dense	256	5	0	0	2	1	runs/correctness_fuzz/comb_rect_dense/n256/seed5_L0_Q0	comb_rect_dense/n256/seed5_L0_Q0
58	1	correctness_fuzz	comb_rect_dense	256	5	0	1	2	1	runs/correctness_fuzz/comb_rect_dense/n256/seed5_L0_Q1	comb_rect_dense/n256/seed5_L0_Q1
59	1	correctness_fuzz	comb_rect_dense	256	5	1	0	2	1	runs/correctness_fuzz/comb_rect_dense/n256/seed5_L1_Q0	comb_rect_dense/n256/seed5_L1_Q0
60	1	correctness_fuzz	comb_rect_dense	256	5	1	1	2	1	runs/correctness_fuzz/comb_rect_dense/n256/seed5_L1_Q1	comb_rect_dense/n256/seed5_L1_Q1
61	1	correctness_fuzz	comb_rect_dense	512	1	0	0	2	1	runs/correctness_fuzz/comb_rect_dense/n512/seed1_L0_Q0	comb_rect_dense/n512/seed1_L0_Q0
62	1	correctness_fuzz	comb_rect_dense	512	1	0	1	2	1	runs/correctness_fuzz/comb_rect_dense/n512/seed1_L0_Q1	comb_rect_dense/n512/seed1_L0_Q1
63	1	correctness_fuzz	comb_rect_dense	512	1	1	0	2	1	runs/correctness_fuzz/comb_rect_dense/n512/seed1_L1_Q0	comb_rect_dense/n512/seed1_L1_Q0
64	1	correctness_fuzz	comb_rect_dense	512	1	1	1	2	1	runs/correctness_fuzz/comb_rect_dense/n512/seed1_L1_Q1	comb_rect_dense/n512/seed1_L1_Q1
65	1	correctness_fuzz	comb_rect_dense	512	2	0	0	2	1	runs/correctness_fuzz/comb_rect_dense/n512/seed2_L0_Q0	comb_rect_dense/n512/seed2_L0_Q0
66	1	correctness_fuzz	comb_rect_dense	512	2	0	1	2	1	runs/correctness_fuzz/comb_rect_dense/n512/seed2_L0_Q1	comb_rect_dense/n512/seed2_L0_Q1
67	1	correctness_fuzz	comb_rect_dense	512	2	1	0	2	1	runs/correctness_fuzz/comb_rect_dense/n512/seed2_L1_Q0	comb_rect_dense/n512/seed2_L1_Q0
68	1	correctness_fuzz	comb_rect_dense	512	2	1	1	2	1	runs/correctness_fuzz/comb_rect_dense/n512/seed2_L1_Q1	comb_rect_dense/n512/seed2_L1_Q1
69	1	correctness_fuzz	comb_rect_dense	512	3	0	0	2	1	runs/correctness_fuzz/comb_rect_dense/n512/seed3_L0_Q0	comb_rect_dense/n512/seed3_L0_Q0
70	1	correctness_fuzz	comb_rect_dense	512	3	0	1	2	1	runs/correctness_fuzz/comb_rect_dense/n512/seed3_L0_Q1	comb_rect_dense/n512/seed3_L0_Q1
71	1	correctness_fuzz	comb_rect_dense	512	3	1	0	2	1	runs/correctness_fuzz/comb_rect_dense/n512/seed3_L1_Q0	comb_rect_dense/n512/seed3_L1_Q0
72	1	correctness_fuzz	comb_rect_dense	512	3	1	1	2	1	runs/correctness_fuzz/comb_rect_dense/n512/seed3_L1_Q1	comb_rect_dense/n512/seed3_L1_Q1
73	1	correctness_fuzz	comb_rect_dense	512	4	0	0	2	1	runs/correctness_fuzz/comb_rect_dense/n512/seed4_L0_Q0	comb_rect_dense/n512/seed4_L0_Q0
74	1	correctness_fuzz	comb_rect_dense	512	4	0	1	2	1	runs/correctness_fuzz/comb_rect_dense/n512/seed4_L0_Q1	comb_rect_dense/n512/seed4_L0_Q1
75	1	correctness_fuzz	comb_rect_dense	512	4	1	0	2	1	runs/correctness_fuzz/comb_rect_dense/n512/seed4_L1_Q0	comb_rect_dense/n512/seed4_L1_Q0
76	1	correctness_fuzz	comb_rect_dense	512	4	1	1	2	1	runs/correctness_fuzz/comb_rect_dense/n512/seed4_L1_Q1	comb_rect_dense/n512/seed4_L1_Q1
77	1	correctness_fuzz	comb_rect_dense	512	5	0	0	2	1	runs/correctness_fuzz/comb_rect_dense/n512/seed5_L0_Q0	comb_rect_dense/n512/seed5_L0_Q0
78	1	correctness_fuzz	comb_rect_dense	512	5	0	1	2	1	runs/correctness_fuzz/comb_rect_dense/n512/seed5_L0_Q1	comb_rect_dense/n512/seed5_L0_Q1
79	1	correctness_fuzz	comb_rect_dense	512	5	1	0	2	1	runs/correctness_fuzz/comb_rect_dense/n512/seed5_L1_Q0	comb_rect_dense/n512/seed5_L1_Q0
80	1	correctness_fuzz	comb_rect_dense	512	5	1	1	2	1	runs/correctness_fuzz/comb_rect_dense/n512/seed5_L1_Q1	comb_rect_dense/n512/seed5_L1_Q1
81	1	correctness_fuzz	comb_rect_dense	1024	1	0	0	2	1	runs/correctness_fuzz/comb_rect_dense/n1024/seed1_L0_Q0	comb_rect_dense/n1024/seed1_L0_Q0
82	1	correctness_fuzz	comb_rect_dense	1024	1	0	1	2	1	runs/correctness_fuzz/comb_rect_dense/n1024/seed1_L0_Q1	comb_rect_dense/n1024/seed1_L0_Q1
83	1	correctness_fuzz	comb_rect_dense	1024	1	1	0	2	1	runs/correctness_fuzz/comb_rect_dense/n1024/seed1_L1_Q0	comb_rect_dense/n1024/seed1_L1_Q0
84	1	correctness_fuzz	comb_rect_dense	1024	1	1	1	2	1	runs/correctness_fuzz/comb_rect_dense/n1024/seed1_L1_Q1	comb_rect_dense/n1024/seed1_L1_Q1
85	1	correctness_fuzz	comb_rect_dense	1024	2	0	0	2	1	runs/correctness_fuzz/comb_rect_dense/n1024/seed2_L0_Q0	comb_rect_dense/n1024/seed2_L0_Q0
86	1	correctness_fuzz	comb_rect_dense	1024	2	0	1	2	1	runs/correctness_fuzz/comb_rect_dense/n1024/seed2_L0_Q1	comb_rect_dense/n1024/seed2_L0_Q1
87	1	correctness_fuzz	comb_rect_dense	1024	2	1	0	2	1	runs/correctness_fuzz/comb_rect_dense/n1024/seed2_L1_Q0	comb_rect_dense/n1024/seed2_L1_Q0
88	1	correctness_fuzz	comb_rect_dense	1024	2	1	1	2	1	runs/correctness_fuzz/comb_rect_dense/n1024/seed2_L1_Q1	comb_rect_dense/n1024/seed2_L1_Q1
89	1	correctness_fuzz	comb_rect_dense	1024	3	0	0	2	1	runs/correctness_fuzz/comb_rect_dense/n1024/seed3_L0_Q0	comb_rect_dense/n1024/seed3_L0_Q0
90	1	correctness_fuzz	comb_rect_dense	1024	3	0	1	2	1	runs/correctness_fuzz/comb_rect_dense/n1024/seed3_L0_Q1	comb_rect_dense/n1024/seed3_L0_Q1
91	1	correctness_fuzz	comb_rect_dense	1024	3	1	0	2	1	runs/correctness_fuzz/comb_rect_dense/n1024/seed3_L1_Q0	comb_rect_dense/n1024/seed3_L1_Q0
92	1	correctness_fuzz	comb_rect_dense	1024	3	1	1	2	1	runs/correctness_fuzz/comb_rect_dense/n1024/seed3_L1_Q1	comb_rect_dense/n1024/seed3_L1_Q1
93	1	correctness_fuzz	comb_rect_dense	1024	4	0	0	2	1	runs/correctness_fuzz/comb_rect_dense/n1024/seed4_L0_Q0	comb_rect_dense/n1024/seed4_L0_Q0
94	1	correctness_fuzz	comb_rect_dense	1024	4	0	1	2	1	runs/correctness_fuzz/comb_rect_dense/n1024/seed4_L0_Q1	comb_rect_dense/n1024/seed4_L0_Q1
95	1	correctness_fuzz	comb_rect_dense	1024	4	1	0	2	1	runs/correctness_fuzz/comb_rect_dense/n1024/seed4_L1_Q0	comb_rect_dense/n1024/seed4_L1_Q0
96	1	correctness_fuzz	comb_rect_dense	1024	4	1	1	2	1	runs/correctness_fuzz/comb_rect_dense/n1024/seed4_L1_Q1	comb_rect_dense/n1024/seed4_L1_Q1
97	1	correctness_fuzz	comb_rect_dense	1024	5	0	0	2	1	runs/correctness_fuzz/comb_rect_dense/n1024/seed5_L0_Q0	comb_rect_dense/n1024/seed5_L0_Q0
98	1	correctness_fuzz	comb_rect_dense	1024	5	0	1	2	1	runs/correctness_fuzz/comb_rect_dense/n1024/seed5_L0_Q1	comb_rect_dense/n1024/seed5_L0_Q1
99	1	correctness_fuzz	comb_rect_dense	1024	5	1	0	2	1	runs/correctness_fuzz/comb_rect_dense/n1024/seed5_L1_Q0	comb_rect_dense/n1024/seed5_L1_Q0
100	1	correctness_fuzz	comb_rect_dense	1024	5	1	1	2	1	runs/correctness_fuzz/comb_rect_dense/n1024/seed5_L1_Q1	comb_rect_dense/n1024/seed5_L1_Q1
101	1	correctness_fuzz	multi_comb_rect	64	1	0	0	2	1	runs/correctness_fuzz/multi_comb_rect/n64/seed1_L0_Q0	multi_comb_rect/n64/seed1_L0_Q0
102	1	correctness_fuzz	multi_comb_rect	64	1	0	1	2	1	runs/correctness_fuzz/multi_comb_rect/n64/seed1_L0_Q1	multi_comb_rect/n64/seed1_L0_Q1
103	1	correctness_fuzz	multi_comb_rect	64	1	1	0	2	1	runs/correctness_fuzz/multi_comb_rect/n64/seed1_L1_Q0	multi_comb_rect/n64/seed1_L1_Q0
104	1	correctness_fuzz	multi_comb_rect	64	1	1	1	2	1	runs/correctness_fuzz/multi_comb_rect/n64/seed1_L1_Q1	multi_comb_rect/n64/seed1_L1_Q1
105	1	correctness_fuzz	multi_comb_rect	64	2	0	0	2	1	runs/correctness_fuzz/multi_comb_rect/n64/seed2_L0_Q0	multi_comb_rect/n64/seed2_L0_Q0
106	1	correctness_fuzz	multi_comb_rect	64	2	0	1	2	1	runs/correctness_fuzz/multi_comb_rect/n64/seed2_L0_Q1	multi_comb_rect/n64/seed2_L0_Q1
107	1	correctness_fuzz	multi_comb_rect	64	2	1	0	2	1	runs/correctness_fuzz/multi_comb_rect/n64/seed2_L1_Q0	multi_comb_rect/n64/seed2_L1_Q0
108	1	correctness_fuzz	multi_comb_rect	64	2	1	1	2	1	runs/correctness_fuzz/multi_comb_rect/n64/seed2_L1_Q1	multi_comb_rect/n64/seed2_L1_Q1
109	1	correctness_fuzz	multi_comb_rect	64	3	0	0	2	1	runs/correctness_fuzz/multi_comb_rect/n64/seed3_L0_Q0	multi_comb_rect/n64/seed3_L0_Q0
110	1	correctness_fuzz	multi_comb_rect	64	3	0	1	2	1	runs/correctness_fuzz/multi_comb_rect/n64/seed3_L0_Q1	multi_comb_rect/n64/seed3_L0_Q1
111	1	correctness_fuzz	multi_comb_rect	64	3	1	0	2	1	runs/correctness_fuzz/multi_comb_rect/n64/seed3_L1_Q0	multi_comb_rect/n64/seed3_L1_Q0
112	1	correctness_fuzz	multi_comb_rect	64	3	1	1	2	1	runs/correctness_fuzz/multi_comb_rect/n64/seed3_L1_Q1	multi_comb_rect/n64/seed3_L1_Q1
113	1	correctness_fuzz	multi_comb_rect	64	4	0	0	2	1	runs/correctness_fuzz/multi_comb_rect/n64/seed4_L0_Q0	multi_comb_rect/n64/seed4_L0_Q0
114	1	correctness_fuzz	multi_comb_rect	64	4	0	1	2	1	runs/correctness_fuzz/multi_comb_rect/n64/seed4_L0_Q1	multi_comb_rect/n64/seed4_L0_Q1
115	1	correctness_fuzz	multi_comb_rect	64	4	1	0	2	1	runs/correctness_fuzz/multi_comb_rect/n64/seed4_L1_Q0	multi_comb_rect/n64/seed4_L1_Q0
116	1	correctness_fuzz	multi_comb_rect	64	4	1	1	2	1	runs/correctness_fuzz/multi_comb_rect/n64/seed4_L1_Q1	multi_comb_rect/n64/seed4_L1_Q1
117	1	correctness_fuzz	multi_comb_rect	64	5	0	0	2	1	runs/correctness_fuzz/multi_comb_rect/n64/seed5_L0_Q0	multi_comb_rect/n64/seed5_L0_Q0
118	1	correctness_fuzz	multi_comb_rect	64	5	0	1	2	1	runs/correctness_fuzz/multi_comb_rect/n64/seed5_L0_Q1	multi_comb_rect/n64/seed5_L0_Q1
119	1	correctness_fuzz	multi_comb_rect	64	5	1	0	2	1	runs/correctness_fuzz/multi_comb_rect/n64/seed5_L1_Q0	multi_comb_rect/n64/seed5_L1_Q0
120	1	correctness_fuzz	multi_comb_rect	64	5	1	1	2	1	runs/correctness_fuzz/multi_comb_rect/n64/seed5_L1_Q1	multi_comb_rect/n64/seed5_L1_Q1
121	1	correctness_fuzz	multi_comb_rect	128	1	0	0	2	1	runs/correctness_fuzz/multi_comb_rect/n128/seed1_L0_Q0	multi_comb_rect/n128/seed1_L0_Q0
122	1	correctness_fuzz	multi_comb_rect	128	1	0	1	2	1	runs/correctness_fuzz/multi_comb_rect/n128/seed1_L0_Q1	multi_comb_rect/n128/seed1_L0_Q1
123	1	correctness_fuzz	multi_comb_rect	128	1	1	0	2	1	runs/correctness_fuzz/multi_comb_rect/n128/seed1_L1_Q0	multi_comb_rect/n128/seed1_L1_Q0
124	1	correctness_fuzz	multi_comb_rect	128	1	1	1	2	1	runs/correctness_fuzz/multi_comb_rect/n128/seed1_L1_Q1	multi_comb_rect/n128/seed1_L1_Q1
125	1	correctness_fuzz	multi_comb_rect	128	2	0	0	2	1	runs/correctness_fuzz/multi_comb_rect/n128/seed2_L0_Q0	multi_comb_rect/n128/seed2_L0_Q0
126	1	correctness_fuzz	multi_comb_rect	128	2	0	1	2	1	runs/correctness_fuzz/multi_comb_rect/n128/seed2_L0_Q1	multi_comb_rect/n128/seed2_L0_Q1
127	1	correctness_fuzz	multi_comb_rect	128	2	1	0	2	1	runs/correctness_fuzz/multi_comb_rect/n128/seed2_L1_Q0	multi_comb_rect/n128/seed2_L1_Q0
128	1	correctness_fuzz	multi_comb_rect	128	2	1	1	2	1	runs/correctness_fuzz/multi_comb_rect/n128/seed2_L1_Q1	multi_comb_rect/n128/seed2_L1_Q1
129	1	correctness_fuzz	multi_comb_rect	128	3	0	0	2	1	runs/correctness_fuzz/multi_comb_rect/n128/seed3_L0_Q0	multi_comb_rect/n128/seed3_L0_Q0
130	1	correctness_fuzz	multi_comb_rect	128	3	0	1	2	1	runs/correctness_fuzz/multi_comb_rect/n128/seed3_L0_Q1	multi_comb_rect/n128/seed3_L0_Q1
131	1	correctness_fuzz	multi_comb_rect	128	3	1	0	2	1	runs/correctness_fuzz/multi_comb_rect/n128/seed3_L1_Q0	multi_comb_rect/n128/seed3_L1_Q0
132	1	correctness_fuzz	multi_comb_rect	128	3	1	1	2	1	runs/correctness_fuzz/multi_comb_rect/n128/seed3_L1_Q1	multi_comb_rect/n128/seed3_L1_Q1
133	1	correctness_fuzz	multi_comb_rect	128	4	0	0	2	1	runs/correctness_fuzz/multi_comb_rect/n128/seed4_L0_Q0	multi_comb_rect/n128/seed4_L0_Q0
134	1	correctness_fuzz	multi_comb_rect	128	4	0	1	2	1	runs/correctness_fuzz/multi_comb_rect/n128/seed4_L0_Q1	multi_comb_rect/n128/seed4_L0_Q1
135	1	correctness_fuzz	multi_comb_rect	128	4	1	0	2	1	runs/correctness_fuzz/multi_comb_rect/n128/seed4_L1_Q0	multi_comb_rect/n128/seed4_L1_Q0
136	1	correctness_fuzz	multi_comb_rect	128	4	1	1	2	1	runs/correctness_fuzz/multi_comb_rect/n128/seed4_L1_Q1	multi_comb_rect/n128/seed4_L1_Q1
137	1	correctness_fuzz	multi_comb_rect	128	5	0	0	2	1	runs/correctness_fuzz/multi_comb_rect/n128/seed5_L0_Q0	multi_comb_rect/n128/seed5_L0_Q0
138	1	correctness_fuzz	multi_comb_rect	128	5	0	1	2	1	runs/correctness_fuzz/multi_comb_rect/n128/seed5_L0_Q1	multi_comb_rect/n128/seed5_L0_Q1
139	1	correctness_fuzz	multi_comb_rect	128	5	1	0	2	1	runs/correctness_fuzz/multi_comb_rect/n128/seed5_L1_Q0	multi_comb_rect/n128/seed5_L1_Q0
140	1	correctness_fuzz	multi_comb_rect	128	5	1	1	2	1	runs/correctness_fuzz/multi_comb_rect/n128/seed5_L1_Q1	multi_comb_rect/n128/seed5_L1_Q1
141	1	correctness_fuzz	multi_comb_rect	256	1	0	0	2	1	runs/correctness_fuzz/multi_comb_rect/n256/seed1_L0_Q0	multi_comb_rect/n256/seed1_L0_Q0
142	1	correctness_fuzz	multi_comb_rect	256	1	0	1	2	1	runs/correctness_fuzz/multi_comb_rect/n256/seed1_L0_Q1	multi_comb_rect/n256/seed1_L0_Q1
143	1	correctness_fuzz	multi_comb_rect	256	1	1	0	2	1	runs/correctness_fuzz/multi_comb_rect/n256/seed1_L1_Q0	multi_comb_rect/n256/seed1_L1_Q0
144	1	correctness_fuzz	multi_comb_rect	256	1	1	1	2	1	runs/correctness_fuzz/multi_comb_rect/n256/seed1_L1_Q1	multi_comb_rect/n256/seed1_L1_Q1
145	1	correctness_fuzz	multi_comb_rect	256	2	0	0	2	1	runs/correctness_fuzz/multi_comb_rect/n256/seed2_L0_Q0	multi_comb_rect/n256/seed2_L0_Q0
146	1	correctness_fuzz	multi_comb_rect	256	2	0	1	2	1	runs/correctness_fuzz/multi_comb_rect/n256/seed2_L0_Q1	multi_comb_rect/n256/seed2_L0_Q1
147	1	correctness_fuzz	multi_comb_rect	256	2	1	0	2	1	runs/correctness_fuzz/multi_comb_rect/n256/seed2_L1_Q0	multi_comb_rect/n256/seed2_L1_Q0
148	1	correctness_fuzz	multi_comb_rect	256	2	1	1	2	1	runs/correctness_fuzz/multi_comb_rect/n256/seed2_L1_Q1	multi_comb_rect/n256/seed2_L1_Q1
149	1	correctness_fuzz	multi_comb_rect	256	3	0	0	2	1	runs/correctness_fuzz/multi_comb_rect/n256/seed3_L0_Q0	multi_comb_rect/n256/seed3_L0_Q0
150	1	correctness_fuzz	multi_comb_rect	256	3	0	1	2	1	runs/correctness_fuzz/multi_comb_rect/n256/seed3_L0_Q1	multi_comb_rect/n256/seed3_L0_Q1
151	1	correctness_fuzz	multi_comb_rect	256	3	1	0	2	1	runs/correctness_fuzz/multi_comb_rect/n256/seed3_L1_Q0	multi_comb_rect/n256/seed3_L1_Q0
152	1	correctness_fuzz	multi_comb_rect	256	3	1	1	2	1	runs/correctness_fuzz/multi_comb_rect/n256/seed3_L1_Q1	multi_comb_rect/n256/seed3_L1_Q1
153	1	correctness_fuzz	multi_comb_rect	256	4	0	0	2	1	runs/correctness_fuzz/multi_comb_rect/n256/seed4_L0_Q0	multi_comb_rect/n256/seed4_L0_Q0
154	1	correctness_fuzz	multi_comb_rect	256	4	0	1	2	1	runs/correctness_fuzz/multi_comb_rect/n256/seed4_L0_Q1	multi_comb_rect/n256/seed4_L0_Q1
155	1	correctness_fuzz	multi_comb_rect	256	4	1	0	2	1	runs/correctness_fuzz/multi_comb_rect/n256/seed4_L1_Q0	multi_comb_rect/n256/seed4_L1_Q0
156	1	correctness_fuzz	multi_comb_rect	256	4	1	1	2	1	runs/correctness_fuzz/multi_comb_rect/n256/seed4_L1_Q1	multi_comb_rect/n256/seed4_L1_Q1
157	1	correctness_fuzz	multi_comb_rect	256	5	0	0	2	1	runs/correctness_fuzz/multi_comb_rect/n256/seed5_L0_Q0	multi_comb_rect/n256/seed5_L0_Q0
158	1	correctness_fuzz	multi_comb_rect	256	5	0	1	2	1	runs/correctness_fuzz/multi_comb_rect/n256/seed5_L0_Q1	multi_comb_rect/n256/seed5_L0_Q1
159	1	correctness_fuzz	multi_comb_rect	256	5	1	0	2	1	runs/correctness_fuzz/multi_comb_rect/n256/seed5_L1_Q0	multi_comb_rect/n256/seed5_L1_Q0
160	1	correctness_fuzz	multi_comb_rect	256	5	1	1	2	1	runs/correctness_fuzz/multi_comb_rect/n256/seed5_L1_Q1	multi_comb_rect/n256/seed5_L1_Q1
161	1	correctness_fuzz	multi_comb_rect	512	1	0	0	2	1	runs/correctness_fuzz/multi_comb_rect/n512/seed1_L0_Q0	multi_comb_rect/n512/seed1_L0_Q0
162	1	correctness_fuzz	multi_comb_rect	512	1	0	1	2	1	runs/correctness_fuzz/multi_comb_rect/n512/seed1_L0_Q1	multi_comb_rect/n512/seed1_L0_Q1
163	1	correctness_fuzz	multi_comb_rect	512	1	1	0	2	1	runs/correctness_fuzz/multi_comb_rect/n512/seed1_L1_Q0	multi_comb_rect/n512/seed1_L1_Q0
164	1	correctness_fuzz	multi_comb_rect	512	1	1	1	2	1	runs/correctness_fuzz/multi_comb_rect/n512/seed1_L1_Q1	multi_comb_rect/n512/seed1_L1_Q1
165	1	correctness_fuzz	multi_comb_rect	512	2	0	0	2	1	runs/correctness_fuzz/multi_comb_rect/n512/seed2_L0_Q0	multi_comb_rect/n512/seed2_L0_Q0
166	1	correctness_fuzz	multi_comb_rect	512	2	0	1	2	1	runs/correctness_fuzz/multi_comb_rect/n512/seed2_L0_Q1	multi_comb_rect/n512/seed2_L0_Q1
167	1	correctness_fuzz	multi_comb_rect	512	2	1	0	2	1	runs/correctness_fuzz/multi_comb_rect/n512/seed2_L1_Q0	multi_comb_rect/n512/seed2_L1_Q0
168	1	correctness_fuzz	multi_comb_rect	512	2	1	1	2	1	runs/correctness_fuzz/multi_comb_rect/n512/seed2_L1_Q1	multi_comb_rect/n512/seed2_L1_Q1
169	1	correctness_fuzz	multi_comb_rect	512	3	0	0	2	1	runs/correctness_fuzz/multi_comb_rect/n512/seed3_L0_Q0	multi_comb_rect/n512/seed3_L0_Q0
170	1	correctness_fuzz	multi_comb_rect	512	3	0	1	2	1	runs/correctness_fuzz/multi_comb_rect/n512/seed3_L0_Q1	multi_comb_rect/n512/seed3_L0_Q1
171	1	correctness_fuzz	multi_comb_rect	512	3	1	0	2	1	runs/correctness_fuzz/multi_comb_rect/n512/seed3_L1_Q0	multi_comb_rect/n512/seed3_L1_Q0
172	1	correctness_fuzz	multi_comb_rect	512	3	1	1	2	1	runs/correctness_fuzz/multi_comb_rect/n512/seed3_L1_Q1	multi_comb_rect/n512/seed3_L1_Q1
173	1	correctness_fuzz	multi_comb_rect	512	4	0	0	2	1	runs/correctness_fuzz/multi_comb_rect/n512/seed4_L0_Q0	multi_comb_rect/n512/seed4_L0_Q0
174	1	correctness_fuzz	multi_comb_rect	512	4	0	1	2	1	runs/correctness_fuzz/multi_comb_rect/n512/seed4_L0_Q1	multi_comb_rect/n512/seed4_L0_Q1
175	1	correctness_fuzz	multi_comb_rect	512	4	1	0	2	1	runs/correctness_fuzz/multi_comb_rect/n512/seed4_L1_Q0	multi_comb_rect/n512/seed4_L1_Q0
176	1	correctness_fuzz	multi_comb_rect	512	4	1	1	2	1	runs/correctness_fuzz/multi_comb_rect/n512/seed4_L1_Q1	multi_comb_rect/n512/seed4_L1_Q1
177	1	correctness_fuzz	multi_comb_rect	512	5	0	0	2	1	runs/correctness_fuzz/multi_comb_rect/n512/seed5_L0_Q0	multi_comb_rect/n512/seed5_L0_Q0
178	1	correctness_fuzz	multi_comb_rect	512	5	0	1	2	1	runs/correctness_fuzz/multi_comb_rect/n512/seed5_L0_Q1	multi_comb_rect/n512/seed5_L0_Q1
179	1	correctness_fuzz	multi_comb_rect	512	5	1	0	2	1	runs/correctness_fuzz/multi_comb_rect/n512/seed5_L1_Q0	multi_comb_rect/n512/seed5_L1_Q0
180	1	correctness_fuzz	multi_comb_rect	512	5	1	1	2	1	runs/correctness_fuzz/multi_comb_rect/n512/seed5_L1_Q1	multi_comb_rect/n512/seed5_L1_Q1
181	1	correctness_fuzz	multi_comb_rect	1024	1	0	0	2	1	runs/correctness_fuzz/multi_comb_rect/n1024/seed1_L0_Q0	multi_comb_rect/n1024/seed1_L0_Q0
182	1	correctness_fuzz	multi_comb_rect	1024	1	0	1	2	1	runs/correctness_fuzz/multi_comb_rect/n1024/seed1_L0_Q1	multi_comb_rect/n1024/seed1_L0_Q1
183	1	correctness_fuzz	multi_comb_rect	1024	1	1	0	2	1	runs/correctness_fuzz/multi_comb_rect/n1024/seed1_L1_Q0	multi_comb_rect/n1024/seed1_L1_Q0
184	1	correctness_fuzz	multi_comb_rect	1024	1	1	1	2	1	runs/correctness_fuzz/multi_comb_rect/n1024/seed1_L1_Q1	multi_comb_rect/n1024/seed1_L1_Q1
185	1	correctness_fuzz	multi_comb_rect	1024	2	0	0	2	1	runs/correctness_fuzz/multi_comb_rect/n1024/seed2_L0_Q0	multi_comb_rect/n1024/seed2_L0_Q0
186	1	correctness_fuzz	multi_comb_rect	1024	2	0	1	2	1	runs/correctness_fuzz/multi_comb_rect/n1024/seed2_L0_Q1	multi_comb_rect/n1024/seed2_L0_Q1
187	1	correctness_fuzz	multi_comb_rect	1024	2	1	0	2	1	runs/correctness_fuzz/multi_comb_rect/n1024/seed2_L1_Q0	multi_comb_rect/n1024/seed2_L1_Q0
188	1	correctness_fuzz	multi_comb_rect	1024	2	1	1	2	1	runs/correctness_fuzz/multi_comb_rect/n1024/seed2_L1_Q1	multi_comb_rect/n1024/seed2_L1_Q1
189	1	correctness_fuzz	multi_comb_rect	1024	3	0	0	2	1	runs/correctness_fuzz/multi_comb_rect/n1024/seed3_L0_Q0	multi_comb_rect/n1024/seed3_L0_Q0
190	1	correctness_fuzz	multi_comb_rect	1024	3	0	1	2	1	runs/correctness_fuzz/multi_comb_rect/n1024/seed3_L0_Q1	multi_comb_rect/n1024/seed3_L0_Q1
191	1	correctness_fuzz	multi_comb_rect	1024	3	1	0	2	1	runs/correctness_fuzz/multi_comb_rect/n1024/seed3_L1_Q0	multi_comb_rect/n1024/seed3_L1_Q0
192	1	correctness_fuzz	multi_comb_rect	1024	3	1	1	2	1	runs/correctness_fuzz/multi_comb_rect/n1024/seed3_L1_Q1	multi_comb_rect/n1024/seed3_L1_Q1
193	1	correctness_fuzz	multi_comb_rect	1024	4	0	0	2	1	runs/correctness_fuzz/multi_comb_rect/n1024/seed4_L0_Q0	multi_comb_rect/n1024/seed4_L0_Q0
194	1	correctness_fuzz	multi_comb_rect	1024	4	0	1	2	1	runs/correctness_fuzz/multi_comb_rect/n1024/seed4_L0_Q1	multi_comb_rect/n1024/seed4_L0_Q1
195	1	correctness_fuzz	multi_comb_rect	1024	4	1	0	2	1	runs/correctness_fuzz/multi_comb_rect/n1024/seed4_L1_Q0	multi_comb_rect/n1024/seed4_L1_Q0
196	1	correctness_fuzz	multi_comb_rect	1024	4	1	1	2	1	runs/correctness_fuzz/multi_comb_rect/n1024/seed4_L1_Q1	multi_comb_rect/n1024/seed4_L1_Q1
197	1	correctness_fuzz	multi_comb_rect	1024	5	0	0	2	1	runs/correctness_fuzz/multi_comb_rect/n1024/seed5_L0_Q0	multi_comb_rect/n1024/seed5_L0_Q0
198	1	correctness_fuzz	multi_comb_rect	1024	5	0	1	2	1	runs/correctness_fuzz/multi_comb_rect/n1024/seed5_L0_Q1	multi_comb_rect/n1024/seed5_L0_Q1
199	1	correctness_fuzz	multi_comb_rect	1024	5	1	0	2	1	runs/correctness_fuzz/multi_comb_rect/n1024/seed5_L1_Q0	multi_comb_rect/n1024/seed5_L1_Q0
200	1	correctness_fuzz	multi_comb_rect	1024	5	1	1	2	1	runs/correctness_fuzz/multi_comb_rect/n1024/seed5_L1_Q1	multi_comb_rect/n1024/seed5_L1_Q1
201	1	correctness_fuzz	multi_comb_cap	64	1	0	0	2	1	runs/correctness_fuzz/multi_comb_cap/n64/seed1_L0_Q0	multi_comb_cap/n64/seed1_L0_Q0
202	1	correctness_fuzz	multi_comb_cap	64	1	0	1	2	1	runs/correctness_fuzz/multi_comb_cap/n64/seed1_L0_Q1	multi_comb_cap/n64/seed1_L0_Q1
203	1	correctness_fuzz	multi_comb_cap	64	1	1	0	2	1	runs/correctness_fuzz/multi_comb_cap/n64/seed1_L1_Q0	multi_comb_cap/n64/seed1_L1_Q0
204	1	correctness_fuzz	multi_comb_cap	64	1	1	1	2	1	runs/correctness_fuzz/multi_comb_cap/n64/seed1_L1_Q1	multi_comb_cap/n64/seed1_L1_Q1
205	1	correctness_fuzz	multi_comb_cap	64	2	0	0	2	1	runs/correctness_fuzz/multi_comb_cap/n64/seed2_L0_Q0	multi_comb_cap/n64/seed2_L0_Q0
206	1	correctness_fuzz	multi_comb_cap	64	2	0	1	2	1	runs/correctness_fuzz/multi_comb_cap/n64/seed2_L0_Q1	multi_comb_cap/n64/seed2_L0_Q1
207	1	correctness_fuzz	multi_comb_cap	64	2	1	0	2	1	runs/correctness_fuzz/multi_comb_cap/n64/seed2_L1_Q0	multi_comb_cap/n64/seed2_L1_Q0
208	1	correctness_fuzz	multi_comb_cap	64	2	1	1	2	1	runs/correctness_fuzz/multi_comb_cap/n64/seed2_L1_Q1	multi_comb_cap/n64/seed2_L1_Q1
209	1	correctness_fuzz	multi_comb_cap	64	3	0	0	2	1	runs/correctness_fuzz/multi_comb_cap/n64/seed3_L0_Q0	multi_comb_cap/n64/seed3_L0_Q0
210	1	correctness_fuzz	multi_comb_cap	64	3	0	1	2	1	runs/correctness_fuzz/multi_comb_cap/n64/seed3_L0_Q1	multi_comb_cap/n64/seed3_L0_Q1
211	1	correctness_fuzz	multi_comb_cap	64	3	1	0	2	1	runs/correctness_fuzz/multi_comb_cap/n64/seed3_L1_Q0	multi_comb_cap/n64/seed3_L1_Q0
212	1	correctness_fuzz	multi_comb_cap	64	3	1	1	2	1	runs/correctness_fuzz/multi_comb_cap/n64/seed3_L1_Q1	multi_comb_cap/n64/seed3_L1_Q1
213	1	correctness_fuzz	multi_comb_cap	64	4	0	0	2	1	runs/correctness_fuzz/multi_comb_cap/n64/seed4_L0_Q0	multi_comb_cap/n64/seed4_L0_Q0
214	1	correctness_fuzz	multi_comb_cap	64	4	0	1	2	1	runs/correctness_fuzz/multi_comb_cap/n64/seed4_L0_Q1	multi_comb_cap/n64/seed4_L0_Q1
215	1	correctness_fuzz	multi_comb_cap	64	4	1	0	2	1	runs/correctness_fuzz/multi_comb_cap/n64/seed4_L1_Q0	multi_comb_cap/n64/seed4_L1_Q0
216	1	correctness_fuzz	multi_comb_cap	64	4	1	1	2	1	runs/correctness_fuzz/multi_comb_cap/n64/seed4_L1_Q1	multi_comb_cap/n64/seed4_L1_Q1
217	1	correctness_fuzz	multi_comb_cap	64	5	0	0	2	1	runs/correctness_fuzz/multi_comb_cap/n64/seed5_L0_Q0	multi_comb_cap/n64/seed5_L0_Q0
218	1	correctness_fuzz	multi_comb_cap	64	5	0	1	2	1	runs/correctness_fuzz/multi_comb_cap/n64/seed5_L0_Q1	multi_comb_cap/n64/seed5_L0_Q1
219	1	correctness_fuzz	multi_comb_cap	64	5	1	0	2	1	runs/correctness_fuzz/multi_comb_cap/n64/seed5_L1_Q0	multi_comb_cap/n64/seed5_L1_Q0
220	1	correctness_fuzz	multi_comb_cap	64	5	1	1	2	1	runs/correctness_fuzz/multi_comb_cap/n64/seed5_L1_Q1	multi_comb_cap/n64/seed5_L1_Q1
221	1	correctness_fuzz	multi_comb_cap	128	1	0	0	2	1	runs/correctness_fuzz/multi_comb_cap/n128/seed1_L0_Q0	multi_comb_cap/n128/seed1_L0_Q0
222	1	correctness_fuzz	multi_comb_cap	128	1	0	1	2	1	runs/correctness_fuzz/multi_comb_cap/n128/seed1_L0_Q1	multi_comb_cap/n128/seed1_L0_Q1
223	1	correctness_fuzz	multi_comb_cap	128	1	1	0	2	1	runs/correctness_fuzz/multi_comb_cap/n128/seed1_L1_Q0	multi_comb_cap/n128/seed1_L1_Q0
224	1	correctness_fuzz	multi_comb_cap	128	1	1	1	2	1	runs/correctness_fuzz/multi_comb_cap/n128/seed1_L1_Q1	multi_comb_cap/n128/seed1_L1_Q1
225	1	correctness_fuzz	multi_comb_cap	128	2	0	0	2	1	runs/correctness_fuzz/multi_comb_cap/n128/seed2_L0_Q0	multi_comb_cap/n128/seed2_L0_Q0
226	1	correctness_fuzz	multi_comb_cap	128	2	0	1	2	1	runs/correctness_fuzz/multi_comb_cap/n128/seed2_L0_Q1	multi_comb_cap/n128/seed2_L0_Q1
227	1	correctness_fuzz	multi_comb_cap	128	2	1	0	2	1	runs/correctness_fuzz/multi_comb_cap/n128/seed2_L1_Q0	multi_comb_cap/n128/seed2_L1_Q0
228	1	correctness_fuzz	multi_comb_cap	128	2	1	1	2	1	runs/correctness_fuzz/multi_comb_cap/n128/seed2_L1_Q1	multi_comb_cap/n128/seed2_L1_Q1
229	1	correctness_fuzz	multi_comb_cap	128	3	0	0	2	1	runs/correctness_fuzz/multi_comb_cap/n128/seed3_L0_Q0	multi_comb_cap/n128/seed3_L0_Q0
230	1	correctness_fuzz	multi_comb_cap	128	3	0	1	2	1	runs/correctness_fuzz/multi_comb_cap/n128/seed3_L0_Q1	multi_comb_cap/n128/seed3_L0_Q1
231	1	correctness_fuzz	multi_comb_cap	128	3	1	0	2	1	runs/correctness_fuzz/multi_comb_cap/n128/seed3_L1_Q0	multi_comb_cap/n128/seed3_L1_Q0
232	1	correctness_fuzz	multi_comb_cap	128	3	1	1	2	1	runs/correctness_fuzz/multi_comb_cap/n128/seed3_L1_Q1	multi_comb_cap/n128/seed3_L1_Q1
233	1	correctness_fuzz	multi_comb_cap	128	4	0	0	2	1	runs/correctness_fuzz/multi_comb_cap/n128/seed4_L0_Q0	multi_comb_cap/n128/seed4_L0_Q0
234	1	correctness_fuzz	multi_comb_cap	128	4	0	1	2	1	runs/correctness_fuzz/multi_comb_cap/n128/seed4_L0_Q1	multi_comb_cap/n128/seed4_L0_Q1
235	1	correctness_fuzz	multi_comb_cap	128	4	1	0	2	1	runs/correctness_fuzz/multi_comb_cap/n128/seed4_L1_Q0	multi_comb_cap/n128/seed4_L1_Q0
236	1	correctness_fuzz	multi_comb_cap	128	4	1	1	2	1	runs/correctness_fuzz/multi_comb_cap/n128/seed4_L1_Q1	multi_comb_cap/n128/seed4_L1_Q1
237	1	correctness_fuzz	multi_comb_cap	128	5	0	0	2	1	runs/correctness_fuzz/multi_comb_cap/n128/seed5_L0_Q0	multi_comb_cap/n128/seed5_L0_Q0
238	1	correctness_fuzz	multi_comb_cap	128	5	0	1	2	1	runs/correctness_fuzz/multi_comb_cap/n128/seed5_L0_Q1	multi_comb_cap/n128/seed5_L0_Q1
239	1	correctness_fuzz	multi_comb_cap	128	5	1	0	2	1	runs/correctness_fuzz/multi_comb_cap/n128/seed5_L1_Q0	multi_comb_cap/n128/seed5_L1_Q0
240	1	correctness_fuzz	multi_comb_cap	128	5	1	1	2	1	runs/correctness_fuzz/multi_comb_cap/n128/seed5_L1_Q1	multi_comb_cap/n128/seed5_L1_Q1
241	1	correctness_fuzz	multi_comb_cap	256	1	0	0	2	1	runs/correctness_fuzz/multi_comb_cap/n256/seed1_L0_Q0	multi_comb_cap/n256/seed1_L0_Q0
242	1	correctness_fuzz	multi_comb_cap	256	1	0	1	2	1	runs/correctness_fuzz/multi_comb_cap/n256/seed1_L0_Q1	multi_comb_cap/n256/seed1_L0_Q1
243	1	correctness_fuzz	multi_comb_cap	256	1	1	0	2	1	runs/correctness_fuzz/multi_comb_cap/n256/seed1_L1_Q0	multi_comb_cap/n256/seed1_L1_Q0
244	1	correctness_fuzz	multi_comb_cap	256	1	1	1	2	1	runs/correctness_fuzz/multi_comb_cap/n256/seed1_L1_Q1	multi_comb_cap/n256/seed1_L1_Q1
245	1	correctness_fuzz	multi_comb_cap	256	2	0	0	2	1	runs/correctness_fuzz/multi_comb_cap/n256/seed2_L0_Q0	multi_comb_cap/n256/seed2_L0_Q0
246	1	correctness_fuzz	multi_comb_cap	256	2	0	1	2	1	runs/correctness_fuzz/multi_comb_cap/n256/seed2_L0_Q1	multi_comb_cap/n256/seed2_L0_Q1
247	1	correctness_fuzz	multi_comb_cap	256	2	1	0	2	1	runs/correctness_fuzz/multi_comb_cap/n256/seed2_L1_Q0	multi_comb_cap/n256/seed2_L1_Q0
248	1	correctness_fuzz	multi_comb_cap	256	2	1	1	2	1	runs/correctness_fuzz/multi_comb_cap/n256/seed2_L1_Q1	multi_comb_cap/n256/seed2_L1_Q1
249	1	correctness_fuzz	multi_comb_cap	256	3	0	0	2	1	runs/correctness_fuzz/multi_comb_cap/n256/seed3_L0_Q0	multi_comb_cap/n256/seed3_L0_Q0
250	1	correctness_fuzz	multi_comb_cap	256	3	0	1	2	1	runs/correctness_fuzz/multi_comb_cap/n256/seed3_L0_Q1	multi_comb_cap/n256/seed3_L0_Q1
251	1	correctness_fuzz	multi_comb_cap	256	3	1	0	2	1	runs/correctness_fuzz/multi_comb_cap/n256/seed3_L1_Q0	multi_comb_cap/n256/seed3_L1_Q0
252	1	correctness_fuzz	multi_comb_cap	256	3	1	1	2	1	runs/correctness_fuzz/multi_comb_cap/n256/seed3_L1_Q1	multi_comb_cap/n256/seed3_L1_Q1
253	1	correctness_fuzz	multi_comb_cap	256	4	0	0	2	1	runs/correctness_fuzz/multi_comb_cap/n256/seed4_L0_Q0	multi_comb_cap/n256/seed4_L0_Q0
254	1	correctness_fuzz	multi_comb_cap	256	4	0	1	2	1	runs/correctness_fuzz/multi_comb_cap/n256/seed4_L0_Q1	multi_comb_cap/n256/seed4_L0_Q1
255	1	correctness_fuzz	multi_comb_cap	256	4	1	0	2	1	runs/correctness_fuzz/multi_comb_cap/n256/seed4_L1_Q0	multi_comb_cap/n256/seed4_L1_Q0
256	1	correctness_fuzz	multi_comb_cap	256	4	1	1	2	1	runs/correctness_fuzz/multi_comb_cap/n256/seed4_L1_Q1	multi_comb_cap/n256/seed4_L1_Q1
257	1	correctness_fuzz	multi_comb_cap	256	5	0	0	2	1	runs/correctness_fuzz/multi_comb_cap/n256/seed5_L0_Q0	multi_comb_cap/n256/seed5_L0_Q0
258	1	correctness_fuzz	multi_comb_cap	256	5	0	1	2	1	runs/correctness_fuzz/multi_comb_cap/n256/seed5_L0_Q1	multi_comb_cap/n256/seed5_L0_Q1
259	1	correctness_fuzz	multi_comb_cap	256	5	1	0	2	1	runs/correctness_fuzz/multi_comb_cap/n256/seed5_L1_Q0	multi_comb_cap/n256/seed5_L1_Q0
260	1	correctness_fuzz	multi_comb_cap	256	5	1	1	2	1	runs/correctness_fuzz/multi_comb_cap/n256/seed5_L1_Q1	multi_comb_cap/n256/seed5_L1_Q1
261	1	correctness_fuzz	multi_comb_cap	512	1	0	0	2	1	runs/correctness_fuzz/multi_comb_cap/n512/seed1_L0_Q0	multi_comb_cap/n512/seed1_L0_Q0
262	1	correctness_fuzz	multi_comb_cap	512	1	0	1	2	1	runs/correctness_fuzz/multi_comb_cap/n512/seed1_L0_Q1	multi_comb_cap/n512/seed1_L0_Q1
263	1	correctness_fuzz	multi_comb_cap	512	1	1	0	2	1	runs/correctness_fuzz/multi_comb_cap/n512/seed1_L1_Q0	multi_comb_cap/n512/seed1_L1_Q0
264	1	correctness_fuzz	multi_comb_cap	512	1	1	1	2	1	runs/correctness_fuzz/multi_comb_cap/n512/seed1_L1_Q1	multi_comb_cap/n512/seed1_L1_Q1
265	1	correctness_fuzz	multi_comb_cap	512	2	0	0	2	1	runs/correctness_fuzz/multi_comb_cap/n512/seed2_L0_Q0	multi_comb_cap/n512/seed2_L0_Q0
266	1	correctness_fuzz	multi_comb_cap	512	2	0	1	2	1	runs/correctness_fuzz/multi_comb_cap/n512/seed2_L0_Q1	multi_comb_cap/n512/seed2_L0_Q1
267	1	correctness_fuzz	multi_comb_cap	512	2	1	0	2	1	runs/correctness_fuzz/multi_comb_cap/n512/seed2_L1_Q0	multi_comb_cap/n512/seed2_L1_Q0
268	1	correctness_fuzz	multi_comb_cap	512	2	1	1	2	1	runs/correctness_fuzz/multi_comb_cap/n512/seed2_L1_Q1	multi_comb_cap/n512/seed2_L1_Q1
269	1	correctness_fuzz	multi_comb_cap	512	3	0	0	2	1	runs/correctness_fuzz/multi_comb_cap/n512/seed3_L0_Q0	multi_comb_cap/n512/seed3_L0_Q0
270	1	correctness_fuzz	multi_comb_cap	512	3	0	1	2	1	runs/correctness_fuzz/multi_comb_cap/n512/seed3_L0_Q1	multi_comb_cap/n512/seed3_L0_Q1
271	1	correctness_fuzz	multi_comb_cap	512	3	1	0	2	1	runs/correctness_fuzz/multi_comb_cap/n512/seed3_L1_Q0	multi_comb_cap/n512/seed3_L1_Q0
272	1	correctness_fuzz	multi_comb_cap	512	3	1	1	2	1	runs/correctness_fuzz/multi_comb_cap/n512/seed3_L1_Q1	multi_comb_cap/n512/seed3_L1_Q1
273	1	correctness_fuzz	multi_comb_cap	512	4	0	0	2	1	runs/correctness_fuzz/multi_comb_cap/n512/seed4_L0_Q0	multi_comb_cap/n512/seed4_L0_Q0
274	1	correctness_fuzz	multi_comb_cap	512	4	0	1	2	1	runs/correctness_fuzz/multi_comb_cap/n512/seed4_L0_Q1	multi_comb_cap/n512/seed4_L0_Q1
275	1	correctness_fuzz	multi_comb_cap	512	4	1	0	2	1	runs/correctness_fuzz/multi_comb_cap/n512/seed4_L1_Q0	multi_comb_cap/n512/seed4_L1_Q0
276	1	correctness_fuzz	multi_comb_cap	512	4	1	1	2	1	runs/correctness_fuzz/multi_comb_cap/n512/seed4_L1_Q1	multi_comb_cap/n512/seed4_L1_Q1
277	1	correctness_fuzz	multi_comb_cap	512	5	0	0	2	1	runs/correctness_fuzz/multi_comb_cap/n512/seed5_L0_Q0	multi_comb_cap/n512/seed5_L0_Q0
278	1	correctness_fuzz	multi_comb_cap	512	5	0	1	2	1	runs/correctness_fuzz/multi_comb_cap/n512/seed5_L0_Q1	multi_comb_cap/n512/seed5_L0_Q1
279	1	correctness_fuzz	multi_comb_cap	512	5	1	0	2	1	runs/correctness_fuzz/multi_comb_cap/n512/seed5_L1_Q0	multi_comb_cap/n512/seed5_L1_Q0
280	1	correctness_fuzz	multi_comb_cap	512	5	1	1	2	1	runs/correctness_fuzz/multi_comb_cap/n512/seed5_L1_Q1	multi_comb_cap/n512/seed5_L1_Q1
281	1	correctness_fuzz	multi_comb_cap	1024	1	0	0	2	1	runs/correctness_fuzz/multi_comb_cap/n1024/seed1_L0_Q0	multi_comb_cap/n1024/seed1_L0_Q0
282	1	correctness_fuzz	multi_comb_cap	1024	1	0	1	2	1	runs/correctness_fuzz/multi_comb_cap/n1024/seed1_L0_Q1	multi_comb_cap/n1024/seed1_L0_Q1
283	1	correctness_fuzz	multi_comb_cap	1024	1	1	0	2	1	runs/correctness_fuzz/multi_comb_cap/n1024/seed1_L1_Q0	multi_comb_cap/n1024/seed1_L1_Q0
284	1	correctness_fuzz	multi_comb_cap	1024	1	1	1	2	1	runs/correctness_fuzz/multi_comb_cap/n1024/seed1_L1_Q1	multi_comb_cap/n1024/seed1_L1_Q1
285	1	correctness_fuzz	multi_comb_cap	1024	2	0	0	2	1	runs/correctness_fuzz/multi_comb_cap/n1024/seed2_L0_Q0	multi_comb_cap/n1024/seed2_L0_Q0
286	1	correctness_fuzz	multi_comb_cap	1024	2	0	1	2	1	runs/correctness_fuzz/multi_comb_cap/n1024/seed2_L0_Q1	multi_comb_cap/n1024/seed2_L0_Q1
287	1	correctness_fuzz	multi_comb_cap	1024	2	1	0	2	1	runs/correctness_fuzz/multi_comb_cap/n1024/seed2_L1_Q0	multi_comb_cap/n1024/seed2_L1_Q0
288	1	correctness_fuzz	multi_comb_cap	1024	2	1	1	2	1	runs/correctness_fuzz/multi_comb_cap/n1024/seed2_L1_Q1	multi_comb_cap/n1024/seed2_L1_Q1
289	1	correctness_fuzz	multi_comb_cap	1024	3	0	0	2	1	runs/correctness_fuzz/multi_comb_cap/n1024/seed3_L0_Q0	multi_comb_cap/n1024/seed3_L0_Q0
290	1	correctness_fuzz	multi_comb_cap	1024	3	0	1	2	1	runs/correctness_fuzz/multi_comb_cap/n1024/seed3_L0_Q1	multi_comb_cap/n1024/seed3_L0_Q1
291	1	correctness_fuzz	multi_comb_cap	1024	3	1	0	2	1	runs/correctness_fuzz/multi_comb_cap/n1024/seed3_L1_Q0	multi_comb_cap/n1024/seed3_L1_Q0
292	1	correctness_fuzz	multi_comb_cap	1024	3	1	1	2	1	runs/correctness_fuzz/multi_comb_cap/n1024/seed3_L1_Q1	multi_comb_cap/n1024/seed3_L1_Q1
293	1	correctness_fuzz	multi_comb_cap	1024	4	0	0	2	1	runs/correctness_fuzz/multi_comb_cap/n1024/seed4_L0_Q0	multi_comb_cap/n1024/seed4_L0_Q0
294	1	correctness_fuzz	multi_comb_cap	1024	4	0	1	2	1	runs/correctness_fuzz/multi_comb_cap/n1024/seed4_L0_Q1	multi_comb_cap/n1024/seed4_L0_Q1
295	1	correctness_fuzz	multi_comb_cap	1024	4	1	0	2	1	runs/correctness_fuzz/multi_comb_cap/n1024/seed4_L1_Q0	multi_comb_cap/n1024/seed4_L1_Q0
296	1	correctness_fuzz	multi_comb_cap	1024	4	1	1	2	1	runs/correctness_fuzz/multi_comb_cap/n1024/seed4_L1_Q1	multi_comb_cap/n1024/seed4_L1_Q1
297	1	correctness_fuzz	multi_comb_cap	1024	5	0	0	2	1	runs/correctness_fuzz/multi_comb_cap/n1024/seed5_L0_Q0	multi_comb_cap/n1024/seed5_L0_Q0
298	1	correctness_fuzz	multi_comb_cap	1024	5	0	1	2	1	runs/correctness_fuzz/multi_comb_cap/n1024/seed5_L0_Q1	multi_comb_cap/n1024/seed5_L0_Q1
299	1	correctness_fuzz	multi_comb_cap	1024	5	1	0	2	1	runs/correctness_fuzz/multi_comb_cap/n1024/seed5_L1_Q0	multi_comb_cap/n1024/seed5_L1_Q0
300	1	correctness_fuzz	multi_comb_cap	1024	5	1	1	2	1	runs/correctness_fuzz/multi_comb_cap/n1024/seed5_L1_Q1	multi_comb_cap/n1024/seed5_L1_Q1
301	1	correctness_fuzz	chain_unary	64	1	0	0	2	1	runs/correctness_fuzz/chain_unary/n64/seed1_L0_Q0	chain_unary/n64/seed1_L0_Q0
302	1	correctness_fuzz	chain_unary	64	1	0	1	2	1	runs/correctness_fuzz/chain_unary/n64/seed1_L0_Q1	chain_unary/n64/seed1_L0_Q1
303	1	correctness_fuzz	chain_unary	64	1	1	0	2	1	runs/correctness_fuzz/chain_unary/n64/seed1_L1_Q0	chain_unary/n64/seed1_L1_Q0
304	1	correctness_fuzz	chain_unary	64	1	1	1	2	1	runs/correctness_fuzz/chain_unary/n64/seed1_L1_Q1	chain_unary/n64/seed1_L1_Q1
305	1	correctness_fuzz	chain_unary	64	2	0	0	2	1	runs/correctness_fuzz/chain_unary/n64/seed2_L0_Q0	chain_unary/n64/seed2_L0_Q0
306	1	correctness_fuzz	chain_unary	64	2	0	1	2	1	runs/correctness_fuzz/chain_unary/n64/seed2_L0_Q1	chain_unary/n64/seed2_L0_Q1
307	1	correctness_fuzz	chain_unary	64	2	1	0	2	1	runs/correctness_fuzz/chain_unary/n64/seed2_L1_Q0	chain_unary/n64/seed2_L1_Q0
308	1	correctness_fuzz	chain_unary	64	2	1	1	2	1	runs/correctness_fuzz/chain_unary/n64/seed2_L1_Q1	chain_unary/n64/seed2_L1_Q1
309	1	correctness_fuzz	chain_unary	64	3	0	0	2	1	runs/correctness_fuzz/chain_unary/n64/seed3_L0_Q0	chain_unary/n64/seed3_L0_Q0
310	1	correctness_fuzz	chain_unary	64	3	0	1	2	1	runs/correctness_fuzz/chain_unary/n64/seed3_L0_Q1	chain_unary/n64/seed3_L0_Q1
311	1	correctness_fuzz	chain_unary	64	3	1	0	2	1	runs/correctness_fuzz/chain_unary/n64/seed3_L1_Q0	chain_unary/n64/seed3_L1_Q0
312	1	correctness_fuzz	chain_unary	64	3	1	1	2	1	runs/correctness_fuzz/chain_unary/n64/seed3_L1_Q1	chain_unary/n64/seed3_L1_Q1
313	1	correctness_fuzz	chain_unary	64	4	0	0	2	1	runs/correctness_fuzz/chain_unary/n64/seed4_L0_Q0	chain_unary/n64/seed4_L0_Q0
314	1	correctness_fuzz	chain_unary	64	4	0	1	2	1	runs/correctness_fuzz/chain_unary/n64/seed4_L0_Q1	chain_unary/n64/seed4_L0_Q1
315	1	correctness_fuzz	chain_unary	64	4	1	0	2	1	runs/correctness_fuzz/chain_unary/n64/seed4_L1_Q0	chain_unary/n64/seed4_L1_Q0
316	1	correctness_fuzz	chain_unary	64	4	1	1	2	1	runs/correctness_fuzz/chain_unary/n64/seed4_L1_Q1	chain_unary/n64/seed4_L1_Q1
317	1	correctness_fuzz	chain_unary	64	5	0	0	2	1	runs/correctness_fuzz/chain_unary/n64/seed5_L0_Q0	chain_unary/n64/seed5_L0_Q0
318	1	correctness_fuzz	chain_unary	64	5	0	1	2	1	runs/correctness_fuzz/chain_unary/n64/seed5_L0_Q1	chain_unary/n64/seed5_L0_Q1
319	1	correctness_fuzz	chain_unary	64	5	1	0	2	1	runs/correctness_fuzz/chain_unary/n64/seed5_L1_Q0	chain_unary/n64/seed5_L1_Q0
320	1	correctness_fuzz	chain_unary	64	5	1	1	2	1	runs/correctness_fuzz/chain_unary/n64/seed5_L1_Q1	chain_unary/n64/seed5_L1_Q1
321	1	correctness_fuzz	chain_unary	128	1	0	0	2	1	runs/correctness_fuzz/chain_unary/n128/seed1_L0_Q0	chain_unary/n128/seed1_L0_Q0
322	1	correctness_fuzz	chain_unary	128	1	0	1	2	1	runs/correctness_fuzz/chain_unary/n128/seed1_L0_Q1	chain_unary/n128/seed1_L0_Q1
323	1	correctness_fuzz	chain_unary	128	1	1	0	2	1	runs/correctness_fuzz/chain_unary/n128/seed1_L1_Q0	chain_unary/n128/seed1_L1_Q0
324	1	correctness_fuzz	chain_unary	128	1	1	1	2	1	runs/correctness_fuzz/chain_unary/n128/seed1_L1_Q1	chain_unary/n128/seed1_L1_Q1
325	1	correctness_fuzz	chain_unary	128	2	0	0	2	1	runs/correctness_fuzz/chain_unary/n128/seed2_L0_Q0	chain_unary/n128/seed2_L0_Q0
326	1	correctness_fuzz	chain_unary	128	2	0	1	2	1	runs/correctness_fuzz/chain_unary/n128/seed2_L0_Q1	chain_unary/n128/seed2_L0_Q1
327	1	correctness_fuzz	chain_unary	128	2	1	0	2	1	runs/correctness_fuzz/chain_unary/n128/seed2_L1_Q0	chain_unary/n128/seed2_L1_Q0
328	1	correctness_fuzz	chain_unary	128	2	1	1	2	1	runs/correctness_fuzz/chain_unary/n128/seed2_L1_Q1	chain_unary/n128/seed2_L1_Q1
329	1	correctness_fuzz	chain_unary	128	3	0	0	2	1	runs/correctness_fuzz/chain_unary/n128/seed3_L0_Q0	chain_unary/n128/seed3_L0_Q0
330	1	correctness_fuzz	chain_unary	128	3	0	1	2	1	runs/correctness_fuzz/chain_unary/n128/seed3_L0_Q1	chain_unary/n128/seed3_L0_Q1
331	1	correctness_fuzz	chain_unary	128	3	1	0	2	1	runs/correctness_fuzz/chain_unary/n128/seed3_L1_Q0	chain_unary/n128/seed3_L1_Q0
332	1	correctness_fuzz	chain_unary	128	3	1	1	2	1	runs/correctness_fuzz/chain_unary/n128/seed3_L1_Q1	chain_unary/n128/seed3_L1_Q1
333	1	correctness_fuzz	chain_unary	128	4	0	0	2	1	runs/correctness_fuzz/chain_unary/n128/seed4_L0_Q0	chain_unary/n128/seed4_L0_Q0
334	1	correctness_fuzz	chain_unary	128	4	0	1	2	1	runs/correctness_fuzz/chain_unary/n128/seed4_L0_Q1	chain_unary/n128/seed4_L0_Q1
335	1	correctness_fuzz	chain_unary	128	4	1	0	2	1	runs/correctness_fuzz/chain_unary/n128/seed4_L1_Q0	chain_unary/n128/seed4_L1_Q0
336	1	correctness_fuzz	chain_unary	128	4	1	1	2	1	runs/correctness_fuzz/chain_unary/n128/seed4_L1_Q1	chain_unary/n128/seed4_L1_Q1
337	1	correctness_fuzz	chain_unary	128	5	0	0	2	1	runs/correctness_fuzz/chain_unary/n128/seed5_L0_Q0	chain_unary/n128/seed5_L0_Q0
338	1	correctness_fuzz	chain_unary	128	5	0	1	2	1	runs/correctness_fuzz/chain_unary/n128/seed5_L0_Q1	chain_unary/n128/seed5_L0_Q1
339	1	correctness_fuzz	chain_unary	128	5	1	0	2	1	runs/correctness_fuzz/chain_unary/n128/seed5_L1_Q0	chain_unary/n128/seed5_L1_Q0
340	1	correctness_fuzz	chain_unary	128	5	1	1	2	1	runs/correctness_fuzz/chain_unary/n128/seed5_L1_Q1	chain_unary/n128/seed5_L1_Q1
341	1	correctness_fuzz	chain_unary	256	1	0	0	2	1	runs/correctness_fuzz/chain_unary/n256/seed1_L0_Q0	chain_unary/n256/seed1_L0_Q0
342	1	correctness_fuzz	chain_unary	256	1	0	1	2	1	runs/correctness_fuzz/chain_unary/n256/seed1_L0_Q1	chain_unary/n256/seed1_L0_Q1
343	1	correctness_fuzz	chain_unary	256	1	1	0	2	1	runs/correctness_fuzz/chain_unary/n256/seed1_L1_Q0	chain_unary/n256/seed1_L1_Q0
344	1	correctness_fuzz	chain_unary	256	1	1	1	2	1	runs/correctness_fuzz/chain_unary/n256/seed1_L1_Q1	chain_unary/n256/seed1_L1_Q1
345	1	correctness_fuzz	chain_unary	256	2	0	0	2	1	runs/correctness_fuzz/chain_unary/n256/seed2_L0_Q0	chain_unary/n256/seed2_L0_Q0
346	1	correctness_fuzz	chain_unary	256	2	0	1	2	1	runs/correctness_fuzz/chain_unary/n256/seed2_L0_Q1	chain_unary/n256/seed2_L0_Q1
347	1	correctness_fuzz	chain_unary	256	2	1	0	2	1	runs/correctness_fuzz/chain_unary/n256/seed2_L1_Q0	chain_unary/n256/seed2_L1_Q0
348	1	correctness_fuzz	chain_unary	256	2	1	1	2	1	runs/correctness_fuzz/chain_unary/n256/seed2_L1_Q1	chain_unary/n256/seed2_L1_Q1
349	1	correctness_fuzz	chain_unary	256	3	0	0	2	1	runs/correctness_fuzz/chain_unary/n256/seed3_L0_Q0	chain_unary/n256/seed3_L0_Q0
350	1	correctness_fuzz	chain_unary	256	3	0	1	2	1	runs/correctness_fuzz/chain_unary/n256/seed3_L0_Q1	chain_unary/n256/seed3_L0_Q1
351	1	correctness_fuzz	chain_unary	256	3	1	0	2	1	runs/correctness_fuzz/chain_unary/n256/seed3_L1_Q0	chain_unary/n256/seed3_L1_Q0
352	1	correctness_fuzz	chain_unary	256	3	1	1	2	1	runs/correctness_fuzz/chain_unary/n256/seed3_L1_Q1	chain_unary/n256/seed3_L1_Q1
353	1	correctness_fuzz	chain_unary	256	4	0	0	2	1	runs/correctness_fuzz/chain_unary/n256/seed4_L0_Q0	chain_unary/n256/seed4_L0_Q0
354	1	correctness_fuzz	chain_unary	256	4	0	1	2	1	runs/correctness_fuzz/chain_unary/n256/seed4_L0_Q1	chain_unary/n256/seed4_L0_Q1
355	1	correctness_fuzz	chain_unary	256	4	1	0	2	1	runs/correctness_fuzz/chain_unary/n256/seed4_L1_Q0	chain_unary/n256/seed4_L1_Q0
356	1	correctness_fuzz	chain_unary	256	4	1	1	2	1	runs/correctness_fuzz/chain_unary/n256/seed4_L1_Q1	chain_unary/n256/seed4_L1_Q1
357	1	correctness_fuzz	chain_unary	256	5	0	0	2	1	runs/correctness_fuzz/chain_unary/n256/seed5_L0_Q0	chain_unary/n256/seed5_L0_Q0
358	1	correctness_fuzz	chain_unary	256	5	0	1	2	1	runs/correctness_fuzz/chain_unary/n256/seed5_L0_Q1	chain_unary/n256/seed5_L0_Q1
359	1	correctness_fuzz	chain_unary	256	5	1	0	2	1	runs/correctness_fuzz/chain_unary/n256/seed5_L1_Q0	chain_unary/n256/seed5_L1_Q0
360	1	correctness_fuzz	chain_unary	256	5	1	1	2	1	runs/correctness_fuzz/chain_unary/n256/seed5_L1_Q1	chain_unary/n256/seed5_L1_Q1
361	1	correctness_fuzz	chain_unary	512	1	0	0	2	1	runs/correctness_fuzz/chain_unary/n512/seed1_L0_Q0	chain_unary/n512/seed1_L0_Q0
362	1	correctness_fuzz	chain_unary	512	1	0	1	2	1	runs/correctness_fuzz/chain_unary/n512/seed1_L0_Q1	chain_unary/n512/seed1_L0_Q1
363	1	correctness_fuzz	chain_unary	512	1	1	0	2	1	runs/correctness_fuzz/chain_unary/n512/seed1_L1_Q0	chain_unary/n512/seed1_L1_Q0
364	1	correctness_fuzz	chain_unary	512	1	1	1	2	1	runs/correctness_fuzz/chain_unary/n512/seed1_L1_Q1	chain_unary/n512/seed1_L1_Q1
365	1	correctness_fuzz	chain_unary	512	2	0	0	2	1	runs/correctness_fuzz/chain_unary/n512/seed2_L0_Q0	chain_unary/n512/seed2_L0_Q0
366	1	correctness_fuzz	chain_unary	512	2	0	1	2	1	runs/correctness_fuzz/chain_unary/n512/seed2_L0_Q1	chain_unary/n512/seed2_L0_Q1
367	1	correctness_fuzz	chain_unary	512	2	1	0	2	1	runs/correctness_fuzz/chain_unary/n512/seed2_L1_Q0	chain_unary/n512/seed2_L1_Q0
368	1	correctness_fuzz	chain_unary	512	2	1	1	2	1	runs/correctness_fuzz/chain_unary/n512/seed2_L1_Q1	chain_unary/n512/seed2_L1_Q1
369	1	correctness_fuzz	chain_unary	512	3	0	0	2	1	runs/correctness_fuzz/chain_unary/n512/seed3_L0_Q0	chain_unary/n512/seed3_L0_Q0
370	1	correctness_fuzz	chain_unary	512	3	0	1	2	1	runs/correctness_fuzz/chain_unary/n512/seed3_L0_Q1	chain_unary/n512/seed3_L0_Q1
371	1	correctness_fuzz	chain_unary	512	3	1	0	2	1	runs/correctness_fuzz/chain_unary/n512/seed3_L1_Q0	chain_unary/n512/seed3_L1_Q0
372	1	correctness_fuzz	chain_unary	512	3	1	1	2	1	runs/correctness_fuzz/chain_unary/n512/seed3_L1_Q1	chain_unary/n512/seed3_L1_Q1
373	1	correctness_fuzz	chain_unary	512	4	0	0	2	1	runs/correctness_fuzz/chain_unary/n512/seed4_L0_Q0	chain_unary/n512/seed4_L0_Q0
374	1	correctness_fuzz	chain_unary	512	4	0	1	2	1	runs/correctness_fuzz/chain_unary/n512/seed4_L0_Q1	chain_unary/n512/seed4_L0_Q1
375	1	correctness_fuzz	chain_unary	512	4	1	0	2	1	runs/correctness_fuzz/chain_unary/n512/seed4_L1_Q0	chain_unary/n512/seed4_L1_Q0
376	1	correctness_fuzz	chain_unary	512	4	1	1	2	1	runs/correctness_fuzz/chain_unary/n512/seed4_L1_Q1	chain_unary/n512/seed4_L1_Q1
377	1	correctness_fuzz	chain_unary	512	5	0	0	2	1	runs/correctness_fuzz/chain_unary/n512/seed5_L0_Q0	chain_unary/n512/seed5_L0_Q0
378	1	correctness_fuzz	chain_unary	512	5	0	1	2	1	runs/correctness_fuzz/chain_unary/n512/seed5_L0_Q1	chain_unary/n512/seed5_L0_Q1
379	1	correctness_fuzz	chain_unary	512	5	1	0	2	1	runs/correctness_fuzz/chain_unary/n512/seed5_L1_Q0	chain_unary/n512/seed5_L1_Q0
380	1	correctness_fuzz	chain_unary	512	5	1	1	2	1	runs/correctness_fuzz/chain_unary/n512/seed5_L1_Q1	chain_unary/n512/seed5_L1_Q1
381	1	correctness_fuzz	chain_unary	1024	1	0	0	2	1	runs/correctness_fuzz/chain_unary/n1024/seed1_L0_Q0	chain_unary/n1024/seed1_L0_Q0
382	1	correctness_fuzz	chain_unary	1024	1	0	1	2	1	runs/correctness_fuzz/chain_unary/n1024/seed1_L0_Q1	chain_unary/n1024/seed1_L0_Q1
383	1	correctness_fuzz	chain_unary	1024	1	1	0	2	1	runs/correctness_fuzz/chain_unary/n1024/seed1_L1_Q0	chain_unary/n1024/seed1_L1_Q0
384	1	correctness_fuzz	chain_unary	1024	1	1	1	2	1	runs/correctness_fuzz/chain_unary/n1024/seed1_L1_Q1	chain_unary/n1024/seed1_L1_Q1
385	1	correctness_fuzz	chain_unary	1024	2	0	0	2	1	runs/correctness_fuzz/chain_unary/n1024/seed2_L0_Q0	chain_unary/n1024/seed2_L0_Q0
386	1	correctness_fuzz	chain_unary	1024	2	0	1	2	1	runs/correctness_fuzz/chain_unary/n1024/seed2_L0_Q1	chain_unary/n1024/seed2_L0_Q1
387	1	correctness_fuzz	chain_unary	1024	2	1	0	2	1	runs/correctness_fuzz/chain_unary/n1024/seed2_L1_Q0	chain_unary/n1024/seed2_L1_Q0
388	1	correctness_fuzz	chain_unary	1024	2	1	1	2	1	runs/correctness_fuzz/chain_unary/n1024/seed2_L1_Q1	chain_unary/n1024/seed2_L1_Q1
389	1	correctness_fuzz	chain_unary	1024	3	0	0	2	1	runs/correctness_fuzz/chain_unary/n1024/seed3_L0_Q0	chain_unary/n1024/seed3_L0_Q0
390	1	correctness_fuzz	chain_unary	1024	3	0	1	2	1	runs/correctness_fuzz/chain_unary/n1024/seed3_L0_Q1	chain_unary/n1024/seed3_L0_Q1
391	1	correctness_fuzz	chain_unary	1024	3	1	0	2	1	runs/correctness_fuzz/chain_unary/n1024/seed3_L1_Q0	chain_unary/n1024/seed3_L1_Q0
392	1	correctness_fuzz	chain_unary	1024	3	1	1	2	1	runs/correctness_fuzz/chain_unary/n1024/seed3_L1_Q1	chain_unary/n1024/seed3_L1_Q1
393	1	correctness_fuzz	chain_unary	1024	4	0	0	2	1	runs/correctness_fuzz/chain_unary/n1024/seed4_L0_Q0	chain_unary/n1024/seed4_L0_Q0
394	1	correctness_fuzz	chain_unary	1024	4	0	1	2	1	runs/correctness_fuzz/chain_unary/n1024/seed4_L0_Q1	chain_unary/n1024/seed4_L0_Q1
395	1	correctness_fuzz	chain_unary	1024	4	1	0	2	1	runs/correctness_fuzz/chain_unary/n1024/seed4_L1_Q0	chain_unary/n1024/seed4_L1_Q0
396	1	correctness_fuzz	chain_unary	1024	4	1	1	2	1	runs/correctness_fuzz/chain_unary/n1024/seed4_L1_Q1	chain_unary/n1024/seed4_L1_Q1
397	1	correctness_fuzz	chain_unary	1024	5	0	0	2	1	runs/correctness_fuzz/chain_unary/n1024/seed5_L0_Q0	chain_unary/n1024/seed5_L0_Q0
398	1	correctness_fuzz	chain_unary	1024	5	0	1	2	1	runs/correctness_fuzz/chain_unary/n1024/seed5_L0_Q1	chain_unary/n1024/seed5_L0_Q1
399	1	correctness_fuzz	chain_unary	1024	5	1	0	2	1	runs/correctness_fuzz/chain_unary/n1024/seed5_L1_Q0	chain_unary/n1024/seed5_L1_Q0
400	1	correctness_fuzz	chain_unary	1024	5	1	1	2	1	runs/correctness_fuzz/chain_unary/n1024/seed5_L1_Q1	chain_unary/n1024/seed5_L1_Q1
401	1	correctness_fuzz	star_pairs	64	1	0	0	2	1	runs/correctness_fuzz/star_pairs/n64/seed1_L0_Q0	star_pairs/n64/seed1_L0_Q0
402	1	correctness_fuzz	star_pairs	64	1	0	1	2	1	runs/correctness_fuzz/star_pairs/n64/seed1_L0_Q1	star_pairs/n64/seed1_L0_Q1
403	1	correctness_fuzz	star_pairs	64	1	1	0	2	1	runs/correctness_fuzz/star_pairs/n64/seed1_L1_Q0	star_pairs/n64/seed1_L1_Q0
404	1	correctness_fuzz	star_pairs	64	1	1	1	2	1	runs/correctness_fuzz/star_pairs/n64/seed1_L1_Q1	star_pairs/n64/seed1_L1_Q1
405	1	correctness_fuzz	star_pairs	64	2	0	0	2	1	runs/correctness_fuzz/star_pairs/n64/seed2_L0_Q0	star_pairs/n64/seed2_L0_Q0
406	1	correctness_fuzz	star_pairs	64	2	0	1	2	1	runs/correctness_fuzz/star_pairs/n64/seed2_L0_Q1	star_pairs/n64/seed2_L0_Q1
407	1	correctness_fuzz	star_pairs	64	2	1	0	2	1	runs/correctness_fuzz/star_pairs/n64/seed2_L1_Q0	star_pairs/n64/seed2_L1_Q0
408	1	correctness_fuzz	star_pairs	64	2	1	1	2	1	runs/correctness_fuzz/star_pairs/n64/seed2_L1_Q1	star_pairs/n64/seed2_L1_Q1
409	1	correctness_fuzz	star_pairs	64	3	0	0	2	1	runs/correctness_fuzz/star_pairs/n64/seed3_L0_Q0	star_pairs/n64/seed3_L0_Q0
410	1	correctness_fuzz	star_pairs	64	3	0	1	2	1	runs/correctness_fuzz/star_pairs/n64/seed3_L0_Q1	star_pairs/n64/seed3_L0_Q1
411	1	correctness_fuzz	star_pairs	64	3	1	0	2	1	runs/correctness_fuzz/star_pairs/n64/seed3_L1_Q0	star_pairs/n64/seed3_L1_Q0
412	1	correctness_fuzz	star_pairs	64	3	1	1	2	1	runs/correctness_fuzz/star_pairs/n64/seed3_L1_Q1	star_pairs/n64/seed3_L1_Q1
413	1	correctness_fuzz	star_pairs	64	4	0	0	2	1	runs/correctness_fuzz/star_pairs/n64/seed4_L0_Q0	star_pairs/n64/seed4_L0_Q0
414	1	correctness_fuzz	star_pairs	64	4	0	1	2	1	runs/correctness_fuzz/star_pairs/n64/seed4_L0_Q1	star_pairs/n64/seed4_L0_Q1
415	1	correctness_fuzz	star_pairs	64	4	1	0	2	1	runs/correctness_fuzz/star_pairs/n64/seed4_L1_Q0	star_pairs/n64/seed4_L1_Q0
416	1	correctness_fuzz	star_pairs	64	4	1	1	2	1	runs/correctness_fuzz/star_pairs/n64/seed4_L1_Q1	star_pairs/n64/seed4_L1_Q1
417	1	correctness_fuzz	star_pairs	64	5	0	0	2	1	runs/correctness_fuzz/star_pairs/n64/seed5_L0_Q0	star_pairs/n64/seed5_L0_Q0
418	1	correctness_fuzz	star_pairs	64	5	0	1	2	1	runs/correctness_fuzz/star_pairs/n64/seed5_L0_Q1	star_pairs/n64/seed5_L0_Q1
419	1	correctness_fuzz	star_pairs	64	5	1	0	2	1	runs/correctness_fuzz/star_pairs/n64/seed5_L1_Q0	star_pairs/n64/seed5_L1_Q0
420	1	correctness_fuzz	star_pairs	64	5	1	1	2	1	runs/correctness_fuzz/star_pairs/n64/seed5_L1_Q1	star_pairs/n64/seed5_L1_Q1
421	1	correctness_fuzz	star_pairs	128	1	0	0	2	1	runs/correctness_fuzz/star_pairs/n128/seed1_L0_Q0	star_pairs/n128/seed1_L0_Q0
422	1	correctness_fuzz	star_pairs	128	1	0	1	2	1	runs/correctness_fuzz/star_pairs/n128/seed1_L0_Q1	star_pairs/n128/seed1_L0_Q1
423	1	correctness_fuzz	star_pairs	128	1	1	0	2	1	runs/correctness_fuzz/star_pairs/n128/seed1_L1_Q0	star_pairs/n128/seed1_L1_Q0
424	1	correctness_fuzz	star_pairs	128	1	1	1	2	1	runs/correctness_fuzz/star_pairs/n128/seed1_L1_Q1	star_pairs/n128/seed1_L1_Q1
425	1	correctness_fuzz	star_pairs	128	2	0	0	2	1	runs/correctness_fuzz/star_pairs/n128/seed2_L0_Q0	star_pairs/n128/seed2_L0_Q0
426	1	correctness_fuzz	star_pairs	128	2	0	1	2	1	runs/correctness_fuzz/star_pairs/n128/seed2_L0_Q1	star_pairs/n128/seed2_L0_Q1
427	1	correctness_fuzz	star_pairs	128	2	1	0	2	1	runs/correctness_fuzz/star_pairs/n128/seed2_L1_Q0	star_pairs/n128/seed2_L1_Q0
428	1	correctness_fuzz	star_pairs	128	2	1	1	2	1	runs/correctness_fuzz/star_pairs/n128/seed2_L1_Q1	star_pairs/n128/seed2_L1_Q1
429	1	correctness_fuzz	star_pairs	128	3	0	0	2	1	runs/correctness_fuzz/star_pairs/n128/seed3_L0_Q0	star_pairs/n128/seed3_L0_Q0
430	1	correctness_fuzz	star_pairs	128	3	0	1	2	1	runs/correctness_fuzz/star_pairs/n128/seed3_L0_Q1	star_pairs/n128/seed3_L0_Q1
431	1	correctness_fuzz	star_pairs	128	3	1	0	2	1	runs/correctness_fuzz/star_pairs/n128/seed3_L1_Q0	star_pairs/n128/seed3_L1_Q0
432	1	correctness_fuzz	star_pairs	128	3	1	1	2	1	runs/correctness_fuzz/star_pairs/n128/seed3_L1_Q1	star_pairs/n128/seed3_L1_Q1
433	1	correctness_fuzz	star_pairs	128	4	0	0	2	1	runs/correctness_fuzz/star_pairs/n128/seed4_L0_Q0	star_pairs/n128/seed4_L0_Q0
434	1	correctness_fuzz	star_pairs	128	4	0	1	2	1	runs/correctness_fuzz/star_pairs/n128/seed4_L0_Q1	star_pairs/n128/seed4_L0_Q1
435	1	correctness_fuzz	star_pairs	128	4	1	0	2	1	runs/correctness_fuzz/star_pairs/n128/seed4_L1_Q0	star_pairs/n128/seed4_L1_Q0
436	1	correctness_fuzz	star_pairs	128	4	1	1	2	1	runs/correctness_fuzz/star_pairs/n128/seed4_L1_Q1	star_pairs/n128/seed4_L1_Q1
437	1	correctness_fuzz	star_pairs	128	5	0	0	2	1	runs/correctness_fuzz/star_pairs/n128/seed5_L0_Q0	star_pairs/n128/seed5_L0_Q0
438	1	correctness_fuzz	star_pairs	128	5	0	1	2	1	runs/correctness_fuzz/star_pairs/n128/seed5_L0_Q1	star_pairs/n128/seed5_L0_Q1
439	1	correctness_fuzz	star_pairs	128	5	1	0	2	1	runs/correctness_fuzz/star_pairs/n128/seed5_L1_Q0	star_pairs/n128/seed5_L1_Q0
440	1	correctness_fuzz	star_pairs	128	5	1	1	2	1	runs/correctness_fuzz/star_pairs/n128/seed5_L1_Q1	star_pairs/n128/seed5_L1_Q1
441	1	correctness_fuzz	star_pairs	256	1	0	0	2	1	runs/correctness_fuzz/star_pairs/n256/seed1_L0_Q0	star_pairs/n256/seed1_L0_Q0
442	1	correctness_fuzz	star_pairs	256	1	0	1	2	1	runs/correctness_fuzz/star_pairs/n256/seed1_L0_Q1	star_pairs/n256/seed1_L0_Q1
443	1	correctness_fuzz	star_pairs	256	1	1	0	2	1	runs/correctness_fuzz/star_pairs/n256/seed1_L1_Q0	star_pairs/n256/seed1_L1_Q0
444	1	correctness_fuzz	star_pairs	256	1	1	1	2	1	runs/correctness_fuzz/star_pairs/n256/seed1_L1_Q1	star_pairs/n256/seed1_L1_Q1
445	1	correctness_fuzz	star_pairs	256	2	0	0	2	1	runs/correctness_fuzz/star_pairs/n256/seed2_L0_Q0	star_pairs/n256/seed2_L0_Q0
446	1	correctness_fuzz	star_pairs	256	2	0	1	2	1	runs/correctness_fuzz/star_pairs/n256/seed2_L0_Q1	star_pairs/n256/seed2_L0_Q1
447	1	correctness_fuzz	star_pairs	256	2	1	0	2	1	runs/correctness_fuzz/star_pairs/n256/seed2_L1_Q0	star_pairs/n256/seed2_L1_Q0
448	1	correctness_fuzz	star_pairs	256	2	1	1	2	1	runs/correctness_fuzz/star_pairs/n256/seed2_L1_Q1	star_pairs/n256/seed2_L1_Q1
449	1	correctness_fuzz	star_pairs	256	3	0	0	2	1	runs/correctness_fuzz/star_pairs/n256/seed3_L0_Q0	star_pairs/n256/seed3_L0_Q0
450	1	correctness_fuzz	star_pairs	256	3	0	1	2	1	runs/correctness_fuzz/star_pairs/n256/seed3_L0_Q1	star_pairs/n256/seed3_L0_Q1
451	1	correctness_fuzz	star_pairs	256	3	1	0	2	1	runs/correctness_fuzz/star_pairs/n256/seed3_L1_Q0	star_pairs/n256/seed3_L1_Q0
452	1	correctness_fuzz	star_pairs	256	3	1	1	2	1	runs/correctness_fuzz/star_pairs/n256/seed3_L1_Q1	star_pairs/n256/seed3_L1_Q1
453	1	correctness_fuzz	star_pairs	256	4	0	0	2	1	runs/correctness_fuzz/star_pairs/n256/seed4_L0_Q0	star_pairs/n256/seed4_L0_Q0
454	1	correctness_fuzz	star_pairs	256	4	0	1	2	1	runs/correctness_fuzz/star_pairs/n256/seed4_L0_Q1	star_pairs/n256/seed4_L0_Q1
455	1	correctness_fuzz	star_pairs	256	4	1	0	2	1	runs/correctness_fuzz/star_pairs/n256/seed4_L1_Q0	star_pairs/n256/seed4_L1_Q0
456	1	correctness_fuzz	star_pairs	256	4	1	1	2	1	runs/correctness_fuzz/star_pairs/n256/seed4_L1_Q1	star_pairs/n256/seed4_L1_Q1
457	1	correctness_fuzz	star_pairs	256	5	0	0	2	1	runs/correctness_fuzz/star_pairs/n256/seed5_L0_Q0	star_pairs/n256/seed5_L0_Q0
458	1	correctness_fuzz	star_pairs	256	5	0	1	2	1	runs/correctness_fuzz/star_pairs/n256/seed5_L0_Q1	star_pairs/n256/seed5_L0_Q1
459	1	correctness_fuzz	star_pairs	256	5	1	0	2	1	runs/correctness_fuzz/star_pairs/n256/seed5_L1_Q0	star_pairs/n256/seed5_L1_Q0
460	1	correctness_fuzz	star_pairs	256	5	1	1	2	1	runs/correctness_fuzz/star_pairs/n256/seed5_L1_Q1	star_pairs/n256/seed5_L1_Q1
461	1	correctness_fuzz	star_pairs	512	1	0	0	2	1	runs/correctness_fuzz/star_pairs/n512/seed1_L0_Q0	star_pairs/n512/seed1_L0_Q0
462	1	correctness_fuzz	star_pairs	512	1	0	1	2	1	runs/correctness_fuzz/star_pairs/n512/seed1_L0_Q1	star_pairs/n512/seed1_L0_Q1
463	1	correctness_fuzz	star_pairs	512	1	1	0	2	1	runs/correctness_fuzz/star_pairs/n512/seed1_L1_Q0	star_pairs/n512/seed1_L1_Q0
464	1	correctness_fuzz	star_pairs	512	1	1	1	2	1	runs/correctness_fuzz/star_pairs/n512/seed1_L1_Q1	star_pairs/n512/seed1_L1_Q1
465	1	correctness_fuzz	star_pairs	512	2	0	0	2	1	runs/correctness_fuzz/star_pairs/n512/seed2_L0_Q0	star_pairs/n512/seed2_L0_Q0
466	1	correctness_fuzz	star_pairs	512	2	0	1	2	1	runs/correctness_fuzz/star_pairs/n512/seed2_L0_Q1	star_pairs/n512/seed2_L0_Q1
467	1	correctness_fuzz	star_pairs	512	2	1	0	2	1	runs/correctness_fuzz/star_pairs/n512/seed2_L1_Q0	star_pairs/n512/seed2_L1_Q0
468	1	correctness_fuzz	star_pairs	512	2	1	1	2	1	runs/correctness_fuzz/star_pairs/n512/seed2_L1_Q1	star_pairs/n512/seed2_L1_Q1
469	1	correctness_fuzz	star_pairs	512	3	0	0	2	1	runs/correctness_fuzz/star_pairs/n512/seed3_L0_Q0	star_pairs/n512/seed3_L0_Q0
470	1	correctness_fuzz	star_pairs	512	3	0	1	2	1	runs/correctness_fuzz/star_pairs/n512/seed3_L0_Q1	star_pairs/n512/seed3_L0_Q1
471	1	correctness_fuzz	star_pairs	512	3	1	0	2	1	runs/correctness_fuzz/star_pairs/n512/seed3_L1_Q0	star_pairs/n512/seed3_L1_Q0
472	1	correctness_fuzz	star_pairs	512	3	1	1	2	1	runs/correctness_fuzz/star_pairs/n512/seed3_L1_Q1	star_pairs/n512/seed3_L1_Q1
473	1	correctness_fuzz	star_pairs	512	4	0	0	2	1	runs/correctness_fuzz/star_pairs/n512/seed4_L0_Q0	star_pairs/n512/seed4_L0_Q0
474	1	correctness_fuzz	star_pairs	512	4	0	1	2	1	runs/correctness_fuzz/star_pairs/n512/seed4_L0_Q1	star_pairs/n512/seed4_L0_Q1
475	1	correctness_fuzz	star_pairs	512	4	1	0	2	1	runs/correctness_fuzz/star_pairs/n512/seed4_L1_Q0	star_pairs/n512/seed4_L1_Q0
476	1	correctness_fuzz	star_pairs	512	4	1	1	2	1	runs/correctness_fuzz/star_pairs/n512/seed4_L1_Q1	star_pairs/n512/seed4_L1_Q1
477	1	correctness_fuzz	star_pairs	512	5	0	0	2	1	runs/correctness_fuzz/star_pairs/n512/seed5_L0_Q0	star_pairs/n512/seed5_L0_Q0
478	1	correctness_fuzz	star_pairs	512	5	0	1	2	1	runs/correctness_fuzz/star_pairs/n512/seed5_L0_Q1	star_pairs/n512/seed5_L0_Q1
479	1	correctness_fuzz	star_pairs	512	5	1	0	2	1	runs/correctness_fuzz/star_pairs/n512/seed5_L1_Q0	star_pairs/n512/seed5_L1_Q0
480	1	correctness_fuzz	star_pairs	512	5	1	1	2	1	runs/correctness_fuzz/star_pairs/n512/seed5_L1_Q1	star_pairs/n512/seed5_L1_Q1
481	1	correctness_fuzz	star_pairs	1024	1	0	0	2	1	runs/correctness_fuzz/star_pairs/n1024/seed1_L0_Q0	star_pairs/n1024/seed1_L0_Q0
482	1	correctness_fuzz	star_pairs	1024	1	0	1	2	1	runs/correctness_fuzz/star_pairs/n1024/seed1_L0_Q1	star_pairs/n1024/seed1_L0_Q1
483	1	correctness_fuzz	star_pairs	1024	1	1	0	2	1	runs/correctness_fuzz/star_pairs/n1024/seed1_L1_Q0	star_pairs/n1024/seed1_L1_Q0
484	1	correctness_fuzz	star_pairs	1024	1	1	1	2	1	runs/correctness_fuzz/star_pairs/n1024/seed1_L1_Q1	star_pairs/n1024/seed1_L1_Q1
485	1	correctness_fuzz	star_pairs	1024	2	0	0	2	1	runs/correctness_fuzz/star_pairs/n1024/seed2_L0_Q0	star_pairs/n1024/seed2_L0_Q0
486	1	correctness_fuzz	star_pairs	1024	2	0	1	2	1	runs/correctness_fuzz/star_pairs/n1024/seed2_L0_Q1	star_pairs/n1024/seed2_L0_Q1
487	1	correctness_fuzz	star_pairs	1024	2	1	0	2	1	runs/correctness_fuzz/star_pairs/n1024/seed2_L1_Q0	star_pairs/n1024/seed2_L1_Q0
488	1	correctness_fuzz	star_pairs	1024	2	1	1	2	1	runs/correctness_fuzz/star_pairs/n1024/seed2_L1_Q1	star_pairs/n1024/seed2_L1_Q1
489	1	correctness_fuzz	star_pairs	1024	3	0	0	2	1	runs/correctness_fuzz/star_pairs/n1024/seed3_L0_Q0	star_pairs/n1024/seed3_L0_Q0
490	1	correctness_fuzz	star_pairs	1024	3	0	1	2	1	runs/correctness_fuzz/star_pairs/n1024/seed3_L0_Q1	star_pairs/n1024/seed3_L0_Q1
491	1	correctness_fuzz	star_pairs	1024	3	1	0	2	1	runs/correctness_fuzz/star_pairs/n1024/seed3_L1_Q0	star_pairs/n1024/seed3_L1_Q0
492	1	correctness_fuzz	star_pairs	1024	3	1	1	2	1	runs/correctness_fuzz/star_pairs/n1024/seed3_L1_Q1	star_pairs/n1024/seed3_L1_Q1
493	1	correctness_fuzz	star_pairs	1024	4	0	0	2	1	runs/correctness_fuzz/star_pairs/n1024/seed4_L0_Q0	star_pairs/n1024/seed4_L0_Q0
494	1	correctness_fuzz	star_pairs	1024	4	0	1	2	1	runs/correctness_fuzz/star_pairs/n1024/seed4_L0_Q1	star_pairs/n1024/seed4_L0_Q1
495	1	correctness_fuzz	star_pairs	1024	4	1	0	2	1	runs/correctness_fuzz/star_pairs/n1024/seed4_L1_Q0	star_pairs/n1024/seed4_L1_Q0
496	1	correctness_fuzz	star_pairs	1024	4	1	1	2	1	runs/correctness_fuzz/star_pairs/n1024/seed4_L1_Q1	star_pairs/n1024/seed4_L1_Q1
497	1	correctness_fuzz	star_pairs	1024	5	0	0	2	1	runs/correctness_fuzz/star_pairs/n1024/seed5_L0_Q0	star_pairs/n1024/seed5_L0_Q0
498	1	correctness_fuzz	star_pairs	1024	5	0	1	2	1	runs/correctness_fuzz/star_pairs/n1024/seed5_L0_Q1	star_pairs/n1024/seed5_L0_Q1
499	1	correctness_fuzz	star_pairs	1024	5	1	0	2	1	runs/correctness_fuzz/star_pairs/n1024/seed5_L1_Q0	star_pairs/n1024/seed5_L1_Q0
500	1	correctness_fuzz	star_pairs	1024	5	1	1	2	1	runs/correctness_fuzz/star_pairs/n1024/seed5_L1_Q1	star_pairs/n1024/seed5_L1_Q1
501	1	correctness_fuzz	balanced_dense	64	1	0	0	2	1	runs/correctness_fuzz/balanced_dense/n64/seed1_L0_Q0	balanced_dense/n64/seed1_L0_Q0
502	1	correctness_fuzz	balanced_dense	64	1	0	1	2	1	runs/correctness_fuzz/balanced_dense/n64/seed1_L0_Q1	balanced_dense/n64/seed1_L0_Q1
503	1	correctness_fuzz	balanced_dense	64	1	1	0	2	1	runs/correctness_fuzz/balanced_dense/n64/seed1_L1_Q0	balanced_dense/n64/seed1_L1_Q0
504	1	correctness_fuzz	balanced_dense	64	1	1	1	2	1	runs/correctness_fuzz/balanced_dense/n64/seed1_L1_Q1	balanced_dense/n64/seed1_L1_Q1
505	1	correctness_fuzz	balanced_dense	64	2	0	0	2	1	runs/correctness_fuzz/balanced_dense/n64/seed2_L0_Q0	balanced_dense/n64/seed2_L0_Q0
506	1	correctness_fuzz	balanced_dense	64	2	0	1	2	1	runs/correctness_fuzz/balanced_dense/n64/seed2_L0_Q1	balanced_dense/n64/seed2_L0_Q1
507	1	correctness_fuzz	balanced_dense	64	2	1	0	2	1	runs/correctness_fuzz/balanced_dense/n64/seed2_L1_Q0	balanced_dense/n64/seed2_L1_Q0
508	1	correctness_fuzz	balanced_dense	64	2	1	1	2	1	runs/correctness_fuzz/balanced_dense/n64/seed2_L1_Q1	balanced_dense/n64/seed2_L1_Q1
509	1	correctness_fuzz	balanced_dense	64	3	0	0	2	1	runs/correctness_fuzz/balanced_dense/n64/seed3_L0_Q0	balanced_dense/n64/seed3_L0_Q0
510	1	correctness_fuzz	balanced_dense	64	3	0	1	2	1	runs/correctness_fuzz/balanced_dense/n64/seed3_L0_Q1	balanced_dense/n64/seed3_L0_Q1
511	1	correctness_fuzz	balanced_dense	64	3	1	0	2	1	runs/correctness_fuzz/balanced_dense/n64/seed3_L1_Q0	balanced_dense/n64/seed3_L1_Q0
512	1	correctness_fuzz	balanced_dense	64	3	1	1	2	1	runs/correctness_fuzz/balanced_dense/n64/seed3_L1_Q1	balanced_dense/n64/seed3_L1_Q1
513	1	correctness_fuzz	balanced_dense	64	4	0	0	2	1	runs/correctness_fuzz/balanced_dense/n64/seed4_L0_Q0	balanced_dense/n64/seed4_L0_Q0
514	1	correctness_fuzz	balanced_dense	64	4	0	1	2	1	runs/correctness_fuzz/balanced_dense/n64/seed4_L0_Q1	balanced_dense/n64/seed4_L0_Q1
515	1	correctness_fuzz	balanced_dense	64	4	1	0	2	1	runs/correctness_fuzz/balanced_dense/n64/seed4_L1_Q0	balanced_dense/n64/seed4_L1_Q0
516	1	correctness_fuzz	balanced_dense	64	4	1	1	2	1	runs/correctness_fuzz/balanced_dense/n64/seed4_L1_Q1	balanced_dense/n64/seed4_L1_Q1
517	1	correctness_fuzz	balanced_dense	64	5	0	0	2	1	runs/correctness_fuzz/balanced_dense/n64/seed5_L0_Q0	balanced_dense/n64/seed5_L0_Q0
518	1	correctness_fuzz	balanced_dense	64	5	0	1	2	1	runs/correctness_fuzz/balanced_dense/n64/seed5_L0_Q1	balanced_dense/n64/seed5_L0_Q1
519	1	correctness_fuzz	balanced_dense	64	5	1	0	2	1	runs/correctness_fuzz/balanced_dense/n64/seed5_L1_Q0	balanced_dense/n64/seed5_L1_Q0
520	1	correctness_fuzz	balanced_dense	64	5	1	1	2	1	runs/correctness_fuzz/balanced_dense/n64/seed5_L1_Q1	balanced_dense/n64/seed5_L1_Q1
521	1	correctness_fuzz	balanced_dense	128	1	0	0	2	1	runs/correctness_fuzz/balanced_dense/n128/seed1_L0_Q0	balanced_dense/n128/seed1_L0_Q0
522	1	correctness_fuzz	balanced_dense	128	1	0	1	2	1	runs/correctness_fuzz/balanced_dense/n128/seed1_L0_Q1	balanced_dense/n128/seed1_L0_Q1
523	1	correctness_fuzz	balanced_dense	128	1	1	0	2	1	runs/correctness_fuzz/balanced_dense/n128/seed1_L1_Q0	balanced_dense/n128/seed1_L1_Q0
524	1	correctness_fuzz	balanced_dense	128	1	1	1	2	1	runs/correctness_fuzz/balanced_dense/n128/seed1_L1_Q1	balanced_dense/n128/seed1_L1_Q1
525	1	correctness_fuzz	balanced_dense	128	2	0	0	2	1	runs/correctness_fuzz/balanced_dense/n128/seed2_L0_Q0	balanced_dense/n128/seed2_L0_Q0
526	1	correctness_fuzz	balanced_dense	128	2	0	1	2	1	runs/correctness_fuzz/balanced_dense/n128/seed2_L0_Q1	balanced_dense/n128/seed2_L0_Q1
527	1	correctness_fuzz	balanced_dense	128	2	1	0	2	1	runs/correctness_fuzz/balanced_dense/n128/seed2_L1_Q0	balanced_dense/n128/seed2_L1_Q0
528	1	correctness_fuzz	balanced_dense	128	2	1	1	2	1	runs/correctness_fuzz/balanced_dense/n128/seed2_L1_Q1	balanced_dense/n128/seed2_L1_Q1
529	1	correctness_fuzz	balanced_dense	128	3	0	0	2	1	runs/correctness_fuzz/balanced_dense/n128/seed3_L0_Q0	balanced_dense/n128/seed3_L0_Q0
530	1	correctness_fuzz	balanced_dense	128	3	0	1	2	1	runs/correctness_fuzz/balanced_dense/n128/seed3_L0_Q1	balanced_dense/n128/seed3_L0_Q1
531	1	correctness_fuzz	balanced_dense	128	3	1	0	2	1	runs/correctness_fuzz/balanced_dense/n128/seed3_L1_Q0	balanced_dense/n128/seed3_L1_Q0
532	1	correctness_fuzz	balanced_dense	128	3	1	1	2	1	runs/correctness_fuzz/balanced_dense/n128/seed3_L1_Q1	balanced_dense/n128/seed3_L1_Q1
533	1	correctness_fuzz	balanced_dense	128	4	0	0	2	1	runs/correctness_fuzz/balanced_dense/n128/seed4_L0_Q0	balanced_dense/n128/seed4_L0_Q0
534	1	correctness_fuzz	balanced_dense	128	4	0	1	2	1	runs/correctness_fuzz/balanced_dense/n128/seed4_L0_Q1	balanced_dense/n128/seed4_L0_Q1
535	1	correctness_fuzz	balanced_dense	128	4	1	0	2	1	runs/correctness_fuzz/balanced_dense/n128/seed4_L1_Q0	balanced_dense/n128/seed4_L1_Q0
536	1	correctness_fuzz	balanced_dense	128	4	1	1	2	1	runs/correctness_fuzz/balanced_dense/n128/seed4_L1_Q1	balanced_dense/n128/seed4_L1_Q1
537	1	correctness_fuzz	balanced_dense	128	5	0	0	2	1	runs/correctness_fuzz/balanced_dense/n128/seed5_L0_Q0	balanced_dense/n128/seed5_L0_Q0
538	1	correctness_fuzz	balanced_dense	128	5	0	1	2	1	runs/correctness_fuzz/balanced_dense/n128/seed5_L0_Q1	balanced_dense/n128/seed5_L0_Q1
539	1	correctness_fuzz	balanced_dense	128	5	1	0	2	1	runs/correctness_fuzz/balanced_dense/n128/seed5_L1_Q0	balanced_dense/n128/seed5_L1_Q0
540	1	correctness_fuzz	balanced_dense	128	5	1	1	2	1	runs/correctness_fuzz/balanced_dense/n128/seed5_L1_Q1	balanced_dense/n128/seed5_L1_Q1
541	1	correctness_fuzz	balanced_dense	256	1	0	0	2	1	runs/correctness_fuzz/balanced_dense/n256/seed1_L0_Q0	balanced_dense/n256/seed1_L0_Q0
542	1	correctness_fuzz	balanced_dense	256	1	0	1	2	1	runs/correctness_fuzz/balanced_dense/n256/seed1_L0_Q1	balanced_dense/n256/seed1_L0_Q1
543	1	correctness_fuzz	balanced_dense	256	1	1	0	2	1	runs/correctness_fuzz/balanced_dense/n256/seed1_L1_Q0	balanced_dense/n256/seed1_L1_Q0
544	1	correctness_fuzz	balanced_dense	256	1	1	1	2	1	runs/correctness_fuzz/balanced_dense/n256/seed1_L1_Q1	balanced_dense/n256/seed1_L1_Q1
545	1	correctness_fuzz	balanced_dense	256	2	0	0	2	1	runs/correctness_fuzz/balanced_dense/n256/seed2_L0_Q0	balanced_dense/n256/seed2_L0_Q0
546	1	correctness_fuzz	balanced_dense	256	2	0	1	2	1	runs/correctness_fuzz/balanced_dense/n256/seed2_L0_Q1	balanced_dense/n256/seed2_L0_Q1
547	1	correctness_fuzz	balanced_dense	256	2	1	0	2	1	runs/correctness_fuzz/balanced_dense/n256/seed2_L1_Q0	balanced_dense/n256/seed2_L1_Q0
548	1	correctness_fuzz	balanced_dense	256	2	1	1	2	1	runs/correctness_fuzz/balanced_dense/n256/seed2_L1_Q1	balanced_dense/n256/seed2_L1_Q1
549	1	correctness_fuzz	balanced_dense	256	3	0	0	2	1	runs/correctness_fuzz/balanced_dense/n256/seed3_L0_Q0	balanced_dense/n256/seed3_L0_Q0
550	1	correctness_fuzz	balanced_dense	256	3	0	1	2	1	runs/correctness_fuzz/balanced_dense/n256/seed3_L0_Q1	balanced_dense/n256/seed3_L0_Q1
551	1	correctness_fuzz	balanced_dense	256	3	1	0	2	1	runs/correctness_fuzz/balanced_dense/n256/seed3_L1_Q0	balanced_dense/n256/seed3_L1_Q0
552	1	correctness_fuzz	balanced_dense	256	3	1	1	2	1	runs/correctness_fuzz/balanced_dense/n256/seed3_L1_Q1	balanced_dense/n256/seed3_L1_Q1
553	1	correctness_fuzz	balanced_dense	256	4	0	0	2	1	runs/correctness_fuzz/balanced_dense/n256/seed4_L0_Q0	balanced_dense/n256/seed4_L0_Q0
554	1	correctness_fuzz	balanced_dense	256	4	0	1	2	1	runs/correctness_fuzz/balanced_dense/n256/seed4_L0_Q1	balanced_dense/n256/seed4_L0_Q1
555	1	correctness_fuzz	balanced_dense	256	4	1	0	2	1	runs/correctness_fuzz/balanced_dense/n256/seed4_L1_Q0	balanced_dense/n256/seed4_L1_Q0
556	1	correctness_fuzz	balanced_dense	256	4	1	1	2	1	runs/correctness_fuzz/balanced_dense/n256/seed4_L1_Q1	balanced_dense/n256/seed4_L1_Q1
557	1	correctness_fuzz	balanced_dense	256	5	0	0	2	1	runs/correctness_fuzz/balanced_dense/n256/seed5_L0_Q0	balanced_dense/n256/seed5_L0_Q0
558	1	correctness_fuzz	balanced_dense	256	5	0	1	2	1	runs/correctness_fuzz/balanced_dense/n256/seed5_L0_Q1	balanced_dense/n256/seed5_L0_Q1
559	1	correctness_fuzz	balanced_dense	256	5	1	0	2	1	runs/correctness_fuzz/balanced_dense/n256/seed5_L1_Q0	balanced_dense/n256/seed5_L1_Q0
560	1	correctness_fuzz	balanced_dense	256	5	1	1	2	1	runs/correctness_fuzz/balanced_dense/n256/seed5_L1_Q1	balanced_dense/n256/seed5_L1_Q1
561	1	correctness_fuzz	balanced_dense	512	1	0	0	2	1	runs/correctness_fuzz/balanced_dense/n512/seed1_L0_Q0	balanced_dense/n512/seed1_L0_Q0
562	1	correctness_fuzz	balanced_dense	512	1	0	1	2	1	runs/correctness_fuzz/balanced_dense/n512/seed1_L0_Q1	balanced_dense/n512/seed1_L0_Q1
563	1	correctness_fuzz	balanced_dense	512	1	1	0	2	1	runs/correctness_fuzz/balanced_dense/n512/seed1_L1_Q0	balanced_dense/n512/seed1_L1_Q0
564	1	correctness_fuzz	balanced_dense	512	1	1	1	2	1	runs/correctness_fuzz/balanced_dense/n512/seed1_L1_Q1	balanced_dense/n512/seed1_L1_Q1
565	1	correctness_fuzz	balanced_dense	512	2	0	0	2	1	runs/correctness_fuzz/balanced_dense/n512/seed2_L0_Q0	balanced_dense/n512/seed2_L0_Q0
566	1	correctness_fuzz	balanced_dense	512	2	0	1	2	1	runs/correctness_fuzz/balanced_dense/n512/seed2_L0_Q1	balanced_dense/n512/seed2_L0_Q1
567	1	correctness_fuzz	balanced_dense	512	2	1	0	2	1	runs/correctness_fuzz/balanced_dense/n512/seed2_L1_Q0	balanced_dense/n512/seed2_L1_Q0
568	1	correctness_fuzz	balanced_dense	512	2	1	1	2	1	runs/correctness_fuzz/balanced_dense/n512/seed2_L1_Q1	balanced_dense/n512/seed2_L1_Q1
569	1	correctness_fuzz	balanced_dense	512	3	0	0	2	1	runs/correctness_fuzz/balanced_dense/n512/seed3_L0_Q0	balanced_dense/n512/seed3_L0_Q0
570	1	correctness_fuzz	balanced_dense	512	3	0	1	2	1	runs/correctness_fuzz/balanced_dense/n512/seed3_L0_Q1	balanced_dense/n512/seed3_L0_Q1
571	1	correctness_fuzz	balanced_dense	512	3	1	0	2	1	runs/correctness_fuzz/balanced_dense/n512/seed3_L1_Q0	balanced_dense/n512/seed3_L1_Q0
572	1	correctness_fuzz	balanced_dense	512	3	1	1	2	1	runs/correctness_fuzz/balanced_dense/n512/seed3_L1_Q1	balanced_dense/n512/seed3_L1_Q1
573	1	correctness_fuzz	balanced_dense	512	4	0	0	2	1	runs/correctness_fuzz/balanced_dense/n512/seed4_L0_Q0	balanced_dense/n512/seed4_L0_Q0
574	1	correctness_fuzz	balanced_dense	512	4	0	1	2	1	runs/correctness_fuzz/balanced_dense/n512/seed4_L0_Q1	balanced_dense/n512/seed4_L0_Q1
575	1	correctness_fuzz	balanced_dense	512	4	1	0	2	1	runs/correctness_fuzz/balanced_dense/n512/seed4_L1_Q0	balanced_dense/n512/seed4_L1_Q0
576	1	correctness_fuzz	balanced_dense	512	4	1	1	2	1	runs/correctness_fuzz/balanced_dense/n512/seed4_L1_Q1	balanced_dense/n512/seed4_L1_Q1
577	1	correctness_fuzz	balanced_dense	512	5	0	0	2	1	runs/correctness_fuzz/balanced_dense/n512/seed5_L0_Q0	balanced_dense/n512/seed5_L0_Q0
578	1	correctness_fuzz	balanced_dense	512	5	0	1	2	1	runs/correctness_fuzz/balanced_dense/n512/seed5_L0_Q1	balanced_dense/n512/seed5_L0_Q1
579	1	correctness_fuzz	balanced_dense	512	5	1	0	2	1	runs/correctness_fuzz/balanced_dense/n512/seed5_L1_Q0	balanced_dense/n512/seed5_L1_Q0
580	1	correctness_fuzz	balanced_dense	512	5	1	1	2	1	runs/correctness_fuzz/balanced_dense/n512/seed5_L1_Q1	balanced_dense/n512/seed5_L1_Q1
581	1	correctness_fuzz	balanced_dense	1024	1	0	0	2	1	runs/correctness_fuzz/balanced_dense/n1024/seed1_L0_Q0	balanced_dense/n1024/seed1_L0_Q0
582	1	correctness_fuzz	balanced_dense	1024	1	0	1	2	1	runs/correctness_fuzz/balanced_dense/n1024/seed1_L0_Q1	balanced_dense/n1024/seed1_L0_Q1
583	1	correctness_fuzz	balanced_dense	1024	1	1	0	2	1	runs/correctness_fuzz/balanced_dense/n1024/seed1_L1_Q0	balanced_dense/n1024/seed1_L1_Q0
584	1	correctness_fuzz	balanced_dense	1024	1	1	1	2	1	runs/correctness_fuzz/balanced_dense/n1024/seed1_L1_Q1	balanced_dense/n1024/seed1_L1_Q1
585	1	correctness_fuzz	balanced_dense	1024	2	0	0	2	1	runs/correctness_fuzz/balanced_dense/n1024/seed2_L0_Q0	balanced_dense/n1024/seed2_L0_Q0
586	1	correctness_fuzz	balanced_dense	1024	2	0	1	2	1	runs/correctness_fuzz/balanced_dense/n1024/seed2_L0_Q1	balanced_dense/n1024/seed2_L0_Q1
587	1	correctness_fuzz	balanced_dense	1024	2	1	0	2	1	runs/correctness_fuzz/balanced_dense/n1024/seed2_L1_Q0	balanced_dense/n1024/seed2_L1_Q0
588	1	correctness_fuzz	balanced_dense	1024	2	1	1	2	1	runs/correctness_fuzz/balanced_dense/n1024/seed2_L1_Q1	balanced_dense/n1024/seed2_L1_Q1
589	1	correctness_fuzz	balanced_dense	1024	3	0	0	2	1	runs/correctness_fuzz/balanced_dense/n1024/seed3_L0_Q0	balanced_dense/n1024/seed3_L0_Q0
590	1	correctness_fuzz	balanced_dense	1024	3	0	1	2	1	runs/correctness_fuzz/balanced_dense/n1024/seed3_L0_Q1	balanced_dense/n1024/seed3_L0_Q1
591	1	correctness_fuzz	balanced_dense	1024	3	1	0	2	1	runs/correctness_fuzz/balanced_dense/n1024/seed3_L1_Q0	balanced_dense/n1024/seed3_L1_Q0
592	1	correctness_fuzz	balanced_dense	1024	3	1	1	2	1	runs/correctness_fuzz/balanced_dense/n1024/seed3_L1_Q1	balanced_dense/n1024/seed3_L1_Q1
593	1	correctness_fuzz	balanced_dense	1024	4	0	0	2	1	runs/correctness_fuzz/balanced_dense/n1024/seed4_L0_Q0	balanced_dense/n1024/seed4_L0_Q0
594	1	correctness_fuzz	balanced_dense	1024	4	0	1	2	1	runs/correctness_fuzz/balanced_dense/n1024/seed4_L0_Q1	balanced_dense/n1024/seed4_L0_Q1
595	1	correctness_fuzz	balanced_dense	1024	4	1	0	2	1	runs/correctness_fuzz/balanced_dense/n1024/seed4_L1_Q0	balanced_dense/n1024/seed4_L1_Q0
596	1	correctness_fuzz	balanced_dense	1024	4	1	1	2	1	runs/correctness_fuzz/balanced_dense/n1024/seed4_L1_Q1	balanced_dense/n1024/seed4_L1_Q1
597	1	correctness_fuzz	balanced_dense	1024	5	0	0	2	1	runs/correctness_fuzz/balanced_dense/n1024/seed5_L0_Q0	balanced_dense/n1024/seed5_L0_Q0
598	1	correctness_fuzz	balanced_dense	1024	5	0	1	2	1	runs/correctness_fuzz/balanced_dense/n1024/seed5_L0_Q1	balanced_dense/n1024/seed5_L0_Q1
599	1	correctness_fuzz	balanced_dense	1024	5	1	0	2	1	runs/correctness_fuzz/balanced_dense/n1024/seed5_L1_Q0	balanced_dense/n1024/seed5_L1_Q0
600	1	correctness_fuzz	balanced_dense	1024	5	1	1	2	1	runs/correctness_fuzz/balanced_dense/n1024/seed5_L1_Q1	balanced_dense/n1024/seed5_L1_Q1
601	1	correctness_fuzz	broom_mixed	64	1	0	0	2	1	runs/correctness_fuzz/broom_mixed/n64/seed1_L0_Q0	broom_mixed/n64/seed1_L0_Q0
602	1	correctness_fuzz	broom_mixed	64	1	0	1	2	1	runs/correctness_fuzz/broom_mixed/n64/seed1_L0_Q1	broom_mixed/n64/seed1_L0_Q1
603	1	correctness_fuzz	broom_mixed	64	1	1	0	2	1	runs/correctness_fuzz/broom_mixed/n64/seed1_L1_Q0	broom_mixed/n64/seed1_L1_Q0
604	1	correctness_fuzz	broom_mixed	64	1	1	1	2	1	runs/correctness_fuzz/broom_mixed/n64/seed1_L1_Q1	broom_mixed/n64/seed1_L1_Q1
605	1	correctness_fuzz	broom_mixed	64	2	0	0	2	1	runs/correctness_fuzz/broom_mixed/n64/seed2_L0_Q0	broom_mixed/n64/seed2_L0_Q0
606	1	correctness_fuzz	broom_mixed	64	2	0	1	2	1	runs/correctness_fuzz/broom_mixed/n64/seed2_L0_Q1	broom_mixed/n64/seed2_L0_Q1
607	1	correctness_fuzz	broom_mixed	64	2	1	0	2	1	runs/correctness_fuzz/broom_mixed/n64/seed2_L1_Q0	broom_mixed/n64/seed2_L1_Q0
608	1	correctness_fuzz	broom_mixed	64	2	1	1	2	1	runs/correctness_fuzz/broom_mixed/n64/seed2_L1_Q1	broom_mixed/n64/seed2_L1_Q1
609	1	correctness_fuzz	broom_mixed	64	3	0	0	2	1	runs/correctness_fuzz/broom_mixed/n64/seed3_L0_Q0	broom_mixed/n64/seed3_L0_Q0
610	1	correctness_fuzz	broom_mixed	64	3	0	1	2	1	runs/correctness_fuzz/broom_mixed/n64/seed3_L0_Q1	broom_mixed/n64/seed3_L0_Q1
611	1	correctness_fuzz	broom_mixed	64	3	1	0	2	1	runs/correctness_fuzz/broom_mixed/n64/seed3_L1_Q0	broom_mixed/n64/seed3_L1_Q0
612	1	correctness_fuzz	broom_mixed	64	3	1	1	2	1	runs/correctness_fuzz/broom_mixed/n64/seed3_L1_Q1	broom_mixed/n64/seed3_L1_Q1
613	1	correctness_fuzz	broom_mixed	64	4	0	0	2	1	runs/correctness_fuzz/broom_mixed/n64/seed4_L0_Q0	broom_mixed/n64/seed4_L0_Q0
614	1	correctness_fuzz	broom_mixed	64	4	0	1	2	1	runs/correctness_fuzz/broom_mixed/n64/seed4_L0_Q1	broom_mixed/n64/seed4_L0_Q1
615	1	correctness_fuzz	broom_mixed	64	4	1	0	2	1	runs/correctness_fuzz/broom_mixed/n64/seed4_L1_Q0	broom_mixed/n64/seed4_L1_Q0
616	1	correctness_fuzz	broom_mixed	64	4	1	1	2	1	runs/correctness_fuzz/broom_mixed/n64/seed4_L1_Q1	broom_mixed/n64/seed4_L1_Q1
617	1	correctness_fuzz	broom_mixed	64	5	0	0	2	1	runs/correctness_fuzz/broom_mixed/n64/seed5_L0_Q0	broom_mixed/n64/seed5_L0_Q0
618	1	correctness_fuzz	broom_mixed	64	5	0	1	2	1	runs/correctness_fuzz/broom_mixed/n64/seed5_L0_Q1	broom_mixed/n64/seed5_L0_Q1
619	1	correctness_fuzz	broom_mixed	64	5	1	0	2	1	runs/correctness_fuzz/broom_mixed/n64/seed5_L1_Q0	broom_mixed/n64/seed5_L1_Q0
620	1	correctness_fuzz	broom_mixed	64	5	1	1	2	1	runs/correctness_fuzz/broom_mixed/n64/seed5_L1_Q1	broom_mixed/n64/seed5_L1_Q1
621	1	correctness_fuzz	broom_mixed	128	1	0	0	2	1	runs/correctness_fuzz/broom_mixed/n128/seed1_L0_Q0	broom_mixed/n128/seed1_L0_Q0
622	1	correctness_fuzz	broom_mixed	128	1	0	1	2	1	runs/correctness_fuzz/broom_mixed/n128/seed1_L0_Q1	broom_mixed/n128/seed1_L0_Q1
623	1	correctness_fuzz	broom_mixed	128	1	1	0	2	1	runs/correctness_fuzz/broom_mixed/n128/seed1_L1_Q0	broom_mixed/n128/seed1_L1_Q0
624	1	correctness_fuzz	broom_mixed	128	1	1	1	2	1	runs/correctness_fuzz/broom_mixed/n128/seed1_L1_Q1	broom_mixed/n128/seed1_L1_Q1
625	1	correctness_fuzz	broom_mixed	128	2	0	0	2	1	runs/correctness_fuzz/broom_mixed/n128/seed2_L0_Q0	broom_mixed/n128/seed2_L0_Q0
626	1	correctness_fuzz	broom_mixed	128	2	0	1	2	1	runs/correctness_fuzz/broom_mixed/n128/seed2_L0_Q1	broom_mixed/n128/seed2_L0_Q1
627	1	correctness_fuzz	broom_mixed	128	2	1	0	2	1	runs/correctness_fuzz/broom_mixed/n128/seed2_L1_Q0	broom_mixed/n128/seed2_L1_Q0
628	1	correctness_fuzz	broom_mixed	128	2	1	1	2	1	runs/correctness_fuzz/broom_mixed/n128/seed2_L1_Q1	broom_mixed/n128/seed2_L1_Q1
629	1	correctness_fuzz	broom_mixed	128	3	0	0	2	1	runs/correctness_fuzz/broom_mixed/n128/seed3_L0_Q0	broom_mixed/n128/seed3_L0_Q0
630	1	correctness_fuzz	broom_mixed	128	3	0	1	2	1	runs/correctness_fuzz/broom_mixed/n128/seed3_L0_Q1	broom_mixed/n128/seed3_L0_Q1
631	1	correctness_fuzz	broom_mixed	128	3	1	0	2	1	runs/correctness_fuzz/broom_mixed/n128/seed3_L1_Q0	broom_mixed/n128/seed3_L1_Q0
632	1	correctness_fuzz	broom_mixed	128	3	1	1	2	1	runs/correctness_fuzz/broom_mixed/n128/seed3_L1_Q1	broom_mixed/n128/seed3_L1_Q1
633	1	correctness_fuzz	broom_mixed	128	4	0	0	2	1	runs/correctness_fuzz/broom_mixed/n128/seed4_L0_Q0	broom_mixed/n128/seed4_L0_Q0
634	1	correctness_fuzz	broom_mixed	128	4	0	1	2	1	runs/correctness_fuzz/broom_mixed/n128/seed4_L0_Q1	broom_mixed/n128/seed4_L0_Q1
635	1	correctness_fuzz	broom_mixed	128	4	1	0	2	1	runs/correctness_fuzz/broom_mixed/n128/seed4_L1_Q0	broom_mixed/n128/seed4_L1_Q0
636	1	correctness_fuzz	broom_mixed	128	4	1	1	2	1	runs/correctness_fuzz/broom_mixed/n128/seed4_L1_Q1	broom_mixed/n128/seed4_L1_Q1
637	1	correctness_fuzz	broom_mixed	128	5	0	0	2	1	runs/correctness_fuzz/broom_mixed/n128/seed5_L0_Q0	broom_mixed/n128/seed5_L0_Q0
638	1	correctness_fuzz	broom_mixed	128	5	0	1	2	1	runs/correctness_fuzz/broom_mixed/n128/seed5_L0_Q1	broom_mixed/n128/seed5_L0_Q1
639	1	correctness_fuzz	broom_mixed	128	5	1	0	2	1	runs/correctness_fuzz/broom_mixed/n128/seed5_L1_Q0	broom_mixed/n128/seed5_L1_Q0
640	1	correctness_fuzz	broom_mixed	128	5	1	1	2	1	runs/correctness_fuzz/broom_mixed/n128/seed5_L1_Q1	broom_mixed/n128/seed5_L1_Q1
641	1	correctness_fuzz	broom_mixed	256	1	0	0	2	1	runs/correctness_fuzz/broom_mixed/n256/seed1_L0_Q0	broom_mixed/n256/seed1_L0_Q0
642	1	correctness_fuzz	broom_mixed	256	1	0	1	2	1	runs/correctness_fuzz/broom_mixed/n256/seed1_L0_Q1	broom_mixed/n256/seed1_L0_Q1
643	1	correctness_fuzz	broom_mixed	256	1	1	0	2	1	runs/correctness_fuzz/broom_mixed/n256/seed1_L1_Q0	broom_mixed/n256/seed1_L1_Q0
644	1	correctness_fuzz	broom_mixed	256	1	1	1	2	1	runs/correctness_fuzz/broom_mixed/n256/seed1_L1_Q1	broom_mixed/n256/seed1_L1_Q1
645	1	correctness_fuzz	broom_mixed	256	2	0	0	2	1	runs/correctness_fuzz/broom_mixed/n256/seed2_L0_Q0	broom_mixed/n256/seed2_L0_Q0
646	1	correctness_fuzz	broom_mixed	256	2	0	1	2	1	runs/correctness_fuzz/broom_mixed/n256/seed2_L0_Q1	broom_mixed/n256/seed2_L0_Q1
647	1	correctness_fuzz	broom_mixed	256	2	1	0	2	1	runs/correctness_fuzz/broom_mixed/n256/seed2_L1_Q0	broom_mixed/n256/seed2_L1_Q0
648	1	correctness_fuzz	broom_mixed	256	2	1	1	2	1	runs/correctness_fuzz/broom_mixed/n256/seed2_L1_Q1	broom_mixed/n256/seed2_L1_Q1
649	1	correctness_fuzz	broom_mixed	256	3	0	0	2	1	runs/correctness_fuzz/broom_mixed/n256/seed3_L0_Q0	broom_mixed/n256/seed3_L0_Q0
650	1	correctness_fuzz	broom_mixed	256	3	0	1	2	1	runs/correctness_fuzz/broom_mixed/n256/seed3_L0_Q1	broom_mixed/n256/seed3_L0_Q1
651	1	correctness_fuzz	broom_mixed	256	3	1	0	2	1	runs/correctness_fuzz/broom_mixed/n256/seed3_L1_Q0	broom_mixed/n256/seed3_L1_Q0
652	1	correctness_fuzz	broom_mixed	256	3	1	1	2	1	runs/correctness_fuzz/broom_mixed/n256/seed3_L1_Q1	broom_mixed/n256/seed3_L1_Q1
653	1	correctness_fuzz	broom_mixed	256	4	0	0	2	1	runs/correctness_fuzz/broom_mixed/n256/seed4_L0_Q0	broom_mixed/n256/seed4_L0_Q0
654	1	correctness_fuzz	broom_mixed	256	4	0	1	2	1	runs/correctness_fuzz/broom_mixed/n256/seed4_L0_Q1	broom_mixed/n256/seed4_L0_Q1
655	1	correctness_fuzz	broom_mixed	256	4	1	0	2	1	runs/correctness_fuzz/broom_mixed/n256/seed4_L1_Q0	broom_mixed/n256/seed4_L1_Q0
656	1	correctness_fuzz	broom_mixed	256	4	1	1	2	1	runs/correctness_fuzz/broom_mixed/n256/seed4_L1_Q1	broom_mixed/n256/seed4_L1_Q1
657	1	correctness_fuzz	broom_mixed	256	5	0	0	2	1	runs/correctness_fuzz/broom_mixed/n256/seed5_L0_Q0	broom_mixed/n256/seed5_L0_Q0
658	1	correctness_fuzz	broom_mixed	256	5	0	1	2	1	runs/correctness_fuzz/broom_mixed/n256/seed5_L0_Q1	broom_mixed/n256/seed5_L0_Q1
659	1	correctness_fuzz	broom_mixed	256	5	1	0	2	1	runs/correctness_fuzz/broom_mixed/n256/seed5_L1_Q0	broom_mixed/n256/seed5_L1_Q0
660	1	correctness_fuzz	broom_mixed	256	5	1	1	2	1	runs/correctness_fuzz/broom_mixed/n256/seed5_L1_Q1	broom_mixed/n256/seed5_L1_Q1
661	1	correctness_fuzz	broom_mixed	512	1	0	0	2	1	runs/correctness_fuzz/broom_mixed/n512/seed1_L0_Q0	broom_mixed/n512/seed1_L0_Q0
662	1	correctness_fuzz	broom_mixed	512	1	0	1	2	1	runs/correctness_fuzz/broom_mixed/n512/seed1_L0_Q1	broom_mixed/n512/seed1_L0_Q1
663	1	correctness_fuzz	broom_mixed	512	1	1	0	2	1	runs/correctness_fuzz/broom_mixed/n512/seed1_L1_Q0	broom_mixed/n512/seed1_L1_Q0
664	1	correctness_fuzz	broom_mixed	512	1	1	1	2	1	runs/correctness_fuzz/broom_mixed/n512/seed1_L1_Q1	broom_mixed/n512/seed1_L1_Q1
665	1	correctness_fuzz	broom_mixed	512	2	0	0	2	1	runs/correctness_fuzz/broom_mixed/n512/seed2_L0_Q0	broom_mixed/n512/seed2_L0_Q0
666	1	correctness_fuzz	broom_mixed	512	2	0	1	2	1	runs/correctness_fuzz/broom_mixed/n512/seed2_L0_Q1	broom_mixed/n512/seed2_L0_Q1
667	1	correctness_fuzz	broom_mixed	512	2	1	0	2	1	runs/correctness_fuzz/broom_mixed/n512/seed2_L1_Q0	broom_mixed/n512/seed2_L1_Q0
668	1	correctness_fuzz	broom_mixed	512	2	1	1	2	1	runs/correctness_fuzz/broom_mixed/n512/seed2_L1_Q1	broom_mixed/n512/seed2_L1_Q1
669	1	correctness_fuzz	broom_mixed	512	3	0	0	2	1	runs/correctness_fuzz/broom_mixed/n512/seed3_L0_Q0	broom_mixed/n512/seed3_L0_Q0
670	1	correctness_fuzz	broom_mixed	512	3	0	1	2	1	runs/correctness_fuzz/broom_mixed/n512/seed3_L0_Q1	broom_mixed/n512/seed3_L0_Q1
671	1	correctness_fuzz	broom_mixed	512	3	1	0	2	1	runs/correctness_fuzz/broom_mixed/n512/seed3_L1_Q0	broom_mixed/n512/seed3_L1_Q0
672	1	correctness_fuzz	broom_mixed	512	3	1	1	2	1	runs/correctness_fuzz/broom_mixed/n512/seed3_L1_Q1	broom_mixed/n512/seed3_L1_Q1
673	1	correctness_fuzz	broom_mixed	512	4	0	0	2	1	runs/correctness_fuzz/broom_mixed/n512/seed4_L0_Q0	broom_mixed/n512/seed4_L0_Q0
674	1	correctness_fuzz	broom_mixed	512	4	0	1	2	1	runs/correctness_fuzz/broom_mixed/n512/seed4_L0_Q1	broom_mixed/n512/seed4_L0_Q1
675	1	correctness_fuzz	broom_mixed	512	4	1	0	2	1	runs/correctness_fuzz/broom_mixed/n512/seed4_L1_Q0	broom_mixed/n512/seed4_L1_Q0
676	1	correctness_fuzz	broom_mixed	512	4	1	1	2	1	runs/correctness_fuzz/broom_mixed/n512/seed4_L1_Q1	broom_mixed/n512/seed4_L1_Q1
677	1	correctness_fuzz	broom_mixed	512	5	0	0	2	1	runs/correctness_fuzz/broom_mixed/n512/seed5_L0_Q0	broom_mixed/n512/seed5_L0_Q0
678	1	correctness_fuzz	broom_mixed	512	5	0	1	2	1	runs/correctness_fuzz/broom_mixed/n512/seed5_L0_Q1	broom_mixed/n512/seed5_L0_Q1
679	1	correctness_fuzz	broom_mixed	512	5	1	0	2	1	runs/correctness_fuzz/broom_mixed/n512/seed5_L1_Q0	broom_mixed/n512/seed5_L1_Q0
680	1	correctness_fuzz	broom_mixed	512	5	1	1	2	1	runs/correctness_fuzz/broom_mixed/n512/seed5_L1_Q1	broom_mixed/n512/seed5_L1_Q1
681	1	correctness_fuzz	broom_mixed	1024	1	0	0	2	1	runs/correctness_fuzz/broom_mixed/n1024/seed1_L0_Q0	broom_mixed/n1024/seed1_L0_Q0
682	1	correctness_fuzz	broom_mixed	1024	1	0	1	2	1	runs/correctness_fuzz/broom_mixed/n1024/seed1_L0_Q1	broom_mixed/n1024/seed1_L0_Q1
683	1	correctness_fuzz	broom_mixed	1024	1	1	0	2	1	runs/correctness_fuzz/broom_mixed/n1024/seed1_L1_Q0	broom_mixed/n1024/seed1_L1_Q0
684	1	correctness_fuzz	broom_mixed	1024	1	1	1	2	1	runs/correctness_fuzz/broom_mixed/n1024/seed1_L1_Q1	broom_mixed/n1024/seed1_L1_Q1
685	1	correctness_fuzz	broom_mixed	1024	2	0	0	2	1	runs/correctness_fuzz/broom_mixed/n1024/seed2_L0_Q0	broom_mixed/n1024/seed2_L0_Q0
686	1	correctness_fuzz	broom_mixed	1024	2	0	1	2	1	runs/correctness_fuzz/broom_mixed/n1024/seed2_L0_Q1	broom_mixed/n1024/seed2_L0_Q1
687	1	correctness_fuzz	broom_mixed	1024	2	1	0	2	1	runs/correctness_fuzz/broom_mixed/n1024/seed2_L1_Q0	broom_mixed/n1024/seed2_L1_Q0
688	1	correctness_fuzz	broom_mixed	1024	2	1	1	2	1	runs/correctness_fuzz/broom_mixed/n1024/seed2_L1_Q1	broom_mixed/n1024/seed2_L1_Q1
689	1	correctness_fuzz	broom_mixed	1024	3	0	0	2	1	runs/correctness_fuzz/broom_mixed/n1024/seed3_L0_Q0	broom_mixed/n1024/seed3_L0_Q0
690	1	correctness_fuzz	broom_mixed	1024	3	0	1	2	1	runs/correctness_fuzz/broom_mixed/n1024/seed3_L0_Q1	broom_mixed/n1024/seed3_L0_Q1
691	1	correctness_fuzz	broom_mixed	1024	3	1	0	2	1	runs/correctness_fuzz/broom_mixed/n1024/seed3_L1_Q0	broom_mixed/n1024/seed3_L1_Q0
692	1	correctness_fuzz	broom_mixed	1024	3	1	1	2	1	runs/correctness_fuzz/broom_mixed/n1024/seed3_L1_Q1	broom_mixed/n1024/seed3_L1_Q1
693	1	correctness_fuzz	broom_mixed	1024	4	0	0	2	1	runs/correctness_fuzz/broom_mixed/n1024/seed4_L0_Q0	broom_mixed/n1024/seed4_L0_Q0
694	1	correctness_fuzz	broom_mixed	1024	4	0	1	2	1	runs/correctness_fuzz/broom_mixed/n1024/seed4_L0_Q1	broom_mixed/n1024/seed4_L0_Q1
695	1	correctness_fuzz	broom_mixed	1024	4	1	0	2	1	runs/correctness_fuzz/broom_mixed/n1024/seed4_L1_Q0	broom_mixed/n1024/seed4_L1_Q0
696	1	correctness_fuzz	broom_mixed	1024	4	1	1	2	1	runs/correctness_fuzz/broom_mixed/n1024/seed4_L1_Q1	broom_mixed/n1024/seed4_L1_Q1
697	1	correctness_fuzz	broom_mixed	1024	5	0	0	2	1	runs/correctness_fuzz/broom_mixed/n1024/seed5_L0_Q0	broom_mixed/n1024/seed5_L0_Q0
698	1	correctness_fuzz	broom_mixed	1024	5	0	1	2	1	runs/correctness_fuzz/broom_mixed/n1024/seed5_L0_Q1	broom_mixed/n1024/seed5_L0_Q1
699	1	correctness_fuzz	broom_mixed	1024	5	1	0	2	1	runs/correctness_fuzz/broom_mixed/n1024/seed5_L1_Q0	broom_mixed/n1024/seed5_L1_Q0
700	1	correctness_fuzz	broom_mixed	1024	5	1	1	2	1	runs/correctness_fuzz/broom_mixed/n1024/seed5_L1_Q1	broom_mixed/n1024/seed5_L1_Q1
701	1	correctness_fuzz	caterpillar_rect_dense	64	1	0	0	2	1	runs/correctness_fuzz/caterpillar_rect_dense/n64/seed1_L0_Q0	caterpillar_rect_dense/n64/seed1_L0_Q0
702	1	correctness_fuzz	caterpillar_rect_dense	64	1	0	1	2	1	runs/correctness_fuzz/caterpillar_rect_dense/n64/seed1_L0_Q1	caterpillar_rect_dense/n64/seed1_L0_Q1
703	1	correctness_fuzz	caterpillar_rect_dense	64	1	1	0	2	1	runs/correctness_fuzz/caterpillar_rect_dense/n64/seed1_L1_Q0	caterpillar_rect_dense/n64/seed1_L1_Q0
704	1	correctness_fuzz	caterpillar_rect_dense	64	1	1	1	2	1	runs/correctness_fuzz/caterpillar_rect_dense/n64/seed1_L1_Q1	caterpillar_rect_dense/n64/seed1_L1_Q1
705	1	correctness_fuzz	caterpillar_rect_dense	64	2	0	0	2	1	runs/correctness_fuzz/caterpillar_rect_dense/n64/seed2_L0_Q0	caterpillar_rect_dense/n64/seed2_L0_Q0
706	1	correctness_fuzz	caterpillar_rect_dense	64	2	0	1	2	1	runs/correctness_fuzz/caterpillar_rect_dense/n64/seed2_L0_Q1	caterpillar_rect_dense/n64/seed2_L0_Q1
707	1	correctness_fuzz	caterpillar_rect_dense	64	2	1	0	2	1	runs/correctness_fuzz/caterpillar_rect_dense/n64/seed2_L1_Q0	caterpillar_rect_dense/n64/seed2_L1_Q0
708	1	correctness_fuzz	caterpillar_rect_dense	64	2	1	1	2	1	runs/correctness_fuzz/caterpillar_rect_dense/n64/seed2_L1_Q1	caterpillar_rect_dense/n64/seed2_L1_Q1
709	1	correctness_fuzz	caterpillar_rect_dense	64	3	0	0	2	1	runs/correctness_fuzz/caterpillar_rect_dense/n64/seed3_L0_Q0	caterpillar_rect_dense/n64/seed3_L0_Q0
710	1	correctness_fuzz	caterpillar_rect_dense	64	3	0	1	2	1	runs/correctness_fuzz/caterpillar_rect_dense/n64/seed3_L0_Q1	caterpillar_rect_dense/n64/seed3_L0_Q1
711	1	correctness_fuzz	caterpillar_rect_dense	64	3	1	0	2	1	runs/correctness_fuzz/caterpillar_rect_dense/n64/seed3_L1_Q0	caterpillar_rect_dense/n64/seed3_L1_Q0
712	1	correctness_fuzz	caterpillar_rect_dense	64	3	1	1	2	1	runs/correctness_fuzz/caterpillar_rect_dense/n64/seed3_L1_Q1	caterpillar_rect_dense/n64/seed3_L1_Q1
713	1	correctness_fuzz	caterpillar_rect_dense	64	4	0	0	2	1	runs/correctness_fuzz/caterpillar_rect_dense/n64/seed4_L0_Q0	caterpillar_rect_dense/n64/seed4_L0_Q0
714	1	correctness_fuzz	caterpillar_rect_dense	64	4	0	1	2	1	runs/correctness_fuzz/caterpillar_rect_dense/n64/seed4_L0_Q1	caterpillar_rect_dense/n64/seed4_L0_Q1
715	1	correctness_fuzz	caterpillar_rect_dense	64	4	1	0	2	1	runs/correctness_fuzz/caterpillar_rect_dense/n64/seed4_L1_Q0	caterpillar_rect_dense/n64/seed4_L1_Q0
716	1	correctness_fuzz	caterpillar_rect_dense	64	4	1	1	2	1	runs/correctness_fuzz/caterpillar_rect_dense/n64/seed4_L1_Q1	caterpillar_rect_dense/n64/seed4_L1_Q1
717	1	correctness_fuzz	caterpillar_rect_dense	64	5	0	0	2	1	runs/correctness_fuzz/caterpillar_rect_dense/n64/seed5_L0_Q0	caterpillar_rect_dense/n64/seed5_L0_Q0
718	1	correctness_fuzz	caterpillar_rect_dense	64	5	0	1	2	1	runs/correctness_fuzz/caterpillar_rect_dense/n64/seed5_L0_Q1	caterpillar_rect_dense/n64/seed5_L0_Q1
719	1	correctness_fuzz	caterpillar_rect_dense	64	5	1	0	2	1	runs/correctness_fuzz/caterpillar_rect_dense/n64/seed5_L1_Q0	caterpillar_rect_dense/n64/seed5_L1_Q0
720	1	correctness_fuzz	caterpillar_rect_dense	64	5	1	1	2	1	runs/correctness_fuzz/caterpillar_rect_dense/n64/seed5_L1_Q1	caterpillar_rect_dense/n64/seed5_L1_Q1
721	1	correctness_fuzz	caterpillar_rect_dense	128	1	0	0	2	1	runs/correctness_fuzz/caterpillar_rect_dense/n128/seed1_L0_Q0	caterpillar_rect_dense/n128/seed1_L0_Q0
722	1	correctness_fuzz	caterpillar_rect_dense	128	1	0	1	2	1	runs/correctness_fuzz/caterpillar_rect_dense/n128/seed1_L0_Q1	caterpillar_rect_dense/n128/seed1_L0_Q1
723	1	correctness_fuzz	caterpillar_rect_dense	128	1	1	0	2	1	runs/correctness_fuzz/caterpillar_rect_dense/n128/seed1_L1_Q0	caterpillar_rect_dense/n128/seed1_L1_Q0
724	1	correctness_fuzz	caterpillar_rect_dense	128	1	1	1	2	1	runs/correctness_fuzz/caterpillar_rect_dense/n128/seed1_L1_Q1	caterpillar_rect_dense/n128/seed1_L1_Q1
725	1	correctness_fuzz	caterpillar_rect_dense	128	2	0	0	2	1	runs/correctness_fuzz/caterpillar_rect_dense/n128/seed2_L0_Q0	caterpillar_rect_dense/n128/seed2_L0_Q0
726	1	correctness_fuzz	caterpillar_rect_dense	128	2	0	1	2	1	runs/correctness_fuzz/caterpillar_rect_dense/n128/seed2_L0_Q1	caterpillar_rect_dense/n128/seed2_L0_Q1
727	1	correctness_fuzz	caterpillar_rect_dense	128	2	1	0	2	1	runs/correctness_fuzz/caterpillar_rect_dense/n128/seed2_L1_Q0	caterpillar_rect_dense/n128/seed2_L1_Q0
728	1	correctness_fuzz	caterpillar_rect_dense	128	2	1	1	2	1	runs/correctness_fuzz/caterpillar_rect_dense/n128/seed2_L1_Q1	caterpillar_rect_dense/n128/seed2_L1_Q1
729	1	correctness_fuzz	caterpillar_rect_dense	128	3	0	0	2	1	runs/correctness_fuzz/caterpillar_rect_dense/n128/seed3_L0_Q0	caterpillar_rect_dense/n128/seed3_L0_Q0
730	1	correctness_fuzz	caterpillar_rect_dense	128	3	0	1	2	1	runs/correctness_fuzz/caterpillar_rect_dense/n128/seed3_L0_Q1	caterpillar_rect_dense/n128/seed3_L0_Q1
731	1	correctness_fuzz	caterpillar_rect_dense	128	3	1	0	2	1	runs/correctness_fuzz/caterpillar_rect_dense/n128/seed3_L1_Q0	caterpillar_rect_dense/n128/seed3_L1_Q0
732	1	correctness_fuzz	caterpillar_rect_dense	128	3	1	1	2	1	runs/correctness_fuzz/caterpillar_rect_dense/n128/seed3_L1_Q1	caterpillar_rect_dense/n128/seed3_L1_Q1
733	1	correctness_fuzz	caterpillar_rect_dense	128	4	0	0	2	1	runs/correctness_fuzz/caterpillar_rect_dense/n128/seed4_L0_Q0	caterpillar_rect_dense/n128/seed4_L0_Q0
734	1	correctness_fuzz	caterpillar_rect_dense	128	4	0	1	2	1	runs/correctness_fuzz/caterpillar_rect_dense/n128/seed4_L0_Q1	caterpillar_rect_dense/n128/seed4_L0_Q1
735	1	correctness_fuzz	caterpillar_rect_dense	128	4	1	0	2	1	runs/correctness_fuzz/caterpillar_rect_dense/n128/seed4_L1_Q0	caterpillar_rect_dense/n128/seed4_L1_Q0
736	1	correctness_fuzz	caterpillar_rect_dense	128	4	1	1	2	1	runs/correctness_fuzz/caterpillar_rect_dense/n128/seed4_L1_Q1	caterpillar_rect_dense/n128/seed4_L1_Q1
737	1	correctness_fuzz	caterpillar_rect_dense	128	5	0	0	2	1	runs/correctness_fuzz/caterpillar_rect_dense/n128/seed5_L0_Q0	caterpillar_rect_dense/n128/seed5_L0_Q0
738	1	correctness_fuzz	caterpillar_rect_dense	128	5	0	1	2	1	runs/correctness_fuzz/caterpillar_rect_dense/n128/seed5_L0_Q1	caterpillar_rect_dense/n128/seed5_L0_Q1
739	1	correctness_fuzz	caterpillar_rect_dense	128	5	1	0	2	1	runs/correctness_fuzz/caterpillar_rect_dense/n128/seed5_L1_Q0	caterpillar_rect_dense/n128/seed5_L1_Q0
740	1	correctness_fuzz	caterpillar_rect_dense	128	5	1	1	2	1	runs/correctness_fuzz/caterpillar_rect_dense/n128/seed5_L1_Q1	caterpillar_rect_dense/n128/seed5_L1_Q1
741	1	correctness_fuzz	caterpillar_rect_dense	256	1	0	0	2	1	runs/correctness_fuzz/caterpillar_rect_dense/n256/seed1_L0_Q0	caterpillar_rect_dense/n256/seed1_L0_Q0
742	1	correctness_fuzz	caterpillar_rect_dense	256	1	0	1	2	1	runs/correctness_fuzz/caterpillar_rect_dense/n256/seed1_L0_Q1	caterpillar_rect_dense/n256/seed1_L0_Q1
743	1	correctness_fuzz	caterpillar_rect_dense	256	1	1	0	2	1	runs/correctness_fuzz/caterpillar_rect_dense/n256/seed1_L1_Q0	caterpillar_rect_dense/n256/seed1_L1_Q0
744	1	correctness_fuzz	caterpillar_rect_dense	256	1	1	1	2	1	runs/correctness_fuzz/caterpillar_rect_dense/n256/seed1_L1_Q1	caterpillar_rect_dense/n256/seed1_L1_Q1
745	1	correctness_fuzz	caterpillar_rect_dense	256	2	0	0	2	1	runs/correctness_fuzz/caterpillar_rect_dense/n256/seed2_L0_Q0	caterpillar_rect_dense/n256/seed2_L0_Q0
746	1	correctness_fuzz	caterpillar_rect_dense	256	2	0	1	2	1	runs/correctness_fuzz/caterpillar_rect_dense/n256/seed2_L0_Q1	caterpillar_rect_dense/n256/seed2_L0_Q1
747	1	correctness_fuzz	caterpillar_rect_dense	256	2	1	0	2	1	runs/correctness_fuzz/caterpillar_rect_dense/n256/seed2_L1_Q0	caterpillar_rect_dense/n256/seed2_L1_Q0
748	1	correctness_fuzz	caterpillar_rect_dense	256	2	1	1	2	1	runs/correctness_fuzz/caterpillar_rect_dense/n256/seed2_L1_Q1	caterpillar_rect_dense/n256/seed2_L1_Q1
749	1	correctness_fuzz	caterpillar_rect_dense	256	3	0	0	2	1	runs/correctness_fuzz/caterpillar_rect_dense/n256/seed3_L0_Q0	caterpillar_rect_dense/n256/seed3_L0_Q0
750	1	correctness_fuzz	caterpillar_rect_dense	256	3	0	1	2	1	runs/correctness_fuzz/caterpillar_rect_dense/n256/seed3_L0_Q1	caterpillar_rect_dense/n256/seed3_L0_Q1
751	1	correctness_fuzz	caterpillar_rect_dense	256	3	1	0	2	1	runs/correctness_fuzz/caterpillar_rect_dense/n256/seed3_L1_Q0	caterpillar_rect_dense/n256/seed3_L1_Q0
752	1	correctness_fuzz	caterpillar_rect_dense	256	3	1	1	2	1	runs/correctness_fuzz/caterpillar_rect_dense/n256/seed3_L1_Q1	caterpillar_rect_dense/n256/seed3_L1_Q1
753	1	correctness_fuzz	caterpillar_rect_dense	256	4	0	0	2	1	runs/correctness_fuzz/caterpillar_rect_dense/n256/seed4_L0_Q0	caterpillar_rect_dense/n256/seed4_L0_Q0
754	1	correctness_fuzz	caterpillar_rect_dense	256	4	0	1	2	1	runs/correctness_fuzz/caterpillar_rect_dense/n256/seed4_L0_Q1	caterpillar_rect_dense/n256/seed4_L0_Q1
755	1	correctness_fuzz	caterpillar_rect_dense	256	4	1	0	2	1	runs/correctness_fuzz/caterpillar_rect_dense/n256/seed4_L1_Q0	caterpillar_rect_dense/n256/seed4_L1_Q0
756	1	correctness_fuzz	caterpillar_rect_dense	256	4	1	1	2	1	runs/correctness_fuzz/caterpillar_rect_dense/n256/seed4_L1_Q1	caterpillar_rect_dense/n256/seed4_L1_Q1
757	1	correctness_fuzz	caterpillar_rect_dense	256	5	0	0	2	1	runs/correctness_fuzz/caterpillar_rect_dense/n256/seed5_L0_Q0	caterpillar_rect_dense/n256/seed5_L0_Q0
758	1	correctness_fuzz	caterpillar_rect_dense	256	5	0	1	2	1	runs/correctness_fuzz/caterpillar_rect_dense/n256/seed5_L0_Q1	caterpillar_rect_dense/n256/seed5_L0_Q1
759	1	correctness_fuzz	caterpillar_rect_dense	256	5	1	0	2	1	runs/correctness_fuzz/caterpillar_rect_dense/n256/seed5_L1_Q0	caterpillar_rect_dense/n256/seed5_L1_Q0
760	1	correctness_fuzz	caterpillar_rect_dense	256	5	1	1	2	1	runs/correctness_fuzz/caterpillar_rect_dense/n256/seed5_L1_Q1	caterpillar_rect_dense/n256/seed5_L1_Q1
761	1	correctness_fuzz	caterpillar_rect_dense	512	1	0	0	2	1	runs/correctness_fuzz/caterpillar_rect_dense/n512/seed1_L0_Q0	caterpillar_rect_dense/n512/seed1_L0_Q0
762	1	correctness_fuzz	caterpillar_rect_dense	512	1	0	1	2	1	runs/correctness_fuzz/caterpillar_rect_dense/n512/seed1_L0_Q1	caterpillar_rect_dense/n512/seed1_L0_Q1
763	1	correctness_fuzz	caterpillar_rect_dense	512	1	1	0	2	1	runs/correctness_fuzz/caterpillar_rect_dense/n512/seed1_L1_Q0	caterpillar_rect_dense/n512/seed1_L1_Q0
764	1	correctness_fuzz	caterpillar_rect_dense	512	1	1	1	2	1	runs/correctness_fuzz/caterpillar_rect_dense/n512/seed1_L1_Q1	caterpillar_rect_dense/n512/seed1_L1_Q1
765	1	correctness_fuzz	caterpillar_rect_dense	512	2	0	0	2	1	runs/correctness_fuzz/caterpillar_rect_dense/n512/seed2_L0_Q0	caterpillar_rect_dense/n512/seed2_L0_Q0
766	1	correctness_fuzz	caterpillar_rect_dense	512	2	0	1	2	1	runs/correctness_fuzz/caterpillar_rect_dense/n512/seed2_L0_Q1	caterpillar_rect_dense/n512/seed2_L0_Q1
767	1	correctness_fuzz	caterpillar_rect_dense	512	2	1	0	2	1	runs/correctness_fuzz/caterpillar_rect_dense/n512/seed2_L1_Q0	caterpillar_rect_dense/n512/seed2_L1_Q0
768	1	correctness_fuzz	caterpillar_rect_dense	512	2	1	1	2	1	runs/correctness_fuzz/caterpillar_rect_dense/n512/seed2_L1_Q1	caterpillar_rect_dense/n512/seed2_L1_Q1
769	1	correctness_fuzz	caterpillar_rect_dense	512	3	0	0	2	1	runs/correctness_fuzz/caterpillar_rect_dense/n512/seed3_L0_Q0	caterpillar_rect_dense/n512/seed3_L0_Q0
770	1	correctness_fuzz	caterpillar_rect_dense	512	3	0	1	2	1	runs/correctness_fuzz/caterpillar_rect_dense/n512/seed3_L0_Q1	caterpillar_rect_dense/n512/seed3_L0_Q1
771	1	correctness_fuzz	caterpillar_rect_dense	512	3	1	0	2	1	runs/correctness_fuzz/caterpillar_rect_dense/n512/seed3_L1_Q0	caterpillar_rect_dense/n512/seed3_L1_Q0
772	1	correctness_fuzz	caterpillar_rect_dense	512	3	1	1	2	1	runs/correctness_fuzz/caterpillar_rect_dense/n512/seed3_L1_Q1	caterpillar_rect_dense/n512/seed3_L1_Q1
773	1	correctness_fuzz	caterpillar_rect_dense	512	4	0	0	2	1	runs/correctness_fuzz/caterpillar_rect_dense/n512/seed4_L0_Q0	caterpillar_rect_dense/n512/seed4_L0_Q0
774	1	correctness_fuzz	caterpillar_rect_dense	512	4	0	1	2	1	runs/correctness_fuzz/caterpillar_rect_dense/n512/seed4_L0_Q1	caterpillar_rect_dense/n512/seed4_L0_Q1
775	1	correctness_fuzz	caterpillar_rect_dense	512	4	1	0	2	1	runs/correctness_fuzz/caterpillar_rect_dense/n512/seed4_L1_Q0	caterpillar_rect_dense/n512/seed4_L1_Q0
776	1	correctness_fuzz	caterpillar_rect_dense	512	4	1	1	2	1	runs/correctness_fuzz/caterpillar_rect_dense/n512/seed4_L1_Q1	caterpillar_rect_dense/n512/seed4_L1_Q1
777	1	correctness_fuzz	caterpillar_rect_dense	512	5	0	0	2	1	runs/correctness_fuzz/caterpillar_rect_dense/n512/seed5_L0_Q0	caterpillar_rect_dense/n512/seed5_L0_Q0
778	1	correctness_fuzz	caterpillar_rect_dense	512	5	0	1	2	1	runs/correctness_fuzz/caterpillar_rect_dense/n512/seed5_L0_Q1	caterpillar_rect_dense/n512/seed5_L0_Q1
779	1	correctness_fuzz	caterpillar_rect_dense	512	5	1	0	2	1	runs/correctness_fuzz/caterpillar_rect_dense/n512/seed5_L1_Q0	caterpillar_rect_dense/n512/seed5_L1_Q0
780	1	correctness_fuzz	caterpillar_rect_dense	512	5	1	1	2	1	runs/correctness_fuzz/caterpillar_rect_dense/n512/seed5_L1_Q1	caterpillar_rect_dense/n512/seed5_L1_Q1
781	1	correctness_fuzz	caterpillar_rect_dense	1024	1	0	0	2	1	runs/correctness_fuzz/caterpillar_rect_dense/n1024/seed1_L0_Q0	caterpillar_rect_dense/n1024/seed1_L0_Q0
782	1	correctness_fuzz	caterpillar_rect_dense	1024	1	0	1	2	1	runs/correctness_fuzz/caterpillar_rect_dense/n1024/seed1_L0_Q1	caterpillar_rect_dense/n1024/seed1_L0_Q1
783	1	correctness_fuzz	caterpillar_rect_dense	1024	1	1	0	2	1	runs/correctness_fuzz/caterpillar_rect_dense/n1024/seed1_L1_Q0	caterpillar_rect_dense/n1024/seed1_L1_Q0
784	1	correctness_fuzz	caterpillar_rect_dense	1024	1	1	1	2	1	runs/correctness_fuzz/caterpillar_rect_dense/n1024/seed1_L1_Q1	caterpillar_rect_dense/n1024/seed1_L1_Q1
785	1	correctness_fuzz	caterpillar_rect_dense	1024	2	0	0	2	1	runs/correctness_fuzz/caterpillar_rect_dense/n1024/seed2_L0_Q0	caterpillar_rect_dense/n1024/seed2_L0_Q0
786	1	correctness_fuzz	caterpillar_rect_dense	1024	2	0	1	2	1	runs/correctness_fuzz/caterpillar_rect_dense/n1024/seed2_L0_Q1	caterpillar_rect_dense/n1024/seed2_L0_Q1
787	1	correctness_fuzz	caterpillar_rect_dense	1024	2	1	0	2	1	runs/correctness_fuzz/caterpillar_rect_dense/n1024/seed2_L1_Q0	caterpillar_rect_dense/n1024/seed2_L1_Q0
788	1	correctness_fuzz	caterpillar_rect_dense	1024	2	1	1	2	1	runs/correctness_fuzz/caterpillar_rect_dense/n1024/seed2_L1_Q1	caterpillar_rect_dense/n1024/seed2_L1_Q1
789	1	correctness_fuzz	caterpillar_rect_dense	1024	3	0	0	2	1	runs/correctness_fuzz/caterpillar_rect_dense/n1024/seed3_L0_Q0	caterpillar_rect_dense/n1024/seed3_L0_Q0
790	1	correctness_fuzz	caterpillar_rect_dense	1024	3	0	1	2	1	runs/correctness_fuzz/caterpillar_rect_dense/n1024/seed3_L0_Q1	caterpillar_rect_dense/n1024/seed3_L0_Q1
791	1	correctness_fuzz	caterpillar_rect_dense	1024	3	1	0	2	1	runs/correctness_fuzz/caterpillar_rect_dense/n1024/seed3_L1_Q0	caterpillar_rect_dense/n1024/seed3_L1_Q0
792	1	correctness_fuzz	caterpillar_rect_dense	1024	3	1	1	2	1	runs/correctness_fuzz/caterpillar_rect_dense/n1024/seed3_L1_Q1	caterpillar_rect_dense/n1024/seed3_L1_Q1
793	1	correctness_fuzz	caterpillar_rect_dense	1024	4	0	0	2	1	runs/correctness_fuzz/caterpillar_rect_dense/n1024/seed4_L0_Q0	caterpillar_rect_dense/n1024/seed4_L0_Q0
794	1	correctness_fuzz	caterpillar_rect_dense	1024	4	0	1	2	1	runs/correctness_fuzz/caterpillar_rect_dense/n1024/seed4_L0_Q1	caterpillar_rect_dense/n1024/seed4_L0_Q1
795	1	correctness_fuzz	caterpillar_rect_dense	1024	4	1	0	2	1	runs/correctness_fuzz/caterpillar_rect_dense/n1024/seed4_L1_Q0	caterpillar_rect_dense/n1024/seed4_L1_Q0
796	1	correctness_fuzz	caterpillar_rect_dense	1024	4	1	1	2	1	runs/correctness_fuzz/caterpillar_rect_dense/n1024/seed4_L1_Q1	caterpillar_rect_dense/n1024/seed4_L1_Q1
797	1	correctness_fuzz	caterpillar_rect_dense	1024	5	0	0	2	1	runs/correctness_fuzz/caterpillar_rect_dense/n1024/seed5_L0_Q0	caterpillar_rect_dense/n1024/seed5_L0_Q0
798	1	correctness_fuzz	caterpillar_rect_dense	1024	5	0	1	2	1	runs/correctness_fuzz/caterpillar_rect_dense/n1024/seed5_L0_Q1	caterpillar_rect_dense/n1024/seed5_L0_Q1
799	1	correctness_fuzz	caterpillar_rect_dense	1024	5	1	0	2	1	runs/correctness_fuzz/caterpillar_rect_dense/n1024/seed5_L1_Q0	caterpillar_rect_dense/n1024/seed5_L1_Q0
800	1	correctness_fuzz	caterpillar_rect_dense	1024	5	1	1	2	1	runs/correctness_fuzz/caterpillar_rect_dense/n1024/seed5_L1_Q1	caterpillar_rect_dense/n1024/seed5_L1_Q1
801	1	correctness_fuzz	random_recursive_mixed	64	1	0	0	2	1	runs/correctness_fuzz/random_recursive_mixed/n64/seed1_L0_Q0	random_recursive_mixed/n64/seed1_L0_Q0
802	1	correctness_fuzz	random_recursive_mixed	64	1	0	1	2	1	runs/correctness_fuzz/random_recursive_mixed/n64/seed1_L0_Q1	random_recursive_mixed/n64/seed1_L0_Q1
803	1	correctness_fuzz	random_recursive_mixed	64	1	1	0	2	1	runs/correctness_fuzz/random_recursive_mixed/n64/seed1_L1_Q0	random_recursive_mixed/n64/seed1_L1_Q0
804	1	correctness_fuzz	random_recursive_mixed	64	1	1	1	2	1	runs/correctness_fuzz/random_recursive_mixed/n64/seed1_L1_Q1	random_recursive_mixed/n64/seed1_L1_Q1
805	1	correctness_fuzz	random_recursive_mixed	64	2	0	0	2	1	runs/correctness_fuzz/random_recursive_mixed/n64/seed2_L0_Q0	random_recursive_mixed/n64/seed2_L0_Q0
806	1	correctness_fuzz	random_recursive_mixed	64	2	0	1	2	1	runs/correctness_fuzz/random_recursive_mixed/n64/seed2_L0_Q1	random_recursive_mixed/n64/seed2_L0_Q1
807	1	correctness_fuzz	random_recursive_mixed	64	2	1	0	2	1	runs/correctness_fuzz/random_recursive_mixed/n64/seed2_L1_Q0	random_recursive_mixed/n64/seed2_L1_Q0
808	1	correctness_fuzz	random_recursive_mixed	64	2	1	1	2	1	runs/correctness_fuzz/random_recursive_mixed/n64/seed2_L1_Q1	random_recursive_mixed/n64/seed2_L1_Q1
809	1	correctness_fuzz	random_recursive_mixed	64	3	0	0	2	1	runs/correctness_fuzz/random_recursive_mixed/n64/seed3_L0_Q0	random_recursive_mixed/n64/seed3_L0_Q0
810	1	correctness_fuzz	random_recursive_mixed	64	3	0	1	2	1	runs/correctness_fuzz/random_recursive_mixed/n64/seed3_L0_Q1	random_recursive_mixed/n64/seed3_L0_Q1
811	1	correctness_fuzz	random_recursive_mixed	64	3	1	0	2	1	runs/correctness_fuzz/random_recursive_mixed/n64/seed3_L1_Q0	random_recursive_mixed/n64/seed3_L1_Q0
812	1	correctness_fuzz	random_recursive_mixed	64	3	1	1	2	1	runs/correctness_fuzz/random_recursive_mixed/n64/seed3_L1_Q1	random_recursive_mixed/n64/seed3_L1_Q1
813	1	correctness_fuzz	random_recursive_mixed	64	4	0	0	2	1	runs/correctness_fuzz/random_recursive_mixed/n64/seed4_L0_Q0	random_recursive_mixed/n64/seed4_L0_Q0
814	1	correctness_fuzz	random_recursive_mixed	64	4	0	1	2	1	runs/correctness_fuzz/random_recursive_mixed/n64/seed4_L0_Q1	random_recursive_mixed/n64/seed4_L0_Q1
815	1	correctness_fuzz	random_recursive_mixed	64	4	1	0	2	1	runs/correctness_fuzz/random_recursive_mixed/n64/seed4_L1_Q0	random_recursive_mixed/n64/seed4_L1_Q0
816	1	correctness_fuzz	random_recursive_mixed	64	4	1	1	2	1	runs/correctness_fuzz/random_recursive_mixed/n64/seed4_L1_Q1	random_recursive_mixed/n64/seed4_L1_Q1
817	1	correctness_fuzz	random_recursive_mixed	64	5	0	0	2	1	runs/correctness_fuzz/random_recursive_mixed/n64/seed5_L0_Q0	random_recursive_mixed/n64/seed5_L0_Q0
818	1	correctness_fuzz	random_recursive_mixed	64	5	0	1	2	1	runs/correctness_fuzz/random_recursive_mixed/n64/seed5_L0_Q1	random_recursive_mixed/n64/seed5_L0_Q1
819	1	correctness_fuzz	random_recursive_mixed	64	5	1	0	2	1	runs/correctness_fuzz/random_recursive_mixed/n64/seed5_L1_Q0	random_recursive_mixed/n64/seed5_L1_Q0
820	1	correctness_fuzz	random_recursive_mixed	64	5	1	1	2	1	runs/correctness_fuzz/random_recursive_mixed/n64/seed5_L1_Q1	random_recursive_mixed/n64/seed5_L1_Q1
821	1	correctness_fuzz	random_recursive_mixed	128	1	0	0	2	1	runs/correctness_fuzz/random_recursive_mixed/n128/seed1_L0_Q0	random_recursive_mixed/n128/seed1_L0_Q0
822	1	correctness_fuzz	random_recursive_mixed	128	1	0	1	2	1	runs/correctness_fuzz/random_recursive_mixed/n128/seed1_L0_Q1	random_recursive_mixed/n128/seed1_L0_Q1
823	1	correctness_fuzz	random_recursive_mixed	128	1	1	0	2	1	runs/correctness_fuzz/random_recursive_mixed/n128/seed1_L1_Q0	random_recursive_mixed/n128/seed1_L1_Q0
824	1	correctness_fuzz	random_recursive_mixed	128	1	1	1	2	1	runs/correctness_fuzz/random_recursive_mixed/n128/seed1_L1_Q1	random_recursive_mixed/n128/seed1_L1_Q1
825	1	correctness_fuzz	random_recursive_mixed	128	2	0	0	2	1	runs/correctness_fuzz/random_recursive_mixed/n128/seed2_L0_Q0	random_recursive_mixed/n128/seed2_L0_Q0
826	1	correctness_fuzz	random_recursive_mixed	128	2	0	1	2	1	runs/correctness_fuzz/random_recursive_mixed/n128/seed2_L0_Q1	random_recursive_mixed/n128/seed2_L0_Q1
827	1	correctness_fuzz	random_recursive_mixed	128	2	1	0	2	1	runs/correctness_fuzz/random_recursive_mixed/n128/seed2_L1_Q0	random_recursive_mixed/n128/seed2_L1_Q0
828	1	correctness_fuzz	random_recursive_mixed	128	2	1	1	2	1	runs/correctness_fuzz/random_recursive_mixed/n128/seed2_L1_Q1	random_recursive_mixed/n128/seed2_L1_Q1
829	1	correctness_fuzz	random_recursive_mixed	128	3	0	0	2	1	runs/correctness_fuzz/random_recursive_mixed/n128/seed3_L0_Q0	random_recursive_mixed/n128/seed3_L0_Q0
830	1	correctness_fuzz	random_recursive_mixed	128	3	0	1	2	1	runs/correctness_fuzz/random_recursive_mixed/n128/seed3_L0_Q1	random_recursive_mixed/n128/seed3_L0_Q1
831	1	correctness_fuzz	random_recursive_mixed	128	3	1	0	2	1	runs/correctness_fuzz/random_recursive_mixed/n128/seed3_L1_Q0	random_recursive_mixed/n128/seed3_L1_Q0
832	1	correctness_fuzz	random_recursive_mixed	128	3	1	1	2	1	runs/correctness_fuzz/random_recursive_mixed/n128/seed3_L1_Q1	random_recursive_mixed/n128/seed3_L1_Q1
833	1	correctness_fuzz	random_recursive_mixed	128	4	0	0	2	1	runs/correctness_fuzz/random_recursive_mixed/n128/seed4_L0_Q0	random_recursive_mixed/n128/seed4_L0_Q0
834	1	correctness_fuzz	random_recursive_mixed	128	4	0	1	2	1	runs/correctness_fuzz/random_recursive_mixed/n128/seed4_L0_Q1	random_recursive_mixed/n128/seed4_L0_Q1
835	1	correctness_fuzz	random_recursive_mixed	128	4	1	0	2	1	runs/correctness_fuzz/random_recursive_mixed/n128/seed4_L1_Q0	random_recursive_mixed/n128/seed4_L1_Q0
836	1	correctness_fuzz	random_recursive_mixed	128	4	1	1	2	1	runs/correctness_fuzz/random_recursive_mixed/n128/seed4_L1_Q1	random_recursive_mixed/n128/seed4_L1_Q1
837	1	correctness_fuzz	random_recursive_mixed	128	5	0	0	2	1	runs/correctness_fuzz/random_recursive_mixed/n128/seed5_L0_Q0	random_recursive_mixed/n128/seed5_L0_Q0
838	1	correctness_fuzz	random_recursive_mixed	128	5	0	1	2	1	runs/correctness_fuzz/random_recursive_mixed/n128/seed5_L0_Q1	random_recursive_mixed/n128/seed5_L0_Q1
839	1	correctness_fuzz	random_recursive_mixed	128	5	1	0	2	1	runs/correctness_fuzz/random_recursive_mixed/n128/seed5_L1_Q0	random_recursive_mixed/n128/seed5_L1_Q0
840	1	correctness_fuzz	random_recursive_mixed	128	5	1	1	2	1	runs/correctness_fuzz/random_recursive_mixed/n128/seed5_L1_Q1	random_recursive_mixed/n128/seed5_L1_Q1
841	1	correctness_fuzz	random_recursive_mixed	256	1	0	0	2	1	runs/correctness_fuzz/random_recursive_mixed/n256/seed1_L0_Q0	random_recursive_mixed/n256/seed1_L0_Q0
842	1	correctness_fuzz	random_recursive_mixed	256	1	0	1	2	1	runs/correctness_fuzz/random_recursive_mixed/n256/seed1_L0_Q1	random_recursive_mixed/n256/seed1_L0_Q1
843	1	correctness_fuzz	random_recursive_mixed	256	1	1	0	2	1	runs/correctness_fuzz/random_recursive_mixed/n256/seed1_L1_Q0	random_recursive_mixed/n256/seed1_L1_Q0
844	1	correctness_fuzz	random_recursive_mixed	256	1	1	1	2	1	runs/correctness_fuzz/random_recursive_mixed/n256/seed1_L1_Q1	random_recursive_mixed/n256/seed1_L1_Q1
845	1	correctness_fuzz	random_recursive_mixed	256	2	0	0	2	1	runs/correctness_fuzz/random_recursive_mixed/n256/seed2_L0_Q0	random_recursive_mixed/n256/seed2_L0_Q0
846	1	correctness_fuzz	random_recursive_mixed	256	2	0	1	2	1	runs/correctness_fuzz/random_recursive_mixed/n256/seed2_L0_Q1	random_recursive_mixed/n256/seed2_L0_Q1
847	1	correctness_fuzz	random_recursive_mixed	256	2	1	0	2	1	runs/correctness_fuzz/random_recursive_mixed/n256/seed2_L1_Q0	random_recursive_mixed/n256/seed2_L1_Q0
848	1	correctness_fuzz	random_recursive_mixed	256	2	1	1	2	1	runs/correctness_fuzz/random_recursive_mixed/n256/seed2_L1_Q1	random_recursive_mixed/n256/seed2_L1_Q1
849	1	correctness_fuzz	random_recursive_mixed	256	3	0	0	2	1	runs/correctness_fuzz/random_recursive_mixed/n256/seed3_L0_Q0	random_recursive_mixed/n256/seed3_L0_Q0
850	1	correctness_fuzz	random_recursive_mixed	256	3	0	1	2	1	runs/correctness_fuzz/random_recursive_mixed/n256/seed3_L0_Q1	random_recursive_mixed/n256/seed3_L0_Q1
851	1	correctness_fuzz	random_recursive_mixed	256	3	1	0	2	1	runs/correctness_fuzz/random_recursive_mixed/n256/seed3_L1_Q0	random_recursive_mixed/n256/seed3_L1_Q0
852	1	correctness_fuzz	random_recursive_mixed	256	3	1	1	2	1	runs/correctness_fuzz/random_recursive_mixed/n256/seed3_L1_Q1	random_recursive_mixed/n256/seed3_L1_Q1
853	1	correctness_fuzz	random_recursive_mixed	256	4	0	0	2	1	runs/correctness_fuzz/random_recursive_mixed/n256/seed4_L0_Q0	random_recursive_mixed/n256/seed4_L0_Q0
854	1	correctness_fuzz	random_recursive_mixed	256	4	0	1	2	1	runs/correctness_fuzz/random_recursive_mixed/n256/seed4_L0_Q1	random_recursive_mixed/n256/seed4_L0_Q1
855	1	correctness_fuzz	random_recursive_mixed	256	4	1	0	2	1	runs/correctness_fuzz/random_recursive_mixed/n256/seed4_L1_Q0	random_recursive_mixed/n256/seed4_L1_Q0
856	1	correctness_fuzz	random_recursive_mixed	256	4	1	1	2	1	runs/correctness_fuzz/random_recursive_mixed/n256/seed4_L1_Q1	random_recursive_mixed/n256/seed4_L1_Q1
857	1	correctness_fuzz	random_recursive_mixed	256	5	0	0	2	1	runs/correctness_fuzz/random_recursive_mixed/n256/seed5_L0_Q0	random_recursive_mixed/n256/seed5_L0_Q0
858	1	correctness_fuzz	random_recursive_mixed	256	5	0	1	2	1	runs/correctness_fuzz/random_recursive_mixed/n256/seed5_L0_Q1	random_recursive_mixed/n256/seed5_L0_Q1
859	1	correctness_fuzz	random_recursive_mixed	256	5	1	0	2	1	runs/correctness_fuzz/random_recursive_mixed/n256/seed5_L1_Q0	random_recursive_mixed/n256/seed5_L1_Q0
860	1	correctness_fuzz	random_recursive_mixed	256	5	1	1	2	1	runs/correctness_fuzz/random_recursive_mixed/n256/seed5_L1_Q1	random_recursive_mixed/n256/seed5_L1_Q1
861	1	correctness_fuzz	random_recursive_mixed	512	1	0	0	2	1	runs/correctness_fuzz/random_recursive_mixed/n512/seed1_L0_Q0	random_recursive_mixed/n512/seed1_L0_Q0
862	1	correctness_fuzz	random_recursive_mixed	512	1	0	1	2	1	runs/correctness_fuzz/random_recursive_mixed/n512/seed1_L0_Q1	random_recursive_mixed/n512/seed1_L0_Q1
863	1	correctness_fuzz	random_recursive_mixed	512	1	1	0	2	1	runs/correctness_fuzz/random_recursive_mixed/n512/seed1_L1_Q0	random_recursive_mixed/n512/seed1_L1_Q0
864	1	correctness_fuzz	random_recursive_mixed	512	1	1	1	2	1	runs/correctness_fuzz/random_recursive_mixed/n512/seed1_L1_Q1	random_recursive_mixed/n512/seed1_L1_Q1
865	1	correctness_fuzz	random_recursive_mixed	512	2	0	0	2	1	runs/correctness_fuzz/random_recursive_mixed/n512/seed2_L0_Q0	random_recursive_mixed/n512/seed2_L0_Q0
866	1	correctness_fuzz	random_recursive_mixed	512	2	0	1	2	1	runs/correctness_fuzz/random_recursive_mixed/n512/seed2_L0_Q1	random_recursive_mixed/n512/seed2_L0_Q1
867	1	correctness_fuzz	random_recursive_mixed	512	2	1	0	2	1	runs/correctness_fuzz/random_recursive_mixed/n512/seed2_L1_Q0	random_recursive_mixed/n512/seed2_L1_Q0
868	1	correctness_fuzz	random_recursive_mixed	512	2	1	1	2	1	runs/correctness_fuzz/random_recursive_mixed/n512/seed2_L1_Q1	random_recursive_mixed/n512/seed2_L1_Q1
869	1	correctness_fuzz	random_recursive_mixed	512	3	0	0	2	1	runs/correctness_fuzz/random_recursive_mixed/n512/seed3_L0_Q0	random_recursive_mixed/n512/seed3_L0_Q0
870	1	correctness_fuzz	random_recursive_mixed	512	3	0	1	2	1	runs/correctness_fuzz/random_recursive_mixed/n512/seed3_L0_Q1	random_recursive_mixed/n512/seed3_L0_Q1
871	1	correctness_fuzz	random_recursive_mixed	512	3	1	0	2	1	runs/correctness_fuzz/random_recursive_mixed/n512/seed3_L1_Q0	random_recursive_mixed/n512/seed3_L1_Q0
872	1	correctness_fuzz	random_recursive_mixed	512	3	1	1	2	1	runs/correctness_fuzz/random_recursive_mixed/n512/seed3_L1_Q1	random_recursive_mixed/n512/seed3_L1_Q1
873	1	correctness_fuzz	random_recursive_mixed	512	4	0	0	2	1	runs/correctness_fuzz/random_recursive_mixed/n512/seed4_L0_Q0	random_recursive_mixed/n512/seed4_L0_Q0
874	1	correctness_fuzz	random_recursive_mixed	512	4	0	1	2	1	runs/correctness_fuzz/random_recursive_mixed/n512/seed4_L0_Q1	random_recursive_mixed/n512/seed4_L0_Q1
875	1	correctness_fuzz	random_recursive_mixed	512	4	1	0	2	1	runs/correctness_fuzz/random_recursive_mixed/n512/seed4_L1_Q0	random_recursive_mixed/n512/seed4_L1_Q0
876	1	correctness_fuzz	random_recursive_mixed	512	4	1	1	2	1	runs/correctness_fuzz/random_recursive_mixed/n512/seed4_L1_Q1	random_recursive_mixed/n512/seed4_L1_Q1
877	1	correctness_fuzz	random_recursive_mixed	512	5	0	0	2	1	runs/correctness_fuzz/random_recursive_mixed/n512/seed5_L0_Q0	random_recursive_mixed/n512/seed5_L0_Q0
878	1	correctness_fuzz	random_recursive_mixed	512	5	0	1	2	1	runs/correctness_fuzz/random_recursive_mixed/n512/seed5_L0_Q1	random_recursive_mixed/n512/seed5_L0_Q1
879	1	correctness_fuzz	random_recursive_mixed	512	5	1	0	2	1	runs/correctness_fuzz/random_recursive_mixed/n512/seed5_L1_Q0	random_recursive_mixed/n512/seed5_L1_Q0
880	1	correctness_fuzz	random_recursive_mixed	512	5	1	1	2	1	runs/correctness_fuzz/random_recursive_mixed/n512/seed5_L1_Q1	random_recursive_mixed/n512/seed5_L1_Q1
881	1	correctness_fuzz	random_recursive_mixed	1024	1	0	0	2	1	runs/correctness_fuzz/random_recursive_mixed/n1024/seed1_L0_Q0	random_recursive_mixed/n1024/seed1_L0_Q0
882	1	correctness_fuzz	random_recursive_mixed	1024	1	0	1	2	1	runs/correctness_fuzz/random_recursive_mixed/n1024/seed1_L0_Q1	random_recursive_mixed/n1024/seed1_L0_Q1
883	1	correctness_fuzz	random_recursive_mixed	1024	1	1	0	2	1	runs/correctness_fuzz/random_recursive_mixed/n1024/seed1_L1_Q0	random_recursive_mixed/n1024/seed1_L1_Q0
884	1	correctness_fuzz	random_recursive_mixed	1024	1	1	1	2	1	runs/correctness_fuzz/random_recursive_mixed/n1024/seed1_L1_Q1	random_recursive_mixed/n1024/seed1_L1_Q1
885	1	correctness_fuzz	random_recursive_mixed	1024	2	0	0	2	1	runs/correctness_fuzz/random_recursive_mixed/n1024/seed2_L0_Q0	random_recursive_mixed/n1024/seed2_L0_Q0
886	1	correctness_fuzz	random_recursive_mixed	1024	2	0	1	2	1	runs/correctness_fuzz/random_recursive_mixed/n1024/seed2_L0_Q1	random_recursive_mixed/n1024/seed2_L0_Q1
887	1	correctness_fuzz	random_recursive_mixed	1024	2	1	0	2	1	runs/correctness_fuzz/random_recursive_mixed/n1024/seed2_L1_Q0	random_recursive_mixed/n1024/seed2_L1_Q0
888	1	correctness_fuzz	random_recursive_mixed	1024	2	1	1	2	1	runs/correctness_fuzz/random_recursive_mixed/n1024/seed2_L1_Q1	random_recursive_mixed/n1024/seed2_L1_Q1
889	1	correctness_fuzz	random_recursive_mixed	1024	3	0	0	2	1	runs/correctness_fuzz/random_recursive_mixed/n1024/seed3_L0_Q0	random_recursive_mixed/n1024/seed3_L0_Q0
890	1	correctness_fuzz	random_recursive_mixed	1024	3	0	1	2	1	runs/correctness_fuzz/random_recursive_mixed/n1024/seed3_L0_Q1	random_recursive_mixed/n1024/seed3_L0_Q1
891	1	correctness_fuzz	random_recursive_mixed	1024	3	1	0	2	1	runs/correctness_fuzz/random_recursive_mixed/n1024/seed3_L1_Q0	random_recursive_mixed/n1024/seed3_L1_Q0
892	1	correctness_fuzz	random_recursive_mixed	1024	3	1	1	2	1	runs/correctness_fuzz/random_recursive_mixed/n1024/seed3_L1_Q1	random_recursive_mixed/n1024/seed3_L1_Q1
893	1	correctness_fuzz	random_recursive_mixed	1024	4	0	0	2	1	runs/correctness_fuzz/random_recursive_mixed/n1024/seed4_L0_Q0	random_recursive_mixed/n1024/seed4_L0_Q0
894	1	correctness_fuzz	random_recursive_mixed	1024	4	0	1	2	1	runs/correctness_fuzz/random_recursive_mixed/n1024/seed4_L0_Q1	random_recursive_mixed/n1024/seed4_L0_Q1
895	1	correctness_fuzz	random_recursive_mixed	1024	4	1	0	2	1	runs/correctness_fuzz/random_recursive_mixed/n1024/seed4_L1_Q0	random_recursive_mixed/n1024/seed4_L1_Q0
896	1	correctness_fuzz	random_recursive_mixed	1024	4	1	1	2	1	runs/correctness_fuzz/random_recursive_mixed/n1024/seed4_L1_Q1	random_recursive_mixed/n1024/seed4_L1_Q1
897	1	correctness_fuzz	random_recursive_mixed	1024	5	0	0	2	1	runs/correctness_fuzz/random_recursive_mixed/n1024/seed5_L0_Q0	random_recursive_mixed/n1024/seed5_L0_Q0
898	1	correctness_fuzz	random_recursive_mixed	1024	5	0	1	2	1	runs/correctness_fuzz/random_recursive_mixed/n1024/seed5_L0_Q1	random_recursive_mixed/n1024/seed5_L0_Q1
899	1	correctness_fuzz	random_recursive_mixed	1024	5	1	0	2	1	runs/correctness_fuzz/random_recursive_mixed/n1024/seed5_L1_Q0	random_recursive_mixed/n1024/seed5_L1_Q0
900	1	correctness_fuzz	random_recursive_mixed	1024	5	1	1	2	1	runs/correctness_fuzz/random_recursive_mixed/n1024/seed5_L1_Q1	random_recursive_mixed/n1024/seed5_L1_Q1
