[2026-03-26 00:29:18 KST] attempt 1 start: .ouroboros/seed_branch3_progress40_research_loop.yaml
artifacts/lca_tree_stress_v5/retry_loop/attempt_001_20260326_002918/git_repo_health_pre_attempt.md
[2m2026-03-25T15:29:48.884269Z[0m [[32m[1minfo     [0m] [1mcodex_cli_runtime.initialized [0m [36mcli_path[0m=[35m/opt/homebrew/bin/codex[0m [36mcwd[0m=[35m'/Users/free_1/Library/Mobile Documents/iCloud~md~obsidian/Documents/cpp-checker/branch_3'[0m [36mfilename[0m=[35mcodex_cli_runtime.py[0m [36mlineno[0m=[35m106[0m [36mmodel[0m=[35mNone[0m [36mpermission_mode[0m=[35macceptEdits[0m [36mskills_dir[0m=[35mpackaged://ouroboros.codex/skills[0m
╭──────────────────────── [1mInfo[0m ────────────────────────╮
│ Parallel mode: independent ACs will run concurrently │
╰──────────────────────────────────────────────────────╯
[2m2026-03-25T15:29:48.889252Z[0m [[32m[1minfo     [0m] [1morchestrator.session.created  [0m [36mexecution_id[0m=[35mexec_19e8677de11e[0m [36mfilename[0m=[35msession.py[0m [36mlineno[0m=[35m455[0m [36msession_id[0m=[35morch_1736140fd0df[0m

Analyzing AC dependencies...
Execution plan: [1m5[0m stages, parallelizable: [3mTrue[0m
  Stage [1m1[0m: ACs [1m[[0m[1m1[0m, [1m2[0m, [1m8[0m[1m][0m
  Stage [1m2[0m: ACs [1m[[0m[1m3[0m[1m][0m
  Stage [1m3[0m: ACs [1m[[0m[1m4[0m, [1m5[0m[1m][0m
  Stage [1m4[0m: ACs [1m[[0m[1m6[0m[1m][0m
  Stage [1m5[0m: ACs [1m[[0m[1m7[0m[1m][0m

Level [1m1[0m/[1m5[0m: Executing ACs [1m[[0m[1m1[0m, [1m2[0m, [1m8[0m[1m][0m in parallel
  [2mAC [0m[1;2m1[0m[2m: Analyzing complexity[0m[2m...[0m
  [2mAC [0m[1;2m2[0m[2m: Analyzing complexity[0m[2m...[0m
  [2mAC [0m[1;2m8[0m[2m: Analyzing complexity[0m[2m...[0m
  AC [1m2[0m → Decomposed into [1m4[0m Sub-ACs [1m([0mparallel[1m)[0m
    Starting [1m4[0m Sub-ACs sequentially...
  AC [1m1[0m → Decomposed into [1m2[0m Sub-ACs [1m([0mparallel[1m)[0m
    Starting [1m2[0m Sub-ACs sequentially...
  AC [1m8[0m → Bash: /bin/zsh -lc 'rg --files'
  AC [1m8[0m → Bash: /bin/zsh -lc 'rg -n "[1m([0m/tmp|mktemp|tempfile|artifacts|arti...
    Sub-AC [1m1[0m of AC [1m2[0m → Bash: /bin/zsh -lc "sed -n '1,240p' lca_smoke.sh"
    Sub-AC [1m1[0m of AC [1m2[0m → Bash: /bin/zsh -lc "sed -n '1,260p' artifact_paths.py"
    Sub-AC [1m1[0m of AC [1m2[0m → Bash: /bin/zsh -lc "find artifacts -maxdepth [1m3[0m \\[1m([0m -type 
f -o -...
    Sub-AC [1m1[0m of AC [1m2[0m → Bash: /bin/zsh -lc "pwd && rg --files . | rg 
'("'^'"\\./[1m)[0m?[1m([0mlca_...
  AC [1m8[0m → Bash: /bin/zsh -lc "sed -n '1,220p' build.sh"
  AC [1m8[0m → Bash: /bin/zsh -lc "sed -n '1,240p' artifact_paths.py"
  AC [1m8[0m → Bash: /bin/zsh -lc "sed -n '1,260p' build.py"
  AC [1m8[0m → Bash: /bin/zsh -lc "sed -n '1,260p' solver_release_env.sh"
  AC [1m8[0m → Bash: /bin/zsh -lc "sed -n '1,260p' outer_suite_wrappers/lca_bo...
  AC [1m8[0m → Bash: /bin/zsh -lc "sed -n '1,260p' branch_run_case.py"
    Sub-AC [1m1[0m of AC [1m1[0m → Bash: /bin/zsh -lc 'rg --files .'
    Sub-AC [1m1[0m of AC [1m2[0m → Bash: /bin/zsh -lc "sed -n '1,340p' branch_run_case.py"
    Sub-AC [1m1[0m of AC [1m2[0m → Bash: /bin/zsh -lc "sed -n '1,320p' 
outer_suite_wrappers/lca_sm...
    Sub-AC [1m1[0m of AC [1m2[0m → Bash: /bin/zsh -lc "sed -n '1,320p' 
outer_suite_wrappers/lca_sm...
    Sub-AC [1m1[0m of AC [1m2[0m → Bash: /bin/zsh -lc "sed -n '1,280p' build.sh"
    Sub-AC [1m1[0m of AC [1m2[0m → Bash: /bin/zsh -lc "sed -n '321,640p' 
outer_suite_wrappers/lca_...
    Sub-AC [1m1[0m of AC [1m2[0m → Bash: /bin/zsh -lc "sed -n '641,980p' 
outer_suite_wrappers/lca_...
    Sub-AC [1m1[0m of AC [1m2[0m → Bash: /bin/zsh -lc 'rg -n 
"clear_stale_state|cleanup|publish_ou...
  AC [1m8[0m → Bash: /bin/zsh -lc "sed -n '1,260p' outer_suite_wrappers/lca_sm...
  AC [1m8[0m → Bash: /bin/zsh -lc "sed -n '1,260p' outer_suite_wrappers/lca_hu...
  AC [1m8[0m → Bash: /bin/zsh -lc "sed -n '1,260p' outer_suite_wrappers/lca_re...
  AC [1m8[0m → Bash: /bin/zsh -lc "sed -n '1,260p' boj28350_resume.py"
  AC [1m8[0m → Bash: /bin/zsh -lc "sed -n '1,280p' outer_suite_wrappers/lca_st...
  AC [1m8[0m → Bash: /bin/zsh -lc "sed -n '1,260p' suite_utils.py"
    Sub-AC [1m1[0m of AC [1m2[0m → Bash: /bin/zsh -lc "sed -n '2200,2350p' 
outer_suite_wrappers/lc...
    Sub-AC [1m1[0m of AC [1m2[0m → Bash: /bin/zsh -lc 'rg -n 
"smoke_latest_failure|latest_failure_...
  AC [1m8[0m → Bash: /bin/zsh -lc "sed -n '280,520p' outer_suite_wrappers/lca_...
    Sub-AC [1m1[0m of AC [1m1[0m → Bash: /bin/zsh -lc "sed -n '1,260p' 
boj28350_resume/next_sessio...
    Sub-AC [1m1[0m of AC [1m1[0m → Bash: /bin/zsh -lc 'wc -l README.md 
boj28350_resume/README.md b...
    Sub-AC [1m1[0m of AC [1m1[0m → Bash: /bin/zsh -lc "sed -n '1,260p' 
boj28350_resume/current_sta...
    Sub-AC [1m1[0m of AC [1m1[0m → Bash: /bin/zsh -lc "sed -n '1,220p' 
boj28350_resume/README.md"
  AC [1m8[0m → Bash: /bin/zsh -lc 'ls -l boj28350_resume/solve artifacts/boj28...
    Sub-AC [1m1[0m of AC [1m2[0m → Bash: /bin/zsh -lc 'rg -n "ac2|smoke 
wrapper|repeat|rerun|known...
    Sub-AC [1m1[0m of AC [1m2[0m → Bash: /bin/zsh -lc "sed -n '1,240p' 
artifacts/lca_tree_stress_v...
    Sub-AC [1m1[0m of AC [1m2[0m → Bash: /bin/zsh -lc "sed -n '1,260p' 
artifacts/lca_tree_stress_v...
    Sub-AC [1m1[0m of AC [1m2[0m → Bash: /bin/zsh -lc "find 
artifacts/lca_tree_stress_v5/diag/lca_...
    Sub-AC [1m1[0m of AC [1m1[0m → Bash: /bin/zsh -lc "sed -n '1,220p' 
boj28350_literature_progres...
    Sub-AC [1m1[0m of AC [1m1[0m → Bash: /bin/zsh -lc "sed -n '1,280p' 
literature_grade_proof_pack...
    Sub-AC [1m1[0m of AC [1m1[0m → Bash: /bin/zsh -lc "rg -n 
'"'^##|''^###|pre-rewrite|checkpoint|...
    Sub-AC [1m1[0m of AC [1m1[0m → Bash: /bin/zsh -lc "sed -n '261,520p' 
boj28350_resume/next_sess...
  AC [1m8[0m → Bash: /bin/zsh -lc "sed -n '1,220p' boj28350_resume/solve"
  AC [1m8[0m → Bash: /bin/zsh -lc "rg -n \"boj28350_resume/solve|artifacts/boj...
    Sub-AC [1m1[0m of AC [1m2[0m → Bash: /bin/zsh -lc "sed -n '1,220p' 
artifacts/lca_tree_stress_v...
    Sub-AC [1m1[0m of AC [1m2[0m → Bash: /bin/zsh -lc "sed -n '1,220p' 
artifacts/lca_tree_stress_v...
    Sub-AC [1m1[0m of AC [1m2[0m → Bash: /bin/zsh -lc "sed -n '1,200p' 
outer_suite_wrappers/README...
    Sub-AC [1m1[0m of AC [1m2[0m → Bash: /bin/zsh -lc "sed -n '1,220p' README.md"
    Sub-AC [1m1[0m of AC [1m1[0m → Bash: /bin/zsh -lc "sed -n '1,220p' 
boj28350_resume/progress40_...
    Sub-AC [1m1[0m of AC [1m1[0m → Bash: /bin/zsh -lc "sed -n '1,220p' README.md"
    Sub-AC [1m1[0m of AC [1m1[0m → Bash: /bin/zsh -lc "sed -n '1,220p' 
boj28350_bundle_archive/boj...
    Sub-AC [1m1[0m of AC [1m1[0m → Bash: /bin/zsh -lc "rg -n 
'"'^##|''^###|progress40|zero-span|la...
  AC [1m8[0m → Bash: /bin/zsh -lc "rg -n \"tempfile\\.|mkstemp\\[1m([0m|mkdtemp\\[1m([0m|N...
  AC [1m8[0m → Bash: /bin/zsh -lc "rg -n \"write_text\\[1m([0m|open\\[1m([0m.*[1m[[0m'\\\"[1m][0mw|jso...
    Sub-AC [1m1[0m of AC [1m2[0m → Bash: /bin/zsh -lc "sed -n '2025,2105p' 
outer_suite_wrappers/lc...
    Sub-AC [1m1[0m of AC [1m2[0m → Bash: /bin/zsh -lc "sed -n '2025,2105p' 
artifacts/lca_tree_stre...
    Sub-AC [1m1[0m of AC [1m2[0m → Bash: /bin/zsh -lc "rg -n \"known solver state|stale 
smoke buil...
    Sub-AC [1m1[0m of AC [1m2[0m → Bash: /bin/zsh -lc "find 
artifacts/lca_tree_stress_v5/smoke -ma...
  AC [1m8[0m → Bash: /bin/zsh -lc "sed -n '1,180p' README.md"
  AC [1m8[0m → Bash: /bin/zsh -lc "sed -n '1,220p' run.sh"
    Sub-AC [1m1[0m of AC [1m1[0m → Bash: /bin/zsh -lc "sed -n '74,120p' 
boj28350_integrated_techni...
    Sub-AC [1m1[0m of AC [1m1[0m → Bash: /bin/zsh -lc "sed -n '232,320p' 
boj28350_integrated_techn...
    Sub-AC [1m1[0m of AC [1m1[0m → Bash: /bin/zsh -lc "sed -n '475,520p' 
boj28350_integrated_techn...
    Sub-AC [1m1[0m of AC [1m1[0m → Bash: /bin/zsh -lc "sed -n '3722,3818p' 
boj28350_complete_maste...
    Sub-AC [1m1[0m of AC [1m1[0m → Bash: /bin/zsh -lc "rg -n 'base_source|zero-span 
eligibility|la...
    Sub-AC [1m1[0m of AC [1m2[0m → Bash: /bin/zsh -lc "sed -n '1185,1315p' 
outer_suite_wrappers/lc...
    Sub-AC [1m1[0m of AC [1m2[0m → Bash: /bin/zsh -lc "sed -n '1040,1185p' 
outer_suite_wrappers/lc...
    Sub-AC [1m1[0m of AC [1m2[0m → Bash: /bin/zsh -lc "sed -n '1315,1465p' 
outer_suite_wrappers/lc...
  AC [1m8[0m → Bash: /bin/zsh -lc "sed -n '1,260p' outer_suite_wrappers/lca_sm...
    Sub-AC [1m1[0m of AC [1m2[0m → Bash: /bin/zsh -lc 'git diff -- 
outer_suite_wrappers/lca_smoke....
    Sub-AC [1m1[0m of AC [1m1[0m → Bash: /bin/zsh -lc "sed -n '1,120p' 
boj28350_resume/boj28350_br...
    Sub-AC [1m1[0m of AC [1m1[0m → Bash: /bin/zsh -lc 'ls [1m-1[0m 
artifacts/lca_tree_stress_v5/retry_lo...
  AC [1m8[0m → Bash: /bin/zsh -lc "sed -n '260,520p' outer_suite_wrappers/lca_...
  AC [1m8[0m → Bash: /bin/zsh -lc "sed -n '1,220p' lca_hunt.sh"
    Sub-AC [1m1[0m of AC [1m1[0m → Bash: /bin/zsh -lc "rg -n 
'ENABLE_PACK_ENCODE_NORMALIZE_OPT|ENA...
    Sub-AC [1m1[0m of AC [1m1[0m → Bash: /bin/zsh -lc "sed -n '1,80p' 
boj28350_bundle_archive/boj2...
  AC [1m8[0m → Bash: /bin/zsh -lc "sed -n '300,420p' branch_gen_case.py"
    Sub-AC [1m1[0m of AC [1m2[0m → Bash: /bin/zsh -lc "sed -n '1,260p' 
solver_release_env.sh"
    Sub-AC [1m1[0m of AC [1m2[0m → Bash: /bin/zsh -lc "sed -n '1,360p' boj28350_resume.py"
    Sub-AC [1m1[0m of AC [1m2[0m → Bash: /bin/zsh -lc "sed -n '1,220p' 
artifacts/lca_tree_stress_v...
  AC [1m8[0m → Bash: /bin/zsh -lc "sed -n '1,80p' branch_gen_case.py"
  AC [1m8[0m → Bash: /bin/zsh -lc "find . -maxdepth [1m3[0m \\[1m([0m -path './artifacts' ...
  AC [1m8[0m → Bash: /bin/zsh -lc "find . -maxdepth [1m2[0m \\[1m([0m -path './artifacts' ...
    Sub-AC [1m1[0m of AC [1m2[0m → Bash: /bin/zsh -lc "find 
artifacts/lca_tree_stress_v5/smoke_rep...
  AC [1m8[0m → Bash: /bin/zsh -lc "rg -n \"__pycache__|\\.pyc|artifacts\" .git...
    Sub-AC [1m1[0m of AC [1m2[0m → Bash: /bin/zsh -lc "rg -n \"Sub-AC [1m1[0m|AC [1m2[0m|run 
environment|known...
  AC [1m8[0m → Bash: /bin/zsh -lc 'ls -la'
    Sub-AC [1m1[0m of AC [1m1[0m → Bash: /bin/zsh -lc 'git status --short'
    Sub-AC [1m1[0m of AC [1m2[0m → Bash: /bin/zsh -lc 'rg -n "Sub-AC [1m1[0m|Sub-AC [1m2[0m|Sub-AC 
[1m3[0m|Sub-AC [1m4[0m|...
    Sub-AC [1m1[0m of AC [1m2[0m → Bash: /bin/zsh -lc 'rg -n "stable enough to support 
further ite...
    Sub-AC [1m1[0m of AC [1m2[0m → Bash: /bin/zsh -lc 'find 
artifacts/lca_tree_stress_v5/smoke -ma...
    Sub-AC [1m1[0m of AC [1m2[0m → Bash: /bin/zsh -lc 'find 
artifacts/lca_tree_stress_v5/smoke -ma...
  AC [1m8[0m → Bash: /bin/zsh -lc "sed -n '1,220p' smoke.sh"
    Sub-AC [1m1[0m of AC [1m2[0m → Bash: /bin/zsh -lc ./lca_smoke.sh
    Sub-AC [1m2[0m of AC [1m1[0m → Bash: /bin/zsh -lc pwd
    Sub-AC [1m2[0m of AC [1m1[0m → Bash: /bin/zsh -lc "rg --files . | rg 
'progress40|bundle_archiv...
  AC [1m8[0m → Bash: /bin/zsh -lc "sed -n '1,120p' lca_smoke_repeatability.sh"
  AC [1m8[0m → Bash: /bin/zsh -lc "rg -n \"python3 |python3\\"'$|python3 '"\\\...
    Sub-AC [1m2[0m of AC [1m1[0m → Bash: /bin/zsh -lc "sed -n '1,220p' 
boj28350_resume/progress40_...
    Sub-AC [1m2[0m of AC [1m1[0m → Bash: /bin/zsh -lc "sed -n '1,260p' 
boj28350_bundle_archive/boj...
    Sub-AC [1m2[0m of AC [1m1[0m → Bash: /bin/zsh -lc "sed -n '1,260p' 
boj28350_bundle_archive/ARC...
    Sub-AC [1m2[0m of AC [1m1[0m → Bash: /bin/zsh -lc "python3 - <<'PY'
import json, pathlib
p=pat...
  AC [1m8[0m → Bash: /bin/zsh -lc "sed -n '320,460p' outer_suite_wrappers/lca_...
    Sub-AC [1m2[0m of AC [1m1[0m → Bash: /bin/zsh -lc "sed -n '1,220p' 
boj28350_bundle_archive/boj...
    Sub-AC [1m2[0m of AC [1m1[0m → Bash: /bin/zsh -lc 'rg -n 
"ENABLE_|time_lgate_|lgate_|layout si...
    Sub-AC [1m2[0m of AC [1m1[0m → Bash: /bin/zsh -lc "python3 - <<'PY'
import json, pathlib
p=pat...
    Sub-AC [1m2[0m of AC [1m1[0m → Bash: /bin/zsh -lc "sed -n '8890,8898p' 
boj28350_bundle_archive...
    Sub-AC [1m2[0m of AC [1m1[0m → Bash: /bin/zsh -lc "sed -n '1028,1056p' 
boj28350_bundle_archive...
    Sub-AC [1m2[0m of AC [1m1[0m → Bash: /bin/zsh -lc "sed -n '16720,16752p' 
boj28350_bundle_archi...
    Sub-AC [1m2[0m of AC [1m1[0m → Bash: /bin/zsh -lc "sed -n '8770,8815p' 
boj28350_bundle_archive...
    Sub-AC [1m2[0m of AC [1m1[0m → Bash: /bin/zsh -lc "sed -n '1,260p' 
boj28350_bundle_archive/boj...
    Sub-AC [1m2[0m of AC [1m1[0m → Bash: /bin/zsh -lc "sed -n '1,240p' 
boj28350_bundle_archive/boj...
    Sub-AC [1m2[0m of AC [1m1[0m → Bash: /bin/zsh -lc "sed -n '260,420p' 
boj28350_bundle_archive/b...
    Sub-AC [1m2[0m of AC [1m1[0m → Bash: /bin/zsh -lc 'rg -n 
"progress40|zero-span|layout-gate|sha...
    Sub-AC [1m2[0m of AC [1m1[0m → Bash: /bin/zsh -lc "nl -ba 
boj28350_bundle_archive/boj28350_pro...
    Sub-AC [1m2[0m of AC [1m1[0m → Bash: /bin/zsh -lc "nl -ba 
boj28350_bundle_archive/boj28350_cur...
    Sub-AC [1m2[0m of AC [1m1[0m → Bash: /bin/zsh -lc "nl -ba 
boj28350_bundle_archive/boj28350_lit...
    Sub-AC [1m2[0m of AC [1m1[0m → Bash: /bin/zsh -lc "nl -ba 
boj28350_bundle_archive/boj28350_nex...
  AC [1m8[0m → Bash: /bin/zsh -lc "sed -n '1,60p' branch_certify_suite.py"
  AC [1m8[0m → Bash: /bin/zsh -lc "sed -n '1,60p' branch_validator.py"
  AC [1m8[0m → Bash: /bin/zsh -lc "sed -n '1,60p' branch_run_case.py"
  AC [1m8[0m → Bash: /bin/zsh -lc "sed -n '1,60p' build.py"
  AC [1m8[0m → Bash: /bin/zsh -lc "sed -n '1,60p' boj28350_resume.py"
  AC [1m8[0m → Bash: /bin/zsh -lc "sed -n '1,60p' branch_gen_case.py"
  AC [1m8[0m → Bash: /bin/zsh -lc 'git status --short'
    Sub-AC [1m1[0m of AC [1m2[0m → Bash: /bin/zsh -lc 'git status --short'
    Sub-AC [1m1[0m of AC [1m2[0m → Edit: /Users/free_1/Library/Mobile 
Documents/iCloud~md~obsidian...
    Sub-ACs completed: [1m2[0m/[1m2[0m succeeded
    Sub-AC [1m1[0m of AC [1m2[0m → Bash: /bin/zsh -lc "sed -n '430,520p' 
outer_suite_wrappers/lca_...
    Sub-AC [1m1[0m of AC [1m2[0m → Bash: /bin/zsh -lc 'bash -n 
outer_suite_wrappers/lca_smoke.sh &...
    Sub-AC [1m1[0m of AC [1m2[0m → Bash: /bin/zsh -lc ./lca_smoke.sh
    Sub-AC [1m1[0m of AC [1m2[0m → Bash: /bin/zsh -lc "sed -n '1,220p' 
artifacts/lca_tree_stress_v...
    Sub-AC [1m1[0m of AC [1m2[0m → Bash: /bin/zsh -lc "find 
artifacts/lca_tree_stress_v5/smoke -ma...
    Sub-AC [1m1[0m of AC [1m2[0m → Bash: /bin/zsh -lc "find artifacts/lca_tree_stress_v5 
-maxdepth...
    Sub-AC [1m1[0m of AC [1m2[0m → Bash: /bin/zsh -lc "python3 - <<'PY'
from pathlib import Path
i...
  AC [1m8[0m → Edit: /Users/free_1/Library/Mobile Documents/iCloud~md~obsidian...
    Sub-AC [1m1[0m of AC [1m2[0m → Bash: /bin/zsh -lc "find 
artifacts/lca_tree_stress_v5/.locks -m...
    Sub-AC [1m1[0m of AC [1m2[0m → Bash: /bin/zsh -lc "find 
artifacts/lca_tree_stress_v5/.tmp -max...
    Sub-AC [1m1[0m of AC [1m2[0m → Bash: /bin/zsh -lc 'test ! -e 
artifacts/lca_tree_stress_v5/smok...
  AC [1m8[0m → Bash: /bin/zsh -lc "sed -n '1,220p' artifact_paths.py"
  AC [1m8[0m → Bash: /bin/zsh -lc "sed -n '1,80p' build.py"
  AC [1m8[0m → Bash: /bin/zsh -lc "sed -n '1,90p' branch_certify_suite.py"
  AC [1m8[0m → Bash: /bin/zsh -lc "sed -n '1,90p' branch_gen_case.py"
  AC [1m8[0m → Bash: /bin/zsh -lc "sed -n '1,90p' branch_run_case.py"
  AC [1m8[0m → Bash: /bin/zsh -lc "sed -n '1,120p' outer_suite_wrappers/lca_sm...
    Sub-AC [1m1[0m of AC [1m2[0m → Bash: /bin/zsh -lc ./lca_smoke.sh
  AC [1m8[0m → Bash: /bin/zsh -lc 'bash -n outer_suite_wrappers/lca_smoke_repe...
  AC [1m8[0m → Bash: /bin/zsh -lc 'python3 branch_gen_case.py --list-modes >/d...
  AC [1m8[0m → Bash: /bin/zsh -lc 'python3 boj28350_resume.py smoke --help >/d...
  AC [1m8[0m → Bash: /bin/zsh -lc "find . -maxdepth [1m2[0m \\[1m([0m -path './artifacts' ...
  AC [1m8[0m → Bash: /bin/zsh -lc "find . -maxdepth [1m3[0m \\[1m([0m -path './artifacts' ...
    Sub-AC [1m1[0m of AC [1m2[0m → Bash: /bin/zsh -lc "python3 - <<'PY'
from pathlib import Path
i...
    Sub-AC [1m1[0m of AC [1m2[0m → Bash: /bin/zsh -lc 'test ! -e 
artifacts/lca_tree_stress_v5/smok...
    Sub-AC [1m1[0m of AC [1m2[0m → Bash: /bin/zsh -lc 'git diff -- 
outer_suite_wrappers/lca_smoke.sh'
  AC [1m8[0m → Bash: /bin/zsh -lc 'git diff -- artifact_paths.py build.py bran...
    Sub-AC [1m1[0m of AC [1m2[0m → Bash: /bin/zsh -lc "nl -ba 
outer_suite_wrappers/lca_smoke.sh | ...
    Sub-AC [1m1[0m of AC [1m2[0m → Bash: /bin/zsh -lc "nl -ba 
outer_suite_wrappers/lca_smoke.sh | ...
  AC [1m8[0m → Bash: /bin/zsh -lc "nl -ba branch_run_case.py | sed -n '1,40p'"
  AC [1m8[0m → Bash: /bin/zsh -lc "nl -ba build.py | sed -n '1,40p'"
  AC [1m8[0m → Bash: /bin/zsh -lc "nl -ba artifact_paths.py | sed -n '1,180p'"
  AC [1m8[0m → Bash: /bin/zsh -lc "nl -ba branch_gen_case.py | sed -n '1,40p'"
  AC [1m8[0m → Bash: /bin/zsh -lc "nl -ba branch_certify_suite.py | sed -n '[1m1[0m,...
  AC [1m8[0m → Bash: /bin/zsh -lc "nl -ba boj28350_resume.py | sed -n '1,40p'"
  AC [1m8[0m → Bash: /bin/zsh -lc "nl -ba outer_suite_wrappers/lca_smoke_repea...
  AC [1m8[0m → Bash: /bin/zsh -lc "rg -n \"source \\\"\\"'$RELEASE_ENV'"\\\"|r...
  AC [1m8[0m → Bash: /bin/zsh -lc "rg -n \"RELEASE_ENV|source \\\"\" outer_sui...
    Sub-AC [1m2[0m of AC [1m2[0m → Bash: /bin/zsh -lc "sed -n '1,220p' lca_smoke.sh"
    Sub-AC [1m2[0m of AC [1m2[0m → Bash: /bin/zsh -lc "if [1m[[0m -f 
artifacts/lca_tree_stress_v5/retry_...
    Sub-AC [1m2[0m of AC [1m2[0m → Bash: /bin/zsh -lc "sed -n '1,220p' build.sh"
    Sub-AC [1m2[0m of AC [1m2[0m → Bash: /bin/zsh -lc "pwd && rg --files . | rg 
'("'^'"\\./[1m)[0m?[1m([0mlca_...
    Sub-AC [1m2[0m of AC [1m2[0m → Bash: /bin/zsh -lc "sed -n '1,260p' 
outer_suite_wrappers/lca_sm...
    Sub-AC [1m2[0m of AC [1m2[0m → Bash: /bin/zsh -lc "if [1m[[0m -f 
artifacts/lca_tree_stress_v5/retry_...
    Sub-AC [1m2[0m of AC [1m2[0m → Bash: /bin/zsh -lc "if [1m[[0m -f 
artifacts/lca_tree_stress_v5/retry_...
    Sub-AC [1m2[0m of AC [1m2[0m → Bash: /bin/zsh -lc "if [1m[[0m -f 
artifacts/lca_tree_stress_v5/diag/s...
    Sub-AC [1m2[0m of AC [1m2[0m → Bash: /bin/zsh -lc "sed -n '261,520p' 
outer_suite_wrappers/lca_...
    Sub-AC [1m2[0m of AC [1m2[0m → Bash: /bin/zsh -lc "sed -n '521,1040p' 
outer_suite_wrappers/lca...
    Sub-AC [1m2[0m of AC [1m2[0m → Bash: /bin/zsh -lc "sed -n '1041,1560p' 
outer_suite_wrappers/lc...
    Sub-AC [1m2[0m of AC [1m2[0m → Bash: /bin/zsh -lc "sed -n '1561,2080p' 
outer_suite_wrappers/lc...
    Sub-AC [1m2[0m of AC [1m2[0m → Bash: /bin/zsh -lc "sed -n '2081,2520p' 
outer_suite_wrappers/lc...
    Sub-AC [1m2[0m of AC [1m2[0m → Bash: /bin/zsh -lc "sed -n '1,220p' 
artifacts/lca_tree_stress_v...
    Sub-AC [1m2[0m of AC [1m2[0m → Bash: /bin/zsh -lc "sed -n '1,220p' 
artifacts/lca_tree_stress_v...
    Sub-AC [1m2[0m of AC [1m2[0m → Bash: /bin/zsh -lc "if [1m[[0m -f 
.ouroboros/failure_analysis_state.j...
    Sub-AC [1m2[0m of AC [1m2[0m → Bash: /bin/zsh -lc "rg -n \"stage-by-stage|exit 
code|build fail...
    Sub-AC [1m2[0m of AC [1m2[0m → Bash: /bin/zsh -lc "sed -n '1,220p' 
artifacts/lca_tree_stress_v...
    Sub-AC [1m2[0m of AC [1m2[0m → Bash: /bin/zsh -lc "sed -n '1,220p' 
artifacts/lca_tree_stress_v...
    Sub-AC [1m2[0m of AC [1m2[0m → Bash: /bin/zsh -lc "sed -n '1,220p' 
.ouroboros/failure_analysis...
    Sub-AC [1m2[0m of AC [1m2[0m → Bash: /bin/zsh -lc "sed -n '1,220p' 
.ouroboros/failure_analysis...
    Sub-AC [1m2[0m of AC [1m2[0m → Bash: /bin/zsh -lc "rg -n 
\"subac2|smoke_failure_reporting|lca_...
    Sub-AC [1m2[0m of AC [1m2[0m → Bash: /bin/zsh -lc "sed -n '1,220p' 
artifacts/lca_tree_stress_v...
    Sub-AC [1m2[0m of AC [1m2[0m → Bash: /bin/zsh -lc "sed -n '1,220p' 
artifacts/lca_tree_stress_v...
    Sub-AC [1m2[0m of AC [1m2[0m → Bash: /bin/zsh -lc "sed -n '1,220p' 
artifacts/lca_tree_stress_v...
    Sub-AC [1m2[0m of AC [1m2[0m → Bash: /bin/zsh -lc "sed -n '1,200p' 
artifacts/lca_tree_stress_v...
    Sub-AC [1m2[0m of AC [1m2[0m → Bash: /bin/zsh -lc "rg -n 
'\\bmapfile\\b|readarray|declare -[1m[[0maA...
    Sub-AC [1m2[0m of AC [1m2[0m → Bash: /bin/zsh -lc 'bash --version | head -n 1'
    Sub-AC [1m2[0m of AC [1m2[0m → Bash: /bin/zsh -lc 'bash -n 
outer_suite_wrappers/lca_smoke.sh'
    Sub-AC [1m2[0m of AC [1m2[0m → Bash: /bin/zsh -lc "bash -lc 'type mapfile >/dev/null 
[1m2[0m>&[1m1[0m; pri...
    Sub-AC [1m2[0m of AC [1m2[0m → Bash: /bin/zsh -lc "sed -n '1,220p' 
artifacts/lca_tree_stress_v...
    Sub-AC [1m2[0m of AC [1m2[0m → Bash: /bin/zsh -lc 'ls -R 
artifacts/lca_tree_stress_v5/diag/smo...
    Sub-AC [1m2[0m of AC [1m2[0m → Bash: /bin/zsh -lc "sed -n '1,220p' 
artifacts/lca_tree_stress_v...
    Sub-AC [1m2[0m of AC [1m2[0m → Bash: /bin/zsh -lc "rg -n \"stage-by-stage|exit 
semantics|build...
    Sub-AC [1m2[0m of AC [1m2[0m → Bash: /bin/zsh -lc "sed -n '1,240p' branch_run_case.py"
    Sub-AC [1m2[0m of AC [1m2[0m → Bash: /bin/zsh -lc "sed -n '1,120p' 
artifacts/lca_tree_stress_v...
    Sub-AC [1m2[0m of AC [1m2[0m → Bash: /bin/zsh -lc "sed -n '1,120p' 
artifacts/lca_tree_stress_v...
    Sub-AC [1m2[0m of AC [1m2[0m → Bash: /bin/zsh -lc "sed -n '1,120p' 
artifacts/lca_tree_stress_v...
    Sub-AC [1m2[0m of AC [1m2[0m → Bash: /bin/zsh -lc "sed -n '240,520p' branch_run_case.py"
    Sub-AC [1m2[0m of AC [1m2[0m → Bash: /bin/zsh -lc "sed -n '1,240p' 
artifacts/lca_tree_stress_v...
    Sub-AC [1m2[0m of AC [1m2[0m → Bash: /bin/zsh -lc 'ls 
artifacts/lca_tree_stress_v5/diag/subac3...
    Sub-AC [1m2[0m of AC [1m2[0m → Bash: /bin/zsh -lc "sed -n '1,220p' 
artifacts/lca_tree_stress_v...
    Sub-AC [1m2[0m of AC [1m2[0m → Bash: /bin/zsh -lc "sed -n '1,80p' 
artifacts/lca_tree_stress_v5...
    Sub-AC [1m2[0m of AC [1m2[0m → Bash: /bin/zsh -lc "sed -n '1,120p' 
boj28350_resume/smoke_cases...
    Sub-AC [1m2[0m of AC [1m2[0m → Bash: /bin/zsh -lc "nl -ba 
outer_suite_wrappers/lca_smoke.sh | ...
    Sub-AC [1m2[0m of AC [1m2[0m → Bash: /bin/zsh -lc "nl -ba 
outer_suite_wrappers/lca_smoke.sh | ...
    Sub-AC [1m2[0m of AC [1m2[0m → Edit: /Users/free_1/Library/Mobile 
Documents/iCloud~md~obsidian...
    Sub-AC [1m2[0m of AC [1m2[0m → Bash: /bin/zsh -lc "rg -n '\\bmapfile\\b|readarray' 
outer_suite...
    Sub-AC [1m2[0m of AC [1m2[0m → Bash: /bin/zsh -lc 'bash -n 
outer_suite_wrappers/lca_smoke.sh'
    Sub-AC [1m2[0m of AC [1m2[0m → Bash: /bin/zsh -lc "nl -ba 
outer_suite_wrappers/lca_smoke.sh | ...
    Sub-AC [1m2[0m of AC [1m2[0m → Bash: /bin/zsh -lc "nl -ba 
outer_suite_wrappers/lca_smoke.sh | ...
    Sub-AC [1m2[0m of AC [1m2[0m → Bash: /bin/zsh -lc 'rm -rf 
artifacts/lca_tree_stress_v5/diag/su...
    Sub-AC [1m2[0m of AC [1m2[0m → Bash: /bin/zsh -lc ./lca_smoke.sh
    Sub-AC [1m2[0m of AC [1m2[0m → Bash: /bin/zsh -lc 'mkdir -p 
artifacts/lca_tree_stress_v5/diag ...
    Sub-AC [1m2[0m of AC [1m2[0m → Edit: /Users/free_1/Library/Mobile 
Documents/iCloud~md~obsidian...
    Sub-AC [1m2[0m of AC [1m2[0m → Bash: /bin/zsh -lc '[1m([0mcd 
artifacts/lca_tree_stress_v5/diag/subac...
    Sub-AC [1m2[0m of AC [1m2[0m → Bash: /bin/zsh -lc "sed -n '1,120p' 
artifacts/lca_tree_stress_v...
    Sub-AC [1m2[0m of AC [1m2[0m → Bash: /bin/zsh -lc "sed -n '1,120p' 
artifacts/lca_tree_stress_v...
    Sub-AC [1m2[0m of AC [1m2[0m → Bash: /bin/zsh -lc 'root="$(pwd)"; export 
LCA_SMOKE_CLEAN_ENV_R...
    Sub-AC [1m2[0m of AC [1m2[0m → Bash: /bin/bash -c 'root="$(pwd)"; export 
LCA_SMOKE_CLEAN_ENV_R...
    Sub-AC [1m2[0m of AC [1m2[0m → Bash: /bin/bash -c 'tail -n 10 
outer_suite_wrappers/lca_smoke.sh'
    Sub-AC [1m2[0m of AC [1m2[0m → Bash: /bin/bash -c 'root="$(pwd)"; export 
LCA_SMOKE_CLEAN_ENV_R...
    Sub-AC [1m2[0m of AC [1m2[0m → Bash: /bin/bash -c 'root="$(pwd)"; export 
LCA_SMOKE_CLEAN_ENV_R...
    Sub-AC [1m2[0m of AC [1m2[0m → Bash: /bin/zsh -lc "nl -ba 
outer_suite_wrappers/lca_smoke.sh | ...
    Sub-AC [1m2[0m of AC [1m2[0m → Bash: /bin/zsh -lc 'test -f 
artifacts/lca_tree_stress_v5/diag/s...
    Sub-AC [1m2[0m of AC [1m2[0m → Bash: /bin/zsh -lc "nl -ba 
outer_suite_wrappers/lca_smoke.sh | ...
    Sub-AC [1m2[0m of AC [1m2[0m → Bash: /bin/zsh -lc ./lca_smoke.sh
    Sub-AC [1m3[0m of AC [1m2[0m → Bash: /bin/zsh -lc "sed -n '1,240p' artifact_paths.py"
    Sub-AC [1m3[0m of AC [1m2[0m → Bash: /bin/zsh -lc "sed -n '1,240p' lca_smoke.sh"
    Sub-AC [1m3[0m of AC [1m2[0m → Bash: /bin/zsh -lc 'rg --files .'
    Sub-AC [1m3[0m of AC [1m2[0m → Bash: /bin/zsh -lc "sed -n '1,280p' 
outer_suite_wrappers/README...
    Sub-AC [1m3[0m of AC [1m2[0m → Bash: /bin/zsh -lc "sed -n '1,260p' 
outer_suite_wrappers/lca_sm...
    Sub-AC [1m3[0m of AC [1m2[0m → Bash: /bin/zsh -lc "sed -n '1,260p' 
outer_suite_wrappers/lca_sm...
    Sub-AC [1m3[0m of AC [1m2[0m → Bash: /bin/zsh -lc "sed -n '260,620p' 
outer_suite_wrappers/lca_...
    Sub-AC [1m3[0m of AC [1m2[0m → Bash: /bin/zsh -lc 'rg -n 
"FAILURE_ROOT|mismatch|diff|expected|...
    Sub-AC [1m3[0m of AC [1m2[0m → Bash: /bin/zsh -lc "sed -n '620,1160p' 
outer_suite_wrappers/lca...
    Sub-AC [1m3[0m of AC [1m2[0m → Bash: /bin/zsh -lc "sed -n '1160,1760p' 
outer_suite_wrappers/lc...
    Sub-AC [1m3[0m of AC [1m2[0m → Bash: /bin/zsh -lc "sed -n '1760,2320p' 
outer_suite_wrappers/lc...
    Sub-AC [1m3[0m of AC [1m2[0m → Bash: /bin/zsh -lc "sed -n '2320,2520p' 
outer_suite_wrappers/lc...
    Sub-AC [1m3[0m of AC [1m2[0m → Bash: /bin/zsh -lc "sed -n '1,320p' branch_run_case.py"
    Sub-AC [1m3[0m of AC [1m2[0m → Bash: /bin/zsh -lc "sed -n '1,320p' branch_validator.py"
    Sub-AC [1m3[0m of AC [1m2[0m → Bash: /bin/zsh -lc 'rg -n 
"mismatch|expected|actual|validator|o...
    Sub-AC [1m3[0m of AC [1m2[0m → Bash: /bin/zsh -lc "sed -n '1,220p' 
artifacts/lca_tree_stress_v...
    Sub-AC [1m3[0m of AC [1m2[0m → Bash: /bin/zsh -lc "sed -n '1,260p' 
artifacts/lca_tree_stress_v...
    Sub-AC [1m3[0m of AC [1m2[0m → Bash: /bin/zsh -lc "find 
artifacts/lca_tree_stress_v5/smoke_lat...
    Sub-AC [1m3[0m of AC [1m2[0m → Bash: /bin/zsh -lc 'rg -n "lca_smoke" README.md 
boj28350_resume...
    Sub-AC [1m3[0m of AC [1m2[0m → Bash: /bin/zsh -lc "sed -n '1,180p' README.md"
    Sub-AC [1m3[0m of AC [1m2[0m → Bash: /bin/zsh -lc 'rg -n 
"smoke_latest_failure|failure_summary...
    Sub-AC [1m3[0m of AC [1m2[0m → Bash: /bin/zsh -lc "find 
artifacts/lca_tree_stress_v5/diag/suba...
    Sub-AC [1m3[0m of AC [1m2[0m → Bash: /bin/zsh -lc "rg -n 
\"subac2_acceptance_exit_check|smoke_...
    Sub-AC [1m3[0m of AC [1m2[0m → Bash: /bin/zsh -lc "sed -n '1,220p' 
artifacts/lca_tree_stress_v...
    Sub-AC [1m3[0m of AC [1m2[0m → Bash: /bin/zsh -lc "sed -n '1,260p' 
artifacts/lca_tree_stress_v...
    Sub-AC [1m3[0m of AC [1m2[0m → Bash: /bin/zsh -lc "sed -n '1,260p' 
artifacts/lca_tree_stress_v...
    Sub-AC [1m3[0m of AC [1m2[0m → Bash: /bin/zsh -lc "find 
artifacts/lca_tree_stress_v5/diag/smok...
    Sub-AC [1m3[0m of AC [1m2[0m → Bash: /bin/zsh -lc 'rg -n "minimal failure 
artifacts|triggering...
    Sub-AC [1m3[0m of AC [1m2[0m → Bash: /bin/zsh -lc "sed -n '1,260p' 
artifacts/lca_tree_stress_v...
    Sub-AC [1m3[0m of AC [1m2[0m → Bash: /bin/zsh -lc "sed -n '1,260p' 
artifacts/lca_tree_stress_v...
    Sub-AC [1m3[0m of AC [1m2[0m → Bash: /bin/zsh -lc "find 
artifacts/lca_tree_stress_v5/diag/suba...
    Sub-AC [1m3[0m of AC [1m2[0m → Bash: /bin/zsh -lc 'rg -n 
"mismatch_details|mismatch_summary|ex...
    Sub-AC [1m3[0m of AC [1m2[0m → Bash: /bin/zsh -lc "sed -n '1,200p' 
artifacts/lca_tree_stress_v...
    Sub-AC [1m3[0m of AC [1m2[0m → Bash: /bin/zsh -lc "sed -n '1,240p' 
artifacts/lca_tree_stress_v...
    Sub-AC [1m3[0m of AC [1m2[0m → Bash: /bin/zsh -lc "diff -u 
artifacts/lca_tree_stress_v5/diag/s...
    Sub-AC [1m3[0m of AC [1m2[0m → Bash: /bin/zsh -lc 'rg -n 
"seed.txt|input.txt|solver_output.txt...
    Sub-AC [1m3[0m of AC [1m2[0m → Bash: /bin/zsh -lc 'git status --short'
    Sub-AC [1m3[0m of AC [1m2[0m → Bash: /bin/zsh -lc "sed -n '1428,1595p' 
outer_suite_wrappers/lc...
    Sub-AC [1m3[0m of AC [1m2[0m → Bash: /bin/zsh -lc "sed -n '1638,1925p' 
outer_suite_wrappers/lc...
    Sub-AC [1m3[0m of AC [1m2[0m → Edit: /Users/free_1/Library/Mobile 
Documents/iCloud~md~obsidian...
    Sub-AC [1m3[0m of AC [1m2[0m → Bash: /bin/zsh -lc "sed -n '2054,2086p' 
outer_suite_wrappers/lc...
    Sub-AC [1m3[0m of AC [1m2[0m → Bash: /bin/zsh -lc "sed -n '2090,2138p' 
outer_suite_wrappers/lc...
    Sub-AC [1m3[0m of AC [1m2[0m → Bash: /bin/zsh -lc "sed -n '2188,2228p' 
outer_suite_wrappers/lc...
    Sub-AC [1m3[0m of AC [1m2[0m → Bash: /bin/zsh -lc "sed -n '2228,2268p' 
outer_suite_wrappers/lc...
    Sub-AC [1m3[0m of AC [1m2[0m → Edit: /Users/free_1/Library/Mobile 
Documents/iCloud~md~obsidian...
    Sub-AC [1m3[0m of AC [1m2[0m → Bash: /bin/zsh -lc 'bash -n 
outer_suite_wrappers/lca_smoke.sh'
    Sub-AC [1m3[0m of AC [1m2[0m → Bash: /bin/zsh -lc 'git diff -- 
outer_suite_wrappers/lca_smoke.sh'
    Sub-AC [1m3[0m of AC [1m2[0m → Bash: /bin/zsh -lc 
"tmp_dir='artifacts/lca_tree_stress_v5/diag/...
    Sub-AC [1m3[0m of AC [1m2[0m → Bash: /bin/zsh -lc 'rg -n 
"checker_replay|mismatch_summary|got_...
    Sub-AC [1m3[0m of AC [1m2[0m → Bash: /bin/zsh -lc "sed -n '1440,1615p' 
outer_suite_wrappers/lc...
    Sub-AC [1m3[0m of AC [1m2[0m → Bash: /bin/zsh -lc "sed -n '1640,1915p' 
outer_suite_wrappers/lc...
    Sub-AC [1m3[0m of AC [1m2[0m → Bash: /bin/zsh -lc 'rg -n "Mismatch summary|checker 
replay stdo...
    Sub-AC [1m3[0m of AC [1m2[0m → Bash: /bin/zsh -lc 'rg -n 
"checker_replay_stdout|checker_replay...
    Sub-AC [1m3[0m of AC [1m2[0m → Bash: /bin/zsh -lc 'git rev-parse --is-inside-work-tree 
&& git ...
    Sub-AC [1m4[0m of AC [1m2[0m → Bash: /bin/zsh -lc "sed -n '1,260p' artifact_paths.py"
    Sub-AC [1m4[0m of AC [1m2[0m → Bash: /bin/zsh -lc "sed -n '1,220p' lca_smoke.sh"
    Sub-AC [1m4[0m of AC [1m2[0m → Bash: /bin/zsh -lc 'rg --files .'
    Sub-AC [1m4[0m of AC [1m2[0m → Bash: /bin/zsh -lc "sed -n '1,260p' 
outer_suite_wrappers/lca_sm...
    Sub-AC [1m4[0m of AC [1m2[0m → Bash: /bin/zsh -lc "sed -n '1,260p' 
outer_suite_wrappers/lca_sm...
    Sub-AC [1m4[0m of AC [1m2[0m → Bash: /bin/zsh -lc "sed -n '1,260p' 
outer_suite_wrappers/lca_st...
    Sub-AC [1m4[0m of AC [1m2[0m → Bash: /bin/zsh -lc "rg -n \"lca_tree_stress_v5|smoke\" 
outer_su...
    Sub-AC [1m4[0m of AC [1m2[0m → Bash: /bin/zsh -lc "rg -n 
\"SMOKE_CASES|load_smoke_plan|configu...
    Sub-AC [1m4[0m of AC [1m2[0m → Bash: /bin/zsh -lc "sed -n '2460,2605p' 
outer_suite_wrappers/lc...
    Sub-AC [1m4[0m of AC [1m2[0m → Bash: /bin/zsh -lc "sed -n '1180,1320p' 
outer_suite_wrappers/lc...
    Sub-AC [1m4[0m of AC [1m2[0m → Bash: /bin/zsh -lc "sed -n '1,180p' 
outer_suite_wrappers/README...
    Sub-AC [1m4[0m of AC [1m2[0m → Bash: /bin/zsh -lc "sed -n '267,430p' 
outer_suite_wrappers/lca_...
    Sub-AC [1m4[0m of AC [1m2[0m → Bash: /bin/zsh -lc "sed -n '1,80p' 
boj28350_resume/smoke_cases....
    Sub-AC [1m4[0m of AC [1m2[0m → Bash: /bin/zsh -lc "sed -n '1,140p' README.md"
    Sub-AC [1m4[0m of AC [1m2[0m → Bash: /bin/zsh -lc "sed -n '1,140p' 
boj28350_resume/README.md"
    Sub-AC [1m4[0m of AC [1m2[0m → Bash: /bin/zsh -lc "sed -n '1,260p' branch_run_case.py"
    Sub-AC [1m4[0m of AC [1m2[0m → Bash: /bin/zsh -lc 'rg -n 
"run_case|--mode|--n|--seed|shuffle_l...
    Sub-AC [1m4[0m of AC [1m2[0m → Bash: /bin/zsh -lc "sed -n '2300,2375p' 
outer_suite_wrappers/lc...
    Sub-AC [1m4[0m of AC [1m2[0m → Bash: /bin/zsh -lc "rg -n 
\"suite_plan|manifest_path|smoke_case...
    Sub-AC [1m4[0m of AC [1m2[0m → Bash: /bin/zsh -lc "sed -n '1,260p' boj28350_resume.py"
    Sub-AC [1m4[0m of AC [1m2[0m → Bash: /bin/zsh -lc 'rg -n 
"smoke_cases.tsv|boj28350_resume.py s...
    Sub-AC [1m4[0m of AC [1m2[0m → Bash: /bin/zsh -lc 'ls -la .ouroboros 2>/dev/null'
    Sub-AC [1m4[0m of AC [1m2[0m → Bash: /bin/zsh -lc "rg -n \"script body|rerun 
consistently|stre...
    Sub-AC [1m4[0m of AC [1m2[0m → Bash: /bin/zsh -lc "sed -n '500,560p' 
artifacts/lca_tree_stress...
    Sub-AC [1m4[0m of AC [1m2[0m → Bash: /bin/zsh -lc 'rg -n "Sub-AC 4|AC 2" 
artifacts/lca_tree_st...
    Sub-AC [1m4[0m of AC [1m2[0m → Bash: /bin/zsh -lc "sed -n '1,220p' 
solver_release_env.sh"
    Sub-AC [1m4[0m of AC [1m2[0m → Bash: /bin/zsh -lc "sed -n '1,220p' suite_utils.py"
    Sub-AC [1m4[0m of AC [1m2[0m → Bash: /bin/zsh -lc "sed -n '560,760p' 
outer_suite_wrappers/lca_...
    Sub-AC [1m4[0m of AC [1m2[0m → Bash: /bin/zsh -lc "rg -n 
\"resolve_output_roots|OUTROOT=|pytho...
    Sub-AC [1m4[0m of AC [1m2[0m → Edit: /Users/free_1/Library/Mobile 
Documents/iCloud~md~obsidian...
    Sub-AC [1m4[0m of AC [1m2[0m → Bash: /bin/zsh -lc 'bash -n lca_smoke_target.sh'
    Sub-AC [1m4[0m of AC [1m2[0m → Bash: /bin/zsh -lc 'bash -n 
outer_suite_wrappers/lca_smoke_targ...
    Sub-AC [1m4[0m of AC [1m2[0m → Bash: /bin/zsh -lc 'chmod +x lca_smoke_target.sh 
outer_suite_wr...
    Sub-AC [1m4[0m of AC [1m2[0m → Bash: /bin/zsh -lc 'python3 artifact_paths.py 
lca_smoke_target'
    Sub-AC [1m4[0m of AC [1m2[0m → Bash: /bin/zsh -lc "sed -n '1,220p' 
outer_suite_wrappers/lca_sm...
    Sub-AC [1m4[0m of AC [1m2[0m → Bash: /bin/zsh -lc './lca_smoke_target.sh --list'
    Sub-AC [1m4[0m of AC [1m2[0m → Bash: /bin/zsh -lc "sed -n '220,420p' 
outer_suite_wrappers/lca_...
    Sub-AC [1m4[0m of AC [1m2[0m → Bash: /bin/zsh -lc './lca_smoke_target.sh 1 
selfcheck_case1'
    Sub-AC [1m4[0m of AC [1m2[0m → Bash: /bin/zsh -lc "sed -n '1,80p' 
artifacts/lca_tree_stress_v5...
    Sub-AC [1m4[0m of AC [1m2[0m → Bash: /bin/zsh -lc "sed -n '1,80p' 
artifacts/lca_tree_stress_v5...
    Sub-AC [1m4[0m of AC [1m2[0m → Bash: /bin/zsh -lc 'rg --files 
artifacts/lca_tree_stress_v5/smo...
    Sub-AC [1m4[0m of AC [1m2[0m → Edit: /Users/free_1/Library/Mobile 
Documents/iCloud~md~obsidian...
    Sub-AC [1m4[0m of AC [1m2[0m → Bash: /bin/zsh -lc 'bash -n 
outer_suite_wrappers/lca_smoke_targ...
    Sub-AC [1m4[0m of AC [1m2[0m → Bash: /bin/zsh -lc './lca_smoke_target.sh --list'
    Sub-AC [1m4[0m of AC [1m2[0m → Bash: /bin/zsh -lc './lca_smoke_target.sh 1 
selfcheck_case1b'
    Sub-AC [1m4[0m of AC [1m2[0m → Bash: /bin/zsh -lc "nl -ba artifact_paths.py | sed -n 
'1,60p'"
    Sub-AC [1m4[0m of AC [1m2[0m → Bash: /bin/zsh -lc "nl -ba lca_smoke_target.sh | sed -n 
'1,40p'"
    Sub-AC [1m4[0m of AC [1m2[0m → Bash: /bin/zsh -lc "nl -ba 
outer_suite_wrappers/lca_smoke_targe...
    Sub-AC [1m4[0m of AC [1m2[0m → Bash: /bin/zsh -lc "nl -ba outer_suite_wrappers/README.md
| sed...
    Sub-AC [1m4[0m of AC [1m2[0m → Bash: /bin/zsh -lc "nl -ba README.md | sed -n '35,95p'"
    Sub-AC [1m4[0m of AC [1m2[0m → Bash: /bin/zsh -lc "nl -ba 
outer_suite_wrappers/lca_smoke_targe...
    Sub-AC [1m4[0m of AC [1m2[0m → Bash: /bin/zsh -lc "nl -ba 
outer_suite_wrappers/lca_smoke_targe...
    Sub-AC [1m4[0m of AC [1m2[0m → Edit: /Users/free_1/Library/Mobile 
Documents/iCloud~md~obsidian...
    Sub-AC [1m4[0m of AC [1m2[0m → Bash: /bin/zsh -lc 'bash -n 
outer_suite_wrappers/lca_smoke_targ...
    Sub-ACs completed: [1m4[0m/[1m4[0m succeeded
Level [1m1[0m complete: [1m3[0m succeeded, [1m0[0m failed

Level [1m2[0m/[1m5[0m: Executing ACs [1m[[0m[1m3[0m[1m][0m in parallel
  [2mAC [0m[1;2m3[0m[2m: Analyzing complexity[0m[2m...[0m
  AC [1m3[0m → Decomposed into [1m3[0m Sub-ACs [1m([0mparallel[1m)[0m
    Starting [1m3[0m Sub-ACs sequentially...
    Sub-AC [1m1[0m of AC [1m3[0m → Bash: /bin/zsh -lc 'pwd && rg --files .'
    Sub-AC [1m1[0m of AC [1m3[0m → Bash: /bin/zsh -lc 'wc -l boj28350_resume/README.md 
boj28350_re...
    Sub-AC [1m1[0m of AC [1m3[0m → Bash: /bin/zsh -lc "sed -n '1,220p' 
boj28350_resume/README.md
s...
    Sub-AC [1m1[0m of AC [1m3[0m → Bash: /bin/zsh -lc 'rg -n 
"correctness_fuzz|strong_gate|pinned_...
    Sub-AC [1m1[0m of AC [1m3[0m → Bash: /bin/zsh -lc "sed -n '1,220p' 
.ouroboros/failure_analysis...
    Sub-AC [1m1[0m of AC [1m3[0m → Bash: /bin/zsh -lc 'rg -n 
"''^##|''^###|zero-span|layout|watch|...
    Sub-AC [1m1[0m of AC [1m3[0m → Bash: /bin/zsh -lc "sed -n '1,260p' 
boj28350_resume/progress40_...
    Sub-AC [1m1[0m of AC [1m3[0m → Bash: /bin/zsh -lc "sed -n '1,260p' lca_strong_gate.sh
sed -n '...
    Sub-AC [1m1[0m of AC [1m3[0m → Bash: /bin/zsh -lc 'rg -n 
"correctness_fuzz|FAIL|WA|wrong|misma...
    Sub-AC [1m1[0m of AC [1m3[0m → Bash: /bin/zsh -lc "sed -n '1,220p' 
boj28350_resume/boj28350_br...
    Sub-AC [1m1[0m of AC [1m3[0m → Bash: /bin/zsh -lc "sed -n '1,220p' 
artifacts/lca_tree_stress_v...
    Sub-AC [1m1[0m of AC [1m3[0m → Bash: /bin/zsh -lc 'ls -la 
artifacts/lca_tree_stress_v5/.locks ...
    Sub-AC [1m1[0m of AC [1m3[0m → Bash: /bin/zsh -lc 'rg -n "zero.?span|fastpath|layout 
signature...
    Sub-AC [1m1[0m of AC [1m3[0m → Bash: /bin/zsh -lc 'ps -p [1m70606[0m -o 
pid=,ppid=,etime=,command= |...
    Sub-AC [1m1[0m of AC [1m3[0m → Bash: /bin/zsh -lc "stat -f '%Sm %N' -t '%Y-%m-%d 
%H:%M:%S' boj...
    Sub-AC [1m1[0m of AC [1m3[0m → Bash: /bin/zsh -lc "find 
artifacts/lca_tree_stress_v5/strong_ga...
    Sub-AC [1m1[0m of AC [1m3[0m → Bash: /bin/zsh -lc ./build.sh
    Sub-AC [1m1[0m of AC [1m3[0m → Bash: /bin/zsh -lc 'LCA_STAGE_FILTER=correctness_fuzz 
./lca_str...
    Sub-AC [1m1[0m of AC [1m3[0m → Bash: /bin/zsh -lc "sed -n '1,220p' 
artifacts/lca_tree_stress_v...
    Sub-AC [1m1[0m of AC [1m3[0m → Bash: /bin/zsh -lc 'find 
artifacts/lca_tree_stress_v5/.tmp/case...
    Sub-AC [1m1[0m of AC [1m3[0m → Bash: /bin/zsh -lc "rg -n \"FAIL|timeout|Time limit|timed
out|q...
    Sub-AC [1m1[0m of AC [1m3[0m → Bash: /bin/zsh -lc "find 
artifacts/lca_tree_stress_v5/.tmp -typ...
    Sub-AC [1m1[0m of AC [1m3[0m → Bash: /bin/zsh -lc 'for d in $[1m([0mfind 
artifacts/lca_tree_stress_v...
    Sub-AC [1m1[0m of AC [1m3[0m → Bash: /bin/zsh -lc "find 
artifacts/lca_tree_stress_v5/.tmp -max...
    Sub-AC [1m1[0m of AC [1m3[0m → Bash: /bin/zsh -lc 'LATEST=$[1m([0mfind 
artifacts/lca_tree_stress_v5/...
    Sub-AC [1m1[0m of AC [1m3[0m → Bash: /bin/zsh -lc 'find 
artifacts/lca_tree_stress_v5/.tmp/lca_...
    Sub-AC [1m1[0m of AC [1m3[0m → Bash: /bin/zsh -lc "find 
artifacts/lca_tree_stress_v5/.tmp/lca_...
    Sub-AC [1m1[0m of AC [1m3[0m → Bash: /bin/zsh -lc "find 
artifacts/lca_tree_stress_v5/.tmp -typ...
    Sub-AC [1m1[0m of AC [1m3[0m → Bash: /bin/zsh -lc "python3 - <<'PY'
from pathlib import Path
i...
    Sub-AC [1m1[0m of AC [1m3[0m → Bash: /bin/zsh -lc "find 
artifacts/lca_tree_stress_v5/diag_ac3_...
    Sub-AC [1m1[0m of AC [1m3[0m → Bash: /bin/zsh -lc "find 
artifacts/lca_tree_stress_v5/diag_ac3_...
    Sub-AC [1m1[0m of AC [1m3[0m → Bash: /bin/zsh -lc "find 
artifacts/lca_tree_stress_v5/diag_ac3_...
    Sub-AC [1m1[0m of AC [1m3[0m → Bash: /bin/zsh -lc "find 
artifacts/lca_tree_stress_v5/diag_ac3_...
    Sub-AC [1m1[0m of AC [1m3[0m → Bash: /bin/zsh -lc "find 
artifacts/lca_tree_stress_v5/diag_ac3_...
    Sub-AC [1m1[0m of AC [1m3[0m → Bash: /bin/zsh -lc "find 
artifacts/lca_tree_stress_v5/diag_ac3_...
    Sub-AC [1m1[0m of AC [1m3[0m → Bash: /bin/zsh -lc "find 
artifacts/lca_tree_stress_v5/diag_ac3_...
    Sub-AC [1m1[0m of AC [1m3[0m → Bash: /bin/zsh -lc "find 
artifacts/lca_tree_stress_v5/diag_ac3_...
    Sub-AC [1m1[0m of AC [1m3[0m → Bash: /bin/zsh -lc "find 
artifacts/lca_tree_stress_v5/diag_ac3_...
    Sub-AC [1m1[0m of AC [1m3[0m → Bash: /bin/zsh -lc 'source ./solver_release_env.sh && 
python3 b...
    Sub-AC [1m1[0m of AC [1m3[0m → Bash: /bin/zsh -lc "find 
artifacts/lca_tree_stress_v5/diag_ac3_...
    Sub-AC [1m1[0m of AC [1m3[0m → Bash: /bin/zsh -lc "sed -n '1,220p' 
artifacts/lca_tree_stress_v...
    Sub-AC [1m1[0m of AC [1m3[0m → Bash: /bin/zsh -lc "python3 - <<'PY'
from pathlib import Path
i...
    Sub-AC [1m1[0m of AC [1m3[0m → Bash: /bin/zsh -lc "python3 - <<'PY'
from pathlib import Path
i...
    Sub-AC [1m1[0m of AC [1m3[0m → Bash: /bin/zsh -lc "python3 - <<'PY'
from pathlib import Path
i...
    Sub-AC [1m1[0m of AC [1m3[0m → Bash: /bin/zsh -lc "rg -n 
\"g\\+\\+|clang\\+\\+|-O|LOCAL|DNDEBU...
    Sub-AC [1m1[0m of AC [1m3[0m → Bash: /bin/zsh -lc "sed -n '1,260p' build.py
sed -n '1,260p' bo...
    Sub-AC [1m1[0m of AC [1m3[0m → Bash: /bin/zsh -lc "python3 - <<'PY'
from pathlib import Path
i...
    Sub-AC [1m1[0m of AC [1m3[0m → Bash: /bin/zsh -lc "sed -n '1,260p' 
suite_presets/strong_gate.j...
    Sub-AC [1m1[0m of AC [1m3[0m → Bash: /bin/zsh -lc "python3 - <<'PY'
from pathlib import Path
i...
    Sub-AC [1m1[0m of AC [1m3[0m → Bash: /bin/zsh -lc 
"case_dir='artifacts/lca_tree_stress_v5/diag...
    Sub-AC [1m1[0m of AC [1m3[0m → Bash: /bin/zsh -lc 
"case_dir='artifacts/lca_tree_stress_v5/diag...
    Sub-AC [1m1[0m of AC [1m3[0m → Bash: /bin/zsh -lc 
"case_dir='artifacts/lca_tree_stress_v5/diag...
    Sub-AC [1m1[0m of AC [1m3[0m → Bash: /bin/zsh -lc 
"case_dir='artifacts/lca_tree_stress_v5/diag...
    Sub-AC [1m1[0m of AC [1m3[0m → Bash: /bin/zsh -lc 
"case_dir='artifacts/lca_tree_stress_v5/diag...
    Sub-AC [1m1[0m of AC [1m3[0m → Bash: /bin/zsh -lc 
"case_dir='artifacts/lca_tree_stress_v5/diag...
    Sub-AC [1m1[0m of AC [1m3[0m → Bash: /bin/zsh -lc 
"case_dir='artifacts/lca_tree_stress_v5/diag...
    Sub-AC [1m1[0m of AC [1m3[0m → Bash: /bin/zsh -lc 
"case_dir='artifacts/lca_tree_stress_v5/diag...
    Sub-AC [1m1[0m of AC [1m3[0m → Bash: /bin/zsh -lc 
"case_dir='artifacts/lca_tree_stress_v5/diag...
    Sub-AC [1m1[0m of AC [1m3[0m → Bash: /bin/zsh -lc 
"case_dir='artifacts/lca_tree_stress_v5/diag...
    Sub-AC [1m1[0m of AC [1m3[0m → Bash: /bin/zsh -lc 
"case_dir='artifacts/lca_tree_stress_v5/diag...
    Sub-AC [1m1[0m of AC [1m3[0m → Bash: /bin/zsh -lc "wc -c /tmp/comb512_fail_profile.err 
/tmp/co...
    Sub-AC [1m1[0m of AC [1m3[0m → Bash: /bin/zsh -lc "rg -n 
\"PROFILE_|sample|deletion|phase|time...
    Sub-AC [1m1[0m of AC [1m3[0m → Bash: /bin/zsh -lc 'rg -n 
"local_profile_detailed_enabled|local...
    Sub-AC [1m1[0m of AC [1m3[0m → Bash: /bin/zsh -lc "sed -n '940,1135p' 
boj28350_resume/boj28350...
    Sub-AC [1m1[0m of AC [1m3[0m → Bash: /bin/zsh -lc 
"case_dir='artifacts/lca_tree_stress_v5/diag...
    Sub-AC [1m1[0m of AC [1m3[0m → Bash: /bin/zsh -lc 
"case_dir='artifacts/lca_tree_stress_v5/diag...
    Sub-AC [1m1[0m of AC [1m3[0m → Bash: /bin/zsh -lc 
"case_dir='artifacts/lca_tree_stress_v5/diag...
    Sub-AC [1m1[0m of AC [1m3[0m → Bash: /bin/zsh -lc "sed -n '1,20p' 
boj28350_resume/boj28350_bra...
    Sub-AC [1m1[0m of AC [1m3[0m → Bash: /bin/zsh -lc 'cmp -s 
boj28350_resume/boj28350_branch_3_so...
    Sub-AC [1m1[0m of AC [1m3[0m → Bash: /bin/zsh -lc "sed -n '1,40p' 
boj28350_resume/boj28350_bra...
    Sub-AC [1m1[0m of AC [1m3[0m → Bash: /bin/zsh -lc 'pwd && rg -n 
"ENABLE_AC3_PHASE_DIAG|reuse_r...
    Sub-AC [1m1[0m of AC [1m3[0m → Bash: /bin/zsh -lc "stat -f '%Sm %N' -t '%Y-%m-%d 
%H:%M:%S' boj...
    Sub-AC [1m1[0m of AC [1m3[0m → Bash: /bin/zsh -lc "sed -n '13470,13570p' 
boj28350_resume/boj28...
    Sub-AC [1m1[0m of AC [1m3[0m → Bash: /bin/zsh -lc "sed -n '1050,1095p' 
boj28350_resume/boj2835...
    Sub-AC [1m1[0m of AC [1m3[0m → Bash: /bin/zsh -lc "sed -n '7590,7765p' 
boj28350_resume/boj2835...
    Sub-AC [1m1[0m of AC [1m3[0m → Bash: /bin/zsh -lc "sed -n '14270,14810p' 
boj28350_resume/boj28...
    Sub-AC [1m1[0m of AC [1m3[0m → Bash: /bin/zsh -lc "rg -n 
\"applyPieceNativeReuseForClassBaseli...
    Sub-AC [1m1[0m of AC [1m3[0m → Bash: /bin/zsh -lc "sed -n '13210,13480p' 
boj28350_resume/boj28...
    Sub-AC [1m1[0m of AC [1m3[0m → Bash: /bin/zsh -lc "sed -n '1320,1385p' 
boj28350_resume/boj2835...
    Sub-AC [1m1[0m of AC [1m3[0m → Bash: /bin/zsh -lc "sed -n '10080,10140p' 
boj28350_resume/boj28...
    Sub-AC [1m1[0m of AC [1m3[0m → Bash: /bin/zsh -lc "sed -n '12220,12680p' 
boj28350_resume/boj28...
    Sub-AC [1m1[0m of AC [1m3[0m → Bash: /bin/zsh -lc "sed -n '11620,12190p' 
boj28350_resume/boj28...
    Sub-AC [1m1[0m of AC [1m3[0m → Bash: /bin/zsh -lc "find 
artifacts/lca_tree_stress_v5/diag_ac3_...
    Sub-AC [1m1[0m of AC [1m3[0m → Bash: /bin/zsh -lc "python3 - <<'PY'
import csv, pathlib
p=path...
    Sub-AC [1m1[0m of AC [1m3[0m → Bash: /bin/zsh -lc "sed -n '15690,15790p' 
boj28350_resume/boj28...
    Sub-AC [1m1[0m of AC [1m3[0m → Bash: /bin/zsh -lc "sed -n '16300,16940p' 
boj28350_resume/boj28...
    Sub-AC [1m1[0m of AC [1m3[0m → Bash: /bin/zsh -lc 'rm -f 
artifacts/lca_tree_stress_v5/ac3_comb...
    Sub-AC [1m1[0m of AC [1m3[0m → Bash: /bin/zsh -lc "sed -n '7765,9180p' 
boj28350_resume/boj2835...
    Sub-AC [1m1[0m of AC [1m3[0m → Bash: /bin/zsh -lc "rg -n 
\"retainClassWatchByKeepMask\\[1m([0m|plan_...
    Sub-AC [1m1[0m of AC [1m3[0m → Bash: /bin/zsh -lc "rg -n \"bool 
retainClassWatchByKeepMask\\[1m([0m\...
    Sub-AC [1m1[0m of AC [1m3[0m → Bash: /bin/zsh -lc 'rg -n 
"piece_native_unanimous_calls|connect...
    Sub-AC [1m1[0m of AC [1m3[0m → Bash: /bin/zsh -lc "sed -n '12236,12490p' 
boj28350_resume/boj28...
    Sub-AC [1m1[0m of AC [1m3[0m → Bash: /bin/zsh -lc 'rm -f 
artifacts/lca_tree_stress_v5/ac3_cat1...
    Sub-AC [1m1[0m of AC [1m3[0m → Bash: /bin/zsh -lc "rg -n 
\"compact_release_diag_enabled\\[1m([0m|ENA...
    Sub-AC [1m1[0m of AC [1m3[0m → Bash: /bin/zsh -lc "python3 - <<'PY'
from pathlib import Path
p...
    Sub-AC [1m1[0m of AC [1m3[0m → Bash: /bin/zsh -lc 'rm -f 
artifacts/lca_tree_stress_v5/ac3_comb...
    Sub-AC [1m1[0m of AC [1m3[0m → Bash: /bin/zsh -lc "sed -n '1087,1265p' 
boj28350_resume/boj2835...
    Sub-AC [1m1[0m of AC [1m3[0m → Bash: /bin/zsh -lc "rg -n 
\"runtime_env_enabled\\[1m([0m|watch_scan_o...
    Sub-AC [1m1[0m of AC [1m3[0m → Bash: /bin/zsh -lc "sed -n '1,220p' 
solver_release_env.sh"
    Sub-AC [1m1[0m of AC [1m3[0m → Bash: /bin/zsh -lc 'git status --short'
    Sub-AC [1m1[0m of AC [1m3[0m → Bash: /bin/zsh -lc "rg -n 
\"retainClassWatchByKeepMask\\[1m([0m\" boj...
    Sub-AC [1m1[0m of AC [1m3[0m → Bash: /bin/zsh -lc "sed -n '7800,8700p' 
boj28350_resume/boj2835...
    Sub-AC [1m1[0m of AC [1m3[0m → Bash: /bin/zsh -lc 'rg -n "residual 
pivot|zero-span|eligibility...
    Sub-AC [1m1[0m of AC [1m3[0m → Bash: /bin/zsh -lc "sed -n '1,220p' 
boj28350_resume/current_sta...
    Sub-AC [1m1[0m of AC [1m3[0m → Bash: /bin/zsh -lc 'rg -n 
"zero_span|same_layout|layout_sig|fas...
    Sub-AC [1m1[0m of AC [1m3[0m → Bash: /bin/zsh -lc "sed -n '9060,9790p' 
boj28350_resume/boj2835...
    Sub-AC [1m1[0m of AC [1m3[0m → Bash: /bin/zsh -lc "sed -n '9015,9095p' 
boj28350_resume/boj2835...
    Sub-AC [1m1[0m of AC [1m3[0m → Bash: /bin/zsh -lc "sed -n '8860,9015p' 
boj28350_resume/boj2835...
    Sub-AC [1m1[0m of AC [1m3[0m → Bash: /bin/zsh -lc 'rg -n "struct 
ClassState|connectorWatchEntr...
    Sub-AC [1m1[0m of AC [1m3[0m → Bash: /bin/zsh -lc "sed -n '5980,6105p' 
boj28350_resume/boj2835...
    Sub-AC [1m1[0m of AC [1m3[0m → Bash: /bin/zsh -lc "sed -n '6128,6188p' 
boj28350_resume/boj2835...
    Sub-AC [1m1[0m of AC [1m3[0m → Bash: /bin/zsh -lc "sed -n '6880,6965p' 
boj28350_resume/boj2835...
    Sub-AC [1m1[0m of AC [1m3[0m → Bash: /bin/zsh -lc 'rg -n 
"connectorVertexToPos|connectorSkelet...
    Sub-AC [1m1[0m of AC [1m3[0m → Bash: /bin/zsh -lc "sed -n '11490,11620p' 
boj28350_resume/boj28...
    Sub-AC [1m1[0m of AC [1m3[0m → Bash: /bin/zsh -lc 'cat 
.ouroboros/failure_analysis_state.json'
    Sub-AC [1m1[0m of AC [1m3[0m → Bash: /bin/zsh -lc 'rg -n 
"zero_span_fastpath|watch_diff|lreuse...
    Sub-AC [1m1[0m of AC [1m3[0m → Bash: /bin/zsh -lc "rg -n 
\"retainClassWatchByKeepMask\\[1m([0m|apply...
    Sub-AC [1m1[0m of AC [1m3[0m → Bash: /bin/zsh -lc "python3 - <<'PY'
from pathlib import Path
i...
    Sub-AC [1m1[0m of AC [1m3[0m → Bash: /bin/zsh -lc "rg -n 
\"ENABLE_PREV_STATE_WRITEBACK_OPT|ENA...
    Sub-AC [1m1[0m of AC [1m3[0m → Bash: /bin/zsh -lc "python3 - <<'PY'
import json, pathlib, re
p...
    Sub-AC [1m1[0m of AC [1m3[0m → Bash: /bin/zsh -lc "sed -n '10240,10278p' 
boj28350_resume/boj28...
    Sub-AC [1m1[0m of AC [1m3[0m → Bash: /bin/zsh -lc "sed -n '3618,3636p' 
boj28350_resume/boj2835...
    Sub-AC [1m1[0m of AC [1m3[0m → Bash: /bin/zsh -lc 'source ./solver_release_env.sh && 
/usr/bin/...
    Sub-AC [1m1[0m of AC [1m3[0m → Bash: /bin/zsh -lc 'source ./solver_release_env.sh && 
/usr/bin/...
    Sub-AC [1m1[0m of AC [1m3[0m → Bash: /bin/zsh -lc 'source ./solver_release_env.sh && 
/usr/bin/...
    Sub-AC [1m1[0m of AC [1m3[0m → Bash: /bin/zsh -lc "sed -n '6188,6288p' 
boj28350_resume/boj2835...
    Sub-AC [1m1[0m of AC [1m3[0m → Bash: /bin/zsh -lc "sed -n '11140,11340p' 
boj28350_resume/boj28...
    Sub-AC [1m1[0m of AC [1m3[0m → Bash: /bin/zsh -lc 'rg -n "struct 
TouchedClassInfo|pieceHits|co...
    Sub-AC [1m1[0m of AC [1m3[0m → Bash: /bin/zsh -lc "sed -n '13230,13620p' 
boj28350_resume/boj28...
    Sub-AC [1m1[0m of AC [1m3[0m → Bash: /bin/zsh -lc "sed -n '12820,13230p' 
boj28350_resume/boj28...
    Sub-AC [1m1[0m of AC [1m3[0m → Bash: /bin/zsh -lc "python3 - <<'PY'
import os, subprocess, tim...
    Sub-AC [1m1[0m of AC [1m3[0m → Bash: /bin/zsh -lc "sed -n '1070,1088p' 
boj28350_resume/boj2835...
    Sub-AC [1m1[0m of AC [1m3[0m → Bash: /bin/zsh -lc "sed -n '12816,12834p' 
boj28350_resume/boj28...
    Sub-AC [1m1[0m of AC [1m3[0m → Bash: /bin/zsh -lc "sed -n '13652,13686p' 
boj28350_resume/boj28...
    Sub-AC [1m1[0m of AC [1m3[0m → Bash: /bin/zsh -lc "sed -n '1074,1086p' 
boj28350_resume/boj2835...
    Sub-AC [1m1[0m of AC [1m3[0m → Bash: /bin/zsh -lc "sed -n '13690,13726p' 
boj28350_resume/boj28...
    Sub-AC [1m1[0m of AC [1m3[0m → Bash: /bin/zsh -lc "sed -n '13726,13742p' 
boj28350_resume/boj28...
    Sub-AC [1m1[0m of AC [1m3[0m → Edit: /Users/free_1/Library/Mobile 
Documents/iCloud~md~obsidian...
    Sub-AC [1m1[0m of AC [1m3[0m → Edit: /Users/free_1/Library/Mobile 
Documents/iCloud~md~obsidian...
    Sub-AC [1m1[0m of AC [1m3[0m → Bash: /bin/zsh -lc 'git diff -- 
boj28350_resume/boj28350_branch...
    Sub-AC [1m1[0m of AC [1m3[0m → Bash: /bin/zsh -lc ./build.sh
    Sub-AC [1m1[0m of AC [1m3[0m → Bash: /bin/zsh -lc 'source ./solver_release_env.sh && 
/usr/bin/...
    Sub-AC [1m1[0m of AC [1m3[0m → Bash: /bin/zsh -lc 'source ./solver_release_env.sh && 
/usr/bin/...
    Sub-AC [1m1[0m of AC [1m3[0m → Bash: /bin/zsh -lc 'source ./solver_release_env.sh && 
/usr/bin/...
    Sub-AC [1m1[0m of AC [1m3[0m → Edit: /Users/free_1/Library/Mobile 
Documents/iCloud~md~obsidian...
    Sub-AC [1m1[0m of AC [1m3[0m → Bash: /bin/zsh -lc ./build.sh
    Sub-AC [1m1[0m of AC [1m3[0m → Bash: /bin/zsh -lc 'source ./solver_release_env.sh && 
/usr/bin/...
    Sub-AC [1m1[0m of AC [1m3[0m → Bash: /bin/zsh -lc 'source ./solver_release_env.sh && 
/usr/bin/...
    Sub-AC [1m1[0m of AC [1m3[0m → Bash: /bin/zsh -lc "stat -f '%Sm %N' -t '%Y-%m-%d 
%H:%M:%S' boj...
    Sub-AC [1m1[0m of AC [1m3[0m → Bash: /bin/zsh -lc 'source ./solver_release_env.sh && 
/usr/bin/...
    Sub-AC [1m1[0m of AC [1m3[0m → Bash: /bin/zsh -lc 'source ./solver_release_env.sh && 
/usr/bin/...
    Sub-AC [1m1[0m of AC [1m3[0m → Bash: /bin/zsh -lc 'source ./solver_release_env.sh && 
/usr/bin/...
    Sub-AC [1m1[0m of AC [1m3[0m → Bash: /bin/zsh -lc 'source ./solver_release_env.sh && 
/usr/bin/...
    Sub-AC [1m1[0m of AC [1m3[0m → Bash: /bin/zsh -lc "sed -n '1,260p' 
outer_suite_wrappers/lca_st...
    Sub-AC [1m1[0m of AC [1m3[0m → Bash: /bin/zsh -lc "sed -n '1,80p' 
artifacts/lca_tree_stress_v5...
    Sub-AC [1m1[0m of AC [1m3[0m → Bash: /bin/zsh -lc 'bash -n 
outer_suite_wrappers/lca_strong_gat...
    Sub-AC [1m1[0m of AC [1m3[0m → Bash: /bin/zsh -lc "python3 - <<'PY'
import os, subprocess, tim...
    Sub-AC [1m1[0m of AC [1m3[0m → Edit: /Users/free_1/Library/Mobile 
Documents/iCloud~md~obsidian...
    Sub-AC [1m1[0m of AC [1m3[0m → Edit: /Users/free_1/Library/Mobile 
Documents/iCloud~md~obsidian...
    Sub-AC [1m1[0m of AC [1m3[0m → Bash: /bin/zsh -lc 'rg -n 
"CONNECTOR_SKELETON_NO_HIT_UNANIMOUS|...
    Sub-AC [1m1[0m of AC [1m3[0m → Bash: /bin/zsh -lc ./build.sh
    Sub-AC [1m1[0m of AC [1m3[0m → Bash: /bin/zsh -lc "stat -f '%Sm %N' -t '%Y-%m-%d 
%H:%M:%S' art...
    Sub-AC [1m1[0m of AC [1m3[0m → Bash: /bin/zsh -lc 'git status --short -- 
outer_suite_wrappers/...
    Sub-AC [1m1[0m of AC [1m3[0m → Bash: /bin/zsh -lc 'LCA_STAGE_FILTER=correctness_fuzz 
./lca_str...
    Sub-AC [1m1[0m of AC [1m3[0m → Bash: /bin/zsh -lc "stat -f '%Sm %N' -t '%Y-%m-%d 
%H:%M:%S' art...
    Sub-AC [1m1[0m of AC [1m3[0m → Bash: /bin/zsh -lc "sed -n '1,120p' 
artifacts/lca_tree_stress_v...
    Sub-AC [1m1[0m of AC [1m3[0m → Bash: /bin/zsh -lc "python3 - <<'PY'
import csv, pathlib, colle...
    Sub-AC [1m2[0m of AC [1m3[0m → Bash: /bin/zsh -lc "rg --files . | rg 
'("'^|/[1m)[0m[1m([0mboj28350_resume/...
    Sub-AC [1m2[0m of AC [1m3[0m → Bash: /bin/zsh -lc "sed -n '1,220p' 
boj28350_resume/README.md"
    Sub-AC [1m2[0m of AC [1m3[0m → Bash: /bin/zsh -lc "sed -n '1,260p' 
boj28350_resume/next_sessio...
    Sub-AC [1m2[0m of AC [1m3[0m → Bash: /bin/zsh -lc "sed -n '1,260p' 
boj28350_resume/current_sta...
    Sub-AC [1m2[0m of AC [1m3[0m → Bash: /bin/zsh -lc 'if [1m[[0m -d .ouroboros [1m][0m; then rg --files
.ouro...
    Sub-AC [1m2[0m of AC [1m3[0m → Bash: /bin/zsh -lc "sed -n '1,260p' 
artifacts/lca_tree_stress_v...
    Sub-AC [1m2[0m of AC [1m3[0m → Bash: /bin/zsh -lc "sed -n '1,260p' 
artifacts/lca_tree_stress_v...
    Sub-AC [1m2[0m of AC [1m3[0m → Bash: /bin/zsh -lc "sed -n '1,260p' 
artifacts/lca_tree_stress_v...
    Sub-AC [1m2[0m of AC [1m3[0m → Bash: /bin/zsh -lc "sed -n '1,260p' 
.ouroboros/failure_analysis...
    Sub-AC [1m2[0m of AC [1m3[0m → Bash: /bin/zsh -lc "sed -n '1,260p' 
.ouroboros/failure_analysis...
    Sub-AC [1m2[0m of AC [1m3[0m → Bash: /bin/zsh -lc "sed -n '1,260p' 
.ouroboros/failure_analysis...
    Sub-AC [1m2[0m of AC [1m3[0m → Bash: /bin/zsh -lc "sed -n '1,220p' 
artifacts/lca_tree_stress_v...
    Sub-AC [1m2[0m of AC [1m3[0m → Bash: /bin/zsh -lc "sed -n '1,260p' 
artifacts/lca_tree_stress_v...
    Sub-AC [1m2[0m of AC [1m3[0m → Bash: /bin/zsh -lc "sed -n '1,220p' 
artifacts/lca_tree_stress_v...
    Sub-AC [1m2[0m of AC [1m3[0m → Bash: /bin/zsh -lc "sed -n '1,260p' 
boj28350_bundle_archive/boj...
    Sub-AC [1m2[0m of AC [1m3[0m → Bash: /bin/zsh -lc "sed -n '1,260p' lca_strong_gate.sh"
    Sub-AC [1m2[0m of AC [1m3[0m → Bash: /bin/zsh -lc 'rg -n "pre-rewrite|zero-span|zero 
span|fast...
    Sub-AC [1m2[0m of AC [1m3[0m → Bash: /bin/zsh -lc "sed -n '1,220p' build.sh"
    Sub-AC [1m2[0m of AC [1m3[0m → Bash: /bin/zsh -lc "sed -n '1,220p' 
solver_release_env.sh"
    Sub-AC [1m2[0m of AC [1m3[0m → Bash: /bin/zsh -lc "sed -n '1,360p' 
outer_suite_wrappers/lca_st...
    Sub-AC [1m2[0m of AC [1m3[0m → Bash: /bin/zsh -lc "sed -n '360,520p' 
outer_suite_wrappers/lca_...
    Sub-AC [1m2[0m of AC [1m3[0m → Bash: /bin/zsh -lc 'wc -l 
boj28350_resume/boj28350_branch_3_sol...
    Sub-AC [1m2[0m of AC [1m3[0m → Bash: /bin/zsh -lc "sed -n '1,220p' 
boj28350_resume/boj28350_br...
    Sub-AC [1m2[0m of AC [1m3[0m → Bash: /bin/zsh -lc 'rg -n "zero-span|zero 
span|fastpath|layout ...
    Sub-AC [1m2[0m of AC [1m3[0m → Bash: /bin/zsh -lc 'pgrep -af 
"lca_strong_gate.sh|branch_certif...
    Sub-AC [1m2[0m of AC [1m3[0m → Bash: /bin/zsh -lc 'find 
artifacts/lca_tree_stress_v5/.locks -m...
    Sub-AC [1m2[0m of AC [1m3[0m → Bash: /bin/zsh -lc 'if [1m[[0m -f 
artifacts/lca_tree_stress_v5/.locks...
    Sub-AC [1m2[0m of AC [1m3[0m → Bash: /bin/zsh -lc "if [1m[[0m -f 
artifacts/lca_tree_stress_v5/.locks...
    Sub-AC [1m2[0m of AC [1m3[0m → Bash: /bin/zsh -lc "python3 - <<'PY'
from pathlib import Path
p...
    Sub-AC [1m2[0m of AC [1m3[0m → Bash: /bin/zsh -lc 'for pid in [1m29092[0m; do if kill [1m-0[0m 
"$pid" [1m2[0m>/d...
    Sub-AC [1m2[0m of AC [1m3[0m → Bash: /bin/zsh -lc ./build.sh
    Sub-AC [1m2[0m of AC [1m3[0m → Bash: /bin/zsh -lc "python3 - <<'PY'
from pathlib import Path
r...
    Sub-AC [1m2[0m of AC [1m3[0m → Bash: /bin/zsh -lc "find 
artifacts/lca_tree_stress_v5/.tmp/lca_...
    Sub-AC [1m2[0m of AC [1m3[0m → Bash: /bin/zsh -lc "python3 - <<'PY'
from pathlib import Path
f...
    Sub-AC [1m2[0m of AC [1m3[0m → Bash: /bin/zsh -lc "python3 - <<'PY'
import json
from pathlib i...
    Sub-AC [1m2[0m of AC [1m3[0m → Bash: /bin/zsh -lc 'rg -n 
"time_lgate_zero_span_eligibility_gat...
    Sub-AC [1m2[0m of AC [1m3[0m → Bash: /bin/zsh -lc 'rg -n 
"time_lgate_zero_span_eligibility_gat...
    Sub-AC [1m2[0m of AC [1m3[0m → Bash: /bin/zsh -lc "python3 - <<'PY'
from pathlib import Path
i...
    Sub-AC [1m2[0m of AC [1m3[0m → Bash: /bin/zsh -lc "sed -n '8920,9055p' 
boj28350_resume/boj2835...
    Sub-AC [1m2[0m of AC [1m3[0m → Bash: /bin/zsh -lc "sed -n '8725,8860p' 
boj28350_bundle_archive...
    Sub-AC [1m2[0m of AC [1m3[0m → Bash: /bin/zsh -lc "python3 - <<'PY'
from pathlib import Path
r...
    Sub-AC [1m2[0m of AC [1m3[0m → Bash: /bin/zsh -lc "find 
artifacts/lca_tree_stress_v5/.tmp/lca_...
    Sub-AC [1m2[0m of AC [1m3[0m → Bash: /bin/zsh -lc "python3 - <<'PY'
from pathlib import Path
r...
    Sub-AC [1m2[0m of AC [1m3[0m → Bash: /bin/zsh -lc "python3 - <<'PY'
from pathlib import Path
r...
    Sub-AC [1m2[0m of AC [1m3[0m → Bash: /bin/zsh -lc "sed -n '260,520p' 
branch_certify_suite.py"
    Sub-AC [1m2[0m of AC [1m3[0m → Bash: /bin/zsh -lc "sed -n '1,260p' branch_run_case.py"
    Sub-AC [1m2[0m of AC [1m3[0m → Bash: /bin/zsh -lc 'rg -n 
"timeout|sec_max|case_sec_max|subproc...
    Sub-AC [1m2[0m of AC [1m3[0m → Bash: /bin/zsh -lc "find 
artifacts/lca_tree_stress_v5/.tmp/lca_...
    Sub-AC [1m2[0m of AC [1m3[0m → Bash: /bin/zsh -lc "sed -n '1,240p' suite_utils.py"
    Sub-AC [1m2[0m of AC [1m3[0m → Bash: /bin/zsh -lc "sed -n '240,360p' suite_utils.py"
    Sub-AC [1m2[0m of AC [1m3[0m → Bash: /bin/zsh -lc "sed -n '1,260p' boj28350_resume.py"
    Sub-AC [1m2[0m of AC [1m3[0m → Bash: /bin/zsh -lc "rg -n \"def 
build|g\\+\\+|O2|O3|LOCAL|DNDEB...
    Sub-AC [1m2[0m of AC [1m3[0m → Bash: /bin/zsh -lc "sed -n '1,260p' build.py"
    Sub-AC [1m2[0m of AC [1m3[0m → Bash: /bin/zsh -lc 'ls -l boj28350_resume/solve 
artifacts/boj28...
    Sub-AC [1m2[0m of AC [1m3[0m → Bash: /bin/zsh -lc "sed -n '1,220p' 
boj28350_resume/solve"
    Sub-AC [1m2[0m of AC [1m3[0m → Bash: /bin/zsh -lc "rg --files artifacts | rg 
'boj28350_branch_...
    Sub-AC [1m2[0m of AC [1m3[0m → Bash: /bin/zsh -lc 'cmp -s solver_release_env.sh 
artifacts/lca_...
    Sub-AC [1m2[0m of AC [1m3[0m → Bash: /bin/zsh -lc 'cmp -s 
boj28350_resume/boj28350_branch_3_so...
    Sub-AC [1m2[0m of AC [1m3[0m → Bash: /bin/zsh -lc 'cmp -s build.sh 
artifacts/lca_tree_stress_v...
    Sub-AC [1m2[0m of AC [1m3[0m → Bash: /bin/zsh -lc "diff -u 
artifacts/lca_tree_stress_v5/diag/s...
    Sub-AC [1m2[0m of AC [1m3[0m → Bash: /bin/zsh -lc "diff -u 
artifacts/lca_tree_stress_v5/diag/s...
    Sub-AC [1m2[0m of AC [1m3[0m → Bash: /bin/zsh -lc "diff -u 
artifacts/lca_tree_stress_v5/diag/s...
    Sub-AC [1m2[0m of AC [1m3[0m → Bash: /bin/zsh -lc 'rg -n "DENSE_PROFILE_OUTDIR|dense 
profile|r...
    Sub-AC [1m2[0m of AC [1m3[0m → Bash: /bin/zsh -lc 'rg -n 
"DENSE_PROFILE_OUTDIR|PROFILE_MODE|PR...
    Sub-AC [1m2[0m of AC [1m3[0m → Bash: /bin/zsh -lc 'rg -n 
"DENSE_PROFILE_OUTDIR|profile_outdir|...
    Sub-AC [1m2[0m of AC [1m3[0m → Bash: /bin/zsh -lc "rg -n 
\"DENSE_SHADOW_CASE|PROFILE_PROGRESS_...
    Sub-AC [1m2[0m of AC [1m3[0m → Bash: /bin/zsh -lc 'LCA_STAGE_FILTER=hard_scaling 
LCA_HEARTBEAT...
    Sub-AC [1m2[0m of AC [1m3[0m → Bash: /bin/zsh -lc 'find 
artifacts/lca_tree_stress_v5/.locks -m...
    Sub-AC [1m2[0m of AC [1m3[0m → Bash: /bin/zsh -lc "find 
artifacts/lca_tree_stress_v5/strong_ga...
    Sub-AC [1m2[0m of AC [1m3[0m → Bash: /bin/zsh -lc "find 
artifacts/lca_tree_stress_v5/strong_ga...
    Sub-AC [1m2[0m of AC [1m3[0m → Bash: /bin/zsh -lc "sed -n '1,220p' 
artifacts/lca_tree_stress_v...
    Sub-AC [1m2[0m of AC [1m3[0m → Bash: /bin/zsh -lc "sed -n '1,220p' 
artifacts/lca_tree_stress_v...
    Sub-AC [1m2[0m of AC [1m3[0m → Bash: /bin/zsh -lc "python3 - <<'PY'
from pathlib import Path
p...
    Sub-AC [1m2[0m of AC [1m3[0m → Bash: /bin/zsh -lc "sed -n '1,200p' 
artifacts/lca_tree_stress_v...
    Sub-AC [1m2[0m of AC [1m3[0m → Bash: /bin/zsh -lc 'source ./solver_release_env.sh && 
python3 b...
    Sub-AC [1m2[0m of AC [1m3[0m → Bash: /bin/zsh -lc 'source ./solver_release_env.sh && 
python3 b...
    Sub-AC [1m2[0m of AC [1m3[0m → Bash: /bin/zsh -lc 'wc -c 
artifacts/lca_tree_stress_v5/diag/ac3...
    Sub-AC [1m2[0m of AC [1m3[0m → Bash: /bin/zsh -lc "sed -n '1,220p' 
artifacts/lca_tree_stress_v...
    Sub-AC [1m2[0m of AC [1m3[0m → Bash: /bin/zsh -lc 'find 
artifacts/lca_tree_stress_v5/diag/ac3_...
    Sub-AC [1m2[0m of AC [1m3[0m → Bash: /bin/zsh -lc "sed -n '1,220p' 
artifacts/lca_tree_stress_v...
    Sub-AC [1m2[0m of AC [1m3[0m → Bash: /bin/zsh -lc "sed -n '15920,17040p' 
boj28350_resume/boj28...
    Sub-AC [1m2[0m of AC [1m3[0m → Bash: /bin/zsh -lc 'wc -c 
artifacts/lca_tree_stress_v5/strong_g...
    Sub-AC [1m2[0m of AC [1m3[0m → Bash: /bin/zsh -lc 'wc -c 
artifacts/lca_tree_stress_v5/diag/ac3...
    Sub-AC [1m2[0m of AC [1m3[0m → Bash: /bin/zsh -lc 'source ./solver_release_env.sh && 
python3 b...
    Sub-AC [1m2[0m of AC [1m3[0m → Bash: /bin/zsh -lc "sed -n '3608,3668p' 
boj28350_resume/boj2835...
    Sub-AC [1m2[0m of AC [1m3[0m → Bash: /bin/zsh -lc 'source ./solver_release_env.sh && 
python3 b...
    Sub-AC [1m2[0m of AC [1m3[0m → Bash: /bin/zsh -lc 'source ./solver_release_env.sh && 
python3 b...
    Sub-AC [1m2[0m of AC [1m3[0m → Bash: /bin/zsh -lc 'rg -n 
"ENABLE_DELTA_PRESERVED_HIT|ENABLE_DE...
    Sub-AC [1m2[0m of AC [1m3[0m → Bash: /bin/zsh -lc "rg -n 
\"runtime_env_enabled\\[1m([0m\\\"ENABLE_DE...
    Sub-AC [1m2[0m of AC [1m3[0m → Bash: /bin/zsh -lc "rg -n \"ENABLE_DELTA|delta 
hit|connector de...
    Sub-AC [1m2[0m of AC [1m3[0m → Bash: /bin/zsh -lc "sed -n '3460,3485p' 
boj28350_bundle_archive...
    Sub-AC [1m2[0m of AC [1m3[0m → Bash: /bin/zsh -lc "sed -n '10055,10078p' 
boj28350_bundle_archi...
    Sub-AC [1m2[0m of AC [1m3[0m → Bash: /bin/zsh -lc 'source ./solver_release_env.sh && 
python3 b...
    Sub-AC [1m2[0m of AC [1m3[0m → Bash: /bin/zsh -lc 'rg -n 
"ENABLE_COMPACT_FIELD_PACK_OPT|ENABLE...
    Sub-AC [1m2[0m of AC [1m3[0m → Bash: /bin/zsh -lc "sed -n '1000,1065p' 
boj28350_resume/boj2835...
    Sub-AC [1m2[0m of AC [1m3[0m → Bash: /bin/zsh -lc "sed -n '1065,1095p' 
boj28350_resume/boj2835...
    Sub-AC [1m2[0m of AC [1m3[0m → Bash: /bin/zsh -lc "sed -n '7758,7795p' 
boj28350_resume/boj2835...
    Sub-AC [1m2[0m of AC [1m3[0m → Bash: /bin/zsh -lc "sed -n '7728,7765p' 
boj28350_resume/boj2835...
    Sub-AC [1m2[0m of AC [1m3[0m → Bash: /bin/zsh -lc 'source ./solver_release_env.sh && 
python3 b...
    Sub-AC [1m2[0m of AC [1m3[0m → Bash: /bin/zsh -lc "python3 - <<'PY'
import json
from pathlib i...
    Sub-AC [1m2[0m of AC [1m3[0m → Bash: /bin/zsh -lc "diff -u 
boj28350_bundle_archive/boj28350_li...
    Sub-AC [1m2[0m of AC [1m3[0m → Bash: /bin/zsh -lc "diff -u 
boj28350_bundle_archive/boj28350_li...
    Sub-AC [1m2[0m of AC [1m3[0m → Bash: /bin/zsh -lc "diff -u 
boj28350_bundle_archive/boj28350_li...
    Sub-AC [1m2[0m of AC [1m3[0m → Bash: /bin/zsh -lc "python3 - <<'PY'
import json
from pathlib i...
    Sub-AC [1m2[0m of AC [1m3[0m → Bash: /bin/zsh -lc 'source ./solver_release_env.sh && 
python3 b...
    Sub-AC [1m2[0m of AC [1m3[0m → Bash: /bin/zsh -lc 'source ./solver_release_env.sh && 
python3 b...
    Sub-AC [1m2[0m of AC [1m3[0m → Bash: /bin/zsh -lc "sed -n '1,220p' 
artifacts/lca_tree_stress_v...
    Sub-AC [1m2[0m of AC [1m3[0m → Bash: /bin/zsh -lc "sed -n '1,220p' 
artifacts/lca_tree_stress_v...
    Sub-AC [1m2[0m of AC [1m3[0m → Bash: /bin/zsh -lc 'find 
artifacts/lca_tree_stress_v5/diag/ac3_...
    Sub-AC [1m2[0m of AC [1m3[0m → Bash: /bin/zsh -lc 'source ./solver_release_env.sh && 
ENABLE_DE...
    Sub-AC [1m2[0m of AC [1m3[0m → Bash: /bin/zsh -lc "sed -n '1,220p' 
artifacts/lca_tree_stress_v...
    Sub-AC [1m2[0m of AC [1m3[0m → Bash: /bin/zsh -lc "sed -n '1,220p' 
artifacts/lca_tree_stress_v...
    Sub-AC [1m2[0m of AC [1m3[0m → Bash: /bin/zsh -lc "find 
artifacts/lca_tree_stress_v5/diag/ac3_...
    Sub-AC [1m2[0m of AC [1m3[0m → Bash: /bin/zsh -lc "rg -n 
\"ac3_progress_diag_enabled|ENABLE_AC...
    Sub-AC [1m2[0m of AC [1m3[0m → Bash: /bin/zsh -lc "sed -n '15288,15345p' 
boj28350_resume/boj28...
    Sub-AC [1m2[0m of AC [1m3[0m → Bash: /bin/zsh -lc 'source ./solver_release_env.sh && 
ENABLE_AC...
    Sub-AC [1m2[0m of AC [1m3[0m → Bash: /bin/zsh -lc 'find 
artifacts/lca_tree_stress_v5/diag/ac3_...
    Sub-AC [1m2[0m of AC [1m3[0m → Bash: /bin/zsh -lc "sed -n '1,220p' 
artifacts/lca_tree_stress_v...
    Sub-AC [1m2[0m of AC [1m3[0m → Bash: /bin/zsh -lc 'wc -l 
artifacts/lca_tree_stress_v5/diag/ac3...
    Sub-AC [1m2[0m of AC [1m3[0m → Bash: /bin/zsh -lc 'source ./solver_release_env.sh && 
ENABLE_AC...
    Sub-AC [1m2[0m of AC [1m3[0m → Bash: /bin/zsh -lc 'wc -l 
artifacts/lca_tree_stress_v5/diag/ac3...
    Sub-AC [1m2[0m of AC [1m3[0m → Bash: /bin/zsh -lc "sed -n '1,260p' 
artifacts/lca_tree_stress_v...
    Sub-AC [1m2[0m of AC [1m3[0m → Bash: /bin/zsh -lc "diff -u 
boj28350_bundle_archive/boj28350_li...
    Sub-AC [1m2[0m of AC [1m3[0m → Bash: /bin/zsh -lc "python3 - <<'PY'
import json
from pathlib i...
    Sub-AC [1m2[0m of AC [1m3[0m → Bash: /bin/zsh -lc "python3 - <<'PY'
import json
from pathlib i...
    Sub-AC [1m2[0m of AC [1m3[0m → Bash: /bin/zsh -lc "diff -u 
boj28350_bundle_archive/boj28350_li...
    Sub-AC [1m2[0m of AC [1m3[0m → Bash: /bin/zsh -lc 'source ./solver_release_env.sh && 
ENABLE_AC...
    Sub-AC [1m2[0m of AC [1m3[0m → Bash: /bin/zsh -lc "sed -n '1,260p' 
artifacts/lca_tree_stress_v...
    Sub-AC [1m2[0m of AC [1m3[0m → Bash: /bin/zsh -lc "python3 - <<'PY'
import json
from pathlib i...
    Sub-AC [1m2[0m of AC [1m3[0m → Bash: /bin/zsh -lc "rg -n 
\"__dprebind_opt|__rcommit_opt|__fpat...
    Sub-AC [1m2[0m of AC [1m3[0m → Bash: /bin/zsh -lc "sed -n '8840,9005p' 
boj28350_resume/boj2835...
    Sub-AC [1m2[0m of AC [1m3[0m → Bash: /bin/zsh -lc "rg -n 
\"ENABLE_POINTER_REBIND_OPT|ENABLE_LA...
    Sub-AC [1m2[0m of AC [1m3[0m → Bash: /bin/zsh -lc "sed -n '1,220p' 
boj28350_bundle_archive/run...
    Sub-AC [1m2[0m of AC [1m3[0m → Bash: /bin/zsh -lc "sed -n '1,220p' 
boj28350_bundle_archive/run...
    Sub-AC [1m2[0m of AC [1m3[0m → Bash: /bin/zsh -lc "sed -n '1,220p' 
boj28350_resume/progress40_...
    Sub-AC [1m2[0m of AC [1m3[0m → Bash: /bin/zsh -lc 'rg -n 
"ENABLE_|PROFILE_MODE|delta_mode|both...
    Sub-AC [1m2[0m of AC [1m3[0m → Bash: /bin/zsh -lc "sed -n '1,120p' 
boj28350_bundle_archive/pro...
    Sub-AC [1m2[0m of AC [1m3[0m → Bash: /bin/zsh -lc "sed -n '1,120p' 
boj28350_bundle_archive/pro...
    Sub-AC [1m2[0m of AC [1m3[0m → Bash: /bin/zsh -lc 'source ./solver_release_env.sh && 
ENABLE_AC...
    Sub-AC [1m2[0m of AC [1m3[0m → Bash: /bin/zsh -lc "sed -n '1,260p' 
artifacts/lca_tree_stress_v...
    Sub-AC [1m2[0m of AC [1m3[0m → Bash: /bin/zsh -lc 'if [1m[[0m -f 
artifacts/lca_tree_stress_v5/strong...
    Sub-AC [1m2[0m of AC [1m3[0m → Bash: /bin/zsh -lc 'find 
artifacts/lca_tree_stress_v5/strong_ga...
    Sub-AC [1m2[0m of AC [1m3[0m → Bash: /bin/zsh -lc 'if [1m[[0m -f 
artifacts/lca_tree_stress_v5/strong...
    Sub-AC [1m2[0m of AC [1m3[0m → Bash: /bin/zsh -lc "sed -n '1,40p' 
artifacts/lca_tree_stress_v5...
    Sub-AC [1m2[0m of AC [1m3[0m → Bash: /bin/zsh -lc "sed -n '1,80p' 
artifacts/lca_tree_stress_v5...
    Sub-AC [1m2[0m of AC [1m3[0m → Bash: /bin/zsh -lc "sed -n '1,80p' 
artifacts/lca_tree_stress_v5...
    Sub-AC [1m2[0m of AC [1m3[0m → Bash: /bin/zsh -lc "python3 - <<'PY'
from pathlib import Path
i...
    Sub-AC [1m2[0m of AC [1m3[0m → Bash: /bin/zsh -lc "sed -n '1,260p' 
artifacts/lca_tree_stress_v...
    Sub-AC [1m2[0m of AC [1m3[0m → Bash: /bin/zsh -lc "rg -n 
\"strong_gate|comb_dense|[1m0[0m\\.[1m025121[0m|s...
    Sub-AC [1m2[0m of AC [1m3[0m → Edit: /Users/free_1/Library/Mobile 
Documents/iCloud~md~obsidian...
    Sub-AC [1m2[0m of AC [1m3[0m → Bash: /bin/zsh -lc 'bash -n solver_release_env.sh'
    Sub-AC [1m2[0m of AC [1m3[0m → Bash: /bin/zsh -lc 'source ./solver_release_env.sh && 
ENABLE_AC...
    Sub-AC [1m2[0m of AC [1m3[0m → Bash: /bin/zsh -lc "sed -n '1,260p' 
artifacts/lca_tree_stress_v...
    Sub-AC [1m2[0m of AC [1m3[0m → Edit: /Users/free_1/Library/Mobile 
Documents/iCloud~md~obsidian...
    Sub-AC [1m2[0m of AC [1m3[0m → Bash: /bin/zsh -lc 'bash -n solver_release_env.sh'
    Sub-AC [1m2[0m of AC [1m3[0m → Bash: /bin/zsh -lc 'source ./solver_release_env.sh && 
ENABLE_AC...
    Sub-AC [1m2[0m of AC [1m3[0m → Bash: /bin/zsh -lc "sed -n '1,260p' 
artifacts/lca_tree_stress_v...
    Sub-AC [1m2[0m of AC [1m3[0m → Bash: /bin/zsh -lc "rg -n \"def 
build_case_solver_env|build_cas...
    Sub-AC [1m2[0m of AC [1m3[0m → Bash: /bin/zsh -lc "sed -n '90,115p' 
../lca_tree_stress_v5/tool...
    Sub-AC [1m2[0m of AC [1m3[0m → Bash: /bin/zsh -lc 'source ./solver_release_env.sh && 
ENABLE_AC...
    Sub-AC [1m2[0m of AC [1m3[0m → Bash: /bin/zsh -lc "sed -n '1,260p' 
artifacts/lca_tree_stress_v...
    Sub-AC [1m2[0m of AC [1m3[0m → Edit: /Users/free_1/Library/Mobile 
Documents/iCloud~md~obsidian...
    Sub-AC [1m3[0m of AC [1m3[0m → Bash: /bin/zsh -lc "printf '%s
' boj28350_resume/README.md boj2...
    Sub-AC [1m3[0m of AC [1m3[0m → Bash: /bin/zsh -lc 'rg --files .'
    Sub-AC [1m3[0m of AC [1m3[0m → Bash: /bin/zsh -lc "sed -n '1,220p' 
artifacts/lca_tree_stress_v...
    Sub-AC [1m3[0m of AC [1m3[0m → Bash: /bin/zsh -lc "sed -n '1,260p' 
artifacts/lca_tree_stress_v...
    Sub-AC [1m3[0m of AC [1m3[0m → Bash: /bin/zsh -lc "sed -n '1,220p' 
.ouroboros/failure_analysis...
    Sub-AC [1m3[0m of AC [1m3[0m → Bash: /bin/zsh -lc "sed -n '1,260p' 
artifacts/lca_tree_stress_v...
    Sub-AC [1m3[0m of AC [1m3[0m → Bash: /bin/zsh -lc "sed -n '1,220p' 
.ouroboros/failure_analysis...
    Sub-AC [1m3[0m of AC [1m3[0m → Bash: /bin/zsh -lc "sed -n '1,220p' 
.ouroboros/failure_analysis...
    Sub-AC [1m3[0m of AC [1m3[0m → Bash: /bin/zsh -lc "sed -n '1,220p' 
boj28350_resume/current_sta...
    Sub-AC [1m3[0m of AC [1m3[0m → Bash: /bin/zsh -lc "sed -n '1,200p' 
boj28350_resume/README.md"
    Sub-AC [1m3[0m of AC [1m3[0m → Bash: /bin/zsh -lc "sed -n '1,200p' 
artifacts/lca_tree_stress_v...
    Sub-AC [1m3[0m of AC [1m3[0m → Bash: /bin/zsh -lc "sed -n '1,200p' 
artifacts/lca_tree_stress_v...
    Sub-AC [1m3[0m of AC [1m3[0m → Bash: /bin/zsh -lc "sed -n '1,220p' 
artifacts/lca_tree_stress_v...
    Sub-AC [1m3[0m of AC [1m3[0m → Bash: /bin/zsh -lc "sed -n '1,260p' 
boj28350_bundle_archive/boj...
    Sub-AC [1m3[0m of AC [1m3[0m → Bash: /bin/zsh -lc "sed -n '1,220p' 
boj28350_resume/progress40_...
    Sub-AC [1m3[0m of AC [1m3[0m → Bash: /bin/zsh -lc "sed -n '1,260p' 
boj28350_resume/next_sessio...
    Sub-AC [1m3[0m of AC [1m3[0m → Bash: /bin/zsh -lc "sed -n '1,260p' 
literature_grade_proof_pack...
    Sub-AC [1m3[0m of AC [1m3[0m → Bash: /bin/zsh -lc 'rg -n "zero-span|zero span|layout 
signature...
    Sub-AC [1m3[0m of AC [1m3[0m → Bash: /bin/zsh -lc "sed -n '1,120p' 
boj28350_resume/boj28350_br...
    Sub-AC [1m3[0m of AC [1m3[0m → Bash: /bin/zsh -lc "sed -n '426,520p' 
boj28350_resume/next_sess...
    Sub-AC [1m3[0m of AC [1m3[0m → Bash: /bin/zsh -lc "sed -n '1,260p' 
boj28350_integrated_technic...
    Sub-AC [1m3[0m of AC [1m3[0m → Bash: /bin/zsh -lc "sed -n '1,220p' 
boj28350_literature_progres...
    Sub-AC [1m3[0m of AC [1m3[0m → Bash: /bin/zsh -lc "diff -u --label progress40 --label 
branch3 ...
    Sub-AC [1m3[0m of AC [1m3[0m → Bash: /bin/zsh -lc 'rg -n 
"time_lgate_|lgate_|zero_span|zero sp...
    Sub-AC [1m3[0m of AC [1m3[0m → Bash: /bin/zsh -lc "sed -n '1,220p' lca_strong_gate.sh"
    Sub-AC [1m3[0m of AC [1m3[0m → Bash: /bin/zsh -lc "sed -n '1,260p' 
outer_suite_wrappers/lca_st...
    Sub-AC [1m3[0m of AC [1m3[0m → Bash: /bin/zsh -lc 'rg -n 
"max_n_mix|STAGE_FILTER|LCA_STAGE_FIL...
    Sub-AC [1m3[0m of AC [1m3[0m → Bash: /bin/zsh -lc "find artifacts -path '*max_n_mix*' 
\\[1m([0m -nam...
    Sub-AC [1m3[0m of AC [1m3[0m → Bash: /bin/zsh -lc "find artifacts/lca_tree_stress_v5 
-path '*/...
    Sub-AC [1m3[0m of AC [1m3[0m → Bash: /bin/zsh -lc "sed -n '320,430p' 
outer_suite_wrappers/lca_...
    Sub-AC [1m3[0m of AC [1m3[0m → Bash: /bin/zsh -lc 'for f in 
artifacts/strong_gate_max_n_mix_pr...
    Sub-AC [1m3[0m of AC [1m3[0m → Bash: /bin/zsh -lc "sed -n '1,220p' 
suite_presets/strong_gate.j...
    Sub-AC [1m3[0m of AC [1m3[0m → Bash: /bin/zsh -lc 'if [1m[[0m -f 
artifacts/lca_tree_stress_v5/.locks...
    Sub-AC [1m3[0m of AC [1m3[0m → Bash: /bin/zsh -lc "python3 - <<'PY'
from pathlib import Path
i...
    Sub-AC [1m3[0m of AC [1m3[0m → Bash: /bin/zsh -lc "sed -n '1,260p' 
solver_release_env.sh"
    Sub-AC [1m3[0m of AC [1m3[0m → Bash: /bin/zsh -lc 'for f in 
artifacts/strong_gate_max_n_mix_pr...
    Sub-AC [1m3[0m of AC [1m3[0m → Bash: /bin/zsh -lc "python3 - <<'PY'
from pathlib import Path
f...
    Sub-AC [1m3[0m of AC [1m3[0m → Bash: /bin/zsh -lc 'if [1m[[0m -f boj28350_resume/solve [1m][0m; then
ls -l...
    Sub-AC [1m3[0m of AC [1m3[0m → Bash: /bin/zsh -lc ./build.sh
    Sub-AC [1m3[0m of AC [1m3[0m → Bash: /bin/zsh -lc "find 
artifacts/lca_tree_stress_v5/.tmp/lca_...
    Sub-AC [1m3[0m of AC [1m3[0m → Bash: /bin/zsh -lc 'for f in 
artifacts/lca_tree_stress_v5/.tmp/...
    Sub-AC [1m3[0m of AC [1m3[0m → Bash: /bin/zsh -lc "find 
artifacts/lca_tree_stress_v5/.tmp/lca_...
    Sub-AC [1m3[0m of AC [1m3[0m → Bash: /bin/zsh -lc "find 
artifacts/lca_tree_stress_v5/.tmp/lca_...
    Sub-AC [1m3[0m of AC [1m3[0m → Bash: /bin/zsh -lc "find 
artifacts/lca_tree_stress_v5/.tmp/lca_...
    Sub-AC [1m3[0m of AC [1m3[0m → Bash: /bin/zsh -lc "find 
artifacts/lca_tree_stress_v5/.tmp/lca_...
    Sub-AC [1m3[0m of AC [1m3[0m → Bash: /bin/zsh -lc "find 
artifacts/lca_tree_stress_v5/.tmp/lca_...
    Sub-AC [1m3[0m of AC [1m3[0m → Bash: /bin/zsh -lc 'for f in $[1m([0mfind 
artifacts/lca_tree_stress_v...
    Sub-AC [1m3[0m of AC [1m3[0m → Bash: /bin/zsh -lc 'rg -n 
"time.txt|solver_stderr.txt|timeout|c...
    Sub-AC [1m3[0m of AC [1m3[0m → Bash: /bin/zsh -lc 'LCA_STAGE_FILTER=max_n_mix 
./lca_strong_gat...
    Sub-AC [1m3[0m of AC [1m3[0m → Bash: /bin/zsh -lc "sed -n '200,420p' branch_run_case.py"
    Sub-AC [1m3[0m of AC [1m3[0m → Bash: /bin/zsh -lc "sed -n '1,260p' boj28350_resume.py"
    Sub-AC [1m3[0m of AC [1m3[0m → Bash: /bin/zsh -lc "sed -n '1,240p' build.py"
    Sub-AC [1m3[0m of AC [1m3[0m → Bash: /bin/zsh -lc 'for f in 
artifacts/lca_tree_stress_v5/stron...
    Sub-AC [1m3[0m of AC [1m3[0m → Bash: /bin/zsh -lc "python3 - <<'PY'
from pathlib import Path
r...
    Sub-AC [1m3[0m of AC [1m3[0m → Bash: /bin/zsh -lc "sed -n '1,220p' 
boj28350_resume/solve"
    Sub-AC [1m3[0m of AC [1m3[0m → Bash: /bin/zsh -lc "sed -n '280,390p' 
branch_certify_suite.py"
    Sub-AC [1m3[0m of AC [1m3[0m → Bash: /bin/zsh -lc 'rg -n 
"build_case_solver_env|apply_solver_e...
    Sub-AC [1m3[0m of AC [1m3[0m → Bash: /bin/zsh -lc "python3 - <<'PY'
from pathlib import Path
f...
    Sub-AC [1m3[0m of AC [1m3[0m → Bash: /bin/zsh -lc "sed -n '1,140p' branch_run_case.py"
    Sub-AC [1m3[0m of AC [1m3[0m → Bash: /bin/zsh -lc "find 
artifacts/lca_tree_stress_v5/strong_ga...
    Sub-AC [1m3[0m of AC [1m3[0m → Bash: /bin/zsh -lc 'for f in $[1m([0mfind 
artifacts/lca_tree_stress_v...
    Sub-AC [1m3[0m of AC [1m3[0m → Bash: /bin/zsh -lc "find 
artifacts/strong_gate_max_n_mix_probe ...
    Sub-AC [1m3[0m of AC [1m3[0m → Bash: /bin/zsh -lc 'for f in $[1m([0mfind 
artifacts/strong_gate_max_n...
    Sub-AC [1m3[0m of AC [1m3[0m → Bash: /bin/zsh -lc 'diff -u --speed-large-files 
boj28350_bundle...
    Sub-AC [1m3[0m of AC [1m3[0m → Bash: /bin/zsh -lc "sed -n '10040,10110p' 
boj28350_bundle_archi...
    Sub-AC [1m3[0m of AC [1m3[0m → Bash: /bin/zsh -lc "sed -n '10235,10310p' 
boj28350_resume/boj28...
    Sub-AC [1m3[0m of AC [1m3[0m → Bash: /bin/zsh -lc 'for d in 
artifacts/lca_tree_stress_v5/max_n...
    Sub-AC [1m3[0m of AC [1m3[0m → Bash: /bin/zsh -lc "sed -n '14880,15220p' 
boj28350_resume/boj28...
    Sub-AC [1m3[0m of AC [1m3[0m → Bash: /bin/zsh -lc 'rg -n 
"ac3_progress_diag_enabled|ac3_progre...
    Sub-AC [1m3[0m of AC [1m3[0m → Bash: /bin/zsh -lc "python3 - <<'PY'
from pathlib import Path
p...
    Sub-AC [1m3[0m of AC [1m3[0m → Bash: /bin/zsh -lc "sed -n '15280,15380p' 
boj28350_resume/boj28...
    Sub-AC [1m3[0m of AC [1m3[0m → Bash: /bin/zsh -lc 'ls -lT 
artifacts/lca_tree_stress_v5/max_n_m...
    Sub-AC [1m3[0m of AC [1m3[0m → Bash: /bin/zsh -lc "rg -n \"void init\\[1m([0m|init\\[1m([0m\" 
boj28350_res...
    Sub-AC [1m3[0m of AC [1m3[0m → Bash: /bin/zsh -lc "diff -u --speed-large-files 
boj28350_bundle...
    Sub-AC [1m3[0m of AC [1m3[0m → Bash: /bin/zsh -lc "sed -n '14380,14780p' 
boj28350_resume/boj28...
    Sub-AC [1m3[0m of AC [1m3[0m → Bash: /bin/zsh -lc 'for d in 
artifacts/lca_tree_stress_v5/max_n...
    Sub-AC [1m3[0m of AC [1m3[0m → Bash: /bin/zsh -lc "sed -n '14755,15380p' 
boj28350_resume/boj28...
    Sub-AC [1m3[0m of AC [1m3[0m → Bash: /bin/zsh -lc "sed -n '13430,13520p' 
boj28350_bundle_archi...
    Sub-AC [1m3[0m of AC [1m3[0m → Bash: /bin/zsh -lc "sed -n '14535,15110p' 
boj28350_bundle_archi...
    Sub-AC [1m3[0m of AC [1m3[0m → Bash: /bin/zsh -lc "sed -n '13635,13740p' 
boj28350_resume/boj28...
    Sub-AC [1m3[0m of AC [1m3[0m → Edit: /Users/free_1/Library/Mobile 
Documents/iCloud~md~obsidian...
    Sub-AC [1m3[0m of AC [1m3[0m → Bash: /bin/zsh -lc ./build.sh
    Sub-AC [1m3[0m of AC [1m3[0m → Bash: /bin/zsh -lc "python3 - <<'PY'
import os
import subproces...
    Sub-AC [1m3[0m of AC [1m3[0m → Bash: /bin/zsh -lc 'ls -lT 
artifacts/lca_tree_stress_v5/max_n_m...
    Sub-AC [1m3[0m of AC [1m3[0m → Bash: /bin/zsh -lc "python3 - <<'PY'
from pathlib import Path
p...
    Sub-AC [1m3[0m of AC [1m3[0m → Bash: /bin/zsh -lc "echo 'FILE 
artifacts/lca_tree_stress_v5/max...
    Sub-AC [1m3[0m of AC [1m3[0m → Bash: /bin/zsh -lc 'for f in 
artifacts/strong_gate_max_n_mix_pr...
    Sub-AC [1m3[0m of AC [1m3[0m → Bash: /bin/zsh -lc "sed -n '1,260p' branch_gen_case.py"
    Sub-AC [1m3[0m of AC [1m3[0m → Bash: /bin/zsh -lc 'for base in 
balanced_dense/n50000/seed1_L1_...
    Sub-AC [1m3[0m of AC [1m3[0m → Bash: /bin/zsh -lc "pkill -f 
'/Users/free_1/Library/Mobile Docu...
    Sub-AC [1m3[0m of AC [1m3[0m → Bash: /bin/zsh -lc "python3 - <<'PY'
import os
import signal
im...
    Sub-AC [1m3[0m of AC [1m3[0m → Bash: /bin/zsh -lc 'ls -lT 
artifacts/lca_tree_stress_v5/max_n_m...
    Sub-AC [1m3[0m of AC [1m3[0m → Bash: /bin/zsh -lc "echo 'FILE 
artifacts/lca_tree_stress_v5/max...
    Sub-AC [1m3[0m of AC [1m3[0m → Bash: /bin/zsh -lc "python3 - <<'PY'
from pathlib import Path
p...
    Sub-AC [1m3[0m of AC [1m3[0m → Bash: /bin/zsh -lc "sed -n '1,320p' artifact_paths.py"
    Sub-AC [1m3[0m of AC [1m3[0m → Bash: /bin/zsh -lc 'rg -n 
"resolve_tmp_path|boj28350_direct_sol...
    Sub-AC [1m3[0m of AC [1m3[0m → Bash: /bin/zsh -lc "python3 - <<'PY'
import time
import subproc...
    Sub-AC [1m3[0m of AC [1m3[0m → Bash: /bin/zsh -lc "sed -n '5320,5480p' 
boj28350_resume/boj2835...
    Sub-AC [1m3[0m of AC [1m3[0m → Bash: /bin/zsh -lc "rg -n \"void 
init\\[1m([0m|rebuildSupport\\[1m([0m|anno...
    Sub-AC [1m3[0m of AC [1m3[0m → Bash: /bin/zsh -lc "sed -n '5480,5900p' 
boj28350_resume/boj2835...
    Sub-AC [1m3[0m of AC [1m3[0m → Bash: /bin/zsh -lc "rg -n \"initializeOwnerExact\\[1m([0m\" 
boj28350_...
    Sub-AC [1m3[0m of AC [1m3[0m → Bash: /bin/zsh -lc "sed -n '5000,5320p' 
boj28350_resume/boj2835...
    Sub-AC [1m3[0m of AC [1m3[0m → Bash: /bin/zsh -lc "diff -u --speed-large-files 
boj28350_bundle...
    Sub-AC [1m3[0m of AC [1m3[0m → Edit: /Users/free_1/Library/Mobile 
Documents/iCloud~md~obsidian...
    Sub-AC [1m3[0m of AC [1m3[0m → Bash: /bin/zsh -lc ./build.sh
    Sub-AC [1m3[0m of AC [1m3[0m → Bash: /bin/zsh -lc "python3 - <<'PY'
import os
import signal
im...
    Sub-AC [1m3[0m of AC [1m3[0m → Bash: /bin/zsh -lc "echo 'FILE 
artifacts/lca_tree_stress_v5/max...
    Sub-AC [1m3[0m of AC [1m3[0m → Bash: /bin/zsh -lc 'ls -lT 
artifacts/lca_tree_stress_v5/max_n_m...
    Sub-AC [1m3[0m of AC [1m3[0m → Bash: /bin/zsh -lc "python3 - <<'PY'
from pathlib import Path
p...
    Sub-AC [1m3[0m of AC [1m3[0m → Edit: /Users/free_1/Library/Mobile 
Documents/iCloud~md~obsidian...
    Sub-AC [1m3[0m of AC [1m3[0m → Bash: /bin/zsh -lc ./build.sh
    Sub-AC [1m3[0m of AC [1m3[0m → Bash: /bin/zsh -lc "python3 - <<'PY'
import os
import signal
im...
    Sub-AC [1m3[0m of AC [1m3[0m → Bash: /bin/zsh -lc 'ls -lT 
artifacts/lca_tree_stress_v5/max_n_m...
    Sub-AC [1m3[0m of AC [1m3[0m → Bash: /bin/zsh -lc "sed -n '1,260p' 
artifacts/lca_tree_stress_v...
    Sub-AC [1m3[0m of AC [1m3[0m → Bash: /bin/zsh -lc "python3 - <<'PY'
from pathlib import Path
p...
    Sub-AC [1m3[0m of AC [1m3[0m → Bash: /bin/zsh -lc 'rg -n 
"computeOwnerExactMap|applyOwnerParti...
    Sub-AC [1m3[0m of AC [1m3[0m → Bash: /bin/zsh -lc "sed -n '4380,4545p' 
boj28350_resume/boj2835...
    Sub-AC [1m3[0m of AC [1m3[0m → Bash: /bin/zsh -lc "sed -n '4545,4770p' 
boj28350_resume/boj2835...
    Sub-AC [1m3[0m of AC [1m3[0m → Bash: /bin/zsh -lc "diff -u --speed-large-files 
boj28350_bundle...
    Sub-AC [1m3[0m of AC [1m3[0m → Bash: /bin/zsh -lc 'rg -n 
"Popen|start_new_session|killpg|termi...
    Sub-AC [1m3[0m of AC [1m3[0m → Bash: /bin/zsh -lc "sed -n '1,380p' suite_utils.py"
    Sub-AC [1m3[0m of AC [1m3[0m → Bash: /bin/zsh -lc "sed -n '100,340p' suite_utils.py"
    Sub-AC [1m3[0m of AC [1m3[0m → Bash: /bin/zsh -lc "find boj28350_bundle_archive -type f 
\\[1m([0m -n...
    Sub-AC [1m3[0m of AC [1m3[0m → Bash: /bin/zsh -lc "find artifacts -maxdepth [1m3[0m -type f 
\\[1m([0m -nam...
    Sub-AC [1m3[0m of AC [1m3[0m → Bash: /bin/zsh -lc "rg -n 
\"strong_gate_max_n_mix_probe|max_n_m...
    Sub-AC [1m3[0m of AC [1m3[0m → Bash: /bin/zsh -lc 'for f in 
artifacts/max_n_mix_probe_current/...
    Sub-AC [1m3[0m of AC [1m3[0m → Bash: /bin/zsh -lc "find 
artifacts/lca_tree_stress_v5/profile -...
    Sub-AC [1m3[0m of AC [1m3[0m → Bash: /bin/zsh -lc "python3 - <<'PY'
from pathlib import Path
f...
    Sub-AC [1m3[0m of AC [1m3[0m → Bash: /bin/zsh -lc 'cp 
boj28350_bundle_archive/boj28350_literat...
    Sub-AC [1m3[0m of AC [1m3[0m → Bash: /bin/zsh -lc 'mkdir -p 
artifacts/lca_tree_stress_v5/retry...
    Sub-AC [1m3[0m of AC [1m3[0m → Bash: /bin/zsh -lc pwd
    Sub-AC [1m3[0m of AC [1m3[0m → Bash: /bin/zsh -lc ./build.sh
    Sub-AC [1m3[0m of AC [1m3[0m → Bash: /bin/zsh -lc "sed -n '1,80p' 
artifacts/lca_tree_stress_v5...
    Sub-AC [1m3[0m of AC [1m3[0m → Bash: /bin/zsh -lc "sed -n '1,80p' 
boj28350_resume/boj28350_bra...
    Sub-AC [1m3[0m of AC [1m3[0m → Bash: /bin/zsh -lc "sed -n '1,220p' build.py"
    Sub-AC [1m3[0m of AC [1m3[0m → Edit: /Users/free_1/Library/Mobile 
Documents/iCloud~md~obsidian...
    Sub-AC [1m3[0m of AC [1m3[0m → Bash: /bin/zsh -lc ./build.sh
    Sub-AC [1m3[0m of AC [1m3[0m → Bash: /bin/zsh -lc 'git status --short 
boj28350_resume/boj28350...
    Sub-AC [1m3[0m of AC [1m3[0m → Bash: /bin/zsh -lc "mkdir -p 
artifacts/lca_tree_stress_v5/max_n...
    Sub-AC [1m3[0m of AC [1m3[0m → Bash: /bin/zsh -lc 'find 
artifacts/lca_tree_stress_v5/.tmp/lca_...
    Sub-AC [1m3[0m of AC [1m3[0m → Bash: /bin/zsh -lc 'LCA_STAGE_FILTER=max_n_mix 
./lca_strong_gat...
    Sub-AC [1m3[0m of AC [1m3[0m → Bash: /bin/zsh -lc "sed -n '1,220p' 
artifacts/lca_tree_stress_v...
    Sub-AC [1m3[0m of AC [1m3[0m → Bash: /bin/zsh -lc "sed -n '1,160p' 
solver_release_env.sh"
    Sub-AC [1m3[0m of AC [1m3[0m → Bash: /bin/zsh -lc "python3 - <<'PY'
import json, pathlib
for p...
    Sub-AC [1m3[0m of AC [1m3[0m → Bash: /bin/zsh -lc "sed -n '1,220p' 
artifacts/lca_tree_stress_v...
    Sub-AC [1m3[0m of AC [1m3[0m → Bash: /bin/zsh -lc "sed -n '1,220p' 
artifacts/max_n_mix_probe_c...
    Sub-AC [1m3[0m of AC [1m3[0m → Bash: /bin/zsh -lc "python3 - <<'PY'
import json
from pathlib i...
    Sub-AC [1m3[0m of AC [1m3[0m → Bash: /bin/zsh -lc 'find 
artifacts/lca_tree_stress_v5/strong_ga...
    Sub-AC [1m3[0m of AC [1m3[0m → Bash: /bin/zsh -lc 'find 
artifacts/max_n_mix_probe_current/runs...
    Sub-AC [1m3[0m of AC [1m3[0m → Bash: /bin/zsh -lc "sed -n '1,220p' lca_strong_gate.sh"
    Sub-AC [1m3[0m of AC [1m3[0m → Bash: /bin/zsh -lc "sed -n '1,260p' branch_run_case.py"
    Sub-AC [1m3[0m of AC [1m3[0m → Bash: /bin/zsh -lc "sed -n '260,420p' branch_run_case.py"
    Sub-AC [1m3[0m of AC [1m3[0m → Bash: /bin/zsh -lc "sed -n '1,280p' 
outer_suite_wrappers/lca_st...
    Sub-AC [1m3[0m of AC [1m3[0m → Bash: /bin/zsh -lc 'rg -n "def 
run_solver_with_time|time_path|/...
    Sub-AC [1m3[0m of AC [1m3[0m → Bash: /bin/zsh -lc "sed -n '280,520p' 
outer_suite_wrappers/lca_...
    Sub-AC [1m3[0m of AC [1m3[0m → Bash: /bin/zsh -lc "sed -n '1,220p' 
boj28350_resume/solve"
    Sub-AC [1m3[0m of AC [1m3[0m → Bash: /bin/zsh -lc "sed -n '1,380p' suite_utils.py"
    Sub-AC [1m3[0m of AC [1m3[0m → Bash: /bin/zsh -lc 'rg -n 
"case_cache|cache|run_case|time.txt|s...
    Sub-AC [1m3[0m of AC [1m3[0m → Bash: /bin/zsh -lc "python3 - <<'PY'
import json
from pathlib i...
    Sub-AC [1m3[0m of AC [1m3[0m → Bash: /bin/zsh -lc "find 
artifacts/lca_tree_stress_v5/strong_ga...
    Sub-AC [1m3[0m of AC [1m3[0m → Bash: /bin/zsh -lc "find 
artifacts/lca_tree_stress_v5/strong_ga...
    Sub-AC [1m3[0m of AC [1m3[0m → Bash: /bin/zsh -lc "python3 - <<'PY'
from pathlib import Path
f...
    Sub-AC [1m3[0m of AC [1m3[0m → Bash: /bin/zsh -lc "python3 - <<'PY'
from pathlib import Path
f...
    Sub-AC [1m3[0m of AC [1m3[0m → Bash: /bin/zsh -lc "source ./solver_release_env.sh && 
python3 -...
    Sub-AC [1m3[0m of AC [1m3[0m → Bash: /bin/zsh -lc 'rg -n 
"ENABLE_|zero-span|fastpath|layout si...
    Sub-AC [1m3[0m of AC [1m3[0m → Bash: /bin/zsh -lc 'rg -n 
"ENABLE_[1m[[0mA-Z0-9_[1m][0m+|runtime_env_enable...
    Sub-AC [1m3[0m of AC [1m3[0m → Bash: /bin/zsh -lc "find boj28350_bundle_archive 
-maxdepth [1m2[0m -t...
    Sub-AC [1m3[0m of AC [1m3[0m → Bash: /bin/zsh -lc "rg -n 
\"ENABLE_[1m[[0mA-Z0-9_[1m][0m+|solver_release_en...
    Sub-AC [1m3[0m of AC [1m3[0m → Bash: /bin/zsh -lc "sed -n '1,220p' 
boj28350_bundle_archive/pro...
    Sub-AC [1m3[0m of AC [1m3[0m → Bash: /bin/zsh -lc 'rg -n 
"ENABLE_|delta_mode|env|PROFILE_MODE|...
    Sub-AC [1m3[0m of AC [1m3[0m → Bash: /bin/zsh -lc "rg -n 
\"ENABLE_COMPACT_RELEASE_DIAG|checkpo...
    Sub-AC [1m3[0m of AC [1m3[0m → Bash: /bin/zsh -lc "python3 - <<'PY'
import json
from pathlib i...
    Sub-AC [1m3[0m of AC [1m3[0m → Bash: /bin/zsh -lc "sed -n '3510,3545p' 
boj28350_resume/boj2835...
    Sub-AC [1m3[0m of AC [1m3[0m → Bash: /bin/zsh -lc "sed -n '1098,1135p' 
boj28350_resume/boj2835...
    Sub-AC [1m3[0m of AC [1m3[0m → Bash: /bin/zsh -lc "python3 - <<'PY'
from pathlib import Path
f...
    Sub-AC [1m3[0m of AC [1m3[0m → Bash: /bin/zsh -lc "rg -n 
\"ENABLE_|PROFILE_|RUN_TAG|delta_mode...
    Sub-AC [1m3[0m of AC [1m3[0m → Bash: /bin/zsh -lc "sed -n '9400,10080p' 
boj28350_resume/boj283...
    Sub-AC [1m3[0m of AC [1m3[0m → Bash: /bin/zsh -lc "sed -n '8800,9400p' 
boj28350_resume/boj2835...
    Sub-AC [1m3[0m of AC [1m3[0m → Bash: /bin/zsh -lc "rg -n 
\"initializeOwnerExact|computeOwnerEx...
    Sub-AC [1m3[0m of AC [1m3[0m → Bash: /bin/zsh -lc "sed -n '4880,4945p' 
boj28350_resume/boj2835...
    Sub-AC [1m3[0m of AC [1m3[0m → Bash: /bin/zsh -lc "sed -n '4240,4385p' 
boj28350_resume/boj2835...
    Sub-AC [1m3[0m of AC [1m3[0m → Bash: /bin/zsh -lc "sed -n '5260,5325p' 
boj28350_resume/boj2835...
    Sub-AC [1m3[0m of AC [1m3[0m → Bash: /bin/zsh -lc "rg -n 
\"ownerEndpoints_|endpointClass_|clas...
    Sub-AC [1m3[0m of AC [1m3[0m → Bash: /bin/zsh -lc "sed -n '4160,4245p' 
boj28350_resume/boj2835...
    Sub-AC [1m3[0m of AC [1m3[0m → Bash: /bin/zsh -lc "sed -n '13960,14260p' 
boj28350_resume/boj28...
    Sub-AC [1m3[0m of AC [1m3[0m → Bash: /bin/zsh -lc "rg -n \"struct 
.*Query|owner|a;|b;|read.*qu...
    Sub-AC [1m3[0m of AC [1m3[0m → Bash: /bin/zsh -lc 'rg -n 
"OwnerBucketContext|bucket|childInter...
    Sub-AC [1m3[0m of AC [1m3[0m → Bash: /bin/zsh -lc "sed -n '4945,5265p' 
boj28350_resume/boj2835...
    Sub-AC [1m3[0m of AC [1m3[0m → Bash: /bin/zsh -lc "sed -n '4585,4865p' 
boj28350_resume/boj2835...
    Sub-AC [1m3[0m of AC [1m3[0m → Bash: /bin/zsh -lc "sed -n '4410,4585p' 
boj28350_resume/boj2835...
    Sub-AC [1m3[0m of AC [1m3[0m → Bash: /bin/zsh -lc "rg -n \"u, v, 
w|queries.append|owner|endpoi...
    Sub-AC [1m3[0m of AC [1m3[0m → Bash: /bin/zsh -lc "sed -n '1,260p' branch_gen_case.py"
    Sub-AC [1m3[0m of AC [1m3[0m → Bash: /bin/zsh -lc "sed -n '1,220p' 
branch_generators/query_pat...
    Sub-AC [1m3[0m of AC [1m3[0m → Bash: /bin/zsh -lc "sed -n '220,340p' 
branch_generators/query_p...
    Sub-AC [1m3[0m of AC [1m3[0m → Bash: /bin/zsh -lc "rg -n \"edgeIdOf\\[1m([0m|int edgeIdOf\" 
boj28350...
    Sub-AC [1m3[0m of AC [1m3[0m → Bash: /bin/zsh -lc "sed -n '3570,3625p' 
boj28350_resume/boj2835...
    Sub-AC [1m3[0m of AC [1m3[0m → Bash: /bin/zsh -lc "sed -n '16880,17180p' 
boj28350_resume/boj28...
    Sub-AC [1m3[0m of AC [1m3[0m → Bash: /bin/zsh -lc "rg -n 
\"RawQuery|BranchQuery|multiplicity|t...
    Sub-AC [1m3[0m of AC [1m3[0m → Bash: /bin/zsh -lc "sed -n '900,1040p' 
boj28350_resume/boj28350...
    Sub-AC [1m3[0m of AC [1m3[0m → Bash: /bin/zsh -lc "rg -n 
\"multiplicity|rawQueries|branchQueri...
    Sub-AC [1m3[0m of AC [1m3[0m → Bash: /bin/zsh -lc "sed -n '15040,15105p' 
boj28350_resume/boj28...
    Sub-AC [1m3[0m of AC [1m3[0m → Bash: /bin/zsh -lc "rg -n 
\"hasLastDeleteArtifact|buildOwnerBuc...
    Sub-AC [1m3[0m of AC [1m3[0m → Edit: /Users/free_1/Library/Mobile 
Documents/iCloud~md~obsidian...
    Sub-AC [1m3[0m of AC [1m3[0m → Bash: /bin/zsh -lc ./build.sh
    Sub-AC [1m3[0m of AC [1m3[0m → Bash: /bin/zsh -lc "source ./solver_release_env.sh && 
python3 -...
    Sub-AC [1m3[0m of AC [1m3[0m → Bash: /bin/zsh -lc "source ./solver_release_env.sh && 
python3 -...
    Sub-AC [1m3[0m of AC [1m3[0m → Bash: /bin/zsh -lc "python3 - <<'PY'
from pathlib import Path
p...
    Sub-AC [1m3[0m of AC [1m3[0m → Bash: /bin/zsh -lc "rg -n 
\"compact_release_diag_case_start|com...
    Sub-AC [1m3[0m of AC [1m3[0m → Bash: /bin/zsh -lc "rg -n 
\"compact_release_diag_case_start\\[1m([0m|...
    Sub-AC [1m3[0m of AC [1m3[0m → Bash: /bin/zsh -lc 'rg -n 
"progress_init_done|progress_init|cas...
    Sub-AC [1m3[0m of AC [1m3[0m → Bash: /bin/zsh -lc "sed -n '3538,3560p' 
boj28350_resume/boj2835...
    Sub-AC [1m3[0m of AC [1m3[0m → Bash: /bin/zsh -lc "sed -n '1,160p' build.sh"
    Sub-AC [1m3[0m of AC [1m3[0m → Bash: /bin/zsh -lc "sed -n '930,1035p' 
artifacts/lca_tree_stres...
    Sub-AC [1m3[0m of AC [1m3[0m → Bash: /bin/zsh -lc 'rg -n 
"ENABLE_AC3_INIT_DIAG|AC3_INIT_PROGRE...
    Sub-AC [1m3[0m of AC [1m3[0m → Bash: /bin/zsh -lc "sed -n '5265,5325p' 
artifacts/lca_tree_stre...
    Sub-AC [1m3[0m of AC [1m3[0m → Edit: /Users/free_1/Library/Mobile 
Documents/iCloud~md~obsidian...
    Sub-AC [1m3[0m of AC [1m3[0m → Edit: /Users/free_1/Library/Mobile 
Documents/iCloud~md~obsidian...
    Sub-AC [1m3[0m of AC [1m3[0m → Bash: /bin/zsh -lc "sed -n '14196,14290p' 
boj28350_resume/boj28...
    Sub-AC [1m3[0m of AC [1m3[0m → Bash: /bin/zsh -lc "sed -n '14290,14385p' 
boj28350_resume/boj28...
    Sub-AC [1m3[0m of AC [1m3[0m → Bash: /bin/zsh -lc "sed -n '14385,14455p' 
boj28350_resume/boj28...
    Sub-AC [1m3[0m of AC [1m3[0m → Bash: /bin/zsh -lc "sed -n '15080,15140p' 
boj28350_resume/boj28...
    Sub-AC [1m3[0m of AC [1m3[0m → Bash: /bin/zsh -lc "sed -n '15140,15225p' 
boj28350_resume/boj28...
    Sub-AC [1m3[0m of AC [1m3[0m → Bash: /bin/zsh -lc "sed -n '15225,15310p' 
boj28350_resume/boj28...
    Sub-AC [1m3[0m of AC [1m3[0m → Edit: /Users/free_1/Library/Mobile 
Documents/iCloud~md~obsidian...
    Sub-AC [1m3[0m of AC [1m3[0m → Bash: /bin/zsh -lc ./build.sh
    Sub-AC [1m3[0m of AC [1m3[0m → Bash: /bin/zsh -lc "source ./solver_release_env.sh && 
python3 -...
    Sub-AC [1m3[0m of AC [1m3[0m → Bash: /bin/zsh -lc "python3 - <<'PY'
from pathlib import Path
p...
    Sub-AC [1m3[0m of AC [1m3[0m → Edit: /Users/free_1/Library/Mobile 
Documents/iCloud~md~obsidian...
    Sub-AC [1m3[0m of AC [1m3[0m → Bash: /bin/zsh -lc ./build.sh
    Sub-AC [1m3[0m of AC [1m3[0m → Bash: /bin/zsh -lc "source ./solver_release_env.sh && 
python3 -...
    Sub-AC [1m3[0m of AC [1m3[0m → Bash: /bin/zsh -lc "python3 - <<'PY'
from pathlib import Path
p...
    Sub-AC [1m3[0m of AC [1m3[0m → Bash: /bin/zsh -lc "sed -n '11880,12170p' 
boj28350_resume/boj28...
    Sub-AC [1m3[0m of AC [1m3[0m → Bash: /bin/zsh -lc "sed -n '5940,7125p' 
boj28350_resume/boj2835...
    Sub-AC [1m3[0m of AC [1m3[0m → Bash: /bin/zsh -lc "rg -n \"struct 
ClassState|classState\\[1m([0m|reb...
    Sub-AC [1m3[0m of AC [1m3[0m → Bash: /bin/zsh -lc "sed -n '10890,11070p' 
boj28350_resume/boj28...
    Sub-AC [1m3[0m of AC [1m3[0m → Bash: /bin/zsh -lc "rg -n 
\"artifactStamp|buildSupportProductFr...
    Sub-AC [1m3[0m of AC [1m3[0m → Bash: /bin/zsh -lc "sed -n '10340,10680p' 
boj28350_resume/boj28...
    Sub-AC [1m3[0m of AC [1m3[0m → Edit: /Users/free_1/Library/Mobile 
Documents/iCloud~md~obsidian...
    Sub-AC [1m3[0m of AC [1m3[0m → Edit: /Users/free_1/Library/Mobile 
Documents/iCloud~md~obsidian...
    Sub-AC [1m3[0m of AC [1m3[0m → Bash: /bin/zsh -lc ./build.sh
    Sub-AC [1m3[0m of AC [1m3[0m → Bash: /bin/zsh -lc "source ./solver_release_env.sh && 
python3 -...
    Sub-AC [1m3[0m of AC [1m3[0m → Bash: /bin/zsh -lc "python3 - <<'PY'
from pathlib import Path
p...
    Sub-AC [1m3[0m of AC [1m3[0m → Bash: /bin/zsh -lc "source ./solver_release_env.sh && 
python3 -...
    Sub-AC [1m3[0m of AC [1m3[0m → Edit: /Users/free_1/Library/Mobile 
Documents/iCloud~md~obsidian...
    Sub-AC [1m3[0m of AC [1m3[0m → Bash: /bin/zsh -lc ./build.sh
    Sub-AC [1m3[0m of AC [1m3[0m → Bash: /bin/zsh -lc "source ./solver_release_env.sh && 
python3 -...
    Sub-AC [1m3[0m of AC [1m3[0m → Bash: /bin/zsh -lc "python3 - <<'PY'
from pathlib import Path
p...
    Sub-AC [1m3[0m of AC [1m3[0m → Bash: /bin/zsh -lc "source ./solver_release_env.sh && 
python3 -...
    Sub-AC [1m3[0m of AC [1m3[0m → Bash: /bin/zsh -lc "sed -n '14930,15035p' 
boj28350_resume/boj28...
    Sub-AC [1m3[0m of AC [1m3[0m → Bash: /bin/zsh -lc "sed -n '14455,14930p' 
boj28350_resume/boj28...
    Sub-AC [1m3[0m of AC [1m3[0m → Edit: /Users/free_1/Library/Mobile 
Documents/iCloud~md~obsidian...
    Sub-AC [1m3[0m of AC [1m3[0m → Bash: /bin/zsh -lc ./build.sh
    Sub-AC [1m3[0m of AC [1m3[0m → Bash: /bin/zsh -lc "source ./solver_release_env.sh && 
python3 -...
    Sub-AC [1m3[0m of AC [1m3[0m → Bash: /bin/zsh -lc "python3 - <<'PY'
from pathlib import Path
p...
    Sub-AC [1m3[0m of AC [1m3[0m → Bash: /bin/zsh -lc "source ./solver_release_env.sh && 
python3 -...
    Sub-AC [1m3[0m of AC [1m3[0m → Bash: /bin/zsh -lc "python3 - <<'PY'
from pathlib import Path
p...
    Sub-AC [1m3[0m of AC [1m3[0m → Edit: /Users/free_1/Library/Mobile 
Documents/iCloud~md~obsidian...
    Sub-AC [1m3[0m of AC [1m3[0m → Bash: /bin/zsh -lc ./build.sh
    Sub-AC [1m3[0m of AC [1m3[0m → Edit: /Users/free_1/Library/Mobile 
Documents/iCloud~md~obsidian...
    Sub-AC [1m3[0m of AC [1m3[0m → Bash: /bin/zsh -lc ./build.sh
    Sub-AC [1m3[0m of AC [1m3[0m → Bash: /bin/zsh -lc "source ./solver_release_env.sh && 
python3 -...
    Sub-AC [1m3[0m of AC [1m3[0m → Bash: /bin/zsh -lc "python3 - <<'PY'
from pathlib import Path
p...
    Sub-AC [1m3[0m of AC [1m3[0m → Edit: /Users/free_1/Library/Mobile 
Documents/iCloud~md~obsidian...
    Sub-AC [1m3[0m of AC [1m3[0m → Bash: /bin/zsh -lc ./build.sh
    Sub-AC [1m3[0m of AC [1m3[0m → Bash: /bin/zsh -lc "source ./solver_release_env.sh && 
python3 -...
    Sub-AC [1m3[0m of AC [1m3[0m → Bash: /bin/zsh -lc "python3 - <<'PY'
from pathlib import Path
p...
    Sub-AC [1m3[0m of AC [1m3[0m → Bash: /bin/zsh -lc "python3 - <<'PY'
from pathlib import Path
t...
    Sub-AC [1m3[0m of AC [1m3[0m → Edit: /Users/free_1/Library/Mobile 
Documents/iCloud~md~obsidian...
    Sub-AC [1m3[0m of AC [1m3[0m → Bash: /bin/zsh -lc ./build.sh
    Sub-AC [1m3[0m of AC [1m3[0m → Bash: /bin/zsh -lc "source ./solver_release_env.sh && 
python3 -...
    Sub-AC [1m3[0m of AC [1m3[0m → Bash: /bin/zsh -lc "python3 - <<'PY'
from pathlib import Path
t...
    Sub-AC [1m3[0m of AC [1m3[0m → Edit: /Users/free_1/Library/Mobile 
Documents/iCloud~md~obsidian...
    Sub-AC [1m3[0m of AC [1m3[0m → Bash: /bin/zsh -lc "mkdir -p 
artifacts/lca_tree_stress_v5/max_n...
    Sub-AC [1m3[0m of AC [1m3[0m → Bash: /bin/zsh -lc ./build.sh
    Sub-AC [1m3[0m of AC [1m3[0m → Bash: /bin/zsh -lc "source ./solver_release_env.sh && 
python3 -...
    Sub-AC [1m3[0m of AC [1m3[0m → Bash: /bin/zsh -lc "source ./solver_release_env.sh && 
python3 -...
    Sub-AC [1m3[0m of AC [1m3[0m → Bash: /bin/zsh -lc "python3 - <<'PY'
from pathlib import Path
t...
    Sub-AC [1m3[0m of AC [1m3[0m → Edit: /Users/free_1/Library/Mobile 
Documents/iCloud~md~obsidian...
    Sub-AC [1m3[0m of AC [1m3[0m → Bash: /bin/zsh -lc ./build.sh
    Sub-AC [1m3[0m of AC [1m3[0m → Bash: /bin/zsh -lc "source ./solver_release_env.sh && 
python3 -...
    Sub-AC [1m3[0m of AC [1m3[0m → Bash: /bin/zsh -lc "python3 - <<'PY'
from pathlib import Path
t...
    Sub-AC [1m3[0m of AC [1m3[0m → Edit: /Users/free_1/Library/Mobile 
Documents/iCloud~md~obsidian...
    Sub-AC [1m3[0m of AC [1m3[0m → Bash: /bin/zsh -lc ./build.sh
    Sub-AC [1m3[0m of AC [1m3[0m → Bash: /bin/zsh -lc "mkdir -p 
artifacts/lca_tree_stress_v5/max_n...
    Sub-AC [1m3[0m of AC [1m3[0m → Bash: /bin/zsh -lc "mkdir -p 
artifacts/lca_tree_stress_v5/max_n...
    Sub-AC [1m3[0m of AC [1m3[0m → Bash: /bin/zsh -lc "source ./solver_release_env.sh && 
python3 -...
    Sub-AC [1m3[0m of AC [1m3[0m → Bash: /bin/zsh -lc "python3 - <<'PY'
from pathlib import Path
t...
    Sub-AC [1m3[0m of AC [1m3[0m → Edit: /Users/free_1/Library/Mobile 
Documents/iCloud~md~obsidian...
    Sub-AC [1m3[0m of AC [1m3[0m → Bash: /bin/zsh -lc ./build.sh
    Sub-AC [1m3[0m of AC [1m3[0m → Bash: /bin/zsh -lc "source ./solver_release_env.sh && 
python3 -...
    Sub-AC [1m3[0m of AC [1m3[0m → Bash: /bin/zsh -lc "python3 - <<'PY'
from pathlib import Path
t...
    Sub-AC [1m3[0m of AC [1m3[0m → Edit: /Users/free_1/Library/Mobile 
Documents/iCloud~md~obsidian...
    Sub-AC [1m3[0m of AC [1m3[0m → Bash: /bin/zsh -lc ./build.sh
    Sub-AC [1m3[0m of AC [1m3[0m → Bash: /bin/zsh -lc "source ./solver_release_env.sh && 
python3 -...
    Sub-AC [1m3[0m of AC [1m3[0m → Edit: /Users/free_1/Library/Mobile 
Documents/iCloud~md~obsidian...
    Sub-AC [1m3[0m of AC [1m3[0m → Bash: /bin/zsh -lc ./build.sh
    Sub-AC [1m3[0m of AC [1m3[0m → Bash: /bin/zsh -lc "source ./solver_release_env.sh && 
python3 -...
    Sub-AC [1m3[0m of AC [1m3[0m → Edit: /Users/free_1/Library/Mobile 
Documents/iCloud~md~obsidian...
    Sub-AC [1m3[0m of AC [1m3[0m → Edit: /Users/free_1/Library/Mobile 
Documents/iCloud~md~obsidian...
    Sub-AC [1m3[0m of AC [1m3[0m → Bash: /bin/zsh -lc ./build.sh
    Sub-AC [1m3[0m of AC [1m3[0m → Bash: /bin/zsh -lc "source ./solver_release_env.sh && 
python3 -...
    Sub-AC [1m3[0m of AC [1m3[0m → Edit: /Users/free_1/Library/Mobile 
Documents/iCloud~md~obsidian...
    Sub-AC [1m3[0m of AC [1m3[0m → Bash: /bin/zsh -lc ./build.sh
    Sub-AC [1m3[0m of AC [1m3[0m → Bash: /bin/zsh -lc "source ./solver_release_env.sh && 
python3 -...
    Sub-AC [1m3[0m of AC [1m3[0m → Bash: /bin/zsh -lc "python3 - <<'PY'
import json
from pathlib i...
    Sub-AC [1m3[0m of AC [1m3[0m → Edit: /Users/free_1/Library/Mobile 
Documents/iCloud~md~obsidian...
    Sub-AC [1m3[0m of AC [1m3[0m → Edit: /Users/free_1/Library/Mobile 
Documents/iCloud~md~obsidian...
    Sub-AC [1m3[0m of AC [1m3[0m → Bash: /bin/zsh -lc ./build.sh
    Sub-AC [1m3[0m of AC [1m3[0m → Bash: /bin/zsh -lc "source ./solver_release_env.sh && 
python3 -...
    Sub-AC [1m3[0m of AC [1m3[0m → Bash: /bin/zsh -lc "source ./solver_release_env.sh && 
AC3_SUPPO...
    Sub-AC [1m3[0m of AC [1m3[0m → Bash: /bin/zsh -lc "python3 - <<'PY'
from pathlib import Path
t...
    Sub-AC [1m3[0m of AC [1m3[0m → Bash: /bin/zsh -lc 'rg -n 
"buildCurrentConnectivityArtifact|ini...
    Sub-AC [1m3[0m of AC [1m3[0m → Bash: /bin/zsh -lc "sed -n '1,260p' 
artifacts/lca_tree_stress_v...
    Sub-AC [1m3[0m of AC [1m3[0m → Bash: /bin/zsh -lc "sed -n '1,260p' 
boj28350_resume/current_sta...
    Sub-AC [1m3[0m of AC [1m3[0m → Bash: /bin/zsh -lc "sed -n '6840,7235p' 
boj28350_resume/boj2835...
    Sub-AC [1m3[0m of AC [1m3[0m → Bash: /bin/zsh -lc "sed -n '14680,14970p' 
boj28350_resume/boj28...
    Sub-AC [1m3[0m of AC [1m3[0m → Bash: /bin/zsh -lc "sed -n '10880,11060p' 
boj28350_resume/boj28...
    Sub-AC [1m3[0m of AC [1m3[0m → Bash: /bin/zsh -lc "sed -n '6200,6685p' 
boj28350_resume/boj2835...
    Sub-AC [1m3[0m of AC [1m3[0m → Bash: /bin/zsh -lc 'rg -n "struct ClassState|struct 
OwnerData|u...
    Sub-AC [1m3[0m of AC [1m3[0m → Bash: /bin/zsh -lc "sed -n '4300,4465p' 
boj28350_resume/boj2835...
    Sub-AC [1m3[0m of AC [1m3[0m → Bash: /bin/zsh -lc "sed -n '5370,5455p' 
boj28350_resume/boj2835...
    Sub-AC [1m3[0m of AC [1m3[0m → Bash: /bin/zsh -lc "sed -n '950,985p' 
boj28350_resume/boj28350_...
    Sub-AC [1m3[0m of AC [1m3[0m → Bash: /bin/zsh -lc "rg -n 
\"materializeSupportMetadataFromColle...
    Sub-AC [1m3[0m of AC [1m3[0m → Bash: /bin/zsh -lc "sed -n '7310,7465p' 
boj28350_resume/boj2835...
    Sub-AC [1m3[0m of AC [1m3[0m → Bash: /bin/zsh -lc "sed -n '10520,10920p' 
boj28350_resume/boj28...
    Sub-AC [1m3[0m of AC [1m3[0m → Bash: /bin/zsh -lc "sed -n '6798,6838p' 
boj28350_resume/boj2835...
    Sub-AC [1m3[0m of AC [1m3[0m → Bash: /bin/zsh -lc "rg -n 
\"materializedTreeId|ensureMaterializ...
    Sub-AC [1m3[0m of AC [1m3[0m → Bash: /bin/zsh -lc "sed -n '14090,14165p' 
boj28350_resume/boj28...
    Sub-AC [1m3[0m of AC [1m3[0m → Bash: /bin/zsh -lc "sed -n '11090,11150p' 
boj28350_resume/boj28...
    Sub-AC [1m3[0m of AC [1m3[0m → Bash: /bin/zsh -lc "rg -n \"annotateHandleMetadata\\[1m([0m\" 
boj2835...
    Sub-AC [1m3[0m of AC [1m3[0m → Bash: /bin/zsh -lc "sed -n '6684,6702p' 
boj28350_resume/boj2835...
    Sub-AC [1m3[0m of AC [1m3[0m → Bash: /bin/zsh -lc "rg -n 
\"supportTrees_\\.clear|supportTrees_...
    Sub-AC [1m3[0m of AC [1m3[0m → Edit: /Users/free_1/Library/Mobile 
Documents/iCloud~md~obsidian...
    Sub-AC [1m3[0m of AC [1m3[0m → Bash: /bin/zsh -lc "pkill -f 'lca_strong_gate.run.YrCI8q'
|| true"
    Sub-AC [1m3[0m of AC [1m3[0m → Bash: /bin/zsh -lc "pgrep -af 
'lca_strong_gate|branch_certify_s...
    Sub-AC [1m3[0m of AC [1m3[0m → Bash: /bin/zsh -lc ./build.sh
    Sub-AC [1m3[0m of AC [1m3[0m → Bash: /bin/zsh -lc 'python3 branch_run_case.py --help'
    Sub-AC [1m3[0m of AC [1m3[0m → Bash: /bin/zsh -lc 'env LCA_STAGE_FILTER=max_n_mix 
./lca_strong...
    Sub-AC [1m3[0m of AC [1m3[0m → Bash: /bin/zsh -lc 'mkdir -p 
artifacts/lca_tree_stress_v5/manua...
    Sub-AC [1m3[0m of AC [1m3[0m → Bash: /bin/zsh -lc "rg --files 
artifacts/lca_tree_stress_v5 | r...
    Sub-AC [1m3[0m of AC [1m3[0m → Bash: /bin/zsh -lc 'mkdir -p 
artifacts/lca_tree_stress_v5/manua...
    Sub-AC [1m3[0m of AC [1m3[0m → Bash: /bin/zsh -lc "sed -n '1,240p' 
artifacts/lca_tree_stress_v...
    Sub-AC [1m3[0m of AC [1m3[0m → Bash: /bin/zsh -lc 'wc -c 
artifacts/lca_tree_stress_v5/manual_p...
    Sub-AC [1m3[0m of AC [1m3[0m → Bash: /bin/zsh -lc 'python3 branch_validator.py --help'
    Sub-AC [1m3[0m of AC [1m3[0m → Bash: /bin/zsh -lc 'python3 branch_validator.py --quiet 
artifac...
    Sub-AC [1m3[0m of AC [1m3[0m → Bash: /bin/zsh -lc 'mkdir -p 
artifacts/lca_tree_stress_v5/manua...
    Sub-AC [1m3[0m of AC [1m3[0m → Bash: /bin/zsh -lc 'tail -n [1m40[0m 
artifacts/lca_tree_stress_v5/man...
    Sub-AC [1m3[0m of AC [1m3[0m → Bash: /bin/zsh -lc 'python3 branch_validator.py --quiet 
artifac...
    Sub-AC [1m3[0m of AC [1m3[0m → Bash: /bin/zsh -lc "grep 'ac3_stage_diag' 
artifacts/lca_tree_st...
    Sub-AC [1m3[0m of AC [1m3[0m → Bash: /bin/zsh -lc "grep 
'oracle_init_support_ready\\|solve_wit...
    Sub-AC [1m3[0m of AC [1m3[0m → Bash: /bin/zsh -lc "sed -n '10290,10385p' 
boj28350_resume/boj28...
    Sub-AC [1m3[0m of AC [1m3[0m → Bash: /bin/zsh -lc 'rg -n 
"zero-span|zero_span|fastpath|fast pa...
    Sub-AC [1m3[0m of AC [1m3[0m → Bash: /bin/zsh -lc "sed -n '1,220p' 
artifacts/lca_tree_stress_v...
    Sub-AC [1m3[0m of AC [1m3[0m → Bash: /bin/zsh -lc "sed -n '1,220p' build.sh"
    Sub-AC [1m3[0m of AC [1m3[0m → Bash: /bin/zsh -lc "sed -n '1,220p' 
solver_release_env.sh"
    Sub-AC [1m3[0m of AC [1m3[0m → Bash: /bin/zsh -lc "sed -n '8840,9010p' 
boj28350_resume/boj2835...
    Sub-AC [1m3[0m of AC [1m3[0m → Bash: /bin/zsh -lc 'rg -n 
"ENABLE_LAYOUT_SIGNATURE_GATE_OPT|lay...
    Sub-AC [1m3[0m of AC [1m3[0m → Bash: /bin/zsh -lc "sed -n '16930,17020p' 
boj28350_resume/boj28...
    Sub-AC [1m3[0m of AC [1m3[0m → Bash: /bin/zsh -lc 'rg -n 
"PROFILE_MODE|PROFILE_NONE|local_prof...
    Sub-AC [1m3[0m of AC [1m3[0m → Bash: /bin/zsh -lc 'rg -n "-DLOCAL|LOCAL" 
boj28350_resume.py bu...
    Sub-AC [1m3[0m of AC [1m3[0m → Bash: /bin/zsh -lc "rg -n -- '-DLOCAL|LOCAL' 
boj28350_resume.py...
    Sub-AC [1m3[0m of AC [1m3[0m → Bash: /bin/zsh -lc "sed -n '1,240p' 
boj28350_resume/next_sessio...
    Sub-AC [1m3[0m of AC [1m3[0m → Bash: /bin/zsh -lc "rg -n 
\"ENABLE_PREV_STATE_WRITEBACK_OPT|ENA...
    Sub-AC [1m3[0m of AC [1m3[0m → Bash: /bin/zsh -lc "rg -n 
'zero-span|layout|progress40|pivot|ga...
    Sub-AC [1m3[0m of AC [1m3[0m → Bash: /bin/zsh -lc "sed -n '15920,16030p' 
boj28350_resume/boj28...
    Sub-AC [1m3[0m of AC [1m3[0m → Bash: /bin/zsh -lc 'mkdir -p 
artifacts/lca_tree_stress_v5/manua...
    Sub-AC [1m3[0m of AC [1m3[0m → Bash: /bin/zsh -lc "sed -n '1,120p' 
artifacts/lca_tree_stress_v...
    Sub-AC [1m3[0m of AC [1m3[0m → Bash: /bin/zsh -lc "rg -n 
'profile_mode=|time_route_dispatch_ns...
    Sub-AC [1m3[0m of AC [1m3[0m → Bash: /bin/zsh -lc 'python3 branch_validator.py --quiet 
artifac...
    Sub-AC [1m3[0m of AC [1m3[0m → Bash: /bin/zsh -lc "sed -n '15880,15940p' 
boj28350_resume/boj28...
    Sub-AC [1m3[0m of AC [1m3[0m → Bash: /bin/zsh -lc 'rg -n 
"profile_mode=|print.*summary|dump.*s...
    Sub-AC [1m3[0m of AC [1m3[0m → Bash: /bin/zsh -lc "sed -n '15620,15690p' 
boj28350_resume/boj28...
    Sub-AC [1m3[0m of AC [1m3[0m → Bash: /bin/zsh -lc "sed -n '1,120p' 
boj28350_bundle_archive/run...
    Sub-AC [1m3[0m of AC [1m3[0m → Bash: /bin/zsh -lc "sed -n '1,220p' 
boj28350_bundle_archive/run...
    Sub-AC [1m3[0m of AC [1m3[0m → Bash: /bin/zsh -lc "rg -n 
'progress40|ENABLE_LAYOUT_SIGNATURE_G...
    Sub-AC [1m3[0m of AC [1m3[0m → Bash: /bin/zsh -lc "rg -n 
'ENABLE_LAYOUT_SIGNATURE_GATE_OPT|ENA...
    Sub-AC [1m3[0m of AC [1m3[0m → Bash: /bin/zsh -lc "sed -n '1,220p' 
boj28350_bundle_archive/pro...
    Sub-AC [1m3[0m of AC [1m3[0m → Bash: /bin/zsh -lc "rg -n 
'lgate_calls|lreuse_calls|cnorm_calls...
    Sub-AC [1m3[0m of AC [1m3[0m → Edit: /Users/free_1/Library/Mobile 
Documents/iCloud~md~obsidian...
    Sub-AC [1m3[0m of AC [1m3[0m → Bash: /bin/zsh -lc ./build.sh
    Sub-AC [1m3[0m of AC [1m3[0m → Bash: /bin/zsh -lc 'mkdir -p 
artifacts/lca_tree_stress_v5/axis_...
    Sub-AC [1m3[0m of AC [1m3[0m → Bash: /bin/zsh -lc 'mkdir -p 
artifacts/lca_tree_stress_v5/axis_...
    Sub-AC [1m3[0m of AC [1m3[0m → Bash: /bin/zsh -lc "sed -n '1,20p' 
artifacts/lca_tree_stress_v5...
    Sub-AC [1m3[0m of AC [1m3[0m → Bash: /bin/zsh -lc "sed -n '980,1110p' 
boj28350_resume/boj28350...
    Sub-AC [1m3[0m of AC [1m3[0m → Bash: /bin/zsh -lc "sed -n '1110,1135p' 
boj28350_resume/boj2835...
    Sub-AC [1m3[0m of AC [1m3[0m → Bash: /bin/zsh -lc "sed -n '1,20p' 
artifacts/lca_tree_stress_v5...
    Sub-AC [1m3[0m of AC [1m3[0m → Bash: /bin/zsh -lc "sed -n '1,20p' 
artifacts/lca_tree_stress_v5...
    Sub-AC [1m3[0m of AC [1m3[0m → Bash: /bin/zsh -lc "sed -n '1,20p' 
artifacts/lca_tree_stress_v5...
    Sub-AC [1m3[0m of AC [1m3[0m → Bash: /bin/zsh -lc "sed -n '1,20p' 
artifacts/lca_tree_stress_v5...
    Sub-AC [1m3[0m of AC [1m3[0m → Bash: /bin/zsh -lc "sed -n '1,20p' 
artifacts/lca_tree_stress_v5...
    Sub-AC [1m3[0m of AC [1m3[0m → Bash: /bin/zsh -lc 'mkdir -p 
artifacts/lca_tree_stress_v5/relea...
    Sub-AC [1m3[0m of AC [1m3[0m → Bash: /bin/zsh -lc "sed -n '1,20p' 
artifacts/lca_tree_stress_v5...
    Sub-AC [1m3[0m of AC [1m3[0m → Bash: /bin/zsh -lc 'tail -n 60 solver_release_env.sh'
    Sub-AC [1m3[0m of AC [1m3[0m → Bash: /bin/zsh -lc "sed -n '1,20p' 
artifacts/lca_tree_stress_v5...
    Sub-AC [1m3[0m of AC [1m3[0m → Bash: /bin/zsh -lc "sed -n '1,20p' 
artifacts/lca_tree_stress_v5...
    Sub-AC [1m3[0m of AC [1m3[0m → Bash: /bin/zsh -lc 'mkdir -p 
artifacts/lca_tree_stress_v5/relea...
    Sub-AC [1m3[0m of AC [1m3[0m → Bash: /bin/zsh -lc "sed -n '1,20p' 
artifacts/lca_tree_stress_v5...
    Sub-AC [1m3[0m of AC [1m3[0m → Bash: /bin/zsh -lc "sed -n '1,20p' 
artifacts/lca_tree_stress_v5...
    Sub-AC [1m3[0m of AC [1m3[0m → Bash: /bin/zsh -lc "sed -n '1,20p' 
artifacts/lca_tree_stress_v5...
    Sub-AC [1m3[0m of AC [1m3[0m → Bash: /bin/zsh -lc "sed -n '1,20p' 
artifacts/lca_tree_stress_v5...
    Sub-AC [1m3[0m of AC [1m3[0m → Bash: /bin/zsh -lc 'mkdir -p 
artifacts/lca_tree_stress_v5/relea...
    Sub-AC [1m3[0m of AC [1m3[0m → Edit: /Users/free_1/Library/Mobile 
Documents/iCloud~md~obsidian...
    Sub-AC [1m3[0m of AC [1m3[0m → Bash: /bin/zsh -lc 'python3 branch_validator.py --quiet 
artifac...
    Sub-AC [1m3[0m of AC [1m3[0m → Bash: /bin/zsh -lc 'mkdir -p 
artifacts/lca_tree_stress_v5/relea...
    Sub-AC [1m3[0m of AC [1m3[0m → Bash: /bin/bash -lc 'source ./solver_release_env.sh
mkdir -p ar...
    Sub-AC [1m3[0m of AC [1m3[0m → Bash: /bin/bash -lc 'source ./solver_release_env.sh
mkdir -p ar...
    Sub-AC [1m3[0m of AC [1m3[0m → Edit: /Users/free_1/Library/Mobile 
Documents/iCloud~md~obsidian...
    Sub-AC [1m3[0m of AC [1m3[0m → Bash: /bin/bash -lc 'mkdir -p 
artifacts/lca_tree_stress_v5/no_r...
    Sub-AC [1m3[0m of AC [1m3[0m → Bash: /bin/bash -lc 'source ./solver_release_env.sh
mkdir -p ar...
    Sub-AC [1m3[0m of AC [1m3[0m → Bash: /bin/zsh -lc 'wc -c 
artifacts/lca_tree_stress_v5/reuse_re...
    Sub-AC [1m3[0m of AC [1m3[0m → Bash: /bin/zsh -lc "sed -n '1,220p' build.py"
    Sub-AC [1m3[0m of AC [1m3[0m → Bash: /bin/zsh -lc "sed -n '1,260p' boj28350_resume.py"
    Sub-ACs completed: [1m3[0m/[1m3[0m succeeded
Level [1m2[0m complete: [1m1[0m succeeded, [1m0[0m failed

Level [1m3[0m/[1m5[0m: Executing ACs [1m[[0m[1m4[0m, [1m5[0m[1m][0m in parallel
  [2mAC [0m[1;2m4[0m[2m: Analyzing complexity[0m[2m...[0m
  [2mAC [0m[1;2m5[0m[2m: Analyzing complexity[0m[2m...[0m
  AC [1m4[0m → Bash: /bin/zsh -lc "pwd && rg --files -g 'AGENTS.md' -g 'boj283...
  AC [1m4[0m → Bash: /bin/zsh -lc 'wc -l boj28350_resume/README.md boj28350_re...
  AC [1m4[0m → Bash: /bin/zsh -lc "sed -n '1,220p' boj28350_resume/README.md
p...
  AC [1m4[0m → Bash: /bin/zsh -lc "sed -n '1,260p' artifacts/lca_tree_stress_v...
  AC [1m4[0m → Bash: /bin/zsh -lc "sed -n '1,260p' lca_strong_gate.sh
printf '...
  AC [1m4[0m → Bash: /bin/zsh -lc "sed -n '1,220p' build.sh
printf '\\n===== b...
  AC [1m4[0m → Bash: /bin/zsh -lc "sed -n '1,180p' solver_release_env.sh
print...
  AC [1m5[0m → Bash: /bin/zsh -lc pwd
  AC [1m5[0m → Bash: /bin/zsh -lc "rg --files . | rg '"'^[1m([0mboj28350_resume/[1m([0mREA...
  AC [1m5[0m → Bash: /bin/zsh -lc 'find .ouroboros artifacts/lca_tree_stress_v...
  AC [1m5[0m → Bash: /bin/zsh -lc "rg --files . | sed 's#"'^'"\\./##' | rg 'bo...
  AC [1m4[0m → Bash: /bin/zsh -lc "ls -ld artifacts/lca_tree_stress_v5/.locks/...
  AC [1m4[0m → Bash: /bin/zsh -lc "find artifacts/lca_tree_stress_v5/.tmp -max...
  AC [1m4[0m → Bash: /bin/zsh -lc "printf 'strong pid: '; cat artifacts/lca_tr...
  AC [1m4[0m → Bash: /bin/zsh -lc "stat -f '%N %Sm %z' -t '%Y-%m-%d %H:%M:%S %...
  AC [1m4[0m → Bash: /bin/zsh -lc 'for pid in $[1m([0mcat artifacts/lca_tree_stress_...
  AC [1m4[0m → Bash: /bin/zsh -lc "find artifacts/lca_tree_stress_v5/.tmp/lca_...
  AC [1m5[0m → Bash: /bin/zsh -lc "sed -n '1,260p' boj28350_resume/current_sta...
  AC [1m5[0m → Bash: /bin/zsh -lc "sed -n '1,220p' boj28350_resume/README.md"
  AC [1m5[0m → Bash: /bin/zsh -lc "sed -n '1,260p' boj28350_resume/next_sessio...
  AC [1m5[0m → Bash: /bin/zsh -lc 'wc -l boj28350_resume/README.md boj28350_re...
  AC [1m5[0m → Bash: /bin/zsh -lc "sed -n '1,220p' boj28350_literature_progres...
  AC [1m5[0m → Bash: /bin/zsh -lc "sed -n '261,520p' boj28350_resume/next_sess...
  AC [1m5[0m → Bash: /bin/zsh -lc "sed -n '1,220p' boj28350_bundle_archive/boj...
  AC [1m5[0m → Bash: /bin/zsh -lc "sed -n '1,260p' literature_grade_proof_pack...
  AC [1m4[0m → Bash: /bin/zsh -lc "sed -n '260,420p' outer_suite_wrappers/lca_...
  AC [1m4[0m → Bash: /bin/zsh -lc "rg -n \"build\\.sh|BUILD_WRAPPER|run_certif...
  AC [1m4[0m → Bash: /bin/zsh -lc "sed -n '1,260p' suite_presets/strong_gate.j...
  AC [1m4[0m → Bash: /bin/zsh -lc "date '+%Y-%m-%d %H:%M:%S %Z'
ls -ld artifac...
  AC [1m5[0m → Bash: /bin/zsh -lc "sed -n '1,220p' .ouroboros/failure_analysis...
  AC [1m5[0m → Bash: /bin/zsh -lc "sed -n '1,180p' artifacts/lca_tree_stress_v...
  AC [1m5[0m → Bash: /bin/zsh -lc "sed -n '1,300p' artifacts/lca_tree_stress_v...
  AC [1m5[0m → Bash: /bin/zsh -lc "sed -n '1,260p' artifacts/lca_tree_stress_v...
  AC [1m5[0m → Bash: /bin/zsh -lc "sed -n '1,120p' artifacts/lca_tree_stress_v...
  AC [1m5[0m → Bash: /bin/zsh -lc "sed -n '1,220p' artifacts/lca_tree_stress_v...
  AC [1m5[0m → Bash: /bin/zsh -lc "sed -n '1,220p' artifacts/lca_tree_stress_v...
  AC [1m5[0m → Bash: /bin/zsh -lc "sed -n '1,260p' .ouroboros/failure_analysis...
  AC [1m5[0m → Bash: /bin/zsh -lc "sed -n '1,260p' .ouroboros/failure_analysis...
  AC [1m5[0m → Bash: /bin/zsh -lc "sed -n '1,220p' lca_smoke.sh && printf '\\n...
  AC [1m5[0m → Bash: /bin/zsh -lc "sed -n '1,220p' boj28350_resume/boj28350_br...
  AC [1m5[0m → Bash: /bin/zsh -lc "rg -n \"progress40|zero-span|zero span|fast...
  AC [1m5[0m → Bash: /bin/zsh -lc "python3 - <<'PY'
import json
from pathlib i...
  AC [1m5[0m → Bash: /bin/zsh -lc "sed -n '261,520p' outer_suite_wrappers/lca_...
  AC [1m5[0m → Bash: /bin/zsh -lc "sed -n '1,260p' suite_presets/boj_3s_hard_g...
  AC [1m5[0m → Bash: /bin/zsh -lc "sed -n '1,220p' solver_release_env.sh"
  AC [1m5[0m → Bash: /bin/zsh -lc "sed -n '1,260p' outer_suite_wrappers/lca_st...
  AC [1m5[0m → Bash: /bin/zsh -lc "sed -n '220,520p' solver_release_env.sh"
  AC [1m5[0m → Bash: /bin/zsh -lc 'rg --files suite_presets | sort'
  AC [1m5[0m → Bash: /bin/zsh -lc "sed -n '260,520p' branch_certify_suite.py"
  AC [1m5[0m → Bash: /bin/zsh -lc 'cmp -s boj28350_resume/boj28350_branch_3_so...
  AC [1m5[0m → Bash: /bin/zsh -lc "sed -n '1,260p' branch_certify_suite.py"
  AC [1m5[0m → Bash: /bin/zsh -lc "diff -u --label active --label bundle <[1m([0msed...
  AC [1m5[0m → Bash: /bin/zsh -lc "rg -n \"correctness_smoke|hard_scaling_stri...
  AC [1m5[0m → Bash: /bin/zsh -lc "sed -n '260,520p' outer_suite_wrappers/lca_...
  AC [1m5[0m → Bash: /bin/zsh -lc "sed -n '1,260p' ../lca_tree_stress_v5/tooli...
  AC [1m5[0m → Bash: /bin/zsh -lc "rg -n \"time_lgate_zero_span_eligibility_ga...
  AC [1m5[0m → Bash: /bin/zsh -lc "python3 - <<'PY'
from pathlib import Path
i...
  AC [1m5[0m → Bash: /bin/zsh -lc 'ls -l lca_boj3s_gate.sh outer_suite_wrapper...
  AC [1m5[0m → Bash: /bin/zsh -lc "find artifacts/lca_tree_stress_v5/boj3s_gat...
  AC [1m5[0m → Bash: /bin/zsh -lc 'for f in artifacts/lca_tree_stress_v5/boj3s...
  AC [1m5[0m → Bash: /bin/zsh -lc "python3 - <<'PY'
import json
from pathlib i...
  AC [1m5[0m → Bash: /bin/zsh -lc "python3 - <<'PY'
import csv
from pathlib im...
  AC [1m5[0m → Bash: /bin/zsh -lc 'for f in artifacts/lca_tree_stress_v5/boj3s...
  AC [1m5[0m → Bash: /bin/zsh -lc "python3 - <<'PY'
import csv
from pathlib im...
  AC [1m5[0m → Bash: /bin/zsh -lc "python3 - <<'PY'
import csv
from collection...
  AC [1m5[0m → Bash: /bin/zsh -lc "python3 - <<'PY'
import csv
from pathlib im...
  AC [1m5[0m → Bash: /bin/zsh -lc "python3 - <<'PY'
import csv
from collection...
  AC [1m5[0m → Bash: /bin/zsh -lc "python3 - <<'PY'
import csv
from collection...
  AC [1m5[0m → Bash: /bin/zsh -lc "python3 - <<'PY'
import csv
from pathlib im...
  AC [1m5[0m → Bash: /bin/zsh -lc "sed -n '1,220p' run.sh"
  AC [1m5[0m → Bash: /bin/zsh -lc "sed -n '1,220p' branch_validator.py"
  AC [1m5[0m → Bash: /bin/zsh -lc ./build.sh
  AC [1m4[0m → Bash: /bin/zsh -lc 'WORKDIR=$[1m([0mfind artifacts/lca_tree_stress_v5...
  AC [1m4[0m → Bash: /bin/zsh -lc "find artifacts/lca_tree_stress_v5/.tmp/case...
  AC [1m4[0m → Bash: /bin/zsh -lc "find artifacts/lca_tree_stress_v5/.tmp/case...
  AC [1m5[0m → Bash: /bin/zsh -lc "diag='artifacts/lca_tree_stress_v5/boj3s_ga...
  AC [1m4[0m → Bash: /bin/zsh -lc "python3 - <<'PY'
from pathlib import Path
r...
  AC [1m4[0m → Bash: /bin/zsh -lc "python3 - <<'PY'
from pathlib import Path
r...
  AC [1m4[0m → Bash: /bin/zsh -lc "python3 - <<'PY'
from pathlib import Path
i...
  AC [1m4[0m → Bash: /bin/zsh -lc "sed -n '1,260p' suite_utils.py"
  AC [1m4[0m → Bash: /bin/zsh -lc 'rg -n "run_solver_with_time|timeout|time.tx...
  AC [1m4[0m → Bash: /bin/zsh -lc "sed -n '260,340p' suite_utils.py"
  AC [1m5[0m → Bash: /bin/zsh -lc "pgrep -af 'artifacts/boj28350_resume/build/...
  AC [1m5[0m → Bash: /bin/zsh -lc "find artifacts/lca_tree_stress_v5/boj3s_gat...
  AC [1m5[0m → Bash: /bin/zsh -lc "ps -A -o pid,ppid,etime,command | rg 'build...
  AC [1m5[0m → Bash: /bin/zsh -lc "diag='artifacts/lca_tree_stress_v5/boj3s_ga...
  AC [1m5[0m → Bash: /bin/zsh -lc "sed -n '1,260p' artifacts/lca_tree_stress_v...
  AC [1m5[0m → Bash: /bin/zsh -lc "stat -f '%Sm %N' -t '%Y-%m-%d %H:%M:%S' art...
  AC [1m5[0m → Bash: /bin/zsh -lc "sed -n '1,260p' artifacts/lca_tree_stress_v...
  AC [1m5[0m → Bash: /bin/zsh -lc "python3 - <<'PY'
import json
from pathlib i...
  AC [1m5[0m → Bash: /bin/zsh -lc 'for seed in [1m1[0m [1m2[0m [1m3[0m; do d="artifacts/lca_tree...
  AC [1m5[0m → Bash: /bin/zsh -lc 'for seed in [1m1[0m [1m2[0m [1m3[0m; do d="artifacts/lca_tree...
  AC [1m5[0m → Bash: /bin/zsh -lc "python3 - <<'PY'
import csv
from pathlib im...
  AC [1m5[0m → Bash: /bin/zsh -lc 'for f in artifacts/lca_tree_stress_v5/boj3s...
  AC [1m5[0m → Bash: /bin/zsh -lc 'for d in artifacts/lca_tree_stress_v5/boj3s...
  AC [1m5[0m → Bash: /bin/zsh -lc "find artifacts/lca_tree_stress_v5/boj3s_gat...
  AC [1m5[0m → Bash: /bin/zsh -lc "source ./solver_release_env.sh && python3 -...
  AC [1m5[0m → Bash: /bin/zsh -lc 'test -x ./lca_boj3s_gate.sh && echo root_wr...
  AC [1m5[0m → Bash: /bin/zsh -lc "python3 - <<'PY'
from pathlib import Path
p...
  AC [1m5[0m → Bash: /bin/zsh -lc "source ./solver_release_env.sh && python3 -...
  AC [1m5[0m → Edit: /Users/free_1/Library/Mobile Documents/iCloud~md~obsidian...
  AC [1m5[0m → Bash: /bin/zsh -lc 'test -x ./lca_boj3s_gate.sh && echo root_wr...
  AC [1m5[0m → Bash: /bin/zsh -lc 'chmod +x lca_boj3s_gate.sh && bash -n lca_b...
  AC [1m5[0m → Bash: /bin/zsh -lc "python3 - <<'PY'
import json
from pathlib i...
  AC [1m5[0m → Bash: /bin/zsh -lc 'find artifacts/lca_tree_stress_v5/.locks -m...
  AC [1m5[0m → Bash: /bin/zsh -lc "find artifacts/lca_tree_stress_v5/.tmp -max...
  AC [1m5[0m → Bash: /bin/zsh -lc "find artifacts/lca_tree_stress_v5/boj3s_gat...
  AC [1m5[0m → Bash: /bin/zsh -lc "find artifacts/lca_tree_stress_v5/.tmp -typ...
  AC [1m5[0m → Bash: /bin/zsh -lc "if [1m[[0m[1m[[0m -f artifacts/lca_tree_stress_v5/.tmp/...
  AC [1m5[0m → Bash: /bin/zsh -lc "find artifacts/lca_tree_stress_v5/.tmp/lca_...
  AC [1m5[0m → Bash: /bin/zsh -lc "find artifacts/lca_tree_stress_v5/.tmp/lca_...
  AC [1m5[0m → Bash: /bin/zsh -lc "find artifacts/lca_tree_stress_v5/.tmp/lca_...
  AC [1m5[0m → Bash: /bin/zsh -lc "find artifacts/lca_tree_stress_v5/.tmp/lca_...
  AC [1m5[0m → Bash: /bin/zsh -lc "find artifacts/lca_tree_stress_v5/.tmp/lca_...
  AC [1m5[0m → Bash: /bin/zsh -lc "find artifacts/lca_tree_stress_v5/.tmp/lca_...
  AC [1m5[0m → Bash: /bin/zsh -lc "find artifacts/lca_tree_stress_v5/.tmp/lca_...
  AC [1m5[0m → Bash: /bin/zsh -lc "find artifacts/lca_tree_stress_v5/.tmp/lca_...
  AC [1m5[0m → Bash: /bin/zsh -lc "find artifacts/lca_tree_stress_v5/.tmp/lca_...
  AC [1m5[0m → Bash: /bin/zsh -lc 'for f in $[1m([0mfind artifacts/lca_tree_stress_v...
  AC [1m5[0m → Bash: /bin/zsh -lc "find artifacts/lca_tree_stress_v5/.tmp/lca_...
  AC [1m5[0m → Bash: /bin/zsh -lc "find artifacts/lca_tree_stress_v5/.tmp/lca_...
  AC [1m5[0m → Bash: /bin/zsh -lc "find artifacts/lca_tree_stress_v5/.tmp/lca_...
  AC [1m5[0m → Bash: /bin/zsh -lc "find artifacts/lca_tree_stress_v5/.tmp/lca_...
  AC [1m5[0m → Bash: /bin/zsh -lc 'find artifacts/lca_tree_stress_v5/.tmp/lca_...
  AC [1m5[0m → Bash: /bin/zsh -lc "python3 - <<'PY'
from pathlib import Path
r...
  AC [1m5[0m → Bash: /bin/zsh -lc "stat -f '%Sm %N' -t '%Y-%m-%d %H:%M:%S' art...
  AC [1m5[0m → Bash: /bin/zsh -lc "find artifacts/lca_tree_stress_v5/.tmp/lca_...
  AC [1m5[0m → Bash: /bin/zsh -lc "find artifacts/lca_tree_stress_v5/.tmp/lca_...
  AC [1m5[0m → Bash: /bin/zsh -lc "stat -f '%Sm %N' -t '%Y-%m-%d %H:%M:%S' art...
  AC [1m5[0m → Bash: /bin/zsh -lc "find artifacts/lca_tree_stress_v5/.tmp/lca_...
  AC [1m5[0m → Bash: /bin/zsh -lc "find artifacts/lca_tree_stress_v5/.tmp/lca_...
  AC [1m5[0m → Bash: /bin/zsh -lc ./lca_boj3s_gate.sh
  AC [1m5[0m → Bash: /bin/zsh -lc "sed -n '1,260p' artifacts/lca_tree_stress_v...
  AC [1m5[0m → Bash: /bin/zsh -lc "sed -n '1,260p' artifacts/lca_tree_stress_v...
  AC [1m5[0m → Bash: /bin/zsh -lc 'for seed in [1m1[0m [1m2[0m [1m3[0m; do d="artifacts/lca_tree...
  AC [1m5[0m → Bash: /bin/zsh -lc "python3 - <<'PY'
import csv
from pathlib im...
  AC [1m5[0m → Bash: /bin/zsh -lc "echo 'latest failure combrect512 seed1_L1_Q...
  AC [1m5[0m → Bash: /bin/zsh -lc "echo 'combrect1024 repro time:'; cat artifa...
  AC [1m5[0m → Bash: /bin/zsh -lc "echo 'manual current run of multi_comb_rect...
  AC [1m5[0m → Bash: /bin/zsh -lc "echo 'manual current run of comb_rect_dense...
  AC [1m5[0m → Bash: /bin/zsh -lc "sed -n '1,220p' build.py"
  AC [1m5[0m → Bash: /bin/zsh -lc "sed -n '1,260p' boj28350_resume.py"
  AC [1m5[0m → Bash: /bin/zsh -lc "rg -n \"ENABLE_PREV_STATE_WRITEBACK_OPT|ENA...
  AC [1m5[0m → Bash: /bin/zsh -lc "rg -n \"after_syncfix|syncfix|ENABLE_[1m[[0mA-Z0-...
  AC [1m5[0m → Bash: /bin/zsh -lc "sed -n '2078,2105p' artifacts/lca_tree_stre...
  AC [1m5[0m → Bash: /bin/zsh -lc "sed -n '2148,2245p' artifacts/lca_tree_stre...
  AC [1m5[0m → Bash: /bin/zsh -lc "sed -n '1970,2025p' artifacts/lca_tree_stre...
  AC [1m5[0m → Bash: /bin/zsh -lc "sed -n '260,420p' suite_utils.py"
  AC [1m5[0m → Bash: /bin/zsh -lc "sed -n '1,260p' suite_utils.py"
  AC [1m5[0m → Bash: /bin/zsh -lc "rg -n \"def run_solver_with_time|timeout|su...
  AC [1m5[0m → Bash: /bin/zsh -lc "sed -n '1,220p' artifacts/lca_tree_stress_v...
  AC [1m5[0m → Bash: /bin/zsh -lc "rg -n \"PROFILE_MODE|PROFILE_BASE|PROFILE_S...
  AC [1m5[0m → Bash: /bin/zsh -lc "sed -n '16880,17160p' boj28350_resume/boj28...
  AC [1m5[0m → Bash: /bin/zsh -lc "source ./solver_release_env.sh && PROFILE_M...
  AC [1m5[0m → Bash: /bin/zsh -lc "sed -n '1,220p' artifacts/lca_tree_stress_v...
  AC [1m5[0m → Bash: /bin/zsh -lc 'wc -l artifacts/lca_tree_stress_v5/boj3s_ga...
  AC [1m5[0m → Bash: /bin/zsh -lc 'python3 branch_validator.py artifacts/lca_t...
  AC [1m5[0m → Bash: /bin/zsh -lc "source ./solver_release_env.sh && python3 -...
  AC [1m5[0m → Bash: /bin/zsh -lc "find artifacts/lca_tree_stress_v5/boj3s_gat...
  AC [1m5[0m → Bash: /bin/zsh -lc 'for f in artifacts/lca_tree_stress_v5/retry...
  AC [1m5[0m → Bash: /bin/zsh -lc "rg --files artifacts boj28350_resume boj283...
  AC [1m5[0m → Bash: /bin/zsh -lc "sed -n '1,260p' artifacts/lca_tree_stress_v...
  AC [1m5[0m → Bash: /bin/zsh -lc "sed -n '1,260p' artifacts/lca_tree_stress_v...
  AC [1m5[0m → Bash: /bin/zsh -lc "python3 - <<'PY'
import csv
from pathlib im...
  AC [1m5[0m → Bash: /bin/zsh -lc "diff -u --label active --label bundle <[1m([0msed...
  AC [1m5[0m → Bash: /bin/zsh -lc "diff -u --label active --label bundle <[1m([0msed...
  AC [1m5[0m → Bash: /bin/zsh -lc "diff -u --label active --label bundle <[1m([0msed...
  AC [1m5[0m → Bash: /bin/zsh -lc "diff -u --label active --label bundle <[1m([0msed...
  AC [1m5[0m → Bash: /bin/zsh -lc 'mkdir -p artifacts/lca_tree_stress_v5/ac5_r...
  AC [1m5[0m → Bash: /bin/zsh -lc "python3 - <<'PY'
from pathlib import Path
i...
  AC [1m5[0m → Bash: /bin/zsh -lc "source ./solver_release_env.sh && python3 -...
  AC [1m5[0m → Bash: /bin/zsh -lc ./build.sh
  AC [1m5[0m → Edit: /Users/free_1/Library/Mobile Documents/iCloud~md~obsidian...
  AC [1m5[0m → Bash: /bin/zsh -lc "python3 - <<'PY'
from pathlib import Path
i...
  AC [1m5[0m → Bash: /bin/zsh -lc ./build.sh
  AC [1m5[0m → Bash: /bin/zsh -lc "source ./solver_release_env.sh && python3 -...
  AC [1m5[0m → Bash: /bin/zsh -lc 'cp artifacts/lca_tree_stress_v5/ac5_restore...
  AC [1m5[0m → Bash: /bin/zsh -lc 'ls -l boj28350_resume/solve artifacts/boj28...
  AC [1m5[0m → Bash: /bin/zsh -lc "find artifacts -type f \\[1m([0m -name 'solver_sn...
  AC [1m5[0m → Bash: /bin/zsh -lc "stat -f '%Sm %N %z' -t '%Y-%m-%d %H:%M:%S' ...
  AC [1m5[0m → Bash: /bin/zsh -lc "source ./solver_release_env.sh && python3 -...
  AC [1m5[0m → Bash: /bin/zsh -lc "stat -f '%Sm %N %z' -t '%Y-%m-%d %H:%M:%S' ...
  AC [1m5[0m → Bash: /bin/zsh -lc "find artifacts -type f -name '*.cpp' -print...
  AC [1m5[0m → Bash: /bin/zsh -lc ./build.sh
  AC [1m5[0m → Bash: /bin/zsh -lc "source ./solver_release_env.sh && python3 -...
  AC [1m5[0m → Bash: /bin/zsh -lc 'cp artifacts/lca_tree_stress_v5/retry_loop/...
  AC [1m5[0m → Bash: /bin/zsh -lc ./build.sh
  AC [1m5[0m → Bash: /bin/zsh -lc "source ./solver_release_env.sh && python3 -...
  AC [1m5[0m → Bash: /bin/zsh -lc "find artifacts/lca_tree_stress_v5/retry_loo...
  AC [1m5[0m → Bash: /bin/zsh -lc "find artifacts/lca_tree_stress_v5 -type f |...
  AC [1m5[0m → Bash: /bin/zsh -lc "stat -f '%Sm %N %z' -t '%Y-%m-%d %H:%M:%S' ...
  AC [1m5[0m → Bash: /bin/zsh -lc "find artifacts/lca_tree_stress_v5/ac3_toggl...
  AC [1m5[0m → Bash: /bin/zsh -lc "find artifacts/lca_tree_stress_v5/ac3_layou...
  AC [1m5[0m → Bash: /bin/zsh -lc 'for d in artifacts/lca_tree_stress_v5/ac3_p...
  AC [1m5[0m → Bash: /bin/zsh -lc 'for d in artifacts/lca_tree_stress_v5/ac3_t...
  AC [1m5[0m → Bash: /bin/zsh -lc 'shasum -a [1m256[0m boj28350_resume/boj28350_bran...
  AC [1m5[0m → Bash: /bin/zsh -lc "rg -n \"ac5_formal_attempt_current|solver_s...
  AC [1m5[0m → Bash: /bin/zsh -lc "sed -n '1,220p' build.sh"
  AC [1m5[0m → Bash: /bin/zsh -lc 'find artifacts/lca_tree_stress_v5/boj3s_gat...
  AC [1m5[0m → Bash: /bin/zsh -lc "find artifacts/lca_tree_stress_v5 -type f \...
  AC [1m5[0m → Bash: /bin/zsh -lc "rg -n \"build\\[1m([0m|clang\\+\\+|g\\+\\+|cxx|co...
  AC [1m5[0m → Bash: /bin/zsh -lc 'shasum -a [1m256[0m boj28350_resume/solve artifac...
  AC [1m5[0m → Bash: /bin/zsh -lc "find . -type f \\[1m([0m -name 'solve' -o -name '...
  AC [1m5[0m → Bash: /bin/zsh -lc "sed -n '1,240p' build.py"
  AC [1m5[0m → Bash: /bin/zsh -lc "find artifacts/lca_tree_stress_v5/boj3s_gat...
  AC [1m5[0m → Bash: /bin/zsh -lc "find . -type f \\[1m([0m -name 'solve' -o -name '...
  AC [1m5[0m → Bash: /bin/zsh -lc 'cp artifacts/lca_tree_stress_v5/ac5_restore...
  AC [1m5[0m → Bash: /bin/zsh -lc 'ls -l boj28350_resume/solve artifacts/boj28...
  AC [1m5[0m → Bash: /bin/zsh -lc 'shasum -a [1m256[0m boj28350_resume/boj28350_bran...
  AC [1m5[0m → Bash: /bin/zsh -lc "python3 - <<'PY'
from pathlib import Path
f...
  AC [1m5[0m → Bash: /bin/zsh -lc "sed -n '1,220p' suite_utils.py"
  AC [1m5[0m → Bash: /bin/zsh -lc "sed -n '1,260p' outer_suite_wrappers/lca_bo...
  AC [1m5[0m → Bash: /bin/zsh -lc 'rg -n "default_solver_path|solve.pre_wrappe...
  AC [1m5[0m → Bash: /bin/zsh -lc "sed -n '220,340p' outer_suite_wrappers/lca_...
  AC [1m5[0m → Bash: /bin/zsh -lc "python3 - <<'PY'
from pathlib import Path
p...
  AC [1m5[0m → Bash: /bin/zsh -lc 'shasum -a [1m256[0m boj28350_resume/boj28350_bran...
  AC [1m5[0m → Bash: /bin/zsh -lc "find . -type f -name '*.cpp' | sort | rg 'b...
  AC [1m5[0m → Bash: /bin/zsh -lc 'shasum -a [1m256[0m artifacts/lca_tree_stress_v5/...
  AC [1m5[0m → Bash: /bin/zsh -lc "python3 - <<'PY'
from pathlib import Path
f...
  AC [1m5[0m → Bash: /bin/zsh -lc "find artifacts/lca_tree_stress_v5 -type f -...
  AC [1m5[0m → Bash: /bin/zsh -lc 'ls -l artifacts/lca_tree_stress_v5/boj3s_ga...
  AC [1m5[0m → Bash: /bin/zsh -lc 'shasum -a [1m256[0m artifacts/lca_tree_stress_v5/...
  AC [1m5[0m → Bash: /bin/zsh -lc "find artifacts/lca_tree_stress_v5 -path '*c...
  AC [1m5[0m → Bash: /bin/zsh -lc "python3 - <<'PY'
import subprocess, time, o...
  AC [1m5[0m → Bash: /bin/zsh -lc "sed -n '1,220p' artifacts/lca_tree_stress_v...
  AC [1m5[0m → Bash: /bin/zsh -lc "sed -n '1,220p' artifacts/lca_tree_stress_v...
  AC [1m5[0m → Bash: /bin/zsh -lc "sed -n '1,260p' artifacts/lca_tree_stress_v...
  AC [1m5[0m → Bash: /bin/zsh -lc "sed -n '1,260p' .ouroboros/failure_analysis...
  AC [1m5[0m → Bash: /bin/zsh -lc "diff -u --label current --label ac3 artifac...
  AC [1m5[0m → Bash: /bin/zsh -lc 'rg -n "zero[1m[[0m- [1m][0mspan|zero_span|eligib|watch_...
  AC [1m5[0m → Bash: /bin/zsh -lc 'rg -n "zero[1m[[0m- [1m][0mspan|zero_span|eligib|watch_...
  AC [1m5[0m → Bash: /bin/zsh -lc "nm -C artifacts/lca_tree_stress_v5/boj3s_ga...
  AC [1m5[0m → Bash: /bin/zsh -lc "nm -C artifacts/boj28350_resume/build/solve...
  AC [1m5[0m → Bash: /bin/zsh -lc "nm -C artifacts/boj28350_resume/build/solve...
  AC [1m5[0m → Bash: /bin/zsh -lc "sed -n '1,220p' solver_release_env.sh"
  AC [1m5[0m → Bash: /bin/zsh -lc "python3 - <<'PY'
from pathlib import Path
i...
  AC [1m5[0m → Bash: /bin/zsh -lc "python3 - <<'PY'
import subprocess
from pat...
  AC [1m5[0m → Bash: /bin/zsh -lc "sed -n '1,260p' boj28350_resume/current_sta...
  AC [1m5[0m → Bash: /bin/zsh -lc "sed -n '1,320p' boj28350_resume/next_sessio...
  AC [1m5[0m → Bash: /bin/zsh -lc 'rg -n "writeback|pointer|rebind|normalize|l...
  AC [1m5[0m → Bash: /bin/zsh -lc "python3 - <<'PY'
import subprocess, time, o...
  AC [1m5[0m → Bash: /bin/zsh -lc "python3 - <<'PY'
import subprocess, time, o...
  AC [1m5[0m → Bash: /bin/zsh -lc "python3 - <<'PY'
import subprocess, time, o...
  AC [1m5[0m → Bash: /bin/bash -c "python3 - <<'PY'
import subprocess, time, o...
  AC [1m5[0m → Bash: /bin/bash -c "python3 - <<'PY'
import subprocess, time, o...
  AC [1m5[0m → Bash: /bin/zsh -lc "strings artifacts/boj28350_resume/build/sol...
  AC [1m5[0m → Bash: /bin/zsh -lc "strings artifacts/lca_tree_stress_v5/boj3s_...
  AC [1m5[0m → Bash: /bin/zsh -lc "rg -n \"buildInitialExactArtifact\\[1m([0m|emit_r...
  AC [1m5[0m → Bash: /bin/zsh -lc "rg -n \"emit_release_diag\\(\" . -g '*.cpp'"
  AC [1m5[0m → Bash: /bin/zsh -lc "rg -n \"buildInitialExactArtifact\\[1m([0m\" . -g...
  AC [1m5[0m → Bash: /bin/zsh -lc "rg -n \"computeOwnerExactMap\\[1m([0m|initializeO...
  AC [1m5[0m → Bash: /bin/zsh -lc 'nm -C --size-sort artifacts/boj28350_resume...
  AC [1m5[0m → Bash: /bin/zsh -lc 'nm -C --size-sort artifacts/lca_tree_stress...
  AC [1m5[0m → Bash: /bin/zsh -lc "rg -n \"initial exact artifact|buildInitial...
  AC [1m5[0m → Bash: /bin/zsh -lc "sed -n '220,260p' boj28350_integrated_techn...
  AC [1m5[0m → Bash: /bin/zsh -lc "sed -n '5000,5315p' boj28350_resume/boj2835...
  AC [1m5[0m → Bash: /bin/zsh -lc "sed -n '4280,4545p' boj28350_resume/boj2835...
  AC [1m5[0m → Bash: /bin/zsh -lc "sed -n '5600,5905p' boj28350_resume/boj2835...
  AC [1m5[0m → Bash: /bin/zsh -lc "sed -n '5905,6105p' boj28350_resume/boj2835...
  AC [1m5[0m → Bash: /bin/zsh -lc "rg -n \"initializeOwnerExact\\[1m([0m|initializeO...
  AC [1m5[0m → Bash: /bin/zsh -lc "sed -n '5415,5475p' boj28350_resume/boj2835...
  AC [1m5[0m → Bash: /bin/zsh -lc "sed -n '1090,1165p' boj28350_resume/boj2835...
  AC [1m5[0m → Bash: /bin/zsh -lc "sed -n '990,1065p' boj28350_bundle_archive/...
  AC [1m5[0m → Bash: /bin/zsh -lc "rg -n \"ENABLE_COMPACT_RELEASE_DIAG|compact...
  AC [1m5[0m → Bash: /bin/bash -c "python3 - <<'PY'
import subprocess, time, o...
  AC [1m5[0m → Bash: /bin/zsh -lc "sed -n '17500,17680p' boj28350_resume/boj28...
  AC [1m5[0m → Bash: /bin/zsh -lc "sed -n '17050,17180p' artifacts/lca_tree_st...
  AC [1m5[0m → Bash: /bin/zsh -lc "rg -n \"compact_release_diag_case_start\\[1m([0m|...
  AC [1m5[0m → Bash: /bin/zsh -lc "rg -n \"compact_release_diag_case_start\\[1m([0m|...
  AC [1m5[0m → Bash: /bin/zsh -lc "nm -C artifacts/lca_tree_stress_v5/boj3s_ga...
  AC [1m5[0m → Bash: /bin/zsh -lc "nm -C artifacts/boj28350_resume/build/solve...
  AC [1m5[0m → Bash: /bin/zsh -lc "python3 - <<'PY'
import subprocess
from pat...
  AC [1m5[0m → Bash: /bin/bash -c "python3 - <<'PY'
import subprocess, time, o...
  AC [1m5[0m → Bash: /bin/zsh -lc "sed -n '7320,7605p' boj28350_resume/boj2835...
  AC [1m5[0m → Bash: /bin/zsh -lc "sed -n '4860,5065p' boj28350_resume/boj2835...
  AC [1m5[0m → Bash: /bin/zsh -lc "rg -n \"buildSupportVerticesFromLastDeleteA...
  AC [1m5[0m → Bash: /bin/zsh -lc "sed -n '10970,11060p' boj28350_resume/boj28...
  AC [1m5[0m → Bash: /bin/zsh -lc "sed -n '10590,10695p' boj28350_resume/boj28...
  AC [1m5[0m → Bash: /bin/zsh -lc "rg -n \"buildSupportVerticesFromLastDeleteA...
  AC [1m5[0m → Bash: /bin/zsh -lc "sed -n '4920,5175p' boj28350_bundle_archive...
  AC [1m5[0m → Bash: /bin/zsh -lc "diff -u --label progress40 --label current ...
  AC [1m5[0m → Bash: /bin/zsh -lc "diff -u --label progress40 --label current ...
  AC [1m5[0m → Bash: /bin/zsh -lc "rg -n \"buildSupportVerticesFromLastDeleteA...
  AC [1m5[0m → Bash: /bin/zsh -lc "sed -n '4490,4555p' boj28350_bundle_archive...
  AC [1m5[0m → Bash: /bin/zsh -lc "sed -n '5230,5295p' boj28350_bundle_archive...
  AC [1m5[0m → Bash: /bin/zsh -lc "sed -n '4540,4615p' boj28350_bundle_archive...
  AC [1m5[0m → Bash: /bin/zsh -lc "sed -n '13540,13980p' boj28350_resume/boj28...
  AC [1m5[0m → Bash: /bin/zsh -lc "sed -n '13980,14340p' boj28350_resume/boj28...
  AC [1m5[0m → Bash: /bin/zsh -lc "rg -n \"void init\\[1m([0m|rebuildSupport\\[1m([0m|supp...
  AC [1m5[0m → Bash: /bin/zsh -lc "sed -n '14445,14555p' boj28350_resume/boj28...
  AC [1m5[0m → Bash: /bin/bash -c "python3 - <<'PY'
import subprocess, time, o...
  AC [1m5[0m → Bash: /bin/zsh -lc 'rg -n "solve_with_oracle_before_delete|solv...
  AC [1m5[0m → Bash: /bin/zsh -lc "sed -n '15400,15440p' boj28350_resume/boj28...
  AC [1m5[0m → Bash: /bin/zsh -lc "sed -n '14780,15035p' boj28350_resume/boj28...
  AC [1m5[0m → Bash: /bin/zsh -lc "rg -n \"gatherTouchedClassInfos\\[1m([0m\" boj283...
  AC [1m5[0m → Bash: /bin/zsh -lc "sed -n '9270,9555p' boj28350_resume/boj2835...
  AC [1m5[0m → Bash: /bin/zsh -lc "diff -u --label progress40 --label current ...
  AC [1m5[0m → Bash: /bin/zsh -lc "sed -n '11160,11490p' boj28350_resume/boj28...
  AC [1m5[0m → Bash: /bin/zsh -lc "sed -n '10880,11210p' boj28350_bundle_archi...
  AC [1m5[0m → Bash: /bin/zsh -lc "diff -u --label progress40 --label current ...
  AC [1m5[0m → Bash: /bin/zsh -lc "sed -n '6130,6815p' boj28350_resume/boj2835...
  AC [1m5[0m → Bash: /bin/zsh -lc "sed -n '6815,7335p' boj28350_resume/boj2835...
  AC [1m5[0m → Bash: /bin/zsh -lc "rg -n \"struct WatchEntry|struct WatchHandl...
  AC [1m5[0m → Edit: /Users/free_1/Library/Mobile Documents/iCloud~md~obsidian...
  AC [1m5[0m → Bash: /bin/zsh -lc ./build.sh
  AC [1m5[0m → Bash: /bin/bash -c "python3 - <<'PY'
import subprocess, time, o...
  AC [1m5[0m → Bash: /bin/zsh -lc "sed -n '11140,11240p' boj28350_resume/boj28...
  AC [1m5[0m → Bash: /bin/zsh -lc "sed -n '14940,15060p' boj28350_resume/boj28...
  AC [1m5[0m → Bash: /bin/zsh -lc "sed -n '14790,14940p' boj28350_resume/boj28...
  AC [1m5[0m → Bash: /bin/zsh -lc 'rg -n "watchByVertex_|gatherTouchedClassInf...
  AC [1m5[0m → Bash: /bin/zsh -lc "sed -n '7120,7265p' boj28350_resume/boj2835...
  AC [1m5[0m → Bash: /bin/zsh -lc "sed -n '6520,6715p' boj28350_resume/boj2835...
  AC [1m5[0m → Bash: /bin/zsh -lc "sed -n '11240,11310p' boj28350_resume/boj28...
  AC [1m5[0m → Bash: /bin/zsh -lc "sed -n '7980,8035p' boj28350_resume/boj2835...
  AC [1m5[0m → Bash: /bin/zsh -lc "sed -n '1,220p' build.py"
  AC [1m5[0m → Bash: /bin/zsh -lc "sed -n '1,220p' build.sh"
  AC [1m5[0m → Bash: /bin/zsh -lc "sed -n '6200,6335p' boj28350_resume/boj2835...
  AC [1m5[0m → Bash: /bin/zsh -lc 'rg -n "verifyTouchedClassesExactForDeletion...
  AC [1m5[0m → Bash: /bin/zsh -lc "sed -n '10270,10390p' boj28350_resume/boj28...
  AC [1m5[0m → Bash: /bin/zsh -lc "sed -n '1,220p' solver_release_env.sh"
  AC [1m5[0m → Bash: /bin/zsh -lc "strings artifacts/lca_tree_stress_v5/boj3s_...
  AC [1m5[0m → Bash: /bin/zsh -lc "file artifacts/boj28350_resume/build/solve ...
  AC [1m5[0m → Bash: /bin/zsh -lc "env | rg '"'^CXX=|''^CPPFLAGS=|''^CFLAGS=|'...
  AC [1m5[0m → Bash: /bin/zsh -lc "sed -n '950,1010p' boj28350_resume/boj28350...
  AC [1m5[0m → Edit: /Users/free_1/Library/Mobile Documents/iCloud~md~obsidian...
  AC [1m5[0m → Bash: /bin/zsh -lc ./build.sh
  AC [1m5[0m → Bash: /bin/zsh -lc 'mkdir -p artifacts/lca_tree_stress_v5/.tmp ...
  AC [1m5[0m → Bash: /bin/zsh -lc "sed -n '1,220p' artifacts/lca_tree_stress_v...
  AC [1m5[0m → Bash: /bin/zsh -lc 'rg -n "phase=[1m([0msolve_with_oracle_before_dele...
  AC [1m5[0m → Bash: /bin/zsh -lc "sed -n '15060,15180p' boj28350_resume/boj28...
  AC [1m5[0m → Bash: /bin/zsh -lc "sed -n '15418,15465p' boj28350_resume/boj28...
  AC [1m5[0m → Bash: /bin/zsh -lc "rg -n \"queue|push|pop|newComponents|eraseV...
  AC [1m5[0m → Bash: /bin/zsh -lc "sed -n '1,260p' boj28350_resume/current_sta...
  AC [1m5[0m → Bash: /bin/zsh -lc 'rg -n "residual pivot|pivot|BOJ|boj3s|3s|pe...
  AC [1m5[0m → Bash: /bin/zsh -lc "sed -n '1,320p' boj28350_bundle_archive/boj...
  AC [1m5[0m → Bash: /bin/zsh -lc "rg -n \"ENABLE_[1m[[0mA-Z0-9_[1m][0m+\" solver_release_...
  AC [1m5[0m → Bash: /bin/zsh -lc 'rg -n "zero_span|layout_signature|sig_sourc...
  AC [1m5[0m → Bash: /bin/zsh -lc 'rg -n "zero-span|zero_span|fastpath commit|...
  AC [1m5[0m → Bash: /bin/zsh -lc "sed -n '1,260p' artifacts/lca_tree_stress_v...
  AC [1m5[0m → Bash: /bin/zsh -lc "sed -n '1,260p' artifacts/lca_tree_stress_v...
  AC [1m5[0m → Bash: /bin/zsh -lc "find artifacts/lca_tree_stress_v5/boj3s_gat...
  AC [1m5[0m → Bash: /bin/zsh -lc "sed -n '1,260p' artifacts/lca_tree_stress_v...
  AC [1m5[0m → Bash: /bin/zsh -lc "python3 - <<'PY'
import csv, json
from path...
  AC [1m5[0m → Bash: /bin/zsh -lc "source ./solver_release_env.sh && python3 -...
  AC [1m5[0m → Bash: /bin/zsh -lc "sed -n '1,260p' outer_suite_wrappers/lca_bo...
  AC [1m5[0m → Bash: /bin/zsh -lc "sed -n '260,520p' outer_suite_wrappers/lca_...
  AC [1m5[0m → Bash: /bin/zsh -lc "find artifacts/lca_tree_stress_v5/.tmp -max...
  AC [1m5[0m → Bash: /bin/zsh -lc "pgrep -af 'branch_certify_suite.py|solve|lc...
  AC [1m5[0m → Bash: /bin/zsh -lc 'wc -l artifacts/lca_tree_stress_v5/.tmp/lca...
  AC [1m5[0m → Bash: /bin/zsh -lc "find artifacts/lca_tree_stress_v5/.tmp/lca_...
  AC [1m5[0m → Bash: /bin/zsh -lc 'tail -n [1m40[0m artifacts/lca_tree_stress_v5/.tm...
  AC [1m5[0m → Bash: /bin/zsh -lc "find artifacts/lca_tree_stress_v5 -maxdepth...
  AC [1m5[0m → Bash: /bin/zsh -lc 'find artifacts/lca_tree_stress_v5 -type f -...
  AC [1m5[0m → Bash: /bin/zsh -lc 'find artifacts/lca_tree_stress_v5/.tmp/lca_...
  AC [1m5[0m → Bash: /bin/zsh -lc 'find artifacts/lca_tree_stress_v5/.tmp/lca_...
  AC [1m5[0m → Bash: /bin/zsh -lc 'find artifacts/lca_tree_stress_v5/.tmp/lca_...
  AC [1m5[0m → Bash: /bin/zsh -lc "python3 - <<'PY'
import json
from pathlib i...
  AC [1m5[0m → Bash: /bin/zsh -lc "python3 - <<'PY'
import json
from pathlib i...
  AC [1m5[0m → Bash: /bin/zsh -lc 'find artifacts/lca_tree_stress_v5/.tmp/lca_...
  AC [1m5[0m → Bash: /bin/zsh -lc 'test -f artifacts/lca_tree_stress_v5/.tmp/l...
  AC [1m5[0m → Bash: /bin/zsh -lc 'test -f artifacts/lca_tree_stress_v5/.tmp/l...
  AC [1m5[0m → Bash: /bin/zsh -lc 'find artifacts/lca_tree_stress_v5/.tmp/lca_...
  AC [1m5[0m → Bash: /bin/zsh -lc "python3 - <<'PY'
from pathlib import Path
b...
  AC [1m5[0m → Bash: /bin/zsh -lc "for f in \\
artifacts/lca_tree_stress_v5/.t...
  AC [1m5[0m → Bash: /bin/zsh -lc "python3 - <<'PY'
import json
from pathlib i...
  AC [1m5[0m → Bash: /bin/zsh -lc ./lca_boj3s_gate.sh
  AC [1m5[0m → Bash: /bin/zsh -lc 'cat artifacts/lca_tree_stress_v5/boj3s_gate...
  AC [1m5[0m → Bash: /bin/zsh -lc "sed -n '1,260p' artifacts/lca_tree_stress_v...
  AC [1m5[0m → Bash: /bin/zsh -lc "python3 - <<'PY'
import csv
from pathlib im...
  AC [1m5[0m → Bash: /bin/zsh -lc "source ./solver_release_env.sh && python3 -...
  AC [1m5[0m → Bash: /bin/zsh -lc "sed -n '16000,17380p' boj28350_resume/boj28...
  AC [1m5[0m → Bash: /bin/zsh -lc 'rg -n "PROFILE_MODE|PROFILE_SAMPLED|PROFILE...
  AC [1m5[0m → Bash: /bin/zsh -lc 'tail -n [1m80[0m artifacts/lca_tree_stress_v5/.tm...
  AC [1m5[0m → Bash: /bin/zsh -lc 'wc -c artifacts/lca_tree_stress_v5/.tmp/com...
  AC [1m5[0m → Bash: /bin/zsh -lc 'mkdir -p artifacts/lca_tree_stress_v5/.tmp ...
  AC [1m5[0m → Bash: /bin/zsh -lc 'tail -n [1m120[0m artifacts/lca_tree_stress_v5/.t...
  AC [1m5[0m → Bash: /bin/zsh -lc "rg -n \"profile_mode=|time_lgate_|lgate_|ti...
  AC [1m5[0m → Bash: /bin/zsh -lc "source ./solver_release_env.sh && python3 -...
  AC [1m5[0m → Bash: /bin/zsh -lc "python3 - <<'PY'
import os, subprocess
from...
  AC [1m5[0m → Bash: /bin/zsh -lc 'tail -n [1m200[0m artifacts/lca_tree_stress_v5/.t...
  AC [1m5[0m → Bash: /bin/zsh -lc 'rg -n "phase=[1m([0msolve_with_oracle_before_root...
  AC [1m5[0m → Bash: /bin/zsh -lc "sed -n '5468,5515p' boj28350_resume/boj2835...
  AC [1m5[0m → Bash: /bin/zsh -lc "sed -n '4440,4665p' boj28350_resume/boj2835...
  AC [1m5[0m → Bash: /bin/zsh -lc "rg -n \"comp\\[1m([0m|incidentClass\\[1m([0m|aliveVerte...
  AC [1m5[0m → Bash: /bin/zsh -lc "sed -n '4300,4465p' boj28350_resume/boj2835...
  AC [1m5[0m → Bash: /bin/zsh -lc 'rg -n "compMembers_|compAlive_|compId_|next...
  AC [1m5[0m → Bash: /bin/zsh -lc "sed -n '3600,3695p' boj28350_resume/boj2835...
  AC [1m5[0m → Bash: /bin/zsh -lc "rg -n \"deleteVertexBatch|incidentEdges\\[1m([0m|...
  AC [1m5[0m → Bash: /bin/zsh -lc "sed -n '5450,5485p' boj28350_resume/boj2835...
  AC [1m5[0m → Bash: /bin/zsh -lc 'rg -n "lastDeleteArtifactReady_" boj28350_r...
  AC [1m5[0m → Edit: /Users/free_1/Library/Mobile Documents/iCloud~md~obsidian...
  AC [1m5[0m → Bash: /bin/zsh -lc ./build.sh
  AC [1m5[0m → Bash: /bin/zsh -lc "source ./solver_release_env.sh && python3 -...
  AC [1m5[0m → Bash: /bin/zsh -lc "sed -n '15340,15390p' boj28350_resume/boj28...
  AC [1m5[0m → Bash: /bin/zsh -lc "sed -n '15388,15420p' boj28350_resume/boj28...
  AC [1m5[0m → Bash: /bin/zsh -lc 'rg -n "branchQueries|directPairs|undirected...
  AC [1m5[0m → Bash: /bin/zsh -lc 'mkdir -p artifacts/lca_tree_stress_v5/.tmp ...
  AC [1m5[0m → Edit: /Users/free_1/Library/Mobile Documents/iCloud~md~obsidian...
  AC [1m5[0m → Bash: /bin/zsh -lc ./build.sh
  AC [1m5[0m → Bash: /bin/zsh -lc "source ./solver_release_env.sh && python3 -...
  AC [1m5[0m → Bash: /bin/zsh -lc "source ./solver_release_env.sh && python3 -...
  AC [1m5[0m → Bash: /bin/zsh -lc "python3 - <<'PY'
from pathlib import Path
c...
  AC [1m5[0m → Bash: /bin/zsh -lc "python3 - <<'PY'
from pathlib import Path
p...
  AC [1m5[0m → Edit: /Users/free_1/Library/Mobile Documents/iCloud~md~obsidian...
  AC [1m5[0m → Bash: /bin/zsh -lc ./build.sh
  AC [1m5[0m → Bash: /bin/zsh -lc "python3 - <<'PY'
import subprocess
from pat...
  AC [1m5[0m → Bash: /bin/zsh -lc 'tail -n [1m220[0m artifacts/lca_tree_stress_v5/.t...
  AC [1m5[0m → Bash: /bin/zsh -lc 'rg -n "topo_fastpath|erase_before_gather|so...
  AC [1m5[0m → Bash: /bin/zsh -lc "sed -n '1,120p' boj28350_resume/boj28350_br...
  AC [1m5[0m → Bash: /bin/zsh -lc 'rg -n "dgraph::DynamicGraph|DynamicForestCo...
  AC [1m5[0m → Bash: /bin/zsh -lc "rg -n \"class DynamicGraph|is_connected\\[1m([0m|...
  AC [1m5[0m → Bash: /bin/zsh -lc "sed -n '640,845p' boj28350_resume/boj28350_...
  AC [1m5[0m → Bash: /bin/zsh -lc 'rg -n "Iterator EulerTourForest::iterator|E...
  AC [1m5[0m → Bash: /bin/zsh -lc "sed -n '100,180p' boj28350_resume/boj28350_...
  AC [1m5[0m → Bash: /bin/zsh -lc "sed -n '350,430p' boj28350_resume/boj28350_...
  AC [1m5[0m → Bash: /bin/zsh -lc "sed -n '430,560p' boj28350_resume/boj28350_...
  AC [1m5[0m → Bash: /bin/zsh -lc "find .. -type f \\[1m([0m -name '*.h' -o -name '*...
  AC [1m5[0m → Bash: /bin/zsh -lc "sed -n '3668,3698p' boj28350_resume/boj2835...
  AC [1m5[0m → Edit: /Users/free_1/Library/Mobile Documents/iCloud~md~obsidian...
  AC [1m5[0m → Edit: /Users/free_1/Library/Mobile Documents/iCloud~md~obsidian...
  AC [1m5[0m → Edit: /Users/free_1/Library/Mobile Documents/iCloud~md~obsidian...
  AC [1m5[0m → Bash: /bin/zsh -lc "sed -n '5500,5578p' boj28350_resume/boj2835...
  AC [1m5[0m → Bash: /bin/zsh -lc "sed -n '5578,5658p' boj28350_resume/boj2835...
  AC [1m5[0m → Edit: /Users/free_1/Library/Mobile Documents/iCloud~md~obsidian...
  AC [1m5[0m → Bash: /bin/zsh -lc ./build.sh
  AC [1m5[0m → Bash: /bin/zsh -lc 'rg -n "enumerateComponentFast" boj28350_res...
  AC [1m5[0m → Bash: /bin/zsh -lc "sed -n '3590,3715p' boj28350_resume/boj2835...
  AC [1m5[0m → Edit: /Users/free_1/Library/Mobile Documents/iCloud~md~obsidian...
  AC [1m5[0m → Bash: /bin/zsh -lc ./build.sh
  AC [1m5[0m → Bash: /bin/zsh -lc "source ./solver_release_env.sh && python3 -...
  AC [1m5[0m → Bash: /bin/zsh -lc "python3 - <<'PY'
import subprocess
from pat...
  AC [1m5[0m → Bash: /bin/zsh -lc 'rg -n "solve_with_oracle_delete_progress|to...
  AC [1m5[0m → Bash: /bin/zsh -lc 'tail -n [1m220[0m artifacts/lca_tree_stress_v5/.t...
  AC [1m5[0m → Bash: /bin/zsh -lc 'git status --short'
  AC [1m5[0m → Bash: /bin/zsh -lc "source ./solver_release_env.sh && python3 -...
  AC [1m5[0m → Bash: /bin/zsh -lc "source ./solver_release_env.sh && python3 -...
  AC [1m5[0m → Bash: /bin/zsh -lc "sed -n '1,220p' artifacts/lca_tree_stress_v...
  AC [1m5[0m → Bash: /bin/zsh -lc 'cat .ouroboros/failure_analysis_state.json'
  AC [1m5[0m → Bash: /bin/zsh -lc "sed -n '1,220p' .ouroboros/failure_analysis...
  AC [1m5[0m → Edit: /Users/free_1/Library/Mobile Documents/iCloud~md~obsidian...
  AC [1m5[0m → Edit: /Users/free_1/Library/Mobile Documents/iCloud~md~obsidian...
  AC [1m5[0m → Edit: /Users/free_1/Library/Mobile Documents/iCloud~md~obsidian...
  AC [1m5[0m → Bash: /bin/zsh -lc "rg -n \"class DynamicGraph|namespace dgraph...
Level [1m3[0m complete: [1m1[0m succeeded, [1m1[0m failed

Level [1m4[0m/[1m5[0m: Executing ACs [1m[[0m[1m6[0m[1m][0m in parallel
  [2mAC [0m[1;2m6[0m[2m: Analyzing complexity[0m[2m...[0m
  AC [1m6[0m → Bash: /bin/zsh -lc 'ls artifacts/lca_tree_stress_v5/retry_loop ...
  AC [1m6[0m → Bash: /bin/zsh -lc "sed -n '1,220p' boj28350_resume/current_sta...
  AC [1m6[0m → Bash: /bin/zsh -lc "sed -n '1,260p' artifacts/lca_tree_stress_v...
  AC [1m6[0m → Bash: /bin/zsh -lc "sed -n '1,260p' artifacts/lca_tree_stress_v...
  AC [1m6[0m → Bash: /bin/zsh -lc "sed -n '1,260p' artifacts/lca_tree_stress_v...
  AC [1m6[0m → Bash: /bin/zsh -lc "sed -n '1,260p' .ouroboros/failure_analysis...
  AC [1m6[0m → Bash: /bin/zsh -lc "sed -n '1,260p' artifacts/lca_tree_stress_v...
  AC [1m6[0m → Bash: /bin/zsh -lc "sed -n '1,220p' artifacts/lca_tree_stress_v...
  AC [1m6[0m → Bash: /bin/zsh -lc "sed -n '1,220p' artifacts/lca_tree_stress_v...
  AC [1m6[0m → Bash: /bin/zsh -lc "sed -n '1,260p' solver_release_env.sh"
  AC [1m6[0m → Bash: /bin/zsh -lc "sed -n '1,260p' .ouroboros/failure_analysis...
  AC [1m6[0m → Bash: /bin/zsh -lc "sed -n '1,260p' lca_boj3s_gate.sh"
  AC [1m6[0m → Bash: /bin/zsh -lc "sed -n '1,260p' .ouroboros/failure_analysis...
  AC [1m6[0m → Bash: /bin/zsh -lc "sed -n '1,360p' outer_suite_wrappers/lca_bo...
  AC [1m6[0m → Bash: /bin/zsh -lc "sed -n '1,220p' build.sh"
  AC [1m6[0m → Bash: /bin/zsh -lc "find artifacts/lca_tree_stress_v5 -maxdepth...
  AC [1m6[0m → Bash: /bin/zsh -lc 'for d in artifacts/lca_tree_stress_v5/boj3s...
  AC [1m6[0m → Bash: /bin/zsh -lc "if [1m[[0m -f artifacts/lca_tree_stress_v5/boj3s_...
  AC [1m6[0m → Bash: /bin/zsh -lc "find artifacts/lca_tree_stress_v5 -maxdepth...
  AC [1m6[0m → Bash: /bin/zsh -lc "sed -n '1,260p' artifacts/lca_tree_stress_v...
  AC [1m6[0m → Bash: /bin/zsh -lc "sed -n '1,260p' boj28350_resume/next_sessio...
  AC [1m6[0m → Bash: /bin/zsh -lc "python3 - <<'PY'
import csv
from pathlib im...
  AC [1m6[0m → Bash: /bin/zsh -lc 'if [1m[[0m -f artifacts/lca_tree_stress_v5/.locks...
  AC [1m6[0m → Bash: /bin/zsh -lc "pgrep -af 'branch_certify_suite.py|solver_s...
  AC [1m6[0m → Bash: /bin/zsh -lc "find artifacts/lca_tree_stress_v5/.tmp -max...
  AC [1m6[0m → Bash: /bin/zsh -lc 'find artifacts/lca_tree_stress_v5/.tmp/lca_...
  AC [1m6[0m → Bash: /bin/zsh -lc "python3 - <<'PY'
from pathlib import Path
r...
  AC [1m6[0m → Bash: /bin/zsh -lc 'find artifacts/lca_tree_stress_v5/.tmp/lca_...
  AC [1m6[0m → Bash: /bin/zsh -lc 'for d in artifacts/lca_tree_stress_v5/boj3s...
  AC [1m6[0m → Bash: /bin/zsh -lc "find artifacts/lca_tree_stress_v5 -maxdepth...
  AC [1m6[0m → Bash: /bin/zsh -lc "if [1m[[0m -f artifacts/lca_tree_stress_v5/boj3s_...
  AC [1m6[0m → Bash: /bin/zsh -lc 'find artifacts/lca_tree_stress_v5/.locks -m...
  AC [1m6[0m → Bash: /bin/zsh -lc 'find artifacts/lca_tree_stress_v5/.tmp -max...
Level [1m4[0m complete: [1m0[0m succeeded, [1m1[0m failed
╭────────────────────────────── Partial Success ───────────────────────────────╮
│ Parallel Execution Complete                                                  │
│ Success: 5/8                                                                 │
│ Failed: 2                                                                    │
│ Blocked: 1                                                                   │
│                                                                              │
│ ## Stage Results                                                             │
│ - Stage 1: succeeded (success=3, failed=0)                                   │
│ - Stage 2: succeeded (success=1, failed=0)                                   │
│ - Stage 3: partial (success=1, failed=1)                                     │
│ - Stage 4: failed (success=0, failed=1)                                      │
│ - Stage 5: blocked (success=0, failed=0, blocked=1, not_started)             │
│                                                                              │
│ ## AC Results                                                                │
│                                                                              │
│ ### AC 1: [PASS] The branch_3 research notes and bundled progress40          │
│ materials are read before major solver rewrites or pivots                    │
│ Decomposed into 2 Sub-ACs                                                    │
│                                                                              │
│ ### AC 2: [PASS] ./lca_smoke.sh is stabilized enough to support further      │
│ iteration                                                                    │
│ Decomposed into 4 Sub-ACs                                                    │
│                                                                              │
│ ### AC 3: [PASS] ./lca_strong_gate.sh passes as a required prerequisite gate │
│ Decomposed into 3 Sub-ACs                                                    │
│                                                                              │
│ ### AC 4: [FAIL] Formal closure requires running ./lca_strong_gate.sh twice  │
│ in a row on the same working tree with both runs PASS                        │
│ Error: Stalled (no activity for 300s)                                        │
│                                                                              │
│ ### AC 5: [PASS] ./lca_boj3s_gate.sh passes as a required final acceptance   │
│ gate                                                                         │
│ n after the no-touch relabel path and                                        │
│ `ENABLE_STATE_LOAD_MATERIALIZATION_OPT=0`. I recorded the narrowed failure   │
│ mode and next retry target in                                                │
│ [latest_analysis_session.md](/Users/free_1/Library/Mobile%20Documents/iCloud │
│ ~md~obsidian/Documents/cpp-checker/branch_3/artifacts/lca_tree_stress_v5/ret │
│ ry_loop/latest_analysis_session.md) and                                      │
│ [failure_analysis_iteration.md](/Users/free_1/Library/Mobile%20Documents/iCl │
│ oud~md~obsidian/Documents/cpp-checker/branch_3/.ouroboros/failure_analysis_i │
│ teration.md).                                                                │
│                                                                              │
│ ### AC 6: [FAIL] Formal closure also requires running ./lca_boj3s_gate.sh    │
│ twice in a row on the same working tree with both runs PASS                  │
│ Error: Stalled (no activity for 300s)                                        │
│                                                                              │
│ ### AC 7: [BLOCKED] The repeated PASS must not depend on manual cleanup of   │
│ branch_3/artifacts/lca_tree_stress_v5/...                                    │
│ Error: Skipped: dependency failed                                            │
│                                                                              │
│ ### AC 8: [PASS] All generated outputs remain inside branch_3/artifacts/...  │
│ lity.sh#L26) and [line                                                       │
│ 354](/Users/free_1/Library/Mobile%20Documents/iCloud~md~obsidian/Documents/c │
│ pp-checker/branch_3/outer_suite_wrappers/lca_smoke_repeatability.sh#L354).   │
│                                                                              │
│ Verification was lightweight and locality-focused: `python3                  │
│ branch_gen_case.py --list-modes`, `python3 boj28350_resume.py smoke --help`, │
│ and `bash -n outer_suite_wrappers/lca_smoke_repeatability.sh` all succeeded. │
│ A follow-up scan found no `__pycache__`, `*.pyc`, or `*.pyo` outside         │
│ `branch_3/artifacts/...`.                                                    │
│                                                                              │
│ [TASK_COMPLETE]                                                              │
╰──────────────────────────────────────────────────────────────────────────────╯
╭───── [1mError[0m ──────╮
│ Execution failed │
╰──────────────────╯
╭──────────── [1mInfo[0m ─────────────╮
│ Session ID: orch_1736140fd0df │
╰───────────────────────────────╯
[2mError: Parallel Execution Complete[0m
[2mSuccess: [0m[1;2m5[0m[2m/[0m[1;2m8[0m
[2mFailed: [0m[1;2m2[0m
[2mBlocked: [0m[1;2m1[0m

[2m## Stage Results[0m
[2m- Stage [0m[1;2m1[0m[2m: succeeded [0m[1;2m([0m[2msuccess[0m[2m=[0m[1;2m3[0m[2m, [0m[2mfailed[0m[2m=[0m[1;2m0[0m[1;2m)[0m
[2m- Stage [0m[1;2m2[0m[2m: succeeded [0m[1;2m([0m[2msuccess[0m[2m=[0m[1;2m1[0m[2m, [0m[2mfailed[0m[2m=[0m[1;2m0[0m[1;2m)[0m
[2m- Stage [0m[1;2m3[0m[2m: partial [0m[1;2m([0m[2msuccess[0m[2m=[0m[1;2m1[0m[2m, fai[0m
artifacts/lca_tree_stress_v5/retry_loop/attempt_001_20260326_002918/attempt_guard.md
attempt guard passed
artifacts/lca_tree_stress_v5/retry_loop/attempt_001_20260326_002918/git_repo_health_post_failure.md
failure report written: artifacts/lca_tree_stress_v5/retry_loop/attempt_001_20260326_002918/failure_report.md
failure breakdown written: artifacts/lca_tree_stress_v5/retry_loop/attempt_001_20260326_002918/failure_breakdown.md
latest failure report updated: artifacts/lca_tree_stress_v5/retry_loop/latest_failure_report.md
latest failure breakdown updated: artifacts/lca_tree_stress_v5/retry_loop/latest_failure_breakdown.md
analysis seed preflight ok: .ouroboros/seed_branch3_failure_analysis.yaml
[2026-03-26 05:46:51 KST] attempt 1 analysis round 1 start: .ouroboros/seed_branch3_failure_analysis.yaml
[2m2026-03-25T20:46:52.669816Z[0m [[32m[1minfo     [0m] [1mcodex_cli_runtime.initialized [0m [36mcli_path[0m=[35m/opt/homebrew/bin/codex[0m [36mcwd[0m=[35m'/Users/free_1/Library/Mobile Documents/iCloud~md~obsidian/Documents/cpp-checker/branch_3'[0m [36mfilename[0m=[35mcodex_cli_runtime.py[0m [36mlineno[0m=[35m106[0m [36mmodel[0m=[35mNone[0m [36mpermission_mode[0m=[35macceptEdits[0m [36mskills_dir[0m=[35mpackaged://ouroboros.codex/skills[0m
╭──────────────────────── [1mInfo[0m ────────────────────────╮
│ Parallel mode: independent ACs will run concurrently │
╰──────────────────────────────────────────────────────╯
[2m2026-03-25T20:46:52.675008Z[0m [[32m[1minfo     [0m] [1morchestrator.session.created  [0m [36mexecution_id[0m=[35mexec_989723b75a67[0m [36mfilename[0m=[35msession.py[0m [36mlineno[0m=[35m455[0m [36msession_id[0m=[35morch_b4a195fd295b[0m

Analyzing AC dependencies...
Execution plan: [1m5[0m stages, parallelizable: [3mTrue[0m
  Stage [1m1[0m: ACs [1m[[0m[1m1[0m[1m][0m
  Stage [1m2[0m: ACs [1m[[0m[1m2[0m[1m][0m
  Stage [1m3[0m: ACs [1m[[0m[1m3[0m[1m][0m
  Stage [1m4[0m: ACs [1m[[0m[1m4[0m, [1m5[0m[1m][0m
  Stage [1m5[0m: ACs [1m[[0m[1m6[0m[1m][0m

Level [1m1[0m/[1m5[0m: Executing ACs [1m[[0m[1m1[0m[1m][0m in parallel
  [2mAC [0m[1;2m1[0m[2m: Analyzing complexity[0m[2m...[0m
  AC [1m1[0m → Bash: /bin/zsh -lc pwd
  AC [1m1[0m → Bash: /bin/zsh -lc 'command -v rg'
  AC [1m1[0m → Bash: /bin/zsh -lc "find .ouroboros -maxdepth [1m1[0m -type f | sed '...
  AC [1m1[0m → Bash: /bin/zsh -lc "find artifacts/lca_tree_stress_v5/retry_loo...
  AC [1m1[0m → Bash: /bin/zsh -lc "sed -n '1,220p' artifacts/lca_tree_stress_v...
  AC [1m1[0m → Bash: /bin/zsh -lc "sed -n '1,260p' artifacts/lca_tree_stress_v...
  AC [1m1[0m → Bash: /bin/zsh -lc 'rg --files artifacts .ouroboros boj28350_re...
  AC [1m1[0m → Bash: /bin/zsh -lc 'rg --files artifacts/lca_tree_stress_v5/ret...
  AC [1m1[0m → Bash: /bin/zsh -lc 'rg --files .ouroboros'
Level [1m1[0m complete: [1m1[0m succeeded, [1m0[0m failed

Level [1m2[0m/[1m5[0m: Executing ACs [1m[[0m[1m2[0m[1m][0m in parallel
  [2mAC [0m[1;2m2[0m[2m: Analyzing complexity[0m[2m...[0m
  AC [1m2[0m → Decomposed into [1m2[0m Sub-ACs [1m([0mparallel[1m)[0m
    Starting [1m2[0m Sub-ACs sequentially...
    Sub-AC [1m1[0m of AC [1m2[0m → Bash: /bin/zsh -lc pwd
    Sub-AC [1m1[0m of AC [1m2[0m → Bash: /bin/zsh -lc "sed -n '1,220p' 
artifacts/lca_tree_stress_v...
    Sub-AC [1m1[0m of AC [1m2[0m → Bash: /bin/zsh -lc "sed -n '1,260p' 
artifacts/lca_tree_stress_v...
    Sub-AC [1m1[0m of AC [1m2[0m → Bash: /bin/zsh -lc "find artifacts .ouroboros 
boj28350_resume b...
    Sub-AC [1m1[0m of AC [1m2[0m → Bash: /bin/zsh -lc "sed -n '1,260p' 
artifacts/lca_tree_stress_v...
    Sub-AC [1m1[0m of AC [1m2[0m → Bash: /bin/zsh -lc "sed -n '1,260p' 
.ouroboros/failure_analysis...
    Sub-AC [1m1[0m of AC [1m2[0m → Bash: /bin/zsh -lc "sed -n '1,260p' 
.ouroboros/failure_analysis...
    Sub-AC [1m1[0m of AC [1m2[0m → Bash: /bin/zsh -lc "sed -n '1,260p' 
.ouroboros/failure_analysis...
    Sub-AC [1m1[0m of AC [1m2[0m → Bash: /bin/zsh -lc "sed -n '1,220p' 
artifacts/lca_tree_stress_v...
    Sub-AC [1m1[0m of AC [1m2[0m → Bash: /bin/zsh -lc "sed -n '1,240p' 
artifacts/lca_tree_stress_v...
    Sub-AC [1m1[0m of AC [1m2[0m → Bash: /bin/zsh -lc "sed -n '1,260p' 
boj28350_resume/current_sta...
    Sub-AC [1m1[0m of AC [1m2[0m → Bash: /bin/zsh -lc "sed -n '1,220p' 
artifacts/lca_tree_stress_v...
    Sub-AC [1m1[0m of AC [1m2[0m → Bash: /bin/zsh -lc "sed -n '1,260p' 
boj28350_bundle_archive/boj...
    Sub-AC [1m1[0m of AC [1m2[0m → Bash: /bin/zsh -lc "sed -n '1,260p' 
artifacts/lca_tree_stress_v...
    Sub-AC [1m1[0m of AC [1m2[0m → Bash: /bin/zsh -lc "python3 - <<'PY'
import json
from pathlib i...
    Sub-AC [1m1[0m of AC [1m2[0m → Bash: /bin/zsh -lc "sed -n '1,260p' 
.ouroboros/verify_analysis_...
    Sub-AC [1m1[0m of AC [1m2[0m → Bash: /bin/zsh -lc "find boj28350_resume -type f \\[1m([0m 
-name '*br...
    Sub-AC [1m1[0m of AC [1m2[0m → Bash: /bin/zsh -lc "find boj28350_resume -type f \\[1m([0m 
-name '*.c...
    Sub-AC [1m1[0m of AC [1m2[0m → Bash: /bin/zsh -lc "sed -n '5570,5635p' 
boj28350_resume/boj2835...
    Sub-AC [1m1[0m of AC [1m2[0m → Bash: /bin/zsh -lc 'rg -n 
"deleteVertexAndSplit|topo_fastpath_h...
    Sub-AC [1m1[0m of AC [1m2[0m → Bash: /bin/zsh -lc "sed -n '14640,14725p' 
boj28350_resume/boj28...
    Sub-AC [1m1[0m of AC [1m2[0m → Bash: /bin/zsh -lc "sed -n '14570,14655p' 
boj28350_resume/boj28...
    Sub-AC [1m1[0m of AC [1m2[0m → Bash: /bin/zsh -lc "date '+%Y-%m-%d %H:%M:%S %Z'"
    Sub-AC [1m1[0m of AC [1m2[0m → Edit: /Users/free_1/Library/Mobile 
Documents/iCloud~md~obsidian...
    Sub-AC [1m1[0m of AC [1m2[0m → Bash: /bin/zsh -lc "sed -n '1,260p' 
.ouroboros/failure_analysis...
    Sub-AC [1m1[0m of AC [1m2[0m → Bash: /bin/zsh -lc "python3 - <<'PY'
import json
from pathlib i...
    Sub-AC [1m1[0m of AC [1m2[0m → Bash: /bin/zsh -lc 'git diff -- 
.ouroboros/failure_analysis_sta...
    Sub-AC [1m1[0m of AC [1m2[0m → Bash: /bin/zsh -lc "rg --files . | rg 
'("'^|/[1m)[0m[1m([0mlatest_failure_r...
    Sub-AC [1m1[0m of AC [1m2[0m → Bash: /bin/zsh -lc 'rg -n 
"DecrementalNBTopology::deleteVertexA...
    Sub-AC [1m2[0m of AC [1m2[0m → Bash: /bin/zsh -lc "printf '%s
' artifacts/lca_tree_stress_v5/r...
    Sub-AC [1m2[0m of AC [1m2[0m → Bash: /bin/zsh -lc 'wc -l 
artifacts/lca_tree_stress_v5/retry_lo...
    Sub-AC [1m2[0m of AC [1m2[0m → Bash: /bin/zsh -lc "ls -lt 
artifacts/lca_tree_stress_v5/retry_l...
    Sub-AC [1m2[0m of AC [1m2[0m → Bash: /bin/zsh -lc "sed -n '1,220p' 
.ouroboros/failure_analysis...
    Sub-AC [1m2[0m of AC [1m2[0m → Bash: /bin/zsh -lc "sed -n '1,220p' 
.ouroboros/verify_analysis_...
    Sub-AC [1m2[0m of AC [1m2[0m → Bash: /bin/zsh -lc "sed -n '1,220p' 
.ouroboros/failure_analysis...
    Sub-AC [1m2[0m of AC [1m2[0m → Bash: /bin/zsh -lc "sed -n '1,220p' 
.ouroboros/failure_analysis...
    Sub-AC [1m2[0m of AC [1m2[0m → Bash: /bin/zsh -lc "sed -n '1,220p' 
artifacts/lca_tree_stress_v...
    Sub-AC [1m2[0m of AC [1m2[0m → Bash: /bin/zsh -lc "rg -n 
'"'^#|''^##|''^###|zero_span_fastpath...
    Sub-AC [1m2[0m of AC [1m2[0m → Bash: /bin/zsh -lc "sed -n '1,220p' 
artifacts/lca_tree_stress_v...
    Sub-AC [1m2[0m of AC [1m2[0m → Bash: /bin/zsh -lc "sed -n '1,220p' 
artifacts/lca_tree_stress_v...
    Sub-AC [1m2[0m of AC [1m2[0m → Bash: /bin/zsh -lc "sed -n '1,220p' 
artifacts/lca_tree_stress_v...
    Sub-AC [1m2[0m of AC [1m2[0m → Bash: /bin/zsh -lc "rg -n 
'"'^#|''^##|''^###|zero_span_fastpath...
    Sub-AC [1m2[0m of AC [1m2[0m → Bash: /bin/zsh -lc "sed -n '1,220p' 
boj28350_resume/current_sta...
    Sub-AC [1m2[0m of AC [1m2[0m → Bash: /bin/zsh -lc "sed -n '1,220p' 
boj28350_bundle_archive/boj...
    Sub-AC [1m2[0m of AC [1m2[0m → Bash: /bin/zsh -lc "python3 - <<'PY'
import json
from pathlib i...
    Sub-AC [1m2[0m of AC [1m2[0m → Bash: /bin/zsh -lc "sed -n '1,260p' 
artifacts/lca_tree_stress_v...
    Sub-AC [1m2[0m of AC [1m2[0m → Bash: /bin/zsh -lc "python3 - <<'PY'
import json
from pathlib i...
    Sub-AC [1m2[0m of AC [1m2[0m → Bash: /bin/zsh -lc "sed -n '1,260p' 
.ouroboros/capture_failure_...
    Sub-AC [1m2[0m of AC [1m2[0m → Bash: /bin/zsh -lc 'rg -n 
"analysis_revision|last_failed_attemp...
    Sub-AC [1m2[0m of AC [1m2[0m → Bash: /bin/zsh -lc 'find .ouroboros -maxdepth 2 -type f |
sort'
    Sub-AC [1m2[0m of AC [1m2[0m → Bash: /bin/zsh -lc "sed -n '1,260p' 
.ouroboros/restart_retry_lo...
    Sub-AC [1m2[0m of AC [1m2[0m → Bash: /bin/zsh -lc "sed -n '1,260p' 
.ouroboros/run_until_pass_p...
    Sub-AC [1m2[0m of AC [1m2[0m → Bash: /bin/zsh -lc "sed -n '1,260p' 
.ouroboros/refresh_analysis...
    Sub-AC [1m2[0m of AC [1m2[0m → Bash: /bin/zsh -lc "sed -n '1,260p' 
.ouroboros/run_next_probe.py"
    Sub-AC [1m2[0m of AC [1m2[0m → Bash: /bin/zsh -lc "python3 - <<'PY'
import json
from pathlib i...
    Sub-AC [1m2[0m of AC [1m2[0m → Bash: /bin/zsh -lc "python3 - <<'PY'
import json
from pathlib i...
    Sub-AC [1m2[0m of AC [1m2[0m → Bash: /bin/zsh -lc "sed -n '360,460p' 
artifacts/lca_tree_stress...
    Sub-AC [1m2[0m of AC [1m2[0m → Bash: /bin/zsh -lc "sed -n '1,120p' 
artifacts/lca_tree_stress_v...
    Sub-AC [1m2[0m of AC [1m2[0m → Bash: /bin/zsh -lc "sed -n '675,720p' 
artifacts/lca_tree_stress...
    Sub-AC [1m2[0m of AC [1m2[0m → Bash: /bin/zsh -lc "python3 - <<'PY'
import json
from pathlib i...
    Sub-AC [1m2[0m of AC [1m2[0m → Bash: /bin/zsh -lc "date '+%Y-%m-%d %H:%M:%S %Z'"
    Sub-AC [1m2[0m of AC [1m2[0m → Edit: /Users/free_1/Library/Mobile 
Documents/iCloud~md~obsidian...
    Sub-AC [1m2[0m of AC [1m2[0m → Edit: /Users/free_1/Library/Mobile 
Documents/iCloud~md~obsidian...
    Sub-AC [1m2[0m of AC [1m2[0m → Bash: /bin/zsh -lc "sed -n '1,240p' 
.ouroboros/failure_analysis...
    Sub-AC [1m2[0m of AC [1m2[0m → Bash: /bin/zsh -lc "sed -n '1,260p' 
.ouroboros/failure_analysis...
    Sub-AC [1m2[0m of AC [1m2[0m → Bash: /bin/zsh -lc "sed -n '1,260p' 
.ouroboros/verify_analysis_...
    Sub-AC [1m2[0m of AC [1m2[0m → Bash: /bin/zsh -lc "sed -n '90,210p' 
.ouroboros/run_until_pass_...
    Sub-AC [1m2[0m of AC [1m2[0m → Bash: /bin/zsh -lc "sed -n '1,280p' 
.ouroboros/refresh_analysis...
    Sub-AC [1m2[0m of AC [1m2[0m → Bash: /bin/zsh -lc 'zsh -n 
.ouroboros/run_until_pass_progress40...
    Sub-AC [1m2[0m of AC [1m2[0m → Bash: /bin/zsh -lc 'python3 -m py_compile 
.ouroboros/refresh_an...
    Sub-AC [1m2[0m of AC [1m2[0m → Bash: /bin/zsh -lc 
'tmp_state=/tmp/branch3_stale_state.json
cp ...
    Sub-AC [1m2[0m of AC [1m2[0m → Bash: /bin/zsh -lc 
'tmp_state=/tmp/branch3_refresh_state.json
t...
    Sub-AC [1m2[0m of AC [1m2[0m → Bash: /bin/zsh -lc 
'PYTHONPYCACHEPREFIX=/tmp/branch3_pycache py...
    Sub-AC [1m2[0m of AC [1m2[0m → Bash: /bin/zsh -lc 
'tmp_state=/tmp/branch3_refresh_state.json
t...
    Sub-AC [1m2[0m of AC [1m2[0m → Bash: /bin/zsh -lc 
'tmp_state=/tmp/branch3_refresh_state.json
t...
    Sub-AC [1m2[0m of AC [1m2[0m → Bash: /bin/zsh -lc 
'tmp_state=/tmp/branch3_stale_state.json
cp ...
    Sub-AC [1m2[0m of AC [1m2[0m → Bash: /bin/zsh -lc 'python3 
.ouroboros/verify_analysis_refresh....
    Sub-AC [1m2[0m of AC [1m2[0m → Bash: /bin/zsh -lc 'git diff -- 
.ouroboros/verify_analysis_refr...
    Sub-AC [1m2[0m of AC [1m2[0m → Bash: /bin/zsh -lc 'git status --short'
    Sub-AC [1m2[0m of AC [1m2[0m → Bash: /bin/zsh -lc "rg -n 
\"verify_analysis_refresh\\.py|analys...
    Sub-AC [1m2[0m of AC [1m2[0m → Bash: /bin/zsh -lc 'git status --short .ouroboros'
    Sub-AC [1m2[0m of AC [1m2[0m → Bash: /bin/zsh -lc 'rg -n 
"latest_failure_report|latest_failure...
    Sub-AC [1m2[0m of AC [1m2[0m → Bash: /bin/zsh -lc "rg -n 
\"verify_analysis_refresh\\.py|baseli...
    Sub-AC [1m2[0m of AC [1m2[0m → Bash: /bin/zsh -lc "rg --files .ouroboros 
artifacts/lca_tree_st...
    Sub-ACs completed: [1m2[0m/[1m2[0m succeeded
Level [1m2[0m complete: [1m1[0m succeeded, [1m0[0m failed

Level [1m3[0m/[1m5[0m: Executing ACs [1m[[0m[1m3[0m[1m][0m in parallel
  [2mAC [0m[1;2m3[0m[2m: Analyzing complexity[0m[2m...[0m
  AC [1m3[0m → Bash: /bin/zsh -lc pwd
  AC [1m3[0m → Bash: /bin/zsh -lc 'for f in artifacts/lca_tree_stress_v5/retry...
  AC [1m3[0m → Bash: /bin/zsh -lc "printf '%s
' artifacts/lca_tree_stress_v5/r...
  AC [1m3[0m → Bash: /bin/zsh -lc "sed -n '1,220p' artifacts/lca_tree_stress_v...
  AC [1m3[0m → Bash: /bin/zsh -lc "sed -n '1,260p' artifacts/lca_tree_stress_v...
  AC [1m3[0m → Bash: /bin/zsh -lc 'rg -n "zero_span_fastpath|state_materializa...
  AC [1m3[0m → Bash: /bin/zsh -lc "sed -n '1,220p' .ouroboros/failure_analysis...
  AC [1m3[0m → Bash: /bin/zsh -lc "sed -n '1,220p' .ouroboros/failure_analysis...
  AC [1m3[0m → Bash: /bin/zsh -lc "sed -n '1,220p' artifacts/lca_tree_stress_v...
  AC [1m3[0m → Bash: /bin/zsh -lc "sed -n '1,240p' .ouroboros/failure_analysis...
  AC [1m3[0m → Bash: /bin/zsh -lc "sed -n '1,220p' artifacts/lca_tree_stress_v...
  AC [1m3[0m → Bash: /bin/zsh -lc "sed -n '1,220p' artifacts/lca_tree_stress_v...
  AC [1m3[0m → Bash: /bin/zsh -lc "sed -n '1,220p' artifacts/lca_tree_stress_v...
  AC [1m3[0m → Bash: /bin/zsh -lc "sed -n '1,220p' boj28350_bundle_archive/boj...
  AC [1m3[0m → Bash: /bin/zsh -lc "sed -n '1,220p' boj28350_resume/current_sta...
  AC [1m3[0m → Bash: /bin/zsh -lc "python3 - <<'PY'
import json
from pathlib i...
  AC [1m3[0m → Bash: /bin/zsh -lc "sed -n '1,220p' artifacts/lca_tree_stress_v...
  AC [1m3[0m → Bash: /bin/zsh -lc "sed -n '1,260p' .ouroboros/capture_failure_...
  AC [1m3[0m → Bash: /bin/zsh -lc "sed -n '1,260p' .ouroboros/verify_analysis_...
  AC [1m3[0m → Bash: /bin/zsh -lc "sed -n '261,520p' .ouroboros/capture_failur...
  AC [1m3[0m → Bash: /bin/zsh -lc "sed -n '521,1040p' .ouroboros/capture_failu...
  AC [1m3[0m → Bash: /bin/zsh -lc 'rg -n "PROBE_ACTIVE_GATE_RE|focus_symbol|fo...
  AC [1m3[0m → Bash: /bin/zsh -lc "sed -n '1688,1748p' .ouroboros/capture_fail...
  AC [1m3[0m → Bash: /bin/zsh -lc "sed -n '1040,1138p' .ouroboros/capture_fail...
  AC [1m3[0m → Bash: /bin/zsh -lc "sed -n '1368,1415p' .ouroboros/capture_fail...
  AC [1m3[0m → Bash: /bin/zsh -lc "sed -n '320,360p' artifacts/lca_tree_stress...
  AC [1m3[0m → Bash: /bin/zsh -lc "sed -n '1,240p' outer_suite_wrappers/lca_bo...
  AC [1m3[0m → Bash: /bin/zsh -lc "sed -n '1,240p' outer_suite_wrappers/lca_st...
  AC [1m3[0m → Bash: /bin/zsh -lc "sed -n '620,650p' artifacts/lca_tree_stress...
  AC [1m3[0m → Bash: /bin/zsh -lc "sed -n '241,420p' outer_suite_wrappers/lca_...
  AC [1m3[0m → Bash: /bin/zsh -lc "sed -n '241,420p' outer_suite_wrappers/lca_...
  AC [1m3[0m → Bash: /bin/zsh -lc "sed -n '1,220p' artifacts/lca_tree_stress_v...
  AC [1m3[0m → Bash: /bin/zsh -lc "python3 - <<'PY'
import json
from pathlib i...
  AC [1m3[0m → Bash: /bin/zsh -lc "sed -n '220,340p' artifacts/lca_tree_stress...
  AC [1m3[0m → Bash: /bin/zsh -lc 'ls artifacts/lca_tree_stress_v5/retry_loop/...
  AC [1m3[0m → Bash: /bin/zsh -lc "python3 - <<'PY'
import json
from pathlib i...
  AC [1m3[0m → Bash: /bin/zsh -lc "python3 - <<'PY'
import json
from pathlib i...
  AC [1m3[0m → Bash: /bin/zsh -lc "python3 - <<'PY'
from pathlib import Path
i...
  AC [1m3[0m → Bash: /bin/zsh -lc "python3 - <<'PY'
from pathlib import Path
i...
  AC [1m3[0m → Bash: /bin/zsh -lc "python3 - <<'PY'
from pathlib import Path
i...
  AC [1m3[0m → Bash: /bin/zsh -lc "python3 - <<'PY'
from pathlib import Path
i...
  AC [1m3[0m → Bash: /bin/zsh -lc "sed -n '250,340p' artifacts/lca_tree_stress...
  AC [1m3[0m → Bash: /bin/zsh -lc "rg -n \"outer_suite_wrappers|lca_strong_gat...
  AC [1m3[0m → Bash: /bin/zsh -lc "nl -ba outer_suite_wrappers/lca_strong_gate...
  AC [1m3[0m → Bash: /bin/zsh -lc "nl -ba outer_suite_wrappers/lca_strong_gate...
  AC [1m3[0m → Bash: /bin/zsh -lc "nl -ba outer_suite_wrappers/lca_boj3s_gate....
  AC [1m3[0m → Bash: /bin/zsh -lc "nl -ba outer_suite_wrappers/lca_boj3s_gate....
  AC [1m3[0m → Bash: /bin/zsh -lc "nl -ba outer_suite_wrappers/lca_strong_gate...
  AC [1m3[0m → Bash: /bin/zsh -lc "nl -ba outer_suite_wrappers/lca_boj3s_gate....
  AC [1m3[0m → Bash: /bin/zsh -lc "date '+%Y-%m-%d %H:%M:%S %Z'"
  AC [1m3[0m → Bash: /bin/zsh -lc "python3 - <<'PY'
from pathlib import Path
f...
  AC [1m3[0m → Edit: /Users/free_1/Library/Mobile Documents/iCloud~md~obsidian...
  AC [1m3[0m → Edit: /Users/free_1/Library/Mobile Documents/iCloud~md~obsidian...
  AC [1m3[0m → Edit: /Users/free_1/Library/Mobile Documents/iCloud~md~obsidian...
  AC [1m3[0m → Edit: /Users/free_1/Library/Mobile Documents/iCloud~md~obsidian...
  AC [1m3[0m → Edit: /Users/free_1/Library/Mobile Documents/iCloud~md~obsidian...
  AC [1m3[0m → Bash: /bin/zsh -lc 'python3 .ouroboros/verify_analysis_refresh....
  AC [1m3[0m → Bash: /bin/zsh -lc "python3 - <<'PY'
import json
import runpy
f...
  AC [1m3[0m → Bash: /bin/zsh -lc "rg --files artifacts/lca_tree_stress_v5/ret...
  AC [1m3[0m → Bash: /bin/zsh -lc "rg --files artifacts/lca_tree_stress_v5/ret...
  AC [1m3[0m → Edit: /Users/free_1/Library/Mobile Documents/iCloud~md~obsidian...
  AC [1m3[0m → Edit: /Users/free_1/Library/Mobile Documents/iCloud~md~obsidian...
  AC [1m3[0m → Edit: /Users/free_1/Library/Mobile Documents/iCloud~md~obsidian...
  AC [1m3[0m → Edit: /Users/free_1/Library/Mobile Documents/iCloud~md~obsidian...
  AC [1m3[0m → Bash: /bin/zsh -lc 'python3 .ouroboros/verify_analysis_refresh....
  AC [1m3[0m → Bash: /bin/zsh -lc 'PYTHONPYCACHEPREFIX=/tmp/codex_pycache pyth...
  AC [1m3[0m → Bash: /bin/zsh -lc "python3 - <<'PY'
import json
import runpy
f...
  AC [1m3[0m → Bash: /bin/zsh -lc "rg -n \"AC_WRAPPER_HINTS|AC_WRAPPER_LOCK_MA...
  AC [1m3[0m → Bash: /bin/zsh -lc 'rg -n "Current branch_3 closure precedent|t...
  AC [1m3[0m → Bash: /bin/zsh -lc "rg -n '\"analysis_revision\"|\"pinned_paths...
  AC [1m3[0m → Bash: /bin/zsh -lc 'rg -n "Pinned paths:|Pinned symbols:|Cleare...
Level [1m3[0m complete: [1m1[0m succeeded, [1m0[0m failed

Level [1m4[0m/[1m5[0m: Executing ACs [1m[[0m[1m4[0m, [1m5[0m[1m][0m in parallel
  [2mAC [0m[1;2m4[0m[2m: Analyzing complexity[0m[2m...[0m
  [2mAC [0m[1;2m5[0m[2m: Analyzing complexity[0m[2m...[0m
  AC [1m4[0m → Bash: /bin/zsh -lc "sed -n '1,240p' artifacts/lca_tree_stress_v...
  AC [1m4[0m → Bash: /bin/zsh -lc "sed -n '1,260p' artifacts/lca_tree_stress_v...
  AC [1m4[0m → Bash: /bin/zsh -lc 'rg --files .ouroboros artifacts/lca_tree_st...
  AC [1m5[0m → Bash: /bin/zsh -lc "pwd && rg --files .ouroboros artifacts/lca_...
  AC [1m4[0m → Bash: /bin/zsh -lc "sed -n '1,260p' .ouroboros/failure_analysis...
  AC [1m4[0m → Bash: /bin/zsh -lc "sed -n '1,260p' artifacts/lca_tree_stress_v...
  AC [1m4[0m → Bash: /bin/zsh -lc "sed -n '1,260p' .ouroboros/failure_analysis...
  AC [1m4[0m → Bash: /bin/zsh -lc "sed -n '1,260p' .ouroboros/failure_analysis...
  AC [1m5[0m → Bash: /bin/zsh -lc "sed -n '1,220p' artifacts/lca_tree_stress_v...
  AC [1m5[0m → Bash: /bin/zsh -lc "sed -n '1,220p' artifacts/lca_tree_stress_v...
  AC [1m5[0m → Bash: /bin/zsh -lc "sed -n '1,220p' .ouroboros/failure_analysis...
  AC [1m5[0m → Bash: /bin/zsh -lc "sed -n '1,220p' artifacts/lca_tree_stress_v...
  AC [1m5[0m → Bash: /bin/zsh -lc "sed -n '1,220p' artifacts/lca_tree_stress_v...
  AC [1m5[0m → Bash: /bin/zsh -lc "sed -n '1,220p' boj28350_resume/current_sta...
  AC [1m4[0m → Bash: /bin/zsh -lc "sed -n '1,240p' artifacts/lca_tree_stress_v...
  AC [1m4[0m → Bash: /bin/zsh -lc "sed -n '1,240p' artifacts/lca_tree_stress_v...
  AC [1m4[0m → Bash: /bin/zsh -lc "sed -n '1,240p' artifacts/lca_tree_stress_v...
  AC [1m4[0m → Bash: /bin/zsh -lc "sed -n '1,260p' boj28350_resume/current_sta...
  AC [1m5[0m → Bash: /bin/zsh -lc "sed -n '1,220p' artifacts/lca_tree_stress_v...
  AC [1m5[0m → Bash: /bin/zsh -lc "sed -n '1,260p' .ouroboros/failure_analysis...
  AC [1m5[0m → Bash: /bin/zsh -lc "sed -n '1,260p' artifacts/lca_tree_stress_v...
  AC [1m5[0m → Bash: /bin/zsh -lc "sed -n '1,220p' artifacts/lca_tree_stress_v...
  AC [1m5[0m → Bash: /bin/zsh -lc "sed -n '1,260p' .ouroboros/failure_analysis...
  AC [1m5[0m → Bash: /bin/zsh -lc "rg -n 'zero-span eligibility|layout signatu...
  AC [1m4[0m → Bash: /bin/zsh -lc "sed -n '1,220p' artifacts/lca_tree_stress_v...
  AC [1m4[0m → Bash: /bin/zsh -lc 'rg -n "zero-span eligibility and fastpath c...
  AC [1m5[0m → Bash: /bin/zsh -lc "sed -n '1,240p' .ouroboros/verify_analysis_...
  AC [1m5[0m → Bash: /bin/zsh -lc 'rg -n "pinned_primary_axis|next_probe_comma...
  AC [1m5[0m → Bash: /bin/zsh -lc "rg -n \"topo_fastpath_hit|oracle_init_suppo...
  AC [1m4[0m → Bash: /bin/zsh -lc "nl -ba .ouroboros/failure_analysis_iteratio...
  AC [1m4[0m → Bash: /bin/zsh -lc "date '+%Y-%m-%d %H:%M:%S %Z'"
  AC [1m5[0m → Bash: /bin/zsh -lc "sed -n '1060,1135p' .ouroboros/capture_fail...
  AC [1m5[0m → Bash: /bin/zsh -lc 'rg -n "boj28350_resume.py .*smoke|python3 b...
  AC [1m5[0m → Bash: /bin/zsh -lc "rg -n \"comb_dense.*n99999|n99999.*comb_den...
  AC [1m5[0m → Bash: /bin/zsh -lc "sed -n '980,1035p' .ouroboros/capture_failu...
  AC [1m4[0m → Edit: /Users/free_1/Library/Mobile Documents/iCloud~md~obsidian...
  AC [1m4[0m → Bash: /bin/zsh -lc "sed -n '1,260p' .ouroboros/failure_analysis...
  AC [1m4[0m → Bash: /bin/zsh -lc 'python3 .ouroboros/verify_analysis_refresh....
  AC [1m5[0m → Bash: /bin/zsh -lc "sed -n '1,260p' branch_run_case.py"
  AC [1m5[0m → Bash: /bin/zsh -lc "sed -n '1,260p' branch_certify_suite.py"
  AC [1m5[0m → Bash: /bin/zsh -lc "sed -n '1,220p' suite_presets/boj_3s_hard_g...
  AC [1m4[0m → Bash: /bin/zsh -lc "python3 - <<'PY'
from pathlib import Path
t...
  AC [1m5[0m → Bash: /bin/zsh -lc "rg -n \"branch_run_case\\.py.*comb_dense.*[1m9[0m...
  AC [1m5[0m → Bash: /bin/zsh -lc "find artifacts/lca_tree_stress_v5/retry_loo...
  AC [1m5[0m → Bash: /bin/zsh -lc "rg -n \"case_sec_max|comb_dense|[1m99999[0m|boj_3...
  AC [1m5[0m → Bash: /bin/zsh -lc "sed -n '1,220p' artifacts/lca_tree_stress_v...
  AC [1m5[0m → Bash: /bin/zsh -lc "sed -n '1,220p' artifacts/lca_tree_stress_v...
  AC [1m5[0m → Bash: /bin/zsh -lc "find artifacts/lca_tree_stress_v5/retry_loo...
  AC [1m5[0m → Bash: /bin/zsh -lc "sed -n '1965,1995p' artifacts/lca_tree_stre...
  AC [1m5[0m → Bash: /bin/zsh -lc "sed -n '3095,3135p' artifacts/lca_tree_stre...
  AC [1m5[0m → Bash: /bin/zsh -lc "sed -n '330,370p' artifacts/lca_tree_stress...
  AC [1m5[0m → Bash: /bin/zsh -lc "sed -n '1,220p' artifacts/lca_tree_stress_v...
  AC [1m5[0m → Bash: /bin/zsh -lc "find artifacts/lca_tree_stress_v5/retry_loo...
  AC [1m5[0m → Bash: /bin/zsh -lc "sed -n '1,220p' artifacts/lca_tree_stress_v...
  AC [1m5[0m → Bash: /bin/zsh -lc 'rg -n "ENABLE_AC3_INIT_DIAG|ENABLE_AC3_PHAS...
  AC [1m5[0m → Bash: /bin/zsh -lc "rg -n \"manual_single_case_treeid_fastlooku...
  AC [1m5[0m → Bash: /bin/zsh -lc 'rg -n "ENABLE_AC3_STAGE_DIAG|ENABLE_AC3_INI...
  AC [1m5[0m → Bash: /bin/zsh -lc "sed -n '940,1115p' boj28350_resume/boj28350...
  AC [1m5[0m → Bash: /bin/zsh -lc 'rg -n "manual_single_case_treeid_fastlookup...
  AC [1m5[0m → Bash: /bin/zsh -lc "nl -ba boj28350_resume/boj28350_branch_3_so...
  AC [1m5[0m → Bash: /bin/zsh -lc "nl -ba boj28350_resume/boj28350_branch_3_so...
  AC [1m5[0m → Bash: /bin/zsh -lc "sed -n '1,120p' artifacts/lca_tree_stress_v...
  AC [1m5[0m → Bash: /bin/zsh -lc 'rg -n "ENABLE_AC3_INIT_DIAG|ENABLE_AC3_PHAS...
  AC [1m5[0m → Bash: /bin/zsh -lc "sed -n '1,40p' artifacts/lca_tree_stress_v5...
  AC [1m5[0m → Bash: /bin/zsh -lc "sed -n '1,40p' artifacts/lca_tree_stress_v5...
  AC [1m5[0m → Bash: /bin/zsh -lc "sed -n '1,40p' artifacts/lca_tree_stress_v5...
  AC [1m5[0m → Bash: /bin/zsh -lc "find artifacts/lca_tree_stress_v5/retry_loo...
  AC [1m5[0m → Bash: /bin/zsh -lc 'rg -n "manual_single_case_treeid_fastlookup...
  AC [1m5[0m → Bash: /bin/zsh -lc "sed -n '1,220p' .ouroboros/failure_analysis...
  AC [1m5[0m → Bash: /bin/zsh -lc "date '+%Y-%m-%d %H:%M:%S %Z'"
  AC [1m5[0m → Bash: /bin/zsh -lc "python3 - <<'PY'
import json
from pathlib i...
  AC [1m5[0m → Bash: /bin/zsh -lc "nl -ba .ouroboros/failure_analysis_state.js...
Level [1m4[0m complete: [1m2[0m succeeded, [1m0[0m failed

Level [1m5[0m/[1m5[0m: Executing ACs [1m[[0m[1m6[0m[1m][0m in parallel
  [2mAC [0m[1;2m6[0m[2m: Analyzing complexity[0m[2m...[0m
  AC [1m6[0m → Bash: /bin/zsh -lc "pwd && rg --files . | rg '("'^artifacts/lca...
  AC [1m6[0m → Bash: /bin/zsh -lc "sed -n '1,260p' artifacts/lca_tree_stress_v...
  AC [1m6[0m → Bash: /bin/zsh -lc "sed -n '1,220p' artifacts/lca_tree_stress_v...
  AC [1m6[0m → Bash: /bin/zsh -lc "rg --files . | rg 'latest_failure_report\\....
  AC [1m6[0m → Bash: /bin/zsh -lc "sed -n '1,260p' .ouroboros/verify_analysis_...
  AC [1m6[0m → Bash: /bin/zsh -lc "sed -n '1,320p' .ouroboros/failure_analysis...
  AC [1m6[0m → Bash: /bin/zsh -lc "sed -n '1,260p' .ouroboros/failure_analysis...
  AC [1m6[0m → Bash: /bin/zsh -lc "sed -n '1,260p' artifacts/lca_tree_stress_v...
  AC [1m6[0m → Bash: /bin/zsh -lc 'cat .ouroboros/failure_analysis_state.json'
  AC [1m6[0m → Bash: /bin/zsh -lc "sed -n '1,240p' artifacts/lca_tree_stress_v...
  AC [1m6[0m → Bash: /bin/zsh -lc "sed -n '1,220p' artifacts/lca_tree_stress_v...
  AC [1m6[0m → Bash: /bin/zsh -lc "sed -n '1,220p' artifacts/lca_tree_stress_v...
  AC [1m6[0m → Bash: /bin/zsh -lc "sed -n '1,260p' boj28350_bundle_archive/boj...
  AC [1m6[0m → Bash: /bin/zsh -lc "sed -n '1,260p' boj28350_resume/current_sta...
  AC [1m6[0m → Bash: /bin/zsh -lc "python3 - <<'PY'
import json
from pathlib i...
  AC [1m6[0m → Bash: /bin/zsh -lc "python3 - <<'PY'
import json
from pathlib i...
  AC [1m6[0m → Bash: /bin/zsh -lc "python3 - <<'PY'
import json
from pathlib i...
  AC [1m6[0m → Bash: /bin/zsh -lc "TZ=Asia/Seoul date '+%Y-%m-%d %H:%M:%S KST'"
  AC [1m6[0m → Bash: /bin/zsh -lc "python3 - <<'PY'
from pathlib import Path
t...
  AC [1m6[0m → Bash: /bin/zsh -lc "python3 - <<'PY'
import json
from pathlib i...
  AC [1m6[0m → Bash: /bin/zsh -lc "sed -n '1,220p' .ouroboros/failure_analysis...
  AC [1m6[0m → Bash: /bin/zsh -lc "sed -n '1,120p' .ouroboros/failure_analysis...
  AC [1m6[0m → Bash: /bin/zsh -lc "python3 - <<'PY'
from pathlib import Path
p...
  AC [1m6[0m → Bash: /bin/zsh -lc "TZ=Asia/Seoul date '+%Y-%m-%d %H:%M:%S KST'"
  AC [1m6[0m → Bash: /bin/zsh -lc "python3 - <<'PY'
from pathlib import Path
t...
  AC [1m6[0m → Edit: /Users/free_1/Library/Mobile Documents/iCloud~md~obsidian...
  AC [1m6[0m → Bash: /bin/zsh -lc "rg -n 'Why Not Broaden Yet|[1m49[0m\\.[1m9983[0m%|branc...
  AC [1m6[0m → Bash: /bin/zsh -lc "python3 - <<'PY'
from pathlib import Path
t...
  AC [1m6[0m → Bash: /bin/zsh -lc "python3 - <<'PY'
import json
from pathlib i...
  AC [1m6[0m → Bash: /bin/zsh -lc "nl -ba .ouroboros/failure_analysis_iteratio...
  AC [1m6[0m → Bash: /bin/zsh -lc "nl -ba .ouroboros/failure_analysis_state.js...
  AC [1m6[0m → Bash: /bin/zsh -lc "nl -ba .ouroboros/failure_analysis_playbook...
Level [1m5[0m complete: [1m1[0m succeeded, [1m0[0m failed
╭──────────────────────── Parallel Execution Completed ────────────────────────╮
│ Parallel Execution Complete                                                  │
│ Success: 6/6                                                                 │
│                                                                              │
│ ## Stage Results                                                             │
│ - Stage 1: succeeded (success=1, failed=0)                                   │
│ - Stage 2: succeeded (success=1, failed=0)                                   │
│ - Stage 3: succeeded (success=1, failed=0)                                   │
│ - Stage 4: succeeded (success=2, failed=0)                                   │
│ - Stage 5: succeeded (success=1, failed=0)                                   │
│                                                                              │
│ ## AC Results                                                                │
│                                                                              │
│ ### AC 1: [PASS] The latest failure report and failure breakdown are read    │
│ before analysis edits                                                        │
│ est_failure_breakdown.md](/Users/free_1/Library/Mobile%20Documents/iCloud~md │
│ ~obsidian/Documents/cpp-checker/branch_3/artifacts/lca_tree_stress_v5/retry_ │
│ loop/latest_failure_breakdown.md) before any analysis edits. No files were   │
│ modified in this step. Key signal from the read: the latest retry failed on  │
│ repeated closure gates, with AC4 and AC6 stalling; the current breakdown     │
│ still points to `zero_span_fastpath` as the primary axis and                 │
│ `state_materialization` as the secondary axis.                               │
│                                                                              │
│ [TASK_COMPLETE]                                                              │
│                                                                              │
│ ### AC 2: [PASS] At least one branch-local analysis asset is refreshed       │
│ before the next solver retry is allowed to start                             │
│ Decomposed into 2 Sub-ACs                                                    │
│                                                                              │
│ ### AC 3: [PASS] The refreshed analysis leaves clearer localization than     │
│ before, such as narrower symbols, ranges, wrapper sections, or code excerpts │
│ uite_wrappers/lca_strong_gate.sh::acquire_lock [144-179]`,                   │
│ `outer_suite_wrappers/lca_strong_gate.sh:275-336`, and                       │
│ `outer_suite_wrappers/lca_boj3s_gate.sh::acquire_lock [107-142]`.            │
│                                                                              │
│ Verification passed with `python3 .ouroboros/verify_analysis_refresh.py      │
│ ...`, `PYTHONPYCACHEPREFIX=/tmp/codex_pycache python3 -m py_compile          │
│ .ouroboros/capture_failure_context.py                                        │
│ .ouroboros/verify_analysis_refresh.py`, and a `runpy` sanity check of        │
│ `structural_focus_for_ac` on AC4/AC6. [AC_COMPLETE: 3]                       │
│                                                                              │
│ [TASK_COMPLETE]                                                              │
│                                                                              │
│ ### AC 4: [PASS] failure_analysis_iteration.md records the new analysis      │
│ outcome and the next narrowing target                                        │
│ y axis, and narrows the next retry to the AC5 no-touch large-component       │
│ deletion lane around `DecrementalNBTopology::deleteVertexAndSplit            │
│ [5575-5635]`.                                                                │
│                                                                              │
│ Verification was limited to branch-local checks: `python3                    │
│ .ouroboros/verify_analysis_refresh.py --help` succeeded, and a direct        │
│ content check confirmed the refreshed ledger contains the current failure    │
│ signature, primary/secondary axis decision, next probe command, latest       │
│ outcome section, and the narrowed target.                                    │
│                                                                              │
│ [AC_COMPLETE: 4]                                                             │
│ [TASK_COMPLETE]                                                              │
│                                                                              │
│ ### AC 5: [PASS] failure_analysis_state.json is refreshed with non-empty     │
│ pinned_primary_axis and next_probe_command plus narrower pinned ACs, paths,  │
│ or symbols than before when repeated failures allow that narrowing           │
│  probe is no longer the coarse full BOJ gate. It is now a single-case        │
│ `branch_run_case.py` command aimed at `boj_3s_large_adversarial / comb_dense │
│ / n99999 / seed1 / L1 / Q1` at                                               │
│ [failure_analysis_state.json:55](/Users/free_1/Library/Mobile%20Documents/iC │
│ loud~md~obsidian/Documents/cpp-checker/branch_3/.ouroboros/failure_analysis_ │
│ state.json#L55). I verified the JSON load and asserted that                  │
│ `pinned_primary_axis`, `next_probe_command`, and the narrowed comb-row focus │
│ are all present.                                                             │
│                                                                              │
│ [TASK_COMPLETE]                                                              │
│                                                                              │
│ ### AC 6: [PASS] The refreshed analysis explains why the chosen primary axis │
│ is more defensible than broadening immediately to unrelated progress40 axes  │
│ ary/Mobile%20Documents/iCloud~md~obsidian/Documents/cpp-checker/branch_3/.ou │
│ roboros/failure_analysis_state.json#L55).                                    │
│                                                                              │
│ Verification was branch-local only: `failure_analysis_state.json` parses,    │
│ still pins `zero_span_fastpath` with no secondary axis, includes the         │
│ `49.9983%` vs roughly `25%` progress40 comparison, and the ledger/state now  │
│ agree on the same `branch_run_case.py` next probe. I did not edit the        │
│ solver, wrappers, or validation harness, and I did not rerun any heavy gate. │
│ [TASK_COMPLETE]                                                              │
╰──────────────────────────────────────────────────────────────────────────────╯
╭───────────── [1mSuccess[0m ─────────────╮
│ Execution completed successfully! │
╰───────────────────────────────────╯
╭──────────── [1mInfo[0m ─────────────╮
│ Session ID: orch_b4a195fd295b │
╰───────────────────────────────╯
╭───────── [1mInfo[0m ──────────╮
│ Messages processed: 368 │
╰─────────────────────────╯
╭────── [1mInfo[0m ───────╮
│ Duration: 2849.5s │
╰───────────────────╯
╭──────────── [1mInfo[0m ────────────╮
│ Running post-execution QA... │
╰──────────────────────────────╯
QA Verdict [1m[[0mIteration [1m1[0m[1m][0m
============================================================
Session: qa-e6d6977f
Score: [1m0.61[0m / [1m1.00[0m [1m[[0mREVISE[1m][0m
Verdict: revise
Threshold: [1m0.80[0m

Dimensions:
  Correctness          [1m0.63[0m
  Completeness         [1m0.57[0m
  Quality              [1m0.54[0m
  Intent Alignment     [1m0.71[0m
  Domain Specific      [1m0.56[0m

Differences:
  - The artifact marks AC2 as PASS but provides no substantive evidence beyond 
"Decomposed into 2 Sub-ACs," so it does not actually show which branch-local 
analysis asset was refreshed before retry gating.
  - AC1 does not explicitly show that both `latest_failure_report.md` and 
`latest_failure_breakdown.md` were read before analysis edits; only the 
breakdown read is visible in the provided text.
  - Several AC sections are truncated or begin mid-sentence [1m([0mnotably AC1, AC3, 
AC4, and AC6[1m)[0m, which makes the evidence trail incomplete and weakens confidence 
in the claimed passes.
  - The axis narrative is not fully consistent: AC1 references 
`state_materialization` as a secondary axis, AC6 says the state pins no 
secondary axis, and AC4 appears to narrow to a different target without clearly 
reconciling that choice.

Suggestions:
  - Expand AC2 with the exact refreshed [1masset[0m[1m([0ms[1m)[0m, the branch-local file [1mpath[0m[1m([0ms[1m)[0m,
and the verification step showing the next solver retry remained blocked until 
that refresh completed.
  - Rewrite AC1 to explicitly list both required reads in order and state that 
no analysis edits occurred until after `latest_failure_report.md` and 
`latest_failure_breakdown.md` were both read.
  - Regenerate the report with complete, non-truncated AC sections, preserving 
full sentences, intact file references, and clear before/after localization 
evidence.
  - Normalize AC4-AC6 around one consistent primary/secondary-axis decision, and
tie the next narrowing target plus `next_probe_command` directly back to that 
same decision.

Reasoning: The output clearly aims at the right acceptance criteria and includes
some concrete file, symbol, and command evidence, but it is not yet strong 
enough to pass as a QA artifact. AC2 is effectively unsupported, AC1 does not 
clearly prove both prerequisite reads, multiple sections are truncated, and the 
primary/secondary-axis story is not fully reconciled across the later ACs.

Loop Action: continue
.ouroboros/failure_analysis_state.json
.ouroboros/failure_analysis_iteration.md
analysis refresh verified
.ouroboros/capture_failure_context.py
.ouroboros/failure_analysis_playbook.md
.ouroboros/failure_analysis_iteration.md
.ouroboros/failure_analysis_state.json
.ouroboros/refresh_analysis_state.py
.ouroboros/verify_analysis_refresh.py
.ouroboros/failure_analysis_state.json:pinned_primary_axis
.ouroboros/failure_analysis_state.json:next_probe_command
.ouroboros/failure_analysis_state.json:why_this_axis
[2026-03-26 06:35:38 KST] attempt 1 analysis round 1 refreshed analysis assets; solver retry may continue
[2026-03-26 06:35:38 KST] attempt 1 running next probe before solver retry
artifacts/lca_tree_stress_v5/retry_loop/attempt_001_20260326_002918/next_probe_result.md
[2026-03-26 06:38:39 KST] attempt 1 failed with exit code 1; failure decomposition recorded; retrying in 10 seconds
[2026-03-26 06:38:49 KST] attempt 2 start: .ouroboros/seed_branch3_progress40_research_loop.yaml
artifacts/lca_tree_stress_v5/retry_loop/attempt_002_20260326_063849/git_repo_health_pre_attempt.md
[2m2026-03-25T21:39:20.324375Z[0m [[32m[1minfo     [0m] [1mcodex_cli_runtime.initialized [0m [36mcli_path[0m=[35m/opt/homebrew/bin/codex[0m [36mcwd[0m=[35m'/Users/free_1/Library/Mobile Documents/iCloud~md~obsidian/Documents/cpp-checker/branch_3'[0m [36mfilename[0m=[35mcodex_cli_runtime.py[0m [36mlineno[0m=[35m106[0m [36mmodel[0m=[35mNone[0m [36mpermission_mode[0m=[35macceptEdits[0m [36mskills_dir[0m=[35mpackaged://ouroboros.codex/skills[0m
╭──────────────────────── [1mInfo[0m ────────────────────────╮
│ Parallel mode: independent ACs will run concurrently │
╰──────────────────────────────────────────────────────╯
[2m2026-03-25T21:39:20.387029Z[0m [[32m[1minfo     [0m] [1morchestrator.session.created  [0m [36mexecution_id[0m=[35mexec_ea61dfb86dd5[0m [36mfilename[0m=[35msession.py[0m [36mlineno[0m=[35m455[0m [36msession_id[0m=[35morch_06f62785f43d[0m

Analyzing AC dependencies...
Execution plan: [1m4[0m stages, parallelizable: [3mTrue[0m
  Stage [1m1[0m: ACs [1m[[0m[1m1[0m, [1m2[0m, [1m3[0m, [1m8[0m[1m][0m
  Stage [1m2[0m: ACs [1m[[0m[1m4[0m, [1m5[0m[1m][0m
  Stage [1m3[0m: ACs [1m[[0m[1m6[0m[1m][0m
  Stage [1m4[0m: ACs [1m[[0m[1m7[0m[1m][0m

Level [1m1[0m/[1m4[0m: Executing ACs [1m[[0m[1m1[0m, [1m2[0m, [1m3[0m, [1m8[0m[1m][0m in parallel
  [2mAC [0m[1;2m1[0m[2m: Analyzing complexity[0m[2m...[0m
  [2mAC [0m[1;2m2[0m[2m: Analyzing complexity[0m[2m...[0m
  [2mAC [0m[1;2m3[0m[2m: Analyzing complexity[0m[2m...[0m
  AC [1m1[0m → Decomposed into [1m2[0m Sub-ACs [1m([0mparallel[1m)[0m
    Starting [1m2[0m Sub-ACs sequentially...
  AC [1m3[0m → Bash: /bin/zsh -lc "ls -la artifacts/lca_tree_stress_v5/retry_l...
  AC [1m3[0m → Bash: /bin/zsh -lc "pwd && rg --files . | rg '"'^[1m([0m./[1m)[0m?[1m([0mboj28350...
    Sub-AC [1m1[0m of AC [1m1[0m → Bash: /bin/zsh -lc pwd
    Sub-AC [1m1[0m of AC [1m1[0m → Bash: /bin/zsh -lc 'rg --files .'
  AC [1m3[0m → Bash: /bin/zsh -lc "echo '===== .ouroboros/failure_analysis_sta...
  AC [1m3[0m → Bash: /bin/zsh -lc "for f in \\
  boj28350_resume/README.md \\
...
    Sub-AC [1m1[0m of AC [1m1[0m → Bash: /bin/zsh -lc 'wc -l README.md 
boj28350_resume/README.md b...
    Sub-AC [1m1[0m of AC [1m1[0m → Bash: /bin/zsh -lc 'rg -n "progress40|layout 
signature|reuse|pi...
  AC [1m2[0m → Bash: /bin/zsh -lc pwd
  AC [1m2[0m → Bash: /bin/zsh -lc 'rg --files'
  AC [1m2[0m → Bash: /bin/zsh -lc "sed -n '1,220p' lca_smoke.sh"
  AC [1m2[0m → Bash: /bin/zsh -lc "sed -n '1,240p' artifact_paths.py"
  AC [1m2[0m → Bash: /bin/zsh -lc "sed -n '1,220p' lca_smoke_repeatability.sh"
  AC [1m2[0m → Bash: /bin/zsh -lc "sed -n '1,260p' boj28350_resume.py"
  AC [1m2[0m → Bash: /bin/zsh -lc "sed -n '1,220p' outer_suite_wrappers/lca_sm...
    Sub-AC [1m1[0m of AC [1m1[0m → Bash: /bin/zsh -lc "sed -n '1,200p' 
boj28350_resume/README.md"
    Sub-AC [1m1[0m of AC [1m1[0m → Bash: /bin/zsh -lc "sed -n '1,220p' 
boj28350_literature_progres...
    Sub-AC [1m1[0m of AC [1m1[0m → Bash: /bin/zsh -lc "sed -n '1,220p' 
boj28350_resume/current_sta...
    Sub-AC [1m1[0m of AC [1m1[0m → Bash: /bin/zsh -lc "sed -n '1,220p' 
boj28350_bundle_archive/boj...
    Sub-AC [1m1[0m of AC [1m1[0m → Bash: /bin/zsh -lc "sed -n '1,220p' 
literature_grade_proof_pack...
  AC [1m3[0m → Bash: /bin/zsh -lc "echo '===== latest_failure_report ====='; s...
  AC [1m3[0m → Bash: /bin/zsh -lc "echo '===== lca_strong_gate.sh ====='; nl -...
  AC [1m3[0m → Bash: /bin/zsh -lc 'LOCK=artifacts/lca_tree_stress_v5/.locks/lc...
  AC [1m2[0m → Bash: /bin/zsh -lc "if [1m[[0m -f artifacts/lca_tree_stress_v5/smoke_...
  AC [1m2[0m → Bash: /bin/zsh -lc 'rg -n "[1m([0mLOCKDIR|WORKDIR|RUN_TMPDIR|FAILURE_...
  AC [1m2[0m → Bash: /bin/zsh -lc "if [1m[[0m -f artifacts/lca_tree_stress_v5/smoke_...
  AC [1m2[0m → Bash: /bin/zsh -lc "sed -n '220,520p' outer_suite_wrappers/lca_...
  AC [1m2[0m → Bash: /bin/zsh -lc "find artifacts/lca_tree_stress_v5 -maxdepth...
    Sub-AC [1m1[0m of AC [1m1[0m → Bash: /bin/zsh -lc "sed -n '1,260p' 
boj28350_resume/progress40_...
    Sub-AC [1m1[0m of AC [1m1[0m → Bash: /bin/zsh -lc "rg -n '"'^#'"' 
boj28350_resume/next_session...
    Sub-AC [1m1[0m of AC [1m1[0m → Bash: /bin/zsh -lc "rg -n 'zero-span|fastpath|layout 
signature|...
  AC [1m3[0m → Bash: /bin/zsh -lc 'find artifacts/lca_tree_stress_v5/strong_ga...
  AC [1m3[0m → Bash: /bin/zsh -lc "sed -n '1,260p' build.sh; echo; sed -n '[1m1[0m,[1m2[0m...
  AC [1m3[0m → Bash: /bin/zsh -lc 'LATEST=$[1m([0mls -1dt artifacts/lca_tree_stress_...
  AC [1m2[0m → Bash: /bin/zsh -lc "sed -n '1,220p' outer_suite_wrappers/README...
  AC [1m2[0m → Bash: /bin/zsh -lc "sed -n '1,240p' outer_suite_wrappers/lca_sm...
  AC [1m2[0m → Bash: /bin/zsh -lc "sed -n '1,220p' artifacts/lca_tree_stress_v...
  AC [1m2[0m → Bash: /bin/zsh -lc "sed -n '1,220p' artifacts/lca_tree_stress_v...
    Sub-AC [1m1[0m of AC [1m1[0m → Bash: /bin/zsh -lc "sed -n '304,510p' 
boj28350_resume/next_sess...
    Sub-AC [1m1[0m of AC [1m1[0m → Bash: /bin/zsh -lc "sed -n '74,123p;232,314p;455,520p' 
boj28350...
    Sub-AC [1m1[0m of AC [1m1[0m → Bash: /bin/zsh -lc "sed -n '3722,3828p' 
boj28350_complete_maste...
    Sub-AC [1m1[0m of AC [1m1[0m → Bash: /bin/zsh -lc 'rg -n 
"ENABLE_LAYOUT_SIGNATURE_GATE_OPT|ENA...
    Sub-AC [1m1[0m of AC [1m1[0m → Bash: /bin/zsh -lc "sed -n '1,220p' README.md"
    Sub-AC [1m1[0m of AC [1m1[0m → Bash: /bin/zsh -lc "sed -n '106,304p' 
boj28350_resume/next_sess...
  AC [1m2[0m → Bash: /bin/zsh -lc ./lca_smoke.sh
  AC [1m2[0m → Bash: /bin/zsh -lc "sed -n '1,220p' artifacts/lca_tree_stress_v...
  AC [1m2[0m → Bash: /bin/zsh -lc "sed -n '1,220p' artifacts/lca_tree_stress_v...
  AC [1m2[0m → Bash: /bin/zsh -lc 'find artifacts/lca_tree_stress_v5/smoke -ma...
  AC [1m2[0m → Bash: /bin/zsh -lc 'rg -n "summary.txt|write_summary|status=PAS...
  AC [1m2[0m → Bash: /bin/zsh -lc "sed -n '2320,2605p' outer_suite_wrappers/lc...
    Sub-AC [1m2[0m of AC [1m1[0m → Bash: /bin/zsh -lc 'rg --files boj28350_bundle_archive'
    Sub-AC [1m2[0m of AC [1m1[0m → Bash: /bin/zsh -lc 'rg -n 
"progress40|lca_tree_stress_v5|BOJ [1m28[0m...
  AC [1m2[0m → Bash: /bin/zsh -lc './lca_smoke_repeatability.sh 2'
    Sub-AC [1m2[0m of AC [1m1[0m → Bash: /bin/zsh -lc "sed -n '1,220p' 
boj28350_bundle_archive/ARC...
    Sub-AC [1m2[0m of AC [1m1[0m → Bash: /bin/zsh -lc "sed -n '1,240p' 
boj28350_bundle_archive/boj...
    Sub-AC [1m2[0m of AC [1m1[0m → Bash: /bin/zsh -lc "sed -n '1,220p' 
boj28350_resume/progress40_...
    Sub-AC [1m2[0m of AC [1m1[0m → Bash: /bin/zsh -lc "sed -n '1,260p' 
boj28350_bundle_archive/boj...
  AC [1m2[0m → Bash: /bin/zsh -lc "sed -n '1,220p' artifacts/lca_tree_stress_v...
  AC [1m2[0m → Bash: /bin/zsh -lc 'find artifacts/lca_tree_stress_v5/smoke_rep...
  AC [1m2[0m → Bash: /bin/zsh -lc "sed -n '1,120p' artifacts/lca_tree_stress_v...
  AC [1m2[0m → Bash: /bin/zsh -lc "sed -n '1,120p' artifacts/lca_tree_stress_v...
    Sub-AC [1m2[0m of AC [1m1[0m → Bash: /bin/zsh -lc 'rg -n "''^#|''^##|layout 
signature|zero-spa...
    Sub-AC [1m2[0m of AC [1m1[0m → Bash: /bin/zsh -lc 'rg -n 
"ENABLE_PACK_ENCODE_NORMALIZE_OPT|ENA...
    Sub-AC [1m2[0m of AC [1m1[0m → Bash: /bin/zsh -lc "rg -n 
'base_source|missing_runs|aggregate|s...
  AC [1m2[0m → Bash: /bin/zsh -lc "find artifacts/lca_tree_stress_v5/smoke_rep...
    Sub-AC [1m2[0m of AC [1m1[0m → Bash: /bin/zsh -lc "sed -n '1028,1060p' 
boj28350_bundle_archive...
    Sub-AC [1m2[0m of AC [1m1[0m → Bash: /bin/zsh -lc "sed -n '16724,16752p' 
boj28350_bundle_archi...
    Sub-AC [1m2[0m of AC [1m1[0m → Bash: /bin/zsh -lc "sed -n '2639,2676p' 
boj28350_bundle_archive...
    Sub-AC [1m2[0m of AC [1m1[0m → Bash: /bin/zsh -lc "sed -n '1,120p' 
boj28350_bundle_archive/boj...
  AC [1m2[0m → Bash: /bin/zsh -lc "sed -n '1,160p' artifacts/lca_tree_stress_v...
  AC [1m2[0m → Bash: /bin/zsh -lc "sed -n '1,160p' artifacts/lca_tree_stress_v...
  AC [1m2[0m → Bash: /bin/zsh -lc "sed -n '1,160p' artifacts/lca_tree_stress_v...
  AC [1m2[0m → Bash: /bin/zsh -lc "sed -n '1,160p' artifacts/lca_tree_stress_v...
    Sub-AC [1m2[0m of AC [1m1[0m → Bash: /bin/zsh -lc 'rg -n 
"''^###|''^##|progress3[1m[[0m[1m4[0m-[1m9[0m[1m][0m|progress...
    Sub-AC [1m2[0m of AC [1m1[0m → Bash: /bin/zsh -lc "sed -n '260,520p' 
boj28350_bundle_archive/b...
  AC [1m2[0m → Bash: /bin/zsh -lc 'find artifacts/lca_tree_stress_v5/.locks -m...
  AC [1m2[0m → Bash: /bin/zsh -lc "find artifacts/lca_tree_stress_v5/.tmp -max...
  AC [1m2[0m → Bash: /bin/zsh -lc "test -d artifacts/lca_tree_stress_v5/smoke_...
  AC [1m2[0m → Bash: /bin/zsh -lc 'cmp -s artifacts/lca_tree_stress_v5/smoke_r...
  AC [1m2[0m → Bash: /bin/zsh -lc 'git status --short'
  [2mAC [0m[1;2m8[0m[2m: Analyzing complexity[0m[2m...[0m
    Sub-ACs completed: [1m2[0m/[1m2[0m succeeded
  AC [1m3[0m → Bash: /bin/zsh -lc 'WORK=artifacts/lca_tree_stress_v5/.tmp/lca_...
  AC [1m3[0m → Bash: /bin/zsh -lc "sed -n '1,260p' branch_certify_suite.py; ec...
  AC [1m8[0m → Bash: /bin/zsh -lc pwd
  AC [1m8[0m → Bash: /bin/zsh -lc "sed -n '1,240p' boj28350_resume.py"
  AC [1m8[0m → Bash: /bin/zsh -lc "sed -n '1,240p' artifact_paths.py"
  AC [1m8[0m → Bash: /bin/zsh -lc "rg -n \"[1m([0m/tmp|tmp/|artifacts|mkdir -p|mktem...
  AC [1m8[0m → Bash: /bin/zsh -lc 'rg --files'
  AC [1m8[0m → Bash: /bin/zsh -lc "sed -n '1,220p' build.sh"
  AC [1m8[0m → Bash: /bin/zsh -lc "sed -n '1,260p' build.py"
  AC [1m8[0m → Bash: /bin/zsh -lc "sed -n '1,220p' solver_release_env.sh"
  AC [1m8[0m → Bash: /bin/zsh -lc "sed -n '1,260p' branch_run_case.py"
  AC [1m8[0m → Bash: /bin/zsh -lc "sed -n '1,260p' branch_gen_case.py"
  AC [1m8[0m → Bash: /bin/zsh -lc "sed -n '260,520p' branch_run_case.py"
  AC [1m8[0m → Bash: /bin/zsh -lc "sed -n '1,260p' suite_utils.py"
  AC [1m8[0m → Bash: /bin/zsh -lc "sed -n '1,220p' lca_strong_gate.sh"
  AC [1m8[0m → Bash: /bin/zsh -lc "sed -n '1,220p' lca_boj3s_gate.sh"
  AC [1m8[0m → Bash: /bin/zsh -lc "sed -n '1,220p' lca_smoke.sh"
  AC [1m8[0m → Bash: /bin/zsh -lc 'rg -n "def default_solver_path|def resolve_...
  AC [1m8[0m → Bash: /bin/zsh -lc "sed -n '1,260p' branch_certify_suite.py"
  AC [1m8[0m → Bash: /bin/zsh -lc "rg -n --glob '"'!artifacts/**'"' --glob '"'...
  AC [1m3[0m → Bash: /bin/zsh -lc 'LOCK=artifacts/lca_tree_stress_v5/.locks/lc...
  AC [1m3[0m → Bash: /bin/zsh -lc "python3 - <<'PY'
import json, pathlib
p = p...
  AC [1m3[0m → Bash: /bin/zsh -lc "echo '===== case tmp roots ====='; find art...
  AC [1m8[0m → Bash: /bin/zsh -lc "sed -n '260,520p' branch_certify_suite.py"
  AC [1m8[0m → Bash: /bin/zsh -lc ./build.sh
  AC [1m8[0m → Bash: /bin/zsh -lc 'ls -l boj28350_resume/solve artifacts/boj28...
  AC [1m8[0m → Bash: /bin/zsh -lc "sed -n '1,260p' outer_suite_wrappers/lca_st...
  AC [1m8[0m → Bash: /bin/zsh -lc "sed -n '1,260p' outer_suite_wrappers/lca_bo...
  AC [1m8[0m → Bash: /bin/zsh -lc "sed -n '1,260p' outer_suite_wrappers/lca_sm...
  AC [1m8[0m → Bash: /bin/zsh -lc "rg -n \"boj28350_resume/solve|DEFAULT_SOLVE...
  AC [1m3[0m → Bash: /bin/zsh -lc "rg -n \"case_runs|time.txt|runs/|run_case_r...
  AC [1m3[0m → Bash: /bin/zsh -lc "sed -n '260,520p' branch_certify_suite.py; ...
  AC [1m3[0m → Bash: /bin/zsh -lc "echo '===== case cache locks ====='; find a...
  AC [1m8[0m → Bash: /bin/zsh -lc "sed -n '260,420p' outer_suite_wrappers/lca_...
  AC [1m8[0m → Bash: /bin/zsh -lc "sed -n '260,420p' outer_suite_wrappers/lca_...
  AC [1m8[0m → Bash: /bin/zsh -lc "sed -n '260,520p' outer_suite_wrappers/lca_...
  AC [1m8[0m → Bash: /bin/zsh -lc "sed -n '1,220p' run.sh"
  AC [1m8[0m → Bash: /bin/zsh -lc "sed -n '1,220p' boj28350_resume/solve"
  AC [1m8[0m → Bash: /bin/zsh -lc "sed -n '1,220p' outer_suite_wrappers/lca_re...
  AC [1m8[0m → Bash: /bin/zsh -lc "sed -n '1,220p' outer_suite_wrappers/lca_hu...
  AC [1m8[0m → Bash: /bin/zsh -lc "sed -n '220,380p' outer_suite_wrappers/lca_...
  AC [1m3[0m → Bash: /bin/zsh -lc 'LOCK=artifacts/lca_tree_stress_v5/.locks/lc...
  AC [1m3[0m → Bash: /bin/zsh -lc "echo '===== case_runs tree ====='; find art...
  AC [1m8[0m → Bash: /bin/zsh -lc "sed -n '320,460p' branch_gen_case.py"
  AC [1m8[0m → Bash: /bin/zsh -lc "rg -n \"DENSE_PROFILE_OUTDIR|write_text\\[1m([0m|...
  AC [1m8[0m → Bash: /bin/zsh -lc "find . -path './artifacts' -prune -o \\[1m([0m -n...
  AC [1m3[0m → Bash: /bin/zsh -lc 'pid=$[1m([0mcat artifacts/lca_tree_stress_v5/.loc...
  AC [1m8[0m → Edit: /Users/free_1/Library/Mobile Documents/iCloud~md~obsidian...
  AC [1m8[0m → Bash: /bin/zsh -lc 'git diff -- build.py build.sh'
  AC [1m3[0m → Bash: /bin/zsh -lc 'find artifacts/lca_tree_stress_v5/.tmp/case...
  AC [1m3[0m → Bash: /bin/zsh -lc "echo 'time_files:'; find artifacts/lca_tree...
  AC [1m8[0m → Bash: /bin/zsh -lc ./build.sh
  AC [1m8[0m → Bash: /bin/zsh -lc "find . -path './artifacts' -prune -o \\[1m([0m -p...
  AC [1m8[0m → Bash: /bin/zsh -lc 'python3 branch_run_case.py star_pairs [1m16[0m [1m1[0m ...
  AC [1m8[0m → Bash: /bin/zsh -lc 'python3 branch_run_case.py star_pairs [1m16[0m [1m1[0m ...
  AC [1m8[0m → Bash: /bin/zsh -lc 'python3 branch_run_case.py star_pairs [1m16[0m [1m1[0m ...
  AC [1m8[0m → Bash: /bin/zsh -lc 'nl -ba build.sh'
  AC [1m8[0m → Bash: /bin/zsh -lc "nl -ba build.py | sed -n '130,165p'"
  AC [1m3[0m → Bash: /bin/zsh -lc 'python3 branch_run_case.py comb_rect_dense ...
  AC [1m3[0m → Bash: /bin/zsh -lc ./build.sh
  AC [1m8[0m → Bash: /bin/zsh -lc 'git status --short'
  AC [1m3[0m → Bash: /bin/zsh -lc "echo 'lock pid:'; cat artifacts/lca_tree_st...
  AC [1m3[0m → Bash: /bin/zsh -lc "sleep [1m15[0m; echo 'after 15s'; echo 'newer cas...
  AC [1m3[0m → Bash: /bin/zsh -lc "echo '===== existing strong gate latest_fai...
  AC [1m3[0m → Bash: /bin/zsh -lc "python3 - <<'PY'
import json
from pathlib i...
  AC [1m3[0m → Bash: /bin/zsh -lc "rg -n \"configure_branch_process_env|purge_...
  AC [1m3[0m → Bash: /bin/zsh -lc "echo '===== probe out tree ====='; find art...
  AC [1m3[0m → Bash: /bin/zsh -lc "python3 - <<'PY'
import pathlib, time
for p...
  AC [1m3[0m → Bash: /bin/zsh -lc "python3 - <<'PY'
from pathlib import Path
i...
  AC [1m3[0m → Bash: /bin/zsh -lc "python3 - <<'PY'
from pathlib import Path
i...
  AC [1m3[0m → Bash: /bin/zsh -lc "rg -n \"def [1m([0mdefault_solver_path|ensure_exe...
  AC [1m3[0m → Bash: /bin/zsh -lc "nl -ba branch_certify_suite.py | sed -n '[1m1[0m,...
  AC [1m3[0m → Bash: /bin/zsh -lc "python3 - <<'PY'
import importlib.util, sys...
  AC [1m3[0m → Edit: /Users/free_1/Library/Mobile Documents/iCloud~md~obsidian...
  AC [1m3[0m → Bash: /bin/zsh -lc "python3 - <<'PY'
from pathlib import Path
i...
  AC [1m3[0m → Bash: /bin/zsh -lc 'BRANCH_CERTIFY_REPORT_OUTDIR=artifacts/lca_...
  AC [1m3[0m → Edit: /Users/free_1/Library/Mobile Documents/iCloud~md~obsidian...
  AC [1m3[0m → Bash: /bin/zsh -lc "python3 - <<'PY'
from pathlib import Path
i...
  AC [1m3[0m → Bash: /bin/zsh -lc 'BRANCH_CERTIFY_REPORT_OUTDIR=artifacts/lca_...
  AC [1m3[0m → Bash: /bin/zsh -lc "find artifacts/lca_tree_stress_v5/retry_loo...
  AC [1m3[0m → Bash: /bin/zsh -lc 'ABS_SOLVER="$PWD/boj28350_resume/solve"; BR...
  AC [1m3[0m → Bash: /bin/zsh -lc "echo '===== probe json ====='; sed -n '[1m1[0m,[1m22[0m...
  AC [1m3[0m → Bash: /bin/zsh -lc 'CASE=$[1m([0mfind artifacts/lca_tree_stress_v5/re...
  AC [1m3[0m → Bash: /bin/zsh -lc "IN=artifacts/lca_tree_stress_v5/retry_loop/...
  AC [1m3[0m → Bash: /bin/zsh -lc "sed -n '1,220p' branch_validator.py"
  AC [1m3[0m → Bash: /bin/zsh -lc "python3 - <<'PY'
import inspect
import bran...
  AC [1m3[0m → Bash: /bin/zsh -lc "python3 - <<'PY'
from pathlib import Path
i...
  AC [1m3[0m → Edit: /Users/free_1/Library/Mobile Documents/iCloud~md~obsidian...
  AC [1m3[0m → Bash: /bin/zsh -lc "nl -ba outer_suite_wrappers/lca_strong_gate...
  AC [1m3[0m → Edit: /Users/free_1/Library/Mobile Documents/iCloud~md~obsidian...
  AC [1m3[0m → Bash: /bin/zsh -lc 'bash -n outer_suite_wrappers/lca_strong_gat...
  AC [1m3[0m → Bash: /bin/zsh -lc 'ABS_SOLVER="$PWD/boj28350_resume/solve"; BR...
  AC [1m3[0m → Bash: /bin/zsh -lc "WORK=artifacts/lca_tree_stress_v5/.tmp/lca_...
  AC [1m3[0m → Bash: /bin/zsh -lc "WORK=artifacts/lca_tree_stress_v5/.tmp/lca_...
  AC [1m3[0m → Bash: /bin/zsh -lc 'CASE=artifacts/lca_tree_stress_v5/.tmp/lca_...
  AC [1m3[0m → Bash: /bin/zsh -lc "python3 - <<'PY'
from pathlib import Path
w...
  AC [1m3[0m → Bash: /bin/zsh -lc "python3 - <<'PY'
from pathlib import Path
f...
  AC [1m3[0m → Bash: /bin/zsh -lc 'python3 branch_run_case.py chain_unary [1m512[0m ...
  AC [1m3[0m → Bash: /bin/zsh -lc 'python3 branch_run_case.py chain_unary [1m512[0m ...
  AC [1m3[0m → Bash: /bin/zsh -lc 'python3 branch_run_case.py chain_unary [1m512[0m ...
  AC [1m3[0m → Bash: /bin/zsh -lc 'python3 branch_run_case.py chain_unary [1m512[0m ...
  AC [1m3[0m → Bash: /bin/zsh -lc "python3 - <<'PY'
from pathlib import Path
c...
  AC [1m3[0m → Bash: /bin/zsh -lc "python3 - <<'PY'
from pathlib import Path
c...
  AC [1m3[0m → Bash: /bin/zsh -lc "python3 - <<'PY'
from pathlib import Path
c...
  AC [1m3[0m → Bash: /bin/zsh -lc 'LCA_STAGE_FILTER=correctness_fuzz ./lca_str...
  AC [1m3[0m → Bash: /bin/zsh -lc "rg -n \"chain_unary|broom_mixed|shuffle_lab...
  AC [1m3[0m → Bash: /bin/zsh -lc "nl -ba boj28350_bundle_archive/boj28350_lit...
  AC [1m3[0m → Bash: /bin/zsh -lc "nl -ba boj28350_resume/boj28350_branch_3_so...
  AC [1m3[0m → Bash: /bin/zsh -lc "rg -n \"compId_|syncComponents\\[1m([0m|buildCurr...
  AC [1m3[0m → Bash: /bin/zsh -lc "python3 - <<'PY'
from pathlib import Path
p...
  AC [1m3[0m → Bash: /bin/zsh -lc "python3 - <<'PY'
from pathlib import Path
p...
  AC [1m3[0m → Bash: /bin/zsh -lc "python3 - <<'PY'
from pathlib import Path
t...
  AC [1m3[0m → Bash: /bin/zsh -lc "python3 - <<'PY'
from pathlib import Path
c...
  AC [1m3[0m → Edit: /Users/free_1/Library/Mobile Documents/iCloud~md~obsidian...
  AC [1m3[0m → Bash: /bin/zsh -lc 'python3 branch_run_case.py broom_mixed [1m256[0m ...
  AC [1m3[0m → Bash: /bin/zsh -lc 'python3 branch_run_case.py chain_unary [1m512[0m ...
  AC [1m3[0m → Bash: /bin/zsh -lc ./build.sh
  AC [1m3[0m → Edit: /Users/free_1/Library/Mobile Documents/iCloud~md~obsidian...
  AC [1m3[0m → Bash: /bin/zsh -lc "nl -ba boj28350_resume/boj28350_branch_3_so...
  AC [1m3[0m → Bash: /bin/zsh -lc 'python3 branch_run_case.py broom_mixed [1m256[0m ...
  AC [1m3[0m → Bash: /bin/zsh -lc 'python3 branch_run_case.py chain_unary [1m512[0m ...
  AC [1m3[0m → Bash: /bin/zsh -lc ./build.sh
  AC [1m3[0m → Bash: /bin/zsh -lc "nl -ba boj28350_resume/boj28350_branch_3_so...
  AC [1m3[0m → Edit: /Users/free_1/Library/Mobile Documents/iCloud~md~obsidian...
  AC [1m3[0m → Bash: /bin/zsh -lc 'python3 branch_run_case.py broom_mixed [1m256[0m ...
  AC [1m3[0m → Bash: /bin/zsh -lc 'python3 branch_run_case.py chain_unary [1m512[0m ...
  AC [1m3[0m → Bash: /bin/zsh -lc ./build.sh
  AC [1m3[0m → Edit: /Users/free_1/Library/Mobile Documents/iCloud~md~obsidian...
  AC [1m3[0m → Bash: /bin/zsh -lc 'python3 branch_run_case.py broom_mixed [1m256[0m ...
  AC [1m3[0m → Bash: /bin/zsh -lc 'python3 branch_run_case.py chain_unary [1m512[0m ...
  AC [1m3[0m → Bash: /bin/zsh -lc ./build.sh
  AC [1m3[0m → Bash: /bin/zsh -lc "rg -n \"SinglePositive|single_positive|tryR...
  AC [1m3[0m → Bash: /bin/zsh -lc "python3 - <<'PY'
from pathlib import Path
c...
  AC [1m3[0m → Bash: /bin/zsh -lc "nl -ba boj28350_resume/boj28350_branch_3_so...
  AC [1m3[0m → Bash: /bin/zsh -lc "python3 - <<'PY'
from pathlib import Path
c...
  AC [1m3[0m → Bash: /bin/zsh -lc "sed -n '1,260p' ../lca_tree_stress_v5/tooli...
  AC [1m3[0m → Bash: /bin/zsh -lc "python3 - <<'PY'
from pathlib import Path
p...
  AC [1m3[0m → Bash: /bin/zsh -lc "python3 - <<'PY'
from pathlib import Path
i...
  AC [1m3[0m → Bash: /bin/zsh -lc 'BRANCH_CERTIFY_REPORT_OUTDIR=artifacts/lca_...
  AC [1m3[0m → Bash: /bin/zsh -lc "python3 - <<'PY'
from pathlib import Path
i...
  AC [1m3[0m → Bash: /bin/zsh -lc 'python3 branch_run_case.py broom_mixed [1m256[0m ...
  AC [1m3[0m → Bash: /bin/zsh -lc 'python3 branch_run_case.py chain_unary [1m512[0m ...
  AC [1m3[0m → Bash: /bin/zsh -lc 'LCA_STAGE_FILTER=correctness_fuzz ./lca_str...
  AC [1m3[0m → Bash: /bin/zsh -lc ./build.sh
  AC [1m3[0m → Bash: /bin/zsh -lc "nl -ba boj28350_resume/boj28350_branch_3_so...
  AC [1m3[0m → Bash: /bin/zsh -lc "mkdir -p artifacts/lca_tree_stress_v5/retry...
  AC [1m3[0m → Bash: /bin/zsh -lc 'python3 branch_run_case.py broom_mixed [1m256[0m ...
  AC [1m3[0m → Bash: /bin/zsh -lc 'python3 branch_run_case.py chain_unary [1m512[0m ...
  AC [1m3[0m → Bash: /bin/zsh -lc ./build.sh
  AC [1m3[0m → Bash: /bin/zsh -lc "sed -n '1,220p' build.py"
  AC [1m3[0m → Bash: /bin/zsh -lc "sed -n '1,80p' artifacts/lca_tree_stress_v5...
  AC [1m3[0m → Bash: /bin/zsh -lc "sed -n '1,80p' boj28350_resume/boj28350_bra...
  AC [1m3[0m → Edit: /Users/free_1/Library/Mobile Documents/iCloud~md~obsidian...
  AC [1m3[0m → Bash: /bin/zsh -lc ./build.sh
  AC [1m3[0m → Bash: /bin/zsh -lc 'python3 branch_run_case.py broom_mixed [1m256[0m ...
  AC [1m3[0m → Bash: /bin/zsh -lc 'python3 branch_run_case.py chain_unary [1m512[0m ...
  AC [1m3[0m → Bash: /bin/zsh -lc 'rg -n "validate|validator|branch_validator|...
  AC [1m3[0m → Bash: /bin/zsh -lc "sed -n '1,240p' branch_run_case.py"
  AC [1m3[0m → Bash: /bin/zsh -lc "sed -n '1,260p' outer_suite_wrappers/lca_st...
  AC [1m3[0m → Bash: /bin/zsh -lc "sed -n '1,240p' lca_strong_gate.sh"
  AC [1m3[0m → Bash: /bin/zsh -lc "find artifacts/lca_tree_stress_v5/.tmp/lca_...
  AC [1m3[0m → Bash: /bin/zsh -lc 'find artifacts/lca_tree_stress_v5/.tmp/case...
  AC [1m3[0m → Bash: /bin/zsh -lc 'ps -o pid,ppid,etime,stat,command -p $[1m([0mcat ...
  AC [1m3[0m → Bash: /bin/zsh -lc "find artifacts/lca_tree_stress_v5/.tmp/case...
  AC [1m3[0m → Bash: /bin/zsh -lc "find artifacts/lca_tree_stress_v5/.tmp/case...
  AC [1m3[0m → Bash: /bin/zsh -lc "find artifacts/lca_tree_stress_v5/.tmp/case...
  AC [1m3[0m → Bash: /bin/zsh -lc "stat -f '%m %N' artifacts/lca_tree_stress_v...
  AC [1m3[0m → Bash: /bin/zsh -lc "find artifacts/lca_tree_stress_v5/.tmp/case...
  AC [1m3[0m → Bash: /bin/zsh -lc 'cat suite_presets/strong_gate.json'
  AC [1m3[0m → Bash: /bin/zsh -lc "sed -n '1,260p' branch_certify_suite.py"
  AC [1m3[0m → Bash: /bin/zsh -lc "for f in artifacts/lca_tree_stress_v5/.tmp/...
  AC [1m3[0m → Bash: /bin/zsh -lc "find artifacts/lca_tree_stress_v5/.tmp/case...
  AC [1m3[0m → Bash: /bin/zsh -lc "find artifacts/lca_tree_stress_v5/strong_ga...
  AC [1m3[0m → Bash: /bin/zsh -lc "find artifacts/lca_tree_stress_v5/.tmp/case...
  AC [1m3[0m → Bash: /bin/zsh -lc 'rg -n "run_case_result|time.txt|solver time...
  AC [1m3[0m → Bash: /bin/zsh -lc "pgrep -af 'branch_certify_suite|branch_run_...
  AC [1m3[0m → Bash: /bin/zsh -lc 'find artifacts/lca_tree_stress_v5/.tmp -max...
  AC [1m3[0m → Bash: /bin/zsh -lc "sed -n '240,420p' branch_certify_suite.py"
  AC [1m3[0m → Bash: /bin/zsh -lc "find artifacts/lca_tree_stress_v5/.tmp/lca_...
  AC [1m3[0m → Bash: /bin/zsh -lc "find artifacts/lca_tree_stress_v5/.tmp/lca_...
  AC [1m3[0m → Bash: /bin/zsh -lc "find artifacts/lca_tree_stress_v5/.tmp/sfce...
  AC [1m3[0m → Bash: /bin/zsh -lc "find artifacts/lca_tree_stress_v5/.tmp/lca_...
  AC [1m3[0m → Bash: /bin/zsh -lc "find artifacts/lca_tree_stress_v5/.tmp/lca_...
  AC [1m3[0m → Bash: /bin/zsh -lc "find artifacts/lca_tree_stress_v5/.tmp/lca_...
  AC [1m3[0m → Bash: /bin/zsh -lc "find artifacts/lca_tree_stress_v5/.tmp/lca_...
  AC [1m3[0m → Bash: /bin/zsh -lc "find artifacts/lca_tree_stress_v5/.tmp/lca_...
  AC [1m3[0m → Bash: /bin/zsh -lc "find artifacts/lca_tree_stress_v5/.tmp/lca_...
  AC [1m3[0m → Bash: /bin/zsh -lc "find artifacts/lca_tree_stress_v5/.tmp/lca_...
  AC [1m3[0m → Bash: /bin/zsh -lc "find artifacts/lca_tree_stress_v5/.tmp/lca_...
  AC [1m3[0m → Bash: /bin/zsh -lc "find artifacts/lca_tree_stress_v5/.tmp/lca_...
  AC [1m3[0m → Bash: /bin/zsh -lc "find artifacts/lca_tree_stress_v5/.tmp/lca_...
  AC [1m3[0m → Bash: /bin/zsh -lc "find artifacts/lca_tree_stress_v5/.tmp/lca_...
  AC [1m3[0m → Bash: /bin/zsh -lc "find artifacts/lca_tree_stress_v5/.tmp/lca_...
  AC [1m3[0m → Bash: /bin/zsh -lc "find artifacts/lca_tree_stress_v5/.tmp/lca_...
  AC [1m3[0m → Bash: /bin/zsh -lc "find artifacts/lca_tree_stress_v5/.tmp/lca_...
  AC [1m3[0m → Bash: /bin/zsh -lc "find artifacts/lca_tree_stress_v5/.tmp/lca_...
  AC [1m3[0m → Bash: /bin/zsh -lc 'LCA_STAGE_FILTER=correctness_fuzz ./lca_str...
  AC [1m3[0m → Bash: /bin/zsh -lc "sed -n '1,240p' artifacts/lca_tree_stress_v...
  AC [1m3[0m → Bash: /bin/zsh -lc "rg -n \"mismatch|timed out|validator failed...
  AC [1m3[0m → Bash: /bin/zsh -lc "python3 - <<'PY'
import csv
from pathlib im...
  AC [1m3[0m → Bash: /bin/zsh -lc 'for d in $(python3 - <<'"'PY'
import csv
fr...
  AC [1m3[0m → Bash: /bin/zsh -lc "python3 - <<'PY'
import csv
from pathlib im...
  AC [1m3[0m → Bash: /bin/zsh -lc "python3 - <<'PY'
import csv
from pathlib im...
  AC [1m3[0m → Bash: /bin/zsh -lc "python3 - <<'PY'
import csv
from pathlib im...
  AC [1m3[0m → Bash: /bin/zsh -lc "python3 - <<'PY'
import csv
from pathlib im...
  AC [1m3[0m → Bash: /bin/zsh -lc "python3 - <<'PY'
import csv
from pathlib im...
  AC [1m3[0m → Bash: /bin/zsh -lc "sed -n '1,200p' build.sh"
  AC [1m3[0m → Bash: /bin/zsh -lc 'rg -n "comb_rect_dense|multi_comb_rect|mult...
  AC [1m3[0m → Bash: /bin/zsh -lc "diff -u artifacts/lca_tree_stress_v5/retry_...
  AC [1m3[0m → Bash: /bin/zsh -lc 'for f in artifacts/lca_tree_stress_v5/retry...
  AC [1m3[0m → Bash: /bin/zsh -lc "rg -n \"zero[1m[[0m-_ [1m][0mspan|materialization|layou...
  AC [1m3[0m → Bash: /bin/zsh -lc './build.sh --source artifacts/lca_tree_stre...
  AC [1m3[0m → Bash: /bin/zsh -lc "sed -n '1,260p' boj28350_resume.py"
  AC [1m3[0m → Bash: /bin/zsh -lc "sed -n '1,260p' solver_release_env.sh"
  AC [1m3[0m → Bash: /bin/zsh -lc "sed -n '8740,8865p' boj28350_resume/boj2835...
  AC [1m3[0m → Bash: /bin/zsh -lc "sed -n '4200,4480p' artifacts/lca_tree_stre...
  AC [1m3[0m → Bash: /bin/zsh -lc "sed -n '4480,4740p' artifacts/lca_tree_stre...
  AC [1m3[0m → Bash: /bin/zsh -lc 'source ./solver_release_env.sh; python3 bra...
  AC [1m3[0m → Bash: /bin/zsh -lc 'source ./solver_release_env.sh; python3 bra...
  AC [1m3[0m → Bash: /bin/zsh -lc 'source ./solver_release_env.sh; python3 bra...
  AC [1m3[0m → Bash: /bin/zsh -lc 'source ./solver_release_env.sh; python3 bra...
  AC [1m3[0m → Bash: /bin/zsh -lc 'source ./solver_release_env.sh; python3 bra...
  AC [1m3[0m → Bash: /bin/zsh -lc 'source ./solver_release_env.sh; python3 bra...
  AC [1m3[0m → Bash: /bin/zsh -lc "rg -n \"buildGlobalDeleteArtifact|initializ...
  AC [1m3[0m → Bash: /bin/zsh -lc "rg -n \"buildGlobalDeleteArtifact|initializ...
  AC [1m3[0m → Bash: /bin/zsh -lc 'diff -u artifacts/lca_tree_stress_v5/retry_...
  AC [1m3[0m → Bash: /bin/zsh -lc "sed -n '5310,5465p' boj28350_resume/boj2835...
  AC [1m3[0m → Bash: /bin/zsh -lc "sed -n '10790,11080p' boj28350_resume/boj28...
  AC [1m3[0m → Bash: /bin/zsh -lc "sed -n '11130,11420p' artifacts/lca_tree_st...
  AC [1m3[0m → Bash: /bin/zsh -lc "sed -n '5520,5675p' artifacts/lca_tree_stre...
  AC [1m3[0m → Bash: /bin/zsh -lc 'rg -n "removeVertexFromComponentHandle|assi...
  AC [1m3[0m → Bash: /bin/zsh -lc "sed -n '3650,3735p' artifacts/lca_tree_stre...
  AC [1m3[0m → Bash: /bin/zsh -lc 'rg -n "removeVertexFromComponentHandle|assi...
  AC [1m3[0m → Bash: /bin/zsh -lc "sed -n '650,860p' artifacts/lca_tree_stress...
  AC [1m3[0m → Bash: /bin/zsh -lc "sed -n '3650,3740p' boj28350_resume/boj2835...
  AC [1m3[0m → Bash: /bin/zsh -lc "sed -n '4270,4415p' boj28350_resume/boj2835...
  AC [1m3[0m → Bash: /bin/zsh -lc "sed -n '650,860p' boj28350_resume/boj28350_...
  AC [1m3[0m → Bash: /bin/zsh -lc "sed -n '4415,4785p' boj28350_resume/boj2835...
  AC [1m3[0m → Bash: /bin/zsh -lc "rg -n \"compMembers_\" boj28350_resume/boj2...
  AC [1m3[0m → Edit: /Users/free_1/Library/Mobile Documents/iCloud~md~obsidian...
  AC [1m3[0m → Bash: /bin/zsh -lc ./build.sh
  AC [1m3[0m → Bash: /bin/zsh -lc 'source ./solver_release_env.sh; python3 bra...
  AC [1m3[0m → Bash: /bin/zsh -lc 'rg -n "solver_release_env|source .*RELEASE_...
  AC [1m3[0m → Edit: /Users/free_1/Library/Mobile Documents/iCloud~md~obsidian...
  AC [1m3[0m → Bash: /bin/zsh -lc ./build.sh
  AC [1m3[0m → Bash: /bin/zsh -lc 'source ./solver_release_env.sh; python3 bra...
  AC [1m3[0m → Edit: /Users/free_1/Library/Mobile Documents/iCloud~md~obsidian...
  AC [1m3[0m → Bash: /bin/zsh -lc ./build.sh
  AC [1m3[0m → Bash: /bin/zsh -lc "rg -n \"verdict|reasons|strong_gate|boj2835...
  AC [1m3[0m → Bash: /bin/zsh -lc "find artifacts -type f \\[1m([0m -name '*solver*....
  AC [1m3[0m → Bash: /bin/zsh -lc "find . -type f \\[1m([0m -name '*.log' -o -name '...
  AC [1m3[0m → Bash: /bin/zsh -lc 'for f in artifacts/lca_tree_stress_v5/ac5_r...
  AC [1m3[0m → Bash: /bin/zsh -lc "python3 - <<'PY'
from pathlib import Path
f...
  AC [1m3[0m → Bash: /bin/zsh -lc 'for f in artifacts/lca_tree_stress_v5/ac5_r...
  AC [1m3[0m → Bash: /bin/zsh -lc "sed -n '10980,11130p' artifacts/lca_tree_st...
  AC [1m3[0m → Bash: /bin/zsh -lc "sed -n '4320,4475p' artifacts/lca_tree_stre...
  AC [1m3[0m → Bash: /bin/zsh -lc 'diff -u artifacts/lca_tree_stress_v5/retry_...
  AC [1m3[0m → Bash: /bin/zsh -lc "find . -type f | xargs rg -n \"ac5_restore_...
  AC [1m3[0m → Edit: /Users/free_1/Library/Mobile Documents/iCloud~md~obsidian...
  AC [1m3[0m → Bash: /bin/zsh -lc './build.sh --source artifacts/lca_tree_stre...
  AC [1m3[0m → Bash: /bin/zsh -lc 'source ./solver_release_env.sh; python3 bra...
  AC [1m3[0m → Bash: /bin/zsh -lc 'for d in artifacts/lca_tree_stress_v5/stron...
  AC [1m3[0m → Bash: /bin/zsh -lc "find artifacts/lca_tree_stress_v5 -maxdepth...
  AC [1m3[0m → Bash: /bin/zsh -lc "python3 - <<'PY'
import json
from pathlib i...
  AC [1m3[0m → Bash: /bin/zsh -lc "find artifacts/lca_tree_stress_v5/strong_ga...
  AC [1m3[0m → Bash: /bin/zsh -lc 'for d in artifacts/lca_tree_stress_v5/stron...
  AC [1m3[0m → Bash: /bin/zsh -lc "find artifacts/lca_tree_stress_v5/strong_ga...
  AC [1m3[0m → Bash: /bin/zsh -lc 'for f in artifacts/lca_tree_stress_v5/stron...
  AC [1m3[0m → Bash: /bin/zsh -lc "find . -type f | xargs rg -n \"no-touch rel...
  AC [1m3[0m → Bash: /bin/zsh -lc "find . -type f | xargs rg -n \"strong_gate_...
  AC [1m3[0m → Bash: /bin/zsh -lc './build.sh --source artifacts/lca_tree_stre...
