stage,mode,n,seed,shuffle_labels,shuffle_queries,gen_ok,solver_rc,timed_out,val_ok,sec,rss_kb,case_dir
correctness_fuzz,comb_rect_dense,64,1,0,0,1,0,0,1,0.166771,3840,/Users/free_1/Library/Mobile Documents/iCloud~md~obsidian/Documents/cpp-checker/branch_3/artifacts/lca_tree_stress_v5/diag_ac3_correctness_capture_current/runs/correctness_fuzz/comb_rect_dense/n64/seed1_L0_Q0
correctness_fuzz,comb_rect_dense,64,1,0,1,1,0,0,1,0.165486,3824,/Users/free_1/Library/Mobile Documents/iCloud~md~obsidian/Documents/cpp-checker/branch_3/artifacts/lca_tree_stress_v5/diag_ac3_correctness_capture_current/runs/correctness_fuzz/comb_rect_dense/n64/seed1_L0_Q1
correctness_fuzz,comb_rect_dense,64,1,1,0,1,0,0,1,0.174822,4592,/Users/free_1/Library/Mobile Documents/iCloud~md~obsidian/Documents/cpp-checker/branch_3/artifacts/lca_tree_stress_v5/diag_ac3_correctness_capture_current/runs/correctness_fuzz/comb_rect_dense/n64/seed1_L1_Q0
correctness_fuzz,comb_rect_dense,64,1,1,1,1,0,0,1,0.172579,4448,/Users/free_1/Library/Mobile Documents/iCloud~md~obsidian/Documents/cpp-checker/branch_3/artifacts/lca_tree_stress_v5/diag_ac3_correctness_capture_current/runs/correctness_fuzz/comb_rect_dense/n64/seed1_L1_Q1
correctness_fuzz,comb_rect_dense,64,2,0,0,1,0,0,1,0.163091,3808,/Users/free_1/Library/Mobile Documents/iCloud~md~obsidian/Documents/cpp-checker/branch_3/artifacts/lca_tree_stress_v5/diag_ac3_correctness_capture_current/runs/correctness_fuzz/comb_rect_dense/n64/seed2_L0_Q0
correctness_fuzz,comb_rect_dense,64,2,0,1,1,0,0,1,0.214535,3888,/Users/free_1/Library/Mobile Documents/iCloud~md~obsidian/Documents/cpp-checker/branch_3/artifacts/lca_tree_stress_v5/diag_ac3_correctness_capture_current/runs/correctness_fuzz/comb_rect_dense/n64/seed2_L0_Q1
correctness_fuzz,comb_rect_dense,64,2,1,0,1,0,0,1,0.191968,4336,/Users/free_1/Library/Mobile Documents/iCloud~md~obsidian/Documents/cpp-checker/branch_3/artifacts/lca_tree_stress_v5/diag_ac3_correctness_capture_current/runs/correctness_fuzz/comb_rect_dense/n64/seed2_L1_Q0
correctness_fuzz,comb_rect_dense,64,2,1,1,1,0,0,1,0.179293,4336,/Users/free_1/Library/Mobile Documents/iCloud~md~obsidian/Documents/cpp-checker/branch_3/artifacts/lca_tree_stress_v5/diag_ac3_correctness_capture_current/runs/correctness_fuzz/comb_rect_dense/n64/seed2_L1_Q1
correctness_fuzz,comb_rect_dense,64,3,0,0,1,0,0,1,0.177042,3824,/Users/free_1/Library/Mobile Documents/iCloud~md~obsidian/Documents/cpp-checker/branch_3/artifacts/lca_tree_stress_v5/diag_ac3_correctness_capture_current/runs/correctness_fuzz/comb_rect_dense/n64/seed3_L0_Q0
correctness_fuzz,comb_rect_dense,64,3,0,1,1,0,0,1,0.176061,3824,/Users/free_1/Library/Mobile Documents/iCloud~md~obsidian/Documents/cpp-checker/branch_3/artifacts/lca_tree_stress_v5/diag_ac3_correctness_capture_current/runs/correctness_fuzz/comb_rect_dense/n64/seed3_L0_Q1
correctness_fuzz,comb_rect_dense,64,3,1,0,1,0,0,1,0.179974,4368,/Users/free_1/Library/Mobile Documents/iCloud~md~obsidian/Documents/cpp-checker/branch_3/artifacts/lca_tree_stress_v5/diag_ac3_correctness_capture_current/runs/correctness_fuzz/comb_rect_dense/n64/seed3_L1_Q0
correctness_fuzz,comb_rect_dense,64,3,1,1,1,0,0,1,0.178118,4336,/Users/free_1/Library/Mobile Documents/iCloud~md~obsidian/Documents/cpp-checker/branch_3/artifacts/lca_tree_stress_v5/diag_ac3_correctness_capture_current/runs/correctness_fuzz/comb_rect_dense/n64/seed3_L1_Q1
correctness_fuzz,comb_rect_dense,64,4,0,0,1,0,0,1,0.170862,3760,/Users/free_1/Library/Mobile Documents/iCloud~md~obsidian/Documents/cpp-checker/branch_3/artifacts/lca_tree_stress_v5/diag_ac3_correctness_capture_current/runs/correctness_fuzz/comb_rect_dense/n64/seed4_L0_Q0
correctness_fuzz,comb_rect_dense,64,4,0,1,1,0,0,1,0.184569,3872,/Users/free_1/Library/Mobile Documents/iCloud~md~obsidian/Documents/cpp-checker/branch_3/artifacts/lca_tree_stress_v5/diag_ac3_correctness_capture_current/runs/correctness_fuzz/comb_rect_dense/n64/seed4_L0_Q1
correctness_fuzz,comb_rect_dense,64,4,1,0,1,0,0,1,0.183057,4416,/Users/free_1/Library/Mobile Documents/iCloud~md~obsidian/Documents/cpp-checker/branch_3/artifacts/lca_tree_stress_v5/diag_ac3_correctness_capture_current/runs/correctness_fuzz/comb_rect_dense/n64/seed4_L1_Q0
correctness_fuzz,comb_rect_dense,64,4,1,1,1,0,0,1,0.182367,4448,/Users/free_1/Library/Mobile Documents/iCloud~md~obsidian/Documents/cpp-checker/branch_3/artifacts/lca_tree_stress_v5/diag_ac3_correctness_capture_current/runs/correctness_fuzz/comb_rect_dense/n64/seed4_L1_Q1
correctness_fuzz,comb_rect_dense,64,5,0,0,1,0,0,1,0.173219,3872,/Users/free_1/Library/Mobile Documents/iCloud~md~obsidian/Documents/cpp-checker/branch_3/artifacts/lca_tree_stress_v5/diag_ac3_correctness_capture_current/runs/correctness_fuzz/comb_rect_dense/n64/seed5_L0_Q0
correctness_fuzz,comb_rect_dense,64,5,0,1,1,0,0,1,0.172785,3840,/Users/free_1/Library/Mobile Documents/iCloud~md~obsidian/Documents/cpp-checker/branch_3/artifacts/lca_tree_stress_v5/diag_ac3_correctness_capture_current/runs/correctness_fuzz/comb_rect_dense/n64/seed5_L0_Q1
correctness_fuzz,comb_rect_dense,64,5,1,0,1,0,0,1,0.172974,4496,/Users/free_1/Library/Mobile Documents/iCloud~md~obsidian/Documents/cpp-checker/branch_3/artifacts/lca_tree_stress_v5/diag_ac3_correctness_capture_current/runs/correctness_fuzz/comb_rect_dense/n64/seed5_L1_Q0
correctness_fuzz,comb_rect_dense,64,5,1,1,1,0,0,1,0.176629,4544,/Users/free_1/Library/Mobile Documents/iCloud~md~obsidian/Documents/cpp-checker/branch_3/artifacts/lca_tree_stress_v5/diag_ac3_correctness_capture_current/runs/correctness_fuzz/comb_rect_dense/n64/seed5_L1_Q1
correctness_fuzz,comb_rect_dense,128,1,0,0,1,0,0,1,0.217543,8176,/Users/free_1/Library/Mobile Documents/iCloud~md~obsidian/Documents/cpp-checker/branch_3/artifacts/lca_tree_stress_v5/diag_ac3_correctness_capture_current/runs/correctness_fuzz/comb_rect_dense/n128/seed1_L0_Q0
correctness_fuzz,comb_rect_dense,128,1,0,1,1,0,0,1,0.222009,8080,/Users/free_1/Library/Mobile Documents/iCloud~md~obsidian/Documents/cpp-checker/branch_3/artifacts/lca_tree_stress_v5/diag_ac3_correctness_capture_current/runs/correctness_fuzz/comb_rect_dense/n128/seed1_L0_Q1
correctness_fuzz,comb_rect_dense,128,1,1,0,1,0,0,1,0.242221,10256,/Users/free_1/Library/Mobile Documents/iCloud~md~obsidian/Documents/cpp-checker/branch_3/artifacts/lca_tree_stress_v5/diag_ac3_correctness_capture_current/runs/correctness_fuzz/comb_rect_dense/n128/seed1_L1_Q0
correctness_fuzz,comb_rect_dense,128,1,1,1,1,0,0,1,0.223847,10240,/Users/free_1/Library/Mobile Documents/iCloud~md~obsidian/Documents/cpp-checker/branch_3/artifacts/lca_tree_stress_v5/diag_ac3_correctness_capture_current/runs/correctness_fuzz/comb_rect_dense/n128/seed1_L1_Q1
correctness_fuzz,comb_rect_dense,128,2,0,0,1,0,0,1,0.213043,8032,/Users/free_1/Library/Mobile Documents/iCloud~md~obsidian/Documents/cpp-checker/branch_3/artifacts/lca_tree_stress_v5/diag_ac3_correctness_capture_current/runs/correctness_fuzz/comb_rect_dense/n128/seed2_L0_Q0
correctness_fuzz,comb_rect_dense,128,2,0,1,1,0,0,1,0.204673,7952,/Users/free_1/Library/Mobile Documents/iCloud~md~obsidian/Documents/cpp-checker/branch_3/artifacts/lca_tree_stress_v5/diag_ac3_correctness_capture_current/runs/correctness_fuzz/comb_rect_dense/n128/seed2_L0_Q1
correctness_fuzz,comb_rect_dense,128,2,1,0,1,0,0,1,0.272487,8448,/Users/free_1/Library/Mobile Documents/iCloud~md~obsidian/Documents/cpp-checker/branch_3/artifacts/lca_tree_stress_v5/diag_ac3_correctness_capture_current/runs/correctness_fuzz/comb_rect_dense/n128/seed2_L1_Q0
correctness_fuzz,comb_rect_dense,128,2,1,1,1,0,0,1,0.275203,8560,/Users/free_1/Library/Mobile Documents/iCloud~md~obsidian/Documents/cpp-checker/branch_3/artifacts/lca_tree_stress_v5/diag_ac3_correctness_capture_current/runs/correctness_fuzz/comb_rect_dense/n128/seed2_L1_Q1
correctness_fuzz,comb_rect_dense,128,3,0,0,1,0,0,1,0.221021,7856,/Users/free_1/Library/Mobile Documents/iCloud~md~obsidian/Documents/cpp-checker/branch_3/artifacts/lca_tree_stress_v5/diag_ac3_correctness_capture_current/runs/correctness_fuzz/comb_rect_dense/n128/seed3_L0_Q0
correctness_fuzz,comb_rect_dense,128,3,0,1,1,0,0,1,0.204831,7840,/Users/free_1/Library/Mobile Documents/iCloud~md~obsidian/Documents/cpp-checker/branch_3/artifacts/lca_tree_stress_v5/diag_ac3_correctness_capture_current/runs/correctness_fuzz/comb_rect_dense/n128/seed3_L0_Q1
correctness_fuzz,comb_rect_dense,128,3,1,0,1,0,0,1,0.238286,10768,/Users/free_1/Library/Mobile Documents/iCloud~md~obsidian/Documents/cpp-checker/branch_3/artifacts/lca_tree_stress_v5/diag_ac3_correctness_capture_current/runs/correctness_fuzz/comb_rect_dense/n128/seed3_L1_Q0
correctness_fuzz,comb_rect_dense,128,3,1,1,1,0,0,1,0.229537,10752,/Users/free_1/Library/Mobile Documents/iCloud~md~obsidian/Documents/cpp-checker/branch_3/artifacts/lca_tree_stress_v5/diag_ac3_correctness_capture_current/runs/correctness_fuzz/comb_rect_dense/n128/seed3_L1_Q1
correctness_fuzz,comb_rect_dense,128,4,0,0,1,0,0,1,0.204642,8096,/Users/free_1/Library/Mobile Documents/iCloud~md~obsidian/Documents/cpp-checker/branch_3/artifacts/lca_tree_stress_v5/diag_ac3_correctness_capture_current/runs/correctness_fuzz/comb_rect_dense/n128/seed4_L0_Q0
correctness_fuzz,comb_rect_dense,128,4,0,1,1,0,0,1,0.207208,8080,/Users/free_1/Library/Mobile Documents/iCloud~md~obsidian/Documents/cpp-checker/branch_3/artifacts/lca_tree_stress_v5/diag_ac3_correctness_capture_current/runs/correctness_fuzz/comb_rect_dense/n128/seed4_L0_Q1
correctness_fuzz,comb_rect_dense,128,4,1,0,1,0,0,1,0.215950,8672,/Users/free_1/Library/Mobile Documents/iCloud~md~obsidian/Documents/cpp-checker/branch_3/artifacts/lca_tree_stress_v5/diag_ac3_correctness_capture_current/runs/correctness_fuzz/comb_rect_dense/n128/seed4_L1_Q0
correctness_fuzz,comb_rect_dense,128,4,1,1,1,0,0,1,0.212443,8576,/Users/free_1/Library/Mobile Documents/iCloud~md~obsidian/Documents/cpp-checker/branch_3/artifacts/lca_tree_stress_v5/diag_ac3_correctness_capture_current/runs/correctness_fuzz/comb_rect_dense/n128/seed4_L1_Q1
correctness_fuzz,comb_rect_dense,128,5,0,0,1,0,0,1,0.206011,7920,/Users/free_1/Library/Mobile Documents/iCloud~md~obsidian/Documents/cpp-checker/branch_3/artifacts/lca_tree_stress_v5/diag_ac3_correctness_capture_current/runs/correctness_fuzz/comb_rect_dense/n128/seed5_L0_Q0
correctness_fuzz,comb_rect_dense,128,5,0,1,1,0,0,1,0.209984,8016,/Users/free_1/Library/Mobile Documents/iCloud~md~obsidian/Documents/cpp-checker/branch_3/artifacts/lca_tree_stress_v5/diag_ac3_correctness_capture_current/runs/correctness_fuzz/comb_rect_dense/n128/seed5_L0_Q1
correctness_fuzz,comb_rect_dense,128,5,1,0,1,0,0,1,0.220586,9008,/Users/free_1/Library/Mobile Documents/iCloud~md~obsidian/Documents/cpp-checker/branch_3/artifacts/lca_tree_stress_v5/diag_ac3_correctness_capture_current/runs/correctness_fuzz/comb_rect_dense/n128/seed5_L1_Q0
correctness_fuzz,comb_rect_dense,128,5,1,1,1,0,0,1,0.213514,9008,/Users/free_1/Library/Mobile Documents/iCloud~md~obsidian/Documents/cpp-checker/branch_3/artifacts/lca_tree_stress_v5/diag_ac3_correctness_capture_current/runs/correctness_fuzz/comb_rect_dense/n128/seed5_L1_Q1
correctness_fuzz,comb_rect_dense,256,1,0,0,1,0,0,1,0.426457,29696,/Users/free_1/Library/Mobile Documents/iCloud~md~obsidian/Documents/cpp-checker/branch_3/artifacts/lca_tree_stress_v5/diag_ac3_correctness_capture_current/runs/correctness_fuzz/comb_rect_dense/n256/seed1_L0_Q0
correctness_fuzz,comb_rect_dense,256,1,0,1,1,0,0,1,0.418258,29616,/Users/free_1/Library/Mobile Documents/iCloud~md~obsidian/Documents/cpp-checker/branch_3/artifacts/lca_tree_stress_v5/diag_ac3_correctness_capture_current/runs/correctness_fuzz/comb_rect_dense/n256/seed1_L0_Q1
correctness_fuzz,comb_rect_dense,256,1,1,0,1,0,0,1,0.431215,32624,/Users/free_1/Library/Mobile Documents/iCloud~md~obsidian/Documents/cpp-checker/branch_3/artifacts/lca_tree_stress_v5/diag_ac3_correctness_capture_current/runs/correctness_fuzz/comb_rect_dense/n256/seed1_L1_Q0
correctness_fuzz,comb_rect_dense,256,1,1,1,1,0,0,1,0.426396,32608,/Users/free_1/Library/Mobile Documents/iCloud~md~obsidian/Documents/cpp-checker/branch_3/artifacts/lca_tree_stress_v5/diag_ac3_correctness_capture_current/runs/correctness_fuzz/comb_rect_dense/n256/seed1_L1_Q1
correctness_fuzz,comb_rect_dense,256,2,0,0,1,0,0,1,0.424342,27568,/Users/free_1/Library/Mobile Documents/iCloud~md~obsidian/Documents/cpp-checker/branch_3/artifacts/lca_tree_stress_v5/diag_ac3_correctness_capture_current/runs/correctness_fuzz/comb_rect_dense/n256/seed2_L0_Q0
correctness_fuzz,comb_rect_dense,256,2,0,1,1,0,0,1,0.419620,27552,/Users/free_1/Library/Mobile Documents/iCloud~md~obsidian/Documents/cpp-checker/branch_3/artifacts/lca_tree_stress_v5/diag_ac3_correctness_capture_current/runs/correctness_fuzz/comb_rect_dense/n256/seed2_L0_Q1
correctness_fuzz,comb_rect_dense,256,2,1,0,1,0,0,1,0.579793,46672,/Users/free_1/Library/Mobile Documents/iCloud~md~obsidian/Documents/cpp-checker/branch_3/artifacts/lca_tree_stress_v5/diag_ac3_correctness_capture_current/runs/correctness_fuzz/comb_rect_dense/n256/seed2_L1_Q0
correctness_fuzz,comb_rect_dense,256,2,1,1,1,0,0,1,0.525782,46752,/Users/free_1/Library/Mobile Documents/iCloud~md~obsidian/Documents/cpp-checker/branch_3/artifacts/lca_tree_stress_v5/diag_ac3_correctness_capture_current/runs/correctness_fuzz/comb_rect_dense/n256/seed2_L1_Q1
correctness_fuzz,comb_rect_dense,256,3,0,0,1,0,0,1,0.531298,29360,/Users/free_1/Library/Mobile Documents/iCloud~md~obsidian/Documents/cpp-checker/branch_3/artifacts/lca_tree_stress_v5/diag_ac3_correctness_capture_current/runs/correctness_fuzz/comb_rect_dense/n256/seed3_L0_Q0
correctness_fuzz,comb_rect_dense,256,3,0,1,1,0,0,1,0.432777,29344,/Users/free_1/Library/Mobile Documents/iCloud~md~obsidian/Documents/cpp-checker/branch_3/artifacts/lca_tree_stress_v5/diag_ac3_correctness_capture_current/runs/correctness_fuzz/comb_rect_dense/n256/seed3_L0_Q1
correctness_fuzz,comb_rect_dense,256,3,1,0,1,0,0,1,0.465865,36576,/Users/free_1/Library/Mobile Documents/iCloud~md~obsidian/Documents/cpp-checker/branch_3/artifacts/lca_tree_stress_v5/diag_ac3_correctness_capture_current/runs/correctness_fuzz/comb_rect_dense/n256/seed3_L1_Q0
correctness_fuzz,comb_rect_dense,256,3,1,1,1,0,0,1,0.417116,36432,/Users/free_1/Library/Mobile Documents/iCloud~md~obsidian/Documents/cpp-checker/branch_3/artifacts/lca_tree_stress_v5/diag_ac3_correctness_capture_current/runs/correctness_fuzz/comb_rect_dense/n256/seed3_L1_Q1
correctness_fuzz,comb_rect_dense,256,4,0,0,1,0,0,1,0.452447,29472,/Users/free_1/Library/Mobile Documents/iCloud~md~obsidian/Documents/cpp-checker/branch_3/artifacts/lca_tree_stress_v5/diag_ac3_correctness_capture_current/runs/correctness_fuzz/comb_rect_dense/n256/seed4_L0_Q0
correctness_fuzz,comb_rect_dense,256,4,0,1,1,0,0,1,0.444438,29376,/Users/free_1/Library/Mobile Documents/iCloud~md~obsidian/Documents/cpp-checker/branch_3/artifacts/lca_tree_stress_v5/diag_ac3_correctness_capture_current/runs/correctness_fuzz/comb_rect_dense/n256/seed4_L0_Q1
correctness_fuzz,comb_rect_dense,256,4,1,0,1,0,0,1,0.405184,34096,/Users/free_1/Library/Mobile Documents/iCloud~md~obsidian/Documents/cpp-checker/branch_3/artifacts/lca_tree_stress_v5/diag_ac3_correctness_capture_current/runs/correctness_fuzz/comb_rect_dense/n256/seed4_L1_Q0
correctness_fuzz,comb_rect_dense,256,4,1,1,1,0,0,1,0.405512,34176,/Users/free_1/Library/Mobile Documents/iCloud~md~obsidian/Documents/cpp-checker/branch_3/artifacts/lca_tree_stress_v5/diag_ac3_correctness_capture_current/runs/correctness_fuzz/comb_rect_dense/n256/seed4_L1_Q1
correctness_fuzz,comb_rect_dense,256,5,0,0,1,0,0,1,0.421614,29504,/Users/free_1/Library/Mobile Documents/iCloud~md~obsidian/Documents/cpp-checker/branch_3/artifacts/lca_tree_stress_v5/diag_ac3_correctness_capture_current/runs/correctness_fuzz/comb_rect_dense/n256/seed5_L0_Q0
correctness_fuzz,comb_rect_dense,256,5,0,1,1,0,0,1,0.424929,29440,/Users/free_1/Library/Mobile Documents/iCloud~md~obsidian/Documents/cpp-checker/branch_3/artifacts/lca_tree_stress_v5/diag_ac3_correctness_capture_current/runs/correctness_fuzz/comb_rect_dense/n256/seed5_L0_Q1
correctness_fuzz,comb_rect_dense,256,5,1,0,1,0,0,1,0.395997,33136,/Users/free_1/Library/Mobile Documents/iCloud~md~obsidian/Documents/cpp-checker/branch_3/artifacts/lca_tree_stress_v5/diag_ac3_correctness_capture_current/runs/correctness_fuzz/comb_rect_dense/n256/seed5_L1_Q0
correctness_fuzz,comb_rect_dense,256,5,1,1,1,0,0,1,0.415417,33168,/Users/free_1/Library/Mobile Documents/iCloud~md~obsidian/Documents/cpp-checker/branch_3/artifacts/lca_tree_stress_v5/diag_ac3_correctness_capture_current/runs/correctness_fuzz/comb_rect_dense/n256/seed5_L1_Q1
correctness_fuzz,comb_rect_dense,512,1,0,0,1,-9,1,0,,,/Users/free_1/Library/Mobile Documents/iCloud~md~obsidian/Documents/cpp-checker/branch_3/artifacts/lca_tree_stress_v5/diag_ac3_correctness_capture_current/runs/correctness_fuzz/comb_rect_dense/n512/seed1_L0_Q0
correctness_fuzz,comb_rect_dense,512,1,0,1,1,-9,1,0,,,/Users/free_1/Library/Mobile Documents/iCloud~md~obsidian/Documents/cpp-checker/branch_3/artifacts/lca_tree_stress_v5/diag_ac3_correctness_capture_current/runs/correctness_fuzz/comb_rect_dense/n512/seed1_L0_Q1
correctness_fuzz,comb_rect_dense,512,1,1,0,1,0,0,1,1.706163,212272,/Users/free_1/Library/Mobile Documents/iCloud~md~obsidian/Documents/cpp-checker/branch_3/artifacts/lca_tree_stress_v5/diag_ac3_correctness_capture_current/runs/correctness_fuzz/comb_rect_dense/n512/seed1_L1_Q0
correctness_fuzz,comb_rect_dense,512,1,1,1,1,0,0,1,1.669353,212128,/Users/free_1/Library/Mobile Documents/iCloud~md~obsidian/Documents/cpp-checker/branch_3/artifacts/lca_tree_stress_v5/diag_ac3_correctness_capture_current/runs/correctness_fuzz/comb_rect_dense/n512/seed1_L1_Q1
correctness_fuzz,comb_rect_dense,512,2,0,0,1,-9,1,0,,,/Users/free_1/Library/Mobile Documents/iCloud~md~obsidian/Documents/cpp-checker/branch_3/artifacts/lca_tree_stress_v5/diag_ac3_correctness_capture_current/runs/correctness_fuzz/comb_rect_dense/n512/seed2_L0_Q0
correctness_fuzz,comb_rect_dense,512,2,0,1,1,-9,1,0,,,/Users/free_1/Library/Mobile Documents/iCloud~md~obsidian/Documents/cpp-checker/branch_3/artifacts/lca_tree_stress_v5/diag_ac3_correctness_capture_current/runs/correctness_fuzz/comb_rect_dense/n512/seed2_L0_Q1
correctness_fuzz,comb_rect_dense,512,2,1,0,1,0,0,1,1.908955,233936,/Users/free_1/Library/Mobile Documents/iCloud~md~obsidian/Documents/cpp-checker/branch_3/artifacts/lca_tree_stress_v5/diag_ac3_correctness_capture_current/runs/correctness_fuzz/comb_rect_dense/n512/seed2_L1_Q0
correctness_fuzz,comb_rect_dense,512,2,1,1,1,0,0,1,1.901231,233040,/Users/free_1/Library/Mobile Documents/iCloud~md~obsidian/Documents/cpp-checker/branch_3/artifacts/lca_tree_stress_v5/diag_ac3_correctness_capture_current/runs/correctness_fuzz/comb_rect_dense/n512/seed2_L1_Q1
correctness_fuzz,comb_rect_dense,512,3,0,0,1,-9,1,0,,,/Users/free_1/Library/Mobile Documents/iCloud~md~obsidian/Documents/cpp-checker/branch_3/artifacts/lca_tree_stress_v5/diag_ac3_correctness_capture_current/runs/correctness_fuzz/comb_rect_dense/n512/seed3_L0_Q0
correctness_fuzz,comb_rect_dense,512,3,0,1,1,-9,1,0,,,/Users/free_1/Library/Mobile Documents/iCloud~md~obsidian/Documents/cpp-checker/branch_3/artifacts/lca_tree_stress_v5/diag_ac3_correctness_capture_current/runs/correctness_fuzz/comb_rect_dense/n512/seed3_L0_Q1
correctness_fuzz,comb_rect_dense,512,3,1,0,1,0,0,1,2.001083,240448,/Users/free_1/Library/Mobile Documents/iCloud~md~obsidian/Documents/cpp-checker/branch_3/artifacts/lca_tree_stress_v5/diag_ac3_correctness_capture_current/runs/correctness_fuzz/comb_rect_dense/n512/seed3_L1_Q0
correctness_fuzz,comb_rect_dense,512,3,1,1,1,-9,1,0,,,/Users/free_1/Library/Mobile Documents/iCloud~md~obsidian/Documents/cpp-checker/branch_3/artifacts/lca_tree_stress_v5/diag_ac3_correctness_capture_current/runs/correctness_fuzz/comb_rect_dense/n512/seed3_L1_Q1
correctness_fuzz,comb_rect_dense,512,4,0,0,1,-9,1,0,,,/Users/free_1/Library/Mobile Documents/iCloud~md~obsidian/Documents/cpp-checker/branch_3/artifacts/lca_tree_stress_v5/diag_ac3_correctness_capture_current/runs/correctness_fuzz/comb_rect_dense/n512/seed4_L0_Q0
correctness_fuzz,comb_rect_dense,512,4,0,1,1,-9,1,0,,,/Users/free_1/Library/Mobile Documents/iCloud~md~obsidian/Documents/cpp-checker/branch_3/artifacts/lca_tree_stress_v5/diag_ac3_correctness_capture_current/runs/correctness_fuzz/comb_rect_dense/n512/seed4_L0_Q1
correctness_fuzz,comb_rect_dense,512,4,1,0,1,0,0,1,1.910778,220304,/Users/free_1/Library/Mobile Documents/iCloud~md~obsidian/Documents/cpp-checker/branch_3/artifacts/lca_tree_stress_v5/diag_ac3_correctness_capture_current/runs/correctness_fuzz/comb_rect_dense/n512/seed4_L1_Q0
correctness_fuzz,comb_rect_dense,512,4,1,1,1,0,0,1,1.938826,220640,/Users/free_1/Library/Mobile Documents/iCloud~md~obsidian/Documents/cpp-checker/branch_3/artifacts/lca_tree_stress_v5/diag_ac3_correctness_capture_current/runs/correctness_fuzz/comb_rect_dense/n512/seed4_L1_Q1
correctness_fuzz,comb_rect_dense,512,5,0,0,1,-9,1,0,,,/Users/free_1/Library/Mobile Documents/iCloud~md~obsidian/Documents/cpp-checker/branch_3/artifacts/lca_tree_stress_v5/diag_ac3_correctness_capture_current/runs/correctness_fuzz/comb_rect_dense/n512/seed5_L0_Q0
correctness_fuzz,comb_rect_dense,512,5,0,1,1,-9,1,0,,,/Users/free_1/Library/Mobile Documents/iCloud~md~obsidian/Documents/cpp-checker/branch_3/artifacts/lca_tree_stress_v5/diag_ac3_correctness_capture_current/runs/correctness_fuzz/comb_rect_dense/n512/seed5_L0_Q1
correctness_fuzz,comb_rect_dense,512,5,1,0,1,-9,1,0,,,/Users/free_1/Library/Mobile Documents/iCloud~md~obsidian/Documents/cpp-checker/branch_3/artifacts/lca_tree_stress_v5/diag_ac3_correctness_capture_current/runs/correctness_fuzz/comb_rect_dense/n512/seed5_L1_Q0
correctness_fuzz,comb_rect_dense,512,5,1,1,1,-9,1,0,,,/Users/free_1/Library/Mobile Documents/iCloud~md~obsidian/Documents/cpp-checker/branch_3/artifacts/lca_tree_stress_v5/diag_ac3_correctness_capture_current/runs/correctness_fuzz/comb_rect_dense/n512/seed5_L1_Q1
correctness_fuzz,comb_rect_dense,1024,1,0,0,1,-9,1,0,,,/Users/free_1/Library/Mobile Documents/iCloud~md~obsidian/Documents/cpp-checker/branch_3/artifacts/lca_tree_stress_v5/diag_ac3_correctness_capture_current/runs/correctness_fuzz/comb_rect_dense/n1024/seed1_L0_Q0
correctness_fuzz,comb_rect_dense,1024,1,0,1,1,-9,1,0,,,/Users/free_1/Library/Mobile Documents/iCloud~md~obsidian/Documents/cpp-checker/branch_3/artifacts/lca_tree_stress_v5/diag_ac3_correctness_capture_current/runs/correctness_fuzz/comb_rect_dense/n1024/seed1_L0_Q1
correctness_fuzz,comb_rect_dense,1024,1,1,0,1,-9,1,0,,,/Users/free_1/Library/Mobile Documents/iCloud~md~obsidian/Documents/cpp-checker/branch_3/artifacts/lca_tree_stress_v5/diag_ac3_correctness_capture_current/runs/correctness_fuzz/comb_rect_dense/n1024/seed1_L1_Q0
correctness_fuzz,comb_rect_dense,1024,1,1,1,1,-9,1,0,,,/Users/free_1/Library/Mobile Documents/iCloud~md~obsidian/Documents/cpp-checker/branch_3/artifacts/lca_tree_stress_v5/diag_ac3_correctness_capture_current/runs/correctness_fuzz/comb_rect_dense/n1024/seed1_L1_Q1
correctness_fuzz,comb_rect_dense,1024,2,0,0,1,-9,1,0,,,/Users/free_1/Library/Mobile Documents/iCloud~md~obsidian/Documents/cpp-checker/branch_3/artifacts/lca_tree_stress_v5/diag_ac3_correctness_capture_current/runs/correctness_fuzz/comb_rect_dense/n1024/seed2_L0_Q0
correctness_fuzz,comb_rect_dense,1024,2,0,1,1,-9,1,0,,,/Users/free_1/Library/Mobile Documents/iCloud~md~obsidian/Documents/cpp-checker/branch_3/artifacts/lca_tree_stress_v5/diag_ac3_correctness_capture_current/runs/correctness_fuzz/comb_rect_dense/n1024/seed2_L0_Q1
correctness_fuzz,comb_rect_dense,1024,2,1,0,1,-9,1,0,,,/Users/free_1/Library/Mobile Documents/iCloud~md~obsidian/Documents/cpp-checker/branch_3/artifacts/lca_tree_stress_v5/diag_ac3_correctness_capture_current/runs/correctness_fuzz/comb_rect_dense/n1024/seed2_L1_Q0
correctness_fuzz,comb_rect_dense,1024,2,1,1,1,-9,1,0,,,/Users/free_1/Library/Mobile Documents/iCloud~md~obsidian/Documents/cpp-checker/branch_3/artifacts/lca_tree_stress_v5/diag_ac3_correctness_capture_current/runs/correctness_fuzz/comb_rect_dense/n1024/seed2_L1_Q1
correctness_fuzz,comb_rect_dense,1024,3,0,0,1,-9,1,0,,,/Users/free_1/Library/Mobile Documents/iCloud~md~obsidian/Documents/cpp-checker/branch_3/artifacts/lca_tree_stress_v5/diag_ac3_correctness_capture_current/runs/correctness_fuzz/comb_rect_dense/n1024/seed3_L0_Q0
correctness_fuzz,comb_rect_dense,1024,3,0,1,1,-9,1,0,,,/Users/free_1/Library/Mobile Documents/iCloud~md~obsidian/Documents/cpp-checker/branch_3/artifacts/lca_tree_stress_v5/diag_ac3_correctness_capture_current/runs/correctness_fuzz/comb_rect_dense/n1024/seed3_L0_Q1
correctness_fuzz,comb_rect_dense,1024,3,1,0,1,-9,1,0,,,/Users/free_1/Library/Mobile Documents/iCloud~md~obsidian/Documents/cpp-checker/branch_3/artifacts/lca_tree_stress_v5/diag_ac3_correctness_capture_current/runs/correctness_fuzz/comb_rect_dense/n1024/seed3_L1_Q0
correctness_fuzz,comb_rect_dense,1024,3,1,1,1,-9,1,0,,,/Users/free_1/Library/Mobile Documents/iCloud~md~obsidian/Documents/cpp-checker/branch_3/artifacts/lca_tree_stress_v5/diag_ac3_correctness_capture_current/runs/correctness_fuzz/comb_rect_dense/n1024/seed3_L1_Q1
correctness_fuzz,comb_rect_dense,1024,4,0,0,1,-9,1,0,,,/Users/free_1/Library/Mobile Documents/iCloud~md~obsidian/Documents/cpp-checker/branch_3/artifacts/lca_tree_stress_v5/diag_ac3_correctness_capture_current/runs/correctness_fuzz/comb_rect_dense/n1024/seed4_L0_Q0
correctness_fuzz,comb_rect_dense,1024,4,0,1,1,-9,1,0,,,/Users/free_1/Library/Mobile Documents/iCloud~md~obsidian/Documents/cpp-checker/branch_3/artifacts/lca_tree_stress_v5/diag_ac3_correctness_capture_current/runs/correctness_fuzz/comb_rect_dense/n1024/seed4_L0_Q1
correctness_fuzz,comb_rect_dense,1024,4,1,0,1,-9,1,0,,,/Users/free_1/Library/Mobile Documents/iCloud~md~obsidian/Documents/cpp-checker/branch_3/artifacts/lca_tree_stress_v5/diag_ac3_correctness_capture_current/runs/correctness_fuzz/comb_rect_dense/n1024/seed4_L1_Q0
correctness_fuzz,comb_rect_dense,1024,4,1,1,1,-9,1,0,,,/Users/free_1/Library/Mobile Documents/iCloud~md~obsidian/Documents/cpp-checker/branch_3/artifacts/lca_tree_stress_v5/diag_ac3_correctness_capture_current/runs/correctness_fuzz/comb_rect_dense/n1024/seed4_L1_Q1
correctness_fuzz,comb_rect_dense,1024,5,0,0,1,-9,1,0,,,/Users/free_1/Library/Mobile Documents/iCloud~md~obsidian/Documents/cpp-checker/branch_3/artifacts/lca_tree_stress_v5/diag_ac3_correctness_capture_current/runs/correctness_fuzz/comb_rect_dense/n1024/seed5_L0_Q0
correctness_fuzz,comb_rect_dense,1024,5,0,1,1,-9,1,0,,,/Users/free_1/Library/Mobile Documents/iCloud~md~obsidian/Documents/cpp-checker/branch_3/artifacts/lca_tree_stress_v5/diag_ac3_correctness_capture_current/runs/correctness_fuzz/comb_rect_dense/n1024/seed5_L0_Q1
correctness_fuzz,comb_rect_dense,1024,5,1,0,1,-9,1,0,,,/Users/free_1/Library/Mobile Documents/iCloud~md~obsidian/Documents/cpp-checker/branch_3/artifacts/lca_tree_stress_v5/diag_ac3_correctness_capture_current/runs/correctness_fuzz/comb_rect_dense/n1024/seed5_L1_Q0
correctness_fuzz,comb_rect_dense,1024,5,1,1,1,-9,1,0,,,/Users/free_1/Library/Mobile Documents/iCloud~md~obsidian/Documents/cpp-checker/branch_3/artifacts/lca_tree_stress_v5/diag_ac3_correctness_capture_current/runs/correctness_fuzz/comb_rect_dense/n1024/seed5_L1_Q1
correctness_fuzz,multi_comb_rect,64,1,0,0,1,0,0,1,0.173552,3216,/Users/free_1/Library/Mobile Documents/iCloud~md~obsidian/Documents/cpp-checker/branch_3/artifacts/lca_tree_stress_v5/diag_ac3_correctness_capture_current/runs/correctness_fuzz/multi_comb_rect/n64/seed1_L0_Q0
correctness_fuzz,multi_comb_rect,64,1,0,1,1,0,0,1,0.185519,3280,/Users/free_1/Library/Mobile Documents/iCloud~md~obsidian/Documents/cpp-checker/branch_3/artifacts/lca_tree_stress_v5/diag_ac3_correctness_capture_current/runs/correctness_fuzz/multi_comb_rect/n64/seed1_L0_Q1
correctness_fuzz,multi_comb_rect,64,1,1,0,1,0,0,1,0.177729,3472,/Users/free_1/Library/Mobile Documents/iCloud~md~obsidian/Documents/cpp-checker/branch_3/artifacts/lca_tree_stress_v5/diag_ac3_correctness_capture_current/runs/correctness_fuzz/multi_comb_rect/n64/seed1_L1_Q0
correctness_fuzz,multi_comb_rect,64,1,1,1,1,0,0,1,0.178193,3472,/Users/free_1/Library/Mobile Documents/iCloud~md~obsidian/Documents/cpp-checker/branch_3/artifacts/lca_tree_stress_v5/diag_ac3_correctness_capture_current/runs/correctness_fuzz/multi_comb_rect/n64/seed1_L1_Q1
correctness_fuzz,multi_comb_rect,64,2,0,0,1,0,0,1,0.275428,3264,/Users/free_1/Library/Mobile Documents/iCloud~md~obsidian/Documents/cpp-checker/branch_3/artifacts/lca_tree_stress_v5/diag_ac3_correctness_capture_current/runs/correctness_fuzz/multi_comb_rect/n64/seed2_L0_Q0
correctness_fuzz,multi_comb_rect,64,2,0,1,1,0,0,1,0.227096,3264,/Users/free_1/Library/Mobile Documents/iCloud~md~obsidian/Documents/cpp-checker/branch_3/artifacts/lca_tree_stress_v5/diag_ac3_correctness_capture_current/runs/correctness_fuzz/multi_comb_rect/n64/seed2_L0_Q1
correctness_fuzz,multi_comb_rect,64,2,1,0,1,0,0,1,0.182968,3456,/Users/free_1/Library/Mobile Documents/iCloud~md~obsidian/Documents/cpp-checker/branch_3/artifacts/lca_tree_stress_v5/diag_ac3_correctness_capture_current/runs/correctness_fuzz/multi_comb_rect/n64/seed2_L1_Q0
correctness_fuzz,multi_comb_rect,64,2,1,1,1,0,0,1,0.188349,3488,/Users/free_1/Library/Mobile Documents/iCloud~md~obsidian/Documents/cpp-checker/branch_3/artifacts/lca_tree_stress_v5/diag_ac3_correctness_capture_current/runs/correctness_fuzz/multi_comb_rect/n64/seed2_L1_Q1
correctness_fuzz,multi_comb_rect,64,3,0,0,1,0,0,1,0.185911,3264,/Users/free_1/Library/Mobile Documents/iCloud~md~obsidian/Documents/cpp-checker/branch_3/artifacts/lca_tree_stress_v5/diag_ac3_correctness_capture_current/runs/correctness_fuzz/multi_comb_rect/n64/seed3_L0_Q0
correctness_fuzz,multi_comb_rect,64,3,0,1,1,0,0,1,0.182877,3248,/Users/free_1/Library/Mobile Documents/iCloud~md~obsidian/Documents/cpp-checker/branch_3/artifacts/lca_tree_stress_v5/diag_ac3_correctness_capture_current/runs/correctness_fuzz/multi_comb_rect/n64/seed3_L0_Q1
correctness_fuzz,multi_comb_rect,64,3,1,0,1,0,0,1,0.189150,3472,/Users/free_1/Library/Mobile Documents/iCloud~md~obsidian/Documents/cpp-checker/branch_3/artifacts/lca_tree_stress_v5/diag_ac3_correctness_capture_current/runs/correctness_fuzz/multi_comb_rect/n64/seed3_L1_Q0
correctness_fuzz,multi_comb_rect,64,3,1,1,1,0,0,1,0.181526,3504,/Users/free_1/Library/Mobile Documents/iCloud~md~obsidian/Documents/cpp-checker/branch_3/artifacts/lca_tree_stress_v5/diag_ac3_correctness_capture_current/runs/correctness_fuzz/multi_comb_rect/n64/seed3_L1_Q1
correctness_fuzz,multi_comb_rect,64,4,0,0,1,0,0,1,0.184929,3232,/Users/free_1/Library/Mobile Documents/iCloud~md~obsidian/Documents/cpp-checker/branch_3/artifacts/lca_tree_stress_v5/diag_ac3_correctness_capture_current/runs/correctness_fuzz/multi_comb_rect/n64/seed4_L0_Q0
correctness_fuzz,multi_comb_rect,64,4,0,1,1,0,0,1,0.181631,3184,/Users/free_1/Library/Mobile Documents/iCloud~md~obsidian/Documents/cpp-checker/branch_3/artifacts/lca_tree_stress_v5/diag_ac3_correctness_capture_current/runs/correctness_fuzz/multi_comb_rect/n64/seed4_L0_Q1
correctness_fuzz,multi_comb_rect,64,4,1,0,1,0,0,1,0.193132,3424,/Users/free_1/Library/Mobile Documents/iCloud~md~obsidian/Documents/cpp-checker/branch_3/artifacts/lca_tree_stress_v5/diag_ac3_correctness_capture_current/runs/correctness_fuzz/multi_comb_rect/n64/seed4_L1_Q0
correctness_fuzz,multi_comb_rect,64,4,1,1,1,0,0,1,0.198189,3440,/Users/free_1/Library/Mobile Documents/iCloud~md~obsidian/Documents/cpp-checker/branch_3/artifacts/lca_tree_stress_v5/diag_ac3_correctness_capture_current/runs/correctness_fuzz/multi_comb_rect/n64/seed4_L1_Q1
correctness_fuzz,multi_comb_rect,64,5,0,0,1,0,0,1,0.189471,3296,/Users/free_1/Library/Mobile Documents/iCloud~md~obsidian/Documents/cpp-checker/branch_3/artifacts/lca_tree_stress_v5/diag_ac3_correctness_capture_current/runs/correctness_fuzz/multi_comb_rect/n64/seed5_L0_Q0
correctness_fuzz,multi_comb_rect,64,5,0,1,1,0,0,1,0.186309,3280,/Users/free_1/Library/Mobile Documents/iCloud~md~obsidian/Documents/cpp-checker/branch_3/artifacts/lca_tree_stress_v5/diag_ac3_correctness_capture_current/runs/correctness_fuzz/multi_comb_rect/n64/seed5_L0_Q1
correctness_fuzz,multi_comb_rect,64,5,1,0,1,0,0,1,0.185736,3440,/Users/free_1/Library/Mobile Documents/iCloud~md~obsidian/Documents/cpp-checker/branch_3/artifacts/lca_tree_stress_v5/diag_ac3_correctness_capture_current/runs/correctness_fuzz/multi_comb_rect/n64/seed5_L1_Q0
correctness_fuzz,multi_comb_rect,64,5,1,1,1,0,0,1,0.183670,3520,/Users/free_1/Library/Mobile Documents/iCloud~md~obsidian/Documents/cpp-checker/branch_3/artifacts/lca_tree_stress_v5/diag_ac3_correctness_capture_current/runs/correctness_fuzz/multi_comb_rect/n64/seed5_L1_Q1
correctness_fuzz,multi_comb_rect,128,1,0,0,1,0,0,1,0.196825,5184,/Users/free_1/Library/Mobile Documents/iCloud~md~obsidian/Documents/cpp-checker/branch_3/artifacts/lca_tree_stress_v5/diag_ac3_correctness_capture_current/runs/correctness_fuzz/multi_comb_rect/n128/seed1_L0_Q0
correctness_fuzz,multi_comb_rect,128,1,0,1,1,0,0,1,0.213223,5152,/Users/free_1/Library/Mobile Documents/iCloud~md~obsidian/Documents/cpp-checker/branch_3/artifacts/lca_tree_stress_v5/diag_ac3_correctness_capture_current/runs/correctness_fuzz/multi_comb_rect/n128/seed1_L0_Q1
correctness_fuzz,multi_comb_rect,128,1,1,0,1,0,0,1,0.230646,6192,/Users/free_1/Library/Mobile Documents/iCloud~md~obsidian/Documents/cpp-checker/branch_3/artifacts/lca_tree_stress_v5/diag_ac3_correctness_capture_current/runs/correctness_fuzz/multi_comb_rect/n128/seed1_L1_Q0
correctness_fuzz,multi_comb_rect,128,1,1,1,1,0,0,1,0.212670,6080,/Users/free_1/Library/Mobile Documents/iCloud~md~obsidian/Documents/cpp-checker/branch_3/artifacts/lca_tree_stress_v5/diag_ac3_correctness_capture_current/runs/correctness_fuzz/multi_comb_rect/n128/seed1_L1_Q1
correctness_fuzz,multi_comb_rect,128,2,0,0,1,0,0,1,0.199039,5200,/Users/free_1/Library/Mobile Documents/iCloud~md~obsidian/Documents/cpp-checker/branch_3/artifacts/lca_tree_stress_v5/diag_ac3_correctness_capture_current/runs/correctness_fuzz/multi_comb_rect/n128/seed2_L0_Q0
correctness_fuzz,multi_comb_rect,128,2,0,1,1,0,0,1,0.192715,5232,/Users/free_1/Library/Mobile Documents/iCloud~md~obsidian/Documents/cpp-checker/branch_3/artifacts/lca_tree_stress_v5/diag_ac3_correctness_capture_current/runs/correctness_fuzz/multi_comb_rect/n128/seed2_L0_Q1
correctness_fuzz,multi_comb_rect,128,2,1,0,1,0,0,1,0.208829,5680,/Users/free_1/Library/Mobile Documents/iCloud~md~obsidian/Documents/cpp-checker/branch_3/artifacts/lca_tree_stress_v5/diag_ac3_correctness_capture_current/runs/correctness_fuzz/multi_comb_rect/n128/seed2_L1_Q0
correctness_fuzz,multi_comb_rect,128,2,1,1,1,0,0,1,0.214462,5680,/Users/free_1/Library/Mobile Documents/iCloud~md~obsidian/Documents/cpp-checker/branch_3/artifacts/lca_tree_stress_v5/diag_ac3_correctness_capture_current/runs/correctness_fuzz/multi_comb_rect/n128/seed2_L1_Q1
correctness_fuzz,multi_comb_rect,128,3,0,0,1,0,0,1,0.239050,5040,/Users/free_1/Library/Mobile Documents/iCloud~md~obsidian/Documents/cpp-checker/branch_3/artifacts/lca_tree_stress_v5/diag_ac3_correctness_capture_current/runs/correctness_fuzz/multi_comb_rect/n128/seed3_L0_Q0
correctness_fuzz,multi_comb_rect,128,3,0,1,1,0,0,1,0.210797,5152,/Users/free_1/Library/Mobile Documents/iCloud~md~obsidian/Documents/cpp-checker/branch_3/artifacts/lca_tree_stress_v5/diag_ac3_correctness_capture_current/runs/correctness_fuzz/multi_comb_rect/n128/seed3_L0_Q1
correctness_fuzz,multi_comb_rect,128,3,1,0,1,0,0,1,0.196598,5904,/Users/free_1/Library/Mobile Documents/iCloud~md~obsidian/Documents/cpp-checker/branch_3/artifacts/lca_tree_stress_v5/diag_ac3_correctness_capture_current/runs/correctness_fuzz/multi_comb_rect/n128/seed3_L1_Q0
correctness_fuzz,multi_comb_rect,128,3,1,1,1,0,0,1,0.211984,5808,/Users/free_1/Library/Mobile Documents/iCloud~md~obsidian/Documents/cpp-checker/branch_3/artifacts/lca_tree_stress_v5/diag_ac3_correctness_capture_current/runs/correctness_fuzz/multi_comb_rect/n128/seed3_L1_Q1
correctness_fuzz,multi_comb_rect,128,4,0,0,1,0,0,1,0.261702,5088,/Users/free_1/Library/Mobile Documents/iCloud~md~obsidian/Documents/cpp-checker/branch_3/artifacts/lca_tree_stress_v5/diag_ac3_correctness_capture_current/runs/correctness_fuzz/multi_comb_rect/n128/seed4_L0_Q0
correctness_fuzz,multi_comb_rect,128,4,0,1,1,0,0,1,0.244465,5104,/Users/free_1/Library/Mobile Documents/iCloud~md~obsidian/Documents/cpp-checker/branch_3/artifacts/lca_tree_stress_v5/diag_ac3_correctness_capture_current/runs/correctness_fuzz/multi_comb_rect/n128/seed4_L0_Q1
correctness_fuzz,multi_comb_rect,128,4,1,0,1,0,0,1,0.211057,5696,/Users/free_1/Library/Mobile Documents/iCloud~md~obsidian/Documents/cpp-checker/branch_3/artifacts/lca_tree_stress_v5/diag_ac3_correctness_capture_current/runs/correctness_fuzz/multi_comb_rect/n128/seed4_L1_Q0
correctness_fuzz,multi_comb_rect,128,4,1,1,1,0,0,1,0.211859,5680,/Users/free_1/Library/Mobile Documents/iCloud~md~obsidian/Documents/cpp-checker/branch_3/artifacts/lca_tree_stress_v5/diag_ac3_correctness_capture_current/runs/correctness_fuzz/multi_comb_rect/n128/seed4_L1_Q1
correctness_fuzz,multi_comb_rect,128,5,0,0,1,0,0,1,0.223069,5056,/Users/free_1/Library/Mobile Documents/iCloud~md~obsidian/Documents/cpp-checker/branch_3/artifacts/lca_tree_stress_v5/diag_ac3_correctness_capture_current/runs/correctness_fuzz/multi_comb_rect/n128/seed5_L0_Q0
correctness_fuzz,multi_comb_rect,128,5,0,1,1,0,0,1,0.202992,5216,/Users/free_1/Library/Mobile Documents/iCloud~md~obsidian/Documents/cpp-checker/branch_3/artifacts/lca_tree_stress_v5/diag_ac3_correctness_capture_current/runs/correctness_fuzz/multi_comb_rect/n128/seed5_L0_Q1
correctness_fuzz,multi_comb_rect,128,5,1,0,1,0,0,1,0.211431,6080,/Users/free_1/Library/Mobile Documents/iCloud~md~obsidian/Documents/cpp-checker/branch_3/artifacts/lca_tree_stress_v5/diag_ac3_correctness_capture_current/runs/correctness_fuzz/multi_comb_rect/n128/seed5_L1_Q0
correctness_fuzz,multi_comb_rect,128,5,1,1,1,0,0,1,0.202841,6000,/Users/free_1/Library/Mobile Documents/iCloud~md~obsidian/Documents/cpp-checker/branch_3/artifacts/lca_tree_stress_v5/diag_ac3_correctness_capture_current/runs/correctness_fuzz/multi_comb_rect/n128/seed5_L1_Q1
correctness_fuzz,multi_comb_rect,256,1,0,0,1,0,0,1,0.261961,11824,/Users/free_1/Library/Mobile Documents/iCloud~md~obsidian/Documents/cpp-checker/branch_3/artifacts/lca_tree_stress_v5/diag_ac3_correctness_capture_current/runs/correctness_fuzz/multi_comb_rect/n256/seed1_L0_Q0
correctness_fuzz,multi_comb_rect,256,1,0,1,1,0,0,1,0.276733,11888,/Users/free_1/Library/Mobile Documents/iCloud~md~obsidian/Documents/cpp-checker/branch_3/artifacts/lca_tree_stress_v5/diag_ac3_correctness_capture_current/runs/correctness_fuzz/multi_comb_rect/n256/seed1_L0_Q1
correctness_fuzz,multi_comb_rect,256,1,1,0,1,0,0,1,0.304852,14672,/Users/free_1/Library/Mobile Documents/iCloud~md~obsidian/Documents/cpp-checker/branch_3/artifacts/lca_tree_stress_v5/diag_ac3_correctness_capture_current/runs/correctness_fuzz/multi_comb_rect/n256/seed1_L1_Q0
correctness_fuzz,multi_comb_rect,256,1,1,1,1,0,0,1,0.307869,14768,/Users/free_1/Library/Mobile Documents/iCloud~md~obsidian/Documents/cpp-checker/branch_3/artifacts/lca_tree_stress_v5/diag_ac3_correctness_capture_current/runs/correctness_fuzz/multi_comb_rect/n256/seed1_L1_Q1
correctness_fuzz,multi_comb_rect,256,2,0,0,1,0,0,1,0.263365,12000,/Users/free_1/Library/Mobile Documents/iCloud~md~obsidian/Documents/cpp-checker/branch_3/artifacts/lca_tree_stress_v5/diag_ac3_correctness_capture_current/runs/correctness_fuzz/multi_comb_rect/n256/seed2_L0_Q0
correctness_fuzz,multi_comb_rect,256,2,0,1,1,0,0,1,0.257378,11904,/Users/free_1/Library/Mobile Documents/iCloud~md~obsidian/Documents/cpp-checker/branch_3/artifacts/lca_tree_stress_v5/diag_ac3_correctness_capture_current/runs/correctness_fuzz/multi_comb_rect/n256/seed2_L0_Q1
correctness_fuzz,multi_comb_rect,256,2,1,0,1,0,0,1,0.325469,15328,/Users/free_1/Library/Mobile Documents/iCloud~md~obsidian/Documents/cpp-checker/branch_3/artifacts/lca_tree_stress_v5/diag_ac3_correctness_capture_current/runs/correctness_fuzz/multi_comb_rect/n256/seed2_L1_Q0
correctness_fuzz,multi_comb_rect,256,2,1,1,1,0,0,1,0.325326,15296,/Users/free_1/Library/Mobile Documents/iCloud~md~obsidian/Documents/cpp-checker/branch_3/artifacts/lca_tree_stress_v5/diag_ac3_correctness_capture_current/runs/correctness_fuzz/multi_comb_rect/n256/seed2_L1_Q1
correctness_fuzz,multi_comb_rect,256,3,0,0,1,0,0,1,0.286651,11856,/Users/free_1/Library/Mobile Documents/iCloud~md~obsidian/Documents/cpp-checker/branch_3/artifacts/lca_tree_stress_v5/diag_ac3_correctness_capture_current/runs/correctness_fuzz/multi_comb_rect/n256/seed3_L0_Q0
correctness_fuzz,multi_comb_rect,256,3,0,1,1,0,0,1,0.264986,11856,/Users/free_1/Library/Mobile Documents/iCloud~md~obsidian/Documents/cpp-checker/branch_3/artifacts/lca_tree_stress_v5/diag_ac3_correctness_capture_current/runs/correctness_fuzz/multi_comb_rect/n256/seed3_L0_Q1
correctness_fuzz,multi_comb_rect,256,3,1,0,1,0,0,1,0.330005,15664,/Users/free_1/Library/Mobile Documents/iCloud~md~obsidian/Documents/cpp-checker/branch_3/artifacts/lca_tree_stress_v5/diag_ac3_correctness_capture_current/runs/correctness_fuzz/multi_comb_rect/n256/seed3_L1_Q0
correctness_fuzz,multi_comb_rect,256,3,1,1,1,0,0,1,0.320975,15648,/Users/free_1/Library/Mobile Documents/iCloud~md~obsidian/Documents/cpp-checker/branch_3/artifacts/lca_tree_stress_v5/diag_ac3_correctness_capture_current/runs/correctness_fuzz/multi_comb_rect/n256/seed3_L1_Q1
correctness_fuzz,multi_comb_rect,256,4,0,0,1,0,0,1,0.299620,11792,/Users/free_1/Library/Mobile Documents/iCloud~md~obsidian/Documents/cpp-checker/branch_3/artifacts/lca_tree_stress_v5/diag_ac3_correctness_capture_current/runs/correctness_fuzz/multi_comb_rect/n256/seed4_L0_Q0
correctness_fuzz,multi_comb_rect,256,4,0,1,1,0,0,1,0.331134,11856,/Users/free_1/Library/Mobile Documents/iCloud~md~obsidian/Documents/cpp-checker/branch_3/artifacts/lca_tree_stress_v5/diag_ac3_correctness_capture_current/runs/correctness_fuzz/multi_comb_rect/n256/seed4_L0_Q1
correctness_fuzz,multi_comb_rect,256,4,1,0,1,0,0,1,0.310698,15232,/Users/free_1/Library/Mobile Documents/iCloud~md~obsidian/Documents/cpp-checker/branch_3/artifacts/lca_tree_stress_v5/diag_ac3_correctness_capture_current/runs/correctness_fuzz/multi_comb_rect/n256/seed4_L1_Q0
correctness_fuzz,multi_comb_rect,256,4,1,1,1,0,0,1,0.320902,15184,/Users/free_1/Library/Mobile Documents/iCloud~md~obsidian/Documents/cpp-checker/branch_3/artifacts/lca_tree_stress_v5/diag_ac3_correctness_capture_current/runs/correctness_fuzz/multi_comb_rect/n256/seed4_L1_Q1
correctness_fuzz,multi_comb_rect,256,5,0,0,1,0,0,1,0.271455,11744,/Users/free_1/Library/Mobile Documents/iCloud~md~obsidian/Documents/cpp-checker/branch_3/artifacts/lca_tree_stress_v5/diag_ac3_correctness_capture_current/runs/correctness_fuzz/multi_comb_rect/n256/seed5_L0_Q0
correctness_fuzz,multi_comb_rect,256,5,0,1,1,0,0,1,0.282969,11712,/Users/free_1/Library/Mobile Documents/iCloud~md~obsidian/Documents/cpp-checker/branch_3/artifacts/lca_tree_stress_v5/diag_ac3_correctness_capture_current/runs/correctness_fuzz/multi_comb_rect/n256/seed5_L0_Q1
correctness_fuzz,multi_comb_rect,256,5,1,0,1,0,0,1,0.316254,15104,/Users/free_1/Library/Mobile Documents/iCloud~md~obsidian/Documents/cpp-checker/branch_3/artifacts/lca_tree_stress_v5/diag_ac3_correctness_capture_current/runs/correctness_fuzz/multi_comb_rect/n256/seed5_L1_Q0
correctness_fuzz,multi_comb_rect,256,5,1,1,1,0,0,1,0.326430,15136,/Users/free_1/Library/Mobile Documents/iCloud~md~obsidian/Documents/cpp-checker/branch_3/artifacts/lca_tree_stress_v5/diag_ac3_correctness_capture_current/runs/correctness_fuzz/multi_comb_rect/n256/seed5_L1_Q1
correctness_fuzz,multi_comb_rect,512,1,0,0,1,0,0,1,0.621051,40784,/Users/free_1/Library/Mobile Documents/iCloud~md~obsidian/Documents/cpp-checker/branch_3/artifacts/lca_tree_stress_v5/diag_ac3_correctness_capture_current/runs/correctness_fuzz/multi_comb_rect/n512/seed1_L0_Q0
correctness_fuzz,multi_comb_rect,512,1,0,1,1,0,0,1,0.631376,40896,/Users/free_1/Library/Mobile Documents/iCloud~md~obsidian/Documents/cpp-checker/branch_3/artifacts/lca_tree_stress_v5/diag_ac3_correctness_capture_current/runs/correctness_fuzz/multi_comb_rect/n512/seed1_L0_Q1
correctness_fuzz,multi_comb_rect,512,1,1,0,1,0,0,1,0.772659,60448,/Users/free_1/Library/Mobile Documents/iCloud~md~obsidian/Documents/cpp-checker/branch_3/artifacts/lca_tree_stress_v5/diag_ac3_correctness_capture_current/runs/correctness_fuzz/multi_comb_rect/n512/seed1_L1_Q0
correctness_fuzz,multi_comb_rect,512,1,1,1,1,0,0,1,0.780826,60352,/Users/free_1/Library/Mobile Documents/iCloud~md~obsidian/Documents/cpp-checker/branch_3/artifacts/lca_tree_stress_v5/diag_ac3_correctness_capture_current/runs/correctness_fuzz/multi_comb_rect/n512/seed1_L1_Q1
correctness_fuzz,multi_comb_rect,512,2,0,0,1,0,0,1,0.657823,40704,/Users/free_1/Library/Mobile Documents/iCloud~md~obsidian/Documents/cpp-checker/branch_3/artifacts/lca_tree_stress_v5/diag_ac3_correctness_capture_current/runs/correctness_fuzz/multi_comb_rect/n512/seed2_L0_Q0
correctness_fuzz,multi_comb_rect,512,2,0,1,1,0,0,1,0.600986,40576,/Users/free_1/Library/Mobile Documents/iCloud~md~obsidian/Documents/cpp-checker/branch_3/artifacts/lca_tree_stress_v5/diag_ac3_correctness_capture_current/runs/correctness_fuzz/multi_comb_rect/n512/seed2_L0_Q1
correctness_fuzz,multi_comb_rect,512,2,1,0,1,0,0,1,0.818054,58448,/Users/free_1/Library/Mobile Documents/iCloud~md~obsidian/Documents/cpp-checker/branch_3/artifacts/lca_tree_stress_v5/diag_ac3_correctness_capture_current/runs/correctness_fuzz/multi_comb_rect/n512/seed2_L1_Q0
correctness_fuzz,multi_comb_rect,512,2,1,1,1,0,0,1,0.770300,57888,/Users/free_1/Library/Mobile Documents/iCloud~md~obsidian/Documents/cpp-checker/branch_3/artifacts/lca_tree_stress_v5/diag_ac3_correctness_capture_current/runs/correctness_fuzz/multi_comb_rect/n512/seed2_L1_Q1
correctness_fuzz,multi_comb_rect,512,3,0,0,1,0,0,1,0.674802,40832,/Users/free_1/Library/Mobile Documents/iCloud~md~obsidian/Documents/cpp-checker/branch_3/artifacts/lca_tree_stress_v5/diag_ac3_correctness_capture_current/runs/correctness_fuzz/multi_comb_rect/n512/seed3_L0_Q0
correctness_fuzz,multi_comb_rect,512,3,0,1,1,0,0,1,0.651985,40736,/Users/free_1/Library/Mobile Documents/iCloud~md~obsidian/Documents/cpp-checker/branch_3/artifacts/lca_tree_stress_v5/diag_ac3_correctness_capture_current/runs/correctness_fuzz/multi_comb_rect/n512/seed3_L0_Q1
correctness_fuzz,multi_comb_rect,512,3,1,0,1,0,0,1,0.534697,38016,/Users/free_1/Library/Mobile Documents/iCloud~md~obsidian/Documents/cpp-checker/branch_3/artifacts/lca_tree_stress_v5/diag_ac3_correctness_capture_current/runs/correctness_fuzz/multi_comb_rect/n512/seed3_L1_Q0
correctness_fuzz,multi_comb_rect,512,3,1,1,1,0,0,1,0.525255,38048,/Users/free_1/Library/Mobile Documents/iCloud~md~obsidian/Documents/cpp-checker/branch_3/artifacts/lca_tree_stress_v5/diag_ac3_correctness_capture_current/runs/correctness_fuzz/multi_comb_rect/n512/seed3_L1_Q1
correctness_fuzz,multi_comb_rect,512,4,0,0,1,0,0,1,0.618997,40880,/Users/free_1/Library/Mobile Documents/iCloud~md~obsidian/Documents/cpp-checker/branch_3/artifacts/lca_tree_stress_v5/diag_ac3_correctness_capture_current/runs/correctness_fuzz/multi_comb_rect/n512/seed4_L0_Q0
correctness_fuzz,multi_comb_rect,512,4,0,1,1,0,0,1,0.635645,40960,/Users/free_1/Library/Mobile Documents/iCloud~md~obsidian/Documents/cpp-checker/branch_3/artifacts/lca_tree_stress_v5/diag_ac3_correctness_capture_current/runs/correctness_fuzz/multi_comb_rect/n512/seed4_L0_Q1
correctness_fuzz,multi_comb_rect,512,4,1,0,1,0,0,1,0.745405,58288,/Users/free_1/Library/Mobile Documents/iCloud~md~obsidian/Documents/cpp-checker/branch_3/artifacts/lca_tree_stress_v5/diag_ac3_correctness_capture_current/runs/correctness_fuzz/multi_comb_rect/n512/seed4_L1_Q0
correctness_fuzz,multi_comb_rect,512,4,1,1,1,0,0,1,0.750553,58256,/Users/free_1/Library/Mobile Documents/iCloud~md~obsidian/Documents/cpp-checker/branch_3/artifacts/lca_tree_stress_v5/diag_ac3_correctness_capture_current/runs/correctness_fuzz/multi_comb_rect/n512/seed4_L1_Q1
correctness_fuzz,multi_comb_rect,512,5,0,0,1,0,0,1,0.657389,40864,/Users/free_1/Library/Mobile Documents/iCloud~md~obsidian/Documents/cpp-checker/branch_3/artifacts/lca_tree_stress_v5/diag_ac3_correctness_capture_current/runs/correctness_fuzz/multi_comb_rect/n512/seed5_L0_Q0
correctness_fuzz,multi_comb_rect,512,5,0,1,1,0,0,1,0.668034,40960,/Users/free_1/Library/Mobile Documents/iCloud~md~obsidian/Documents/cpp-checker/branch_3/artifacts/lca_tree_stress_v5/diag_ac3_correctness_capture_current/runs/correctness_fuzz/multi_comb_rect/n512/seed5_L0_Q1
correctness_fuzz,multi_comb_rect,512,5,1,0,1,0,0,1,0.608503,46656,/Users/free_1/Library/Mobile Documents/iCloud~md~obsidian/Documents/cpp-checker/branch_3/artifacts/lca_tree_stress_v5/diag_ac3_correctness_capture_current/runs/correctness_fuzz/multi_comb_rect/n512/seed5_L1_Q0
correctness_fuzz,multi_comb_rect,512,5,1,1,1,0,0,1,0.606007,46608,/Users/free_1/Library/Mobile Documents/iCloud~md~obsidian/Documents/cpp-checker/branch_3/artifacts/lca_tree_stress_v5/diag_ac3_correctness_capture_current/runs/correctness_fuzz/multi_comb_rect/n512/seed5_L1_Q1
correctness_fuzz,multi_comb_rect,1024,1,0,0,1,-9,1,0,,,/Users/free_1/Library/Mobile Documents/iCloud~md~obsidian/Documents/cpp-checker/branch_3/artifacts/lca_tree_stress_v5/diag_ac3_correctness_capture_current/runs/correctness_fuzz/multi_comb_rect/n1024/seed1_L0_Q0
correctness_fuzz,multi_comb_rect,1024,1,0,1,1,-9,1,0,,,/Users/free_1/Library/Mobile Documents/iCloud~md~obsidian/Documents/cpp-checker/branch_3/artifacts/lca_tree_stress_v5/diag_ac3_correctness_capture_current/runs/correctness_fuzz/multi_comb_rect/n1024/seed1_L0_Q1
correctness_fuzz,multi_comb_rect,1024,1,1,0,1,-9,1,0,,,/Users/free_1/Library/Mobile Documents/iCloud~md~obsidian/Documents/cpp-checker/branch_3/artifacts/lca_tree_stress_v5/diag_ac3_correctness_capture_current/runs/correctness_fuzz/multi_comb_rect/n1024/seed1_L1_Q0
correctness_fuzz,multi_comb_rect,1024,1,1,1,1,-9,1,0,,,/Users/free_1/Library/Mobile Documents/iCloud~md~obsidian/Documents/cpp-checker/branch_3/artifacts/lca_tree_stress_v5/diag_ac3_correctness_capture_current/runs/correctness_fuzz/multi_comb_rect/n1024/seed1_L1_Q1
correctness_fuzz,multi_comb_rect,1024,2,0,0,1,-9,1,0,,,/Users/free_1/Library/Mobile Documents/iCloud~md~obsidian/Documents/cpp-checker/branch_3/artifacts/lca_tree_stress_v5/diag_ac3_correctness_capture_current/runs/correctness_fuzz/multi_comb_rect/n1024/seed2_L0_Q0
correctness_fuzz,multi_comb_rect,1024,2,0,1,1,-9,1,0,,,/Users/free_1/Library/Mobile Documents/iCloud~md~obsidian/Documents/cpp-checker/branch_3/artifacts/lca_tree_stress_v5/diag_ac3_correctness_capture_current/runs/correctness_fuzz/multi_comb_rect/n1024/seed2_L0_Q1
correctness_fuzz,multi_comb_rect,1024,2,1,0,1,-9,1,0,,,/Users/free_1/Library/Mobile Documents/iCloud~md~obsidian/Documents/cpp-checker/branch_3/artifacts/lca_tree_stress_v5/diag_ac3_correctness_capture_current/runs/correctness_fuzz/multi_comb_rect/n1024/seed2_L1_Q0
correctness_fuzz,multi_comb_rect,1024,2,1,1,1,-9,1,0,,,/Users/free_1/Library/Mobile Documents/iCloud~md~obsidian/Documents/cpp-checker/branch_3/artifacts/lca_tree_stress_v5/diag_ac3_correctness_capture_current/runs/correctness_fuzz/multi_comb_rect/n1024/seed2_L1_Q1
correctness_fuzz,multi_comb_rect,1024,3,0,0,1,-9,1,0,,,/Users/free_1/Library/Mobile Documents/iCloud~md~obsidian/Documents/cpp-checker/branch_3/artifacts/lca_tree_stress_v5/diag_ac3_correctness_capture_current/runs/correctness_fuzz/multi_comb_rect/n1024/seed3_L0_Q0
correctness_fuzz,multi_comb_rect,1024,3,0,1,1,-9,1,0,,,/Users/free_1/Library/Mobile Documents/iCloud~md~obsidian/Documents/cpp-checker/branch_3/artifacts/lca_tree_stress_v5/diag_ac3_correctness_capture_current/runs/correctness_fuzz/multi_comb_rect/n1024/seed3_L0_Q1
correctness_fuzz,multi_comb_rect,1024,3,1,0,1,-9,1,0,,,/Users/free_1/Library/Mobile Documents/iCloud~md~obsidian/Documents/cpp-checker/branch_3/artifacts/lca_tree_stress_v5/diag_ac3_correctness_capture_current/runs/correctness_fuzz/multi_comb_rect/n1024/seed3_L1_Q0
correctness_fuzz,multi_comb_rect,1024,3,1,1,1,-9,1,0,,,/Users/free_1/Library/Mobile Documents/iCloud~md~obsidian/Documents/cpp-checker/branch_3/artifacts/lca_tree_stress_v5/diag_ac3_correctness_capture_current/runs/correctness_fuzz/multi_comb_rect/n1024/seed3_L1_Q1
correctness_fuzz,multi_comb_rect,1024,4,0,0,1,-9,1,0,,,/Users/free_1/Library/Mobile Documents/iCloud~md~obsidian/Documents/cpp-checker/branch_3/artifacts/lca_tree_stress_v5/diag_ac3_correctness_capture_current/runs/correctness_fuzz/multi_comb_rect/n1024/seed4_L0_Q0
correctness_fuzz,multi_comb_rect,1024,4,0,1,1,-9,1,0,,,/Users/free_1/Library/Mobile Documents/iCloud~md~obsidian/Documents/cpp-checker/branch_3/artifacts/lca_tree_stress_v5/diag_ac3_correctness_capture_current/runs/correctness_fuzz/multi_comb_rect/n1024/seed4_L0_Q1
correctness_fuzz,multi_comb_rect,1024,4,1,0,1,-9,1,0,,,/Users/free_1/Library/Mobile Documents/iCloud~md~obsidian/Documents/cpp-checker/branch_3/artifacts/lca_tree_stress_v5/diag_ac3_correctness_capture_current/runs/correctness_fuzz/multi_comb_rect/n1024/seed4_L1_Q0
correctness_fuzz,multi_comb_rect,1024,4,1,1,1,-9,1,0,,,/Users/free_1/Library/Mobile Documents/iCloud~md~obsidian/Documents/cpp-checker/branch_3/artifacts/lca_tree_stress_v5/diag_ac3_correctness_capture_current/runs/correctness_fuzz/multi_comb_rect/n1024/seed4_L1_Q1
correctness_fuzz,multi_comb_rect,1024,5,0,0,1,-9,1,0,,,/Users/free_1/Library/Mobile Documents/iCloud~md~obsidian/Documents/cpp-checker/branch_3/artifacts/lca_tree_stress_v5/diag_ac3_correctness_capture_current/runs/correctness_fuzz/multi_comb_rect/n1024/seed5_L0_Q0
correctness_fuzz,multi_comb_rect,1024,5,0,1,1,-9,1,0,,,/Users/free_1/Library/Mobile Documents/iCloud~md~obsidian/Documents/cpp-checker/branch_3/artifacts/lca_tree_stress_v5/diag_ac3_correctness_capture_current/runs/correctness_fuzz/multi_comb_rect/n1024/seed5_L0_Q1
correctness_fuzz,multi_comb_rect,1024,5,1,0,1,-9,1,0,,,/Users/free_1/Library/Mobile Documents/iCloud~md~obsidian/Documents/cpp-checker/branch_3/artifacts/lca_tree_stress_v5/diag_ac3_correctness_capture_current/runs/correctness_fuzz/multi_comb_rect/n1024/seed5_L1_Q0
correctness_fuzz,multi_comb_rect,1024,5,1,1,1,-9,1,0,,,/Users/free_1/Library/Mobile Documents/iCloud~md~obsidian/Documents/cpp-checker/branch_3/artifacts/lca_tree_stress_v5/diag_ac3_correctness_capture_current/runs/correctness_fuzz/multi_comb_rect/n1024/seed5_L1_Q1
correctness_fuzz,multi_comb_cap,64,1,0,0,1,0,0,1,0.163351,3056,/Users/free_1/Library/Mobile Documents/iCloud~md~obsidian/Documents/cpp-checker/branch_3/artifacts/lca_tree_stress_v5/diag_ac3_correctness_capture_current/runs/correctness_fuzz/multi_comb_cap/n64/seed1_L0_Q0
correctness_fuzz,multi_comb_cap,64,1,0,1,1,0,0,1,0.164764,3024,/Users/free_1/Library/Mobile Documents/iCloud~md~obsidian/Documents/cpp-checker/branch_3/artifacts/lca_tree_stress_v5/diag_ac3_correctness_capture_current/runs/correctness_fuzz/multi_comb_cap/n64/seed1_L0_Q1
correctness_fuzz,multi_comb_cap,64,1,1,0,1,0,0,1,0.167801,3232,/Users/free_1/Library/Mobile Documents/iCloud~md~obsidian/Documents/cpp-checker/branch_3/artifacts/lca_tree_stress_v5/diag_ac3_correctness_capture_current/runs/correctness_fuzz/multi_comb_cap/n64/seed1_L1_Q0
correctness_fuzz,multi_comb_cap,64,1,1,1,1,0,0,1,0.167954,3200,/Users/free_1/Library/Mobile Documents/iCloud~md~obsidian/Documents/cpp-checker/branch_3/artifacts/lca_tree_stress_v5/diag_ac3_correctness_capture_current/runs/correctness_fuzz/multi_comb_cap/n64/seed1_L1_Q1
correctness_fuzz,multi_comb_cap,64,2,0,0,1,0,0,1,0.161379,3088,/Users/free_1/Library/Mobile Documents/iCloud~md~obsidian/Documents/cpp-checker/branch_3/artifacts/lca_tree_stress_v5/diag_ac3_correctness_capture_current/runs/correctness_fuzz/multi_comb_cap/n64/seed2_L0_Q0
correctness_fuzz,multi_comb_cap,64,2,0,1,1,0,0,1,0.194238,3088,/Users/free_1/Library/Mobile Documents/iCloud~md~obsidian/Documents/cpp-checker/branch_3/artifacts/lca_tree_stress_v5/diag_ac3_correctness_capture_current/runs/correctness_fuzz/multi_comb_cap/n64/seed2_L0_Q1
correctness_fuzz,multi_comb_cap,64,2,1,0,1,0,0,1,0.209489,3296,/Users/free_1/Library/Mobile Documents/iCloud~md~obsidian/Documents/cpp-checker/branch_3/artifacts/lca_tree_stress_v5/diag_ac3_correctness_capture_current/runs/correctness_fuzz/multi_comb_cap/n64/seed2_L1_Q0
correctness_fuzz,multi_comb_cap,64,2,1,1,1,0,0,1,0.167008,3280,/Users/free_1/Library/Mobile Documents/iCloud~md~obsidian/Documents/cpp-checker/branch_3/artifacts/lca_tree_stress_v5/diag_ac3_correctness_capture_current/runs/correctness_fuzz/multi_comb_cap/n64/seed2_L1_Q1
correctness_fuzz,multi_comb_cap,64,3,0,0,1,0,0,1,0.162994,3024,/Users/free_1/Library/Mobile Documents/iCloud~md~obsidian/Documents/cpp-checker/branch_3/artifacts/lca_tree_stress_v5/diag_ac3_correctness_capture_current/runs/correctness_fuzz/multi_comb_cap/n64/seed3_L0_Q0
correctness_fuzz,multi_comb_cap,64,3,0,1,1,0,0,1,0.169191,3120,/Users/free_1/Library/Mobile Documents/iCloud~md~obsidian/Documents/cpp-checker/branch_3/artifacts/lca_tree_stress_v5/diag_ac3_correctness_capture_current/runs/correctness_fuzz/multi_comb_cap/n64/seed3_L0_Q1
correctness_fuzz,multi_comb_cap,64,3,1,0,1,0,0,1,0.172918,3216,/Users/free_1/Library/Mobile Documents/iCloud~md~obsidian/Documents/cpp-checker/branch_3/artifacts/lca_tree_stress_v5/diag_ac3_correctness_capture_current/runs/correctness_fuzz/multi_comb_cap/n64/seed3_L1_Q0
correctness_fuzz,multi_comb_cap,64,3,1,1,1,0,0,1,0.166359,3184,/Users/free_1/Library/Mobile Documents/iCloud~md~obsidian/Documents/cpp-checker/branch_3/artifacts/lca_tree_stress_v5/diag_ac3_correctness_capture_current/runs/correctness_fuzz/multi_comb_cap/n64/seed3_L1_Q1
correctness_fuzz,multi_comb_cap,64,4,0,0,1,0,0,1,0.171931,3120,/Users/free_1/Library/Mobile Documents/iCloud~md~obsidian/Documents/cpp-checker/branch_3/artifacts/lca_tree_stress_v5/diag_ac3_correctness_capture_current/runs/correctness_fuzz/multi_comb_cap/n64/seed4_L0_Q0
correctness_fuzz,multi_comb_cap,64,4,0,1,1,0,0,1,0.168777,3088,/Users/free_1/Library/Mobile Documents/iCloud~md~obsidian/Documents/cpp-checker/branch_3/artifacts/lca_tree_stress_v5/diag_ac3_correctness_capture_current/runs/correctness_fuzz/multi_comb_cap/n64/seed4_L0_Q1
correctness_fuzz,multi_comb_cap,64,4,1,0,1,0,0,1,0.160984,3200,/Users/free_1/Library/Mobile Documents/iCloud~md~obsidian/Documents/cpp-checker/branch_3/artifacts/lca_tree_stress_v5/diag_ac3_correctness_capture_current/runs/correctness_fuzz/multi_comb_cap/n64/seed4_L1_Q0
correctness_fuzz,multi_comb_cap,64,4,1,1,1,0,0,1,0.159190,3248,/Users/free_1/Library/Mobile Documents/iCloud~md~obsidian/Documents/cpp-checker/branch_3/artifacts/lca_tree_stress_v5/diag_ac3_correctness_capture_current/runs/correctness_fuzz/multi_comb_cap/n64/seed4_L1_Q1
correctness_fuzz,multi_comb_cap,64,5,0,0,1,0,0,1,0.155627,3136,/Users/free_1/Library/Mobile Documents/iCloud~md~obsidian/Documents/cpp-checker/branch_3/artifacts/lca_tree_stress_v5/diag_ac3_correctness_capture_current/runs/correctness_fuzz/multi_comb_cap/n64/seed5_L0_Q0
correctness_fuzz,multi_comb_cap,64,5,0,1,1,0,0,1,0.158679,3088,/Users/free_1/Library/Mobile Documents/iCloud~md~obsidian/Documents/cpp-checker/branch_3/artifacts/lca_tree_stress_v5/diag_ac3_correctness_capture_current/runs/correctness_fuzz/multi_comb_cap/n64/seed5_L0_Q1
correctness_fuzz,multi_comb_cap,64,5,1,0,1,0,0,1,0.171316,3296,/Users/free_1/Library/Mobile Documents/iCloud~md~obsidian/Documents/cpp-checker/branch_3/artifacts/lca_tree_stress_v5/diag_ac3_correctness_capture_current/runs/correctness_fuzz/multi_comb_cap/n64/seed5_L1_Q0
correctness_fuzz,multi_comb_cap,64,5,1,1,1,0,0,1,0.164250,3296,/Users/free_1/Library/Mobile Documents/iCloud~md~obsidian/Documents/cpp-checker/branch_3/artifacts/lca_tree_stress_v5/diag_ac3_correctness_capture_current/runs/correctness_fuzz/multi_comb_cap/n64/seed5_L1_Q1
correctness_fuzz,multi_comb_cap,128,1,0,0,1,0,0,1,0.164726,4432,/Users/free_1/Library/Mobile Documents/iCloud~md~obsidian/Documents/cpp-checker/branch_3/artifacts/lca_tree_stress_v5/diag_ac3_correctness_capture_current/runs/correctness_fuzz/multi_comb_cap/n128/seed1_L0_Q0
correctness_fuzz,multi_comb_cap,128,1,0,1,1,0,0,1,0.170552,4464,/Users/free_1/Library/Mobile Documents/iCloud~md~obsidian/Documents/cpp-checker/branch_3/artifacts/lca_tree_stress_v5/diag_ac3_correctness_capture_current/runs/correctness_fuzz/multi_comb_cap/n128/seed1_L0_Q1
correctness_fuzz,multi_comb_cap,128,1,1,0,1,0,0,1,0.174368,4848,/Users/free_1/Library/Mobile Documents/iCloud~md~obsidian/Documents/cpp-checker/branch_3/artifacts/lca_tree_stress_v5/diag_ac3_correctness_capture_current/runs/correctness_fuzz/multi_comb_cap/n128/seed1_L1_Q0
correctness_fuzz,multi_comb_cap,128,1,1,1,1,0,0,1,0.172021,4864,/Users/free_1/Library/Mobile Documents/iCloud~md~obsidian/Documents/cpp-checker/branch_3/artifacts/lca_tree_stress_v5/diag_ac3_correctness_capture_current/runs/correctness_fuzz/multi_comb_cap/n128/seed1_L1_Q1
correctness_fuzz,multi_comb_cap,128,2,0,0,1,0,0,1,0.172598,4480,/Users/free_1/Library/Mobile Documents/iCloud~md~obsidian/Documents/cpp-checker/branch_3/artifacts/lca_tree_stress_v5/diag_ac3_correctness_capture_current/runs/correctness_fuzz/multi_comb_cap/n128/seed2_L0_Q0
correctness_fuzz,multi_comb_cap,128,2,0,1,1,0,0,1,0.181779,4512,/Users/free_1/Library/Mobile Documents/iCloud~md~obsidian/Documents/cpp-checker/branch_3/artifacts/lca_tree_stress_v5/diag_ac3_correctness_capture_current/runs/correctness_fuzz/multi_comb_cap/n128/seed2_L0_Q1
correctness_fuzz,multi_comb_cap,128,2,1,0,1,0,0,1,0.168109,4688,/Users/free_1/Library/Mobile Documents/iCloud~md~obsidian/Documents/cpp-checker/branch_3/artifacts/lca_tree_stress_v5/diag_ac3_correctness_capture_current/runs/correctness_fuzz/multi_comb_cap/n128/seed2_L1_Q0
correctness_fuzz,multi_comb_cap,128,2,1,1,1,0,0,1,0.179010,4672,/Users/free_1/Library/Mobile Documents/iCloud~md~obsidian/Documents/cpp-checker/branch_3/artifacts/lca_tree_stress_v5/diag_ac3_correctness_capture_current/runs/correctness_fuzz/multi_comb_cap/n128/seed2_L1_Q1
correctness_fuzz,multi_comb_cap,128,3,0,0,1,0,0,1,0.186320,4496,/Users/free_1/Library/Mobile Documents/iCloud~md~obsidian/Documents/cpp-checker/branch_3/artifacts/lca_tree_stress_v5/diag_ac3_correctness_capture_current/runs/correctness_fuzz/multi_comb_cap/n128/seed3_L0_Q0
correctness_fuzz,multi_comb_cap,128,3,0,1,1,0,0,1,0.175297,4496,/Users/free_1/Library/Mobile Documents/iCloud~md~obsidian/Documents/cpp-checker/branch_3/artifacts/lca_tree_stress_v5/diag_ac3_correctness_capture_current/runs/correctness_fuzz/multi_comb_cap/n128/seed3_L0_Q1
correctness_fuzz,multi_comb_cap,128,3,1,0,1,0,0,1,0.198849,4896,/Users/free_1/Library/Mobile Documents/iCloud~md~obsidian/Documents/cpp-checker/branch_3/artifacts/lca_tree_stress_v5/diag_ac3_correctness_capture_current/runs/correctness_fuzz/multi_comb_cap/n128/seed3_L1_Q0
correctness_fuzz,multi_comb_cap,128,3,1,1,1,0,0,1,0.217467,4912,/Users/free_1/Library/Mobile Documents/iCloud~md~obsidian/Documents/cpp-checker/branch_3/artifacts/lca_tree_stress_v5/diag_ac3_correctness_capture_current/runs/correctness_fuzz/multi_comb_cap/n128/seed3_L1_Q1
correctness_fuzz,multi_comb_cap,128,4,0,0,1,0,0,1,0.178838,4496,/Users/free_1/Library/Mobile Documents/iCloud~md~obsidian/Documents/cpp-checker/branch_3/artifacts/lca_tree_stress_v5/diag_ac3_correctness_capture_current/runs/correctness_fuzz/multi_comb_cap/n128/seed4_L0_Q0
correctness_fuzz,multi_comb_cap,128,4,0,1,1,0,0,1,0.189628,4496,/Users/free_1/Library/Mobile Documents/iCloud~md~obsidian/Documents/cpp-checker/branch_3/artifacts/lca_tree_stress_v5/diag_ac3_correctness_capture_current/runs/correctness_fuzz/multi_comb_cap/n128/seed4_L0_Q1
correctness_fuzz,multi_comb_cap,128,4,1,0,1,0,0,1,0.173202,4928,/Users/free_1/Library/Mobile Documents/iCloud~md~obsidian/Documents/cpp-checker/branch_3/artifacts/lca_tree_stress_v5/diag_ac3_correctness_capture_current/runs/correctness_fuzz/multi_comb_cap/n128/seed4_L1_Q0
correctness_fuzz,multi_comb_cap,128,4,1,1,1,0,0,1,0.187608,4784,/Users/free_1/Library/Mobile Documents/iCloud~md~obsidian/Documents/cpp-checker/branch_3/artifacts/lca_tree_stress_v5/diag_ac3_correctness_capture_current/runs/correctness_fuzz/multi_comb_cap/n128/seed4_L1_Q1
correctness_fuzz,multi_comb_cap,128,5,0,0,1,0,0,1,0.168204,4528,/Users/free_1/Library/Mobile Documents/iCloud~md~obsidian/Documents/cpp-checker/branch_3/artifacts/lca_tree_stress_v5/diag_ac3_correctness_capture_current/runs/correctness_fuzz/multi_comb_cap/n128/seed5_L0_Q0
correctness_fuzz,multi_comb_cap,128,5,0,1,1,0,0,1,0.186407,4528,/Users/free_1/Library/Mobile Documents/iCloud~md~obsidian/Documents/cpp-checker/branch_3/artifacts/lca_tree_stress_v5/diag_ac3_correctness_capture_current/runs/correctness_fuzz/multi_comb_cap/n128/seed5_L0_Q1
correctness_fuzz,multi_comb_cap,128,5,1,0,1,0,0,1,0.177856,4800,/Users/free_1/Library/Mobile Documents/iCloud~md~obsidian/Documents/cpp-checker/branch_3/artifacts/lca_tree_stress_v5/diag_ac3_correctness_capture_current/runs/correctness_fuzz/multi_comb_cap/n128/seed5_L1_Q0
correctness_fuzz,multi_comb_cap,128,5,1,1,1,0,0,1,0.176389,4800,/Users/free_1/Library/Mobile Documents/iCloud~md~obsidian/Documents/cpp-checker/branch_3/artifacts/lca_tree_stress_v5/diag_ac3_correctness_capture_current/runs/correctness_fuzz/multi_comb_cap/n128/seed5_L1_Q1
correctness_fuzz,multi_comb_cap,256,1,0,0,1,0,0,1,0.202283,8640,/Users/free_1/Library/Mobile Documents/iCloud~md~obsidian/Documents/cpp-checker/branch_3/artifacts/lca_tree_stress_v5/diag_ac3_correctness_capture_current/runs/correctness_fuzz/multi_comb_cap/n256/seed1_L0_Q0
correctness_fuzz,multi_comb_cap,256,1,0,1,1,0,0,1,0.220464,8640,/Users/free_1/Library/Mobile Documents/iCloud~md~obsidian/Documents/cpp-checker/branch_3/artifacts/lca_tree_stress_v5/diag_ac3_correctness_capture_current/runs/correctness_fuzz/multi_comb_cap/n256/seed1_L0_Q1
correctness_fuzz,multi_comb_cap,256,1,1,0,1,0,0,1,0.239547,10096,/Users/free_1/Library/Mobile Documents/iCloud~md~obsidian/Documents/cpp-checker/branch_3/artifacts/lca_tree_stress_v5/diag_ac3_correctness_capture_current/runs/correctness_fuzz/multi_comb_cap/n256/seed1_L1_Q0
correctness_fuzz,multi_comb_cap,256,1,1,1,1,0,0,1,0.231222,10112,/Users/free_1/Library/Mobile Documents/iCloud~md~obsidian/Documents/cpp-checker/branch_3/artifacts/lca_tree_stress_v5/diag_ac3_correctness_capture_current/runs/correctness_fuzz/multi_comb_cap/n256/seed1_L1_Q1
correctness_fuzz,multi_comb_cap,256,2,0,0,1,0,0,1,0.206016,8608,/Users/free_1/Library/Mobile Documents/iCloud~md~obsidian/Documents/cpp-checker/branch_3/artifacts/lca_tree_stress_v5/diag_ac3_correctness_capture_current/runs/correctness_fuzz/multi_comb_cap/n256/seed2_L0_Q0
correctness_fuzz,multi_comb_cap,256,2,0,1,1,0,0,1,0.213843,8544,/Users/free_1/Library/Mobile Documents/iCloud~md~obsidian/Documents/cpp-checker/branch_3/artifacts/lca_tree_stress_v5/diag_ac3_correctness_capture_current/runs/correctness_fuzz/multi_comb_cap/n256/seed2_L0_Q1
correctness_fuzz,multi_comb_cap,256,2,1,0,1,0,0,1,0.229179,10208,/Users/free_1/Library/Mobile Documents/iCloud~md~obsidian/Documents/cpp-checker/branch_3/artifacts/lca_tree_stress_v5/diag_ac3_correctness_capture_current/runs/correctness_fuzz/multi_comb_cap/n256/seed2_L1_Q0
correctness_fuzz,multi_comb_cap,256,2,1,1,1,0,0,1,0.234598,10304,/Users/free_1/Library/Mobile Documents/iCloud~md~obsidian/Documents/cpp-checker/branch_3/artifacts/lca_tree_stress_v5/diag_ac3_correctness_capture_current/runs/correctness_fuzz/multi_comb_cap/n256/seed2_L1_Q1
correctness_fuzz,multi_comb_cap,256,3,0,0,1,0,0,1,0.216013,8528,/Users/free_1/Library/Mobile Documents/iCloud~md~obsidian/Documents/cpp-checker/branch_3/artifacts/lca_tree_stress_v5/diag_ac3_correctness_capture_current/runs/correctness_fuzz/multi_comb_cap/n256/seed3_L0_Q0
correctness_fuzz,multi_comb_cap,256,3,0,1,1,0,0,1,0.203158,8576,/Users/free_1/Library/Mobile Documents/iCloud~md~obsidian/Documents/cpp-checker/branch_3/artifacts/lca_tree_stress_v5/diag_ac3_correctness_capture_current/runs/correctness_fuzz/multi_comb_cap/n256/seed3_L0_Q1
correctness_fuzz,multi_comb_cap,256,3,1,0,1,0,0,1,0.231969,9952,/Users/free_1/Library/Mobile Documents/iCloud~md~obsidian/Documents/cpp-checker/branch_3/artifacts/lca_tree_stress_v5/diag_ac3_correctness_capture_current/runs/correctness_fuzz/multi_comb_cap/n256/seed3_L1_Q0
correctness_fuzz,multi_comb_cap,256,3,1,1,1,0,0,1,0.225287,10080,/Users/free_1/Library/Mobile Documents/iCloud~md~obsidian/Documents/cpp-checker/branch_3/artifacts/lca_tree_stress_v5/diag_ac3_correctness_capture_current/runs/correctness_fuzz/multi_comb_cap/n256/seed3_L1_Q1
correctness_fuzz,multi_comb_cap,256,4,0,0,1,0,0,1,0.213075,8528,/Users/free_1/Library/Mobile Documents/iCloud~md~obsidian/Documents/cpp-checker/branch_3/artifacts/lca_tree_stress_v5/diag_ac3_correctness_capture_current/runs/correctness_fuzz/multi_comb_cap/n256/seed4_L0_Q0
correctness_fuzz,multi_comb_cap,256,4,0,1,1,0,0,1,0.208263,8528,/Users/free_1/Library/Mobile Documents/iCloud~md~obsidian/Documents/cpp-checker/branch_3/artifacts/lca_tree_stress_v5/diag_ac3_correctness_capture_current/runs/correctness_fuzz/multi_comb_cap/n256/seed4_L0_Q1
correctness_fuzz,multi_comb_cap,256,4,1,0,1,0,0,1,0.256675,9616,/Users/free_1/Library/Mobile Documents/iCloud~md~obsidian/Documents/cpp-checker/branch_3/artifacts/lca_tree_stress_v5/diag_ac3_correctness_capture_current/runs/correctness_fuzz/multi_comb_cap/n256/seed4_L1_Q0
correctness_fuzz,multi_comb_cap,256,4,1,1,1,0,0,1,0.232425,9664,/Users/free_1/Library/Mobile Documents/iCloud~md~obsidian/Documents/cpp-checker/branch_3/artifacts/lca_tree_stress_v5/diag_ac3_correctness_capture_current/runs/correctness_fuzz/multi_comb_cap/n256/seed4_L1_Q1
correctness_fuzz,multi_comb_cap,256,5,0,0,1,0,0,1,0.205473,8592,/Users/free_1/Library/Mobile Documents/iCloud~md~obsidian/Documents/cpp-checker/branch_3/artifacts/lca_tree_stress_v5/diag_ac3_correctness_capture_current/runs/correctness_fuzz/multi_comb_cap/n256/seed5_L0_Q0
correctness_fuzz,multi_comb_cap,256,5,0,1,1,0,0,1,0.218976,8544,/Users/free_1/Library/Mobile Documents/iCloud~md~obsidian/Documents/cpp-checker/branch_3/artifacts/lca_tree_stress_v5/diag_ac3_correctness_capture_current/runs/correctness_fuzz/multi_comb_cap/n256/seed5_L0_Q1
correctness_fuzz,multi_comb_cap,256,5,1,0,1,0,0,1,0.236416,10128,/Users/free_1/Library/Mobile Documents/iCloud~md~obsidian/Documents/cpp-checker/branch_3/artifacts/lca_tree_stress_v5/diag_ac3_correctness_capture_current/runs/correctness_fuzz/multi_comb_cap/n256/seed5_L1_Q0
correctness_fuzz,multi_comb_cap,256,5,1,1,1,0,0,1,0.231742,10096,/Users/free_1/Library/Mobile Documents/iCloud~md~obsidian/Documents/cpp-checker/branch_3/artifacts/lca_tree_stress_v5/diag_ac3_correctness_capture_current/runs/correctness_fuzz/multi_comb_cap/n256/seed5_L1_Q1
correctness_fuzz,multi_comb_cap,512,1,0,0,1,0,0,1,0.356098,23120,/Users/free_1/Library/Mobile Documents/iCloud~md~obsidian/Documents/cpp-checker/branch_3/artifacts/lca_tree_stress_v5/diag_ac3_correctness_capture_current/runs/correctness_fuzz/multi_comb_cap/n512/seed1_L0_Q0
correctness_fuzz,multi_comb_cap,512,1,0,1,1,0,0,1,0.389453,23072,/Users/free_1/Library/Mobile Documents/iCloud~md~obsidian/Documents/cpp-checker/branch_3/artifacts/lca_tree_stress_v5/diag_ac3_correctness_capture_current/runs/correctness_fuzz/multi_comb_cap/n512/seed1_L0_Q1
correctness_fuzz,multi_comb_cap,512,1,1,0,1,0,0,1,0.438032,29872,/Users/free_1/Library/Mobile Documents/iCloud~md~obsidian/Documents/cpp-checker/branch_3/artifacts/lca_tree_stress_v5/diag_ac3_correctness_capture_current/runs/correctness_fuzz/multi_comb_cap/n512/seed1_L1_Q0
correctness_fuzz,multi_comb_cap,512,1,1,1,1,0,0,1,0.438684,29904,/Users/free_1/Library/Mobile Documents/iCloud~md~obsidian/Documents/cpp-checker/branch_3/artifacts/lca_tree_stress_v5/diag_ac3_correctness_capture_current/runs/correctness_fuzz/multi_comb_cap/n512/seed1_L1_Q1
correctness_fuzz,multi_comb_cap,512,2,0,0,1,0,0,1,0.361412,23168,/Users/free_1/Library/Mobile Documents/iCloud~md~obsidian/Documents/cpp-checker/branch_3/artifacts/lca_tree_stress_v5/diag_ac3_correctness_capture_current/runs/correctness_fuzz/multi_comb_cap/n512/seed2_L0_Q0
correctness_fuzz,multi_comb_cap,512,2,0,1,1,0,0,1,0.361698,23216,/Users/free_1/Library/Mobile Documents/iCloud~md~obsidian/Documents/cpp-checker/branch_3/artifacts/lca_tree_stress_v5/diag_ac3_correctness_capture_current/runs/correctness_fuzz/multi_comb_cap/n512/seed2_L0_Q1
correctness_fuzz,multi_comb_cap,512,2,1,0,1,0,0,1,0.406406,27296,/Users/free_1/Library/Mobile Documents/iCloud~md~obsidian/Documents/cpp-checker/branch_3/artifacts/lca_tree_stress_v5/diag_ac3_correctness_capture_current/runs/correctness_fuzz/multi_comb_cap/n512/seed2_L1_Q0
correctness_fuzz,multi_comb_cap,512,2,1,1,1,0,0,1,0.407385,27216,/Users/free_1/Library/Mobile Documents/iCloud~md~obsidian/Documents/cpp-checker/branch_3/artifacts/lca_tree_stress_v5/diag_ac3_correctness_capture_current/runs/correctness_fuzz/multi_comb_cap/n512/seed2_L1_Q1
correctness_fuzz,multi_comb_cap,512,3,0,0,1,0,0,1,0.352953,23040,/Users/free_1/Library/Mobile Documents/iCloud~md~obsidian/Documents/cpp-checker/branch_3/artifacts/lca_tree_stress_v5/diag_ac3_correctness_capture_current/runs/correctness_fuzz/multi_comb_cap/n512/seed3_L0_Q0
correctness_fuzz,multi_comb_cap,512,3,0,1,1,0,0,1,0.400534,22880,/Users/free_1/Library/Mobile Documents/iCloud~md~obsidian/Documents/cpp-checker/branch_3/artifacts/lca_tree_stress_v5/diag_ac3_correctness_capture_current/runs/correctness_fuzz/multi_comb_cap/n512/seed3_L0_Q1
correctness_fuzz,multi_comb_cap,512,3,1,0,1,0,0,1,0.451628,27264,/Users/free_1/Library/Mobile Documents/iCloud~md~obsidian/Documents/cpp-checker/branch_3/artifacts/lca_tree_stress_v5/diag_ac3_correctness_capture_current/runs/correctness_fuzz/multi_comb_cap/n512/seed3_L1_Q0
correctness_fuzz,multi_comb_cap,512,3,1,1,1,0,0,1,0.446698,27072,/Users/free_1/Library/Mobile Documents/iCloud~md~obsidian/Documents/cpp-checker/branch_3/artifacts/lca_tree_stress_v5/diag_ac3_correctness_capture_current/runs/correctness_fuzz/multi_comb_cap/n512/seed3_L1_Q1
correctness_fuzz,multi_comb_cap,512,4,0,0,1,0,0,1,0.373064,23184,/Users/free_1/Library/Mobile Documents/iCloud~md~obsidian/Documents/cpp-checker/branch_3/artifacts/lca_tree_stress_v5/diag_ac3_correctness_capture_current/runs/correctness_fuzz/multi_comb_cap/n512/seed4_L0_Q0
correctness_fuzz,multi_comb_cap,512,4,0,1,1,0,0,1,0.358214,23120,/Users/free_1/Library/Mobile Documents/iCloud~md~obsidian/Documents/cpp-checker/branch_3/artifacts/lca_tree_stress_v5/diag_ac3_correctness_capture_current/runs/correctness_fuzz/multi_comb_cap/n512/seed4_L0_Q1
correctness_fuzz,multi_comb_cap,512,4,1,0,1,0,0,1,0.351859,22768,/Users/free_1/Library/Mobile Documents/iCloud~md~obsidian/Documents/cpp-checker/branch_3/artifacts/lca_tree_stress_v5/diag_ac3_correctness_capture_current/runs/correctness_fuzz/multi_comb_cap/n512/seed4_L1_Q0
correctness_fuzz,multi_comb_cap,512,4,1,1,1,0,0,1,0.355810,22784,/Users/free_1/Library/Mobile Documents/iCloud~md~obsidian/Documents/cpp-checker/branch_3/artifacts/lca_tree_stress_v5/diag_ac3_correctness_capture_current/runs/correctness_fuzz/multi_comb_cap/n512/seed4_L1_Q1
correctness_fuzz,multi_comb_cap,512,5,0,0,1,0,0,1,0.371638,22928,/Users/free_1/Library/Mobile Documents/iCloud~md~obsidian/Documents/cpp-checker/branch_3/artifacts/lca_tree_stress_v5/diag_ac3_correctness_capture_current/runs/correctness_fuzz/multi_comb_cap/n512/seed5_L0_Q0
correctness_fuzz,multi_comb_cap,512,5,0,1,1,0,0,1,0.354151,22896,/Users/free_1/Library/Mobile Documents/iCloud~md~obsidian/Documents/cpp-checker/branch_3/artifacts/lca_tree_stress_v5/diag_ac3_correctness_capture_current/runs/correctness_fuzz/multi_comb_cap/n512/seed5_L0_Q1
correctness_fuzz,multi_comb_cap,512,5,1,0,1,0,0,1,0.397311,26944,/Users/free_1/Library/Mobile Documents/iCloud~md~obsidian/Documents/cpp-checker/branch_3/artifacts/lca_tree_stress_v5/diag_ac3_correctness_capture_current/runs/correctness_fuzz/multi_comb_cap/n512/seed5_L1_Q0
correctness_fuzz,multi_comb_cap,512,5,1,1,1,0,0,1,0.414226,27184,/Users/free_1/Library/Mobile Documents/iCloud~md~obsidian/Documents/cpp-checker/branch_3/artifacts/lca_tree_stress_v5/diag_ac3_correctness_capture_current/runs/correctness_fuzz/multi_comb_cap/n512/seed5_L1_Q1
correctness_fuzz,multi_comb_cap,1024,1,0,0,1,0,0,1,1.238916,88896,/Users/free_1/Library/Mobile Documents/iCloud~md~obsidian/Documents/cpp-checker/branch_3/artifacts/lca_tree_stress_v5/diag_ac3_correctness_capture_current/runs/correctness_fuzz/multi_comb_cap/n1024/seed1_L0_Q0
correctness_fuzz,multi_comb_cap,1024,1,0,1,1,0,0,1,1.297688,89120,/Users/free_1/Library/Mobile Documents/iCloud~md~obsidian/Documents/cpp-checker/branch_3/artifacts/lca_tree_stress_v5/diag_ac3_correctness_capture_current/runs/correctness_fuzz/multi_comb_cap/n1024/seed1_L0_Q1
correctness_fuzz,multi_comb_cap,1024,1,1,0,1,0,0,1,1.118150,111472,/Users/free_1/Library/Mobile Documents/iCloud~md~obsidian/Documents/cpp-checker/branch_3/artifacts/lca_tree_stress_v5/diag_ac3_correctness_capture_current/runs/correctness_fuzz/multi_comb_cap/n1024/seed1_L1_Q0
correctness_fuzz,multi_comb_cap,1024,1,1,1,1,0,0,1,1.132043,111632,/Users/free_1/Library/Mobile Documents/iCloud~md~obsidian/Documents/cpp-checker/branch_3/artifacts/lca_tree_stress_v5/diag_ac3_correctness_capture_current/runs/correctness_fuzz/multi_comb_cap/n1024/seed1_L1_Q1
correctness_fuzz,multi_comb_cap,1024,2,0,0,1,0,0,1,1.221607,88192,/Users/free_1/Library/Mobile Documents/iCloud~md~obsidian/Documents/cpp-checker/branch_3/artifacts/lca_tree_stress_v5/diag_ac3_correctness_capture_current/runs/correctness_fuzz/multi_comb_cap/n1024/seed2_L0_Q0
correctness_fuzz,multi_comb_cap,1024,2,0,1,1,0,0,1,1.232704,88208,/Users/free_1/Library/Mobile Documents/iCloud~md~obsidian/Documents/cpp-checker/branch_3/artifacts/lca_tree_stress_v5/diag_ac3_correctness_capture_current/runs/correctness_fuzz/multi_comb_cap/n1024/seed2_L0_Q1
correctness_fuzz,multi_comb_cap,1024,2,1,0,1,0,0,1,1.442333,134224,/Users/free_1/Library/Mobile Documents/iCloud~md~obsidian/Documents/cpp-checker/branch_3/artifacts/lca_tree_stress_v5/diag_ac3_correctness_capture_current/runs/correctness_fuzz/multi_comb_cap/n1024/seed2_L1_Q0
correctness_fuzz,multi_comb_cap,1024,2,1,1,1,0,0,1,1.402426,134896,/Users/free_1/Library/Mobile Documents/iCloud~md~obsidian/Documents/cpp-checker/branch_3/artifacts/lca_tree_stress_v5/diag_ac3_correctness_capture_current/runs/correctness_fuzz/multi_comb_cap/n1024/seed2_L1_Q1
correctness_fuzz,multi_comb_cap,1024,3,0,0,1,0,0,1,1.222509,89024,/Users/free_1/Library/Mobile Documents/iCloud~md~obsidian/Documents/cpp-checker/branch_3/artifacts/lca_tree_stress_v5/diag_ac3_correctness_capture_current/runs/correctness_fuzz/multi_comb_cap/n1024/seed3_L0_Q0
correctness_fuzz,multi_comb_cap,1024,3,0,1,1,0,0,1,1.263372,89184,/Users/free_1/Library/Mobile Documents/iCloud~md~obsidian/Documents/cpp-checker/branch_3/artifacts/lca_tree_stress_v5/diag_ac3_correctness_capture_current/runs/correctness_fuzz/multi_comb_cap/n1024/seed3_L0_Q1
correctness_fuzz,multi_comb_cap,1024,3,1,0,1,0,0,1,1.243150,113920,/Users/free_1/Library/Mobile Documents/iCloud~md~obsidian/Documents/cpp-checker/branch_3/artifacts/lca_tree_stress_v5/diag_ac3_correctness_capture_current/runs/correctness_fuzz/multi_comb_cap/n1024/seed3_L1_Q0
correctness_fuzz,multi_comb_cap,1024,3,1,1,1,0,0,1,1.279317,113680,/Users/free_1/Library/Mobile Documents/iCloud~md~obsidian/Documents/cpp-checker/branch_3/artifacts/lca_tree_stress_v5/diag_ac3_correctness_capture_current/runs/correctness_fuzz/multi_comb_cap/n1024/seed3_L1_Q1
correctness_fuzz,multi_comb_cap,1024,4,0,0,1,0,0,1,1.281114,88592,/Users/free_1/Library/Mobile Documents/iCloud~md~obsidian/Documents/cpp-checker/branch_3/artifacts/lca_tree_stress_v5/diag_ac3_correctness_capture_current/runs/correctness_fuzz/multi_comb_cap/n1024/seed4_L0_Q0
correctness_fuzz,multi_comb_cap,1024,4,0,1,1,0,0,1,1.213887,88656,/Users/free_1/Library/Mobile Documents/iCloud~md~obsidian/Documents/cpp-checker/branch_3/artifacts/lca_tree_stress_v5/diag_ac3_correctness_capture_current/runs/correctness_fuzz/multi_comb_cap/n1024/seed4_L0_Q1
correctness_fuzz,multi_comb_cap,1024,4,1,0,1,0,0,1,1.497876,136128,/Users/free_1/Library/Mobile Documents/iCloud~md~obsidian/Documents/cpp-checker/branch_3/artifacts/lca_tree_stress_v5/diag_ac3_correctness_capture_current/runs/correctness_fuzz/multi_comb_cap/n1024/seed4_L1_Q0
correctness_fuzz,multi_comb_cap,1024,4,1,1,1,0,0,1,1.465664,136560,/Users/free_1/Library/Mobile Documents/iCloud~md~obsidian/Documents/cpp-checker/branch_3/artifacts/lca_tree_stress_v5/diag_ac3_correctness_capture_current/runs/correctness_fuzz/multi_comb_cap/n1024/seed4_L1_Q1
correctness_fuzz,multi_comb_cap,1024,5,0,0,1,0,0,1,1.243837,88160,/Users/free_1/Library/Mobile Documents/iCloud~md~obsidian/Documents/cpp-checker/branch_3/artifacts/lca_tree_stress_v5/diag_ac3_correctness_capture_current/runs/correctness_fuzz/multi_comb_cap/n1024/seed5_L0_Q0
correctness_fuzz,multi_comb_cap,1024,5,0,1,1,0,0,1,1.220860,87744,/Users/free_1/Library/Mobile Documents/iCloud~md~obsidian/Documents/cpp-checker/branch_3/artifacts/lca_tree_stress_v5/diag_ac3_correctness_capture_current/runs/correctness_fuzz/multi_comb_cap/n1024/seed5_L0_Q1
correctness_fuzz,multi_comb_cap,1024,5,1,0,1,0,0,1,1.392624,123808,/Users/free_1/Library/Mobile Documents/iCloud~md~obsidian/Documents/cpp-checker/branch_3/artifacts/lca_tree_stress_v5/diag_ac3_correctness_capture_current/runs/correctness_fuzz/multi_comb_cap/n1024/seed5_L1_Q0
correctness_fuzz,multi_comb_cap,1024,5,1,1,1,0,0,1,1.371916,123632,/Users/free_1/Library/Mobile Documents/iCloud~md~obsidian/Documents/cpp-checker/branch_3/artifacts/lca_tree_stress_v5/diag_ac3_correctness_capture_current/runs/correctness_fuzz/multi_comb_cap/n1024/seed5_L1_Q1
correctness_fuzz,chain_unary,64,1,0,0,1,0,0,1,0.154339,2832,/Users/free_1/Library/Mobile Documents/iCloud~md~obsidian/Documents/cpp-checker/branch_3/artifacts/lca_tree_stress_v5/diag_ac3_correctness_capture_current/runs/correctness_fuzz/chain_unary/n64/seed1_L0_Q0
correctness_fuzz,chain_unary,64,1,0,1,1,0,0,1,0.151576,2752,/Users/free_1/Library/Mobile Documents/iCloud~md~obsidian/Documents/cpp-checker/branch_3/artifacts/lca_tree_stress_v5/diag_ac3_correctness_capture_current/runs/correctness_fuzz/chain_unary/n64/seed1_L0_Q1
correctness_fuzz,chain_unary,64,1,1,0,1,0,0,1,0.159040,2816,/Users/free_1/Library/Mobile Documents/iCloud~md~obsidian/Documents/cpp-checker/branch_3/artifacts/lca_tree_stress_v5/diag_ac3_correctness_capture_current/runs/correctness_fuzz/chain_unary/n64/seed1_L1_Q0
correctness_fuzz,chain_unary,64,1,1,1,1,0,0,1,0.168326,2784,/Users/free_1/Library/Mobile Documents/iCloud~md~obsidian/Documents/cpp-checker/branch_3/artifacts/lca_tree_stress_v5/diag_ac3_correctness_capture_current/runs/correctness_fuzz/chain_unary/n64/seed1_L1_Q1
correctness_fuzz,chain_unary,64,2,0,0,1,0,0,1,0.159921,2800,/Users/free_1/Library/Mobile Documents/iCloud~md~obsidian/Documents/cpp-checker/branch_3/artifacts/lca_tree_stress_v5/diag_ac3_correctness_capture_current/runs/correctness_fuzz/chain_unary/n64/seed2_L0_Q0
correctness_fuzz,chain_unary,64,2,0,1,1,0,0,1,0.176022,2784,/Users/free_1/Library/Mobile Documents/iCloud~md~obsidian/Documents/cpp-checker/branch_3/artifacts/lca_tree_stress_v5/diag_ac3_correctness_capture_current/runs/correctness_fuzz/chain_unary/n64/seed2_L0_Q1
correctness_fuzz,chain_unary,64,2,1,0,1,0,0,1,0.186212,2800,/Users/free_1/Library/Mobile Documents/iCloud~md~obsidian/Documents/cpp-checker/branch_3/artifacts/lca_tree_stress_v5/diag_ac3_correctness_capture_current/runs/correctness_fuzz/chain_unary/n64/seed2_L1_Q0
correctness_fuzz,chain_unary,64,2,1,1,1,0,0,1,0.185182,2784,/Users/free_1/Library/Mobile Documents/iCloud~md~obsidian/Documents/cpp-checker/branch_3/artifacts/lca_tree_stress_v5/diag_ac3_correctness_capture_current/runs/correctness_fuzz/chain_unary/n64/seed2_L1_Q1
correctness_fuzz,chain_unary,64,3,0,0,1,0,0,1,0.173613,2784,/Users/free_1/Library/Mobile Documents/iCloud~md~obsidian/Documents/cpp-checker/branch_3/artifacts/lca_tree_stress_v5/diag_ac3_correctness_capture_current/runs/correctness_fuzz/chain_unary/n64/seed3_L0_Q0
correctness_fuzz,chain_unary,64,3,0,1,1,0,0,1,0.168169,2784,/Users/free_1/Library/Mobile Documents/iCloud~md~obsidian/Documents/cpp-checker/branch_3/artifacts/lca_tree_stress_v5/diag_ac3_correctness_capture_current/runs/correctness_fuzz/chain_unary/n64/seed3_L0_Q1
correctness_fuzz,chain_unary,64,3,1,0,1,0,0,1,0.171419,2816,/Users/free_1/Library/Mobile Documents/iCloud~md~obsidian/Documents/cpp-checker/branch_3/artifacts/lca_tree_stress_v5/diag_ac3_correctness_capture_current/runs/correctness_fuzz/chain_unary/n64/seed3_L1_Q0
correctness_fuzz,chain_unary,64,3,1,1,1,0,0,1,0.167813,2800,/Users/free_1/Library/Mobile Documents/iCloud~md~obsidian/Documents/cpp-checker/branch_3/artifacts/lca_tree_stress_v5/diag_ac3_correctness_capture_current/runs/correctness_fuzz/chain_unary/n64/seed3_L1_Q1
correctness_fuzz,chain_unary,64,4,0,0,1,0,0,1,0.164605,2832,/Users/free_1/Library/Mobile Documents/iCloud~md~obsidian/Documents/cpp-checker/branch_3/artifacts/lca_tree_stress_v5/diag_ac3_correctness_capture_current/runs/correctness_fuzz/chain_unary/n64/seed4_L0_Q0
correctness_fuzz,chain_unary,64,4,0,1,1,0,0,1,0.163524,2736,/Users/free_1/Library/Mobile Documents/iCloud~md~obsidian/Documents/cpp-checker/branch_3/artifacts/lca_tree_stress_v5/diag_ac3_correctness_capture_current/runs/correctness_fuzz/chain_unary/n64/seed4_L0_Q1
correctness_fuzz,chain_unary,64,4,1,0,1,0,0,1,0.164346,2864,/Users/free_1/Library/Mobile Documents/iCloud~md~obsidian/Documents/cpp-checker/branch_3/artifacts/lca_tree_stress_v5/diag_ac3_correctness_capture_current/runs/correctness_fuzz/chain_unary/n64/seed4_L1_Q0
correctness_fuzz,chain_unary,64,4,1,1,1,0,0,1,0.170925,2800,/Users/free_1/Library/Mobile Documents/iCloud~md~obsidian/Documents/cpp-checker/branch_3/artifacts/lca_tree_stress_v5/diag_ac3_correctness_capture_current/runs/correctness_fuzz/chain_unary/n64/seed4_L1_Q1
correctness_fuzz,chain_unary,64,5,0,0,1,0,0,1,0.162007,2848,/Users/free_1/Library/Mobile Documents/iCloud~md~obsidian/Documents/cpp-checker/branch_3/artifacts/lca_tree_stress_v5/diag_ac3_correctness_capture_current/runs/correctness_fuzz/chain_unary/n64/seed5_L0_Q0
correctness_fuzz,chain_unary,64,5,0,1,1,0,0,1,0.163793,2848,/Users/free_1/Library/Mobile Documents/iCloud~md~obsidian/Documents/cpp-checker/branch_3/artifacts/lca_tree_stress_v5/diag_ac3_correctness_capture_current/runs/correctness_fuzz/chain_unary/n64/seed5_L0_Q1
correctness_fuzz,chain_unary,64,5,1,0,1,0,0,1,0.166944,2832,/Users/free_1/Library/Mobile Documents/iCloud~md~obsidian/Documents/cpp-checker/branch_3/artifacts/lca_tree_stress_v5/diag_ac3_correctness_capture_current/runs/correctness_fuzz/chain_unary/n64/seed5_L1_Q0
correctness_fuzz,chain_unary,64,5,1,1,1,0,0,1,0.166246,2816,/Users/free_1/Library/Mobile Documents/iCloud~md~obsidian/Documents/cpp-checker/branch_3/artifacts/lca_tree_stress_v5/diag_ac3_correctness_capture_current/runs/correctness_fuzz/chain_unary/n64/seed5_L1_Q1
correctness_fuzz,chain_unary,128,1,0,0,1,0,0,1,0.194162,4880,/Users/free_1/Library/Mobile Documents/iCloud~md~obsidian/Documents/cpp-checker/branch_3/artifacts/lca_tree_stress_v5/diag_ac3_correctness_capture_current/runs/correctness_fuzz/chain_unary/n128/seed1_L0_Q0
correctness_fuzz,chain_unary,128,1,0,1,1,0,0,1,0.186911,4880,/Users/free_1/Library/Mobile Documents/iCloud~md~obsidian/Documents/cpp-checker/branch_3/artifacts/lca_tree_stress_v5/diag_ac3_correctness_capture_current/runs/correctness_fuzz/chain_unary/n128/seed1_L0_Q1
correctness_fuzz,chain_unary,128,1,1,0,1,0,0,1,0.191461,4864,/Users/free_1/Library/Mobile Documents/iCloud~md~obsidian/Documents/cpp-checker/branch_3/artifacts/lca_tree_stress_v5/diag_ac3_correctness_capture_current/runs/correctness_fuzz/chain_unary/n128/seed1_L1_Q0
correctness_fuzz,chain_unary,128,1,1,1,1,0,0,1,0.188088,4832,/Users/free_1/Library/Mobile Documents/iCloud~md~obsidian/Documents/cpp-checker/branch_3/artifacts/lca_tree_stress_v5/diag_ac3_correctness_capture_current/runs/correctness_fuzz/chain_unary/n128/seed1_L1_Q1
correctness_fuzz,chain_unary,128,2,0,0,1,0,0,1,0.191355,4896,/Users/free_1/Library/Mobile Documents/iCloud~md~obsidian/Documents/cpp-checker/branch_3/artifacts/lca_tree_stress_v5/diag_ac3_correctness_capture_current/runs/correctness_fuzz/chain_unary/n128/seed2_L0_Q0
correctness_fuzz,chain_unary,128,2,0,1,1,0,0,1,0.191965,4848,/Users/free_1/Library/Mobile Documents/iCloud~md~obsidian/Documents/cpp-checker/branch_3/artifacts/lca_tree_stress_v5/diag_ac3_correctness_capture_current/runs/correctness_fuzz/chain_unary/n128/seed2_L0_Q1
correctness_fuzz,chain_unary,128,2,1,0,1,0,0,1,0.197992,4896,/Users/free_1/Library/Mobile Documents/iCloud~md~obsidian/Documents/cpp-checker/branch_3/artifacts/lca_tree_stress_v5/diag_ac3_correctness_capture_current/runs/correctness_fuzz/chain_unary/n128/seed2_L1_Q0
correctness_fuzz,chain_unary,128,2,1,1,1,0,0,1,0.184937,4880,/Users/free_1/Library/Mobile Documents/iCloud~md~obsidian/Documents/cpp-checker/branch_3/artifacts/lca_tree_stress_v5/diag_ac3_correctness_capture_current/runs/correctness_fuzz/chain_unary/n128/seed2_L1_Q1
correctness_fuzz,chain_unary,128,3,0,0,1,0,0,1,0.193600,4864,/Users/free_1/Library/Mobile Documents/iCloud~md~obsidian/Documents/cpp-checker/branch_3/artifacts/lca_tree_stress_v5/diag_ac3_correctness_capture_current/runs/correctness_fuzz/chain_unary/n128/seed3_L0_Q0
correctness_fuzz,chain_unary,128,3,0,1,1,0,0,1,0.188528,4928,/Users/free_1/Library/Mobile Documents/iCloud~md~obsidian/Documents/cpp-checker/branch_3/artifacts/lca_tree_stress_v5/diag_ac3_correctness_capture_current/runs/correctness_fuzz/chain_unary/n128/seed3_L0_Q1
correctness_fuzz,chain_unary,128,3,1,0,1,0,0,1,0.191387,4960,/Users/free_1/Library/Mobile Documents/iCloud~md~obsidian/Documents/cpp-checker/branch_3/artifacts/lca_tree_stress_v5/diag_ac3_correctness_capture_current/runs/correctness_fuzz/chain_unary/n128/seed3_L1_Q0
correctness_fuzz,chain_unary,128,3,1,1,1,0,0,1,0.189917,4912,/Users/free_1/Library/Mobile Documents/iCloud~md~obsidian/Documents/cpp-checker/branch_3/artifacts/lca_tree_stress_v5/diag_ac3_correctness_capture_current/runs/correctness_fuzz/chain_unary/n128/seed3_L1_Q1
correctness_fuzz,chain_unary,128,4,0,0,1,0,0,1,0.192207,4896,/Users/free_1/Library/Mobile Documents/iCloud~md~obsidian/Documents/cpp-checker/branch_3/artifacts/lca_tree_stress_v5/diag_ac3_correctness_capture_current/runs/correctness_fuzz/chain_unary/n128/seed4_L0_Q0
correctness_fuzz,chain_unary,128,4,0,1,1,0,0,1,0.181926,4880,/Users/free_1/Library/Mobile Documents/iCloud~md~obsidian/Documents/cpp-checker/branch_3/artifacts/lca_tree_stress_v5/diag_ac3_correctness_capture_current/runs/correctness_fuzz/chain_unary/n128/seed4_L0_Q1
correctness_fuzz,chain_unary,128,4,1,0,1,0,0,1,0.216525,4928,/Users/free_1/Library/Mobile Documents/iCloud~md~obsidian/Documents/cpp-checker/branch_3/artifacts/lca_tree_stress_v5/diag_ac3_correctness_capture_current/runs/correctness_fuzz/chain_unary/n128/seed4_L1_Q0
correctness_fuzz,chain_unary,128,4,1,1,1,0,0,1,0.211752,4880,/Users/free_1/Library/Mobile Documents/iCloud~md~obsidian/Documents/cpp-checker/branch_3/artifacts/lca_tree_stress_v5/diag_ac3_correctness_capture_current/runs/correctness_fuzz/chain_unary/n128/seed4_L1_Q1
correctness_fuzz,chain_unary,128,5,0,0,1,0,0,1,0.193040,4912,/Users/free_1/Library/Mobile Documents/iCloud~md~obsidian/Documents/cpp-checker/branch_3/artifacts/lca_tree_stress_v5/diag_ac3_correctness_capture_current/runs/correctness_fuzz/chain_unary/n128/seed5_L0_Q0
correctness_fuzz,chain_unary,128,5,0,1,1,0,0,1,0.191365,4848,/Users/free_1/Library/Mobile Documents/iCloud~md~obsidian/Documents/cpp-checker/branch_3/artifacts/lca_tree_stress_v5/diag_ac3_correctness_capture_current/runs/correctness_fuzz/chain_unary/n128/seed5_L0_Q1
correctness_fuzz,chain_unary,128,5,1,0,1,0,0,1,0.184933,4960,/Users/free_1/Library/Mobile Documents/iCloud~md~obsidian/Documents/cpp-checker/branch_3/artifacts/lca_tree_stress_v5/diag_ac3_correctness_capture_current/runs/correctness_fuzz/chain_unary/n128/seed5_L1_Q0
correctness_fuzz,chain_unary,128,5,1,1,1,0,0,1,0.191517,4880,/Users/free_1/Library/Mobile Documents/iCloud~md~obsidian/Documents/cpp-checker/branch_3/artifacts/lca_tree_stress_v5/diag_ac3_correctness_capture_current/runs/correctness_fuzz/chain_unary/n128/seed5_L1_Q1
correctness_fuzz,chain_unary,256,1,0,0,1,0,0,1,0.335257,12336,/Users/free_1/Library/Mobile Documents/iCloud~md~obsidian/Documents/cpp-checker/branch_3/artifacts/lca_tree_stress_v5/diag_ac3_correctness_capture_current/runs/correctness_fuzz/chain_unary/n256/seed1_L0_Q0
correctness_fuzz,chain_unary,256,1,0,1,1,0,0,1,0.342470,12272,/Users/free_1/Library/Mobile Documents/iCloud~md~obsidian/Documents/cpp-checker/branch_3/artifacts/lca_tree_stress_v5/diag_ac3_correctness_capture_current/runs/correctness_fuzz/chain_unary/n256/seed1_L0_Q1
correctness_fuzz,chain_unary,256,1,1,0,1,0,0,1,0.322592,12320,/Users/free_1/Library/Mobile Documents/iCloud~md~obsidian/Documents/cpp-checker/branch_3/artifacts/lca_tree_stress_v5/diag_ac3_correctness_capture_current/runs/correctness_fuzz/chain_unary/n256/seed1_L1_Q0
correctness_fuzz,chain_unary,256,1,1,1,1,0,0,1,0.337268,12256,/Users/free_1/Library/Mobile Documents/iCloud~md~obsidian/Documents/cpp-checker/branch_3/artifacts/lca_tree_stress_v5/diag_ac3_correctness_capture_current/runs/correctness_fuzz/chain_unary/n256/seed1_L1_Q1
correctness_fuzz,chain_unary,256,2,0,0,1,0,0,1,0.348865,12304,/Users/free_1/Library/Mobile Documents/iCloud~md~obsidian/Documents/cpp-checker/branch_3/artifacts/lca_tree_stress_v5/diag_ac3_correctness_capture_current/runs/correctness_fuzz/chain_unary/n256/seed2_L0_Q0
correctness_fuzz,chain_unary,256,2,0,1,1,0,0,1,0.337071,12272,/Users/free_1/Library/Mobile Documents/iCloud~md~obsidian/Documents/cpp-checker/branch_3/artifacts/lca_tree_stress_v5/diag_ac3_correctness_capture_current/runs/correctness_fuzz/chain_unary/n256/seed2_L0_Q1
correctness_fuzz,chain_unary,256,2,1,0,1,0,0,1,0.328506,12320,/Users/free_1/Library/Mobile Documents/iCloud~md~obsidian/Documents/cpp-checker/branch_3/artifacts/lca_tree_stress_v5/diag_ac3_correctness_capture_current/runs/correctness_fuzz/chain_unary/n256/seed2_L1_Q0
correctness_fuzz,chain_unary,256,2,1,1,1,0,0,1,0.335744,12208,/Users/free_1/Library/Mobile Documents/iCloud~md~obsidian/Documents/cpp-checker/branch_3/artifacts/lca_tree_stress_v5/diag_ac3_correctness_capture_current/runs/correctness_fuzz/chain_unary/n256/seed2_L1_Q1
correctness_fuzz,chain_unary,256,3,0,0,1,0,0,1,0.351497,12288,/Users/free_1/Library/Mobile Documents/iCloud~md~obsidian/Documents/cpp-checker/branch_3/artifacts/lca_tree_stress_v5/diag_ac3_correctness_capture_current/runs/correctness_fuzz/chain_unary/n256/seed3_L0_Q0
correctness_fuzz,chain_unary,256,3,0,1,1,0,0,1,0.344309,12272,/Users/free_1/Library/Mobile Documents/iCloud~md~obsidian/Documents/cpp-checker/branch_3/artifacts/lca_tree_stress_v5/diag_ac3_correctness_capture_current/runs/correctness_fuzz/chain_unary/n256/seed3_L0_Q1
correctness_fuzz,chain_unary,256,3,1,0,1,0,0,1,0.335057,12272,/Users/free_1/Library/Mobile Documents/iCloud~md~obsidian/Documents/cpp-checker/branch_3/artifacts/lca_tree_stress_v5/diag_ac3_correctness_capture_current/runs/correctness_fuzz/chain_unary/n256/seed3_L1_Q0
correctness_fuzz,chain_unary,256,3,1,1,1,0,0,1,0.335798,12288,/Users/free_1/Library/Mobile Documents/iCloud~md~obsidian/Documents/cpp-checker/branch_3/artifacts/lca_tree_stress_v5/diag_ac3_correctness_capture_current/runs/correctness_fuzz/chain_unary/n256/seed3_L1_Q1
correctness_fuzz,chain_unary,256,4,0,0,1,0,0,1,0.329093,12272,/Users/free_1/Library/Mobile Documents/iCloud~md~obsidian/Documents/cpp-checker/branch_3/artifacts/lca_tree_stress_v5/diag_ac3_correctness_capture_current/runs/correctness_fuzz/chain_unary/n256/seed4_L0_Q0
correctness_fuzz,chain_unary,256,4,0,1,1,0,0,1,0.400120,12256,/Users/free_1/Library/Mobile Documents/iCloud~md~obsidian/Documents/cpp-checker/branch_3/artifacts/lca_tree_stress_v5/diag_ac3_correctness_capture_current/runs/correctness_fuzz/chain_unary/n256/seed4_L0_Q1
correctness_fuzz,chain_unary,256,4,1,0,1,0,0,1,0.373907,12304,/Users/free_1/Library/Mobile Documents/iCloud~md~obsidian/Documents/cpp-checker/branch_3/artifacts/lca_tree_stress_v5/diag_ac3_correctness_capture_current/runs/correctness_fuzz/chain_unary/n256/seed4_L1_Q0
correctness_fuzz,chain_unary,256,4,1,1,1,0,0,1,0.328266,12288,/Users/free_1/Library/Mobile Documents/iCloud~md~obsidian/Documents/cpp-checker/branch_3/artifacts/lca_tree_stress_v5/diag_ac3_correctness_capture_current/runs/correctness_fuzz/chain_unary/n256/seed4_L1_Q1
correctness_fuzz,chain_unary,256,5,0,0,1,0,0,1,0.365132,12256,/Users/free_1/Library/Mobile Documents/iCloud~md~obsidian/Documents/cpp-checker/branch_3/artifacts/lca_tree_stress_v5/diag_ac3_correctness_capture_current/runs/correctness_fuzz/chain_unary/n256/seed5_L0_Q0
correctness_fuzz,chain_unary,256,5,0,1,1,0,0,1,0.346924,12304,/Users/free_1/Library/Mobile Documents/iCloud~md~obsidian/Documents/cpp-checker/branch_3/artifacts/lca_tree_stress_v5/diag_ac3_correctness_capture_current/runs/correctness_fuzz/chain_unary/n256/seed5_L0_Q1
correctness_fuzz,chain_unary,256,5,1,0,1,0,0,1,0.350793,12272,/Users/free_1/Library/Mobile Documents/iCloud~md~obsidian/Documents/cpp-checker/branch_3/artifacts/lca_tree_stress_v5/diag_ac3_correctness_capture_current/runs/correctness_fuzz/chain_unary/n256/seed5_L1_Q0
correctness_fuzz,chain_unary,256,5,1,1,1,0,0,1,0.327488,12304,/Users/free_1/Library/Mobile Documents/iCloud~md~obsidian/Documents/cpp-checker/branch_3/artifacts/lca_tree_stress_v5/diag_ac3_correctness_capture_current/runs/correctness_fuzz/chain_unary/n256/seed5_L1_Q1
correctness_fuzz,chain_unary,512,1,0,0,1,0,0,1,0.948635,33856,/Users/free_1/Library/Mobile Documents/iCloud~md~obsidian/Documents/cpp-checker/branch_3/artifacts/lca_tree_stress_v5/diag_ac3_correctness_capture_current/runs/correctness_fuzz/chain_unary/n512/seed1_L0_Q0
correctness_fuzz,chain_unary,512,1,0,1,1,0,0,1,0.942724,33776,/Users/free_1/Library/Mobile Documents/iCloud~md~obsidian/Documents/cpp-checker/branch_3/artifacts/lca_tree_stress_v5/diag_ac3_correctness_capture_current/runs/correctness_fuzz/chain_unary/n512/seed1_L0_Q1
correctness_fuzz,chain_unary,512,1,1,0,1,0,0,1,0.908638,33600,/Users/free_1/Library/Mobile Documents/iCloud~md~obsidian/Documents/cpp-checker/branch_3/artifacts/lca_tree_stress_v5/diag_ac3_correctness_capture_current/runs/correctness_fuzz/chain_unary/n512/seed1_L1_Q0
correctness_fuzz,chain_unary,512,1,1,1,1,0,0,1,0.955095,33600,/Users/free_1/Library/Mobile Documents/iCloud~md~obsidian/Documents/cpp-checker/branch_3/artifacts/lca_tree_stress_v5/diag_ac3_correctness_capture_current/runs/correctness_fuzz/chain_unary/n512/seed1_L1_Q1
correctness_fuzz,chain_unary,512,2,0,0,1,0,0,1,0.965773,33808,/Users/free_1/Library/Mobile Documents/iCloud~md~obsidian/Documents/cpp-checker/branch_3/artifacts/lca_tree_stress_v5/diag_ac3_correctness_capture_current/runs/correctness_fuzz/chain_unary/n512/seed2_L0_Q0
correctness_fuzz,chain_unary,512,2,0,1,1,0,0,1,0.967174,33824,/Users/free_1/Library/Mobile Documents/iCloud~md~obsidian/Documents/cpp-checker/branch_3/artifacts/lca_tree_stress_v5/diag_ac3_correctness_capture_current/runs/correctness_fuzz/chain_unary/n512/seed2_L0_Q1
correctness_fuzz,chain_unary,512,2,1,0,1,0,0,1,0.920007,33696,/Users/free_1/Library/Mobile Documents/iCloud~md~obsidian/Documents/cpp-checker/branch_3/artifacts/lca_tree_stress_v5/diag_ac3_correctness_capture_current/runs/correctness_fuzz/chain_unary/n512/seed2_L1_Q0
correctness_fuzz,chain_unary,512,2,1,1,1,0,0,1,0.921134,33712,/Users/free_1/Library/Mobile Documents/iCloud~md~obsidian/Documents/cpp-checker/branch_3/artifacts/lca_tree_stress_v5/diag_ac3_correctness_capture_current/runs/correctness_fuzz/chain_unary/n512/seed2_L1_Q1
correctness_fuzz,chain_unary,512,3,0,0,1,0,0,1,0.954144,33808,/Users/free_1/Library/Mobile Documents/iCloud~md~obsidian/Documents/cpp-checker/branch_3/artifacts/lca_tree_stress_v5/diag_ac3_correctness_capture_current/runs/correctness_fuzz/chain_unary/n512/seed3_L0_Q0
correctness_fuzz,chain_unary,512,3,0,1,1,0,0,1,0.959449,33872,/Users/free_1/Library/Mobile Documents/iCloud~md~obsidian/Documents/cpp-checker/branch_3/artifacts/lca_tree_stress_v5/diag_ac3_correctness_capture_current/runs/correctness_fuzz/chain_unary/n512/seed3_L0_Q1
correctness_fuzz,chain_unary,512,3,1,0,1,0,0,1,0.963727,33456,/Users/free_1/Library/Mobile Documents/iCloud~md~obsidian/Documents/cpp-checker/branch_3/artifacts/lca_tree_stress_v5/diag_ac3_correctness_capture_current/runs/correctness_fuzz/chain_unary/n512/seed3_L1_Q0
correctness_fuzz,chain_unary,512,3,1,1,1,0,0,1,0.894284,33456,/Users/free_1/Library/Mobile Documents/iCloud~md~obsidian/Documents/cpp-checker/branch_3/artifacts/lca_tree_stress_v5/diag_ac3_correctness_capture_current/runs/correctness_fuzz/chain_unary/n512/seed3_L1_Q1
correctness_fuzz,chain_unary,512,4,0,0,1,0,0,1,0.943683,33792,/Users/free_1/Library/Mobile Documents/iCloud~md~obsidian/Documents/cpp-checker/branch_3/artifacts/lca_tree_stress_v5/diag_ac3_correctness_capture_current/runs/correctness_fuzz/chain_unary/n512/seed4_L0_Q0
correctness_fuzz,chain_unary,512,4,0,1,1,0,0,1,0.960357,33856,/Users/free_1/Library/Mobile Documents/iCloud~md~obsidian/Documents/cpp-checker/branch_3/artifacts/lca_tree_stress_v5/diag_ac3_correctness_capture_current/runs/correctness_fuzz/chain_unary/n512/seed4_L0_Q1
correctness_fuzz,chain_unary,512,4,1,0,1,0,0,1,0.929946,33632,/Users/free_1/Library/Mobile Documents/iCloud~md~obsidian/Documents/cpp-checker/branch_3/artifacts/lca_tree_stress_v5/diag_ac3_correctness_capture_current/runs/correctness_fuzz/chain_unary/n512/seed4_L1_Q0
correctness_fuzz,chain_unary,512,4,1,1,1,0,0,1,0.910263,33616,/Users/free_1/Library/Mobile Documents/iCloud~md~obsidian/Documents/cpp-checker/branch_3/artifacts/lca_tree_stress_v5/diag_ac3_correctness_capture_current/runs/correctness_fuzz/chain_unary/n512/seed4_L1_Q1
correctness_fuzz,chain_unary,512,5,0,0,1,0,0,1,1.019837,33792,/Users/free_1/Library/Mobile Documents/iCloud~md~obsidian/Documents/cpp-checker/branch_3/artifacts/lca_tree_stress_v5/diag_ac3_correctness_capture_current/runs/correctness_fuzz/chain_unary/n512/seed5_L0_Q0
correctness_fuzz,chain_unary,512,5,0,1,1,0,0,1,0.954421,33792,/Users/free_1/Library/Mobile Documents/iCloud~md~obsidian/Documents/cpp-checker/branch_3/artifacts/lca_tree_stress_v5/diag_ac3_correctness_capture_current/runs/correctness_fuzz/chain_unary/n512/seed5_L0_Q1
correctness_fuzz,chain_unary,512,5,1,0,1,0,0,1,0.905294,33776,/Users/free_1/Library/Mobile Documents/iCloud~md~obsidian/Documents/cpp-checker/branch_3/artifacts/lca_tree_stress_v5/diag_ac3_correctness_capture_current/runs/correctness_fuzz/chain_unary/n512/seed5_L1_Q0
correctness_fuzz,chain_unary,512,5,1,1,1,0,0,1,0.904532,33760,/Users/free_1/Library/Mobile Documents/iCloud~md~obsidian/Documents/cpp-checker/branch_3/artifacts/lca_tree_stress_v5/diag_ac3_correctness_capture_current/runs/correctness_fuzz/chain_unary/n512/seed5_L1_Q1
correctness_fuzz,chain_unary,1024,1,0,0,1,0,0,1,1.284560,36160,/Users/free_1/Library/Mobile Documents/iCloud~md~obsidian/Documents/cpp-checker/branch_3/artifacts/lca_tree_stress_v5/diag_ac3_correctness_capture_current/runs/correctness_fuzz/chain_unary/n1024/seed1_L0_Q0
correctness_fuzz,chain_unary,1024,1,0,1,1,0,0,1,1.485030,36192,/Users/free_1/Library/Mobile Documents/iCloud~md~obsidian/Documents/cpp-checker/branch_3/artifacts/lca_tree_stress_v5/diag_ac3_correctness_capture_current/runs/correctness_fuzz/chain_unary/n1024/seed1_L0_Q1
correctness_fuzz,chain_unary,1024,1,1,0,1,0,0,1,1.520523,36176,/Users/free_1/Library/Mobile Documents/iCloud~md~obsidian/Documents/cpp-checker/branch_3/artifacts/lca_tree_stress_v5/diag_ac3_correctness_capture_current/runs/correctness_fuzz/chain_unary/n1024/seed1_L1_Q0
correctness_fuzz,chain_unary,1024,1,1,1,1,0,0,1,1.504121,36192,/Users/free_1/Library/Mobile Documents/iCloud~md~obsidian/Documents/cpp-checker/branch_3/artifacts/lca_tree_stress_v5/diag_ac3_correctness_capture_current/runs/correctness_fuzz/chain_unary/n1024/seed1_L1_Q1
correctness_fuzz,chain_unary,1024,2,0,0,1,0,0,1,1.384481,36112,/Users/free_1/Library/Mobile Documents/iCloud~md~obsidian/Documents/cpp-checker/branch_3/artifacts/lca_tree_stress_v5/diag_ac3_correctness_capture_current/runs/correctness_fuzz/chain_unary/n1024/seed2_L0_Q0
correctness_fuzz,chain_unary,1024,2,0,1,1,0,0,1,1.357504,36160,/Users/free_1/Library/Mobile Documents/iCloud~md~obsidian/Documents/cpp-checker/branch_3/artifacts/lca_tree_stress_v5/diag_ac3_correctness_capture_current/runs/correctness_fuzz/chain_unary/n1024/seed2_L0_Q1
correctness_fuzz,chain_unary,1024,2,1,0,1,0,0,1,1.398629,36224,/Users/free_1/Library/Mobile Documents/iCloud~md~obsidian/Documents/cpp-checker/branch_3/artifacts/lca_tree_stress_v5/diag_ac3_correctness_capture_current/runs/correctness_fuzz/chain_unary/n1024/seed2_L1_Q0
correctness_fuzz,chain_unary,1024,2,1,1,1,0,0,1,1.312827,36176,/Users/free_1/Library/Mobile Documents/iCloud~md~obsidian/Documents/cpp-checker/branch_3/artifacts/lca_tree_stress_v5/diag_ac3_correctness_capture_current/runs/correctness_fuzz/chain_unary/n1024/seed2_L1_Q1
correctness_fuzz,chain_unary,1024,3,0,0,1,0,0,1,1.264473,36224,/Users/free_1/Library/Mobile Documents/iCloud~md~obsidian/Documents/cpp-checker/branch_3/artifacts/lca_tree_stress_v5/diag_ac3_correctness_capture_current/runs/correctness_fuzz/chain_unary/n1024/seed3_L0_Q0
correctness_fuzz,chain_unary,1024,3,0,1,1,0,0,1,1.289053,36192,/Users/free_1/Library/Mobile Documents/iCloud~md~obsidian/Documents/cpp-checker/branch_3/artifacts/lca_tree_stress_v5/diag_ac3_correctness_capture_current/runs/correctness_fuzz/chain_unary/n1024/seed3_L0_Q1
correctness_fuzz,chain_unary,1024,3,1,0,1,0,0,1,1.335938,36176,/Users/free_1/Library/Mobile Documents/iCloud~md~obsidian/Documents/cpp-checker/branch_3/artifacts/lca_tree_stress_v5/diag_ac3_correctness_capture_current/runs/correctness_fuzz/chain_unary/n1024/seed3_L1_Q0
correctness_fuzz,chain_unary,1024,3,1,1,1,0,0,1,1.369863,36176,/Users/free_1/Library/Mobile Documents/iCloud~md~obsidian/Documents/cpp-checker/branch_3/artifacts/lca_tree_stress_v5/diag_ac3_correctness_capture_current/runs/correctness_fuzz/chain_unary/n1024/seed3_L1_Q1
correctness_fuzz,chain_unary,1024,4,0,0,1,0,0,1,1.369826,36224,/Users/free_1/Library/Mobile Documents/iCloud~md~obsidian/Documents/cpp-checker/branch_3/artifacts/lca_tree_stress_v5/diag_ac3_correctness_capture_current/runs/correctness_fuzz/chain_unary/n1024/seed4_L0_Q0
correctness_fuzz,chain_unary,1024,4,0,1,1,0,0,1,1.490840,36192,/Users/free_1/Library/Mobile Documents/iCloud~md~obsidian/Documents/cpp-checker/branch_3/artifacts/lca_tree_stress_v5/diag_ac3_correctness_capture_current/runs/correctness_fuzz/chain_unary/n1024/seed4_L0_Q1
correctness_fuzz,chain_unary,1024,4,1,0,1,0,0,1,1.540644,36160,/Users/free_1/Library/Mobile Documents/iCloud~md~obsidian/Documents/cpp-checker/branch_3/artifacts/lca_tree_stress_v5/diag_ac3_correctness_capture_current/runs/correctness_fuzz/chain_unary/n1024/seed4_L1_Q0
correctness_fuzz,chain_unary,1024,4,1,1,1,0,0,1,1.559116,36144,/Users/free_1/Library/Mobile Documents/iCloud~md~obsidian/Documents/cpp-checker/branch_3/artifacts/lca_tree_stress_v5/diag_ac3_correctness_capture_current/runs/correctness_fuzz/chain_unary/n1024/seed4_L1_Q1
correctness_fuzz,chain_unary,1024,5,0,0,1,0,0,1,1.477914,36192,/Users/free_1/Library/Mobile Documents/iCloud~md~obsidian/Documents/cpp-checker/branch_3/artifacts/lca_tree_stress_v5/diag_ac3_correctness_capture_current/runs/correctness_fuzz/chain_unary/n1024/seed5_L0_Q0
correctness_fuzz,chain_unary,1024,5,0,1,1,0,0,1,1.472203,36192,/Users/free_1/Library/Mobile Documents/iCloud~md~obsidian/Documents/cpp-checker/branch_3/artifacts/lca_tree_stress_v5/diag_ac3_correctness_capture_current/runs/correctness_fuzz/chain_unary/n1024/seed5_L0_Q1
correctness_fuzz,chain_unary,1024,5,1,0,1,0,0,1,1.572342,36192,/Users/free_1/Library/Mobile Documents/iCloud~md~obsidian/Documents/cpp-checker/branch_3/artifacts/lca_tree_stress_v5/diag_ac3_correctness_capture_current/runs/correctness_fuzz/chain_unary/n1024/seed5_L1_Q0
correctness_fuzz,chain_unary,1024,5,1,1,1,0,0,1,1.553806,36272,/Users/free_1/Library/Mobile Documents/iCloud~md~obsidian/Documents/cpp-checker/branch_3/artifacts/lca_tree_stress_v5/diag_ac3_correctness_capture_current/runs/correctness_fuzz/chain_unary/n1024/seed5_L1_Q1
correctness_fuzz,star_pairs,64,1,0,0,1,0,0,1,0.192930,2288,/Users/free_1/Library/Mobile Documents/iCloud~md~obsidian/Documents/cpp-checker/branch_3/artifacts/lca_tree_stress_v5/diag_ac3_correctness_capture_current/runs/correctness_fuzz/star_pairs/n64/seed1_L0_Q0
correctness_fuzz,star_pairs,64,1,0,1,1,0,0,1,0.189577,2336,/Users/free_1/Library/Mobile Documents/iCloud~md~obsidian/Documents/cpp-checker/branch_3/artifacts/lca_tree_stress_v5/diag_ac3_correctness_capture_current/runs/correctness_fuzz/star_pairs/n64/seed1_L0_Q1
correctness_fuzz,star_pairs,64,1,1,0,1,0,0,1,0.176945,2304,/Users/free_1/Library/Mobile Documents/iCloud~md~obsidian/Documents/cpp-checker/branch_3/artifacts/lca_tree_stress_v5/diag_ac3_correctness_capture_current/runs/correctness_fuzz/star_pairs/n64/seed1_L1_Q0
correctness_fuzz,star_pairs,64,1,1,1,1,0,0,1,0.184052,2352,/Users/free_1/Library/Mobile Documents/iCloud~md~obsidian/Documents/cpp-checker/branch_3/artifacts/lca_tree_stress_v5/diag_ac3_correctness_capture_current/runs/correctness_fuzz/star_pairs/n64/seed1_L1_Q1
correctness_fuzz,star_pairs,64,2,0,0,1,0,0,1,0.218936,2320,/Users/free_1/Library/Mobile Documents/iCloud~md~obsidian/Documents/cpp-checker/branch_3/artifacts/lca_tree_stress_v5/diag_ac3_correctness_capture_current/runs/correctness_fuzz/star_pairs/n64/seed2_L0_Q0
correctness_fuzz,star_pairs,64,2,0,1,1,0,0,1,0.242970,2320,/Users/free_1/Library/Mobile Documents/iCloud~md~obsidian/Documents/cpp-checker/branch_3/artifacts/lca_tree_stress_v5/diag_ac3_correctness_capture_current/runs/correctness_fuzz/star_pairs/n64/seed2_L0_Q1
correctness_fuzz,star_pairs,64,2,1,0,1,0,0,1,0.183165,2320,/Users/free_1/Library/Mobile Documents/iCloud~md~obsidian/Documents/cpp-checker/branch_3/artifacts/lca_tree_stress_v5/diag_ac3_correctness_capture_current/runs/correctness_fuzz/star_pairs/n64/seed2_L1_Q0
correctness_fuzz,star_pairs,64,2,1,1,1,0,0,1,0.206806,2384,/Users/free_1/Library/Mobile Documents/iCloud~md~obsidian/Documents/cpp-checker/branch_3/artifacts/lca_tree_stress_v5/diag_ac3_correctness_capture_current/runs/correctness_fuzz/star_pairs/n64/seed2_L1_Q1
correctness_fuzz,star_pairs,64,3,0,0,1,0,0,1,0.187402,2336,/Users/free_1/Library/Mobile Documents/iCloud~md~obsidian/Documents/cpp-checker/branch_3/artifacts/lca_tree_stress_v5/diag_ac3_correctness_capture_current/runs/correctness_fuzz/star_pairs/n64/seed3_L0_Q0
correctness_fuzz,star_pairs,64,3,0,1,1,0,0,1,0.186879,2272,/Users/free_1/Library/Mobile Documents/iCloud~md~obsidian/Documents/cpp-checker/branch_3/artifacts/lca_tree_stress_v5/diag_ac3_correctness_capture_current/runs/correctness_fuzz/star_pairs/n64/seed3_L0_Q1
correctness_fuzz,star_pairs,64,3,1,0,1,0,0,1,0.198643,2304,/Users/free_1/Library/Mobile Documents/iCloud~md~obsidian/Documents/cpp-checker/branch_3/artifacts/lca_tree_stress_v5/diag_ac3_correctness_capture_current/runs/correctness_fuzz/star_pairs/n64/seed3_L1_Q0
correctness_fuzz,star_pairs,64,3,1,1,1,0,0,1,0.203656,2272,/Users/free_1/Library/Mobile Documents/iCloud~md~obsidian/Documents/cpp-checker/branch_3/artifacts/lca_tree_stress_v5/diag_ac3_correctness_capture_current/runs/correctness_fuzz/star_pairs/n64/seed3_L1_Q1
correctness_fuzz,star_pairs,64,4,0,0,1,0,0,1,0.191932,2320,/Users/free_1/Library/Mobile Documents/iCloud~md~obsidian/Documents/cpp-checker/branch_3/artifacts/lca_tree_stress_v5/diag_ac3_correctness_capture_current/runs/correctness_fuzz/star_pairs/n64/seed4_L0_Q0
correctness_fuzz,star_pairs,64,4,0,1,1,0,0,1,0.194244,2352,/Users/free_1/Library/Mobile Documents/iCloud~md~obsidian/Documents/cpp-checker/branch_3/artifacts/lca_tree_stress_v5/diag_ac3_correctness_capture_current/runs/correctness_fuzz/star_pairs/n64/seed4_L0_Q1
correctness_fuzz,star_pairs,64,4,1,0,1,0,0,1,0.184760,2304,/Users/free_1/Library/Mobile Documents/iCloud~md~obsidian/Documents/cpp-checker/branch_3/artifacts/lca_tree_stress_v5/diag_ac3_correctness_capture_current/runs/correctness_fuzz/star_pairs/n64/seed4_L1_Q0
correctness_fuzz,star_pairs,64,4,1,1,1,0,0,1,0.195411,2352,/Users/free_1/Library/Mobile Documents/iCloud~md~obsidian/Documents/cpp-checker/branch_3/artifacts/lca_tree_stress_v5/diag_ac3_correctness_capture_current/runs/correctness_fuzz/star_pairs/n64/seed4_L1_Q1
correctness_fuzz,star_pairs,64,5,0,0,1,0,0,1,0.188568,2288,/Users/free_1/Library/Mobile Documents/iCloud~md~obsidian/Documents/cpp-checker/branch_3/artifacts/lca_tree_stress_v5/diag_ac3_correctness_capture_current/runs/correctness_fuzz/star_pairs/n64/seed5_L0_Q0
correctness_fuzz,star_pairs,64,5,0,1,1,0,0,1,0.196013,2352,/Users/free_1/Library/Mobile Documents/iCloud~md~obsidian/Documents/cpp-checker/branch_3/artifacts/lca_tree_stress_v5/diag_ac3_correctness_capture_current/runs/correctness_fuzz/star_pairs/n64/seed5_L0_Q1
correctness_fuzz,star_pairs,64,5,1,0,1,0,0,1,0.192254,2368,/Users/free_1/Library/Mobile Documents/iCloud~md~obsidian/Documents/cpp-checker/branch_3/artifacts/lca_tree_stress_v5/diag_ac3_correctness_capture_current/runs/correctness_fuzz/star_pairs/n64/seed5_L1_Q0
correctness_fuzz,star_pairs,64,5,1,1,1,0,0,1,0.200793,2304,/Users/free_1/Library/Mobile Documents/iCloud~md~obsidian/Documents/cpp-checker/branch_3/artifacts/lca_tree_stress_v5/diag_ac3_correctness_capture_current/runs/correctness_fuzz/star_pairs/n64/seed5_L1_Q1
correctness_fuzz,star_pairs,128,1,0,0,1,0,0,1,0.211238,3168,/Users/free_1/Library/Mobile Documents/iCloud~md~obsidian/Documents/cpp-checker/branch_3/artifacts/lca_tree_stress_v5/diag_ac3_correctness_capture_current/runs/correctness_fuzz/star_pairs/n128/seed1_L0_Q0
correctness_fuzz,star_pairs,128,1,0,1,1,0,0,1,0.198733,3184,/Users/free_1/Library/Mobile Documents/iCloud~md~obsidian/Documents/cpp-checker/branch_3/artifacts/lca_tree_stress_v5/diag_ac3_correctness_capture_current/runs/correctness_fuzz/star_pairs/n128/seed1_L0_Q1
correctness_fuzz,star_pairs,128,1,1,0,1,0,0,1,0.212420,3232,/Users/free_1/Library/Mobile Documents/iCloud~md~obsidian/Documents/cpp-checker/branch_3/artifacts/lca_tree_stress_v5/diag_ac3_correctness_capture_current/runs/correctness_fuzz/star_pairs/n128/seed1_L1_Q0
correctness_fuzz,star_pairs,128,1,1,1,1,0,0,1,0.214315,3152,/Users/free_1/Library/Mobile Documents/iCloud~md~obsidian/Documents/cpp-checker/branch_3/artifacts/lca_tree_stress_v5/diag_ac3_correctness_capture_current/runs/correctness_fuzz/star_pairs/n128/seed1_L1_Q1
correctness_fuzz,star_pairs,128,2,0,0,1,0,0,1,0.208150,3216,/Users/free_1/Library/Mobile Documents/iCloud~md~obsidian/Documents/cpp-checker/branch_3/artifacts/lca_tree_stress_v5/diag_ac3_correctness_capture_current/runs/correctness_fuzz/star_pairs/n128/seed2_L0_Q0
correctness_fuzz,star_pairs,128,2,0,1,1,0,0,1,0.208052,3152,/Users/free_1/Library/Mobile Documents/iCloud~md~obsidian/Documents/cpp-checker/branch_3/artifacts/lca_tree_stress_v5/diag_ac3_correctness_capture_current/runs/correctness_fuzz/star_pairs/n128/seed2_L0_Q1
correctness_fuzz,star_pairs,128,2,1,0,1,0,0,1,0.201096,3232,/Users/free_1/Library/Mobile Documents/iCloud~md~obsidian/Documents/cpp-checker/branch_3/artifacts/lca_tree_stress_v5/diag_ac3_correctness_capture_current/runs/correctness_fuzz/star_pairs/n128/seed2_L1_Q0
correctness_fuzz,star_pairs,128,2,1,1,1,0,0,1,0.221456,3168,/Users/free_1/Library/Mobile Documents/iCloud~md~obsidian/Documents/cpp-checker/branch_3/artifacts/lca_tree_stress_v5/diag_ac3_correctness_capture_current/runs/correctness_fuzz/star_pairs/n128/seed2_L1_Q1
correctness_fuzz,star_pairs,128,3,0,0,1,0,0,1,0.195701,3168,/Users/free_1/Library/Mobile Documents/iCloud~md~obsidian/Documents/cpp-checker/branch_3/artifacts/lca_tree_stress_v5/diag_ac3_correctness_capture_current/runs/correctness_fuzz/star_pairs/n128/seed3_L0_Q0
correctness_fuzz,star_pairs,128,3,0,1,1,0,0,1,0.227716,3152,/Users/free_1/Library/Mobile Documents/iCloud~md~obsidian/Documents/cpp-checker/branch_3/artifacts/lca_tree_stress_v5/diag_ac3_correctness_capture_current/runs/correctness_fuzz/star_pairs/n128/seed3_L0_Q1
correctness_fuzz,star_pairs,128,3,1,0,1,0,0,1,0.253475,3184,/Users/free_1/Library/Mobile Documents/iCloud~md~obsidian/Documents/cpp-checker/branch_3/artifacts/lca_tree_stress_v5/diag_ac3_correctness_capture_current/runs/correctness_fuzz/star_pairs/n128/seed3_L1_Q0
correctness_fuzz,star_pairs,128,3,1,1,1,0,0,1,0.208921,3184,/Users/free_1/Library/Mobile Documents/iCloud~md~obsidian/Documents/cpp-checker/branch_3/artifacts/lca_tree_stress_v5/diag_ac3_correctness_capture_current/runs/correctness_fuzz/star_pairs/n128/seed3_L1_Q1
correctness_fuzz,star_pairs,128,4,0,0,1,0,0,1,0.216761,3168,/Users/free_1/Library/Mobile Documents/iCloud~md~obsidian/Documents/cpp-checker/branch_3/artifacts/lca_tree_stress_v5/diag_ac3_correctness_capture_current/runs/correctness_fuzz/star_pairs/n128/seed4_L0_Q0
correctness_fuzz,star_pairs,128,4,0,1,1,0,0,1,0.216981,3184,/Users/free_1/Library/Mobile Documents/iCloud~md~obsidian/Documents/cpp-checker/branch_3/artifacts/lca_tree_stress_v5/diag_ac3_correctness_capture_current/runs/correctness_fuzz/star_pairs/n128/seed4_L0_Q1
correctness_fuzz,star_pairs,128,4,1,0,1,0,0,1,0.217461,3152,/Users/free_1/Library/Mobile Documents/iCloud~md~obsidian/Documents/cpp-checker/branch_3/artifacts/lca_tree_stress_v5/diag_ac3_correctness_capture_current/runs/correctness_fuzz/star_pairs/n128/seed4_L1_Q0
correctness_fuzz,star_pairs,128,4,1,1,1,0,0,1,0.218526,3184,/Users/free_1/Library/Mobile Documents/iCloud~md~obsidian/Documents/cpp-checker/branch_3/artifacts/lca_tree_stress_v5/diag_ac3_correctness_capture_current/runs/correctness_fuzz/star_pairs/n128/seed4_L1_Q1
correctness_fuzz,star_pairs,128,5,0,0,1,0,0,1,0.206668,3168,/Users/free_1/Library/Mobile Documents/iCloud~md~obsidian/Documents/cpp-checker/branch_3/artifacts/lca_tree_stress_v5/diag_ac3_correctness_capture_current/runs/correctness_fuzz/star_pairs/n128/seed5_L0_Q0
correctness_fuzz,star_pairs,128,5,0,1,1,0,0,1,0.226631,3232,/Users/free_1/Library/Mobile Documents/iCloud~md~obsidian/Documents/cpp-checker/branch_3/artifacts/lca_tree_stress_v5/diag_ac3_correctness_capture_current/runs/correctness_fuzz/star_pairs/n128/seed5_L0_Q1
correctness_fuzz,star_pairs,128,5,1,0,1,0,0,1,0.213554,3216,/Users/free_1/Library/Mobile Documents/iCloud~md~obsidian/Documents/cpp-checker/branch_3/artifacts/lca_tree_stress_v5/diag_ac3_correctness_capture_current/runs/correctness_fuzz/star_pairs/n128/seed5_L1_Q0
correctness_fuzz,star_pairs,128,5,1,1,1,0,0,1,0.211662,3216,/Users/free_1/Library/Mobile Documents/iCloud~md~obsidian/Documents/cpp-checker/branch_3/artifacts/lca_tree_stress_v5/diag_ac3_correctness_capture_current/runs/correctness_fuzz/star_pairs/n128/seed5_L1_Q1
correctness_fuzz,star_pairs,256,1,0,0,1,0,0,1,0.308304,7216,/Users/free_1/Library/Mobile Documents/iCloud~md~obsidian/Documents/cpp-checker/branch_3/artifacts/lca_tree_stress_v5/diag_ac3_correctness_capture_current/runs/correctness_fuzz/star_pairs/n256/seed1_L0_Q0
correctness_fuzz,star_pairs,256,1,0,1,1,0,0,1,0.298726,7168,/Users/free_1/Library/Mobile Documents/iCloud~md~obsidian/Documents/cpp-checker/branch_3/artifacts/lca_tree_stress_v5/diag_ac3_correctness_capture_current/runs/correctness_fuzz/star_pairs/n256/seed1_L0_Q1
correctness_fuzz,star_pairs,256,1,1,0,1,0,0,1,0.302137,7152,/Users/free_1/Library/Mobile Documents/iCloud~md~obsidian/Documents/cpp-checker/branch_3/artifacts/lca_tree_stress_v5/diag_ac3_correctness_capture_current/runs/correctness_fuzz/star_pairs/n256/seed1_L1_Q0
correctness_fuzz,star_pairs,256,1,1,1,1,0,0,1,0.298623,7216,/Users/free_1/Library/Mobile Documents/iCloud~md~obsidian/Documents/cpp-checker/branch_3/artifacts/lca_tree_stress_v5/diag_ac3_correctness_capture_current/runs/correctness_fuzz/star_pairs/n256/seed1_L1_Q1
correctness_fuzz,star_pairs,256,2,0,0,1,0,0,1,0.297798,7152,/Users/free_1/Library/Mobile Documents/iCloud~md~obsidian/Documents/cpp-checker/branch_3/artifacts/lca_tree_stress_v5/diag_ac3_correctness_capture_current/runs/correctness_fuzz/star_pairs/n256/seed2_L0_Q0
correctness_fuzz,star_pairs,256,2,0,1,1,0,0,1,0.319696,7184,/Users/free_1/Library/Mobile Documents/iCloud~md~obsidian/Documents/cpp-checker/branch_3/artifacts/lca_tree_stress_v5/diag_ac3_correctness_capture_current/runs/correctness_fuzz/star_pairs/n256/seed2_L0_Q1
correctness_fuzz,star_pairs,256,2,1,0,1,0,0,1,0.294682,7184,/Users/free_1/Library/Mobile Documents/iCloud~md~obsidian/Documents/cpp-checker/branch_3/artifacts/lca_tree_stress_v5/diag_ac3_correctness_capture_current/runs/correctness_fuzz/star_pairs/n256/seed2_L1_Q0
correctness_fuzz,star_pairs,256,2,1,1,1,0,0,1,0.298718,7184,/Users/free_1/Library/Mobile Documents/iCloud~md~obsidian/Documents/cpp-checker/branch_3/artifacts/lca_tree_stress_v5/diag_ac3_correctness_capture_current/runs/correctness_fuzz/star_pairs/n256/seed2_L1_Q1
correctness_fuzz,star_pairs,256,3,0,0,1,0,0,1,0.299571,7200,/Users/free_1/Library/Mobile Documents/iCloud~md~obsidian/Documents/cpp-checker/branch_3/artifacts/lca_tree_stress_v5/diag_ac3_correctness_capture_current/runs/correctness_fuzz/star_pairs/n256/seed3_L0_Q0
correctness_fuzz,star_pairs,256,3,0,1,1,0,0,1,0.313798,7568,/Users/free_1/Library/Mobile Documents/iCloud~md~obsidian/Documents/cpp-checker/branch_3/artifacts/lca_tree_stress_v5/diag_ac3_correctness_capture_current/runs/correctness_fuzz/star_pairs/n256/seed3_L0_Q1
correctness_fuzz,star_pairs,256,3,1,0,1,0,0,1,0.313188,7168,/Users/free_1/Library/Mobile Documents/iCloud~md~obsidian/Documents/cpp-checker/branch_3/artifacts/lca_tree_stress_v5/diag_ac3_correctness_capture_current/runs/correctness_fuzz/star_pairs/n256/seed3_L1_Q0
correctness_fuzz,star_pairs,256,3,1,1,1,0,0,1,0.297065,7216,/Users/free_1/Library/Mobile Documents/iCloud~md~obsidian/Documents/cpp-checker/branch_3/artifacts/lca_tree_stress_v5/diag_ac3_correctness_capture_current/runs/correctness_fuzz/star_pairs/n256/seed3_L1_Q1
correctness_fuzz,star_pairs,256,4,0,0,1,0,0,1,0.285260,7152,/Users/free_1/Library/Mobile Documents/iCloud~md~obsidian/Documents/cpp-checker/branch_3/artifacts/lca_tree_stress_v5/diag_ac3_correctness_capture_current/runs/correctness_fuzz/star_pairs/n256/seed4_L0_Q0
correctness_fuzz,star_pairs,256,4,0,1,1,0,0,1,0.300516,7200,/Users/free_1/Library/Mobile Documents/iCloud~md~obsidian/Documents/cpp-checker/branch_3/artifacts/lca_tree_stress_v5/diag_ac3_correctness_capture_current/runs/correctness_fuzz/star_pairs/n256/seed4_L0_Q1
correctness_fuzz,star_pairs,256,4,1,0,1,0,0,1,0.291913,7280,/Users/free_1/Library/Mobile Documents/iCloud~md~obsidian/Documents/cpp-checker/branch_3/artifacts/lca_tree_stress_v5/diag_ac3_correctness_capture_current/runs/correctness_fuzz/star_pairs/n256/seed4_L1_Q0
correctness_fuzz,star_pairs,256,4,1,1,1,0,0,1,0.293901,7184,/Users/free_1/Library/Mobile Documents/iCloud~md~obsidian/Documents/cpp-checker/branch_3/artifacts/lca_tree_stress_v5/diag_ac3_correctness_capture_current/runs/correctness_fuzz/star_pairs/n256/seed4_L1_Q1
correctness_fuzz,star_pairs,256,5,0,0,1,0,0,1,0.307067,7216,/Users/free_1/Library/Mobile Documents/iCloud~md~obsidian/Documents/cpp-checker/branch_3/artifacts/lca_tree_stress_v5/diag_ac3_correctness_capture_current/runs/correctness_fuzz/star_pairs/n256/seed5_L0_Q0
correctness_fuzz,star_pairs,256,5,0,1,1,0,0,1,0.307748,7280,/Users/free_1/Library/Mobile Documents/iCloud~md~obsidian/Documents/cpp-checker/branch_3/artifacts/lca_tree_stress_v5/diag_ac3_correctness_capture_current/runs/correctness_fuzz/star_pairs/n256/seed5_L0_Q1
correctness_fuzz,star_pairs,256,5,1,0,1,0,0,1,0.313982,7216,/Users/free_1/Library/Mobile Documents/iCloud~md~obsidian/Documents/cpp-checker/branch_3/artifacts/lca_tree_stress_v5/diag_ac3_correctness_capture_current/runs/correctness_fuzz/star_pairs/n256/seed5_L1_Q0
correctness_fuzz,star_pairs,256,5,1,1,1,0,0,1,0.305800,7776,/Users/free_1/Library/Mobile Documents/iCloud~md~obsidian/Documents/cpp-checker/branch_3/artifacts/lca_tree_stress_v5/diag_ac3_correctness_capture_current/runs/correctness_fuzz/star_pairs/n256/seed5_L1_Q1
correctness_fuzz,star_pairs,512,1,0,0,1,0,0,1,0.519232,18736,/Users/free_1/Library/Mobile Documents/iCloud~md~obsidian/Documents/cpp-checker/branch_3/artifacts/lca_tree_stress_v5/diag_ac3_correctness_capture_current/runs/correctness_fuzz/star_pairs/n512/seed1_L0_Q0
correctness_fuzz,star_pairs,512,1,0,1,1,0,0,1,0.551496,18784,/Users/free_1/Library/Mobile Documents/iCloud~md~obsidian/Documents/cpp-checker/branch_3/artifacts/lca_tree_stress_v5/diag_ac3_correctness_capture_current/runs/correctness_fuzz/star_pairs/n512/seed1_L0_Q1
correctness_fuzz,star_pairs,512,1,1,0,1,0,0,1,0.550715,18272,/Users/free_1/Library/Mobile Documents/iCloud~md~obsidian/Documents/cpp-checker/branch_3/artifacts/lca_tree_stress_v5/diag_ac3_correctness_capture_current/runs/correctness_fuzz/star_pairs/n512/seed1_L1_Q0
correctness_fuzz,star_pairs,512,1,1,1,1,0,0,1,0.563679,18272,/Users/free_1/Library/Mobile Documents/iCloud~md~obsidian/Documents/cpp-checker/branch_3/artifacts/lca_tree_stress_v5/diag_ac3_correctness_capture_current/runs/correctness_fuzz/star_pairs/n512/seed1_L1_Q1
correctness_fuzz,star_pairs,512,2,0,0,1,0,0,1,0.596580,18752,/Users/free_1/Library/Mobile Documents/iCloud~md~obsidian/Documents/cpp-checker/branch_3/artifacts/lca_tree_stress_v5/diag_ac3_correctness_capture_current/runs/correctness_fuzz/star_pairs/n512/seed2_L0_Q0
correctness_fuzz,star_pairs,512,2,0,1,1,0,0,1,0.589531,18784,/Users/free_1/Library/Mobile Documents/iCloud~md~obsidian/Documents/cpp-checker/branch_3/artifacts/lca_tree_stress_v5/diag_ac3_correctness_capture_current/runs/correctness_fuzz/star_pairs/n512/seed2_L0_Q1
correctness_fuzz,star_pairs,512,2,1,0,1,0,0,1,0.543002,18592,/Users/free_1/Library/Mobile Documents/iCloud~md~obsidian/Documents/cpp-checker/branch_3/artifacts/lca_tree_stress_v5/diag_ac3_correctness_capture_current/runs/correctness_fuzz/star_pairs/n512/seed2_L1_Q0
correctness_fuzz,star_pairs,512,2,1,1,1,0,0,1,0.535865,18912,/Users/free_1/Library/Mobile Documents/iCloud~md~obsidian/Documents/cpp-checker/branch_3/artifacts/lca_tree_stress_v5/diag_ac3_correctness_capture_current/runs/correctness_fuzz/star_pairs/n512/seed2_L1_Q1
correctness_fuzz,star_pairs,512,3,0,0,1,0,0,1,0.520056,18656,/Users/free_1/Library/Mobile Documents/iCloud~md~obsidian/Documents/cpp-checker/branch_3/artifacts/lca_tree_stress_v5/diag_ac3_correctness_capture_current/runs/correctness_fuzz/star_pairs/n512/seed3_L0_Q0
correctness_fuzz,star_pairs,512,3,0,1,1,0,0,1,0.545279,18752,/Users/free_1/Library/Mobile Documents/iCloud~md~obsidian/Documents/cpp-checker/branch_3/artifacts/lca_tree_stress_v5/diag_ac3_correctness_capture_current/runs/correctness_fuzz/star_pairs/n512/seed3_L0_Q1
correctness_fuzz,star_pairs,512,3,1,0,1,0,0,1,0.544299,18368,/Users/free_1/Library/Mobile Documents/iCloud~md~obsidian/Documents/cpp-checker/branch_3/artifacts/lca_tree_stress_v5/diag_ac3_correctness_capture_current/runs/correctness_fuzz/star_pairs/n512/seed3_L1_Q0
correctness_fuzz,star_pairs,512,3,1,1,1,0,0,1,0.556664,18336,/Users/free_1/Library/Mobile Documents/iCloud~md~obsidian/Documents/cpp-checker/branch_3/artifacts/lca_tree_stress_v5/diag_ac3_correctness_capture_current/runs/correctness_fuzz/star_pairs/n512/seed3_L1_Q1
correctness_fuzz,star_pairs,512,4,0,0,1,0,0,1,0.529401,18640,/Users/free_1/Library/Mobile Documents/iCloud~md~obsidian/Documents/cpp-checker/branch_3/artifacts/lca_tree_stress_v5/diag_ac3_correctness_capture_current/runs/correctness_fuzz/star_pairs/n512/seed4_L0_Q0
correctness_fuzz,star_pairs,512,4,0,1,1,0,0,1,0.563503,18800,/Users/free_1/Library/Mobile Documents/iCloud~md~obsidian/Documents/cpp-checker/branch_3/artifacts/lca_tree_stress_v5/diag_ac3_correctness_capture_current/runs/correctness_fuzz/star_pairs/n512/seed4_L0_Q1
correctness_fuzz,star_pairs,512,4,1,0,1,0,0,1,0.553485,18528,/Users/free_1/Library/Mobile Documents/iCloud~md~obsidian/Documents/cpp-checker/branch_3/artifacts/lca_tree_stress_v5/diag_ac3_correctness_capture_current/runs/correctness_fuzz/star_pairs/n512/seed4_L1_Q0
correctness_fuzz,star_pairs,512,4,1,1,1,0,0,1,0.548073,18544,/Users/free_1/Library/Mobile Documents/iCloud~md~obsidian/Documents/cpp-checker/branch_3/artifacts/lca_tree_stress_v5/diag_ac3_correctness_capture_current/runs/correctness_fuzz/star_pairs/n512/seed4_L1_Q1
correctness_fuzz,star_pairs,512,5,0,0,1,0,0,1,0.529654,18688,/Users/free_1/Library/Mobile Documents/iCloud~md~obsidian/Documents/cpp-checker/branch_3/artifacts/lca_tree_stress_v5/diag_ac3_correctness_capture_current/runs/correctness_fuzz/star_pairs/n512/seed5_L0_Q0
correctness_fuzz,star_pairs,512,5,0,1,1,0,0,1,0.547725,18640,/Users/free_1/Library/Mobile Documents/iCloud~md~obsidian/Documents/cpp-checker/branch_3/artifacts/lca_tree_stress_v5/diag_ac3_correctness_capture_current/runs/correctness_fuzz/star_pairs/n512/seed5_L0_Q1
correctness_fuzz,star_pairs,512,5,1,0,1,0,0,1,0.566279,18528,/Users/free_1/Library/Mobile Documents/iCloud~md~obsidian/Documents/cpp-checker/branch_3/artifacts/lca_tree_stress_v5/diag_ac3_correctness_capture_current/runs/correctness_fuzz/star_pairs/n512/seed5_L1_Q0
correctness_fuzz,star_pairs,512,5,1,1,1,0,0,1,0.545816,18512,/Users/free_1/Library/Mobile Documents/iCloud~md~obsidian/Documents/cpp-checker/branch_3/artifacts/lca_tree_stress_v5/diag_ac3_correctness_capture_current/runs/correctness_fuzz/star_pairs/n512/seed5_L1_Q1
correctness_fuzz,star_pairs,1024,1,0,0,1,0,0,1,0.527065,19456,/Users/free_1/Library/Mobile Documents/iCloud~md~obsidian/Documents/cpp-checker/branch_3/artifacts/lca_tree_stress_v5/diag_ac3_correctness_capture_current/runs/correctness_fuzz/star_pairs/n1024/seed1_L0_Q0
correctness_fuzz,star_pairs,1024,1,0,1,1,0,0,1,0.552272,19440,/Users/free_1/Library/Mobile Documents/iCloud~md~obsidian/Documents/cpp-checker/branch_3/artifacts/lca_tree_stress_v5/diag_ac3_correctness_capture_current/runs/correctness_fuzz/star_pairs/n1024/seed1_L0_Q1
correctness_fuzz,star_pairs,1024,1,1,0,1,0,0,1,0.567098,19504,/Users/free_1/Library/Mobile Documents/iCloud~md~obsidian/Documents/cpp-checker/branch_3/artifacts/lca_tree_stress_v5/diag_ac3_correctness_capture_current/runs/correctness_fuzz/star_pairs/n1024/seed1_L1_Q0
correctness_fuzz,star_pairs,1024,1,1,1,1,0,0,1,0.574083,19568,/Users/free_1/Library/Mobile Documents/iCloud~md~obsidian/Documents/cpp-checker/branch_3/artifacts/lca_tree_stress_v5/diag_ac3_correctness_capture_current/runs/correctness_fuzz/star_pairs/n1024/seed1_L1_Q1
correctness_fuzz,star_pairs,1024,2,0,0,1,0,0,1,0.538001,19440,/Users/free_1/Library/Mobile Documents/iCloud~md~obsidian/Documents/cpp-checker/branch_3/artifacts/lca_tree_stress_v5/diag_ac3_correctness_capture_current/runs/correctness_fuzz/star_pairs/n1024/seed2_L0_Q0
correctness_fuzz,star_pairs,1024,2,0,1,1,0,0,1,0.543854,19504,/Users/free_1/Library/Mobile Documents/iCloud~md~obsidian/Documents/cpp-checker/branch_3/artifacts/lca_tree_stress_v5/diag_ac3_correctness_capture_current/runs/correctness_fuzz/star_pairs/n1024/seed2_L0_Q1
correctness_fuzz,star_pairs,1024,2,1,0,1,0,0,1,0.563572,19536,/Users/free_1/Library/Mobile Documents/iCloud~md~obsidian/Documents/cpp-checker/branch_3/artifacts/lca_tree_stress_v5/diag_ac3_correctness_capture_current/runs/correctness_fuzz/star_pairs/n1024/seed2_L1_Q0
correctness_fuzz,star_pairs,1024,2,1,1,1,0,0,1,0.582249,20816,/Users/free_1/Library/Mobile Documents/iCloud~md~obsidian/Documents/cpp-checker/branch_3/artifacts/lca_tree_stress_v5/diag_ac3_correctness_capture_current/runs/correctness_fuzz/star_pairs/n1024/seed2_L1_Q1
correctness_fuzz,star_pairs,1024,3,0,0,1,0,0,1,0.547666,19424,/Users/free_1/Library/Mobile Documents/iCloud~md~obsidian/Documents/cpp-checker/branch_3/artifacts/lca_tree_stress_v5/diag_ac3_correctness_capture_current/runs/correctness_fuzz/star_pairs/n1024/seed3_L0_Q0
correctness_fuzz,star_pairs,1024,3,0,1,1,0,0,1,0.557055,19440,/Users/free_1/Library/Mobile Documents/iCloud~md~obsidian/Documents/cpp-checker/branch_3/artifacts/lca_tree_stress_v5/diag_ac3_correctness_capture_current/runs/correctness_fuzz/star_pairs/n1024/seed3_L0_Q1
correctness_fuzz,star_pairs,1024,3,1,0,1,0,0,1,0.542954,19536,/Users/free_1/Library/Mobile Documents/iCloud~md~obsidian/Documents/cpp-checker/branch_3/artifacts/lca_tree_stress_v5/diag_ac3_correctness_capture_current/runs/correctness_fuzz/star_pairs/n1024/seed3_L1_Q0
correctness_fuzz,star_pairs,1024,3,1,1,1,0,0,1,0.561848,19600,/Users/free_1/Library/Mobile Documents/iCloud~md~obsidian/Documents/cpp-checker/branch_3/artifacts/lca_tree_stress_v5/diag_ac3_correctness_capture_current/runs/correctness_fuzz/star_pairs/n1024/seed3_L1_Q1
correctness_fuzz,star_pairs,1024,4,0,0,1,0,0,1,0.550399,19440,/Users/free_1/Library/Mobile Documents/iCloud~md~obsidian/Documents/cpp-checker/branch_3/artifacts/lca_tree_stress_v5/diag_ac3_correctness_capture_current/runs/correctness_fuzz/star_pairs/n1024/seed4_L0_Q0
correctness_fuzz,star_pairs,1024,4,0,1,1,0,0,1,0.576282,19456,/Users/free_1/Library/Mobile Documents/iCloud~md~obsidian/Documents/cpp-checker/branch_3/artifacts/lca_tree_stress_v5/diag_ac3_correctness_capture_current/runs/correctness_fuzz/star_pairs/n1024/seed4_L0_Q1
correctness_fuzz,star_pairs,1024,4,1,0,1,0,0,1,0.547673,19552,/Users/free_1/Library/Mobile Documents/iCloud~md~obsidian/Documents/cpp-checker/branch_3/artifacts/lca_tree_stress_v5/diag_ac3_correctness_capture_current/runs/correctness_fuzz/star_pairs/n1024/seed4_L1_Q0
correctness_fuzz,star_pairs,1024,4,1,1,1,0,0,1,0.576109,19552,/Users/free_1/Library/Mobile Documents/iCloud~md~obsidian/Documents/cpp-checker/branch_3/artifacts/lca_tree_stress_v5/diag_ac3_correctness_capture_current/runs/correctness_fuzz/star_pairs/n1024/seed4_L1_Q1
correctness_fuzz,star_pairs,1024,5,0,0,1,0,0,1,0.529950,19456,/Users/free_1/Library/Mobile Documents/iCloud~md~obsidian/Documents/cpp-checker/branch_3/artifacts/lca_tree_stress_v5/diag_ac3_correctness_capture_current/runs/correctness_fuzz/star_pairs/n1024/seed5_L0_Q0
correctness_fuzz,star_pairs,1024,5,0,1,1,0,0,1,0.581347,19440,/Users/free_1/Library/Mobile Documents/iCloud~md~obsidian/Documents/cpp-checker/branch_3/artifacts/lca_tree_stress_v5/diag_ac3_correctness_capture_current/runs/correctness_fuzz/star_pairs/n1024/seed5_L0_Q1
correctness_fuzz,star_pairs,1024,5,1,0,1,0,0,1,0.575392,20784,/Users/free_1/Library/Mobile Documents/iCloud~md~obsidian/Documents/cpp-checker/branch_3/artifacts/lca_tree_stress_v5/diag_ac3_correctness_capture_current/runs/correctness_fuzz/star_pairs/n1024/seed5_L1_Q0
correctness_fuzz,star_pairs,1024,5,1,1,1,0,0,1,0.564835,19536,/Users/free_1/Library/Mobile Documents/iCloud~md~obsidian/Documents/cpp-checker/branch_3/artifacts/lca_tree_stress_v5/diag_ac3_correctness_capture_current/runs/correctness_fuzz/star_pairs/n1024/seed5_L1_Q1
correctness_fuzz,balanced_dense,64,1,0,0,1,0,0,1,0.201208,2864,/Users/free_1/Library/Mobile Documents/iCloud~md~obsidian/Documents/cpp-checker/branch_3/artifacts/lca_tree_stress_v5/diag_ac3_correctness_capture_current/runs/correctness_fuzz/balanced_dense/n64/seed1_L0_Q0
correctness_fuzz,balanced_dense,64,1,0,1,1,0,0,1,0.197879,2800,/Users/free_1/Library/Mobile Documents/iCloud~md~obsidian/Documents/cpp-checker/branch_3/artifacts/lca_tree_stress_v5/diag_ac3_correctness_capture_current/runs/correctness_fuzz/balanced_dense/n64/seed1_L0_Q1
correctness_fuzz,balanced_dense,64,1,1,0,1,0,0,1,0.216464,2880,/Users/free_1/Library/Mobile Documents/iCloud~md~obsidian/Documents/cpp-checker/branch_3/artifacts/lca_tree_stress_v5/diag_ac3_correctness_capture_current/runs/correctness_fuzz/balanced_dense/n64/seed1_L1_Q0
correctness_fuzz,balanced_dense,64,1,1,1,1,0,0,1,0.204241,2864,/Users/free_1/Library/Mobile Documents/iCloud~md~obsidian/Documents/cpp-checker/branch_3/artifacts/lca_tree_stress_v5/diag_ac3_correctness_capture_current/runs/correctness_fuzz/balanced_dense/n64/seed1_L1_Q1
correctness_fuzz,balanced_dense,64,2,0,0,1,0,0,1,0.198312,2864,/Users/free_1/Library/Mobile Documents/iCloud~md~obsidian/Documents/cpp-checker/branch_3/artifacts/lca_tree_stress_v5/diag_ac3_correctness_capture_current/runs/correctness_fuzz/balanced_dense/n64/seed2_L0_Q0
correctness_fuzz,balanced_dense,64,2,0,1,1,0,0,1,0.203684,2816,/Users/free_1/Library/Mobile Documents/iCloud~md~obsidian/Documents/cpp-checker/branch_3/artifacts/lca_tree_stress_v5/diag_ac3_correctness_capture_current/runs/correctness_fuzz/balanced_dense/n64/seed2_L0_Q1
correctness_fuzz,balanced_dense,64,2,1,0,1,0,0,1,0.238970,2864,/Users/free_1/Library/Mobile Documents/iCloud~md~obsidian/Documents/cpp-checker/branch_3/artifacts/lca_tree_stress_v5/diag_ac3_correctness_capture_current/runs/correctness_fuzz/balanced_dense/n64/seed2_L1_Q0
correctness_fuzz,balanced_dense,64,2,1,1,1,0,0,1,0.286695,2960,/Users/free_1/Library/Mobile Documents/iCloud~md~obsidian/Documents/cpp-checker/branch_3/artifacts/lca_tree_stress_v5/diag_ac3_correctness_capture_current/runs/correctness_fuzz/balanced_dense/n64/seed2_L1_Q1
correctness_fuzz,balanced_dense,64,3,0,0,1,0,0,1,0.194259,2784,/Users/free_1/Library/Mobile Documents/iCloud~md~obsidian/Documents/cpp-checker/branch_3/artifacts/lca_tree_stress_v5/diag_ac3_correctness_capture_current/runs/correctness_fuzz/balanced_dense/n64/seed3_L0_Q0
correctness_fuzz,balanced_dense,64,3,0,1,1,0,0,1,0.200317,2848,/Users/free_1/Library/Mobile Documents/iCloud~md~obsidian/Documents/cpp-checker/branch_3/artifacts/lca_tree_stress_v5/diag_ac3_correctness_capture_current/runs/correctness_fuzz/balanced_dense/n64/seed3_L0_Q1
correctness_fuzz,balanced_dense,64,3,1,0,1,0,0,1,0.191726,2848,/Users/free_1/Library/Mobile Documents/iCloud~md~obsidian/Documents/cpp-checker/branch_3/artifacts/lca_tree_stress_v5/diag_ac3_correctness_capture_current/runs/correctness_fuzz/balanced_dense/n64/seed3_L1_Q0
correctness_fuzz,balanced_dense,64,3,1,1,1,0,0,1,0.198459,2864,/Users/free_1/Library/Mobile Documents/iCloud~md~obsidian/Documents/cpp-checker/branch_3/artifacts/lca_tree_stress_v5/diag_ac3_correctness_capture_current/runs/correctness_fuzz/balanced_dense/n64/seed3_L1_Q1
correctness_fuzz,balanced_dense,64,4,0,0,1,0,0,1,0.204212,2816,/Users/free_1/Library/Mobile Documents/iCloud~md~obsidian/Documents/cpp-checker/branch_3/artifacts/lca_tree_stress_v5/diag_ac3_correctness_capture_current/runs/correctness_fuzz/balanced_dense/n64/seed4_L0_Q0
correctness_fuzz,balanced_dense,64,4,0,1,1,0,0,1,0.203496,2800,/Users/free_1/Library/Mobile Documents/iCloud~md~obsidian/Documents/cpp-checker/branch_3/artifacts/lca_tree_stress_v5/diag_ac3_correctness_capture_current/runs/correctness_fuzz/balanced_dense/n64/seed4_L0_Q1
correctness_fuzz,balanced_dense,64,4,1,0,1,0,0,1,0.197846,2848,/Users/free_1/Library/Mobile Documents/iCloud~md~obsidian/Documents/cpp-checker/branch_3/artifacts/lca_tree_stress_v5/diag_ac3_correctness_capture_current/runs/correctness_fuzz/balanced_dense/n64/seed4_L1_Q0
correctness_fuzz,balanced_dense,64,4,1,1,1,0,0,1,0.249864,2896,/Users/free_1/Library/Mobile Documents/iCloud~md~obsidian/Documents/cpp-checker/branch_3/artifacts/lca_tree_stress_v5/diag_ac3_correctness_capture_current/runs/correctness_fuzz/balanced_dense/n64/seed4_L1_Q1
correctness_fuzz,balanced_dense,64,5,0,0,1,0,0,1,0.214201,2832,/Users/free_1/Library/Mobile Documents/iCloud~md~obsidian/Documents/cpp-checker/branch_3/artifacts/lca_tree_stress_v5/diag_ac3_correctness_capture_current/runs/correctness_fuzz/balanced_dense/n64/seed5_L0_Q0
correctness_fuzz,balanced_dense,64,5,0,1,1,0,0,1,0.191433,2816,/Users/free_1/Library/Mobile Documents/iCloud~md~obsidian/Documents/cpp-checker/branch_3/artifacts/lca_tree_stress_v5/diag_ac3_correctness_capture_current/runs/correctness_fuzz/balanced_dense/n64/seed5_L0_Q1
correctness_fuzz,balanced_dense,64,5,1,0,1,0,0,1,0.192110,2848,/Users/free_1/Library/Mobile Documents/iCloud~md~obsidian/Documents/cpp-checker/branch_3/artifacts/lca_tree_stress_v5/diag_ac3_correctness_capture_current/runs/correctness_fuzz/balanced_dense/n64/seed5_L1_Q0
correctness_fuzz,balanced_dense,64,5,1,1,1,0,0,1,0.205622,2880,/Users/free_1/Library/Mobile Documents/iCloud~md~obsidian/Documents/cpp-checker/branch_3/artifacts/lca_tree_stress_v5/diag_ac3_correctness_capture_current/runs/correctness_fuzz/balanced_dense/n64/seed5_L1_Q1
correctness_fuzz,balanced_dense,128,1,0,0,1,0,0,1,0.212531,3856,/Users/free_1/Library/Mobile Documents/iCloud~md~obsidian/Documents/cpp-checker/branch_3/artifacts/lca_tree_stress_v5/diag_ac3_correctness_capture_current/runs/correctness_fuzz/balanced_dense/n128/seed1_L0_Q0
correctness_fuzz,balanced_dense,128,1,0,1,1,0,0,1,0.196602,3776,/Users/free_1/Library/Mobile Documents/iCloud~md~obsidian/Documents/cpp-checker/branch_3/artifacts/lca_tree_stress_v5/diag_ac3_correctness_capture_current/runs/correctness_fuzz/balanced_dense/n128/seed1_L0_Q1
correctness_fuzz,balanced_dense,128,1,1,0,1,0,0,1,0.216758,3744,/Users/free_1/Library/Mobile Documents/iCloud~md~obsidian/Documents/cpp-checker/branch_3/artifacts/lca_tree_stress_v5/diag_ac3_correctness_capture_current/runs/correctness_fuzz/balanced_dense/n128/seed1_L1_Q0
correctness_fuzz,balanced_dense,128,1,1,1,1,0,0,1,0.191057,3824,/Users/free_1/Library/Mobile Documents/iCloud~md~obsidian/Documents/cpp-checker/branch_3/artifacts/lca_tree_stress_v5/diag_ac3_correctness_capture_current/runs/correctness_fuzz/balanced_dense/n128/seed1_L1_Q1
correctness_fuzz,balanced_dense,128,2,0,0,1,0,0,1,0.204149,3840,/Users/free_1/Library/Mobile Documents/iCloud~md~obsidian/Documents/cpp-checker/branch_3/artifacts/lca_tree_stress_v5/diag_ac3_correctness_capture_current/runs/correctness_fuzz/balanced_dense/n128/seed2_L0_Q0
correctness_fuzz,balanced_dense,128,2,0,1,1,0,0,1,0.207955,3744,/Users/free_1/Library/Mobile Documents/iCloud~md~obsidian/Documents/cpp-checker/branch_3/artifacts/lca_tree_stress_v5/diag_ac3_correctness_capture_current/runs/correctness_fuzz/balanced_dense/n128/seed2_L0_Q1
correctness_fuzz,balanced_dense,128,2,1,0,1,0,0,1,0.207483,3808,/Users/free_1/Library/Mobile Documents/iCloud~md~obsidian/Documents/cpp-checker/branch_3/artifacts/lca_tree_stress_v5/diag_ac3_correctness_capture_current/runs/correctness_fuzz/balanced_dense/n128/seed2_L1_Q0
correctness_fuzz,balanced_dense,128,2,1,1,1,0,0,1,0.215927,3728,/Users/free_1/Library/Mobile Documents/iCloud~md~obsidian/Documents/cpp-checker/branch_3/artifacts/lca_tree_stress_v5/diag_ac3_correctness_capture_current/runs/correctness_fuzz/balanced_dense/n128/seed2_L1_Q1
correctness_fuzz,balanced_dense,128,3,0,0,1,0,0,1,0.210846,3792,/Users/free_1/Library/Mobile Documents/iCloud~md~obsidian/Documents/cpp-checker/branch_3/artifacts/lca_tree_stress_v5/diag_ac3_correctness_capture_current/runs/correctness_fuzz/balanced_dense/n128/seed3_L0_Q0
correctness_fuzz,balanced_dense,128,3,0,1,1,0,0,1,0.223122,3808,/Users/free_1/Library/Mobile Documents/iCloud~md~obsidian/Documents/cpp-checker/branch_3/artifacts/lca_tree_stress_v5/diag_ac3_correctness_capture_current/runs/correctness_fuzz/balanced_dense/n128/seed3_L0_Q1
correctness_fuzz,balanced_dense,128,3,1,0,1,0,0,1,0.206409,3792,/Users/free_1/Library/Mobile Documents/iCloud~md~obsidian/Documents/cpp-checker/branch_3/artifacts/lca_tree_stress_v5/diag_ac3_correctness_capture_current/runs/correctness_fuzz/balanced_dense/n128/seed3_L1_Q0
correctness_fuzz,balanced_dense,128,3,1,1,1,0,0,1,0.217050,3744,/Users/free_1/Library/Mobile Documents/iCloud~md~obsidian/Documents/cpp-checker/branch_3/artifacts/lca_tree_stress_v5/diag_ac3_correctness_capture_current/runs/correctness_fuzz/balanced_dense/n128/seed3_L1_Q1
correctness_fuzz,balanced_dense,128,4,0,0,1,0,0,1,0.215615,3728,/Users/free_1/Library/Mobile Documents/iCloud~md~obsidian/Documents/cpp-checker/branch_3/artifacts/lca_tree_stress_v5/diag_ac3_correctness_capture_current/runs/correctness_fuzz/balanced_dense/n128/seed4_L0_Q0
correctness_fuzz,balanced_dense,128,4,0,1,1,0,0,1,0.221311,3840,/Users/free_1/Library/Mobile Documents/iCloud~md~obsidian/Documents/cpp-checker/branch_3/artifacts/lca_tree_stress_v5/diag_ac3_correctness_capture_current/runs/correctness_fuzz/balanced_dense/n128/seed4_L0_Q1
correctness_fuzz,balanced_dense,128,4,1,0,1,0,0,1,0.207810,3840,/Users/free_1/Library/Mobile Documents/iCloud~md~obsidian/Documents/cpp-checker/branch_3/artifacts/lca_tree_stress_v5/diag_ac3_correctness_capture_current/runs/correctness_fuzz/balanced_dense/n128/seed4_L1_Q0
correctness_fuzz,balanced_dense,128,4,1,1,1,0,0,1,0.284758,3792,/Users/free_1/Library/Mobile Documents/iCloud~md~obsidian/Documents/cpp-checker/branch_3/artifacts/lca_tree_stress_v5/diag_ac3_correctness_capture_current/runs/correctness_fuzz/balanced_dense/n128/seed4_L1_Q1
correctness_fuzz,balanced_dense,128,5,0,0,1,0,0,1,0.251568,3792,/Users/free_1/Library/Mobile Documents/iCloud~md~obsidian/Documents/cpp-checker/branch_3/artifacts/lca_tree_stress_v5/diag_ac3_correctness_capture_current/runs/correctness_fuzz/balanced_dense/n128/seed5_L0_Q0
correctness_fuzz,balanced_dense,128,5,0,1,1,0,0,1,0.201353,3840,/Users/free_1/Library/Mobile Documents/iCloud~md~obsidian/Documents/cpp-checker/branch_3/artifacts/lca_tree_stress_v5/diag_ac3_correctness_capture_current/runs/correctness_fuzz/balanced_dense/n128/seed5_L0_Q1
correctness_fuzz,balanced_dense,128,5,1,0,1,0,0,1,0.217640,3824,/Users/free_1/Library/Mobile Documents/iCloud~md~obsidian/Documents/cpp-checker/branch_3/artifacts/lca_tree_stress_v5/diag_ac3_correctness_capture_current/runs/correctness_fuzz/balanced_dense/n128/seed5_L1_Q0
correctness_fuzz,balanced_dense,128,5,1,1,1,0,0,1,0.198141,3808,/Users/free_1/Library/Mobile Documents/iCloud~md~obsidian/Documents/cpp-checker/branch_3/artifacts/lca_tree_stress_v5/diag_ac3_correctness_capture_current/runs/correctness_fuzz/balanced_dense/n128/seed5_L1_Q1
correctness_fuzz,balanced_dense,256,1,0,0,1,0,0,1,0.229845,5632,/Users/free_1/Library/Mobile Documents/iCloud~md~obsidian/Documents/cpp-checker/branch_3/artifacts/lca_tree_stress_v5/diag_ac3_correctness_capture_current/runs/correctness_fuzz/balanced_dense/n256/seed1_L0_Q0
correctness_fuzz,balanced_dense,256,1,0,1,1,0,0,1,0.214997,5616,/Users/free_1/Library/Mobile Documents/iCloud~md~obsidian/Documents/cpp-checker/branch_3/artifacts/lca_tree_stress_v5/diag_ac3_correctness_capture_current/runs/correctness_fuzz/balanced_dense/n256/seed1_L0_Q1
correctness_fuzz,balanced_dense,256,1,1,0,1,0,0,1,0.230522,5856,/Users/free_1/Library/Mobile Documents/iCloud~md~obsidian/Documents/cpp-checker/branch_3/artifacts/lca_tree_stress_v5/diag_ac3_correctness_capture_current/runs/correctness_fuzz/balanced_dense/n256/seed1_L1_Q0
correctness_fuzz,balanced_dense,256,1,1,1,1,0,0,1,0.266758,5792,/Users/free_1/Library/Mobile Documents/iCloud~md~obsidian/Documents/cpp-checker/branch_3/artifacts/lca_tree_stress_v5/diag_ac3_correctness_capture_current/runs/correctness_fuzz/balanced_dense/n256/seed1_L1_Q1
correctness_fuzz,balanced_dense,256,2,0,0,1,0,0,1,0.255562,5536,/Users/free_1/Library/Mobile Documents/iCloud~md~obsidian/Documents/cpp-checker/branch_3/artifacts/lca_tree_stress_v5/diag_ac3_correctness_capture_current/runs/correctness_fuzz/balanced_dense/n256/seed2_L0_Q0
correctness_fuzz,balanced_dense,256,2,0,1,1,0,0,1,0.226112,5680,/Users/free_1/Library/Mobile Documents/iCloud~md~obsidian/Documents/cpp-checker/branch_3/artifacts/lca_tree_stress_v5/diag_ac3_correctness_capture_current/runs/correctness_fuzz/balanced_dense/n256/seed2_L0_Q1
correctness_fuzz,balanced_dense,256,2,1,0,1,0,0,1,0.237285,5808,/Users/free_1/Library/Mobile Documents/iCloud~md~obsidian/Documents/cpp-checker/branch_3/artifacts/lca_tree_stress_v5/diag_ac3_correctness_capture_current/runs/correctness_fuzz/balanced_dense/n256/seed2_L1_Q0
correctness_fuzz,balanced_dense,256,2,1,1,1,0,0,1,0.232960,5840,/Users/free_1/Library/Mobile Documents/iCloud~md~obsidian/Documents/cpp-checker/branch_3/artifacts/lca_tree_stress_v5/diag_ac3_correctness_capture_current/runs/correctness_fuzz/balanced_dense/n256/seed2_L1_Q1
correctness_fuzz,balanced_dense,256,3,0,0,1,0,0,1,0.235214,5568,/Users/free_1/Library/Mobile Documents/iCloud~md~obsidian/Documents/cpp-checker/branch_3/artifacts/lca_tree_stress_v5/diag_ac3_correctness_capture_current/runs/correctness_fuzz/balanced_dense/n256/seed3_L0_Q0
correctness_fuzz,balanced_dense,256,3,0,1,1,0,0,1,0.225933,5616,/Users/free_1/Library/Mobile Documents/iCloud~md~obsidian/Documents/cpp-checker/branch_3/artifacts/lca_tree_stress_v5/diag_ac3_correctness_capture_current/runs/correctness_fuzz/balanced_dense/n256/seed3_L0_Q1
correctness_fuzz,balanced_dense,256,3,1,0,1,0,0,1,0.239548,5712,/Users/free_1/Library/Mobile Documents/iCloud~md~obsidian/Documents/cpp-checker/branch_3/artifacts/lca_tree_stress_v5/diag_ac3_correctness_capture_current/runs/correctness_fuzz/balanced_dense/n256/seed3_L1_Q0
correctness_fuzz,balanced_dense,256,3,1,1,1,0,0,1,0.235039,5808,/Users/free_1/Library/Mobile Documents/iCloud~md~obsidian/Documents/cpp-checker/branch_3/artifacts/lca_tree_stress_v5/diag_ac3_correctness_capture_current/runs/correctness_fuzz/balanced_dense/n256/seed3_L1_Q1
correctness_fuzz,balanced_dense,256,4,0,0,1,0,0,1,0.247949,5632,/Users/free_1/Library/Mobile Documents/iCloud~md~obsidian/Documents/cpp-checker/branch_3/artifacts/lca_tree_stress_v5/diag_ac3_correctness_capture_current/runs/correctness_fuzz/balanced_dense/n256/seed4_L0_Q0
correctness_fuzz,balanced_dense,256,4,0,1,1,0,0,1,0.237672,5568,/Users/free_1/Library/Mobile Documents/iCloud~md~obsidian/Documents/cpp-checker/branch_3/artifacts/lca_tree_stress_v5/diag_ac3_correctness_capture_current/runs/correctness_fuzz/balanced_dense/n256/seed4_L0_Q1
correctness_fuzz,balanced_dense,256,4,1,0,1,0,0,1,0.240367,5712,/Users/free_1/Library/Mobile Documents/iCloud~md~obsidian/Documents/cpp-checker/branch_3/artifacts/lca_tree_stress_v5/diag_ac3_correctness_capture_current/runs/correctness_fuzz/balanced_dense/n256/seed4_L1_Q0
correctness_fuzz,balanced_dense,256,4,1,1,1,0,0,1,0.244651,5776,/Users/free_1/Library/Mobile Documents/iCloud~md~obsidian/Documents/cpp-checker/branch_3/artifacts/lca_tree_stress_v5/diag_ac3_correctness_capture_current/runs/correctness_fuzz/balanced_dense/n256/seed4_L1_Q1
correctness_fuzz,balanced_dense,256,5,0,0,1,0,0,1,0.233417,5632,/Users/free_1/Library/Mobile Documents/iCloud~md~obsidian/Documents/cpp-checker/branch_3/artifacts/lca_tree_stress_v5/diag_ac3_correctness_capture_current/runs/correctness_fuzz/balanced_dense/n256/seed5_L0_Q0
correctness_fuzz,balanced_dense,256,5,0,1,1,0,0,1,0.246442,5696,/Users/free_1/Library/Mobile Documents/iCloud~md~obsidian/Documents/cpp-checker/branch_3/artifacts/lca_tree_stress_v5/diag_ac3_correctness_capture_current/runs/correctness_fuzz/balanced_dense/n256/seed5_L0_Q1
correctness_fuzz,balanced_dense,256,5,1,0,1,0,0,1,0.244273,5792,/Users/free_1/Library/Mobile Documents/iCloud~md~obsidian/Documents/cpp-checker/branch_3/artifacts/lca_tree_stress_v5/diag_ac3_correctness_capture_current/runs/correctness_fuzz/balanced_dense/n256/seed5_L1_Q0
correctness_fuzz,balanced_dense,256,5,1,1,1,0,0,1,0.311576,5920,/Users/free_1/Library/Mobile Documents/iCloud~md~obsidian/Documents/cpp-checker/branch_3/artifacts/lca_tree_stress_v5/diag_ac3_correctness_capture_current/runs/correctness_fuzz/balanced_dense/n256/seed5_L1_Q1
correctness_fuzz,balanced_dense,512,1,0,0,1,0,0,1,0.283834,9264,/Users/free_1/Library/Mobile Documents/iCloud~md~obsidian/Documents/cpp-checker/branch_3/artifacts/lca_tree_stress_v5/diag_ac3_correctness_capture_current/runs/correctness_fuzz/balanced_dense/n512/seed1_L0_Q0
correctness_fuzz,balanced_dense,512,1,0,1,1,0,0,1,0.293440,9248,/Users/free_1/Library/Mobile Documents/iCloud~md~obsidian/Documents/cpp-checker/branch_3/artifacts/lca_tree_stress_v5/diag_ac3_correctness_capture_current/runs/correctness_fuzz/balanced_dense/n512/seed1_L0_Q1
correctness_fuzz,balanced_dense,512,1,1,0,1,0,0,1,0.319013,9856,/Users/free_1/Library/Mobile Documents/iCloud~md~obsidian/Documents/cpp-checker/branch_3/artifacts/lca_tree_stress_v5/diag_ac3_correctness_capture_current/runs/correctness_fuzz/balanced_dense/n512/seed1_L1_Q0
correctness_fuzz,balanced_dense,512,1,1,1,1,0,0,1,0.289404,9856,/Users/free_1/Library/Mobile Documents/iCloud~md~obsidian/Documents/cpp-checker/branch_3/artifacts/lca_tree_stress_v5/diag_ac3_correctness_capture_current/runs/correctness_fuzz/balanced_dense/n512/seed1_L1_Q1
correctness_fuzz,balanced_dense,512,2,0,0,1,0,0,1,0.307123,9312,/Users/free_1/Library/Mobile Documents/iCloud~md~obsidian/Documents/cpp-checker/branch_3/artifacts/lca_tree_stress_v5/diag_ac3_correctness_capture_current/runs/correctness_fuzz/balanced_dense/n512/seed2_L0_Q0
correctness_fuzz,balanced_dense,512,2,0,1,1,0,0,1,0.293754,9264,/Users/free_1/Library/Mobile Documents/iCloud~md~obsidian/Documents/cpp-checker/branch_3/artifacts/lca_tree_stress_v5/diag_ac3_correctness_capture_current/runs/correctness_fuzz/balanced_dense/n512/seed2_L0_Q1
correctness_fuzz,balanced_dense,512,2,1,0,1,0,0,1,0.313147,9936,/Users/free_1/Library/Mobile Documents/iCloud~md~obsidian/Documents/cpp-checker/branch_3/artifacts/lca_tree_stress_v5/diag_ac3_correctness_capture_current/runs/correctness_fuzz/balanced_dense/n512/seed2_L1_Q0
correctness_fuzz,balanced_dense,512,2,1,1,1,0,0,1,0.299209,9664,/Users/free_1/Library/Mobile Documents/iCloud~md~obsidian/Documents/cpp-checker/branch_3/artifacts/lca_tree_stress_v5/diag_ac3_correctness_capture_current/runs/correctness_fuzz/balanced_dense/n512/seed2_L1_Q1
correctness_fuzz,balanced_dense,512,3,0,0,1,0,0,1,0.278490,9216,/Users/free_1/Library/Mobile Documents/iCloud~md~obsidian/Documents/cpp-checker/branch_3/artifacts/lca_tree_stress_v5/diag_ac3_correctness_capture_current/runs/correctness_fuzz/balanced_dense/n512/seed3_L0_Q0
correctness_fuzz,balanced_dense,512,3,0,1,1,0,0,1,0.296359,9280,/Users/free_1/Library/Mobile Documents/iCloud~md~obsidian/Documents/cpp-checker/branch_3/artifacts/lca_tree_stress_v5/diag_ac3_correctness_capture_current/runs/correctness_fuzz/balanced_dense/n512/seed3_L0_Q1
correctness_fuzz,balanced_dense,512,3,1,0,1,0,0,1,0.306355,10064,/Users/free_1/Library/Mobile Documents/iCloud~md~obsidian/Documents/cpp-checker/branch_3/artifacts/lca_tree_stress_v5/diag_ac3_correctness_capture_current/runs/correctness_fuzz/balanced_dense/n512/seed3_L1_Q0
correctness_fuzz,balanced_dense,512,3,1,1,1,0,0,1,0.316291,9856,/Users/free_1/Library/Mobile Documents/iCloud~md~obsidian/Documents/cpp-checker/branch_3/artifacts/lca_tree_stress_v5/diag_ac3_correctness_capture_current/runs/correctness_fuzz/balanced_dense/n512/seed3_L1_Q1
correctness_fuzz,balanced_dense,512,4,0,0,1,0,0,1,0.301011,9376,/Users/free_1/Library/Mobile Documents/iCloud~md~obsidian/Documents/cpp-checker/branch_3/artifacts/lca_tree_stress_v5/diag_ac3_correctness_capture_current/runs/correctness_fuzz/balanced_dense/n512/seed4_L0_Q0
correctness_fuzz,balanced_dense,512,4,0,1,1,0,0,1,0.308519,9280,/Users/free_1/Library/Mobile Documents/iCloud~md~obsidian/Documents/cpp-checker/branch_3/artifacts/lca_tree_stress_v5/diag_ac3_correctness_capture_current/runs/correctness_fuzz/balanced_dense/n512/seed4_L0_Q1
correctness_fuzz,balanced_dense,512,4,1,0,1,0,0,1,0.320552,9952,/Users/free_1/Library/Mobile Documents/iCloud~md~obsidian/Documents/cpp-checker/branch_3/artifacts/lca_tree_stress_v5/diag_ac3_correctness_capture_current/runs/correctness_fuzz/balanced_dense/n512/seed4_L1_Q0
correctness_fuzz,balanced_dense,512,4,1,1,1,0,0,1,0.307939,10000,/Users/free_1/Library/Mobile Documents/iCloud~md~obsidian/Documents/cpp-checker/branch_3/artifacts/lca_tree_stress_v5/diag_ac3_correctness_capture_current/runs/correctness_fuzz/balanced_dense/n512/seed4_L1_Q1
correctness_fuzz,balanced_dense,512,5,0,0,1,0,0,1,0.296192,9152,/Users/free_1/Library/Mobile Documents/iCloud~md~obsidian/Documents/cpp-checker/branch_3/artifacts/lca_tree_stress_v5/diag_ac3_correctness_capture_current/runs/correctness_fuzz/balanced_dense/n512/seed5_L0_Q0
correctness_fuzz,balanced_dense,512,5,0,1,1,0,0,1,0.304946,9232,/Users/free_1/Library/Mobile Documents/iCloud~md~obsidian/Documents/cpp-checker/branch_3/artifacts/lca_tree_stress_v5/diag_ac3_correctness_capture_current/runs/correctness_fuzz/balanced_dense/n512/seed5_L0_Q1
correctness_fuzz,balanced_dense,512,5,1,0,1,0,0,1,0.362362,9824,/Users/free_1/Library/Mobile Documents/iCloud~md~obsidian/Documents/cpp-checker/branch_3/artifacts/lca_tree_stress_v5/diag_ac3_correctness_capture_current/runs/correctness_fuzz/balanced_dense/n512/seed5_L1_Q0
correctness_fuzz,balanced_dense,512,5,1,1,1,0,0,1,0.334503,9760,/Users/free_1/Library/Mobile Documents/iCloud~md~obsidian/Documents/cpp-checker/branch_3/artifacts/lca_tree_stress_v5/diag_ac3_correctness_capture_current/runs/correctness_fuzz/balanced_dense/n512/seed5_L1_Q1
correctness_fuzz,balanced_dense,1024,1,0,0,1,0,0,1,0.482917,17040,/Users/free_1/Library/Mobile Documents/iCloud~md~obsidian/Documents/cpp-checker/branch_3/artifacts/lca_tree_stress_v5/diag_ac3_correctness_capture_current/runs/correctness_fuzz/balanced_dense/n1024/seed1_L0_Q0
correctness_fuzz,balanced_dense,1024,1,0,1,1,0,0,1,0.496704,17216,/Users/free_1/Library/Mobile Documents/iCloud~md~obsidian/Documents/cpp-checker/branch_3/artifacts/lca_tree_stress_v5/diag_ac3_correctness_capture_current/runs/correctness_fuzz/balanced_dense/n1024/seed1_L0_Q1
correctness_fuzz,balanced_dense,1024,1,1,0,1,0,0,1,0.488710,18656,/Users/free_1/Library/Mobile Documents/iCloud~md~obsidian/Documents/cpp-checker/branch_3/artifacts/lca_tree_stress_v5/diag_ac3_correctness_capture_current/runs/correctness_fuzz/balanced_dense/n1024/seed1_L1_Q0
correctness_fuzz,balanced_dense,1024,1,1,1,1,0,0,1,0.546454,18640,/Users/free_1/Library/Mobile Documents/iCloud~md~obsidian/Documents/cpp-checker/branch_3/artifacts/lca_tree_stress_v5/diag_ac3_correctness_capture_current/runs/correctness_fuzz/balanced_dense/n1024/seed1_L1_Q1
correctness_fuzz,balanced_dense,1024,2,0,0,1,0,0,1,0.497645,16784,/Users/free_1/Library/Mobile Documents/iCloud~md~obsidian/Documents/cpp-checker/branch_3/artifacts/lca_tree_stress_v5/diag_ac3_correctness_capture_current/runs/correctness_fuzz/balanced_dense/n1024/seed2_L0_Q0
correctness_fuzz,balanced_dense,1024,2,0,1,1,0,0,1,0.513331,16848,/Users/free_1/Library/Mobile Documents/iCloud~md~obsidian/Documents/cpp-checker/branch_3/artifacts/lca_tree_stress_v5/diag_ac3_correctness_capture_current/runs/correctness_fuzz/balanced_dense/n1024/seed2_L0_Q1
correctness_fuzz,balanced_dense,1024,2,1,0,1,0,0,1,0.489893,18688,/Users/free_1/Library/Mobile Documents/iCloud~md~obsidian/Documents/cpp-checker/branch_3/artifacts/lca_tree_stress_v5/diag_ac3_correctness_capture_current/runs/correctness_fuzz/balanced_dense/n1024/seed2_L1_Q0
correctness_fuzz,balanced_dense,1024,2,1,1,1,0,0,1,0.534113,18720,/Users/free_1/Library/Mobile Documents/iCloud~md~obsidian/Documents/cpp-checker/branch_3/artifacts/lca_tree_stress_v5/diag_ac3_correctness_capture_current/runs/correctness_fuzz/balanced_dense/n1024/seed2_L1_Q1
correctness_fuzz,balanced_dense,1024,3,0,0,1,0,0,1,0.481869,16992,/Users/free_1/Library/Mobile Documents/iCloud~md~obsidian/Documents/cpp-checker/branch_3/artifacts/lca_tree_stress_v5/diag_ac3_correctness_capture_current/runs/correctness_fuzz/balanced_dense/n1024/seed3_L0_Q0
correctness_fuzz,balanced_dense,1024,3,0,1,1,0,0,1,0.473676,16992,/Users/free_1/Library/Mobile Documents/iCloud~md~obsidian/Documents/cpp-checker/branch_3/artifacts/lca_tree_stress_v5/diag_ac3_correctness_capture_current/runs/correctness_fuzz/balanced_dense/n1024/seed3_L0_Q1
correctness_fuzz,balanced_dense,1024,3,1,0,1,0,0,1,0.510429,18944,/Users/free_1/Library/Mobile Documents/iCloud~md~obsidian/Documents/cpp-checker/branch_3/artifacts/lca_tree_stress_v5/diag_ac3_correctness_capture_current/runs/correctness_fuzz/balanced_dense/n1024/seed3_L1_Q0
correctness_fuzz,balanced_dense,1024,3,1,1,1,0,0,1,0.519033,18992,/Users/free_1/Library/Mobile Documents/iCloud~md~obsidian/Documents/cpp-checker/branch_3/artifacts/lca_tree_stress_v5/diag_ac3_correctness_capture_current/runs/correctness_fuzz/balanced_dense/n1024/seed3_L1_Q1
correctness_fuzz,balanced_dense,1024,4,0,0,1,0,0,1,0.501081,17008,/Users/free_1/Library/Mobile Documents/iCloud~md~obsidian/Documents/cpp-checker/branch_3/artifacts/lca_tree_stress_v5/diag_ac3_correctness_capture_current/runs/correctness_fuzz/balanced_dense/n1024/seed4_L0_Q0
correctness_fuzz,balanced_dense,1024,4,0,1,1,0,0,1,0.494101,17088,/Users/free_1/Library/Mobile Documents/iCloud~md~obsidian/Documents/cpp-checker/branch_3/artifacts/lca_tree_stress_v5/diag_ac3_correctness_capture_current/runs/correctness_fuzz/balanced_dense/n1024/seed4_L0_Q1
correctness_fuzz,balanced_dense,1024,4,1,0,1,0,0,1,0.506634,19104,/Users/free_1/Library/Mobile Documents/iCloud~md~obsidian/Documents/cpp-checker/branch_3/artifacts/lca_tree_stress_v5/diag_ac3_correctness_capture_current/runs/correctness_fuzz/balanced_dense/n1024/seed4_L1_Q0
correctness_fuzz,balanced_dense,1024,4,1,1,1,0,0,1,0.496522,18784,/Users/free_1/Library/Mobile Documents/iCloud~md~obsidian/Documents/cpp-checker/branch_3/artifacts/lca_tree_stress_v5/diag_ac3_correctness_capture_current/runs/correctness_fuzz/balanced_dense/n1024/seed4_L1_Q1
correctness_fuzz,balanced_dense,1024,5,0,0,1,0,0,1,0.482751,17056,/Users/free_1/Library/Mobile Documents/iCloud~md~obsidian/Documents/cpp-checker/branch_3/artifacts/lca_tree_stress_v5/diag_ac3_correctness_capture_current/runs/correctness_fuzz/balanced_dense/n1024/seed5_L0_Q0
correctness_fuzz,balanced_dense,1024,5,0,1,1,0,0,1,0.504759,16928,/Users/free_1/Library/Mobile Documents/iCloud~md~obsidian/Documents/cpp-checker/branch_3/artifacts/lca_tree_stress_v5/diag_ac3_correctness_capture_current/runs/correctness_fuzz/balanced_dense/n1024/seed5_L0_Q1
correctness_fuzz,balanced_dense,1024,5,1,0,1,0,0,1,0.522655,18384,/Users/free_1/Library/Mobile Documents/iCloud~md~obsidian/Documents/cpp-checker/branch_3/artifacts/lca_tree_stress_v5/diag_ac3_correctness_capture_current/runs/correctness_fuzz/balanced_dense/n1024/seed5_L1_Q0
correctness_fuzz,balanced_dense,1024,5,1,1,1,0,0,1,0.510489,18592,/Users/free_1/Library/Mobile Documents/iCloud~md~obsidian/Documents/cpp-checker/branch_3/artifacts/lca_tree_stress_v5/diag_ac3_correctness_capture_current/runs/correctness_fuzz/balanced_dense/n1024/seed5_L1_Q1
correctness_fuzz,broom_mixed,64,1,0,0,1,0,0,1,0.208990,3120,/Users/free_1/Library/Mobile Documents/iCloud~md~obsidian/Documents/cpp-checker/branch_3/artifacts/lca_tree_stress_v5/diag_ac3_correctness_capture_current/runs/correctness_fuzz/broom_mixed/n64/seed1_L0_Q0
correctness_fuzz,broom_mixed,64,1,0,1,1,0,0,1,0.212530,3168,/Users/free_1/Library/Mobile Documents/iCloud~md~obsidian/Documents/cpp-checker/branch_3/artifacts/lca_tree_stress_v5/diag_ac3_correctness_capture_current/runs/correctness_fuzz/broom_mixed/n64/seed1_L0_Q1
correctness_fuzz,broom_mixed,64,1,1,0,1,0,0,1,0.202874,3168,/Users/free_1/Library/Mobile Documents/iCloud~md~obsidian/Documents/cpp-checker/branch_3/artifacts/lca_tree_stress_v5/diag_ac3_correctness_capture_current/runs/correctness_fuzz/broom_mixed/n64/seed1_L1_Q0
correctness_fuzz,broom_mixed,64,1,1,1,1,0,0,1,0.203696,3232,/Users/free_1/Library/Mobile Documents/iCloud~md~obsidian/Documents/cpp-checker/branch_3/artifacts/lca_tree_stress_v5/diag_ac3_correctness_capture_current/runs/correctness_fuzz/broom_mixed/n64/seed1_L1_Q1
correctness_fuzz,broom_mixed,64,2,0,0,1,0,0,1,0.190129,3184,/Users/free_1/Library/Mobile Documents/iCloud~md~obsidian/Documents/cpp-checker/branch_3/artifacts/lca_tree_stress_v5/diag_ac3_correctness_capture_current/runs/correctness_fuzz/broom_mixed/n64/seed2_L0_Q0
correctness_fuzz,broom_mixed,64,2,0,1,1,0,0,1,0.217689,3168,/Users/free_1/Library/Mobile Documents/iCloud~md~obsidian/Documents/cpp-checker/branch_3/artifacts/lca_tree_stress_v5/diag_ac3_correctness_capture_current/runs/correctness_fuzz/broom_mixed/n64/seed2_L0_Q1
correctness_fuzz,broom_mixed,64,2,1,0,1,0,0,1,0.208636,3184,/Users/free_1/Library/Mobile Documents/iCloud~md~obsidian/Documents/cpp-checker/branch_3/artifacts/lca_tree_stress_v5/diag_ac3_correctness_capture_current/runs/correctness_fuzz/broom_mixed/n64/seed2_L1_Q0
correctness_fuzz,broom_mixed,64,2,1,1,1,0,0,1,0.205022,3152,/Users/free_1/Library/Mobile Documents/iCloud~md~obsidian/Documents/cpp-checker/branch_3/artifacts/lca_tree_stress_v5/diag_ac3_correctness_capture_current/runs/correctness_fuzz/broom_mixed/n64/seed2_L1_Q1
correctness_fuzz,broom_mixed,64,3,0,0,1,0,0,1,0.199953,3152,/Users/free_1/Library/Mobile Documents/iCloud~md~obsidian/Documents/cpp-checker/branch_3/artifacts/lca_tree_stress_v5/diag_ac3_correctness_capture_current/runs/correctness_fuzz/broom_mixed/n64/seed3_L0_Q0
correctness_fuzz,broom_mixed,64,3,0,1,1,0,0,1,0.205683,3088,/Users/free_1/Library/Mobile Documents/iCloud~md~obsidian/Documents/cpp-checker/branch_3/artifacts/lca_tree_stress_v5/diag_ac3_correctness_capture_current/runs/correctness_fuzz/broom_mixed/n64/seed3_L0_Q1
correctness_fuzz,broom_mixed,64,3,1,0,1,0,0,1,0.201199,3152,/Users/free_1/Library/Mobile Documents/iCloud~md~obsidian/Documents/cpp-checker/branch_3/artifacts/lca_tree_stress_v5/diag_ac3_correctness_capture_current/runs/correctness_fuzz/broom_mixed/n64/seed3_L1_Q0
correctness_fuzz,broom_mixed,64,3,1,1,1,0,0,1,0.251098,3200,/Users/free_1/Library/Mobile Documents/iCloud~md~obsidian/Documents/cpp-checker/branch_3/artifacts/lca_tree_stress_v5/diag_ac3_correctness_capture_current/runs/correctness_fuzz/broom_mixed/n64/seed3_L1_Q1
correctness_fuzz,broom_mixed,64,4,0,0,1,0,0,1,0.237547,3168,/Users/free_1/Library/Mobile Documents/iCloud~md~obsidian/Documents/cpp-checker/branch_3/artifacts/lca_tree_stress_v5/diag_ac3_correctness_capture_current/runs/correctness_fuzz/broom_mixed/n64/seed4_L0_Q0
correctness_fuzz,broom_mixed,64,4,0,1,1,0,0,1,0.202424,3120,/Users/free_1/Library/Mobile Documents/iCloud~md~obsidian/Documents/cpp-checker/branch_3/artifacts/lca_tree_stress_v5/diag_ac3_correctness_capture_current/runs/correctness_fuzz/broom_mixed/n64/seed4_L0_Q1
correctness_fuzz,broom_mixed,64,4,1,0,1,0,0,1,0.212027,3168,/Users/free_1/Library/Mobile Documents/iCloud~md~obsidian/Documents/cpp-checker/branch_3/artifacts/lca_tree_stress_v5/diag_ac3_correctness_capture_current/runs/correctness_fuzz/broom_mixed/n64/seed4_L1_Q0
correctness_fuzz,broom_mixed,64,4,1,1,1,0,0,1,0.205779,3168,/Users/free_1/Library/Mobile Documents/iCloud~md~obsidian/Documents/cpp-checker/branch_3/artifacts/lca_tree_stress_v5/diag_ac3_correctness_capture_current/runs/correctness_fuzz/broom_mixed/n64/seed4_L1_Q1
correctness_fuzz,broom_mixed,64,5,0,0,1,0,0,1,0.218050,3184,/Users/free_1/Library/Mobile Documents/iCloud~md~obsidian/Documents/cpp-checker/branch_3/artifacts/lca_tree_stress_v5/diag_ac3_correctness_capture_current/runs/correctness_fuzz/broom_mixed/n64/seed5_L0_Q0
correctness_fuzz,broom_mixed,64,5,0,1,1,0,0,1,0.205744,3120,/Users/free_1/Library/Mobile Documents/iCloud~md~obsidian/Documents/cpp-checker/branch_3/artifacts/lca_tree_stress_v5/diag_ac3_correctness_capture_current/runs/correctness_fuzz/broom_mixed/n64/seed5_L0_Q1
correctness_fuzz,broom_mixed,64,5,1,0,1,0,0,1,0.200151,3232,/Users/free_1/Library/Mobile Documents/iCloud~md~obsidian/Documents/cpp-checker/branch_3/artifacts/lca_tree_stress_v5/diag_ac3_correctness_capture_current/runs/correctness_fuzz/broom_mixed/n64/seed5_L1_Q0
correctness_fuzz,broom_mixed,64,5,1,1,1,0,0,1,0.225056,3200,/Users/free_1/Library/Mobile Documents/iCloud~md~obsidian/Documents/cpp-checker/branch_3/artifacts/lca_tree_stress_v5/diag_ac3_correctness_capture_current/runs/correctness_fuzz/broom_mixed/n64/seed5_L1_Q1
correctness_fuzz,broom_mixed,128,1,0,0,1,0,0,1,0.218926,4224,/Users/free_1/Library/Mobile Documents/iCloud~md~obsidian/Documents/cpp-checker/branch_3/artifacts/lca_tree_stress_v5/diag_ac3_correctness_capture_current/runs/correctness_fuzz/broom_mixed/n128/seed1_L0_Q0
correctness_fuzz,broom_mixed,128,1,0,1,1,0,0,1,0.232123,4192,/Users/free_1/Library/Mobile Documents/iCloud~md~obsidian/Documents/cpp-checker/branch_3/artifacts/lca_tree_stress_v5/diag_ac3_correctness_capture_current/runs/correctness_fuzz/broom_mixed/n128/seed1_L0_Q1
correctness_fuzz,broom_mixed,128,1,1,0,1,0,0,1,0.241541,4192,/Users/free_1/Library/Mobile Documents/iCloud~md~obsidian/Documents/cpp-checker/branch_3/artifacts/lca_tree_stress_v5/diag_ac3_correctness_capture_current/runs/correctness_fuzz/broom_mixed/n128/seed1_L1_Q0
correctness_fuzz,broom_mixed,128,1,1,1,1,0,0,1,0.236839,4160,/Users/free_1/Library/Mobile Documents/iCloud~md~obsidian/Documents/cpp-checker/branch_3/artifacts/lca_tree_stress_v5/diag_ac3_correctness_capture_current/runs/correctness_fuzz/broom_mixed/n128/seed1_L1_Q1
correctness_fuzz,broom_mixed,128,2,0,0,1,0,0,1,0.237596,4256,/Users/free_1/Library/Mobile Documents/iCloud~md~obsidian/Documents/cpp-checker/branch_3/artifacts/lca_tree_stress_v5/diag_ac3_correctness_capture_current/runs/correctness_fuzz/broom_mixed/n128/seed2_L0_Q0
correctness_fuzz,broom_mixed,128,2,0,1,1,0,0,1,0.251753,4256,/Users/free_1/Library/Mobile Documents/iCloud~md~obsidian/Documents/cpp-checker/branch_3/artifacts/lca_tree_stress_v5/diag_ac3_correctness_capture_current/runs/correctness_fuzz/broom_mixed/n128/seed2_L0_Q1
correctness_fuzz,broom_mixed,128,2,1,0,1,0,0,1,0.219918,4400,/Users/free_1/Library/Mobile Documents/iCloud~md~obsidian/Documents/cpp-checker/branch_3/artifacts/lca_tree_stress_v5/diag_ac3_correctness_capture_current/runs/correctness_fuzz/broom_mixed/n128/seed2_L1_Q0
correctness_fuzz,broom_mixed,128,2,1,1,1,0,0,1,0.234328,4384,/Users/free_1/Library/Mobile Documents/iCloud~md~obsidian/Documents/cpp-checker/branch_3/artifacts/lca_tree_stress_v5/diag_ac3_correctness_capture_current/runs/correctness_fuzz/broom_mixed/n128/seed2_L1_Q1
correctness_fuzz,broom_mixed,128,3,0,0,1,0,0,1,0.247733,4224,/Users/free_1/Library/Mobile Documents/iCloud~md~obsidian/Documents/cpp-checker/branch_3/artifacts/lca_tree_stress_v5/diag_ac3_correctness_capture_current/runs/correctness_fuzz/broom_mixed/n128/seed3_L0_Q0
correctness_fuzz,broom_mixed,128,3,0,1,1,0,0,1,0.260043,4176,/Users/free_1/Library/Mobile Documents/iCloud~md~obsidian/Documents/cpp-checker/branch_3/artifacts/lca_tree_stress_v5/diag_ac3_correctness_capture_current/runs/correctness_fuzz/broom_mixed/n128/seed3_L0_Q1
correctness_fuzz,broom_mixed,128,3,1,0,1,0,0,1,0.256756,4384,/Users/free_1/Library/Mobile Documents/iCloud~md~obsidian/Documents/cpp-checker/branch_3/artifacts/lca_tree_stress_v5/diag_ac3_correctness_capture_current/runs/correctness_fuzz/broom_mixed/n128/seed3_L1_Q0
correctness_fuzz,broom_mixed,128,3,1,1,1,0,0,1,0.255381,4288,/Users/free_1/Library/Mobile Documents/iCloud~md~obsidian/Documents/cpp-checker/branch_3/artifacts/lca_tree_stress_v5/diag_ac3_correctness_capture_current/runs/correctness_fuzz/broom_mixed/n128/seed3_L1_Q1
correctness_fuzz,broom_mixed,128,4,0,0,1,0,0,1,0.244588,4224,/Users/free_1/Library/Mobile Documents/iCloud~md~obsidian/Documents/cpp-checker/branch_3/artifacts/lca_tree_stress_v5/diag_ac3_correctness_capture_current/runs/correctness_fuzz/broom_mixed/n128/seed4_L0_Q0
correctness_fuzz,broom_mixed,128,4,0,1,1,0,0,1,0.236918,4176,/Users/free_1/Library/Mobile Documents/iCloud~md~obsidian/Documents/cpp-checker/branch_3/artifacts/lca_tree_stress_v5/diag_ac3_correctness_capture_current/runs/correctness_fuzz/broom_mixed/n128/seed4_L0_Q1
correctness_fuzz,broom_mixed,128,4,1,0,1,0,0,1,0.239090,4320,/Users/free_1/Library/Mobile Documents/iCloud~md~obsidian/Documents/cpp-checker/branch_3/artifacts/lca_tree_stress_v5/diag_ac3_correctness_capture_current/runs/correctness_fuzz/broom_mixed/n128/seed4_L1_Q0
correctness_fuzz,broom_mixed,128,4,1,1,1,0,0,1,0.246765,4320,/Users/free_1/Library/Mobile Documents/iCloud~md~obsidian/Documents/cpp-checker/branch_3/artifacts/lca_tree_stress_v5/diag_ac3_correctness_capture_current/runs/correctness_fuzz/broom_mixed/n128/seed4_L1_Q1
correctness_fuzz,broom_mixed,128,5,0,0,1,0,0,1,0.222132,4176,/Users/free_1/Library/Mobile Documents/iCloud~md~obsidian/Documents/cpp-checker/branch_3/artifacts/lca_tree_stress_v5/diag_ac3_correctness_capture_current/runs/correctness_fuzz/broom_mixed/n128/seed5_L0_Q0
correctness_fuzz,broom_mixed,128,5,0,1,1,0,0,1,0.274737,4256,/Users/free_1/Library/Mobile Documents/iCloud~md~obsidian/Documents/cpp-checker/branch_3/artifacts/lca_tree_stress_v5/diag_ac3_correctness_capture_current/runs/correctness_fuzz/broom_mixed/n128/seed5_L0_Q1
correctness_fuzz,broom_mixed,128,5,1,0,1,0,0,1,0.290644,4240,/Users/free_1/Library/Mobile Documents/iCloud~md~obsidian/Documents/cpp-checker/branch_3/artifacts/lca_tree_stress_v5/diag_ac3_correctness_capture_current/runs/correctness_fuzz/broom_mixed/n128/seed5_L1_Q0
correctness_fuzz,broom_mixed,128,5,1,1,1,0,0,1,0.302819,4320,/Users/free_1/Library/Mobile Documents/iCloud~md~obsidian/Documents/cpp-checker/branch_3/artifacts/lca_tree_stress_v5/diag_ac3_correctness_capture_current/runs/correctness_fuzz/broom_mixed/n128/seed5_L1_Q1
correctness_fuzz,broom_mixed,256,1,0,0,1,0,0,1,0.298667,7072,/Users/free_1/Library/Mobile Documents/iCloud~md~obsidian/Documents/cpp-checker/branch_3/artifacts/lca_tree_stress_v5/diag_ac3_correctness_capture_current/runs/correctness_fuzz/broom_mixed/n256/seed1_L0_Q0
correctness_fuzz,broom_mixed,256,1,0,1,1,0,0,1,0.278204,7024,/Users/free_1/Library/Mobile Documents/iCloud~md~obsidian/Documents/cpp-checker/branch_3/artifacts/lca_tree_stress_v5/diag_ac3_correctness_capture_current/runs/correctness_fuzz/broom_mixed/n256/seed1_L0_Q1
correctness_fuzz,broom_mixed,256,1,1,0,1,0,0,1,0.297021,7168,/Users/free_1/Library/Mobile Documents/iCloud~md~obsidian/Documents/cpp-checker/branch_3/artifacts/lca_tree_stress_v5/diag_ac3_correctness_capture_current/runs/correctness_fuzz/broom_mixed/n256/seed1_L1_Q0
correctness_fuzz,broom_mixed,256,1,1,1,1,0,0,1,0.288065,7168,/Users/free_1/Library/Mobile Documents/iCloud~md~obsidian/Documents/cpp-checker/branch_3/artifacts/lca_tree_stress_v5/diag_ac3_correctness_capture_current/runs/correctness_fuzz/broom_mixed/n256/seed1_L1_Q1
correctness_fuzz,broom_mixed,256,2,0,0,1,0,0,1,0.296255,7344,/Users/free_1/Library/Mobile Documents/iCloud~md~obsidian/Documents/cpp-checker/branch_3/artifacts/lca_tree_stress_v5/diag_ac3_correctness_capture_current/runs/correctness_fuzz/broom_mixed/n256/seed2_L0_Q0
correctness_fuzz,broom_mixed,256,2,0,1,1,0,0,1,0.304536,7344,/Users/free_1/Library/Mobile Documents/iCloud~md~obsidian/Documents/cpp-checker/branch_3/artifacts/lca_tree_stress_v5/diag_ac3_correctness_capture_current/runs/correctness_fuzz/broom_mixed/n256/seed2_L0_Q1
correctness_fuzz,broom_mixed,256,2,1,0,1,0,0,1,0.298484,7152,/Users/free_1/Library/Mobile Documents/iCloud~md~obsidian/Documents/cpp-checker/branch_3/artifacts/lca_tree_stress_v5/diag_ac3_correctness_capture_current/runs/correctness_fuzz/broom_mixed/n256/seed2_L1_Q0
correctness_fuzz,broom_mixed,256,2,1,1,1,0,0,1,0.295396,7136,/Users/free_1/Library/Mobile Documents/iCloud~md~obsidian/Documents/cpp-checker/branch_3/artifacts/lca_tree_stress_v5/diag_ac3_correctness_capture_current/runs/correctness_fuzz/broom_mixed/n256/seed2_L1_Q1
correctness_fuzz,broom_mixed,256,3,0,0,1,0,0,1,0.301206,7392,/Users/free_1/Library/Mobile Documents/iCloud~md~obsidian/Documents/cpp-checker/branch_3/artifacts/lca_tree_stress_v5/diag_ac3_correctness_capture_current/runs/correctness_fuzz/broom_mixed/n256/seed3_L0_Q0
correctness_fuzz,broom_mixed,256,3,0,1,1,0,0,1,0.307770,7392,/Users/free_1/Library/Mobile Documents/iCloud~md~obsidian/Documents/cpp-checker/branch_3/artifacts/lca_tree_stress_v5/diag_ac3_correctness_capture_current/runs/correctness_fuzz/broom_mixed/n256/seed3_L0_Q1
correctness_fuzz,broom_mixed,256,3,1,0,1,0,0,1,0.296906,6992,/Users/free_1/Library/Mobile Documents/iCloud~md~obsidian/Documents/cpp-checker/branch_3/artifacts/lca_tree_stress_v5/diag_ac3_correctness_capture_current/runs/correctness_fuzz/broom_mixed/n256/seed3_L1_Q0
correctness_fuzz,broom_mixed,256,3,1,1,1,0,0,1,0.284887,6992,/Users/free_1/Library/Mobile Documents/iCloud~md~obsidian/Documents/cpp-checker/branch_3/artifacts/lca_tree_stress_v5/diag_ac3_correctness_capture_current/runs/correctness_fuzz/broom_mixed/n256/seed3_L1_Q1
correctness_fuzz,broom_mixed,256,4,0,0,1,0,0,1,0.295825,7296,/Users/free_1/Library/Mobile Documents/iCloud~md~obsidian/Documents/cpp-checker/branch_3/artifacts/lca_tree_stress_v5/diag_ac3_correctness_capture_current/runs/correctness_fuzz/broom_mixed/n256/seed4_L0_Q0
correctness_fuzz,broom_mixed,256,4,0,1,1,0,0,1,0.316962,7456,/Users/free_1/Library/Mobile Documents/iCloud~md~obsidian/Documents/cpp-checker/branch_3/artifacts/lca_tree_stress_v5/diag_ac3_correctness_capture_current/runs/correctness_fuzz/broom_mixed/n256/seed4_L0_Q1
correctness_fuzz,broom_mixed,256,4,1,0,1,0,0,1,0.319561,7232,/Users/free_1/Library/Mobile Documents/iCloud~md~obsidian/Documents/cpp-checker/branch_3/artifacts/lca_tree_stress_v5/diag_ac3_correctness_capture_current/runs/correctness_fuzz/broom_mixed/n256/seed4_L1_Q0
correctness_fuzz,broom_mixed,256,4,1,1,1,0,0,1,0.292712,7136,/Users/free_1/Library/Mobile Documents/iCloud~md~obsidian/Documents/cpp-checker/branch_3/artifacts/lca_tree_stress_v5/diag_ac3_correctness_capture_current/runs/correctness_fuzz/broom_mixed/n256/seed4_L1_Q1
correctness_fuzz,broom_mixed,256,5,0,0,1,0,0,1,0.279620,7136,/Users/free_1/Library/Mobile Documents/iCloud~md~obsidian/Documents/cpp-checker/branch_3/artifacts/lca_tree_stress_v5/diag_ac3_correctness_capture_current/runs/correctness_fuzz/broom_mixed/n256/seed5_L0_Q0
correctness_fuzz,broom_mixed,256,5,0,1,1,0,0,1,0.281463,7136,/Users/free_1/Library/Mobile Documents/iCloud~md~obsidian/Documents/cpp-checker/branch_3/artifacts/lca_tree_stress_v5/diag_ac3_correctness_capture_current/runs/correctness_fuzz/broom_mixed/n256/seed5_L0_Q1
correctness_fuzz,broom_mixed,256,5,1,0,1,0,0,1,0.309439,7200,/Users/free_1/Library/Mobile Documents/iCloud~md~obsidian/Documents/cpp-checker/branch_3/artifacts/lca_tree_stress_v5/diag_ac3_correctness_capture_current/runs/correctness_fuzz/broom_mixed/n256/seed5_L1_Q0
correctness_fuzz,broom_mixed,256,5,1,1,1,0,0,1,0.302370,7232,/Users/free_1/Library/Mobile Documents/iCloud~md~obsidian/Documents/cpp-checker/branch_3/artifacts/lca_tree_stress_v5/diag_ac3_correctness_capture_current/runs/correctness_fuzz/broom_mixed/n256/seed5_L1_Q1
correctness_fuzz,broom_mixed,512,1,0,0,1,0,0,1,0.574445,15648,/Users/free_1/Library/Mobile Documents/iCloud~md~obsidian/Documents/cpp-checker/branch_3/artifacts/lca_tree_stress_v5/diag_ac3_correctness_capture_current/runs/correctness_fuzz/broom_mixed/n512/seed1_L0_Q0
correctness_fuzz,broom_mixed,512,1,0,1,1,0,0,1,0.516434,15584,/Users/free_1/Library/Mobile Documents/iCloud~md~obsidian/Documents/cpp-checker/branch_3/artifacts/lca_tree_stress_v5/diag_ac3_correctness_capture_current/runs/correctness_fuzz/broom_mixed/n512/seed1_L0_Q1
correctness_fuzz,broom_mixed,512,1,1,0,1,0,0,1,0.485536,14976,/Users/free_1/Library/Mobile Documents/iCloud~md~obsidian/Documents/cpp-checker/branch_3/artifacts/lca_tree_stress_v5/diag_ac3_correctness_capture_current/runs/correctness_fuzz/broom_mixed/n512/seed1_L1_Q0
correctness_fuzz,broom_mixed,512,1,1,1,1,0,0,1,0.486790,14992,/Users/free_1/Library/Mobile Documents/iCloud~md~obsidian/Documents/cpp-checker/branch_3/artifacts/lca_tree_stress_v5/diag_ac3_correctness_capture_current/runs/correctness_fuzz/broom_mixed/n512/seed1_L1_Q1
correctness_fuzz,broom_mixed,512,2,0,0,1,0,0,1,0.488085,15392,/Users/free_1/Library/Mobile Documents/iCloud~md~obsidian/Documents/cpp-checker/branch_3/artifacts/lca_tree_stress_v5/diag_ac3_correctness_capture_current/runs/correctness_fuzz/broom_mixed/n512/seed2_L0_Q0
correctness_fuzz,broom_mixed,512,2,0,1,1,0,0,1,0.487020,15392,/Users/free_1/Library/Mobile Documents/iCloud~md~obsidian/Documents/cpp-checker/branch_3/artifacts/lca_tree_stress_v5/diag_ac3_correctness_capture_current/runs/correctness_fuzz/broom_mixed/n512/seed2_L0_Q1
correctness_fuzz,broom_mixed,512,2,1,0,1,0,0,1,0.492596,14960,/Users/free_1/Library/Mobile Documents/iCloud~md~obsidian/Documents/cpp-checker/branch_3/artifacts/lca_tree_stress_v5/diag_ac3_correctness_capture_current/runs/correctness_fuzz/broom_mixed/n512/seed2_L1_Q0
correctness_fuzz,broom_mixed,512,2,1,1,1,0,0,1,0.524400,14960,/Users/free_1/Library/Mobile Documents/iCloud~md~obsidian/Documents/cpp-checker/branch_3/artifacts/lca_tree_stress_v5/diag_ac3_correctness_capture_current/runs/correctness_fuzz/broom_mixed/n512/seed2_L1_Q1
correctness_fuzz,broom_mixed,512,3,0,0,1,0,0,1,0.505500,14976,/Users/free_1/Library/Mobile Documents/iCloud~md~obsidian/Documents/cpp-checker/branch_3/artifacts/lca_tree_stress_v5/diag_ac3_correctness_capture_current/runs/correctness_fuzz/broom_mixed/n512/seed3_L0_Q0
correctness_fuzz,broom_mixed,512,3,0,1,1,0,0,1,0.593079,14960,/Users/free_1/Library/Mobile Documents/iCloud~md~obsidian/Documents/cpp-checker/branch_3/artifacts/lca_tree_stress_v5/diag_ac3_correctness_capture_current/runs/correctness_fuzz/broom_mixed/n512/seed3_L0_Q1
correctness_fuzz,broom_mixed,512,3,1,0,1,0,0,1,0.466310,14896,/Users/free_1/Library/Mobile Documents/iCloud~md~obsidian/Documents/cpp-checker/branch_3/artifacts/lca_tree_stress_v5/diag_ac3_correctness_capture_current/runs/correctness_fuzz/broom_mixed/n512/seed3_L1_Q0
correctness_fuzz,broom_mixed,512,3,1,1,1,0,0,1,0.483709,14960,/Users/free_1/Library/Mobile Documents/iCloud~md~obsidian/Documents/cpp-checker/branch_3/artifacts/lca_tree_stress_v5/diag_ac3_correctness_capture_current/runs/correctness_fuzz/broom_mixed/n512/seed3_L1_Q1
correctness_fuzz,broom_mixed,512,4,0,0,1,0,0,1,0.512877,15568,/Users/free_1/Library/Mobile Documents/iCloud~md~obsidian/Documents/cpp-checker/branch_3/artifacts/lca_tree_stress_v5/diag_ac3_correctness_capture_current/runs/correctness_fuzz/broom_mixed/n512/seed4_L0_Q0
correctness_fuzz,broom_mixed,512,4,0,1,1,0,0,1,0.587202,15488,/Users/free_1/Library/Mobile Documents/iCloud~md~obsidian/Documents/cpp-checker/branch_3/artifacts/lca_tree_stress_v5/diag_ac3_correctness_capture_current/runs/correctness_fuzz/broom_mixed/n512/seed4_L0_Q1
correctness_fuzz,broom_mixed,512,4,1,0,1,0,0,1,0.486081,14880,/Users/free_1/Library/Mobile Documents/iCloud~md~obsidian/Documents/cpp-checker/branch_3/artifacts/lca_tree_stress_v5/diag_ac3_correctness_capture_current/runs/correctness_fuzz/broom_mixed/n512/seed4_L1_Q0
correctness_fuzz,broom_mixed,512,4,1,1,1,0,0,1,0.487713,14832,/Users/free_1/Library/Mobile Documents/iCloud~md~obsidian/Documents/cpp-checker/branch_3/artifacts/lca_tree_stress_v5/diag_ac3_correctness_capture_current/runs/correctness_fuzz/broom_mixed/n512/seed4_L1_Q1
correctness_fuzz,broom_mixed,512,5,0,0,1,0,0,1,0.504287,15472,/Users/free_1/Library/Mobile Documents/iCloud~md~obsidian/Documents/cpp-checker/branch_3/artifacts/lca_tree_stress_v5/diag_ac3_correctness_capture_current/runs/correctness_fuzz/broom_mixed/n512/seed5_L0_Q0
correctness_fuzz,broom_mixed,512,5,0,1,1,0,0,1,0.527418,15344,/Users/free_1/Library/Mobile Documents/iCloud~md~obsidian/Documents/cpp-checker/branch_3/artifacts/lca_tree_stress_v5/diag_ac3_correctness_capture_current/runs/correctness_fuzz/broom_mixed/n512/seed5_L0_Q1
correctness_fuzz,broom_mixed,512,5,1,0,1,0,0,1,0.497613,14704,/Users/free_1/Library/Mobile Documents/iCloud~md~obsidian/Documents/cpp-checker/branch_3/artifacts/lca_tree_stress_v5/diag_ac3_correctness_capture_current/runs/correctness_fuzz/broom_mixed/n512/seed5_L1_Q0
correctness_fuzz,broom_mixed,512,5,1,1,1,0,0,1,0.507686,14848,/Users/free_1/Library/Mobile Documents/iCloud~md~obsidian/Documents/cpp-checker/branch_3/artifacts/lca_tree_stress_v5/diag_ac3_correctness_capture_current/runs/correctness_fuzz/broom_mixed/n512/seed5_L1_Q1
correctness_fuzz,broom_mixed,1024,1,0,0,1,0,0,1,1.340026,40608,/Users/free_1/Library/Mobile Documents/iCloud~md~obsidian/Documents/cpp-checker/branch_3/artifacts/lca_tree_stress_v5/diag_ac3_correctness_capture_current/runs/correctness_fuzz/broom_mixed/n1024/seed1_L0_Q0
correctness_fuzz,broom_mixed,1024,1,0,1,1,0,0,1,1.332918,40688,/Users/free_1/Library/Mobile Documents/iCloud~md~obsidian/Documents/cpp-checker/branch_3/artifacts/lca_tree_stress_v5/diag_ac3_correctness_capture_current/runs/correctness_fuzz/broom_mixed/n1024/seed1_L0_Q1
correctness_fuzz,broom_mixed,1024,1,1,0,1,0,0,1,1.354507,42448,/Users/free_1/Library/Mobile Documents/iCloud~md~obsidian/Documents/cpp-checker/branch_3/artifacts/lca_tree_stress_v5/diag_ac3_correctness_capture_current/runs/correctness_fuzz/broom_mixed/n1024/seed1_L1_Q0
correctness_fuzz,broom_mixed,1024,1,1,1,1,0,0,1,1.322583,42880,/Users/free_1/Library/Mobile Documents/iCloud~md~obsidian/Documents/cpp-checker/branch_3/artifacts/lca_tree_stress_v5/diag_ac3_correctness_capture_current/runs/correctness_fuzz/broom_mixed/n1024/seed1_L1_Q1
correctness_fuzz,broom_mixed,1024,2,0,0,1,0,0,1,1.240780,41344,/Users/free_1/Library/Mobile Documents/iCloud~md~obsidian/Documents/cpp-checker/branch_3/artifacts/lca_tree_stress_v5/diag_ac3_correctness_capture_current/runs/correctness_fuzz/broom_mixed/n1024/seed2_L0_Q0
correctness_fuzz,broom_mixed,1024,2,0,1,1,0,0,1,1.261587,42976,/Users/free_1/Library/Mobile Documents/iCloud~md~obsidian/Documents/cpp-checker/branch_3/artifacts/lca_tree_stress_v5/diag_ac3_correctness_capture_current/runs/correctness_fuzz/broom_mixed/n1024/seed2_L0_Q1
correctness_fuzz,broom_mixed,1024,2,1,0,1,0,0,1,1.421174,40560,/Users/free_1/Library/Mobile Documents/iCloud~md~obsidian/Documents/cpp-checker/branch_3/artifacts/lca_tree_stress_v5/diag_ac3_correctness_capture_current/runs/correctness_fuzz/broom_mixed/n1024/seed2_L1_Q0
correctness_fuzz,broom_mixed,1024,2,1,1,1,0,0,1,1.529958,42832,/Users/free_1/Library/Mobile Documents/iCloud~md~obsidian/Documents/cpp-checker/branch_3/artifacts/lca_tree_stress_v5/diag_ac3_correctness_capture_current/runs/correctness_fuzz/broom_mixed/n1024/seed2_L1_Q1
correctness_fuzz,broom_mixed,1024,3,0,0,1,0,0,1,1.207823,41056,/Users/free_1/Library/Mobile Documents/iCloud~md~obsidian/Documents/cpp-checker/branch_3/artifacts/lca_tree_stress_v5/diag_ac3_correctness_capture_current/runs/correctness_fuzz/broom_mixed/n1024/seed3_L0_Q0
correctness_fuzz,broom_mixed,1024,3,0,1,1,0,0,1,1.296839,41120,/Users/free_1/Library/Mobile Documents/iCloud~md~obsidian/Documents/cpp-checker/branch_3/artifacts/lca_tree_stress_v5/diag_ac3_correctness_capture_current/runs/correctness_fuzz/broom_mixed/n1024/seed3_L0_Q1
correctness_fuzz,broom_mixed,1024,3,1,0,1,0,0,1,1.246066,39936,/Users/free_1/Library/Mobile Documents/iCloud~md~obsidian/Documents/cpp-checker/branch_3/artifacts/lca_tree_stress_v5/diag_ac3_correctness_capture_current/runs/correctness_fuzz/broom_mixed/n1024/seed3_L1_Q0
correctness_fuzz,broom_mixed,1024,3,1,1,1,0,0,1,1.274385,39824,/Users/free_1/Library/Mobile Documents/iCloud~md~obsidian/Documents/cpp-checker/branch_3/artifacts/lca_tree_stress_v5/diag_ac3_correctness_capture_current/runs/correctness_fuzz/broom_mixed/n1024/seed3_L1_Q1
correctness_fuzz,broom_mixed,1024,4,0,0,1,0,0,1,1.281411,42304,/Users/free_1/Library/Mobile Documents/iCloud~md~obsidian/Documents/cpp-checker/branch_3/artifacts/lca_tree_stress_v5/diag_ac3_correctness_capture_current/runs/correctness_fuzz/broom_mixed/n1024/seed4_L0_Q0
correctness_fuzz,broom_mixed,1024,4,0,1,1,0,0,1,1.396498,43312,/Users/free_1/Library/Mobile Documents/iCloud~md~obsidian/Documents/cpp-checker/branch_3/artifacts/lca_tree_stress_v5/diag_ac3_correctness_capture_current/runs/correctness_fuzz/broom_mixed/n1024/seed4_L0_Q1
correctness_fuzz,broom_mixed,1024,4,1,0,1,0,0,1,1.342013,40672,/Users/free_1/Library/Mobile Documents/iCloud~md~obsidian/Documents/cpp-checker/branch_3/artifacts/lca_tree_stress_v5/diag_ac3_correctness_capture_current/runs/correctness_fuzz/broom_mixed/n1024/seed4_L1_Q0
correctness_fuzz,broom_mixed,1024,4,1,1,1,0,0,1,1.374260,40592,/Users/free_1/Library/Mobile Documents/iCloud~md~obsidian/Documents/cpp-checker/branch_3/artifacts/lca_tree_stress_v5/diag_ac3_correctness_capture_current/runs/correctness_fuzz/broom_mixed/n1024/seed4_L1_Q1
correctness_fuzz,broom_mixed,1024,5,0,0,1,0,0,1,1.428209,42384,/Users/free_1/Library/Mobile Documents/iCloud~md~obsidian/Documents/cpp-checker/branch_3/artifacts/lca_tree_stress_v5/diag_ac3_correctness_capture_current/runs/correctness_fuzz/broom_mixed/n1024/seed5_L0_Q0
correctness_fuzz,broom_mixed,1024,5,0,1,1,0,0,1,1.359632,42304,/Users/free_1/Library/Mobile Documents/iCloud~md~obsidian/Documents/cpp-checker/branch_3/artifacts/lca_tree_stress_v5/diag_ac3_correctness_capture_current/runs/correctness_fuzz/broom_mixed/n1024/seed5_L0_Q1
correctness_fuzz,broom_mixed,1024,5,1,0,1,0,0,1,1.532213,43808,/Users/free_1/Library/Mobile Documents/iCloud~md~obsidian/Documents/cpp-checker/branch_3/artifacts/lca_tree_stress_v5/diag_ac3_correctness_capture_current/runs/correctness_fuzz/broom_mixed/n1024/seed5_L1_Q0
correctness_fuzz,broom_mixed,1024,5,1,1,1,0,0,1,1.429616,40928,/Users/free_1/Library/Mobile Documents/iCloud~md~obsidian/Documents/cpp-checker/branch_3/artifacts/lca_tree_stress_v5/diag_ac3_correctness_capture_current/runs/correctness_fuzz/broom_mixed/n1024/seed5_L1_Q1
correctness_fuzz,caterpillar_rect_dense,64,1,0,0,1,0,0,1,0.235631,3792,/Users/free_1/Library/Mobile Documents/iCloud~md~obsidian/Documents/cpp-checker/branch_3/artifacts/lca_tree_stress_v5/diag_ac3_correctness_capture_current/runs/correctness_fuzz/caterpillar_rect_dense/n64/seed1_L0_Q0
correctness_fuzz,caterpillar_rect_dense,64,1,0,1,1,0,0,1,0.226524,3792,/Users/free_1/Library/Mobile Documents/iCloud~md~obsidian/Documents/cpp-checker/branch_3/artifacts/lca_tree_stress_v5/diag_ac3_correctness_capture_current/runs/correctness_fuzz/caterpillar_rect_dense/n64/seed1_L0_Q1
correctness_fuzz,caterpillar_rect_dense,64,1,1,0,1,0,0,1,0.239793,4512,/Users/free_1/Library/Mobile Documents/iCloud~md~obsidian/Documents/cpp-checker/branch_3/artifacts/lca_tree_stress_v5/diag_ac3_correctness_capture_current/runs/correctness_fuzz/caterpillar_rect_dense/n64/seed1_L1_Q0
correctness_fuzz,caterpillar_rect_dense,64,1,1,1,1,0,0,1,0.229918,4512,/Users/free_1/Library/Mobile Documents/iCloud~md~obsidian/Documents/cpp-checker/branch_3/artifacts/lca_tree_stress_v5/diag_ac3_correctness_capture_current/runs/correctness_fuzz/caterpillar_rect_dense/n64/seed1_L1_Q1
correctness_fuzz,caterpillar_rect_dense,64,2,0,0,1,0,0,1,0.221779,3792,/Users/free_1/Library/Mobile Documents/iCloud~md~obsidian/Documents/cpp-checker/branch_3/artifacts/lca_tree_stress_v5/diag_ac3_correctness_capture_current/runs/correctness_fuzz/caterpillar_rect_dense/n64/seed2_L0_Q0
correctness_fuzz,caterpillar_rect_dense,64,2,0,1,1,0,0,1,0.220975,3792,/Users/free_1/Library/Mobile Documents/iCloud~md~obsidian/Documents/cpp-checker/branch_3/artifacts/lca_tree_stress_v5/diag_ac3_correctness_capture_current/runs/correctness_fuzz/caterpillar_rect_dense/n64/seed2_L0_Q1
correctness_fuzz,caterpillar_rect_dense,64,2,1,0,1,0,0,1,0.236789,4368,/Users/free_1/Library/Mobile Documents/iCloud~md~obsidian/Documents/cpp-checker/branch_3/artifacts/lca_tree_stress_v5/diag_ac3_correctness_capture_current/runs/correctness_fuzz/caterpillar_rect_dense/n64/seed2_L1_Q0
correctness_fuzz,caterpillar_rect_dense,64,2,1,1,1,0,0,1,0.231449,4272,/Users/free_1/Library/Mobile Documents/iCloud~md~obsidian/Documents/cpp-checker/branch_3/artifacts/lca_tree_stress_v5/diag_ac3_correctness_capture_current/runs/correctness_fuzz/caterpillar_rect_dense/n64/seed2_L1_Q1
correctness_fuzz,caterpillar_rect_dense,64,3,0,0,1,0,0,1,0.230034,3760,/Users/free_1/Library/Mobile Documents/iCloud~md~obsidian/Documents/cpp-checker/branch_3/artifacts/lca_tree_stress_v5/diag_ac3_correctness_capture_current/runs/correctness_fuzz/caterpillar_rect_dense/n64/seed3_L0_Q0
correctness_fuzz,caterpillar_rect_dense,64,3,0,1,1,0,0,1,0.218432,3824,/Users/free_1/Library/Mobile Documents/iCloud~md~obsidian/Documents/cpp-checker/branch_3/artifacts/lca_tree_stress_v5/diag_ac3_correctness_capture_current/runs/correctness_fuzz/caterpillar_rect_dense/n64/seed3_L0_Q1
correctness_fuzz,caterpillar_rect_dense,64,3,1,0,1,0,0,1,0.231951,4528,/Users/free_1/Library/Mobile Documents/iCloud~md~obsidian/Documents/cpp-checker/branch_3/artifacts/lca_tree_stress_v5/diag_ac3_correctness_capture_current/runs/correctness_fuzz/caterpillar_rect_dense/n64/seed3_L1_Q0
correctness_fuzz,caterpillar_rect_dense,64,3,1,1,1,0,0,1,0.223964,4496,/Users/free_1/Library/Mobile Documents/iCloud~md~obsidian/Documents/cpp-checker/branch_3/artifacts/lca_tree_stress_v5/diag_ac3_correctness_capture_current/runs/correctness_fuzz/caterpillar_rect_dense/n64/seed3_L1_Q1
correctness_fuzz,caterpillar_rect_dense,64,4,0,0,1,0,0,1,0.224415,3808,/Users/free_1/Library/Mobile Documents/iCloud~md~obsidian/Documents/cpp-checker/branch_3/artifacts/lca_tree_stress_v5/diag_ac3_correctness_capture_current/runs/correctness_fuzz/caterpillar_rect_dense/n64/seed4_L0_Q0
correctness_fuzz,caterpillar_rect_dense,64,4,0,1,1,0,0,1,0.223480,3808,/Users/free_1/Library/Mobile Documents/iCloud~md~obsidian/Documents/cpp-checker/branch_3/artifacts/lca_tree_stress_v5/diag_ac3_correctness_capture_current/runs/correctness_fuzz/caterpillar_rect_dense/n64/seed4_L0_Q1
correctness_fuzz,caterpillar_rect_dense,64,4,1,0,1,0,0,1,0.227664,4272,/Users/free_1/Library/Mobile Documents/iCloud~md~obsidian/Documents/cpp-checker/branch_3/artifacts/lca_tree_stress_v5/diag_ac3_correctness_capture_current/runs/correctness_fuzz/caterpillar_rect_dense/n64/seed4_L1_Q0
correctness_fuzz,caterpillar_rect_dense,64,4,1,1,1,0,0,1,0.259567,4304,/Users/free_1/Library/Mobile Documents/iCloud~md~obsidian/Documents/cpp-checker/branch_3/artifacts/lca_tree_stress_v5/diag_ac3_correctness_capture_current/runs/correctness_fuzz/caterpillar_rect_dense/n64/seed4_L1_Q1
correctness_fuzz,caterpillar_rect_dense,64,5,0,0,1,0,0,1,0.269190,3824,/Users/free_1/Library/Mobile Documents/iCloud~md~obsidian/Documents/cpp-checker/branch_3/artifacts/lca_tree_stress_v5/diag_ac3_correctness_capture_current/runs/correctness_fuzz/caterpillar_rect_dense/n64/seed5_L0_Q0
correctness_fuzz,caterpillar_rect_dense,64,5,0,1,1,0,0,1,0.260815,3808,/Users/free_1/Library/Mobile Documents/iCloud~md~obsidian/Documents/cpp-checker/branch_3/artifacts/lca_tree_stress_v5/diag_ac3_correctness_capture_current/runs/correctness_fuzz/caterpillar_rect_dense/n64/seed5_L0_Q1
correctness_fuzz,caterpillar_rect_dense,64,5,1,0,1,0,0,1,0.239332,4400,/Users/free_1/Library/Mobile Documents/iCloud~md~obsidian/Documents/cpp-checker/branch_3/artifacts/lca_tree_stress_v5/diag_ac3_correctness_capture_current/runs/correctness_fuzz/caterpillar_rect_dense/n64/seed5_L1_Q0
correctness_fuzz,caterpillar_rect_dense,64,5,1,1,1,0,0,1,0.230071,4512,/Users/free_1/Library/Mobile Documents/iCloud~md~obsidian/Documents/cpp-checker/branch_3/artifacts/lca_tree_stress_v5/diag_ac3_correctness_capture_current/runs/correctness_fuzz/caterpillar_rect_dense/n64/seed5_L1_Q1
correctness_fuzz,caterpillar_rect_dense,128,1,0,0,1,0,0,1,0.264254,7920,/Users/free_1/Library/Mobile Documents/iCloud~md~obsidian/Documents/cpp-checker/branch_3/artifacts/lca_tree_stress_v5/diag_ac3_correctness_capture_current/runs/correctness_fuzz/caterpillar_rect_dense/n128/seed1_L0_Q0
correctness_fuzz,caterpillar_rect_dense,128,1,0,1,1,0,0,1,0.278552,7936,/Users/free_1/Library/Mobile Documents/iCloud~md~obsidian/Documents/cpp-checker/branch_3/artifacts/lca_tree_stress_v5/diag_ac3_correctness_capture_current/runs/correctness_fuzz/caterpillar_rect_dense/n128/seed1_L0_Q1
correctness_fuzz,caterpillar_rect_dense,128,1,1,0,1,0,0,1,0.314845,9984,/Users/free_1/Library/Mobile Documents/iCloud~md~obsidian/Documents/cpp-checker/branch_3/artifacts/lca_tree_stress_v5/diag_ac3_correctness_capture_current/runs/correctness_fuzz/caterpillar_rect_dense/n128/seed1_L1_Q0
correctness_fuzz,caterpillar_rect_dense,128,1,1,1,1,0,0,1,0.292537,9888,/Users/free_1/Library/Mobile Documents/iCloud~md~obsidian/Documents/cpp-checker/branch_3/artifacts/lca_tree_stress_v5/diag_ac3_correctness_capture_current/runs/correctness_fuzz/caterpillar_rect_dense/n128/seed1_L1_Q1
correctness_fuzz,caterpillar_rect_dense,128,2,0,0,1,0,0,1,0.269061,7824,/Users/free_1/Library/Mobile Documents/iCloud~md~obsidian/Documents/cpp-checker/branch_3/artifacts/lca_tree_stress_v5/diag_ac3_correctness_capture_current/runs/correctness_fuzz/caterpillar_rect_dense/n128/seed2_L0_Q0
correctness_fuzz,caterpillar_rect_dense,128,2,0,1,1,0,0,1,0.259811,7888,/Users/free_1/Library/Mobile Documents/iCloud~md~obsidian/Documents/cpp-checker/branch_3/artifacts/lca_tree_stress_v5/diag_ac3_correctness_capture_current/runs/correctness_fuzz/caterpillar_rect_dense/n128/seed2_L0_Q1
correctness_fuzz,caterpillar_rect_dense,128,2,1,0,1,0,0,1,0.296263,8992,/Users/free_1/Library/Mobile Documents/iCloud~md~obsidian/Documents/cpp-checker/branch_3/artifacts/lca_tree_stress_v5/diag_ac3_correctness_capture_current/runs/correctness_fuzz/caterpillar_rect_dense/n128/seed2_L1_Q0
correctness_fuzz,caterpillar_rect_dense,128,2,1,1,1,0,0,1,0.292132,9072,/Users/free_1/Library/Mobile Documents/iCloud~md~obsidian/Documents/cpp-checker/branch_3/artifacts/lca_tree_stress_v5/diag_ac3_correctness_capture_current/runs/correctness_fuzz/caterpillar_rect_dense/n128/seed2_L1_Q1
correctness_fuzz,caterpillar_rect_dense,128,3,0,0,1,0,0,1,0.261800,8016,/Users/free_1/Library/Mobile Documents/iCloud~md~obsidian/Documents/cpp-checker/branch_3/artifacts/lca_tree_stress_v5/diag_ac3_correctness_capture_current/runs/correctness_fuzz/caterpillar_rect_dense/n128/seed3_L0_Q0
correctness_fuzz,caterpillar_rect_dense,128,3,0,1,1,0,0,1,0.268423,8000,/Users/free_1/Library/Mobile Documents/iCloud~md~obsidian/Documents/cpp-checker/branch_3/artifacts/lca_tree_stress_v5/diag_ac3_correctness_capture_current/runs/correctness_fuzz/caterpillar_rect_dense/n128/seed3_L0_Q1
correctness_fuzz,caterpillar_rect_dense,128,3,1,0,1,0,0,1,0.258255,7680,/Users/free_1/Library/Mobile Documents/iCloud~md~obsidian/Documents/cpp-checker/branch_3/artifacts/lca_tree_stress_v5/diag_ac3_correctness_capture_current/runs/correctness_fuzz/caterpillar_rect_dense/n128/seed3_L1_Q0
correctness_fuzz,caterpillar_rect_dense,128,3,1,1,1,0,0,1,0.261518,7728,/Users/free_1/Library/Mobile Documents/iCloud~md~obsidian/Documents/cpp-checker/branch_3/artifacts/lca_tree_stress_v5/diag_ac3_correctness_capture_current/runs/correctness_fuzz/caterpillar_rect_dense/n128/seed3_L1_Q1
correctness_fuzz,caterpillar_rect_dense,128,4,0,0,1,0,0,1,0.269853,8000,/Users/free_1/Library/Mobile Documents/iCloud~md~obsidian/Documents/cpp-checker/branch_3/artifacts/lca_tree_stress_v5/diag_ac3_correctness_capture_current/runs/correctness_fuzz/caterpillar_rect_dense/n128/seed4_L0_Q0
correctness_fuzz,caterpillar_rect_dense,128,4,0,1,1,0,0,1,0.266367,8016,/Users/free_1/Library/Mobile Documents/iCloud~md~obsidian/Documents/cpp-checker/branch_3/artifacts/lca_tree_stress_v5/diag_ac3_correctness_capture_current/runs/correctness_fuzz/caterpillar_rect_dense/n128/seed4_L0_Q1
correctness_fuzz,caterpillar_rect_dense,128,4,1,0,1,0,0,1,0.285848,10000,/Users/free_1/Library/Mobile Documents/iCloud~md~obsidian/Documents/cpp-checker/branch_3/artifacts/lca_tree_stress_v5/diag_ac3_correctness_capture_current/runs/correctness_fuzz/caterpillar_rect_dense/n128/seed4_L1_Q0
correctness_fuzz,caterpillar_rect_dense,128,4,1,1,1,0,0,1,0.270870,10064,/Users/free_1/Library/Mobile Documents/iCloud~md~obsidian/Documents/cpp-checker/branch_3/artifacts/lca_tree_stress_v5/diag_ac3_correctness_capture_current/runs/correctness_fuzz/caterpillar_rect_dense/n128/seed4_L1_Q1
correctness_fuzz,caterpillar_rect_dense,128,5,0,0,1,0,0,1,0.282085,7872,/Users/free_1/Library/Mobile Documents/iCloud~md~obsidian/Documents/cpp-checker/branch_3/artifacts/lca_tree_stress_v5/diag_ac3_correctness_capture_current/runs/correctness_fuzz/caterpillar_rect_dense/n128/seed5_L0_Q0
correctness_fuzz,caterpillar_rect_dense,128,5,0,1,1,0,0,1,0.269088,7872,/Users/free_1/Library/Mobile Documents/iCloud~md~obsidian/Documents/cpp-checker/branch_3/artifacts/lca_tree_stress_v5/diag_ac3_correctness_capture_current/runs/correctness_fuzz/caterpillar_rect_dense/n128/seed5_L0_Q1
correctness_fuzz,caterpillar_rect_dense,128,5,1,0,1,0,0,1,0.287400,10592,/Users/free_1/Library/Mobile Documents/iCloud~md~obsidian/Documents/cpp-checker/branch_3/artifacts/lca_tree_stress_v5/diag_ac3_correctness_capture_current/runs/correctness_fuzz/caterpillar_rect_dense/n128/seed5_L1_Q0
correctness_fuzz,caterpillar_rect_dense,128,5,1,1,1,0,0,1,0.291497,10592,/Users/free_1/Library/Mobile Documents/iCloud~md~obsidian/Documents/cpp-checker/branch_3/artifacts/lca_tree_stress_v5/diag_ac3_correctness_capture_current/runs/correctness_fuzz/caterpillar_rect_dense/n128/seed5_L1_Q1
correctness_fuzz,caterpillar_rect_dense,256,1,0,0,1,0,0,1,0.529133,26880,/Users/free_1/Library/Mobile Documents/iCloud~md~obsidian/Documents/cpp-checker/branch_3/artifacts/lca_tree_stress_v5/diag_ac3_correctness_capture_current/runs/correctness_fuzz/caterpillar_rect_dense/n256/seed1_L0_Q0
correctness_fuzz,caterpillar_rect_dense,256,1,0,1,1,0,0,1,0.504973,26848,/Users/free_1/Library/Mobile Documents/iCloud~md~obsidian/Documents/cpp-checker/branch_3/artifacts/lca_tree_stress_v5/diag_ac3_correctness_capture_current/runs/correctness_fuzz/caterpillar_rect_dense/n256/seed1_L0_Q1
correctness_fuzz,caterpillar_rect_dense,256,1,1,0,1,0,0,1,0.634013,46192,/Users/free_1/Library/Mobile Documents/iCloud~md~obsidian/Documents/cpp-checker/branch_3/artifacts/lca_tree_stress_v5/diag_ac3_correctness_capture_current/runs/correctness_fuzz/caterpillar_rect_dense/n256/seed1_L1_Q0
correctness_fuzz,caterpillar_rect_dense,256,1,1,1,1,0,0,1,0.625388,46160,/Users/free_1/Library/Mobile Documents/iCloud~md~obsidian/Documents/cpp-checker/branch_3/artifacts/lca_tree_stress_v5/diag_ac3_correctness_capture_current/runs/correctness_fuzz/caterpillar_rect_dense/n256/seed1_L1_Q1
correctness_fuzz,caterpillar_rect_dense,256,2,0,0,1,0,0,1,0.493087,27728,/Users/free_1/Library/Mobile Documents/iCloud~md~obsidian/Documents/cpp-checker/branch_3/artifacts/lca_tree_stress_v5/diag_ac3_correctness_capture_current/runs/correctness_fuzz/caterpillar_rect_dense/n256/seed2_L0_Q0
correctness_fuzz,caterpillar_rect_dense,256,2,0,1,1,0,0,1,0.483169,27824,/Users/free_1/Library/Mobile Documents/iCloud~md~obsidian/Documents/cpp-checker/branch_3/artifacts/lca_tree_stress_v5/diag_ac3_correctness_capture_current/runs/correctness_fuzz/caterpillar_rect_dense/n256/seed2_L0_Q1
correctness_fuzz,caterpillar_rect_dense,256,2,1,0,1,0,0,1,0.574059,40624,/Users/free_1/Library/Mobile Documents/iCloud~md~obsidian/Documents/cpp-checker/branch_3/artifacts/lca_tree_stress_v5/diag_ac3_correctness_capture_current/runs/correctness_fuzz/caterpillar_rect_dense/n256/seed2_L1_Q0
correctness_fuzz,caterpillar_rect_dense,256,2,1,1,1,0,0,1,0.573147,40704,/Users/free_1/Library/Mobile Documents/iCloud~md~obsidian/Documents/cpp-checker/branch_3/artifacts/lca_tree_stress_v5/diag_ac3_correctness_capture_current/runs/correctness_fuzz/caterpillar_rect_dense/n256/seed2_L1_Q1
correctness_fuzz,caterpillar_rect_dense,256,3,0,0,1,0,0,1,0.538080,26928,/Users/free_1/Library/Mobile Documents/iCloud~md~obsidian/Documents/cpp-checker/branch_3/artifacts/lca_tree_stress_v5/diag_ac3_correctness_capture_current/runs/correctness_fuzz/caterpillar_rect_dense/n256/seed3_L0_Q0
correctness_fuzz,caterpillar_rect_dense,256,3,0,1,1,0,0,1,0.493036,26880,/Users/free_1/Library/Mobile Documents/iCloud~md~obsidian/Documents/cpp-checker/branch_3/artifacts/lca_tree_stress_v5/diag_ac3_correctness_capture_current/runs/correctness_fuzz/caterpillar_rect_dense/n256/seed3_L0_Q1
correctness_fuzz,caterpillar_rect_dense,256,3,1,0,1,0,0,1,0.722375,51088,/Users/free_1/Library/Mobile Documents/iCloud~md~obsidian/Documents/cpp-checker/branch_3/artifacts/lca_tree_stress_v5/diag_ac3_correctness_capture_current/runs/correctness_fuzz/caterpillar_rect_dense/n256/seed3_L1_Q0
correctness_fuzz,caterpillar_rect_dense,256,3,1,1,1,0,0,1,0.761876,51024,/Users/free_1/Library/Mobile Documents/iCloud~md~obsidian/Documents/cpp-checker/branch_3/artifacts/lca_tree_stress_v5/diag_ac3_correctness_capture_current/runs/correctness_fuzz/caterpillar_rect_dense/n256/seed3_L1_Q1
correctness_fuzz,caterpillar_rect_dense,256,4,0,0,1,0,0,1,0.550346,26672,/Users/free_1/Library/Mobile Documents/iCloud~md~obsidian/Documents/cpp-checker/branch_3/artifacts/lca_tree_stress_v5/diag_ac3_correctness_capture_current/runs/correctness_fuzz/caterpillar_rect_dense/n256/seed4_L0_Q0
correctness_fuzz,caterpillar_rect_dense,256,4,0,1,1,0,0,1,0.502717,26384,/Users/free_1/Library/Mobile Documents/iCloud~md~obsidian/Documents/cpp-checker/branch_3/artifacts/lca_tree_stress_v5/diag_ac3_correctness_capture_current/runs/correctness_fuzz/caterpillar_rect_dense/n256/seed4_L0_Q1
correctness_fuzz,caterpillar_rect_dense,256,4,1,0,1,0,0,1,0.514635,38224,/Users/free_1/Library/Mobile Documents/iCloud~md~obsidian/Documents/cpp-checker/branch_3/artifacts/lca_tree_stress_v5/diag_ac3_correctness_capture_current/runs/correctness_fuzz/caterpillar_rect_dense/n256/seed4_L1_Q0
correctness_fuzz,caterpillar_rect_dense,256,4,1,1,1,0,0,1,0.456564,38272,/Users/free_1/Library/Mobile Documents/iCloud~md~obsidian/Documents/cpp-checker/branch_3/artifacts/lca_tree_stress_v5/diag_ac3_correctness_capture_current/runs/correctness_fuzz/caterpillar_rect_dense/n256/seed4_L1_Q1
correctness_fuzz,caterpillar_rect_dense,256,5,0,0,1,0,0,1,0.424422,26976,/Users/free_1/Library/Mobile Documents/iCloud~md~obsidian/Documents/cpp-checker/branch_3/artifacts/lca_tree_stress_v5/diag_ac3_correctness_capture_current/runs/correctness_fuzz/caterpillar_rect_dense/n256/seed5_L0_Q0
correctness_fuzz,caterpillar_rect_dense,256,5,0,1,1,0,0,1,0.407923,26880,/Users/free_1/Library/Mobile Documents/iCloud~md~obsidian/Documents/cpp-checker/branch_3/artifacts/lca_tree_stress_v5/diag_ac3_correctness_capture_current/runs/correctness_fuzz/caterpillar_rect_dense/n256/seed5_L0_Q1
correctness_fuzz,caterpillar_rect_dense,256,5,1,0,1,0,0,1,0.418029,31728,/Users/free_1/Library/Mobile Documents/iCloud~md~obsidian/Documents/cpp-checker/branch_3/artifacts/lca_tree_stress_v5/diag_ac3_correctness_capture_current/runs/correctness_fuzz/caterpillar_rect_dense/n256/seed5_L1_Q0
correctness_fuzz,caterpillar_rect_dense,256,5,1,1,1,0,0,1,0.415832,31808,/Users/free_1/Library/Mobile Documents/iCloud~md~obsidian/Documents/cpp-checker/branch_3/artifacts/lca_tree_stress_v5/diag_ac3_correctness_capture_current/runs/correctness_fuzz/caterpillar_rect_dense/n256/seed5_L1_Q1
correctness_fuzz,caterpillar_rect_dense,512,1,0,0,1,0,0,1,1.814317,134048,/Users/free_1/Library/Mobile Documents/iCloud~md~obsidian/Documents/cpp-checker/branch_3/artifacts/lca_tree_stress_v5/diag_ac3_correctness_capture_current/runs/correctness_fuzz/caterpillar_rect_dense/n512/seed1_L0_Q0
correctness_fuzz,caterpillar_rect_dense,512,1,0,1,1,0,0,1,1.866484,134368,/Users/free_1/Library/Mobile Documents/iCloud~md~obsidian/Documents/cpp-checker/branch_3/artifacts/lca_tree_stress_v5/diag_ac3_correctness_capture_current/runs/correctness_fuzz/caterpillar_rect_dense/n512/seed1_L0_Q1
correctness_fuzz,caterpillar_rect_dense,512,1,1,0,1,0,0,1,1.627439,158752,/Users/free_1/Library/Mobile Documents/iCloud~md~obsidian/Documents/cpp-checker/branch_3/artifacts/lca_tree_stress_v5/diag_ac3_correctness_capture_current/runs/correctness_fuzz/caterpillar_rect_dense/n512/seed1_L1_Q0
correctness_fuzz,caterpillar_rect_dense,512,1,1,1,1,0,0,1,1.512601,158528,/Users/free_1/Library/Mobile Documents/iCloud~md~obsidian/Documents/cpp-checker/branch_3/artifacts/lca_tree_stress_v5/diag_ac3_correctness_capture_current/runs/correctness_fuzz/caterpillar_rect_dense/n512/seed1_L1_Q1
correctness_fuzz,caterpillar_rect_dense,512,2,0,0,1,0,0,1,1.979873,140704,/Users/free_1/Library/Mobile Documents/iCloud~md~obsidian/Documents/cpp-checker/branch_3/artifacts/lca_tree_stress_v5/diag_ac3_correctness_capture_current/runs/correctness_fuzz/caterpillar_rect_dense/n512/seed2_L0_Q0
correctness_fuzz,caterpillar_rect_dense,512,2,0,1,1,0,0,1,1.942041,140624,/Users/free_1/Library/Mobile Documents/iCloud~md~obsidian/Documents/cpp-checker/branch_3/artifacts/lca_tree_stress_v5/diag_ac3_correctness_capture_current/runs/correctness_fuzz/caterpillar_rect_dense/n512/seed2_L0_Q1
correctness_fuzz,caterpillar_rect_dense,512,2,1,0,1,-9,1,0,,,/Users/free_1/Library/Mobile Documents/iCloud~md~obsidian/Documents/cpp-checker/branch_3/artifacts/lca_tree_stress_v5/diag_ac3_correctness_capture_current/runs/correctness_fuzz/caterpillar_rect_dense/n512/seed2_L1_Q0
correctness_fuzz,caterpillar_rect_dense,512,2,1,1,1,0,0,1,1.998761,230480,/Users/free_1/Library/Mobile Documents/iCloud~md~obsidian/Documents/cpp-checker/branch_3/artifacts/lca_tree_stress_v5/diag_ac3_correctness_capture_current/runs/correctness_fuzz/caterpillar_rect_dense/n512/seed2_L1_Q1
correctness_fuzz,caterpillar_rect_dense,512,3,0,0,1,0,0,1,1.854830,135296,/Users/free_1/Library/Mobile Documents/iCloud~md~obsidian/Documents/cpp-checker/branch_3/artifacts/lca_tree_stress_v5/diag_ac3_correctness_capture_current/runs/correctness_fuzz/caterpillar_rect_dense/n512/seed3_L0_Q0
correctness_fuzz,caterpillar_rect_dense,512,3,0,1,1,0,0,1,1.816363,135328,/Users/free_1/Library/Mobile Documents/iCloud~md~obsidian/Documents/cpp-checker/branch_3/artifacts/lca_tree_stress_v5/diag_ac3_correctness_capture_current/runs/correctness_fuzz/caterpillar_rect_dense/n512/seed3_L0_Q1
correctness_fuzz,caterpillar_rect_dense,512,3,1,0,1,-9,1,0,,,/Users/free_1/Library/Mobile Documents/iCloud~md~obsidian/Documents/cpp-checker/branch_3/artifacts/lca_tree_stress_v5/diag_ac3_correctness_capture_current/runs/correctness_fuzz/caterpillar_rect_dense/n512/seed3_L1_Q0
correctness_fuzz,caterpillar_rect_dense,512,3,1,1,1,-9,1,0,,,/Users/free_1/Library/Mobile Documents/iCloud~md~obsidian/Documents/cpp-checker/branch_3/artifacts/lca_tree_stress_v5/diag_ac3_correctness_capture_current/runs/correctness_fuzz/caterpillar_rect_dense/n512/seed3_L1_Q1
correctness_fuzz,caterpillar_rect_dense,512,4,0,0,1,0,0,1,1.950374,141040,/Users/free_1/Library/Mobile Documents/iCloud~md~obsidian/Documents/cpp-checker/branch_3/artifacts/lca_tree_stress_v5/diag_ac3_correctness_capture_current/runs/correctness_fuzz/caterpillar_rect_dense/n512/seed4_L0_Q0
correctness_fuzz,caterpillar_rect_dense,512,4,0,1,1,0,0,1,1.914107,140608,/Users/free_1/Library/Mobile Documents/iCloud~md~obsidian/Documents/cpp-checker/branch_3/artifacts/lca_tree_stress_v5/diag_ac3_correctness_capture_current/runs/correctness_fuzz/caterpillar_rect_dense/n512/seed4_L0_Q1
correctness_fuzz,caterpillar_rect_dense,512,4,1,0,1,0,0,1,1.832060,193728,/Users/free_1/Library/Mobile Documents/iCloud~md~obsidian/Documents/cpp-checker/branch_3/artifacts/lca_tree_stress_v5/diag_ac3_correctness_capture_current/runs/correctness_fuzz/caterpillar_rect_dense/n512/seed4_L1_Q0
correctness_fuzz,caterpillar_rect_dense,512,4,1,1,1,0,0,1,1.770413,193712,/Users/free_1/Library/Mobile Documents/iCloud~md~obsidian/Documents/cpp-checker/branch_3/artifacts/lca_tree_stress_v5/diag_ac3_correctness_capture_current/runs/correctness_fuzz/caterpillar_rect_dense/n512/seed4_L1_Q1
correctness_fuzz,caterpillar_rect_dense,512,5,0,0,1,-9,1,0,,,/Users/free_1/Library/Mobile Documents/iCloud~md~obsidian/Documents/cpp-checker/branch_3/artifacts/lca_tree_stress_v5/diag_ac3_correctness_capture_current/runs/correctness_fuzz/caterpillar_rect_dense/n512/seed5_L0_Q0
correctness_fuzz,caterpillar_rect_dense,512,5,0,1,1,0,0,1,1.961149,141312,/Users/free_1/Library/Mobile Documents/iCloud~md~obsidian/Documents/cpp-checker/branch_3/artifacts/lca_tree_stress_v5/diag_ac3_correctness_capture_current/runs/correctness_fuzz/caterpillar_rect_dense/n512/seed5_L0_Q1
correctness_fuzz,caterpillar_rect_dense,512,5,1,0,1,-9,1,0,,,/Users/free_1/Library/Mobile Documents/iCloud~md~obsidian/Documents/cpp-checker/branch_3/artifacts/lca_tree_stress_v5/diag_ac3_correctness_capture_current/runs/correctness_fuzz/caterpillar_rect_dense/n512/seed5_L1_Q0
correctness_fuzz,caterpillar_rect_dense,512,5,1,1,1,0,0,1,1.963966,211952,/Users/free_1/Library/Mobile Documents/iCloud~md~obsidian/Documents/cpp-checker/branch_3/artifacts/lca_tree_stress_v5/diag_ac3_correctness_capture_current/runs/correctness_fuzz/caterpillar_rect_dense/n512/seed5_L1_Q1
correctness_fuzz,caterpillar_rect_dense,1024,1,0,0,1,-9,1,0,,,/Users/free_1/Library/Mobile Documents/iCloud~md~obsidian/Documents/cpp-checker/branch_3/artifacts/lca_tree_stress_v5/diag_ac3_correctness_capture_current/runs/correctness_fuzz/caterpillar_rect_dense/n1024/seed1_L0_Q0
correctness_fuzz,caterpillar_rect_dense,1024,1,0,1,1,-9,1,0,,,/Users/free_1/Library/Mobile Documents/iCloud~md~obsidian/Documents/cpp-checker/branch_3/artifacts/lca_tree_stress_v5/diag_ac3_correctness_capture_current/runs/correctness_fuzz/caterpillar_rect_dense/n1024/seed1_L0_Q1
correctness_fuzz,caterpillar_rect_dense,1024,1,1,0,1,-9,1,0,,,/Users/free_1/Library/Mobile Documents/iCloud~md~obsidian/Documents/cpp-checker/branch_3/artifacts/lca_tree_stress_v5/diag_ac3_correctness_capture_current/runs/correctness_fuzz/caterpillar_rect_dense/n1024/seed1_L1_Q0
correctness_fuzz,caterpillar_rect_dense,1024,1,1,1,1,-9,1,0,,,/Users/free_1/Library/Mobile Documents/iCloud~md~obsidian/Documents/cpp-checker/branch_3/artifacts/lca_tree_stress_v5/diag_ac3_correctness_capture_current/runs/correctness_fuzz/caterpillar_rect_dense/n1024/seed1_L1_Q1
correctness_fuzz,caterpillar_rect_dense,1024,2,0,0,1,-9,1,0,,,/Users/free_1/Library/Mobile Documents/iCloud~md~obsidian/Documents/cpp-checker/branch_3/artifacts/lca_tree_stress_v5/diag_ac3_correctness_capture_current/runs/correctness_fuzz/caterpillar_rect_dense/n1024/seed2_L0_Q0
correctness_fuzz,caterpillar_rect_dense,1024,2,0,1,1,-9,1,0,,,/Users/free_1/Library/Mobile Documents/iCloud~md~obsidian/Documents/cpp-checker/branch_3/artifacts/lca_tree_stress_v5/diag_ac3_correctness_capture_current/runs/correctness_fuzz/caterpillar_rect_dense/n1024/seed2_L0_Q1
correctness_fuzz,caterpillar_rect_dense,1024,2,1,0,1,-9,1,0,,,/Users/free_1/Library/Mobile Documents/iCloud~md~obsidian/Documents/cpp-checker/branch_3/artifacts/lca_tree_stress_v5/diag_ac3_correctness_capture_current/runs/correctness_fuzz/caterpillar_rect_dense/n1024/seed2_L1_Q0
correctness_fuzz,caterpillar_rect_dense,1024,2,1,1,1,-9,1,0,,,/Users/free_1/Library/Mobile Documents/iCloud~md~obsidian/Documents/cpp-checker/branch_3/artifacts/lca_tree_stress_v5/diag_ac3_correctness_capture_current/runs/correctness_fuzz/caterpillar_rect_dense/n1024/seed2_L1_Q1
correctness_fuzz,caterpillar_rect_dense,1024,3,0,0,1,-9,1,0,,,/Users/free_1/Library/Mobile Documents/iCloud~md~obsidian/Documents/cpp-checker/branch_3/artifacts/lca_tree_stress_v5/diag_ac3_correctness_capture_current/runs/correctness_fuzz/caterpillar_rect_dense/n1024/seed3_L0_Q0
correctness_fuzz,caterpillar_rect_dense,1024,3,0,1,1,-9,1,0,,,/Users/free_1/Library/Mobile Documents/iCloud~md~obsidian/Documents/cpp-checker/branch_3/artifacts/lca_tree_stress_v5/diag_ac3_correctness_capture_current/runs/correctness_fuzz/caterpillar_rect_dense/n1024/seed3_L0_Q1
correctness_fuzz,caterpillar_rect_dense,1024,3,1,0,1,-9,1,0,,,/Users/free_1/Library/Mobile Documents/iCloud~md~obsidian/Documents/cpp-checker/branch_3/artifacts/lca_tree_stress_v5/diag_ac3_correctness_capture_current/runs/correctness_fuzz/caterpillar_rect_dense/n1024/seed3_L1_Q0
correctness_fuzz,caterpillar_rect_dense,1024,3,1,1,1,-9,1,0,,,/Users/free_1/Library/Mobile Documents/iCloud~md~obsidian/Documents/cpp-checker/branch_3/artifacts/lca_tree_stress_v5/diag_ac3_correctness_capture_current/runs/correctness_fuzz/caterpillar_rect_dense/n1024/seed3_L1_Q1
correctness_fuzz,caterpillar_rect_dense,1024,4,0,0,1,-9,1,0,,,/Users/free_1/Library/Mobile Documents/iCloud~md~obsidian/Documents/cpp-checker/branch_3/artifacts/lca_tree_stress_v5/diag_ac3_correctness_capture_current/runs/correctness_fuzz/caterpillar_rect_dense/n1024/seed4_L0_Q0
correctness_fuzz,caterpillar_rect_dense,1024,4,0,1,1,-9,1,0,,,/Users/free_1/Library/Mobile Documents/iCloud~md~obsidian/Documents/cpp-checker/branch_3/artifacts/lca_tree_stress_v5/diag_ac3_correctness_capture_current/runs/correctness_fuzz/caterpillar_rect_dense/n1024/seed4_L0_Q1
correctness_fuzz,caterpillar_rect_dense,1024,4,1,0,1,-9,1,0,,,/Users/free_1/Library/Mobile Documents/iCloud~md~obsidian/Documents/cpp-checker/branch_3/artifacts/lca_tree_stress_v5/diag_ac3_correctness_capture_current/runs/correctness_fuzz/caterpillar_rect_dense/n1024/seed4_L1_Q0
correctness_fuzz,caterpillar_rect_dense,1024,4,1,1,1,-9,1,0,,,/Users/free_1/Library/Mobile Documents/iCloud~md~obsidian/Documents/cpp-checker/branch_3/artifacts/lca_tree_stress_v5/diag_ac3_correctness_capture_current/runs/correctness_fuzz/caterpillar_rect_dense/n1024/seed4_L1_Q1
correctness_fuzz,caterpillar_rect_dense,1024,5,0,0,1,-9,1,0,,,/Users/free_1/Library/Mobile Documents/iCloud~md~obsidian/Documents/cpp-checker/branch_3/artifacts/lca_tree_stress_v5/diag_ac3_correctness_capture_current/runs/correctness_fuzz/caterpillar_rect_dense/n1024/seed5_L0_Q0
correctness_fuzz,caterpillar_rect_dense,1024,5,0,1,1,-9,1,0,,,/Users/free_1/Library/Mobile Documents/iCloud~md~obsidian/Documents/cpp-checker/branch_3/artifacts/lca_tree_stress_v5/diag_ac3_correctness_capture_current/runs/correctness_fuzz/caterpillar_rect_dense/n1024/seed5_L0_Q1
correctness_fuzz,caterpillar_rect_dense,1024,5,1,0,1,-9,1,0,,,/Users/free_1/Library/Mobile Documents/iCloud~md~obsidian/Documents/cpp-checker/branch_3/artifacts/lca_tree_stress_v5/diag_ac3_correctness_capture_current/runs/correctness_fuzz/caterpillar_rect_dense/n1024/seed5_L1_Q0
correctness_fuzz,caterpillar_rect_dense,1024,5,1,1,1,-9,1,0,,,/Users/free_1/Library/Mobile Documents/iCloud~md~obsidian/Documents/cpp-checker/branch_3/artifacts/lca_tree_stress_v5/diag_ac3_correctness_capture_current/runs/correctness_fuzz/caterpillar_rect_dense/n1024/seed5_L1_Q1
correctness_fuzz,random_recursive_mixed,64,1,0,0,1,0,0,1,0.188328,2768,/Users/free_1/Library/Mobile Documents/iCloud~md~obsidian/Documents/cpp-checker/branch_3/artifacts/lca_tree_stress_v5/diag_ac3_correctness_capture_current/runs/correctness_fuzz/random_recursive_mixed/n64/seed1_L0_Q0
correctness_fuzz,random_recursive_mixed,64,1,0,1,1,0,0,1,0.176194,2784,/Users/free_1/Library/Mobile Documents/iCloud~md~obsidian/Documents/cpp-checker/branch_3/artifacts/lca_tree_stress_v5/diag_ac3_correctness_capture_current/runs/correctness_fuzz/random_recursive_mixed/n64/seed1_L0_Q1
correctness_fuzz,random_recursive_mixed,64,1,1,0,1,0,0,1,0.203231,2768,/Users/free_1/Library/Mobile Documents/iCloud~md~obsidian/Documents/cpp-checker/branch_3/artifacts/lca_tree_stress_v5/diag_ac3_correctness_capture_current/runs/correctness_fuzz/random_recursive_mixed/n64/seed1_L1_Q0
correctness_fuzz,random_recursive_mixed,64,1,1,1,1,0,0,1,0.190751,2784,/Users/free_1/Library/Mobile Documents/iCloud~md~obsidian/Documents/cpp-checker/branch_3/artifacts/lca_tree_stress_v5/diag_ac3_correctness_capture_current/runs/correctness_fuzz/random_recursive_mixed/n64/seed1_L1_Q1
correctness_fuzz,random_recursive_mixed,64,2,0,0,1,0,0,1,0.186728,2752,/Users/free_1/Library/Mobile Documents/iCloud~md~obsidian/Documents/cpp-checker/branch_3/artifacts/lca_tree_stress_v5/diag_ac3_correctness_capture_current/runs/correctness_fuzz/random_recursive_mixed/n64/seed2_L0_Q0
correctness_fuzz,random_recursive_mixed,64,2,0,1,1,0,0,1,0.190145,2752,/Users/free_1/Library/Mobile Documents/iCloud~md~obsidian/Documents/cpp-checker/branch_3/artifacts/lca_tree_stress_v5/diag_ac3_correctness_capture_current/runs/correctness_fuzz/random_recursive_mixed/n64/seed2_L0_Q1
correctness_fuzz,random_recursive_mixed,64,2,1,0,1,0,0,1,0.188923,2800,/Users/free_1/Library/Mobile Documents/iCloud~md~obsidian/Documents/cpp-checker/branch_3/artifacts/lca_tree_stress_v5/diag_ac3_correctness_capture_current/runs/correctness_fuzz/random_recursive_mixed/n64/seed2_L1_Q0
correctness_fuzz,random_recursive_mixed,64,2,1,1,1,0,0,1,0.192454,2720,/Users/free_1/Library/Mobile Documents/iCloud~md~obsidian/Documents/cpp-checker/branch_3/artifacts/lca_tree_stress_v5/diag_ac3_correctness_capture_current/runs/correctness_fuzz/random_recursive_mixed/n64/seed2_L1_Q1
correctness_fuzz,random_recursive_mixed,64,3,0,0,1,0,0,1,0.182989,2944,/Users/free_1/Library/Mobile Documents/iCloud~md~obsidian/Documents/cpp-checker/branch_3/artifacts/lca_tree_stress_v5/diag_ac3_correctness_capture_current/runs/correctness_fuzz/random_recursive_mixed/n64/seed3_L0_Q0
correctness_fuzz,random_recursive_mixed,64,3,0,1,1,0,0,1,0.182048,2912,/Users/free_1/Library/Mobile Documents/iCloud~md~obsidian/Documents/cpp-checker/branch_3/artifacts/lca_tree_stress_v5/diag_ac3_correctness_capture_current/runs/correctness_fuzz/random_recursive_mixed/n64/seed3_L0_Q1
correctness_fuzz,random_recursive_mixed,64,3,1,0,1,0,0,1,0.197738,3008,/Users/free_1/Library/Mobile Documents/iCloud~md~obsidian/Documents/cpp-checker/branch_3/artifacts/lca_tree_stress_v5/diag_ac3_correctness_capture_current/runs/correctness_fuzz/random_recursive_mixed/n64/seed3_L1_Q0
correctness_fuzz,random_recursive_mixed,64,3,1,1,1,0,0,1,0.202624,2992,/Users/free_1/Library/Mobile Documents/iCloud~md~obsidian/Documents/cpp-checker/branch_3/artifacts/lca_tree_stress_v5/diag_ac3_correctness_capture_current/runs/correctness_fuzz/random_recursive_mixed/n64/seed3_L1_Q1
correctness_fuzz,random_recursive_mixed,64,4,0,0,1,0,0,1,0.192584,2592,/Users/free_1/Library/Mobile Documents/iCloud~md~obsidian/Documents/cpp-checker/branch_3/artifacts/lca_tree_stress_v5/diag_ac3_correctness_capture_current/runs/correctness_fuzz/random_recursive_mixed/n64/seed4_L0_Q0
correctness_fuzz,random_recursive_mixed,64,4,0,1,1,0,0,1,0.181909,2576,/Users/free_1/Library/Mobile Documents/iCloud~md~obsidian/Documents/cpp-checker/branch_3/artifacts/lca_tree_stress_v5/diag_ac3_correctness_capture_current/runs/correctness_fuzz/random_recursive_mixed/n64/seed4_L0_Q1
correctness_fuzz,random_recursive_mixed,64,4,1,0,1,0,0,1,0.243844,2624,/Users/free_1/Library/Mobile Documents/iCloud~md~obsidian/Documents/cpp-checker/branch_3/artifacts/lca_tree_stress_v5/diag_ac3_correctness_capture_current/runs/correctness_fuzz/random_recursive_mixed/n64/seed4_L1_Q0
correctness_fuzz,random_recursive_mixed,64,4,1,1,1,0,0,1,0.181881,2608,/Users/free_1/Library/Mobile Documents/iCloud~md~obsidian/Documents/cpp-checker/branch_3/artifacts/lca_tree_stress_v5/diag_ac3_correctness_capture_current/runs/correctness_fuzz/random_recursive_mixed/n64/seed4_L1_Q1
correctness_fuzz,random_recursive_mixed,64,5,0,0,1,0,0,1,0.192257,2704,/Users/free_1/Library/Mobile Documents/iCloud~md~obsidian/Documents/cpp-checker/branch_3/artifacts/lca_tree_stress_v5/diag_ac3_correctness_capture_current/runs/correctness_fuzz/random_recursive_mixed/n64/seed5_L0_Q0
correctness_fuzz,random_recursive_mixed,64,5,0,1,1,0,0,1,0.191549,2752,/Users/free_1/Library/Mobile Documents/iCloud~md~obsidian/Documents/cpp-checker/branch_3/artifacts/lca_tree_stress_v5/diag_ac3_correctness_capture_current/runs/correctness_fuzz/random_recursive_mixed/n64/seed5_L0_Q1
correctness_fuzz,random_recursive_mixed,64,5,1,0,1,0,0,1,0.182654,2800,/Users/free_1/Library/Mobile Documents/iCloud~md~obsidian/Documents/cpp-checker/branch_3/artifacts/lca_tree_stress_v5/diag_ac3_correctness_capture_current/runs/correctness_fuzz/random_recursive_mixed/n64/seed5_L1_Q0
correctness_fuzz,random_recursive_mixed,64,5,1,1,1,0,0,1,0.192039,2784,/Users/free_1/Library/Mobile Documents/iCloud~md~obsidian/Documents/cpp-checker/branch_3/artifacts/lca_tree_stress_v5/diag_ac3_correctness_capture_current/runs/correctness_fuzz/random_recursive_mixed/n64/seed5_L1_Q1
correctness_fuzz,random_recursive_mixed,128,1,0,0,1,0,0,1,0.208321,3632,/Users/free_1/Library/Mobile Documents/iCloud~md~obsidian/Documents/cpp-checker/branch_3/artifacts/lca_tree_stress_v5/diag_ac3_correctness_capture_current/runs/correctness_fuzz/random_recursive_mixed/n128/seed1_L0_Q0
correctness_fuzz,random_recursive_mixed,128,1,0,1,1,0,0,1,0.239890,3648,/Users/free_1/Library/Mobile Documents/iCloud~md~obsidian/Documents/cpp-checker/branch_3/artifacts/lca_tree_stress_v5/diag_ac3_correctness_capture_current/runs/correctness_fuzz/random_recursive_mixed/n128/seed1_L0_Q1
correctness_fuzz,random_recursive_mixed,128,1,1,0,1,0,0,1,0.216675,3680,/Users/free_1/Library/Mobile Documents/iCloud~md~obsidian/Documents/cpp-checker/branch_3/artifacts/lca_tree_stress_v5/diag_ac3_correctness_capture_current/runs/correctness_fuzz/random_recursive_mixed/n128/seed1_L1_Q0
correctness_fuzz,random_recursive_mixed,128,1,1,1,1,0,0,1,0.205125,3696,/Users/free_1/Library/Mobile Documents/iCloud~md~obsidian/Documents/cpp-checker/branch_3/artifacts/lca_tree_stress_v5/diag_ac3_correctness_capture_current/runs/correctness_fuzz/random_recursive_mixed/n128/seed1_L1_Q1
correctness_fuzz,random_recursive_mixed,128,2,0,0,1,0,0,1,0.186784,3680,/Users/free_1/Library/Mobile Documents/iCloud~md~obsidian/Documents/cpp-checker/branch_3/artifacts/lca_tree_stress_v5/diag_ac3_correctness_capture_current/runs/correctness_fuzz/random_recursive_mixed/n128/seed2_L0_Q0
correctness_fuzz,random_recursive_mixed,128,2,0,1,1,0,0,1,0.186691,3616,/Users/free_1/Library/Mobile Documents/iCloud~md~obsidian/Documents/cpp-checker/branch_3/artifacts/lca_tree_stress_v5/diag_ac3_correctness_capture_current/runs/correctness_fuzz/random_recursive_mixed/n128/seed2_L0_Q1
correctness_fuzz,random_recursive_mixed,128,2,1,0,1,0,0,1,0.187402,3664,/Users/free_1/Library/Mobile Documents/iCloud~md~obsidian/Documents/cpp-checker/branch_3/artifacts/lca_tree_stress_v5/diag_ac3_correctness_capture_current/runs/correctness_fuzz/random_recursive_mixed/n128/seed2_L1_Q0
correctness_fuzz,random_recursive_mixed,128,2,1,1,1,0,0,1,0.196614,3680,/Users/free_1/Library/Mobile Documents/iCloud~md~obsidian/Documents/cpp-checker/branch_3/artifacts/lca_tree_stress_v5/diag_ac3_correctness_capture_current/runs/correctness_fuzz/random_recursive_mixed/n128/seed2_L1_Q1
correctness_fuzz,random_recursive_mixed,128,3,0,0,1,0,0,1,0.193155,3664,/Users/free_1/Library/Mobile Documents/iCloud~md~obsidian/Documents/cpp-checker/branch_3/artifacts/lca_tree_stress_v5/diag_ac3_correctness_capture_current/runs/correctness_fuzz/random_recursive_mixed/n128/seed3_L0_Q0
correctness_fuzz,random_recursive_mixed,128,3,0,1,1,0,0,1,0.193904,3696,/Users/free_1/Library/Mobile Documents/iCloud~md~obsidian/Documents/cpp-checker/branch_3/artifacts/lca_tree_stress_v5/diag_ac3_correctness_capture_current/runs/correctness_fuzz/random_recursive_mixed/n128/seed3_L0_Q1
correctness_fuzz,random_recursive_mixed,128,3,1,0,1,0,0,1,0.191231,3776,/Users/free_1/Library/Mobile Documents/iCloud~md~obsidian/Documents/cpp-checker/branch_3/artifacts/lca_tree_stress_v5/diag_ac3_correctness_capture_current/runs/correctness_fuzz/random_recursive_mixed/n128/seed3_L1_Q0
correctness_fuzz,random_recursive_mixed,128,3,1,1,1,0,0,1,0.197973,3776,/Users/free_1/Library/Mobile Documents/iCloud~md~obsidian/Documents/cpp-checker/branch_3/artifacts/lca_tree_stress_v5/diag_ac3_correctness_capture_current/runs/correctness_fuzz/random_recursive_mixed/n128/seed3_L1_Q1
correctness_fuzz,random_recursive_mixed,128,4,0,0,1,0,0,1,0.191835,3360,/Users/free_1/Library/Mobile Documents/iCloud~md~obsidian/Documents/cpp-checker/branch_3/artifacts/lca_tree_stress_v5/diag_ac3_correctness_capture_current/runs/correctness_fuzz/random_recursive_mixed/n128/seed4_L0_Q0
correctness_fuzz,random_recursive_mixed,128,4,0,1,1,0,0,1,0.216609,3328,/Users/free_1/Library/Mobile Documents/iCloud~md~obsidian/Documents/cpp-checker/branch_3/artifacts/lca_tree_stress_v5/diag_ac3_correctness_capture_current/runs/correctness_fuzz/random_recursive_mixed/n128/seed4_L0_Q1
correctness_fuzz,random_recursive_mixed,128,4,1,0,1,0,0,1,0.187501,3328,/Users/free_1/Library/Mobile Documents/iCloud~md~obsidian/Documents/cpp-checker/branch_3/artifacts/lca_tree_stress_v5/diag_ac3_correctness_capture_current/runs/correctness_fuzz/random_recursive_mixed/n128/seed4_L1_Q0
correctness_fuzz,random_recursive_mixed,128,4,1,1,1,0,0,1,0.186127,3328,/Users/free_1/Library/Mobile Documents/iCloud~md~obsidian/Documents/cpp-checker/branch_3/artifacts/lca_tree_stress_v5/diag_ac3_correctness_capture_current/runs/correctness_fuzz/random_recursive_mixed/n128/seed4_L1_Q1
correctness_fuzz,random_recursive_mixed,128,5,0,0,1,0,0,1,0.199447,3568,/Users/free_1/Library/Mobile Documents/iCloud~md~obsidian/Documents/cpp-checker/branch_3/artifacts/lca_tree_stress_v5/diag_ac3_correctness_capture_current/runs/correctness_fuzz/random_recursive_mixed/n128/seed5_L0_Q0
correctness_fuzz,random_recursive_mixed,128,5,0,1,1,0,0,1,0.194058,3600,/Users/free_1/Library/Mobile Documents/iCloud~md~obsidian/Documents/cpp-checker/branch_3/artifacts/lca_tree_stress_v5/diag_ac3_correctness_capture_current/runs/correctness_fuzz/random_recursive_mixed/n128/seed5_L0_Q1
correctness_fuzz,random_recursive_mixed,128,5,1,0,1,0,0,1,0.195614,3680,/Users/free_1/Library/Mobile Documents/iCloud~md~obsidian/Documents/cpp-checker/branch_3/artifacts/lca_tree_stress_v5/diag_ac3_correctness_capture_current/runs/correctness_fuzz/random_recursive_mixed/n128/seed5_L1_Q0
correctness_fuzz,random_recursive_mixed,128,5,1,1,1,0,0,1,0.191064,3648,/Users/free_1/Library/Mobile Documents/iCloud~md~obsidian/Documents/cpp-checker/branch_3/artifacts/lca_tree_stress_v5/diag_ac3_correctness_capture_current/runs/correctness_fuzz/random_recursive_mixed/n128/seed5_L1_Q1
correctness_fuzz,random_recursive_mixed,256,1,0,0,1,0,0,1,0.205307,5328,/Users/free_1/Library/Mobile Documents/iCloud~md~obsidian/Documents/cpp-checker/branch_3/artifacts/lca_tree_stress_v5/diag_ac3_correctness_capture_current/runs/correctness_fuzz/random_recursive_mixed/n256/seed1_L0_Q0
correctness_fuzz,random_recursive_mixed,256,1,0,1,1,0,0,1,0.219314,5296,/Users/free_1/Library/Mobile Documents/iCloud~md~obsidian/Documents/cpp-checker/branch_3/artifacts/lca_tree_stress_v5/diag_ac3_correctness_capture_current/runs/correctness_fuzz/random_recursive_mixed/n256/seed1_L0_Q1
correctness_fuzz,random_recursive_mixed,256,1,1,0,1,0,0,1,0.222171,5536,/Users/free_1/Library/Mobile Documents/iCloud~md~obsidian/Documents/cpp-checker/branch_3/artifacts/lca_tree_stress_v5/diag_ac3_correctness_capture_current/runs/correctness_fuzz/random_recursive_mixed/n256/seed1_L1_Q0
correctness_fuzz,random_recursive_mixed,256,1,1,1,1,0,0,1,0.217630,5488,/Users/free_1/Library/Mobile Documents/iCloud~md~obsidian/Documents/cpp-checker/branch_3/artifacts/lca_tree_stress_v5/diag_ac3_correctness_capture_current/runs/correctness_fuzz/random_recursive_mixed/n256/seed1_L1_Q1
correctness_fuzz,random_recursive_mixed,256,2,0,0,1,0,0,1,0.230288,5152,/Users/free_1/Library/Mobile Documents/iCloud~md~obsidian/Documents/cpp-checker/branch_3/artifacts/lca_tree_stress_v5/diag_ac3_correctness_capture_current/runs/correctness_fuzz/random_recursive_mixed/n256/seed2_L0_Q0
correctness_fuzz,random_recursive_mixed,256,2,0,1,1,0,0,1,0.216561,5152,/Users/free_1/Library/Mobile Documents/iCloud~md~obsidian/Documents/cpp-checker/branch_3/artifacts/lca_tree_stress_v5/diag_ac3_correctness_capture_current/runs/correctness_fuzz/random_recursive_mixed/n256/seed2_L0_Q1
correctness_fuzz,random_recursive_mixed,256,2,1,0,1,0,0,1,0.281640,5296,/Users/free_1/Library/Mobile Documents/iCloud~md~obsidian/Documents/cpp-checker/branch_3/artifacts/lca_tree_stress_v5/diag_ac3_correctness_capture_current/runs/correctness_fuzz/random_recursive_mixed/n256/seed2_L1_Q0
correctness_fuzz,random_recursive_mixed,256,2,1,1,1,0,0,1,0.235001,5280,/Users/free_1/Library/Mobile Documents/iCloud~md~obsidian/Documents/cpp-checker/branch_3/artifacts/lca_tree_stress_v5/diag_ac3_correctness_capture_current/runs/correctness_fuzz/random_recursive_mixed/n256/seed2_L1_Q1
correctness_fuzz,random_recursive_mixed,256,3,0,0,1,0,0,1,0.223128,5296,/Users/free_1/Library/Mobile Documents/iCloud~md~obsidian/Documents/cpp-checker/branch_3/artifacts/lca_tree_stress_v5/diag_ac3_correctness_capture_current/runs/correctness_fuzz/random_recursive_mixed/n256/seed3_L0_Q0
correctness_fuzz,random_recursive_mixed,256,3,0,1,1,0,0,1,0.217960,5312,/Users/free_1/Library/Mobile Documents/iCloud~md~obsidian/Documents/cpp-checker/branch_3/artifacts/lca_tree_stress_v5/diag_ac3_correctness_capture_current/runs/correctness_fuzz/random_recursive_mixed/n256/seed3_L0_Q1
correctness_fuzz,random_recursive_mixed,256,3,1,0,1,0,0,1,0.228650,5520,/Users/free_1/Library/Mobile Documents/iCloud~md~obsidian/Documents/cpp-checker/branch_3/artifacts/lca_tree_stress_v5/diag_ac3_correctness_capture_current/runs/correctness_fuzz/random_recursive_mixed/n256/seed3_L1_Q0
correctness_fuzz,random_recursive_mixed,256,3,1,1,1,0,0,1,0.220701,5520,/Users/free_1/Library/Mobile Documents/iCloud~md~obsidian/Documents/cpp-checker/branch_3/artifacts/lca_tree_stress_v5/diag_ac3_correctness_capture_current/runs/correctness_fuzz/random_recursive_mixed/n256/seed3_L1_Q1
correctness_fuzz,random_recursive_mixed,256,4,0,0,1,0,0,1,0.214425,4736,/Users/free_1/Library/Mobile Documents/iCloud~md~obsidian/Documents/cpp-checker/branch_3/artifacts/lca_tree_stress_v5/diag_ac3_correctness_capture_current/runs/correctness_fuzz/random_recursive_mixed/n256/seed4_L0_Q0
correctness_fuzz,random_recursive_mixed,256,4,0,1,1,0,0,1,0.219744,4816,/Users/free_1/Library/Mobile Documents/iCloud~md~obsidian/Documents/cpp-checker/branch_3/artifacts/lca_tree_stress_v5/diag_ac3_correctness_capture_current/runs/correctness_fuzz/random_recursive_mixed/n256/seed4_L0_Q1
correctness_fuzz,random_recursive_mixed,256,4,1,0,1,0,0,1,0.193442,4736,/Users/free_1/Library/Mobile Documents/iCloud~md~obsidian/Documents/cpp-checker/branch_3/artifacts/lca_tree_stress_v5/diag_ac3_correctness_capture_current/runs/correctness_fuzz/random_recursive_mixed/n256/seed4_L1_Q0
correctness_fuzz,random_recursive_mixed,256,4,1,1,1,0,0,1,0.204324,4848,/Users/free_1/Library/Mobile Documents/iCloud~md~obsidian/Documents/cpp-checker/branch_3/artifacts/lca_tree_stress_v5/diag_ac3_correctness_capture_current/runs/correctness_fuzz/random_recursive_mixed/n256/seed4_L1_Q1
correctness_fuzz,random_recursive_mixed,256,5,0,0,1,0,0,1,0.208675,5072,/Users/free_1/Library/Mobile Documents/iCloud~md~obsidian/Documents/cpp-checker/branch_3/artifacts/lca_tree_stress_v5/diag_ac3_correctness_capture_current/runs/correctness_fuzz/random_recursive_mixed/n256/seed5_L0_Q0
correctness_fuzz,random_recursive_mixed,256,5,0,1,1,0,0,1,0.203938,5072,/Users/free_1/Library/Mobile Documents/iCloud~md~obsidian/Documents/cpp-checker/branch_3/artifacts/lca_tree_stress_v5/diag_ac3_correctness_capture_current/runs/correctness_fuzz/random_recursive_mixed/n256/seed5_L0_Q1
correctness_fuzz,random_recursive_mixed,256,5,1,0,1,0,0,1,0.211564,5328,/Users/free_1/Library/Mobile Documents/iCloud~md~obsidian/Documents/cpp-checker/branch_3/artifacts/lca_tree_stress_v5/diag_ac3_correctness_capture_current/runs/correctness_fuzz/random_recursive_mixed/n256/seed5_L1_Q0
correctness_fuzz,random_recursive_mixed,256,5,1,1,1,0,0,1,0.203750,5264,/Users/free_1/Library/Mobile Documents/iCloud~md~obsidian/Documents/cpp-checker/branch_3/artifacts/lca_tree_stress_v5/diag_ac3_correctness_capture_current/runs/correctness_fuzz/random_recursive_mixed/n256/seed5_L1_Q1
correctness_fuzz,random_recursive_mixed,512,1,0,0,1,0,0,1,0.270950,8480,/Users/free_1/Library/Mobile Documents/iCloud~md~obsidian/Documents/cpp-checker/branch_3/artifacts/lca_tree_stress_v5/diag_ac3_correctness_capture_current/runs/correctness_fuzz/random_recursive_mixed/n512/seed1_L0_Q0
correctness_fuzz,random_recursive_mixed,512,1,0,1,1,0,0,1,0.264782,8432,/Users/free_1/Library/Mobile Documents/iCloud~md~obsidian/Documents/cpp-checker/branch_3/artifacts/lca_tree_stress_v5/diag_ac3_correctness_capture_current/runs/correctness_fuzz/random_recursive_mixed/n512/seed1_L0_Q1
correctness_fuzz,random_recursive_mixed,512,1,1,0,1,0,0,1,0.283449,8960,/Users/free_1/Library/Mobile Documents/iCloud~md~obsidian/Documents/cpp-checker/branch_3/artifacts/lca_tree_stress_v5/diag_ac3_correctness_capture_current/runs/correctness_fuzz/random_recursive_mixed/n512/seed1_L1_Q0
correctness_fuzz,random_recursive_mixed,512,1,1,1,1,0,0,1,0.273149,8960,/Users/free_1/Library/Mobile Documents/iCloud~md~obsidian/Documents/cpp-checker/branch_3/artifacts/lca_tree_stress_v5/diag_ac3_correctness_capture_current/runs/correctness_fuzz/random_recursive_mixed/n512/seed1_L1_Q1
correctness_fuzz,random_recursive_mixed,512,2,0,0,1,0,0,1,0.265014,8320,/Users/free_1/Library/Mobile Documents/iCloud~md~obsidian/Documents/cpp-checker/branch_3/artifacts/lca_tree_stress_v5/diag_ac3_correctness_capture_current/runs/correctness_fuzz/random_recursive_mixed/n512/seed2_L0_Q0
correctness_fuzz,random_recursive_mixed,512,2,0,1,1,0,0,1,0.312752,8304,/Users/free_1/Library/Mobile Documents/iCloud~md~obsidian/Documents/cpp-checker/branch_3/artifacts/lca_tree_stress_v5/diag_ac3_correctness_capture_current/runs/correctness_fuzz/random_recursive_mixed/n512/seed2_L0_Q1
correctness_fuzz,random_recursive_mixed,512,2,1,0,1,0,0,1,0.304310,8464,/Users/free_1/Library/Mobile Documents/iCloud~md~obsidian/Documents/cpp-checker/branch_3/artifacts/lca_tree_stress_v5/diag_ac3_correctness_capture_current/runs/correctness_fuzz/random_recursive_mixed/n512/seed2_L1_Q0
correctness_fuzz,random_recursive_mixed,512,2,1,1,1,0,0,1,0.334776,8528,/Users/free_1/Library/Mobile Documents/iCloud~md~obsidian/Documents/cpp-checker/branch_3/artifacts/lca_tree_stress_v5/diag_ac3_correctness_capture_current/runs/correctness_fuzz/random_recursive_mixed/n512/seed2_L1_Q1
correctness_fuzz,random_recursive_mixed,512,3,0,0,1,0,0,1,0.316285,8112,/Users/free_1/Library/Mobile Documents/iCloud~md~obsidian/Documents/cpp-checker/branch_3/artifacts/lca_tree_stress_v5/diag_ac3_correctness_capture_current/runs/correctness_fuzz/random_recursive_mixed/n512/seed3_L0_Q0
correctness_fuzz,random_recursive_mixed,512,3,0,1,1,0,0,1,0.306634,8080,/Users/free_1/Library/Mobile Documents/iCloud~md~obsidian/Documents/cpp-checker/branch_3/artifacts/lca_tree_stress_v5/diag_ac3_correctness_capture_current/runs/correctness_fuzz/random_recursive_mixed/n512/seed3_L0_Q1
correctness_fuzz,random_recursive_mixed,512,3,1,0,1,0,0,1,0.265917,8448,/Users/free_1/Library/Mobile Documents/iCloud~md~obsidian/Documents/cpp-checker/branch_3/artifacts/lca_tree_stress_v5/diag_ac3_correctness_capture_current/runs/correctness_fuzz/random_recursive_mixed/n512/seed3_L1_Q0
correctness_fuzz,random_recursive_mixed,512,3,1,1,1,0,0,1,0.263520,8608,/Users/free_1/Library/Mobile Documents/iCloud~md~obsidian/Documents/cpp-checker/branch_3/artifacts/lca_tree_stress_v5/diag_ac3_correctness_capture_current/runs/correctness_fuzz/random_recursive_mixed/n512/seed3_L1_Q1
correctness_fuzz,random_recursive_mixed,512,4,0,0,1,0,0,1,0.249188,7712,/Users/free_1/Library/Mobile Documents/iCloud~md~obsidian/Documents/cpp-checker/branch_3/artifacts/lca_tree_stress_v5/diag_ac3_correctness_capture_current/runs/correctness_fuzz/random_recursive_mixed/n512/seed4_L0_Q0
correctness_fuzz,random_recursive_mixed,512,4,0,1,1,0,0,1,0.250454,7792,/Users/free_1/Library/Mobile Documents/iCloud~md~obsidian/Documents/cpp-checker/branch_3/artifacts/lca_tree_stress_v5/diag_ac3_correctness_capture_current/runs/correctness_fuzz/random_recursive_mixed/n512/seed4_L0_Q1
correctness_fuzz,random_recursive_mixed,512,4,1,0,1,0,0,1,0.263026,8144,/Users/free_1/Library/Mobile Documents/iCloud~md~obsidian/Documents/cpp-checker/branch_3/artifacts/lca_tree_stress_v5/diag_ac3_correctness_capture_current/runs/correctness_fuzz/random_recursive_mixed/n512/seed4_L1_Q0
correctness_fuzz,random_recursive_mixed,512,4,1,1,1,0,0,1,0.265608,7936,/Users/free_1/Library/Mobile Documents/iCloud~md~obsidian/Documents/cpp-checker/branch_3/artifacts/lca_tree_stress_v5/diag_ac3_correctness_capture_current/runs/correctness_fuzz/random_recursive_mixed/n512/seed4_L1_Q1
correctness_fuzz,random_recursive_mixed,512,5,0,0,1,0,0,1,0.263926,8080,/Users/free_1/Library/Mobile Documents/iCloud~md~obsidian/Documents/cpp-checker/branch_3/artifacts/lca_tree_stress_v5/diag_ac3_correctness_capture_current/runs/correctness_fuzz/random_recursive_mixed/n512/seed5_L0_Q0
correctness_fuzz,random_recursive_mixed,512,5,0,1,1,0,0,1,0.235105,8048,/Users/free_1/Library/Mobile Documents/iCloud~md~obsidian/Documents/cpp-checker/branch_3/artifacts/lca_tree_stress_v5/diag_ac3_correctness_capture_current/runs/correctness_fuzz/random_recursive_mixed/n512/seed5_L0_Q1
correctness_fuzz,random_recursive_mixed,512,5,1,0,1,0,0,1,0.253197,8288,/Users/free_1/Library/Mobile Documents/iCloud~md~obsidian/Documents/cpp-checker/branch_3/artifacts/lca_tree_stress_v5/diag_ac3_correctness_capture_current/runs/correctness_fuzz/random_recursive_mixed/n512/seed5_L1_Q0
correctness_fuzz,random_recursive_mixed,512,5,1,1,1,0,0,1,0.261703,8256,/Users/free_1/Library/Mobile Documents/iCloud~md~obsidian/Documents/cpp-checker/branch_3/artifacts/lca_tree_stress_v5/diag_ac3_correctness_capture_current/runs/correctness_fuzz/random_recursive_mixed/n512/seed5_L1_Q1
correctness_fuzz,random_recursive_mixed,1024,1,0,0,1,0,0,1,0.370118,14880,/Users/free_1/Library/Mobile Documents/iCloud~md~obsidian/Documents/cpp-checker/branch_3/artifacts/lca_tree_stress_v5/diag_ac3_correctness_capture_current/runs/correctness_fuzz/random_recursive_mixed/n1024/seed1_L0_Q0
correctness_fuzz,random_recursive_mixed,1024,1,0,1,1,0,0,1,0.373043,14880,/Users/free_1/Library/Mobile Documents/iCloud~md~obsidian/Documents/cpp-checker/branch_3/artifacts/lca_tree_stress_v5/diag_ac3_correctness_capture_current/runs/correctness_fuzz/random_recursive_mixed/n1024/seed1_L0_Q1
correctness_fuzz,random_recursive_mixed,1024,1,1,0,1,0,0,1,0.399476,16016,/Users/free_1/Library/Mobile Documents/iCloud~md~obsidian/Documents/cpp-checker/branch_3/artifacts/lca_tree_stress_v5/diag_ac3_correctness_capture_current/runs/correctness_fuzz/random_recursive_mixed/n1024/seed1_L1_Q0
correctness_fuzz,random_recursive_mixed,1024,1,1,1,1,0,0,1,0.414246,15936,/Users/free_1/Library/Mobile Documents/iCloud~md~obsidian/Documents/cpp-checker/branch_3/artifacts/lca_tree_stress_v5/diag_ac3_correctness_capture_current/runs/correctness_fuzz/random_recursive_mixed/n1024/seed1_L1_Q1
correctness_fuzz,random_recursive_mixed,1024,2,0,0,1,0,0,1,0.391346,14128,/Users/free_1/Library/Mobile Documents/iCloud~md~obsidian/Documents/cpp-checker/branch_3/artifacts/lca_tree_stress_v5/diag_ac3_correctness_capture_current/runs/correctness_fuzz/random_recursive_mixed/n1024/seed2_L0_Q0
correctness_fuzz,random_recursive_mixed,1024,2,0,1,1,0,0,1,0.415652,14192,/Users/free_1/Library/Mobile Documents/iCloud~md~obsidian/Documents/cpp-checker/branch_3/artifacts/lca_tree_stress_v5/diag_ac3_correctness_capture_current/runs/correctness_fuzz/random_recursive_mixed/n1024/seed2_L0_Q1
correctness_fuzz,random_recursive_mixed,1024,2,1,0,1,0,0,1,0.422697,15168,/Users/free_1/Library/Mobile Documents/iCloud~md~obsidian/Documents/cpp-checker/branch_3/artifacts/lca_tree_stress_v5/diag_ac3_correctness_capture_current/runs/correctness_fuzz/random_recursive_mixed/n1024/seed2_L1_Q0
correctness_fuzz,random_recursive_mixed,1024,2,1,1,1,0,0,1,0.461216,15216,/Users/free_1/Library/Mobile Documents/iCloud~md~obsidian/Documents/cpp-checker/branch_3/artifacts/lca_tree_stress_v5/diag_ac3_correctness_capture_current/runs/correctness_fuzz/random_recursive_mixed/n1024/seed2_L1_Q1
correctness_fuzz,random_recursive_mixed,1024,3,0,0,1,0,0,1,0.380125,14112,/Users/free_1/Library/Mobile Documents/iCloud~md~obsidian/Documents/cpp-checker/branch_3/artifacts/lca_tree_stress_v5/diag_ac3_correctness_capture_current/runs/correctness_fuzz/random_recursive_mixed/n1024/seed3_L0_Q0
correctness_fuzz,random_recursive_mixed,1024,3,0,1,1,0,0,1,0.350296,14112,/Users/free_1/Library/Mobile Documents/iCloud~md~obsidian/Documents/cpp-checker/branch_3/artifacts/lca_tree_stress_v5/diag_ac3_correctness_capture_current/runs/correctness_fuzz/random_recursive_mixed/n1024/seed3_L0_Q1
correctness_fuzz,random_recursive_mixed,1024,3,1,0,1,0,0,1,0.358219,14848,/Users/free_1/Library/Mobile Documents/iCloud~md~obsidian/Documents/cpp-checker/branch_3/artifacts/lca_tree_stress_v5/diag_ac3_correctness_capture_current/runs/correctness_fuzz/random_recursive_mixed/n1024/seed3_L1_Q0
correctness_fuzz,random_recursive_mixed,1024,3,1,1,1,0,0,1,0.385045,14864,/Users/free_1/Library/Mobile Documents/iCloud~md~obsidian/Documents/cpp-checker/branch_3/artifacts/lca_tree_stress_v5/diag_ac3_correctness_capture_current/runs/correctness_fuzz/random_recursive_mixed/n1024/seed3_L1_Q1
correctness_fuzz,random_recursive_mixed,1024,4,0,0,1,0,0,1,0.396646,13264,/Users/free_1/Library/Mobile Documents/iCloud~md~obsidian/Documents/cpp-checker/branch_3/artifacts/lca_tree_stress_v5/diag_ac3_correctness_capture_current/runs/correctness_fuzz/random_recursive_mixed/n1024/seed4_L0_Q0
correctness_fuzz,random_recursive_mixed,1024,4,0,1,1,0,0,1,0.395619,13376,/Users/free_1/Library/Mobile Documents/iCloud~md~obsidian/Documents/cpp-checker/branch_3/artifacts/lca_tree_stress_v5/diag_ac3_correctness_capture_current/runs/correctness_fuzz/random_recursive_mixed/n1024/seed4_L0_Q1
correctness_fuzz,random_recursive_mixed,1024,4,1,0,1,0,0,1,0.376236,13840,/Users/free_1/Library/Mobile Documents/iCloud~md~obsidian/Documents/cpp-checker/branch_3/artifacts/lca_tree_stress_v5/diag_ac3_correctness_capture_current/runs/correctness_fuzz/random_recursive_mixed/n1024/seed4_L1_Q0
correctness_fuzz,random_recursive_mixed,1024,4,1,1,1,0,0,1,0.390571,13712,/Users/free_1/Library/Mobile Documents/iCloud~md~obsidian/Documents/cpp-checker/branch_3/artifacts/lca_tree_stress_v5/diag_ac3_correctness_capture_current/runs/correctness_fuzz/random_recursive_mixed/n1024/seed4_L1_Q1
correctness_fuzz,random_recursive_mixed,1024,5,0,0,1,0,0,1,0.404336,13952,/Users/free_1/Library/Mobile Documents/iCloud~md~obsidian/Documents/cpp-checker/branch_3/artifacts/lca_tree_stress_v5/diag_ac3_correctness_capture_current/runs/correctness_fuzz/random_recursive_mixed/n1024/seed5_L0_Q0
correctness_fuzz,random_recursive_mixed,1024,5,0,1,1,0,0,1,0.374969,13968,/Users/free_1/Library/Mobile Documents/iCloud~md~obsidian/Documents/cpp-checker/branch_3/artifacts/lca_tree_stress_v5/diag_ac3_correctness_capture_current/runs/correctness_fuzz/random_recursive_mixed/n1024/seed5_L0_Q1
correctness_fuzz,random_recursive_mixed,1024,5,1,0,1,0,0,1,0.397055,14336,/Users/free_1/Library/Mobile Documents/iCloud~md~obsidian/Documents/cpp-checker/branch_3/artifacts/lca_tree_stress_v5/diag_ac3_correctness_capture_current/runs/correctness_fuzz/random_recursive_mixed/n1024/seed5_L1_Q0
correctness_fuzz,random_recursive_mixed,1024,5,1,1,1,0,0,1,0.389189,14480,/Users/free_1/Library/Mobile Documents/iCloud~md~obsidian/Documents/cpp-checker/branch_3/artifacts/lca_tree_stress_v5/diag_ac3_correctness_capture_current/runs/correctness_fuzz/random_recursive_mixed/n1024/seed5_L1_Q1
