256 11905
160 255 1
14 85 255
31 120 85
59 179 31
106 195 179
47 201 106
116 132 47
125 208 116
42 102 208
240 254 102
4 164 240
50 52 164
209 243 52
9 79 243
27 226 9
40 168 226
41 251 168
87 228 251
62 167 228
16 113 62
101 256 113
115 161 256
118 225 161
71 183 225
25 252 71
104 206 25
169 239 206
185 222 239
123 166 185
99 149 166
3 67 99
46 242 67
32 217 242
144 176 32
55 249 144
22 215 249
23 198 215
11 96 23
204 245 11
68 69 204
39 141 69
133 212 141
154 205 133
12 65 205
78 124 65
165 193 124
49 105 165
138 221 105
90 94 138
89 210 90
143 237 89
48 110 237
7 186 48
92 158 186
131 202 158
199 207 202
8 66 207
72 200 66
30 98 200
13 175 98
74 188 13
150 184 74
21 238 184
83 142 21
162 233 83
97 157 233
51 231 97
136 214 51
213 227 214
64 223 227
15 75 64
159 196 75
93 122 159
134 232 93
216 234 232
38 155 234
61 218 155
73 103 218
77 84 73
18 130 84
53 220 18
108 171 53
57 137 171
10 146 137
19 34 10
121 211 19
100 151 211
107 244 151
6 86 107
44 82 6
139 230 44
191 219 230
36 180 219
177 236 180
152 224 177
56 247 224
43 203 56
26 173 203
17 88 173
109 140 88
187 250 140
28 172 187
91 95 172
45 128 91
33 174 128
58 156 33
119 178 58
126 246 119
76 80 126
29 81 80
148 197 29
20 189 148
229 241 189
117 170 229
129 182 170
114 145 182
24 60 114
2 54 24
37 248 54
63 111 37
163 192 111
70 147 192
135 194 70
35 127 135
5 181 127
153 190 181
112 235 153
160 253 1
14 253 255
120 253 85
59 253 31
195 253 179
201 253 106
132 253 47
125 253 116
42 253 208
253 254 102
4 253 240
50 253 164
209 253 52
79 253 243
27 253 9
40 253 226
41 253 168
87 253 251
167 253 228
16 253 62
101 253 113
115 253 256
118 253 161
183 253 225
252 253 71
104 253 25
169 253 206
222 253 239
123 253 185
149 253 166
3 253 99
46 253 67
217 253 242
176 253 32
55 253 144
22 253 249
198 253 215
96 253 23
245 253 11
68 253 204
39 253 69
212 253 141
154 253 133
12 253 205
78 253 65
193 253 124
49 253 165
221 253 105
94 253 138
210 253 90
143 253 89
110 253 237
7 253 48
92 253 186
131 253 158
199 253 202
8 253 207
72 253 66
30 253 200
175 253 98
188 253 13
150 253 74
238 253 184
142 253 21
162 253 83
157 253 233
231 253 97
136 253 51
213 253 214
223 253 227
15 253 64
196 253 75
122 253 159
134 253 93
216 253 232
38 253 234
61 253 155
103 253 218
77 253 73
130 253 84
220 253 18
108 253 53
57 253 171
146 253 137
34 253 10
121 253 19
100 253 211
244 253 151
86 253 107
82 253 6
139 253 44
191 253 230
36 253 219
236 253 180
152 253 177
247 253 224
43 253 56
26 253 203
17 253 173
109 253 88
250 253 140
28 253 187
95 253 172
45 253 91
174 253 128
156 253 33
178 253 58
246 253 119
76 253 126
81 253 80
197 253 29
20 253 148
241 253 189
117 253 229
129 253 170
145 253 182
60 253 114
2 253 24
248 253 54
63 253 37
163 253 111
147 253 192
194 253 70
35 253 135
5 253 127
190 253 181
112 253 153
1 253 1
253 255 255
85 253 85
31 253 31
179 253 179
106 253 106
47 253 47
116 253 116
208 253 208
102 253 102
240 253 240
164 253 164
52 253 52
243 253 243
9 253 9
226 253 226
168 253 168
251 253 251
228 253 228
62 253 62
113 253 113
253 256 256
161 253 161
225 253 225
71 253 71
25 253 25
206 253 206
239 253 239
185 253 185
166 253 166
99 253 99
67 253 67
242 253 242
32 253 32
144 253 144
249 253 249
215 253 215
23 253 23
11 253 11
204 253 204
69 253 69
141 253 141
133 253 133
205 253 205
65 253 65
124 253 124
165 253 165
105 253 105
138 253 138
90 253 90
89 253 89
237 253 237
48 253 48
186 253 186
158 253 158
202 253 202
207 253 207
66 253 66
200 253 200
98 253 98
13 253 13
74 253 74
184 253 184
21 253 21
83 253 83
233 253 233
97 253 97
51 253 51
214 253 214
227 253 227
64 253 64
75 253 75
159 253 159
93 253 93
232 253 232
234 253 234
155 253 155
218 253 218
73 253 73
84 253 84
18 253 18
53 253 53
171 253 171
137 253 137
10 253 10
19 253 19
211 253 211
151 253 151
107 253 107
6 253 6
44 253 44
230 253 230
219 253 219
180 253 180
177 253 177
224 253 224
56 253 56
203 253 203
173 253 173
88 253 88
140 253 140
187 253 187
172 253 172
91 253 91
128 253 128
33 253 33
58 253 58
119 253 119
126 253 126
80 253 80
29 253 29
148 253 148
189 253 189
229 253 229
170 253 170
182 253 182
114 253 114
24 253 24
54 253 54
37 253 37
111 253 111
192 253 192
70 253 70
135 253 135
127 253 127
181 253 181
153 253 153
235 253 235
90 152 90
132 248 47
83 209 52
152 166 166
46 249 67
186 249 249
20 111 148
8 138 138
5 153 127
130 134 93
105 110 105
26 210 90
49 170 165
202 245 11
36 68 204
118 185 161
106 178 106
18 216 232
135 203 203
46 82 67
163 175 98
75 100 75
18 71 71
69 185 185
77 96 23
39 50 164
34 61 155
93 156 93
92 184 186
136 169 206
36 199 202
30 122 200
96 97 23
12 55 144
85 106 85
100 165 165
1 85 1
58 217 242
86 139 107
78 247 65
22 211 249
20 115 256
116 180 116
85 115 85
61 126 155
140 228 228
28 59 31
71 168 168
164 193 164
200 212 141
83 87 251
172 195 179
1 240 1
191 241 230
33 123 185
75 225 225
61 183 225
121 157 233
7 180 48
93 164 164
118 176 161
54 129 170
77 102 102
80 220 18
116 245 116
40 120 85
150 220 74
22 124 249
76 235 126
188 239 239
73 184 184
41 108 168
136 189 51
33 166 166
160 222 1
25 71 71
45 147 91
60 81 80
115 160 1
43 115 256
216 244 232
4 56 240
128 181 128
76 246 119
208 228 208
66 105 105
122 183 225
86 196 75
95 134 93
50 172 164
56 79 243
38 96 23
15 77 64
87 147 251
172 191 230
40 147 226
38 212 141
16 141 62
92 153 186
24 130 84
56 77 73
179 193 179
109 220 18
131 193 124
13 209 52
146 238 184
16 182 62
63 204 204
226 240 240
122 175 98
60 129 170
114 121 19
62 101 62
59 236 31
18 36 18
49 107 165
7 124 124
81 213 214
62 125 116
70 178 58
71 153 71
9 150 9
142 243 243
50 162 164
103 117 218
126 229 126
89 165 165
99 108 99
66 149 166
2 127 24
61 193 124
36 230 230
84 182 84
8 99 99
139 150 74
140 213 214
21 75 21
82 182 6
87 252 251
39 221 69
132 144 47
174 178 128
45 126 91
87 230 251
19 223 227
139 189 44
30 59 31
41 126 168
80 216 232
62 179 179
29 197 29
39 238 69
8 238 207
1 239 1
134 191 93
84 222 239
99 193 99
45 241 91
20 167 228
93 115 256
137 147 137
133 148 133
91 218 218
14 193 255
45 100 211
2 223 227
59 247 31
153 248 54
50 163 164
129 181 170
160 238 1
6 114 6
88 108 53
192 246 119
95 119 172
88 234 234
24 42 208
61 190 155
96 211 23
57 69 69
1 125 1
230 231 97
31 248 31
82 170 6
226 243 243
190 221 105
37 138 138
104 177 25
42 230 208
129 235 170
40 117 226
12 37 205
43 150 74
145 181 182
3 140 99
147 148 148
21 88 21
105 193 124
81 120 85
9 16 9
89 241 89
231 241 97
110 132 47
42 131 208
151 205 205
95 109 88
131 187 158
108 145 53
94 151 138
242 247 242
60 249 249
66 254 102
136 161 161
91 146 137
185 221 185
112 150 74
14 181 255
116 208 116
58 222 239
95 162 83
38 195 179
43 79 243
63 205 205
61 203 155
113 182 113
100 222 239
7 117 48
73 122 159
27 102 102
56 100 211
22 91 249
59 191 31
20 231 97
55 78 144
114 256 256
40 239 226
10 73 73
7 136 48
164 166 164
40 222 226
38 83 83
153 191 230
43 114 56
181 241 189
197 222 239
26 193 124
87 191 251
75 120 85
35 147 192
145 250 140
26 176 32
75 137 75
99 222 239
12 79 243
12 26 205
36 98 98
81 170 80
12 13 205
149 183 225
92 152 186
134 185 185
133 228 228
43 248 56
2 17 173
30 157 200
173 176 32
71 251 251
45 135 91
103 248 218
2 153 24
91 110 237
18 177 18
149 159 166
31 217 31
133 194 133
20 216 232
40 102 102
121 194 19
116 238 116
34 196 75
189 198 215
17 145 173
2 100 211
10 179 179
122 142 21
10 213 214
115 136 256
10 57 171
97 234 97
233 251 251
68 163 204
51 168 168
160 226 1
17 29 173
63 147 37
217 254 102
63 117 229
209 227 52
186 195 179
71 210 71
153 194 70
136 139 51
119 246 119
90 170 90
38 216 232
170 246 119
26 167 228
131 188 158
16 57 62
92 221 105
147 214 214
114 146 137
168 213 168
77 131 158
37 174 128
215 218 215
163 236 180
17 60 173
101 161 113
128 157 233
22 29 249
61 62 62
58 234 234
78 173 65
79 149 243
10 42 208
72 243 243
72 226 226
77 214 214
117 235 229
77 239 239
144 242 242
163 212 141
38 184 184
72 214 66
82 137 137
4 192 240
106 255 255
61 101 113
153 195 179
222 225 225
55 147 144
72 175 66
22 129 249
53 91 53
26 130 84
94 173 138
117 142 21
10 77 73
168 195 179
19 130 84
30 44 200
86 203 107
17 179 179
2 164 164
12 229 205
130 143 89
30 63 200
26 207 207
208 243 208
86 119 107
4 33 240
85 181 85
1 108 1
188 193 124
16 73 62
52 208 208
19 210 90
149 154 166
77 85 85
20 24 148
155 168 168
6 183 225
158 163 158
61 179 179
37 115 256
121 176 32
15 178 64
193 216 124
16 213 62
68 242 242
1 120 1
22 186 249
15 238 184
4 172 240
17 70 173
45 178 91
250 256 256
23 161 161
15 150 74
122 170 159
3 161 161
31 111 31
11 179 179
49 229 165
34 195 179
151 189 151
97 142 21
81 201 106
45 245 11
129 186 186
92 139 186
40 56 226
83 230 83
135 239 239
28 213 214
206 239 206
17 37 173
4 81 240
26 80 203
176 249 32
54 196 75
15 73 64
97 112 97
192 231 97
3 191 99
104 242 25
7 48 48
111 121 19
129 232 232
157 158 158
5 238 184
117 163 229
9 12 9
20 131 158
32 140 32
117 123 185
127 180 180
117 175 98
105 208 208
62 150 62
34 112 10
181 250 140
55 213 144
191 203 230
70 76 126
27 208 208
199 224 202
122 229 159
7 61 48
149 229 166
129 142 21
154 180 133
20 213 214
89 116 116
43 117 56
17 224 224
189 219 219
88 117 88
116 166 116
49 171 165
63 178 58
58 176 32
74 161 161
146 186 186
43 254 102
153 205 205
21 29 21
112 126 126
61 219 155
89 123 185
105 218 105
17 222 239
26 109 203
55 144 144
129 231 97
88 142 21
103 152 218
197 229 29
195 250 179
146 161 161
174 235 128
67 76 67
47 116 47
45 127 91
99 137 99
64 151 64
40 144 226
221 227 105
96 120 85
190 235 181
72 172 66
40 47 47
58 180 180
14 163 255
3 235 99
153 201 106
49 56 165
78 210 65
36 38 234
110 135 237
120 187 85
12 231 205
58 79 243
64 161 161
37 199 202
3 167 228
197 217 242
72 192 66
13 37 13
92 101 113
24 163 24
12 159 205
1 160 1
134 242 242
240 244 240
12 15 205
36 76 219
4 62 240
18 131 158
32 157 32
58 247 224
188 254 102
31 168 31
5 235 127
30 180 200
78 211 65
26 123 185
144 159 144
153 223 227
42 64 208
14 229 255
156 188 13
96 157 23
46 78 67
238 244 184
23 240 240
156 250 140
217 225 225
34 145 10
1 102 1
88 112 88
94 229 138
93 248 93
162 254 102
11 225 225
114 244 151
26 172 203
38 175 98
95 197 172
117 147 229
4 39 240
29 222 239
143 153 89
165 254 102
35 112 135
28 132 47
38 65 65
39 235 69
121 250 19
21 103 21
144 158 144
75 151 75
29 218 218
225 240 240
26 148 203
177 203 177
186 203 186
109 236 180
42 65 208
10 68 204
164 240 240
61 117 155
71 143 71
15 25 25
94 211 138
17 172 173
183 207 225
104 157 25
144 246 144
142 192 21
103 199 202
80 138 138
57 197 171
8 55 144
14 225 255
62 206 62
55 177 144
128 138 138
78 193 65
165 255 255
101 116 116
113 187 113
54 255 255
6 7 48
177 189 177
131 141 141
12 205 205
168 215 168
184 216 184
60 145 182
167 232 228
196 199 202
195 242 179
160 247 1
56 160 1
53 230 53
15 230 64
194 237 237
72 127 66
24 45 91
35 94 138
226 245 226
52 218 52
75 80 75
96 226 226
35 210 90
105 138 105
22 223 249
166 210 166
87 88 251
175 255 255
191 244 151
1 179 1
19 164 164
63 114 114
63 190 37
25 199 25
104 250 25
95 182 172
17 235 173
3 155 99
41 202 168
27 29 9
48 165 165
236 247 180
172 244 151
89 235 89
16 61 62
156 189 33
112 135 135
114 151 151
191 236 230
37 232 232
129 194 170
142 221 105
143 203 89
82 241 6
115 155 256
190 246 119
229 250 140
38 247 234
27 90 9
112 250 140
9 208 208
87 233 251
15 158 158
75 218 75
167 224 228
7 235 48
71 208 208
51 69 69
88 111 88
65 179 179
106 161 106
5 129 170
127 183 225
198 222 239
211 239 239
45 244 151
101 179 179
166 255 255
1 185 1
194 235 70
110 126 237
105 184 105
40 166 226
70 180 180
5 221 105
132 179 179
1 91 1
12 178 205
216 240 240
182 248 182
72 184 66
18 163 18
50 196 164
24 246 119
39 190 69
202 219 202
17 191 230
40 119 226
2 5 24
100 256 256
25 62 62
1 47 1
12 163 205
37 38 234
47 71 47
3 29 99
2 77 73
71 232 71
108 219 53
174 236 180
117 206 206
66 221 105
152 197 177
73 225 225
41 62 168
86 137 137
135 154 133
83 231 83
36 177 219
16 243 243
86 232 232
173 250 173
157 169 206
24 52 52
28 152 177
150 189 74
5 190 127
79 221 243
7 254 102
5 35 135
153 251 251
36 134 93
114 237 237
166 244 166
190 248 54
97 225 225
123 195 179
170 214 214
129 157 233
216 229 232
83 145 83
197 250 140
156 235 33
2 147 24
148 178 58
146 244 137
145 246 119
104 211 25
9 39 9
32 50 164
9 137 9
132 237 47
123 256 256
52 95 52
111 175 98
102 115 102
131 155 158
31 46 31
197 235 29
170 197 29
145 233 233
190 197 29
111 196 75
44 232 232
30 209 52
130 233 233
22 50 164
130 169 206
80 86 107
5 112 127
25 172 25
117 201 106
22 75 249
33 82 6
112 244 151
99 105 99
79 127 243
80 171 171
154 177 133
49 91 165
60 247 224
13 202 202
7 43 48
112 129 170
5 63 37
123 193 185
2 112 24
178 213 214
56 251 251
42 155 208
19 167 228
3 186 99
71 166 71
102 256 102
10 116 116
116 163 116
94 218 138
246 250 140
110 220 237
219 247 219
73 176 32
2 192 24
12 115 256
150 198 215
30 78 65
161 169 161
5 117 229
12 63 205
51 185 185
68 200 204
176 224 32
14 81 255
32 166 166
154 218 133
60 147 114
105 154 133
102 212 102
97 169 206
27 52 52
24 126 126
92 195 179
3 77 99
119 223 227
40 67 226
46 106 106
57 146 171
63 229 229
45 197 91
36 216 232
60 256 256
63 194 37
171 198 215
28 109 88
78 229 65
163 223 227
227 242 242
25 122 25
13 179 179
211 215 215
24 162 83
37 82 6
250 251 251
252 255 255
149 166 166
90 117 90
31 131 31
74 206 206
188 210 90
221 249 249
158 182 158
36 103 218
44 209 52
7 236 48
31 59 31
126 207 207
77 248 73
58 220 18
122 254 102
147 211 211
162 214 83
90 141 141
36 95 219
120 236 85
135 246 119
63 199 202
5 102 102
81 135 80
125 185 116
102 166 102
15 101 113
108 248 53
127 246 119
112 152 177
26 111 203
76 93 93
72 83 66
93 196 75
136 197 51
183 205 225
31 125 31
46 130 67
34 220 18
136 224 51
67 139 67
34 128 10
47 177 47
42 139 208
100 107 211
194 241 189
142 202 202
26 55 144
153 231 97
101 135 113
44 74 74
15 29 64
152 248 177
224 246 224
112 248 54
169 178 206
29 86 107
23 171 23
138 182 138
194 210 90
226 254 102
1 225 1
72 156 66
90 245 11
55 215 144
99 196 99
52 165 52
185 243 243
39 132 47
88 159 159
101 166 113
71 225 225
29 31 31
81 181 80
170 172 172
202 231 202
8 45 207
129 237 237
28 112 187
62 221 62
27 227 9
17 190 173
80 153 80
42 106 106
36 156 219
152 156 177
115 149 256
14 255 255
183 245 225
40 238 226
100 216 232
166 221 166
15 108 64
164 238 164
33 93 93
109 228 228
59 93 31
100 157 233
41 110 168
247 255 255
3 231 99
224 232 232
90 91 90
208 225 208
63 68 204
93 249 249
24 179 179
161 168 168
18 46 67
174 192 128
72 163 66
143 226 226
64 83 83
3 8 99
13 28 13
119 120 85
35 207 207
53 163 53
59 119 31
26 189 203
2 246 119
54 201 106
13 249 249
16 158 62
14 187 255
131 205 205
170 231 97
132 161 47
28 150 74
18 252 71
153 242 242
82 128 6
31 129 31
164 212 164
212 215 215
40 50 164
116 226 116
180 188 13
195 198 179
4 202 240
24 102 102
174 238 184
81 194 80
104 165 25
5 155 155
15 119 64
7 205 205
37 178 58
4 89 240
111 145 182
21 220 21
113 183 113
98 225 225
121 172 19
120 242 85
29 174 128
8 164 164
46 194 67
4 55 240
31 209 31
33 215 215
137 214 214
54 158 158
168 252 168
66 87 251
170 191 230
69 110 69
154 229 133
41 256 168
30 140 200
55 250 144
35 145 182
50 108 164
159 243 243
20 127 148
53 181 53
198 204 215
81 122 159
14 139 255
121 148 19
55 163 144
99 242 99
176 235 32
67 182 67
59 116 31
166 231 166
36 193 124
109 235 88
36 192 219
17 58 173
95 203 203
75 157 233
235 246 119
1 89 1
104 233 25
13 38 13
1 30 1
60 95 172
20 143 89
59 255 255
44 176 32
28 127 187
197 256 256
131 256 256
39 179 179
41 72 168
87 235 251
108 194 53
107 198 215
38 139 234
125 177 116
49 100 165
108 168 168
17 152 177
5 136 51
135 162 83
161 252 161
46 126 67
53 142 21
65 232 65
103 156 218
99 165 99
176 191 32
98 142 98
84 201 106
87 186 251
67 114 67
162 219 83
14 53 255
189 225 225
119 153 119
22 39 249
164 228 164
107 178 107
187 215 215
117 210 90
193 228 228
4 61 240
34 95 10
122 176 32
57 195 179
73 128 73
100 229 211
126 222 239
38 80 234
22 128 249
123 134 185
20 54 148
146 189 137
94 131 138
75 110 237
65 83 65
8 44 207
137 224 137
172 188 13
179 255 255
53 92 186
78 243 243
37 116 116
31 255 255
236 246 180
67 142 67
10 104 25
34 108 53
109 241 88
54 145 182
6 57 171
5 147 192
173 221 105
60 213 214
48 197 48
63 153 37
198 207 215
94 143 138
45 153 91
19 195 179
30 77 200
63 248 54
7 126 48
164 180 164
70 84 84
119 222 239
92 171 186
85 209 85
4 232 240
25 97 25
76 183 225
155 169 206
67 225 225
56 223 227
155 255 255
50 125 116
79 222 243
54 175 98
46 178 67
23 101 113
56 220 18
20 41 168
76 123 185
28 147 187
16 136 62
113 169 113
170 256 256
43 76 56
50 128 164
37 47 47
37 64 64
54 161 161
64 224 64
17 45 173
77 145 73
95 248 172
35 151 151
212 222 239
133 177 133
129 197 29
49 88 165
139 177 44
114 173 173
181 194 70
44 180 44
122 236 159
73 210 90
175 212 141
33 95 172
47 77 47
183 222 225
104 142 25
71 190 71
172 247 224
143 158 89
39 66 69
139 146 137
103 252 71
174 233 233
57 220 18
239 242 239
132 199 47
32 222 239
160 248 1
130 174 84
146 248 137
216 230 232
67 178 67
49 235 165
4 85 85
9 222 9
105 176 32
6 255 255
17 91 173
217 231 242
20 202 202
91 173 173
108 205 205
20 37 148
62 152 62
190 245 11
177 191 230
111 252 71
11 222 239
45 81 91
12 100 205
122 196 75
34 247 10
4 29 240
88 212 141
104 208 208
9 159 9
111 247 224
135 163 111
118 138 161
121 169 206
132 155 47
135 243 243
118 192 161
43 151 151
121 139 19
125 252 116
111 212 141
8 200 207
121 208 208
63 220 18
124 193 124
1 254 1
158 230 158
56 186 186
98 141 141
15 71 71
94 122 138
82 190 6
36 220 18
2 87 251
38 214 214
101 148 113
28 218 218
19 215 215
90 99 99
7 184 48
97 202 202
147 217 242
172 255 255
97 102 102
117 216 232
17 214 214
41 212 168
14 249 255
67 245 67
110 203 237
26 162 83
120 255 255
54 138 138
134 220 93
5 156 33
162 240 240
31 201 31
8 207 207
5 194 70
184 250 184
35 190 135
140 240 240
156 218 218
143 184 89
13 65 65
17 26 203
45 169 206
152 246 177
136 237 237
146 245 11
6 68 204
143 223 89
108 224 53
79 215 243
60 78 65
103 140 218
104 210 25
222 240 240
70 73 73
54 156 33
57 151 171
62 80 62
40 52 52
26 146 137
91 102 102
59 85 85
34 248 10
99 178 99
33 111 33
38 57 234
182 241 189
111 213 214
30 224 200
56 152 177
33 163 33
72 117 66
94 163 138
175 216 98
23 199 23
114 160 1
43 70 56
123 243 243
162 231 83
103 153 218
205 230 205
56 57 171
93 202 202
206 251 251
127 203 203
168 225 168
36 117 219
86 178 107
216 223 227
145 218 218
201 212 106
77 244 73
15 127 64
72 120 85
6 49 165
27 254 102
63 86 107
31 83 31
50 72 164
8 93 207
3 57 99
148 169 206
48 158 48
144 149 166
15 135 64
21 34 21
26 82 6
199 230 202
17 137 137
87 102 102
156 190 33
24 234 234
39 124 69
62 166 62
116 159 116
41 75 168
87 183 251
3 115 256
69 217 242
99 216 99
73 74 74
93 204 204
145 239 239
110 223 237
7 146 48
117 194 229
157 192 233
82 248 6
15 56 64
66 133 133
172 187 187
38 213 214
2 37 24
107 255 255
13 97 13
169 238 206
102 243 102
51 151 51
58 144 144
59 206 31
1 86 1
163 194 111
35 235 135
210 245 11
18 102 102
63 241 189
16 191 62
49 61 165
118 181 161
77 93 93
137 223 227
147 194 192
1 175 1
21 53 21
17 117 173
83 174 83
226 234 226
56 99 99
157 224 233
167 238 228
117 192 229
76 247 224
66 243 243
5 46 67
157 211 233
72 115 256
11 193 11
60 127 114
171 212 141
174 255 255
43 209 52
20 147 148
135 145 182
51 118 161
42 227 208
134 150 74
93 242 242
125 228 116
174 245 11
39 239 239
114 186 186
104 176 25
152 191 230
111 154 133
24 129 170
68 124 204
7 202 48
63 93 93
87 213 251
15 134 64
191 220 18
79 90 243
86 101 113
78 213 65
22 144 144
76 175 98
81 235 80
1 168 1
70 174 128
156 197 33
204 228 228
12 196 205
43 231 97
30 195 179
61 188 13
83 252 71
135 178 58
67 176 67
130 140 84
205 236 205
39 176 32
2 183 225
122 218 159
56 85 85
45 183 225
40 226 226
61 185 185
73 162 83
68 168 168
91 209 52
56 105 105
4 168 240
134 251 251
51 68 204
15 88 64
200 213 200
33 140 140
147 196 75
45 150 74
195 238 179
2 158 158
143 150 89
162 241 83
111 156 33
15 204 204
38 154 133
123 178 185
135 248 54
121 182 19
57 74 74
82 83 83
96 143 23
106 254 106
66 230 66
68 222 239
152 182 177
99 240 240
92 97 186
87 220 251
36 129 219
20 229 148
109 213 214
194 248 54
8 135 207
122 190 159
96 170 23
86 170 107
209 232 52
89 144 144
81 147 80
32 40 226
117 127 229
238 248 184
20 70 148
72 240 240
58 125 116
13 188 13
204 252 71
2 122 159
46 168 168
19 163 19
107 108 53
236 252 71
101 159 113
8 61 207
87 197 251
89 117 89
16 214 62
72 129 66
13 63 13
43 180 180
115 134 256
22 226 226
30 76 200
78 127 65
91 188 13
166 207 166
76 139 44
43 245 11
96 129 23
226 252 226
33 110 237
11 208 208
141 232 141
70 202 202
32 213 32
85 164 85
79 119 243
209 241 52
129 191 230
228 254 102
78 230 65
11 108 11
104 122 25
153 250 140
181 212 141
12 58 205
45 156 91
192 197 29
123 169 206
226 251 226
69 132 47
158 185 185
111 130 84
24 116 116
63 118 161
6 48 48
33 101 113
214 251 251
100 162 83
90 160 1
96 217 242
138 139 138
60 100 211
7 37 48
4 31 31
24 152 177
12 118 161
167 197 228
116 131 116
8 87 251
183 191 225
36 188 13
2 248 24
37 114 114
48 95 48
58 230 230
106 179 179
136 171 51
68 246 204
179 201 179
39 41 168
27 189 9
21 52 52
139 172 44
123 177 185
112 190 181
33 157 233
10 183 225
77 249 249
40 55 226
215 226 226
76 241 126
177 211 211
112 154 133
54 154 133
234 256 256
225 247 225
16 26 62
82 84 84
189 212 141
125 245 116
34 123 185
215 255 255
121 191 19
66 147 66
88 152 177
80 116 116
92 112 186
210 230 90
68 205 204
214 221 105
46 81 67
35 66 66
113 137 113
49 224 165
34 111 10
174 182 128
92 230 186
179 195 179
7 143 89
81 228 228
128 191 230
25 175 25
165 236 165
40 161 226
162 167 228
81 86 107
150 196 74
169 227 206
103 114 218
110 155 237
41 70 168
82 180 6
40 139 226
8 203 207
139 163 44
181 197 29
53 161 161
86 87 251
53 245 11
186 252 71
197 240 240
140 188 13
1 57 1
18 167 228
125 155 116
69 85 85
22 196 249
209 256 52
201 255 255
123 136 185
103 244 218
74 170 74
57 64 64
98 207 207
90 192 90
24 50 164
68 161 161
59 228 31
51 209 52
71 162 71
159 249 249
86 255 255
126 244 151
204 226 226
1 169 1
22 109 249
66 85 85
1 31 1
158 214 158
32 62 62
193 227 124
106 224 106
115 174 256
2 131 158
127 202 202
53 154 133
53 216 232
97 139 97
175 231 98
16 184 62
122 137 159
88 255 255
98 238 98
112 231 97
92 125 116
59 156 31
46 247 67
168 177 168
22 84 249
133 202 133
147 213 214
4 187 240
38 81 234
204 238 204
97 240 240
143 204 204
18 51 51
34 115 256
69 208 208
5 76 126
6 100 211
104 139 25
58 139 44
8 255 255
81 182 80
172 178 172
190 217 242
4 58 240
102 156 102
108 178 53
89 118 161
81 223 227
50 111 164
120 183 85
60 236 180
57 104 25
130 133 133
23 226 226
5 247 224
109 182 88
28 72 66
136 188 13
119 128 128
35 60 114
113 168 168
95 169 206
15 19 64
217 227 242
26 191 230
66 112 66
102 128 102
51 132 47
38 117 234
102 167 102
11 41 168
122 193 124
140 239 239
5 246 119
15 68 204
48 74 48
59 79 31
85 183 85
24 39 69
78 225 225
100 198 215
66 120 85
134 222 239
104 204 25
23 126 23
51 224 51
87 176 251
180 191 230
30 123 185
119 131 158
66 245 11
61 215 215
64 254 102
87 141 251
28 55 144
6 131 158
70 177 177
9 256 9
15 91 64
23 190 23
139 252 71
151 157 233
160 249 1
22 245 249
17 128 173
122 239 239
160 198 1
17 147 173
43 251 251
135 221 105
58 131 158
128 223 227
145 154 133
47 228 47
59 112 31
84 119 84
78 185 185
114 227 227
54 216 232
247 250 224
60 134 93
64 213 214
117 220 18
8 184 207
111 220 18
40 232 226
37 60 114
36 229 219
22 35 249
126 132 47
81 131 158
41 85 85
62 183 62
149 185 185
49 201 106
115 200 256
86 176 32
157 191 233
131 173 158
37 231 97
45 181 91
177 213 214
12 220 205
38 59 31
29 96 23
64 110 237
141 247 141
129 156 33
135 147 192
24 245 11
7 97 48
7 38 48
36 126 219
122 140 159
107 114 107
131 212 141
77 82 73
117 182 229
70 96 23
27 63 9
53 196 75
170 174 128
41 109 168
159 174 159
107 222 239
44 205 205
25 125 116
6 14 255
70 139 44
241 250 140
223 224 227
49 169 206
30 182 200
198 223 215
137 236 137
19 245 11
70 241 189
53 201 106
145 194 182
48 240 240
26 117 203
57 110 237
169 204 206
43 223 227
51 78 65
45 61 155
82 92 186
7 80 48
73 183 225
35 241 189
9 148 9
40 72 226
163 190 111
204 256 256
70 217 242
37 76 126
55 183 225
100 146 137
209 229 52
145 223 227
180 198 215
86 208 208
16 189 62
146 182 137
148 199 202
216 220 232
28 236 180
34 136 51
51 115 256
5 199 202
80 157 233
110 115 256
15 110 237
88 110 237
79 255 255
23 50 164
45 231 97
52 116 116
166 223 166
38 229 234
26 226 226
145 216 232
106 122 106
72 212 141
187 243 243
126 238 184
246 248 119
189 213 214
4 67 240
12 88 205
15 252 71
187 222 239
101 251 251
112 163 111
134 169 206
76 221 105
45 82 6
72 123 185
125 224 116
52 99 52
152 235 177
101 171 113
27 106 106
102 195 179
109 169 206
28 30 200
158 169 206
156 170 33
47 174 47
4 254 102
12 212 141
45 229 91
121 195 179
64 107 64
134 140 93
15 18 64
104 149 25
129 135 170
104 232 25
156 208 208
117 231 97
7 129 48
53 57 53
188 241 13
38 110 237
20 121 19
64 222 239
111 227 227
2 190 24
34 146 137
165 202 165
48 141 141
127 151 151
14 245 255
89 170 89
49 186 165
71 122 71
6 13 13
41 92 168
66 101 113
44 59 31
85 233 85
108 116 116
58 236 180
154 255 255
31 40 31
153 199 202
121 135 19
165 217 242
89 230 89
3 16 62
135 152 177
112 194 70
13 74 13
25 102 102
61 140 155
54 247 224
128 256 256
101 201 106
2 191 230
149 220 166
57 82 171
18 149 166
19 139 19
75 207 207
76 236 180
168 173 168
154 198 215
41 183 168
157 200 200
187 228 228
7 33 48
120 206 85
49 98 165
59 70 31
29 133 133
7 49 165
99 186 99
181 248 54
60 76 126
72 203 66
156 216 232
133 144 144
102 175 102
142 162 21
125 255 255
40 186 226
35 198 215
14 223 255
37 102 102
121 204 204
213 220 214
34 199 202
100 164 164
225 238 225
42 51 208
84 245 11
199 206 206
101 189 113
178 248 58
71 158 71
128 202 202
119 130 84
185 199 185
48 245 11
100 175 98
42 179 179
107 239 239
142 234 21
205 252 71
129 174 128
52 125 116
229 240 240
77 108 73
114 178 58
156 186 186
116 125 116
221 245 11
29 249 249
45 54 91
96 231 23
2 250 140
120 133 85
156 245 11
153 197 29
39 119 69
131 214 158
185 233 185
110 141 141
203 240 240
103 222 239
117 139 44
41 116 116
83 215 215
53 150 74
30 246 200
68 199 204
123 144 185
91 210 90
120 217 85
160 202 1
81 202 202
17 81 173
10 136 51
38 190 234
69 176 32
134 226 226
54 245 11
87 98 251
95 129 172
82 95 6
9 50 164
52 139 52
106 183 106
35 194 70
194 197 29
126 173 173
86 183 225
66 212 141
134 250 93
91 196 75
1 178 1
72 236 66
15 151 64
56 130 84
104 168 168
45 236 180
27 161 9
29 250 140
105 213 105
34 129 10
57 210 90
43 60 56
86 122 159
145 248 182
68 190 204
20 182 148
1 14 1
11 127 11
22 235 249
76 224 224
109 124 124
54 86 107
72 113 113
12 197 205
142 199 202
20 178 58
66 83 66
123 165 185
160 230 1
63 213 214
40 58 226
104 126 25
6 196 75
141 241 141
186 256 256
21 123 185
15 106 106
2 4 240
43 195 179
15 197 64
68 187 204
163 181 111
45 122 159
197 210 90
90 132 47
51 139 51
72 88 66
34 173 10
140 191 230
5 152 177
111 229 229
192 234 234
100 214 214
27 40 9
30 227 200
134 186 186
68 145 204
69 252 71
117 247 224
25 56 25
150 172 74
81 134 93
3 192 99
126 174 128
69 221 69
140 189 140
26 147 203
89 228 228
79 189 243
42 233 208
28 29 187
99 125 116
109 247 224
79 201 106
185 249 185
103 196 75
110 238 237
24 250 140
56 61 155
7 35 48
229 231 97
86 123 185
115 166 256
49 162 165
88 220 18
183 197 225
193 244 124
87 226 226
173 183 225
124 163 124
106 201 106
97 155 97
92 129 186
134 256 256
37 250 140
2 216 232
153 222 239
56 201 106
24 176 32
68 125 116
39 242 242
3 103 99
56 96 23
142 241 21
117 154 133
35 197 29
6 209 52
61 221 105
28 50 164
9 251 9
40 93 226
92 211 186
26 127 203
96 112 23
39 162 69
199 236 202
123 198 185
171 228 228
102 242 102
87 97 251
46 165 67
40 206 226
161 236 161
135 247 224
207 223 207
104 143 25
6 22 249
106 168 106
93 150 74
69 71 71
188 220 13
37 74 74
215 233 215
70 236 180
96 146 23
27 30 9
45 83 83
62 94 62
123 237 185
17 149 166
122 213 214
61 191 155
196 224 75
86 247 107
150 218 74
63 76 126
37 73 73
87 135 251
86 127 107
15 76 64
78 156 65
17 157 233
130 165 165
152 192 177
12 121 205
7 24 48
84 170 84
203 216 232
76 96 23
114 174 128
198 210 215
124 212 141
70 220 18
47 163 47
67 129 67
130 243 243
5 34 10
216 232 232
70 108 53
33 53 53
135 233 233
68 252 71
114 221 105
143 224 89
127 163 111
12 32 32
16 74 62
65 97 65
154 227 133
53 123 185
6 99 99
206 217 206
7 10 48
6 115 256
62 149 62
129 134 93
142 176 32
119 168 168
6 124 124
33 34 10
31 139 31
86 190 107
128 150 74
106 209 106
82 147 6
199 227 202
28 117 187
93 100 93
177 245 11
53 86 53
212 223 141
25 133 25
226 230 226
3 116 116
40 150 226
142 224 21
1 187 1
27 78 9
77 156 73
104 216 25
102 209 102
29 61 155
128 198 215
8 197 207
81 103 218
88 146 137
36 109 219
180 206 206
46 250 67
134 147 93
28 235 187
58 205 205
175 235 98
43 172 56
89 109 89
168 251 168
67 181 67
26 126 203
24 208 208
174 250 140
214 230 214
60 157 233
113 142 113
86 129 107
35 98 98
96 247 23
96 115 256
58 110 237
112 147 192
124 217 242
170 255 255
181 186 186
42 167 208
115 230 256
10 38 234
101 158 113
149 195 179
92 95 186
67 179 179
38 193 124
161 239 161
83 207 207
16 208 208
86 121 19
5 154 133
42 73 208
178 191 230
65 219 65
82 156 6
78 197 65
1 113 1
91 141 141
12 194 205
12 162 205
138 151 138
29 75 75
92 104 25
36 37 219
79 237 243
251 252 251
116 129 116
108 235 53
82 243 243
225 229 225
207 212 141
92 94 138
101 164 164
19 146 137
2 81 80
62 164 164
70 193 124
157 228 228
95 170 172
5 228 228
127 147 192
229 252 71
23 110 23
4 139 240
10 173 10
55 105 144
91 162 83
212 252 71
16 45 62
118 249 161
246 256 256
71 238 71
164 251 164
188 189 13
227 237 237
72 154 133
74 139 74
126 212 141
49 150 165
57 107 171
152 176 32
188 246 13
34 191 10
152 216 232
100 120 85
98 223 98
150 233 74
10 43 10
196 232 75
143 218 89
30 94 138
89 169 206
123 194 185
119 245 11
197 236 180
45 63 91
141 207 141
94 194 138
47 179 179
116 209 116
54 72 66
80 152 177
14 67 255
5 122 159
76 147 126
133 222 239
66 229 66
85 249 85
197 241 29
54 162 83
80 178 58
111 236 180
190 211 211
47 132 47
122 143 89
33 125 116
35 116 116
71 93 71
10 59 31
217 255 255
13 76 13
100 108 53
64 116 116
51 62 62
37 213 214
160 184 1
23 85 85
116 179 179
67 238 67
31 82 31
113 210 113
50 205 164
161 208 208
193 220 124
8 240 240
47 125 47
34 154 133
155 216 232
35 117 229
5 81 80
221 244 105
124 248 124
84 247 84
116 197 116
156 201 106
62 210 62
147 181 192
64 102 102
61 111 155
4 66 240
45 76 91
84 94 138
139 145 44
40 44 226
29 191 230
89 186 89
35 242 242
1 137 1
77 103 218
111 244 151
143 164 164
85 198 85
7 53 48
30 210 90
18 134 93
29 87 251
139 197 44
114 139 44
48 154 133
37 197 29
212 248 141
72 142 66
21 37 21
252 256 256
24 199 202
196 251 251
70 130 84
63 223 227
12 114 205
100 127 211
210 243 243
26 128 203
82 181 6
3 199 99
121 183 225
123 202 185
97 195 179
67 204 67
28 58 187
111 120 85
222 224 239
80 95 172
10 50 164
211 256 256
136 157 233
205 250 205
221 228 228
95 113 113
181 236 180
170 212 141
68 114 204
174 188 13
34 162 83
4 220 240
136 175 98
166 180 166
53 133 133
165 183 225
58 155 155
60 181 114
3 60 99
123 183 225
12 235 205
52 69 52
2 178 58
41 143 168
132 156 47
79 214 243
77 229 73
183 201 106
50 106 106
35 45 91
80 125 116
156 169 206
35 181 135
57 150 74
146 147 137
18 179 179
33 187 187
26 215 215
2 202 202
66 188 66
2 136 51
47 164 47
95 244 151
54 122 159
143 234 89
14 97 255
10 147 10
143 251 251
41 45 168
24 157 233
44 190 44
18 196 75
23 52 52
63 70 37
113 219 113
61 169 206
22 68 249
186 234 186
17 170 173
67 249 67
56 166 166
69 256 256
52 159 52
197 220 18
51 73 51
107 211 211
30 252 71
43 156 56
79 211 243
82 108 53
8 162 207
4 109 240
151 221 105
15 198 215
228 252 228
129 151 151
20 194 148
222 232 239
118 145 161
197 223 227
34 135 10
88 123 185
227 231 97
166 247 166
42 76 208
213 254 102
77 114 73
8 243 243
132 174 47
61 78 65
72 222 239
78 138 65
190 241 189
79 254 102
29 228 228
22 47 47
197 218 218
104 217 25
11 247 11
188 196 13
37 238 184
17 100 211
22 90 249
178 190 58
94 202 138
54 117 229
92 219 186
53 93 93
51 117 51
2 139 44
141 179 179
141 205 141
49 184 165
167 243 243
64 227 227
10 110 237
47 106 106
135 160 1
8 248 207
49 63 165
135 207 207
101 174 113
179 256 179
33 138 138
71 212 71
34 197 10
180 235 180
58 116 116
181 246 119
58 175 98
113 218 113
120 139 85
109 155 155
3 225 225
159 213 214
182 236 180
190 209 52
92 103 186
122 146 159
78 240 240
188 216 13
77 223 227
150 245 11
21 92 186
51 210 90
51 75 51
20 49 165
45 232 232
69 172 69
63 145 182
87 245 251
186 221 105
30 131 158
32 233 32
147 215 215
156 224 224
160 181 1
42 201 106
36 87 251
184 189 184
124 148 124
52 169 52
3 158 99
19 188 13
134 247 93
117 164 164
34 105 105
73 117 73
22 228 228
162 195 179
43 187 56
14 159 255
8 159 207
163 231 97
115 245 256
136 229 51
104 256 256
133 172 133
76 95 172
60 188 13
99 101 113
72 73 66
146 237 237
31 254 31
29 55 144
103 122 159
226 249 226
28 119 187
175 246 98
61 134 93
48 211 48
153 247 224
91 130 84
57 165 165
178 205 205
85 241 85
80 83 83
22 45 249
77 147 73
23 206 206
14 23 255
111 135 111
85 108 85
116 127 116
22 63 249
200 255 255
117 237 237
71 120 85
124 165 124
71 239 71
103 109 218
138 192 138
136 152 51
37 55 144
165 213 165
158 166 166
118 127 161
17 134 93
7 250 48
31 116 31
129 180 180
8 211 207
28 145 187
122 246 159
85 255 255
108 151 53
50 212 164
251 255 255
57 174 171
46 95 67
31 242 31
155 252 71
8 124 124
31 106 31
102 129 102
53 254 102
84 88 84
19 216 232
35 249 249
28 33 187
34 232 232
21 179 179
17 92 186
51 123 185
87 250 251
104 219 25
50 138 164
132 195 179
101 255 255
46 131 67
68 227 204
101 177 113
63 121 19
23 131 23
3 204 99
107 206 206
45 117 91
149 248 166
131 192 158
84 254 102
47 90 47
22 184 249
36 160 1
112 199 202
31 154 31
8 170 207
66 155 66
21 175 98
7 229 48
173 199 202
76 116 116
93 192 93
108 227 227
135 222 239
76 189 126
13 92 186
114 231 97
1 248 1
178 233 233
54 142 21
16 63 62
98 220 98
125 180 116
20 72 66
73 246 73
190 195 179
20 246 119
152 193 124
140 205 205
134 237 237
9 48 9
95 245 11
66 189 66
9 234 9
139 148 44
121 150 74
157 241 233
4 208 208
101 193 113
51 242 242
22 173 249
31 39 31
64 238 184
73 177 73
17 95 173
35 246 119
78 140 65
213 224 214
10 220 18
4 63 240
18 122 159
155 173 155
31 50 31
13 152 13
165 227 165
6 73 73
127 241 189
236 243 243
59 133 31
43 174 56
149 214 166
198 219 215
109 237 237
18 232 232
80 238 184
9 240 240
178 197 58
86 191 107
9 224 9
86 102 102
64 103 64
22 216 249
27 152 9
39 173 69
68 123 185
151 182 151
35 153 135
149 245 166
95 181 172
8 178 207
123 170 185
163 246 119
83 251 251
54 81 80
164 241 164
74 210 90
22 155 249
118 247 161
52 179 179
93 96 23
37 220 18
6 64 64
61 194 155
46 187 67
84 169 206
78 87 251
35 42 208
137 149 166
58 94 138
196 222 239
119 121 19
29 77 73
148 220 18
187 199 202
39 67 67
25 91 25
68 150 204
29 36 219
147 174 128
43 81 56
160 254 1
67 159 67
112 117 229
110 169 206
208 227 208
42 104 208
152 155 155
14 252 255
167 196 228
43 48 48
10 201 106
42 113 208
144 245 144
60 163 114
57 247 171
39 150 69
95 189 172
31 249 31
155 238 184
7 237 237
7 92 48
80 213 214
176 232 32
32 254 102
147 153 192
62 195 179
156 159 159
27 98 9
85 126 85
118 174 161
142 230 21
107 182 107
95 104 25
19 57 171
225 245 225
11 154 11
4 90 240
153 163 111
12 202 205
95 142 21
113 116 116
117 221 105
232 240 240
104 121 25
150 186 186
173 195 179
17 33 173
18 109 18
62 74 62
101 172 113
4 242 240
18 255 255
96 141 23
7 142 48
91 139 44
182 240 240
113 181 113
92 117 186
21 243 243
17 75 75
29 149 166
141 223 141
11 68 11
45 174 91
94 248 138
111 199 202
13 104 25
60 248 114
35 100 211
162 192 83
173 203 203
10 174 10
63 235 37
137 138 138
1 44 1
61 213 214
130 160 1
41 117 168
108 216 232
3 48 99
31 137 31
86 94 138
61 109 155
92 93 186
43 51 51
10 160 1
115 172 256
89 249 249
38 245 11
34 69 69
35 185 185
46 223 67
46 141 67
38 142 21
109 163 88
12 108 205
20 154 133
45 95 172
21 185 185
24 61 155
48 147 48
64 75 64
58 244 151
109 130 84
44 84 84
15 245 11
165 206 206
121 125 116
194 223 227
42 81 208
57 219 171
61 143 89
39 113 113
200 245 11
128 224 224
30 96 23
188 211 13
108 117 53
134 172 93
138 210 138
15 28 64
173 232 232
14 248 255
37 110 237
101 153 113
156 223 227
165 166 166
33 92 186
41 215 168
88 176 32
27 163 9
72 93 66
119 174 128
220 252 71
10 97 97
112 246 119
5 210 90
39 111 69
124 256 256
83 193 124
142 152 21
149 187 166
9 168 9
114 117 229
133 179 179
189 220 18
26 156 203
9 101 9
52 190 52
106 125 106
118 191 161
13 217 242
97 141 141
51 235 51
10 208 208
56 92 186
95 117 172
31 165 31
20 191 230
7 21 48
59 208 31
87 90 251
61 165 165
95 167 228
201 252 106
51 119 51
25 75 25
3 56 99
2 154 133
27 59 31
37 141 141
153 180 180
36 181 219
26 103 218
130 242 242
33 207 207
20 60 148
52 243 52
112 178 58
113 155 113
216 238 184
140 161 161
17 72 66
25 242 25
38 163 234
104 228 228
169 256 256
25 198 25
111 216 232
1 38 1
238 247 184
117 173 173
61 237 237
98 198 215
61 238 184
112 156 33
9 255 255
101 226 226
7 187 48
116 206 116
181 182 182
64 185 185
209 248 52
136 141 141
146 177 137
193 200 124
214 233 233
83 102 102
126 221 105
27 121 9
26 31 31
170 178 58
2 156 33
166 215 166
87 244 251
102 133 102
88 247 224
149 157 166
115 242 256
36 145 219
183 212 225
22 40 226
68 192 204
108 241 53
195 211 179
80 232 232
27 153 9
95 163 172
101 140 113
41 176 168
52 226 52
171 183 225
161 243 243
80 134 93
61 76 155
83 229 83
210 238 90
18 153 18
54 231 97
98 209 52
181 217 242
93 109 93
191 195 179
51 212 141
5 60 114
205 212 141
132 148 47
227 234 227
190 244 151
99 233 99
37 156 33
37 130 84
8 133 133
91 181 91
64 218 64
29 247 224
243 252 243
27 236 9
63 81 80
41 178 168
30 194 200
118 193 161
32 149 166
65 76 65
48 233 48
170 237 237
183 213 225
50 155 164
14 75 255
40 121 226
71 245 71
186 211 186
121 180 19
127 178 58
54 152 177
60 70 114
1 68 1
47 135 47
96 248 23
70 125 116
106 228 106
92 251 251
7 172 48
29 178 58
108 111 53
34 149 166
151 204 204
22 140 249
188 192 13
50 144 164
23 213 23
79 133 243
64 106 106
38 201 106
11 204 11
119 252 71
181 193 124
133 150 133
62 161 62
55 209 52
104 236 25
127 194 70
157 188 13
164 179 179
129 190 170
87 139 251
74 143 89
107 125 116
7 167 228
52 216 52
116 255 255
20 221 105
45 87 251
12 256 256
62 239 62
194 246 119
15 221 105
35 63 37
32 231 32
84 126 84
5 176 32
134 196 75
154 249 249
35 158 158
119 147 119
88 236 180
93 195 179
72 112 66
17 115 256
8 210 90
19 61 155
164 200 164
76 244 151
133 173 133
109 134 93
96 223 23
99 250 99
43 111 56
74 90 90
85 201 85
79 101 243
27 116 116
45 134 93
14 44 255
25 208 208
164 176 164
43 197 56
81 156 33
35 218 218
18 193 124
36 255 255
104 151 25
232 245 11
71 199 71
36 151 151
12 141 141
19 236 19
115 256 256
70 163 111
50 235 164
102 252 102
12 232 205
22 36 249
43 88 56
118 188 161
73 155 155
29 67 67
15 187 64
5 217 242
157 187 233
43 235 56
127 214 214
45 145 91
65 230 65
175 226 226
115 192 256
76 242 242
180 216 232
178 256 256
231 246 97
167 255 255
72 177 66
54 131 158
24 175 98
13 204 204
141 229 141
63 236 180
170 241 189
139 143 89
22 183 225
160 182 1
79 152 243
128 164 164
108 185 185
137 154 133
25 210 25
184 251 251
35 61 155
41 239 168
17 181 173
55 89 144
54 134 93
104 197 25
70 195 179
126 247 224
35 109 88
3 248 99
20 98 98
117 244 151
57 217 242
45 102 102
37 246 119
108 137 53
80 222 239
49 180 165
240 246 240
28 241 187
50 159 164
28 121 19
152 199 202
61 86 155
9 128 9
125 190 116
2 117 229
11 217 242
19 77 73
49 67 67
90 216 90
37 195 179
77 128 73
2 245 11
193 198 215
132 158 47
192 236 180
2 106 106
93 118 161
45 198 215
8 143 89
150 194 74
141 245 11
63 127 37
6 167 228
19 191 19
10 130 84
213 231 97
67 117 67
58 120 85
171 256 256
52 242 52
76 249 249
79 134 243
97 243 243
149 239 239
122 148 159
84 109 84
41 137 168
68 180 204
52 186 52
24 174 128
4 205 240
89 106 106
195 245 179
36 173 219
131 184 158
134 180 93
75 248 75
8 189 207
24 121 19
89 104 25
83 241 83
229 244 151
220 223 227
57 127 171
148 250 140
85 184 85
14 105 255
101 211 113
86 184 184
86 195 179
168 208 208
15 191 64
59 117 31
16 69 62
26 203 203
156 158 158
163 169 206
54 109 88
92 154 133
76 197 126
12 64 205
105 189 105
209 250 52
82 100 211
95 128 172
62 115 62
161 167 228
5 95 172
78 205 205
43 45 56
135 156 33
212 246 141
214 234 214
49 103 165
243 246 243
3 180 99
209 212 52
151 255 255
166 225 225
34 238 184
103 219 218
108 152 53
20 129 148
153 156 33
31 167 31
24 76 126
157 251 251
198 245 215
161 179 179
15 248 64
65 218 65
85 160 1
35 39 69
72 171 66
24 69 69
29 93 93
64 92 186
23 67 67
195 227 179
145 247 224
137 210 90
39 60 69
136 241 51
43 118 161
38 197 234
220 248 18
87 146 251
108 202 202
176 241 32
13 190 13
64 125 116
40 113 226
1 233 1
133 225 225
42 132 47
5 20 148
115 234 256
28 86 107
224 236 180
43 246 56
9 29 9
29 46 67
20 150 74
121 173 19
6 16 62
92 210 90
71 106 106
109 211 211
109 139 44
173 216 232
7 200 48
45 148 91
5 72 66
35 160 1
87 154 251
8 101 113
43 170 56
28 80 187
105 235 105
57 182 171
18 110 237
66 226 226
46 134 67
152 172 177
47 68 47
26 248 203
63 238 184
145 241 189
66 144 144
45 195 179
81 197 80
146 236 137
85 171 85
217 249 242
160 177 1
2 96 23
24 104 25
13 178 13
92 144 144
26 134 93
223 234 227
73 169 206
89 216 89
58 121 19
52 252 52
22 152 249
67 87 251
54 236 180
39 211 69
68 213 204
24 82 6
81 220 18
174 216 232
130 177 84
79 194 243
97 166 166
82 189 6
139 237 237
56 119 56
66 157 66
84 122 159
20 38 234
3 39 99
28 141 141
51 219 51
235 250 140
121 224 19
47 166 47
51 221 105
103 212 141
188 205 205
40 217 226
112 143 89
98 244 98
36 55 144
78 111 65
35 192 192
20 117 148
153 165 165
85 163 85
95 130 84
153 193 124
84 138 138
166 195 179
70 146 137
151 176 32
100 234 234
48 58 48
25 48 25
63 250 140
38 185 185
62 201 106
87 211 251
113 136 113
13 54 13
70 231 97
182 201 106
9 160 1
1 99 1
38 235 234
17 245 11
20 248 148
107 233 233
2 26 203
144 232 144
47 254 47
93 132 47
96 236 23
37 93 93
141 192 141
95 188 13
244 247 151
80 244 151
78 224 65
72 218 66
15 225 225
53 148 53
23 59 31
62 180 62
108 189 53
98 229 98
17 243 243
205 242 242
165 196 165
49 136 165
64 119 64
74 155 74
59 102 31
4 221 240
200 206 206
21 147 21
21 219 21
57 163 171
73 90 90
143 222 239
93 113 113
162 190 83
164 220 164
123 201 106
69 200 69
44 201 106
169 195 179
17 194 173
43 178 56
123 163 185
58 61 155
117 197 29
21 182 21
241 254 102
36 43 219
23 204 23
175 241 98
110 237 237
180 244 151
72 182 66
108 153 53
109 135 88
67 185 185
171 176 32
64 175 98
125 227 116
77 129 73
92 163 186
173 213 214
23 74 23
70 94 138
57 172 171
103 195 179
17 185 185
117 130 84
100 177 211
82 240 240
167 210 228
17 114 173
119 137 137
92 240 240
132 251 47
48 210 90
153 244 151
80 231 97
96 245 23
35 244 151
55 79 243
175 218 98
2 174 128
109 209 52
63 124 124
70 199 202
70 255 255
37 132 47
45 190 91
92 216 186
26 95 203
188 247 13
95 108 53
10 238 184
86 105 105
118 158 161
134 165 165
26 28 203
15 58 64
116 250 116
49 58 165
20 176 32
239 252 71
103 168 168
95 211 211
121 126 19
216 251 251
2 63 24
68 77 204
18 231 97
63 109 88
109 234 234
128 196 75
227 233 233
5 250 140
59 190 31
165 198 215
29 184 184
67 94 67
8 236 207
129 146 137
66 204 204
10 167 228
180 222 239
62 245 62
127 162 83
72 116 116
110 210 90
115 180 256
38 77 234
26 163 203
17 112 173
33 183 225
222 256 256
178 234 234
20 112 148
68 131 204
232 248 232
14 65 255
126 199 202
148 167 228
14 102 255
100 101 113
5 79 243
39 174 69
8 229 207
100 248 211
52 102 102
39 54 69
126 157 233
46 171 67
174 189 128
44 123 185
54 60 114
150 197 74
60 197 29
112 245 11
24 46 67
91 190 91
96 183 225
58 160 1
50 63 164
2 129 170
128 131 158
143 205 205
5 43 56
107 165 165
98 153 98
20 28 187
89 256 256
96 254 102
32 214 32
26 234 234
37 184 184
60 167 228
72 215 215
177 193 124
11 159 11
170 202 202
29 193 124
3 13 99
44 239 239
122 157 233
15 171 64
37 70 37
220 222 239
20 220 18
109 250 88
52 131 52
52 92 52
68 202 204
58 112 58
124 139 124
28 167 228
98 208 208
200 217 242
175 236 98
26 63 203
17 238 184
8 129 207
35 96 23
6 75 75
40 106 106
27 162 9
47 183 47
163 241 189
11 137 11
154 176 32
136 140 51
134 162 83
103 162 83
206 228 228
8 117 207
199 222 239
79 175 243
12 140 205
116 183 116
90 256 256
12 47 47
2 235 24
65 119 65
82 173 6
66 242 242
26 37 203
146 176 32
134 211 93
157 235 233
4 47 47
95 240 240
43 229 56
15 185 185
133 160 1
31 61 31
18 28 18
193 235 124
22 67 67
130 223 227
107 213 214
13 254 102
4 102 102
11 88 11
86 218 218
83 92 186
151 202 202
93 149 166
64 132 47
78 237 65
28 210 90
229 239 239
118 147 161
100 220 18
17 52 52
14 69 255
43 108 53
12 142 205
80 92 186
151 210 90
57 95 171
36 194 219
55 97 144
26 61 155
161 183 161
12 97 205
36 54 219
181 196 75
130 236 84
190 208 208
55 154 144
20 57 171
20 103 218
53 62 62
72 134 66
19 23 23
24 57 171
209 218 52
165 171 165
68 207 204
171 185 185
37 201 106
6 172 6
20 222 239
86 246 107
3 12 99
182 234 234
127 205 205
26 236 180
147 182 182
16 169 62
8 88 207
217 233 242
168 247 168
49 222 239
35 224 224
11 50 164
109 206 206
73 216 232
57 122 159
56 175 98
205 227 205
11 22 249
17 146 137
63 243 243
204 213 204
182 246 119
42 147 208
82 208 208
29 34 10
147 241 189
70 95 172
142 153 21
73 249 249
135 244 151
82 91 6
93 239 239
194 201 106
85 132 85
30 70 200
41 65 168
139 195 179
232 242 242
34 56 10
174 241 128
145 192 182
158 179 179
84 213 214
193 202 124
123 131 185
220 238 184
142 213 21
36 138 138
44 69 69
57 216 232
42 162 208
15 74 74
76 248 126
63 198 215
45 104 25
40 57 226
64 245 11
59 209 31
136 243 243
68 143 204
44 212 141
16 98 62
11 223 11
162 188 13
84 210 90
41 240 240
89 151 89
99 123 185
73 132 47
2 74 74
63 104 25
54 246 119
52 200 52
74 214 74
180 196 75
83 138 138
31 170 31
1 79 1
214 236 214
93 199 202
31 179 31
2 194 24
101 185 113
53 152 53
30 192 200
46 213 67
72 180 66
2 130 84
74 124 124
132 231 47
5 12 205
102 208 208
48 198 215
36 57 171
34 131 158
36 256 256
117 199 202
57 164 164
217 230 242
66 129 66
109 129 88
181 191 230
83 119 83
8 119 207
19 124 124
102 164 102
48 248 48
44 227 227
2 111 24
151 175 98
8 103 207
75 189 75
102 110 102
61 74 74
155 220 155
121 122 159
146 169 206
47 181 47
110 137 237
101 143 113
37 43 56
112 208 208
187 216 232
7 178 48
28 79 243
103 142 21
183 215 225
21 40 226
179 234 179
64 225 225
179 242 179
96 171 23
83 192 83
35 184 184
157 233 233
83 210 90
78 161 161
141 208 208
78 209 52
173 185 185
130 188 13
138 233 138
32 121 32
96 109 23
186 214 186
81 221 105
243 245 243
11 26 11
33 116 116
87 116 116
139 175 98
113 179 179
103 189 218
33 191 230
130 201 106
71 137 71
34 224 10
118 126 161
119 148 119
100 209 52
181 216 232
178 196 75
12 72 205
32 208 208
18 157 233
132 230 47
65 68 204
34 236 10
212 227 141
7 239 239
205 233 205
56 142 21
162 247 83
29 245 11
120 230 85
40 96 226
72 250 66
90 186 90
51 165 165
60 63 114
177 216 232
209 240 240
37 165 165
195 205 179
73 168 168
167 193 228
153 175 98
17 178 173
91 136 51
14 51 255
173 196 75
169 221 206
25 47 47
73 213 214
51 94 138
17 203 203
96 190 23
48 177 48
13 224 13
32 243 243
121 138 138
85 149 85
171 222 239
31 158 31
17 111 173
86 248 107
32 65 32
2 52 52
3 247 99
215 252 71
214 245 11
119 172 172
48 106 106
193 230 124
104 196 25
25 154 25
67 234 67
90 95 90
189 221 105
34 190 10
24 136 51
157 244 233
5 22 249
130 228 228
141 169 206
111 143 89
42 122 208
85 195 85
177 235 177
47 115 47
107 157 233
65 94 65
22 61 249
34 230 10
107 180 107
70 123 185
136 151 51
115 117 256
87 177 251
63 163 37
53 251 251
188 221 105
17 130 84
1 132 1
85 227 85
43 57 171
161 207 161
8 163 207
115 182 256
119 156 33
11 124 11
59 165 31
144 205 144
15 201 106
116 240 116
11 42 208
36 111 219
42 243 208
33 86 107
87 127 251
176 192 32
28 250 140
10 60 10
95 178 172
47 202 47
139 156 44
132 175 47
169 192 206
229 238 184
73 154 133
85 153 85
12 170 205
148 191 230
33 63 33
38 250 234
81 142 21
63 216 232
111 188 13
21 43 21
219 250 219
111 149 166
1 135 1
120 178 85
114 143 89
50 211 164
100 254 102
227 256 256
136 236 51
128 171 171
104 184 25
133 164 164
2 197 29
11 135 11
50 153 164
11 201 106
52 154 52
130 175 98
149 182 166
127 185 185
81 109 88
77 123 185
40 184 226
147 223 227
40 255 255
141 216 141
18 218 218
72 122 66
129 241 189
248 250 140
80 139 44
95 135 172
84 103 218
30 189 200
9 77 9
30 33 200
93 162 83
88 92 186
8 70 207
53 233 233
7 14 255
29 142 21
35 81 80
164 174 164
42 97 208
18 92 186
7 54 48
124 239 239
7 223 48
29 156 33
66 207 207
35 193 124
74 247 74
89 136 89
26 159 159
167 239 228
102 186 102
213 234 214
129 192 170
38 238 184
18 188 13
203 223 227
104 130 25
109 189 88
238 250 184
65 124 65
5 220 18
19 137 137
61 216 232
99 204 99
56 161 161
131 224 158
5 47 47
172 218 218
117 153 229
17 251 251
197 243 243
3 9 9
2 18 18
58 65 65
1 9 1
167 233 228
111 248 54
22 142 249
38 200 200
4 52 240
107 185 185
5 216 232
67 132 47
156 182 33
114 225 225
178 188 13
81 95 172
35 217 242
95 222 239
157 237 237
149 244 166
47 208 47
152 194 177
27 128 9
54 143 89
201 249 106
16 250 62
69 113 113
56 236 180
112 241 189
121 147 19
95 250 140
174 247 224
55 117 144
216 241 232
128 237 237
121 129 19
29 182 29
105 146 105
60 228 228
57 235 171
79 226 243
54 103 218
10 195 179
24 220 18
49 155 165
55 100 144
29 246 119
68 178 204
14 38 255
23 141 23
18 246 18
153 228 228
153 241 189
28 174 187
4 122 240
3 190 99
98 173 98
177 196 75
54 114 114
18 135 18
131 242 242
146 251 251
197 248 29
115 184 256
21 39 69
106 116 106
86 174 107
203 209 52
191 197 230
115 191 256
91 246 91
146 184 184
122 198 215
103 108 218
113 166 113
95 199 202
28 208 208
196 234 75
122 130 159
61 172 155
12 191 205
82 110 237
22 234 249
179 254 179
83 147 83
49 188 165
40 145 226
88 192 88
12 111 205
128 176 32
3 49 99
22 77 249
162 163 83
150 241 74
5 252 71
154 222 239
235 239 239
34 141 141
88 231 97
124 231 124
88 115 256
2 95 172
108 220 18
15 246 64
94 128 138
4 213 240
213 225 225
176 226 226
8 239 239
48 179 179
20 65 65
22 197 249
149 211 166
44 215 215
176 223 32
79 147 243
45 170 91
136 234 51
155 165 165
17 102 102
25 225 225
49 65 65
37 221 105
151 231 97
97 114 97
73 136 51
6 223 227
2 86 107
198 247 215
30 205 205
216 221 105
21 95 21
94 171 138
36 114 219
5 209 52
28 246 187
109 246 88
158 187 158
5 28 187
20 192 148
168 222 168
109 225 225
47 160 1
138 206 206
199 250 202
35 236 180
127 224 224
13 125 116
154 207 133
143 172 89
3 5 99
76 125 116
39 151 69
64 111 64
171 199 202
93 230 93
90 174 90
126 250 140
156 181 33
103 197 218
173 254 102
28 135 187
69 101 113
66 127 66
35 163 111
39 142 69
7 40 226
39 216 69
3 102 102
127 244 151
120 127 85
37 78 65
57 173 171
17 61 155
24 110 237
122 152 159
213 241 214
35 38 234
64 181 64
98 196 98
43 124 124
34 142 21
133 137 133
46 51 67
4 70 240
193 233 124
76 153 126
111 178 58
100 236 211
64 237 237
5 126 126
145 191 230
211 227 227
216 219 232
26 175 98
138 142 138
79 87 243
61 240 240
137 199 202
34 217 242
12 122 205
51 206 206
63 186 186
31 256 31
142 173 21
56 163 56
26 221 105
76 156 33
55 127 144
181 201 106
156 206 206
116 221 116
5 157 233
211 216 232
222 246 239
112 191 230
21 90 90
110 246 237
160 210 1
141 228 228
62 73 62
133 153 133
153 220 18
193 252 71
80 121 19
184 201 106
107 187 107
43 191 230
47 79 47
44 223 227
30 177 200
34 82 10
15 103 64
94 245 11
2 162 83
70 248 54
43 75 75
15 217 242
59 234 31
1 109 1
126 196 75
99 181 99
35 149 166
214 223 214
27 56 9
137 225 225
100 156 211
11 237 11
127 195 179
2 35 24
190 250 140
106 164 106
6 44 6
56 171 171
189 222 239
25 80 25
37 86 107
140 201 106
39 158 69
50 193 164
182 252 71
182 191 230
184 227 184
45 176 32
2 60 114
225 256 256
141 255 255
44 102 102
124 179 179
162 222 239
184 240 240
86 143 89
48 122 48
66 115 256
32 74 32
94 227 138
163 222 239
8 90 90
210 237 90
38 126 234
95 220 18
3 188 99
97 210 90
100 197 211
3 216 99
148 201 106
184 203 184
72 139 66
102 199 102
86 118 161
48 193 124
170 254 102
48 188 48
34 79 243
57 199 202
34 94 138
115 137 256
147 197 29
183 247 225
125 197 116
86 235 107
16 151 62
169 232 206
151 214 214
38 239 239
52 164 164
122 189 159
157 205 205
6 122 159
150 154 133
99 177 99
110 134 237
175 237 237
57 201 106
105 216 105
104 251 251
26 122 159
79 207 243
228 256 228
76 129 126
59 123 31
21 192 21
93 223 227
62 209 52
96 187 23
141 156 141
60 208 208
60 206 206
76 134 93
45 193 124
4 77 240
120 142 85
49 146 165
38 78 65
183 227 225
17 204 204
40 152 226
2 146 137
103 143 89
164 190 164
7 98 48
44 150 74
4 16 240
110 152 237
166 227 166
215 221 215
151 239 239
70 254 102
94 237 138
15 54 64
204 209 52
31 202 31
96 121 23
126 140 140
3 185 185
93 159 159
96 214 23
118 119 161
101 136 113
58 182 58
129 145 170
48 169 206
154 182 133
53 135 53
171 245 11
110 244 237
76 155 155
136 249 249
14 113 255
64 221 105
55 137 144
2 39 69
167 209 52
123 242 185
70 216 232
5 38 234
87 218 251
169 177 206
153 236 180
14 43 255
12 16 62
123 153 185
72 246 66
145 244 151
176 186 32
13 113 113
126 136 51
118 164 164
121 190 19
116 227 116
38 40 226
7 181 48
37 202 202
7 201 106
139 212 141
164 243 164
41 165 168
8 235 207
193 208 208
59 155 31
69 142 69
52 147 52
136 204 204
23 79 243
167 240 240
94 247 138
43 131 158
147 190 192
115 126 256
125 249 116
134 164 164
155 183 225
69 118 161
109 110 237
109 172 88
114 131 158
27 193 9
43 149 166
111 129 170
188 214 13
107 142 21
150 219 74
80 223 227
222 230 239
135 252 71
154 188 133
150 210 90
134 210 90
46 118 161
50 214 164
17 38 234
5 121 19
45 191 230
128 221 105
24 185 185
114 241 189
20 170 148
84 123 185
36 155 155
72 91 66
66 214 66
55 75 144
115 118 256
137 158 158
95 207 207
95 226 226
96 233 23
229 230 230
45 110 237
56 136 51
109 232 232
3 91 99
119 213 214
169 218 206
18 143 89
176 190 32
23 191 23
127 248 54
14 142 255
51 239 239
47 188 47
170 223 227
3 171 99
126 171 171
87 153 251
36 152 219
20 162 83
97 106 106
166 214 166
36 118 161
144 185 185
118 131 161
10 70 10
90 100 90
72 101 113
22 192 249
72 151 66
118 218 161
53 255 255
27 221 9
87 175 251
131 197 158
170 175 98
128 129 128
40 95 226
80 200 200
76 194 126
42 91 208
103 178 218
128 217 242
252 254 102
221 234 105
139 193 124
91 108 53
34 152 10
7 185 185
16 209 52
53 104 25
115 205 256
50 209 164
22 222 239
130 197 84
181 220 18
8 165 165
60 125 116
38 93 93
5 115 256
64 150 74
132 194 47
39 71 71
139 200 200
28 104 25
135 202 202
59 159 31
25 161 161
6 33 6
49 251 251
127 234 234
17 40 226
20 247 224
2 109 88
31 195 31
48 230 48
51 171 51
54 110 237
119 187 187
41 78 168
140 195 179
27 67 9
19 108 53
148 157 233
17 193 124
212 231 141
173 223 227
168 217 168
93 213 214
109 197 88
2 176 32
33 105 105
20 181 148
139 223 227
14 164 255
41 233 168
24 241 189
9 172 9
22 205 249
119 193 124
239 243 243
6 67 67
28 125 116
52 82 52
140 162 83
50 86 164
128 148 128
172 202 202
163 235 111
157 193 124
113 160 1
104 202 25
103 236 218
152 255 255
81 154 133
111 117 229
36 247 219
44 137 137
137 215 215
82 166 166
30 49 165
23 68 23
170 248 170
34 192 10
28 248 187
16 37 62
176 217 242
162 223 83
100 139 211
199 205 205
40 173 226
134 174 93
33 85 85
153 239 239
183 217 225
125 223 116
103 247 218
41 144 168
2 163 24
63 168 168
217 256 256
1 255 1
54 199 202
176 181 32
13 109 13
135 210 90
79 177 243
34 49 165
46 153 67
8 201 106
6 54 6
66 154 133
10 176 32
156 248 33
96 131 23
199 238 202
7 113 113
94 169 206
59 256 31
27 100 9
82 139 6
28 76 187
55 169 206
191 194 230
12 211 205
42 220 208
41 208 208
75 85 85
117 135 229
60 118 161
21 206 206
71 151 71
80 100 211
184 249 249
111 172 172
26 229 203
91 134 93
10 191 10
51 208 208
125 143 116
6 150 74
122 212 141
35 166 166
163 188 13
129 163 170
160 200 1
33 217 242
64 210 90
31 98 31
133 157 133
80 235 80
148 215 215
117 162 83
82 178 6
132 202 47
127 168 168
145 163 182
18 124 124
141 180 141
53 80 53
59 76 31
57 134 93
10 74 74
109 193 124
67 213 67
80 107 107
110 175 237
57 59 31
43 49 165
62 214 62
56 178 56
174 209 52
58 199 202
107 118 161
47 82 47
197 200 200
148 163 148
222 229 239
69 153 69
77 149 166
77 170 73
46 119 67
25 171 25
80 156 33
181 210 90
139 241 44
8 144 144
84 191 84
105 255 255
73 143 89
44 65 65
41 76 168
127 169 206
195 212 179
92 245 11
60 178 58
7 137 48
61 250 155
202 238 202
24 143 89
76 88 88
143 230 89
134 239 239
8 171 207
63 184 184
1 213 1
234 236 234
162 180 83
133 203 133
149 250 166
82 158 158
245 252 71
141 218 141
87 115 251
157 198 215
124 237 124
13 149 166
28 169 206
6 34 10
77 176 32
104 225 225
19 198 215
235 241 189
70 208 208
30 232 200
60 235 114
55 239 239
140 251 251
120 235 85
191 229 230
56 82 6
12 153 205
154 224 133
73 123 185
102 255 255
23 243 243
129 153 170
57 175 98
113 249 113
106 226 106
71 207 71
20 102 102
157 246 233
208 255 255
70 89 89
189 248 189
5 191 230
51 240 240
11 73 11
7 255 255
19 144 144
76 149 166
59 107 31
72 213 66
73 170 73
28 163 187
66 210 90
164 221 164
86 192 107
216 250 232
10 224 10
136 256 256
26 43 56
21 172 21
73 134 93
191 250 230
7 138 138
136 250 51
34 233 233
125 188 116
142 247 21
11 101 113
60 135 114
154 235 133
56 141 141
136 217 242
24 235 24
22 180 249
30 213 200
52 71 52
23 183 225
59 203 31
117 190 229
95 152 177
85 161 85
40 122 226
84 148 84
3 217 99
143 192 89
126 156 33
69 173 69
144 199 144
92 212 141
94 228 228
35 195 179
69 251 251
59 134 31
158 221 105
31 206 31
77 180 73
36 82 6
100 178 211
167 217 228
68 138 204
63 125 116
79 167 243
100 132 47
115 178 256
29 82 6
114 219 219
61 80 155
35 77 73
192 241 189
117 246 119
146 197 137
147 216 232
191 206 206
93 244 93
104 146 25
104 144 25
24 81 80
45 250 140
66 202 202
28 102 102
125 152 116
216 226 226
13 83 13
48 71 71
173 231 97
36 40 226
3 130 99
81 173 173
14 34 255
55 251 251
167 219 228
86 189 107
58 213 214
49 133 133
28 146 137
68 185 185
17 143 89
146 222 239
25 167 228
44 196 75
148 249 249
128 161 161
142 226 226
100 182 211
77 225 225
134 245 11
13 122 13
149 151 166
168 248 168
87 219 251
167 236 228
148 244 151
212 255 255
46 225 225
2 224 224
201 225 106
59 235 31
92 175 186
138 150 138
26 70 203
80 236 180
18 154 133
101 206 113
112 222 239
39 86 69
87 189 251
209 247 52
24 137 137
199 235 202
190 247 224
58 238 184
110 189 237
28 244 151
133 170 133
6 72 66
85 92 85
165 225 225
16 163 62
112 242 242
30 235 200
117 118 161
96 185 185
145 178 58
74 106 106
111 197 29
223 228 228
77 143 89
108 139 53
179 228 179
83 166 166
133 156 133
21 217 242
43 152 177
48 172 48
175 184 98
57 156 171
123 207 185
104 119 25
124 200 124
64 202 202
34 73 73
111 113 113
57 77 73
65 69 69
140 248 140
78 168 168
49 158 165
18 43 18
109 153 88
24 147 24
27 145 9
182 256 256
178 192 58
140 144 144
56 197 56
39 63 69
26 190 203
52 145 52
146 181 137
47 158 47
20 58 58
29 196 75
35 119 119
64 236 64
103 174 218
24 139 44
96 98 23
110 140 237
15 42 208
106 211 106
5 6 6
210 217 242
38 203 234
8 37 207
60 153 114
85 139 85
51 163 51
18 96 23
57 230 171
78 190 65
76 127 126
5 82 6
209 249 52
106 229 106
100 230 211
60 190 114
13 46 67
56 198 215
29 172 172
70 142 21
79 113 243
115 124 256
55 108 144
131 137 158
45 189 91
72 239 239
177 209 52
9 139 9
115 232 256
163 178 58
51 99 99
28 101 113
43 175 98
155 245 11
106 135 106
165 172 165
188 218 13
63 156 33
16 36 62
133 191 133
41 236 168
178 182 58
210 221 105
16 206 62
101 103 113
21 80 21
176 247 32
25 30 25
73 79 243
195 222 179
12 147 205
7 156 48
78 221 65
17 99 99
20 135 148
31 42 31
66 122 66
110 205 205
88 214 214
90 129 90
61 102 102
208 256 208
82 201 106
8 24 207
34 52 52
35 240 240
32 143 32
99 146 99
75 118 161
119 136 51
117 145 229
6 90 90
66 161 161
40 43 226
24 95 172
30 72 66
35 87 251
72 169 206
6 108 53
109 242 242
156 213 214
117 167 228
23 115 256
139 225 225
142 195 179
119 236 180
75 216 75
162 221 105
103 133 133
173 188 13
117 240 240
5 10 10
26 45 203
26 39 69
147 187 187
24 161 161
137 176 32
145 153 182
22 166 166
210 252 71
57 89 89
109 254 102
147 152 177
5 197 29
79 94 243
14 206 255
53 71 71
34 103 218
90 208 208
90 113 113
189 236 180
44 164 164
69 181 69
50 89 164
84 154 133
80 176 32
23 176 32
67 158 67
114 205 205
93 108 93
137 196 75
153 215 215
150 209 52
247 248 224
3 108 99
76 117 126
9 47 47
76 229 126
76 130 84
95 223 227
56 75 75
241 244 151
90 112 90
41 93 168
126 143 89
95 153 172
178 194 58
109 114 88
213 244 214
84 172 84
70 166 166
54 128 128
162 230 83
17 62 62
209 236 52
86 114 107
11 78 11
30 217 242
141 187 141
8 86 207
14 42 255
85 185 85
72 165 165
40 118 226
81 152 177
75 223 227
94 113 113
32 87 251
105 133 133
119 146 137
37 62 62
37 121 19
126 134 93
6 140 6
117 241 189
52 113 52
67 201 106
39 44 69
141 183 225
45 157 233
139 248 44
65 237 65
12 70 205
107 252 71
1 22 1
3 95 99
6 198 215
5 178 58
109 131 158
139 219 44
3 165 99
83 196 83
9 76 9
88 94 138
174 181 128
92 213 186
91 150 74
5 202 202
34 38 234
12 251 251
109 256 256
116 164 116
68 117 204
52 222 52
2 41 168
95 148 172
31 60 31
36 224 219
148 246 119
150 190 74
72 168 168
19 68 204
77 174 73
136 226 226
16 226 226
151 186 186
95 191 230
54 174 128
124 233 124
164 256 164
28 143 89
99 115 256
75 235 75
70 88 88
15 211 64
15 30 200
81 211 211
139 174 44
151 193 124
199 244 202
91 160 1
54 250 140
50 100 164
37 90 90
21 54 21
132 234 47
85 144 85
17 201 106
22 145 249
89 221 105
92 132 47
157 247 233
17 153 173
77 162 83
127 174 128
66 177 66
4 127 240
132 138 47
40 126 226
16 210 62
148 198 215
96 99 99
134 190 93
18 27 9
43 219 219
234 251 251
164 168 164
30 112 200
102 130 102
121 241 19
85 230 85
134 176 32
39 229 69
73 125 116
82 213 214
34 63 10
128 214 214
122 252 71
127 220 18
79 206 243
92 244 186
150 204 204
55 151 144
60 96 23
37 129 170
42 75 208
13 124 124
114 247 224
142 184 184
23 256 256
39 136 69
112 247 224
85 103 85
165 251 251
30 212 141
214 247 214
19 143 89
142 198 215
170 204 204
101 243 243
121 164 164
51 255 255
109 112 88
149 160 1
100 196 75
167 215 228
30 173 200
79 233 243
80 122 159
96 188 23
32 196 32
17 66 66
26 121 19
150 153 74
88 101 113
40 80 226
52 180 52
93 154 133
15 61 64
223 238 184
163 174 128
98 222 239
88 122 159
54 181 54
14 204 255
45 246 91
161 212 161
143 179 179
143 232 89
181 195 179
125 221 116
20 142 21
122 164 164
57 204 204
23 120 85
1 184 1
54 139 44
140 149 166
20 97 97
33 76 33
48 59 31
111 170 170
12 51 205
96 176 32
44 100 211
213 245 11
31 243 31
117 143 89
212 232 141
101 134 113
81 87 251
27 124 9
6 231 97
35 118 161
43 194 56
215 231 215
112 174 128
163 250 140
111 162 83
36 236 219
19 123 185
52 256 52
239 255 255
147 163 111
8 142 207
13 59 31
154 184 133
1 115 1
159 239 239
162 210 90
17 229 173
20 145 148
160 176 1
83 238 184
18 40 226
53 213 214
19 106 106
104 148 25
28 126 187
204 217 242
113 120 85
81 130 84
19 129 19
62 66 62
110 130 237
66 236 66
42 90 208
44 188 13
36 162 83
44 178 44
169 241 206
42 126 208
203 231 97
192 247 224
149 174 166
125 212 116
173 236 180
67 239 239
107 132 47
156 179 179
92 118 161
45 77 73
86 254 102
80 246 119
68 212 204
190 196 75
2 225 225
52 151 52
204 249 249
34 60 10
236 254 102
57 188 13
202 222 239
151 212 141
80 208 208
82 86 107
90 149 166
17 124 124
81 145 80
27 31 31
195 206 179
53 118 161
132 256 47
180 232 232
91 121 19
182 242 242
119 244 151
53 89 89
147 195 179
83 189 83
62 193 62
154 247 133
54 164 164
131 144 144
64 200 200
46 181 67
73 145 73
17 119 173
83 110 237
85 116 85
4 51 240
215 240 240
143 200 89
154 250 133
66 225 225
23 51 23
55 166 166
128 142 21
166 193 166
28 45 187
24 119 119
30 158 158
1 218 1
76 77 73
79 171 243
41 91 168
143 163 89
24 158 158
34 40 226
110 181 237
182 223 227
27 137 9
37 183 225
77 119 73
95 147 172
105 158 105
152 189 177
4 196 240
228 236 228
1 199 1
16 195 179
40 125 116
152 229 177
220 254 102
166 250 166
163 224 224
144 161 161
10 169 206
35 178 58
59 230 31
154 196 133
68 128 204
42 190 208
46 198 67
11 94 11
203 222 239
108 203 53
10 39 69
76 135 126
101 232 113
19 50 164
111 237 237
9 46 9
189 207 207
187 256 256
141 196 141
63 112 37
51 103 51
100 235 211
129 178 58
21 228 228
21 152 21
22 227 249
60 252 71
9 74 9
182 250 140
81 164 164
64 76 64
33 121 19
69 215 215
101 220 113
17 59 31
82 142 21
43 127 56
210 213 90
64 219 64
139 244 151
132 200 47
152 163 177
50 110 164
25 105 25
116 152 116
175 217 242
61 152 155
146 156 137
31 241 31
25 96 25
71 113 113
52 79 52
7 18 48
12 132 47
63 191 230
86 135 107
153 209 52
8 30 207
38 136 51
61 251 251
1 164 1
26 47 47
7 212 141
196 219 75
100 163 211
41 145 168
144 204 144
123 133 185
201 211 106
126 128 128
234 252 71
218 248 218
36 86 107
106 169 106
30 43 200
17 174 173
78 245 11
37 145 182
74 225 225
72 79 243
65 118 161
86 182 107
140 245 11
135 161 161
58 157 233
81 178 58
121 170 19
30 86 200
180 200 200
26 246 203
41 48 168
212 241 141
110 250 237
3 244 99
162 232 83
71 123 71
26 29 203
44 121 19
101 236 113
35 36 219
169 251 251
20 82 6
148 202 202
137 218 218
3 183 225
182 255 255
24 156 33
14 98 255
74 175 98
104 105 25
120 220 85
152 245 11
31 210 31
201 205 106
127 135 135
38 144 144
81 185 185
71 135 71
56 169 206
2 252 71
195 244 179
41 218 168
226 250 226
27 151 9
131 148 158
121 149 166
46 252 71
191 235 230
223 244 227
179 236 179
5 100 211
8 13 207
37 96 23
13 43 13
231 235 97
60 117 229
29 30 200
76 218 218
98 194 98
138 255 255
130 144 144
95 241 172
96 199 23
71 246 71
115 204 256
12 120 85
134 152 93
36 72 66
65 79 243
63 138 138
83 255 255
15 111 64
85 208 85
146 203 137
2 234 234
17 241 173
115 150 256
97 150 74
114 250 140
180 193 124
56 252 71
29 123 185
86 181 107
52 191 52
164 209 164
43 157 233
100 255 255
12 219 205
59 142 31
80 114 80
157 231 233
10 204 204
93 216 93
99 223 99
93 143 89
190 216 232
36 136 51
28 136 51
121 153 19
160 245 1
47 136 47
95 179 179
146 229 137
86 128 107
155 232 232
106 113 106
174 205 205
99 211 99
105 131 105
28 108 53
127 176 32
112 205 205
37 61 155
60 229 229
154 190 133
197 214 214
68 221 204
112 212 141
156 163 33
8 97 207
157 252 71
89 125 116
65 251 251
143 198 215
209 235 52
224 238 184
229 242 242
144 243 243
36 90 90
152 181 177
62 124 62
61 181 155
103 228 228
26 91 203
72 85 85
51 144 144
70 244 151
13 138 138
87 110 251
15 81 64
73 84 73
21 252 71
79 140 243
24 33 33
51 72 66
17 44 44
53 160 1
54 124 124
6 244 151
2 241 189
121 196 75
50 183 164
23 140 23
112 116 116
11 89 11
130 247 84
30 148 200
9 184 9
60 241 189
105 117 105
45 194 91
181 206 206
177 222 239
45 112 91
106 213 106
45 120 85
39 207 69
42 121 208
44 169 206
127 146 137
35 99 99
4 179 179
46 145 67
60 87 251
8 114 207
99 138 99
28 170 187
113 176 113
132 225 47
25 213 25
51 241 51
96 192 23
129 152 177
82 152 6
150 228 228
165 180 165
46 52 52
92 191 186
119 134 93
24 108 53
123 140 185
100 183 225
127 137 137
115 132 47
145 197 29
164 254 102
85 206 85
43 122 159
14 154 255
127 221 105
62 176 62
214 252 71
87 101 251
109 122 159
17 46 67
47 85 85
2 226 226
73 238 184
64 231 97
117 248 229
124 182 124
89 122 89
45 46 67
58 127 58
173 244 151
120 225 85
188 232 13
170 233 233
3 124 99
29 68 204
127 233 233
28 95 187
104 109 25
154 166 166
104 188 25
144 160 1
37 95 172
43 107 107
108 127 53
20 250 140
32 124 32
158 212 141
24 203 203
124 125 116
122 165 165
42 62 208
142 209 52
79 98 243
48 155 48
24 149 166
83 194 83
68 105 204
14 220 255
31 151 31
127 156 33
20 107 107
184 245 11
95 233 233
103 203 218
18 254 102
108 173 53
69 187 69
169 247 206
9 197 9
59 115 31
10 227 227
123 246 185
26 57 171
167 191 228
11 52 52
20 136 51
14 141 255
39 251 251
115 195 179
183 246 225
33 130 84
125 130 116
61 100 155
183 195 179
106 252 106
20 153 148
178 229 58
14 131 255
37 169 206
179 206 179
194 220 18
38 145 234
32 252 71
38 194 234
22 154 249
227 251 251
177 185 185
60 103 218
46 154 67
194 244 151
103 211 218
79 158 243
94 129 138
22 135 249
71 102 102
111 140 140
46 105 67
7 230 48
128 180 180
35 237 237
196 220 75
32 251 251
60 143 89
146 174 137
79 190 243
27 238 9
8 244 207
75 178 75
84 224 84
189 193 124
87 237 251
27 81 9
82 119 6
25 164 164
34 68 204
6 157 233
207 234 207
114 122 159
107 112 107
116 155 116
177 226 226
123 216 185
151 181 151
26 145 203
116 212 116
6 96 23
4 25 240
54 76 126
56 234 234
109 203 203
63 246 119
123 159 185
85 109 85
38 152 234
136 142 21
77 132 47
38 148 234
76 163 126
70 250 140
165 212 141
28 154 133
79 248 243
47 121 47
20 212 141
114 216 232
74 230 74
94 239 239
148 186 186
43 154 133
24 28 187
96 155 23
29 167 228
2 49 165
55 256 256
233 254 102
46 76 67
103 249 249
46 71 71
131 140 158
157 190 233
43 56 56
166 170 166
167 212 228
22 102 102
182 243 243
79 111 243
25 204 25
140 157 233
148 223 227
17 250 173
55 136 144
42 208 208
25 113 113
79 170 243
121 128 19
20 63 148
160 219 1
54 149 166
113 226 226
37 228 228
59 158 31
178 236 180
220 244 18
140 152 177
124 168 168
163 193 124
190 225 225
53 231 97
121 137 137
30 114 200
15 130 64
43 181 56
72 147 66
49 161 161
6 176 32
97 183 225
9 27 9
139 236 44
144 228 228
37 44 44
79 91 243
123 126 185
133 143 133
47 175 47
175 204 204
103 213 214
150 237 237
19 30 200
129 206 206
119 247 224
82 235 6
12 217 242
16 32 62
73 100 73
73 139 73
145 164 164
31 48 31
38 137 234
85 228 85
15 152 64
73 251 251
55 145 144
43 135 56
8 107 207
129 217 242
202 252 71
68 74 204
149 202 166
47 246 47
118 132 47
241 245 11
103 128 218
167 221 228
2 181 24
50 185 164
39 61 69
61 241 155
183 210 225
72 106 106
142 222 239
65 220 65
3 119 99
195 233 179
146 152 137
43 82 6
11 152 11
35 86 107
44 226 226
135 146 137
30 113 113
31 237 31
63 90 90
125 182 116
55 99 99
42 101 208
3 4 240
143 160 1
175 203 98
35 97 97
223 229 227
13 99 99
91 198 215
36 185 185
204 205 204
115 238 256
6 24 6
78 226 226
20 81 80
108 230 53
49 93 165
44 245 11
92 241 186
46 189 67
93 189 93
62 212 62
12 91 205
86 148 107
175 177 98
45 216 232
141 161 161
125 144 116
33 68 204
43 112 56
12 193 205
129 176 32
180 226 226
118 212 161
8 120 85
8 223 207
60 231 97
90 247 90
73 94 138
66 96 23
165 207 165
33 247 224
79 153 243
28 238 184
189 247 224
9 33 9
50 131 164
167 192 228
72 104 25
57 133 133
62 249 62
37 109 88
199 248 202
50 120 85
76 182 126
94 191 138
172 256 256
69 75 69
4 240 240
67 99 99
24 238 184
8 68 204
46 177 67
1 101 1
37 87 251
18 70 18
82 146 137
115 213 256
39 209 52
23 205 23
118 242 161
44 181 44
57 177 171
155 206 206
35 152 177
222 238 239
146 191 137
4 195 179
223 252 71
92 247 186
127 158 158
44 217 242
143 227 89
42 94 208
4 87 240
137 172 137
75 184 184
15 162 83
115 223 256
41 224 168
101 168 168
101 160 1
86 157 233
29 112 29
168 246 168
57 143 89
88 193 124
107 150 74
83 106 106
194 249 249
104 194 25
102 207 102
82 153 6
2 51 51
52 197 52
18 223 227
8 95 207
192 235 192
67 128 67
15 219 64
99 159 99
101 102 102
46 62 62
147 191 230
115 129 256
6 45 6
119 160 1
48 254 102
175 219 98
26 192 203
22 247 249
100 135 211
70 133 133
192 250 140
142 207 207
110 254 102
147 210 90
199 219 202
43 134 93
172 254 102
42 210 208
38 129 234
47 225 47
36 120 85
75 79 243
142 164 164
140 175 98
93 252 71
222 247 239
179 208 179
149 247 166
133 227 133
121 246 19
162 246 83
12 167 228
31 86 31
16 49 62
170 180 180
239 251 251
170 216 232
108 188 13
8 25 25
212 229 141
67 214 67
52 212 52
37 81 80
46 208 208
93 205 205
95 138 138
132 176 47
69 169 206
82 224 6
96 203 23
38 133 133
58 214 214
195 225 179
48 204 204
63 222 239
34 207 207
127 132 47
43 95 56
45 105 105
41 175 168
192 223 227
31 245 31
75 245 11
139 192 44
206 236 206
220 231 97
50 188 164
98 217 242
67 212 67
4 114 240
2 103 218
36 89 89
84 112 84
85 87 85
36 130 84
90 138 138
109 179 179
36 46 67
135 237 237
30 162 200
70 150 74
229 243 243
26 212 141
117 129 229
158 176 32
7 154 133
82 117 6
192 232 232
76 216 232
195 215 179
132 203 47
85 99 85
37 158 158
142 219 21
34 241 10
145 235 182
73 161 161
25 26 25
13 191 13
112 201 106
54 120 85
194 196 75
103 105 105
123 185 185
46 93 67
16 18 62
249 250 249
74 75 74
152 203 177
162 173 83
150 156 74
101 246 113
38 172 234
124 192 124
110 117 237
49 147 165
68 233 204
19 183 225
102 220 102
160 236 1
174 213 214
44 96 23
20 184 184
47 131 47
22 130 249
136 192 51
2 145 182
63 192 37
105 237 105
31 85 85
33 167 228
80 212 141
199 233 202
52 55 52
21 132 47
8 139 207
142 165 165
8 46 67
176 222 239
16 103 62
64 100 64
156 221 105
65 84 65
27 245 9
41 73 168
121 189 19
143 201 106
76 131 158
63 128 128
115 179 179
64 158 158
68 228 228
92 250 186
149 180 166
109 248 88
196 254 102
17 63 173
110 211 237
31 47 31
158 165 165
81 234 234
24 94 138
97 99 99
100 130 84
35 129 170
38 181 234
48 234 48
30 108 200
38 122 159
68 89 204
25 232 25
67 157 67
28 98 98
128 209 52
185 212 185
122 151 159
80 103 218
18 169 206
35 93 93
75 222 239
43 126 56
11 51 11
231 250 97
159 167 228
182 197 29
136 184 184
109 145 88
40 134 226
1 59 1
68 87 251
69 161 161
88 216 232
88 245 11
60 111 114
122 240 240
7 168 168
243 249 243
98 128 98
228 231 228
102 143 102
211 220 18
166 209 52
29 104 25
38 58 234
194 243 243
46 99 99
76 111 126
66 73 66
110 124 124
210 226 226
170 222 239
117 169 206
3 195 179
41 195 179
11 202 11
26 27 9
5 92 186
18 52 52
119 216 232
75 76 75
28 232 232
46 229 67
155 189 155
110 121 237
77 94 138
39 120 85
3 223 99
23 75 23
35 142 21
148 210 90
128 152 177
94 154 133
9 42 208
142 178 21
59 110 31
71 228 228
2 69 69
155 209 52
26 202 202
103 183 225
89 94 138
22 82 249
89 158 89
123 219 185
184 196 184
7 59 31
102 185 102
57 194 171
31 240 31
194 216 232
57 92 186
85 120 85
190 210 90
108 184 184
94 197 138
113 124 113
9 96 9
47 58 47
38 231 97
38 114 234
65 222 239
78 158 65
14 109 255
60 80 80
29 243 243
52 65 52
40 76 226
60 215 215
28 194 187
74 83 74
119 241 119
53 55 144
107 226 226
110 172 237
104 133 25
123 191 185
33 39 69
101 200 113
81 90 90
210 232 90
134 188 13
28 189 187
31 252 31
136 180 51
59 150 31
158 255 255
29 78 65
201 243 106
120 234 85
7 162 48
147 248 54
44 83 83
68 234 204
88 206 206
69 216 69
28 226 226
26 54 203
103 116 116
60 210 90
81 204 204
99 202 99
79 247 243
79 240 240
55 93 144
59 197 31
78 98 65
116 167 116
21 72 66
142 216 21
77 181 73
152 210 90
50 127 164
18 94 138
87 208 208
186 240 240
187 245 11
104 189 25
163 191 230
86 215 215
35 49 165
151 167 228
58 235 58
132 141 47
60 246 119
149 246 166
224 228 228
24 38 234
64 126 64
10 205 205
133 208 208
215 242 242
26 174 203
69 212 69
146 211 137
24 222 239
188 215 215
66 93 66
188 197 13
50 75 164
31 41 31
223 240 240
68 250 204
81 116 116
47 231 47
121 192 19
5 218 218
5 42 208
27 243 243
174 194 128
47 162 47
217 226 226
14 233 255
90 164 164
46 63 67
65 180 65
189 197 29
108 172 53
115 190 256
103 254 102
211 252 71
61 233 233
74 133 133
202 220 202
14 117 255
121 131 158
100 152 211
170 206 206
205 255 255
24 26 203
50 202 164
24 105 105
181 229 229
94 199 138
206 255 255
60 123 185
136 137 51
69 195 179
49 119 165
18 164 164
33 162 83
27 58 9
68 254 102
39 85 85
68 94 204
155 251 251
106 232 106
99 218 99
9 140 9
77 182 73
188 206 206
83 190 83
68 245 11
94 188 138
57 139 171
33 151 151
54 163 54
51 244 51
127 196 75
103 184 184
216 236 232
201 231 106
50 238 164
151 183 225
85 117 85
43 217 242
22 98 249
46 116 116
83 202 202
51 150 74
153 224 224
67 103 67
67 237 67
75 132 47
112 237 237
156 166 166
58 93 93
2 76 126
248 255 255
31 183 31
5 188 13
204 230 204
108 228 228
54 150 74
98 214 98
84 85 85
77 191 73
16 196 62
111 191 230
92 122 186
73 116 116
81 212 141
162 174 83
16 167 228
31 75 31
134 236 93
55 113 113
27 75 9
168 171 168
92 235 186
77 169 206
21 122 21
14 124 255
89 152 89
25 176 25
213 250 214
50 123 164
55 91 144
38 170 234
131 221 105
157 210 90
125 164 116
198 226 226
39 165 69
22 243 243
46 239 239
136 177 51
177 252 71
135 250 140
81 102 102
233 255 255
43 198 215
19 118 161
25 67 25
29 233 233
40 231 226
154 160 1
196 209 52
141 150 141
125 222 116
42 127 208
80 89 89
93 151 93
87 221 251
109 201 106
104 179 179
63 103 218
102 179 179
114 213 214
90 190 90
97 104 25
196 197 75
180 243 243
101 233 113
48 175 48
158 216 158
108 119 53
87 203 251
161 245 161
24 107 107
59 175 31
31 211 31
61 98 98
60 156 33
192 198 215
82 140 6
147 219 219
73 77 73
24 202 202
176 252 71
109 187 88
193 210 124
116 256 116
9 207 9
13 207 207
219 235 219
61 192 155
99 167 228
8 141 141
97 126 97
250 255 255
86 130 84
57 61 155
74 240 240
45 219 219
108 221 105
157 163 233
23 219 23
92 121 186
80 104 25
43 147 56
13 51 13
35 165 165
125 142 116
108 128 53
91 225 225
67 85 85
59 195 31
104 191 25
67 240 240
183 187 225
55 173 144
56 78 65
115 185 256
183 189 225
46 205 67
8 252 71
42 223 208
183 234 225
123 211 185
30 103 200
94 225 225
126 152 177
134 192 93
222 242 239
39 232 69
156 255 255
41 252 168
76 148 126
8 42 208
17 186 186
171 247 171
88 241 88
114 201 106
28 54 187
76 191 230
12 129 205
194 221 105
71 119 71
159 204 204
110 188 237
201 251 106
19 85 85
28 131 158
90 182 90
4 188 240
12 112 205
17 247 224
45 75 75
109 222 239
70 132 47
125 138 116
122 228 228
73 98 98
39 160 1
36 205 205
8 233 207
6 188 13
71 110 71
51 55 144
131 241 158
26 188 13
34 203 10
5 244 151
3 53 99
70 172 172
18 141 141
49 250 165
174 220 18
141 168 168
27 214 9
53 202 202
12 180 205
122 201 106
222 236 239
41 84 168
19 136 51
34 157 233
30 73 200
78 88 65
185 226 226
151 191 151
139 196 75
17 85 85
2 244 151
15 129 64
197 199 202
186 230 186
142 148 21
129 238 184
23 76 23
131 174 158
58 150 74
30 166 166
7 81 48
95 146 137
195 251 179
200 238 200
47 191 47
4 99 240
108 208 208
178 209 52
40 256 226
27 119 9
111 174 128
78 187 65
179 216 179
110 196 237
42 229 208
83 212 141
229 246 119
57 123 185
19 142 21
23 99 99
21 91 21
116 237 116
219 237 237
77 236 73
56 180 180
77 153 73
17 154 133
120 224 85
54 127 54
241 246 119
42 237 208
12 152 205
73 75 75
78 126 65
108 154 133
4 132 47
131 252 71
57 221 105
26 112 203
46 151 67
122 186 186
139 166 166
96 238 23
16 239 62
119 126 119
168 241 168
28 89 89
169 212 206
194 247 224
96 124 23
19 201 106
117 144 144
72 81 66
175 205 205
52 94 52
171 231 97
2 61 155
82 112 6
117 195 179
227 241 227
17 192 173
108 175 98
126 177 177
38 153 234
111 144 144
209 226 52
185 255 255
12 102 102
182 196 75
29 201 106
6 186 186
19 192 19
21 101 113
162 220 83
9 223 9
183 241 225
18 176 32
41 213 168
110 233 237
44 72 66
187 220 18
61 110 237
4 17 240
5 49 165
111 133 133
129 130 84
28 85 85
2 58 58
67 170 67
39 228 228
152 184 184
112 155 155
54 168 168
40 156 226
159 188 13
119 159 159
11 116 116
98 154 133
12 225 225
182 249 249
54 184 184
98 224 98
29 220 18
83 176 32
147 168 168
9 170 9
3 128 99
137 156 137
131 250 158
15 233 233
18 213 214
1 94 1
95 235 172
79 88 243
191 207 207
36 60 219
193 239 239
38 236 234
15 188 13
142 239 239
101 223 113
2 135 24
76 165 165
96 110 23
92 168 168
122 160 1
91 109 88
172 231 97
96 232 23
30 211 200
23 155 23
59 184 31
43 145 56
79 230 243
106 243 106
14 138 255
11 239 239
103 136 51
151 237 237
24 127 24
148 172 172
155 236 155
115 167 228
5 13 13
146 247 137
18 247 18
31 102 31
20 156 33
121 197 19
156 175 98
55 118 161
84 152 84
14 107 255
76 85 85
80 131 158
38 111 234
183 226 226
35 203 203
150 171 74
143 248 89
67 205 67
4 80 240
8 145 207
21 194 21
100 147 211
76 145 126
38 147 234
30 170 200
37 230 230
135 150 74
160 225 1
79 185 243
101 209 52
18 211 18
17 163 173
7 121 48
116 222 116
31 87 31
147 235 192
29 42 208
39 58 69
130 234 234
25 115 256
31 108 31
30 42 208
132 182 47
122 221 105
130 203 84
112 159 159
6 104 25
79 81 243
49 163 165
178 251 251
10 12 205
14 228 255
85 113 85
101 218 113
109 194 88
67 73 67
192 206 206
58 91 91
14 110 255
149 158 166
5 241 189
9 242 9
66 102 102
113 231 113
149 197 166
68 195 179
54 160 1
6 213 214
196 229 75
42 161 208
11 48 11
109 148 88
225 239 225
17 32 32
50 147 164
112 132 47
45 114 91
108 147 53
199 209 52
3 85 85
108 231 97
149 198 166
13 236 13
63 207 207
118 162 161
98 148 98
6 130 84
73 149 166
23 182 23
218 223 227
6 169 206
66 215 215
99 143 99
16 228 228
109 190 88
134 135 93
102 144 102
114 149 166
62 188 62
149 179 179
72 78 65
5 236 180
18 175 98
23 39 23
27 77 9
17 208 208
80 201 106
153 214 214
134 142 21
178 225 225
176 193 32
56 151 151
26 245 11
51 238 184
96 137 23
157 194 233
149 255 255
42 103 208
35 174 128
89 232 89
146 160 1
32 94 32
3 245 99
12 176 32
157 230 233
38 86 234
37 135 37
54 58 58
63 135 37
77 118 161
23 197 23
68 251 251
176 208 208
92 188 186
52 106 106
55 161 161
56 164 164
20 132 47
138 159 138
174 223 227
118 129 161
63 152 177
35 132 47
41 77 168
65 168 168
104 110 25
114 157 233
73 223 227
90 176 32
34 182 10
24 36 219
102 227 102
102 122 102
52 62 52
9 198 9
14 78 255
94 150 138
131 235 158
225 255 255
50 132 47
46 113 113
144 201 106
37 244 151
55 63 144
13 134 13
38 230 234
34 46 67
127 247 224
80 175 98
2 3 99
215 224 215
25 55 25
207 224 207
116 150 116
17 215 215
58 72 66
40 140 226
2 126 126
21 41 168
99 215 99
62 232 62
161 204 161
80 105 105
167 252 228
179 252 179
118 243 243
102 193 102
127 225 225
204 206 206
48 139 48
162 200 200
38 242 242
89 126 89
8 154 133
57 148 171
89 159 89
195 196 179
62 133 62
79 178 243
108 244 53
190 233 233
187 188 13
136 220 51
93 134 93
17 200 200
50 122 164
30 35 200
137 208 208
111 151 151
69 246 69
48 182 48
147 220 18
95 114 172
95 246 172
156 202 202
89 150 89
27 177 9
151 245 11
29 169 206
104 215 25
30 55 144
105 249 249
88 113 113
59 101 31
157 229 233
83 225 225
240 256 240
108 193 124
7 74 48
111 233 233
94 220 138
41 157 168
94 193 124
134 171 93
126 169 206
76 169 206
46 191 67
60 192 114
152 162 83
154 208 208
90 127 90
80 108 53
128 130 84
149 231 166
184 224 184
115 176 256
88 157 233
63 169 206
150 176 32
70 117 229
44 222 239
52 233 52
215 251 251
137 216 232
89 124 124
76 252 71
158 161 161
140 194 140
182 185 185
78 220 65
11 102 102
14 149 255
179 203 179
81 247 224
45 55 144
168 176 168
85 187 85
23 196 23
48 212 141
57 145 171
107 196 75
84 134 93
166 205 166
58 119 58
191 248 230
10 143 89
2 210 90
125 179 179
171 206 206
129 246 119
149 241 166
143 155 89
39 75 69
46 155 67
51 149 166
196 217 242
167 189 228
71 231 71
30 85 85
142 242 242
222 249 239
25 52 52
16 157 62
38 44 234
42 191 208
119 214 214
99 168 168
148 160 1
80 234 234
43 54 56
43 216 232
101 129 113
68 183 225
21 96 23
97 192 97
100 176 32
110 127 237
26 244 151
172 179 179
80 98 98
96 210 23
155 196 75
39 138 69
51 250 51
104 190 25
55 235 144
78 191 65
142 154 133
156 210 90
150 162 74
251 254 102
51 157 233
170 220 18
16 235 62
133 180 133
98 245 11
17 43 56
38 123 185
36 148 219
7 119 48
21 208 208
109 132 47
78 139 65
46 150 67
2 85 85
84 223 227
50 92 164
162 236 83
45 146 137
67 116 116
96 234 23
64 145 64
5 158 158
161 242 161
76 141 141
101 163 113
187 236 180
168 205 168
88 196 75
12 154 133
145 190 182
172 251 251
35 126 126
126 170 126
15 199 202
72 216 66
78 242 242
53 110 237
82 121 19
22 238 249
145 236 180
6 61 155
70 252 71
135 168 168
78 177 65
146 208 208
66 131 158
7 26 48
149 165 166
8 149 166
28 247 224
65 200 65
79 123 243
171 243 243
16 233 62
5 213 214
75 179 179
95 243 243
33 146 137
113 252 113
18 142 21
49 140 165
145 224 224
69 97 69
30 39 69
186 210 90
10 157 233
40 197 226
59 84 31
16 23 62
133 252 71
26 76 203
123 199 185
38 177 234
100 186 186
53 59 31
59 149 31
12 119 205
10 152 10
1 167 1
42 52 208
44 79 243
40 77 226
20 59 31
249 252 71
87 215 251
137 141 141
24 140 140
119 122 159
181 213 214
138 194 138
76 234 234
67 192 67
167 211 228
32 195 179
68 144 144
142 254 102
141 209 52
85 254 85
21 112 21
25 93 25
15 140 64
162 175 98
191 228 228
122 181 159
77 140 73
95 175 98
94 175 138
73 194 73
42 143 208
205 241 205
24 197 29
107 168 168
53 199 202
18 241 18
108 134 93
36 246 219
199 218 202
127 229 229
34 35 10
123 220 185
78 169 206
45 199 202
113 201 106
43 164 164
86 152 107
73 245 11
125 166 116
22 141 249
130 245 11
56 143 89
185 207 185
63 252 71
9 104 9
63 123 185
60 89 89
36 128 219
8 254 102
219 221 105
35 226 226
89 146 89
34 76 10
74 209 52
118 141 161
15 143 89
65 235 65
10 123 185
88 99 99
34 54 10
65 254 102
1 155 1
27 110 9
125 241 116
17 197 173
12 241 205
112 185 185
246 247 224
145 188 13
160 173 1
45 132 47
166 184 166
51 90 90
71 242 71
115 207 256
16 85 85
68 115 256
133 231 133
15 222 239
64 157 233
212 220 141
122 155 159
38 196 75
96 196 23
46 115 256
77 221 105
47 195 179
8 118 161
215 217 242
116 138 116
31 79 31
66 111 66
56 212 141
117 150 74
30 120 85
3 125 116
15 232 64
87 181 251
49 135 165
88 244 151
167 173 228
71 244 71
26 254 102
59 148 31
85 179 85
117 217 242
105 219 105
61 173 155
26 235 203
164 181 164
146 199 202
85 176 85
128 244 151
6 241 6
43 77 73
18 120 85
72 144 144
39 91 69
162 182 83
37 134 93
170 171 171
94 232 138
4 255 255
166 204 166
126 131 158
28 217 242
61 116 116
139 229 44
61 230 155
30 154 133
1 161 1
86 251 251
41 205 168
122 231 97
74 131 158
152 250 177
114 154 133
161 185 161
7 224 48
129 149 166
26 78 65
170 236 180
73 220 73
7 115 256
73 86 73
34 71 71
99 229 99
6 165 165
158 186 186
38 56 234
9 60 9
34 77 73
106 233 106
58 210 90
19 243 243
130 238 184
104 153 25
177 188 13
20 236 180
59 215 31
130 224 84
26 77 73
43 207 207
3 122 99
14 174 255
140 182 140
182 244 151
43 128 56
12 203 205
84 108 84
104 125 116
109 160 1
77 187 73
27 89 9
235 237 237
20 73 73
81 248 80
82 172 6
147 245 11
226 228 226
38 53 234
20 241 148
8 188 207
110 197 237
81 190 80
29 162 83
170 192 170
41 133 168
89 157 89
174 248 128
11 243 243
34 229 10
1 206 1
104 134 25
24 43 56
109 221 105
113 159 113
186 206 206
2 249 249
87 194 251
99 127 99
101 210 113
214 249 249
100 150 74
163 220 18
54 135 54
12 214 205
111 246 119
177 224 177
52 121 52
187 200 200
110 239 239
143 249 249
6 41 168
53 167 228
230 243 243
173 222 239
94 187 138
136 190 51
8 83 207
98 105 105
60 193 124
49 122 165
53 221 105
91 142 21
18 30 200
23 145 23
15 47 47
92 209 52
84 193 124
184 230 184
121 219 19
3 47 47
32 35 32
33 109 88
175 232 98
38 209 52
160 199 1
4 28 240
144 179 179
57 68 204
30 207 207
125 237 116
140 255 255
184 197 184
105 162 105
30 201 106
49 206 206
133 207 133
46 243 243
53 217 242
102 225 102
139 182 44
38 159 159
193 236 124
45 203 203
11 188 11
165 249 249
11 56 11
37 144 144
166 249 166
190 220 18
188 219 13
125 157 116
78 194 65
71 115 256
120 170 85
71 116 116
41 74 168
140 246 140
28 148 187
39 181 69
30 185 185
86 197 107
43 163 56
11 170 11
144 212 144
26 33 203
25 200 25
237 254 102
104 244 25
23 36 23
81 174 128
8 250 207
57 152 171
22 87 251
168 212 168
185 237 185
20 146 137
215 248 215
75 167 228
36 142 21
100 191 211
115 127 256
38 39 69
53 61 155
105 123 185
236 244 151
16 164 164
58 96 23
65 182 65
191 247 230
99 133 99
65 107 65
88 107 107
11 136 11
140 190 140
24 226 226
136 239 239
81 176 32
85 143 85
135 174 128
144 177 144
58 95 172
9 59 31
145 147 182
4 212 240
129 224 224
138 209 52
7 29 48
244 254 102
30 216 200
62 134 62
11 66 11
131 251 251
61 146 155
145 175 98
27 126 9
85 122 85
159 216 159
27 191 9
110 176 32
241 248 189
66 110 237
211 226 226
161 177 161
150 191 74
35 248 54
80 256 256
60 77 73
81 229 80
50 91 164
176 180 32
127 236 180
77 111 73
61 127 155
10 35 10
193 211 124
40 208 208
132 173 47
115 226 226
26 165 165
169 199 206
66 156 66
65 89 65
106 205 106
9 194 9
15 209 52
123 197 185
30 256 256
40 202 226
17 196 75
105 198 215
88 251 251
42 86 208
48 123 185
173 247 224
50 71 164
153 192 192
193 247 124
76 82 6
48 113 113
23 227 23
105 246 105
95 106 106
181 223 227
157 236 233
42 166 208
224 227 227
35 92 186
167 207 228
23 97 23
35 114 114
16 50 164
204 222 239
78 149 166
23 159 23
36 210 90
36 179 179
17 148 173
78 215 215
22 131 249
120 172 85
27 43 9
17 120 85
5 53 53
118 171 161
46 179 179
26 222 239
130 145 84
79 225 243
119 219 219
8 180 207
201 214 106
138 176 32
75 142 21
26 187 203
139 159 159
163 240 240
20 215 215
30 97 200
69 72 69
147 158 158
71 85 85
32 56 32
3 131 99
216 225 225
142 169 206
133 161 161
75 97 97
97 252 71
172 223 227
175 224 98
6 46 67
30 111 200
2 115 256
152 243 243
53 248 53
26 100 211
82 197 6
12 52 52
110 200 237
32 117 32
217 245 242
76 108 53
6 79 243
79 218 243
159 236 159
21 229 21
22 178 249
57 60 171
86 169 206
23 225 225
146 178 137
70 197 29
2 134 93
114 150 74
32 138 32
115 135 256
65 216 65
14 91 255
153 167 228
83 217 242
185 220 185
174 175 98
151 177 151
63 182 182
15 172 64
67 252 71
5 162 83
39 94 69
145 189 189
91 243 243
71 80 71
134 252 71
118 155 161
45 109 88
8 28 207
121 184 184
133 183 225
146 190 137
15 196 64
109 233 233
31 118 31
191 210 90
58 223 227
74 256 256
54 183 225
28 190 187
15 213 214
194 195 179
15 84 64
67 242 67
113 115 113
114 134 93
152 254 102
9 209 52
120 223 85
25 72 25
176 220 32
81 108 53
7 46 67
116 168 116
172 199 202
57 180 171
175 192 98
104 205 25
186 200 186
193 217 242
18 85 85
4 204 240
38 54 234
31 227 31
96 207 23
60 196 75
141 210 141
156 229 33
23 32 32
91 195 179
147 162 83
139 158 158
152 175 98
39 101 113
98 106 106
77 195 179
76 157 233
60 113 113
106 182 106
241 252 71
118 197 161
196 231 97
108 197 53
142 196 21
73 99 99
58 191 230
224 234 234
166 168 168
13 57 13
68 116 116
148 162 83
81 179 179
158 241 158
140 237 237
20 210 90
86 95 107
81 110 237
141 240 240
201 250 106
89 218 89
48 83 48
133 238 133
106 251 106
238 254 102
17 223 227
73 160 1
8 20 207
206 221 206
58 232 232
16 92 62
59 94 31
58 178 58
15 174 64
154 179 179
24 86 107
170 243 243
10 46 67
1 4 1
20 196 75
178 244 151
103 163 218
27 196 9
63 167 228
23 71 71
88 162 83
19 103 218
39 226 226
60 201 106
69 135 69
198 231 215
172 217 242
81 163 80
21 24 21
63 181 37
48 203 48
103 188 13
56 176 32
37 128 128
8 152 207
94 98 138
134 145 93
51 138 138
60 174 128
100 129 211
81 121 19
40 115 226
5 15 64
192 227 227
210 219 90
150 217 242
5 128 128
78 172 65
143 193 124
50 118 164
53 176 32
39 171 69
86 91 107
55 162 144
195 201 179
157 173 233
120 237 85
21 176 32
189 203 203
112 234 234
116 190 116
14 93 255
19 199 202
120 121 85
70 105 105
13 245 11
51 76 51
21 110 237
196 250 75
35 143 89
14 47 255
56 239 239
168 188 168
24 182 182
132 167 47
154 220 133
48 121 48
94 158 138
61 255 255
102 213 102
196 237 237
128 154 133
154 163 133
153 198 215
130 156 84
46 87 251
23 241 23
167 247 228
26 34 10
34 121 10
76 118 161
112 134 93
197 244 151
94 153 138
103 130 218
144 216 144
236 237 237
54 126 126
111 122 159
84 118 161
171 203 171
110 131 237
50 243 164
30 251 251
60 230 230
173 198 215
6 178 6
115 151 256
77 95 73
39 76 69
4 230 240
62 85 85
191 223 227
109 188 13
139 246 44
27 216 9
95 247 224
54 157 233
24 236 180
196 198 215
22 172 249
156 185 185
20 219 219
82 246 6
100 125 116
136 150 74
74 223 74
31 128 31
124 251 251
175 210 90
128 162 83
96 235 23
64 188 13
5 17 173
126 245 11
67 193 67
18 210 90
47 171 47
234 255 255
62 78 62
91 185 185
27 99 9
66 218 66
141 160 1
41 101 168
57 119 171
35 47 47
153 164 164
53 222 239
123 129 185
68 132 47
25 103 25
42 205 208
143 182 89
177 183 225
4 206 240
94 240 240
172 194 172
187 210 90
133 201 106
58 189 58
120 147 85
143 208 208
215 227 215
34 188 13
169 255 255
38 125 116
135 241 189
24 178 58
49 73 165
49 204 204
150 235 74
61 180 155
48 215 215
97 145 97
76 192 126
89 239 239
200 256 256
108 179 179
29 205 205
78 203 65
185 219 185
2 43 56
111 231 97
196 230 75
128 168 168
156 220 18
85 190 85
28 65 65
193 219 124
31 132 31
161 201 106
86 100 211
153 177 177
51 193 124
23 175 23
70 103 218
55 221 144
57 238 184
80 94 138
27 203 9
235 248 54
71 136 71
155 162 83
75 150 74
172 209 52
11 245 11
5 120 85
86 229 107
29 45 91
22 177 249
46 142 67
77 196 75
172 241 172
77 100 73
79 148 243
12 126 205
56 203 56
6 256 256
245 251 251
238 241 184
53 73 73
103 147 218
38 217 242
74 126 74
55 207 144
43 161 161
102 106 106
85 102 85
118 203 161
24 146 137
98 210 90
184 200 200
76 100 211
94 186 138
203 252 71
25 53 25
4 227 240
68 244 204
53 131 158
143 244 89
55 83 144
131 162 158
94 136 138
5 255 255
69 116 116
174 210 90
91 216 232
123 214 185
49 51 165
22 190 249
33 71 71
15 21 21
142 203 21
3 178 99
144 150 144
168 235 168
39 153 69
118 173 161
42 213 208
122 156 159
10 44 10
47 221 47
116 176 116
112 183 225
100 103 218
82 207 207
189 244 151
20 86 107
92 236 186
82 114 6
83 109 83
28 91 187
87 111 251
122 177 159
103 210 90
52 174 52
215 238 215
107 166 166
133 213 133
175 248 98
7 108 48
16 193 62
100 224 211
116 254 116
130 240 240
121 209 52
138 245 11
135 231 97
77 215 215
23 78 23
8 10 207
56 157 233
212 216 141
123 244 185
186 189 186
15 195 179
194 242 242
89 140 89
43 236 180
210 247 90
180 213 214
55 198 144
154 174 133
54 92 186
43 64 64
75 131 158
146 172 137
8 168 168
28 243 243
72 235 66
64 230 64
80 174 128
94 108 138
41 155 168
38 211 234
67 191 67
73 165 165
17 89 89
49 117 165
79 146 243
34 170 10
58 109 88
122 128 159
43 249 249
99 129 99
42 48 208
144 192 144
191 204 204
57 140 171
15 243 243
184 220 184
113 164 164
38 244 234
31 230 31
108 229 53
53 235 53
11 115 256
19 112 19
11 13 11
39 166 166
49 175 165
2 45 91
7 190 48
46 186 67
65 239 239
143 231 89
110 217 242
167 179 179
223 241 227
110 193 124
77 148 73
49 210 165
101 197 113
5 96 23
41 106 106
26 62 62
136 206 206
93 245 11
26 136 51
76 91 91
8 222 239
157 227 233
162 218 83
162 185 185
22 191 249
120 254 85
82 89 89
2 57 171
8 157 207
95 174 172
24 186 186
23 233 23
77 172 73
99 214 99
167 175 228
138 184 138
69 143 69
32 204 32
18 148 18
28 229 187
61 242 242
12 165 205
62 120 85
62 199 62
12 127 205
17 50 164
46 138 67
177 241 177
69 237 69
23 217 242
18 136 51
81 241 80
69 77 69
206 242 206
29 236 180
183 230 225
20 160 1
15 256 256
226 248 226
24 173 173
192 222 239
177 199 202
169 236 206
74 128 74
7 128 48
124 202 124
183 223 225
125 186 116
89 217 242
126 188 13
203 208 208
150 199 202
41 254 102
179 215 179
113 243 243
92 127 186
1 181 1
146 207 207
116 141 116
5 24 24
17 76 173
156 252 71
39 103 69
32 113 113
66 69 69
35 179 179
53 111 53
23 27 9
26 94 138
199 251 251
21 81 21
148 214 214
104 166 25
135 197 29
53 215 215
9 31 31
88 205 205
90 150 90
67 243 243
247 256 256
162 245 11
81 250 140
191 208 208
106 196 106
10 153 10
124 214 124
147 188 13
12 104 25
71 145 71
91 191 230
166 186 166
23 250 23
12 148 205
90 161 161
178 220 18
88 139 44
35 146 137
104 127 25
230 235 230
55 132 47
32 64 32
114 123 185
174 229 128
22 53 249
58 250 140
120 203 85
57 246 171
140 226 226
91 176 32
54 221 105
188 222 239
145 245 11
112 223 227
18 80 18
171 184 184
84 89 89
36 144 144
25 88 25
222 227 239
94 254 102
54 178 58
65 67 67
166 237 166
66 238 66
130 163 84
163 252 71
17 28 173
70 126 126
19 91 19
42 255 255
168 202 168
20 152 177
132 149 47
155 214 214
82 149 166
189 246 119
102 217 102
26 53 53
53 68 204
75 172 75
100 189 211
63 129 170
53 99 99
25 107 25
165 243 243
134 137 93
77 79 243
208 240 208
9 113 9
124 153 124
210 216 90
133 234 133
25 168 168
11 90 11
24 40 226
157 180 233
82 135 6
161 164 164
168 256 168
121 247 19
26 153 203
107 221 105
224 248 224
65 226 226
217 223 242
23 174 23
59 72 31
153 240 240
3 84 99
165 194 165
23 247 23
47 144 47
236 248 180
50 158 164
142 218 21
13 78 65
120 123 85
22 41 168
130 138 138
57 187 171
98 171 98
92 110 237
16 93 62
162 205 205
30 175 200
4 180 240
110 118 161
46 164 164
195 228 179
153 176 32
22 242 242
204 220 204
18 88 18
10 188 13
73 141 141
182 209 52
164 208 208
125 234 116
76 81 126
17 139 44
130 209 52
69 188 69
89 214 89
52 198 52
4 157 240
120 125 85
33 223 227
14 157 255
167 225 228
116 169 116
42 74 208
77 83 83
64 170 64
14 205 255
89 215 215
129 220 18
7 161 161
22 23 249
6 107 107
122 191 159
35 110 237
36 153 219
82 223 227
125 145 116
13 244 13
16 215 62
62 240 240
27 146 9
143 207 89
32 98 32
7 192 48
12 74 205
97 146 97
8 102 102
97 230 97
80 254 102
154 244 133
45 235 91
3 109 99
192 245 11
32 182 32
13 132 47
99 224 99
221 235 105
28 216 232
27 174 9
87 212 251
226 233 226
18 208 208
35 46 67
59 77 31
87 180 251
1 106 1
93 142 21
171 226 226
120 154 85
90 142 90
141 146 141
42 199 208
99 148 99
49 173 165
38 140 234
2 80 80
77 238 184
10 216 232
109 113 113
123 139 185
25 183 225
80 159 159
157 219 233
7 66 48
22 157 249
3 197 99
96 107 23
6 195 179
112 215 215
107 143 89
174 225 225
88 185 185
130 219 84
36 190 219
134 233 233
143 191 89
79 86 243
68 165 204
55 142 144
118 202 161
58 126 58
183 240 240
109 229 88
145 152 177
82 209 52
2 198 215
42 84 208
175 234 98
158 160 1
3 145 99
95 255 255
58 118 161
135 173 173
76 181 126
22 86 249
109 174 88
12 54 205
4 79 240
60 109 88
31 52 31
177 219 219
34 100 10
3 237 99
112 256 256
141 175 141
181 238 184
203 220 18
23 207 23
167 198 228
78 159 65
15 139 64
124 160 1
124 157 124
46 110 67
152 174 177
120 158 85
67 122 67
69 155 69
148 175 98
61 153 155
5 27 9
34 246 10
17 127 173
38 61 234
30 93 200
25 221 25
4 96 240
43 221 105
118 133 161
16 19 62
91 170 91
44 133 133
36 122 159
53 232 232
146 148 137
32 242 242
33 232 232
179 212 179
207 245 11
40 245 226
142 189 21
26 48 48
98 107 98
203 233 233
176 188 32
75 124 124
27 88 9
196 223 227
36 242 242
42 134 208
111 185 185
8 137 207
47 161 47
58 122 159
198 252 71
39 70 69
45 155 155
14 155 255
33 171 171
105 203 105
2 132 47
8 47 47
137 245 11
204 242 242
20 95 172
93 123 185
51 232 51
136 138 138
49 167 228
87 166 251
127 212 141
57 229 171
37 56 56
33 245 11
144 154 144
22 110 249
27 47 47
55 186 144
14 126 255
211 218 218
14 132 255
67 96 67
144 165 144
28 191 230
155 190 155
1 92 1
2 236 180
66 184 66
24 210 90
117 193 124
29 92 186
122 182 159
95 103 218
88 104 25
22 125 116
29 136 51
176 219 32
223 247 227
163 221 105
123 173 185
146 227 227
144 168 168
4 95 240
245 250 11
50 255 255
183 255 255
151 227 227
33 213 214
36 51 51
32 179 179
47 127 47
90 159 90
46 86 67
43 238 184
52 59 31
141 164 164
102 201 106
206 220 206
56 209 52
8 39 69
106 121 106
202 255 255
33 129 33
105 215 215
31 185 31
231 234 97
53 122 159
6 30 200
4 88 240
193 206 206
207 246 207
3 17 99
115 236 256
27 224 9
10 181 10
69 150 69
35 122 159
21 82 21
186 241 186
88 238 184
131 233 158
121 160 1
45 220 18
48 89 89
121 140 19
72 224 66
83 143 89
84 251 251
33 160 1
167 251 251
18 145 18
141 249 249
55 71 71
101 186 113
203 230 230
203 247 224
2 152 177
9 235 9
96 197 23
11 169 206
56 229 56
149 224 166
6 156 6
148 248 148
45 182 91
117 236 180
99 185 185
124 188 124
20 230 230
116 195 179
17 94 138
165 237 165
35 233 233
81 251 251
120 137 85
143 152 89
8 85 85
29 49 165
111 142 21
40 240 240
212 239 239
77 222 239
113 240 240
154 232 133
211 242 242
12 33 205
78 162 65
31 177 31
145 174 128
58 252 71
47 239 47
152 231 97
36 244 151
25 68 25
156 194 33
84 221 105
134 224 93
48 184 48
7 87 251
57 203 171
121 255 255
177 197 177
85 211 85
8 34 207
38 113 113
28 61 155
31 113 31
33 175 98
140 166 166
80 140 140
164 175 164
66 203 66
61 84 155
127 252 71
178 183 225
217 237 242
210 222 239
159 205 205
132 196 47
34 252 71
2 107 107
94 178 138
70 206 206
12 249 249
92 218 186
56 59 31
197 245 11
2 64 64
12 244 205
30 156 200
147 156 33
191 198 215
175 190 98
108 124 124
134 208 208
81 115 256
61 163 155
106 236 106
61 160 1
87 190 251
243 256 243
45 133 133
175 196 98
123 208 208
17 175 98
78 201 106
86 187 107
67 134 67
115 153 256
125 128 116
47 251 47
11 46 67
97 188 13
104 220 25
45 60 91
116 239 116
4 145 240
25 224 25
22 159 249
135 201 106
62 207 62
139 214 214
27 34 9
55 101 113
95 190 172
34 187 10
69 158 69
62 99 62
71 148 71
51 77 51
115 206 256
1 198 1
41 222 168
107 216 232
162 191 83
75 78 65
142 161 161
79 246 243
182 227 227
42 120 85
53 141 141
90 178 90
25 29 25
154 206 206
86 236 107
194 222 239
129 147 170
7 149 166
70 162 83
45 119 91
64 159 64
27 255 255
40 136 226
22 181 249
135 224 224
192 212 141
107 167 228
141 242 242
188 199 202
27 50 164
68 214 204
221 223 105
139 205 205
7 52 52
18 234 234
78 134 65
91 249 249
118 214 161
29 189 29
21 125 116
89 177 89
103 161 161
76 214 214
118 125 116
62 83 62
67 112 67
2 141 141
148 149 166
227 255 255
144 157 144
160 250 1
92 114 186
34 251 251
191 245 11
2 206 206
41 146 168
33 250 140
90 209 52
132 236 47
102 231 102
82 198 215
127 197 29
77 183 225
27 109 9
105 160 1
125 174 116
4 116 116
41 105 168
10 14 255
16 114 62
16 127 62
49 62 62
147 247 224
55 160 1
146 254 102
110 222 239
110 225 225
123 158 185
29 73 73
88 153 88
114 130 84
35 103 218
174 228 228
136 233 233
112 165 165
34 107 10
157 189 233
101 156 113
40 141 226
79 204 243
3 132 47
149 155 166
14 162 255
2 65 65
79 245 243
50 179 179
27 190 9
65 133 133
114 203 203
15 95 64
18 198 215
126 187 187
82 188 13
1 228 1
15 44 64
75 175 98
122 125 116
162 168 168
31 78 31
53 98 98
133 141 141
94 117 138
20 161 161
207 233 207
222 226 226
218 238 184
109 208 208
31 105 31
50 90 164
66 211 66
63 197 29
18 133 133
75 83 83
33 173 173
210 236 90
86 112 107
12 20 205
86 244 151
4 186 240
30 91 200
91 158 158
56 187 56
72 241 66
23 193 23
148 247 224
103 139 218
49 165 165
87 142 251
80 249 249
28 207 207
50 53 164
21 204 204
61 114 155
100 231 97
63 150 74
72 74 66
161 214 161
125 194 116
211 212 141
122 135 159
28 139 44
48 214 48
182 222 239
38 173 234
119 212 141
56 107 107
82 221 105
4 138 240
50 70 164
118 201 106
147 222 239
76 185 185
79 83 243
228 251 251
29 89 89
63 210 90
96 158 23
29 210 90
52 117 52
194 236 180
58 161 161
154 241 133
131 183 225
144 171 144
64 177 64
94 182 138
51 131 158
199 208 208
135 245 11
41 121 168
230 249 249
54 191 230
76 245 11
118 255 255
1 170 1
68 102 102
2 167 228
108 234 234
73 164 164
166 176 166
28 230 230
52 220 52
1 87 1
1 46 1
122 195 179
198 200 215
74 88 74
217 252 71
47 122 47
136 254 102
62 143 62
96 133 23
93 168 168
106 248 106
147 180 180
38 132 47
1 166 1
27 178 9
228 246 228
91 237 237
177 231 97
35 76 126
135 212 141
58 134 93
209 225 52
109 119 88
95 112 172
19 168 168
92 145 186
39 200 69
125 172 116
19 150 74
92 134 186
42 154 208
16 86 62
26 106 106
169 202 206
122 150 74
55 157 144
154 192 133
82 232 232
132 165 47
94 190 138
17 53 53
130 217 242
99 194 99
161 176 161
47 255 255
80 191 230
68 103 204
80 149 166
131 200 158
93 167 228
212 235 141
94 170 138
93 175 98
63 214 214
70 121 19
163 183 225
58 197 58
44 57 171
61 170 155
81 117 80
51 128 51
9 206 9
92 140 186
24 27 9
84 120 85
27 251 9
44 149 166
43 91 56
101 208 208
218 219 218
108 223 227
132 255 255
49 53 165
139 250 44
127 222 239
76 178 58
217 240 240
23 144 144
50 167 164
196 246 75
119 191 230
98 144 144
62 139 62
34 114 10
142 155 21
7 213 48
165 252 71
99 190 99
56 225 225
78 189 65
95 111 172
116 134 116
10 91 10
212 233 141
103 235 218
228 255 255
12 17 205
10 197 10
96 241 23
18 152 18
98 161 161
135 216 232
229 254 102
222 251 251
44 238 184
26 86 107
113 254 102
144 151 144
40 171 226
140 238 184
14 247 255
62 137 62
46 159 67
156 247 224
5 203 203
48 57 48
120 207 85
37 252 71
86 140 107
205 207 205
24 215 215
122 197 159
12 81 205
28 233 233
189 245 11
150 246 74
66 176 32
47 139 47
32 104 25
221 256 256
159 229 159
34 122 159
101 139 113
195 221 179
76 94 138
12 99 99
57 161 161
1 121 1
100 117 211
145 160 1
177 200 200
59 199 31
44 46 67
20 225 225
105 205 205
211 240 240
216 239 239
5 225 225
34 91 10
93 215 215
177 220 18
79 209 52
128 136 51
59 95 31
200 252 71
151 238 184
25 130 25
180 209 52
187 204 204
101 234 113
57 211 171
53 173 53
44 99 99
106 143 106
169 173 206
95 145 172
161 220 161
17 165 165
50 82 164
3 159 99
2 108 53
91 239 239
168 230 168
41 151 168
111 146 137
94 213 138
130 246 84
4 44 240
75 92 186
151 190 151
70 129 170
11 155 11
79 192 243
130 250 84
182 245 11
178 217 242
106 177 106
138 179 179
25 166 25
73 242 242
206 225 225
153 178 58
123 229 185
124 232 124
33 152 177
59 138 31
81 192 80
49 54 165
35 196 75
113 225 113
44 122 159
24 196 75
32 180 32
107 115 256
172 183 225
38 41 168
128 165 165
37 235 37
209 239 52
2 205 205
16 84 62
91 132 47
90 254 102
20 235 148
46 143 67
1 189 1
32 112 32
7 209 52
26 36 219
75 146 75
62 130 62
70 156 33
95 139 44
5 139 44
71 125 116
56 139 44
33 36 219
80 136 51
138 227 138
90 237 90
4 8 240
15 109 64
190 236 180
31 220 31
40 211 226
191 254 102
178 199 202
56 174 56
29 54 29
83 156 83
58 148 58
45 142 21
222 235 239
170 230 230
104 247 25
20 128 128
28 186 186
23 57 23
159 182 159
13 242 242
27 44 9
134 221 105
117 196 75
99 227 99
107 212 141
62 151 62
63 230 230
42 200 208
63 175 98
16 178 62
86 131 158
65 198 215
54 121 19
150 157 74
104 245 25
199 213 202
63 139 44
210 239 239
17 122 159
150 159 74
69 205 69
63 244 151
114 215 215
116 215 116
67 211 67
235 242 242
89 171 89
169 208 208
105 186 105
2 240 240
40 249 226
12 150 205
236 250 180
171 205 205
97 101 113
88 126 88
106 223 106
143 165 165
155 204 204
84 250 84
189 237 237
52 149 52
133 188 133
41 243 243
163 197 29
132 247 47
66 136 66
12 94 205
81 112 80
17 162 83
82 129 6
187 235 187
75 246 75
27 209 52
7 206 206
4 197 240
34 84 84
133 239 239
67 227 67
204 231 204
16 78 62
144 195 179
195 199 179
186 245 11
117 140 140
81 191 230
8 38 207
57 189 171
131 181 158
90 252 71
100 246 211
99 200 99
91 199 202
89 193 124
7 197 48
17 213 214
21 87 251
25 81 25
138 238 138
134 207 207
104 132 47
208 254 208
175 238 98
37 243 243
53 74 74
75 102 102
24 117 229
15 26 64
39 102 102
118 135 161
158 164 164
23 73 23
142 240 240
30 58 200
78 181 65
28 70 187
118 254 102
8 76 207
50 102 102
126 130 84
106 245 106
212 218 141
63 132 47
4 226 240
9 11 9
102 234 102
133 205 133
48 249 249
160 168 1
26 119 203
14 94 255
70 196 75
125 246 116
39 106 106
231 236 97
61 131 158
165 182 165
167 228 228
92 256 256
225 243 243
39 104 25
38 225 225
38 138 138
5 127 127
35 255 255
36 189 219
116 225 116
29 221 105
8 100 207
189 208 208
58 146 137
56 199 202
68 97 204
110 133 133
31 251 31
11 256 256
21 117 21
134 203 93
68 162 204
11 238 11
33 72 66
33 100 211
39 78 69
134 206 206
37 139 44
218 224 218
143 209 52
53 169 206
112 172 172
77 194 73
93 235 93
114 210 90
73 252 71
35 209 52
231 256 256
75 182 75
178 203 203
113 154 113
15 86 64
152 201 106
44 157 233
186 220 186
76 128 128
75 169 206
196 215 215
130 232 232
142 170 21
31 45 31
66 247 66
43 113 113
130 211 84
208 237 208
127 139 44
209 233 52
158 213 158
166 252 71
15 218 64
16 244 62
110 229 237
164 198 164
15 23 23
34 119 10
43 244 151
107 158 158
175 201 106
82 160 1
17 103 218
70 201 106
39 244 69
80 123 185
11 195 179
57 167 228
94 244 138
43 158 158
173 220 18
27 85 85
106 185 106
30 133 133
246 255 255
108 114 53
181 183 225
32 119 32
20 78 65
34 216 232
220 241 18
188 236 13
63 116 116
39 140 69
17 249 249
112 122 159
92 105 105
92 224 186
45 221 105
66 76 66
150 232 74
27 212 9
102 104 102
127 167 228
12 78 205
201 240 106
14 254 255
16 22 62
202 247 202
137 170 137
126 217 242
202 207 202
103 218 218
78 116 116
12 239 239
7 70 48
3 149 166
7 218 48
109 202 202
47 93 47
91 223 227
82 143 89
132 213 47
160 229 1
52 228 52
133 166 166
81 160 1
55 111 144
35 121 19
105 243 243
27 97 9
12 240 240
44 89 89
84 216 232
95 221 105
39 72 69
22 74 249
17 225 225
13 120 85
25 155 25
62 107 62
58 164 164
4 142 240
7 251 251
120 218 85
80 129 80
55 224 144
20 120 85
72 209 52
116 243 116
68 153 204
95 194 172
105 200 105
85 191 85
23 239 239
54 95 172
88 98 98
60 64 64
163 254 102
98 156 98
159 199 202
4 234 240
78 148 65
84 196 75
15 104 25
79 232 243
76 233 233
76 190 126
1 41 1
124 195 179
154 156 133
78 166 166
126 175 98
30 190 200
99 141 99
53 194 53
134 243 243
134 161 161
221 255 255
171 238 184
23 25 25
134 163 93
77 173 73
51 198 215
32 99 99
82 148 6
103 110 237
80 111 80
232 233 233
231 243 243
146 246 137
42 114 208
7 79 243
80 143 89
16 119 62
69 70 69
153 218 218
133 219 133
24 169 206
104 255 255
16 172 62
104 112 25
131 159 158
106 131 106
30 199 202
96 230 23
144 240 240
86 147 107
28 100 211
105 144 144
176 189 32
62 110 62
119 227 227
41 115 168
34 175 98
108 222 239
33 104 25
66 160 1
125 236 116
5 174 128
1 27 1
11 180 11
35 191 230
121 174 19
56 94 138
208 215 208
112 164 164
10 134 93
44 86 107
107 161 161
82 222 239
55 175 144
113 222 113
63 108 53
60 194 114
45 144 144
193 237 124
169 207 206
50 213 164
159 225 225
94 236 138
59 127 31
77 139 73
75 237 237
194 226 226
11 218 11
240 251 240
114 222 239
4 238 240
194 208 208
111 163 111
70 189 189
36 164 164
4 97 240
103 126 218
53 166 166
20 197 29
12 123 185
49 120 85
177 201 106
79 131 243
153 162 83
11 65 11
141 251 251
169 215 206
244 245 11
143 256 256
169 197 206
198 243 243
36 150 74
49 142 165
213 214 214
130 193 124
122 194 159
58 108 53
57 65 65
42 150 208
177 182 177
9 32 9
27 42 208
20 39 69
202 250 202
47 74 47
97 197 97
123 187 185
174 240 240
117 183 225
19 64 64
158 171 158
51 79 243
150 212 141
137 191 137
217 235 242
2 20 148
83 186 186
3 110 99
102 161 102
62 146 62
14 243 255
32 96 32
132 244 47
125 202 116
6 12 205
79 162 243
100 143 89
51 234 51
12 42 208
95 122 159
122 210 90
65 113 113
63 196 75
128 207 207
220 229 18
108 126 53
53 184 184
55 200 144
3 250 99
63 142 21
204 215 215
172 238 184
16 225 62
80 250 140
163 207 207
196 236 75
220 221 105
104 128 25
55 140 144
87 240 240
106 151 106
70 192 192
43 241 56
211 213 214
175 189 98
44 77 73
154 203 133
47 146 47
11 32 32
64 201 106
36 119 219
1 244 1
2 28 187
7 238 48
142 246 21
123 227 185
59 63 31
200 240 240
99 121 99
74 255 255
34 109 10
57 162 83
116 182 116
29 109 88
5 39 69
26 155 155
6 202 202
31 76 31
19 92 186
237 239 239
44 244 151
57 212 141
56 213 214
75 252 71
109 215 215
41 90 168
149 242 166
83 148 83
90 137 90
16 155 62
81 129 80
140 215 215
82 126 6
59 173 31
22 51 249
30 147 200
105 168 168
57 157 233
43 58 56
92 181 186
32 75 32
208 212 208
95 192 172
46 160 1
21 35 21
102 149 102
31 49 31
137 162 83
9 193 9
125 209 116
189 250 140
157 176 32
69 197 69
19 39 69
47 167 47
43 138 138
191 231 97
110 120 85
13 198 215
22 231 249
30 168 168
54 97 97
7 75 48
83 144 144
55 106 106
94 106 106
41 46 168
71 235 71
11 69 11
130 185 185
104 238 25
61 128 155
42 236 208
57 93 93
197 206 206
25 69 25
132 216 47
52 223 52
25 214 25
34 80 10
81 127 80
88 199 202
63 136 51
48 91 48
10 75 75
114 245 11
67 166 166
7 71 71
34 156 10
1 201 1
61 236 155
78 101 113
13 119 13
95 98 98
113 205 113
142 245 11
154 212 141
67 248 67
121 175 98
79 106 106
176 218 32
150 195 179
199 228 228
135 220 18
139 180 44
127 130 84
20 137 137
16 35 62
60 183 225
156 178 33
32 224 32
56 240 240
136 153 51
37 149 166
101 115 113
62 205 62
32 235 32
115 152 256
117 214 214
95 196 75
63 237 237
121 186 186
150 224 74
133 167 228
19 94 138
36 252 71
82 103 218
105 116 116
112 168 168
186 233 186
148 241 148
142 144 144
136 147 51
70 222 239
8 105 105
33 96 23
87 188 251
179 186 179
52 119 52
178 247 224
119 205 205
87 229 251
101 250 113
173 209 52
116 187 116
104 138 25
8 231 207
97 177 97
52 185 52
55 214 144
29 212 141
5 19 19
55 146 144
115 168 168
51 251 251
113 114 113
6 38 234
9 37 9
208 222 208
220 250 18
80 214 214
179 204 179
32 218 32
72 132 47
190 249 249
38 100 234
4 182 240
93 234 93
159 252 71
19 160 1
118 232 161
70 153 70
34 158 158
102 181 102
96 116 116
56 72 66
24 145 182
130 216 232
193 196 124
122 188 13
45 129 91
122 161 161
81 166 166
196 235 75
80 247 224
209 213 52
103 150 74
176 243 243
99 201 106
1 138 1
190 194 70
47 243 47
55 131 144
119 183 225
95 239 239
47 61 47
45 225 225
219 245 11
12 45 205
212 250 141
180 202 202
38 246 234
47 240 47
197 246 119
222 243 243
77 254 102
30 71 71
98 104 25
147 209 52
19 154 133
80 170 80
71 97 71
13 58 13
59 240 31
24 213 214
201 246 106
7 241 48
183 204 225
45 227 227
19 176 32
4 251 240
233 252 71
143 219 89
9 71 9
170 187 187
21 143 89
93 136 51
61 186 186
62 222 62
25 149 25
21 115 256
92 187 186
70 154 133
108 256 256
104 182 25
154 191 133
129 167 228
220 236 18
71 79 243
22 72 249
59 254 31
87 242 251
89 148 89
114 152 177
162 226 226
172 205 205
39 48 69
98 103 98
165 210 165
1 148 1
42 138 208
49 231 165
61 95 155
22 28 249
182 247 224
172 214 214
11 214 11
4 216 240
229 247 224
152 169 206
1 220 1
172 250 140
80 99 99
17 169 206
7 214 48
56 131 158
200 243 243
100 200 200
228 248 228
54 125 116
134 155 93
59 162 31
154 210 133
38 143 89
135 211 211
164 232 164
57 158 158
51 169 206
81 139 44
187 213 214
85 244 85
52 134 52
81 111 80
15 157 233
5 248 54
16 161 62
133 237 133
184 234 184
173 245 11
41 107 168
56 242 242
11 14 255
70 175 98
32 160 1
70 213 214
71 99 71
189 223 227
137 174 137
7 55 144
79 212 243
62 154 62
160 166 1
1 195 1
144 235 144
28 199 202
151 208 208
90 154 133
138 195 179
41 158 168
45 51 51
57 132 47
68 191 204
2 72 66
187 209 52
187 195 179
30 176 32
11 198 215
190 256 256
72 194 66
84 131 158
67 210 67
50 168 164
47 133 47
123 137 185
50 236 164
34 168 168
191 218 218
90 205 205
189 216 232
96 164 164
182 200 200
17 34 10
17 93 93
206 214 206
204 225 225
235 238 184
116 202 116
32 70 32
76 90 90
125 170 116
74 217 242
91 250 140
116 217 116
96 252 71
36 217 242
53 102 102
45 111 91
75 176 32
156 184 184
28 32 32
176 254 102
10 254 102
150 152 74
81 246 119
81 196 75
209 255 255
61 73 155
90 211 90
143 177 89
119 192 119
137 185 185
143 162 89
131 169 206
46 204 67
51 188 13
184 255 255
96 127 23
124 144 144
124 171 124
50 65 164
6 160 1
43 143 89
55 70 144
103 191 218
134 153 93
108 148 53
5 245 11
117 148 148
12 227 205
81 219 219
107 130 84
75 148 75
185 206 206
6 76 6
36 212 141
80 184 184
43 162 83
39 194 69
59 170 31
130 178 84
37 91 91
22 48 249
102 153 102
55 94 144
17 209 52
69 241 69
79 231 243
15 205 205
38 91 234
161 234 161
60 189 189
208 209 208
76 208 208
80 150 74
60 223 227
62 132 47
71 248 71
121 203 19
39 81 69
102 219 102
6 246 6
42 142 208
3 222 239
53 155 155
46 203 67
21 100 21
10 237 237
121 154 133
7 28 48
71 206 71
56 243 243
61 156 155
9 155 9
43 46 67
24 72 66
181 249 249
85 158 85
156 226 226
28 114 187
138 196 138
195 255 255
131 245 11
180 241 180
149 240 240
5 45 91
173 212 141
16 179 179
17 35 173
19 254 102
45 57 171
96 244 23
28 142 21
76 231 97
64 215 215
104 175 25
28 222 239
27 111 9
139 169 206
197 221 105
12 133 133
34 97 97
59 251 31
45 217 242
17 109 173
74 216 74
213 217 242
46 68 67
201 204 106
9 85 85
42 219 208
4 40 240
136 174 51
46 190 67
26 252 71
86 227 227
4 210 240
136 252 71
3 156 99
8 186 186
90 227 90
138 198 215
12 41 168
109 136 51
141 206 206
144 217 242
124 186 124
193 250 124
175 215 215
35 136 51
22 65 249
173 249 249
52 101 52
126 233 233
148 251 251
10 231 97
7 157 48
63 115 256
43 146 137
173 189 173
44 66 66
57 176 32
1 214 1
128 239 239
104 193 25
122 154 133
28 34 10
110 206 206
153 246 119
4 229 240
30 34 200
29 227 227
77 121 73
143 242 242
134 173 93
102 147 102
79 227 243
10 159 159
83 243 243
199 234 202
62 102 102
123 172 185
127 157 233
197 238 184
18 82 18
6 69 69
27 147 9
162 227 83
155 213 214
94 216 138
2 227 227
142 233 21
147 198 215
36 154 133
29 238 184
134 244 93
7 30 48
65 231 65
14 235 255
24 233 233
54 100 211
66 208 208
115 211 256
72 238 66
146 202 202
162 209 52
156 209 52
29 225 225
12 187 205
39 252 71
12 179 179
55 80 144
13 150 13
120 165 85
6 134 93
2 13 13
128 190 128
139 191 44
98 178 98
54 82 6
100 241 211
218 233 233
37 152 177
26 52 52
109 126 88
15 100 64
191 201 106
57 208 208
225 252 225
60 124 124
84 100 84
210 215 215
51 81 51
79 241 243
188 230 13
101 247 113
56 104 25
72 126 66
90 121 90
205 220 205
9 89 9
30 145 200
47 207 47
30 54 200
26 157 233
23 139 23
149 237 166
15 181 64
43 61 155
8 167 228
23 124 23
7 114 48
180 220 18
48 150 48
241 247 224
123 155 185
232 238 184
86 175 98
119 254 102
131 198 215
89 99 99
68 229 204
97 215 215
136 245 11
28 245 11
115 196 256
24 243 243
102 251 102
20 76 126
168 170 168
118 152 161
136 159 51
57 100 171
193 224 124
157 199 202
91 131 158
168 243 243
133 176 32
58 76 58
116 230 116
117 156 33
108 170 53
17 113 113
10 250 10
75 193 124
112 204 204
92 111 186
113 118 113
43 252 71
57 96 23
119 203 203
10 115 256
70 145 182
16 67 62
124 134 124
185 251 251
71 179 179
158 162 158
238 246 184
161 232 161
58 251 251
99 187 99
117 122 159
151 236 151
42 159 208
178 189 58
80 179 179
129 216 232
135 139 44
149 221 166
226 255 255
65 91 65
132 208 47
107 121 19
146 164 164
41 129 168
209 237 52
79 163 243
76 171 171
150 244 74
160 224 1
4 191 240
53 174 53
112 139 44
219 226 226
94 95 138
85 226 85
143 148 89
82 216 232
25 27 9
38 192 234
49 71 71
65 73 65
15 145 64
111 218 218
74 104 25
61 120 85
102 138 102
142 194 21
19 115 256
71 129 71
22 49 249
76 109 88
87 174 251
43 189 56
113 233 113
81 188 13
83 233 83
97 156 97
88 100 211
139 199 202
1 12 1
5 163 111
97 176 32
15 59 31
180 201 106
134 225 225
115 228 228
22 108 249
89 231 89
72 92 186
41 247 168
133 169 206
163 196 75
26 178 203
64 86 64
19 225 225
51 110 237
130 249 249
121 163 19
41 114 168
182 235 182
33 38 234
33 61 155
44 52 52
170 196 75
183 252 225
73 82 73
92 234 186
13 87 251
94 134 138
45 58 91
5 25 25
101 222 113
112 197 29
46 101 113
1 159 1
106 237 106
232 256 256
108 252 71
121 216 232
42 252 208
42 82 208
163 248 54
45 70 91
36 249 249
110 162 237
39 96 23
25 238 25
32 34 32
109 204 204
7 232 48
182 220 18
52 166 52
57 129 171
39 84 69
86 216 232
196 227 227
149 206 206
173 194 173
96 108 23
140 220 18
61 130 155
57 244 171
86 93 93
88 90 90
66 169 206
78 232 65
166 220 166
202 221 105
198 214 215
57 128 171
25 134 25
142 190 21
21 169 206
148 154 133
114 198 215
42 238 208
28 128 187
39 155 69
80 115 256
13 88 13
99 136 99
25 229 25
14 29 255
134 178 93
103 232 232
66 206 206
11 249 249
72 121 66
46 80 67
82 123 185
120 140 85
27 123 9
82 107 107
15 37 64
13 21 13
34 50 164
113 199 113
44 130 84
142 220 21
243 255 255
74 127 74
44 210 90
66 70 66
36 195 179
163 247 224
130 166 166
180 182 180
8 60 207
34 189 10
174 222 239
134 193 124
126 164 164
45 184 184
4 27 240
59 154 31
140 223 227
117 209 52
84 121 84
55 179 179
147 208 208
66 100 66
55 205 144
71 107 71
141 254 102
30 80 200
86 153 107
129 136 51
132 160 1
23 26 23
77 137 73
64 220 64
96 160 1
23 242 242
137 247 137
91 157 233
17 116 116
30 172 200
41 128 168
132 164 47
105 191 105
138 215 215
176 205 32
4 83 240
62 177 62
165 174 165
201 236 106
128 141 141
115 138 256
28 144 144
131 171 158
3 144 99
184 209 52
71 233 71
153 225 225
127 160 1
61 245 11
79 188 243
134 217 242
77 80 73
81 85 85
97 128 97
70 72 66
74 160 1
126 242 242
201 256 106
11 70 11
57 70 171
31 149 31
116 242 116
65 81 65
76 170 126
87 169 251
74 212 141
2 70 24
118 216 161
24 87 251
31 114 31
124 138 124
4 176 240
117 119 119
9 121 9
43 250 56
45 256 256
89 92 89
216 249 249
13 126 13
49 252 71
15 163 64
34 235 10
45 125 116
83 195 179
189 232 232
18 209 52
29 130 84
223 232 227
14 37 255
15 148 64
94 238 138
19 120 85
35 250 140
31 71 31
50 143 164
45 65 65
175 209 52
103 256 256
97 223 97
127 128 128
86 252 71
47 62 47
122 224 159
12 149 166
37 45 91
25 247 25
27 242 9
75 250 75
47 222 47
59 111 31
135 157 233
53 94 138
130 252 71
78 186 65
84 98 98
72 118 161
143 240 240
109 181 88
71 243 243
16 115 62
34 101 113
1 200 1
121 229 19
129 212 141
31 208 31
81 210 90
136 238 184
135 149 166
42 209 208
151 195 179
22 148 249
63 172 172
1 116 1
46 184 67
68 189 204
101 212 113
19 213 214
122 211 159
110 235 237
40 170 226
79 179 179
39 217 242
33 222 239
63 120 85
19 55 144
131 232 158
83 117 83
129 250 140
91 200 200
126 230 230
170 210 90
23 143 23
124 222 239
100 145 211
28 92 186
176 240 240
48 185 185
90 199 90
89 110 89
102 155 102
37 192 37
57 171 171
58 196 75
34 44 10
92 232 186
34 86 10
97 209 52
8 58 207
123 204 185
179 240 179
5 146 137
82 187 6
114 238 184
109 195 179
15 85 85
19 65 65
38 71 71
27 169 9
11 219 11
105 212 141
183 243 243
183 185 225
52 182 52
193 194 124
143 156 89
115 229 256
69 178 69
14 152 255
129 248 170
27 249 9
79 193 243
66 219 66
202 206 206
112 130 84
19 105 105
93 139 93
127 188 13
45 212 141
67 180 67
39 144 144
29 175 98
47 105 47
123 151 185
57 121 171
115 194 256
111 206 206
17 118 161
120 143 85
77 209 52
46 161 161
215 222 239
53 130 84
19 207 207
34 43 10
42 53 208
57 224 171
4 105 240
73 188 13
14 59 255
16 180 62
23 104 25
42 188 208
28 197 187
130 186 186
136 219 51
56 67 67
183 232 225
71 141 71
24 221 105
182 207 207
7 110 237
47 156 47
87 137 251
30 60 200
81 236 180
127 145 182
27 250 9
15 51 51
196 211 75
142 210 90
170 245 11
46 64 67
182 203 203
67 188 67
176 256 256
119 167 228
104 171 25
23 188 23
39 198 215
13 238 13
69 147 69
114 233 233
36 182 219
170 217 242
98 110 237
97 120 85
143 214 89
183 202 225
212 254 102
32 239 239
32 207 32
101 237 113
152 157 233
108 226 226
8 77 207
122 192 159
109 147 88
71 96 71
157 181 233
67 206 206
34 200 200
196 210 90
103 201 106
20 165 165
46 173 67
6 236 6
55 135 144
15 120 85
109 176 32
55 123 185
67 105 67
167 190 228
12 250 205
124 172 124
200 215 215
2 125 116
28 134 93
162 244 83
13 174 13
144 227 144
71 217 71
11 39 11
177 247 177
71 103 71
49 219 165
12 183 225
15 39 69
19 247 19
65 111 65
6 103 218
148 233 233
113 175 113
23 167 228
32 226 226
41 61 168
213 223 214
107 183 225
58 106 106
39 231 69
178 222 239
123 226 226
25 237 25
220 247 18
114 193 124
82 109 6
97 175 98
98 168 168
207 232 207
62 109 62
4 34 240
69 107 69
158 235 158
6 240 240
67 172 67
22 150 249
101 105 113
151 194 151
24 189 189
29 234 234
64 146 64
167 254 102
93 220 93
142 238 184
70 181 70
136 194 51
82 93 93
8 208 208
26 200 200
200 234 200
63 218 218
154 246 133
50 233 164
7 77 48
102 229 102
123 143 185
107 242 242
60 237 237
119 210 90
61 209 52
10 31 31
28 153 187
142 249 249
48 251 251
14 56 255
164 227 164
10 111 10
197 231 97
139 186 186
54 189 189
84 209 52
68 88 204
54 130 84
69 170 69
171 221 105
77 91 73
187 189 187
36 121 19
88 198 215
104 163 25
28 178 187
93 125 116
108 130 84
165 233 165
35 223 227
148 231 97
63 88 88
50 114 164
61 122 159
124 137 124
20 45 91
142 185 185
45 92 186
157 232 233
37 49 165
100 203 211
81 84 84
4 151 240
45 73 73
94 130 138
125 219 116
89 131 89
11 93 11
207 216 207
72 108 66
126 228 228
63 162 83
124 201 106
59 211 31
100 251 251
15 242 242
167 218 228
51 201 106
54 153 54
189 199 202
187 223 227
99 169 206
61 112 155
161 223 161
22 34 249
21 256 256
225 237 225
19 234 234
69 152 69
79 156 243
63 212 141
47 52 47
160 243 1
6 210 90
137 187 137
13 69 69
20 177 177
33 233 233
18 203 18
9 174 9
102 107 102
95 183 225
21 67 67
26 247 224
9 214 9
112 193 124
89 233 89
177 244 151
23 89 23
61 151 155
20 163 148
98 131 158
92 231 186
16 89 62
80 209 52
92 120 85
163 210 90
128 174 128
57 88 171
131 135 158
7 99 99
63 101 113
192 215 215
197 201 106
186 205 205
77 105 105
61 244 155
1 95 1
149 234 166
32 109 32
184 232 184
28 94 138
112 113 113
36 100 211
1 52 1
38 127 234
111 245 11
77 241 73
24 78 65
69 149 166
7 216 48
96 202 23
61 115 256
182 215 215
78 182 65
12 95 205
3 68 99
220 256 256
115 201 106
207 256 256
103 157 233
29 213 214
28 84 84
41 139 168
196 252 71
114 162 83
44 90 90
27 107 9
55 196 144
97 181 97
154 238 133
176 229 32
25 159 25
125 149 116
116 216 116
66 132 47
52 248 52
20 104 25
128 213 214
169 193 206
39 73 69
15 207 207
84 162 83
149 249 166
14 128 255
186 204 204
72 233 66
162 183 225
68 127 204
126 240 240
62 217 62
18 207 207
28 39 69
8 110 237
241 251 251
87 148 251
57 85 85
208 251 208
149 175 166
168 186 168
86 173 107
41 238 168
13 93 13
38 232 232
46 156 67
36 143 89
22 146 249
60 148 148
30 82 200
22 96 249
197 242 242
76 188 13
40 179 179
146 151 137
41 169 168
158 188 158
4 57 240
53 223 227
84 91 84
131 208 208
64 156 64
25 85 85
62 246 62
164 217 164
71 78 71
175 227 98
171 174 171
194 199 202
99 180 99
225 226 226
100 126 211
51 106 106
33 124 124
19 159 159
183 190 225
56 102 102
61 118 161
121 244 19
118 222 161
19 122 159
61 154 133
161 184 161
31 246 31
81 189 80
125 153 116
42 47 47
67 93 67
47 256 47
135 234 234
120 229 85
219 220 18
31 213 31
1 129 1
116 135 116
77 78 65
191 242 242
96 102 102
111 241 189
60 242 242
225 254 102
83 180 83
133 187 133
90 130 90
81 114 80
12 116 116
145 155 155
41 147 168
249 254 102
3 28 99
20 130 84
145 202 202
110 187 237
231 238 184
12 195 179
51 107 51
120 157 85
114 129 170
95 156 172
108 198 215
25 119 25
215 230 215
143 188 89
43 140 56
144 166 166
104 241 25
207 225 225
21 60 21
9 119 9
72 210 90
41 201 106
162 248 83
50 201 106
48 133 133
151 252 71
29 219 219
1 40 1
84 243 243
211 223 227
46 112 67
76 114 126
54 108 53
43 96 23
97 171 97
88 150 74
97 201 106
178 239 239
185 223 185
93 97 97
86 209 52
114 240 240
20 125 116
118 144 161
191 192 230
90 105 105
131 163 158
39 107 69
10 79 243
212 221 141
86 171 171
73 113 113
153 252 71
109 175 98
29 38 234
39 59 31
104 136 25
75 116 116
101 198 113
92 131 186
201 203 106
5 145 182
22 250 249
220 224 18
35 51 51
36 88 219
116 229 116
42 96 208
173 201 106
88 248 88
82 251 251
105 224 105
11 123 185
50 215 164
119 124 124
174 246 128
36 147 219
147 244 151
6 254 102
38 156 234
20 122 159
59 183 31
205 256 256
111 112 111
63 183 225
88 114 88
111 152 177
176 177 32
76 104 25
21 47 47
166 251 251
52 85 85
86 156 107
239 249 239
79 249 243
136 165 165
19 101 113
68 119 204
53 224 53
29 114 29
65 71 71
160 179 1
130 213 214
100 140 211
180 207 207
152 160 1
6 15 64
25 189 25
142 250 21
15 67 67
93 231 97
100 184 184
37 196 75
78 109 65
68 109 204
88 213 214
32 161 161
29 134 93
123 138 185
144 155 144
38 98 98
146 170 137
11 255 255
149 256 256
1 72 1
53 85 85
125 235 116
149 162 166
94 162 138
53 183 225
3 93 99
59 74 31
39 40 226
18 199 202
34 81 10
24 101 113
147 231 97
20 109 88
86 103 218
41 229 168
99 188 99
92 151 186
25 99 25
48 69 69
109 170 88
52 232 52
154 201 106
155 203 155
100 244 211
68 218 204
35 175 98
200 247 200
91 138 138
99 166 166
158 223 158
131 139 158
41 94 168
155 161 161
100 179 179
78 89 65
136 195 179
242 244 242
139 167 228
133 168 168
87 119 251
149 186 166
119 226 226
102 103 102
12 248 205
94 183 225
87 144 251
4 15 240
117 121 19
12 247 205
3 120 85
97 154 133
54 84 84
52 238 52
4 115 240
144 172 144
4 101 240
62 131 62
44 247 44
7 221 105
15 137 64
97 123 185
21 73 21
151 164 164
13 95 13
53 82 53
31 229 31
46 121 67
19 221 105
45 121 19
145 211 211
65 207 65
7 131 48
229 235 229
78 174 65
23 180 23
195 246 179
128 139 44
131 194 158
76 220 18
86 146 137
154 159 133
31 140 31
48 157 48
48 206 206
21 22 249
8 151 207
80 146 137
80 130 84
26 250 203
55 56 144
46 233 67
117 181 229
188 213 13
113 244 113
30 234 200
80 102 102
201 222 106
1 202 1
50 109 164
181 247 224
178 216 232
123 161 161
8 59 31
8 219 207
36 93 93
160 221 1
10 222 239
49 141 141
38 95 234
1 204 1
187 255 255
48 124 124
120 198 85
114 246 119
16 34 62
28 182 187
152 198 215
242 256 256
198 233 215
101 244 113
5 175 98
24 109 88
179 183 179
10 209 52
68 129 204
3 150 99
110 151 237
197 251 251
72 114 66
32 198 32
8 187 207
235 244 151
43 129 56
145 254 102
39 163 69
75 168 168
116 213 116
109 218 218
44 242 242
167 214 228
37 117 229
4 35 240
10 212 141
60 198 215
10 198 215
210 224 90
67 162 67
27 240 240
71 140 71
92 119 186
156 236 180
66 159 66
23 189 23
107 181 107
73 200 200
55 191 144
61 65 65
120 122 85
39 208 208
92 182 186
24 37 24
199 232 202
112 207 207
69 167 228
45 210 90
164 222 164
189 227 227
81 252 71
121 235 19
29 121 19
86 177 107
79 243 243
207 249 249
47 214 47
101 188 113
55 197 144
110 252 71
3 198 99
8 204 204
122 123 185
116 218 116
119 230 230
72 170 66
20 186 186
50 239 164
123 156 185
114 142 21
68 83 204
55 95 144
86 194 107
139 187 44
43 148 56
7 72 48
34 159 159
169 252 71
1 29 1
41 127 168
127 208 208
18 189 18
24 77 73
62 255 255
128 146 137
219 224 219
38 104 25
26 161 161
78 79 243
145 156 33
70 203 203
96 227 23
20 175 98
222 248 239
51 170 51
158 217 242
200 221 105
175 245 11
219 249 249
105 192 105
124 181 124
244 255 255
238 249 249
16 105 62
22 202 249
65 101 113
46 111 67
2 16 62
113 238 113
59 96 31
159 226 226
86 164 164
179 214 179
91 206 206
185 214 185
9 215 9
115 231 256
161 225 161
32 130 32
214 226 226
82 239 239
25 123 25
127 150 74
22 107 249
52 163 52
31 180 31
214 220 214
83 239 239
130 150 74
73 89 89
89 141 141
67 230 67
55 133 144
137 173 137
222 239 239
150 230 74
89 161 161
140 164 164
1 39 1
103 186 186
48 60 48
86 221 105
84 128 84
194 212 141
134 149 166
3 111 99
60 250 140
35 144 144
152 223 227
5 48 48
9 185 9
94 177 138
205 222 239
55 252 71
127 175 98
210 223 90
228 234 228
83 181 83
43 232 232
23 157 23
66 237 237
50 248 164
7 20 48
7 12 205
130 167 228
59 108 31
130 192 84
32 215 32
38 131 158
13 129 13
10 196 75
20 32 32
187 252 71
88 103 218
30 31 31
68 211 204
37 83 83
60 251 251
3 14 255
56 86 107
72 138 138
41 168 168
94 137 138
22 229 249
55 216 144
113 192 113
30 248 200
143 187 89
96 242 242
79 124 243
15 131 158
102 137 102
142 158 158
106 118 106
92 149 166
106 147 106
40 66 226
40 246 226
125 136 116
17 77 73
65 129 65
107 232 232
44 152 44
42 180 208
237 255 255
126 183 225
107 122 159
199 252 71
164 197 164
194 227 227
125 150 116
1 165 1
36 97 97
26 219 219
16 218 62
200 233 200
181 222 239
104 199 25
62 237 62
75 183 225
16 21 62
55 158 144
75 213 214
26 124 124
13 181 13
14 130 255
14 30 255
38 128 234
102 121 102
130 190 84
30 214 200
8 241 207
18 38 234
27 46 9
117 176 32
1 62 1
8 52 52
132 250 47
29 47 47
36 139 44
