32768 16383
5080 22004 1512
8020 26468 23115
14228 20252 10123
344 27011 25394
14926 29854 21958
13986 31472 3492
19180 24932 455
1883 9548 10047
18706 27240 2711
8632 29187 20707
26780 27930 20288
233 20800 8187
28916 31128 3806
12623 32674 10673
3297 16122 3306
18761 21148 26818
23512 25654 615
11615 30249 10748
10929 26646 31920
16777 30135 15546
9165 26276 28865
15619 23478 23614
204 10121 19242
15825 21185 23004
779 3170 23742
10610 28313 25226
16054 28002 13098
10741 19426 6026
9208 17790 16534
1506 27243 2886
18260 22560 4739
172 23011 11089
11223 26759 32062
7167 27941 551
2248 28323 28496
12387 13284 23294
6120 24293 8427
211 26918 29358
2886 17663 32113
8258 28732 29115
10464 27321 16704
23714 29441 19634
1940 21690 24168
2307 24392 4630
30270 31432 11643
5575 21292 7849
4015 19335 13679
20806 28612 32452
12114 13158 12141
10982 26202 29714
14545 23925 32127
20933 32275 10453
4077 7061 28741
5987 13820 12038
12186 27495 7022
23117 29150 27684
3172 22983 14789
11537 29171 26910
1922 25646 9906
16668 28375 15131
6219 23769 16472
10014 26766 27296
3373 13847 3219
14165 26436 20337
25501 27385 7682
5465 7238 26810
12256 23204 32050
5188 20035 5337
27017 28973 4370
13731 15360 1458
7030 8690 23970
501 18067 7702
6546 8872 20485
2535 11174 19854
4118 25076 23221
15463 21291 1164
8499 16499 8734
4002 22477 30611
19084 24509 22788
2625 29493 30416
17439 24369 32720
3383 21412 13756
5933 30852 23894
13181 24125 15112
24123 28818 32037
9396 21057 8473
17918 24588 25687
8763 10424 7518
6940 18582 21105
18632 24212 4809
12104 31825 1202
6650 29514 14452
16969 23730 32519
16331 31966 3893
3821 15157 17092
974 14175 10855
581 32057 25789
14813 17026 25940
17303 19390 4770
6492 18576 19008
20909 26943 14668
12991 25994 22173
9317 25699 16382
20782 20988 24948
21948 22361 4475
4615 28025 14064
11827 12027 15918
7810 26035 8668
7078 26067 30341
4715 4826 8013
9878 10055 4472
16288 30752 1110
10787 19753 20135
19824 22639 14293
28711 31806 6481
7284 26607 12509
3124 10180 18567
3871 32021 25492
19946 26863 32351
16215 27747 24464
188 31904 18278
2040 28648 22245
7471 13207 25275
12458 19775 6838
719 25671 21882
22584 24009 9806
3507 5025 5117
4761 22591 30304
6639 21481 7677
20419 28187 26553
1624 3181 4821
22274 31114 3578
27095 27604 9981
2138 11432 13435
2330 28295 12688
6288 15280 30691
473 2537 27487
6342 17247 15432
278 7573 28251
22373 30422 10341
9033 32468 21099
485 28250 8310
3365 11021 16101
18658 24430 10053
5728 26628 20241
17180 31142 12471
8056 21483 24987
7214 29712 1853
4173 27391 26962
6547 30973 14719
6851 29978 12851
19675 29186 21938
13900 15433 19881
9241 31486 24136
14758 19266 21013
25746 28397 7332
7913 17044 11508
20557 23419 30930
10980 23743 5443
2144 19613 9782
4633 9728 21163
2078 12359 30417
7335 27279 3945
4666 30458 7138
9770 12722 13487
7618 29787 25219
1629 15730 10444
1688 22315 4417
12878 17775 20520
10449 13656 28456
9325 30539 13635
12949 27719 21127
9999 11619 11392
31264 31779 18837
13577 15307 796
13469 26089 4125
1475 12491 4839
7229 11666 32215
9429 21264 15227
20536 21346 23437
21983 23819 10508
17014 27155 11407
27381 30332 24972
5324 15445 21696
7113 16377 8171
3610 28771 11509
636 32568 1914
4416 32751 624
18426 27629 29674
373 21192 12837
1920 2094 15579
10473 15424 2199
9891 14223 17341
3443 17446 8002
7876 16240 13677
1494 14960 25464
6882 24341 8058
9991 24117 23053
13243 25088 22974
13203 26074 11590
17318 30869 20208
1167 24665 29271
15231 22858 21813
27325 29941 14816
2691 31331 1810
3311 24046 10987
17722 21382 4841
14205 22634 24054
3637 31764 618
26577 29488 14928
4942 9077 13158
1652 23436 11104
5537 14129 18626
8977 31510 11654
1580 17675 23703
13419 30300 30279
2506 24456 20167
5610 12087 18934
9324 13275 21388
16589 20402 3754
20985 26652 24845
660 8591 13345
7260 13629 13915
21366 26603 9371
9980 26999 17847
2534 29259 17474
4474 18808 2960
18730 24185 19786
20171 24640 6528
8982 26291 28245
13179 14965 31179
2096 23306 23047
12305 20104 6688
7730 23890 8800
5129 20007 9315
25965 30020 28232
308 6513 454
16072 23437 14706
7439 17088 8784
9786 29782 16315
1913 27694 13676
6429 28169 1577
8354 24633 18175
2212 9774 23288
2345 4198 31558
8355 10910 29163
12246 30014 14424
2023 19317 30921
10809 28926 3463
12540 25595 10096
31191 31964 18961
3009 24000 32508
8230 27324 28800
2555 11608 25693
1980 16340 11129
7650 32712 28881
19111 21618 24763
10501 20981 345
17763 20504 9337
18630 21528 24660
23560 24930 5893
58 2698 30767
12068 29381 27572
8039 10611 22955
6283 12117 13771
9956 12093 9958
9751 32617 9889
5503 24663 11867
2772 3474 6943
18492 32671 29409
6741 20004 20697
4915 22970 14023
1329 32133 3699
19404 26979 11987
14248 14624 4286
6234 18709 30253
22887 24099 19785
7188 23138 14640
5543 15047 22034
9609 14352 16156
10549 26720 6467
3685 23447 26921
14840 15622 8453
1284 32004 16445
4148 10071 17232
27358 28444 14098
12763 32075 29724
22078 23983 17075
425 13832 21177
704 10603 4232
7853 18741 4366
14471 14746 30102
5864 19004 9165
5578 8691 6315
7644 22354 31406
8368 20746 22507
23867 25390 14441
3812 8426 19406
16572 21493 17218
10681 32400 17059
20477 24280 26120
5823 14211 10367
8835 31422 25819
12906 19890 8771
5826 7265 14649
16874 26950 14377
11233 21640 22367
3338 9689 22318
13988 30211 29046
22864 29584 5487
2913 6251 29711
5799 22095 26060
14673 30298 19454
3613 15288 4047
6978 14348 7815
2299 10869 13641
14971 27590 11936
7807 27375 6818
7946 21013 14954
9703 19830 18751
8373 12706 21943
21828 26935 4073
2225 4477 21683
20855 28469 11820
2421 6242 29319
27448 31890 31695
2439 13370 18437
13506 23316 15960
7967 9652 29433
4686 16484 23313
7554 9595 726
17639 28429 5818
2735 5943 5770
13676 29762 26705
18817 24170 24713
17501 31465 14243
2869 17103 31679
23245 28475 16595
8687 17422 22531
14505 30835 10150
23691 25075 29582
9155 19877 13775
376 9462 32188
3706 23738 22288
11122 14215 7300
10704 31338 22070
3556 22177 32325
14182 26320 4813
16845 26350 26601
30193 32690 15823
15133 27181 20463
9022 24627 25334
1053 31633 4099
11012 17071 12781
4365 29288 11828
7740 10818 8537
28858 29561 25881
24299 25819 3793
1639 4827 21338
4266 13598 3188
9433 12478 12475
9719 28009 15663
14967 18047 8345
6889 14712 19688
13956 31169 13296
2479 6361 25141
6359 22904 22238
19320 19937 30541
13178 31152 26785
25704 26617 29180
4582 27712 23850
22203 29136 8468
695 29920 6942
2884 15595 29323
15064 23082 18277
8390 32440 9214
14009 25168 20919
2502 20460 11545
1412 13066 23270
8384 13457 6554
8876 32017 30268
24899 29813 26534
23376 31440 12517
6553 8972 12572
10765 14320 30112
8781 25963 13651
3931 13610 11133
16151 27857 29005
17385 29229 7564
30734 31374 29816
23501 27543 8840
19848 27044 25039
3918 3934 23182
13483 19484 32691
2415 29524 22608
2428 17788 31370
15005 25942 23731
9074 19267 25788
9054 18716 8323
8311 16638 1676
7394 18749 23761
7823 14909 15733
15970 19231 31448
99 12772 31367
19979 30164 8730
4240 26573 25596
5237 28574 21988
7669 23057 19904
1590 23246 29151
5491 15050 8604
15606 25027 3242
4 23777 11995
1898 23420 26301
12522 25958 8641
25842 30571 20775
6021 17521 6991
25548 28847 16000
28828 30966 21934
480 32160 15943
12869 19612 2778
1618 2097 1222
10421 30538 22528
12506 23076 20411
31813 32326 13396
23169 29039 18421
4042 12595 14980
2458 14459 1193
3847 11304 12220
16553 21283 4431
11753 19063 9577
13478 30820 9927
3155 32309 27051
18508 23613 18729
9140 9230 14756
20141 28262 8633
4771 6557 23411
5564 32402 32387
2629 6885 8276
16380 20166 20362
18570 21241 15419
2888 18225 30961
4840 18785 32116
4232 17682 12829
2641 6927 31586
8975 24877 21709
13295 26931 22898
14240 24943 1858
14139 28037 24993
16819 32530 28732
10780 26691 679
2073 4924 31644
2708 26793 3991
8350 30900 26259
8428 13622 953
6993 10151 24427
16121 19251 17829
18739 32404 1608
7916 15311 30116
11714 15635 25784
15517 27680 19918
25463 32667 22457
3831 19113 15907
8216 17970 9611
8044 26602 17390
15184 31824 10433
6654 10042 3101
1519 22670 21671
563 8955 22887
6119 16050 19057
9800 14890 20572
10400 29619 30393
11759 19270 1103
6648 16241 9144
1306 3357 25732
4005 23406 31357
1566 14886 2209
10201 21022 19304
14321 19046 12963
21198 24603 4702
5949 17222 31305
12855 27923 17836
12031 15522 3928
3536 29620 14759
6194 16159 17687
2058 9949 13893
22335 28392 20678
26734 31767 14574
7037 9737 784
19206 19294 15309
12253 22151 19028
19219 25619 3473
14539 31194 23204
23462 27769 29584
4082 29673 5540
5835 17685 8855
6127 30891 2608
26001 28322 9882
7749 20598 25081
18532 22189 18777
12870 18812 27141
8452 21410 26561
14484 28710 32307
2594 19955 25082
20074 30673 14302
11518 14918 25621
4457 19755 31172
6294 26881 26196
21115 21464 7507
13898 25095 30096
9626 14670 18644
7839 11156 21421
1336 25241 17572
3110 32488 19519
5064 19815 16520
10417 28494 29961
9390 24722 14305
13360 29523 27186
2284 21084 8451
13046 17544 4476
9000 13466 24547
11573 12732 29473
20898 22180 15235
9107 21632 9191
25525 32492 2012
2690 24938 27898
9571 12455 26032
26620 30543 9536
9204 26431 11857
12111 14455 16482
1800 4867 22694
7995 17129 17892
27528 28975 11829
10834 19337 10985
12963 28288 15405
23148 24737 4597
6424 20522 9063
11191 18449 6979
8304 10208 28582
10860 18747 12266
9500 18434 9104
4777 6032 10437
14852 28688 22917
1490 17902 8081
17321 22514 27381
12003 32286 4803
19892 26653 5649
20531 30325 29530
6795 27839 2875
20772 29632 30862
14371 23431 28626
10098 19987 16065
26195 32340 20599
21005 25727 10620
10104 26474 28446
4038 12451 28186
14406 22590 23370
669 17143 23086
18293 32628 4772
9375 10774 31779
13673 29784 2267
5007 13054 32738
6989 14415 18615
5652 27314 11261
16000 17857 7619
12808 20733 17920
3567 26354 16484
8823 15180 11549
12112 28704 7429
6085 17001 22186
5689 22976 21223
25265 28159 16524
9957 20978 32757
8082 25107 25272
5591 5862 29800
4357 7431 15072
7579 9536 14097
2621 14486 29691
24431 28903 22768
11787 14238 13682
18590 32707 12
7948 26758 23034
2620 14978 18573
16977 23363 20206
12566 12947 3571
14788 30146 23827
6892 20137 17736
16239 28489 1703
18613 21023 16392
4731 8002 7544
3813 25472 930
1071 32638 5879
9106 16951 15316
1043 13007 8364
9415 14787 14165
11888 21244 9710
832 31610 10008
5976 27753 12288
1933 27657 15801
1712 23795 11699
14867 27897 23961
19904 23389 16031
1488 32661 350
6937 9471 648
23239 31412 9031
12602 27544 23057
12851 31699 20076
21956 23753 30256
1672 28511 15253
23358 26388 30648
9347 15339 9101
17168 29661 26550
6566 10632 26254
6376 30323 9260
20863 22372 8845
25399 27228 26352
17753 23765 29708
19311 26501 9363
44 29190 14870
12282 22263 6918
4436 30548 23253
11931 27052 24431
4180 9228 9372
21021 29671 30883
19941 22935 12057
2011 21569 19661
15382 32378 12764
28018 29390 4200
4632 11084 10538
5066 29840 10234
6715 31847 16303
6551 8709 12163
7578 27349 29539
6071 10500 28858
21668 26097 21558
14666 24020 4977
24239 28046 16316
1292 20714 31727
14366 29204 27635
244 10045 6011
3210 3570 6886
8871 17839 23641
5834 18108 9640
8081 14231 20217
8605 12249 12379
25031 31894 10069
20675 25550 14871
22577 26398 14202
7994 15318 27826
17965 21009 24059
11181 13070 8848
14360 27476 21231
2449 18272 17985
6353 19751 10487
6541 21196 6715
10771 13621 31238
6675 27525 27715
4371 28948 27623
8115 19487 28214
10839 31085 1108
11693 30643 21256
5615 21239 21940
8693 8944 4906
11119 23197 19995
10309 16727 28275
15984 26467 1048
5604 32153 16170
5242 31994 21463
8468 28177 25179
17008 23119 30632
3140 19821 8082
2335 2741 22506
4186 32058 4624
15285 18194 4101
14437 32598 9778
16359 16758 21961
12078 17306 26477
24037 31556 17940
5091 22476 27484
6190 27959 28524
22308 31106 32400
15012 23521 27845
12786 21614 14225
9829 28950 21570
12919 26186 27038
6200 14133 26220
2090 23581 12554
1408 18007 10304
8015 30685 19421
15554 27540 1500
9794 28133 3794
13049 25708 31764
1350 19683 24203
2783 21250 29574
20763 29529 13800
17502 28535 10642
29416 32429 11380
2819 26347 20088
5449 8782 20813
12924 23893 18190
271 9722 6473
30436 30762 4493
17015 19490 19858
17973 27091 11887
462 17388 13451
5646 14349 25403
11387 21384 5553
21136 31044 7822
1468 32123 5755
2361 26972 14975
19697 20411 7676
8025 10767 3079
9747 10629 1987
12694 19208 30346
14600 18459 9716
1843 5715 11181
2193 19413 21212
17878 24240 6488
10607 29459 32431
27618 31305 8074
19013 29861 31042
8344 25862 17445
9635 11293 4166
7003 11249 1644
5271 28986 15021
6685 11070 19395
12270 27676 7672
2762 22792 2429
19136 26861 5537
15409 16636 30827
17006 20838 18357
22900 28324 28135
23265 26101 23888
18354 26546 18775
21251 29029 9310
23936 27232 32592
2892 7604 18259
580 19992 21673
829 11698 15232
18647 19036 20805
3318 13307 16629
2290 28100 14406
4793 22241 29039
18071 23205 18854
5930 24067 9538
13105 19492 25546
15790 29701 5526
43 17782 27538
1752 21893 6716
6658 26087 2725
11295 24233 13645
19777 21607 29517
2296 27782 19334
18923 23644 4216
29763 31911 14794
14544 22586 31782
27843 30916 26169
3784 8377 23220
18948 32060 4517
7845 14830 2358
20699 25943 1060
19970 28683 15075
189 9159 17322
30 10113 24985
14914 16357 3199
320 19647 11107
14266 29992 26308
4631 7211 10657
18596 24634 18369
1842 7783 7488
4207 11575 20712
4328 20206 5862
19988 28821 4176
20644 29849 10778
25494 27730 11449
7664 17145 10568
9977 31980 23150
3438 28853 8655
2988 31808 26079
6817 19616 27864
3599 20896 7615
6990 17208 29450
13936 23200 20601
6407 25701 9114
13287 26454 18701
6086 8764 29054
12441 24078 30174
7145 21698 19821
5437 16434 11000
12502 13774 20843
24707 27896 12680
6238 9094 29595
901 25536 954
9672 21280 2043
3369 26078 12737
8268 31222 23348
16272 18924 7929
8772 20527 9232
4304 28706 7750
7277 30640 25616
15320 18855 23161
18471 25210 24027
19361 22740 8931
6336 28396 8682
11724 29326 22434
10768 31615 11168
6711 22013 15251
9049 22357 18339
17217 27866 11388
22224 31413 30055
5393 31978 226
4179 9848 15712
8855 18772 20912
3780 17608 7693
23721 29614 21301
19129 19184 9468
1530 31285 15186
736 3865 4491
8245 14756 17935
9962 31569 2350
6960 19982 30717
21271 26556 11895
7116 12053 28385
15246 16691 25737
20405 24725 19385
25725 29715 12216
10209 27512 13073
6079 18867 30090
1554 13528 14316
7334 17917 31294
15998 32331 25189
916 1195 30190
7190 20910 25577
14797 25606 8594
14379 26481 327
14870 27776 9915
1874 21406 31178
21882 22782 32744
1021 8915 19584
8559 30405 28387
29468 32417 6634
5384 24535 32703
3516 22907 5932
20262 29418 13463
721 20848 32661
11240 19243 28745
1575 19914 1408
3063 28332 19146
22925 29525 23810
17539 30345 21779
5199 7262 14036
10431 31479 9061
6581 26460 1812
1868 9449 15136
17410 28757 15850
8614 20871 932
4552 32189 31773
12097 16202 14242
5973 7868 21575
7977 28576 5217
3133 12748 23841
28616 31118 6914
293 8743 735
7863 10976 1375
8173 32528 8753
4289 30991 1732
29691 30602 29949
17492 18133 22172
5716 12601 8090
16797 26376 6731
4097 7089 14744
8525 11130 3990
19379 27267 16446
3340 22698 15654
3962 16206 25256
5657 30626 10211
15731 23638 7766
10984 28499 29964
4578 9403 115
16067 28805 28237
4735 24145 2283
28891 31146 353
5152 10794 14850
1164 18611 8219
4323 23230 24362
5497 31788 30846
7302 13463 10548
10172 19558 18717
27700 27888 16606
19458 22748 24595
13789 30717 29356
5350 15192 1850
2970 19814 8215
7230 13985 21610
5452 14372 22059
1900 12557 2279
1442 22999 13427
18204 31270 18641
12160 18745 23434
19302 24352 14578
19652 31100 12909
13219 30963 968
6688 13090 15657
10800 24719 9936
4747 17139 17567
8846 9832 22102
3253 21868 2956
617 2128 5506
14269 19415 25322
18700 26824 215
10159 25079 26004
4482 16249 3755
23295 29220 26797
3257 19672 24855
953 29534 4257
26512 28679 14988
519 27890 8352
6146 16199 8015
26873 30050 21158
22384 27560 31404
4940 7098 13662
3248 12608 11221
8010 27521 29045
4347 31740 19282
23440 28472 8216
17854 21296 8432
12362 26371 31078
8443 12364 11289
5650 12716 28161
6471 7999 21654
26755 30278 10463
1768 7832 17408
20684 26796 11694
26978 31455 20943
27205 28989 1704
18685 25811 19559
15576 18089 6539
24024 26374 28250
3886 25011 25400
5159 14533 10148
22457 32166 15012
7396 24895 20841
18828 30212 31332
13661 21276 26979
21915 26835 15838
15209 32419 8134
16713 27270 32335
5489 12831 7425
10323 12695 30107
14477 18789 5414
2104 14699 21946
7153 20017 12268
6328 29282 19418
17742 23994 19505
1324 28442 15651
27323 32052 12614
9673 22842 31344
7859 14776 14655
18705 30650 1708
17035 31690 12866
13932 27491 23739
5795 18070 1579
2586 21790 6200
22442 23916 19905
29882 31881 5984
12971 23665 28230
17249 30893 11423
53 18663 17741
21663 28900 13224
11966 30623 26066
412 15990 8469
8067 30239 6243
22378 31333 7770
9136 11861 8740
13784 24205 1478
12096 22839 6625
18414 27473 24134
16362 16602 17145
17147 28669 2820
27606 29983 25977
7985 23168 19483
15725 26841 9586
17079 19924 28092
8641 27932 19635
7492 32202 2336
13881 15632 17229
38 23933 10060
963 15968 20517
13903 14811 1797
3225 26406 2655
25179 29566 4483
14850 29664 36
11893 32509 518
1299 12520 9210
9668 30670 14156
23813 27582 25800
17699 24127 9505
9255 29518 10272
19416 19974 16897
15129 17815 11009
1594 21512 19772
8030 15024 15100
371 7685 8383
5577 18374 9379
1574 30002 29991
2147 7569 6420
1175 2042 14364
453 30335 9596
15187 19531 20686
2304 25541 25502
367 10181 32619
898 13250 4190
980 2809 25078
10380 10824 4452
3739 10754 17355
18491 19214 10456
11764 24989 9084
730 32215 15327
5395 7631 27403
5514 19759 29121
9971 31313 30471
7056 12306 11544
9092 30489 24038
30983 31047 8390
3057 16297 1213
3147 5903 28752
3337 21356 26528
7942 24068 7611
14534 27254 25245
3849 27379 26298
10245 20031 1203
6836 28246 23295
13468 18462 12800
8629 17070 16576
21445 30243 6332
8952 20736 19234
7959 23072 4775
10357 14203 22875
17225 28372 32072
10163 23839 28976
23514 24952 8782
22539 29743 32453
22283 30077 14248
20694 26594 22872
12113 13581 22440
3648 23621 23215
17747 30905 19959
2168 3949 14836
19475 20516 2249
15292 29338 23375
24307 28772 16812
18010 21549 12036
7371 10577 20038
49 4099 10776
13255 19012 17267
26404 27359 26248
664 6985 11677
25473 26083 19930
1371 6798 32310
15962 20254 9256
6924 8432 22417
17758 29774 32588
17579 30104 1077
6373 20362 11685
8028 14597 32134
11078 27451 6414
8821 24664 31573
3704 7375 23119
8684 31306 24128
24600 27140 7973
28430 29887 24195
16204 25096 14653
1214 27143 26256
14105 20734 17198
4047 23708 16394
6379 32593 24315
789 12236 18732
3665 9985 19990
11618 30828 6754
2868 14181 32490
23799 27341 24271
3256 6887 31767
7989 28621 14420
323 12972 23059
6897 21540 9102
4575 23193 5234
20700 31394 14503
4655 7584 28290
4334 19467 7423
16128 19594 845
9058 25131 20263
2462 19535 21316
8323 30368 4361
13525 25184 10522
1383 2071 12723
11895 18856 838
10580 14565 13657
5642 11602 32709
6480 21788 30733
19090 30776 18607
16842 24939 21991
19035 28664 19141
28013 32515 7553
9531 20450 30958
22055 32685 1984
23888 31197 27961
1103 32626 21325
10005 28953 27498
13349 14730 11846
25284 31280 267
10593 11851 32639
3176 31888 11029
27092 31876 6893
9700 25629 5182
11599 25514 21890
8120 13488 13295
16922 24337 10355
840 11885 3565
1514 5916 21049
1332 18478 25477
1698 14526 905
5316 25191 28869
11771 24374 22423
1945 12085 9851
8786 14550 24404
24821 29080 27216
9083 12090 12280
3408 15526 31388
9872 10956 25895
15173 29328 24829
13216 29437 15999
10358 22143 6393
844 21130 2646
26583 32426 19638
23673 24298 23604
15677 30877 31963
6770 10659 13784
12573 15061 26148
9104 32731 3345
21309 24830 25273
11695 16181 25746
3854 28502 19749
18136 20487 12013
9035 19168 23427
4187 24495 25022
12988 30443 16566
335 7495 17729
9846 18686 18746
714 15255 1535
309 27729 789
28261 30733 2206
16393 27856 13166
1075 6292 10869
22810 27631 26782
13812 30711 30723
7648 18308 11448
13727 30295 11553
14892 25343 4494
3855 30760 3379
5427 26146 15288
920 28017 1835
16723 27546 5657
2516 14022 4542
20526 23651 23545
407 11905 4410
3785 13786 23455
1216 9075 153
405 26068 29833
13574 15440 17373
12987 17723 19739
16498 31597 24444
1448 29102 28238
18618 18717 1626
25345 30978 2529
7114 11196 14312
20156 29477 14642
23412 29688 2010
4033 26717 27955
30534 30879 15737
835 21971 28202
22403 31613 13410
3486 22006 31162
16617 24670 6782
5781 8074 14609
16857 24771 14146
7627 31134 28062
10658 30401 20036
5136 16352 7613
14440 29766 17201
1125 13753 7560
12121 28240 15673
10551 15039 15448
3848 31748 26573
10759 25146 28924
25900 31095 16109
9805 10137 12854
12586 16696 16290
5486 16531 9684
9391 18659 12898
3853 24459 6820
17841 22172 27948
2273 12940 11745
20915 29412 26718
7079 16452 27610
10281 27741 21503
5697 19798 24419
5750 31528 20053
10776 30744 7774
6122 8819 878
22205 32230 16633
6130 7222 6038
27256 27748 8953
9372 23272 1977
3528 25731 29432
19664 26251 22328
6633 8704 9602
19813 29247 12243
6157 11044 29957
28512 31917 25584
3303 21770 7689
17987 24686 14338
3299 20102 21594
6095 7796 19946
10843 28006 13856
8017 29252 12502
19560 26805 28623
15687 31070 5792
4866 25806 11833
4803 21209 10450
8099 12984 26475
25288 25696 18839
6447 30530 11530
25990 29126 1529
14981 23961 19993
21926 26205 30099
11728 17574 32705
2170 30433 25930
8269 13518 21743
7917 32025 21249
16373 22849 14383
13169 18731 11970
6911 8552 32649
1268 19622 27873
9520 28691 30
4397 4772 21332
15256 30782 21842
15358 28188 32128
5662 9099 3743
2786 15219 8370
12816 16426 18766
1327 31521 6460
6165 32131 24740
15868 26529 17102
1915 4779 21873
169 8880 25194
20604 22861 27147
17474 20133 10356
20860 22886 29751
10694 22956 24545
4202 16345 22108
9452 29785 13346
5343 16869 2893
3273 20593 5825
10688 20389 704
8484 29603 23608
25474 31608 4266
13069 29555 15491
3862 16995 6604
11134 27190 28713
7522 21287 17140
15278 19340 4433
8048 10598 2457
317 12442 9971
8150 21703 6291
23010 30250 6334
1617 17646 19499
1450 8429 2062
746 27881 9018
15310 32067 5023
15895 31656 30970
1366 23068 9298
27969 29443 24611
4490 6731 7124
25356 25980 20547
24149 24222 8316
5675 27973 24455
4478 23981 4261
2186 29245 18514
8387 17872 2134
17224 22117 10504
5712 22341 22
3569 12050 12721
2464 22980 4695
3269 24073 3159
21883 22984 224
3772 20273 25110
619 17895 15323
26048 26058 4643
13342 25604 22986
10541 29891 16723
1909 32292 31531
12950 32002 1895
9587 32120 1182
10239 27819 22303
20696 20701 3404
18062 28892 27214
6158 23301 5620
8800 15454 16139
20297 22019 18945
9684 18395 16537
266 20749 18970
27581 30266 20086
17981 19179 16041
18549 31927 30903
16223 29131 18163
11587 20431 17106
8639 22445 6767
13951 24268 24316
7518 31572 5880
12074 26139 28363
7575 15476 18763
1131 18826 5221
9183 11162 2089
20151 29625 23944
7529 24260 17117
13314 28424 4260
20009 23198 28743
23731 25229 8094
1687 30337 63
2826 32566 8580
15048 18432 28483
10405 20338 5838
16516 25415 8493
5319 19403 22555
7294 32472 3857
1063 4558 24277
708 25904 11756
414 4504 13431
5602 20528 11132
1067 21712 307
5040 12184 22669
9298 17461 16212
601 8148 10539
5552 13273 14214
6554 17716 12082
21748 24596 404
24921 27637 31972
18461 30247 14844
13550 30486 29188
5839 6005 27067
10269 14509 31303
5926 22077 28022
8071 17099 30564
22040 26002 7041
12591 26119 26532
12407 12422 30046
5394 11165 30745
23059 27414 23613
19866 30639 5325
12717 31682 12863
28974 30818 11913
2315 9011 8230
18839 20311 17047
4460 23671 30957
9566 20346 2739
17213 26779 16396
13280 32494 19416
21052 22759 6614
19316 23676 24808
3573 28483 14042
11245 30145 19219
1854 7454 6836
14466 20500 2013
16862 25387 7914
25394 31753 5137
4341 10095 22642
7263 14070 26158
3975 24101 25715
23041 23345 28328
22632 31540 19139
15813 17140 17795
14410 29428 31436
4093 11269 30305
9121 14107 19859
13472 16144 28216
4287 7822 7582
19437 24555 14703
6482 30592 3687
14653 32669 8612
8314 11309 13933
4846 28027 1026
19355 22449 11720
4725 20335 20233
16408 23755 14169
12633 32643 7239
22923 24922 3693
219 8052 19168
5620 11285 16272
22061 27133 15361
7196 8606 18957
4349 18127 27605
911 8857 27432
22124 30021 25345
4841 21504 5345
26719 30361 15056
11241 16036 19271
18154 25028 10100
4125 26560 6345
6172 16762 29986
642 15916 16287
16875 22024 25812
11936 24766 27155
15981 18908 9998
13888 24026 14440
11752 23187 23778
20232 29090 32348
20589 21139 3019
10324 30872 6489
27504 30895 18392
6143 26479 26618
656 22002 289
19428 19491 28934
11284 31267 26329
21383 30260 27816
13150 29685 29573
2113 17835 24627
22712 26262 31788
17127 20060 18579
21877 22552 2256
4742 15277 31513
15680 19831 7915
5965 24350 11866
9038 24437 18387
1524 10216 14595
7768 8194 15981
285 9351 16159
24039 27338 6408
13782 29731 24989
15729 17943 25889
9822 22114 20893
5743 29797 30858
14826 30654 10163
23007 23606 31770
5932 13477 13460
13244 15435 20256
26184 31901 29035
9911 13418 21427
17617 30508 21227
3881 13269 29051
9161 16577 333
6749 20796 10430
15145 16327 3
12004 13834 8384
5941 21282 16532
4718 30426 8980
5117 29858 22393
4588 9399 12874
17603 18980 3923
9067 22979 18639
9329 20892 8161
21143 30339 12597
17082 24340 11611
6181 22625 30980
5581 12652 24500
15923 20987 1617
14093 20468 8042
11891 24276 20014
17583 31513 27527
10902 32691 24327
20342 21340 31865
5044 8157 1325
18666 21360 30660
8133 22300 29492
3679 29509 15586
3669 6276 30975
7736 27007 21699
2179 16311 28401
28629 30614 6062
11478 14622 6707
8289 27684 27065
8706 16511 7436
19844 21373 20781
7042 12344 1576
21587 22667 23975
24960 28109 12978
13601 25844 15250
28498 30642 6080
15578 29453 20849
4584 32348 30867
4996 26449 1095
846 21686 2064
9539 10437 301
12277 27319 8579
14329 27284 25478
11460 26673 10941
5297 17053 19386
17368 21840 25003
16634 29819 14617
12402 21754 18795
2814 12922 2951
12414 19329 21057
4659 10231 7044
14846 31544 12700
18519 23329 18678
10727 10801 786
14469 28355 30347
18335 24536 4025
25732 30396 29557
17138 26105 22573
1263 32315 6635
1654 31802 18111
3079 28794 5384
2947 19583 13537
9988 16196 29614
8909 20128 31329
11811 31299 28310
20144 28056 22660
4313 11361 5960
2922 27628 17331
295 6691 19576
5458 16259 6075
4876 16614 31776
6984 11016 30041
15305 32044 25673
16132 25331 1201
13225 14008 3855
10616 19099 2493
13810 17122 11335
1035 15109 14635
29876 30896 11752
16734 26946 3752
4591 7747 5516
21650 27709 947
29401 30032 32010
5154 8784 18817
3898 11347 11441
5574 30037 23010
20219 21924 23577
9373 18869 995
2543 8394 20255
1795 10538 3653
12147 32257 30177
1099 23439 15670
22259 22546 20530
1704 13174 16105
8936 19203 21729
8420 16265 10914
2189 31708 6221
2226 21805 17279
25133 28143 6018
17518 21533 32692
8534 30343 28321
10633 11178 14541
10336 19343 22663
10785 25045 15798
1555 29888 266
4318 22508 14040
7154 27845 31905
3262 28253 32398
23891 26948 1724
12590 13556 29536
30619 31811 23901
989 16398 29146
1835 26771 24619
2308 13949 20741
843 25532 19061
18159 27977 13000
30926 31287 11608
11501 27206 66
3500 5038 30633
6355 15706 10070
15233 27019 14767
23914 30564 19767
3049 13189 15614
11576 24687 24937
28085 30636 23687
2635 11882 21921
14856 24183 9428
18707 32616 14350
5529 8506 2718
10863 15249 25650
10460 29266 14826
22815 26714 8184
12992 25058 10896
3310 23825 31508
21364 24865 28116
19634 31987 7534
931 14319 7767
18964 19684 25864
20980 26475 32223
5636 17051 9713
649 15282 31551
8375 24886 17810
17498 23885 15930
2214 3592 21052
168 16432 14142
6943 30285 32524
9179 28488 32633
21451 22642 21255
21042 32096 6409
28803 32356 7844
1272 13783 31518
22287 30483 14840
6101 10331 32425
6664 10078 3728
3222 4362 25653
20447 21248 15762
12704 23534 4942
19296 27891 32561
18896 31071 20100
4902 31389 30655
13923 19605 48
14835 22955 6794
5878 11149 12666
10602 12054 29648
3114 4544 31795
16269 24786 24824
16804 18114 29314
15369 18259 11535
12192 15840 17127
3743 11947 30091
375 18732 16952
1921 1958 16421
2365 26419 18476
11136 27573 2311
11536 28686 14015
7054 22175 16417
10494 11722 20494
17894 30312 17083
18510 29134 14935
1068 7574 13079
7682 15611 27246
15498 23242 20019
740 22673 12312
15794 21681 4836
20586 21460 29726
26669 26777 31132
3316 7540 31410
11577 13096 6630
7202 30095 17348
23333 26357 15317
2941 5558 22452
2491 18066 17897
4242 7905 26720
20195 20349 31945
7134 11209 29859
2389 32439 7905
6057 12574 31816
3946 22484 27206
12820 17809 26119
742 15757 1687
16467 17919 11027
5426 14947 2523
10123 12330 8128
18679 27264 23399
6788 31949 5567
18360 20170 26142
23090 25506 14290
22337 26679 4444
10365 27310 5242
10144 21206 7920
5380 14503 2097
9134 26711 12099
8000 12679 25574
16365 16646 18758
8742 15019 8854
3861 21803 5600
3824 32076 24486
20051 24510 19380
16637 26981 31880
12446 31619 30420
16100 16757 1328
14722 27047 11618
8498 17979 30022
12139 24885 31082
14344 17976 8172
16076 29662 12453
16438 17631 4628
27723 30264 4090
17130 31703 2307
391 4572 11452
2004 17411 5019
16891 21298 11275
5238 31425 28618
5694 27038 20925
3011 12690 23338
2267 23109 12920
5306 17656 7208
10241 22091 21642
11965 23762 7930
19128 25057 10634
4759 7773 12168
7020 28265 31661
18181 18681 15978
1119 13787 9392
5801 11043 24063
16344 23394 8706
16495 18171 30851
11098 15765 31667
2460 6708 20837
3322 5820 25072
2159 23562 7519
7464 28626 22164
16254 21675 31802
14046 21204 15305
24317 29330 11291
23449 31367 19302
274 24549 19828
15585 23379 27111
13015 18565 8616
2481 24835 28882
60 21056 733
10338 21522 9850
10252 17888 27990
20474 31939 2909
8195 23829 6025
5989 7245 24600
226 14115 2362
48 15866 24672
3609 9102 4439
11907 24055 14813
21015 30950 25454
31109 32152 27019
2074 29471 17196
22668 25025 5121
5643 23342 22747
6215 32325 22617
10109 28492 2712
10715 17351 8908
25702 32264 2212
3043 23024 17006
3426 24605 25086
3014 29351 3638
5816 10733 5406
1675 23476 17715
11622 32644 9213
2244 26775 12706
15952 27785 24876
5413 22469 15407
2562 23780 27082
1044 21055 28147
14685 25172 17226
4145 11002 11127
16458 22578 1295
18920 30319 6353
28643 32469 9027
28104 28370 26355
14836 17293 8896
20752 25198 31686
968 22074 9827
6801 27510 27396
20256 31761 18972
7630 15059 17428
9393 28721 3390
15560 18911 32590
10166 29237 10303
2295 28258 4862
5065 17380 17132
1955 6290 2750
8401 28395 11882
13965 25308 9578
14333 26731 2564
20857 23473 9436
20523 30815 8578
1674 15688 29179
3018 23645 24647
10509 28419 18196
11958 31129 31878
95 16532 6669
4138 30738 13958
13397 23859 7792
22798 27057 16956
865 24619 6346
6105 31386 28843
247 27258 11459
2437 3844 27320
6102 22898 29490
14430 32714 23176
11797 18453 30868
7721 21590 10260
2110 26661 19805
23563 25035 20814
13736 13767 29752
14619 26151 28218
15558 24312 29352
18023 29281 30150
7782 22137 30811
5717 7686 28812
10729 26906 21071
4021 16317 12872
14855 25417 5536
8964 24751 26446
6902 6912 1623
14878 26414 16199
544 19606 25914
15580 31688 9597
22358 31866 21253
2560 25171 5549
6156 8421 19836
14421 25497 30488
3131 31919 1001
9981 18956 1648
13543 18363 31443
10912 13934 12133
10720 12028 15828
430 19241 25432
6307 25929 24036
20780 30128 647
19793 30457 15111
2240 14607 31275
13532 15684 22497
30569 31529 11265
6443 9653 568
11784 27686 25262
17152 30773 3943
18608 21684 5095
23324 23736 30374
8024 23450 27168
4291 24310 12540
5927 23274 19572
4391 26085 10771
729 8226 7683
12439 16512 8147
1193 24783 8660
7157 29317 24511
7044 15689 23986
6083 24377 28557
16459 30553 9591
1346 16815 5365
18526 26022 14457
15544 23015 22169
10900 15768 29891
5992 8736 24599
17707 23261 3705
14220 25676 26562
12648 15496 7763
1625 22176 13315
18600 22954 10842
27602 27766 30683
1525 22094 26504
9438 24309 24338
8998 32564 4612
3111 5114 4336
13904 25499 29798
7347 11592 2522
10758 19883 17402
9126 19281 8510
8367 11691 31138
8680 25054 24731
6265 22620 4346
7599 22803 31213
14119 19984 25028
19953 29233 9852
8767 20163 24490
16358 31683 19742
18910 20358 29337
8862 12383 25790
607 5157 12712
15462 29241 25995
3623 12812 20251
4048 12647 21506
19154 25228 27142
21809 27010 3181
17825 18104 5330
22824 23596 13590
1388 14587 595
11546 25462 9132
23104 26440 20475
10668 24639 22820
23156 31743 1885
19631 20192 26847
11101 27921 14122
19041 21469 8205
6475 17135 21626
28485 31553 22028
7007 28614 12525
14272 19544 15280
23143 26552 17288
12805 23861 12748
26003 29753 32079
8700 21526 26294
12373 12445 15026
7592 16238 21485
25549 29359 4023
6261 30480 18313
138 32619 31392
3445 27688 10201
7511 22146 11227
5476 25755 17515
4101 26941 19600
11107 18944 29619
14796 29962 18984
1046 4296 16518
25276 27346 11190
2343 4874 10420
8371 18255 8582
11180 23228 31497
2845 28559 10177
28149 28714 3798
2842 30148 6131
29021 30568 30863
18026 28561 16869
17240 21966 6519
2239 21252 6451
15397 27202 29315
9750 28179 10692
3795 9716 21560
16607 28235 15938
5749 32206 1126
13533 22527 3354
13980 32260 28433
5596 31571 26310
12500 26004 21933
3647 13853 31053
1655 23487 11719
5032 16867 16352
22715 31977 32026
3540 24564 30907
10448 30765 15160
16541 28337 27443
12993 29643 25909
1934 14100 24694
11789 14714 4333
1523 6463 26040
21753 25117 13244
6318 23996 795
9026 14876 29351
1935 23530 14843
1314 31627 6598
19235 32747 8203
10466 11485 2944
5258 24178 31363
9366 21854 17872
10822 29271 286
15736 23632 25825
7136 27342 9507
13496 25487 20192
25455 30793 24837
3042 3683 3930
18357 29078 881
12838 27193 23729
3174 3641 5448
1667 18988 20900
16906 21874 27118
2797 16465 14502
3655 31405 6293
12374 20493 12390
2667 19873 23162
10101 12200 22578
5391 21960 28086
5247 19926 32528
6792 13517 17944
17338 22645 17321
21843 23887 7609
2876 13233 28124
10346 15534 20240
7053 20790 27846
6400 20250 4858
23229 29975 8503
176 30356 8509
18009 23970 12484
6753 12651 20132
25686 32173 7566
25135 29993 4360
21771 30988 3746
568 14888 23960
5971 9642 1852
18588 22035 23376
5418 31505 2050
17612 22265 26827
6863 11408 17999
4086 28657 22750
1429 30965 11474
12937 31026 16825
9203 15780 26049
8512 19893 12657
16627 22612 11907
14908 23359 1504
4609 18598 28188
10851 31799 3366
14468 24202 6547
8524 11039 1937
7275 11548 6849
13149 27276 2606
921 28436 6161
6510 29776 81
15489 24090 1386
3165 17992 3137
14829 30461 19284
17326 24537 13985
17271 21144 11031
8887 12889 20865
6389 16996 4013
26945 32265 23409
9119 20122 5993
11973 30445 30490
9596 29362 20575
3177 11579 26842
12176 22500 15580
1398 21470 26965
26094 27340 2491
6704 15623 6724
4064 18639 18681
24345 25653 13131
17200 29767 24530
1786 2517 12817
13235 29582 10584
22318 30333 3958
30505 30956 3879
30155 31246 16822
4466 13723 29568
12463 14480 2390
504 31691 12054
5278 15111 23939
1632 28455 16310
2127 10264 26350
6151 10063 28494
25692 29901 2467
10858 29295 5437
1029 20062 13698
15555 28716 9929
24407 28383 8117
29656 30627 26080
11815 23236 12302
8059 29689 3325
3626 19061 5859
1531 5940 16260
27541 31903 591
12792 23785 27766
7165 11444 26939
9377 28827 20190
5003 7299 16025
11364 21731 1968
8142 18077 1147
7531 8667 6033
29507 29735 23141
6056 18821 10315
12361 14087 9823
1553 26960 28979
1551 21065 3170
23232 26654 6402
7279 12300 27866
16975 25921 13776
4952 20366 21029
9125 16929 7334
10903 27115 14956
24151 30484 30879
18765 31477 19095
4608 28422 19996
12048 16765 12994
1952 2412 19763
11945 29337 15007
16101 18602 25261
16148 23975 23127
15777 19166 28294
12901 16318 5999
20750 31053 6363
8932 12629 24525
21729 32706 10026
13973 28831 29290
7658 15754 22340
15843 31889 22553
540 14612 18633
2293 31757 17113
3010 16675 31614
5686 22027 1463
3030 17911 6915
16500 24296 26250
8683 31161 13337
3544 16441 4174
6529 27619 9686
6454 26892 30518
19258 28290 17869
23631 29426 29361
30972 31012 21838
2757 30582 30446
156 19443 12425
16871 18232 28384
17889 27073 13522
9537 9874 20413
13679 25961 30130
9745 30816 6522
13050 20881 31630
2270 28645 5846
15270 20711 11106
23320 32362 14370
6078 17281 7760
7342 15906 14773
8033 23037 6971
4811 13572 27454
21274 32269 2484
17455 22801 15423
710 2354 14893
4449 26485 15643
633 16773 18541
735 19381 3437
3361 23548 32595
9886 21352 6927
7620 15190 4391
1539 18515 26091
17400 19031 4545
7655 31714 17271
7708 25009 18429
3583 28963 18708
14043 17899 2580
9569 30019 28030
5908 29225 24503
1815 30219 12360
3012 20185 17867
13624 31124 15668
3915 7743 5576
16464 19578 29682
15297 17803 4463
27227 32294 4057
528 10826 32379
3246 4372 6901
22136 25718 9636
3233 23515 5716
2521 18833 6434
21838 28946 2437
11631 28971 1496
14135 29780 28521
122 14842 26868
20984 30113 24787
2754 19919 20896
18997 21682 10604
4557 32237 14776
8372 22305 31458
5886 6523 30181
14569 22926 18264
956 27548 15899
599 32611 1486
390 9603 5261
26507 30927 3610
2962 5492 8133
2403 21447 51
7836 15084 3748
27612 28705 1974
7 21827 13336
18934 22502 2790
26358 30409 12547
15364 20661 54
1845 21301 22632
23112 27286 26214
2408 24801 14048
2581 3274 23377
6835 27162 16572
1657 28200 32316
14863 14940 17467
21258 23906 11471
6981 16106 16622
17633 28386 28336
7649 17769 21066
13215 32686 29994
1653 31261 13319
4529 14639 4486
3463 32511 10135
2195 15017 22249
283 6163 1713
4216 11006 973
16689 26650 17969
10220 24297 21450
12008 30531 5923
18736 24888 24240
626 4126 25749
11202 25386 4810
1142 27244 6701
8140 14198 10313
914 31431 32465
5141 14499 29810
11171 14896 12747
17011 20485 29738
9331 14230 29491
8021 14441 20184
12197 15205 3581
29457 30407 9424
3690 15144 4937
3462 7656 19855
28185 31649 30459
30305 31240 9340
9723 20382 16155
4586 18776 21900
20515 25697 21190
303 9202 18376
4182 9302 14002
24972 26699 28121
5200 28144 4265
3756 23042 28484
13636 17689 13655
9151 9869 17063
23005 28412 13240
11265 21017 3237
13438 24565 23663
431 32233 2090
19115 23535 25171
22153 31332 8122
7019 7389 10081
10436 18206 22568
22660 31378 18298
602 13587 13417
21538 27041 12563
20181 26237 1355
8922 20581 32517
1974 19140 8463
7295 12659 23805
9761 22695 31265
7963 15900 18086
1727 16007 9740
9293 18862 26371
24414 30715 23507
19321 25500 625
5780 30395 16962
9592 24215 25632
17275 26259 17401
15291 21887 889
9535 10054 11058
15543 21171 16818
7016 28293 5575
4012 22550 10629
15045 31214 28080
6946 7069 24426
4076 4188 65
1762 3595 24247
25663 29349 31691
3471 18545 26069
815 29030 15298
7434 13359 19180
14345 22875 15368
3713 5612 28089
8032 23923 14905
7978 10273 29313
5164 19964 10648
16423 22665 3962
10589 20003 12481
9335 27198 30992
26421 29972 6322
15054 22219 23988
1529 8078 1252
725 30766 16658
990 27441 7008
15633 17406 12722
21119 30359 11737
4712 28163 24200
18721 22519 28925
11054 11582 21101
29915 30683 19344
3800 22813 29241
22579 27506 12192
20481 32174 4820
4853 13311 22895
1319 15202 6399
20270 27974 5389
26643 31738 13889
13265 23052 17535
9288 11423 15676
22892 24119 6599
8204 13565 20908
5513 21472 17378
17853 19330 8430
9205 15251 1514
21796 32711 21625
6969 18439 6575
28898 32037 5711
3208 15183 17610
8352 29086 8829
9530 19678 29224
12680 24088 22219
3616 13100 30001
23959 31863 1916
20057 25751 17280
22644 25631 29243
2006 24257 24903
7918 32353 14923
9439 14598 23224
8836 32438 14712
818 12151 10801
1838 3056 14106
27469 32517 3774
7452 21044 16777
1120 1405 25735
27873 28407 8000
18591 32359 22208
4689 9591 16008
13106 19608 5760
1714 14275 10421
4812 7930 4715
7536 30075 19915
31576 31934 1245
8927 24986 19978
18056 25071 5177
14200 27350 8598
1310 25094 25540
12509 26241 3414
10185 15723 22842
9706 26263 18024
6096 19859 8951
6405 20201 28481
15071 27938 9070
20518 23726 30966
8956 12771 7035
15621 21957 6458
12052 31856 20171
15652 29176 17308
15429 19147 22311
6548 32546 20744
13037 30718 16127
12356 17595 6504
2204 6564 5688
20008 31428 23815
16285 18006 14382
8305 18623 30133
159 13331 26314
418 1864 7386
3579 6702 16701
10924 20204 5997
1078 32277 19372
6657 14881 14958
1123 20729 29728
18657 30108 127
9382 10106 13584
6311 12504 10650
19627 32522 15822
24043 32355 7663
22556 29463 288
18564 31127 27066
1785 22462 23402
14457 28997 32069
30608 32433 19440
20716 26865 24908
13611 24124 23123
1108 8515 25848
14541 31534 7630
4796 9386 31180
402 19019 25809
20831 27648 10237
4858 5829 31276
6058 26887 5291
20554 30679 26282
27446 28913 17021
13701 17090 26792
26483 30634 12178
14099 23504 10230
18451 26962 2098
18878 26118 4506
15713 16307 13923
10118 26526 32247
14734 30373 10840
14267 30364 25644
8469 25935 6049
5400 26601 32361
15124 30962 16210
8976 18931 10056
18870 22855 26346
10999 27501 14491
26153 27674 21769
21637 28792 2938
6076 25423 11665
3200 20839 22494
1360 10024 20914
5439 25888 23790
4598 23355 25730
3566 13003 31014
20811 32051 16783
6809 7701 13787
8582 28508 19721
27313 27427 8178
17394 28759 23157
384 18224 8235
8151 24949 13363
3184 24378 28036
14669 18048 29829
16651 25008 12381
10418 13946 16642
27061 29058 31511
5687 18638 25486
22375 25868 19310
11717 15484 31862
16597 20725 19550
13303 24635 12483
10333 20422 24472
14623 31388 11556
1092 28296 492
21463 28091 26523
9346 14875 24375
14450 25158 20213
7521 16822 22877
7953 15714 4135
6137 25380 11627
210 349 1324
27081 30277 25137
17556 25424 22529
23781 31259 205
7894 26487 14334
18927 20105 9201
10635 18811 17844
417 5695 31452
6808 17359 16569
4348 8657 2904
9198 29051 29123
15110 32397 26440
14884 22252 20246
9573 14696 16
1160 12760 29799
29219 29943 32232
21370 22682 17207
3522 32762 8254
4624 31364 9416
24002 24059 16084
10447 11871 14459
20613 27253 11174
11230 19495 32146
4045 14030 18868
19359 28815 9899
18283 23182 2069
22616 22913 14379
10393 28938 20232
29277 31377 9754
22116 28281 14265
23472 29570 13374
9114 11465 30658
11894 18327 23009
17506 30844 29004
11758 17386 10019
4705 16334 15541
6436 17313 1755
1747 17207 5745
2080 16796 32267
6303 32709 25132
1734 31043 29081
9986 13206 7860
10672 30674 8898
16420 28536 7817
18350 22878 23462
9558 14695 7007
92 9763 11948
5623 20452 28272
4763 23373 19809
23834 25523 17581
11678 23159 28011
21844 23458 18008
24165 25626 19376
3553 7824 2745
7493 29535 27227
17513 29461 73
3202 29919 20952
3247 12638 9402
763 27130 30035
10994 13044 27543
11765 17805 31112
7882 23855 13608
8520 25349 23112
999 30322 1525
57 14805 13117
7840 30463 23625
23008 24755 23504
11469 24397 5785
8217 29823 12251
17467 24224 27740
7191 9044 4567
17309 18501 28070
15955 29174 3438
1232 1572 4904
14454 31647 18285
16182 23186 808
8251 26443 17060
21162 21564 21645
6302 23253 26295
18113 31245 4268
6571 29144 28323
11317 18890 5892
11972 16468 25399
8753 13659 22384
4250 22992 5675
13264 17540 22611
1927 23503 31762
11627 26245 15504
5939 18284 25441
4435 16768 23642
1045 20482 13341
21965 27028 10327
20949 24120 8115
19466 31967 6714
2360 32679 7656
5692 18783 14645
2511 24528 6843
7990 25124 17238
9885 29436 20355
6794 30267 22268
11247 12549 21181
5590 12379 25879
4602 23844 8381
16457 25880 23681
2924 12137 17432
197 25149 21344
14336 21215 18594
2061 22413 30172
7560 16371 12402
5800 24689 585
7395 11908 7014
25656 25936 5906
17436 30185 22375
19489 31234 21251
5425 28181 13941
15331 21118 3292
12444 13104 17776
2611 26649 27452
6503 6618 30104
7549 18533 9551
6764 7067 11810
4036 23537 20507
12237 21938 2079
13751 21498 4708
3499 17345 3328
2720 18088 2353
19690 28582 25651
7292 14658 8190
11737 13744 28415
2963 19170 11365
28893 31632 11017
7742 17764 18207
23583 30684 8414
4310 5589 7634
17525 18585 17413
10124 31818 31051
9476 21922 15259
2122 17623 19196
6187 29756 13631
6582 6883 29607
13830 17387 13401
8295 29937 24489
13138 26611 30775
9354 19236 21299
18543 24556 22635
14542 14617 17458
27563 28282 25978
2964 25966 27341
9590 16934 7504
17761 27454 4935
18200 19102 20927
8320 25680 14018
339 22663 13441
21742 24987 20984
28247 31855 2265
27926 31028 25279
22945 29263 12785
3346 14889 15841
3735 27417 11185
6422 7556 16571
11535 18011 12783
5039 10612 22975
17628 25507 27966
9795 29945 15743
17972 18552 30861
13470 30501 16912
3578 20384 30585
1153 19795 24046
20547 24505 32090
3749 21745 20648
4622 9195 24632
2272 23001 4297
6034 18484 29344
3510 25237 20642
13405 26256 21185
5021 20925 11100
1128 26473 19972
5960 13260 28723
18343 32413 21528
3364 15034 9648
12196 20448 15656
12508 22870 15363
7161 17484 29611
4549 19356 26766
1049 22621 28173
19907 30030 7346
4925 16231 30239
7400 14417 27325
5705 23403 11178
1028 12735 19985
10722 30958 12410
9215 20707 14739
3652 30141 11853
15733 29070 32302
9096 22602 11093
11983 24624 9174
9424 11558 32034
6629 32673 14529
5487 8328 17452
22920 25366 24623
27806 30477 14523
7237 15067 15302
28342 29936 26326
13369 25000 7408
20603 25831 15666
18775 27241 32416
1373 32737 8158
4219 16858 2595
17940 28674 29718
11832 30331 10238
8904 18236 21366
14145 25089 15839
8041 17489 25434
7619 26037 17487
6965 31684 27907
3714 27732 11632
26574 30632 19160
18190 26683 16693
318 19150 31473
4299 17057 9588
8229 27329 8054
18296 31921 28686
10524 30376 25346
8665 32452 7371
1972 7746 7649
2398 15890 18952
13607 15996 306
2314 6337 17569
15936 29917 4383
28146 28981 951
20221 32350 4205
8248 14241 4848
10696 16578 24248
15032 15507 26659
3406 12533 22658
16984 21480 3531
14401 32341 20567
19783 24021 17760
17619 25476 21687
13880 17746 3287
9859 30089 8815
13674 31849 18470
9605 29037 17468
15802 31272 12545
3830 6631 5943
3952 12809 24176
8628 20158 459
7781 18493 4143
24008 24422 768
17573 28656 24017
6559 10450 17071
420 11260 27497
16023 28758 23225
16539 32535 10871
1627 24491 11968
5663 32137 24613
14687 24642 25628
5083 8285 18040
7362 16149 6555
14806 20282 16987
3216 29470 5606
6907 13004 12908
8996 15989 19118
10267 17472 25302
14337 14630 19382
25268 27505 21508
2519 5339 18324
9717 22388 13075
23000 31936 3449
11648 25029 13748
539 13954 2738
11862 22432 15400
13512 28553 22818
15271 27836 29897
4283 19591 16941
1479 6411 3663
19101 28351 31652
1435 31187 25332
8489 12098 22420
13981 20877 13550
16216 26306 13221
5378 17705 26692
16305 32113 13935
6395 12415 19083
19079 27720 31001
30705 32262 31340
8177 29578 28525
21901 29306 10926
19453 21351 29803
22267 24901 1834
15934 21242 29226
21025 31908 15376
2865 17480 13506
18852 21404 6354
11850 27382 861
19419 21816 23659
30423 32523 21546
5131 7548 20671
11447 15810 17411
753 18218 18385
12836 25173 22014
27408 31548 131
4668 10427 16247
12365 14187 17624
2285 28980 25668
14040 16444 9556
15605 29235 15594
5765 15726 28132
3001 18080 8720
7403 7598 30217
456 24850 21272
19878 24802 13790
8874 31782 19942
13188 28788 14446
3371 26849 14187
23164 27807 6556
7581 16677 26206
24113 26614 23882
2937 18339 16228
14335 31000 13068
1115 3154 2395
6800 23553 26796
21713 29399 2468
9144 17478 10793
8458 17757 7172
7374 16134 31596
10540 25976 4500
11974 14646 23885
29154 32484 21747
4530 32518 25685
8526 30023 1327
3146 18433 29085
6160 20788 19877
2827 23352 5000
12471 20757 22045
3752 19060 6784
2505 21722 14628
2522 3671 22414
16941 17448 20600
16083 25720 17089
555 31265 23672
20310 23061 8146
3745 24514 20538
11574 21297 26384
26072 27726 12528
13819 32496 7088
8575 24075 3013
7253 25344 26015
15353 19891 7543
26541 28717 10373
12011 31973 18584
15586 15591 16631
5741 13559 10280
19804 31945 19345
9152 27901 28104
13884 21035 520
10985 22614 10773
25062 27225 27591
18421 27392 2316
20927 28460 29428
2076 26321 22486
6226 17538 29238
1608 9632 669
8121 12278 22052
10558 13870 10427
17629 27220 11906
7769 26435 17119
21068 26909 1552
8224 17750 7447
4630 12888 4568
572 24614 31278
781 5211 22664
5885 20355 24348
6504 10728 17165
10148 22158 16053
18323 22865 12222
9239 10971 14025
12686 24667 5411
21491 21835 29998
17630 21511 8344
3835 25136 15729
2166 13145 28195
25246 25639 27313
22253 25931 19989
3163 10769 3874
13272 26888 10386
21085 28103 3856
2952 12803 18713
20307 21557 18478
8281 28737 20358
3697 26312 19934
2950 26476 11641
5538 17903 16209
7358 23756 32283
6870 29539 8225
4707 32084 12553
6244 15821 26538
10059 19529 11284
5946 30265 16780
11633 25741 10830
30313 31902 588
16284 21165 17209
10596 23251 8592
8814 17912 16608
1998 10684 24689
17988 27599 18629
2779 24701 16971
2601 30573 21033
4654 32148 4298
477 13927 27131
25315 30886 26556
18201 27690 6159
29318 30737 22474
2192 12130 30505
433 15304 24078
4493 19549 30814
3664 20721 26835
21313 31482 4329
14650 28059 12676
7038 18275 18483
18740 32408 24605
2139 24956 12518
4891 7558 955
7108 30120 8844
22020 23190 7476
9292 24139 21726
11892 26103 15496
7965 11517 30887
15527 17711 8114
21550 32115 19010
449 21256 31728
5173 20466 2877
15870 24469 6241
11261 20862 1867
333 1510 15685
17004 26444 25822
1251 25707 1121
11382 15072 2950
11567 19968 20568
9297 16900 24872
15658 21963 7232
17158 29806 20152
3796 25330 18455
22187 32583 15767
9598 10812 32139
1644 15640 15992
16600 16799 20446
12158 24961 23651
663 28800 9012
141 2075 31402
3656 26678 25190
24731 26415 18089
9725 20682 18449
13505 21265 19623
10 4447 27606
14423 28921 23806
16674 24912 16447
9229 10559 17656
1027 5429 30335
6310 19720 30721
5435 16280 1994
7639 22691 26861
13246 25946 5153
7435 32613 31233
15834 28774 14671
4755 9599 32054
11743 23366 21649
12681 29702 13498
11726 20461 24290
1065 5440 3934
12302 29059 29706
47 17693 11232
20828 32343 6587
10165 29487 8597
16535 30839 22799
14154 30961 4219
24906 27815 1122
4820 9081 13473
26302 28032 20124
10791 24006 19647
7834 26513 2541
1201 29746 2642
24455 27177 31660
1598 29331 32388
11725 12392 26537
19566 24839 27984
22802 25483 11177
14571 17156 5933
9549 18498 8467
5399 13710 11142
7198 14964 4975
5264 31500 21324
269 21589 26173
14802 19310 24342
10796 19078 18456
10870 20093 30837
2969 6378 8209
20332 27892 5081
3386 8315 15593
19407 21174 20421
5972 6782 6245
20691 27153 16829
12852 19786 11681
164 10250 21305
20 29491 5165
8816 25602 20782
7719 14284 16163
4451 19905 9486
14302 17644 29170
3457 23835 12797
24278 30830 24861
2200 25451 26914
23677 30018 21786
19640 31022 17066
12875 13048 3512
11446 27615 5318
1486 12148 2704
3959 16447 10290
16967 32543 11848
111 23559 7862
2237 9437 6658
9369 12284 21234
12576 23249 13667
7936 21181 2796
23870 32730 1723
32379 32732 29022
965 5174 2271
24550 32307 17527
12208 17908 7293
19047 28795 32358
9379 26265 7325
10618 18405 22454
2135 27490 27442
8241 22571 27450
11362 22987 28755
11836 31334 17282
23310 26494 16102
1298 21386 6065
21692 28244 22265
6522 21128 29369
4806 21334 26741
8396 17822 8961
9890 21677 32531
17567 25688 10921
6580 15715 11239
6500 15315 16892
16219 20190 6711
21487 32295 22600
1603 10003 23880
25220 28452 2922
9426 24022 15004
10248 10371 2365
560 5447 20278
18187 27445 18513
18815 24676 12420
6440 10566 29481
143 23451 29883
11359 27531 7557
8303 12376 10571
6012 27302 13988
14871 27933 16588
4868 14391 10087
6859 8615 21718
20334 32595 17433
7174 22370 15267
19886 25413 25844
27012 27296 3141
10240 18139 18593
4648 24220 31985
16326 19656 12331
3078 28245 5009
8104 24860 30766
15573 19900 28519
12538 16924 17429
9910 30912 16158
1047 25370 24628
28222 30851 15294
8897 24264 734
13993 30315 28856
26091 28542 25998
11543 14663 17634
20047 31418 1020
4399 12345 6540
10080 15375 14654
469 19923 16356
6174 30881 7829
7218 9876 18660
12486 26056 32739
5536 12856 8948
1773 11793 3474
10067 23620 29160
15225 20533 31815
24595 31648 6386
16454 26692 6930
13132 24871 4180
7690 28917 18326
14074 26496 2106
6837 17307 11147
1112 7393 22780
9385 14270 18826
10777 16456 17221
6371 25160 23941
19322 25553 13840
28206 32124 13723
9839 20194 8917
19708 23604 30877
19462 24574 8519
8114 21529 24187
13173 16916 10929
4621 31446 6401
11551 13585 20711
3345 16935 26951
1163 21344 18110
23984 30710 24180
18512 20274 143
17830 24485 2502
25777 28329 31953
22889 25584 20065
2032 17412 32289
7925 10155 9011
5746 11332 6284
16185 26172 396
4881 11378 13024
12244 21397 15777
18556 19885 11005
1991 19554 29126
10472 23220 17404
20717 30754 7687
31225 31527 5991
6998 15234 32378
15682 31665 5300
19342 28580 10473
4403 31102 31446
10496 20597 3868
15303 25015 32122
8968 24450 20604
10761 19363 20137
23032 24228 7780
2584 11100 11103
16877 22291 2710
762 23214 5502
16506 18729 14367
5379 26400 25533
17157 25515 20349
10545 27210 32231
951 9944 7783
32050 32576 29040
5151 18599 8647
21717 25278 30061
17305 25123 10470
23985 25192 27746
6725 7883 13335
11480 31755 19770
16041 24334 7868
22516 28538 1495
8095 17590 14605
24150 31198 29175
29600 30058 21361
23582 26238 7379
9410 12531 17907
1637 14039 13392
12664 32553 14695
5365 24267 24185
11353 30414 5563
15274 16991 25967
4298 26548 6798
2813 19657 27480
1256 19272 8238
2750 32020 2732
4453 25517 9176
7814 15533 25654
7621 24957 16351
17333 24827 10708
5347 17443 16558
28470 29623 916
20912 31801 3556
2920 19957 1635
4256 16370 30137
1316 4115 17858
12018 20997 31523
7688 13523 28690
12844 22510 27525
5515 31210 5101
9709 32475 18533
16011 28286 27085
1834 27263 9324
2468 2977 13159
6140 19791 911
5782 29571 26449
15669 23100 6115
3333 20360 28296
13599 28618 10114
7577 20767 9775
108 21586 8847
6806 15473 8550
9414 23558 14416
8440 15082 20905
8884 12845 25853
11076 30389 8480
19283 25206 9134
17229 25849 12277
5806 27362 4068
1094 22724 23428
8185 10458 12155
22952 23748 3570
170 20237 16936
5075 16714 7308
11840 27406 31650
4636 20388 20840
14465 32607 17369
12501 23180 1438
25022 32194 25344
12713 30728 15645
677 27838 15071
16430 25736 13573
21193 24143 22230
2680 13975 11813
9357 21714 21236
13864 23224 20275
8138 26693 10390
9308 12275 2794
26571 32243 13741
6452 10020 32764
8978 24477 11547
3390 13658 10013
1279 22495 5823
661 21435 21390
12948 30795 11730
4971 29737 31376
10407 31511 7870
14592 17097 17080
11466 19643 29281
17530 19425 19583
2209 16560 6344
4640 26702 11278
19704 32136 24790
16166 25348 12930
16904 21411 26155
13076 32036 31603
4638 7961 22022
10382 13641 16567
13348 30645 23413
6774 7204 4533
9153 14376 5265
3629 11052 6137
5678 26063 19791
978 2914 26696
3125 11746 12954
18633 22332 9209
23346 32721 11272
19993 26551 10777
11302 29023 10781
9710 25290 3052
12519 16114 10862
17395 17978 740
9469 32567 4134
6345 21821 11500
2926 10925 2449
21007 29989 8461
605 7356 10524
10170 28976 24910
17237 18125 12189
13259 30646 7809
16718 18777 105
5884 7207 22119
7760 14109 12080
14461 17867 6926
12903 28676 9626
29242 30713 19609
15163 22973 30501
23165 28529 29083
8093 30017 29088
9796 17744 19834
30244 31874 13724
4845 29409 2151
7081 16281 28095
19205 30459 21919
15393 28924 9014
8487 19169 28060
18229 21032 18019
5974 28425 9726
20596 26228 18966
26579 28541 26929
30262 31591 17376
19313 24438 28117
11942 15497 22316
20077 23097 27209
9922 18499 1686
608 7158 3993
1701 11023 2744
2289 10160 14173
903 24808 9769
15066 20492 31487
11187 21879 10495
7603 17866 15003
1377 4786 29797
17925 32596 27897
1198 18748 11971
7144 28668 26890
12619 20958 26759
12167 26199 29404
2716 4360 28266
16405 31732 74
75 158 19048
1221 26242 27236
24915 28023 18497
6919 23488 24992
3290 26589 4879
1416 32508 6254
2155 9965 22965
7790 14090 4659
25156 25804 29849
10312 18278 18914
5232 19333 31151
2363 10716 17055
2872 7998 19230
17816 26742 32209
20417 32393 597
9265 23941 12169
6561 27968 15764
9688 14185 12147
21188 27939 15443
2133 22746 1259
21012 27918 443
15702 24965 21376
5022 11866 5187
7588 8341 20092
3622 4290 10875
16534 28420 21169
15530 17339 28498
6611 8834 15702
24082 32259 11369
10026 20377 8836
18838 27978 5196
4465 32697 1725
23593 28151 28283
5326 10584 21090
16347 22216 26958
16028 29925 30156
30007 31034 5822
18321 21969 15410
3619 6203 853
6638 11898 31752
9068 32276 27037
27861 28234 7461
25812 31454 22784
11352 18712 5199
15165 16556 28717
853 2749 1765
10345 28819 7931
5979 26542 11214
4766 22962 11576
7512 26718 26867
7515 21323 469
12918 21856 29276
9059 16623 13236
5315 11523 15128
16907 21912 15010
27677 28228 25716
20140 22485 25061
9877 12946 23676
16162 32081 25235
9577 18246 6330
2954 4538 2066
7095 14147 15164
3698 5673 2771
12202 14723 23345
9352 16197 9950
26391 32012 4945
3711 14249 24044
2539 32042 26159
13171 17794 16395
4749 19736 15190
1133 2260 26144
30780 32043 25112
4804 29594 21497
5703 9129 15578
1501 23690 15950
13795 21579 5313
8271 15362 12055
13646 14081 7119
12363 21070 30381
392 3921 20408
26332 31084 18366
8811 14939 31176
2703 8466 30184
8507 19071 10350
7600 11072 13969
10191 32453 9413
9857 15343 10255
8398 30723 18042
9182 30442 28719
27100 31952 29912
12484 31075 16991
8018 11645 24396
8607 13060 7978
2326 23505 19423
3832 4679 28631
4423 17276 24037
30615 31289 21458
397 25368 20419
3220 19188 31765
2422 6092 23214
9823 11755 24401
1230 29880 2154
3504 13424 18193
7973 12079 23101
22654 31636 31032
17804 30001 22665
24372 30085 7287
10561 13282 14847
13939 19095 23579
1462 13226 26888
3376 19201 1134
7231 19637 19867
12966 29433 18747
9008 23213 14489
15787 23381 9861
1159 11441 24181
19559 30065 21006
20708 28775 15973
11436 29893 376
5107 23280 233
22433 30254 29071
28719 32327 14599
12123 21333 25523
13095 20439 9120
16214 31317 3541
3201 4130 6827
7516 22655 4912
12726 30813 28722
7557 14934 6342
8189 12056 11742
7133 17618 19644
22863 32094 4822
4594 32055 5285
26867 29935 4528
3033 7553 31451
9627 25978 5264
14576 21172 634
2477 12333 21536
23958 28577 16132
1295 20705 14386
1451 21891 17460
644 11643 28594
14946 30889 27478
11138 19167 7841
22789 29793 20151
5223 10663 30619
12823 25839 12847
9889 31242 8722
7077 12616 16661
12120 28132 12063
1014 8992 8502
1379 25304 12633
5674 20235 8918
10723 23624 17482
7617 19796 17685
13657 24270 6725
17034 20413 29893
14273 18546 8201
216 17115 32011
13959 24015 31106
3023 19053 2172
17136 26676 15200
13718 22190 11778
18464 19816 32666
11571 32023 8822
12738 17182 2554
8353 17606 25124
12529 24849 12008
11656 17957 28801
7194 21080 10369
21124 26141 11489
23103 25601 18773
13660 23653 19528
27980 30513 6114
19195 32061 7891
6506 14069 13807
14038 29376 32042
7571 21726 29325
11831 14693 8484
691 19754 11803
1440 28524 25717
31223 32293 32521
5027 11232 10988
7318 10413 9714
18249 20630 31223
5180 13410 22754
27899 30269 11789
17566 23093 27508
20106 27150 32236
1873 29944 10786
4987 5338 29102
954 16647 31277
15698 32608 19773
10888 16879 22645
3094 25883 9921
5722 29429 11065
9465 13458 11944
6556 6738 6595
5214 18797 19666
8080 15537 981
11452 11920 22069
14816 28219 14554
11857 12583 6795
8358 26148 29406
30191 32072 512
3680 4311 13219
3586 31674 29229
6843 32256 24580
28845 30547 18769
778 23400 1901
14757 19334 14325
10992 27433 4488
2369 28970 17449
17847 26647 21507
11835 15306 31597
23573 28560 9630
11228 14076 2988
16264 28107 15871
7345 20876 5442
5961 15816 9646
9446 16168 7406
17832 26912 22228
16152 16717 27915
7233 26390 235
3695 7902 1642
18996 22977 4155
11125 17664 17456
5420 13196 556
3814 24104 13348
2044 28886 14422
9224 28605 122
5115 32482 2528
5385 21968 10032
24940 31670 12392
15832 17197 27796
12212 14278 26613
17373 19659 27459
1622 3452 18844
17104 24468 10352
13074 23701 17384
22115 25332 31956
24370 27344 26633
6595 32255 6238
13908 17553 17843
2533 10390 3143
23877 32651 10486
13020 27295 16026
8771 28833 7708
13520 29000 30561
19114 19497 10078
10058 10232 9838
7115 24842 11645
6568 22073 29161
17424 19432 21432
4004 6401 27693
25705 25878 9117
3123 5613 12310
26524 27998 14680
14095 25905 20284
4184 18287 27827
9976 21432 917
2405 16982 16862
12734 20943 6239
5737 7624 13416
21793 32140 17490
27251 28782 28577
5889 20480 8904
7082 11903 19812
22758 29114 14500
6896 20097 19684
19014 32761 13818
5475 21678 2943
2896 18952 14308
4920 5018 6549
825 21824 15885
7372 23425 13792
306 553 7206
13503 31147 25131
17692 30901 2953
6982 25611 22352
2975 15667 17422
30194 32310 18463
4828 9615 23845
25617 30036 28154
18027 26012 1311
2536 28698 32422
3129 31376 8076
3527 14024 11773
4687 31734 29413
4116 4832 25545
1185 25049 4100
9646 26983 11355
7976 17696 31135
6904 15336 957
5897 26554 8692
11697 25260 11676
20073 23942 30338
28300 30397 9727
9738 10749 24968
454 5208 15635
4816 7693 17042
14409 14904 30118
2033 30764 16833
14357 20364 30832
7354 27402 24165
879 12287 25575
7900 27611 9733
12220 16129 32095
1809 6666 1668
1867 30214 24526
1750 25481 30550
14295 19016 15900
3472 12064 2418
9546 19132 15692
19148 28906 26468
19324 32478 1920
19284 25757 16694
4069 23663 10454
19021 24475 13489
16322 31944 1162
1356 12727 9099
12555 25605 14327
1597 15006 23315
2276 8433 28981
18 23508 21997
9734 22220 26334
5043 14132 25395
1691 18769 18828
612 25006 133
6398 8278 28072
387 17080 11565
20253 24253 32577
8822 15957 27851
2710 8057 2915
4930 25295 4694
8476 24186 210
854 7180 6679
13749 24678 11222
7206 26733 19889
9762 22986 25142
10849 11493 23667
11415 14368 22007
29939 32228 20013
1074 31771 9559
6072 24745 14869
19 11801 29184
3872 27128 29038
19691 24204 4704
7341 32705 13155
13976 29955 26223
24833 30638 4317
17118 29824 19838
11277 14443 27657
1716 8547 17595
1407 32172 24742
5444 8751 2213
5466 26477 25369
18213 30935 10200
8460 17252 15203
19277 30043 32202
7798 20759 3889
5392 11713 9817
8027 13152 8599
21100 31493 27741
23884 25109 5355
24286 24970 2815
2053 11482 20682
826 4143 19104
1948 6319 21242
17636 17880 5363
11259 18429 298
21733 23633 2946
3411 3681 18800
124 4105 6445
15074 27463 6351
9897 13297 8295
8746 16070 31868
12423 25687 3460
14169 27025 5371
8994 25429 28789
22145 30923 7494
28049 29855 4607
5095 22911 7569
7878 18075 8788
6299 24861 17233
7242 28557 32547
10114 27526 5036
4531 6456 30741
16342 19580 29080
16394 20709 24692
25105 29844 21756
1808 14037 17914
20820 29208 4744
18669 24195 16306
10625 12627 8590
2553 11556 30378
29517 29898 29818
18202 18615 317
1984 29781 18792
8407 26361 22657
12553 24400 3327
17715 20406 21894
9521 15846 21613
2037 15195 1457
10621 12231 4086
13474 27946 22748
19028 28480 30684
23907 31872 31168
6735 12469 19199
16520 22179 868
2203 7286 5310
14952 22247 1116
10916 21179 29687
4200 30540 17629
1986 11821 13570
13387 19950 14388
11662 16604 30905
302 13873 18459
19433 31673 5311
18919 27913 4457
10530 21034 9859
12009 28539 31470
25835 30878 8180
16039 26378 27888
8546 22961 3326
5434 10854 13871
5760 12398 30942
148 18998 25515
28826 30386 849
21583 22046 17700
24551 31462 24421
7470 8279 12926
3960 10081 6224
749 22563 18353
4491 23361 21383
3581 13593 29447
16740 28417 1942
17714 22906 17400
11768 27431 8281
13160 28171 13301
20459 31680 2123
21266 26606 8326
9670 11748 30431
6175 10623 2482
5049 6640 80
12560 20905 19968
7510 26166 26930
10147 19175 28471
14804 22218 24695
561 2836 567
530 18185 21260
17148 23696 7220
346 31466 9598
4848 29587 15281
9586 23732 2526
16686 27707 11374
5183 17268 31076
5957 12177 26417
11057 32559 5638
2146 29397 14801
5563 8118 24296
4445 9525 24883
18504 19857 10623
20143 23931 27356
12337 27640 22803
7051 22491 10206
393 19049 30567
2736 20562 22432
25780 31165 19181
9903 27561 12533
4644 8805 27370
2995 11605 11255
5654 14636 3986
12128 30781 16089
27584 28054 6560
5619 16764 9267
5592 8588 2310
961 14975 22978
3922 31208 7986
8562 26532 23369
4286 6903 31477
6791 29617 7902
21818 26898 8378
4505 7080 12047
14853 20371 15774
10926 24594 6256
16367 27758 13660
12293 29654 14704
6501 31960 4758
3228 3936 20310
26 20465 3623
16921 32621 24434
354 12317 1750
1031 2123 27129
17508 24735 28781
24645 29842 22886
7281 27791 11562
2898 21554 19799
65 5084 19137
6849 9561 14333
1846 13110 2865
11978 18413 2384
1968 12140 10986
2180 10988 16480
17996 24230 1243
13460 22832 575
9312 25324 15966
20075 24679 29471
7827 12039 12174
3725 22444 16882
997 10981 16583
6961 18479 3867
6525 31417 1807
4912 31489 6010
292 28088 27743
14303 31064 17049
24274 25753 12476
258 23468 15726
3903 11527 2126
1682 1789 4626
20674 24838 30732
2717 31781 9547
5405 20228 12761
2564 10161 32285
6354 8266 11026
13874 19834 8226
20120 31401 14601
3410 23390 16754
12352 27960 6034
3475 12965 23386
2781 6237 20639
8721 21812 7885
1890 10289 2293
6925 29350 25283
2313 14287 18943
1087 3666 21953
20823 27855 24346
18938 25915 31077
9754 16117 26963
8853 19629 22273
6069 20939 17817
20687 23305 13574
5545 15648 2857
11412 23145 6424
6462 18653 27266
654 29128 2109
21402 23486 8130
11164 32358 8540
11110 14161 24842
26325 29097 12011
13546 25526 1721
15359 31867 11160
13971 15880 13239
32242 32333 6230
29265 30759 14010
15089 23016 30646
5254 23878 22122
7731 17998 24209
17949 25491 11258
2484 25613 29042
16999 27623 13576
31182 31774 19193
472 26136 22224
27182 32045 10134
7596 23350 17703
3987 5802 20367
28090 29092 21146
11279 23387 28821
9624 21415 14221
624 2993 9967
24553 30520 13538
9914 13809 22766
10381 13510 24449
3186 23667 13423
18542 32718 17110
785 7711 26036
20530 23278 10767
17378 31982 30990
1413 24876 26401
22852 32620 21224
1818 17244 11946
27036 29564 1462
22583 31107 9761
13301 23953 4319
7068 16306 27323
15753 31206 6905
3904 15222 25043
841 23337 12033
782 5588 27869
16820 17055 30577
19823 20191 25494
21243 27029 30404
27355 29918 10289
26098 30493 3224
26544 28770 4653
19145 29705 27799
9078 11472 21543
11818 29403 3267
28285 28357 15497
13570 25678 11713
22135 23999 26253
2748 17783 5144
9612 31552 28897
535 2619 18912
15549 29135 11368
279 29954 27549
18317 26670 15328
11677 16580 26181
7001 19514 31696
15791 29789 23743
4430 14579 31568
7563 8176 17072
2082 11409 4309
21110 31644 3832
606 16384 9616
3852 11090 8066
6497 18722 7994
23694 26883 31191
12024 15734 17435
18807 28360 22936
27668 32263 1078
7490 26190 7363
15550 17163 26333
93 2764 8567
1189 22451 8805
14527 30197 11581
7201 18020 27056
15944 32403 6644
4599 20153 27512
187 22426 26092
87 9440 24015
10150 23538 19039
13467 20076 24150
3261 15946 18927
18240 30701 15691
23482 28000 8340
2395 29537 24650
1739 21609 5093
270 3700 2648
21946 26116 21975
200 28920 20215
7716 14990 28888
14832 19301 17364
14452 15449 7375
11235 27403 4596
19250 19569 31156
1234 4645 31009
26872 30394 1666
7715 19701 31407
4709 32592 17312
1362 24997 13722
12228 20999 16402
20079 31484 23652
7186 23407 26840
7937 26486 17403
3696 21619 23111
20455 25410 6463
12347 23398 18226
3052 16332 18125
20643 32049 9893
4067 27186 16871
18921 22298 18661
16006 23865 22949
8079 30280 6817
20288 20647 17941
105 2348 22443
3620 3929 20778
1570 14438 20939
9817 14972 29827
2591 14905 17177
1528 13764 10799
12941 18816 15078
7821 11001 20354
27453 29938 11117
11641 17108 30889
12756 30719 10749
3451 14825 31544
16123 21212 3152
9007 30430 1806
7972 24219 20806
5367 19615 14803
6669 21247 29577
14689 30222 20116
23625 25807 21454
9105 24881 26745
18873 26636 28905
23287 30274 30034
9294 11129 21349
6472 29143 23598
12945 26799 7497
5015 6201 6570
24554 31750 28599
3803 20795 14650
13644 14700 2783
26952 29730 31937
1183 9984 17488
5002 5277 15932
1283 17428 7446
3073 7597 18255
8703 13317 2031
23040 28257 7795
8658 20490 776
12368 16633 17785
10928 31119 14426
11435 28814 18139
8712 26732 23660
9781 32727 9180
23700 29839 28208
16669 28097 18668
5396 5691 21923
22558 27687 31291
19576 28850 5416
30178 31229 19027
13041 23347 16112
22603 28365 722
7021 30909 5107
506 19686 8204
2705 9394 24943
17570 23843 6327
16864 31157 4203
8745 12349 28696
2693 14014 15517
8461 18781 13252
26502 30307 16993
6388 28435 4276
20085 30086 31463
2790 8813 31037
15812 23110 6977
24200 28703 17319
7486 9185 3288
7626 30840 22017
603 4110 31901
7270 30380 17040
25979 32629 14908
13797 20428 15765
12390 20706 11793
14838 28760 19318
7272 17666 24838
21978 25895 18416
2531 7149 1435
25108 31631 5248
15520 31596 15867
4316 12394 26934
3530 20434 8957
8141 32048 18614
6825 24879 18332
16296 19364 18383
6391 24563 16103
11341 16087 13076
13271 17255 23853
13978 20365 26756
6575 20387 3620
25437 30440 3628
10951 26138 11656
22720 31696 24950
2713 20783 8229
6613 30562 11577
11246 23812 5624
15040 23427 12719
14214 18636 5842
8798 12989 1975
21273 29996 16728
239 11867 4220
24056 28848 10188
21027 29305 18112
2066 20977 7364
9887 21272 16699
1823 23161 28485
8331 27779 16386
8648 15181 24188
27994 28389 4320
15253 26344 19637
7084 22009 22843
27792 27920 12765
5851 15450 1056
3104 3850 31934
12874 17398 22687
5727 15941 7813
27662 28078 724
4132 17382 31698
23134 32375 7330
14019 29098 12050
3196 24787 3762
11477 32129 29605
10221 29216 2433
975 6959 21457
11825 28816 6674
3397 30321 10815
1995 13239 24029
6988 15971 12164
5190 31492 10680
8019 25879 15705
786 31575 2075
19104 26315 27926
11384 18825 18092
6266 31583 25588
3954 13185 27566
29 14649 11002
694 28632 14715
1430 12609 12109
25238 32587 1967
3038 6841 12407
2974 24069 6426
6967 28080 28032
24526 27248 20008
24920 31679 18748
8459 11694 13834
2921 7793 29514
1275 8252 10180
1513 23525 6305
13957 26070 20231
14980 21226 22964
5348 12938 5903
2286 22141 11701
3534 17007 26608
4643 17871 29685
3055 11004 27400
5714 29299 15819
23542 24852 16495
6620 8873 4418
17075 27902 15620
8267 23434 9649
5902 20601 27253
23354 27906 5951
12291 32584 25017
16514 24353 7181
492 25636 9718
8456 26318 25298
14983 27903 17463
9752 30906 6619
2918 18443 29789
1943 10933 14280
8117 19895 12494
2102 5983 9707
24 25954 19390
17029 18907 23075
979 8346 26753
949 10140 1406
16946 28613 27968
10274 30092 17896
10937 20068 5480
1715 18244 24217
7059 11422 27951
32415 32750 6908
14448 25248 4331
2583 31871 31870
22326 24128 9712
24711 31718 919
22150 27432 23353
19685 20386 30324
20872 29197 5118
3495 26756 26943
7889 32159 19727
21691 22238 6593
625 23388 3972
20159 28822 11845
23737 29932 3479
6831 17837 28576
9543 17650 4873
9564 25112 19496
10426 32581 22301
13245 25940 26794
24048 26191 21320
19230 29802 30774
6732 30143 3506
10485 13276 26019
21289 25655 17095
11425 13363 1493
8633 29599 18080
21476 26600 11030
19348 23590 10083
732 21864 16944
4604 18655 19676
20414 24742 29862
2820 24519 27342
1325 23915 17916
7612 15627 26948
18516 20569 19187
8208 18951 572
8783 26536 13512
13892 14877 21045
18266 22390 26134
5098 14380 25463
2925 29189 12653
11238 24153 18608
25711 26827 8989
3535 20914 494
30240 31795 31867
16299 17668 23752
11194 11612 27276
24898 28786 23793
8538 31383 4565
15885 23307 17876
6205 18135 26100
6527 21338 2941
6949 31385 26819
26804 28661 30670
2081 5857 12923
20851 31622 12250
2045 31854 19919
16831 21387 29257
8037 25235 13483
11262 24518 1112
11041 13637 2030
1743 9726 16872
2433 13564 6206
3444 3894 20271
20015 22439 31167
14907 25152 3346
15529 19304 20148
6453 12539 12232
8738 27555 14999
6333 17194 13289
14235 32726 23398
15501 25552 25670
548 18975 1768
22419 23020 22106
18035 29302 16488
22649 32207 6277
15752 31442 20359
6209 30831 16767
27724 30876 13953
10162 13384 19625
8215 8945 14495
27196 28594 32444
21164 28193 29560
2860 16300 29821
1709 4847 30452
598 13334 32075
9617 11497 11715
8011 19376 23498
7415 9724 7965
16147 18651 7160
20926 30922 13974
13628 28909 14492
11937 20781 2284
2899 4127 27185
11111 16351 2473
2630 7085 20422
3885 9472 11736
28666 29952 182
22820 25911 19362
2409 21975 23612
1204 13542 17016
2718 12637 7377
9557 22871 26920
182 18735 5812
3877 4280 17812
2158 15062 433
21749 25730 11621
8365 31588 32426
21688 29335 18273
15847 24897 8603
16207 17800 480
11437 11692 6752
9693 23820 17975
10830 14620 25292
9154 16279 10949
8916 20690 9904
4039 15221 24879
8929 22422 9795
22847 30080 4714
1070 25920 16535
6077 13831 26483
5406 28449 21467
5901 9486 26815
25782 30617 14197
16366 20963 21533
566 17951 21362
2388 17688 20218
12218 20446 2072
14261 18161 3526
14405 16630 18061
4301 23430 24696
15340 29721 1348
28172 28841 6047
10492 31729 31984
9311 22494 16360
14047 15046 9028
2657 22210 20737
11197 25178 23662
6264 25307 12024
458 10207 20295
13374 18742 27233
29185 32177 11984
9698 21050 1282
19609 25329 21131
5311 16361 6482
6097 8089 15501
12974 29358 7000
10036 21341 15715
12019 14330 18774
16567 22503 19335
12770 15564 1820
13393 23919 9960
24399 26929 12158
13537 15500 19565
6662 18165 18157
18641 19502 640
15629 19347 32726
16808 24996 1207
19731 32240 21003
14328 18090 14220
8750 19737 3601
576 14309 9883
15035 19725 10960
6050 30133 17234
6386 24764 28277
15142 27641 26887
11040 29879 28444
15674 17966 2080
15107 15201 31863
15212 18281 24241
6037 15414 12069
12367 24464 12964
15849 28294 32679
5607 9622 5290
16057 23912 14380
11830 23177 16280
2366 5408 24644
13443 13491 15234
10762 14655 5856
2041 26518 12193
13464 13909 592
1309 26267 544
18710 19727 5450
4055 8326 12867
26890 28928 21996
8820 10841 19328
2853 11964 6144
7906 13027 5065
20359 24336 5262
2991 18166 16344
15030 19651 19720
4565 22319 19526
11957 19837 24565
26096 32110 10130
5584 31253 4445
10615 12826 25796
1663 8523 13468
16271 18580 10210
13141 25396 32150
8599 9490 17816
10960 28646 24681
13894 23351 14740
20183 32701 11909
12144 22360 16635
12913 12983 2625
23605 29960 10266
2197 10290 8937
1882 26975 22295
12862 18882 17780
4509 26527 12751
4260 15888 1715
3820 26079 12571
6509 23263 24236
186 2367 5728
14726 21558 21524
10255 14226 1652
9875 28093 12085
4333 4860 26023
25623 29971 28155
26930 30676 16876
2350 15068 23412
22321 22548 31746
18791 23071 14070
3414 31616 29830
8556 31014 29943
17110 28797 22146
7960 25910 10567
10990 19537 5281
4934 9392 434
14570 27233 28025
15851 18978 22495
8676 20233 9414
7728 17286 20070
14724 22186 27637
27966 30481 31152
14686 22112 2785
7310 30883 15898
2100 31937 19513
353 5739 10805
5690 6051 15140
8003 28610 30991
14428 31628 8223
14976 19349 4353
1077 30725 24034
12758 25037 14263
4035 10479 4637
8652 24759 3192
15038 32092 8661
653 15013 31777
4010 6709 5483
12088 31447 16674
3508 26027 8143
27576 32205 24997
4547 16657 20058
20312 21989 181
4690 27859 17121
30707 31784 5809
10327 25634 16949
1154 3420 16924
26482 32254 21040
12542 29413 30019
4583 20911 12516
13368 26341 10503
6152 14153 17076
20243 29283 28292
19254 19735 18876
7699 23353 32455
1861 32399 21812
15313 30951 3749
22286 24167 9531
18037 21270 29675
19080 25033 4420
20834 28637 14012
20930 26326 9408
15011 23763 944
1082 8128 4909
23323 30918 31095
22039 22478 32287
526 1417 12452
19607 26764 20155
10335 26162 2777
26543 29206 8478
10366 24691 19735
21842 30981 16950
16235 19054 16966
5952 7232 30287
22343 23445 24366
28191 29145 15693
1839 2274 7776
23811 26581 3514
2007 3099 17562
9514 15060 6760
1515 6445 10558
2183 25066 20293
1111 29250 30134
869 18648 15097
16228 30945 9832
18417 25779 21930
2342 22381 23329
820 7817 22930
17119 28377 15967
10027 30252 22451
6402 11066 23883
19998 29439 15471
434 29469 17694
19309 32291 29486
8410 19196 22793
2095 9276 28164
17405 30788 1466
14611 25543 28191
21542 23226 29913
2946 18889 12240
21652 30453 12983
17319 20664 15921
13365 16184 7127
3518 20660 31058
15516 30003 20296
4664 15477 6867
5544 20799 15740
26471 32683 2789
14497 29642 31708
943 13876 18990
4376 16325 23520
27283 28138 31304
1410 8725 31935
12141 27018 29643
9918 30053 22061
5797 32471 9344
3315 28359 1016
8724 23277 1249
11609 28695 30898
8169 30187 9628
13626 32728 2288
14604 30826 9349
11133 13192 20990
4018 5262 26686
6850 14657 2488
8901 22113 4652
6962 29605 2954
10775 26879 3444
3983 32457 21544
3715 32028 14964
21422 24141 4830
604 22775 24093
4225 21510 25943
3354 12257 21690
12124 29836 26849
10195 16730 3058
300 2776 19324
761 6260 19236
20226 25461 28120
2322 29156 29666
16418 29053 14101
8342 13733 5188
24656 25830 19848
30559 31933 2872
23188 28549 26760
5349 7576 17150
1569 8261 6866
3741 11778 25497
10770 13630 28698
9559 11954 5544
31875 32279 21753
2936 14625 14236
1476 8622 12603
1100 16096 8176
894 20216 9186
18489 25609 22517
11286 21262 3202
14767 23587 3256
9791 23471 14979
12575 22580 5571
19306 32632 20426
15016 24866 23419
19278 21414 15482
22613 30824 22431
8941 19110 4124
441 5220 18620
21216 28569 10873
1024 29014 6397
1697 3840 6357
15837 31833 23816
9540 25938 31437
7689 28780 23639
18156 25346 9750
3688 32689 20899
3951 14713 27458
23727 25084 15602
13381 31744 12046
2803 26441 17842
2949 27119 3532
52 21725 14096
11159 26658 30236
21611 30621 29808
6380 17238 18974
7509 25442 7945
11595 16591 29392
7825 23943 22690
16419 29801 32578
7008 23801 15665
9917 27466 26769
12751 17399 16373
10030 14350 5453
13077 28589 1996
10454 26046 16675
3746 23567 11046
16502 25828 19424
13053 21349 7201
3135 24294 5056
13891 23271 26131
13931 27328 19998
8673 18099 18050
12327 16993 10510
28579 31778 13015
16958 32289 20199
8435 11372 11478
3329 26991 10936
20155 30730 11400
4917 21173 29971
26090 31391 16994
11115 14638 28027
18295 26753 294
12634 22255 11166
6404 16110 17938
4521 19232 12429
7127 31989 23138
591 8127 26843
25558 32313 126
4185 21138 23335
3783 26619 24598
29895 30324 14069
6455 23154 21846
1870 31238 23227
3418 19658 7984
4585 32268 3782
20110 29860 25752
13675 22859 1786
183 24794 6259
11919 24355 27687
15174 27600 7304
8806 17922 24851
17690 24223 1271
1770 12082 2464
2994 23924 3045
5572 13481 526
10142 21648 24169
15899 32549 23429
25964 28366 16130
27547 29465 9498
2024 18057 9732
146 31315 25549
1831 17485 20272
9453 29172 24120
9888 13228 4144
10620 11901 22433
1179 2339 16929
1707 12109 21055
13340 20819 31958
464 7507 8400
19020 24884 28712
8917 25756 20819
11013 23565 29387
25488 27565 2618
11716 17599 20462
6295 17831 9550
11727 24909 16888
10399 18149 9263
14334 18859 17827
7178 21798 10269
3093 15309 19082
3541 6916 3974
3689 29889 15858
18872 26515 1583
80 20611 8179
5920 25823 3246
12348 16655 28307
18091 19600 29820
18153 23399 30718
13796 27689 25813
21974 29761 22464
1097 32725 11116
4708 15123 9879
16625 32605 27106
5185 22454 21024
17755 24858 11007
17263 21657 14564
63 28590 11339
4163 5775 4440
14224 26355 6142
13195 19043 12045
3231 21536 19757
8832 19662 685
4519 24841 5830
15845 27827 15221
11220 29031 20252
19178 21695 16907
7376 9550 20114
5621 22946 4763
25534 28005 14797
6179 9063 31826
4696 16237 5403
9522 10184 28053
5045 26696 25829
18177 23372 18985
1265 32218 20672
21571 25407 24846
1532 8049 19364
12076 25226 20614
4277 12020 6713
15719 27134 489
9295 17845 6400
3159 24900 19143
11803 15289 13516
205 7698 24944
2213 12569 2841
2149 22486 7163
18095 23579 21825
5872 25622 28487
4856 22183 5100
5389 17430 8359
11064 28861 28676
21339 24486 12383
20568 22488 16870
5679 15448 3280
15665 29633 17936
15701 19237 1286
363 21210 28909
10283 22295 1402
16522 29285 22253
1057 28267 25782
7173 8152 15139
11921 23027 3461
16722 25737 31735
503 9644 130
21312 27449 21172
16784 18179 24252
4506 32538 22848
3084 6011 5039
16581 28084 21229
1433 19332 22398
11264 24395 32243
5196 32216 16009
11611 25185 18613
3393 20184 23911
9966 29048 16207
14202 22155 2273
14 20794 8355
26987 32656 11167
25199 30051 30951
11559 12626 31084
1606 31873 23355
5360 28178 31919
5583 29047 4234
1342 6778 25702
3703 26869 11320
6496 11252 8704
21418 32610 13850
12250 24051 27322
7527 29959 27373
2387 10730 20117
6602 11687 9139
22324 23702 28279
4850 21146 19931
15540 24480 25175
6742 14462 660
8866 29138 27298
9305 28817 22524
18105 20887 13702
17873 26704 14878
23940 32117 30710
20373 27767 31212
32 5059 16107
1452 6438 24648
10065 12465 30246
7060 24302 3891
7559 15355 22101
10786 30352 27468
6589 22714 823
19714 22601 533
13213 29804 14089
6023 21086 656
13161 25675 13229
7118 30613 1212
1932 5344 28488
16641 22463 16057
16251 21709 14538
11205 25906 26879
5203 30763 7658
12189 25065 15099
8930 29974 20066
4454 30862 1334
12552 32575 16684
2224 24401 11140
2831 32490 23603
15551 24988 15914
13631 23393 24361
8551 29981 900
3091 23851 20769
1208 31250 11131
525 31877 15446
22037 23382 14690
21574 24402 12436
30082 31565 24410
15626 28537 1477
520 19215 27919
4683 27488 16819
1069 10230 6913
5092 22752 18249
4078 24427 24498
4006 29501 7477
13838 29590 15542
2573 19509 9275
6240 25012 21577
13306 19999 32390
518 19256 24663
10392 16566 19591
10683 13692 28568
9246 16463 11538
10617 17601 31657
14882 21369 21853
4098 20870 7202
2712 6682 13433
8001 14096 25777
12784 12818 3166
17016 31236 2821
1333 4503 4685
2864 12565 8396
11740 12001 6624
11607 28625 15050
6280 25225 15098
20381 28155 23526
13257 19920 24339
8225 16027 4768
5975 15028 8331
3992 14394 7839
9560 22793 5612
3227 31196 5230
13639 31163 6607
15467 15620 19633
2729 32342 27500
26738 29580 21708
5505 9421 17156
18168 28319 370
25355 31868 14852
26472 27208 22870
720 12592 28001
27367 29054 17029
27492 32080 21310
18454 22064 9975
8470 15905 9990
4501 28141 26701
24380 27067 6681
31017 32059 17115
16881 18313 27093
9196 31179 32605
21680 27457 25172
17897 19186 29934
1409 26073 26636
9658 27508 25597
14950 26789 19438
13827 28578 25951
5500 15744 25850
3006 30578 12652
14061 27105 6890
20330 23423 7624
6088 8940 6677
489 6007 17923
471 21407 22808
5553 27575 12455
1022 16504 18526
22060 29843 337
16613 29360 6606
13190 15230 14926
19570 23699 9226
3413 9248 17571
20995 24607 7744
6154 9879 27297
9100 27166 18378
867 1303 6394
14665 30041 20016
90 15175 21630
17522 27800 32352
21662 26850 2901
10737 20953 7042
9163 11137 27908
465 14707 10245
14879 29852 28395
4404 7765 18013
15127 21743 31449
23260 26422 28838
6493 11158 28680
26640 28804 28227
11462 16175 1352
6423 15458 17777
933 3676 20760
25165 32677 21068
21302 24433 18624
1852 31957 14621
11939 18322 26165
5226 24503 22132
16406 27574 6986
23299 27925 3162
2704 9669 10405
288 5821 8851
19430 23308 27638
5187 22232 21633
13806 16521 508
20025 25389 11090
27112 32443 15629
26230 31269 2702
8439 20305 29127
3417 26446 338
9850 20553 3295
9470 24533 26139
1152 15589 6933
13 32373 11994
2444 11206 19106
9749 31992 134
2658 25569 24827
11897 31025 32506
7143 16473 25187
8590 24409 27529
991 7055 9885
3970 10896 31910
18222 22149 16319
2524 24521 30432
6406 9831 1471
28443 29002 21563
9868 27744 22453
2131 9606 2640
8366 21997 19522
7322 25594 14987
3625 30460 13332
18550 22280 16054
7897 18876 313
2701 9769 18239
9651 26575 15796
11350 24109 18699
21863 28723 12235
9355 12778 483
17541 23724 9464
3646 5265 9246
6029 25294 13841
23045 28633 29689
912 26534 9706
10680 20879 27249
1439 15839 16627
12737 15469 3502
3178 26537 5418
22126 26992 31012
16648 24919 14467
15670 20150 8700
17613 21332 1398
29629 30736 11735
30838 31347 29480
12841 28334 20997
11913 19729 30142
13375 19176 14518
5451 6115 14573
25163 28940 19379
24326 32702 3494
13163 31441 30878
3875 11917 17542
9619 29912 12873
1967 28305 26828
8812 27287 32061
19596 26564 26627
12049 18693 8325
13769 19985 29448
18274 20260 20305
9621 10325 23156
7934 27579 20537
14331 24103 27330
2247 21613 30793
3542 14844 13247
16 10581 18053
2020 17997 13652
9892 13944 12698
29151 31929 5670
24328 24853 28197
225 8678 19914
3636 11995 25468
2498 10491 18962
12674 23547 7372
25918 31590 8697
31787 32079 27881
5275 9479 30686
9905 12065 10103
6839 7662 25611
12892 24967 24382
2656 4510 15391
959 32031 12523
2916 7950 1567
4201 13918 19217
26562 32604 11414
3405 16964 8188
4561 18333 8920
25452 26488 26000
12155 30351 20063
13544 20907 16348
1172 31669 4857
3561 8519 23208
11305 17499 19030
7170 17085 32433
9909 11176 7434
1780 30220 14909
19687 27116 29299
5770 31899 20238
10833 17072 17255
19867 32423 10900
2105 25791 4592
17589 28321 6300
24941 26317 24284
16882 31624 3339
731 29985 17811
10402 17049 2447
22033 26634 6128
10069 21802 8279
17043 25242 24930
11377 19771 14222
21320 29874 8348
1760 23986 6934
8126 31594 11566
586 22188 24
3168 20268 32204
10434 11443 23479
11363 18976 31835
9177 32391 7696
364 25672 21963
16692 18111 25966
3116 15471 24104
4587 24207 2304
2364 18487 31806
11841 31999 21073
2229 31078 26071
13320 23033 16005
5016 23183 24524
15502 19066 972
16098 17651 13230
9900 30589 13583
5067 14453 26693
20173 20737 11042
7468 27936 1601
21721 24208 29460
628 8513 29209
25233 26522 9856
6766 17781 32118
21354 27731 14700
1954 10528 250
20071 32272 2734
11783 12319 11096
4895 14933 32515
22989 27387 1347
3602 27021 8168
6603 15025 3218
20868 30702 27122
1547 25016 27621
18419 21719 7827
12628 31536 29052
17577 22336 8864
5423 28685 9503
10308 15807 29445
14158 22958 964
2578 19469 24331
22549 30012 16071
23184 26343 8716
1726 13602 511
15804 19200 16255
6468 15967 8109
2259 18400 23843
11540 31150 582
16747 17881 6741
13383 16667 23175
7956 17056 14824
1307 19274 16390
21730 24733 3714
4363 8675 5120
7566 24192 17329
11876 31491 23981
27739 28418 17104
13079 31941 4222
16825 21133 17097
3313 14286 2253
4212 11647 12590
4817 26450 2910
611 25998 12860
10446 15314 2717
17913 22405 31088
2967 12127 43
24445 26231 30456
4809 13449 31970
14880 31905 22025
12372 26108 31114
1447 10428 1990
1966 25521 8628
23669 32662 30410
4775 17183 6099
4961 22059 19737
6952 9729 20030
19247 26896 27626
5875 10626 19432
2283 8014 23482
21359 27137 19336
16983 24447 32765
19925 23484 14130
14553 16018 26480
17107 32330 10899
15841 27517 10868
4835 5628 28995
5595 29472 19309
13805 22845 14046
3270 23610 16738
14098 16590 24024
3394 21739 25624
1914 31086 15690
14683 30418 20109
12418 14833 16345
6950 28283 17220
10546 25447 23826
4122 6043 8729
4616 6033 28770
5868 10379 26390
29929 30181 15619
629 25144 6995
7450 32005 25092
8419 8918 4867
1206 24966 11453
6180 8802 30398
29556 32128 14986
29027 32420 25145
1512 21254 17446
24130 28824 23774
3190 21784 14838
18904 25533 30290
16988 21588 6789
3025 10935 7155
21088 31046 19075
6520 9349 1130
15553 24847 26020
18945 21701 18595
16736 19282 10905
13187 26127 5263
9291 12828 5421
11417 22762 31617
26618 29668 26307
6091 26370 22588
22737 26988 18214
6061 11985 22427
8898 12393 15077
12239 14783 3259
10132 10861 20224
5058 10370 13344
6857 25798 19117
6103 15376 3435
28761 30583 18510
1353 18227 4147
10556 12159 28100
8581 22872 23618
8879 15656 2461
2857 29638 13148
18424 23772 24708
161 11461 21606
15252 15356 4446
7457 10806 20436
3359 12866 29203
10013 16293 27080
2841 17519 1421
18015 19716 12514
10742 16629 5360
1328 27247 20292
19884 26280 16146
6075 18950 30597
13829 27152 10446
9773 22459 27172
10695 21794 31196
8144 26644 5429
13092 27077 19473
1793 27624 15465
24892 26895 22866
3351 24367 27935
18715 28789 5573
5047 23928 23031
3828 25305 28551
1004 26365 10663
18050 32280 5927
21003 29181 6957
22704 25113 22233
23365 27535 7186
1008 13056 30571
1492 2382 3200
26591 29036 25323
913 12848 7759
12380 17745 1042
10300 17479 18056
2442 8839 25243
6663 7323 28803
13554 17165 5259
12692 32666 25522
22086 27396 22865
11457 17089 7333
24441 29212 15331
15806 25314 13687
5195 17257 13689
7595 28225 26070
5456 25353 15215
13759 32186 29924
15427 18121 13745
27887 30256 22184
10136 24487 2131
31213 31564 15063
19530 29236 8814
7247 24761 7221
22773 32302 8421
10842 16893 13900
14821 16348 24665
1173 17074 23317
6729 29382 27804
3925 26360 17856
12271 23067 29095
15904 16491 18386
4000 18831 26096
8154 11327 22827
1703 25253 15125
5867 26586 25519
26142 27089 11592
1899 16910 9665
1710 21523 31532
11369 14546 22223
3675 27765 23116
7947 23528 18404
3638 22269 26065
6010 12443 8754
22272 31900 13503
18196 24032 15723
21610 26030 7482
6177 27217 28163
3515 14054 26198
8660 24291 24561
11554 13858 761
5142 5260 22616
13589 14866 2835
4767 30910 5712
2099 11438 18783
20432 28556 18493
18929 20284 25569
14373 19291 12090
9028 9309 32385
22610 29484 16611
9310 27102 14743
8985 29906 21990
3144 3336 11234
1583 19774 26899
692 2390 17952
14502 30473 21850
4325 11875 20509
27716 30061 30391
15523 21217 28775
1673 24391 21478
5554 22392 24469
22139 23136 23945
8259 20196 17652
3718 21505 8196
7856 26133 14559
10552 13411 19427
4326 8345 12445
4467 24790 27884
22993 26439 21973
10930 32650 25783
12861 24501 32297
6552 22123 9030
17190 32168 32045
26936 29601 25810
13025 16611 8395
2668 30811 8679
20576 31468 26028
4297 26270 25920
2208 9901 28131
2497 7893 18992
945 16880 26098
23125 28255 18090
5683 20657 8236
9828 28878 24553
3827 16256 23458
17227 20177 30262
14894 24106 16234
7833 16952 9518
2148 32444 32051
20624 26042 21815
7855 26968 3037
15327 15873 5463
444 11992 29343
4984 27129 23193
10585 29658 28641
25361 30071 20085
13695 15822 17546
15130 29708 19086
9779 19130 17689
24176 24813 25680
79 31931 4664
3185 3331 12519
24982 32278 30390
18060 21982 14111
16744 20293 13994
9797 13776 14399
1296 23056 30472
9062 22276 1377
3330 27300 8046
3645 27620 3574
14021 15740 20519
14803 28134 7048
27808 32534 6364
12994 19966 18221
6824 28608 29745
129 1857 8460
18787 23502 13604
29442 30907 2674
11948 15857 30762
9489 15213 1045
976 12241 13847
10423 20807 15195
4061 12807 28258
9733 23422 11602
12746 20368 11344
2142 22709 10397
98 25596 24564
556 32653 22532
13719 21099 29140
15276 31471 24690
9184 11014 8934
1757 3546 26587
9101 30954 31828
3585 4596 14849
110 30584 27136
12411 26351 32424
27055 28205 32488
4688 8205 22510
32016 32102 5
9755 30226 19628
19555 28840 21609
11266 14869 25873
237 4428 10825
10066 16112 27838
14919 30802 31570
5109 20043 6290
9257 21131 13415
14316 18698 31866
1796 24903 7109
18045 24654 14126
1211 27410 8089
6168 22087 28624
17153 20640 12825
734 27760 9711
2232 13970 31533
8548 9353 2042
9924 18727 3355
16476 19692 26638
11918 15575 13373
12467 25129 20198
15027 19410 31585
5527 19305 32668
22493 23322 1591
10604 25425 23585
8737 8925 23013
26964 32513 26343
8682 27537 29020
77 5831 28299
15431 19743 11657
8257 20210 3756
29942 31159 10837
2374 3564 8189
5482 10721 18893
9365 28547 2483
8088 26491 10067
24739 29137 21831
1649 3768 21869
8213 20575 8505
5010 26143 5130
1054 18386 25594
13236 30448 14892
370 22407 1671
25201 29444 5112
6565 15579 20112
551 9720 20528
9108 11515 29604
5609 15743 19794
17701 28601 22656
6053 9245 14229
1085 20919 10449
1335 24948 996
11792 24136 283
1942 14614 26619
10531 16953 31203
6872 7210 21706
24025 24910 31615
2608 9343 20262
19958 24386 24684
11833 18253 10127
5472 19159 13030
26432 29116 32303
6986 25652 14137
9585 24318 28593
21064 25018 28685
5528 26214 1950
11292 21865 22289
17068 24927 27071
21311 24791 14095
12310 20443 28065
5633 24545 31334
7469 14168 26669
9206 20631 15343
19768 20345 1976
1690 8969 23673
9444 18559 14514
7124 15865 2724
5794 15735 11992
9157 18507 9386
18031 28001 25709
5508 27409 23328
1946 19417 2847
4396 14848 22032
14001 24714 8423
28866 31910 24359
3997 26710 291
2062 18191 15959
23668 29398 14455
10605 14745 4339
20787 30716 7728
11121 12227 11250
1081 31823 9638
7858 11113 14047
7228 8183 6804
17046 32561 15154
3195 14276 6187
4446 14029 3619
17493 22075 10270
8732 16081 30302
15425 16948 18234
24666 30931 1050
8780 31893 10085
11950 15937 20051
2282 22168 16161
3611 16026 3707
14523 21806 20166
2882 5287 31124
19438 27022 1705
5948 25624 31140
11663 23432 32638
4171 23600 18062
1060 30057 27679
13814 18544 32245
2457 22320 11605
17476 20931 24869
558 14296 26502
1737 17421 28149
137 4072 2991
8465 19523 26420
17683 23150 6285
2605 24955 29169
6250 11421 12458
17572 24144 15310
9506 15361 17796
973 1775 28944
8247 9085 12160
6458 27749 15348
23212 26811 11962
6356 11657 27040
17558 27043 20344
18813 32740 17664
14033 14436 20985
23922 30147 30948
5777 16483 22740
4439 15509 16650
18375 30470 2481
10748 28209 3235
26121 26820 5852
21191 22092 15152
15200 18377 25206
27395 29572 21328
16437 30526 24583
1347 17260 21703
4706 20824 7500
13345 16261 7540
19261 30259 22714
1052 9124 14864
19135 22316 22271
15770 18124 1053
16844 24079 5178
3657 8610 7388
2832 13921 22212
828 29682 30160
25470 27870 32762
4315 18123 28268
28264 28514 12896
4843 18116 16308
7251 9057 16175
23945 28638 21652
5641 13785 4432
11086 12536 6319
6601 22831 19244
7151 21624 19198
6626 17032 12843
7086 29274 11385
15650 20125 27721
11188 12594 22006
28722 32241 4619
10799 20728 32097
7541 29451 26016
27953 31723 4925
14356 19614 32094
6752 26135 22391
15774 21140 25845
6759 27904 14134
2599 20372 25899
1568 26049 28726
17727 19181 23511
3547 19832 6869
2161 13613 20265
21316 26099 3260
13341 13826 26995
19024 25591 31785
18458 26247 6072
18792 32715 19129
3304 9610 1014
14059 22464 25599
12283 23259 23209
11440 25928 7948
8335 17842 13145
22069 26405 11609
4652 20032 15780
1341 25492 29365
10490 28606 16682
11019 25052 25955
10726 25337 13078
9235 15979 28715
1294 24319 22956
4527 5104 5205
8 25489 23532
4797 30495 7520
26853 32066 29753
21687 22581 1923
15709 24578 2159
6364 6743 26518
7225 32300 6231
5280 14564 25286
10028 12460 26748
6474 21873 12922
4090 10225 4907
3519 23527 31482
733 24529 20533
22068 27610 27960
10034 12069 22170
6476 26281 5143
15592 20357 10982
18382 22395 9398
9340 26232 25100
2246 26165 4947
8779 31380 6218
1833 5441 12562
11131 20873 13718
1248 16850 26913
4769 21503 22049
22142 29074 20619
1549 29089 13962
18183 29613 6793
10187 11653 10046
1262 25572 12884
20138 24466 19042
2917 21376 5010
21826 30560 29616
17974 21197 3580
12765 28148 31535
27078 31421 18841
5402 30861 17323
11987 30497 22653
21430 22512 31007
1965 5217 18198
1109 7927 22981
14028 29464 1073
4306 11745 10381
24971 25484 27273
26774 29867 28467
4528 25333 9831
21111 27924 21616
8576 13389 17554
20175 20798 3616
24531 27146 9195
16267 31449 1790
500 24810 27939
9518 18724 31680
13321 14474 21266
12904 31809 32734
16154 30678 13811
487 8888 5074
4593 30606 10552
4484 19409 16795
2807 6635 30070
307 1992 2589
10709 10807 3602
4109 20941 26749
2463 3937 16813
3031 5305 25885
27235 29227 2323
7776 21976 28373
5113 10557 10353
1877 15150 19658
2234 26290 32056
12012 23074 32324
4247 12163 4503
2559 16706 8305
577 7076 7890
15947 26052 2226
9388 10112 11310
22330 22607 18045
1628 30810 16543
7608 8643 87
15561 26157 31724
10332 29384 29846
10025 23223 25058
22672 27566 12447
1949 10268 8068
4070 25783 31871
3819 24720 29154
17059 28663 12161
4267 19808 8927
9538 30778 31025
22515 28513 27630
5542 24417 22302
4730 29829 3706
6416 20013 8715
2575 11182 22426
20089 31257 32421
14424 19850 4123
4114 25132 28955
3771 5050 5729
8156 32639 16840
6994 19763 17995
15381 21720 10703
593 13828 16377
14209 21829 23206
26708 26871 21578
16950 30563 28298
17170 30934 19226
10804 22130 9345
3473 31538 1740
23939 25170 1396
7361 18032 15493
14672 14747 14068
15628 21299 1107
10299 18100 8882
3502 7887 14408
6427 19143 5976
4239 7014 30295
28052 30045 28362
12768 15243 13179
27226 31125 28139
2723 24084 32480
13005 31896 18995
969 19421 5417
5603 11578 32634
2725 8260 20129
19638 23704 27913
4863 15737 16181
1355 21644 6040
3754 25511 17594
20134 30410 14916
4441 23256 10277
7601 13527 7190
23362 25563 14997
19718 24776 31921
25292 27832 20022
23597 29922 14950
14999 25475 30422
3834 18326 3075
2399 10702 6537
428 24784 2255
10076 17659 23550
13844 14819 27013
17146 23086 11236
3908 9320 17118
17486 23754 23205
18147 32480 23572
14770 27114 2432
21735 26041 26180
6705 10337 7577
9611 22536 25587
7534 18398 31226
7707 29025 26779
15758 20501 790
13146 24394 1146
27273 28603 32489
19648 30655 25113
12072 21635 30900
9378 32339 9239
13446 15379 14203
254 4513 9049
18412 24546 19944
2759 17334 23246
9524 21231 18832
3298 11489 30871
6624 6803 8538
3335 30997 17193
6344 30743 28814
2022 2636 22166
10506 17434 22734
11779 26815 3830
2103 15341 4804
17935 30994 8083
4918 12273 12206
3087 12618 12743
28221 32040 30179
9327 25326 23905
8696 18624 4273
1552 28982 1192
437 28003 10937
13011 15092 21252
5276 13530 21621
4900 16242 20394
13504 13781 7159
399 14548 30873
8166 21845 46
5764 30865 2169
8677 26248 30777
9380 15861 22626
18865 28382 31225
7572 20702 22176
2347 20127 19466
12588 32537 3518
5193 15848 5702
7111 8102 27060
29581 29886 17765
5600 21168 14982
21234 23972 22462
5130 31848 20222
18587 27045 28344
457 9149 3341
4487 13291 24701
9463 17447 31231
9475 11923 16133
18603 27489 19607
1151 10102 31171
24359 27107 8702
18408 29686 1744
20251 27117 25232
905 1592 14711
20050 30188 20845
12635 17432 23231
13413 29755 3111
13058 19952 15686
5522 16045 28815
22301 32516 16522
4994 7234 10665
6871 26814 28226
16832 32603 6770
724 22026 7116
20124 25570 94
5772 22313 6771
6511 31617 25952
12622 30680 27474
470 541 32016
10247 20672 763
7697 13450 18446
8650 15235 20170
1670 11547 27755
7652 25903 29968
1400 12975 23210
6958 25303 12689
22162 28918 19523
1010 24981 29326
19665 27098 8609
2828 13139 17453
18733 27333 13541
132 9656 18297
12297 15609 29757
6875 19263 17041
18986 26550 29328
4977 24287 20755
389 9316 6134
3441 23304 26103
12517 32627 30408
268 31737 21727
16496 24140 28974
1776 11503 2184
6136 17743 12385
13514 17209 14074
5858 31108 8843
1871 19518 12316
23589 26327 29427
2473 29990 16774
3642 30475 24786
26675 29928 21833
12191 13972 10106
11239 15301 4323
3991 25188 1889
2684 21429 2933
662 20821 15610
1426 32563 11437
180 9512 8812
18774 23092 21123
476 876 21903
19986 22766 25325
13721 21494 9678
13846 23827 19435
10228 12119 15569
10950 21513 6139
30986 31930 29545
2829 22223 17101
12603 18969 21372
16486 27496 29048
217 12245 6663
10740 15350 19293
17402 25887 12187
4379 22678 20062
2915 26639 19806
6164 17298 5628
18003 25209 19569
1308 29646 22983
20616 25482 5434
11046 28581 20715
536 28125 27328
4208 4497 25067
6756 8317 23927
13128 15374 32012
11924 13562 218
24598 26293 8482
20154 21328 17164
3653 16312 28247
12854 28110 1716
10660 30903 1513
19897 25418 970
4801 17081 860
12055 29050 7631
13026 25243 167
2979 9048 9397
1030 23441 9530
8360 28482 25359
5363 11346 15176
4893 8083 23524
12929 16392 25884
20850 31292 7306
10856 15352 14811
5410 14593 959
26818 32635 19452
11065 27554 26907
4617 13204 22557
3969 27659 32222
2349 11796 16672
7406 25764 17692
4368 27608 8409
10457 25825 9425
2013 26994 30621
26749 29366 16591
6417 27550 11410
8851 20427 24636
5291 29068 23379
5082 10286 209
22098 32352 1818
17739 21374 423
1982 14219 13437
289 22466 20097
7645 15363 7095
9034 13992 4993
8809 17944 12143
11333 14398 18916
165 31038 16406
1844 17288 15191
18677 24697 21494
5667 8254 28337
9764 22974 4085
287 1748 20383
10222 25638 8208
16460 18534 11456
22690 22779 18317
17299 23611 9021
3801 29950 4075
4151 12567 14427
1938 7401 32129
7287 8418 27041
16029 32104 18803
3287 30124 6478
3994 18844 19411
7235 28907 19096
3874 25627 4729
12621 15389 12774
21201 28673 17808
711 2706 10422
1130 23588 23438
3846 24375 26727
9830 31803 22706
22260 26144 2801
2450 22957 9609
3597 18415 17886
9017 31079 23065
6930 25040 28978
24494 25561 928
8619 11080 11115
2799 14536 14666
12142 20648 16011
1677 30284 31902
16598 19193 6311
6758 20207 10878
18122 25919 19535
3048 23006 24957
1640 5653 19672
17471 30836 15515
13867 25836 4808
3391 30672 9892
17417 22838 23310
5241 32483 16415
3591 5768 27382
16609 21932 1296
3912 21101 7085
385 17416 9988
486 31097 3880
8280 21076 22874
3127 17939 4512
7171 27963 30506
20965 26154 15388
4595 6890 20965
17952 23568 20149
3836 24363 3490
24736 29969 16042
13124 28932 18107
9933 16389 15138
3409 31997 3368
6588 17905 25591
15135 27515 31907
18819 27773 2603
8047 19224 27811
6291 31560 1197
3707 5890 23893
56 28868 32481
1235 16135 31386
27053 28967 1428
10396 19785 32401
5854 29615 11361
18621 25815 7523
5573 32088 846
27212 30044 3676
8201 18248 15859
5655 30329 225
11925 24057 4751
4196 19431 24633
8472 28350 22858
19293 20165 26281
20679 30933 37
1418 24335 28918
10406 21747 12599
2626 27440 31219
6507 32520 829
5587 19670 26625
3460 11203 8587
450 4699 3270
8332 26316 23940
22299 28115 16278
20202 31671 12697
3550 5594 4426
5936 19845 17018
1196 29511 30819
8155 25060 1194
2495 19454 20121
26806 26891 31675
3157 3309 18955
18503 19345 5408
7501 26592 8525
21791 29105 17129
18076 23465 14000
22497 22551 29311
22404 32093 28820
15001 27587 19920
25450 27145 3338
14692 22507 26975
3979 21458 32548
9029 16917 22736
6384 28808 29884
8324 23402 13763
14116 26660 11927
251 30385 21347
12534 26886 15262
3128 26990 7234
9963 19519 18046
8580 9959 18070
21634 29076 20836
13009 30228 21968
21134 27851 18399
2230 5299 12883
5 203 2781
347 28167 14762
16732 29575 2688
10792 32374 19604
17542 22125 2691
4319 32008 13306
3366 9451 13353
7300 32019 22996
8777 12775 16997
6049 17834 7748
7351 30833 25263
16852 29956 11718
334 3401 3694
13608 24991 403
13223 32713 13181
6819 18993 17788
3740 17637 5432
27294 28174 17707
8412 15182 27917
2057 11340 19814
1880 15451 18227
25885 31155 1998
6159 10305 23363
20968 24653 9791
1611 9485 20412
2461 17561 31243
5551 25467 31405
12781 18592 19174
14311 30525 24677
3712 10086 1727
23658 27996 31894
19781 29405 5436
12970 27423 27778
9418 15913 13993
13896 29118 27476
8517 11872 6012
8511 18450 8636
14906 20975 3230
18028 18344 23036
6884 32035 23962
8899 22262 20675
8090 19592 22987
4007 32108 25607
7481 28985 14873
15081 18336 23750
20180 31294 10723
7744 22809 7785
14549 27786 9314
17983 21515 4461
356 12225 16742
5856 25125 15237
15773 21799 27895
358 17546 14634
8483 24089 4107
30663 31537 30403
5923 27542 14022
4020 17357 19065
2808 24785 11139
1461 24902 26919
13022 22937 25860
8748 29783 32396
10599 29703 8206
13162 14216 30516
12350 20193 5512
27805 31530 6972
4275 32590 24523
11430 21711 6417
7307 27768 4640
13166 27001 12865
17956 28461 3009
31653 32687 7397
11288 23957 31355
315 22029 17277
22386 25651 31149
26201 26588 5397
7794 10364 9783
3503 13667 23872
10872 30732 4011
17086 24571 5824
12960 18528 9003
3897 18520 8565
15269 31281 18784
25809 32103 5078
23543 30576 18473
17811 22237 6733
8005 13125 18853
5224 11661 16667
3484 11294 8332
17330 30979 4681
9931 16310 22655
1810 18967 10744
85 18330 4204
12546 16222 20701
5518 17325 17123
706 21596 25041
12181 12802 16135
26997 32481 8119
7096 14293 25518
12934 27039 20529
2393 18943 1251
18175 21142 17699
13247 14045 2270
8054 26739 9431
3807 13441 12552
18946 27647 29882
21255 24655 29811
11391 12032 21285
4901 9921 31768
6779 9226 30521
11589 21958 27393
4634 14705 24265
17765 27229 24390
8123 24172 536
7543 29742 29227
2526 24616 20857
20152 21992 21924
19087 27474 8393
3759 18392 805
23774 28899 16671
15510 21561 10084
2631 4062 7197
5163 30519 11680
5076 9649 27507
23199 23664 457
27754 28252 30389
24288 29542 19897
408 32069 25368
4142 20724 9000
8108 13625 24581
11287 23783 25538
5721 6297 10220
26569 31488 6404
3214 6467 420
1061 12880 15325
2132 25908 31411
4336 31282 19961
23934 28231 26319
15741 21776 2586
21642 25200 10678
10827 29311 27
8766 15545 19713
20620 27424 11251
16102 18286 4245
13592 24623 13330
25134 30451 11876
24245 29111 7758
2861 5893 17532
3606 17419 3412
10601 14470 29320
3021 22985 32240
2079 28969 4396
13073 28010 27231
11800 29129 19014
16742 31869 17740
3928 6066 18068
819 22080 29815
14903 30790 17671
19739 24010 13066
1458 26215 24138
17415 21059 31843
5478 32692 28807
8282 21073 26122
18767 32467 23798
12532 31309 6959
5490 22662 16442
21741 32170 31955
3206 13153 31382
18118 27848 25556
12743 25722 13388
1260 16167 4670
877 24896 23144
12675 16569 10338
16315 18115 19306
3545 11679 5958
1244 12822 32322
10942 19015 16376
22822 26497 1310
27269 29231 8972
3266 29547 26209
24488 26413 4828
15871 27420 26354
8598 18465 3392
17557 29648 26621
21477 26715 25558
3863 9654 2187
4752 10743 6015
11739 13089 21321
22702 23211 20352
7305 7479 4766
16719 21223 27801
6351 9935 30098
18383 29371 18734
426 26015 6500
15785 28631 1000
2258 17771 5834
16195 23908 22968
5648 32545 4705
26957 30827 27803
18609 26989 10569
9600 26920 22458
583 17869 10021
1415 23929 3169
15963 25181 26889
14191 24166 31148
2612 23196 29225
4412 14937 2663
11701 20615 2731
5817 22666 2422
4025 22127 16242
24846 28592 5669
10168 14193 16714
14304 31719 17412
10675 19127 11332
6267 11201 22011
14488 18334 8764
14504 27231 17320
1205 13327 982
5462 20426 8024
10351 32703 14764
8235 18384 26399
6273 17013 19969
1787 21781 2620
14507 20934 25763
4526 23874 18649
9542 11591 30274
8395 25203 23886
19610 27905 10935
807 20514 19279
13737 25428 9230
1865 20506 208
21385 32491 18372
17131 19125 31002
13591 30609 27101
15365 30598 28953
9588 13429 10499
7582 8881 7864
19611 25038 32493
83 443 25582
6450 27456 14065
20785 31502 11491
18714 30668 32174
10183 23255 28933
31343 32470 21005
18694 24284 29572
8237 25224 2514
2891 23069 29341
17216 21324 14522
3662 21228 1621
12864 19930 2527
11860 22703 4148
15700 30768 5133
4719 7458 25138
8091 10048 30227
15115 15590 6768
5980 28402 26505
11519 29215 5044
1434 18850 18150
7112 16363 29695
9356 16190 5412
12684 29094 20938
16508 26480 32339
23904 32694 32124
452 4627 25814
22489 28016 6338
1718 25635 1170
10463 29639 651
7625 18436 22082
6216 20662 30856
8962 20239 6603
27809 29117 21713
22182 24461 21182
1996 23269 27415
1851 11845 1505
13386 24327 11766
7344 9816 5468
12910 21285 20179
13042 23519 22712
5676 30476 31716
4195 11042 27773
9358 12925 26783
9064 27597 8472
9131 28551 17028
10373 13914 21803
20979 22763 1893
1093 3205 24971
14789 27757 23788
4988 21920 1423
1975 4495 10358
11152 12135 17801
11132 21908 23710
16038 18387 4377
10899 23185 18988
23685 26961 25050
4870 28545 21203
7280 9141 12749
16824 18150 23649
14159 31995 21397
1311 4606 24676
9810 30281 14184
12180 29060 2466
25486 26784 16656
15664 30367 24704
9881 26572 3536
17814 30682 15145
19862 31117 16318
5194 31835 16466
10964 30223 9805
4736 5929 32474
8378 11314 32179
24347 25164 2873
7831 17614 2000
5150 9231 12091
3956 4963 10384
5822 21211 5430
16379 28855 21947
15380 31724 24714
23866 24985 27482
5556 25948 26940
5813 13184 28973
11521 14378 106
23895 26916 10780
10512 20741 21954
1702 4550 29092
4921 11968 21
7066 9315 28160
24823 28983 21515
3317 18376 30069
17409 23848 24801
1875 18332 22761
9432 30348 29963
2427 32078 6067
17620 30184 9745
2359 14995 15996
1326 28411 27368
31105 31406 27095
15237 25802 1511
1545 17355 21532
14566 28119 1647
17649 25082 7279
1197 11531 30875
1729 12777 26780
9861 20884 31324
24727 27934 20994
14055 15711 22043
3927 9639 4509
5314 24652 23675
11756 18861 29741
14125 14426 21593
26173 32479 30891
2420 25021 14952
6855 9171 16844
25271 28277 30631
2034 14517 19268
4066 11951 20536
1240 17779 13620
10261 17975 4405
5096 26193 4599
18941 30854 25669
22761 27695 24100
12272 22587 9026
22734 30087 8929
9277 27097 28558
10012 18523 25014
15283 29816 19342
6132 21123 6841
6202 18594 28857
3207 13032 9430
2121 30456 26203
316 27363 30438
14543 27958 18158
7892 32412 26454
2833 13210 4650
5438 19688 22869
5382 20903 1589
9974 23410 22009
16503 19520 12167
995 14167 8095
5994 11769 24990
3709 10878 15344
3381 10215 15851
5094 9753 20346
11545 28681 12444
15426 18157 10036
1720 30218 5473
9961 26261 8839
7673 24756 30668
12821 22057 5762
7676 28962 32057
9544 15959 7729
15928 31464 8767
1764 11858 16974
8983 23360 13796
8662 25693 23292
6780 17806 11204
23064 30096 27867
12909 28353 12177
5419 31020 19738
5833 26629 31099
20418 22045 11015
6383 13038 3583
533 20808 14362
15891 16795 27705
7992 26741 30605
4865 6074 15422
5110 30144 7819
3790 16273 17662
25422 28199 19892
17289 22735 3358
19590 25658 14672
1323 16735 18806
10050 19151 1643
13294 16424 2958
10847 19876 22914
29830 29987 10485
15732 18428 875
4234 13887 14303
8337 11561 1869
133 13816 5090
22231 30545 17911
3036 24303 9492
5138 14068 13251
11366 28649 18958
13487 23712 658
5120 31986 6172
1542 21043 7021
8198 13137 30475
30610 30980 14054
1118 27234 4049
21039 22227 3456
1236 21041 9992
103 23615 18606
7841 26996 16317
9307 15809 6608
25034 25074 8973
21048 24998 17128
17967 23898 9694
5358 15829 20753
2370 5670 5508
6876 26549 30023
22795 31686 21565
6236 17451 20779
10667 12736 16285
6222 14088 32130
13029 31906 32432
6486 32146 24794
21484 27841 14663
174 28413 23396
18843 22322 22189
17245 30273 7288
11224 20132 11762
10518 26377 12775
2431 25799 9489
1817 3494 23969
9545 18871 217
13172 18372 26655
12561 26530 168
11406 16170 10834
16270 26051 29117
9371 14790 14884
1832 21551 21781
3765 21757 3568
16194 22687 31792
4637 28302 587
8939 16914 31748
13143 24819 563
4214 17251 11109
1106 2791 29716
28439 31659 19040
3948 31048 8069
8859 16210 25564
2551 14681 21523
17228 28838 21398
4350 12035 11354
7346 15371 23415
17907 23967 7596
966 27002 32677
3887 17795 29063
4400 17849 5910
16225 25063 7076
27605 30630 7280
1281 7935 22512
16260 26200 19363
26665 28343 25617
1781 19764 16232
30465 31116 32760
1558 5842 25213
6410 32460 7850
11198 27065 27036
1866 20803 12741
7312 22547 6876
1459 10465 791
16849 22359 6985
1239 3487 3023
9756 12107 12211
13913 31623 4811
11984 22819 26410
23555 31864 26035
24201 29982 26589
71 4762 14832
8482 22312 31658
11806 19585 20111
4562 16767 7510
459 11738 1101
5814 13023 25300
17749 19042 24132
7320 28644 19533
21670 31956 10666
13663 22823 6535
15420 28571 18441
16595 18472 28422
1535 30060 8123
14808 31664 6761
25542 27398 12857
6593 32345 5756
4757 22604 18752
20590 26445 5320
17304 23175 1622
9574 19750 25297
8474 14399 12375
3024 17995 27264
9425 24685 22110
10838 14778 17168
2771 5996 23890
21813 22541 26597
9968 17331 13027
8012 29593 19869
16716 21390 20640
12873 13406 31707
24592 26495 19518
1751 24121 30624
22857 27595 25714
19406 29056 13806
13332 20294 9639
19978 25723 6292
16918 28599 12482
1036 29790 23668
16785 32441 23859
12357 22553 5415
21350 26671 7270
23113 26721 26189
21330 31834 495
460 17221 7778
3378 23697 22670
18758 31711 13737
22950 23901 21797
4361 15782 26626
13016 26621 32704
2455 27798 32376
3389 4043 29701
18762 20686 10119
12757 17431 21823
21715 31675 18632
7075 16945 3087
26585 26956 30705
2699 29916 27794
15085 24393 30012
17510 23761 12293
68 14032 13665
1907 23980 29777
4426 15480 23782
6915 16119 2657
24992 30063 16239
698 3434 9255
1313 28812 32621
22914 24126 30754
11734 25749 6961
13677 14727 17946
623 15693 30779
4464 22081 4098
26065 31996 26605
10097 21710 20975
19073 28333 5092
25573 32184 9467
27204 28543 28980
2413 8931 16192
1679 11934 10543
3242 5779 5749
13553 17610 21364
4065 11981 15429
1812 17737 18843
14138 29093 6335
18420 19318 14925
10845 18746 8135
18138 23729 27126
29621 30775 11622
20719 25509 21512
6617 15909 22031
17648 23592 25780
3729 14482 23594
10100 24994 8169
9601 26940 7600
8774 26025 27620
12185 28534 12950
409 20123 21874
16212 21580 5293
6255 11000 8878
9505 28309 28851
8408 13278 8998
8333 24408 26623
12261 27585 8950
22554 26825 12621
4095 10597 30224
18279 31005 9520
16640 28905 17340
1237 11231 4753
17819 31828 20638
5969 26626 23090
19765 28108 15736
14487 29769 26269
13352 13471 16411
4639 12286 27207
984 5053 934
4417 9442 30700
11522 28979 639
17454 28387 13333
14210 17048 17094
13234 25547 32142
26511 27032 28451
5450 11512 1223
1659 16978 7686
8264 13403 2223
6921 10606 22530
10673 20549 30038
4395 11511 19464
12462 17778 9663
11887 14206 1432
7820 22429 18271
18573 27096 31548
10533 27436 2504
1138 8322 876
964 30165 29100
4953 20094 26239
11767 20967 14584
10819 16802 9325
25924 31959 14785
13452 27439 1730
6606 8221 18355
8442 28232 8610
16178 25952 3397
9704 30558 11580
7473 13285 21186
4438 27912 20923
11813 18553 5477
3421 6368 16405
1884 7545 17806
18751 25258 5298
7390 23894 11526
22049 23802 26515
5605 18167 26716
10070 12459 29464
2568 15961 30784
24064 26129 1801
6243 25917 13305
9448 22421 27237
17126 26301 5520
398 15503 23714
13757 29402 19348
8186 12224 18570
2696 29716 26218
5990 29170 28374
3562 7029 32482
2971 27378 5040
5052 30887 23999
4783 31093 958
15474 21067 8112
12982 30059 5348
5959 28462 24570
4787 27006 19617
171 18163 23435
11637 15262 3904
14966 21253 12842
1002 19308 26922
11320 19358 14269
13040 23806 11823
5269 6869 21810
4859 23963 11014
803 5828 22942
2878 13107 53
767 5320 7236
4517 20964 7932
981 17154 9158
19260 20265 15005
2856 5569 26368
20609 25478 637
16298 17058 879
4443 23880 32606
10430 31301 5494
28640 29544 20587
20497 31399 27916
23481 28361 22596
26375 31770 9183
1990 31039 471
1051 10199 21604
24256 31353 13508
3859 17490 30489
3574 7156 23088
7255 24403 4416
19654 31230 8099
24177 31940 2824
11388 15257 10432
28915 29803 14161
6044 19123 7225
6726 12798 2817
8827 20456 26230
21054 22309 12674
13893 14868 21282
27639 31709 19032
22747 28961 4774
15982 16786 26677
15525 25457 24447
5921 29120 8367
3617 10154 8925
12839 29546 2344
1088 2065 28725
3323 17533 11420
3334 25951 9730
20621 30692 1019
177 27740 9896
11982 17565 28550
10171 18800 14830
17282 17864 24109
20001 30967 21719
8522 22905 28475
15266 16695 20993
9109 21300 5353
369 25231 25664
8321 28930 9025
715 23036 14291
19414 31041 17368
13899 23672 19788
13583 16860 22609
16156 16450 26831
7398 26563 20574
136 18054 25524
7073 13618 7087
11371 20037 1011
6414 30841 29027
23574 24875 28917
5852 19650 5578
29968 30047 25963
6852 32684 5608
21439 24368 31888
2558 15666 18782
14025 14179 31327
4281 31001 31107
16066 32655 23145
1252 6233 30078
2426 5639 3005
13654 19280 962
6367 27070 23362
13298 25760 19081
11059 28523 30032
13877 18793 31542
659 6184 4587
21961 29106 11349
8656 18586 9902
4878 29553 5845
1820 20970 27043
712 23892 18563
5433 26737 407
1536 4670 7684
4342 11640 2063
359 15823 23080
26910 32321 5654
16277 23594 2076
8431 30777 18426
29417 30985 30514
27591 28787 4058
2305 18990 31579
3692 28877 13827
3659 28030 12107
5664 25665 22603
17096 23935 21993
13578 22866 22348
19858 26050 30487
2394 26580 5470
15121 18230 18718
1215 6347 5314
11952 24330 3301
22677 30302 17998
17438 26210 28358
15400 29308 30884
22998 26914 4660
5713 22424 17910
9998 16487 17621
2478 2894 19229
2030 13606 15464
27266 27499 6329
2406 8494 18807
7932 27534 18405
8076 23509 23744
16947 32296 29099
8889 11048 9755
9416 29709 8084
1681 22266 24778
14390 27735 6258
18485 20837 14411
11525 27068 29650
2645 21953 13690
5892 29167 27601
10505 10983 26989
27404 31416 29016
15177 21817 25349
9638 11856 30701
2376 2999 22542
5788 17658 14321
23099 30721 21902
9348 27060 13051
2840 27718 8231
22699 26597 18319
12267 21633 12401
144 3792 28428
667 18025 8392
7109 29890 984
17174 31600 20946
26942 31021 22161
29345 30004 26005
849 19034 14691
3066 6090 12716
17725 20457 1585
2556 7920 21761
14258 27066 28620
14422 15002 8960
927 2854 13182
18182 29075 441
5501 14742 24219
4271 30726 25018
16024 25369 7484
8527 31504 13284
14239 27372 30724
11524 28487 3350
12435 13088 5200
17748 21626 12535
5530 14959 10551
9661 27185 8061
9010 19450 21799
3062 4437 18059
9192 11846 11542
1859 24975 27000
3761 4733 24747
1827 11491 27316
4906 31224 18761
2609 16015 27505
22041 25048 17838
24700 28609 26459
28378 31853 27046
21363 26609 9835
9923 21066 4088
20320 22306 19346
16412 27889 7079
7712 8863 30442
13240 30517 7501
4227 20534 14284
23746 31077 382
17095 25897 19962
2567 19705 6566
2448 18561 25578
13186 24851 22400
3594 31430 32397
10395 28312 13832
7635 29062 20618
700 11179 4006
2446 23137 17539
16962 18617 10147
6944 9818 28088
25032 30008 303
8946 9212 22797
3002 21935 20448
13170 29300 11934
26220 30928 20029
21462 26149 19866
10062 16920 21426
19980 31618 1149
23815 23823 9020
25250 31542 7741
10909 22628 507
5245 23030 28376
6477 22468 21210
4023 7848 28253
1066 5121 12081
25013 27910 13759
7087 9047 18512
14719 20948 22084
14794 30454 20498
19171 20445 23554
2523 8860 15202
14773 27728 32141
2682 8297 26404
26284 27799 12457
7101 15373 5740
11395 21981 28477
22023 26187 31228
15707 21941 2118
7179 24768 30434
6220 19315 31714
5178 31322 22239
2414 4760 5634
1910 25673 28782
21202 26807 14657
1229 14899 27379
18247 22159 14343
3282 13775 7548
7343 19141 12893
1754 5414 21111
7224 30604 27561
9880 22860 13450
18668 25739 13130
26043 28628 300
23918 29530 16593
28014 29500 316
11805 21762 1388
16160 21767 28269
6207 22474 13946
22007 29926 31073
27428 30847 10299
13064 20918 405
1615 15518 1276
22082 26088 4102
19887 31797 24071
14188 27999 22337
15908 17226 23244
8986 22750 21717
25056 27862 15094
24541 28739 27614
10211 11218 10696
10582 22293 17497
218 32698 18409
16847 19499 5420
26411 32493 17933
12585 25640 190
19646 19888 6250
17024 17916 21369
9507 24862 30157
2767 13136 26456
419 31852 20201
6576 11397 25893
12156 28123 5929
4131 9679 4128
40 2503 4172
8597 18406 30359
11606 23734 17471
4905 25453 21581
1480 5807 1290
25208 31029 21681
4245 11826 17746
6733 18824 15964
1950 4001 14454
2938 32383 7264
946 7047 9724
9686 11635 27401
9583 25546 5883
6167 31586 26704
16034 29393 360
13750 29329 28107
8841 27297 10804
20688 23719 31433
12515 23784 8303
567 31857 1120
8920 26156 14774
3984 29230 13877
15696 16645 29455
4716 20454 1530
14951 32098 30312
5024 19630 29555
17752 18905 9163
3238 13261 2372
23250 32182 19074
8844 28391 15786
2812 16759 30748
19112 28208 5239
3767 7462 7536
18965 22072 10795
3404 24116 31429
8592 27522 29550
15217 25046 13588
5624 7718 23201
5978 27865 28960
16226 29714 26530
534 6977 17677
18743 32039 1949
6649 8004 29334
19870 21708 22637
11280 32027 6016
15218 15910 13876
9027 23461 11870
7382 19065 4044
20693 30968 29317
3314 21438 5511
10665 28256 8284
12021 32503 13215
155 22728 20830
11999 27171 17088
19233 22635 14525
19628 26864 1690
28929 31635 9585
16073 23666 4489
10002 31288 5469
17280 25044 4865
20109 29722 20466
15250 15747 23500
23550 29958 7773
10326 31200 16144
8861 8913 20127
8062 26631 20405
6651 25263 21075
7169 18538 11678
10814 23678 8268
19027 20242 9876
9871 32176 10870
23126 29108 27090
24049 30217 11304
11253 13761 7102
8603 29396 7176
2301 14136 26137
3134 5089 2356
9488 11342 19797
25643 28776 23330
15705 27636 30465
5295 31965 29562
16302 32074 22613
2987 30758 24395
9002 18619 25863
722 4750 14439
16931 18145 8543
11355 14854 3060
16731 18518 6611
9845 19838 21901
13083 26659 4422
1521 18331 85
4546 5218 18682
21760 22897 28769
811 10367 22648
1978 12958 29101
15860 19807 29034
635 1443 12806
9990 18814 4936
21194 29609 15220
13642 18490 7149
20560 26266 20095
750 2569 128
1929 23770 3385
4650 11869 13232
2752 8773 185
11307 17660 24697
10698 30990 25076
26102 32768 5308
17441 22446 4827
10685 15160 20145
7460 16356 4771
22932 32525 11317
18144 24542 2054
25939 26040 29210
3047 16245 11797
18120 22918 24149
7838 24096 22372
18466 22927 16040
7899 11718 6433
16749 26249 14734
21507 22342 32721
10539 27108 26869
6080 31227 14323
4468 28243 25000
25116 27494 20791
9113 30940 3698
9628 27062 19235
1242 3152 26362
12285 18977 5636
9631 14283 23133
13288 15329 15452
14891 21014 31290
6615 9303 27050
18665 23038 15853
12563 31348 21194
14317 25766 27294
18810 21520 23631
13256 18460 7243
1686 30363 23971
6403 27937 29072
14704 31358 19182
16538 20946 19841
16042 31262 28156
2731 16665 17485
18096 28099 2110
28923 31946 31430
17445 24190 12260
11248 20327 24886
24476 30801 31074
5474 28999 20214
4272 24880 1733
5411 24807 29171
20775 29375 11776
907 24411 22065
8585 28779 2040
7979 28311 13065
10810 27407 19159
8200 31312 7468
17193 26662 32607
2210 16059 509
1247 28344 11976
5403 9798 727
14929 15094 23027
6848 20791 29335
10773 12752 23484
19936 29160 23844
6656 21051 19701
11213 23149 13013
3517 16321 24202
27485 31042 6251
16593 21872 11573
1318 20584 16544
19173 21737 287
7413 11257 22051
16828 18362 28619
5803 17253 26021
25319 32570 1501
8495 22430 9541
6830 16411 25729
9474 24258 31163
4235 23656 12951
3003 21304 27567
16545 24206 7297
3447 6877 10821
11339 24738 19586
18820 20039 3530
9332 14631 16615
15259 18261 13269
276 3095 1669
5118 19100 32091
8755 16250 5087
1541 29091 16145
9648 20606 347
2201 7828 25429
19134 31958 21419
14662 25327 12671
15419 16530 24482
7537 20993 27304
20847 30248 19426
481 25519 23217
7938 12138 13918
19975 25180 11254
9768 31585 5148
5312 13427 5983
17270 17615 29023
2378 32030 25857
7039 8803 23846
6695 9939 27440
16919 20391 27603
12615 19928 9347
15079 20369 18517
4079 23627 16141
7544 30196 18033
19064 29013 32642
18701 30761 11904
3882 26612 6261
6762 23926 31589
571 23800 8263
723 20198 26903
766 25230 12821
834 4825 4976
21907 26615 15273
7177 22557 25353
3075 23643 7106
3667 25067 26640
14078 25249 24635
14644 31859 10308
1387 19303 26369
9643 30724 5319
4590 27990 8287
4392 9946 23871
4343 18285 21664
27957 32434 1931
26292 31730 16988
21268 21769 25326
15739 28473 31395
5956 16887 32714
366 3906 21178
20420 31050 8865
2572 11106 22794
1505 10033 29698
12581 25774 15915
348 24313 31217
8717 32332 26665
16488 17283 17565
10679 13101 31036
20220 24235 17043
9411 29788 23203
9003 13671 8028
3064 28303 4894
14535 26380 5142
22279 25465 11569
19460 31327 4572
8833 9478 718
6413 27405 11668
2760 25216 15792
3145 27306 4720
15922 16490 25136
10238 27083 20360
18212 20066 22709
14766 19448 18335
1006 22787 3572
5791 14837 8939
10712 29286 29749
1741 23107 17484
8291 18713 1145
8467 24321 15066
14148 24944 5206
17802 20614 11034
3139 30294 6308
15980 30955 9651
4784 24134 5596
6009 26854 15741
4681 25433 8191
5279 17812 30522
10931 31090 23781
13522 19947 31590
21927 32261 26572
8380 18854 3436
8348 30015 30988
12480 23456 28243
10523 28087 17815
1713 11298 9527
7250 17231 29910
7939 22303 21640
1080 1826 12823
5570 15317 22411
1630 17766 31349
3673 9001 4633
2391 22981 19746
20086 20645 21561
14035 15912 18857
3672 24702 26513
9758 31167 11010
12369 26821 6051
25892 31658 30139
16811 24322 1698
17173 24832 22437
3686 28096 1544
12187 25496 27195
16262 26599 28461
27770 29814 11044
7219 9873 12213
14595 14915 26340
12133 25689 589
11720 14262 15178
9623 16177 15321
1969 32007 7015
9174 31851 25280
4950 25512 9438
7555 14834 31876
125 31121 8490
11590 26798 10184
26433 30982 14009
20739 30786 1673
4781 25937 24533
5289 22431 23949
12401 30129 25504
16841 32754 30415
18930 27462 31656
11863 29961 6095
6931 12005 29791
16232 26736 8159
24218 30119 13613
805 17609 25234
2940 11659 31479
7767 31701 8485
27368 32407 3096
13521 28029 2081
14005 18684 15346
25717 26177 30301
3085 10655 16835
6048 7860 4233
25713 29674 16023
11672 17823 26611
4213 29868 8539
13634 25017 18177
6062 21189 26388
23118 30535 32085
15775 27027 30780
1822 26506 596
14927 31584 15795
2859 15630 11981
1375 7006 1782
29489 32009 6317
10961 25679 32333
7102 12296 23849
12205 13068 4182
6765 21104 24438
5148 19503 30820
16453 22895 20915
14232 21508 16017
3866 17010 3976
8287 11979 19448
2763 14060 17491
16854 25454 2136
23642 30699 10387
6041 30026 2192
17109 29606 29546
15803 32680 914
9234 12513 23529
7996 25142 92
13833 31639 28068
12490 28600 5099
5947 32244 31150
1856 18008 29996
6521 32231 29590
9637 22964 27394
2164 7775 3685
19717 28806 24215
24047 26856 3156
6106 9350 16389
15877 25409 20620
6730 23850 25406
15162 15337 14368
422 23312 6699
5608 29316 14353
19757 22643 26854
3440 17166 21129
7083 16536 16367
11404 27867 30535
10817 22437 4187
14382 18209 7438
21446 27207 8298
10864 23864 4521
1280 14968 18434
14244 19809 30395
22254 24798 32126
630 14162 20859
1241 22325 11957
2935 20818 9700
7980 10135 23430
2430 21184 19485
7311 21078 11
21180 29568 31022
4324 4556 2786
7444 11010 22701
23405 29913 28249
8174 25251 3828
7399 21016 5424
15052 25912 10996
2049 31136 24670
18358 20833 17030
11453 26787 18205
22868 31325 6490
12426 16445 11428
2855 26234 22604
5108 20048 1864
14582 19481 19375
2815 32063 21151
10921 13995 18438
17019 21288 3983
6365 11394 10970
21964 25824 11295
17959 19546 12485
4340 19721 6740
23557 32696 6672
5844 21427 23268
23392 23782 4300
13609 28884 16758
23237 28415 11231
12353 16013 107
17284 19077 2227
939 16928 32315
9120 21425 7603
2173 5443 32377
18955 29558 30931
3677 13202 17084
8188 21755 5776
1178 19981 1205
7802 31882 13582
12290 31758 25339
13551 25855 8361
8791 20306 17325
17297 32077 20824
5123 8362 30276
24804 32180 25397
18982 23120 30223
11538 24517 15431
952 25867 9328
4959 7734 30801
3060 20883 11032
9683 17580 7913
2732 25620 25855
4238 8084 5132
11944 22830 16253
15513 25383 24767
4056 4607 14365
6073 26331 6621
7921 8058 30494
19074 20397 3773
14049 15099 25452
5726 27122 24853
12505 28720 25443
10664 20758 15340
11989 27330 17451
13653 31277 1349
19770 31040 25027
27478 28450 29872
15247 29207 4415
3808 11712 10254
960 15492 26754
9533 22924 31417
7568 31221 4725
22862 25359 32545
14233 24444 30108
24300 26227 18703
18380 30829 22203
6 24694 2423
2404 30427 21484
4351 13526 16689
4393 7797 22697
2475 11139 8962
19698 26933 30429
6108 17038 21948
6746 7641 9742
2960 22943 18847
15618 29930 23722
18846 30698 10408
2198 14925 12609
29003 32000 13241
21563 29723 13007
15783 29223 20130
24774 25273 7273
9020 22791 32109
3244 20632 11874
5455 18128 7852
16084 30803 21663
23842 24525 5038
7666 30387 17360
3757 4720 31380
26828 28546 25313
16750 25458 5738
12075 14759 22940
416 20272 17082
27163 32346 24184
590 28254 22120
3708 11007 16960
2660 29727 16436
5327 23096 27165
19624 23023 10990
6681 16282 26599
5837 6421 8527
24608 31991 5804
22304 24406 6581
3563 29820 16043
804 18622 1537
18223 32196 8835
6464 11736 28331
13008 25560 12634
4852 20026 5545
5647 18562 13035
7340 17482 28747
23375 30924 5854
15405 29380 17176
8361 21859 1322
14698 19372 5643
6229 6972 28386
8923 12378 23005
5964 32011 21887
1849 4303 26400
8521 15570 21852
14799 26533 22559
17876 24376 10143
8389 14044 25928
27614 31912 16147
4157 28554 1068
11067 17882 2999
16533 21163 12017
21881 27072 6083
11749 29908 21452
2675 15727 1986
13848 19213 16954
4176 29104 3108
11210 12525 16821
6898 28843 2700
10369 19155 6615
8824 22076 13927
3167 15892 24508
7687 16972 27504
1025 18215 8071
11301 17591 8941
10198 28728 21941
632 19209 3197
13230 29142 5488
12939 22754 13996
8139 19474 10509
17377 20786 910
1144 30221 24177
8197 13134 25703
4698 31189 23715
26369 28607 24604
24913 30662 23950
17375 27031 13400
9046 25873 31503
2346 9523 2552
1058 31411 4037
5912 17860 2394
19962 28879 2140
10510 24014 10718
4149 5063 24982
4389 25277 13428
13963 19991 27466
3240 20410 24776
20269 26169 11743
8849 20489 13616
9274 12092 22343
14416 27477 24931
16192 29554 12928
5571 24621 7725
13281 15742 18501
5246 19204 31286
30748 31557 23770
22147 22414 25414
9103 31438 1161
14386 24682 13455
5206 11263 13422
1650 8163 13171
10638 23098 7732
7695 20565 8585
1210 16555 24105
12251 24758 11445
4452 31387 31368
16889 32416 1036
511 15889 24825
16047 25770 31038
10986 12996 10000
15021 32219 22482
2199 16878 22721
10571 16753 13890
1449 31131 10707
1961 11439 26830
3658 10520 24499
12403 20654 32290
7126 26367 30515
12152 23453 22227
837 12429 5949
1083 30722 23137
17520 22110 1141
4434 19713 15630
13996 31154 32663
15799 29319 10502
13165 29193 13379
16472 20333 1736
3213 18892 8003
906 16295 13654
28734 30834 30536
7404 23048 16486
406 918 20586
2837 8490 23050
12507 19733 3632
12630 28474 11196
19847 21861 1248
7283 15063 23381
1011 16856 989
15326 17798 19231
16776 16800 5789
19039 21336 22631
7337 17717 16806
10666 23814 20409
2968 22396 21259
5731 30884 24889
4314 21502 6571
12876 16314 1302
9112 15598 13940
19003 24908 843
6040 18269 30323
10908 23285 9677
1385 24198 24552
12512 27203 1148
3751 7176 10267
15649 28955 8248
6867 18036 3606
400 1033 30394
8409 11638 13362
2554 6873 24693
15023 20458 1373
18926 21506 15534
10314 11003 3587
3028 20695 21914
11243 23518 25163
14654 23917 15159
5598 22770 12176
3961 7726 22244
22178 30283 8521
4370 10258 29410
16680 31885 2998
16829 25317 10670
15347 19371 18417
4511 6628 11153
1141 20812 5651
3086 31865 21876
21058 28908 30470
7500 32284 8092
9809 17861 5703
2530 5012 24933
569 27811 19891
7236 19109 32013
127 16707 50
18794 29726 12181
5198 5859 16289
3953 15901 26678
13266 20607 12044
2544 8999 21215
6714 13802 2742
22194 27976 9374
25848 29284 24384
1136 1939 3864
2689 3762 27112
25090 32191 25658
5192 18572 27439
248 14091 18141
5215 11593 5637
12827 16211 29230
9339 19395 21920
8950 26635 28823
1432 25555 742
21321 31089 24894
14765 16816 30319
1953 12485 14091
27635 32579 6996
14280 29125 11447
11960 20408 279
14247 20331 23787
2106 23570 4916
27262 28753 2911
896 29367 29505
6646 31176 31723
5303 10669 15924
1190 3259 23546
23987 27087 21836
2310 22543 16300
21095 26623 31637
24962 30084 12337
3543 11849 26443
18683 22102 22591
20510 22833 3441
10186 28081 524
2017 20393 1540
787 17381 23256
18216 25927 5174
18264 27280 28777
5767 22972 28650
29369 32161 12987
2678 23968 16902
4017 25147 13357
14637 23129 29586
27481 31943 13022
16115 28426 4181
10474 26666 5439
15154 23495 20248
8393 24118 16802
12857 14397 5799
7829 24590 2321
7909 22834 16307
4522 9721 2250
3995 13484 19127
1807 9065 19983
11195 18452 3938
10105 27956 6660
19067 19389 17889
27123 29984 32439
12610 27498 24820
7438 16246 10763
19740 32347 25109
3485 29862 3747
26203 29503 5757
2271 10661 31444
25795 32311 7567
4873 7050 15923
11673 15992 18189
585 14953 4196
5632 17719 26172
4220 16189 16951
6254 22882 20931
582 2162 18866
5870 29933 909
13798 21178 16284
11325 26452 22772
20322 27126 10595
12194 30629 7808
3480 16926 1498
17259 27589 12077
2005 12016 11136
1357 22812 24437
6550 11583 1555
6030 15220 24470
25464 25662 20764
15377 26684 6515
9567 25311 22285
18239 22971 28440
1096 2822 17650
10068 31342 12456
4554 16708 15939
4579 28226 649
13122 22249 24454
13869 18422 17865
7539 21959 2955
16338 31094 32584
5078 12794 12921
4671 16263 28792
6974 31052 25378
11483 27361 13579
10272 12755 16295
5233 22930 8186
13425 19695 23382
11464 12898 11287
5366 7288 5801
17167 20852 753
2438 7440 18140
11834 24147 27405
4483 17709 17982
1338 23510 13266
9089 31820 18818
34 6188 10832
1331 17031 24335
10006 16319 7131
5853 11360 25409
82 18318 3273
26456 27245 16573
3173 28154 25392
4899 19479 32308
14264 17475 28129
15521 31968 19246
14375 23133 30011
18744 27699 994
5925 11475 18709
27502 32236 15478
1048 8063 7627
5998 27778 29717
30688 32421 11387
4894 6428 1935
19211 24796 31541
2737 4168 5621
5582 32235 27139
15093 28299 29775
12059 13686 32372
8143 14575 4303
7215 18853 14721
29759 32106 25896
16183 31535 7485
9576 12198 31261
7896 11814 1460
22653 25530 27532
5259 18370 25176
5876 7428 2757
11401 26857 31400
19567 24329 5247
4134 7812 419
1498 32203 21972
12650 23661 22323
13682 21195 28541
11424 18097 5867
20329 31456 19861
24741 31988 7001
2379 17955 7782
7489 28192 12831
3456 26535 23211
8227 15867 19479
2077 28675 30243
18593 21094 28945
5824 8611 3622
3448 6113 11119
16090 26163 20892
9893 12754 12172
28525 32428 6787
3837 26260 12534
16547 17248 4198
19300 19636 17951
9867 25301 8600
794 9821 2340
4329 13071 4325
4108 20214 8671
9360 9813 3469
4089 28073 11527
16615 24626 30734
12986 17067 27665
5850 23689 30167
15879 29675 12897
7429 24818 19133
19929 31423 8415
9630 23630 17025
20804 30160 154
18691 22198 24350
2140 26305 20612
7513 21544 10250
16626 25286 29696
2269 25886 9794
884 10064 21763
17302 27216 30491
21940 23194 21486
18963 19849 6227
13396 27334 13183
18830 22623 29760
12708 29315 18037
20249 22685 6531
23163 29297 11726
29192 31979 21794
12329 17423 4469
4758 18290 23465
22814 27086 24934
29169 29700 26377
10495 18760 24365
10517 13648 21716
19191 25402 32136
10588 10876 24182
8307 11969 1932
19772 29641 8488
16687 24950 17375
5069 6573 424
7266 25603 19706
1588 26949 20452
20585 21979 13622
4661 15568 31512
10099 22229 27782
14196 19288 26817
6934 7957 23213
9987 18640 19067
3926 13364 19977
12682 20602 31631
5494 16061 12408
9072 18738 27029
8349 27500 6173
957 30687 11631
7762 20117 8445
18033 24479 26233
17792 19911 10331
3115 8719 7093
3100 28615 28038
8471 9695 5920
10892 29430 373
25197 29168 1688
14483 15660 5461
1784 10779 19725
13476 16146 9890
27090 27928 14536
11564 30971 19954
14760 29995 32523
11102 13652 17798
8131 17150 12683
13353 18098 5162
12654 27527 30084
16429 22452 20164
2021 20215 25015
15296 19156 17227
18092 31049 13482
17459 25797 5635
10213 29680 24446
10859 13356 2759
19588 25599 23755
1146 27952 15720
9146 10979 15171
222 21837 21589
30434 31499 26834
3941 18784 31990
5954 13743 20646
845 15090 28045
3600 14094 28970
8593 25254 15540
1003 24001 25973
4734 23858 19026
6339 13482 19383
9005 30784 24257
12840 18822 20304
6258 12427 18572
22742 30914 4140
4398 19473 9947
7223 18328 29091
15479 26743 6799
18302 27518 1178
10897 16035 23557
1614 3385 7985
20541 31880 3596
11741 17710 11483
21562 26608 8055
3232 26045 7199
8240 32422 2985
10998 17829 25264
24396 30753 27210
31382 31702 16134
25784 26790 27860
5843 15919 9039
11970 30081 14499
24031 29792 31409
6035 9087 5156
10352 31080 25416
26724 30341 15142
16276 22652 21877
24072 26209 222
299 30796 20826
8715 30388 30982
10032 28491 7140
1636 15215 8541
126 6316 26666
17206 32560 29819
20103 32105 21280
4053 22333 5232
499 23849 29703
8457 29298 30040
7463 10202 4547
9541 13509 11894
6382 9133 16517
16191 19961 20544
8212 16772 12907
1537 32338 25038
23636 32505 6632
4647 15862 18739
16290 24928 10140
9270 14143 8858
17635 26984 20146
26922 30462 28867
9040 19091 741
423 31717 9166
15049 29474 20621
11056 20188 10976
6116 21630 2157
1516 4305 25254
985 23536 10253
7589 12255 12544
546 11234 23699
18055 29976 12549
20697 21897 12592
1579 5356 23174
14984 23288 21434
5827 12701 19784
9696 20336 24753
6720 19494 12212
14807 32624 26145
14208 23464 22544
7058 23219 23444
11312 25004 32098
8705 30904 10088
4694 22753 4442
7146 30225 14828
11630 19212 3164
13344 20257 1611
3810 15344 15013
3016 4203 24720
6562 9207 9204
6886 28617 19873
14938 30040 3850
20815 22881 18836
16897 25768 2690
16787 31443 29925
10226 22365 12875
9853 12428 1615
6149 8249 3509
28620 30180 108
14580 25578 19252
5031 20164 11080
7663 24567 24228
5481 28069 19587
18477 25805 17719
21077 32500 13039
25177 28238 21418
12424 25610 3688
3198 26299 3538
15395 18385 7403
5155 12655 19893
9016 9529 23797
21696 26170 6678
12499 28860 21648
135 32652 18114
20529 21905 7771
2063 22044 5689
11742 28791 29886
15402 24360 23207
3955 18868 17347
1983 22828 13587
9381 23438 20794
11160 32609 11393
11732 32641 5841
5467 25712 19098
8843 14160 16643
783 10853 29544
10178 29486 3674
2928 14412 19209
8023 29694 29309
13706 19161 9635
7436 29896 30834
2642 3883 7387
24502 29432 32408
18349 29364 21542
6572 22470 29651
5708 13979 28113
25899 29261 16048
3224 19563 11839
22408 31323 7435
16364 17301 29567
8973 21329 24540
23927 23930 20091
27642 30690 344
22598 25510 5012
21910 23549 12317
27063 32551 31247
16672 26836 4743
16188 22278 1600
23216 25648 468
3489 20045 21063
513 21775 16276
7203 18353 6773
17560 31607 26175
27883 29833 23003
5464 9572 20479
941 10553 7933
8661 32502 2610
680 30823 7396
23079 30432 31342
451 8417 27397
94 28784 22859
10852 25098 135
12334 27692 22078
20080 31752 16070
6975 28164 14557
24058 30042 11523
2692 19478 3160
4695 11468 32164
25114 27299 29825
12783 15827 8318
241 32693 10560
6224 21102 28018
13121 30860 10554
7788 24131 11054
14467 24213 17658
15975 22271 24258
14792 20240 3119
5250 23836 25153
25856 31626 30205
14313 30449 22181
6253 15491 2810
4150 12639 7024
2277 27442 7316
24229 27796 654
13961 20380 1677
18913 24974 6368
491 31400 19506
2009 24820 24156
6208 8493 11988
11144 19327 6403
13524 29427 12684
17290 20316 2138
17204 22067 5981
17754 29592 1363
10354 27315 8900
8604 14478 17098
19412 27737 19019
4480 30103 9829
769 26593 2656
1648 6430 24810
988 18369 32145
8481 14403 29804
19464 27170 26658
5758 31402 3937
5863 9323 22708
9214 20641 14472
17198 30771 1217
4431 11208 27528
8557 26882 25196
2474 28113 22461
15894 16937 7478
3342 9193 13446
2219 28501 32558
7789 11557 21021
11094 20677 16457
15214 15459 4613
22138 28331 28361
12537 17121 21880
2325 20162 29266
7622 20689 21289
6676 7763 19511
17924 30874 12868
17277 20034 206
30864 31051 25105
19050 23286 28636
4473 25190 24584
18297 23854 16088
3802 14749 14289
18186 20065 19933
10690 22206 29077
4111 13566 21184
9278 23599 9033
10969 16663 31201
2890 3109 24496
5037 11929 27994
121 26687 2411
22447 27223 4946
1700 20792 940
3989 17833 21598
19517 21496 21554
11560 14668 13377
11890 29598 15621
2019 12811 7457
29404 30843 26837
8405 14062 28448
4330 22088 9821
6331 8612 15533
13920 28851 3151
21061 21517 16757
693 1684 12286
17123 32225 2342
19899 21723 27619
7605 27132 3487
18541 19802 2486
8383 22056 25674
13868 28567 24107
16375 27794 30519
1438 31516 20616
13447 19350 13901
21918 26463 7329
18502 28500 2773
26902 32209 1490
1774 25695 26064
13681 18053 23654
702 5222 2784
12371 23444 7938
18228 28045 3591
8414 19945 4911
19635 30048 1118
7370 30320 14143
16022 26889 24585
2927 30107 7305
9552 28298 3165
7949 13194 3042
1495 15929 9848
10131 10848 10010
4691 6716 21784
3548 29967 9895
21395 27927 22076
8937 21886 1640
4989 13400 17885
11731 18142 1904
16769 18486 24073
69 21934 14602
10895 19033 17994
26183 28766 16034
9847 12388 13803
12527 22108 1762
2190 11190 16981
20743 22874 16353
12643 19117 11844
9237 16895 29922
29354 30992 17501
7097 22808 2984
16164 31067 620
7646 23499 27436
1474 14706 22010
4088 22732 26450
5062 23083 10930
26859 28041 11767
1520 8635 26448
14369 19749 21892
6680 12488 26671
13014 15058 23192
9199 20681 31938
670 7046 2331
13390 20463 22939
10234 10919 20820
1621 15412 27024
7410 11448 29970
21866 32660 22063
1223 4837 31730
3223 15817 26224
16818 24179 30343
9708 31276 22967
6899 26109 7666
24221 31457 8723
7867 9076 25750
16471 17731 23661
1584 11276 4465
20111 31844 22445
8309 32357 11267
2753 15287 32368
2338 17535 19068
4205 4352 5509
6502 16562 20075
6191 24324 28014
13700 17921 32750
6784 26698 17486
2550 6381 21124
2834 12116 20147
7487 20940 15297
494 3839 5006
3432 9527 18599
2661 2810 29382
15194 22170 21475
12475 25821 18206
31 21664 28073
12600 16203 12188
23485 29953 15064
9045 32298 1234
15718 17427 28926
1918 2485 9693
1134 26017 10647
11068 27275 3074
13794 21047 10249
1192 3963 28529
19385 28220 6769
12825 23946 17895
23429 26285 9948
13925 26565 3180
27157 29482 6196
157 15136 25372
10511 16079 28172
18042 26359 17504
5671 14996 5978
3482 11092 32233
1343 3136 25347
19026 23108 6056
5645 5846 24700
5614 32688 1369
15593 29201 10059
4842 11458 13032
17898 26458 29916
12787 21933 26928
7737 29777 11775
7819 16678 2186
13498 27761 31056
7755 26934 29015
4567 10115 11938
10587 31786 26654
24743 29180 25988
11596 30921 24259
12759 22509 31823
11837 27472 23658
3367 8631 23527
11379 24030 11212
9030 25633 797
743 10757 15874
20449 31414 12529
13720 31056 6147
5502 23705 29855
4641 9169 32475
10489 28160 28750
26848 28198 25901
6761 22329 13580
20830 25412 19621
4209 21357 7889
9056 26023 2218
6059 18866 11754
11426 18348 31524
666 22949 16973
14071 30024 13543
13144 29832 8701
15105 26283 3324
23995 32038 3863
14305 21091 1606
1862 24162 15461
1213 30565 13354
1456 29202 16493
7027 15172 16995
1428 29543 30286
18019 31314 15770
14057 21787 23875
1177 19869 21744
1050 27099 21053
4676 29081 8029
5318 28630 32143
1651 18606 8163
752 27450 28586
2932 32381 29416
10548 12026 17615
13379 19025 27010
11200 15464 3961
648 9128 8486
328 31175 1900
3901 25435 22275
31439 32125 2410
27670 29914 26335
2424 9361 12667
7847 20014 13126
29779 30853 13504
9836 12767 13485
18537 21830 28194
774 16596 6941
27416 31258 24344
26812 29502 8199
20762 32633 8608
5704 30125 20666
18404 25047 21660
17149 19901 25001
6485 32739 9001
615 20869 5227
7107 13377 6835
4384 10567 13515
2546 5145 12588
7147 15625 16702
4665 14404 3205
7123 24382 11411
2288 14608 19710
4800 10846 24574
1378 30675 26089
11242 30272 2914
674 7445 10753
273 12859 12350
7408 29909 9858
11357 22455 29466
2093 30694 16791
25002 29346 13619
1923 32499 19556
12872 15290 18263
3880 31922 904
7313 17397 27659
11193 23564 14648
14433 31373 15306
9804 26505 30584
7951 15211 16337
6929 24942 11834
4236 13811 3968
10414 29740 9443
15852 25059 29559
15078 20738 19618
2527 24863 25
9674 17836 16464
4979 12430 18167
5090 14769 8783
2542 12829 11206
4649 16414 31065
3230 19693 14674
1559 30866 17466
2281 30251 22951
1634 18558 16013
4970 29458 18440
7110 24973 5275
1224 12252 31141
10119 14585 14572
19595 32062 12363
8196 32329 22211
5376 8640 17967
20548 29447 9331
847 29692 3308
3634 26913 19679
16585 23821 8464
13685 18925 145
15597 17404 5708
15535 29657 6301
8573 31444 15167
8180 8411 25933
1487 9209 30844
8864 26765 5868
5937 7586 9916
9314 23838 23383
16525 22963 20844
7330 20652 11974
3879 30998 29259
13766 20928 6806
29899 32297 7455
4152 27252 13683
27104 30362 18696
18051 23348 22902
6018 21839 27858
20033 25556 24199
12366 29179 22418
13338 32474 22261
11685 14006 23779
10262 17391 27317
1499 7138 29842
4265 17254 3717
1957 14720 11733
16909 30915 32153
13997 18220 31079
3731 25502 32462
8066 32758 41
1841 23341 11402
777 28479 25695
11650 30038 3374
8232 31641 12486
17000 24911 25224
2165 14839 23347
14530 30542 31093
4074 12671 8984
9117 30953 18625
9137 11370 19430
5160 7885 15409
7074 29344 8529
19477 29499 28019
31918 32521 24918
15659 26399 22813
11398 24668 1924
16303 17111 1905
5832 10227 1452
4413 18141 318
24434 25762 4527
23442 29562 12361
4646 6518 10770
8760 31645 1109
7982 29644 6085
9457 28790 361
12739 29352 29478
4976 24413 11494
11569 27586 15342
2728 30518 30795
6600 23757 16772
22353 29567 19580
4161 29679 14212
7291 25154 18727
15478 15511 5331
32001 32229 1179
12589 30948 31646
12942 17751 6564
6239 30314 31011
5512 19089 22831
31268 31568 17053
25587 28437 22066
745 20116 14116
13200 23293 25965
14898 19463 10016
3071 23805 13942
2800 10277 26737
7585 17413 5630
3081 9254 777
9735 20722 29372
1561 13890 25294
6375 31790 24408
4935 19138 28813
9955 27048 16177
3916 26519 32645
12025 13536 21612
13114 15644 11249
4253 28356 15425
16125 27311 28572
17810 22640 18822
212 27447 15455
15026 22235 4928
16619 25093 857
4746 22032 15105
2500 19619 26228
17999 23896 14061
5191 9579 7248
214 14451 12756
12897 24834 23167
19915 20710 13954
2765 13539 28398
32071 32572 14630
8694 32717 10186
22211 24343 26822
23094 28158 7490
15882 19253 30311
8310 24805 19123
10386 26800 6042
19501 20356 3998
11735 12129 3409
7714 8848 7111
22128 22564 6749
16301 18109 12467
8967 27907 15135
19392 29835 14911
11762 30406 214
17374 23954 1484
20169 23386 29497
25950 29536 13313
11829 26465 8794
651 26447 8780
8007 27327 30199
23978 24795 23131
11431 25341 24755
7024 31350 27983
1908 11454 9207
7195 29262 4674
14120 15186 30014
1581 5732 28929
1548 29847 6992
11534 27082 24608
7966 21800 18852
26386 29602 30940
7533 26924 14497
2751 31241 15356
19076 30467 12710
9243 10563 10841
6641 7425 20877
455 9287 7740
1601 28287 11023
17488 29363 15402
25826 31231 6636
9785 28642 3528
26152 29498 15942
8966 20139 9376
24538 27965 18635
19564 22200 27530
21456 28036 11868
21530 25043 8675
19896 20304 12191
22292 24339 27398
21951 26791 23200
11313 30336 19849
16711 26819 9941
4576 32755 18941
10205 21158 3854
5970 8943 17580
15884 29647 14494
6334 9194 13299
12412 29422 9346
13093 29057 23128
17863 27908 23629
23065 29690 14200
12879 19840 3364
12222 21261 12248
6755 20629 4849
10706 15272 12282
610 4309 32753
1847 20160 28263
8400 14917 12479
13919 15951 3293
6954 9279 8803
21075 29355 28260
18470 19162 19818
2669 11029 4560
11022 27829 7753
2227 16649 24751
19776 23017 10108
14494 22903 28424
25068 26066 23254
88 16549 2693
10958 17393 25986
6610 23335 12942
19092 21151 27300
5009 9759 12261
16448 31247 12227
23766 26219 9456
12226 27802 16696
30207 31508 18923
4471 30595 229
919 9407 5876
4947 18093 26875
25557 28126 24662
6121 9413 29228
7140 17045 5002
362 17824 29472
6591 14418 12345
19400 22784 23539
13442 29127 12606
2015 31083 29693
22513 30789 7010
16386 16794 11941
6362 6479 32084
446 11049 32525
13567 21555 8622
23797 27820 13610
7477 13547 18549
19472 32316 32736
3229 9006 2828
16781 32477 13234
8609 17389 11717
16542 21862 8731
13702 26707 10757
14501 23841 16427
23330 30383 3416
4998 22661 27052
19457 31087 14777
20861 23144 522
12438 28593 18753
3710 8263 6963
6699 25471 12326
7752 17946 6442
9584 20088 15732
7447 22307 3926
5710 6286 30144
15960 21278 11257
4764 31798 11985
14551 24161 18374
4252 19853 6811
29748 30471 974
13600 30651 12576
4022 20279 20056
19525 29504 14419
18368 21335 4767
8363 23131 31525
3737 13902 25984
727 22371 1299
9221 25297 17352
8594 22624 894
24333 28591 20625
12382 22427 14124
6348 15964 26967
2570 4100 9502
7629 24800 3177
6420 23054 5715
15835 27532 18346
13552 16266 16721
3640 18835 25996
8503 27545 8601
1473 12314 11633
8182 14342 20898
6213 25106 9362
1220 8907 11485
22771 29837 24418
14034 14236 1383
27158 30600 31908
213 3046 13736
2624 20142 15985
4922 21030 24288
17503 25902 16984
7380 24507 25225
24924 27916 6242
6621 26383 4113
16481 20673 8162
21847 25642 11064
13964 22202 9734
21365 22244 25069
3693 14974 22160
13650 30328 19152
7244 10955 5140
7988 15536 27520
13217 19434 7642
10432 15387 24727
16870 18396 1106
1422 3615 12616
17584 29736 10482
2091 22323 6306
6643 14987 31740
26080 26795 21710
3716 25660 18552
9405 20712 13844
18917 30494 16922
21638 23435 19754
13456 28741 19471
9266 23952 8949
831 1233 24974
22213 23135 432
10569 25827 12986
13409 29924 17578
24017 30054 13895
23290 30812 32055
1322 25539 9305
14547 28066 7503
574 10120 1524
18282 27987 6659
5219 14374 11539
2016 13315 5225
7028 11817 24198
119 25792 4719
10004 21786 14473
22496 26257 7223
2250 28991 18241
12292 26976 32725
4011 17932 26972
13837 32748 13772
16628 19760 68
12712 12814 4110
145 6763 19664
10590 29870 4741
9285 23657 1798
5766 28259 12197
4479 7772 3470
24282 26426 25605
2279 9618 16961
9492 25217 30264
10573 28763 8626
22111 26339 6309
7933 30122 698
2380 20041 12497
24754 28820 31621
4192 28068 32003
7377 16908 149
21259 25579 16917
1503 7199 19979
4507 30175 16769
1560 26539 25710
7696 13717 3118
15939 16439 11228
22487 25495 2751
5531 6309 20523
66 19005 22196
13336 30740 17231
26690 31550 24850
14190 20399 19783
2064 3221 29834
30404 31215 27211
2297 11654 26219
16116 24534 1582
7480 19194 4806
14635 20172 28786
22922 28839 12828
6124 9387 24096
2150 27701 362
12108 21707 17948
4153 30241 17105
8624 10718 20679
6810 31101 28410
17496 26076 10836
28910 31010 21599
678 30911 825
6596 22181 13633
14442 21895 4814
3477 17347 28317
665 6478 19222
880 21310 29199
15229 29161 30822
4555 30798 12904
11963 17179 4534
1246 20822 21631
321 3388 12208
10313 28562 25436
7357 23417 17931
21230 26993 627
1730 16258 27709
12846 24171 27213
6745 31661 26901
1805 26071 30178
28116 30938 31194
16283 24976 6367
2196 26204 1255
26567 28315 12905
5182 26802 13886
4335 11864 29010
8754 12976 21363
18455 20751 680
13423 27471 3921
7120 31379 6652
12309 21155 12769
4732 13309 9105
21492 29046 27014
30681 32033 13764
1804 21656 11815
2429 21060 11056
20131 25615 18628
27366 28348 13909
6304 17464 22243
6970 16470 11915
20513 21355 14400
6599 6667 2816
10639 31297 12329
2280 8134 2582
866 21991 12522
4359 31074 4927
7614 9186 26146
8077 15958 20380
862 24558 18223
18737 31728 16270
7684 31173 21860
6045 15042 15271
11802 19681 9206
17274 23494 30050
7628 17487 25006
14195 15876 10848
6451 18616 23657
7774 21820 23432
4770 10797 22336
21225 26703 775
2795 21114 1433
16208 26980 9426
18569 27050 18755
16690 27816 24678
9480 13318 5979
17543 30902 21032
11935 18809 246
3113 30417 5980
15298 19860 27494
3603 6991 14815
28936 29666 1619
5060 10828 9922
9515 25814 31408
7119 27652 5193
10997 19083 19982
11733 12173 13254
24484 28274 26458
12496 31509 21015
2670 28575 9697
7070 19996 28575
4444 10857 23089
14512 22196 29950
2587 13486 15809
10989 13031 4342
13453 21599 19201
5342 10173 32572
24013 29728 18973
13440 14381 15163
2143 32101 24823
20400 20924 29617
10874 27793 5241
4824 29751 15260
7784 24905 25048
27138 32589 3206
5913 20680 2438
22214 32445 2337
10134 28203 14132
23315 24246 19290
14489 19575 7811
10731 29545 232
1756 3187 21377
19228 24426 2049
12649 31663 19194
2590 18130 5067
2653 30633 26347
11799 18446 13760
16821 17774 28778
11375 32046 26498
1769 14578 22088
12002 31304 28687
19139 26778 25222
13167 22066 7360
21431 24591 18433
7818 15322 3987
14780 14900 13575
2432 25513 26108
17465 26145 15993
10650 24979 20969
7565 13232 10192
5866 15610 28822
2589 27281 22133
2598 29196 11955
17616 19551 29981
8238 14643 3765
8292 9261 21300
2504 27580 1720
5661 20498 11124
16761 20209 4920
7005 31563 12543
4523 30261 1706
1944 2329 4270
7405 26408 19515
86 2798 12273
7852 23289 26908
436 16005 16766
16559 27935 28848
18842 27173 11322
4808 15911 4387
10481 22934 16586
14201 23551 25568
22349 30370 17013
10750 11306 16059
4838 29521 31214
9217 27756 12565
10242 11922 16050
16004 27175 23488
6781 13571 16852
9050 19446 30479
10018 31361 14208
25247 27351 15815
19269 32389 13528
8370 12793 13286
20241 29866 31426
6004 28130 24709
3723 16478 29338
2580 27120 29457
17360 27842 18041
7254 22105 1966
3239 22397 27299
19032 23650 4910
6247 27290 21391
6150 27434 14629
7012 24681 28434
6612 26901 26358
14110 25272 28863
22869 31655 9731
7369 16994 10102
7733 18879 2923
20608 31232 25257
1414 22780 28429
4383 13596 29522
15914 30106 27183
4169 14633 28880
4137 24631 16900
3272 11142 31211
4798 10862 31936
21704 28725 20160
24889 32135 7950
15556 27621 5398
12126 21645 8466
27079 29460 19560
25024 31295 7081
16721 20318 14252
21527 32222 23997
11625 22589 30269
18059 31450 11446
27777 29268 21410
21740 28655 4618
2897 23938 11883
11427 24470 32092
30358 31372 13919
21331 21878 6766
21592 24234 23181
14395 14942 13086
11816 31217 7707
6997 16287 16732
7474 10554 505
9242 19158 31146
4791 24857 22060
6678 23686 29350
9662 23313 7055
12587 16229 28666
1987 18199 23025
5071 21993 3736
5042 30163 7354
20895 24747 17056
4144 4765 12254
10194 27915 31232
12335 17073 12298
19655 28345 28721
9975 12281 17524
13824 27804 7597
18818 25580 12473
10513 17348 19971
3967 17020 7020
9024 30474 20110
7724 22941 8719
13198 27113 22979
5175 23418 13970
8785 19679 23199
21658 25781 29186
23982 24587 6648
15869 26668 2349
14178 22890 1539
7891 17344 8558
7729 24612 16313
24767 28325 2563
128 27399 23887
229 31144 17289
15784 29696 23633
6514 25137 8438
3446 31884 17830
2177 10467 4082
26954 29343 19317
10499 27238 26325
5855 22084 23121
1635 29512 17239
717 8209 3919
8758 23367 18695
6623 16682 20576
12234 23659 8444
8388 22975 19004
1693 26625 18496
17477 22173 6748
5997 6920 31831
3160 29612 21491
2337 28596 13929
10943 19792 30467
3576 7709 32101
9580 19528 28501
8655 19524 23279
2592 26328 30644
25959 29016 6639
17266 18840 1681
11847 20211 19023
748 3981 19018
17352 21651 7934
25630 30149 17855
12597 18337 11173
7803 12481 26566
6199 29228 13831
15703 18016 18902
2655 20591 9394
3632 16616 7132
1706 17296 8382
372 22816 23836
7919 13455 20540
7667 27858 285
2681 3153 32279
13962 25719 3076
8153 31088 11687
1962 3608 7057
7243 26240 27312
10755 16896 10876
6847 29569 10129
6947 8830 7424
14632 14762 25307
2846 23779 785
10368 18901 27491
7809 21617 29885
8740 22236 371
4897 23181 17880
6487 21416 14760
1951 27651 30504
15745 19538 4131
11628 31366 3802
16631 30888 29286
7787 28335 28964
4571 25884 4585
8850 15428 23406
6377 14761 13685
20600 25858 578
9178 23675 26708
9641 19174 31778
13879 20453 31063
10053 32252 24843
8815 22891 10301
15956 24266 884
10438 24845 32467
6170 26866 23290
5453 22769 18833
29175 29194 8278
9498 23974 2414
8808 15455 28604
1924 23862 2314
3660 10224 2201
6922 26880 3817
13895 17363 25999
5364 30293 14378
6768 17767 23719
73 1610 18015
18069 28619 9736
9384 21758 13418
1354 6275 24588
24168 27627 16969
59 6698 4546
17211 22184 6911
9613 22185 27674
15308 23463 13881
21362 24788 1581
6728 17703 28860
296 12448 30138
22885 31837 32495
10344 31393 7143
1084 4206 18791
2520 13033 12947
16349 18448 8978
904 13191 8883
1155 16390 10752
8220 24575 4727
7106 24593 1376
5473 11616 28017
8749 29948 12701
5036 28067 29264
6881 8168 7469
3189 17904 3812
15452 18888 274
4564 13434 11794
2903 9820 4385
338 16621 29116
2031 4456 10207
96 18566 21217
10701 28548 3000
17735 20317 29487
20564 29597 29202
7659 29356 6180
11928 15615 4871
5236 19037 7110
6976 10923 5977
10904 19048 892
1550 8761 7421
13013 31183 16743
10440 22021 16745
8274 11008 1047
3896 16843 5704
15149 26752 29938
1527 21585 8447
6787 31369 19594
3072 16610 8044
4285 14089 29120
8399 18399 31469
11510 32013 20447
1612 29812 17721
4263 24610 26991
26218 31420 6377
4096 19172 3302
18188 24562 28885
5685 6408 27352
13928 15413 11482
6918 30425 21083
11877 30344 1521
1381 27394 19886
19038 31700 3066
12741 23014 7842
17468 18551 11048
2839 4121 20506
3889 17773 28499
11812 15538 19476
9344 22207 19991
5524 12905 25356
9459 18431 7555
2998 30999 8821
6433 9951 13205
13597 17350 19976
496 14920 1915
8298 23803 8880
1906 20135 12491
11572 21605 20266
12677 14285 15042
5133 22480 13136
7355 30253 31891
22778 26039 13845
24573 24705 20809
9765 23275 15354
16343 30347 3732
24232 30597 15739
21389 22103 14669
26329 29087 29451
14102 31318 17242
236 7129 28605
10037 32506 27653
26273 29576 9272
15678 18577 25590
4540 28729 22533
20665 31024 28184
538 7634 17745
21853 25581 9701
14954 18757 5826
2410 5935 5616
8960 22282 20858
7705 23013 6708
4276 4419 30996
18958 20324 25351
14310 30805 20774
3957 11553 2105
7865 22951 16861
7484 11244 9366
3384 28260 14158
899 15643 29152
760 9778 716
21689 25551 11807
2740 10710 16111
12636 24540 948
23900 26750 2981
7303 25796 15277
24472 31926 3387
13623 20217 219
9423 23493 1046
12896 13912 12225
16044 19971 5475
1482 30491 14460
3838 10713 23183
3612 15750 7652
13398 27192 23018
9268 22736 2022
19956 20936 14610
21622 31068 7757
21199 27460 28763
10021 17821 32411
4581 13640 15118
13575 31195 9019
14383 26006 1268
15672 22410 30291
193 18117 71
7928 13199 23992
4537 21597 24388
19553 22917 26192
6013 32497 1563
2676 9495 21557
9815 25582 21476
11413 31055 21244
3845 30384 2225
1897 23992 29900
11565 11629 20853
1885 9004 7337
8990 23475 12772
17039 28521 25778
24489 31192 1588
5942 6248 21137
13804 27711 8797
26223 29704 30623
2602 31365 10079
4433 14874 27446
7063 29765 23812
19405 24568 30830
6435 27046 5152
17602 32533 7805
11642 30091 9799
13841 30201 8947
17315 26274 22576
4026 24496 27780
1696 22817 14178
7502 14777 29955
6444 10823 31052
5999 13444 25760
5290 9043 764
10442 27430 2879
11804 23192 16827
8438 30757 10950
6027 11434 9660
5230 24917 24425
5525 19262 17757
3008 10498 18741
12038 18887 25987
14444 28202 5338
27789 31993 2672
6734 31514 13713
14664 25431 24083
11311 30230 20059
4862 16304 9373
1989 7640 5467
2934 3022 11045
20546 25438 28356
3624 10271 31960
5255 21782 14563
5446 5516 21516
9645 21608 315
12099 16320 13499
10217 20315 9853
20670 22883 16632
3476 18954 15148
19819 27159 31398
6807 28095 18704
9916 31566 2373
1304 3993 15512
5809 14118 3840
12307 12437 1788
5922 6724 11541
20044 29028 8499
17762 21518 23954
12360 31023 16597
4499 5454 12027
1150 16543 13128
3552 18234 28157
3869 22597 30693
12824 21727 13758
6935 29152 5471
21220 27435 26859
12102 30078 29444
17076 28403 12388
3506 18425 1633
8896 28573 15032
2489 32446 17434
10855 26689 30833
19137 32344 14139
14510 30412 2510
26622 26995 5161
6166 20552 3681
2175 4190 31102
24261 24577 14079
15065 24016 11037
15170 17874 11864
14299 28352 17537
5723 21227 2588
16368 21314 29033
4516 15499 27488
32406 32464 19681
24050 31817 20488
18845 23722 27690
6636 22090 7147
3900 9659 1380
3156 26424 30559
20842 32086 19544
19365 21962 30147
6392 30658 22638
923 29210 15108
11709 26409 31486
11751 30943 28472
2509 18753 17371
3180 4167 10734
30603 32531 17828
1367 15273 3428
10419 23546 4208
12007 21113 16299
4830 11150 19813
10918 10932 29461
10435 11824 6257
25743 28490 6808
6196 21911 10574
25213 29966 30653
687 22441 29680
1023 19922 30235
13371 14815 10517
23598 31239 17204
21718 28314 24356
24703 29012 2470
22008 28942 9156
5231 17033 9276
8113 11027 15293
24458 31981 8200
1207 5106 4656
10459 20813 27084
9066 28117 18458
19933 30206 24723
5787 28978 104
495 3720 21199
20289 25377 21539
30837 31580 26437
28272 28949 8353
20290 27005 694
3753 25050 9655
29296 31004 21035
10334 20938 28375
8870 26122 8327
301 22749 6471
13818 20864 13157
20099 22619 24050
8454 20296 28989
15119 21756 8250
634 1174 699
12324 18678 32746
16812 23300 23706
4788 16694 10448
19649 26311 14735
14312 21109 28731
11552 29049 13977
13277 24530 31103
6793 28793 19952
10901 17593 2839
9441 29757 11252
1894 10534 19269
19022 32250 21007
17507 17910 29973
10260 19185 14995
2251 26568 11205
2262 12321 22103
13866 32562 24956
26031 32245 21739
23513 30567 24456
7683 20236 32752
2944 7940 28039
15596 24859 19049
9306 20087 23139
18703 21643 2377
12396 32736 15708
23396 30507 2312
1041 28327 30316
18329 23826 2242
2254 7562 15714
23857 25141 27910
9283 17991 21314
14291 15763 20552
13155 15242 9612
3605 28957 22668
2722 31336 5335
23622 23787 5059
15319 20730 6046
13439 18884 16639
886 16992 3712
7327 11961 10597
11585 32314 24074
4702 16733 6609
6846 7466 22825
17258 28454 30607
14522 14901 18151
64 6358 6861
2996 5904 24115
23317 27188 29254
35 14588 14505
9162 32190 26567
2309 8040 17993
11017 26104 21465
8203 27303 2992
14144 23584 12349
3971 17838 9460
10372 20544 27412
9789 23411 31928
19142 22727 10729
6426 18288 7635
3817 21154 7112
16911 32588 9910
97 17346 19206
27191 32141 16523
139 26837 11282
7034 23474 8369
26998 31685 18088
5401 15690 5853
21214 29676 18060
22826 24415 29265
25650 28393 25090
25086 27524 16539
4966 24907 4197
12733 30291 28115
19676 21444 10760
27509 30472 29236
13748 22719 1230
15131 25516 25056
10060 29246 31108
16518 29011 6336
9742 17654 14105
14010 23331 6622
14338 21036 18686
4723 21024 17759
16431 20900 17416
13176 25446 32023
4307 12326 22159
14962 29340 8105
8446 14627 5994
575 18252 13765
1904 32158 30576
4944 8586 29697
15372 28865 22789
1478 19097 22218
15120 21777 5005
29492 32573 2741
13127 15263 21918
12308 14518 5399
1902 32065 25488
17931 23832 24262
1912 5597 5580
2483 6063 9605
3593 31140 27871
19556 22366 3493
311 21029 25184
926 14865 22117
14170 20082 20194
23066 31480 10375
3436 26767 30984
9934 26125 6764
23840 32637 9212
20768 21381 7023
3575 17642 19561
27818 28263 1023
8382 24066 15989
329 21766 20298
26457 31496 13049
3264 5909 1132
7910 28266 15979
878 23860 20417
19912 32220 70
3976 14163 16052
1840 4849 26387
14000 16584 3225
9870 19973 28753
10746 13576 25060
17850 19696 3439
15858 32719 6450
1567 3343 31113
7668 24063 17598
2961 21442 2966
13394 25645 12670
3105 31620 32675
2647 24983 5912
12215 29254 21720
4229 25583 1659
3490 32456 17386
1258 10920 22894
738 5359 14817
5498 24582 18179
11011 20337 14931
2770 30350 4122
22393 27650 10583
6206 18359 18591
17851 29407 406
14993 29163 12855
22369 25597 16467
3568 26809 5083
10978 16912 2881
13445 15392 7789
26100 31974 18576
3618 25529 8944
4085 15887 15044
3501 4888 1772
209 29655 16015
167 12034 27759
3392 23586 8825
1802 21117 17383
8938 30957 2664
529 2852 16655
20341 26062 21206
18445 25207 8755
1582 29533 793
9454 9834 29468
15113 29065 3501
4834 7725 11469
3348 22967 29108
942 17531 16899
15342 21896 23367
13548 29934 18460
1261 12190 24253
1114 15227 30937
10700 23087 30638
12632 12834 32546
13617 14928 31385
11183 30607 16265
4259 31660 22814
13333 27985 5877
21141 27291 26520
18662 24038 20391
10565 20856 29851
3090 27242 1891
3088 12957 12354
4657 6579 28
10356 15087 30703
5773 32029 13728
23540 31362 23830
3717 6953 473
4476 13465 3996
2300 24825 8194
8129 23706 28345
13911 30964 10943
13937 16133 9121
25140 29894 30261
7100 20612 26317
21147 31776 16461
4019 31164 7126
12182 12893 2925
9021 23344 20000
4684 6282 5219
24265 30666 14823
20098 24034 26452
18488 26559 12073
8488 26478 4094
7632 28227 30247
14434 32431 30418
6543 28404 26793
4141 16938 16708
9919 30541 9459
14134 18799 21297
21 8413 12933
2858 31561 3482
7130 15815 9957
7094 8110 24324
16635 18875 22439
6923 24729 13198
19085 29586 6422
8963 13615 25785
12489 18629 2926
10388 11509 19352
6584 19096 27156
21659 25808 25877
7348 16971 32680
15224 19483 9197
15647 26971 5761
29374 30624 17883
3 25962 17197
8006 19976 3897
3851 24358 26519
3149 8825 10617
24904 30628 21540
10692 14957 9217
9833 10550 2346
10452 25223 28919
7799 7924 25259
5548 25999 20330
6036 12907 186
7944 25773 29681
2900 16427 29740
7336 15443 1491
21182 23189 11279
1738 16798 21086
1860 10009 10181
4864 22001 28808
21236 29610 8139
7912 13010 1340
28297 29222 28352
7482 19192 26891
1288 25266 32494
8634 23837 22855
14532 29892 1699
9954 31630 6847
10586 25302 22354
14340 16697 25288
2194 7901 10590
14017 19948 16338
4268 14782 30073
17113 19851 11330
9363 15254 9237
8584 9793 26210
2610 17335 10442
104 10233 25525
4674 22805 25501
10678 12022 1946
6895 27326 13905
9906 20024 13560
5263 18402 4944
16107 20974 18979
22018 22818 23147
3782 8959 3057
2048 13871 18621
1286 29699 14943
3324 21547 27922
18263 26428 23148
12791 27487 4748
15258 20866 28193
2236 27885 8446
17005 25968 3130
9629 23764 23926
282 32365 14942
6858 22781 13809
3461 30062 2478
1464 11385 28511
12556 27174 23758
6431 12207 27314
17600 31637 28684
16494 28992 5547
936 26876 19728
12221 27746 8888
16383 24093 10615
10328 25214 6940
20394 30890 8718
17171 29414 27045
7315 27685 31345
13021 21306 28035
17161 21127 12515
25793 28195 2341
1981 7503 15830
5169 5509 29593
16949 24112 31734
3217 23749 30802
5561 7419 8694
25 24803 10371
7538 12172 7267
19557 29322 1969
11706 29294 2576
6144 30941 9828
17186 31842 7129
25574 28931 13101
12545 25498 11182
5485 17875 1444
4967 12165 12469
14618 19331 11908
2358 4244 21864
14955 16163 12364
22338 29147 655
20888 27418 28026
28196 32130 30831
8787 17797 14281
6289 19653 27053
10815 16679 15642
17052 31845 21989
4172 28346 15816
11668 29385 11152
15244 23233 5493
3096 17884 8211
8193 22567 13432
8828 26021 20451
5257 11879 20244
18914 21987 5276
9019 17337 18542
5601 15383 17131
29670 31819 30787
21129 25941 4045
4642 20579 986
5660 19126 6541
5281 20283 10916
1661 28362 3095
18310 31408 2687
16131 20027 13404
16355 23969 18975
4031 9166 19826
4193 19533 3310
9227 24169 14933
13473 30544 7445
11617 32010 22995
3347 6481 23191
3194 20056 14301
4692 7713 17978
21724 24777 11194
6055 21450 709
8768 8906 10256
3243 23524 25238
10046 32212 25467
5953 19222 18043
2319 12037 687
20897 31698 1030
4614 16754 17670
2726 19969 26234
673 25378 27431
2220 11971 14469
1225 8119 4513
13982 29649 31125
15188 23920 9415
7384 31836 22509
4745 12476 6359
12604 17621 5336
20295 22109 788
2435 20519 9157
9928 23798 30071
9802 26164 23942
1977 20469 14215
12997 27967 26361
9997 11719 17090
3215 27665 10550
16710 32640 4332
16548 21018 21634
6441 15196 24167
3372 14558 28835
18661 29720 8041
14809 19989 221
11297 14003 17318
16480 28459 13151
2472 27917 29805
1540 5373 6150
4317 28379 22428
5397 23496 17922
20950 31233 16006
11116 16957 19842
17027 30937 4669
7187 9604 2382
22294 27049 13502
12830 29095 32207
2571 25758 14356
1121 1370 14496
5127 12408 2621
758 14052 31626
3766 32663 27686
14222 28509 18217
2317 27412 7747
2092 5825 18712
10642 24936 23505
6874 31543 28510
2774 19420 28716
24180 30807 1958
3218 18589 1185
8447 23404 17996
1893 29389 10491
1571 4060 3356
8801 28083 31924
4461 30413 29632
2381 26672 5871
439 16289 25748
15003 26271 2183
6689 13940 8087
20223 24552 27710
18397 27211 6064
2595 30657 8036
15938 28754 8852
6326 7756 31142
3589 19452 31903
27236 30714 23976
463 8636 16703
18505 31678 31067
9718 13385 172
5361 7333 29837
6797 20146 907
4181 8244 6831
4818 14581 32568
12935 22542 19288
17681 18151 29498
11603 14555 28675
19938 21815 6283
21937 23227 20929
2830 19075 28182
875 3039 11830
8214 32486 19093
12168 25698 25500
22631 25460 1227
19218 30913 19420
9299 17134 23726
26057 27075 574
21200 24248 482
2223 29327 29901
2441 28544 470
478 8695 16651
9650 17732 30736
12842 24532 7709
23283 31355 22124
1200 26970 12841
7692 26167 23904
13735 20829 17019
9517 16031 231
12289 31248 8577
255 27742 12655
7139 23254 13105
19056 22079 24194
21531 25456 31555
8572 14679 21447
11273 15600 28313
9808 24129 10145
1086 10469 15961
9115 25564 5060
5748 8616 19295
7651 31228 31289
3793 4933 2202
16040 21317 14189
12080 15583 24001
13112 27736 14275
3893 25309 10042
6114 20976 18700
24916 28904 3778
3966 15037 3175
8415 26111 10208
5328 18049 29207
2603 31625 12918
19225 21869 9749
15764 29182 8546
12669 22836 10803
1811 5097 5522
9843 19954 21386
17923 32238 14261
3980 18324 10478
9225 30271 24923
970 23433 19122
4024 9882 21442
9374 16422 32270
9864 12083 2811
13337 27745 27595
9190 9711 15383
8637 24467 27748
3344 32654 10759
8890 28358 22757
2043 23913 14027
231 3999 15143
18823 30027 1758
502 3132 21899
5253 23489 19980
2418 20081 20747
8199 24381 32534
5416 14152 26735
15977 27622 24466
5719 13036 12370
3719 31111 8686
15401 22626 17057
19522 31712 7625
24649 28697 18521
2702 15506 23916
8533 25441 16741
16436 25042 26025
7352 20271 18684
15528 20844 5352
3302 22144 12290
11035 26504 10434
893 30159 19325
22071 26297 28021
8255 27824 2320
2054 18468 6006
8283 10913 14372
1015 11634 20290
5077 16973 10555
368 8701 25637
12881 24373 26969
4338 32360 26338
14392 14599 15278
11529 29140 7359
6671 20299 19410
16501 28799 15558
12386 28050 10089
1188 22171 7670
21000 25325 29975
557 25588 18117
240 14064 27039
4386 30140 15217
1759 30644 17575
1287 13967 5354
2805 30093 27291
1591 32501 10631
18539 24446 23223
3919 12598 22785
14013 19118 309
12095 18189 2870
2811 9145 29730
8359 10579 13732
6308 14786 3484
18936 22978 10172
20573 22511 24210
25738 30515 3285
16888 27722 11342
18832 24848 8165
22240 23262 1350
1000 23655 7650
6211 6769 22733
4628 26252 4269
11256 15482 7942
1255 2863 1233
21082 30959 21422
21890 24675 29411
757 29838 1781
8329 21466 20286
22566 31634 13093
8430 25430 25366
10756 22133 2196
22389 23140 16205
13502 19504 20474
4739 27830 24428
16086 29794 31804
10254 31883 26094
7748 14361 28306
2901 27514 25786
2984 7594 22602
23971 30151 13708
4087 4916 28185
5313 26773 11013
20619 25745 10443
28743 29494 8709
21176 26598 17831
5468 29079 3670
12813 31829 14652
16049 24263 9579
11809 17458 31024
4600 17844 21167
20470 27945 3220
2671 4424 27523
17116 30005 2252
1301 16201 3680
21892 30586 15453
2929 7220 21714
18061 18771 22054
4855 19666 31620
2202 20920 23776
6598 17316 17508
12466 30316 19864
5847 27004 24320
15041 29739 27656
6569 22637 22523
18863 19010 26327
5796 12605 8736
2596 21046 19449
15260 21534 31930
8132 31603 7422
15668 19568 3763
18391 29334 10462
6064 24750 5615
12891 21804 22871
6110 12554 12677
12883 28507 25223
12389 24070 12314
2028 15950 12959
468 23879 8148
18214 28532 609
4908 30033 9624
17203 19226 17061
932 3236 29653
888 31924 14994
18704 23947 30016
5532 26852 28248
10182 10411 25924
1149 14508 7857
1181 12288 7529
16046 20285 25957
25118 26613 30598
9854 28835 6727
17768 24508 24311
9139 21399 10322
8250 31475 20191
7524 16025 7219
5431 29513 4411
7766 15168 27006
9443 32647 19066
8016 11682 32177
12070 16661 20143
341 30224 3139
12210 28873 23963
17327 18973 662
22609 30371 31932
18013 22402 15141
21361 29771 1917
22302 24405 17100
2616 17843 7311
2373 14075 1128
3380 28242 30158
6314 32134 13555
24585 25949 156
10292 27797 2581
12932 29516 23403
9417 20599 9308
114 14715 21734
18880 26897 12955
8627 12729 16469
10836 18947 18122
10965 32414 6809
154 2613 31246
614 22460 2952
11823 20006 28886
9739 31555 27255
4377 13808 17887
12764 26953 24905
5701 18649 11519
20650 24175 24415
6084 27752 20894
2182 12203 16797
13343 31720 11451
9697 32594 28320
9690 20231 8210
24085 24855 21048
27003 31841 12575
5244 17003 12585
21443 26026 24582
9118 14176 2692
523 32722 24857
11221 28958 24082
6694 26700 28535
3245 4133 32082
7857 10802 4020
26180 26667 17638
8381 10600 16594
4929 21347 23756
3300 14958 7051
6900 9477 11426
6570 28583 27007
3122 10433 14172
4570 9170 4891
2687 29645 1232
7183 26547 29381
3268 7564 20331
19898 27725 11401
5649 30708 5899
16775 27074 21587
11319 20859 7951
20063 30709 21826
15872 17808 19596
2734 21246 16602
29017 30416 8047
3705 15155 22131
1619 5322 24354
8638 8958 25742
26278 27322 29977
14728 16806 7733
1397 9884 7254
764 23257 31775
578 3054 29733
19707 19921 14517
7954 23577 16095
672 28623 23819
11222 26681 6726
1926 22052 8752
683 13882 17874
3614 20114 8936
11344 14694 30977
12060 14820 399
5938 22768 14863
22297 25373 27765
5161 14606 8286
2674 19552 5342
23911 25485 24761
9123 11104 8005
685 23152 18083
8424 18928 14296
1546 27775 8644
3000 30593 20277
3788 16588 23993
10083 11568 14429
13347 29635 1451
242 30747 5950
26427 30177 17250
11492 26033 21641
4262 29883 2024
5048 32646 5663
10456 11703 24140
18841 28042 15366
1731 7968 20855
9220 12385 1862
7088 12276 14661
6703 28398 14519
8449 20776 5490
982 2756 13142
12541 20571 29479
15268 29255 16669
2844 13680 14795
15077 21814 22478
1664 26637 23574
10476 29005 19326
22569 32372 6600
18720 29149 24960
2218 20302 10587
1042 13480 5252
6473 10296 9320
1291 21398 29483
14063 18563 28285
7580 11902 15681
4432 15820 25526
12900 20476 32556
24644 29113 8124
6357 23368 21555
14351 28182 26274
9191 12832 9874
15767 18554 11396
10061 23683 20590
15366 17137 4017
7392 30052 26732
8769 16571 26324
16579 22458 22868
28048 31796 2930
18058 32388 20276
15134 17953 25527
15171 22835 28447
2866 14257 14442
70 5535 28367
8933 14784 2836
9147 13358 25214
21467 30310 11144
4958 27567 1400
13175 19534 5987
11020 18995 272
20438 25589 9773
100 17563 23707
22051 25832 28235
4573 15515 21950
6039 20817 11273
5883 12665 27848
207 9967 12985
6751 26847 3935
330 31827 20999
11390 30741 21351
19541 30976 26728
4990 24844 11201
12928 23794 15137
26287 28112 6421
7871 24709 20410
19746 22764 21618
1424 18966 16710
1271 20875 25801
12115 15582 13448
13728 14568 11928
12375 21294 19419
5734 12453 25070
12313 24277 15778
15508 32349 19145
14018 20959 19368
11215 22290 13552
1270 15407 8748
600 26330 15116
11120 20070 9164
230 4983 9837
8087 29637 26568
6015 13948 31496
1446 13722 16273
11721 17523 840
21353 28653 24308
3639 19106 23258
7193 20994 21104
2087 11456 17
20747 23248 22360
4999 8158 937
7567 16526 14725
21380 29563 12060
5165 22192 15587
4030 9743 18133
6834 21235 13425
1858 19711 17775
16939 23356 14227
20200 24203 19932
10011 12978 32582
25468 29067 5149
21286 23641 31797
1425 19146 13474
12867 20115 18721
14872 30667 3665
5631 11147 22935
1819 5914 25945
112 31605 24631
12434 13072 8010
24182 25151 28031
3531 27588 4932
9084 29665 4780
1176 18320 21569
3572 32552 6081
17662 31298 9404
7325 8536 40
1660 8219 3415
25841 29010 21395
10246 15146 23001
20343 25504 16683
9691 20755 20197
12174 13361 15894
20853 25944 5244
3533 12710 13430
3435 18085 25776
5776 28654 10952
11399 30242 21675
21768 27679 18287
7792 28555 25295
26379 31821 1836
15546 23122 13934
22028 29440 11417
1732 8759 822
20646 24465 24414
16354 24279 23062
6827 13118 389
3442 27059 19874
16965 24753 20871
22417 31838 8181
17740 23380 20392
4623 26762 21862
10646 31775 13519
5669 26578 11062
5409 15657 4117
18184 31892 29776
23498 26124 21173
3204 7609 386
12464 24882 12744
12492 21062 20650
3728 22899 14963
12482 14675 30474
6346 10152 11326
12351 18979 3511
19668 29604 32591
24283 27633 20364
800 5906 24003
22756 28935 31682
11933 28204 20489
20540 22036 24911
2912 14318 6087
11490 24164 11197
18273 24710 6126
20147 22901 11299
7759 25754 9545
6262 29406 25239
411 594 26916
1455 17586 2404
16564 24809 12757
7072 28951 27372
18271 18906 415
8179 23828 5556
22250 29019 20342
7142 20982 24539
10077 30391 15933
15460 21393 13891
21785 29055 5032
7895 15617 295
19088 30338 25389
8302 15203 770
15466 32734 20901
6690 21888 5561
1850 28012 22040
12564 16179 31917
11254 12242 10169
5176 15712 16946
3295 22707 28255
10707 17596 23863
12171 30216 9491
3911 9200 27914
5562 13000 11727
17223 25853 20321
1638 24918 3386
41 20784 3431
395 30498 12412
6118 25339 1049
20692 24194 1293
16836 28813 14381
26783 28563 24268
18442 27200 21373
9338 28863 12448
1117 19362 20453
3750 16763 21424
16515 30162 20108
8570 15531 8441
1139 3736 31362
3914 26462 10335
427 9904 12957
16243 29636 23933
11790 30485 1664
15126 17444 15218
4836 24789 21139
6832 23243 6814
7660 21132 31611
5156 31461 15249
14127 25306 16121
22356 30192 21724
2549 8453 25348
12154 26782 16562
4211 26555 5805
21699 29006 21027
24923 30618 819
8286 16193 1360
31260 31463 4400
20247 24618 6852
1511 6951 25457
15010 22363 12678
14007 23715 20513
5248 18280 18251
3944 17772 2508
16565 20617 18634
1497 21764 21459
4293 20880 93
11528 28796 29065
822 2292 4963
2085 22718 5820
7694 21049 28818
28278 28849 18564
17308 26776 19264
2515 7750 10493
21237 27964 24094
25291 26760 5775
27533 32738 4255
3305 23452 11050
8223 15442 28523
3775 23629 20790
27721 32458 3365
8949 11791 4526
11646 14256 6094
12470 28152 29509
15325 16462 9869
14359 23116 31700
7926 23062 24729
11620 14859 5721
27813 31972 5255
15896 23158 3805
1337 30653 24558
1274 24660 21187
10279 13494 1449
3571 8239 14403
23520 25861 18136
1380 31293 21792
4174 15398 4785
17358 24717 9074
14189 19391 7370
12248 16853 16350
10057 23247 2065
17069 24226 27337
2972 4534 24386
27384 28280 17588
3826 27673 23188
10415 27014 23296
8540 11060 27033
9526 28712 23919
13768 21169 24852
19617 23647 15605
8574 21792 25063
14358 30552 9189
29038 32266 15972
7813 21977 6591
17736 18178 5627
18256 22411 16582
16374 21284 6240
4936 19577 8408
7261 32336 18474
10359 22568 26058
27348 31487 6579
10564 25590 27833
23235 26115 32413
13714 32634 8073
5541 12091 9079
1919 14142 9991
4685 10898 19278
10284 27801 3942
10398 22523 9535
6432 32424 6491
30186 30599 4997
16863 21706 3381
21860 23298 19807
2607 23206 3948
14082 32459 30962
25571 32664 25169
11910 31324 23881
1678 16872 31674
631 8462 7244
908 20756 15228
25196 28438 30105
29873 30204 30024
15284 16859 9452
887 2151 31689
4985 13156 428
20801 23022 6736
7163 10391 19114
4619 9173 3588
1705 18309 9735
29659 32514 22743
9807 14122 27817
992 8165 18622
5626 28755 13217
11283 22285 29368
3492 19314 10062
14137 29807 20074
5285 32068 16619
9333 13407 22410
15286 31704 2574
4269 29301 28051
20563 28326 17738
42 4907 6863
2588 27810 30810
4819 20129 21550
8893 22576 12434
4937 12593 25682
13052 16172 16292
2494 27653 22202
185 4851 28454
15588 20845 17245
25934 31220 2719
23810 28137 1368
16369 24100 16274
5134 11670 26768
7974 25618 1657
16130 23723 8995
3604 28400 17382
1911 5229 20654
22944 29224 28130
8301 27304 11024
5985 22351 10505
23831 24782 26950
2746 2871 17672
18254 19677 23028
8146 17243 31284
15386 15613 27980
24289 29818 10942
26038 30984 2207
8327 16294 20851
4388 25690 22139
858 2434 29274
191 8659 28876
19086 28662 30936
3312 30949 28527
11977 27880 15709
707 8029 31842
3142 12559 14709
12279 21372 4105
21986 29711 3471
5351 24214 16328
14050 22065 16079
2777 19822 31306
13696 26746 19566
2266 4073 502
10677 13771 25160
7117 17202 27225
15367 22005 12838
1481 16570 18568
3375 20030 22046
15761 19229 7546
12580 31861 22727
5637 32305 3238
13323 15559 32140
1711 24843 9112
14290 30993 29735
7137 19271 9964
24958 28328 684
9568 15789 17742
26014 32462 9752
12577 15918 2797
6372 11212 12223
17433 30182 19055
16748 18778 17754
20545 28467 14371
19521 21090 12818
6437 28432 4868
4829 22573 13334
14943 15948 12669
11708 16328 23055
2493 17665 26607
5337 32200 22234
16986 19597 27861
7049 15921 25158
4728 19383 26757
21327 32290 29921
22481 27594 13833
1040 26314 10324
9389 29411 486
16632 25974 1318
8668 29683 9698
17852 18004 1549
6637 26323 1632
208 26117 15479
14703 28902 22963
9502 17813 19824
11986 13926 13085
10835 30287 117
17930 28604 15157
2355 4566 27651
6980 22344 6477
2471 13803 19868
7209 12040 18901
24275 29522 11806
12449 30154 24153
9782 11141 1938
12969 25997 9395
8434 13435 3824
3251 21921 7486
21665 22722 20087
7338 14785 9540
21448 26336 13318
1374 27400 20039
4629 26310 31900
5720 17793 27843
9996 27846 24441
340 6315 14238
11322 11455 21159
488 20319 12912
36 8589 14174
29365 32437 11338
14051 30342 31456
6204 19299 7098
22281 28857 4136
6604 10293 10934
10821 26525 27384
2606 14067 29388
5086 21392 15185
6818 31166 26833
10575 14941 27698
11033 27337 28772
1471 6313 30967
559 1647 16604
4682 26963 22460
3588 21628 25128
20635 24094 2770
2997 20626 12307
23608 28530 22970
1502 15874 13358
3387 32612 27548
10504 16915 29847
4488 5585 18270
17063 24926 30556
6829 15907 12125
4620 18584 5513
26830 29871 26900
30118 32369 3539
27553 31523 19865
9122 30712 1372
19449 25376 5484
7907 26307 20571
2332 13741 11487
6126 28207 6877
2628 17356 12139
4458 19874 8091
17896 20435 16778
11498 18782 17618
13147 15636 17141
16558 22696 1930
1059 2747 560
14678 19803 17264
11780 25524 2600
21342 30208 24797
12268 28217 14090
3175 14851 19898
19144 20328 1802
15055 16653 25642
19002 26822 335
4279 15594 9423
521 15354 6446
16810 28201 3618
19210 21535 31421
5202 20633 26226
3037 11128 3083
2261 23124 3896
18112 19468 19412
9681 19706 25450
20261 24418 17266
5725 23822 18835
2163 18574 25520
20555 21423 30248
16064 26959 5639
8149 19058 15912
4914 12094 24301
9090 31392 25536
20642 21913 13980
15995 23046 27792
23284 26885 24285
20488 25364 924
10374 28944 2371
8175 26770 32343
3197 23078 19428
7443 29383 4277
1277 5484 20564
3809 13886 16478
37 24087 23584
11047 17262 25126
12195 22538 19365
6197 25740 21149
4270 21858 27160
9319 31577 10195
9473 18960 24859
10627 25257 15296
5033 9148 11288
7004 21137 103
16575 20167 16712
1855 20224 27921
9685 28876 2477
4175 19435 13403
4155 24254 29580
22277 27981 927
13367 32285 18001
14736 29018 13704
5699 24247 8394
1509 14590 700
4613 5622 19366
5984 29386 23523
658 10094 26673
10887 17172 20249
10074 17061 6637
2956 6494 12836
27951 30750 16516
15490 20491 17054
2695 26128 9254
15638 24342 16087
8491 24044 10566
6321 23575 27767
15987 24429 7638
12084 15335 1757
22596 24543 31046
2666 28477 24416
4136 19641 16596
7184 9267 8049
8236 12233 16810
7328 29394 15944
8402 22888 28872
16292 28486 31427
10630 22896 19179
17954 31149 1244
31081 31897 29563
1056 17142 18064
9578 29273 5882
1888 24650 20187
245 5861 9657
3630 9694 7046
19839 32054 913
16676 30379 27802
6802 7031 17033
1364 15264 7960
21545 26832 5764
10321 29719 21871
10218 18390 7880
17515 26212 18380
1728 8826 25439
15831 20744 15450
12058 19177 23990
18805 30286 5807
10341 13632 25548
8477 8731 17479
17220 25916 16407
22570 27020 12149
9701 15403 25968
6973 19285 32460
18044 27900 12417
3945 13989 29511
15863 32192 5256
18394 20769 4913
11686 28448 28047
5709 5805 23775
5286 10301 23996
13519 32571 31208
5000 23998 16470
10251 26338 20562
19070 29851 32711
27305 32504 24964
11674 26566 2973
4044 30897 13114
11175 16826 4162
7246 30074 22005
312 13426 15604
1631 29110 16765
8620 15406 25162
151 1699 6958
26010 31953 15703
13238 19797 12465
17969 25469 31654
6277 7517 16039
22991 30334 13302
4288 12640 19501
8630 23416 13706
12558 15295 24406
26340 27222 15902
28384 31273 26612
8272 8537 17753
6693 19427 22654
13725 22014 16839
4282 18005 4956
16583 32448 14332
12146 14847 4263
26198 26923 3047
13668 21345 11858
2768 12562 7637
21577 25983 4043
15943 23709 9634
10738 19344 1246
11975 26939 17324
3724 16008 10528
10634 20723 32246
3005 11108 15067
17791 28165 9813
4237 9409 5495
5504 16861 22775
14738 17379 32224
10875 20992 12113
19689 31570 28079
22118 28410 23656
3293 24977 27631
3818 27743 5618
21759 28478 26880
5533 29449 10182
5962 21149 24234
23526 28476 18894
788 25838 17367
11449 32586 8850
10543 10619 8110
2265 23768 28303
4883 22804 21800
6171 16466 16288
18427 31139 19899
19894 29124 3072
23614 32367 32540
16557 19482 29806
13726 14020 31257
17785 19265 5164
5798 7166 2014
5629 6252 2145
11750 15332 9036
421 7849 32346
4559 16065 31966
9620 25854 22424
15368 27265 28677
17551 20505 4701
20404 29467 22436
3797 15999 5727
10977 18728 6626
4729 9989 24625
3450 27293 28893
7437 8444 16828
7248 15179 18736
18306 21988 26043
11345 11988 26061
6592 19620 25852
24209 32312 24897
15663 28239 30411
5810 18131 29835
7467 31138 11378
1384 25443 1599
4165 15694 7595
5627 18134 14051
4580 5140 5066
13991 15581 6710
4448 28236 2843
5371 13129 3575
9660 24272 12009
7332 9219 25083
4743 4833 30121
5763 9851 19190
9844 13541 15530
2171 30393 21322
9211 15655 6973
19471 27751 8726
17028 18242 11301
14697 22618 23414
10385 23648 132
4049 13059 29873
4931 29910 31384
1250 27886 25755
163 5436 9900
8741 9950 18005
2467 29869 14103
15437 25644 30528
27452 27697 9785
1390 22506 17770
3188 7922 10136
5424 15189 5305
20113 28570 32269
10866 18102 24196
514 23459 30664
7723 13289 14807
10879 14629 26422
3126 11684 13044
11318 17025 12834
2933 29660 18142
13346 26722 18311
14977 24420 13063
6469 22226 24491
3940 26705 21585
21595 21801 11248
2125 21581 2194
6221 25890 13536
4217 28131 13734
4147 17370 24478
18689 24632 20211
10764 27503 25155
3433 19621 26559
15748 24662 13395
18180 25527 26938
7643 18014 17096
2545 7993 29324
179 2843 10428
25267 30158 11364
7273 19353 3534
2152 4450 13731
25800 26826 26067
252 3496 7471
12370 26140 17481
7745 16927 20282
12264 26110 19853
11621 29260 15875
4159 30664 22000
13081 15776 22324
11955 13906 32332
12299 14680 20928
9503 11626 31601
8924 14711 4675
13638 27317 2632
10330 28572 15121
24448 28092 7900
17196 22310 24733
1180 21098 9573
7653 31541 30030
13645 25923 16019
16403 23139 10616
27655 30509 12319
20069 29826 23029
7751 25419 869
16091 24671 6217
10760 18137 25209
17564 27570 331
3076 3459 16066
12749 17626 11413
3694 4548 1183
1034 28964 23696
14346 28880 29529
27318 32390 3144
7289 16517 28935
14913 26410 26730
20255 29164 4126
16003 32323 26336
9675 13568 9059
11943 22374 20579
14795 31216 30629
872 15976 5271
5735 22995 16263
9532 28094 12122
21995 26785 27982
12051 31153 22297
16594 29307 14183
24580 28724 2015
12404 22169 22429
17993 20595 14937
20543 24584 5569
11450 18355 31841
11962 12981 7032
12105 17201 28597
1444 9496 28304
10996 16097 26915
10038 23973 16759
3350 22505 11841
13316 19424 3138
22242 23759 23480
26969 28340 27584
11715 14763 15255
415 16660 22715
18126 31132 15544
17759 31145 14138
3727 23162 32414
15524 32056 11805
1881 23612 4861
6489 7309 5329
26171 32364 10962
7205 8718 32768
2909 20011 22647
10146 22099 18159
3549 18193 15789
25169 29217 4764
986 26803 18389
16936 23063 26029
16401 26747 26381
2697 2955 24646
1392 17511 13922
2707 6933 5817
21660 28694 8177
5644 7386 17409
24389 27738 6747
3360 10031 484
6697 20841 32074
7804 22565 11052
21343 22212 2352
2907 12331 17611
259 5162 20326
343 31404 979
26451 27369 31943
11407 25970 11253
7057 12339 25641
15883 31329 25097
4394 16997 24237
14221 21221 3056
3843 31646 31673
15299 16350 29535
29907 31113 14598
26134 26558 25140
11798 27538 23921
6828 16056 5249
22701 24780 18435
3260 13746 21183
17713 19496 8708
1562 15920 12953
11681 18000 30547
13793 27497 5125
24160 32127 13532
11087 28995 22370
13330 23626 28224
14026 15771 17441
8716 22726 1928
9398 21738 30842
13075 17597 13140
13821 14843 32176
20029 27643 25989
31123 31459 9790
638 25020 14484
13209 16016 17825
6488 17269 32566
1055 27377 15390
11747 26656 6512
8934 20467 14877
9251 14921 4511
14810 20301 9161
8550 20867 15089
27995 29667 29192
1790 12209 7878
24163 30072 6759
27991 29508 28870
9636 10656 3006
25733 31470 27886
1803 21807 15631
1273 20464 17891
6014 21087 12409
19633 27493 17530
8242 12689 398
6823 20020 25495
26461 28316 13707
6038 17343 30572
3068 11459 16244
9787 27626 30072
9676 15438 29601
4792 22608 5267
11690 20816 20207
3179 4857 4543
28019 32648 24522
15673 23490 8943
351 1437 25122
8092 14080 20104
25282 30190 13274
1302 23343 25277
12214 26453 16184
2351 25287 9590
10542 30429 29137
16155 17695 16437
26570 27195 23154
11776 22796 9271
29672 30856 17215
14077 26092 121
9663 13777 17726
12223 26540 30265
23303 28801 27072
18084 18087 28168
2623 18366 20299
8008 20720 23692
18367 22248 12321
11186 18702 17170
6330 22284 5597
17984 25155 17475
12995 30237 3026
6956 27877 5816
23081 26226 7788
2576 12911 18250
16513 17473 17585
11354 30735 26717
30292 31695 12738
11096 19747 27103
22355 31667 9050
4071 20053 11584
12125 26974 118
4574 29450 26149
3040 3776 30419
7252 15216 18983
3412 6425 27258
9516 28869 11564
9519 20889 12997
13422 27559 14319
8050 19671 11741
9555 27167 23813
11516 13164 29606
790 31371 24638
7025 18536 13434
5871 18379 9336
10966 27151 21440
12951 17962 12089
17571 24999 19214
543 12474 23982
25374 30090 6788
15075 31320 2165
2107 26655 16553
1431 9493 8789
15599 31990 25936
14561 17342 6355
29791 32695 32017
17669 20797 3264
20731 26490 8963
6796 7672 27075
4068 6223 21042
11058 30500 15256
2008 25735 11930
16528 17320 19760
5023 26596 17653
3513 14036 30457
2644 19370 25237
3398 25881 28458
21186 25289 7344
3668 18039 11917
12166 31733 4692
435 24331 8471
19820 22947 29982
3590 26967 10886
5412 28998 13797
1243 20005 13311
2294 12702 3488
18583 24946 25831
7884 22959 11690
20766 28680 695
16892 28468 1641
15875 16236 2675
378 26538 13384
10583 11610 22475
8122 17022 7411
8558 14861 14818
1543 27154 30297
4956 31593 31050
3917 25537 10704
4294 9132 26751
900 4992 2104
17267 17285 10286
2027 16413 16923
11281 13917 5793
759 17242 30667
9447 15811 28145
12789 16523 18603
9456 11996 25446
4568 22467 7071
9553 18759 10380
1005 23111 18529
5479 32138 5086
20121 31507 16064
15833 29033 7153
8160 30585 14881
19052 32273 27552
14353 16021 26113
25664 30025 19883
806 8061 2659
6789 24706 26313
870 17545 859
1830 18933 11504
12645 29243 32497
12920 23084 10736
5804 6225 23514
11655 25625 9822
17191 17679 15263
4813 32217 12037
19756 22435 5057
6312 13772 24521
7217 7397 3725
5740 30028 22469
5706 24227 27971
162 26032 6120
9060 13889 27366
5618 11073 21030
30524 31654 23486
19163 30706 12995
5517 21973 3109
21004 32411 8342
2068 12258 17797
6653 10145 5682
3193 17164 15101
5256 14268 5327
25126 26392 16223
657 30859 22364
11874 23728 4535
13669 20112 14566
5204 14265 24703
8069 25505 4321
8369 10348 12989
15279 25101 31684
14621 24249 31464
16976 22675 3777
11754 27187 1868
652 21841 3917
12132 29034 18495
8793 16446 7861
25748 26517 20423
10116 15106 21608
8847 15728 11379
5105 11704 23120
15465 30439 26297
12433 15009 26668
5879 23725 5587
2278 10303 28570
16540 31445 28921
13958 20904 26876
7331 25100 27157
16701 32271 26804
19001 29312 12462
6192 9428 24158
14011 21249 18105
9073 18682 17172
29551 32370 10241
24398 31151 9965
29628 29717 28211
4224 11495 8269
1345 8583 8766
30925 32749 26719
1620 24728 8007
1062 23454 10693
21097 23370 28171
22710 29747 8629
2336 8136 5129
739 5034 20204
4337 13724 10318
13709 20770 8224
11069 23003 30583
23195 26362 12435
3628 22199 1991
9806 12204 3770
9896 31954 9696
17233 21405 24326
4166 31554 9650
16336 29528 14535
16200 30496 10709
29410 31204 5530
23377 23740 21712
4440 12550 8107
20040 20403 4338
25896 29287 25609
16805 26028 13349
8486 29214 3048
8560 15602 3027
3511 7674 15536
2867 32710 14123
754 4879 4280
14177 17256 3776
18110 20049 10796
2880 10177 30681
655 13045 31685
5955 29400 9364
19767 23711 10903
9181 27914 32503
895 2646 26866
19644 30671 3858
4875 31072 28868
7647 9450 31120
1162 16855 15652
3151 32618 960
16524 31435 16311
6134 27421 30007
18435 30372 31186
8775 12101 16124
134 28968 7017
9487 22376 9477
18270 25531 6113
3661 32582 6573
3355 10521 30463
12833 29825 3378
3050 22167 14549
27124 31137 27444
8135 11481 1980
22837 24968 22941
12229 14023 28046
28504 32213 22016
7613 25913 3340
6679 25010 20643
166 4500 32529
14183 28764 26486
2055 24349 11094
21685 24583 12845
19766 21902 31978
10719 13849 27634
5945 30311 27536
5907 26925 16947
5698 8445 12895
18660 28517 5211
8356 21834 5870
11600 12915 1434
30437 31539 3043
709 8651 18518
13561 14253 7688
5268 10829 14358
11904 26178 9277
6842 27316 16540
4274 30069 28093
4724 10643 25472
9097 22555 27292
16644 31286 21443
25194 31612 9469
10572 18886 2119
8094 24062 31718
21750 25850 25491
18172 28588 20096
11914 17942 2039
784 26706 14885
6024 32591 3299
2794 22593 14253
1500 2025 6518
10193 12917 3543
15796 22540 17427
14279 16715 25437
671 29314 25487
14245 18752 19500
14237 21846 30555
3977 30647 23534
23291 26403 14415
7636 24364 72
11091 13416 12730
13643 24304 9251
3382 17392 6801
14973 24995 4060
3958 6775 227
21629 25392 26311
4751 32729 1137
19909 24933 12263
5056 15997 8713
10047 30894 606
19582 21428 24304
17199 32126 2128
3368 26531 10810
1411 12354 19371
3255 10197 13084
6814 12454 30230
9647 25420 21437
6098 6393 1007
9497 31935 4960
13651 15076 1506
3069 6536 21374
11820 32183 3080
8450 17324 24841
15557 30034 9296
2440 24712 2548
2835 26394 29197
6707 31846 308
5838 24669 18172
5849 11151 17743
1742 7706 9548
3362 6816 1934
4418 14204 3407
14128 27911 15438
12157 18529 16789
21808 22524 6453
7036 22106 25319
21697 28136 27152
3402 27520 28591
8727 26576 3265
5753 28270 15909
751 23845 24560
14492 24980 30694
14988 28622 22579
10652 13221 6783
18847 27035 12659
6439 30848 16094
8294 11429 29747
549 15720 18454
14288 14519 7385
25202 27111 29019
3557 22134 15508
2552 20583 28526
1947 30756 30987
5166 31606 15701
12042 14591 7350
25384 26523 17976
8953 26229 15721
570 16092 15945
809 2384 29251
7551 16743 8389
4805 22450 29889
2761 24638 20673
2663 9554 3557
7424 11822 10344
6099 31559 3690
14255 29077 12190
25222 32171 28004
1321 13711 14026
3399 21875 1467
10991 20556 30508
28043 31279 13029
15505 31284 1410
18560 24599 24281
24816 29332 12464
8877 19882 12567
13326 25340 5324
232 18909 26845
14192 27015 9576
8571 26709 28567
641 5841 18561
6811 26418 9041
5566 25996 18559
21559 25567 11171
28406 32565 14188
17214 29238 4777
15418 21150 21087
13024 17622 5647
4102 23401 16113
13924 29732 24759
8509 23021 19037
4823 7282 12776
8009 25598 13419
29481 32175 23106
7402 26499 16256
12263 27666 3189
5790 14774 27224
29773 30013 22020
291 7846 11394
19398 21641 6281
2137 25351 31315
17799 26420 2671
2003 26754 8425
21553 31754 312
2958 28749 4304
13792 29877 24509
150 15760 9358
9907 20429 17991
15631 29809 21051
16075 20108 20471
13655 18688 1022
11810 20623 28338
12985 30652 23069
17336 21752 1922
19604 26772 2141
679 21519 25567
18916 29770 17081
21267 29496 24637
175 13131 20748
29905 31662 4354
1813 29965 8656
1496 18883 24656
12033 28301 8791
15924 28735 11655
2577 18836 11348
14325 16779 25561
4243 15805 9078
8644 15104 26267
14948 24500 10716
3982 9852 17313
7155 13133 22839
4222 18361 26918
24356 31858 19532
1517 24316 31947
10882 19811 29195
13485 21676 24412
15334 23674 23067
5228 11639 30331
851 883 9010
14367 26911 11818
7583 15399 25055
15348 32724 12131
6625 17396 4036
6894 28211 4080
5682 12658 27772
9368 26253 12431
3162 22681 14590
12440 20849 30695
11374 26168 1819
13065 16601 26044
26300 30605 11444
26855 31574 6475
15769 30031 16764
17536 26036 8311
4986 15932 27290
7519 31742 14810
15927 28129 23265
2942 15654 22852
23029 26235 3303
12323 16274 10239
1695 10127 21116
2419 3868 1329
10304 28852 19691
19935 28769 15991
5928 31098 28744
5460 25995 13180
3027 12000 31401
10705 20826 20268
8762 15676 1766
21167 24721 28366
1266 22960 12894
10808 16527 11187
18083 22561 12664
20396 29475 15613
2627 7383 19626
10515 24597 3647
12837 16510 21579
11334 16801 7204
3465 32578 27976
8065 8726 28600
4385 32395 30678
250 9994 7886
11170 17671 25503
26381 28702 19632
696 11272 28739
16451 22107 18200
17673 32165 8640
11886 14615 3888
10287 32746 20957
10169 28972 6837
16792 28308 31472
16884 17414 25769
9164 30549 4693
15422 19323 30289
9508 21488 2592
6939 21396 15264
18467 30435 1804
6235 29616 27301
23203 26216 9519
3209 24325 5959
5417 21019 16419
24292 29109 310
10203 19082 8174
3582 12015 19674
20558 26816 16750
24027 24641 18165
11105 13224 23964
17933 18802 22183
4284 32288 4449
4254 28586 30437
554 26633 17274
9858 28180 3455
24951 31984 1086
18798 29001 10198
10462 19408 15862
9210 26132 27577
2672 14180 2842
21240 23142 9261
22362 25338 19825
24216 30308 26851
11258 31300 9082
235 18881 31062
20753 23796 3768
5967 27438 10774
18103 25859 13861
7033 8541 30712
17529 20325 18942
2012 32251 19779
475 29096 23070
2115 3308 10105
15018 29986 26207
3650 5910 18333
7535 12572 29021
12728 15051 31861
14058 23833 25019
21870 25439 4582
799 6878 4423
24628 32454 147
21898 22165 3566
16954 22933 8811
25945 31193 17541
24061 30570 18325
10789 14156 7855
27884 30355 2254
445 19990 10468
12089 19259 8062
22894 27144 8385
10445 17366 6824
17700 28682 23506
8031 10647 8985
8427 19149 4072
13214 16642 32187
1587 24893 28383
12584 32767 14510
8564 25372 15905
7090 16885 2806
14194 30408 22213
11167 15519 3997
16094 32699 27194
1095 19574 19437
15838 27783 20759
1563 7189 30764
2233 2796 17603
4886 16814 20470
20840 29379 9717
8679 31254 25231
28044 30917 24061
3770 24779 27576
4949 14849 6544
18581 22786 9508
686 24611 21449
14086 27201 4902
5747 32363 30085
718 27486 3423
6195 21485 27242
4693 29069 599
25280 26729 9244
15300 24544 13225
21474 31185 3579
1507 5099 7867
4295 13395 27821
15878 23328 29736
28687 31562 5128
2711 10404 30044
14743 18637 3098
29209 29270 5684
716 1735 24097
3112 11507 32365
3192 24963 3331
2719 21867 24800
5761 27828 1989
8073 25427 32107
24740 30340 24048
7128 7485 17805
6186 21541 29430
21105 28210 15550
10568 21746 26894
11881 28493 19816
3990 29853 342
9071 14771 21411
23993 24295 6665
947 5733 26752
11411 31772 29657
16789 21500 7037
6246 20942 27503
15116 23760 5362
22243 28830 25817
18219 29994 14976
11844 29073 17693
18063 30381 5843
13779 32716 22724
3249 16313 23022
6826 16109 21323
109 24138 17298
3166 20264 20077
6692 21497 5458
8756 17721 5924
15844 25789 16035
11502 28933 27100
18935 29173 8056
466 12656 22765
13500 18241 24534
10259 14538 23489
1391 31839 24630
13479 19543 7312
6634 27989 17679
22456 31898 26970
13694 18788 6201
12436 14985 7734
18203 20894 2084
10318 24095 4063
4790 13633 4388
18981 31429 20196
5869 7654 25210
11700 20277 4905
23025 32708 19059
17828 17961 23066
5184 24080 1874
16428 24814 5328
2910 13002 11746
16905 24953 11138
4411 24028 13185
5830 16955 24435
868 17287 15572
7168 24135 8317
12703 12868 5665
8789 12262 75
28434 31092 30476
14141 29710 580
14961 21600 6333
3143 27026 15896
15548 22256 15070
12685 23028 15460
4375 13691 10792
5006 14306 9528
12243 15475 22563
1147 3702 8698
4814 14056 1422
1091 29798 32229
21436 22230 27658
7216 19682 29774
6338 18341 17921
5354 20761 15212
11038 19248 17230
6737 15408 17714
8577 30056 22107
21631 32435 14463
7416 30039 2987
13762 25092 10020
9244 13531 14894
11148 31415 30326
1389 29101 20626
13994 21403 14490
11855 18082 31391
11652 23944 7080
562 6799 1694
4197 4345 7216
5072 12066 28267
8051 27869 8494
17160 23172 18275
5144 15000 1064
16118 28453 30251
2452 16433 26396
2029 11367 17614
6822 8504 3649
26834 28671 32004
5786 22346 25706
3017 6838 18693
1694 21315 11648
3884 24872 26912
8475 29724 31071
18628 24770 18655
971 21468 24445
20951 31168 13170
14389 31735 13246
5168 13604 4402
9771 32211 31832
5307 31522 8816
713 8799 31159
5197 10945 30382
11368 21112 22615
13815 16209 25197
17505 28062 10028
31862 32631 22822
791 15370 25601
5189 17500 6328
265 23646 25143
16400 21584 9064
8535 25434 30495
18697 31143 23297
3554 6128 5382
6983 7780 8913
2238 19290 30010
4494 8492 32230
25299 31928 9411
26286 26464 19355
3416 6189 19292
1194 29066 11391
28139 28598 237
3332 20010 12753
16752 25742 21416
5730 7727 14309
15494 24225 26345
9025 18646 20308
19378 27948 15084
24840 25988 8732
13270 30695 16142
16944 22331 27428
26155 27308 3100
9160 18257 20922
1376 8621 25772
924 3811 9905
12790 16221 7069
897 24449 29570
15208 22676 32199
21565 23491 30792
29278 31409 7402
11880 11997 20624
27852 29805 12816
13800 16963 23416
26131 26503 24440
18625 29630 18432
1340 9894 1083
20577 25397 19157
28707 31296 20429
20771 32109 32581
6089 31860 24174
1469 19536 29049
18500 30317 12127
682 17672 24916
14931 28175 27824
8109 20339 8627
21455 28053 9820
2873 27178 26027
8234 21566 25804
6538 11785 29429
2217 2423 3050
357 4653 14626
8518 18627 10523
14396 20760 324
16519 23146 11347
4058 16220 6712
382 31255 19955
6214 14012 3612
18342 32409 20802
7363 16014 6321
24601 29178 31471
3396 15898 32038
11323 16683 3625
13249 25252 32326
23483 23863 8329
22647 25426 31731
9835 30168 25797
7197 27872 5839
16839 19367 18867
2386 19217 10035
12954 28505 15990
5125 6135 3737
4597 32447 6739
4854 28465 22900
19744 30011 19016
13950 28882 12619
9513 22348 22597
8565 26582 20695
1895 11300 16076
3678 20520 16886
12452 24622 228
20161 21033 27217
4257 32119 13743
6412 23047 27785
2052 22083 8714
8894 13241 27283
5186 11729 20716
11899 25445 9387
13715 31190 26924
12952 31789 24870
26908 28495 16326
7691 11226 16202
6906 25667 22473
14979 30755 19158
8902 20471 442
5896 19276 9377
3777 27429 10098
8206 16449 20632
12523 27388 13387
7451 14365 8009
4194 32763 14971
8910 24471 2260
512 24423 16387
2959 6535 30640
11500 23684 23785
8299 14873 12078
30977 31018 30573
21734 27164 2624
1596 7308 13843
19292 31807 20185
11296 25593 18882
19216 19384 26881
2051 15917 5836
15686 17698 28457
9397 15637 1021
16068 30729 10621
6908 10906 21514
21071 28341 20793
61 4869 25341
14066 18726 28123
4420 4943 25079
3577 19377 20227
19598 28550 5678
9748 29693 8887
9326 9404 7456
15819 27465 17529
23771 24412 11750
7826 14610 24597
2263 13935 28478
7121 15138 6286
14172 17188 29839
13708 24238 10477
4016 20392 27868
2648 5560 32342
24878 29162 30770
4978 22166 13324
9260 28176 20954
22339 32132 25164
3020 18634 10894
27646 30346 29852
14659 19157 30805
9264 10157 9072
2848 6609 17407
8903 30098 14223
21290 29531 9279
1761 13082 12166
15893 17585 18082
16890 21943 26501
25820 31963 32163
5225 22195 5974
19008 21107 16992
802 13938 1024
7365 29099 16314
5696 13392 13067
25721 29973 19847
24625 28380 31190
12860 17625 10735
1557 19742 14977
6125 11381 28805
6147 19603 14701
5681 15053 4732
18834 22825 8356
26137 28339 31416
10075 16793 4549
30899 32760 6216
7035 24732 29294
1289 3902 1645
26493 27552 19405
8608 32451 5145
19459 25275 29318
1403 30703 12386
4785 31110 9075
8829 25866 12778
7319 12921 25679
11028 19442 3978
9602 24520 12932
18305 30354 14330
15542 21780 6003
3059 31657 30288
7192 28038 15329
17300 24259 14384
7488 23457 10575
9284 19663 6375
11705 24548 10364
17708 21219 4970
3829 31340 16063
5470 16055 6802
9702 20572 7117
24023 31710 21893
17702 27875 18197
3867 24765 529
24357 25926 29792
13897 30987 1598
24019 31112 24819
5565 32376 22728
1604 19380 5404
14531 24189 31774
6272 21295 258
1937 7680 6872
2985 30067 24698
3643 13953 27544
15931 32681 6709
4955 29626 21489
9232 20205 32190
18012 22122 26217
15416 16407 26641
7986 17295 13696
29519 29758 24871
2243 31397 22346
8895 14818 12170
20326 27893 13735
11316 28170 24868
352 17892 2259
2036 30258 9471
3907 30660 3981
2930 27076 6469
21623 25991 15269
18984 32766 22493
12274 31243 10091
3319 15721 6819
1282 31249 23646
5915 26368 30902
11393 15122 22893
10253 19202 195
9687 27603 4386
15166 32122 10049
24428 31483 12200
4331 18604 32298
9269 32764 13709
28709 32658 4914
9664 25055 10187
3306 23339 16080
11580 21928 14637
6590 13734 23528
5634 28832 2827
3825 25775 29008
2318 29678 25770
19488 23334 5613
2528 26373 24880
6619 25030 18388
14015 30797 18685
23391 24693 30477
10547 12799 16706
6161 12134 31041
467 20683 30159
8330 31792 21353
4485 25186 28351
18495 31592 23418
19436 20507 2684
13035 27357 6931
19199 31961 1461
17818 28440 18292
14002 31174 10808
20525 23742 28951
6148 15571 3760
18038 30779 1952
12666 27943 14866
17354 30929 5287
9481 10967 9284
6771 9920 27752
16126 20502 30259
2302 13205 3701
6644 11614 18322
5617 32351 17903
26604 31785 30210
17550 32107 23110
1658 5126 26649
16333 19645 29868
21379 28745 20683
2368 13977 15095
6109 25219 6690
7800 10735 4404
10035 31328 4638
1595 15097 12546
13756 21885 1358
8436 28736 32048
17607 20259 8402
11365 25767 18487
5112 18612 4127
2632 31915 15182
940 15881 11306
948 30349 7505
3498 14473 1399
967 4103 6002
19401 27667 6008
5017 6218 17362
24243 27013 11372
16180 16987 20551
432 16104 11963
7461 31810 18892
14573 16652 32123
1293 19287 234
1127 21183 1631
15156 31346 5033
16088 30845 24332
24042 27863 27418
20587 22595 27593
2507 4535 19373
6178 31437 1584
20376 21673 15319
12670 17017 23463
6139 21936 12374
2459 6460 20079
11496 26047 30120
16105 25385 31396
3004 20352 11722
11192 26712 14335
8097 26657 11492
404 7607 28757
29946 31501 31898
3580 24836 13982
1721 28922 6341
7962 28374 18204
16699 22409 7742
12661 29951 2804
1676 7269 1365
1964 3779 29506
20592 20668 8557
14594 24873 10843
8273 11878 25287
13433 14149 21342
5707 31170 26885
19902 26008 8085
4909 29415 4436
12730 30353 6572
21063 27876 28783
13560 22851 96
9039 14528 3985
2153 21260 22566
8137 32095 2617
3938 25328 20963
20922 32178 22527
8596 29064 10864
29733 31188 28289
2904 14250 14287
12806 19903 9167
3199 7491 22516
30696 31947 28923
1404 28421 12531
15044 19712 14753
6614 31066 16953
6305 25115 5505
4926 13067 1873
16257 31520 10527
6585 23693 22739
10000 28984 25101
885 29750 4364
19325 27271 32559
10001 25312 12735
28 10092 27556
797 19967 14900
23070 25404 20243
24273 30611 8711
9435 14263 15590
1401 9272 6858
3833 7421 15132
9757 17985 12062
1905 13006 28244
11018 29392 28052
13635 22537 25208
1140 31226 8314
9932 21621 10519
15210 27821 31721
9640 13859 17085
20929 25120 31492
2758 5659 15049
16009 19852 7654
10959 22529 11747
1917 4226 29948
1971 6893 14560
1368 24231 26512
5677 20347 15725
11696 17159 6443
2574 5374 23780
813 10507 11672
13905 14166 26195
3789 15781 13343
8124 26982 18121
20229 28320 20842
24193 24237 28112
10408 26429 18350
3986 8542 23107
3092 13376 15969
5724 15969 13848
23176 28756 32192
2070 28153 6585
1165 2333 22678
10508 26829 739
15818 32150 20341
16813 23966 8817
6717 32532 4455
26029 31760 22229
10044 30455 10052
15378 27393 10605
7638 28040 28762
17453 21601 11434
8642 30076 13146
2126 9671 4141
30974 31011 2056
13378 28441 31375
20213 24481 26053
18438 31598 8214
12397 27764 20119
11036 25449 19171
1184 5540 939
11050 31337 14141
30301 32745 19384
9142 24173 22511
30070 32162 9133
11953 18664 31414
30411 32167 16570
8159 20535 20371
2665 6006 3380
11219 30751 12377
12013 19789 27091
28423 30594 1090
8046 30612 23773
7561 10962 13162
14682 25621 11525
20827 26641 30763
22738 26928 6148
24704 30421 13009
12936 23902 29031
13573 25270 13152
9032 20908 27135
744 30620 10940
4112 10693 1489
16766 31381 22778
5848 18409 22477
1740 6936 25882
118 9098 9136
6772 11541 24467
2169 20653 17814
5020 17219 26115
4981 18211 3505
21308 30809 8462
10362 21040 26814
1382 14315 28016
20932 30700 14108
16846 30919 15106
12071 12646 12284
9607 32301 30309
4063 24462 15543
13872 25218 21065
1643 30366 12207
22921 31955 17328
15069 24822 23178
238 22328 16036
30115 30556 2986
4714 27250 29528
7616 13763 32336
7975 30656 11709
12967 26189 16879
10087 22042 9383
1018 23979 14689
6323 24142 27777
9936 15345 15976
13851 21516 18804
9707 11403 15162
17425 29264 20815
2334 23818 25671
10893 17941 32658
10288 26282 19056
10938 26587 1115
1722 23225 14249
20351 23654 8958
10307 25874 16459
6301 8516 6155
4969 15423 30997
11788 13738 15744
3212 18068 159
15193 21906 19266
14640 19835 3822
17789 26919 17392
190 22479 31423
1157 1330 7593
9253 10844 29767
3891 11321 21646
27084 31830 15855
2377 20291 9361
22047 25391 20009
19093 23623 3692
2529 21166 31118
12304 21490 9819
1372 18291 6361
16833 32759 18504
14944 17261 5798
16873 29532 27200
21177 25408 5049
7274 31518 10717
18597 26520 24023
18517 26937 11438
7670 30166 32713
13130 30601 26114
770 1312 7964
19762 19806 834
67 7314 22675
16724 24314 7673
19198 29177 12112
6374 16071 27371
11140 21889 2518
3601 10429 9312
28230 31822 667
4782 32163 11334
922 24778 5772
10939 11976 11707
11870 21884 15335
7388 28390 24076
5432 8728 9445
9948 31476 13394
11270 15902 1229
3532 15207 13047
23873 25544 6444
4160 22731 22141
5580 32185 6542
4057 32410 600
29088 29248 22564
12653 25336 15968
25459 31942 783
20983 27698 26255
16550 27051 14060
31546 31745 13255
8867 27638 29692
22806 25026 23923
16337 26106 22731
13142 25440 24904
4008 16894 12289
497 15572 13688
2245 6701 16565
10410 19942 30008
10377 24478 15687
14982 32600 10262
17527 24473 23666
9012 26054 4998
8886 9741 1961
14801 17332 12202
11683 13039 13837
8744 32625 18627
25909 30746 23772
14332 26304 16420
25014 27696 23306
26810 30944 32060
10353 15836 8116
13351 23340 14983
22671 25138 11022
7317 14989 14742
26387 29795 14205
6713 26695 20942
7955 18755 17171
14413 16482 15817
11414 32157 30925
532 955 26820
18756 25490 4966
17494 32188 16168
11009 21694 10546
7881 15651 16020
2981 20348 5589
14626 20174 3604
588 30094 15983
15461 21917 28003
9964 25834 11083
11707 31434 19551
19500 27180 4450
21368 30936 7412
13119 27246 25846
5442 11570 30620
15795 16485 4111
13268 30268 9238
27109 28527 10867
6560 11337 24186
7952 28310 32382
14140 17734 18674
4773 17901 18647
6340 24105 24915
9958 16688 2871
12800 30245 28082
7381 27213 16713
13855 25298 26672
19879 21573 31834
23102 31525 25565
20503 22261 29377
17718 24934 8683
5055 7293 32622
14554 31251 25474
15164 23179 25994
13274 19480 4752
596 10167 11599
20179 27879 18548
30105 32473 29216
2512 28021 4158
9431 16654 15245
28834 32090 10323
234 18152 15065
4778 32682 22293
20281 29800 11603
9979 22743 18026
4083 10206 24166
22693 29199 14616
3279 18001 11572
326 24071 3677
2931 6461 17503
5471 32733 5514
5170 9061 20703
9322 25632 29993
4551 20424 18530
30200 32246 807
264 15679 5681
14740 21783 29613
21669 28854 3905
13412 14735 27707
19190 22038 82
28330 28945 17500
5888 21871 32323
21683 26726 26755
1209 6537 11877
5422 30202 25510
24647 26277 4747
12579 32615 17058
26114 26412 7185
14916 28595 2980
23374 25810 9187
2789 3899 4738
9262 13569 1737
16552 30846 1136
2084 26112 16507
1457 15547 26614
18614 26786 15350
24137 28276 26257
3007 12494 1111
1137 32022 11732
618 9422 24111
13201 18311 11843
8549 12955 17311
17264 17549 11209
12688 12990 26750
4028 7741 6810
6686 30792 13642
14718 22387 11634
11373 19548 20973
15779 23127 13586
16252 29799 2897
14887 22101 23397
17885 19833 3845
637 32239 19090
27272 28306 8080
25956 28667 21549
13865 23639 14094
25716 31567 1839
3120 16693 5367
21525 30942 6383
25103 29251 17342
10529 24806 31845
7418 23217 3781
8539 10536 6862
12544 18940 22538
27734 28388 17766
10079 22688 31177
3649 19197 11384
1421 8347 15551
29290 31207 17942
3950 11410 3442
24379 31205 18127
2116 22799 3388
22030 30821 26874
23268 31643 31415
336 7465 8928
23886 26870 20500
10591 14552 29218
263 6306 23180
10409 25256 29204
3467 18894 2082
14496 15612 7191
21459 29321 5886
15792 27539 5210
8211 9233 29667
5966 7702 31666
9842 29387 27747
620 19045 22518
8406 13459 16074
3965 15404 25308
1765 19719 28295
13941 32195 17305
13916 14427 17162
9041 20353 24329
8233 9929 21659
25215 26553 16182
17241 22994 27859
13739 29653 20807
7864 27219 19878
12672 27209 15107
5355 17582 5594
5711 15710 5020
9376 26288 30562
9501 17083 16090
256 29810 16136
4768 31506 17455
6396 8970 28342
9197 10347 17297
4034 12161 23979
2356 13408 6418
18708 27023 26097
6750 11555 2276
8181 19441 20010
6718 28385 14412
17929 30309 10
4844 8723 4883
23909 31202 11084
9840 14419 5527
20314 21593 19787
842 5267 30756
6790 25143 4703
9138 22948 22387
9953 29148 18779
2130 12420 24235
1007 13697 4401
13019 26034 7874
5877 16165 18401
5550 10793 11606
1613 25019 10683
6776 14912 4677
4367 26269 21984
891 19584 2714
11476 24384 9234
4246 12230 12461
10953 16902 22365
11499 17858 8440
15421 24713 27081
21950 31045 9692
23733 27975 22763
1956 26694 10365
11505 17177 20792
22148 29107 19291
27704 31777 7462
12413 17369 18079
10085 10645 2892
9280 20676 21228
13218 14124 8981
2579 22843 19953
438 25786 29962
4278 15788 17783
13300 19242 19281
4261 18525 31128
22350 23414 21222
16435 31526 21502
13391 31573 3450
1477 8374 13674
24425 25508 19651
10502 16173 21535
20309 30290 21766
131 8103 24430
25382 25864 18145
9300 25818 3135
10257 20802 15984
483 7475 10745
25083 29923 32125
8288 17437 24830
11526 25352 945
2089 23682 8911
8735 20901 29524
16141 27979 20254
8689 24781 15716
29032 31349 11514
3978 20442 6366
1143 30326 1294
27727 28807 23039
3034 16230 18194
13952 29232 4221
4162 16979 30781
14491 23378 18911
4948 10084 6717
11405 15125 21477
25350 28447 23051
23744 25236 18638
1508 18530 7409
11854 28693 26700
396 14341 18282
17879 24111 31561
2739 5559 26372
15161 18723 2683
25586 32449 29750
14562 29072 1415
13421 13448 17444
4677 6028 17167
14524 18959 28932
796 3429 22035
8106 8980 22985
1064 6524 17397
5684 30989 29435
15004 27654 17851
8364 11865 11728
3972 23741 31837
4469 5523 26506
10651 28825 3427
21233 31739 9719
7009 7385 26850
8171 18770 10701
1465 23121 22481
10237 30131 11893
4560 15014 20497
8911 30441 4635
9304 29100 27731
2470 19723 1002
4704 26823 21408
22600 31498 3065
11015 31390 7118
9176 11025 11548
9819 19275 25610
4092 14634 11475
1973 5335 14033
1485 25069 30773
16671 23713 10911
11990 29445 25221
18804 21081 1160
27307 30817 20554
20917 28870 8257
12779 17726 29510
17084 21319 30643
22544 27661 9644
17827 21615 21999
20885 32318 1278
11669 28147 11899
2715 12342 23020
10987 16720 32555
7732 15147 13693
12259 28124 15592
24033 29754 4081
4183 17041 5598
10803 28008 17531
25436 30804 19253
795 22684 20521
6674 29373 23769
3074 10850 9937
3781 24045 14072
10714 25872 20534
13662 19388 5671
6909 8686 29727
4515 13115 26320
6448 14476 11664
8164 32380 20021
3288 21576 31642
11594 12720 17387
2885 13302 25228
13242 22611 27724
1017 8529 27906
228 18447 58
701 32014 29013
17181 27871 26747
11479 25323 3660
5272 30299 23172
17605 27093 31664
23 18494 21571
2501 5593 9245
1745 22191 8853
2755 29462 836
6659 19917 10908
13098 19165 16831
16316 21980 28493
2392 31199 9419
20567 22790 11292
24561 25360 30935
11079 15859 19540
18174 27353 16171
1168 17042 8197
2486 21135 5828
9250 32143 12180
5179 15441 11587
5333 13157 30059
3453 8425 3284
15624 30774 23142
8954 30858 32024
29336 30528 27063
23883 31016 2808
15101 27944 14615
6129 12153 1
1001 13947 30219
22048 27523 8306
2547 6996 12492
6363 16213 14177
14234 14323 5309
9898 12678 2334
4945 29856 703
19573 31532 1100
490 3035 3145
355 30631 32065
27755 30478 23233
18620 23601 30543
17547 30468 2676
24285 30537 4866
26123 28481 10714
9908 25432 21910
16505 28731 2851
25616 25971 23595
10477 25005 24043
16461 30510 30401
9732 21774 8097
11912 17371 7547
10278 32208 23
2001 2724 6441
1723 23522 8088
10320 27009 17208
12057 12699 26238
6914 7877 13095
17187 25607 30308
21001 23962 18032
26016 26682 14558
2176 3428 6449
6442 30587 1789
8318 27278 30813
17234 19107 21795
10783 29718 24041
4032 24695 29223
21218 32034 19262
5579 10387 8495
24454 25554 28158
5087 17534 2971
8965 9556 411
13823 19788 15086
6647 27850 7764
7455 20659 24771
6955 17883 3803
13713 20430 16086
26627 30800 29778
3321 26437 29905
1896 18221 9450
3621 18521 15906
14079 22053 2020
22415 29035 28643
11275 12795 23456
4249 20726 15341
4292 27080 15920
7052 23778 21620
29309 30742 9231
21092 26069 24047
13704 21855 8498
5008 30073 14409
27380 31156 22915
9960 21401 1808
2532 29505 23873
11667 32361 915
21947 28515 13094
20367 23571 29347
379 14603 2650
5995 10141 1084
18289 31235 13882
22910 31831 17651
10871 13237 30128
13955 30691 28150
9712 28183 15627
31895 32003 24949
26255 32226 28506
5167 26337 12171
5934 32282 21661
6241 24451 14886
10883 20574 17623
19505 25840 7749
22483 29342 8576
7105 10670 4696
17624 17964 20041
15828 20921 23745
11471 19007 21197
2172 24854 31272
24837 27274 31581
8300 11775 2834
4300 30661 29979
18226 25891 22539
3742 22345 31726
4635 28952 24873
19264 23932 2596
10873 25310 12628
5415 28842 28143
10471 29651 5875
10795 31549 13849
20084 31120 28085
13258 26868 24378
12998 25893 17845
18198 24011 4381
11884 14243 13779
5005 5035 22397
3744 10622 28281
19451 26224 8273
12406 24630 3872
25901 31057 7775
7301 12381 2753
9018 9412 9433
10788 30665 32152
16323 17100 7772
16382 22840 32563
1098 21475 5747
3328 4492 4593
13716 23201 11467
6466 18711 16663
1269 30739 10956
9855 30198 25386
14445 32006 18577
6210 26013 9878
15204 19116 18367
11123 18158 6895
19779 27176 32104
5346 28237 32471
337 30641 14530
14702 18949 31623
1879 9218 19885
14691 15661 22560
4885 30822 15549
19072 23273 30358
824 4960 17144
7407 27556 17988
17239 23786 18690
12332 24410 16799
7367 27787 27992
10401 21751 25774
1202 8912 22577
7681 17030 17592
856 2773 9124
6530 30275 16792
22711 27529 19079
1395 28696 14081
4472 27931 9418
9790 23302 23764
11781 27482 2722
2622 30203 4480
20703 29157 3553
1573 11251 10852
13227 25566 29312
18764 23960 11297
12625 28284 23277
20280 24311 27900
1012 5221 16188
2514 29596 19273
1116 23824 8606
17516 25102 26577
1504 32544 8417
1623 26442 27789
284 10153 8842
10360 27354 15805
4524 28585 20366
28887 28947 19843
45 11328 31266
25503 27617 15650
4158 30369 22919
5672 28888 24719
6153 18346 30282
9289 31970 5266
17756 18303 14582
23852 29165 7245
18146 27984 16120
15504 20580 16605
16255 22730 14157
16823 20227 4864
4264 16410 32466
9436 25907 23240
7679 18734 17752
8343 16085 6800
4675 19307 31258
28700 32704 19820
15415 15569 29520
6597 27141 26933
4364 20072 18977
23106 23132 12432
1565 21620 28319
29707 31689 32035
12663 31368 2994
91 639 15174
6594 12479 16190
4563 29940 2027
24354 32507 22931
17856 28566 17354
688 19279 3099
1778 13183 5237
12843 18654 8907
9983 27997 30329
25955 29446 377
14363 21489 25304
22025 32181 8559
25694 29921 14437
17491 26685 25249
527 17250 1962
1863 6862 30272
18695 27962 15977
298 31677 16221
1645 17674 5928
13084 13097 23861
14690 30637 30328
11658 26616 22676
6257 27364 7229
10949 15029 8673
8085 27583 29053
4618 8145 24471
18345 21990 26078
27656 32442 16433
4129 5665 29252
31019 31800 29173
25803 26894 31005
22003 30402 2629
4051 17114 27692
10891 12017 18224
5625 8794 18077
4982 19730 19177
18672 29004 19948
27425 32303 27190
8810 27292 15926
17575 30400 11381
11623 15232 11296
12850 24826 9352
18456 22629 31515
697 28184 18538
20421 20740 19620
18725 32744 24368
10219 11310 22099
17528 18169 21098
5181 9188 25871
892 30960 3758
27149 30557 5425
9434 16052 10932
7411 32527 11659
9318 10294 11749
1129 31290 12673
10029 31009 2758
17691 31812 18382
3654 28778 8152
18307 18899 29205
13910 15965 1104
15410 29931 22024
2401 5762 26461
848 10711 16775
12498 26175 5334
27568 28157 21059
12118 25406 13568
8485 22140 8531
10236 21899 23503
18718 30126 16975
7700 16001 28649
17390 25559 3547
7879 19227 29702
12303 18780 22628
3734 22669 8863
9766 28173 25697
20511 29203 27181
410 8178 14968
2881 13339 10785
201 23905 7554
25981 29903 6720
17092 29183 9100
10126 15574 13092
16998 24463 10856
23707 31749 28111
7159 30029 31745
2241 20745 4634
8246 18474 31663
11358 30167 22618
10609 25734 15698
12145 19732 199
13401 15472 8970
2787 30046 29636
5330 21106 10481
3684 26319 31288
4972 13372 17568
12912 19445 23052
7637 9494 11704
12213 20718 14805
20441 23338 10151
5293 31271 24129
3558 4442 9826
19240 24003 30385
11271 13960 14487
507 10117 31583
18351 27183 6538
15267 32614 28241
14432 20187 6642
12254 19817 11515
10295 25078 13960
29133 31651 5257
18851 27942 9476
13770 26084 3641
12885 19722 6507
28730 31497 5674
9156 23044 21175
9070 28552 26364
1352 30183 27445
4373 5011 6129
24114 29607 22574
23470 31344 23800
2989 28823 24866
22767 26417 27856
8685 16113 12638
9780 29957 29346
9330 9336 17439
29549 32335 24363
173 28102 21801
19780 28075 18899
5506 19871 10765
20300 29205 17560
3326 6000 27878
19994 31219 27901
15853 16187 8856
29911 31891 29055
18315 25400 26474
22251 24148 18812
12773 19051 15266
1466 15766 26721
5132 13034 17493
5088 30969 180
2185 32204 29148
15793 19423 29367
18803 21420 29133
23281 29695 20103
11037 24831 30509
881 13984 16781
6783 13292 2569
13614 28867 241
2617 23876 31021
11237 28317 9225
16930 21923 7743
13987 22909 21548
11843 29438 19890
27437 31694 11926
5147 25860 5940
7850 22545 16167
5284 23751 30789
20955 31218 11661
9135 11909 15904
8202 14111 26946
1641 15153 25218
8729 13231 15083
482 13670 1957
19829 25139 3742
17218 19394 16512
11487 18129 23563
4892 8531 6389
1222 25091 7339
6231 6700 25489
14281 17641 15674
6645 23662 26213
21849 28105 15055
4369 9678 5238
5616 16989 25318
20625 22713 26186
6068 7221 11466
2906 31335 11986
12045 19913 21382
6668 18829 11950
728 5785 5782
25189 28349 31442
5302 19790 5803
16399 26197 5944
15446 24749 26242
11632 28162 30731
8437 19338 18128
22938 23595 13992
5894 30825 8265
10865 31407 27362
4968 7890 27733
5774 18440 27150
16709 24824 22554
2700 16425 19341
6327 19724 9753
9895 31360 530
11396 32193 7976
14602 30171 9969
27571 30580 15333
1493 1593 19263
11597 30179 1607
5345 27390 9977
6399 11777 27798
20286 27125 14603
27230 28011 29513
7226 24708 29758
4589 27825 24133
18017 30504 28672
14400 32742 27349
15191 26397 24264
2086 11074 8563
30210 31783 3082
2973 30579 21898
13740 24931 21047
6721 9093 17356
9095 22692 6855
18043 26272 32000
6020 16780 24367
4401 13290 4838
2167 22664 32009
1171 28927 528
10451 15236 4586
12472 28726 13924
6026 15114 1339
11109 20890 28482
17986 25187 3148
29052 31352 4869
14271 31707 5108
39 3219 24544
11598 17645 11628
4355 26254 15080
29752 30581 18368
2525 10270 19803
20971 24036 21740
24817 28156 9704
3423 24242 21965
14370 30392 24351
11303 19059 3597
15333 20588 12579
8942 28762 19212
8865 25281 22716
26130 30134 6204
13252 21348 21412
6212 21919 22072
1801 17009 1292
23479 23616 22390
6879 23294 6091
13943 22428 29111
4140 29904 27540
16030 22268 19429
983 18991 22873
5153 29159 22378
1925 2784 23978
7546 32015 3314
13283 24490 25667
3943 29865 22746
11773 19761 1354
21159 28128 17037
27812 31007 9939
16421 30932 18997
11660 27971 3906
2683 21170 32662
1605 25778 29755
14425 27071 3715
8739 22706 16329
13404 18106 14890
1766 19011 24220
25801 30233 15559
16388 25518 9631
1245 5368 2378
2222 21582 29340
12338 30114 17645
929 17891 3780
1828 30235 12892
10594 31815 32237
2943 4170 15320
2000 32623 17377
15565 29574 5124
24251 26061 1316
16002 31303 24659
4744 15562 10655
3794 13420 10933
8674 25193 21878
6512 32659 9390
1576 12766 25997
18210 20814 10058
11994 19910 29437
775 7092 28720
19121 30199 11074
2160 19386 30496
6531 20512 7101
20130 25085 32295
14292 15108 17004
2889 22562 16986
220 26469 13609
18463 28273 32671
15091 28371 32281
2824 25728 26978
7141 18983 10132
16032 22406 6145
24460 25535 23777
25261 27986 27175
29249 30731 22471
13402 30452 15392
2649 29510 5091
9616 14717 9751
23717 29119 22291
3607 26295 23852
21836 28007 13757
29622 31398 31619
16475 27970 579
13703 26396 16717
3627 7861 30893
4029 25612 6952
5227 8125 23417
4135 13436 23619
5640 6003 20464
25969 26545 9620
515 23552 10726
8733 19825 20122
13108 22225 1138
14097 17724 25181
6498 23853 2612
10889 19918 31968
8601 18301 6988
7306 10339 3377
2673 17588 25701
2518 11636 10153
6516 32455 20491
20208 26430 31610
16150 16705 6620
3670 8319 24919
4427 20019 30430
10350 13355 24573
5744 27101 8249
28189 30842 17673
12801 17401 2557
7914 23517 13928
17162 19239 20510
6528 13752 10706
6966 29881 24781
10010 26878 23163
10946 31494 28257
3061 4938 28621
917 23791 17669
25761 30276 1964
7297 14677 31671
910 11112 18445
2046 22425 12849
14104 29466 13188
4415 26977 1494
11093 12014 16372
20825 27444 26775
10691 27179 4040
22633 28528 12072
7433 15167 15797
12721 19297 29626
7290 13279 25927
28135 28602 17345
17176 30588 20045
20551 23544 12101
6739 8831 11585
9491 14053 13008
17189 31178 11983
1285 11514 18581
9086 31751 14551
7498 24133 5610
18148 31274 7307
2679 32489 23072
676 11675 3668
8500 29353 22157
9993 20969 18308
4233 27788 101
9467 23264 18035
13497 28897 31574
3150 10734 4985
2654 19009 330
14016 18626 4324
5702 14800 1346
16477 26845 10973
3505 25362 24884
11236 29253 32496
19805 31693 10769
516 24308 1936
20091 32436 29992
17442 20666 26174
1744 12750 3041
15346 31354 17114
16442 17686 25037
25930 30399 8365
7547 17826 16115
5325 17960 12886
1132 18262 29914
3873 20570 390
7657 12062 4097
3996 23049 17861
2688 19223 8175
12785 22498 27880
11786 32735 16399
12884 29684 21138
8397 22522 29918
11376 13180 9332
771 12473 24559
3769 16981 13325
5304 8339 8905
16728 20622 29330
20436 32756 11429
25715 26917 29946
22646 22656 24512
9256 15444 5719
10624 27909 8738
4378 24677 7320
23511 31794 31741
20634 23018 2427
19943 28111 10349
19562 24829 7716
2879 16492 27853
14297 25985 21572
5057 19571 980
26686 28859 25405
4156 11562 1854
27056 27564 23337
12511 21606 31295
5103 13929 14831
7842 31769 8646
5958 28399 21232
550 16353 31235
8116 10403 22589
11117 21945 1574
8935 11166 6480
4502 29875 7142
13933 22448 23909
19336 27993 4288
7483 9528 16715
16576 25365 25915
16497 28747 13282
3449 31629 27974
31203 31805 14274
28885 30263 5507
13529 23541 9504
13801 30169 18084
11053 30819 25193
11711 22528 6437
5547 23698 4520
1724 9088 8923
2134 26221 18801
2499 31804 3053
6274 14252 12608
15015 19854 24955
4807 8722 14770
19927 22399 19652
9504 21120 10128
21939 26730 21582
22939 31793 13491
10954 27461 30039
2136 8602 24542
11229 26561 24618
5143 16248 27134
4678 11980 29959
7806 9408 9461
9334 28275 16613
21152 25007 9146
3053 27644 18652
4663 22163 2587
8528 22928 28768
1394 6540 19043
6349 11808 14738
2257 21647 22174
14155 22352 676
16247 17958 18113
12238 13308 11550
9899 22605 8436
18052 32118 19467
22492 29061 13108
22850 24332 30557
741 32047 20320
5061 6217 11958
19673 23053 10669
11085 12895 27447
8688 19328 31365
23114 27663 25459
5567 19599 26118
925 6173 15338
12495 30009 29623
18893 30850 27154
3529 10657 19303
10522 22841 18933
2766 21434 22096
19741 28214 31706
2157 14307 14102
21020 29483 31453
2492 31395 22359
14574 20234 29644
10128 20212 17772
12769 21156 11980
7449 11329 11859
11034 25562 12433
20846 27922 19696
9053 26159 31026
3635 13461 21096
3923 15697 13786
2416 31082 5048
7991 17420 25718
9031 21521 4507
5718 20618 4365
15699 17554 12777
20415 22659 4636
6545 29970 9514
1534 11504 30119
6459 12063 7207
19997 29122 21722
23207 31578 30738
4610 14123 24927
16244 17317 10467
8845 14481 32138
5296 7915 835
2821 12521 693
29289 31473 25358
20748 28077 16555
3454 17729 25805
18245 29669 3445
3905 9849 20934
565 31551 28347
23267 31452 17632
11991 12461 21077
21028 23258 5042
261 12073 25557
10497 19728 22294
23408 23990 16364
2141 18768 18619
26839 28186 26413
28086 30097 32701
2818 4553 12355
3910 6549 25154
8243 26206 3520
27268 32382 10639
12961 19799 35
12696 26769 31309
5860 13545 31043
26113 29786 24995
2775 12399 7200
23234 24648 7586
16659 23171 15061
14217 21914 26904
6082 20222 22926
808 4312 20713
22461 29141 23454
386 10243 13447
6555 7530 22725
10298 23369 12470
1090 9633 16564
15830 24497 32330
3044 21457 4169
1522 23649 11969
14922 29846 24089
7321 13229 12799
4903 17920 13691
13901 21832 16832
9714 30357 18547
13616 20835 27374
3089 13555 18813
20960 26246 32263
16865 31427 9741
821 4354 7807
8555 15137 815
1680 28089 21829
3285 20440 25631
15169 26395 4487
3748 18162 30005
4839 26081 31397
15539 15842 26109
10544 16561 28436
17581 21851 32755
27259 32281 7894
20836 32087 28589
11145 30288 15184
16835 24673 28327
11335 18897 8632
7570 27898 32625
12043 28708 16157
17087 23088 30296
6670 17611 23878
11336 22630 20317
13432 14207 26205
13212 19511 18373
2496 10574 26290
11451 31697 4150
4889 32405 26246
9430 21303 21804
7590 30770 29107
836 18506 20736
377 3263 2822
24440 31252 29172
2323 17372 23685
10133 13878 10877
22420 27854 19902
15159 27239 19795
3924 26064 13459
5493 12548 1832
13590 15481 27346
10376 24959 17290
12216 29044 14552
10110 12931 8193
12301 18763 19173
13729 21679 5532
9699 17178 26453
7943 25335 1634
17155 22996 2188
994 5046 10252
332 12456 7605
3823 11153 27896
12853 31706 30918
13843 25244 11099
17937 28368 30485
1782 15036 6349
4189 14559 334
4081 27784 1913
5793 13535 19021
7043 14708 23934
22465 29040 264
6727 13012 20061
13495 19326 29484
11508 19351 2060
5116 21375 24601
16778 25691 27764
76 12641 4530
10805 18238 417
272 25659 2982
6449 11757 31047
6111 10468 13055
4810 20777 2402
3278 14173 11965
2014 15584 15829
12298 22521 7639
2778 20735 1860
5329 24773 1442
9461 20363 19963
5146 29008 22121
17349 32283 1972
3403 21108 818
3082 14246 13602
383 31162 19705
8170 25051 21981
19880 30172 782
21499 29115 20680
11326 22093 20945
10686 28057 21875
7040 27301 28816
20669 31474 19063
8276 28987 28056
8818 10674 28637
4815 25870 17666
2331 24792 9812
4080 15755 8554
15432 28647 4168
9594 20036 25724
8578 27483 2195
14930 23556 10488
16058 17807 9107
3964 21079 11113
16074 32542 24102
23101 24110 24090
10778 27069 4237
2476 6285 20221
3732 14567 9614
11185 17184 2108
7103 12100 1169
6298 13286 7362
10877 31668 2747
6880 22902 14927
24661 32753 10001
13852 19122 4981
9458 26938 17418
221 15949 14043
10905 12718 9071
8086 23576 27174
7738 22968 14752
6706 30174 22792
28718 31840 12558
15797 22572 24975
3870 11173 638
310 6060 24592
17408 30727 21265
3431 29548 6499
3469 19906 15022
3791 23710 19687
25992 30297 7974
14289 16440 22800
19601 29557 30976
3182 8036 31796
11819 23775 23247
8064 23532 21623
22588 25466 28855
19124 22367 26960
9801 28338 4029
6300 21293 13203
246 8207 2644
440 12894 6483
2447 25274 12023
21797 30749 5159
3998 4154 14398
3341 15563 22401
726 4041 24942
25401 27467 22111
13047 23477 4229
3029 26748 12269
23480 30566 12335
4756 27860 5072
18567 30428 4214
17562 18430 16885
13594 28161 12043
19875 26345 19975
12421 24315 12770
6434 23533 1709
1334 6457 28765
12343 14755 27649
1836 4831 23046
20582 30686 12850
3701 30215 1570
13043 23292 23095
1187 13357 11619
4911 5658 6552
13612 16612 17048
5752 27085 5767
6785 17340 20936
16391 22694 16160
401 6104 10791
972 20649 462
28862 29515 9365
3026 24474 15498
12753 14827 19120
23210 25167 5215
6868 28658 30580
12979 30022 19041
24371 28742 17358
1689 24793 14414
4248 23618 20627
29897 31467 4318
19397 20496 9095
21478 30689 5307
21322 23085 11004
587 25036 27676
9401 16099 25704
11062 18132 24300
1746 21850 1745
1792 27634 32464
11710 31512 24349
10394 20383 570
13856 14768 12999
9464 30209 5316
6736 8253 28096
15100 30649 18671
24811 29184 7909
15639 17265 31890
54 17840 22321
20287 21486 21693
7459 14108 1063
5769 16224 7056
1824 17787 736
2221 13690 5697
10363 12571 10913
14511 25293 24364
5882 10957 29832
178 547 2046
20046 22884 8154
4228 6332 77
20935 22011 278
16158 21655 23536
13094 14521 19051
7432 11103 25622
12797 21394 27912
2303 15411 1336
3458 8885 15241
2651 14411 848
4113 24757 15922
10478 23241 13562
13293 27762 8703
11442 16807 22206
14563 28414 27365
2060 11051 6107
11828 14520 2181
11946 24617 1420
16790 23788 32311
277 24174 25828
8670 11216 17299
2088 10143 10625
12295 17230 3187
4381 23716 24596
17361 30577 23737
11853 24890 13755
15722 26363 26160
6539 22215 19276
3077 20451 14445
498 17801 30141
5270 13922 8101
9534 27593 12971
12219 27237 32021
3292 8096 28513
5986 6941 7916
8277 10487 8016
1182 18827 12414
18578 29541 19653
10072 29738 7935
23635 25334 17366
4700 27715 1152
19289 26192 20504
14065 28810 1813
6979 20578 25034
5111 9187 2519
267 28271 3049
3358 23424 21969
12179 28039 21505
5919 22482 30838
2249 30677 23266
17704 30523 20289
13817 28060 5390
1203 20018 14639
14994 24091 19667
27847 30550 32673
11 17990 32080
15185 18231 21680
23585 24752 7019
4178 24887 11351
15954 31923 29277
27562 31780 28083
8600 20727 18744
4052 11624 30706
6820 15439 5139
1013 9657 14618
11126 26120 29917
12528 14936 4655
11544 14772 12524
461 17018 30665
9511 30279 27535
21603 23031 15397
3674 28836 1065
11088 27578 5202
14114 25614 24280
1016 9784 27825
12607 25882 20556
3968 14407 12415
16404 32398 9867
2694 14716 19148
3211 6198 5796
19418 24769 23677
15850 31599 19829
6861 12890 4249
6141 11915 2434
890 13508 12970
4954 19865 32347
25354 32324 64
11114 11348 1861
20385 21045 27890
10483 12599 8093
14493 25087 9723
6145 6864 8966
616 12959 29280
8713 23497 25876
14824 23809 29754
9240 20378 24145
25003 28098 29508
14449 18974 9353
13968 22725 28667
2875 4991 8274
6812 6901 13227
2119 28564 13112
1979 20199 27835
23591 25405 6734
2862 7880 24171
17517 17820 15230
11433 28373 11496
2817 26932 28141
18999 20973 29779
4128 19699 12031
10329 25772 10954
22383 22472 28585
3374 7249 30927
7873 9992 14170
10628 14229 24303
8262 23105 20527
28959 31345 25265
15493 18522 28668
22636 27649 2325
23222 23789 18393
27558 32601 4724
7412 9824 3851
4737 8947 16771
21238 24718 6198
776 23326 22897
20182 25724 30242
998 18437 16548
11689 12719 5720
15692 27030 6984
25865 31180 14825
7785 15020 4459
18457 30536 28840
7830 27671 19924
6002 8561 31394
3763 23091 7499
20765 27356 23146
5369 30068 21370
19152 21778 1087
8423 28140 8818
16830 25889 25095
17215 20962 25859
4512 24383 17820
17680 22559 10121
9460 24945 32514
32112 32574 23928
16124 17555 14991
13168 24188 2127
14589 28150 28796
374 30420 28514
14793 20246 4246
23750 31209 13019
812 16901 1978
15 19081 5833
8013 15903 20817
22129 30055 5794
11172 16563 20424
11225 17054 28105
3878 14515 18182
7448 10316 3722
19470 20906 22112
21903 23327 15842
5745 22969 7532
24586 28224 17236
26701 26858 3361
13135 19977 21202
9941 10073 11186
531 22121 10490
18601 26840 12881
7970 21187 27057
4973 12311 24892
7835 8807 27685
149 7506 26821
7257 7929 23856
22475 26147 18418
7870 15940 30192
24726 31212 12820
4230 29885 7751
2174 27249 11329
3478 28336 3946
30659 31558 28837
10383 27549 8508
5321 22638 25111
2877 10090 9448
13304 16137 28297
15991 18903 16910
24812 27947 10393
1454 32649 23920
89 21006 16410
11290 22919 18722
18994 28405 6732
10285 13051 22087
9367 12776 13686
21716 32539 18665
3107 9013 27673
10653 18848 7799
1169 20136 3092
22012 29218 8832
17457 23539 12303
20704 27260 3229
839 30101 1683
281 27443 11495
12497 28516 19401
25846 31759 8596
22120 31122 14401
30000 31073 5396
7104 14146 13293
16932 30574 32629
19133 30232 5971
9982 14652 25174
1963 23080 17701
12164 19493 30492
6227 9862 31335
19812 31104 22185
14364 24569 9901
18557 27864 7721
3041 19387 2887
17514 24107 31550
10244 11699 21711
7508 27817 22450
16582 29476 17103
17592 22908 675
1039 26077 14918
9400 27759 31744
24281 27750 26073
25175 26927 20546
20473 26250 28819
3103 14495 24639
5881 8463 23671
10608 14935 9562
1105 21904 17545
7761 8161 22815
19105 27373 23621
29431 31266 10540
3226 19960 31170
584 23681 17547
22273 25212 30785
7816 30492 29058
4459 4481 8930
1227 10291 3275
1038 23921 2399
9902 18073 18467
8892 12516 21082
16702 23516 11890
6677 30375 32728
1916 13017 1256
13086 20395 395
19855 30625 32058
595 1903 4414
15453 25677 11551
5119 13557 4109
4997 26382 25033
9455 18079 3786
11077 16142 7047
4946 27161 10846
8645 31433 3422
9930 13313 26984
22915 31030 30680
14831 21205 18706
11031 19486 12145
7869 10708 14390
429 3947 6188
3491 26459 23678
13454 13619 5936
6532 14072 5552
24699 27834 24189
3525 13140 27978
8496 27592 14464
6508 27790 6851
12081 16060 14058
4009 31321 4502
4932 10641 12152
1887 22453 5288
1692 13324 1366
21275 25145 7884
2443 5756 25340
160 26792 5465
18482 25403 29122
8796 12886 30923
12668 21388 26581
10752 11383 28907
26346 32234 3886
6249 21326 15074
18790 24271 14992
5300 16739 24548
18806 28101 25969
11549 30066 29624
1170 8111 8933
2111 32557 7146
22473 23421 24768
14164 16205 6220
20989 23297 13866
2216 21654 28378
12010 17450 8455
1032 9562 19357
13773 21996 4116
27110 29834 2257
3400 13807 31799
6586 24748 12960
18205 19758 8872
2893 24864 32357
938 32461 23592
20055 20197 30786
27 30234 29576
15751 22940 2469
27127 29372 27717
3281 27459 8976
6760 9563 27204
16985 31907 31859
3097 16051 24554
1026 18192 26709
7360 23155 3669
17365 22382 27254
9345 26642 12646
31950 32232 17450
9827 9863 30728
5100 16587 14912
10375 11154 13949
18675 26352 10222
3538 13113 2045
14998 21437 21114
14862 28925 27015
13322 18953 23748
6515 14556 20396
181 19547 14664
646 12232 14713
3254 15930 1211
11896 13760 11943
9143 27332 5063
11214 15043 24832
1226 30303 2450
14130 32371 4210
3356 6505 8705
21772 23428 23689
2953 15031 7892
6723 23988 30146
10439 15988 23420
18643 19373 3878
20923 28063 18711
11282 22222 8511
4339 17947 18523
22288 31015 24702
3488 14540 13997
12745 20638 23076
11688 27530 18830
21543 21931 31218
8692 32392 31821
2870 8681 20176
19868 20350 28151
1999 2652 5905
8730 8997 29105
21672 25576 16545
16974 32602 4284
10687 30390 13712
6415 22912 3405
5292 20952 22991
10867 26425 7073
17362 27874 8362
2548 15749 8456
4106 14027 11269
1666 21121 29405
10885 26364 6326
18292 21208 5751
20998 31063 20803
2978 24158 21697
20539 32556 28359
322 19856 20438
10223 25977 27950
20258 28307 9051
1633 21269 27805
4701 26279 787
5499 14384 16428
13712 26243 29551
7678 18046 4734
935 17777 21787
5068 11071 10651
8508 28895 6857
7304 24775 32565
3985 14277 7448
26903 31184 25490
8672 17667 31010
1089 25081 30303
15708 31763 12496
3275 30377 5229
2561 29022 19248
4545 5611 31488
20651 22201 30220
14525 19189 25775
30880 31451 12119
10703 32249 2170
15238 19572 12512
4794 15294 32391
6230 17786 16349
18837 22760 13597
9110 23882 4515
6293 11900 1172
22526 31091 3716
579 7514 11359
2154 24457 5660
4210 16664 3363
4123 6093 19130
8502 10917 14198
20542 32510 14315
3892 10648 31543
19440 32476 13424
6491 31307 30926
116 18671 15717
5549 8045 24518
16756 23209 5088
9927 14112 31316
7018 19843 6307
11099 26126 9086
1683 19286 16816
17062 32668 902
4273 30006 10138
2098 29634 14483
10043 18378 32593
7160 27781 496
11349 12041 4852
8699 22031 8507
24155 27224 30280
16397 24615 19477
28106 32247 1331
13305 29423 3890
11761 26498 13031
823 27455 3784
21449 24269 10282
8351 8752 26363
14750 21693 21263
4748 19800 7531
4146 24181 26811
493 21761 24417
17730 31587 29969
22606 26095 27738
9803 24499 26365
1300 29734 3069
198 8928 10110
6133 11530 15694
6627 31652 14733
20230 23276 9188
17927 20238 13770
184 17481 4773
8778 26905 10425
1538 32495 20057
327 9273 11854
2563 24643 16235
2188 18915 23989
19508 28347 22945
9926 12624 21600
4713 23466 7463
8035 10519 21043
8053 25448 12309
17627 19889 16700
27139 28381 3733
2851 11795 17731
10732 15141 13199
1668 1763 25982
10837 17462 16126
25195 32199 13481
27940 31058 21085
1771 19532 25867
25957 29608 8530
275 28142 31877
9342 25637 28571
1891 8312 5183
19587 31460 6683
24081 30787 12042
5239 27596 19546
7753 22650 25675
123 19694 25144
16198 18644 2269
16385 22679 5995
5309 27199 5068
1365 18469 11458
10176 14674 31923
21083 24651 5930
5332 10525 9299
17678 30533 1123
19916 23899 18334
81 4177 12630
12782 29495 5583
361 2490 30790
9943 30403 3635
5252 5510 5956
2686 10008 5878
3596 28652 7601
1349 16942 27671
4139 17312 10112
20810 30867 7802
2252 25023 3989
18160 20858 6737
14586 22721 28658
5172 29631 7700
15512 25130 22376
17175 27401 6213
3822 26860 10747
7791 9359 2078
8852 10302 29383
8993 20605 20415
6279 10973 299
27822 32675 21622
14841 29650 6456
11343 28251 12110
13109 26160 3831
18645 29857 27269
3289 12487 21125
6335 19422 7993
17470 23409 2289
21831 27464 7580
5381 31768 20369
7125 21222 12807
7903 27468 13801
15281 27691 13661
313 4119 84
11916 14101 2793
260 3479 1224
18381 18754 253
2120 15798 28669
1491 14667 8654
18024 22680 79
3514 23460 26543
102 22739 517
5283 14572 23100
17456 24005 21822
8971 23500 18645
24344 24799 2889
3842 31676 1821
27165 29764 8569
5445 22275 12400
5274 24868 16412
6259 14171 19009
1110 18235 7704
18064 25166 27020
12294 27826 7345
14322 19540 20496
17694 32676 4539
2742 21942 10697
14822 24241 13297
18018 24498 22993
2454 26965 15120
1161 24035 711
10699 14343 11824
10595 14294 31502
3294 29687 25016
25714 25771 31418
801 24513 18726
3320 17403 3420
3587 26244 24514
9499 10820 4654
4518 25211 21553
1872 5755 24822
16138 22034 13577
29927 31932 967
14656 27397 22587
14560 31914 9193
20678 29007 6821
16925 23692 4008
7633 26875 26590
19550 31969 3901
23157 31602 19790
4957 19864 30499
3301 25161 29583
16622 21702 32154
6683 30512 29976
8293 31756 19241
17733 28988 1719
6821 19220 6550
8734 19700 22287
15897 23039 8448
6341 29155 31280
13177 28197 11620
15577 21671 13081
10640 25869 27279
23383 30161 29322
18796 22708 19022
16509 29198 3255
17 25684 1443
10051 22096 18809
18250 30360 10755
6052 17526 2540
8905 25077 24053
6087 20524 2453
4656 29009 11922
3933 26268 24877
8404 10527 26083
23002 23572 8799
9713 23170 18014
18877 27312 32244
675 29640 31818
13263 25176 17955
10947 12322 28537
12122 28291 29333
2056 26353 28388
7350 30088 5706
25661 26020 18759
7446 10343 2979
6945 19623 2823
23619 26222 14860
5818 25975 21966
10725 16605 12662
4951 14186 19780
14041 28934 26469
3798 21461 2085
2793 18352 19957
15864 18860 10217
20658 24797 23134
24646 29425 26201
14225 29552 27208
11289 15057 22455
930 20499 15696
10082 17367 26299
9744 17329 7228
1656 25822 29262
12483 25119 29237
5216 32154 11646
9551 21002 26136
4091 12518 30009
9925 26521 8773
24029 29419 15024
2923 27774 29532
17169 30516 11639
5370 23506 6649
21765 22327 28262
6747 26423 4278
24613 32221 1811
7720 22942 12186
4887 21378 21174
4789 10911 15414
7958 19972 1321
10200 21705 17705
10319 32169 6509
1526 19055 22892
14157 31640 14260
8192 30282 28584
7525 25316 23364
1253 4741 31892
18985 31736 148
12535 22270 10700
2597 5375 1009
25342 30799 17190
8338 25444 20848
8817 10772 22403
21944 28026 15476
5519 17598 5693
15178 31061 4341
5981 21026 25293
8868 30170 15568
7015 13492 11739
987 27168 27119
15953 29304 30203
20423 27277 12028
2411 14513 6753
7520 17604 20046
3860 14339 9482
28376 32156 10967
14817 30132 26462
7875 30806 19593
13842 21548 17225
18030 21175 712
18418 25296 9384
5668 6632 31896
1315 25565 6205
17914 28767 9016
1626 20986 4096
2951 25320 2241
4669 20375 26615
19642 27458 29635
8792 19346 13060
18531 22208 15527
1344 18547 27975
14781 20000 13750
30479 31909 8437
21358 23989 26990
13430 26986 8827
15653 17677 30964
18483 22879 4939
142 29963 22777
11380 16970 630
3370 3427 8690
5334 10798 8321
8663 25769 2780
1483 13915 9403
3161 12044 24135
10816 26356 20531
31160 31762 30690
1158 16507 628
3758 29772 32173
21848 31291 1985
13123 22617 24057
23309 30139 23239
1484 28034 535
13312 29377 16016
10940 29796 11903
8711 9427 2695
17328 28190 12661
6660 28890 19270
537 2482 28699
2639 16396 29018
25300 30622 12121
10948 21408 8496
21604 22723 4499
7532 13907 16091
25709 31478 8449
6162 29977 15575
30464 31384 20687
1423 17926 11978
11763 12977 9995
13362 26161 22333
20078 25538 29378
7278 7984 1738
22988 26528 6778
13707 16725 17149
22100 27833 22619
21667 24419 17691
10922 32287 5750
1589 11418 119
13055 26009 16479
3524 3974 15664
13382 20537 22305
9942 23997 26676
2992 32197 17913
22221 25153 31738
16662 29999 29928
20957 28394 22823
9082 16443 17704
552 5651 23835
17638 29454 14201
13373 14895 18215
15434 30487 9699
10322 10831 25379
19983 26236 9610
8222 21916 7392
16169 18970 19630
20610 29473 10713
10190 27536 32596
7815 13399 30031
7587 12953 3117
20954 25421 20880
27613 32085 30461
12510 16078 8416
508 14613 26471
12103 27714 24959
17559 20361 10126
1191 22289 20389
5251 7874 4581
13462 30255 26357
22379 28568 24901
2902 23050 26479
909 18258 8271
8979 25710 26529
4776 32026 9248
3512 27058 22774
9837 32418 8166
6070 6786 4778
13678 17948 15470
26500 31076 31627
517 12395 983
7065 9286 13281
16493 29878 25004
11169 22532 16229
11217 26907 27925
6042 28024 3337
16606 27625 11771
8795 27426 394
4040 4407 16662
10825 16837 28221
2255 31672 30027
11392 19827 8871
1788 10125 8584
5001 29123 29531
15338 17552 29523
29071 31339 31200
14828 28463 20690
7017 7259 26976
9788 29378 11837
16082 21307 29465
227 2114 1039
1755 7296 6165
5874 28446 22008
22705 32387 7583
2908 21598 1751
7200 17893 14443
19098 32657 24939
22844 31485 3933
681 26489 28465
17185 27352 11929
827 21125 30594
26208 31458 17526
864 29729 31003
20479 32258 28554
8653 22774 12625
3070 32111 13249
11956 27577 16773
4680 30227 657
4880 30970 4038
1577 23956 14190
27118 32214 24712
25813 29452 18860
857 24609 23074
10235 23529 26576
4541 18475 31789
23688 32082 19882
13534 20244 27918
9775 30049 5603
26884 27024 3171
3296 6630 8625
13742 29998 10395
996 30111 4577
16095 19863 10593
10189 13699 7706
17094 29293 19548
17469 30398 19300
7786 15118 3208
25122 30575 5119
21453 25232 9912
10881 24290 7075
19593 25875 5766
12211 16218 30004
10019 22197 23017
19429 29540 32722
194 17796 24183
2643 2919 12762
16827 26185 966
7326 8543 21375
5521 13765 29861
16788 25987 6021
14131 22585 16058
9150 29341 7442
18410 28584 26072
19411 21072 5349
8579 29947 26877
7414 21190 7281
6805 32401 16357
1399 15532 11003
3101 18540 1357
7091 21325 11923
107 20655 4076
16592 32645 2374
18548 19221 27449
7256 20972 5614
15994 28768 21518
31244 32377 2805
4710 14764 7063
2109 26179 15085
5261 25393 27905
1396 25357 27441
23153 24512 19730
3265 31962 12702
16145 32580 16082
10023 15786 30445
9406 23773 7145
10514 20321 6071
1463 10751 19671
17670 30892 8308
12457 21277 8891
19586 21909 4755
2215 25752 17447
195 5808 6429
8757 29577 1236
7552 18795 15474
2465 11083 7290
5029 20058 1909
12110 21501 12297
20437 32187 29729
29042 29211 3277
1361 10129 23789
26955 31582 29443
20832 21546 802
18170 32179 2500
21160 24954 11336
14583 18086 18338
17697 30814 7025
17887 31419 13783
833 12235 13204
8416 21627 8337
10276 28993 31856
17720 26751 19756
15103 22022 20468
11513 30296 23485
6544 28785 5730
8914 18319 8504
3237 6193 5586
6390 7132 14317
24366 25080 20505
21575 31311 29504
11118 17463 681
6673 18972 9292
12644 24041 7525
14151 20793 24221
9189 27419 10227
23492 31031 9218
2425 18987 26095
2306 7642 20285
12341 18942 30443
2417 25851 30270
3738 23123 16118
22217 25852 15169
8623 15716 32027
3760 4409 9118
11032 23531 12040
7911 27601 2578
5836 17012 11036
7606 10614 12962
7379 26808 13673
13267 13799 6447
10649 17770 2647
14377 20401 27307
15245 23680 13054
18094 28120 29814
24187 27331 13033
14479 31726 3232
5792 24492 19498
22765 29538 15204
7023 16268 18408
14516 14823 7941
3856 19602 270
360 26651 3476
22317 28883 13699
18652 27569 31121
342 18340 11307
26797 31356 20933
6047 11842 32441
11024 32083 12869
4882 16670 31462
6992 23252 6226
20774 32550 25509
1976 20012 6684
863 6418 21258
4939 18233 31836
7677 11331 17937
6587 19094 27123
6100 6748 2713
20671 25953 4877
23469 28471 22383
3559 29130 17791
4327 14642 22200
10486 27088 11554
23151 30785 5295
6409 31013 16397
14754 28004 27315
2883 14577 29940
6019 17817 28229
314 28076 13828
2557 25833 9252
11993 26794 20458
18957 20374 14318
12762 18176 9870
18885 24439 26844
3764 15143 18816
18081 29324 10691
977 6773 31547
9589 13148 5464
11744 22340 8868
11730 23817 13050
22953 25973 18653
17246 21649 4623
15241 16174 466
3644 17741 15623
5430 11649 4870
16770 22757 1612
2593 8392 31784
10766 32270 29647
22622 28677 30799
1930 4884 3136
1037 26899 19058
106 26725 10039
3352 4075 15647
16233 21116 27333
6046 21245 15246
27878 32155 586
11782 12170 22679
7851 25681 24649
6583 32519 8198
1806 20157 12623
7969 32672 5080
14893 17890 18516
25649 32299 755
8172 12029 13978
13791 27106 22806
24516 29323 12917
12774 16143 15947
31148 31886 23164
22741 30378 30231
3682 29884 14679
7387 11161 621
816 7022 8170
4625 17640 3761
2397 17524 25758
15772 16019 22083
1019 26761 88
4462 9760 3967
6652 9972 6151
9258 31275 24653
7710 9296 30599
15662 30079 3408
18680 23397 14779
4489 20667 30364
15293 25159 16793
12030 20412 23638
18237 26900 8164
15486 22443 6586
11204 30720 22582
3045 25321 3559
1662 19618 31885
280 27037 22620
9736 24602 19176
1436 24076 21545
9705 21337 7286
15966 20961 31361
16048 27389 3034
4603 14301 15821
25837 29585 1857
8256 11563 21360
24914 30289 31692
5041 32073 8523
8669 22877 15192
5520 19164 883
24338 32317 27124
4658 11416 22030
3141 18676 26342
4003 6112 32286
20038 29291 25246
30447 32678 13082
28051 31722 6859
25411 28229 9274
15567 27142 21725
13248 30875 23829
9952 16751 10585
12657 17915 11213
12188 28740 22152
6387 11278 29147
249 23296 5934
9484 24511 31230
2801 4898 27305
5387 27255 7975
4717 25670 1287
24620 29280 13184
12871 23167 23077
4374 22234 18358
13778 13966 12786
13296 14199 28862
11550 29240 15516
16335 29589 16761
9715 29490 19033
5266 21400 20069
17909 31731 25327
5085 17322 23795
29103 32622 478
14911 26416 27345
18476 26086 19274
4993 32741 31323
8112 23634 32434
17738 20054 14159
20886 30415 10958
7735 13354 29892
830 25363 9359
12711 25097 5369
684 8617 26261
10811 25843 6160
6296 23545 11546
14845 23703 10580
11330 26492 23466
15140 23325 17734
2451 28065 22027
3633 21008 21113
15800 28526 26110
13758 18356 1776
7456 29258 14314
31237 31650 2833
4218 24937 30747
23745 24012 20361
11486 21305 17659
2905 6394 28071
4470 11868 18027
10310 31037 32220
10275 12923 13350
16738 20002 31279
3250 30116 13908
20779 29395 1338
10188 30100 7969
26831 31887 10882
12199 31135 26557
262 31375 28326
26757 29565 20691
7268 15056 20237
9995 19545 8241
1779 9079 20651
8858 27831 1392
9023 17383 30362
25669 26510 5050
17120 20061 20226
10934 18989 12965
5390 29434 9103
5212 16586 3544
5201 8567 18842
27365 29652 25363
12410 26674 4540
1586 28624 27260
8698 11644 5593
11949 16745 1204
16063 28540 5222
11998 15724 31210
4455 22807 2309
5924 17125 18996
7591 21203 18481
10103 30791 16438
3493 16037 3403
13835 30832 28417
10455 12570 1718
2456 5811 4662
22394 29325 32427
5070 15128 16483
12106 15681 22047
4496 10560 19296
27094 27681 29823
3806 27148 5700
8995 27169 364
9865 20656 3617
27040 31115 123
18607 22674 20768
10576 23603 2573
3481 7150 26955
26781 31533 17483
4722 23554 21841
9799 32198 31713
2957 25776 13747
12358 17435 8968
8568 28872 4019
4740 9838 20175
3280 15199 9986
1685 21653 30193
2184 4322 8222
962 15240 27387
4721 23752 26898
13999 25041 15595
15152 25480 14145
16544 20186 4781
11063 29964 31526
22592 24196 26522
9597 26082 7559
5459 21999 28831
9009 32308 23683
564 25857 10278
6287 8068 3035
3277 22334 14607
17862 24184 7158
29085 30920 32446
243 12183 10715
10637 17106 19178
9581 20059 17924
28233 30930 7180
24250 24763 21160
1578 20308 12574
5081 5911 28405
16043 18265 11047
1814 12355 30051
17950 26605 19613
11291 23718 5564
15265 15642 10274
3108 25972 22737
147 16574 18585
6719 20698 29459
6722 10091 255
206 3121 24164
4046 14103 13057
7505 10229 31565
4822 22535 15468
26842 31975 15286
22800 28751 3062
23991 28031 13494
6081 25157 28055
8926 27733 6878
15973 18065 23033
7843 12926 24741
4406 6385 27201
22423 30083 4042
14506 19485 21904
9395 23977 173
12723 30327 31111
1708 15935 29541
12417 31681 9323
23332 24696 18067
6268 29550 22522
14923 21145 31766
25817 29310 6668
12697 27285 27252
14414 30152 21367
5352 19872 9864
12206 12916 13250
1829 31453 26892
31469 32334 113
24199 32354 23502
26448 32597 22584
20902 25234 9555
5865 12999 5284
737 21825 16400
8842 31913 5051
192 23660 11286
18535 26324 17206
26005 26470 26183
24443 26904 19796
3032 7324 17437
27218 30010 9280
19245 22873 22905
9036 24211 14493
19182 23948 2932
11770 28145 16748
8948 29026 7918
17232 18900 17787
11930 21567 2934
3935 18407 21213
12698 20594 16884
22 28565 7373
2640 27840 1728
2067 15384 19330
479 24692 21974
1544 6031 28528
14963 19044 7662
16840 17050 4924
2685 23115 29001
1533 12662 30672
117 31035 26598
26174 31006 23243
20882 22965 15861
7478 29272 30266
8951 19801 20681
22876 31816 2643
2320 22154 16814
9216 29112 23837
8075 19702 23985
16783 30153 6174
2887 9940 30026
4223 20913 11801
18898 22717 5064
5693 13930 29118
861 12956 28559
1079 6519 4406
21539 30450 12600
13103 22174 7431
16062 20245 18596
16966 19510 30449
17133 23816 14348
21789 31495 11999
4543 27702 22594
13030 26011 10294
773 7359 29678
17426 20126 1658
15098 15826 18928
6696 16479 17130
6232 11839 21037
20713 30176 30955
14472 26407 12915
613 6672 6956
2513 23951 3344
10781 20107 21423
25577 28939 18109
11474 24947 2974
3815 24993 14910
8714 26697 11624
9290 14429 9567
25110 29234 938
11274 13863 19879
15456 28752 10498
6182 11124 29408
7898 8308 8643
15008 30873 7058
9777 29497 19320
8147 27016 16501
10420 28416 2962
7032 28701 13894
23965 27868 2638
19068 31517 11199
2117 27371 7539
15974 23881 4840
6963 14385 5543
1970 17040 30702
14676 14791 14304
22017 28464 1431
21495 31773 1702
3203 12788 4003
2026 22599 10951
12419 27054 690
5207 21232 10492
12046 20937 10849
17314 18119 15852
224 10682 2818
13431 15616 24791
6710 22997 25799
5918 6815 24403
4962 30374 27151
24716 29313 23492
10944 12006 31157
13220 24210 26684
13117 14031 5985
542 31985 31981
1218 19738 13629
4927 6324 16475
5905 15158 27711
14661 31925 9169
6483 31609 8234
14710 22785 13074
3973 24157 29193
1837 4221 32132
5388 27194 17528
5568 18961 25248
15945 32670 15494
6350 30898 28965
23868 28965 22526
8060 27955 21237
14174 32320 1520
16339 19187 18148
7872 20148 14553
11389 11852 6786
27672 32145 20455
5759 29388 13046
14616 20028 25649
4536 9263 17241
20956 28218 29119
10107 29043 28236
18670 30863 20071
1585 24255 11219
4332 32319 7317
16108 20627 21817
4726 19506 27417
5353 10880 29028
16712 17192 16238
1238 23758 18692
8101 11588 23759
8505 18034 24256
1642 11308 14741
12882 27950 23515
5448 15324 24325
11127 17210 9040
2324 15993 13352
1076 19369 18349
8553 32765 14550
23695 29257 12203
7298 14388 31189
12887 24570 21201
19826 30697 3357
26289 27894 6721
2268 19357 15756
12416 28363 18930
7523 9945 19495
509 30908 31850
2565 22657 4371
6605 13415 23250
17132 24744 20319
13078 28941 23476
21954 21967 20693
1072 14460 10787
20486 23364 12736
1470 6533 3032
19660 25283 13520
3539 29997 11041
13688 28028 18342
4795 22440 11740
11055 14126 1637
2352 8336 19131
5210 15485 4875
4390 31938 8261
16898 18595 27137
19516 27345 28078
11506 12817 18412
12047 28427 6530
8900 31027 16747
11774 24388 9949
11664 17023 13308
17859 22931 17939
9969 22575 26555
18299 20865 5157
6142 30882 4973
2191 24432 25021
12318 26207 7793
2847 6577 5773
27616 27683 17263
7476 26258 3842
2469 23130 2840
3551 21560 18550
7722 12162 14581
2823 10613 15092
5666 31201 32261
5158 12551 18130
2112 11940 3201
7227 25245 21076
19639 29821 7394
14752 18371 7171
24361 29725 30650
860 22050 19884
5030 14744 21431
3988 25986 31447
12968 19828 21764
8708 10784 839
5812 17291 7473
19794 31033 21619
14300 22089 7717
7771 15814 27369
650 19787 22817
21994 25416 25993
10212 20484 10829
25922 32526 10858
15328 28634 19047
19527 25227 23869
4463 7665 24913
5495 24572 30188
19103 19931 6362
345 18673 9259
11400 20444 21219
3876 13845 10199
1646 25174 3947
4703 25744 8489
24435 27664 9909
8376 14464 25183
4975 28966 76
24672 29848 15406
2939 11927 20668
3422 31263 4699
874 29741 8838
8707 16217 26883
3920 31948 18245
13516 15683 8506
20278 31283 13805
5469 9483 24860
253 29166 32574
2118 26688 11788
5630 23937 15760
1148 4191 11812
11419 16643 11594
5372 9271 4878
9825 31850 23804
5461 14641 15451
6397 32394 8631
13001 25925 14114
16017 24506 7214
20218 28114 32276
19018 29191 32111
4872 14500 3740
10266 18444 26464
5336 8776 769
3258 4877 12551
13253 29591 17138
4890 17128 29156
18912 25765 15824
16010 30648 18600
10416 12709 10779
2124 31171 161
7064 23523 11240
2582 6558 19115
27479 29333 27589
524 18347 12391
13489 26514 1241
8316 21157 14119
505 27607 14340
11207 17643 11068
12914 27221 19876
9547 32227 3527
8697 32144 21061
14733 25700 12946
13998 30156 4609
1602 14709 30674
21700 31099 446
928 12642 29376
16455 23077 7896
7276 16153 12487
13942 28364 20393
12450 12667 16257
7717 15495 12835
4414 6833 25152
20478 30112 2067
27772 28058 5167
20891 23687 22742
12731 12744 3920
9860 25205 23691
28166 30488 14387
15717 18078 19207
23166 27853 29296
7472 18140 678
15302 23640 26408
6905 32201 10630
9682 29435 23925
8908 32089 16099
609 3271 10977
78 17117 10635
3651 23357 1603
8840 25073 27616
1020 16760 15459
10422 19108 9760
9364 29244 17314
9913 24348 30848
23830 27343 17523
16402 17587 32735
3148 7353 15209
6616 25628 18302
13664 31363 12879
12477 15088 29149
5840 10915 12626
6256 10739 21564
15634 18072 31123
7758 27034 2878
28744 28829 24577
7339 14596 27198
6495 11794 5304
14986 16620 9037
573 29697 20516
27370 30870 11480
1733 30527 738
10631 22846 30647
7427 15824 9391
589 4673 13956
11463 18635 31889
6325 14537 13462
30794 31638 31199
20947 25585 9670
8270 28777 348
10907 28715 21008
18143 21852 32616
7801 18416 9765
2769 32139 12468
1348 26846 15982
19465 30121 11367
7378 18325 23262
597 7837 29384
5738 26188 20918
9337 27660 29867
15607 24217 20669
17870 26044 31519
9978 26745 26007
13969 27257 17248
1853 30213 27959
18107 31054 6719
9223 27000 30306
6169 16416 26360
3171 3483 26964
5900 30616 757
2357 15608 2678
8022 21763 24893
19456 23147 14331
29121 29420 999
2039 16943 24798
756 16968 27947
14439 28627 14394
4027 22228 19856
14475 17144 8368
15148 15275 31220
10149 15645 9659
12614 22821 18123
4662 26366 11684
2101 23026 31206
7368 11445 5135
2982 25204 22389
2231 16568 23117
474 6094 15633
442 11484 1080
18268 27415 30943
9445 25375 4665
2316 25960 2544
1959 8563 19819
3857 5819 23636
10040 28079 2396
2445 7426 16939
10192 12320 11516
19726 20016 25869
5917 25641 5641
6740 19939 28057
4667 28292 13484
19246 27519 2456
1892 6117 10378
22936 25285 13925
12316 32665 24101
1217 18922 25266
14282 17776 17310
643 21479 13262
8646 22246 12278
3379 29713 30365
1441 4255 28392
19632 28954 5113
3439 11873 10589
20096 24065 24484
2298 25982 3323
871 21514 14579
14212 28466 13
8306 19312 7568
8218 9014 409
19526 19810 24501
29320 30123 32064
20101 28506 13545
7409 25479 18096
5991 9111 17346
8765 32529 30402
23602 25967 24575
7045 11338 22960
8613 23208 23867
23637 24083 27475
20663 22063 756
5298 18276 2150
10389 27320 7246
17760 21122 29780
1393 24074 8256
23311 32720 10811
13790 17002 5351
22788 27972 23908
8544 13451 16068
2205 3013 18886
12613 17060 15091
16990 23872 708
1467 26648 13458
3787 24629 381
10697 27557 1173
3721 31448 18225
10636 24698 16859
20472 29573 23293
7904 11941 7251
8883 10306 20787
19255 32224 32599
17928 21465 19645
5463 22257 7
10537 11045 24806
4321 9746 15806
2727 12673 24878
17195 19295 27892
305 10138 1908
14083 32524 32265
14463 15641 25553
17509 18041 21034
2072 11723 2135
7499 21602 25121
8514 22867 7821
5977 20083 21951
7000 25053 7059
15614 19399 18960
20685 31621 21287
23321 26610 21357
8334 26951 18921
484 6987 4566
8391 22391 16735
17483 22525 2005
2375 5074 30033
17037 19951 9705
1320 6804 11377
16809 28837 20465
23747 28451 31153
16234 32700 4631
7316 25528 27437
15351 19513 9300
9912 16737 8823
2321 21929 6152
16111 30444 25572
7754 12409 6078
3119 24146 13904
3932 11665 13304
7285 7808 13867
9037 13091 13694
1736 11772 10416
8856 31976 13952
1665 3816 15051
18021 20494 21511
18857 32070 30794
21894 30503 19921
19120 24493 15953
20064 20266 22330
7983 28241 11243
13222 28223 21058
3118 14113 9240
15248 21984 27850
16140 31503 11507
25099 29276 26511
1386 15488 7481
7778 8100 32213
6942 15986 18959
2633 9947 4009
1997 16537 14778
22686 30745 11316
5135 26973 12977
4124 16883 4663
8210 28727 29787
17429 27336 30426
2874 26768 12746
13974 19396 29879
5093 15096 28887
11184 18690 28806
18074 19498 19409
15541 15738 15058
26595 29082 22722
850 31971 15988
20398 31666 3658
20390 23455 20597
20899 25388 23459
8991 19352 18303
3241 10868 13888
22641 24351 26291
5149 27282 6680
18365 22070 14128
50 24657 19692
689 13693 3853
4429 26401 23943
3283 14106 15499
2816 21413 24330
5301 21263 19035
19069 24581 9836
3804 24990 11398
3019 13099 22447
15985 28497 4376
22772 30466 26585
11075 17311 6378
27632 29872 1265
15487 32548 28204
11163 29146 24629
3083 20178 30663
5539 25790 30447
19579 20267 16800
3537 26584 32512
25061 29663 20602
2108 5323 26812
1889 29850 32491
3130 9069 24008
8501 16176 19072
15854 24524 22966
13745 30532 1450
3065 27669 6347
8530 21674 24157
14117 23617 31175
2638 26455 28418
16324 22794 32685
17938 24152 10133
3786 17212 2193
4486 11533 12064
202 22156 7276
6853 13319 22700
14308 29139 20907
4164 19515 8588
6860 27411 27094
2083 16139 15917
5139 7496 12880
10088 27771 15322
1472 2508 13187
18373 28738 2329
15228 25726 17628
7862 13822 29930
22364 30857 14019
6446 12810 15172
7240 16278 18580
1419 3858 19077
5317 13061 23627
3455 4104 11070
9841 12143 10565
6767 21093 14477
7675 8072 14376
7987 8854 7328
22016 24504 31860
1135 27693 25912
2733 25706 14930
10503 13490 12185
5555 10210 6263
2156 18766 16211
9677 22776 12624
17684 18217 14052
9938 23804 4316
7264 28445 8182
19444 32547 16614
15073 22574 28625
18197 30127 30952
27135 29822 23855
10963 21433 16085
18801 30424 1157
16330 31319 11831
10139 29817 10945
2721 13262 25985
20292 26434 23093
11267 32248 30533
6517 9130 11281
27551 30996 23679
6419 7071 16808
24894 32151 24922
12796 14362 3011
1816 14314 30053
6948 28428 20721
20521 28937 29190
2615 5308 22948
17877 21661 31253
3349 4780 2191
1901 16093 2935
28318 29831 6815
2948 25001 27870
8878 26024 6750
4320 18294 5849
3888 16673 18414
3895 28960 18320
3755 4697 23360
3137 6964 13726
9080 13558 30356
7945 26838 15730
9767 11470 8605
545 14605 29602
8070 17407 18987
7703 25313 17702
6845 20298 8405
12431 16012 22546
6938 29624 9175
1363 17205 20203
12346 22434 2439
20878 24421 5664
5243 12835 5810
223 31765 7893
21424 22314 3228
6563 16685 11696
5700 8921 21798
10995 20145 20228
10484 23652 11679
15552 28022 14480
18364 28519 21264
8478 13197 1407
3805 4964 32081
18480 23950 8023
11420 18312 28999
4425 5688 1793
6067 7162 6272
16489 28248 20140
10970 17576 27855
3687 31424 26508
690 10158 268
3560 8265 18731
10111 17466 9542
22418 25182 16414
5026 5729 3217
25894 28672 17417
12815 32465 15197
13788 20275 2417
1369 19298 23037
19842 32485 8866
3235 5171 21143
3468 13057 21152
1264 12761 9860
6131 21482 16032
15514 32097 26591
12683 16838 29817
9915 29456 18537
17364 24453 5574
4054 26877 18574
24301 28611 9786
7164 28367 18164
705 9420 4271
28990 31604 6705
9812 30195 8807
22627 25183 4625
17652 28074 3697
19752 24390 21130
8325 12265 13517
7062 27658 22860
4738 7013 15006
11671 22471 11729
3841 17855 20940
3774 23580 27435
22398 30855 19247
2782 32540 24208
2804 21556 4171
5421 24154 24402
8497 11030 9781
3864 12943 1188
21880 32630 14339
4120 29827 15804
3747 20495 12239
3930 25371 7675
6757 21578 16051
2211 22853 11511
4569 7886 20027
22296 24690 13407
16372 20090 25444
24060 28699 32707
8479 29213 20995
2035 2207 11880
21257 31614 28192
12849 30064 25383
17065 27710 24353
17077 20263 5089
319 12312 15364
11883 30551 31081
9168 16360 29074
1489 21925 16515
24323 28733 13863
12328 14242 24314
16782 19366 19360
9259 30238 13264
9249 22239 31628
18207 27470 23576
12547 17278 12945
6484 14184 29960
3058 20313 28988
11299 19949 5847
29841 32053 25699
1317 23231 13729
24724 27033 13751
8989 27678 27800
16291 21646 11088
12217 29347 18534
859 3425 25335
2129 2849 12631
6957 19940 13591
8649 10894 18028
10763 21074 27863
19674 31916 17330
19057 19354 21198
21537 22233 25134
17512 25279 30354
115 9116 6902
6017 16573 6883
8554 32536 13753
14260 25898 13021
6490 8532 4684
703 32099 15175
23043 29348 12536
11488 29611 10413
17676 27172 8075
13885 29681 18810
3339 16381 31117
33 12962 25604
26735 27042 4077
9740 16868 9170
23221 24579 18691
3415 12201 32664
1799 13310 29739
3555 8357 2883
2838 28919 19736
22132 32328 1099
18338 30635 11371
21744 28692 3157
6155 28977 23452
1126 14932 30189
6022 14408 30886
5778 25682 18546
3424 22157 20947
640 27795 18642
10056 28061 21828
17102 18101 26584
25984 28748 16612
2145 24762 4485
7391 20248 13479
29979 32121 17174
19023 22683 4373
24589 29560 15724
24236 29485 32687
13511 20715 27787
9247 23004 23720
15457 26817 6252
1359 4612 24563
1556 32512 18716
20532 24132 2631
5457 15390 7299
22534 22880 28742
934 10654 8940
16961 29421 16589
31359 31766 22021
6854 29583 10031
10689 30142 20020
5014 17078 7925
8875 13437 13611
9172 24723 22344
16729 17994 336
55 2275 13559
10570 19375 31800
23240 26893 2333
10671 20561 24976
7770 10412 12727
1931 14814 25402
294 12247 9652
24098 25600 29112
2328 5234 10038
23019 32466 11078
7208 19745 15634
21421 21473 27648
15925 32091 422
19995 26296 20605
257 27507 25874
1104 18571 30299
18267 24452 15680
5019 32018 3297
9792 30189 16424
403 24244 23238
21524 32366 30627
4387 26349 2282
3691 11584 14898
11520 26677 13322
6607 28896 22396
3252 24365 10923
645 14435 31803
10039 31310 7979
24559 30849 10050
22530 23448 10944
19626 29303 26225
5054 5638 23851
10790 21876 29967
2069 19669 8770
6844 7181 12771
19183 22490 3018
84 29627 9983
1941 9937 11953
16127 24442 971
6913 29526 30258
10204 25876 30077
7241 23415 55
15470 25787 31605
4974 28558 17563
19818 31490 31577
6608 24969 17875
14725 18022 4435
8275 10745 3458
18411 22058 11964
13861 14347 13971
852 6322 4874
4753 10297 10022
5205 15385 5840
1199 17886 1809
2538 12543 8357
8455 19257 13163
4013 30330 12813
6278 14274 10544
21572 30947 21741
25162 28531 14127
16120 21089 20850
621 15198 12210
11760 27475 19277
6284 27949 20561
15330 21037 3516
12067 18937 32169
21441 31316 30840
1249 4199 27406
3909 28070 2068
4533 13605 31044
5240 5404 24463
18164 21371 16536
24659 32149 6138
286 20416 26644
8988 30236 30114
6926 32306 15639
10662 32164 15037
950 4592 22276
5951 14902 9974
7175 30767 14405
9973 19963 1429
7671 20092 14947
7941 9565 10464
17982 20742 941
3395 6754 10399
2396 32463 21191
15394 29559 20689
12240 27929 28435
5511 28809 16330
16923 25666 11207
14073 26484 32628
140 15808 20425
8034 10022 1767
14647 17449 30826
4980 6317 17261
20100 23569 8819
8190 14732 25052
21736 26239 28278
14860 22916 21932
11539 23609 21193
16603 19153 18880
9175 26862 659
26194 29408 16240
11177 13666 25198
30382 31481 19911
7593 12740 7944
23395 27103 2803
2235 21440 13526
1297 25933 22816
6665 27383 7380
31036 32304 28911
8984 13102 15187
10562 31158 17675
2510 24935 13042
17706 32267 16468
5477 23889 24452
20370 25128 26999
6281 24108 5967
17376 27713 67
11889 29811 10360
15132 26663 16927
3098 22085 19686
31256 31436 10820
23808 31826 706
8654 25493 13869
2436 10555 12283
19959 32723 11871
17112 26335 9211
6542 23371 323
5407 29595 16204
1305 7239 2652
21952 25845 30713
15117 25477 20885
23318 30555 31317
1107 26763 4508
10968 14609 8763
7185 15671 32763
3730 19565 2990
8869 25668 1620
8720 28651 9200
14048 19062 12162
3565 26348 30145
28533 31032 29813
5340 8191 10844
16395 17784 19677
10378 27823 18848
5310 23218 2730
5656 17569 28335
8098 16227 27981
6642 31705 15711
13813 25540 3837
13513 31141 2301
11135 24346 19733
12193 28127 23012
21229 30946 32180
27572 28874 26552
15007 24515 28490
4231 5051 4012
15601 21367 30995
1145 16681 23173
23270 28587 28254
1351 17294 26980
20168 29808 30293
19932 27849 10336
13251 27513 22178
12700 23628 15357
1717 28914 8252
510 5950 7509
2788 17936 21428
22104 26333 20328
5294 11676 7581
1600 17945 14276
7366 23009 30651
11315 25111 20542
2312 14924 31819
5736 22054 8517
4821 26516 10271
10972 15915 24159
1406 1609 23321
13062 18902 1326
814 31920 14193
24734 27992 4541
9509 17568 9154
19455 27484 11215
19249 23128 2876
13730 28636 28318
8385 26264 10730
22245 28033 27048
1671 10532 8909
28408 30490 1074
6813 7422 15150
9614 12568 32459
11168 27882 3063
1124 3526 24098
4626 5534 4000
7041 7528 30281
5128 11082 10622
10914 21955 22077
8480 28943 23555
1564 4094 20926
5137 26632 11811
394 20916 15019
26053 26624 29985
1753 11566 5900
16980 20809 8659
16020 19782 30675
3117 17440 24433
12902 14514 22802
1791 23055 12253
13588 24527 28044
1616 28713 24796
5757 8974 32046
18509 21532 997
6891 28072 2867
8987 22010 27647
12023 16309 13243
16551 17497 32470
7213 24637 4588
10340 22811 812
14485 16415 28854
14701 24576 19517
15206 19661 24691
12136 12933 9532
15151 25395 12914
8448 14121 11305
2050 10516 22231
9625 20805 22089
15417 31396 10638
18208 21053 25870
5488 23202 18723
26060 27422 27885
18568 32585 5184
6865 15856 27719
9402 11324 19208
2634 14420 2849
8231 32569 32053
3183 20021 26151
19040 32487 30202
9730 24606 19665
8403 25788 25725
4366 14651 15890
20379 22893 14311
18674 28659 32730
7923 28035 27377
10425 15603 17464
4919 24523 15700
23191 29267 6834
16817 24156 21964
6917 18773 5258
31687 31721 2844
24760 27835 23341
51 6185 15146
14218 19710 5894
4302 31103 2798
4117 29579 32108
20773 27160 7692
6123 24320 18743
17906 21833 20480
331 26944 17166
365 7805 1258
25759 31370 12104
4520 6655 1397
889 28215 14702
11005 18849 11940
20636 24053 15581
11061 21612 16641
19374 22582 21464
20945 27347 5907
9772 16791 25922
17235 21616 28413
20550 24539 4471
2585 25379 29631
28020 32064 17436
8710 15778 29143
5101 27708 8077
7430 18393 17086
14387 26645 31725
15316 28518 12419
14628 14731 9647
3521 15933 22081
12447 16474 19768
4605 5480 28759
9731 32041 16370
21471 25358 23840
13683 32114 32253
18496 30885 6117
18029 23035 1674
10952 18918 18846
1445 14446 31709
11402 13475 11389
2178 26833 31884
17657 27803 27143
7854 22531 30896
350 16409 17607
1231 6622 21267
2480 28635 4979
10016 14150 6618
1960 28401 2057
12131 22204 24263
13584 19589 7043
2637 17384 23390
11581 24674 10859
25685 26093 31379
10890 26019 14088
199 13672 32254
1876 2825 1035
7172 13018 14967
20340 22829 2740
4904 20628 4658
5428 20475 9818
16774 27954 28707
28122 28510 7912
6366 14254 18439
2566 19131 7452
12 9575 20043
26557 32450 31090
5751 12175 11470
2802 7011 24355
4651 19341 31495
12980 15080 25512
21823 30939 6323
21732 32425 1470
8162 26402 17473
15112 23607 22483
24964 30554 801
29269 29745 7660
6687 10840 5041
1257 7844 31944
11932 22518 21658
7417 13850 19482
16624 17047 5375
2287 24097 8804
2 29361 9262
7888 20344 27834
5331 14660 13110
1518 1725 22251
9866 21810 28635
9667 25239 23384
21010 29778 5546
6928 8891 18466
4861 21773 1076
11386 16656 9574
5680 17632 9925
22651 24482 18543
3286 31186 28992
10443 25255 4035
8026 16529 17882
7550 9091 23541
13698 22193 6325
22164 31096 14625
817 30572 7949
4107 4995 9743
18858 19881 28029
4241 28289 9703
1212 14857 2627
15587 28798 27857
18524 22594 21333
3699 21409 23324
22745 24404 20501
4251 18667 27744
1267 4405 8098
24636 25104 14707
7122 16329 22216
24925 25763 543
8882 11097 9546
12930 19769 3002
9776 30130 23216
12280 16346 22490
3470 4356 24341
6025 14798 12594
15691 23578 12809
3890 22751 28683
9370 17236 29043
13627 15447 20754
4258 12747 4793
8747 32223 31833
13684 25568 32235
2187 11268 28198
3773 14251 15156
5895 25750 16172
14748 25647 13056
3726 18692 23334
6971 16933 8680
10317 26213 20181
18423 23413 10874
2400 26217 7550
12617 30138 17619
1869 21318 17953
16599 32385 15946
14858 24730 14897
13579 25150 25705
627 2792 18505
1794 13665 21568
4498 25863 29887
5944 21819 13372
16308 16803 16751
10453 15226 14865
10007 11859 13061
25674 30469 15011
7497 18243 7646
2242 25127 25424
380 20425 7769
20991 24416 850
10475 22501 3507
882 21419 22327
6228 11926 21233
1797 8664 23552
7997 26851 8120
7494 30110 27411
5102 21568 11193
13595 20409 20585
2341 21636 12100
12606 24746 8524
1402 11211 24357
2253 13857 23674
113 10174 28322
13620 17968 16374
74 17548 2813
23173 27609 14462
3377 13116 16826
7148 22827 7400
2407 3276 4225
24683 27184 27677
10813 17310 28382
4913 31814 4823
4402 10676 3003
23670 28433 32656
13883 31410 11424
16704 24077 11651
13825 30231 5444
3799 24604 28544
12578 32427 5769
2662 26590 16216
13840 20052 6563
10480 31002 9085
15942 17036 11195
1156 23739 19538
16866 21857 30397
20189 26334 6755
14688 20149 15088
16157 20067 11226
31060 31531 4474
12149 17848 2598
26233 32384 32589
13945 30035 22317
14327 30257 23899
16033 21594 22984
5898 19268 13778
3191 17021 23936
21970 32752 11216
324 12927 21624
12705 30246 9432
5124 8038 18502
1878 7757 15441
23443 31589 22717
5362 11838 18500
2966 28670 25740
15436 28194 10455
5576 25148 11497
5887 17687 25720
23767 30506 30414
22401 29221 14257
14601 18656 12103
3663 11586 22279
4601 18473 22909
7795 18173 4522
20639 24191 5096
13063 26303 27942
5377 26921 20694
1427 2344 15876
12524 13366 19722
152 20203 1391
7615 29845 17602
16618 19836 29462
699 25592 24847
413 14864 20656
6107 25240 9934
381 18300 24528
5341 15176 15901
4941 21930 8185
5891 21900 16982
19778 25520 31143
29256 31741 7623
3080 28811 5332
2340 32337 15181
10782 30306 21906
16755 19944 16916
5013 7373 290
9466 10108 15846
10493 15396 9208
3466 6008 31085
10089 23561 12342
13111 22700 21100
1009 24815 1559
4871 13193 9771
6465 30438 22828
12964 19393 5062
16186 29448 6423
15746 28856 7739
10488 16275 12584
27189 31426 12411
19965 26384 26157
10130 28665 6921
2738 25847 30244
8666 29991 30076
1886 26844 31756
5742 15756 2513
2650 27837 31020
18513 25367 26182
9680 20276 28746
13854 16658 20913
522 772 244
14739 28064 9350
4050 25318 21474
937 10015 23599
18314 29706 6939
25932 30150 23026
7971 11766 30458
4611 20354 21435
24483 31843 14329
13499 28956 8487
14956 26275 8743
780 27983 2775
11351 27339 16179
16851 19667 10928
18497 32274 8479
12676 18971 29417
16089 23847 1455
5993 27682 17496
21666 23875 5245
16469 16666 17564
14684 17098 2230
8595 30693 31641
6712 24052 3885
8961 17151 11961
26393 27961 10320
28912 29815 32106
13538 15102 873
23282 30205 13020
13705 32116 230
5873 21426 26547
9 5771 23291
24197 28746 6981
120 5880 30809
9856 24305 10721
15022 32386 9796
1825 32322 11712
15357 27511 30154
14970 17780 31840
7811 13563 23228
12425 26744 178
7093 14447 23105
3419 16876 28005
13417 27335 10624
26985 30365 28069
7661 20754 9159
21552 32396 5861
3353 29045 8008
5586 19542 5410
1993 25414 3577
647 9970 14117
6499 24874 6493
8386 31878 21866
2487 8702 22187
17655 31725 10946
18992 22990 2802
447 26182 10614
21103 30016 24946
5122 25221 28404
19841 31130 21956
22097 24828 2026
21207 25121 22349
6888 22043 13175
10017 23058 32059
17647 28047 12159
10355 21949 15636
3067 22499 19520
9238 12693 4173
9301 29480 27146
1219 27214 2996
15083 28889 25586
19773 21126 31604
1821 16698 22058
7526 16103 26993
27988 32368 17730
8290 29083 27958
424 29863 28492
19507 21038 15548
4037 26438 9622
13732 14085 2388
958 26509 28015
9593 13647 24828
1783 22733 28142
8981 12493 14746
3164 11604 7851
23871 29339 22703
855 12377 24858
14779 20433 32025
12707 21096 2168
2986 22385 30604
7441 9655 15955
5383 10482 25736
215 16940 7005
1772 2327 30574
2466 13080 20731
6578 25829 30915
22015 30952 14474
1420 3234 29836
26342 28802 19627
448 26158 15987
2383 12400 1956
1607 13493 12255
8838 15483 26524
10736 32100 25260
18932 24262 26712
6329 13875 16529
8587 13087 3789
14354 27630 16354
9510 22615 8768
11473 12908 15998
19461 20517 9604
16886 19447 13121
10974 12863 11370
6744 29775 12768
2181 30590 5791
20966 30304 28452
23160 30514 4153
1358 31351 8761
72 17292 19624
8167 9634 32681
6999 23793 24070
10470 27814 2868
26630 28269 3226
12742 24054 7292
18388 23735 17015
26059 29859 24064
12325 30561 22214
2402 8379 26266
28641 30229 19204
13120 18441 15081
7010 9608 16841
14885 18631 25734
14751 25729 25230
4525 22400 15695
24007 28496 28824
9236 13085 21009
4754 25914 1848
22982 31692 25753
12036 22412 22362
7611 24306 32405
1073 9811 14676
11356 20843 24966
20996 29015 9229
22755 26298 30919
21069 25989 4552
5249 6574 6526
11938 26966 4951
12877 25575 12137
24688 31524 17516
11143 15095 18885
13689 25683 14547
19439 25816 15608
2730 16378 1799
22258 27982 3792
16700 17495 14687
23089 25064 26171
5982 11089 20400
9167 30704 26331
13350 15312 26992
12847 23910 4953
22160 32541 16056
2540 13507 14612
23319 32555 23907
6470 28082 19489
12340 23051 2445
7026 32432 30013
4910 9666 16531
15197 18968 15965
10592 12631 1918
8284 12405 20953
18389 25747 16150
10397 29279 3866
1453 16608 11615
16684 27844 10370
28369 31278 28927
1339 5357 22912
6910 25993 16670
2659 10993 16926
8566 21377 10999
6995 14812 29024
16650 29292 14681
1101 28639 22156
902 8618 20457
23790 26740 8528
17661 29479 1685
3520 19006 1208
11911 16746 25456
1798 11155 5195
29520 29618 26554
10282 24772 6904
10927 16956 22023
12178 24557 20454
3138 28212 30455
12503 31579 20432
10049 29275 16676
17066 19339 20347
18779 26211 29061
9222 32210 6169
25703 28213 13222
12715 28304 12686
11651 11967 8672
22368 22697 9946
15349 28911 28443
798 10256 14270
16376 21153 22413
130 28875 7029
18610 31059 31645
15759 19360 3313
5235 13515 20702
16171 32554 16563
3722 4408 25647
6777 11906 28084
24984 26843 29591
16069 21454 30949
4382 11532 23045
6054 18401 31659
792 1259 22924
5635 6001 21216
14883 20095 14219
14227 18555 20131
668 29063 20040
9362 23426 8501
25608 32253 2825
1669 15566 8901
11807 26723 32543
5526 26813 1884
7453 11680 20981
6271 15972 7991
8770 9015 7875
1719 13414 11716
17977 28650 10385
8804 12530 27608
12714 13126 6517
27919 28520 14433
5273 28684 3107
7329 24092 16062
4799 21972 30079
4215 19476 4267
15139 19319 28774
27706 29949 15582
26150 30995 6568
9826 13540 22019
5784 30431 29349
3284 23349 13398
4421 24362 15447
9328 16726 24385
14910 16554 4207
21417 26728 28333
20225 28268 20279
10096 26947 19227
10164 28597 31205
17934 19273 27790
17504 27121 2070
7866 22000 25630
3327 26176 304
9055 17279 20558
14991 30769 9321
18579 30173 8932
21591 28457 10080
13687 16848 29114
9582 31747 28839
7267 22377 5166
9727 29988 6907
16077 21779 29353
10724 29024 1300
10214 30157 31670
19680 26466 15062
22152 26389 21541
18002 23060 9447
7135 8626 6576
9281 13582 5814
12336 19030 3796
12384 29698 12241
11601 15086 21960
20893 26713 26616
1278 30596 452
19539 29226 27563
6320 12468 12322
16834 32024 19457
18699 25381 24730
9042 32558 1749
5028 14584 16568
10578 10753 21479
20778 24867 13839
17141 29370 351
28750 30117 14737
17273 26313 12859
20023 29368 16811
22380 30871 23276
18514 19017 10963
4346 10179 12782
8451 20944 24906
17900 28249 25543
592 13328 2211
5963 28783 18029
4308 28881 10992
19252 20118 8297
12973 24122 17294
3169 7099 20386
17101 19581 1033
13208 17537 2407
5288 12899 8778
5606 18891 6181
10249 22854 17690
28844 31581 4518
14498 15388 302
9275 29041 6369
22311 26680 27754
19234 28354 3253
2385 12620 27055
13254 19238 19470
28409 30102 16201
20022 31326 4066
12514 12611 18797
3307 15886 23114
1460 2291 21054
10461 23012 3965
14945 17578 15268
6263 12687 15418
4344 16080 24084
62 21452 14185
2541 31008 29972
1290 17728 16905
14298 27136 7856
12944 22797 4453
2785 30511 27797
2371 20874 25417
15323 18719 4583
13649 30499 24844
26055 27516 17854
2664 28996 7060
3497 28894 15956
20732 30099 4672
11959 13151 15856
3407 6968 26981
4380 10444 30739
17124 23266 7028
25522 27064 30600
22119 24424 4537
18575 20509 29397
13501 28458 22404
1166 31357 1689
9313 15762 24292
7002 16387 27894
11702 19368 16509
21639 29455 15258
24856 30446 200
101 18895 642
5079 23215 10465
11848 26322 27338
8130 16546 29348
2945 9180 26533
1749 13329 4251
5988 11250 30711
5783 18696 4212
13983 31065 15617
4014 27374 28826
8473 25947 25816
4475 20407 27633
793 1777 59
5004 15468 2760
21011 31611 23596
19244 22729 5955
7271 26716 136
1254 24547 12808
1848 24929 7294
3509 28678 4967
8510 10265 3651
24560 30783 243
13754 17634 10866
29980 30318 16321
23949 27215 9888
16639 18939 27184
16960 17989 29731
3584 19784 22811
2362 9570 26539
12858 26727 13378
17341 26788 22829
26915 29200 8053
18650 28484 9987
2488 7182 17987
11199 22689 23821
12804 26181 21225
18195 24883 13647
25398 28765 25573
6534 17418 2258
14197 30482 5942
20990 27386 1404
6183 10263 27351
2806 26664 7194
10122 18642 4971
8671 21031 19507
10196 21391 30318
7542 8187 32309
2453 24680 17038
6684 16903 11363
9783 28846 11670
24252 31791 9222
14997 20559 2832
3102 24870 5753
12780 24115 25837
7131 8043 5347
2990 31595 24816
24522 29768 15808
21224 23467 3222
15704 23507 18754
2372 25794 25535
993 11428 4504
13580 19029 24151
18155 19861 7150
388 15978 29477
10747 11095 6638
2600 28773 22534
1767 31983 10816
3430 32142 24896
1228 11542 21807
7602 25264 5441
13839 24978 8570
6661 16161 5394
28118 30137 908
27309 28279 30798
18040 31879 29679
15801 27763 27426
7364 12086 10611
24658 30419 25057
8042 12819 14527
3437 4358 21490
10315 16959 27047
297 25039 10754
30136 30772 26634
3267 5386 13810
4802 23776 24370
17846 23384 213
19512 21570 24310
19703 23679 29939
16286 28456 9834
21998 29020 10644
25259 27645 16335
304 21811 18257
5496 26874 9722
2002 8625 30298
13990 17865 7054
9883 17712 17405
23869 24086 11328
6016 14259 188
7212 29760 20372
6352 30522 19442
13388 32032 26546
7258 8464 8899
15239 19160 9549
755 11613 13571
7931 8422 15411
19934 23566 9855
8790 18298 10212
12612 22161 2113
5815 19382 27027
10941 22783 12093
25072 25657 20476
14737 25269 9089
2895 5546 2765
17532 17963 20508
3942 29864 28293
12526 13182 9802
23385 27147 15165
23034 26801 15236
23446 24684 1717
7423 30808 25149
22777 27376 2931
2264 9482 29903
6269 16136 10507
1122 27703 21378
6343 11227 24058
14992 16341 32014
11255 26926 26466
6856 9201 19894
873 3158 23400
12691 22517 21016
11494 20042 26426
7152 31870 23251
8957 19715 23124
5177 31715 19646
22209 23244 5554
8569 14949 6846
15695 30502 25084
2983 10936 16125
1599 8296 9080
7779 22131 7266
26107 31519 22182
768 31330 31529
11467 19709 2918
10052 11146 27087
10441 21822 29719
2744 10156 29763
16913 20764 31510
6369 13028 9266
19561 31181 9264
10526 28781 2550
19625 19846 19900
8105 27360 10475
13836 28071 31780
6270 22966 9243
7764 7777 4305
23314 23846 9143
2745 29158 32601
23720 29902 30252
28522 31211 16659
2018 30521 27467
3913 24159 31466
22856 31727 111
2353 12725 15892
9252 11081 18116
14042 28994 60
14645 19000 21707
3051 23095 9587
5398 24891 3605
15430 17594 13668
1936 29588 314
4084 8797 15682
14529 22416 10325
14490 29239 15463
8545 24102 3094
14324 28121 24537
1758 14402 1546
2677 25070 12510
1186 29188 475
6138 14355 28629
20637 25545 28894
5557 13335 3964
21213 32430 22149
16253 22520 21751
6360 8340 24782
5899 17064 6035
4896 13755 11891
4514 28431 14470
3291 26294 605
6370 16899 1894
8647 22929 12067
27289 31642 16358
15855 31545 7256
5789 24436 6448
11026 31998 4938
9419 31302 3216
13428 27261 17905
24715 26196 6411
6866 28871 21014
4539 18874 23058
747 31003 28199
2604 28015 17336
3015 10349 22787
2618 22744 16807
5754 7908 28790
19908 31515 28108
25871 32147 16891
2743 32636 15667
23336 23856 26595
6245 18750 17779
290 22438 1907
18277 24040 31139
2614 27131 10901
18304 23279 5683
12724 15321 5939
12260 29677 3245
10280 27008 8830
12077 29132 29547
3464 14897 12973
6840 26308 9142
3778 9127 9293
4410 29357 24562
1994 10975 26249
15261 16741 20670
19748 23964 19153
27895 29391 20724
3523 17653 23340
8837 28690 7252
4727 8313 10598
622 21625 29463
3939 18962 5754
6065 17971 10183
28503 32642 24718
17272 27298 19170
14775 16771 23048
14092 18481 5725
20323 31547 4482
5282 12865 7797
23976 29084 28733
2047 4660 1308
2228 27717 28776
8107 14393 3592
22347 25322 29467
17452 21279 14482
30529 31832 31569
915 12315 4250
4965 25877 20570
9692 28864 3067
8055 24018 1469
3106 4204 14073
2311 26018 23301
7704 20303 27516
7981 20176 5975
10041 28901 6183
9468 18864 18002
12432 17093 2111
9341 24385 28993
12061 22533 21689
10535 10717 9286
27780 31951 18884
7349 14671 12811
2709 31601 18544
22848 23792 31485
5845 9282 2743
16703 23903 8583
6526 29424 19218
13325 27288 9582
196 20119 4348
10342 31069 8457
4508 8919 12615
13549 23238 7695
5209 17460 4048
9814 29478 32362
10311 31062 8990
21161 22716 16646
7739 27598 10309
10093 30868 22601
27197 28055 2132
9383 23897 29129
23141 31403 25925
12596 25785 17573
23807 32599 25576
2256 5213 1144
22062 30975 9437
1102 24869 28901
2010 27413 19579
13586 18527 27244
13154 27156 26563
2206 24004 9420
8184 14456 24538
2965 12266 13141
4422 13211 401
31713 32743 31690
4774 20483 23508
1985 7610 12559
14458 15685 20126
765 26508 20260
9052 14721 1655
7048 21985 14755
6176 9158 3496
15223 20538 14131
46 14213 13267
17980 23174 8514
13159 19119 20581
5507 24387 24226
5073 18251 27941
14729 32577 4544
29195 30546 6210
15926 29153 8341
838 23073 10562
4577 28689 3307
10832 15646 7450
2780 8228 31069
3598 29900 513
2976 15604 19927
26638 28660 7222
12582 17105 24970
7504 29744 22382
4928 13780 22847
325 2980 23877
4059 29749 26853
3363 13603 11911
18316 23178 23902
10175 12391 3772
9665 18403 23286
5968 26007 13975
10644 18786 27587
8441 17868 21735
12150 22436 3318
3325 13860 18174
12269 19402 5771
16417 29527 2354
2059 31716 645
4532 12169 2385
22658 24566 6746
15983 18687 21607
1928 1988 30136
2850 28216 21352
20789 26225 1665
28168 32498 16217
20508 31308 3582
10384 14431 22565
7964 18511 24137
153 21281 18390
27480 27675 14833
1113 9321 22918
8788 30109 30058
11189 26958 6249
4542 23955 23606
1276 13380 22586
7442 14084 13368
23075 31341 29449
18605 31746 11313
12660 16053 1289
3631 14648 3362
11157 15391 28705
9051 15033 4382
17091 19207 10664
10884 29506 6966
6932 13299 4350
13862 32757 1731
2038 27705 17852
810 2714 4178
4672 4923 24981
17323 20854 19052
14004 15070 23573
10361 14753 2694
19734 20462 8126
3733 30591 8833
14741 20566 7034
14557 26385 32301
7420 25347 5014
2911 4711 867
10744 14969 31059
31126 31177 28431
17353 26372 13625
13747 21728 3153
4353 26309 5646
6567 31172 12788
21795 29828 26526
7623 14326 29676
25262 26075 25423
9213 22264 3750
5483 15675 25451
5931 32606 25227
10886 21509 20490
944 22504 19608
26000 30669 8575
22648 31133 21857
