stage,mode,n,seed,shuffle_labels,shuffle_queries,gen_ok,solver_rc,timed_out,val_ok,sec,rss_kb,case_dir
correctness_fuzz,comb_rect_dense,64,1,0,0,1,0,0,1,0.516530,1856,/Users/free_1/Library/Mobile Documents/iCloud~md~obsidian/Documents/cpp-checker/branch_3/artifacts/lca_tree_stress_v5/strong_gate_cf_exact_check_v3/runs/correctness_fuzz/comb_rect_dense/n64/seed1_L0_Q0
correctness_fuzz,comb_rect_dense,64,1,0,1,1,0,0,1,0.012527,1856,/Users/free_1/Library/Mobile Documents/iCloud~md~obsidian/Documents/cpp-checker/branch_3/artifacts/lca_tree_stress_v5/strong_gate_cf_exact_check_v3/runs/correctness_fuzz/comb_rect_dense/n64/seed1_L0_Q1
correctness_fuzz,comb_rect_dense,64,1,1,0,1,0,0,1,0.012570,1856,/Users/free_1/Library/Mobile Documents/iCloud~md~obsidian/Documents/cpp-checker/branch_3/artifacts/lca_tree_stress_v5/strong_gate_cf_exact_check_v3/runs/correctness_fuzz/comb_rect_dense/n64/seed1_L1_Q0
correctness_fuzz,comb_rect_dense,64,1,1,1,1,0,0,1,0.012582,1856,/Users/free_1/Library/Mobile Documents/iCloud~md~obsidian/Documents/cpp-checker/branch_3/artifacts/lca_tree_stress_v5/strong_gate_cf_exact_check_v3/runs/correctness_fuzz/comb_rect_dense/n64/seed1_L1_Q1
correctness_fuzz,comb_rect_dense,64,2,0,0,1,0,0,1,0.012567,1856,/Users/free_1/Library/Mobile Documents/iCloud~md~obsidian/Documents/cpp-checker/branch_3/artifacts/lca_tree_stress_v5/strong_gate_cf_exact_check_v3/runs/correctness_fuzz/comb_rect_dense/n64/seed2_L0_Q0
correctness_fuzz,comb_rect_dense,64,2,0,1,1,0,0,1,0.012581,1872,/Users/free_1/Library/Mobile Documents/iCloud~md~obsidian/Documents/cpp-checker/branch_3/artifacts/lca_tree_stress_v5/strong_gate_cf_exact_check_v3/runs/correctness_fuzz/comb_rect_dense/n64/seed2_L0_Q1
correctness_fuzz,comb_rect_dense,64,2,1,0,1,0,0,1,0.011847,1888,/Users/free_1/Library/Mobile Documents/iCloud~md~obsidian/Documents/cpp-checker/branch_3/artifacts/lca_tree_stress_v5/strong_gate_cf_exact_check_v3/runs/correctness_fuzz/comb_rect_dense/n64/seed2_L1_Q0
correctness_fuzz,comb_rect_dense,64,2,1,1,1,0,0,1,0.012570,1872,/Users/free_1/Library/Mobile Documents/iCloud~md~obsidian/Documents/cpp-checker/branch_3/artifacts/lca_tree_stress_v5/strong_gate_cf_exact_check_v3/runs/correctness_fuzz/comb_rect_dense/n64/seed2_L1_Q1
correctness_fuzz,comb_rect_dense,64,3,0,0,1,0,0,1,0.012569,1904,/Users/free_1/Library/Mobile Documents/iCloud~md~obsidian/Documents/cpp-checker/branch_3/artifacts/lca_tree_stress_v5/strong_gate_cf_exact_check_v3/runs/correctness_fuzz/comb_rect_dense/n64/seed3_L0_Q0
correctness_fuzz,comb_rect_dense,64,3,0,1,1,0,0,1,0.012569,1872,/Users/free_1/Library/Mobile Documents/iCloud~md~obsidian/Documents/cpp-checker/branch_3/artifacts/lca_tree_stress_v5/strong_gate_cf_exact_check_v3/runs/correctness_fuzz/comb_rect_dense/n64/seed3_L0_Q1
correctness_fuzz,comb_rect_dense,64,3,1,0,1,0,0,1,0.012574,1872,/Users/free_1/Library/Mobile Documents/iCloud~md~obsidian/Documents/cpp-checker/branch_3/artifacts/lca_tree_stress_v5/strong_gate_cf_exact_check_v3/runs/correctness_fuzz/comb_rect_dense/n64/seed3_L1_Q0
correctness_fuzz,comb_rect_dense,64,3,1,1,1,0,0,1,0.011264,1904,/Users/free_1/Library/Mobile Documents/iCloud~md~obsidian/Documents/cpp-checker/branch_3/artifacts/lca_tree_stress_v5/strong_gate_cf_exact_check_v3/runs/correctness_fuzz/comb_rect_dense/n64/seed3_L1_Q1
correctness_fuzz,comb_rect_dense,64,4,0,0,1,0,0,1,0.012569,1920,/Users/free_1/Library/Mobile Documents/iCloud~md~obsidian/Documents/cpp-checker/branch_3/artifacts/lca_tree_stress_v5/strong_gate_cf_exact_check_v3/runs/correctness_fuzz/comb_rect_dense/n64/seed4_L0_Q0
correctness_fuzz,comb_rect_dense,64,4,0,1,1,0,0,1,0.011889,1856,/Users/free_1/Library/Mobile Documents/iCloud~md~obsidian/Documents/cpp-checker/branch_3/artifacts/lca_tree_stress_v5/strong_gate_cf_exact_check_v3/runs/correctness_fuzz/comb_rect_dense/n64/seed4_L0_Q1
correctness_fuzz,comb_rect_dense,64,4,1,0,1,0,0,1,0.012566,1904,/Users/free_1/Library/Mobile Documents/iCloud~md~obsidian/Documents/cpp-checker/branch_3/artifacts/lca_tree_stress_v5/strong_gate_cf_exact_check_v3/runs/correctness_fuzz/comb_rect_dense/n64/seed4_L1_Q0
correctness_fuzz,comb_rect_dense,64,4,1,1,1,0,0,1,0.012586,1888,/Users/free_1/Library/Mobile Documents/iCloud~md~obsidian/Documents/cpp-checker/branch_3/artifacts/lca_tree_stress_v5/strong_gate_cf_exact_check_v3/runs/correctness_fuzz/comb_rect_dense/n64/seed4_L1_Q1
correctness_fuzz,comb_rect_dense,64,5,0,0,1,0,0,1,0.010462,1920,/Users/free_1/Library/Mobile Documents/iCloud~md~obsidian/Documents/cpp-checker/branch_3/artifacts/lca_tree_stress_v5/strong_gate_cf_exact_check_v3/runs/correctness_fuzz/comb_rect_dense/n64/seed5_L0_Q0
correctness_fuzz,comb_rect_dense,64,5,0,1,1,0,0,1,0.012585,1936,/Users/free_1/Library/Mobile Documents/iCloud~md~obsidian/Documents/cpp-checker/branch_3/artifacts/lca_tree_stress_v5/strong_gate_cf_exact_check_v3/runs/correctness_fuzz/comb_rect_dense/n64/seed5_L0_Q1
correctness_fuzz,comb_rect_dense,64,5,1,0,1,0,0,1,0.012139,1920,/Users/free_1/Library/Mobile Documents/iCloud~md~obsidian/Documents/cpp-checker/branch_3/artifacts/lca_tree_stress_v5/strong_gate_cf_exact_check_v3/runs/correctness_fuzz/comb_rect_dense/n64/seed5_L1_Q0
correctness_fuzz,comb_rect_dense,64,5,1,1,1,0,0,1,0.012574,1872,/Users/free_1/Library/Mobile Documents/iCloud~md~obsidian/Documents/cpp-checker/branch_3/artifacts/lca_tree_stress_v5/strong_gate_cf_exact_check_v3/runs/correctness_fuzz/comb_rect_dense/n64/seed5_L1_Q1
correctness_fuzz,comb_rect_dense,128,1,0,0,1,0,0,1,0.010295,2912,/Users/free_1/Library/Mobile Documents/iCloud~md~obsidian/Documents/cpp-checker/branch_3/artifacts/lca_tree_stress_v5/strong_gate_cf_exact_check_v3/runs/correctness_fuzz/comb_rect_dense/n128/seed1_L0_Q0
correctness_fuzz,comb_rect_dense,128,1,0,1,1,0,0,1,0.012579,2896,/Users/free_1/Library/Mobile Documents/iCloud~md~obsidian/Documents/cpp-checker/branch_3/artifacts/lca_tree_stress_v5/strong_gate_cf_exact_check_v3/runs/correctness_fuzz/comb_rect_dense/n128/seed1_L0_Q1
correctness_fuzz,comb_rect_dense,128,1,1,0,1,0,0,1,0.012543,2896,/Users/free_1/Library/Mobile Documents/iCloud~md~obsidian/Documents/cpp-checker/branch_3/artifacts/lca_tree_stress_v5/strong_gate_cf_exact_check_v3/runs/correctness_fuzz/comb_rect_dense/n128/seed1_L1_Q0
correctness_fuzz,comb_rect_dense,128,1,1,1,1,0,0,1,0.012597,2880,/Users/free_1/Library/Mobile Documents/iCloud~md~obsidian/Documents/cpp-checker/branch_3/artifacts/lca_tree_stress_v5/strong_gate_cf_exact_check_v3/runs/correctness_fuzz/comb_rect_dense/n128/seed1_L1_Q1
correctness_fuzz,comb_rect_dense,128,2,0,0,1,0,0,1,0.012584,2912,/Users/free_1/Library/Mobile Documents/iCloud~md~obsidian/Documents/cpp-checker/branch_3/artifacts/lca_tree_stress_v5/strong_gate_cf_exact_check_v3/runs/correctness_fuzz/comb_rect_dense/n128/seed2_L0_Q0
correctness_fuzz,comb_rect_dense,128,2,0,1,1,0,0,1,0.012589,2944,/Users/free_1/Library/Mobile Documents/iCloud~md~obsidian/Documents/cpp-checker/branch_3/artifacts/lca_tree_stress_v5/strong_gate_cf_exact_check_v3/runs/correctness_fuzz/comb_rect_dense/n128/seed2_L0_Q1
correctness_fuzz,comb_rect_dense,128,2,1,0,1,0,0,1,0.012582,2912,/Users/free_1/Library/Mobile Documents/iCloud~md~obsidian/Documents/cpp-checker/branch_3/artifacts/lca_tree_stress_v5/strong_gate_cf_exact_check_v3/runs/correctness_fuzz/comb_rect_dense/n128/seed2_L1_Q0
correctness_fuzz,comb_rect_dense,128,2,1,1,1,0,0,1,0.012588,2960,/Users/free_1/Library/Mobile Documents/iCloud~md~obsidian/Documents/cpp-checker/branch_3/artifacts/lca_tree_stress_v5/strong_gate_cf_exact_check_v3/runs/correctness_fuzz/comb_rect_dense/n128/seed2_L1_Q1
correctness_fuzz,comb_rect_dense,128,3,0,0,1,0,0,1,0.010359,2928,/Users/free_1/Library/Mobile Documents/iCloud~md~obsidian/Documents/cpp-checker/branch_3/artifacts/lca_tree_stress_v5/strong_gate_cf_exact_check_v3/runs/correctness_fuzz/comb_rect_dense/n128/seed3_L0_Q0
correctness_fuzz,comb_rect_dense,128,3,0,1,1,0,0,1,0.012583,2880,/Users/free_1/Library/Mobile Documents/iCloud~md~obsidian/Documents/cpp-checker/branch_3/artifacts/lca_tree_stress_v5/strong_gate_cf_exact_check_v3/runs/correctness_fuzz/comb_rect_dense/n128/seed3_L0_Q1
correctness_fuzz,comb_rect_dense,128,3,1,0,1,0,0,1,0.012585,2912,/Users/free_1/Library/Mobile Documents/iCloud~md~obsidian/Documents/cpp-checker/branch_3/artifacts/lca_tree_stress_v5/strong_gate_cf_exact_check_v3/runs/correctness_fuzz/comb_rect_dense/n128/seed3_L1_Q0
correctness_fuzz,comb_rect_dense,128,3,1,1,1,0,0,1,0.012596,2928,/Users/free_1/Library/Mobile Documents/iCloud~md~obsidian/Documents/cpp-checker/branch_3/artifacts/lca_tree_stress_v5/strong_gate_cf_exact_check_v3/runs/correctness_fuzz/comb_rect_dense/n128/seed3_L1_Q1
correctness_fuzz,comb_rect_dense,128,4,0,0,1,0,0,1,0.012549,2928,/Users/free_1/Library/Mobile Documents/iCloud~md~obsidian/Documents/cpp-checker/branch_3/artifacts/lca_tree_stress_v5/strong_gate_cf_exact_check_v3/runs/correctness_fuzz/comb_rect_dense/n128/seed4_L0_Q0
correctness_fuzz,comb_rect_dense,128,4,0,1,1,0,0,1,0.012577,2912,/Users/free_1/Library/Mobile Documents/iCloud~md~obsidian/Documents/cpp-checker/branch_3/artifacts/lca_tree_stress_v5/strong_gate_cf_exact_check_v3/runs/correctness_fuzz/comb_rect_dense/n128/seed4_L0_Q1
correctness_fuzz,comb_rect_dense,128,4,1,0,1,0,0,1,0.012497,2880,/Users/free_1/Library/Mobile Documents/iCloud~md~obsidian/Documents/cpp-checker/branch_3/artifacts/lca_tree_stress_v5/strong_gate_cf_exact_check_v3/runs/correctness_fuzz/comb_rect_dense/n128/seed4_L1_Q0
correctness_fuzz,comb_rect_dense,128,4,1,1,1,0,0,1,0.012587,2864,/Users/free_1/Library/Mobile Documents/iCloud~md~obsidian/Documents/cpp-checker/branch_3/artifacts/lca_tree_stress_v5/strong_gate_cf_exact_check_v3/runs/correctness_fuzz/comb_rect_dense/n128/seed4_L1_Q1
correctness_fuzz,comb_rect_dense,128,5,0,0,1,0,0,1,0.010282,2928,/Users/free_1/Library/Mobile Documents/iCloud~md~obsidian/Documents/cpp-checker/branch_3/artifacts/lca_tree_stress_v5/strong_gate_cf_exact_check_v3/runs/correctness_fuzz/comb_rect_dense/n128/seed5_L0_Q0
correctness_fuzz,comb_rect_dense,128,5,0,1,1,0,0,1,0.012570,2864,/Users/free_1/Library/Mobile Documents/iCloud~md~obsidian/Documents/cpp-checker/branch_3/artifacts/lca_tree_stress_v5/strong_gate_cf_exact_check_v3/runs/correctness_fuzz/comb_rect_dense/n128/seed5_L0_Q1
correctness_fuzz,comb_rect_dense,128,5,1,0,1,0,0,1,0.010277,2896,/Users/free_1/Library/Mobile Documents/iCloud~md~obsidian/Documents/cpp-checker/branch_3/artifacts/lca_tree_stress_v5/strong_gate_cf_exact_check_v3/runs/correctness_fuzz/comb_rect_dense/n128/seed5_L1_Q0
correctness_fuzz,comb_rect_dense,128,5,1,1,1,0,0,1,0.012572,2928,/Users/free_1/Library/Mobile Documents/iCloud~md~obsidian/Documents/cpp-checker/branch_3/artifacts/lca_tree_stress_v5/strong_gate_cf_exact_check_v3/runs/correctness_fuzz/comb_rect_dense/n128/seed5_L1_Q1
correctness_fuzz,comb_rect_dense,256,1,0,0,1,0,0,1,0.034163,6336,/Users/free_1/Library/Mobile Documents/iCloud~md~obsidian/Documents/cpp-checker/branch_3/artifacts/lca_tree_stress_v5/strong_gate_cf_exact_check_v3/runs/correctness_fuzz/comb_rect_dense/n256/seed1_L0_Q0
correctness_fuzz,comb_rect_dense,256,1,0,1,1,0,0,1,0.034476,6432,/Users/free_1/Library/Mobile Documents/iCloud~md~obsidian/Documents/cpp-checker/branch_3/artifacts/lca_tree_stress_v5/strong_gate_cf_exact_check_v3/runs/correctness_fuzz/comb_rect_dense/n256/seed1_L0_Q1
correctness_fuzz,comb_rect_dense,256,1,1,0,1,0,0,1,0.036811,6352,/Users/free_1/Library/Mobile Documents/iCloud~md~obsidian/Documents/cpp-checker/branch_3/artifacts/lca_tree_stress_v5/strong_gate_cf_exact_check_v3/runs/correctness_fuzz/comb_rect_dense/n256/seed1_L1_Q0
correctness_fuzz,comb_rect_dense,256,1,1,1,1,0,0,1,0.036116,6352,/Users/free_1/Library/Mobile Documents/iCloud~md~obsidian/Documents/cpp-checker/branch_3/artifacts/lca_tree_stress_v5/strong_gate_cf_exact_check_v3/runs/correctness_fuzz/comb_rect_dense/n256/seed1_L1_Q1
correctness_fuzz,comb_rect_dense,256,2,0,0,1,0,0,1,0.037710,6384,/Users/free_1/Library/Mobile Documents/iCloud~md~obsidian/Documents/cpp-checker/branch_3/artifacts/lca_tree_stress_v5/strong_gate_cf_exact_check_v3/runs/correctness_fuzz/comb_rect_dense/n256/seed2_L0_Q0
correctness_fuzz,comb_rect_dense,256,2,0,1,1,0,0,1,0.035277,6352,/Users/free_1/Library/Mobile Documents/iCloud~md~obsidian/Documents/cpp-checker/branch_3/artifacts/lca_tree_stress_v5/strong_gate_cf_exact_check_v3/runs/correctness_fuzz/comb_rect_dense/n256/seed2_L0_Q1
correctness_fuzz,comb_rect_dense,256,2,1,0,1,0,0,1,0.037615,6288,/Users/free_1/Library/Mobile Documents/iCloud~md~obsidian/Documents/cpp-checker/branch_3/artifacts/lca_tree_stress_v5/strong_gate_cf_exact_check_v3/runs/correctness_fuzz/comb_rect_dense/n256/seed2_L1_Q0
correctness_fuzz,comb_rect_dense,256,2,1,1,1,0,0,1,0.037340,6384,/Users/free_1/Library/Mobile Documents/iCloud~md~obsidian/Documents/cpp-checker/branch_3/artifacts/lca_tree_stress_v5/strong_gate_cf_exact_check_v3/runs/correctness_fuzz/comb_rect_dense/n256/seed2_L1_Q1
correctness_fuzz,comb_rect_dense,256,3,0,0,1,0,0,1,0.035329,6384,/Users/free_1/Library/Mobile Documents/iCloud~md~obsidian/Documents/cpp-checker/branch_3/artifacts/lca_tree_stress_v5/strong_gate_cf_exact_check_v3/runs/correctness_fuzz/comb_rect_dense/n256/seed3_L0_Q0
correctness_fuzz,comb_rect_dense,256,3,0,1,1,0,0,1,0.032990,6384,/Users/free_1/Library/Mobile Documents/iCloud~md~obsidian/Documents/cpp-checker/branch_3/artifacts/lca_tree_stress_v5/strong_gate_cf_exact_check_v3/runs/correctness_fuzz/comb_rect_dense/n256/seed3_L0_Q1
correctness_fuzz,comb_rect_dense,256,3,1,0,1,0,0,1,0.035294,6304,/Users/free_1/Library/Mobile Documents/iCloud~md~obsidian/Documents/cpp-checker/branch_3/artifacts/lca_tree_stress_v5/strong_gate_cf_exact_check_v3/runs/correctness_fuzz/comb_rect_dense/n256/seed3_L1_Q0
correctness_fuzz,comb_rect_dense,256,3,1,1,1,0,0,1,0.035978,6352,/Users/free_1/Library/Mobile Documents/iCloud~md~obsidian/Documents/cpp-checker/branch_3/artifacts/lca_tree_stress_v5/strong_gate_cf_exact_check_v3/runs/correctness_fuzz/comb_rect_dense/n256/seed3_L1_Q1
correctness_fuzz,comb_rect_dense,256,4,0,0,1,0,0,1,0.037687,6368,/Users/free_1/Library/Mobile Documents/iCloud~md~obsidian/Documents/cpp-checker/branch_3/artifacts/lca_tree_stress_v5/strong_gate_cf_exact_check_v3/runs/correctness_fuzz/comb_rect_dense/n256/seed4_L0_Q0
correctness_fuzz,comb_rect_dense,256,4,0,1,1,0,0,1,0.035295,6288,/Users/free_1/Library/Mobile Documents/iCloud~md~obsidian/Documents/cpp-checker/branch_3/artifacts/lca_tree_stress_v5/strong_gate_cf_exact_check_v3/runs/correctness_fuzz/comb_rect_dense/n256/seed4_L0_Q1
correctness_fuzz,comb_rect_dense,256,4,1,0,1,0,0,1,0.035824,6320,/Users/free_1/Library/Mobile Documents/iCloud~md~obsidian/Documents/cpp-checker/branch_3/artifacts/lca_tree_stress_v5/strong_gate_cf_exact_check_v3/runs/correctness_fuzz/comb_rect_dense/n256/seed4_L1_Q0
correctness_fuzz,comb_rect_dense,256,4,1,1,1,0,0,1,0.036202,6320,/Users/free_1/Library/Mobile Documents/iCloud~md~obsidian/Documents/cpp-checker/branch_3/artifacts/lca_tree_stress_v5/strong_gate_cf_exact_check_v3/runs/correctness_fuzz/comb_rect_dense/n256/seed4_L1_Q1
correctness_fuzz,comb_rect_dense,256,5,0,0,1,0,0,1,0.037085,6336,/Users/free_1/Library/Mobile Documents/iCloud~md~obsidian/Documents/cpp-checker/branch_3/artifacts/lca_tree_stress_v5/strong_gate_cf_exact_check_v3/runs/correctness_fuzz/comb_rect_dense/n256/seed5_L0_Q0
correctness_fuzz,comb_rect_dense,256,5,0,1,1,0,0,1,0.037724,6416,/Users/free_1/Library/Mobile Documents/iCloud~md~obsidian/Documents/cpp-checker/branch_3/artifacts/lca_tree_stress_v5/strong_gate_cf_exact_check_v3/runs/correctness_fuzz/comb_rect_dense/n256/seed5_L0_Q1
correctness_fuzz,comb_rect_dense,256,5,1,0,1,0,0,1,0.035635,6320,/Users/free_1/Library/Mobile Documents/iCloud~md~obsidian/Documents/cpp-checker/branch_3/artifacts/lca_tree_stress_v5/strong_gate_cf_exact_check_v3/runs/correctness_fuzz/comb_rect_dense/n256/seed5_L1_Q0
correctness_fuzz,comb_rect_dense,256,5,1,1,1,0,0,1,0.036080,6320,/Users/free_1/Library/Mobile Documents/iCloud~md~obsidian/Documents/cpp-checker/branch_3/artifacts/lca_tree_stress_v5/strong_gate_cf_exact_check_v3/runs/correctness_fuzz/comb_rect_dense/n256/seed5_L1_Q1
correctness_fuzz,comb_rect_dense,512,1,0,0,1,0,0,1,0.117814,19248,/Users/free_1/Library/Mobile Documents/iCloud~md~obsidian/Documents/cpp-checker/branch_3/artifacts/lca_tree_stress_v5/strong_gate_cf_exact_check_v3/runs/correctness_fuzz/comb_rect_dense/n512/seed1_L0_Q0
correctness_fuzz,comb_rect_dense,512,1,0,1,1,0,0,1,0.123878,19152,/Users/free_1/Library/Mobile Documents/iCloud~md~obsidian/Documents/cpp-checker/branch_3/artifacts/lca_tree_stress_v5/strong_gate_cf_exact_check_v3/runs/correctness_fuzz/comb_rect_dense/n512/seed1_L0_Q1
correctness_fuzz,comb_rect_dense,512,1,1,0,1,0,0,1,0.129451,19264,/Users/free_1/Library/Mobile Documents/iCloud~md~obsidian/Documents/cpp-checker/branch_3/artifacts/lca_tree_stress_v5/strong_gate_cf_exact_check_v3/runs/correctness_fuzz/comb_rect_dense/n512/seed1_L1_Q0
correctness_fuzz,comb_rect_dense,512,1,1,1,1,0,0,1,0.121169,19184,/Users/free_1/Library/Mobile Documents/iCloud~md~obsidian/Documents/cpp-checker/branch_3/artifacts/lca_tree_stress_v5/strong_gate_cf_exact_check_v3/runs/correctness_fuzz/comb_rect_dense/n512/seed1_L1_Q1
correctness_fuzz,comb_rect_dense,512,2,0,0,1,0,0,1,0.116299,19120,/Users/free_1/Library/Mobile Documents/iCloud~md~obsidian/Documents/cpp-checker/branch_3/artifacts/lca_tree_stress_v5/strong_gate_cf_exact_check_v3/runs/correctness_fuzz/comb_rect_dense/n512/seed2_L0_Q0
correctness_fuzz,comb_rect_dense,512,2,0,1,1,0,0,1,0.123081,19120,/Users/free_1/Library/Mobile Documents/iCloud~md~obsidian/Documents/cpp-checker/branch_3/artifacts/lca_tree_stress_v5/strong_gate_cf_exact_check_v3/runs/correctness_fuzz/comb_rect_dense/n512/seed2_L0_Q1
correctness_fuzz,comb_rect_dense,512,2,1,0,1,0,0,1,0.119582,19088,/Users/free_1/Library/Mobile Documents/iCloud~md~obsidian/Documents/cpp-checker/branch_3/artifacts/lca_tree_stress_v5/strong_gate_cf_exact_check_v3/runs/correctness_fuzz/comb_rect_dense/n512/seed2_L1_Q0
correctness_fuzz,comb_rect_dense,512,2,1,1,1,0,0,1,0.117065,19152,/Users/free_1/Library/Mobile Documents/iCloud~md~obsidian/Documents/cpp-checker/branch_3/artifacts/lca_tree_stress_v5/strong_gate_cf_exact_check_v3/runs/correctness_fuzz/comb_rect_dense/n512/seed2_L1_Q1
correctness_fuzz,comb_rect_dense,512,3,0,0,1,0,0,1,0.120449,19248,/Users/free_1/Library/Mobile Documents/iCloud~md~obsidian/Documents/cpp-checker/branch_3/artifacts/lca_tree_stress_v5/strong_gate_cf_exact_check_v3/runs/correctness_fuzz/comb_rect_dense/n512/seed3_L0_Q0
correctness_fuzz,comb_rect_dense,512,3,0,1,1,0,0,1,0.120851,19200,/Users/free_1/Library/Mobile Documents/iCloud~md~obsidian/Documents/cpp-checker/branch_3/artifacts/lca_tree_stress_v5/strong_gate_cf_exact_check_v3/runs/correctness_fuzz/comb_rect_dense/n512/seed3_L0_Q1
correctness_fuzz,comb_rect_dense,512,3,1,0,1,0,0,1,0.118189,19120,/Users/free_1/Library/Mobile Documents/iCloud~md~obsidian/Documents/cpp-checker/branch_3/artifacts/lca_tree_stress_v5/strong_gate_cf_exact_check_v3/runs/correctness_fuzz/comb_rect_dense/n512/seed3_L1_Q0
correctness_fuzz,comb_rect_dense,512,3,1,1,1,0,0,1,0.120008,19328,/Users/free_1/Library/Mobile Documents/iCloud~md~obsidian/Documents/cpp-checker/branch_3/artifacts/lca_tree_stress_v5/strong_gate_cf_exact_check_v3/runs/correctness_fuzz/comb_rect_dense/n512/seed3_L1_Q1
correctness_fuzz,comb_rect_dense,512,4,0,0,1,0,0,1,0.120150,19040,/Users/free_1/Library/Mobile Documents/iCloud~md~obsidian/Documents/cpp-checker/branch_3/artifacts/lca_tree_stress_v5/strong_gate_cf_exact_check_v3/runs/correctness_fuzz/comb_rect_dense/n512/seed4_L0_Q0
correctness_fuzz,comb_rect_dense,512,4,0,1,1,0,0,1,0.132296,19056,/Users/free_1/Library/Mobile Documents/iCloud~md~obsidian/Documents/cpp-checker/branch_3/artifacts/lca_tree_stress_v5/strong_gate_cf_exact_check_v3/runs/correctness_fuzz/comb_rect_dense/n512/seed4_L0_Q1
correctness_fuzz,comb_rect_dense,512,4,1,0,1,0,0,1,0.123701,19024,/Users/free_1/Library/Mobile Documents/iCloud~md~obsidian/Documents/cpp-checker/branch_3/artifacts/lca_tree_stress_v5/strong_gate_cf_exact_check_v3/runs/correctness_fuzz/comb_rect_dense/n512/seed4_L1_Q0
correctness_fuzz,comb_rect_dense,512,4,1,1,1,0,0,1,0.118064,19136,/Users/free_1/Library/Mobile Documents/iCloud~md~obsidian/Documents/cpp-checker/branch_3/artifacts/lca_tree_stress_v5/strong_gate_cf_exact_check_v3/runs/correctness_fuzz/comb_rect_dense/n512/seed4_L1_Q1
correctness_fuzz,comb_rect_dense,512,5,0,0,1,0,0,1,0.121446,19216,/Users/free_1/Library/Mobile Documents/iCloud~md~obsidian/Documents/cpp-checker/branch_3/artifacts/lca_tree_stress_v5/strong_gate_cf_exact_check_v3/runs/correctness_fuzz/comb_rect_dense/n512/seed5_L0_Q0
correctness_fuzz,comb_rect_dense,512,5,0,1,1,0,0,1,0.121764,19184,/Users/free_1/Library/Mobile Documents/iCloud~md~obsidian/Documents/cpp-checker/branch_3/artifacts/lca_tree_stress_v5/strong_gate_cf_exact_check_v3/runs/correctness_fuzz/comb_rect_dense/n512/seed5_L0_Q1
correctness_fuzz,comb_rect_dense,512,5,1,0,1,0,0,1,0.119699,19216,/Users/free_1/Library/Mobile Documents/iCloud~md~obsidian/Documents/cpp-checker/branch_3/artifacts/lca_tree_stress_v5/strong_gate_cf_exact_check_v3/runs/correctness_fuzz/comb_rect_dense/n512/seed5_L1_Q0
correctness_fuzz,comb_rect_dense,512,5,1,1,1,0,0,1,0.121326,19280,/Users/free_1/Library/Mobile Documents/iCloud~md~obsidian/Documents/cpp-checker/branch_3/artifacts/lca_tree_stress_v5/strong_gate_cf_exact_check_v3/runs/correctness_fuzz/comb_rect_dense/n512/seed5_L1_Q1
correctness_fuzz,comb_rect_dense,1024,1,0,0,1,0,0,1,0.461167,69040,/Users/free_1/Library/Mobile Documents/iCloud~md~obsidian/Documents/cpp-checker/branch_3/artifacts/lca_tree_stress_v5/strong_gate_cf_exact_check_v3/runs/correctness_fuzz/comb_rect_dense/n1024/seed1_L0_Q0
correctness_fuzz,comb_rect_dense,1024,1,0,1,1,0,0,1,0.538823,69216,/Users/free_1/Library/Mobile Documents/iCloud~md~obsidian/Documents/cpp-checker/branch_3/artifacts/lca_tree_stress_v5/strong_gate_cf_exact_check_v3/runs/correctness_fuzz/comb_rect_dense/n1024/seed1_L0_Q1
correctness_fuzz,comb_rect_dense,1024,1,1,0,1,0,0,1,0.454046,69184,/Users/free_1/Library/Mobile Documents/iCloud~md~obsidian/Documents/cpp-checker/branch_3/artifacts/lca_tree_stress_v5/strong_gate_cf_exact_check_v3/runs/correctness_fuzz/comb_rect_dense/n1024/seed1_L1_Q0
correctness_fuzz,comb_rect_dense,1024,1,1,1,1,0,0,1,0.488282,69104,/Users/free_1/Library/Mobile Documents/iCloud~md~obsidian/Documents/cpp-checker/branch_3/artifacts/lca_tree_stress_v5/strong_gate_cf_exact_check_v3/runs/correctness_fuzz/comb_rect_dense/n1024/seed1_L1_Q1
correctness_fuzz,comb_rect_dense,1024,2,0,0,1,0,0,1,0.476561,69168,/Users/free_1/Library/Mobile Documents/iCloud~md~obsidian/Documents/cpp-checker/branch_3/artifacts/lca_tree_stress_v5/strong_gate_cf_exact_check_v3/runs/correctness_fuzz/comb_rect_dense/n1024/seed2_L0_Q0
correctness_fuzz,comb_rect_dense,1024,2,0,1,1,0,0,1,0.533375,69232,/Users/free_1/Library/Mobile Documents/iCloud~md~obsidian/Documents/cpp-checker/branch_3/artifacts/lca_tree_stress_v5/strong_gate_cf_exact_check_v3/runs/correctness_fuzz/comb_rect_dense/n1024/seed2_L0_Q1
correctness_fuzz,comb_rect_dense,1024,2,1,0,1,0,0,1,0.468651,69152,/Users/free_1/Library/Mobile Documents/iCloud~md~obsidian/Documents/cpp-checker/branch_3/artifacts/lca_tree_stress_v5/strong_gate_cf_exact_check_v3/runs/correctness_fuzz/comb_rect_dense/n1024/seed2_L1_Q0
correctness_fuzz,comb_rect_dense,1024,2,1,1,1,0,0,1,0.483965,69232,/Users/free_1/Library/Mobile Documents/iCloud~md~obsidian/Documents/cpp-checker/branch_3/artifacts/lca_tree_stress_v5/strong_gate_cf_exact_check_v3/runs/correctness_fuzz/comb_rect_dense/n1024/seed2_L1_Q1
correctness_fuzz,comb_rect_dense,1024,3,0,0,1,0,0,1,0.467560,68992,/Users/free_1/Library/Mobile Documents/iCloud~md~obsidian/Documents/cpp-checker/branch_3/artifacts/lca_tree_stress_v5/strong_gate_cf_exact_check_v3/runs/correctness_fuzz/comb_rect_dense/n1024/seed3_L0_Q0
correctness_fuzz,comb_rect_dense,1024,3,0,1,1,0,0,1,0.480525,69040,/Users/free_1/Library/Mobile Documents/iCloud~md~obsidian/Documents/cpp-checker/branch_3/artifacts/lca_tree_stress_v5/strong_gate_cf_exact_check_v3/runs/correctness_fuzz/comb_rect_dense/n1024/seed3_L0_Q1
correctness_fuzz,comb_rect_dense,1024,3,1,0,1,0,0,1,0.460445,69088,/Users/free_1/Library/Mobile Documents/iCloud~md~obsidian/Documents/cpp-checker/branch_3/artifacts/lca_tree_stress_v5/strong_gate_cf_exact_check_v3/runs/correctness_fuzz/comb_rect_dense/n1024/seed3_L1_Q0
correctness_fuzz,comb_rect_dense,1024,3,1,1,1,0,0,1,0.493056,69168,/Users/free_1/Library/Mobile Documents/iCloud~md~obsidian/Documents/cpp-checker/branch_3/artifacts/lca_tree_stress_v5/strong_gate_cf_exact_check_v3/runs/correctness_fuzz/comb_rect_dense/n1024/seed3_L1_Q1
correctness_fuzz,comb_rect_dense,1024,4,0,0,1,0,0,1,0.460366,69024,/Users/free_1/Library/Mobile Documents/iCloud~md~obsidian/Documents/cpp-checker/branch_3/artifacts/lca_tree_stress_v5/strong_gate_cf_exact_check_v3/runs/correctness_fuzz/comb_rect_dense/n1024/seed4_L0_Q0
correctness_fuzz,comb_rect_dense,1024,4,0,1,1,0,0,1,0.504055,68976,/Users/free_1/Library/Mobile Documents/iCloud~md~obsidian/Documents/cpp-checker/branch_3/artifacts/lca_tree_stress_v5/strong_gate_cf_exact_check_v3/runs/correctness_fuzz/comb_rect_dense/n1024/seed4_L0_Q1
correctness_fuzz,comb_rect_dense,1024,4,1,0,1,0,0,1,0.465797,68816,/Users/free_1/Library/Mobile Documents/iCloud~md~obsidian/Documents/cpp-checker/branch_3/artifacts/lca_tree_stress_v5/strong_gate_cf_exact_check_v3/runs/correctness_fuzz/comb_rect_dense/n1024/seed4_L1_Q0
correctness_fuzz,comb_rect_dense,1024,4,1,1,1,0,0,1,0.493375,68992,/Users/free_1/Library/Mobile Documents/iCloud~md~obsidian/Documents/cpp-checker/branch_3/artifacts/lca_tree_stress_v5/strong_gate_cf_exact_check_v3/runs/correctness_fuzz/comb_rect_dense/n1024/seed4_L1_Q1
correctness_fuzz,comb_rect_dense,1024,5,0,0,1,0,0,1,0.477035,69024,/Users/free_1/Library/Mobile Documents/iCloud~md~obsidian/Documents/cpp-checker/branch_3/artifacts/lca_tree_stress_v5/strong_gate_cf_exact_check_v3/runs/correctness_fuzz/comb_rect_dense/n1024/seed5_L0_Q0
correctness_fuzz,comb_rect_dense,1024,5,0,1,1,0,0,1,0.495520,68976,/Users/free_1/Library/Mobile Documents/iCloud~md~obsidian/Documents/cpp-checker/branch_3/artifacts/lca_tree_stress_v5/strong_gate_cf_exact_check_v3/runs/correctness_fuzz/comb_rect_dense/n1024/seed5_L0_Q1
correctness_fuzz,comb_rect_dense,1024,5,1,0,1,0,0,1,0.457056,68944,/Users/free_1/Library/Mobile Documents/iCloud~md~obsidian/Documents/cpp-checker/branch_3/artifacts/lca_tree_stress_v5/strong_gate_cf_exact_check_v3/runs/correctness_fuzz/comb_rect_dense/n1024/seed5_L1_Q0
correctness_fuzz,comb_rect_dense,1024,5,1,1,1,0,0,1,0.488357,68992,/Users/free_1/Library/Mobile Documents/iCloud~md~obsidian/Documents/cpp-checker/branch_3/artifacts/lca_tree_stress_v5/strong_gate_cf_exact_check_v3/runs/correctness_fuzz/comb_rect_dense/n1024/seed5_L1_Q1
correctness_fuzz,multi_comb_rect,64,1,0,0,1,0,0,1,0.010246,1744,/Users/free_1/Library/Mobile Documents/iCloud~md~obsidian/Documents/cpp-checker/branch_3/artifacts/lca_tree_stress_v5/strong_gate_cf_exact_check_v3/runs/correctness_fuzz/multi_comb_rect/n64/seed1_L0_Q0
correctness_fuzz,multi_comb_rect,64,1,0,1,1,0,0,1,0.012570,1744,/Users/free_1/Library/Mobile Documents/iCloud~md~obsidian/Documents/cpp-checker/branch_3/artifacts/lca_tree_stress_v5/strong_gate_cf_exact_check_v3/runs/correctness_fuzz/multi_comb_rect/n64/seed1_L0_Q1
correctness_fuzz,multi_comb_rect,64,1,1,0,1,0,0,1,0.011243,1728,/Users/free_1/Library/Mobile Documents/iCloud~md~obsidian/Documents/cpp-checker/branch_3/artifacts/lca_tree_stress_v5/strong_gate_cf_exact_check_v3/runs/correctness_fuzz/multi_comb_rect/n64/seed1_L1_Q0
correctness_fuzz,multi_comb_rect,64,1,1,1,1,0,0,1,0.010924,1744,/Users/free_1/Library/Mobile Documents/iCloud~md~obsidian/Documents/cpp-checker/branch_3/artifacts/lca_tree_stress_v5/strong_gate_cf_exact_check_v3/runs/correctness_fuzz/multi_comb_rect/n64/seed1_L1_Q1
correctness_fuzz,multi_comb_rect,64,2,0,0,1,0,0,1,0.012587,1760,/Users/free_1/Library/Mobile Documents/iCloud~md~obsidian/Documents/cpp-checker/branch_3/artifacts/lca_tree_stress_v5/strong_gate_cf_exact_check_v3/runs/correctness_fuzz/multi_comb_rect/n64/seed2_L0_Q0
correctness_fuzz,multi_comb_rect,64,2,0,1,1,0,0,1,0.012570,1744,/Users/free_1/Library/Mobile Documents/iCloud~md~obsidian/Documents/cpp-checker/branch_3/artifacts/lca_tree_stress_v5/strong_gate_cf_exact_check_v3/runs/correctness_fuzz/multi_comb_rect/n64/seed2_L0_Q1
correctness_fuzz,multi_comb_rect,64,2,1,0,1,0,0,1,0.012579,1744,/Users/free_1/Library/Mobile Documents/iCloud~md~obsidian/Documents/cpp-checker/branch_3/artifacts/lca_tree_stress_v5/strong_gate_cf_exact_check_v3/runs/correctness_fuzz/multi_comb_rect/n64/seed2_L1_Q0
correctness_fuzz,multi_comb_rect,64,2,1,1,1,0,0,1,0.011111,1744,/Users/free_1/Library/Mobile Documents/iCloud~md~obsidian/Documents/cpp-checker/branch_3/artifacts/lca_tree_stress_v5/strong_gate_cf_exact_check_v3/runs/correctness_fuzz/multi_comb_rect/n64/seed2_L1_Q1
correctness_fuzz,multi_comb_rect,64,3,0,0,1,0,0,1,0.010932,1744,/Users/free_1/Library/Mobile Documents/iCloud~md~obsidian/Documents/cpp-checker/branch_3/artifacts/lca_tree_stress_v5/strong_gate_cf_exact_check_v3/runs/correctness_fuzz/multi_comb_rect/n64/seed3_L0_Q0
correctness_fuzz,multi_comb_rect,64,3,0,1,1,0,0,1,0.012041,1760,/Users/free_1/Library/Mobile Documents/iCloud~md~obsidian/Documents/cpp-checker/branch_3/artifacts/lca_tree_stress_v5/strong_gate_cf_exact_check_v3/runs/correctness_fuzz/multi_comb_rect/n64/seed3_L0_Q1
correctness_fuzz,multi_comb_rect,64,3,1,0,1,0,0,1,0.012589,1728,/Users/free_1/Library/Mobile Documents/iCloud~md~obsidian/Documents/cpp-checker/branch_3/artifacts/lca_tree_stress_v5/strong_gate_cf_exact_check_v3/runs/correctness_fuzz/multi_comb_rect/n64/seed3_L1_Q0
correctness_fuzz,multi_comb_rect,64,3,1,1,1,0,0,1,0.012577,1744,/Users/free_1/Library/Mobile Documents/iCloud~md~obsidian/Documents/cpp-checker/branch_3/artifacts/lca_tree_stress_v5/strong_gate_cf_exact_check_v3/runs/correctness_fuzz/multi_comb_rect/n64/seed3_L1_Q1
correctness_fuzz,multi_comb_rect,64,4,0,0,1,0,0,1,0.012370,1728,/Users/free_1/Library/Mobile Documents/iCloud~md~obsidian/Documents/cpp-checker/branch_3/artifacts/lca_tree_stress_v5/strong_gate_cf_exact_check_v3/runs/correctness_fuzz/multi_comb_rect/n64/seed4_L0_Q0
correctness_fuzz,multi_comb_rect,64,4,0,1,1,0,0,1,0.012576,1728,/Users/free_1/Library/Mobile Documents/iCloud~md~obsidian/Documents/cpp-checker/branch_3/artifacts/lca_tree_stress_v5/strong_gate_cf_exact_check_v3/runs/correctness_fuzz/multi_comb_rect/n64/seed4_L0_Q1
correctness_fuzz,multi_comb_rect,64,4,1,0,1,0,0,1,0.012576,1760,/Users/free_1/Library/Mobile Documents/iCloud~md~obsidian/Documents/cpp-checker/branch_3/artifacts/lca_tree_stress_v5/strong_gate_cf_exact_check_v3/runs/correctness_fuzz/multi_comb_rect/n64/seed4_L1_Q0
correctness_fuzz,multi_comb_rect,64,4,1,1,1,0,0,1,0.012579,1744,/Users/free_1/Library/Mobile Documents/iCloud~md~obsidian/Documents/cpp-checker/branch_3/artifacts/lca_tree_stress_v5/strong_gate_cf_exact_check_v3/runs/correctness_fuzz/multi_comb_rect/n64/seed4_L1_Q1
correctness_fuzz,multi_comb_rect,64,5,0,0,1,0,0,1,0.012574,1744,/Users/free_1/Library/Mobile Documents/iCloud~md~obsidian/Documents/cpp-checker/branch_3/artifacts/lca_tree_stress_v5/strong_gate_cf_exact_check_v3/runs/correctness_fuzz/multi_comb_rect/n64/seed5_L0_Q0
correctness_fuzz,multi_comb_rect,64,5,0,1,1,0,0,1,0.012566,1744,/Users/free_1/Library/Mobile Documents/iCloud~md~obsidian/Documents/cpp-checker/branch_3/artifacts/lca_tree_stress_v5/strong_gate_cf_exact_check_v3/runs/correctness_fuzz/multi_comb_rect/n64/seed5_L0_Q1
correctness_fuzz,multi_comb_rect,64,5,1,0,1,0,0,1,0.010876,1728,/Users/free_1/Library/Mobile Documents/iCloud~md~obsidian/Documents/cpp-checker/branch_3/artifacts/lca_tree_stress_v5/strong_gate_cf_exact_check_v3/runs/correctness_fuzz/multi_comb_rect/n64/seed5_L1_Q0
correctness_fuzz,multi_comb_rect,64,5,1,1,1,0,0,1,0.012582,1744,/Users/free_1/Library/Mobile Documents/iCloud~md~obsidian/Documents/cpp-checker/branch_3/artifacts/lca_tree_stress_v5/strong_gate_cf_exact_check_v3/runs/correctness_fuzz/multi_comb_rect/n64/seed5_L1_Q1
correctness_fuzz,multi_comb_rect,128,1,0,0,1,0,0,1,0.012577,2224,/Users/free_1/Library/Mobile Documents/iCloud~md~obsidian/Documents/cpp-checker/branch_3/artifacts/lca_tree_stress_v5/strong_gate_cf_exact_check_v3/runs/correctness_fuzz/multi_comb_rect/n128/seed1_L0_Q0
correctness_fuzz,multi_comb_rect,128,1,0,1,1,0,0,1,0.011289,2256,/Users/free_1/Library/Mobile Documents/iCloud~md~obsidian/Documents/cpp-checker/branch_3/artifacts/lca_tree_stress_v5/strong_gate_cf_exact_check_v3/runs/correctness_fuzz/multi_comb_rect/n128/seed1_L0_Q1
correctness_fuzz,multi_comb_rect,128,1,1,0,1,0,0,1,0.012570,2224,/Users/free_1/Library/Mobile Documents/iCloud~md~obsidian/Documents/cpp-checker/branch_3/artifacts/lca_tree_stress_v5/strong_gate_cf_exact_check_v3/runs/correctness_fuzz/multi_comb_rect/n128/seed1_L1_Q0
correctness_fuzz,multi_comb_rect,128,1,1,1,1,0,0,1,0.010164,2192,/Users/free_1/Library/Mobile Documents/iCloud~md~obsidian/Documents/cpp-checker/branch_3/artifacts/lca_tree_stress_v5/strong_gate_cf_exact_check_v3/runs/correctness_fuzz/multi_comb_rect/n128/seed1_L1_Q1
correctness_fuzz,multi_comb_rect,128,2,0,0,1,0,0,1,0.011841,2256,/Users/free_1/Library/Mobile Documents/iCloud~md~obsidian/Documents/cpp-checker/branch_3/artifacts/lca_tree_stress_v5/strong_gate_cf_exact_check_v3/runs/correctness_fuzz/multi_comb_rect/n128/seed2_L0_Q0
correctness_fuzz,multi_comb_rect,128,2,0,1,1,0,0,1,0.012577,2240,/Users/free_1/Library/Mobile Documents/iCloud~md~obsidian/Documents/cpp-checker/branch_3/artifacts/lca_tree_stress_v5/strong_gate_cf_exact_check_v3/runs/correctness_fuzz/multi_comb_rect/n128/seed2_L0_Q1
correctness_fuzz,multi_comb_rect,128,2,1,0,1,0,0,1,0.011990,2208,/Users/free_1/Library/Mobile Documents/iCloud~md~obsidian/Documents/cpp-checker/branch_3/artifacts/lca_tree_stress_v5/strong_gate_cf_exact_check_v3/runs/correctness_fuzz/multi_comb_rect/n128/seed2_L1_Q0
correctness_fuzz,multi_comb_rect,128,2,1,1,1,0,0,1,0.011431,2208,/Users/free_1/Library/Mobile Documents/iCloud~md~obsidian/Documents/cpp-checker/branch_3/artifacts/lca_tree_stress_v5/strong_gate_cf_exact_check_v3/runs/correctness_fuzz/multi_comb_rect/n128/seed2_L1_Q1
correctness_fuzz,multi_comb_rect,128,3,0,0,1,0,0,1,0.010239,2176,/Users/free_1/Library/Mobile Documents/iCloud~md~obsidian/Documents/cpp-checker/branch_3/artifacts/lca_tree_stress_v5/strong_gate_cf_exact_check_v3/runs/correctness_fuzz/multi_comb_rect/n128/seed3_L0_Q0
correctness_fuzz,multi_comb_rect,128,3,0,1,1,0,0,1,0.011017,2176,/Users/free_1/Library/Mobile Documents/iCloud~md~obsidian/Documents/cpp-checker/branch_3/artifacts/lca_tree_stress_v5/strong_gate_cf_exact_check_v3/runs/correctness_fuzz/multi_comb_rect/n128/seed3_L0_Q1
correctness_fuzz,multi_comb_rect,128,3,1,0,1,0,0,1,0.010514,2192,/Users/free_1/Library/Mobile Documents/iCloud~md~obsidian/Documents/cpp-checker/branch_3/artifacts/lca_tree_stress_v5/strong_gate_cf_exact_check_v3/runs/correctness_fuzz/multi_comb_rect/n128/seed3_L1_Q0
correctness_fuzz,multi_comb_rect,128,3,1,1,1,0,0,1,0.012580,2192,/Users/free_1/Library/Mobile Documents/iCloud~md~obsidian/Documents/cpp-checker/branch_3/artifacts/lca_tree_stress_v5/strong_gate_cf_exact_check_v3/runs/correctness_fuzz/multi_comb_rect/n128/seed3_L1_Q1
correctness_fuzz,multi_comb_rect,128,4,0,0,1,0,0,1,0.012586,2192,/Users/free_1/Library/Mobile Documents/iCloud~md~obsidian/Documents/cpp-checker/branch_3/artifacts/lca_tree_stress_v5/strong_gate_cf_exact_check_v3/runs/correctness_fuzz/multi_comb_rect/n128/seed4_L0_Q0
correctness_fuzz,multi_comb_rect,128,4,0,1,1,0,0,1,0.010654,2192,/Users/free_1/Library/Mobile Documents/iCloud~md~obsidian/Documents/cpp-checker/branch_3/artifacts/lca_tree_stress_v5/strong_gate_cf_exact_check_v3/runs/correctness_fuzz/multi_comb_rect/n128/seed4_L0_Q1
correctness_fuzz,multi_comb_rect,128,4,1,0,1,0,0,1,0.010795,2192,/Users/free_1/Library/Mobile Documents/iCloud~md~obsidian/Documents/cpp-checker/branch_3/artifacts/lca_tree_stress_v5/strong_gate_cf_exact_check_v3/runs/correctness_fuzz/multi_comb_rect/n128/seed4_L1_Q0
correctness_fuzz,multi_comb_rect,128,4,1,1,1,0,0,1,0.010347,2208,/Users/free_1/Library/Mobile Documents/iCloud~md~obsidian/Documents/cpp-checker/branch_3/artifacts/lca_tree_stress_v5/strong_gate_cf_exact_check_v3/runs/correctness_fuzz/multi_comb_rect/n128/seed4_L1_Q1
correctness_fuzz,multi_comb_rect,128,5,0,0,1,0,0,1,0.012564,2192,/Users/free_1/Library/Mobile Documents/iCloud~md~obsidian/Documents/cpp-checker/branch_3/artifacts/lca_tree_stress_v5/strong_gate_cf_exact_check_v3/runs/correctness_fuzz/multi_comb_rect/n128/seed5_L0_Q0
correctness_fuzz,multi_comb_rect,128,5,0,1,1,0,0,1,0.012579,2240,/Users/free_1/Library/Mobile Documents/iCloud~md~obsidian/Documents/cpp-checker/branch_3/artifacts/lca_tree_stress_v5/strong_gate_cf_exact_check_v3/runs/correctness_fuzz/multi_comb_rect/n128/seed5_L0_Q1
correctness_fuzz,multi_comb_rect,128,5,1,0,1,0,0,1,0.012568,2192,/Users/free_1/Library/Mobile Documents/iCloud~md~obsidian/Documents/cpp-checker/branch_3/artifacts/lca_tree_stress_v5/strong_gate_cf_exact_check_v3/runs/correctness_fuzz/multi_comb_rect/n128/seed5_L1_Q0
correctness_fuzz,multi_comb_rect,128,5,1,1,1,0,0,1,0.012573,2224,/Users/free_1/Library/Mobile Documents/iCloud~md~obsidian/Documents/cpp-checker/branch_3/artifacts/lca_tree_stress_v5/strong_gate_cf_exact_check_v3/runs/correctness_fuzz/multi_comb_rect/n128/seed5_L1_Q1
correctness_fuzz,multi_comb_rect,256,1,0,0,1,0,0,1,0.011583,3888,/Users/free_1/Library/Mobile Documents/iCloud~md~obsidian/Documents/cpp-checker/branch_3/artifacts/lca_tree_stress_v5/strong_gate_cf_exact_check_v3/runs/correctness_fuzz/multi_comb_rect/n256/seed1_L0_Q0
correctness_fuzz,multi_comb_rect,256,1,0,1,1,0,0,1,0.010758,3872,/Users/free_1/Library/Mobile Documents/iCloud~md~obsidian/Documents/cpp-checker/branch_3/artifacts/lca_tree_stress_v5/strong_gate_cf_exact_check_v3/runs/correctness_fuzz/multi_comb_rect/n256/seed1_L0_Q1
correctness_fuzz,multi_comb_rect,256,1,1,0,1,0,0,1,0.023649,3968,/Users/free_1/Library/Mobile Documents/iCloud~md~obsidian/Documents/cpp-checker/branch_3/artifacts/lca_tree_stress_v5/strong_gate_cf_exact_check_v3/runs/correctness_fuzz/multi_comb_rect/n256/seed1_L1_Q0
correctness_fuzz,multi_comb_rect,256,1,1,1,1,0,0,1,0.025033,3856,/Users/free_1/Library/Mobile Documents/iCloud~md~obsidian/Documents/cpp-checker/branch_3/artifacts/lca_tree_stress_v5/strong_gate_cf_exact_check_v3/runs/correctness_fuzz/multi_comb_rect/n256/seed1_L1_Q1
correctness_fuzz,multi_comb_rect,256,2,0,0,1,0,0,1,0.012585,3888,/Users/free_1/Library/Mobile Documents/iCloud~md~obsidian/Documents/cpp-checker/branch_3/artifacts/lca_tree_stress_v5/strong_gate_cf_exact_check_v3/runs/correctness_fuzz/multi_comb_rect/n256/seed2_L0_Q0
correctness_fuzz,multi_comb_rect,256,2,0,1,1,0,0,1,0.011099,3904,/Users/free_1/Library/Mobile Documents/iCloud~md~obsidian/Documents/cpp-checker/branch_3/artifacts/lca_tree_stress_v5/strong_gate_cf_exact_check_v3/runs/correctness_fuzz/multi_comb_rect/n256/seed2_L0_Q1
correctness_fuzz,multi_comb_rect,256,2,1,0,1,0,0,1,0.012582,3984,/Users/free_1/Library/Mobile Documents/iCloud~md~obsidian/Documents/cpp-checker/branch_3/artifacts/lca_tree_stress_v5/strong_gate_cf_exact_check_v3/runs/correctness_fuzz/multi_comb_rect/n256/seed2_L1_Q0
correctness_fuzz,multi_comb_rect,256,2,1,1,1,0,0,1,0.012577,3888,/Users/free_1/Library/Mobile Documents/iCloud~md~obsidian/Documents/cpp-checker/branch_3/artifacts/lca_tree_stress_v5/strong_gate_cf_exact_check_v3/runs/correctness_fuzz/multi_comb_rect/n256/seed2_L1_Q1
correctness_fuzz,multi_comb_rect,256,3,0,0,1,0,0,1,0.022856,3904,/Users/free_1/Library/Mobile Documents/iCloud~md~obsidian/Documents/cpp-checker/branch_3/artifacts/lca_tree_stress_v5/strong_gate_cf_exact_check_v3/runs/correctness_fuzz/multi_comb_rect/n256/seed3_L0_Q0
correctness_fuzz,multi_comb_rect,256,3,0,1,1,0,0,1,0.012593,3872,/Users/free_1/Library/Mobile Documents/iCloud~md~obsidian/Documents/cpp-checker/branch_3/artifacts/lca_tree_stress_v5/strong_gate_cf_exact_check_v3/runs/correctness_fuzz/multi_comb_rect/n256/seed3_L0_Q1
correctness_fuzz,multi_comb_rect,256,3,1,0,1,0,0,1,0.012569,3984,/Users/free_1/Library/Mobile Documents/iCloud~md~obsidian/Documents/cpp-checker/branch_3/artifacts/lca_tree_stress_v5/strong_gate_cf_exact_check_v3/runs/correctness_fuzz/multi_comb_rect/n256/seed3_L1_Q0
correctness_fuzz,multi_comb_rect,256,3,1,1,1,0,0,1,0.012585,3872,/Users/free_1/Library/Mobile Documents/iCloud~md~obsidian/Documents/cpp-checker/branch_3/artifacts/lca_tree_stress_v5/strong_gate_cf_exact_check_v3/runs/correctness_fuzz/multi_comb_rect/n256/seed3_L1_Q1
correctness_fuzz,multi_comb_rect,256,4,0,0,1,0,0,1,0.012578,3888,/Users/free_1/Library/Mobile Documents/iCloud~md~obsidian/Documents/cpp-checker/branch_3/artifacts/lca_tree_stress_v5/strong_gate_cf_exact_check_v3/runs/correctness_fuzz/multi_comb_rect/n256/seed4_L0_Q0
correctness_fuzz,multi_comb_rect,256,4,0,1,1,0,0,1,0.011824,3872,/Users/free_1/Library/Mobile Documents/iCloud~md~obsidian/Documents/cpp-checker/branch_3/artifacts/lca_tree_stress_v5/strong_gate_cf_exact_check_v3/runs/correctness_fuzz/multi_comb_rect/n256/seed4_L0_Q1
correctness_fuzz,multi_comb_rect,256,4,1,0,1,0,0,1,0.011916,3888,/Users/free_1/Library/Mobile Documents/iCloud~md~obsidian/Documents/cpp-checker/branch_3/artifacts/lca_tree_stress_v5/strong_gate_cf_exact_check_v3/runs/correctness_fuzz/multi_comb_rect/n256/seed4_L1_Q0
correctness_fuzz,multi_comb_rect,256,4,1,1,1,0,0,1,0.012567,3920,/Users/free_1/Library/Mobile Documents/iCloud~md~obsidian/Documents/cpp-checker/branch_3/artifacts/lca_tree_stress_v5/strong_gate_cf_exact_check_v3/runs/correctness_fuzz/multi_comb_rect/n256/seed4_L1_Q1
correctness_fuzz,multi_comb_rect,256,5,0,0,1,0,0,1,0.011244,3856,/Users/free_1/Library/Mobile Documents/iCloud~md~obsidian/Documents/cpp-checker/branch_3/artifacts/lca_tree_stress_v5/strong_gate_cf_exact_check_v3/runs/correctness_fuzz/multi_comb_rect/n256/seed5_L0_Q0
correctness_fuzz,multi_comb_rect,256,5,0,1,1,0,0,1,0.012571,3920,/Users/free_1/Library/Mobile Documents/iCloud~md~obsidian/Documents/cpp-checker/branch_3/artifacts/lca_tree_stress_v5/strong_gate_cf_exact_check_v3/runs/correctness_fuzz/multi_comb_rect/n256/seed5_L0_Q1
correctness_fuzz,multi_comb_rect,256,5,1,0,1,0,0,1,0.011621,3888,/Users/free_1/Library/Mobile Documents/iCloud~md~obsidian/Documents/cpp-checker/branch_3/artifacts/lca_tree_stress_v5/strong_gate_cf_exact_check_v3/runs/correctness_fuzz/multi_comb_rect/n256/seed5_L1_Q0
correctness_fuzz,multi_comb_rect,256,5,1,1,1,0,0,1,0.012566,3904,/Users/free_1/Library/Mobile Documents/iCloud~md~obsidian/Documents/cpp-checker/branch_3/artifacts/lca_tree_stress_v5/strong_gate_cf_exact_check_v3/runs/correctness_fuzz/multi_comb_rect/n256/seed5_L1_Q1
correctness_fuzz,multi_comb_rect,512,1,0,0,1,0,0,1,0.046902,9632,/Users/free_1/Library/Mobile Documents/iCloud~md~obsidian/Documents/cpp-checker/branch_3/artifacts/lca_tree_stress_v5/strong_gate_cf_exact_check_v3/runs/correctness_fuzz/multi_comb_rect/n512/seed1_L0_Q0
correctness_fuzz,multi_comb_rect,512,1,0,1,1,0,0,1,0.037688,9552,/Users/free_1/Library/Mobile Documents/iCloud~md~obsidian/Documents/cpp-checker/branch_3/artifacts/lca_tree_stress_v5/strong_gate_cf_exact_check_v3/runs/correctness_fuzz/multi_comb_rect/n512/seed1_L0_Q1
correctness_fuzz,multi_comb_rect,512,1,1,0,1,0,0,1,0.036872,9568,/Users/free_1/Library/Mobile Documents/iCloud~md~obsidian/Documents/cpp-checker/branch_3/artifacts/lca_tree_stress_v5/strong_gate_cf_exact_check_v3/runs/correctness_fuzz/multi_comb_rect/n512/seed1_L1_Q0
correctness_fuzz,multi_comb_rect,512,1,1,1,1,0,0,1,0.045130,9568,/Users/free_1/Library/Mobile Documents/iCloud~md~obsidian/Documents/cpp-checker/branch_3/artifacts/lca_tree_stress_v5/strong_gate_cf_exact_check_v3/runs/correctness_fuzz/multi_comb_rect/n512/seed1_L1_Q1
correctness_fuzz,multi_comb_rect,512,2,0,0,1,0,0,1,0.036298,9584,/Users/free_1/Library/Mobile Documents/iCloud~md~obsidian/Documents/cpp-checker/branch_3/artifacts/lca_tree_stress_v5/strong_gate_cf_exact_check_v3/runs/correctness_fuzz/multi_comb_rect/n512/seed2_L0_Q0
correctness_fuzz,multi_comb_rect,512,2,0,1,1,0,0,1,0.047716,9600,/Users/free_1/Library/Mobile Documents/iCloud~md~obsidian/Documents/cpp-checker/branch_3/artifacts/lca_tree_stress_v5/strong_gate_cf_exact_check_v3/runs/correctness_fuzz/multi_comb_rect/n512/seed2_L0_Q1
correctness_fuzz,multi_comb_rect,512,2,1,0,1,0,0,1,0.044825,9600,/Users/free_1/Library/Mobile Documents/iCloud~md~obsidian/Documents/cpp-checker/branch_3/artifacts/lca_tree_stress_v5/strong_gate_cf_exact_check_v3/runs/correctness_fuzz/multi_comb_rect/n512/seed2_L1_Q0
correctness_fuzz,multi_comb_rect,512,2,1,1,1,0,0,1,0.044975,9728,/Users/free_1/Library/Mobile Documents/iCloud~md~obsidian/Documents/cpp-checker/branch_3/artifacts/lca_tree_stress_v5/strong_gate_cf_exact_check_v3/runs/correctness_fuzz/multi_comb_rect/n512/seed2_L1_Q1
correctness_fuzz,multi_comb_rect,512,3,0,0,1,0,0,1,0.037196,9616,/Users/free_1/Library/Mobile Documents/iCloud~md~obsidian/Documents/cpp-checker/branch_3/artifacts/lca_tree_stress_v5/strong_gate_cf_exact_check_v3/runs/correctness_fuzz/multi_comb_rect/n512/seed3_L0_Q0
correctness_fuzz,multi_comb_rect,512,3,0,1,1,0,0,1,0.048313,9648,/Users/free_1/Library/Mobile Documents/iCloud~md~obsidian/Documents/cpp-checker/branch_3/artifacts/lca_tree_stress_v5/strong_gate_cf_exact_check_v3/runs/correctness_fuzz/multi_comb_rect/n512/seed3_L0_Q1
correctness_fuzz,multi_comb_rect,512,3,1,0,1,0,0,1,0.048874,9664,/Users/free_1/Library/Mobile Documents/iCloud~md~obsidian/Documents/cpp-checker/branch_3/artifacts/lca_tree_stress_v5/strong_gate_cf_exact_check_v3/runs/correctness_fuzz/multi_comb_rect/n512/seed3_L1_Q0
correctness_fuzz,multi_comb_rect,512,3,1,1,1,0,0,1,0.050209,9632,/Users/free_1/Library/Mobile Documents/iCloud~md~obsidian/Documents/cpp-checker/branch_3/artifacts/lca_tree_stress_v5/strong_gate_cf_exact_check_v3/runs/correctness_fuzz/multi_comb_rect/n512/seed3_L1_Q1
correctness_fuzz,multi_comb_rect,512,4,0,0,1,0,0,1,0.050370,9696,/Users/free_1/Library/Mobile Documents/iCloud~md~obsidian/Documents/cpp-checker/branch_3/artifacts/lca_tree_stress_v5/strong_gate_cf_exact_check_v3/runs/correctness_fuzz/multi_comb_rect/n512/seed4_L0_Q0
correctness_fuzz,multi_comb_rect,512,4,0,1,1,0,0,1,0.047674,9632,/Users/free_1/Library/Mobile Documents/iCloud~md~obsidian/Documents/cpp-checker/branch_3/artifacts/lca_tree_stress_v5/strong_gate_cf_exact_check_v3/runs/correctness_fuzz/multi_comb_rect/n512/seed4_L0_Q1
correctness_fuzz,multi_comb_rect,512,4,1,0,1,0,0,1,0.046646,9696,/Users/free_1/Library/Mobile Documents/iCloud~md~obsidian/Documents/cpp-checker/branch_3/artifacts/lca_tree_stress_v5/strong_gate_cf_exact_check_v3/runs/correctness_fuzz/multi_comb_rect/n512/seed4_L1_Q0
correctness_fuzz,multi_comb_rect,512,4,1,1,1,0,0,1,0.048943,9728,/Users/free_1/Library/Mobile Documents/iCloud~md~obsidian/Documents/cpp-checker/branch_3/artifacts/lca_tree_stress_v5/strong_gate_cf_exact_check_v3/runs/correctness_fuzz/multi_comb_rect/n512/seed4_L1_Q1
correctness_fuzz,multi_comb_rect,512,5,0,0,1,0,0,1,0.050211,9728,/Users/free_1/Library/Mobile Documents/iCloud~md~obsidian/Documents/cpp-checker/branch_3/artifacts/lca_tree_stress_v5/strong_gate_cf_exact_check_v3/runs/correctness_fuzz/multi_comb_rect/n512/seed5_L0_Q0
correctness_fuzz,multi_comb_rect,512,5,0,1,1,0,0,1,0.048038,9632,/Users/free_1/Library/Mobile Documents/iCloud~md~obsidian/Documents/cpp-checker/branch_3/artifacts/lca_tree_stress_v5/strong_gate_cf_exact_check_v3/runs/correctness_fuzz/multi_comb_rect/n512/seed5_L0_Q1
correctness_fuzz,multi_comb_rect,512,5,1,0,1,0,0,1,0.046586,9632,/Users/free_1/Library/Mobile Documents/iCloud~md~obsidian/Documents/cpp-checker/branch_3/artifacts/lca_tree_stress_v5/strong_gate_cf_exact_check_v3/runs/correctness_fuzz/multi_comb_rect/n512/seed5_L1_Q0
correctness_fuzz,multi_comb_rect,512,5,1,1,1,0,0,1,0.037240,9664,/Users/free_1/Library/Mobile Documents/iCloud~md~obsidian/Documents/cpp-checker/branch_3/artifacts/lca_tree_stress_v5/strong_gate_cf_exact_check_v3/runs/correctness_fuzz/multi_comb_rect/n512/seed5_L1_Q1
correctness_fuzz,multi_comb_rect,1024,1,0,0,1,0,0,1,0.141521,30192,/Users/free_1/Library/Mobile Documents/iCloud~md~obsidian/Documents/cpp-checker/branch_3/artifacts/lca_tree_stress_v5/strong_gate_cf_exact_check_v3/runs/correctness_fuzz/multi_comb_rect/n1024/seed1_L0_Q0
correctness_fuzz,multi_comb_rect,1024,1,0,1,1,0,0,1,0.151077,30192,/Users/free_1/Library/Mobile Documents/iCloud~md~obsidian/Documents/cpp-checker/branch_3/artifacts/lca_tree_stress_v5/strong_gate_cf_exact_check_v3/runs/correctness_fuzz/multi_comb_rect/n1024/seed1_L0_Q1
correctness_fuzz,multi_comb_rect,1024,1,1,0,1,0,0,1,0.140739,30208,/Users/free_1/Library/Mobile Documents/iCloud~md~obsidian/Documents/cpp-checker/branch_3/artifacts/lca_tree_stress_v5/strong_gate_cf_exact_check_v3/runs/correctness_fuzz/multi_comb_rect/n1024/seed1_L1_Q0
correctness_fuzz,multi_comb_rect,1024,1,1,1,1,0,0,1,0.140965,30192,/Users/free_1/Library/Mobile Documents/iCloud~md~obsidian/Documents/cpp-checker/branch_3/artifacts/lca_tree_stress_v5/strong_gate_cf_exact_check_v3/runs/correctness_fuzz/multi_comb_rect/n1024/seed1_L1_Q1
correctness_fuzz,multi_comb_rect,1024,2,0,0,1,0,0,1,0.141661,30288,/Users/free_1/Library/Mobile Documents/iCloud~md~obsidian/Documents/cpp-checker/branch_3/artifacts/lca_tree_stress_v5/strong_gate_cf_exact_check_v3/runs/correctness_fuzz/multi_comb_rect/n1024/seed2_L0_Q0
correctness_fuzz,multi_comb_rect,1024,2,0,1,1,0,0,1,0.147961,30192,/Users/free_1/Library/Mobile Documents/iCloud~md~obsidian/Documents/cpp-checker/branch_3/artifacts/lca_tree_stress_v5/strong_gate_cf_exact_check_v3/runs/correctness_fuzz/multi_comb_rect/n1024/seed2_L0_Q1
correctness_fuzz,multi_comb_rect,1024,2,1,0,1,0,0,1,0.140321,30272,/Users/free_1/Library/Mobile Documents/iCloud~md~obsidian/Documents/cpp-checker/branch_3/artifacts/lca_tree_stress_v5/strong_gate_cf_exact_check_v3/runs/correctness_fuzz/multi_comb_rect/n1024/seed2_L1_Q0
correctness_fuzz,multi_comb_rect,1024,2,1,1,1,0,0,1,0.150262,30160,/Users/free_1/Library/Mobile Documents/iCloud~md~obsidian/Documents/cpp-checker/branch_3/artifacts/lca_tree_stress_v5/strong_gate_cf_exact_check_v3/runs/correctness_fuzz/multi_comb_rect/n1024/seed2_L1_Q1
correctness_fuzz,multi_comb_rect,1024,3,0,0,1,0,0,1,0.142782,30240,/Users/free_1/Library/Mobile Documents/iCloud~md~obsidian/Documents/cpp-checker/branch_3/artifacts/lca_tree_stress_v5/strong_gate_cf_exact_check_v3/runs/correctness_fuzz/multi_comb_rect/n1024/seed3_L0_Q0
correctness_fuzz,multi_comb_rect,1024,3,0,1,1,0,0,1,0.132025,30096,/Users/free_1/Library/Mobile Documents/iCloud~md~obsidian/Documents/cpp-checker/branch_3/artifacts/lca_tree_stress_v5/strong_gate_cf_exact_check_v3/runs/correctness_fuzz/multi_comb_rect/n1024/seed3_L0_Q1
correctness_fuzz,multi_comb_rect,1024,3,1,0,1,0,0,1,0.138767,30144,/Users/free_1/Library/Mobile Documents/iCloud~md~obsidian/Documents/cpp-checker/branch_3/artifacts/lca_tree_stress_v5/strong_gate_cf_exact_check_v3/runs/correctness_fuzz/multi_comb_rect/n1024/seed3_L1_Q0
correctness_fuzz,multi_comb_rect,1024,3,1,1,1,0,0,1,0.141189,30288,/Users/free_1/Library/Mobile Documents/iCloud~md~obsidian/Documents/cpp-checker/branch_3/artifacts/lca_tree_stress_v5/strong_gate_cf_exact_check_v3/runs/correctness_fuzz/multi_comb_rect/n1024/seed3_L1_Q1
correctness_fuzz,multi_comb_rect,1024,4,0,0,1,0,0,1,0.143861,30432,/Users/free_1/Library/Mobile Documents/iCloud~md~obsidian/Documents/cpp-checker/branch_3/artifacts/lca_tree_stress_v5/strong_gate_cf_exact_check_v3/runs/correctness_fuzz/multi_comb_rect/n1024/seed4_L0_Q0
correctness_fuzz,multi_comb_rect,1024,4,0,1,1,0,0,1,0.147643,30304,/Users/free_1/Library/Mobile Documents/iCloud~md~obsidian/Documents/cpp-checker/branch_3/artifacts/lca_tree_stress_v5/strong_gate_cf_exact_check_v3/runs/correctness_fuzz/multi_comb_rect/n1024/seed4_L0_Q1
correctness_fuzz,multi_comb_rect,1024,4,1,0,1,0,0,1,0.146918,30288,/Users/free_1/Library/Mobile Documents/iCloud~md~obsidian/Documents/cpp-checker/branch_3/artifacts/lca_tree_stress_v5/strong_gate_cf_exact_check_v3/runs/correctness_fuzz/multi_comb_rect/n1024/seed4_L1_Q0
correctness_fuzz,multi_comb_rect,1024,4,1,1,1,0,0,1,0.141174,30464,/Users/free_1/Library/Mobile Documents/iCloud~md~obsidian/Documents/cpp-checker/branch_3/artifacts/lca_tree_stress_v5/strong_gate_cf_exact_check_v3/runs/correctness_fuzz/multi_comb_rect/n1024/seed4_L1_Q1
correctness_fuzz,multi_comb_rect,1024,5,0,0,1,0,0,1,0.146791,30448,/Users/free_1/Library/Mobile Documents/iCloud~md~obsidian/Documents/cpp-checker/branch_3/artifacts/lca_tree_stress_v5/strong_gate_cf_exact_check_v3/runs/correctness_fuzz/multi_comb_rect/n1024/seed5_L0_Q0
correctness_fuzz,multi_comb_rect,1024,5,0,1,1,0,0,1,0.144384,30352,/Users/free_1/Library/Mobile Documents/iCloud~md~obsidian/Documents/cpp-checker/branch_3/artifacts/lca_tree_stress_v5/strong_gate_cf_exact_check_v3/runs/correctness_fuzz/multi_comb_rect/n1024/seed5_L0_Q1
correctness_fuzz,multi_comb_rect,1024,5,1,0,1,0,0,1,0.136170,30304,/Users/free_1/Library/Mobile Documents/iCloud~md~obsidian/Documents/cpp-checker/branch_3/artifacts/lca_tree_stress_v5/strong_gate_cf_exact_check_v3/runs/correctness_fuzz/multi_comb_rect/n1024/seed5_L1_Q0
correctness_fuzz,multi_comb_rect,1024,5,1,1,1,0,0,1,0.142347,30336,/Users/free_1/Library/Mobile Documents/iCloud~md~obsidian/Documents/cpp-checker/branch_3/artifacts/lca_tree_stress_v5/strong_gate_cf_exact_check_v3/runs/correctness_fuzz/multi_comb_rect/n1024/seed5_L1_Q1
correctness_fuzz,multi_comb_cap,64,1,0,0,1,0,0,1,0.014848,1696,/Users/free_1/Library/Mobile Documents/iCloud~md~obsidian/Documents/cpp-checker/branch_3/artifacts/lca_tree_stress_v5/strong_gate_cf_exact_check_v3/runs/correctness_fuzz/multi_comb_cap/n64/seed1_L0_Q0
correctness_fuzz,multi_comb_cap,64,1,0,1,1,0,0,1,0.015079,1680,/Users/free_1/Library/Mobile Documents/iCloud~md~obsidian/Documents/cpp-checker/branch_3/artifacts/lca_tree_stress_v5/strong_gate_cf_exact_check_v3/runs/correctness_fuzz/multi_comb_cap/n64/seed1_L0_Q1
correctness_fuzz,multi_comb_cap,64,1,1,0,1,0,0,1,0.014055,1680,/Users/free_1/Library/Mobile Documents/iCloud~md~obsidian/Documents/cpp-checker/branch_3/artifacts/lca_tree_stress_v5/strong_gate_cf_exact_check_v3/runs/correctness_fuzz/multi_comb_cap/n64/seed1_L1_Q0
correctness_fuzz,multi_comb_cap,64,1,1,1,1,0,0,1,0.012938,1664,/Users/free_1/Library/Mobile Documents/iCloud~md~obsidian/Documents/cpp-checker/branch_3/artifacts/lca_tree_stress_v5/strong_gate_cf_exact_check_v3/runs/correctness_fuzz/multi_comb_cap/n64/seed1_L1_Q1
correctness_fuzz,multi_comb_cap,64,2,0,0,1,0,0,1,0.010700,1680,/Users/free_1/Library/Mobile Documents/iCloud~md~obsidian/Documents/cpp-checker/branch_3/artifacts/lca_tree_stress_v5/strong_gate_cf_exact_check_v3/runs/correctness_fuzz/multi_comb_cap/n64/seed2_L0_Q0
correctness_fuzz,multi_comb_cap,64,2,0,1,1,0,0,1,0.014327,1664,/Users/free_1/Library/Mobile Documents/iCloud~md~obsidian/Documents/cpp-checker/branch_3/artifacts/lca_tree_stress_v5/strong_gate_cf_exact_check_v3/runs/correctness_fuzz/multi_comb_cap/n64/seed2_L0_Q1
correctness_fuzz,multi_comb_cap,64,2,1,0,1,0,0,1,0.015082,1664,/Users/free_1/Library/Mobile Documents/iCloud~md~obsidian/Documents/cpp-checker/branch_3/artifacts/lca_tree_stress_v5/strong_gate_cf_exact_check_v3/runs/correctness_fuzz/multi_comb_cap/n64/seed2_L1_Q0
correctness_fuzz,multi_comb_cap,64,2,1,1,1,0,0,1,0.011567,1680,/Users/free_1/Library/Mobile Documents/iCloud~md~obsidian/Documents/cpp-checker/branch_3/artifacts/lca_tree_stress_v5/strong_gate_cf_exact_check_v3/runs/correctness_fuzz/multi_comb_cap/n64/seed2_L1_Q1
correctness_fuzz,multi_comb_cap,64,3,0,0,1,0,0,1,0.012149,1664,/Users/free_1/Library/Mobile Documents/iCloud~md~obsidian/Documents/cpp-checker/branch_3/artifacts/lca_tree_stress_v5/strong_gate_cf_exact_check_v3/runs/correctness_fuzz/multi_comb_cap/n64/seed3_L0_Q0
correctness_fuzz,multi_comb_cap,64,3,0,1,1,0,0,1,0.011092,1664,/Users/free_1/Library/Mobile Documents/iCloud~md~obsidian/Documents/cpp-checker/branch_3/artifacts/lca_tree_stress_v5/strong_gate_cf_exact_check_v3/runs/correctness_fuzz/multi_comb_cap/n64/seed3_L0_Q1
correctness_fuzz,multi_comb_cap,64,3,1,0,1,0,0,1,0.013043,1664,/Users/free_1/Library/Mobile Documents/iCloud~md~obsidian/Documents/cpp-checker/branch_3/artifacts/lca_tree_stress_v5/strong_gate_cf_exact_check_v3/runs/correctness_fuzz/multi_comb_cap/n64/seed3_L1_Q0
correctness_fuzz,multi_comb_cap,64,3,1,1,1,0,0,1,0.015072,1680,/Users/free_1/Library/Mobile Documents/iCloud~md~obsidian/Documents/cpp-checker/branch_3/artifacts/lca_tree_stress_v5/strong_gate_cf_exact_check_v3/runs/correctness_fuzz/multi_comb_cap/n64/seed3_L1_Q1
correctness_fuzz,multi_comb_cap,64,4,0,0,1,0,0,1,0.010996,1664,/Users/free_1/Library/Mobile Documents/iCloud~md~obsidian/Documents/cpp-checker/branch_3/artifacts/lca_tree_stress_v5/strong_gate_cf_exact_check_v3/runs/correctness_fuzz/multi_comb_cap/n64/seed4_L0_Q0
correctness_fuzz,multi_comb_cap,64,4,0,1,1,0,0,1,0.014075,1664,/Users/free_1/Library/Mobile Documents/iCloud~md~obsidian/Documents/cpp-checker/branch_3/artifacts/lca_tree_stress_v5/strong_gate_cf_exact_check_v3/runs/correctness_fuzz/multi_comb_cap/n64/seed4_L0_Q1
correctness_fuzz,multi_comb_cap,64,4,1,0,1,0,0,1,0.015070,1696,/Users/free_1/Library/Mobile Documents/iCloud~md~obsidian/Documents/cpp-checker/branch_3/artifacts/lca_tree_stress_v5/strong_gate_cf_exact_check_v3/runs/correctness_fuzz/multi_comb_cap/n64/seed4_L1_Q0
correctness_fuzz,multi_comb_cap,64,4,1,1,1,0,0,1,0.012517,1680,/Users/free_1/Library/Mobile Documents/iCloud~md~obsidian/Documents/cpp-checker/branch_3/artifacts/lca_tree_stress_v5/strong_gate_cf_exact_check_v3/runs/correctness_fuzz/multi_comb_cap/n64/seed4_L1_Q1
correctness_fuzz,multi_comb_cap,64,5,0,0,1,0,0,1,0.015072,1680,/Users/free_1/Library/Mobile Documents/iCloud~md~obsidian/Documents/cpp-checker/branch_3/artifacts/lca_tree_stress_v5/strong_gate_cf_exact_check_v3/runs/correctness_fuzz/multi_comb_cap/n64/seed5_L0_Q0
correctness_fuzz,multi_comb_cap,64,5,0,1,1,0,0,1,0.014900,1680,/Users/free_1/Library/Mobile Documents/iCloud~md~obsidian/Documents/cpp-checker/branch_3/artifacts/lca_tree_stress_v5/strong_gate_cf_exact_check_v3/runs/correctness_fuzz/multi_comb_cap/n64/seed5_L0_Q1
correctness_fuzz,multi_comb_cap,64,5,1,0,1,0,0,1,0.015066,1680,/Users/free_1/Library/Mobile Documents/iCloud~md~obsidian/Documents/cpp-checker/branch_3/artifacts/lca_tree_stress_v5/strong_gate_cf_exact_check_v3/runs/correctness_fuzz/multi_comb_cap/n64/seed5_L1_Q0
correctness_fuzz,multi_comb_cap,64,5,1,1,1,0,0,1,0.014858,1680,/Users/free_1/Library/Mobile Documents/iCloud~md~obsidian/Documents/cpp-checker/branch_3/artifacts/lca_tree_stress_v5/strong_gate_cf_exact_check_v3/runs/correctness_fuzz/multi_comb_cap/n64/seed5_L1_Q1
correctness_fuzz,multi_comb_cap,128,1,0,0,1,0,0,1,0.012537,2016,/Users/free_1/Library/Mobile Documents/iCloud~md~obsidian/Documents/cpp-checker/branch_3/artifacts/lca_tree_stress_v5/strong_gate_cf_exact_check_v3/runs/correctness_fuzz/multi_comb_cap/n128/seed1_L0_Q0
correctness_fuzz,multi_comb_cap,128,1,0,1,1,0,0,1,0.011018,2048,/Users/free_1/Library/Mobile Documents/iCloud~md~obsidian/Documents/cpp-checker/branch_3/artifacts/lca_tree_stress_v5/strong_gate_cf_exact_check_v3/runs/correctness_fuzz/multi_comb_cap/n128/seed1_L0_Q1
correctness_fuzz,multi_comb_cap,128,1,1,0,1,0,0,1,0.015077,2032,/Users/free_1/Library/Mobile Documents/iCloud~md~obsidian/Documents/cpp-checker/branch_3/artifacts/lca_tree_stress_v5/strong_gate_cf_exact_check_v3/runs/correctness_fuzz/multi_comb_cap/n128/seed1_L1_Q0
correctness_fuzz,multi_comb_cap,128,1,1,1,1,0,0,1,0.011767,2016,/Users/free_1/Library/Mobile Documents/iCloud~md~obsidian/Documents/cpp-checker/branch_3/artifacts/lca_tree_stress_v5/strong_gate_cf_exact_check_v3/runs/correctness_fuzz/multi_comb_cap/n128/seed1_L1_Q1
correctness_fuzz,multi_comb_cap,128,2,0,0,1,0,0,1,0.010203,2048,/Users/free_1/Library/Mobile Documents/iCloud~md~obsidian/Documents/cpp-checker/branch_3/artifacts/lca_tree_stress_v5/strong_gate_cf_exact_check_v3/runs/correctness_fuzz/multi_comb_cap/n128/seed2_L0_Q0
correctness_fuzz,multi_comb_cap,128,2,0,1,1,0,0,1,0.015086,2080,/Users/free_1/Library/Mobile Documents/iCloud~md~obsidian/Documents/cpp-checker/branch_3/artifacts/lca_tree_stress_v5/strong_gate_cf_exact_check_v3/runs/correctness_fuzz/multi_comb_cap/n128/seed2_L0_Q1
correctness_fuzz,multi_comb_cap,128,2,1,0,1,0,0,1,0.014239,2080,/Users/free_1/Library/Mobile Documents/iCloud~md~obsidian/Documents/cpp-checker/branch_3/artifacts/lca_tree_stress_v5/strong_gate_cf_exact_check_v3/runs/correctness_fuzz/multi_comb_cap/n128/seed2_L1_Q0
correctness_fuzz,multi_comb_cap,128,2,1,1,1,0,0,1,0.011227,2048,/Users/free_1/Library/Mobile Documents/iCloud~md~obsidian/Documents/cpp-checker/branch_3/artifacts/lca_tree_stress_v5/strong_gate_cf_exact_check_v3/runs/correctness_fuzz/multi_comb_cap/n128/seed2_L1_Q1
correctness_fuzz,multi_comb_cap,128,3,0,0,1,0,0,1,0.012079,2016,/Users/free_1/Library/Mobile Documents/iCloud~md~obsidian/Documents/cpp-checker/branch_3/artifacts/lca_tree_stress_v5/strong_gate_cf_exact_check_v3/runs/correctness_fuzz/multi_comb_cap/n128/seed3_L0_Q0
correctness_fuzz,multi_comb_cap,128,3,0,1,1,0,0,1,0.010276,2032,/Users/free_1/Library/Mobile Documents/iCloud~md~obsidian/Documents/cpp-checker/branch_3/artifacts/lca_tree_stress_v5/strong_gate_cf_exact_check_v3/runs/correctness_fuzz/multi_comb_cap/n128/seed3_L0_Q1
correctness_fuzz,multi_comb_cap,128,3,1,0,1,0,0,1,0.013824,2032,/Users/free_1/Library/Mobile Documents/iCloud~md~obsidian/Documents/cpp-checker/branch_3/artifacts/lca_tree_stress_v5/strong_gate_cf_exact_check_v3/runs/correctness_fuzz/multi_comb_cap/n128/seed3_L1_Q0
correctness_fuzz,multi_comb_cap,128,3,1,1,1,0,0,1,0.015082,2032,/Users/free_1/Library/Mobile Documents/iCloud~md~obsidian/Documents/cpp-checker/branch_3/artifacts/lca_tree_stress_v5/strong_gate_cf_exact_check_v3/runs/correctness_fuzz/multi_comb_cap/n128/seed3_L1_Q1
correctness_fuzz,multi_comb_cap,128,4,0,0,1,0,0,1,0.014646,2000,/Users/free_1/Library/Mobile Documents/iCloud~md~obsidian/Documents/cpp-checker/branch_3/artifacts/lca_tree_stress_v5/strong_gate_cf_exact_check_v3/runs/correctness_fuzz/multi_comb_cap/n128/seed4_L0_Q0
correctness_fuzz,multi_comb_cap,128,4,0,1,1,0,0,1,0.015075,2000,/Users/free_1/Library/Mobile Documents/iCloud~md~obsidian/Documents/cpp-checker/branch_3/artifacts/lca_tree_stress_v5/strong_gate_cf_exact_check_v3/runs/correctness_fuzz/multi_comb_cap/n128/seed4_L0_Q1
correctness_fuzz,multi_comb_cap,128,4,1,0,1,0,0,1,0.014330,2064,/Users/free_1/Library/Mobile Documents/iCloud~md~obsidian/Documents/cpp-checker/branch_3/artifacts/lca_tree_stress_v5/strong_gate_cf_exact_check_v3/runs/correctness_fuzz/multi_comb_cap/n128/seed4_L1_Q0
correctness_fuzz,multi_comb_cap,128,4,1,1,1,0,0,1,0.013640,2032,/Users/free_1/Library/Mobile Documents/iCloud~md~obsidian/Documents/cpp-checker/branch_3/artifacts/lca_tree_stress_v5/strong_gate_cf_exact_check_v3/runs/correctness_fuzz/multi_comb_cap/n128/seed4_L1_Q1
correctness_fuzz,multi_comb_cap,128,5,0,0,1,0,0,1,0.013797,2000,/Users/free_1/Library/Mobile Documents/iCloud~md~obsidian/Documents/cpp-checker/branch_3/artifacts/lca_tree_stress_v5/strong_gate_cf_exact_check_v3/runs/correctness_fuzz/multi_comb_cap/n128/seed5_L0_Q0
correctness_fuzz,multi_comb_cap,128,5,0,1,1,0,0,1,0.010178,2016,/Users/free_1/Library/Mobile Documents/iCloud~md~obsidian/Documents/cpp-checker/branch_3/artifacts/lca_tree_stress_v5/strong_gate_cf_exact_check_v3/runs/correctness_fuzz/multi_comb_cap/n128/seed5_L0_Q1
correctness_fuzz,multi_comb_cap,128,5,1,0,1,0,0,1,0.013000,2016,/Users/free_1/Library/Mobile Documents/iCloud~md~obsidian/Documents/cpp-checker/branch_3/artifacts/lca_tree_stress_v5/strong_gate_cf_exact_check_v3/runs/correctness_fuzz/multi_comb_cap/n128/seed5_L1_Q0
correctness_fuzz,multi_comb_cap,128,5,1,1,1,0,0,1,0.011342,2000,/Users/free_1/Library/Mobile Documents/iCloud~md~obsidian/Documents/cpp-checker/branch_3/artifacts/lca_tree_stress_v5/strong_gate_cf_exact_check_v3/runs/correctness_fuzz/multi_comb_cap/n128/seed5_L1_Q1
correctness_fuzz,multi_comb_cap,256,1,0,0,1,0,0,1,0.014950,3184,/Users/free_1/Library/Mobile Documents/iCloud~md~obsidian/Documents/cpp-checker/branch_3/artifacts/lca_tree_stress_v5/strong_gate_cf_exact_check_v3/runs/correctness_fuzz/multi_comb_cap/n256/seed1_L0_Q0
correctness_fuzz,multi_comb_cap,256,1,0,1,1,0,0,1,0.011577,3104,/Users/free_1/Library/Mobile Documents/iCloud~md~obsidian/Documents/cpp-checker/branch_3/artifacts/lca_tree_stress_v5/strong_gate_cf_exact_check_v3/runs/correctness_fuzz/multi_comb_cap/n256/seed1_L0_Q1
correctness_fuzz,multi_comb_cap,256,1,1,0,1,0,0,1,0.010601,3072,/Users/free_1/Library/Mobile Documents/iCloud~md~obsidian/Documents/cpp-checker/branch_3/artifacts/lca_tree_stress_v5/strong_gate_cf_exact_check_v3/runs/correctness_fuzz/multi_comb_cap/n256/seed1_L1_Q0
correctness_fuzz,multi_comb_cap,256,1,1,1,1,0,0,1,0.015074,3104,/Users/free_1/Library/Mobile Documents/iCloud~md~obsidian/Documents/cpp-checker/branch_3/artifacts/lca_tree_stress_v5/strong_gate_cf_exact_check_v3/runs/correctness_fuzz/multi_comb_cap/n256/seed1_L1_Q1
correctness_fuzz,multi_comb_cap,256,2,0,0,1,0,0,1,0.013580,3136,/Users/free_1/Library/Mobile Documents/iCloud~md~obsidian/Documents/cpp-checker/branch_3/artifacts/lca_tree_stress_v5/strong_gate_cf_exact_check_v3/runs/correctness_fuzz/multi_comb_cap/n256/seed2_L0_Q0
correctness_fuzz,multi_comb_cap,256,2,0,1,1,0,0,1,0.012784,3152,/Users/free_1/Library/Mobile Documents/iCloud~md~obsidian/Documents/cpp-checker/branch_3/artifacts/lca_tree_stress_v5/strong_gate_cf_exact_check_v3/runs/correctness_fuzz/multi_comb_cap/n256/seed2_L0_Q1
correctness_fuzz,multi_comb_cap,256,2,1,0,1,0,0,1,0.015082,3152,/Users/free_1/Library/Mobile Documents/iCloud~md~obsidian/Documents/cpp-checker/branch_3/artifacts/lca_tree_stress_v5/strong_gate_cf_exact_check_v3/runs/correctness_fuzz/multi_comb_cap/n256/seed2_L1_Q0
correctness_fuzz,multi_comb_cap,256,2,1,1,1,0,0,1,0.015075,3168,/Users/free_1/Library/Mobile Documents/iCloud~md~obsidian/Documents/cpp-checker/branch_3/artifacts/lca_tree_stress_v5/strong_gate_cf_exact_check_v3/runs/correctness_fuzz/multi_comb_cap/n256/seed2_L1_Q1
correctness_fuzz,multi_comb_cap,256,3,0,0,1,0,0,1,0.014762,3152,/Users/free_1/Library/Mobile Documents/iCloud~md~obsidian/Documents/cpp-checker/branch_3/artifacts/lca_tree_stress_v5/strong_gate_cf_exact_check_v3/runs/correctness_fuzz/multi_comb_cap/n256/seed3_L0_Q0
correctness_fuzz,multi_comb_cap,256,3,0,1,1,0,0,1,0.015122,3120,/Users/free_1/Library/Mobile Documents/iCloud~md~obsidian/Documents/cpp-checker/branch_3/artifacts/lca_tree_stress_v5/strong_gate_cf_exact_check_v3/runs/correctness_fuzz/multi_comb_cap/n256/seed3_L0_Q1
correctness_fuzz,multi_comb_cap,256,3,1,0,1,0,0,1,0.013628,3136,/Users/free_1/Library/Mobile Documents/iCloud~md~obsidian/Documents/cpp-checker/branch_3/artifacts/lca_tree_stress_v5/strong_gate_cf_exact_check_v3/runs/correctness_fuzz/multi_comb_cap/n256/seed3_L1_Q0
correctness_fuzz,multi_comb_cap,256,3,1,1,1,0,0,1,0.014211,3136,/Users/free_1/Library/Mobile Documents/iCloud~md~obsidian/Documents/cpp-checker/branch_3/artifacts/lca_tree_stress_v5/strong_gate_cf_exact_check_v3/runs/correctness_fuzz/multi_comb_cap/n256/seed3_L1_Q1
correctness_fuzz,multi_comb_cap,256,4,0,0,1,0,0,1,0.012884,3104,/Users/free_1/Library/Mobile Documents/iCloud~md~obsidian/Documents/cpp-checker/branch_3/artifacts/lca_tree_stress_v5/strong_gate_cf_exact_check_v3/runs/correctness_fuzz/multi_comb_cap/n256/seed4_L0_Q0
correctness_fuzz,multi_comb_cap,256,4,0,1,1,0,0,1,0.015071,3120,/Users/free_1/Library/Mobile Documents/iCloud~md~obsidian/Documents/cpp-checker/branch_3/artifacts/lca_tree_stress_v5/strong_gate_cf_exact_check_v3/runs/correctness_fuzz/multi_comb_cap/n256/seed4_L0_Q1
correctness_fuzz,multi_comb_cap,256,4,1,0,1,0,0,1,0.015090,3120,/Users/free_1/Library/Mobile Documents/iCloud~md~obsidian/Documents/cpp-checker/branch_3/artifacts/lca_tree_stress_v5/strong_gate_cf_exact_check_v3/runs/correctness_fuzz/multi_comb_cap/n256/seed4_L1_Q0
correctness_fuzz,multi_comb_cap,256,4,1,1,1,0,0,1,0.010732,3136,/Users/free_1/Library/Mobile Documents/iCloud~md~obsidian/Documents/cpp-checker/branch_3/artifacts/lca_tree_stress_v5/strong_gate_cf_exact_check_v3/runs/correctness_fuzz/multi_comb_cap/n256/seed4_L1_Q1
correctness_fuzz,multi_comb_cap,256,5,0,0,1,0,0,1,0.013629,3152,/Users/free_1/Library/Mobile Documents/iCloud~md~obsidian/Documents/cpp-checker/branch_3/artifacts/lca_tree_stress_v5/strong_gate_cf_exact_check_v3/runs/correctness_fuzz/multi_comb_cap/n256/seed5_L0_Q0
correctness_fuzz,multi_comb_cap,256,5,0,1,1,0,0,1,0.013130,3104,/Users/free_1/Library/Mobile Documents/iCloud~md~obsidian/Documents/cpp-checker/branch_3/artifacts/lca_tree_stress_v5/strong_gate_cf_exact_check_v3/runs/correctness_fuzz/multi_comb_cap/n256/seed5_L0_Q1
correctness_fuzz,multi_comb_cap,256,5,1,0,1,0,0,1,0.015079,3168,/Users/free_1/Library/Mobile Documents/iCloud~md~obsidian/Documents/cpp-checker/branch_3/artifacts/lca_tree_stress_v5/strong_gate_cf_exact_check_v3/runs/correctness_fuzz/multi_comb_cap/n256/seed5_L1_Q0
correctness_fuzz,multi_comb_cap,256,5,1,1,1,0,0,1,0.011120,3136,/Users/free_1/Library/Mobile Documents/iCloud~md~obsidian/Documents/cpp-checker/branch_3/artifacts/lca_tree_stress_v5/strong_gate_cf_exact_check_v3/runs/correctness_fuzz/multi_comb_cap/n256/seed5_L1_Q1
correctness_fuzz,multi_comb_cap,512,1,0,0,1,0,0,1,0.027980,6848,/Users/free_1/Library/Mobile Documents/iCloud~md~obsidian/Documents/cpp-checker/branch_3/artifacts/lca_tree_stress_v5/strong_gate_cf_exact_check_v3/runs/correctness_fuzz/multi_comb_cap/n512/seed1_L0_Q0
correctness_fuzz,multi_comb_cap,512,1,0,1,1,0,0,1,0.030100,6784,/Users/free_1/Library/Mobile Documents/iCloud~md~obsidian/Documents/cpp-checker/branch_3/artifacts/lca_tree_stress_v5/strong_gate_cf_exact_check_v3/runs/correctness_fuzz/multi_comb_cap/n512/seed1_L0_Q1
correctness_fuzz,multi_comb_cap,512,1,1,0,1,0,0,1,0.026432,6848,/Users/free_1/Library/Mobile Documents/iCloud~md~obsidian/Documents/cpp-checker/branch_3/artifacts/lca_tree_stress_v5/strong_gate_cf_exact_check_v3/runs/correctness_fuzz/multi_comb_cap/n512/seed1_L1_Q0
correctness_fuzz,multi_comb_cap,512,1,1,1,1,0,0,1,0.027973,6800,/Users/free_1/Library/Mobile Documents/iCloud~md~obsidian/Documents/cpp-checker/branch_3/artifacts/lca_tree_stress_v5/strong_gate_cf_exact_check_v3/runs/correctness_fuzz/multi_comb_cap/n512/seed1_L1_Q1
correctness_fuzz,multi_comb_cap,512,2,0,0,1,0,0,1,0.026553,6832,/Users/free_1/Library/Mobile Documents/iCloud~md~obsidian/Documents/cpp-checker/branch_3/artifacts/lca_tree_stress_v5/strong_gate_cf_exact_check_v3/runs/correctness_fuzz/multi_comb_cap/n512/seed2_L0_Q0
correctness_fuzz,multi_comb_cap,512,2,0,1,1,0,0,1,0.024267,6752,/Users/free_1/Library/Mobile Documents/iCloud~md~obsidian/Documents/cpp-checker/branch_3/artifacts/lca_tree_stress_v5/strong_gate_cf_exact_check_v3/runs/correctness_fuzz/multi_comb_cap/n512/seed2_L0_Q1
correctness_fuzz,multi_comb_cap,512,2,1,0,1,0,0,1,0.029659,6768,/Users/free_1/Library/Mobile Documents/iCloud~md~obsidian/Documents/cpp-checker/branch_3/artifacts/lca_tree_stress_v5/strong_gate_cf_exact_check_v3/runs/correctness_fuzz/multi_comb_cap/n512/seed2_L1_Q0
correctness_fuzz,multi_comb_cap,512,2,1,1,1,0,0,1,0.027455,6720,/Users/free_1/Library/Mobile Documents/iCloud~md~obsidian/Documents/cpp-checker/branch_3/artifacts/lca_tree_stress_v5/strong_gate_cf_exact_check_v3/runs/correctness_fuzz/multi_comb_cap/n512/seed2_L1_Q1
correctness_fuzz,multi_comb_cap,512,3,0,0,1,0,0,1,0.030146,6800,/Users/free_1/Library/Mobile Documents/iCloud~md~obsidian/Documents/cpp-checker/branch_3/artifacts/lca_tree_stress_v5/strong_gate_cf_exact_check_v3/runs/correctness_fuzz/multi_comb_cap/n512/seed3_L0_Q0
correctness_fuzz,multi_comb_cap,512,3,0,1,1,0,0,1,0.027040,6736,/Users/free_1/Library/Mobile Documents/iCloud~md~obsidian/Documents/cpp-checker/branch_3/artifacts/lca_tree_stress_v5/strong_gate_cf_exact_check_v3/runs/correctness_fuzz/multi_comb_cap/n512/seed3_L0_Q1
correctness_fuzz,multi_comb_cap,512,3,1,0,1,0,0,1,0.023307,6736,/Users/free_1/Library/Mobile Documents/iCloud~md~obsidian/Documents/cpp-checker/branch_3/artifacts/lca_tree_stress_v5/strong_gate_cf_exact_check_v3/runs/correctness_fuzz/multi_comb_cap/n512/seed3_L1_Q0
correctness_fuzz,multi_comb_cap,512,3,1,1,1,0,0,1,0.028192,6800,/Users/free_1/Library/Mobile Documents/iCloud~md~obsidian/Documents/cpp-checker/branch_3/artifacts/lca_tree_stress_v5/strong_gate_cf_exact_check_v3/runs/correctness_fuzz/multi_comb_cap/n512/seed3_L1_Q1
correctness_fuzz,multi_comb_cap,512,4,0,0,1,0,0,1,0.026437,6736,/Users/free_1/Library/Mobile Documents/iCloud~md~obsidian/Documents/cpp-checker/branch_3/artifacts/lca_tree_stress_v5/strong_gate_cf_exact_check_v3/runs/correctness_fuzz/multi_comb_cap/n512/seed4_L0_Q0
correctness_fuzz,multi_comb_cap,512,4,0,1,1,0,0,1,0.029010,6800,/Users/free_1/Library/Mobile Documents/iCloud~md~obsidian/Documents/cpp-checker/branch_3/artifacts/lca_tree_stress_v5/strong_gate_cf_exact_check_v3/runs/correctness_fuzz/multi_comb_cap/n512/seed4_L0_Q1
correctness_fuzz,multi_comb_cap,512,4,1,0,1,0,0,1,0.022827,6800,/Users/free_1/Library/Mobile Documents/iCloud~md~obsidian/Documents/cpp-checker/branch_3/artifacts/lca_tree_stress_v5/strong_gate_cf_exact_check_v3/runs/correctness_fuzz/multi_comb_cap/n512/seed4_L1_Q0
correctness_fuzz,multi_comb_cap,512,4,1,1,1,0,0,1,0.026637,6784,/Users/free_1/Library/Mobile Documents/iCloud~md~obsidian/Documents/cpp-checker/branch_3/artifacts/lca_tree_stress_v5/strong_gate_cf_exact_check_v3/runs/correctness_fuzz/multi_comb_cap/n512/seed4_L1_Q1
correctness_fuzz,multi_comb_cap,512,5,0,0,1,0,0,1,0.028247,6848,/Users/free_1/Library/Mobile Documents/iCloud~md~obsidian/Documents/cpp-checker/branch_3/artifacts/lca_tree_stress_v5/strong_gate_cf_exact_check_v3/runs/correctness_fuzz/multi_comb_cap/n512/seed5_L0_Q0
correctness_fuzz,multi_comb_cap,512,5,0,1,1,0,0,1,0.025689,6800,/Users/free_1/Library/Mobile Documents/iCloud~md~obsidian/Documents/cpp-checker/branch_3/artifacts/lca_tree_stress_v5/strong_gate_cf_exact_check_v3/runs/correctness_fuzz/multi_comb_cap/n512/seed5_L0_Q1
correctness_fuzz,multi_comb_cap,512,5,1,0,1,0,0,1,0.028504,6816,/Users/free_1/Library/Mobile Documents/iCloud~md~obsidian/Documents/cpp-checker/branch_3/artifacts/lca_tree_stress_v5/strong_gate_cf_exact_check_v3/runs/correctness_fuzz/multi_comb_cap/n512/seed5_L1_Q0
correctness_fuzz,multi_comb_cap,512,5,1,1,1,0,0,1,0.024752,6768,/Users/free_1/Library/Mobile Documents/iCloud~md~obsidian/Documents/cpp-checker/branch_3/artifacts/lca_tree_stress_v5/strong_gate_cf_exact_check_v3/runs/correctness_fuzz/multi_comb_cap/n512/seed5_L1_Q1
correctness_fuzz,multi_comb_cap,1024,1,0,0,1,0,0,1,0.080120,19456,/Users/free_1/Library/Mobile Documents/iCloud~md~obsidian/Documents/cpp-checker/branch_3/artifacts/lca_tree_stress_v5/strong_gate_cf_exact_check_v3/runs/correctness_fuzz/multi_comb_cap/n1024/seed1_L0_Q0
correctness_fuzz,multi_comb_cap,1024,1,0,1,1,0,0,1,0.092396,19312,/Users/free_1/Library/Mobile Documents/iCloud~md~obsidian/Documents/cpp-checker/branch_3/artifacts/lca_tree_stress_v5/strong_gate_cf_exact_check_v3/runs/correctness_fuzz/multi_comb_cap/n1024/seed1_L0_Q1
correctness_fuzz,multi_comb_cap,1024,1,1,0,1,0,0,1,0.088631,19408,/Users/free_1/Library/Mobile Documents/iCloud~md~obsidian/Documents/cpp-checker/branch_3/artifacts/lca_tree_stress_v5/strong_gate_cf_exact_check_v3/runs/correctness_fuzz/multi_comb_cap/n1024/seed1_L1_Q0
correctness_fuzz,multi_comb_cap,1024,1,1,1,1,0,0,1,0.075138,19360,/Users/free_1/Library/Mobile Documents/iCloud~md~obsidian/Documents/cpp-checker/branch_3/artifacts/lca_tree_stress_v5/strong_gate_cf_exact_check_v3/runs/correctness_fuzz/multi_comb_cap/n1024/seed1_L1_Q1
correctness_fuzz,multi_comb_cap,1024,2,0,0,1,0,0,1,0.087946,19488,/Users/free_1/Library/Mobile Documents/iCloud~md~obsidian/Documents/cpp-checker/branch_3/artifacts/lca_tree_stress_v5/strong_gate_cf_exact_check_v3/runs/correctness_fuzz/multi_comb_cap/n1024/seed2_L0_Q0
correctness_fuzz,multi_comb_cap,1024,2,0,1,1,0,0,1,0.093273,19392,/Users/free_1/Library/Mobile Documents/iCloud~md~obsidian/Documents/cpp-checker/branch_3/artifacts/lca_tree_stress_v5/strong_gate_cf_exact_check_v3/runs/correctness_fuzz/multi_comb_cap/n1024/seed2_L0_Q1
correctness_fuzz,multi_comb_cap,1024,2,1,0,1,0,0,1,0.105326,19344,/Users/free_1/Library/Mobile Documents/iCloud~md~obsidian/Documents/cpp-checker/branch_3/artifacts/lca_tree_stress_v5/strong_gate_cf_exact_check_v3/runs/correctness_fuzz/multi_comb_cap/n1024/seed2_L1_Q0
correctness_fuzz,multi_comb_cap,1024,2,1,1,1,0,0,1,0.083680,19392,/Users/free_1/Library/Mobile Documents/iCloud~md~obsidian/Documents/cpp-checker/branch_3/artifacts/lca_tree_stress_v5/strong_gate_cf_exact_check_v3/runs/correctness_fuzz/multi_comb_cap/n1024/seed2_L1_Q1
correctness_fuzz,multi_comb_cap,1024,3,0,0,1,0,0,1,0.099169,19424,/Users/free_1/Library/Mobile Documents/iCloud~md~obsidian/Documents/cpp-checker/branch_3/artifacts/lca_tree_stress_v5/strong_gate_cf_exact_check_v3/runs/correctness_fuzz/multi_comb_cap/n1024/seed3_L0_Q0
correctness_fuzz,multi_comb_cap,1024,3,0,1,1,0,0,1,0.096943,19488,/Users/free_1/Library/Mobile Documents/iCloud~md~obsidian/Documents/cpp-checker/branch_3/artifacts/lca_tree_stress_v5/strong_gate_cf_exact_check_v3/runs/correctness_fuzz/multi_comb_cap/n1024/seed3_L0_Q1
correctness_fuzz,multi_comb_cap,1024,3,1,0,1,0,0,1,0.083405,19488,/Users/free_1/Library/Mobile Documents/iCloud~md~obsidian/Documents/cpp-checker/branch_3/artifacts/lca_tree_stress_v5/strong_gate_cf_exact_check_v3/runs/correctness_fuzz/multi_comb_cap/n1024/seed3_L1_Q0
correctness_fuzz,multi_comb_cap,1024,3,1,1,1,0,0,1,0.077693,19456,/Users/free_1/Library/Mobile Documents/iCloud~md~obsidian/Documents/cpp-checker/branch_3/artifacts/lca_tree_stress_v5/strong_gate_cf_exact_check_v3/runs/correctness_fuzz/multi_comb_cap/n1024/seed3_L1_Q1
correctness_fuzz,multi_comb_cap,1024,4,0,0,1,0,0,1,0.079977,19280,/Users/free_1/Library/Mobile Documents/iCloud~md~obsidian/Documents/cpp-checker/branch_3/artifacts/lca_tree_stress_v5/strong_gate_cf_exact_check_v3/runs/correctness_fuzz/multi_comb_cap/n1024/seed4_L0_Q0
correctness_fuzz,multi_comb_cap,1024,4,0,1,1,0,0,1,0.083116,19440,/Users/free_1/Library/Mobile Documents/iCloud~md~obsidian/Documents/cpp-checker/branch_3/artifacts/lca_tree_stress_v5/strong_gate_cf_exact_check_v3/runs/correctness_fuzz/multi_comb_cap/n1024/seed4_L0_Q1
correctness_fuzz,multi_comb_cap,1024,4,1,0,1,0,0,1,0.084813,19440,/Users/free_1/Library/Mobile Documents/iCloud~md~obsidian/Documents/cpp-checker/branch_3/artifacts/lca_tree_stress_v5/strong_gate_cf_exact_check_v3/runs/correctness_fuzz/multi_comb_cap/n1024/seed4_L1_Q0
correctness_fuzz,multi_comb_cap,1024,4,1,1,1,0,0,1,0.083199,19360,/Users/free_1/Library/Mobile Documents/iCloud~md~obsidian/Documents/cpp-checker/branch_3/artifacts/lca_tree_stress_v5/strong_gate_cf_exact_check_v3/runs/correctness_fuzz/multi_comb_cap/n1024/seed4_L1_Q1
correctness_fuzz,multi_comb_cap,1024,5,0,0,1,0,0,1,0.091064,19424,/Users/free_1/Library/Mobile Documents/iCloud~md~obsidian/Documents/cpp-checker/branch_3/artifacts/lca_tree_stress_v5/strong_gate_cf_exact_check_v3/runs/correctness_fuzz/multi_comb_cap/n1024/seed5_L0_Q0
correctness_fuzz,multi_comb_cap,1024,5,0,1,1,0,0,1,0.088319,19376,/Users/free_1/Library/Mobile Documents/iCloud~md~obsidian/Documents/cpp-checker/branch_3/artifacts/lca_tree_stress_v5/strong_gate_cf_exact_check_v3/runs/correctness_fuzz/multi_comb_cap/n1024/seed5_L0_Q1
correctness_fuzz,multi_comb_cap,1024,5,1,0,1,0,0,1,0.081696,19472,/Users/free_1/Library/Mobile Documents/iCloud~md~obsidian/Documents/cpp-checker/branch_3/artifacts/lca_tree_stress_v5/strong_gate_cf_exact_check_v3/runs/correctness_fuzz/multi_comb_cap/n1024/seed5_L1_Q0
correctness_fuzz,multi_comb_cap,1024,5,1,1,1,0,0,1,0.084300,19520,/Users/free_1/Library/Mobile Documents/iCloud~md~obsidian/Documents/cpp-checker/branch_3/artifacts/lca_tree_stress_v5/strong_gate_cf_exact_check_v3/runs/correctness_fuzz/multi_comb_cap/n1024/seed5_L1_Q1
correctness_fuzz,chain_unary,64,1,0,0,1,0,0,1,0.010936,1680,/Users/free_1/Library/Mobile Documents/iCloud~md~obsidian/Documents/cpp-checker/branch_3/artifacts/lca_tree_stress_v5/strong_gate_cf_exact_check_v3/runs/correctness_fuzz/chain_unary/n64/seed1_L0_Q0
correctness_fuzz,chain_unary,64,1,0,1,1,0,0,1,0.010658,1680,/Users/free_1/Library/Mobile Documents/iCloud~md~obsidian/Documents/cpp-checker/branch_3/artifacts/lca_tree_stress_v5/strong_gate_cf_exact_check_v3/runs/correctness_fuzz/chain_unary/n64/seed1_L0_Q1
correctness_fuzz,chain_unary,64,1,1,0,1,0,0,1,0.015059,1680,/Users/free_1/Library/Mobile Documents/iCloud~md~obsidian/Documents/cpp-checker/branch_3/artifacts/lca_tree_stress_v5/strong_gate_cf_exact_check_v3/runs/correctness_fuzz/chain_unary/n64/seed1_L1_Q0
correctness_fuzz,chain_unary,64,1,1,1,1,0,0,1,0.010713,1680,/Users/free_1/Library/Mobile Documents/iCloud~md~obsidian/Documents/cpp-checker/branch_3/artifacts/lca_tree_stress_v5/strong_gate_cf_exact_check_v3/runs/correctness_fuzz/chain_unary/n64/seed1_L1_Q1
correctness_fuzz,chain_unary,64,2,0,0,1,0,0,1,0.011597,1680,/Users/free_1/Library/Mobile Documents/iCloud~md~obsidian/Documents/cpp-checker/branch_3/artifacts/lca_tree_stress_v5/strong_gate_cf_exact_check_v3/runs/correctness_fuzz/chain_unary/n64/seed2_L0_Q0
correctness_fuzz,chain_unary,64,2,0,1,1,0,0,1,0.012802,1680,/Users/free_1/Library/Mobile Documents/iCloud~md~obsidian/Documents/cpp-checker/branch_3/artifacts/lca_tree_stress_v5/strong_gate_cf_exact_check_v3/runs/correctness_fuzz/chain_unary/n64/seed2_L0_Q1
correctness_fuzz,chain_unary,64,2,1,0,1,0,0,1,0.012603,1680,/Users/free_1/Library/Mobile Documents/iCloud~md~obsidian/Documents/cpp-checker/branch_3/artifacts/lca_tree_stress_v5/strong_gate_cf_exact_check_v3/runs/correctness_fuzz/chain_unary/n64/seed2_L1_Q0
correctness_fuzz,chain_unary,64,2,1,1,1,0,0,1,0.014604,1680,/Users/free_1/Library/Mobile Documents/iCloud~md~obsidian/Documents/cpp-checker/branch_3/artifacts/lca_tree_stress_v5/strong_gate_cf_exact_check_v3/runs/correctness_fuzz/chain_unary/n64/seed2_L1_Q1
correctness_fuzz,chain_unary,64,3,0,0,1,0,0,1,0.013644,1680,/Users/free_1/Library/Mobile Documents/iCloud~md~obsidian/Documents/cpp-checker/branch_3/artifacts/lca_tree_stress_v5/strong_gate_cf_exact_check_v3/runs/correctness_fuzz/chain_unary/n64/seed3_L0_Q0
correctness_fuzz,chain_unary,64,3,0,1,1,0,0,1,0.014564,1680,/Users/free_1/Library/Mobile Documents/iCloud~md~obsidian/Documents/cpp-checker/branch_3/artifacts/lca_tree_stress_v5/strong_gate_cf_exact_check_v3/runs/correctness_fuzz/chain_unary/n64/seed3_L0_Q1
correctness_fuzz,chain_unary,64,3,1,0,1,0,0,1,0.015077,1680,/Users/free_1/Library/Mobile Documents/iCloud~md~obsidian/Documents/cpp-checker/branch_3/artifacts/lca_tree_stress_v5/strong_gate_cf_exact_check_v3/runs/correctness_fuzz/chain_unary/n64/seed3_L1_Q0
correctness_fuzz,chain_unary,64,3,1,1,1,0,0,1,0.010883,1680,/Users/free_1/Library/Mobile Documents/iCloud~md~obsidian/Documents/cpp-checker/branch_3/artifacts/lca_tree_stress_v5/strong_gate_cf_exact_check_v3/runs/correctness_fuzz/chain_unary/n64/seed3_L1_Q1
correctness_fuzz,chain_unary,64,4,0,0,1,0,0,1,0.015068,1680,/Users/free_1/Library/Mobile Documents/iCloud~md~obsidian/Documents/cpp-checker/branch_3/artifacts/lca_tree_stress_v5/strong_gate_cf_exact_check_v3/runs/correctness_fuzz/chain_unary/n64/seed4_L0_Q0
correctness_fuzz,chain_unary,64,4,0,1,1,0,0,1,0.011611,1680,/Users/free_1/Library/Mobile Documents/iCloud~md~obsidian/Documents/cpp-checker/branch_3/artifacts/lca_tree_stress_v5/strong_gate_cf_exact_check_v3/runs/correctness_fuzz/chain_unary/n64/seed4_L0_Q1
correctness_fuzz,chain_unary,64,4,1,0,1,0,0,1,0.013976,1680,/Users/free_1/Library/Mobile Documents/iCloud~md~obsidian/Documents/cpp-checker/branch_3/artifacts/lca_tree_stress_v5/strong_gate_cf_exact_check_v3/runs/correctness_fuzz/chain_unary/n64/seed4_L1_Q0
correctness_fuzz,chain_unary,64,4,1,1,1,0,0,1,0.013646,1680,/Users/free_1/Library/Mobile Documents/iCloud~md~obsidian/Documents/cpp-checker/branch_3/artifacts/lca_tree_stress_v5/strong_gate_cf_exact_check_v3/runs/correctness_fuzz/chain_unary/n64/seed4_L1_Q1
correctness_fuzz,chain_unary,64,5,0,0,1,0,0,1,0.011576,1680,/Users/free_1/Library/Mobile Documents/iCloud~md~obsidian/Documents/cpp-checker/branch_3/artifacts/lca_tree_stress_v5/strong_gate_cf_exact_check_v3/runs/correctness_fuzz/chain_unary/n64/seed5_L0_Q0
correctness_fuzz,chain_unary,64,5,0,1,1,0,0,1,0.011749,1680,/Users/free_1/Library/Mobile Documents/iCloud~md~obsidian/Documents/cpp-checker/branch_3/artifacts/lca_tree_stress_v5/strong_gate_cf_exact_check_v3/runs/correctness_fuzz/chain_unary/n64/seed5_L0_Q1
correctness_fuzz,chain_unary,64,5,1,0,1,0,0,1,0.012618,1680,/Users/free_1/Library/Mobile Documents/iCloud~md~obsidian/Documents/cpp-checker/branch_3/artifacts/lca_tree_stress_v5/strong_gate_cf_exact_check_v3/runs/correctness_fuzz/chain_unary/n64/seed5_L1_Q0
correctness_fuzz,chain_unary,64,5,1,1,1,0,0,1,0.015070,1680,/Users/free_1/Library/Mobile Documents/iCloud~md~obsidian/Documents/cpp-checker/branch_3/artifacts/lca_tree_stress_v5/strong_gate_cf_exact_check_v3/runs/correctness_fuzz/chain_unary/n64/seed5_L1_Q1
correctness_fuzz,chain_unary,128,1,0,0,1,0,0,1,0.015063,1952,/Users/free_1/Library/Mobile Documents/iCloud~md~obsidian/Documents/cpp-checker/branch_3/artifacts/lca_tree_stress_v5/strong_gate_cf_exact_check_v3/runs/correctness_fuzz/chain_unary/n128/seed1_L0_Q0
correctness_fuzz,chain_unary,128,1,0,1,1,0,0,1,0.012930,1952,/Users/free_1/Library/Mobile Documents/iCloud~md~obsidian/Documents/cpp-checker/branch_3/artifacts/lca_tree_stress_v5/strong_gate_cf_exact_check_v3/runs/correctness_fuzz/chain_unary/n128/seed1_L0_Q1
correctness_fuzz,chain_unary,128,1,1,0,1,0,0,1,0.013216,1952,/Users/free_1/Library/Mobile Documents/iCloud~md~obsidian/Documents/cpp-checker/branch_3/artifacts/lca_tree_stress_v5/strong_gate_cf_exact_check_v3/runs/correctness_fuzz/chain_unary/n128/seed1_L1_Q0
correctness_fuzz,chain_unary,128,1,1,1,1,0,0,1,0.011424,1952,/Users/free_1/Library/Mobile Documents/iCloud~md~obsidian/Documents/cpp-checker/branch_3/artifacts/lca_tree_stress_v5/strong_gate_cf_exact_check_v3/runs/correctness_fuzz/chain_unary/n128/seed1_L1_Q1
correctness_fuzz,chain_unary,128,2,0,0,1,0,0,1,0.014343,1952,/Users/free_1/Library/Mobile Documents/iCloud~md~obsidian/Documents/cpp-checker/branch_3/artifacts/lca_tree_stress_v5/strong_gate_cf_exact_check_v3/runs/correctness_fuzz/chain_unary/n128/seed2_L0_Q0
correctness_fuzz,chain_unary,128,2,0,1,1,0,0,1,0.015070,1952,/Users/free_1/Library/Mobile Documents/iCloud~md~obsidian/Documents/cpp-checker/branch_3/artifacts/lca_tree_stress_v5/strong_gate_cf_exact_check_v3/runs/correctness_fuzz/chain_unary/n128/seed2_L0_Q1
correctness_fuzz,chain_unary,128,2,1,0,1,0,0,1,0.011505,1952,/Users/free_1/Library/Mobile Documents/iCloud~md~obsidian/Documents/cpp-checker/branch_3/artifacts/lca_tree_stress_v5/strong_gate_cf_exact_check_v3/runs/correctness_fuzz/chain_unary/n128/seed2_L1_Q0
correctness_fuzz,chain_unary,128,2,1,1,1,0,0,1,0.010286,1952,/Users/free_1/Library/Mobile Documents/iCloud~md~obsidian/Documents/cpp-checker/branch_3/artifacts/lca_tree_stress_v5/strong_gate_cf_exact_check_v3/runs/correctness_fuzz/chain_unary/n128/seed2_L1_Q1
correctness_fuzz,chain_unary,128,3,0,0,1,0,0,1,0.011471,1952,/Users/free_1/Library/Mobile Documents/iCloud~md~obsidian/Documents/cpp-checker/branch_3/artifacts/lca_tree_stress_v5/strong_gate_cf_exact_check_v3/runs/correctness_fuzz/chain_unary/n128/seed3_L0_Q0
correctness_fuzz,chain_unary,128,3,0,1,1,0,0,1,0.011450,1952,/Users/free_1/Library/Mobile Documents/iCloud~md~obsidian/Documents/cpp-checker/branch_3/artifacts/lca_tree_stress_v5/strong_gate_cf_exact_check_v3/runs/correctness_fuzz/chain_unary/n128/seed3_L0_Q1
correctness_fuzz,chain_unary,128,3,1,0,1,0,0,1,0.013561,1952,/Users/free_1/Library/Mobile Documents/iCloud~md~obsidian/Documents/cpp-checker/branch_3/artifacts/lca_tree_stress_v5/strong_gate_cf_exact_check_v3/runs/correctness_fuzz/chain_unary/n128/seed3_L1_Q0
correctness_fuzz,chain_unary,128,3,1,1,1,0,0,1,0.012015,1952,/Users/free_1/Library/Mobile Documents/iCloud~md~obsidian/Documents/cpp-checker/branch_3/artifacts/lca_tree_stress_v5/strong_gate_cf_exact_check_v3/runs/correctness_fuzz/chain_unary/n128/seed3_L1_Q1
correctness_fuzz,chain_unary,128,4,0,0,1,0,0,1,0.014503,1952,/Users/free_1/Library/Mobile Documents/iCloud~md~obsidian/Documents/cpp-checker/branch_3/artifacts/lca_tree_stress_v5/strong_gate_cf_exact_check_v3/runs/correctness_fuzz/chain_unary/n128/seed4_L0_Q0
correctness_fuzz,chain_unary,128,4,0,1,1,0,0,1,0.011065,1952,/Users/free_1/Library/Mobile Documents/iCloud~md~obsidian/Documents/cpp-checker/branch_3/artifacts/lca_tree_stress_v5/strong_gate_cf_exact_check_v3/runs/correctness_fuzz/chain_unary/n128/seed4_L0_Q1
correctness_fuzz,chain_unary,128,4,1,0,1,0,0,1,0.015143,1952,/Users/free_1/Library/Mobile Documents/iCloud~md~obsidian/Documents/cpp-checker/branch_3/artifacts/lca_tree_stress_v5/strong_gate_cf_exact_check_v3/runs/correctness_fuzz/chain_unary/n128/seed4_L1_Q0
correctness_fuzz,chain_unary,128,4,1,1,1,0,0,1,0.013473,1952,/Users/free_1/Library/Mobile Documents/iCloud~md~obsidian/Documents/cpp-checker/branch_3/artifacts/lca_tree_stress_v5/strong_gate_cf_exact_check_v3/runs/correctness_fuzz/chain_unary/n128/seed4_L1_Q1
correctness_fuzz,chain_unary,128,5,0,0,1,0,0,1,0.012316,1952,/Users/free_1/Library/Mobile Documents/iCloud~md~obsidian/Documents/cpp-checker/branch_3/artifacts/lca_tree_stress_v5/strong_gate_cf_exact_check_v3/runs/correctness_fuzz/chain_unary/n128/seed5_L0_Q0
correctness_fuzz,chain_unary,128,5,0,1,1,0,0,1,0.012443,1952,/Users/free_1/Library/Mobile Documents/iCloud~md~obsidian/Documents/cpp-checker/branch_3/artifacts/lca_tree_stress_v5/strong_gate_cf_exact_check_v3/runs/correctness_fuzz/chain_unary/n128/seed5_L0_Q1
correctness_fuzz,chain_unary,128,5,1,0,1,0,0,1,0.015074,1952,/Users/free_1/Library/Mobile Documents/iCloud~md~obsidian/Documents/cpp-checker/branch_3/artifacts/lca_tree_stress_v5/strong_gate_cf_exact_check_v3/runs/correctness_fuzz/chain_unary/n128/seed5_L1_Q0
correctness_fuzz,chain_unary,128,5,1,1,1,0,0,1,0.013229,1952,/Users/free_1/Library/Mobile Documents/iCloud~md~obsidian/Documents/cpp-checker/branch_3/artifacts/lca_tree_stress_v5/strong_gate_cf_exact_check_v3/runs/correctness_fuzz/chain_unary/n128/seed5_L1_Q1
correctness_fuzz,chain_unary,256,1,0,0,1,0,0,1,0.012703,3168,/Users/free_1/Library/Mobile Documents/iCloud~md~obsidian/Documents/cpp-checker/branch_3/artifacts/lca_tree_stress_v5/strong_gate_cf_exact_check_v3/runs/correctness_fuzz/chain_unary/n256/seed1_L0_Q0
correctness_fuzz,chain_unary,256,1,0,1,1,0,0,1,0.014474,3168,/Users/free_1/Library/Mobile Documents/iCloud~md~obsidian/Documents/cpp-checker/branch_3/artifacts/lca_tree_stress_v5/strong_gate_cf_exact_check_v3/runs/correctness_fuzz/chain_unary/n256/seed1_L0_Q1
correctness_fuzz,chain_unary,256,1,1,0,1,0,0,1,0.014271,3184,/Users/free_1/Library/Mobile Documents/iCloud~md~obsidian/Documents/cpp-checker/branch_3/artifacts/lca_tree_stress_v5/strong_gate_cf_exact_check_v3/runs/correctness_fuzz/chain_unary/n256/seed1_L1_Q0
correctness_fuzz,chain_unary,256,1,1,1,1,0,0,1,0.015064,3184,/Users/free_1/Library/Mobile Documents/iCloud~md~obsidian/Documents/cpp-checker/branch_3/artifacts/lca_tree_stress_v5/strong_gate_cf_exact_check_v3/runs/correctness_fuzz/chain_unary/n256/seed1_L1_Q1
correctness_fuzz,chain_unary,256,2,0,0,1,0,0,1,0.012982,3168,/Users/free_1/Library/Mobile Documents/iCloud~md~obsidian/Documents/cpp-checker/branch_3/artifacts/lca_tree_stress_v5/strong_gate_cf_exact_check_v3/runs/correctness_fuzz/chain_unary/n256/seed2_L0_Q0
correctness_fuzz,chain_unary,256,2,0,1,1,0,0,1,0.012514,3168,/Users/free_1/Library/Mobile Documents/iCloud~md~obsidian/Documents/cpp-checker/branch_3/artifacts/lca_tree_stress_v5/strong_gate_cf_exact_check_v3/runs/correctness_fuzz/chain_unary/n256/seed2_L0_Q1
correctness_fuzz,chain_unary,256,2,1,0,1,0,0,1,0.014704,3184,/Users/free_1/Library/Mobile Documents/iCloud~md~obsidian/Documents/cpp-checker/branch_3/artifacts/lca_tree_stress_v5/strong_gate_cf_exact_check_v3/runs/correctness_fuzz/chain_unary/n256/seed2_L1_Q0
correctness_fuzz,chain_unary,256,2,1,1,1,0,0,1,0.015096,3184,/Users/free_1/Library/Mobile Documents/iCloud~md~obsidian/Documents/cpp-checker/branch_3/artifacts/lca_tree_stress_v5/strong_gate_cf_exact_check_v3/runs/correctness_fuzz/chain_unary/n256/seed2_L1_Q1
correctness_fuzz,chain_unary,256,3,0,0,1,0,0,1,0.010553,3168,/Users/free_1/Library/Mobile Documents/iCloud~md~obsidian/Documents/cpp-checker/branch_3/artifacts/lca_tree_stress_v5/strong_gate_cf_exact_check_v3/runs/correctness_fuzz/chain_unary/n256/seed3_L0_Q0
correctness_fuzz,chain_unary,256,3,0,1,1,0,0,1,0.014617,3168,/Users/free_1/Library/Mobile Documents/iCloud~md~obsidian/Documents/cpp-checker/branch_3/artifacts/lca_tree_stress_v5/strong_gate_cf_exact_check_v3/runs/correctness_fuzz/chain_unary/n256/seed3_L0_Q1
correctness_fuzz,chain_unary,256,3,1,0,1,0,0,1,0.012254,3184,/Users/free_1/Library/Mobile Documents/iCloud~md~obsidian/Documents/cpp-checker/branch_3/artifacts/lca_tree_stress_v5/strong_gate_cf_exact_check_v3/runs/correctness_fuzz/chain_unary/n256/seed3_L1_Q0
correctness_fuzz,chain_unary,256,3,1,1,1,0,0,1,0.015103,3184,/Users/free_1/Library/Mobile Documents/iCloud~md~obsidian/Documents/cpp-checker/branch_3/artifacts/lca_tree_stress_v5/strong_gate_cf_exact_check_v3/runs/correctness_fuzz/chain_unary/n256/seed3_L1_Q1
correctness_fuzz,chain_unary,256,4,0,0,1,0,0,1,0.015105,3168,/Users/free_1/Library/Mobile Documents/iCloud~md~obsidian/Documents/cpp-checker/branch_3/artifacts/lca_tree_stress_v5/strong_gate_cf_exact_check_v3/runs/correctness_fuzz/chain_unary/n256/seed4_L0_Q0
correctness_fuzz,chain_unary,256,4,0,1,1,0,0,1,0.015073,3168,/Users/free_1/Library/Mobile Documents/iCloud~md~obsidian/Documents/cpp-checker/branch_3/artifacts/lca_tree_stress_v5/strong_gate_cf_exact_check_v3/runs/correctness_fuzz/chain_unary/n256/seed4_L0_Q1
correctness_fuzz,chain_unary,256,4,1,0,1,0,0,1,0.010776,3184,/Users/free_1/Library/Mobile Documents/iCloud~md~obsidian/Documents/cpp-checker/branch_3/artifacts/lca_tree_stress_v5/strong_gate_cf_exact_check_v3/runs/correctness_fuzz/chain_unary/n256/seed4_L1_Q0
correctness_fuzz,chain_unary,256,4,1,1,1,0,0,1,0.015070,3184,/Users/free_1/Library/Mobile Documents/iCloud~md~obsidian/Documents/cpp-checker/branch_3/artifacts/lca_tree_stress_v5/strong_gate_cf_exact_check_v3/runs/correctness_fuzz/chain_unary/n256/seed4_L1_Q1
correctness_fuzz,chain_unary,256,5,0,0,1,0,0,1,0.013610,3168,/Users/free_1/Library/Mobile Documents/iCloud~md~obsidian/Documents/cpp-checker/branch_3/artifacts/lca_tree_stress_v5/strong_gate_cf_exact_check_v3/runs/correctness_fuzz/chain_unary/n256/seed5_L0_Q0
correctness_fuzz,chain_unary,256,5,0,1,1,0,0,1,0.011808,3168,/Users/free_1/Library/Mobile Documents/iCloud~md~obsidian/Documents/cpp-checker/branch_3/artifacts/lca_tree_stress_v5/strong_gate_cf_exact_check_v3/runs/correctness_fuzz/chain_unary/n256/seed5_L0_Q1
correctness_fuzz,chain_unary,256,5,1,0,1,0,0,1,0.013303,3184,/Users/free_1/Library/Mobile Documents/iCloud~md~obsidian/Documents/cpp-checker/branch_3/artifacts/lca_tree_stress_v5/strong_gate_cf_exact_check_v3/runs/correctness_fuzz/chain_unary/n256/seed5_L1_Q0
correctness_fuzz,chain_unary,256,5,1,1,1,0,0,1,0.014163,3184,/Users/free_1/Library/Mobile Documents/iCloud~md~obsidian/Documents/cpp-checker/branch_3/artifacts/lca_tree_stress_v5/strong_gate_cf_exact_check_v3/runs/correctness_fuzz/chain_unary/n256/seed5_L1_Q1
correctness_fuzz,chain_unary,512,1,0,0,1,0,0,1,0.013694,6512,/Users/free_1/Library/Mobile Documents/iCloud~md~obsidian/Documents/cpp-checker/branch_3/artifacts/lca_tree_stress_v5/strong_gate_cf_exact_check_v3/runs/correctness_fuzz/chain_unary/n512/seed1_L0_Q0
correctness_fuzz,chain_unary,512,1,0,1,1,0,0,1,0.013789,6512,/Users/free_1/Library/Mobile Documents/iCloud~md~obsidian/Documents/cpp-checker/branch_3/artifacts/lca_tree_stress_v5/strong_gate_cf_exact_check_v3/runs/correctness_fuzz/chain_unary/n512/seed1_L0_Q1
correctness_fuzz,chain_unary,512,1,1,0,1,0,0,1,0.015073,6512,/Users/free_1/Library/Mobile Documents/iCloud~md~obsidian/Documents/cpp-checker/branch_3/artifacts/lca_tree_stress_v5/strong_gate_cf_exact_check_v3/runs/correctness_fuzz/chain_unary/n512/seed1_L1_Q0
correctness_fuzz,chain_unary,512,1,1,1,1,0,0,1,0.015011,6512,/Users/free_1/Library/Mobile Documents/iCloud~md~obsidian/Documents/cpp-checker/branch_3/artifacts/lca_tree_stress_v5/strong_gate_cf_exact_check_v3/runs/correctness_fuzz/chain_unary/n512/seed1_L1_Q1
correctness_fuzz,chain_unary,512,2,0,0,1,0,0,1,0.013723,6512,/Users/free_1/Library/Mobile Documents/iCloud~md~obsidian/Documents/cpp-checker/branch_3/artifacts/lca_tree_stress_v5/strong_gate_cf_exact_check_v3/runs/correctness_fuzz/chain_unary/n512/seed2_L0_Q0
correctness_fuzz,chain_unary,512,2,0,1,1,0,0,1,0.015081,6512,/Users/free_1/Library/Mobile Documents/iCloud~md~obsidian/Documents/cpp-checker/branch_3/artifacts/lca_tree_stress_v5/strong_gate_cf_exact_check_v3/runs/correctness_fuzz/chain_unary/n512/seed2_L0_Q1
correctness_fuzz,chain_unary,512,2,1,0,1,0,0,1,0.015087,6512,/Users/free_1/Library/Mobile Documents/iCloud~md~obsidian/Documents/cpp-checker/branch_3/artifacts/lca_tree_stress_v5/strong_gate_cf_exact_check_v3/runs/correctness_fuzz/chain_unary/n512/seed2_L1_Q0
correctness_fuzz,chain_unary,512,2,1,1,1,0,0,1,0.012625,6512,/Users/free_1/Library/Mobile Documents/iCloud~md~obsidian/Documents/cpp-checker/branch_3/artifacts/lca_tree_stress_v5/strong_gate_cf_exact_check_v3/runs/correctness_fuzz/chain_unary/n512/seed2_L1_Q1
correctness_fuzz,chain_unary,512,3,0,0,1,0,0,1,0.015084,6512,/Users/free_1/Library/Mobile Documents/iCloud~md~obsidian/Documents/cpp-checker/branch_3/artifacts/lca_tree_stress_v5/strong_gate_cf_exact_check_v3/runs/correctness_fuzz/chain_unary/n512/seed3_L0_Q0
correctness_fuzz,chain_unary,512,3,0,1,1,0,0,1,0.013553,6512,/Users/free_1/Library/Mobile Documents/iCloud~md~obsidian/Documents/cpp-checker/branch_3/artifacts/lca_tree_stress_v5/strong_gate_cf_exact_check_v3/runs/correctness_fuzz/chain_unary/n512/seed3_L0_Q1
correctness_fuzz,chain_unary,512,3,1,0,1,0,0,1,0.013911,6512,/Users/free_1/Library/Mobile Documents/iCloud~md~obsidian/Documents/cpp-checker/branch_3/artifacts/lca_tree_stress_v5/strong_gate_cf_exact_check_v3/runs/correctness_fuzz/chain_unary/n512/seed3_L1_Q0
correctness_fuzz,chain_unary,512,3,1,1,1,0,0,1,0.015077,6512,/Users/free_1/Library/Mobile Documents/iCloud~md~obsidian/Documents/cpp-checker/branch_3/artifacts/lca_tree_stress_v5/strong_gate_cf_exact_check_v3/runs/correctness_fuzz/chain_unary/n512/seed3_L1_Q1
correctness_fuzz,chain_unary,512,4,0,0,1,0,0,1,0.015071,6512,/Users/free_1/Library/Mobile Documents/iCloud~md~obsidian/Documents/cpp-checker/branch_3/artifacts/lca_tree_stress_v5/strong_gate_cf_exact_check_v3/runs/correctness_fuzz/chain_unary/n512/seed4_L0_Q0
correctness_fuzz,chain_unary,512,4,0,1,1,0,0,1,0.015070,6512,/Users/free_1/Library/Mobile Documents/iCloud~md~obsidian/Documents/cpp-checker/branch_3/artifacts/lca_tree_stress_v5/strong_gate_cf_exact_check_v3/runs/correctness_fuzz/chain_unary/n512/seed4_L0_Q1
correctness_fuzz,chain_unary,512,4,1,0,1,0,0,1,0.012769,6512,/Users/free_1/Library/Mobile Documents/iCloud~md~obsidian/Documents/cpp-checker/branch_3/artifacts/lca_tree_stress_v5/strong_gate_cf_exact_check_v3/runs/correctness_fuzz/chain_unary/n512/seed4_L1_Q0
correctness_fuzz,chain_unary,512,4,1,1,1,0,0,1,0.022125,6512,/Users/free_1/Library/Mobile Documents/iCloud~md~obsidian/Documents/cpp-checker/branch_3/artifacts/lca_tree_stress_v5/strong_gate_cf_exact_check_v3/runs/correctness_fuzz/chain_unary/n512/seed4_L1_Q1
correctness_fuzz,chain_unary,512,5,0,0,1,0,0,1,0.012664,6512,/Users/free_1/Library/Mobile Documents/iCloud~md~obsidian/Documents/cpp-checker/branch_3/artifacts/lca_tree_stress_v5/strong_gate_cf_exact_check_v3/runs/correctness_fuzz/chain_unary/n512/seed5_L0_Q0
correctness_fuzz,chain_unary,512,5,0,1,1,0,0,1,0.015098,6512,/Users/free_1/Library/Mobile Documents/iCloud~md~obsidian/Documents/cpp-checker/branch_3/artifacts/lca_tree_stress_v5/strong_gate_cf_exact_check_v3/runs/correctness_fuzz/chain_unary/n512/seed5_L0_Q1
correctness_fuzz,chain_unary,512,5,1,0,1,0,0,1,0.013243,6512,/Users/free_1/Library/Mobile Documents/iCloud~md~obsidian/Documents/cpp-checker/branch_3/artifacts/lca_tree_stress_v5/strong_gate_cf_exact_check_v3/runs/correctness_fuzz/chain_unary/n512/seed5_L1_Q0
correctness_fuzz,chain_unary,512,5,1,1,1,0,0,1,0.014673,6512,/Users/free_1/Library/Mobile Documents/iCloud~md~obsidian/Documents/cpp-checker/branch_3/artifacts/lca_tree_stress_v5/strong_gate_cf_exact_check_v3/runs/correctness_fuzz/chain_unary/n512/seed5_L1_Q1
correctness_fuzz,chain_unary,1024,1,0,0,1,0,0,1,0.015078,6480,/Users/free_1/Library/Mobile Documents/iCloud~md~obsidian/Documents/cpp-checker/branch_3/artifacts/lca_tree_stress_v5/strong_gate_cf_exact_check_v3/runs/correctness_fuzz/chain_unary/n1024/seed1_L0_Q0
correctness_fuzz,chain_unary,1024,1,0,1,1,0,0,1,0.011607,6480,/Users/free_1/Library/Mobile Documents/iCloud~md~obsidian/Documents/cpp-checker/branch_3/artifacts/lca_tree_stress_v5/strong_gate_cf_exact_check_v3/runs/correctness_fuzz/chain_unary/n1024/seed1_L0_Q1
correctness_fuzz,chain_unary,1024,1,1,0,1,0,0,1,0.015091,6528,/Users/free_1/Library/Mobile Documents/iCloud~md~obsidian/Documents/cpp-checker/branch_3/artifacts/lca_tree_stress_v5/strong_gate_cf_exact_check_v3/runs/correctness_fuzz/chain_unary/n1024/seed1_L1_Q0
correctness_fuzz,chain_unary,1024,1,1,1,1,0,0,1,0.013161,6512,/Users/free_1/Library/Mobile Documents/iCloud~md~obsidian/Documents/cpp-checker/branch_3/artifacts/lca_tree_stress_v5/strong_gate_cf_exact_check_v3/runs/correctness_fuzz/chain_unary/n1024/seed1_L1_Q1
correctness_fuzz,chain_unary,1024,2,0,0,1,0,0,1,0.011704,6480,/Users/free_1/Library/Mobile Documents/iCloud~md~obsidian/Documents/cpp-checker/branch_3/artifacts/lca_tree_stress_v5/strong_gate_cf_exact_check_v3/runs/correctness_fuzz/chain_unary/n1024/seed2_L0_Q0
correctness_fuzz,chain_unary,1024,2,0,1,1,0,0,1,0.013366,6480,/Users/free_1/Library/Mobile Documents/iCloud~md~obsidian/Documents/cpp-checker/branch_3/artifacts/lca_tree_stress_v5/strong_gate_cf_exact_check_v3/runs/correctness_fuzz/chain_unary/n1024/seed2_L0_Q1
correctness_fuzz,chain_unary,1024,2,1,0,1,0,0,1,0.014223,6512,/Users/free_1/Library/Mobile Documents/iCloud~md~obsidian/Documents/cpp-checker/branch_3/artifacts/lca_tree_stress_v5/strong_gate_cf_exact_check_v3/runs/correctness_fuzz/chain_unary/n1024/seed2_L1_Q0
correctness_fuzz,chain_unary,1024,2,1,1,1,0,0,1,0.013672,6512,/Users/free_1/Library/Mobile Documents/iCloud~md~obsidian/Documents/cpp-checker/branch_3/artifacts/lca_tree_stress_v5/strong_gate_cf_exact_check_v3/runs/correctness_fuzz/chain_unary/n1024/seed2_L1_Q1
correctness_fuzz,chain_unary,1024,3,0,0,1,0,0,1,0.010661,6480,/Users/free_1/Library/Mobile Documents/iCloud~md~obsidian/Documents/cpp-checker/branch_3/artifacts/lca_tree_stress_v5/strong_gate_cf_exact_check_v3/runs/correctness_fuzz/chain_unary/n1024/seed3_L0_Q0
correctness_fuzz,chain_unary,1024,3,0,1,1,0,0,1,0.014180,6480,/Users/free_1/Library/Mobile Documents/iCloud~md~obsidian/Documents/cpp-checker/branch_3/artifacts/lca_tree_stress_v5/strong_gate_cf_exact_check_v3/runs/correctness_fuzz/chain_unary/n1024/seed3_L0_Q1
correctness_fuzz,chain_unary,1024,3,1,0,1,0,0,1,0.015081,6512,/Users/free_1/Library/Mobile Documents/iCloud~md~obsidian/Documents/cpp-checker/branch_3/artifacts/lca_tree_stress_v5/strong_gate_cf_exact_check_v3/runs/correctness_fuzz/chain_unary/n1024/seed3_L1_Q0
correctness_fuzz,chain_unary,1024,3,1,1,1,0,0,1,0.015073,6512,/Users/free_1/Library/Mobile Documents/iCloud~md~obsidian/Documents/cpp-checker/branch_3/artifacts/lca_tree_stress_v5/strong_gate_cf_exact_check_v3/runs/correctness_fuzz/chain_unary/n1024/seed3_L1_Q1
correctness_fuzz,chain_unary,1024,4,0,0,1,0,0,1,0.013053,6480,/Users/free_1/Library/Mobile Documents/iCloud~md~obsidian/Documents/cpp-checker/branch_3/artifacts/lca_tree_stress_v5/strong_gate_cf_exact_check_v3/runs/correctness_fuzz/chain_unary/n1024/seed4_L0_Q0
correctness_fuzz,chain_unary,1024,4,0,1,1,0,0,1,0.010333,6480,/Users/free_1/Library/Mobile Documents/iCloud~md~obsidian/Documents/cpp-checker/branch_3/artifacts/lca_tree_stress_v5/strong_gate_cf_exact_check_v3/runs/correctness_fuzz/chain_unary/n1024/seed4_L0_Q1
correctness_fuzz,chain_unary,1024,4,1,0,1,0,0,1,0.015071,6512,/Users/free_1/Library/Mobile Documents/iCloud~md~obsidian/Documents/cpp-checker/branch_3/artifacts/lca_tree_stress_v5/strong_gate_cf_exact_check_v3/runs/correctness_fuzz/chain_unary/n1024/seed4_L1_Q0
correctness_fuzz,chain_unary,1024,4,1,1,1,0,0,1,0.012412,6512,/Users/free_1/Library/Mobile Documents/iCloud~md~obsidian/Documents/cpp-checker/branch_3/artifacts/lca_tree_stress_v5/strong_gate_cf_exact_check_v3/runs/correctness_fuzz/chain_unary/n1024/seed4_L1_Q1
correctness_fuzz,chain_unary,1024,5,0,0,1,0,0,1,0.013299,6496,/Users/free_1/Library/Mobile Documents/iCloud~md~obsidian/Documents/cpp-checker/branch_3/artifacts/lca_tree_stress_v5/strong_gate_cf_exact_check_v3/runs/correctness_fuzz/chain_unary/n1024/seed5_L0_Q0
correctness_fuzz,chain_unary,1024,5,0,1,1,0,0,1,0.014656,6480,/Users/free_1/Library/Mobile Documents/iCloud~md~obsidian/Documents/cpp-checker/branch_3/artifacts/lca_tree_stress_v5/strong_gate_cf_exact_check_v3/runs/correctness_fuzz/chain_unary/n1024/seed5_L0_Q1
correctness_fuzz,chain_unary,1024,5,1,0,1,0,0,1,0.010385,6512,/Users/free_1/Library/Mobile Documents/iCloud~md~obsidian/Documents/cpp-checker/branch_3/artifacts/lca_tree_stress_v5/strong_gate_cf_exact_check_v3/runs/correctness_fuzz/chain_unary/n1024/seed5_L1_Q0
correctness_fuzz,chain_unary,1024,5,1,1,1,0,0,1,0.013284,6512,/Users/free_1/Library/Mobile Documents/iCloud~md~obsidian/Documents/cpp-checker/branch_3/artifacts/lca_tree_stress_v5/strong_gate_cf_exact_check_v3/runs/correctness_fuzz/chain_unary/n1024/seed5_L1_Q1
correctness_fuzz,star_pairs,64,1,0,0,1,0,0,1,0.014667,1584,/Users/free_1/Library/Mobile Documents/iCloud~md~obsidian/Documents/cpp-checker/branch_3/artifacts/lca_tree_stress_v5/strong_gate_cf_exact_check_v3/runs/correctness_fuzz/star_pairs/n64/seed1_L0_Q0
correctness_fuzz,star_pairs,64,1,0,1,1,0,0,1,0.011378,1584,/Users/free_1/Library/Mobile Documents/iCloud~md~obsidian/Documents/cpp-checker/branch_3/artifacts/lca_tree_stress_v5/strong_gate_cf_exact_check_v3/runs/correctness_fuzz/star_pairs/n64/seed1_L0_Q1
correctness_fuzz,star_pairs,64,1,1,0,1,0,0,1,0.012537,1584,/Users/free_1/Library/Mobile Documents/iCloud~md~obsidian/Documents/cpp-checker/branch_3/artifacts/lca_tree_stress_v5/strong_gate_cf_exact_check_v3/runs/correctness_fuzz/star_pairs/n64/seed1_L1_Q0
correctness_fuzz,star_pairs,64,1,1,1,1,0,0,1,0.010792,1584,/Users/free_1/Library/Mobile Documents/iCloud~md~obsidian/Documents/cpp-checker/branch_3/artifacts/lca_tree_stress_v5/strong_gate_cf_exact_check_v3/runs/correctness_fuzz/star_pairs/n64/seed1_L1_Q1
correctness_fuzz,star_pairs,64,2,0,0,1,0,0,1,0.014380,1584,/Users/free_1/Library/Mobile Documents/iCloud~md~obsidian/Documents/cpp-checker/branch_3/artifacts/lca_tree_stress_v5/strong_gate_cf_exact_check_v3/runs/correctness_fuzz/star_pairs/n64/seed2_L0_Q0
correctness_fuzz,star_pairs,64,2,0,1,1,0,0,1,0.014506,1584,/Users/free_1/Library/Mobile Documents/iCloud~md~obsidian/Documents/cpp-checker/branch_3/artifacts/lca_tree_stress_v5/strong_gate_cf_exact_check_v3/runs/correctness_fuzz/star_pairs/n64/seed2_L0_Q1
correctness_fuzz,star_pairs,64,2,1,0,1,0,0,1,0.015064,1584,/Users/free_1/Library/Mobile Documents/iCloud~md~obsidian/Documents/cpp-checker/branch_3/artifacts/lca_tree_stress_v5/strong_gate_cf_exact_check_v3/runs/correctness_fuzz/star_pairs/n64/seed2_L1_Q0
correctness_fuzz,star_pairs,64,2,1,1,1,0,0,1,0.011605,1584,/Users/free_1/Library/Mobile Documents/iCloud~md~obsidian/Documents/cpp-checker/branch_3/artifacts/lca_tree_stress_v5/strong_gate_cf_exact_check_v3/runs/correctness_fuzz/star_pairs/n64/seed2_L1_Q1
correctness_fuzz,star_pairs,64,3,0,0,1,0,0,1,0.012014,1584,/Users/free_1/Library/Mobile Documents/iCloud~md~obsidian/Documents/cpp-checker/branch_3/artifacts/lca_tree_stress_v5/strong_gate_cf_exact_check_v3/runs/correctness_fuzz/star_pairs/n64/seed3_L0_Q0
correctness_fuzz,star_pairs,64,3,0,1,1,0,0,1,0.015104,1584,/Users/free_1/Library/Mobile Documents/iCloud~md~obsidian/Documents/cpp-checker/branch_3/artifacts/lca_tree_stress_v5/strong_gate_cf_exact_check_v3/runs/correctness_fuzz/star_pairs/n64/seed3_L0_Q1
correctness_fuzz,star_pairs,64,3,1,0,1,0,0,1,0.015089,1584,/Users/free_1/Library/Mobile Documents/iCloud~md~obsidian/Documents/cpp-checker/branch_3/artifacts/lca_tree_stress_v5/strong_gate_cf_exact_check_v3/runs/correctness_fuzz/star_pairs/n64/seed3_L1_Q0
correctness_fuzz,star_pairs,64,3,1,1,1,0,0,1,0.012811,1584,/Users/free_1/Library/Mobile Documents/iCloud~md~obsidian/Documents/cpp-checker/branch_3/artifacts/lca_tree_stress_v5/strong_gate_cf_exact_check_v3/runs/correctness_fuzz/star_pairs/n64/seed3_L1_Q1
correctness_fuzz,star_pairs,64,4,0,0,1,0,0,1,0.012482,1584,/Users/free_1/Library/Mobile Documents/iCloud~md~obsidian/Documents/cpp-checker/branch_3/artifacts/lca_tree_stress_v5/strong_gate_cf_exact_check_v3/runs/correctness_fuzz/star_pairs/n64/seed4_L0_Q0
correctness_fuzz,star_pairs,64,4,0,1,1,0,0,1,0.012607,1584,/Users/free_1/Library/Mobile Documents/iCloud~md~obsidian/Documents/cpp-checker/branch_3/artifacts/lca_tree_stress_v5/strong_gate_cf_exact_check_v3/runs/correctness_fuzz/star_pairs/n64/seed4_L0_Q1
correctness_fuzz,star_pairs,64,4,1,0,1,0,0,1,0.012030,1584,/Users/free_1/Library/Mobile Documents/iCloud~md~obsidian/Documents/cpp-checker/branch_3/artifacts/lca_tree_stress_v5/strong_gate_cf_exact_check_v3/runs/correctness_fuzz/star_pairs/n64/seed4_L1_Q0
correctness_fuzz,star_pairs,64,4,1,1,1,0,0,1,0.010793,1584,/Users/free_1/Library/Mobile Documents/iCloud~md~obsidian/Documents/cpp-checker/branch_3/artifacts/lca_tree_stress_v5/strong_gate_cf_exact_check_v3/runs/correctness_fuzz/star_pairs/n64/seed4_L1_Q1
correctness_fuzz,star_pairs,64,5,0,0,1,0,0,1,0.015076,1584,/Users/free_1/Library/Mobile Documents/iCloud~md~obsidian/Documents/cpp-checker/branch_3/artifacts/lca_tree_stress_v5/strong_gate_cf_exact_check_v3/runs/correctness_fuzz/star_pairs/n64/seed5_L0_Q0
correctness_fuzz,star_pairs,64,5,0,1,1,0,0,1,0.012436,1584,/Users/free_1/Library/Mobile Documents/iCloud~md~obsidian/Documents/cpp-checker/branch_3/artifacts/lca_tree_stress_v5/strong_gate_cf_exact_check_v3/runs/correctness_fuzz/star_pairs/n64/seed5_L0_Q1
correctness_fuzz,star_pairs,64,5,1,0,1,0,0,1,0.015073,1584,/Users/free_1/Library/Mobile Documents/iCloud~md~obsidian/Documents/cpp-checker/branch_3/artifacts/lca_tree_stress_v5/strong_gate_cf_exact_check_v3/runs/correctness_fuzz/star_pairs/n64/seed5_L1_Q0
correctness_fuzz,star_pairs,64,5,1,1,1,0,0,1,0.015082,1584,/Users/free_1/Library/Mobile Documents/iCloud~md~obsidian/Documents/cpp-checker/branch_3/artifacts/lca_tree_stress_v5/strong_gate_cf_exact_check_v3/runs/correctness_fuzz/star_pairs/n64/seed5_L1_Q1
correctness_fuzz,star_pairs,128,1,0,0,1,0,0,1,0.029135,1952,/Users/free_1/Library/Mobile Documents/iCloud~md~obsidian/Documents/cpp-checker/branch_3/artifacts/lca_tree_stress_v5/strong_gate_cf_exact_check_v3/runs/correctness_fuzz/star_pairs/n128/seed1_L0_Q0
correctness_fuzz,star_pairs,128,1,0,1,1,0,0,1,0.012402,1968,/Users/free_1/Library/Mobile Documents/iCloud~md~obsidian/Documents/cpp-checker/branch_3/artifacts/lca_tree_stress_v5/strong_gate_cf_exact_check_v3/runs/correctness_fuzz/star_pairs/n128/seed1_L0_Q1
correctness_fuzz,star_pairs,128,1,1,0,1,0,0,1,0.010572,1952,/Users/free_1/Library/Mobile Documents/iCloud~md~obsidian/Documents/cpp-checker/branch_3/artifacts/lca_tree_stress_v5/strong_gate_cf_exact_check_v3/runs/correctness_fuzz/star_pairs/n128/seed1_L1_Q0
correctness_fuzz,star_pairs,128,1,1,1,1,0,0,1,0.015070,1968,/Users/free_1/Library/Mobile Documents/iCloud~md~obsidian/Documents/cpp-checker/branch_3/artifacts/lca_tree_stress_v5/strong_gate_cf_exact_check_v3/runs/correctness_fuzz/star_pairs/n128/seed1_L1_Q1
correctness_fuzz,star_pairs,128,2,0,0,1,0,0,1,0.011133,1968,/Users/free_1/Library/Mobile Documents/iCloud~md~obsidian/Documents/cpp-checker/branch_3/artifacts/lca_tree_stress_v5/strong_gate_cf_exact_check_v3/runs/correctness_fuzz/star_pairs/n128/seed2_L0_Q0
correctness_fuzz,star_pairs,128,2,0,1,1,0,0,1,0.015085,1968,/Users/free_1/Library/Mobile Documents/iCloud~md~obsidian/Documents/cpp-checker/branch_3/artifacts/lca_tree_stress_v5/strong_gate_cf_exact_check_v3/runs/correctness_fuzz/star_pairs/n128/seed2_L0_Q1
correctness_fuzz,star_pairs,128,2,1,0,1,0,0,1,0.013719,1952,/Users/free_1/Library/Mobile Documents/iCloud~md~obsidian/Documents/cpp-checker/branch_3/artifacts/lca_tree_stress_v5/strong_gate_cf_exact_check_v3/runs/correctness_fuzz/star_pairs/n128/seed2_L1_Q0
correctness_fuzz,star_pairs,128,2,1,1,1,0,0,1,0.012175,1968,/Users/free_1/Library/Mobile Documents/iCloud~md~obsidian/Documents/cpp-checker/branch_3/artifacts/lca_tree_stress_v5/strong_gate_cf_exact_check_v3/runs/correctness_fuzz/star_pairs/n128/seed2_L1_Q1
correctness_fuzz,star_pairs,128,3,0,0,1,0,0,1,0.015074,1952,/Users/free_1/Library/Mobile Documents/iCloud~md~obsidian/Documents/cpp-checker/branch_3/artifacts/lca_tree_stress_v5/strong_gate_cf_exact_check_v3/runs/correctness_fuzz/star_pairs/n128/seed3_L0_Q0
correctness_fuzz,star_pairs,128,3,0,1,1,0,0,1,0.015079,1968,/Users/free_1/Library/Mobile Documents/iCloud~md~obsidian/Documents/cpp-checker/branch_3/artifacts/lca_tree_stress_v5/strong_gate_cf_exact_check_v3/runs/correctness_fuzz/star_pairs/n128/seed3_L0_Q1
correctness_fuzz,star_pairs,128,3,1,0,1,0,0,1,0.014988,1968,/Users/free_1/Library/Mobile Documents/iCloud~md~obsidian/Documents/cpp-checker/branch_3/artifacts/lca_tree_stress_v5/strong_gate_cf_exact_check_v3/runs/correctness_fuzz/star_pairs/n128/seed3_L1_Q0
correctness_fuzz,star_pairs,128,3,1,1,1,0,0,1,0.013254,1952,/Users/free_1/Library/Mobile Documents/iCloud~md~obsidian/Documents/cpp-checker/branch_3/artifacts/lca_tree_stress_v5/strong_gate_cf_exact_check_v3/runs/correctness_fuzz/star_pairs/n128/seed3_L1_Q1
correctness_fuzz,star_pairs,128,4,0,0,1,0,0,1,0.015085,1968,/Users/free_1/Library/Mobile Documents/iCloud~md~obsidian/Documents/cpp-checker/branch_3/artifacts/lca_tree_stress_v5/strong_gate_cf_exact_check_v3/runs/correctness_fuzz/star_pairs/n128/seed4_L0_Q0
correctness_fuzz,star_pairs,128,4,0,1,1,0,0,1,0.015079,1968,/Users/free_1/Library/Mobile Documents/iCloud~md~obsidian/Documents/cpp-checker/branch_3/artifacts/lca_tree_stress_v5/strong_gate_cf_exact_check_v3/runs/correctness_fuzz/star_pairs/n128/seed4_L0_Q1
correctness_fuzz,star_pairs,128,4,1,0,1,0,0,1,0.012857,1968,/Users/free_1/Library/Mobile Documents/iCloud~md~obsidian/Documents/cpp-checker/branch_3/artifacts/lca_tree_stress_v5/strong_gate_cf_exact_check_v3/runs/correctness_fuzz/star_pairs/n128/seed4_L1_Q0
correctness_fuzz,star_pairs,128,4,1,1,1,0,0,1,0.011313,1952,/Users/free_1/Library/Mobile Documents/iCloud~md~obsidian/Documents/cpp-checker/branch_3/artifacts/lca_tree_stress_v5/strong_gate_cf_exact_check_v3/runs/correctness_fuzz/star_pairs/n128/seed4_L1_Q1
correctness_fuzz,star_pairs,128,5,0,0,1,0,0,1,0.015084,1952,/Users/free_1/Library/Mobile Documents/iCloud~md~obsidian/Documents/cpp-checker/branch_3/artifacts/lca_tree_stress_v5/strong_gate_cf_exact_check_v3/runs/correctness_fuzz/star_pairs/n128/seed5_L0_Q0
correctness_fuzz,star_pairs,128,5,0,1,1,0,0,1,0.015097,1952,/Users/free_1/Library/Mobile Documents/iCloud~md~obsidian/Documents/cpp-checker/branch_3/artifacts/lca_tree_stress_v5/strong_gate_cf_exact_check_v3/runs/correctness_fuzz/star_pairs/n128/seed5_L0_Q1
correctness_fuzz,star_pairs,128,5,1,0,1,0,0,1,0.014459,1968,/Users/free_1/Library/Mobile Documents/iCloud~md~obsidian/Documents/cpp-checker/branch_3/artifacts/lca_tree_stress_v5/strong_gate_cf_exact_check_v3/runs/correctness_fuzz/star_pairs/n128/seed5_L1_Q0
correctness_fuzz,star_pairs,128,5,1,1,1,0,0,1,0.013067,1952,/Users/free_1/Library/Mobile Documents/iCloud~md~obsidian/Documents/cpp-checker/branch_3/artifacts/lca_tree_stress_v5/strong_gate_cf_exact_check_v3/runs/correctness_fuzz/star_pairs/n128/seed5_L1_Q1
correctness_fuzz,star_pairs,256,1,0,0,1,0,0,1,0.015112,3360,/Users/free_1/Library/Mobile Documents/iCloud~md~obsidian/Documents/cpp-checker/branch_3/artifacts/lca_tree_stress_v5/strong_gate_cf_exact_check_v3/runs/correctness_fuzz/star_pairs/n256/seed1_L0_Q0
correctness_fuzz,star_pairs,256,1,0,1,1,0,0,1,0.015070,3360,/Users/free_1/Library/Mobile Documents/iCloud~md~obsidian/Documents/cpp-checker/branch_3/artifacts/lca_tree_stress_v5/strong_gate_cf_exact_check_v3/runs/correctness_fuzz/star_pairs/n256/seed1_L0_Q1
correctness_fuzz,star_pairs,256,1,1,0,1,0,0,1,0.013278,3360,/Users/free_1/Library/Mobile Documents/iCloud~md~obsidian/Documents/cpp-checker/branch_3/artifacts/lca_tree_stress_v5/strong_gate_cf_exact_check_v3/runs/correctness_fuzz/star_pairs/n256/seed1_L1_Q0
correctness_fuzz,star_pairs,256,1,1,1,1,0,0,1,0.013929,3344,/Users/free_1/Library/Mobile Documents/iCloud~md~obsidian/Documents/cpp-checker/branch_3/artifacts/lca_tree_stress_v5/strong_gate_cf_exact_check_v3/runs/correctness_fuzz/star_pairs/n256/seed1_L1_Q1
correctness_fuzz,star_pairs,256,2,0,0,1,0,0,1,0.015072,3360,/Users/free_1/Library/Mobile Documents/iCloud~md~obsidian/Documents/cpp-checker/branch_3/artifacts/lca_tree_stress_v5/strong_gate_cf_exact_check_v3/runs/correctness_fuzz/star_pairs/n256/seed2_L0_Q0
correctness_fuzz,star_pairs,256,2,0,1,1,0,0,1,0.012443,3360,/Users/free_1/Library/Mobile Documents/iCloud~md~obsidian/Documents/cpp-checker/branch_3/artifacts/lca_tree_stress_v5/strong_gate_cf_exact_check_v3/runs/correctness_fuzz/star_pairs/n256/seed2_L0_Q1
correctness_fuzz,star_pairs,256,2,1,0,1,0,0,1,0.010706,3360,/Users/free_1/Library/Mobile Documents/iCloud~md~obsidian/Documents/cpp-checker/branch_3/artifacts/lca_tree_stress_v5/strong_gate_cf_exact_check_v3/runs/correctness_fuzz/star_pairs/n256/seed2_L1_Q0
correctness_fuzz,star_pairs,256,2,1,1,1,0,0,1,0.011901,3360,/Users/free_1/Library/Mobile Documents/iCloud~md~obsidian/Documents/cpp-checker/branch_3/artifacts/lca_tree_stress_v5/strong_gate_cf_exact_check_v3/runs/correctness_fuzz/star_pairs/n256/seed2_L1_Q1
correctness_fuzz,star_pairs,256,3,0,0,1,0,0,1,0.015069,3360,/Users/free_1/Library/Mobile Documents/iCloud~md~obsidian/Documents/cpp-checker/branch_3/artifacts/lca_tree_stress_v5/strong_gate_cf_exact_check_v3/runs/correctness_fuzz/star_pairs/n256/seed3_L0_Q0
correctness_fuzz,star_pairs,256,3,0,1,1,0,0,1,0.013801,3360,/Users/free_1/Library/Mobile Documents/iCloud~md~obsidian/Documents/cpp-checker/branch_3/artifacts/lca_tree_stress_v5/strong_gate_cf_exact_check_v3/runs/correctness_fuzz/star_pairs/n256/seed3_L0_Q1
correctness_fuzz,star_pairs,256,3,1,0,1,0,0,1,0.015070,3360,/Users/free_1/Library/Mobile Documents/iCloud~md~obsidian/Documents/cpp-checker/branch_3/artifacts/lca_tree_stress_v5/strong_gate_cf_exact_check_v3/runs/correctness_fuzz/star_pairs/n256/seed3_L1_Q0
correctness_fuzz,star_pairs,256,3,1,1,1,0,0,1,0.013847,3360,/Users/free_1/Library/Mobile Documents/iCloud~md~obsidian/Documents/cpp-checker/branch_3/artifacts/lca_tree_stress_v5/strong_gate_cf_exact_check_v3/runs/correctness_fuzz/star_pairs/n256/seed3_L1_Q1
correctness_fuzz,star_pairs,256,4,0,0,1,0,0,1,0.013971,3360,/Users/free_1/Library/Mobile Documents/iCloud~md~obsidian/Documents/cpp-checker/branch_3/artifacts/lca_tree_stress_v5/strong_gate_cf_exact_check_v3/runs/correctness_fuzz/star_pairs/n256/seed4_L0_Q0
correctness_fuzz,star_pairs,256,4,0,1,1,0,0,1,0.014462,3360,/Users/free_1/Library/Mobile Documents/iCloud~md~obsidian/Documents/cpp-checker/branch_3/artifacts/lca_tree_stress_v5/strong_gate_cf_exact_check_v3/runs/correctness_fuzz/star_pairs/n256/seed4_L0_Q1
correctness_fuzz,star_pairs,256,4,1,0,1,0,0,1,0.011809,3344,/Users/free_1/Library/Mobile Documents/iCloud~md~obsidian/Documents/cpp-checker/branch_3/artifacts/lca_tree_stress_v5/strong_gate_cf_exact_check_v3/runs/correctness_fuzz/star_pairs/n256/seed4_L1_Q0
correctness_fuzz,star_pairs,256,4,1,1,1,0,0,1,0.011349,3360,/Users/free_1/Library/Mobile Documents/iCloud~md~obsidian/Documents/cpp-checker/branch_3/artifacts/lca_tree_stress_v5/strong_gate_cf_exact_check_v3/runs/correctness_fuzz/star_pairs/n256/seed4_L1_Q1
correctness_fuzz,star_pairs,256,5,0,0,1,0,0,1,0.015079,3360,/Users/free_1/Library/Mobile Documents/iCloud~md~obsidian/Documents/cpp-checker/branch_3/artifacts/lca_tree_stress_v5/strong_gate_cf_exact_check_v3/runs/correctness_fuzz/star_pairs/n256/seed5_L0_Q0
correctness_fuzz,star_pairs,256,5,0,1,1,0,0,1,0.015077,3360,/Users/free_1/Library/Mobile Documents/iCloud~md~obsidian/Documents/cpp-checker/branch_3/artifacts/lca_tree_stress_v5/strong_gate_cf_exact_check_v3/runs/correctness_fuzz/star_pairs/n256/seed5_L0_Q1
correctness_fuzz,star_pairs,256,5,1,0,1,0,0,1,0.013299,3360,/Users/free_1/Library/Mobile Documents/iCloud~md~obsidian/Documents/cpp-checker/branch_3/artifacts/lca_tree_stress_v5/strong_gate_cf_exact_check_v3/runs/correctness_fuzz/star_pairs/n256/seed5_L1_Q0
correctness_fuzz,star_pairs,256,5,1,1,1,0,0,1,0.012409,3360,/Users/free_1/Library/Mobile Documents/iCloud~md~obsidian/Documents/cpp-checker/branch_3/artifacts/lca_tree_stress_v5/strong_gate_cf_exact_check_v3/runs/correctness_fuzz/star_pairs/n256/seed5_L1_Q1
correctness_fuzz,star_pairs,512,1,0,0,1,0,0,1,0.013182,7184,/Users/free_1/Library/Mobile Documents/iCloud~md~obsidian/Documents/cpp-checker/branch_3/artifacts/lca_tree_stress_v5/strong_gate_cf_exact_check_v3/runs/correctness_fuzz/star_pairs/n512/seed1_L0_Q0
correctness_fuzz,star_pairs,512,1,0,1,1,0,0,1,0.012274,7184,/Users/free_1/Library/Mobile Documents/iCloud~md~obsidian/Documents/cpp-checker/branch_3/artifacts/lca_tree_stress_v5/strong_gate_cf_exact_check_v3/runs/correctness_fuzz/star_pairs/n512/seed1_L0_Q1
correctness_fuzz,star_pairs,512,1,1,0,1,0,0,1,0.011191,7200,/Users/free_1/Library/Mobile Documents/iCloud~md~obsidian/Documents/cpp-checker/branch_3/artifacts/lca_tree_stress_v5/strong_gate_cf_exact_check_v3/runs/correctness_fuzz/star_pairs/n512/seed1_L1_Q0
correctness_fuzz,star_pairs,512,1,1,1,1,0,0,1,0.011783,7200,/Users/free_1/Library/Mobile Documents/iCloud~md~obsidian/Documents/cpp-checker/branch_3/artifacts/lca_tree_stress_v5/strong_gate_cf_exact_check_v3/runs/correctness_fuzz/star_pairs/n512/seed1_L1_Q1
correctness_fuzz,star_pairs,512,2,0,0,1,0,0,1,0.012635,7184,/Users/free_1/Library/Mobile Documents/iCloud~md~obsidian/Documents/cpp-checker/branch_3/artifacts/lca_tree_stress_v5/strong_gate_cf_exact_check_v3/runs/correctness_fuzz/star_pairs/n512/seed2_L0_Q0
correctness_fuzz,star_pairs,512,2,0,1,1,0,0,1,0.015116,7184,/Users/free_1/Library/Mobile Documents/iCloud~md~obsidian/Documents/cpp-checker/branch_3/artifacts/lca_tree_stress_v5/strong_gate_cf_exact_check_v3/runs/correctness_fuzz/star_pairs/n512/seed2_L0_Q1
correctness_fuzz,star_pairs,512,2,1,0,1,0,0,1,0.012506,7200,/Users/free_1/Library/Mobile Documents/iCloud~md~obsidian/Documents/cpp-checker/branch_3/artifacts/lca_tree_stress_v5/strong_gate_cf_exact_check_v3/runs/correctness_fuzz/star_pairs/n512/seed2_L1_Q0
correctness_fuzz,star_pairs,512,2,1,1,1,0,0,1,0.011932,7200,/Users/free_1/Library/Mobile Documents/iCloud~md~obsidian/Documents/cpp-checker/branch_3/artifacts/lca_tree_stress_v5/strong_gate_cf_exact_check_v3/runs/correctness_fuzz/star_pairs/n512/seed2_L1_Q1
correctness_fuzz,star_pairs,512,3,0,0,1,0,0,1,0.010714,7184,/Users/free_1/Library/Mobile Documents/iCloud~md~obsidian/Documents/cpp-checker/branch_3/artifacts/lca_tree_stress_v5/strong_gate_cf_exact_check_v3/runs/correctness_fuzz/star_pairs/n512/seed3_L0_Q0
correctness_fuzz,star_pairs,512,3,0,1,1,0,0,1,0.012405,7184,/Users/free_1/Library/Mobile Documents/iCloud~md~obsidian/Documents/cpp-checker/branch_3/artifacts/lca_tree_stress_v5/strong_gate_cf_exact_check_v3/runs/correctness_fuzz/star_pairs/n512/seed3_L0_Q1
correctness_fuzz,star_pairs,512,3,1,0,1,0,0,1,0.013722,7200,/Users/free_1/Library/Mobile Documents/iCloud~md~obsidian/Documents/cpp-checker/branch_3/artifacts/lca_tree_stress_v5/strong_gate_cf_exact_check_v3/runs/correctness_fuzz/star_pairs/n512/seed3_L1_Q0
correctness_fuzz,star_pairs,512,3,1,1,1,0,0,1,0.012969,7200,/Users/free_1/Library/Mobile Documents/iCloud~md~obsidian/Documents/cpp-checker/branch_3/artifacts/lca_tree_stress_v5/strong_gate_cf_exact_check_v3/runs/correctness_fuzz/star_pairs/n512/seed3_L1_Q1
correctness_fuzz,star_pairs,512,4,0,0,1,0,0,1,0.012726,7184,/Users/free_1/Library/Mobile Documents/iCloud~md~obsidian/Documents/cpp-checker/branch_3/artifacts/lca_tree_stress_v5/strong_gate_cf_exact_check_v3/runs/correctness_fuzz/star_pairs/n512/seed4_L0_Q0
correctness_fuzz,star_pairs,512,4,0,1,1,0,0,1,0.013244,7184,/Users/free_1/Library/Mobile Documents/iCloud~md~obsidian/Documents/cpp-checker/branch_3/artifacts/lca_tree_stress_v5/strong_gate_cf_exact_check_v3/runs/correctness_fuzz/star_pairs/n512/seed4_L0_Q1
correctness_fuzz,star_pairs,512,4,1,0,1,0,0,1,0.013681,7200,/Users/free_1/Library/Mobile Documents/iCloud~md~obsidian/Documents/cpp-checker/branch_3/artifacts/lca_tree_stress_v5/strong_gate_cf_exact_check_v3/runs/correctness_fuzz/star_pairs/n512/seed4_L1_Q0
correctness_fuzz,star_pairs,512,4,1,1,1,0,0,1,0.011979,7200,/Users/free_1/Library/Mobile Documents/iCloud~md~obsidian/Documents/cpp-checker/branch_3/artifacts/lca_tree_stress_v5/strong_gate_cf_exact_check_v3/runs/correctness_fuzz/star_pairs/n512/seed4_L1_Q1
correctness_fuzz,star_pairs,512,5,0,0,1,0,0,1,0.013032,7184,/Users/free_1/Library/Mobile Documents/iCloud~md~obsidian/Documents/cpp-checker/branch_3/artifacts/lca_tree_stress_v5/strong_gate_cf_exact_check_v3/runs/correctness_fuzz/star_pairs/n512/seed5_L0_Q0
correctness_fuzz,star_pairs,512,5,0,1,1,0,0,1,0.011575,7184,/Users/free_1/Library/Mobile Documents/iCloud~md~obsidian/Documents/cpp-checker/branch_3/artifacts/lca_tree_stress_v5/strong_gate_cf_exact_check_v3/runs/correctness_fuzz/star_pairs/n512/seed5_L0_Q1
correctness_fuzz,star_pairs,512,5,1,0,1,0,0,1,0.015099,7200,/Users/free_1/Library/Mobile Documents/iCloud~md~obsidian/Documents/cpp-checker/branch_3/artifacts/lca_tree_stress_v5/strong_gate_cf_exact_check_v3/runs/correctness_fuzz/star_pairs/n512/seed5_L1_Q0
correctness_fuzz,star_pairs,512,5,1,1,1,0,0,1,0.015076,7200,/Users/free_1/Library/Mobile Documents/iCloud~md~obsidian/Documents/cpp-checker/branch_3/artifacts/lca_tree_stress_v5/strong_gate_cf_exact_check_v3/runs/correctness_fuzz/star_pairs/n512/seed5_L1_Q1
correctness_fuzz,star_pairs,1024,1,0,0,1,0,0,1,0.015095,7168,/Users/free_1/Library/Mobile Documents/iCloud~md~obsidian/Documents/cpp-checker/branch_3/artifacts/lca_tree_stress_v5/strong_gate_cf_exact_check_v3/runs/correctness_fuzz/star_pairs/n1024/seed1_L0_Q0
correctness_fuzz,star_pairs,1024,1,0,1,1,0,0,1,0.013473,7216,/Users/free_1/Library/Mobile Documents/iCloud~md~obsidian/Documents/cpp-checker/branch_3/artifacts/lca_tree_stress_v5/strong_gate_cf_exact_check_v3/runs/correctness_fuzz/star_pairs/n1024/seed1_L0_Q1
correctness_fuzz,star_pairs,1024,1,1,0,1,0,0,1,0.012666,7296,/Users/free_1/Library/Mobile Documents/iCloud~md~obsidian/Documents/cpp-checker/branch_3/artifacts/lca_tree_stress_v5/strong_gate_cf_exact_check_v3/runs/correctness_fuzz/star_pairs/n1024/seed1_L1_Q0
correctness_fuzz,star_pairs,1024,1,1,1,1,0,0,1,0.011244,7264,/Users/free_1/Library/Mobile Documents/iCloud~md~obsidian/Documents/cpp-checker/branch_3/artifacts/lca_tree_stress_v5/strong_gate_cf_exact_check_v3/runs/correctness_fuzz/star_pairs/n1024/seed1_L1_Q1
correctness_fuzz,star_pairs,1024,2,0,0,1,0,0,1,0.011508,7200,/Users/free_1/Library/Mobile Documents/iCloud~md~obsidian/Documents/cpp-checker/branch_3/artifacts/lca_tree_stress_v5/strong_gate_cf_exact_check_v3/runs/correctness_fuzz/star_pairs/n1024/seed2_L0_Q0
correctness_fuzz,star_pairs,1024,2,0,1,1,0,0,1,0.013396,7168,/Users/free_1/Library/Mobile Documents/iCloud~md~obsidian/Documents/cpp-checker/branch_3/artifacts/lca_tree_stress_v5/strong_gate_cf_exact_check_v3/runs/correctness_fuzz/star_pairs/n1024/seed2_L0_Q1
correctness_fuzz,star_pairs,1024,2,1,0,1,0,0,1,0.015067,7264,/Users/free_1/Library/Mobile Documents/iCloud~md~obsidian/Documents/cpp-checker/branch_3/artifacts/lca_tree_stress_v5/strong_gate_cf_exact_check_v3/runs/correctness_fuzz/star_pairs/n1024/seed2_L1_Q0
correctness_fuzz,star_pairs,1024,2,1,1,1,0,0,1,0.010116,7280,/Users/free_1/Library/Mobile Documents/iCloud~md~obsidian/Documents/cpp-checker/branch_3/artifacts/lca_tree_stress_v5/strong_gate_cf_exact_check_v3/runs/correctness_fuzz/star_pairs/n1024/seed2_L1_Q1
correctness_fuzz,star_pairs,1024,3,0,0,1,0,0,1,0.015079,7184,/Users/free_1/Library/Mobile Documents/iCloud~md~obsidian/Documents/cpp-checker/branch_3/artifacts/lca_tree_stress_v5/strong_gate_cf_exact_check_v3/runs/correctness_fuzz/star_pairs/n1024/seed3_L0_Q0
correctness_fuzz,star_pairs,1024,3,0,1,1,0,0,1,0.013962,7184,/Users/free_1/Library/Mobile Documents/iCloud~md~obsidian/Documents/cpp-checker/branch_3/artifacts/lca_tree_stress_v5/strong_gate_cf_exact_check_v3/runs/correctness_fuzz/star_pairs/n1024/seed3_L0_Q1
correctness_fuzz,star_pairs,1024,3,1,0,1,0,0,1,0.015177,7280,/Users/free_1/Library/Mobile Documents/iCloud~md~obsidian/Documents/cpp-checker/branch_3/artifacts/lca_tree_stress_v5/strong_gate_cf_exact_check_v3/runs/correctness_fuzz/star_pairs/n1024/seed3_L1_Q0
correctness_fuzz,star_pairs,1024,3,1,1,1,0,0,1,0.010110,7296,/Users/free_1/Library/Mobile Documents/iCloud~md~obsidian/Documents/cpp-checker/branch_3/artifacts/lca_tree_stress_v5/strong_gate_cf_exact_check_v3/runs/correctness_fuzz/star_pairs/n1024/seed3_L1_Q1
correctness_fuzz,star_pairs,1024,4,0,0,1,0,0,1,0.015085,7184,/Users/free_1/Library/Mobile Documents/iCloud~md~obsidian/Documents/cpp-checker/branch_3/artifacts/lca_tree_stress_v5/strong_gate_cf_exact_check_v3/runs/correctness_fuzz/star_pairs/n1024/seed4_L0_Q0
correctness_fuzz,star_pairs,1024,4,0,1,1,0,0,1,0.012474,7184,/Users/free_1/Library/Mobile Documents/iCloud~md~obsidian/Documents/cpp-checker/branch_3/artifacts/lca_tree_stress_v5/strong_gate_cf_exact_check_v3/runs/correctness_fuzz/star_pairs/n1024/seed4_L0_Q1
correctness_fuzz,star_pairs,1024,4,1,0,1,0,0,1,0.015069,7280,/Users/free_1/Library/Mobile Documents/iCloud~md~obsidian/Documents/cpp-checker/branch_3/artifacts/lca_tree_stress_v5/strong_gate_cf_exact_check_v3/runs/correctness_fuzz/star_pairs/n1024/seed4_L1_Q0
correctness_fuzz,star_pairs,1024,4,1,1,1,0,0,1,0.013907,7248,/Users/free_1/Library/Mobile Documents/iCloud~md~obsidian/Documents/cpp-checker/branch_3/artifacts/lca_tree_stress_v5/strong_gate_cf_exact_check_v3/runs/correctness_fuzz/star_pairs/n1024/seed4_L1_Q1
correctness_fuzz,star_pairs,1024,5,0,0,1,0,0,1,0.010765,7184,/Users/free_1/Library/Mobile Documents/iCloud~md~obsidian/Documents/cpp-checker/branch_3/artifacts/lca_tree_stress_v5/strong_gate_cf_exact_check_v3/runs/correctness_fuzz/star_pairs/n1024/seed5_L0_Q0
correctness_fuzz,star_pairs,1024,5,0,1,1,0,0,1,0.012354,7184,/Users/free_1/Library/Mobile Documents/iCloud~md~obsidian/Documents/cpp-checker/branch_3/artifacts/lca_tree_stress_v5/strong_gate_cf_exact_check_v3/runs/correctness_fuzz/star_pairs/n1024/seed5_L0_Q1
correctness_fuzz,star_pairs,1024,5,1,0,1,0,0,1,0.015081,7264,/Users/free_1/Library/Mobile Documents/iCloud~md~obsidian/Documents/cpp-checker/branch_3/artifacts/lca_tree_stress_v5/strong_gate_cf_exact_check_v3/runs/correctness_fuzz/star_pairs/n1024/seed5_L1_Q0
correctness_fuzz,star_pairs,1024,5,1,1,1,0,0,1,0.013602,7264,/Users/free_1/Library/Mobile Documents/iCloud~md~obsidian/Documents/cpp-checker/branch_3/artifacts/lca_tree_stress_v5/strong_gate_cf_exact_check_v3/runs/correctness_fuzz/star_pairs/n1024/seed5_L1_Q1
correctness_fuzz,balanced_dense,64,1,0,0,1,0,0,1,0.015070,1616,/Users/free_1/Library/Mobile Documents/iCloud~md~obsidian/Documents/cpp-checker/branch_3/artifacts/lca_tree_stress_v5/strong_gate_cf_exact_check_v3/runs/correctness_fuzz/balanced_dense/n64/seed1_L0_Q0
correctness_fuzz,balanced_dense,64,1,0,1,1,0,0,1,0.013308,1600,/Users/free_1/Library/Mobile Documents/iCloud~md~obsidian/Documents/cpp-checker/branch_3/artifacts/lca_tree_stress_v5/strong_gate_cf_exact_check_v3/runs/correctness_fuzz/balanced_dense/n64/seed1_L0_Q1
correctness_fuzz,balanced_dense,64,1,1,0,1,0,0,1,0.011765,1616,/Users/free_1/Library/Mobile Documents/iCloud~md~obsidian/Documents/cpp-checker/branch_3/artifacts/lca_tree_stress_v5/strong_gate_cf_exact_check_v3/runs/correctness_fuzz/balanced_dense/n64/seed1_L1_Q0
correctness_fuzz,balanced_dense,64,1,1,1,1,0,0,1,0.012333,1600,/Users/free_1/Library/Mobile Documents/iCloud~md~obsidian/Documents/cpp-checker/branch_3/artifacts/lca_tree_stress_v5/strong_gate_cf_exact_check_v3/runs/correctness_fuzz/balanced_dense/n64/seed1_L1_Q1
correctness_fuzz,balanced_dense,64,2,0,0,1,0,0,1,0.015074,1616,/Users/free_1/Library/Mobile Documents/iCloud~md~obsidian/Documents/cpp-checker/branch_3/artifacts/lca_tree_stress_v5/strong_gate_cf_exact_check_v3/runs/correctness_fuzz/balanced_dense/n64/seed2_L0_Q0
correctness_fuzz,balanced_dense,64,2,0,1,1,0,0,1,0.014868,1616,/Users/free_1/Library/Mobile Documents/iCloud~md~obsidian/Documents/cpp-checker/branch_3/artifacts/lca_tree_stress_v5/strong_gate_cf_exact_check_v3/runs/correctness_fuzz/balanced_dense/n64/seed2_L0_Q1
correctness_fuzz,balanced_dense,64,2,1,0,1,0,0,1,0.015080,1616,/Users/free_1/Library/Mobile Documents/iCloud~md~obsidian/Documents/cpp-checker/branch_3/artifacts/lca_tree_stress_v5/strong_gate_cf_exact_check_v3/runs/correctness_fuzz/balanced_dense/n64/seed2_L1_Q0
correctness_fuzz,balanced_dense,64,2,1,1,1,0,0,1,0.015108,1616,/Users/free_1/Library/Mobile Documents/iCloud~md~obsidian/Documents/cpp-checker/branch_3/artifacts/lca_tree_stress_v5/strong_gate_cf_exact_check_v3/runs/correctness_fuzz/balanced_dense/n64/seed2_L1_Q1
correctness_fuzz,balanced_dense,64,3,0,0,1,0,0,1,0.013081,1600,/Users/free_1/Library/Mobile Documents/iCloud~md~obsidian/Documents/cpp-checker/branch_3/artifacts/lca_tree_stress_v5/strong_gate_cf_exact_check_v3/runs/correctness_fuzz/balanced_dense/n64/seed3_L0_Q0
correctness_fuzz,balanced_dense,64,3,0,1,1,0,0,1,0.014084,1600,/Users/free_1/Library/Mobile Documents/iCloud~md~obsidian/Documents/cpp-checker/branch_3/artifacts/lca_tree_stress_v5/strong_gate_cf_exact_check_v3/runs/correctness_fuzz/balanced_dense/n64/seed3_L0_Q1
correctness_fuzz,balanced_dense,64,3,1,0,1,0,0,1,0.010364,1584,/Users/free_1/Library/Mobile Documents/iCloud~md~obsidian/Documents/cpp-checker/branch_3/artifacts/lca_tree_stress_v5/strong_gate_cf_exact_check_v3/runs/correctness_fuzz/balanced_dense/n64/seed3_L1_Q0
correctness_fuzz,balanced_dense,64,3,1,1,1,0,0,1,0.015079,1600,/Users/free_1/Library/Mobile Documents/iCloud~md~obsidian/Documents/cpp-checker/branch_3/artifacts/lca_tree_stress_v5/strong_gate_cf_exact_check_v3/runs/correctness_fuzz/balanced_dense/n64/seed3_L1_Q1
correctness_fuzz,balanced_dense,64,4,0,0,1,0,0,1,0.015083,1616,/Users/free_1/Library/Mobile Documents/iCloud~md~obsidian/Documents/cpp-checker/branch_3/artifacts/lca_tree_stress_v5/strong_gate_cf_exact_check_v3/runs/correctness_fuzz/balanced_dense/n64/seed4_L0_Q0
correctness_fuzz,balanced_dense,64,4,0,1,1,0,0,1,0.011241,1616,/Users/free_1/Library/Mobile Documents/iCloud~md~obsidian/Documents/cpp-checker/branch_3/artifacts/lca_tree_stress_v5/strong_gate_cf_exact_check_v3/runs/correctness_fuzz/balanced_dense/n64/seed4_L0_Q1
correctness_fuzz,balanced_dense,64,4,1,0,1,0,0,1,0.015076,1616,/Users/free_1/Library/Mobile Documents/iCloud~md~obsidian/Documents/cpp-checker/branch_3/artifacts/lca_tree_stress_v5/strong_gate_cf_exact_check_v3/runs/correctness_fuzz/balanced_dense/n64/seed4_L1_Q0
correctness_fuzz,balanced_dense,64,4,1,1,1,0,0,1,0.015067,1616,/Users/free_1/Library/Mobile Documents/iCloud~md~obsidian/Documents/cpp-checker/branch_3/artifacts/lca_tree_stress_v5/strong_gate_cf_exact_check_v3/runs/correctness_fuzz/balanced_dense/n64/seed4_L1_Q1
correctness_fuzz,balanced_dense,64,5,0,0,1,0,0,1,0.014145,1600,/Users/free_1/Library/Mobile Documents/iCloud~md~obsidian/Documents/cpp-checker/branch_3/artifacts/lca_tree_stress_v5/strong_gate_cf_exact_check_v3/runs/correctness_fuzz/balanced_dense/n64/seed5_L0_Q0
correctness_fuzz,balanced_dense,64,5,0,1,1,0,0,1,0.015085,1600,/Users/free_1/Library/Mobile Documents/iCloud~md~obsidian/Documents/cpp-checker/branch_3/artifacts/lca_tree_stress_v5/strong_gate_cf_exact_check_v3/runs/correctness_fuzz/balanced_dense/n64/seed5_L0_Q1
correctness_fuzz,balanced_dense,64,5,1,0,1,0,0,1,0.012432,1600,/Users/free_1/Library/Mobile Documents/iCloud~md~obsidian/Documents/cpp-checker/branch_3/artifacts/lca_tree_stress_v5/strong_gate_cf_exact_check_v3/runs/correctness_fuzz/balanced_dense/n64/seed5_L1_Q0
correctness_fuzz,balanced_dense,64,5,1,1,1,0,0,1,0.012475,1616,/Users/free_1/Library/Mobile Documents/iCloud~md~obsidian/Documents/cpp-checker/branch_3/artifacts/lca_tree_stress_v5/strong_gate_cf_exact_check_v3/runs/correctness_fuzz/balanced_dense/n64/seed5_L1_Q1
correctness_fuzz,balanced_dense,128,1,0,0,1,0,0,1,0.013042,1792,/Users/free_1/Library/Mobile Documents/iCloud~md~obsidian/Documents/cpp-checker/branch_3/artifacts/lca_tree_stress_v5/strong_gate_cf_exact_check_v3/runs/correctness_fuzz/balanced_dense/n128/seed1_L0_Q0
correctness_fuzz,balanced_dense,128,1,0,1,1,0,0,1,0.014391,1840,/Users/free_1/Library/Mobile Documents/iCloud~md~obsidian/Documents/cpp-checker/branch_3/artifacts/lca_tree_stress_v5/strong_gate_cf_exact_check_v3/runs/correctness_fuzz/balanced_dense/n128/seed1_L0_Q1
correctness_fuzz,balanced_dense,128,1,1,0,1,0,0,1,0.012960,1792,/Users/free_1/Library/Mobile Documents/iCloud~md~obsidian/Documents/cpp-checker/branch_3/artifacts/lca_tree_stress_v5/strong_gate_cf_exact_check_v3/runs/correctness_fuzz/balanced_dense/n128/seed1_L1_Q0
correctness_fuzz,balanced_dense,128,1,1,1,1,0,0,1,0.015171,1840,/Users/free_1/Library/Mobile Documents/iCloud~md~obsidian/Documents/cpp-checker/branch_3/artifacts/lca_tree_stress_v5/strong_gate_cf_exact_check_v3/runs/correctness_fuzz/balanced_dense/n128/seed1_L1_Q1
correctness_fuzz,balanced_dense,128,2,0,0,1,0,0,1,0.011361,1840,/Users/free_1/Library/Mobile Documents/iCloud~md~obsidian/Documents/cpp-checker/branch_3/artifacts/lca_tree_stress_v5/strong_gate_cf_exact_check_v3/runs/correctness_fuzz/balanced_dense/n128/seed2_L0_Q0
correctness_fuzz,balanced_dense,128,2,0,1,1,0,0,1,0.010960,1840,/Users/free_1/Library/Mobile Documents/iCloud~md~obsidian/Documents/cpp-checker/branch_3/artifacts/lca_tree_stress_v5/strong_gate_cf_exact_check_v3/runs/correctness_fuzz/balanced_dense/n128/seed2_L0_Q1
correctness_fuzz,balanced_dense,128,2,1,0,1,0,0,1,0.013987,1824,/Users/free_1/Library/Mobile Documents/iCloud~md~obsidian/Documents/cpp-checker/branch_3/artifacts/lca_tree_stress_v5/strong_gate_cf_exact_check_v3/runs/correctness_fuzz/balanced_dense/n128/seed2_L1_Q0
correctness_fuzz,balanced_dense,128,2,1,1,1,0,0,1,0.015090,1840,/Users/free_1/Library/Mobile Documents/iCloud~md~obsidian/Documents/cpp-checker/branch_3/artifacts/lca_tree_stress_v5/strong_gate_cf_exact_check_v3/runs/correctness_fuzz/balanced_dense/n128/seed2_L1_Q1
correctness_fuzz,balanced_dense,128,3,0,0,1,0,0,1,0.012090,1856,/Users/free_1/Library/Mobile Documents/iCloud~md~obsidian/Documents/cpp-checker/branch_3/artifacts/lca_tree_stress_v5/strong_gate_cf_exact_check_v3/runs/correctness_fuzz/balanced_dense/n128/seed3_L0_Q0
correctness_fuzz,balanced_dense,128,3,0,1,1,0,0,1,0.010665,1824,/Users/free_1/Library/Mobile Documents/iCloud~md~obsidian/Documents/cpp-checker/branch_3/artifacts/lca_tree_stress_v5/strong_gate_cf_exact_check_v3/runs/correctness_fuzz/balanced_dense/n128/seed3_L0_Q1
correctness_fuzz,balanced_dense,128,3,1,0,1,0,0,1,0.015076,1856,/Users/free_1/Library/Mobile Documents/iCloud~md~obsidian/Documents/cpp-checker/branch_3/artifacts/lca_tree_stress_v5/strong_gate_cf_exact_check_v3/runs/correctness_fuzz/balanced_dense/n128/seed3_L1_Q0
correctness_fuzz,balanced_dense,128,3,1,1,1,0,0,1,0.015078,1840,/Users/free_1/Library/Mobile Documents/iCloud~md~obsidian/Documents/cpp-checker/branch_3/artifacts/lca_tree_stress_v5/strong_gate_cf_exact_check_v3/runs/correctness_fuzz/balanced_dense/n128/seed3_L1_Q1
correctness_fuzz,balanced_dense,128,4,0,0,1,0,0,1,0.015072,1840,/Users/free_1/Library/Mobile Documents/iCloud~md~obsidian/Documents/cpp-checker/branch_3/artifacts/lca_tree_stress_v5/strong_gate_cf_exact_check_v3/runs/correctness_fuzz/balanced_dense/n128/seed4_L0_Q0
correctness_fuzz,balanced_dense,128,4,0,1,1,0,0,1,0.014863,1856,/Users/free_1/Library/Mobile Documents/iCloud~md~obsidian/Documents/cpp-checker/branch_3/artifacts/lca_tree_stress_v5/strong_gate_cf_exact_check_v3/runs/correctness_fuzz/balanced_dense/n128/seed4_L0_Q1
correctness_fuzz,balanced_dense,128,4,1,0,1,0,0,1,0.013345,1840,/Users/free_1/Library/Mobile Documents/iCloud~md~obsidian/Documents/cpp-checker/branch_3/artifacts/lca_tree_stress_v5/strong_gate_cf_exact_check_v3/runs/correctness_fuzz/balanced_dense/n128/seed4_L1_Q0
correctness_fuzz,balanced_dense,128,4,1,1,1,0,0,1,0.011207,1840,/Users/free_1/Library/Mobile Documents/iCloud~md~obsidian/Documents/cpp-checker/branch_3/artifacts/lca_tree_stress_v5/strong_gate_cf_exact_check_v3/runs/correctness_fuzz/balanced_dense/n128/seed4_L1_Q1
correctness_fuzz,balanced_dense,128,5,0,0,1,0,0,1,0.015088,1856,/Users/free_1/Library/Mobile Documents/iCloud~md~obsidian/Documents/cpp-checker/branch_3/artifacts/lca_tree_stress_v5/strong_gate_cf_exact_check_v3/runs/correctness_fuzz/balanced_dense/n128/seed5_L0_Q0
correctness_fuzz,balanced_dense,128,5,0,1,1,0,0,1,0.013405,1840,/Users/free_1/Library/Mobile Documents/iCloud~md~obsidian/Documents/cpp-checker/branch_3/artifacts/lca_tree_stress_v5/strong_gate_cf_exact_check_v3/runs/correctness_fuzz/balanced_dense/n128/seed5_L0_Q1
correctness_fuzz,balanced_dense,128,5,1,0,1,0,0,1,0.014957,1824,/Users/free_1/Library/Mobile Documents/iCloud~md~obsidian/Documents/cpp-checker/branch_3/artifacts/lca_tree_stress_v5/strong_gate_cf_exact_check_v3/runs/correctness_fuzz/balanced_dense/n128/seed5_L1_Q0
correctness_fuzz,balanced_dense,128,5,1,1,1,0,0,1,0.015078,1840,/Users/free_1/Library/Mobile Documents/iCloud~md~obsidian/Documents/cpp-checker/branch_3/artifacts/lca_tree_stress_v5/strong_gate_cf_exact_check_v3/runs/correctness_fuzz/balanced_dense/n128/seed5_L1_Q1
correctness_fuzz,balanced_dense,256,1,0,0,1,0,0,1,0.010686,2176,/Users/free_1/Library/Mobile Documents/iCloud~md~obsidian/Documents/cpp-checker/branch_3/artifacts/lca_tree_stress_v5/strong_gate_cf_exact_check_v3/runs/correctness_fuzz/balanced_dense/n256/seed1_L0_Q0
correctness_fuzz,balanced_dense,256,1,0,1,1,0,0,1,0.015114,2176,/Users/free_1/Library/Mobile Documents/iCloud~md~obsidian/Documents/cpp-checker/branch_3/artifacts/lca_tree_stress_v5/strong_gate_cf_exact_check_v3/runs/correctness_fuzz/balanced_dense/n256/seed1_L0_Q1
correctness_fuzz,balanced_dense,256,1,1,0,1,0,0,1,0.011380,2160,/Users/free_1/Library/Mobile Documents/iCloud~md~obsidian/Documents/cpp-checker/branch_3/artifacts/lca_tree_stress_v5/strong_gate_cf_exact_check_v3/runs/correctness_fuzz/balanced_dense/n256/seed1_L1_Q0
correctness_fuzz,balanced_dense,256,1,1,1,1,0,0,1,0.013142,2160,/Users/free_1/Library/Mobile Documents/iCloud~md~obsidian/Documents/cpp-checker/branch_3/artifacts/lca_tree_stress_v5/strong_gate_cf_exact_check_v3/runs/correctness_fuzz/balanced_dense/n256/seed1_L1_Q1
correctness_fuzz,balanced_dense,256,2,0,0,1,0,0,1,0.015107,2192,/Users/free_1/Library/Mobile Documents/iCloud~md~obsidian/Documents/cpp-checker/branch_3/artifacts/lca_tree_stress_v5/strong_gate_cf_exact_check_v3/runs/correctness_fuzz/balanced_dense/n256/seed2_L0_Q0
correctness_fuzz,balanced_dense,256,2,0,1,1,0,0,1,0.010672,2240,/Users/free_1/Library/Mobile Documents/iCloud~md~obsidian/Documents/cpp-checker/branch_3/artifacts/lca_tree_stress_v5/strong_gate_cf_exact_check_v3/runs/correctness_fuzz/balanced_dense/n256/seed2_L0_Q1
correctness_fuzz,balanced_dense,256,2,1,0,1,0,0,1,0.015085,2256,/Users/free_1/Library/Mobile Documents/iCloud~md~obsidian/Documents/cpp-checker/branch_3/artifacts/lca_tree_stress_v5/strong_gate_cf_exact_check_v3/runs/correctness_fuzz/balanced_dense/n256/seed2_L1_Q0
correctness_fuzz,balanced_dense,256,2,1,1,1,0,0,1,0.015269,2208,/Users/free_1/Library/Mobile Documents/iCloud~md~obsidian/Documents/cpp-checker/branch_3/artifacts/lca_tree_stress_v5/strong_gate_cf_exact_check_v3/runs/correctness_fuzz/balanced_dense/n256/seed2_L1_Q1
correctness_fuzz,balanced_dense,256,3,0,0,1,0,0,1,0.013882,2176,/Users/free_1/Library/Mobile Documents/iCloud~md~obsidian/Documents/cpp-checker/branch_3/artifacts/lca_tree_stress_v5/strong_gate_cf_exact_check_v3/runs/correctness_fuzz/balanced_dense/n256/seed3_L0_Q0
correctness_fuzz,balanced_dense,256,3,0,1,1,0,0,1,0.013864,2192,/Users/free_1/Library/Mobile Documents/iCloud~md~obsidian/Documents/cpp-checker/branch_3/artifacts/lca_tree_stress_v5/strong_gate_cf_exact_check_v3/runs/correctness_fuzz/balanced_dense/n256/seed3_L0_Q1
correctness_fuzz,balanced_dense,256,3,1,0,1,0,0,1,0.010906,2192,/Users/free_1/Library/Mobile Documents/iCloud~md~obsidian/Documents/cpp-checker/branch_3/artifacts/lca_tree_stress_v5/strong_gate_cf_exact_check_v3/runs/correctness_fuzz/balanced_dense/n256/seed3_L1_Q0
correctness_fuzz,balanced_dense,256,3,1,1,1,0,0,1,0.015076,2192,/Users/free_1/Library/Mobile Documents/iCloud~md~obsidian/Documents/cpp-checker/branch_3/artifacts/lca_tree_stress_v5/strong_gate_cf_exact_check_v3/runs/correctness_fuzz/balanced_dense/n256/seed3_L1_Q1
correctness_fuzz,balanced_dense,256,4,0,0,1,0,0,1,0.011991,2176,/Users/free_1/Library/Mobile Documents/iCloud~md~obsidian/Documents/cpp-checker/branch_3/artifacts/lca_tree_stress_v5/strong_gate_cf_exact_check_v3/runs/correctness_fuzz/balanced_dense/n256/seed4_L0_Q0
correctness_fuzz,balanced_dense,256,4,0,1,1,0,0,1,0.013648,2160,/Users/free_1/Library/Mobile Documents/iCloud~md~obsidian/Documents/cpp-checker/branch_3/artifacts/lca_tree_stress_v5/strong_gate_cf_exact_check_v3/runs/correctness_fuzz/balanced_dense/n256/seed4_L0_Q1
correctness_fuzz,balanced_dense,256,4,1,0,1,0,0,1,0.010619,2208,/Users/free_1/Library/Mobile Documents/iCloud~md~obsidian/Documents/cpp-checker/branch_3/artifacts/lca_tree_stress_v5/strong_gate_cf_exact_check_v3/runs/correctness_fuzz/balanced_dense/n256/seed4_L1_Q0
correctness_fuzz,balanced_dense,256,4,1,1,1,0,0,1,0.015080,2208,/Users/free_1/Library/Mobile Documents/iCloud~md~obsidian/Documents/cpp-checker/branch_3/artifacts/lca_tree_stress_v5/strong_gate_cf_exact_check_v3/runs/correctness_fuzz/balanced_dense/n256/seed4_L1_Q1
correctness_fuzz,balanced_dense,256,5,0,0,1,0,0,1,0.015097,2176,/Users/free_1/Library/Mobile Documents/iCloud~md~obsidian/Documents/cpp-checker/branch_3/artifacts/lca_tree_stress_v5/strong_gate_cf_exact_check_v3/runs/correctness_fuzz/balanced_dense/n256/seed5_L0_Q0
correctness_fuzz,balanced_dense,256,5,0,1,1,0,0,1,0.012616,2144,/Users/free_1/Library/Mobile Documents/iCloud~md~obsidian/Documents/cpp-checker/branch_3/artifacts/lca_tree_stress_v5/strong_gate_cf_exact_check_v3/runs/correctness_fuzz/balanced_dense/n256/seed5_L0_Q1
correctness_fuzz,balanced_dense,256,5,1,0,1,0,0,1,0.010537,2160,/Users/free_1/Library/Mobile Documents/iCloud~md~obsidian/Documents/cpp-checker/branch_3/artifacts/lca_tree_stress_v5/strong_gate_cf_exact_check_v3/runs/correctness_fuzz/balanced_dense/n256/seed5_L1_Q0
correctness_fuzz,balanced_dense,256,5,1,1,1,0,0,1,0.013939,2192,/Users/free_1/Library/Mobile Documents/iCloud~md~obsidian/Documents/cpp-checker/branch_3/artifacts/lca_tree_stress_v5/strong_gate_cf_exact_check_v3/runs/correctness_fuzz/balanced_dense/n256/seed5_L1_Q1
correctness_fuzz,balanced_dense,512,1,0,0,1,0,0,1,0.015063,2864,/Users/free_1/Library/Mobile Documents/iCloud~md~obsidian/Documents/cpp-checker/branch_3/artifacts/lca_tree_stress_v5/strong_gate_cf_exact_check_v3/runs/correctness_fuzz/balanced_dense/n512/seed1_L0_Q0
correctness_fuzz,balanced_dense,512,1,0,1,1,0,0,1,0.012769,2848,/Users/free_1/Library/Mobile Documents/iCloud~md~obsidian/Documents/cpp-checker/branch_3/artifacts/lca_tree_stress_v5/strong_gate_cf_exact_check_v3/runs/correctness_fuzz/balanced_dense/n512/seed1_L0_Q1
correctness_fuzz,balanced_dense,512,1,1,0,1,0,0,1,0.015084,2864,/Users/free_1/Library/Mobile Documents/iCloud~md~obsidian/Documents/cpp-checker/branch_3/artifacts/lca_tree_stress_v5/strong_gate_cf_exact_check_v3/runs/correctness_fuzz/balanced_dense/n512/seed1_L1_Q0
correctness_fuzz,balanced_dense,512,1,1,1,1,0,0,1,0.015072,2880,/Users/free_1/Library/Mobile Documents/iCloud~md~obsidian/Documents/cpp-checker/branch_3/artifacts/lca_tree_stress_v5/strong_gate_cf_exact_check_v3/runs/correctness_fuzz/balanced_dense/n512/seed1_L1_Q1
correctness_fuzz,balanced_dense,512,2,0,0,1,0,0,1,0.014751,2848,/Users/free_1/Library/Mobile Documents/iCloud~md~obsidian/Documents/cpp-checker/branch_3/artifacts/lca_tree_stress_v5/strong_gate_cf_exact_check_v3/runs/correctness_fuzz/balanced_dense/n512/seed2_L0_Q0
correctness_fuzz,balanced_dense,512,2,0,1,1,0,0,1,0.014709,2816,/Users/free_1/Library/Mobile Documents/iCloud~md~obsidian/Documents/cpp-checker/branch_3/artifacts/lca_tree_stress_v5/strong_gate_cf_exact_check_v3/runs/correctness_fuzz/balanced_dense/n512/seed2_L0_Q1
correctness_fuzz,balanced_dense,512,2,1,0,1,0,0,1,0.015088,2880,/Users/free_1/Library/Mobile Documents/iCloud~md~obsidian/Documents/cpp-checker/branch_3/artifacts/lca_tree_stress_v5/strong_gate_cf_exact_check_v3/runs/correctness_fuzz/balanced_dense/n512/seed2_L1_Q0
correctness_fuzz,balanced_dense,512,2,1,1,1,0,0,1,0.013681,2864,/Users/free_1/Library/Mobile Documents/iCloud~md~obsidian/Documents/cpp-checker/branch_3/artifacts/lca_tree_stress_v5/strong_gate_cf_exact_check_v3/runs/correctness_fuzz/balanced_dense/n512/seed2_L1_Q1
correctness_fuzz,balanced_dense,512,3,0,0,1,0,0,1,0.011750,2880,/Users/free_1/Library/Mobile Documents/iCloud~md~obsidian/Documents/cpp-checker/branch_3/artifacts/lca_tree_stress_v5/strong_gate_cf_exact_check_v3/runs/correctness_fuzz/balanced_dense/n512/seed3_L0_Q0
correctness_fuzz,balanced_dense,512,3,0,1,1,0,0,1,0.011701,2816,/Users/free_1/Library/Mobile Documents/iCloud~md~obsidian/Documents/cpp-checker/branch_3/artifacts/lca_tree_stress_v5/strong_gate_cf_exact_check_v3/runs/correctness_fuzz/balanced_dense/n512/seed3_L0_Q1
correctness_fuzz,balanced_dense,512,3,1,0,1,0,0,1,0.015088,2848,/Users/free_1/Library/Mobile Documents/iCloud~md~obsidian/Documents/cpp-checker/branch_3/artifacts/lca_tree_stress_v5/strong_gate_cf_exact_check_v3/runs/correctness_fuzz/balanced_dense/n512/seed3_L1_Q0
correctness_fuzz,balanced_dense,512,3,1,1,1,0,0,1,0.012737,2832,/Users/free_1/Library/Mobile Documents/iCloud~md~obsidian/Documents/cpp-checker/branch_3/artifacts/lca_tree_stress_v5/strong_gate_cf_exact_check_v3/runs/correctness_fuzz/balanced_dense/n512/seed3_L1_Q1
correctness_fuzz,balanced_dense,512,4,0,0,1,0,0,1,0.013321,2848,/Users/free_1/Library/Mobile Documents/iCloud~md~obsidian/Documents/cpp-checker/branch_3/artifacts/lca_tree_stress_v5/strong_gate_cf_exact_check_v3/runs/correctness_fuzz/balanced_dense/n512/seed4_L0_Q0
correctness_fuzz,balanced_dense,512,4,0,1,1,0,0,1,0.013804,2896,/Users/free_1/Library/Mobile Documents/iCloud~md~obsidian/Documents/cpp-checker/branch_3/artifacts/lca_tree_stress_v5/strong_gate_cf_exact_check_v3/runs/correctness_fuzz/balanced_dense/n512/seed4_L0_Q1
correctness_fuzz,balanced_dense,512,4,1,0,1,0,0,1,0.012769,2896,/Users/free_1/Library/Mobile Documents/iCloud~md~obsidian/Documents/cpp-checker/branch_3/artifacts/lca_tree_stress_v5/strong_gate_cf_exact_check_v3/runs/correctness_fuzz/balanced_dense/n512/seed4_L1_Q0
correctness_fuzz,balanced_dense,512,4,1,1,1,0,0,1,0.012938,2880,/Users/free_1/Library/Mobile Documents/iCloud~md~obsidian/Documents/cpp-checker/branch_3/artifacts/lca_tree_stress_v5/strong_gate_cf_exact_check_v3/runs/correctness_fuzz/balanced_dense/n512/seed4_L1_Q1
correctness_fuzz,balanced_dense,512,5,0,0,1,0,0,1,0.015078,2864,/Users/free_1/Library/Mobile Documents/iCloud~md~obsidian/Documents/cpp-checker/branch_3/artifacts/lca_tree_stress_v5/strong_gate_cf_exact_check_v3/runs/correctness_fuzz/balanced_dense/n512/seed5_L0_Q0
correctness_fuzz,balanced_dense,512,5,0,1,1,0,0,1,0.012644,2864,/Users/free_1/Library/Mobile Documents/iCloud~md~obsidian/Documents/cpp-checker/branch_3/artifacts/lca_tree_stress_v5/strong_gate_cf_exact_check_v3/runs/correctness_fuzz/balanced_dense/n512/seed5_L0_Q1
correctness_fuzz,balanced_dense,512,5,1,0,1,0,0,1,0.014851,2832,/Users/free_1/Library/Mobile Documents/iCloud~md~obsidian/Documents/cpp-checker/branch_3/artifacts/lca_tree_stress_v5/strong_gate_cf_exact_check_v3/runs/correctness_fuzz/balanced_dense/n512/seed5_L1_Q0
correctness_fuzz,balanced_dense,512,5,1,1,1,0,0,1,0.015086,2880,/Users/free_1/Library/Mobile Documents/iCloud~md~obsidian/Documents/cpp-checker/branch_3/artifacts/lca_tree_stress_v5/strong_gate_cf_exact_check_v3/runs/correctness_fuzz/balanced_dense/n512/seed5_L1_Q1
correctness_fuzz,balanced_dense,1024,1,0,0,1,0,0,1,0.014184,3872,/Users/free_1/Library/Mobile Documents/iCloud~md~obsidian/Documents/cpp-checker/branch_3/artifacts/lca_tree_stress_v5/strong_gate_cf_exact_check_v3/runs/correctness_fuzz/balanced_dense/n1024/seed1_L0_Q0
correctness_fuzz,balanced_dense,1024,1,0,1,1,0,0,1,0.015090,3872,/Users/free_1/Library/Mobile Documents/iCloud~md~obsidian/Documents/cpp-checker/branch_3/artifacts/lca_tree_stress_v5/strong_gate_cf_exact_check_v3/runs/correctness_fuzz/balanced_dense/n1024/seed1_L0_Q1
correctness_fuzz,balanced_dense,1024,1,1,0,1,0,0,1,0.013375,3904,/Users/free_1/Library/Mobile Documents/iCloud~md~obsidian/Documents/cpp-checker/branch_3/artifacts/lca_tree_stress_v5/strong_gate_cf_exact_check_v3/runs/correctness_fuzz/balanced_dense/n1024/seed1_L1_Q0
correctness_fuzz,balanced_dense,1024,1,1,1,1,0,0,1,0.011713,3936,/Users/free_1/Library/Mobile Documents/iCloud~md~obsidian/Documents/cpp-checker/branch_3/artifacts/lca_tree_stress_v5/strong_gate_cf_exact_check_v3/runs/correctness_fuzz/balanced_dense/n1024/seed1_L1_Q1
correctness_fuzz,balanced_dense,1024,2,0,0,1,0,0,1,0.012348,3920,/Users/free_1/Library/Mobile Documents/iCloud~md~obsidian/Documents/cpp-checker/branch_3/artifacts/lca_tree_stress_v5/strong_gate_cf_exact_check_v3/runs/correctness_fuzz/balanced_dense/n1024/seed2_L0_Q0
correctness_fuzz,balanced_dense,1024,2,0,1,1,0,0,1,0.012693,3872,/Users/free_1/Library/Mobile Documents/iCloud~md~obsidian/Documents/cpp-checker/branch_3/artifacts/lca_tree_stress_v5/strong_gate_cf_exact_check_v3/runs/correctness_fuzz/balanced_dense/n1024/seed2_L0_Q1
correctness_fuzz,balanced_dense,1024,2,1,0,1,0,0,1,0.013852,3888,/Users/free_1/Library/Mobile Documents/iCloud~md~obsidian/Documents/cpp-checker/branch_3/artifacts/lca_tree_stress_v5/strong_gate_cf_exact_check_v3/runs/correctness_fuzz/balanced_dense/n1024/seed2_L1_Q0
correctness_fuzz,balanced_dense,1024,2,1,1,1,0,0,1,0.015077,3904,/Users/free_1/Library/Mobile Documents/iCloud~md~obsidian/Documents/cpp-checker/branch_3/artifacts/lca_tree_stress_v5/strong_gate_cf_exact_check_v3/runs/correctness_fuzz/balanced_dense/n1024/seed2_L1_Q1
correctness_fuzz,balanced_dense,1024,3,0,0,1,0,0,1,0.014789,3856,/Users/free_1/Library/Mobile Documents/iCloud~md~obsidian/Documents/cpp-checker/branch_3/artifacts/lca_tree_stress_v5/strong_gate_cf_exact_check_v3/runs/correctness_fuzz/balanced_dense/n1024/seed3_L0_Q0
correctness_fuzz,balanced_dense,1024,3,0,1,1,0,0,1,0.014919,3856,/Users/free_1/Library/Mobile Documents/iCloud~md~obsidian/Documents/cpp-checker/branch_3/artifacts/lca_tree_stress_v5/strong_gate_cf_exact_check_v3/runs/correctness_fuzz/balanced_dense/n1024/seed3_L0_Q1
correctness_fuzz,balanced_dense,1024,3,1,0,1,0,0,1,0.014222,3952,/Users/free_1/Library/Mobile Documents/iCloud~md~obsidian/Documents/cpp-checker/branch_3/artifacts/lca_tree_stress_v5/strong_gate_cf_exact_check_v3/runs/correctness_fuzz/balanced_dense/n1024/seed3_L1_Q0
correctness_fuzz,balanced_dense,1024,3,1,1,1,0,0,1,0.011611,3936,/Users/free_1/Library/Mobile Documents/iCloud~md~obsidian/Documents/cpp-checker/branch_3/artifacts/lca_tree_stress_v5/strong_gate_cf_exact_check_v3/runs/correctness_fuzz/balanced_dense/n1024/seed3_L1_Q1
correctness_fuzz,balanced_dense,1024,4,0,0,1,0,0,1,0.015115,3904,/Users/free_1/Library/Mobile Documents/iCloud~md~obsidian/Documents/cpp-checker/branch_3/artifacts/lca_tree_stress_v5/strong_gate_cf_exact_check_v3/runs/correctness_fuzz/balanced_dense/n1024/seed4_L0_Q0
correctness_fuzz,balanced_dense,1024,4,0,1,1,0,0,1,0.015108,3920,/Users/free_1/Library/Mobile Documents/iCloud~md~obsidian/Documents/cpp-checker/branch_3/artifacts/lca_tree_stress_v5/strong_gate_cf_exact_check_v3/runs/correctness_fuzz/balanced_dense/n1024/seed4_L0_Q1
correctness_fuzz,balanced_dense,1024,4,1,0,1,0,0,1,0.014640,3920,/Users/free_1/Library/Mobile Documents/iCloud~md~obsidian/Documents/cpp-checker/branch_3/artifacts/lca_tree_stress_v5/strong_gate_cf_exact_check_v3/runs/correctness_fuzz/balanced_dense/n1024/seed4_L1_Q0
correctness_fuzz,balanced_dense,1024,4,1,1,1,0,0,1,0.011280,3920,/Users/free_1/Library/Mobile Documents/iCloud~md~obsidian/Documents/cpp-checker/branch_3/artifacts/lca_tree_stress_v5/strong_gate_cf_exact_check_v3/runs/correctness_fuzz/balanced_dense/n1024/seed4_L1_Q1
correctness_fuzz,balanced_dense,1024,5,0,0,1,0,0,1,0.011440,3888,/Users/free_1/Library/Mobile Documents/iCloud~md~obsidian/Documents/cpp-checker/branch_3/artifacts/lca_tree_stress_v5/strong_gate_cf_exact_check_v3/runs/correctness_fuzz/balanced_dense/n1024/seed5_L0_Q0
correctness_fuzz,balanced_dense,1024,5,0,1,1,0,0,1,0.011678,3936,/Users/free_1/Library/Mobile Documents/iCloud~md~obsidian/Documents/cpp-checker/branch_3/artifacts/lca_tree_stress_v5/strong_gate_cf_exact_check_v3/runs/correctness_fuzz/balanced_dense/n1024/seed5_L0_Q1
correctness_fuzz,balanced_dense,1024,5,1,0,1,0,0,1,0.013735,3952,/Users/free_1/Library/Mobile Documents/iCloud~md~obsidian/Documents/cpp-checker/branch_3/artifacts/lca_tree_stress_v5/strong_gate_cf_exact_check_v3/runs/correctness_fuzz/balanced_dense/n1024/seed5_L1_Q0
correctness_fuzz,balanced_dense,1024,5,1,1,1,0,0,1,0.012672,3968,/Users/free_1/Library/Mobile Documents/iCloud~md~obsidian/Documents/cpp-checker/branch_3/artifacts/lca_tree_stress_v5/strong_gate_cf_exact_check_v3/runs/correctness_fuzz/balanced_dense/n1024/seed5_L1_Q1
correctness_fuzz,broom_mixed,64,1,0,0,1,0,0,1,0.013889,2112,/Users/free_1/Library/Mobile Documents/iCloud~md~obsidian/Documents/cpp-checker/branch_3/artifacts/lca_tree_stress_v5/strong_gate_cf_exact_check_v3/runs/correctness_fuzz/broom_mixed/n64/seed1_L0_Q0
correctness_fuzz,broom_mixed,64,1,0,1,1,0,0,1,0.011212,2096,/Users/free_1/Library/Mobile Documents/iCloud~md~obsidian/Documents/cpp-checker/branch_3/artifacts/lca_tree_stress_v5/strong_gate_cf_exact_check_v3/runs/correctness_fuzz/broom_mixed/n64/seed1_L0_Q1
correctness_fuzz,broom_mixed,64,1,1,0,1,0,0,1,0.015077,2096,/Users/free_1/Library/Mobile Documents/iCloud~md~obsidian/Documents/cpp-checker/branch_3/artifacts/lca_tree_stress_v5/strong_gate_cf_exact_check_v3/runs/correctness_fuzz/broom_mixed/n64/seed1_L1_Q0
correctness_fuzz,broom_mixed,64,1,1,1,1,0,0,1,0.013063,2032,/Users/free_1/Library/Mobile Documents/iCloud~md~obsidian/Documents/cpp-checker/branch_3/artifacts/lca_tree_stress_v5/strong_gate_cf_exact_check_v3/runs/correctness_fuzz/broom_mixed/n64/seed1_L1_Q1
correctness_fuzz,broom_mixed,64,2,0,0,1,0,0,1,0.013589,2080,/Users/free_1/Library/Mobile Documents/iCloud~md~obsidian/Documents/cpp-checker/branch_3/artifacts/lca_tree_stress_v5/strong_gate_cf_exact_check_v3/runs/correctness_fuzz/broom_mixed/n64/seed2_L0_Q0
correctness_fuzz,broom_mixed,64,2,0,1,1,0,0,1,0.014274,2064,/Users/free_1/Library/Mobile Documents/iCloud~md~obsidian/Documents/cpp-checker/branch_3/artifacts/lca_tree_stress_v5/strong_gate_cf_exact_check_v3/runs/correctness_fuzz/broom_mixed/n64/seed2_L0_Q1
correctness_fuzz,broom_mixed,64,2,1,0,1,0,0,1,0.011971,2032,/Users/free_1/Library/Mobile Documents/iCloud~md~obsidian/Documents/cpp-checker/branch_3/artifacts/lca_tree_stress_v5/strong_gate_cf_exact_check_v3/runs/correctness_fuzz/broom_mixed/n64/seed2_L1_Q0
correctness_fuzz,broom_mixed,64,2,1,1,1,0,0,1,0.014691,2080,/Users/free_1/Library/Mobile Documents/iCloud~md~obsidian/Documents/cpp-checker/branch_3/artifacts/lca_tree_stress_v5/strong_gate_cf_exact_check_v3/runs/correctness_fuzz/broom_mixed/n64/seed2_L1_Q1
correctness_fuzz,broom_mixed,64,3,0,0,1,0,0,1,0.012464,2096,/Users/free_1/Library/Mobile Documents/iCloud~md~obsidian/Documents/cpp-checker/branch_3/artifacts/lca_tree_stress_v5/strong_gate_cf_exact_check_v3/runs/correctness_fuzz/broom_mixed/n64/seed3_L0_Q0
correctness_fuzz,broom_mixed,64,3,0,1,1,0,0,1,0.015074,2048,/Users/free_1/Library/Mobile Documents/iCloud~md~obsidian/Documents/cpp-checker/branch_3/artifacts/lca_tree_stress_v5/strong_gate_cf_exact_check_v3/runs/correctness_fuzz/broom_mixed/n64/seed3_L0_Q1
correctness_fuzz,broom_mixed,64,3,1,0,1,0,0,1,0.014288,2032,/Users/free_1/Library/Mobile Documents/iCloud~md~obsidian/Documents/cpp-checker/branch_3/artifacts/lca_tree_stress_v5/strong_gate_cf_exact_check_v3/runs/correctness_fuzz/broom_mixed/n64/seed3_L1_Q0
correctness_fuzz,broom_mixed,64,3,1,1,1,0,0,1,0.012944,2096,/Users/free_1/Library/Mobile Documents/iCloud~md~obsidian/Documents/cpp-checker/branch_3/artifacts/lca_tree_stress_v5/strong_gate_cf_exact_check_v3/runs/correctness_fuzz/broom_mixed/n64/seed3_L1_Q1
correctness_fuzz,broom_mixed,64,4,0,0,1,0,0,1,0.014204,2112,/Users/free_1/Library/Mobile Documents/iCloud~md~obsidian/Documents/cpp-checker/branch_3/artifacts/lca_tree_stress_v5/strong_gate_cf_exact_check_v3/runs/correctness_fuzz/broom_mixed/n64/seed4_L0_Q0
correctness_fuzz,broom_mixed,64,4,0,1,1,0,0,1,0.015076,2096,/Users/free_1/Library/Mobile Documents/iCloud~md~obsidian/Documents/cpp-checker/branch_3/artifacts/lca_tree_stress_v5/strong_gate_cf_exact_check_v3/runs/correctness_fuzz/broom_mixed/n64/seed4_L0_Q1
correctness_fuzz,broom_mixed,64,4,1,0,1,0,0,1,0.014468,2112,/Users/free_1/Library/Mobile Documents/iCloud~md~obsidian/Documents/cpp-checker/branch_3/artifacts/lca_tree_stress_v5/strong_gate_cf_exact_check_v3/runs/correctness_fuzz/broom_mixed/n64/seed4_L1_Q0
correctness_fuzz,broom_mixed,64,4,1,1,1,0,0,1,0.015078,2096,/Users/free_1/Library/Mobile Documents/iCloud~md~obsidian/Documents/cpp-checker/branch_3/artifacts/lca_tree_stress_v5/strong_gate_cf_exact_check_v3/runs/correctness_fuzz/broom_mixed/n64/seed4_L1_Q1
correctness_fuzz,broom_mixed,64,5,0,0,1,0,0,1,0.012689,2016,/Users/free_1/Library/Mobile Documents/iCloud~md~obsidian/Documents/cpp-checker/branch_3/artifacts/lca_tree_stress_v5/strong_gate_cf_exact_check_v3/runs/correctness_fuzz/broom_mixed/n64/seed5_L0_Q0
correctness_fuzz,broom_mixed,64,5,0,1,1,0,0,1,0.011946,2080,/Users/free_1/Library/Mobile Documents/iCloud~md~obsidian/Documents/cpp-checker/branch_3/artifacts/lca_tree_stress_v5/strong_gate_cf_exact_check_v3/runs/correctness_fuzz/broom_mixed/n64/seed5_L0_Q1
correctness_fuzz,broom_mixed,64,5,1,0,1,0,0,1,0.012275,2064,/Users/free_1/Library/Mobile Documents/iCloud~md~obsidian/Documents/cpp-checker/branch_3/artifacts/lca_tree_stress_v5/strong_gate_cf_exact_check_v3/runs/correctness_fuzz/broom_mixed/n64/seed5_L1_Q0
correctness_fuzz,broom_mixed,64,5,1,1,1,0,0,1,0.015071,2080,/Users/free_1/Library/Mobile Documents/iCloud~md~obsidian/Documents/cpp-checker/branch_3/artifacts/lca_tree_stress_v5/strong_gate_cf_exact_check_v3/runs/correctness_fuzz/broom_mixed/n64/seed5_L1_Q1
correctness_fuzz,broom_mixed,128,1,0,0,1,0,0,1,0.015071,3408,/Users/free_1/Library/Mobile Documents/iCloud~md~obsidian/Documents/cpp-checker/branch_3/artifacts/lca_tree_stress_v5/strong_gate_cf_exact_check_v3/runs/correctness_fuzz/broom_mixed/n128/seed1_L0_Q0
correctness_fuzz,broom_mixed,128,1,0,1,1,0,0,1,0.015070,3328,/Users/free_1/Library/Mobile Documents/iCloud~md~obsidian/Documents/cpp-checker/branch_3/artifacts/lca_tree_stress_v5/strong_gate_cf_exact_check_v3/runs/correctness_fuzz/broom_mixed/n128/seed1_L0_Q1
correctness_fuzz,broom_mixed,128,1,1,0,1,0,0,1,0.015068,3440,/Users/free_1/Library/Mobile Documents/iCloud~md~obsidian/Documents/cpp-checker/branch_3/artifacts/lca_tree_stress_v5/strong_gate_cf_exact_check_v3/runs/correctness_fuzz/broom_mixed/n128/seed1_L1_Q0
correctness_fuzz,broom_mixed,128,1,1,1,1,0,0,1,0.010496,3360,/Users/free_1/Library/Mobile Documents/iCloud~md~obsidian/Documents/cpp-checker/branch_3/artifacts/lca_tree_stress_v5/strong_gate_cf_exact_check_v3/runs/correctness_fuzz/broom_mixed/n128/seed1_L1_Q1
correctness_fuzz,broom_mixed,128,2,0,0,1,0,0,1,0.015047,3408,/Users/free_1/Library/Mobile Documents/iCloud~md~obsidian/Documents/cpp-checker/branch_3/artifacts/lca_tree_stress_v5/strong_gate_cf_exact_check_v3/runs/correctness_fuzz/broom_mixed/n128/seed2_L0_Q0
correctness_fuzz,broom_mixed,128,2,0,1,1,0,0,1,0.011120,3328,/Users/free_1/Library/Mobile Documents/iCloud~md~obsidian/Documents/cpp-checker/branch_3/artifacts/lca_tree_stress_v5/strong_gate_cf_exact_check_v3/runs/correctness_fuzz/broom_mixed/n128/seed2_L0_Q1
correctness_fuzz,broom_mixed,128,2,1,0,1,0,0,1,0.013634,3344,/Users/free_1/Library/Mobile Documents/iCloud~md~obsidian/Documents/cpp-checker/branch_3/artifacts/lca_tree_stress_v5/strong_gate_cf_exact_check_v3/runs/correctness_fuzz/broom_mixed/n128/seed2_L1_Q0
correctness_fuzz,broom_mixed,128,2,1,1,1,0,0,1,0.010698,3328,/Users/free_1/Library/Mobile Documents/iCloud~md~obsidian/Documents/cpp-checker/branch_3/artifacts/lca_tree_stress_v5/strong_gate_cf_exact_check_v3/runs/correctness_fuzz/broom_mixed/n128/seed2_L1_Q1
correctness_fuzz,broom_mixed,128,3,0,0,1,0,0,1,0.015086,3440,/Users/free_1/Library/Mobile Documents/iCloud~md~obsidian/Documents/cpp-checker/branch_3/artifacts/lca_tree_stress_v5/strong_gate_cf_exact_check_v3/runs/correctness_fuzz/broom_mixed/n128/seed3_L0_Q0
correctness_fuzz,broom_mixed,128,3,0,1,1,0,0,1,0.012505,3296,/Users/free_1/Library/Mobile Documents/iCloud~md~obsidian/Documents/cpp-checker/branch_3/artifacts/lca_tree_stress_v5/strong_gate_cf_exact_check_v3/runs/correctness_fuzz/broom_mixed/n128/seed3_L0_Q1
correctness_fuzz,broom_mixed,128,3,1,0,1,0,0,1,0.013737,3296,/Users/free_1/Library/Mobile Documents/iCloud~md~obsidian/Documents/cpp-checker/branch_3/artifacts/lca_tree_stress_v5/strong_gate_cf_exact_check_v3/runs/correctness_fuzz/broom_mixed/n128/seed3_L1_Q0
correctness_fuzz,broom_mixed,128,3,1,1,1,0,0,1,0.010934,3360,/Users/free_1/Library/Mobile Documents/iCloud~md~obsidian/Documents/cpp-checker/branch_3/artifacts/lca_tree_stress_v5/strong_gate_cf_exact_check_v3/runs/correctness_fuzz/broom_mixed/n128/seed3_L1_Q1
correctness_fuzz,broom_mixed,128,4,0,0,1,0,0,1,0.015078,3376,/Users/free_1/Library/Mobile Documents/iCloud~md~obsidian/Documents/cpp-checker/branch_3/artifacts/lca_tree_stress_v5/strong_gate_cf_exact_check_v3/runs/correctness_fuzz/broom_mixed/n128/seed4_L0_Q0
correctness_fuzz,broom_mixed,128,4,0,1,1,0,0,1,0.015081,3312,/Users/free_1/Library/Mobile Documents/iCloud~md~obsidian/Documents/cpp-checker/branch_3/artifacts/lca_tree_stress_v5/strong_gate_cf_exact_check_v3/runs/correctness_fuzz/broom_mixed/n128/seed4_L0_Q1
correctness_fuzz,broom_mixed,128,4,1,0,1,0,0,1,0.011292,3376,/Users/free_1/Library/Mobile Documents/iCloud~md~obsidian/Documents/cpp-checker/branch_3/artifacts/lca_tree_stress_v5/strong_gate_cf_exact_check_v3/runs/correctness_fuzz/broom_mixed/n128/seed4_L1_Q0
correctness_fuzz,broom_mixed,128,4,1,1,1,0,0,1,0.014402,3392,/Users/free_1/Library/Mobile Documents/iCloud~md~obsidian/Documents/cpp-checker/branch_3/artifacts/lca_tree_stress_v5/strong_gate_cf_exact_check_v3/runs/correctness_fuzz/broom_mixed/n128/seed4_L1_Q1
correctness_fuzz,broom_mixed,128,5,0,0,1,0,0,1,0.012222,3344,/Users/free_1/Library/Mobile Documents/iCloud~md~obsidian/Documents/cpp-checker/branch_3/artifacts/lca_tree_stress_v5/strong_gate_cf_exact_check_v3/runs/correctness_fuzz/broom_mixed/n128/seed5_L0_Q0
correctness_fuzz,broom_mixed,128,5,0,1,1,0,0,1,0.015074,3296,/Users/free_1/Library/Mobile Documents/iCloud~md~obsidian/Documents/cpp-checker/branch_3/artifacts/lca_tree_stress_v5/strong_gate_cf_exact_check_v3/runs/correctness_fuzz/broom_mixed/n128/seed5_L0_Q1
correctness_fuzz,broom_mixed,128,5,1,0,1,0,0,1,0.015076,3376,/Users/free_1/Library/Mobile Documents/iCloud~md~obsidian/Documents/cpp-checker/branch_3/artifacts/lca_tree_stress_v5/strong_gate_cf_exact_check_v3/runs/correctness_fuzz/broom_mixed/n128/seed5_L1_Q0
correctness_fuzz,broom_mixed,128,5,1,1,1,0,0,1,0.010245,3296,/Users/free_1/Library/Mobile Documents/iCloud~md~obsidian/Documents/cpp-checker/branch_3/artifacts/lca_tree_stress_v5/strong_gate_cf_exact_check_v3/runs/correctness_fuzz/broom_mixed/n128/seed5_L1_Q1
correctness_fuzz,broom_mixed,256,1,0,0,1,0,0,1,0.029055,9776,/Users/free_1/Library/Mobile Documents/iCloud~md~obsidian/Documents/cpp-checker/branch_3/artifacts/lca_tree_stress_v5/strong_gate_cf_exact_check_v3/runs/correctness_fuzz/broom_mixed/n256/seed1_L0_Q0
correctness_fuzz,broom_mixed,256,1,0,1,1,0,0,1,0.038969,9664,/Users/free_1/Library/Mobile Documents/iCloud~md~obsidian/Documents/cpp-checker/branch_3/artifacts/lca_tree_stress_v5/strong_gate_cf_exact_check_v3/runs/correctness_fuzz/broom_mixed/n256/seed1_L0_Q1
correctness_fuzz,broom_mixed,256,1,1,0,1,0,0,1,0.040042,9760,/Users/free_1/Library/Mobile Documents/iCloud~md~obsidian/Documents/cpp-checker/branch_3/artifacts/lca_tree_stress_v5/strong_gate_cf_exact_check_v3/runs/correctness_fuzz/broom_mixed/n256/seed1_L1_Q0
correctness_fuzz,broom_mixed,256,1,1,1,1,0,0,1,0.052929,9776,/Users/free_1/Library/Mobile Documents/iCloud~md~obsidian/Documents/cpp-checker/branch_3/artifacts/lca_tree_stress_v5/strong_gate_cf_exact_check_v3/runs/correctness_fuzz/broom_mixed/n256/seed1_L1_Q1
correctness_fuzz,broom_mixed,256,2,0,0,1,0,0,1,0.024228,9808,/Users/free_1/Library/Mobile Documents/iCloud~md~obsidian/Documents/cpp-checker/branch_3/artifacts/lca_tree_stress_v5/strong_gate_cf_exact_check_v3/runs/correctness_fuzz/broom_mixed/n256/seed2_L0_Q0
correctness_fuzz,broom_mixed,256,2,0,1,1,0,0,1,0.037574,9696,/Users/free_1/Library/Mobile Documents/iCloud~md~obsidian/Documents/cpp-checker/branch_3/artifacts/lca_tree_stress_v5/strong_gate_cf_exact_check_v3/runs/correctness_fuzz/broom_mixed/n256/seed2_L0_Q1
correctness_fuzz,broom_mixed,256,2,1,0,1,0,0,1,0.036612,9728,/Users/free_1/Library/Mobile Documents/iCloud~md~obsidian/Documents/cpp-checker/branch_3/artifacts/lca_tree_stress_v5/strong_gate_cf_exact_check_v3/runs/correctness_fuzz/broom_mixed/n256/seed2_L1_Q0
correctness_fuzz,broom_mixed,256,2,1,1,1,0,0,1,0.054853,9760,/Users/free_1/Library/Mobile Documents/iCloud~md~obsidian/Documents/cpp-checker/branch_3/artifacts/lca_tree_stress_v5/strong_gate_cf_exact_check_v3/runs/correctness_fuzz/broom_mixed/n256/seed2_L1_Q1
correctness_fuzz,broom_mixed,256,3,0,0,1,0,0,1,0.037827,9744,/Users/free_1/Library/Mobile Documents/iCloud~md~obsidian/Documents/cpp-checker/branch_3/artifacts/lca_tree_stress_v5/strong_gate_cf_exact_check_v3/runs/correctness_fuzz/broom_mixed/n256/seed3_L0_Q0
correctness_fuzz,broom_mixed,256,3,0,1,1,0,0,1,0.049326,9728,/Users/free_1/Library/Mobile Documents/iCloud~md~obsidian/Documents/cpp-checker/branch_3/artifacts/lca_tree_stress_v5/strong_gate_cf_exact_check_v3/runs/correctness_fuzz/broom_mixed/n256/seed3_L0_Q1
correctness_fuzz,broom_mixed,256,3,1,0,1,0,0,1,0.035098,9744,/Users/free_1/Library/Mobile Documents/iCloud~md~obsidian/Documents/cpp-checker/branch_3/artifacts/lca_tree_stress_v5/strong_gate_cf_exact_check_v3/runs/correctness_fuzz/broom_mixed/n256/seed3_L1_Q0
correctness_fuzz,broom_mixed,256,3,1,1,1,0,0,1,0.051150,9872,/Users/free_1/Library/Mobile Documents/iCloud~md~obsidian/Documents/cpp-checker/branch_3/artifacts/lca_tree_stress_v5/strong_gate_cf_exact_check_v3/runs/correctness_fuzz/broom_mixed/n256/seed3_L1_Q1
correctness_fuzz,broom_mixed,256,4,0,0,1,0,0,1,0.030166,9808,/Users/free_1/Library/Mobile Documents/iCloud~md~obsidian/Documents/cpp-checker/branch_3/artifacts/lca_tree_stress_v5/strong_gate_cf_exact_check_v3/runs/correctness_fuzz/broom_mixed/n256/seed4_L0_Q0
correctness_fuzz,broom_mixed,256,4,0,1,1,0,0,1,0.054108,9776,/Users/free_1/Library/Mobile Documents/iCloud~md~obsidian/Documents/cpp-checker/branch_3/artifacts/lca_tree_stress_v5/strong_gate_cf_exact_check_v3/runs/correctness_fuzz/broom_mixed/n256/seed4_L0_Q1
correctness_fuzz,broom_mixed,256,4,1,0,1,0,0,1,0.037016,9776,/Users/free_1/Library/Mobile Documents/iCloud~md~obsidian/Documents/cpp-checker/branch_3/artifacts/lca_tree_stress_v5/strong_gate_cf_exact_check_v3/runs/correctness_fuzz/broom_mixed/n256/seed4_L1_Q0
correctness_fuzz,broom_mixed,256,4,1,1,1,0,0,1,0.050062,9824,/Users/free_1/Library/Mobile Documents/iCloud~md~obsidian/Documents/cpp-checker/branch_3/artifacts/lca_tree_stress_v5/strong_gate_cf_exact_check_v3/runs/correctness_fuzz/broom_mixed/n256/seed4_L1_Q1
correctness_fuzz,broom_mixed,256,5,0,0,1,0,0,1,0.040568,9744,/Users/free_1/Library/Mobile Documents/iCloud~md~obsidian/Documents/cpp-checker/branch_3/artifacts/lca_tree_stress_v5/strong_gate_cf_exact_check_v3/runs/correctness_fuzz/broom_mixed/n256/seed5_L0_Q0
correctness_fuzz,broom_mixed,256,5,0,1,1,0,0,1,0.064554,9824,/Users/free_1/Library/Mobile Documents/iCloud~md~obsidian/Documents/cpp-checker/branch_3/artifacts/lca_tree_stress_v5/strong_gate_cf_exact_check_v3/runs/correctness_fuzz/broom_mixed/n256/seed5_L0_Q1
correctness_fuzz,broom_mixed,256,5,1,0,1,0,0,1,0.052100,9776,/Users/free_1/Library/Mobile Documents/iCloud~md~obsidian/Documents/cpp-checker/branch_3/artifacts/lca_tree_stress_v5/strong_gate_cf_exact_check_v3/runs/correctness_fuzz/broom_mixed/n256/seed5_L1_Q0
correctness_fuzz,broom_mixed,256,5,1,1,1,0,0,1,0.052046,9840,/Users/free_1/Library/Mobile Documents/iCloud~md~obsidian/Documents/cpp-checker/branch_3/artifacts/lca_tree_stress_v5/strong_gate_cf_exact_check_v3/runs/correctness_fuzz/broom_mixed/n256/seed5_L1_Q1
correctness_fuzz,broom_mixed,512,1,0,0,1,0,0,1,0.134435,39680,/Users/free_1/Library/Mobile Documents/iCloud~md~obsidian/Documents/cpp-checker/branch_3/artifacts/lca_tree_stress_v5/strong_gate_cf_exact_check_v3/runs/correctness_fuzz/broom_mixed/n512/seed1_L0_Q0
correctness_fuzz,broom_mixed,512,1,0,1,1,0,0,1,0.250015,39728,/Users/free_1/Library/Mobile Documents/iCloud~md~obsidian/Documents/cpp-checker/branch_3/artifacts/lca_tree_stress_v5/strong_gate_cf_exact_check_v3/runs/correctness_fuzz/broom_mixed/n512/seed1_L0_Q1
correctness_fuzz,broom_mixed,512,1,1,0,1,0,0,1,0.199944,39712,/Users/free_1/Library/Mobile Documents/iCloud~md~obsidian/Documents/cpp-checker/branch_3/artifacts/lca_tree_stress_v5/strong_gate_cf_exact_check_v3/runs/correctness_fuzz/broom_mixed/n512/seed1_L1_Q0
correctness_fuzz,broom_mixed,512,1,1,1,1,0,0,1,0.282815,39680,/Users/free_1/Library/Mobile Documents/iCloud~md~obsidian/Documents/cpp-checker/branch_3/artifacts/lca_tree_stress_v5/strong_gate_cf_exact_check_v3/runs/correctness_fuzz/broom_mixed/n512/seed1_L1_Q1
correctness_fuzz,broom_mixed,512,2,0,0,1,0,0,1,0.155020,39568,/Users/free_1/Library/Mobile Documents/iCloud~md~obsidian/Documents/cpp-checker/branch_3/artifacts/lca_tree_stress_v5/strong_gate_cf_exact_check_v3/runs/correctness_fuzz/broom_mixed/n512/seed2_L0_Q0
correctness_fuzz,broom_mixed,512,2,0,1,1,0,0,1,0.284953,39584,/Users/free_1/Library/Mobile Documents/iCloud~md~obsidian/Documents/cpp-checker/branch_3/artifacts/lca_tree_stress_v5/strong_gate_cf_exact_check_v3/runs/correctness_fuzz/broom_mixed/n512/seed2_L0_Q1
correctness_fuzz,broom_mixed,512,2,1,0,1,0,0,1,0.205187,39712,/Users/free_1/Library/Mobile Documents/iCloud~md~obsidian/Documents/cpp-checker/branch_3/artifacts/lca_tree_stress_v5/strong_gate_cf_exact_check_v3/runs/correctness_fuzz/broom_mixed/n512/seed2_L1_Q0
correctness_fuzz,broom_mixed,512,2,1,1,1,0,0,1,0.284251,39664,/Users/free_1/Library/Mobile Documents/iCloud~md~obsidian/Documents/cpp-checker/branch_3/artifacts/lca_tree_stress_v5/strong_gate_cf_exact_check_v3/runs/correctness_fuzz/broom_mixed/n512/seed2_L1_Q1
correctness_fuzz,broom_mixed,512,3,0,0,1,0,0,1,0.160918,39712,/Users/free_1/Library/Mobile Documents/iCloud~md~obsidian/Documents/cpp-checker/branch_3/artifacts/lca_tree_stress_v5/strong_gate_cf_exact_check_v3/runs/correctness_fuzz/broom_mixed/n512/seed3_L0_Q0
correctness_fuzz,broom_mixed,512,3,0,1,1,0,0,1,0.279304,39616,/Users/free_1/Library/Mobile Documents/iCloud~md~obsidian/Documents/cpp-checker/branch_3/artifacts/lca_tree_stress_v5/strong_gate_cf_exact_check_v3/runs/correctness_fuzz/broom_mixed/n512/seed3_L0_Q1
correctness_fuzz,broom_mixed,512,3,1,0,1,0,0,1,0.217623,39680,/Users/free_1/Library/Mobile Documents/iCloud~md~obsidian/Documents/cpp-checker/branch_3/artifacts/lca_tree_stress_v5/strong_gate_cf_exact_check_v3/runs/correctness_fuzz/broom_mixed/n512/seed3_L1_Q0
correctness_fuzz,broom_mixed,512,3,1,1,1,0,0,1,0.295549,39680,/Users/free_1/Library/Mobile Documents/iCloud~md~obsidian/Documents/cpp-checker/branch_3/artifacts/lca_tree_stress_v5/strong_gate_cf_exact_check_v3/runs/correctness_fuzz/broom_mixed/n512/seed3_L1_Q1
correctness_fuzz,broom_mixed,512,4,0,0,1,0,0,1,0.159960,39728,/Users/free_1/Library/Mobile Documents/iCloud~md~obsidian/Documents/cpp-checker/branch_3/artifacts/lca_tree_stress_v5/strong_gate_cf_exact_check_v3/runs/correctness_fuzz/broom_mixed/n512/seed4_L0_Q0
correctness_fuzz,broom_mixed,512,4,0,1,1,0,0,1,0.294982,39808,/Users/free_1/Library/Mobile Documents/iCloud~md~obsidian/Documents/cpp-checker/branch_3/artifacts/lca_tree_stress_v5/strong_gate_cf_exact_check_v3/runs/correctness_fuzz/broom_mixed/n512/seed4_L0_Q1
correctness_fuzz,broom_mixed,512,4,1,0,1,0,0,1,0.215969,39760,/Users/free_1/Library/Mobile Documents/iCloud~md~obsidian/Documents/cpp-checker/branch_3/artifacts/lca_tree_stress_v5/strong_gate_cf_exact_check_v3/runs/correctness_fuzz/broom_mixed/n512/seed4_L1_Q0
correctness_fuzz,broom_mixed,512,4,1,1,1,0,0,1,0.266209,39680,/Users/free_1/Library/Mobile Documents/iCloud~md~obsidian/Documents/cpp-checker/branch_3/artifacts/lca_tree_stress_v5/strong_gate_cf_exact_check_v3/runs/correctness_fuzz/broom_mixed/n512/seed4_L1_Q1
correctness_fuzz,broom_mixed,512,5,0,0,1,0,0,1,0.176225,39744,/Users/free_1/Library/Mobile Documents/iCloud~md~obsidian/Documents/cpp-checker/branch_3/artifacts/lca_tree_stress_v5/strong_gate_cf_exact_check_v3/runs/correctness_fuzz/broom_mixed/n512/seed5_L0_Q0
correctness_fuzz,broom_mixed,512,5,0,1,1,0,0,1,0.312904,39664,/Users/free_1/Library/Mobile Documents/iCloud~md~obsidian/Documents/cpp-checker/branch_3/artifacts/lca_tree_stress_v5/strong_gate_cf_exact_check_v3/runs/correctness_fuzz/broom_mixed/n512/seed5_L0_Q1
correctness_fuzz,broom_mixed,512,5,1,0,1,0,0,1,0.215356,39584,/Users/free_1/Library/Mobile Documents/iCloud~md~obsidian/Documents/cpp-checker/branch_3/artifacts/lca_tree_stress_v5/strong_gate_cf_exact_check_v3/runs/correctness_fuzz/broom_mixed/n512/seed5_L1_Q0
correctness_fuzz,broom_mixed,512,5,1,1,1,0,0,1,0.250163,39536,/Users/free_1/Library/Mobile Documents/iCloud~md~obsidian/Documents/cpp-checker/branch_3/artifacts/lca_tree_stress_v5/strong_gate_cf_exact_check_v3/runs/correctness_fuzz/broom_mixed/n512/seed5_L1_Q1
correctness_fuzz,broom_mixed,1024,1,0,0,1,0,0,1,0.918062,225056,/Users/free_1/Library/Mobile Documents/iCloud~md~obsidian/Documents/cpp-checker/branch_3/artifacts/lca_tree_stress_v5/strong_gate_cf_exact_check_v3/runs/correctness_fuzz/broom_mixed/n1024/seed1_L0_Q0
correctness_fuzz,broom_mixed,1024,1,0,1,1,0,0,1,1.419594,225088,/Users/free_1/Library/Mobile Documents/iCloud~md~obsidian/Documents/cpp-checker/branch_3/artifacts/lca_tree_stress_v5/strong_gate_cf_exact_check_v3/runs/correctness_fuzz/broom_mixed/n1024/seed1_L0_Q1
correctness_fuzz,broom_mixed,1024,1,1,0,1,0,0,1,1.024176,224816,/Users/free_1/Library/Mobile Documents/iCloud~md~obsidian/Documents/cpp-checker/branch_3/artifacts/lca_tree_stress_v5/strong_gate_cf_exact_check_v3/runs/correctness_fuzz/broom_mixed/n1024/seed1_L1_Q0
correctness_fuzz,broom_mixed,1024,1,1,1,1,0,0,1,1.166671,224880,/Users/free_1/Library/Mobile Documents/iCloud~md~obsidian/Documents/cpp-checker/branch_3/artifacts/lca_tree_stress_v5/strong_gate_cf_exact_check_v3/runs/correctness_fuzz/broom_mixed/n1024/seed1_L1_Q1
correctness_fuzz,broom_mixed,1024,2,0,0,1,0,0,1,0.741368,224848,/Users/free_1/Library/Mobile Documents/iCloud~md~obsidian/Documents/cpp-checker/branch_3/artifacts/lca_tree_stress_v5/strong_gate_cf_exact_check_v3/runs/correctness_fuzz/broom_mixed/n1024/seed2_L0_Q0
correctness_fuzz,broom_mixed,1024,2,0,1,1,0,0,1,1.204017,224912,/Users/free_1/Library/Mobile Documents/iCloud~md~obsidian/Documents/cpp-checker/branch_3/artifacts/lca_tree_stress_v5/strong_gate_cf_exact_check_v3/runs/correctness_fuzz/broom_mixed/n1024/seed2_L0_Q1
correctness_fuzz,broom_mixed,1024,2,1,0,1,0,0,1,0.815708,224720,/Users/free_1/Library/Mobile Documents/iCloud~md~obsidian/Documents/cpp-checker/branch_3/artifacts/lca_tree_stress_v5/strong_gate_cf_exact_check_v3/runs/correctness_fuzz/broom_mixed/n1024/seed2_L1_Q0
correctness_fuzz,broom_mixed,1024,2,1,1,1,0,0,1,1.032612,224816,/Users/free_1/Library/Mobile Documents/iCloud~md~obsidian/Documents/cpp-checker/branch_3/artifacts/lca_tree_stress_v5/strong_gate_cf_exact_check_v3/runs/correctness_fuzz/broom_mixed/n1024/seed2_L1_Q1
correctness_fuzz,broom_mixed,1024,3,0,0,1,0,0,1,0.705082,224624,/Users/free_1/Library/Mobile Documents/iCloud~md~obsidian/Documents/cpp-checker/branch_3/artifacts/lca_tree_stress_v5/strong_gate_cf_exact_check_v3/runs/correctness_fuzz/broom_mixed/n1024/seed3_L0_Q0
correctness_fuzz,broom_mixed,1024,3,0,1,1,-9,1,0,,,/Users/free_1/Library/Mobile Documents/iCloud~md~obsidian/Documents/cpp-checker/branch_3/artifacts/lca_tree_stress_v5/strong_gate_cf_exact_check_v3/runs/correctness_fuzz/broom_mixed/n1024/seed3_L0_Q1
correctness_fuzz,broom_mixed,1024,3,1,0,1,0,0,1,0.997543,224944,/Users/free_1/Library/Mobile Documents/iCloud~md~obsidian/Documents/cpp-checker/branch_3/artifacts/lca_tree_stress_v5/strong_gate_cf_exact_check_v3/runs/correctness_fuzz/broom_mixed/n1024/seed3_L1_Q0
correctness_fuzz,broom_mixed,1024,3,1,1,1,0,0,1,1.236137,225024,/Users/free_1/Library/Mobile Documents/iCloud~md~obsidian/Documents/cpp-checker/branch_3/artifacts/lca_tree_stress_v5/strong_gate_cf_exact_check_v3/runs/correctness_fuzz/broom_mixed/n1024/seed3_L1_Q1
correctness_fuzz,broom_mixed,1024,4,0,0,1,0,0,1,0.815096,225088,/Users/free_1/Library/Mobile Documents/iCloud~md~obsidian/Documents/cpp-checker/branch_3/artifacts/lca_tree_stress_v5/strong_gate_cf_exact_check_v3/runs/correctness_fuzz/broom_mixed/n1024/seed4_L0_Q0
correctness_fuzz,broom_mixed,1024,4,0,1,1,0,0,1,1.212288,225008,/Users/free_1/Library/Mobile Documents/iCloud~md~obsidian/Documents/cpp-checker/branch_3/artifacts/lca_tree_stress_v5/strong_gate_cf_exact_check_v3/runs/correctness_fuzz/broom_mixed/n1024/seed4_L0_Q1
correctness_fuzz,broom_mixed,1024,4,1,0,1,0,0,1,1.000232,225056,/Users/free_1/Library/Mobile Documents/iCloud~md~obsidian/Documents/cpp-checker/branch_3/artifacts/lca_tree_stress_v5/strong_gate_cf_exact_check_v3/runs/correctness_fuzz/broom_mixed/n1024/seed4_L1_Q0
correctness_fuzz,broom_mixed,1024,4,1,1,1,0,0,1,1.339019,225056,/Users/free_1/Library/Mobile Documents/iCloud~md~obsidian/Documents/cpp-checker/branch_3/artifacts/lca_tree_stress_v5/strong_gate_cf_exact_check_v3/runs/correctness_fuzz/broom_mixed/n1024/seed4_L1_Q1
correctness_fuzz,broom_mixed,1024,5,0,0,1,-9,1,0,,,/Users/free_1/Library/Mobile Documents/iCloud~md~obsidian/Documents/cpp-checker/branch_3/artifacts/lca_tree_stress_v5/strong_gate_cf_exact_check_v3/runs/correctness_fuzz/broom_mixed/n1024/seed5_L0_Q0
correctness_fuzz,broom_mixed,1024,5,0,1,1,-9,1,0,,,/Users/free_1/Library/Mobile Documents/iCloud~md~obsidian/Documents/cpp-checker/branch_3/artifacts/lca_tree_stress_v5/strong_gate_cf_exact_check_v3/runs/correctness_fuzz/broom_mixed/n1024/seed5_L0_Q1
correctness_fuzz,broom_mixed,1024,5,1,0,1,0,0,1,1.235797,225088,/Users/free_1/Library/Mobile Documents/iCloud~md~obsidian/Documents/cpp-checker/branch_3/artifacts/lca_tree_stress_v5/strong_gate_cf_exact_check_v3/runs/correctness_fuzz/broom_mixed/n1024/seed5_L1_Q0
correctness_fuzz,broom_mixed,1024,5,1,1,1,0,0,1,1.617310,225168,/Users/free_1/Library/Mobile Documents/iCloud~md~obsidian/Documents/cpp-checker/branch_3/artifacts/lca_tree_stress_v5/strong_gate_cf_exact_check_v3/runs/correctness_fuzz/broom_mixed/n1024/seed5_L1_Q1
correctness_fuzz,caterpillar_rect_dense,64,1,0,0,1,0,0,1,0.012582,1824,/Users/free_1/Library/Mobile Documents/iCloud~md~obsidian/Documents/cpp-checker/branch_3/artifacts/lca_tree_stress_v5/strong_gate_cf_exact_check_v3/runs/correctness_fuzz/caterpillar_rect_dense/n64/seed1_L0_Q0
correctness_fuzz,caterpillar_rect_dense,64,1,0,1,1,0,0,1,0.011204,1888,/Users/free_1/Library/Mobile Documents/iCloud~md~obsidian/Documents/cpp-checker/branch_3/artifacts/lca_tree_stress_v5/strong_gate_cf_exact_check_v3/runs/correctness_fuzz/caterpillar_rect_dense/n64/seed1_L0_Q1
correctness_fuzz,caterpillar_rect_dense,64,1,1,0,1,0,0,1,0.012576,1856,/Users/free_1/Library/Mobile Documents/iCloud~md~obsidian/Documents/cpp-checker/branch_3/artifacts/lca_tree_stress_v5/strong_gate_cf_exact_check_v3/runs/correctness_fuzz/caterpillar_rect_dense/n64/seed1_L1_Q0
correctness_fuzz,caterpillar_rect_dense,64,1,1,1,1,0,0,1,0.012572,1824,/Users/free_1/Library/Mobile Documents/iCloud~md~obsidian/Documents/cpp-checker/branch_3/artifacts/lca_tree_stress_v5/strong_gate_cf_exact_check_v3/runs/correctness_fuzz/caterpillar_rect_dense/n64/seed1_L1_Q1
correctness_fuzz,caterpillar_rect_dense,64,2,0,0,1,0,0,1,0.012640,1856,/Users/free_1/Library/Mobile Documents/iCloud~md~obsidian/Documents/cpp-checker/branch_3/artifacts/lca_tree_stress_v5/strong_gate_cf_exact_check_v3/runs/correctness_fuzz/caterpillar_rect_dense/n64/seed2_L0_Q0
correctness_fuzz,caterpillar_rect_dense,64,2,0,1,1,0,0,1,0.012974,1840,/Users/free_1/Library/Mobile Documents/iCloud~md~obsidian/Documents/cpp-checker/branch_3/artifacts/lca_tree_stress_v5/strong_gate_cf_exact_check_v3/runs/correctness_fuzz/caterpillar_rect_dense/n64/seed2_L0_Q1
correctness_fuzz,caterpillar_rect_dense,64,2,1,0,1,0,0,1,0.012642,1824,/Users/free_1/Library/Mobile Documents/iCloud~md~obsidian/Documents/cpp-checker/branch_3/artifacts/lca_tree_stress_v5/strong_gate_cf_exact_check_v3/runs/correctness_fuzz/caterpillar_rect_dense/n64/seed2_L1_Q0
correctness_fuzz,caterpillar_rect_dense,64,2,1,1,1,0,0,1,0.011263,1840,/Users/free_1/Library/Mobile Documents/iCloud~md~obsidian/Documents/cpp-checker/branch_3/artifacts/lca_tree_stress_v5/strong_gate_cf_exact_check_v3/runs/correctness_fuzz/caterpillar_rect_dense/n64/seed2_L1_Q1
correctness_fuzz,caterpillar_rect_dense,64,3,0,0,1,0,0,1,0.023805,1872,/Users/free_1/Library/Mobile Documents/iCloud~md~obsidian/Documents/cpp-checker/branch_3/artifacts/lca_tree_stress_v5/strong_gate_cf_exact_check_v3/runs/correctness_fuzz/caterpillar_rect_dense/n64/seed3_L0_Q0
correctness_fuzz,caterpillar_rect_dense,64,3,0,1,1,0,0,1,0.036554,1920,/Users/free_1/Library/Mobile Documents/iCloud~md~obsidian/Documents/cpp-checker/branch_3/artifacts/lca_tree_stress_v5/strong_gate_cf_exact_check_v3/runs/correctness_fuzz/caterpillar_rect_dense/n64/seed3_L0_Q1
correctness_fuzz,caterpillar_rect_dense,64,3,1,0,1,0,0,1,0.026735,1872,/Users/free_1/Library/Mobile Documents/iCloud~md~obsidian/Documents/cpp-checker/branch_3/artifacts/lca_tree_stress_v5/strong_gate_cf_exact_check_v3/runs/correctness_fuzz/caterpillar_rect_dense/n64/seed3_L1_Q0
correctness_fuzz,caterpillar_rect_dense,64,3,1,1,1,0,0,1,0.025339,1872,/Users/free_1/Library/Mobile Documents/iCloud~md~obsidian/Documents/cpp-checker/branch_3/artifacts/lca_tree_stress_v5/strong_gate_cf_exact_check_v3/runs/correctness_fuzz/caterpillar_rect_dense/n64/seed3_L1_Q1
correctness_fuzz,caterpillar_rect_dense,64,4,0,0,1,0,0,1,0.011109,1904,/Users/free_1/Library/Mobile Documents/iCloud~md~obsidian/Documents/cpp-checker/branch_3/artifacts/lca_tree_stress_v5/strong_gate_cf_exact_check_v3/runs/correctness_fuzz/caterpillar_rect_dense/n64/seed4_L0_Q0
correctness_fuzz,caterpillar_rect_dense,64,4,0,1,1,0,0,1,0.012931,1888,/Users/free_1/Library/Mobile Documents/iCloud~md~obsidian/Documents/cpp-checker/branch_3/artifacts/lca_tree_stress_v5/strong_gate_cf_exact_check_v3/runs/correctness_fuzz/caterpillar_rect_dense/n64/seed4_L0_Q1
correctness_fuzz,caterpillar_rect_dense,64,4,1,0,1,0,0,1,0.038042,1872,/Users/free_1/Library/Mobile Documents/iCloud~md~obsidian/Documents/cpp-checker/branch_3/artifacts/lca_tree_stress_v5/strong_gate_cf_exact_check_v3/runs/correctness_fuzz/caterpillar_rect_dense/n64/seed4_L1_Q0
correctness_fuzz,caterpillar_rect_dense,64,4,1,1,1,0,0,1,0.036848,1856,/Users/free_1/Library/Mobile Documents/iCloud~md~obsidian/Documents/cpp-checker/branch_3/artifacts/lca_tree_stress_v5/strong_gate_cf_exact_check_v3/runs/correctness_fuzz/caterpillar_rect_dense/n64/seed4_L1_Q1
correctness_fuzz,caterpillar_rect_dense,64,5,0,0,1,0,0,1,0.011968,1888,/Users/free_1/Library/Mobile Documents/iCloud~md~obsidian/Documents/cpp-checker/branch_3/artifacts/lca_tree_stress_v5/strong_gate_cf_exact_check_v3/runs/correctness_fuzz/caterpillar_rect_dense/n64/seed5_L0_Q0
correctness_fuzz,caterpillar_rect_dense,64,5,0,1,1,0,0,1,0.118215,1920,/Users/free_1/Library/Mobile Documents/iCloud~md~obsidian/Documents/cpp-checker/branch_3/artifacts/lca_tree_stress_v5/strong_gate_cf_exact_check_v3/runs/correctness_fuzz/caterpillar_rect_dense/n64/seed5_L0_Q1
correctness_fuzz,caterpillar_rect_dense,64,5,1,0,1,0,0,1,0.026946,1856,/Users/free_1/Library/Mobile Documents/iCloud~md~obsidian/Documents/cpp-checker/branch_3/artifacts/lca_tree_stress_v5/strong_gate_cf_exact_check_v3/runs/correctness_fuzz/caterpillar_rect_dense/n64/seed5_L1_Q0
correctness_fuzz,caterpillar_rect_dense,64,5,1,1,1,0,0,1,0.010640,1872,/Users/free_1/Library/Mobile Documents/iCloud~md~obsidian/Documents/cpp-checker/branch_3/artifacts/lca_tree_stress_v5/strong_gate_cf_exact_check_v3/runs/correctness_fuzz/caterpillar_rect_dense/n64/seed5_L1_Q1
correctness_fuzz,caterpillar_rect_dense,128,1,0,0,1,0,0,1,0.025607,2800,/Users/free_1/Library/Mobile Documents/iCloud~md~obsidian/Documents/cpp-checker/branch_3/artifacts/lca_tree_stress_v5/strong_gate_cf_exact_check_v3/runs/correctness_fuzz/caterpillar_rect_dense/n128/seed1_L0_Q0
correctness_fuzz,caterpillar_rect_dense,128,1,0,1,1,0,0,1,0.025118,2784,/Users/free_1/Library/Mobile Documents/iCloud~md~obsidian/Documents/cpp-checker/branch_3/artifacts/lca_tree_stress_v5/strong_gate_cf_exact_check_v3/runs/correctness_fuzz/caterpillar_rect_dense/n128/seed1_L0_Q1
correctness_fuzz,caterpillar_rect_dense,128,1,1,0,1,0,0,1,0.231985,2800,/Users/free_1/Library/Mobile Documents/iCloud~md~obsidian/Documents/cpp-checker/branch_3/artifacts/lca_tree_stress_v5/strong_gate_cf_exact_check_v3/runs/correctness_fuzz/caterpillar_rect_dense/n128/seed1_L1_Q0
correctness_fuzz,caterpillar_rect_dense,128,1,1,1,1,0,0,1,0.049659,2784,/Users/free_1/Library/Mobile Documents/iCloud~md~obsidian/Documents/cpp-checker/branch_3/artifacts/lca_tree_stress_v5/strong_gate_cf_exact_check_v3/runs/correctness_fuzz/caterpillar_rect_dense/n128/seed1_L1_Q1
correctness_fuzz,caterpillar_rect_dense,128,2,0,0,1,0,0,1,0.024539,2784,/Users/free_1/Library/Mobile Documents/iCloud~md~obsidian/Documents/cpp-checker/branch_3/artifacts/lca_tree_stress_v5/strong_gate_cf_exact_check_v3/runs/correctness_fuzz/caterpillar_rect_dense/n128/seed2_L0_Q0
correctness_fuzz,caterpillar_rect_dense,128,2,0,1,1,0,0,1,0.026628,2800,/Users/free_1/Library/Mobile Documents/iCloud~md~obsidian/Documents/cpp-checker/branch_3/artifacts/lca_tree_stress_v5/strong_gate_cf_exact_check_v3/runs/correctness_fuzz/caterpillar_rect_dense/n128/seed2_L0_Q1
correctness_fuzz,caterpillar_rect_dense,128,2,1,0,1,0,0,1,0.024669,2800,/Users/free_1/Library/Mobile Documents/iCloud~md~obsidian/Documents/cpp-checker/branch_3/artifacts/lca_tree_stress_v5/strong_gate_cf_exact_check_v3/runs/correctness_fuzz/caterpillar_rect_dense/n128/seed2_L1_Q0
correctness_fuzz,caterpillar_rect_dense,128,2,1,1,1,0,0,1,0.023814,2784,/Users/free_1/Library/Mobile Documents/iCloud~md~obsidian/Documents/cpp-checker/branch_3/artifacts/lca_tree_stress_v5/strong_gate_cf_exact_check_v3/runs/correctness_fuzz/caterpillar_rect_dense/n128/seed2_L1_Q1
correctness_fuzz,caterpillar_rect_dense,128,3,0,0,1,0,0,1,0.010419,2848,/Users/free_1/Library/Mobile Documents/iCloud~md~obsidian/Documents/cpp-checker/branch_3/artifacts/lca_tree_stress_v5/strong_gate_cf_exact_check_v3/runs/correctness_fuzz/caterpillar_rect_dense/n128/seed3_L0_Q0
correctness_fuzz,caterpillar_rect_dense,128,3,0,1,1,0,0,1,0.012667,2832,/Users/free_1/Library/Mobile Documents/iCloud~md~obsidian/Documents/cpp-checker/branch_3/artifacts/lca_tree_stress_v5/strong_gate_cf_exact_check_v3/runs/correctness_fuzz/caterpillar_rect_dense/n128/seed3_L0_Q1
correctness_fuzz,caterpillar_rect_dense,128,3,1,0,1,0,0,1,0.012591,2800,/Users/free_1/Library/Mobile Documents/iCloud~md~obsidian/Documents/cpp-checker/branch_3/artifacts/lca_tree_stress_v5/strong_gate_cf_exact_check_v3/runs/correctness_fuzz/caterpillar_rect_dense/n128/seed3_L1_Q0
correctness_fuzz,caterpillar_rect_dense,128,3,1,1,1,0,0,1,0.021781,2832,/Users/free_1/Library/Mobile Documents/iCloud~md~obsidian/Documents/cpp-checker/branch_3/artifacts/lca_tree_stress_v5/strong_gate_cf_exact_check_v3/runs/correctness_fuzz/caterpillar_rect_dense/n128/seed3_L1_Q1
correctness_fuzz,caterpillar_rect_dense,128,4,0,0,1,0,0,1,0.012635,2816,/Users/free_1/Library/Mobile Documents/iCloud~md~obsidian/Documents/cpp-checker/branch_3/artifacts/lca_tree_stress_v5/strong_gate_cf_exact_check_v3/runs/correctness_fuzz/caterpillar_rect_dense/n128/seed4_L0_Q0
correctness_fuzz,caterpillar_rect_dense,128,4,0,1,1,0,0,1,0.011423,2832,/Users/free_1/Library/Mobile Documents/iCloud~md~obsidian/Documents/cpp-checker/branch_3/artifacts/lca_tree_stress_v5/strong_gate_cf_exact_check_v3/runs/correctness_fuzz/caterpillar_rect_dense/n128/seed4_L0_Q1
correctness_fuzz,caterpillar_rect_dense,128,4,1,0,1,0,0,1,0.023395,2784,/Users/free_1/Library/Mobile Documents/iCloud~md~obsidian/Documents/cpp-checker/branch_3/artifacts/lca_tree_stress_v5/strong_gate_cf_exact_check_v3/runs/correctness_fuzz/caterpillar_rect_dense/n128/seed4_L1_Q0
correctness_fuzz,caterpillar_rect_dense,128,4,1,1,1,0,0,1,0.025191,2752,/Users/free_1/Library/Mobile Documents/iCloud~md~obsidian/Documents/cpp-checker/branch_3/artifacts/lca_tree_stress_v5/strong_gate_cf_exact_check_v3/runs/correctness_fuzz/caterpillar_rect_dense/n128/seed4_L1_Q1
correctness_fuzz,caterpillar_rect_dense,128,5,0,0,1,0,0,1,0.012458,2736,/Users/free_1/Library/Mobile Documents/iCloud~md~obsidian/Documents/cpp-checker/branch_3/artifacts/lca_tree_stress_v5/strong_gate_cf_exact_check_v3/runs/correctness_fuzz/caterpillar_rect_dense/n128/seed5_L0_Q0
correctness_fuzz,caterpillar_rect_dense,128,5,0,1,1,0,0,1,0.012574,2800,/Users/free_1/Library/Mobile Documents/iCloud~md~obsidian/Documents/cpp-checker/branch_3/artifacts/lca_tree_stress_v5/strong_gate_cf_exact_check_v3/runs/correctness_fuzz/caterpillar_rect_dense/n128/seed5_L0_Q1
correctness_fuzz,caterpillar_rect_dense,128,5,1,0,1,0,0,1,0.010627,2784,/Users/free_1/Library/Mobile Documents/iCloud~md~obsidian/Documents/cpp-checker/branch_3/artifacts/lca_tree_stress_v5/strong_gate_cf_exact_check_v3/runs/correctness_fuzz/caterpillar_rect_dense/n128/seed5_L1_Q0
correctness_fuzz,caterpillar_rect_dense,128,5,1,1,1,0,0,1,0.010387,2784,/Users/free_1/Library/Mobile Documents/iCloud~md~obsidian/Documents/cpp-checker/branch_3/artifacts/lca_tree_stress_v5/strong_gate_cf_exact_check_v3/runs/correctness_fuzz/caterpillar_rect_dense/n128/seed5_L1_Q1
correctness_fuzz,caterpillar_rect_dense,256,1,0,0,1,0,0,1,0.045441,6288,/Users/free_1/Library/Mobile Documents/iCloud~md~obsidian/Documents/cpp-checker/branch_3/artifacts/lca_tree_stress_v5/strong_gate_cf_exact_check_v3/runs/correctness_fuzz/caterpillar_rect_dense/n256/seed1_L0_Q0
correctness_fuzz,caterpillar_rect_dense,256,1,0,1,1,0,0,1,0.033476,6192,/Users/free_1/Library/Mobile Documents/iCloud~md~obsidian/Documents/cpp-checker/branch_3/artifacts/lca_tree_stress_v5/strong_gate_cf_exact_check_v3/runs/correctness_fuzz/caterpillar_rect_dense/n256/seed1_L0_Q1
correctness_fuzz,caterpillar_rect_dense,256,1,1,0,1,0,0,1,0.034625,6288,/Users/free_1/Library/Mobile Documents/iCloud~md~obsidian/Documents/cpp-checker/branch_3/artifacts/lca_tree_stress_v5/strong_gate_cf_exact_check_v3/runs/correctness_fuzz/caterpillar_rect_dense/n256/seed1_L1_Q0
correctness_fuzz,caterpillar_rect_dense,256,1,1,1,1,0,0,1,0.037691,6144,/Users/free_1/Library/Mobile Documents/iCloud~md~obsidian/Documents/cpp-checker/branch_3/artifacts/lca_tree_stress_v5/strong_gate_cf_exact_check_v3/runs/correctness_fuzz/caterpillar_rect_dense/n256/seed1_L1_Q1
correctness_fuzz,caterpillar_rect_dense,256,2,0,0,1,0,0,1,0.037707,6176,/Users/free_1/Library/Mobile Documents/iCloud~md~obsidian/Documents/cpp-checker/branch_3/artifacts/lca_tree_stress_v5/strong_gate_cf_exact_check_v3/runs/correctness_fuzz/caterpillar_rect_dense/n256/seed2_L0_Q0
correctness_fuzz,caterpillar_rect_dense,256,2,0,1,1,0,0,1,0.047039,6256,/Users/free_1/Library/Mobile Documents/iCloud~md~obsidian/Documents/cpp-checker/branch_3/artifacts/lca_tree_stress_v5/strong_gate_cf_exact_check_v3/runs/correctness_fuzz/caterpillar_rect_dense/n256/seed2_L0_Q1
correctness_fuzz,caterpillar_rect_dense,256,2,1,0,1,0,0,1,0.033856,6240,/Users/free_1/Library/Mobile Documents/iCloud~md~obsidian/Documents/cpp-checker/branch_3/artifacts/lca_tree_stress_v5/strong_gate_cf_exact_check_v3/runs/correctness_fuzz/caterpillar_rect_dense/n256/seed2_L1_Q0
correctness_fuzz,caterpillar_rect_dense,256,2,1,1,1,0,0,1,0.035637,6208,/Users/free_1/Library/Mobile Documents/iCloud~md~obsidian/Documents/cpp-checker/branch_3/artifacts/lca_tree_stress_v5/strong_gate_cf_exact_check_v3/runs/correctness_fuzz/caterpillar_rect_dense/n256/seed2_L1_Q1
correctness_fuzz,caterpillar_rect_dense,256,3,0,0,1,0,0,1,0.034917,6160,/Users/free_1/Library/Mobile Documents/iCloud~md~obsidian/Documents/cpp-checker/branch_3/artifacts/lca_tree_stress_v5/strong_gate_cf_exact_check_v3/runs/correctness_fuzz/caterpillar_rect_dense/n256/seed3_L0_Q0
correctness_fuzz,caterpillar_rect_dense,256,3,0,1,1,0,0,1,0.032982,6240,/Users/free_1/Library/Mobile Documents/iCloud~md~obsidian/Documents/cpp-checker/branch_3/artifacts/lca_tree_stress_v5/strong_gate_cf_exact_check_v3/runs/correctness_fuzz/caterpillar_rect_dense/n256/seed3_L0_Q1
correctness_fuzz,caterpillar_rect_dense,256,3,1,0,1,0,0,1,0.036090,6192,/Users/free_1/Library/Mobile Documents/iCloud~md~obsidian/Documents/cpp-checker/branch_3/artifacts/lca_tree_stress_v5/strong_gate_cf_exact_check_v3/runs/correctness_fuzz/caterpillar_rect_dense/n256/seed3_L1_Q0
correctness_fuzz,caterpillar_rect_dense,256,3,1,1,1,0,0,1,0.188528,6208,/Users/free_1/Library/Mobile Documents/iCloud~md~obsidian/Documents/cpp-checker/branch_3/artifacts/lca_tree_stress_v5/strong_gate_cf_exact_check_v3/runs/correctness_fuzz/caterpillar_rect_dense/n256/seed3_L1_Q1
correctness_fuzz,caterpillar_rect_dense,256,4,0,0,1,0,0,1,0.050702,6288,/Users/free_1/Library/Mobile Documents/iCloud~md~obsidian/Documents/cpp-checker/branch_3/artifacts/lca_tree_stress_v5/strong_gate_cf_exact_check_v3/runs/correctness_fuzz/caterpillar_rect_dense/n256/seed4_L0_Q0
correctness_fuzz,caterpillar_rect_dense,256,4,0,1,1,0,0,1,0.047004,6272,/Users/free_1/Library/Mobile Documents/iCloud~md~obsidian/Documents/cpp-checker/branch_3/artifacts/lca_tree_stress_v5/strong_gate_cf_exact_check_v3/runs/correctness_fuzz/caterpillar_rect_dense/n256/seed4_L0_Q1
correctness_fuzz,caterpillar_rect_dense,256,4,1,0,1,0,0,1,0.035430,6192,/Users/free_1/Library/Mobile Documents/iCloud~md~obsidian/Documents/cpp-checker/branch_3/artifacts/lca_tree_stress_v5/strong_gate_cf_exact_check_v3/runs/correctness_fuzz/caterpillar_rect_dense/n256/seed4_L1_Q0
correctness_fuzz,caterpillar_rect_dense,256,4,1,1,1,0,0,1,0.034512,6208,/Users/free_1/Library/Mobile Documents/iCloud~md~obsidian/Documents/cpp-checker/branch_3/artifacts/lca_tree_stress_v5/strong_gate_cf_exact_check_v3/runs/correctness_fuzz/caterpillar_rect_dense/n256/seed4_L1_Q1
correctness_fuzz,caterpillar_rect_dense,256,5,0,0,1,0,0,1,0.037065,6224,/Users/free_1/Library/Mobile Documents/iCloud~md~obsidian/Documents/cpp-checker/branch_3/artifacts/lca_tree_stress_v5/strong_gate_cf_exact_check_v3/runs/correctness_fuzz/caterpillar_rect_dense/n256/seed5_L0_Q0
correctness_fuzz,caterpillar_rect_dense,256,5,0,1,1,0,0,1,0.352319,6288,/Users/free_1/Library/Mobile Documents/iCloud~md~obsidian/Documents/cpp-checker/branch_3/artifacts/lca_tree_stress_v5/strong_gate_cf_exact_check_v3/runs/correctness_fuzz/caterpillar_rect_dense/n256/seed5_L0_Q1
correctness_fuzz,caterpillar_rect_dense,256,5,1,0,1,0,0,1,0.062758,6192,/Users/free_1/Library/Mobile Documents/iCloud~md~obsidian/Documents/cpp-checker/branch_3/artifacts/lca_tree_stress_v5/strong_gate_cf_exact_check_v3/runs/correctness_fuzz/caterpillar_rect_dense/n256/seed5_L1_Q0
correctness_fuzz,caterpillar_rect_dense,256,5,1,1,1,0,0,1,0.071721,6192,/Users/free_1/Library/Mobile Documents/iCloud~md~obsidian/Documents/cpp-checker/branch_3/artifacts/lca_tree_stress_v5/strong_gate_cf_exact_check_v3/runs/correctness_fuzz/caterpillar_rect_dense/n256/seed5_L1_Q1
correctness_fuzz,caterpillar_rect_dense,512,1,0,0,1,0,0,1,0.165660,18816,/Users/free_1/Library/Mobile Documents/iCloud~md~obsidian/Documents/cpp-checker/branch_3/artifacts/lca_tree_stress_v5/strong_gate_cf_exact_check_v3/runs/correctness_fuzz/caterpillar_rect_dense/n512/seed1_L0_Q0
correctness_fuzz,caterpillar_rect_dense,512,1,0,1,1,0,0,1,0.131202,18976,/Users/free_1/Library/Mobile Documents/iCloud~md~obsidian/Documents/cpp-checker/branch_3/artifacts/lca_tree_stress_v5/strong_gate_cf_exact_check_v3/runs/correctness_fuzz/caterpillar_rect_dense/n512/seed1_L0_Q1
correctness_fuzz,caterpillar_rect_dense,512,1,1,0,1,0,0,1,0.116199,18864,/Users/free_1/Library/Mobile Documents/iCloud~md~obsidian/Documents/cpp-checker/branch_3/artifacts/lca_tree_stress_v5/strong_gate_cf_exact_check_v3/runs/correctness_fuzz/caterpillar_rect_dense/n512/seed1_L1_Q0
correctness_fuzz,caterpillar_rect_dense,512,1,1,1,1,0,0,1,0.137430,18912,/Users/free_1/Library/Mobile Documents/iCloud~md~obsidian/Documents/cpp-checker/branch_3/artifacts/lca_tree_stress_v5/strong_gate_cf_exact_check_v3/runs/correctness_fuzz/caterpillar_rect_dense/n512/seed1_L1_Q1
correctness_fuzz,caterpillar_rect_dense,512,2,0,0,1,0,0,1,0.120873,18864,/Users/free_1/Library/Mobile Documents/iCloud~md~obsidian/Documents/cpp-checker/branch_3/artifacts/lca_tree_stress_v5/strong_gate_cf_exact_check_v3/runs/correctness_fuzz/caterpillar_rect_dense/n512/seed2_L0_Q0
correctness_fuzz,caterpillar_rect_dense,512,2,0,1,1,0,0,1,0.135727,18784,/Users/free_1/Library/Mobile Documents/iCloud~md~obsidian/Documents/cpp-checker/branch_3/artifacts/lca_tree_stress_v5/strong_gate_cf_exact_check_v3/runs/correctness_fuzz/caterpillar_rect_dense/n512/seed2_L0_Q1
correctness_fuzz,caterpillar_rect_dense,512,2,1,0,1,0,0,1,0.109697,18864,/Users/free_1/Library/Mobile Documents/iCloud~md~obsidian/Documents/cpp-checker/branch_3/artifacts/lca_tree_stress_v5/strong_gate_cf_exact_check_v3/runs/correctness_fuzz/caterpillar_rect_dense/n512/seed2_L1_Q0
correctness_fuzz,caterpillar_rect_dense,512,2,1,1,1,0,0,1,0.114714,18880,/Users/free_1/Library/Mobile Documents/iCloud~md~obsidian/Documents/cpp-checker/branch_3/artifacts/lca_tree_stress_v5/strong_gate_cf_exact_check_v3/runs/correctness_fuzz/caterpillar_rect_dense/n512/seed2_L1_Q1
correctness_fuzz,caterpillar_rect_dense,512,3,0,0,1,0,0,1,0.121732,18816,/Users/free_1/Library/Mobile Documents/iCloud~md~obsidian/Documents/cpp-checker/branch_3/artifacts/lca_tree_stress_v5/strong_gate_cf_exact_check_v3/runs/correctness_fuzz/caterpillar_rect_dense/n512/seed3_L0_Q0
correctness_fuzz,caterpillar_rect_dense,512,3,0,1,1,0,0,1,0.122584,18816,/Users/free_1/Library/Mobile Documents/iCloud~md~obsidian/Documents/cpp-checker/branch_3/artifacts/lca_tree_stress_v5/strong_gate_cf_exact_check_v3/runs/correctness_fuzz/caterpillar_rect_dense/n512/seed3_L0_Q1
correctness_fuzz,caterpillar_rect_dense,512,3,1,0,1,0,0,1,0.119962,18800,/Users/free_1/Library/Mobile Documents/iCloud~md~obsidian/Documents/cpp-checker/branch_3/artifacts/lca_tree_stress_v5/strong_gate_cf_exact_check_v3/runs/correctness_fuzz/caterpillar_rect_dense/n512/seed3_L1_Q0
correctness_fuzz,caterpillar_rect_dense,512,3,1,1,1,0,0,1,0.123180,18832,/Users/free_1/Library/Mobile Documents/iCloud~md~obsidian/Documents/cpp-checker/branch_3/artifacts/lca_tree_stress_v5/strong_gate_cf_exact_check_v3/runs/correctness_fuzz/caterpillar_rect_dense/n512/seed3_L1_Q1
correctness_fuzz,caterpillar_rect_dense,512,4,0,0,1,0,0,1,0.095072,18672,/Users/free_1/Library/Mobile Documents/iCloud~md~obsidian/Documents/cpp-checker/branch_3/artifacts/lca_tree_stress_v5/strong_gate_cf_exact_check_v3/runs/correctness_fuzz/caterpillar_rect_dense/n512/seed4_L0_Q0
correctness_fuzz,caterpillar_rect_dense,512,4,0,1,1,0,0,1,0.096845,18656,/Users/free_1/Library/Mobile Documents/iCloud~md~obsidian/Documents/cpp-checker/branch_3/artifacts/lca_tree_stress_v5/strong_gate_cf_exact_check_v3/runs/correctness_fuzz/caterpillar_rect_dense/n512/seed4_L0_Q1
correctness_fuzz,caterpillar_rect_dense,512,4,1,0,1,0,0,1,0.147193,18704,/Users/free_1/Library/Mobile Documents/iCloud~md~obsidian/Documents/cpp-checker/branch_3/artifacts/lca_tree_stress_v5/strong_gate_cf_exact_check_v3/runs/correctness_fuzz/caterpillar_rect_dense/n512/seed4_L1_Q0
correctness_fuzz,caterpillar_rect_dense,512,4,1,1,1,0,0,1,0.095086,18688,/Users/free_1/Library/Mobile Documents/iCloud~md~obsidian/Documents/cpp-checker/branch_3/artifacts/lca_tree_stress_v5/strong_gate_cf_exact_check_v3/runs/correctness_fuzz/caterpillar_rect_dense/n512/seed4_L1_Q1
correctness_fuzz,caterpillar_rect_dense,512,5,0,0,1,0,0,1,0.095728,18960,/Users/free_1/Library/Mobile Documents/iCloud~md~obsidian/Documents/cpp-checker/branch_3/artifacts/lca_tree_stress_v5/strong_gate_cf_exact_check_v3/runs/correctness_fuzz/caterpillar_rect_dense/n512/seed5_L0_Q0
correctness_fuzz,caterpillar_rect_dense,512,5,0,1,1,0,0,1,0.103054,18912,/Users/free_1/Library/Mobile Documents/iCloud~md~obsidian/Documents/cpp-checker/branch_3/artifacts/lca_tree_stress_v5/strong_gate_cf_exact_check_v3/runs/correctness_fuzz/caterpillar_rect_dense/n512/seed5_L0_Q1
correctness_fuzz,caterpillar_rect_dense,512,5,1,0,1,0,0,1,0.097292,18864,/Users/free_1/Library/Mobile Documents/iCloud~md~obsidian/Documents/cpp-checker/branch_3/artifacts/lca_tree_stress_v5/strong_gate_cf_exact_check_v3/runs/correctness_fuzz/caterpillar_rect_dense/n512/seed5_L1_Q0
correctness_fuzz,caterpillar_rect_dense,512,5,1,1,1,0,0,1,0.095634,18944,/Users/free_1/Library/Mobile Documents/iCloud~md~obsidian/Documents/cpp-checker/branch_3/artifacts/lca_tree_stress_v5/strong_gate_cf_exact_check_v3/runs/correctness_fuzz/caterpillar_rect_dense/n512/seed5_L1_Q1
correctness_fuzz,caterpillar_rect_dense,1024,1,0,0,1,0,0,1,0.477264,68112,/Users/free_1/Library/Mobile Documents/iCloud~md~obsidian/Documents/cpp-checker/branch_3/artifacts/lca_tree_stress_v5/strong_gate_cf_exact_check_v3/runs/correctness_fuzz/caterpillar_rect_dense/n1024/seed1_L0_Q0
correctness_fuzz,caterpillar_rect_dense,1024,1,0,1,1,0,0,1,0.491801,68224,/Users/free_1/Library/Mobile Documents/iCloud~md~obsidian/Documents/cpp-checker/branch_3/artifacts/lca_tree_stress_v5/strong_gate_cf_exact_check_v3/runs/correctness_fuzz/caterpillar_rect_dense/n1024/seed1_L0_Q1
correctness_fuzz,caterpillar_rect_dense,1024,1,1,0,1,0,0,1,0.438900,68080,/Users/free_1/Library/Mobile Documents/iCloud~md~obsidian/Documents/cpp-checker/branch_3/artifacts/lca_tree_stress_v5/strong_gate_cf_exact_check_v3/runs/correctness_fuzz/caterpillar_rect_dense/n1024/seed1_L1_Q0
correctness_fuzz,caterpillar_rect_dense,1024,1,1,1,1,0,0,1,0.673272,68080,/Users/free_1/Library/Mobile Documents/iCloud~md~obsidian/Documents/cpp-checker/branch_3/artifacts/lca_tree_stress_v5/strong_gate_cf_exact_check_v3/runs/correctness_fuzz/caterpillar_rect_dense/n1024/seed1_L1_Q1
correctness_fuzz,caterpillar_rect_dense,1024,2,0,0,1,0,0,1,0.551975,68192,/Users/free_1/Library/Mobile Documents/iCloud~md~obsidian/Documents/cpp-checker/branch_3/artifacts/lca_tree_stress_v5/strong_gate_cf_exact_check_v3/runs/correctness_fuzz/caterpillar_rect_dense/n1024/seed2_L0_Q0
correctness_fuzz,caterpillar_rect_dense,1024,2,0,1,1,0,0,1,0.629256,68096,/Users/free_1/Library/Mobile Documents/iCloud~md~obsidian/Documents/cpp-checker/branch_3/artifacts/lca_tree_stress_v5/strong_gate_cf_exact_check_v3/runs/correctness_fuzz/caterpillar_rect_dense/n1024/seed2_L0_Q1
correctness_fuzz,caterpillar_rect_dense,1024,2,1,0,1,0,0,1,0.536458,68208,/Users/free_1/Library/Mobile Documents/iCloud~md~obsidian/Documents/cpp-checker/branch_3/artifacts/lca_tree_stress_v5/strong_gate_cf_exact_check_v3/runs/correctness_fuzz/caterpillar_rect_dense/n1024/seed2_L1_Q0
correctness_fuzz,caterpillar_rect_dense,1024,2,1,1,1,0,0,1,0.537019,68272,/Users/free_1/Library/Mobile Documents/iCloud~md~obsidian/Documents/cpp-checker/branch_3/artifacts/lca_tree_stress_v5/strong_gate_cf_exact_check_v3/runs/correctness_fuzz/caterpillar_rect_dense/n1024/seed2_L1_Q1
correctness_fuzz,caterpillar_rect_dense,1024,3,0,0,1,0,0,1,0.438885,68240,/Users/free_1/Library/Mobile Documents/iCloud~md~obsidian/Documents/cpp-checker/branch_3/artifacts/lca_tree_stress_v5/strong_gate_cf_exact_check_v3/runs/correctness_fuzz/caterpillar_rect_dense/n1024/seed3_L0_Q0
correctness_fuzz,caterpillar_rect_dense,1024,3,0,1,1,0,0,1,0.408637,68128,/Users/free_1/Library/Mobile Documents/iCloud~md~obsidian/Documents/cpp-checker/branch_3/artifacts/lca_tree_stress_v5/strong_gate_cf_exact_check_v3/runs/correctness_fuzz/caterpillar_rect_dense/n1024/seed3_L0_Q1
correctness_fuzz,caterpillar_rect_dense,1024,3,1,0,1,0,0,1,0.455028,68192,/Users/free_1/Library/Mobile Documents/iCloud~md~obsidian/Documents/cpp-checker/branch_3/artifacts/lca_tree_stress_v5/strong_gate_cf_exact_check_v3/runs/correctness_fuzz/caterpillar_rect_dense/n1024/seed3_L1_Q0
correctness_fuzz,caterpillar_rect_dense,1024,3,1,1,1,0,0,1,0.523444,68160,/Users/free_1/Library/Mobile Documents/iCloud~md~obsidian/Documents/cpp-checker/branch_3/artifacts/lca_tree_stress_v5/strong_gate_cf_exact_check_v3/runs/correctness_fuzz/caterpillar_rect_dense/n1024/seed3_L1_Q1
correctness_fuzz,caterpillar_rect_dense,1024,4,0,0,1,0,0,1,0.502572,67952,/Users/free_1/Library/Mobile Documents/iCloud~md~obsidian/Documents/cpp-checker/branch_3/artifacts/lca_tree_stress_v5/strong_gate_cf_exact_check_v3/runs/correctness_fuzz/caterpillar_rect_dense/n1024/seed4_L0_Q0
correctness_fuzz,caterpillar_rect_dense,1024,4,0,1,1,0,0,1,0.576474,67920,/Users/free_1/Library/Mobile Documents/iCloud~md~obsidian/Documents/cpp-checker/branch_3/artifacts/lca_tree_stress_v5/strong_gate_cf_exact_check_v3/runs/correctness_fuzz/caterpillar_rect_dense/n1024/seed4_L0_Q1
correctness_fuzz,caterpillar_rect_dense,1024,4,1,0,1,0,0,1,0.389133,67984,/Users/free_1/Library/Mobile Documents/iCloud~md~obsidian/Documents/cpp-checker/branch_3/artifacts/lca_tree_stress_v5/strong_gate_cf_exact_check_v3/runs/correctness_fuzz/caterpillar_rect_dense/n1024/seed4_L1_Q0
correctness_fuzz,caterpillar_rect_dense,1024,4,1,1,1,0,0,1,0.367147,67904,/Users/free_1/Library/Mobile Documents/iCloud~md~obsidian/Documents/cpp-checker/branch_3/artifacts/lca_tree_stress_v5/strong_gate_cf_exact_check_v3/runs/correctness_fuzz/caterpillar_rect_dense/n1024/seed4_L1_Q1
correctness_fuzz,caterpillar_rect_dense,1024,5,0,0,1,0,0,1,0.370946,68192,/Users/free_1/Library/Mobile Documents/iCloud~md~obsidian/Documents/cpp-checker/branch_3/artifacts/lca_tree_stress_v5/strong_gate_cf_exact_check_v3/runs/correctness_fuzz/caterpillar_rect_dense/n1024/seed5_L0_Q0
correctness_fuzz,caterpillar_rect_dense,1024,5,0,1,1,0,0,1,0.532444,68128,/Users/free_1/Library/Mobile Documents/iCloud~md~obsidian/Documents/cpp-checker/branch_3/artifacts/lca_tree_stress_v5/strong_gate_cf_exact_check_v3/runs/correctness_fuzz/caterpillar_rect_dense/n1024/seed5_L0_Q1
correctness_fuzz,caterpillar_rect_dense,1024,5,1,0,1,-9,1,0,,,/Users/free_1/Library/Mobile Documents/iCloud~md~obsidian/Documents/cpp-checker/branch_3/artifacts/lca_tree_stress_v5/strong_gate_cf_exact_check_v3/runs/correctness_fuzz/caterpillar_rect_dense/n1024/seed5_L1_Q0
correctness_fuzz,caterpillar_rect_dense,1024,5,1,1,1,0,0,1,0.611922,68128,/Users/free_1/Library/Mobile Documents/iCloud~md~obsidian/Documents/cpp-checker/branch_3/artifacts/lca_tree_stress_v5/strong_gate_cf_exact_check_v3/runs/correctness_fuzz/caterpillar_rect_dense/n1024/seed5_L1_Q1
correctness_fuzz,random_recursive_mixed,64,1,0,0,1,0,0,1,0.012563,1632,/Users/free_1/Library/Mobile Documents/iCloud~md~obsidian/Documents/cpp-checker/branch_3/artifacts/lca_tree_stress_v5/strong_gate_cf_exact_check_v3/runs/correctness_fuzz/random_recursive_mixed/n64/seed1_L0_Q0
correctness_fuzz,random_recursive_mixed,64,1,0,1,1,0,0,1,0.012568,1632,/Users/free_1/Library/Mobile Documents/iCloud~md~obsidian/Documents/cpp-checker/branch_3/artifacts/lca_tree_stress_v5/strong_gate_cf_exact_check_v3/runs/correctness_fuzz/random_recursive_mixed/n64/seed1_L0_Q1
correctness_fuzz,random_recursive_mixed,64,1,1,0,1,0,0,1,0.011683,1600,/Users/free_1/Library/Mobile Documents/iCloud~md~obsidian/Documents/cpp-checker/branch_3/artifacts/lca_tree_stress_v5/strong_gate_cf_exact_check_v3/runs/correctness_fuzz/random_recursive_mixed/n64/seed1_L1_Q0
correctness_fuzz,random_recursive_mixed,64,1,1,1,1,0,0,1,0.011978,1600,/Users/free_1/Library/Mobile Documents/iCloud~md~obsidian/Documents/cpp-checker/branch_3/artifacts/lca_tree_stress_v5/strong_gate_cf_exact_check_v3/runs/correctness_fuzz/random_recursive_mixed/n64/seed1_L1_Q1
correctness_fuzz,random_recursive_mixed,64,2,0,0,1,0,0,1,0.011344,1600,/Users/free_1/Library/Mobile Documents/iCloud~md~obsidian/Documents/cpp-checker/branch_3/artifacts/lca_tree_stress_v5/strong_gate_cf_exact_check_v3/runs/correctness_fuzz/random_recursive_mixed/n64/seed2_L0_Q0
correctness_fuzz,random_recursive_mixed,64,2,0,1,1,0,0,1,0.011992,1600,/Users/free_1/Library/Mobile Documents/iCloud~md~obsidian/Documents/cpp-checker/branch_3/artifacts/lca_tree_stress_v5/strong_gate_cf_exact_check_v3/runs/correctness_fuzz/random_recursive_mixed/n64/seed2_L0_Q1
correctness_fuzz,random_recursive_mixed,64,2,1,0,1,0,0,1,0.010137,1600,/Users/free_1/Library/Mobile Documents/iCloud~md~obsidian/Documents/cpp-checker/branch_3/artifacts/lca_tree_stress_v5/strong_gate_cf_exact_check_v3/runs/correctness_fuzz/random_recursive_mixed/n64/seed2_L1_Q0
correctness_fuzz,random_recursive_mixed,64,2,1,1,1,0,0,1,0.011463,1600,/Users/free_1/Library/Mobile Documents/iCloud~md~obsidian/Documents/cpp-checker/branch_3/artifacts/lca_tree_stress_v5/strong_gate_cf_exact_check_v3/runs/correctness_fuzz/random_recursive_mixed/n64/seed2_L1_Q1
correctness_fuzz,random_recursive_mixed,64,3,0,0,1,0,0,1,0.012567,1632,/Users/free_1/Library/Mobile Documents/iCloud~md~obsidian/Documents/cpp-checker/branch_3/artifacts/lca_tree_stress_v5/strong_gate_cf_exact_check_v3/runs/correctness_fuzz/random_recursive_mixed/n64/seed3_L0_Q0
correctness_fuzz,random_recursive_mixed,64,3,0,1,1,0,0,1,0.012572,1632,/Users/free_1/Library/Mobile Documents/iCloud~md~obsidian/Documents/cpp-checker/branch_3/artifacts/lca_tree_stress_v5/strong_gate_cf_exact_check_v3/runs/correctness_fuzz/random_recursive_mixed/n64/seed3_L0_Q1
correctness_fuzz,random_recursive_mixed,64,3,1,0,1,0,0,1,0.012580,1664,/Users/free_1/Library/Mobile Documents/iCloud~md~obsidian/Documents/cpp-checker/branch_3/artifacts/lca_tree_stress_v5/strong_gate_cf_exact_check_v3/runs/correctness_fuzz/random_recursive_mixed/n64/seed3_L1_Q0
correctness_fuzz,random_recursive_mixed,64,3,1,1,1,0,0,1,0.012564,1616,/Users/free_1/Library/Mobile Documents/iCloud~md~obsidian/Documents/cpp-checker/branch_3/artifacts/lca_tree_stress_v5/strong_gate_cf_exact_check_v3/runs/correctness_fuzz/random_recursive_mixed/n64/seed3_L1_Q1
correctness_fuzz,random_recursive_mixed,64,4,0,0,1,0,0,1,0.012570,1568,/Users/free_1/Library/Mobile Documents/iCloud~md~obsidian/Documents/cpp-checker/branch_3/artifacts/lca_tree_stress_v5/strong_gate_cf_exact_check_v3/runs/correctness_fuzz/random_recursive_mixed/n64/seed4_L0_Q0
correctness_fuzz,random_recursive_mixed,64,4,0,1,1,0,0,1,0.012595,1568,/Users/free_1/Library/Mobile Documents/iCloud~md~obsidian/Documents/cpp-checker/branch_3/artifacts/lca_tree_stress_v5/strong_gate_cf_exact_check_v3/runs/correctness_fuzz/random_recursive_mixed/n64/seed4_L0_Q1
correctness_fuzz,random_recursive_mixed,64,4,1,0,1,0,0,1,0.012570,1568,/Users/free_1/Library/Mobile Documents/iCloud~md~obsidian/Documents/cpp-checker/branch_3/artifacts/lca_tree_stress_v5/strong_gate_cf_exact_check_v3/runs/correctness_fuzz/random_recursive_mixed/n64/seed4_L1_Q0
correctness_fuzz,random_recursive_mixed,64,4,1,1,1,0,0,1,0.011162,1584,/Users/free_1/Library/Mobile Documents/iCloud~md~obsidian/Documents/cpp-checker/branch_3/artifacts/lca_tree_stress_v5/strong_gate_cf_exact_check_v3/runs/correctness_fuzz/random_recursive_mixed/n64/seed4_L1_Q1
correctness_fuzz,random_recursive_mixed,64,5,0,0,1,0,0,1,0.012572,1584,/Users/free_1/Library/Mobile Documents/iCloud~md~obsidian/Documents/cpp-checker/branch_3/artifacts/lca_tree_stress_v5/strong_gate_cf_exact_check_v3/runs/correctness_fuzz/random_recursive_mixed/n64/seed5_L0_Q0
correctness_fuzz,random_recursive_mixed,64,5,0,1,1,0,0,1,0.012196,1584,/Users/free_1/Library/Mobile Documents/iCloud~md~obsidian/Documents/cpp-checker/branch_3/artifacts/lca_tree_stress_v5/strong_gate_cf_exact_check_v3/runs/correctness_fuzz/random_recursive_mixed/n64/seed5_L0_Q1
correctness_fuzz,random_recursive_mixed,64,5,1,0,1,0,0,1,0.010498,1584,/Users/free_1/Library/Mobile Documents/iCloud~md~obsidian/Documents/cpp-checker/branch_3/artifacts/lca_tree_stress_v5/strong_gate_cf_exact_check_v3/runs/correctness_fuzz/random_recursive_mixed/n64/seed5_L1_Q0
correctness_fuzz,random_recursive_mixed,64,5,1,1,1,0,0,1,0.012617,1584,/Users/free_1/Library/Mobile Documents/iCloud~md~obsidian/Documents/cpp-checker/branch_3/artifacts/lca_tree_stress_v5/strong_gate_cf_exact_check_v3/runs/correctness_fuzz/random_recursive_mixed/n64/seed5_L1_Q1
correctness_fuzz,random_recursive_mixed,128,1,0,0,1,0,0,1,0.012594,1840,/Users/free_1/Library/Mobile Documents/iCloud~md~obsidian/Documents/cpp-checker/branch_3/artifacts/lca_tree_stress_v5/strong_gate_cf_exact_check_v3/runs/correctness_fuzz/random_recursive_mixed/n128/seed1_L0_Q0
correctness_fuzz,random_recursive_mixed,128,1,0,1,1,0,0,1,0.012569,1840,/Users/free_1/Library/Mobile Documents/iCloud~md~obsidian/Documents/cpp-checker/branch_3/artifacts/lca_tree_stress_v5/strong_gate_cf_exact_check_v3/runs/correctness_fuzz/random_recursive_mixed/n128/seed1_L0_Q1
correctness_fuzz,random_recursive_mixed,128,1,1,0,1,0,0,1,0.012568,1824,/Users/free_1/Library/Mobile Documents/iCloud~md~obsidian/Documents/cpp-checker/branch_3/artifacts/lca_tree_stress_v5/strong_gate_cf_exact_check_v3/runs/correctness_fuzz/random_recursive_mixed/n128/seed1_L1_Q0
correctness_fuzz,random_recursive_mixed,128,1,1,1,1,0,0,1,0.011097,1824,/Users/free_1/Library/Mobile Documents/iCloud~md~obsidian/Documents/cpp-checker/branch_3/artifacts/lca_tree_stress_v5/strong_gate_cf_exact_check_v3/runs/correctness_fuzz/random_recursive_mixed/n128/seed1_L1_Q1
correctness_fuzz,random_recursive_mixed,128,2,0,0,1,0,0,1,0.010185,1808,/Users/free_1/Library/Mobile Documents/iCloud~md~obsidian/Documents/cpp-checker/branch_3/artifacts/lca_tree_stress_v5/strong_gate_cf_exact_check_v3/runs/correctness_fuzz/random_recursive_mixed/n128/seed2_L0_Q0
correctness_fuzz,random_recursive_mixed,128,2,0,1,1,0,0,1,0.012574,1840,/Users/free_1/Library/Mobile Documents/iCloud~md~obsidian/Documents/cpp-checker/branch_3/artifacts/lca_tree_stress_v5/strong_gate_cf_exact_check_v3/runs/correctness_fuzz/random_recursive_mixed/n128/seed2_L0_Q1
correctness_fuzz,random_recursive_mixed,128,2,1,0,1,0,0,1,0.012568,1840,/Users/free_1/Library/Mobile Documents/iCloud~md~obsidian/Documents/cpp-checker/branch_3/artifacts/lca_tree_stress_v5/strong_gate_cf_exact_check_v3/runs/correctness_fuzz/random_recursive_mixed/n128/seed2_L1_Q0
correctness_fuzz,random_recursive_mixed,128,2,1,1,1,0,0,1,0.012694,1840,/Users/free_1/Library/Mobile Documents/iCloud~md~obsidian/Documents/cpp-checker/branch_3/artifacts/lca_tree_stress_v5/strong_gate_cf_exact_check_v3/runs/correctness_fuzz/random_recursive_mixed/n128/seed2_L1_Q1
correctness_fuzz,random_recursive_mixed,128,3,0,0,1,0,0,1,0.012566,1792,/Users/free_1/Library/Mobile Documents/iCloud~md~obsidian/Documents/cpp-checker/branch_3/artifacts/lca_tree_stress_v5/strong_gate_cf_exact_check_v3/runs/correctness_fuzz/random_recursive_mixed/n128/seed3_L0_Q0
correctness_fuzz,random_recursive_mixed,128,3,0,1,1,0,0,1,0.011900,1808,/Users/free_1/Library/Mobile Documents/iCloud~md~obsidian/Documents/cpp-checker/branch_3/artifacts/lca_tree_stress_v5/strong_gate_cf_exact_check_v3/runs/correctness_fuzz/random_recursive_mixed/n128/seed3_L0_Q1
correctness_fuzz,random_recursive_mixed,128,3,1,0,1,0,0,1,0.012571,1776,/Users/free_1/Library/Mobile Documents/iCloud~md~obsidian/Documents/cpp-checker/branch_3/artifacts/lca_tree_stress_v5/strong_gate_cf_exact_check_v3/runs/correctness_fuzz/random_recursive_mixed/n128/seed3_L1_Q0
correctness_fuzz,random_recursive_mixed,128,3,1,1,1,0,0,1,0.012571,1808,/Users/free_1/Library/Mobile Documents/iCloud~md~obsidian/Documents/cpp-checker/branch_3/artifacts/lca_tree_stress_v5/strong_gate_cf_exact_check_v3/runs/correctness_fuzz/random_recursive_mixed/n128/seed3_L1_Q1
correctness_fuzz,random_recursive_mixed,128,4,0,0,1,0,0,1,0.012648,1728,/Users/free_1/Library/Mobile Documents/iCloud~md~obsidian/Documents/cpp-checker/branch_3/artifacts/lca_tree_stress_v5/strong_gate_cf_exact_check_v3/runs/correctness_fuzz/random_recursive_mixed/n128/seed4_L0_Q0
correctness_fuzz,random_recursive_mixed,128,4,0,1,1,0,0,1,0.012566,1744,/Users/free_1/Library/Mobile Documents/iCloud~md~obsidian/Documents/cpp-checker/branch_3/artifacts/lca_tree_stress_v5/strong_gate_cf_exact_check_v3/runs/correctness_fuzz/random_recursive_mixed/n128/seed4_L0_Q1
correctness_fuzz,random_recursive_mixed,128,4,1,0,1,0,0,1,0.010084,1760,/Users/free_1/Library/Mobile Documents/iCloud~md~obsidian/Documents/cpp-checker/branch_3/artifacts/lca_tree_stress_v5/strong_gate_cf_exact_check_v3/runs/correctness_fuzz/random_recursive_mixed/n128/seed4_L1_Q0
correctness_fuzz,random_recursive_mixed,128,4,1,1,1,0,0,1,0.012562,1744,/Users/free_1/Library/Mobile Documents/iCloud~md~obsidian/Documents/cpp-checker/branch_3/artifacts/lca_tree_stress_v5/strong_gate_cf_exact_check_v3/runs/correctness_fuzz/random_recursive_mixed/n128/seed4_L1_Q1
correctness_fuzz,random_recursive_mixed,128,5,0,0,1,0,0,1,0.012412,1760,/Users/free_1/Library/Mobile Documents/iCloud~md~obsidian/Documents/cpp-checker/branch_3/artifacts/lca_tree_stress_v5/strong_gate_cf_exact_check_v3/runs/correctness_fuzz/random_recursive_mixed/n128/seed5_L0_Q0
correctness_fuzz,random_recursive_mixed,128,5,0,1,1,0,0,1,0.011053,1744,/Users/free_1/Library/Mobile Documents/iCloud~md~obsidian/Documents/cpp-checker/branch_3/artifacts/lca_tree_stress_v5/strong_gate_cf_exact_check_v3/runs/correctness_fuzz/random_recursive_mixed/n128/seed5_L0_Q1
correctness_fuzz,random_recursive_mixed,128,5,1,0,1,0,0,1,0.012120,1760,/Users/free_1/Library/Mobile Documents/iCloud~md~obsidian/Documents/cpp-checker/branch_3/artifacts/lca_tree_stress_v5/strong_gate_cf_exact_check_v3/runs/correctness_fuzz/random_recursive_mixed/n128/seed5_L1_Q0
correctness_fuzz,random_recursive_mixed,128,5,1,1,1,0,0,1,0.012184,1760,/Users/free_1/Library/Mobile Documents/iCloud~md~obsidian/Documents/cpp-checker/branch_3/artifacts/lca_tree_stress_v5/strong_gate_cf_exact_check_v3/runs/correctness_fuzz/random_recursive_mixed/n128/seed5_L1_Q1
correctness_fuzz,random_recursive_mixed,256,1,0,0,1,0,0,1,0.011540,2176,/Users/free_1/Library/Mobile Documents/iCloud~md~obsidian/Documents/cpp-checker/branch_3/artifacts/lca_tree_stress_v5/strong_gate_cf_exact_check_v3/runs/correctness_fuzz/random_recursive_mixed/n256/seed1_L0_Q0
correctness_fuzz,random_recursive_mixed,256,1,0,1,1,0,0,1,0.012586,2160,/Users/free_1/Library/Mobile Documents/iCloud~md~obsidian/Documents/cpp-checker/branch_3/artifacts/lca_tree_stress_v5/strong_gate_cf_exact_check_v3/runs/correctness_fuzz/random_recursive_mixed/n256/seed1_L0_Q1
correctness_fuzz,random_recursive_mixed,256,1,1,0,1,0,0,1,0.012561,2192,/Users/free_1/Library/Mobile Documents/iCloud~md~obsidian/Documents/cpp-checker/branch_3/artifacts/lca_tree_stress_v5/strong_gate_cf_exact_check_v3/runs/correctness_fuzz/random_recursive_mixed/n256/seed1_L1_Q0
correctness_fuzz,random_recursive_mixed,256,1,1,1,1,0,0,1,0.011801,2176,/Users/free_1/Library/Mobile Documents/iCloud~md~obsidian/Documents/cpp-checker/branch_3/artifacts/lca_tree_stress_v5/strong_gate_cf_exact_check_v3/runs/correctness_fuzz/random_recursive_mixed/n256/seed1_L1_Q1
correctness_fuzz,random_recursive_mixed,256,2,0,0,1,0,0,1,0.012576,2160,/Users/free_1/Library/Mobile Documents/iCloud~md~obsidian/Documents/cpp-checker/branch_3/artifacts/lca_tree_stress_v5/strong_gate_cf_exact_check_v3/runs/correctness_fuzz/random_recursive_mixed/n256/seed2_L0_Q0
correctness_fuzz,random_recursive_mixed,256,2,0,1,1,0,0,1,0.012567,2192,/Users/free_1/Library/Mobile Documents/iCloud~md~obsidian/Documents/cpp-checker/branch_3/artifacts/lca_tree_stress_v5/strong_gate_cf_exact_check_v3/runs/correctness_fuzz/random_recursive_mixed/n256/seed2_L0_Q1
correctness_fuzz,random_recursive_mixed,256,2,1,0,1,0,0,1,0.010578,2176,/Users/free_1/Library/Mobile Documents/iCloud~md~obsidian/Documents/cpp-checker/branch_3/artifacts/lca_tree_stress_v5/strong_gate_cf_exact_check_v3/runs/correctness_fuzz/random_recursive_mixed/n256/seed2_L1_Q0
correctness_fuzz,random_recursive_mixed,256,2,1,1,1,0,0,1,0.010347,2192,/Users/free_1/Library/Mobile Documents/iCloud~md~obsidian/Documents/cpp-checker/branch_3/artifacts/lca_tree_stress_v5/strong_gate_cf_exact_check_v3/runs/correctness_fuzz/random_recursive_mixed/n256/seed2_L1_Q1
correctness_fuzz,random_recursive_mixed,256,3,0,0,1,0,0,1,0.012563,2144,/Users/free_1/Library/Mobile Documents/iCloud~md~obsidian/Documents/cpp-checker/branch_3/artifacts/lca_tree_stress_v5/strong_gate_cf_exact_check_v3/runs/correctness_fuzz/random_recursive_mixed/n256/seed3_L0_Q0
correctness_fuzz,random_recursive_mixed,256,3,0,1,1,0,0,1,0.012558,2192,/Users/free_1/Library/Mobile Documents/iCloud~md~obsidian/Documents/cpp-checker/branch_3/artifacts/lca_tree_stress_v5/strong_gate_cf_exact_check_v3/runs/correctness_fuzz/random_recursive_mixed/n256/seed3_L0_Q1
correctness_fuzz,random_recursive_mixed,256,3,1,0,1,0,0,1,0.012562,2160,/Users/free_1/Library/Mobile Documents/iCloud~md~obsidian/Documents/cpp-checker/branch_3/artifacts/lca_tree_stress_v5/strong_gate_cf_exact_check_v3/runs/correctness_fuzz/random_recursive_mixed/n256/seed3_L1_Q0
correctness_fuzz,random_recursive_mixed,256,3,1,1,1,0,0,1,0.012562,2192,/Users/free_1/Library/Mobile Documents/iCloud~md~obsidian/Documents/cpp-checker/branch_3/artifacts/lca_tree_stress_v5/strong_gate_cf_exact_check_v3/runs/correctness_fuzz/random_recursive_mixed/n256/seed3_L1_Q1
correctness_fuzz,random_recursive_mixed,256,4,0,0,1,0,0,1,0.010452,2112,/Users/free_1/Library/Mobile Documents/iCloud~md~obsidian/Documents/cpp-checker/branch_3/artifacts/lca_tree_stress_v5/strong_gate_cf_exact_check_v3/runs/correctness_fuzz/random_recursive_mixed/n256/seed4_L0_Q0
correctness_fuzz,random_recursive_mixed,256,4,0,1,1,0,0,1,0.012668,2064,/Users/free_1/Library/Mobile Documents/iCloud~md~obsidian/Documents/cpp-checker/branch_3/artifacts/lca_tree_stress_v5/strong_gate_cf_exact_check_v3/runs/correctness_fuzz/random_recursive_mixed/n256/seed4_L0_Q1
correctness_fuzz,random_recursive_mixed,256,4,1,0,1,0,0,1,0.011489,2064,/Users/free_1/Library/Mobile Documents/iCloud~md~obsidian/Documents/cpp-checker/branch_3/artifacts/lca_tree_stress_v5/strong_gate_cf_exact_check_v3/runs/correctness_fuzz/random_recursive_mixed/n256/seed4_L1_Q0
correctness_fuzz,random_recursive_mixed,256,4,1,1,1,0,0,1,0.010915,2096,/Users/free_1/Library/Mobile Documents/iCloud~md~obsidian/Documents/cpp-checker/branch_3/artifacts/lca_tree_stress_v5/strong_gate_cf_exact_check_v3/runs/correctness_fuzz/random_recursive_mixed/n256/seed4_L1_Q1
correctness_fuzz,random_recursive_mixed,256,5,0,0,1,0,0,1,0.012592,2112,/Users/free_1/Library/Mobile Documents/iCloud~md~obsidian/Documents/cpp-checker/branch_3/artifacts/lca_tree_stress_v5/strong_gate_cf_exact_check_v3/runs/correctness_fuzz/random_recursive_mixed/n256/seed5_L0_Q0
correctness_fuzz,random_recursive_mixed,256,5,0,1,1,0,0,1,0.012704,2080,/Users/free_1/Library/Mobile Documents/iCloud~md~obsidian/Documents/cpp-checker/branch_3/artifacts/lca_tree_stress_v5/strong_gate_cf_exact_check_v3/runs/correctness_fuzz/random_recursive_mixed/n256/seed5_L0_Q1
correctness_fuzz,random_recursive_mixed,256,5,1,0,1,0,0,1,0.012575,2128,/Users/free_1/Library/Mobile Documents/iCloud~md~obsidian/Documents/cpp-checker/branch_3/artifacts/lca_tree_stress_v5/strong_gate_cf_exact_check_v3/runs/correctness_fuzz/random_recursive_mixed/n256/seed5_L1_Q0
correctness_fuzz,random_recursive_mixed,256,5,1,1,1,0,0,1,0.012585,2080,/Users/free_1/Library/Mobile Documents/iCloud~md~obsidian/Documents/cpp-checker/branch_3/artifacts/lca_tree_stress_v5/strong_gate_cf_exact_check_v3/runs/correctness_fuzz/random_recursive_mixed/n256/seed5_L1_Q1
correctness_fuzz,random_recursive_mixed,512,1,0,0,1,0,0,1,0.011025,2832,/Users/free_1/Library/Mobile Documents/iCloud~md~obsidian/Documents/cpp-checker/branch_3/artifacts/lca_tree_stress_v5/strong_gate_cf_exact_check_v3/runs/correctness_fuzz/random_recursive_mixed/n512/seed1_L0_Q0
correctness_fuzz,random_recursive_mixed,512,1,0,1,1,0,0,1,0.010857,2864,/Users/free_1/Library/Mobile Documents/iCloud~md~obsidian/Documents/cpp-checker/branch_3/artifacts/lca_tree_stress_v5/strong_gate_cf_exact_check_v3/runs/correctness_fuzz/random_recursive_mixed/n512/seed1_L0_Q1
correctness_fuzz,random_recursive_mixed,512,1,1,0,1,0,0,1,0.011506,2832,/Users/free_1/Library/Mobile Documents/iCloud~md~obsidian/Documents/cpp-checker/branch_3/artifacts/lca_tree_stress_v5/strong_gate_cf_exact_check_v3/runs/correctness_fuzz/random_recursive_mixed/n512/seed1_L1_Q0
correctness_fuzz,random_recursive_mixed,512,1,1,1,1,0,0,1,0.012647,2928,/Users/free_1/Library/Mobile Documents/iCloud~md~obsidian/Documents/cpp-checker/branch_3/artifacts/lca_tree_stress_v5/strong_gate_cf_exact_check_v3/runs/correctness_fuzz/random_recursive_mixed/n512/seed1_L1_Q1
correctness_fuzz,random_recursive_mixed,512,2,0,0,1,0,0,1,0.022334,2816,/Users/free_1/Library/Mobile Documents/iCloud~md~obsidian/Documents/cpp-checker/branch_3/artifacts/lca_tree_stress_v5/strong_gate_cf_exact_check_v3/runs/correctness_fuzz/random_recursive_mixed/n512/seed2_L0_Q0
correctness_fuzz,random_recursive_mixed,512,2,0,1,1,0,0,1,0.035954,2736,/Users/free_1/Library/Mobile Documents/iCloud~md~obsidian/Documents/cpp-checker/branch_3/artifacts/lca_tree_stress_v5/strong_gate_cf_exact_check_v3/runs/correctness_fuzz/random_recursive_mixed/n512/seed2_L0_Q1
correctness_fuzz,random_recursive_mixed,512,2,1,0,1,0,0,1,0.024193,2752,/Users/free_1/Library/Mobile Documents/iCloud~md~obsidian/Documents/cpp-checker/branch_3/artifacts/lca_tree_stress_v5/strong_gate_cf_exact_check_v3/runs/correctness_fuzz/random_recursive_mixed/n512/seed2_L1_Q0
correctness_fuzz,random_recursive_mixed,512,2,1,1,1,0,0,1,0.011366,2800,/Users/free_1/Library/Mobile Documents/iCloud~md~obsidian/Documents/cpp-checker/branch_3/artifacts/lca_tree_stress_v5/strong_gate_cf_exact_check_v3/runs/correctness_fuzz/random_recursive_mixed/n512/seed2_L1_Q1
correctness_fuzz,random_recursive_mixed,512,3,0,0,1,0,0,1,0.012580,2816,/Users/free_1/Library/Mobile Documents/iCloud~md~obsidian/Documents/cpp-checker/branch_3/artifacts/lca_tree_stress_v5/strong_gate_cf_exact_check_v3/runs/correctness_fuzz/random_recursive_mixed/n512/seed3_L0_Q0
correctness_fuzz,random_recursive_mixed,512,3,0,1,1,0,0,1,0.012680,2784,/Users/free_1/Library/Mobile Documents/iCloud~md~obsidian/Documents/cpp-checker/branch_3/artifacts/lca_tree_stress_v5/strong_gate_cf_exact_check_v3/runs/correctness_fuzz/random_recursive_mixed/n512/seed3_L0_Q1
correctness_fuzz,random_recursive_mixed,512,3,1,0,1,0,0,1,0.012285,2816,/Users/free_1/Library/Mobile Documents/iCloud~md~obsidian/Documents/cpp-checker/branch_3/artifacts/lca_tree_stress_v5/strong_gate_cf_exact_check_v3/runs/correctness_fuzz/random_recursive_mixed/n512/seed3_L1_Q0
correctness_fuzz,random_recursive_mixed,512,3,1,1,1,0,0,1,0.011652,2784,/Users/free_1/Library/Mobile Documents/iCloud~md~obsidian/Documents/cpp-checker/branch_3/artifacts/lca_tree_stress_v5/strong_gate_cf_exact_check_v3/runs/correctness_fuzz/random_recursive_mixed/n512/seed3_L1_Q1
correctness_fuzz,random_recursive_mixed,512,4,0,0,1,0,0,1,0.010141,2640,/Users/free_1/Library/Mobile Documents/iCloud~md~obsidian/Documents/cpp-checker/branch_3/artifacts/lca_tree_stress_v5/strong_gate_cf_exact_check_v3/runs/correctness_fuzz/random_recursive_mixed/n512/seed4_L0_Q0
correctness_fuzz,random_recursive_mixed,512,4,0,1,1,0,0,1,0.010366,2704,/Users/free_1/Library/Mobile Documents/iCloud~md~obsidian/Documents/cpp-checker/branch_3/artifacts/lca_tree_stress_v5/strong_gate_cf_exact_check_v3/runs/correctness_fuzz/random_recursive_mixed/n512/seed4_L0_Q1
correctness_fuzz,random_recursive_mixed,512,4,1,0,1,0,0,1,0.012560,2688,/Users/free_1/Library/Mobile Documents/iCloud~md~obsidian/Documents/cpp-checker/branch_3/artifacts/lca_tree_stress_v5/strong_gate_cf_exact_check_v3/runs/correctness_fuzz/random_recursive_mixed/n512/seed4_L1_Q0
correctness_fuzz,random_recursive_mixed,512,4,1,1,1,0,0,1,0.012563,2704,/Users/free_1/Library/Mobile Documents/iCloud~md~obsidian/Documents/cpp-checker/branch_3/artifacts/lca_tree_stress_v5/strong_gate_cf_exact_check_v3/runs/correctness_fuzz/random_recursive_mixed/n512/seed4_L1_Q1
correctness_fuzz,random_recursive_mixed,512,5,0,0,1,0,0,1,0.011426,2704,/Users/free_1/Library/Mobile Documents/iCloud~md~obsidian/Documents/cpp-checker/branch_3/artifacts/lca_tree_stress_v5/strong_gate_cf_exact_check_v3/runs/correctness_fuzz/random_recursive_mixed/n512/seed5_L0_Q0
correctness_fuzz,random_recursive_mixed,512,5,0,1,1,0,0,1,0.012565,2768,/Users/free_1/Library/Mobile Documents/iCloud~md~obsidian/Documents/cpp-checker/branch_3/artifacts/lca_tree_stress_v5/strong_gate_cf_exact_check_v3/runs/correctness_fuzz/random_recursive_mixed/n512/seed5_L0_Q1
correctness_fuzz,random_recursive_mixed,512,5,1,0,1,0,0,1,0.012532,2704,/Users/free_1/Library/Mobile Documents/iCloud~md~obsidian/Documents/cpp-checker/branch_3/artifacts/lca_tree_stress_v5/strong_gate_cf_exact_check_v3/runs/correctness_fuzz/random_recursive_mixed/n512/seed5_L1_Q0
correctness_fuzz,random_recursive_mixed,512,5,1,1,1,0,0,1,0.012586,2704,/Users/free_1/Library/Mobile Documents/iCloud~md~obsidian/Documents/cpp-checker/branch_3/artifacts/lca_tree_stress_v5/strong_gate_cf_exact_check_v3/runs/correctness_fuzz/random_recursive_mixed/n512/seed5_L1_Q1
correctness_fuzz,random_recursive_mixed,1024,1,0,0,1,0,0,1,0.023353,4192,/Users/free_1/Library/Mobile Documents/iCloud~md~obsidian/Documents/cpp-checker/branch_3/artifacts/lca_tree_stress_v5/strong_gate_cf_exact_check_v3/runs/correctness_fuzz/random_recursive_mixed/n1024/seed1_L0_Q0
correctness_fuzz,random_recursive_mixed,1024,1,0,1,1,0,0,1,0.012588,4144,/Users/free_1/Library/Mobile Documents/iCloud~md~obsidian/Documents/cpp-checker/branch_3/artifacts/lca_tree_stress_v5/strong_gate_cf_exact_check_v3/runs/correctness_fuzz/random_recursive_mixed/n1024/seed1_L0_Q1
correctness_fuzz,random_recursive_mixed,1024,1,1,0,1,0,0,1,0.012589,4080,/Users/free_1/Library/Mobile Documents/iCloud~md~obsidian/Documents/cpp-checker/branch_3/artifacts/lca_tree_stress_v5/strong_gate_cf_exact_check_v3/runs/correctness_fuzz/random_recursive_mixed/n1024/seed1_L1_Q0
correctness_fuzz,random_recursive_mixed,1024,1,1,1,1,0,0,1,0.012573,4192,/Users/free_1/Library/Mobile Documents/iCloud~md~obsidian/Documents/cpp-checker/branch_3/artifacts/lca_tree_stress_v5/strong_gate_cf_exact_check_v3/runs/correctness_fuzz/random_recursive_mixed/n1024/seed1_L1_Q1
correctness_fuzz,random_recursive_mixed,1024,2,0,0,1,0,0,1,0.012023,3888,/Users/free_1/Library/Mobile Documents/iCloud~md~obsidian/Documents/cpp-checker/branch_3/artifacts/lca_tree_stress_v5/strong_gate_cf_exact_check_v3/runs/correctness_fuzz/random_recursive_mixed/n1024/seed2_L0_Q0
correctness_fuzz,random_recursive_mixed,1024,2,0,1,1,0,0,1,0.012578,3968,/Users/free_1/Library/Mobile Documents/iCloud~md~obsidian/Documents/cpp-checker/branch_3/artifacts/lca_tree_stress_v5/strong_gate_cf_exact_check_v3/runs/correctness_fuzz/random_recursive_mixed/n1024/seed2_L0_Q1
correctness_fuzz,random_recursive_mixed,1024,2,1,0,1,0,0,1,0.012573,3904,/Users/free_1/Library/Mobile Documents/iCloud~md~obsidian/Documents/cpp-checker/branch_3/artifacts/lca_tree_stress_v5/strong_gate_cf_exact_check_v3/runs/correctness_fuzz/random_recursive_mixed/n1024/seed2_L1_Q0
correctness_fuzz,random_recursive_mixed,1024,2,1,1,1,0,0,1,0.022096,3904,/Users/free_1/Library/Mobile Documents/iCloud~md~obsidian/Documents/cpp-checker/branch_3/artifacts/lca_tree_stress_v5/strong_gate_cf_exact_check_v3/runs/correctness_fuzz/random_recursive_mixed/n1024/seed2_L1_Q1
correctness_fuzz,random_recursive_mixed,1024,3,0,0,1,0,0,1,0.023575,4016,/Users/free_1/Library/Mobile Documents/iCloud~md~obsidian/Documents/cpp-checker/branch_3/artifacts/lca_tree_stress_v5/strong_gate_cf_exact_check_v3/runs/correctness_fuzz/random_recursive_mixed/n1024/seed3_L0_Q0
correctness_fuzz,random_recursive_mixed,1024,3,0,1,1,0,0,1,0.012403,3936,/Users/free_1/Library/Mobile Documents/iCloud~md~obsidian/Documents/cpp-checker/branch_3/artifacts/lca_tree_stress_v5/strong_gate_cf_exact_check_v3/runs/correctness_fuzz/random_recursive_mixed/n1024/seed3_L0_Q1
correctness_fuzz,random_recursive_mixed,1024,3,1,0,1,0,0,1,0.012599,3984,/Users/free_1/Library/Mobile Documents/iCloud~md~obsidian/Documents/cpp-checker/branch_3/artifacts/lca_tree_stress_v5/strong_gate_cf_exact_check_v3/runs/correctness_fuzz/random_recursive_mixed/n1024/seed3_L1_Q0
correctness_fuzz,random_recursive_mixed,1024,3,1,1,1,0,0,1,0.012569,3936,/Users/free_1/Library/Mobile Documents/iCloud~md~obsidian/Documents/cpp-checker/branch_3/artifacts/lca_tree_stress_v5/strong_gate_cf_exact_check_v3/runs/correctness_fuzz/random_recursive_mixed/n1024/seed3_L1_Q1
correctness_fuzz,random_recursive_mixed,1024,4,0,0,1,0,0,1,0.012570,3728,/Users/free_1/Library/Mobile Documents/iCloud~md~obsidian/Documents/cpp-checker/branch_3/artifacts/lca_tree_stress_v5/strong_gate_cf_exact_check_v3/runs/correctness_fuzz/random_recursive_mixed/n1024/seed4_L0_Q0
correctness_fuzz,random_recursive_mixed,1024,4,0,1,1,0,0,1,0.025202,3808,/Users/free_1/Library/Mobile Documents/iCloud~md~obsidian/Documents/cpp-checker/branch_3/artifacts/lca_tree_stress_v5/strong_gate_cf_exact_check_v3/runs/correctness_fuzz/random_recursive_mixed/n1024/seed4_L0_Q1
correctness_fuzz,random_recursive_mixed,1024,4,1,0,1,0,0,1,0.012624,3776,/Users/free_1/Library/Mobile Documents/iCloud~md~obsidian/Documents/cpp-checker/branch_3/artifacts/lca_tree_stress_v5/strong_gate_cf_exact_check_v3/runs/correctness_fuzz/random_recursive_mixed/n1024/seed4_L1_Q0
correctness_fuzz,random_recursive_mixed,1024,4,1,1,1,0,0,1,0.012588,3776,/Users/free_1/Library/Mobile Documents/iCloud~md~obsidian/Documents/cpp-checker/branch_3/artifacts/lca_tree_stress_v5/strong_gate_cf_exact_check_v3/runs/correctness_fuzz/random_recursive_mixed/n1024/seed4_L1_Q1
correctness_fuzz,random_recursive_mixed,1024,5,0,0,1,0,0,1,0.010582,3952,/Users/free_1/Library/Mobile Documents/iCloud~md~obsidian/Documents/cpp-checker/branch_3/artifacts/lca_tree_stress_v5/strong_gate_cf_exact_check_v3/runs/correctness_fuzz/random_recursive_mixed/n1024/seed5_L0_Q0
correctness_fuzz,random_recursive_mixed,1024,5,0,1,1,0,0,1,0.012565,3904,/Users/free_1/Library/Mobile Documents/iCloud~md~obsidian/Documents/cpp-checker/branch_3/artifacts/lca_tree_stress_v5/strong_gate_cf_exact_check_v3/runs/correctness_fuzz/random_recursive_mixed/n1024/seed5_L0_Q1
correctness_fuzz,random_recursive_mixed,1024,5,1,0,1,0,0,1,0.012560,3856,/Users/free_1/Library/Mobile Documents/iCloud~md~obsidian/Documents/cpp-checker/branch_3/artifacts/lca_tree_stress_v5/strong_gate_cf_exact_check_v3/runs/correctness_fuzz/random_recursive_mixed/n1024/seed5_L1_Q0
correctness_fuzz,random_recursive_mixed,1024,5,1,1,1,0,0,1,0.012580,3936,/Users/free_1/Library/Mobile Documents/iCloud~md~obsidian/Documents/cpp-checker/branch_3/artifacts/lca_tree_stress_v5/strong_gate_cf_exact_check_v3/runs/correctness_fuzz/random_recursive_mixed/n1024/seed5_L1_Q1
