stage,mode,n,seed,shuffle_labels,shuffle_queries,gen_ok,solver_rc,timed_out,val_ok,sec,rss_kb,case_dir
correctness_fuzz,comb_rect_dense,64,1,0,0,1,0,0,1,0.402053,4000,/Users/free_1/Library/Mobile Documents/iCloud~md~obsidian/Documents/cpp-checker/branch_3/artifacts/lca_tree_stress_v5/strong_gate/runs/correctness_fuzz/comb_rect_dense/n64/seed1_L0_Q0
correctness_fuzz,comb_rect_dense,64,1,0,1,1,0,0,1,0.022153,3984,/Users/free_1/Library/Mobile Documents/iCloud~md~obsidian/Documents/cpp-checker/branch_3/artifacts/lca_tree_stress_v5/strong_gate/runs/correctness_fuzz/comb_rect_dense/n64/seed1_L0_Q1
correctness_fuzz,comb_rect_dense,64,1,1,0,1,0,0,1,0.010955,4032,/Users/free_1/Library/Mobile Documents/iCloud~md~obsidian/Documents/cpp-checker/branch_3/artifacts/lca_tree_stress_v5/strong_gate/runs/correctness_fuzz/comb_rect_dense/n64/seed1_L1_Q0
correctness_fuzz,comb_rect_dense,64,1,1,1,1,0,0,1,0.011408,4016,/Users/free_1/Library/Mobile Documents/iCloud~md~obsidian/Documents/cpp-checker/branch_3/artifacts/lca_tree_stress_v5/strong_gate/runs/correctness_fuzz/comb_rect_dense/n64/seed1_L1_Q1
correctness_fuzz,comb_rect_dense,64,2,0,0,1,0,0,1,0.013672,4048,/Users/free_1/Library/Mobile Documents/iCloud~md~obsidian/Documents/cpp-checker/branch_3/artifacts/lca_tree_stress_v5/strong_gate/runs/correctness_fuzz/comb_rect_dense/n64/seed2_L0_Q0
correctness_fuzz,comb_rect_dense,64,2,0,1,1,0,0,1,0.010170,4016,/Users/free_1/Library/Mobile Documents/iCloud~md~obsidian/Documents/cpp-checker/branch_3/artifacts/lca_tree_stress_v5/strong_gate/runs/correctness_fuzz/comb_rect_dense/n64/seed2_L0_Q1
correctness_fuzz,comb_rect_dense,64,2,1,0,1,0,0,1,0.014890,4048,/Users/free_1/Library/Mobile Documents/iCloud~md~obsidian/Documents/cpp-checker/branch_3/artifacts/lca_tree_stress_v5/strong_gate/runs/correctness_fuzz/comb_rect_dense/n64/seed2_L1_Q0
correctness_fuzz,comb_rect_dense,64,2,1,1,1,0,0,1,0.010106,4032,/Users/free_1/Library/Mobile Documents/iCloud~md~obsidian/Documents/cpp-checker/branch_3/artifacts/lca_tree_stress_v5/strong_gate/runs/correctness_fuzz/comb_rect_dense/n64/seed2_L1_Q1
correctness_fuzz,comb_rect_dense,64,3,0,0,1,0,0,1,0.014985,4096,/Users/free_1/Library/Mobile Documents/iCloud~md~obsidian/Documents/cpp-checker/branch_3/artifacts/lca_tree_stress_v5/strong_gate/runs/correctness_fuzz/comb_rect_dense/n64/seed3_L0_Q0
correctness_fuzz,comb_rect_dense,64,3,0,1,1,0,0,1,0.014607,4096,/Users/free_1/Library/Mobile Documents/iCloud~md~obsidian/Documents/cpp-checker/branch_3/artifacts/lca_tree_stress_v5/strong_gate/runs/correctness_fuzz/comb_rect_dense/n64/seed3_L0_Q1
correctness_fuzz,comb_rect_dense,64,3,1,0,1,0,0,1,0.012538,4032,/Users/free_1/Library/Mobile Documents/iCloud~md~obsidian/Documents/cpp-checker/branch_3/artifacts/lca_tree_stress_v5/strong_gate/runs/correctness_fuzz/comb_rect_dense/n64/seed3_L1_Q0
correctness_fuzz,comb_rect_dense,64,3,1,1,1,0,0,1,0.014611,4032,/Users/free_1/Library/Mobile Documents/iCloud~md~obsidian/Documents/cpp-checker/branch_3/artifacts/lca_tree_stress_v5/strong_gate/runs/correctness_fuzz/comb_rect_dense/n64/seed3_L1_Q1
correctness_fuzz,comb_rect_dense,64,4,0,0,1,0,0,1,0.014573,4032,/Users/free_1/Library/Mobile Documents/iCloud~md~obsidian/Documents/cpp-checker/branch_3/artifacts/lca_tree_stress_v5/strong_gate/runs/correctness_fuzz/comb_rect_dense/n64/seed4_L0_Q0
correctness_fuzz,comb_rect_dense,64,4,0,1,1,0,0,1,0.014542,4032,/Users/free_1/Library/Mobile Documents/iCloud~md~obsidian/Documents/cpp-checker/branch_3/artifacts/lca_tree_stress_v5/strong_gate/runs/correctness_fuzz/comb_rect_dense/n64/seed4_L0_Q1
correctness_fuzz,comb_rect_dense,64,4,1,0,1,0,0,1,0.014435,4080,/Users/free_1/Library/Mobile Documents/iCloud~md~obsidian/Documents/cpp-checker/branch_3/artifacts/lca_tree_stress_v5/strong_gate/runs/correctness_fuzz/comb_rect_dense/n64/seed4_L1_Q0
correctness_fuzz,comb_rect_dense,64,4,1,1,1,0,0,1,0.014474,4016,/Users/free_1/Library/Mobile Documents/iCloud~md~obsidian/Documents/cpp-checker/branch_3/artifacts/lca_tree_stress_v5/strong_gate/runs/correctness_fuzz/comb_rect_dense/n64/seed4_L1_Q1
correctness_fuzz,comb_rect_dense,64,5,0,0,1,0,0,1,0.014508,4032,/Users/free_1/Library/Mobile Documents/iCloud~md~obsidian/Documents/cpp-checker/branch_3/artifacts/lca_tree_stress_v5/strong_gate/runs/correctness_fuzz/comb_rect_dense/n64/seed5_L0_Q0
correctness_fuzz,comb_rect_dense,64,5,0,1,1,0,0,1,0.014981,4064,/Users/free_1/Library/Mobile Documents/iCloud~md~obsidian/Documents/cpp-checker/branch_3/artifacts/lca_tree_stress_v5/strong_gate/runs/correctness_fuzz/comb_rect_dense/n64/seed5_L0_Q1
correctness_fuzz,comb_rect_dense,64,5,1,0,1,0,0,1,0.014868,4032,/Users/free_1/Library/Mobile Documents/iCloud~md~obsidian/Documents/cpp-checker/branch_3/artifacts/lca_tree_stress_v5/strong_gate/runs/correctness_fuzz/comb_rect_dense/n64/seed5_L1_Q0
correctness_fuzz,comb_rect_dense,64,5,1,1,1,0,0,1,0.014896,4064,/Users/free_1/Library/Mobile Documents/iCloud~md~obsidian/Documents/cpp-checker/branch_3/artifacts/lca_tree_stress_v5/strong_gate/runs/correctness_fuzz/comb_rect_dense/n64/seed5_L1_Q1
correctness_fuzz,comb_rect_dense,128,1,0,0,1,0,0,1,0.028953,6960,/Users/free_1/Library/Mobile Documents/iCloud~md~obsidian/Documents/cpp-checker/branch_3/artifacts/lca_tree_stress_v5/strong_gate/runs/correctness_fuzz/comb_rect_dense/n128/seed1_L0_Q0
correctness_fuzz,comb_rect_dense,128,1,0,1,1,0,0,1,0.040957,6960,/Users/free_1/Library/Mobile Documents/iCloud~md~obsidian/Documents/cpp-checker/branch_3/artifacts/lca_tree_stress_v5/strong_gate/runs/correctness_fuzz/comb_rect_dense/n128/seed1_L0_Q1
correctness_fuzz,comb_rect_dense,128,1,1,0,1,0,0,1,0.028967,6880,/Users/free_1/Library/Mobile Documents/iCloud~md~obsidian/Documents/cpp-checker/branch_3/artifacts/lca_tree_stress_v5/strong_gate/runs/correctness_fuzz/comb_rect_dense/n128/seed1_L1_Q0
correctness_fuzz,comb_rect_dense,128,1,1,1,1,0,0,1,0.027612,6960,/Users/free_1/Library/Mobile Documents/iCloud~md~obsidian/Documents/cpp-checker/branch_3/artifacts/lca_tree_stress_v5/strong_gate/runs/correctness_fuzz/comb_rect_dense/n128/seed1_L1_Q1
correctness_fuzz,comb_rect_dense,128,2,0,0,1,0,0,1,0.029363,6832,/Users/free_1/Library/Mobile Documents/iCloud~md~obsidian/Documents/cpp-checker/branch_3/artifacts/lca_tree_stress_v5/strong_gate/runs/correctness_fuzz/comb_rect_dense/n128/seed2_L0_Q0
correctness_fuzz,comb_rect_dense,128,2,0,1,1,0,0,1,0.038019,6848,/Users/free_1/Library/Mobile Documents/iCloud~md~obsidian/Documents/cpp-checker/branch_3/artifacts/lca_tree_stress_v5/strong_gate/runs/correctness_fuzz/comb_rect_dense/n128/seed2_L0_Q1
correctness_fuzz,comb_rect_dense,128,2,1,0,1,0,0,1,0.038286,6992,/Users/free_1/Library/Mobile Documents/iCloud~md~obsidian/Documents/cpp-checker/branch_3/artifacts/lca_tree_stress_v5/strong_gate/runs/correctness_fuzz/comb_rect_dense/n128/seed2_L1_Q0
correctness_fuzz,comb_rect_dense,128,2,1,1,1,0,0,1,0.031427,6848,/Users/free_1/Library/Mobile Documents/iCloud~md~obsidian/Documents/cpp-checker/branch_3/artifacts/lca_tree_stress_v5/strong_gate/runs/correctness_fuzz/comb_rect_dense/n128/seed2_L1_Q1
correctness_fuzz,comb_rect_dense,128,3,0,0,1,0,0,1,0.041244,6976,/Users/free_1/Library/Mobile Documents/iCloud~md~obsidian/Documents/cpp-checker/branch_3/artifacts/lca_tree_stress_v5/strong_gate/runs/correctness_fuzz/comb_rect_dense/n128/seed3_L0_Q0
correctness_fuzz,comb_rect_dense,128,3,0,1,1,0,0,1,0.036397,6992,/Users/free_1/Library/Mobile Documents/iCloud~md~obsidian/Documents/cpp-checker/branch_3/artifacts/lca_tree_stress_v5/strong_gate/runs/correctness_fuzz/comb_rect_dense/n128/seed3_L0_Q1
correctness_fuzz,comb_rect_dense,128,3,1,0,1,0,0,1,0.032966,7024,/Users/free_1/Library/Mobile Documents/iCloud~md~obsidian/Documents/cpp-checker/branch_3/artifacts/lca_tree_stress_v5/strong_gate/runs/correctness_fuzz/comb_rect_dense/n128/seed3_L1_Q0
correctness_fuzz,comb_rect_dense,128,3,1,1,1,0,0,1,0.037949,6896,/Users/free_1/Library/Mobile Documents/iCloud~md~obsidian/Documents/cpp-checker/branch_3/artifacts/lca_tree_stress_v5/strong_gate/runs/correctness_fuzz/comb_rect_dense/n128/seed3_L1_Q1
correctness_fuzz,comb_rect_dense,128,4,0,0,1,0,0,1,0.030739,6912,/Users/free_1/Library/Mobile Documents/iCloud~md~obsidian/Documents/cpp-checker/branch_3/artifacts/lca_tree_stress_v5/strong_gate/runs/correctness_fuzz/comb_rect_dense/n128/seed4_L0_Q0
correctness_fuzz,comb_rect_dense,128,4,0,1,1,0,0,1,0.039051,6976,/Users/free_1/Library/Mobile Documents/iCloud~md~obsidian/Documents/cpp-checker/branch_3/artifacts/lca_tree_stress_v5/strong_gate/runs/correctness_fuzz/comb_rect_dense/n128/seed4_L0_Q1
correctness_fuzz,comb_rect_dense,128,4,1,0,1,0,0,1,0.035927,6912,/Users/free_1/Library/Mobile Documents/iCloud~md~obsidian/Documents/cpp-checker/branch_3/artifacts/lca_tree_stress_v5/strong_gate/runs/correctness_fuzz/comb_rect_dense/n128/seed4_L1_Q0
correctness_fuzz,comb_rect_dense,128,4,1,1,1,0,0,1,0.028595,6784,/Users/free_1/Library/Mobile Documents/iCloud~md~obsidian/Documents/cpp-checker/branch_3/artifacts/lca_tree_stress_v5/strong_gate/runs/correctness_fuzz/comb_rect_dense/n128/seed4_L1_Q1
correctness_fuzz,comb_rect_dense,128,5,0,0,1,0,0,1,0.028840,6880,/Users/free_1/Library/Mobile Documents/iCloud~md~obsidian/Documents/cpp-checker/branch_3/artifacts/lca_tree_stress_v5/strong_gate/runs/correctness_fuzz/comb_rect_dense/n128/seed5_L0_Q0
correctness_fuzz,comb_rect_dense,128,5,0,1,1,0,0,1,0.029489,6864,/Users/free_1/Library/Mobile Documents/iCloud~md~obsidian/Documents/cpp-checker/branch_3/artifacts/lca_tree_stress_v5/strong_gate/runs/correctness_fuzz/comb_rect_dense/n128/seed5_L0_Q1
correctness_fuzz,comb_rect_dense,128,5,1,0,1,0,0,1,0.029630,6976,/Users/free_1/Library/Mobile Documents/iCloud~md~obsidian/Documents/cpp-checker/branch_3/artifacts/lca_tree_stress_v5/strong_gate/runs/correctness_fuzz/comb_rect_dense/n128/seed5_L1_Q0
correctness_fuzz,comb_rect_dense,128,5,1,1,1,0,0,1,0.039451,6992,/Users/free_1/Library/Mobile Documents/iCloud~md~obsidian/Documents/cpp-checker/branch_3/artifacts/lca_tree_stress_v5/strong_gate/runs/correctness_fuzz/comb_rect_dense/n128/seed5_L1_Q1
correctness_fuzz,comb_rect_dense,256,1,0,0,1,0,0,1,0.094644,15456,/Users/free_1/Library/Mobile Documents/iCloud~md~obsidian/Documents/cpp-checker/branch_3/artifacts/lca_tree_stress_v5/strong_gate/runs/correctness_fuzz/comb_rect_dense/n256/seed1_L0_Q0
correctness_fuzz,comb_rect_dense,256,1,0,1,1,0,0,1,0.096283,15856,/Users/free_1/Library/Mobile Documents/iCloud~md~obsidian/Documents/cpp-checker/branch_3/artifacts/lca_tree_stress_v5/strong_gate/runs/correctness_fuzz/comb_rect_dense/n256/seed1_L0_Q1
correctness_fuzz,comb_rect_dense,256,1,1,0,1,0,0,1,0.086177,15456,/Users/free_1/Library/Mobile Documents/iCloud~md~obsidian/Documents/cpp-checker/branch_3/artifacts/lca_tree_stress_v5/strong_gate/runs/correctness_fuzz/comb_rect_dense/n256/seed1_L1_Q0
correctness_fuzz,comb_rect_dense,256,1,1,1,1,0,0,1,0.090751,15872,/Users/free_1/Library/Mobile Documents/iCloud~md~obsidian/Documents/cpp-checker/branch_3/artifacts/lca_tree_stress_v5/strong_gate/runs/correctness_fuzz/comb_rect_dense/n256/seed1_L1_Q1
correctness_fuzz,comb_rect_dense,256,2,0,0,1,0,0,1,0.087684,15424,/Users/free_1/Library/Mobile Documents/iCloud~md~obsidian/Documents/cpp-checker/branch_3/artifacts/lca_tree_stress_v5/strong_gate/runs/correctness_fuzz/comb_rect_dense/n256/seed2_L0_Q0
correctness_fuzz,comb_rect_dense,256,2,0,1,1,0,0,1,0.087311,15536,/Users/free_1/Library/Mobile Documents/iCloud~md~obsidian/Documents/cpp-checker/branch_3/artifacts/lca_tree_stress_v5/strong_gate/runs/correctness_fuzz/comb_rect_dense/n256/seed2_L0_Q1
correctness_fuzz,comb_rect_dense,256,2,1,0,1,0,0,1,0.096934,15760,/Users/free_1/Library/Mobile Documents/iCloud~md~obsidian/Documents/cpp-checker/branch_3/artifacts/lca_tree_stress_v5/strong_gate/runs/correctness_fuzz/comb_rect_dense/n256/seed2_L1_Q0
correctness_fuzz,comb_rect_dense,256,2,1,1,1,0,0,1,0.088568,15760,/Users/free_1/Library/Mobile Documents/iCloud~md~obsidian/Documents/cpp-checker/branch_3/artifacts/lca_tree_stress_v5/strong_gate/runs/correctness_fuzz/comb_rect_dense/n256/seed2_L1_Q1
correctness_fuzz,comb_rect_dense,256,3,0,0,1,0,0,1,0.092831,15808,/Users/free_1/Library/Mobile Documents/iCloud~md~obsidian/Documents/cpp-checker/branch_3/artifacts/lca_tree_stress_v5/strong_gate/runs/correctness_fuzz/comb_rect_dense/n256/seed3_L0_Q0
correctness_fuzz,comb_rect_dense,256,3,0,1,1,0,0,1,0.098186,15424,/Users/free_1/Library/Mobile Documents/iCloud~md~obsidian/Documents/cpp-checker/branch_3/artifacts/lca_tree_stress_v5/strong_gate/runs/correctness_fuzz/comb_rect_dense/n256/seed3_L0_Q1
correctness_fuzz,comb_rect_dense,256,3,1,0,1,0,0,1,0.093938,15824,/Users/free_1/Library/Mobile Documents/iCloud~md~obsidian/Documents/cpp-checker/branch_3/artifacts/lca_tree_stress_v5/strong_gate/runs/correctness_fuzz/comb_rect_dense/n256/seed3_L1_Q0
correctness_fuzz,comb_rect_dense,256,3,1,1,1,0,0,1,0.089197,15792,/Users/free_1/Library/Mobile Documents/iCloud~md~obsidian/Documents/cpp-checker/branch_3/artifacts/lca_tree_stress_v5/strong_gate/runs/correctness_fuzz/comb_rect_dense/n256/seed3_L1_Q1
correctness_fuzz,comb_rect_dense,256,4,0,0,1,0,0,1,0.091405,15424,/Users/free_1/Library/Mobile Documents/iCloud~md~obsidian/Documents/cpp-checker/branch_3/artifacts/lca_tree_stress_v5/strong_gate/runs/correctness_fuzz/comb_rect_dense/n256/seed4_L0_Q0
correctness_fuzz,comb_rect_dense,256,4,0,1,1,0,0,1,0.087868,15440,/Users/free_1/Library/Mobile Documents/iCloud~md~obsidian/Documents/cpp-checker/branch_3/artifacts/lca_tree_stress_v5/strong_gate/runs/correctness_fuzz/comb_rect_dense/n256/seed4_L0_Q1
correctness_fuzz,comb_rect_dense,256,4,1,0,1,0,0,1,0.088531,15856,/Users/free_1/Library/Mobile Documents/iCloud~md~obsidian/Documents/cpp-checker/branch_3/artifacts/lca_tree_stress_v5/strong_gate/runs/correctness_fuzz/comb_rect_dense/n256/seed4_L1_Q0
correctness_fuzz,comb_rect_dense,256,4,1,1,1,0,0,1,0.097689,15760,/Users/free_1/Library/Mobile Documents/iCloud~md~obsidian/Documents/cpp-checker/branch_3/artifacts/lca_tree_stress_v5/strong_gate/runs/correctness_fuzz/comb_rect_dense/n256/seed4_L1_Q1
correctness_fuzz,comb_rect_dense,256,5,0,0,1,0,0,1,0.096250,15824,/Users/free_1/Library/Mobile Documents/iCloud~md~obsidian/Documents/cpp-checker/branch_3/artifacts/lca_tree_stress_v5/strong_gate/runs/correctness_fuzz/comb_rect_dense/n256/seed5_L0_Q0
correctness_fuzz,comb_rect_dense,256,5,0,1,1,0,0,1,0.101790,15808,/Users/free_1/Library/Mobile Documents/iCloud~md~obsidian/Documents/cpp-checker/branch_3/artifacts/lca_tree_stress_v5/strong_gate/runs/correctness_fuzz/comb_rect_dense/n256/seed5_L0_Q1
correctness_fuzz,comb_rect_dense,256,5,1,0,1,0,0,1,0.095619,15520,/Users/free_1/Library/Mobile Documents/iCloud~md~obsidian/Documents/cpp-checker/branch_3/artifacts/lca_tree_stress_v5/strong_gate/runs/correctness_fuzz/comb_rect_dense/n256/seed5_L1_Q0
correctness_fuzz,comb_rect_dense,256,5,1,1,1,0,0,1,0.097325,15520,/Users/free_1/Library/Mobile Documents/iCloud~md~obsidian/Documents/cpp-checker/branch_3/artifacts/lca_tree_stress_v5/strong_gate/runs/correctness_fuzz/comb_rect_dense/n256/seed5_L1_Q1
correctness_fuzz,comb_rect_dense,512,1,0,0,1,0,0,1,0.309282,45488,/Users/free_1/Library/Mobile Documents/iCloud~md~obsidian/Documents/cpp-checker/branch_3/artifacts/lca_tree_stress_v5/strong_gate/runs/correctness_fuzz/comb_rect_dense/n512/seed1_L0_Q0
correctness_fuzz,comb_rect_dense,512,1,0,1,1,0,0,1,0.297353,45360,/Users/free_1/Library/Mobile Documents/iCloud~md~obsidian/Documents/cpp-checker/branch_3/artifacts/lca_tree_stress_v5/strong_gate/runs/correctness_fuzz/comb_rect_dense/n512/seed1_L0_Q1
correctness_fuzz,comb_rect_dense,512,1,1,0,1,0,0,1,0.300710,45392,/Users/free_1/Library/Mobile Documents/iCloud~md~obsidian/Documents/cpp-checker/branch_3/artifacts/lca_tree_stress_v5/strong_gate/runs/correctness_fuzz/comb_rect_dense/n512/seed1_L1_Q0
correctness_fuzz,comb_rect_dense,512,1,1,1,1,0,0,1,0.312305,44608,/Users/free_1/Library/Mobile Documents/iCloud~md~obsidian/Documents/cpp-checker/branch_3/artifacts/lca_tree_stress_v5/strong_gate/runs/correctness_fuzz/comb_rect_dense/n512/seed1_L1_Q1
correctness_fuzz,comb_rect_dense,512,2,0,0,1,0,0,1,0.303664,45888,/Users/free_1/Library/Mobile Documents/iCloud~md~obsidian/Documents/cpp-checker/branch_3/artifacts/lca_tree_stress_v5/strong_gate/runs/correctness_fuzz/comb_rect_dense/n512/seed2_L0_Q0
correctness_fuzz,comb_rect_dense,512,2,0,1,1,0,0,1,0.301461,45232,/Users/free_1/Library/Mobile Documents/iCloud~md~obsidian/Documents/cpp-checker/branch_3/artifacts/lca_tree_stress_v5/strong_gate/runs/correctness_fuzz/comb_rect_dense/n512/seed2_L0_Q1
correctness_fuzz,comb_rect_dense,512,2,1,0,1,0,0,1,0.303460,45792,/Users/free_1/Library/Mobile Documents/iCloud~md~obsidian/Documents/cpp-checker/branch_3/artifacts/lca_tree_stress_v5/strong_gate/runs/correctness_fuzz/comb_rect_dense/n512/seed2_L1_Q0
correctness_fuzz,comb_rect_dense,512,2,1,1,1,0,0,1,0.305021,45392,/Users/free_1/Library/Mobile Documents/iCloud~md~obsidian/Documents/cpp-checker/branch_3/artifacts/lca_tree_stress_v5/strong_gate/runs/correctness_fuzz/comb_rect_dense/n512/seed2_L1_Q1
correctness_fuzz,comb_rect_dense,512,3,0,0,1,0,0,1,0.317835,45872,/Users/free_1/Library/Mobile Documents/iCloud~md~obsidian/Documents/cpp-checker/branch_3/artifacts/lca_tree_stress_v5/strong_gate/runs/correctness_fuzz/comb_rect_dense/n512/seed3_L0_Q0
correctness_fuzz,comb_rect_dense,512,3,0,1,1,0,0,1,0.298089,45424,/Users/free_1/Library/Mobile Documents/iCloud~md~obsidian/Documents/cpp-checker/branch_3/artifacts/lca_tree_stress_v5/strong_gate/runs/correctness_fuzz/comb_rect_dense/n512/seed3_L0_Q1
correctness_fuzz,comb_rect_dense,512,3,1,0,1,0,0,1,0.306720,46144,/Users/free_1/Library/Mobile Documents/iCloud~md~obsidian/Documents/cpp-checker/branch_3/artifacts/lca_tree_stress_v5/strong_gate/runs/correctness_fuzz/comb_rect_dense/n512/seed3_L1_Q0
correctness_fuzz,comb_rect_dense,512,3,1,1,1,0,0,1,0.299812,44592,/Users/free_1/Library/Mobile Documents/iCloud~md~obsidian/Documents/cpp-checker/branch_3/artifacts/lca_tree_stress_v5/strong_gate/runs/correctness_fuzz/comb_rect_dense/n512/seed3_L1_Q1
correctness_fuzz,comb_rect_dense,512,4,0,0,1,0,0,1,0.313735,44368,/Users/free_1/Library/Mobile Documents/iCloud~md~obsidian/Documents/cpp-checker/branch_3/artifacts/lca_tree_stress_v5/strong_gate/runs/correctness_fuzz/comb_rect_dense/n512/seed4_L0_Q0
correctness_fuzz,comb_rect_dense,512,4,0,1,1,0,0,1,0.303894,45680,/Users/free_1/Library/Mobile Documents/iCloud~md~obsidian/Documents/cpp-checker/branch_3/artifacts/lca_tree_stress_v5/strong_gate/runs/correctness_fuzz/comb_rect_dense/n512/seed4_L0_Q1
correctness_fuzz,comb_rect_dense,512,4,1,0,1,0,0,1,0.301549,46016,/Users/free_1/Library/Mobile Documents/iCloud~md~obsidian/Documents/cpp-checker/branch_3/artifacts/lca_tree_stress_v5/strong_gate/runs/correctness_fuzz/comb_rect_dense/n512/seed4_L1_Q0
correctness_fuzz,comb_rect_dense,512,4,1,1,1,0,0,1,0.311056,45376,/Users/free_1/Library/Mobile Documents/iCloud~md~obsidian/Documents/cpp-checker/branch_3/artifacts/lca_tree_stress_v5/strong_gate/runs/correctness_fuzz/comb_rect_dense/n512/seed4_L1_Q1
correctness_fuzz,comb_rect_dense,512,5,0,0,1,0,0,1,0.301215,45424,/Users/free_1/Library/Mobile Documents/iCloud~md~obsidian/Documents/cpp-checker/branch_3/artifacts/lca_tree_stress_v5/strong_gate/runs/correctness_fuzz/comb_rect_dense/n512/seed5_L0_Q0
correctness_fuzz,comb_rect_dense,512,5,0,1,1,0,0,1,0.303107,44624,/Users/free_1/Library/Mobile Documents/iCloud~md~obsidian/Documents/cpp-checker/branch_3/artifacts/lca_tree_stress_v5/strong_gate/runs/correctness_fuzz/comb_rect_dense/n512/seed5_L0_Q1
correctness_fuzz,comb_rect_dense,512,5,1,0,1,0,0,1,0.301839,45760,/Users/free_1/Library/Mobile Documents/iCloud~md~obsidian/Documents/cpp-checker/branch_3/artifacts/lca_tree_stress_v5/strong_gate/runs/correctness_fuzz/comb_rect_dense/n512/seed5_L1_Q0
correctness_fuzz,comb_rect_dense,512,5,1,1,1,0,0,1,0.308168,45296,/Users/free_1/Library/Mobile Documents/iCloud~md~obsidian/Documents/cpp-checker/branch_3/artifacts/lca_tree_stress_v5/strong_gate/runs/correctness_fuzz/comb_rect_dense/n512/seed5_L1_Q1
correctness_fuzz,comb_rect_dense,1024,1,0,0,1,0,0,1,1.245644,188400,/Users/free_1/Library/Mobile Documents/iCloud~md~obsidian/Documents/cpp-checker/branch_3/artifacts/lca_tree_stress_v5/strong_gate/runs/correctness_fuzz/comb_rect_dense/n1024/seed1_L0_Q0
correctness_fuzz,comb_rect_dense,1024,1,0,1,1,0,0,1,1.244407,188384,/Users/free_1/Library/Mobile Documents/iCloud~md~obsidian/Documents/cpp-checker/branch_3/artifacts/lca_tree_stress_v5/strong_gate/runs/correctness_fuzz/comb_rect_dense/n1024/seed1_L0_Q1
correctness_fuzz,comb_rect_dense,1024,1,1,0,1,0,0,1,1.265038,193040,/Users/free_1/Library/Mobile Documents/iCloud~md~obsidian/Documents/cpp-checker/branch_3/artifacts/lca_tree_stress_v5/strong_gate/runs/correctness_fuzz/comb_rect_dense/n1024/seed1_L1_Q0
correctness_fuzz,comb_rect_dense,1024,1,1,1,1,0,0,1,1.261639,188416,/Users/free_1/Library/Mobile Documents/iCloud~md~obsidian/Documents/cpp-checker/branch_3/artifacts/lca_tree_stress_v5/strong_gate/runs/correctness_fuzz/comb_rect_dense/n1024/seed1_L1_Q1
correctness_fuzz,comb_rect_dense,1024,2,0,0,1,0,0,1,1.235896,188912,/Users/free_1/Library/Mobile Documents/iCloud~md~obsidian/Documents/cpp-checker/branch_3/artifacts/lca_tree_stress_v5/strong_gate/runs/correctness_fuzz/comb_rect_dense/n1024/seed2_L0_Q0
correctness_fuzz,comb_rect_dense,1024,2,0,1,1,0,0,1,1.264955,192064,/Users/free_1/Library/Mobile Documents/iCloud~md~obsidian/Documents/cpp-checker/branch_3/artifacts/lca_tree_stress_v5/strong_gate/runs/correctness_fuzz/comb_rect_dense/n1024/seed2_L0_Q1
correctness_fuzz,comb_rect_dense,1024,2,1,0,1,0,0,1,1.242663,190896,/Users/free_1/Library/Mobile Documents/iCloud~md~obsidian/Documents/cpp-checker/branch_3/artifacts/lca_tree_stress_v5/strong_gate/runs/correctness_fuzz/comb_rect_dense/n1024/seed2_L1_Q0
correctness_fuzz,comb_rect_dense,1024,2,1,1,1,0,0,1,1.244488,192080,/Users/free_1/Library/Mobile Documents/iCloud~md~obsidian/Documents/cpp-checker/branch_3/artifacts/lca_tree_stress_v5/strong_gate/runs/correctness_fuzz/comb_rect_dense/n1024/seed2_L1_Q1
correctness_fuzz,comb_rect_dense,1024,3,0,0,1,0,0,1,1.257605,188800,/Users/free_1/Library/Mobile Documents/iCloud~md~obsidian/Documents/cpp-checker/branch_3/artifacts/lca_tree_stress_v5/strong_gate/runs/correctness_fuzz/comb_rect_dense/n1024/seed3_L0_Q0
correctness_fuzz,comb_rect_dense,1024,3,0,1,1,0,0,1,1.261136,192192,/Users/free_1/Library/Mobile Documents/iCloud~md~obsidian/Documents/cpp-checker/branch_3/artifacts/lca_tree_stress_v5/strong_gate/runs/correctness_fuzz/comb_rect_dense/n1024/seed3_L0_Q1
correctness_fuzz,comb_rect_dense,1024,3,1,0,1,0,0,1,1.252895,188736,/Users/free_1/Library/Mobile Documents/iCloud~md~obsidian/Documents/cpp-checker/branch_3/artifacts/lca_tree_stress_v5/strong_gate/runs/correctness_fuzz/comb_rect_dense/n1024/seed3_L1_Q0
correctness_fuzz,comb_rect_dense,1024,3,1,1,1,0,0,1,1.258768,193440,/Users/free_1/Library/Mobile Documents/iCloud~md~obsidian/Documents/cpp-checker/branch_3/artifacts/lca_tree_stress_v5/strong_gate/runs/correctness_fuzz/comb_rect_dense/n1024/seed3_L1_Q1
correctness_fuzz,comb_rect_dense,1024,4,0,0,1,0,0,1,1.244516,164224,/Users/free_1/Library/Mobile Documents/iCloud~md~obsidian/Documents/cpp-checker/branch_3/artifacts/lca_tree_stress_v5/strong_gate/runs/correctness_fuzz/comb_rect_dense/n1024/seed4_L0_Q0
correctness_fuzz,comb_rect_dense,1024,4,0,1,1,0,0,1,1.245125,159648,/Users/free_1/Library/Mobile Documents/iCloud~md~obsidian/Documents/cpp-checker/branch_3/artifacts/lca_tree_stress_v5/strong_gate/runs/correctness_fuzz/comb_rect_dense/n1024/seed4_L0_Q1
correctness_fuzz,comb_rect_dense,1024,4,1,0,1,0,0,1,1.245938,164288,/Users/free_1/Library/Mobile Documents/iCloud~md~obsidian/Documents/cpp-checker/branch_3/artifacts/lca_tree_stress_v5/strong_gate/runs/correctness_fuzz/comb_rect_dense/n1024/seed4_L1_Q0
correctness_fuzz,comb_rect_dense,1024,4,1,1,1,0,0,1,1.242590,159248,/Users/free_1/Library/Mobile Documents/iCloud~md~obsidian/Documents/cpp-checker/branch_3/artifacts/lca_tree_stress_v5/strong_gate/runs/correctness_fuzz/comb_rect_dense/n1024/seed4_L1_Q1
correctness_fuzz,comb_rect_dense,1024,5,0,0,1,0,0,1,1.251137,188544,/Users/free_1/Library/Mobile Documents/iCloud~md~obsidian/Documents/cpp-checker/branch_3/artifacts/lca_tree_stress_v5/strong_gate/runs/correctness_fuzz/comb_rect_dense/n1024/seed5_L0_Q0
correctness_fuzz,comb_rect_dense,1024,5,0,1,1,0,0,1,1.257358,188560,/Users/free_1/Library/Mobile Documents/iCloud~md~obsidian/Documents/cpp-checker/branch_3/artifacts/lca_tree_stress_v5/strong_gate/runs/correctness_fuzz/comb_rect_dense/n1024/seed5_L0_Q1
correctness_fuzz,comb_rect_dense,1024,5,1,0,1,0,0,1,1.273885,190864,/Users/free_1/Library/Mobile Documents/iCloud~md~obsidian/Documents/cpp-checker/branch_3/artifacts/lca_tree_stress_v5/strong_gate/runs/correctness_fuzz/comb_rect_dense/n1024/seed5_L1_Q0
correctness_fuzz,comb_rect_dense,1024,5,1,1,1,0,0,1,1.291050,193136,/Users/free_1/Library/Mobile Documents/iCloud~md~obsidian/Documents/cpp-checker/branch_3/artifacts/lca_tree_stress_v5/strong_gate/runs/correctness_fuzz/comb_rect_dense/n1024/seed5_L1_Q1
correctness_fuzz,multi_comb_rect,64,1,0,0,1,0,0,1,0.011709,3488,/Users/free_1/Library/Mobile Documents/iCloud~md~obsidian/Documents/cpp-checker/branch_3/artifacts/lca_tree_stress_v5/strong_gate/runs/correctness_fuzz/multi_comb_rect/n64/seed1_L0_Q0
correctness_fuzz,multi_comb_rect,64,1,0,1,1,0,0,1,0.024058,3584,/Users/free_1/Library/Mobile Documents/iCloud~md~obsidian/Documents/cpp-checker/branch_3/artifacts/lca_tree_stress_v5/strong_gate/runs/correctness_fuzz/multi_comb_rect/n64/seed1_L0_Q1
correctness_fuzz,multi_comb_rect,64,1,1,0,1,0,0,1,0.010712,3552,/Users/free_1/Library/Mobile Documents/iCloud~md~obsidian/Documents/cpp-checker/branch_3/artifacts/lca_tree_stress_v5/strong_gate/runs/correctness_fuzz/multi_comb_rect/n64/seed1_L1_Q0
correctness_fuzz,multi_comb_rect,64,1,1,1,1,0,0,1,0.012817,3440,/Users/free_1/Library/Mobile Documents/iCloud~md~obsidian/Documents/cpp-checker/branch_3/artifacts/lca_tree_stress_v5/strong_gate/runs/correctness_fuzz/multi_comb_rect/n64/seed1_L1_Q1
correctness_fuzz,multi_comb_rect,64,2,0,0,1,0,0,1,0.014577,3552,/Users/free_1/Library/Mobile Documents/iCloud~md~obsidian/Documents/cpp-checker/branch_3/artifacts/lca_tree_stress_v5/strong_gate/runs/correctness_fuzz/multi_comb_rect/n64/seed2_L0_Q0
correctness_fuzz,multi_comb_rect,64,2,0,1,1,0,0,1,0.014917,3520,/Users/free_1/Library/Mobile Documents/iCloud~md~obsidian/Documents/cpp-checker/branch_3/artifacts/lca_tree_stress_v5/strong_gate/runs/correctness_fuzz/multi_comb_rect/n64/seed2_L0_Q1
correctness_fuzz,multi_comb_rect,64,2,1,0,1,0,0,1,0.010928,3456,/Users/free_1/Library/Mobile Documents/iCloud~md~obsidian/Documents/cpp-checker/branch_3/artifacts/lca_tree_stress_v5/strong_gate/runs/correctness_fuzz/multi_comb_rect/n64/seed2_L1_Q0
correctness_fuzz,multi_comb_rect,64,2,1,1,1,0,0,1,0.010591,3568,/Users/free_1/Library/Mobile Documents/iCloud~md~obsidian/Documents/cpp-checker/branch_3/artifacts/lca_tree_stress_v5/strong_gate/runs/correctness_fuzz/multi_comb_rect/n64/seed2_L1_Q1
correctness_fuzz,multi_comb_rect,64,3,0,0,1,0,0,1,0.014542,3520,/Users/free_1/Library/Mobile Documents/iCloud~md~obsidian/Documents/cpp-checker/branch_3/artifacts/lca_tree_stress_v5/strong_gate/runs/correctness_fuzz/multi_comb_rect/n64/seed3_L0_Q0
correctness_fuzz,multi_comb_rect,64,3,0,1,1,0,0,1,0.014731,3424,/Users/free_1/Library/Mobile Documents/iCloud~md~obsidian/Documents/cpp-checker/branch_3/artifacts/lca_tree_stress_v5/strong_gate/runs/correctness_fuzz/multi_comb_rect/n64/seed3_L0_Q1
correctness_fuzz,multi_comb_rect,64,3,1,0,1,0,0,1,0.013289,3456,/Users/free_1/Library/Mobile Documents/iCloud~md~obsidian/Documents/cpp-checker/branch_3/artifacts/lca_tree_stress_v5/strong_gate/runs/correctness_fuzz/multi_comb_rect/n64/seed3_L1_Q0
correctness_fuzz,multi_comb_rect,64,3,1,1,1,0,0,1,0.011261,3488,/Users/free_1/Library/Mobile Documents/iCloud~md~obsidian/Documents/cpp-checker/branch_3/artifacts/lca_tree_stress_v5/strong_gate/runs/correctness_fuzz/multi_comb_rect/n64/seed3_L1_Q1
correctness_fuzz,multi_comb_rect,64,4,0,0,1,0,0,1,0.013987,3504,/Users/free_1/Library/Mobile Documents/iCloud~md~obsidian/Documents/cpp-checker/branch_3/artifacts/lca_tree_stress_v5/strong_gate/runs/correctness_fuzz/multi_comb_rect/n64/seed4_L0_Q0
correctness_fuzz,multi_comb_rect,64,4,0,1,1,0,0,1,0.011280,3504,/Users/free_1/Library/Mobile Documents/iCloud~md~obsidian/Documents/cpp-checker/branch_3/artifacts/lca_tree_stress_v5/strong_gate/runs/correctness_fuzz/multi_comb_rect/n64/seed4_L0_Q1
correctness_fuzz,multi_comb_rect,64,4,1,0,1,0,0,1,0.012393,3472,/Users/free_1/Library/Mobile Documents/iCloud~md~obsidian/Documents/cpp-checker/branch_3/artifacts/lca_tree_stress_v5/strong_gate/runs/correctness_fuzz/multi_comb_rect/n64/seed4_L1_Q0
correctness_fuzz,multi_comb_rect,64,4,1,1,1,0,0,1,0.011732,3440,/Users/free_1/Library/Mobile Documents/iCloud~md~obsidian/Documents/cpp-checker/branch_3/artifacts/lca_tree_stress_v5/strong_gate/runs/correctness_fuzz/multi_comb_rect/n64/seed4_L1_Q1
correctness_fuzz,multi_comb_rect,64,5,0,0,1,0,0,1,0.012886,3472,/Users/free_1/Library/Mobile Documents/iCloud~md~obsidian/Documents/cpp-checker/branch_3/artifacts/lca_tree_stress_v5/strong_gate/runs/correctness_fuzz/multi_comb_rect/n64/seed5_L0_Q0
correctness_fuzz,multi_comb_rect,64,5,0,1,1,0,0,1,0.012541,3472,/Users/free_1/Library/Mobile Documents/iCloud~md~obsidian/Documents/cpp-checker/branch_3/artifacts/lca_tree_stress_v5/strong_gate/runs/correctness_fuzz/multi_comb_rect/n64/seed5_L0_Q1
correctness_fuzz,multi_comb_rect,64,5,1,0,1,0,0,1,0.010100,3536,/Users/free_1/Library/Mobile Documents/iCloud~md~obsidian/Documents/cpp-checker/branch_3/artifacts/lca_tree_stress_v5/strong_gate/runs/correctness_fuzz/multi_comb_rect/n64/seed5_L1_Q0
correctness_fuzz,multi_comb_rect,64,5,1,1,1,0,0,1,0.022134,3456,/Users/free_1/Library/Mobile Documents/iCloud~md~obsidian/Documents/cpp-checker/branch_3/artifacts/lca_tree_stress_v5/strong_gate/runs/correctness_fuzz/multi_comb_rect/n64/seed5_L1_Q1
correctness_fuzz,multi_comb_rect,128,1,0,0,1,0,0,1,0.025571,5168,/Users/free_1/Library/Mobile Documents/iCloud~md~obsidian/Documents/cpp-checker/branch_3/artifacts/lca_tree_stress_v5/strong_gate/runs/correctness_fuzz/multi_comb_rect/n128/seed1_L0_Q0
correctness_fuzz,multi_comb_rect,128,1,0,1,1,0,0,1,0.022396,5056,/Users/free_1/Library/Mobile Documents/iCloud~md~obsidian/Documents/cpp-checker/branch_3/artifacts/lca_tree_stress_v5/strong_gate/runs/correctness_fuzz/multi_comb_rect/n128/seed1_L0_Q1
correctness_fuzz,multi_comb_rect,128,1,1,0,1,0,0,1,0.023917,5152,/Users/free_1/Library/Mobile Documents/iCloud~md~obsidian/Documents/cpp-checker/branch_3/artifacts/lca_tree_stress_v5/strong_gate/runs/correctness_fuzz/multi_comb_rect/n128/seed1_L1_Q0
correctness_fuzz,multi_comb_rect,128,1,1,1,1,0,0,1,0.022777,5104,/Users/free_1/Library/Mobile Documents/iCloud~md~obsidian/Documents/cpp-checker/branch_3/artifacts/lca_tree_stress_v5/strong_gate/runs/correctness_fuzz/multi_comb_rect/n128/seed1_L1_Q1
correctness_fuzz,multi_comb_rect,128,2,0,0,1,0,0,1,0.027167,5072,/Users/free_1/Library/Mobile Documents/iCloud~md~obsidian/Documents/cpp-checker/branch_3/artifacts/lca_tree_stress_v5/strong_gate/runs/correctness_fuzz/multi_comb_rect/n128/seed2_L0_Q0
correctness_fuzz,multi_comb_rect,128,2,0,1,1,0,0,1,0.024706,5104,/Users/free_1/Library/Mobile Documents/iCloud~md~obsidian/Documents/cpp-checker/branch_3/artifacts/lca_tree_stress_v5/strong_gate/runs/correctness_fuzz/multi_comb_rect/n128/seed2_L0_Q1
correctness_fuzz,multi_comb_rect,128,2,1,0,1,0,0,1,0.029471,5072,/Users/free_1/Library/Mobile Documents/iCloud~md~obsidian/Documents/cpp-checker/branch_3/artifacts/lca_tree_stress_v5/strong_gate/runs/correctness_fuzz/multi_comb_rect/n128/seed2_L1_Q0
correctness_fuzz,multi_comb_rect,128,2,1,1,1,0,0,1,0.025332,5120,/Users/free_1/Library/Mobile Documents/iCloud~md~obsidian/Documents/cpp-checker/branch_3/artifacts/lca_tree_stress_v5/strong_gate/runs/correctness_fuzz/multi_comb_rect/n128/seed2_L1_Q1
correctness_fuzz,multi_comb_rect,128,3,0,0,1,0,0,1,0.029673,5184,/Users/free_1/Library/Mobile Documents/iCloud~md~obsidian/Documents/cpp-checker/branch_3/artifacts/lca_tree_stress_v5/strong_gate/runs/correctness_fuzz/multi_comb_rect/n128/seed3_L0_Q0
correctness_fuzz,multi_comb_rect,128,3,0,1,1,0,0,1,0.026088,5088,/Users/free_1/Library/Mobile Documents/iCloud~md~obsidian/Documents/cpp-checker/branch_3/artifacts/lca_tree_stress_v5/strong_gate/runs/correctness_fuzz/multi_comb_rect/n128/seed3_L0_Q1
correctness_fuzz,multi_comb_rect,128,3,1,0,1,0,0,1,0.026621,5008,/Users/free_1/Library/Mobile Documents/iCloud~md~obsidian/Documents/cpp-checker/branch_3/artifacts/lca_tree_stress_v5/strong_gate/runs/correctness_fuzz/multi_comb_rect/n128/seed3_L1_Q0
correctness_fuzz,multi_comb_rect,128,3,1,1,1,0,0,1,0.029399,5040,/Users/free_1/Library/Mobile Documents/iCloud~md~obsidian/Documents/cpp-checker/branch_3/artifacts/lca_tree_stress_v5/strong_gate/runs/correctness_fuzz/multi_comb_rect/n128/seed3_L1_Q1
correctness_fuzz,multi_comb_rect,128,4,0,0,1,0,0,1,0.028706,5152,/Users/free_1/Library/Mobile Documents/iCloud~md~obsidian/Documents/cpp-checker/branch_3/artifacts/lca_tree_stress_v5/strong_gate/runs/correctness_fuzz/multi_comb_rect/n128/seed4_L0_Q0
correctness_fuzz,multi_comb_rect,128,4,0,1,1,0,0,1,0.023843,5120,/Users/free_1/Library/Mobile Documents/iCloud~md~obsidian/Documents/cpp-checker/branch_3/artifacts/lca_tree_stress_v5/strong_gate/runs/correctness_fuzz/multi_comb_rect/n128/seed4_L0_Q1
correctness_fuzz,multi_comb_rect,128,4,1,0,1,0,0,1,0.026803,5088,/Users/free_1/Library/Mobile Documents/iCloud~md~obsidian/Documents/cpp-checker/branch_3/artifacts/lca_tree_stress_v5/strong_gate/runs/correctness_fuzz/multi_comb_rect/n128/seed4_L1_Q0
correctness_fuzz,multi_comb_rect,128,4,1,1,1,0,0,1,0.036473,5072,/Users/free_1/Library/Mobile Documents/iCloud~md~obsidian/Documents/cpp-checker/branch_3/artifacts/lca_tree_stress_v5/strong_gate/runs/correctness_fuzz/multi_comb_rect/n128/seed4_L1_Q1
correctness_fuzz,multi_comb_rect,128,5,0,0,1,0,0,1,0.026238,5152,/Users/free_1/Library/Mobile Documents/iCloud~md~obsidian/Documents/cpp-checker/branch_3/artifacts/lca_tree_stress_v5/strong_gate/runs/correctness_fuzz/multi_comb_rect/n128/seed5_L0_Q0
correctness_fuzz,multi_comb_rect,128,5,0,1,1,0,0,1,0.027381,4992,/Users/free_1/Library/Mobile Documents/iCloud~md~obsidian/Documents/cpp-checker/branch_3/artifacts/lca_tree_stress_v5/strong_gate/runs/correctness_fuzz/multi_comb_rect/n128/seed5_L0_Q1
correctness_fuzz,multi_comb_rect,128,5,1,0,1,0,0,1,0.029249,5152,/Users/free_1/Library/Mobile Documents/iCloud~md~obsidian/Documents/cpp-checker/branch_3/artifacts/lca_tree_stress_v5/strong_gate/runs/correctness_fuzz/multi_comb_rect/n128/seed5_L1_Q0
correctness_fuzz,multi_comb_rect,128,5,1,1,1,0,0,1,0.025333,4960,/Users/free_1/Library/Mobile Documents/iCloud~md~obsidian/Documents/cpp-checker/branch_3/artifacts/lca_tree_stress_v5/strong_gate/runs/correctness_fuzz/multi_comb_rect/n128/seed5_L1_Q1
correctness_fuzz,multi_comb_rect,256,1,0,0,1,0,0,1,0.063301,9376,/Users/free_1/Library/Mobile Documents/iCloud~md~obsidian/Documents/cpp-checker/branch_3/artifacts/lca_tree_stress_v5/strong_gate/runs/correctness_fuzz/multi_comb_rect/n256/seed1_L0_Q0
correctness_fuzz,multi_comb_rect,256,1,0,1,1,0,0,1,0.058262,9408,/Users/free_1/Library/Mobile Documents/iCloud~md~obsidian/Documents/cpp-checker/branch_3/artifacts/lca_tree_stress_v5/strong_gate/runs/correctness_fuzz/multi_comb_rect/n256/seed1_L0_Q1
correctness_fuzz,multi_comb_rect,256,1,1,0,1,0,0,1,0.064438,9344,/Users/free_1/Library/Mobile Documents/iCloud~md~obsidian/Documents/cpp-checker/branch_3/artifacts/lca_tree_stress_v5/strong_gate/runs/correctness_fuzz/multi_comb_rect/n256/seed1_L1_Q0
correctness_fuzz,multi_comb_rect,256,1,1,1,1,0,0,1,0.058760,9408,/Users/free_1/Library/Mobile Documents/iCloud~md~obsidian/Documents/cpp-checker/branch_3/artifacts/lca_tree_stress_v5/strong_gate/runs/correctness_fuzz/multi_comb_rect/n256/seed1_L1_Q1
correctness_fuzz,multi_comb_rect,256,2,0,0,1,0,0,1,0.061812,9376,/Users/free_1/Library/Mobile Documents/iCloud~md~obsidian/Documents/cpp-checker/branch_3/artifacts/lca_tree_stress_v5/strong_gate/runs/correctness_fuzz/multi_comb_rect/n256/seed2_L0_Q0
correctness_fuzz,multi_comb_rect,256,2,0,1,1,0,0,1,0.061627,9600,/Users/free_1/Library/Mobile Documents/iCloud~md~obsidian/Documents/cpp-checker/branch_3/artifacts/lca_tree_stress_v5/strong_gate/runs/correctness_fuzz/multi_comb_rect/n256/seed2_L0_Q1
correctness_fuzz,multi_comb_rect,256,2,1,0,1,0,0,1,0.058732,9376,/Users/free_1/Library/Mobile Documents/iCloud~md~obsidian/Documents/cpp-checker/branch_3/artifacts/lca_tree_stress_v5/strong_gate/runs/correctness_fuzz/multi_comb_rect/n256/seed2_L1_Q0
correctness_fuzz,multi_comb_rect,256,2,1,1,1,0,0,1,0.062833,9408,/Users/free_1/Library/Mobile Documents/iCloud~md~obsidian/Documents/cpp-checker/branch_3/artifacts/lca_tree_stress_v5/strong_gate/runs/correctness_fuzz/multi_comb_rect/n256/seed2_L1_Q1
correctness_fuzz,multi_comb_rect,256,3,0,0,1,0,0,1,0.055226,9888,/Users/free_1/Library/Mobile Documents/iCloud~md~obsidian/Documents/cpp-checker/branch_3/artifacts/lca_tree_stress_v5/strong_gate/runs/correctness_fuzz/multi_comb_rect/n256/seed3_L0_Q0
correctness_fuzz,multi_comb_rect,256,3,0,1,1,0,0,1,0.053228,9920,/Users/free_1/Library/Mobile Documents/iCloud~md~obsidian/Documents/cpp-checker/branch_3/artifacts/lca_tree_stress_v5/strong_gate/runs/correctness_fuzz/multi_comb_rect/n256/seed3_L0_Q1
correctness_fuzz,multi_comb_rect,256,3,1,0,1,0,0,1,0.056051,9936,/Users/free_1/Library/Mobile Documents/iCloud~md~obsidian/Documents/cpp-checker/branch_3/artifacts/lca_tree_stress_v5/strong_gate/runs/correctness_fuzz/multi_comb_rect/n256/seed3_L1_Q0
correctness_fuzz,multi_comb_rect,256,3,1,1,1,0,0,1,0.059360,10032,/Users/free_1/Library/Mobile Documents/iCloud~md~obsidian/Documents/cpp-checker/branch_3/artifacts/lca_tree_stress_v5/strong_gate/runs/correctness_fuzz/multi_comb_rect/n256/seed3_L1_Q1
correctness_fuzz,multi_comb_rect,256,4,0,0,1,0,0,1,0.059331,9984,/Users/free_1/Library/Mobile Documents/iCloud~md~obsidian/Documents/cpp-checker/branch_3/artifacts/lca_tree_stress_v5/strong_gate/runs/correctness_fuzz/multi_comb_rect/n256/seed4_L0_Q0
correctness_fuzz,multi_comb_rect,256,4,0,1,1,0,0,1,0.060374,9936,/Users/free_1/Library/Mobile Documents/iCloud~md~obsidian/Documents/cpp-checker/branch_3/artifacts/lca_tree_stress_v5/strong_gate/runs/correctness_fuzz/multi_comb_rect/n256/seed4_L0_Q1
correctness_fuzz,multi_comb_rect,256,4,1,0,1,0,0,1,0.056480,9936,/Users/free_1/Library/Mobile Documents/iCloud~md~obsidian/Documents/cpp-checker/branch_3/artifacts/lca_tree_stress_v5/strong_gate/runs/correctness_fuzz/multi_comb_rect/n256/seed4_L1_Q0
correctness_fuzz,multi_comb_rect,256,4,1,1,1,0,0,1,0.059994,9920,/Users/free_1/Library/Mobile Documents/iCloud~md~obsidian/Documents/cpp-checker/branch_3/artifacts/lca_tree_stress_v5/strong_gate/runs/correctness_fuzz/multi_comb_rect/n256/seed4_L1_Q1
correctness_fuzz,multi_comb_rect,256,5,0,0,1,0,0,1,0.061019,9520,/Users/free_1/Library/Mobile Documents/iCloud~md~obsidian/Documents/cpp-checker/branch_3/artifacts/lca_tree_stress_v5/strong_gate/runs/correctness_fuzz/multi_comb_rect/n256/seed5_L0_Q0
correctness_fuzz,multi_comb_rect,256,5,0,1,1,0,0,1,0.061712,9552,/Users/free_1/Library/Mobile Documents/iCloud~md~obsidian/Documents/cpp-checker/branch_3/artifacts/lca_tree_stress_v5/strong_gate/runs/correctness_fuzz/multi_comb_rect/n256/seed5_L0_Q1
correctness_fuzz,multi_comb_rect,256,5,1,0,1,0,0,1,0.056502,9296,/Users/free_1/Library/Mobile Documents/iCloud~md~obsidian/Documents/cpp-checker/branch_3/artifacts/lca_tree_stress_v5/strong_gate/runs/correctness_fuzz/multi_comb_rect/n256/seed5_L1_Q0
correctness_fuzz,multi_comb_rect,256,5,1,1,1,0,0,1,0.053542,9392,/Users/free_1/Library/Mobile Documents/iCloud~md~obsidian/Documents/cpp-checker/branch_3/artifacts/lca_tree_stress_v5/strong_gate/runs/correctness_fuzz/multi_comb_rect/n256/seed5_L1_Q1
correctness_fuzz,multi_comb_rect,512,1,0,0,1,0,0,1,0.155766,24160,/Users/free_1/Library/Mobile Documents/iCloud~md~obsidian/Documents/cpp-checker/branch_3/artifacts/lca_tree_stress_v5/strong_gate/runs/correctness_fuzz/multi_comb_rect/n512/seed1_L0_Q0
correctness_fuzz,multi_comb_rect,512,1,0,1,1,0,0,1,0.156805,24144,/Users/free_1/Library/Mobile Documents/iCloud~md~obsidian/Documents/cpp-checker/branch_3/artifacts/lca_tree_stress_v5/strong_gate/runs/correctness_fuzz/multi_comb_rect/n512/seed1_L0_Q1
correctness_fuzz,multi_comb_rect,512,1,1,0,1,0,0,1,0.158926,24112,/Users/free_1/Library/Mobile Documents/iCloud~md~obsidian/Documents/cpp-checker/branch_3/artifacts/lca_tree_stress_v5/strong_gate/runs/correctness_fuzz/multi_comb_rect/n512/seed1_L1_Q0
correctness_fuzz,multi_comb_rect,512,1,1,1,1,0,0,1,0.159250,23536,/Users/free_1/Library/Mobile Documents/iCloud~md~obsidian/Documents/cpp-checker/branch_3/artifacts/lca_tree_stress_v5/strong_gate/runs/correctness_fuzz/multi_comb_rect/n512/seed1_L1_Q1
correctness_fuzz,multi_comb_rect,512,2,0,0,1,0,0,1,0.158331,24256,/Users/free_1/Library/Mobile Documents/iCloud~md~obsidian/Documents/cpp-checker/branch_3/artifacts/lca_tree_stress_v5/strong_gate/runs/correctness_fuzz/multi_comb_rect/n512/seed2_L0_Q0
correctness_fuzz,multi_comb_rect,512,2,0,1,1,0,0,1,0.159392,23664,/Users/free_1/Library/Mobile Documents/iCloud~md~obsidian/Documents/cpp-checker/branch_3/artifacts/lca_tree_stress_v5/strong_gate/runs/correctness_fuzz/multi_comb_rect/n512/seed2_L0_Q1
correctness_fuzz,multi_comb_rect,512,2,1,0,1,0,0,1,0.157977,24208,/Users/free_1/Library/Mobile Documents/iCloud~md~obsidian/Documents/cpp-checker/branch_3/artifacts/lca_tree_stress_v5/strong_gate/runs/correctness_fuzz/multi_comb_rect/n512/seed2_L1_Q0
correctness_fuzz,multi_comb_rect,512,2,1,1,1,0,0,1,0.159217,23600,/Users/free_1/Library/Mobile Documents/iCloud~md~obsidian/Documents/cpp-checker/branch_3/artifacts/lca_tree_stress_v5/strong_gate/runs/correctness_fuzz/multi_comb_rect/n512/seed2_L1_Q1
correctness_fuzz,multi_comb_rect,512,3,0,0,1,0,0,1,0.163704,24128,/Users/free_1/Library/Mobile Documents/iCloud~md~obsidian/Documents/cpp-checker/branch_3/artifacts/lca_tree_stress_v5/strong_gate/runs/correctness_fuzz/multi_comb_rect/n512/seed3_L0_Q0
correctness_fuzz,multi_comb_rect,512,3,0,1,1,0,0,1,0.161144,24080,/Users/free_1/Library/Mobile Documents/iCloud~md~obsidian/Documents/cpp-checker/branch_3/artifacts/lca_tree_stress_v5/strong_gate/runs/correctness_fuzz/multi_comb_rect/n512/seed3_L0_Q1
correctness_fuzz,multi_comb_rect,512,3,1,0,1,0,0,1,0.165173,23504,/Users/free_1/Library/Mobile Documents/iCloud~md~obsidian/Documents/cpp-checker/branch_3/artifacts/lca_tree_stress_v5/strong_gate/runs/correctness_fuzz/multi_comb_rect/n512/seed3_L1_Q0
correctness_fuzz,multi_comb_rect,512,3,1,1,1,0,0,1,0.157374,24112,/Users/free_1/Library/Mobile Documents/iCloud~md~obsidian/Documents/cpp-checker/branch_3/artifacts/lca_tree_stress_v5/strong_gate/runs/correctness_fuzz/multi_comb_rect/n512/seed3_L1_Q1
correctness_fuzz,multi_comb_rect,512,4,0,0,1,0,0,1,0.163091,23520,/Users/free_1/Library/Mobile Documents/iCloud~md~obsidian/Documents/cpp-checker/branch_3/artifacts/lca_tree_stress_v5/strong_gate/runs/correctness_fuzz/multi_comb_rect/n512/seed4_L0_Q0
correctness_fuzz,multi_comb_rect,512,4,0,1,1,0,0,1,0.159822,24416,/Users/free_1/Library/Mobile Documents/iCloud~md~obsidian/Documents/cpp-checker/branch_3/artifacts/lca_tree_stress_v5/strong_gate/runs/correctness_fuzz/multi_comb_rect/n512/seed4_L0_Q1
correctness_fuzz,multi_comb_rect,512,4,1,0,1,0,0,1,0.159498,24288,/Users/free_1/Library/Mobile Documents/iCloud~md~obsidian/Documents/cpp-checker/branch_3/artifacts/lca_tree_stress_v5/strong_gate/runs/correctness_fuzz/multi_comb_rect/n512/seed4_L1_Q0
correctness_fuzz,multi_comb_rect,512,4,1,1,1,0,0,1,0.169066,23552,/Users/free_1/Library/Mobile Documents/iCloud~md~obsidian/Documents/cpp-checker/branch_3/artifacts/lca_tree_stress_v5/strong_gate/runs/correctness_fuzz/multi_comb_rect/n512/seed4_L1_Q1
correctness_fuzz,multi_comb_rect,512,5,0,0,1,0,0,1,0.156478,23968,/Users/free_1/Library/Mobile Documents/iCloud~md~obsidian/Documents/cpp-checker/branch_3/artifacts/lca_tree_stress_v5/strong_gate/runs/correctness_fuzz/multi_comb_rect/n512/seed5_L0_Q0
correctness_fuzz,multi_comb_rect,512,5,0,1,1,0,0,1,0.159395,23568,/Users/free_1/Library/Mobile Documents/iCloud~md~obsidian/Documents/cpp-checker/branch_3/artifacts/lca_tree_stress_v5/strong_gate/runs/correctness_fuzz/multi_comb_rect/n512/seed5_L0_Q1
correctness_fuzz,multi_comb_rect,512,5,1,0,1,0,0,1,0.163288,23568,/Users/free_1/Library/Mobile Documents/iCloud~md~obsidian/Documents/cpp-checker/branch_3/artifacts/lca_tree_stress_v5/strong_gate/runs/correctness_fuzz/multi_comb_rect/n512/seed5_L1_Q0
correctness_fuzz,multi_comb_rect,512,5,1,1,1,0,0,1,0.166811,23552,/Users/free_1/Library/Mobile Documents/iCloud~md~obsidian/Documents/cpp-checker/branch_3/artifacts/lca_tree_stress_v5/strong_gate/runs/correctness_fuzz/multi_comb_rect/n512/seed5_L1_Q1
correctness_fuzz,multi_comb_rect,1024,1,0,0,1,0,0,1,0.541816,72432,/Users/free_1/Library/Mobile Documents/iCloud~md~obsidian/Documents/cpp-checker/branch_3/artifacts/lca_tree_stress_v5/strong_gate/runs/correctness_fuzz/multi_comb_rect/n1024/seed1_L0_Q0
correctness_fuzz,multi_comb_rect,1024,1,0,1,1,0,0,1,0.538881,68832,/Users/free_1/Library/Mobile Documents/iCloud~md~obsidian/Documents/cpp-checker/branch_3/artifacts/lca_tree_stress_v5/strong_gate/runs/correctness_fuzz/multi_comb_rect/n1024/seed1_L0_Q1
correctness_fuzz,multi_comb_rect,1024,1,1,0,1,0,0,1,0.543123,72032,/Users/free_1/Library/Mobile Documents/iCloud~md~obsidian/Documents/cpp-checker/branch_3/artifacts/lca_tree_stress_v5/strong_gate/runs/correctness_fuzz/multi_comb_rect/n1024/seed1_L1_Q0
correctness_fuzz,multi_comb_rect,1024,1,1,1,1,0,0,1,0.607355,72032,/Users/free_1/Library/Mobile Documents/iCloud~md~obsidian/Documents/cpp-checker/branch_3/artifacts/lca_tree_stress_v5/strong_gate/runs/correctness_fuzz/multi_comb_rect/n1024/seed1_L1_Q1
correctness_fuzz,multi_comb_rect,1024,2,0,0,1,0,0,1,0.641342,71584,/Users/free_1/Library/Mobile Documents/iCloud~md~obsidian/Documents/cpp-checker/branch_3/artifacts/lca_tree_stress_v5/strong_gate/runs/correctness_fuzz/multi_comb_rect/n1024/seed2_L0_Q0
correctness_fuzz,multi_comb_rect,1024,2,0,1,1,0,0,1,0.532717,71568,/Users/free_1/Library/Mobile Documents/iCloud~md~obsidian/Documents/cpp-checker/branch_3/artifacts/lca_tree_stress_v5/strong_gate/runs/correctness_fuzz/multi_comb_rect/n1024/seed2_L0_Q1
correctness_fuzz,multi_comb_rect,1024,2,1,0,1,0,0,1,0.556867,70480,/Users/free_1/Library/Mobile Documents/iCloud~md~obsidian/Documents/cpp-checker/branch_3/artifacts/lca_tree_stress_v5/strong_gate/runs/correctness_fuzz/multi_comb_rect/n1024/seed2_L1_Q0
correctness_fuzz,multi_comb_rect,1024,2,1,1,1,0,0,1,0.559621,72144,/Users/free_1/Library/Mobile Documents/iCloud~md~obsidian/Documents/cpp-checker/branch_3/artifacts/lca_tree_stress_v5/strong_gate/runs/correctness_fuzz/multi_comb_rect/n1024/seed2_L1_Q1
correctness_fuzz,multi_comb_rect,1024,3,0,0,1,0,0,1,0.533633,68432,/Users/free_1/Library/Mobile Documents/iCloud~md~obsidian/Documents/cpp-checker/branch_3/artifacts/lca_tree_stress_v5/strong_gate/runs/correctness_fuzz/multi_comb_rect/n1024/seed3_L0_Q0
correctness_fuzz,multi_comb_rect,1024,3,0,1,1,0,0,1,0.545797,68448,/Users/free_1/Library/Mobile Documents/iCloud~md~obsidian/Documents/cpp-checker/branch_3/artifacts/lca_tree_stress_v5/strong_gate/runs/correctness_fuzz/multi_comb_rect/n1024/seed3_L0_Q1
correctness_fuzz,multi_comb_rect,1024,3,1,0,1,0,0,1,0.527407,68352,/Users/free_1/Library/Mobile Documents/iCloud~md~obsidian/Documents/cpp-checker/branch_3/artifacts/lca_tree_stress_v5/strong_gate/runs/correctness_fuzz/multi_comb_rect/n1024/seed3_L1_Q0
correctness_fuzz,multi_comb_rect,1024,3,1,1,1,0,0,1,0.569173,68432,/Users/free_1/Library/Mobile Documents/iCloud~md~obsidian/Documents/cpp-checker/branch_3/artifacts/lca_tree_stress_v5/strong_gate/runs/correctness_fuzz/multi_comb_rect/n1024/seed3_L1_Q1
correctness_fuzz,multi_comb_rect,1024,4,0,0,1,0,0,1,0.531964,72064,/Users/free_1/Library/Mobile Documents/iCloud~md~obsidian/Documents/cpp-checker/branch_3/artifacts/lca_tree_stress_v5/strong_gate/runs/correctness_fuzz/multi_comb_rect/n1024/seed4_L0_Q0
correctness_fuzz,multi_comb_rect,1024,4,0,1,1,0,0,1,0.562856,68928,/Users/free_1/Library/Mobile Documents/iCloud~md~obsidian/Documents/cpp-checker/branch_3/artifacts/lca_tree_stress_v5/strong_gate/runs/correctness_fuzz/multi_comb_rect/n1024/seed4_L0_Q1
correctness_fuzz,multi_comb_rect,1024,4,1,0,1,0,0,1,0.555636,68896,/Users/free_1/Library/Mobile Documents/iCloud~md~obsidian/Documents/cpp-checker/branch_3/artifacts/lca_tree_stress_v5/strong_gate/runs/correctness_fuzz/multi_comb_rect/n1024/seed4_L1_Q0
correctness_fuzz,multi_comb_rect,1024,4,1,1,1,0,0,1,0.546526,72096,/Users/free_1/Library/Mobile Documents/iCloud~md~obsidian/Documents/cpp-checker/branch_3/artifacts/lca_tree_stress_v5/strong_gate/runs/correctness_fuzz/multi_comb_rect/n1024/seed4_L1_Q1
correctness_fuzz,multi_comb_rect,1024,5,0,0,1,0,0,1,0.556442,71616,/Users/free_1/Library/Mobile Documents/iCloud~md~obsidian/Documents/cpp-checker/branch_3/artifacts/lca_tree_stress_v5/strong_gate/runs/correctness_fuzz/multi_comb_rect/n1024/seed5_L0_Q0
correctness_fuzz,multi_comb_rect,1024,5,0,1,1,0,0,1,0.559906,70512,/Users/free_1/Library/Mobile Documents/iCloud~md~obsidian/Documents/cpp-checker/branch_3/artifacts/lca_tree_stress_v5/strong_gate/runs/correctness_fuzz/multi_comb_rect/n1024/seed5_L0_Q1
correctness_fuzz,multi_comb_rect,1024,5,1,0,1,0,0,1,0.609794,71824,/Users/free_1/Library/Mobile Documents/iCloud~md~obsidian/Documents/cpp-checker/branch_3/artifacts/lca_tree_stress_v5/strong_gate/runs/correctness_fuzz/multi_comb_rect/n1024/seed5_L1_Q0
correctness_fuzz,multi_comb_rect,1024,5,1,1,1,0,0,1,0.573904,68560,/Users/free_1/Library/Mobile Documents/iCloud~md~obsidian/Documents/cpp-checker/branch_3/artifacts/lca_tree_stress_v5/strong_gate/runs/correctness_fuzz/multi_comb_rect/n1024/seed5_L1_Q1
correctness_fuzz,multi_comb_cap,64,1,0,0,1,0,0,1,0.010991,3328,/Users/free_1/Library/Mobile Documents/iCloud~md~obsidian/Documents/cpp-checker/branch_3/artifacts/lca_tree_stress_v5/strong_gate/runs/correctness_fuzz/multi_comb_cap/n64/seed1_L0_Q0
correctness_fuzz,multi_comb_cap,64,1,0,1,1,0,0,1,0.010425,3264,/Users/free_1/Library/Mobile Documents/iCloud~md~obsidian/Documents/cpp-checker/branch_3/artifacts/lca_tree_stress_v5/strong_gate/runs/correctness_fuzz/multi_comb_cap/n64/seed1_L0_Q1
correctness_fuzz,multi_comb_cap,64,1,1,0,1,0,0,1,0.015044,3328,/Users/free_1/Library/Mobile Documents/iCloud~md~obsidian/Documents/cpp-checker/branch_3/artifacts/lca_tree_stress_v5/strong_gate/runs/correctness_fuzz/multi_comb_cap/n64/seed1_L1_Q0
correctness_fuzz,multi_comb_cap,64,1,1,1,1,0,0,1,0.011172,3280,/Users/free_1/Library/Mobile Documents/iCloud~md~obsidian/Documents/cpp-checker/branch_3/artifacts/lca_tree_stress_v5/strong_gate/runs/correctness_fuzz/multi_comb_cap/n64/seed1_L1_Q1
correctness_fuzz,multi_comb_cap,64,2,0,0,1,0,0,1,0.015070,3392,/Users/free_1/Library/Mobile Documents/iCloud~md~obsidian/Documents/cpp-checker/branch_3/artifacts/lca_tree_stress_v5/strong_gate/runs/correctness_fuzz/multi_comb_cap/n64/seed2_L0_Q0
correctness_fuzz,multi_comb_cap,64,2,0,1,1,0,0,1,0.010795,3376,/Users/free_1/Library/Mobile Documents/iCloud~md~obsidian/Documents/cpp-checker/branch_3/artifacts/lca_tree_stress_v5/strong_gate/runs/correctness_fuzz/multi_comb_cap/n64/seed2_L0_Q1
correctness_fuzz,multi_comb_cap,64,2,1,0,1,0,0,1,0.010973,3424,/Users/free_1/Library/Mobile Documents/iCloud~md~obsidian/Documents/cpp-checker/branch_3/artifacts/lca_tree_stress_v5/strong_gate/runs/correctness_fuzz/multi_comb_cap/n64/seed2_L1_Q0
correctness_fuzz,multi_comb_cap,64,2,1,1,1,0,0,1,0.010272,3408,/Users/free_1/Library/Mobile Documents/iCloud~md~obsidian/Documents/cpp-checker/branch_3/artifacts/lca_tree_stress_v5/strong_gate/runs/correctness_fuzz/multi_comb_cap/n64/seed2_L1_Q1
correctness_fuzz,multi_comb_cap,64,3,0,0,1,0,0,1,0.010470,3264,/Users/free_1/Library/Mobile Documents/iCloud~md~obsidian/Documents/cpp-checker/branch_3/artifacts/lca_tree_stress_v5/strong_gate/runs/correctness_fuzz/multi_comb_cap/n64/seed3_L0_Q0
correctness_fuzz,multi_comb_cap,64,3,0,1,1,0,0,1,0.010168,3296,/Users/free_1/Library/Mobile Documents/iCloud~md~obsidian/Documents/cpp-checker/branch_3/artifacts/lca_tree_stress_v5/strong_gate/runs/correctness_fuzz/multi_comb_cap/n64/seed3_L0_Q1
correctness_fuzz,multi_comb_cap,64,3,1,0,1,0,0,1,0.012879,3328,/Users/free_1/Library/Mobile Documents/iCloud~md~obsidian/Documents/cpp-checker/branch_3/artifacts/lca_tree_stress_v5/strong_gate/runs/correctness_fuzz/multi_comb_cap/n64/seed3_L1_Q0
correctness_fuzz,multi_comb_cap,64,3,1,1,1,0,0,1,0.012392,3248,/Users/free_1/Library/Mobile Documents/iCloud~md~obsidian/Documents/cpp-checker/branch_3/artifacts/lca_tree_stress_v5/strong_gate/runs/correctness_fuzz/multi_comb_cap/n64/seed3_L1_Q1
correctness_fuzz,multi_comb_cap,64,4,0,0,1,0,0,1,0.012282,3360,/Users/free_1/Library/Mobile Documents/iCloud~md~obsidian/Documents/cpp-checker/branch_3/artifacts/lca_tree_stress_v5/strong_gate/runs/correctness_fuzz/multi_comb_cap/n64/seed4_L0_Q0
correctness_fuzz,multi_comb_cap,64,4,0,1,1,0,0,1,0.011394,3280,/Users/free_1/Library/Mobile Documents/iCloud~md~obsidian/Documents/cpp-checker/branch_3/artifacts/lca_tree_stress_v5/strong_gate/runs/correctness_fuzz/multi_comb_cap/n64/seed4_L0_Q1
correctness_fuzz,multi_comb_cap,64,4,1,0,1,0,0,1,0.015076,3408,/Users/free_1/Library/Mobile Documents/iCloud~md~obsidian/Documents/cpp-checker/branch_3/artifacts/lca_tree_stress_v5/strong_gate/runs/correctness_fuzz/multi_comb_cap/n64/seed4_L1_Q0
correctness_fuzz,multi_comb_cap,64,4,1,1,1,0,0,1,0.014512,3264,/Users/free_1/Library/Mobile Documents/iCloud~md~obsidian/Documents/cpp-checker/branch_3/artifacts/lca_tree_stress_v5/strong_gate/runs/correctness_fuzz/multi_comb_cap/n64/seed4_L1_Q1
correctness_fuzz,multi_comb_cap,64,5,0,0,1,0,0,1,0.010184,3280,/Users/free_1/Library/Mobile Documents/iCloud~md~obsidian/Documents/cpp-checker/branch_3/artifacts/lca_tree_stress_v5/strong_gate/runs/correctness_fuzz/multi_comb_cap/n64/seed5_L0_Q0
correctness_fuzz,multi_comb_cap,64,5,0,1,1,0,0,1,0.015030,3296,/Users/free_1/Library/Mobile Documents/iCloud~md~obsidian/Documents/cpp-checker/branch_3/artifacts/lca_tree_stress_v5/strong_gate/runs/correctness_fuzz/multi_comb_cap/n64/seed5_L0_Q1
correctness_fuzz,multi_comb_cap,64,5,1,0,1,0,0,1,0.014422,3312,/Users/free_1/Library/Mobile Documents/iCloud~md~obsidian/Documents/cpp-checker/branch_3/artifacts/lca_tree_stress_v5/strong_gate/runs/correctness_fuzz/multi_comb_cap/n64/seed5_L1_Q0
correctness_fuzz,multi_comb_cap,64,5,1,1,1,0,0,1,0.014340,3232,/Users/free_1/Library/Mobile Documents/iCloud~md~obsidian/Documents/cpp-checker/branch_3/artifacts/lca_tree_stress_v5/strong_gate/runs/correctness_fuzz/multi_comb_cap/n64/seed5_L1_Q1
correctness_fuzz,multi_comb_cap,128,1,0,0,1,0,0,1,0.029190,4656,/Users/free_1/Library/Mobile Documents/iCloud~md~obsidian/Documents/cpp-checker/branch_3/artifacts/lca_tree_stress_v5/strong_gate/runs/correctness_fuzz/multi_comb_cap/n128/seed1_L0_Q0
correctness_fuzz,multi_comb_cap,128,1,0,1,1,0,0,1,0.026014,4688,/Users/free_1/Library/Mobile Documents/iCloud~md~obsidian/Documents/cpp-checker/branch_3/artifacts/lca_tree_stress_v5/strong_gate/runs/correctness_fuzz/multi_comb_cap/n128/seed1_L0_Q1
correctness_fuzz,multi_comb_cap,128,1,1,0,1,0,0,1,0.020780,4608,/Users/free_1/Library/Mobile Documents/iCloud~md~obsidian/Documents/cpp-checker/branch_3/artifacts/lca_tree_stress_v5/strong_gate/runs/correctness_fuzz/multi_comb_cap/n128/seed1_L1_Q0
correctness_fuzz,multi_comb_cap,128,1,1,1,1,0,0,1,0.021761,4592,/Users/free_1/Library/Mobile Documents/iCloud~md~obsidian/Documents/cpp-checker/branch_3/artifacts/lca_tree_stress_v5/strong_gate/runs/correctness_fuzz/multi_comb_cap/n128/seed1_L1_Q1
correctness_fuzz,multi_comb_cap,128,2,0,0,1,0,0,1,0.023429,4544,/Users/free_1/Library/Mobile Documents/iCloud~md~obsidian/Documents/cpp-checker/branch_3/artifacts/lca_tree_stress_v5/strong_gate/runs/correctness_fuzz/multi_comb_cap/n128/seed2_L0_Q0
correctness_fuzz,multi_comb_cap,128,2,0,1,1,0,0,1,0.020997,4640,/Users/free_1/Library/Mobile Documents/iCloud~md~obsidian/Documents/cpp-checker/branch_3/artifacts/lca_tree_stress_v5/strong_gate/runs/correctness_fuzz/multi_comb_cap/n128/seed2_L0_Q1
correctness_fuzz,multi_comb_cap,128,2,1,0,1,0,0,1,0.026667,4672,/Users/free_1/Library/Mobile Documents/iCloud~md~obsidian/Documents/cpp-checker/branch_3/artifacts/lca_tree_stress_v5/strong_gate/runs/correctness_fuzz/multi_comb_cap/n128/seed2_L1_Q0
correctness_fuzz,multi_comb_cap,128,2,1,1,1,0,0,1,0.021438,4656,/Users/free_1/Library/Mobile Documents/iCloud~md~obsidian/Documents/cpp-checker/branch_3/artifacts/lca_tree_stress_v5/strong_gate/runs/correctness_fuzz/multi_comb_cap/n128/seed2_L1_Q1
correctness_fuzz,multi_comb_cap,128,3,0,0,1,0,0,1,0.024814,4640,/Users/free_1/Library/Mobile Documents/iCloud~md~obsidian/Documents/cpp-checker/branch_3/artifacts/lca_tree_stress_v5/strong_gate/runs/correctness_fuzz/multi_comb_cap/n128/seed3_L0_Q0
correctness_fuzz,multi_comb_cap,128,3,0,1,1,0,0,1,0.025293,4656,/Users/free_1/Library/Mobile Documents/iCloud~md~obsidian/Documents/cpp-checker/branch_3/artifacts/lca_tree_stress_v5/strong_gate/runs/correctness_fuzz/multi_comb_cap/n128/seed3_L0_Q1
correctness_fuzz,multi_comb_cap,128,3,1,0,1,0,0,1,0.028011,4592,/Users/free_1/Library/Mobile Documents/iCloud~md~obsidian/Documents/cpp-checker/branch_3/artifacts/lca_tree_stress_v5/strong_gate/runs/correctness_fuzz/multi_comb_cap/n128/seed3_L1_Q0
correctness_fuzz,multi_comb_cap,128,3,1,1,1,0,0,1,0.024948,4640,/Users/free_1/Library/Mobile Documents/iCloud~md~obsidian/Documents/cpp-checker/branch_3/artifacts/lca_tree_stress_v5/strong_gate/runs/correctness_fuzz/multi_comb_cap/n128/seed3_L1_Q1
correctness_fuzz,multi_comb_cap,128,4,0,0,1,0,0,1,0.025801,4624,/Users/free_1/Library/Mobile Documents/iCloud~md~obsidian/Documents/cpp-checker/branch_3/artifacts/lca_tree_stress_v5/strong_gate/runs/correctness_fuzz/multi_comb_cap/n128/seed4_L0_Q0
correctness_fuzz,multi_comb_cap,128,4,0,1,1,0,0,1,0.015034,4688,/Users/free_1/Library/Mobile Documents/iCloud~md~obsidian/Documents/cpp-checker/branch_3/artifacts/lca_tree_stress_v5/strong_gate/runs/correctness_fuzz/multi_comb_cap/n128/seed4_L0_Q1
correctness_fuzz,multi_comb_cap,128,4,1,0,1,0,0,1,0.048114,4592,/Users/free_1/Library/Mobile Documents/iCloud~md~obsidian/Documents/cpp-checker/branch_3/artifacts/lca_tree_stress_v5/strong_gate/runs/correctness_fuzz/multi_comb_cap/n128/seed4_L1_Q0
correctness_fuzz,multi_comb_cap,128,4,1,1,1,0,0,1,0.045546,4656,/Users/free_1/Library/Mobile Documents/iCloud~md~obsidian/Documents/cpp-checker/branch_3/artifacts/lca_tree_stress_v5/strong_gate/runs/correctness_fuzz/multi_comb_cap/n128/seed4_L1_Q1
correctness_fuzz,multi_comb_cap,128,5,0,0,1,0,0,1,0.029844,4608,/Users/free_1/Library/Mobile Documents/iCloud~md~obsidian/Documents/cpp-checker/branch_3/artifacts/lca_tree_stress_v5/strong_gate/runs/correctness_fuzz/multi_comb_cap/n128/seed5_L0_Q0
correctness_fuzz,multi_comb_cap,128,5,0,1,1,0,0,1,0.021066,4560,/Users/free_1/Library/Mobile Documents/iCloud~md~obsidian/Documents/cpp-checker/branch_3/artifacts/lca_tree_stress_v5/strong_gate/runs/correctness_fuzz/multi_comb_cap/n128/seed5_L0_Q1
correctness_fuzz,multi_comb_cap,128,5,1,0,1,0,0,1,0.021653,4608,/Users/free_1/Library/Mobile Documents/iCloud~md~obsidian/Documents/cpp-checker/branch_3/artifacts/lca_tree_stress_v5/strong_gate/runs/correctness_fuzz/multi_comb_cap/n128/seed5_L1_Q0
correctness_fuzz,multi_comb_cap,128,5,1,1,1,0,0,1,0.026957,4560,/Users/free_1/Library/Mobile Documents/iCloud~md~obsidian/Documents/cpp-checker/branch_3/artifacts/lca_tree_stress_v5/strong_gate/runs/correctness_fuzz/multi_comb_cap/n128/seed5_L1_Q1
correctness_fuzz,multi_comb_cap,256,1,0,0,1,0,0,1,0.045109,7648,/Users/free_1/Library/Mobile Documents/iCloud~md~obsidian/Documents/cpp-checker/branch_3/artifacts/lca_tree_stress_v5/strong_gate/runs/correctness_fuzz/multi_comb_cap/n256/seed1_L0_Q0
correctness_fuzz,multi_comb_cap,256,1,0,1,1,0,0,1,0.041984,7840,/Users/free_1/Library/Mobile Documents/iCloud~md~obsidian/Documents/cpp-checker/branch_3/artifacts/lca_tree_stress_v5/strong_gate/runs/correctness_fuzz/multi_comb_cap/n256/seed1_L0_Q1
correctness_fuzz,multi_comb_cap,256,1,1,0,1,0,0,1,0.051344,7824,/Users/free_1/Library/Mobile Documents/iCloud~md~obsidian/Documents/cpp-checker/branch_3/artifacts/lca_tree_stress_v5/strong_gate/runs/correctness_fuzz/multi_comb_cap/n256/seed1_L1_Q0
correctness_fuzz,multi_comb_cap,256,1,1,1,1,0,0,1,0.053543,7856,/Users/free_1/Library/Mobile Documents/iCloud~md~obsidian/Documents/cpp-checker/branch_3/artifacts/lca_tree_stress_v5/strong_gate/runs/correctness_fuzz/multi_comb_cap/n256/seed1_L1_Q1
correctness_fuzz,multi_comb_cap,256,2,0,0,1,0,0,1,0.049270,7952,/Users/free_1/Library/Mobile Documents/iCloud~md~obsidian/Documents/cpp-checker/branch_3/artifacts/lca_tree_stress_v5/strong_gate/runs/correctness_fuzz/multi_comb_cap/n256/seed2_L0_Q0
correctness_fuzz,multi_comb_cap,256,2,0,1,1,0,0,1,0.043193,7808,/Users/free_1/Library/Mobile Documents/iCloud~md~obsidian/Documents/cpp-checker/branch_3/artifacts/lca_tree_stress_v5/strong_gate/runs/correctness_fuzz/multi_comb_cap/n256/seed2_L0_Q1
correctness_fuzz,multi_comb_cap,256,2,1,0,1,0,0,1,0.072133,7632,/Users/free_1/Library/Mobile Documents/iCloud~md~obsidian/Documents/cpp-checker/branch_3/artifacts/lca_tree_stress_v5/strong_gate/runs/correctness_fuzz/multi_comb_cap/n256/seed2_L1_Q0
correctness_fuzz,multi_comb_cap,256,2,1,1,1,0,0,1,0.050761,7648,/Users/free_1/Library/Mobile Documents/iCloud~md~obsidian/Documents/cpp-checker/branch_3/artifacts/lca_tree_stress_v5/strong_gate/runs/correctness_fuzz/multi_comb_cap/n256/seed2_L1_Q1
correctness_fuzz,multi_comb_cap,256,3,0,0,1,0,0,1,0.056703,7888,/Users/free_1/Library/Mobile Documents/iCloud~md~obsidian/Documents/cpp-checker/branch_3/artifacts/lca_tree_stress_v5/strong_gate/runs/correctness_fuzz/multi_comb_cap/n256/seed3_L0_Q0
correctness_fuzz,multi_comb_cap,256,3,0,1,1,0,0,1,0.061478,7680,/Users/free_1/Library/Mobile Documents/iCloud~md~obsidian/Documents/cpp-checker/branch_3/artifacts/lca_tree_stress_v5/strong_gate/runs/correctness_fuzz/multi_comb_cap/n256/seed3_L0_Q1
correctness_fuzz,multi_comb_cap,256,3,1,0,1,0,0,1,0.043626,7856,/Users/free_1/Library/Mobile Documents/iCloud~md~obsidian/Documents/cpp-checker/branch_3/artifacts/lca_tree_stress_v5/strong_gate/runs/correctness_fuzz/multi_comb_cap/n256/seed3_L1_Q0
correctness_fuzz,multi_comb_cap,256,3,1,1,1,0,0,1,0.050063,7824,/Users/free_1/Library/Mobile Documents/iCloud~md~obsidian/Documents/cpp-checker/branch_3/artifacts/lca_tree_stress_v5/strong_gate/runs/correctness_fuzz/multi_comb_cap/n256/seed3_L1_Q1
correctness_fuzz,multi_comb_cap,256,4,0,0,1,0,0,1,0.041389,7952,/Users/free_1/Library/Mobile Documents/iCloud~md~obsidian/Documents/cpp-checker/branch_3/artifacts/lca_tree_stress_v5/strong_gate/runs/correctness_fuzz/multi_comb_cap/n256/seed4_L0_Q0
correctness_fuzz,multi_comb_cap,256,4,0,1,1,0,0,1,0.050646,7760,/Users/free_1/Library/Mobile Documents/iCloud~md~obsidian/Documents/cpp-checker/branch_3/artifacts/lca_tree_stress_v5/strong_gate/runs/correctness_fuzz/multi_comb_cap/n256/seed4_L0_Q1
correctness_fuzz,multi_comb_cap,256,4,1,0,1,0,0,1,0.048763,7760,/Users/free_1/Library/Mobile Documents/iCloud~md~obsidian/Documents/cpp-checker/branch_3/artifacts/lca_tree_stress_v5/strong_gate/runs/correctness_fuzz/multi_comb_cap/n256/seed4_L1_Q0
correctness_fuzz,multi_comb_cap,256,4,1,1,1,0,0,1,0.042996,7776,/Users/free_1/Library/Mobile Documents/iCloud~md~obsidian/Documents/cpp-checker/branch_3/artifacts/lca_tree_stress_v5/strong_gate/runs/correctness_fuzz/multi_comb_cap/n256/seed4_L1_Q1
correctness_fuzz,multi_comb_cap,256,5,0,0,1,0,0,1,0.045392,7936,/Users/free_1/Library/Mobile Documents/iCloud~md~obsidian/Documents/cpp-checker/branch_3/artifacts/lca_tree_stress_v5/strong_gate/runs/correctness_fuzz/multi_comb_cap/n256/seed5_L0_Q0
correctness_fuzz,multi_comb_cap,256,5,0,1,1,0,0,1,0.056079,7968,/Users/free_1/Library/Mobile Documents/iCloud~md~obsidian/Documents/cpp-checker/branch_3/artifacts/lca_tree_stress_v5/strong_gate/runs/correctness_fuzz/multi_comb_cap/n256/seed5_L0_Q1
correctness_fuzz,multi_comb_cap,256,5,1,0,1,0,0,1,0.049915,7728,/Users/free_1/Library/Mobile Documents/iCloud~md~obsidian/Documents/cpp-checker/branch_3/artifacts/lca_tree_stress_v5/strong_gate/runs/correctness_fuzz/multi_comb_cap/n256/seed5_L1_Q0
correctness_fuzz,multi_comb_cap,256,5,1,1,1,0,0,1,0.047727,7968,/Users/free_1/Library/Mobile Documents/iCloud~md~obsidian/Documents/cpp-checker/branch_3/artifacts/lca_tree_stress_v5/strong_gate/runs/correctness_fuzz/multi_comb_cap/n256/seed5_L1_Q1
correctness_fuzz,multi_comb_cap,512,1,0,0,1,0,0,1,0.122738,16736,/Users/free_1/Library/Mobile Documents/iCloud~md~obsidian/Documents/cpp-checker/branch_3/artifacts/lca_tree_stress_v5/strong_gate/runs/correctness_fuzz/multi_comb_cap/n512/seed1_L0_Q0
correctness_fuzz,multi_comb_cap,512,1,0,1,1,0,0,1,0.115087,16976,/Users/free_1/Library/Mobile Documents/iCloud~md~obsidian/Documents/cpp-checker/branch_3/artifacts/lca_tree_stress_v5/strong_gate/runs/correctness_fuzz/multi_comb_cap/n512/seed1_L0_Q1
correctness_fuzz,multi_comb_cap,512,1,1,0,1,0,0,1,0.117841,17024,/Users/free_1/Library/Mobile Documents/iCloud~md~obsidian/Documents/cpp-checker/branch_3/artifacts/lca_tree_stress_v5/strong_gate/runs/correctness_fuzz/multi_comb_cap/n512/seed1_L1_Q0
correctness_fuzz,multi_comb_cap,512,1,1,1,1,0,0,1,0.121338,16368,/Users/free_1/Library/Mobile Documents/iCloud~md~obsidian/Documents/cpp-checker/branch_3/artifacts/lca_tree_stress_v5/strong_gate/runs/correctness_fuzz/multi_comb_cap/n512/seed1_L1_Q1
correctness_fuzz,multi_comb_cap,512,2,0,0,1,0,0,1,0.114012,16800,/Users/free_1/Library/Mobile Documents/iCloud~md~obsidian/Documents/cpp-checker/branch_3/artifacts/lca_tree_stress_v5/strong_gate/runs/correctness_fuzz/multi_comb_cap/n512/seed2_L0_Q0
correctness_fuzz,multi_comb_cap,512,2,0,1,1,0,0,1,0.117475,16928,/Users/free_1/Library/Mobile Documents/iCloud~md~obsidian/Documents/cpp-checker/branch_3/artifacts/lca_tree_stress_v5/strong_gate/runs/correctness_fuzz/multi_comb_cap/n512/seed2_L0_Q1
correctness_fuzz,multi_comb_cap,512,2,1,0,1,0,0,1,0.117431,16832,/Users/free_1/Library/Mobile Documents/iCloud~md~obsidian/Documents/cpp-checker/branch_3/artifacts/lca_tree_stress_v5/strong_gate/runs/correctness_fuzz/multi_comb_cap/n512/seed2_L1_Q0
correctness_fuzz,multi_comb_cap,512,2,1,1,1,0,0,1,0.116377,16480,/Users/free_1/Library/Mobile Documents/iCloud~md~obsidian/Documents/cpp-checker/branch_3/artifacts/lca_tree_stress_v5/strong_gate/runs/correctness_fuzz/multi_comb_cap/n512/seed2_L1_Q1
correctness_fuzz,multi_comb_cap,512,3,0,0,1,0,0,1,0.111142,16864,/Users/free_1/Library/Mobile Documents/iCloud~md~obsidian/Documents/cpp-checker/branch_3/artifacts/lca_tree_stress_v5/strong_gate/runs/correctness_fuzz/multi_comb_cap/n512/seed3_L0_Q0
correctness_fuzz,multi_comb_cap,512,3,0,1,1,0,0,1,0.110471,16960,/Users/free_1/Library/Mobile Documents/iCloud~md~obsidian/Documents/cpp-checker/branch_3/artifacts/lca_tree_stress_v5/strong_gate/runs/correctness_fuzz/multi_comb_cap/n512/seed3_L0_Q1
correctness_fuzz,multi_comb_cap,512,3,1,0,1,0,0,1,0.118448,16864,/Users/free_1/Library/Mobile Documents/iCloud~md~obsidian/Documents/cpp-checker/branch_3/artifacts/lca_tree_stress_v5/strong_gate/runs/correctness_fuzz/multi_comb_cap/n512/seed3_L1_Q0
correctness_fuzz,multi_comb_cap,512,3,1,1,1,0,0,1,0.133592,16464,/Users/free_1/Library/Mobile Documents/iCloud~md~obsidian/Documents/cpp-checker/branch_3/artifacts/lca_tree_stress_v5/strong_gate/runs/correctness_fuzz/multi_comb_cap/n512/seed3_L1_Q1
correctness_fuzz,multi_comb_cap,512,4,0,0,1,0,0,1,0.127300,16496,/Users/free_1/Library/Mobile Documents/iCloud~md~obsidian/Documents/cpp-checker/branch_3/artifacts/lca_tree_stress_v5/strong_gate/runs/correctness_fuzz/multi_comb_cap/n512/seed4_L0_Q0
correctness_fuzz,multi_comb_cap,512,4,0,1,1,0,0,1,0.113288,16976,/Users/free_1/Library/Mobile Documents/iCloud~md~obsidian/Documents/cpp-checker/branch_3/artifacts/lca_tree_stress_v5/strong_gate/runs/correctness_fuzz/multi_comb_cap/n512/seed4_L0_Q1
correctness_fuzz,multi_comb_cap,512,4,1,0,1,0,0,1,0.114995,17024,/Users/free_1/Library/Mobile Documents/iCloud~md~obsidian/Documents/cpp-checker/branch_3/artifacts/lca_tree_stress_v5/strong_gate/runs/correctness_fuzz/multi_comb_cap/n512/seed4_L1_Q0
correctness_fuzz,multi_comb_cap,512,4,1,1,1,0,0,1,0.118665,17008,/Users/free_1/Library/Mobile Documents/iCloud~md~obsidian/Documents/cpp-checker/branch_3/artifacts/lca_tree_stress_v5/strong_gate/runs/correctness_fuzz/multi_comb_cap/n512/seed4_L1_Q1
correctness_fuzz,multi_comb_cap,512,5,0,0,1,0,0,1,0.120846,16848,/Users/free_1/Library/Mobile Documents/iCloud~md~obsidian/Documents/cpp-checker/branch_3/artifacts/lca_tree_stress_v5/strong_gate/runs/correctness_fuzz/multi_comb_cap/n512/seed5_L0_Q0
correctness_fuzz,multi_comb_cap,512,5,0,1,1,0,0,1,0.112013,16752,/Users/free_1/Library/Mobile Documents/iCloud~md~obsidian/Documents/cpp-checker/branch_3/artifacts/lca_tree_stress_v5/strong_gate/runs/correctness_fuzz/multi_comb_cap/n512/seed5_L0_Q1
correctness_fuzz,multi_comb_cap,512,5,1,0,1,0,0,1,0.113918,16640,/Users/free_1/Library/Mobile Documents/iCloud~md~obsidian/Documents/cpp-checker/branch_3/artifacts/lca_tree_stress_v5/strong_gate/runs/correctness_fuzz/multi_comb_cap/n512/seed5_L1_Q0
correctness_fuzz,multi_comb_cap,512,5,1,1,1,0,0,1,0.118250,16784,/Users/free_1/Library/Mobile Documents/iCloud~md~obsidian/Documents/cpp-checker/branch_3/artifacts/lca_tree_stress_v5/strong_gate/runs/correctness_fuzz/multi_comb_cap/n512/seed5_L1_Q1
correctness_fuzz,multi_comb_cap,1024,1,0,0,1,0,0,1,0.361778,43216,/Users/free_1/Library/Mobile Documents/iCloud~md~obsidian/Documents/cpp-checker/branch_3/artifacts/lca_tree_stress_v5/strong_gate/runs/correctness_fuzz/multi_comb_cap/n1024/seed1_L0_Q0
correctness_fuzz,multi_comb_cap,1024,1,0,1,1,0,0,1,0.363999,40592,/Users/free_1/Library/Mobile Documents/iCloud~md~obsidian/Documents/cpp-checker/branch_3/artifacts/lca_tree_stress_v5/strong_gate/runs/correctness_fuzz/multi_comb_cap/n1024/seed1_L0_Q1
correctness_fuzz,multi_comb_cap,1024,1,1,0,1,0,0,1,0.373131,43248,/Users/free_1/Library/Mobile Documents/iCloud~md~obsidian/Documents/cpp-checker/branch_3/artifacts/lca_tree_stress_v5/strong_gate/runs/correctness_fuzz/multi_comb_cap/n1024/seed1_L1_Q0
correctness_fuzz,multi_comb_cap,1024,1,1,1,1,0,0,1,0.360061,42224,/Users/free_1/Library/Mobile Documents/iCloud~md~obsidian/Documents/cpp-checker/branch_3/artifacts/lca_tree_stress_v5/strong_gate/runs/correctness_fuzz/multi_comb_cap/n1024/seed1_L1_Q1
correctness_fuzz,multi_comb_cap,1024,2,0,0,1,0,0,1,0.377170,40720,/Users/free_1/Library/Mobile Documents/iCloud~md~obsidian/Documents/cpp-checker/branch_3/artifacts/lca_tree_stress_v5/strong_gate/runs/correctness_fuzz/multi_comb_cap/n1024/seed2_L0_Q0
correctness_fuzz,multi_comb_cap,1024,2,0,1,1,0,0,1,0.379947,42144,/Users/free_1/Library/Mobile Documents/iCloud~md~obsidian/Documents/cpp-checker/branch_3/artifacts/lca_tree_stress_v5/strong_gate/runs/correctness_fuzz/multi_comb_cap/n1024/seed2_L0_Q1
correctness_fuzz,multi_comb_cap,1024,2,1,0,1,0,0,1,0.358459,40512,/Users/free_1/Library/Mobile Documents/iCloud~md~obsidian/Documents/cpp-checker/branch_3/artifacts/lca_tree_stress_v5/strong_gate/runs/correctness_fuzz/multi_comb_cap/n1024/seed2_L1_Q0
correctness_fuzz,multi_comb_cap,1024,2,1,1,1,0,0,1,0.361481,42544,/Users/free_1/Library/Mobile Documents/iCloud~md~obsidian/Documents/cpp-checker/branch_3/artifacts/lca_tree_stress_v5/strong_gate/runs/correctness_fuzz/multi_comb_cap/n1024/seed2_L1_Q1
correctness_fuzz,multi_comb_cap,1024,3,0,0,1,0,0,1,0.359322,42608,/Users/free_1/Library/Mobile Documents/iCloud~md~obsidian/Documents/cpp-checker/branch_3/artifacts/lca_tree_stress_v5/strong_gate/runs/correctness_fuzz/multi_comb_cap/n1024/seed3_L0_Q0
correctness_fuzz,multi_comb_cap,1024,3,0,1,1,0,0,1,0.366970,42800,/Users/free_1/Library/Mobile Documents/iCloud~md~obsidian/Documents/cpp-checker/branch_3/artifacts/lca_tree_stress_v5/strong_gate/runs/correctness_fuzz/multi_comb_cap/n1024/seed3_L0_Q1
correctness_fuzz,multi_comb_cap,1024,3,1,0,1,0,0,1,0.371036,42192,/Users/free_1/Library/Mobile Documents/iCloud~md~obsidian/Documents/cpp-checker/branch_3/artifacts/lca_tree_stress_v5/strong_gate/runs/correctness_fuzz/multi_comb_cap/n1024/seed3_L1_Q0
correctness_fuzz,multi_comb_cap,1024,3,1,1,1,0,0,1,0.358566,40624,/Users/free_1/Library/Mobile Documents/iCloud~md~obsidian/Documents/cpp-checker/branch_3/artifacts/lca_tree_stress_v5/strong_gate/runs/correctness_fuzz/multi_comb_cap/n1024/seed3_L1_Q1
correctness_fuzz,multi_comb_cap,1024,4,0,0,1,0,0,1,0.356965,42752,/Users/free_1/Library/Mobile Documents/iCloud~md~obsidian/Documents/cpp-checker/branch_3/artifacts/lca_tree_stress_v5/strong_gate/runs/correctness_fuzz/multi_comb_cap/n1024/seed4_L0_Q0
correctness_fuzz,multi_comb_cap,1024,4,0,1,1,0,0,1,0.353841,40256,/Users/free_1/Library/Mobile Documents/iCloud~md~obsidian/Documents/cpp-checker/branch_3/artifacts/lca_tree_stress_v5/strong_gate/runs/correctness_fuzz/multi_comb_cap/n1024/seed4_L0_Q1
correctness_fuzz,multi_comb_cap,1024,4,1,0,1,0,0,1,0.360800,42640,/Users/free_1/Library/Mobile Documents/iCloud~md~obsidian/Documents/cpp-checker/branch_3/artifacts/lca_tree_stress_v5/strong_gate/runs/correctness_fuzz/multi_comb_cap/n1024/seed4_L1_Q0
correctness_fuzz,multi_comb_cap,1024,4,1,1,1,0,0,1,0.354975,42656,/Users/free_1/Library/Mobile Documents/iCloud~md~obsidian/Documents/cpp-checker/branch_3/artifacts/lca_tree_stress_v5/strong_gate/runs/correctness_fuzz/multi_comb_cap/n1024/seed4_L1_Q1
correctness_fuzz,multi_comb_cap,1024,5,0,0,1,0,0,1,0.368460,40512,/Users/free_1/Library/Mobile Documents/iCloud~md~obsidian/Documents/cpp-checker/branch_3/artifacts/lca_tree_stress_v5/strong_gate/runs/correctness_fuzz/multi_comb_cap/n1024/seed5_L0_Q0
correctness_fuzz,multi_comb_cap,1024,5,0,1,1,0,0,1,0.375581,40528,/Users/free_1/Library/Mobile Documents/iCloud~md~obsidian/Documents/cpp-checker/branch_3/artifacts/lca_tree_stress_v5/strong_gate/runs/correctness_fuzz/multi_comb_cap/n1024/seed5_L0_Q1
correctness_fuzz,multi_comb_cap,1024,5,1,0,1,0,0,1,0.357399,40496,/Users/free_1/Library/Mobile Documents/iCloud~md~obsidian/Documents/cpp-checker/branch_3/artifacts/lca_tree_stress_v5/strong_gate/runs/correctness_fuzz/multi_comb_cap/n1024/seed5_L1_Q0
correctness_fuzz,multi_comb_cap,1024,5,1,1,1,0,0,1,0.359485,42736,/Users/free_1/Library/Mobile Documents/iCloud~md~obsidian/Documents/cpp-checker/branch_3/artifacts/lca_tree_stress_v5/strong_gate/runs/correctness_fuzz/multi_comb_cap/n1024/seed5_L1_Q1
correctness_fuzz,chain_unary,64,1,0,0,1,0,0,1,0.023331,2832,/Users/free_1/Library/Mobile Documents/iCloud~md~obsidian/Documents/cpp-checker/branch_3/artifacts/lca_tree_stress_v5/strong_gate/runs/correctness_fuzz/chain_unary/n64/seed1_L0_Q0
correctness_fuzz,chain_unary,64,1,0,1,1,0,0,1,0.014896,2896,/Users/free_1/Library/Mobile Documents/iCloud~md~obsidian/Documents/cpp-checker/branch_3/artifacts/lca_tree_stress_v5/strong_gate/runs/correctness_fuzz/chain_unary/n64/seed1_L0_Q1
correctness_fuzz,chain_unary,64,1,1,0,1,0,0,1,0.012926,2864,/Users/free_1/Library/Mobile Documents/iCloud~md~obsidian/Documents/cpp-checker/branch_3/artifacts/lca_tree_stress_v5/strong_gate/runs/correctness_fuzz/chain_unary/n64/seed1_L1_Q0
correctness_fuzz,chain_unary,64,1,1,1,1,0,0,1,0.015044,2848,/Users/free_1/Library/Mobile Documents/iCloud~md~obsidian/Documents/cpp-checker/branch_3/artifacts/lca_tree_stress_v5/strong_gate/runs/correctness_fuzz/chain_unary/n64/seed1_L1_Q1
correctness_fuzz,chain_unary,64,2,0,0,1,0,0,1,0.012804,2848,/Users/free_1/Library/Mobile Documents/iCloud~md~obsidian/Documents/cpp-checker/branch_3/artifacts/lca_tree_stress_v5/strong_gate/runs/correctness_fuzz/chain_unary/n64/seed2_L0_Q0
correctness_fuzz,chain_unary,64,2,0,1,1,0,0,1,0.014864,2848,/Users/free_1/Library/Mobile Documents/iCloud~md~obsidian/Documents/cpp-checker/branch_3/artifacts/lca_tree_stress_v5/strong_gate/runs/correctness_fuzz/chain_unary/n64/seed2_L0_Q1
correctness_fuzz,chain_unary,64,2,1,0,1,0,0,1,0.010984,2896,/Users/free_1/Library/Mobile Documents/iCloud~md~obsidian/Documents/cpp-checker/branch_3/artifacts/lca_tree_stress_v5/strong_gate/runs/correctness_fuzz/chain_unary/n64/seed2_L1_Q0
correctness_fuzz,chain_unary,64,2,1,1,1,0,0,1,0.015001,2928,/Users/free_1/Library/Mobile Documents/iCloud~md~obsidian/Documents/cpp-checker/branch_3/artifacts/lca_tree_stress_v5/strong_gate/runs/correctness_fuzz/chain_unary/n64/seed2_L1_Q1
correctness_fuzz,chain_unary,64,3,0,0,1,0,0,1,0.010498,2848,/Users/free_1/Library/Mobile Documents/iCloud~md~obsidian/Documents/cpp-checker/branch_3/artifacts/lca_tree_stress_v5/strong_gate/runs/correctness_fuzz/chain_unary/n64/seed3_L0_Q0
correctness_fuzz,chain_unary,64,3,0,1,1,0,0,1,0.012111,2896,/Users/free_1/Library/Mobile Documents/iCloud~md~obsidian/Documents/cpp-checker/branch_3/artifacts/lca_tree_stress_v5/strong_gate/runs/correctness_fuzz/chain_unary/n64/seed3_L0_Q1
correctness_fuzz,chain_unary,64,3,1,0,1,0,0,1,0.011314,2864,/Users/free_1/Library/Mobile Documents/iCloud~md~obsidian/Documents/cpp-checker/branch_3/artifacts/lca_tree_stress_v5/strong_gate/runs/correctness_fuzz/chain_unary/n64/seed3_L1_Q0
correctness_fuzz,chain_unary,64,3,1,1,1,0,0,1,0.010914,2816,/Users/free_1/Library/Mobile Documents/iCloud~md~obsidian/Documents/cpp-checker/branch_3/artifacts/lca_tree_stress_v5/strong_gate/runs/correctness_fuzz/chain_unary/n64/seed3_L1_Q1
correctness_fuzz,chain_unary,64,4,0,0,1,0,0,1,0.012929,2864,/Users/free_1/Library/Mobile Documents/iCloud~md~obsidian/Documents/cpp-checker/branch_3/artifacts/lca_tree_stress_v5/strong_gate/runs/correctness_fuzz/chain_unary/n64/seed4_L0_Q0
correctness_fuzz,chain_unary,64,4,0,1,1,0,0,1,0.013527,2832,/Users/free_1/Library/Mobile Documents/iCloud~md~obsidian/Documents/cpp-checker/branch_3/artifacts/lca_tree_stress_v5/strong_gate/runs/correctness_fuzz/chain_unary/n64/seed4_L0_Q1
correctness_fuzz,chain_unary,64,4,1,0,1,0,0,1,0.013578,2912,/Users/free_1/Library/Mobile Documents/iCloud~md~obsidian/Documents/cpp-checker/branch_3/artifacts/lca_tree_stress_v5/strong_gate/runs/correctness_fuzz/chain_unary/n64/seed4_L1_Q0
correctness_fuzz,chain_unary,64,4,1,1,1,0,0,1,0.011508,2912,/Users/free_1/Library/Mobile Documents/iCloud~md~obsidian/Documents/cpp-checker/branch_3/artifacts/lca_tree_stress_v5/strong_gate/runs/correctness_fuzz/chain_unary/n64/seed4_L1_Q1
correctness_fuzz,chain_unary,64,5,0,0,1,0,0,1,0.010455,2864,/Users/free_1/Library/Mobile Documents/iCloud~md~obsidian/Documents/cpp-checker/branch_3/artifacts/lca_tree_stress_v5/strong_gate/runs/correctness_fuzz/chain_unary/n64/seed5_L0_Q0
correctness_fuzz,chain_unary,64,5,0,1,1,0,0,1,0.012269,2896,/Users/free_1/Library/Mobile Documents/iCloud~md~obsidian/Documents/cpp-checker/branch_3/artifacts/lca_tree_stress_v5/strong_gate/runs/correctness_fuzz/chain_unary/n64/seed5_L0_Q1
correctness_fuzz,chain_unary,64,5,1,0,1,0,0,1,0.010982,2896,/Users/free_1/Library/Mobile Documents/iCloud~md~obsidian/Documents/cpp-checker/branch_3/artifacts/lca_tree_stress_v5/strong_gate/runs/correctness_fuzz/chain_unary/n64/seed5_L1_Q0
correctness_fuzz,chain_unary,64,5,1,1,1,0,0,1,0.011686,2896,/Users/free_1/Library/Mobile Documents/iCloud~md~obsidian/Documents/cpp-checker/branch_3/artifacts/lca_tree_stress_v5/strong_gate/runs/correctness_fuzz/chain_unary/n64/seed5_L1_Q1
correctness_fuzz,chain_unary,128,1,0,0,1,0,0,1,0.036234,5024,/Users/free_1/Library/Mobile Documents/iCloud~md~obsidian/Documents/cpp-checker/branch_3/artifacts/lca_tree_stress_v5/strong_gate/runs/correctness_fuzz/chain_unary/n128/seed1_L0_Q0
correctness_fuzz,chain_unary,128,1,0,1,1,0,0,1,0.036415,5088,/Users/free_1/Library/Mobile Documents/iCloud~md~obsidian/Documents/cpp-checker/branch_3/artifacts/lca_tree_stress_v5/strong_gate/runs/correctness_fuzz/chain_unary/n128/seed1_L0_Q1
correctness_fuzz,chain_unary,128,1,1,0,1,0,0,1,0.041228,5120,/Users/free_1/Library/Mobile Documents/iCloud~md~obsidian/Documents/cpp-checker/branch_3/artifacts/lca_tree_stress_v5/strong_gate/runs/correctness_fuzz/chain_unary/n128/seed1_L1_Q0
correctness_fuzz,chain_unary,128,1,1,1,1,0,0,1,0.035201,5040,/Users/free_1/Library/Mobile Documents/iCloud~md~obsidian/Documents/cpp-checker/branch_3/artifacts/lca_tree_stress_v5/strong_gate/runs/correctness_fuzz/chain_unary/n128/seed1_L1_Q1
correctness_fuzz,chain_unary,128,2,0,0,1,0,0,1,0.030069,5120,/Users/free_1/Library/Mobile Documents/iCloud~md~obsidian/Documents/cpp-checker/branch_3/artifacts/lca_tree_stress_v5/strong_gate/runs/correctness_fuzz/chain_unary/n128/seed2_L0_Q0
correctness_fuzz,chain_unary,128,2,0,1,1,0,0,1,0.039094,5104,/Users/free_1/Library/Mobile Documents/iCloud~md~obsidian/Documents/cpp-checker/branch_3/artifacts/lca_tree_stress_v5/strong_gate/runs/correctness_fuzz/chain_unary/n128/seed2_L0_Q1
correctness_fuzz,chain_unary,128,2,1,0,1,0,0,1,0.033205,5104,/Users/free_1/Library/Mobile Documents/iCloud~md~obsidian/Documents/cpp-checker/branch_3/artifacts/lca_tree_stress_v5/strong_gate/runs/correctness_fuzz/chain_unary/n128/seed2_L1_Q0
correctness_fuzz,chain_unary,128,2,1,1,1,0,0,1,0.042565,5088,/Users/free_1/Library/Mobile Documents/iCloud~md~obsidian/Documents/cpp-checker/branch_3/artifacts/lca_tree_stress_v5/strong_gate/runs/correctness_fuzz/chain_unary/n128/seed2_L1_Q1
correctness_fuzz,chain_unary,128,3,0,0,1,0,0,1,0.037116,5024,/Users/free_1/Library/Mobile Documents/iCloud~md~obsidian/Documents/cpp-checker/branch_3/artifacts/lca_tree_stress_v5/strong_gate/runs/correctness_fuzz/chain_unary/n128/seed3_L0_Q0
correctness_fuzz,chain_unary,128,3,0,1,1,0,0,1,0.038219,5152,/Users/free_1/Library/Mobile Documents/iCloud~md~obsidian/Documents/cpp-checker/branch_3/artifacts/lca_tree_stress_v5/strong_gate/runs/correctness_fuzz/chain_unary/n128/seed3_L0_Q1
correctness_fuzz,chain_unary,128,3,1,0,1,0,0,1,0.034661,5072,/Users/free_1/Library/Mobile Documents/iCloud~md~obsidian/Documents/cpp-checker/branch_3/artifacts/lca_tree_stress_v5/strong_gate/runs/correctness_fuzz/chain_unary/n128/seed3_L1_Q0
correctness_fuzz,chain_unary,128,3,1,1,1,0,0,1,0.035735,5088,/Users/free_1/Library/Mobile Documents/iCloud~md~obsidian/Documents/cpp-checker/branch_3/artifacts/lca_tree_stress_v5/strong_gate/runs/correctness_fuzz/chain_unary/n128/seed3_L1_Q1
correctness_fuzz,chain_unary,128,4,0,0,1,0,0,1,0.036239,5088,/Users/free_1/Library/Mobile Documents/iCloud~md~obsidian/Documents/cpp-checker/branch_3/artifacts/lca_tree_stress_v5/strong_gate/runs/correctness_fuzz/chain_unary/n128/seed4_L0_Q0
correctness_fuzz,chain_unary,128,4,0,1,1,0,0,1,0.031902,5088,/Users/free_1/Library/Mobile Documents/iCloud~md~obsidian/Documents/cpp-checker/branch_3/artifacts/lca_tree_stress_v5/strong_gate/runs/correctness_fuzz/chain_unary/n128/seed4_L0_Q1
correctness_fuzz,chain_unary,128,4,1,0,1,0,0,1,0.031187,5088,/Users/free_1/Library/Mobile Documents/iCloud~md~obsidian/Documents/cpp-checker/branch_3/artifacts/lca_tree_stress_v5/strong_gate/runs/correctness_fuzz/chain_unary/n128/seed4_L1_Q0
correctness_fuzz,chain_unary,128,4,1,1,1,0,0,1,0.031386,5088,/Users/free_1/Library/Mobile Documents/iCloud~md~obsidian/Documents/cpp-checker/branch_3/artifacts/lca_tree_stress_v5/strong_gate/runs/correctness_fuzz/chain_unary/n128/seed4_L1_Q1
correctness_fuzz,chain_unary,128,5,0,0,1,0,0,1,0.035043,5088,/Users/free_1/Library/Mobile Documents/iCloud~md~obsidian/Documents/cpp-checker/branch_3/artifacts/lca_tree_stress_v5/strong_gate/runs/correctness_fuzz/chain_unary/n128/seed5_L0_Q0
correctness_fuzz,chain_unary,128,5,0,1,1,0,0,1,0.035331,5024,/Users/free_1/Library/Mobile Documents/iCloud~md~obsidian/Documents/cpp-checker/branch_3/artifacts/lca_tree_stress_v5/strong_gate/runs/correctness_fuzz/chain_unary/n128/seed5_L0_Q1
correctness_fuzz,chain_unary,128,5,1,0,1,0,0,1,0.032239,5104,/Users/free_1/Library/Mobile Documents/iCloud~md~obsidian/Documents/cpp-checker/branch_3/artifacts/lca_tree_stress_v5/strong_gate/runs/correctness_fuzz/chain_unary/n128/seed5_L1_Q0
correctness_fuzz,chain_unary,128,5,1,1,1,0,0,1,0.033874,5040,/Users/free_1/Library/Mobile Documents/iCloud~md~obsidian/Documents/cpp-checker/branch_3/artifacts/lca_tree_stress_v5/strong_gate/runs/correctness_fuzz/chain_unary/n128/seed5_L1_Q1
correctness_fuzz,chain_unary,256,1,0,0,1,0,0,1,0.122384,12880,/Users/free_1/Library/Mobile Documents/iCloud~md~obsidian/Documents/cpp-checker/branch_3/artifacts/lca_tree_stress_v5/strong_gate/runs/correctness_fuzz/chain_unary/n256/seed1_L0_Q0
correctness_fuzz,chain_unary,256,1,0,1,1,0,0,1,0.129286,12864,/Users/free_1/Library/Mobile Documents/iCloud~md~obsidian/Documents/cpp-checker/branch_3/artifacts/lca_tree_stress_v5/strong_gate/runs/correctness_fuzz/chain_unary/n256/seed1_L0_Q1
correctness_fuzz,chain_unary,256,1,1,0,1,0,0,1,0.134644,12880,/Users/free_1/Library/Mobile Documents/iCloud~md~obsidian/Documents/cpp-checker/branch_3/artifacts/lca_tree_stress_v5/strong_gate/runs/correctness_fuzz/chain_unary/n256/seed1_L1_Q0
correctness_fuzz,chain_unary,256,1,1,1,1,0,0,1,0.132443,12848,/Users/free_1/Library/Mobile Documents/iCloud~md~obsidian/Documents/cpp-checker/branch_3/artifacts/lca_tree_stress_v5/strong_gate/runs/correctness_fuzz/chain_unary/n256/seed1_L1_Q1
correctness_fuzz,chain_unary,256,2,0,0,1,0,0,1,0.126576,12832,/Users/free_1/Library/Mobile Documents/iCloud~md~obsidian/Documents/cpp-checker/branch_3/artifacts/lca_tree_stress_v5/strong_gate/runs/correctness_fuzz/chain_unary/n256/seed2_L0_Q0
correctness_fuzz,chain_unary,256,2,0,1,1,0,0,1,0.134197,12864,/Users/free_1/Library/Mobile Documents/iCloud~md~obsidian/Documents/cpp-checker/branch_3/artifacts/lca_tree_stress_v5/strong_gate/runs/correctness_fuzz/chain_unary/n256/seed2_L0_Q1
correctness_fuzz,chain_unary,256,2,1,0,1,0,0,1,0.127200,12848,/Users/free_1/Library/Mobile Documents/iCloud~md~obsidian/Documents/cpp-checker/branch_3/artifacts/lca_tree_stress_v5/strong_gate/runs/correctness_fuzz/chain_unary/n256/seed2_L1_Q0
correctness_fuzz,chain_unary,256,2,1,1,1,0,0,1,0.125395,12832,/Users/free_1/Library/Mobile Documents/iCloud~md~obsidian/Documents/cpp-checker/branch_3/artifacts/lca_tree_stress_v5/strong_gate/runs/correctness_fuzz/chain_unary/n256/seed2_L1_Q1
correctness_fuzz,chain_unary,256,3,0,0,1,0,0,1,0.126976,12848,/Users/free_1/Library/Mobile Documents/iCloud~md~obsidian/Documents/cpp-checker/branch_3/artifacts/lca_tree_stress_v5/strong_gate/runs/correctness_fuzz/chain_unary/n256/seed3_L0_Q0
correctness_fuzz,chain_unary,256,3,0,1,1,0,0,1,0.128821,12848,/Users/free_1/Library/Mobile Documents/iCloud~md~obsidian/Documents/cpp-checker/branch_3/artifacts/lca_tree_stress_v5/strong_gate/runs/correctness_fuzz/chain_unary/n256/seed3_L0_Q1
correctness_fuzz,chain_unary,256,3,1,0,1,0,0,1,0.130338,12848,/Users/free_1/Library/Mobile Documents/iCloud~md~obsidian/Documents/cpp-checker/branch_3/artifacts/lca_tree_stress_v5/strong_gate/runs/correctness_fuzz/chain_unary/n256/seed3_L1_Q0
correctness_fuzz,chain_unary,256,3,1,1,1,0,0,1,0.136222,12864,/Users/free_1/Library/Mobile Documents/iCloud~md~obsidian/Documents/cpp-checker/branch_3/artifacts/lca_tree_stress_v5/strong_gate/runs/correctness_fuzz/chain_unary/n256/seed3_L1_Q1
correctness_fuzz,chain_unary,256,4,0,0,1,0,0,1,0.131698,12800,/Users/free_1/Library/Mobile Documents/iCloud~md~obsidian/Documents/cpp-checker/branch_3/artifacts/lca_tree_stress_v5/strong_gate/runs/correctness_fuzz/chain_unary/n256/seed4_L0_Q0
correctness_fuzz,chain_unary,256,4,0,1,1,0,0,1,0.133030,12848,/Users/free_1/Library/Mobile Documents/iCloud~md~obsidian/Documents/cpp-checker/branch_3/artifacts/lca_tree_stress_v5/strong_gate/runs/correctness_fuzz/chain_unary/n256/seed4_L0_Q1
correctness_fuzz,chain_unary,256,4,1,0,1,0,0,1,0.130932,12880,/Users/free_1/Library/Mobile Documents/iCloud~md~obsidian/Documents/cpp-checker/branch_3/artifacts/lca_tree_stress_v5/strong_gate/runs/correctness_fuzz/chain_unary/n256/seed4_L1_Q0
correctness_fuzz,chain_unary,256,4,1,1,1,0,0,1,0.127108,12864,/Users/free_1/Library/Mobile Documents/iCloud~md~obsidian/Documents/cpp-checker/branch_3/artifacts/lca_tree_stress_v5/strong_gate/runs/correctness_fuzz/chain_unary/n256/seed4_L1_Q1
correctness_fuzz,chain_unary,256,5,0,0,1,0,0,1,0.131852,12848,/Users/free_1/Library/Mobile Documents/iCloud~md~obsidian/Documents/cpp-checker/branch_3/artifacts/lca_tree_stress_v5/strong_gate/runs/correctness_fuzz/chain_unary/n256/seed5_L0_Q0
correctness_fuzz,chain_unary,256,5,0,1,1,0,0,1,0.129172,12864,/Users/free_1/Library/Mobile Documents/iCloud~md~obsidian/Documents/cpp-checker/branch_3/artifacts/lca_tree_stress_v5/strong_gate/runs/correctness_fuzz/chain_unary/n256/seed5_L0_Q1
correctness_fuzz,chain_unary,256,5,1,0,1,0,0,1,0.131242,12784,/Users/free_1/Library/Mobile Documents/iCloud~md~obsidian/Documents/cpp-checker/branch_3/artifacts/lca_tree_stress_v5/strong_gate/runs/correctness_fuzz/chain_unary/n256/seed5_L1_Q0
correctness_fuzz,chain_unary,256,5,1,1,1,0,0,1,0.137516,12864,/Users/free_1/Library/Mobile Documents/iCloud~md~obsidian/Documents/cpp-checker/branch_3/artifacts/lca_tree_stress_v5/strong_gate/runs/correctness_fuzz/chain_unary/n256/seed5_L1_Q1
correctness_fuzz,chain_unary,512,1,0,0,1,0,0,1,0.472648,35824,/Users/free_1/Library/Mobile Documents/iCloud~md~obsidian/Documents/cpp-checker/branch_3/artifacts/lca_tree_stress_v5/strong_gate/runs/correctness_fuzz/chain_unary/n512/seed1_L0_Q0
correctness_fuzz,chain_unary,512,1,0,1,1,0,0,1,0.474021,35792,/Users/free_1/Library/Mobile Documents/iCloud~md~obsidian/Documents/cpp-checker/branch_3/artifacts/lca_tree_stress_v5/strong_gate/runs/correctness_fuzz/chain_unary/n512/seed1_L0_Q1
correctness_fuzz,chain_unary,512,1,1,0,1,0,0,1,0.476254,35792,/Users/free_1/Library/Mobile Documents/iCloud~md~obsidian/Documents/cpp-checker/branch_3/artifacts/lca_tree_stress_v5/strong_gate/runs/correctness_fuzz/chain_unary/n512/seed1_L1_Q0
correctness_fuzz,chain_unary,512,1,1,1,1,0,0,1,0.479013,35776,/Users/free_1/Library/Mobile Documents/iCloud~md~obsidian/Documents/cpp-checker/branch_3/artifacts/lca_tree_stress_v5/strong_gate/runs/correctness_fuzz/chain_unary/n512/seed1_L1_Q1
correctness_fuzz,chain_unary,512,2,0,0,1,0,0,1,0.503643,35824,/Users/free_1/Library/Mobile Documents/iCloud~md~obsidian/Documents/cpp-checker/branch_3/artifacts/lca_tree_stress_v5/strong_gate/runs/correctness_fuzz/chain_unary/n512/seed2_L0_Q0
correctness_fuzz,chain_unary,512,2,0,1,1,0,0,1,0.498855,35808,/Users/free_1/Library/Mobile Documents/iCloud~md~obsidian/Documents/cpp-checker/branch_3/artifacts/lca_tree_stress_v5/strong_gate/runs/correctness_fuzz/chain_unary/n512/seed2_L0_Q1
correctness_fuzz,chain_unary,512,2,1,0,1,0,0,1,0.496130,35840,/Users/free_1/Library/Mobile Documents/iCloud~md~obsidian/Documents/cpp-checker/branch_3/artifacts/lca_tree_stress_v5/strong_gate/runs/correctness_fuzz/chain_unary/n512/seed2_L1_Q0
correctness_fuzz,chain_unary,512,2,1,1,1,0,0,1,0.513120,35840,/Users/free_1/Library/Mobile Documents/iCloud~md~obsidian/Documents/cpp-checker/branch_3/artifacts/lca_tree_stress_v5/strong_gate/runs/correctness_fuzz/chain_unary/n512/seed2_L1_Q1
correctness_fuzz,chain_unary,512,3,0,0,1,0,0,1,0.480754,35776,/Users/free_1/Library/Mobile Documents/iCloud~md~obsidian/Documents/cpp-checker/branch_3/artifacts/lca_tree_stress_v5/strong_gate/runs/correctness_fuzz/chain_unary/n512/seed3_L0_Q0
correctness_fuzz,chain_unary,512,3,0,1,1,0,0,1,0.494719,35792,/Users/free_1/Library/Mobile Documents/iCloud~md~obsidian/Documents/cpp-checker/branch_3/artifacts/lca_tree_stress_v5/strong_gate/runs/correctness_fuzz/chain_unary/n512/seed3_L0_Q1
correctness_fuzz,chain_unary,512,3,1,0,1,0,0,1,0.483400,35808,/Users/free_1/Library/Mobile Documents/iCloud~md~obsidian/Documents/cpp-checker/branch_3/artifacts/lca_tree_stress_v5/strong_gate/runs/correctness_fuzz/chain_unary/n512/seed3_L1_Q0
correctness_fuzz,chain_unary,512,3,1,1,1,0,0,1,0.497634,35792,/Users/free_1/Library/Mobile Documents/iCloud~md~obsidian/Documents/cpp-checker/branch_3/artifacts/lca_tree_stress_v5/strong_gate/runs/correctness_fuzz/chain_unary/n512/seed3_L1_Q1
correctness_fuzz,chain_unary,512,4,0,0,1,0,0,1,0.496247,35776,/Users/free_1/Library/Mobile Documents/iCloud~md~obsidian/Documents/cpp-checker/branch_3/artifacts/lca_tree_stress_v5/strong_gate/runs/correctness_fuzz/chain_unary/n512/seed4_L0_Q0
correctness_fuzz,chain_unary,512,4,0,1,1,0,0,1,0.497746,35808,/Users/free_1/Library/Mobile Documents/iCloud~md~obsidian/Documents/cpp-checker/branch_3/artifacts/lca_tree_stress_v5/strong_gate/runs/correctness_fuzz/chain_unary/n512/seed4_L0_Q1
correctness_fuzz,chain_unary,512,4,1,0,1,0,0,1,0.487795,35808,/Users/free_1/Library/Mobile Documents/iCloud~md~obsidian/Documents/cpp-checker/branch_3/artifacts/lca_tree_stress_v5/strong_gate/runs/correctness_fuzz/chain_unary/n512/seed4_L1_Q0
correctness_fuzz,chain_unary,512,4,1,1,1,0,0,1,0.501540,35808,/Users/free_1/Library/Mobile Documents/iCloud~md~obsidian/Documents/cpp-checker/branch_3/artifacts/lca_tree_stress_v5/strong_gate/runs/correctness_fuzz/chain_unary/n512/seed4_L1_Q1
correctness_fuzz,chain_unary,512,5,0,0,1,0,0,1,0.479558,35760,/Users/free_1/Library/Mobile Documents/iCloud~md~obsidian/Documents/cpp-checker/branch_3/artifacts/lca_tree_stress_v5/strong_gate/runs/correctness_fuzz/chain_unary/n512/seed5_L0_Q0
correctness_fuzz,chain_unary,512,5,0,1,1,0,0,1,0.494873,35760,/Users/free_1/Library/Mobile Documents/iCloud~md~obsidian/Documents/cpp-checker/branch_3/artifacts/lca_tree_stress_v5/strong_gate/runs/correctness_fuzz/chain_unary/n512/seed5_L0_Q1
correctness_fuzz,chain_unary,512,5,1,0,1,0,0,1,0.484304,35808,/Users/free_1/Library/Mobile Documents/iCloud~md~obsidian/Documents/cpp-checker/branch_3/artifacts/lca_tree_stress_v5/strong_gate/runs/correctness_fuzz/chain_unary/n512/seed5_L1_Q0
correctness_fuzz,chain_unary,512,5,1,1,1,0,0,1,0.487649,35776,/Users/free_1/Library/Mobile Documents/iCloud~md~obsidian/Documents/cpp-checker/branch_3/artifacts/lca_tree_stress_v5/strong_gate/runs/correctness_fuzz/chain_unary/n512/seed5_L1_Q1
correctness_fuzz,chain_unary,1024,1,0,0,1,0,0,1,0.668704,35952,/Users/free_1/Library/Mobile Documents/iCloud~md~obsidian/Documents/cpp-checker/branch_3/artifacts/lca_tree_stress_v5/strong_gate/runs/correctness_fuzz/chain_unary/n1024/seed1_L0_Q0
correctness_fuzz,chain_unary,1024,1,0,1,1,0,0,1,0.695523,35968,/Users/free_1/Library/Mobile Documents/iCloud~md~obsidian/Documents/cpp-checker/branch_3/artifacts/lca_tree_stress_v5/strong_gate/runs/correctness_fuzz/chain_unary/n1024/seed1_L0_Q1
correctness_fuzz,chain_unary,1024,1,1,0,1,0,0,1,0.705836,36064,/Users/free_1/Library/Mobile Documents/iCloud~md~obsidian/Documents/cpp-checker/branch_3/artifacts/lca_tree_stress_v5/strong_gate/runs/correctness_fuzz/chain_unary/n1024/seed1_L1_Q0
correctness_fuzz,chain_unary,1024,1,1,1,1,0,0,1,0.723835,36064,/Users/free_1/Library/Mobile Documents/iCloud~md~obsidian/Documents/cpp-checker/branch_3/artifacts/lca_tree_stress_v5/strong_gate/runs/correctness_fuzz/chain_unary/n1024/seed1_L1_Q1
correctness_fuzz,chain_unary,1024,2,0,0,1,0,0,1,0.681327,36048,/Users/free_1/Library/Mobile Documents/iCloud~md~obsidian/Documents/cpp-checker/branch_3/artifacts/lca_tree_stress_v5/strong_gate/runs/correctness_fuzz/chain_unary/n1024/seed2_L0_Q0
correctness_fuzz,chain_unary,1024,2,0,1,1,0,0,1,0.679649,35968,/Users/free_1/Library/Mobile Documents/iCloud~md~obsidian/Documents/cpp-checker/branch_3/artifacts/lca_tree_stress_v5/strong_gate/runs/correctness_fuzz/chain_unary/n1024/seed2_L0_Q1
correctness_fuzz,chain_unary,1024,2,1,0,1,0,0,1,0.701448,35920,/Users/free_1/Library/Mobile Documents/iCloud~md~obsidian/Documents/cpp-checker/branch_3/artifacts/lca_tree_stress_v5/strong_gate/runs/correctness_fuzz/chain_unary/n1024/seed2_L1_Q0
correctness_fuzz,chain_unary,1024,2,1,1,1,0,0,1,0.726070,35952,/Users/free_1/Library/Mobile Documents/iCloud~md~obsidian/Documents/cpp-checker/branch_3/artifacts/lca_tree_stress_v5/strong_gate/runs/correctness_fuzz/chain_unary/n1024/seed2_L1_Q1
correctness_fuzz,chain_unary,1024,3,0,0,1,0,0,1,0.668551,35952,/Users/free_1/Library/Mobile Documents/iCloud~md~obsidian/Documents/cpp-checker/branch_3/artifacts/lca_tree_stress_v5/strong_gate/runs/correctness_fuzz/chain_unary/n1024/seed3_L0_Q0
correctness_fuzz,chain_unary,1024,3,0,1,1,0,0,1,0.680785,35968,/Users/free_1/Library/Mobile Documents/iCloud~md~obsidian/Documents/cpp-checker/branch_3/artifacts/lca_tree_stress_v5/strong_gate/runs/correctness_fuzz/chain_unary/n1024/seed3_L0_Q1
correctness_fuzz,chain_unary,1024,3,1,0,1,0,0,1,0.689020,35952,/Users/free_1/Library/Mobile Documents/iCloud~md~obsidian/Documents/cpp-checker/branch_3/artifacts/lca_tree_stress_v5/strong_gate/runs/correctness_fuzz/chain_unary/n1024/seed3_L1_Q0
correctness_fuzz,chain_unary,1024,3,1,1,1,0,0,1,0.720059,36048,/Users/free_1/Library/Mobile Documents/iCloud~md~obsidian/Documents/cpp-checker/branch_3/artifacts/lca_tree_stress_v5/strong_gate/runs/correctness_fuzz/chain_unary/n1024/seed3_L1_Q1
correctness_fuzz,chain_unary,1024,4,0,0,1,0,0,1,0.686683,35952,/Users/free_1/Library/Mobile Documents/iCloud~md~obsidian/Documents/cpp-checker/branch_3/artifacts/lca_tree_stress_v5/strong_gate/runs/correctness_fuzz/chain_unary/n1024/seed4_L0_Q0
correctness_fuzz,chain_unary,1024,4,0,1,1,0,0,1,0.713353,35984,/Users/free_1/Library/Mobile Documents/iCloud~md~obsidian/Documents/cpp-checker/branch_3/artifacts/lca_tree_stress_v5/strong_gate/runs/correctness_fuzz/chain_unary/n1024/seed4_L0_Q1
correctness_fuzz,chain_unary,1024,4,1,0,1,0,0,1,0.740155,36416,/Users/free_1/Library/Mobile Documents/iCloud~md~obsidian/Documents/cpp-checker/branch_3/artifacts/lca_tree_stress_v5/strong_gate/runs/correctness_fuzz/chain_unary/n1024/seed4_L1_Q0
correctness_fuzz,chain_unary,1024,4,1,1,1,0,0,1,0.776678,35936,/Users/free_1/Library/Mobile Documents/iCloud~md~obsidian/Documents/cpp-checker/branch_3/artifacts/lca_tree_stress_v5/strong_gate/runs/correctness_fuzz/chain_unary/n1024/seed4_L1_Q1
correctness_fuzz,chain_unary,1024,5,0,0,1,0,0,1,0.764324,36032,/Users/free_1/Library/Mobile Documents/iCloud~md~obsidian/Documents/cpp-checker/branch_3/artifacts/lca_tree_stress_v5/strong_gate/runs/correctness_fuzz/chain_unary/n1024/seed5_L0_Q0
correctness_fuzz,chain_unary,1024,5,0,1,1,0,0,1,0.828795,36032,/Users/free_1/Library/Mobile Documents/iCloud~md~obsidian/Documents/cpp-checker/branch_3/artifacts/lca_tree_stress_v5/strong_gate/runs/correctness_fuzz/chain_unary/n1024/seed5_L0_Q1
correctness_fuzz,chain_unary,1024,5,1,0,1,0,0,1,0.806485,36080,/Users/free_1/Library/Mobile Documents/iCloud~md~obsidian/Documents/cpp-checker/branch_3/artifacts/lca_tree_stress_v5/strong_gate/runs/correctness_fuzz/chain_unary/n1024/seed5_L1_Q0
correctness_fuzz,chain_unary,1024,5,1,1,1,0,0,1,0.798954,36000,/Users/free_1/Library/Mobile Documents/iCloud~md~obsidian/Documents/cpp-checker/branch_3/artifacts/lca_tree_stress_v5/strong_gate/runs/correctness_fuzz/chain_unary/n1024/seed5_L1_Q1
correctness_fuzz,star_pairs,64,1,0,0,1,0,0,1,0.015040,2544,/Users/free_1/Library/Mobile Documents/iCloud~md~obsidian/Documents/cpp-checker/branch_3/artifacts/lca_tree_stress_v5/strong_gate/runs/correctness_fuzz/star_pairs/n64/seed1_L0_Q0
correctness_fuzz,star_pairs,64,1,0,1,1,0,0,1,0.015047,2528,/Users/free_1/Library/Mobile Documents/iCloud~md~obsidian/Documents/cpp-checker/branch_3/artifacts/lca_tree_stress_v5/strong_gate/runs/correctness_fuzz/star_pairs/n64/seed1_L0_Q1
correctness_fuzz,star_pairs,64,1,1,0,1,0,0,1,0.015040,2448,/Users/free_1/Library/Mobile Documents/iCloud~md~obsidian/Documents/cpp-checker/branch_3/artifacts/lca_tree_stress_v5/strong_gate/runs/correctness_fuzz/star_pairs/n64/seed1_L1_Q0
correctness_fuzz,star_pairs,64,1,1,1,1,0,0,1,0.013695,2608,/Users/free_1/Library/Mobile Documents/iCloud~md~obsidian/Documents/cpp-checker/branch_3/artifacts/lca_tree_stress_v5/strong_gate/runs/correctness_fuzz/star_pairs/n64/seed1_L1_Q1
correctness_fuzz,star_pairs,64,2,0,0,1,0,0,1,0.015039,2448,/Users/free_1/Library/Mobile Documents/iCloud~md~obsidian/Documents/cpp-checker/branch_3/artifacts/lca_tree_stress_v5/strong_gate/runs/correctness_fuzz/star_pairs/n64/seed2_L0_Q0
correctness_fuzz,star_pairs,64,2,0,1,1,0,0,1,0.013377,2608,/Users/free_1/Library/Mobile Documents/iCloud~md~obsidian/Documents/cpp-checker/branch_3/artifacts/lca_tree_stress_v5/strong_gate/runs/correctness_fuzz/star_pairs/n64/seed2_L0_Q1
correctness_fuzz,star_pairs,64,2,1,0,1,0,0,1,0.015036,2480,/Users/free_1/Library/Mobile Documents/iCloud~md~obsidian/Documents/cpp-checker/branch_3/artifacts/lca_tree_stress_v5/strong_gate/runs/correctness_fuzz/star_pairs/n64/seed2_L1_Q0
correctness_fuzz,star_pairs,64,2,1,1,1,0,0,1,0.015047,2544,/Users/free_1/Library/Mobile Documents/iCloud~md~obsidian/Documents/cpp-checker/branch_3/artifacts/lca_tree_stress_v5/strong_gate/runs/correctness_fuzz/star_pairs/n64/seed2_L1_Q1
correctness_fuzz,star_pairs,64,3,0,0,1,0,0,1,0.015163,2448,/Users/free_1/Library/Mobile Documents/iCloud~md~obsidian/Documents/cpp-checker/branch_3/artifacts/lca_tree_stress_v5/strong_gate/runs/correctness_fuzz/star_pairs/n64/seed3_L0_Q0
correctness_fuzz,star_pairs,64,3,0,1,1,0,0,1,0.015046,2544,/Users/free_1/Library/Mobile Documents/iCloud~md~obsidian/Documents/cpp-checker/branch_3/artifacts/lca_tree_stress_v5/strong_gate/runs/correctness_fuzz/star_pairs/n64/seed3_L0_Q1
correctness_fuzz,star_pairs,64,3,1,0,1,0,0,1,0.015049,2512,/Users/free_1/Library/Mobile Documents/iCloud~md~obsidian/Documents/cpp-checker/branch_3/artifacts/lca_tree_stress_v5/strong_gate/runs/correctness_fuzz/star_pairs/n64/seed3_L1_Q0
correctness_fuzz,star_pairs,64,3,1,1,1,0,0,1,0.015047,2544,/Users/free_1/Library/Mobile Documents/iCloud~md~obsidian/Documents/cpp-checker/branch_3/artifacts/lca_tree_stress_v5/strong_gate/runs/correctness_fuzz/star_pairs/n64/seed3_L1_Q1
correctness_fuzz,star_pairs,64,4,0,0,1,0,0,1,0.015119,2528,/Users/free_1/Library/Mobile Documents/iCloud~md~obsidian/Documents/cpp-checker/branch_3/artifacts/lca_tree_stress_v5/strong_gate/runs/correctness_fuzz/star_pairs/n64/seed4_L0_Q0
correctness_fuzz,star_pairs,64,4,0,1,1,0,0,1,0.011652,2528,/Users/free_1/Library/Mobile Documents/iCloud~md~obsidian/Documents/cpp-checker/branch_3/artifacts/lca_tree_stress_v5/strong_gate/runs/correctness_fuzz/star_pairs/n64/seed4_L0_Q1
correctness_fuzz,star_pairs,64,4,1,0,1,0,0,1,0.015040,2512,/Users/free_1/Library/Mobile Documents/iCloud~md~obsidian/Documents/cpp-checker/branch_3/artifacts/lca_tree_stress_v5/strong_gate/runs/correctness_fuzz/star_pairs/n64/seed4_L1_Q0
correctness_fuzz,star_pairs,64,4,1,1,1,0,0,1,0.011677,2592,/Users/free_1/Library/Mobile Documents/iCloud~md~obsidian/Documents/cpp-checker/branch_3/artifacts/lca_tree_stress_v5/strong_gate/runs/correctness_fuzz/star_pairs/n64/seed4_L1_Q1
correctness_fuzz,star_pairs,64,5,0,0,1,0,0,1,0.015039,2576,/Users/free_1/Library/Mobile Documents/iCloud~md~obsidian/Documents/cpp-checker/branch_3/artifacts/lca_tree_stress_v5/strong_gate/runs/correctness_fuzz/star_pairs/n64/seed5_L0_Q0
correctness_fuzz,star_pairs,64,5,0,1,1,0,0,1,0.015034,2480,/Users/free_1/Library/Mobile Documents/iCloud~md~obsidian/Documents/cpp-checker/branch_3/artifacts/lca_tree_stress_v5/strong_gate/runs/correctness_fuzz/star_pairs/n64/seed5_L0_Q1
correctness_fuzz,star_pairs,64,5,1,0,1,0,0,1,0.015041,2528,/Users/free_1/Library/Mobile Documents/iCloud~md~obsidian/Documents/cpp-checker/branch_3/artifacts/lca_tree_stress_v5/strong_gate/runs/correctness_fuzz/star_pairs/n64/seed5_L1_Q0
correctness_fuzz,star_pairs,64,5,1,1,1,0,0,1,0.011334,2592,/Users/free_1/Library/Mobile Documents/iCloud~md~obsidian/Documents/cpp-checker/branch_3/artifacts/lca_tree_stress_v5/strong_gate/runs/correctness_fuzz/star_pairs/n64/seed5_L1_Q1
correctness_fuzz,star_pairs,128,1,0,0,1,0,0,1,0.030067,3760,/Users/free_1/Library/Mobile Documents/iCloud~md~obsidian/Documents/cpp-checker/branch_3/artifacts/lca_tree_stress_v5/strong_gate/runs/correctness_fuzz/star_pairs/n128/seed1_L0_Q0
correctness_fuzz,star_pairs,128,1,0,1,1,0,0,1,0.026737,3808,/Users/free_1/Library/Mobile Documents/iCloud~md~obsidian/Documents/cpp-checker/branch_3/artifacts/lca_tree_stress_v5/strong_gate/runs/correctness_fuzz/star_pairs/n128/seed1_L0_Q1
correctness_fuzz,star_pairs,128,1,1,0,1,0,0,1,0.025579,3840,/Users/free_1/Library/Mobile Documents/iCloud~md~obsidian/Documents/cpp-checker/branch_3/artifacts/lca_tree_stress_v5/strong_gate/runs/correctness_fuzz/star_pairs/n128/seed1_L1_Q0
correctness_fuzz,star_pairs,128,1,1,1,1,0,0,1,0.030076,3744,/Users/free_1/Library/Mobile Documents/iCloud~md~obsidian/Documents/cpp-checker/branch_3/artifacts/lca_tree_stress_v5/strong_gate/runs/correctness_fuzz/star_pairs/n128/seed1_L1_Q1
correctness_fuzz,star_pairs,128,2,0,0,1,0,0,1,0.030080,3808,/Users/free_1/Library/Mobile Documents/iCloud~md~obsidian/Documents/cpp-checker/branch_3/artifacts/lca_tree_stress_v5/strong_gate/runs/correctness_fuzz/star_pairs/n128/seed2_L0_Q0
correctness_fuzz,star_pairs,128,2,0,1,1,0,0,1,0.027203,3792,/Users/free_1/Library/Mobile Documents/iCloud~md~obsidian/Documents/cpp-checker/branch_3/artifacts/lca_tree_stress_v5/strong_gate/runs/correctness_fuzz/star_pairs/n128/seed2_L0_Q1
correctness_fuzz,star_pairs,128,2,1,0,1,0,0,1,0.036091,3776,/Users/free_1/Library/Mobile Documents/iCloud~md~obsidian/Documents/cpp-checker/branch_3/artifacts/lca_tree_stress_v5/strong_gate/runs/correctness_fuzz/star_pairs/n128/seed2_L1_Q0
correctness_fuzz,star_pairs,128,2,1,1,1,0,0,1,0.030655,3776,/Users/free_1/Library/Mobile Documents/iCloud~md~obsidian/Documents/cpp-checker/branch_3/artifacts/lca_tree_stress_v5/strong_gate/runs/correctness_fuzz/star_pairs/n128/seed2_L1_Q1
correctness_fuzz,star_pairs,128,3,0,0,1,0,0,1,0.027883,3792,/Users/free_1/Library/Mobile Documents/iCloud~md~obsidian/Documents/cpp-checker/branch_3/artifacts/lca_tree_stress_v5/strong_gate/runs/correctness_fuzz/star_pairs/n128/seed3_L0_Q0
correctness_fuzz,star_pairs,128,3,0,1,1,0,0,1,0.025422,3776,/Users/free_1/Library/Mobile Documents/iCloud~md~obsidian/Documents/cpp-checker/branch_3/artifacts/lca_tree_stress_v5/strong_gate/runs/correctness_fuzz/star_pairs/n128/seed3_L0_Q1
correctness_fuzz,star_pairs,128,3,1,0,1,0,0,1,0.027771,3744,/Users/free_1/Library/Mobile Documents/iCloud~md~obsidian/Documents/cpp-checker/branch_3/artifacts/lca_tree_stress_v5/strong_gate/runs/correctness_fuzz/star_pairs/n128/seed3_L1_Q0
correctness_fuzz,star_pairs,128,3,1,1,1,0,0,1,0.039253,3856,/Users/free_1/Library/Mobile Documents/iCloud~md~obsidian/Documents/cpp-checker/branch_3/artifacts/lca_tree_stress_v5/strong_gate/runs/correctness_fuzz/star_pairs/n128/seed3_L1_Q1
correctness_fuzz,star_pairs,128,4,0,0,1,0,0,1,0.029974,3776,/Users/free_1/Library/Mobile Documents/iCloud~md~obsidian/Documents/cpp-checker/branch_3/artifacts/lca_tree_stress_v5/strong_gate/runs/correctness_fuzz/star_pairs/n128/seed4_L0_Q0
correctness_fuzz,star_pairs,128,4,0,1,1,0,0,1,0.026573,3792,/Users/free_1/Library/Mobile Documents/iCloud~md~obsidian/Documents/cpp-checker/branch_3/artifacts/lca_tree_stress_v5/strong_gate/runs/correctness_fuzz/star_pairs/n128/seed4_L0_Q1
correctness_fuzz,star_pairs,128,4,1,0,1,0,0,1,0.035539,3808,/Users/free_1/Library/Mobile Documents/iCloud~md~obsidian/Documents/cpp-checker/branch_3/artifacts/lca_tree_stress_v5/strong_gate/runs/correctness_fuzz/star_pairs/n128/seed4_L1_Q0
correctness_fuzz,star_pairs,128,4,1,1,1,0,0,1,0.028394,3808,/Users/free_1/Library/Mobile Documents/iCloud~md~obsidian/Documents/cpp-checker/branch_3/artifacts/lca_tree_stress_v5/strong_gate/runs/correctness_fuzz/star_pairs/n128/seed4_L1_Q1
correctness_fuzz,star_pairs,128,5,0,0,1,0,0,1,0.026635,3776,/Users/free_1/Library/Mobile Documents/iCloud~md~obsidian/Documents/cpp-checker/branch_3/artifacts/lca_tree_stress_v5/strong_gate/runs/correctness_fuzz/star_pairs/n128/seed5_L0_Q0
correctness_fuzz,star_pairs,128,5,0,1,1,0,0,1,0.030120,3776,/Users/free_1/Library/Mobile Documents/iCloud~md~obsidian/Documents/cpp-checker/branch_3/artifacts/lca_tree_stress_v5/strong_gate/runs/correctness_fuzz/star_pairs/n128/seed5_L0_Q1
correctness_fuzz,star_pairs,128,5,1,0,1,0,0,1,0.026067,3776,/Users/free_1/Library/Mobile Documents/iCloud~md~obsidian/Documents/cpp-checker/branch_3/artifacts/lca_tree_stress_v5/strong_gate/runs/correctness_fuzz/star_pairs/n128/seed5_L1_Q0
correctness_fuzz,star_pairs,128,5,1,1,1,0,0,1,0.025978,3760,/Users/free_1/Library/Mobile Documents/iCloud~md~obsidian/Documents/cpp-checker/branch_3/artifacts/lca_tree_stress_v5/strong_gate/runs/correctness_fuzz/star_pairs/n128/seed5_L1_Q1
correctness_fuzz,star_pairs,256,1,0,0,1,0,0,1,0.095390,7904,/Users/free_1/Library/Mobile Documents/iCloud~md~obsidian/Documents/cpp-checker/branch_3/artifacts/lca_tree_stress_v5/strong_gate/runs/correctness_fuzz/star_pairs/n256/seed1_L0_Q0
correctness_fuzz,star_pairs,256,1,0,1,1,0,0,1,0.103639,7856,/Users/free_1/Library/Mobile Documents/iCloud~md~obsidian/Documents/cpp-checker/branch_3/artifacts/lca_tree_stress_v5/strong_gate/runs/correctness_fuzz/star_pairs/n256/seed1_L0_Q1
correctness_fuzz,star_pairs,256,1,1,0,1,0,0,1,0.109990,7904,/Users/free_1/Library/Mobile Documents/iCloud~md~obsidian/Documents/cpp-checker/branch_3/artifacts/lca_tree_stress_v5/strong_gate/runs/correctness_fuzz/star_pairs/n256/seed1_L1_Q0
correctness_fuzz,star_pairs,256,1,1,1,1,0,0,1,0.096176,7872,/Users/free_1/Library/Mobile Documents/iCloud~md~obsidian/Documents/cpp-checker/branch_3/artifacts/lca_tree_stress_v5/strong_gate/runs/correctness_fuzz/star_pairs/n256/seed1_L1_Q1
correctness_fuzz,star_pairs,256,2,0,0,1,0,0,1,0.097627,7856,/Users/free_1/Library/Mobile Documents/iCloud~md~obsidian/Documents/cpp-checker/branch_3/artifacts/lca_tree_stress_v5/strong_gate/runs/correctness_fuzz/star_pairs/n256/seed2_L0_Q0
correctness_fuzz,star_pairs,256,2,0,1,1,0,0,1,0.099013,7904,/Users/free_1/Library/Mobile Documents/iCloud~md~obsidian/Documents/cpp-checker/branch_3/artifacts/lca_tree_stress_v5/strong_gate/runs/correctness_fuzz/star_pairs/n256/seed2_L0_Q1
correctness_fuzz,star_pairs,256,2,1,0,1,0,0,1,0.105472,7904,/Users/free_1/Library/Mobile Documents/iCloud~md~obsidian/Documents/cpp-checker/branch_3/artifacts/lca_tree_stress_v5/strong_gate/runs/correctness_fuzz/star_pairs/n256/seed2_L1_Q0
correctness_fuzz,star_pairs,256,2,1,1,1,0,0,1,0.097575,7808,/Users/free_1/Library/Mobile Documents/iCloud~md~obsidian/Documents/cpp-checker/branch_3/artifacts/lca_tree_stress_v5/strong_gate/runs/correctness_fuzz/star_pairs/n256/seed2_L1_Q1
correctness_fuzz,star_pairs,256,3,0,0,1,0,0,1,0.101909,8704,/Users/free_1/Library/Mobile Documents/iCloud~md~obsidian/Documents/cpp-checker/branch_3/artifacts/lca_tree_stress_v5/strong_gate/runs/correctness_fuzz/star_pairs/n256/seed3_L0_Q0
correctness_fuzz,star_pairs,256,3,0,1,1,0,0,1,0.102519,8736,/Users/free_1/Library/Mobile Documents/iCloud~md~obsidian/Documents/cpp-checker/branch_3/artifacts/lca_tree_stress_v5/strong_gate/runs/correctness_fuzz/star_pairs/n256/seed3_L0_Q1
correctness_fuzz,star_pairs,256,3,1,0,1,0,0,1,0.113754,7856,/Users/free_1/Library/Mobile Documents/iCloud~md~obsidian/Documents/cpp-checker/branch_3/artifacts/lca_tree_stress_v5/strong_gate/runs/correctness_fuzz/star_pairs/n256/seed3_L1_Q0
correctness_fuzz,star_pairs,256,3,1,1,1,0,0,1,0.110848,7824,/Users/free_1/Library/Mobile Documents/iCloud~md~obsidian/Documents/cpp-checker/branch_3/artifacts/lca_tree_stress_v5/strong_gate/runs/correctness_fuzz/star_pairs/n256/seed3_L1_Q1
correctness_fuzz,star_pairs,256,4,0,0,1,0,0,1,0.098734,7872,/Users/free_1/Library/Mobile Documents/iCloud~md~obsidian/Documents/cpp-checker/branch_3/artifacts/lca_tree_stress_v5/strong_gate/runs/correctness_fuzz/star_pairs/n256/seed4_L0_Q0
correctness_fuzz,star_pairs,256,4,0,1,1,0,0,1,0.104802,7904,/Users/free_1/Library/Mobile Documents/iCloud~md~obsidian/Documents/cpp-checker/branch_3/artifacts/lca_tree_stress_v5/strong_gate/runs/correctness_fuzz/star_pairs/n256/seed4_L0_Q1
correctness_fuzz,star_pairs,256,4,1,0,1,0,0,1,0.091609,7920,/Users/free_1/Library/Mobile Documents/iCloud~md~obsidian/Documents/cpp-checker/branch_3/artifacts/lca_tree_stress_v5/strong_gate/runs/correctness_fuzz/star_pairs/n256/seed4_L1_Q0
correctness_fuzz,star_pairs,256,4,1,1,1,0,0,1,0.100190,7840,/Users/free_1/Library/Mobile Documents/iCloud~md~obsidian/Documents/cpp-checker/branch_3/artifacts/lca_tree_stress_v5/strong_gate/runs/correctness_fuzz/star_pairs/n256/seed4_L1_Q1
correctness_fuzz,star_pairs,256,5,0,0,1,0,0,1,0.090650,7888,/Users/free_1/Library/Mobile Documents/iCloud~md~obsidian/Documents/cpp-checker/branch_3/artifacts/lca_tree_stress_v5/strong_gate/runs/correctness_fuzz/star_pairs/n256/seed5_L0_Q0
correctness_fuzz,star_pairs,256,5,0,1,1,0,0,1,0.093951,7888,/Users/free_1/Library/Mobile Documents/iCloud~md~obsidian/Documents/cpp-checker/branch_3/artifacts/lca_tree_stress_v5/strong_gate/runs/correctness_fuzz/star_pairs/n256/seed5_L0_Q1
correctness_fuzz,star_pairs,256,5,1,0,1,0,0,1,0.108856,7872,/Users/free_1/Library/Mobile Documents/iCloud~md~obsidian/Documents/cpp-checker/branch_3/artifacts/lca_tree_stress_v5/strong_gate/runs/correctness_fuzz/star_pairs/n256/seed5_L1_Q0
correctness_fuzz,star_pairs,256,5,1,1,1,0,0,1,0.099333,7840,/Users/free_1/Library/Mobile Documents/iCloud~md~obsidian/Documents/cpp-checker/branch_3/artifacts/lca_tree_stress_v5/strong_gate/runs/correctness_fuzz/star_pairs/n256/seed5_L1_Q1
correctness_fuzz,star_pairs,512,1,0,0,1,0,0,1,0.286539,24704,/Users/free_1/Library/Mobile Documents/iCloud~md~obsidian/Documents/cpp-checker/branch_3/artifacts/lca_tree_stress_v5/strong_gate/runs/correctness_fuzz/star_pairs/n512/seed1_L0_Q0
correctness_fuzz,star_pairs,512,1,0,1,1,0,0,1,0.295991,24800,/Users/free_1/Library/Mobile Documents/iCloud~md~obsidian/Documents/cpp-checker/branch_3/artifacts/lca_tree_stress_v5/strong_gate/runs/correctness_fuzz/star_pairs/n512/seed1_L0_Q1
correctness_fuzz,star_pairs,512,1,1,0,1,0,0,1,0.286048,24624,/Users/free_1/Library/Mobile Documents/iCloud~md~obsidian/Documents/cpp-checker/branch_3/artifacts/lca_tree_stress_v5/strong_gate/runs/correctness_fuzz/star_pairs/n512/seed1_L1_Q0
correctness_fuzz,star_pairs,512,1,1,1,1,0,0,1,0.275500,24768,/Users/free_1/Library/Mobile Documents/iCloud~md~obsidian/Documents/cpp-checker/branch_3/artifacts/lca_tree_stress_v5/strong_gate/runs/correctness_fuzz/star_pairs/n512/seed1_L1_Q1
correctness_fuzz,star_pairs,512,2,0,0,1,0,0,1,0.253094,24784,/Users/free_1/Library/Mobile Documents/iCloud~md~obsidian/Documents/cpp-checker/branch_3/artifacts/lca_tree_stress_v5/strong_gate/runs/correctness_fuzz/star_pairs/n512/seed2_L0_Q0
correctness_fuzz,star_pairs,512,2,0,1,1,0,0,1,0.273306,24720,/Users/free_1/Library/Mobile Documents/iCloud~md~obsidian/Documents/cpp-checker/branch_3/artifacts/lca_tree_stress_v5/strong_gate/runs/correctness_fuzz/star_pairs/n512/seed2_L0_Q1
correctness_fuzz,star_pairs,512,2,1,0,1,0,0,1,0.272415,24720,/Users/free_1/Library/Mobile Documents/iCloud~md~obsidian/Documents/cpp-checker/branch_3/artifacts/lca_tree_stress_v5/strong_gate/runs/correctness_fuzz/star_pairs/n512/seed2_L1_Q0
correctness_fuzz,star_pairs,512,2,1,1,1,0,0,1,0.279547,24784,/Users/free_1/Library/Mobile Documents/iCloud~md~obsidian/Documents/cpp-checker/branch_3/artifacts/lca_tree_stress_v5/strong_gate/runs/correctness_fuzz/star_pairs/n512/seed2_L1_Q1
correctness_fuzz,star_pairs,512,3,0,0,1,0,0,1,0.251569,24688,/Users/free_1/Library/Mobile Documents/iCloud~md~obsidian/Documents/cpp-checker/branch_3/artifacts/lca_tree_stress_v5/strong_gate/runs/correctness_fuzz/star_pairs/n512/seed3_L0_Q0
correctness_fuzz,star_pairs,512,3,0,1,1,0,0,1,0.290403,24752,/Users/free_1/Library/Mobile Documents/iCloud~md~obsidian/Documents/cpp-checker/branch_3/artifacts/lca_tree_stress_v5/strong_gate/runs/correctness_fuzz/star_pairs/n512/seed3_L0_Q1
correctness_fuzz,star_pairs,512,3,1,0,1,0,0,1,0.278725,24704,/Users/free_1/Library/Mobile Documents/iCloud~md~obsidian/Documents/cpp-checker/branch_3/artifacts/lca_tree_stress_v5/strong_gate/runs/correctness_fuzz/star_pairs/n512/seed3_L1_Q0
correctness_fuzz,star_pairs,512,3,1,1,1,0,0,1,0.283681,24784,/Users/free_1/Library/Mobile Documents/iCloud~md~obsidian/Documents/cpp-checker/branch_3/artifacts/lca_tree_stress_v5/strong_gate/runs/correctness_fuzz/star_pairs/n512/seed3_L1_Q1
correctness_fuzz,star_pairs,512,4,0,0,1,0,0,1,0.272301,24608,/Users/free_1/Library/Mobile Documents/iCloud~md~obsidian/Documents/cpp-checker/branch_3/artifacts/lca_tree_stress_v5/strong_gate/runs/correctness_fuzz/star_pairs/n512/seed4_L0_Q0
correctness_fuzz,star_pairs,512,4,0,1,1,0,0,1,0.284536,24672,/Users/free_1/Library/Mobile Documents/iCloud~md~obsidian/Documents/cpp-checker/branch_3/artifacts/lca_tree_stress_v5/strong_gate/runs/correctness_fuzz/star_pairs/n512/seed4_L0_Q1
correctness_fuzz,star_pairs,512,4,1,0,1,0,0,1,0.265828,24784,/Users/free_1/Library/Mobile Documents/iCloud~md~obsidian/Documents/cpp-checker/branch_3/artifacts/lca_tree_stress_v5/strong_gate/runs/correctness_fuzz/star_pairs/n512/seed4_L1_Q0
correctness_fuzz,star_pairs,512,4,1,1,1,0,0,1,0.282280,24672,/Users/free_1/Library/Mobile Documents/iCloud~md~obsidian/Documents/cpp-checker/branch_3/artifacts/lca_tree_stress_v5/strong_gate/runs/correctness_fuzz/star_pairs/n512/seed4_L1_Q1
correctness_fuzz,star_pairs,512,5,0,0,1,0,0,1,0.268909,24736,/Users/free_1/Library/Mobile Documents/iCloud~md~obsidian/Documents/cpp-checker/branch_3/artifacts/lca_tree_stress_v5/strong_gate/runs/correctness_fuzz/star_pairs/n512/seed5_L0_Q0
correctness_fuzz,star_pairs,512,5,0,1,1,0,0,1,0.284236,24752,/Users/free_1/Library/Mobile Documents/iCloud~md~obsidian/Documents/cpp-checker/branch_3/artifacts/lca_tree_stress_v5/strong_gate/runs/correctness_fuzz/star_pairs/n512/seed5_L0_Q1
correctness_fuzz,star_pairs,512,5,1,0,1,0,0,1,0.270032,24768,/Users/free_1/Library/Mobile Documents/iCloud~md~obsidian/Documents/cpp-checker/branch_3/artifacts/lca_tree_stress_v5/strong_gate/runs/correctness_fuzz/star_pairs/n512/seed5_L1_Q0
correctness_fuzz,star_pairs,512,5,1,1,1,0,0,1,0.295385,24656,/Users/free_1/Library/Mobile Documents/iCloud~md~obsidian/Documents/cpp-checker/branch_3/artifacts/lca_tree_stress_v5/strong_gate/runs/correctness_fuzz/star_pairs/n512/seed5_L1_Q1
correctness_fuzz,star_pairs,1024,1,0,0,1,0,0,1,0.247282,25504,/Users/free_1/Library/Mobile Documents/iCloud~md~obsidian/Documents/cpp-checker/branch_3/artifacts/lca_tree_stress_v5/strong_gate/runs/correctness_fuzz/star_pairs/n1024/seed1_L0_Q0
correctness_fuzz,star_pairs,1024,1,0,1,1,0,0,1,0.265635,25488,/Users/free_1/Library/Mobile Documents/iCloud~md~obsidian/Documents/cpp-checker/branch_3/artifacts/lca_tree_stress_v5/strong_gate/runs/correctness_fuzz/star_pairs/n1024/seed1_L0_Q1
correctness_fuzz,star_pairs,1024,1,1,0,1,0,0,1,0.271945,25520,/Users/free_1/Library/Mobile Documents/iCloud~md~obsidian/Documents/cpp-checker/branch_3/artifacts/lca_tree_stress_v5/strong_gate/runs/correctness_fuzz/star_pairs/n1024/seed1_L1_Q0
correctness_fuzz,star_pairs,1024,1,1,1,1,0,0,1,0.280781,25584,/Users/free_1/Library/Mobile Documents/iCloud~md~obsidian/Documents/cpp-checker/branch_3/artifacts/lca_tree_stress_v5/strong_gate/runs/correctness_fuzz/star_pairs/n1024/seed1_L1_Q1
correctness_fuzz,star_pairs,1024,2,0,0,1,0,0,1,0.271411,25536,/Users/free_1/Library/Mobile Documents/iCloud~md~obsidian/Documents/cpp-checker/branch_3/artifacts/lca_tree_stress_v5/strong_gate/runs/correctness_fuzz/star_pairs/n1024/seed2_L0_Q0
correctness_fuzz,star_pairs,1024,2,0,1,1,0,0,1,0.267465,25504,/Users/free_1/Library/Mobile Documents/iCloud~md~obsidian/Documents/cpp-checker/branch_3/artifacts/lca_tree_stress_v5/strong_gate/runs/correctness_fuzz/star_pairs/n1024/seed2_L0_Q1
correctness_fuzz,star_pairs,1024,2,1,0,1,0,0,1,0.283350,25584,/Users/free_1/Library/Mobile Documents/iCloud~md~obsidian/Documents/cpp-checker/branch_3/artifacts/lca_tree_stress_v5/strong_gate/runs/correctness_fuzz/star_pairs/n1024/seed2_L1_Q0
correctness_fuzz,star_pairs,1024,2,1,1,1,0,0,1,0.298829,25568,/Users/free_1/Library/Mobile Documents/iCloud~md~obsidian/Documents/cpp-checker/branch_3/artifacts/lca_tree_stress_v5/strong_gate/runs/correctness_fuzz/star_pairs/n1024/seed2_L1_Q1
correctness_fuzz,star_pairs,1024,3,0,0,1,0,0,1,0.257544,25552,/Users/free_1/Library/Mobile Documents/iCloud~md~obsidian/Documents/cpp-checker/branch_3/artifacts/lca_tree_stress_v5/strong_gate/runs/correctness_fuzz/star_pairs/n1024/seed3_L0_Q0
correctness_fuzz,star_pairs,1024,3,0,1,1,0,0,1,0.308413,25504,/Users/free_1/Library/Mobile Documents/iCloud~md~obsidian/Documents/cpp-checker/branch_3/artifacts/lca_tree_stress_v5/strong_gate/runs/correctness_fuzz/star_pairs/n1024/seed3_L0_Q1
correctness_fuzz,star_pairs,1024,3,1,0,1,0,0,1,0.275552,25552,/Users/free_1/Library/Mobile Documents/iCloud~md~obsidian/Documents/cpp-checker/branch_3/artifacts/lca_tree_stress_v5/strong_gate/runs/correctness_fuzz/star_pairs/n1024/seed3_L1_Q0
correctness_fuzz,star_pairs,1024,3,1,1,1,0,0,1,0.289150,25536,/Users/free_1/Library/Mobile Documents/iCloud~md~obsidian/Documents/cpp-checker/branch_3/artifacts/lca_tree_stress_v5/strong_gate/runs/correctness_fuzz/star_pairs/n1024/seed3_L1_Q1
correctness_fuzz,star_pairs,1024,4,0,0,1,0,0,1,0.256456,25504,/Users/free_1/Library/Mobile Documents/iCloud~md~obsidian/Documents/cpp-checker/branch_3/artifacts/lca_tree_stress_v5/strong_gate/runs/correctness_fuzz/star_pairs/n1024/seed4_L0_Q0
correctness_fuzz,star_pairs,1024,4,0,1,1,0,0,1,0.301738,25584,/Users/free_1/Library/Mobile Documents/iCloud~md~obsidian/Documents/cpp-checker/branch_3/artifacts/lca_tree_stress_v5/strong_gate/runs/correctness_fuzz/star_pairs/n1024/seed4_L0_Q1
correctness_fuzz,star_pairs,1024,4,1,0,1,0,0,1,0.274315,25488,/Users/free_1/Library/Mobile Documents/iCloud~md~obsidian/Documents/cpp-checker/branch_3/artifacts/lca_tree_stress_v5/strong_gate/runs/correctness_fuzz/star_pairs/n1024/seed4_L1_Q0
correctness_fuzz,star_pairs,1024,4,1,1,1,0,0,1,0.290582,25520,/Users/free_1/Library/Mobile Documents/iCloud~md~obsidian/Documents/cpp-checker/branch_3/artifacts/lca_tree_stress_v5/strong_gate/runs/correctness_fuzz/star_pairs/n1024/seed4_L1_Q1
correctness_fuzz,star_pairs,1024,5,0,0,1,0,0,1,0.257077,25520,/Users/free_1/Library/Mobile Documents/iCloud~md~obsidian/Documents/cpp-checker/branch_3/artifacts/lca_tree_stress_v5/strong_gate/runs/correctness_fuzz/star_pairs/n1024/seed5_L0_Q0
correctness_fuzz,star_pairs,1024,5,0,1,1,0,0,1,0.278049,25504,/Users/free_1/Library/Mobile Documents/iCloud~md~obsidian/Documents/cpp-checker/branch_3/artifacts/lca_tree_stress_v5/strong_gate/runs/correctness_fuzz/star_pairs/n1024/seed5_L0_Q1
correctness_fuzz,star_pairs,1024,5,1,0,1,0,0,1,0.278985,25504,/Users/free_1/Library/Mobile Documents/iCloud~md~obsidian/Documents/cpp-checker/branch_3/artifacts/lca_tree_stress_v5/strong_gate/runs/correctness_fuzz/star_pairs/n1024/seed5_L1_Q0
correctness_fuzz,star_pairs,1024,5,1,1,1,0,0,1,0.300323,25552,/Users/free_1/Library/Mobile Documents/iCloud~md~obsidian/Documents/cpp-checker/branch_3/artifacts/lca_tree_stress_v5/strong_gate/runs/correctness_fuzz/star_pairs/n1024/seed5_L1_Q1
correctness_fuzz,balanced_dense,64,1,0,0,1,0,0,1,0.015045,3008,/Users/free_1/Library/Mobile Documents/iCloud~md~obsidian/Documents/cpp-checker/branch_3/artifacts/lca_tree_stress_v5/strong_gate/runs/correctness_fuzz/balanced_dense/n64/seed1_L0_Q0
correctness_fuzz,balanced_dense,64,1,0,1,1,0,0,1,0.011166,3040,/Users/free_1/Library/Mobile Documents/iCloud~md~obsidian/Documents/cpp-checker/branch_3/artifacts/lca_tree_stress_v5/strong_gate/runs/correctness_fuzz/balanced_dense/n64/seed1_L0_Q1
correctness_fuzz,balanced_dense,64,1,1,0,1,0,0,1,0.010905,2944,/Users/free_1/Library/Mobile Documents/iCloud~md~obsidian/Documents/cpp-checker/branch_3/artifacts/lca_tree_stress_v5/strong_gate/runs/correctness_fuzz/balanced_dense/n64/seed1_L1_Q0
correctness_fuzz,balanced_dense,64,1,1,1,1,0,0,1,0.015055,3024,/Users/free_1/Library/Mobile Documents/iCloud~md~obsidian/Documents/cpp-checker/branch_3/artifacts/lca_tree_stress_v5/strong_gate/runs/correctness_fuzz/balanced_dense/n64/seed1_L1_Q1
correctness_fuzz,balanced_dense,64,2,0,0,1,0,0,1,0.011444,3024,/Users/free_1/Library/Mobile Documents/iCloud~md~obsidian/Documents/cpp-checker/branch_3/artifacts/lca_tree_stress_v5/strong_gate/runs/correctness_fuzz/balanced_dense/n64/seed2_L0_Q0
correctness_fuzz,balanced_dense,64,2,0,1,1,0,0,1,0.011425,3008,/Users/free_1/Library/Mobile Documents/iCloud~md~obsidian/Documents/cpp-checker/branch_3/artifacts/lca_tree_stress_v5/strong_gate/runs/correctness_fuzz/balanced_dense/n64/seed2_L0_Q1
correctness_fuzz,balanced_dense,64,2,1,0,1,0,0,1,0.015062,2976,/Users/free_1/Library/Mobile Documents/iCloud~md~obsidian/Documents/cpp-checker/branch_3/artifacts/lca_tree_stress_v5/strong_gate/runs/correctness_fuzz/balanced_dense/n64/seed2_L1_Q0
correctness_fuzz,balanced_dense,64,2,1,1,1,0,0,1,0.012171,3008,/Users/free_1/Library/Mobile Documents/iCloud~md~obsidian/Documents/cpp-checker/branch_3/artifacts/lca_tree_stress_v5/strong_gate/runs/correctness_fuzz/balanced_dense/n64/seed2_L1_Q1
correctness_fuzz,balanced_dense,64,3,0,0,1,0,0,1,0.010577,2960,/Users/free_1/Library/Mobile Documents/iCloud~md~obsidian/Documents/cpp-checker/branch_3/artifacts/lca_tree_stress_v5/strong_gate/runs/correctness_fuzz/balanced_dense/n64/seed3_L0_Q0
correctness_fuzz,balanced_dense,64,3,0,1,1,0,0,1,0.010777,3056,/Users/free_1/Library/Mobile Documents/iCloud~md~obsidian/Documents/cpp-checker/branch_3/artifacts/lca_tree_stress_v5/strong_gate/runs/correctness_fuzz/balanced_dense/n64/seed3_L0_Q1
correctness_fuzz,balanced_dense,64,3,1,0,1,0,0,1,0.010630,3008,/Users/free_1/Library/Mobile Documents/iCloud~md~obsidian/Documents/cpp-checker/branch_3/artifacts/lca_tree_stress_v5/strong_gate/runs/correctness_fuzz/balanced_dense/n64/seed3_L1_Q0
correctness_fuzz,balanced_dense,64,3,1,1,1,0,0,1,0.010818,2960,/Users/free_1/Library/Mobile Documents/iCloud~md~obsidian/Documents/cpp-checker/branch_3/artifacts/lca_tree_stress_v5/strong_gate/runs/correctness_fuzz/balanced_dense/n64/seed3_L1_Q1
correctness_fuzz,balanced_dense,64,4,0,0,1,0,0,1,0.010494,3056,/Users/free_1/Library/Mobile Documents/iCloud~md~obsidian/Documents/cpp-checker/branch_3/artifacts/lca_tree_stress_v5/strong_gate/runs/correctness_fuzz/balanced_dense/n64/seed4_L0_Q0
correctness_fuzz,balanced_dense,64,4,0,1,1,0,0,1,0.010839,3024,/Users/free_1/Library/Mobile Documents/iCloud~md~obsidian/Documents/cpp-checker/branch_3/artifacts/lca_tree_stress_v5/strong_gate/runs/correctness_fuzz/balanced_dense/n64/seed4_L0_Q1
correctness_fuzz,balanced_dense,64,4,1,0,1,0,0,1,0.010059,3024,/Users/free_1/Library/Mobile Documents/iCloud~md~obsidian/Documents/cpp-checker/branch_3/artifacts/lca_tree_stress_v5/strong_gate/runs/correctness_fuzz/balanced_dense/n64/seed4_L1_Q0
correctness_fuzz,balanced_dense,64,4,1,1,1,0,0,1,0.010900,3024,/Users/free_1/Library/Mobile Documents/iCloud~md~obsidian/Documents/cpp-checker/branch_3/artifacts/lca_tree_stress_v5/strong_gate/runs/correctness_fuzz/balanced_dense/n64/seed4_L1_Q1
correctness_fuzz,balanced_dense,64,5,0,0,1,0,0,1,0.015046,3056,/Users/free_1/Library/Mobile Documents/iCloud~md~obsidian/Documents/cpp-checker/branch_3/artifacts/lca_tree_stress_v5/strong_gate/runs/correctness_fuzz/balanced_dense/n64/seed5_L0_Q0
correctness_fuzz,balanced_dense,64,5,0,1,1,0,0,1,0.010374,3024,/Users/free_1/Library/Mobile Documents/iCloud~md~obsidian/Documents/cpp-checker/branch_3/artifacts/lca_tree_stress_v5/strong_gate/runs/correctness_fuzz/balanced_dense/n64/seed5_L0_Q1
correctness_fuzz,balanced_dense,64,5,1,0,1,0,0,1,0.010529,3040,/Users/free_1/Library/Mobile Documents/iCloud~md~obsidian/Documents/cpp-checker/branch_3/artifacts/lca_tree_stress_v5/strong_gate/runs/correctness_fuzz/balanced_dense/n64/seed5_L1_Q0
correctness_fuzz,balanced_dense,64,5,1,1,1,0,0,1,0.010196,2960,/Users/free_1/Library/Mobile Documents/iCloud~md~obsidian/Documents/cpp-checker/branch_3/artifacts/lca_tree_stress_v5/strong_gate/runs/correctness_fuzz/balanced_dense/n64/seed5_L1_Q1
correctness_fuzz,balanced_dense,128,1,0,0,1,0,0,1,0.015048,3888,/Users/free_1/Library/Mobile Documents/iCloud~md~obsidian/Documents/cpp-checker/branch_3/artifacts/lca_tree_stress_v5/strong_gate/runs/correctness_fuzz/balanced_dense/n128/seed1_L0_Q0
correctness_fuzz,balanced_dense,128,1,0,1,1,0,0,1,0.021097,4000,/Users/free_1/Library/Mobile Documents/iCloud~md~obsidian/Documents/cpp-checker/branch_3/artifacts/lca_tree_stress_v5/strong_gate/runs/correctness_fuzz/balanced_dense/n128/seed1_L0_Q1
correctness_fuzz,balanced_dense,128,1,1,0,1,0,0,1,0.015040,3920,/Users/free_1/Library/Mobile Documents/iCloud~md~obsidian/Documents/cpp-checker/branch_3/artifacts/lca_tree_stress_v5/strong_gate/runs/correctness_fuzz/balanced_dense/n128/seed1_L1_Q0
correctness_fuzz,balanced_dense,128,1,1,1,1,0,0,1,0.015036,3952,/Users/free_1/Library/Mobile Documents/iCloud~md~obsidian/Documents/cpp-checker/branch_3/artifacts/lca_tree_stress_v5/strong_gate/runs/correctness_fuzz/balanced_dense/n128/seed1_L1_Q1
correctness_fuzz,balanced_dense,128,2,0,0,1,0,0,1,0.021841,3968,/Users/free_1/Library/Mobile Documents/iCloud~md~obsidian/Documents/cpp-checker/branch_3/artifacts/lca_tree_stress_v5/strong_gate/runs/correctness_fuzz/balanced_dense/n128/seed2_L0_Q0
correctness_fuzz,balanced_dense,128,2,0,1,1,0,0,1,0.021172,3984,/Users/free_1/Library/Mobile Documents/iCloud~md~obsidian/Documents/cpp-checker/branch_3/artifacts/lca_tree_stress_v5/strong_gate/runs/correctness_fuzz/balanced_dense/n128/seed2_L0_Q1
correctness_fuzz,balanced_dense,128,2,1,0,1,0,0,1,0.021912,3920,/Users/free_1/Library/Mobile Documents/iCloud~md~obsidian/Documents/cpp-checker/branch_3/artifacts/lca_tree_stress_v5/strong_gate/runs/correctness_fuzz/balanced_dense/n128/seed2_L1_Q0
correctness_fuzz,balanced_dense,128,2,1,1,1,0,0,1,0.022226,3984,/Users/free_1/Library/Mobile Documents/iCloud~md~obsidian/Documents/cpp-checker/branch_3/artifacts/lca_tree_stress_v5/strong_gate/runs/correctness_fuzz/balanced_dense/n128/seed2_L1_Q1
correctness_fuzz,balanced_dense,128,3,0,0,1,0,0,1,0.015038,3984,/Users/free_1/Library/Mobile Documents/iCloud~md~obsidian/Documents/cpp-checker/branch_3/artifacts/lca_tree_stress_v5/strong_gate/runs/correctness_fuzz/balanced_dense/n128/seed3_L0_Q0
correctness_fuzz,balanced_dense,128,3,0,1,1,0,0,1,0.015033,3952,/Users/free_1/Library/Mobile Documents/iCloud~md~obsidian/Documents/cpp-checker/branch_3/artifacts/lca_tree_stress_v5/strong_gate/runs/correctness_fuzz/balanced_dense/n128/seed3_L0_Q1
correctness_fuzz,balanced_dense,128,3,1,0,1,0,0,1,0.021027,3936,/Users/free_1/Library/Mobile Documents/iCloud~md~obsidian/Documents/cpp-checker/branch_3/artifacts/lca_tree_stress_v5/strong_gate/runs/correctness_fuzz/balanced_dense/n128/seed3_L1_Q0
correctness_fuzz,balanced_dense,128,3,1,1,1,0,0,1,0.022204,3952,/Users/free_1/Library/Mobile Documents/iCloud~md~obsidian/Documents/cpp-checker/branch_3/artifacts/lca_tree_stress_v5/strong_gate/runs/correctness_fuzz/balanced_dense/n128/seed3_L1_Q1
correctness_fuzz,balanced_dense,128,4,0,0,1,0,0,1,0.015041,3968,/Users/free_1/Library/Mobile Documents/iCloud~md~obsidian/Documents/cpp-checker/branch_3/artifacts/lca_tree_stress_v5/strong_gate/runs/correctness_fuzz/balanced_dense/n128/seed4_L0_Q0
correctness_fuzz,balanced_dense,128,4,0,1,1,0,0,1,0.025078,3936,/Users/free_1/Library/Mobile Documents/iCloud~md~obsidian/Documents/cpp-checker/branch_3/artifacts/lca_tree_stress_v5/strong_gate/runs/correctness_fuzz/balanced_dense/n128/seed4_L0_Q1
correctness_fuzz,balanced_dense,128,4,1,0,1,0,0,1,0.015042,3856,/Users/free_1/Library/Mobile Documents/iCloud~md~obsidian/Documents/cpp-checker/branch_3/artifacts/lca_tree_stress_v5/strong_gate/runs/correctness_fuzz/balanced_dense/n128/seed4_L1_Q0
correctness_fuzz,balanced_dense,128,4,1,1,1,0,0,1,0.020657,4032,/Users/free_1/Library/Mobile Documents/iCloud~md~obsidian/Documents/cpp-checker/branch_3/artifacts/lca_tree_stress_v5/strong_gate/runs/correctness_fuzz/balanced_dense/n128/seed4_L1_Q1
correctness_fuzz,balanced_dense,128,5,0,0,1,0,0,1,0.022441,3856,/Users/free_1/Library/Mobile Documents/iCloud~md~obsidian/Documents/cpp-checker/branch_3/artifacts/lca_tree_stress_v5/strong_gate/runs/correctness_fuzz/balanced_dense/n128/seed5_L0_Q0
correctness_fuzz,balanced_dense,128,5,0,1,1,0,0,1,0.026990,3952,/Users/free_1/Library/Mobile Documents/iCloud~md~obsidian/Documents/cpp-checker/branch_3/artifacts/lca_tree_stress_v5/strong_gate/runs/correctness_fuzz/balanced_dense/n128/seed5_L0_Q1
correctness_fuzz,balanced_dense,128,5,1,0,1,0,0,1,0.014499,3952,/Users/free_1/Library/Mobile Documents/iCloud~md~obsidian/Documents/cpp-checker/branch_3/artifacts/lca_tree_stress_v5/strong_gate/runs/correctness_fuzz/balanced_dense/n128/seed5_L1_Q0
correctness_fuzz,balanced_dense,128,5,1,1,1,0,0,1,0.014647,3936,/Users/free_1/Library/Mobile Documents/iCloud~md~obsidian/Documents/cpp-checker/branch_3/artifacts/lca_tree_stress_v5/strong_gate/runs/correctness_fuzz/balanced_dense/n128/seed5_L1_Q1
correctness_fuzz,balanced_dense,256,1,0,0,1,0,0,1,0.030091,5744,/Users/free_1/Library/Mobile Documents/iCloud~md~obsidian/Documents/cpp-checker/branch_3/artifacts/lca_tree_stress_v5/strong_gate/runs/correctness_fuzz/balanced_dense/n256/seed1_L0_Q0
correctness_fuzz,balanced_dense,256,1,0,1,1,0,0,1,0.038112,5744,/Users/free_1/Library/Mobile Documents/iCloud~md~obsidian/Documents/cpp-checker/branch_3/artifacts/lca_tree_stress_v5/strong_gate/runs/correctness_fuzz/balanced_dense/n256/seed1_L0_Q1
correctness_fuzz,balanced_dense,256,1,1,0,1,0,0,1,0.035050,5840,/Users/free_1/Library/Mobile Documents/iCloud~md~obsidian/Documents/cpp-checker/branch_3/artifacts/lca_tree_stress_v5/strong_gate/runs/correctness_fuzz/balanced_dense/n256/seed1_L1_Q0
correctness_fuzz,balanced_dense,256,1,1,1,1,0,0,1,0.034866,5872,/Users/free_1/Library/Mobile Documents/iCloud~md~obsidian/Documents/cpp-checker/branch_3/artifacts/lca_tree_stress_v5/strong_gate/runs/correctness_fuzz/balanced_dense/n256/seed1_L1_Q1
correctness_fuzz,balanced_dense,256,2,0,0,1,0,0,1,0.039202,5760,/Users/free_1/Library/Mobile Documents/iCloud~md~obsidian/Documents/cpp-checker/branch_3/artifacts/lca_tree_stress_v5/strong_gate/runs/correctness_fuzz/balanced_dense/n256/seed2_L0_Q0
correctness_fuzz,balanced_dense,256,2,0,1,1,0,0,1,0.032529,5840,/Users/free_1/Library/Mobile Documents/iCloud~md~obsidian/Documents/cpp-checker/branch_3/artifacts/lca_tree_stress_v5/strong_gate/runs/correctness_fuzz/balanced_dense/n256/seed2_L0_Q1
correctness_fuzz,balanced_dense,256,2,1,0,1,0,0,1,0.034156,5696,/Users/free_1/Library/Mobile Documents/iCloud~md~obsidian/Documents/cpp-checker/branch_3/artifacts/lca_tree_stress_v5/strong_gate/runs/correctness_fuzz/balanced_dense/n256/seed2_L1_Q0
correctness_fuzz,balanced_dense,256,2,1,1,1,0,0,1,0.035754,5664,/Users/free_1/Library/Mobile Documents/iCloud~md~obsidian/Documents/cpp-checker/branch_3/artifacts/lca_tree_stress_v5/strong_gate/runs/correctness_fuzz/balanced_dense/n256/seed2_L1_Q1
correctness_fuzz,balanced_dense,256,3,0,0,1,0,0,1,0.026952,5680,/Users/free_1/Library/Mobile Documents/iCloud~md~obsidian/Documents/cpp-checker/branch_3/artifacts/lca_tree_stress_v5/strong_gate/runs/correctness_fuzz/balanced_dense/n256/seed3_L0_Q0
correctness_fuzz,balanced_dense,256,3,0,1,1,0,0,1,0.037076,5744,/Users/free_1/Library/Mobile Documents/iCloud~md~obsidian/Documents/cpp-checker/branch_3/artifacts/lca_tree_stress_v5/strong_gate/runs/correctness_fuzz/balanced_dense/n256/seed3_L0_Q1
correctness_fuzz,balanced_dense,256,3,1,0,1,0,0,1,0.036835,5648,/Users/free_1/Library/Mobile Documents/iCloud~md~obsidian/Documents/cpp-checker/branch_3/artifacts/lca_tree_stress_v5/strong_gate/runs/correctness_fuzz/balanced_dense/n256/seed3_L1_Q0
correctness_fuzz,balanced_dense,256,3,1,1,1,0,0,1,0.036397,5856,/Users/free_1/Library/Mobile Documents/iCloud~md~obsidian/Documents/cpp-checker/branch_3/artifacts/lca_tree_stress_v5/strong_gate/runs/correctness_fuzz/balanced_dense/n256/seed3_L1_Q1
correctness_fuzz,balanced_dense,256,4,0,0,1,0,0,1,0.031437,5792,/Users/free_1/Library/Mobile Documents/iCloud~md~obsidian/Documents/cpp-checker/branch_3/artifacts/lca_tree_stress_v5/strong_gate/runs/correctness_fuzz/balanced_dense/n256/seed4_L0_Q0
correctness_fuzz,balanced_dense,256,4,0,1,1,0,0,1,0.035706,5744,/Users/free_1/Library/Mobile Documents/iCloud~md~obsidian/Documents/cpp-checker/branch_3/artifacts/lca_tree_stress_v5/strong_gate/runs/correctness_fuzz/balanced_dense/n256/seed4_L0_Q1
correctness_fuzz,balanced_dense,256,4,1,0,1,0,0,1,0.032394,5968,/Users/free_1/Library/Mobile Documents/iCloud~md~obsidian/Documents/cpp-checker/branch_3/artifacts/lca_tree_stress_v5/strong_gate/runs/correctness_fuzz/balanced_dense/n256/seed4_L1_Q0
correctness_fuzz,balanced_dense,256,4,1,1,1,0,0,1,0.029440,5776,/Users/free_1/Library/Mobile Documents/iCloud~md~obsidian/Documents/cpp-checker/branch_3/artifacts/lca_tree_stress_v5/strong_gate/runs/correctness_fuzz/balanced_dense/n256/seed4_L1_Q1
correctness_fuzz,balanced_dense,256,5,0,0,1,0,0,1,0.037045,5936,/Users/free_1/Library/Mobile Documents/iCloud~md~obsidian/Documents/cpp-checker/branch_3/artifacts/lca_tree_stress_v5/strong_gate/runs/correctness_fuzz/balanced_dense/n256/seed5_L0_Q0
correctness_fuzz,balanced_dense,256,5,0,1,1,0,0,1,0.038633,5824,/Users/free_1/Library/Mobile Documents/iCloud~md~obsidian/Documents/cpp-checker/branch_3/artifacts/lca_tree_stress_v5/strong_gate/runs/correctness_fuzz/balanced_dense/n256/seed5_L0_Q1
correctness_fuzz,balanced_dense,256,5,1,0,1,0,0,1,0.041346,5840,/Users/free_1/Library/Mobile Documents/iCloud~md~obsidian/Documents/cpp-checker/branch_3/artifacts/lca_tree_stress_v5/strong_gate/runs/correctness_fuzz/balanced_dense/n256/seed5_L1_Q0
correctness_fuzz,balanced_dense,256,5,1,1,1,0,0,1,0.032352,5872,/Users/free_1/Library/Mobile Documents/iCloud~md~obsidian/Documents/cpp-checker/branch_3/artifacts/lca_tree_stress_v5/strong_gate/runs/correctness_fuzz/balanced_dense/n256/seed5_L1_Q1
correctness_fuzz,balanced_dense,512,1,0,0,1,0,0,1,0.066104,9520,/Users/free_1/Library/Mobile Documents/iCloud~md~obsidian/Documents/cpp-checker/branch_3/artifacts/lca_tree_stress_v5/strong_gate/runs/correctness_fuzz/balanced_dense/n512/seed1_L0_Q0
correctness_fuzz,balanced_dense,512,1,0,1,1,0,0,1,0.075163,9280,/Users/free_1/Library/Mobile Documents/iCloud~md~obsidian/Documents/cpp-checker/branch_3/artifacts/lca_tree_stress_v5/strong_gate/runs/correctness_fuzz/balanced_dense/n512/seed1_L0_Q1
correctness_fuzz,balanced_dense,512,1,1,0,1,0,0,1,0.071838,9408,/Users/free_1/Library/Mobile Documents/iCloud~md~obsidian/Documents/cpp-checker/branch_3/artifacts/lca_tree_stress_v5/strong_gate/runs/correctness_fuzz/balanced_dense/n512/seed1_L1_Q0
correctness_fuzz,balanced_dense,512,1,1,1,1,0,0,1,0.068338,9456,/Users/free_1/Library/Mobile Documents/iCloud~md~obsidian/Documents/cpp-checker/branch_3/artifacts/lca_tree_stress_v5/strong_gate/runs/correctness_fuzz/balanced_dense/n512/seed1_L1_Q1
correctness_fuzz,balanced_dense,512,2,0,0,1,0,0,1,0.068271,9456,/Users/free_1/Library/Mobile Documents/iCloud~md~obsidian/Documents/cpp-checker/branch_3/artifacts/lca_tree_stress_v5/strong_gate/runs/correctness_fuzz/balanced_dense/n512/seed2_L0_Q0
correctness_fuzz,balanced_dense,512,2,0,1,1,0,0,1,0.066606,9328,/Users/free_1/Library/Mobile Documents/iCloud~md~obsidian/Documents/cpp-checker/branch_3/artifacts/lca_tree_stress_v5/strong_gate/runs/correctness_fuzz/balanced_dense/n512/seed2_L0_Q1
correctness_fuzz,balanced_dense,512,2,1,0,1,0,0,1,0.072433,9632,/Users/free_1/Library/Mobile Documents/iCloud~md~obsidian/Documents/cpp-checker/branch_3/artifacts/lca_tree_stress_v5/strong_gate/runs/correctness_fuzz/balanced_dense/n512/seed2_L1_Q0
correctness_fuzz,balanced_dense,512,2,1,1,1,0,0,1,0.073489,9344,/Users/free_1/Library/Mobile Documents/iCloud~md~obsidian/Documents/cpp-checker/branch_3/artifacts/lca_tree_stress_v5/strong_gate/runs/correctness_fuzz/balanced_dense/n512/seed2_L1_Q1
correctness_fuzz,balanced_dense,512,3,0,0,1,0,0,1,0.075182,9456,/Users/free_1/Library/Mobile Documents/iCloud~md~obsidian/Documents/cpp-checker/branch_3/artifacts/lca_tree_stress_v5/strong_gate/runs/correctness_fuzz/balanced_dense/n512/seed3_L0_Q0
correctness_fuzz,balanced_dense,512,3,0,1,1,0,0,1,0.073127,9328,/Users/free_1/Library/Mobile Documents/iCloud~md~obsidian/Documents/cpp-checker/branch_3/artifacts/lca_tree_stress_v5/strong_gate/runs/correctness_fuzz/balanced_dense/n512/seed3_L0_Q1
correctness_fuzz,balanced_dense,512,3,1,0,1,0,0,1,0.068512,9280,/Users/free_1/Library/Mobile Documents/iCloud~md~obsidian/Documents/cpp-checker/branch_3/artifacts/lca_tree_stress_v5/strong_gate/runs/correctness_fuzz/balanced_dense/n512/seed3_L1_Q0
correctness_fuzz,balanced_dense,512,3,1,1,1,0,0,1,0.063876,9520,/Users/free_1/Library/Mobile Documents/iCloud~md~obsidian/Documents/cpp-checker/branch_3/artifacts/lca_tree_stress_v5/strong_gate/runs/correctness_fuzz/balanced_dense/n512/seed3_L1_Q1
correctness_fuzz,balanced_dense,512,4,0,0,1,0,0,1,0.062919,9296,/Users/free_1/Library/Mobile Documents/iCloud~md~obsidian/Documents/cpp-checker/branch_3/artifacts/lca_tree_stress_v5/strong_gate/runs/correctness_fuzz/balanced_dense/n512/seed4_L0_Q0
correctness_fuzz,balanced_dense,512,4,0,1,1,0,0,1,0.066774,9488,/Users/free_1/Library/Mobile Documents/iCloud~md~obsidian/Documents/cpp-checker/branch_3/artifacts/lca_tree_stress_v5/strong_gate/runs/correctness_fuzz/balanced_dense/n512/seed4_L0_Q1
correctness_fuzz,balanced_dense,512,4,1,0,1,0,0,1,0.069244,9312,/Users/free_1/Library/Mobile Documents/iCloud~md~obsidian/Documents/cpp-checker/branch_3/artifacts/lca_tree_stress_v5/strong_gate/runs/correctness_fuzz/balanced_dense/n512/seed4_L1_Q0
correctness_fuzz,balanced_dense,512,4,1,1,1,0,0,1,0.070232,9440,/Users/free_1/Library/Mobile Documents/iCloud~md~obsidian/Documents/cpp-checker/branch_3/artifacts/lca_tree_stress_v5/strong_gate/runs/correctness_fuzz/balanced_dense/n512/seed4_L1_Q1
correctness_fuzz,balanced_dense,512,5,0,0,1,0,0,1,0.071837,9264,/Users/free_1/Library/Mobile Documents/iCloud~md~obsidian/Documents/cpp-checker/branch_3/artifacts/lca_tree_stress_v5/strong_gate/runs/correctness_fuzz/balanced_dense/n512/seed5_L0_Q0
correctness_fuzz,balanced_dense,512,5,0,1,1,0,0,1,0.065473,9264,/Users/free_1/Library/Mobile Documents/iCloud~md~obsidian/Documents/cpp-checker/branch_3/artifacts/lca_tree_stress_v5/strong_gate/runs/correctness_fuzz/balanced_dense/n512/seed5_L0_Q1
correctness_fuzz,balanced_dense,512,5,1,0,1,0,0,1,0.071249,9424,/Users/free_1/Library/Mobile Documents/iCloud~md~obsidian/Documents/cpp-checker/branch_3/artifacts/lca_tree_stress_v5/strong_gate/runs/correctness_fuzz/balanced_dense/n512/seed5_L1_Q0
correctness_fuzz,balanced_dense,512,5,1,1,1,0,0,1,0.075014,9296,/Users/free_1/Library/Mobile Documents/iCloud~md~obsidian/Documents/cpp-checker/branch_3/artifacts/lca_tree_stress_v5/strong_gate/runs/correctness_fuzz/balanced_dense/n512/seed5_L1_Q1
correctness_fuzz,balanced_dense,1024,1,0,0,1,0,0,1,0.146117,17120,/Users/free_1/Library/Mobile Documents/iCloud~md~obsidian/Documents/cpp-checker/branch_3/artifacts/lca_tree_stress_v5/strong_gate/runs/correctness_fuzz/balanced_dense/n1024/seed1_L0_Q0
correctness_fuzz,balanced_dense,1024,1,0,1,1,0,0,1,0.149684,17088,/Users/free_1/Library/Mobile Documents/iCloud~md~obsidian/Documents/cpp-checker/branch_3/artifacts/lca_tree_stress_v5/strong_gate/runs/correctness_fuzz/balanced_dense/n1024/seed1_L0_Q1
correctness_fuzz,balanced_dense,1024,1,1,0,1,0,0,1,0.154905,17216,/Users/free_1/Library/Mobile Documents/iCloud~md~obsidian/Documents/cpp-checker/branch_3/artifacts/lca_tree_stress_v5/strong_gate/runs/correctness_fuzz/balanced_dense/n1024/seed1_L1_Q0
correctness_fuzz,balanced_dense,1024,1,1,1,1,0,0,1,0.163914,16720,/Users/free_1/Library/Mobile Documents/iCloud~md~obsidian/Documents/cpp-checker/branch_3/artifacts/lca_tree_stress_v5/strong_gate/runs/correctness_fuzz/balanced_dense/n1024/seed1_L1_Q1
correctness_fuzz,balanced_dense,1024,2,0,0,1,0,0,1,0.157543,16688,/Users/free_1/Library/Mobile Documents/iCloud~md~obsidian/Documents/cpp-checker/branch_3/artifacts/lca_tree_stress_v5/strong_gate/runs/correctness_fuzz/balanced_dense/n1024/seed2_L0_Q0
correctness_fuzz,balanced_dense,1024,2,0,1,1,0,0,1,0.153651,17072,/Users/free_1/Library/Mobile Documents/iCloud~md~obsidian/Documents/cpp-checker/branch_3/artifacts/lca_tree_stress_v5/strong_gate/runs/correctness_fuzz/balanced_dense/n1024/seed2_L0_Q1
correctness_fuzz,balanced_dense,1024,2,1,0,1,0,0,1,0.154703,17040,/Users/free_1/Library/Mobile Documents/iCloud~md~obsidian/Documents/cpp-checker/branch_3/artifacts/lca_tree_stress_v5/strong_gate/runs/correctness_fuzz/balanced_dense/n1024/seed2_L1_Q0
correctness_fuzz,balanced_dense,1024,2,1,1,1,0,0,1,0.163677,16736,/Users/free_1/Library/Mobile Documents/iCloud~md~obsidian/Documents/cpp-checker/branch_3/artifacts/lca_tree_stress_v5/strong_gate/runs/correctness_fuzz/balanced_dense/n1024/seed2_L1_Q1
correctness_fuzz,balanced_dense,1024,3,0,0,1,0,0,1,0.175993,16752,/Users/free_1/Library/Mobile Documents/iCloud~md~obsidian/Documents/cpp-checker/branch_3/artifacts/lca_tree_stress_v5/strong_gate/runs/correctness_fuzz/balanced_dense/n1024/seed3_L0_Q0
correctness_fuzz,balanced_dense,1024,3,0,1,1,0,0,1,0.156050,16736,/Users/free_1/Library/Mobile Documents/iCloud~md~obsidian/Documents/cpp-checker/branch_3/artifacts/lca_tree_stress_v5/strong_gate/runs/correctness_fuzz/balanced_dense/n1024/seed3_L0_Q1
correctness_fuzz,balanced_dense,1024,3,1,0,1,0,0,1,0.154674,16880,/Users/free_1/Library/Mobile Documents/iCloud~md~obsidian/Documents/cpp-checker/branch_3/artifacts/lca_tree_stress_v5/strong_gate/runs/correctness_fuzz/balanced_dense/n1024/seed3_L1_Q0
correctness_fuzz,balanced_dense,1024,3,1,1,1,0,0,1,0.152816,16896,/Users/free_1/Library/Mobile Documents/iCloud~md~obsidian/Documents/cpp-checker/branch_3/artifacts/lca_tree_stress_v5/strong_gate/runs/correctness_fuzz/balanced_dense/n1024/seed3_L1_Q1
correctness_fuzz,balanced_dense,1024,4,0,0,1,0,0,1,0.149635,17152,/Users/free_1/Library/Mobile Documents/iCloud~md~obsidian/Documents/cpp-checker/branch_3/artifacts/lca_tree_stress_v5/strong_gate/runs/correctness_fuzz/balanced_dense/n1024/seed4_L0_Q0
correctness_fuzz,balanced_dense,1024,4,0,1,1,0,0,1,0.156139,16784,/Users/free_1/Library/Mobile Documents/iCloud~md~obsidian/Documents/cpp-checker/branch_3/artifacts/lca_tree_stress_v5/strong_gate/runs/correctness_fuzz/balanced_dense/n1024/seed4_L0_Q1
correctness_fuzz,balanced_dense,1024,4,1,0,1,0,0,1,0.155628,16912,/Users/free_1/Library/Mobile Documents/iCloud~md~obsidian/Documents/cpp-checker/branch_3/artifacts/lca_tree_stress_v5/strong_gate/runs/correctness_fuzz/balanced_dense/n1024/seed4_L1_Q0
correctness_fuzz,balanced_dense,1024,4,1,1,1,0,0,1,0.149521,17136,/Users/free_1/Library/Mobile Documents/iCloud~md~obsidian/Documents/cpp-checker/branch_3/artifacts/lca_tree_stress_v5/strong_gate/runs/correctness_fuzz/balanced_dense/n1024/seed4_L1_Q1
correctness_fuzz,balanced_dense,1024,5,0,0,1,0,0,1,0.150568,16848,/Users/free_1/Library/Mobile Documents/iCloud~md~obsidian/Documents/cpp-checker/branch_3/artifacts/lca_tree_stress_v5/strong_gate/runs/correctness_fuzz/balanced_dense/n1024/seed5_L0_Q0
correctness_fuzz,balanced_dense,1024,5,0,1,1,0,0,1,0.151454,16848,/Users/free_1/Library/Mobile Documents/iCloud~md~obsidian/Documents/cpp-checker/branch_3/artifacts/lca_tree_stress_v5/strong_gate/runs/correctness_fuzz/balanced_dense/n1024/seed5_L0_Q1
correctness_fuzz,balanced_dense,1024,5,1,0,1,0,0,1,0.151051,16864,/Users/free_1/Library/Mobile Documents/iCloud~md~obsidian/Documents/cpp-checker/branch_3/artifacts/lca_tree_stress_v5/strong_gate/runs/correctness_fuzz/balanced_dense/n1024/seed5_L1_Q0
correctness_fuzz,balanced_dense,1024,5,1,1,1,0,0,1,0.155581,16992,/Users/free_1/Library/Mobile Documents/iCloud~md~obsidian/Documents/cpp-checker/branch_3/artifacts/lca_tree_stress_v5/strong_gate/runs/correctness_fuzz/balanced_dense/n1024/seed5_L1_Q1
correctness_fuzz,broom_mixed,64,1,0,0,1,0,0,1,0.010657,3200,/Users/free_1/Library/Mobile Documents/iCloud~md~obsidian/Documents/cpp-checker/branch_3/artifacts/lca_tree_stress_v5/strong_gate/runs/correctness_fuzz/broom_mixed/n64/seed1_L0_Q0
correctness_fuzz,broom_mixed,64,1,0,1,1,0,0,1,0.010489,3200,/Users/free_1/Library/Mobile Documents/iCloud~md~obsidian/Documents/cpp-checker/branch_3/artifacts/lca_tree_stress_v5/strong_gate/runs/correctness_fuzz/broom_mixed/n64/seed1_L0_Q1
correctness_fuzz,broom_mixed,64,1,1,0,1,0,0,1,0.010152,3216,/Users/free_1/Library/Mobile Documents/iCloud~md~obsidian/Documents/cpp-checker/branch_3/artifacts/lca_tree_stress_v5/strong_gate/runs/correctness_fuzz/broom_mixed/n64/seed1_L1_Q0
correctness_fuzz,broom_mixed,64,1,1,1,1,0,0,1,0.015034,3184,/Users/free_1/Library/Mobile Documents/iCloud~md~obsidian/Documents/cpp-checker/branch_3/artifacts/lca_tree_stress_v5/strong_gate/runs/correctness_fuzz/broom_mixed/n64/seed1_L1_Q1
correctness_fuzz,broom_mixed,64,2,0,0,1,0,0,1,0.010691,3344,/Users/free_1/Library/Mobile Documents/iCloud~md~obsidian/Documents/cpp-checker/branch_3/artifacts/lca_tree_stress_v5/strong_gate/runs/correctness_fuzz/broom_mixed/n64/seed2_L0_Q0
correctness_fuzz,broom_mixed,64,2,0,1,1,0,0,1,0.015038,3280,/Users/free_1/Library/Mobile Documents/iCloud~md~obsidian/Documents/cpp-checker/branch_3/artifacts/lca_tree_stress_v5/strong_gate/runs/correctness_fuzz/broom_mixed/n64/seed2_L0_Q1
correctness_fuzz,broom_mixed,64,2,1,0,1,0,0,1,0.015050,3328,/Users/free_1/Library/Mobile Documents/iCloud~md~obsidian/Documents/cpp-checker/branch_3/artifacts/lca_tree_stress_v5/strong_gate/runs/correctness_fuzz/broom_mixed/n64/seed2_L1_Q0
correctness_fuzz,broom_mixed,64,2,1,1,1,0,0,1,0.013187,3344,/Users/free_1/Library/Mobile Documents/iCloud~md~obsidian/Documents/cpp-checker/branch_3/artifacts/lca_tree_stress_v5/strong_gate/runs/correctness_fuzz/broom_mixed/n64/seed2_L1_Q1
correctness_fuzz,broom_mixed,64,3,0,0,1,0,0,1,0.011058,3264,/Users/free_1/Library/Mobile Documents/iCloud~md~obsidian/Documents/cpp-checker/branch_3/artifacts/lca_tree_stress_v5/strong_gate/runs/correctness_fuzz/broom_mixed/n64/seed3_L0_Q0
correctness_fuzz,broom_mixed,64,3,0,1,1,0,0,1,0.011753,3280,/Users/free_1/Library/Mobile Documents/iCloud~md~obsidian/Documents/cpp-checker/branch_3/artifacts/lca_tree_stress_v5/strong_gate/runs/correctness_fuzz/broom_mixed/n64/seed3_L0_Q1
correctness_fuzz,broom_mixed,64,3,1,0,1,0,0,1,0.010403,3216,/Users/free_1/Library/Mobile Documents/iCloud~md~obsidian/Documents/cpp-checker/branch_3/artifacts/lca_tree_stress_v5/strong_gate/runs/correctness_fuzz/broom_mixed/n64/seed3_L1_Q0
correctness_fuzz,broom_mixed,64,3,1,1,1,0,0,1,0.013351,3216,/Users/free_1/Library/Mobile Documents/iCloud~md~obsidian/Documents/cpp-checker/branch_3/artifacts/lca_tree_stress_v5/strong_gate/runs/correctness_fuzz/broom_mixed/n64/seed3_L1_Q1
correctness_fuzz,broom_mixed,64,4,0,0,1,0,0,1,0.010384,3232,/Users/free_1/Library/Mobile Documents/iCloud~md~obsidian/Documents/cpp-checker/branch_3/artifacts/lca_tree_stress_v5/strong_gate/runs/correctness_fuzz/broom_mixed/n64/seed4_L0_Q0
correctness_fuzz,broom_mixed,64,4,0,1,1,0,0,1,0.010430,3312,/Users/free_1/Library/Mobile Documents/iCloud~md~obsidian/Documents/cpp-checker/branch_3/artifacts/lca_tree_stress_v5/strong_gate/runs/correctness_fuzz/broom_mixed/n64/seed4_L0_Q1
correctness_fuzz,broom_mixed,64,4,1,0,1,0,0,1,0.014782,3216,/Users/free_1/Library/Mobile Documents/iCloud~md~obsidian/Documents/cpp-checker/branch_3/artifacts/lca_tree_stress_v5/strong_gate/runs/correctness_fuzz/broom_mixed/n64/seed4_L1_Q0
correctness_fuzz,broom_mixed,64,4,1,1,1,0,0,1,0.010639,3264,/Users/free_1/Library/Mobile Documents/iCloud~md~obsidian/Documents/cpp-checker/branch_3/artifacts/lca_tree_stress_v5/strong_gate/runs/correctness_fuzz/broom_mixed/n64/seed4_L1_Q1
correctness_fuzz,broom_mixed,64,5,0,0,1,0,0,1,0.011133,3280,/Users/free_1/Library/Mobile Documents/iCloud~md~obsidian/Documents/cpp-checker/branch_3/artifacts/lca_tree_stress_v5/strong_gate/runs/correctness_fuzz/broom_mixed/n64/seed5_L0_Q0
correctness_fuzz,broom_mixed,64,5,0,1,1,0,0,1,0.011260,3344,/Users/free_1/Library/Mobile Documents/iCloud~md~obsidian/Documents/cpp-checker/branch_3/artifacts/lca_tree_stress_v5/strong_gate/runs/correctness_fuzz/broom_mixed/n64/seed5_L0_Q1
correctness_fuzz,broom_mixed,64,5,1,0,1,0,0,1,0.015036,3232,/Users/free_1/Library/Mobile Documents/iCloud~md~obsidian/Documents/cpp-checker/branch_3/artifacts/lca_tree_stress_v5/strong_gate/runs/correctness_fuzz/broom_mixed/n64/seed5_L1_Q0
correctness_fuzz,broom_mixed,64,5,1,1,1,0,0,1,0.012750,3248,/Users/free_1/Library/Mobile Documents/iCloud~md~obsidian/Documents/cpp-checker/branch_3/artifacts/lca_tree_stress_v5/strong_gate/runs/correctness_fuzz/broom_mixed/n64/seed5_L1_Q1
correctness_fuzz,broom_mixed,128,1,0,0,1,0,0,1,0.021212,4320,/Users/free_1/Library/Mobile Documents/iCloud~md~obsidian/Documents/cpp-checker/branch_3/artifacts/lca_tree_stress_v5/strong_gate/runs/correctness_fuzz/broom_mixed/n128/seed1_L0_Q0
correctness_fuzz,broom_mixed,128,1,0,1,1,0,0,1,0.021361,4256,/Users/free_1/Library/Mobile Documents/iCloud~md~obsidian/Documents/cpp-checker/branch_3/artifacts/lca_tree_stress_v5/strong_gate/runs/correctness_fuzz/broom_mixed/n128/seed1_L0_Q1
correctness_fuzz,broom_mixed,128,1,1,0,1,0,0,1,0.023814,4240,/Users/free_1/Library/Mobile Documents/iCloud~md~obsidian/Documents/cpp-checker/branch_3/artifacts/lca_tree_stress_v5/strong_gate/runs/correctness_fuzz/broom_mixed/n128/seed1_L1_Q0
correctness_fuzz,broom_mixed,128,1,1,1,1,0,0,1,0.027458,4288,/Users/free_1/Library/Mobile Documents/iCloud~md~obsidian/Documents/cpp-checker/branch_3/artifacts/lca_tree_stress_v5/strong_gate/runs/correctness_fuzz/broom_mixed/n128/seed1_L1_Q1
correctness_fuzz,broom_mixed,128,2,0,0,1,0,0,1,0.029476,4320,/Users/free_1/Library/Mobile Documents/iCloud~md~obsidian/Documents/cpp-checker/branch_3/artifacts/lca_tree_stress_v5/strong_gate/runs/correctness_fuzz/broom_mixed/n128/seed2_L0_Q0
correctness_fuzz,broom_mixed,128,2,0,1,1,0,0,1,0.028806,4304,/Users/free_1/Library/Mobile Documents/iCloud~md~obsidian/Documents/cpp-checker/branch_3/artifacts/lca_tree_stress_v5/strong_gate/runs/correctness_fuzz/broom_mixed/n128/seed2_L0_Q1
correctness_fuzz,broom_mixed,128,2,1,0,1,0,0,1,0.026516,4208,/Users/free_1/Library/Mobile Documents/iCloud~md~obsidian/Documents/cpp-checker/branch_3/artifacts/lca_tree_stress_v5/strong_gate/runs/correctness_fuzz/broom_mixed/n128/seed2_L1_Q0
correctness_fuzz,broom_mixed,128,2,1,1,1,0,0,1,0.024221,4208,/Users/free_1/Library/Mobile Documents/iCloud~md~obsidian/Documents/cpp-checker/branch_3/artifacts/lca_tree_stress_v5/strong_gate/runs/correctness_fuzz/broom_mixed/n128/seed2_L1_Q1
correctness_fuzz,broom_mixed,128,3,0,0,1,0,0,1,0.029845,4464,/Users/free_1/Library/Mobile Documents/iCloud~md~obsidian/Documents/cpp-checker/branch_3/artifacts/lca_tree_stress_v5/strong_gate/runs/correctness_fuzz/broom_mixed/n128/seed3_L0_Q0
correctness_fuzz,broom_mixed,128,3,0,1,1,0,0,1,0.022814,4528,/Users/free_1/Library/Mobile Documents/iCloud~md~obsidian/Documents/cpp-checker/branch_3/artifacts/lca_tree_stress_v5/strong_gate/runs/correctness_fuzz/broom_mixed/n128/seed3_L0_Q1
correctness_fuzz,broom_mixed,128,3,1,0,1,0,0,1,0.021235,4448,/Users/free_1/Library/Mobile Documents/iCloud~md~obsidian/Documents/cpp-checker/branch_3/artifacts/lca_tree_stress_v5/strong_gate/runs/correctness_fuzz/broom_mixed/n128/seed3_L1_Q0
correctness_fuzz,broom_mixed,128,3,1,1,1,0,0,1,0.021116,4480,/Users/free_1/Library/Mobile Documents/iCloud~md~obsidian/Documents/cpp-checker/branch_3/artifacts/lca_tree_stress_v5/strong_gate/runs/correctness_fuzz/broom_mixed/n128/seed3_L1_Q1
correctness_fuzz,broom_mixed,128,4,0,0,1,0,0,1,0.027570,4032,/Users/free_1/Library/Mobile Documents/iCloud~md~obsidian/Documents/cpp-checker/branch_3/artifacts/lca_tree_stress_v5/strong_gate/runs/correctness_fuzz/broom_mixed/n128/seed4_L0_Q0
correctness_fuzz,broom_mixed,128,4,0,1,1,0,0,1,0.022723,4112,/Users/free_1/Library/Mobile Documents/iCloud~md~obsidian/Documents/cpp-checker/branch_3/artifacts/lca_tree_stress_v5/strong_gate/runs/correctness_fuzz/broom_mixed/n128/seed4_L0_Q1
correctness_fuzz,broom_mixed,128,4,1,0,1,0,0,1,0.026084,4016,/Users/free_1/Library/Mobile Documents/iCloud~md~obsidian/Documents/cpp-checker/branch_3/artifacts/lca_tree_stress_v5/strong_gate/runs/correctness_fuzz/broom_mixed/n128/seed4_L1_Q0
correctness_fuzz,broom_mixed,128,4,1,1,1,0,0,1,0.025410,4080,/Users/free_1/Library/Mobile Documents/iCloud~md~obsidian/Documents/cpp-checker/branch_3/artifacts/lca_tree_stress_v5/strong_gate/runs/correctness_fuzz/broom_mixed/n128/seed4_L1_Q1
correctness_fuzz,broom_mixed,128,5,0,0,1,0,0,1,0.027226,4192,/Users/free_1/Library/Mobile Documents/iCloud~md~obsidian/Documents/cpp-checker/branch_3/artifacts/lca_tree_stress_v5/strong_gate/runs/correctness_fuzz/broom_mixed/n128/seed5_L0_Q0
correctness_fuzz,broom_mixed,128,5,0,1,1,0,0,1,0.025315,4160,/Users/free_1/Library/Mobile Documents/iCloud~md~obsidian/Documents/cpp-checker/branch_3/artifacts/lca_tree_stress_v5/strong_gate/runs/correctness_fuzz/broom_mixed/n128/seed5_L0_Q1
correctness_fuzz,broom_mixed,128,5,1,0,1,0,0,1,0.025237,4160,/Users/free_1/Library/Mobile Documents/iCloud~md~obsidian/Documents/cpp-checker/branch_3/artifacts/lca_tree_stress_v5/strong_gate/runs/correctness_fuzz/broom_mixed/n128/seed5_L1_Q0
correctness_fuzz,broom_mixed,128,5,1,1,1,0,0,1,0.023708,4160,/Users/free_1/Library/Mobile Documents/iCloud~md~obsidian/Documents/cpp-checker/branch_3/artifacts/lca_tree_stress_v5/strong_gate/runs/correctness_fuzz/broom_mixed/n128/seed5_L1_Q1
correctness_fuzz,broom_mixed,256,1,0,0,1,0,0,1,0.077176,7552,/Users/free_1/Library/Mobile Documents/iCloud~md~obsidian/Documents/cpp-checker/branch_3/artifacts/lca_tree_stress_v5/strong_gate/runs/correctness_fuzz/broom_mixed/n256/seed1_L0_Q0
correctness_fuzz,broom_mixed,256,1,0,1,1,0,0,1,0.072832,7552,/Users/free_1/Library/Mobile Documents/iCloud~md~obsidian/Documents/cpp-checker/branch_3/artifacts/lca_tree_stress_v5/strong_gate/runs/correctness_fuzz/broom_mixed/n256/seed1_L0_Q1
correctness_fuzz,broom_mixed,256,1,1,0,1,0,0,1,0.064424,7264,/Users/free_1/Library/Mobile Documents/iCloud~md~obsidian/Documents/cpp-checker/branch_3/artifacts/lca_tree_stress_v5/strong_gate/runs/correctness_fuzz/broom_mixed/n256/seed1_L1_Q0
correctness_fuzz,broom_mixed,256,1,1,1,1,0,0,1,0.061017,7168,/Users/free_1/Library/Mobile Documents/iCloud~md~obsidian/Documents/cpp-checker/branch_3/artifacts/lca_tree_stress_v5/strong_gate/runs/correctness_fuzz/broom_mixed/n256/seed1_L1_Q1
correctness_fuzz,broom_mixed,256,2,0,0,1,0,0,1,0.074387,7824,/Users/free_1/Library/Mobile Documents/iCloud~md~obsidian/Documents/cpp-checker/branch_3/artifacts/lca_tree_stress_v5/strong_gate/runs/correctness_fuzz/broom_mixed/n256/seed2_L0_Q0
correctness_fuzz,broom_mixed,256,2,0,1,1,0,0,1,0.083968,7872,/Users/free_1/Library/Mobile Documents/iCloud~md~obsidian/Documents/cpp-checker/branch_3/artifacts/lca_tree_stress_v5/strong_gate/runs/correctness_fuzz/broom_mixed/n256/seed2_L0_Q1
correctness_fuzz,broom_mixed,256,2,1,0,1,0,0,1,0.073619,7824,/Users/free_1/Library/Mobile Documents/iCloud~md~obsidian/Documents/cpp-checker/branch_3/artifacts/lca_tree_stress_v5/strong_gate/runs/correctness_fuzz/broom_mixed/n256/seed2_L1_Q0
correctness_fuzz,broom_mixed,256,2,1,1,1,0,0,1,0.078146,7920,/Users/free_1/Library/Mobile Documents/iCloud~md~obsidian/Documents/cpp-checker/branch_3/artifacts/lca_tree_stress_v5/strong_gate/runs/correctness_fuzz/broom_mixed/n256/seed2_L1_Q1
correctness_fuzz,broom_mixed,256,3,0,0,1,0,0,1,0.066178,7840,/Users/free_1/Library/Mobile Documents/iCloud~md~obsidian/Documents/cpp-checker/branch_3/artifacts/lca_tree_stress_v5/strong_gate/runs/correctness_fuzz/broom_mixed/n256/seed3_L0_Q0
correctness_fuzz,broom_mixed,256,3,0,1,1,0,0,1,0.074737,7744,/Users/free_1/Library/Mobile Documents/iCloud~md~obsidian/Documents/cpp-checker/branch_3/artifacts/lca_tree_stress_v5/strong_gate/runs/correctness_fuzz/broom_mixed/n256/seed3_L0_Q1
correctness_fuzz,broom_mixed,256,3,1,0,1,0,0,1,0.064592,7488,/Users/free_1/Library/Mobile Documents/iCloud~md~obsidian/Documents/cpp-checker/branch_3/artifacts/lca_tree_stress_v5/strong_gate/runs/correctness_fuzz/broom_mixed/n256/seed3_L1_Q0
correctness_fuzz,broom_mixed,256,3,1,1,1,0,0,1,0.066004,7456,/Users/free_1/Library/Mobile Documents/iCloud~md~obsidian/Documents/cpp-checker/branch_3/artifacts/lca_tree_stress_v5/strong_gate/runs/correctness_fuzz/broom_mixed/n256/seed3_L1_Q1
correctness_fuzz,broom_mixed,256,4,0,0,1,0,0,1,0.057940,7584,/Users/free_1/Library/Mobile Documents/iCloud~md~obsidian/Documents/cpp-checker/branch_3/artifacts/lca_tree_stress_v5/strong_gate/runs/correctness_fuzz/broom_mixed/n256/seed4_L0_Q0
correctness_fuzz,broom_mixed,256,4,0,1,1,0,0,1,0.064978,7424,/Users/free_1/Library/Mobile Documents/iCloud~md~obsidian/Documents/cpp-checker/branch_3/artifacts/lca_tree_stress_v5/strong_gate/runs/correctness_fuzz/broom_mixed/n256/seed4_L0_Q1
correctness_fuzz,broom_mixed,256,4,1,0,1,0,0,1,0.062242,7488,/Users/free_1/Library/Mobile Documents/iCloud~md~obsidian/Documents/cpp-checker/branch_3/artifacts/lca_tree_stress_v5/strong_gate/runs/correctness_fuzz/broom_mixed/n256/seed4_L1_Q0
correctness_fuzz,broom_mixed,256,4,1,1,1,0,0,1,0.062587,7456,/Users/free_1/Library/Mobile Documents/iCloud~md~obsidian/Documents/cpp-checker/branch_3/artifacts/lca_tree_stress_v5/strong_gate/runs/correctness_fuzz/broom_mixed/n256/seed4_L1_Q1
correctness_fuzz,broom_mixed,256,5,0,0,1,0,0,1,0.079206,7648,/Users/free_1/Library/Mobile Documents/iCloud~md~obsidian/Documents/cpp-checker/branch_3/artifacts/lca_tree_stress_v5/strong_gate/runs/correctness_fuzz/broom_mixed/n256/seed5_L0_Q0
correctness_fuzz,broom_mixed,256,5,0,1,1,0,0,1,0.074929,7648,/Users/free_1/Library/Mobile Documents/iCloud~md~obsidian/Documents/cpp-checker/branch_3/artifacts/lca_tree_stress_v5/strong_gate/runs/correctness_fuzz/broom_mixed/n256/seed5_L0_Q1
correctness_fuzz,broom_mixed,256,5,1,0,1,0,0,1,0.059618,6944,/Users/free_1/Library/Mobile Documents/iCloud~md~obsidian/Documents/cpp-checker/branch_3/artifacts/lca_tree_stress_v5/strong_gate/runs/correctness_fuzz/broom_mixed/n256/seed5_L1_Q0
correctness_fuzz,broom_mixed,256,5,1,1,1,0,0,1,0.064894,6976,/Users/free_1/Library/Mobile Documents/iCloud~md~obsidian/Documents/cpp-checker/branch_3/artifacts/lca_tree_stress_v5/strong_gate/runs/correctness_fuzz/broom_mixed/n256/seed5_L1_Q1
correctness_fuzz,broom_mixed,512,1,0,0,1,0,0,1,0.179083,14976,/Users/free_1/Library/Mobile Documents/iCloud~md~obsidian/Documents/cpp-checker/branch_3/artifacts/lca_tree_stress_v5/strong_gate/runs/correctness_fuzz/broom_mixed/n512/seed1_L0_Q0
correctness_fuzz,broom_mixed,512,1,0,1,1,0,0,1,0.180560,14944,/Users/free_1/Library/Mobile Documents/iCloud~md~obsidian/Documents/cpp-checker/branch_3/artifacts/lca_tree_stress_v5/strong_gate/runs/correctness_fuzz/broom_mixed/n512/seed1_L0_Q1
correctness_fuzz,broom_mixed,512,1,1,0,1,0,0,1,0.173939,15024,/Users/free_1/Library/Mobile Documents/iCloud~md~obsidian/Documents/cpp-checker/branch_3/artifacts/lca_tree_stress_v5/strong_gate/runs/correctness_fuzz/broom_mixed/n512/seed1_L1_Q0
correctness_fuzz,broom_mixed,512,1,1,1,1,0,0,1,0.187480,14992,/Users/free_1/Library/Mobile Documents/iCloud~md~obsidian/Documents/cpp-checker/branch_3/artifacts/lca_tree_stress_v5/strong_gate/runs/correctness_fuzz/broom_mixed/n512/seed1_L1_Q1
correctness_fuzz,broom_mixed,512,2,0,0,1,0,0,1,0.185309,15168,/Users/free_1/Library/Mobile Documents/iCloud~md~obsidian/Documents/cpp-checker/branch_3/artifacts/lca_tree_stress_v5/strong_gate/runs/correctness_fuzz/broom_mixed/n512/seed2_L0_Q0
correctness_fuzz,broom_mixed,512,2,0,1,1,0,0,1,0.191993,15152,/Users/free_1/Library/Mobile Documents/iCloud~md~obsidian/Documents/cpp-checker/branch_3/artifacts/lca_tree_stress_v5/strong_gate/runs/correctness_fuzz/broom_mixed/n512/seed2_L0_Q1
correctness_fuzz,broom_mixed,512,2,1,0,1,0,0,1,0.186756,14592,/Users/free_1/Library/Mobile Documents/iCloud~md~obsidian/Documents/cpp-checker/branch_3/artifacts/lca_tree_stress_v5/strong_gate/runs/correctness_fuzz/broom_mixed/n512/seed2_L1_Q0
correctness_fuzz,broom_mixed,512,2,1,1,1,0,0,1,0.198110,14576,/Users/free_1/Library/Mobile Documents/iCloud~md~obsidian/Documents/cpp-checker/branch_3/artifacts/lca_tree_stress_v5/strong_gate/runs/correctness_fuzz/broom_mixed/n512/seed2_L1_Q1
correctness_fuzz,broom_mixed,512,3,0,0,1,0,0,1,0.173532,14448,/Users/free_1/Library/Mobile Documents/iCloud~md~obsidian/Documents/cpp-checker/branch_3/artifacts/lca_tree_stress_v5/strong_gate/runs/correctness_fuzz/broom_mixed/n512/seed3_L0_Q0
correctness_fuzz,broom_mixed,512,3,0,1,1,0,0,1,0.162797,14496,/Users/free_1/Library/Mobile Documents/iCloud~md~obsidian/Documents/cpp-checker/branch_3/artifacts/lca_tree_stress_v5/strong_gate/runs/correctness_fuzz/broom_mixed/n512/seed3_L0_Q1
correctness_fuzz,broom_mixed,512,3,1,0,1,0,0,1,0.179996,14112,/Users/free_1/Library/Mobile Documents/iCloud~md~obsidian/Documents/cpp-checker/branch_3/artifacts/lca_tree_stress_v5/strong_gate/runs/correctness_fuzz/broom_mixed/n512/seed3_L1_Q0
correctness_fuzz,broom_mixed,512,3,1,1,1,0,0,1,0.177005,14016,/Users/free_1/Library/Mobile Documents/iCloud~md~obsidian/Documents/cpp-checker/branch_3/artifacts/lca_tree_stress_v5/strong_gate/runs/correctness_fuzz/broom_mixed/n512/seed3_L1_Q1
correctness_fuzz,broom_mixed,512,4,0,0,1,0,0,1,0.214321,15584,/Users/free_1/Library/Mobile Documents/iCloud~md~obsidian/Documents/cpp-checker/branch_3/artifacts/lca_tree_stress_v5/strong_gate/runs/correctness_fuzz/broom_mixed/n512/seed4_L0_Q0
correctness_fuzz,broom_mixed,512,4,0,1,1,0,0,1,0.214225,15536,/Users/free_1/Library/Mobile Documents/iCloud~md~obsidian/Documents/cpp-checker/branch_3/artifacts/lca_tree_stress_v5/strong_gate/runs/correctness_fuzz/broom_mixed/n512/seed4_L0_Q1
correctness_fuzz,broom_mixed,512,4,1,0,1,0,0,1,0.248123,16176,/Users/free_1/Library/Mobile Documents/iCloud~md~obsidian/Documents/cpp-checker/branch_3/artifacts/lca_tree_stress_v5/strong_gate/runs/correctness_fuzz/broom_mixed/n512/seed4_L1_Q0
correctness_fuzz,broom_mixed,512,4,1,1,1,0,0,1,0.265137,16192,/Users/free_1/Library/Mobile Documents/iCloud~md~obsidian/Documents/cpp-checker/branch_3/artifacts/lca_tree_stress_v5/strong_gate/runs/correctness_fuzz/broom_mixed/n512/seed4_L1_Q1
correctness_fuzz,broom_mixed,512,5,0,0,1,0,0,1,0.233174,16304,/Users/free_1/Library/Mobile Documents/iCloud~md~obsidian/Documents/cpp-checker/branch_3/artifacts/lca_tree_stress_v5/strong_gate/runs/correctness_fuzz/broom_mixed/n512/seed5_L0_Q0
correctness_fuzz,broom_mixed,512,5,0,1,1,0,0,1,0.232587,16272,/Users/free_1/Library/Mobile Documents/iCloud~md~obsidian/Documents/cpp-checker/branch_3/artifacts/lca_tree_stress_v5/strong_gate/runs/correctness_fuzz/broom_mixed/n512/seed5_L0_Q1
correctness_fuzz,broom_mixed,512,5,1,0,1,0,0,1,0.153956,13920,/Users/free_1/Library/Mobile Documents/iCloud~md~obsidian/Documents/cpp-checker/branch_3/artifacts/lca_tree_stress_v5/strong_gate/runs/correctness_fuzz/broom_mixed/n512/seed5_L1_Q0
correctness_fuzz,broom_mixed,512,5,1,1,1,0,0,1,0.159140,14016,/Users/free_1/Library/Mobile Documents/iCloud~md~obsidian/Documents/cpp-checker/branch_3/artifacts/lca_tree_stress_v5/strong_gate/runs/correctness_fuzz/broom_mixed/n512/seed5_L1_Q1
correctness_fuzz,broom_mixed,1024,1,0,0,1,0,0,1,1.021123,41216,/Users/free_1/Library/Mobile Documents/iCloud~md~obsidian/Documents/cpp-checker/branch_3/artifacts/lca_tree_stress_v5/strong_gate/runs/correctness_fuzz/broom_mixed/n1024/seed1_L0_Q0
correctness_fuzz,broom_mixed,1024,1,0,1,1,0,0,1,0.992784,41216,/Users/free_1/Library/Mobile Documents/iCloud~md~obsidian/Documents/cpp-checker/branch_3/artifacts/lca_tree_stress_v5/strong_gate/runs/correctness_fuzz/broom_mixed/n1024/seed1_L0_Q1
correctness_fuzz,broom_mixed,1024,1,1,0,1,0,0,1,0.731568,36800,/Users/free_1/Library/Mobile Documents/iCloud~md~obsidian/Documents/cpp-checker/branch_3/artifacts/lca_tree_stress_v5/strong_gate/runs/correctness_fuzz/broom_mixed/n1024/seed1_L1_Q0
correctness_fuzz,broom_mixed,1024,1,1,1,1,0,0,1,0.741346,36752,/Users/free_1/Library/Mobile Documents/iCloud~md~obsidian/Documents/cpp-checker/branch_3/artifacts/lca_tree_stress_v5/strong_gate/runs/correctness_fuzz/broom_mixed/n1024/seed1_L1_Q1
correctness_fuzz,broom_mixed,1024,2,0,0,1,0,0,1,0.522181,35152,/Users/free_1/Library/Mobile Documents/iCloud~md~obsidian/Documents/cpp-checker/branch_3/artifacts/lca_tree_stress_v5/strong_gate/runs/correctness_fuzz/broom_mixed/n1024/seed2_L0_Q0
correctness_fuzz,broom_mixed,1024,2,0,1,1,0,0,1,0.550514,35152,/Users/free_1/Library/Mobile Documents/iCloud~md~obsidian/Documents/cpp-checker/branch_3/artifacts/lca_tree_stress_v5/strong_gate/runs/correctness_fuzz/broom_mixed/n1024/seed2_L0_Q1
correctness_fuzz,broom_mixed,1024,2,1,0,1,0,0,1,0.543309,35952,/Users/free_1/Library/Mobile Documents/iCloud~md~obsidian/Documents/cpp-checker/branch_3/artifacts/lca_tree_stress_v5/strong_gate/runs/correctness_fuzz/broom_mixed/n1024/seed2_L1_Q0
correctness_fuzz,broom_mixed,1024,2,1,1,1,0,0,1,0.567958,36032,/Users/free_1/Library/Mobile Documents/iCloud~md~obsidian/Documents/cpp-checker/branch_3/artifacts/lca_tree_stress_v5/strong_gate/runs/correctness_fuzz/broom_mixed/n1024/seed2_L1_Q1
correctness_fuzz,broom_mixed,1024,3,0,0,1,0,0,1,0.584161,38544,/Users/free_1/Library/Mobile Documents/iCloud~md~obsidian/Documents/cpp-checker/branch_3/artifacts/lca_tree_stress_v5/strong_gate/runs/correctness_fuzz/broom_mixed/n1024/seed3_L0_Q0
correctness_fuzz,broom_mixed,1024,3,0,1,1,0,0,1,0.581481,38384,/Users/free_1/Library/Mobile Documents/iCloud~md~obsidian/Documents/cpp-checker/branch_3/artifacts/lca_tree_stress_v5/strong_gate/runs/correctness_fuzz/broom_mixed/n1024/seed3_L0_Q1
correctness_fuzz,broom_mixed,1024,3,1,0,1,0,0,1,0.534908,33008,/Users/free_1/Library/Mobile Documents/iCloud~md~obsidian/Documents/cpp-checker/branch_3/artifacts/lca_tree_stress_v5/strong_gate/runs/correctness_fuzz/broom_mixed/n1024/seed3_L1_Q0
correctness_fuzz,broom_mixed,1024,3,1,1,1,0,0,1,0.519310,32976,/Users/free_1/Library/Mobile Documents/iCloud~md~obsidian/Documents/cpp-checker/branch_3/artifacts/lca_tree_stress_v5/strong_gate/runs/correctness_fuzz/broom_mixed/n1024/seed3_L1_Q1
correctness_fuzz,broom_mixed,1024,4,0,0,1,0,0,1,0.604241,39136,/Users/free_1/Library/Mobile Documents/iCloud~md~obsidian/Documents/cpp-checker/branch_3/artifacts/lca_tree_stress_v5/strong_gate/runs/correctness_fuzz/broom_mixed/n1024/seed4_L0_Q0
correctness_fuzz,broom_mixed,1024,4,0,1,1,0,0,1,0.600345,39104,/Users/free_1/Library/Mobile Documents/iCloud~md~obsidian/Documents/cpp-checker/branch_3/artifacts/lca_tree_stress_v5/strong_gate/runs/correctness_fuzz/broom_mixed/n1024/seed4_L0_Q1
correctness_fuzz,broom_mixed,1024,4,1,0,1,0,0,1,0.566795,36912,/Users/free_1/Library/Mobile Documents/iCloud~md~obsidian/Documents/cpp-checker/branch_3/artifacts/lca_tree_stress_v5/strong_gate/runs/correctness_fuzz/broom_mixed/n1024/seed4_L1_Q0
correctness_fuzz,broom_mixed,1024,4,1,1,1,0,0,1,0.581325,36944,/Users/free_1/Library/Mobile Documents/iCloud~md~obsidian/Documents/cpp-checker/branch_3/artifacts/lca_tree_stress_v5/strong_gate/runs/correctness_fuzz/broom_mixed/n1024/seed4_L1_Q1
correctness_fuzz,broom_mixed,1024,5,0,0,1,0,0,1,0.505259,34000,/Users/free_1/Library/Mobile Documents/iCloud~md~obsidian/Documents/cpp-checker/branch_3/artifacts/lca_tree_stress_v5/strong_gate/runs/correctness_fuzz/broom_mixed/n1024/seed5_L0_Q0
correctness_fuzz,broom_mixed,1024,5,0,1,1,0,0,1,0.501718,34256,/Users/free_1/Library/Mobile Documents/iCloud~md~obsidian/Documents/cpp-checker/branch_3/artifacts/lca_tree_stress_v5/strong_gate/runs/correctness_fuzz/broom_mixed/n1024/seed5_L0_Q1
correctness_fuzz,broom_mixed,1024,5,1,0,1,0,0,1,0.470256,30080,/Users/free_1/Library/Mobile Documents/iCloud~md~obsidian/Documents/cpp-checker/branch_3/artifacts/lca_tree_stress_v5/strong_gate/runs/correctness_fuzz/broom_mixed/n1024/seed5_L1_Q0
correctness_fuzz,broom_mixed,1024,5,1,1,1,0,0,1,0.481199,30144,/Users/free_1/Library/Mobile Documents/iCloud~md~obsidian/Documents/cpp-checker/branch_3/artifacts/lca_tree_stress_v5/strong_gate/runs/correctness_fuzz/broom_mixed/n1024/seed5_L1_Q1
correctness_fuzz,caterpillar_rect_dense,64,1,0,0,1,0,0,1,0.021406,4032,/Users/free_1/Library/Mobile Documents/iCloud~md~obsidian/Documents/cpp-checker/branch_3/artifacts/lca_tree_stress_v5/strong_gate/runs/correctness_fuzz/caterpillar_rect_dense/n64/seed1_L0_Q0
correctness_fuzz,caterpillar_rect_dense,64,1,0,1,1,0,0,1,0.011543,4096,/Users/free_1/Library/Mobile Documents/iCloud~md~obsidian/Documents/cpp-checker/branch_3/artifacts/lca_tree_stress_v5/strong_gate/runs/correctness_fuzz/caterpillar_rect_dense/n64/seed1_L0_Q1
correctness_fuzz,caterpillar_rect_dense,64,1,1,0,1,0,0,1,0.026608,4064,/Users/free_1/Library/Mobile Documents/iCloud~md~obsidian/Documents/cpp-checker/branch_3/artifacts/lca_tree_stress_v5/strong_gate/runs/correctness_fuzz/caterpillar_rect_dense/n64/seed1_L1_Q0
correctness_fuzz,caterpillar_rect_dense,64,1,1,1,1,0,0,1,0.010659,4096,/Users/free_1/Library/Mobile Documents/iCloud~md~obsidian/Documents/cpp-checker/branch_3/artifacts/lca_tree_stress_v5/strong_gate/runs/correctness_fuzz/caterpillar_rect_dense/n64/seed1_L1_Q1
correctness_fuzz,caterpillar_rect_dense,64,2,0,0,1,0,0,1,0.015029,4048,/Users/free_1/Library/Mobile Documents/iCloud~md~obsidian/Documents/cpp-checker/branch_3/artifacts/lca_tree_stress_v5/strong_gate/runs/correctness_fuzz/caterpillar_rect_dense/n64/seed2_L0_Q0
correctness_fuzz,caterpillar_rect_dense,64,2,0,1,1,0,0,1,0.010764,4064,/Users/free_1/Library/Mobile Documents/iCloud~md~obsidian/Documents/cpp-checker/branch_3/artifacts/lca_tree_stress_v5/strong_gate/runs/correctness_fuzz/caterpillar_rect_dense/n64/seed2_L0_Q1
correctness_fuzz,caterpillar_rect_dense,64,2,1,0,1,0,0,1,0.011045,3968,/Users/free_1/Library/Mobile Documents/iCloud~md~obsidian/Documents/cpp-checker/branch_3/artifacts/lca_tree_stress_v5/strong_gate/runs/correctness_fuzz/caterpillar_rect_dense/n64/seed2_L1_Q0
correctness_fuzz,caterpillar_rect_dense,64,2,1,1,1,0,0,1,0.012072,4032,/Users/free_1/Library/Mobile Documents/iCloud~md~obsidian/Documents/cpp-checker/branch_3/artifacts/lca_tree_stress_v5/strong_gate/runs/correctness_fuzz/caterpillar_rect_dense/n64/seed2_L1_Q1
correctness_fuzz,caterpillar_rect_dense,64,3,0,0,1,0,0,1,0.015027,4064,/Users/free_1/Library/Mobile Documents/iCloud~md~obsidian/Documents/cpp-checker/branch_3/artifacts/lca_tree_stress_v5/strong_gate/runs/correctness_fuzz/caterpillar_rect_dense/n64/seed3_L0_Q0
correctness_fuzz,caterpillar_rect_dense,64,3,0,1,1,0,0,1,0.012189,4048,/Users/free_1/Library/Mobile Documents/iCloud~md~obsidian/Documents/cpp-checker/branch_3/artifacts/lca_tree_stress_v5/strong_gate/runs/correctness_fuzz/caterpillar_rect_dense/n64/seed3_L0_Q1
correctness_fuzz,caterpillar_rect_dense,64,3,1,0,1,0,0,1,0.012445,3984,/Users/free_1/Library/Mobile Documents/iCloud~md~obsidian/Documents/cpp-checker/branch_3/artifacts/lca_tree_stress_v5/strong_gate/runs/correctness_fuzz/caterpillar_rect_dense/n64/seed3_L1_Q0
correctness_fuzz,caterpillar_rect_dense,64,3,1,1,1,0,0,1,0.015037,4064,/Users/free_1/Library/Mobile Documents/iCloud~md~obsidian/Documents/cpp-checker/branch_3/artifacts/lca_tree_stress_v5/strong_gate/runs/correctness_fuzz/caterpillar_rect_dense/n64/seed3_L1_Q1
correctness_fuzz,caterpillar_rect_dense,64,4,0,0,1,0,0,1,0.010552,3968,/Users/free_1/Library/Mobile Documents/iCloud~md~obsidian/Documents/cpp-checker/branch_3/artifacts/lca_tree_stress_v5/strong_gate/runs/correctness_fuzz/caterpillar_rect_dense/n64/seed4_L0_Q0
correctness_fuzz,caterpillar_rect_dense,64,4,0,1,1,0,0,1,0.012983,4016,/Users/free_1/Library/Mobile Documents/iCloud~md~obsidian/Documents/cpp-checker/branch_3/artifacts/lca_tree_stress_v5/strong_gate/runs/correctness_fuzz/caterpillar_rect_dense/n64/seed4_L0_Q1
correctness_fuzz,caterpillar_rect_dense,64,4,1,0,1,0,0,1,0.013047,3984,/Users/free_1/Library/Mobile Documents/iCloud~md~obsidian/Documents/cpp-checker/branch_3/artifacts/lca_tree_stress_v5/strong_gate/runs/correctness_fuzz/caterpillar_rect_dense/n64/seed4_L1_Q0
correctness_fuzz,caterpillar_rect_dense,64,4,1,1,1,0,0,1,0.013946,3936,/Users/free_1/Library/Mobile Documents/iCloud~md~obsidian/Documents/cpp-checker/branch_3/artifacts/lca_tree_stress_v5/strong_gate/runs/correctness_fuzz/caterpillar_rect_dense/n64/seed4_L1_Q1
correctness_fuzz,caterpillar_rect_dense,64,5,0,0,1,0,0,1,0.012912,3968,/Users/free_1/Library/Mobile Documents/iCloud~md~obsidian/Documents/cpp-checker/branch_3/artifacts/lca_tree_stress_v5/strong_gate/runs/correctness_fuzz/caterpillar_rect_dense/n64/seed5_L0_Q0
correctness_fuzz,caterpillar_rect_dense,64,5,0,1,1,0,0,1,0.010370,4032,/Users/free_1/Library/Mobile Documents/iCloud~md~obsidian/Documents/cpp-checker/branch_3/artifacts/lca_tree_stress_v5/strong_gate/runs/correctness_fuzz/caterpillar_rect_dense/n64/seed5_L0_Q1
correctness_fuzz,caterpillar_rect_dense,64,5,1,0,1,0,0,1,0.012251,4080,/Users/free_1/Library/Mobile Documents/iCloud~md~obsidian/Documents/cpp-checker/branch_3/artifacts/lca_tree_stress_v5/strong_gate/runs/correctness_fuzz/caterpillar_rect_dense/n64/seed5_L1_Q0
correctness_fuzz,caterpillar_rect_dense,64,5,1,1,1,0,0,1,0.011190,4064,/Users/free_1/Library/Mobile Documents/iCloud~md~obsidian/Documents/cpp-checker/branch_3/artifacts/lca_tree_stress_v5/strong_gate/runs/correctness_fuzz/caterpillar_rect_dense/n64/seed5_L1_Q1
correctness_fuzz,caterpillar_rect_dense,128,1,0,0,1,0,0,1,0.032771,7040,/Users/free_1/Library/Mobile Documents/iCloud~md~obsidian/Documents/cpp-checker/branch_3/artifacts/lca_tree_stress_v5/strong_gate/runs/correctness_fuzz/caterpillar_rect_dense/n128/seed1_L0_Q0
correctness_fuzz,caterpillar_rect_dense,128,1,0,1,1,0,0,1,0.037583,6816,/Users/free_1/Library/Mobile Documents/iCloud~md~obsidian/Documents/cpp-checker/branch_3/artifacts/lca_tree_stress_v5/strong_gate/runs/correctness_fuzz/caterpillar_rect_dense/n128/seed1_L0_Q1
correctness_fuzz,caterpillar_rect_dense,128,1,1,0,1,0,0,1,0.033177,6832,/Users/free_1/Library/Mobile Documents/iCloud~md~obsidian/Documents/cpp-checker/branch_3/artifacts/lca_tree_stress_v5/strong_gate/runs/correctness_fuzz/caterpillar_rect_dense/n128/seed1_L1_Q0
correctness_fuzz,caterpillar_rect_dense,128,1,1,1,1,0,0,1,0.033339,6912,/Users/free_1/Library/Mobile Documents/iCloud~md~obsidian/Documents/cpp-checker/branch_3/artifacts/lca_tree_stress_v5/strong_gate/runs/correctness_fuzz/caterpillar_rect_dense/n128/seed1_L1_Q1
correctness_fuzz,caterpillar_rect_dense,128,2,0,0,1,0,0,1,0.045118,7104,/Users/free_1/Library/Mobile Documents/iCloud~md~obsidian/Documents/cpp-checker/branch_3/artifacts/lca_tree_stress_v5/strong_gate/runs/correctness_fuzz/caterpillar_rect_dense/n128/seed2_L0_Q0
correctness_fuzz,caterpillar_rect_dense,128,2,0,1,1,0,0,1,0.036780,7152,/Users/free_1/Library/Mobile Documents/iCloud~md~obsidian/Documents/cpp-checker/branch_3/artifacts/lca_tree_stress_v5/strong_gate/runs/correctness_fuzz/caterpillar_rect_dense/n128/seed2_L0_Q1
correctness_fuzz,caterpillar_rect_dense,128,2,1,0,1,0,0,1,0.037363,7088,/Users/free_1/Library/Mobile Documents/iCloud~md~obsidian/Documents/cpp-checker/branch_3/artifacts/lca_tree_stress_v5/strong_gate/runs/correctness_fuzz/caterpillar_rect_dense/n128/seed2_L1_Q0
correctness_fuzz,caterpillar_rect_dense,128,2,1,1,1,0,0,1,0.042007,7120,/Users/free_1/Library/Mobile Documents/iCloud~md~obsidian/Documents/cpp-checker/branch_3/artifacts/lca_tree_stress_v5/strong_gate/runs/correctness_fuzz/caterpillar_rect_dense/n128/seed2_L1_Q1
correctness_fuzz,caterpillar_rect_dense,128,3,0,0,1,0,0,1,0.038624,7072,/Users/free_1/Library/Mobile Documents/iCloud~md~obsidian/Documents/cpp-checker/branch_3/artifacts/lca_tree_stress_v5/strong_gate/runs/correctness_fuzz/caterpillar_rect_dense/n128/seed3_L0_Q0
correctness_fuzz,caterpillar_rect_dense,128,3,0,1,1,0,0,1,0.037979,7296,/Users/free_1/Library/Mobile Documents/iCloud~md~obsidian/Documents/cpp-checker/branch_3/artifacts/lca_tree_stress_v5/strong_gate/runs/correctness_fuzz/caterpillar_rect_dense/n128/seed3_L0_Q1
correctness_fuzz,caterpillar_rect_dense,128,3,1,0,1,0,0,1,0.040333,7024,/Users/free_1/Library/Mobile Documents/iCloud~md~obsidian/Documents/cpp-checker/branch_3/artifacts/lca_tree_stress_v5/strong_gate/runs/correctness_fuzz/caterpillar_rect_dense/n128/seed3_L1_Q0
correctness_fuzz,caterpillar_rect_dense,128,3,1,1,1,0,0,1,0.036317,7312,/Users/free_1/Library/Mobile Documents/iCloud~md~obsidian/Documents/cpp-checker/branch_3/artifacts/lca_tree_stress_v5/strong_gate/runs/correctness_fuzz/caterpillar_rect_dense/n128/seed3_L1_Q1
correctness_fuzz,caterpillar_rect_dense,128,4,0,0,1,0,0,1,0.035311,7168,/Users/free_1/Library/Mobile Documents/iCloud~md~obsidian/Documents/cpp-checker/branch_3/artifacts/lca_tree_stress_v5/strong_gate/runs/correctness_fuzz/caterpillar_rect_dense/n128/seed4_L0_Q0
correctness_fuzz,caterpillar_rect_dense,128,4,0,1,1,0,0,1,0.032526,7168,/Users/free_1/Library/Mobile Documents/iCloud~md~obsidian/Documents/cpp-checker/branch_3/artifacts/lca_tree_stress_v5/strong_gate/runs/correctness_fuzz/caterpillar_rect_dense/n128/seed4_L0_Q1
correctness_fuzz,caterpillar_rect_dense,128,4,1,0,1,0,0,1,0.032730,6960,/Users/free_1/Library/Mobile Documents/iCloud~md~obsidian/Documents/cpp-checker/branch_3/artifacts/lca_tree_stress_v5/strong_gate/runs/correctness_fuzz/caterpillar_rect_dense/n128/seed4_L1_Q0
correctness_fuzz,caterpillar_rect_dense,128,4,1,1,1,0,0,1,0.031271,7088,/Users/free_1/Library/Mobile Documents/iCloud~md~obsidian/Documents/cpp-checker/branch_3/artifacts/lca_tree_stress_v5/strong_gate/runs/correctness_fuzz/caterpillar_rect_dense/n128/seed4_L1_Q1
correctness_fuzz,caterpillar_rect_dense,128,5,0,0,1,0,0,1,0.041283,6896,/Users/free_1/Library/Mobile Documents/iCloud~md~obsidian/Documents/cpp-checker/branch_3/artifacts/lca_tree_stress_v5/strong_gate/runs/correctness_fuzz/caterpillar_rect_dense/n128/seed5_L0_Q0
correctness_fuzz,caterpillar_rect_dense,128,5,0,1,1,0,0,1,0.035792,6672,/Users/free_1/Library/Mobile Documents/iCloud~md~obsidian/Documents/cpp-checker/branch_3/artifacts/lca_tree_stress_v5/strong_gate/runs/correctness_fuzz/caterpillar_rect_dense/n128/seed5_L0_Q1
correctness_fuzz,caterpillar_rect_dense,128,5,1,0,1,0,0,1,0.037136,6688,/Users/free_1/Library/Mobile Documents/iCloud~md~obsidian/Documents/cpp-checker/branch_3/artifacts/lca_tree_stress_v5/strong_gate/runs/correctness_fuzz/caterpillar_rect_dense/n128/seed5_L1_Q0
correctness_fuzz,caterpillar_rect_dense,128,5,1,1,1,0,0,1,0.040863,6736,/Users/free_1/Library/Mobile Documents/iCloud~md~obsidian/Documents/cpp-checker/branch_3/artifacts/lca_tree_stress_v5/strong_gate/runs/correctness_fuzz/caterpillar_rect_dense/n128/seed5_L1_Q1
correctness_fuzz,caterpillar_rect_dense,256,1,0,0,1,0,0,1,0.100190,16496,/Users/free_1/Library/Mobile Documents/iCloud~md~obsidian/Documents/cpp-checker/branch_3/artifacts/lca_tree_stress_v5/strong_gate/runs/correctness_fuzz/caterpillar_rect_dense/n256/seed1_L0_Q0
correctness_fuzz,caterpillar_rect_dense,256,1,0,1,1,0,0,1,0.098178,16576,/Users/free_1/Library/Mobile Documents/iCloud~md~obsidian/Documents/cpp-checker/branch_3/artifacts/lca_tree_stress_v5/strong_gate/runs/correctness_fuzz/caterpillar_rect_dense/n256/seed1_L0_Q1
correctness_fuzz,caterpillar_rect_dense,256,1,1,0,1,0,0,1,0.102588,16976,/Users/free_1/Library/Mobile Documents/iCloud~md~obsidian/Documents/cpp-checker/branch_3/artifacts/lca_tree_stress_v5/strong_gate/runs/correctness_fuzz/caterpillar_rect_dense/n256/seed1_L1_Q0
correctness_fuzz,caterpillar_rect_dense,256,1,1,1,1,0,0,1,0.109347,16928,/Users/free_1/Library/Mobile Documents/iCloud~md~obsidian/Documents/cpp-checker/branch_3/artifacts/lca_tree_stress_v5/strong_gate/runs/correctness_fuzz/caterpillar_rect_dense/n256/seed1_L1_Q1
correctness_fuzz,caterpillar_rect_dense,256,2,0,0,1,0,0,1,0.105893,17760,/Users/free_1/Library/Mobile Documents/iCloud~md~obsidian/Documents/cpp-checker/branch_3/artifacts/lca_tree_stress_v5/strong_gate/runs/correctness_fuzz/caterpillar_rect_dense/n256/seed2_L0_Q0
correctness_fuzz,caterpillar_rect_dense,256,2,0,1,1,0,0,1,0.109495,17360,/Users/free_1/Library/Mobile Documents/iCloud~md~obsidian/Documents/cpp-checker/branch_3/artifacts/lca_tree_stress_v5/strong_gate/runs/correctness_fuzz/caterpillar_rect_dense/n256/seed2_L0_Q1
correctness_fuzz,caterpillar_rect_dense,256,2,1,0,1,0,0,1,0.108652,17392,/Users/free_1/Library/Mobile Documents/iCloud~md~obsidian/Documents/cpp-checker/branch_3/artifacts/lca_tree_stress_v5/strong_gate/runs/correctness_fuzz/caterpillar_rect_dense/n256/seed2_L1_Q0
correctness_fuzz,caterpillar_rect_dense,256,2,1,1,1,0,0,1,0.108783,17680,/Users/free_1/Library/Mobile Documents/iCloud~md~obsidian/Documents/cpp-checker/branch_3/artifacts/lca_tree_stress_v5/strong_gate/runs/correctness_fuzz/caterpillar_rect_dense/n256/seed2_L1_Q1
correctness_fuzz,caterpillar_rect_dense,256,3,0,0,1,0,0,1,0.108605,17536,/Users/free_1/Library/Mobile Documents/iCloud~md~obsidian/Documents/cpp-checker/branch_3/artifacts/lca_tree_stress_v5/strong_gate/runs/correctness_fuzz/caterpillar_rect_dense/n256/seed3_L0_Q0
correctness_fuzz,caterpillar_rect_dense,256,3,0,1,1,0,0,1,0.101829,17840,/Users/free_1/Library/Mobile Documents/iCloud~md~obsidian/Documents/cpp-checker/branch_3/artifacts/lca_tree_stress_v5/strong_gate/runs/correctness_fuzz/caterpillar_rect_dense/n256/seed3_L0_Q1
correctness_fuzz,caterpillar_rect_dense,256,3,1,0,1,0,0,1,0.106929,17824,/Users/free_1/Library/Mobile Documents/iCloud~md~obsidian/Documents/cpp-checker/branch_3/artifacts/lca_tree_stress_v5/strong_gate/runs/correctness_fuzz/caterpillar_rect_dense/n256/seed3_L1_Q0
correctness_fuzz,caterpillar_rect_dense,256,3,1,1,1,0,0,1,0.109551,17824,/Users/free_1/Library/Mobile Documents/iCloud~md~obsidian/Documents/cpp-checker/branch_3/artifacts/lca_tree_stress_v5/strong_gate/runs/correctness_fuzz/caterpillar_rect_dense/n256/seed3_L1_Q1
correctness_fuzz,caterpillar_rect_dense,256,4,0,0,1,0,0,1,0.100083,17088,/Users/free_1/Library/Mobile Documents/iCloud~md~obsidian/Documents/cpp-checker/branch_3/artifacts/lca_tree_stress_v5/strong_gate/runs/correctness_fuzz/caterpillar_rect_dense/n256/seed4_L0_Q0
correctness_fuzz,caterpillar_rect_dense,256,4,0,1,1,0,0,1,0.097428,16992,/Users/free_1/Library/Mobile Documents/iCloud~md~obsidian/Documents/cpp-checker/branch_3/artifacts/lca_tree_stress_v5/strong_gate/runs/correctness_fuzz/caterpillar_rect_dense/n256/seed4_L0_Q1
correctness_fuzz,caterpillar_rect_dense,256,4,1,0,1,0,0,1,0.104266,17472,/Users/free_1/Library/Mobile Documents/iCloud~md~obsidian/Documents/cpp-checker/branch_3/artifacts/lca_tree_stress_v5/strong_gate/runs/correctness_fuzz/caterpillar_rect_dense/n256/seed4_L1_Q0
correctness_fuzz,caterpillar_rect_dense,256,4,1,1,1,0,0,1,0.109297,17024,/Users/free_1/Library/Mobile Documents/iCloud~md~obsidian/Documents/cpp-checker/branch_3/artifacts/lca_tree_stress_v5/strong_gate/runs/correctness_fuzz/caterpillar_rect_dense/n256/seed4_L1_Q1
correctness_fuzz,caterpillar_rect_dense,256,5,0,0,1,0,0,1,0.100587,16864,/Users/free_1/Library/Mobile Documents/iCloud~md~obsidian/Documents/cpp-checker/branch_3/artifacts/lca_tree_stress_v5/strong_gate/runs/correctness_fuzz/caterpillar_rect_dense/n256/seed5_L0_Q0
correctness_fuzz,caterpillar_rect_dense,256,5,0,1,1,0,0,1,0.105973,17216,/Users/free_1/Library/Mobile Documents/iCloud~md~obsidian/Documents/cpp-checker/branch_3/artifacts/lca_tree_stress_v5/strong_gate/runs/correctness_fuzz/caterpillar_rect_dense/n256/seed5_L0_Q1
correctness_fuzz,caterpillar_rect_dense,256,5,1,0,1,0,0,1,0.105206,17232,/Users/free_1/Library/Mobile Documents/iCloud~md~obsidian/Documents/cpp-checker/branch_3/artifacts/lca_tree_stress_v5/strong_gate/runs/correctness_fuzz/caterpillar_rect_dense/n256/seed5_L1_Q0
correctness_fuzz,caterpillar_rect_dense,256,5,1,1,1,0,0,1,0.101623,16848,/Users/free_1/Library/Mobile Documents/iCloud~md~obsidian/Documents/cpp-checker/branch_3/artifacts/lca_tree_stress_v5/strong_gate/runs/correctness_fuzz/caterpillar_rect_dense/n256/seed5_L1_Q1
correctness_fuzz,caterpillar_rect_dense,512,1,0,0,1,0,0,1,0.418170,74480,/Users/free_1/Library/Mobile Documents/iCloud~md~obsidian/Documents/cpp-checker/branch_3/artifacts/lca_tree_stress_v5/strong_gate/runs/correctness_fuzz/caterpillar_rect_dense/n512/seed1_L0_Q0
correctness_fuzz,caterpillar_rect_dense,512,1,0,1,1,0,0,1,0.390427,74240,/Users/free_1/Library/Mobile Documents/iCloud~md~obsidian/Documents/cpp-checker/branch_3/artifacts/lca_tree_stress_v5/strong_gate/runs/correctness_fuzz/caterpillar_rect_dense/n512/seed1_L0_Q1
correctness_fuzz,caterpillar_rect_dense,512,1,1,0,1,0,0,1,0.399404,74272,/Users/free_1/Library/Mobile Documents/iCloud~md~obsidian/Documents/cpp-checker/branch_3/artifacts/lca_tree_stress_v5/strong_gate/runs/correctness_fuzz/caterpillar_rect_dense/n512/seed1_L1_Q0
correctness_fuzz,caterpillar_rect_dense,512,1,1,1,1,0,0,1,0.388797,74528,/Users/free_1/Library/Mobile Documents/iCloud~md~obsidian/Documents/cpp-checker/branch_3/artifacts/lca_tree_stress_v5/strong_gate/runs/correctness_fuzz/caterpillar_rect_dense/n512/seed1_L1_Q1
correctness_fuzz,caterpillar_rect_dense,512,2,0,0,1,0,0,1,0.374646,79504,/Users/free_1/Library/Mobile Documents/iCloud~md~obsidian/Documents/cpp-checker/branch_3/artifacts/lca_tree_stress_v5/strong_gate/runs/correctness_fuzz/caterpillar_rect_dense/n512/seed2_L0_Q0
correctness_fuzz,caterpillar_rect_dense,512,2,0,1,1,0,0,1,0.465110,80048,/Users/free_1/Library/Mobile Documents/iCloud~md~obsidian/Documents/cpp-checker/branch_3/artifacts/lca_tree_stress_v5/strong_gate/runs/correctness_fuzz/caterpillar_rect_dense/n512/seed2_L0_Q1
correctness_fuzz,caterpillar_rect_dense,512,2,1,0,1,0,0,1,0.450993,79888,/Users/free_1/Library/Mobile Documents/iCloud~md~obsidian/Documents/cpp-checker/branch_3/artifacts/lca_tree_stress_v5/strong_gate/runs/correctness_fuzz/caterpillar_rect_dense/n512/seed2_L1_Q0
correctness_fuzz,caterpillar_rect_dense,512,2,1,1,1,0,0,1,0.415706,79952,/Users/free_1/Library/Mobile Documents/iCloud~md~obsidian/Documents/cpp-checker/branch_3/artifacts/lca_tree_stress_v5/strong_gate/runs/correctness_fuzz/caterpillar_rect_dense/n512/seed2_L1_Q1
correctness_fuzz,caterpillar_rect_dense,512,3,0,0,1,0,0,1,0.388305,81376,/Users/free_1/Library/Mobile Documents/iCloud~md~obsidian/Documents/cpp-checker/branch_3/artifacts/lca_tree_stress_v5/strong_gate/runs/correctness_fuzz/caterpillar_rect_dense/n512/seed3_L0_Q0
correctness_fuzz,caterpillar_rect_dense,512,3,0,1,1,0,0,1,0.397462,80192,/Users/free_1/Library/Mobile Documents/iCloud~md~obsidian/Documents/cpp-checker/branch_3/artifacts/lca_tree_stress_v5/strong_gate/runs/correctness_fuzz/caterpillar_rect_dense/n512/seed3_L0_Q1
correctness_fuzz,caterpillar_rect_dense,512,3,1,0,1,0,0,1,0.374165,81376,/Users/free_1/Library/Mobile Documents/iCloud~md~obsidian/Documents/cpp-checker/branch_3/artifacts/lca_tree_stress_v5/strong_gate/runs/correctness_fuzz/caterpillar_rect_dense/n512/seed3_L1_Q0
correctness_fuzz,caterpillar_rect_dense,512,3,1,1,1,0,0,1,0.401539,80240,/Users/free_1/Library/Mobile Documents/iCloud~md~obsidian/Documents/cpp-checker/branch_3/artifacts/lca_tree_stress_v5/strong_gate/runs/correctness_fuzz/caterpillar_rect_dense/n512/seed3_L1_Q1
correctness_fuzz,caterpillar_rect_dense,512,4,0,0,1,0,0,1,0.372056,84304,/Users/free_1/Library/Mobile Documents/iCloud~md~obsidian/Documents/cpp-checker/branch_3/artifacts/lca_tree_stress_v5/strong_gate/runs/correctness_fuzz/caterpillar_rect_dense/n512/seed4_L0_Q0
correctness_fuzz,caterpillar_rect_dense,512,4,0,1,1,0,0,1,0.390638,84400,/Users/free_1/Library/Mobile Documents/iCloud~md~obsidian/Documents/cpp-checker/branch_3/artifacts/lca_tree_stress_v5/strong_gate/runs/correctness_fuzz/caterpillar_rect_dense/n512/seed4_L0_Q1
correctness_fuzz,caterpillar_rect_dense,512,4,1,0,1,0,0,1,0.401433,85248,/Users/free_1/Library/Mobile Documents/iCloud~md~obsidian/Documents/cpp-checker/branch_3/artifacts/lca_tree_stress_v5/strong_gate/runs/correctness_fuzz/caterpillar_rect_dense/n512/seed4_L1_Q0
correctness_fuzz,caterpillar_rect_dense,512,4,1,1,1,0,0,1,0.435853,85232,/Users/free_1/Library/Mobile Documents/iCloud~md~obsidian/Documents/cpp-checker/branch_3/artifacts/lca_tree_stress_v5/strong_gate/runs/correctness_fuzz/caterpillar_rect_dense/n512/seed4_L1_Q1
correctness_fuzz,caterpillar_rect_dense,512,5,0,0,1,0,0,1,0.351361,75440,/Users/free_1/Library/Mobile Documents/iCloud~md~obsidian/Documents/cpp-checker/branch_3/artifacts/lca_tree_stress_v5/strong_gate/runs/correctness_fuzz/caterpillar_rect_dense/n512/seed5_L0_Q0
correctness_fuzz,caterpillar_rect_dense,512,5,0,1,1,0,0,1,0.392861,75456,/Users/free_1/Library/Mobile Documents/iCloud~md~obsidian/Documents/cpp-checker/branch_3/artifacts/lca_tree_stress_v5/strong_gate/runs/correctness_fuzz/caterpillar_rect_dense/n512/seed5_L0_Q1
correctness_fuzz,caterpillar_rect_dense,512,5,1,0,1,0,0,1,0.362982,76160,/Users/free_1/Library/Mobile Documents/iCloud~md~obsidian/Documents/cpp-checker/branch_3/artifacts/lca_tree_stress_v5/strong_gate/runs/correctness_fuzz/caterpillar_rect_dense/n512/seed5_L1_Q0
correctness_fuzz,caterpillar_rect_dense,512,5,1,1,1,0,0,1,0.360120,75456,/Users/free_1/Library/Mobile Documents/iCloud~md~obsidian/Documents/cpp-checker/branch_3/artifacts/lca_tree_stress_v5/strong_gate/runs/correctness_fuzz/caterpillar_rect_dense/n512/seed5_L1_Q1
correctness_fuzz,caterpillar_rect_dense,1024,1,0,0,1,-9,1,0,,,/Users/free_1/Library/Mobile Documents/iCloud~md~obsidian/Documents/cpp-checker/branch_3/artifacts/lca_tree_stress_v5/strong_gate/runs/correctness_fuzz/caterpillar_rect_dense/n1024/seed1_L0_Q0
correctness_fuzz,caterpillar_rect_dense,1024,1,0,1,1,-9,1,0,,,/Users/free_1/Library/Mobile Documents/iCloud~md~obsidian/Documents/cpp-checker/branch_3/artifacts/lca_tree_stress_v5/strong_gate/runs/correctness_fuzz/caterpillar_rect_dense/n1024/seed1_L0_Q1
correctness_fuzz,caterpillar_rect_dense,1024,1,1,0,1,0,1,0,,,/Users/free_1/Library/Mobile Documents/iCloud~md~obsidian/Documents/cpp-checker/branch_3/artifacts/lca_tree_stress_v5/strong_gate/runs/correctness_fuzz/caterpillar_rect_dense/n1024/seed1_L1_Q0
correctness_fuzz,caterpillar_rect_dense,1024,1,1,1,1,-9,1,0,,,/Users/free_1/Library/Mobile Documents/iCloud~md~obsidian/Documents/cpp-checker/branch_3/artifacts/lca_tree_stress_v5/strong_gate/runs/correctness_fuzz/caterpillar_rect_dense/n1024/seed1_L1_Q1
correctness_fuzz,caterpillar_rect_dense,1024,2,0,0,1,-9,1,0,,,/Users/free_1/Library/Mobile Documents/iCloud~md~obsidian/Documents/cpp-checker/branch_3/artifacts/lca_tree_stress_v5/strong_gate/runs/correctness_fuzz/caterpillar_rect_dense/n1024/seed2_L0_Q0
correctness_fuzz,caterpillar_rect_dense,1024,2,0,1,1,-9,1,0,,,/Users/free_1/Library/Mobile Documents/iCloud~md~obsidian/Documents/cpp-checker/branch_3/artifacts/lca_tree_stress_v5/strong_gate/runs/correctness_fuzz/caterpillar_rect_dense/n1024/seed2_L0_Q1
correctness_fuzz,caterpillar_rect_dense,1024,2,1,0,1,-9,1,0,,,/Users/free_1/Library/Mobile Documents/iCloud~md~obsidian/Documents/cpp-checker/branch_3/artifacts/lca_tree_stress_v5/strong_gate/runs/correctness_fuzz/caterpillar_rect_dense/n1024/seed2_L1_Q0
correctness_fuzz,caterpillar_rect_dense,1024,2,1,1,1,-9,1,0,,,/Users/free_1/Library/Mobile Documents/iCloud~md~obsidian/Documents/cpp-checker/branch_3/artifacts/lca_tree_stress_v5/strong_gate/runs/correctness_fuzz/caterpillar_rect_dense/n1024/seed2_L1_Q1
correctness_fuzz,caterpillar_rect_dense,1024,3,0,0,1,-9,1,0,,,/Users/free_1/Library/Mobile Documents/iCloud~md~obsidian/Documents/cpp-checker/branch_3/artifacts/lca_tree_stress_v5/strong_gate/runs/correctness_fuzz/caterpillar_rect_dense/n1024/seed3_L0_Q0
correctness_fuzz,caterpillar_rect_dense,1024,3,0,1,1,0,0,1,1.926750,505168,/Users/free_1/Library/Mobile Documents/iCloud~md~obsidian/Documents/cpp-checker/branch_3/artifacts/lca_tree_stress_v5/strong_gate/runs/correctness_fuzz/caterpillar_rect_dense/n1024/seed3_L0_Q1
correctness_fuzz,caterpillar_rect_dense,1024,3,1,0,1,0,0,1,1.816758,505248,/Users/free_1/Library/Mobile Documents/iCloud~md~obsidian/Documents/cpp-checker/branch_3/artifacts/lca_tree_stress_v5/strong_gate/runs/correctness_fuzz/caterpillar_rect_dense/n1024/seed3_L1_Q0
correctness_fuzz,caterpillar_rect_dense,1024,3,1,1,1,0,0,1,1.837461,506096,/Users/free_1/Library/Mobile Documents/iCloud~md~obsidian/Documents/cpp-checker/branch_3/artifacts/lca_tree_stress_v5/strong_gate/runs/correctness_fuzz/caterpillar_rect_dense/n1024/seed3_L1_Q1
correctness_fuzz,caterpillar_rect_dense,1024,4,0,0,1,0,0,1,1.878567,539936,/Users/free_1/Library/Mobile Documents/iCloud~md~obsidian/Documents/cpp-checker/branch_3/artifacts/lca_tree_stress_v5/strong_gate/runs/correctness_fuzz/caterpillar_rect_dense/n1024/seed4_L0_Q0
correctness_fuzz,caterpillar_rect_dense,1024,4,0,1,1,0,0,1,1.879784,542464,/Users/free_1/Library/Mobile Documents/iCloud~md~obsidian/Documents/cpp-checker/branch_3/artifacts/lca_tree_stress_v5/strong_gate/runs/correctness_fuzz/caterpillar_rect_dense/n1024/seed4_L0_Q1
correctness_fuzz,caterpillar_rect_dense,1024,4,1,0,1,0,0,1,1.891748,540000,/Users/free_1/Library/Mobile Documents/iCloud~md~obsidian/Documents/cpp-checker/branch_3/artifacts/lca_tree_stress_v5/strong_gate/runs/correctness_fuzz/caterpillar_rect_dense/n1024/seed4_L1_Q0
correctness_fuzz,caterpillar_rect_dense,1024,4,1,1,1,0,0,1,1.850560,543040,/Users/free_1/Library/Mobile Documents/iCloud~md~obsidian/Documents/cpp-checker/branch_3/artifacts/lca_tree_stress_v5/strong_gate/runs/correctness_fuzz/caterpillar_rect_dense/n1024/seed4_L1_Q1
correctness_fuzz,caterpillar_rect_dense,1024,5,0,0,1,0,0,1,1.814858,516000,/Users/free_1/Library/Mobile Documents/iCloud~md~obsidian/Documents/cpp-checker/branch_3/artifacts/lca_tree_stress_v5/strong_gate/runs/correctness_fuzz/caterpillar_rect_dense/n1024/seed5_L0_Q0
correctness_fuzz,caterpillar_rect_dense,1024,5,0,1,1,0,0,1,1.818134,514688,/Users/free_1/Library/Mobile Documents/iCloud~md~obsidian/Documents/cpp-checker/branch_3/artifacts/lca_tree_stress_v5/strong_gate/runs/correctness_fuzz/caterpillar_rect_dense/n1024/seed5_L0_Q1
correctness_fuzz,caterpillar_rect_dense,1024,5,1,0,1,0,0,1,1.787094,514672,/Users/free_1/Library/Mobile Documents/iCloud~md~obsidian/Documents/cpp-checker/branch_3/artifacts/lca_tree_stress_v5/strong_gate/runs/correctness_fuzz/caterpillar_rect_dense/n1024/seed5_L1_Q0
correctness_fuzz,caterpillar_rect_dense,1024,5,1,1,1,0,0,1,1.807500,515952,/Users/free_1/Library/Mobile Documents/iCloud~md~obsidian/Documents/cpp-checker/branch_3/artifacts/lca_tree_stress_v5/strong_gate/runs/correctness_fuzz/caterpillar_rect_dense/n1024/seed5_L1_Q1
correctness_fuzz,random_recursive_mixed,64,1,0,0,1,0,0,1,0.011488,2944,/Users/free_1/Library/Mobile Documents/iCloud~md~obsidian/Documents/cpp-checker/branch_3/artifacts/lca_tree_stress_v5/strong_gate/runs/correctness_fuzz/random_recursive_mixed/n64/seed1_L0_Q0
correctness_fuzz,random_recursive_mixed,64,1,0,1,1,0,0,1,0.011143,2992,/Users/free_1/Library/Mobile Documents/iCloud~md~obsidian/Documents/cpp-checker/branch_3/artifacts/lca_tree_stress_v5/strong_gate/runs/correctness_fuzz/random_recursive_mixed/n64/seed1_L0_Q1
correctness_fuzz,random_recursive_mixed,64,1,1,0,1,0,0,1,0.010244,2976,/Users/free_1/Library/Mobile Documents/iCloud~md~obsidian/Documents/cpp-checker/branch_3/artifacts/lca_tree_stress_v5/strong_gate/runs/correctness_fuzz/random_recursive_mixed/n64/seed1_L1_Q0
correctness_fuzz,random_recursive_mixed,64,1,1,1,1,0,0,1,0.011320,2928,/Users/free_1/Library/Mobile Documents/iCloud~md~obsidian/Documents/cpp-checker/branch_3/artifacts/lca_tree_stress_v5/strong_gate/runs/correctness_fuzz/random_recursive_mixed/n64/seed1_L1_Q1
correctness_fuzz,random_recursive_mixed,64,2,0,0,1,0,0,1,0.010463,2944,/Users/free_1/Library/Mobile Documents/iCloud~md~obsidian/Documents/cpp-checker/branch_3/artifacts/lca_tree_stress_v5/strong_gate/runs/correctness_fuzz/random_recursive_mixed/n64/seed2_L0_Q0
correctness_fuzz,random_recursive_mixed,64,2,0,1,1,0,0,1,0.010075,2944,/Users/free_1/Library/Mobile Documents/iCloud~md~obsidian/Documents/cpp-checker/branch_3/artifacts/lca_tree_stress_v5/strong_gate/runs/correctness_fuzz/random_recursive_mixed/n64/seed2_L0_Q1
correctness_fuzz,random_recursive_mixed,64,2,1,0,1,0,0,1,0.010786,2944,/Users/free_1/Library/Mobile Documents/iCloud~md~obsidian/Documents/cpp-checker/branch_3/artifacts/lca_tree_stress_v5/strong_gate/runs/correctness_fuzz/random_recursive_mixed/n64/seed2_L1_Q0
correctness_fuzz,random_recursive_mixed,64,2,1,1,1,0,0,1,0.010892,2944,/Users/free_1/Library/Mobile Documents/iCloud~md~obsidian/Documents/cpp-checker/branch_3/artifacts/lca_tree_stress_v5/strong_gate/runs/correctness_fuzz/random_recursive_mixed/n64/seed2_L1_Q1
correctness_fuzz,random_recursive_mixed,64,3,0,0,1,0,0,1,0.010832,3088,/Users/free_1/Library/Mobile Documents/iCloud~md~obsidian/Documents/cpp-checker/branch_3/artifacts/lca_tree_stress_v5/strong_gate/runs/correctness_fuzz/random_recursive_mixed/n64/seed3_L0_Q0
correctness_fuzz,random_recursive_mixed,64,3,0,1,1,0,0,1,0.012195,3072,/Users/free_1/Library/Mobile Documents/iCloud~md~obsidian/Documents/cpp-checker/branch_3/artifacts/lca_tree_stress_v5/strong_gate/runs/correctness_fuzz/random_recursive_mixed/n64/seed3_L0_Q1
correctness_fuzz,random_recursive_mixed,64,3,1,0,1,0,0,1,0.010237,3024,/Users/free_1/Library/Mobile Documents/iCloud~md~obsidian/Documents/cpp-checker/branch_3/artifacts/lca_tree_stress_v5/strong_gate/runs/correctness_fuzz/random_recursive_mixed/n64/seed3_L1_Q0
correctness_fuzz,random_recursive_mixed,64,3,1,1,1,0,0,1,0.015029,3104,/Users/free_1/Library/Mobile Documents/iCloud~md~obsidian/Documents/cpp-checker/branch_3/artifacts/lca_tree_stress_v5/strong_gate/runs/correctness_fuzz/random_recursive_mixed/n64/seed3_L1_Q1
correctness_fuzz,random_recursive_mixed,64,4,0,0,1,0,0,1,0.010602,2832,/Users/free_1/Library/Mobile Documents/iCloud~md~obsidian/Documents/cpp-checker/branch_3/artifacts/lca_tree_stress_v5/strong_gate/runs/correctness_fuzz/random_recursive_mixed/n64/seed4_L0_Q0
correctness_fuzz,random_recursive_mixed,64,4,0,1,1,0,0,1,0.015032,2864,/Users/free_1/Library/Mobile Documents/iCloud~md~obsidian/Documents/cpp-checker/branch_3/artifacts/lca_tree_stress_v5/strong_gate/runs/correctness_fuzz/random_recursive_mixed/n64/seed4_L0_Q1
correctness_fuzz,random_recursive_mixed,64,4,1,0,1,0,0,1,0.010645,2800,/Users/free_1/Library/Mobile Documents/iCloud~md~obsidian/Documents/cpp-checker/branch_3/artifacts/lca_tree_stress_v5/strong_gate/runs/correctness_fuzz/random_recursive_mixed/n64/seed4_L1_Q0
correctness_fuzz,random_recursive_mixed,64,4,1,1,1,0,0,1,0.015029,2752,/Users/free_1/Library/Mobile Documents/iCloud~md~obsidian/Documents/cpp-checker/branch_3/artifacts/lca_tree_stress_v5/strong_gate/runs/correctness_fuzz/random_recursive_mixed/n64/seed4_L1_Q1
correctness_fuzz,random_recursive_mixed,64,5,0,0,1,0,0,1,0.010377,2960,/Users/free_1/Library/Mobile Documents/iCloud~md~obsidian/Documents/cpp-checker/branch_3/artifacts/lca_tree_stress_v5/strong_gate/runs/correctness_fuzz/random_recursive_mixed/n64/seed5_L0_Q0
correctness_fuzz,random_recursive_mixed,64,5,0,1,1,0,0,1,0.010450,2896,/Users/free_1/Library/Mobile Documents/iCloud~md~obsidian/Documents/cpp-checker/branch_3/artifacts/lca_tree_stress_v5/strong_gate/runs/correctness_fuzz/random_recursive_mixed/n64/seed5_L0_Q1
correctness_fuzz,random_recursive_mixed,64,5,1,0,1,0,0,1,0.010444,2960,/Users/free_1/Library/Mobile Documents/iCloud~md~obsidian/Documents/cpp-checker/branch_3/artifacts/lca_tree_stress_v5/strong_gate/runs/correctness_fuzz/random_recursive_mixed/n64/seed5_L1_Q0
correctness_fuzz,random_recursive_mixed,64,5,1,1,1,0,0,1,0.010054,2960,/Users/free_1/Library/Mobile Documents/iCloud~md~obsidian/Documents/cpp-checker/branch_3/artifacts/lca_tree_stress_v5/strong_gate/runs/correctness_fuzz/random_recursive_mixed/n64/seed5_L1_Q1
correctness_fuzz,random_recursive_mixed,128,1,0,0,1,0,0,1,0.021199,3840,/Users/free_1/Library/Mobile Documents/iCloud~md~obsidian/Documents/cpp-checker/branch_3/artifacts/lca_tree_stress_v5/strong_gate/runs/correctness_fuzz/random_recursive_mixed/n128/seed1_L0_Q0
correctness_fuzz,random_recursive_mixed,128,1,0,1,1,0,0,1,0.020870,3744,/Users/free_1/Library/Mobile Documents/iCloud~md~obsidian/Documents/cpp-checker/branch_3/artifacts/lca_tree_stress_v5/strong_gate/runs/correctness_fuzz/random_recursive_mixed/n128/seed1_L0_Q1
correctness_fuzz,random_recursive_mixed,128,1,1,0,1,0,0,1,0.012392,3840,/Users/free_1/Library/Mobile Documents/iCloud~md~obsidian/Documents/cpp-checker/branch_3/artifacts/lca_tree_stress_v5/strong_gate/runs/correctness_fuzz/random_recursive_mixed/n128/seed1_L1_Q0
correctness_fuzz,random_recursive_mixed,128,1,1,1,1,0,0,1,0.012184,3824,/Users/free_1/Library/Mobile Documents/iCloud~md~obsidian/Documents/cpp-checker/branch_3/artifacts/lca_tree_stress_v5/strong_gate/runs/correctness_fuzz/random_recursive_mixed/n128/seed1_L1_Q1
correctness_fuzz,random_recursive_mixed,128,2,0,0,1,0,0,1,0.021605,3776,/Users/free_1/Library/Mobile Documents/iCloud~md~obsidian/Documents/cpp-checker/branch_3/artifacts/lca_tree_stress_v5/strong_gate/runs/correctness_fuzz/random_recursive_mixed/n128/seed2_L0_Q0
correctness_fuzz,random_recursive_mixed,128,2,0,1,1,0,0,1,0.012613,3792,/Users/free_1/Library/Mobile Documents/iCloud~md~obsidian/Documents/cpp-checker/branch_3/artifacts/lca_tree_stress_v5/strong_gate/runs/correctness_fuzz/random_recursive_mixed/n128/seed2_L0_Q1
correctness_fuzz,random_recursive_mixed,128,2,1,0,1,0,0,1,0.020865,3856,/Users/free_1/Library/Mobile Documents/iCloud~md~obsidian/Documents/cpp-checker/branch_3/artifacts/lca_tree_stress_v5/strong_gate/runs/correctness_fuzz/random_recursive_mixed/n128/seed2_L1_Q0
correctness_fuzz,random_recursive_mixed,128,2,1,1,1,0,0,1,0.020780,3808,/Users/free_1/Library/Mobile Documents/iCloud~md~obsidian/Documents/cpp-checker/branch_3/artifacts/lca_tree_stress_v5/strong_gate/runs/correctness_fuzz/random_recursive_mixed/n128/seed2_L1_Q1
correctness_fuzz,random_recursive_mixed,128,3,0,0,1,0,0,1,0.011330,3968,/Users/free_1/Library/Mobile Documents/iCloud~md~obsidian/Documents/cpp-checker/branch_3/artifacts/lca_tree_stress_v5/strong_gate/runs/correctness_fuzz/random_recursive_mixed/n128/seed3_L0_Q0
correctness_fuzz,random_recursive_mixed,128,3,0,1,1,0,0,1,0.020934,3952,/Users/free_1/Library/Mobile Documents/iCloud~md~obsidian/Documents/cpp-checker/branch_3/artifacts/lca_tree_stress_v5/strong_gate/runs/correctness_fuzz/random_recursive_mixed/n128/seed3_L0_Q1
correctness_fuzz,random_recursive_mixed,128,3,1,0,1,0,0,1,0.015038,3888,/Users/free_1/Library/Mobile Documents/iCloud~md~obsidian/Documents/cpp-checker/branch_3/artifacts/lca_tree_stress_v5/strong_gate/runs/correctness_fuzz/random_recursive_mixed/n128/seed3_L1_Q0
correctness_fuzz,random_recursive_mixed,128,3,1,1,1,0,0,1,0.023955,3968,/Users/free_1/Library/Mobile Documents/iCloud~md~obsidian/Documents/cpp-checker/branch_3/artifacts/lca_tree_stress_v5/strong_gate/runs/correctness_fuzz/random_recursive_mixed/n128/seed3_L1_Q1
correctness_fuzz,random_recursive_mixed,128,4,0,0,1,0,0,1,0.020705,3616,/Users/free_1/Library/Mobile Documents/iCloud~md~obsidian/Documents/cpp-checker/branch_3/artifacts/lca_tree_stress_v5/strong_gate/runs/correctness_fuzz/random_recursive_mixed/n128/seed4_L0_Q0
correctness_fuzz,random_recursive_mixed,128,4,0,1,1,0,0,1,0.015027,3584,/Users/free_1/Library/Mobile Documents/iCloud~md~obsidian/Documents/cpp-checker/branch_3/artifacts/lca_tree_stress_v5/strong_gate/runs/correctness_fuzz/random_recursive_mixed/n128/seed4_L0_Q1
correctness_fuzz,random_recursive_mixed,128,4,1,0,1,0,0,1,0.011026,3584,/Users/free_1/Library/Mobile Documents/iCloud~md~obsidian/Documents/cpp-checker/branch_3/artifacts/lca_tree_stress_v5/strong_gate/runs/correctness_fuzz/random_recursive_mixed/n128/seed4_L1_Q0
correctness_fuzz,random_recursive_mixed,128,4,1,1,1,0,0,1,0.010581,3568,/Users/free_1/Library/Mobile Documents/iCloud~md~obsidian/Documents/cpp-checker/branch_3/artifacts/lca_tree_stress_v5/strong_gate/runs/correctness_fuzz/random_recursive_mixed/n128/seed4_L1_Q1
correctness_fuzz,random_recursive_mixed,128,5,0,0,1,0,0,1,0.011773,3776,/Users/free_1/Library/Mobile Documents/iCloud~md~obsidian/Documents/cpp-checker/branch_3/artifacts/lca_tree_stress_v5/strong_gate/runs/correctness_fuzz/random_recursive_mixed/n128/seed5_L0_Q0
correctness_fuzz,random_recursive_mixed,128,5,0,1,1,0,0,1,0.021119,3808,/Users/free_1/Library/Mobile Documents/iCloud~md~obsidian/Documents/cpp-checker/branch_3/artifacts/lca_tree_stress_v5/strong_gate/runs/correctness_fuzz/random_recursive_mixed/n128/seed5_L0_Q1
correctness_fuzz,random_recursive_mixed,128,5,1,0,1,0,0,1,0.015029,3776,/Users/free_1/Library/Mobile Documents/iCloud~md~obsidian/Documents/cpp-checker/branch_3/artifacts/lca_tree_stress_v5/strong_gate/runs/correctness_fuzz/random_recursive_mixed/n128/seed5_L1_Q0
correctness_fuzz,random_recursive_mixed,128,5,1,1,1,0,0,1,0.010789,3776,/Users/free_1/Library/Mobile Documents/iCloud~md~obsidian/Documents/cpp-checker/branch_3/artifacts/lca_tree_stress_v5/strong_gate/runs/correctness_fuzz/random_recursive_mixed/n128/seed5_L1_Q1
correctness_fuzz,random_recursive_mixed,256,1,0,0,1,0,0,1,0.025541,5504,/Users/free_1/Library/Mobile Documents/iCloud~md~obsidian/Documents/cpp-checker/branch_3/artifacts/lca_tree_stress_v5/strong_gate/runs/correctness_fuzz/random_recursive_mixed/n256/seed1_L0_Q0
correctness_fuzz,random_recursive_mixed,256,1,0,1,1,0,0,1,0.026097,5408,/Users/free_1/Library/Mobile Documents/iCloud~md~obsidian/Documents/cpp-checker/branch_3/artifacts/lca_tree_stress_v5/strong_gate/runs/correctness_fuzz/random_recursive_mixed/n256/seed1_L0_Q1
correctness_fuzz,random_recursive_mixed,256,1,1,0,1,0,0,1,0.027876,5472,/Users/free_1/Library/Mobile Documents/iCloud~md~obsidian/Documents/cpp-checker/branch_3/artifacts/lca_tree_stress_v5/strong_gate/runs/correctness_fuzz/random_recursive_mixed/n256/seed1_L1_Q0
correctness_fuzz,random_recursive_mixed,256,1,1,1,1,0,0,1,0.032040,5472,/Users/free_1/Library/Mobile Documents/iCloud~md~obsidian/Documents/cpp-checker/branch_3/artifacts/lca_tree_stress_v5/strong_gate/runs/correctness_fuzz/random_recursive_mixed/n256/seed1_L1_Q1
correctness_fuzz,random_recursive_mixed,256,2,0,0,1,0,0,1,0.031766,5232,/Users/free_1/Library/Mobile Documents/iCloud~md~obsidian/Documents/cpp-checker/branch_3/artifacts/lca_tree_stress_v5/strong_gate/runs/correctness_fuzz/random_recursive_mixed/n256/seed2_L0_Q0
correctness_fuzz,random_recursive_mixed,256,2,0,1,1,0,0,1,0.026398,5296,/Users/free_1/Library/Mobile Documents/iCloud~md~obsidian/Documents/cpp-checker/branch_3/artifacts/lca_tree_stress_v5/strong_gate/runs/correctness_fuzz/random_recursive_mixed/n256/seed2_L0_Q1
correctness_fuzz,random_recursive_mixed,256,2,1,0,1,0,0,1,0.031550,5264,/Users/free_1/Library/Mobile Documents/iCloud~md~obsidian/Documents/cpp-checker/branch_3/artifacts/lca_tree_stress_v5/strong_gate/runs/correctness_fuzz/random_recursive_mixed/n256/seed2_L1_Q0
correctness_fuzz,random_recursive_mixed,256,2,1,1,1,0,0,1,0.032894,5296,/Users/free_1/Library/Mobile Documents/iCloud~md~obsidian/Documents/cpp-checker/branch_3/artifacts/lca_tree_stress_v5/strong_gate/runs/correctness_fuzz/random_recursive_mixed/n256/seed2_L1_Q1
correctness_fuzz,random_recursive_mixed,256,3,0,0,1,0,0,1,0.031711,5360,/Users/free_1/Library/Mobile Documents/iCloud~md~obsidian/Documents/cpp-checker/branch_3/artifacts/lca_tree_stress_v5/strong_gate/runs/correctness_fuzz/random_recursive_mixed/n256/seed3_L0_Q0
correctness_fuzz,random_recursive_mixed,256,3,0,1,1,0,0,1,0.028249,5376,/Users/free_1/Library/Mobile Documents/iCloud~md~obsidian/Documents/cpp-checker/branch_3/artifacts/lca_tree_stress_v5/strong_gate/runs/correctness_fuzz/random_recursive_mixed/n256/seed3_L0_Q1
correctness_fuzz,random_recursive_mixed,256,3,1,0,1,0,0,1,0.033268,5456,/Users/free_1/Library/Mobile Documents/iCloud~md~obsidian/Documents/cpp-checker/branch_3/artifacts/lca_tree_stress_v5/strong_gate/runs/correctness_fuzz/random_recursive_mixed/n256/seed3_L1_Q0
correctness_fuzz,random_recursive_mixed,256,3,1,1,1,0,0,1,0.025816,5392,/Users/free_1/Library/Mobile Documents/iCloud~md~obsidian/Documents/cpp-checker/branch_3/artifacts/lca_tree_stress_v5/strong_gate/runs/correctness_fuzz/random_recursive_mixed/n256/seed3_L1_Q1
correctness_fuzz,random_recursive_mixed,256,4,0,0,1,0,0,1,0.025886,4960,/Users/free_1/Library/Mobile Documents/iCloud~md~obsidian/Documents/cpp-checker/branch_3/artifacts/lca_tree_stress_v5/strong_gate/runs/correctness_fuzz/random_recursive_mixed/n256/seed4_L0_Q0
correctness_fuzz,random_recursive_mixed,256,4,0,1,1,0,0,1,0.023699,5008,/Users/free_1/Library/Mobile Documents/iCloud~md~obsidian/Documents/cpp-checker/branch_3/artifacts/lca_tree_stress_v5/strong_gate/runs/correctness_fuzz/random_recursive_mixed/n256/seed4_L0_Q1
correctness_fuzz,random_recursive_mixed,256,4,1,0,1,0,0,1,0.025937,4976,/Users/free_1/Library/Mobile Documents/iCloud~md~obsidian/Documents/cpp-checker/branch_3/artifacts/lca_tree_stress_v5/strong_gate/runs/correctness_fuzz/random_recursive_mixed/n256/seed4_L1_Q0
correctness_fuzz,random_recursive_mixed,256,4,1,1,1,0,0,1,0.025063,5008,/Users/free_1/Library/Mobile Documents/iCloud~md~obsidian/Documents/cpp-checker/branch_3/artifacts/lca_tree_stress_v5/strong_gate/runs/correctness_fuzz/random_recursive_mixed/n256/seed4_L1_Q1
correctness_fuzz,random_recursive_mixed,256,5,0,0,1,0,0,1,0.027945,5232,/Users/free_1/Library/Mobile Documents/iCloud~md~obsidian/Documents/cpp-checker/branch_3/artifacts/lca_tree_stress_v5/strong_gate/runs/correctness_fuzz/random_recursive_mixed/n256/seed5_L0_Q0
correctness_fuzz,random_recursive_mixed,256,5,0,1,1,0,0,1,0.031343,5312,/Users/free_1/Library/Mobile Documents/iCloud~md~obsidian/Documents/cpp-checker/branch_3/artifacts/lca_tree_stress_v5/strong_gate/runs/correctness_fuzz/random_recursive_mixed/n256/seed5_L0_Q1
correctness_fuzz,random_recursive_mixed,256,5,1,0,1,0,0,1,0.032407,5328,/Users/free_1/Library/Mobile Documents/iCloud~md~obsidian/Documents/cpp-checker/branch_3/artifacts/lca_tree_stress_v5/strong_gate/runs/correctness_fuzz/random_recursive_mixed/n256/seed5_L1_Q0
correctness_fuzz,random_recursive_mixed,256,5,1,1,1,0,0,1,0.032076,5280,/Users/free_1/Library/Mobile Documents/iCloud~md~obsidian/Documents/cpp-checker/branch_3/artifacts/lca_tree_stress_v5/strong_gate/runs/correctness_fuzz/random_recursive_mixed/n256/seed5_L1_Q1
correctness_fuzz,random_recursive_mixed,512,1,0,0,1,0,0,1,0.056989,8672,/Users/free_1/Library/Mobile Documents/iCloud~md~obsidian/Documents/cpp-checker/branch_3/artifacts/lca_tree_stress_v5/strong_gate/runs/correctness_fuzz/random_recursive_mixed/n512/seed1_L0_Q0
correctness_fuzz,random_recursive_mixed,512,1,0,1,1,0,0,1,0.053996,8720,/Users/free_1/Library/Mobile Documents/iCloud~md~obsidian/Documents/cpp-checker/branch_3/artifacts/lca_tree_stress_v5/strong_gate/runs/correctness_fuzz/random_recursive_mixed/n512/seed1_L0_Q1
correctness_fuzz,random_recursive_mixed,512,1,1,0,1,0,0,1,0.051958,8752,/Users/free_1/Library/Mobile Documents/iCloud~md~obsidian/Documents/cpp-checker/branch_3/artifacts/lca_tree_stress_v5/strong_gate/runs/correctness_fuzz/random_recursive_mixed/n512/seed1_L1_Q0
correctness_fuzz,random_recursive_mixed,512,1,1,1,1,0,0,1,0.053031,8704,/Users/free_1/Library/Mobile Documents/iCloud~md~obsidian/Documents/cpp-checker/branch_3/artifacts/lca_tree_stress_v5/strong_gate/runs/correctness_fuzz/random_recursive_mixed/n512/seed1_L1_Q1
correctness_fuzz,random_recursive_mixed,512,2,0,0,1,0,0,1,0.058431,8512,/Users/free_1/Library/Mobile Documents/iCloud~md~obsidian/Documents/cpp-checker/branch_3/artifacts/lca_tree_stress_v5/strong_gate/runs/correctness_fuzz/random_recursive_mixed/n512/seed2_L0_Q0
correctness_fuzz,random_recursive_mixed,512,2,0,1,1,0,0,1,0.050386,8560,/Users/free_1/Library/Mobile Documents/iCloud~md~obsidian/Documents/cpp-checker/branch_3/artifacts/lca_tree_stress_v5/strong_gate/runs/correctness_fuzz/random_recursive_mixed/n512/seed2_L0_Q1
correctness_fuzz,random_recursive_mixed,512,2,1,0,1,0,0,1,0.053690,8432,/Users/free_1/Library/Mobile Documents/iCloud~md~obsidian/Documents/cpp-checker/branch_3/artifacts/lca_tree_stress_v5/strong_gate/runs/correctness_fuzz/random_recursive_mixed/n512/seed2_L1_Q0
correctness_fuzz,random_recursive_mixed,512,2,1,1,1,0,0,1,0.056416,8368,/Users/free_1/Library/Mobile Documents/iCloud~md~obsidian/Documents/cpp-checker/branch_3/artifacts/lca_tree_stress_v5/strong_gate/runs/correctness_fuzz/random_recursive_mixed/n512/seed2_L1_Q1
correctness_fuzz,random_recursive_mixed,512,3,0,0,1,0,0,1,0.057643,8320,/Users/free_1/Library/Mobile Documents/iCloud~md~obsidian/Documents/cpp-checker/branch_3/artifacts/lca_tree_stress_v5/strong_gate/runs/correctness_fuzz/random_recursive_mixed/n512/seed3_L0_Q0
correctness_fuzz,random_recursive_mixed,512,3,0,1,1,0,0,1,0.053782,8320,/Users/free_1/Library/Mobile Documents/iCloud~md~obsidian/Documents/cpp-checker/branch_3/artifacts/lca_tree_stress_v5/strong_gate/runs/correctness_fuzz/random_recursive_mixed/n512/seed3_L0_Q1
correctness_fuzz,random_recursive_mixed,512,3,1,0,1,0,0,1,0.053456,8304,/Users/free_1/Library/Mobile Documents/iCloud~md~obsidian/Documents/cpp-checker/branch_3/artifacts/lca_tree_stress_v5/strong_gate/runs/correctness_fuzz/random_recursive_mixed/n512/seed3_L1_Q0
correctness_fuzz,random_recursive_mixed,512,3,1,1,1,0,0,1,0.053492,8464,/Users/free_1/Library/Mobile Documents/iCloud~md~obsidian/Documents/cpp-checker/branch_3/artifacts/lca_tree_stress_v5/strong_gate/runs/correctness_fuzz/random_recursive_mixed/n512/seed3_L1_Q1
correctness_fuzz,random_recursive_mixed,512,4,0,0,1,0,0,1,0.047063,8112,/Users/free_1/Library/Mobile Documents/iCloud~md~obsidian/Documents/cpp-checker/branch_3/artifacts/lca_tree_stress_v5/strong_gate/runs/correctness_fuzz/random_recursive_mixed/n512/seed4_L0_Q0
correctness_fuzz,random_recursive_mixed,512,4,0,1,1,0,0,1,0.053692,8032,/Users/free_1/Library/Mobile Documents/iCloud~md~obsidian/Documents/cpp-checker/branch_3/artifacts/lca_tree_stress_v5/strong_gate/runs/correctness_fuzz/random_recursive_mixed/n512/seed4_L0_Q1
correctness_fuzz,random_recursive_mixed,512,4,1,0,1,0,0,1,0.051203,7920,/Users/free_1/Library/Mobile Documents/iCloud~md~obsidian/Documents/cpp-checker/branch_3/artifacts/lca_tree_stress_v5/strong_gate/runs/correctness_fuzz/random_recursive_mixed/n512/seed4_L1_Q0
correctness_fuzz,random_recursive_mixed,512,4,1,1,1,0,0,1,0.053659,8016,/Users/free_1/Library/Mobile Documents/iCloud~md~obsidian/Documents/cpp-checker/branch_3/artifacts/lca_tree_stress_v5/strong_gate/runs/correctness_fuzz/random_recursive_mixed/n512/seed4_L1_Q1
correctness_fuzz,random_recursive_mixed,512,5,0,0,1,0,0,1,0.061433,8288,/Users/free_1/Library/Mobile Documents/iCloud~md~obsidian/Documents/cpp-checker/branch_3/artifacts/lca_tree_stress_v5/strong_gate/runs/correctness_fuzz/random_recursive_mixed/n512/seed5_L0_Q0
correctness_fuzz,random_recursive_mixed,512,5,0,1,1,0,0,1,0.051275,8272,/Users/free_1/Library/Mobile Documents/iCloud~md~obsidian/Documents/cpp-checker/branch_3/artifacts/lca_tree_stress_v5/strong_gate/runs/correctness_fuzz/random_recursive_mixed/n512/seed5_L0_Q1
correctness_fuzz,random_recursive_mixed,512,5,1,0,1,0,0,1,0.055009,8160,/Users/free_1/Library/Mobile Documents/iCloud~md~obsidian/Documents/cpp-checker/branch_3/artifacts/lca_tree_stress_v5/strong_gate/runs/correctness_fuzz/random_recursive_mixed/n512/seed5_L1_Q0
correctness_fuzz,random_recursive_mixed,512,5,1,1,1,0,0,1,0.057338,8272,/Users/free_1/Library/Mobile Documents/iCloud~md~obsidian/Documents/cpp-checker/branch_3/artifacts/lca_tree_stress_v5/strong_gate/runs/correctness_fuzz/random_recursive_mixed/n512/seed5_L1_Q1
correctness_fuzz,random_recursive_mixed,1024,1,0,0,1,0,0,1,0.109144,15232,/Users/free_1/Library/Mobile Documents/iCloud~md~obsidian/Documents/cpp-checker/branch_3/artifacts/lca_tree_stress_v5/strong_gate/runs/correctness_fuzz/random_recursive_mixed/n1024/seed1_L0_Q0
correctness_fuzz,random_recursive_mixed,1024,1,0,1,1,0,0,1,0.117108,15216,/Users/free_1/Library/Mobile Documents/iCloud~md~obsidian/Documents/cpp-checker/branch_3/artifacts/lca_tree_stress_v5/strong_gate/runs/correctness_fuzz/random_recursive_mixed/n1024/seed1_L0_Q1
correctness_fuzz,random_recursive_mixed,1024,1,1,0,1,0,0,1,0.110238,15264,/Users/free_1/Library/Mobile Documents/iCloud~md~obsidian/Documents/cpp-checker/branch_3/artifacts/lca_tree_stress_v5/strong_gate/runs/correctness_fuzz/random_recursive_mixed/n1024/seed1_L1_Q0
correctness_fuzz,random_recursive_mixed,1024,1,1,1,1,0,0,1,0.115324,15200,/Users/free_1/Library/Mobile Documents/iCloud~md~obsidian/Documents/cpp-checker/branch_3/artifacts/lca_tree_stress_v5/strong_gate/runs/correctness_fuzz/random_recursive_mixed/n1024/seed1_L1_Q1
correctness_fuzz,random_recursive_mixed,1024,2,0,0,1,0,0,1,0.118111,14592,/Users/free_1/Library/Mobile Documents/iCloud~md~obsidian/Documents/cpp-checker/branch_3/artifacts/lca_tree_stress_v5/strong_gate/runs/correctness_fuzz/random_recursive_mixed/n1024/seed2_L0_Q0
correctness_fuzz,random_recursive_mixed,1024,2,0,1,1,0,0,1,0.121270,14592,/Users/free_1/Library/Mobile Documents/iCloud~md~obsidian/Documents/cpp-checker/branch_3/artifacts/lca_tree_stress_v5/strong_gate/runs/correctness_fuzz/random_recursive_mixed/n1024/seed2_L0_Q1
correctness_fuzz,random_recursive_mixed,1024,2,1,0,1,0,0,1,0.127310,14560,/Users/free_1/Library/Mobile Documents/iCloud~md~obsidian/Documents/cpp-checker/branch_3/artifacts/lca_tree_stress_v5/strong_gate/runs/correctness_fuzz/random_recursive_mixed/n1024/seed2_L1_Q0
correctness_fuzz,random_recursive_mixed,1024,2,1,1,1,0,0,1,0.127163,14352,/Users/free_1/Library/Mobile Documents/iCloud~md~obsidian/Documents/cpp-checker/branch_3/artifacts/lca_tree_stress_v5/strong_gate/runs/correctness_fuzz/random_recursive_mixed/n1024/seed2_L1_Q1
correctness_fuzz,random_recursive_mixed,1024,3,0,0,1,0,0,1,0.120768,14224,/Users/free_1/Library/Mobile Documents/iCloud~md~obsidian/Documents/cpp-checker/branch_3/artifacts/lca_tree_stress_v5/strong_gate/runs/correctness_fuzz/random_recursive_mixed/n1024/seed3_L0_Q0
correctness_fuzz,random_recursive_mixed,1024,3,0,1,1,0,0,1,0.114764,14320,/Users/free_1/Library/Mobile Documents/iCloud~md~obsidian/Documents/cpp-checker/branch_3/artifacts/lca_tree_stress_v5/strong_gate/runs/correctness_fuzz/random_recursive_mixed/n1024/seed3_L0_Q1
correctness_fuzz,random_recursive_mixed,1024,3,1,0,1,0,0,1,0.125221,14592,/Users/free_1/Library/Mobile Documents/iCloud~md~obsidian/Documents/cpp-checker/branch_3/artifacts/lca_tree_stress_v5/strong_gate/runs/correctness_fuzz/random_recursive_mixed/n1024/seed3_L1_Q0
correctness_fuzz,random_recursive_mixed,1024,3,1,1,1,0,0,1,0.117653,14528,/Users/free_1/Library/Mobile Documents/iCloud~md~obsidian/Documents/cpp-checker/branch_3/artifacts/lca_tree_stress_v5/strong_gate/runs/correctness_fuzz/random_recursive_mixed/n1024/seed3_L1_Q1
correctness_fuzz,random_recursive_mixed,1024,4,0,0,1,0,0,1,0.108651,13600,/Users/free_1/Library/Mobile Documents/iCloud~md~obsidian/Documents/cpp-checker/branch_3/artifacts/lca_tree_stress_v5/strong_gate/runs/correctness_fuzz/random_recursive_mixed/n1024/seed4_L0_Q0
correctness_fuzz,random_recursive_mixed,1024,4,0,1,1,0,0,1,0.112603,13600,/Users/free_1/Library/Mobile Documents/iCloud~md~obsidian/Documents/cpp-checker/branch_3/artifacts/lca_tree_stress_v5/strong_gate/runs/correctness_fuzz/random_recursive_mixed/n1024/seed4_L0_Q1
correctness_fuzz,random_recursive_mixed,1024,4,1,0,1,0,0,1,0.113994,13584,/Users/free_1/Library/Mobile Documents/iCloud~md~obsidian/Documents/cpp-checker/branch_3/artifacts/lca_tree_stress_v5/strong_gate/runs/correctness_fuzz/random_recursive_mixed/n1024/seed4_L1_Q0
correctness_fuzz,random_recursive_mixed,1024,4,1,1,1,0,0,1,0.108239,13872,/Users/free_1/Library/Mobile Documents/iCloud~md~obsidian/Documents/cpp-checker/branch_3/artifacts/lca_tree_stress_v5/strong_gate/runs/correctness_fuzz/random_recursive_mixed/n1024/seed4_L1_Q1
correctness_fuzz,random_recursive_mixed,1024,5,0,0,1,0,0,1,0.113558,14256,/Users/free_1/Library/Mobile Documents/iCloud~md~obsidian/Documents/cpp-checker/branch_3/artifacts/lca_tree_stress_v5/strong_gate/runs/correctness_fuzz/random_recursive_mixed/n1024/seed5_L0_Q0
correctness_fuzz,random_recursive_mixed,1024,5,0,1,1,0,0,1,0.110554,14224,/Users/free_1/Library/Mobile Documents/iCloud~md~obsidian/Documents/cpp-checker/branch_3/artifacts/lca_tree_stress_v5/strong_gate/runs/correctness_fuzz/random_recursive_mixed/n1024/seed5_L0_Q1
correctness_fuzz,random_recursive_mixed,1024,5,1,0,1,0,0,1,0.111161,14560,/Users/free_1/Library/Mobile Documents/iCloud~md~obsidian/Documents/cpp-checker/branch_3/artifacts/lca_tree_stress_v5/strong_gate/runs/correctness_fuzz/random_recursive_mixed/n1024/seed5_L1_Q0
correctness_fuzz,random_recursive_mixed,1024,5,1,1,1,0,0,1,0.114721,14544,/Users/free_1/Library/Mobile Documents/iCloud~md~obsidian/Documents/cpp-checker/branch_3/artifacts/lca_tree_stress_v5/strong_gate/runs/correctness_fuzz/random_recursive_mixed/n1024/seed5_L1_Q1
hard_scaling,comb_core,4096,1,1,1,1,0,0,1,0.023372,14560,/Users/free_1/Library/Mobile Documents/iCloud~md~obsidian/Documents/cpp-checker/branch_3/artifacts/lca_tree_stress_v5/strong_gate/runs/hard_scaling/comb_core/n4096/seed1_L1_Q1
hard_scaling,comb_core,4096,2,1,1,1,0,0,1,0.026525,14624,/Users/free_1/Library/Mobile Documents/iCloud~md~obsidian/Documents/cpp-checker/branch_3/artifacts/lca_tree_stress_v5/strong_gate/runs/hard_scaling/comb_core/n4096/seed2_L1_Q1
hard_scaling,comb_core,4096,3,1,1,1,0,0,1,0.022805,14688,/Users/free_1/Library/Mobile Documents/iCloud~md~obsidian/Documents/cpp-checker/branch_3/artifacts/lca_tree_stress_v5/strong_gate/runs/hard_scaling/comb_core/n4096/seed3_L1_Q1
hard_scaling,comb_core,8192,1,1,1,1,0,0,1,0.047113,27088,/Users/free_1/Library/Mobile Documents/iCloud~md~obsidian/Documents/cpp-checker/branch_3/artifacts/lca_tree_stress_v5/strong_gate/runs/hard_scaling/comb_core/n8192/seed1_L1_Q1
hard_scaling,comb_core,8192,2,1,1,1,0,0,1,0.046590,26816,/Users/free_1/Library/Mobile Documents/iCloud~md~obsidian/Documents/cpp-checker/branch_3/artifacts/lca_tree_stress_v5/strong_gate/runs/hard_scaling/comb_core/n8192/seed2_L1_Q1
hard_scaling,comb_core,8192,3,1,1,1,0,0,1,0.053300,26832,/Users/free_1/Library/Mobile Documents/iCloud~md~obsidian/Documents/cpp-checker/branch_3/artifacts/lca_tree_stress_v5/strong_gate/runs/hard_scaling/comb_core/n8192/seed3_L1_Q1
hard_scaling,comb_core,16384,1,1,1,1,0,0,1,0.086122,52304,/Users/free_1/Library/Mobile Documents/iCloud~md~obsidian/Documents/cpp-checker/branch_3/artifacts/lca_tree_stress_v5/strong_gate/runs/hard_scaling/comb_core/n16384/seed1_L1_Q1
hard_scaling,comb_core,16384,2,1,1,1,0,0,1,0.093892,51744,/Users/free_1/Library/Mobile Documents/iCloud~md~obsidian/Documents/cpp-checker/branch_3/artifacts/lca_tree_stress_v5/strong_gate/runs/hard_scaling/comb_core/n16384/seed2_L1_Q1
hard_scaling,comb_core,16384,3,1,1,1,0,0,1,0.086730,51744,/Users/free_1/Library/Mobile Documents/iCloud~md~obsidian/Documents/cpp-checker/branch_3/artifacts/lca_tree_stress_v5/strong_gate/runs/hard_scaling/comb_core/n16384/seed3_L1_Q1
hard_scaling,comb_core,32768,1,1,1,1,0,0,1,0.176219,102896,/Users/free_1/Library/Mobile Documents/iCloud~md~obsidian/Documents/cpp-checker/branch_3/artifacts/lca_tree_stress_v5/strong_gate/runs/hard_scaling/comb_core/n32768/seed1_L1_Q1
hard_scaling,comb_core,32768,2,1,1,1,0,0,1,0.183713,102800,/Users/free_1/Library/Mobile Documents/iCloud~md~obsidian/Documents/cpp-checker/branch_3/artifacts/lca_tree_stress_v5/strong_gate/runs/hard_scaling/comb_core/n32768/seed2_L1_Q1
hard_scaling,comb_core,32768,3,1,1,1,0,0,1,0.180326,102864,/Users/free_1/Library/Mobile Documents/iCloud~md~obsidian/Documents/cpp-checker/branch_3/artifacts/lca_tree_stress_v5/strong_gate/runs/hard_scaling/comb_core/n32768/seed3_L1_Q1
hard_scaling,comb_plus_unary,4096,1,1,1,1,0,0,1,0.110838,38816,/Users/free_1/Library/Mobile Documents/iCloud~md~obsidian/Documents/cpp-checker/branch_3/artifacts/lca_tree_stress_v5/strong_gate/runs/hard_scaling/comb_plus_unary/n4096/seed1_L1_Q1
hard_scaling,comb_plus_unary,4096,2,1,1,1,0,0,1,0.113932,38800,/Users/free_1/Library/Mobile Documents/iCloud~md~obsidian/Documents/cpp-checker/branch_3/artifacts/lca_tree_stress_v5/strong_gate/runs/hard_scaling/comb_plus_unary/n4096/seed2_L1_Q1
hard_scaling,comb_plus_unary,4096,3,1,1,1,0,0,1,0.111486,38784,/Users/free_1/Library/Mobile Documents/iCloud~md~obsidian/Documents/cpp-checker/branch_3/artifacts/lca_tree_stress_v5/strong_gate/runs/hard_scaling/comb_plus_unary/n4096/seed3_L1_Q1
hard_scaling,comb_plus_unary,8192,1,1,1,1,0,0,1,0.367907,118400,/Users/free_1/Library/Mobile Documents/iCloud~md~obsidian/Documents/cpp-checker/branch_3/artifacts/lca_tree_stress_v5/strong_gate/runs/hard_scaling/comb_plus_unary/n8192/seed1_L1_Q1
hard_scaling,comb_plus_unary,8192,2,1,1,1,0,0,1,0.376952,118496,/Users/free_1/Library/Mobile Documents/iCloud~md~obsidian/Documents/cpp-checker/branch_3/artifacts/lca_tree_stress_v5/strong_gate/runs/hard_scaling/comb_plus_unary/n8192/seed2_L1_Q1
hard_scaling,comb_plus_unary,8192,3,1,1,1,0,0,1,0.371276,118784,/Users/free_1/Library/Mobile Documents/iCloud~md~obsidian/Documents/cpp-checker/branch_3/artifacts/lca_tree_stress_v5/strong_gate/runs/hard_scaling/comb_plus_unary/n8192/seed3_L1_Q1
hard_scaling,comb_plus_unary,16384,1,1,1,1,0,0,1,1.420028,407872,/Users/free_1/Library/Mobile Documents/iCloud~md~obsidian/Documents/cpp-checker/branch_3/artifacts/lca_tree_stress_v5/strong_gate/runs/hard_scaling/comb_plus_unary/n16384/seed1_L1_Q1
hard_scaling,comb_plus_unary,16384,2,1,1,1,0,0,1,1.403339,408752,/Users/free_1/Library/Mobile Documents/iCloud~md~obsidian/Documents/cpp-checker/branch_3/artifacts/lca_tree_stress_v5/strong_gate/runs/hard_scaling/comb_plus_unary/n16384/seed2_L1_Q1
hard_scaling,comb_plus_unary,16384,3,1,1,1,0,0,1,1.432840,408784,/Users/free_1/Library/Mobile Documents/iCloud~md~obsidian/Documents/cpp-checker/branch_3/artifacts/lca_tree_stress_v5/strong_gate/runs/hard_scaling/comb_plus_unary/n16384/seed3_L1_Q1
hard_scaling,comb_plus_unary,32768,1,1,1,1,0,0,1,5.518205,1456240,/Users/free_1/Library/Mobile Documents/iCloud~md~obsidian/Documents/cpp-checker/branch_3/artifacts/lca_tree_stress_v5/strong_gate/runs/hard_scaling/comb_plus_unary/n32768/seed1_L1_Q1
hard_scaling,comb_plus_unary,32768,2,1,1,1,0,0,1,5.467329,1514768,/Users/free_1/Library/Mobile Documents/iCloud~md~obsidian/Documents/cpp-checker/branch_3/artifacts/lca_tree_stress_v5/strong_gate/runs/hard_scaling/comb_plus_unary/n32768/seed2_L1_Q1
hard_scaling,comb_plus_unary,32768,3,1,1,1,0,0,1,5.537292,1514976,/Users/free_1/Library/Mobile Documents/iCloud~md~obsidian/Documents/cpp-checker/branch_3/artifacts/lca_tree_stress_v5/strong_gate/runs/hard_scaling/comb_plus_unary/n32768/seed3_L1_Q1
hard_scaling,comb_dense,4096,1,1,1,1,-9,1,0,,,/Users/free_1/Library/Mobile Documents/iCloud~md~obsidian/Documents/cpp-checker/branch_3/artifacts/lca_tree_stress_v5/strong_gate/runs/hard_scaling/comb_dense/n4096/seed1_L1_Q1
hard_scaling,comb_dense,4096,2,1,1,1,-9,1,0,,,/Users/free_1/Library/Mobile Documents/iCloud~md~obsidian/Documents/cpp-checker/branch_3/artifacts/lca_tree_stress_v5/strong_gate/runs/hard_scaling/comb_dense/n4096/seed2_L1_Q1
hard_scaling,comb_dense,4096,3,1,1,1,-9,1,0,,,/Users/free_1/Library/Mobile Documents/iCloud~md~obsidian/Documents/cpp-checker/branch_3/artifacts/lca_tree_stress_v5/strong_gate/runs/hard_scaling/comb_dense/n4096/seed3_L1_Q1
hard_scaling,comb_dense,8192,1,1,1,1,-9,1,0,,,/Users/free_1/Library/Mobile Documents/iCloud~md~obsidian/Documents/cpp-checker/branch_3/artifacts/lca_tree_stress_v5/strong_gate/runs/hard_scaling/comb_dense/n8192/seed1_L1_Q1
hard_scaling,comb_dense,8192,2,1,1,1,-9,1,0,,,/Users/free_1/Library/Mobile Documents/iCloud~md~obsidian/Documents/cpp-checker/branch_3/artifacts/lca_tree_stress_v5/strong_gate/runs/hard_scaling/comb_dense/n8192/seed2_L1_Q1
hard_scaling,comb_dense,8192,3,1,1,1,-9,1,0,,,/Users/free_1/Library/Mobile Documents/iCloud~md~obsidian/Documents/cpp-checker/branch_3/artifacts/lca_tree_stress_v5/strong_gate/runs/hard_scaling/comb_dense/n8192/seed3_L1_Q1
hard_scaling,comb_dense,16384,1,1,1,1,-9,1,0,,,/Users/free_1/Library/Mobile Documents/iCloud~md~obsidian/Documents/cpp-checker/branch_3/artifacts/lca_tree_stress_v5/strong_gate/runs/hard_scaling/comb_dense/n16384/seed1_L1_Q1
hard_scaling,comb_dense,16384,2,1,1,1,-9,1,0,,,/Users/free_1/Library/Mobile Documents/iCloud~md~obsidian/Documents/cpp-checker/branch_3/artifacts/lca_tree_stress_v5/strong_gate/runs/hard_scaling/comb_dense/n16384/seed2_L1_Q1
hard_scaling,comb_dense,16384,3,1,1,1,-9,1,0,,,/Users/free_1/Library/Mobile Documents/iCloud~md~obsidian/Documents/cpp-checker/branch_3/artifacts/lca_tree_stress_v5/strong_gate/runs/hard_scaling/comb_dense/n16384/seed3_L1_Q1
hard_scaling,comb_dense,32768,1,1,1,1,-9,1,0,,,/Users/free_1/Library/Mobile Documents/iCloud~md~obsidian/Documents/cpp-checker/branch_3/artifacts/lca_tree_stress_v5/strong_gate/runs/hard_scaling/comb_dense/n32768/seed1_L1_Q1
hard_scaling,comb_dense,32768,2,1,1,1,-9,1,0,,,/Users/free_1/Library/Mobile Documents/iCloud~md~obsidian/Documents/cpp-checker/branch_3/artifacts/lca_tree_stress_v5/strong_gate/runs/hard_scaling/comb_dense/n32768/seed2_L1_Q1
hard_scaling,comb_dense,32768,3,1,1,1,-9,1,0,,,/Users/free_1/Library/Mobile Documents/iCloud~md~obsidian/Documents/cpp-checker/branch_3/artifacts/lca_tree_stress_v5/strong_gate/runs/hard_scaling/comb_dense/n32768/seed3_L1_Q1
hard_scaling,comb_rect_dense,4096,1,1,1,1,-9,1,0,,,/Users/free_1/Library/Mobile Documents/iCloud~md~obsidian/Documents/cpp-checker/branch_3/artifacts/lca_tree_stress_v5/strong_gate/runs/hard_scaling/comb_rect_dense/n4096/seed1_L1_Q1
hard_scaling,comb_rect_dense,4096,2,1,1,1,-9,1,0,,,/Users/free_1/Library/Mobile Documents/iCloud~md~obsidian/Documents/cpp-checker/branch_3/artifacts/lca_tree_stress_v5/strong_gate/runs/hard_scaling/comb_rect_dense/n4096/seed2_L1_Q1
hard_scaling,comb_rect_dense,4096,3,1,1,1,-9,1,0,,,/Users/free_1/Library/Mobile Documents/iCloud~md~obsidian/Documents/cpp-checker/branch_3/artifacts/lca_tree_stress_v5/strong_gate/runs/hard_scaling/comb_rect_dense/n4096/seed3_L1_Q1
hard_scaling,comb_rect_dense,8192,1,1,1,1,-9,1,0,,,/Users/free_1/Library/Mobile Documents/iCloud~md~obsidian/Documents/cpp-checker/branch_3/artifacts/lca_tree_stress_v5/strong_gate/runs/hard_scaling/comb_rect_dense/n8192/seed1_L1_Q1
hard_scaling,comb_rect_dense,8192,2,1,1,1,-9,1,0,,,/Users/free_1/Library/Mobile Documents/iCloud~md~obsidian/Documents/cpp-checker/branch_3/artifacts/lca_tree_stress_v5/strong_gate/runs/hard_scaling/comb_rect_dense/n8192/seed2_L1_Q1
hard_scaling,comb_rect_dense,8192,3,1,1,1,-9,1,0,,,/Users/free_1/Library/Mobile Documents/iCloud~md~obsidian/Documents/cpp-checker/branch_3/artifacts/lca_tree_stress_v5/strong_gate/runs/hard_scaling/comb_rect_dense/n8192/seed3_L1_Q1
hard_scaling,comb_rect_dense,16384,1,1,1,1,-9,1,0,,,/Users/free_1/Library/Mobile Documents/iCloud~md~obsidian/Documents/cpp-checker/branch_3/artifacts/lca_tree_stress_v5/strong_gate/runs/hard_scaling/comb_rect_dense/n16384/seed1_L1_Q1
hard_scaling,comb_rect_dense,16384,2,1,1,1,-9,1,0,,,/Users/free_1/Library/Mobile Documents/iCloud~md~obsidian/Documents/cpp-checker/branch_3/artifacts/lca_tree_stress_v5/strong_gate/runs/hard_scaling/comb_rect_dense/n16384/seed2_L1_Q1
hard_scaling,comb_rect_dense,16384,3,1,1,1,-9,1,0,,,/Users/free_1/Library/Mobile Documents/iCloud~md~obsidian/Documents/cpp-checker/branch_3/artifacts/lca_tree_stress_v5/strong_gate/runs/hard_scaling/comb_rect_dense/n16384/seed3_L1_Q1
hard_scaling,comb_rect_dense,32768,1,1,1,1,-9,1,0,,,/Users/free_1/Library/Mobile Documents/iCloud~md~obsidian/Documents/cpp-checker/branch_3/artifacts/lca_tree_stress_v5/strong_gate/runs/hard_scaling/comb_rect_dense/n32768/seed1_L1_Q1
hard_scaling,comb_rect_dense,32768,2,1,1,1,-9,1,0,,,/Users/free_1/Library/Mobile Documents/iCloud~md~obsidian/Documents/cpp-checker/branch_3/artifacts/lca_tree_stress_v5/strong_gate/runs/hard_scaling/comb_rect_dense/n32768/seed2_L1_Q1
hard_scaling,comb_rect_dense,32768,3,1,1,1,-9,1,0,,,/Users/free_1/Library/Mobile Documents/iCloud~md~obsidian/Documents/cpp-checker/branch_3/artifacts/lca_tree_stress_v5/strong_gate/runs/hard_scaling/comb_rect_dense/n32768/seed3_L1_Q1
hard_scaling,multi_comb_core,4096,1,1,1,1,0,0,1,0.076385,21984,/Users/free_1/Library/Mobile Documents/iCloud~md~obsidian/Documents/cpp-checker/branch_3/artifacts/lca_tree_stress_v5/strong_gate/runs/hard_scaling/multi_comb_core/n4096/seed1_L1_Q1
hard_scaling,multi_comb_core,4096,2,1,1,1,0,0,1,0.085226,21936,/Users/free_1/Library/Mobile Documents/iCloud~md~obsidian/Documents/cpp-checker/branch_3/artifacts/lca_tree_stress_v5/strong_gate/runs/hard_scaling/multi_comb_core/n4096/seed2_L1_Q1
hard_scaling,multi_comb_core,4096,3,1,1,1,0,0,1,0.083317,22016,/Users/free_1/Library/Mobile Documents/iCloud~md~obsidian/Documents/cpp-checker/branch_3/artifacts/lca_tree_stress_v5/strong_gate/runs/hard_scaling/multi_comb_core/n4096/seed3_L1_Q1
hard_scaling,multi_comb_core,8192,1,1,1,1,0,0,1,0.328626,52096,/Users/free_1/Library/Mobile Documents/iCloud~md~obsidian/Documents/cpp-checker/branch_3/artifacts/lca_tree_stress_v5/strong_gate/runs/hard_scaling/multi_comb_core/n8192/seed1_L1_Q1
hard_scaling,multi_comb_core,8192,2,1,1,1,0,0,1,0.304902,52112,/Users/free_1/Library/Mobile Documents/iCloud~md~obsidian/Documents/cpp-checker/branch_3/artifacts/lca_tree_stress_v5/strong_gate/runs/hard_scaling/multi_comb_core/n8192/seed2_L1_Q1
hard_scaling,multi_comb_core,8192,3,1,1,1,0,0,1,0.301947,52000,/Users/free_1/Library/Mobile Documents/iCloud~md~obsidian/Documents/cpp-checker/branch_3/artifacts/lca_tree_stress_v5/strong_gate/runs/hard_scaling/multi_comb_core/n8192/seed3_L1_Q1
hard_scaling,multi_comb_core,16384,1,1,1,1,0,0,1,1.143489,143616,/Users/free_1/Library/Mobile Documents/iCloud~md~obsidian/Documents/cpp-checker/branch_3/artifacts/lca_tree_stress_v5/strong_gate/runs/hard_scaling/multi_comb_core/n16384/seed1_L1_Q1
hard_scaling,multi_comb_core,16384,2,1,1,1,0,0,1,1.133573,143504,/Users/free_1/Library/Mobile Documents/iCloud~md~obsidian/Documents/cpp-checker/branch_3/artifacts/lca_tree_stress_v5/strong_gate/runs/hard_scaling/multi_comb_core/n16384/seed2_L1_Q1
hard_scaling,multi_comb_core,16384,3,1,1,1,0,0,1,1.106765,143696,/Users/free_1/Library/Mobile Documents/iCloud~md~obsidian/Documents/cpp-checker/branch_3/artifacts/lca_tree_stress_v5/strong_gate/runs/hard_scaling/multi_comb_core/n16384/seed3_L1_Q1
hard_scaling,multi_comb_core,32768,1,1,1,1,0,0,1,3.936216,460640,/Users/free_1/Library/Mobile Documents/iCloud~md~obsidian/Documents/cpp-checker/branch_3/artifacts/lca_tree_stress_v5/strong_gate/runs/hard_scaling/multi_comb_core/n32768/seed1_L1_Q1
hard_scaling,multi_comb_core,32768,2,1,1,1,0,0,1,3.939029,459472,/Users/free_1/Library/Mobile Documents/iCloud~md~obsidian/Documents/cpp-checker/branch_3/artifacts/lca_tree_stress_v5/strong_gate/runs/hard_scaling/multi_comb_core/n32768/seed2_L1_Q1
hard_scaling,multi_comb_core,32768,3,1,1,1,0,0,1,3.906108,459472,/Users/free_1/Library/Mobile Documents/iCloud~md~obsidian/Documents/cpp-checker/branch_3/artifacts/lca_tree_stress_v5/strong_gate/runs/hard_scaling/multi_comb_core/n32768/seed3_L1_Q1
hard_scaling,multi_comb_rect,4096,1,1,1,1,-9,1,0,,,/Users/free_1/Library/Mobile Documents/iCloud~md~obsidian/Documents/cpp-checker/branch_3/artifacts/lca_tree_stress_v5/strong_gate/runs/hard_scaling/multi_comb_rect/n4096/seed1_L1_Q1
hard_scaling,multi_comb_rect,4096,2,1,1,1,-9,1,0,,,/Users/free_1/Library/Mobile Documents/iCloud~md~obsidian/Documents/cpp-checker/branch_3/artifacts/lca_tree_stress_v5/strong_gate/runs/hard_scaling/multi_comb_rect/n4096/seed2_L1_Q1
hard_scaling,multi_comb_rect,4096,3,1,1,1,-9,1,0,,,/Users/free_1/Library/Mobile Documents/iCloud~md~obsidian/Documents/cpp-checker/branch_3/artifacts/lca_tree_stress_v5/strong_gate/runs/hard_scaling/multi_comb_rect/n4096/seed3_L1_Q1
hard_scaling,multi_comb_rect,8192,1,1,1,1,-9,1,0,,,/Users/free_1/Library/Mobile Documents/iCloud~md~obsidian/Documents/cpp-checker/branch_3/artifacts/lca_tree_stress_v5/strong_gate/runs/hard_scaling/multi_comb_rect/n8192/seed1_L1_Q1
hard_scaling,multi_comb_rect,8192,2,1,1,1,-9,1,0,,,/Users/free_1/Library/Mobile Documents/iCloud~md~obsidian/Documents/cpp-checker/branch_3/artifacts/lca_tree_stress_v5/strong_gate/runs/hard_scaling/multi_comb_rect/n8192/seed2_L1_Q1
hard_scaling,multi_comb_rect,8192,3,1,1,1,-9,1,0,,,/Users/free_1/Library/Mobile Documents/iCloud~md~obsidian/Documents/cpp-checker/branch_3/artifacts/lca_tree_stress_v5/strong_gate/runs/hard_scaling/multi_comb_rect/n8192/seed3_L1_Q1
hard_scaling,multi_comb_rect,16384,1,1,1,1,-9,1,0,,,/Users/free_1/Library/Mobile Documents/iCloud~md~obsidian/Documents/cpp-checker/branch_3/artifacts/lca_tree_stress_v5/strong_gate/runs/hard_scaling/multi_comb_rect/n16384/seed1_L1_Q1
hard_scaling,multi_comb_rect,16384,2,1,1,1,-9,1,0,,,/Users/free_1/Library/Mobile Documents/iCloud~md~obsidian/Documents/cpp-checker/branch_3/artifacts/lca_tree_stress_v5/strong_gate/runs/hard_scaling/multi_comb_rect/n16384/seed2_L1_Q1
hard_scaling,multi_comb_rect,16384,3,1,1,1,-9,1,0,,,/Users/free_1/Library/Mobile Documents/iCloud~md~obsidian/Documents/cpp-checker/branch_3/artifacts/lca_tree_stress_v5/strong_gate/runs/hard_scaling/multi_comb_rect/n16384/seed3_L1_Q1
hard_scaling,multi_comb_rect,32768,1,1,1,1,-9,1,0,,,/Users/free_1/Library/Mobile Documents/iCloud~md~obsidian/Documents/cpp-checker/branch_3/artifacts/lca_tree_stress_v5/strong_gate/runs/hard_scaling/multi_comb_rect/n32768/seed1_L1_Q1
hard_scaling,multi_comb_rect,32768,2,1,1,1,-9,1,0,,,/Users/free_1/Library/Mobile Documents/iCloud~md~obsidian/Documents/cpp-checker/branch_3/artifacts/lca_tree_stress_v5/strong_gate/runs/hard_scaling/multi_comb_rect/n32768/seed2_L1_Q1
hard_scaling,multi_comb_rect,32768,3,1,1,1,-9,1,0,,,/Users/free_1/Library/Mobile Documents/iCloud~md~obsidian/Documents/cpp-checker/branch_3/artifacts/lca_tree_stress_v5/strong_gate/runs/hard_scaling/multi_comb_rect/n32768/seed3_L1_Q1
hard_scaling,multi_comb_cap,4096,1,1,1,1,0,0,1,7.303803,702432,/Users/free_1/Library/Mobile Documents/iCloud~md~obsidian/Documents/cpp-checker/branch_3/artifacts/lca_tree_stress_v5/strong_gate/runs/hard_scaling/multi_comb_cap/n4096/seed1_L1_Q1
hard_scaling,multi_comb_cap,4096,2,1,1,1,0,0,1,6.267212,706464,/Users/free_1/Library/Mobile Documents/iCloud~md~obsidian/Documents/cpp-checker/branch_3/artifacts/lca_tree_stress_v5/strong_gate/runs/hard_scaling/multi_comb_cap/n4096/seed2_L1_Q1
hard_scaling,multi_comb_cap,4096,3,1,1,1,0,0,1,6.713243,703072,/Users/free_1/Library/Mobile Documents/iCloud~md~obsidian/Documents/cpp-checker/branch_3/artifacts/lca_tree_stress_v5/strong_gate/runs/hard_scaling/multi_comb_cap/n4096/seed3_L1_Q1
hard_scaling,multi_comb_cap,8192,1,1,1,1,-9,1,0,,,/Users/free_1/Library/Mobile Documents/iCloud~md~obsidian/Documents/cpp-checker/branch_3/artifacts/lca_tree_stress_v5/strong_gate/runs/hard_scaling/multi_comb_cap/n8192/seed1_L1_Q1
hard_scaling,multi_comb_cap,8192,2,1,1,1,-9,1,0,,,/Users/free_1/Library/Mobile Documents/iCloud~md~obsidian/Documents/cpp-checker/branch_3/artifacts/lca_tree_stress_v5/strong_gate/runs/hard_scaling/multi_comb_cap/n8192/seed2_L1_Q1
hard_scaling,multi_comb_cap,8192,3,1,1,1,-9,1,0,,,/Users/free_1/Library/Mobile Documents/iCloud~md~obsidian/Documents/cpp-checker/branch_3/artifacts/lca_tree_stress_v5/strong_gate/runs/hard_scaling/multi_comb_cap/n8192/seed3_L1_Q1
hard_scaling,multi_comb_cap,16384,1,1,1,1,-9,1,0,,,/Users/free_1/Library/Mobile Documents/iCloud~md~obsidian/Documents/cpp-checker/branch_3/artifacts/lca_tree_stress_v5/strong_gate/runs/hard_scaling/multi_comb_cap/n16384/seed1_L1_Q1
hard_scaling,multi_comb_cap,16384,2,1,1,1,-9,1,0,,,/Users/free_1/Library/Mobile Documents/iCloud~md~obsidian/Documents/cpp-checker/branch_3/artifacts/lca_tree_stress_v5/strong_gate/runs/hard_scaling/multi_comb_cap/n16384/seed2_L1_Q1
hard_scaling,multi_comb_cap,16384,3,1,1,1,-9,1,0,,,/Users/free_1/Library/Mobile Documents/iCloud~md~obsidian/Documents/cpp-checker/branch_3/artifacts/lca_tree_stress_v5/strong_gate/runs/hard_scaling/multi_comb_cap/n16384/seed3_L1_Q1
hard_scaling,multi_comb_cap,32768,1,1,1,1,-9,1,0,,,/Users/free_1/Library/Mobile Documents/iCloud~md~obsidian/Documents/cpp-checker/branch_3/artifacts/lca_tree_stress_v5/strong_gate/runs/hard_scaling/multi_comb_cap/n32768/seed1_L1_Q1
hard_scaling,multi_comb_cap,32768,2,1,1,1,-9,1,0,,,/Users/free_1/Library/Mobile Documents/iCloud~md~obsidian/Documents/cpp-checker/branch_3/artifacts/lca_tree_stress_v5/strong_gate/runs/hard_scaling/multi_comb_cap/n32768/seed2_L1_Q1
hard_scaling,multi_comb_cap,32768,3,1,1,1,-9,1,0,,,/Users/free_1/Library/Mobile Documents/iCloud~md~obsidian/Documents/cpp-checker/branch_3/artifacts/lca_tree_stress_v5/strong_gate/runs/hard_scaling/multi_comb_cap/n32768/seed3_L1_Q1
hard_scaling,caterpillar_mixed,4096,1,1,1,1,-9,1,0,,,/Users/free_1/Library/Mobile Documents/iCloud~md~obsidian/Documents/cpp-checker/branch_3/artifacts/lca_tree_stress_v5/strong_gate/runs/hard_scaling/caterpillar_mixed/n4096/seed1_L1_Q1
hard_scaling,caterpillar_mixed,4096,2,1,1,1,-9,1,0,,,/Users/free_1/Library/Mobile Documents/iCloud~md~obsidian/Documents/cpp-checker/branch_3/artifacts/lca_tree_stress_v5/strong_gate/runs/hard_scaling/caterpillar_mixed/n4096/seed2_L1_Q1
hard_scaling,caterpillar_mixed,4096,3,1,1,1,-9,1,0,,,/Users/free_1/Library/Mobile Documents/iCloud~md~obsidian/Documents/cpp-checker/branch_3/artifacts/lca_tree_stress_v5/strong_gate/runs/hard_scaling/caterpillar_mixed/n4096/seed3_L1_Q1
hard_scaling,caterpillar_mixed,8192,1,1,1,1,-9,1,0,,,/Users/free_1/Library/Mobile Documents/iCloud~md~obsidian/Documents/cpp-checker/branch_3/artifacts/lca_tree_stress_v5/strong_gate/runs/hard_scaling/caterpillar_mixed/n8192/seed1_L1_Q1
hard_scaling,caterpillar_mixed,8192,2,1,1,1,-9,1,0,,,/Users/free_1/Library/Mobile Documents/iCloud~md~obsidian/Documents/cpp-checker/branch_3/artifacts/lca_tree_stress_v5/strong_gate/runs/hard_scaling/caterpillar_mixed/n8192/seed2_L1_Q1
hard_scaling,caterpillar_mixed,8192,3,1,1,1,-9,1,0,,,/Users/free_1/Library/Mobile Documents/iCloud~md~obsidian/Documents/cpp-checker/branch_3/artifacts/lca_tree_stress_v5/strong_gate/runs/hard_scaling/caterpillar_mixed/n8192/seed3_L1_Q1
hard_scaling,caterpillar_mixed,16384,1,1,1,1,-9,1,0,,,/Users/free_1/Library/Mobile Documents/iCloud~md~obsidian/Documents/cpp-checker/branch_3/artifacts/lca_tree_stress_v5/strong_gate/runs/hard_scaling/caterpillar_mixed/n16384/seed1_L1_Q1
hard_scaling,caterpillar_mixed,16384,2,1,1,1,-9,1,0,,,/Users/free_1/Library/Mobile Documents/iCloud~md~obsidian/Documents/cpp-checker/branch_3/artifacts/lca_tree_stress_v5/strong_gate/runs/hard_scaling/caterpillar_mixed/n16384/seed2_L1_Q1
hard_scaling,caterpillar_mixed,16384,3,1,1,1,-9,1,0,,,/Users/free_1/Library/Mobile Documents/iCloud~md~obsidian/Documents/cpp-checker/branch_3/artifacts/lca_tree_stress_v5/strong_gate/runs/hard_scaling/caterpillar_mixed/n16384/seed3_L1_Q1
hard_scaling,caterpillar_mixed,32768,1,1,1,1,-9,1,0,,,/Users/free_1/Library/Mobile Documents/iCloud~md~obsidian/Documents/cpp-checker/branch_3/artifacts/lca_tree_stress_v5/strong_gate/runs/hard_scaling/caterpillar_mixed/n32768/seed1_L1_Q1
hard_scaling,caterpillar_mixed,32768,2,1,1,1,-9,1,0,,,/Users/free_1/Library/Mobile Documents/iCloud~md~obsidian/Documents/cpp-checker/branch_3/artifacts/lca_tree_stress_v5/strong_gate/runs/hard_scaling/caterpillar_mixed/n32768/seed2_L1_Q1
hard_scaling,caterpillar_mixed,32768,3,1,1,1,-9,1,0,,,/Users/free_1/Library/Mobile Documents/iCloud~md~obsidian/Documents/cpp-checker/branch_3/artifacts/lca_tree_stress_v5/strong_gate/runs/hard_scaling/caterpillar_mixed/n32768/seed3_L1_Q1
hard_scaling,caterpillar_rect_dense,4096,1,1,1,1,-9,1,0,,,/Users/free_1/Library/Mobile Documents/iCloud~md~obsidian/Documents/cpp-checker/branch_3/artifacts/lca_tree_stress_v5/strong_gate/runs/hard_scaling/caterpillar_rect_dense/n4096/seed1_L1_Q1
hard_scaling,caterpillar_rect_dense,4096,2,1,1,1,-9,1,0,,,/Users/free_1/Library/Mobile Documents/iCloud~md~obsidian/Documents/cpp-checker/branch_3/artifacts/lca_tree_stress_v5/strong_gate/runs/hard_scaling/caterpillar_rect_dense/n4096/seed2_L1_Q1
hard_scaling,caterpillar_rect_dense,4096,3,1,1,1,-9,1,0,,,/Users/free_1/Library/Mobile Documents/iCloud~md~obsidian/Documents/cpp-checker/branch_3/artifacts/lca_tree_stress_v5/strong_gate/runs/hard_scaling/caterpillar_rect_dense/n4096/seed3_L1_Q1
hard_scaling,caterpillar_rect_dense,8192,1,1,1,1,-9,1,0,,,/Users/free_1/Library/Mobile Documents/iCloud~md~obsidian/Documents/cpp-checker/branch_3/artifacts/lca_tree_stress_v5/strong_gate/runs/hard_scaling/caterpillar_rect_dense/n8192/seed1_L1_Q1
hard_scaling,caterpillar_rect_dense,8192,2,1,1,1,-9,1,0,,,/Users/free_1/Library/Mobile Documents/iCloud~md~obsidian/Documents/cpp-checker/branch_3/artifacts/lca_tree_stress_v5/strong_gate/runs/hard_scaling/caterpillar_rect_dense/n8192/seed2_L1_Q1
hard_scaling,caterpillar_rect_dense,8192,3,1,1,1,-9,1,0,,,/Users/free_1/Library/Mobile Documents/iCloud~md~obsidian/Documents/cpp-checker/branch_3/artifacts/lca_tree_stress_v5/strong_gate/runs/hard_scaling/caterpillar_rect_dense/n8192/seed3_L1_Q1
hard_scaling,caterpillar_rect_dense,16384,1,1,1,1,-9,1,0,,,/Users/free_1/Library/Mobile Documents/iCloud~md~obsidian/Documents/cpp-checker/branch_3/artifacts/lca_tree_stress_v5/strong_gate/runs/hard_scaling/caterpillar_rect_dense/n16384/seed1_L1_Q1
hard_scaling,caterpillar_rect_dense,16384,2,1,1,1,-9,1,0,,,/Users/free_1/Library/Mobile Documents/iCloud~md~obsidian/Documents/cpp-checker/branch_3/artifacts/lca_tree_stress_v5/strong_gate/runs/hard_scaling/caterpillar_rect_dense/n16384/seed2_L1_Q1
hard_scaling,caterpillar_rect_dense,16384,3,1,1,1,-9,1,0,,,/Users/free_1/Library/Mobile Documents/iCloud~md~obsidian/Documents/cpp-checker/branch_3/artifacts/lca_tree_stress_v5/strong_gate/runs/hard_scaling/caterpillar_rect_dense/n16384/seed3_L1_Q1
hard_scaling,caterpillar_rect_dense,32768,1,1,1,1,-9,1,0,,,/Users/free_1/Library/Mobile Documents/iCloud~md~obsidian/Documents/cpp-checker/branch_3/artifacts/lca_tree_stress_v5/strong_gate/runs/hard_scaling/caterpillar_rect_dense/n32768/seed1_L1_Q1
hard_scaling,caterpillar_rect_dense,32768,2,1,1,1,-9,1,0,,,/Users/free_1/Library/Mobile Documents/iCloud~md~obsidian/Documents/cpp-checker/branch_3/artifacts/lca_tree_stress_v5/strong_gate/runs/hard_scaling/caterpillar_rect_dense/n32768/seed2_L1_Q1
hard_scaling,caterpillar_rect_dense,32768,3,1,1,1,-9,1,0,,,/Users/free_1/Library/Mobile Documents/iCloud~md~obsidian/Documents/cpp-checker/branch_3/artifacts/lca_tree_stress_v5/strong_gate/runs/hard_scaling/caterpillar_rect_dense/n32768/seed3_L1_Q1
max_n_mix,balanced_dense,50000,1,1,1,1,0,0,1,5.271075,923456,/Users/free_1/Library/Mobile Documents/iCloud~md~obsidian/Documents/cpp-checker/branch_3/artifacts/lca_tree_stress_v5/strong_gate/runs/max_n_mix/balanced_dense/n50000/seed1_L1_Q1
max_n_mix,balanced_dense,50000,2,1,1,1,0,0,1,5.227283,924816,/Users/free_1/Library/Mobile Documents/iCloud~md~obsidian/Documents/cpp-checker/branch_3/artifacts/lca_tree_stress_v5/strong_gate/runs/max_n_mix/balanced_dense/n50000/seed2_L1_Q1
max_n_mix,balanced_dense,99999,1,1,1,1,-9,1,0,,,/Users/free_1/Library/Mobile Documents/iCloud~md~obsidian/Documents/cpp-checker/branch_3/artifacts/lca_tree_stress_v5/strong_gate/runs/max_n_mix/balanced_dense/n99999/seed1_L1_Q1
max_n_mix,balanced_dense,99999,2,1,1,1,-9,1,0,,,/Users/free_1/Library/Mobile Documents/iCloud~md~obsidian/Documents/cpp-checker/branch_3/artifacts/lca_tree_stress_v5/strong_gate/runs/max_n_mix/balanced_dense/n99999/seed2_L1_Q1
max_n_mix,random_recursive_mixed,50000,1,1,1,1,0,0,1,3.302565,392800,/Users/free_1/Library/Mobile Documents/iCloud~md~obsidian/Documents/cpp-checker/branch_3/artifacts/lca_tree_stress_v5/strong_gate/runs/max_n_mix/random_recursive_mixed/n50000/seed1_L1_Q1
max_n_mix,random_recursive_mixed,50000,2,1,1,1,0,0,1,2.822753,393024,/Users/free_1/Library/Mobile Documents/iCloud~md~obsidian/Documents/cpp-checker/branch_3/artifacts/lca_tree_stress_v5/strong_gate/runs/max_n_mix/random_recursive_mixed/n50000/seed2_L1_Q1
max_n_mix,random_recursive_mixed,99999,1,1,1,1,-9,1,0,,,/Users/free_1/Library/Mobile Documents/iCloud~md~obsidian/Documents/cpp-checker/branch_3/artifacts/lca_tree_stress_v5/strong_gate/runs/max_n_mix/random_recursive_mixed/n99999/seed1_L1_Q1
max_n_mix,random_recursive_mixed,99999,2,1,1,1,-9,1,0,,,/Users/free_1/Library/Mobile Documents/iCloud~md~obsidian/Documents/cpp-checker/branch_3/artifacts/lca_tree_stress_v5/strong_gate/runs/max_n_mix/random_recursive_mixed/n99999/seed2_L1_Q1
max_n_mix,comb_dense,50000,1,1,1,1,-9,1,0,,,/Users/free_1/Library/Mobile Documents/iCloud~md~obsidian/Documents/cpp-checker/branch_3/artifacts/lca_tree_stress_v5/strong_gate/runs/max_n_mix/comb_dense/n50000/seed1_L1_Q1
max_n_mix,comb_dense,50000,2,1,1,1,-9,1,0,,,/Users/free_1/Library/Mobile Documents/iCloud~md~obsidian/Documents/cpp-checker/branch_3/artifacts/lca_tree_stress_v5/strong_gate/runs/max_n_mix/comb_dense/n50000/seed2_L1_Q1
max_n_mix,comb_dense,99999,1,1,1,1,-9,1,0,,,/Users/free_1/Library/Mobile Documents/iCloud~md~obsidian/Documents/cpp-checker/branch_3/artifacts/lca_tree_stress_v5/strong_gate/runs/max_n_mix/comb_dense/n99999/seed1_L1_Q1
max_n_mix,comb_dense,99999,2,1,1,1,-9,1,0,,,/Users/free_1/Library/Mobile Documents/iCloud~md~obsidian/Documents/cpp-checker/branch_3/artifacts/lca_tree_stress_v5/strong_gate/runs/max_n_mix/comb_dense/n99999/seed2_L1_Q1
max_n_mix,comb_rect_dense,50000,1,1,1,1,-9,1,0,,,/Users/free_1/Library/Mobile Documents/iCloud~md~obsidian/Documents/cpp-checker/branch_3/artifacts/lca_tree_stress_v5/strong_gate/runs/max_n_mix/comb_rect_dense/n50000/seed1_L1_Q1
max_n_mix,comb_rect_dense,50000,2,1,1,1,-9,1,0,,,/Users/free_1/Library/Mobile Documents/iCloud~md~obsidian/Documents/cpp-checker/branch_3/artifacts/lca_tree_stress_v5/strong_gate/runs/max_n_mix/comb_rect_dense/n50000/seed2_L1_Q1
max_n_mix,comb_rect_dense,99999,1,1,1,1,-9,1,0,,,/Users/free_1/Library/Mobile Documents/iCloud~md~obsidian/Documents/cpp-checker/branch_3/artifacts/lca_tree_stress_v5/strong_gate/runs/max_n_mix/comb_rect_dense/n99999/seed1_L1_Q1
max_n_mix,comb_rect_dense,99999,2,1,1,1,-9,1,0,,,/Users/free_1/Library/Mobile Documents/iCloud~md~obsidian/Documents/cpp-checker/branch_3/artifacts/lca_tree_stress_v5/strong_gate/runs/max_n_mix/comb_rect_dense/n99999/seed2_L1_Q1
max_n_mix,multi_comb_rect,50000,1,1,1,1,-9,1,0,,,/Users/free_1/Library/Mobile Documents/iCloud~md~obsidian/Documents/cpp-checker/branch_3/artifacts/lca_tree_stress_v5/strong_gate/runs/max_n_mix/multi_comb_rect/n50000/seed1_L1_Q1
max_n_mix,multi_comb_rect,50000,2,1,1,1,-9,1,0,,,/Users/free_1/Library/Mobile Documents/iCloud~md~obsidian/Documents/cpp-checker/branch_3/artifacts/lca_tree_stress_v5/strong_gate/runs/max_n_mix/multi_comb_rect/n50000/seed2_L1_Q1
max_n_mix,multi_comb_rect,99999,1,1,1,1,-9,1,0,,,/Users/free_1/Library/Mobile Documents/iCloud~md~obsidian/Documents/cpp-checker/branch_3/artifacts/lca_tree_stress_v5/strong_gate/runs/max_n_mix/multi_comb_rect/n99999/seed1_L1_Q1
max_n_mix,multi_comb_rect,99999,2,1,1,1,-9,1,0,,,/Users/free_1/Library/Mobile Documents/iCloud~md~obsidian/Documents/cpp-checker/branch_3/artifacts/lca_tree_stress_v5/strong_gate/runs/max_n_mix/multi_comb_rect/n99999/seed2_L1_Q1
max_n_mix,multi_comb_cap,50000,1,1,1,1,-9,1,0,,,/Users/free_1/Library/Mobile Documents/iCloud~md~obsidian/Documents/cpp-checker/branch_3/artifacts/lca_tree_stress_v5/strong_gate/runs/max_n_mix/multi_comb_cap/n50000/seed1_L1_Q1
max_n_mix,multi_comb_cap,50000,2,1,1,1,-9,1,0,,,/Users/free_1/Library/Mobile Documents/iCloud~md~obsidian/Documents/cpp-checker/branch_3/artifacts/lca_tree_stress_v5/strong_gate/runs/max_n_mix/multi_comb_cap/n50000/seed2_L1_Q1
max_n_mix,multi_comb_cap,99999,1,1,1,1,-9,1,0,,,/Users/free_1/Library/Mobile Documents/iCloud~md~obsidian/Documents/cpp-checker/branch_3/artifacts/lca_tree_stress_v5/strong_gate/runs/max_n_mix/multi_comb_cap/n99999/seed1_L1_Q1
max_n_mix,multi_comb_cap,99999,2,1,1,1,-9,1,0,,,/Users/free_1/Library/Mobile Documents/iCloud~md~obsidian/Documents/cpp-checker/branch_3/artifacts/lca_tree_stress_v5/strong_gate/runs/max_n_mix/multi_comb_cap/n99999/seed2_L1_Q1
max_n_mix,caterpillar_rect_dense,50000,1,1,1,1,-9,1,0,,,/Users/free_1/Library/Mobile Documents/iCloud~md~obsidian/Documents/cpp-checker/branch_3/artifacts/lca_tree_stress_v5/strong_gate/runs/max_n_mix/caterpillar_rect_dense/n50000/seed1_L1_Q1
max_n_mix,caterpillar_rect_dense,50000,2,1,1,1,-9,1,0,,,/Users/free_1/Library/Mobile Documents/iCloud~md~obsidian/Documents/cpp-checker/branch_3/artifacts/lca_tree_stress_v5/strong_gate/runs/max_n_mix/caterpillar_rect_dense/n50000/seed2_L1_Q1
max_n_mix,caterpillar_rect_dense,99999,1,1,1,1,-9,1,0,,,/Users/free_1/Library/Mobile Documents/iCloud~md~obsidian/Documents/cpp-checker/branch_3/artifacts/lca_tree_stress_v5/strong_gate/runs/max_n_mix/caterpillar_rect_dense/n99999/seed1_L1_Q1
max_n_mix,caterpillar_rect_dense,99999,2,1,1,1,-9,1,0,,,/Users/free_1/Library/Mobile Documents/iCloud~md~obsidian/Documents/cpp-checker/branch_3/artifacts/lca_tree_stress_v5/strong_gate/runs/max_n_mix/caterpillar_rect_dense/n99999/seed2_L1_Q1
