1024 47520
131 430 1
430 793 1
430 947 1
143 580 430
132 143 430
143 528 430
723 1007 143
852 1007 143
419 1007 143
694 857 1007
694 743 1007
524 694 1007
48 769 694
488 769 694
436 769 694
254 362 769
254 881 769
254 292 769
750 854 254
32 854 254
854 924 254
114 641 854
114 761 854
114 974 854
437 944 114
424 437 114
69 437 114
6 908 437
410 908 437
831 908 437
689 933 908
122 933 908
440 933 908
200 928 933
108 928 933
245 928 933
597 1014 928
888 1014 928
318 1014 928
525 884 1014
264 525 1014
525 858 1014
506 840 525
115 506 525
75 506 525
43 747 506
43 573 506
43 387 506
290 649 43
242 649 43
649 767 43
207 661 649
343 661 649
367 661 649
234 737 661
227 737 661
215 737 661
55 550 737
404 550 737
550 766 737
409 802 550
124 409 550
409 608 550
89 173 409
89 451 409
89 877 409
316 526 89
167 316 89
25 316 89
600 893 316
256 600 316
600 912 316
41 865 600
41 546 600
41 791 600
10 432 41
10 311 41
10 438 41
231 762 10
392 762 10
337 762 10
297 499 762
297 466 762
145 297 762
780 859 297
249 859 297
46 859 297
243 744 859
447 744 859
744 803 859
839 984 744
950 984 744
959 984 744
103 639 984
28 639 984
639 727 984
20 352 639
352 669 639
126 352 639
189 749 352
189 662 352
189 870 352
692 784 189
201 784 189
784 853 189
415 472 784
472 622 784
172 472 784
251 703 472
251 562 472
251 590 472
150 569 251
61 150 251
150 413 251
374 800 150
349 800 150
346 800 150
496 956 800
836 956 800
536 956 800
305 594 956
584 594 956
523 594 956
504 964 594
57 964 594
571 964 594
47 796 964
796 948 964
796 890 964
29 699 796
29 560 796
29 926 796
511 883 29
511 789 29
178 511 29
850 996 511
188 996 511
851 996 511
807 992 996
983 992 996
33 992 996
9 417 992
9 976 992
9 896 992
181 648 9
620 648 9
76 648 9
345 532 648
56 345 648
345 943 648
16 589 345
589 963 345
283 589 345
670 962 589
354 670 589
670 776 589
842 931 670
537 931 670
445 931 670
199 480 931
199 572 931
199 535 931
379 475 199
2 475 199
475 1009 199
638 1004 475
638 989 475
638 681 475
176 259 638
3 176 638
176 382 638
279 599 176
599 1005 176
599 763 176
205 214 599
205 875 599
96 205 599
867 1020 205
241 1020 205
609 1020 205
400 479 1020
235 479 1020
158 479 1020
155 774 479
760 774 479
408 774 479
288 490 774
288 423 774
40 288 774
695 835 288
835 885 288
257 835 288
563 954 835
154 954 835
27 954 835
192 940 954
179 940 954
940 1015 954
515 636 940
228 636 940
636 713 940
450 583 636
324 583 636
583 949 636
263 587 583
587 765 583
51 587 583
471 886 587
886 942 587
838 886 587
990 1002 886
182 1002 886
552 1002 886
403 514 1002
403 783 1002
403 710 1002
289 543 403
289 557 403
166 289 403
338 833 289
338 630 289
224 338 289
78 625 338
78 862 338
78 206 338
105 276 78
105 787 78
105 183 78
284 329 105
198 329 105
60 329 105
184 477 329
35 477 329
397 477 329
505 1001 477
306 1001 477
651 1001 477
398 873 1001
664 873 1001
873 971 1001
83 684 873
544 684 873
684 1006 873
581 863 684
129 581 684
581 834 684
323 728 581
64 728 581
728 785 581
120 911 728
568 911 728
606 911 728
585 988 911
887 988 911
952 988 911
185 221 988
86 221 988
221 746 988
153 677 221
677 690 221
358 677 221
611 716 677
611 688 677
210 611 677
558 967 611
460 558 611
146 558 611
502 913 558
147 502 558
94 502 558
344 493 502
344 418 502
317 344 502
300 683 344
141 300 344
300 997 344
308 433 300
308 570 300
308 726 300
516 698 308
273 698 308
575 698 308
63 889 698
63 484 698
63 755 698
110 830 63
52 830 63
72 830 63
578 794 830
794 941 830
117 794 830
272 1012 794
272 921 794
272 999 794
174 517 272
517 895 272
250 517 272
491 645 517
491 741 517
274 491 517
99 901 491
712 901 491
531 901 491
356 1016 901
426 1016 901
222 1016 901
521 900 1016
12 521 1016
123 521 1016
125 388 521
125 266 521
125 439 521
275 363 125
275 619 125
275 443 125
847 995 275
489 995 275
137 995 275
522 960 995
930 960 995
602 960 995
293 539 960
539 786 960
334 539 960
592 898 539
5 592 539
18 592 539
559 655 592
330 655 592
655 906 592
19 456 655
303 456 655
456 829 655
553 820 456
121 553 456
553 554 456
246 617 553
14 246 553
246 396 553
136 405 246
136 359 246
136 778 246
654 822 136
654 772 136
654 925 136
364 855 654
855 880 654
271 855 654
171 1024 855
171 730 855
171 916 855
470 518 171
518 720 171
518 721 171
42 653 518
42 328 518
42 91 518
170 527 42
170 805 42
34 170 42
333 975 170
149 975 170
161 975 170
70 219 975
70 244 975
70 748 975
441 614 70
548 614 70
165 614 70
321 485 614
321 604 614
321 459 614
59 412 321
59 849 321
59 792 321
268 878 59
22 268 59
268 1021 59
428 864 268
347 864 268
696 864 268
258 481 864
377 481 864
481 934 864
355 613 481
355 449 481
355 644 481
395 905 355
680 905 355
674 905 355
391 738 905
391 817 905
50 391 905
298 566 391
566 811 391
566 627 391
162 529 566
529 591 566
529 972 566
823 894 529
15 894 529
894 945 529
24 824 894
24 211 894
24 637 894
588 903 24
903 918 24
261 903 24
464 742 903
742 904 903
148 742 903
197 756 742
265 756 742
277 756 742
140 623 756
140 186 756
140 457 756
107 879 140
107 652 140
107 953 140
843 902 107
458 843 107
421 843 107
164 476 843
476 759 843
476 686 843
628 819 476
498 628 476
628 837 476
295 407 628
295 892 628
295 659 628
372 736 295
732 736 295
236 736 295
30 957 736
691 957 736
49 957 736
702 856 957
666 856 957
797 856 957
361 373 856
237 373 856
233 373 856
156 937 373
285 937 373
473 937 373
82 98 937
82 465 937
82 340 937
656 816 82
269 816 82
118 816 82
542 1013 816
152 1013 816
757 1013 816
299 378 1013
65 299 1013
299 966 1013
180 607 299
180 991 299
180 203 299
278 463 180
463 624 180
95 463 180
335 357 463
357 402 463
307 357 463
663 876 357
74 876 357
212 876 357
678 711 876
371 711 876
711 806 876
393 603 711
191 393 711
393 917 711
734 739 393
595 734 393
319 734 393
90 745 734
90 1000 734
90 169 734
551 907 90
394 907 90
384 907 90
208 920 907
208 1011 907
208 574 907
209 586 208
260 586 208
510 586 208
462 909 586
304 462 586
187 462 586
753 815 462
812 815 462
8 815 462
130 693 815
130 461 815
130 719 815
44 810 130
168 810 130
134 810 130
385 1017 810
385 474 810
385 771 810
616 770 385
616 626 385
294 616 385
369 841 616
267 369 616
369 701 616
11 1018 369
11 922 369
11 708 369
327 420 11
327 582 11
327 832 11
313 899 327
313 828 327
313 414 327
193 868 313
17 868 313
79 868 313
667 768 868
104 768 868
618 768 868
39 826 768
406 826 768
196 826 768
85 951 826
621 951 826
735 951 826
116 919 951
919 1003 951
676 919 951
230 675 919
381 675 919
549 675 919
326 576 675
84 326 675
326 724 675
332 965 326
801 965 326
754 965 326
814 927 965
312 814 965
764 814 965
73 495 814
73 673 814
73 375 814
13 861 73
13 315 73
13 781 73
401 643 13
401 973 13
401 671 13
102 360 401
102 577 401
102 119 401
202 980 102
731 980 102
282 980 102
100 788 980
100 411 980
100 979 980
348 610 100
610 700 100
37 610 100
579 804 610
247 804 610
425 804 610
142 825 804
556 825 804
302 825 804
68 468 825
468 773 825
106 468 825
139 707 468
220 707 468
138 707 468
4 672 707
4 452 707
4 1010 707
77 1022 4
77 938 4
77 399 4
7 779 77
601 779 77
190 779 77
482 860 779
26 482 779
111 482 779
88 758 482
593 758 482
296 758 482
497 679 758
497 633 758
58 497 758
866 897 497
128 866 497
567 866 497
109 869 866
631 869 866
704 869 866
818 891 869
891 946 869
252 891 869
530 798 891
629 798 891
740 798 891
932 958 798
598 932 798
218 932 798
533 565 932
533 970 932
133 533 932
314 1023 533
314 848 533
314 455 533
97 799 314
97 939 314
97 204 314
157 431 97
431 718 97
431 714 97
446 454 431
353 454 431
454 722 431
416 634 454
151 634 454
31 634 454
540 646 634
434 540 634
540 955 634
310 968 540
248 968 540
494 968 540
350 478 968
422 478 968
478 782 968
715 809 478
706 809 478
519 809 478
159 977 809
101 159 809
21 159 809
286 697 159
697 985 159
487 697 159
492 733 697
177 733 697
733 813 697
113 545 733
113 513 733
113 331 733
93 635 113
93 301 113
93 226 113
23 685 93
23 874 93
23 213 93
383 486 23
383 978 23
370 383 23
80 642 383
642 969 383
62 642 383
512 729 642
729 845 642
729 872 642
232 596 729
386 596 729
341 596 729
223 775 596
223 322 596
175 223 596
135 561 223
135 910 223
135 320 223
429 503 135
365 503 135
503 998 135
483 982 503
287 982 503
882 982 503
225 325 982
325 339 982
325 752 982
194 555 325
112 555 325
555 923 325
469 993 555
127 993 555
705 993 555
87 427 993
427 987 993
427 448 993
336 389 427
195 389 427
38 389 427
564 687 389
564 660 389
564 725 389
342 827 564
827 994 564
435 827 564
657 935 827
657 1019 827
657 981 827
66 647 657
390 647 657
92 647 657
239 509 647
509 632 647
67 509 647
380 444 509
380 709 509
380 665 509
216 986 380
668 986 380
229 986 380
238 961 986
238 650 986
160 238 986
270 615 238
253 615 238
615 936 238
368 507 615
507 547 615
54 507 615
605 929 507
871 929 507
45 929 507
612 844 929
612 808 929
442 612 929
366 777 612
217 777 612
658 777 612
501 534 777
36 501 777
501 795 777
144 821 501
351 821 501
309 821 501
291 717 821
53 291 821
262 291 821
240 508 291
376 508 291
508 914 291
640 1008 508
453 640 508
538 640 508
255 915 640
255 500 640
255 751 640
541 790 255
281 541 255
520 541 255
71 846 541
71 280 541
71 81 541
467 682 71
163 467 71
131 467 1
467 793 1
467 947 1
467 580 430
132 467 430
467 528 430
467 723 143
467 852 143
419 467 143
467 857 1007
467 743 1007
467 524 1007
48 467 694
467 488 694
436 467 694
362 467 769
467 881 769
292 467 769
467 750 254
32 467 254
467 924 254
467 641 854
467 761 854
467 974 854
467 944 114
424 467 114
69 467 114
6 467 437
410 467 437
467 831 437
467 689 908
122 467 908
440 467 908
200 467 933
108 467 933
245 467 933
467 597 928
467 888 928
318 467 928
467 884 1014
264 467 1014
467 858 1014
467 840 525
115 467 525
75 467 525
467 747 506
467 573 506
387 467 506
290 467 43
242 467 43
467 767 43
207 467 649
343 467 649
367 467 649
234 467 661
227 467 661
215 467 661
55 467 737
404 467 737
467 766 737
467 802 550
124 467 550
467 608 550
173 467 409
451 467 409
467 877 409
467 526 89
167 467 89
25 467 89
467 893 316
256 467 316
467 912 316
467 865 600
467 546 600
467 791 600
432 467 41
311 467 41
438 467 41
231 467 10
392 467 10
337 467 10
467 499 762
466 467 762
145 467 762
467 780 297
249 467 297
46 467 297
243 467 859
447 467 859
467 803 859
467 839 744
467 950 744
467 959 744
103 467 984
28 467 984
467 727 984
20 467 639
467 669 639
126 467 639
467 749 352
467 662 352
467 870 352
467 692 189
201 467 189
467 853 189
415 467 784
467 622 784
172 467 784
467 703 472
467 562 472
467 590 472
467 569 251
61 467 251
413 467 251
374 467 150
349 467 150
346 467 150
467 496 800
467 836 800
467 536 800
305 467 956
467 584 956
467 523 956
467 504 594
57 467 594
467 571 594
47 467 964
467 948 964
467 890 964
467 699 796
467 560 796
467 926 796
467 883 29
467 789 29
178 467 29
467 850 511
188 467 511
467 851 511
467 807 996
467 983 996
33 467 996
417 467 992
467 976 992
467 896 992
181 467 9
467 620 9
76 467 9
467 532 648
56 467 648
467 943 648
16 467 345
467 963 345
283 467 345
467 962 589
354 467 589
467 776 589
467 842 670
467 537 670
445 467 670
467 480 931
467 572 931
467 535 931
379 467 199
2 467 199
467 1009 199
467 1004 475
467 989 475
467 681 475
259 467 638
3 467 638
382 467 638
279 467 176
467 1005 176
467 763 176
214 467 599
467 875 599
96 467 599
467 867 205
241 467 205
467 609 205
400 467 1020
235 467 1020
158 467 1020
155 467 479
467 760 479
408 467 479
467 490 774
423 467 774
40 467 774
467 695 288
467 885 288
257 467 288
467 563 835
154 467 835
27 467 835
192 467 954
179 467 954
467 1015 954
467 515 940
228 467 940
467 713 940
450 467 636
324 467 636
467 949 636
263 467 583
467 765 583
51 467 583
467 471 587
467 942 587
467 838 587
467 990 886
182 467 886
467 552 886
467 514 1002
467 783 1002
467 710 1002
467 543 403
467 557 403
166 467 403
467 833 289
467 630 289
224 467 289
467 625 338
467 862 338
206 467 338
276 467 78
467 787 78
183 467 78
284 467 105
198 467 105
60 467 105
184 467 329
35 467 329
397 467 329
467 505 477
306 467 477
467 651 477
398 467 1001
467 664 1001
467 971 1001
83 467 873
467 544 873
467 1006 873
467 863 684
129 467 684
467 834 684
323 467 581
64 467 581
467 785 581
120 467 728
467 568 728
467 606 728
467 585 911
467 887 911
467 952 911
185 467 988
86 467 988
467 746 988
153 467 221
467 690 221
358 467 221
467 716 677
467 688 677
210 467 677
467 967 611
460 467 611
146 467 611
467 913 558
147 467 558
94 467 558
467 493 502
418 467 502
317 467 502
467 683 344
141 467 344
467 997 344
433 467 300
467 570 300
467 726 300
467 516 308
273 467 308
467 575 308
467 889 698
467 484 698
467 755 698
110 467 63
52 467 63
72 467 63
467 578 830
467 941 830
117 467 830
467 1012 794
467 921 794
467 999 794
174 467 272
467 895 272
250 467 272
467 645 517
467 741 517
274 467 517
99 467 491
467 712 491
467 531 491
356 467 901
426 467 901
222 467 901
467 900 1016
12 467 1016
123 467 1016
388 467 521
266 467 521
439 467 521
363 467 125
467 619 125
443 467 125
467 847 275
467 489 275
137 467 275
467 522 995
467 930 995
467 602 995
293 467 960
467 786 960
334 467 960
467 898 539
5 467 539
18 467 539
467 559 592
330 467 592
467 906 592
19 467 655
303 467 655
467 829 655
467 820 456
121 467 456
467 554 456
467 617 553
14 467 553
396 467 553
405 467 246
359 467 246
467 778 246
467 822 136
467 772 136
467 925 136
364 467 654
467 880 654
271 467 654
467 1024 855
467 730 855
467 916 855
467 470 171
467 720 171
467 721 171
467 653 518
328 467 518
91 467 518
467 527 42
467 805 42
34 467 42
333 467 170
149 467 170
161 467 170
219 467 975
244 467 975
467 748 975
441 467 70
467 548 70
165 467 70
467 485 614
467 604 614
459 467 614
412 467 321
467 849 321
467 792 321
467 878 59
22 467 59
467 1021 59
428 467 268
347 467 268
467 696 268
258 467 864
377 467 864
467 934 864
467 613 481
449 467 481
467 644 481
395 467 355
467 680 355
467 674 355
467 738 905
467 817 905
50 467 905
298 467 391
467 811 391
467 627 391
162 467 566
467 591 566
467 972 566
467 823 529
15 467 529
467 945 529
467 824 894
211 467 894
467 637 894
467 588 24
467 918 24
261 467 24
464 467 903
467 904 903
148 467 903
197 467 742
265 467 742
277 467 742
467 623 756
186 467 756
457 467 756
467 879 140
467 652 140
467 953 140
467 902 107
458 467 107
421 467 107
164 467 843
467 759 843
467 686 843
467 819 476
467 498 476
467 837 476
407 467 628
467 892 628
467 659 628
372 467 295
467 732 295
236 467 295
30 467 736
467 691 736
49 467 736
467 702 957
467 666 957
467 797 957
361 467 856
237 467 856
233 467 856
156 467 373
285 467 373
467 473 373
98 467 937
465 467 937
340 467 937
467 656 82
269 467 82
118 467 82
467 542 816
152 467 816
467 757 816
378 467 1013
65 467 1013
467 966 1013
467 607 299
467 991 299
203 467 299
278 467 180
467 624 180
95 467 180
335 467 463
402 467 463
307 467 463
467 663 357
74 467 357
212 467 357
467 678 876
371 467 876
467 806 876
467 603 711
191 467 711
467 917 711
467 739 393
467 595 393
319 467 393
467 745 734
467 1000 734
169 467 734
467 551 90
394 467 90
384 467 90
467 920 907
467 1011 907
467 574 907
209 467 208
260 467 208
467 510 208
467 909 586
304 467 586
187 467 586
467 753 462
467 812 462
8 467 462
467 693 815
461 467 815
467 719 815
44 467 130
168 467 130
134 467 130
467 1017 810
467 474 810
467 771 810
467 770 385
467 626 385
294 467 385
467 841 616
267 467 616
467 701 616
467 1018 369
467 922 369
467 708 369
420 467 11
467 582 11
467 832 11
467 899 327
467 828 327
414 467 327
193 467 313
17 467 313
79 467 313
467 667 868
104 467 868
467 618 868
39 467 768
406 467 768
196 467 768
85 467 826
467 621 826
467 735 826
116 467 951
467 1003 951
467 676 951
230 467 919
381 467 919
467 549 919
467 576 675
84 467 675
467 724 675
332 467 326
467 801 326
467 754 326
467 927 965
312 467 965
467 764 965
467 495 814
467 673 814
375 467 814
467 861 73
315 467 73
467 781 73
467 643 13
467 973 13
467 671 13
360 467 401
467 577 401
119 467 401
202 467 102
467 731 102
282 467 102
467 788 980
411 467 980
467 979 980
348 467 100
467 700 100
37 467 100
467 579 610
247 467 610
425 467 610
142 467 804
467 556 804
302 467 804
68 467 825
467 773 825
106 467 825
139 467 468
220 467 468
138 467 468
467 672 707
452 467 707
467 1010 707
467 1022 4
467 938 4
399 467 4
7 467 77
467 601 77
190 467 77
467 860 779
26 467 779
111 467 779
88 467 482
467 593 482
296 467 482
467 679 758
467 633 758
58 467 758
467 897 497
128 467 497
467 567 497
109 467 866
467 631 866
467 704 866
467 818 869
467 946 869
252 467 869
467 530 891
467 629 891
467 740 891
467 958 798
467 598 798
218 467 798
467 565 932
467 970 932
133 467 932
467 1023 533
467 848 533
455 467 533
467 799 314
467 939 314
204 467 314
157 467 97
467 718 97
467 714 97
446 467 431
353 467 431
467 722 431
416 467 454
151 467 454
31 467 454
467 646 634
434 467 634
467 955 634
310 467 540
248 467 540
467 494 540
350 467 968
422 467 968
467 782 968
467 715 478
467 706 478
467 519 478
467 977 809
101 467 809
21 467 809
286 467 159
467 985 159
467 487 159
467 492 697
177 467 697
467 813 697
467 545 733
467 513 733
331 467 733
467 635 113
301 467 113
226 467 113
467 685 93
467 874 93
213 467 93
467 486 23
467 978 23
370 467 23
80 467 383
467 969 383
62 467 383
467 512 642
467 845 642
467 872 642
232 467 729
386 467 729
341 467 729
467 775 596
322 467 596
175 467 596
467 561 223
467 910 223
320 467 223
429 467 135
365 467 135
467 998 135
467 483 503
287 467 503
467 882 503
225 467 982
339 467 982
467 752 982
194 467 325
112 467 325
467 923 325
467 469 555
127 467 555
467 705 555
87 467 993
467 987 993
448 467 993
336 467 427
195 467 427
38 467 427
467 687 389
467 660 389
467 725 389
342 467 564
467 994 564
435 467 564
467 935 827
467 1019 827
467 981 827
66 467 657
390 467 657
92 467 657
239 467 647
467 632 647
67 467 647
444 467 509
467 709 509
467 665 509
216 467 380
467 668 380
229 467 380
467 961 986
467 650 986
160 467 986
270 467 238
253 467 238
467 936 238
368 467 615
467 547 615
54 467 615
467 605 507
467 871 507
45 467 507
467 844 929
467 808 929
442 467 929
366 467 612
217 467 612
467 658 612
467 534 777
36 467 777
467 795 777
144 467 501
351 467 501
309 467 501
467 717 821
53 467 821
262 467 821
240 467 291
376 467 291
467 914 291
467 1008 508
453 467 508
467 538 508
467 915 640
467 500 640
467 751 640
467 790 255
281 467 255
467 520 255
467 846 541
280 467 541
81 467 541
1 467 1
143 467 143
467 694 694
254 467 254
114 467 114
467 908 908
467 928 928
467 525 525
43 467 43
467 661 661
467 550 550
89 467 89
467 600 600
10 467 10
297 467 297
467 744 744
467 639 639
189 467 189
467 472 472
150 467 150
467 956 956
467 964 964
29 467 29
467 996 996
9 467 9
345 467 345
467 670 670
199 467 199
467 638 638
467 599 599
467 1020 1020
467 774 774
467 835 835
467 940 940
467 583 583
467 886 886
403 467 403
338 467 338
105 467 105
467 477 477
467 873 873
467 581 581
467 911 911
221 467 221
467 611 611
467 502 502
300 467 300
467 698 698
467 830 830
272 467 272
467 491 491
467 1016 1016
125 467 125
467 995 995
467 539 539
467 655 655
467 553 553
136 467 136
467 855 855
467 518 518
170 467 170
70 467 70
321 467 321
268 467 268
467 481 481
467 905 905
467 566 566
467 894 894
467 903 903
467 756 756
107 467 107
467 476 476
295 467 295
467 957 957
373 467 373
82 467 82
467 1013 1013
180 467 180
357 467 357
467 711 711
467 734 734
467 907 907
467 586 586
467 815 815
467 810 810
467 616 616
11 467 11
313 467 313
467 768 768
467 951 951
467 675 675
467 965 965
73 467 73
401 467 401
467 980 980
467 610 610
467 825 825
467 707 707
77 467 77
467 482 482
467 497 497
467 869 869
467 798 798
467 533 533
97 467 97
454 467 454
467 540 540
467 478 478
159 467 159
467 733 733
93 467 93
383 467 383
467 729 729
223 467 223
467 503 503
325 467 325
467 993 993
389 467 389
467 827 827
467 647 647
380 467 380
238 467 238
467 507 507
467 612 612
467 501 501
291 467 291
467 640 640
467 541 541
445 842 670
882 970 932
9 552 9
330 945 592
318 894 928
250 988 988
213 247 610
188 744 744
188 817 511
525 971 525
286 985 159
357 972 566
710 769 769
149 984 984
99 632 491
312 764 965
103 962 984
403 594 594
418 493 502
890 948 964
304 909 586
174 250 272
129 834 684
153 690 221
130 602 995
323 477 477
340 465 937
232 341 729
660 934 864
753 817 905
823 945 529
281 539 539
608 802 550
585 887 911
756 906 592
567 685 497
200 769 769
265 940 940
747 908 908
91 996 996
81 455 533
750 811 254
938 1022 4
294 626 385
763 1005 176
305 504 956
427 699 796
319 635 393
96 875 599
503 784 784
229 610 610
509 600 600
158 400 1020
550 568 550
529 1007 1007
1 580 1
3 382 638
583 847 583
570 856 300
246 987 246
775 876 876
136 288 288
503 973 13
832 1014 1014
247 579 610
141 997 344
108 858 933
589 1006 589
425 894 894
494 796 796
204 799 314
44 134 130
163 416 454
678 835 835
127 296 482
621 633 826
45 280 507
791 865 600
189 305 189
216 574 907
210 237 677
168 479 479
360 504 594
29 643 29
225 416 454
78 794 78
627 811 391
88 533 482
6 335 437
397 560 796
641 667 854
469 484 698
4 708 369
2 72 199
817 898 539
472 565 472
477 567 477
105 358 105
394 445 670
385 676 385
637 1014 1014
84 504 594
25 167 89
562 590 472
644 947 1
488 694 694
206 625 338
378 593 1013
125 517 517
81 500 640
543 996 996
554 886 886
6 831 437
431 446 431
293 786 960
237 361 856
33 887 996
380 430 430
42 829 655
363 674 125
205 394 205
35 81 329
433 847 300
461 719 815
53 829 655
583 694 694
123 900 1016
251 570 251
706 932 932
550 570 550
14 92 553
618 779 868
279 777 176
5 122 908
921 999 794
74 567 357
68 106 825
838 844 587
718 757 816
433 639 639
321 369 321
43 973 43
512 845 642
702 797 957
39 406 768
273 550 550
712 751 491
720 760 479
338 514 1002
525 769 769
523 912 316
94 329 329
243 447 859
70 452 70
106 826 826
373 478 373
621 714 826
218 830 830
236 290 43
77 99 491
132 528 430
828 899 327
242 928 928
204 942 587
762 784 762
595 843 843
430 580 430
879 953 140
197 409 409
469 705 555
127 640 555
203 991 299
51 409 409
887 907 911
34 805 42
90 191 711
143 300 143
22 1021 59
320 561 223
76 889 9
419 522 143
221 837 221
667 1003 868
324 430 430
56 943 648
486 790 23
334 799 960
38 195 427
191 917 711
717 956 956
411 788 980
406 922 369
88 105 105
332 754 326
750 924 254
142 267 616
372 409 409
376 471 587
735 929 826
43 722 43
80 649 649
110 925 63
552 912 316
134 168 130
352 737 737
412 792 321
723 852 143
658 810 810
799 939 314
324 475 475
97 420 11
318 769 769
575 988 988
29 206 29
31 830 830
29 330 29
611 1009 199
358 690 221
486 978 23
263 661 661
221 648 648
83 158 1020
150 648 150
274 506 506
42 461 42
181 1014 1014
74 703 472
229 994 564
99 898 491
910 953 140
57 908 908
272 401 272
272 914 272
746 988 988
278 290 43
210 688 677
496 536 800
50 817 905
556 775 804
317 493 502
792 849 321
660 687 389
227 478 661
185 931 931
46 154 297
133 565 932
151 530 891
718 910 97
19 842 670
727 1001 984
404 766 737
457 707 756
714 718 97
515 908 908
108 200 933
839 959 744
328 842 670
257 695 288
668 758 758
638 748 638
381 549 919
607 737 737
787 854 854
823 860 529
205 220 205
693 719 815
788 848 980
350 422 968
319 732 295
429 525 525
559 906 592
114 649 114
183 424 114
474 771 810
430 573 430
399 621 826
316 819 316
355 694 694
510 939 208
297 446 297
125 702 125
232 880 654
157 718 97
604 773 614
9 657 9
409 670 409
203 607 299
842 928 928
622 868 784
493 703 472
232 326 326
414 828 327
3 259 638
419 852 143
315 662 352
812 1014 1014
534 561 223
628 649 649
167 526 89
242 647 43
321 331 321
241 371 205
16 263 345
221 870 352
261 588 24
448 987 993
365 998 135
764 927 965
255 554 456
34 368 42
35 184 329
213 629 891
397 770 329
153 310 221
626 689 908
554 820 456
624 684 684
202 1004 475
701 879 140
298 301 391
772 925 136
692 853 189
500 915 640
671 973 13
322 630 289
265 277 742
292 461 769
796 985 796
189 550 550
283 642 345
189 908 908
594 694 694
467 506 506
295 821 295
472 650 472
240 255 291
79 244 975
129 545 684
543 936 403
238 718 97
365 429 135
744 979 744
35 580 430
301 635 113
686 735 843
350 538 968
422 785 581
438 737 737
73 381 919
611 724 611
107 804 107
220 357 357
846 933 933
190 990 886
181 620 9
50 475 475
65 966 1013
265 597 928
192 777 954
93 891 891
98 465 937
176 600 600
138 956 956
120 606 728
200 417 933
527 956 956
57 1006 594
625 859 859
316 1011 316
462 866 462
249 780 297
254 585 254
522 898 995
641 761 854
858 884 1014
179 192 954
845 872 642
21 794 794
68 563 835
616 698 698
324 784 784
152 667 816
475 661 661
347 428 268
644 662 352
400 866 1020
336 489 275
664 971 1001
546 972 600
332 394 90
15 220 529
493 656 502
479 534 479
786 859 859
215 234 661
433 640 300
110 419 143
649 971 649
665 709 509
237 756 756
484 889 698
228 515 940
203 1020 1020
187 581 581
118 373 373
321 939 321
494 846 540
433 570 300
166 663 403
714 977 97
114 349 114
359 793 1
166 636 636
349 963 150
160 650 986
187 1022 586
28 269 984
776 962 589
280 320 223
315 326 326
461 693 815
707 720 171
283 469 345
376 586 586
502 726 502
384 874 90
121 820 456
126 310 639
109 534 866
604 698 698
377 502 502
545 814 814
71 277 742
652 953 140
189 430 430
188 897 511
145 499 762
428 477 477
175 775 596
77 109 77
502 827 502
278 927 180
143 743 143
264 437 437
263 508 583
320 513 733
27 167 89
99 531 491
430 964 430
268 477 477
344 787 78
111 874 779
264 884 1014
38 884 1014
44 168 130
31 591 566
460 967 611
445 1005 670
401 939 401
983 1022 996
288 551 288
114 1007 1007
109 229 866
230 288 288
88 359 246
649 717 649
483 527 42
666 903 903
379 609 199
656 663 82
435 994 564
103 984 984
389 845 642
859 892 859
77 304 586
307 397 329
366 658 612
116 385 385
145 762 762
41 423 41
42 130 42
479 925 479
226 370 113
579 929 610
421 1019 107
9 257 9
3 898 638
183 764 78
116 1003 951
76 977 9
585 613 911
719 858 1014
811 837 391
618 701 616
793 947 1
341 386 729
182 935 886
253 936 238
677 945 677
87 168 130
369 912 316
77 654 654
16 735 345
822 925 136
823 917 529
457 655 655
9 274 9
514 710 1002
310 339 540
67 239 647
132 471 430
304 994 586
33 977 996
281 327 327
720 721 171
426 517 517
681 895 475
1 867 1
794 944 114
92 183 78
444 631 866
285 715 373
8 753 462
95 263 583
180 437 437
772 857 1007
138 534 468
123 429 1016
787 883 29
319 739 393
669 906 639
225 998 135
557 594 594
646 955 634
446 476 476
77 126 639
414 899 327
547 591 566
753 812 462
325 903 903
621 1020 1020
279 737 737
626 938 385
36 275 275
263 765 583
2 231 10
36 204 314
677 814 677
607 991 299
500 751 640
12 900 1016
395 642 355
524 857 1007
251 297 297
44 499 762
365 472 472
920 1011 907
131 793 1
179 546 600
346 470 150
511 732 511
261 485 614
423 854 854
262 541 821
567 892 628
314 477 477
231 337 10
166 557 403
702 1016 1016
304 357 357
76 181 9
15 832 529
30 49 736
751 915 640
407 659 628
239 667 868
443 646 125
2 928 928
508 757 816
106 594 594
289 492 289
257 617 288
534 691 736
346 374 150
107 954 954
421 458 107
173 769 769
592 782 592
78 352 352
10 408 10
388 594 594
29 572 29
743 857 1007
765 796 796
42 221 221
649 756 649
963 992 992
94 680 558
479 520 479
550 808 550
163 247 610
338 510 338
50 61 251
811 1002 1002
347 696 268
315 792 321
697 993 697
178 854 854
145 903 762
333 688 677
371 806 876
70 388 521
276 787 78
637 824 894
470 721 171
168 731 130
49 417 992
218 958 798
316 648 316
407 892 628
251 346 251
420 802 550
206 862 338
340 647 937
854 885 854
774 913 774
161 405 246
21 942 587
353 955 431
197 309 742
923 998 135
184 540 329
316 550 550
523 584 956
337 989 10
147 193 558
60 492 105
112 757 816
330 864 592
541 1005 176
11 689 908
295 827 295
64 555 581
134 571 594
269 479 479
727 958 984
99 479 479
145 466 762
758 1009 199
378 714 1013
29 278 29
306 505 477
46 452 297
352 870 352
681 1004 475
366 438 41
120 552 886
126 454 639
529 924 254
114 540 114
620 956 956
61 569 251
698 849 698
279 601 176
333 486 170
848 850 511
662 986 352
27 154 835
426 661 661
179 334 954
82 849 321
106 111 825
204 939 314
227 234 661
342 811 391
157 502 502
18 1014 1014
527 737 737
199 920 199
344 840 525
143 254 143
421 931 931
316 415 316
650 717 986
618 992 992
214 875 599
641 854 854
632 728 728
541 650 986
695 993 288
3 444 638
89 733 89
445 537 670
386 501 729
528 580 430
311 389 41
20 896 639
87 814 814
63 891 63
535 572 931
616 717 616
115 709 525
508 715 478
472 926 472
294 977 385
301 474 810
21 706 478
149 928 928
589 591 589
896 976 992
823 903 529
710 783 1002
393 499 762
724 869 675
281 606 728
166 589 589
882 936 503
510 1011 907
364 910 654
384 551 90
550 913 550
298 811 391
74 650 357
190 963 345
574 1011 907
124 802 550
315 742 742
266 439 521
671 865 600
175 420 11
776 986 589
163 682 71
976 996 996
933 1002 933
619 837 125
193 922 369
248 955 634
143 242 143
335 900 1016
524 743 1007
598 740 891
517 986 517
355 742 355
35 964 964
800 889 800
51 908 908
402 856 856
420 982 11
413 1014 1014
113 725 113
529 648 648
114 267 114
109 475 475
43 828 43
176 192 176
271 364 654
533 566 566
107 512 107
332 448 326
7 601 77
587 833 587
180 538 180
32 694 694
16 283 345
29 251 251
174 1019 272
488 1007 1007
72 636 636
396 892 553
496 993 800
88 910 482
611 886 886
41 353 41
545 843 843
140 475 475
734 760 479
253 541 238
112 923 325
330 559 592
291 953 140
552 990 886
428 696 268
56 396 648
991 1022 299
479 790 479
431 585 911
105 711 105
688 869 677
72 110 63
240 755 698
247 425 610
474 502 502
423 490 774
372 732 295
4 848 4
24 470 171
287 882 503
11 962 589
240 376 291
84 401 675
9 571 594
15 384 529
269 575 308
574 920 907
808 844 929
58 286 758
60 198 105
281 561 223
240 914 291
45 642 642
894 985 894
48 436 694
226 635 113
736 1001 1001
698 873 873
217 658 612
125 1014 1014
236 372 295
21 370 809
329 502 329
677 820 677
197 277 742
36 322 596
37 700 100
448 547 993
275 621 275
43 181 43
737 1020 737
72 638 638
163 846 541
594 670 594
606 774 774
313 585 911
192 477 954
81 187 586
58 882 758
20 401 639
9 553 9
449 613 481
65 301 1013
662 870 352
181 980 9
222 426 901
107 863 684
334 550 550
19 524 1007
922 1018 369
54 605 615
102 422 102
33 807 996
57 221 594
68 937 937
159 508 159
146 338 338
174 895 272
12 826 1016
450 800 800
380 705 555
672 832 11
355 656 355
53 262 821
210 550 550
111 311 41
116 676 951
520 801 326
320 914 223
197 265 742
101 532 648
88 296 482
16 984 984
2 744 744
326 581 581
491 902 491
89 694 694
525 780 525
109 382 638
37 65 1013
113 394 90
881 893 769
272 894 272
224 600 600
521 927 521
368 547 615
771 1017 810
283 963 345
439 886 886
590 703 472
303 934 655
45 794 794
436 488 694
243 506 506
183 787 78
369 934 864
171 297 297
94 820 558
259 965 638
435 685 93
835 972 835
592 601 592
107 649 649
893 981 316
935 936 827
312 951 951
465 831 437
105 316 316
20 533 639
211 824 894
83 941 873
742 1017 742
190 601 77
664 744 744
74 705 357
830 835 835
634 839 744
41 648 41
76 574 9
648 710 648
111 860 779
200 584 933
717 731 102
690 697 221
108 245 933
498 837 476
187 909 586
481 720 171
477 788 477
567 602 995
215 782 661
29 911 29
660 882 503
475 492 475
150 835 150
64 857 1007
59 904 59
86 176 176
15 665 529
564 722 431
585 611 911
670 867 670
149 929 170
600 890 600
260 302 208
562 950 744
652 879 140
306 773 477
7 190 77
421 660 107
583 585 583
478 567 497
111 447 859
195 612 427
471 724 587
193 261 24
565 970 932
607 819 476
18 698 698
850 856 511
647 1014 1014
700 877 409
339 614 614
172 473 784
442 1019 827
334 786 960
93 358 221
765 977 583
591 610 566
45 818 869
532 611 648
3 933 933
442 808 929
206 675 338
193 373 373
364 880 654
186 223 756
342 986 564
989 992 992
650 784 784
53 296 482
289 477 289
1 769 1
244 993 975
274 741 517
315 572 931
565 952 911
265 776 589
918 1001 1001
496 836 800
699 926 796
336 514 1002
89 890 89
71 425 610
140 616 140
359 405 246
630 833 289
785 999 581
707 991 299
546 600 600
478 878 59
84 947 1
876 908 908
717 985 159
323 847 581
64 498 581
981 1019 827
168 988 988
644 1011 481
891 982 891
486 556 804
47 737 737
64 940 940
10 695 10
166 1005 176
681 714 475
259 479 638
694 787 694
672 1010 707
371 678 876
6 435 437
81 730 855
104 402 463
414 737 737
710 857 1007
287 483 503
276 825 78
95 779 180
134 961 130
551 701 90
568 837 728
593 972 566
301 972 566
632 931 931
668 677 677
437 867 437
2 1009 199
321 988 988
447 889 859
500 538 508
224 258 289
143 239 143
63 501 63
639 913 639
240 624 180
257 315 288
410 855 437
100 320 100
737 901 737
43 96 43
472 527 472
339 774 774
48 488 694
430 944 430
592 988 988
31 151 454
660 725 389
24 351 24
126 669 639
452 881 769
88 593 482
186 457 756
84 804 675
475 712 475
125 341 125
110 873 873
582 832 11
122 430 430
464 694 694
492 860 779
559 644 592
61 661 661
679 905 905
213 272 272
59 102 59
586 779 586
287 549 919
642 797 957
90 781 90
430 445 430
459 826 614
226 341 113
714 970 932
139 351 468
460 777 611
189 297 297
308 910 308
489 847 275
353 541 431
839 950 744
95 464 903
519 715 478
141 344 344
457 607 756
117 941 830
229 668 380
245 713 933
625 908 908
46 649 649
22 345 345
383 857 1007
22 878 59
107 483 107
296 769 769
530 633 758
488 732 694
281 520 255
45 871 507
878 1021 59
550 885 550
253 632 647
708 1018 369
839 982 744
11 725 11
120 275 728
260 630 289
120 354 589
64 785 581
479 842 670
177 300 300
639 896 639
9 583 9
589 1008 589
150 260 150
507 846 507
519 939 314
114 466 114
252 946 869
111 733 779
116 336 951
368 995 995
148 1023 903
81 520 255
256 893 316
220 371 876
35 841 329
227 518 661
1 694 1
151 594 594
39 618 868
430 559 430
139 220 468
227 514 661
818 946 869
66 112 325
80 988 988
320 714 97
633 723 143
463 631 463
686 759 843
545 979 980
186 299 756
114 629 114
153 497 221
310 778 246
756 887 911
322 390 596
347 882 268
141 996 996
160 972 566
11 125 125
207 694 694
625 931 931
121 144 456
354 776 589
152 542 816
744 834 744
199 254 254
237 407 628
393 400 1020
28 79 984
707 992 992
424 944 114
143 924 143
65 576 1013
126 372 639
87 987 993
206 392 10
419 760 143
706 955 634
70 702 70
353 629 891
59 656 59
66 144 657
118 656 82
605 871 507
182 990 886
417 661 661
631 978 866
54 701 616
586 604 614
89 728 89
405 778 246
46 780 297
1 131 1
407 568 728
32 648 254
916 929 855
184 397 329
373 768 373
293 759 960
424 670 114
149 333 170
92 480 931
595 739 393
432 932 41
270 327 327
3 747 506
453 538 508
138 220 468
127 823 529
479 719 479
395 674 355
439 502 502
111 805 42
793 862 1
401 499 762
59 583 583
45 310 540
114 184 114
489 630 289
659 805 42
254 485 254
84 576 675
347 731 268
412 849 321
551 670 670
295 986 295
86 497 988
566 1000 566
822 873 873
885 960 288
541 660 389
62 471 587
41 231 41
80 172 784
795 988 988
136 628 136
851 978 511
590 686 472
376 696 268
426 728 728
31 43 43
107 740 107
117 992 992
501 746 988
768 861 768
388 893 316
26 752 779
639 894 639
444 709 509
164 991 843
409 532 409
136 302 136
270 640 238
648 795 648
371 887 911
43 433 43
369 395 355
473 701 373
462 762 762
52 589 589
381 404 737
660 694 694
579 989 475
225 752 982
113 943 648
585 996 996
20 126 639
498 819 476
61 297 297
273 292 769
688 716 677
32 198 254
356 956 956
12 447 859
641 650 854
683 997 344
382 859 859
121 554 456
715 724 675
466 878 762
236 877 409
928 963 928
92 675 675
102 939 102
256 974 854
272 775 272
51 542 583
345 695 345
629 740 891
143 492 143
680 982 355
714 910 97
398 664 1001
148 552 886
309 382 638
80 601 77
119 693 815
444 665 509
104 618 868
232 509 729
770 833 289
873 921 873
339 752 982
521 890 964
444 874 93
1004 1017 475
695 934 288
332 410 437
426 840 525
514 783 1002
317 984 984
428 906 592
155 408 479
94 913 558
183 276 78
252 818 869
6 410 437
63 117 63
419 832 143
113 194 113
388 680 521
219 748 975
249 577 297
624 869 180
31 465 937
506 573 506
701 994 616
456 972 456
621 734 734
262 934 864
989 1004 475
236 248 295
261 529 529
421 683 344
333 940 940
1 333 1
384 394 90
1 74 1
26 844 779
126 948 639
28 727 984
85 351 826
677 798 677
65 820 456
515 775 940
326 614 614
84 592 592
403 905 403
217 963 345
446 726 300
351 366 612
935 1019 827
50 1022 905
504 571 594
765 944 114
421 902 107
182 600 600
400 525 525
40 59 774
239 508 647
285 630 289
230 381 919
6 254 254
54 327 327
639 878 639
319 756 756
114 768 114
843 1006 873
80 187 586
67 381 919
150 996 150
267 604 614
437 794 437
126 464 639
254 747 254
415 622 784
106 773 825
177 700 100
614 927 614
449 946 481
266 284 105
560 926 796
850 1008 511
443 545 125
250 380 272
540 981 540
545 880 654
10 172 10
315 861 73
81 846 541
244 816 975
498 892 476
485 892 614
486 846 23
261 389 24
73 988 988
434 646 634
291 518 518
567 897 497
34 599 599
177 876 876
108 154 933
301 534 113
146 900 611
386 915 729
684 789 29
248 494 540
685 855 855
770 1003 385
579 912 316
740 818 869
559 956 956
666 797 957
77 113 77
415 629 784
789 822 29
349 374 150
861 992 992
262 794 794
122 854 854
122 942 908
761 974 854
149 695 288
220 304 586
166 630 403
58 757 816
407 768 628
400 737 737
360 994 401
476 952 911
352 882 352
1 608 1
251 409 409
65 661 661
512 872 642
69 944 114
534 674 355
266 525 525
620 737 737
796 1001 796
387 863 506
7 960 960
44 512 130
429 1014 1014
755 980 698
688 916 677
177 946 869
346 520 150
205 719 205
430 852 430
313 474 810
116 223 951
497 519 497
421 480 931
251 537 251
598 664 1001
655 729 655
502 525 525
320 910 223
14 418 502
387 747 506
18 434 539
306 651 477
71 474 810
554 654 456
468 582 11
348 868 868
231 977 10
88 938 4
387 541 506
41 844 41
299 583 583
177 492 697
377 899 864
473 744 744
467 866 866
86 145 762
499 513 762
546 865 600
555 561 223
292 769 769
26 96 599
373 536 800
186 673 756
134 477 477
275 861 275
654 697 654
110 118 63
428 934 268
217 647 647
737 789 737
235 396 1020
480 1014 1014
22 89 89
125 129 684
335 444 463
388 439 521
515 535 931
172 700 784
317 418 502
219 487 975
225 519 478
366 593 482
4 460 611
106 894 894
119 290 43
525 615 525
258 934 864
158 529 1020
256 912 316
34 859 859
506 511 506
677 968 677
291 344 344
324 450 636
447 803 859
351 876 876
595 988 988
34 552 886
114 985 114
673 773 814
86 185 988
369 690 221
107 956 956
76 620 9
11 481 481
49 72 63
448 599 599
5 18 539
359 778 246
594 756 594
940 988 940
97 321 321
142 302 804
527 651 477
435 541 564
404 694 694
270 1019 827
159 622 784
283 862 345
530 629 891
205 443 205
84 416 675
305 749 352
492 690 221
421 550 550
333 707 170
199 295 199
29 428 29
170 694 694
337 392 10
506 554 506
266 771 521
838 942 587
269 656 82
54 160 986
309 609 205
138 449 481
300 925 300
850 1024 511
449 901 901
348 700 100
335 402 463
621 687 826
344 594 594
526 905 89
299 510 299
598 901 901
529 1023 529
248 310 540
307 442 463
743 897 1007
9 788 9
437 694 694
672 964 964
298 827 391
217 366 612
330 872 592
362 881 769
107 764 107
29 179 29
345 484 345
1 362 1
420 582 11
149 491 491
373 395 355
527 805 42
149 684 684
257 885 288
18 997 344
398 505 477
3 714 638
451 505 409
46 802 550
152 295 295
78 649 649
121 546 600
282 546 600
315 749 352
202 809 102
435 647 564
770 951 385
89 265 89
722 986 431
455 986 533
599 994 599
91 658 518
74 677 677
302 968 804
306 550 550
356 426 901
651 658 477
692 920 189
550 782 550
285 848 373
674 888 928
979 1010 980
176 952 176
83 311 41
67 632 647
825 842 670
115 287 525
163 520 255
180 806 180
151 842 670
160 291 986
396 970 553
151 883 29
752 987 982
58 679 758
273 516 308
610 876 876
202 314 102
41 645 41
135 231 10
490 784 784
88 277 742
48 667 694
585 745 911
127 302 804
581 719 581
316 339 316
780 828 297
728 904 728
26 111 779
377 815 864
10 199 10
660 1008 389
232 592 592
553 869 553
239 601 77
25 570 89
203 821 299
9 867 9
117 578 830
682 897 497
72 986 63
155 442 479
309 782 968
662 749 352
122 437 437
648 773 648
696 832 268
54 202 102
331 513 733
850 851 511
874 969 93
449 644 481
29 474 29
134 292 769
555 929 555
459 604 614
223 694 694
192 205 205
643 671 13
590 609 472
434 955 634
63 744 744
171 780 297
286 629 891
262 740 891
939 1023 533
360 491 491
161 333 170
338 503 338
293 848 960
107 611 611
217 788 980
72 760 479
132 446 430
170 258 170
681 880 475
281 667 868
93 640 93
308 760 479
600 749 600
58 240 758
164 350 843
55 404 737
39 509 768
413 569 251
195 530 891
69 531 114
136 278 136
162 591 566
230 689 908
332 432 41
40 762 762
278 907 180
263 806 583
2 251 251
147 899 558
195 745 734
360 670 670
212 489 275
350 782 968
858 888 928
421 747 506
375 495 814
335 955 463
172 622 784
43 902 43
576 1016 1016
285 931 931
37 787 78
353 446 431
108 166 933
342 435 564
427 746 988
20 832 639
63 186 63
29 676 29
837 918 24
796 954 796
224 833 289
398 653 1001
41 275 41
222 676 901
389 994 389
313 866 313
303 716 677
935 937 937
276 576 78
212 663 357
93 939 314
226 301 113
304 961 586
458 595 107
484 755 698
457 623 756
18 397 329
264 858 1014
540 728 728
156 1013 373
662 923 352
172 435 784
131 451 1
720 882 171
215 337 661
864 866 864
201 692 189
188 851 511
291 841 616
402 867 205
572 745 931
239 638 638
615 687 389
170 897 170
67 668 647
7 148 903
706 715 478
398 800 800
152 526 89
299 756 756
105 568 105
802 860 550
666 905 905
251 746 251
540 768 768
195 494 540
153 213 221
318 966 928
645 917 517
99 745 491
950 1011 744
265 270 742
468 675 675
725 1015 954
118 452 82
150 817 150
122 689 908
486 866 866
41 862 41
72 600 600
49 691 736
37 364 654
256 316 316
903 923 903
199 276 199
760 820 479
525 645 525
765 786 583
748 892 975
549 937 937
222 559 901
470 576 171
244 748 975
92 226 113
550 802 550
133 366 932
63 588 63
480 941 931
156 285 373
83 544 873
499 711 762
452 672 707
633 679 758
565 986 932
310 494 540
633 1024 855
144 309 501
696 968 268
285 900 1016
379 1009 199
357 472 472
479 744 744
77 454 77
523 713 956
256 586 316
451 877 409
936 945 529
25 430 430
658 693 815
272 426 272
581 726 581
216 668 380
66 390 657
210 716 677
230 233 856
847 1000 275
453 705 555
74 390 357
82 133 82
321 926 796
219 644 975
90 515 940
657 773 825
487 658 159
873 925 873
658 917 711
124 649 649
718 889 698
409 625 409
192 933 933
530 865 600
116 937 937
358 747 506
175 382 638
226 321 321
39 241 205
406 968 768
635 775 113
49 581 581
561 986 223
429 657 135
389 750 254
254 430 430
94 147 558
114 215 114
233 237 856
360 775 401
89 167 89
345 999 345
50 272 272
80 998 383
107 756 756
558 935 558
359 588 246
766 963 737
494 520 540
506 996 506
190 685 77
762 808 762
711 954 954
5 898 539
795 882 503
408 484 479
261 506 506
451 674 409
215 649 649
347 1019 268
576 763 176
495 873 873
954 1007 1007
391 968 391
506 714 506
24 829 655
165 548 70
394 860 90
217 790 612
738 860 905
12 423 774
788 810 810
125 786 125
281 809 809
143 944 143
277 560 796
812 994 462
487 843 843
82 117 830
183 565 78
479 784 784
172 762 762
216 746 988
157 845 97
525 527 525
246 297 297
756 966 756
216 542 816
610 947 1
762 926 762
33 594 594
127 586 586
471 801 587
928 1002 928
247 704 610
203 481 481
615 989 475
12 123 1016
4 435 4
268 611 611
266 388 521
411 979 980
422 827 968
91 653 518
366 969 383
422 782 968
363 619 125
507 856 856
316 803 316
442 647 647
249 289 297
236 732 295
386 742 742
422 699 796
525 756 525
301 337 10
37 348 100
71 834 684
438 724 41
134 796 796
819 837 476
52 110 63
185 823 988
74 663 357
51 649 649
626 882 385
36 705 555
41 150 41
743 867 1007
305 737 737
282 710 1002
742 929 742
43 100 43
25 890 89
93 903 903
285 980 373
571 632 594
127 705 555
755 922 698
109 724 675
254 438 254
108 168 933
24 363 125
477 528 430
164 686 843
234 764 661
513 593 482
657 951 951
257 377 288
291 439 521
201 743 1007
148 262 903
147 913 558
537 842 670
853 987 189
456 491 491
14 166 403
58 595 393
195 336 427
27 563 835
98 411 937
395 680 355
160 682 986
357 526 89
9 680 9
330 917 592
77 659 628
89 443 89
325 813 697
143 526 143
1 320 1
281 318 928
164 759 843
52 529 63
60 325 105
232 535 931
291 737 737
77 689 908
79 469 313
218 449 481
255 453 508
219 642 975
544 727 984
419 723 143
705 953 140
460 484 611
144 351 501
289 921 289
281 767 43
96 432 41
75 255 525
129 247 684
202 719 815
510 895 272
163 553 553
450 949 636
702 974 854
506 801 506
409 994 409
176 716 176
404 992 737
195 914 427
784 962 784
199 848 199
445 648 648
370 513 733
41 755 41
126 834 639
788 896 992
430 989 430
282 731 102
1 924 1
134 407 628
54 368 615
8 554 456
321 763 176
353 520 431
75 437 437
84 863 684
448 646 634
62 639 639
238 783 1002
297 811 297
65 918 24
348 731 102
271 717 654
223 635 113
173 1019 409
430 575 430
780 1015 297
128 897 497
70 350 70
794 968 794
183 189 189
143 306 143
24 864 864
631 765 583
43 525 525
149 161 170
436 633 694
216 679 758
117 229 830
235 356 1020
744 746 744
191 890 964
491 808 491
996 1002 996
71 752 982
521 592 521
74 790 357
470 865 600
306 475 475
252 439 521
348 587 587
633 960 960
370 966 1013
227 378 661
588 918 24
599 856 599
483 636 636
751 808 929
548 794 794
309 416 454
213 326 326
277 677 677
725 917 711
35 546 600
589 920 589
236 539 539
69 424 114
988 1014 1014
297 879 297
207 719 649
182 427 886
3 817 638
605 773 825
89 536 89
140 509 140
100 556 100
929 985 159
137 489 275
26 240 779
231 632 10
355 875 599
659 772 136
70 355 70
158 450 1020
104 116 868
485 920 614
538 1008 508
886 921 886
295 478 295
151 416 454
30 43 43
494 637 894
137 847 275
609 709 205
694 750 694
408 760 479
115 840 525
118 541 82
317 876 502
370 978 23
898 919 539
343 1014 1014
638 736 638
624 751 180
510 916 855
331 658 733
844 1020 1020
64 925 581
383 800 800
875 922 599
333 833 289
150 229 150
341 859 859
91 835 835
339 416 454
71 91 518
142 556 804
85 621 826
797 855 855
324 553 636
40 599 599
358 900 221
158 235 1020
531 668 491
491 687 491
305 584 956
214 694 694
206 523 956
200 804 933
177 671 13
45 939 314
180 599 599
576 911 911
173 877 409
429 862 338
45 500 507
417 896 992
708 922 369
928 966 928
241 251 251
302 843 843
456 898 539
112 194 325
89 720 89
957 1008 957
221 938 221
285 473 373
425 579 610
543 668 403
163 320 223
65 411 1013
327 540 327
383 781 73
666 702 957
456 657 456
250 894 272
184 798 329
137 437 437
465 773 937
94 511 511
8 403 403
346 349 150
309 867 205
78 901 78
373 804 373
135 717 135
328 653 518
106 702 957
229 538 380
38 705 555
545 611 611
578 853 189
813 953 140
143 154 143
489 683 344
433 626 300
232 809 809
98 979 937
499 612 762
694 902 694
44 270 130
520 530 891
822 988 988
616 957 957
21 101 809
752 844 982
331 748 975
19 692 189
406 587 587
501 930 995
120 470 728
394 980 90
9 14 9
814 816 816
661 948 661
688 705 677
516 555 308
702 949 636
524 863 1007
717 849 321
561 566 566
450 927 636
222 1013 901
485 924 254
289 377 289
176 674 176
68 773 825
232 643 13
380 564 564
36 43 43
209 320 208
57 377 594
135 628 628
77 225 77
74 680 355
164 937 843
480 555 931
121 922 456
740 970 891
715 883 29
225 339 982
11 406 11
609 814 205
25 259 89
176 933 933
278 513 180
281 500 640
338 468 338
312 823 529
856 998 856
434 564 634
448 487 159
736 909 736
430 893 430
136 217 136
257 774 774
508 706 478
266 636 636
389 393 393
312 788 965
74 212 357
444 596 596
109 204 866
126 297 297
431 472 472
350 605 968
386 541 729
492 501 697
339 801 326
278 582 180
633 999 794
343 436 694
534 795 777
195 248 540
547 1008 615
643 912 316
19 829 655
304 1001 1001
445 512 670
161 479 479
244 501 975
74 555 357
223 301 113
352 599 352
291 310 540
180 213 180
3 150 150
126 761 854
119 487 401
62 745 734
431 519 431
43 549 43
79 171 171
657 809 809
116 1014 1014
498 735 476
76 114 114
705 1018 369
827 862 338
57 613 594
171 956 956
485 781 614
190 248 77
694 881 694
17 338 338
161 744 744
146 967 611
17 140 140
716 985 677
114 912 114
341 975 975
4 818 4
496 726 800
578 665 830
446 899 327
58 320 758
94 392 10
688 836 800
736 748 975
156 590 472
193 732 295
270 440 908
120 594 594
91 328 518
397 1020 1020
195 426 901
409 482 409
478 714 97
795 903 903
57 955 594
143 150 143
147 371 558
266 330 521
15 108 933
422 913 558
177 834 684
585 952 911
293 873 873
140 333 170
176 661 661
199 524 1007
138 874 468
54 598 798
443 789 29
360 735 826
651 883 29
66 251 251
354 366 589
87 453 993
68 782 825
440 689 908
463 666 957
385 962 589
599 690 599
350 742 742
265 280 742
143 600 143
88 222 901
715 832 11
287 591 566
52 72 63
375 931 931
977 1012 794
190 985 77
267 518 518
658 667 868
602 841 995
452 1010 707
508 665 509
24 326 24
203 973 299
540 680 355
715 722 431
680 756 355
375 864 864
296 684 684
681 784 784
202 731 102
170 550 550
642 809 809
453 491 491
477 663 477
746 762 762
275 542 275
501 513 733
695 885 288
62 442 383
337 792 10
399 835 835
229 735 826
45 691 736
89 1015 89
202 282 102
687 689 908
1 20 1
94 598 558
849 958 321
743 843 1007
397 503 329
146 647 611
487 492 159
479 838 479
500 922 369
433 726 300
367 839 649
45 869 869
14 399 553
345 406 345
270 936 238
190 739 393
499 661 661
453 1008 508
72 1009 199
62 223 383
139 648 648
169 1000 734
36 700 100
127 369 369
445 661 661
125 263 583
24 474 24
301 600 600
471 942 587
519 632 478
269 281 82
95 278 180
874 970 932
490 816 774
301 438 41
44 135 130
247 784 784
338 745 338
247 998 610
156 525 525
370 486 23
91 918 518
590 908 908
233 924 254
25 439 89
135 477 477
229 582 11
88 666 957
351 668 380
593 731 102
323 504 594
462 618 462
327 486 327
402 984 984
795 970 932
288 552 288
47 948 964
280 312 965
481 852 143
51 765 583
1 76 1
463 754 463
157 818 869
745 1000 734
43 280 43
877 1014 1014
370 692 189
218 569 251
880 974 854
40 859 859
370 651 477
68 543 403
389 744 744
259 697 638
401 916 855
863 915 684
998 1023 533
494 718 97
79 193 313
614 754 614
105 592 105
28 897 984
85 735 826
690 931 931
260 973 208
364 965 654
83 384 873
171 503 171
441 686 70
65 378 1013
231 316 316
392 641 854
125 170 125
142 270 804
613 644 481
444 1006 873
368 538 615
136 295 136
976 1001 992
462 995 995
409 839 409
72 240 63
557 906 403
235 589 589
243 701 859
40 423 774
377 587 587
336 864 864
19 992 992
216 1020 1020
182 784 784
338 894 338
186 697 756
916 1024 855
339 343 649
599 1016 599
1 505 1
133 970 932
312 910 965
175 240 596
1016 1020 1020
30 831 437
371 543 403
248 709 540
11 991 299
396 944 114
654 685 654
865 918 600
452 617 553
408 482 479
618 667 868
4 217 4
475 1019 475
258 377 864
297 482 297
295 640 295
714 742 742
772 1014 1014
394 621 90
134 249 297
118 434 82
688 888 928
268 843 268
526 581 89
664 967 1001
132 390 430
410 807 437
666 728 728
320 959 744
253 809 809
160 326 326
302 828 327
129 781 684
880 926 796
327 399 327
187 977 586
175 635 113
353 763 176
596 935 596
130 925 136
737 867 737
83 605 873
32 980 254
546 791 600
553 721 553
756 931 931
602 930 995
30 704 736
101 735 826
43 83 43
368 745 734
295 1021 59
403 456 403
208 301 208
422 454 454
159 610 610
71 538 508
15 204 529
253 270 238
386 605 729
418 728 728
394 454 90
920 1005 176
41 726 41
505 895 477
689 769 769
362 971 769
296 342 482
381 471 587
197 588 24
158 956 956
211 758 894
375 574 907
84 529 529
646 868 868
230 549 919
481 945 481
326 469 326
742 972 566
322 775 596
249 713 297
473 991 373
266 719 521
66 92 657
769 954 769
713 1005 176
594 740 594
876 957 957
479 795 479
211 637 894
133 548 70
215 787 661
117 152 830
93 848 533
506 850 506
507 728 728
798 990 886
454 534 454
331 509 733
411 663 357
298 406 391
555 1003 951
483 882 503
493 819 502
739 915 393
103 297 297
613 769 769
20 900 639
563 944 114
505 1014 1014
26 487 779
770 969 385
275 737 737
914 941 830
389 468 468
297 737 737
191 1005 176
753 819 476
515 819 940
9 405 9
2 608 550
599 901 599
459 907 614
62 969 383
69 554 114
241 609 205
338 768 338
350 357 357
535 670 670
43 440 908
69 493 114
17 79 313
776 945 589
370 994 23
58 633 758
45 240 507
229 915 380
386 562 472
517 971 1001
393 446 393
678 1016 1016
99 796 796
113 591 566
274 805 517
939 946 869
157 203 299
748 934 975
465 766 737
409 867 409
341 1003 951
209 510 208
796 908 908
580 797 430
50 606 728
234 354 661
204 530 891
395 590 472
741 966 517
195 978 23
19 379 199
64 205 205
950 963 744
229 481 481
375 1016 1016
263 964 964
742 779 742
54 748 975
854 913 854
376 570 300
694 928 694
185 746 988
258 336 864
350 845 968
62 74 357
18 898 539
525 1007 1007
672 791 600
114 1019 114
764 960 960
371 544 873
65 654 654
792 950 744
361 443 125
409 901 409
456 517 517
378 950 744
143 227 143
44 568 728
675 922 369
361 501 856
578 960 830
190 770 385
176 1013 176
208 665 208
292 881 769
177 632 697
55 960 737
89 470 89
598 821 798
658 914 612
602 974 854
51 263 583
9 81 9
573 747 506
724 860 675
714 921 794
392 478 10
566 784 784
465 762 762
277 469 742
748 928 928
525 896 525
57 314 594
231 496 10
6 471 437
207 742 649
354 962 589
174 747 506
517 739 517
694 884 694
144 501 501
118 269 82
258 614 614
549 877 409
184 823 329
677 889 677
398 903 1001
856 956 956
114 562 114
329 975 329
119 124 550
556 812 462
632 646 634
405 595 246
361 774 774
439 495 521
747 769 769
152 271 654
513 545 733
738 829 655
687 725 389
36 334 960
243 816 859
117 302 830
45 512 642
734 814 734
187 653 518
89 737 737
6 109 437
185 534 988
399 1022 4
278 624 180
694 954 694
636 1016 636
930 988 988
128 567 497
678 742 742
421 685 107
80 681 475
437 584 437
449 598 481
251 1001 251
154 268 835
252 330 592
583 939 583
239 391 391
636 825 636
454 906 592
263 561 583
170 386 170
292 1007 1007
123 836 800
130 565 130
115 441 525
1 545 1
843 1015 954
189 976 189
418 784 784
473 789 29
62 104 868
90 482 90
567 691 736
26 435 779
310 430 430
465 688 677
121 878 456
390 533 533
234 769 769
93 252 869
353 429 431
497 801 326
53 71 821
235 769 769
291 297 297
113 897 497
806 907 876
143 541 143
790 846 255
612 880 654
29 527 29
649 748 649
114 236 114
757 889 698
576 724 675
370 509 23
227 814 661
538 627 391
19 751 655
238 995 995
75 840 525
140 1018 140
187 335 463
68 371 876
854 858 854
244 909 975
297 969 297
560 949 796
516 550 550
36 534 777
26 860 779
779 890 964
67 156 373
311 432 41
215 876 661
266 999 794
333 507 170
64 323 581
316 661 661
121 686 456
260 281 208
114 516 114
641 974 854
208 637 894
61 413 251
152 668 816
296 593 482
412 579 321
280 751 640
151 159 454
219 762 762
222 517 517
297 423 297
286 516 308
253 377 864
738 968 905
999 1012 794
177 556 804
460 611 611
265 471 587
191 713 940
264 748 1014
243 803 859
678 1024 855
2 369 199
596 864 864
305 661 661
239 342 564
626 770 385
694 933 694
124 608 550
410 1020 437
43 692 43
767 905 43
882 892 628
125 265 125
262 369 369
29 139 29
604 628 614
24 818 24
729 817 905
209 260 208
319 351 393
854 989 854
263 600 600
395 792 321
516 717 308
624 807 996
75 286 525
500 808 929
309 815 815
492 596 697
128 570 300
583 645 583
255 753 462
296 582 11
14 986 553
250 410 437
797 869 957
351 438 41
307 1014 1014
92 445 670
283 756 345
103 906 984
321 744 744
7 438 41
835 978 835
513 761 854
368 658 615
815 1019 815
646 662 352
408 964 964
7 715 77
49 64 581
355 837 355
124 899 550
443 918 125
442 698 698
16 977 345
423 512 774
53 650 986
150 847 150
172 784 784
398 631 1001
454 729 454
205 891 205
5 793 1
310 549 919
114 286 114
302 556 804
741 1018 517
50 243 859
276 525 525
427 953 140
618 938 868
77 629 77
316 990 316
2 379 199
232 325 729
194 916 855
350 479 479
205 960 205
246 700 246
457 875 599
293 913 558
411 487 980
63 625 338
510 754 208
564 813 697
380 605 380
784 933 933
638 644 638
95 955 180
421 668 107
734 839 744
254 1007 1007
648 918 648
385 938 385
42 333 42
12 210 677
204 512 314
138 463 463
52 316 316
754 923 326
413 966 251
629 800 800
130 340 937
26 901 901
66 966 1013
555 674 355
216 229 380
41 737 737
239 632 647
772 996 996
462 611 611
29 850 29
204 282 102
364 599 599
190 387 506
353 801 326
80 331 733
296 878 59
43 241 43
98 581 581
235 511 511
643 725 13
308 947 1
868 1013 1013
412 610 321
49 621 736
141 227 661
343 425 649
479 964 964
267 472 472
473 512 373
290 724 43
855 978 855
672 957 957
448 566 566
399 938 4
357 860 357
363 443 125
642 913 558
733 894 894
39 195 768
650 961 986
398 418 1001
143 682 143
390 682 657
306 964 964
735 871 826
124 226 550
158 794 1020
260 910 208
505 651 477
466 934 762
146 460 611
586 668 586
34 45 42
564 611 611
841 854 854
342 543 403
672 739 393
1 881 1
446 1000 734
280 665 509
199 531 199
107 828 107
681 694 694
69 552 114
463 516 308
16 297 297
140 404 737
7 985 77
653 882 518
471 587 587
331 545 733
86 959 744
302 508 804
357 591 566
121 244 456
330 767 43
430 566 430
106 765 583
992 1024 992
254 831 254
351 939 314
65 296 1013
174 543 403
176 854 854
35 176 176
337 584 10
32 254 254
255 446 431
336 648 648
594 784 784
933 984 933
809 1017 810
36 324 636
105 253 105
357 638 638
116 635 951
654 760 479
82 547 82
102 411 102
647 969 383
76 217 9
43 586 43
471 704 587
256 958 316
672 792 321
481 866 481
194 923 325
208 644 481
210 365 677
36 883 29
93 561 93
656 764 82
510 533 208
470 756 171
808 957 957
212 225 357
449 681 475
35 397 329
342 953 140
338 974 854
397 674 329
530 740 891
244 300 300
478 844 478
307 402 463
547 1015 954
274 645 517
298 627 391
673 920 907
316 430 430
245 613 933
228 625 940
426 881 769
148 578 830
567 901 901
288 316 316
477 829 477
271 634 654
83 341 873
487 985 159
716 1002 1002
517 594 594
715 813 478
217 939 314
197 268 268
736 757 736
7 47 964
270 507 238
710 926 796
139 780 297
704 915 866
725 939 314
147 906 558
142 478 804
420 832 11
255 838 587
502 740 502
541 898 539
581 861 581
96 568 599
53 541 821
163 762 762
625 844 338
157 611 611
718 744 744
231 908 908
242 724 43
213 414 327
387 430 430
128 871 497
893 1010 316
815 980 815
138 991 299
515 646 940
582 738 905
168 521 521
176 809 176
84 425 675
462 677 677
138 218 468
514 1020 1020
157 949 636
387 573 506
117 959 744
105 715 105
178 885 29
703 750 254
174 908 908
840 917 525
381 783 1002
506 1000 506
275 822 275
347 715 268
328 835 835
347 593 268
41 283 41
107 201 189
24 951 24
201 853 189
188 573 506
609 886 205
828 931 931
555 941 830
169 294 734
216 538 380
336 665 427
10 712 10
43 849 43
123 426 901
136 468 136
303 887 911
335 554 456
912 952 316
21 923 809
123 752 1016
130 756 756
842 864 670
485 604 614
444 858 1014
381 956 956
485 576 614
407 939 628
134 325 130
908 933 908
220 986 468
339 765 583
258 387 506
267 547 616
503 658 503
386 428 268
590 784 784
556 782 804
1 573 1
479 613 479
153 234 661
161 776 589
420 518 518
323 773 581
426 762 762
360 673 814
131 960 1
96 851 511
915 942 587
792 941 830
107 700 107
198 724 105
66 1014 1014
182 796 796
551 983 996
344 784 784
10 839 10
404 854 854
412 964 964
132 486 430
354 391 589
425 599 599
99 514 1002
443 867 205
817 963 345
150 550 550
37 268 268
150 589 150
9 181 9
159 702 957
935 987 993
718 1016 1016
506 934 506
352 835 352
451 649 649
297 554 297
374 624 150
149 409 409
100 628 628
589 654 589
442 534 929
421 730 855
288 633 288
21 217 809
12 659 1016
270 651 477
320 679 758
127 822 136
245 908 908
173 713 409
201 435 189
321 698 698
385 448 385
362 756 769
82 846 82
231 419 143
177 1000 734
193 769 769
41 125 41
171 529 171
753 1007 1007
130 414 130
228 830 940
648 818 648
544 729 873
5 248 539
228 1012 940
291 1007 1007
43 771 43
68 323 581
3 396 638
332 906 592
254 530 254
737 916 737
728 1003 728
556 694 694
8 954 954
396 1012 794
195 392 10
874 946 869
510 1018 208
109 813 866
122 440 908
751 790 640
491 917 491
2 837 199
318 703 928
300 553 300
76 126 639
291 619 125
216 303 655
393 966 1013
32 426 254
278 753 180
736 965 736
89 1005 89
111 393 393
111 515 940
649 875 649
807 983 996
489 664 1001
42 980 42
29 224 29
448 785 581
78 383 78
288 990 288
687 781 73
240 846 291
175 809 809
231 677 10
144 666 957
45 210 677
292 362 769
147 316 316
228 713 940
57 888 928
603 917 711
353 588 24
50 1010 905
841 879 140
92 988 988
644 860 481
581 826 581
822 1014 1014
796 898 796
442 556 804
718 856 856
789 883 29
659 661 661
35 914 329
285 997 344
612 920 907
893 928 928
21 977 809
316 549 316
307 820 456
160 418 502
287 322 596
67 457 756
583 728 583
277 942 587
412 589 589
818 983 996
571 930 594
376 751 291
91 361 518
351 621 826
456 654 456
575 686 308
110 465 63
75 115 525
81 144 501
40 490 774
355 623 355
178 883 29
213 476 476
18 694 694
923 944 114
325 381 919
33 983 996
766 789 737
58 579 610
147 969 558
404 827 737
560 699 796
239 1024 855
151 369 369
434 845 634
189 854 854
331 477 477
848 1023 533
246 418 502
1 415 1
254 589 254
351 919 919
509 976 992
300 531 300
38 53 427
775 918 24
465 677 677
186 208 756
860 985 779
600 833 600
310 587 587
185 189 189
127 200 933
619 654 125
171 752 171
466 525 525
204 920 907
66 230 919
258 841 864
120 486 728
705 994 555
214 298 599
267 841 616
623 996 996
67 627 391
724 777 675
935 970 932
59 80 59
323 785 581
20 280 639
606 886 886
481 894 481
231 1007 1007
458 902 107
169 386 734
648 680 648
496 747 506
621 818 826
657 948 964
550 878 550
716 847 677
159 717 159
368 390 657
140 372 140
377 908 908
193 976 992
260 548 70
117 121 830
110 143 143
718 903 903
178 311 41
558 797 558
328 539 539
251 261 251
381 523 956
449 479 479
5 16 345
79 803 859
399 724 675
591 654 654
144 213 93
791 1007 1007
132 392 430
281 888 928
448 678 876
601 858 1014
937 958 937
294 770 385
970 1008 932
50 898 539
133 980 980
301 932 932
456 822 456
298 495 391
572 889 931
217 572 931
564 814 814
13 310 13
192 792 954
177 194 697
37 795 100
576 668 675
139 394 90
75 709 525
470 740 171
623 943 648
228 264 1014
136 515 940
489 812 275
341 411 980
189 415 189
151 1022 4
366 806 876
233 361 856
206 697 338
45 744 744
129 543 403
291 800 800
623 826 756
826 852 143
851 1015 511
169 377 864
255 878 59
403 468 403
327 879 140
245 792 933
149 485 170
548 766 737
189 511 189
260 529 529
376 844 929
443 619 125
9 229 9
25 872 89
64 372 581
8 845 462
152 521 521
36 579 610
331 711 711
441 636 636
362 793 1
247 891 610
117 464 830
533 907 907
268 566 268
492 883 29
160 961 986
71 213 93
614 835 835
444 504 594
254 256 254
316 786 316
373 808 373
204 1010 707
91 616 518
819 883 29
335 366 463
687 829 655
726 784 784
640 962 589
32 176 254
735 967 611
269 729 82
640 707 707
631 704 866
486 734 734
879 889 698
638 908 908
177 813 697
554 992 992
687 738 905
575 898 308
66 876 876
30 599 599
229 987 993
856 917 856
143 419 143
1 430 1
307 360 463
78 686 78
4 994 4
408 545 479
333 794 794
309 841 616
260 814 208
429 998 135
102 873 873
108 770 933
10 374 10
73 576 675
540 849 321
165 741 517
351 538 501
856 938 856
32 750 254
598 958 798
87 448 993
355 677 677
89 205 89
20 390 639
107 393 107
427 878 59
262 581 581
68 136 136
521 946 521
566 880 654
78 118 78
470 784 784
735 1007 1007
586 857 1007
521 593 521
136 931 931
836 882 800
400 649 649
403 716 403
594 1017 594
780 994 297
436 986 694
402 553 553
554 823 456
22 390 59
672 869 707
341 937 937
203 1016 1016
346 746 150
9 492 9
22 242 43
160 795 986
297 996 297
38 966 1013
354 901 589
177 323 581
455 743 1007
461 476 476
455 964 964
232 901 901
362 967 769
175 654 654
226 429 113
595 699 796
61 254 254
816 868 816
229 301 113
19 303 655
114 691 114
244 569 251
368 914 615
662 769 769
86 963 345
21 680 355
268 420 268
270 945 529
56 271 648
473 582 373
728 889 728
315 539 539
248 623 756
342 444 564
505 926 796
104 486 868
614 892 614
416 907 907
278 989 475
87 398 1001
430 984 430
143 599 143
225 332 326
222 865 600
416 986 454
744 751 744
332 527 42
247 1022 610
393 622 784
194 807 996
390 507 657
522 701 995
449 519 481
409 732 409
421 741 517
764 808 965
591 972 566
911 913 911
368 520 615
954 997 954
164 699 796
366 919 919
181 810 9
296 705 482
671 811 391
268 446 268
370 673 814
502 1020 1020
528 1004 430
368 576 675
204 638 638
51 545 583
44 93 130
306 1000 477
244 356 901
133 406 768
521 648 648
580 836 430
484 600 600
202 217 102
105 366 105
2 563 199
360 1015 954
169 955 734
212 456 456
661 959 661
10 515 10
805 859 859
338 646 338
580 986 430
730 1024 855
286 471 587
372 431 295
270 973 13
222 277 901
692 980 189
437 594 437
185 600 600
437 597 437
158 607 1020
259 316 316
487 587 587
76 697 9
328 419 143
73 942 587
486 813 697
332 801 326
443 452 125
271 880 654
640 665 509
177 701 616
63 163 63
506 569 506
708 946 369
40 334 774
657 660 389
822 941 830
467 992 992
457 1010 756
213 377 864
608 920 550
720 872 171
101 709 809
680 1023 355
411 551 90
175 761 854
246 378 246
541 935 827
249 876 297
100 133 100
122 699 908
659 892 628
191 260 711
788 826 826
179 209 954
331 487 159
318 933 933
261 970 24
409 466 409
482 533 482
7 166 403
453 666 957
775 893 316
373 627 391
118 976 992
798 897 497
108 655 933
176 479 176
409 889 409
57 327 594
48 303 694
636 928 928
86 746 988
484 1004 475
144 790 501
74 329 329
365 705 135
253 281 238
125 992 992
53 795 777
465 800 800
303 482 655
336 527 42
125 1023 125
769 1016 769
180 879 140
749 854 854
694 877 694
530 893 316
222 360 901
412 612 321
501 515 940
62 987 383
682 915 640
645 741 517
583 769 769
244 808 975
298 985 391
186 657 756
45 482 482
174 709 272
944 1018 114
380 669 639
270 625 338
854 967 854
21 572 931
342 662 352
37 190 100
59 71 59
49 833 289
495 566 566
14 396 553
790 869 869
134 664 1001
202 762 762
168 876 876
553 638 638
426 954 954
291 998 135
172 415 784
519 555 478
154 648 648
156 473 373
696 908 908
207 343 649
646 1000 734
594 854 854
279 768 176
63 993 63
656 905 905
629 915 891
122 145 908
749 870 352
337 437 437
166 543 403
407 971 1001
692 963 189
350 529 529
196 406 768
232 996 996
611 867 205
223 1017 810
363 514 1002
638 820 638
62 868 868
39 196 768
456 758 456
70 837 70
564 881 769
352 415 352
532 943 648
519 537 670
607 676 299
198 375 105
327 852 143
611 982 611
571 615 594
755 947 1
701 841 616
62 195 383
392 589 10
204 657 314
981 1009 199
257 920 288
20 506 506
370 633 758
38 698 698
512 891 891
59 428 59
525 550 525
504 721 594
287 340 937
145 712 762
367 908 908
83 1006 873
36 795 777
724 826 826
470 672 171
430 524 430
99 558 558
437 737 437
97 516 308
307 335 463
58 732 295
201 238 189
594 733 594
520 790 255
616 814 616
672 696 268
437 527 437
168 990 886
43 49 43
297 763 297
231 933 933
203 320 299
40 259 638
202 508 102
530 874 891
136 772 136
205 1016 205
649 728 649
351 561 223
112 986 325
587 678 587
475 690 475
198 1013 105
390 846 657
21 105 105
121 636 636
444 1019 827
125 482 125
66 844 657
7 264 1014
288 444 288
113 966 1013
187 894 894
244 349 150
321 931 931
470 720 171
860 916 855
661 911 661
257 694 694
470 684 684
226 809 809
684 945 684
293 589 589
73 366 73
403 877 409
724 816 816
520 1020 1020
285 647 373
451 668 409
181 482 9
508 859 859
147 1021 558
719 971 1001
586 598 586
197 670 670
600 737 737
410 831 437
278 430 430
359 899 246
897 992 992
262 685 93
402 732 295
104 1023 868
70 592 592
91 353 518
55 433 737
591 644 481
375 529 529
251 985 251
89 316 89
138 139 468
109 247 610
153 358 221
10 47 10
153 848 221
653 707 518
42 1012 794
502 751 502
351 588 24
637 944 114
495 673 814
828 946 327
506 527 506
717 751 821
616 896 992
23 777 23
228 679 940
421 422 107
625 984 984
371 982 876
203 232 299
345 882 345
788 901 901
381 945 529
253 341 729
611 733 611
25 693 89
823 938 529
321 887 911
661 698 661
384 700 90
79 472 472
81 745 734
315 781 73
284 645 105
68 360 401
83 430 430
725 736 736
389 542 816
453 915 508
291 308 308
591 737 737
276 625 338
531 712 491
916 1022 855
758 781 73
105 564 105
462 701 462
448 787 78
492 813 697
559 998 592
595 902 107
244 248 975
757 840 525
222 813 901
644 1001 1001
88 997 344
43 338 43
371 796 796
591 928 928
670 975 670
213 685 93
696 921 794
134 546 600
675 915 675
133 454 932
713 727 984
84 508 675
586 826 586
43 673 43
17 247 313
160 431 431
177 878 59
113 682 113
320 800 800
336 829 655
670 1020 670
605 766 737
430 840 430
1 743 1
859 1012 859
676 1003 951
343 367 649
493 634 502
12 89 89
25 526 89
47 593 964
747 899 506
538 874 93
244 656 975
163 538 508
19 310 655
856 973 856
81 709 509
361 736 736
322 434 634
195 335 463
605 753 462
934 973 864
281 294 385
72 615 63
444 769 769
30 691 736
1 69 1
536 906 800
13 159 13
486 547 23
544 1006 873
175 322 596
277 784 784
172 409 409
596 855 855
233 854 854
124 272 550
142 452 804
403 848 403
928 950 928
242 767 43
651 953 477
891 908 908
230 437 437
146 592 611
758 830 830
285 840 525
704 862 338
821 997 344
253 1008 238
482 861 73
4 596 4
253 801 326
637 793 1
114 126 114
81 199 199
622 634 784
44 287 130
144 977 809
273 1001 1001
627 884 1014
518 861 518
684 997 684
736 746 988
691 976 992
558 646 558
54 449 481
124 143 143
252 581 581
309 742 742
100 938 100
277 882 742
348 1021 59
60 284 105
567 917 711
19 968 655
583 650 583
442 844 929
769 908 769
356 728 728
679 818 758
374 1023 150
377 527 42
595 733 393
225 801 326
152 655 655
190 329 329
336 351 427
375 479 479
464 654 654
440 854 854
121 894 456
207 706 649
83 533 873
464 904 903
419 734 143
30 675 736
94 706 558
650 795 986
316 595 316
479 587 479
617 889 698
53 508 821
304 516 308
398 835 835
80 616 616
46 933 933
293 334 960
692 957 189
16 963 345
372 644 481
542 757 816
205 992 992
114 201 114
288 742 288
880 1013 654
784 823 784
742 744 744
66 68 825
174 737 737
60 99 105
425 689 908
146 702 611
357 825 357
52 134 63
395 587 587
247 510 208
330 429 592
136 186 136
255 764 965
45 825 825
369 801 369
276 992 992
224 641 854
744 816 744
278 1015 954
106 586 586
237 501 856
171 808 171
106 819 476
694 836 694
420 966 1013
295 594 594
10 288 10
257 854 854
95 854 854
984 1020 984
25 291 89
22 673 59
813 903 903
235 297 297
901 956 956
258 646 864
542 553 553
331 921 794
244 649 649
395 933 933
438 611 41
189 253 189
114 245 114
45 621 826
219 723 143
164 903 903
400 784 784
8 587 587
575 964 964
136 638 638
370 655 655
895 936 272
23 462 462
592 677 677
246 334 960
197 860 742
600 760 600
247 596 610
345 515 345
325 567 497
589 648 648
89 400 89
98 475 475
143 996 143
270 580 430
80 643 13
612 816 816
250 721 272
631 1000 734
297 609 297
512 538 642
281 751 640
333 577 170
817 935 905
99 805 491
217 1012 794
231 694 694
761 854 854
363 888 928
156 560 796
939 995 995
340 592 592
301 541 113
347 652 268
553 849 553
287 691 736
801 940 940
449 664 1001
117 744 744
509 512 642
394 551 90
799 1002 1002
17 81 313
498 1014 1014
163 492 697
405 817 246
144 442 929
654 751 654
168 634 130
671 975 975
363 889 698
309 395 355
265 464 903
945 992 992
670 734 670
289 409 409
385 890 964
187 586 586
516 861 308
2 779 199
345 437 437
102 825 102
106 203 299
55 143 143
327 795 327
528 664 430
315 897 73
635 757 816
65 888 928
61 859 859
250 1019 272
868 905 905
144 368 615
202 497 102
192 932 954
466 499 762
897 977 497
525 714 525
453 655 655
313 682 313
541 715 478
688 983 996
24 801 24
318 888 928
632 997 344
309 715 478
338 651 338
239 923 325
394 444 90
242 1014 1014
158 743 1007
316 481 316
338 706 338
66 216 657
1 309 1
376 584 956
359 698 698
503 540 540
540 996 996
173 451 409
270 1009 199
45 79 313
505 879 477
329 748 329
56 532 648
658 821 612
800 984 984
427 492 697
541 823 529
634 1009 199
213 724 675
265 703 472
140 677 677
336 599 599
336 975 975
139 246 246
281 790 255
903 996 996
547 660 389
109 605 866
830 963 345
710 757 1002
13 309 13
297 548 297
534 746 988
648 1007 1007
199 236 199
584 629 956
31 169 734
457 870 352
769 825 769
50 322 905
442 729 729
81 451 409
187 297 297
454 569 251
804 931 931
316 506 506
1001 1015 954
269 927 82
124 766 737
522 901 901
605 743 1007
581 997 581
769 780 769
519 929 478
290 767 43
594 760 594
17 544 873
54 1002 1002
769 996 769
295 885 288
228 357 940
30 546 600
334 382 638
36 330 592
328 928 928
73 475 475
700 773 100
219 525 525
402 613 481
133 194 932
38 272 272
9 100 9
551 621 90
202 407 628
752 966 1013
679 682 758
813 855 855
252 293 960
424 470 114
96 782 599
269 621 82
374 570 150
387 676 506
722 883 29
464 925 136
812 845 462
282 911 911
457 854 854
57 661 661
114 819 114
639 776 639
302 826 826
301 529 529
314 869 869
140 728 728
294 952 911
633 893 316
1 122 1
737 837 737
498 745 476
190 474 810
322 471 587
87 309 993
372 864 864
931 966 931
10 762 10
149 911 911
605 849 321
612 632 647
594 905 594
475 599 475
312 797 957
87 547 993
611 898 611
183 342 78
729 818 869
107 565 107
507 929 507
401 592 592
544 826 873
194 342 325
956 992 956
893 912 316
30 368 736
281 665 509
273 778 308
40 153 774
721 825 171
307 549 463
36 1017 810
589 854 854
534 993 993
346 641 854
480 572 931
538 549 919
175 307 463
276 837 78
2 316 316
73 760 479
643 945 529
550 589 550
171 866 171
652 965 140
236 941 830
98 265 742
296 414 327
471 744 744
335 375 463
391 870 352
378 825 1013
13 732 295
87 320 223
46 75 525
563 935 835
804 826 826
408 594 594
917 935 711
307 978 463
539 729 539
272 691 272
46 554 297
164 668 843
646 940 940
350 556 804
171 827 171
326 709 326
471 838 587
204 373 373
738 817 905
313 779 313
495 731 814
863 984 984
155 708 479
100 479 479
122 214 908
33 525 525
702 870 352
299 771 299
95 754 180
409 411 409
555 645 517
342 596 596
143 524 143
795 876 876
491 728 728
597 982 928
950 1007 1007
598 876 876
921 1012 794
616 951 616
229 954 954
139 285 373
486 953 140
567 958 497
81 160 986
170 607 170
121 471 587
241 867 205
51 744 744
492 768 768
647 871 647
318 449 928
260 414 208
383 646 634
57 80 594
55 725 737
1 10 1
96 254 254
193 319 393
9 93 9
152 170 170
70 457 70
633 918 24
73 368 73
790 937 937
114 594 114
67 253 647
520 751 640
217 592 592
148 464 903
321 538 321
41 427 41
375 449 481
407 823 529
906 942 587
36 149 170
295 301 295
152 1021 59
422 950 744
622 693 784
128 825 825
143 1013 143
784 943 784
832 978 11
4 905 905
688 1018 677
36 64 581
89 759 89
416 555 454
58 131 1
140 859 859
65 794 794
157 422 97
301 951 951
208 618 208
639 794 639
216 855 855
134 655 655
730 916 855
348 864 864
5 613 539
641 845 854
465 490 774
60 179 954
170 455 170
305 837 956
725 738 905
8 647 462
245 1002 933
517 560 796
426 590 472
66 828 327
568 668 728
196 1014 1014
122 364 908
141 683 344
965 1009 199
8 193 462
77 723 143
251 637 251
539 769 769
42 496 800
183 772 78
777 813 697
1 511 1
219 475 475
20 755 639
430 622 430
350 507 968
409 954 409
111 442 779
46 157 297
582 709 11
380 945 529
638 683 638
519 651 477
196 812 462
126 538 639
471 510 587
295 477 477
887 952 911
133 185 988
342 994 564
495 764 965
42 407 42
252 879 140
46 465 297
973 981 13
182 854 854
80 362 769
7 866 77
309 687 389
687 795 389
62 995 995
519 812 462
441 608 550
290 829 43
75 979 525
157 511 511
765 801 583
150 683 150
91 608 550
54 236 295
316 575 316
136 1020 1020
354 715 589
352 725 352
212 679 357
79 734 734
491 998 491
31 416 454
155 803 859
142 654 654
790 961 986
173 645 409
508 632 647
407 661 661
726 769 769
311 742 41
233 569 251
18 803 859
210 520 677
568 719 728
9 911 9
445 859 859
309 526 89
340 692 189
41 794 41
646 958 798
331 410 437
24 964 964
392 769 769
233 976 992
631 836 800
104 654 654
150 739 150
748 976 992
39 224 289
143 976 143
268 292 769
595 728 728
67 1021 59
98 199 199
324 949 636
265 983 996
792 824 321
339 746 988
199 422 199
169 868 734
175 408 479
14 21 553
964 1011 964
507 818 869
730 954 954
268 577 268
349 853 189
432 977 41
556 1005 176
159 489 275
234 1014 1014
357 645 517
641 694 694
377 458 864
837 926 796
235 588 1020
35 345 345
17 735 313
26 251 251
13 910 13
12 42 1016
622 908 908
39 669 639
465 497 937
127 160 555
164 644 481
506 799 506
838 911 587
612 725 389
940 957 940
144 637 894
366 653 518
479 695 479
346 584 150
755 993 698
42 579 42
822 859 859
322 930 995
550 858 1014
899 924 254
285 1004 475
539 945 539
643 973 13
614 909 614
122 624 908
169 622 784
150 321 150
445 594 594
155 873 479
476 612 476
39 288 288
666 755 698
114 227 114
500 813 697
365 997 344
146 670 670
429 677 677
398 578 1001
437 668 437
191 603 711
409 457 409
33 220 996
937 954 954
579 600 600
502 847 502
437 440 437
684 871 684
459 965 614
703 930 472
163 240 291
700 705 100
416 452 707
264 1016 1014
273 575 308
215 269 661
419 878 143
500 581 581
511 589 511
62 985 159
123 202 1016
230 616 616
198 996 996
94 106 558
246 771 246
781 861 73
338 960 338
4 471 587
184 919 329
868 914 868
150 421 150
131 785 1
43 479 43
436 672 694
487 763 176
345 575 345
366 500 612
119 577 401
768 856 856
46 250 297
203 507 299
97 972 566
303 364 655
625 660 338
613 896 992
156 492 373
254 727 254
655 696 655
350 381 919
176 908 908
288 582 288
121 885 288
293 774 774
433 694 694
63 285 63
158 223 1020
362 726 769
71 874 93
182 972 886
8 496 800
305 523 956
43 760 43
279 763 176
64 426 581
138 711 711
834 853 189
316 657 316
809 894 894
193 207 649
138 988 988
189 231 10
669 794 639
46 600 600
80 561 383
195 482 482
164 805 42
455 698 698
636 674 636
180 472 472
462 598 462
445 639 639
162 972 566
162 363 125
47 319 964
346 853 189
378 966 1013
717 752 982
181 364 9
56 340 648
431 469 431
400 908 908
24 611 611
376 798 798
593 997 344
143 646 143
846 901 901
191 797 957
98 340 937
487 826 826
372 430 430
82 445 670
66 688 677
726 973 300
720 744 744
405 581 581
87 240 993
221 361 221
78 590 472
83 371 873
130 704 130
3 744 744
252 720 171
312 830 830
150 1016 150
26 225 779
177 646 634
694 948 694
184 730 329
77 1006 873
135 612 135
357 673 357
255 1022 4
331 972 566
454 957 957
132 430 430
558 630 289
803 827 859
249 990 297
11 276 78
285 520 373
112 321 321
71 748 975
316 404 737
9 158 9
29 621 29
150 184 150
675 848 675
345 478 345
556 563 835
941 985 830
438 616 41
902 920 107
302 980 980
510 968 208
437 496 437
345 1020 345
163 610 610
685 1019 93
136 603 136
263 345 345
76 516 9
281 992 992
108 1007 1007
673 696 268
245 869 933
67 463 463
63 957 63
310 973 13
363 868 125
152 837 476
114 560 114
218 866 866
289 636 636
18 492 539
278 585 911
80 845 383
280 711 711
386 460 611
330 906 592
681 989 475
550 910 550
662 875 352
439 667 521
704 771 810
409 988 409
136 634 136
690 881 769
297 762 762
344 999 344
150 645 150
107 593 107
368 733 733
628 698 698
192 1015 954
67 649 649
358 728 728
452 487 707
730 987 855
747 815 506
129 863 684
370 925 136
102 510 208
17 694 694
407 683 344
484 586 698
480 577 931
772 822 136
287 608 550
121 664 1001
660 871 389
785 1013 581
578 758 830
183 882 78
327 921 794
729 828 327
779 881 769
101 977 809
360 362 769
351 444 509
701 824 894
21 632 809
677 737 737
258 726 300
359 970 246
95 267 180
105 952 105
192 247 954
4 729 4
451 694 694
619 747 506
341 943 648
321 954 954
143 288 143
520 871 507
416 678 876
1 245 1
200 245 933
746 832 988
202 251 251
32 46 254
340 992 992
204 539 539
87 613 481
685 874 93
217 278 180
600 962 600
362 514 769
661 802 661
385 675 385
217 542 816
466 911 762
703 773 472
67 984 984
7 116 951
539 643 539
309 931 931
187 289 289
948 984 984
847 889 698
138 647 468
1016 1021 1016
114 599 114
415 919 784
235 400 1020
411 528 430
12 558 558
328 804 518
283 939 345
25 993 89
352 842 352
410 1007 1007
865 894 600
75 158 525
309 351 501
67 1002 1002
124 497 550
167 1014 1014
154 546 600
359 509 246
286 1015 954
658 717 612
145 252 762
507 939 314
472 797 472
607 954 954
192 479 479
458 695 288
75 464 525
614 896 992
184 796 796
26 546 600
51 378 583
328 589 589
709 997 344
509 936 509
111 305 956
407 462 628
84 397 329
107 412 321
635 651 477
32 250 254
329 988 329
485 1001 1001
536 836 800
281 939 314
605 890 964
682 846 541
1 928 1
18 244 539
416 527 42
336 540 540
890 933 933
4 507 4
755 889 698
94 633 558
9 765 9
581 931 931
877 996 409
362 430 430
600 1016 600
446 565 932
85 252 826
91 646 518
258 306 477
425 781 73
286 350 968
474 505 477
39 745 734
674 680 355
549 686 843
308 890 964
65 757 816
290 951 43
311 430 430
37 494 100
138 613 481
365 946 869
644 972 481
82 409 409
688 976 992
47 921 964
437 557 437
367 628 649
26 986 779
506 885 506
10 940 10
150 594 150
306 330 477
185 545 988
227 701 661
357 422 357
409 800 409
375 595 393
262 790 821
14 326 553
48 223 694
303 957 655
565 664 1001
18 890 964
585 882 911
13 915 13
92 382 638
430 857 430
432 438 41
383 641 854
530 792 321
279 499 762
490 994 774
239 1022 4
327 665 327
265 551 742
189 896 189
448 868 868
519 838 587
487 832 11
10 770 10
521 880 521
716 1010 677
114 403 114
54 252 869
190 975 975
481 855 855
153 473 221
403 744 744
273 290 43
384 953 140
397 471 587
131 225 1
743 811 1007
461 762 762
744 806 744
280 835 835
252 482 482
203 952 911
376 418 502
93 289 289
150 377 150
163 580 430
125 189 189
174 447 859
557 869 403
377 746 988
162 428 268
69 909 114
422 448 968
152 525 525
488 731 694
45 560 796
240 339 982
401 459 614
57 1007 1007
421 539 539
207 525 525
60 765 583
736 894 894
93 130 130
678 782 876
306 734 477
53 730 855
45 229 380
169 312 734
418 440 908
287 941 830
89 714 89
196 351 768
319 595 393
303 911 911
331 510 208
578 581 581
588 659 24
161 817 170
467 758 758
214 383 599
522 979 995
276 762 762
48 831 694
367 995 649
25 318 928
245 1007 1007
262 754 326
97 703 472
352 703 352
290 329 43
252 932 869
15 762 762
152 757 816
597 794 928
300 937 300
508 545 733
101 906 592
370 533 533
155 614 479
922 950 744
25 338 89
351 751 501
58 958 758
103 373 984
241 507 205
392 872 10
212 491 491
474 657 810
576 738 905
611 873 873
252 1017 810
274 488 694
495 629 814
20 639 639
328 600 600
131 947 1
599 933 933
383 706 478
14 617 553
239 520 647
399 582 11
834 863 684
103 928 928
51 1007 1007
421 921 794
203 769 769
186 623 756
78 193 78
528 891 430
661 928 928
132 586 430
1014 1023 1014
348 469 100
560 931 796
15 553 553
336 558 558
535 788 931
555 716 677
248 876 876
38 487 159
690 941 221
247 770 385
78 798 78
358 705 221
35 396 329
95 492 180
238 546 600
17 698 698
353 357 357
208 865 600
50 246 246
574 981 907
472 589 472
284 589 589
53 67 647
321 796 796
116 317 502
42 871 42
91 984 984
267 381 616
570 654 300
527 1002 1002
205 268 205
440 636 908
92 390 657
2 477 199
218 252 869
138 372 295
108 963 933
525 696 525
385 611 611
593 959 744
376 793 1
57 504 594
533 764 965
202 386 102
727 938 984
364 475 475
694 942 694
29 957 29
259 386 638
267 709 616
1 404 1
609 961 205
483 559 592
176 345 345
515 571 594
104 667 868
435 477 477
316 400 316
167 745 89
41 374 41
203 907 299
597 928 928
687 873 873
344 686 344
338 379 199
150 192 150
266 731 521
513 977 809
61 237 251
787 830 78
486 970 932
331 725 733
297 832 297
748 851 511
450 745 636
33 603 996
3 18 638
131 682 1
790 1008 508
869 1001 1001
40 205 205
9 493 9
389 717 389
205 211 205
396 821 553
61 744 744
297 740 297
43 207 43
139 844 468
73 589 589
796 880 796
195 1024 855
37 433 300
100 485 614
451 525 525
470 522 995
722 863 684
559 571 594
694 886 694
251 805 251
531 536 800
360 865 600
721 733 171
60 642 105
552 733 886
116 987 951
81 216 380
78 946 78
453 757 816
213 752 93
172 1007 1007
103 856 984
668 972 566
694 975 694
297 769 769
913 995 558
351 640 501
59 1009 199
33 996 996
142 647 804
330 479 479
419 587 143
62 729 383
427 972 566
513 729 733
278 843 843
661 997 661
328 389 518
46 606 297
271 940 940
149 549 170
506 713 506
106 502 502
21 611 611
635 868 868
207 367 649
9 616 9
37 42 42
204 538 314
199 477 199
63 83 873
96 214 599
236 502 502
186 529 529
801 992 992
567 810 810
325 396 553
54 421 107
848 990 886
587 762 762
324 391 636
1 528 1
601 718 77
61 373 251
44 996 996
276 831 437
75 415 525
248 442 540
162 902 566
264 640 1014
843 901 901
201 901 189
767 806 43
731 770 385
25 152 89
411 687 980
516 575 308
50 115 525
96 734 599
126 330 639
386 581 581
101 989 475
124 967 550
599 800 800
268 337 10
742 912 316
74 610 357
769 957 769
44 768 130
577 842 670
392 976 10
795 942 587
555 587 587
658 795 612
571 797 594
621 735 826
54 1018 369
36 253 238
638 984 984
350 487 968
217 231 10
1 32 1
444 861 73
575 806 308
422 560 796
688 761 854
558 1006 873
58 214 599
130 915 130
296 656 82
596 906 592
148 904 903
15 98 529
626 932 385
134 951 130
14 461 553
71 832 11
451 596 409
280 682 541
1 203 1
485 783 1002
229 780 297
80 981 383
249 882 297
784 815 784
3 954 638
34 472 472
526 955 89
168 551 90
130 524 1007
174 306 477
543 557 403
792 890 964
582 972 566
82 181 9
432 737 737
15 385 529
551 764 90
7 299 299
195 469 555
66 370 23
556 821 804
169 586 734
649 918 649
144 665 509
18 1005 176
289 616 289
244 655 655
42 982 42
815 882 815
26 402 463
220 731 102
337 356 10
189 670 189
194 854 854
1 590 1
177 904 903
375 673 814
237 287 856
816 871 816
876 905 905
250 987 272
168 908 908
510 796 796
229 969 383
255 835 835
658 977 809
78 529 78
457 915 756
55 984 737
509 1013 1013
9 149 9
345 403 345
415 851 784
366 687 389
295 807 996
794 994 794
774 921 774
289 856 289
270 701 616
38 853 189
164 858 1014
472 671 472
522 827 995
539 657 539
302 477 477
43 345 43
541 713 940
557 779 403
225 487 159
406 409 409
660 936 389
357 905 905
613 714 481
71 547 615
689 767 908
437 649 437
304 404 737
162 345 345
387 928 928
697 704 866
1 969 1
478 672 707
481 590 472
65 594 594
84 948 964
648 714 648
348 829 655
272 956 956
54 513 733
342 524 1007
30 256 316
218 586 586
131 847 1
430 506 430
666 739 957
801 907 907
602 654 995
203 342 299
84 846 675
111 241 205
373 872 373
1015 1017 954
329 510 329
124 658 550
14 711 553
82 730 855
21 1003 951
391 567 391
300 913 558
692 991 189
399 475 475
114 760 114
384 914 90
410 430 430
56 443 648
24 163 24
434 936 634
217 760 479
192 392 10
525 839 525
424 583 114
39 550 550
74 266 521
175 902 107
334 403 403
51 952 583
315 1001 1001
140 965 140
774 854 854
710 833 1002
635 670 670
160 336 427
253 287 503
747 1016 506
640 853 189
27 597 928
58 668 758
968 979 980
148 953 903
89 340 89
153 569 251
47 569 251
9 165 9
77 306 477
427 713 940
49 253 736
532 736 648
480 535 931
447 451 409
825 844 825
24 91 518
1 288 1
159 470 171
330 585 911
500 1007 1007
71 915 640
709 894 894
105 600 600
800 970 800
377 683 344
86 784 784
685 880 654
532 550 550
281 534 777
223 859 859
711 924 254
291 442 929
466 620 762
303 324 636
38 313 313
162 900 1016
759 996 996
737 933 933
446 861 73
560 587 796
275 359 275
367 746 649
366 675 675
694 721 694
481 737 737
546 908 908
395 479 479
345 800 800
655 752 655
573 908 908
246 600 600
79 100 313
487 647 159
17 674 355
247 837 476
27 937 835
103 552 984
223 493 502
429 441 70
100 455 100
932 1020 1020
519 706 478
80 766 737
148 783 1002
506 878 506
746 837 988
611 999 611
352 649 649
675 807 996
218 248 798
443 670 670
251 948 251
42 674 42
219 363 125
188 723 143
280 366 612
316 365 316
1 132 1
356 1007 1007
592 806 592
191 929 711
547 914 615
270 650 986
190 792 321
91 525 525
300 794 300
101 392 10
252 505 477
443 514 1002
530 1008 891
692 908 908
474 930 995
38 626 385
18 239 539
722 824 894
55 201 737
504 589 594
232 420 11
280 846 541
160 520 986
806 958 876
540 967 611
568 582 728
66 442 657
341 980 980
502 972 502
260 864 864
75 1007 1007
768 847 275
472 838 472
48 384 694
638 873 638
726 988 988
438 549 41
253 386 729
534 754 326
744 786 744
185 513 988
55 619 737
218 598 798
163 733 733
805 994 42
327 696 268
184 350 329
69 131 1
975 999 794
12 332 1016
225 602 995
796 965 796
658 661 661
320 519 478
230 325 919
533 937 937
227 367 649
44 727 984
456 1011 456
183 537 670
286 360 401
378 685 1013
720 752 171
154 374 150
696 834 684
374 460 150
778 940 940
280 605 507
528 846 430
803 988 859
149 711 170
705 771 810
668 799 314
190 646 77
316 469 316
180 698 698
452 651 477
169 745 734
136 333 136
434 579 610
190 208 208
962 1013 589
148 378 903
53 538 821
352 937 352
236 355 355
460 525 525
143 382 143
365 677 677
232 281 729
335 845 463
49 459 614
108 913 933
368 789 29
113 873 873
399 1002 1002
508 871 507
483 872 642
1 750 1
61 327 251
650 806 876
597 988 928
243 489 859
56 168 648
422 1017 810
125 624 125
209 980 208
273 928 928
378 808 1013
128 706 497
324 645 636
204 1001 1001
532 697 648
116 860 951
1 759 1
33 470 996
17 193 313
626 650 385
339 494 540
75 466 525
315 526 89
966 1000 1013
254 791 254
160 605 986
202 501 102
506 645 506
225 229 982
437 592 437
861 942 587
239 486 23
855 887 911
575 910 308
297 850 297
345 554 345
258 636 636
504 860 594
469 935 555
409 964 409
138 331 468
112 133 932
375 694 694
90 970 90
19 59 655
87 808 993
615 758 758
613 996 996
466 661 661
36 267 616
115 338 525
193 684 684
246 979 246
588 633 24
8 226 462
289 586 289
254 780 254
278 501 180
159 564 159
93 457 756
447 733 859
510 815 208
221 684 684
30 143 143
197 830 830
927 963 345
157 668 97
427 431 431
57 571 594
36 875 599
145 573 506
795 871 507
258 911 911
658 816 816
405 471 587
594 744 744
25 769 769
340 821 937
178 694 694
132 902 430
317 426 502
653 817 518
364 592 592
66 232 729
630 743 1007
916 944 114
360 901 901
764 917 711
510 688 677
156 896 992
595 957 957
473 533 373
197 401 742
56 254 254
235 843 1020
327 836 800
520 686 843
374 748 150
189 695 189
976 1014 1014
354 648 648
17 616 616
341 733 733
77 408 479
935 981 827
667 905 905
132 580 430
381 551 90
345 962 345
78 725 78
282 924 254
38 940 940
389 531 491
352 659 352
56 908 908
644 730 855
119 360 401
241 778 205
206 958 338
89 161 89
385 838 587
875 936 599
203 289 289
558 760 479
151 250 272
984 985 984
304 493 502
255 951 951
564 809 809
313 434 313
661 1014 1014
211 513 894
45 899 327
177 777 697
258 960 960
180 814 180
785 985 581
152 163 816
40 189 189
462 733 462
254 926 254
59 304 59
842 905 670
21 81 809
198 284 105
85 709 826
364 980 654
626 966 1013
150 713 150
3 795 638
294 694 694
572 737 737
26 248 779
101 766 737
564 964 964
148 159 903
297 421 297
818 914 869
55 490 737
289 848 289
676 910 951
315 823 529
991 996 996
445 913 670
403 465 403
600 996 600
33 441 996
379 650 199
118 152 82
316 521 316
444 658 509
182 889 886
125 527 125
449 496 800
918 942 587
95 271 654
1 785 1
503 655 655
355 395 355
94 928 928
163 453 508
442 790 929
194 781 73
10 460 10
376 868 868
41 187 41
679 798 758
152 1011 816
54 220 468
359 587 587
568 606 728
331 572 931
5 982 539
411 849 321
680 835 835
333 460 611
63 711 63
22 430 430
244 330 592
476 493 502
212 495 357
392 999 10
138 871 468
801 988 988
720 820 456
93 1019 93
548 967 611
312 775 965
259 382 638
248 564 540
205 855 205
150 711 150
302 936 804
175 781 73
400 851 511
675 864 864
751 914 291
570 993 300
92 790 657
458 665 107
148 370 903
884 1014 1014
637 650 894
325 570 300
704 958 866
152 970 816
101 727 984
210 839 744
30 31 736
164 689 908
306 540 477
291 911 911
78 829 78
54 342 564
42 1018 42
338 878 338
296 573 506
148 233 903
390 999 794
594 850 594
287 700 100
638 978 638
682 895 272
682 771 810
223 355 355
217 841 616
470 553 553
569 887 251
389 850 511
107 258 864
140 865 600
877 924 254
344 509 344
814 966 1013
74 454 357
628 857 1007
293 598 960
372 758 295
655 946 655
308 783 1002
537 589 589
321 511 511
316 727 316
600 789 600
391 990 886
342 478 478
812 1021 59
434 935 634
168 760 479
26 176 176
618 842 670
145 594 762
587 757 587
173 506 506
786 925 960
299 610 299
460 896 992
637 995 995
124 527 550
182 552 886
10 562 10
283 864 345
282 461 815
251 941 251
1 318 1
112 646 634
176 506 506
498 741 517
107 550 550
50 87 905
213 874 93
365 740 891
32 984 254
559 819 592
23 683 344
838 933 933
91 830 830
379 613 199
251 639 639
260 734 734
420 928 928
826 886 886
844 911 911
36 717 777
332 497 326
321 981 321
786 842 670
18 439 521
39 795 768
430 711 430
200 669 933
390 714 97
300 396 300
117 693 830
396 558 558
469 581 581
579 644 481
207 317 649
529 592 592
232 687 729
129 706 684
252 503 869
212 408 479
225 346 150
269 657 82
441 1001 1001
243 710 859
695 805 288
352 776 352
29 1014 1014
329 864 329
39 254 254
91 239 518
157 629 891
387 950 506
451 822 409
137 214 599
225 995 995
308 560 796
143 963 143
293 333 960
744 852 143
522 1008 995
483 936 503
682 704 866
209 767 43
236 686 843
661 693 661
756 892 756
338 787 338
133 765 583
117 580 430
665 963 345
718 923 97
152 403 403
409 837 409
549 1016 1016
271 916 654
41 615 41
555 650 555
87 329 329
170 552 886
88 351 482
687 1024 855
17 986 313
146 643 611
799 864 864
223 687 223
99 674 491
108 323 933
57 942 594
376 822 136
187 194 586
414 707 327
39 790 768
107 975 975
578 634 830
290 854 854
993 1007 1007
229 468 468
300 337 10
344 619 344
165 646 70
231 557 10
734 792 321
24 142 24
318 597 928
429 650 135
522 905 995
430 992 430
497 798 497
975 1021 975
19 368 655
311 544 41
532 1022 648
242 506 506
40 118 774
549 583 583
441 548 70
224 630 289
408 969 479
631 916 855
231 1014 1014
130 1012 794
80 416 454
502 688 677
281 409 409
397 993 329
745 970 734
226 390 113
222 392 10
203 794 794
175 249 297
579 975 975
657 938 4
657 864 864
141 449 344
459 1018 614
272 483 272
31 239 454
225 977 809
374 600 600
513 896 992
189 1015 189
76 316 316
199 887 199
150 511 150
168 199 199
389 640 389
398 446 1001
34 550 550
413 920 251
263 265 583
243 362 769
24 158 1020
159 782 968
695 743 1007
324 640 636
41 701 41
789 1007 1007
137 239 275
556 589 589
280 792 321
772 895 272
351 534 777
154 751 835
471 854 854
41 550 550
8 14 553
190 616 616
480 982 931
328 657 518
105 962 589
100 406 768
664 751 1001
111 647 779
484 502 502
854 963 854
640 913 558
503 636 636
290 835 43
402 570 300
326 921 794
550 622 550
280 513 733
818 1008 869
331 715 478
114 614 114
275 752 275
320 968 968
754 958 326
1 947 1
430 762 430
581 621 581
854 1007 1007
341 657 729
355 960 960
143 430 430
338 593 338
16 996 996
272 973 272
353 1022 4
124 137 550
566 655 655
58 950 744
873 941 873
280 603 711
58 894 894
272 696 272
460 751 611
2 931 931
382 770 638
138 401 401
254 470 254
411 433 300
287 616 616
260 873 873
78 883 29
374 692 189
191 925 136
100 208 208
35 791 600
182 581 886
310 381 919
187 677 677
378 772 136
37 435 100
72 923 63
69 938 114
191 553 553
376 547 615
636 721 636
27 933 933
657 821 657
215 325 661
538 667 868
583 902 583
485 555 614
65 687 1013
338 789 29
903 960 960
301 918 24
37 397 329
870 1016 352
366 685 93
309 417 992
395 672 355
89 625 89
50 717 905
28 103 984
676 905 905
251 475 251
81 366 612
262 562 472
83 143 143
89 165 89
248 666 957
308 323 581
880 942 587
123 636 636
373 785 581
228 297 297
767 789 43
14 753 553
134 873 873
171 368 171
189 1024 189
155 605 479
530 588 24
689 793 1
200 813 933
414 778 246
974 1004 854
251 536 251
301 834 684
238 1020 1020
643 908 908
309 1004 475
459 708 614
268 559 592
669 800 639
243 525 525
587 626 587
10 37 10
386 814 814
643 986 13
961 964 964
320 466 762
123 298 1016
122 230 908
604 882 614
966 973 1013
187 414 586
1 897 1
143 484 143
510 833 289
708 820 456
88 382 638
46 839 297
249 709 297
804 922 369
269 613 481
562 981 472
375 937 937
426 431 901
215 227 661
227 431 661
310 367 649
226 757 816
941 951 830
652 769 769
430 690 430
323 394 581
115 1016 525
307 925 136
10 103 10
635 945 529
35 573 506
527 1023 42
254 992 254
171 957 171
506 550 506
234 1007 1007
827 955 634
908 1016 908
377 726 300
638 825 638
6 881 769
312 927 965
418 941 502
531 962 589
499 586 762
289 654 289
748 769 769
735 946 826
107 566 566
514 594 594
483 646 634
420 495 11
293 971 1001
353 505 477
258 938 864
238 469 555
139 342 468
566 700 566
29 50 29
120 252 728
492 623 756
474 907 907
511 540 511
89 523 89
303 829 655
62 576 675
216 747 506
594 795 594
630 774 774
711 992 992
43 386 43
608 953 550
611 671 611
14 347 553
442 638 638
239 615 647
394 649 649
695 944 114
694 967 694
44 456 456
14 146 611
34 527 42
385 550 550
769 865 769
648 876 648
487 899 327
15 823 529
356 655 901
304 856 856
666 786 960
173 999 409
136 861 136
116 666 957
205 589 589
440 769 769
587 812 587
837 869 476
399 875 599
456 640 456
51 189 189
919 959 744
156 679 373
250 895 272
277 816 742
73 595 393
268 830 830
21 133 932
309 418 502
213 790 93
11 194 11
66 999 794
907 922 907
841 1004 475
175 606 728
463 818 463
83 638 638
415 557 784
393 777 393
412 979 321
544 661 661
252 513 869
208 359 246
236 1001 1001
437 728 437
171 992 992
893 988 316
101 446 431
285 314 373
665 961 509
176 476 176
670 677 670
137 877 409
180 532 648
257 933 933
184 865 600
262 342 564
530 661 661
782 1018 369
80 969 383
222 827 901
763 990 176
806 916 855
668 696 268
228 523 956
424 477 114
1 439 1
576 880 654
412 716 677
52 220 63
723 985 143
608 855 550
69 478 114
384 492 90
298 608 550
742 813 742
8 599 599
115 225 525
73 530 73
520 977 809
62 615 383
169 384 734
214 219 599
639 988 639
762 803 762
640 994 564
371 624 180
61 143 143
270 351 238
487 638 638
203 521 521
826 1018 369
143 1007 143
791 825 600
412 857 1007
41 310 41
129 544 873
156 767 43
577 735 826
415 803 859
101 265 742
86 984 984
593 937 937
684 1024 684
417 915 992
788 979 980
141 470 344
694 748 694
54 827 827
341 804 804
203 803 859
289 832 289
327 988 988
383 1001 1001
386 994 729
127 469 555
428 752 268
643 720 171
36 331 733
10 40 10
456 1022 456
282 826 826
275 278 275
211 387 506
316 728 316
776 882 589
235 704 1020
291 314 314
570 923 300
341 705 729
451 616 409
139 321 321
502 725 502
48 910 694
316 642 316
356 897 901
661 796 661
900 984 984
193 540 313
333 730 855
63 789 29
192 405 954
163 184 329
49 275 275
392 628 10
403 490 774
451 468 409
485 665 614
351 401 401
119 523 956
854 1016 854
244 637 975
292 499 769
295 437 437
538 958 798
261 975 975
223 494 540
101 996 996
163 790 255
150 943 150
780 928 928
640 979 980
235 743 1007
55 766 737
229 699 796
685 932 932
114 608 114
61 533 251
459 485 614
366 453 612
584 776 956
781 812 462
130 252 130
753 985 462
369 796 796
95 624 180
212 682 357
9 361 9
896 996 996
129 347 684
118 871 82
515 1004 475
162 865 600
642 751 642
53 511 511
774 992 992
152 765 583
337 567 10
407 412 321
800 806 800
322 644 481
567 639 639
565 728 728
595 903 903
20 316 316
472 822 472
140 597 928
805 1010 42
286 710 1002
442 862 338
426 887 911
486 730 855
245 527 933
125 697 125
987 1017 810
20 595 639
800 1001 800
314 380 314
140 642 140
87 646 634
203 259 638
709 812 462
17 1010 313
219 867 205
51 149 583
68 694 694
173 369 409
20 744 744
471 513 587
139 798 468
114 430 430
131 424 1
39 189 189
511 983 511
144 355 355
781 846 73
17 679 313
228 644 940
269 793 1
323 345 345
582 1000 734
132 988 430
343 430 430
266 594 594
636 991 636
451 713 409
45 706 478
545 913 558
296 629 482
787 836 800
588 614 614
424 760 114
846 994 564
60 298 105
145 683 762
319 404 737
158 243 859
345 548 345
15 945 529
45 538 507
481 675 481
72 716 677
436 948 694
1 251 1
52 653 63
553 950 744
351 618 868
564 769 769
87 988 988
285 787 78
617 789 29
611 993 611
209 492 208
257 800 800
228 905 940
103 727 984
309 1020 1020
427 885 288
804 891 804
516 532 648
247 559 592
621 871 826
309 1019 827
30 737 737
373 939 373
114 835 114
284 484 105
508 605 507
727 916 984
8 776 589
459 952 911
611 701 611
308 733 308
47 502 964
352 949 352
475 618 475
182 955 886
140 481 481
568 603 728
225 507 982
118 384 82
487 872 159
865 938 600
328 728 728
24 900 1016
283 737 737
879 901 901
53 917 711
218 495 814
240 976 992
636 771 636
690 896 992
513 909 586
19 963 345
125 669 639
742 814 742
157 613 481
25 1007 1007
817 916 855
261 590 472
41 522 41
230 695 288
58 636 636
270 474 810
450 744 744
200 694 694
58 479 479
124 437 437
116 750 254
332 718 326
223 792 321
136 886 886
69 1007 1007
479 634 479
908 964 908
411 907 907
544 744 744
9 294 9
2 525 525
406 462 462
425 873 873
708 728 728
21 322 809
202 234 661
452 753 462
10 477 10
737 855 737
599 609 599
422 862 338
262 717 821
2 239 199
717 796 796
279 983 996
338 989 475
419 576 143
692 967 189
593 706 482
121 996 996
243 550 550
363 485 125
294 592 592
301 660 113
266 377 521
145 454 762
40 558 774
128 561 497
605 891 891
114 727 114
635 665 113
389 832 11
107 160 107
5 249 297
398 636 636
57 153 594
661 976 661
366 629 891
586 890 964
251 551 251
902 987 107
201 604 189
448 680 355
520 545 733
379 687 199
683 777 344
170 658 170
264 874 1014
36 910 223
859 956 859
254 559 254
95 591 566
473 1016 1016
251 890 251
202 875 599
156 528 430
526 679 89
710 928 928
144 877 409
638 922 638
909 1001 1001
430 585 430
159 182 886
659 867 205
486 504 594
95 226 180
225 462 462
346 792 150
267 701 616
298 829 655
698 1014 1014
71 240 291
684 721 684
232 465 937
110 882 63
815 977 815
394 929 90
189 876 189
53 270 238
712 935 491
37 430 430
187 459 614
847 878 275
33 143 143
759 786 960
254 388 254
360 577 401
635 678 876
321 780 297
582 608 550
575 636 636
877 957 409
486 696 268
647 731 102
610 975 975
215 910 661
280 935 827
330 855 592
35 89 89
385 469 385
463 599 599
561 579 610
270 348 100
587 657 587
130 420 130
565 750 254
589 600 600
722 928 928
886 971 886
20 669 639
232 389 729
41 728 41
248 723 143
219 624 975
50 738 905
612 903 903
304 350 586
111 836 800
81 280 541
353 378 1013
42 607 42
477 573 506
306 762 762
313 814 313
484 1003 698
254 871 254
320 790 223
152 864 864
500 836 800
171 850 511
747 854 854
946 958 869
340 397 329
178 789 29
533 665 533
393 663 357
542 849 321
43 192 43
301 375 814
479 1016 479
429 920 907
482 639 639
68 715 825
74 872 357
14 15 553
953 1019 140
10 737 737
250 332 272
614 900 1016
62 81 383
771 867 205
89 256 89
136 653 136
102 908 908
535 550 550
674 996 996
308 684 684
352 493 352
246 494 246
286 855 855
616 762 762
445 600 600
353 442 431
513 775 733
148 965 903
540 572 931
271 710 1002
281 765 583
415 1024 784
240 558 558
6 850 437
108 253 933
47 890 964
200 719 933
787 821 78
211 636 636
145 996 762
444 865 600
209 846 208
185 862 338
117 971 1001
660 994 389
437 466 437
285 451 409
21 94 558
437 831 437
655 725 655
535 1014 1014
272 489 272
121 1007 1007
452 698 698
124 737 737
40 122 908
527 901 901
99 376 491
41 850 41
563 848 835
32 465 254
750 768 254
493 744 744
431 809 431
61 387 506
368 654 654
525 616 525
561 910 223
580 964 430
234 696 661
549 873 873
404 582 737
648 800 800
114 707 114
285 458 107
342 429 135
654 851 511
505 1007 1007
108 357 933
23 992 992
41 941 41
260 390 208
127 931 931
492 1019 697
46 316 316
211 507 894
453 839 744
42 148 42
480 840 525
96 823 599
176 594 594
735 986 826
14 610 553
66 403 403
24 624 24
401 586 586
262 945 529
150 630 150
769 940 769
311 438 41
153 939 221
217 821 612
520 913 558
3 702 638
699 908 908
242 290 43
39 517 517
226 564 113
176 358 176
837 934 864
744 864 744
53 512 642
150 520 150
578 718 830
876 978 876
288 801 288
43 300 43
564 862 338
246 400 1020
25 273 89
219 244 975
776 905 589
316 645 316
507 994 564
218 461 815
144 343 649
101 273 308
631 1013 1013
146 748 611
401 640 401
308 670 670
521 933 933
154 550 550
436 1007 1007
18 205 205
160 615 986
85 1004 475
197 987 742
252 402 463
369 515 940
513 579 610
229 477 477
218 767 43
98 639 639
694 865 694
721 730 855
180 565 180
420 997 344
657 819 476
185 913 988
719 775 815
296 1022 4
1 793 1
86 782 988
621 722 826
9 725 9
298 649 649
581 977 581
350 741 517
38 519 478
231 726 10
56 189 189
576 826 826
680 1017 355
34 586 42
281 965 965
754 986 326
355 624 355
520 979 980
226 783 1002
882 890 964
240 751 291
347 534 268
233 550 550
107 168 107
752 786 960
200 734 933
22 990 886
153 659 221
794 982 794
1 264 1
234 289 661
18 384 539
251 768 251
489 681 475
59 874 59
230 301 919
793 1006 1
241 399 205
239 777 647
513 694 694
249 413 297
136 453 136
716 968 677
498 654 654
820 915 456
443 588 125
277 760 479
344 987 344
792 940 940
246 969 246
630 800 800
784 867 784
839 915 744
411 920 907
594 724 594
156 795 373
192 996 996
36 434 634
288 917 288
1 852 1
275 799 275
480 1024 931
859 911 859
45 604 614
348 682 100
6 568 437
143 959 143
316 447 316
291 773 825
162 903 566
355 794 794
298 506 506
475 582 475
146 512 611
457 522 995
374 730 150
102 931 931
150 867 150
377 772 136
64 1002 1002
689 854 854
58 63 63
639 741 639
1 613 1
12 30 1016
485 751 614
737 859 737
830 873 873
95 822 136
157 935 97
405 606 728
195 929 427
374 837 150
300 856 300
75 854 854
400 560 796
266 859 859
104 141 344
27 139 835
341 751 729
189 432 41
518 856 518
536 975 800
232 306 477
771 884 1014
89 121 89
652 818 140
165 441 70
444 841 616
205 319 205
36 225 982
167 506 506
47 811 964
211 216 894
395 907 355
476 1010 476
475 636 475
119 507 401
54 425 610
642 978 23
429 649 649
39 458 107
340 376 937
213 536 800
329 665 329
144 992 992
49 777 736
150 620 150
98 602 995
363 851 511
382 600 600
529 879 529
436 694 694
9 338 9
145 674 762
154 962 589
811 1010 391
777 1023 533
143 269 143
854 952 854
428 749 352
720 974 854
271 460 611
561 780 297
316 654 316
296 794 794
669 833 639
288 904 288
113 416 454
195 1000 734
815 885 288
697 733 697
513 895 272
214 842 670
435 648 648
572 983 996
901 972 901
479 753 479
106 255 825
51 682 583
252 588 24
866 877 409
443 847 125
546 956 600
481 764 481
50 104 905
778 887 911
167 224 89
687 942 587
7 742 742
130 578 830
495 619 125
624 728 728
86 617 988
251 303 251
20 661 661
576 955 675
299 869 299
502 854 854
796 943 796
513 985 159
521 700 521
123 920 1016
643 771 810
478 996 996
117 951 830
445 860 670
295 639 639
135 784 784
472 931 472
845 886 886
41 1013 41
437 928 437
172 579 784
444 698 698
205 568 205
540 882 540
914 970 932
633 715 758
341 684 684
620 748 9
534 991 299
113 400 1020
211 777 894
23 172 784
352 785 352
285 642 373
670 961 670
558 828 558
38 886 886
515 601 940
51 471 583
642 802 550
265 495 742
691 867 205
70 170 170
30 505 477
277 915 742
534 614 614
537 673 670
53 840 525
171 809 171
176 420 176
400 661 661
218 310 798
66 605 657
521 955 521
646 724 675
67 166 403
843 922 843
41 563 41
316 883 316
8 285 373
67 342 564
706 951 951
126 639 639
716 1020 1020
81 682 541
396 617 553
278 353 180
392 802 550
43 727 43
370 845 23
614 691 614
222 695 288
5 663 539
489 558 558
564 946 869
170 564 170
134 701 130
110 799 63
272 721 272
83 885 288
134 581 581
228 492 940
195 816 816
682 795 777
290 765 43
36 709 509
60 127 105
522 865 600
55 430 430
238 847 275
855 985 855
450 533 636
412 672 321
224 439 289
238 1008 238
100 529 529
589 643 589
125 653 125
23 648 648
84 910 675
177 459 614
600 802 550
323 639 639
87 761 854
897 971 1001
477 828 477
430 881 430
428 1010 268
224 402 289
385 859 859
323 948 964
717 914 821
541 818 869
639 862 639
450 516 636
320 693 815
52 598 63
933 1007 1007
208 801 208
709 735 826
647 725 389
719 785 581
165 278 70
333 765 583
75 149 525
70 735 70
872 902 107
539 555 539
96 142 599
41 695 41
693 793 1
223 409 409
290 790 43
137 541 275
254 304 254
235 697 1020
316 382 316
311 353 41
874 984 984
221 326 221
679 897 758
845 1012 794
99 258 491
112 816 816
297 992 297
912 928 928
193 745 734
465 693 937
339 852 143
240 434 634
195 203 299
503 565 932
291 649 649
495 605 814
265 971 1001
191 521 521
533 887 911
373 977 373
864 970 864
534 940 940
681 834 475
478 1013 1013
81 163 541
177 347 268
211 942 587
453 568 728
238 402 463
156 469 373
181 962 9
227 928 928
175 461 815
51 746 583
251 724 251
101 310 540
157 370 97
80 908 908
220 240 468
415 784 784
281 784 784
840 986 525
996 1004 996
125 811 125
333 754 170
404 506 506
919 1002 1002
661 784 661
592 699 796
270 429 135
159 816 816
570 726 300
125 835 835
16 43 43
4 667 868
193 942 587
9 251 251
90 275 275
649 694 694
944 998 114
853 915 189
27 1014 1014
509 915 509
346 627 150
288 838 288
249 297 297
569 783 251
221 796 796
844 1022 4
76 817 9
88 757 816
453 751 508
599 790 599
3 177 638
361 677 677
52 462 63
56 390 648
43 942 43
44 937 937
115 810 525
94 734 558
954 1001 954
192 319 954
1 858 1
176 263 176
114 249 114
170 562 472
198 672 105
359 639 639
137 856 275
119 446 401
390 911 911
185 831 437
341 767 43
171 224 289
637 766 737
264 887 1014
500 718 97
380 643 13
430 694 430
225 534 982
175 660 596
43 189 43
431 970 932
851 881 769
648 826 648
390 617 553
93 914 93
35 45 329
956 985 956
706 906 592
336 564 427
928 939 928
950 986 744
22 181 9
564 882 503
928 1021 928
316 794 316
28 402 984
239 538 647
155 760 479
288 295 288
165 672 70
281 946 869
125 735 125
123 628 1016
678 827 876
520 923 325
410 560 437
269 797 957
42 826 42
63 321 63
233 756 756
955 968 634
614 996 996
366 751 612
167 744 89
143 488 143
407 1009 199
432 789 41
53 97 97
4 269 82
387 723 143
855 860 855
622 1007 1007
217 665 509
52 545 63
78 532 648
143 896 143
351 940 940
532 536 800
449 800 800
717 951 951
368 508 615
277 862 338
732 782 295
106 139 825
479 724 479
679 860 779
315 743 1007
641 927 854
378 573 506
446 757 816
494 797 957
111 687 779
184 638 638
451 945 409
401 756 756
485 662 352
414 882 327
708 1010 369
54 547 615
781 862 338
363 845 125
203 364 654
116 249 297
123 414 1016
134 293 960
220 261 24
441 1015 954
52 1013 63
481 618 481
304 545 586
250 409 409
161 851 511
551 603 711
143 689 143
401 1002 1002
152 487 816
361 411 856
386 830 830
3 594 594
389 741 517
323 690 581
60 500 105
54 632 647
835 944 114
447 769 769
309 538 501
523 892 956
294 894 894
931 1018 931
220 226 468
372 1009 199
175 229 596
87 372 295
336 1023 533
217 915 612
254 440 254
590 627 472
202 604 614
19 858 1014
99 513 491
246 814 246
908 948 908
207 370 649
73 627 391
595 751 393
430 854 430
105 946 105
344 409 409
215 506 506
64 710 1002
80 312 965
477 520 477
121 412 456
545 827 733
569 849 251
8 120 728
686 996 996
511 707 511
318 1012 928
420 935 11
484 796 796
770 818 385
352 479 352
19 286 655
31 728 728
688 1005 176
273 941 308
189 892 189
11 529 529
915 938 4
80 745 734
174 355 272
313 542 816
26 632 779
176 775 176
210 554 677
837 908 908
484 766 737
67 243 859
160 998 135
144 166 403
534 915 777
629 832 11
50 300 300
818 869 869
245 536 933
750 917 254
79 336 313
417 855 992
362 721 769
285 792 321
43 343 43
282 345 345
240 662 352
383 490 774
375 730 855
259 889 638
6 437 437
220 260 208
311 970 41
155 710 479
694 883 694
58 511 511
171 241 205
843 872 843
233 978 856
60 141 105
548 667 70
150 495 150
337 769 769
908 1009 908
7 336 77
397 579 329
370 506 506
143 990 143
131 993 1
593 993 482
472 867 472
62 981 383
509 560 796
149 752 170
652 806 140
637 740 894
328 900 1016
32 924 254
371 904 903
214 802 550
340 531 491
168 775 130
199 799 199
11 675 11
871 969 383
446 864 864
247 880 654
238 875 599
99 648 648
106 969 825
17 812 462
86 365 988
4 368 4
607 892 628
753 908 908
30 731 736
182 328 886
698 737 737
11 440 908
187 391 391
522 602 995
245 418 933
444 768 768
382 1021 638
253 655 655
320 851 511
101 871 809
670 927 670
232 382 638
516 933 933
98 473 373
142 636 636
769 802 769
221 806 221
96 301 599
205 970 205
451 465 409
167 629 89
394 936 90
60 316 316
57 257 594
270 658 238
486 487 159
560 583 796
43 438 43
143 854 143
56 351 648
26 427 779
550 946 550
234 572 661
411 780 297
327 426 901
1 298 1
354 745 589
217 989 475
322 860 779
17 267 616
386 717 729
114 652 114
10 623 10
632 946 869
89 546 89
177 757 816
312 524 1007
43 700 43
120 388 728
163 787 78
721 788 171
777 936 238
135 221 221
99 712 491
762 950 762
761 925 854
34 533 42
634 960 960
323 771 581
103 333 984
663 691 736
318 854 854
301 492 697
300 328 300
317 715 502
829 905 655
415 531 784
278 834 684
341 490 774
28 908 908
593 787 78
263 784 784
824 954 954
600 844 600
127 650 555
66 509 657
752 775 596
472 699 472
110 740 63
349 519 150
10 517 10
661 741 661
114 984 114
306 494 477
313 351 313
105 920 105
170 187 170
725 797 957
691 694 694
354 996 996
506 989 506
597 769 769
44 201 189
144 520 501
9 322 9
727 966 984
649 727 649
591 789 29
286 725 159
476 934 864
128 139 468
850 952 511
586 815 586
561 563 835
34 638 638
307 654 654
273 648 648
268 607 268
544 689 908
255 979 980
209 628 628
784 890 784
17 200 933
225 430 430
43 999 43
152 556 816
155 348 479
79 756 756
84 273 308
559 994 592
41 787 41
629 752 891
579 825 610
489 947 1
874 901 901
445 908 908
525 747 525
604 783 1002
670 809 670
195 210 677
488 775 694
389 973 13
221 958 221
35 981 329
8 176 176
11 506 506
456 594 594
180 381 180
188 987 511
124 441 550
51 550 550
131 442 1
351 357 357
145 479 762
78 823 78
529 656 529
666 819 476
571 664 594
41 297 41
175 832 11
910 982 223
787 932 78
200 1022 933
441 592 592
414 651 477
815 956 956
30 291 736
180 430 430
774 800 800
4 327 327
770 782 385
433 808 300
229 1019 827
621 782 826
828 835 835
48 77 694
270 314 314
300 423 774
327 815 815
143 888 143
430 743 430
120 568 728
133 476 476
807 960 996
101 388 521
227 755 661
268 319 268
610 754 326
300 864 300
248 674 355
310 364 654
496 916 800
131 342 1
160 710 1002
626 830 830
71 406 768
880 972 654
812 817 905
386 889 698
306 886 886
590 639 639
38 309 427
136 692 189
625 774 774
313 369 369
726 744 744
148 897 903
553 877 409
124 179 550
144 754 326
154 952 835
294 1022 385
628 917 628
350 685 968
697 970 932
520 856 856
430 450 430
364 668 654
379 919 199
705 835 835
317 727 984
494 921 794
281 411 980
109 295 295
655 984 984
175 811 391
340 396 553
461 623 756
477 614 477
419 964 143
277 773 742
448 951 951
663 800 800
547 987 993
627 977 391
668 882 503
552 639 639
649 867 649
515 713 940
612 755 698
11 718 11
636 651 636
89 347 89
331 794 794
77 261 24
20 564 639
425 785 581
336 403 403
130 364 654
104 677 677
112 159 159
395 677 677
196 243 859
586 946 586
273 520 308
692 719 189
73 486 73
213 960 960
507 785 581
842 896 992
4 553 553
618 922 369
728 920 728
611 889 611
652 693 140
986 993 993
154 352 352
42 767 43
360 501 401
611 992 992
25 146 89
619 974 854
415 941 784
104 1010 868
819 988 988
734 902 107
403 583 583
119 977 401
81 262 821
626 803 859
607 729 299
107 706 107
642 982 642
163 346 150
391 691 391
224 728 289
852 902 143
490 809 774
505 1013 477
619 739 125
597 888 928
140 682 140
133 453 932
320 1008 223
538 831 437
377 934 864
409 918 409
125 470 125
230 982 919
439 445 670
287 1014 1014
134 539 539
507 660 389
337 506 506
229 503 503
320 818 869
539 794 794
190 345 345
122 200 908
144 935 827
115 1007 1007
212 698 698
84 724 675
139 541 468
541 630 289
619 832 125
321 865 600
676 848 951
753 1002 1002
672 929 707
181 256 316
539 1003 539
260 399 208
511 829 511
223 720 171
44 262 130
173 529 409
54 100 100
609 867 205
397 639 639
22 446 59
265 933 933
697 1024 855
437 630 437
208 259 638
70 916 855
252 302 804
81 96 599
474 1000 734
431 450 636
677 825 677
114 124 114
496 700 800
217 538 612
341 663 357
93 650 93
276 598 78
244 766 737
522 601 995
452 668 707
119 517 517
282 579 102
654 1003 654
310 946 869
566 685 566
370 916 855
312 868 868
682 788 980
42 483 42
15 403 403
445 491 670
469 515 940
279 992 992
799 898 539
418 708 502
238 775 596
327 916 855
318 430 430
567 982 497
280 872 642
308 531 308
756 954 954
329 750 254
11 139 11
561 614 614
655 738 655
182 604 886
287 567 497
747 791 506
818 1007 1007
318 437 437
347 570 300
137 830 830
244 864 975
107 856 107
822 949 636
176 688 176
528 693 430
327 719 815
867 956 956
155 532 648
71 469 555
572 849 931
256 793 1
53 449 481
820 893 316
148 496 800
414 983 996
241 984 984
358 827 221
459 816 614
455 848 533
349 737 737
174 692 189
40 603 774
248 982 540
278 559 592
578 588 830
364 589 589
452 742 742
635 794 794
390 1008 657
406 457 756
163 281 255
599 811 599
334 472 472
297 702 297
740 902 107
378 497 1013
401 774 774
100 338 338
449 557 403
263 717 583
750 769 769
677 1012 677
110 455 63
425 572 931
207 649 649
203 610 299
863 983 996
506 745 506
278 859 859
376 541 291
400 605 1020
405 649 649
635 845 113
303 995 995
206 388 338
362 1007 1007
554 887 911
482 552 886
261 1013 24
525 948 525
367 501 649
406 808 768
15 1019 529
634 883 29
135 486 23
81 195 427
55 828 737
59 955 59
326 565 326
263 348 583
122 992 908
416 885 288
139 521 521
931 1024 931
96 1007 1007
701 723 143
260 300 300
315 658 73
246 791 600
71 282 102
538 920 907
478 1019 478
588 820 456
798 866 866
127 284 105
518 780 297
143 918 143
590 737 737
103 749 984
135 614 614
134 841 130
398 927 1001
173 661 661
353 737 737
136 1018 136
137 746 988
202 815 815
143 424 143
49 933 933
512 755 698
567 614 614
602 1014 1014
390 871 657
383 390 383
545 997 344
665 846 509
902 925 136
96 216 599
423 480 931
228 799 940
122 908 908
19 306 477
99 402 491
251 464 251
309 343 649
387 499 506
112 779 779
648 675 648
42 209 42
253 286 159
254 352 254
11 341 11
453 662 352
94 150 150
309 1015 954
564 767 43
500 954 954
19 445 670
129 594 594
111 463 463
433 825 300
348 483 100
176 514 176
372 487 295
339 452 707
194 661 661
675 933 933
621 650 826
380 954 954
286 487 159
210 604 677
19 615 655
534 660 389
413 753 251
100 289 289
344 838 587
661 664 661
9 505 9
246 559 592
258 684 684
96 666 599
845 986 642
95 572 931
639 681 639
381 719 815
739 870 352
260 510 208
18 196 539
79 862 338
2 649 649
38 92 427
33 287 996
745 864 864
371 528 430
507 995 995
404 926 737
230 422 919
417 762 762
306 774 774
89 855 89
403 762 762
187 731 586
114 569 114
341 564 729
240 871 507
794 975 794
275 631 275
15 392 10
400 835 1020
394 808 90
1 583 1
68 629 825
519 528 430
848 952 911
502 637 502
114 320 114
307 404 737
10 482 10
246 670 670
254 641 254
254 924 254
219 830 830
62 344 344
399 1011 907
447 511 859
516 639 639
864 956 956
248 887 911
242 788 43
327 378 1013
314 413 251
195 618 868
145 294 762
71 594 594
565 678 876
103 550 550
554 899 456
754 801 326
170 920 170
49 638 638
190 579 610
413 784 784
18 684 684
89 514 89
579 589 589
24 521 521
960 1020 1020
902 970 107
472 670 472
221 869 221
356 595 901
256 515 316
462 595 393
251 316 316
278 635 180
342 658 564
549 730 855
670 1016 670
392 652 10
247 514 1002
484 993 698
501 961 986
639 850 639
892 1007 1007
507 566 566
641 959 854
196 937 937
547 658 615
50 583 583
224 671 289
689 908 908
724 791 600
163 717 821
519 659 628
149 606 728
157 248 97
488 854 694
440 730 908
28 832 984
353 427 431
546 649 649
1 433 1
133 175 932
373 600 600
81 790 255
169 436 694
715 804 804
812 873 873
102 592 592
177 416 454
332 908 908
573 883 506
229 734 734
177 902 107
368 710 1002
114 780 114
641 1007 1007
426 804 901
254 877 254
149 465 170
509 719 815
345 713 345
502 610 502
119 795 401
151 992 992
300 941 300
35 1014 1014
490 511 511
47 393 964
300 968 300
830 1020 1020
568 635 728
143 749 143
611 723 143
817 913 558
600 709 600
353 887 911
279 363 176
443 612 125
599 691 599
195 433 300
429 871 135
168 611 611
328 1014 1014
287 872 642
120 922 728
366 798 798
612 700 100
18 344 344
41 956 41
488 710 694
297 569 297
575 702 308
368 815 815
778 823 246
165 652 70
794 805 794
445 992 992
130 624 180
488 491 694
4 655 655
568 741 728
60 922 105
72 330 63
403 987 403
519 752 478
97 133 932
179 942 954
390 853 189
351 520 501
70 288 288
933 956 933
359 942 587
356 576 901
380 414 327
21 655 655
142 615 804
346 789 150
305 472 472
734 754 734
627 704 391
885 959 744
254 838 254
407 803 859
389 394 90
283 394 345
703 882 472
871 892 628
112 549 919
155 946 479
566 600 600
666 1013 957
987 994 993
94 774 774
829 925 655
495 837 476
607 1014 1014
58 428 268
336 721 171
770 816 816
690 854 854
336 486 23
542 829 655
512 661 661
346 736 150
552 670 670
774 897 774
199 539 199
93 859 859
479 904 479
568 841 728
237 261 24
471 766 737
366 544 873
207 280 649
494 984 984
195 665 427
93 857 1007
193 208 208
856 986 856
17 988 988
930 978 995
68 112 825
266 729 521
682 790 255
87 452 707
460 980 611
468 754 326
118 762 762
151 684 684
699 774 796
815 903 903
220 934 864
706 768 768
316 462 316
7 58 77
561 935 223
603 884 1014
493 1023 502
188 841 511
428 972 268
71 255 255
110 221 221
20 683 639
322 1003 951
777 994 564
790 987 993
338 856 338
181 328 9
737 799 737
48 144 694
493 911 911
711 963 345
693 777 815
359 633 246
114 644 114
418 838 587
200 254 254
774 783 774
170 672 170
326 547 326
766 990 737
545 735 826
224 437 437
461 668 815
893 1007 1007
45 442 507
143 661 143
569 859 859
671 698 698
89 943 89
73 100 73
18 65 539
61 70 251
833 922 289
381 904 903
624 819 476
270 375 814
138 680 355
406 530 768
549 689 908
329 479 479
568 661 661
304 518 518
501 691 736
61 363 251
885 958 288
928 1007 1007
658 871 507
825 922 369
556 981 804
134 1007 1007
505 953 477
45 605 507
661 679 661
365 1012 794
712 786 491
603 957 957
210 681 475
294 338 338
677 1013 677
7 427 77
103 595 984
230 773 919
334 583 583
170 220 170
514 559 1002
236 860 295
178 494 29
84 283 345
256 790 316
107 209 107
627 1012 794
276 911 78
613 636 636
5 940 940
871 999 794
798 888 928
177 973 13
252 804 804
405 774 774
146 603 611
60 886 886
353 830 830
55 506 506
97 882 97
126 1007 1007
73 566 566
475 762 762
683 844 344
7 977 77
841 875 599
62 588 24
714 940 940
152 477 477
221 575 221
145 498 762
101 508 809
615 661 661
584 613 956
1020 1024 1020
389 999 794
811 832 391
430 483 430
788 998 980
295 490 774
48 674 694
848 988 988
89 614 89
229 351 380
253 961 986
281 639 639
522 536 800
486 892 628
119 848 401
42 144 42
127 899 327
276 670 670
309 534 777
684 754 684
583 835 835
239 1018 369
452 457 756
292 636 769
127 656 82
482 678 876
229 289 289
540 860 779
170 958 170
107 931 931
381 495 919
375 829 655
304 931 931
591 671 566
585 647 911
183 981 78
157 791 600
88 687 482
157 681 475
477 539 477
120 847 728
76 689 908
989 1007 1007
388 521 521
144 650 986
325 566 566
481 551 481
143 292 143
161 984 984
870 931 352
864 984 984
270 930 995
125 491 491
663 900 1016
431 497 497
57 150 150
56 784 784
507 707 707
498 804 476
54 520 615
935 1015 954
721 860 171
29 760 29
352 400 352
482 656 82
26 369 369
383 435 383
486 600 600
814 990 886
1 488 1
654 777 654
195 293 960
439 918 521
508 872 642
299 752 299
270 566 566
186 658 756
566 1012 794
1 338 1
526 971 89
210 368 677
105 376 105
316 821 316
172 393 784
18 110 63
269 579 82
727 738 984
899 981 327
14 294 553
320 816 816
15 732 529
83 443 873
199 352 352
48 143 143
350 899 327
232 386 729
216 618 868
54 717 615
594 893 316
272 584 956
78 780 297
40 171 774
505 753 477
352 655 352
655 808 655
881 967 769
34 204 42
873 889 873
243 541 859
324 609 205
408 633 479
127 827 555
555 735 826
652 874 140
180 897 180
19 718 655
271 519 654
536 736 800
1 124 1
470 517 517
415 772 784
20 93 639
11 558 558
168 578 830
17 365 313
264 361 1014
63 139 63
609 661 661
408 931 931
96 713 599
626 746 988
949 1020 1020
562 734 472
205 587 205
214 824 599
602 737 737
525 598 525
533 731 102
117 994 830
294 655 655
694 802 694
507 969 383
400 504 594
320 597 928
305 762 762
579 613 481
665 844 509
88 163 482
112 262 325
743 756 1007
642 740 891
223 956 956
477 606 477
12 147 558
966 967 611
46 409 409
62 643 13
521 675 521
1 887 1
252 878 59
377 722 864
143 834 143
578 941 830
737 800 737
49 260 736
143 536 143
694 968 694
205 849 205
775 992 992
416 481 481
54 812 462
500 846 640
222 847 901
639 722 639
171 587 587
560 1014 1014
135 247 610
152 868 816
156 437 437
295 424 114
207 295 649
71 253 238
600 821 600
694 966 694
11 325 11
506 526 506
287 568 728
208 899 208
660 814 814
401 996 996
332 800 800
90 495 90
150 872 150
35 641 854
113 724 675
362 526 769
92 697 697
479 929 479
445 769 769
431 462 462
455 518 518
61 497 251
490 979 774
217 436 694
249 548 297
160 882 503
569 746 251
159 611 611
1 276 1
744 785 744
77 782 77
745 936 734
312 479 479
235 975 1020
248 555 540
325 455 533
70 684 684
87 980 980
19 305 956
144 510 208
392 708 10
128 446 497
500 695 288
841 931 931
19 880 655
355 864 864
1 145 1
254 480 254
623 947 1
73 634 73
272 805 272
455 888 928
764 991 299
988 1012 988
33 437 437
146 803 859
285 734 373
278 339 180
655 670 670
818 993 869
888 928 928
649 908 908
321 818 321
19 736 655
78 304 78
388 965 521
430 436 430
230 506 506
352 930 352
53 623 756
60 630 289
277 420 742
446 564 431
240 921 794
113 446 431
344 349 150
597 1007 1007
471 475 475
254 776 254
281 348 100
898 959 744
322 709 596
727 737 737
373 684 684
851 914 511
1 575 1
392 935 10
294 642 385
159 252 869
479 903 479
538 629 891
681 992 992
104 586 586
618 1010 868
243 917 859
701 740 616
352 855 352
15 391 391
565 844 932
261 464 24
425 580 430
101 111 779
159 203 299
389 889 698
290 1007 1007
268 576 268
159 846 159
35 153 329
190 1020 1020
550 959 550
401 453 401
228 599 599
849 960 960
225 910 223
735 949 636
594 1006 594
104 555 868
716 779 677
437 859 437
922 956 956
393 552 886
297 867 297
223 679 758
50 877 409
559 684 684
178 657 29
59 1003 59
296 588 24
313 951 313
432 600 600
959 983 744
286 430 430
245 779 933
392 879 10
15 462 529
87 871 993
123 208 1016
146 554 611
564 578 830
23 556 804
149 271 654
45 700 100
728 939 728
90 697 90
773 976 992
275 394 275
45 832 11
278 957 957
487 490 774
393 766 737
68 389 825
190 249 297
113 133 932
26 663 357
748 768 975
32 769 769
157 828 327
460 589 589
1 993 1
109 955 866
196 864 864
538 755 698
9 185 9
49 492 736
98 126 639
153 781 221
174 288 288
31 200 933
252 918 24
425 539 539
282 878 59
407 614 614
736 799 736
1 43 1
3 40 638
136 313 136
925 987 136
220 1002 1002
259 395 638
506 824 506
818 973 13
548 985 70
35 838 587
97 104 868
661 694 694
330 396 592
495 636 636
171 493 502
324 694 694
94 479 479
252 321 321
62 832 11
74 525 525
556 1003 951
335 954 954
30 119 736
619 648 648
74 556 357
468 709 468
675 897 675
109 963 345
81 910 223
209 626 208
26 770 385
495 882 814
478 765 583
4 806 876
520 568 728
5 428 539
273 350 308
348 711 711
11 935 11
482 612 482
429 888 928
437 769 769
89 406 89
748 968 975
224 908 908
64 381 581
766 964 737
9 10 10
277 611 611
346 871 150
761 1007 1007
43 97 43
569 996 251
606 1014 1014
804 836 800
310 692 189
362 444 769
154 563 835
564 771 810
465 738 905
257 444 288
312 880 654
746 958 988
737 908 908
497 898 539
317 638 638
911 915 911
453 561 223
225 557 403
254 854 254
268 762 762
182 479 479
770 849 321
629 677 677
529 901 901
183 492 78
220 353 468
411 981 980
506 868 506
393 711 711
508 540 540
565 869 869
263 381 583
694 791 694
211 888 928
59 680 59
413 716 251
774 837 774
368 936 238
341 795 729
250 604 272
476 912 316
386 894 894
795 934 864
361 553 553
143 641 143
139 450 636
441 991 70
211 811 391
262 918 24
176 721 176
145 430 430
47 646 964
768 867 205
344 467 344
45 407 628
795 803 859
548 996 996
252 1006 873
156 215 661
179 822 954
508 935 827
261 918 24
440 794 908
375 959 744
128 794 794
893 1004 316
581 985 581
72 661 661
68 76 9
352 700 352
29 1006 29
550 727 550
516 769 769
89 433 89
334 847 275
147 737 737
25 147 89
208 800 800
655 1013 655
7 474 810
603 981 711
506 543 506
10 89 89
241 849 205
930 938 995
66 424 114
417 597 928
782 844 968
338 529 338
917 979 711
26 547 779
819 826 476
223 702 957
47 483 964
624 990 886
261 486 24
9 949 9
259 313 638
228 649 649
441 756 70
418 611 611
165 800 800
660 792 321
335 779 463
128 951 951
670 1024 670
751 871 507
775 956 956
631 915 866
190 384 90
474 801 810
140 273 308
675 954 954
523 920 956
17 49 736
81 572 931
526 649 649
240 253 238
100 760 479
240 939 314
623 989 475
477 988 477
120 614 728
465 734 937
540 593 482
375 481 481
551 762 762
755 796 796
376 479 479
543 827 403
580 598 430
157 799 314
485 760 479
656 1020 1020
138 267 616
57 872 594
908 990 908
316 503 316
623 638 638
93 761 854
39 557 403
240 306 477
685 1001 1001
271 844 654
342 573 506
26 157 779
125 514 1002
344 782 344
128 319 393
374 591 150
301 310 540
322 682 596
223 727 984
687 977 809
103 435 984
102 815 815
349 661 661
119 357 357
216 677 677
162 965 566
146 230 611
377 573 506
742 829 655
150 1010 150
402 506 506
520 719 815
747 947 1
624 818 180
620 866 9
274 417 992
495 878 59
649 662 649
678 806 876
816 997 344
853 861 189
107 993 107
70 549 70
94 152 558
272 512 272
273 811 308
302 493 502
611 910 611
286 362 769
33 166 996
10 760 10
336 360 401
80 528 430
30 720 171
123 1002 1002
270 760 479
104 708 369
485 530 614
330 404 737
9 1016 9
254 885 254
169 832 734
720 829 655
589 763 589
90 422 90
409 983 409
194 539 539
535 594 594
601 691 736
197 934 864
694 950 694
643 904 903
487 925 136
756 851 511
325 578 830
352 880 352
63 615 63
516 992 992
42 545 42
44 185 988
239 625 338
99 713 940
737 964 737
359 935 246
342 1015 954
559 993 592
400 409 409
375 527 42
25 750 254
380 838 587
238 379 199
49 284 105
843 928 928
619 651 477
307 453 463
142 977 804
4 298 391
104 529 529
120 778 728
79 613 481
506 912 506
83 766 737
675 757 816
844 1024 855
250 264 1014
369 879 140
788 854 854
688 747 506
533 910 533
695 833 288
527 952 911
475 852 143
202 453 102
872 919 919
581 785 581
143 831 143
464 760 479
430 535 430
39 515 940
565 856 856
283 908 908
450 857 1007
190 321 321
352 560 352
179 1020 1020
579 810 810
28 108 933
632 768 768
562 600 600
469 994 555
409 968 409
110 589 589
625 821 338
58 723 143
520 929 929
564 840 525
367 419 143
133 921 794
266 1008 521
725 868 868
656 944 114
329 611 329
665 915 509
275 773 275
123 855 1016
375 519 814
359 437 437
555 910 223
196 885 288
465 739 937
309 1022 4
790 915 640
168 851 511
239 612 647
194 237 856
128 339 497
854 908 854
651 1014 1014
250 549 272
564 678 876
140 505 477
753 915 462
285 322 373
575 694 694
43 623 43
777 934 864
680 698 698
407 751 628
301 906 592
383 729 383
288 573 506
643 866 13
47 543 964
220 610 610
853 883 189
304 454 586
114 447 114
177 423 774
368 957 957
264 833 1014
722 841 616
473 474 373
143 750 143
61 481 251
199 684 199
65 604 614
22 79 59
170 781 170
97 634 97
62 226 113
93 715 478
401 520 401
308 548 308
20 932 639
443 617 125
715 867 205
65 1014 1014
98 466 762
162 709 566
22 71 59
640 685 93
1 723 1
726 754 300
135 233 856
585 728 728
276 643 78
372 659 628
160 958 798
552 591 886
297 976 297
271 636 636
762 787 762
323 540 581
316 956 316
721 766 737
250 370 272
213 517 517
63 927 63
246 501 246
564 737 737
621 926 796
343 876 649
511 740 511
44 923 130
291 844 929
109 704 866
116 864 864
30 816 736
350 726 300
94 260 558
950 959 744
128 537 670
800 843 800
95 784 784
218 745 734
222 796 796
405 957 246
564 764 965
50 159 905
92 366 657
543 661 661
694 747 694
672 979 980
252 646 869
181 676 9
43 995 43
179 798 954
221 502 221
588 827 24
550 804 550
516 859 859
778 890 964
353 722 431
314 734 734
89 976 89
437 865 437
684 815 684
613 868 481
176 209 176
139 549 919
483 728 728
486 576 675
137 221 221
301 813 697
8 812 462
314 475 475
127 175 596
288 329 288
393 790 393
176 1005 176
25 511 89
453 668 380
539 554 539
373 635 373
102 882 102
437 840 437
356 780 297
405 594 594
113 521 521
363 621 125
437 959 437
265 379 199
267 443 125
504 643 594
544 845 873
44 121 456
175 668 596
368 577 401
43 254 254
142 714 804
45 68 825
190 712 491
232 968 968
565 879 140
43 984 43
221 862 338
66 547 657
312 809 965
101 423 774
618 722 868
685 845 93
159 786 960
74 707 357
649 983 649
662 898 352
534 541 777
594 983 594
10 483 10
358 769 769
391 675 391
320 809 809
385 777 385
235 661 661
497 660 497
177 390 697
295 957 295
41 182 41
1 836 1
403 801 403
37 568 728
169 278 180
129 288 288
8 126 639
770 916 855
570 931 931
736 742 742
229 782 968
319 991 299
172 247 784
86 91 988
9 97 9
3 92 638
583 988 583
213 387 506
575 661 661
476 898 539
929 955 634
97 777 97
58 306 477
437 888 437
447 791 600
742 863 684
663 748 975
372 422 295
473 785 581
89 991 89
581 659 581
141 631 344
176 833 176
143 257 143
41 732 41
590 836 472
338 521 338
414 564 327
100 661 661
584 946 956
510 675 208
80 594 594
176 792 176
280 717 821
81 827 827
516 928 928
230 252 919
226 289 289
580 889 430
624 635 180
536 679 800
598 862 338
347 637 268
238 965 965
85 933 933
182 636 636
365 665 135
134 801 130
86 755 988
570 652 300
120 212 728
361 611 611
196 798 768
261 716 677
604 859 859
289 938 289
77 363 125
681 962 589
539 865 600
247 885 288
417 997 992
130 974 854
76 111 9
545 591 566
503 648 648
473 630 289
39 442 768
878 989 475
135 772 136
323 903 581
446 516 308
892 995 995
737 962 737
147 257 288
80 697 697
865 956 600
52 964 964
153 890 964
591 607 566
305 443 956
409 447 409
765 800 800
336 820 456
174 470 272
797 965 957
58 924 254
89 99 89
652 924 254
87 217 993
419 710 143
133 268 268
552 615 886
706 905 905
687 815 815
92 323 581
110 315 63
529 957 529
109 311 41
325 518 518
49 973 736
292 775 769
515 790 940
743 800 1007
2 514 199
369 538 369
67 160 647
612 633 758
659 940 940
203 757 816
57 678 594
546 660 600
569 836 251
2 335 199
99 419 143
224 554 289
63 833 289
553 613 553
521 720 521
544 737 737
509 629 891
648 756 648
1 838 1
632 668 647
469 501 555
527 544 873
338 376 338
917 946 711
351 730 855
176 897 176
17 518 518
581 782 581
594 867 594
547 854 854
356 828 901
183 933 933
64 593 581
150 333 150
393 624 180
291 661 661
452 791 600
104 184 329
479 593 479
769 943 769
279 550 550
418 859 859
29 272 29
429 764 965
33 914 996
646 799 314
399 718 4
836 847 800
724 853 189
160 997 344
206 883 29
60 248 105
508 654 654
29 836 800
334 855 960
655 903 655
231 470 10
525 963 525
33 735 996
114 437 114
372 558 558
149 682 170
540 591 566
18 528 430
386 430 430
695 734 288
369 909 586
508 755 698
139 281 468
782 994 968
77 999 794
30 293 960
889 1009 199
309 914 501
222 556 901
506 763 506
62 136 136
208 911 911
577 748 975
674 818 355
1 862 1
300 599 599
377 878 59
170 213 170
195 795 427
485 829 655
327 675 327
484 642 698
165 673 70
629 899 327
323 646 581
69 411 114
371 667 876
143 563 143
238 985 159
1 479 1
315 716 677
575 780 297
55 133 737
217 508 612
410 534 437
235 956 956
329 623 329
248 826 826
28 1005 984
328 570 300
743 787 1007
239 322 596
88 427 482
17 238 313
248 313 313
336 592 592
314 892 628
30 657 736
437 622 437
254 661 254
38 514 1002
9 570 9
2 854 854
285 954 954
134 180 180
704 897 497
319 691 736
660 761 854
160 427 427
371 937 937
427 977 809
406 676 768
2 322 199
95 825 180
360 650 401
36 212 357
618 815 815
680 959 744
10 680 10
559 867 205
361 393 856
624 741 517
216 389 389
697 781 73
153 809 221
645 675 517
174 991 272
62 827 383
612 910 223
59 631 59
91 639 639
505 525 525
150 516 150
189 580 430
83 817 873
275 441 275
124 869 550
46 229 297
290 506 506
444 601 77
694 903 694
223 402 463
346 562 472
511 638 511
581 693 581
303 441 655
254 759 254
313 882 313
412 463 321
170 199 199
120 872 728
221 763 176
803 1007 1007
388 663 521
325 897 497
675 866 675
416 899 327
86 258 988
236 526 89
43 1024 43
335 544 873
1 649 1
297 959 297
495 844 814
430 723 430
261 661 661
886 891 886
9 487 9
1 648 1
5 277 539
479 986 479
549 656 82
233 886 886
660 825 825
63 845 63
506 608 506
599 783 599
289 714 289
218 621 826
470 871 171
49 993 736
611 911 911
632 801 326
816 911 911
329 625 338
178 738 29
71 627 391
16 810 345
176 639 639
361 806 856
636 915 636
254 363 254
344 407 344
69 135 114
377 380 864
688 784 784
1 419 1
705 728 728
221 275 221
618 918 24
93 1021 59
316 853 316
617 661 661
843 845 843
858 933 933
658 813 697
200 1007 1007
467 677 677
684 843 684
797 865 600
529 638 638
247 916 855
156 682 373
640 741 517
786 915 960
247 1012 794
72 1014 1014
207 310 649
437 446 437
169 777 734
23 453 23
41 271 41
521 995 521
469 634 634
223 966 1013
66 229 657
672 889 698
67 638 638
462 591 566
325 866 866
379 738 199
81 442 929
187 1013 1013
684 978 684
9 375 9
320 760 479
479 835 479
326 628 628
340 656 937
89 816 89
103 709 984
66 489 275
105 331 105
196 815 815
497 873 873
687 919 919
286 642 159
430 748 430
14 611 611
442 594 594
395 922 355
346 484 150
605 999 794
106 632 825
8 767 43
150 393 150
420 445 670
897 965 965
29 807 29
404 496 737
44 968 130
171 219 171
46 762 762
280 337 10
12 620 9
591 979 566
487 517 517
1 1004 1
203 295 295
558 1013 558
917 923 711
189 570 189
166 610 403
357 800 800
342 594 594
647 762 762
272 748 272
151 872 454
454 927 965
457 771 756
1 48 1
844 961 986
294 522 995
54 724 675
688 871 677
81 840 525
73 632 73
51 265 583
282 559 592
87 507 993
126 684 639
592 995 995
578 670 670
51 251 251
117 366 830
209 963 345
385 718 385
137 558 558
685 799 314
186 192 954
403 647 403
53 596 596
531 866 491
437 896 437
390 556 804
102 781 73
634 772 136
303 344 344
471 1000 587
111 341 779
290 662 43
336 494 540
171 933 933
166 675 403
641 738 854
19 822 655
502 774 774
100 995 995
614 988 988
378 794 794
100 640 100
41 774 41
149 848 170
9 281 9
133 384 90
201 453 189
78 195 78
40 992 992
145 469 762
229 632 647
12 157 1016
591 670 670
461 481 481
370 546 600
82 890 964
358 820 221
5 911 911
419 619 143
17 212 357
188 816 511
339 425 610
142 904 903
577 697 401
166 280 403
240 994 564
89 210 89
254 810 254
390 790 657
753 897 462
743 966 1007
475 843 475
249 427 297
189 725 189
241 918 205
405 933 933
114 387 114
837 938 476
230 444 919
257 928 928
313 655 655
694 924 694
169 502 502
113 239 113
545 645 517
415 684 784
28 895 984
114 122 114
114 469 114
171 213 171
17 816 816
532 916 648
295 767 43
439 706 521
384 729 90
208 795 208
577 1018 369
61 93 251
163 994 564
651 1011 477
457 946 756
369 427 369
35 972 329
346 967 150
561 788 980
598 872 798
487 968 968
321 654 654
246 354 589
184 249 297
176 297 297
64 177 581
521 1009 199
663 698 698
32 126 254
429 453 135
497 617 553
272 508 272
124 603 550
184 900 329
143 351 143
49 980 736
562 703 472
785 800 800
300 889 300
9 409 409
275 681 475
153 514 1002
254 311 254
194 246 246
315 1016 1016
294 560 796
386 462 462
160 975 975
518 994 518
549 767 43
676 953 140
260 608 550
167 661 661
65 253 1013
291 408 479
713 934 940
139 511 511
373 574 373
368 444 509
287 873 873
199 1002 199
550 865 550
530 987 891
170 808 170
437 767 437
78 459 78
118 514 1002
160 472 472
369 897 369
687 720 171
4 275 275
184 886 886
845 861 73
552 929 886
798 841 616
297 581 297
302 569 251
766 854 854
248 647 540
701 796 796
220 961 468
278 876 180
559 607 592
586 928 928
88 1022 4
289 476 289
151 556 804
470 984 984
401 835 835
778 992 992
189 206 189
39 894 894
678 733 876
812 818 462
324 878 636
121 220 456
449 886 886
65 358 221
308 902 308
311 437 437
376 754 326
71 821 821
817 1018 905
425 944 114
483 825 825
972 1004 475
269 970 82
311 737 737
649 973 649
959 1010 744
80 856 856
143 489 143
278 764 180
126 228 639
128 938 4
112 333 170
196 726 300
59 623 59
420 1016 1016
258 788 864
131 180 1
10 536 10
506 594 506
183 247 78
3 888 928
900 925 1016
279 1005 176
307 798 463
826 956 956
225 386 729
347 530 268
55 328 737
376 671 13
115 674 525
175 909 586
1 550 1
232 411 980
597 925 928
867 980 205
211 769 769
11 765 583
148 328 518
263 1009 199
569 1014 1014
304 544 873
20 89 89
459 975 975
454 645 517
71 281 255
63 213 63
406 814 768
89 774 89
61 227 661
229 453 380
201 345 189
102 615 102
714 779 779
409 877 409
136 836 800
801 905 905
66 356 901
75 370 525
709 788 980
338 436 694
100 675 675
213 876 876
426 936 901
188 850 511
614 811 614
205 215 661
190 672 707
105 476 105
114 547 114
601 963 345
38 549 919
185 617 988
405 608 550
437 567 437
277 684 684
270 795 238
560 883 796
719 990 886
520 1008 508
288 458 288
38 400 1020
41 984 41
21 660 809
1 945 1
462 936 462
988 996 996
251 785 251
10 409 409
696 711 268
641 939 854
417 819 992
456 601 456
699 814 796
587 639 639
336 1002 1002
198 773 105
770 988 988
655 682 655
85 835 835
205 433 205
385 825 385
74 153 221
459 808 614
266 988 988
112 232 729
342 542 816
426 621 901
228 574 940
397 788 329
275 614 275
183 906 78
30 205 205
501 547 615
254 506 254
80 405 246
629 668 891
363 847 125
170 542 170
162 392 10
114 297 114
142 715 804
71 561 223
65 793 1
139 231 10
227 636 661
61 803 859
2 698 199
678 873 873
76 152 9
14 414 553
64 855 581
555 909 586
646 756 756
394 868 90
403 571 594
75 381 525
317 757 502
135 333 170
268 827 268
291 475 475
267 816 816
544 750 254
212 300 300
138 933 933
297 988 297
452 779 707
73 550 550
457 670 670
68 332 326
595 945 529
134 729 130
55 419 143
951 1000 734
335 909 463
109 631 866
80 652 140
666 969 957
280 324 636
401 932 401
124 550 550
472 943 472
151 504 594
13 511 511
433 899 300
224 623 289
291 542 816
352 661 661
81 541 541
365 509 135
890 960 964
635 931 931
391 561 391
639 851 639
41 379 41
882 1018 369
233 751 856
312 437 437
328 712 491
440 587 908
437 848 437
43 789 43
550 859 550
109 1011 907
97 419 143
333 744 744
665 684 684
372 746 988
265 736 742
86 872 988
82 260 82
689 948 908
400 672 1020
220 1019 468
503 969 383
520 538 508
25 525 525
46 163 297
89 867 89
984 1014 1014
96 791 600
231 1009 10
171 429 171
80 288 288
658 844 929
430 600 430
167 890 89
425 601 610
252 848 869
481 910 481
225 561 223
598 875 599
57 546 600
137 952 911
670 805 670
484 618 698
565 915 932
2 137 199
42 920 42
266 646 521
254 595 254
1 231 1
31 525 525
424 780 114
223 299 299
384 560 796
305 352 352
511 709 511
417 639 639
152 867 205
302 386 804
479 732 479
63 314 63
189 366 189
7 147 558
825 897 825
149 296 170
608 720 550
5 882 539
437 438 437
513 855 855
306 313 477
164 183 78
586 661 661
4 911 911
195 332 326
357 401 357
577 938 401
59 538 59
12 697 1016
89 835 89
259 800 800
254 343 254
43 291 43
948 1014 1014
594 964 594
385 742 742
286 598 798
760 923 479
790 922 369
860 955 779
189 196 189
412 885 288
220 321 321
349 482 150
84 482 675
588 828 24
40 847 774
768 879 140
718 854 854
404 730 737
152 373 373
308 357 308
692 722 189
84 699 796
486 998 23
564 817 905
197 420 742
228 533 940
259 622 784
636 987 636
185 884 1014
357 1011 357
329 346 150
998 1016 1016
424 702 114
727 762 762
27 871 835
128 802 550
330 862 338
89 226 89
113 227 661
309 1016 1016
428 565 268
870 983 352
707 917 711
373 932 373
446 722 431
713 846 940
492 1021 59
462 498 476
227 661 661
273 380 308
656 908 908
612 797 957
102 159 102
138 928 928
454 781 73
151 322 454
257 724 288
439 582 521
187 195 586
389 722 431
547 786 960
39 531 491
188 565 511
244 246 246
184 716 329
205 904 205
71 101 809
36 67 647
629 785 581
328 590 472
409 789 409
847 876 275
592 666 592
330 618 592
425 760 479
733 1019 733
238 512 642
275 453 275
291 931 931
195 209 208
706 896 992
159 406 768
345 585 345
409 794 409
260 368 208
169 579 734
338 561 338
683 976 992
460 772 611
313 361 856
860 903 903
312 529 529
425 980 980
491 540 491
629 1016 1016
113 752 113
130 303 655
110 784 784
411 476 476
107 650 107
840 896 525
479 599 599
29 150 150
247 272 272
527 575 308
598 825 825
762 928 928
577 602 995
243 392 10
572 971 931
1 689 1
511 807 511
538 589 589
62 1013 1013
462 900 1016
400 753 1020
317 457 502
194 564 325
77 392 10
191 486 711
558 902 558
275 849 275
275 465 275
600 732 600
296 409 409
194 519 478
430 522 430
671 856 856
430 996 430
346 782 150
876 986 876
591 957 566
418 763 176
180 859 859
518 901 901
564 936 564
250 931 931
254 944 254
727 961 984
535 773 931
430 1007 430
415 824 784
788 957 957
392 801 10
344 541 344
312 753 462
338 872 338
137 1021 275
599 630 599
385 949 636
205 840 525
103 612 984
95 918 24
309 614 614
532 702 648
486 508 23
4 744 744
443 570 300
14 984 984
644 693 481
205 324 205
224 473 289
548 748 975
81 213 93
695 1020 1020
146 316 316
667 882 868
482 613 481
398 455 1001
532 826 648
390 725 389
379 892 199
280 923 325
534 672 707
122 280 908
119 257 288
992 1002 992
427 497 497
148 449 481
128 320 497
348 627 391
275 739 275
352 908 908
600 849 600
189 360 189
85 146 611
31 256 316
290 1014 1014
421 612 107
285 859 859
332 390 326
194 631 866
229 909 586
8 321 321
254 261 254
53 914 821
114 706 114
475 519 475
479 952 479
450 933 933
175 797 957
122 586 908
465 872 937
206 502 338
14 100 553
152 416 816
384 389 90
520 665 509
27 469 835
26 649 649
643 756 756
794 1012 794
232 416 454
440 908 908
299 591 566
53 717 821
119 350 401
297 802 550
768 797 957
6 345 437
740 997 344
287 725 503
140 205 205
170 355 170
15 982 529
51 375 583
445 726 670
143 911 143
84 697 675
128 466 762
351 541 501
569 963 251
33 426 996
150 433 150
506 928 928
252 1003 951
400 868 1020
396 666 553
49 256 316
353 742 742
899 917 711
280 790 255
260 456 456
711 879 140
91 192 954
63 938 63
2 44 199
680 853 189
919 985 919
515 704 940
421 973 107
604 636 636
371 1001 1001
93 493 502
295 581 581
21 27 835
714 897 497
358 875 599
78 589 589
254 427 254
101 635 809
87 513 733
92 352 352
628 679 628
263 665 583
813 1003 951
200 590 933
93 565 932
590 928 928
927 983 996
300 443 300
368 886 886
1 781 1
148 295 903
458 574 107
511 670 511
316 626 316
41 617 41
366 754 326
40 826 774
123 617 1016
339 751 982
296 483 482
207 1007 1007
360 777 401
93 862 338
607 901 901
66 488 694
92 968 968
739 918 24
421 442 107
506 802 506
924 949 254
176 762 762
242 393 43
176 669 639
297 651 297
408 962 589
173 1014 1014
130 154 835
802 858 1014
615 735 826
787 1022 78
297 557 297
113 512 113
254 786 254
1 1007 1
407 841 628
208 873 873
327 978 327
591 932 566
513 830 830
275 972 275
612 692 189
93 152 816
240 551 90
27 261 835
503 710 1002
514 924 254
711 975 975
669 694 694
369 642 369
265 706 742
115 714 525
138 427 468
399 733 4
75 281 525
233 998 856
449 730 855
1 857 1
87 287 503
779 1009 199
251 1000 251
323 742 581
43 998 43
39 751 768
309 910 223
42 785 581
143 633 143
394 417 992
439 456 521
130 862 338
176 585 176
10 664 10
218 916 855
372 928 928
450 859 859
725 809 809
262 995 995
55 694 694
270 376 238
143 553 143
46 437 437
590 641 854
19 808 655
227 574 661
65 183 78
344 779 344
724 823 529
163 617 553
295 804 295
254 415 254
9 556 9
637 975 975
550 650 550
946 1013 1013
137 369 275
169 723 143
510 860 208
553 759 553
461 1014 1014
209 951 208
475 586 475
90 467 90
95 663 180
159 422 968
101 1008 809
308 314 308
796 972 796
436 1018 694
442 675 675
132 296 430
414 538 327
177 438 41
646 995 995
87 839 744
683 967 611
63 819 63
193 800 800
931 956 956
333 372 170
528 918 430
330 757 592
104 714 868
79 395 355
499 762 762
379 931 931
204 403 403
451 768 409
726 752 300
64 844 581
95 431 180
858 928 928
386 957 957
46 908 908
309 658 612
680 741 517
790 795 777
325 363 125
592 738 592
54 706 478
587 694 694
107 278 107
777 826 826
66 300 300
91 820 456
133 506 506
616 1014 1014
335 434 463
714 993 97
281 287 503
418 954 954
37 1003 951
869 985 869
47 54 964
199 694 694
314 690 221
628 640 628
194 660 325
177 432 41
229 920 907
714 915 97
195 275 275
525 943 525
397 460 329
328 370 518
302 908 908
14 335 553
160 885 288
255 573 506
477 489 477
671 810 810
707 792 321
544 694 694
785 835 835
472 511 472
143 992 143
819 1022 476
285 289 289
286 672 707
262 448 993
270 753 462
70 319 70
331 383 733
722 978 431
129 933 933
154 428 835
66 736 736
721 907 171
394 776 589
189 667 189
184 634 329
151 403 403
79 229 313
376 565 932
341 508 729
62 80 383
63 341 63
86 289 289
44 67 130
278 664 1001
503 711 711
363 1016 1016
544 956 956
237 538 856
7 201 189
927 992 992
79 843 843
451 769 769
376 638 638
171 673 171
316 653 316
305 625 956
656 877 409
159 558 558
491 797 491
205 851 511
475 650 475
649 684 649
38 703 472
531 844 491
476 812 476
112 536 800
210 599 599
794 855 794
189 1014 1014
648 720 648
242 344 43
505 919 477
506 545 506
628 670 670
225 239 982
24 940 940
509 957 957
190 583 583
600 697 600
430 774 430
47 423 964
27 54 835
41 56 41
558 567 558
41 381 41
186 651 477
291 500 291
5 521 521
780 951 297
744 853 744
418 525 525
206 587 587
320 1003 951
155 992 992
127 455 533
246 430 430
375 1021 59
119 1010 401
915 919 919
469 890 964
316 475 316
78 572 931
119 728 728
648 734 648
1 996 1
913 931 931
223 238 223
312 646 965
666 669 639
194 717 325
226 554 456
974 979 854
341 565 932
453 790 508
459 670 670
9 354 9
134 954 954
359 819 246
225 395 355
68 726 300
389 495 814
746 758 988
197 323 581
143 315 143
61 525 525
511 896 511
115 933 933
469 517 517
194 679 758
484 1021 698
6 533 437
45 922 369
222 939 901
822 956 956
94 627 558
13 313 313
175 456 456
846 936 238
506 780 506
679 826 826
308 907 308
357 797 957
475 906 475
295 934 864
667 675 868
569 842 251
43 621 43
624 672 180
742 900 1016
366 914 612
706 869 869
834 884 1014
174 197 272
103 170 984
498 867 205
79 359 246
647 951 951
133 733 932
25 683 89
40 243 859
115 656 525
195 825 825
193 873 873
604 748 975
175 292 769
236 275 275
498 895 272
217 395 355
736 812 736
32 826 254
205 1014 1014
89 836 89
345 464 345
414 843 843
685 975 975
362 771 769
54 775 596
854 953 854
277 626 742
42 776 589
633 749 352
373 878 59
310 990 886
651 1007 1007
218 448 798
434 480 931
408 928 928
66 326 326
913 925 558
753 793 1
607 930 995
27 409 409
377 517 517
125 753 125
10 938 10
300 617 300
442 903 903
150 992 150
786 884 1014
219 986 975
585 964 964
779 938 4
214 946 599
545 553 553
74 940 940
644 701 481
665 866 866
251 765 251
356 931 931
244 984 984
78 713 940
464 794 794
525 1013 525
60 545 105
544 781 873
453 783 1002
138 932 468
501 603 711
253 717 238
30 113 736
102 365 102
177 829 655
78 696 78
357 979 357
32 143 143
428 480 931
356 764 901
624 643 180
522 622 784
134 281 130
533 715 533
59 798 59
221 333 221
10 853 10
830 916 830
375 554 456
400 673 1020
362 694 694
268 940 940
73 697 73
140 337 10
320 512 642
223 658 223
538 986 986
399 998 4
516 965 308
130 285 373
625 862 338
473 693 373
497 919 919
114 908 114
10 209 10
245 854 854
749 1020 352
123 953 1016
474 854 854
231 645 10
766 783 737
384 855 855
709 1019 827
71 359 246
764 919 919
157 162 566
206 580 430
104 340 937
300 963 345
32 554 254
430 724 430
221 638 638
348 873 873
562 1015 472
10 550 550
100 557 403
174 736 272
511 639 639
478 636 636
502 797 502
410 825 437
419 844 143
294 990 886
161 901 901
355 880 654
100 124 550
449 988 988
195 961 427
170 955 170
477 991 477
452 654 654
114 200 114
294 612 385
140 777 140
63 278 63
477 1020 1020
321 506 506
896 964 964
659 769 769
248 659 628
492 982 697
937 966 937
585 848 911
513 878 59
916 933 933
775 1016 1016
333 337 10
77 859 859
58 86 988
148 823 529
667 935 868
506 964 506
10 157 10
427 689 908
19 153 221
730 742 855
421 535 931
246 355 246
430 451 430
547 927 965
442 857 1007
764 998 965
592 621 592
256 999 316
389 586 586
262 351 501
87 612 993
12 242 43
67 171 171
232 764 965
378 696 268
95 366 180
468 860 468
698 937 698
508 740 891
116 839 744
433 615 300
81 417 992
836 1007 1007
496 751 800
828 908 908
490 800 800
210 680 677
541 915 640
240 979 980
540 682 540
540 669 639
180 906 592
826 864 864
58 142 804
274 415 784
362 507 769
68 1009 199
584 801 956
525 649 525
455 731 102
275 508 275
289 890 964
92 808 657
143 617 143
370 614 614
886 963 345
199 888 928
78 619 78
192 586 954
698 855 698
886 964 964
439 788 521
279 311 41
420 456 456
179 1015 954
629 726 300
1 440 1
4 575 308
297 437 437
351 975 975
473 828 373
226 480 931
229 790 380
19 455 655
575 784 784
89 983 89
351 605 507
94 992 992
48 69 694
577 705 401
617 769 769
10 943 10
117 329 329
87 409 409
340 349 150
391 482 391
204 505 477
484 545 698
800 838 800
197 982 742
352 633 352
312 375 965
304 614 614
391 413 251
709 830 830
353 613 481
118 321 321
303 900 1016
238 734 734
254 809 254
100 388 521
832 940 940
806 881 769
78 348 78
81 659 628
800 926 800
173 223 409
814 1010 814
343 769 769
431 517 517
672 953 140
340 921 794
197 594 594
214 964 964
173 617 409
801 851 511
59 714 59
341 711 711
354 1009 589
671 684 684
59 1011 59
2 833 199
232 492 697
78 201 189
67 604 614
325 542 816
677 869 677
732 1004 475
215 373 661
43 107 43
573 656 506
118 553 553
493 1012 502
545 594 594
370 1002 1002
331 762 762
180 212 180
252 314 869
331 931 931
265 660 742
383 640 383
304 728 728
339 443 125
271 447 859
442 855 855
122 287 908
608 1014 1014
141 790 344
293 854 854
150 443 150
299 447 859
413 430 430
267 984 984
290 668 43
252 737 737
704 876 876
153 796 796
434 546 600
256 776 316
202 321 321
69 697 114
66 584 956
189 266 189
475 1018 475
64 395 581
76 694 694
683 846 344
64 623 581
205 981 205
180 232 180
43 601 43
92 206 338
292 929 769
26 923 779
426 752 901
21 561 809
262 956 956
1 91 1
728 941 728
395 671 355
127 472 472
121 747 506
177 364 654
490 884 1014
215 435 661
254 437 254
11 335 463
143 865 143
176 785 176
237 250 272
772 1016 1016
506 883 506
735 828 327
416 699 796
159 721 171
494 889 698
335 580 430
465 968 937
101 196 768
46 439 297
887 908 908
149 520 170
55 124 737
400 550 550
213 330 592
140 567 140
288 388 288
526 798 89
211 304 894
10 780 10
126 736 639
311 581 41
102 556 102
187 604 614
104 523 956
240 281 291
293 769 769
205 422 205
525 759 525
539 651 477
613 915 481
405 790 246
162 864 864
520 781 73
93 511 511
165 988 988
150 231 10
559 806 592
176 940 176
645 719 517
247 871 610
47 889 964
359 928 928
583 901 583
138 651 477
503 554 456
455 882 533
951 982 951
308 769 769
504 621 594
134 140 140
204 342 314
612 998 135
480 593 931
822 875 599
74 1021 59
520 887 911
225 320 223
611 662 352
213 241 205
1 840 1
54 130 130
137 252 275
144 221 221
65 696 268
105 155 479
720 737 737
75 430 430
623 670 670
194 646 634
69 857 1007
240 790 291
822 869 136
639 761 854
316 879 316
376 684 684
876 948 964
581 941 581
364 549 654
38 114 114
798 986 798
125 295 125
787 1005 176
92 1010 707
481 922 481
615 1020 1020
220 893 316
311 988 41
55 206 737
636 755 636
41 712 41
240 270 238
649 816 649
822 830 830
78 774 774
275 328 275
816 844 816
392 694 694
156 618 373
42 696 42
424 769 769
321 702 321
485 827 614
680 1021 59
543 984 984
780 1007 1007
291 671 13
244 589 589
103 694 694
143 275 143
443 457 125
586 1015 954
297 341 297
175 726 300
286 610 610
798 1002 1002
198 273 105
226 976 992
23 856 856
613 670 670
80 112 383
433 574 300
378 731 1013
487 755 698
186 333 170
191 796 796
364 654 654
142 229 804
771 985 810
205 539 205
221 371 221
457 802 550
200 430 430
71 315 73
615 709 509
267 385 385
681 982 475
285 338 338
550 922 550
165 564 70
208 455 208
1 527 1
114 393 114
565 754 326
289 821 289
655 955 655
166 798 403
172 310 784
154 661 661
329 941 329
98 768 937
3 658 638
556 757 816
430 980 430
436 651 694
410 611 437
381 503 919
375 947 1
601 737 737
66 927 965
37 794 794
42 444 42
260 1001 1001
436 462 694
694 1007 1007
424 728 114
54 848 533
807 964 964
582 799 11
105 854 854
304 441 70
280 468 468
171 388 521
656 674 355
554 599 599
163 1008 508
869 878 59
597 908 908
438 743 1007
346 769 769
281 501 501
431 444 431
509 829 655
451 517 409
2 646 199
135 831 437
133 658 932
375 994 814
844 914 929
37 577 401
722 910 431
51 261 583
561 912 316
281 914 291
738 979 905
368 929 615
368 503 503
57 649 649
127 929 555
52 673 63
29 756 29
59 459 614
65 227 661
122 496 908
550 762 550
44 792 321
233 864 864
936 1007 1007
297 666 297
90 840 525
323 893 316
330 879 592
614 857 1007
541 991 299
160 844 986
658 1007 1007
444 900 1016
71 883 29
120 928 928
330 940 940
66 497 497
68 977 825
108 908 908
18 963 345
289 784 784
453 853 189
434 678 876
35 835 835
252 531 491
462 523 956
316 637 316
204 353 314
418 851 511
938 968 4
105 463 105
563 834 835
336 799 314
400 859 859
122 894 908
439 624 521
601 1005 176
690 757 221
404 626 737
366 975 975
205 967 205
628 878 59
589 937 589
174 1015 954
229 473 373
250 538 272
489 737 737
3 392 10
168 327 130
594 851 594
341 968 968
253 708 369
150 304 150
414 844 327
30 659 628
74 114 114
307 525 525
542 919 816
447 908 908
101 177 809
844 889 698
873 938 873
183 611 78
420 955 11
289 995 289
570 607 300
1 143 1
740 804 804
80 217 383
276 409 409
515 949 940
233 269 856
364 942 587
472 948 472
624 636 636
110 874 63
157 706 97
474 1017 810
78 210 78
376 911 911
43 812 43
614 928 928
512 785 581
335 525 525
58 513 758
390 764 965
782 917 711
706 979 980
295 737 737
82 685 82
574 602 995
309 605 507
159 799 314
956 970 956
802 933 933
176 229 176
29 181 29
846 970 932
49 911 911
260 542 816
11 666 957
189 739 189
177 482 482
614 744 744
495 718 814
601 1016 1016
295 538 295
24 791 600
380 554 456
160 928 928
149 581 581
366 531 491
423 859 859
620 792 9
135 139 468
550 713 550
52 952 911
147 638 638
51 1018 583
23 142 804
390 689 908
532 562 472
110 254 254
55 507 737
504 898 594
19 635 655
362 645 769
293 770 960
144 538 501
357 593 357
447 715 859
73 144 73
30 1004 475
583 880 583
37 930 995
277 592 592
235 543 1020
402 725 463
44 195 130
494 644 481
173 473 409
81 632 647
206 605 338
665 998 135
205 358 205
43 653 43
660 833 289
298 790 391
295 698 698
563 1014 1014
525 674 525
278 413 251
784 832 784
312 366 965
335 729 463
154 254 254
267 343 649
323 555 581
240 538 291
219 613 975
92 242 43
740 756 756
254 458 254
30 911 911
784 1020 784
854 888 854
381 903 903
280 570 300
225 827 982
321 391 321
69 1010 114
312 901 901
107 517 517
370 705 23
11 275 275
843 976 992
74 406 357
343 631 649
342 509 564
709 843 843
439 736 521
931 940 931
777 913 558
559 667 592
797 945 529
310 761 854
96 860 599
894 984 984
381 437 437
77 915 77
279 836 800
869 1013 1013
218 894 894
208 677 677
391 1015 954
211 555 894
384 848 90
338 801 338
114 283 114
143 266 143
692 998 189
449 804 481
115 263 525
697 940 940
276 956 956
178 374 150
620 800 800
362 838 769
634 963 345
162 369 566
157 417 992
757 856 856
517 782 517
916 990 886
136 282 136
28 430 430
190 987 77
462 1023 462
357 816 816
412 623 321
234 360 661
745 872 734
626 771 810
361 439 521
3 624 638
550 594 550
281 993 993
120 885 288
250 435 272
203 694 694
488 971 694
87 1018 369
114 794 114
70 468 70
665 974 854
21 463 463
199 739 199
24 815 24
753 975 975
370 780 297
1 999 1
144 390 657
486 885 288
553 566 553
221 310 221
58 89 89
377 640 864
312 391 391
271 466 762
114 536 114
211 562 472
235 338 1020
455 1023 533
667 795 868
8 307 463
386 634 634
679 711 711
474 817 905
30 696 268
585 637 911
27 151 835
209 216 208
372 955 295
19 201 189
320 776 589
134 345 345
223 359 246
68 722 825
112 145 762
285 770 373
632 966 1013
525 967 525
528 940 430
437 480 437
250 499 762
282 518 518
372 755 698
347 434 268
150 375 150
90 786 960
956 962 956
796 968 796
27 725 835
621 743 1007
373 621 373
469 857 1007
132 860 430
433 537 670
476 919 476
345 617 345
354 594 594
77 327 327
143 550 143
534 859 859
36 386 729
202 433 300
737 851 737
184 475 475
54 900 1016
717 994 564
525 548 525
173 1010 409
109 914 866
254 387 254
122 645 908
652 820 456
225 845 642
183 934 78
525 823 525
233 803 859
739 797 957
113 991 299
24 77 24
256 304 316
518 655 655
541 680 355
373 966 373
137 846 275
159 563 835
121 284 105
163 936 238
159 779 779
778 1020 1020
138 415 784
552 1020 1020
167 409 409
767 941 43
267 925 136
412 886 886
41 269 41
772 800 800
210 1012 677
188 928 928
125 199 199
962 993 589
272 1002 1002
48 158 694
168 728 728
367 649 649
226 922 369
18 796 796
589 855 589
212 1023 357
345 451 409
226 682 113
729 901 901
485 517 517
4 226 4
223 258 864
694 818 694
721 751 171
481 500 481
308 441 308
398 661 661
259 515 638
34 374 150
330 794 794
842 887 670
403 446 403
155 593 479
63 106 63
131 519 1
599 617 599
445 705 670
36 475 475
104 894 894
17 635 313
49 464 903
360 911 911
167 626 89
399 445 670
240 781 73
96 715 599
389 923 325
254 456 254
796 928 928
116 430 430
26 673 814
151 966 1013
422 729 968
504 928 928
350 781 73
30 686 843
111 619 125
691 806 736
544 581 873
59 79 59
393 673 393
77 446 77
342 632 564
337 1014 1014
291 987 993
374 408 150
626 928 928
384 649 649
185 490 774
673 751 814
154 827 835
119 493 502
57 651 594
477 661 661
358 517 221
482 540 482
64 928 928
713 944 114
181 352 352
286 833 289
448 883 29
900 911 911
240 512 642
99 153 221
297 691 297
170 240 170
21 32 254
100 739 393
62 859 859
408 904 479
688 893 316
624 725 180
506 737 506
580 962 430
204 503 314
12 334 1016
180 1000 180
395 764 355
607 614 614
245 416 933
496 639 639
490 648 648
30 461 736
31 982 454
239 365 135
314 353 314
143 560 143
78 617 78
378 438 41
415 633 784
491 614 491
416 503 454
351 935 827
342 357 357
38 336 427
21 813 809
89 471 89
39 864 864
4 159 4
774 996 996
856 935 856
785 1002 1002
488 858 694
827 852 143
184 266 329
154 912 316
656 870 352
552 808 886
182 531 886
70 320 70
270 444 509
67 248 540
310 769 769
512 905 905
213 226 113
1 385 1
53 240 821
820 880 456
333 511 511
60 859 859
34 636 636
316 390 316
441 606 728
118 869 82
125 364 125
872 941 830
444 790 509
644 769 769
166 787 403
404 610 737
774 861 774
207 389 649
38 144 427
42 794 794
437 884 437
76 762 762
1 466 1
771 788 810
237 940 940
469 813 697
451 480 409
611 882 611
390 629 891
52 941 63
881 1007 1007
506 756 506
213 914 93
45 57 594
62 905 905
657 758 758
332 388 521
83 630 289
221 494 221
777 998 135
370 444 23
525 661 525
138 301 468
653 917 518
89 697 89
652 911 911
13 322 13
382 663 638
763 1015 176
17 563 835
711 908 908
15 931 931
62 837 476
134 592 592
336 871 427
254 412 254
381 600 600
560 984 984
135 864 864
252 975 975
572 649 649
621 897 826
253 744 744
175 431 431
171 854 854
929 961 986
184 536 800
364 709 654
192 601 954
767 783 43
24 817 905
307 386 463
741 983 996
367 575 649
683 811 344
116 993 951
709 745 734
381 456 456
294 542 816
173 245 933
619 931 931
244 935 975
222 788 901
409 898 409
267 1024 855
38 58 758
345 862 345
596 843 843
764 819 476
89 929 89
700 1008 100
101 580 430
800 1006 800
544 812 873
434 910 634
701 954 954
101 876 876
89 711 89
744 833 744
57 980 594
576 753 462
489 725 275
348 791 600
343 578 649
673 805 42
203 764 299
502 586 502
278 665 180
322 407 628
135 1008 135
799 950 744
106 707 825
33 87 996
206 491 338
391 694 694
763 838 176
506 643 506
160 559 592
327 600 600
148 219 975
405 839 744
569 933 933
511 949 511
203 377 864
275 679 275
156 171 171
192 596 954
53 841 616
638 995 638
387 447 506
516 864 308
242 437 437
798 970 798
176 279 176
306 459 477
359 390 246
453 477 477
143 636 143
325 432 41
421 474 107
97 278 180
775 859 859
165 428 70
661 845 661
629 777 891
107 665 107
63 506 506
248 654 654
251 978 251
170 463 170
931 936 931
524 581 1007
885 1008 288
357 944 114
638 965 638
145 171 762
155 764 479
190 632 77
532 694 694
342 724 675
29 892 29
349 938 150
64 715 581
474 558 558
233 445 670
214 339 599
15 955 529
74 116 357
315 581 581
187 519 586
36 368 615
143 201 143
306 796 796
472 1019 472
183 737 737
157 909 586
937 952 911
318 788 928
202 895 272
205 224 205
110 182 886
524 622 1007
445 773 670
683 726 344
264 1007 1007
509 740 891
24 872 24
197 917 742
104 133 868
592 762 762
119 409 409
16 53 345
717 1000 734
966 1014 1014
248 348 100
254 293 254
297 346 297
271 715 654
1 290 1
314 596 314
106 435 825
43 154 43
165 484 698
1 1013 1
619 774 774
468 611 611
317 950 744
221 721 221
182 839 744
397 779 329
465 737 737
150 774 150
516 911 911
542 835 835
525 933 933
592 848 592
132 796 430
448 520 993
80 517 517
668 809 809
780 978 297
246 567 246
295 743 1007
90 313 90
75 1005 525
533 870 352
546 979 600
779 820 456
648 681 648
153 173 409
278 418 502
777 923 325
453 846 508
727 920 984
121 356 901
211 539 539
346 532 150
331 579 610
130 629 130
99 524 1007
686 929 843
152 407 628
545 705 733
800 933 933
38 398 1001
46 583 297
25 475 89
73 993 73
277 718 742
187 304 586
83 549 873
77 813 77
284 311 41
86 639 639
232 521 521
114 820 114
57 897 594
254 856 254
509 582 11
506 667 506
265 875 599
152 168 816
608 749 550
376 682 291
313 802 550
712 914 491
367 368 649
121 439 521
260 711 711
715 923 478
517 754 517
353 898 539
222 356 901
150 643 150
395 432 41
9 29 29
430 561 430
161 368 170
137 762 762
29 166 29
108 383 933
763 813 176
369 399 369
373 799 373
265 268 268
299 670 670
27 702 835
420 540 11
186 403 403
66 808 657
91 664 1001
335 758 463
223 987 223
635 916 855
88 631 482
269 686 843
377 638 638
731 941 830
140 881 769
202 804 102
166 587 587
189 805 189
238 697 697
199 606 199
611 745 611
302 365 804
152 1012 794
426 912 316
238 678 876
510 714 208
8 717 462
269 719 82
673 923 814
123 737 737
58 927 965
493 614 502
273 346 150
51 56 648
15 498 529
59 621 59
558 774 774
576 973 675
768 857 1007
114 410 114
104 366 868
469 936 555
128 371 876
639 764 639
216 584 956
316 610 316
238 770 385
133 178 29
218 1019 798
679 890 964
284 525 525
88 412 321
564 684 684
3 460 638
781 1014 1014
397 599 599
669 680 639
260 492 208
449 843 481
30 763 176
8 959 744
269 402 82
14 500 553
358 995 221
180 501 180
18 90 539
48 607 694
122 883 908
254 434 254
585 1009 199
115 708 525
76 797 9
145 760 762
636 728 636
514 900 1002
684 885 288
445 1014 1014
218 879 140
146 306 477
354 706 589
107 366 107
191 489 275
431 837 476
172 795 784
705 746 988
29 854 854
931 958 931
112 827 325
638 659 638
522 579 995
143 537 143
138 293 960
290 468 43
65 678 1013
23 109 866
125 394 125
160 1008 986
561 660 223
456 796 796
175 444 596
258 854 854
99 656 491
318 354 928
106 672 825
115 967 525
53 648 648
178 348 29
144 256 316
331 770 385
43 178 43
654 1014 1014
417 973 992
138 917 711
89 828 89
308 837 308
203 909 299
375 715 814
522 930 995
650 830 830
628 946 628
406 1007 1007
412 673 321
29 489 29
135 553 553
347 805 42
503 538 503
75 210 525
866 973 13
422 648 648
543 943 648
521 1021 521
553 907 553
333 783 1002
365 402 463
36 866 866
775 1000 734
122 515 908
114 145 114
71 455 533
373 430 430
122 694 694
618 837 476
397 886 886
318 818 928
506 921 506
461 820 456
277 537 670
665 672 707
382 747 506
22 397 329
322 452 707
10 579 10
466 921 762
502 676 502
809 1010 707
66 682 657
575 724 308
409 415 409
624 812 180
43 836 43
415 661 661
224 856 289
401 842 670
457 1021 59
291 624 180
87 310 540
53 907 907
20 550 550
33 854 854
114 757 114
264 391 1014
40 964 964
258 855 855
725 985 159
221 988 988
454 1001 1001
122 464 908
650 779 779
671 887 911
580 592 430
221 526 89
486 697 697
228 240 940
9 916 9
656 952 911
189 753 189
826 933 933
186 835 835
326 901 901
673 786 960
611 916 611
62 205 205
523 653 956
131 573 1
30 213 736
241 318 928
344 858 1014
4 973 13
648 908 908
156 449 481
59 624 59
303 940 940
315 546 600
17 112 313
622 743 1007
169 241 205
801 975 975
249 740 297
136 673 136
225 751 982
276 814 78
784 799 784
480 704 931
338 837 338
58 484 698
272 903 272
22 342 59
565 638 638
111 946 779
192 735 954
373 822 136
261 1000 24
256 649 649
772 966 136
16 346 150
703 908 908
278 621 180
301 754 326
690 1010 221
253 814 814
521 685 521
70 777 70
21 654 654
524 889 1007
445 956 956
345 718 345
506 776 506
531 768 491
562 638 472
16 866 345
182 470 886
820 953 456
80 942 587
407 1003 628
165 759 70
643 828 327
174 764 272
695 968 288
143 409 143
516 958 308
480 688 931
345 872 345
191 429 711
118 867 205
188 284 511
163 530 891
541 1008 508
851 1004 511
580 686 430
366 794 794
68 672 825
322 654 654
795 824 894
172 744 744
600 964 600
170 487 170
523 933 933
416 919 919
423 625 774
245 1004 933
431 844 431
514 525 525
170 841 170
156 299 373
401 525 525
150 253 150
937 1008 937
933 989 933
788 955 980
328 515 940
453 935 827
321 507 321
519 813 478
510 894 894
278 553 553
448 763 176
11 421 107
875 1011 599
227 907 661
863 993 684
583 854 854
430 933 430
261 868 24
41 835 41
889 984 984
95 605 180
384 699 796
146 330 611
340 774 774
164 426 901
205 505 205
832 872 11
262 656 82
369 384 90
166 986 403
167 791 89
13 950 744
108 297 933
117 649 649
623 904 903
312 640 965
544 648 648
11 334 960
140 954 954
335 686 843
52 398 1001
561 918 24
426 994 901
299 661 661
100 958 100
26 334 960
742 894 894
114 172 114
816 1016 1016
154 800 800
702 830 830
67 602 995
78 796 796
483 841 616
101 893 316
237 893 316
519 955 634
48 743 1007
336 821 427
187 886 886
452 747 506
751 1010 707
349 987 150
684 1011 684
437 632 437
606 640 728
225 497 497
362 622 769
482 768 768
251 436 694
63 676 63
114 612 114
434 585 911
233 895 272
494 835 835
660 690 221
59 506 506
425 509 610
401 833 289
616 630 289
354 866 589
81 916 855
455 847 275
559 648 648
71 936 238
430 880 430
490 810 774
649 765 649
105 378 105
442 667 868
353 823 529
30 633 736
518 882 518
435 506 506
351 542 816
92 687 389
174 255 272
225 303 655
132 483 430
295 495 295
780 801 297
39 291 768
93 994 93
375 754 326
385 778 246
70 632 70
708 834 684
309 709 509
574 857 1007
345 1010 345
68 303 655
188 397 511
520 706 478
135 492 697
348 957 957
304 338 338
334 643 960
250 345 345
750 851 254
107 170 170
12 53 1016
786 835 835
258 909 864
17 792 321
136 445 670
850 869 511
319 529 529
184 964 964
229 476 476
275 618 275
17 972 566
68 92 825
644 766 737
117 550 550
608 1001 550
708 931 931
256 508 316
409 816 409
139 201 189
512 534 642
88 832 11
26 476 476
315 656 82
632 1008 647
874 929 93
53 598 798
441 947 1
403 618 403
461 512 815
1 200 1
455 957 957
101 950 744
58 553 553
282 317 502
606 680 728
562 649 649
568 786 728
93 284 105
176 821 176
30 463 736
689 1007 1007
298 979 391
43 895 43
62 912 316
142 565 804
320 549 919
797 903 903
275 714 275
267 368 616
586 632 586
337 637 10
638 738 638
537 828 670
143 810 143
172 841 784
924 930 254
240 422 968
270 785 581
589 870 352
710 784 784
46 468 297
255 287 503
367 380 649
100 313 313
270 453 238
326 816 816
167 796 89
7 997 344
61 315 251
634 990 886
219 637 975
129 591 684
229 705 555
432 806 41
545 966 1013
325 595 393
143 694 143
114 689 114
293 547 960
85 384 90
706 1008 478
1 221 1
199 742 199
320 453 223
127 221 221
829 912 316
143 456 143
308 737 737
338 552 886
5 738 539
73 873 873
1 254 1
488 898 694
43 796 43
317 923 502
524 966 1007
778 791 600
446 942 587
694 931 694
172 205 784
583 785 583
189 568 189
703 818 472
924 1008 254
571 984 984
294 669 639
322 794 794
295 691 295
353 724 675
639 949 639
502 670 670
734 1023 734
482 893 316
628 1002 1002
205 603 205
436 890 694
483 718 97
366 371 876
659 937 628
19 960 960
18 837 539
52 668 63
844 898 539
71 133 932
567 860 779
102 886 886
69 782 114
258 339 864
565 885 288
261 814 24
637 678 894
491 790 491
528 530 430
168 863 684
385 668 385
551 559 592
288 775 288
427 924 254
43 638 43
681 850 511
609 677 205
41 430 430
188 1007 1007
222 984 984
215 621 661
112 427 325
83 339 873
82 290 43
472 759 472
631 826 826
320 779 779
124 476 550
264 289 1014
61 618 251
290 445 43
101 420 11
231 586 10
403 897 403
651 1020 1020
133 903 903
89 944 114
781 894 894
72 877 409
465 531 491
387 927 506
262 751 821
756 795 756
501 666 957
835 877 409
86 828 988
471 690 587
5 235 1020
580 871 430
81 309 501
79 698 698
160 577 401
834 889 684
212 751 357
239 846 647
283 388 345
168 826 130
122 985 908
189 536 189
90 888 928
273 590 472
193 939 313
493 639 639
184 212 329
229 534 380
366 494 540
612 655 655
57 770 594
41 781 41
766 845 737
330 950 744
184 670 670
574 935 907
60 682 105
575 585 911
734 931 931
565 669 639
751 754 326
506 999 506
835 980 835
499 873 762
325 912 316
237 650 856
417 636 992
253 715 478
117 519 830
932 945 529
317 835 835
382 800 800
87 673 814
77 229 77
453 682 508
160 310 540
73 598 73
155 164 479
437 838 437
392 524 1007
570 661 661
866 984 984
795 981 827
50 568 728
75 525 525
64 440 908
363 370 125
36 673 814
51 463 583
325 597 928
984 1000 984
375 407 628
129 873 873
602 800 800
455 538 533
68 429 825
139 520 468
296 577 401
134 399 130
462 955 462
844 861 73
218 469 798
169 297 297
602 892 995
238 668 380
151 294 385
196 717 768
145 862 762
269 917 82
352 909 352
276 393 78
449 762 762
59 584 956
176 884 1014
309 808 929
365 455 533
440 517 908
479 514 479
67 266 521
453 552 886
427 478 478
430 528 430
753 784 784
673 897 814
120 840 525
637 773 894
44 526 89
555 689 908
26 532 648
425 685 610
253 795 238
422 901 901
65 163 1013
341 1013 1013
198 706 105
97 568 728
351 981 827
147 304 558
197 391 391
168 827 130
644 758 481
895 931 931
195 227 661
345 382 345
492 932 932
286 868 868
405 710 1002
229 238 380
642 731 102
331 673 814
181 189 189
626 720 171
251 300 251
131 792 1
353 456 456
694 769 694
82 420 82
239 315 73
140 393 140
234 932 661
497 590 472
205 477 205
174 574 272
725 818 869
638 754 638
640 855 855
168 933 933
453 803 859
251 1022 251
501 575 308
183 563 835
119 923 401
493 611 611
482 896 992
537 838 670
114 920 114
417 605 992
469 938 4
338 868 338
221 559 221
661 727 661
11 62 11
443 772 125
843 952 911
175 678 876
529 909 529
630 980 289
10 947 1
14 872 553
191 679 711
633 825 825
184 935 329
262 1007 1007
700 772 136
212 232 357
284 876 105
559 996 996
600 665 600
289 701 289
206 826 338
506 738 506
471 600 600
214 735 599
190 919 919
813 998 697
585 641 854
379 601 199
642 906 592
826 951 826
133 688 677
246 565 246
53 442 929
93 679 758
737 749 737
447 902 859
488 783 694
226 768 768
154 406 835
51 91 583
362 826 769
1 586 1
36 790 777
281 858 1014
58 125 125
357 911 911
27 700 835
1 761 1
67 981 827
208 354 589
73 656 82
74 160 357
89 577 89
31 435 454
90 501 90
523 728 956
269 280 82
182 788 886
824 1021 59
33 239 996
106 159 825
960 994 960
334 352 352
719 1022 815
468 975 975
45 632 647
218 434 798
340 839 744
155 575 479
381 665 919
152 214 599
635 687 113
272 666 272
111 328 518
74 203 299
506 1024 506
660 961 389
114 231 114
433 491 300
220 613 481
78 96 599
131 459 1
209 725 208
199 401 199
115 144 525
296 879 140
739 757 816
537 833 670
782 874 968
287 880 654
224 956 956
304 641 854
773 837 476
430 972 430
280 596 596
265 266 521
503 897 497
42 268 42
327 828 327
68 796 796
122 770 908
686 778 246
373 988 988
288 693 288
329 530 329
638 973 638
237 860 856
89 417 89
236 385 295
89 298 89
612 911 911
907 1011 907
199 448 199
163 709 509
216 361 856
364 1000 654
67 351 647
216 225 982
268 682 268
391 853 189
475 1023 475
276 534 78
654 817 654
503 844 503
469 673 814
365 815 815
307 898 539
223 588 24
17 295 295
335 810 463
83 575 873
626 1023 385
739 1016 1016
303 495 655
466 908 908
71 790 255
353 594 594
153 902 221
358 956 956
506 988 506
202 774 774
502 999 502
444 500 509
216 411 980
45 67 647
508 568 728
113 542 816
153 211 221
159 754 326
696 759 268
540 1018 369
420 436 694
83 894 873
91 730 855
1 78 1
22 899 59
42 992 992
476 566 566
219 993 975
143 803 143
282 361 856
662 859 859
411 760 479
189 589 189
161 1004 475
585 971 1001
799 951 951
89 612 89
438 600 600
143 313 143
795 866 866
282 853 189
293 776 589
424 742 114
300 918 300
101 511 511
384 816 816
459 716 677
301 350 968
629 1010 707
184 550 550
109 552 886
638 839 744
189 372 189
94 811 558
492 647 697
65 360 1013
214 706 599
547 796 796
312 650 965
37 87 100
50 177 905
471 578 587
329 772 329
776 796 796
177 251 251
4 647 4
430 492 430
233 1024 855
401 736 736
774 1001 774
241 996 996
353 919 919
403 629 403
298 583 583
361 661 661
495 706 814
116 380 951
214 319 599
57 323 594
640 706 478
73 1010 73
143 182 143
234 593 661
157 222 901
648 706 648
634 820 456
259 900 638
147 334 558
133 909 586
621 998 826
70 343 649
639 668 639
649 859 649
481 680 481
592 772 592
631 714 866
693 859 859
430 440 430
392 513 10
313 332 313
224 436 694
396 931 931
376 604 614
316 395 316
598 937 937
363 367 649
208 411 208
220 471 587
534 924 254
508 882 503
550 1023 550
261 557 403
24 517 517
536 968 800
143 769 143
177 801 326
13 547 13
695 747 506
325 446 431
152 984 984
668 755 698
549 660 919
50 448 905
25 596 89
114 420 114
87 712 491
679 994 758
361 539 539
198 266 105
305 530 956
455 805 42
87 832 11
926 964 964
191 378 1013
6 854 854
224 903 289
216 891 891
603 911 911
983 984 984
272 933 933
486 756 756
91 384 518
61 700 251
62 430 430
597 961 928
216 226 113
76 854 854
152 921 794
831 1007 1007
481 802 550
362 769 769
550 1016 550
258 921 794
321 690 221
166 220 403
87 563 835
248 904 903
165 774 774
236 841 295
506 692 506
886 954 954
64 949 636
27 859 859
350 705 968
743 748 1007
437 933 437
19 205 205
244 464 975
135 748 975
272 353 272
19 41 41
50 476 905
54 646 634
631 656 82
871 941 830
409 510 409
257 861 288
252 426 901
462 841 462
673 919 919
208 610 208
572 941 931
110 952 911
838 894 587
638 734 638
497 984 984
438 589 41
566 834 684
501 710 1002
644 899 481
588 1018 24
78 688 78
472 989 472
269 542 82
707 909 586
67 587 587
477 845 477
199 297 297
498 678 476
476 738 905
349 716 150
527 543 403
266 886 886
696 855 855
67 416 454
202 925 136
41 489 41
251 597 928
228 511 511
87 455 533
65 694 694
217 368 615
517 738 517
151 174 272
258 493 502
84 309 675
609 785 205
120 774 774
512 541 642
797 907 957
331 800 800
98 409 409
766 830 737
495 596 814
666 852 143
391 420 391
149 477 477
88 371 876
163 812 462
132 844 430
690 872 221
253 979 980
910 994 223
378 426 901
29 227 661
78 844 78
220 273 308
656 702 957
430 1017 430
560 639 639
429 994 135
800 827 800
323 636 636
95 509 180
358 967 221
285 427 373
72 342 63
157 727 984
794 922 794
121 247 456
26 122 908
828 848 327
169 434 734
331 821 733
130 951 130
687 934 864
286 761 854
124 1006 550
164 548 70
321 753 321
513 596 733
463 588 24
296 671 13
886 982 886
120 531 728
10 993 10
203 698 698
223 964 964
46 249 297
62 150 150
53 946 869
736 745 736
354 661 661
636 843 636
401 471 587
300 421 300
146 833 289
11 429 11
297 634 297
31 951 951
329 527 329
199 736 199
495 587 587
274 936 517
673 941 830
827 967 611
416 585 911
17 586 586
140 809 140
619 963 345
280 716 677
143 499 143
587 779 587
172 854 854
41 780 41
319 658 393
297 979 297
206 475 475
430 876 430
608 860 550
232 904 903
414 956 956
580 642 430
536 964 800
343 928 928
249 808 297
601 607 299
719 968 815
299 399 299
304 561 586
114 841 114
936 1019 827
477 879 477
523 935 956
650 907 907
785 822 581
331 825 825
78 505 78
425 839 744
12 356 901
203 727 984
197 289 289
9 578 9
263 738 583
456 650 456
788 795 980
183 196 78
233 459 614
760 947 1
403 463 403
529 695 288
355 923 355
645 798 517
291 377 864
737 1007 1007
232 757 816
665 756 756
395 943 648
359 712 491
52 733 63
95 887 911
135 175 596
204 990 886
407 906 592
876 955 876
489 687 275
375 600 600
268 402 268
435 735 826
20 747 506
184 690 329
543 638 638
670 716 670
110 343 649
835 916 835
650 705 555
310 378 1013
558 788 558
189 283 189
178 226 29
605 652 140
112 606 728
160 830 830
271 723 143
316 620 316
304 902 107
926 1008 796
177 265 742
477 716 477
479 641 854
155 857 1007
473 581 581
253 561 223
299 446 299
125 324 636
807 897 996
421 638 638
771 965 810
296 302 804
427 714 97
774 876 774
39 856 856
89 910 89
41 803 41
50 491 491
631 722 866
832 992 992
566 851 511
171 339 171
210 659 677
159 587 587
369 975 975
316 614 316
220 864 864
296 386 482
217 697 697
189 515 189
180 672 180
69 866 114
304 583 583
116 932 951
320 815 815
218 855 855
383 819 476
286 805 42
169 216 734
456 702 456
274 323 581
249 872 297
150 390 150
583 928 928
770 940 940
287 686 843
144 416 454
659 712 491
194 634 634
574 592 592
114 899 114
79 370 313
637 903 894
84 390 675
590 1010 472
384 1007 1007
179 600 600
500 685 93
390 444 657
556 795 804
543 548 403
345 833 345
324 638 638
156 905 905
423 798 774
459 788 614
661 962 661
418 519 502
206 251 251
495 1012 794
15 729 529
741 924 254
226 907 907
28 62 984
406 919 768
736 961 736
29 1012 29
218 396 553
15 811 391
213 534 93
60 860 105
186 409 409
254 410 254
639 646 639
165 748 975
227 777 661
819 991 476
582 893 316
697 999 794
254 638 254
86 698 988
109 649 649
644 815 481
107 229 107
224 696 289
63 178 29
530 640 891
90 364 654
199 512 199
254 897 254
690 800 800
310 638 638
77 252 77
217 255 612
347 644 268
38 538 427
70 223 70
273 1002 1002
378 779 1013
10 372 10
738 796 796
75 143 143
280 611 611
254 346 254
570 983 996
53 714 97
136 470 136
326 497 326
590 747 506
71 232 729
272 1021 272
958 998 798
214 599 599
60 89 89
722 902 107
174 315 272
358 418 221
694 890 694
470 515 940
497 1018 369
882 903 903
201 780 297
340 1015 954
427 668 427
614 644 614
366 456 456
610 894 894
141 320 344
309 682 501
820 821 456
37 775 100
845 871 642
203 770 299
78 942 587
215 686 661
605 679 758
316 780 316
512 981 642
511 826 511
50 451 409
599 843 599
682 778 246
185 289 289
925 960 960
183 184 78
432 856 41
408 745 479
396 412 553
851 986 511
310 954 954
90 984 984
752 799 314
219 410 437
403 425 403
251 646 251
468 506 506
101 509 809
397 990 886
407 559 592
614 740 614
354 600 600
278 505 477
945 1024 855
110 361 63
640 776 589
10 741 10
106 561 825
539 648 648
844 951 951
599 922 599
320 373 373
209 426 901
273 559 308
769 963 769
691 996 996
606 1001 1001
240 500 291
320 718 97
639 696 639
707 723 143
50 350 905
175 483 596
492 1015 954
18 437 437
16 36 345
640 1007 1007
463 491 491
630 650 289
107 688 677
77 143 143
409 600 409
136 411 136
209 434 208
559 901 901
305 783 956
450 497 636
324 744 744
30 554 456
267 937 937
41 254 254
563 761 854
13 462 462
677 977 677
353 678 876
325 837 476
175 754 326
853 1021 189
189 707 189
66 961 657
159 453 159
558 663 558
430 701 430
606 647 728
107 800 800
504 533 594
616 990 886
79 404 737
213 698 698
576 891 675
204 722 314
22 214 599
446 785 581
636 816 636
920 970 907
360 871 401
68 464 903
37 934 864
241 661 661
550 571 550
114 940 114
704 741 517
198 682 105
639 649 649
151 488 694
661 975 661
67 89 89
565 823 529
205 584 956
128 812 462
625 901 338
778 790 246
24 562 472
376 500 291
58 646 758
74 1009 199
98 123 1016
145 346 762
161 548 170
401 757 816
320 984 984
35 765 583
264 1014 1014
607 654 654
127 987 555
167 904 89
61 229 251
47 113 964
704 705 866
160 764 965
776 908 908
689 930 908
483 1012 794
277 352 352
354 578 589
466 766 737
583 646 583
879 1014 1014
9 744 744
207 391 649
157 714 97
565 811 391
315 362 769
665 924 254
629 652 140
361 589 589
738 904 905
131 178 1
20 889 639
206 689 908
196 649 649
412 644 321
635 752 113
480 611 931
229 464 903
309 654 654
545 751 733
431 652 140
312 560 796
587 796 796
376 992 992
154 289 835
295 607 295
97 350 97
334 814 960
623 848 756
796 921 796
203 775 299
639 746 639
576 686 843
475 850 511
193 707 313
561 623 756
171 386 171
10 379 10
71 454 454
18 41 41
185 1015 954
112 458 107
100 879 140
368 870 352
40 936 774
322 966 1013
372 439 521
13 216 13
964 972 964
160 631 866
339 548 70
287 919 919
504 1024 594
529 750 254
41 811 41
107 472 472
551 704 90
457 711 756
409 859 409
696 776 589
473 532 648
177 205 205
37 701 616
123 353 1016
854 941 854
58 174 272
209 420 208
98 904 903
169 638 638
589 984 984
227 475 661
470 793 1
18 256 316
539 549 539
545 816 816
693 985 815
308 970 308
965 978 965
537 729 670
142 704 804
352 589 352
66 978 23
327 494 327
37 666 957
665 777 509
247 320 610
208 919 208
963 1004 345
109 390 866
242 519 43
775 941 830
384 982 90
186 587 587
626 819 476
230 755 698
13 492 13
486 762 762
545 596 733
938 950 744
729 985 159
489 650 275
538 765 583
287 709 503
733 961 733
319 731 393
205 531 205
458 672 107
520 556 804
665 751 509
574 930 995
619 724 125
455 920 907
106 522 995
322 453 596
244 861 975
273 325 308
485 859 859
36 575 308
188 895 511
13 855 855
187 364 654
398 635 1001
314 946 869
21 268 268
439 550 550
312 800 800
501 555 555
742 952 911
787 933 933
362 515 769
490 799 774
576 925 136
758 960 960
713 721 940
470 982 171
349 945 150
494 918 24
216 366 380
49 737 737
48 806 694
694 803 694
354 859 859
645 830 830
259 968 638
676 963 345
454 970 932
844 917 711
34 671 42
549 908 908
277 609 205
507 633 758
800 1011 800
106 330 592
582 775 11
362 590 769
854 871 854
55 900 737
534 792 321
528 573 430
138 232 468
47 55 737
294 456 456
361 617 553
150 930 150
683 733 344
670 964 964
14 403 403
562 653 472
251 807 251
221 903 221
137 834 684
62 253 383
432 1013 41
913 1018 558
534 671 13
307 646 463
187 602 995
320 901 901
318 827 928
444 904 903
490 600 600
562 900 472
218 442 798
118 728 728
290 553 43
114 1017 114
635 700 100
29 620 29
531 1006 873
584 660 956
349 601 150
273 670 670
853 908 908
260 566 566
762 930 762
415 477 784
763 956 956
558 867 205
107 247 107
620 854 854
338 922 338
221 688 221
716 771 677
684 854 854
488 530 694
187 1019 586
191 266 521
433 601 300
644 1002 1002
115 485 525
86 171 988
80 919 919
328 393 518
525 1024 525
649 909 649
9 601 9
855 1024 855
427 682 427
80 514 1002
193 616 616
476 571 594
382 769 769
68 660 825
342 694 694
229 1002 1002
372 623 756
295 622 784
310 635 540
502 838 587
524 573 1007
38 352 352
318 650 928
287 418 502
581 721 581
62 494 540
2 769 769
812 857 1007
285 657 373
425 521 521
45 981 827
316 536 316
522 669 639
564 845 642
633 998 758
24 565 24
167 571 89
125 549 125
491 780 297
38 508 427
414 968 327
255 998 135
197 869 742
586 690 221
561 782 968
743 836 1007
614 760 479
290 455 43
420 730 855
124 362 769
527 533 42
561 637 894
265 704 742
60 848 105
269 482 82
320 909 586
386 685 93
146 262 611
512 775 642
456 694 694
631 732 295
297 506 506
53 547 615
420 661 661
801 929 326
203 849 321
444 682 509
152 248 816
319 545 393
337 738 10
206 604 338
400 408 1020
567 946 497
91 797 518
459 851 511
548 1005 176
490 819 774
45 935 827
15 209 529
712 798 491
74 385 357
196 345 345
43 506 506
431 608 550
175 381 919
13 461 815
297 324 297
260 383 208
873 917 873
346 863 150
983 1010 996
176 271 176
441 725 70
66 194 325
610 970 610
475 596 475
190 935 77
217 948 964
572 807 996
69 296 114
558 652 558
112 617 553
312 978 965
592 784 784
33 639 639
600 724 600
105 108 933
208 237 856
150 238 150
30 220 736
63 742 63
207 992 649
220 944 114
72 406 63
684 690 684
288 578 288
366 472 472
288 661 661
91 105 105
648 969 648
525 526 525
122 808 908
127 442 555
431 834 684
165 592 592
204 801 326
520 798 798
288 487 288
34 504 594
378 648 648
202 289 289
114 796 114
864 957 864
154 385 835
68 915 825
30 65 736
709 844 509
237 492 856
409 699 409
464 566 566
191 611 611
101 550 550
159 495 814
259 594 594
400 539 1020
664 1001 1001
244 591 975
170 287 170
269 728 728
988 1002 1002
982 1016 1016
679 778 246
549 711 711
24 1011 24
452 485 614
559 638 638
246 325 246
348 821 100
154 426 835
271 988 988
417 680 992
71 351 501
209 909 208
217 490 774
160 271 654
579 803 859
749 1003 352
145 700 762
127 209 208
206 703 472
509 520 509
99 520 491
727 996 984
504 947 1
105 579 105
134 812 462
8 835 835
567 801 326
598 818 869
155 426 479
495 650 814
330 778 592
291 788 980
458 673 107
376 914 291
20 107 639
585 638 638
460 488 694
330 813 592
284 550 550
202 876 876
105 992 992
786 990 886
494 863 684
37 734 734
446 553 553
69 854 854
590 947 1
58 100 100
452 805 42
325 956 956
710 932 1002
5 991 539
908 939 908
535 977 931
806 880 654
67 986 647
348 698 698
491 581 581
70 668 70
752 999 794
359 413 251
370 399 4
313 996 996
82 640 82
926 928 928
683 770 344
70 893 316
57 790 594
574 887 911
213 903 903
395 835 835
223 636 636
136 435 136
250 495 272
154 590 472
785 803 859
539 848 539
28 127 984
603 869 711
63 815 63
63 696 63
603 781 711
600 950 600
445 800 800
336 647 427
161 296 170
109 501 866
380 770 385
105 585 105
180 835 835
194 545 733
728 747 506
283 644 345
210 648 648
753 847 275
595 911 911
794 1004 475
259 535 931
218 661 661
469 697 697
719 931 931
400 517 1020
914 915 291
775 843 843
411 635 980
447 650 859
249 496 297
66 715 478
368 805 42
485 982 614
1007 1023 1007
390 410 437
169 721 171
262 287 503
313 600 600
919 979 919
279 854 854
636 866 636
301 551 90
330 446 592
908 1014 908
64 518 581
138 230 919
415 938 784
277 815 742
282 730 855
216 744 744
6 132 430
725 1021 59
385 679 385
390 697 697
406 931 931
236 311 41
131 521 1
104 607 299
122 490 908
248 479 479
46 814 297
691 835 835
289 762 762
729 908 908
690 728 728
10 148 10
24 1013 24
694 1003 694
216 626 385
251 413 251
95 769 769
501 901 901
225 745 734
85 132 430
538 682 508
516 719 308
403 435 403
489 836 800
63 330 63
188 769 769
762 1009 762
816 859 859
514 680 1002
300 345 345
294 934 864
142 525 525
400 667 1020
542 709 816
454 742 742
267 375 616
267 426 901
195 564 427
66 281 657
248 788 980
326 812 462
448 492 697
890 932 964
278 550 550
201 451 409
318 332 928
476 557 403
160 511 511
299 885 288
760 829 479
95 648 648
190 412 321
373 886 886
626 900 1016
4 712 491
611 996 996
250 770 272
382 545 638
694 832 694
329 940 940
352 784 352
632 842 670
85 355 355
527 848 42
291 299 299
293 521 521
57 146 594
10 141 10
294 500 385
470 1015 954
326 457 756
590 611 472
360 411 401
464 770 903
64 264 1014
409 963 409
366 394 90
36 913 558
119 302 401
68 540 825
230 674 355
179 488 694
508 806 876
412 859 859
541 981 827
215 908 908
742 809 742
64 908 908
735 864 864
211 822 136
258 379 199
915 1008 508
588 972 566
502 628 502
564 824 894
614 936 614
150 882 150
136 824 136
726 986 300
669 784 639
651 762 762
111 432 41
247 828 327
108 605 933
252 434 869
43 106 43
632 772 136
320 840 525
75 742 525
351 808 929
335 592 592
511 925 511
24 1002 1002
568 933 933
606 838 587
423 690 774
38 73 73
195 725 427
276 835 835
14 923 553
98 799 937
139 739 393
376 784 784
457 826 756
569 595 251
459 829 655
387 389 506
89 784 89
193 955 313
172 330 784
114 831 114
392 464 10
343 437 437
477 941 477
214 525 525
32 127 254
107 446 107
911 967 911
230 238 919
147 600 600
555 998 135
94 163 558
624 1019 180
353 677 677
665 808 509
45 517 517
453 813 697
115 535 525
51 258 583
8 705 462
306 661 661
78 470 78
713 927 940
128 772 136
104 452 868
374 1018 150
750 825 254
193 706 313
444 634 634
20 638 639
567 750 254
74 786 960
555 595 393
235 870 352
160 628 628
33 387 506
406 455 768
174 870 352
580 851 430
221 683 221
864 911 911
63 675 63
91 572 931
312 332 326
92 888 928
306 811 477
440 504 908
362 659 769
139 969 468
360 446 401
152 882 816
143 761 143
252 911 911
597 1016 928
162 269 566
297 340 297
704 911 911
632 759 843
782 1016 1016
679 844 758
172 639 639
757 971 1001
437 447 437
256 267 316
345 440 908
368 412 321
78 1017 78
635 888 928
308 781 308
317 640 502
69 118 114
396 585 911
44 521 521
92 915 657
899 934 864
323 1005 176
133 858 1014
664 956 956
218 513 798
254 365 254
340 508 937
162 940 940
392 1014 1014
429 1016 1016
218 482 482
838 854 854
919 996 996
166 482 403
137 614 275
441 538 70
405 964 964
85 374 150
180 295 295
362 734 769
594 935 594
166 186 403
265 994 742
831 885 437
103 426 984
695 900 288
390 694 694
172 506 506
71 768 768
349 472 472
547 690 221
325 958 798
61 649 649
618 867 205
972 985 566
92 195 427
68 115 525
647 801 326
4 266 521
474 610 810
44 808 130
172 971 784
31 599 599
119 1020 1020
146 542 611
293 788 960
357 866 357
520 690 221
795 865 600
373 891 373
30 1006 873
271 714 654
502 613 502
32 777 254
78 507 78
211 902 894
471 830 587
352 450 352
352 906 352
417 976 992
400 969 1020
60 496 800
382 453 638
357 1022 357
152 787 78
672 727 984
106 150 150
416 558 558
170 549 170
351 995 995
354 898 589
270 882 503
540 715 540
798 1003 951
291 795 777
204 366 314
815 901 901
78 493 78
311 457 41
294 722 385
151 994 454
312 758 965
215 407 661
330 608 550
22 764 59
44 736 736
691 960 960
409 926 409
407 795 628
105 471 587
58 512 758
237 663 856
664 980 1001
619 951 125
492 699 796
74 935 357
60 333 105
388 479 479
539 795 539
501 871 507
189 472 189
236 541 295
200 911 933
41 928 928
246 915 246
133 148 903
58 738 905
607 1012 794
95 744 744
40 121 774
194 469 325
351 752 982
553 841 553
15 760 479
388 922 521
496 608 550
251 931 251
388 915 521
97 279 176
455 640 533
138 605 468
179 596 954
485 984 984
343 413 649
110 1018 63
116 516 308
41 964 41
67 157 97
702 942 587
150 272 150
515 531 940
308 768 308
23 473 373
137 766 737
337 928 928
702 786 960
78 752 78
682 1008 508
77 147 558
227 937 661
232 745 734
661 865 661
168 295 295
42 812 42
9 544 9
242 587 43
492 882 697
475 1006 475
738 1001 1001
1014 1020 1014
6 185 437
1 854 1
666 925 136
775 805 42
498 927 476
294 547 385
193 1016 1016
712 958 491
632 699 796
239 661 661
3 630 638
353 843 843
781 921 794
120 801 728
25 660 89
274 839 744
387 976 506
742 796 796
561 650 223
349 613 150
338 906 338
29 460 29
853 894 189
725 997 344
311 928 928
322 591 566
439 771 521
11 518 518
529 1011 529
566 873 873
79 533 313
513 876 876
809 824 894
444 645 517
132 453 430
32 108 254
775 885 288
507 528 430
112 157 97
325 555 325
859 954 859
279 473 176
452 795 707
323 340 581
44 814 130
804 919 919
585 814 911
75 288 525
111 172 784
338 339 338
395 623 355
581 1013 581
146 1020 1020
89 854 854
148 237 903
541 751 640
319 763 176
133 442 932
24 161 170
231 501 10
363 1018 125
275 1000 275
150 786 150
133 267 616
300 612 300
68 792 321
374 834 150
150 454 150
144 710 1002
238 304 586
390 977 809
800 972 800
106 324 636
45 501 507
295 954 954
272 860 272
189 649 649
137 512 275
557 664 403
81 281 255
175 709 596
338 652 338
694 754 694
110 919 63
39 707 768
636 884 1014
383 453 383
90 944 114
211 1007 1007
589 952 589
92 351 657
2 337 10
503 933 933
9 755 9
437 763 437
246 474 246
311 769 769
365 985 159
341 510 208
640 975 975
489 920 275
491 868 491
226 910 113
719 910 815
547 872 642
97 98 937
209 290 43
420 995 995
364 897 654
196 307 463
69 775 114
139 575 308
455 830 830
128 947 1
186 674 355
836 837 800
813 914 697
479 870 352
334 349 150
47 450 964
208 474 208
134 373 373
740 797 957
96 951 599
420 503 11
596 1000 734
298 755 698
598 880 654
651 812 477
819 922 476
309 536 800
454 1017 810
741 885 288
258 504 594
118 571 594
469 479 479
28 903 984
739 967 611
522 723 143
111 950 744
127 777 555
157 251 251
736 800 800
956 996 956
82 143 143
692 984 984
289 903 289
277 835 835
270 534 238
100 936 100
715 797 957
725 876 876
79 668 313
456 600 600
466 649 649
193 585 911
1 950 1
344 1018 344
775 979 980
331 631 866
216 309 380
190 825 825
160 499 762
36 504 594
163 232 729
397 491 329
459 981 614
231 392 10
185 856 988
101 994 809
693 809 815
227 525 525
1 438 1
49 773 736
643 737 737
89 673 89
163 244 975
545 896 992
89 845 89
301 674 355
262 746 988
648 845 648
380 692 189
64 288 288
564 597 928
288 948 964
158 753 1020
177 202 102
333 477 477
136 326 136
217 239 647
210 851 511
315 848 73
16 157 345
83 727 984
117 414 830
199 987 199
125 480 931
496 669 639
821 987 993
788 910 980
550 631 550
358 773 221
336 870 352
109 238 866
117 924 254
399 608 550
4 969 4
146 292 769
743 850 1007
494 829 655
182 532 648
678 920 876
888 959 928
116 978 951
246 790 246
15 771 529
232 415 784
527 984 984
477 580 430
297 589 297
124 429 550
988 995 988
736 905 905
57 234 661
27 115 525
486 860 779
373 626 373
281 808 929
380 932 932
513 897 497
834 878 684
84 707 675
210 446 677
68 171 171
157 922 369
518 940 940
209 873 873
366 468 468
211 394 894
434 1020 1020
56 140 648
125 501 125
541 677 677
112 708 369
278 361 856
240 1022 4
107 311 41
448 580 430
380 512 642
411 1017 810
420 788 11
835 1003 835
608 690 550
482 775 482
598 760 479
620 818 9
479 722 479
348 800 800
88 355 355
843 923 843
397 470 329
192 1021 954
773 873 873
643 721 171
247 421 107
398 715 1001
547 846 615
677 1016 677
582 764 11
371 594 594
345 686 345
58 715 758
276 1002 1002
289 428 289
143 235 143
39 797 957
573 854 854
123 400 1020
554 870 352
189 542 189
453 511 511
408 613 479
5 329 329
717 835 835
56 220 648
118 857 1007
14 25 89
461 939 815
579 723 143
144 219 975
554 760 479
473 995 995
884 928 928
469 869 869
479 895 479
135 475 475
639 789 639
255 296 482
677 821 677
897 933 933
437 564 437
89 307 89
219 907 975
463 505 477
123 512 1016
473 509 373
605 660 389
657 983 996
419 449 143
401 780 297
235 430 430
14 23 553
374 802 550
859 997 859
280 483 503
269 799 82
172 708 784
208 758 208
53 846 821
16 333 345
376 915 291
356 987 901
416 579 610
473 822 136
223 794 794
387 588 506
697 897 497
409 661 661
647 937 937
124 631 550
198 817 105
34 558 558
570 877 409
582 631 11
53 275 275
228 670 670
357 926 796
31 547 454
640 765 583
191 200 933
229 310 540
256 855 316
143 744 143
825 964 964
409 908 908
188 325 511
452 892 628
160 808 986
233 982 856
439 455 521
113 589 589
345 668 345
82 275 275
671 882 13
592 954 954
350 631 866
429 749 352
444 970 932
327 564 327
98 797 957
43 690 43
80 322 383
339 654 654
519 843 843
330 737 737
585 639 639
10 251 10
281 668 380
91 232 518
92 873 873
588 909 24
265 765 583
784 956 784
326 368 326
694 779 694
475 576 475
372 551 295
399 758 4
689 850 908
425 604 614
223 733 733
152 928 928
3 478 638
308 428 308
385 595 393
765 869 583
1 39 1
627 746 988
679 720 171
509 542 816
165 507 70
328 980 518
823 966 529
419 749 143
60 357 105
708 846 369
194 363 125
70 110 63
511 902 511
278 856 856
16 708 345
297 462 297
275 744 744
481 879 481
143 285 143
702 860 957
378 668 1013
82 470 171
422 793 1
138 1002 1002
403 1020 1020
476 603 476
341 559 592
464 547 903
595 614 614
33 163 996
25 89 89
200 507 933
683 1015 954
636 695 288
237 259 638
361 739 856
171 468 171
41 470 41
1 957 1
633 923 758
472 897 472
77 598 77
186 366 756
58 634 758
486 709 23
326 564 326
102 872 102
461 663 357
353 560 796
342 844 564
828 871 327
11 36 11
116 924 254
540 670 670
302 772 136
228 721 940
671 765 583
297 519 297
621 823 529
525 727 525
329 519 329
493 550 550
504 769 769
18 1017 539
110 466 762
506 924 254
218 538 798
193 544 873
143 857 143
97 524 1007
757 933 933
52 758 63
124 194 550
281 288 288
849 940 940
304 637 894
135 353 431
492 531 491
194 740 891
661 699 661
193 675 313
41 392 41
67 147 558
4 11 11
103 222 984
181 592 9
28 995 984
413 639 639
469 674 355
299 647 299
649 814 649
66 944 114
564 961 564
51 551 583
105 554 105
228 980 940
206 590 472
219 981 975
78 923 78
710 919 1002
514 764 1002
268 739 268
324 770 636
292 694 694
121 704 456
430 771 430
741 836 800
342 365 135
96 770 599
305 430 430
29 1004 29
106 141 344
569 992 251
434 660 634
631 849 321
189 809 189
174 490 774
843 985 843
225 686 843
65 892 628
207 520 649
368 641 854
33 377 996
313 501 313
242 806 43
407 702 628
868 969 868
479 498 479
713 762 762
335 893 316
280 351 501
89 396 89
153 379 199
173 430 430
149 627 170
134 564 130
218 854 854
43 354 43
143 579 143
136 376 136
188 303 511
277 659 742
407 928 928
714 874 97
346 670 150
840 904 525
21 845 809
105 486 105
84 616 616
104 592 592
608 1016 550
110 411 63
263 440 908
612 813 697
124 266 550
690 942 587
375 657 814
412 638 638
180 491 491
223 633 758
370 868 868
272 814 272
397 635 329
254 750 254
143 871 143
256 283 316
417 603 992
224 403 403
66 226 113
26 970 779
167 601 89
527 807 996
641 655 854
448 730 855
536 574 800
768 970 768
108 698 933
168 714 130
878 893 316
751 931 931
399 533 4
441 462 70
124 705 550
147 1002 1002
76 633 9
674 908 908
475 757 475
429 964 964
253 757 816
150 388 150
1 108 1
805 818 42
90 393 393
19 581 581
1 1015 1
114 804 114
577 725 401
700 718 100
408 511 511
366 469 555
349 835 150
327 788 327
795 1008 777
564 923 325
537 839 744
827 962 589
226 692 189
78 462 78
7 194 77
78 909 78
360 878 59
768 833 289
422 973 13
115 387 525
429 524 1007
574 871 907
845 940 940
432 613 41
150 617 150
79 926 796
118 596 82
189 769 769
567 959 744
546 698 600
155 220 479
34 684 684
55 182 737
96 956 956
409 930 409
142 616 616
342 848 533
810 1014 1014
122 199 908
272 326 272
644 698 698
457 460 611
76 254 254
461 566 566
209 387 506
725 897 497
474 835 835
182 832 886
485 944 114
649 721 649
89 713 89
382 1014 1014
416 955 454
109 796 796
210 893 316
763 1014 1014
769 944 769
351 793 1
365 852 143
526 932 89
240 442 929
23 940 940
430 789 430
539 959 744
112 957 957
173 723 143
185 638 638
151 718 97
228 254 254
53 573 506
30 337 10
423 700 774
92 779 779
288 913 288
311 694 694
476 488 694
952 969 911
236 894 894
89 496 89
59 497 59
200 553 933
105 993 105
355 814 355
872 977 809
298 601 391
329 784 784
230 779 919
101 493 502
74 367 649
239 566 566
96 281 599
142 495 814
340 819 476
29 74 29
525 749 525
453 794 794
357 548 70
10 959 10
529 567 529
26 262 779
280 786 960
204 629 891
215 854 854
253 886 886
163 945 529
696 902 268
178 446 29
352 354 352
603 682 711
868 950 744
829 926 796
1 849 1
36 869 869
325 925 136
505 886 886
389 685 93
833 859 859
73 444 73
57 744 744
671 814 814
485 661 661
449 456 456
43 611 43
748 810 975
922 926 796
832 848 11
8 472 472
107 518 518
487 536 800
32 256 254
407 723 143
261 982 24
886 951 886
578 610 830
77 589 589
434 481 481
753 813 462
275 953 275
403 1008 403
73 280 73
361 722 856
527 969 42
298 975 975
389 729 729
3 801 638
85 795 826
435 452 707
159 194 159
888 921 928
49 513 736
125 686 125
227 506 506
420 589 589
35 725 329
804 897 804
315 413 251
150 823 150
41 156 41
690 956 956
311 1005 41
390 948 964
66 929 657
701 816 816
113 1007 1007
647 680 355
104 230 868
677 1002 1002
87 185 988
125 826 125
81 725 389
107 694 694
38 905 905
825 1023 825
98 736 736
255 429 135
396 607 553
88 696 268
386 564 729
184 555 329
172 252 784
123 585 911
58 253 758
270 442 238
827 951 951
457 656 756
151 705 454
353 937 937
222 922 901
542 804 816
208 777 208
90 553 553
218 386 798
116 145 762
108 733 933
83 538 873
661 669 661
75 463 525
260 673 208
277 492 742
149 541 170
780 896 297
344 906 344
605 873 873
181 251 251
726 779 300
236 1022 295
36 427 427
43 227 43
146 1004 475
170 888 928
189 760 189
210 862 338
108 488 694
581 658 581
589 975 589
366 907 907
29 700 29
519 799 314
787 936 78
25 38 89
353 526 89
886 1017 886
14 506 506
150 250 150
716 981 677
342 690 221
616 811 391
762 943 762
110 198 105
263 409 409
435 635 113
502 621 502
9 509 9
282 368 102
43 659 43
743 1007 1007
671 696 268
640 956 956
177 187 586
41 554 41
89 204 89
404 600 737
600 634 600
383 577 401
579 649 649
506 653 506
99 435 491
220 280 468
316 953 316
40 710 774
280 302 804
117 395 830
345 661 661
340 696 268
37 635 100
174 340 272
388 518 521
71 934 864
226 349 150
328 525 525
275 769 769
432 506 506
81 987 993
928 988 928
258 437 437
537 825 670
318 615 928
739 858 1014
432 908 908
650 750 254
252 414 327
396 472 472
150 338 150
553 794 794
460 783 1002
16 800 800
188 874 511
728 911 728
648 677 648
443 830 830
386 647 729
476 565 476
289 554 289
409 955 409
10 188 10
97 552 886
412 698 698
11 540 11
317 610 502
376 469 555
391 979 391
50 577 905
278 992 992
250 436 694
203 977 299
228 334 940
250 794 794
19 1013 655
473 796 796
594 730 594
468 683 344
798 988 988
476 910 476
372 553 553
519 564 478
42 873 873
320 507 223
540 758 758
272 763 176
913 952 911
220 309 468
475 684 475
525 791 525
814 902 107
256 932 316
59 588 59
385 462 462
54 612 615
640 850 511
387 644 506
105 938 105
151 758 758
484 638 638
156 408 479
133 614 614
335 849 321
879 1016 1016
418 803 859
430 534 430
491 819 491
522 525 525
816 995 995
864 973 864
112 149 170
199 208 199
320 470 171
575 873 873
275 309 275
658 1012 794
171 917 171
109 911 911
43 259 43
152 776 589
176 684 176
287 551 90
762 823 762
250 1013 272
31 809 454
71 914 291
779 904 903
370 552 886
602 751 995
472 996 472
78 664 78
136 933 933
235 630 1020
248 908 908
470 939 171
386 998 729
35 216 329
245 769 769
75 694 694
9 117 9
9 862 9
143 604 143
38 566 566
19 816 655
670 999 670
315 987 73
406 796 796
611 721 611
199 510 199
586 611 611
136 788 136
875 925 599
530 962 589
38 827 427
247 805 42
190 635 77
300 869 300
730 908 908
222 994 901
92 876 876
550 717 550
226 601 77
209 456 456
321 725 321
74 502 502
252 545 869
318 1007 1007
671 996 996
493 988 988
186 713 940
103 267 984
243 316 316
257 426 288
261 634 24
545 754 326
544 1021 873
357 964 964
581 635 581
554 950 744
771 852 143
327 839 744
435 740 891
320 965 965
594 811 594
748 910 975
94 695 288
561 605 223
366 725 389
460 461 611
349 550 550
681 956 956
464 722 903
533 805 42
166 657 403
572 956 956
29 354 29
419 728 143
527 1020 1020
399 988 988
127 665 555
513 697 697
331 507 733
226 957 957
187 723 143
860 1003 951
601 989 475
351 569 251
43 357 43
54 628 628
289 575 289
512 631 866
296 944 114
297 926 297
13 794 794
298 993 391
369 822 136
99 222 491
635 650 113
135 788 980
400 686 1020
290 582 43
79 736 736
51 704 583
773 993 825
397 609 205
329 663 329
375 841 616
24 45 24
77 167 89
784 904 784
519 568 728
566 793 1
122 238 908
179 401 954
65 113 1013
127 222 901
103 710 984
711 775 711
238 352 352
360 745 734
567 616 616
297 420 297
391 494 391
72 194 63
29 600 600
281 932 932
77 645 517
644 942 587
10 337 10
639 833 639
645 715 517
846 939 314
300 306 477
362 627 769
511 681 511
262 709 509
111 219 975
405 434 246
279 876 176
824 969 894
528 604 430
444 497 497
41 259 41
479 664 479
190 996 996
41 485 41
518 849 518
82 638 638
346 411 150
511 648 511
217 979 980
426 632 901
428 958 268
693 758 815
324 397 636
36 262 777
248 964 964
682 857 1007
99 600 600
393 670 670
217 717 612
339 701 616
621 654 654
315 588 24
381 657 919
21 509 809
422 673 814
116 248 951
300 654 300
931 938 931
195 995 995
553 908 908
783 784 784
130 182 886
229 688 677
541 634 634
550 637 550
358 490 774
928 984 928
765 774 774
370 957 957
155 345 345
67 709 647
157 301 97
190 332 326
442 978 23
333 788 170
165 506 506
741 744 744
435 751 564
114 523 114
418 741 502
406 777 768
422 929 968
673 968 814
463 472 472
200 258 933
66 994 564
592 823 592
674 926 796
429 987 135
624 630 289
131 648 1
11 339 11
543 1020 1020
66 799 314
477 997 477
135 828 327
185 731 988
1 381 1
484 775 698
308 335 308
221 549 221
101 564 809
731 813 102
323 694 694
150 523 150
90 932 90
84 548 70
731 891 102
189 636 189
672 841 616
22 193 59
259 529 638
393 1021 59
344 698 344
59 67 59
404 896 737
80 204 314
808 818 869
71 901 901
837 838 587
130 429 130
6 122 437
770 869 385
764 783 1002
370 981 23
487 823 529
626 790 385
65 656 82
711 752 711
261 988 988
392 591 10
782 845 968
282 500 102
232 734 734
315 779 73
350 534 968
35 368 329
163 473 373
43 912 43
46 368 297
268 698 698
63 74 63
328 736 518
295 725 295
430 1014 430
168 250 272
194 837 476
353 619 125
429 1013 1013
372 992 992
45 629 891
804 1007 1007
370 670 670
916 984 984
41 704 41
559 913 558
108 346 933
78 184 78
137 506 506
345 694 694
514 979 1002
550 563 550
266 923 521
851 946 511
29 154 29
496 839 744
1 817 1
270 368 238
404 523 737
822 863 684
466 650 762
90 844 90
230 611 611
467 975 975
75 290 525
58 1024 855
287 499 762
505 870 352
539 1006 873
254 670 254
562 676 472
275 725 275
354 992 992
622 793 1
344 771 344
343 908 908
202 702 957
27 816 835
260 609 205
294 999 794
87 431 431
254 928 254
424 735 114
152 456 456
178 917 29
56 617 648
124 851 550
92 724 675
114 415 114
91 548 518
229 775 596
469 807 996
522 854 854
927 1003 951
430 490 430
421 679 107
125 399 125
557 772 403
66 139 468
583 873 583
387 545 506
777 886 886
358 644 221
107 982 107
619 945 125
719 1017 815
488 905 694
392 902 10
682 923 325
31 1019 454
143 297 143
412 1001 1001
55 166 737
663 751 357
430 886 430
669 928 928
277 904 903
544 835 835
120 859 859
157 317 502
290 560 43
812 853 189
56 676 648
75 114 114
63 286 63
478 812 462
262 374 150
79 770 385
645 911 911
194 312 965
519 970 932
73 809 73
323 670 670
112 589 589
547 799 314
889 980 698
72 1001 1001
598 639 639
338 595 338
733 769 769
153 189 189
43 232 43
95 144 180
157 804 804
696 899 268
325 601 77
297 751 297
510 676 208
698 700 698
690 716 221
129 643 684
455 965 965
76 784 784
72 301 63
500 588 24
9 221 9
644 859 859
335 553 553
655 804 655
475 527 475
578 617 830
231 1021 10
252 652 140
203 615 299
804 965 965
85 469 826
29 220 29
850 854 854
6 19 437
810 962 589
438 661 661
408 1020 1020
491 637 491
103 720 984
514 1007 1007
237 819 476
555 625 338
42 454 42
240 304 586
243 901 859
415 643 784
383 994 383
906 1001 1001
176 998 176
155 679 479
18 926 796
723 891 143
9 498 9
209 446 208
176 411 176
329 575 329
4 547 4
545 937 937
130 935 130
395 420 355
54 444 509
322 512 642
869 910 869
65 418 502
301 357 357
137 196 275
332 482 326
201 512 189
870 908 908
660 828 327
291 351 501
158 642 1020
352 917 352
476 940 940
778 1004 475
403 605 403
766 953 737
268 847 275
251 572 251
466 590 762
293 897 960
430 884 430
910 972 566
160 752 982
367 426 649
558 919 558
170 988 988
252 270 869
63 289 289
342 1013 1013
108 227 933
175 298 391
709 790 509
500 790 640
797 1010 957
287 893 316
463 606 728
187 732 295
541 799 314
14 338 338
204 251 251
870 997 352
104 556 868
297 584 297
166 811 403
629 916 855
171 203 171
543 952 403
141 1009 199
43 854 854
472 808 472
487 910 159
770 1010 385
286 674 355
222 889 698
769 881 769
106 339 825
794 983 996
88 638 638
365 672 707
230 856 856
747 1020 506
517 1007 1007
311 661 661
433 617 300
17 89 89
21 862 338
94 189 189
645 658 517
134 876 876
288 543 288
928 990 928
187 278 180
360 499 762
209 430 430
381 621 826
271 289 289
116 830 830
591 894 566
407 788 628
351 363 125
380 938 4
29 653 29
50 934 864
151 452 707
688 694 694
213 468 468
621 987 826
137 265 275
754 800 800
137 446 275
554 954 954
284 312 105
282 931 931
6 649 437
541 853 189
183 527 78
386 725 729
23 583 583
52 933 933
513 741 517
43 1018 43
40 345 345
608 737 737
685 752 93
977 980 980
964 992 964
511 859 859
628 852 143
139 572 931
139 255 468
103 642 984
338 941 338
436 997 694
118 1001 1001
67 398 1001
833 892 289
717 986 986
833 914 289
398 971 1001
222 634 901
299 588 24
508 717 821
377 752 864
448 796 796
380 829 655
255 262 821
38 240 427
860 1011 907
63 576 63
774 954 774
184 579 329
981 998 135
446 904 903
621 830 830
315 652 140
176 232 176
552 887 886
541 816 816
772 1017 136
535 654 931
649 1014 1014
70 663 70
20 854 854
150 190 150
328 638 638
1 436 1
356 707 901
175 649 649
811 954 954
229 336 427
288 826 288
18 416 539
298 832 391
801 1009 199
425 742 742
143 969 143
144 864 864
45 565 932
583 981 583
944 975 114
182 730 886
51 956 956
477 559 477
801 911 911
104 357 357
680 710 1002
854 932 854
633 909 586
522 992 992
264 937 1014
333 974 854
192 835 835
787 897 78
510 1005 176
484 640 698
388 472 472
420 872 11
203 762 762
472 833 472
199 443 199
932 985 932
525 904 525
647 873 873
654 992 992
143 1002 143
154 155 479
143 517 143
88 585 911
10 184 10
61 107 251
211 592 592
887 933 933
228 638 638
386 611 611
124 477 550
35 594 594
27 953 835
30 214 599
291 715 478
336 401 401
475 744 744
165 525 525
658 762 762
130 134 130
88 871 482
918 1007 1007
63 252 63
400 957 1020
21 459 614
360 818 401
205 854 854
306 958 477
346 933 933
506 983 506
256 737 737
65 832 1013
70 323 581
627 929 391
195 876 876
268 512 268
558 913 558
528 729 430
232 721 171
143 395 143
175 855 855
72 970 63
928 1009 928
421 984 984
68 414 327
148 391 391
289 661 661
58 382 638
176 472 472
143 958 143
382 655 638
3 345 345
425 594 594
96 749 352
228 517 940
229 312 965
24 379 199
447 1021 859
579 587 587
316 870 316
596 872 642
30 207 649
388 471 587
6 523 437
492 544 873
617 628 553
40 276 774
8 1014 1014
490 525 525
281 547 615
235 326 1020
894 931 931
86 236 988
154 744 744
121 578 830
618 863 684
73 279 176
432 1021 41
437 759 437
511 992 511
58 229 758
160 543 403
280 315 73
409 823 409
705 897 497
667 915 868
189 736 189
154 627 835
293 686 960
649 982 649
20 737 737
395 428 268
80 545 733
12 187 1016
681 729 475
440 589 908
271 689 908
674 811 355
253 862 338
348 941 830
510 648 648
185 573 506
594 928 928
230 290 43
813 994 697
506 695 506
10 944 114
395 542 355
308 658 308
376 795 777
892 951 628
50 676 905
116 524 1007
205 877 409
375 823 529
450 763 176
886 933 933
179 437 437
373 402 373
363 589 589
497 888 928
1001 1007 1007
52 426 63
544 565 873
272 690 221
209 698 698
667 770 385
329 690 329
50 83 873
604 610 614
507 803 859
203 376 299
475 856 475
527 661 661
246 644 246
842 990 670
601 1022 4
368 718 97
420 873 873
270 393 393
488 692 694
269 646 82
208 563 835
685 773 825
470 806 171
686 908 908
465 903 903
637 856 894
157 437 437
68 306 477
401 687 401
621 659 628
508 923 325
46 324 297
926 988 796
349 645 150
448 804 804
232 986 729
118 352 352
470 511 511
67 594 594
174 402 272
662 962 352
35 285 329
17 302 313
435 955 634
305 908 908
372 814 295
880 946 654
290 928 928
791 995 600
22 174 272
60 379 199
695 1005 176
405 737 737
117 501 830
169 636 636
422 935 968
18 26 539
45 376 507
305 833 956
639 854 854
280 957 957
439 472 472
612 831 437
226 718 97
727 805 984
89 942 89
67 263 583
277 918 24
358 969 221
479 872 479
429 845 642
81 461 815
276 809 78
758 856 856
418 751 502
940 965 940
417 456 992
100 709 100
260 789 29
41 514 41
517 637 517
73 351 73
302 394 90
67 583 583
148 642 903
60 290 43
9 610 9
53 957 957
469 811 391
444 1011 907
7 576 675
369 811 391
193 225 313
211 988 988
890 965 964
344 487 344
62 213 93
363 517 517
936 1017 810
375 463 463
508 589 589
138 335 463
100 632 100
163 978 23
593 961 482
59 266 521
129 639 639
487 864 864
818 982 869
450 579 636
214 316 316
110 744 744
557 913 403
471 843 587
5 1010 539
928 953 928
188 328 511
409 684 409
65 686 843
41 691 41
48 423 694
37 878 59
295 796 796
454 671 13
39 759 843
236 495 295
68 167 89
554 956 956
134 1014 1014
842 983 996
397 682 329
250 900 272
792 958 321
620 647 9
241 769 769
414 825 327
118 605 82
100 154 835
20 496 639
83 879 873
52 429 63
646 1015 954
559 640 592
546 723 143
399 781 73
689 874 908
19 1016 1016
598 889 698
146 899 611
98 659 628
338 583 583
9 395 9
51 335 583
203 583 583
59 940 940
385 999 794
327 776 589
382 437 437
86 658 988
9 996 996
30 203 736
519 862 338
904 1001 1001
119 411 401
482 846 482
204 338 338
496 653 800
88 561 482
15 105 105
166 320 403
595 604 614
334 1004 475
293 645 517
140 951 140
105 825 105
174 691 272
50 185 988
694 699 694
523 693 956
591 1007 1007
52 132 430
683 1018 344
653 785 581
395 771 355
256 852 143
344 469 344
215 933 933
693 822 136
262 1008 821
37 992 992
402 981 463
325 525 525
44 1000 734
127 724 675
230 302 919
924 1021 254
555 807 996
86 769 769
133 498 476
262 475 475
449 655 655
785 794 581
292 553 769
212 219 975
143 1006 143
133 693 815
515 743 1007
234 466 661
188 685 511
25 928 928
187 356 901
52 704 63
229 366 380
161 167 89
491 653 491
555 649 649
86 898 988
366 650 986
521 693 521
578 819 830
345 753 345
121 364 456
624 979 180
561 796 796
19 675 655
22 176 176
83 278 873
192 226 954
385 939 385
533 712 491
487 922 369
265 424 114
12 350 1016
105 778 105
854 1006 854
326 531 491
251 347 251
155 1006 479
77 317 502
416 450 636
380 978 23
159 819 476
267 334 960
932 962 589
255 256 316
86 329 329
674 684 684
241 570 205
409 771 409
127 954 954
476 995 995
124 989 550
133 915 932
62 194 383
316 454 316
530 827 891
368 768 768
524 669 1007
255 914 291
9 491 9
232 781 73
119 362 769
670 824 670
809 812 462
430 810 430
395 886 886
233 439 521
648 683 648
348 937 937
275 308 308
982 996 996
146 455 611
120 924 254
240 878 59
546 1007 1007
204 966 1013
132 211 430
7 943 648
736 878 59
115 570 525
209 529 529
224 784 784
621 826 826
687 1004 475
845 935 642
107 1002 1002
226 988 988
285 342 373
248 885 288
292 336 769
709 744 744
290 892 43
227 746 661
21 558 558
482 918 24
503 567 497
226 584 956
898 992 992
473 826 373
5 495 539
271 770 654
118 982 82
851 860 511
313 598 313
328 494 518
742 953 742
909 995 995
293 312 960
506 674 506
358 810 221
88 981 482
549 1010 919
35 925 329
328 946 518
60 1017 105
798 833 289
331 782 968
463 992 992
667 798 868
143 259 143
104 110 63
210 360 677
795 831 437
43 744 43
27 769 769
273 639 639
566 757 566
134 552 886
26 153 221
617 856 553
345 372 345
174 742 272
70 718 70
698 801 698
243 740 859
377 997 344
285 360 373
460 820 611
732 868 295
280 706 478
1 190 1
227 998 661
490 795 774
520 914 291
93 188 511
849 1016 1016
121 188 511
297 784 297
255 696 268
203 795 299
500 910 223
204 989 475
865 867 600
206 834 338
736 795 736
121 676 456
160 720 171
80 263 583
549 613 481
435 705 555
447 548 859
877 928 928
349 1007 1007
107 855 855
318 686 928
675 1003 951
489 559 275
107 725 107
327 946 327
291 303 655
338 916 338
167 386 89
627 942 587
489 873 873
628 1000 628
512 764 965
399 483 4
289 992 992
316 865 316
159 949 636
138 660 468
324 941 636
266 282 521
411 955 980
23 717 23
632 871 647
293 581 581
76 816 9
902 964 964
261 270 24
204 773 825
353 788 980
112 434 634
177 877 409
298 500 391
251 834 251
143 628 143
66 435 564
401 1016 1016
353 419 143
490 1021 774
421 714 107
160 190 77
70 504 594
194 226 113
404 752 737
739 829 655
70 619 125
70 548 70
235 933 933
746 813 988
118 165 70
195 286 159
631 648 648
162 1005 176
319 919 393
310 328 518
258 905 864
446 981 431
510 655 655
188 517 511
528 676 430
454 602 995
512 928 928
153 251 251
267 782 616
344 609 205
384 579 90
333 670 670
8 545 462
179 611 954
412 599 599
365 459 614
15 504 594
796 964 964
303 366 655
230 621 826
1 802 1
713 742 940
367 1002 649
160 904 903
489 538 275
189 319 189
475 765 475
105 731 105
923 939 314
482 632 482
465 708 937
401 694 694
844 977 809
565 939 932
338 874 338
472 550 550
193 1020 1020
237 758 856
940 942 940
698 757 698
64 711 581
364 487 654
2 59 199
226 998 113
459 749 352
366 960 960
43 964 43
253 860 779
189 516 189
538 980 980
172 262 784
412 619 125
175 260 208
82 216 82
79 104 313
725 946 869
328 789 29
244 911 911
170 534 170
433 449 300
299 467 299
118 225 82
297 558 297
326 594 594
340 471 587
242 908 908
889 1001 1001
835 939 835
334 1010 960
275 856 275
142 687 804
640 817 905
312 1022 965
86 1013 988
133 334 960
130 897 130
29 894 29
300 758 300
1 597 1
63 764 63
422 1011 907
784 1021 784
39 389 768
756 871 756
309 587 587
302 432 41
5 266 521
550 707 550
266 735 521
367 437 437
103 1007 1007
121 447 859
56 639 639
89 441 89
788 813 980
638 1012 638
522 886 886
483 534 503
656 955 82
36 240 777
225 785 581
471 1007 1007
383 432 41
194 414 327
66 845 642
743 898 1007
112 147 558
288 677 288
455 501 533
659 850 511
203 383 299
304 402 463
61 928 928
7 690 221
40 937 774
89 639 89
130 964 964
405 530 246
132 178 430
442 481 481
97 919 919
778 930 995
294 793 1
254 546 254
135 444 135
281 682 255
882 985 159
284 1010 105
9 875 9
189 582 189
250 513 272
809 935 809
485 947 1
9 694 694
613 808 481
524 853 1007
797 975 975
78 721 78
325 807 996
38 157 97
73 142 73
625 738 338
36 764 965
37 836 800
630 992 992
719 891 815
139 475 475
52 138 63
114 337 114
169 373 373
384 963 345
30 255 736
208 287 208
187 472 472
382 996 996
1 988 1
471 737 737
225 373 373
126 490 639
69 645 114
179 550 550
589 592 589
101 794 794
54 528 430
141 144 344
81 1017 810
272 876 272
558 607 558
18 282 539
583 647 583
1 259 1
281 800 800
153 302 221
272 614 272
624 667 180
435 801 326
302 804 804
274 530 517
661 843 661
130 412 321
325 969 383
865 991 600
217 253 238
115 143 143
508 630 289
40 545 774
106 266 521
232 528 430
562 706 472
256 594 316
833 948 964
284 430 430
645 985 517
430 536 430
289 1024 289
102 764 965
565 908 908
332 670 670
250 431 272
55 661 661
592 786 960
103 197 984
38 422 968
203 639 639
20 356 639
642 837 476
271 971 1001
355 464 355
156 526 89
453 861 73
631 956 956
498 797 476
4 664 1001
265 919 742
349 890 150
25 499 89
76 262 9
487 650 159
513 938 4
361 987 856
526 691 89
187 786 960
30 465 736
425 888 928
648 687 648
763 936 176
163 280 541
186 298 391
775 923 596
8 137 275
889 941 698
199 227 661
160 260 208
306 595 477
503 520 503
316 838 316
109 444 866
165 1006 873
101 692 189
213 881 769
346 472 472
157 365 97
3 960 638
70 368 70
199 563 199
504 800 800
429 818 869
68 525 525
473 696 268
376 773 825
756 905 905
489 1002 1002
135 813 697
11 94 558
322 352 352
658 915 612
2 229 199
133 286 932
298 999 794
223 759 843
312 1000 734
10 94 10
702 725 957
99 494 491
47 792 964
754 970 326
144 598 798
525 726 525
400 665 1020
510 799 208
63 522 63
54 92 657
125 424 114
384 763 176
468 583 583
562 1014 1014
384 448 90
491 886 886
167 737 737
60 972 105
132 680 430
136 889 698
187 258 864
896 908 908
17 242 43
747 886 506
375 535 931
648 921 648
470 1021 171
315 1018 369
571 1008 594
60 171 105
676 806 876
159 421 107
200 933 933
303 566 655
879 883 29
136 547 136
366 732 295
291 981 827
36 860 779
357 692 189
280 309 501
640 795 777
10 773 10
474 675 810
191 425 711
1 274 1
55 509 737
518 675 518
87 389 993
661 1021 661
164 285 843
271 902 654
541 997 344
506 877 506
437 510 437
211 614 614
171 857 1007
129 631 684
301 991 299
459 477 477
742 797 742
725 799 314
278 616 180
254 933 254
130 356 901
402 792 321
437 930 437
369 836 800
397 586 329
99 920 491
535 931 931
173 226 409
125 331 125
117 492 830
206 406 338
359 615 246
58 516 308
776 854 854
309 553 553
825 1003 951
1 687 1
661 871 661
740 964 964
106 875 599
196 909 586
177 217 697
143 966 143
115 951 525
745 848 734
287 902 107
334 1014 1014
377 855 855
370 565 932
610 788 980
220 246 246
603 675 711
557 579 403
92 133 932
536 593 800
333 496 800
881 915 769
228 850 511
436 907 694
801 966 1013
273 701 308
13 779 13
84 544 873
482 866 482
520 747 506
434 460 611
121 937 456
370 483 23
117 201 189
112 778 246
92 597 928
578 988 988
120 551 728
589 816 589
102 224 289
76 589 9
50 843 905
626 686 843
235 629 1020
143 149 143
251 560 251
229 960 960
105 803 859
507 819 476
401 840 525
185 910 988
338 636 636
408 425 479
259 681 475
343 1021 649
691 1007 1007
350 687 968
813 961 697
107 288 288
658 668 380
240 560 796
770 1018 385
625 773 338
383 940 940
483 1010 707
714 749 352
484 767 43
52 1017 63
554 913 558
36 954 954
800 908 908
377 491 491
286 341 159
607 853 189
104 338 338
382 742 638
104 761 854
89 413 89
203 456 456
15 758 529
157 218 798
813 827 697
600 816 600
182 234 661
644 975 975
584 620 956
569 670 251
670 995 670
957 958 957
77 561 77
697 946 869
894 1011 894
259 460 638
193 968 313
95 365 180
360 823 529
186 212 756
655 952 911
353 507 431
599 781 599
44 385 130
707 778 246
675 743 1007
840 887 525
653 721 171
53 253 238
645 976 992
339 886 886
228 312 940
590 859 859
901 904 901
209 539 539
532 661 661
882 945 529
500 840 525
103 729 984
905 954 954
163 422 968
552 744 744
205 404 737
479 958 479
28 460 984
193 654 654
13 590 472
288 940 288
124 1014 1014
68 77 825
594 966 594
353 538 431
861 938 73
41 706 41
318 443 928
99 883 29
365 413 251
433 843 300
2 432 41
41 357 41
37 98 937
373 425 373
904 1014 1014
400 485 1020
59 394 59
291 349 150
363 893 316
415 762 762
148 661 661
727 859 859
382 825 638
518 636 636
483 918 24
313 314 313
649 883 649
748 756 975
445 556 670
183 457 78
448 461 815
648 1005 648
274 695 288
233 643 856
262 534 777
663 678 357
593 895 272
553 906 592
655 832 655
296 529 529
54 723 143
205 890 964
52 725 63
112 844 325
610 693 815
546 641 854
165 462 70
191 739 711
177 539 539
153 440 908
289 359 289
704 716 677
213 572 931
154 642 835
33 597 928
163 946 869
189 851 189
130 357 357
173 303 409
162 189 189
425 964 964
225 685 93
15 575 308
451 707 409
349 768 150
114 959 114
523 641 854
390 759 843
243 859 859
549 768 768
137 744 744
498 677 677
153 650 221
236 505 477
506 886 506
351 682 501
508 657 657
191 477 477
78 389 78
184 922 329
95 101 180
5 352 352
281 612 612
297 677 297
200 835 933
239 1019 827
210 679 677
262 520 821
84 810 810
693 736 736
682 829 655
103 622 984
159 896 992
333 958 170
502 652 502
539 954 954
570 865 600
205 456 205
230 384 90
533 753 462
179 922 954
499 739 762
645 886 886
342 556 804
596 640 596
741 783 1002
10 984 10
852 992 143
158 357 1020
731 809 102
143 886 143
598 631 866
280 667 868
479 908 908
365 810 810
119 980 401
697 726 300
294 597 928
52 477 477
301 460 611
670 940 670
851 883 29
224 926 796
178 470 29
24 938 24
85 678 876
35 1021 329
507 810 810
57 427 594
868 1018 369
27 540 835
246 1022 246
249 978 297
638 671 638
160 304 586
178 929 29
419 956 143
342 474 810
250 793 1
815 935 815
182 726 886
779 1000 734
82 176 176
264 920 1014
396 890 964
508 541 508
978 1008 23
526 682 89
600 820 600
718 848 533
735 960 960
93 774 774
233 688 677
800 1009 800
351 938 4
735 818 826
554 555 456
820 1008 456
243 903 859
169 596 734
246 727 984
520 746 988
111 758 779
473 901 901
609 928 928
311 597 928
92 270 657
317 947 1
447 762 762
14 250 272
82 924 254
648 817 648
468 537 670
260 553 553
516 1001 1001
305 376 956
704 849 321
656 665 82
197 663 742
255 286 159
505 774 774
114 890 114
351 917 711
66 339 982
569 723 143
558 1014 1014
24 127 24
591 600 600
671 967 611
278 886 886
572 731 931
280 698 698
73 250 272
56 275 648
331 998 733
325 775 596
293 794 794
778 898 539
36 293 960
36 160 986
196 876 876
380 465 937
621 977 826
186 784 784
471 920 587
136 383 136
675 859 859
730 1011 855
88 399 4
254 433 254
718 1020 1020
16 828 345
50 730 855
168 310 130
377 864 864
461 1001 1001
429 1018 369
630 761 854
104 142 868
147 150 150
150 726 150
522 1014 1014
174 507 272
253 671 13
714 722 97
133 213 932
5 208 539
348 656 82
243 385 859
69 412 114
192 364 954
157 682 97
504 665 594
320 642 642
405 1014 1014
244 834 684
146 661 661
205 208 205
529 823 529
79 282 313
143 723 143
226 437 437
177 626 385
89 97 89
861 1014 1014
9 123 9
22 270 59
336 530 891
359 932 246
294 562 472
390 996 996
231 418 10
578 784 784
340 486 937
388 900 1016
308 797 308
107 658 107
744 801 744
134 687 130
123 577 1016
480 752 931
29 561 29
261 915 24
344 982 344
351 810 810
446 545 431
355 510 355
653 769 769
355 885 288
576 727 984
423 476 774
437 1021 437
299 512 299
848 898 539
55 441 737
270 1003 951
22 523 956
40 526 89
490 762 762
334 929 960
702 869 957
109 394 90
510 805 42
506 769 769
188 354 511
415 469 784
504 586 594
144 611 611
233 887 911
479 506 506
731 961 102
633 838 587
212 413 251
78 683 78
864 1015 954
176 800 800
65 403 403
312 472 472
439 708 521
278 456 456
143 648 143
317 763 176
611 964 964
352 423 352
599 949 599
203 851 511
114 511 114
64 377 581
340 364 654
135 338 338
605 888 928
36 373 373
170 344 344
712 800 800
467 769 769
401 902 107
66 919 919
44 998 130
578 660 830
230 854 854
886 1008 886
223 894 894
338 667 338
278 336 180
633 689 908
518 678 518
47 688 964
509 736 736
833 877 409
826 861 826
672 928 928
444 605 509
707 1001 1001
246 903 246
205 971 205
468 861 73
730 855 855
28 146 984
23 598 798
308 475 475
163 433 300
854 890 854
703 895 472
15 594 594
23 74 357
26 300 300
533 1004 475
366 776 589
334 825 960
253 617 553
325 616 616
648 943 648
494 955 634
128 186 756
484 522 698
301 670 670
673 883 29
560 712 796
385 1003 385
186 817 905
116 603 711
829 1007 1007
335 637 894
86 712 988
556 931 931
335 498 476
695 931 931
385 606 728
374 823 150
146 617 611
869 977 869
430 584 430
262 606 728
54 216 380
251 926 251
49 968 736
166 828 403
564 921 794
349 852 143
790 859 859
84 803 859
262 538 821
276 750 254
578 711 830
101 545 809
812 854 854
687 928 928
58 601 77
18 994 539
193 597 928
567 910 497
79 198 105
43 739 43
471 902 587
545 815 815
501 923 325
583 812 583
407 948 964
213 486 93
205 581 205
132 218 430
576 722 675
37 808 100
672 1000 734
16 60 345
417 440 908
135 667 868
238 439 521
393 1003 393
551 821 90
706 874 478
198 1020 1020
907 970 907
82 170 170
943 1005 648
36 377 864
71 262 821
879 1004 475
98 974 854
587 861 587
16 536 800
1016 1017 1016
223 826 826
335 907 463
68 1023 825
658 785 581
557 662 352
210 708 677
808 995 995
285 445 670
65 628 628
251 431 251
148 381 903
359 779 246
744 800 744
171 1007 1007
73 763 176
162 534 566
166 208 403
739 979 393
682 961 986
612 677 677
48 288 694
142 890 964
188 762 762
83 583 583
133 300 300
418 1018 502
156 752 373
102 835 835
326 719 815
187 635 586
133 666 957
205 544 205
236 784 784
278 789 29
623 634 756
630 661 661
199 918 199
579 806 876
501 584 956
431 532 648
436 824 694
215 304 661
271 905 654
796 926 796
241 317 205
468 996 996
163 914 291
709 946 869
855 961 855
441 737 737
500 533 533
70 430 430
329 351 329
108 1004 933
309 366 612
550 796 550
555 711 711
313 975 975
43 987 43
691 887 911
412 896 992
106 532 648
724 957 957
132 292 430
110 825 63
105 595 105
248 882 540
77 725 77
659 762 762
419 654 143
459 706 614
402 484 698
718 904 903
738 972 905
600 744 600
363 982 125
384 946 90
247 633 610
593 794 794
394 651 477
216 935 827
290 535 43
449 910 481
384 677 677
561 610 610
273 553 308
693 810 815
182 462 886
219 541 975
1 331 1
160 470 171
20 576 639
658 682 612
437 787 437
64 803 859
154 445 670
506 555 506
164 590 472
530 675 675
253 342 564
348 893 316
425 551 90
609 906 205
452 648 648
429 444 135
24 373 24
340 345 345
343 666 649
908 972 908
663 718 357
108 317 933
295 468 295
143 791 143
415 732 784
20 465 639
366 411 980
692 796 189
308 709 308
425 776 589
857 960 1007
155 254 254
521 897 521
447 898 859
117 128 830
534 767 43
10 745 10
93 835 835
823 956 956
250 600 600
156 438 41
568 732 728
563 984 984
525 964 525
908 996 908
158 456 1020
652 773 140
64 577 581
288 581 288
74 1012 794
7 639 639
18 133 539
407 502 502
359 737 737
67 969 383
11 970 11
363 940 940
66 296 482
28 628 984
638 822 638
546 737 737
363 383 125
534 999 794
177 969 697
43 477 43
400 847 1020
289 420 289
110 937 63
581 753 581
90 803 859
250 652 272
159 856 856
352 781 352
323 836 800
304 684 684
167 479 89
711 1022 711
408 927 479
125 755 698
400 956 956
357 930 995
532 769 769
634 764 965
264 935 1014
460 835 835
186 1023 756
769 942 769
137 485 275
43 392 43
32 974 254
83 933 933
176 1015 176
708 908 908
544 992 992
448 697 697
89 744 89
308 393 308
330 810 592
26 316 316
134 356 901
253 500 238
643 790 13
250 646 272
280 994 564
437 683 437
54 163 615
758 964 964
342 817 905
162 859 859
351 479 479
233 275 275
322 757 816
200 222 933
318 968 928
562 709 472
532 876 648
54 253 238
388 997 344
524 815 1007
239 389 389
422 874 968
61 894 251
99 677 677
9 490 9
80 458 107
161 521 521
779 869 779
48 887 694
344 595 344
840 928 928
314 317 502
294 635 385
931 1003 931
254 712 254
313 736 736
82 985 82
254 912 254
63 730 63
572 870 352
698 895 698
577 913 558
256 326 316
357 842 670
650 751 986
150 583 150
776 934 589
380 997 344
10 192 10
427 616 616
155 878 479
350 855 855
265 725 742
230 236 295
829 907 655
595 884 1014
377 891 864
298 991 391
268 819 268
86 992 992
97 803 859
397 1007 1007
492 660 697
180 638 638
465 962 589
238 964 964
500 682 640
363 483 125
623 1001 1001
39 330 592
20 221 639
677 718 677
22 41 41
196 827 768
166 185 403
705 1000 734
416 642 454
477 657 477
265 477 477
409 451 409
116 217 951
73 885 288
308 655 308
598 971 1001
984 1009 984
114 981 114
221 991 221
309 784 784
172 949 784
687 976 992
810 819 476
158 239 1020
166 605 403
378 894 894
66 500 657
25 985 89
601 903 903
416 970 932
747 928 928
43 590 43
591 735 566
18 854 854
254 737 254
390 665 657
307 930 995
263 589 589
331 353 431
13 458 107
42 648 648
440 866 908
597 673 928
653 981 518
939 981 314
103 994 984
141 999 344
592 821 592
171 943 648
514 638 638
221 889 221
30 549 736
101 332 326
334 536 800
518 542 518
743 948 1007
660 720 171
450 908 908
379 640 199
650 996 996
670 875 670
135 348 100
729 854 854
506 690 506
5 683 344
759 945 529
335 399 463
231 487 10
324 959 744
184 472 472
683 867 205
441 528 430
477 673 477
18 61 251
355 371 355
424 541 114
312 1008 965
736 910 736
124 1007 1007
349 813 150
382 998 638
506 514 506
251 620 251
285 291 373
610 890 964
534 615 615
816 944 114
956 965 956
599 880 599
68 481 481
65 731 1013
4 123 1016
912 987 316
427 761 854
194 316 316
166 826 403
358 646 221
60 364 105
388 701 521
367 971 649
180 502 502
3 468 638
509 788 980
45 71 507
156 404 737
171 222 901
307 493 502
111 429 779
484 629 698
519 581 581
292 485 769
178 661 661
737 870 737
411 892 628
297 787 297
574 996 996
401 460 611
82 299 82
58 1000 734
39 1021 59
244 962 589
327 886 886
445 638 670
57 454 594
254 471 254
322 388 521
141 644 344
371 813 876
164 323 581
266 728 728
130 366 130
130 647 130
655 970 655
409 432 409
114 732 114
213 239 93
676 732 295
226 528 430
750 966 254
566 610 566
959 996 744
87 543 403
769 998 769
143 440 143
45 469 555
803 908 908
244 988 988
142 771 810
366 1019 827
897 949 636
666 954 954
302 627 391
561 676 951
549 764 919
624 941 830
139 600 600
70 614 70
670 785 670
67 212 357
325 545 733
111 729 779
257 523 956
276 844 78
232 336 729
578 769 769
220 579 610
905 945 905
665 891 891
233 344 344
767 908 908
214 409 409
283 723 143
41 819 41
164 918 24
291 459 614
533 873 873
230 636 636
119 244 975
529 964 964
356 887 911
707 945 529
691 1001 1001
461 936 815
450 502 636
761 769 769
35 920 329
638 682 638
67 619 125
9 184 9
275 285 275
599 734 599
471 1016 587
357 808 357
9 989 9
508 565 932
878 1007 1007
329 712 329
45 116 951
503 646 634
37 744 744
458 694 694
114 537 114
210 776 589
846 937 937
761 982 854
18 866 539
565 615 932
287 818 869
515 774 774
309 988 988
192 661 661
280 931 931
765 1015 954
146 700 611
24 905 905
215 551 661
34 402 42
28 649 649
52 796 796
275 844 275
24 875 599
355 554 456
388 512 521
297 684 297
327 631 327
724 763 176
345 854 854
389 705 555
226 540 540
703 784 784
251 259 251
168 477 477
119 960 960
189 590 189
341 961 729
230 993 919
514 908 908
235 273 1020
210 1017 677
430 844 430
488 639 694
283 668 345
834 975 684
190 764 965
35 289 289
92 575 308
793 875 1
339 584 956
614 855 855
16 206 345
679 998 758
351 489 275
434 618 868
694 914 694
310 1006 873
371 576 876
183 508 78
44 915 130
522 948 964
638 702 638
155 294 479
493 888 928
474 918 24
265 276 78
708 932 369
653 911 911
939 979 980
496 789 800
353 806 876
307 547 463
43 742 43
18 908 908
201 220 189
138 246 246
393 753 393
116 957 957
553 931 931
29 649 649
677 855 677
133 639 639
481 728 728
297 361 297
289 627 289
518 930 995
453 520 508
627 996 996
20 544 639
503 603 711
123 425 1016
114 692 114
273 611 611
272 637 272
616 985 616
666 894 894
29 421 29
114 491 114
217 874 93
143 609 143
211 915 894
199 693 199
557 764 403
125 721 125
208 714 208
273 600 600
110 331 63
435 529 529
848 997 344
11 831 437
152 589 589
93 799 314
390 605 657
200 856 933
28 655 984
533 806 876
539 936 539
355 579 355
105 189 189
576 864 864
870 1019 352
158 271 1020
43 757 43
177 238 697
788 796 796
780 1013 297
486 592 592
49 208 736
629 682 891
456 512 456
58 314 758
142 589 589
317 865 600
617 1024 553
128 661 661
126 566 639
150 174 150
140 566 566
50 282 905
446 665 431
439 718 521
719 727 984
724 729 675
270 322 596
136 553 553
779 933 933
78 358 78
477 843 477
254 349 254
3 931 931
57 977 594
32 234 254
73 737 737
116 352 352
112 993 325
412 493 502
246 352 352
43 766 43
226 723 143
253 1018 369
356 549 901
338 461 338
460 1022 611
903 1019 903
675 951 951
347 863 684
374 970 150
267 761 854
29 805 29
834 933 933
13 331 13
158 670 670
664 991 1001
321 994 321
34 354 589
828 911 911
521 678 521
402 868 463
212 1000 357
685 689 908
549 787 78
117 188 511
261 658 24
46 419 143
1 600 1
375 926 796
92 803 859
460 918 611
634 826 826
28 720 984
30 725 736
85 850 511
36 296 482
691 808 736
262 697 697
144 569 251
182 409 409
596 704 866
539 872 539
804 981 804
801 899 327
288 522 288
257 1022 288
328 455 518
614 801 614
334 357 960
28 865 600
185 716 988
145 953 762
686 956 956
298 813 391
409 842 409
143 347 143
91 108 933
731 739 393
78 81 78
89 525 525
510 682 208
99 909 491
661 883 661
348 808 100
665 825 825
10 887 10
56 741 648
361 371 856
204 956 956
230 408 479
382 785 638
251 661 661
143 294 143
285 862 338
530 692 189
27 681 475
714 971 1001
482 662 352
176 702 176
676 955 951
9 878 9
87 511 511
368 598 798
407 408 479
313 790 313
171 625 338
321 775 321
105 849 105
8 339 462
118 424 114
621 876 876
661 851 661
101 102 102
782 1001 1001
21 229 809
709 813 697
224 660 289
663 1008 357
547 859 859
756 995 995
102 383 102
40 662 352
438 649 649
202 360 401
426 767 43
461 717 815
440 1020 908
372 714 295
228 251 251
370 899 327
620 784 784
313 915 313
39 854 854
485 508 614
371 752 876
531 728 728
442 871 507
313 840 525
271 614 654
294 844 385
79 90 90
577 1015 954
573 950 506
234 544 661
220 443 125
20 693 639
749 998 352
377 644 864
946 970 869
127 855 855
229 749 352
574 940 940
92 568 728
102 985 102
552 922 886
770 1019 385
658 704 866
626 853 189
469 685 93
403 741 403
273 843 308
237 527 42
585 680 911
694 864 694
181 796 796
326 854 854
280 683 344
548 958 70
129 861 684
438 787 41
482 722 482
279 978 176
728 816 728
173 438 409
732 750 254
256 693 316
463 794 794
267 437 437
281 1008 508
377 976 992
556 643 13
287 960 960
119 688 677
527 911 911
256 639 316
224 472 472
778 1014 1014
507 936 238
281 979 980
127 430 430
357 461 357
611 954 954
430 525 430
239 735 826
717 841 616
10 354 10
445 957 670
568 849 728
559 764 592
285 884 1014
204 890 964
47 798 964
227 377 661
362 864 769
274 545 517
652 728 728
499 630 762
30 386 736
235 694 694
30 835 835
299 698 698
204 633 758
117 893 316
668 740 891
713 832 940
16 759 345
289 391 289
318 967 928
62 443 125
817 1012 794
506 599 506
121 183 78
19 585 911
161 695 288
3 539 638
500 795 777
502 988 988
810 998 810
552 917 886
95 119 180
282 978 102
161 542 170
642 730 855
589 949 589
129 1001 1001
155 848 479
465 594 594
840 984 525
113 973 13
181 435 9
511 867 511
558 752 558
98 950 744
220 627 391
200 650 933
503 779 779
894 1018 894
784 808 784
431 530 891
602 863 684
364 384 654
666 681 475
14 1001 1001
701 898 539
265 1023 742
231 440 908
104 361 856
127 1016 1016
289 304 289
476 887 911
325 843 843
27 29 29
261 769 769
603 846 711
211 827 894
566 1009 199
155 886 479
513 690 221
205 976 992
460 571 594
108 114 114
525 989 525
25 569 89
130 795 130
614 821 614
321 549 321
208 659 628
195 808 427
20 88 639
649 928 928
679 680 355
267 1014 1014
111 391 391
293 468 960
216 919 919
112 277 742
170 740 170
194 825 825
160 714 97
664 919 1001
678 787 78
165 575 308
523 632 956
442 600 600
669 1007 1007
163 1015 954
873 915 873
165 934 70
504 1019 594
370 791 600
566 592 592
419 976 143
403 1015 954
778 929 246
711 987 711
403 591 403
917 1020 1020
659 827 628
425 558 558
655 929 655
238 996 996
691 757 736
483 736 736
213 961 93
246 888 928
334 782 960
88 912 316
593 856 856
239 932 932
93 370 93
308 553 308
70 454 70
143 775 143
208 331 208
162 600 600
18 215 661
5 568 728
314 858 1014
406 876 876
503 936 503
458 939 107
782 985 968
16 268 345
208 427 208
206 694 694
243 549 859
342 737 737
229 683 344
267 495 616
43 781 43
210 802 550
353 1007 1007
304 425 586
567 788 980
34 918 42
512 600 600
449 619 125
139 162 566
306 649 649
533 835 835
570 782 300
600 646 600
4 906 592
7 160 77
226 972 566
61 380 251
334 372 960
255 815 815
129 648 648
657 1008 657
79 757 816
548 638 638
4 240 4
43 824 43
675 811 391
825 886 886
182 638 638
310 349 150
162 305 956
510 548 70
287 961 503
49 255 736
504 775 594
446 704 866
152 224 289
88 348 100
747 1014 1014
427 539 539
190 956 956
67 419 143
301 655 655
107 219 975
403 473 403
81 90 90
189 566 189
392 656 10
702 1005 176
479 655 479
964 1014 1014
431 938 4
731 820 456
736 891 736
648 757 648
370 644 481
371 860 876
330 699 796
287 503 503
426 479 479
229 566 566
205 668 205
505 553 477
816 970 816
750 920 254
195 989 475
21 483 809
634 701 616
118 625 338
58 914 758
108 415 933
880 959 744
141 649 649
599 738 599
471 800 800
409 762 409
405 858 1014
280 859 859
82 879 140
950 988 744
83 403 403
533 988 988
717 955 634
599 621 599
382 878 638
385 992 992
195 309 427
694 833 694
86 575 988
74 537 670
277 491 491
446 703 472
11 33 996
54 700 100
258 534 864
174 705 272
314 430 430
345 859 859
331 334 960
402 669 639
126 424 114
274 575 308
313 626 385
147 239 558
621 666 957
500 569 251
304 996 996
190 982 77
477 896 992
105 500 105
262 312 965
40 627 774
577 653 518
608 711 550
188 639 639
10 430 430
432 649 649
561 923 223
96 199 199
22 928 928
349 1023 150
74 908 908
477 718 477
425 455 610
1 621 1
63 650 63
617 988 988
10 992 10
179 908 908
261 992 992
298 737 737
274 678 517
273 562 472
401 968 401
519 877 409
159 596 159
352 941 352
572 705 931
130 599 599
500 684 684
125 784 784
111 796 796
230 817 905
478 669 639
83 182 886
444 751 509
252 883 29
582 817 905
337 988 10
162 821 566
403 564 403
51 948 964
314 815 815
464 503 903
426 611 611
261 401 24
757 953 140
729 740 891
913 981 558
664 940 940
664 769 769
895 967 611
182 237 886
886 973 886
837 861 476
315 631 73
154 471 835
26 874 779
71 736 736
21 626 385
690 769 769
51 726 583
651 697 477
89 883 89
738 909 905
253 495 814
464 591 566
142 584 956
672 736 736
143 800 143
37 67 100
434 814 814
830 941 830
74 528 430
345 408 345
60 835 835
44 483 130
555 757 816
376 926 796
374 437 437
315 423 774
613 1019 481
42 691 42
191 928 928
44 448 130
20 492 639
120 737 737
184 984 984
221 400 1020
473 558 558
183 617 78
349 803 859
28 855 984
29 1021 29
10 102 10
181 964 964
382 632 638
73 287 73
253 769 769
848 939 533
344 360 344
540 712 491
162 341 566
569 600 600
440 862 908
213 577 401
354 864 589
859 1005 859
771 923 810
583 690 583
369 586 586
856 976 992
331 647 733
253 966 1013
659 877 409
729 933 933
70 390 70
717 760 479
643 818 13
59 472 472
83 550 550
86 538 988
186 700 756
485 599 599
248 289 289
273 900 308
249 492 297
727 744 744
297 498 297
35 988 329
506 941 506
356 651 477
651 877 409
672 927 965
81 177 697
87 273 308
478 517 517
181 871 9
35 626 329
329 484 329
611 700 611
89 263 89
411 839 744
355 461 355
528 970 430
289 830 289
574 653 518
720 949 636
720 931 931
395 597 928
449 670 670
330 422 592
115 314 525
140 239 140
332 1019 326
172 369 784
891 1015 954
540 1004 475
196 561 768
352 850 352
74 162 566
101 804 804
639 720 639
432 755 41
703 766 737
188 942 511
11 327 11
130 526 89
181 294 9
526 940 89
478 494 540
49 442 736
378 518 518
9 678 9
313 581 581
153 308 221
215 663 661
570 774 774
705 735 826
44 970 130
130 696 268
581 595 581
474 721 171
551 872 90
581 876 581
742 959 744
164 627 391
714 914 97
906 991 592
381 893 316
104 275 275
59 819 59
252 572 931
468 696 268
467 628 628
240 808 929
41 89 89
520 705 555
238 657 657
174 180 272
222 811 901
239 1001 1001
470 644 171
203 781 299
19 790 655
596 634 634
37 244 975
632 852 143
20 908 908
463 859 859
420 482 11
409 455 409
851 964 964
195 434 634
94 648 648
152 549 816
149 329 329
496 1014 1014
349 576 150
366 887 911
281 545 733
190 731 102
10 11 10
12 971 1001
501 628 628
401 991 299
478 556 804
314 362 769
213 511 511
201 930 189
105 648 648
43 1021 43
423 495 774
154 194 835
359 432 41
106 794 794
343 827 649
64 744 744
669 806 639
157 302 804
326 950 744
493 926 796
695 995 288
376 871 507
176 434 176
788 930 995
163 355 355
655 1003 655
397 694 694
209 1020 1020
307 888 928
213 342 93
614 785 581
590 692 189
373 601 373
195 709 427
225 542 816
599 823 599
181 869 9
58 308 308
910 935 223
602 827 995
72 569 251
614 687 614
212 774 774
148 494 903
724 838 587
529 917 529
896 969 992
140 1022 140
128 346 150
557 665 403
251 549 251
487 987 159
360 952 911
732 764 295
76 243 859
165 386 70
559 971 1001
10 830 10
708 1015 954
508 586 586
22 882 59
297 538 297
826 914 826
492 998 697
272 383 272
7 282 102
534 849 321
16 175 345
146 614 611
599 796 796
260 690 221
441 896 992
437 656 437
509 1019 827
873 988 873
575 821 308
845 933 933
330 675 592
812 889 698
504 793 1
110 938 63
161 421 170
29 273 29
229 463 463
675 730 855
428 504 594
128 233 856
232 728 728
251 923 251
115 317 525
165 769 769
643 1007 1007
38 937 937
471 958 587
394 617 553
4 339 4
288 505 288
133 953 140
193 665 313
106 737 737
296 495 814
460 911 911
465 864 864
328 858 1014
77 270 77
223 954 954
89 1014 1014
106 649 649
244 382 638
110 611 611
332 878 59
790 799 314
93 196 768
550 967 550
255 772 136
425 428 268
491 559 491
302 973 13
36 846 777
663 962 589
109 657 866
800 1015 800
567 730 855
461 783 1002
230 868 868
375 452 814
193 265 742
472 768 472
933 979 933
49 642 736
14 333 553
107 161 170
384 692 189
344 399 344
55 547 737
43 448 43
53 54 615
810 917 711
103 525 525
224 380 289
375 377 864
720 804 171
128 547 497
197 769 769
151 760 479
726 743 1007
488 511 694
174 374 150
48 694 694
272 532 648
610 669 639
453 483 503
327 845 327
333 516 308
768 905 905
337 909 10
182 779 886
330 758 592
525 1023 525
68 824 894
376 520 291
105 145 762
556 937 937
502 855 502
70 371 70
661 682 661
674 789 29
110 610 63
600 803 600
273 317 502
108 235 933
100 782 100
488 594 694
228 984 984
89 1022 89
419 623 143
4 517 517
257 398 288
529 935 529
338 976 992
231 539 10
494 630 289
284 639 639
293 997 344
199 328 199
413 575 251
283 699 796
518 638 638
854 959 854
153 345 345
494 788 980
34 730 855
808 979 980
67 807 996
184 199 199
9 268 9
96 941 599
406 961 768
264 769 769
403 917 403
577 970 401
411 930 995
297 807 297
38 526 89
410 841 437
14 249 297
87 940 940
321 547 321
73 796 796
661 803 661
198 264 1014
471 894 587
81 1008 508
694 780 694
437 503 437
437 532 437
61 599 251
57 853 189
500 886 886
248 803 859
572 1005 931
371 875 599
383 735 826
556 767 43
899 911 911
205 826 205
519 938 4
51 85 583
462 673 462
133 299 299
638 930 638
365 821 135
82 307 82
316 559 316
912 1014 1014
749 990 352
248 1022 4
635 900 1016
287 973 13
147 290 43
393 934 864
170 946 170
846 900 1016
45 528 430
871 913 558
14 41 41
634 788 980
540 600 600
489 916 275
315 957 957
430 488 430
231 826 10
92 625 338
12 951 1016
115 732 525
256 323 316
430 906 430
244 287 975
365 1005 176
191 749 352
496 920 800
405 932 246
229 956 956
206 1020 1020
559 1010 592
179 496 800
93 254 254
218 1014 1014
712 1000 491
74 420 357
689 1014 908
403 1019 403
694 722 694
388 840 525
57 568 594
304 382 638
366 818 869
422 523 956
533 877 409
638 678 638
277 825 742
654 718 654
33 587 996
280 996 996
797 918 24
749 936 352
358 905 221
343 763 649
801 872 326
155 957 479
372 549 295
247 456 456
19 159 655
296 473 373
586 687 586
162 218 566
563 814 835
657 848 533
813 971 1001
625 653 338
742 785 581
155 472 472
101 851 511
422 666 957
549 610 919
13 949 636
413 690 251
15 984 984
57 997 594
119 267 616
10 352 10
865 870 600
114 178 114
179 486 954
69 681 114
349 639 639
253 553 553
317 511 511
497 970 497
914 1019 827
390 651 477
146 812 611
148 707 903
243 1014 1014
219 374 150
136 888 928
332 854 854
25 548 89
333 815 170
499 1007 1007
701 1014 1014
489 530 275
41 900 41
165 597 928
802 879 550
625 787 338
168 674 355
525 702 525
94 378 558
867 928 928
5 443 125
594 776 594
335 883 29
319 742 742
361 425 856
621 1009 199
134 640 130
164 962 589
232 933 933
87 601 77
201 747 506
185 708 988
34 39 42
251 395 251
704 779 779
405 709 246
314 981 314
88 422 482
804 960 960
207 226 649
342 382 638
232 925 136
188 865 600
658 845 642
24 459 614
353 649 649
771 797 957
486 969 23
10 639 10
547 961 986
143 192 143
13 153 221
285 951 373
622 917 784
70 521 521
399 859 859
435 465 937
739 1017 393
347 992 992
424 854 854
82 435 82
79 318 928
89 211 89
381 674 355
204 276 78
809 891 891
139 337 10
826 882 826
9 927 9
397 808 329
533 762 762
664 863 1001
651 807 996
100 541 100
582 664 1001
207 566 649
423 762 762
140 1001 1001
228 534 940
31 737 737
66 807 996
143 311 143
430 1009 430
239 723 143
220 401 401
432 659 41
427 487 159
160 785 581
477 627 477
250 307 272
218 519 798
465 914 937
704 928 928
344 932 344
570 571 594
295 342 295
762 899 762
570 827 300
13 845 13
670 994 670
116 575 308
297 694 694
312 393 393
171 773 171
86 89 89
48 1022 694
162 342 566
520 846 255
61 1009 251
335 648 648
403 656 403
16 869 345
431 775 431
287 779 779
600 1014 1014
639 863 639
267 787 78
643 868 868
121 556 456
149 889 698
174 998 272
316 859 316
918 922 24
269 607 82
203 476 476
433 1023 300
769 959 769
696 1019 268
517 994 517
324 442 636
189 505 189
614 708 614
378 645 517
277 775 742
82 87 82
854 983 854
146 906 611
613 991 481
42 852 143
639 971 639
314 598 798
316 529 316
21 425 610
42 190 42
282 934 864
10 54 10
211 550 550
413 928 928
36 876 876
49 626 736
466 577 762
170 525 525
678 836 800
381 955 919
547 821 615
704 807 996
515 940 940
611 805 611
93 786 960
370 465 937
378 632 1013
89 636 89
247 352 352
431 782 431
427 704 866
63 342 63
186 1020 1020
147 430 430
639 928 928
168 630 289
1 257 1
13 873 873
136 394 136
213 662 352
539 610 539
552 920 886
172 190 784
42 288 288
33 784 784
115 396 525
176 1014 1014
617 765 583
585 800 800
604 663 614
143 960 143
28 817 984
127 893 316
70 833 289
222 472 472
133 886 886
688 776 589
62 1023 533
143 189 143
596 646 634
553 892 553
390 667 868
614 955 614
589 1010 589
639 830 639
202 549 919
114 530 114
161 386 170
281 873 873
510 1010 208
312 432 41
603 851 511
403 810 403
26 1006 873
771 883 29
667 930 995
308 479 479
289 971 289
558 664 1001
236 647 295
295 826 295
370 990 886
78 274 78
635 755 698
639 859 859
548 624 70
444 717 509
43 109 43
762 863 762
184 751 329
330 861 592
20 312 639
92 280 657
8 377 864
164 171 171
234 272 661
396 831 437
391 682 391
422 909 586
254 948 254
291 338 338
74 732 295
462 696 268
498 755 698
160 859 859
84 583 583
482 732 295
25 823 89
214 750 254
27 304 835
232 258 864
7 896 992
323 859 859
175 901 901
31 905 905
42 464 42
417 537 992
763 859 859
64 747 506
122 941 908
353 681 475
185 511 511
520 772 136
47 784 784
591 702 566
228 441 940
141 372 344
673 987 814
202 873 873
766 922 737
386 886 886
722 812 462
420 614 614
330 525 525
232 967 611
12 794 794
204 319 393
497 613 481
321 820 456
23 487 159
611 909 611
41 408 41
560 875 796
290 345 43
41 327 41
95 293 960
216 615 380
250 873 873
373 814 373
240 1007 1007
556 725 804
111 958 779
669 831 437
117 150 150
572 631 931
178 628 29
284 668 105
403 707 403
194 859 859
281 415 784
594 887 594
599 605 599
134 462 462
527 642 42
715 908 908
68 93 825
78 186 78
113 189 189
247 944 114
319 890 964
71 342 564
233 336 856
127 719 815
302 442 804
143 710 143
585 968 911
379 880 199
482 503 482
693 937 937
633 636 636
102 190 102
1014 1022 1014
518 684 684
286 668 159
300 601 300
739 813 393
9 967 9
387 898 506
248 765 583
191 617 553
581 988 581
418 840 525
175 624 180
323 777 581
66 250 272
114 148 114
55 416 737
111 483 779
907 1000 734
347 832 268
134 250 272
316 511 316
45 961 986
93 995 995
193 453 313
923 1024 855
581 583 583
817 974 854
409 992 409
489 688 677
53 859 859
1 553 1
115 218 525
157 452 707
85 550 550
71 724 675
200 873 933
320 537 670
836 931 800
241 688 205
625 975 338
380 894 894
672 765 583
415 673 784
343 952 649
677 927 677
42 655 655
223 395 355
343 938 649
729 811 391
520 534 777
475 829 475
851 975 511
610 616 616
411 1014 1014
311 703 41
27 305 956
317 336 502
226 898 539
284 347 105
578 608 550
243 402 859
325 814 814
841 905 905
7 908 908
782 922 369
234 437 437
1009 1017 199
75 928 928
538 744 744
193 548 70
833 848 289
504 524 1007
280 660 389
240 915 291
336 462 462
13 756 756
387 864 506
611 936 611
676 708 369
248 639 639
418 796 796
30 883 29
274 430 430
41 553 41
38 279 176
899 915 327
318 587 928
104 393 393
882 910 223
142 169 734
287 368 503
423 915 774
390 671 13
517 1023 517
14 956 956
74 1020 1020
143 852 143
282 762 762
322 509 596
90 199 199
253 1000 734
505 710 1002
278 636 636
870 939 352
289 752 289
365 612 135
454 502 502
385 776 589
75 259 525
350 933 933
21 510 208
865 933 933
571 688 594
699 722 796
225 341 729
147 981 558
93 675 675
255 261 24
190 722 77
32 983 254
502 673 502
455 706 533
241 931 931
472 1007 1007
31 441 70
59 687 59
176 204 176
192 859 859
258 988 988
27 638 638
89 986 89
311 550 550
39 737 737
125 599 599
445 768 670
609 624 205
293 889 698
296 583 583
611 923 611
354 659 589
804 821 804
65 878 59
289 786 289
804 1018 369
220 794 794
189 703 189
468 932 468
154 487 835
169 588 24
513 994 733
347 432 41
31 258 864
53 790 821
393 556 393
376 933 933
195 361 856
150 607 150
205 338 205
66 274 517
240 984 984
10 570 10
411 424 114
65 599 599
389 954 954
233 968 856
13 780 297
29 67 29
330 569 251
534 665 509
295 721 171
576 611 611
742 764 742
514 563 835
332 844 326
123 951 1016
43 145 43
385 631 385
278 808 180
4 593 4
297 739 297
320 436 694
269 539 539
316 499 316
375 444 814
104 120 728
555 926 796
107 796 796
189 691 189
252 484 698
783 796 796
493 669 639
593 781 73
189 302 189
38 946 869
202 461 815
734 822 136
127 541 555
411 866 980
119 195 401
95 502 502
402 746 988
259 845 638
670 981 670
392 463 10
449 775 481
149 412 170
391 688 677
272 969 272
293 360 960
232 319 393
508 1019 827
710 1020 1020
956 1009 956
278 689 908
54 72 63
484 983 996
459 596 614
293 442 960
162 762 762
339 636 636
324 984 984
953 1014 1014
344 510 344
526 549 89
446 802 550
174 550 550
237 490 774
267 508 616
424 606 114
76 964 964
638 907 638
145 906 762
51 235 1020
357 492 357
373 764 373
157 406 768
859 890 859
113 405 246
144 389 389
151 719 815
443 992 992
291 1023 533
23 736 736
258 421 864
120 548 728
779 860 779
816 1020 1020
139 800 800
84 217 675
602 632 995
379 472 472
433 646 300
462 720 171
163 985 159
244 305 956
430 798 430
254 656 254
421 611 611
12 43 43
618 874 868
334 477 477
806 871 876
180 246 246
329 566 329
160 982 982
115 437 437
62 965 965
150 280 150
697 923 697
432 767 43
254 878 254
338 433 338
424 626 114
442 897 497
639 905 639
687 835 835
494 826 826
640 713 940
829 931 931
267 506 506
27 437 437
609 718 205
21 90 90
475 956 956
7 684 684
512 711 711
262 978 23
190 615 77
1 692 1
580 673 430
325 433 300
172 984 984
384 741 517
143 546 143
73 121 456
203 992 992
355 682 355
704 790 866
332 430 430
589 875 589
770 855 855
112 123 1016
495 973 814
713 858 1014
71 658 612
472 945 472
3 106 638
155 677 479
217 682 612
109 312 965
492 951 951
67 221 221
863 1013 684
339 823 529
142 322 804
221 904 221
800 928 928
275 637 275
138 760 479
160 1016 1016
150 277 150
769 924 769
3 197 638
275 1023 275
166 308 403
602 617 995
506 747 506
21 492 809
236 950 744
653 1022 518
817 829 655
762 853 762
751 1011 907
49 119 736
71 177 697
25 254 254
177 800 800
798 1018 369
716 949 636
348 742 742
583 907 583
476 556 476
657 744 744
71 500 640
53 146 611
220 291 468
170 583 583
164 769 769
78 295 78
609 696 205
632 938 4
23 662 352
409 413 409
238 314 314
231 896 10
203 852 143
192 930 954
256 439 316
513 894 894
200 557 933
168 411 130
53 203 299
473 981 373
128 967 611
121 653 456
657 923 325
589 823 589
102 506 506
742 777 742
525 566 525
709 855 855
957 1005 176
406 614 614
199 940 199
391 843 391
59 891 59
639 983 639
326 804 326
50 145 762
806 957 957
728 740 728
96 449 599
520 958 798
545 550 550
196 634 768
520 936 238
10 34 10
708 843 843
66 907 907
621 685 826
721 1005 176
565 998 932
692 889 189
446 658 431
754 979 326
416 559 592
343 835 649
160 243 859
535 669 639
170 761 854
107 685 107
518 904 518
567 1002 1002
111 351 779
210 543 403
240 623 756
272 648 648
88 378 1013
908 944 114
163 652 140
129 776 589
522 940 940
17 716 677
61 636 251
193 865 600
234 661 661
56 979 648
564 702 957
30 110 63
133 153 221
340 470 171
136 699 796
176 254 254
83 730 873
757 985 816
500 978 23
283 812 345
45 591 566
26 758 779
751 886 886
205 632 205
370 530 891
477 611 477
399 673 814
355 996 996
490 1011 774
403 422 403
10 418 10
37 93 100
229 448 993
603 859 859
529 835 835
773 884 1014
18 620 9
831 907 437
519 762 762
251 760 251
128 748 975
696 1020 1020
428 521 521
100 698 698
164 638 638
174 525 525
182 872 886
97 424 114
48 526 694
5 1017 539
652 1016 1016
228 666 940
257 395 288
311 510 41
471 640 587
144 705 555
368 803 859
80 751 383
430 639 430
117 497 830
508 903 903
393 406 393
281 661 661
533 563 835
497 670 670
73 512 73
138 980 980
656 805 42
37 971 1001
287 632 503
750 929 254
612 1007 1007
333 635 170
1 189 1
368 871 615
835 871 835
935 975 975
324 548 636
401 728 728
213 795 93
389 567 497
672 837 476
232 882 729
908 956 908
34 46 297
325 613 481
209 494 208
26 555 779
295 966 295
692 839 744
166 357 403
302 905 905
50 699 796
477 868 477
77 870 352
80 336 383
58 285 373
251 677 251
216 678 876
430 689 430
781 970 73
322 463 463
166 508 403
90 503 90
239 786 960
210 854 854
251 599 251
159 310 540
8 309 462
633 995 995
196 348 768
477 492 477
210 728 728
21 555 809
366 660 389
205 582 205
155 363 479
105 931 931
475 737 737
1 75 1
300 312 300
555 1018 369
11 160 11
14 796 796
634 1019 634
266 800 800
914 986 986
67 1022 4
667 1008 868
400 750 254
300 742 300
121 424 114
408 522 479
7 618 868
377 521 521
329 411 329
781 826 826
81 609 205
217 599 599
808 859 859
99 133 491
242 629 43
682 821 821
59 594 594
917 970 711
299 972 566
38 306 477
14 941 830
101 921 794
645 955 517
59 633 59
721 768 171
534 616 616
493 516 502
314 859 859
288 890 964
387 812 506
447 810 859
6 398 437
199 663 199
272 391 272
205 882 205
267 955 616
865 898 600
205 956 956
380 731 102
544 886 886
8 445 670
476 632 476
277 750 254
77 286 77
491 823 491
534 632 647
109 540 866
414 541 327
54 239 647
522 1016 1016
169 204 734
276 589 589
526 655 89
16 178 29
503 978 23
676 923 951
429 906 592
300 855 300
351 945 529
72 208 63
62 545 733
275 538 275
755 840 525
264 953 1014
115 457 525
995 1010 995
344 861 344
201 921 189
517 970 517
728 806 728
205 406 205
371 670 670
83 639 639
196 284 105
64 891 581
779 784 784
351 915 501
316 386 316
220 553 553
291 818 869
564 748 975
327 678 876
607 899 299
195 703 472
154 329 835
125 565 125
717 876 876
29 205 29
156 442 373
677 935 677
782 1023 533
887 1014 1014
68 954 954
102 977 102
77 388 521
699 932 796
312 556 965
820 854 854
661 932 661
132 889 430
43 772 43
219 855 855
486 521 521
171 629 171
349 867 150
126 693 639
492 796 796
119 226 401
384 443 125
487 685 159
529 784 784
140 930 995
152 484 698
182 199 199
102 493 502
134 327 130
349 973 150
339 884 1014
146 854 854
521 615 521
342 912 316
288 352 352
210 475 475
301 1010 707
441 975 975
581 935 581
45 666 957
33 368 996
288 907 288
41 676 41
770 801 385
455 673 814
442 541 929
511 913 511
816 916 855
54 146 611
70 672 70
764 784 784
290 303 43
52 1012 63
877 999 409
452 716 677
11 398 1001
147 176 176
36 425 610
622 999 784
260 755 698
633 1023 758
12 88 1016
270 921 794
621 790 826
610 851 511
490 797 774
671 946 13
545 779 779
1 919 1
852 869 143
361 549 856
652 847 275
728 873 873
349 909 150
260 621 208
124 262 550
976 980 992
116 936 951
111 829 655
450 463 636
378 974 854
523 814 956
405 490 774
380 959 744
66 562 472
95 658 180
167 903 89
246 1000 246
646 719 815
46 854 854
332 584 956
360 990 886
110 196 63
250 673 272
54 678 876
327 969 327
329 964 964
502 873 873
588 1007 1007
888 1007 1007
431 954 954
89 712 89
37 502 502
11 611 611
465 839 744
238 411 980
577 624 180
92 475 475
157 503 97
201 866 189
43 384 43
204 252 869
66 998 135
220 894 894
249 390 297
112 717 325
183 295 78
535 828 931
634 784 784
95 847 275
74 751 357
252 348 100
24 201 189
25 918 89
429 744 744
20 694 694
331 445 670
190 401 401
202 422 102
521 873 873
14 97 553
494 992 992
681 837 475
50 792 321
170 464 170
347 945 268
183 770 78
426 700 901
230 528 430
265 587 587
9 990 9
18 43 43
293 454 960
628 813 628
157 802 550
670 832 670
59 774 774
472 769 769
606 871 728
344 650 344
71 229 380
636 920 636
493 677 677
432 521 41
436 793 1
165 892 70
297 345 297
290 860 43
219 744 744
332 580 430
250 767 43
50 895 272
863 996 996
266 585 911
352 993 352
150 351 150
17 558 558
479 825 479
151 525 525
163 749 352
619 891 125
506 654 506
28 438 41
638 975 638
158 968 1020
268 737 737
670 947 1
116 828 327
79 491 491
439 588 521
62 966 1013
47 472 472
435 632 564
348 880 654
97 421 107
349 889 150
615 686 843
963 1007 1007
168 434 130
495 651 477
168 746 988
565 945 529
451 742 409
272 621 272
278 668 180
110 715 63
910 999 794
512 593 482
143 1021 143
796 847 796
251 516 251
32 65 254
102 468 102
465 471 587
286 383 159
219 996 996
120 176 176
215 1001 661
183 217 78
13 223 13
53 204 314
589 805 589
52 510 63
53 255 821
109 807 996
438 771 41
834 941 684
198 946 105
566 747 506
168 433 300
189 796 189
936 1013 1013
926 987 796
506 925 506
146 896 992
659 711 628
517 548 517
273 303 308
716 928 928
80 403 403
205 308 205
685 724 675
92 204 314
567 782 497
263 814 583
139 764 965
350 505 477
199 932 199
632 882 503
97 605 97
154 458 835
237 491 491
211 878 59
317 769 769
43 835 43
488 505 694
199 499 762
239 482 482
495 1001 1001
54 725 389
430 928 430
593 612 482
74 516 308
67 777 647
170 321 170
301 830 830
233 546 600
186 642 756
89 851 89
647 678 876
89 806 89
199 682 199
801 1021 59
29 1007 1007
650 813 697
25 64 89
449 665 481
160 974 854
777 977 809
316 558 316
219 737 737
338 448 338
206 566 338
277 792 321
302 633 804
211 1021 59
527 912 316
205 977 205
691 837 476
146 253 611
357 846 357
69 699 114
159 769 769
575 600 600
51 337 10
213 800 800
290 680 43
575 921 308
551 649 649
272 765 583
19 370 655
344 519 344
38 701 616
592 736 592
552 762 762
527 722 42
541 887 911
261 752 24
320 587 587
495 500 814
205 908 908
166 364 403
127 414 327
41 662 41
197 767 43
37 90 90
112 744 744
500 541 640
499 718 762
372 767 43
439 517 517
724 919 919
122 142 908
221 965 221
103 440 908
602 959 744
346 854 854
72 988 988
548 707 70
5 834 684
37 903 903
988 997 988
294 804 385
814 1001 1001
401 1021 59
326 920 907
251 741 251
168 335 463
115 671 525
321 402 321
505 857 1007
871 983 996
177 722 431
300 666 300
128 194 497
345 480 345
399 600 600
573 928 928
475 606 475
589 710 589
277 812 742
398 452 1001
404 513 737
508 707 707
397 953 329
313 429 313
273 677 677
142 254 254
648 708 648
126 146 639
681 732 475
569 613 251
273 893 316
804 882 804
220 695 288
74 861 357
105 454 105
372 984 984
285 471 587
161 258 170
602 856 995
264 795 1014
676 679 951
512 624 180
43 123 43
248 986 540
60 472 472
292 343 769
280 578 830
322 949 636
294 390 385
29 338 29
658 979 980
75 751 525
215 978 661
580 806 430
323 925 581
177 602 995
72 645 63
543 796 796
88 482 482
64 964 964
743 869 1007
443 596 125
44 844 130
293 825 960
238 939 314
240 520 291
782 820 456
633 814 814
519 705 478
190 787 78
159 348 100
295 846 295
299 461 299
296 344 344
131 856 1
35 931 931
916 1006 873
135 342 135
438 747 506
114 935 114
532 743 1007
80 502 502
463 824 894
677 754 677
629 646 891
791 842 600
525 692 525
512 646 634
130 777 130
681 938 475
750 1001 254
130 893 316
414 940 940
43 584 43
245 810 933
669 864 639
376 970 932
331 864 864
288 915 288
427 555 555
38 795 427
45 520 507
435 605 564
94 400 1020
3 836 800
381 548 70
574 809 907
306 506 506
350 844 968
669 980 639
82 555 82
301 817 905
475 597 928
363 815 125
516 764 308
307 1009 199
931 994 931
541 948 964
639 651 639
114 662 114
252 770 385
93 709 93
649 837 649
592 744 744
229 907 907
217 861 73
73 420 11
435 752 982
41 397 41
652 666 140
465 811 391
448 729 729
809 817 905
519 1019 478
368 640 615
478 655 655
100 815 815
417 856 992
8 974 854
501 980 980
540 757 816
202 615 102
62 617 553
1 944 1
368 1003 951
240 706 478
768 827 768
726 763 176
479 553 479
233 1010 856
280 520 255
494 565 932
114 854 854
46 480 297
727 984 984
46 979 297
460 517 611
644 788 481
458 712 491
221 450 636
77 752 77
335 624 180
352 353 352
193 742 742
970 1016 1016
538 605 507
430 744 430
500 818 869
9 988 9
642 679 758
991 1009 199
853 876 189
195 648 648
144 672 707
594 632 594
521 864 521
484 648 648
142 1019 804
784 925 784
25 745 89
172 255 784
629 858 1014
396 655 655
332 571 594
351 486 23
414 918 24
47 622 784
45 255 507
463 951 463
822 900 1016
350 914 968
336 476 476
219 998 975
476 977 476
328 511 511
179 248 954
426 604 901
782 856 856
309 911 911
70 1010 70
632 821 647
84 871 675
313 568 728
796 996 796
65 393 1013
168 395 355
672 776 589
386 923 729
640 705 555
115 853 525
94 382 638
698 794 698
76 590 472
151 1010 707
146 285 611
503 823 529
578 757 830
51 430 430
219 272 272
59 899 59
282 705 102
401 843 843
133 632 932
30 983 996
750 1007 1007
226 519 478
51 114 114
215 723 143
257 1008 288
811 1018 391
710 996 996
208 616 208
225 299 299
46 716 297
160 368 986
92 320 223
234 766 661
23 61 251
525 800 525
295 805 42
220 670 670
141 551 344
530 709 891
256 646 316
407 990 886
23 235 1020
239 585 911
695 938 288
131 731 1
889 996 996
6 223 437
263 278 583
463 680 355
807 1012 996
130 796 796
411 957 957
10 913 10
651 924 254
440 703 908
559 755 698
506 853 506
8 491 491
316 525 525
7 217 77
547 687 389
197 261 24
855 991 855
71 368 615
554 649 649
135 259 638
54 793 1
297 419 143
34 766 737
297 1001 297
508 693 815
77 715 77
738 984 984
902 953 140
358 866 221
175 177 697
649 784 649
495 792 321
763 991 176
409 933 933
244 846 975
652 982 140
668 1018 369
335 967 611
120 299 728
464 842 670
910 923 223
199 757 199
268 789 29
301 555 113
64 553 581
219 450 636
742 966 742
678 978 876
86 612 988
81 303 655
239 672 707
369 874 369
298 639 639
189 365 189
455 995 995
175 769 769
733 951 951
89 829 89
365 399 4
273 961 308
472 940 472
316 741 316
174 187 272
297 1009 297
603 975 975
9 582 9
542 581 581
396 984 984
451 928 928
657 994 564
316 364 316
718 869 869
144 848 533
441 879 70
127 874 93
48 901 694
854 974 854
150 322 150
95 152 816
367 1007 1007
580 786 430
762 847 762
564 1008 564
367 820 649
26 639 639
16 526 89
737 847 737
406 957 957
285 960 960
338 482 338
93 938 4
320 697 697
437 877 437
857 1021 1007
448 875 599
233 632 856
775 922 369
413 694 694
102 878 59
163 803 859
533 791 600
544 928 928
139 211 894
101 672 707
140 649 649
352 478 352
165 1002 1002
407 794 794
522 1007 1007
150 522 150
483 520 503
402 534 463
23 521 521
237 316 316
628 1020 1020
262 429 135
503 995 995
583 644 583
105 866 105
589 633 589
973 989 475
49 304 736
589 723 143
442 1008 929
59 666 59
56 414 648
390 777 657
346 455 150
503 808 503
129 480 931
319 744 744
22 834 684
526 809 89
289 1012 289
16 168 345
709 816 816
264 434 1014
416 751 454
240 877 409
277 547 742
623 771 756
329 619 329
595 819 476
920 997 344
526 707 89
254 616 254
70 267 70
341 445 670
338 370 338
329 360 329
141 479 479
454 472 472
41 137 41
408 410 437
377 911 911
429 482 482
37 932 100
233 272 272
24 293 960
30 478 736
572 820 931
368 725 389
671 847 275
410 694 694
356 725 901
698 897 698
165 904 70
309 757 816
498 770 476
48 178 694
67 547 647
524 1019 1007
828 878 59
140 982 140
308 624 308
749 954 352
134 636 636
178 600 600
223 289 289
66 159 159
42 199 199
234 905 661
228 278 940
419 1003 143
687 719 815
32 957 254
854 964 854
270 1022 4
225 779 779
631 782 866
191 984 984
268 1015 954
59 277 59
139 846 468
393 886 886
667 1004 475
332 361 856
818 912 316
667 787 78
342 961 564
80 835 835
249 406 297
254 846 254
181 634 9
804 885 288
649 835 649
225 803 859
268 709 268
404 911 737
182 929 886
364 1009 199
94 690 221
246 580 430
493 835 835
892 909 628
492 906 592
297 692 297
100 414 327
178 547 29
21 634 634
90 915 90
86 552 886
355 1007 1007
709 751 509
142 740 804
538 816 816
375 902 107
846 899 327
80 298 391
158 600 600
101 831 437
494 977 540
561 756 756
862 984 984
483 939 314
429 448 135
171 401 171
220 774 774
206 460 338
489 788 275
610 924 254
659 872 628
844 1008 929
529 589 589
465 902 107
550 691 550
107 267 107
184 281 329
496 737 737
583 1002 583
132 986 430
354 869 589
176 760 176
243 443 859
14 194 553
666 733 957
337 490 10
418 651 477
205 523 956
196 395 355
174 561 272
468 540 468
160 694 694
481 482 481
394 909 90
88 168 130
343 638 649
572 694 694
599 661 661
189 623 189
226 935 113
223 507 223
194 608 550
86 941 988
250 346 150
114 343 114
341 814 814
351 702 957
332 903 903
10 716 10
638 834 638
37 732 295
106 734 734
440 458 908
104 306 477
393 601 393
272 908 908
135 764 965
606 706 728
596 830 830
177 513 697
460 986 611
381 854 854
265 318 928
365 376 135
1 524 1
21 950 744
648 952 648
113 246 246
104 615 868
943 1007 1007
457 999 794
553 978 553
618 969 868
588 963 345
577 961 401
385 464 903
567 972 566
632 714 97
50 744 744
373 899 373
122 782 908
376 878 59
214 535 931
521 941 830
575 995 308
574 784 784
193 859 859
444 946 869
90 296 90
782 974 854
751 936 238
280 363 125
140 326 140
156 955 373
322 678 876
52 274 63
120 138 728
724 951 951
594 874 594
29 209 29
324 332 636
737 802 737
380 750 254
368 727 984
440 457 908
860 937 937
240 705 555
83 784 784
278 305 956
282 686 843
620 992 992
181 1013 9
351 1024 855
59 705 59
636 902 636
176 444 176
469 783 1002
54 977 809
22 789 29
344 820 344
151 747 506
39 905 905
767 1007 1007
139 721 171
97 373 373
462 855 855
722 899 327
691 854 854
567 928 928
82 838 587
73 473 373
455 638 638
189 594 189
820 895 272
3 43 43
36 593 482
240 1019 827
355 538 355
63 456 63
477 831 437
464 1007 1007
388 451 409
497 753 462
456 646 456
82 304 82
351 585 911
129 380 684
403 543 403
707 744 744
185 835 835
595 1024 855
157 599 599
135 151 454
181 279 9
42 530 42
161 502 502
790 935 827
633 939 758
702 986 957
322 347 268
125 475 475
62 609 205
32 1007 1007
463 931 931
140 975 975
323 803 859
346 458 150
649 759 649
713 931 931
393 653 518
275 489 275
334 687 960
399 887 911
310 941 830
262 951 951
18 689 908
722 846 431
820 992 992
587 909 587
496 550 550
1 956 1
520 643 13
63 1007 1007
184 205 205
190 357 357
132 426 430
710 846 1002
337 461 10
590 758 472
92 291 657
529 557 403
583 838 583
661 889 661
682 957 957
271 288 288
82 180 82
42 677 677
316 841 316
437 637 437
203 924 254
10 722 10
462 748 975
180 872 180
320 935 223
529 846 529
293 817 960
873 977 873
76 92 9
347 699 796
153 589 589
126 483 639
280 531 491
106 784 784
734 958 734
499 600 600
78 161 78
591 920 566
110 570 300
64 885 288
138 603 711
314 510 208
366 961 986
255 632 647
170 693 170
506 909 506
109 195 866
914 957 957
140 890 964
357 568 728
191 463 463
615 682 615
532 935 648
372 731 295
238 533 533
649 792 649
48 593 694
622 747 506
171 642 171
219 927 975
827 886 886
273 300 300
545 768 768
380 996 996
228 392 10
209 350 208
93 536 800
645 858 1014
93 975 975
470 570 300
320 405 246
451 511 409
173 246 409
37 720 171
67 677 677
92 552 886
452 473 373
870 940 352
182 534 886
205 321 205
79 464 903
301 966 1013
725 746 988
459 590 472
400 726 1020
365 853 189
9 672 9
516 807 996
309 386 729
413 960 251
606 631 728
442 923 325
45 577 401
691 935 736
152 952 911
305 347 956
714 1010 707
416 660 454
358 502 221
176 1023 176
113 709 113
95 189 189
6 143 143
701 744 744
78 891 78
623 711 756
188 781 511
839 854 854
194 591 566
420 828 11
544 1009 199
367 693 649
263 517 583
433 861 300
60 820 105
39 595 393
5 727 984
506 965 506
671 694 694
119 450 636
398 686 1001
371 424 114
437 719 437
415 737 737
812 827 462
60 984 984
717 759 843
315 576 675
51 669 639
28 829 984
642 944 114
316 989 316
92 537 670
197 353 742
133 266 521
10 168 10
475 854 854
421 923 107
519 859 859
883 956 956
204 992 992
141 223 344
403 692 189
260 1009 199
474 729 810
696 854 854
796 831 437
322 872 642
875 885 599
88 787 78
13 1016 1016
393 953 140
441 465 70
31 940 940
725 768 768
239 474 810
223 518 518
358 636 636
123 292 769
295 610 295
617 1017 553
159 402 463
491 740 491
164 1004 475
10 990 10
211 746 988
205 951 205
265 1020 1020
336 368 427
248 707 707
9 784 784
187 535 931
541 665 509
27 550 550
4 383 4
572 776 589
114 747 114
130 905 905
26 582 11
472 830 472
19 545 655
221 387 506
34 503 42
610 908 908
513 633 758
611 1007 1007
594 649 649
149 521 521
753 1017 462
590 862 472
450 598 636
47 575 964
649 661 649
31 351 454
217 629 891
495 965 965
557 717 403
442 742 742
183 264 1014
525 867 525
772 785 581
470 593 171
491 756 491
256 908 908
738 951 905
159 456 456
570 953 300
152 205 205
81 914 291
133 545 932
414 836 800
170 686 170
341 495 814
151 281 454
700 985 100
383 518 518
532 737 737
417 594 594
50 701 905
414 528 430
189 485 189
97 811 391
89 524 1007
937 992 992
7 849 321
127 481 481
4 464 903
80 602 995
730 940 940
288 942 288
415 787 784
294 798 385
553 996 996
611 927 611
390 508 657
207 738 649
122 143 143
192 794 954
528 931 430
386 794 794
297 842 297
616 986 616
502 900 502
553 833 289
5 790 539
668 858 1014
266 809 521
43 284 43
523 1014 1014
5 905 539
712 996 996
647 809 809
156 915 373
43 797 43
651 1024 477
333 769 769
644 837 481
337 862 10
140 883 29
164 273 308
625 940 940
751 945 529
14 854 854
284 937 105
304 863 684
164 469 843
338 988 338
137 954 954
71 545 733
348 412 321
160 821 986
590 733 472
723 909 143
64 248 581
835 1008 835
129 815 684
8 358 221
1013 1021 59
21 383 809
231 585 10
140 613 481
744 1002 744
194 375 814
261 546 600
57 954 594
240 504 594
174 892 272
265 458 742
87 782 968
252 824 894
1 1020 1
382 840 525
430 965 430
232 831 437
438 908 908
98 1015 954
71 546 600
13 812 462
235 685 1020
491 636 636
62 914 383
289 501 289
408 691 479
634 817 905
396 592 592
45 177 697
734 980 734
452 568 728
177 208 208
480 680 931
1 535 1
313 990 886
144 216 380
134 239 130
839 1014 1014
492 589 589
248 894 894
45 112 325
259 315 638
725 929 389
667 844 868
60 643 105
65 78 78
69 837 114
621 953 140
403 868 403
272 619 272
493 684 684
754 814 326
333 1015 954
29 694 694
571 577 594
649 785 649
90 979 90
827 966 1013
41 425 41
664 929 1001
28 843 984
390 698 698
842 980 670
802 844 550
111 712 491
522 859 859
524 781 1007
423 697 774
81 735 826
123 589 589
294 426 901
653 832 518
553 576 553
26 888 928
45 523 956
371 695 288
522 911 911
385 805 42
206 757 338
81 915 640
43 550 43
397 706 329
966 1007 1007
63 521 63
607 664 1001
647 862 338
306 682 477
306 677 477
323 975 581
471 483 587
757 1024 855
257 421 288
209 721 171
765 794 583
816 904 903
264 617 1014
89 746 89
908 969 908
696 779 268
288 814 288
142 741 517
73 531 491
315 394 90
63 462 63
56 704 648
334 448 960
88 863 684
270 879 140
45 562 472
638 949 638
195 658 427
961 995 995
103 881 769
96 550 550
107 656 107
578 828 830
425 736 736
149 859 859
186 679 756
108 396 933
289 734 289
652 849 321
409 417 409
442 664 1001
89 519 89
350 818 869
278 821 180
355 548 70
758 963 345
355 430 430
362 505 769
36 280 777
844 940 940
473 476 476
13 378 1013
509 840 525
259 538 638
147 380 558
379 859 859
446 510 208
611 915 611
356 854 854
111 846 779
49 154 835
821 936 238
211 234 661
536 950 744
10 101 10
299 600 600
475 822 475
196 511 511
318 754 928
501 785 581
550 836 550
209 706 208
698 720 698
54 665 509
163 588 24
980 993 980
304 527 42
483 541 503
41 221 41
93 664 1001
327 975 975
157 950 744
54 641 854
266 359 521
82 147 558
397 583 583
38 369 369
548 857 1007
532 744 744
576 794 794
801 956 956
101 107 107
632 988 988
136 916 136
149 404 737
110 817 63
671 724 675
712 974 854
41 155 41
533 874 533
79 355 355
393 465 937
600 1007 1007
261 324 636
143 436 143
600 867 600
688 975 677
97 709 97
754 917 711
696 974 854
858 897 1014
184 290 43
288 938 288
499 662 762
183 268 78
100 409 409
256 770 316
738 956 956
114 694 694
563 1021 835
658 902 107
640 782 968
1 319 1
432 797 41
126 762 762
2 613 199
892 918 24
422 1007 1007
260 436 694
442 512 642
65 857 1007
5 789 29
707 809 707
461 486 815
481 981 481
78 969 78
114 143 143
3 404 737
152 233 856
897 899 327
264 786 1014
113 325 113
119 259 638
586 964 964
206 899 338
69 900 114
66 142 804
961 981 827
8 517 517
603 753 711
9 814 9
773 1017 810
258 733 864
816 963 345
579 817 905
654 700 654
627 671 391
244 251 251
296 719 815
257 762 762
80 551 90
855 903 855
160 225 982
477 680 477
143 593 143
270 968 968
220 234 661
221 603 221
275 886 886
549 876 876
261 409 409
177 820 456
273 738 308
254 974 254
7 386 77
329 677 329
435 564 564
62 538 383
514 778 1002
260 459 614
525 767 525
841 880 654
702 929 957
89 791 89
56 137 648
459 780 297
517 873 873
87 873 873
6 832 437
256 504 316
64 738 581
334 386 960
214 376 599
42 844 42
230 649 649
433 684 684
192 1014 1014
992 1009 992
196 1007 1007
855 975 855
266 520 521
447 772 859
353 435 431
39 236 295
612 955 634
8 67 462
113 125 125
535 655 931
44 491 491
654 743 1007
754 755 698
638 756 638
236 609 205
63 1016 63
797 995 995
769 995 769
119 828 327
360 979 401
521 824 521
850 947 1
494 890 964
287 728 728
389 908 908
255 856 856
525 532 525
205 795 205
746 878 988
834 888 928
74 901 901
123 391 1016
164 245 933
236 840 525
169 1020 1020
127 537 670
44 515 940
23 112 23
92 668 657
341 626 385
585 659 911
717 722 431
437 550 437
513 841 616
220 1016 1016
292 591 769
189 768 189
536 780 297
688 731 677
12 134 1016
216 1007 1007
602 881 769
72 117 63
116 691 736
174 373 272
758 794 794
167 783 89
251 295 251
378 624 1013
23 513 733
616 961 616
251 772 251
637 984 984
686 712 491
554 773 456
297 319 297
553 878 553
332 863 684
909 980 586
321 718 321
193 582 11
353 929 431
341 704 866
288 713 288
150 543 150
465 544 873
177 369 369
14 585 911
684 909 684
265 349 150
429 555 135
79 315 313
3 94 638
390 621 826
68 623 756
1 975 1
150 964 150
462 648 648
316 358 316
36 648 648
755 898 698
252 485 614
146 682 611
528 833 430
202 308 308
686 767 43
872 886 886
138 193 313
24 866 24
53 561 223
622 1000 784
819 823 529
761 976 854
207 493 649
127 441 70
694 812 694
688 774 774
330 638 638
118 824 894
92 760 479
95 849 321
163 777 777
194 238 325
734 866 734
193 730 855
209 552 886
259 318 928
530 600 600
714 954 954
535 750 254
635 894 894
491 551 491
411 629 980
169 695 288
736 777 736
476 835 835
43 531 43
85 938 826
85 606 728
110 858 1014
251 638 251
45 953 140
34 594 594
136 939 136
791 882 600
693 873 873
587 1024 587
933 972 933
52 784 784
236 300 300
8 80 462
521 904 521
278 934 864
955 983 996
576 873 873
694 959 694
668 679 758
116 875 599
21 722 431
8 459 614
683 795 344
354 906 589
641 832 854
359 839 744
604 920 614
21 796 796
161 513 170
151 742 742
157 929 97
288 732 288
423 664 774
241 404 737
923 1006 873
154 314 835
265 774 774
332 776 589
330 495 592
713 796 796
24 643 24
134 291 130
437 593 437
583 722 583
175 612 596
263 744 744
395 402 355
619 886 886
396 768 553
312 658 965
152 722 816
310 426 901
208 653 518
81 483 503
315 490 774
450 898 636
117 319 830
956 997 956
81 717 821
114 234 114
406 474 810
9 79 9
280 474 810
69 498 114
816 890 964
603 704 711
111 870 352
205 257 205
474 962 589
142 788 980
762 992 762
576 750 254
352 1010 352
525 960 525
548 995 995
501 753 462
577 790 401
285 502 502
280 1017 810
239 726 300
493 981 502
426 716 677
176 322 176
674 851 511
171 239 171
31 192 954
144 270 238
119 818 401
94 254 254
689 771 908
620 908 908
416 624 180
238 603 711
613 1007 1007
87 298 391
349 499 762
172 539 784
390 776 589
156 464 903
18 442 539
262 871 507
41 830 41
426 871 901
291 744 744
132 429 430
656 796 796
41 346 41
37 415 784
223 737 737
585 908 908
197 300 300
210 868 677
7 1012 794
301 855 855
351 575 308
711 911 911
45 751 507
447 665 859
430 544 430
148 507 903
33 685 996
376 723 143
164 693 843
561 665 223
217 969 383
961 1023 533
83 132 430
170 253 170
209 835 835
626 872 385
551 578 830
477 946 477
138 576 675
405 1006 873
593 605 482
398 415 784
590 792 472
20 416 639
208 751 208
558 775 558
518 656 518
15 534 529
462 775 462
827 923 325
299 980 299
660 933 933
68 266 521
296 341 482
212 556 357
778 977 246
299 663 299
261 371 24
67 592 592
710 899 1002
46 659 297
637 932 894
8 963 345
536 789 800
740 963 345
430 877 430
138 978 468
143 585 143
379 958 199
809 859 859
321 659 321
164 528 430
7 809 77
44 338 338
450 992 992
502 951 502
492 899 327
533 787 78
406 757 816
180 1013 1013
111 255 779
210 336 677
523 759 956
36 631 866
112 213 93
430 829 430
111 845 779
211 674 355
107 319 107
722 941 830
914 1008 291
268 562 472
160 229 380
372 995 995
615 826 826
607 798 299
359 671 246
697 872 697
23 75 525
312 909 586
100 955 100
843 975 975
624 663 180
79 931 931
554 719 456
23 890 964
37 217 100
222 873 873
272 851 511
737 813 737
113 205 205
706 911 911
171 774 774
310 950 744
38 229 427
102 505 477
689 840 908
268 479 479
251 763 251
632 985 159
582 999 794
184 508 329
536 560 800
643 729 13
429 909 586
272 756 272
832 898 539
62 348 100
421 664 1001
286 454 454
334 690 221
25 428 89
1 681 1
159 821 159
199 362 769
29 288 29
723 917 143
517 666 517
512 716 677
114 153 114
809 982 809
301 673 814
41 567 41
434 821 634
246 308 308
728 1011 728
133 628 628
171 447 859
718 808 97
560 586 796
520 650 986
543 811 403
415 541 784
468 802 550
542 805 42
92 457 756
571 588 594
104 240 868
565 874 932
465 901 901
1 662 1
841 986 616
597 965 928
157 366 97
188 907 511
390 931 931
386 935 729
752 998 135
736 950 744
330 1022 592
546 582 600
351 817 905
49 432 41
254 432 254
516 763 176
163 874 93
105 764 105
407 746 988
17 403 403
479 907 479
784 983 784
226 1002 1002
348 672 100
303 329 329
800 963 800
511 612 511
35 280 329
10 1012 10
44 501 130
135 916 855
635 933 933
270 419 143
549 994 919
198 229 105
429 779 779
27 105 835
913 960 558
199 553 199
114 1015 114
484 649 649
174 465 272
216 274 517
849 897 321
523 749 352
123 434 1016
124 549 550
649 796 649
147 816 558
27 813 835
225 454 454
360 715 401
731 1008 102
252 875 599
191 402 463
409 667 409
846 1019 827
114 607 114
370 724 675
251 506 506
405 919 246
299 851 511
1 25 1
132 1011 430
847 1009 199
372 697 295
238 446 431
513 680 355
170 241 205
808 966 1013
114 767 114
73 685 73
80 993 383
425 476 476
771 960 960
71 717 821
117 406 830
544 908 908
385 956 956
267 468 616
231 471 10
478 744 744
388 645 517
286 427 159
580 967 430
147 1016 558
227 839 661
377 379 199
558 575 558
191 449 481
184 884 1014
875 895 599
565 632 932
89 575 89
151 923 454
529 876 529
444 1012 794
594 859 859
219 567 975
487 975 975
83 843 873
536 678 800
137 833 289
357 486 357
372 397 329
515 859 859
46 219 297
744 987 744
80 265 742
651 702 477
86 975 988
591 1002 1002
696 770 268
34 86 988
265 473 742
478 876 876
871 924 254
169 318 928
842 1007 1007
731 979 102
474 684 684
390 859 859
281 605 507
509 674 355
163 187 586
93 283 345
352 1014 1014
907 908 908
61 838 251
301 715 478
432 872 41
243 739 859
280 844 929
34 376 42
453 529 529
35 462 329
376 694 694
689 926 908
881 921 769
333 665 170
88 97 482
102 188 511
88 768 768
43 226 43
466 823 762
93 381 919
66 923 325
53 507 507
254 963 254
24 461 24
59 927 59
296 451 409
5 694 694
228 382 638
202 408 479
506 716 506
635 684 684
212 772 136
367 782 649
815 990 886
86 589 589
138 225 468
801 835 835
86 670 670
260 971 1001
272 476 272
455 983 996
562 687 472
8 700 462
173 541 409
664 784 784
21 542 816
472 492 472
412 531 491
202 498 476
412 813 321
358 819 221
399 570 300
194 550 550
271 794 794
540 549 919
210 911 911
653 883 29
136 988 988
302 363 125
338 491 338
837 906 592
147 546 600
98 661 661
198 653 105
167 550 550
645 924 254
354 1018 589
107 989 475
299 530 299
18 313 539
646 861 73
854 922 854
645 684 684
437 684 437
430 934 430
66 314 314
732 769 769
550 950 550
586 793 1
434 995 995
471 511 511
93 131 1
145 616 762
222 705 901
163 918 24
472 512 472
350 857 1007
234 455 661
412 703 472
596 898 539
477 610 477
418 911 911
398 556 1001
216 776 589
1 210 1
171 937 171
222 681 475
156 478 373
148 393 903
255 329 329
647 828 327
62 954 954
43 308 43
718 893 316
615 813 697
227 509 661
349 667 150
27 283 345
250 641 854
660 982 982
89 646 89
73 127 73
158 550 550
615 795 615
438 629 41
31 318 928
517 917 517
342 663 357
381 845 919
873 965 873
35 994 329
237 610 856
857 872 1007
481 514 1002
157 436 694
627 767 43
53 366 612
340 343 649
6 267 437
927 971 1001
655 753 655
688 828 677
61 656 251
223 811 391
495 608 550
311 649 649
648 762 762
257 893 316
297 603 297
376 382 638
263 358 583
240 612 612
62 228 940
776 1011 589
380 826 826
79 291 313
226 799 314
103 649 649
120 437 437
161 215 661
484 599 599
589 590 472
33 204 996
351 921 794
914 939 314
164 964 964
461 858 1014
411 535 931
336 605 427
217 685 93
733 751 733
658 848 533
649 695 649
625 918 338
471 833 587
220 518 518
628 661 661
886 957 886
2 150 150
262 969 383
282 768 768
784 859 859
70 542 70
273 530 308
22 558 558
828 977 327
34 940 940
81 692 189
26 365 779
50 363 125
556 658 804
613 646 481
93 267 616
291 1015 954
557 648 648
112 920 907
608 766 737
546 825 600
509 761 854
86 536 800
27 374 150
40 670 670
332 729 326
611 620 9
364 454 654
331 391 391
136 874 136
434 560 796
95 527 42
33 225 996
18 132 430
612 956 956
81 92 657
53 371 876
581 681 475
560 781 796
53 513 733
287 958 798
528 572 430
348 589 589
77 164 843
460 825 611
43 176 43
497 706 497
181 784 784
16 594 594
640 679 758
173 675 409
549 986 919
254 913 254
41 305 41
87 735 826
706 864 864
350 403 403
221 812 221
150 837 150
262 618 868
348 465 937
101 269 82
366 427 427
482 670 670
147 533 558
282 740 102
1 584 1
309 1011 907
469 794 794
847 942 587
664 891 1001
525 546 525
758 1006 873
311 458 41
608 847 550
499 523 762
80 977 809
878 975 975
366 949 636
483 589 589
386 1023 533
162 275 275
94 779 558
511 558 511
35 523 956
381 609 205
446 619 125
590 979 472
84 937 937
195 581 581
422 518 518
416 659 628
752 915 982
917 1002 1002
571 784 784
345 1007 1007
156 373 373
191 711 711
526 623 89
821 978 23
352 364 352
499 830 762
332 775 326
592 937 592
355 653 518
732 843 843
472 987 472
742 843 742
437 477 437
453 741 517
371 445 670
367 683 649
56 754 648
300 992 992
181 426 9
281 911 911
45 253 238
522 952 911
477 749 352
587 820 587
553 642 553
21 844 809
150 257 150
253 981 827
148 488 694
602 890 964
86 476 988
23 151 454
128 216 497
229 499 762
121 720 456
109 156 373
98 313 937
553 972 553
681 805 475
327 620 9
81 170 170
92 615 657
104 341 868
27 109 835
570 651 477
295 552 886
119 968 401
605 923 325
354 883 29
242 1016 43
321 900 1016
406 744 744
223 895 272
373 834 684
155 925 479
603 894 894
369 837 476
114 988 114
67 792 321
260 579 208
496 664 800
614 873 873
146 1000 611
922 940 940
429 750 254
497 999 794
649 888 928
865 915 600
97 401 401
177 871 697
752 996 996
321 904 321
167 674 89
310 527 42
543 951 403
822 943 648
247 275 275
242 989 43
906 921 794
262 696 268
69 254 254
308 825 308
116 764 951
221 422 221
543 753 403
463 872 463
674 817 355
744 910 744
584 663 956
90 919 90
366 704 866
728 732 728
458 966 107
131 220 1
351 446 431
650 672 707
129 1002 1002
336 947 1
309 431 431
190 339 77
186 865 600
133 140 140
127 936 555
476 907 476
477 684 477
297 964 297
313 576 313
483 698 698
479 891 479
6 190 437
37 968 100
67 961 647
273 784 784
816 947 1
589 887 589
330 694 694
532 914 648
350 718 97
155 691 479
448 821 993
141 780 297
422 558 558
923 961 325
75 111 525
41 477 41
306 708 477
609 973 205
302 497 804
49 415 784
848 969 533
384 899 90
116 202 951
388 883 29
707 978 707
52 167 89
333 798 170
359 594 594
377 613 864
68 148 903
649 749 649
660 668 389
146 659 611
142 597 928
563 661 661
963 975 345
274 342 517
741 913 558
456 935 456
688 816 677
38 460 611
111 773 825
337 816 10
588 775 24
473 837 476
369 594 594
566 970 566
482 993 482
76 985 9
570 849 300
585 976 992
715 800 800
852 976 143
363 814 125
475 1012 475
409 851 409
587 996 996
505 784 784
392 409 409
259 879 638
121 778 456
199 417 992
29 856 29
86 242 43
281 877 409
146 581 581
663 1003 357
826 849 321
98 1017 937
180 830 830
133 954 954
97 668 97
45 245 933
150 398 150
214 454 599
605 795 507
289 639 639
84 144 675
448 534 993
239 593 482
23 619 125
48 249 694
448 902 107
143 649 143
198 670 670
145 921 762
158 333 1020
200 745 933
2 582 199
31 909 586
524 899 1007
691 753 736
304 605 586
188 655 511
289 571 594
426 755 698
584 991 956
132 161 430
724 810 810
629 681 475
891 1010 707
411 767 43
432 719 41
332 946 326
755 1001 1001
192 603 954
550 800 550
152 905 905
885 965 288
401 997 344
89 751 89
10 930 10
699 937 796
114 253 114
470 932 171
373 860 373
476 988 988
415 693 784
110 457 63
387 651 506
367 688 649
380 610 610
23 182 886
363 809 125
126 198 639
158 166 1020
638 790 638
242 270 43
141 511 511
2 843 199
107 612 107
327 660 327
193 972 566
661 913 661
62 521 521
340 539 539
626 656 82
531 633 491
601 665 77
857 1007 1007
189 468 189
478 698 698
486 605 23
654 660 654
72 78 78
219 271 654
1 728 1
693 904 903
613 914 481
210 488 694
271 830 830
167 850 89
741 803 859
703 928 928
588 802 550
399 627 391
619 661 661
466 598 762
479 796 796
34 345 345
623 756 756
444 667 868
119 743 1007
758 832 11
269 709 82
30 924 254
195 570 300
556 932 804
709 924 254
180 680 355
326 615 326
207 838 649
668 938 4
234 844 661
220 706 468
345 549 345
339 640 982
186 1004 475
644 819 481
31 977 454
238 821 238
381 478 919
173 693 409
18 850 511
85 665 826
271 427 654
819 908 908
35 973 329
204 275 275
191 194 711
283 694 694
524 750 1007
37 860 100
81 446 431
313 667 313
752 969 383
944 1007 1007
413 895 251
281 573 506
243 686 859
760 808 479
73 874 73
78 551 78
52 471 587
363 996 996
349 884 1014
191 587 587
780 786 297
335 439 521
263 352 352
23 969 23
88 381 919
407 588 24
855 1017 855
353 766 737
78 95 78
803 987 859
416 446 431
501 932 932
6 679 437
475 955 475
227 254 254
720 980 171
259 378 638
197 473 742
31 359 246
431 535 931
693 884 1014
327 650 327
207 447 649
648 774 648
268 805 42
568 648 648
113 411 980
316 722 316
464 911 911
62 982 383
309 673 814
311 373 41
77 702 957
27 819 835
152 1005 176
456 970 456
299 554 456
673 731 814
9 86 9
366 682 612
355 498 355
198 570 105
729 771 810
44 248 130
600 769 769
607 861 299
275 377 275
430 924 430
831 855 437
465 549 937
163 309 501
462 475 475
231 769 769
228 859 859
273 390 308
680 985 355
595 721 171
41 471 41
172 919 784
437 749 437
427 674 355
237 979 856
176 575 176
9 713 9
425 1022 610
422 749 352
291 385 385
238 671 13
579 642 610
9 1010 9
268 727 984
696 988 988
77 384 90
634 778 246
226 845 113
1 346 1
759 903 903
62 118 82
281 395 355
865 941 600
291 522 995
368 961 986
195 590 472
227 502 661
136 475 475
557 800 800
351 1023 533
453 473 373
349 915 150
913 934 558
300 539 300
157 446 97
232 496 800
360 1021 59
345 728 345
259 704 638
120 589 589
199 317 199
366 845 642
63 904 63
41 306 41
578 1016 830
415 933 933
180 903 903
537 781 670
162 618 566
345 430 430
449 478 481
396 929 553
126 165 639
458 884 1014
7 734 734
357 538 357
617 1020 1020
446 725 431
228 320 940
172 352 352
193 511 511
660 916 855
426 911 911
534 650 986
592 686 592
535 885 931
202 654 654
108 777 933
229 879 140
23 807 996
387 769 769
481 687 481
505 773 477
692 704 189
720 944 114
214 328 599
533 676 951
107 456 456
114 807 114
763 810 176
637 745 894
455 768 768
134 931 931
901 907 901
407 716 677
494 579 610
611 1017 611
814 928 928
81 929 929
472 737 737
241 726 205
631 699 796
481 623 481
659 756 756
279 562 472
36 447 859
507 517 517
387 693 506
162 779 566
545 637 894
295 463 295
288 878 288
77 860 77
713 799 940
773 910 825
89 123 89
532 555 648
199 665 199
372 599 599
187 932 586
392 446 10
602 795 995
36 128 497
350 755 698
118 931 931
938 957 957
213 627 391
53 432 41
502 763 176
113 155 479
3 242 43
291 805 42
12 296 1016
110 532 648
281 717 821
262 634 634
374 441 150
46 704 297
934 984 984
165 234 661
111 115 525
377 883 29
221 249 297
475 1007 1007
655 706 655
694 900 694
275 448 275
29 41 41
476 969 476
875 882 599
462 938 462
345 618 345
314 832 11
369 812 462
765 859 859
210 908 908
359 990 886
78 114 114
190 279 176
286 1008 159
42 632 42
28 753 984
695 1008 288
401 552 886
263 613 583
347 567 268
503 810 810
507 905 905
406 627 391
70 985 70
441 511 511
244 712 491
793 959 1
370 495 814
555 835 835
176 552 176
127 434 634
126 649 649
637 762 762
250 599 599
114 713 114
231 372 10
345 498 345
549 928 928
2 197 199
354 458 589
328 502 502
213 452 707
272 275 272
6 829 437
26 246 246
584 658 956
67 334 960
11 502 502
577 1005 176
24 691 24
482 581 581
637 830 830
255 918 24
247 315 73
45 801 326
95 105 105
96 192 599
285 556 373
168 391 391
347 728 728
129 742 684
183 336 78
588 771 24
196 327 327
105 422 105
100 711 711
354 896 992
245 628 933
184 316 316
599 746 599
402 830 830
147 199 199
421 814 107
386 749 352
354 740 589
369 818 369
111 329 329
134 225 130
561 612 223
647 698 698
668 879 140
404 978 737
413 478 251
374 599 150
663 775 357
80 536 800
169 504 594
161 329 329
576 915 675
58 124 550
772 916 136
453 840 525
58 521 521
316 328 316
160 303 655
796 904 796
454 732 295
122 498 908
444 964 964
453 911 911
50 225 905
73 604 614
592 680 592
45 88 482
675 1018 369
554 996 996
39 79 313
8 447 859
521 565 521
587 684 587
208 905 905
615 994 564
205 758 205
1005 1010 176
594 836 800
841 971 1001
659 823 529
104 300 300
635 773 825
174 677 677
196 764 768
160 757 816
196 387 506
325 456 456
258 698 698
185 953 988
199 611 199
316 983 316
87 841 616
478 661 661
104 250 272
100 665 100
273 441 308
437 523 437
933 1014 933
216 381 919
203 221 221
271 409 409
263 883 29
110 170 63
729 816 816
368 736 736
518 817 518
79 183 78
298 452 391
466 881 769
627 869 391
89 116 89
437 608 437
9 661 661
357 518 518
477 974 854
251 899 251
679 751 758
563 949 835
550 877 550
46 695 297
815 860 815
49 915 736
683 730 344
473 729 373
348 820 456
161 714 170
576 923 675
190 460 611
287 835 835
53 202 102
259 919 638
554 698 698
143 930 143
176 244 176
296 740 482
17 491 491
202 973 13
251 550 550
657 834 684
128 324 636
200 821 933
39 352 352
515 769 769
598 632 798
347 413 251
112 1019 325
150 983 150
288 864 288
352 997 352
142 234 661
565 567 497
1 789 1
428 736 268
53 446 431
361 515 940
218 460 611
357 1010 357
361 624 856
343 472 649
67 402 463
148 282 903
329 854 854
9 336 9
780 899 297
724 906 592
371 647 876
190 409 409
412 689 908
874 993 93
400 854 854
76 385 9
407 606 728
13 616 616
375 772 136
257 361 288
141 875 599
929 1012 794
568 676 728
294 353 385
24 1003 24
339 456 456
253 653 518
232 234 661
90 826 90
613 940 940
205 475 475
752 1002 1002
907 909 907
129 437 437
123 272 272
578 738 830
192 236 954
61 189 189
878 950 744
508 672 707
175 783 1002
54 473 373
277 711 742
266 687 521
550 663 550
344 461 344
144 193 313
511 742 511
58 216 758
392 564 10
60 549 105
213 497 497
228 908 908
397 594 594
540 621 826
234 254 254
106 977 825
180 787 78
197 912 316
141 911 911
688 769 769
299 855 855
659 755 698
119 192 954
267 439 521
29 589 29
28 282 984
285 378 373
389 690 221
190 449 481
665 939 314
108 401 933
237 694 694
63 792 63
563 718 835
235 539 1020
653 799 518
747 857 1007
155 194 479
75 805 525
727 860 984
40 256 316
718 763 176
192 824 954
586 672 586
879 949 636
379 836 800
320 868 868
190 255 77
421 498 107
432 782 41
288 696 288
244 249 297
198 974 854
654 915 654
228 973 940
559 970 592
646 899 327
162 722 566
717 819 476
268 522 995
26 823 529
181 750 254
298 719 391
149 257 288
167 1003 89
352 926 352
16 661 661
237 928 928
472 613 472
288 955 288
226 589 589
153 794 221
285 382 638
99 403 403
184 814 329
320 416 454
370 541 23
187 937 937
209 838 587
159 926 796
538 596 596
332 973 326
316 496 316
120 1003 728
709 987 993
301 556 804
9 629 9
744 973 744
91 720 171
437 747 437
389 409 409
922 969 369
144 775 596
399 982 4
21 321 321
364 677 677
8 90 90
154 742 835
533 936 533
586 907 907
493 584 956
523 993 956
310 427 540
531 1002 1002
235 695 1020
14 169 553
157 536 800
62 485 614
100 352 352
485 833 289
624 715 180
786 818 960
237 808 856
233 349 150
17 435 313
40 148 774
339 777 982
474 843 843
746 860 988
117 248 830
694 839 694
564 626 385
84 335 463
814 914 814
76 600 600
10 763 10
72 935 63
784 796 784
236 756 756
590 839 744
74 362 769
868 973 868
547 972 566
450 1018 636
49 670 670
945 1013 529
9 293 9
812 892 628
353 518 518
215 968 661
73 827 73
885 938 288
706 1001 1001
852 978 143
931 1020 931
703 1007 1007
769 854 769
290 437 437
374 594 150
230 435 919
153 527 221
466 872 762
361 920 856
110 643 63
187 668 586
587 928 928
105 988 105
316 569 316
301 698 698
841 937 937
338 481 338
266 403 403
511 686 511
111 537 670
88 463 463
204 453 314
60 277 105
663 870 352
534 559 592
391 499 762
416 476 476
60 636 636
130 507 130
962 1014 1014
23 135 23
254 554 254
580 842 430
109 189 189
663 981 357
639 927 639
953 956 956
188 472 472
319 724 393
329 922 329
139 397 329
157 318 928
319 673 393
66 291 657
397 701 329
204 299 299
14 214 599
821 999 794
454 835 835
342 508 564
189 964 189
684 960 684
288 599 599
284 479 479
727 874 984
665 702 957
832 891 11
300 456 300
131 358 1
276 931 931
262 586 586
610 901 901
393 493 502
222 689 908
398 928 928
475 698 475
94 333 558
147 530 558
330 927 592
346 759 150
508 894 894
350 841 616
540 623 756
463 542 816
152 870 352
233 654 654
66 88 482
332 691 736
76 963 9
145 267 762
780 901 297
472 478 472
150 733 150
92 340 937
232 709 729
60 61 251
216 958 798
993 1022 4
29 900 29
266 366 521
345 942 345
15 449 481
918 985 24
337 913 10
631 874 866
179 793 1
143 513 143
185 849 988
451 853 409
714 754 326
445 525 525
217 534 612
363 730 125
223 765 583
622 769 769
34 633 42
316 702 316
85 89 89
111 145 762
157 961 97
475 670 670
103 509 984
186 769 769
49 461 736
152 895 272
501 605 507
610 863 684
402 944 114
309 381 919
281 423 774
466 769 769
9 246 9
29 500 29
216 780 297
455 903 903
819 857 1007
836 988 800
122 319 908
107 526 89
3 592 638
59 581 581
611 684 684
367 851 649
131 980 1
223 404 737
19 551 655
356 630 289
442 854 854
89 912 89
43 908 908
301 759 843
754 954 954
469 691 736
269 597 928
89 872 89
376 962 589
41 515 41
454 532 648
254 631 254
800 875 800
85 298 391
532 817 648
65 907 1013
105 461 105
461 586 586
167 865 89
365 646 634
259 371 638
349 847 150
168 350 130
25 818 89
53 217 612
74 590 472
417 647 992
568 589 589
191 628 628
187 449 481
116 174 272
352 1024 352
108 854 854
199 230 199
63 931 931
921 996 996
498 542 476
313 937 937
72 648 648
741 1014 1014
125 931 931
242 352 43
915 1010 707
473 657 373
313 698 698
340 659 628
169 454 734
658 891 891
607 923 299
220 884 1014
459 903 614
800 868 800
974 1007 1007
105 559 105
515 637 940
1 807 1
33 455 996
196 412 321
397 454 329
643 697 13
566 972 566
720 946 171
560 859 859
634 705 634
135 767 43
1 437 1
582 765 583
764 989 475
405 952 911
469 658 555
150 1001 150
105 361 105
636 679 636
270 356 901
490 500 774
404 643 737
404 637 737
74 317 502
80 626 385
97 301 97
597 669 928
232 874 93
30 804 736
182 445 670
402 883 29
218 709 798
303 372 655
476 684 684
80 777 383
680 1014 1014
310 572 931
535 590 472
444 755 698
554 558 558
676 720 171
363 409 409
501 719 815
206 303 338
823 913 558
823 996 996
389 657 389
353 770 385
524 893 1007
72 665 63
304 700 586
674 911 911
13 186 756
742 956 956
69 487 114
777 1012 794
94 713 940
87 483 503
74 103 984
132 704 430
539 927 539
744 763 744
874 987 93
426 886 886
735 928 928
144 217 612
684 888 928
294 822 136
715 728 728
285 873 873
388 705 521
240 373 373
127 921 794
333 757 170
78 931 931
88 265 742
753 863 684
414 529 529
117 829 830
427 808 427
10 856 10
202 629 102
566 938 566
334 420 960
12 408 479
360 625 338
47 339 964
290 396 43
572 582 931
355 383 355
645 891 517
192 600 600
627 948 964
689 964 908
565 1023 932
735 966 1013
481 631 481
79 799 313
584 819 956
319 914 393
184 618 329
369 478 369
840 854 854
196 236 295
42 841 42
80 274 517
336 545 733
449 928 928
844 966 1013
422 791 600
589 677 589
546 928 928
543 848 403
115 380 525
571 770 594
794 1023 794
224 387 506
297 854 854
116 418 502
320 483 223
23 77 77
325 845 642
242 525 525
413 856 251
879 959 744
115 908 908
63 476 63
244 625 338
241 437 437
187 546 600
678 705 876
603 650 711
89 620 89
199 829 199
75 635 525
379 825 199
143 207 143
270 572 931
558 811 558
198 215 661
71 635 113
619 752 125
295 374 150
272 322 272
291 894 894
525 928 928
434 922 369
486 531 491
662 694 694
268 911 911
157 677 677
518 938 518
97 383 97
236 734 295
858 860 1014
117 344 344
498 917 476
525 644 525
451 633 409
7 797 957
263 916 583
629 898 539
867 907 205
840 933 933
744 882 744
209 974 854
110 716 677
541 795 777
847 926 796
4 862 338
279 966 176
640 700 100
787 931 931
160 847 275
171 403 403
138 239 468
194 632 325
279 893 316
276 984 984
498 719 476
544 940 940
262 676 951
60 839 744
505 949 636
511 622 784
33 494 996
221 414 221
154 215 661
358 569 251
345 933 933
116 525 525
207 678 649
572 596 931
458 488 694
107 404 737
758 919 919
191 745 711
317 589 589
69 918 114
174 248 272
483 981 503
385 554 456
495 717 814
416 869 869
284 405 105
26 272 272
587 1000 587
452 989 475
405 728 728
31 497 497
790 920 907
288 723 143
446 602 995
172 865 600
59 699 796
767 950 43
769 948 769
702 977 957
253 718 97
203 824 894
551 1001 1001
69 559 114
668 705 555
95 518 518
315 525 525
386 451 409
59 367 649
332 995 995
114 600 114
190 700 100
852 943 143
434 497 497
253 896 992
460 649 649
582 651 477
114 274 114
83 527 873
755 894 698
50 978 905
600 662 600
439 678 521
401 867 205
10 706 10
206 702 338
50 289 289
540 643 13
90 721 171
605 640 507
80 357 357
353 707 707
535 946 931
145 714 762
1 629 1
115 918 525
174 268 272
627 917 391
483 491 491
533 708 369
247 619 125
838 1017 587
117 704 830
279 707 176
520 859 859
517 613 517
34 479 479
339 1007 1007
333 887 911
785 1020 1020
512 860 779
29 283 29
335 660 463
172 661 661
56 290 43
656 881 769
183 956 956
203 430 430
224 854 854
295 316 316
180 905 905
278 606 728
595 869 393
135 454 454
394 736 736
500 714 97
611 989 475
455 533 533
4 501 4
214 859 859
39 70 70
352 767 43
613 632 481
399 611 611
75 501 525
611 801 611
414 723 143
594 746 594
31 450 636
521 680 521
554 952 911
491 502 502
268 894 268
254 949 254
376 958 798
282 1010 102
172 410 437
132 782 430
92 255 657
229 985 159
297 716 297
316 939 316
649 803 649
255 938 4
15 237 529
12 345 345
192 489 954
309 731 102
557 875 599
446 708 369
43 706 43
80 104 868
483 881 769
177 568 728
191 517 517
205 300 205
437 914 437
705 727 984
727 918 984
239 258 864
386 504 594
292 922 769
411 523 956
747 924 254
60 162 105
518 539 539
199 514 199
352 713 352
312 805 42
101 224 289
475 730 475
752 871 982
220 971 1001
414 548 70
666 740 957
43 481 43
96 1021 599
783 859 859
904 911 911
313 398 1001
147 303 558
416 485 614
582 645 517
144 493 502
562 609 472
214 755 599
291 755 698
713 845 940
11 539 539
267 471 587
354 588 589
641 715 854
525 999 525
165 166 403
592 841 592
89 361 89
293 642 960
205 409 409
1 424 1
712 895 272
570 878 300
107 369 107
625 857 1007
314 732 295
31 281 454
239 799 314
917 958 711
920 956 956
36 317 502
5 96 599
911 980 911
503 783 1002
427 694 694
923 991 299
520 826 826
811 943 648
554 923 456
519 722 431
201 550 550
24 301 24
138 182 886
401 952 911
30 929 736
375 751 814
702 756 756
369 823 529
12 442 1016
4 43 43
29 344 29
581 937 581
48 818 694
349 814 150
406 516 308
281 390 657
815 965 815
910 1005 176
649 772 649
483 821 503
352 1021 352
127 946 869
339 844 982
263 365 583
189 948 189
365 1008 135
157 368 97
517 700 517
329 604 329
30 859 859
78 888 928
709 1004 475
424 783 114
347 874 268
173 782 409
226 532 648
29 407 29
425 777 610
66 790 657
368 620 9
251 771 251
163 702 957
707 986 707
436 906 694
333 892 170
176 532 648
284 440 908
915 1019 827
893 962 316
336 756 756
722 878 59
520 987 993
295 995 995
73 900 1016
125 176 176
29 789 29
302 637 894
125 521 521
675 803 859
45 63 63
230 672 919
409 850 409
590 674 472
406 822 136
213 509 93
208 710 1002
17 784 784
429 781 73
455 679 758
1 427 1
208 226 208
724 942 587
615 718 97
8 378 1013
505 779 477
132 530 430
36 181 9
428 836 800
573 723 143
339 935 982
229 663 357
847 963 345
961 1010 707
530 723 143
471 521 587
106 403 403
681 802 550
471 507 587
780 825 297
143 591 143
319 503 393
252 989 475
755 909 698
677 730 677
138 844 468
738 958 905
57 122 908
900 965 1016
624 755 698
221 989 475
162 320 566
19 302 655
709 914 509
129 260 684
769 1007 1007
416 989 475
373 914 373
44 971 1001
310 337 10
473 525 525
105 502 105
822 929 136
593 703 472
39 806 876
547 729 729
103 883 984
155 261 479
97 901 901
655 898 539
772 793 1
394 934 864
180 604 614
661 937 661
626 843 843
352 562 352
306 801 477
114 381 114
385 972 566
581 822 581
394 614 614
63 229 63
680 750 254
201 908 908
524 705 1007
187 730 855
247 307 463
128 729 497
257 307 288
102 814 814
44 115 525
218 869 869
187 919 586
67 844 647
80 82 82
23 560 796
99 328 491
8 619 125
763 994 176
1 474 1
92 455 533
7 355 355
289 585 289
297 883 297
322 826 826
250 268 272
180 965 180
668 929 380
631 713 940
341 412 321
172 492 784
643 805 42
82 411 82
213 806 876
78 889 78
605 720 171
339 1021 59
341 1010 707
294 744 744
310 981 540
652 945 529
650 1019 827
659 843 843
500 906 592
832 839 744
125 859 859
173 1007 1007
290 573 506
300 940 940
83 391 873
405 994 246
515 598 940
235 801 1020
89 137 89
694 831 694
96 887 599
621 856 856
134 440 908
109 455 866
435 1012 794
797 1005 176
574 760 479
47 143 143
330 443 125
709 955 634
158 348 1020
626 824 894
517 558 558
41 1015 41
89 190 89
256 854 854
105 191 105
32 136 254
16 698 345
238 605 238
652 733 140
222 697 901
349 1004 150
685 763 176
101 176 176
89 762 89
413 821 251
858 881 769
780 943 297
130 618 130
89 166 89
670 881 769
766 1002 737
345 908 908
297 714 297
223 523 956
586 634 586
4 392 10
2 734 199
377 698 698
62 706 478
97 108 933
326 618 868
91 243 859
199 828 199
308 360 308
580 888 430
819 931 931
258 510 864
467 796 796
220 714 468
97 557 403
658 706 478
136 372 136
756 763 176
36 281 777
296 930 995
141 838 587
254 557 254
10 784 10
529 1014 1014
23 132 430
498 559 592
355 570 300
375 515 940
692 995 189
365 681 475
15 680 355
165 524 1007
137 855 275
198 291 105
809 842 670
166 638 638
341 515 940
400 808 1020
198 371 105
136 952 911
331 376 733
666 749 352
278 737 737
808 877 409
267 328 518
61 430 430
833 933 933
414 615 327
169 780 297
255 819 476
691 878 59
303 464 655
52 878 63
134 555 130
634 707 707
141 437 437
502 560 796
117 432 41
859 908 908
475 851 511
385 467 385
280 318 928
99 242 43
434 501 634
114 678 114
3 555 638
801 850 511
9 754 9
21 63 63
297 886 297
4 704 4
589 989 589
243 474 859
635 737 737
56 412 648
430 1016 430
294 558 558
230 469 919
421 487 107
265 515 940
213 863 684
141 166 403
197 325 742
229 831 437
731 733 102
826 960 960
443 988 988
701 835 835
203 540 299
530 578 830
409 506 506
714 1024 855
204 745 734
796 894 796
121 942 587
472 854 854
421 929 107
439 648 648
194 957 957
375 671 814
49 118 736
216 663 357
422 1023 533
334 742 960
180 603 180
745 836 800
282 964 964
226 430 430
260 635 208
254 592 254
307 679 463
931 972 931
382 539 638
22 813 59
293 978 960
92 252 869
920 984 984
355 432 41
304 502 502
358 968 221
953 960 960
362 850 769
29 314 29
313 1013 1013
87 744 744
64 861 581
109 217 866
928 1014 928
746 903 988
338 843 338
381 532 648
526 933 933
456 628 456
352 981 352
5 964 964
273 344 344
560 588 796
728 879 728
129 343 649
242 575 43
186 942 587
254 868 254
137 1011 275
771 812 462
355 951 355
578 921 830
233 469 856
190 508 77
506 807 506
498 914 476
213 640 93
527 768 42
266 639 639
1 992 1
98 211 894
718 733 97
323 382 638
696 895 272
544 794 873
170 887 911
149 341 170
339 709 982
79 185 988
324 810 636
18 137 275
249 479 297
306 897 477
288 825 288
356 860 901
192 623 954
114 198 114
365 507 135
288 405 288
598 707 707
159 512 159
451 704 409
152 878 59
558 973 558
85 246 246
269 676 82
7 689 908
128 150 150
16 186 345
522 879 995
37 452 100
235 800 800
509 802 550
123 479 479
101 998 809
239 512 642
91 953 518
92 376 657
266 566 521
281 407 628
182 359 886
510 788 208
196 959 744
143 974 143
281 418 502
386 876 876
51 233 583
51 846 583
194 345 345
195 732 295
820 835 835
786 1004 475
612 1019 827
171 289 289
713 829 940
89 940 89
322 874 93
396 832 553
559 831 437
600 928 928
506 926 506
677 1021 677
289 441 289
82 832 82
112 887 911
658 808 929
153 179 954
651 851 511
9 885 9
648 963 648
260 547 208
375 749 352
4 833 289
345 479 345
568 1020 1020
211 774 774
104 958 868
301 348 100
239 275 275
796 872 796
138 309 468
246 806 246
116 922 369
791 903 600
39 954 954
419 1012 143
920 976 992
517 958 517
159 792 321
59 118 59
304 894 894
218 714 798
230 254 254
270 844 238
611 632 611
33 901 996
784 836 784
247 269 82
691 821 736
70 854 854
264 458 1014
68 307 463
432 750 254
358 777 221
248 385 385
859 984 859
273 838 587
264 310 1014
692 971 189
667 894 894
643 810 810
351 871 507
658 751 612
46 639 297
38 206 338
6 239 437
809 988 988
322 987 596
291 301 113
318 690 928
457 658 756
744 866 744
223 681 475
391 769 769
632 708 369
244 386 975
151 247 610
44 816 816
229 522 995
250 866 272
713 918 940
163 665 509
316 581 316
673 725 814
556 987 804
754 874 326
46 122 908
431 1016 1016
129 409 409
512 693 815
431 660 431
273 999 308
70 593 70
544 885 288
268 919 268
676 748 975
252 361 856
363 769 769
272 295 272
362 443 769
485 703 472
29 655 29
300 921 300
494 910 540
254 982 254
485 843 614
239 764 965
408 684 479
282 794 794
216 248 540
497 1024 855
796 1015 796
424 971 114
437 980 437
154 394 835
9 364 9
234 571 661
24 783 1002
238 275 275
751 877 409
317 1020 1020
349 848 150
50 857 1007
431 919 919
405 940 940
113 249 297
465 921 794
332 676 951
218 931 931
307 754 463
188 456 511
667 932 868
255 803 859
403 651 403
691 973 736
825 836 800
624 880 654
34 150 150
651 784 784
426 663 901
377 826 864
745 855 855
287 777 503
285 516 308
498 583 583
401 538 401
51 435 583
19 542 655
178 1010 29
163 165 70
648 730 648
541 695 288
485 549 614
121 621 456
116 826 826
321 1009 199
332 347 268
81 106 825
180 226 180
893 964 316
76 814 9
581 916 581
127 416 454
128 163 497
737 835 737
91 805 518
235 852 143
844 1019 827
391 996 996
335 365 463
351 500 501
452 854 854
37 534 100
89 651 89
694 706 694
262 869 869
410 584 437
632 865 600
837 984 984
744 965 744
2 945 199
82 186 756
154 996 996
33 301 996
28 297 297
422 647 968
287 469 503
648 954 648
344 637 344
117 249 297
330 607 592
639 829 639
634 755 698
178 490 29
298 864 864
597 720 928
723 731 143
331 846 733
292 650 769
240 874 93
482 611 611
221 498 221
159 905 905
542 742 742
589 666 589
599 710 599
541 952 911
370 944 114
261 345 345
204 1020 1020
9 572 9
287 985 159
27 992 992
203 291 299
39 148 903
533 1019 533
588 687 24
471 543 587
752 823 529
247 682 610
821 1014 1014
614 676 614
376 960 960
190 529 529
475 966 475
115 808 525
418 930 502
588 599 599
661 1007 1007
392 979 10
136 317 502
55 928 928
857 994 1007
1 207 1
385 898 539
306 583 583
127 595 393
316 609 316
180 595 180
80 175 383
436 453 694
502 690 221
638 967 638
9 742 9
165 197 70
137 349 150
352 576 352
77 774 774
420 529 529
217 846 612
91 969 518
308 866 308
550 951 550
683 955 344
293 350 960
464 465 903
449 885 288
383 921 794
218 976 992
499 640 762
241 586 205
104 442 868
83 708 873
357 658 357
220 380 468
949 994 636
548 621 70
475 863 475
318 634 928
720 830 830
92 626 385
870 996 352
139 145 762
309 887 911
774 952 774
309 628 628
50 556 905
147 311 41
664 937 1001
653 808 518
182 894 886
647 665 647
525 843 525
658 687 389
76 813 9
399 832 11
71 799 314
502 1012 502
52 174 63
198 780 297
122 1011 908
221 529 221
333 340 170
16 114 114
674 977 355
66 675 675
299 738 905
95 159 180
382 648 648
253 770 385
236 475 475
423 856 774
176 373 176
159 341 159
381 383 919
184 613 329
373 744 744
171 926 796
347 561 268
549 939 919
625 872 338
37 956 956
401 940 940
90 93 90
432 794 41
809 999 794
800 876 800
68 986 825
565 724 675
627 864 864
598 648 648
344 816 344
177 953 140
51 882 583
739 791 600
882 956 956
658 846 612
691 882 736
39 68 768
480 583 931
118 920 82
30 739 736
210 260 677
91 815 518
208 402 463
46 47 297
70 771 70
489 915 275
820 889 698
506 859 506
546 722 600
446 966 1013
806 891 876
258 297 297
33 731 996
109 294 385
274 911 911
377 805 42
470 759 171
601 924 254
34 237 42
582 625 338
507 651 477
176 511 511
108 813 933
29 896 29
650 668 380
350 725 968
708 938 369
560 1007 1007
279 917 176
72 854 854
31 487 454
254 839 254
238 690 221
281 819 476
982 987 982
819 909 476
448 545 733
1 771 1
502 684 684
430 958 430
280 538 508
212 479 479
282 442 102
617 781 553
329 570 329
581 615 581
147 329 329
21 442 809
67 555 555
60 335 105
325 541 325
640 717 821
90 538 90
402 1009 199
183 506 506
372 1010 295
717 895 272
205 801 205
191 972 566
177 560 796
217 936 238
211 377 864
183 472 472
634 716 677
336 837 476
167 1007 1007
80 821 383
105 110 105
419 770 143
376 954 954
434 456 456
169 518 518
57 874 594
180 339 180
263 545 583
507 898 539
336 876 876
360 449 481
651 715 477
395 496 800
223 371 876
62 908 908
29 579 29
673 917 711
904 950 744
764 788 965
610 673 814
505 984 984
649 823 649
275 724 275
137 854 854
430 1002 430
345 347 345
938 983 996
899 937 937
67 564 564
422 626 385
211 984 984
38 766 737
155 835 479
104 308 308
490 854 854
40 419 143
827 903 903
489 933 933
594 979 594
275 602 275
728 835 835
831 1006 437
404 888 928
167 534 89
146 231 10
22 783 1002
518 682 518
514 646 1002
2 453 199
52 1010 63
678 728 728
218 520 798
159 167 89
492 749 352
258 902 864
463 695 288
272 378 272
373 673 373
401 534 401
18 329 329
920 973 907
443 885 288
722 1014 1014
620 1014 1014
252 389 869
195 646 634
108 979 933
146 684 684
101 1006 873
273 604 308
227 927 661
697 794 794
398 409 409
53 751 821
122 749 908
448 871 993
868 923 868
254 959 254
1007 1013 1007
265 503 742
702 762 762
187 837 476
116 861 951
311 919 41
99 1017 491
205 905 205
208 722 208
316 392 316
174 610 272
179 451 409
303 933 933
25 97 89
512 993 642
347 852 143
58 111 779
386 654 654
340 561 937
24 1017 24
702 754 957
373 558 558
172 649 649
701 957 957
123 178 29
527 873 873
125 741 517
196 621 768
281 585 911
498 684 684
73 261 24
259 967 638
430 437 430
507 665 509
23 929 23
297 404 737
811 1024 855
319 570 300
351 439 521
525 955 525
59 754 59
228 793 1
191 567 711
80 386 383
651 956 956
106 198 105
397 756 329
646 687 634
565 714 932
39 435 768
152 612 816
430 541 430
823 849 321
201 518 189
125 281 125
359 433 300
602 674 995
408 442 479
136 362 769
221 1007 1007
746 915 988
179 504 594
398 749 352
515 778 940
247 516 308
198 465 105
283 314 345
658 971 1001
492 801 326
246 956 956
37 249 297
965 1002 1002
444 484 698
119 413 251
213 474 810
479 702 479
716 908 908
78 109 78
255 885 288
108 933 933
681 914 475
167 546 89
88 525 525
495 749 352
644 742 481
539 1016 1016
39 144 768
345 359 345
697 701 616
500 704 866
580 707 430
643 699 796
398 974 854
77 476 476
330 762 762
380 602 995
272 490 774
581 934 581
393 974 854
466 561 762
590 694 694
5 886 886
980 982 980
894 933 933
221 435 221
30 705 736
21 366 809
466 672 762
228 229 940
59 324 636
361 516 308
87 376 993
243 743 1007
242 854 854
449 700 481
498 592 592
55 524 1007
79 277 742
272 958 272
672 709 707
288 859 859
347 984 984
135 940 940
181 471 9
540 698 698
349 506 506
265 598 742
551 565 90
70 421 70
193 250 272
160 856 856
507 868 868
364 984 984
549 1009 199
251 554 251
408 789 29
157 475 475
846 855 855
500 605 507
122 472 908
464 873 873
391 919 391
745 750 254
383 871 383
492 583 583
350 651 477
441 993 70
109 885 288
338 795 338
912 923 316
101 422 968
89 587 89
599 828 599
50 677 677
407 566 566
936 1012 794
443 574 125
336 582 11
270 917 711
170 871 170
215 803 661
286 659 628
186 474 756
227 437 437
227 817 661
852 1000 143
549 907 907
491 567 491
654 994 654
673 878 59
489 655 275
9 637 9
7 701 616
301 642 113
924 1006 254
175 806 876
41 47 41
316 784 316
623 735 756
764 969 965
267 947 1
560 564 796
56 991 648
610 800 800
143 881 143
373 751 373
461 482 815
587 696 587
664 750 254
406 558 558
278 530 180
728 764 728
462 726 300
326 708 369
618 729 868
521 589 589
411 539 539
130 509 130
573 966 506
729 745 734
160 261 24
756 1001 1001
925 993 136
403 872 403
47 743 1007
516 943 648
366 774 774
217 749 352
738 761 854
352 620 352
355 863 684
157 586 586
193 934 864
200 548 933
322 342 596
63 344 344
451 697 409
300 498 300
297 612 297
294 849 321
268 410 437
114 199 114
601 955 77
561 977 809
311 343 649
79 910 313
75 933 933
128 357 357
336 565 932
574 950 744
320 844 223
176 990 176
4 79 313
384 590 472
381 808 919
504 892 594
454 497 497
426 644 901
553 936 553
275 879 275
484 590 472
510 713 940
748 847 275
680 824 355
308 984 984
95 933 933
198 576 105
137 603 275
615 800 800
563 799 835
202 874 102
54 764 965
195 904 903
326 924 254
86 728 728
252 894 894
241 506 506
950 1002 744
445 564 670
296 891 482
688 821 677
448 568 728
282 594 594
373 461 373
568 714 728
60 744 744
19 264 1014
9 400 9
119 833 289
137 511 511
254 402 254
887 888 928
102 390 102
744 861 744
545 943 648
368 634 634
648 1024 648
784 787 784
651 666 477
340 759 843
611 973 611
843 951 843
493 601 502
476 511 511
38 956 956
835 921 835
421 888 928
297 559 297
233 909 856
493 762 762
673 894 894
240 1010 707
366 813 697
38 472 472
281 825 825
180 570 300
523 877 409
162 956 956
297 430 430
176 777 176
579 588 24
137 908 908
443 909 125
668 832 11
271 918 654
472 523 472
280 899 327
260 645 517
152 945 529
639 669 639
531 851 511
728 1014 1014
333 508 170
448 705 555
196 488 694
72 247 63
885 1015 288
615 1010 707
486 906 592
50 999 794
266 511 511
152 510 816
615 677 677
3 384 638
661 1019 661
36 310 540
102 739 393
174 966 272
295 817 905
171 204 171
110 230 63
506 649 506
927 981 965
312 987 965
81 843 843
718 998 97
216 487 159
601 754 326
675 965 675
656 906 592
437 855 437
120 218 728
847 964 964
249 979 297
36 286 159
215 525 525
721 868 171
196 249 297
200 718 933
535 792 931
754 911 911
9 460 9
275 373 275
473 928 928
527 621 42
96 590 472
346 1014 1014
670 892 670
460 746 988
587 759 587
72 125 63
889 951 698
57 798 594
785 855 581
927 950 744
170 983 996
638 778 638
112 665 325
418 920 502
38 483 503
54 519 478
715 898 539
316 453 316
140 755 698
32 218 254
89 95 89
112 764 965
43 664 43
175 588 24
34 208 42
384 944 114
475 720 475
469 940 940
106 742 742
258 1016 1016
779 876 876
251 957 251
286 871 159
479 985 479
144 179 954
387 735 506
183 800 800
128 387 506
28 177 984
476 507 476
704 848 866
209 324 636
494 612 540
847 938 275
15 29 29
402 728 728
79 753 462
461 993 815
216 795 380
272 812 272
776 956 956
553 1011 553
392 677 10
329 399 329
162 532 648
376 668 380
382 570 638
342 915 564
530 558 558
184 1007 1007
112 334 960
401 550 550
550 639 550
412 864 321
208 754 208
150 896 150
565 810 810
368 442 615
254 649 254
409 631 409
171 608 550
682 726 300
982 1019 982
113 450 636
239 713 940
92 594 594
344 729 344
150 782 150
9 677 9
459 553 553
188 618 511
86 241 205
457 949 636
576 584 956
767 978 43
177 764 965
316 779 316
465 635 937
707 831 437
293 297 297
599 611 599
562 870 352
165 789 29
770 817 905
205 596 205
614 705 614
91 808 518
153 911 911
432 654 41
176 967 176
209 820 456
1004 1009 199
261 964 964
559 697 592
298 402 391
177 894 894
728 949 636
259 927 638
220 442 468
704 843 843
304 426 901
742 837 742
830 974 854
839 910 744
440 654 908
614 1016 1016
35 764 329
308 896 992
181 342 9
390 519 478
244 946 975
104 547 868
765 1014 1014
381 443 125
472 518 472
229 507 380
210 329 329
479 588 479
386 986 729
279 560 796
472 488 694
344 930 344
516 566 308
605 670 670
636 709 636
557 613 403
286 519 478
413 859 859
866 900 1016
160 363 125
351 962 589
100 677 677
49 236 295
315 629 73
505 800 800
182 482 886
6 551 437
291 668 380
46 710 297
100 956 956
388 894 521
663 938 357
50 297 297
461 964 964
257 511 511
73 319 393
169 975 975
357 386 357
539 622 784
766 864 737
31 489 275
271 649 649
144 870 352
220 440 908
49 140 140
486 808 23
491 628 491
205 638 638
438 925 41
19 633 655
631 864 864
661 788 661
804 901 901
214 542 599
229 794 794
80 494 540
190 984 984
31 332 326
6 493 437
36 500 777
246 441 246
675 988 988
3 992 992
406 555 768
63 951 63
92 368 657
511 730 511
132 710 430
27 905 835
104 199 199
210 903 677
126 916 639
686 921 794
62 310 540
456 897 456
902 922 107
262 933 933
332 1022 326
126 1010 639
279 765 176
294 685 385
443 993 125
583 871 583
235 834 1020
24 58 24
139 1006 873
194 566 566
314 352 352
603 744 744
593 970 482
660 729 729
58 610 610
299 918 24
82 733 82
649 926 649
203 864 864
167 344 89
114 913 114
71 623 756
636 805 636
316 807 316
191 945 529
596 1016 1016
927 1019 965
304 592 592
681 760 475
230 430 430
549 552 886
183 812 78
327 502 502
106 712 491
695 782 288
41 826 41
42 347 42
855 992 992
150 838 150
179 642 954
712 784 784
192 472 472
112 935 325
87 618 868
430 546 430
80 761 854
189 916 189
474 730 855
615 851 511
592 919 592
221 698 221
423 972 774
222 242 43
177 322 697
154 481 835
186 916 855
123 1007 1007
384 706 90
344 797 344
45 808 507
84 887 911
206 341 338
111 1003 951
572 1012 931
158 608 550
778 934 246
98 642 937
339 633 758
205 721 205
114 318 114
38 692 189
100 301 100
632 788 980
700 1017 810
769 974 769
97 947 1
223 977 809
159 932 932
406 1000 734
174 199 199
646 656 82
370 904 903
646 922 369
685 929 93
251 416 251
484 549 698
178 984 984
531 553 491
299 317 502
670 843 670
342 978 23
326 853 189
833 992 992
506 679 506
275 603 275
116 576 951
13 52 63
314 329 329
417 532 992
559 995 995
564 894 894
415 456 784
36 762 762
103 204 984
78 890 964
367 940 649
246 1001 1001
652 875 599
609 804 205
143 933 143
500 564 564
7 707 707
342 406 768
217 919 919
587 1016 587
199 628 199
464 948 964
552 988 886
855 869 855
391 563 835
117 637 830
166 850 511
552 985 886
240 636 636
587 811 587
242 646 43
577 998 401
1 3 1
446 994 431
355 993 355
238 262 238
142 248 804
846 868 868
698 901 698
248 281 540
254 754 254
550 741 550
138 801 326
105 306 105
45 491 491
306 992 992
6 576 437
240 336 427
706 843 843
543 815 403
745 1001 1001
537 682 670
545 635 733
834 928 928
125 772 125
166 404 737
517 737 737
233 1002 1002
222 859 859
42 254 254
104 662 352
24 1012 794
373 390 373
357 728 728
414 539 539
399 843 843
673 709 814
6 246 437
353 974 854
43 84 43
258 956 956
152 483 816
144 171 171
66 805 42
138 530 468
170 718 170
492 842 670
361 740 856
876 1002 1002
685 923 93
457 614 614
653 855 855
115 915 525
853 940 189
262 368 615
131 308 1
320 584 956
127 349 150
329 578 329
291 534 777
457 579 756
45 583 583
78 957 78
80 680 355
599 896 992
452 456 456
525 600 525
477 945 477
400 756 1020
637 675 894
143 243 143
333 630 289
212 321 321
221 469 221
851 858 1014
666 1021 59
545 951 951
49 788 736
184 741 329
189 408 189
426 435 901
62 110 63
325 922 369
125 180 125
37 967 611
18 670 670
123 555 1016
253 745 734
398 722 1001
617 991 553
355 599 599
592 994 592
910 946 869
665 968 968
349 530 150
67 916 855
170 809 170
288 378 288
531 835 835
434 798 798
786 886 886
1 400 1
57 60 594
248 416 454
677 943 648
380 815 815
825 992 992
220 536 800
826 846 826
902 928 928
90 588 24
836 969 800
170 972 170
476 961 476
523 893 316
581 625 338
19 562 472
288 887 288
300 466 762
196 586 586
292 1013 769
393 655 655
497 848 497
54 261 24
136 297 297
383 830 830
66 758 758
106 496 800
315 483 73
232 510 208
607 720 171
46 89 89
115 548 525
645 905 517
277 428 268
65 438 41
503 746 988
180 706 180
586 707 586
568 964 964
39 975 975
258 1019 864
30 111 736
105 330 105
784 886 784
69 906 114
657 987 993
924 931 254
758 815 815
14 784 784
88 867 205
384 605 90
275 654 275
595 745 393
504 712 594
40 401 774
856 1008 856
429 493 502
1 680 1
582 993 11
142 980 980
84 424 114
94 1002 1002
8 64 581
24 920 24
506 533 506
443 498 125
359 1022 246
331 962 589
343 765 649
534 860 779
345 609 345
559 776 589
355 769 769
137 716 677
217 935 827
255 960 960
637 728 728
246 548 246
734 796 796
294 696 268
91 897 518
364 872 654
189 398 189
687 836 800
149 812 170
873 933 933
261 426 901
10 948 10
89 453 89
316 929 316
108 791 933
236 1007 1007
333 549 170
207 933 933
78 965 78
674 979 355
809 875 599
204 869 869
512 965 965
741 781 517
22 114 114
375 808 814
26 678 876
25 389 89
774 955 774
594 941 594
675 695 288
102 651 477
22 311 41
613 649 649
604 760 479
809 965 965
35 581 329
89 522 89
492 597 928
730 992 992
1 432 1
150 332 150
713 743 1007
717 827 827
8 803 859
472 1020 472
204 805 42
184 945 329
128 733 497
611 740 611
352 938 352
522 620 9
40 404 737
328 701 518
298 470 171
547 953 140
143 155 143
178 587 29
219 494 975
9 545 9
45 111 779
547 589 589
73 130 130
549 773 919
51 994 583
333 674 170
581 999 581
87 280 993
177 301 697
217 485 614
309 846 501
399 1013 1013
779 874 779
440 984 908
288 544 288
306 918 477
297 1007 1007
127 407 628
20 867 639
217 609 205
678 984 984
359 859 859
80 538 383
41 354 41
575 678 308
49 1011 736
216 923 325
229 919 919
168 780 297
201 825 189
453 628 628
527 694 694
167 342 89
104 558 558
14 198 105
287 969 383
286 814 814
536 813 800
94 931 931
10 951 10
58 184 329
47 891 964
205 373 205
46 884 1014
34 888 928
119 203 299
104 718 868
725 910 223
557 974 854
587 654 587
466 532 762
266 854 854
817 995 995
511 862 511
2 618 199
333 347 170
722 907 907
251 933 933
637 960 960
697 702 957
322 450 636
290 774 43
754 889 698
582 615 11
173 761 854
143 736 143
268 500 268
418 589 589
153 321 221
369 988 988
191 364 654
645 800 800
872 1016 1016
92 221 221
333 846 170
301 971 1001
153 940 940
88 205 205
8 313 462
1 165 1
551 614 614
682 717 821
273 800 800
295 941 830
339 540 540
162 671 566
316 535 316
107 284 105
47 964 964
40 864 774
705 928 928
276 953 78
704 808 866
379 1013 199
529 748 975
541 771 810
778 911 911
614 954 954
117 251 251
797 828 957
310 652 140
488 834 694
458 774 774
239 583 583
70 79 70
642 744 744
599 721 599
583 808 583
96 180 599
148 835 835
529 730 855
97 794 794
606 984 984
331 909 586
85 894 894
155 365 479
698 830 698
3 409 409
192 394 954
274 490 774
378 773 1013
366 678 876
114 737 114
142 541 804
787 1001 78
188 753 511
18 710 1002
249 640 297
112 534 325
163 998 135
80 507 383
297 771 297
30 182 886
197 928 928
251 523 251
746 859 859
310 639 639
122 297 908
553 565 553
583 696 583
68 476 476
401 761 854
296 533 482
190 691 736
966 1020 1020
146 205 205
671 854 854
833 868 289
562 876 472
18 123 1016
796 875 796
17 284 105
79 648 648
11 505 477
592 617 592
26 957 957
518 801 518
611 957 611
789 800 800
219 521 521
94 587 587
247 740 610
307 462 463
253 681 475
30 563 835
437 945 437
113 839 744
127 252 869
213 334 960
167 873 89
437 890 437
23 303 655
376 451 409
491 751 491
744 961 744
144 488 694
460 800 800
473 812 373
736 850 511
753 1010 462
60 719 105
570 854 854
911 1000 911
70 589 589
245 627 933
22 981 59
40 197 774
238 830 830
391 537 670
94 715 558
890 972 964
601 815 815
435 593 482
343 995 649
394 398 1001
88 155 479
170 432 41
112 270 325
136 925 136
500 914 291
273 920 308
98 426 901
398 790 1001
443 480 931
147 646 558
57 772 594
493 984 984
109 782 866
436 880 694
14 778 553
186 984 984
139 547 468
388 429 521
98 967 611
243 389 859
580 899 430
184 411 329
476 593 476
283 1020 345
330 751 592
347 433 300
676 777 951
717 754 326
433 482 300
295 668 295
890 938 964
150 251 251
704 820 456
391 560 796
641 826 854
454 773 825
306 1003 477
86 403 403
37 624 180
240 665 509
23 558 558
554 695 288
583 783 583
704 927 965
68 288 288
559 725 592
325 788 980
329 568 329
177 337 10
466 909 762
409 437 437
75 363 525
919 1013 1013
131 350 1
208 937 937
242 864 43
44 485 614
359 905 246
199 517 199
164 525 525
140 282 140
31 870 352
237 778 246
476 818 476
478 647 478
189 199 189
136 260 136
42 1020 1020
42 933 933
183 738 78
718 951 951
125 854 854
630 931 931
100 402 463
477 553 477
105 219 105
193 522 995
206 398 338
442 444 509
176 456 176
158 594 594
701 946 616
426 819 901
191 505 477
537 784 784
224 374 150
609 695 205
441 744 744
26 914 779
250 316 316
425 998 610
638 1014 1014
68 634 825
211 275 275
97 635 97
322 843 843
508 797 957
589 972 589
206 316 316
144 770 385
763 984 984
286 732 295
28 316 316
10 796 10
128 791 600
589 760 589
36 923 325
47 888 928
419 859 143
764 790 965
262 795 777
792 1014 1014
275 1010 275
293 477 477
438 585 41
186 901 901
299 917 299
777 922 369
49 859 859
815 872 815
193 205 205
162 752 566
275 435 275
460 546 600
277 1020 1020
983 1016 996
259 1003 638
102 813 102
367 694 694
648 910 648
100 254 254
225 281 982
705 844 555
329 953 329
512 957 957
502 626 502
219 396 553
386 919 919
386 698 698
62 341 383
108 453 933
910 991 299
277 361 742
606 944 114
611 1022 611
188 1014 1014
1 803 1
95 536 800
70 420 70
98 375 937
631 715 866
629 887 911
483 711 711
856 1020 1020
662 933 933
439 922 521
963 976 992
3 128 638
93 494 540
212 604 614
114 525 114
210 995 677
746 1020 1020
436 945 694
37 513 100
69 895 114
275 762 762
856 916 855
896 975 992
122 823 908
121 694 694
957 1003 957
41 853 41
196 612 768
357 781 357
560 694 694
433 589 589
164 177 843
493 535 931
182 723 143
39 421 107
201 408 189
98 812 937
477 919 477
141 603 344
83 266 873
177 366 697
87 390 993
114 219 114
147 1024 558
285 481 481
402 516 308
297 630 297
682 722 431
75 680 525
941 960 830
186 667 756
96 413 251
59 960 960
260 791 600
781 898 539
251 997 251
633 737 737
936 958 798
1020 1021 1020
105 556 105
844 910 223
316 790 316
434 887 911
552 933 933
218 813 798
398 900 1001
147 911 911
69 933 114
409 552 409
500 845 642
430 769 430
330 520 592
165 728 728
677 999 677
655 771 655
124 920 550
64 604 581
640 808 929
308 491 308
448 666 957
133 446 932
383 539 539
104 1015 954
398 853 189
452 790 707
466 887 762
520 827 827
112 977 809
344 457 344
542 988 988
366 602 995
143 386 143
102 196 768
53 658 612
248 722 431
100 225 100
28 977 984
79 203 299
859 922 859
650 936 986
369 516 308
251 730 251
300 302 300
99 880 491
283 956 956
600 870 600
558 941 558
549 654 654
26 672 707
83 186 873
629 704 866
572 744 744
269 694 694
69 960 114
43 519 43
162 380 566
406 988 988
709 782 968
216 611 611
65 919 1013
340 957 957
9 871 9
75 382 525
663 933 933
279 661 661
289 876 289
161 281 170
389 580 430
163 490 774
298 669 639
644 692 189
65 107 107
10 33 10
594 828 594
308 439 308
221 666 221
529 725 529
328 632 518
89 430 430
175 594 594
223 905 905
575 992 992
422 694 694
69 694 694
39 201 189
420 990 886
636 1017 636
103 343 649
489 962 589
456 713 940
413 717 251
698 803 859
198 516 105
787 1002 1002
451 698 409
583 762 762
530 620 9
57 366 594
782 828 327
252 578 830
614 739 614
259 505 638
62 429 383
483 907 907
218 742 742
140 148 903
136 619 125
235 328 1020
338 805 338
35 766 737
255 809 809
645 1020 1020
90 903 903
557 645 403
249 737 737
55 668 737
167 925 89
133 200 933
61 680 251
652 751 140
661 943 661
251 296 251
217 282 102
372 892 628
654 899 654
348 375 814
520 682 255
452 769 769
864 873 873
551 994 90
811 960 960
313 364 654
449 738 481
667 994 868
53 642 642
56 511 511
130 221 221
163 779 779
53 229 380
939 1022 4
42 1017 42
66 768 768
17 872 313
331 568 728
14 361 553
492 724 675
353 927 965
17 594 594
251 587 251
222 352 352
130 894 894
363 366 125
499 728 762
179 694 694
409 594 409
452 482 707
308 900 308
373 725 373
47 831 437
171 720 171
475 581 475
609 613 205
175 859 859
381 883 29
670 796 796
130 616 130
932 965 965
525 744 525
654 825 654
378 691 736
616 919 616
765 853 189
525 808 525
621 905 905
95 557 403
151 928 928
12 865 600
337 729 10
253 705 555
17 35 329
16 121 345
701 987 616
20 38 639
735 829 655
422 897 497
616 946 616
186 644 481
600 664 600
403 910 403
340 861 937
714 780 297
416 894 894
115 254 254
124 329 550
547 824 894
17 878 59
562 955 472
749 970 352
264 722 1014
750 1019 254
298 972 391
369 685 369
91 601 518
62 1003 951
460 853 189
367 378 649
400 778 1020
330 931 931
119 139 401
706 803 859
238 529 529
39 650 768
10 64 10
284 885 288
41 476 41
209 1002 1002
130 605 130
453 931 931
346 419 143
182 1018 886
136 587 587
43 783 43
741 956 956
244 769 769
487 951 951
807 845 996
382 835 638
37 731 102
300 671 300
510 986 208
372 428 268
140 380 140
698 957 698
127 736 736
510 762 762
446 983 996
256 533 316
7 935 77
74 323 581
515 933 933
351 659 628
678 945 529
70 850 511
268 329 329
63 512 63
369 452 369
475 801 475
85 796 796
310 859 859
366 554 456
422 503 968
872 994 642
225 809 809
757 886 886
69 769 769
7 637 894
294 398 1001
568 984 984
517 779 517
270 717 238
144 844 929
73 278 180
475 561 475
138 378 1013
98 106 937
212 1017 357
41 184 41
297 502 297
481 529 481
448 830 830
89 928 928
258 710 1002
283 352 352
271 985 654
505 850 511
366 697 697
16 943 648
423 446 774
510 1003 208
225 291 982
15 924 254
366 625 338
125 649 649
577 621 826
699 769 769
3 440 908
101 818 869
278 1013 1013
886 927 886
270 332 326
226 590 472
653 1011 518
114 884 114
532 682 648
144 640 501
96 244 599
357 627 391
297 913 297
275 992 992
38 1007 1007
427 743 1007
410 969 437
189 633 189
525 956 525
652 817 905
229 844 380
238 779 779
314 726 300
669 949 639
2 321 199
249 843 297
112 911 911
172 525 525
446 970 932
158 346 150
112 256 316
52 744 744
633 946 758
346 352 352
340 483 937
25 494 89
485 786 960
54 640 615
162 795 566
348 671 13
34 715 42
256 291 316
264 933 933
260 920 907
351 424 114
202 405 246
189 887 189
872 1019 642
13 798 13
2 760 199
4 450 636
177 741 517
38 78 78
129 342 684
234 817 661
407 592 592
110 475 475
61 611 251
244 405 246
134 993 130
36 676 951
100 828 327
365 1018 369
174 499 762
798 952 911
107 661 661
264 601 1014
368 965 965
297 849 297
438 1007 1007
473 727 984
298 835 835
759 904 903
165 471 587
460 647 611
893 913 316
241 908 908
261 407 24
49 650 736
713 960 940
20 455 639
222 603 901
118 714 82
506 887 506
18 640 539
442 883 29
279 994 176
858 1022 1014
502 653 502
100 240 100
315 759 843
344 677 677
357 995 995
549 946 919
570 885 288
698 941 698
611 670 670
81 521 521
88 520 482
297 365 297
177 715 478
420 541 11
45 441 70
429 825 825
349 769 769
38 413 251
505 794 477
82 955 82
693 920 907
293 959 744
538 708 369
219 226 975
368 660 389
466 784 762
443 856 125
44 151 130
149 877 409
71 916 855
309 611 611
181 550 550
378 401 1013
158 532 648
370 953 140
603 718 711
392 649 649
132 457 430
313 844 313
835 990 835
429 905 905
214 396 599
333 663 170
357 624 180
222 256 316
97 261 24
648 737 737
409 989 409
410 452 437
746 966 988
478 810 810
131 576 1
423 784 784
668 964 964
384 895 272
193 698 698
307 650 463
764 797 957
40 672 774
52 431 63
600 776 600
116 1016 1016
737 1009 737
479 905 479
151 364 654
140 722 140
194 965 965
334 1002 1002
619 798 125
219 784 784
399 508 4
23 492 697
482 719 815
84 255 675
373 436 694
785 830 581
28 672 984
269 855 855
600 965 600
788 1014 1014
522 922 995
421 536 800
325 477 477
81 499 762
59 97 59
282 629 102
568 930 728
215 385 661
104 936 868
472 1015 472
685 779 779
133 577 401
85 486 826
474 903 903
170 193 170
837 872 476
65 804 1013
89 931 89
475 1000 475
469 690 221
616 775 616
317 575 502
361 565 856
396 632 553
116 564 951
515 583 940
246 561 246
164 316 316
240 966 1013
275 686 275
160 824 894
93 501 93
213 714 97
129 1015 954
74 886 886
222 570 300
237 854 854
87 564 993
90 197 742
161 926 796
105 135 105
561 866 866
51 271 583
731 988 988
648 891 648
134 981 130
197 854 854
600 654 600
327 389 327
684 816 684
539 638 638
221 953 221
368 808 615
379 462 199
314 474 810
437 659 437
734 890 964
420 684 684
80 194 383
344 484 344
525 1014 1014
463 1010 463
201 911 189
270 311 41
247 915 610
138 803 859
445 933 933
437 451 437
333 402 170
235 902 1020
431 876 876
444 482 482
230 275 275
130 324 636
314 591 566
199 462 199
496 511 800
492 681 475
916 931 931
775 928 928
516 1014 1014
280 281 255
482 547 482
515 549 940
43 175 43
792 826 321
554 616 456
784 1014 1014
650 938 4
216 770 385
401 915 401
479 949 479
280 735 826
451 895 409
41 901 41
123 409 409
666 756 756
144 892 628
87 122 908
376 667 868
90 306 477
380 700 100
563 720 835
449 741 517
299 665 299
51 121 583
871 912 316
58 120 728
510 600 600
382 931 931
360 416 401
856 937 856
68 412 321
600 713 600
314 446 314
525 818 525
68 440 908
38 583 583
574 790 907
345 393 345
33 162 996
603 848 711
124 747 506
512 898 539
555 832 11
492 517 517
185 504 594
720 815 171
527 943 648
150 948 150
114 754 114
188 725 511
45 345 345
259 493 638
97 422 97
447 563 859
633 756 756
639 842 639
718 725 97
483 501 503
13 733 13
262 619 125
827 1011 907
19 747 506
159 1023 533
67 329 329
30 698 698
66 946 869
59 842 670
260 938 208
854 898 854
82 574 82
188 479 511
160 633 758
353 447 859
619 649 649
35 599 599
45 421 107
62 63 63
795 808 929
72 838 587
930 997 344
176 335 176
618 854 854
527 773 42
223 585 911
179 552 954
303 828 655
29 545 29
18 157 539
788 1016 1016
154 279 176
631 746 988
410 579 437
122 385 908
194 824 894
86 268 988
603 794 794
63 387 506
576 910 675
250 648 648
307 739 463
645 773 517
81 411 980
360 659 628
643 684 684
17 521 521
32 38 254
635 932 932
68 860 825
94 275 558
387 970 506
405 477 477
577 987 401
659 964 964
674 678 355
89 1006 89
582 1022 11
673 974 854
41 715 41
16 215 661
18 833 289
196 701 616
356 505 477
296 868 868
133 245 933
310 496 800
458 885 288
794 849 794
558 951 558
77 550 550
261 703 472
573 706 506
100 801 326
851 956 956
205 518 205
136 733 136
445 814 670
513 649 649
18 715 539
729 919 919
124 296 550
64 391 581
800 1021 800
138 975 975
449 719 481
86 135 988
106 417 992
837 844 476
566 937 566
59 776 589
152 586 816
275 864 275
326 397 329
708 879 140
855 919 855
465 478 937
142 351 804
50 972 905
280 332 326
398 889 1001
495 957 957
780 834 297
443 533 125
102 524 1007
349 437 437
408 880 479
48 341 694
429 869 869
220 780 297
741 782 517
647 1004 475
315 385 385
102 530 102
818 992 992
152 996 996
154 262 835
89 512 89
249 344 297
202 700 102
406 485 614
323 995 581
9 345 9
886 1005 176
174 873 873
631 691 736
29 962 29
205 251 251
397 1024 329
4 84 675
599 863 599
4 678 876
216 512 642
114 883 114
13 792 321
351 843 843
94 1015 954
784 900 784
199 762 762
940 1012 940
67 846 647
49 594 594
645 954 954
97 960 960
735 918 24
481 707 481
155 487 479
93 507 93
586 825 586
425 725 610
36 757 816
211 639 639
345 815 345
150 796 150
90 97 90
551 624 180
221 652 221
583 820 583
102 916 855
648 997 648
387 637 506
1 401 1
16 680 345
649 812 649
369 753 462
540 952 911
389 655 655
315 832 11
330 551 592
283 554 345
168 1017 130
143 199 143
131 860 1
66 469 555
457 772 136
430 611 430
395 457 355
128 1006 873
55 437 437
97 728 728
78 935 78
191 953 140
274 794 794
550 694 694
798 848 798
379 409 409
394 725 90
98 702 957
67 92 657
267 923 616
482 512 482
345 984 984
271 592 592
745 782 734
69 1024 114
159 312 965
327 639 639
801 984 984
150 340 150
855 937 855
29 984 984
206 472 472
442 977 809
144 455 533
82 576 82
99 292 769
324 625 636
217 650 986
136 839 744
955 1003 951
358 519 221
221 321 221
300 980 300
421 908 908
43 234 43
206 530 338
687 704 866
409 546 409
107 362 769
240 609 205
738 853 189
461 611 611
2 661 661
651 727 984
251 341 251
149 300 300
644 664 1001
388 442 521
337 831 437
357 769 769
234 383 661
73 425 73
101 797 957
65 381 1013
518 1011 518
159 452 707
12 19 1016
471 868 587
111 607 299
619 783 1002
79 281 313
762 900 762
786 851 511
262 844 929
471 616 587
352 625 352
588 768 24
73 579 73
466 605 762
10 123 10
414 945 529
316 523 316
36 452 707
206 1002 1002
697 974 854
226 1024 855
125 1005 176
338 531 338
850 964 964
263 998 583
457 478 756
261 612 24
702 969 957
322 965 965
286 955 634
380 435 564
151 177 454
543 553 403
88 112 482
555 869 869
459 956 956
864 968 864
373 468 373
265 563 835
867 992 992
335 992 992
62 720 171
434 760 479
289 922 289
329 743 1007
223 421 107
525 890 525
673 965 965
86 974 854
429 713 940
217 844 929
138 650 468
62 768 768
908 1013 908
150 705 150
125 230 125
548 687 70
138 663 357
95 639 639
535 639 639
16 357 345
171 275 275
217 443 125
659 681 475
355 409 409
225 943 648
794 848 794
674 1004 475
880 975 654
507 900 1016
238 311 41
304 699 796
116 463 463
192 295 954
769 872 769
423 951 774
134 878 59
456 957 456
40 71 774
89 566 89
252 619 125
284 674 105
690 847 221
255 795 777
273 488 694
425 443 125
232 638 638
678 761 854
85 346 150
202 682 102
76 150 150
73 271 654
707 981 707
894 1007 1007
627 824 391
125 990 886
421 698 698
82 793 1
116 869 951
268 523 956
682 874 93
841 851 511
479 583 479
574 753 907
549 642 919
624 1001 1001
112 634 634
446 701 616
581 1006 873
151 924 254
707 940 940
265 795 742
138 319 393
392 430 430
149 702 170
179 840 525
777 814 814
1 756 1
29 914 29
633 840 525
57 820 594
106 704 825
541 593 482
327 461 815
657 685 93
168 600 600
150 344 150
136 730 136
32 107 254
259 733 638
457 581 581
361 564 856
113 600 600
136 951 136
131 171 1
195 838 587
219 369 975
101 158 1020
721 725 171
433 548 300
143 522 143
195 312 965
321 977 321
202 425 102
41 197 41
83 672 873
38 156 373
237 246 246
15 189 189
174 218 272
263 840 525
477 691 477
151 821 454
29 171 29
859 963 859
75 311 525
714 848 533
637 857 1007
406 501 768
282 286 102
352 992 352
255 917 711
314 371 876
856 857 1007
565 694 694
41 409 409
643 875 599
329 691 329
70 659 70
219 293 960
611 683 611
365 928 928
569 1002 251
493 603 502
937 1017 937
293 679 960
401 588 24
198 764 105
252 461 815
577 688 677
414 872 327
10 736 10
625 632 338
102 330 592
430 890 430
315 969 73
91 142 518
256 928 928
133 405 246
138 796 796
1 167 1
61 600 600
643 1010 13
351 973 13
2 1010 199
371 430 430
56 634 648
960 985 960
17 552 886
71 839 744
186 456 456
74 83 873
93 828 327
319 653 518
518 581 581
68 319 393
421 1020 1020
106 581 581
490 640 774
20 761 854
697 1000 734
49 633 736
58 969 758
730 899 855
530 956 956
163 272 272
472 904 472
14 364 553
486 929 23
76 796 796
775 791 600
548 589 589
241 544 205
356 597 928
8 952 911
324 464 636
519 927 965
360 645 517
178 284 29
296 633 482
113 464 903
531 992 992
295 916 855
630 732 289
93 996 996
221 845 221
712 984 984
361 923 856
859 867 859
170 430 430
81 447 859
638 859 859
310 516 308
144 605 507
277 879 742
229 324 636
513 940 940
830 965 830
700 767 43
508 844 929
184 791 600
658 919 919
111 114 114
780 877 409
730 930 995
647 679 758
646 1008 634
283 927 345
704 944 114
501 808 929
9 962 9
41 225 41
635 935 113
70 1001 1001
151 485 614
126 994 639
694 715 694
476 917 476
476 592 592
152 431 816
394 637 894
291 932 932
750 1021 254
44 223 130
596 766 737
90 373 373
509 961 509
222 986 901
812 910 462
819 940 940
243 510 859
45 665 509
694 935 694
501 581 581
52 649 649
221 530 221
199 658 199
99 182 886
521 891 521
151 698 698
385 1001 1001
899 1019 327
771 971 1001
284 398 105
338 517 338
445 844 670
377 588 864
299 1019 299
647 852 143
334 868 960
764 985 965
91 894 518
402 848 463
50 265 905
270 1007 1007
654 757 654
66 308 308
165 272 272
223 777 223
289 552 886
618 700 868
406 915 768
681 800 800
12 215 661
37 850 511
67 480 931
361 993 856
101 997 344
46 167 89
59 138 59
607 909 299
769 956 769
288 748 288
203 270 299
284 733 105
594 842 594
14 190 553
475 557 475
124 775 550
377 930 995
106 945 529
249 565 297
317 582 502
384 933 933
53 787 78
204 968 314
61 182 251
472 710 472
36 219 975
230 365 919
420 455 11
229 278 180
399 957 957
290 446 43
550 868 550
301 978 113
136 422 136
243 1020 859
504 908 908
630 803 859
46 748 297
3 30 638
468 634 468
282 874 102
555 603 711
616 714 616
437 1007 1007
662 907 352
810 970 810
502 547 502
676 858 1014
701 798 616
509 818 869
149 231 10
178 452 29
49 299 736
504 834 594
906 977 592
228 835 835
655 736 655
159 783 1002
254 549 254
276 887 78
316 893 316
538 942 587
289 499 762
497 676 951
26 634 779
615 969 383
140 611 611
738 922 905
555 792 321
189 584 189
219 683 344
724 928 928
10 85 10
241 364 205
248 706 540
319 866 393
527 791 600
517 900 517
123 698 698
472 984 984
314 652 140
383 384 90
87 1013 1013
408 819 479
159 258 864
381 434 919
70 448 70
36 643 13
808 919 919
157 757 816
123 508 1016
189 235 189
473 848 373
139 371 876
43 103 43
370 532 648
177 992 992
475 705 475
53 453 821
135 298 391
331 777 733
600 954 600
30 613 481
625 705 338
722 741 517
39 529 529
601 827 77
319 586 393
612 679 758
596 693 815
502 958 502
172 928 928
34 886 886
112 794 794
727 747 506
868 998 868
66 729 729
595 864 864
243 935 859
905 1011 905
8 296 462
472 942 472
371 628 628
756 809 756
462 899 462
151 686 843
242 430 430
574 737 737
42 991 42
192 527 954
186 593 756
86 744 744
455 648 648
483 612 503
682 748 975
507 817 905
136 211 136
25 611 89
260 449 481
398 737 737
685 872 93
769 858 769
34 973 42
525 909 525
142 591 566
481 823 481
669 849 639
136 202 136
355 934 864
433 661 661
59 511 511
563 642 835
431 806 876
637 961 894
796 1024 796
389 556 804
153 482 221
542 683 344
254 851 254
73 861 73
633 862 338
592 829 592
534 640 777
23 718 97
319 568 728
33 550 550
605 904 903
289 589 589
439 704 521
892 980 628
283 462 345
428 690 221
582 612 11
525 552 525
447 838 859
44 494 130
90 711 711
344 714 344
250 299 272
93 429 93
594 710 594
205 784 784
243 727 859
70 409 409
312 610 965
142 852 143
595 936 393
878 903 59
14 564 553
145 961 762
91 118 518
277 566 566
2 483 199
210 574 677
245 694 694
220 499 762
312 878 59
126 682 639
667 995 995
508 981 827
192 502 954
231 629 10
186 714 756
399 581 581
209 676 208
451 887 409
66 317 502
104 201 189
611 1012 611
282 684 684
114 307 114
323 648 648
250 914 272
69 616 114
550 833 550
280 919 919
41 495 41
249 489 297
682 936 238
529 867 205
18 611 611
767 929 43
92 920 907
659 710 1002
625 854 854
430 459 430
342 939 314
445 820 670
143 880 143
127 773 825
370 650 23
829 1002 1002
600 859 600
677 803 859
511 868 511
644 807 996
764 933 933
254 629 254
9 283 9
508 799 314
739 824 894
503 508 503
291 713 940
48 416 694
396 763 176
538 551 90
926 981 796
492 567 497
12 873 873
915 958 798
330 1013 592
610 971 1001
796 976 796
104 551 90
193 672 313
168 943 648
511 765 511
259 931 931
1 55 1
722 958 798
650 923 325
834 997 684
956 1017 956
409 568 409
672 931 931
403 900 403
397 490 774
11 289 289
576 813 675
221 646 221
9 800 800
600 632 600
822 979 136
1 912 1
54 576 675
782 955 634
661 954 661
71 691 736
557 897 403
219 348 975
223 245 933
306 802 550
268 1008 268
255 709 509
110 586 63
16 453 345
416 545 454
190 717 77
74 740 357
93 958 798
372 998 295
405 975 246
340 970 937
301 805 42
215 1015 661
186 449 481
423 652 774
35 369 329
317 933 933
205 476 205
805 952 911
205 457 205
409 996 409
754 894 894
240 469 555
348 710 1002
38 745 734
211 570 300
200 789 933
54 442 615
420 848 11
316 749 316
618 970 868
479 748 479
94 348 558
478 794 794
426 779 901
368 450 636
71 534 777
396 409 409
816 1017 816
218 601 77
112 217 325
437 506 437
390 981 827
260 925 136
70 698 698
858 1007 1007
158 506 506
101 987 809
196 310 768
26 936 779
424 836 114
138 861 73
507 602 995
371 468 876
802 1007 1007
87 611 611
127 990 886
9 599 9
29 239 29
756 855 855
779 817 905
116 801 951
494 665 540
82 941 830
192 946 954
245 616 933
545 781 73
261 859 859
123 436 694
177 716 677
485 989 475
481 774 774
711 763 176
350 636 636
613 995 995
93 572 931
77 816 816
188 743 1007
329 867 205
629 869 869
316 962 316
277 861 742
481 785 581
740 899 327
899 957 957
407 766 737
19 476 655
564 953 140
5 81 539
966 970 1013
126 574 639
133 876 876
581 907 581
107 496 800
35 185 329
367 417 649
711 756 756
395 604 614
112 468 468
360 797 957
190 970 77
66 127 555
155 542 479
227 434 661
666 928 928
355 394 355
569 818 251
769 997 769
434 815 815
14 289 289
483 969 383
144 594 594
54 297 297
566 892 566
513 987 733
47 885 964
452 985 707
575 708 308
78 869 78
963 1011 345
558 995 558
712 830 830
303 894 655
447 583 859
749 777 352
81 430 430
288 637 288
67 615 647
453 973 13
454 503 454
263 621 583
169 994 734
482 731 102
714 748 975
24 465 24
247 876 876
401 596 401
170 548 170
713 744 744
54 174 272
817 962 589
186 922 756
473 993 373
717 1008 821
7 433 300
67 794 794
64 589 589
490 931 931
787 922 78
501 635 113
273 480 931
266 990 886
495 969 814
623 758 756
846 957 957
391 753 391
41 386 41
151 638 638
107 684 684
762 769 769
306 875 599
330 708 592
237 262 856
119 434 401
661 753 661
518 762 762
99 799 491
320 564 223
43 983 43
418 457 502
505 648 648
390 753 462
18 466 762
288 397 288
531 807 996
306 510 477
423 517 774
630 948 964
82 341 82
375 446 814
385 955 385
502 616 502
41 950 41
332 679 326
673 929 814
571 802 550
116 122 908
751 832 11
101 456 456
165 781 70
297 672 297
883 939 29
680 699 796
141 744 744
299 636 636
26 835 835
108 341 933
154 631 835
188 875 511
441 475 475
321 364 654
189 713 189
713 955 940
537 547 670
189 450 189
770 989 475
690 771 221
21 659 628
367 810 649
146 944 114
356 468 901
297 931 297
426 594 594
172 816 784
492 666 957
688 706 677
95 481 481
407 908 908
548 981 70
240 403 403
454 785 581
223 944 114
429 500 135
262 792 321
312 665 965
102 458 107
334 1022 960
500 1016 1016
220 296 468
852 915 143
246 1018 246
29 995 29
263 890 964
125 344 344
213 763 176
189 949 189
665 705 555
54 896 992
99 770 491
405 959 744
29 89 89
260 396 553
579 907 907
320 1018 369
585 835 835
17 737 737
815 889 698
158 645 1020
85 936 826
279 791 600
300 653 300
417 511 511
531 611 611
585 829 911
166 471 587
41 251 41
397 447 859
281 846 255
227 956 661
38 226 113
33 898 996
744 1012 744
156 237 856
527 663 42
380 779 779
354 469 589
47 176 964
629 845 891
427 923 325
607 956 956
598 738 905
340 458 107
146 296 611
379 908 908
786 931 931
163 832 11
67 939 314
232 303 655
354 533 589
585 656 911
53 114 114
159 570 300
130 934 864
444 723 143
764 805 42
101 348 100
843 992 992
429 929 135
526 884 1014
168 861 130
435 681 475
335 494 463
78 144 78
148 195 903
251 1020 251
304 992 992
391 661 661
192 645 954
548 607 70
354 625 589
62 779 779
175 380 596
53 388 521
138 631 468
178 615 29
257 345 345
12 209 1016
484 644 698
27 657 835
381 624 180
309 980 980
846 873 873
845 1018 369
538 784 784
564 593 482
475 828 475
955 978 634
284 687 105
489 613 275
551 857 1007
732 771 295
60 961 105
865 980 600
168 991 299
382 925 638
282 362 769
55 686 737
507 545 733
239 428 268
353 501 431
373 422 373
77 892 628
850 975 511
212 975 975
148 344 344
83 781 873
118 992 992
734 757 816
44 236 295
497 627 391
290 641 854
98 759 843
304 784 784
675 801 675
149 839 744
364 902 654
137 686 275
490 933 933
61 732 251
96 790 599
100 1020 1020
217 904 903
623 877 409
221 649 649
179 899 954
486 876 876
579 621 826
147 686 558
515 784 784
341 706 478
38 190 77
181 775 9
128 950 744
272 511 511
712 821 491
357 465 937
491 800 800
207 836 649
311 326 41
673 771 810
564 897 497
125 333 125
490 808 774
239 255 647
1020 1022 1020
933 943 933
127 761 854
343 747 506
26 790 779
874 923 93
216 639 639
679 719 815
81 240 291
263 627 583
73 355 355
66 650 657
578 587 587
321 565 321
572 885 931
388 704 521
71 772 136
77 975 975
297 725 297
84 985 675
333 943 648
4 189 189
407 463 628
396 773 553
284 746 105
582 592 592
81 751 640
491 792 491
59 519 59
679 821 758
213 652 140
301 513 733
607 728 728
220 477 477
302 852 143
565 808 932
455 658 533
402 403 403
300 902 300
501 692 189
38 993 993
50 769 769
439 907 521
160 632 647
33 840 525
336 971 1001
294 388 521
531 596 491
428 649 649
366 645 517
319 924 254
669 678 639
78 364 78
288 765 288
308 881 769
506 566 506
910 1003 951
265 592 592
213 827 93
275 950 744
328 667 518
485 592 592
762 879 762
265 476 742
330 1007 1007
296 922 369
711 889 698
643 869 13
356 936 901
639 648 639
224 511 511
175 475 475
582 680 355
9 718 9
638 760 638
484 762 762
429 878 59
709 767 43
147 370 558
189 942 189
790 808 929
80 215 661
313 545 313
635 686 843
44 109 130
54 190 77
498 998 476
235 364 1020
143 858 143
42 326 42
220 431 468
559 798 592
283 807 996
30 306 477
305 579 956
207 1014 1014
344 976 992
583 911 583
59 603 59
129 850 511
201 552 189
173 681 409
139 704 468
225 351 982
476 1014 1014
118 478 82
11 571 594
230 796 796
615 799 314
283 522 345
717 1013 1013
525 1015 525
295 648 648
176 213 176
496 943 800
394 835 835
157 281 97
128 901 901
326 909 586
565 624 180
611 689 908
278 960 960
389 1000 734
493 971 1001
243 600 600
717 963 345
162 516 308
357 542 816
218 631 866
131 999 1
775 890 964
717 829 655
103 723 143
620 762 762
84 1008 675
385 579 385
430 858 430
490 744 744
14 472 472
178 919 29
297 593 297
205 805 205
6 93 437
302 494 804
406 973 768
347 540 268
892 960 960
355 428 268
54 994 564
190 260 208
464 652 903
118 600 600
98 567 937
636 932 636
647 897 497
190 532 648
800 823 800
508 647 647
453 939 314
491 901 491
545 935 733
234 449 661
305 643 956
54 132 430
128 388 521
483 594 594
178 713 29
513 650 733
160 395 355
180 633 180
272 486 272
614 985 614
302 827 804
229 670 670
138 626 385
26 483 779
796 873 796
43 475 43
323 796 796
403 846 403
117 143 143
63 201 189
137 760 479
480 927 931
54 246 246
91 196 518
125 979 125
134 222 901
647 911 911
548 879 70
244 379 199
171 734 171
154 1008 835
413 917 251
184 912 316
78 1013 78
503 899 327
220 939 468
217 501 612
543 609 205
152 531 491
375 753 462
719 905 905
636 794 636
90 832 90
322 687 596
1 6 1
570 927 300
338 862 338
504 933 933
217 1008 612
203 858 1014
269 898 539
692 933 933
760 998 479
212 792 321
4 582 11
286 751 159
141 310 344
460 693 611
571 649 649
550 810 550
308 489 308
632 1011 907
91 753 518
638 902 638
644 879 481
298 413 251
361 957 957
430 859 430
112 509 325
499 550 550
647 910 223
594 948 594
470 934 171
398 747 506
722 754 326
75 844 525
72 806 63
11 741 517
728 894 728
225 469 982
82 226 82
476 1017 476
85 980 826
218 514 1002
446 596 431
840 918 525
426 1011 901
303 330 592
63 680 63
682 1007 1007
251 271 251
238 442 238
268 726 300
183 696 78
213 504 594
257 504 594
512 788 980
503 817 905
360 728 728
246 711 246
43 172 43
509 978 23
566 984 984
186 980 756
66 576 675
102 774 774
515 903 940
486 814 814
90 722 90
154 753 835
215 776 661
508 681 475
154 709 835
146 765 583
596 955 634
492 507 697
512 632 642
597 848 928
331 946 869
316 700 316
96 434 599
192 769 769
88 646 482
114 998 114
662 845 352
400 768 1020
334 939 960
133 456 456
618 827 868
57 316 316
511 903 511
646 808 634
817 1004 475
616 650 616
802 839 550
210 964 964
364 929 654
520 685 93
70 260 70
6 1007 1007
373 559 592
111 378 1013
99 876 491
239 687 389
501 994 564
110 931 931
569 865 600
93 483 93
699 818 796
368 717 615
60 173 409
605 667 868
852 931 143
161 605 170
652 761 854
520 813 697
384 556 90
509 676 951
80 842 670
762 925 762
571 931 594
5 143 143
859 959 859
89 678 89
365 827 135
64 639 639
380 617 553
348 909 586
166 640 403
113 393 393
591 739 566
42 818 42
193 908 908
404 470 737
127 567 497
24 288 288
223 844 223
282 986 102
764 943 648
253 626 385
14 612 553
26 979 980
380 773 825
183 648 648
592 991 592
519 538 478
180 196 180
409 581 409
561 671 13
11 613 481
842 964 964
785 1011 581
484 880 698
241 803 859
82 416 82
103 186 984
163 751 640
77 588 24
157 489 275
26 592 592
511 774 511
641 842 854
117 476 830
31 1002 1002
207 745 649
311 867 41
191 903 903
123 558 558
363 648 648
258 789 29
312 409 409
297 929 297
25 1002 89
370 755 698
80 289 289
156 655 655
133 855 855
139 856 856
114 188 114
352 463 352
114 401 114
550 664 550
720 904 171
288 847 288
144 800 800
494 816 816
170 254 254
609 649 649
476 656 476
148 372 903
384 541 90
253 1009 199
22 490 774
610 889 698
807 820 996
143 200 143
396 859 859
677 854 854
363 808 125
709 786 960
436 628 694
457 798 756
754 1024 855
216 414 327
629 1021 59
344 516 344
48 861 694
67 72 63
510 957 957
909 932 586
41 358 41
133 993 932
542 873 873
349 354 150
710 734 1002
60 352 352
168 375 130
411 956 956
195 287 503
834 930 684
831 859 437
602 873 873
10 670 10
86 648 648
136 298 136
257 560 796
146 337 10
809 1022 4
516 649 649
456 617 456
89 432 89
268 876 268
387 667 506
208 352 352
248 298 391
31 93 454
555 783 1002
883 932 29
243 982 859
7 404 737
246 332 246
304 525 525
332 763 176
183 503 78
512 843 843
247 836 800
267 494 616
394 697 90
72 217 63
279 585 176
156 900 1016
482 711 711
276 966 78
396 517 517
869 906 592
211 213 894
221 531 221
727 1013 984
72 955 63
177 306 477
471 925 587
408 796 796
3 367 649
269 550 550
335 520 463
114 786 114
549 1013 1013
471 1006 587
176 868 176
668 927 965
479 668 479
10 375 10
201 239 189
91 913 558
609 756 205
510 817 905
887 1010 911
7 682 77
81 698 698
143 527 143
87 176 176
403 714 403
141 369 344
328 631 518
176 720 176
802 875 550
199 529 199
553 980 553
269 764 82
59 556 59
58 778 246
36 817 905
146 442 611
164 615 843
566 813 566
281 362 769
329 817 329
288 615 288
434 994 634
66 773 825
288 679 288
73 325 73
875 979 599
581 664 1001
29 551 29
66 268 268
204 927 965
535 963 345
375 441 70
209 352 352
239 788 980
304 596 586
326 923 326
35 912 316
380 386 729
221 848 221
43 449 43
464 686 903
433 767 43
248 444 540
226 550 550
810 923 810
381 414 327
83 854 854
21 269 82
672 846 707
10 744 10
236 577 295
988 1020 1020
369 872 369
138 897 468
175 687 596
221 520 221
585 643 911
541 792 321
169 611 611
199 475 199
597 913 928
28 458 984
271 904 654
143 941 143
669 929 639
876 996 996
472 568 472
82 567 82
360 736 736
127 894 894
359 954 954
211 259 638
60 800 800
378 437 437
865 1014 1014
113 465 937
12 611 611
635 789 29
177 452 707
594 989 594
32 211 254
267 1010 616
25 844 89
350 657 968
231 928 928
256 769 769
349 630 150
447 617 859
251 908 908
54 938 4
177 893 316
469 1002 1002
153 774 774
810 880 654
630 903 289
203 250 272
188 808 511
316 1004 316
350 861 73
882 955 634
6 769 769
518 592 592
615 865 600
184 674 329
268 795 268
608 857 1007
414 483 327
10 119 10
317 473 502
551 937 937
589 777 589
187 879 140
293 370 960
602 686 995
363 385 125
154 595 835
638 1024 638
694 701 694
422 892 628
16 689 908
682 890 964
360 573 506
563 1020 1020
26 976 992
435 846 564
90 616 90
3 610 638
766 769 769
309 385 385
677 835 835
108 744 933
325 575 308
286 664 1001
429 632 135
33 196 996
483 600 600
86 344 988
576 903 903
743 792 1007
761 937 854
32 41 254
725 733 733
134 474 130
76 744 744
448 878 59
302 393 393
657 775 596
321 655 655
162 730 855
691 897 736
68 113 825
72 283 345
41 224 41
618 797 957
698 707 698
305 367 649
658 789 29
391 437 437
700 968 100
401 812 462
336 790 427
513 1018 369
55 327 737
320 357 357
226 1023 533
514 744 744
369 921 794
226 492 697
557 583 583
183 1021 78
798 975 975
93 208 208
89 860 89
58 650 758
53 500 821
755 964 964
758 928 928
984 1024 984
317 394 502
167 435 89
674 705 355
437 660 437
40 362 769
491 834 684
422 728 728
134 747 506
85 101 826
82 436 694
660 874 93
7 672 707
642 916 855
41 870 41
148 743 1007
17 444 313
505 944 114
85 475 475
390 547 657
640 687 389
61 301 251
732 792 321
38 248 540
381 1014 1014
498 593 476
723 1022 143
70 596 70
355 1016 1016
481 587 587
224 843 289
394 612 90
508 957 957
366 717 612
612 922 369
36 508 777
182 511 511
262 761 854
587 754 587
178 1014 1014
187 878 59
785 877 409
599 697 599
209 221 221
225 1007 1007
300 543 403
339 472 472
170 591 170
360 500 401
594 719 594
80 557 403
728 829 728
386 797 957
361 376 856
49 391 391
66 272 272
404 693 737
490 909 774
63 477 477
114 766 114
254 497 254
108 260 933
350 880 654
430 888 430
634 909 586
414 780 297
377 776 589
472 792 472
155 475 475
25 560 89
656 752 82
579 672 610
177 269 82
72 751 63
254 338 254
595 968 393
283 382 345
572 760 931
149 263 583
132 1014 430
180 427 180
712 971 1001
650 869 869
95 759 843
320 1017 810
459 645 517
460 940 940
481 804 481
232 381 919
172 593 784
341 555 729
883 964 964
617 646 553
352 413 352
689 994 908
145 661 661
650 964 964
359 735 246
444 994 564
800 943 800
487 534 159
364 963 345
602 972 995
85 127 826
247 298 391
361 997 344
317 712 502
137 737 737
781 939 73
636 761 854
71 733 733
40 523 956
346 762 762
186 845 756
175 637 894
321 854 854
220 1024 855
251 511 251
274 278 517
510 654 654
113 768 768
10 12 10
266 928 928
151 664 1001
525 830 525
386 769 769
43 841 43
350 474 810
306 625 338
351 984 984
93 153 221
53 1012 794
338 639 639
921 928 928
812 930 995
146 418 611
226 438 41
64 505 477
307 454 463
274 508 517
553 953 553
49 810 736
149 970 170
71 660 389
345 949 345
166 312 403
303 539 539
383 802 550
289 401 289
331 758 758
111 392 10
223 527 42
61 823 251
633 929 758
142 379 199
312 819 476
347 569 251
602 1013 995
64 1007 1007
707 948 964
187 788 586
738 900 1016
518 805 518
400 984 984
525 664 525
471 909 587
133 800 800
966 996 996
252 340 937
87 207 649
338 882 338
705 881 769
527 698 698
411 980 980
849 901 901
443 956 956
715 932 932
195 520 427
134 769 769
172 1006 784
356 827 901
373 583 583
517 977 517
415 733 784
327 721 171
139 987 468
444 508 509
368 917 711
107 676 107
512 892 628
389 998 135
769 859 769
377 648 648
376 405 246
49 350 736
110 615 63
25 281 89
153 289 289
808 846 929
280 414 327
600 719 600
401 873 873
156 570 300
446 935 431
438 694 694
223 984 984
517 518 517
54 676 951
771 922 810
273 849 308
325 614 614
324 598 636
490 956 956
54 219 975
551 914 90
216 1016 1016
565 685 932
427 551 90
670 731 670
105 109 105
338 796 796
226 255 113
264 412 1014
266 433 300
789 890 964
459 657 614
920 937 937
402 525 525
117 538 830
543 585 403
343 955 649
208 734 734
310 448 540
85 283 345
476 993 476
926 942 796
116 906 592
762 959 762
336 679 758
335 829 655
346 477 150
148 180 903
2 789 29
504 986 594
517 588 517
214 364 599
291 991 299
496 862 800
246 933 933
358 533 221
376 948 964
161 979 170
287 860 779
381 547 919
626 788 385
64 714 581
41 752 41
536 924 254
494 668 540
332 936 326
95 437 437
448 483 503
223 843 843
256 257 316
454 501 454
189 494 189
26 1012 794
796 885 796
320 533 533
882 940 940
491 649 649
376 515 940
93 736 736
111 508 779
729 837 476
59 526 89
10 953 10
66 784 784
321 795 321
120 796 796
17 26 313
491 830 830
559 794 794
557 851 511
63 511 511
113 714 97
365 773 825
91 201 189
80 641 854
370 945 529
4 928 928
530 758 758
149 954 954
14 539 539
194 215 661
680 772 136
65 886 886
431 1022 4
618 850 511
560 820 796
333 559 592
341 946 869
515 594 594
668 990 886
882 929 503
427 780 297
350 714 97
774 817 774
502 694 694
13 964 964
216 493 502
94 758 558
247 767 43
54 639 639
188 903 511
462 533 462
54 882 503
333 988 988
90 525 525
435 501 564
825 894 894
700 785 581
477 686 477
45 588 24
500 556 804
157 925 136
294 777 385
114 871 114
700 995 995
27 427 835
219 595 975
737 778 737
566 1007 1007
466 792 762
151 553 553
29 964 964
282 331 102
521 781 521
12 953 1016
418 531 502
493 589 589
8 537 670
109 432 41
218 864 864
10 692 10
759 944 114
384 787 78
47 361 964
153 645 221
262 894 894
179 403 954
37 630 289
396 470 553
213 594 594
77 518 518
856 877 409
43 725 43
884 946 1014
35 88 329
315 722 73
43 941 43
323 731 581
646 894 894
195 237 856
104 757 816
108 817 933
448 715 478
458 621 107
347 361 268
9 558 9
165 815 70
145 228 762
216 347 268
190 500 77
401 813 401
139 629 468
857 978 1007
327 629 327
22 985 59
160 751 986
632 902 107
353 576 675
619 1002 1002
615 670 670
452 561 707
535 814 931
397 996 996
67 93 93
117 670 670
228 407 940
113 633 758
588 856 24
227 477 661
16 197 345
176 275 176
81 203 299
251 589 251
87 262 993
96 582 599
218 528 430
102 557 403
344 638 638
404 807 737
196 320 768
160 833 289
174 825 272
39 634 768
457 859 859
842 941 670
540 982 540
98 589 589
527 624 42
859 979 859
615 965 965
258 836 800
358 800 800
548 739 70
227 685 661
497 589 589
197 862 338
198 778 105
519 1008 478
443 777 125
171 814 171
503 756 756
711 981 711
82 824 894
189 267 189
492 653 518
485 727 984
377 1001 1001
216 812 462
187 537 670
26 897 779
775 1022 4
908 928 908
72 815 63
100 864 864
353 425 610
366 724 675
107 534 107
761 949 854
146 902 611
448 563 835
651 772 477
5 409 409
270 907 907
392 565 10
175 841 616
355 563 835
474 635 810
728 852 143
10 493 10
728 731 728
175 295 295
351 633 758
90 539 539
597 713 928
694 744 694
129 808 684
237 294 856
16 224 345
404 799 737
70 825 70
809 874 809
667 677 677
627 631 391
94 336 558
307 518 518
599 688 599
344 769 769
505 694 694
168 879 140
123 344 344
886 953 886
316 352 316
272 738 272
136 906 592
774 848 774
437 609 437
584 740 956
611 762 762
569 786 251
208 491 491
261 478 24
106 822 136
217 834 684
395 485 614
52 929 63
345 839 744
379 886 199
597 1022 928
867 931 931
423 465 774
687 991 299
668 672 707
399 561 4
216 850 511
390 992 992
275 835 835
204 344 344
117 479 479
300 541 300
415 596 784
91 769 769
507 674 355
55 580 430
97 871 97
301 958 798
74 217 357
592 635 592
252 442 869
409 479 409
377 759 864
159 552 886
168 239 130
904 1012 794
141 624 344
70 221 221
250 1024 272
126 362 769
112 725 325
103 689 908
588 773 24
675 924 254
969 999 794
848 885 288
295 450 636
866 901 901
278 895 272
175 470 171
84 708 369
79 679 313
967 1017 611
371 821 876
255 754 326
540 723 143
241 595 205
143 884 143
453 665 509
29 65 29
59 702 59
636 994 636
59 739 59
172 638 784
206 981 338
169 364 654
11 954 954
156 599 599
391 1013 391
638 846 638
231 757 10
41 891 41
95 102 180
340 685 937
322 369 369
572 661 661
544 688 873
144 239 647
365 466 762
81 334 960
273 911 911
49 550 550
696 905 268
143 370 143
108 131 1
258 321 321
164 684 684
184 308 329
263 804 583
144 205 205
107 797 107
517 751 517
163 688 677
192 401 954
337 857 1007
62 776 589
723 966 143
258 843 864
86 460 988
357 421 107
649 657 649
9 163 9
796 930 796
360 383 401
160 195 427
437 490 437
199 607 199
198 352 352
115 772 525
721 996 996
548 949 636
341 408 479
436 944 694
570 814 300
66 156 373
471 508 587
323 999 581
648 949 648
835 1005 176
723 806 143
281 892 628
578 800 800
332 483 326
657 721 171
254 608 254
12 184 329
32 994 254
371 372 295
468 579 610
594 972 594
170 810 170
61 326 251
264 663 1014
769 1006 769
105 245 933
143 231 143
506 908 908
519 683 344
419 543 143
41 440 908
557 843 403
677 866 677
559 737 737
801 971 1001
175 927 965
205 713 205
761 876 854
353 1012 794
251 989 251
11 39 11
97 868 868
360 502 502
233 717 856
265 682 742
885 1020 1020
525 833 525
426 430 430
824 983 996
159 592 592
826 876 876
710 779 1002
128 353 497
29 471 29
190 992 992
483 596 596
273 1009 199
446 530 891
125 989 475
126 719 639
263 807 996
182 774 774
114 966 114
307 564 463
168 608 550
734 776 589
186 476 756
253 444 509
188 251 251
4 1021 59
286 990 886
344 850 511
221 493 221
604 848 614
404 636 737
488 937 694
89 409 409
138 151 468
38 1000 734
97 553 553
189 789 189
282 365 102
748 940 940
470 625 338
298 525 525
694 845 694
741 785 581
260 550 550
370 848 533
550 774 550
401 448 401
802 1024 550
532 780 297
418 600 600
44 926 796
317 996 996
8 17 462
248 294 385
202 540 102
261 570 300
780 807 297
47 506 506
97 741 517
251 885 251
44 698 698
227 944 114
946 973 13
537 654 670
433 687 300
388 772 521
168 696 268
433 809 300
998 1002 1002
487 788 980
168 638 638
107 521 521
439 1000 521
897 946 497
870 928 928
472 928 928
83 254 254
288 1013 288
54 280 615
74 603 357
742 967 611
306 335 477
469 908 908
151 280 454
595 769 769
449 922 481
333 527 42
271 996 996
799 915 314
44 647 130
446 483 431
549 996 996
235 394 1020
14 348 553
89 957 89
463 815 463
511 796 796
706 871 478
684 1020 1020
555 822 136
500 794 794
91 964 964
51 76 9
111 914 779
261 914 24
8 140 140
173 479 409
439 684 684
815 993 815
76 294 9
36 163 777
707 899 327
179 788 954
770 810 810
253 461 815
237 342 856
434 473 373
9 348 9
637 992 992
107 539 539
45 216 380
404 499 737
168 321 321
728 810 728
24 785 581
59 854 854
181 681 9
943 964 964
399 497 4
279 973 176
30 1001 1001
352 733 352
290 1023 43
100 686 843
748 837 975
16 908 908
61 219 251
809 814 814
70 675 70
247 896 992
143 161 143
636 996 996
540 636 636
114 928 114
319 386 393
35 744 744
325 1013 1013
123 171 1016
199 686 199
110 132 430
325 538 325
620 846 9
779 923 779
860 957 957
683 688 677
509 841 616
673 930 995
315 366 73
43 188 43
370 874 93
190 373 373
1 176 1
410 498 437
29 770 29
605 850 511
67 297 297
655 792 655
209 427 208
712 921 794
71 120 728
96 330 599
770 935 385
86 719 988
404 790 737
192 285 954
246 827 246
258 866 864
272 465 272
831 916 437
111 900 1016
647 807 996
286 679 758
453 845 642
744 933 933
375 868 868
273 511 511
373 599 599
121 918 456
96 996 996
331 891 891
399 492 4
667 953 140
21 152 816
167 694 694
537 970 670
109 903 903
509 584 956
429 799 314
672 975 975
180 1005 176
240 351 501
80 444 383
48 236 694
275 418 502
238 482 482
577 1007 1007
626 631 385
907 954 954
826 945 529
1 339 1
482 760 479
50 1023 905
9 228 9
44 181 9
853 897 189
305 707 956
143 949 143
476 847 275
609 1018 205
77 670 670
403 851 511
283 342 345
176 260 176
1002 1021 1002
281 430 430
125 542 125
148 228 940
149 383 170
434 777 634
187 611 611
691 871 736
341 431 431
79 859 859
231 716 10
333 427 170
302 352 352
301 853 189
430 1012 430
201 483 189
655 944 114
288 506 506
59 882 59
640 987 993
521 856 521
87 538 993
399 535 931
366 541 612
130 1003 130
28 395 984
138 224 289
636 1023 636
391 513 391
368 524 1007
274 829 517
502 600 600
259 946 638
128 968 497
456 587 587
222 765 583
348 630 289
212 634 357
602 956 956
450 1004 475
901 978 901
196 788 768
269 1019 82
704 737 737
771 1014 1014
317 922 502
339 419 143
479 931 931
67 785 581
24 307 24
549 977 919
148 732 903
140 608 550
302 677 677
112 316 316
825 998 825
219 720 171
807 842 996
182 296 886
100 983 996
567 951 951
384 703 472
22 800 800
306 659 477
322 635 113
830 911 911
516 784 784
119 174 272
14 448 553
220 666 957
266 297 297
38 324 636
756 794 794
429 705 135
373 509 373
273 801 308
412 476 321
257 470 288
694 952 694
10 150 10
402 630 289
201 613 189
544 735 873
203 684 684
93 322 93
960 1014 1014
745 915 734
230 554 456
921 940 940
684 819 684
254 423 254
159 764 965
74 509 357
47 908 908
201 203 189
644 970 481
344 514 1002
745 940 940
444 604 614
306 895 477
69 142 114
52 789 29
769 870 769
508 663 357
666 705 957
393 494 393
403 525 525
43 669 43
819 956 956
542 587 587
59 985 59
251 377 251
607 710 1002
456 665 456
171 592 592
50 594 594
233 421 107
426 489 901
216 516 308
10 900 10
355 545 355
522 760 479
845 884 1014
361 927 856
152 951 816
295 577 295
816 902 107
138 541 468
694 894 694
454 827 454
753 900 1016
134 721 171
363 800 800
904 914 903
445 649 649
756 1023 756
233 369 856
253 844 238
11 879 140
37 820 456
80 586 586
413 854 854
78 954 954
215 273 661
601 792 321
48 871 694
333 651 477
239 827 827
139 270 468
90 658 90
627 954 954
369 503 369
176 709 176
159 608 550
214 996 996
404 590 737
823 935 529
194 795 325
137 169 275
388 583 583
185 411 988
311 600 600
200 968 933
92 554 456
364 631 654
827 1018 369
338 956 956
309 530 891
242 892 43
389 592 592
108 870 933
150 619 150
694 1009 694
455 936 533
360 472 472
91 873 873
391 949 636
11 449 481
431 741 517
105 1002 1002
199 358 199
49 376 736
757 983 996
29 625 29
435 987 993
214 836 800
539 592 539
46 430 430
735 942 587
812 996 996
491 894 491
395 984 984
461 894 894
293 342 960
688 934 677
251 1014 1014
273 720 308
291 565 932
123 485 1016
168 515 940
126 481 639
305 559 956
529 830 830
106 455 825
599 643 599
238 342 564
695 828 288
633 674 355
433 454 300
18 863 684
295 868 295
770 1008 385
27 808 835
75 574 525
190 809 77
89 917 89
439 784 784
254 552 254
281 312 965
156 527 42
357 834 684
536 844 800
603 762 762
740 772 136
345 678 345
148 560 796
175 621 826
209 995 995
203 827 299
59 565 59
15 724 529
429 652 140
449 551 481
87 292 769
61 820 251
282 541 102
728 744 744
197 856 742
548 1020 1020
66 177 697
67 193 313
148 794 794
80 108 933
226 442 113
834 840 525
68 520 825
714 717 97
239 972 566
253 797 957
302 605 804
85 221 221
194 366 325
231 913 10
19 766 737
465 782 937
697 896 992
351 399 4
634 991 299
566 876 566
833 886 886
661 942 661
184 844 329
797 878 59
105 437 437
469 578 830
213 779 779
145 307 762
51 485 583
194 429 135
221 696 221
179 493 954
77 189 189
95 765 583
540 1023 533
389 694 694
16 603 345
18 887 911
172 644 784
74 560 796
235 794 1020
207 908 908
107 455 107
104 863 684
344 422 344
811 938 391
127 844 555
371 461 876
820 956 956
386 598 798
56 702 648
304 418 502
330 480 931
589 814 589
68 988 988
619 697 125
570 1018 300
875 1010 599
159 915 159
155 970 479
295 843 843
416 687 454
366 476 476
709 728 728
192 345 345
379 762 762
602 990 886
828 855 855
280 989 475
823 942 587
38 981 427
170 475 475
119 479 479
48 718 694
259 559 638
430 819 430
105 602 105
92 773 825
203 995 995
69 998 114
152 975 975
7 124 550
411 888 928
588 601 24
634 660 634
273 596 308
231 302 10
213 375 814
313 529 529
222 717 901
531 641 854
199 814 199
99 821 491
131 791 1
339 345 345
246 1002 1002
61 908 908
490 975 774
437 570 437
416 1022 4
695 755 288
409 490 409
335 543 403
102 509 102
114 409 114
294 923 385
484 587 587
882 979 980
4 876 876
18 525 525
241 499 762
41 890 41
329 363 329
476 951 476
117 179 954
623 712 491
581 617 581
66 400 1020
694 888 694
21 89 89
304 990 886
109 650 866
867 894 205
482 595 393
912 981 316
118 486 82
221 834 684
569 779 251
212 633 357
502 911 911
24 500 24
43 603 43
654 728 728
518 915 518
778 1008 246
418 880 502
271 575 308
413 990 251
199 674 199
453 1007 1007
174 989 475
509 958 798
14 265 553
478 781 73
383 403 403
511 744 744
94 835 835
36 272 272
556 717 804
610 847 275
775 844 596
127 789 29
118 702 957
477 920 477
725 907 907
342 992 992
208 902 107
454 642 454
280 756 756
183 605 78
558 873 873
307 751 463
204 668 314
279 694 694
141 354 589
360 545 401
22 304 59
380 993 993
446 460 611
438 951 41
784 975 784
201 205 189
150 1020 150
160 386 729
79 524 1007
48 454 694
112 673 814
254 840 254
794 795 794
516 966 308
206 837 338
142 955 804
427 915 427
794 932 794
60 217 105
215 233 661
78 667 78
93 941 830
917 982 711
145 1006 762
297 614 297
366 941 830
262 283 345
678 682 876
39 872 768
395 611 611
74 165 70
151 463 463
506 1007 1007
56 1002 648
110 420 63
118 517 517
84 533 675
712 902 491
761 782 854
855 878 855
254 753 254
648 915 648
146 711 611
101 347 268
385 889 698
16 613 345
409 489 409
274 902 517
189 726 189
109 672 707
331 799 314
442 801 326
43 231 43
471 776 589
985 1011 907
99 827 491
560 995 796
498 550 550
42 259 638
227 875 661
566 688 677
197 437 437
282 564 102
83 631 873
381 975 975
539 1020 1020
121 525 525
278 632 180
169 500 734
41 613 41
158 470 1020
847 901 901
479 1006 479
91 454 518
44 964 964
406 821 768
308 429 308
761 890 854
723 864 143
705 774 774
77 809 77
99 707 491
753 943 648
107 295 107
65 188 511
587 801 587
879 1020 1020
886 887 886
297 457 297
470 912 316
49 251 251
367 748 649
258 529 864
403 820 403
248 682 540
642 664 1001
889 917 698
66 751 657
580 643 430
29 518 29
87 210 677
405 521 521
703 902 472
3 332 638
277 478 742
486 935 23
229 888 928
590 841 472
225 671 13
216 238 380
461 571 594
17 469 313
11 1022 11
242 257 43
51 947 1
386 576 675
318 694 694
25 41 89
10 989 10
546 682 600
441 600 600
326 873 873
102 364 654
583 913 583
255 640 640
414 595 393
43 193 43
50 67 905
957 987 957
15 754 529
141 762 762
366 781 73
74 331 357
62 339 383
91 942 587
599 693 599
262 413 251
63 275 63
86 813 988
451 798 409
54 704 866
325 861 73
761 839 854
201 594 189
303 873 873
604 844 614
274 907 517
118 178 29
676 996 996
215 880 661
446 473 373
425 610 610
368 968 968
545 867 205
399 873 873
195 269 82
72 695 288
163 248 540
496 518 800
361 366 856
39 785 581
249 1001 297
356 986 901
44 282 130
155 263 479
34 512 42
35 67 329
573 970 506
160 477 477
597 972 928
214 436 694
474 665 810
403 935 403
67 929 647
717 965 965
812 1012 794
480 822 931
119 262 401
321 928 928
151 395 355
88 527 42
210 638 638
417 545 992
670 859 859
462 732 295
272 804 272
125 1011 125
213 521 521
752 948 964
527 592 592
243 592 859
356 434 901
169 272 272
135 345 345
113 679 758
504 634 594
289 587 587
191 885 288
340 800 800
152 805 42
703 863 472
278 337 10
625 752 338
142 520 804
475 732 475
375 819 476
259 693 638
461 738 905
869 914 869
12 66 1016
101 556 804
336 400 1020
90 116 90
475 632 475
55 254 254
407 843 843
103 430 430
227 278 661
473 517 517
213 526 89
461 639 639
165 486 70
304 367 649
558 792 558
707 996 996
91 302 518
695 908 908
92 572 931
511 972 511
70 574 70
849 880 654
785 1023 581
606 992 992
282 891 102
217 510 208
340 518 518
296 814 814
435 871 564
604 1018 614
190 506 506
753 939 462
186 982 756
163 673 814
223 726 300
282 315 73
638 885 638
165 716 677
595 719 393
529 611 611
136 525 525
412 722 321
236 477 477
806 933 933
317 541 502
8 868 462
21 968 968
219 840 525
576 1021 59
307 771 463
122 337 908
615 720 171
57 921 594
327 655 655
929 971 1001
371 886 886
384 545 90
1007 1009 1007
611 744 744
20 982 639
143 256 143
268 823 268
315 616 616
264 854 854
225 300 300
823 1015 954
392 505 10
302 682 804
661 854 854
43 1005 43
572 598 931
823 831 437
964 973 964
162 694 694
168 848 130
173 231 409
20 858 1014
50 255 905
576 828 327
375 929 814
383 556 804
24 180 24
912 933 933
22 672 59
491 791 600
390 709 657
469 787 78
520 946 869
218 808 798
540 804 804
85 278 180
927 929 965
142 259 638
1 359 1
115 827 525
79 80 313
464 988 988
373 555 373
189 402 189
261 358 221
227 854 854
67 837 476
221 258 221
74 457 756
237 351 856
197 422 742
10 428 10
112 745 734
319 569 251
541 934 864
114 1014 114
589 982 589
339 1013 1013
348 752 100
125 822 125
512 728 728
270 951 951
448 841 616
210 581 581
460 1007 1007
639 835 639
278 428 268
697 895 272
246 439 521
143 915 143
332 620 9
172 1017 784
901 1018 901
954 1020 1020
91 159 518
678 949 636
544 713 940
597 739 928
407 848 628
17 492 313
453 459 614
217 860 779
555 567 497
125 625 338
194 846 325
314 338 338
489 938 275
5 29 29
336 889 698
200 720 933
934 1007 1007
632 886 886
283 288 345
79 738 905
473 775 373
36 639 639
28 136 984
304 363 125
415 565 784
77 993 77
14 799 553
155 589 589
289 638 638
352 990 352
364 873 873
627 721 171
773 1020 1020
397 479 479
449 593 481
254 451 254
249 969 297
179 519 954
806 928 928
74 501 357
279 645 176
298 372 391
437 657 437
483 638 638
432 697 41
946 1020 1020
110 512 63
69 835 114
699 979 796
90 211 894
534 827 827
357 709 357
456 964 964
180 975 975
78 691 78
91 558 558
225 564 982
312 930 995
110 935 63
193 221 221
81 660 389
959 1007 1007
157 319 393
395 728 728
671 804 13
184 954 954
333 837 170
100 533 100
1 943 1
492 684 684
329 378 329
923 935 325
534 788 980
216 531 491
278 345 345
463 922 463
357 390 357
250 288 288
13 24 24
37 511 511
44 914 130
178 637 29
702 841 957
661 875 661
642 817 905
850 957 511
53 286 159
345 850 511
257 478 288
703 762 762
682 948 964
49 241 205
692 854 854
182 1014 1014
536 1013 800
578 875 599
129 1012 684
442 502 502
315 977 73
340 911 911
191 409 409
530 616 616
1 506 1
518 641 854
39 833 289
381 1024 855
23 981 23
531 854 854
96 297 297
486 502 502
193 391 391
78 980 78
203 422 299
517 566 517
566 805 42
103 977 984
314 978 314
206 970 338
307 887 911
58 603 711
572 770 931
513 764 965
59 114 114
269 843 843
431 864 864
59 292 769
279 693 176
112 483 503
199 313 199
104 938 868
117 352 352
190 726 300
737 976 737
736 985 736
37 901 901
264 301 1014
462 680 355
638 728 638
6 988 437
344 552 886
540 656 82
240 965 965
581 865 600
131 275 1
186 681 475
756 858 1014
212 592 592
127 462 462
541 717 821
277 619 125
98 737 737
149 559 592
156 490 774
135 431 431
581 1016 581
124 769 769
96 186 599
293 748 960
84 993 675
389 543 403
365 857 1007
171 260 171
521 936 521
635 712 491
322 325 596
562 936 472
643 755 698
354 867 589
360 909 586
668 949 636
365 770 385
223 575 308
325 674 355
307 687 463
396 460 611
300 595 300
18 554 539
369 868 369
721 1015 954
288 1002 288
14 890 964
518 587 587
105 233 105
955 969 634
539 988 988
87 560 796
249 953 297
743 814 1007
212 348 357
89 561 89
573 840 525
547 905 905
529 894 529
251 819 251
469 492 697
161 474 170
506 893 506
124 515 550
127 519 478
451 763 409
756 775 756
186 511 511
62 143 143
579 610 610
676 936 951
408 579 479
594 871 594
709 994 564
112 671 13
338 582 338
718 731 102
470 587 587
6 167 437
598 910 798
189 920 189
253 829 655
41 807 41
133 312 965
320 419 143
609 964 964
342 599 599
151 351 454
9 706 9
513 738 905
323 846 581
161 490 774
546 769 769
79 660 313
168 670 670
721 972 171
78 917 78
1011 1015 954
190 807 996
938 939 4
932 970 932
144 593 482
525 666 525
78 848 78
441 758 70
213 950 744
41 939 41
838 957 587
351 801 326
399 928 928
505 639 639
476 525 525
269 705 82
89 488 694
344 738 344
422 704 866
102 209 208
18 928 928
54 299 299
434 732 295
430 1018 430
40 440 908
254 801 254
445 741 670
91 618 518
477 856 477
542 937 937
414 673 327
241 513 205
91 109 518
254 367 254
87 895 272
349 557 150
39 160 768
171 927 171
556 977 804
267 371 876
30 204 736
239 936 647
366 385 385
113 816 816
103 478 984
568 825 728
422 491 491
960 979 960
151 396 553
43 693 43
775 800 800
478 877 409
130 819 476
98 911 911
303 991 655
137 778 275
382 605 638
133 713 940
248 440 908
411 812 462
373 786 960
43 537 43
211 221 221
878 979 59
131 641 1
547 1007 1007
520 795 777
86 991 988
784 964 784
100 671 13
35 956 956
42 348 42
405 641 854
362 488 694
194 731 102
246 874 246
109 916 855
160 186 756
278 754 180
22 600 600
458 1017 107
136 152 136
534 955 634
879 930 995
155 301 479
4 134 130
108 437 437
429 741 517
4 418 502
208 651 477
39 769 769
372 506 506
729 995 995
659 1016 1016
262 430 430
471 732 587
170 235 1020
6 114 114
501 882 503
103 365 984
330 659 592
519 673 814
176 984 984
743 923 1007
632 677 677
21 360 401
525 854 854
624 787 78
101 208 208
496 772 800
727 796 984
213 368 93
693 1001 1001
80 853 189
74 787 78
279 928 928
19 1001 1001
55 1014 1014
390 993 993
372 890 964
810 984 984
893 983 316
116 320 951
71 806 876
244 813 975
956 1007 1007
339 442 982
283 633 345
956 971 956
23 710 1002
375 913 558
134 565 130
114 189 114
202 914 102
153 636 636
509 930 995
127 804 804
633 792 321
393 939 393
209 863 684
13 741 517
508 649 649
642 660 642
43 249 43
450 683 636
704 728 728
64 781 581
375 1023 814
600 685 600
170 405 246
311 980 41
940 981 940
439 639 639
77 280 77
254 792 254
30 574 736
556 864 864
55 691 737
723 937 143
109 592 592
917 952 911
532 793 1
457 714 756
733 864 864
135 198 105
59 587 587
365 954 954
558 631 558
219 416 975
303 602 995
350 981 968
410 987 437
268 801 268
368 541 615
906 939 592
585 984 984
686 905 905
681 796 796
617 933 933
342 725 389
430 737 430
85 373 373
24 750 254
210 887 911
459 934 614
88 448 482
987 1014 1014
332 449 481
331 978 733
642 997 344
269 301 82
4 143 143
144 302 804
532 966 648
24 137 275
471 541 587
213 762 762
796 1006 796
563 625 835
741 819 517
181 990 9
701 911 911
739 841 393
244 721 171
637 661 661
530 899 327
397 691 329
454 980 980
65 830 830
580 703 430
63 745 63
533 807 996
83 316 316
634 833 289
105 525 525
289 357 289
153 954 954
594 869 594
461 671 815
454 545 454
162 798 566
727 883 984
615 766 737
233 819 476
139 921 794
408 479 479
233 534 856
671 977 13
351 650 986
615 634 634
715 880 654
174 751 272
474 914 810
125 800 800
319 571 594
173 372 409
580 648 430
728 748 728
344 990 886
231 797 10
504 854 854
372 504 594
357 365 357
122 922 908
7 62 77
185 448 988
354 654 589
105 819 105
50 987 905
437 693 437
633 804 804
162 230 566
220 506 506
88 914 482
322 513 733
225 429 135
226 813 697
697 711 711
398 430 430
723 777 143
211 261 894
88 576 675
247 276 78
14 59 553
199 506 506
216 884 1014
117 161 830
155 618 479
399 1006 873
96 251 251
254 898 254
26 561 779
198 586 105
658 1011 907
326 331 326
673 973 814
852 935 143
142 389 804
32 492 254
437 563 437
472 906 472
589 783 589
625 670 670
344 575 344
321 636 636
276 773 78
160 929 986
65 189 189
150 493 150
226 508 113
370 808 23
1 767 1
279 430 430
93 1005 176
161 224 289
67 75 525
322 455 533
196 624 180
133 212 357
301 494 540
92 393 393
231 655 10
609 1014 1014
354 502 589
416 502 502
1 548 1
269 774 774
566 866 566
768 964 964
57 762 762
147 891 558
114 597 114
421 719 107
247 585 911
98 280 937
167 970 89
393 482 393
59 129 684
145 802 550
53 103 984
337 974 854
969 987 383
116 394 90
15 657 529
706 856 856
761 862 854
10 466 10
1 233 1
335 993 463
17 234 661
77 751 77
4 332 326
177 204 314
336 814 814
166 402 403
594 865 600
162 246 246
569 954 251
112 501 325
43 710 43
261 414 24
121 426 901
435 983 996
74 698 698
300 589 589
313 908 908
168 402 463
282 343 649
288 789 29
190 476 476
345 599 345
132 866 430
547 864 864
657 920 907
332 544 873
287 830 830
456 521 521
241 525 525
23 280 23
63 316 316
891 921 794
548 654 654
357 813 357
130 495 130
54 1022 4
784 969 784
123 952 911
216 458 107
561 951 951
326 992 992
38 668 427
317 670 670
167 895 89
204 798 798
10 398 10
18 145 762
320 1010 707
149 466 762
333 969 170
264 528 430
178 365 29
143 367 143
412 661 661
576 596 675
97 529 529
612 661 661
376 512 642
844 975 975
430 873 430
17 325 313
55 132 430
202 616 616
364 824 654
127 507 555
23 799 314
685 790 93
316 931 316
605 790 507
811 1017 391
729 894 894
513 657 733
381 762 762
694 761 694
326 737 737
239 725 389
336 365 135
637 688 677
562 989 472
638 648 648
157 168 130
272 650 272
357 791 600
310 931 931
316 543 316
90 190 90
49 394 736
33 473 996
43 949 43
65 399 1013
588 706 24
90 413 251
113 485 614
598 656 82
457 865 600
751 764 965
638 942 638
52 700 63
350 777 968
498 952 911
670 691 670
706 875 599
489 644 275
308 738 308
364 892 654
637 918 894
499 860 762
25 1020 89
134 147 558
125 627 125
132 542 430
300 761 854
82 110 63
652 706 140
583 957 583
410 687 437
167 236 89
199 598 199
44 144 130
194 906 592
68 596 825
275 491 491
391 670 670
393 1013 1013
247 887 911
981 1022 4
299 671 299
492 494 540
246 945 246
210 937 677
47 491 964
447 605 859
206 537 670
530 595 393
369 816 816
747 923 506
903 921 794
527 710 1002
35 587 587
36 549 919
299 356 901
409 854 854
466 540 762
102 407 628
143 442 143
121 995 995
661 926 661
158 710 1020
45 655 655
207 570 649
587 868 587
399 401 401
211 512 894
201 235 189
88 536 800
760 859 859
491 594 594
748 941 830
154 369 835
174 195 272
394 670 670
965 1000 734
256 430 430
703 873 472
600 630 600
272 321 272
94 246 558
214 1021 599
67 215 661
234 854 854
144 670 670
426 791 600
114 1024 114
380 599 599
345 955 345
27 58 835
82 917 82
43 977 43
776 884 1014
640 968 968
474 808 810
175 530 891
156 558 558
300 815 300
637 981 894
171 485 171
613 964 964
882 983 996
768 981 768
934 974 854
111 876 876
48 499 694
254 734 254
14 555 553
188 612 511
535 832 931
509 784 784
445 760 670
548 749 352
702 967 611
814 833 289
285 506 506
724 875 599
98 226 937
754 827 326
521 669 639
6 276 437
761 802 854
739 910 393
782 884 1014
825 876 876
894 1012 794
195 232 729
82 278 82
72 587 587
823 999 794
908 994 908
218 612 798
86 921 988
270 860 779
401 935 401
384 598 90
479 527 479
76 724 9
86 783 1002
92 910 223
289 308 289
10 91 10
492 1022 4
617 965 553
397 430 430
669 986 639
294 695 288
134 991 299
60 83 105
63 844 63
23 852 143
262 501 501
616 738 905
355 812 355
179 839 744
634 902 107
502 511 511
506 943 506
157 295 295
336 344 344
253 685 93
641 919 854
17 153 221
670 894 670
696 913 558
10 704 10
441 799 70
689 760 908
401 506 506
334 611 611
214 637 599
769 800 769
15 19 655
217 676 951
333 849 170
763 1022 176
785 797 581
649 1009 649
565 770 385
189 611 189
414 417 992
50 128 905
644 712 491
645 775 517
658 660 389
854 928 854
189 700 189
43 185 43
702 798 957
605 899 327
383 562 472
265 562 472
404 969 737
195 353 431
375 1004 475
67 682 647
458 562 472
605 915 507
112 261 24
714 733 97
7 679 77
308 833 289
927 954 954
525 1004 525
309 956 956
316 950 316
369 856 856
315 527 42
273 744 744
307 629 463
491 737 737
279 375 176
521 652 521
614 746 988
62 605 383
529 573 506
487 819 476
171 490 774
456 820 456
625 729 338
254 496 254
500 956 956
422 775 968
647 1017 810
1 129 1
483 941 830
86 958 988
361 944 114
315 468 73
24 205 205
294 902 107
237 939 856
603 928 928
541 588 24
37 460 611
231 1012 10
404 889 737
721 968 171
428 960 960
10 859 10
139 451 409
430 983 430
911 988 911
452 603 711
214 945 599
199 444 199
416 855 855
599 953 599
100 673 814
237 645 517
714 972 566
446 1001 1001
525 536 525
37 421 107
214 526 89
794 1016 794
364 663 654
8 58 462
576 715 675
295 797 295
229 394 90
482 709 482
114 160 114
289 953 289
602 840 525
605 930 995
39 491 491
87 229 993
56 968 648
816 842 670
381 908 908
539 712 491
265 298 391
327 663 357
212 449 481
294 892 628
128 589 589
513 807 996
27 891 835
321 394 321
307 342 463
717 948 964
204 442 314
385 663 357
122 1007 1007
521 575 308
665 914 509
911 924 254
811 873 873
106 544 873
217 370 23
840 874 525
162 317 502
287 302 804
437 468 437
203 277 742
359 764 246
288 975 288
296 883 29
369 521 521
199 670 670
434 533 533
473 571 594
741 923 517
916 948 964
437 908 437
881 1013 769
410 1003 437
366 795 612
430 761 430
109 442 866
331 677 677
331 363 125
123 575 308
130 500 130
708 962 589
140 876 140
82 754 82
593 1004 475
448 961 993
293 607 960
156 496 800
127 649 649
735 981 826
339 764 965
133 520 932
679 822 136
50 78 78
510 899 208
353 933 933
334 379 199
218 271 654
476 955 476
66 422 968
720 995 995
202 589 589
462 606 728
240 640 291
792 954 954
521 911 911
261 891 24
573 769 769
450 726 636
314 331 314
712 999 794
733 887 911
264 430 430
90 542 816
633 728 728
762 764 762
981 994 564
89 506 506
525 684 525
242 534 43
297 355 297
515 658 940
1 305 1
169 990 886
745 929 734
762 1014 1014
601 727 984
513 658 733
689 745 908
126 709 639
481 501 481
969 979 980
149 261 170
365 369 369
89 209 89
272 475 475
281 710 1002
791 939 600
489 494 275
25 386 89
177 759 843
116 645 517
141 250 344
123 268 1016
23 160 23
11 632 11
65 300 300
870 959 744
366 870 352
91 705 518
459 569 251
102 175 102
694 766 694
417 1007 1007
366 925 136
525 782 525
303 854 854
313 769 769
19 638 638
409 718 409
272 458 272
260 587 587
124 506 506
825 1004 475
800 816 800
78 510 78
225 314 314
322 748 975
67 607 299
449 694 694
174 913 558
301 355 355
91 938 518
556 881 769
452 960 960
125 1007 1007
149 693 170
505 707 477
693 701 815
35 983 996
777 835 835
18 676 539
543 676 403
368 780 297
439 660 521
345 639 639
427 853 189
164 460 611
97 814 814
140 742 742
455 492 533
782 867 205
36 92 657
64 213 581
763 928 928
407 926 796
617 638 638
547 892 628
784 1009 784
38 927 965
73 820 456
341 576 675
527 634 42
158 544 1020
38 619 125
189 620 189
694 1014 694
86 880 988
114 810 114
338 715 338
808 914 929
320 699 796
603 644 481
67 357 357
42 780 297
78 995 78
685 848 533
162 429 566
366 854 854
365 986 135
517 957 517
244 271 654
72 284 105
266 709 521
424 580 430
144 782 968
45 574 907
479 603 479
86 800 800
486 571 594
320 334 960
72 447 859
112 768 768
712 911 911
331 440 908
214 1008 599
93 825 825
79 673 313
166 940 940
92 353 431
199 737 737
346 1007 1007
99 940 940
554 779 456
23 496 800
148 704 903
370 849 321
329 529 329
412 750 254
345 354 345
121 409 409
238 443 125
901 918 901
715 825 825
62 882 383
261 338 338
509 649 649
462 521 521
227 542 661
576 874 675
547 632 647
530 986 891
601 878 59
815 955 815
480 966 931
56 186 648
59 302 59
863 1007 1007
431 868 868
87 216 993
352 704 352
19 428 655
78 183 78
177 996 996
314 536 800
441 728 728
220 399 468
93 977 809
11 854 854
81 604 614
190 507 77
559 960 960
111 685 779
261 848 24
338 737 737
238 683 344
1 571 1
198 784 784
350 938 4
43 957 43
185 449 988
652 756 756
101 435 809
35 719 329
213 587 587
823 859 859
139 960 960
121 239 456
291 736 736
264 855 1014
45 664 1001
220 962 589
325 784 784
282 352 352
334 794 794
262 848 533
826 927 826
135 219 975
528 773 430
430 875 430
163 351 501
58 270 758
67 265 742
273 583 583
372 739 295
104 151 868
875 996 996
111 936 779
646 658 634
183 450 636
95 344 344
179 400 1020
638 928 928
64 698 581
15 375 529
474 767 43
303 639 639
326 989 475
150 178 150
345 471 345
681 908 908
319 736 736
409 783 409
331 979 980
828 937 937
764 844 965
313 716 677
154 299 835
114 118 114
71 274 517
282 447 859
46 1014 1014
459 792 614
166 769 769
352 939 352
353 411 980
239 429 135
390 935 827
41 396 41
370 846 23
436 959 694
497 1014 1014
66 316 316
294 339 385
578 736 830
41 356 41
405 621 246
500 708 369
257 331 288
226 313 313
749 838 352
553 871 553
84 823 529
516 886 886
206 572 931
721 798 171
365 606 728
37 908 908
774 1015 774
328 1001 1001
69 587 114
955 1013 1013
80 351 383
722 839 744
18 287 539
263 593 583
781 808 73
29 553 29
74 344 344
114 839 114
316 441 316
272 773 272
147 297 297
659 974 854
598 981 798
18 50 539
405 684 684
44 699 796
287 320 223
593 791 600
63 595 63
239 398 1001
479 763 176
220 333 170
759 966 843
14 1006 873
743 763 1007
31 250 272
209 908 908
116 938 951
321 899 321
50 680 355
784 967 784
550 953 550
289 449 289
23 225 23
827 956 956
104 738 905
76 723 143
670 941 670
12 1007 1007
608 817 550
638 815 638
237 353 856
127 150 150
224 847 289
554 984 984
110 114 114
563 956 956
201 340 189
366 598 798
819 989 475
612 654 654
73 951 951
323 840 525
184 813 329
113 322 113
442 951 951
10 669 10
377 620 9
468 610 610
144 539 539
393 826 393
767 914 43
704 940 940
905 974 854
502 680 502
254 950 254
505 654 477
536 963 800
221 364 221
402 1003 463
5 66 539
101 958 798
409 1015 409
159 413 251
525 826 525
262 915 821
303 548 655
193 622 784
18 277 539
108 795 933
17 633 313
419 811 143
107 212 107
1008 1021 59
623 796 796
316 964 316
59 521 521
249 773 297
315 954 954
527 636 636
426 962 589
44 980 130
199 522 199
782 982 968
711 977 711
270 961 986
476 774 774
335 642 463
284 794 105
857 1002 1007
128 693 815
113 946 869
615 665 509
175 392 10
82 870 352
111 275 275
212 957 957
367 862 649
102 238 102
79 101 313
388 964 964
452 1002 1002
816 905 905
421 1000 107
631 793 1
73 731 73
189 610 189
786 1012 794
386 713 940
101 600 600
729 776 589
580 993 430
297 908 908
667 892 628
380 452 707
42 506 506
31 144 454
611 784 784
113 719 815
142 350 804
160 790 986
628 989 475
322 1002 1002
429 797 957
608 644 550
422 904 903
585 605 911
190 466 762
473 536 800
348 918 24
284 994 105
246 626 246
287 370 23
651 769 769
437 562 437
217 454 454
661 897 661
518 892 518
395 472 472
649 969 649
221 356 221
143 491 143
376 660 389
202 434 102
909 968 586
758 806 876
367 1019 649
208 1021 59
60 709 105
470 620 9
10 385 10
508 650 986
355 897 355
204 719 815
160 213 93
139 338 338
98 903 903
198 966 105
48 784 694
81 435 564
8 657 462
647 796 796
494 558 558
351 478 478
351 644 481
171 379 199
272 310 272
443 861 125
470 629 171
508 866 866
916 952 911
34 288 288
170 786 960
856 975 975
310 508 540
187 208 208
767 888 928
431 713 940
660 752 982
96 972 599
206 816 338
446 697 431
34 154 835
280 812 462
580 640 430
114 637 114
121 861 456
345 449 345
592 656 592
313 521 521
71 762 762
302 751 804
598 677 677
606 1006 873
128 386 497
456 533 456
338 714 338
12 667 1016
30 476 476
134 826 130
826 921 794
358 588 221
82 734 82
260 793 1
81 808 929
160 435 564
349 929 150
17 649 649
142 640 804
479 930 479
207 852 143
477 999 477
694 911 694
93 876 876
93 184 329
491 1023 491
448 504 594
313 546 600
101 432 41
330 678 592
105 336 105
208 306 477
339 925 136
238 278 180
492 541 697
143 840 143
860 902 107
729 786 960
177 986 697
525 541 525
15 464 529
117 724 830
97 648 648
588 665 24
761 903 854
285 776 589
305 353 956
258 651 477
680 746 988
741 936 517
531 697 491
425 635 610
136 1004 475
34 646 42
326 505 477
13 250 272
187 243 859
344 919 344
158 525 525
599 774 599
49 498 476
90 277 742
674 895 272
152 930 995
582 749 352
473 998 373
798 965 965
81 936 238
208 988 988
105 603 105
295 768 295
23 855 855
208 786 960
324 447 859
27 889 835
676 998 951
254 627 254
506 950 506
20 165 639
105 766 737
497 802 550
273 1020 1020
51 870 352
442 766 737
18 1019 539
238 251 251
482 616 616
220 951 951
737 746 737
622 744 744
238 832 11
131 917 1
124 407 550
458 629 107
1 903 1
38 478 478
344 933 933
170 929 170
614 995 995
399 545 4
737 877 737
370 820 456
449 1003 481
523 589 956
534 854 854
609 979 205
16 656 345
244 263 583
56 89 89
54 861 73
5 902 539
450 626 636
241 895 205
16 29 29
280 860 779
159 469 159
813 846 697
297 916 297
660 987 993
384 453 90
455 645 517
96 393 599
79 821 313
387 425 506
566 815 566
7 996 996
394 813 90
979 1007 1007
134 171 171
29 333 29
58 333 170
860 914 779
605 635 113
63 179 954
645 762 762
29 401 29
143 238 143
109 863 684
556 595 393
365 541 135
685 737 737
923 988 988
374 664 150
445 672 670
653 872 518
205 485 205
437 832 437
128 479 479
33 630 996
212 711 357
39 640 768
275 376 275
77 93 77
653 689 908
545 917 711
195 213 93
112 914 325
577 755 698
874 914 93
555 1020 1020
367 370 649
508 879 140
232 852 143
135 982 135
565 858 1014
278 800 800
321 438 41
749 901 352
38 1004 475
101 923 809
199 594 594
44 836 800
108 254 254
83 768 873
350 971 1001
744 791 600
50 268 268
7 1022 4
55 714 737
191 431 711
181 297 297
150 865 600
255 315 73
121 955 456
218 490 774
229 818 869
322 976 992
506 536 506
208 478 208
206 764 338
276 886 886
124 680 550
10 1018 10
478 1015 954
5 761 854
55 934 737
576 606 728
785 944 114
13 881 769
399 779 4
36 336 427
398 472 472
102 515 940
489 967 611
251 847 251
666 891 957
820 994 456
650 987 993
680 769 769
266 677 677
618 903 903
788 846 980
491 655 491
336 737 737
436 615 694
171 804 171
80 236 295
550 969 550
120 355 728
261 956 956
384 910 90
759 993 843
27 616 835
248 725 540
250 778 272
347 502 502
381 842 670
127 463 463
180 398 1001
1 979 1
391 961 391
191 524 1007
371 498 476
572 1017 931
639 640 639
126 525 525
126 831 437
386 561 729
847 1012 794
58 179 954
303 589 589
45 715 478
138 180 180
338 995 338
29 761 854
486 621 826
539 875 599
662 737 737
105 774 774
979 987 980
78 732 78
38 892 628
114 676 114
85 347 268
25 282 89
340 783 1002
394 596 90
387 965 506
174 291 272
360 899 327
60 332 105
191 686 843
17 353 313
160 921 794
767 1015 43
378 463 1013
538 978 23
742 983 996
135 194 135
352 752 352
770 791 600
319 822 136
131 296 1
400 797 1020
629 735 826
241 649 649
153 830 221
365 434 634
191 827 711
475 677 475
451 483 409
374 590 472
122 576 908
291 568 728
238 665 509
71 520 255
8 404 737
28 881 769
615 829 655
636 796 796
511 676 511
316 713 316
482 823 529
195 783 1002
11 580 430
143 945 143
305 836 800
249 762 762
186 822 136
356 658 901
708 779 369
82 101 82
664 890 964
243 621 859
705 995 995
118 886 886
300 566 300
296 570 300
235 968 1020
579 655 655
635 656 82
593 923 482
473 753 373
370 629 891
149 589 589
384 913 558
204 231 10
504 530 594
133 634 932
427 493 502
484 690 221
107 204 107
37 986 100
545 774 774
502 932 502
382 928 928
123 507 1016
29 30 29
521 616 521
891 894 894
233 249 297
85 208 208
168 480 931
211 451 409
355 362 769
562 953 472
444 483 503
762 931 762
899 914 327
360 845 401
5 250 272
67 466 762
600 938 600
606 690 728
295 670 670
3 819 638
150 358 150
160 459 614
394 581 581
9 133 9
10 624 10
321 673 321
241 854 854
15 142 529
611 719 611
675 980 675
219 734 975
78 306 78
184 1020 1020
35 362 769
307 644 481
25 941 89
478 925 136
783 841 1002
351 961 986
596 950 744
478 795 478
9 324 9
740 943 648
338 615 338
406 956 956
216 339 982
95 355 355
753 824 894
246 521 521
708 716 677
702 940 940
585 587 587
9 961 9
8 541 462
245 250 933
381 788 919
276 1009 199
923 1003 951
493 625 338
5 589 589
557 677 403
11 876 876
496 846 800
509 866 866
335 621 463
101 682 809
139 257 288
560 784 784
162 874 566
181 920 9
100 610 100
347 555 268
352 587 352
649 1000 649
132 499 430
745 950 744
766 901 737
274 504 594
180 281 180
613 773 481
181 873 9
134 568 728
423 605 774
760 771 479
283 891 345
204 621 826
22 703 472
612 973 13
327 552 886
529 540 529
472 911 472
113 876 876
143 240 143
106 155 479
648 979 648
256 486 316
130 296 130
79 429 313
122 812 908
386 505 477
184 877 409
323 614 581
766 943 737
640 842 670
330 511 511
446 547 431
314 574 907
267 861 616
105 664 105
289 710 1002
680 796 796
488 959 694
124 818 550
557 840 525
492 838 587
480 947 1
633 886 886
130 213 130
579 863 684
289 970 289
297 510 297
445 539 670
662 717 352
10 17 10
60 152 105
437 922 437
260 886 886
87 939 314
409 780 409
80 325 383
63 329 329
71 813 697
670 971 670
78 648 648
489 700 275
426 584 956
194 648 648
22 980 59
337 412 10
617 964 964
511 956 956
664 727 984
142 293 960
376 1008 291
301 427 113
11 864 864
504 784 784
37 89 89
606 782 728
473 853 189
464 854 854
129 657 684
742 1016 1016
83 452 873
521 960 521
457 899 756
82 303 655
402 819 476
356 774 774
205 751 205
140 532 648
372 701 295
21 895 272
175 715 478
32 774 254
564 874 93
274 464 517
323 1023 581
409 707 409
670 815 670
233 594 594
212 564 357
171 384 171
503 852 143
286 403 403
373 374 150
427 619 125
472 600 600
60 852 143
62 513 733
8 943 648
201 469 189
682 841 616
114 529 114
677 997 677
732 847 275
270 843 843
423 667 774
251 426 251
68 348 100
321 634 321
315 932 73
584 908 908
40 500 774
425 971 1001
411 675 675
23 147 558
195 882 503
261 525 525
579 923 610
676 1001 1001
548 717 70
563 737 737
251 437 437
431 745 734
321 461 321
187 236 295
965 1024 855
217 462 462
239 819 476
423 507 774
9 496 800
375 608 550
8 1000 734
345 421 345
239 709 647
195 908 908
168 978 130
204 297 297
339 830 830
252 660 869
33 566 996
640 961 986
846 954 954
250 865 600
225 473 373
17 319 393
456 759 456
860 972 566
905 950 744
613 744 744
434 469 634
89 238 89
884 959 1014
495 816 816
399 790 4
208 490 774
288 972 288
199 369 199
283 611 345
432 901 41
7 391 391
80 311 41
297 562 297
63 499 762
148 526 89
288 330 288
104 271 654
58 1006 873
119 245 933
874 903 903
105 915 105
417 734 992
872 939 314
222 777 901
235 1020 1020
190 721 171
561 837 476
189 936 189
830 869 830
870 1011 352
327 633 327
275 277 275
438 584 41
38 276 78
213 556 804
155 1019 479
268 922 268
854 905 854
262 640 821
3 661 661
68 165 70
575 911 911
33 894 996
219 611 611
105 824 105
220 486 468
153 209 221
188 280 511
270 520 238
777 822 136
58 899 327
280 621 826
255 643 13
479 819 479
262 936 238
225 648 648
430 563 430
341 888 928
215 595 661
317 525 525
240 483 503
558 755 558
9 663 9
429 958 798
313 487 313
112 599 599
109 829 655
200 490 933
388 1001 1001
165 845 70
557 908 908
513 926 796
50 53 905
279 604 176
589 866 589
244 302 975
200 779 933
125 988 988
129 345 345
10 949 10
811 874 391
136 478 136
581 821 581
730 929 855
65 580 430
610 737 737
572 796 796
722 788 980
143 296 143
150 169 150
420 538 11
73 447 859
63 525 525
307 839 744
11 917 711
288 703 472
140 950 744
561 689 908
543 587 587
134 659 628
498 667 476
307 697 463
136 141 344
328 923 518
808 841 616
430 925 430
43 762 43
63 527 63
50 430 430
344 419 143
138 391 391
138 336 468
71 919 919
485 1014 1014
347 558 558
21 979 980
79 110 63
727 936 984
43 483 43
412 790 321
68 493 502
202 610 102
409 875 409
86 496 800
453 624 180
225 479 479
420 940 940
209 587 587
71 582 11
36 190 77
28 904 984
178 737 737
370 939 314
149 474 170
815 992 992
456 752 456
151 491 491
119 678 876
140 756 756
5 364 539
503 903 903
634 731 102
354 784 784
361 785 581
213 615 93
143 662 143
446 534 431
343 600 649
364 428 654
767 1011 43
481 601 481
158 363 1020
262 705 555
425 483 610
268 868 268
578 638 638
10 607 10
312 317 502
442 717 929
57 173 409
670 684 670
364 993 654
694 999 694
527 618 42
709 929 509
635 844 113
790 949 636
8 516 308
309 555 555
327 476 476
620 852 143
326 560 796
411 463 463
553 1001 1001
70 527 42
289 800 800
128 469 497
8 376 462
222 826 901
994 1008 564
327 927 327
296 700 100
409 928 928
760 1005 176
43 863 43
197 228 940
928 983 928
229 842 670
304 521 521
846 1010 707
200 807 933
132 767 430
136 491 491
36 558 558
631 745 734
139 253 468
421 940 940
184 482 329
131 892 1
193 581 581
40 110 774
434 667 868
470 491 491
500 505 477
422 730 855
343 1013 649
57 696 594
547 1017 810
29 630 29
166 262 403
715 947 1
500 998 135
141 524 1007
355 915 355
472 840 525
493 927 502
486 746 988
125 880 125
14 599 599
141 890 964
281 775 596
443 539 125
649 1007 1007
45 732 295
466 882 762
504 550 550
159 1000 734
421 453 107
221 708 221
689 960 908
594 830 594
175 866 866
430 698 430
751 795 777
500 755 698
519 990 886
8 351 462
117 940 940
221 231 10
169 1002 1002
36 56 648
93 236 295
315 389 73
329 815 329
60 771 105
133 255 932
777 841 616
176 184 176
634 860 779
128 843 843
17 106 313
133 610 610
122 530 908
728 851 511
133 967 611
485 762 762
7 220 468
83 356 873
641 711 854
305 600 600
395 513 355
777 819 476
205 227 661
60 324 636
253 665 509
588 982 24
175 659 628
100 366 100
452 564 707
135 1000 734
4 268 268
24 725 24
2 998 199
325 959 744
236 454 295
390 703 472
12 308 308
17 1022 313
456 624 456
344 774 774
698 758 698
9 1002 9
178 424 114
136 702 136
430 863 430
127 287 503
437 511 437
216 858 1014
742 794 794
528 799 430
585 992 992
592 769 769
332 983 996
180 970 180
351 611 611
47 833 964
382 496 800
539 649 649
37 58 100
125 970 125
115 325 525
251 453 251
599 676 599
410 706 437
236 473 295
189 595 189
471 673 587
173 878 409
668 781 73
353 972 566
730 849 855
42 405 246
209 475 475
57 99 594
243 840 525
594 934 594
8 882 462
249 760 297
339 1022 4
391 891 391
414 724 327
550 811 550
115 793 1
19 287 655
996 1000 996
157 965 965
970 1013 1013
839 1018 744
78 880 78
402 860 463
248 779 779
420 923 11
407 638 638
557 835 835
227 908 908
512 751 642
194 961 325
392 410 437
528 847 430
68 785 581
708 798 369
579 671 13
722 960 960
158 933 933
715 746 988
943 956 956
362 425 769
285 564 373
313 803 859
385 893 316
310 497 497
40 845 774
107 762 762
97 502 502
874 911 911
57 352 352
81 368 615
667 698 698
96 152 599
615 650 986
69 402 114
49 381 736
17 1008 313
368 735 826
672 989 475
402 992 992
356 569 251
569 603 251
554 817 456
288 932 288
593 775 482
94 873 873
425 920 907
920 1017 907
262 757 816
251 876 251
281 871 507
187 361 856
681 958 475
569 750 254
602 931 931
56 594 594
326 727 984
697 922 369
391 994 391
865 1007 1007
57 453 594
648 735 648
266 1009 199
696 924 254
234 676 661
340 365 937
582 940 940
41 744 41
567 806 876
111 205 205
45 101 809
511 539 511
317 788 502
748 1014 1014
199 430 430
162 1008 566
505 643 477
740 968 891
106 662 352
706 939 314
85 508 826
581 820 581
247 678 876
452 670 670
349 525 525
211 715 894
63 612 63
114 316 114
650 739 393
60 78 78
160 914 986
302 529 529
384 796 796
411 784 784
447 719 859
383 657 383
345 709 345
189 881 769
229 650 380
221 918 221
280 500 640
221 680 221
475 631 475
256 363 316
637 942 587
445 689 908
389 849 321
77 932 77
286 536 800
516 714 308
306 729 477
198 583 583
404 745 737
340 942 587
74 954 954
335 656 82
713 804 940
768 777 768
763 911 176
280 887 911
114 374 114
663 886 886
235 612 1020
304 412 321
427 530 891
326 520 326
86 849 988
716 792 677
74 441 70
6 926 437
352 928 928
770 783 1002
442 448 993
237 557 403
481 483 481
219 707 975
726 938 300
319 842 670
300 694 694
71 1020 1020
8 173 409
127 779 779
335 718 463
494 1009 199
225 687 982
415 638 784
665 958 798
787 788 78
337 691 10
193 359 246
788 849 321
196 690 221
859 886 859
112 864 864
784 961 784
674 679 355
661 758 661
17 622 784
763 1007 1007
713 844 940
370 507 23
149 250 272
804 996 996
298 866 391
208 500 208
62 355 355
521 882 521
288 916 288
289 649 649
268 430 430
165 758 70
300 493 502
462 710 1002
438 808 41
96 639 639
147 479 479
277 451 409
328 829 655
550 869 550
656 747 506
57 796 594
106 534 825
52 517 63
486 950 744
481 933 933
534 715 478
205 629 205
36 148 903
251 515 251
38 624 180
525 889 525
688 938 677
350 921 794
755 978 698
802 830 550
31 484 698
281 896 992
376 1024 855
255 349 150
182 189 189
364 565 654
399 585 911
254 376 254
280 985 159
770 976 992
290 918 43
386 621 826
483 904 903
134 268 268
5 996 996
320 332 326
563 691 835
229 601 77
163 635 113
1 984 1
321 787 78
184 1013 329
276 441 78
475 774 475
634 676 951
573 634 506
536 600 600
795 797 957
821 845 642
477 540 477
37 876 876
136 757 136
423 437 437
133 329 329
73 945 529
419 943 143
24 408 479
174 755 698
463 611 611
179 697 954
312 498 476
225 812 462
5 222 901
671 921 794
56 786 648
638 643 638
558 590 472
53 429 135
710 859 859
434 832 11
460 1004 475
423 827 774
254 814 254
168 679 130
556 919 919
607 882 299
516 967 611
192 878 954
338 934 338
38 497 497
376 808 929
483 619 125
319 788 393
648 1004 648
699 800 800
23 577 401
153 557 403
67 500 647
125 746 988
342 469 555
550 776 550
479 676 479
455 718 533
754 992 992
267 867 205
255 355 355
418 869 502
18 368 539
382 705 638
173 1016 409
381 643 919
638 709 638
223 959 744
400 754 1020
741 853 189
455 561 533
472 1014 1014
762 946 762
568 836 800
407 519 628
854 875 854
347 750 254
442 518 518
175 886 886
7 385 385
172 807 784
251 955 251
626 639 639
254 466 254
242 662 43
289 481 289
232 443 125
163 636 636
599 680 599
41 622 41
561 751 223
21 541 809
108 339 933
134 654 654
34 68 42
391 706 391
246 1023 246
63 176 176
368 624 180
224 257 288
141 463 344
84 252 675
254 884 254
143 934 143
22 932 59
511 514 511
153 720 221
301 323 581
135 300 300
204 425 610
511 618 511
993 1003 951
489 504 594
11 727 984
515 880 940
276 482 78
483 998 135
501 660 389
662 762 762
337 712 10
874 958 798
5 39 539
135 578 830
29 968 29
542 935 816
226 807 996
67 633 758
467 529 529
469 984 984
23 682 23
280 947 1
443 516 308
345 989 345
635 981 113
399 937 937
507 764 965
10 243 10
589 917 589
41 661 661
877 915 409
254 690 254
225 615 982
866 918 24
404 639 737
601 768 768
289 996 996
629 780 297
496 527 800
2 694 694
238 758 758
328 563 835
360 563 835
449 482 481
368 501 615
358 714 221
301 753 462
31 329 329
246 254 254
189 647 189
77 855 855
189 271 189
110 558 558
468 1020 1020
513 935 733
100 929 100
436 976 694
10 500 10
784 992 784
840 943 525
415 457 784
516 887 911
289 329 289
471 771 587
647 860 779
524 1007 1007
728 745 728
151 1007 1007
2 84 199
613 680 481
675 691 736
251 921 251
759 859 859
549 614 614
140 588 24
259 368 638
52 442 63
540 639 639
12 146 611
202 368 102
269 876 82
77 901 901
254 413 254
40 430 430
63 376 63
681 997 475
50 146 611
320 602 995
689 898 908
434 542 816
45 481 481
428 999 794
167 698 89
235 866 1020
50 517 517
389 745 734
337 822 10
278 1014 1014
249 735 297
99 164 491
614 893 316
774 966 774
262 782 968
510 609 205
346 544 150
487 1013 1013
628 856 628
97 962 589
637 664 1001
5 348 539
766 933 933
861 966 1013
125 592 125
802 948 550
56 899 648
667 856 856
545 962 589
398 1001 1001
318 847 928
16 737 737
100 119 401
67 756 756
736 774 774
451 586 409
110 168 63
23 507 23
116 531 491
342 969 383
475 638 475
601 902 107
298 859 859
361 932 856
742 905 905
483 1009 199
36 413 251
207 506 506
190 871 77
398 815 1001
422 653 518
416 994 454
905 906 592
618 961 868
397 861 329
468 500 468
310 838 587
550 602 550
210 774 774
324 695 288
113 681 475
303 750 254
279 878 176
889 1024 698
291 502 502
166 302 403
46 708 297
351 949 636
583 741 583
350 461 815
619 998 125
339 592 592
276 669 639
9 408 9
280 342 564
416 773 825
195 345 345
141 179 954
307 497 463
355 935 355
317 1007 1007
468 923 468
85 797 957
322 906 592
187 1003 586
461 529 529
409 721 409
511 843 511
270 435 564
240 660 389
88 751 482
78 561 78
900 935 1016
507 1023 533
386 390 729
764 887 911
10 875 10
54 871 615
106 881 769
1003 1022 951
352 763 352
492 836 800
479 797 479
375 443 125
375 963 345
229 981 827
66 359 246
496 642 800
78 921 78
456 925 456
342 624 180
103 232 984
393 651 477
566 953 566
36 837 476
92 517 517
728 990 886
355 370 355
444 568 728
529 922 529
644 935 481
472 934 472
194 234 661
423 812 774
16 517 345
13 882 13
506 768 506
160 525 525
225 439 521
569 733 251
497 608 550
43 916 43
249 999 297
420 477 477
174 1007 1007
275 535 931
22 412 321
92 682 657
221 783 1002
467 762 762
166 752 403
325 851 511
404 928 928
205 507 205
310 422 540
161 313 170
265 931 931
890 931 964
112 429 135
253 527 42
151 652 140
17 587 587
24 648 648
214 648 648
44 811 391
786 844 960
32 194 254
429 646 634
596 694 694
204 551 90
139 441 70
22 457 59
165 707 70
656 848 82
177 708 369
702 816 957
16 682 345
606 666 728
182 588 886
350 740 891
6 146 437
261 487 24
526 680 89
251 774 251
159 218 798
476 601 476
616 676 616
215 689 908
649 744 649
744 909 744
583 661 661
69 360 114
673 992 992
487 835 835
654 667 654
31 918 24
252 1019 869
144 846 501
9 1000 9
237 961 856
155 424 114
254 597 254
313 703 472
61 439 251
99 525 525
117 964 964
222 848 901
372 776 589
85 442 826
787 859 859
338 614 338
8 203 299
655 899 655
170 566 170
953 1013 140
145 680 762
396 426 901
48 615 694
121 602 995
85 751 826
801 937 937
209 904 903
238 801 326
43 571 43
177 756 756
531 769 769
179 835 835
43 737 43
428 843 268
306 927 477
175 724 675
393 559 592
188 976 511
395 413 251
231 955 10
362 905 769
29 336 29
84 610 675
771 835 835
166 860 403
41 403 41
137 611 611
620 623 9
212 673 357
408 689 908
2 678 199
289 679 289
24 644 481
775 848 533
301 818 869
464 976 992
100 904 903
392 758 10
511 856 511
495 828 327
507 567 497
670 689 908
492 910 697
421 956 956
550 823 550
268 547 268
242 291 43
133 372 295
101 643 13
356 962 589
534 822 136
361 421 107
163 239 647
396 631 553
532 841 648
380 985 159
508 874 93
4 303 655
600 807 600
29 180 29
459 797 614
593 610 610
156 675 373
315 600 600
30 344 344
902 1023 107
568 638 638
559 985 592
264 399 1014
63 325 63
356 684 684
342 756 756
570 808 300
488 489 694
700 935 100
630 852 143
705 933 933
769 985 769
676 928 928
345 957 345
735 763 176
112 325 325
75 755 525
607 895 272
501 924 254
410 925 437
905 995 995
698 763 176
276 968 78
282 425 102
310 589 589
721 970 171
89 408 89
277 462 742
555 885 288
50 565 905
327 1016 1016
370 688 677
470 925 136
919 957 957
270 958 798
255 791 600
545 583 583
411 426 901
257 407 288
403 954 954
461 699 796
637 933 933
112 877 409
90 175 90
515 961 940
457 839 744
105 199 199
358 1005 176
477 701 477
758 967 611
116 998 951
311 627 41
290 368 43
330 521 521
173 238 409
251 497 251
506 786 506
276 583 583
455 553 553
340 545 937
171 487 171
18 297 297
365 571 594
96 688 599
58 313 313
311 534 41
84 645 517
565 695 288
843 847 275
10 52 10
636 938 636
923 1008 325
222 300 300
41 788 41
475 614 475
356 980 901
664 815 1001
121 341 456
307 355 355
409 862 409
164 391 391
928 958 928
90 928 928
194 512 642
92 864 864
85 96 599
167 391 89
132 175 430
20 114 114
529 937 529
137 964 964
209 900 1016
61 897 251
423 624 774
173 649 649
33 822 996
715 801 326
700 701 616
887 940 940
372 394 295
203 325 299
261 321 321
491 641 854
895 1015 954
2 167 89
945 952 911
131 850 1
252 893 316
843 854 854
718 872 97
621 854 854
106 740 825
3 972 638
112 800 800
185 357 988
244 613 975
599 801 599
55 649 649
32 430 430
35 666 329
169 655 655
250 951 272
629 647 891
517 587 587
53 551 90
95 569 251
930 1011 995
69 724 114
831 970 437
34 943 648
284 999 105
779 885 288
59 508 59
39 849 321
68 950 744
44 400 1020
683 986 344
272 1020 1020
288 675 288
496 896 800
600 904 600
370 708 369
248 721 171
908 1024 908
492 752 697
76 507 9
715 980 980
430 647 430
8 365 462
796 1004 796
248 433 300
891 930 995
339 643 13
667 954 954
60 190 105
109 1023 866
11 1007 1007
430 948 430
195 624 180
12 282 1016
513 791 600
518 744 744
143 215 143
8 966 1013
838 995 587
371 403 403
143 727 143
255 538 508
310 664 1001
246 733 246
528 933 430
693 733 815
157 882 97
212 547 357
187 809 586
106 218 825
159 499 762
578 907 830
649 724 649
24 678 24
609 737 737
287 827 503
293 324 636
550 600 550
294 361 856
857 1001 1007
168 422 130
564 633 758
591 851 511
715 860 779
641 817 854
80 369 369
403 920 403
115 806 525
41 669 41
247 734 734
95 143 143
62 743 1007
495 769 769
421 629 107
68 783 1002
157 393 393
318 719 928
60 589 589
198 995 105
822 902 136
16 85 345
76 380 9
712 790 491
93 453 93
289 506 506
987 990 886
341 533 533
187 302 586
223 566 566
194 326 326
594 930 594
385 612 385
881 898 769
404 661 661
169 848 734
584 854 854
204 678 876
412 762 762
10 584 10
511 855 511
258 525 525
374 876 150
221 756 221
318 733 928
516 565 308
70 984 984
501 784 784
223 656 82
87 213 93
199 568 199
137 300 300
599 653 599
137 1007 1007
496 906 800
65 736 736
512 540 540
451 737 737
308 829 308
357 704 357
620 928 928
307 882 463
334 996 996
30 946 736
636 909 636
418 631 502
9 984 984
256 881 769
115 186 525
665 919 919
10 350 10
616 846 616
463 489 275
543 914 403
574 759 843
499 958 762
204 766 737
220 868 868
126 744 744
693 872 815
116 895 272
403 566 403
165 383 70
245 284 933
923 994 325
283 528 430
509 624 180
490 638 638
265 601 742
372 911 911
165 928 928
79 272 272
982 1002 1002
765 940 940
96 828 599
174 377 272
7 481 481
672 756 756
284 694 694
615 775 596
604 729 614
71 376 291
248 303 655
382 638 638
378 944 114
391 916 855
375 846 814
268 369 268
479 716 479
134 493 502
434 809 634
92 263 583
655 816 655
119 329 329
30 577 736
201 208 189
3 753 638
389 786 960
722 815 815
43 61 43
391 628 391
324 737 737
386 993 729
141 228 940
624 700 180
328 479 479
472 721 472
351 511 511
9 679 9
417 649 649
541 667 868
195 216 427
567 848 497
456 616 456
103 225 984
147 473 558
562 1010 472
228 971 940
702 720 171
361 679 856
371 598 876
406 615 768
658 713 940
378 483 1013
425 593 610
307 940 940
276 798 78
740 860 779
204 969 314
159 693 815
597 619 928
113 258 864
296 455 482
516 700 308
345 525 525
630 859 859
288 889 288
233 833 289
416 682 454
506 933 933
733 836 800
537 899 670
456 554 456
287 341 729
601 945 529
385 762 762
36 980 980
189 860 189
327 932 327
348 810 810
239 939 314
649 981 649
99 946 491
287 423 774
456 938 456
655 880 655
56 957 648
409 550 550
67 175 596
160 891 891
144 1022 4
708 1020 1020
163 887 911
481 913 558
160 884 1014
63 435 63
745 804 734
218 295 295
225 481 481
308 616 308
589 623 589
29 558 29
10 928 928
770 912 316
13 583 583
135 541 135
243 636 859
160 846 986
90 813 90
975 995 995
163 501 501
728 992 992
315 645 517
302 491 491
456 649 649
349 527 150
29 687 29
156 206 338
488 659 694
436 679 694
236 285 295
791 978 600
494 713 940
579 890 964
313 464 903
270 310 540
582 820 456
125 386 125
295 309 295
708 852 143
737 833 737
885 978 288
248 916 855
268 592 592
399 547 4
151 746 988
254 648 254
577 782 401
667 855 855
313 320 313
147 1018 558
714 882 97
163 644 481
656 970 82
699 1007 1007
213 598 798
297 471 297
95 931 931
589 846 589
650 786 960
135 494 540
323 1014 1014
369 408 479
459 871 614
28 1021 984
303 600 600
330 1014 1014
113 844 113
661 833 661
297 873 297
28 744 744
671 939 13
318 896 928
943 987 648
181 525 525
298 762 762
211 414 894
334 707 960
354 511 511
214 762 762
78 174 78
946 984 984
100 989 475
107 829 655
513 526 89
37 462 462
924 1007 1007
406 963 345
598 790 798
430 641 430
439 589 589
453 605 507
426 900 901
348 453 100
701 894 894
36 366 612
178 769 769
139 495 814
13 955 13
127 194 325
125 764 125
356 688 677
564 774 774
678 859 859
2 561 199
380 913 558
527 689 908
55 508 737
344 593 344
497 926 796
133 434 932
541 808 929
540 764 965
197 785 581
60 670 670
952 996 996
194 209 208
551 886 886
160 626 385
555 872 642
284 509 105
40 824 774
79 760 479
226 624 180
717 791 600
36 606 728
19 823 655
583 606 583
823 902 529
971 1003 1001
233 652 140
714 825 825
234 320 661
259 388 638
121 146 611
371 684 684
483 895 272
447 704 859
624 960 960
84 85 826
32 387 254
330 645 517
344 454 344
351 663 357
287 555 503
392 861 10
411 682 980
103 810 984
211 977 894
114 341 114
262 500 821
259 742 638
137 927 275
89 515 89
95 566 566
172 387 506
707 868 868
114 452 114
417 866 992
41 442 41
819 884 1014
818 953 140
300 459 300
110 829 63
306 352 352
409 865 409
118 375 82
530 807 996
144 1008 501
432 878 41
237 542 856
777 855 855
232 266 521
437 513 437
99 956 956
156 355 355
648 830 648
114 451 114
734 948 964
212 680 355
248 379 199
119 982 401
469 509 555
258 558 558
137 501 275
421 771 107
594 1019 594
218 848 798
20 594 639
429 972 566
134 762 762
775 936 596
659 685 628
393 860 393
82 1020 1020
342 726 300
646 1003 951
591 724 566
329 614 329
143 778 143
90 491 491
381 575 308
128 961 497
671 1013 1013
656 988 988
54 78 78
404 576 737
67 731 102
769 873 769
564 616 616
388 727 984
833 915 289
808 852 143
384 864 864
480 707 931
661 896 661
215 688 661
59 269 59
737 914 737
434 659 628
1 226 1
277 963 345
647 985 159
308 533 308
10 549 10
912 961 316
78 578 78
9 369 9
458 821 107
319 760 479
649 737 649
73 277 742
767 933 933
369 675 369
218 374 150
323 756 581
350 808 968
192 750 254
756 802 550
644 850 511
400 519 1020
373 836 800
9 482 9
371 458 107
35 198 105
20 428 639
231 433 10
406 754 768
434 665 634
88 198 105
192 196 954
338 971 338
317 833 289
223 1016 1016
704 753 462
594 643 594
296 903 903
128 403 403
334 412 960
122 635 908
418 782 502
31 246 246
377 490 774
328 851 511
182 926 796
284 819 105
75 268 525
324 1018 636
274 432 41
92 243 859
819 954 954
436 593 694
753 843 843
48 422 694
192 665 954
43 800 43
472 950 744
404 908 908
81 453 508
472 531 472
453 502 502
508 547 615
746 834 684
293 726 300
108 739 933
306 952 477
177 566 566
14 89 89
1 2 1
574 995 995
517 832 517
971 1001 1001
46 528 430
230 332 919
67 442 647
716 848 677
340 600 600
442 984 984
1 908 1
437 912 437
23 302 804
784 805 784
23 780 297
324 739 636
964 996 964
560 814 796
764 777 965
24 810 24
80 879 140
352 813 352
18 374 150
13 201 189
1 494 1
284 761 854
403 932 403
623 655 655
125 164 125
758 997 344
328 795 518
957 971 1001
310 617 553
61 795 251
12 411 1016
127 153 221
515 606 940
77 512 77
507 681 475
89 996 89
425 929 610
146 254 254
665 913 558
436 957 694
477 1014 1014
313 928 928
207 966 649
169 631 734
2 839 744
67 497 497
152 424 114
506 655 506
291 366 612
291 665 509
251 448 251
276 819 78
878 909 59
317 853 189
493 937 502
552 747 506
45 281 507
299 603 299
347 868 268
10 297 10
78 316 316
153 642 221
602 769 769
39 298 391
474 653 518
708 873 873
133 339 932
650 817 905
716 935 677
211 833 289
4 247 610
492 564 697
507 923 325
297 1005 297
26 219 975
86 758 988
63 921 63
246 523 956
668 958 798
287 331 733
316 833 316
13 518 518
120 810 728
4 861 73
407 933 933
2 674 199
737 843 737
917 1003 711
408 951 479
799 957 957
260 329 329
186 993 756
795 910 223
416 522 995
233 724 856
632 720 171
409 612 409
22 916 855
499 540 762
220 730 855
996 1018 996
417 506 506
379 643 199
540 592 592
127 970 932
75 293 525
166 553 403
760 981 479
92 810 810
664 934 1001
49 845 736
26 88 779
160 629 891
385 693 815
237 917 856
428 794 794
54 813 697
430 468 430
853 1017 189
533 809 533
354 633 589
162 924 254
80 730 855
401 443 125
239 961 647
781 951 951
143 843 143
396 516 308
57 1014 1014
511 762 762
214 709 599
355 811 355
176 208 176
429 954 954
183 581 78
708 845 369
402 677 677
136 159 136
4 233 856
796 993 796
578 715 830
175 870 352
161 762 762
268 751 268
281 991 299
426 646 901
698 770 698
226 575 308
446 507 431
46 564 297
806 841 876
42 599 599
933 965 933
450 940 940
148 985 903
728 959 744
248 342 540
203 414 299
132 917 430
201 321 189
558 868 558
279 316 316
191 905 905
234 698 661
452 701 616
500 617 553
225 786 960
105 149 105
242 976 43
812 964 964
607 894 894
554 856 456
240 717 821
641 708 854
907 1010 907
478 572 931
271 451 409
680 886 886
522 679 995
65 264 1014
100 459 614
286 393 393
611 753 611
632 684 684
339 854 854
68 71 825
394 451 409
558 728 728
185 996 996
625 708 338
299 499 762
104 908 908
63 1008 63
882 1004 475
124 983 550
102 206 338
221 759 221
617 674 553
449 897 481
242 659 43
903 956 956
525 998 525
170 661 661
646 745 734
916 1004 475
139 269 82
235 478 1020
746 973 988
206 345 345
429 773 825
81 904 903
359 494 246
65 424 114
264 723 143
151 304 586
116 984 984
803 933 933
251 391 251
248 487 540
757 1000 816
29 194 29
730 796 796
345 552 345
761 888 854
269 430 430
330 591 592
639 765 639
142 816 816
336 468 468
268 372 268
210 1000 677
637 649 649
430 432 430
147 747 506
172 558 784
374 1014 1014
32 380 254
801 859 859
22 29 29
343 839 649
407 555 628
208 385 208
157 508 97
828 957 957
95 138 180
29 757 29
492 680 355
114 674 114
435 559 592
148 179 954
98 657 937
62 601 77
660 932 932
301 507 113
173 868 409
518 879 518
668 976 992
889 1013 698
194 277 742
142 547 804
212 724 357
595 667 393
486 944 114
171 467 171
182 205 205
62 211 894
460 689 908
782 816 816
348 954 954
320 962 589
435 790 564
708 971 1001
59 862 338
600 907 600
43 1010 43
179 933 933
89 691 89
229 355 355
9 964 964
755 939 698
733 1022 4
636 958 636
135 938 4
360 564 401
226 669 639
544 552 886
345 844 345
525 713 525
316 458 316
59 957 59
7 573 506
435 779 779
31 494 454
692 779 189
344 415 784
142 736 736
908 959 908
149 855 855
171 878 171
696 901 901
62 986 383
553 740 553
422 494 540
845 932 932
15 78 78
414 654 654
268 863 684
146 485 611
352 622 352
184 991 329
747 958 506
589 632 589
151 985 454
189 629 189
801 894 894
347 600 600
255 336 427
412 724 321
817 1007 1007
660 885 288
297 789 297
178 878 29
612 660 389
47 93 964
813 970 932
517 898 517
582 911 911
383 618 868
532 807 996
381 472 472
441 610 70
71 273 308
221 659 221
353 593 482
205 405 205
491 579 491
106 780 297
474 988 988
777 958 798
551 892 628
479 951 479
276 727 984
311 391 41
247 982 610
294 591 566
321 756 321
684 972 684
471 575 587
779 794 794
269 328 518
89 870 89
49 593 736
126 245 933
898 911 911
104 856 856
369 555 369
258 897 864
4 374 150
147 664 1001
29 776 29
84 777 675
581 927 581
55 406 737
494 820 456
243 813 859
547 636 636
56 428 648
350 723 143
435 1017 810
400 842 670
92 307 463
427 930 995
78 454 78
593 780 297
718 961 97
163 300 300
162 904 566
94 289 289
64 954 954
299 991 299
613 668 481
134 487 130
285 436 694
770 903 903
162 413 251
263 612 583
366 910 223
108 196 933
161 519 170
67 510 208
622 988 784
28 251 984
358 1007 1007
136 545 136
721 873 873
310 804 804
649 984 649
487 720 171
300 859 859
163 796 796
305 683 956
44 459 614
199 660 199
347 1007 1007
65 254 254
469 525 525
319 772 136
118 908 908
155 533 479
25 661 661
282 322 102
720 784 784
384 879 140
285 1011 373
599 712 599
59 961 59
218 478 798
573 679 506
58 386 758
666 880 654
281 538 508
148 968 903
79 268 268
457 642 756
94 795 558
100 916 855
201 414 189
599 985 599
359 542 246
255 534 777
295 685 295
367 800 649
56 91 648
364 918 654
148 883 29
34 549 42
653 700 518
235 524 1007
145 525 525
845 958 798
677 694 694
127 700 100
319 539 539
491 577 491
334 951 960
344 528 430
19 67 655
602 758 995
542 764 816
756 903 903
581 784 784
131 562 1
16 498 345
406 942 587
475 601 475
707 928 928
20 706 639
190 913 558
534 933 933
187 520 586
311 525 525
520 1019 827
575 842 670
150 199 150
840 1014 1014
717 718 97
655 764 655
737 785 737
333 594 594
204 487 314
483 643 13
482 741 517
94 433 558
412 765 583
729 959 744
405 440 908
378 588 24
464 613 481
590 745 472
100 988 988
584 863 956
189 401 189
660 744 744
156 199 199
521 769 769
449 487 481
542 928 928
261 935 24
586 601 586
242 561 43
398 607 1001
490 856 774
65 124 550
635 729 113
417 712 992
725 935 389
143 479 143
24 281 24
187 248 586
181 928 928
82 217 82
876 1021 59
89 799 89
86 143 143
70 991 70
76 346 150
537 663 670
133 336 932
384 957 957
219 327 975
53 329 329
404 437 437
666 847 275
490 867 205
64 72 581
86 174 988
315 996 996
605 931 931
588 979 24
794 891 794
449 462 481
260 567 208
423 864 774
301 547 113
172 338 784
6 497 437
192 195 954
518 903 518
956 979 956
732 920 295
608 912 550
105 388 105
624 647 180
502 618 502
498 545 476
227 245 933
274 735 517
533 998 533
906 936 592
290 622 43
41 911 41
625 848 338
929 981 827
414 840 525
49 264 1014
313 988 988
429 806 876
138 687 468
382 720 638
252 777 869
36 586 586
225 340 937
357 863 684
221 368 221
68 479 479
430 661 430
299 542 816
243 355 859
392 805 10
29 297 297
593 617 553
406 797 957
212 626 357
145 205 762
318 963 928
381 552 886
798 846 798
62 796 796
494 815 815
623 721 171
533 539 539
649 659 649
582 968 11
333 989 475
29 115 525
901 946 901
412 1020 1020
19 552 886
125 703 472
795 958 798
72 905 63
884 908 908
18 353 539
221 259 638
792 1000 321
734 995 995
428 594 594
803 974 854
34 412 42
315 399 73
150 842 150
619 988 988
235 931 931
876 947 1
379 784 784
143 1009 143
794 821 794
89 952 89
89 143 143
855 918 855
279 713 176
588 958 24
784 871 784
415 679 784
503 1006 873
283 502 345
236 406 295
1 620 1
325 386 729
143 637 143
27 131 1
485 749 352
9 648 9
317 981 502
70 756 70
162 1004 475
22 822 136
129 859 859
425 851 511
985 1006 873
10 1006 10
101 369 369
657 858 1014
53 170 170
556 956 956
77 170 170
133 203 299
69 764 114
541 711 711
102 243 859
661 877 661
144 208 208
599 927 599
799 981 314
245 668 933
110 347 63
431 442 431
570 754 300
694 741 694
213 425 610
322 780 297
289 873 289
64 997 581
648 672 648
675 704 675
5 203 539
285 1010 373
176 807 996
538 577 401
749 852 143
428 671 268
276 537 670
532 993 648
2 89 89
95 322 180
833 1002 1002
170 261 170
349 590 472
297 999 297
918 967 611
20 1014 1014
614 969 614
442 668 380
361 935 856
241 716 205
790 882 503
496 872 800
187 993 586
311 632 41
34 1004 475
181 771 9
85 270 826
339 832 11
139 905 905
79 107 107
42 332 42
229 678 876
668 962 589
472 640 472
76 84 9
176 686 176
118 583 583
249 506 506
602 976 992
507 639 639
554 632 456
196 660 768
500 528 430
421 804 107
633 647 758
415 853 189
287 886 886
317 599 599
501 657 657
841 915 616
9 516 9
692 744 744
316 890 316
681 980 475
749 1007 1007
666 774 774
668 814 814
554 846 456
654 1016 1016
656 659 628
333 568 728
151 176 176
594 600 600
193 347 268
365 407 628
545 640 733
215 425 661
755 1014 1014
29 924 254
102 816 816
249 354 297
578 840 525
364 606 728
20 425 639
130 817 905
210 915 677
126 252 639
48 948 694
55 258 737
782 878 59
38 176 176
985 1018 369
760 817 479
677 886 886
41 789 41
336 711 711
39 933 933
345 653 345
327 811 391
43 311 43
421 746 988
55 377 737
686 998 843
10 316 316
416 486 454
746 886 886
206 549 338
118 737 737
269 713 940
380 485 614
630 655 289
688 840 525
599 651 599
42 793 1
271 629 654
137 212 275
198 912 316
433 793 1
774 870 352
7 698 698
157 447 859
172 939 784
115 895 525
703 732 472
606 634 728
269 874 82
747 965 506
132 742 430
146 859 859
496 568 800
737 774 737
171 321 171
378 960 960
599 812 599
46 822 297
897 993 497
204 298 391
121 218 456
37 940 940
101 685 809
111 873 873
289 442 289
160 453 986
15 915 529
442 529 529
510 925 136
566 957 566
240 1003 951
682 953 140
334 421 960
583 862 583
36 463 463
566 974 854
31 220 468
65 633 1013
115 859 525
53 871 507
57 763 594
660 935 389
544 905 873
255 605 507
138 476 476
275 647 275
633 740 758
40 615 774
911 965 911
246 901 901
254 384 254
285 513 373
187 191 711
169 715 734
186 946 756
534 642 642
190 815 815
164 264 1014
245 764 933
116 843 843
251 579 251
676 1018 369
427 978 23
123 385 1016
361 757 856
720 986 171
874 951 951
104 859 859
761 997 854
414 741 517
39 243 859
297 622 297
37 770 385
154 796 796
349 500 150
711 758 711
107 444 107
178 1022 29
374 784 784
188 915 511
283 648 648
266 756 521
73 587 587
254 888 254
309 333 170
223 955 634
398 992 992
350 522 995
3 655 638
741 908 908
629 957 957
66 149 170
719 1001 1001
34 708 42
286 843 843
791 1009 600
46 919 297
839 945 744
748 785 581
296 297 297
535 671 931
224 460 289
292 651 769
581 670 670
138 226 468
821 875 599
503 884 1014
110 763 176
760 762 762
370 872 23
439 824 521
143 361 143
520 622 784
17 501 313
522 951 995
435 494 540
159 1005 176
91 430 430
615 882 503
1 602 1
896 956 956
498 987 476
260 762 762
120 345 345
71 751 640
443 1007 1007
206 377 338
122 837 908
84 701 616
590 769 769
185 1020 1020
292 569 769
494 551 90
96 549 599
143 219 143
423 472 472
36 37 100
821 925 136
478 597 928
70 801 70
297 623 297
491 972 491
710 939 1002
335 643 463
239 468 468
233 790 856
337 671 10
916 978 855
229 309 380
436 589 694
880 914 654
139 347 268
181 673 9
4 574 907
303 631 655
223 1018 369
293 846 960
124 656 550
577 993 401
187 1000 734
572 784 784
78 452 78
246 705 246
170 935 170
182 263 583
479 712 479
678 715 876
272 439 272
451 523 409
291 345 345
321 489 275
452 748 975
414 795 327
18 54 539
448 783 1002
13 374 150
222 949 636
411 669 639
598 977 798
165 360 70
194 840 525
682 1003 951
394 595 393
13 141 344
310 380 540
4 490 774
316 541 316
717 853 189
323 765 583
247 539 539
191 297 297
381 475 475
114 489 114
261 895 272
92 904 903
82 694 694
316 349 316
573 732 506
289 984 984
88 211 894
29 503 29
928 994 928
303 883 29
287 500 503
527 785 581
390 735 826
159 691 736
398 649 649
282 347 268
262 955 634
384 832 90
309 830 830
205 493 205
251 441 251
379 449 199
578 1001 1001
14 827 553
639 769 769
568 988 728
153 864 221
890 908 908
184 455 329
876 935 876
821 994 564
146 241 205
80 612 383
201 348 189
73 254 254
819 998 476
145 769 769
91 125 125
640 752 982
420 450 636
111 386 779
185 262 988
735 859 859
300 607 300
92 326 326
520 1007 1007
894 940 940
52 782 63
357 547 357
707 779 707
156 529 529
703 880 472
754 955 326
23 870 352
424 1001 114
169 646 734
665 987 993
219 826 975
495 518 518
505 600 600
395 877 409
341 540 540
643 811 391
365 370 23
414 668 327
559 927 592
450 660 636
231 733 10
146 928 928
213 778 246
89 437 437
555 1022 4
717 984 984
132 360 430
583 651 583
840 929 525
543 1011 403
151 714 97
143 388 143
88 837 476
342 388 521
240 737 737
480 632 931
145 254 254
11 208 208
780 840 525
100 252 100
568 675 728
343 455 649
74 433 300
793 922 1
561 582 11
343 648 649
246 962 589
90 119 90
80 929 383
114 785 114
479 1000 479
630 860 289
559 925 592
867 917 205
207 825 649
769 988 769
162 716 677
159 316 316
97 646 97
500 725 389
578 981 830
229 255 380
60 1014 1014
365 987 135
775 860 779
553 798 553
688 755 677
196 555 768
456 894 456
425 792 321
346 711 150
454 1008 454
36 871 507
61 626 251
339 683 344
534 538 777
59 613 59
795 846 777
244 837 975
425 939 610
100 518 518
175 512 642
4 669 639
275 639 639
40 737 737
328 475 475
354 968 589
309 622 784
92 693 815
66 453 657
27 694 694
181 839 744
710 999 1002
396 718 553
156 448 373
333 588 170
168 819 476
261 1011 24
508 850 511
202 230 919
992 1007 1007
369 859 859
20 60 639
247 494 610
224 702 289
224 638 638
254 984 254
550 772 550
528 852 430
279 742 176
462 812 462
338 730 338
626 844 385
735 889 698
331 938 4
529 669 639
361 994 856
155 669 639
253 661 661
96 945 599
1 627 1
223 511 511
599 1002 599
854 911 854
431 703 472
541 1011 907
196 695 288
447 816 859
14 496 800
208 361 856
297 364 297
502 679 502
395 926 796
139 225 468
669 824 639
326 881 769
40 639 639
134 377 864
208 804 208
644 830 830
204 946 869
399 539 539
38 852 143
121 805 456
36 800 800
969 990 886
827 872 642
520 897 497
188 964 964
936 939 314
224 595 289
940 985 940
105 225 105
253 494 540
320 469 223
74 909 357
81 620 9
240 668 380
349 390 150
565 996 996
210 797 677
789 859 859
721 933 933
21 589 589
713 888 928
41 126 41
470 713 940
619 992 992
84 677 677
249 761 854
77 898 539
412 452 321
531 666 491
254 594 254
316 419 143
748 856 975
33 670 996
92 892 628
274 594 594
651 899 477
459 937 614
354 610 589
21 145 762
169 1019 734
422 1020 1020
108 462 933
457 940 940
360 928 928
134 779 130
31 738 905
360 985 401
72 199 199
319 644 481
221 628 221
110 728 728
409 937 409
275 402 275
489 763 176
169 632 734
604 648 648
203 326 299
43 605 43
263 938 583
506 930 506
330 837 592
449 849 321
135 523 956
58 835 835
525 870 525
21 955 634
139 769 769
128 716 677
272 715 272
329 972 329
352 779 352
239 307 463
656 1000 82
118 435 82
108 412 933
38 434 634
420 496 800
232 500 729
86 309 988
75 379 525
176 460 176
57 218 594
416 844 454
861 907 907
549 616 616
788 833 289
191 301 711
581 624 581
224 778 289
560 861 796
127 164 843
140 236 140
47 878 964
80 281 383
147 447 859
426 550 550
56 992 992
119 144 401
561 631 866
441 522 995
10 476 10
347 695 288
1 443 1
7 406 768
26 167 89
218 1006 873
394 456 456
522 1001 1001
140 879 140
436 779 694
310 491 491
153 560 796
171 903 171
386 732 295
701 730 855
737 893 737
470 762 762
206 1005 176
533 821 533
778 997 344
223 480 931
661 847 661
416 570 300
737 1023 737
275 514 1002
28 254 254
434 633 758
276 649 649
99 517 517
823 901 901
332 777 326
270 727 984
390 442 657
645 683 344
444 975 975
541 725 389
626 742 742
443 899 125
663 997 344
704 1017 810
54 161 170
58 985 758
473 949 636
300 1016 300
372 441 70
345 838 345
862 1022 338
119 463 463
528 769 430
176 533 176
64 111 581
180 837 476
545 872 733
71 186 756
558 931 931
288 344 288
246 993 246
714 992 992
603 837 476
96 345 345
348 787 78
961 969 383
250 843 272
292 858 769
648 765 648
369 880 654
153 737 737
98 936 937
176 708 176
127 253 555
593 963 345
163 826 826
315 944 114
289 774 774
63 623 63
282 717 102
238 548 70
126 661 661
100 805 42
63 121 63
91 466 762
376 567 497
145 409 409
535 964 964
274 517 517
74 250 272
319 701 393
181 943 9
464 524 1007
633 782 758
201 725 189
261 711 24
560 964 964
698 750 254
344 1001 1001
729 793 1
511 703 472
486 783 1002
406 468 768
235 938 1020
214 360 599
703 898 472
78 297 297
199 790 199
250 338 338
142 823 529
286 518 518
119 252 401
186 473 756
274 620 9
179 320 954
62 434 634
589 962 589
1 536 1
43 242 43
5 303 539
13 240 13
664 905 1001
496 763 800
403 922 403
136 454 136
257 986 288
726 762 762
353 711 711
582 1018 369
12 525 525
140 659 140
130 185 988
716 894 677
493 885 288
56 540 648
485 539 539
315 529 529
833 954 954
13 939 13
850 967 511
162 253 566
478 880 654
441 692 189
276 1022 78
167 999 89
410 854 854
299 673 299
159 794 794
42 739 42
484 894 698
729 978 23
1 1001 1
582 850 511
35 625 338
20 934 639
191 299 299
389 915 389
306 1008 477
450 576 636
102 332 326
78 552 886
200 295 933
150 821 150
316 636 316
364 744 744
660 978 23
391 770 391
498 603 476
491 975 491
304 864 864
276 941 78
367 525 525
502 678 502
2 908 908
590 853 189
366 928 928
19 702 655
691 1014 1014
647 875 599
116 599 599
145 369 762
842 949 670
143 842 143
758 800 800
9 102 9
211 919 894
486 943 648
482 667 868
191 942 587
342 473 373
10 592 10
220 949 636
272 759 272
220 903 903
680 1008 355
437 620 437
160 328 518
33 737 737
201 762 762
457 481 481
693 856 856
736 998 736
244 689 908
352 782 352
501 546 600
536 814 800
32 1023 254
563 898 835
91 308 308
550 1014 1014
123 199 199
518 621 518
834 1020 1020
446 598 798
581 687 581
7 632 77
281 670 670
828 844 327
636 712 636
180 308 308
859 976 859
232 657 729
394 550 550
188 449 511
469 628 628
19 34 655
499 621 762
82 381 82
131 255 1
834 994 684
96 812 599
636 933 933
161 365 170
246 996 996
107 294 107
171 298 171
416 479 479
70 519 70
13 843 843
556 826 826
120 596 728
258 886 886
601 956 956
19 650 655
157 515 940
82 1008 82
313 982 313
425 529 529
550 985 550
251 1016 251
209 540 208
326 463 463
540 974 854
102 371 876
362 837 769
359 1023 246
354 747 506
17 900 1016
475 876 475
365 754 326
170 608 550
677 772 677
110 352 352
706 903 903
624 894 894
87 985 159
114 821 114
390 401 401
204 896 992
625 996 996
46 475 297
395 476 355
109 824 894
268 736 268
125 963 345
304 878 59
538 985 159
611 630 289
93 296 482
136 579 136
205 739 205
734 859 859
800 919 800
119 150 150
35 800 800
555 840 525
81 901 901
48 247 694
227 386 661
636 661 661
217 385 385
572 1000 931
521 868 521
178 663 29
750 884 254
107 136 136
239 755 698
405 822 246
70 627 70
100 441 70
207 715 649
81 685 93
514 843 1002
106 897 825
41 391 41
389 914 389
38 929 427
506 683 506
91 245 933
674 883 29
355 404 737
824 911 911
240 567 497
163 495 814
251 998 251
412 1019 321
264 304 1014
965 969 965
338 1021 338
684 941 684
69 334 114
130 431 130
194 448 325
884 958 1014
218 398 1001
799 810 810
217 795 612
179 278 954
410 644 437
377 487 864
444 845 642
435 522 995
117 321 830
370 683 344
541 905 905
636 823 636
732 774 774
385 845 385
302 344 344
221 265 221
552 1005 176
639 991 639
21 539 539
682 799 314
84 250 272
437 678 437
127 710 1002
391 972 391
657 954 954
156 947 1
282 774 774
628 636 636
666 796 796
294 385 385
89 738 89
567 742 742
351 613 481
610 980 980
886 997 886
268 877 409
532 620 9
739 846 393
189 648 189
517 632 517
265 999 794
452 916 855
42 465 42
171 373 171
107 675 107
27 693 835
362 812 769
66 821 657
991 1010 299
155 639 639
424 633 114
148 945 529
432 618 41
551 816 816
691 876 736
463 511 511
513 827 733
1 876 1
647 935 827
295 963 345
290 842 43
381 942 587
461 818 815
725 978 23
918 1009 199
203 969 299
62 177 697
388 721 521
393 871 393
96 435 599
406 898 539
128 545 497
720 761 854
10 707 10
174 551 272
484 932 698
103 964 984
567 1000 734
541 908 908
324 1020 1020
114 802 114
460 850 511
409 784 409
65 870 352
438 506 506
529 621 529
855 934 855
440 525 908
330 424 114
80 813 697
448 558 558
269 380 82
485 796 796
613 753 481
874 1002 1002
193 218 313
619 677 677
856 966 856
245 266 933
39 335 463
508 930 995
364 551 654
145 852 143
205 864 205
13 151 13
42 412 42
47 360 964
46 428 297
589 941 589
331 624 180
112 252 869
150 585 150
456 920 456
310 782 540
143 449 143
185 752 988
557 1009 199
364 995 995
815 987 815
708 763 176
323 980 581
25 43 43
274 854 854
478 757 816
558 672 558
506 949 506
114 141 114
325 599 599
203 628 628
276 281 78
43 382 43
229 965 965
73 989 475
89 695 89
198 397 105
291 505 477
430 990 430
5 369 539
450 571 594
7 442 77
399 777 4
214 390 599
118 743 1007
263 793 1
450 820 636
140 1023 140
636 653 636
518 534 518
311 842 41
327 965 327
160 620 9
227 799 661
324 961 636
599 632 599
18 931 931
984 1023 984
454 697 454
325 933 933
141 547 344
30 977 736
406 411 768
114 875 114
555 729 729
295 678 295
347 855 855
884 976 1014
226 518 518
200 868 933
153 708 221
226 738 905
285 745 373
299 920 299
137 850 511
750 908 254
940 992 992
87 1002 1002
661 673 661
16 472 472
138 822 136
807 840 525
109 422 866
222 355 901
237 260 856
669 878 639
18 213 539
27 932 835
383 547 383
366 874 93
432 739 41
280 482 482
813 899 327
68 908 908
561 858 1014
749 768 352
102 641 854
506 851 506
5 796 796
710 729 1002
648 713 648
607 631 299
471 968 587
928 1020 928
168 349 150
189 474 189
517 719 517
348 640 100
494 685 540
453 938 4
676 824 894
257 896 992
211 846 894
370 436 694
874 1003 951
198 412 105
541 936 238
1 622 1
147 535 931
334 755 698
162 886 886
68 718 825
230 434 919
128 145 762
93 919 919
96 375 599
15 899 529
574 932 907
317 639 639
832 875 599
157 427 97
68 816 816
119 681 475
153 198 105
300 696 300
420 771 810
345 898 345
450 518 636
8 235 1020
275 963 345
206 964 964
284 316 316
505 704 477
146 754 611
95 930 995
224 992 992
44 504 594
311 385 41
201 709 189
351 694 694
535 762 762
9 908 908
10 917 10
76 390 9
10 382 10
62 978 23
303 755 698
549 806 876
896 992 992
613 864 864
22 479 479
555 1001 1001
119 660 401
743 992 1007
184 677 329
490 779 774
903 1020 1020
636 738 636
139 190 468
97 495 814
305 466 762
241 486 205
149 738 170
352 571 352
244 780 297
649 872 649
435 826 826
172 297 297
294 802 550
704 835 835
731 918 24
47 499 762
308 728 728
229 826 826
188 545 511
468 781 73
606 650 728
225 650 982
314 614 614
61 615 251
12 610 1016
591 875 599
622 981 784
558 988 988
296 806 876
737 904 737
71 878 59
696 1006 873
282 796 796
895 914 272
125 825 125
683 829 344
150 526 89
345 881 769
420 773 11
254 424 254
383 509 383
473 836 800
246 703 472
314 782 314
262 679 758
33 909 996
199 609 199
802 1014 1014
443 989 475
150 175 150
9 971 9
316 976 316
732 803 859
47 931 964
582 830 830
86 206 338
445 774 670
466 726 762
860 895 272
304 420 586
114 207 114
63 774 774
197 363 125
142 646 804
254 527 254
219 775 975
289 988 289
526 928 928
541 994 564
800 929 800
129 514 1002
299 741 517
67 318 928
273 405 308
901 967 611
277 474 742
142 338 338
288 706 288
78 357 78
372 829 655
327 986 327
169 564 734
571 717 594
858 999 1014
240 744 744
423 865 600
451 602 409
649 832 649
136 327 136
586 985 586
478 969 478
202 882 102
106 205 205
706 752 478
240 366 612
229 520 380
103 783 984
402 477 477
759 854 854
470 695 288
124 944 114
209 288 288
619 896 992
308 412 308
11 58 11
199 683 199
839 860 744
835 969 835
381 715 919
871 923 325
405 683 344
59 972 59
252 419 143
50 762 762
547 665 509
123 755 698
761 841 854
304 310 586
125 972 125
430 838 430
43 551 43
345 505 345
825 956 956
724 788 675
675 917 711
1 591 1
64 873 873
303 506 506
656 799 82
968 998 968
410 849 437
157 478 97
581 732 581
280 567 497
335 923 463
708 759 843
345 572 345
186 1011 756
128 472 472
449 835 835
42 244 42
339 827 982
108 702 933
424 430 430
253 567 497
421 859 859
544 898 873
300 991 300
359 649 649
289 688 289
247 402 463
953 1023 140
212 619 125
576 806 876
188 293 511
774 826 774
139 1011 907
1000 1010 734
254 965 254
472 496 472
400 738 1020
80 577 401
753 958 462
386 458 107
593 1000 734
650 718 97
152 376 816
394 423 774
605 995 995
18 738 539
11 220 11
142 298 391
15 873 873
872 907 907
411 728 728
588 693 24
227 887 661
318 849 928
324 661 661
122 427 908
45 142 804
281 905 905
53 368 615
133 443 125
67 164 843
250 715 272
429 469 135
3 867 638
520 621 826
251 854 854
205 235 205
727 835 984
101 439 521
116 628 628
683 980 344
148 272 272
256 584 316
198 756 105
518 623 518
132 200 430
83 292 769
77 984 984
583 653 583
220 479 479
607 708 299
53 225 982
627 744 744
697 891 891
626 698 698
491 698 698
493 854 854
459 847 275
817 879 905
396 551 553
84 733 675
337 539 10
68 472 472
25 550 550
336 625 338
108 660 933
623 792 321
168 332 130
62 311 41
582 702 957
72 611 611
240 280 291
365 632 135
275 1009 199
848 918 24
568 844 728
541 988 988
232 530 891
670 885 670
1002 1007 1007
202 479 479
8 327 462
556 706 804
333 1016 1016
57 680 594
26 982 779
282 613 481
664 665 1001
276 613 78
484 815 698
731 740 102
148 675 903
682 709 509
43 627 43
447 964 859
275 442 275
561 850 511
195 711 711
409 836 409
91 422 518
738 780 297
495 787 78
251 740 251
538 751 508
394 465 937
97 956 956
665 685 93
31 384 90
637 894 894
70 104 70
168 689 908
437 712 437
39 374 150
265 310 742
74 636 636
450 937 636
450 578 636
583 654 583
271 789 29
349 874 150
476 827 476
489 703 472
29 192 29
654 928 928
530 872 891
595 1012 794
398 880 1001
583 771 583
199 578 199
529 984 984
616 945 529
191 898 539
728 995 728
639 784 639
270 866 866
225 458 107
313 319 393
472 963 472
390 818 869
443 638 638
784 1007 1007
21 608 550
947 1016 1
891 988 988
130 751 130
253 291 238
105 865 600
502 758 502
53 639 639
172 595 784
178 339 29
4 937 937
235 527 1020
42 939 42
89 769 769
494 784 784
151 531 491
187 323 581
380 488 694
5 933 933
218 738 905
327 672 327
367 769 769
742 954 954
103 908 908
722 989 475
446 626 385
88 459 614
3 910 638
660 958 798
814 926 796
152 372 295
972 981 566
38 456 456
134 315 130
221 736 221
23 597 928
26 785 581
111 151 779
684 868 684
435 472 472
447 717 859
656 831 437
95 229 180
399 853 189
142 266 521
462 1002 1002
261 520 24
479 605 479
589 960 589
393 694 694
480 777 931
77 611 611
262 491 491
466 568 762
625 683 338
171 736 171
246 1006 873
539 887 911
30 904 903
760 768 479
125 889 698
83 700 873
419 942 143
845 1003 951
476 780 297
356 572 931
600 956 600
707 979 980
73 978 73
469 1007 1007
133 270 932
538 714 97
115 368 525
627 799 391
213 563 835
680 954 954
375 811 391
544 673 873
118 796 796
20 331 639
89 535 89
650 959 744
71 857 1007
437 589 437
144 503 503
498 565 476
189 654 189
18 21 539
575 744 744
583 781 583
556 637 894
92 737 737
340 872 937
59 364 654
275 805 275
674 934 864
49 769 769
384 805 42
587 680 587
341 443 125
258 691 864
686 970 843
73 804 73
218 553 553
112 876 876
83 380 873
365 812 462
38 416 454
448 745 734
119 406 768
469 1010 707
588 996 996
288 656 288
74 573 506
832 996 996
492 547 697
622 896 784
129 313 684
193 863 684
8 93 462
199 769 769
139 166 403
165 906 592
216 1008 380
228 931 931
442 677 677
112 569 251
84 434 675
52 468 63
23 157 97
353 809 431
160 985 159
137 450 636
165 269 70
29 722 29
337 737 737
123 921 794
355 403 403
88 136 136
619 743 1007
850 896 511
12 954 954
157 211 894
286 848 533
62 845 383
16 933 933
100 514 1002
753 933 933
731 821 102
43 171 43
583 784 784
271 900 1016
295 300 300
222 563 835
297 1020 297
98 111 937
743 772 1007
617 997 344
392 625 10
8 680 355
37 102 102
525 690 525
721 1010 171
773 1010 825
10 609 10
324 494 636
113 813 697
113 642 113
464 744 744
851 1013 511
69 354 114
412 958 321
444 984 984
459 517 517
225 390 982
903 940 940
401 930 995
107 1017 107
750 862 254
221 358 221
477 594 594
797 905 905
737 878 737
130 907 907
226 611 611
687 936 389
287 472 472
479 978 479
477 969 477
753 770 462
605 837 476
640 694 694
334 810 960
610 804 610
7 456 456
477 527 477
655 998 655
120 520 728
587 862 587
694 858 694
266 571 594
157 415 784
1002 1012 1002
163 963 345
602 639 639
294 932 385
91 200 933
150 931 150
905 978 905
38 790 427
143 414 143
135 157 97
697 984 984
22 778 246
65 834 684
212 828 357
701 774 774
589 910 589
108 523 933
60 606 105
80 657 383
267 662 352
448 601 77
70 894 70
379 600 600
639 1015 639
108 342 933
188 770 511
520 814 814
17 513 313
650 877 409
141 186 344
614 653 518
687 709 389
41 985 41
358 409 409
299 453 299
608 955 550
468 628 628
586 817 905
144 722 431
538 1018 369
109 314 866
98 1024 855
401 623 756
146 307 611
130 146 611
428 720 171
589 940 589
30 918 24
756 960 960
694 823 694
342 990 886
641 769 769
53 986 986
595 825 393
575 593 308
908 1004 908
738 757 905
54 751 615
142 581 581
203 545 299
376 985 159
37 725 100
212 558 558
838 940 940
36 444 509
87 88 482
507 978 23
23 72 63
287 995 995
133 309 932
289 829 289
143 245 143
720 927 171
128 638 638
366 719 815
658 741 517
101 878 59
334 484 698
678 898 539
342 399 4
775 882 596
548 756 70
645 770 517
308 369 308
479 618 479
71 629 891
370 682 23
500 824 894
392 506 506
380 416 454
384 981 90
709 882 503
755 843 698
344 921 344
702 744 744
44 506 506
533 790 533
355 478 355
13 474 810
531 779 491
342 351 564
583 622 784
382 665 638
144 508 501
99 992 992
70 460 611
574 856 856
417 518 992
110 664 1001
446 580 430
525 745 525
342 619 125
145 610 762
105 978 105
260 379 199
92 601 77
100 961 100
308 621 308
765 832 583
72 105 105
196 594 594
103 375 984
330 576 592
309 747 506
141 854 854
556 849 321
586 844 586
336 802 550
514 965 1002
43 370 43
764 869 965
320 534 223
608 863 550
385 818 385
26 677 677
542 905 905
437 805 437
3 282 638
92 939 314
281 678 876
110 793 1
658 957 957
586 590 472
326 911 911
213 709 93
491 1007 1007
71 808 929
281 842 670
409 458 409
366 927 965
297 803 297
67 255 647
126 947 1
195 935 427
354 379 589
599 1000 599
192 497 954
147 219 558
429 542 816
916 1021 855
133 505 477
571 686 594
524 854 1007
13 188 511
503 917 711
550 716 550
560 923 796
255 817 905
367 866 649
246 446 246
52 694 694
25 322 89
317 514 1002
721 975 171
63 688 677
847 954 954
191 312 711
122 766 908
53 105 105
192 992 992
36 402 463
282 929 102
282 533 102
35 173 409
737 917 737
612 827 827
747 843 506
454 541 454
455 916 855
416 804 804
409 429 409
68 154 835
115 499 525
263 284 583
51 903 583
31 960 960
280 867 205
37 518 518
513 821 733
398 886 886
427 567 497
589 900 589
49 997 344
430 921 430
189 895 189
756 824 894
669 812 639
13 531 491
484 1010 698
60 302 105
348 770 385
480 970 931
296 522 995
413 649 649
899 907 907
551 1004 475
838 846 587
26 685 779
66 852 143
665 892 628
208 748 975
121 288 288
173 737 737
553 991 553
270 519 478
213 388 521
197 623 742
653 870 352
347 831 437
253 808 238
354 688 589
145 593 762
240 996 996
672 978 707
380 891 891
544 705 873
1 56 1
711 866 711
104 577 868
97 810 810
443 906 125
25 957 89
602 824 995
133 260 208
661 977 661
254 853 254
143 887 143
427 768 768
58 113 758
717 782 968
62 665 383
992 1019 992
66 577 401
580 669 430
140 583 583
299 624 299
533 985 533
91 465 518
158 520 1020
543 954 954
133 946 869
277 468 742
926 956 956
26 629 779
134 203 299
59 936 59
134 259 638
316 868 316
420 877 409
268 464 268
49 533 736
144 961 986
109 322 866
285 1012 794
60 955 105
664 735 1001
241 310 205
87 177 697
539 809 539
869 894 894
37 841 616
542 821 816
202 835 835
422 517 517
215 1021 661
112 320 223
128 803 859
797 868 957
553 720 553
116 763 176
42 575 308
96 665 599
789 837 29
632 986 647
70 731 70
38 765 583
82 826 82
123 291 1016
618 680 355
155 259 638
796 902 796
3 684 638
467 728 728
114 596 114
413 618 251
339 488 694
334 779 960
455 636 636
105 547 105
117 379 199
435 509 564
169 326 734
576 846 675
404 679 737
672 914 707
181 600 600
643 1022 13
194 1018 369
410 440 437
388 826 521
184 465 329
584 982 956
91 311 41
205 311 41
363 784 784
822 922 136
581 913 581
612 986 986
121 484 698
496 800 800
239 352 352
753 972 566
448 998 135
189 262 189
221 348 221
41 95 41
198 835 835
34 892 42
134 306 477
115 844 525
7 677 677
336 938 4
990 1015 954
63 389 63
39 801 768
312 911 911
423 704 774
136 512 136
84 881 769
1 447 1
46 218 297
7 307 463
77 577 401
451 544 409
1011 1022 907
432 591 41
453 531 491
239 756 756
226 339 113
65 768 1013
409 644 409
808 923 325
242 757 43
340 756 756
309 453 501
38 634 634
81 823 529
297 376 297
47 460 964
211 956 956
617 737 737
253 538 238
639 710 639
7 1002 1002
272 861 272
286 931 931
584 742 956
456 757 456
434 802 550
21 860 779
559 923 592
652 967 611
489 540 275
282 326 326
139 386 468
702 1022 957
114 546 114
419 803 143
164 762 762
661 670 661
331 760 479
468 907 907
859 967 859
139 768 768
343 391 649
179 945 954
446 960 960
88 570 300
314 871 314
36 94 558
278 363 125
301 873 873
532 648 648
87 936 993
285 355 355
450 601 636
27 297 297
401 825 401
406 986 768
320 572 931
348 715 100
866 898 539
122 146 908
151 775 454
219 600 600
836 980 800
40 232 774
26 799 779
347 632 268
646 800 800
241 244 205
496 967 800
27 31 835
266 992 992
631 667 868
390 1018 369
64 992 992
201 862 189
407 1007 1007
327 555 327
194 805 42
128 226 497
812 907 907
448 612 993
115 243 525
79 326 313
500 873 873
647 984 984
13 577 13
253 693 815
115 318 928
762 920 762
193 705 313
41 548 41
165 318 928
146 290 43
153 992 992
385 850 511
210 727 984
296 494 482
203 591 566
523 600 600
725 1013 1013
863 942 587
231 649 649
865 890 600
492 938 4
403 674 403
96 729 599
79 715 313
525 988 525
48 848 694
478 738 905
383 928 928
197 642 742
254 936 254
96 404 737
114 303 114
166 644 403
185 206 338
66 684 684
175 717 596
138 217 468
103 588 984
643 695 288
308 827 308
300 811 300
295 456 456
221 942 587
663 919 357
103 475 984
416 496 800
564 718 97
227 778 661
649 834 649
67 491 491
807 826 996
368 650 986
14 296 553
552 624 886
231 519 10
83 807 996
626 629 385
409 516 409
229 247 610
304 401 586
398 570 1001
521 559 521
268 778 246
65 351 1013
184 329 329
359 605 246
91 297 297
89 199 89
53 972 566
334 866 960
58 687 758
174 491 272
610 845 610
377 705 864
485 664 1001
120 329 329
778 919 246
478 686 843
19 375 655
389 715 478
704 863 684
551 995 995
694 859 694
180 278 180
498 978 476
577 582 11
286 524 1007
176 645 176
86 138 988
90 462 90
346 737 737
47 612 964
652 681 475
422 869 869
189 991 189
240 686 843
443 559 125
775 986 596
235 390 1020
297 683 297
748 945 975
380 385 385
203 840 525
64 289 289
777 1004 475
512 535 931
257 638 638
874 1023 533
274 909 517
414 487 327
63 209 63
293 430 430
735 972 566
10 436 694
437 744 437
815 894 894
90 329 329
201 933 933
82 197 742
82 866 82
175 226 113
504 744 744
1 377 1
243 775 859
483 777 503
113 384 90
237 647 856
289 840 525
101 179 954
731 997 344
941 964 964
636 1018 636
71 462 462
265 394 742
550 659 550
33 668 996
910 928 928
101 370 809
106 648 648
45 89 89
631 795 866
272 330 272
80 547 383
148 893 316
487 557 403
696 828 268
486 923 23
388 988 988
208 417 992
220 858 1014
435 714 97
87 460 611
342 971 1001
18 644 539
258 826 864
283 859 859
41 302 41
68 843 843
167 563 89
475 833 475
587 877 409
576 965 675
785 1007 1007
675 700 675
570 911 911
593 707 707
634 848 533
225 611 611
532 832 648
77 677 677
957 1017 957
525 774 525
205 522 205
417 646 992
164 491 491
649 996 649
62 248 540
538 541 508
251 652 251
596 654 654
104 313 313
125 873 873
235 760 1020
674 984 984
41 569 41
550 837 550
656 830 830
76 161 9
90 270 90
685 854 854
104 409 409
662 697 352
738 873 873
31 442 454
837 994 476
545 653 518
790 818 869
39 920 907
121 518 456
194 262 325
863 873 873
366 507 507
396 987 553
352 789 352
646 848 533
623 898 539
272 886 886
455 672 707
5 608 550
90 556 90
254 738 254
788 1023 980
567 623 756
252 836 800
139 516 308
882 987 503
296 1001 1001
113 848 533
292 926 769
163 357 357
307 713 940
313 674 355
183 481 78
973 1011 907
169 978 734
8 350 462
170 908 908
486 596 23
434 779 779
225 355 355
668 825 825
105 878 105
22 497 59
338 570 338
329 710 1002
116 237 856
138 334 960
525 568 525
9 377 9
424 572 114
974 977 854
111 680 355
352 967 352
418 931 931
338 940 940
97 470 171
564 599 599
108 420 933
370 492 697
176 732 176
157 947 1
113 684 684
486 744 744
95 646 180
167 940 89
470 616 171
228 506 506
256 960 316
123 439 1016
434 441 70
42 964 964
262 728 728
183 662 352
668 735 826
93 868 868
45 403 403
675 929 675
530 567 497
379 744 744
409 746 409
305 716 956
312 514 1002
411 491 491
145 781 762
268 344 344
924 943 254
647 901 901
475 609 475
363 490 774
347 720 171
311 409 409
3 646 638
164 545 843
94 249 297
608 908 908
70 790 70
551 831 437
732 864 864
486 990 886
545 801 326
143 877 143
511 611 511
131 643 1
367 1003 649
185 908 908
856 908 908
96 217 599
263 483 583
511 566 511
453 517 517
522 714 995
34 649 649
646 847 275
566 806 566
268 436 694
433 1022 300
425 484 698
224 521 289
98 525 525
507 526 89
37 136 136
189 353 189
113 180 180
797 953 140
293 872 960
588 783 1002
46 1007 1007
969 975 975
137 717 275
44 309 130
42 370 42
696 769 769
829 965 655
865 908 908
68 561 825
511 788 511
501 981 827
235 435 1020
21 688 677
150 609 150
697 839 744
121 176 176
42 220 42
117 960 830
637 951 894
280 808 929
143 346 143
462 875 599
796 1014 1014
341 519 478
494 736 736
795 960 960
83 395 873
194 872 642
372 813 295
427 927 965
860 974 854
668 785 581
192 443 954
229 904 903
479 696 479
335 345 345
605 882 503
533 869 869
792 854 854
139 749 352
279 762 762
30 531 491
249 268 297
338 911 338
275 708 275
609 733 205
922 988 988
207 605 649
295 800 800
21 391 391
854 950 854
235 416 1020
484 1006 873
446 577 401
784 981 784
344 880 344
95 357 180
816 879 140
178 639 639
385 984 984
764 903 903
141 761 854
631 728 728
553 800 800
813 946 869
174 914 272
120 273 728
115 953 525
804 953 140
833 899 289
270 443 125
232 1018 369
462 774 774
766 927 737
477 641 854
204 385 385
483 725 503
57 525 525
140 776 589
34 562 472
576 614 614
155 275 479
403 731 403
20 847 639
256 914 316
118 354 589
309 494 540
1 900 1
54 391 391
43 870 43
8 449 481
104 282 868
475 667 475
551 786 960
567 687 497
171 337 10
477 913 477
79 390 313
418 597 928
646 811 391
397 519 329
941 1002 1002
286 600 600
605 1015 954
13 23 13
289 997 289
407 511 511
80 365 383
171 984 984
155 862 479
107 189 189
445 790 670
79 394 90
537 660 670
541 995 995
176 251 251
86 731 988
231 442 10
233 911 911
801 981 326
338 345 345
74 659 628
81 675 675
63 609 205
479 941 479
135 992 992
484 979 698
399 874 4
62 167 89
168 769 769
381 430 430
247 771 810
832 861 11
303 953 655
186 875 599
550 863 550
677 781 677
91 796 796
935 1008 827
477 1004 475
792 880 654
100 330 592
250 304 272
244 316 316
647 1002 1002
533 673 814
619 830 830
107 196 107
170 357 170
152 731 816
256 368 316
501 874 93
410 654 437
329 454 329
308 382 638
731 758 102
240 608 550
238 840 525
342 979 980
253 775 596
26 541 779
56 437 437
239 789 29
78 460 78
351 390 657
630 794 289
501 571 594
104 435 868
415 984 984
1 292 1
371 733 876
428 689 908
890 951 964
421 917 107
10 810 10
271 332 654
142 151 804
255 483 503
158 230 1020
204 529 529
545 839 744
309 355 355
330 744 744
828 979 327
670 690 670
216 422 968
586 934 864
94 443 558
659 833 289
273 393 308
65 420 1013
291 332 326
103 409 409
771 1009 199
91 687 518
104 160 868
195 660 427
125 571 594
445 935 670
117 823 830
219 873 873
327 901 901
318 965 928
654 858 1014
658 926 796
347 998 268
47 505 964
219 714 975
141 289 289
438 1012 41
713 745 940
760 1018 479
90 127 90
270 706 478
269 693 82
536 640 800
572 1001 931
62 760 479
482 852 143
229 550 550
136 163 136
377 832 864
278 816 816
252 1011 907
389 1022 4
224 639 639
515 593 940
115 725 525
835 920 835
163 715 478
57 855 594
258 695 288
143 316 143
37 648 648
354 829 589
26 764 965
62 685 93
587 744 744
111 973 13
725 875 599
9 710 9
128 894 894
588 667 24
540 607 299
667 992 992
924 997 254
419 692 143
45 815 815
244 592 592
707 865 600
12 300 300
89 617 89
263 283 345
43 504 43
556 724 675
81 512 642
409 598 409
60 176 176
514 862 1002
63 861 63
548 1000 70
369 565 369
79 368 313
324 979 636
121 505 477
577 833 289
284 832 105
714 790 97
193 965 313
48 734 694
23 860 779
444 587 587
229 587 587
419 696 143
559 636 636
388 999 794
352 385 352
317 551 502
84 228 940
364 532 648
11 565 11
62 865 600
794 893 316
194 809 809
649 854 854
70 935 70
145 764 762
840 1007 1007
171 1001 1001
687 902 107
310 463 463
174 853 189
560 896 796
208 728 728
520 670 670
1 783 1
648 787 648
90 866 90
843 844 843
152 320 816
130 547 130
36 654 654
117 614 830
188 409 409
74 704 357
382 528 430
221 911 911
1 342 1
768 864 864
9 751 9
89 622 89
582 857 1007
1 607 1
555 972 566
204 764 965
54 123 1016
454 882 454
103 240 984
177 558 558
539 904 539
405 729 246
343 485 649
300 845 300
210 220 677
2 166 199
928 977 928
377 796 796
1003 1010 951
251 584 251
111 359 246
551 1013 1013
421 915 107
321 845 321
47 466 762
329 548 329
682 828 327
249 632 297
198 1019 105
249 1007 1007
105 421 105
125 221 221
114 196 114
141 196 344
375 597 928
163 282 102
349 859 859
337 848 10
287 670 670
525 555 525
576 673 675
312 568 728
15 456 456
270 456 456
89 155 89
52 422 63
251 408 251
131 904 1
438 862 41
81 296 482
768 988 988
504 594 594
558 629 558
601 882 77
783 854 854
206 738 338
633 907 907
52 917 63
764 1003 951
159 811 391
355 667 355
721 827 171
224 930 289
9 449 9
313 446 313
316 680 316
189 607 189
936 988 988
51 148 583
147 900 558
325 927 965
441 518 518
142 542 816
461 749 352
295 847 275
254 298 254
4 739 393
1 155 1
219 562 472
615 691 736
157 549 919
22 350 59
434 1003 951
54 777 615
636 997 636
95 672 180
667 669 639
417 651 992
658 1008 612
267 287 616
320 371 876
437 1014 437
532 600 600
60 513 105
607 913 558
19 142 655
564 577 401
403 437 437
334 594 594
105 198 105
347 592 592
842 844 670
118 736 736
312 991 299
418 422 502
59 839 744
662 686 352
325 890 964
762 942 762
24 109 24
361 659 628
63 687 63
254 489 254
366 871 507
121 329 329
417 837 992
762 821 762
345 1012 345
184 629 329
297 982 297
616 696 268
929 1023 533
63 136 63
931 937 931
88 478 482
209 642 208
523 961 956
43 418 43
49 455 736
31 717 454
312 757 816
141 949 636
675 920 907
129 991 684
855 931 931
12 662 352
233 436 694
523 966 956
104 816 816
45 630 289
30 87 736
705 986 555
248 274 517
754 869 326
83 907 873
215 928 928
733 881 769
26 308 308
89 177 89
485 901 901
638 992 992
762 832 762
160 955 634
511 794 511
378 844 1013
278 518 518
279 364 176
262 323 581
212 355 355
282 433 300
157 726 300
190 270 77
28 424 114
323 758 581
761 918 854
276 852 143
599 731 599
108 864 933
56 163 648
1 352 1
183 996 996
167 475 89
142 953 140
41 649 649
507 677 677
617 859 859
463 864 864
452 886 886
279 970 176
403 418 403
593 701 616
140 667 140
483 672 707
321 443 125
179 319 954
605 682 507
594 789 594
611 849 611
150 352 352
29 480 29
92 816 816
869 978 869
961 1021 59
442 646 634
253 984 984
349 749 352
831 846 437
130 949 636
554 636 636
126 150 639
389 853 189
59 942 587
238 804 804
1015 1021 954
25 766 737
268 422 268
230 938 919
143 290 143
103 156 984
64 89 89
730 832 855
1 46 1
594 973 594
775 975 975
979 1000 734
105 637 105
228 687 940
276 954 954
105 665 105
254 694 694
344 856 344
219 856 975
437 501 437
6 459 437
96 540 599
41 141 41
83 877 409
101 942 587
682 858 1014
164 268 268
345 808 345
306 665 477
143 270 143
709 810 810
424 612 114
229 290 43
730 933 933
506 963 506
727 854 854
70 113 70
97 595 393
232 741 517
17 199 199
96 839 744
333 866 170
368 599 599
112 405 246
612 706 478
196 541 768
151 539 539
458 468 107
272 692 189
121 646 456
607 752 299
389 831 437
332 406 768
295 481 481
105 718 105
232 478 478
842 852 143
394 882 90
351 632 647
573 786 506
288 899 288
368 874 93
724 782 675
47 417 964
140 593 140
599 762 762
115 207 525
685 913 558
277 454 742
107 814 107
115 414 525
4 709 4
216 660 389
476 773 476
267 558 558
406 678 876
81 225 982
239 547 647
707 712 491
505 928 928
611 798 611
165 977 70
47 71 964
185 928 928
62 578 830
786 1021 960
120 675 728
213 602 995
249 854 854
15 164 529
637 972 566
95 815 180
7 586 586
477 850 511
694 767 694
542 986 816
320 346 150
353 906 592
242 371 43
1 306 1
992 1011 992
571 789 594
159 230 919
82 654 654
447 706 859
725 977 809
463 503 463
143 899 143
270 797 957
165 594 594
127 697 697
716 992 992
288 514 288
175 665 596
701 937 937
231 737 737
705 725 555
370 637 894
111 577 401
231 675 10
143 531 143
1 737 1
102 290 43
64 102 581
176 253 176
22 272 272
508 587 587
191 441 70
728 934 728
191 727 984
431 477 477
31 526 89
366 819 476
229 338 338
321 365 321
114 584 114
403 696 403
299 883 29
335 1009 199
99 199 199
253 393 393
152 993 816
45 684 684
145 800 762
385 677 677
804 911 911
24 738 905
531 661 661
18 345 345
457 1014 1014
670 741 670
550 962 550
745 956 956
421 950 744
309 421 107
203 809 299
803 991 859
382 956 956
734 960 960
56 682 648
621 1017 810
281 486 23
510 800 800
79 389 313
273 277 308
513 600 600
180 776 589
848 866 866
213 742 742
1 559 1
6 694 694
60 661 661
539 660 539
472 937 472
274 443 517
203 486 299
540 869 869
58 296 482
836 975 800
486 804 804
204 509 314
666 977 957
35 583 583
591 746 988
518 680 518
494 1022 4
126 387 506
676 873 873
748 987 975
670 1022 670
453 947 1
236 870 352
400 769 769
457 895 272
322 551 90
90 481 481
373 611 611
409 495 409
122 417 908
161 670 670
163 722 431
644 685 481
194 727 984
57 773 594
204 376 314
629 984 984
171 779 171
314 766 737
359 874 246
513 864 864
206 413 251
796 987 796
376 782 968
448 658 993
102 1015 954
54 929 615
222 471 587
286 961 159
423 547 774
20 267 639
434 524 1007
188 550 550
335 746 988
352 490 352
170 611 611
77 948 964
250 921 794
63 604 63
788 863 684
281 779 779
356 411 901
58 168 130
46 552 297
224 598 289
185 227 661
169 427 734
880 999 794
337 639 10
370 879 140
106 583 583
338 477 338
539 744 744
334 714 960
633 915 758
330 350 592
143 379 143
40 991 774
926 1006 796
396 956 956
93 272 272
116 618 868
116 760 479
521 644 521
230 927 919
81 524 1007
146 798 611
47 437 437
702 739 957
52 900 63
73 756 756
437 772 437
97 511 511
161 520 170
188 965 511
404 1007 1007
894 969 894
149 744 744
23 633 758
221 619 221
136 600 600
352 814 352
179 615 954
276 859 859
125 534 125
204 340 937
497 808 497
617 1004 475
322 429 596
94 173 409
268 331 268
134 437 437
216 541 380
353 545 431
427 986 427
425 779 610
509 883 29
82 615 82
115 676 525
566 1020 1020
170 957 170
828 1017 810
589 942 589
23 244 975
859 1008 859
140 190 140
801 892 628
178 575 29
607 695 288
280 453 508
577 899 327
169 432 41
334 870 352
24 195 24
254 354 254
524 646 1007
68 420 11
599 873 599
437 556 437
177 555 697
244 726 300
72 897 63
596 700 100
15 548 70
67 773 825
260 742 742
144 262 501
127 952 911
288 957 288
600 929 600
221 810 221
229 656 82
309 905 905
137 947 1
23 480 931
525 840 525
224 840 525
167 174 89
834 981 684
219 769 769
457 627 391
55 586 737
744 815 744
246 934 246
172 302 784
91 649 649
462 687 462
89 768 89
122 189 908
153 361 221
29 731 29
351 1008 501
346 487 150
128 874 497
645 945 517
588 767 43
368 821 615
46 143 143
140 542 140
42 291 42
500 563 835
43 91 43
379 649 649
129 909 684
668 931 931
359 783 1002
585 861 911
268 442 268
139 151 468
565 951 951
117 308 308
46 776 297
455 828 327
352 786 352
738 813 905
499 965 762
191 803 859
597 992 928
660 737 737
126 345 639
114 573 114
570 576 300
260 965 208
509 813 697
304 806 876
717 978 23
325 970 932
354 647 589
14 600 600
343 1010 649
391 734 391
66 777 657
3 96 638
102 756 756
595 882 393
746 784 784
176 849 176
19 647 655
393 396 553
452 581 581
74 1018 357
521 626 521
445 545 670
213 302 804
199 820 199
406 654 654
266 605 521
475 806 475
165 454 70
441 779 70
672 734 734
106 902 107
58 671 13
105 503 105
90 683 344
502 766 737
212 363 125
413 629 251
516 626 308
121 1019 456
811 911 911
117 743 1007
542 927 816
41 859 41
497 782 497
101 368 809
254 870 254
101 209 208
147 665 558
560 782 796
175 551 90
314 957 957
165 746 988
351 996 996
36 113 113
32 367 254
649 962 649
34 660 42
371 408 479
507 955 634
142 471 587
4 557 403
57 748 594
140 230 140
427 884 1014
94 265 558
99 183 78
633 671 13
336 394 90
67 437 437
554 911 911
297 426 297
511 997 511
398 784 784
130 921 794
2 148 199
436 476 694
923 930 995
82 272 272
561 752 223
407 830 830
496 600 600
565 782 932
39 588 24
485 784 784
187 941 830
298 983 996
19 616 655
545 665 733
412 575 308
492 701 616
206 925 338
87 189 189
519 578 830
294 603 711
746 978 988
201 409 409
344 824 344
898 1008 539
414 477 477
292 760 769
417 570 992
476 702 476
900 934 1016
70 843 70
737 753 737
587 799 587
309 442 929
12 630 289
430 668 430
128 531 491
180 215 661
828 987 327
351 565 932
420 444 11
200 220 933
449 716 677
45 275 275
621 754 826
566 768 566
254 989 254
418 686 502
440 883 908
338 398 338
265 892 742
8 329 329
410 704 437
319 1023 393
9 1012 9
327 431 327
694 698 694
525 672 525
88 673 814
324 769 769
2 753 199
41 879 41
476 599 599
671 987 13
805 848 42
239 507 647
175 751 596
379 639 639
147 696 558
458 551 107
389 948 964
758 937 937
209 827 208
523 687 956
602 998 995
640 1014 1014
207 1006 649
604 745 614
644 855 855
3 574 638
547 756 756
80 309 383
421 830 830
97 167 89
587 805 587
102 254 254
537 612 670
311 682 41
748 975 975
806 1012 794
88 776 589
272 417 992
422 799 314
286 424 114
25 528 430
348 913 558
244 561 975
307 826 463
23 429 23
366 736 736
529 993 529
959 992 744
85 711 711
1 475 1
253 834 684
631 721 171
642 923 642
344 725 344
230 1009 199
466 578 762
614 918 614
134 894 894
806 965 876
21 320 809
93 275 275
45 668 380
99 856 491
459 683 344
549 700 919
347 829 655
88 874 482
359 611 611
114 833 114
34 756 42
700 781 73
27 423 774
43 993 43
381 644 481
412 906 592
169 661 661
371 771 876
534 897 497
75 877 525
254 488 694
300 348 300
36 53 777
391 657 391
127 907 907
640 938 4
411 558 558
617 797 553
605 688 677
183 988 78
661 662 661
107 396 553
175 239 596
939 968 314
55 713 737
744 960 744
374 661 661
161 1017 170
19 525 525
113 905 905
206 745 338
704 929 866
279 417 992
250 645 272
548 622 784
749 1002 352
332 707 326
229 372 295
524 839 1007
43 1007 1007
189 596 189
658 793 1
275 414 275
47 661 661
101 319 393
190 582 11
209 860 208
515 800 800
230 553 553
86 109 988
638 707 638
84 297 297
193 994 313
683 859 859
650 690 221
97 979 980
678 702 957
195 842 670
970 1010 707
468 968 468
126 263 639
853 1008 189
328 922 518
468 573 506
648 937 648
384 920 90
198 359 105
860 917 711
377 465 864
114 443 114
398 413 251
735 980 826
267 858 1014
52 399 63
746 867 205
430 471 430
31 46 297
54 501 615
447 785 859
91 872 518
405 516 308
527 808 42
60 725 105
332 682 326
206 824 338
38 225 982
683 764 344
317 607 502
231 725 10
211 634 894
56 251 251
118 532 648
196 490 774
672 718 707
389 646 634
29 372 29
212 567 357
82 649 649
327 929 327
429 565 932
345 1022 345
310 963 345
483 878 59
98 829 655
150 694 694
149 195 170
884 996 1014
506 684 506
390 541 657
573 691 506
202 955 102
288 865 600
1 1014 1
500 980 980
22 771 59
101 454 454
475 931 931
399 944 114
155 891 479
695 897 288
68 849 321
371 1014 1014
360 373 373
326 781 326
81 733 733
241 738 205
462 600 600
342 835 835
158 475 475
208 620 9
130 782 130
496 652 800
558 810 558
195 846 427
869 884 1014
564 776 589
865 963 600
13 963 345
105 209 105
557 731 403
202 981 102
262 766 737
289 692 189
105 395 105
135 204 314
419 891 143
24 233 24
571 737 737
379 903 199
211 646 894
20 699 639
220 746 988
204 414 327
199 388 199
550 763 550
301 414 327
227 798 661
192 954 954
84 384 90
340 733 937
162 755 698
260 352 352
244 491 491
332 897 326
300 971 1001
855 862 338
18 951 539
807 887 996
865 1023 600
562 1007 1007
207 231 649
360 711 711
62 968 968
666 855 855
600 727 600
259 269 638
216 506 506
748 888 928
131 991 1
401 731 401
561 771 810
56 750 254
551 731 90
348 377 864
382 988 638
219 316 316
427 832 11
250 835 835
246 788 246
154 176 176
649 893 649
191 321 321
153 655 221
367 696 649
554 841 456
201 363 189
396 960 960
171 621 171
211 920 894
703 859 859
558 846 558
51 884 1014
239 1008 647
144 444 509
59 727 984
66 553 553
533 537 670
441 733 70
459 727 984
221 795 221
44 725 130
237 951 856
6 74 437
55 1016 737
350 882 968
391 515 940
288 698 288
542 1004 475
361 609 205
39 939 768
402 904 903
54 622 784
783 981 1002
317 864 502
226 700 100
22 901 901
394 1021 59
135 288 288
636 724 636
727 992 984
777 783 1002
112 452 707
35 992 992
395 651 477
702 847 275
520 645 517
253 479 479
189 705 189
600 850 600
466 618 762
300 708 300
146 925 611
276 729 78
797 849 321
206 244 338
530 549 919
755 929 698
800 809 800
188 689 908
263 962 589
45 351 507
931 1006 931
86 923 988
894 912 316
417 982 992
59 208 59
674 973 355
71 88 482
602 830 830
548 679 70
569 925 251
362 402 769
431 525 525
383 701 616
86 926 796
345 383 345
880 919 654
722 953 140
527 793 1
216 280 380
522 839 744
579 709 610
560 846 796
836 932 800
231 396 10
748 995 995
414 794 794
121 143 143
25 453 89
344 377 344
268 951 268
684 776 589
869 1022 4
442 446 431
80 1009 199
89 599 89
104 971 1001
437 663 437
32 88 254
422 849 321
105 460 105
210 1003 677
163 347 268
444 721 171
295 860 295
13 819 476
316 876 316
71 543 403
381 809 919
297 1012 297
42 608 550
41 771 41
91 491 491
430 434 430
683 994 344
847 865 600
172 178 784
409 803 409
629 982 891
625 638 638
584 672 956
651 777 477
297 577 297
189 484 189
241 445 670
261 403 403
301 558 558
177 694 694
72 1016 63
443 859 859
647 702 957
789 915 29
321 405 246
92 713 940
587 598 587
7 455 77
527 934 42
168 398 1001
558 954 954
849 965 321
79 589 589
103 262 984
934 938 864
184 914 329
175 179 954
355 541 355
640 935 827
212 520 357
9 854 854
409 886 409
17 271 654
604 694 694
637 648 648
352 983 352
837 963 345
387 437 437
246 854 854
81 695 288
640 898 539
375 810 810
408 933 933
735 768 768
166 222 403
582 595 393
289 815 289
106 302 804
194 992 992
248 939 314
350 491 491
22 435 59
88 988 988
403 481 403
323 601 581
669 777 639
747 1005 506
247 576 675
627 835 835
982 997 344
14 549 553
448 925 136
787 818 78
642 777 642
89 984 89
588 868 24
294 458 107
282 289 289
9 829 9
53 303 655
318 653 928
29 586 29
303 763 176
400 712 1020
228 316 316
223 357 357
42 285 42
381 477 477
715 777 478
770 955 385
466 767 43
185 706 988
48 379 694
294 912 316
551 903 903
832 927 11
675 702 957
170 270 170
350 494 540
71 570 300
43 1009 43
444 795 509
136 696 136
215 449 661
35 543 403
228 852 143
204 332 326
586 954 954
36 69 114
12 859 859
240 353 431
289 878 289
542 832 816
599 834 599
472 1022 472
366 936 238
63 984 984
502 773 502
882 923 503
798 910 798
170 508 170
192 781 954
416 434 454
14 148 553
91 292 769
125 545 125
463 866 463
128 143 143
56 293 648
14 125 125
450 605 636
927 951 951
308 659 308
163 604 614
685 915 93
214 578 599
262 750 254
282 733 102
281 627 391
864 887 911
229 339 982
202 883 29
886 990 886
76 245 933
73 851 511
415 769 769
757 925 136
129 407 684
285 882 373
471 859 859
11 422 11
173 536 409
640 981 827
683 835 835
147 866 558
118 892 628
372 577 295
638 925 638
266 870 352
448 756 756
695 984 984
571 782 594
243 426 859
594 999 594
81 425 610
58 841 616
262 601 77
587 636 636
287 598 798
253 469 555
402 469 463
43 309 43
582 922 369
437 715 437
744 770 744
558 589 589
130 631 130
285 452 373
361 733 856
252 846 869
630 748 289
371 586 876
592 922 592
255 658 612
86 196 988
269 980 82
479 643 479
583 1022 583
300 611 611
251 555 251
541 910 223
697 829 655
176 497 176
230 274 517
130 872 130
450 728 636
190 791 600
413 988 251
766 981 737
142 144 804
558 615 558
773 914 825
163 304 586
604 978 614
256 784 316
58 434 758
754 964 964
891 941 830
29 373 29
137 671 275
179 556 954
726 961 300
287 481 481
243 465 859
205 742 205
18 599 599
130 764 130
328 876 518
280 495 814
82 422 82
600 644 600
404 418 737
643 808 13
825 941 830
602 1007 1007
130 1014 1014
233 462 856
184 903 329
300 741 300
31 112 454
164 593 843
260 494 208
389 411 980
542 894 894
298 503 391
150 934 150
22 702 59
33 479 996
552 813 886
92 791 600
600 762 600
497 868 868
251 916 251
365 961 135
204 411 980
152 345 345
691 848 736
126 406 639
305 821 956
980 1014 1014
50 270 905
520 652 140
672 704 707
160 1003 951
194 687 325
106 998 825
309 475 475
194 643 13
15 475 475
135 1006 873
104 288 288
402 454 463
623 919 756
82 214 599
219 522 995
547 623 756
205 578 205
139 973 13
181 981 9
413 908 908
500 827 827
41 873 41
776 1007 1007
23 171 171
374 724 150
796 866 796
132 188 430
89 933 933
89 590 89
66 358 221
456 901 901
581 945 581
316 904 316
967 996 996
600 866 600
316 862 316
8 121 456
181 968 9
145 833 762
440 989 908
240 937 937
502 1022 502
210 832 677
285 913 558
453 630 289
177 1001 1001
770 866 385
86 424 114
919 974 854
647 890 964
869 872 869
714 719 815
336 680 355
626 761 854
756 764 756
539 561 539
357 780 297
584 874 956
403 929 403
146 586 611
208 725 208
240 317 502
260 364 654
328 375 518
585 645 911
711 797 957
174 336 272
67 207 649
311 973 41
89 251 89
133 671 13
307 624 180
173 836 409
455 715 533
399 709 4
495 914 814
439 945 521
418 503 502
378 842 670
456 1021 456
754 860 326
958 1007 1007
253 390 657
160 170 170
745 843 843
315 995 995
177 561 697
89 125 89
317 359 502
915 981 827
232 1013 1013
530 703 472
550 769 769
323 582 581
277 953 742
195 936 427
177 332 326
357 768 357
281 648 648
82 183 78
212 950 744
302 834 684
729 857 1007
341 727 984
20 928 928
486 550 550
616 680 355
68 425 610
508 537 670
588 942 587
127 696 268
156 837 476
366 804 804
689 746 908
677 859 859
639 699 639
647 929 647
698 958 698
409 870 409
226 668 113
435 929 564
576 991 299
335 677 677
280 809 809
217 875 599
334 863 684
237 699 796
54 144 615
23 123 1016
537 707 670
130 554 456
177 304 586
316 980 316
665 934 864
242 392 43
670 744 744
96 717 599
86 394 988
136 766 737
56 661 661
44 686 843
288 764 288
794 942 587
98 794 794
867 1017 205
635 685 113
338 674 338
647 736 736
107 605 107
339 1003 951
114 929 114
315 684 684
321 618 321
444 873 873
338 925 338
375 737 737
41 525 525
619 807 996
282 695 288
97 747 506
561 600 600
120 147 728
45 130 130
70 212 70
18 873 873
444 507 509
27 53 835
761 819 854
312 825 965
335 409 409
158 511 511
46 206 297
162 746 988
264 1017 1014
65 432 41
239 334 960
822 1002 1002
472 698 472
366 821 612
41 48 694
128 269 82
348 709 100
280 825 825
671 740 13
125 646 125
566 729 566
396 688 677
635 987 113
448 518 518
296 1021 59
270 579 610
330 358 221
143 863 143
50 308 308
928 1004 928
353 981 431
296 871 482
475 763 475
85 721 171
584 762 762
59 825 59
808 885 288
665 675 675
461 1018 815
301 781 73
57 695 594
589 639 639
160 866 866
226 970 932
366 935 827
293 734 960
14 804 553
270 940 940
661 826 661
571 769 769
152 247 816
629 1014 1014
202 583 583
785 796 796
407 956 956
246 815 246
87 491 491
209 928 928
687 914 389
450 813 636
592 929 592
541 907 907
133 987 932
149 735 170
662 928 928
280 487 159
654 828 654
346 787 150
443 656 125
390 1022 4
681 973 475
392 685 10
954 966 954
157 260 208
655 754 655
370 505 477
58 760 479
758 771 810
342 487 159
458 558 558
277 506 506
308 819 308
332 926 796
417 587 992
185 670 670
93 100 100
149 437 437
208 897 208
154 868 835
733 925 136
805 881 769
350 779 779
248 645 517
747 933 933
106 731 102
248 608 550
33 224 996
97 808 97
873 973 873
193 367 649
437 525 437
50 212 905
191 987 711
279 950 744
67 603 711
237 794 794
518 624 518
417 1005 992
569 623 251
29 683 29
634 682 634
704 816 816
497 754 326
392 402 10
255 687 389
436 700 694
373 1019 373
434 464 903
38 870 352
130 1007 1007
757 819 476
67 501 647
303 736 655
541 882 503
101 395 355
93 476 476
177 255 697
325 773 825
238 492 697
75 124 525
489 509 275
164 330 592
190 980 980
697 1005 176
667 854 854
207 233 649
357 957 957
387 591 506
233 753 856
495 746 988
256 700 316
610 766 737
553 1017 553
381 439 521
546 814 600
43 286 43
146 576 611
247 586 586
199 885 199
589 835 589
739 798 393
223 936 223
112 303 655
762 968 762
430 817 430
574 745 734
244 758 975
122 896 908
391 818 391
73 619 125
472 591 472
297 400 297
456 672 456
373 846 373
8 756 756
113 678 876
187 563 835
176 740 176
79 287 313
277 936 742
68 72 63
113 302 804
256 709 316
818 938 4
503 795 503
623 928 928
666 968 957
279 734 176
626 696 268
739 764 393
67 435 564
169 767 43
559 784 784
168 595 393
564 739 393
382 477 638
399 538 4
385 722 385
506 917 506
102 240 102
855 886 886
310 404 737
605 777 507
520 912 316
372 402 295
60 380 105
865 905 600
345 876 345
9 630 9
196 207 649
125 384 125
866 968 866
98 300 300
38 127 555
259 937 638
300 1012 300
84 512 675
22 891 59
387 432 506
527 978 42
112 613 481
236 907 295
377 544 873
12 154 835
329 340 329
394 483 90
87 419 143
513 611 611
186 256 316
105 928 928
133 753 462
73 617 553
8 262 462
495 938 814
430 832 430
503 759 843
175 192 954
114 439 114
33 293 996
921 965 794
81 152 816
415 614 784
41 626 41
77 648 648
629 808 891
261 782 24
4 775 4
236 321 321
78 694 694
248 615 540
40 667 774
864 1007 1007
491 1014 1014
518 905 518
514 800 800
683 913 558
185 845 988
140 718 140
175 719 815
633 1010 707
159 866 866
664 689 908
351 861 73
30 978 736
604 720 171
816 931 931
309 773 825
223 482 482
508 512 642
876 1001 1001
718 861 73
548 957 70
766 908 908
886 904 886
7 68 825
342 818 869
247 822 136
452 891 707
38 112 325
668 754 326
138 635 468
246 458 246
698 988 988
659 688 677
217 291 612
417 940 992
599 623 599
719 737 737
164 860 843
627 887 911
288 782 288
150 427 150
320 943 648
958 1016 1016
123 279 176
153 441 221
23 460 611
310 933 933
586 843 843
416 927 965
351 667 868
204 909 586
686 917 843
336 529 529
173 738 409
34 132 430
481 745 481
373 986 373
255 684 684
52 375 63
180 622 784
130 350 130
452 950 744
606 843 728
301 694 694
127 405 246
512 978 23
670 730 670
824 833 289
713 757 940
435 725 389
507 975 975
568 921 728
741 800 800
548 819 70
140 454 140
740 788 980
13 225 13
114 610 114
294 511 511
177 279 176
756 859 859
237 761 854
348 898 539
189 606 189
442 840 525
706 798 798
10 223 10
324 545 636
1 111 1
474 899 810
323 808 581
369 474 810
234 409 661
289 371 289
189 403 189
326 815 815
348 644 481
510 517 517
87 986 993
199 350 199
329 423 774
521 997 344
70 956 956
52 230 63
336 929 427
411 681 475
14 345 345
195 668 427
74 906 592
704 902 107
140 694 694
574 833 289
580 588 430
368 372 295
304 594 594
23 705 23
287 348 100
263 439 583
899 988 988
795 821 777
188 261 511
18 115 525
575 811 308
662 1014 1014
315 561 73
106 643 13
259 546 600
38 846 427
335 919 463
70 587 587
367 854 854
303 683 344
808 840 525
205 614 205
4 605 4
788 965 965
67 782 968
27 466 762
150 873 150
325 352 352
206 464 338
846 952 911
33 284 996
299 650 299
156 764 373
442 889 698
187 706 586
433 728 728
454 986 454
47 767 43
518 677 677
56 891 648
129 554 684
185 614 988
254 568 254
308 745 308
374 905 150
284 866 105
167 657 89
632 1019 827
475 997 475
84 134 130
41 349 41
784 932 784
432 1001 41
456 1020 1020
631 993 866
590 854 854
846 874 93
580 732 430
452 582 11
326 956 956
462 770 462
251 971 251
232 371 876
73 88 73
9 494 9
539 1019 539
430 747 430
52 691 63
549 639 639
56 596 648
507 738 905
196 419 143
162 277 566
72 933 933
863 956 956
319 679 393
635 855 855
25 865 89
819 865 600
211 699 796
31 649 649
462 616 462
2 628 199
34 776 589
288 607 288
332 656 82
781 829 655
514 931 931
188 418 511
631 693 815
114 720 114
316 836 316
122 930 908
358 576 221
869 1019 869
348 501 100
649 677 649
14 543 403
506 650 506
450 888 928
162 344 344
151 961 454
67 134 130
284 614 105
472 885 472
348 737 737
212 972 566
13 360 13
699 862 796
403 736 403
453 899 327
746 829 988
295 706 295
416 920 907
196 507 768
688 720 677
641 814 854
444 684 684
443 929 125
218 657 798
16 906 345
908 1018 908
897 927 965
394 925 136
345 928 928
959 1014 1014
266 452 521
11 252 11
531 886 886
38 380 427
485 587 587
181 985 9
276 286 78
166 969 403
740 958 891
357 435 357
246 784 784
30 550 550
12 443 1016
331 735 826
715 935 478
154 345 345
171 566 171
259 400 638
287 940 940
145 753 762
743 873 1007
211 583 583
383 671 13
666 939 957
24 1022 24
582 811 391
282 505 477
247 620 9
728 951 728
583 982 583
570 684 684
186 645 517
654 771 654
200 337 933
748 838 587
74 335 463
175 450 636
449 795 481
765 984 984
574 765 583
450 821 636
537 649 649
648 1000 648
494 528 430
32 325 254
928 940 928
447 633 859
304 514 1002
877 1012 409
16 290 43
122 456 908
645 859 859
429 618 868
174 735 272
145 344 762
385 782 385
88 927 965
773 850 511
361 547 856
183 777 78
478 509 478
521 746 988
168 829 655
42 805 42
522 533 995
589 911 589
4 253 4
522 657 995
670 916 670
146 345 345
234 912 661
231 850 10
50 836 800
23 128 497
269 362 769
302 338 338
581 909 581
615 856 856
298 348 391
194 565 932
175 633 758
20 494 639
61 96 251
463 596 463
892 910 628
294 342 385
624 705 180
387 754 506
365 935 135
657 715 478
138 410 437
287 1017 810
356 984 984
466 977 762
517 722 517
610 671 13
67 543 403
228 479 479
758 810 810
18 721 539
125 177 125
734 742 742
78 494 78
439 966 521
103 979 984
376 453 291
63 405 63
325 677 677
302 733 804
350 389 968
48 237 694
474 561 810
57 457 594
723 725 143
341 623 756
534 627 391
224 772 289
113 706 478
186 797 756
403 765 583
911 1002 1002
812 877 409
752 848 533
535 710 931
350 758 758
513 516 308
266 394 521
866 907 907
407 550 550
285 661 661
109 988 988
168 240 130
298 962 589
919 1024 855
512 830 830
113 443 125
227 396 661
297 852 143
281 972 566
442 1001 1001
530 855 855
218 885 288
479 859 859
554 1020 1020
463 846 463
346 555 150
186 491 491
545 647 733
213 339 93
228 344 940
676 868 868
83 716 873
800 1018 800
713 835 835
352 808 352
52 775 63
50 911 911
353 465 937
860 962 589
34 517 517
716 975 677
748 803 859
177 705 697
69 934 114
708 769 769
114 154 114
720 755 698
674 759 355
79 627 391
156 188 511
230 388 521
10 257 10
470 794 794
165 224 289
109 732 295
374 440 908
205 787 205
813 1006 873
291 547 615
551 932 90
914 935 827
137 243 859
169 672 734
541 720 171
649 992 649
835 887 835
98 286 937
345 474 345
156 456 456
222 516 308
371 908 908
150 660 150
672 788 980
463 745 463
84 107 107
170 862 338
24 332 24
338 923 338
904 933 933
64 786 581
1 29 1
92 711 711
132 652 430
584 971 956
166 928 928
283 860 345
237 1022 856
636 1002 636
303 774 774
298 778 246
139 554 456
655 719 655
746 969 988
191 678 876
497 770 385
85 464 903
324 365 636
297 880 297
148 463 903
811 1007 1007
605 708 369
237 553 553
1 450 1
786 899 960
31 601 77
468 539 539
350 632 968
652 828 140
99 430 430
602 748 995
511 901 511
786 999 794
112 811 391
190 362 769
32 704 254
5 361 539
460 762 762
82 902 107
215 359 661
114 556 114
286 846 159
327 977 327
343 694 694
179 463 954
456 933 933
664 762 762
453 534 777
664 796 796
750 796 254
121 803 859
558 729 558
75 661 525
435 822 136
230 692 189
15 225 529
221 820 221
35 452 329
595 720 171
867 953 205
422 948 964
176 975 176
344 507 344
192 784 784
67 361 856
61 570 251
257 974 854
442 509 509
281 319 393
302 720 171
235 771 1020
606 908 908
593 795 482
426 538 901
351 717 501
251 600 600
734 800 800
656 756 756
567 733 497
195 865 600
12 99 491
239 890 964
182 868 886
952 1009 199
266 437 437
73 903 903
265 986 742
504 801 594
114 592 114
584 834 956
338 836 800
393 960 960
174 549 272
887 911 911
19 22 655
39 367 649
231 255 10
42 456 456
102 709 102
123 390 1016
390 599 599
950 973 744
243 486 859
574 581 581
270 316 316
936 941 830
506 806 506
279 648 648
189 722 189
474 672 810
142 598 804
23 904 903
235 409 409
188 461 511
615 981 827
262 689 908
573 731 506
3 433 638
162 572 931
143 343 143
178 870 352
493 649 649
547 911 911
154 933 933
370 882 23
9 624 9
406 445 670
430 901 430
23 81 23
795 898 539
532 851 511
222 897 901
220 349 150
376 444 509
175 730 855
659 728 728
415 989 784
81 349 150
198 478 105
62 358 221
682 845 642
378 587 587
601 946 77
923 977 809
189 924 254
175 281 596
521 855 521
48 936 694
41 657 41
306 586 477
113 1016 1016
101 902 107
871 981 827
109 865 600
631 785 581
431 621 826
253 520 238
112 371 876
132 251 430
879 903 903
334 517 517
521 634 521
23 255 23
47 519 964
329 892 329
813 940 940
403 603 403
971 1005 176
318 525 928
435 437 437
44 524 1007
694 912 694
650 1001 1001
172 905 784
301 362 769
561 652 140
607 782 299
297 408 297
34 648 648
229 1018 369
132 148 430
206 340 338
1007 1008 1007
685 827 93
208 701 208
432 721 41
624 988 988
95 677 677
795 974 854
395 870 352
675 767 43
410 968 437
373 592 592
304 911 911
277 725 742
731 786 960
212 1022 357
248 792 321
647 841 616
223 370 23
483 835 835
316 787 316
446 801 326
796 997 796
100 120 728
312 954 954
676 876 876
570 830 300
240 980 980
118 249 297
272 743 1007
514 950 744
539 919 539
34 861 42
864 879 864
265 447 859
144 164 843
819 897 476
36 477 477
60 228 940
84 673 675
175 742 742
29 784 784
999 1008 794
156 864 864
229 472 472
257 1005 176
819 969 476
502 667 502
589 868 589
254 957 254
423 893 316
549 886 886
121 710 1002
284 964 964
137 725 275
79 955 313
345 600 600
772 1002 1002
213 909 586
532 835 648
40 750 254
154 302 835
389 803 859
94 577 558
717 969 383
767 928 928
241 620 9
339 422 968
531 559 491
213 483 93
354 460 589
30 420 736
806 968 876
652 744 744
439 730 521
457 598 756
823 886 886
135 545 733
260 856 856
280 294 385
86 457 988
364 762 762
331 547 733
471 773 587
803 952 859
268 833 289
287 388 521
570 655 300
230 350 919
500 1008 508
114 150 114
43 430 430
80 559 592
77 131 1
88 406 768
78 903 78
254 883 254
767 769 769
279 401 176
441 940 940
749 876 352
390 513 733
959 997 744
412 485 614
421 789 29
119 264 1014
335 700 463
769 839 769
68 111 825
196 352 352
136 264 1014
90 201 189
245 677 933
554 1016 1016
550 895 550
387 479 506
568 902 728
633 977 758
709 952 911
135 964 964
494 808 540
390 633 758
68 116 951
138 776 589
758 874 758
151 1015 954
156 773 373
85 94 558
407 909 628
93 408 479
636 811 636
661 983 661
339 831 437
120 561 728
8 39 462
383 831 437
39 756 756
164 336 843
315 971 1001
255 433 300
246 831 437
428 827 268
967 1024 611
627 911 911
384 753 90
157 200 933
374 592 150
633 1020 1020
145 283 762
94 889 558
348 744 744
211 405 246
694 807 694
422 922 369
802 804 550
205 225 205
272 312 272
873 911 873
198 810 105
834 1024 684
114 552 114
25 885 89
373 812 373
295 657 295
224 536 800
309 660 389
998 1022 4
371 592 592
438 552 41
339 717 982
247 782 610
412 444 321
332 638 638
136 364 136
192 422 954
390 655 655
345 936 345
456 905 456
462 992 992
317 845 502
202 344 344
577 815 815
944 953 114
23 816 816
247 530 610
625 735 338
49 888 928
475 617 475
759 781 843
390 907 907
193 702 957
359 505 477
214 246 599
64 279 176
848 927 965
703 1014 1014
345 506 506
303 362 769
70 905 70
611 752 611
478 630 289
339 1019 982
368 474 810
235 992 992
91 628 518
202 465 937
774 991 774
235 369 1020
383 585 911
381 829 655
596 688 677
411 754 326
738 879 905
358 947 1
246 480 931
373 431 373
238 682 238
88 500 482
296 636 636
150 156 150
491 651 477
645 747 506
286 537 670
306 982 477
153 835 835
224 397 289
106 229 825
239 331 733
174 794 794
105 150 150
602 755 698
93 388 521
115 917 525
327 838 587
101 673 814
800 879 800
560 701 796
514 997 1002
104 522 995
325 429 135
111 299 299
346 410 437
667 921 794
163 878 59
66 210 677
371 978 876
545 612 733
77 180 180
661 716 661
216 435 564
78 708 78
62 232 383
213 448 93
89 545 89
109 361 856
69 758 114
110 600 600
42 165 42
78 936 78
943 953 648
63 518 63
564 998 135
105 113 105
134 815 815
530 942 587
369 422 369
873 960 873
165 826 70
130 161 170
271 828 654
177 662 352
423 703 472
156 319 373
405 591 246
931 1004 931
449 975 975
254 760 254
10 299 10
547 568 728
209 786 960
298 984 984
975 990 886
340 818 937
303 896 992
98 253 937
7 1003 951
164 281 843
381 913 558
225 532 648
685 782 968
419 831 143
170 685 170
313 679 313
421 736 107
469 493 502
66 101 809
800 956 800
646 928 928
498 913 558
12 384 1016
192 997 954
533 612 533
449 987 481
308 793 1
62 342 383
352 626 352
309 636 636
913 1020 1020
190 854 854
336 661 661
829 1021 655
51 241 205
583 833 583
268 375 268
495 631 814
668 1013 1013
563 797 835
380 762 762
438 543 41
341 532 648
869 887 911
506 597 928
577 988 988
614 850 511
174 906 272
906 996 996
142 152 816
532 904 648
437 536 437
488 958 694
296 929 482
352 402 352
193 1024 855
137 505 477
142 297 297
315 533 73
113 381 919
553 775 553
421 455 107
29 49 29
762 814 762
343 402 649
223 548 70
91 273 308
315 579 73
553 622 784
375 506 506
597 854 854
461 744 744
494 720 171
224 525 525
475 797 475
69 114 114
846 969 383
670 739 670
384 616 90
381 741 517
315 847 275
260 995 995
483 654 654
649 839 649
179 943 648
33 577 996
240 541 291
574 872 907
220 596 468
389 793 1
979 989 475
261 1008 24
560 915 796
13 97 13
191 899 711
143 180 143
78 594 594
327 637 894
43 818 43
364 975 654
25 358 89
348 450 636
214 254 254
281 664 1001
250 856 272
926 1019 796
236 964 964
508 960 960
521 845 521
264 878 1014
41 652 41
75 769 769
56 787 648
213 668 93
832 905 905
92 178 29
150 889 150
388 858 1014
348 353 100
71 248 540
209 893 316
85 611 611
218 582 11
366 533 533
216 918 24
97 334 960
423 964 964
25 110 89
744 869 744
120 791 600
16 818 345
140 361 140
510 920 907
11 716 677
611 796 796
524 584 1007
221 826 221
302 773 804
107 772 136
28 600 600
168 525 525
414 892 628
455 794 794
117 316 316
76 731 9
672 911 911
454 626 385
108 430 430
65 608 550
100 715 100
223 668 223
275 613 275
196 652 140
605 607 299
27 904 835
91 782 518
58 387 506
24 615 24
224 649 649
469 750 254
442 709 509
86 765 583
197 553 553
202 415 784
630 645 289
894 977 894
1 445 1
185 325 988
176 825 176
558 859 859
690 944 114
834 847 684
374 1021 150
471 683 587
219 801 975
287 1024 855
329 810 329
15 598 529
420 625 338
726 854 854
419 588 143
609 705 205
145 988 762
387 696 506
506 556 506
288 1024 288
104 704 868
140 540 140
39 796 796
199 906 199
523 617 956
494 648 648
437 636 437
119 212 357
70 888 928
74 566 566
10 366 10
45 188 511
143 912 143
111 785 581
529 644 481
215 884 1014
573 954 506
326 675 675
383 804 804
334 941 830
37 1005 176
165 221 221
171 856 171
257 521 288
278 1023 180
296 298 391
401 553 553
236 1016 1016
746 805 988
317 920 502
660 984 984
333 341 170
649 693 649
43 336 43
145 908 908
159 825 825
284 806 105
500 540 540
494 882 540
202 632 102
219 772 136
344 583 583
479 558 479
344 384 344
574 796 796
115 930 525
821 961 986
27 695 288
99 181 9
653 725 518
350 682 968
43 865 43
104 161 170
928 946 928
363 468 125
517 627 517
495 866 814
589 694 694
796 867 796
852 1024 143
479 494 479
220 267 616
607 639 639
135 395 355
609 770 205
122 741 908
587 942 587
610 759 843
550 687 550
269 407 628
129 176 176
175 843 843
386 922 369
753 992 992
68 795 825
413 795 251
677 880 677
342 970 932
48 1007 1007
670 681 670
377 747 506
680 1011 355
375 583 583
221 850 511
550 926 550
471 796 796
118 217 82
397 737 737
218 989 475
542 579 816
81 469 555
525 551 525
241 694 694
934 1018 864
91 199 199
100 862 338
181 1007 1007
102 276 78
495 599 599
96 346 150
117 1015 954
99 115 525
57 472 472
311 583 41
397 959 744
172 245 933
394 932 90
148 350 903
46 545 297
131 396 1
768 886 886
141 204 344
488 596 694
121 769 769
71 463 463
137 185 988
125 363 125
433 1007 1007
82 936 82
183 655 78
259 869 638
152 932 816
47 196 964
186 995 995
72 277 63
349 937 150
5 453 539
140 683 344
9 114 114
88 918 24
650 723 143
848 960 960
28 526 89
196 738 905
75 103 525
289 847 289
206 912 316
470 727 984
201 367 649
685 1010 707
464 800 800
300 401 300
330 1003 592
105 329 105
12 719 1016
73 953 140
521 920 521
253 320 223
322 539 539
107 480 931
316 638 316
207 934 649
514 739 1002
74 333 170
982 992 992
202 494 102
130 746 988
342 558 558
668 806 876
410 799 437
61 792 251
430 962 430
611 1021 611
114 174 114
33 1014 1014
40 634 774
776 879 589
470 764 171
830 837 830
43 637 43
323 928 928
491 530 491
127 852 143
784 846 784
364 641 854
160 399 4
27 629 835
113 665 113
188 298 511
9 346 150
77 742 742
232 369 369
653 800 800
412 547 321
761 996 854
27 818 835
27 706 835
261 804 24
107 299 107
386 770 385
510 623 756
493 810 502
818 929 869
291 470 171
272 518 272
36 541 777
231 430 430
36 285 373
691 769 769
133 165 70
45 640 507
143 152 143
254 356 254
464 589 589
155 908 908
80 337 10
251 446 251
305 572 956
600 631 600
248 431 431
50 157 905
127 668 555
437 760 437
107 1016 1016
835 1006 835
582 979 11
13 208 208
617 812 553
12 988 988
361 483 856
122 833 908
373 507 373
578 861 830
595 946 393
43 655 43
536 720 800
211 401 894
791 933 933
525 639 525
71 856 856
470 996 996
705 909 586
411 959 744
445 822 670
893 1014 1014
365 814 814
447 525 525
111 124 550
138 544 873
564 565 932
470 854 854
477 906 477
60 629 105
324 407 636
699 744 744
736 868 736
373 661 661
333 776 589
933 940 933
665 762 762
867 965 205
57 1013 594
15 58 529
94 506 506
100 495 814
177 668 697
424 648 114
78 668 78
353 599 599
372 1000 295
45 92 657
71 616 616
202 1001 1001
581 830 581
285 381 373
671 805 42
205 565 205
316 783 316
369 501 369
226 241 205
276 370 78
18 331 539
99 451 409
229 777 380
329 1016 329
265 702 742
627 1022 391
29 56 29
539 686 539
509 817 905
532 672 648
475 992 992
6 999 437
103 698 984
320 872 642
786 1001 1001
56 195 648
182 360 886
567 722 497
619 621 125
645 1001 1001
215 628 661
721 855 855
481 667 481
109 687 866
251 402 251
516 544 873
46 948 297
300 360 300
311 680 41
200 680 933
352 487 352
292 754 769
832 1002 1002
437 614 437
205 733 205
744 935 744
228 966 940
194 252 869
341 359 246
624 803 859
95 671 180
283 678 345
79 527 42
363 918 125
815 923 815
580 894 430
72 816 63
360 722 401
58 660 758
442 505 477
259 527 638
1 641 1
430 837 430
454 946 869
53 693 815
612 917 711
36 624 180
522 968 995
347 691 268
830 977 830
111 315 73
490 619 774
822 840 525
348 1024 855
81 412 321
427 711 711
61 409 409
347 877 409
469 744 744
112 538 325
13 165 70
180 742 742
577 651 477
147 167 89
499 801 762
428 519 268
659 834 684
74 448 357
653 672 518
593 830 830
381 476 476
29 762 762
325 790 325
670 935 670
502 759 502
677 903 677
267 904 903
601 929 77
634 840 525
782 936 968
1 175 1
635 694 694
239 640 647
681 856 475
325 682 325
11 366 11
157 894 894
401 591 566
211 821 894
305 495 956
253 435 564
373 908 908
409 960 409
333 977 170
357 611 611
197 978 742
482 1001 1001
153 719 221
788 875 599
158 941 1020
379 1017 199
258 644 864
248 731 102
345 405 345
537 847 670
125 520 125
390 841 616
702 928 928
43 296 43
452 665 707
683 841 344
43 499 43
456 738 456
124 235 550
264 624 1014
803 971 859
321 345 345
249 933 933
55 164 737
10 586 10
357 463 463
796 967 796
765 957 583
646 920 907
80 218 798
386 807 996
726 950 744
244 969 975
83 984 984
121 983 996
359 887 911
452 511 511
439 580 430
540 666 957
497 1010 707
262 333 170
53 209 208
203 367 649
519 670 670
61 63 251
600 863 600
390 760 479
664 906 1001
330 991 592
23 479 479
35 322 329
472 1008 472
342 877 409
318 689 908
423 814 774
297 984 297
217 500 612
453 507 507
619 833 289
333 390 170
172 767 43
441 865 600
621 647 826
547 561 223
703 879 472
854 877 854
211 409 409
665 949 636
488 855 694
664 830 1001
184 440 908
672 740 707
238 568 728
778 998 246
744 1015 744
152 799 816
580 973 430
600 989 600
490 498 774
252 709 869
143 267 143
146 288 288
209 511 511
830 953 830
647 819 476
14 1023 553
605 719 815
7 36 77
298 383 391
348 650 100
158 266 1020
342 398 1001
430 562 430
491 875 599
630 1007 1007
719 995 995
194 893 316
374 486 150
287 658 503
344 798 344
86 664 1001
611 958 611
579 904 903
437 1001 437
405 929 246
913 996 996
540 606 728
29 327 29
416 454 454
70 377 70
183 736 78
251 1005 251
43 198 43
771 832 810
615 910 223
1 323 1
300 920 300
223 695 288
542 768 816
942 1002 587
39 468 768
81 879 140
67 518 518
43 851 43
595 838 587
762 994 762
79 403 403
514 592 1002
456 597 928
66 138 468
475 573 506
153 687 221
77 293 960
488 570 694
64 588 581
717 740 891
65 916 855
567 603 711
787 929 78
128 156 373
57 511 594
126 965 639
569 1018 251
333 541 170
284 739 105
448 561 223
22 150 150
193 344 344
482 618 868
517 638 638
343 884 1014
185 964 964
399 671 13
89 1017 89
420 711 711
430 552 430
59 327 59
92 414 327
87 357 357
1 727 1
141 380 344
640 879 140
771 942 587
512 688 677
70 486 70
268 668 268
172 417 784
176 442 176
661 797 661
940 952 940
227 443 661
64 766 737
570 1002 1002
245 922 933
487 732 295
240 993 993
585 1014 1014
123 998 1016
89 126 89
96 609 599
378 402 1013
459 938 614
212 709 357
447 886 859
125 334 125
118 170 170
173 850 409
105 174 105
720 1001 1001
192 224 954
144 780 297
506 940 506
84 780 297
183 588 78
850 933 933
337 661 661
485 650 614
220 376 468
845 900 1016
704 926 796
316 377 316
488 644 694
130 600 600
7 71 77
659 969 628
983 1013 996
695 956 956
566 668 566
671 759 843
260 369 208
39 568 728
401 622 784
109 454 866
136 838 587
230 711 711
348 552 886
238 617 553
40 874 774
673 691 736
212 851 511
751 1008 508
492 830 830
769 913 769
31 742 742
400 401 1020
305 1019 956
613 911 911
550 574 550
609 797 205
121 589 589
655 679 655
289 1008 289
25 174 89
435 594 594
110 386 63
182 303 886
658 867 205
329 996 996
108 679 933
888 984 928
366 808 929
375 706 814
694 850 694
280 1008 508
601 898 539
535 1013 931
112 411 980
103 819 984
328 454 518
842 940 670
177 225 697
823 830 830
101 351 809
328 784 784
70 473 70
147 333 558
306 861 477
906 1012 794
286 289 289
474 481 481
1 125 1
869 957 957
125 524 1007
416 649 649
213 632 93
633 927 965
218 907 907
43 806 43
475 607 475
677 829 677
721 847 275
567 856 856
408 600 600
118 645 517
225 417 992
93 911 911
388 649 649
67 544 873
575 1020 1020
621 764 826
360 808 401
31 566 566
330 701 592
143 184 143
89 317 89
239 422 968
328 655 655
260 670 670
430 742 430
421 755 698
200 446 933
113 328 518
55 423 737
290 694 694
145 284 762
259 563 638
418 437 437
89 963 89
11 14 553
522 583 583
43 989 43
259 694 694
59 430 430
752 832 11
267 459 614
570 988 988
329 555 329
557 755 403
84 476 476
821 923 325
153 496 800
152 554 456
42 395 42
200 278 933
179 254 254
112 301 113
748 863 684
250 566 272
101 296 482
9 155 9
238 1018 369
318 786 928
660 689 908
384 648 648
347 453 268
425 758 610
62 881 769
161 855 855
486 872 23
307 500 463
503 902 107
30 294 736
434 712 491
57 251 251
795 992 992
451 830 409
525 1022 525
537 726 670
261 350 24
615 845 642
498 1023 476
224 743 1007
843 930 995
804 874 804
6 319 437
635 703 472
777 1022 4
10 819 10
530 676 951
649 838 649
700 711 711
291 867 205
508 729 729
364 818 654
106 930 995
142 929 804
343 397 649
188 957 511
36 704 866
426 992 992
400 921 1020
42 645 517
665 885 288
130 772 136
45 611 611
646 890 964
99 765 583
62 618 868
851 872 511
437 628 437
484 992 992
724 915 675
570 630 289
957 995 995
864 991 864
819 862 338
626 856 856
651 736 477
572 1024 931
125 550 550
11 633 11
480 960 931
319 814 393
276 962 589
301 436 694
110 675 63
300 792 300
408 423 479
143 638 143
174 766 737
731 916 855
605 859 859
28 496 984
57 638 594
571 628 594
690 744 744
45 534 507
891 987 891
276 903 78
863 975 684
151 167 89
259 511 511
422 718 97
397 836 800
46 478 297
24 189 189
90 348 90
347 958 268
66 561 223
911 1014 1014
566 979 566
381 432 41
116 338 338
614 994 614
537 664 670
329 642 329
553 577 553
251 844 251
659 830 830
101 663 357
1010 1018 369
461 954 954
275 705 275
354 1002 589
171 664 1001
159 369 369
419 550 143
830 898 830
223 397 329
175 445 670
798 869 869
417 430 430
430 594 430
37 39 768
165 843 70
451 907 409
17 564 313
636 1000 636
291 514 1002
589 1015 589
900 1021 1016
354 430 430
365 826 826
335 418 502
449 702 481
764 855 855
53 794 794
351 665 509
476 700 476
732 995 995
334 444 960
577 751 401
227 938 661
11 576 11
322 707 707
874 1011 907
31 1011 907
446 982 431
629 816 816
93 136 136
296 901 901
71 847 275
87 208 208
125 906 125
242 419 143
200 368 933
387 807 506
233 683 344
129 574 684
550 781 550
67 314 314
784 875 784
6 852 143
586 591 566
132 919 430
452 809 707
454 699 796
623 677 677
544 587 587
561 769 769
5 821 539
347 445 670
218 647 798
268 458 268
350 365 968
683 737 737
310 519 540
168 648 648
176 971 176
753 798 462
164 378 843
570 894 300
400 845 1020
51 390 583
141 176 176
143 471 143
13 714 13
92 588 24
889 967 611
572 964 964
174 206 338
171 667 171
127 998 135
518 954 954
313 689 908
99 937 491
442 466 762
485 645 517
333 671 170
402 639 639
649 774 649
359 376 246
615 818 869
468 655 655
436 935 694
419 936 143
237 293 960
308 348 308
336 823 529
345 586 345
670 713 670
131 380 1
163 392 10
636 971 636
129 931 931
55 664 737
201 1021 189
782 829 655
44 427 130
70 683 344
477 628 477
36 93 93
22 886 886
27 660 835
466 852 143
255 390 657
43 272 43
191 754 711
298 354 589
253 790 238
244 934 975
14 43 43
561 685 93
280 943 648
192 476 954
311 491 41
812 995 995
350 633 758
420 446 11
170 227 661
203 394 299
78 934 78
368 687 389
740 950 744
249 928 928
20 869 639
72 521 63
317 775 502
398 999 1001
576 899 327
106 922 369
388 632 521
164 604 614
228 393 940
480 964 964
173 321 409
481 916 855
98 210 677
210 284 105
325 910 223
1 685 1
185 685 988
126 230 639
321 985 321
512 927 965
316 873 316
414 605 327
206 248 338
491 752 491
477 566 477
872 985 159
111 750 254
238 521 521
350 512 968
195 362 769
85 760 479
116 281 951
201 561 189
227 975 661
743 849 1007
589 737 737
492 961 697
110 729 63
242 424 114
275 1001 1001
31 431 431
23 864 864
171 456 456
5 100 539
496 870 352
138 407 628
114 842 114
371 653 518
140 368 140
506 844 506
365 469 135
107 645 517
33 506 506
448 894 894
166 463 403
484 859 859
271 351 654
283 992 992
100 566 566
412 960 960
373 429 373
43 778 43
56 850 511
144 310 540
352 472 352
97 267 616
75 256 525
654 742 654
51 290 43
474 718 810
192 925 954
587 630 587
569 683 251
120 274 728
525 950 525
459 891 614
254 844 254
423 649 649
798 969 798
397 728 329
1 225 1
547 635 113
442 866 866
328 878 518
544 800 800
394 901 901
782 789 29
339 418 502
2 390 199
953 1007 1007
4 866 4
216 384 90
88 407 628
312 538 965
735 867 205
81 193 313
38 68 825
413 568 251
244 439 521
1 845 1
568 877 409
187 959 744
265 583 583
541 985 159
212 745 357
240 819 476
32 241 254
587 905 587
160 777 986
706 891 891
620 743 1007
603 728 728
411 828 327
138 736 736
127 448 555
185 483 988
45 635 113
416 597 928
25 761 854
62 958 798
296 360 401
706 938 4
426 480 931
454 656 82
360 516 308
265 968 742
574 924 254
110 881 769
88 286 482
189 508 189
297 619 297
157 790 97
511 759 511
280 442 929
433 784 784
147 472 472
219 360 975
535 975 931
85 462 462
583 922 583
175 218 798
275 383 275
350 390 968
652 956 956
783 831 437
790 898 539
77 157 77
306 587 587
4 893 316
256 771 316
208 715 208
283 364 345
201 316 316
294 571 594
46 553 297
150 908 908
42 474 42
489 972 275
77 609 205
669 962 639
71 134 130
463 555 463
74 693 357
249 778 297
397 550 550
87 609 205
680 911 911
121 740 456
285 866 373
399 439 521
36 543 403
451 842 409
534 596 596
748 854 854
795 845 642
194 290 43
521 1013 521
650 660 389
643 940 940
464 693 903
296 521 521
334 377 960
158 643 1020
491 633 491
434 695 288
557 1000 403
36 819 476
82 1000 82
517 702 517
442 781 73
179 621 954
359 995 995
87 870 352
474 700 810
552 706 886
559 821 592
255 985 159
412 491 491
764 773 965
886 1012 886
105 251 251
97 369 369
280 804 804
137 661 661
30 697 736
147 658 558
342 393 393
875 920 599
330 951 592
227 873 661
904 910 903
320 678 876
68 147 558
332 368 326
131 936 1
511 549 511
316 851 316
331 659 628
50 304 905
128 428 268
496 777 800
350 686 843
657 997 344
644 649 649
808 939 314
402 620 9
559 910 592
494 733 540
516 585 911
301 369 369
534 577 401
284 554 105
112 780 297
197 807 996
238 726 300
130 986 130
333 923 170
500 534 777
756 856 756
232 961 729
141 224 289
510 612 208
277 795 742
7 665 77
163 366 612
530 800 800
256 648 316
352 670 352
48 913 694
745 813 734
289 1020 1020
619 634 125
509 589 589
113 1005 176
219 275 275
321 555 321
193 349 150
667 810 810
189 873 189
203 597 928
173 960 409
479 798 479
285 759 843
167 687 89
105 607 105
889 957 698
35 234 661
316 705 316
119 492 401
98 163 937
190 637 894
223 512 642
51 718 583
158 599 599
489 648 648
791 994 600
58 990 886
104 978 868
99 254 254
224 276 289
97 575 308
226 318 928
437 780 437
294 717 385
437 457 437
343 824 649
665 725 389
511 525 525
720 1012 794
175 297 297
63 333 63
43 815 43
412 520 321
269 529 529
270 434 634
53 759 843
133 722 932
128 130 130
267 872 616
87 835 835
654 1001 1001
153 825 221
33 275 996
804 842 670
114 256 114
152 322 816
906 982 592
207 1021 649
41 218 41
423 521 774
111 175 779
415 956 784
278 949 636
97 359 246
523 678 956
234 890 661
191 474 711
188 828 511
393 412 321
373 1006 873
517 649 649
778 826 246
150 675 150
280 845 642
629 962 589
196 472 472
14 44 553
135 713 940
340 862 338
266 288 288
258 650 864
746 780 297
70 638 638
106 109 825
73 690 221
45 962 589
140 721 171
286 657 159
26 961 779
452 876 876
125 337 10
605 717 507
114 372 114
438 1000 41
65 73 1013
501 818 869
408 753 479
573 924 254
476 666 476
246 443 125
543 747 506
97 829 655
592 845 592
354 466 762
60 376 105
1 821 1
254 347 254
775 838 587
610 742 742
646 786 960
236 641 854
174 722 272
420 475 475
565 994 932
342 717 564
151 237 856
466 640 762
116 481 481
80 434 634
189 433 189
193 291 313
624 959 744
295 583 583
427 969 383
535 729 931
548 630 289
289 914 289
771 992 992
494 616 616
27 717 835
568 1014 1014
321 340 321
597 694 694
843 848 843
82 194 82
94 465 558
670 1005 670
420 673 11
972 993 566
55 622 737
151 820 456
345 889 345
952 957 911
19 929 655
848 984 984
240 858 1014
536 737 737
22 908 908
502 1001 1001
249 653 297
529 754 529
128 919 919
414 421 107
26 314 779
238 346 150
168 657 130
209 624 180
714 927 965
429 918 24
336 375 814
431 648 648
243 817 859
263 780 297
352 744 744
618 690 221
442 1005 176
366 701 616
545 657 733
722 961 431
724 768 768
136 875 599
242 769 769
861 958 73
570 587 587
34 765 583
31 380 454
79 806 876
429 734 734
302 787 78
161 838 587
110 964 964
74 527 42
368 470 171
73 518 518
376 961 986
132 947 1
305 744 744
157 217 97
625 766 737
506 796 506
228 504 594
140 808 140
508 1015 954
31 679 758
624 697 180
332 582 11
268 460 611
32 419 143
289 517 289
64 281 581
162 747 506
183 807 996
398 760 479
419 606 143
164 204 843
105 375 105
278 829 655
6 305 437
127 632 555
242 1007 1007
234 833 661
193 292 769
35 187 329
677 957 677
231 622 10
859 982 859
760 965 479
434 915 634
95 979 180
379 573 506
501 912 316
477 694 694
636 967 636
506 955 506
539 619 125
24 889 698
168 1002 1002
125 275 125
196 401 768
189 957 189
459 866 614
408 909 479
119 480 931
693 761 854
263 598 583
495 549 919
371 437 437
138 570 300
474 957 957
521 655 521
425 724 675
648 667 648
524 972 1007
216 616 616
98 148 903
236 342 295
600 638 600
558 994 558
163 534 777
222 269 901
312 343 649
115 290 525
614 832 614
950 1014 1014
577 995 995
581 632 581
575 875 599
267 745 734
513 828 327
893 951 316
778 907 246
72 430 430
44 620 9
532 771 648
372 562 472
32 161 254
466 645 762
521 721 521
1 805 1
98 112 937
827 901 901
477 900 477
586 713 940
84 196 768
137 931 931
194 907 907
537 735 670
78 232 78
472 479 472
381 458 107
201 407 189
42 896 992
64 838 587
234 754 661
376 722 431
62 435 383
264 701 1014
125 158 1020
143 561 143
190 503 77
561 1022 4
541 944 114
908 978 908
304 907 907
16 336 345
244 824 975
845 875 599
165 187 70
74 325 357
227 881 769
817 835 835
106 634 825
46 939 297
222 303 901
127 483 503
501 958 798
205 643 205
685 960 960
82 608 550
940 996 996
140 390 140
527 567 42
377 552 886
698 706 698
233 383 856
49 667 736
394 957 957
979 993 980
369 624 180
626 849 321
381 706 919
514 880 1002
11 884 1014
12 928 928
29 605 29
445 811 670
87 656 82
270 981 827
332 536 800
74 975 975
304 989 475
150 988 150
404 852 143
116 226 951
260 539 539
465 537 670
969 1014 1014
62 938 4
902 1018 107
1 839 1
267 453 616
456 645 517
633 771 810
201 681 189
39 161 170
220 977 468
282 773 102
710 876 1002
7 172 784
108 231 933
474 570 300
66 634 634
82 590 472
712 1016 491
587 674 587
45 973 13
40 86 774
279 391 176
259 328 638
248 449 481
268 657 268
309 871 507
210 644 677
128 213 497
457 744 744
695 762 762
947 956 1
344 485 344
320 824 894
202 929 102
81 591 566
7 731 102
48 89 694
59 375 59
30 1010 736
351 937 937
604 731 614
250 452 272
854 1018 854
119 399 401
343 859 649
291 898 539
471 1019 587
462 828 462
784 864 784
201 402 189
955 1019 634
132 682 430
291 982 982
198 940 940
633 672 707
404 570 737
568 932 728
509 796 796
845 957 957
510 738 905
107 402 107
383 715 478
527 972 42
608 733 550
264 810 1014
79 343 649
88 546 600
434 634 634
749 843 352
351 584 956
653 698 698
129 246 684
114 167 114
37 705 100
240 905 905
517 605 517
280 658 612
905 920 905
32 949 254
94 760 479
326 745 734
217 643 13
9 414 9
269 690 221
507 798 798
150 570 150
196 356 901
627 848 391
47 302 964
278 920 180
521 978 521
8 95 180
152 815 816
121 558 558
480 714 931
941 957 830
808 1019 827
651 971 477
875 1012 599
589 807 996
120 648 648
483 978 23
412 517 517
69 953 114
769 840 769
211 954 954
532 627 648
164 200 933
253 883 29
704 978 866
326 383 326
257 872 288
614 860 614
448 758 758
109 366 866
659 984 984
809 854 854
407 1002 1002
125 636 636
331 462 462
389 510 208
890 925 964
539 903 539
318 644 928
308 628 308
73 657 73
759 819 843
314 569 251
495 724 675
610 779 610
6 1004 437
506 992 506
715 762 762
475 707 475
934 968 864
349 905 150
587 966 587
136 586 136
609 1007 1007
590 1011 472
133 478 932
37 539 539
214 1014 1014
23 364 654
549 741 517
114 1004 114
538 912 316
322 603 711
471 562 472
453 844 929
236 627 391
67 458 107
435 691 736
261 670 670
53 133 932
10 495 10
44 210 677
501 549 919
150 228 150
151 737 737
493 715 502
11 932 11
908 984 908
321 916 855
351 377 864
506 811 506
284 1000 105
56 506 506
427 882 503
71 278 180
511 989 511
350 949 636
200 468 933
700 894 894
576 593 675
98 553 553
655 663 655
686 877 409
434 863 684
88 140 140
682 687 389
300 597 928
320 636 636
373 794 794
492 705 697
500 756 756
93 595 393
933 1019 933
434 942 587
11 806 876
481 848 481
696 829 655
24 952 911
572 867 931
15 322 529
273 407 308
71 600 600
610 995 995
442 731 102
559 941 830
175 967 611
470 655 655
329 804 329
850 1007 1007
185 628 988
354 544 589
903 975 975
399 425 610
89 96 89
187 318 928
82 816 82
314 852 143
144 446 431
499 560 762
107 502 502
153 599 599
148 524 1007
230 1018 369
373 506 506
205 924 254
710 908 908
382 553 638
241 933 933
639 873 639
111 120 728
61 1001 251
91 594 594
157 250 272
142 689 908
261 908 908
777 781 73
425 774 774
479 644 479
17 447 859
491 753 491
103 788 984
243 560 859
560 968 796
39 321 321
568 1012 728
263 465 583
339 605 982
298 558 558
169 1013 1013
52 514 1002
347 414 268
84 209 208
150 614 150
441 624 70
58 390 758
407 917 628
601 859 859
930 949 636
204 852 143
735 815 815
286 675 675
263 659 583
712 825 491
164 899 843
143 181 143
650 684 684
332 640 326
429 965 965
89 585 89
167 628 89
474 604 614
117 751 830
163 661 661
272 521 272
159 722 431
195 365 135
40 796 796
775 970 932
575 820 308
635 732 295
431 964 964
477 702 477
171 300 300
398 587 587
174 452 272
364 684 684
513 975 975
559 1001 1001
638 742 638
40 928 928
518 842 670
303 788 655
320 804 804
635 758 758
258 984 984
379 565 199
121 649 649
116 506 506
170 989 475
258 430 430
336 448 993
516 734 308
318 792 928
86 216 988
394 598 90
28 554 984
257 272 288
320 837 476
297 853 297
481 897 481
218 437 437
545 614 614
156 343 649
157 663 357
98 542 937
494 654 654
494 1007 1007
589 1019 589
633 898 539
49 774 774
865 951 600
702 820 456
244 657 975
435 503 503
158 227 661
198 978 105
193 357 357
479 778 479
573 599 506
707 826 826
299 702 957
380 592 592
165 287 70
12 800 800
340 770 937
846 911 911
118 1019 82
66 598 798
366 915 612
254 534 254
960 999 794
113 117 830
314 583 583
670 806 670
330 754 592
459 764 614
150 285 150
182 738 886
785 817 581
332 351 326
24 49 24
70 481 70
897 1023 497
125 559 125
196 540 768
579 736 736
574 733 907
76 732 9
32 242 254
121 246 456
114 789 114
232 935 729
612 634 634
25 561 89
34 609 205
296 394 90
68 170 170
45 271 654
638 974 854
308 920 308
713 890 964
155 351 479
62 717 383
216 270 380
175 652 140
663 972 566
450 935 636
752 950 744
480 524 1007
236 498 476
263 741 583
183 928 928
688 704 677
54 978 23
395 435 355
454 506 506
809 972 566
292 964 769
234 319 661
512 998 642
829 1000 655
451 754 409
74 611 611
412 596 321
294 295 295
533 1001 1001
248 886 886
327 787 78
172 808 784
378 919 1013
434 750 254
547 832 11
643 742 742
454 783 1002
47 259 964
443 593 125
175 559 592
667 977 868
657 768 768
233 1019 856
99 964 964
405 939 246
390 795 657
366 368 615
241 432 41
111 490 774
469 651 477
842 854 854
540 616 616
592 945 592
491 864 491
120 723 143
341 543 403
726 788 300
507 737 737
92 998 135
129 472 472
666 753 957
203 468 299
104 434 868
784 855 784
814 993 814
34 448 42
408 958 479
388 411 521
107 574 107
426 796 796
14 245 933
398 854 854
372 773 295
729 941 830
225 238 982
390 399 4
306 351 477
61 993 251
564 922 369
390 798 798
272 447 859
261 967 611
236 818 295
70 403 403
507 1015 954
899 1008 327
342 408 479
491 501 491
44 479 479
394 955 90
122 487 908
87 790 993
12 68 1016
152 169 816
264 823 1014
136 1001 1001
333 648 648
540 977 540
29 155 29
240 985 159
266 799 521
631 670 670
451 905 409
62 754 326
814 906 592
139 193 313
73 338 338
134 596 130
180 880 654
210 375 677
134 209 208
802 865 550
143 519 143
385 684 684
134 846 130
123 945 1016
653 973 518
101 106 825
324 390 636
166 904 403
429 547 135
70 511 511
668 813 697
28 1007 1007
70 128 70
904 970 903
702 722 957
439 732 521
513 851 511
363 976 992
768 836 800
423 484 774
168 228 940
466 734 762
159 951 951
266 307 521
738 1007 1007
240 656 82
615 658 615
405 562 472
27 129 835
436 681 694
453 627 391
225 483 503
476 992 992
594 726 594
482 693 815
176 292 769
164 866 843
707 709 707
56 283 648
941 989 475
220 289 289
443 621 125
718 870 352
560 802 550
124 561 550
388 539 521
636 953 636
478 975 975
132 340 430
408 412 479
694 905 694
257 716 288
63 323 581
768 986 768
101 908 908
218 472 472
50 218 905
165 836 800
570 770 300
286 420 11
3 73 638
244 1020 1020
26 611 611
397 718 329
118 572 931
885 987 288
39 390 768
91 582 518
316 537 316
348 785 581
99 391 491
347 790 268
416 438 41
663 736 736
74 360 357
128 532 648
303 732 655
710 982 1002
319 900 1016
216 311 41
825 975 975
163 500 640
328 554 456
176 267 176
286 951 951
30 160 736
112 650 325
131 662 1
17 978 313
22 769 769
768 855 855
480 913 931
14 381 553
229 955 634
468 518 518
439 876 521
622 632 784
45 383 383
208 422 208
191 193 711
533 889 698
535 859 859
296 466 762
664 988 1001
134 491 491
84 678 876
7 271 654
25 409 409
105 1004 475
52 764 63
710 805 1002
703 850 472
429 683 344
91 502 502
883 990 29
692 1012 189
12 944 114
156 796 796
291 438 41
101 658 809
360 794 794
601 786 960
686 911 911
599 794 599
184 875 599
66 665 657
24 464 24
128 936 497
226 892 628
105 459 105
410 980 437
240 683 344
440 553 908
278 990 886
21 1001 1001
520 731 102
328 680 518
232 501 729
260 937 937
755 901 698
130 966 1013
65 276 78
398 1007 1007
794 804 794
331 980 980
442 751 929
435 454 454
70 97 70
114 440 114
377 824 864
54 768 768
62 876 876
478 856 856
367 406 649
260 455 208
276 599 599
357 487 357
385 700 385
477 720 477
688 832 677
758 994 758
854 944 854
205 955 205
315 475 475
406 976 992
231 385 10
499 984 762
201 900 189
596 933 933
785 956 956
237 942 587
281 425 610
89 305 89
198 394 105
837 1005 176
237 818 856
89 142 89
124 148 550
531 533 491
708 972 566
226 389 113
105 432 41
185 396 988
812 919 462
1 232 1
807 956 956
157 583 583
357 844 357
738 754 905
358 422 221
364 813 654
155 646 479
199 783 199
598 864 864
80 232 383
267 684 684
308 859 859
755 800 800
208 595 393
526 545 89
124 412 550
280 861 73
130 230 130
279 323 176
53 568 728
53 504 594
765 1000 583
236 783 1002
469 594 594
493 758 502
388 1020 1020
190 684 684
320 660 223
399 546 600
398 833 289
40 546 600
459 796 796
141 438 41
503 761 854
298 789 29
180 593 180
159 604 614
518 756 518
114 606 114
412 605 321
581 996 996
632 705 555
403 556 403
36 177 697
348 686 843
139 317 502
148 450 636
500 520 640
474 928 928
120 639 639
640 728 728
728 994 728
451 809 409
469 844 555
150 890 150
417 475 992
810 872 810
379 713 199
493 838 587
735 796 796
654 904 654
13 75 525
343 933 933
623 959 744
93 302 804
695 849 288
694 811 694
117 568 728
21 331 809
514 659 1002
239 925 136
95 480 931
58 225 758
322 711 711
231 963 10
92 251 251
136 843 136
154 682 835
375 418 502
35 809 329
111 438 41
41 858 1014
126 935 639
112 772 136
587 971 587
769 795 769
252 974 854
733 741 517
567 796 796
671 874 13
464 558 558
353 468 468
739 744 744
726 970 300
356 492 901
148 697 903
168 907 907
97 127 97
173 628 409
150 721 150
83 96 599
247 937 937
359 462 246
293 601 960
382 432 41
391 876 391
549 602 995
690 908 908
459 974 854
454 636 636
416 753 462
411 870 352
232 444 729
24 881 769
748 879 975
625 994 338
37 205 205
455 788 980
229 682 380
93 231 10
138 846 468
411 936 980
650 910 223
620 834 9
306 694 694
302 487 804
5 271 539
651 907 477
394 700 90
46 506 506
195 959 744
190 1000 734
395 931 931
341 506 506
349 655 150
148 678 903
151 411 980
810 946 810
310 636 636
114 1013 114
351 1003 951
499 525 525
349 456 150
746 1018 988
785 996 996
437 445 437
336 563 835
409 1007 1007
64 670 670
668 955 634
616 864 864
1 974 1
195 455 533
447 506 506
16 172 784
76 291 9
717 839 744
680 914 355
165 581 581
150 914 150
683 988 988
415 694 694
143 635 143
359 739 246
582 602 995
726 807 996
189 850 189
280 849 321
81 376 291
422 533 533
288 879 288
513 937 937
220 614 614
755 1018 698
575 954 954
279 726 176
418 927 502
311 953 41
314 936 314
298 971 1001
123 741 517
117 420 830
220 336 468
20 978 639
254 454 254
798 920 907
590 762 762
446 985 431
426 902 901
779 852 143
228 355 940
532 1007 1007
106 675 675
670 943 648
637 803 859
115 721 525
20 437 437
756 814 756
164 396 553
581 908 908
102 299 299
297 305 297
358 851 511
552 703 472
375 654 654
135 718 97
391 566 391
29 435 29
117 835 835
1 266 1
552 886 886
450 584 956
25 994 89
138 750 254
919 949 636
84 834 684
479 995 479
344 1010 344
79 801 313
457 494 756
639 900 639
70 220 70
258 316 316
378 812 1013
83 98 873
24 906 592
654 903 654
89 807 89
78 584 956
393 599 599
549 973 919
266 739 521
425 938 610
290 364 43
501 857 1007
557 830 403
748 760 479
208 907 907
819 889 698
112 460 611
795 817 905
368 972 566
217 299 299
250 581 581
346 675 150
78 238 78
769 976 769
31 907 907
252 617 553
637 989 475
215 732 661
146 589 589
813 896 992
408 687 479
729 965 965
78 137 78
599 1024 599
197 899 742
802 880 550
492 505 477
140 882 140
412 715 321
605 938 4
269 426 901
126 618 639
245 733 933
437 913 437
879 1011 140
124 895 550
212 334 960
759 811 391
110 743 1007
160 339 982
293 716 677
325 693 815
710 801 1002
397 892 329
159 436 694
205 887 205
767 961 43
452 873 873
68 505 477
679 929 758
406 655 655
43 184 43
190 680 355
628 891 628
82 767 43
647 650 647
603 853 189
19 84 655
554 959 744
41 986 41
119 184 329
131 349 1
55 421 737
698 940 940
497 917 711
43 89 43
400 521 1020
755 917 698
153 908 908
287 605 503
104 513 868
157 705 97
427 764 965
666 978 957
176 982 176
550 938 550
64 580 430
227 351 661
258 616 864
550 942 550
256 404 737
62 493 502
62 386 383
250 606 728
152 179 954
694 835 694
43 78 43
368 430 430
266 271 521
65 653 518
97 193 313
621 638 638
757 769 769
529 1019 529
477 618 477
649 780 649
254 526 254
440 964 908
353 882 431
439 728 728
87 800 800
163 741 517
838 1020 1020
724 736 736
26 638 638
246 673 246
572 611 931
226 887 911
189 335 189
775 874 93
303 705 655
628 952 911
94 223 558
1 18 1
365 960 960
463 673 463
118 331 82
551 916 855
102 501 102
641 911 854
178 540 29
626 692 189
416 418 502
525 750 254
686 776 589
94 457 558
221 239 221
208 611 611
47 414 964
6 52 437
677 779 677
427 453 427
109 887 911
849 885 288
460 816 611
149 784 784
741 1002 1002
168 666 957
173 766 737
259 708 638
139 734 734
478 535 931
366 1006 873
137 978 275
54 732 295
204 752 314
600 839 600
450 737 737
56 648 648
73 306 477
213 1002 1002
246 271 246
128 287 497
126 212 639
362 875 769
4 176 176
150 428 150
176 811 176
714 901 901
415 1007 1007
600 659 600
66 360 401
231 676 10
930 1004 475
647 821 647
520 935 827
221 418 221
487 746 988
329 989 475
243 283 859
331 633 758
351 552 886
140 1021 59
479 940 479
272 684 684
141 297 297
5 426 901
140 971 1001
272 855 272
258 1002 1002
604 768 614
347 525 525
600 773 600
240 435 564
5 849 539
92 250 272
379 799 199
733 776 589
838 1001 587
213 920 907
51 752 583
325 919 919
199 933 933
63 428 63
600 978 600
991 1006 873
82 596 82
211 224 289
251 594 251
267 315 616
406 611 611
84 783 1002
621 670 670
134 471 587
280 382 638
433 741 300
1 893 1
866 887 911
354 800 800
556 960 960
222 479 479
7 700 100
71 845 642
458 779 107
669 802 550
194 509 325
150 211 150
213 533 533
292 421 769
147 796 796
230 893 316
473 955 373
144 500 501
403 416 403
233 596 856
900 1010 1016
585 708 911
298 598 391
193 794 794
339 1001 1001
268 799 268
84 684 684
269 441 70
333 540 170
96 700 599
119 847 275
498 991 476
256 847 316
161 1020 1020
618 696 268
465 657 937
119 817 905
42 910 42
600 661 661
799 856 856
636 768 636
315 826 826
531 744 744
403 814 403
235 610 1020
701 940 940
238 353 431
14 927 553
128 197 742
808 972 566
218 512 798
232 560 796
621 923 826
97 165 70
309 874 93
63 1019 63
322 375 814
176 965 176
856 997 344
301 923 113
700 914 100
273 581 581
627 766 737
476 536 800
450 520 636
129 856 684
7 842 670
550 867 550
462 486 462
50 111 905
272 377 272
208 737 737
213 977 809
415 430 430
12 672 1016
828 936 327
589 872 589
104 570 300
704 768 768
55 820 737
774 1011 774
108 851 933
144 859 859
853 948 189
311 506 506
91 224 289
510 632 208
309 509 509
52 682 63
217 708 369
406 582 11
690 1008 221
749 982 352
204 615 314
28 431 984
221 874 221
9 517 9
163 651 477
57 378 594
27 318 928
447 978 859
271 343 649
463 636 636
232 825 825
9 148 9
311 499 41
400 472 472
88 660 482
86 480 931
591 800 800
381 1001 1001
53 94 558
794 897 794
321 359 246
507 717 507
774 866 774
216 444 509
253 275 275
309 452 707
57 606 594
238 1012 794
509 540 540
218 607 299
442 843 843
314 721 171
110 179 954
297 475 297
421 430 430
384 679 90
32 330 254
212 443 125
455 563 835
353 755 698
416 482 482
448 512 642
931 1017 931
304 393 393
462 813 462
308 906 308
518 1017 518
937 948 964
227 828 661
29 636 29
611 934 611
184 366 329
517 993 517
205 554 205
10 435 10
180 465 937
568 907 728
820 981 456
68 574 907
278 563 835
429 661 661
558 849 558
263 948 964
78 682 78
344 442 344
521 577 521
344 618 344
300 568 728
770 871 385
331 773 825
426 959 744
299 749 352
307 937 937
575 759 308
572 621 931
91 587 587
364 657 654
394 762 762
480 858 1014
566 626 566
240 748 975
471 649 649
369 558 558
468 541 468
113 614 614
132 588 430
385 539 539
276 960 78
39 157 768
17 59 59
41 143 143
41 731 41
234 525 525
8 142 462
758 793 1
297 476 297
295 619 125
39 499 762
547 717 615
340 603 937
433 934 300
330 728 728
411 533 980
475 742 475
97 151 97
69 97 114
744 766 737
472 850 472
605 735 826
727 893 316
71 684 684
470 586 171
590 645 472
547 588 24
317 637 502
205 425 205
578 901 830
476 646 476
21 683 344
319 582 393
184 805 329
579 792 321
60 964 964
18 674 539
283 336 345
28 379 984
794 902 794
692 787 189
236 639 639
146 814 611
511 948 964
162 306 477
264 367 1014
493 954 954
168 558 558
81 326 326
524 938 1007
140 986 140
719 1007 1007
248 344 344
115 235 525
589 889 589
504 924 254
300 813 300
255 739 393
901 962 589
226 764 965
152 876 816
177 444 697
173 928 928
102 375 814
261 985 24
217 446 431
1 734 1
302 683 344
525 802 525
30 243 859
120 311 41
202 1019 102
792 945 321
76 649 649
709 910 223
431 821 431
129 143 143
376 491 491
500 732 295
274 912 316
189 583 189
190 275 275
284 528 430
361 936 856
136 596 136
430 807 430
291 327 327
41 975 41
92 843 843
3 189 189
705 868 868
163 468 468
105 377 105
515 922 940
413 705 251
317 755 502
185 854 854
682 808 929
710 819 1002
763 950 744
207 421 649
757 768 816
408 498 479
317 737 737
110 116 63
104 823 529
645 778 517
173 405 409
351 804 804
713 979 940
416 903 903
128 296 482
527 829 655
590 950 744
45 696 268
600 988 600
78 468 78
498 856 476
956 1022 956
345 594 594
369 657 369
455 695 288
667 1017 810
850 946 511
69 72 114
43 805 43
482 505 477
8 950 744
781 1004 475
136 382 638
419 786 143
262 381 919
92 507 657
608 623 550
633 900 1016
963 989 345
288 831 437
8 316 316
329 971 329
499 598 762
189 400 189
374 780 297
48 595 694
60 674 105
61 97 251
785 890 964
150 552 150
479 861 479
119 954 954
266 628 521
669 930 639
605 628 628
18 981 539
959 1000 744
979 1014 1014
478 860 779
38 895 272
703 1011 472
279 609 176
1 884 1
190 377 864
290 554 43
4 468 468
271 657 654
128 668 497
525 570 525
443 762 762
70 353 70
675 881 769
215 218 661
22 506 506
22 522 995
701 963 345
10 154 10
302 717 804
303 948 964
112 220 468
304 588 24
40 254 254
191 779 711
388 504 594
247 403 403
210 600 600
6 183 437
450 818 636
328 594 594
251 817 251
341 1019 729
88 999 794
13 789 29
207 689 908
89 291 89
179 781 954
257 625 288
229 618 868
257 566 288
5 85 539
36 1008 777
556 611 611
200 232 933
80 627 391
46 801 297
479 540 479
90 207 649
799 1012 794
59 964 964
80 85 826
276 740 78
517 842 670
433 765 583
321 513 321
205 478 205
390 825 825
371 616 876
515 833 940
391 1022 391
130 945 529
600 602 600
525 903 525
74 538 357
282 939 102
377 952 911
97 790 97
903 982 903
960 981 960
522 735 995
19 659 655
2 903 199
634 932 932
472 755 472
520 734 734
898 942 587
541 645 517
118 761 854
582 994 11
287 876 876
424 564 114
358 511 511
380 664 1001
675 733 675
253 828 327
365 923 135
254 962 254
10 932 10
250 997 344
461 758 815
28 507 984
456 756 456
428 945 268
468 731 102
297 774 297
87 520 993
443 620 9
160 528 430
131 908 1
233 1001 1001
746 980 988
63 591 63
195 912 316
137 470 275
145 600 600
35 100 329
355 378 355
891 1020 1020
267 821 616
137 509 275
63 961 63
228 476 940
163 376 291
655 701 655
626 988 988
602 802 550
219 502 502
182 913 886
68 492 825
927 969 965
96 599 599
506 1023 506
686 964 964
259 350 638
65 897 1013
252 456 456
228 536 800
225 813 697
304 979 586
180 707 180
332 819 476
204 309 314
612 756 756
579 774 774
285 1020 1020
166 599 599
219 987 975
87 291 993
90 1007 1007
377 699 796
169 747 506
186 830 830
433 465 300
804 1004 475
299 984 984
82 971 1001
130 770 130
129 593 684
725 1003 951
463 612 463
51 129 583
156 266 521
111 679 779
183 580 430
278 780 297
60 409 409
327 923 327
437 885 437
12 75 525
57 216 594
569 744 744
130 593 130
109 428 268
37 741 517
289 468 289
150 712 150
808 835 835
394 718 90
551 668 90
223 481 481
23 706 478
10 258 10
497 878 59
505 954 954
143 497 143
780 991 297
762 976 762
95 1001 1001
645 735 517
444 848 533
250 251 251
234 536 661
118 754 82
80 1019 383
34 707 42
208 646 208
891 897 497
1007 1020 1007
203 928 928
543 800 800
775 961 596
319 705 393
52 963 345
425 461 815
572 928 928
131 468 1
101 262 809
824 843 894
29 778 29
551 702 957
2 799 199
50 666 905
168 392 10
791 928 928
32 141 254
243 987 859
223 666 957
150 1022 150
251 417 251
38 419 143
774 796 796
762 870 762
621 737 737
40 744 744
649 679 649
342 841 616
72 898 63
370 482 482
9 137 9
619 721 125
585 897 911
135 796 796
676 892 628
503 712 491
94 860 558
119 703 472
91 733 518
547 708 369
217 350 968
148 329 329
1 170 1
268 340 268
238 700 100
137 449 275
355 446 355
10 715 10
479 831 437
326 388 521
367 414 649
326 528 430
611 743 1007
389 614 614
382 677 638
233 314 856
579 656 82
425 1017 810
455 744 744
59 694 694
230 319 393
442 633 758
383 686 843
38 300 300
378 927 1013
218 920 907
80 554 456
684 939 684
859 1009 859
801 995 995
283 730 345
723 785 143
207 279 649
321 894 321
135 171 171
703 915 472
260 565 208
449 594 594
45 368 615
129 960 684
612 788 980
901 1020 1020
138 329 329
17 571 594
163 793 1
703 872 472
402 969 463
928 996 928
710 889 1002
94 478 558
513 948 964
119 140 140
454 884 1014
744 922 744
509 601 77
589 738 589
246 401 246
582 638 638
227 394 661
287 986 503
224 430 430
600 609 600
40 262 774
153 740 221
165 900 1016
135 763 176
153 177 221
391 700 391
209 577 208
392 797 10
365 575 308
50 868 905
21 817 905
150 745 150
299 862 338
80 422 968
359 696 246
186 330 592
491 933 933
555 982 982
726 948 964
26 825 825
437 960 437
543 550 550
122 387 908
57 659 594
205 886 205
279 743 1007
169 618 734
551 595 393
418 479 479
548 698 698
259 345 345
244 329 329
234 498 661
28 879 984
250 479 479
644 695 288
666 724 957
689 863 908
43 850 43
183 405 78
611 1001 1001
344 736 344
423 638 638
633 910 758
636 887 636
230 459 614
813 897 497
22 177 59
315 538 73
537 916 670
607 977 299
581 788 581
353 390 431
604 1019 614
605 846 507
183 534 78
111 498 476
477 882 477
513 934 864
602 829 995
114 364 114
57 600 600
391 768 391
524 911 1007
618 727 984
266 820 521
866 962 589
376 724 675
322 483 596
373 774 774
898 966 539
58 718 758
507 895 272
329 786 329
364 866 654
683 850 511
187 460 611
42 361 42
483 962 589
517 987 517
117 449 830
91 489 275
339 508 982
506 548 506
749 960 352
229 829 655
463 543 403
90 394 90
137 809 275
40 713 774
62 913 558
229 883 29
598 1011 907
126 644 639
360 554 456
274 1023 517
396 511 511
552 663 886
442 915 929
635 718 97
151 325 454
22 128 59
374 376 150
78 147 78
413 737 737
538 846 508
31 238 454
56 354 648
136 768 136
709 737 737
534 637 894
643 954 954
780 810 297
819 911 911
2 170 199
41 609 41
304 615 586
279 493 176
125 954 954
488 990 694
226 690 221
159 440 908
864 1003 864
29 869 29
319 428 268
174 300 300
337 561 10
229 808 380
691 830 830
63 806 63
481 744 744
632 713 940
399 456 456
325 881 769
271 635 654
209 683 344
29 182 29
231 1023 10
298 570 300
127 771 810
184 409 409
322 411 980
543 594 594
105 470 105
737 957 737
788 1012 794
727 779 984
240 693 815
908 1007 1007
301 788 980
246 1017 246
493 754 502
98 365 937
80 668 383
143 413 143
844 935 827
521 759 521
41 689 908
986 1011 907
83 828 873
143 176 143
73 505 477
552 640 886
104 1003 868
277 809 742
271 646 654
2 189 189
632 955 634
591 635 566
233 837 476
506 755 506
588 1016 1016
944 969 114
125 553 125
100 480 931
751 848 533
433 995 300
246 704 246
353 1023 533
343 470 649
869 947 1
283 507 345
537 922 670
10 883 10
288 457 288
219 980 975
114 944 114
419 544 143
718 777 97
403 636 636
124 685 550
741 868 517
485 948 964
125 379 199
297 901 297
107 702 107
190 581 581
125 903 125
153 698 221
766 887 737
254 688 254
365 903 903
588 784 784
407 490 774
189 363 189
307 1020 1020
254 921 254
878 988 988
603 902 107
427 569 251
363 1002 1002
825 878 59
219 837 975
165 198 105
598 627 391
652 748 975
156 919 373
262 576 675
312 400 1020
365 749 352
734 1006 873
606 715 728
268 773 268
488 1010 694
205 538 205
79 364 654
62 357 357
472 603 472
125 868 125
83 909 873
67 656 82
339 973 13
222 821 901
708 928 928
251 545 251
62 929 383
298 594 594
456 676 456
652 739 140
37 489 275
24 319 24
242 273 43
509 751 509
125 724 125
133 869 869
407 725 628
510 1014 1014
874 978 93
76 992 992
178 356 29
110 468 63
925 1023 136
252 566 566
922 1005 176
481 597 928
191 332 711
801 808 326
266 922 521
259 278 638
334 521 521
27 79 835
587 933 933
105 481 105
258 623 864
137 518 275
390 778 246
379 513 199
613 762 762
706 841 616
356 387 506
8 725 462
496 907 800
759 1007 1007
1 107 1
364 1020 1020
61 1012 251
206 554 338
41 552 41
42 71 42
272 651 477
86 110 988
405 517 517
70 693 70
466 600 600
722 891 891
464 699 796
47 594 594
404 991 737
677 988 988
272 995 272
269 289 289
238 764 965
366 1000 734
492 826 826
230 733 919
88 440 908
905 907 905
342 626 385
41 188 41
146 583 583
680 915 355
208 487 208
302 874 804
270 538 238
345 520 345
84 527 42
159 172 784
551 647 90
32 1016 254
521 906 521
192 384 954
71 144 501
124 712 550
395 490 774
499 506 506
362 579 769
351 985 159
168 376 130
570 785 581
306 1014 1014
133 479 479
377 983 996
133 681 475
348 492 100
839 908 908
432 736 41
427 731 102
684 943 648
31 648 648
148 700 903
559 823 592
536 685 800
86 349 150
162 880 654
257 430 430
453 932 932
487 981 159
904 963 345
8 420 462
768 914 768
805 1008 42
828 881 769
288 606 288
178 251 251
543 880 403
641 717 854
345 954 345
543 930 403
698 906 698
185 792 988
161 384 170
522 873 873
139 649 649
88 233 856
1 766 1
240 835 835
116 678 876
344 911 911
820 928 928
7 754 326
818 873 873
737 776 737
378 494 1013
465 966 937
144 259 638
970 991 299
815 829 655
115 589 525
51 619 583
270 508 238
499 678 762
509 678 876
280 390 657
521 908 908
509 707 707
761 857 1007
124 661 661
794 961 794
279 667 176
489 662 352
481 842 670
798 874 798
193 743 1007
168 260 208
273 650 308
498 511 511
515 968 940
777 985 159
43 266 43
178 382 29
565 704 866
569 984 984
194 753 462
785 902 581
16 1014 1014
277 685 742
100 555 100
77 478 77
687 817 905
511 906 511
207 939 649
274 354 589
448 662 352
254 318 254
177 450 636
587 604 587
405 751 246
165 226 70
515 719 940
8 923 462
95 560 796
591 728 728
669 843 639
67 812 462
470 799 171
104 852 143
472 1009 472
131 992 1
117 458 830
879 937 140
656 781 82
571 757 594
101 999 794
17 899 327
316 341 316
206 626 338
109 752 866
125 371 125
365 908 908
321 397 329
560 838 796
777 825 825
473 918 24
500 974 854
653 967 611
538 619 125
401 758 401
85 551 90
442 593 482
58 82 82
314 349 150
60 784 784
306 901 477
340 525 525
489 868 275
54 209 208
106 446 825
258 272 272
289 887 289
749 912 316
520 829 655
194 389 325
211 368 894
308 1015 954
248 1024 855
188 543 511
143 487 143
616 931 931
189 985 189
141 162 344
592 998 592
823 825 529
33 326 996
247 497 610
359 518 246
844 992 992
83 147 873
97 903 903
359 570 300
427 459 614
368 419 143
354 809 589
215 1014 1014
694 734 694
761 944 854
789 942 29
352 892 352
715 902 107
518 782 518
610 842 670
345 1005 345
468 517 517
872 875 599
864 980 864
772 787 78
392 443 10
421 582 107
536 715 800
257 455 288
238 817 905
349 860 150
474 844 810
209 983 996
331 332 326
65 672 1013
122 784 908
632 695 288
149 381 170
407 970 628
544 942 587
284 744 744
632 864 864
84 547 675
46 69 114
245 609 933
403 747 506
541 599 599
320 770 385
159 958 798
10 708 10
241 386 205
686 950 744
71 491 491
16 859 859
637 682 894
139 826 826
132 922 430
316 987 316
135 251 251
181 892 9
313 366 313
352 824 352
766 954 737
422 485 614
548 772 136
481 956 956
29 241 29
8 941 830
695 991 288
537 812 670
354 988 589
522 899 995
132 884 430
287 764 965
375 675 675
276 1020 1020
527 539 539
769 831 769
108 860 933
120 491 728
223 453 223
576 612 675
20 877 409
91 679 518
24 371 24
879 960 960
278 900 1016
120 706 728
552 750 254
944 984 114
326 646 326
16 391 345
767 851 43
654 886 886
117 430 430
184 734 329
333 1014 1014
491 550 550
193 655 655
722 951 951
509 616 616
479 705 479
874 891 891
184 669 639
308 643 308
105 614 105
168 468 130
380 423 774
13 825 13
601 907 907
670 763 670
288 844 288
230 812 462
316 437 437
800 1005 800
437 685 437
451 533 409
25 224 89
46 466 762
309 844 929
578 814 830
473 951 373
194 358 221
633 796 796
329 652 329
435 638 638
710 984 984
393 516 308
122 529 908
170 469 170
83 525 525
265 638 638
236 961 295
158 256 316
412 740 321
430 988 430
486 912 316
50 254 254
401 697 401
277 605 742
178 926 796
797 911 911
138 905 905
959 1003 744
247 844 610
286 986 159
875 946 599
124 954 550
106 994 825
237 1007 1007
61 711 251
97 540 97
688 807 996
368 862 338
537 799 670
478 718 97
397 671 329
94 448 558
212 912 316
55 952 737
139 1002 1002
329 974 854
307 794 794
76 552 9
246 624 246
62 496 800
285 969 373
166 193 403
519 777 478
397 589 589
42 551 42
118 480 931
8 180 180
288 575 288
990 999 886
287 791 600
187 1012 794
766 883 737
648 844 648
413 577 251
818 823 529
578 954 954
789 980 29
11 819 476
957 984 984
156 934 864
904 948 964
164 217 843
463 574 463
445 941 670
344 935 344
42 832 42
34 499 762
73 884 1014
141 531 344
95 770 180
540 565 932
682 809 809
4 320 4
968 996 996
408 488 694
462 560 796
224 393 289
620 827 9
668 1021 59
285 930 995
390 854 854
184 256 316
336 847 275
267 544 873
75 498 525
641 685 854
372 485 614
40 716 774
767 853 43
732 797 295
933 960 933
333 804 170
58 965 965
204 793 1
700 883 29
203 802 550
199 915 199
338 697 338
252 510 208
432 523 41
480 1007 1007
250 314 272
119 338 338
30 1013 736
313 862 338
74 248 357
649 755 649
149 212 170
465 499 762
205 644 205
255 812 462
656 875 599
90 901 901
74 541 357
745 901 901
92 758 758
532 881 769
206 430 430
583 732 583
328 518 518
485 618 614
243 518 859
195 828 327
304 647 586
203 679 299
105 239 105
35 220 329
582 611 611
402 1005 176
13 858 1014
248 450 636
558 960 558
80 722 431
353 634 431
651 1006 477
468 484 698
21 585 911
378 954 954
158 302 1020
351 914 501
664 954 954
70 283 345
504 715 594
552 843 886
36 925 136
195 316 316
279 859 859
36 158 1020
844 864 864
59 373 59
363 430 430
830 957 830
206 234 661
444 987 993
118 242 43
338 483 338
315 771 810
603 889 698
378 449 481
76 90 9
692 951 189
5 706 539
566 922 566
9 127 9
68 462 462
599 992 992
558 693 558
96 189 189
3 263 638
328 992 992
172 340 784
322 611 611
275 550 550
606 917 728
224 587 587
945 987 529
554 753 456
304 372 295
22 254 254
402 957 957
44 454 130
427 514 1002
205 748 205
89 277 89
6 209 437
17 883 29
78 716 78
587 640 587
195 496 800
474 674 355
445 964 964
737 771 737
106 1023 825
68 809 825
200 854 854
117 356 830
501 786 960
633 884 1014
511 644 511
31 517 517
479 739 479
158 796 796
522 722 995
398 907 1001
226 936 113
456 864 456
514 678 1002
317 774 774
115 525 525
689 932 908
797 910 957
819 968 476
609 650 205
313 944 114
688 928 928
25 324 89
868 906 592
444 724 675
361 689 908
395 770 355
198 217 105
355 401 355
443 511 511
111 225 779
171 646 171
494 809 540
247 927 965
270 705 555
140 319 140
75 279 525
368 446 431
89 145 89
221 722 221
355 980 355
343 854 854
250 328 272
717 900 1016
67 474 810
291 739 393
549 729 919
74 275 275
779 808 779
451 912 409
49 143 143
545 980 980
160 338 338
662 878 352
324 327 636
246 520 246
300 693 300
491 814 491
334 953 960
619 773 125
287 585 911
180 908 908
876 985 876
309 896 992
125 518 125
546 633 600
688 800 800
186 711 756
127 582 11
843 865 600
217 866 866
608 924 254
4 102 102
427 955 634
563 941 835
61 805 251
143 574 143
78 638 638
51 469 583
821 908 908
697 1002 1002
522 808 995
175 509 596
350 618 868
323 681 475
317 649 649
716 988 988
246 475 475
136 192 954
22 216 59
835 886 835
332 631 326
317 926 796
428 1011 268
483 894 894
665 715 478
576 914 675
757 957 957
286 344 344
442 547 615
726 845 300
665 991 299
196 344 344
767 1014 1014
65 738 905
205 316 316
720 1020 1020
258 678 864
32 965 254
307 923 463
176 951 176
188 297 297
196 415 784
176 627 176
102 894 894
265 837 742
761 992 854
230 1008 919
197 491 491
187 228 940
749 839 744
733 799 314
127 191 711
441 1018 70
81 1000 734
830 879 830
561 733 733
79 992 992
158 732 1020
812 843 843
341 908 908
288 1001 288
886 911 886
874 895 272
279 649 649
220 920 907
41 446 41
251 327 251
805 997 344
72 1019 63
472 744 744
721 1014 1014
68 322 825
753 924 254
341 707 707
8 471 587
169 645 517
849 966 321
100 812 462
405 835 835
191 588 24
238 849 321
437 766 437
360 769 769
129 658 684
866 997 344
401 899 327
379 951 199
241 978 205
23 134 130
287 935 503
563 796 796
402 921 794
928 967 928
43 472 43
103 1014 1014
479 1023 479
62 332 326
342 428 268
129 704 684
782 808 968
391 474 391
20 984 984
41 464 41
734 790 734
77 942 587
448 635 113
699 955 796
278 884 1014
236 700 295
106 749 352
311 420 41
293 647 960
38 696 268
110 268 63
154 384 835
161 541 170
626 703 472
258 659 864
122 166 908
563 780 297
57 158 594
352 565 352
796 949 796
670 856 670
378 577 1013
863 988 684
422 876 876
260 948 964
469 985 159
762 972 762
29 341 29
350 901 901
171 269 171
248 848 533
396 403 403
254 590 254
15 59 59
338 898 338
304 800 800
558 608 550
317 629 502
170 951 170
193 543 403
413 637 251
43 1020 43
37 44 130
163 513 733
30 641 854
420 631 11
417 894 992
751 823 529
170 899 170
877 985 409
41 449 41
474 677 677
249 649 649
197 305 956
67 737 737
628 957 628
158 1017 1020
24 152 24
339 564 982
686 788 843
616 778 246
75 1014 1014
11 792 321
253 534 238
319 992 992
237 400 1020
430 649 430
154 383 835
67 798 798
482 491 491
323 933 933
127 310 540
19 389 655
364 611 611
733 980 980
92 377 864
412 1011 321
529 911 911
357 545 357
315 723 143
697 1023 533
22 785 581
551 718 90
494 600 600
321 797 321
60 659 105
104 804 868
607 793 1
246 748 246
408 436 694
233 845 856
407 582 628
777 1019 827
96 589 589
168 784 784
43 409 43
261 320 24
589 862 589
208 936 208
550 856 550
80 871 383
359 643 246
398 987 1001
42 801 42
645 672 517
55 768 737
448 474 810
530 601 77
617 966 553
440 674 908
265 758 742
153 898 221
53 696 268
99 771 491
385 856 856
75 495 525
65 407 628
778 1016 1016
383 756 756
696 767 43
699 871 796
348 633 100
235 350 1020
561 882 223
594 861 594
487 692 189
390 733 733
236 605 295
139 680 355
9 719 9
19 30 655
286 596 159
90 835 835
658 669 639
917 1010 711
10 851 10
335 974 854
451 933 933
568 818 728
342 798 798
217 325 325
729 954 954
800 1007 1007
75 728 525
21 962 589
459 822 136
29 254 254
91 212 518
288 563 288
697 870 352
377 567 864
208 446 208
392 795 10
443 474 125
230 543 403
622 624 784
71 148 903
151 678 876
272 296 272
272 879 272
244 309 975
342 757 816
277 744 744
779 810 810
136 623 136
308 345 345
697 795 697
50 359 246
37 694 694
600 854 854
298 854 854
2 696 199
323 513 581
740 898 539
141 319 344
350 955 634
312 731 965
621 634 826
874 981 93
932 938 4
541 749 352
636 739 636
216 804 804
77 623 756
570 647 300
32 605 254
256 525 525
150 417 150
486 745 734
434 454 454
376 582 11
712 976 992
49 230 736
565 600 600
70 594 594
639 853 639
756 944 114
45 564 564
357 983 996
809 866 866
261 904 24
358 475 475
926 930 796
326 394 90
612 937 937
126 731 639
225 579 610
744 767 43
655 856 655
90 892 628
161 180 170
97 970 932
32 972 254
57 505 594
657 844 657
175 970 932
68 927 965
377 1022 864
139 815 815
550 987 550
62 142 804
44 593 130
159 254 254
566 998 566
732 874 295
330 587 587
857 933 1007
423 554 774
235 501 1020
646 993 634
504 833 594
392 612 10
853 983 189
40 273 774
331 718 97
661 717 661
791 864 600
156 1001 1001
408 515 479
43 152 43
304 808 586
27 870 352
501 615 615
128 735 826
89 850 89
754 772 136
283 952 345
201 442 189
360 537 670
125 981 125
1 344 1
731 826 826
3 477 638
693 919 815
385 507 385
233 321 321
540 866 866
654 947 1
626 694 694
177 491 491
380 775 596
969 981 383
552 836 800
139 326 326
295 886 886
45 423 774
187 810 586
155 846 479
23 551 90
588 647 24
164 774 774
156 833 289
470 924 254
475 645 475
112 953 140
140 325 140
187 324 636
176 947 1
281 697 697
119 237 856
285 741 517
401 891 401
521 966 521
261 428 268
413 704 251
655 864 655
138 270 468
69 701 114
796 980 796
9 769 769
107 273 308
123 406 1016
370 518 518
26 516 308
129 484 684
775 804 804
628 940 940
65 297 297
162 285 566
234 924 254
199 985 199
474 661 661
610 633 610
16 935 345
892 984 984
610 1002 1002
40 589 589
334 650 960
218 713 940
133 402 463
588 805 42
258 449 864
402 987 463
219 685 975
132 399 430
131 441 1
287 337 10
76 463 9
280 982 982
127 239 555
39 60 105
814 958 814
473 858 1014
123 205 205
513 941 830
427 597 928
908 999 908
509 659 628
628 932 628
766 920 737
992 999 992
60 867 205
433 1002 1002
177 257 288
68 624 180
61 145 762
544 753 873
78 886 886
797 1024 855
788 890 964
344 498 344
29 54 29
455 870 352
141 288 288
557 853 189
800 948 800
96 256 316
187 880 654
397 956 956
287 845 642
210 1013 677
698 743 1007
599 665 599
7 587 587
93 834 684
296 653 518
701 856 856
575 725 308
300 641 854
943 1011 648
401 717 401
50 63 63
815 944 114
418 1005 176
361 503 856
403 462 403
99 345 345
127 372 295
41 994 41
487 936 159
270 929 238
661 921 661
678 830 830
244 481 975
583 964 964
252 598 869
813 987 697
633 1008 758
502 728 728
199 600 600
853 865 600
244 304 975
236 251 251
513 698 698
253 658 238
115 845 525
44 628 628
121 991 456
326 335 463
276 933 933
799 906 592
323 997 581
624 754 180
495 788 814
1007 1010 1007
368 1008 615
685 755 698
43 114 114
226 872 113
670 958 670
128 609 205
208 244 975
267 802 550
4 7 4
8 672 462
137 586 275
555 664 1001
41 880 41
393 817 905
871 914 507
131 886 1
335 549 463
14 376 553
264 1009 1014
291 370 23
58 697 758
79 448 313
287 607 299
513 573 506
326 338 338
525 762 525
225 876 876
255 936 238
139 276 78
180 743 1007
561 845 642
633 645 517
135 411 980
390 696 268
158 523 956
728 812 728
369 776 589
66 162 566
663 843 843
289 334 289
60 525 525
42 897 42
89 246 89
641 677 854
101 539 539
550 835 550
371 652 140
526 754 89
377 1006 873
150 688 150
559 783 1002
721 956 956
818 845 869
217 469 555
444 807 996
494 561 540
144 170 170
205 816 205
90 1023 90
217 934 864
315 448 73
878 997 344
589 650 589
508 718 97
255 477 477
318 797 928
333 844 170
657 667 868
121 964 964
219 786 960
204 208 208
549 898 539
700 915 100
69 805 114
127 981 555
489 633 275
718 899 327
128 831 437
964 1013 964
196 718 768
22 941 830
433 477 477
276 827 78
171 648 648
239 587 587
331 650 733
394 875 599
282 353 102
30 730 855
58 642 758
437 661 437
316 995 316
113 520 113
854 901 854
139 904 903
690 925 221
50 106 905
48 196 694
189 990 189
335 959 744
74 221 221
135 341 729
391 965 391
933 952 933
214 442 599
661 823 661
419 958 143
10 933 933
415 744 744
321 502 502
435 482 482
25 506 506
210 362 769
511 851 511
360 512 401
41 603 41
23 283 345
891 986 891
106 112 825
175 397 329
333 437 437
409 669 409
15 960 960
355 456 456
561 626 385
161 931 931
777 1013 1013
754 806 876
453 603 711
192 589 589
8 556 462
936 1023 533
992 1001 992
565 919 919
409 526 409
414 702 957
520 579 610
204 988 988
141 167 89
575 835 835
37 495 814
547 941 830
550 731 550
220 704 468
540 684 684
184 793 1
837 946 476
103 926 984
49 986 736
598 775 798
170 216 170
17 411 313
64 468 581
775 1015 954
673 926 796
280 1001 1001
63 748 63
315 1004 475
143 931 143
731 1005 176
293 493 502
107 300 300
589 746 589
381 857 1007
570 659 300
173 220 409
238 962 589
220 628 628
114 185 114
397 466 762
557 711 403
94 730 558
758 790 758
269 701 82
131 967 1
500 925 136
124 223 550
117 610 830
165 760 479
64 549 581
449 504 594
301 825 825
387 908 908
380 899 327
600 635 600
600 886 600
163 274 517
547 718 97
600 963 600
488 509 694
129 479 479
624 762 762
610 931 931
178 782 29
105 659 105
597 741 928
200 217 933
587 1018 587
625 732 338
136 615 136
534 927 965
474 611 611
769 811 769
288 328 288
586 587 587
466 794 762
161 188 511
460 581 581
956 1021 956
680 874 355
221 876 221
690 992 992
329 813 329
221 247 221
43 827 43
166 345 345
258 524 1007
208 614 614
590 631 472
39 710 1002
28 401 984
715 972 566
248 994 540
349 751 150
512 827 642
597 827 928
254 744 254
566 865 600
60 555 105
132 286 430
459 765 583
407 595 628
373 477 477
603 964 964
47 558 964
377 589 589
197 430 430
13 22 59
325 980 980
579 994 610
421 425 107
519 921 794
102 938 102
142 395 355
91 624 518
185 391 988
401 734 734
326 351 326
178 264 1014
114 515 114
475 736 475
713 1007 1007
377 935 864
53 936 238
117 304 830
61 114 114
79 555 313
297 661 661
74 864 864
415 458 784
349 854 854
353 945 529
224 975 289
278 371 180
347 690 221
652 959 744
202 325 102
207 217 649
629 856 856
938 1011 907
49 108 933
228 618 940
193 880 654
189 354 189
132 239 430
205 727 984
639 728 639
632 964 964
790 816 816
476 788 476
304 611 611
141 769 769
679 986 758
754 933 933
205 732 205
708 1012 794
318 477 928
41 139 41
532 622 784
764 824 894
191 963 345
563 835 835
600 784 600
276 406 78
119 671 13
283 724 345
230 832 11
611 1010 611
94 732 558
428 1023 268
31 223 454
335 743 1007
583 698 583
147 274 558
38 403 403
757 1020 1020
276 438 41
145 199 762
323 935 581
568 904 728
18 638 638
48 127 694
104 827 868
440 976 908
114 433 114
216 547 380
103 953 984
224 653 289
151 166 403
262 270 238
665 1023 533
184 479 479
104 965 868
314 328 518
41 833 41
788 968 980
9 42 9
66 213 93
122 608 908
220 454 468
69 845 114
615 978 23
9 836 800
424 847 114
192 619 954
462 929 462
694 964 694
34 677 677
466 737 737
573 948 506
18 737 737
168 986 130
130 826 130
409 430 430
176 937 176
384 713 940
399 452 707
544 771 873
130 323 581
581 940 940
510 906 592
206 462 338
170 329 329
250 996 996
549 808 919
317 717 502
729 759 843
195 497 497
14 911 911
268 429 268
622 833 784
536 711 800
193 878 59
148 275 275
772 1022 136
708 886 886
200 908 908
38 425 610
456 566 456
62 993 383
837 998 476
286 929 159
509 927 965
671 1010 13
59 811 59
541 965 965
805 873 873
416 425 610
550 699 550
440 694 694
377 897 864
457 786 960
290 492 43
157 598 798
338 364 338
155 850 511
432 884 1014
97 175 97
53 968 968
53 386 729
112 711 711
141 739 344
306 846 477
517 920 517
181 845 9
907 950 744
173 424 114
26 907 907
583 1012 583
217 280 612
224 774 774
125 217 125
494 828 327
724 819 476
279 556 176
362 461 769
861 985 73
738 835 835
117 643 830
621 752 826
837 999 794
147 583 583
282 497 102
71 411 980
35 314 329
348 410 437
516 789 29
493 552 886
170 876 170
200 883 933
134 857 1007
399 428 268
432 836 41
826 893 316
68 774 774
133 486 932
479 623 479
401 513 401
295 891 295
9 195 9
51 993 583
447 528 430
254 835 254
675 841 616
191 960 960
360 718 401
199 862 199
419 630 143
550 948 550
70 910 70
352 399 352
656 894 894
698 982 698
419 679 143
614 864 614
476 653 518
494 495 814
379 996 996
192 425 954
717 745 734
9 727 984
562 661 661
533 739 393
134 162 566
260 836 800
489 1007 1007
449 960 960
601 891 77
533 1020 1020
64 683 581
18 408 479
290 321 43
112 223 223
411 625 338
199 566 199
368 703 472
96 769 769
298 670 670
206 311 41
126 737 737
910 993 223
325 481 481
596 849 321
98 758 937
356 677 677
284 309 105
233 644 481
205 540 205
739 832 393
390 914 657
223 814 814
884 1003 1014
392 928 928
425 1024 855
256 652 316
639 787 639
815 922 815
804 820 456
155 662 352
546 557 600
313 473 373
350 768 768
84 788 675
206 599 599
181 738 9
10 776 10
172 189 189
661 971 661
719 753 462
345 714 345
468 756 756
455 614 614
547 1011 907
87 621 826
679 936 758
315 675 675
453 633 758
818 1002 1002
682 986 986
263 366 583
7 399 4
104 394 90
283 747 506
5 56 648
187 737 737
771 944 114
513 790 733
587 592 587
233 425 856
403 670 670
294 895 272
514 661 661
216 632 647
99 151 491
247 327 327
266 692 189
78 779 78
204 822 136
114 907 114
511 1007 1007
390 687 389
623 624 756
253 920 907
544 909 873
428 560 796
308 725 308
18 220 539
216 800 800
548 672 70
65 282 1013
73 236 295
464 832 903
121 542 456
517 907 517
294 312 385
472 746 472
136 472 472
190 587 587
213 443 125
267 575 308
89 91 89
288 868 288
13 556 13
109 665 866
452 1017 810
595 636 636
58 691 736
497 653 518
117 982 830
747 800 506
133 1021 59
321 523 956
498 731 476
217 943 648
46 768 297
343 615 649
684 884 1014
609 694 694
919 1020 1020
682 1012 794
23 766 737
51 764 583
229 594 594
877 931 409
649 827 649
564 663 357
50 383 905
646 670 670
527 723 143
110 694 694
468 495 814
10 393 10
100 699 796
140 770 140
31 784 784
195 453 427
215 402 661
202 403 403
98 1006 873
155 800 800
38 978 23
9 339 9
155 665 479
458 928 928
734 942 587
73 956 956
161 171 171
323 485 581
292 975 769
342 1010 707
721 988 988
199 1013 199
479 890 964
581 860 581
292 972 769
444 453 509
181 956 956
23 340 937
31 678 876
20 711 639
169 190 734
83 297 297
780 813 297
373 941 830
359 402 246
65 598 1013
169 670 670
310 938 4
262 309 501
274 472 472
600 608 550
334 758 960
349 565 150
249 908 908
345 820 345
806 810 876
897 979 980
376 384 90
43 126 43
306 630 289
629 732 295
430 572 430
436 666 694
53 887 911
575 997 344
519 917 711
762 954 762
75 267 525
37 88 100
314 432 41
475 503 475
251 963 251
90 713 940
386 543 403
340 848 937
411 963 345
397 499 762
762 836 762
5 784 784
233 412 321
335 982 463
253 845 642
210 849 677
253 1006 873
358 613 221
906 911 911
189 599 189
41 955 41
35 883 29
310 671 13
124 411 550
475 571 594
5 387 506
593 750 254
465 755 698
238 358 221
254 493 254
242 426 43
48 427 694
85 159 826
183 408 479
163 496 800
79 930 995
120 697 728
592 917 592
42 462 42
29 280 29
181 232 9
553 822 553
503 951 951
483 937 937
334 599 599
803 910 859
399 993 4
433 629 300
252 526 89
225 705 982
457 896 992
221 639 639
60 538 105
33 184 996
376 729 729
296 401 401
36 719 815
936 998 135
120 196 728
398 923 1001
149 805 42
784 1012 784
196 450 636
127 246 246
6 840 437
719 747 506
157 889 698
543 604 403
71 775 596
588 795 24
497 991 299
585 599 599
459 693 614
105 450 636
409 586 409
290 933 933
583 790 583
248 513 540
831 886 437
825 1024 855
13 475 475
211 459 614
129 326 684
816 976 992
732 896 992
328 859 859
140 501 140
962 1007 1007
244 859 859
956 973 956
437 613 437
180 947 1
119 604 614
268 507 268
64 513 581
622 757 784
280 797 957
933 954 933
590 773 472
612 710 1002
511 1012 511
87 371 876
483 842 670
235 996 996
261 523 956
52 433 300
541 872 642
81 179 954
204 813 314
54 457 756
300 678 300
102 410 437
4 902 107
229 286 159
395 988 988
539 914 539
10 800 10
235 516 1020
347 503 268
316 933 933
104 244 975
11 272 272
135 891 891
320 685 93
43 832 43
94 952 911
52 365 63
23 759 843
159 814 814
777 788 980
270 830 830
775 781 73
77 669 639
568 810 728
384 1010 90
932 984 984
430 760 430
649 886 649
9 214 9
217 813 697
248 717 540
159 347 268
454 960 960
214 941 599
214 940 599
669 879 639
306 650 477
625 927 338
293 391 960
588 638 638
407 864 864
372 780 297
227 882 661
401 585 911
689 842 908
746 956 956
171 740 171
756 924 254
425 819 476
472 504 472
903 935 903
345 649 649
252 710 1002
438 596 41
12 973 1016
190 355 355
254 713 254
214 1015 599
83 818 873
317 1014 1014
618 940 940
69 130 114
38 541 427
163 728 728
80 435 383
321 825 321
150 684 150
694 854 694
136 745 136
66 490 774
374 946 150
26 215 661
371 956 956
198 726 105
125 962 589
566 589 589
194 365 135
54 294 385
629 868 868
112 647 325
299 773 299
765 784 784
103 468 984
63 869 63
72 377 63
20 178 639
67 1001 1001
109 828 327
366 431 431
1 721 1
312 449 481
549 870 352
389 731 102
737 742 737
64 409 409
41 46 41
5 744 744
233 367 649
263 885 288
88 801 326
178 552 29
341 485 614
565 871 932
884 887 1014
670 800 800
457 774 774
307 935 463
29 522 29
101 325 809
422 547 968
472 837 472
89 475 89
609 792 205
156 540 373
108 838 933
112 240 325
10 803 10
573 694 694
114 212 114
53 796 796
553 1018 553
472 529 472
89 964 89
11 810 810
346 876 150
34 852 143
197 399 742
103 705 984
582 737 737
258 259 638
254 358 254
130 409 409
171 444 171
250 893 316
895 957 272
105 1012 105
363 400 1020
299 930 995
825 872 825
110 113 63
284 803 859
948 1009 964
18 293 960
187 340 937
684 911 684
253 508 238
29 910 29
669 897 639
283 316 316
14 874 553
263 737 737
151 592 592
300 584 956
407 675 628
353 430 430
478 675 675
166 821 403
29 83 29
556 965 965
163 463 463
43 316 43
189 910 189
516 638 638
35 832 329
278 946 180
727 833 984
9 420 9
712 922 491
200 479 933
150 972 150
195 244 975
354 694 694
122 936 908
451 605 409
9 279 9
268 525 525
141 396 344
34 960 960
1 539 1
104 212 357
576 616 616
371 1017 876
255 988 988
280 663 357
310 964 964
466 1010 762
345 428 345
561 677 677
264 498 1014
311 906 41
828 935 327
96 800 800
800 916 800
484 636 636
923 932 932
327 957 957
213 751 93
4 378 1013
148 216 903
202 795 102
455 700 100
120 989 475
182 661 661
37 661 661
892 996 996
80 189 189
369 970 369
202 922 369
553 784 784
443 657 125
593 697 482
575 800 800
210 442 677
90 417 992
316 688 316
786 805 960
163 835 835
233 962 589
125 756 125
41 759 41
54 302 804
62 967 611
422 989 475
24 246 246
54 358 221
542 898 539
94 389 558
931 953 931
556 704 804
64 818 581
266 451 409
632 800 800
94 521 558
275 1018 275
623 1023 756
640 882 503
258 899 864
496 913 800
73 784 784
416 884 1014
204 434 314
188 510 511
12 344 344
345 789 29
102 444 102
37 424 114
278 630 289
120 1014 1014
4 612 4
791 1014 1014
355 953 355
374 933 933
357 970 357
366 668 380
140 745 140
657 894 894
370 390 23
272 592 272
125 767 43
503 775 596
457 591 566
189 562 189
20 816 639
472 932 472
220 803 859
319 711 711
437 1020 437
717 862 338
12 933 933
204 365 314
966 986 1013
91 607 518
430 518 430
179 641 854
524 529 1007
623 636 636
473 739 373
282 340 937
193 801 313
517 576 517
190 540 77
292 430 430
671 697 13
191 390 711
125 316 316
199 796 796
441 631 70
581 903 581
252 955 869
275 823 275
134 176 176
988 1001 1001
733 756 756
596 925 136
615 832 11
285 365 373
474 999 794
232 291 729
293 575 308
282 831 437
215 891 661
323 784 784
855 972 855
451 506 506
148 960 960
507 1010 707
326 795 326
302 373 373
651 797 477
801 871 326
211 945 529
3 495 638
54 757 816
815 868 815
381 771 810
340 713 940
313 416 313
771 830 830
104 477 477
73 739 393
481 556 481
79 383 313
250 800 800
242 692 43
770 843 843
708 737 737
819 901 901
144 625 338
155 685 479
58 490 774
769 962 769
53 318 928
446 540 431
405 942 587
160 376 986
390 959 744
449 758 481
114 805 114
109 947 1
237 880 654
222 598 901
719 909 586
322 718 97
134 224 289
160 314 314
742 996 996
140 635 140
562 930 472
35 882 329
762 797 762
192 830 954
629 751 891
379 948 964
685 751 93
123 597 928
45 952 911
324 958 636
333 638 638
434 529 529
141 587 587
930 965 995
91 137 275
949 984 984
201 813 189
211 471 587
108 932 933
220 275 275
226 996 996
379 983 996
66 687 389
383 425 610
237 742 742
157 982 97
303 723 143
213 512 93
94 313 558
509 742 742
654 959 744
205 687 205
303 859 859
355 861 355
68 684 684
229 957 957
396 783 1002
947 1014 1
592 796 796
267 529 529
635 760 479
10 702 10
213 986 93
340 1010 937
198 486 105
228 871 940
77 320 77
336 390 427
218 590 472
246 968 246
246 310 246
217 376 612
144 163 501
549 933 933
190 440 908
152 646 816
854 933 854
418 637 502
739 1024 855
594 625 594
235 768 1020
1 637 1
70 569 251
435 692 189
161 350 170
177 1014 1014
101 139 468
507 1020 1020
405 663 246
202 389 102
791 901 600
193 887 911
438 463 41
426 460 611
484 685 698
85 818 826
15 180 529
51 774 774
161 849 170
221 345 345
473 996 996
147 873 873
87 978 23
55 885 737
381 527 42
4 399 4
157 520 97
705 946 869
46 536 297
177 660 697
143 833 143
566 848 566
271 998 654
266 678 521
189 600 600
476 972 566
216 253 380
691 831 437
233 270 856
32 167 254
39 461 815
98 684 684
605 632 647
257 628 288
776 997 589
492 658 697
938 946 4
583 603 583
53 929 929
409 454 409
330 456 592
606 996 996
328 508 518
692 808 189
350 368 968
174 193 272
713 954 954
1 357 1
759 769 769
280 928 928
42 278 42
294 566 566
437 882 437
445 733 670
477 980 477
364 462 654
480 992 992
412 587 587
571 644 594
498 956 956
254 937 254
599 964 964
33 571 594
252 958 869
66 718 97
325 633 758
215 721 661
374 495 150
591 911 911
375 416 814
31 605 454
152 576 816
563 692 189
603 684 684
472 900 472
317 855 502
538 960 960
118 454 82
515 793 1
485 682 614
543 599 599
63 703 472
94 349 150
476 891 476
1001 1024 1001
41 568 41
323 657 581
715 822 136
477 993 477
161 205 205
410 857 1007
437 587 437
404 884 1014
785 836 800
455 530 891
376 640 291
37 840 525
601 962 589
197 318 928
204 567 497
138 875 599
733 759 843
956 984 984
93 444 93
757 902 107
284 661 661
457 1002 1002
193 804 313
365 844 135
717 790 821
273 847 308
800 983 800
138 591 566
840 958 525
556 1021 59
96 905 599
454 603 711
605 738 905
75 247 525
148 935 903
143 908 143
823 892 529
355 556 355
163 263 583
527 594 594
283 421 345
494 627 391
451 807 409
310 920 907
190 813 77
83 248 873
632 925 136
9 189 189
93 353 431
358 768 221
332 1024 855
176 294 176
581 868 581
157 897 497
698 854 854
57 639 639
500 934 864
880 891 654
98 212 937
29 581 29
430 766 430
985 1023 533
593 659 628
152 566 566
408 475 475
509 895 272
268 704 268
111 688 677
197 479 479
427 672 707
311 497 41
500 773 825
185 456 988
446 686 843
433 1016 300
555 632 555
131 458 1
3 178 29
133 668 932
410 479 437
459 1015 954
160 804 804
441 938 70
291 652 140
725 773 825
287 444 503
268 931 931
248 609 205
147 149 558
21 286 809
670 812 670
265 886 886
788 914 980
339 528 430
63 643 63
157 351 97
561 753 462
210 844 677
35 661 661
478 815 815
265 600 600
27 587 835
2 589 589
66 135 135
250 952 911
131 319 1
492 636 636
225 576 675
351 844 929
815 957 957
155 784 784
511 975 511
647 705 555
98 869 937
56 608 550
194 210 677
714 985 97
210 661 661
903 964 964
224 859 859
328 840 525
329 645 329
41 828 41
148 197 903
488 552 694
547 916 855
310 835 835
280 893 316
279 382 638
114 293 114
226 363 125
72 165 63
196 448 768
186 885 288
113 452 707
65 928 928
514 647 1002
25 402 89
230 246 246
216 254 254
711 1000 711
324 998 636
274 801 517
252 698 698
307 472 472
604 611 611
800 833 800
641 844 854
469 624 180
573 742 506
724 970 675
207 978 649
203 671 299
252 470 171
393 1009 199
848 921 794
594 902 594
277 610 742
126 409 409
506 661 506
255 992 992
501 598 798
237 876 856
53 610 610
178 209 29
191 614 614
605 618 868
581 611 581
3 308 638
254 571 254
236 1011 295
56 984 984
109 180 180
199 405 199
410 671 437
381 589 589
191 221 221
851 990 511
22 954 954
582 828 11
981 1014 1014
230 306 477
297 870 297
222 403 403
364 775 654
511 860 511
313 694 694
699 931 796
758 1016 1016
84 638 638
391 888 928
476 736 476
684 782 684
770 960 960
10 46 10
464 928 928
192 931 931
96 914 599
307 950 744
15 673 529
31 437 437
109 469 866
199 222 199
119 919 919
668 711 711
641 906 854
47 222 964
98 325 937
326 891 326
41 466 41
344 635 344
628 861 628
639 840 525
631 681 475
294 641 854
529 633 529
143 410 143
258 511 511
326 867 205
102 341 102
140 143 143
413 783 251
368 672 707
194 287 503
884 1007 1007
189 445 189
466 702 762
357 371 357
18 406 539
749 976 352
373 733 373
281 1000 734
689 694 694
586 898 539
104 969 868
525 875 525
469 1011 907
962 966 589
339 957 957
558 830 558
155 315 479
884 963 1014
212 602 995
321 614 614
199 471 199
342 513 733
77 458 107
1 540 1
478 596 478
407 521 521
111 365 779
488 888 694
247 375 814
514 696 1002
333 991 170
171 605 171
363 760 479
719 778 246
597 624 928
610 680 355
272 982 272
374 497 150
44 982 130
553 796 796
32 512 254
356 625 338
283 762 762
824 986 894
648 738 648
639 798 639
152 312 816
140 270 140
9 934 9
351 997 344
469 913 558
384 600 600
359 758 246
150 916 150
30 566 566
536 960 800
545 996 996
85 668 826
203 344 344
264 584 1014
296 707 707
221 517 221
298 600 600
332 992 992
100 670 670
23 844 23
250 663 272
57 416 594
205 503 205
127 312 965
213 784 784
616 783 1002
374 947 1
794 854 854
27 529 835
505 577 477
19 280 655
120 338 338
391 483 391
114 224 114
82 611 611
74 857 1007
41 990 41
611 641 854
523 903 956
66 345 345
268 614 614
410 811 437
569 833 251
102 743 1007
120 381 728
419 430 430
150 425 150
443 915 125
87 383 383
679 722 758
599 887 599
859 928 928
