256 11936
235 254 1
4 27 235
164 253 27
28 50 253
8 177 28
2 48 177
45 195 2
84 214 45
140 229 84
87 116 140
143 198 116
107 186 198
147 148 107
123 176 147
149 230 176
126 189 230
52 178 126
106 109 178
117 122 109
174 255 117
134 161 255
112 218 161
7 169 112
38 239 169
68 234 239
78 110 234
66 190 110
55 184 66
33 59 184
114 200 59
95 224 200
81 219 95
71 231 219
202 228 71
30 181 202
157 244 30
51 248 244
146 167 51
18 94 146
130 206 94
160 216 130
34 154 160
85 187 34
132 133 187
101 222 133
12 29 101
53 225 29
44 139 225
54 153 44
183 249 153
56 207 249
165 182 56
93 251 182
120 197 93
40 211 197
152 194 211
145 243 152
43 61 145
129 238 61
79 191 238
82 162 191
31 111 162
141 227 31
75 212 227
37 158 75
175 247 37
201 226 247
14 16 201
60 76 16
69 96 60
91 245 96
36 256 245
113 237 36
185 199 113
24 196 199
62 151 24
65 137 62
3 21 137
138 156 3
98 179 138
155 180 98
20 136 180
10 70 20
57 103 10
100 193 103
80 121 193
172 203 121
13 90 203
6 241 90
236 240 241
19 170 236
97 215 19
92 150 97
105 252 150
67 250 105
86 88 250
74 142 88
17 64 142
108 221 64
89 118 221
124 210 118
41 115 210
26 46 41
25 63 46
204 220 25
77 127 204
102 125 127
49 168 125
119 128 49
47 83 119
72 209 47
99 135 72
131 242 99
144 217 131
22 246 144
192 232 22
15 23 232
35 163 23
32 159 35
11 205 159
58 223 11
5 104 223
208 233 104
9 42 233
73 188 42
166 213 188
39 171 213
173 254 1
4 173 235
164 173 27
50 173 253
8 173 28
48 173 177
173 195 2
173 214 45
173 229 84
87 173 140
143 173 116
173 186 198
148 173 107
123 173 147
149 173 176
173 189 230
52 173 126
106 173 178
122 173 109
173 174 117
134 173 255
173 218 161
7 173 112
38 173 169
68 173 239
78 173 234
173 190 110
55 173 66
33 173 184
114 173 59
173 224 200
81 173 95
173 231 219
173 228 71
173 181 202
157 173 30
173 248 244
167 173 51
18 173 146
173 206 94
173 216 130
154 173 160
85 173 34
132 173 187
173 222 133
12 173 101
53 173 29
139 173 225
54 173 44
173 183 153
173 207 249
165 173 56
173 251 182
120 173 93
40 173 197
173 194 211
173 243 152
43 173 145
129 173 61
79 173 238
82 173 191
111 173 162
141 173 31
173 212 227
158 173 75
173 175 37
173 226 247
14 173 201
76 173 16
69 173 60
91 173 96
173 256 245
173 237 36
173 185 113
173 196 199
151 173 24
65 173 62
21 173 137
156 173 3
173 179 138
155 173 98
136 173 180
70 173 20
57 173 10
100 173 103
80 173 193
172 173 121
13 173 203
6 173 90
173 240 241
170 173 236
173 215 19
92 173 97
173 252 150
67 173 105
86 173 250
74 173 88
17 173 142
108 173 64
89 173 221
124 173 118
115 173 210
26 173 41
63 173 46
173 220 25
77 173 204
102 173 127
168 173 125
128 173 49
83 173 119
173 209 47
135 173 72
173 242 99
173 217 131
173 246 144
173 192 22
15 173 232
163 173 23
32 173 35
173 205 159
58 173 11
5 173 223
173 208 104
9 173 233
73 173 42
166 173 188
39 173 213
1 173 1
173 235 235
27 173 27
173 253 253
28 173 28
173 177 177
2 173 2
45 173 45
84 173 84
140 173 140
116 173 116
173 198 198
107 173 107
147 173 147
173 176 176
173 230 230
126 173 126
173 178 178
109 173 109
117 173 117
173 255 255
161 173 161
112 173 112
169 173 169
173 239 239
173 234 234
110 173 110
66 173 66
173 184 184
59 173 59
173 200 200
95 173 95
173 219 219
71 173 71
173 202 202
30 173 30
173 244 244
51 173 51
146 173 146
94 173 94
130 173 130
160 173 160
34 173 34
173 187 187
133 173 133
101 173 101
29 173 29
173 225 225
44 173 44
153 173 153
173 249 249
56 173 56
173 182 182
93 173 93
173 197 197
173 211 211
152 173 152
145 173 145
61 173 61
173 238 238
173 191 191
162 173 162
31 173 31
173 227 227
75 173 75
37 173 37
173 247 247
173 201 201
16 173 16
60 173 60
96 173 96
173 245 245
36 173 36
113 173 113
173 199 199
24 173 24
62 173 62
137 173 137
3 173 3
138 173 138
98 173 98
173 180 180
20 173 20
10 173 10
103 173 103
173 193 193
121 173 121
173 203 203
90 173 90
173 241 241
173 236 236
19 173 19
97 173 97
150 173 150
105 173 105
173 250 250
88 173 88
142 173 142
64 173 64
173 221 221
118 173 118
173 210 210
41 173 41
46 173 46
25 173 25
173 204 204
127 173 127
125 173 125
49 173 49
119 173 119
47 173 47
72 173 72
99 173 99
131 173 131
144 173 144
22 173 22
173 232 232
23 173 23
35 173 35
159 173 159
11 173 11
173 223 223
104 173 104
173 233 233
42 173 42
173 188 188
173 213 213
171 173 171
69 128 60
84 140 84
175 205 37
27 68 27
104 168 125
99 101 101
4 79 235
50 69 253
124 128 118
178 185 178
105 228 71
106 175 178
115 155 98
196 252 199
36 195 2
34 103 34
66 120 66
93 171 93
189 218 230
26 99 41
32 108 64
27 48 27
45 187 45
79 91 238
27 156 27
39 65 62
109 174 109
179 203 138
106 220 178
163 209 47
99 175 37
91 209 96
5 54 44
233 244 244
139 243 225
7 198 198
17 168 142
35 108 64
30 117 117
92 172 121
85 121 34
35 57 10
140 153 140
39 168 125
13 231 219
168 226 247
120 150 93
21 111 162
172 199 199
52 237 126
53 81 95
83 147 147
5 86 250
16 230 230
15 223 232
5 126 126
60 78 234
27 71 27
185 204 113
14 119 201
1 123 1
107 219 107
111 141 162
15 216 130
200 225 200
85 91 34
64 92 97
21 103 137
196 212 227
55 193 66
42 242 99
6 41 90
176 235 235
1 254 1
89 205 221
233 242 99
45 224 45
113 208 113
19 46 19
5 108 64
70 126 126
12 255 255
38 196 169
65 203 62
54 224 200
24 84 84
45 174 45
34 167 51
86 131 250
78 193 234
47 145 145
1 196 1
138 152 152
111 115 162
111 256 162
72 102 127
11 107 107
79 109 109
31 158 31
175 181 202
99 170 236
40 193 197
15 73 232
187 203 187
6 85 34
63 70 20
23 217 131
14 115 201
62 246 62
27 80 27
16 190 110
33 203 184
247 255 255
10 167 51
192 219 219
115 256 245
70 238 238
201 206 94
89 97 97
101 181 202
11 181 202
58 63 46
151 168 24
68 179 239
72 191 191
29 133 133
83 231 219
17 180 180
30 196 30
61 213 61
84 94 84
68 228 239
13 14 201
8 48 28
174 230 230
25 186 198
83 212 227
161 228 161
140 174 140
132 200 200
99 207 249
59 147 147
124 204 118
56 117 117
121 229 84
129 155 61
105 247 247
22 150 150
33 184 184
175 250 37
99 129 61
165 203 56
234 243 234
168 205 125
170 217 236
50 184 253
93 218 161
25 116 116
166 171 188
50 235 235
101 239 239
13 210 203
186 192 198
68 99 239
140 236 140
49 74 88
33 118 184
76 155 16
53 97 29
120 156 93
32 77 204
41 170 236
5 65 62
100 250 103
68 80 239
43 159 145
51 253 253
151 248 244
15 104 232
2 177 177
83 142 142
39 246 144
77 168 204
67 100 103
54 76 44
163 252 150
87 170 140
81 97 95
93 143 116
66 253 253
159 242 99
42 204 204
63 205 46
24 140 140
53 177 177
94 195 2
36 226 247
28 244 28
180 222 133
18 19 146
17 49 142
58 213 11
199 237 36
139 196 225
52 238 126
224 246 200
38 246 169
35 81 95
40 243 197
80 127 193
157 202 202
104 164 27
22 74 88
13 192 203
100 157 30
83 216 130
15 96 96
185 236 113
52 87 140
22 249 249
83 222 133
55 119 66
8 253 253
72 251 182
112 236 112
23 155 98
73 195 2
32 192 22
2 117 2
17 47 142
94 186 198
54 168 44
36 66 66
119 122 109
54 255 255
47 139 225
5 39 223
185 222 133
124 243 152
29 62 29
83 171 119
21 89 137
4 207 235
69 88 60
69 209 60
34 107 107
58 139 225
59 177 177
75 256 75
22 135 72
91 151 96
55 74 66
92 212 227
139 242 225
66 171 66
33 101 184
104 143 116
50 206 253
24 26 24
13 232 203
103 206 94
28 143 28
97 222 133
13 106 178
29 193 29
148 213 107
4 92 235
102 193 193
10 61 61
207 237 249
82 112 112
43 182 182
2 132 2
6 76 16
165 217 56
72 194 211
123 190 147
38 220 169
5 128 49
7 236 112
9 171 233
7 83 112
26 80 193
69 213 60
74 143 116
226 232 247
9 241 241
100 179 138
23 209 47
32 128 49
48 91 177
3 199 199
249 250 249
139 233 225
28 249 28
91 92 96
207 212 249
27 123 27
111 158 162
91 185 96
201 229 84
114 120 59
5 67 105
151 228 71
207 243 249
228 238 71
30 134 255
129 250 61
80 208 193
47 131 47
13 188 203
138 196 199
64 136 180
67 247 247
97 256 245
39 208 104
69 203 60
107 143 116
126 201 126
91 176 176
213 240 241
8 95 28
43 55 66
180 182 182
121 224 200
73 207 249
65 241 62
5 151 24
140 228 140
16 250 16
40 80 197
148 209 107
131 226 247
171 212 227
164 256 27
77 111 162
82 105 191
89 237 36
13 64 203
14 27 27
26 218 161
9 53 29
56 169 169
21 23 137
202 253 253
66 230 230
193 228 71
60 65 60
16 196 16
109 224 109
3 148 107
142 172 121
48 122 177
181 235 235
111 114 59
28 176 28
22 158 75
88 256 245
124 181 202
200 224 200
15 55 66
40 206 94
110 180 110
155 220 98
5 188 223
56 256 56
217 246 131
238 239 239
18 185 146
35 70 20
106 212 178
150 167 51
192 200 200
157 214 45
207 246 249
6 98 98
45 123 45
13 115 203
162 212 162
21 28 28
7 98 112
118 149 176
164 235 235
159 218 161
35 56 56
53 172 29
76 198 198
83 87 140
171 209 47
21 69 60
74 176 176
70 103 20
161 209 161
19 100 103
8 28 28
5 205 159
28 54 28
70 180 180
9 151 24
188 251 182
17 213 142
62 133 133
38 171 169
40 83 197
27 236 27
53 109 109
15 212 227
75 235 235
54 151 44
6 209 90
78 178 178
56 208 56
1 226 1
162 207 249
11 237 36
1 110 1
18 144 146
83 129 61
78 92 234
104 254 1
218 251 161
76 170 16
95 216 95
130 256 130
124 166 118
240 246 241
14 161 161
53 150 29
48 196 177
77 194 211
22 80 193
12 147 147
5 213 223
109 200 109
1 227 1
29 227 29
172 237 36
64 158 75
89 239 239
13 57 10
170 175 37
192 205 22
79 87 140
86 252 150
135 159 72
55 177 177
24 112 112
98 214 45
12 72 101
58 221 221
182 224 200
164 188 27
49 72 49
89 180 180
18 108 146
37 106 178
41 252 150
66 222 66
10 141 31
122 147 147
1 146 1
33 159 184
123 216 147
145 184 184
170 232 236
117 198 198
104 141 31
117 127 117
172 229 84
26 108 64
120 180 93
93 211 93
23 243 152
83 242 119
79 241 238
102 154 160
32 213 35
21 22 137
15 58 232
12 19 101
50 228 253
88 132 187
42 196 199
6 115 90
72 92 97
13 47 203
89 170 236
24 171 24
49 115 210
9 73 233
114 145 59
184 215 184
73 243 152
151 180 24
183 241 153
86 220 250
79 81 95
99 237 36
195 243 2
54 249 44
154 251 160
54 215 44
81 112 112
158 199 75
10 164 27
107 127 107
87 156 140
64 111 162
73 168 125
46 232 46
29 242 29
205 231 219
179 255 255
113 158 75
87 236 140
73 213 42
34 110 110
156 186 198
192 213 22
68 131 239
201 249 249
111 225 225
66 130 66
9 137 137
104 200 200
127 172 121
102 213 127
54 228 71
92 180 180
94 201 94
131 245 245
11 170 236
9 89 221
125 228 71
47 67 105
14 179 201
25 85 34
23 102 127
177 240 177
132 143 116
87 253 253
205 251 182
175 241 37
63 196 199
136 138 138
28 212 28
112 198 198
48 236 177
76 209 16
72 185 113
167 172 51
52 195 2
93 139 225
51 198 198
95 153 95
124 170 236
81 223 95
159 248 244
2 107 2
107 130 107
202 219 219
57 149 176
172 184 184
1 83 1
5 192 22
5 209 47
58 192 22
242 246 99
73 80 193
79 118 238
95 147 147
128 217 49
42 163 23
47 155 98
34 126 126
171 182 182
153 162 153
115 220 210
23 226 247
49 124 118
200 240 200
48 234 177
2 86 2
109 177 177
17 51 51
47 100 103
82 206 94
12 184 184
38 97 169
104 106 178
87 167 140
136 156 3
155 159 98
150 156 3
217 220 25
93 97 93
131 135 72
89 200 200
93 123 147
75 116 116
161 222 161
217 252 150
55 228 66
92 205 97
179 190 110
21 53 29
25 44 44
146 228 71
69 103 60
124 231 219
199 208 199
75 162 162
35 68 239
140 255 140
42 170 236
221 251 182
66 154 66
77 211 211
87 175 140
46 245 245
209 219 219
100 184 184
21 170 137
223 246 144
30 55 66
50 160 253
5 24 24
49 56 56
177 238 177
63 146 146
63 252 150
195 253 253
5 42 223
41 74 88
42 244 244
100 226 247
7 128 112
159 164 27
54 256 44
60 139 225
90 190 110
29 85 34
7 163 112
174 195 2
133 140 140
3 86 3
89 91 96
63 144 46
138 181 202
42 57 10
29 54 29
38 116 116
2 149 2
43 232 145
182 223 182
205 209 47
72 167 51
76 163 16
75 252 75
116 182 116
17 210 142
124 209 118
40 157 30
95 133 95
115 213 210
159 168 125
104 199 199
13 223 203
156 212 227
2 54 2
15 39 232
61 142 61
13 215 203
19 255 255
17 89 142
113 215 113
170 178 178
40 155 197
35 62 62
6 8 28
25 196 199
189 244 230
141 221 31
45 106 45
33 239 239
72 175 37
151 178 178
159 194 211
6 236 90
29 254 1
39 205 159
78 161 161
110 253 253
109 233 109
100 168 103
34 118 34
117 148 107
1 48 1
29 139 29
25 46 46
1 126 1
33 131 184
25 227 227
3 124 3
10 245 245
222 248 244
113 253 253
128 223 49
43 63 145
130 251 130
82 158 191
40 245 197
74 170 236
33 68 239
47 125 125
59 227 59
44 195 2
119 234 234
247 253 253
7 95 112
91 120 93
215 249 249
136 205 180
106 222 178
170 190 110
139 247 225
56 197 56
97 127 97
169 255 255
83 168 125
39 77 204
23 77 204
105 243 152
35 117 117
43 82 145
89 223 221
114 157 59
163 217 131
148 189 107
6 95 95
29 44 29
13 99 203
28 153 28
60 61 61
121 136 180
92 159 97
28 181 28
35 128 49
57 135 10
5 106 178
59 225 59
109 114 109
80 190 110
38 219 169
120 166 93
28 129 28
15 179 138
112 229 84
47 111 162
70 95 95
105 225 225
35 107 107
96 164 27
117 149 176
34 111 34
2 235 235
34 83 34
102 144 127
92 108 97
116 254 1
69 167 51
27 186 27
63 77 46
188 208 104
65 185 113
120 237 93
21 142 137
1 198 1
214 250 45
178 239 178
80 242 193
24 122 109
9 32 35
114 190 110
17 100 103
152 171 152
117 147 147
29 84 84
96 168 96
119 134 255
63 75 75
86 170 236
48 107 177
148 238 107
35 151 24
12 139 101
58 237 36
94 120 94
77 218 161
92 221 97
129 138 61
5 102 127
134 148 107
228 237 71
146 235 235
81 146 95
160 253 253
43 207 249
224 240 200
50 256 253
102 229 84
15 242 99
104 165 56
87 113 140
138 254 1
71 179 71
106 255 178
32 100 103
6 217 90
220 251 182
141 243 152
81 189 230
59 158 59
176 200 176
178 213 178
158 206 94
74 77 88
83 188 119
183 193 153
188 233 233
74 89 88
82 146 146
19 145 145
51 57 51
1 206 1
109 239 109
4 91 235
10 90 10
194 243 211
122 155 109
40 168 197
47 256 245
167 183 51
115 129 61
55 140 140
111 223 162
131 223 131
82 150 191
20 185 113
73 208 104
248 250 244
32 188 35
201 211 211
19 129 61
134 210 255
71 256 71
53 68 239
129 178 178
6 49 90
106 156 178
85 216 130
89 252 150
128 159 49
3 170 3
38 139 169
53 106 178
151 161 161
116 123 116
85 208 34
239 254 1
15 214 45
138 176 176
87 138 140
91 100 96
172 210 121
87 177 177
33 247 184
29 136 29
24 30 30
7 204 112
20 44 44
125 227 227
57 126 126
17 220 142
58 254 1
75 135 75
143 216 116
206 207 94
67 128 105
16 61 61
40 93 93
201 212 227
132 256 187
106 165 178
27 235 235
42 209 47
119 231 219
93 194 93
168 197 197
17 42 142
171 208 104
106 181 178
63 147 147
62 106 178
114 136 59
89 171 221
68 211 239
158 256 75
128 168 125
135 188 72
111 151 162
89 115 221
83 180 180
58 209 47
50 210 253
15 181 202
77 251 182
41 127 41
4 68 235
98 245 245
9 62 62
160 171 160
14 140 140
114 188 59
136 233 180
28 178 28
35 63 46
9 246 144
46 59 59
43 94 94
35 237 36
108 242 64
68 126 126
28 214 28
43 122 109
66 225 66
169 202 169
126 240 126
102 170 236
8 229 28
156 248 244
133 156 133
45 94 45
205 223 159
52 186 198
136 164 27
65 168 62
175 199 37
112 155 112
115 143 116
69 111 162
172 187 187
26 47 41
166 185 113
20 65 62
16 201 201
72 156 3
89 108 64
43 148 107
35 55 66
109 238 109
15 168 125
135 136 180
21 231 219
138 192 138
56 233 56
217 232 131
73 238 238
185 192 113
65 144 62
43 120 93
13 81 95
89 158 75
147 161 147
19 89 19
110 225 110
67 155 98
77 131 204
42 77 204
154 162 160
40 69 197
163 233 23
33 97 184
168 223 125
185 195 2
98 111 162
22 108 64
108 223 64
18 102 146
65 77 62
97 121 121
43 225 225
218 230 230
32 67 105
99 124 118
190 254 1
184 236 184
51 182 51
225 250 225
49 81 95
17 150 150
8 223 28
92 209 97
128 256 245
19 21 137
148 242 107
80 252 193
78 104 234
2 123 2
13 123 147
87 213 140
80 188 193
82 216 130
128 246 49
52 236 126
81 238 95
225 229 84
45 78 45
210 231 219
114 208 59
104 201 201
41 162 162
32 166 35
144 146 146
167 250 51
28 230 28
9 10 10
32 143 116
23 26 41
9 40 197
84 225 84
192 233 22
43 221 145
71 154 71
115 202 202
101 253 253
36 79 238
9 233 233
41 155 98
65 226 247
86 118 250
22 147 147
96 228 71
24 76 16
118 132 187
95 231 95
187 255 255
41 67 105
17 144 142
28 87 28
11 246 144
68 193 239
3 184 184
74 207 249
176 253 253
83 174 117
49 214 45
166 208 104
3 67 3
127 230 230
200 207 200
20 256 245
106 180 178
158 167 51
118 244 244
58 166 11
127 237 36
41 126 126
130 171 130
76 186 198
83 208 119
55 105 66
58 246 144
78 132 234
97 232 97
103 256 245
26 120 93
196 251 182
168 222 133
92 171 97
6 222 133
185 217 113
61 192 61
23 82 191
217 227 227
11 161 161
50 197 253
149 188 176
147 222 147
38 43 169
102 122 109
76 140 140
118 181 202
135 213 72
10 229 84
160 168 160
23 185 113
53 74 29
88 188 88
67 242 105
93 154 160
90 204 90
167 243 51
108 131 64
3 229 84
6 67 90
148 243 107
67 252 150
111 143 116
79 120 93
26 57 10
7 244 112
27 218 27
130 245 130
26 196 199
118 175 37
125 143 116
120 160 160
78 85 234
77 128 204
49 196 199
122 219 109
94 206 94
143 242 116
60 121 60
22 141 31
142 162 162
43 200 200
67 159 105
45 177 177
181 244 202
194 203 211
24 237 36
29 177 177
11 26 41
151 246 24
65 120 93
115 128 210
24 33 184
12 20 101
50 109 253
58 218 161
117 124 117
154 204 160
56 132 187
47 185 113
86 141 31
12 241 101
23 205 23
59 67 59
128 233 49
62 124 62
69 80 60
18 59 59
176 190 176
9 85 34
38 132 169
75 159 75
13 203 203
189 198 198
158 207 249
184 207 184
37 177 177
32 35 35
45 140 45
55 231 66
170 222 133
49 192 49
70 241 20
119 129 61
9 111 162
129 223 61
55 194 66
93 122 109
47 124 118
4 12 235
39 101 101
79 171 238
158 172 75
8 129 28
117 235 235
67 151 24
15 163 232
109 189 230
7 177 177
48 252 177
49 78 234
17 70 20
7 127 112
154 231 219
206 244 244
22 137 137
97 189 230
93 181 202
149 174 176
129 217 61
153 236 153
26 73 41
107 139 107
27 239 27
232 248 244
12 25 101
75 251 182
121 130 130
179 231 219
174 225 117
170 254 1
119 195 2
194 222 133
220 230 230
84 167 84
112 132 112
3 78 234
17 72 142
68 200 239
52 217 126
143 214 45
15 217 131
80 157 30
82 97 191
24 126 126
77 217 204
15 213 232
140 210 140
114 165 59
129 222 133
63 162 162
63 156 3
26 249 249
34 115 34
39 163 23
63 83 46
222 239 239
212 223 227
105 111 162
34 158 34
92 168 97
150 241 241
21 228 71
197 225 225
26 39 41
45 57 45
57 202 202
23 69 60
4 102 235
66 255 255
125 214 45
78 114 234
109 184 109
31 64 31
23 97 97
81 195 2
23 192 22
100 111 162
74 82 191
57 159 10
74 96 96
19 76 16
33 102 184
66 81 66
22 188 22
123 125 147
185 193 113
212 215 227
13 102 203
57 188 10
170 215 236
9 160 160
120 219 219
125 251 182
13 116 116
210 240 241
78 187 234
69 171 60
174 207 117
89 168 221
39 158 75
151 210 24
226 252 247
139 175 225
18 216 146
12 238 101
76 232 16
101 146 146
68 138 239
170 172 121
8 222 28
64 238 238
221 234 234
148 232 107
80 108 193
2 147 2
101 252 101
28 147 28
120 143 116
163 170 236
26 92 97
77 120 93
1 253 1
177 217 177
155 208 98
21 97 137
106 178 178
30 185 30
138 163 138
91 210 96
2 99 2
26 58 41
12 86 101
9 170 236
38 133 169
84 255 84
43 203 145
184 235 235
56 91 56
62 121 62
36 118 36
51 164 27
49 63 46
165 212 56
136 220 180
46 69 60
159 193 193
198 227 198
53 220 29
28 84 28
21 199 199
30 208 30
147 190 147
193 195 2
16 233 16
70 135 20
60 85 34
40 208 197
3 238 238
4 66 235
17 197 197
59 229 84
3 177 177
152 256 152
117 225 117
191 235 235
17 223 142
83 209 119
72 157 30
73 166 42
122 199 109
231 243 219
136 207 249
85 135 34
32 43 145
198 219 198
69 77 60
40 180 197
43 97 145
6 32 90
35 168 125
177 228 177
22 140 140
9 39 233
118 213 118
233 252 150
186 200 198
140 169 140
142 226 247
135 156 3
48 235 235
73 114 59
163 220 25
194 221 211
114 240 59
77 149 176
59 200 59
123 242 147
182 216 130
116 198 116
57 91 96
154 232 160
84 174 84
26 135 41
76 144 16
142 252 150
105 175 37
100 131 103
36 70 36
36 121 36
168 242 125
67 141 31
13 73 203
69 154 160
1 28 1
107 117 107
132 245 187
99 185 113
251 256 182
130 189 230
98 232 98
48 160 177
33 92 184
7 62 112
39 209 47
233 246 144
73 255 255
97 210 97
116 147 116
14 112 112
102 132 187
147 149 147
122 209 109
63 120 93
65 156 62
165 226 56
88 240 241
5 171 223
37 190 110
30 126 126
178 209 178
82 132 187
28 167 28
89 196 199
88 100 103
3 182 182
192 208 22
65 223 62
125 159 125
24 102 24
27 204 27
81 101 95
124 230 230
73 202 202
11 38 169
33 195 2
78 119 234
147 189 147
98 157 30
78 86 234
167 230 230
72 212 227
52 79 126
15 139 225
60 198 198
91 232 96
155 240 98
58 75 75
91 125 96
96 162 162
76 101 101
4 90 235
22 185 113
5 73 223
1 184 1
181 224 200
159 219 219
52 75 126
107 217 107
154 244 244
12 26 101
22 242 99
93 255 255
68 248 239
62 189 230
174 193 117
52 230 230
10 82 191
81 210 95
32 164 27
195 246 2
7 227 112
28 134 28
6 20 20
170 237 36
24 161 161
20 195 2
147 218 147
72 83 119
124 237 36
41 108 64
101 160 160
80 194 211
30 238 30
135 209 47
29 197 29
39 138 138
30 146 30
58 105 105
27 214 27
72 149 176
22 177 177
80 205 193
63 157 30
40 252 197
98 174 117
172 232 121
78 156 234
150 240 241
84 141 84
43 75 145
26 190 110
70 203 20
170 230 230
177 214 177
26 116 116
74 217 88
91 244 244
12 83 101
60 242 60
83 99 119
114 128 59
33 91 184
145 183 153
113 162 162
154 212 160
43 45 45
112 206 112
18 169 169
67 194 211
99 215 19
95 140 140
20 66 66
16 30 30
184 227 184
12 225 101
47 240 241
118 252 150
99 139 225
179 185 113
79 246 238
18 187 146
139 211 225
155 217 98
161 198 198
189 224 230
143 161 116
141 179 31
17 166 142
154 221 160
19 185 113
6 53 29
99 167 51
81 147 147
144 248 244
27 147 27
144 168 125
39 217 131
80 152 152
47 200 200
68 255 255
161 230 230
172 230 230
7 133 112
32 40 197
20 81 95
47 237 36
132 150 187
150 169 169
3 43 145
62 85 34
206 238 94
54 89 44
155 213 98
79 216 130
118 248 244
142 237 36
217 239 239
83 163 119
91 138 96
170 252 236
53 204 29
132 138 187
55 147 147
114 141 59
86 164 27
73 86 250
13 32 203
65 180 62
170 183 153
56 181 202
73 125 125
37 63 37
18 248 244
122 202 109
123 194 147
18 255 255
168 217 125
9 168 125
26 185 113
171 205 159
106 152 178
149 215 176
131 254 1
208 246 144
91 134 255
125 252 150
32 177 177
105 233 105
52 233 126
30 116 116
189 255 230
45 211 45
50 185 253
13 209 203
29 56 29
66 240 66
62 166 62
11 74 88
146 244 244
111 180 162
63 204 46
88 182 182
34 183 34
89 144 221
15 221 221
58 217 131
152 203 152
158 241 75
10 32 10
65 98 62
154 211 160
83 232 119
32 102 127
9 120 93
190 217 110
109 212 109
75 183 153
4 151 235
70 227 227
69 256 60
102 150 150
102 189 230
182 195 2
18 205 146
108 149 176
2 101 2
73 92 97
97 102 97
170 209 236
79 110 110
15 21 137
8 117 28
12 24 101
57 183 153
91 220 96
142 214 45
129 165 56
24 191 191
28 100 28
110 184 110
1 58 1
67 166 105
167 241 51
178 186 198
97 207 249
41 244 244
42 183 153
26 131 41
157 168 30
135 165 56
13 207 249
23 202 202
64 187 187
191 241 191
16 54 44
94 191 94
125 206 94
39 81 95
75 146 146
19 31 31
74 226 247
92 129 61
166 225 225
22 78 234
4 241 235
161 217 161
5 206 94
122 235 235
126 244 126
1 38 1
62 101 101
176 206 176
13 133 133
153 193 153
70 157 30
67 89 105
32 39 35
96 207 249
50 187 253
2 207 2
97 224 200
119 146 146
133 214 45
17 35 142
81 251 95
65 115 62
18 132 146
115 164 27
78 195 2
92 100 103
197 238 197
12 198 198
126 181 126
222 234 234
156 246 3
75 115 75
88 218 161
154 205 160
67 217 105
158 196 75
6 114 59
54 81 95
89 159 221
95 121 95
149 229 84
96 239 239
71 147 147
148 214 45
33 51 184
29 251 29
63 166 46
23 246 144
1 211 1
13 236 203
69 70 60
28 121 28
85 172 34
170 242 236
135 243 152
42 50 253
108 124 64
165 252 56
27 253 27
31 181 202
74 121 121
157 250 30
116 186 116
120 135 93
72 178 178
8 89 28
13 49 203
129 216 130
26 29 29
168 229 84
32 204 204
159 237 36
11 174 117
176 189 176
9 212 227
108 213 64
70 178 178
94 240 94
73 220 25
22 76 16
85 223 34
190 245 110
154 240 160
6 177 177
57 77 10
84 193 84
46 132 187
91 246 96
157 164 27
76 215 16
86 132 187
61 67 61
3 38 169
129 241 61
9 58 11
80 223 193
58 106 178
11 228 71
219 233 219
87 125 140
39 174 117
57 156 3
176 231 176
142 153 153
132 176 176
40 119 197
25 252 150
197 251 182
49 68 239
43 109 109
61 112 112
68 112 112
136 179 138
188 194 211
94 106 178
131 241 241
202 215 202
68 182 239
135 223 72
211 212 211
30 161 161
179 191 191
163 171 23
70 76 16
115 122 109
21 148 107
159 209 47
78 105 234
138 194 211
69 207 249
8 166 28
90 206 94
60 108 60
191 247 191
49 212 227
76 108 16
154 238 160
59 176 176
98 172 98
37 186 198
145 241 145
14 78 234
135 206 94
70 228 71
44 225 225
130 153 130
22 182 182
92 217 97
226 256 247
188 206 94
77 102 204
186 246 198
116 239 116
83 100 103
134 136 255
32 256 245
51 201 51
39 47 47
6 144 90
111 250 162
10 69 60
50 192 253
188 212 227
153 178 178
100 146 146
96 159 96
171 220 25
26 156 3
180 214 45
64 160 160
90 227 227
22 143 116
63 114 59
85 238 34
150 166 150
85 214 45
13 135 203
56 78 234
4 145 235
104 205 159
13 128 203
65 104 62
20 181 202
196 240 199
170 204 236
105 172 121
146 234 234
45 229 45
1 118 1
191 206 94
128 232 49
71 110 110
84 103 84
218 227 161
213 217 131
63 179 138
58 86 250
26 35 41
5 166 223
44 114 59
9 222 133
186 196 198
87 248 140
34 54 34
26 189 230
124 139 225
22 128 49
12 244 244
21 150 137
181 196 202
27 44 27
109 116 116
130 211 130
123 163 147
165 202 202
9 141 31
35 61 61
124 184 184
17 205 142
66 123 147
85 212 34
188 209 47
49 54 44
40 111 197
38 211 169
32 104 35
38 242 169
15 43 145
95 157 95
58 115 210
73 157 30
100 164 27
196 246 199
155 158 75
76 145 145
56 109 109
36 44 44
21 195 2
49 108 64
150 255 255
10 87 140
38 117 117
195 225 2
121 178 178
17 212 227
98 125 98
204 224 200
227 256 227
230 244 230
69 149 176
53 100 29
143 156 116
28 128 28
70 105 20
9 126 126
59 228 59
135 168 125
65 155 62
39 167 51
81 196 95
204 233 204
182 187 187
76 197 197
84 87 84
70 208 20
96 170 96
199 238 238
175 232 37
14 210 201
36 158 75
65 141 31
39 218 161
164 220 27
34 217 34
222 243 133
135 163 72
58 171 11
70 154 160
79 128 238
63 168 46
7 45 45
35 235 235
5 208 223
212 226 227
141 223 31
46 216 130
10 149 176
66 87 140
29 176 176
156 210 3
116 234 116
17 76 16
43 100 145
57 157 30
123 171 147
43 168 145
6 42 90
139 192 225
177 253 253
134 206 255
70 121 20
17 32 142
157 182 30
6 35 90
3 140 140
51 244 244
31 53 29
16 169 169
143 209 116
25 243 152
33 39 184
182 252 182
111 212 162
33 150 184
151 227 227
38 208 169
28 151 28
114 224 59
205 253 253
137 255 255
58 91 96
206 246 94
166 216 130
230 247 230
191 240 191
56 230 230
196 215 199
66 169 169
186 197 198
52 176 176
159 192 22
165 188 56
92 233 97
33 89 184
62 69 60
231 244 219
88 247 247
73 171 42
26 85 34
124 132 187
178 226 178
105 256 245
2 222 2
218 249 161
13 241 203
95 225 95
56 222 133
23 242 99
128 208 49
198 248 198
65 167 51
85 233 34
7 186 198
29 39 29
38 39 169
54 115 44
11 80 193
51 155 51
35 238 238
100 136 180
71 105 71
115 125 210
42 43 145
83 226 247
12 232 101
42 68 239
26 111 162
101 232 101
13 197 197
9 188 233
117 142 117
115 136 180
75 214 45
94 187 94
35 214 45
79 121 238
70 150 20
51 143 116
225 245 225
159 165 56
12 103 101
75 238 238
216 245 130
116 157 116
71 216 71
193 214 45
194 254 1
7 91 112
53 208 29
160 231 219
35 113 113
41 79 238
80 104 193
58 104 11
87 256 140
2 112 2
158 201 75
115 197 197
14 23 201
95 194 95
27 149 27
188 195 2
21 104 137
114 234 234
43 98 145
70 193 20
102 243 152
194 223 211
187 214 45
205 242 99
8 20 28
44 242 44
63 100 103
26 233 41
78 145 234
28 253 253
71 152 71
86 171 250
221 249 249
85 102 34
63 167 51
206 211 94
6 40 197
30 63 30
52 218 126
4 8 235
50 216 253
172 226 247
83 88 88
98 165 56
84 177 177
9 83 119
192 246 144
29 202 202
48 150 177
40 128 197
67 99 105
174 235 235
159 217 131
33 243 184
42 144 144
9 63 46
30 147 147
128 253 253
111 246 162
188 242 99
32 63 46
58 135 72
111 142 162
213 247 247
32 228 71
105 227 227
129 194 211
32 205 35
87 224 140
145 229 84
132 208 187
78 208 234
10 222 133
72 132 187
192 215 19
11 64 64
39 166 188
193 243 152
16 229 84
155 209 98
81 242 95
18 247 146
122 213 109
106 137 178
21 86 137
23 108 64
14 79 238
21 38 169
92 198 198
47 165 56
32 220 25
5 20 20
125 156 3
141 155 31
30 93 30
67 124 105
207 240 249
111 146 146
130 208 130
16 138 16
1 74 1
63 188 46
195 251 2
8 206 28
87 238 140
36 215 36
72 189 230
134 187 255
4 89 235
85 180 34
136 139 225
193 249 249
113 139 225
74 150 150
126 224 126
212 220 227
27 184 27
153 212 153
88 163 88
29 252 29
205 246 144
42 55 66
111 207 249
46 181 202
33 223 184
77 205 204
59 126 126
243 248 244
16 51 51
111 210 162
70 87 140
17 118 142
137 222 133
36 76 16
21 98 137
31 240 31
185 221 113
17 79 238
55 183 66
56 193 56
21 63 137
47 189 230
133 200 200
172 253 253
63 246 46
12 229 84
130 217 130
153 227 153
15 129 61
134 189 230
133 180 133
56 182 56
158 254 1
112 222 112
66 235 235
220 228 71
198 254 1
130 218 161
131 168 125
39 73 42
24 87 140
8 119 28
8 84 28
75 102 75
140 184 140
80 233 193
57 242 10
19 256 245
77 79 238
108 118 64
20 170 20
41 211 211
96 102 96
63 209 46
95 204 95
225 231 219
131 209 47
21 222 133
52 65 126
113 219 219
133 195 2
27 157 27
53 91 29
180 252 180
92 186 198
179 237 36
99 230 230
121 141 31
23 28 28
23 219 219
4 182 235
43 166 145
13 114 59
122 176 176
86 151 24
115 204 210
168 255 255
100 209 103
15 40 197
111 194 211
35 52 126
15 83 119
66 107 107
10 48 177
142 203 203
64 255 255
19 223 19
119 123 147
67 222 133
2 82 2
128 239 239
34 102 34
85 125 34
35 228 71
43 48 177
74 81 95
57 83 10
241 248 244
106 219 178
40 164 27
38 205 169
32 42 35
32 242 99
157 206 30
111 222 133
122 198 198
31 182 182
118 239 239
29 238 29
49 164 27
72 124 118
93 98 93
34 137 34
3 11 3
50 225 253
3 76 16
146 189 230
43 67 145
32 248 244
43 242 145
80 179 138
20 127 20
164 247 27
69 143 116
42 208 104
190 247 110
143 235 235
58 136 180
16 199 16
89 188 221
136 170 180
17 240 241
42 152 152
188 205 159
141 172 31
138 224 200
11 200 200
73 163 23
43 119 145
15 166 232
30 81 95
171 240 241
11 21 137
98 127 98
22 129 61
4 15 235
120 165 56
69 141 31
92 118 97
101 203 101
94 150 94
84 227 84
12 104 101
114 142 59
169 256 169
140 248 140
20 113 113
123 124 147
63 104 46
8 237 28
55 66 66
217 241 241
36 69 60
13 157 30
72 86 250
198 229 84
228 232 71
102 247 247
22 222 133
22 83 119
18 246 146
136 236 180
51 73 51
80 82 191
128 205 49
175 221 37
145 200 200
75 171 75
86 233 250
69 144 60
97 170 236
167 170 51
151 175 37
151 156 24
44 245 44
196 229 84
157 223 30
39 46 46
20 224 200
78 182 234
15 215 19
109 181 109
170 189 230
41 141 31
86 92 97
14 156 201
78 152 234
174 252 117
142 175 37
131 218 161
122 246 109
33 227 184
20 80 20
62 72 62
21 240 137
25 30 30
20 149 176
50 159 253
214 253 253
100 170 103
112 166 112
40 97 197
86 99 250
39 144 144
14 18 146
41 66 66
112 127 112
160 230 230
23 164 27
26 229 84
54 69 44
45 59 45
227 244 244
156 252 3
6 223 90
65 151 24
106 171 178
69 120 93
123 233 147
34 159 34
65 195 2
103 248 244
79 137 238
83 228 71
29 203 29
73 180 180
177 219 177
86 119 250
74 254 1
44 88 44
103 204 103
12 97 101
8 87 28
35 224 200
11 219 219
70 128 20
16 145 145
113 151 113
12 16 101
83 240 241
124 131 118
10 250 10
195 249 2
60 141 31
132 152 187
65 125 62
53 166 29
35 185 113
20 248 244
139 197 225
161 202 161
19 57 10
206 234 234
132 154 160
135 242 72
84 106 84
40 46 197
37 73 37
115 216 130
70 181 202
49 170 236
117 197 117
25 129 61
60 174 117
60 180 60
55 213 66
14 92 201
39 252 150
165 167 51
114 122 109
7 150 112
136 144 180
16 24 16
96 143 116
214 236 45
5 154 160
115 217 210
231 232 219
115 179 138
73 128 49
164 169 27
42 186 198
100 241 103
79 125 238
53 194 29
57 74 10
46 139 225
161 214 45
243 247 152
21 155 137
83 252 150
113 242 113
8 41 28
20 60 60
57 178 178
132 155 187
35 155 98
12 249 101
62 172 62
88 210 88
166 246 144
208 224 200
28 196 28
50 98 253
3 149 176
104 246 144
204 223 204
134 243 255
119 174 117
117 185 117
45 116 45
6 120 93
129 203 61
37 48 177
75 228 71
60 247 247
74 192 88
53 183 29
11 56 56
209 223 47
157 251 30
172 222 133
28 112 28
13 136 180
26 188 41
74 124 88
175 189 230
74 99 88
135 252 150
152 214 45
143 211 116
19 124 19
86 159 250
175 198 198
220 231 219
165 232 56
111 118 162
98 123 147
83 135 119
149 255 176
26 144 41
195 212 2
132 213 187
89 218 161
102 206 94
182 238 182
60 231 219
53 101 101
53 189 230
96 200 200
6 17 90
28 211 28
1 164 1
72 179 138
26 71 71
86 232 250
124 205 118
81 155 95
104 206 94
13 96 96
18 56 146
83 102 127
160 187 160
28 216 28
186 193 198
6 139 225
3 240 3
46 185 113
25 34 34
205 213 159
121 155 98
92 204 97
82 193 191
88 177 177
123 132 147
224 237 200
94 183 94
86 167 51
6 124 90
65 194 211
208 213 104
83 215 19
132 206 94
6 88 90
40 146 146
189 230 230
21 156 137
68 254 1
70 125 20
67 91 96
52 197 126
11 183 153
180 207 249
122 132 109
106 145 178
99 213 99
191 231 219
52 98 126
10 224 200
200 209 200
81 117 117
140 235 235
93 238 93
108 233 64
165 233 56
27 241 27
21 26 137
28 198 28
12 150 101
195 226 2
23 183 153
112 219 112
22 256 245
12 233 101
42 246 144
209 246 47
196 249 249
113 198 198
42 220 25
18 107 107
35 114 59
2 84 2
75 194 211
35 249 249
69 102 60
151 158 75
35 88 88
137 146 146
4 191 235
92 256 245
13 19 203
7 37 112
163 174 117
109 155 109
172 252 121
86 108 250
11 61 61
70 80 20
94 130 94
85 120 34
16 150 16
12 151 101
15 16 16
69 115 60
56 139 225
23 163 23
179 183 153
78 98 234
63 174 117
101 192 101
125 248 244
34 65 34
165 190 110
18 100 146
122 126 126
83 108 64
94 140 140
168 192 125
166 217 131
116 160 116
111 226 162
29 138 29
118 143 116
174 194 117
52 151 126
235 252 235
46 52 126
41 212 227
93 197 93
86 205 250
52 84 84
1 107 1
101 246 101
73 100 103
166 202 202
91 179 96
40 194 197
10 237 36
4 109 235
158 217 75
11 217 131
15 24 24
12 75 101
67 104 105
114 172 59
63 102 46
67 126 126
118 245 245
43 77 145
137 249 249
121 162 162
142 225 225
153 223 153
30 235 235
86 194 211
78 189 230
91 219 219
191 211 211
58 208 11
131 210 210
15 89 221
39 170 236
146 205 146
97 98 98
207 221 249
93 177 177
6 230 230
78 142 234
156 251 182
13 150 203
86 106 178
34 198 198
13 112 112
152 231 219
12 206 94
39 215 19
26 183 153
31 52 126
21 49 137
121 240 121
62 103 62
32 58 35
98 194 211
52 132 126
13 242 203
18 121 146
152 154 160
65 192 62
51 255 255
219 238 219
128 166 49
21 180 137
172 192 121
87 215 140
42 217 131
129 252 61
208 253 253
146 157 30
152 250 152
4 28 235
174 197 117
131 232 131
44 158 44
61 204 61
5 18 146
30 212 30
42 76 16
58 163 23
118 158 75
22 102 127
191 246 191
23 111 162
31 234 234
167 213 51
107 172 107
63 240 241
225 235 235
85 89 34
76 204 16
32 171 35
20 125 20
206 224 200
13 42 203
17 196 199
32 223 35
91 200 200
107 176 107
64 170 236
73 104 104
33 61 184
35 78 234
58 118 118
167 206 51
11 91 96
146 232 146
9 82 191
151 189 230
109 136 109
163 193 193
46 109 109
130 168 130
126 254 1
141 148 107
7 134 255
171 175 37
9 169 169
65 159 62
17 222 133
11 248 244
72 161 161
27 166 27
59 206 59
4 120 235
218 254 1
24 193 24
143 188 116
140 231 140
104 130 130
22 168 125
46 242 46
9 77 204
176 179 176
109 126 126
32 83 119
83 205 119
13 39 203
19 80 193
124 153 153
159 250 250
8 240 28
78 164 27
17 215 19
32 86 250
70 89 20
93 168 93
206 247 94
10 251 182
119 240 241
27 176 27
100 158 75
194 219 219
156 188 3
122 233 109
106 157 178
1 235 1
11 141 31
193 230 230
178 231 178
65 158 75
28 48 28
73 99 99
19 212 227
80 204 193
16 249 249
67 168 105
209 220 25
100 242 103
86 185 113
105 170 236
66 212 66
5 51 51
15 108 64
166 252 150
202 256 202
154 195 2
97 136 180
36 141 31
87 96 140
13 129 61
38 245 169
31 217 31
25 82 191
36 182 182
94 127 94
83 166 119
45 107 45
92 122 109
26 166 41
96 199 96
231 241 219
24 222 133
14 63 201
65 74 62
227 241 227
162 208 162
137 150 137
122 208 109
213 236 236
129 184 184
34 96 34
20 251 182
81 128 95
216 231 219
90 218 161
23 215 19
117 230 230
2 45 2
13 158 75
145 232 145
73 246 144
181 236 202
171 217 131
17 87 140
121 222 133
86 178 178
82 236 191
3 94 94
121 164 27
32 135 72
42 252 150
57 246 10
127 224 200
34 112 112
94 110 110
84 172 84
66 106 178
9 103 103
63 215 19
74 158 75
70 123 147
16 202 202
79 194 211
42 203 203
188 214 45
132 185 187
169 234 169
84 107 84
14 213 201
18 237 146
9 86 250
17 102 142
79 226 238
80 214 45
49 185 113
129 189 230
141 231 219
74 148 107
20 227 227
126 188 126
180 194 211
136 145 145
4 192 235
102 220 25
50 176 253
149 189 176
16 207 249
22 174 117
9 56 56
146 190 110
9 113 113
185 250 113
51 202 202
39 248 244
86 163 250
85 97 34
40 135 197
48 128 177
11 192 22
1 54 1
204 213 204
104 151 24
23 67 105
79 104 238
145 226 145
142 165 56
150 160 160
71 122 109
37 74 37
54 121 44
89 235 235
170 208 236
100 216 130
47 243 152
140 192 140
209 242 47
50 77 253
107 182 107
18 201 146
168 213 125
146 241 146
108 194 211
155 160 160
4 42 235
165 218 161
78 150 234
6 220 90
7 176 176
56 155 56
43 49 145
143 238 116
42 240 241
179 217 138
103 112 112
39 108 64
105 147 147
42 132 187
129 225 225
72 187 187
90 142 90
42 103 103
84 126 84
47 167 51
89 215 19
25 215 19
42 67 105
50 212 253
116 180 116
104 255 255
229 255 84
100 150 103
128 163 49
101 115 101
35 232 232
52 256 126
100 221 103
26 245 245
156 240 3
183 254 1
83 92 97
151 226 247
27 243 27
54 240 44
181 215 202
133 166 133
140 165 140
135 144 72
177 222 177
124 171 118
33 252 184
2 236 2
81 140 140
202 241 202
21 223 137
136 166 180
68 96 239
204 255 255
24 89 24
103 123 147
32 119 119
99 172 121
99 116 116
41 159 41
169 179 169
36 108 36
9 166 233
25 65 62
58 78 234
69 210 60
14 64 201
15 233 232
65 206 94
54 247 44
131 240 241
26 215 19
228 239 239
150 211 211
154 224 200
147 235 235
97 164 27
53 119 29
88 120 93
110 168 110
153 160 160
69 123 147
124 156 3
59 215 59
183 247 153
62 167 51
61 182 182
112 171 112
107 123 107
129 230 230
48 70 177
73 135 72
89 248 244
22 225 225
106 206 178
101 204 101
36 45 45
104 178 178
43 86 145
123 147 147
116 143 116
175 201 37
134 256 255
158 213 75
23 168 125
152 206 94
202 244 202
89 104 221
127 194 211
5 9 223
26 197 197
146 158 146
31 195 2
48 166 177
92 103 103
133 209 133
159 238 238
7 21 112
137 203 137
165 231 219
114 206 59
149 176 176
181 210 202
94 198 198
31 49 31
47 233 47
75 112 112
54 210 44
50 156 253
6 152 152
41 69 60
186 198 198
71 111 71
24 48 177
188 239 239
127 249 249
53 168 29
120 223 93
102 192 127
124 151 24
163 203 203
90 198 198
54 159 44
82 94 94
72 103 103
102 184 184
112 118 112
9 114 59
50 157 253
50 154 253
51 183 51
155 247 247
14 238 238
92 115 97
224 241 200
8 143 28
26 242 41
87 132 140
149 185 176
88 128 88
110 210 110
84 183 84
82 122 109
124 179 138
79 224 200
59 84 84
77 208 204
75 210 75
52 175 126
92 111 162
110 130 110
144 209 47
196 226 247
9 128 49
166 220 25
166 179 138
38 163 169
117 200 117
33 149 176
66 184 66
61 248 244
21 198 198
190 233 110
168 241 241
69 226 247
42 225 225
36 47 36
206 239 239
232 252 150
49 77 204
12 248 244
21 99 137
103 154 160
11 169 169
77 154 160
194 227 211
56 65 56
57 185 113
169 184 169
49 67 105
142 159 142
80 124 193
25 86 250
19 34 34
51 140 140
28 195 28
14 197 197
15 32 232
10 148 107
14 83 201
146 224 200
58 177 177
8 231 28
187 241 187
77 158 75
139 216 130
15 209 47
22 142 142
26 72 41
94 217 94
58 188 11
156 243 152
106 210 178
39 154 160
216 222 130
150 246 150
80 166 193
27 96 27
98 193 98
80 128 193
109 196 109
4 147 235
110 242 110
171 207 249
33 211 184
14 36 201
66 115 66
39 228 71
69 224 200
80 156 3
8 142 28
107 185 107
49 179 138
1 143 1
6 33 184
154 179 160
165 207 249
195 239 2
175 233 37
5 32 35
85 255 255
76 128 16
162 177 177
99 212 227
10 139 225
81 214 45
2 126 2
230 239 230
76 255 255
130 148 107
17 188 142
169 176 176
5 186 198
119 159 119
2 20 2
41 167 51
113 241 113
6 256 245
191 201 191
58 77 204
89 222 133
112 144 112
1 93 1
70 235 235
180 237 36
85 197 34
61 162 61
180 189 230
165 192 56
146 206 146
85 158 34
66 76 66
77 198 198
34 99 34
76 192 16
181 194 202
114 134 255
166 200 200
1 55 1
172 177 177
49 155 98
25 179 138
209 232 47
78 252 234
35 83 119
110 114 110
115 233 210
47 224 200
108 136 180
64 154 160
66 181 66
59 192 59
27 84 27
111 191 191
39 213 213
87 128 140
2 214 2
50 99 253
129 141 61
115 192 210
39 53 29
117 134 117
71 190 110
51 231 219
60 101 101
60 183 153
7 90 112
92 206 94
17 192 142
28 242 28
110 169 169
72 164 27
25 26 41
193 194 211
16 65 16
87 176 140
72 215 19
201 217 201
93 152 93
136 201 201
41 85 34
145 174 117
187 224 200
35 54 44
61 239 239
29 117 117
88 93 93
58 232 232
68 97 239
41 171 41
11 179 138
75 223 75
171 179 138
76 88 16
91 205 96
9 164 27
142 190 110
220 232 25
76 159 16
91 181 202
40 190 110
63 201 201
198 207 198
105 165 56
38 50 253
150 154 160
43 115 145
68 91 239
102 205 127
72 222 133
227 239 239
35 60 60
138 157 30
23 118 118
6 83 90
201 214 45
97 181 202
129 199 61
193 248 244
26 179 138
17 251 182
19 197 197
51 161 161
1 57 1
142 205 142
73 138 138
5 16 16
154 186 198
193 234 234
1 135 1
19 236 236
112 208 112
198 226 198
15 135 72
86 192 250
57 190 110
101 107 107
92 250 97
36 188 36
91 97 96
123 252 147
83 167 51
179 239 239
166 242 99
7 159 112
17 41 142
31 38 169
160 218 161
5 181 202
238 251 182
89 90 90
30 197 30
80 168 193
73 83 119
232 246 144
127 228 71
100 208 103
91 166 96
55 94 66
31 219 219
210 233 210
29 240 29
23 169 169
204 214 45
53 242 29
53 103 29
126 176 176
21 159 137
151 219 219
42 154 160
105 136 180
122 247 109
107 147 107
44 231 219
106 114 178
183 242 153
101 124 101
101 128 101
60 114 59
15 42 232
6 215 90
1 88 1
241 249 249
131 148 107
65 174 117
103 175 37
236 237 36
181 247 202
50 181 253
201 253 253
16 77 16
43 56 56
36 183 153
88 164 27
9 220 25
113 133 133
14 19 201
41 124 118
61 161 161
137 243 152
221 226 247
35 53 29
50 150 253
93 153 153
194 198 198
7 64 112
167 203 51
107 114 107
131 138 138
130 131 130
16 217 16
100 105 103
134 176 176
1 134 1
55 218 161
210 235 235
40 238 197
192 240 241
77 110 110
69 196 60
76 211 211
5 21 137
29 247 29
80 89 193
121 138 138
156 220 3
14 20 201
68 124 239
208 251 182
106 130 178
113 251 182
72 94 94
1 178 1
7 187 112
88 243 152
24 147 147
157 232 30
48 83 177
145 162 145
19 143 116
101 228 71
68 69 239
6 52 126
63 183 153
53 60 29
24 180 24
73 215 19
115 228 71
51 146 51
1 188 1
50 194 253
55 109 109
129 244 244
77 232 204
185 220 113
103 132 187
139 153 225
105 109 109
10 36 36
223 243 152
171 242 99
167 208 51
83 223 119
22 180 180
112 209 112
165 194 56
21 64 137
77 151 24
106 128 178
122 144 109
112 119 112
74 211 211
143 159 116
46 82 191
91 250 96
18 65 146
89 111 162
34 120 34
28 229 28
85 108 34
16 114 59
233 235 235
144 213 144
152 235 235
227 253 253
57 142 10
154 158 160
85 115 34
67 77 105
86 166 250
33 77 184
57 72 10
111 235 235
35 169 169
15 240 241
91 158 75
102 237 36
44 91 44
8 71 28
217 233 131
94 237 94
135 200 200
130 241 130
43 132 187
73 89 221
120 125 93
9 90 90
36 219 219
12 115 101
70 104 20
106 202 178
148 245 107
4 136 235
155 195 2
61 163 61
86 247 247
16 152 152
44 93 44
55 196 66
8 14 28
136 223 180
120 138 93
29 184 184
135 205 72
61 80 61
22 89 221
52 124 126
24 206 94
194 253 253
25 80 193
22 212 227
14 200 200
38 199 169
7 179 112
242 255 255
70 224 200
137 252 137
138 230 230
101 210 101
16 120 93
99 233 99
41 218 161
207 217 249
40 249 249
24 114 59
109 256 109
149 220 176
4 211 235
11 142 142
6 233 90
58 151 24
40 122 109
80 209 193
152 228 71
77 186 198
31 212 31
5 78 234
180 229 84
82 156 191
35 120 93
35 199 199
37 93 93
117 234 117
110 138 110
140 176 140
132 239 239
36 50 253
116 251 116
107 214 45
196 224 200
108 183 153
102 208 127
156 203 3
109 213 109
127 256 245
102 141 31
27 255 27
81 151 95
217 242 99
100 207 249
40 227 197
21 127 137
20 212 227
104 108 64
186 209 198
19 112 112
154 184 184
118 193 193
23 86 250
76 150 16
202 210 202
163 166 23
40 54 44
123 177 177
127 241 241
117 249 117
28 116 28
120 167 51
67 110 110
238 247 238
123 213 147
99 102 127
25 56 56
52 182 126
57 71 71
92 102 97
155 218 161
123 192 147
22 190 110
69 195 2
10 197 197
47 223 47
128 196 199
15 67 105
5 71 71
21 237 36
210 241 241
120 174 117
90 175 37
65 70 62
111 237 162
60 234 234
181 205 202
143 222 116
73 74 88
16 218 161
89 125 221
58 158 75
91 130 130
110 230 230
221 253 253
227 251 182
123 218 147
64 179 138
61 216 130
82 119 191
130 223 130
58 220 25
55 178 178
44 62 44
151 242 24
36 190 110
9 200 200
155 230 230
40 189 230
116 146 116
20 103 20
12 96 101
50 202 253
65 237 36
38 216 169
61 90 61
125 132 187
28 148 28
183 203 153
151 205 24
74 108 88
6 242 90
64 208 64
89 219 219
132 171 187
89 233 221
38 180 169
76 87 140
7 243 112
86 254 1
27 140 27
47 136 180
99 154 160
42 248 244
231 250 219
19 186 198
25 182 182
63 212 227
6 134 255
7 44 112
41 178 178
207 223 249
84 145 84
10 151 24
48 114 177
25 132 187
104 207 249
1 115 1
9 57 10
92 179 138
160 214 45
115 210 210
20 67 20
175 229 84
176 211 176
100 172 103
185 240 113
54 131 44
63 81 95
52 247 126
156 228 71
23 211 211
32 113 113
54 82 44
94 123 147
114 251 59
71 72 71
8 13 28
62 237 36
241 246 241
33 44 184
47 80 193
10 168 10
104 252 150
13 68 239
108 218 161
103 200 200
4 103 235
34 251 34
154 208 160
39 240 241
48 229 177
17 242 142
2 232 2
122 175 109
34 157 30
55 224 66
7 153 112
81 184 184
57 78 234
46 151 24
47 179 138
3 247 247
214 235 235
14 170 201
74 204 88
50 177 253
25 47 25
245 251 182
123 146 147
24 244 244
12 217 101
208 217 131
3 139 225
48 141 177
139 189 230
157 210 30
41 158 75
1 5 1
234 256 234
74 101 101
78 154 234
154 190 110
6 207 249
114 213 59
10 85 34
4 71 235
30 220 30
102 159 127
22 155 98
19 40 197
5 80 193
62 120 93
17 80 193
16 167 51
50 82 253
174 249 117
43 215 145
20 139 225
154 156 160
209 217 47
28 32 28
147 151 147
181 186 198
1 50 1
49 117 117
96 254 1
86 148 107
55 199 66
83 104 119
100 134 255
106 251 178
13 147 147
19 209 19
215 218 161
13 108 203
116 220 116
91 241 96
75 218 161
10 228 71
216 223 130
26 207 249
107 169 107
94 228 71
58 65 62
65 240 62
103 236 103
58 234 234
213 252 150
128 144 49
142 208 142
22 115 210
50 196 253
155 156 3
57 204 10
4 235 235
88 119 88
16 175 37
15 192 22
66 125 66
176 195 2
17 151 24
77 221 221
29 248 244
46 152 152
31 120 93
34 191 34
37 221 37
147 162 147
122 143 116
15 220 25
85 196 34
9 108 64
185 187 187
1 190 1
64 67 105
188 243 152
57 193 10
128 204 204
88 158 75
38 88 169
103 205 103
142 157 30
181 207 202
169 229 84
12 131 101
190 221 110
79 256 238
123 139 147
160 235 235
30 145 30
60 92 60
49 255 255
101 191 101
8 56 28
67 125 105
77 141 31
97 166 97
57 163 10
50 191 253
99 155 98
13 253 253
18 150 146
180 195 2
111 150 162
41 57 10
190 239 239
5 112 112
74 214 45
151 230 230
40 49 197
119 168 125
68 94 239
130 243 130
180 225 225
190 196 110
31 99 31
12 49 101
12 121 101
50 60 253
219 225 219
174 243 117
9 243 152
220 225 225
183 185 153
8 243 28
147 231 147
126 219 126
135 254 1
69 233 60
80 251 182
240 251 182
45 93 45
72 139 225
9 15 232
25 99 25
14 212 227
42 65 62
49 125 125
95 238 95
183 220 153
162 175 162
135 221 221
90 179 138
127 171 127
67 233 105
5 23 23
194 242 211
78 99 234
228 243 71
138 199 199
5 58 11
9 143 116
21 217 137
63 86 250
9 208 104
6 216 130
14 171 201
42 48 177
151 186 198
105 154 160
63 89 221
57 58 10
202 211 202
188 220 25
72 154 160
36 129 61
124 252 150
222 238 133
194 248 244
21 144 137
63 226 247
20 190 110
161 169 161
14 237 201
71 207 71
35 100 103
34 43 34
236 253 253
43 74 145
61 73 61
22 252 150
8 99 28
98 212 227
171 254 1
161 182 161
97 151 24
55 154 66
161 189 230
197 207 249
47 72 47
229 238 84
63 127 46
52 67 126
45 214 45
133 237 133
185 212 227
46 178 178
174 179 117
208 239 239
98 100 98
205 215 19
21 109 109
12 40 101
13 17 203
65 181 202
10 181 202
139 250 225
90 184 184
163 228 71
90 197 197
106 205 178
89 209 221
143 227 116
25 216 130
115 184 184
53 132 187
35 216 130
68 247 239
122 204 109
143 150 116
41 161 161
85 92 34
3 196 199
22 170 236
33 256 184
49 210 210
63 180 180
144 196 199
10 78 234
142 244 244
119 237 36
132 186 198
9 148 107
156 229 84
8 247 28
234 255 255
128 248 244
62 110 110
120 221 93
101 183 101
53 63 29
40 116 116
192 253 253
158 216 130
226 241 247
160 226 160
48 148 177
95 117 117
107 187 107
72 80 193
85 215 34
238 248 244
22 217 131
45 197 45
29 109 109
111 136 162
206 226 94
65 157 30
224 256 200
97 212 227
72 243 152
17 128 142
169 190 169
27 201 27
15 218 161
185 233 113
152 161 161
99 220 25
119 223 119
21 136 137
97 137 137
229 242 84
47 70 20
70 119 20
47 92 97
33 185 184
98 256 245
9 172 121
67 254 1
141 189 230
79 234 234
230 251 230
3 126 126
110 233 110
200 255 255
179 211 211
98 135 98
169 186 198
163 223 23
150 172 121
138 233 138
17 74 88
108 254 1
61 148 107
206 223 94
43 65 145
29 180 29
67 232 105
105 226 247
165 247 56
16 48 177
72 141 31
181 185 202
90 236 90
187 192 187
29 40 29
118 183 153
7 86 112
151 154 160
100 232 103
111 165 56
124 136 180
82 180 191
138 228 71
63 93 93
10 187 187
77 247 247
92 226 247
69 232 60
221 229 84
116 207 116
49 215 19
95 251 95
70 82 191
141 239 239
106 120 178
159 243 152
7 119 112
40 149 176
17 73 142
19 167 51
36 189 230
59 187 59
102 188 127
88 146 146
100 181 202
146 194 146
32 170 236
156 221 3
86 217 250
30 201 30
76 166 16
86 104 250
64 122 109
150 250 150
70 247 247
24 248 244
45 65 45
26 115 210
46 123 147
57 235 235
74 231 219
126 249 126
114 151 59
136 163 180
69 218 161
80 93 93
193 224 200
12 15 101
10 75 75
55 99 66
52 141 126
74 183 153
29 46 29
179 220 138
135 138 138
111 166 162
249 254 1
22 228 71
31 112 112
32 73 35
144 175 37
123 219 147
179 242 138
82 175 191
87 220 140
65 172 62
166 248 244
11 209 47
70 72 20
82 240 191
43 252 145
121 186 198
23 63 46
61 146 146
63 238 238
125 213 125
36 103 36
60 170 60
92 197 197
169 233 169
149 205 176
48 177 177
34 94 94
78 169 169
82 170 191
31 228 71
168 252 150
168 172 121
9 165 56
156 189 230
66 199 66
196 243 152
54 100 44
94 227 94
42 180 180
118 195 2
102 106 178
67 101 101
42 136 180
15 52 126
27 229 27
34 139 34
43 57 145
15 159 232
158 223 75
67 149 176
160 169 169
111 179 162
18 186 198
47 128 49
5 148 107
5 14 201
73 256 245
8 22 28
22 121 121
41 116 116
78 216 234
39 76 16
56 183 153
158 245 75
140 254 1
20 30 30
94 142 94
52 172 126
60 213 60
216 241 130
165 184 184
36 234 234
102 207 249
184 239 239
158 165 56
76 242 16
34 133 34
29 186 198
54 144 44
31 239 239
159 225 225
7 122 109
25 112 112
41 215 19
80 226 247
9 92 97
18 120 146
143 247 116
34 190 110
21 243 152
242 243 152
134 190 255
94 236 94
11 32 35
39 95 95
12 197 101
112 235 235
10 240 10
114 140 140
123 255 147
175 219 219
76 102 16
15 94 94
86 246 250
54 245 44
63 67 105
170 205 236
205 252 150
41 101 101
116 241 116
124 226 247
21 242 137
104 163 23
15 136 180
6 26 90
152 167 51
4 23 235
134 170 255
90 141 31
171 243 152
209 252 150
163 213 23
106 166 178
103 155 98
45 176 45
143 252 116
67 167 51
41 92 97
47 103 103
194 241 211
215 232 19
73 179 138
146 249 146
23 83 119
54 136 44
158 181 202
203 204 203
107 206 107
120 216 130
44 45 45
195 213 2
28 49 28
34 218 161
234 247 234
163 175 37
183 240 153
46 175 37
162 233 162
85 181 202
42 107 107
83 192 119
13 245 245
156 192 3
28 45 28
85 165 34
153 215 153
154 169 169
167 246 51
15 70 20
39 61 61
154 160 160
101 168 101
131 200 200
83 246 119
70 252 20
131 152 152
176 182 176
82 188 191
81 174 117
29 213 29
6 200 200
168 243 152
50 136 253
55 253 253
51 238 51
56 232 56
117 151 117
110 160 110
58 81 95
158 211 211
41 80 193
3 65 62
214 232 45
54 96 44
12 189 230
28 232 28
138 244 244
158 159 75
86 210 250
183 195 2
223 233 223
31 157 30
92 177 177
126 226 126
177 235 235
75 133 133
101 147 147
48 145 177
162 227 162
132 236 187
21 114 59
79 115 238
170 226 247
90 191 191
51 222 51
222 225 133
59 122 109
26 65 62
33 107 107
78 90 234
4 84 235
102 110 110
149 237 176
30 218 161
88 126 126
97 165 56
109 234 109
75 219 219
172 250 121
129 176 176
172 223 121
12 146 146
137 200 200
114 212 59
180 218 161
92 105 97
109 169 109
35 102 127
205 220 25
147 202 147
61 164 27
26 252 150
121 254 1
77 181 202
178 182 178
116 140 140
30 137 30
105 161 161
139 186 198
128 213 49
13 18 146
5 115 210
123 254 1
66 140 140
85 252 34
17 67 105
186 255 198
106 216 178
15 112 112
38 99 169
28 186 28
131 158 75
27 181 27
168 179 138
48 134 177
35 51 51
138 164 27
116 134 116
201 210 201
207 234 234
40 126 126
85 95 95
27 167 27
69 81 95
39 43 145
131 222 133
139 222 133
166 192 22
26 129 61
22 124 118
69 127 60
118 189 230
39 165 56
104 160 160
134 218 255
168 240 241
225 249 225
116 137 116
26 36 36
83 210 210
109 247 109
155 165 56
55 210 66
137 183 153
127 231 219
8 135 28
116 149 116
11 15 232
111 149 176
191 256 191
107 157 107
81 247 95
108 167 51
192 247 247
107 254 1
53 89 29
156 198 198
94 107 107
144 155 98
29 214 45
93 138 93
37 240 37
202 216 202
155 207 249
232 242 99
63 158 75
175 237 37
2 61 2
67 175 37
6 102 90
58 94 94
85 222 34
63 229 84
19 28 28
86 168 250
67 234 234
106 134 178
54 204 44
89 166 221
155 224 200
38 79 169
77 129 61
10 55 66
120 144 93
220 240 241
53 178 178
242 252 150
167 225 51
170 251 182
147 255 147
78 141 234
26 208 41
3 42 3
29 132 187
140 212 140
55 146 66
102 217 127
24 81 95
81 84 84
124 158 75
199 202 202
3 221 3
206 213 94
17 26 142
27 121 27
149 177 177
100 204 103
93 149 176
106 234 178
39 115 210
7 89 112
9 24 24
165 187 187
196 250 199
111 131 162
87 191 140
14 172 201
17 18 146
141 151 31
65 97 62
72 196 199
26 128 41
55 110 110
14 223 201
104 124 118
3 132 187
31 40 197
137 256 245
99 255 255
19 222 133
168 183 153
60 103 60
3 231 219
66 117 117
69 125 60
8 92 28
11 82 191
135 246 72
99 226 247
88 229 84
105 125 105
23 157 30
168 237 36
32 169 169
86 155 98
64 81 95
156 214 45
49 55 66
210 220 210
22 70 20
48 251 177
56 85 34
51 230 230
155 244 244
176 197 176
203 206 94
13 77 203
109 110 109
58 102 127
54 64 44
175 208 37
154 187 160
227 246 227
117 121 117
133 239 239
23 32 23
163 184 184
72 128 49
42 129 61
119 214 45
185 198 198
223 226 247
93 174 117
138 201 201
67 221 105
33 219 184
100 102 103
18 55 66
13 30 30
7 147 147
29 212 29
27 223 27
13 156 3
68 249 239
31 79 238
146 168 146
174 234 117
111 240 162
30 186 198
5 246 144
8 70 28
48 205 177
22 92 97
89 197 197
69 108 60
55 158 66
24 107 107
25 70 20
86 187 187
98 151 24
3 12 101
37 56 56
92 219 219
220 223 25
18 228 71
31 189 230
203 239 239
2 167 2
61 186 198
83 156 3
72 253 253
63 208 46
33 116 116
25 124 118
53 90 29
103 228 71
155 249 249
47 122 109
36 218 161
36 52 126
58 73 11
19 36 36
131 137 137
43 134 255
50 233 253
38 51 169
17 63 142
123 149 147
61 118 61
33 147 147
23 194 211
192 218 161
114 243 59
100 147 147
91 240 96
95 106 178
15 97 97
98 155 98
64 237 36
141 250 31
58 108 64
20 123 147
10 256 245
60 138 60
94 194 94
19 155 98
23 236 236
48 103 177
27 169 27
3 40 197
9 13 203
178 179 178
128 222 133
139 168 225
141 226 31
91 217 96
75 113 75
73 228 71
97 179 138
120 218 161
197 215 197
19 78 234
68 151 239
14 214 45
109 148 107
106 115 178
17 91 96
92 178 178
28 204 28
74 210 88
11 35 35
4 236 235
95 136 95
46 203 203
43 121 145
124 208 118
97 128 97
34 189 230
57 70 20
15 194 211
131 180 180
207 232 249
15 205 232
201 203 201
19 84 84
125 142 142
92 94 94
102 195 2
205 219 219
141 169 169
135 151 24
155 193 98
194 233 211
101 212 101
153 249 153
36 104 36
22 38 169
187 231 219
228 234 234
176 233 176
68 252 239
221 224 200
36 74 36
137 207 249
130 174 117
108 158 75
83 186 198
74 221 88
16 64 16
58 187 187
45 84 45
143 253 253
78 196 234
207 228 71
153 256 153
138 237 36
38 176 176
65 102 62
12 163 101
40 235 235
5 252 150
25 139 225
78 112 112
127 238 238
46 211 211
17 25 142
88 179 138
40 71 71
71 187 71
30 113 30
13 214 45
104 227 227
70 149 176
55 86 66
47 152 152
202 224 200
222 254 1
53 229 84
5 135 72
138 174 117
161 253 253
22 193 193
80 114 59
144 212 227
172 228 71
24 250 24
198 199 198
82 125 191
131 170 236
116 224 116
189 228 230
105 123 147
36 98 36
10 243 152
124 250 250
120 230 230
214 220 45
71 235 235
69 136 60
58 123 147
38 223 169
137 189 230
44 187 187
57 181 202
78 254 1
11 242 99
151 220 24
163 240 241
175 251 182
57 105 10
43 130 130
72 206 94
96 140 140
150 171 150
132 175 187
14 132 187
58 89 221
203 212 227
121 132 187
17 36 36
187 226 187
36 164 27
80 240 193
31 62 31
64 148 107
7 225 112
63 170 236
17 237 36
1 8 1
172 183 153
150 175 37
106 143 116
77 188 204
68 241 239
115 243 152
208 221 221
104 126 126
138 183 153
16 76 16
7 145 112
83 152 152
31 153 153
36 43 145
63 153 153
182 217 182
38 147 147
94 144 94
87 195 2
24 132 187
163 253 253
78 198 198
73 134 255
195 219 2
182 227 182
128 220 25
83 251 182
139 174 117
3 237 36
227 249 249
115 201 201
158 195 2
168 187 187
107 160 107
9 100 103
5 156 3
39 91 96
61 117 117
81 228 95
39 135 72
121 192 121
101 214 45
91 143 116
123 215 147
72 254 1
50 54 253
31 251 182
14 209 201
130 198 198
25 209 25
17 252 150
8 81 28
37 212 227
52 117 126
16 153 153
138 253 253
78 227 234
12 27 27
31 201 31
187 254 1
151 195 2
21 241 137
70 209 20
53 256 29
12 14 101
95 134 255
50 146 253
100 149 176
105 179 138
156 242 3
43 103 145
91 214 45
32 172 121
53 104 29
80 215 193
73 233 233
102 191 191
2 27 27
101 220 101
73 205 159
165 205 56
42 205 159
22 69 60
45 218 45
91 165 56
89 181 202
183 196 153
94 114 59
63 111 162
92 163 97
237 242 36
14 134 255
13 211 211
2 31 2
240 252 241
128 131 49
185 211 211
18 131 146
122 133 109
57 218 161
85 104 34
52 209 126
63 136 180
65 150 62
162 198 198
18 238 146
160 255 255
101 216 130
172 186 198
184 193 184
45 255 45
165 178 178
93 236 93
31 154 160
153 222 133
43 78 234
193 250 193
168 170 236
136 235 235
100 220 103
69 220 60
170 233 236
114 176 176
116 193 116
145 209 145
39 250 250
63 148 107
53 139 29
154 239 239
14 253 253
6 193 193
132 225 187
66 93 66
19 243 152
158 194 211
67 123 147
42 158 75
67 108 105
91 155 96
80 97 193
204 247 247
156 180 3
47 65 62
75 123 147
75 193 75
119 204 204
32 215 19
145 216 130
136 232 180
3 175 37
79 147 147
149 155 176
6 87 140
65 142 62
7 11 112
222 237 133
3 187 187
112 251 112
4 49 235
26 255 255
27 86 27
24 229 84
40 178 178
79 116 116
52 121 126
56 204 56
164 221 27
19 51 51
69 94 94
38 111 169
97 123 147
94 132 94
30 36 30
103 227 227
87 181 140
66 156 66
105 253 253
53 144 29
63 125 46
9 64 64
139 182 225
5 82 191
42 58 11
163 241 241
83 128 49
73 218 161
43 146 146
130 225 130
1 186 1
108 232 64
20 175 37
41 164 27
55 121 66
75 230 230
48 130 177
128 192 49
34 184 184
34 207 34
2 163 2
61 79 61
5 168 125
159 249 249
14 240 201
75 206 94
70 232 20
21 188 137
50 56 253
142 217 142
176 239 176
160 224 200
43 192 145
212 256 227
71 254 1
5 177 177
7 199 112
36 228 71
56 158 56
154 193 160
15 82 191
147 198 198
51 176 176
49 220 25
141 238 238
140 149 140
9 209 47
242 245 245
92 165 56
41 187 187
28 93 28
96 225 225
90 215 90
99 179 138
94 172 94
144 193 193
24 236 24
19 136 180
5 124 118
129 251 182
177 195 177
83 172 121
57 64 10
48 168 177
57 107 107
83 243 152
116 177 177
13 204 203
15 193 193
21 84 84
21 100 137
5 83 119
20 83 20
36 147 147
72 143 116
38 140 140
105 143 116
82 208 191
16 70 16
6 224 200
35 43 145
114 186 198
46 49 46
47 115 210
74 213 88
40 79 197
155 198 198
83 131 119
119 216 130
56 245 56
214 251 45
71 237 71
116 249 116
111 201 162
17 104 142
181 228 71
122 171 109
55 155 66
16 78 234
178 232 178
111 163 162
43 199 145
42 123 147
67 227 227
50 180 253
37 172 37
54 109 109
125 134 255
10 110 110
132 232 187
35 190 110
145 201 145
185 213 113
192 248 244
107 238 107
71 133 71
22 250 250
92 104 97
52 69 126
136 182 182
72 108 64
143 203 116
218 256 161
125 216 130
170 176 176
11 168 125
7 143 116
14 125 201
104 211 211
165 169 169
135 219 219
32 194 211
189 249 230
84 212 84
15 253 253
99 236 236
134 238 255
131 246 131
112 234 112
221 245 245
18 244 244
71 240 71
11 111 162
134 248 255
174 222 117
201 216 130
16 127 16
8 178 28
107 244 107
6 86 90
186 248 198
160 234 234
83 120 93
53 181 202
43 129 145
109 185 109
74 198 198
7 105 112
25 36 36
55 212 66
85 204 34
14 160 160
160 213 160
183 232 153
87 109 140
140 202 140
174 212 117
8 218 28
31 77 31
144 250 250
37 228 71
25 131 25
21 106 178
3 55 66
4 159 235
102 168 127
186 189 198
145 167 51
131 142 142
90 139 225
27 164 27
190 244 110
194 231 219
20 237 36
94 111 94
139 147 147
118 157 30
199 229 84
159 220 25
65 164 27
165 189 230
21 137 137
72 174 117
40 247 197
70 136 180
66 217 66
207 230 230
32 116 116
193 212 227
174 217 117
65 197 197
63 64 64
78 94 234
192 217 131
156 200 200
20 183 153
18 20 146
58 110 110
41 103 103
18 252 146
5 231 219
62 210 62
67 85 34
176 178 176
83 199 199
119 121 121
14 15 201
129 240 61
179 202 202
210 249 249
8 16 28
81 244 95
13 172 121
169 239 169
151 163 24
52 253 253
139 246 225
73 122 109
194 229 84
69 73 60
149 214 45
84 110 84
54 65 44
96 237 96
8 114 28
170 241 241
145 203 145
55 165 66
42 56 56
41 221 221
7 222 112
108 252 150
21 168 137
111 113 162
19 68 239
8 205 28
138 151 24
58 157 30
29 58 29
174 176 176
98 175 37
65 127 62
141 186 198
68 107 107
152 218 161
135 174 117
18 193 146
28 157 28
62 203 62
71 247 71
76 81 95
150 251 182
19 154 160
115 240 241
67 213 105
59 149 176
179 206 94
78 204 234
13 69 60
120 137 93
18 98 146
44 143 116
32 141 31
25 115 210
128 240 241
130 176 176
36 199 36
179 188 138
128 179 138
195 201 2
100 175 37
98 252 98
124 134 255
42 87 140
90 246 90
41 86 250
41 54 44
75 239 239
34 74 34
15 33 184
158 222 133
219 223 219
42 127 127
117 239 117
191 212 191
88 111 162
20 204 20
128 169 169
69 206 94
142 219 219
11 57 10
5 233 223
43 184 184
63 186 198
30 83 30
134 141 255
46 56 56
7 213 112
76 181 202
106 140 140
21 91 96
67 240 241
167 232 51
97 186 198
53 59 59
57 179 138
98 255 255
25 125 25
207 242 249
61 218 161
13 212 227
148 237 107
13 89 203
192 222 133
41 176 176
139 209 225
21 78 234
159 246 144
110 241 110
21 213 137
15 188 232
147 242 147
108 217 64
14 226 247
151 240 24
126 150 126
82 198 198
39 242 99
225 248 244
17 245 245
125 179 138
90 136 180
164 248 27
83 144 119
104 216 130
43 180 145
232 245 245
71 162 71
144 251 182
54 107 107
143 181 116
37 130 130
23 135 72
39 69 60
94 113 94
13 237 36
45 200 45
146 229 84
96 154 160
58 156 3
81 149 176
51 148 107
15 170 236
112 130 112
105 191 191
55 252 66
83 159 119
110 185 110
152 229 84
31 179 31
86 144 250
83 116 116
125 170 236
162 245 162
7 130 112
89 141 31
85 126 126
54 120 44
157 158 30
158 246 75
83 211 211
28 57 28
6 108 90
161 205 161
177 183 177
22 213 22
81 86 95
16 111 162
127 149 176
42 199 199
11 27 27
123 244 147
96 212 227
27 131 27
52 63 126
92 181 202
118 179 138
155 188 98
27 231 27
137 239 239
93 205 93
103 139 225
162 164 27
36 85 34
42 134 255
189 237 230
176 193 176
17 209 142
186 250 198
18 243 146
170 179 138
4 137 235
57 118 10
47 226 247
26 200 200
88 108 88
106 146 178
31 54 44
156 171 3
157 167 30
113 130 130
78 116 116
56 87 140
96 169 169
53 110 110
241 253 253
76 124 16
28 248 28
22 114 59
166 169 169
34 53 34
80 203 193
74 136 180
81 124 95
100 156 3
209 213 47
176 229 84
86 142 250
128 164 27
123 230 147
226 244 244
16 22 16
46 244 244
88 92 97
68 122 109
120 127 93
33 250 184
105 240 241
50 164 27
31 200 200
148 244 107
10 242 10
34 174 117
186 236 198
58 215 19
30 106 178
207 231 219
209 215 19
25 228 71
48 101 177
123 154 147
24 256 245
161 237 161
91 126 126
38 64 169
141 183 153
111 139 225
81 205 95
99 158 75
53 95 95
87 112 140
38 93 169
49 135 49
23 70 20
61 214 45
70 217 20
104 172 121
22 54 44
74 223 88
20 105 20
77 175 37
82 246 191
53 82 29
1 45 1
41 53 29
154 200 200
183 199 153
28 209 28
199 213 199
33 138 184
12 154 160
9 175 37
83 146 146
85 230 230
46 80 193
86 93 93
160 225 160
149 204 176
83 217 119
135 196 199
151 215 24
135 192 72
48 247 177
69 114 59
75 114 59
17 172 121
63 217 46
69 225 225
100 124 103
118 207 249
30 74 30
105 149 176
82 241 191
131 220 25
148 229 84
133 154 160
58 228 71
53 162 29
117 186 198
90 199 199
11 201 201
51 118 51
207 210 249
18 231 219
30 250 30
246 248 244
43 217 145
1 243 1
125 229 84
12 111 101
19 156 3
29 146 146
8 12 28
139 145 225
10 185 113
16 123 147
53 149 176
122 226 109
33 80 184
58 117 117
142 201 201
22 28 28
23 186 198
76 137 16
62 152 152
23 91 96
5 97 97
139 176 176
5 45 45
113 244 244
111 184 184
6 213 90
89 216 130
147 234 147
150 203 203
114 195 2
115 252 150
57 111 162
43 51 51
6 163 90
43 189 230
148 198 198
91 115 96
63 223 46
179 223 138
55 78 234
92 117 117
133 256 133
204 221 221
71 113 71
61 149 176
146 178 178
52 108 126
28 40 28
57 132 187
46 129 61
117 183 117
74 118 88
78 170 234
128 178 178
194 250 211
131 252 150
134 153 255
3 70 3
66 231 66
46 240 241
1 109 1
44 165 44
5 10 10
18 73 146
97 111 162
144 215 19
164 179 27
80 159 193
9 213 233
30 71 71
101 195 2
13 15 203
23 128 49
94 159 94
14 256 201
60 182 182
199 211 211
155 233 98
26 148 107
91 116 116
68 174 117
27 132 27
91 119 96
59 75 59
189 246 230
91 136 96
38 145 169
177 250 177
39 148 107
32 147 147
244 256 244
219 224 200
83 195 2
1 4 1
20 43 145
149 223 176
71 153 71
15 87 140
174 226 117
143 228 116
2 239 2
191 199 191
28 205 28
18 69 146
18 95 95
42 184 184
110 194 110
53 193 29
117 187 117
207 244 244
30 240 30
7 30 112
12 216 130
106 246 178
31 65 31
145 170 145
81 237 95
137 174 117
23 85 34
53 94 94
155 164 27
73 160 160
95 207 95
91 129 61
90 230 230
12 137 101
207 209 249
153 206 94
136 203 180
30 123 147
70 185 113
49 57 10
60 211 211
2 121 2
2 176 2
33 166 184
215 225 225
6 221 90
58 255 255
24 32 24
107 249 107
155 203 98
120 181 202
82 191 191
114 144 59
85 88 34
40 165 56
84 143 84
177 255 177
27 33 27
10 66 66
76 240 16
59 97 59
69 215 60
77 172 121
148 165 107
98 234 234
42 63 46
172 235 235
86 109 109
112 149 176
162 214 45
3 6 3
60 96 60
98 222 133
131 136 180
210 221 221
2 174 2
152 155 152
113 194 211
13 169 169
75 111 162
35 149 176
141 230 230
30 223 30
190 226 110
165 235 235
62 116 116
19 118 19
40 197 197
99 240 241
115 236 236
118 178 178
1 230 1
77 134 255
7 52 126
159 196 199
119 124 118
69 172 60
161 200 161
126 143 116
18 79 146
59 123 147
49 93 93
22 123 147
54 227 44
50 253 253
105 185 113
112 250 112
63 159 46
27 58 27
245 247 247
92 101 101
174 188 117
29 223 29
135 222 133
58 233 11
20 154 160
76 129 61
121 203 121
5 136 180
83 118 118
46 63 46
28 31 28
97 118 97
120 124 93
183 235 235
21 102 137
25 185 113
142 149 176
21 122 109
5 189 230
193 255 255
185 207 249
62 231 219
28 123 28
77 78 234
62 130 130
5 226 247
109 111 109
41 214 45
91 169 169
5 224 200
48 243 177
62 123 147
99 128 49
55 235 235
171 192 22
150 151 24
28 71 28
50 110 253
5 17 142
148 204 107
115 118 118
17 39 142
34 141 34
85 175 34
37 94 94
186 216 198
11 135 72
115 208 210
17 37 37
28 97 28
32 44 44
10 38 169
63 119 46
160 189 230
15 63 46
100 128 103
103 195 2
156 215 3
97 226 247
86 215 19
123 200 147
126 178 126
156 250 3
10 199 199
22 53 29
71 136 71
182 236 182
96 163 96
50 211 253
91 223 96
64 131 64
38 255 255
207 236 249
97 114 59
192 220 25
24 216 130
25 107 107
154 243 160
97 99 97
8 235 235
243 249 249
96 176 176
122 217 109
25 68 239
188 246 144
141 232 31
137 158 75
30 77 30
48 186 177
163 254 1
69 205 60
233 250 250
39 190 110
16 214 45
85 93 34
116 200 116
18 126 126
197 253 253
65 148 107
82 252 191
161 190 161
26 182 182
70 161 161
3 153 153
24 190 110
195 250 2
214 229 45
9 205 159
37 70 37
14 59 59
44 248 244
82 92 191
103 141 31
157 230 230
42 172 121
135 141 31
40 248 244
116 202 116
239 252 239
29 116 116
62 214 45
128 175 37
85 138 34
115 159 210
58 128 49
36 56 56
253 255 253
12 100 101
42 151 24
128 216 130
9 93 93
196 204 199
142 185 113
90 134 255
115 135 210
42 101 101
177 229 177
77 216 130
171 195 2
42 229 84
56 211 56
5 217 131
110 199 110
49 116 116
145 191 145
2 178 2
104 218 161
22 95 95
72 245 245
23 197 197
87 134 140
100 178 178
47 190 110
5 26 41
87 174 140
62 145 145
79 206 94
6 240 90
62 160 160
7 234 112
9 12 101
223 249 249
157 171 30
178 215 178
60 127 60
18 136 146
45 134 45
104 105 105
206 240 94
112 133 112
27 38 27
4 197 235
22 56 56
215 240 241
80 222 133
7 79 112
7 238 112
150 222 133
93 235 235
66 111 66
25 54 44
5 100 103
41 207 249
8 61 28
39 196 199
133 192 133
5 183 153
12 21 101
57 114 59
158 219 219
58 240 241
109 112 109
24 129 61
155 168 98
43 204 145
1 27 1
93 164 27
52 144 126
32 208 35
180 234 234
47 89 221
63 216 130
21 35 137
115 242 210
59 65 59
11 244 244
46 62 62
1 80 1
203 208 203
66 206 66
114 231 59
4 113 235
216 227 130
29 181 202
2 143 2
8 36 28
108 115 64
72 109 109
133 247 133
4 148 235
208 229 84
213 215 19
102 224 200
180 224 200
7 9 112
57 207 249
2 22 2
66 228 66
32 38 169
37 97 37
6 185 113
9 50 253
87 106 140
27 189 27
180 196 199
188 192 22
59 87 140
80 96 96
112 163 112
134 146 255
66 213 66
75 141 31
149 193 176
18 230 230
63 251 182
124 220 118
31 180 31
70 164 27
26 146 146
56 184 184
154 167 51
14 116 116
98 176 176
113 170 113
106 126 126
102 242 127
232 241 241
89 179 138
10 247 247
20 166 20
16 191 191
8 201 28
154 256 160
90 224 200
219 245 219
3 134 255
15 226 247
129 191 61
79 201 238
35 192 22
86 181 202
84 119 84
55 72 66
109 182 109
139 150 225
75 225 225
121 151 24
66 175 66
17 216 130
85 193 34
5 240 241
114 239 239
11 117 117
165 246 56
122 154 109
237 252 36
85 124 34
235 253 235
35 172 121
26 45 45
73 119 119
54 150 44
2 29 2
237 253 253
69 254 1
147 176 147
74 250 250
32 226 247
220 233 25
134 240 255
90 223 90
147 207 147
25 251 182
13 25 203
59 111 59
115 250 250
30 243 30
85 182 34
182 209 182
123 129 147
72 172 121
48 51 177
26 91 96
89 148 107
40 67 197
226 247 247
86 203 203
62 221 62
13 37 37
148 156 107
152 253 253
21 101 101
27 107 27
37 243 152
78 163 234
20 192 20
107 207 107
200 218 161
102 138 138
218 247 161
70 167 51
134 249 255
121 243 152
123 226 147
3 162 162
121 236 121
139 240 225
80 218 161
82 224 200
222 231 219
23 81 95
121 213 121
157 222 30
81 91 95
43 236 145
85 127 34
38 71 169
12 79 101
87 230 140
20 116 116
119 182 182
84 108 84
154 192 160
95 146 95
225 227 225
22 229 84
38 69 169
13 137 137
37 147 147
103 203 103
51 84 84
60 196 60
214 237 45
37 215 37
68 181 239
1 214 1
70 84 84
45 79 45
163 192 22
118 172 121
6 99 90
91 128 96
54 165 44
17 53 29
127 218 161
162 169 169
107 125 107
38 159 169
46 212 227
44 89 44
15 175 37
11 65 62
184 216 184
127 152 152
50 119 253
25 157 30
38 161 161
14 135 201
100 213 103
16 103 16
76 217 16
38 185 169
47 87 140
165 191 56
141 188 31
45 184 45
14 220 201
18 227 146
82 124 191
14 224 200
166 172 121
11 87 140
131 182 182
8 140 28
6 100 103
122 151 109
33 75 184
185 210 113
70 244 244
62 119 62
52 245 126
47 186 198
134 215 255
47 246 47
150 226 247
53 138 29
95 236 95
201 254 1
47 149 176
30 38 169
115 127 210
16 148 107
89 134 255
93 228 71
7 93 112
11 230 230
9 27 27
128 245 245
108 236 236
65 230 230
33 251 184
150 231 219
37 239 239
80 118 193
3 230 230
61 86 61
47 230 230
4 198 235
29 183 29
152 164 27
54 56 44
99 122 109
38 136 169
163 242 99
209 244 244
176 234 176
42 188 42
34 61 34
110 235 235
77 106 178
69 193 60
75 231 219
88 148 107
5 61 61
82 242 191
24 183 153
104 189 230
45 169 45
212 248 244
16 200 200
106 118 178
52 155 126
14 76 201
75 132 187
116 174 116
150 243 152
162 244 244
166 205 159
72 226 247
55 64 66
95 113 95
120 247 93
32 155 98
40 256 197
86 174 117
13 41 203
131 214 45
119 158 75
33 253 253
2 38 2
143 239 116
203 211 211
31 88 31
80 244 244
49 248 244
194 215 211
41 156 3
156 165 56
196 237 36
47 229 84
131 227 227
129 175 61
92 161 161
210 238 238
14 32 201
184 211 184
92 169 169
20 188 20
108 248 244
155 221 98
157 208 30
28 177 28
43 213 145
100 248 244
48 121 177
33 196 184
41 122 109
158 177 177
104 209 47
18 88 146
75 241 75
18 117 117
2 55 2
7 250 112
201 248 244
49 154 160
103 212 227
123 253 253
102 248 244
184 246 184
138 178 178
208 209 47
144 170 236
50 165 253
26 177 177
115 235 235
32 122 109
102 119 127
2 59 2
33 62 184
103 170 103
23 35 23
74 102 88
44 255 255
123 231 147
19 254 1
77 124 118
24 239 239
19 47 19
84 124 84
21 232 137
56 120 56
41 132 187
212 222 133
49 86 250
52 116 116
81 226 95
89 220 221
144 156 3
14 218 161
86 114 59
131 248 244
91 192 96
117 172 117
112 161 161
113 228 71
20 56 56
43 194 211
111 155 162
124 218 161
52 54 126
167 235 235
52 164 27
43 212 145
97 163 97
31 196 31
4 9 235
27 199 27
119 207 249
21 140 140
81 227 95
56 202 202
73 190 110
172 236 121
97 139 225
84 165 84
115 218 161
25 89 221
65 119 62
62 115 62
157 236 30
95 129 95
82 199 191
128 171 49
70 115 20
103 174 117
15 146 146
9 135 72
27 67 27
108 140 140
129 168 61
45 190 45
76 236 16
90 237 36
186 229 84
86 241 241
47 63 46
21 244 244
18 180 146
113 186 198
2 111 2
153 228 71
65 215 62
89 242 221
131 141 31
86 152 152
55 160 66
99 133 133
83 241 241
53 80 29
56 255 255
130 191 130
113 225 225
128 181 202
178 191 178
63 203 203
52 249 126
2 52 2
104 185 113
161 231 161
29 205 29
79 243 152
79 80 238
121 198 198
147 163 147
90 219 219
52 223 126
105 121 121
98 223 98
9 51 51
97 120 93
109 152 109
127 158 75
195 235 235
136 192 180
18 93 146
92 113 113
204 231 219
24 162 162
66 232 66
31 69 31
184 195 2
135 216 130
119 183 153
72 81 95
85 169 169
177 197 177
196 233 199
134 182 255
82 103 191
26 159 41
145 223 145
149 171 176
46 48 177
12 89 101
70 214 45
25 218 161
151 239 239
223 240 241
74 222 133
26 70 20
95 109 109
156 211 211
36 167 51
22 151 24
29 87 140
124 256 245
143 205 116
14 216 130
156 168 3
61 62 61
130 178 178
50 75 253
137 190 110
95 190 110
65 139 225
126 228 126
212 242 227
132 141 187
5 109 109
45 73 45
228 229 84
134 234 255
149 150 176
80 92 193
74 127 88
11 163 23
79 174 117
34 200 200
122 150 109
112 169 112
121 256 245
109 210 109
87 186 140
167 182 51
220 252 150
15 74 88
49 130 130
111 185 162
135 240 241
49 237 36
15 143 116
17 181 202
77 256 245
18 77 146
40 226 197
70 207 249
66 112 112
99 100 103
150 196 199
77 112 112
80 88 193
66 245 66
108 186 198
39 181 202
21 183 153
12 88 101
218 226 161
141 144 31
23 89 221
68 196 239
212 247 227
70 171 20
14 57 201
162 229 84
13 43 145
4 200 235
70 183 153
4 26 235
44 212 44
7 184 112
159 171 159
59 116 116
24 106 178
141 147 147
68 136 239
91 154 160
14 147 147
9 81 95
142 167 51
3 82 191
148 218 107
54 179 44
15 117 117
44 172 44
55 168 66
137 155 137
14 139 225
64 195 2
36 243 152
40 87 140
201 256 201
12 62 101
194 249 249
144 235 235
102 135 127
152 163 152
127 233 127
109 230 230
61 119 61
107 109 107
111 251 182
155 228 71
30 167 30
171 239 239
91 112 112
8 170 28
27 148 27
50 80 253
15 57 10
119 163 119
8 24 28
57 100 10
5 91 96
48 95 177
111 181 202
30 236 30
52 142 126
11 81 95
108 203 203
60 233 60
135 233 72
34 42 34
21 208 137
150 207 249
122 192 109
46 107 107
134 184 255
88 156 3
60 64 60
189 242 230
64 252 150
156 245 245
26 155 98
1 215 1
142 222 133
60 177 177
52 133 126
42 192 22
31 108 31
61 226 61
142 189 230
89 160 160
52 198 198
18 58 146
6 39 90
69 189 230
102 249 249
67 209 105
122 196 109
233 237 36
53 207 29
117 214 45
238 252 238
57 198 198
91 113 96
166 237 36
145 218 161
27 50 27
2 248 2
163 214 45
78 205 234
51 137 51
72 186 198
26 167 51
135 244 244
21 209 137
117 179 117
15 155 98
153 244 244
107 111 107
106 122 178
170 213 236
108 222 133
52 66 126
185 229 84
105 180 180
84 178 84
152 224 200
137 248 244
112 134 255
136 211 211
69 180 60
18 171 146
35 167 51
17 214 45
186 207 198
247 248 244
76 220 16
72 87 140
150 215 19
7 168 112
87 225 140
6 64 90
120 171 93
105 251 182
39 106 178
47 141 31
26 82 191
7 175 112
205 208 159
4 116 235
112 238 112
77 242 204
164 204 27
27 53 27
28 64 28
115 226 247
31 147 147
208 228 71
80 221 193
57 194 211
33 225 184
33 193 184
12 185 101
170 220 236
45 251 45
57 203 10
158 186 198
7 211 112
181 248 202
98 119 98
177 181 177
45 248 45
96 222 133
31 224 200
64 73 64
192 223 22
17 30 30
170 188 236
11 40 197
78 179 234
52 180 126
186 241 198
24 91 96
141 222 133
217 248 244
41 142 142
37 51 51
26 170 236
84 205 84
28 223 28
40 136 197
62 241 62
111 217 162
1 87 1
26 130 130
202 218 161
63 237 36
98 206 94
84 117 84
107 116 116
55 104 66
2 14 2
33 145 184
89 204 221
7 141 112
171 215 19
125 139 225
158 166 75
90 120 93
16 193 16
245 253 253
5 236 236
47 214 45
30 183 30
59 242 59
122 189 230
82 178 178
70 212 227
190 246 110
118 148 107
191 249 249
162 215 162
21 143 116
174 228 117
8 27 27
16 105 16
29 81 95
53 251 29
244 251 244
69 192 60
220 245 245
59 190 110
248 252 244
208 212 227
76 114 59
185 252 113
100 104 103
85 160 160
7 84 84
12 158 101
168 196 199
155 252 98
72 256 245
142 239 239
154 168 160
87 241 140
39 83 119
84 142 84
19 177 177
58 250 250
130 222 130
6 196 199
62 82 191
211 233 211
97 177 177
16 66 66
99 201 201
97 148 107
203 253 253
35 198 198
94 222 94
79 155 238
74 179 138
102 129 61
46 234 234
15 237 36
39 206 94
153 231 219
150 185 113
23 156 3
130 190 110
59 117 117
30 239 239
178 228 178
11 115 210
89 195 2
82 223 191
36 230 230
207 252 249
79 156 238
21 116 116
212 251 182
103 129 61
158 192 75
90 251 182
161 226 161
19 87 140
95 240 95
99 194 211
158 221 75
151 192 24
64 105 105
75 246 75
53 185 29
60 201 201
1 23 1
88 114 59
105 160 160
168 185 113
11 151 24
49 204 204
20 85 34
181 252 202
105 255 255
88 251 182
107 121 107
4 134 235
88 141 31
88 149 176
148 254 1
46 156 3
62 182 182
82 148 107
135 179 138
206 208 94
76 151 16
8 98 28
10 104 10
56 196 56
84 149 84
32 149 176
7 164 27
144 239 239
193 245 245
18 48 177
44 238 44
19 38 169
38 122 109
76 86 16
60 226 247
186 237 198
47 118 118
82 141 191
162 192 162
25 240 241
20 150 20
121 131 121
32 163 23
42 156 3
24 207 249
140 186 140
74 205 88
52 73 126
80 141 31
17 86 250
8 169 28
93 184 184
76 120 93
151 171 24
38 101 169
29 131 29
14 39 201
149 206 176
88 196 199
25 76 16
91 251 182
190 206 110
9 19 19
34 51 51
104 112 112
65 179 62
172 233 121
114 181 59
13 229 84
125 234 234
121 206 94
18 83 146
175 246 37
48 244 177
44 226 44
45 111 45
165 224 200
58 70 20
148 250 107
44 253 253
29 224 200
2 165 2
1 181 1
86 207 249
45 186 45
79 186 198
145 245 145
49 92 97
84 184 84
70 120 93
217 237 36
4 213 235
88 215 19
138 172 138
182 244 244
113 181 202
100 214 45
160 185 160
91 102 96
102 155 98
33 218 161
167 188 51
94 242 94
149 225 176
124 235 235
180 226 247
119 191 191
5 132 187
116 204 116
2 230 2
21 55 66
108 220 64
78 213 234
105 216 130
87 166 140
111 121 162
169 222 169
87 179 140
7 148 107
123 159 147
79 114 59
38 137 169
116 175 116
137 151 24
230 248 230
217 223 131
2 75 2
15 72 72
171 198 198
92 213 97
108 224 200
9 230 230
17 92 97
111 175 162
14 123 147
2 98 2
19 251 182
87 227 140
10 18 146
79 159 238
102 167 51
120 182 182
20 76 16
100 115 103
79 150 238
94 178 178
85 143 116
13 120 93
62 200 200
30 68 239
41 165 56
109 251 109
134 232 255
167 174 117
21 233 137
204 250 250
224 229 84
111 138 162
177 218 177
109 215 109
92 252 97
35 79 238
33 111 184
121 187 187
87 91 140
250 254 1
87 151 140
89 185 113
41 72 41
163 198 198
87 122 140
50 215 253
96 177 177
133 158 133
107 255 107
141 241 31
56 180 56
47 84 84
18 178 178
10 24 24
48 82 177
111 197 197
159 172 121
57 106 178
53 79 29
155 236 98
189 243 230
99 114 59
16 134 255
13 198 198
184 224 184
67 170 236
109 244 109
19 225 225
17 108 142
159 167 51
132 148 107
35 159 35
122 228 109
87 232 140
14 168 201
54 182 44
52 139 126
81 110 110
185 196 113
150 170 236
107 135 107
25 212 227
60 224 200
24 141 31
5 164 27
52 193 126
92 136 180
24 82 191
94 151 94
76 171 16
117 252 117
123 210 147
196 209 199
4 240 235
52 177 177
176 254 1
2 190 2
123 153 147
61 70 61
107 231 107
12 44 101
21 77 137
106 239 178
111 229 84
1 156 1
2 183 2
70 133 133
126 241 126
178 218 178
27 51 27
111 127 162
96 116 116
100 145 145
74 236 236
29 30 30
234 245 234
175 188 37
143 146 116
4 75 235
32 139 225
124 177 177
90 93 93
105 215 19
1 117 1
169 250 169
158 204 75
35 101 101
9 203 203
151 159 24
211 249 249
58 179 138
41 136 180
169 220 169
47 102 127
157 215 30
86 125 250
33 123 147
231 246 219
190 198 198
15 17 142
190 201 110
7 116 116
4 225 235
51 186 198
7 103 112
48 93 177
126 216 126
85 167 51
181 183 202
80 160 160
67 171 105
128 191 191
126 245 126
51 100 51
40 94 94
64 222 133
56 234 234
37 60 37
110 243 110
53 147 147
208 240 241
150 245 245
55 182 66
33 63 184
161 175 161
83 115 210
178 221 178
144 198 198
46 93 93
28 245 28
45 253 253
91 98 96
232 234 234
3 14 201
70 155 98
2 234 2
20 234 234
182 206 94
153 186 198
222 240 133
57 230 230
25 62 62
114 199 59
3 80 3
156 166 3
21 154 160
78 253 253
145 158 145
41 75 75
69 145 145
15 151 24
135 172 121
33 222 184
78 106 178
14 37 37
2 96 2
25 48 177
63 108 64
170 221 236
47 174 117
104 170 236
70 152 152
76 244 244
97 223 97
133 164 27
3 60 60
39 85 34
107 146 107
98 226 247
80 165 56
40 121 197
58 101 101
29 211 29
43 256 145
3 36 36
124 175 37
42 81 95
32 218 161
100 143 116
177 207 177
26 205 41
3 174 117
110 246 110
70 243 152
108 191 191
139 202 202
55 192 66
47 96 96
15 125 125
161 239 161
69 235 235
231 240 219
192 242 99
54 62 44
154 182 160
50 112 253
113 115 113
25 237 36
120 240 93
19 175 37
67 251 182
44 175 44
91 237 96
8 49 28
124 223 118
144 179 138
60 176 176
4 186 235
114 166 59
90 112 112
82 90 191
68 72 239
30 54 30
171 211 211
7 17 112
103 136 180
17 200 200
113 174 117
95 116 116
12 142 101
17 61 61
134 163 255
61 253 253
76 90 16
156 208 3
175 220 37
79 119 238
77 81 95
80 81 95
129 226 61
112 125 112
79 196 238
11 204 204
233 240 241
111 255 255
24 186 198
18 251 146
102 171 127
126 197 126
90 138 138
248 253 253
3 121 3
92 99 97
21 204 137
126 140 140
63 73 46
16 63 16
179 241 138
69 236 60
182 200 200
194 230 230
16 238 238
38 146 169
125 141 31
23 196 199
26 174 117
249 253 253
16 34 34
3 123 147
69 91 60
52 146 126
21 186 198
93 222 133
26 114 59
13 45 45
13 22 203
33 124 184
90 250 90
24 77 24
166 177 177
116 144 116
73 175 37
91 189 230
35 206 94
36 99 36
106 116 116
81 187 95
102 140 140
12 208 101
52 94 126
2 255 2
102 172 121
120 194 93
78 123 147
210 218 161
8 107 28
215 254 1
119 245 245
44 211 44
76 168 16
132 189 230
162 217 162
88 118 88
125 190 110
57 250 10
137 225 225
12 164 27
40 142 197
50 174 253
11 147 147
102 235 235
164 201 27
1 149 1
73 94 94
3 109 109
64 141 31
96 146 146
123 205 147
68 230 230
126 255 126
77 135 204
97 246 97
202 254 1
113 229 84
11 69 60
111 177 177
11 89 221
14 185 201
32 200 200
8 182 28
176 207 176
191 234 234
83 139 225
4 65 235
139 163 225
40 170 197
169 238 169
111 215 162
38 102 169
79 183 153
163 188 23
42 174 117
1 82 1
9 192 22
124 192 118
21 185 113
107 138 107
57 206 94
36 53 29
76 131 16
81 256 95
43 163 145
149 235 235
109 253 253
139 220 225
12 169 169
65 147 147
34 143 116
41 216 130
28 175 28
67 203 203
73 158 75
26 119 41
100 252 103
174 245 117
25 130 130
86 228 71
205 256 245
98 190 110
88 238 238
88 174 117
139 208 225
54 237 44
126 200 126
172 175 37
93 237 93
4 193 235
50 167 253
164 240 27
59 143 116
52 138 126
124 232 118
41 82 191
26 106 178
14 190 110
18 239 239
181 189 230
6 75 75
57 221 10
134 162 255
135 157 30
7 231 112
76 107 107
39 58 11
94 255 255
68 116 116
75 108 75
185 224 200
92 251 182
16 117 117
110 124 110
174 251 117
74 160 160
41 64 64
45 191 45
36 163 36
13 165 56
40 242 197
59 213 59
71 167 71
136 150 180
121 129 61
25 45 45
8 86 28
8 255 28
91 188 96
57 232 10
107 252 107
74 104 88
9 17 142
81 209 95
31 190 110
3 159 3
175 211 211
100 215 103
61 107 107
25 188 25
49 152 152
106 244 178
224 236 200
55 69 66
118 187 187
207 239 239
27 142 27
77 223 204
136 246 180
31 226 31
64 215 19
23 130 130
55 219 66
13 100 103
23 193 193
74 165 56
45 165 45
108 168 64
16 235 235
26 224 200
204 227 227
45 162 45
203 256 245
186 239 198
134 222 255
16 124 16
117 165 117
49 65 62
32 151 24
133 206 94
70 114 59
27 171 27
60 120 93
136 239 239
171 235 235
141 215 31
40 43 197
29 200 200
187 225 187
162 190 110
196 234 234
117 152 117
119 151 24
21 67 137
55 62 66
14 88 201
32 150 150
203 250 203
129 249 249
45 95 45
17 160 160
51 87 140
139 229 84
61 114 59
39 245 245
6 9 90
27 36 27
42 73 42
73 217 131
35 104 35
4 108 235
132 183 187
165 204 56
168 181 202
36 132 187
140 147 140
140 145 140
70 210 20
54 174 117
75 196 75
21 207 249
67 112 112
180 233 180
61 229 84
73 154 160
67 158 75
86 149 176
6 218 161
19 203 203
35 135 72
151 196 199
59 217 59
21 205 137
13 71 71
213 237 36
128 224 200
81 230 230
164 239 27
20 73 20
69 116 116
25 172 121
77 125 204
96 253 253
15 124 118
110 186 198
53 164 27
144 228 71
45 216 45
217 243 152
99 134 255
9 157 30
1 22 1
137 218 161
4 111 235
37 53 29
47 106 178
27 138 27
53 210 29
232 251 182
75 189 230
29 135 29
95 189 230
13 52 126
105 151 24
127 201 201
12 34 34
12 174 117
221 252 150
86 206 94
124 215 19
102 108 64
60 87 140
54 70 44
91 171 96
117 118 117
27 151 27
58 154 160
131 172 121
167 252 51
93 201 93
134 225 255
155 210 98
75 164 27
5 157 30
89 230 230
26 209 41
123 133 147
94 141 94
10 186 198
120 201 93
111 167 51
100 229 84
13 119 203
24 31 31
58 212 227
16 97 16
54 233 44
16 79 238
21 50 253
14 74 201
131 156 3
78 199 234
2 44 2
172 240 121
27 114 27
13 134 255
96 138 96
102 136 180
114 250 59
154 199 160
1 153 1
4 175 235
31 103 31
84 235 235
97 126 126
31 229 84
126 154 126
128 210 210
21 76 16
153 217 153
35 92 97
87 143 140
130 203 130
133 163 133
6 158 75
9 217 131
35 252 150
116 230 116
34 161 161
10 179 138
3 167 51
46 186 198
44 146 146
47 242 47
136 193 180
44 249 44
171 251 182
184 228 184
102 115 210
80 220 193
112 201 112
168 175 37
96 145 145
156 247 247
80 241 193
70 140 140
197 216 130
54 155 44
166 207 249
8 196 28
46 65 62
81 109 109
49 207 249
106 177 177
32 157 30
26 61 61
170 177 177
3 9 3
4 125 235
8 90 28
128 188 49
117 226 117
89 255 255
156 175 37
77 226 247
149 183 176
15 69 60
165 221 56
143 206 116
124 183 153
221 256 245
33 167 184
126 199 126
123 187 147
124 222 133
158 239 239
12 77 101
62 73 62
26 238 238
79 207 249
3 251 182
5 87 140
14 127 201
4 5 235
6 92 90
11 50 253
123 246 147
113 114 59
53 174 117
60 212 227
22 136 180
10 175 37
164 165 27
178 225 178
94 180 94
8 207 28
1 229 1
62 138 62
37 195 2
30 178 178
63 92 97
137 196 199
121 221 121
220 224 200
12 222 133
65 67 62
44 148 107
37 216 130
220 249 249
160 178 178
35 76 16
77 252 150
35 182 182
101 251 101
35 221 221
4 158 235
51 125 51
34 132 34
58 178 178
63 163 46
147 181 147
172 188 121
14 71 71
96 246 96
100 106 178
25 37 37
196 210 199
76 200 200
28 169 28
175 222 133
58 170 236
127 164 27
172 241 121
91 133 133
146 154 146
53 127 29
99 206 94
124 155 98
15 35 232
85 234 234
110 127 110
40 103 197
8 234 28
3 113 113
110 255 255
131 225 225
15 208 232
35 74 88
102 232 127
96 181 202
175 216 130
43 208 145
155 183 153
175 230 230
183 243 153
202 252 202
89 147 147
26 162 162
77 147 147
123 196 147
80 112 112
18 140 140
107 253 253
13 174 117
83 110 110
36 239 239
49 143 116
15 119 119
2 51 2
3 62 62
86 243 152
47 157 30
102 190 110
206 251 94
166 209 47
175 193 37
55 244 66
53 152 29
72 117 117
172 189 230
175 256 37
68 132 239
109 161 109
25 224 200
77 248 244
8 55 28
13 213 203
22 67 105
229 250 84
68 209 239
139 179 225
49 123 147
190 241 110
68 152 239
104 135 72
25 190 110
109 165 109
84 238 84
77 220 25
178 237 178
139 205 225
151 217 24
8 195 28
47 56 56
53 157 30
98 184 184
172 217 121
153 208 153
148 164 27
85 142 34
168 239 239
101 209 101
167 218 161
137 213 137
106 147 147
111 172 162
3 122 109
32 80 193
29 215 29
18 221 146
53 245 29
99 125 125
86 128 250
38 96 169
5 7 112
98 115 98
124 188 118
8 108 28
68 219 239
48 199 177
74 195 2
103 226 247
144 242 99
82 238 238
159 212 227
44 128 44
33 106 178
149 172 176
34 35 34
66 143 116
4 115 235
76 94 94
4 172 235
237 255 255
132 169 169
194 232 211
56 129 56
111 174 117
213 220 25
6 243 152
24 40 197
4 223 235
135 208 72
112 244 112
62 204 62
146 203 146
226 234 234
65 209 62
62 89 62
136 185 113
15 167 51
40 82 197
73 78 234
28 109 28
30 44 30
40 102 197
74 100 103
186 222 198
19 158 75
18 51 51
1 216 1
3 81 95
148 158 107
74 83 88
184 244 184
56 205 56
87 198 140
24 110 110
223 252 150
184 226 184
139 201 225
119 249 249
43 113 145
130 137 130
128 201 201
75 254 1
155 161 161
4 203 235
6 141 31
51 214 45
31 221 31
35 183 153
112 156 112
64 76 16
84 176 84
19 60 60
156 170 3
70 204 20
13 107 107
156 213 3
76 115 16
73 203 203
46 255 255
82 107 107
101 184 184
43 64 145
97 183 153
71 126 126
143 157 116
53 88 29
205 212 227
66 239 239
41 78 234
70 91 96
115 138 138
120 123 147
132 240 187
85 183 34
28 215 28
11 136 180
22 156 3
31 109 109
3 26 3
137 143 116
64 69 60
43 158 145
189 195 2
192 231 219
58 134 255
11 14 201
47 133 133
25 152 152
152 178 178
18 219 219
20 210 20
137 227 227
46 53 29
168 189 230
57 209 10
201 237 201
70 250 20
103 150 103
64 245 245
214 256 45
22 82 191
90 99 90
205 230 230
115 119 210
91 242 96
78 81 234
166 175 37
50 255 253
37 223 37
237 240 36
82 244 244
111 230 230
27 73 27
128 141 31
126 205 126
142 155 98
93 199 93
56 247 56
231 255 255
91 123 147
102 176 176
22 91 96
32 51 51
27 254 1
89 249 249
12 120 101
192 212 227
65 149 176
5 15 232
22 88 88
184 254 1
178 235 235
50 93 253
83 236 236
153 205 153
152 227 152
46 172 121
73 224 200
122 157 109
8 18 28
61 102 61
15 68 239
70 159 20
197 223 197
133 218 161
130 165 130
38 247 169
4 30 235
113 226 247
59 170 59
39 128 49
23 256 245
67 134 255
80 236 193
69 175 37
63 198 198
102 239 239
16 240 16
7 8 28
108 119 64
101 165 101
84 186 84
87 255 140
100 125 103
117 175 117
156 197 197
5 200 200
41 143 116
11 220 25
140 243 140
124 168 118
14 111 162
106 138 178
8 31 28
20 40 197
68 135 239
126 202 126
21 193 137
28 83 28
224 232 200
105 208 105
183 248 244
89 172 121
36 80 36
25 137 137
46 54 44
3 117 117
43 246 145
119 185 113
38 215 169
57 82 191
203 252 203
28 126 28
117 176 176
153 183 153
46 127 46
135 215 19
64 74 88
138 226 247
184 245 184
28 122 28
226 251 182
26 79 238
176 251 176
159 230 230
73 102 127
215 231 219
18 196 146
39 80 193
196 222 133
170 212 227
43 183 153
124 251 182
126 230 230
117 137 117
46 92 97
168 220 25
24 67 24
104 242 99
64 68 239
75 94 94
124 214 45
189 226 230
67 161 161
145 197 197
48 92 177
52 254 1
26 139 225
62 148 107
114 155 59
1 70 1
86 223 250
8 225 28
14 194 211
103 144 103
8 160 28
66 247 66
229 235 235
13 70 20
8 245 28
169 189 230
61 132 187
47 66 66
104 107 107
58 79 238
8 219 28
150 178 178
119 256 245
32 217 131
18 232 146
37 50 253
203 244 244
35 170 236
137 153 153
54 167 51
179 198 198
217 225 225
44 79 44
66 105 66
15 128 49
10 92 10
10 123 147
206 254 1
69 229 84
58 131 131
17 131 142
235 246 235
211 225 225
210 215 19
163 208 23
42 46 46
167 223 51
15 107 107
102 226 247
65 96 96
82 111 191
32 79 238
90 241 90
141 218 161
196 202 202
43 133 133
198 224 198
28 107 28
6 255 255
139 160 160
124 157 30
45 89 45
80 183 153
104 181 202
9 240 241
38 238 169
2 238 2
39 241 241
106 200 178
41 104 41
154 226 160
14 138 201
68 85 239
65 205 62
82 106 178
87 140 140
55 89 66
41 203 203
143 153 116
27 172 27
186 234 198
72 106 178
45 69 45
155 255 255
161 229 84
151 170 24
64 241 241
65 165 56
49 111 162
77 80 193
77 92 97
86 225 225
81 199 95
180 251 182
85 194 34
186 235 235
136 168 180
24 234 234
119 215 19
72 238 238
224 245 200
137 192 137
7 135 112
9 55 66
53 191 29
74 177 177
76 91 16
19 151 24
23 231 219
55 180 66
44 152 44
80 158 75
112 117 117
30 171 30
49 256 245
244 249 244
133 196 133
103 120 93
69 140 140
31 165 56
164 194 27
88 222 133
83 85 34
81 224 200
53 141 29
145 222 133
57 90 10
80 186 198
48 96 177
181 197 202
69 83 60
32 214 45
21 108 137
25 77 25
122 230 230
103 253 253
176 241 176
92 139 225
35 162 162
121 195 2
138 146 146
67 146 146
205 207 249
141 249 249
57 67 10
65 233 62
152 191 152
8 9 28
120 236 93
40 138 197
195 200 2
53 72 29
31 76 31
57 208 10
185 251 182
143 217 116
8 76 28
146 180 146
79 245 238
43 151 145
20 58 20
30 182 30
13 125 203
199 234 234
97 101 101
92 188 97
43 53 29
215 235 235
52 221 126
157 184 184
39 110 110
40 232 197
12 101 101
57 213 10
135 166 72
54 118 44
48 147 177
67 154 160
45 239 45
170 246 236
169 207 169
97 243 152
39 192 22
55 242 66
57 84 84
137 168 137
124 245 245
195 196 2
14 99 201
141 184 184
94 207 94
131 237 36
9 52 126
145 214 45
211 255 255
82 129 61
108 208 64
120 136 93
19 237 36
73 248 244
40 139 225
199 225 225
192 256 245
20 146 146
101 177 177
166 256 245
4 61 235
143 246 116
1 248 1
131 153 153
36 217 36
11 78 234
156 183 153
153 177 177
108 137 137
190 210 110
143 245 116
93 182 182
110 135 110
2 146 2
136 206 94
69 161 161
89 210 221
156 190 110
90 183 153
119 243 152
167 242 51
146 247 146
17 239 239
40 62 197
78 101 234
92 158 75
53 135 29
119 220 25
205 225 225
10 235 235
16 94 94
18 225 146
18 199 146
154 245 160
29 137 29
87 251 140
125 246 125
111 196 162
4 99 235
52 115 126
21 210 137
97 235 235
17 127 142
111 164 27
64 124 64
38 112 112
178 198 198
60 151 60
215 242 19
135 217 72
7 254 1
132 202 202
120 128 93
55 161 161
179 226 247
169 251 169
44 244 244
11 13 203
106 187 178
77 171 204
62 205 62
98 187 187
28 141 28
186 225 198
30 152 30
42 166 42
15 62 62
98 215 98
46 231 219
76 214 45
12 156 101
51 256 51
152 174 117
45 148 45
77 209 204
150 218 161
77 170 236
3 222 133
53 70 29
62 178 178
55 101 66
102 111 162
122 130 109
134 168 255
52 85 126
57 131 10
164 203 27
42 62 62
63 191 191
109 146 109
168 246 125
163 183 153
80 129 61
36 89 36
80 243 152
70 73 20
29 140 140
22 240 241
56 68 239
10 96 96
1 44 1
7 202 112
89 154 160
22 96 96
163 186 198
196 214 45
35 256 245
214 221 45
216 224 200
91 164 27
127 143 116
91 103 96
204 216 130
104 256 245
8 113 28
4 32 235
53 186 198
67 84 84
112 123 147
89 128 221
57 256 245
108 144 64
2 148 2
27 116 27
67 106 178
21 80 137
245 248 244
78 226 234
99 168 125
189 229 84
79 149 176
160 166 160
18 162 146
167 178 178
125 194 211
188 217 131
1 169 1
147 228 147
16 141 31
79 221 238
93 190 110
15 45 45
114 203 59
95 226 95
24 218 161
20 79 238
50 59 253
74 216 130
16 186 198
36 246 36
95 218 161
184 199 184
165 253 253
115 253 253
47 153 153
18 215 146
40 241 197
48 154 177
62 92 62
137 162 162
81 162 95
72 115 210
89 211 211
116 154 116
43 222 133
109 225 109
25 144 25
166 174 117
11 83 119
6 204 90
136 215 180
131 201 201
136 186 198
196 254 1
42 251 182
145 155 145
38 195 2
8 106 28
191 203 191
58 167 51
203 240 203
79 220 238
26 117 117
29 229 84
91 157 30
133 243 133
10 88 10
224 250 200
89 99 221
34 60 34
124 133 133
6 208 90
108 249 249
124 242 118
111 203 162
27 248 27
7 104 112
75 224 200
12 167 51
25 181 202
134 185 255
12 171 101
79 213 238
12 124 101
66 113 66
81 135 95
135 187 187
76 96 16
66 78 234
159 180 180
9 163 23
140 208 140
105 110 110
219 228 219
57 241 10
80 122 109
9 167 51
38 120 169
149 181 176
24 121 24
58 69 60
51 157 30
17 78 234
64 180 180
182 194 182
91 213 96
96 149 176
24 200 200
9 123 147
89 174 117
99 121 121
70 215 20
97 251 182
23 154 160
91 101 101
62 65 62
54 129 44
231 247 219
147 174 147
71 186 198
78 97 234
99 118 118
39 188 188
79 93 93
27 178 27
28 156 28
51 178 178
135 193 193
169 228 169
190 243 110
48 153 177
68 77 239
12 245 101
95 255 255
137 212 227
62 186 198
79 184 184
68 223 239
167 253 253
12 160 160
71 141 71
200 248 200
14 239 239
22 239 239
68 160 239
90 229 84
205 233 159
66 151 66
94 139 94
60 79 238
9 122 109
35 97 97
99 184 184
167 199 51
1 2 1
10 135 10
50 68 253
45 198 45
220 246 25
103 245 245
148 228 107
87 164 27
147 175 147
84 231 84
96 111 162
17 60 60
79 167 51
231 234 234
111 137 162
42 85 34
54 105 44
59 92 59
133 211 133
52 145 126
103 207 249
127 183 153
241 242 241
102 212 227
205 217 131
101 237 101
134 228 255
47 177 177
58 144 144
141 156 31
75 255 255
53 159 29
30 69 30
108 143 116
171 201 201
130 187 130
40 163 197
75 172 75
182 239 239
152 219 219
89 243 152
22 215 19
135 170 236
78 176 176
63 84 84
36 131 36
224 227 200
35 240 241
50 217 253
31 254 1
58 99 99
53 73 29
128 160 160
151 174 117
45 54 45
150 165 56
196 217 199
45 243 45
122 250 109
111 198 198
5 251 182
86 143 116
61 177 177
87 184 140
24 124 24
215 239 239
1 140 1
55 92 66
53 102 29
69 223 60
92 224 200
155 201 201
63 82 191
78 100 234
207 251 249
81 207 95
60 70 60
22 206 94
156 218 161
72 171 72
127 151 24
32 129 61
18 192 146
102 123 147
111 133 133
80 132 187
57 158 75
76 218 161
103 157 30
18 62 146
54 88 44
17 207 249
127 156 3
100 246 103
77 179 138
115 131 210
149 234 176
216 246 130
129 188 61
111 248 244
94 185 94
132 178 178
104 179 138
5 220 25
150 162 162
81 122 109
69 241 60
95 154 95
52 93 126
26 84 84
231 253 253
79 151 238
7 185 112
116 162 116
237 248 244
65 136 62
23 87 140
113 149 176
127 165 56
85 86 34
63 233 46
87 135 140
136 251 182
112 145 112
168 254 1
89 217 221
60 104 60
143 192 116
20 202 202
219 248 219
28 43 28
7 151 112
36 186 198
82 118 191
62 228 71
104 243 152
191 219 219
174 204 117
216 253 253
49 225 225
108 177 177
13 191 191
232 238 238
132 237 187
179 221 138
126 167 126
240 247 247
113 122 109
165 206 94
220 243 152
89 157 30
10 234 234
182 207 249
73 133 133
16 252 16
27 126 27
77 108 64
14 250 201
146 165 146
70 86 20
55 132 66
43 167 51
20 168 20
163 196 199
19 43 145
39 57 10
75 82 191
163 222 133
166 249 249
56 210 56
132 182 187
147 213 147
15 147 147
72 79 238
51 103 51
165 193 56
87 99 140
181 198 198
32 65 62
76 195 2
80 210 193
82 174 117
1 102 1
83 119 119
70 256 245
95 180 95
105 163 105
142 202 202
131 203 203
26 104 41
57 175 37
116 165 116
99 193 193
28 234 28
104 238 238
29 158 29
45 114 45
51 219 219
51 66 66
142 161 161
92 125 97
53 235 235
51 254 1
9 204 204
147 170 147
155 194 211
150 161 161
62 256 245
132 167 51
34 81 95
47 121 121
197 243 197
35 67 105
55 249 66
126 133 126
26 63 41
33 190 110
37 132 187
73 111 162
4 6 235
34 66 66
189 202 230
104 234 234
50 252 253
26 192 41
12 205 101
101 233 101
188 237 36
49 194 211
172 220 121
79 205 238
128 247 247
158 176 176
29 157 30
79 242 238
21 174 117
169 246 169
49 139 225
9 248 244
52 74 126
5 77 204
116 235 235
230 253 253
12 46 101
43 171 145
27 197 27
162 199 162
138 186 198
128 136 180
5 203 203
15 100 103
33 151 184
46 246 46
7 14 112
86 127 250
91 204 96
149 213 176
25 168 25
172 243 152
40 221 197
7 217 112
139 254 1
129 204 61
184 218 161
62 80 62
136 208 180
198 239 198
85 199 34
206 237 94
106 167 178
145 147 147
136 231 219
7 161 161
18 202 202
12 54 101
41 70 20
105 158 75
139 188 225
202 217 202
34 122 109
149 154 176
127 170 236
54 110 110
145 151 145
70 172 20
84 240 84
83 196 199
58 127 127
72 227 227
11 215 19
135 185 113
91 132 187
87 187 140
86 255 255
104 192 22
6 167 51
71 127 71
26 214 45
160 199 160
28 78 28
65 232 62
59 66 66
148 152 107
107 239 107
65 166 62
207 213 249
77 243 152
51 124 51
150 157 30
11 252 150
214 243 45
137 160 160
63 76 16
28 55 28
16 147 147
69 255 255
15 248 244
27 213 27
7 99 112
115 231 219
95 229 84
156 256 245
28 188 28
162 238 238
7 201 112
48 233 177
179 196 199
5 114 59
54 142 44
14 42 201
158 184 184
15 245 245
129 185 61
199 256 245
59 174 117
1 133 1
109 133 109
125 181 202
49 156 3
18 66 66
59 138 59
88 133 133
34 197 34
117 224 117
75 175 75
13 199 199
210 236 236
195 197 2
140 219 140
105 174 117
59 157 59
212 232 227
189 217 230
103 247 247
26 212 227
206 245 94
147 191 147
154 214 45
25 194 211
25 108 64
8 54 28
46 67 105
86 87 140
151 194 211
24 41 24
51 121 51
84 127 84
105 139 225
73 230 230
91 236 96
190 215 110
34 106 178
115 157 30
1 101 1
97 146 146
22 220 25
193 207 249
79 98 238
66 98 66
33 191 184
181 238 202
77 100 103
167 231 219
57 236 10
12 242 101
65 122 109
32 89 221
16 179 16
129 177 177
177 232 177
192 251 182
38 57 169
49 91 96
1 195 1
214 216 45
65 242 62
13 155 98
221 255 255
122 212 109
25 229 84
55 237 66
132 203 187
94 252 94
164 214 27
200 247 200
38 143 116
5 6 90
8 156 28
25 195 2
128 172 121
92 223 97
191 222 133
25 117 117
33 73 184
28 159 28
41 125 41
20 196 199
12 212 101
213 245 245
150 155 98
111 135 162
53 154 160
1 240 1
18 57 146
70 92 20
104 154 160
27 232 27
38 188 169
1 151 1
45 149 45
167 251 51
33 108 184
101 120 101
63 135 46
5 170 236
23 65 62
183 209 153
153 255 255
7 242 112
200 254 1
98 191 191
60 241 60
104 156 3
40 137 197
83 249 249
82 154 160
20 158 75
170 229 84
74 131 88
81 94 95
136 147 147
104 217 131
206 250 94
3 54 44
120 187 187
7 57 112
59 222 59
170 250 236
99 210 210
135 226 247
176 203 176
65 246 62
156 236 3
69 119 60
37 202 202
16 197 197
153 239 239
153 254 1
28 228 28
33 122 109
54 67 44
69 204 60
106 148 107
143 219 116
212 216 130
140 223 140
106 198 198
100 120 93
6 38 169
100 137 137
42 70 20
11 122 109
56 71 71
65 186 198
48 155 177
157 249 30
143 232 116
33 57 184
175 226 37
90 216 130
9 144 144
147 179 147
76 230 230
132 238 187
140 143 140
210 242 210
58 83 119
120 129 93
124 206 94
4 38 235
7 101 112
88 175 37
54 220 44
93 180 93
50 114 253
46 137 137
38 214 45
45 246 45
60 219 219
67 223 105
35 115 210
118 194 211
161 191 161
82 121 191
161 207 161
72 142 142
33 186 198
109 254 1
38 148 107
84 197 84
169 197 169
83 158 75
24 46 24
197 205 197
32 56 56
148 154 107
153 224 200
35 139 225
168 180 180
66 185 66
5 155 98
70 163 20
53 108 29
52 76 126
165 225 225
38 125 169
21 235 235
128 198 198
29 91 29
205 240 241
52 248 126
213 248 244
35 87 140
78 111 234
164 197 27
77 233 204
56 227 56
112 196 112
14 248 244
67 96 96
161 185 161
140 214 45
53 197 29
32 168 125
44 95 95
108 255 255
79 82 238
2 102 2
67 202 202
159 232 232
43 136 145
41 210 210
37 88 37
57 240 10
13 16 16
211 240 211
43 154 160
226 246 247
29 59 59
67 228 71
44 126 126
131 185 113
118 167 51
151 197 197
84 115 84
1 176 1
23 218 161
52 235 235
122 248 109
108 201 201
83 233 119
221 248 244
2 229 2
31 248 244
152 181 202
48 113 177
69 216 130
12 127 101
35 191 191
101 127 101
125 153 153
10 184 184
101 116 116
81 208 95
18 152 146
129 159 61
9 162 162
89 131 221
124 127 118
29 101 101
12 195 2
79 247 238
8 131 28
69 137 60
108 132 187
195 255 2
31 167 51
86 234 234
12 134 255
90 194 211
125 186 198
215 246 19
108 230 230
26 217 41
48 175 177
116 217 116
50 125 253
96 243 152
96 136 96
59 71 59
94 112 112
76 138 16
95 187 95
69 142 60
76 231 219
54 77 44
212 217 227
185 243 152
149 159 176
18 68 239
217 251 182
27 177 27
110 119 110
58 90 90
26 220 41
18 249 146
192 207 249
148 193 107
114 247 59
145 149 176
174 219 117
215 217 19
180 247 247
63 128 46
90 109 109
13 104 203
224 255 255
29 256 29
4 168 235
105 156 3
13 33 184
122 215 109
127 219 219
97 244 244
33 86 184
137 156 137
13 195 2
189 235 235
17 119 142
135 220 25
216 229 84
83 93 93
107 124 107
36 153 153
15 154 160
36 140 140
93 191 93
147 167 147
23 237 36
64 65 62
73 192 22
58 242 99
231 235 235
25 170 236
46 214 45
177 206 177
59 189 230
18 250 146
44 153 44
49 182 182
59 134 255
20 119 20
25 141 31
202 255 255
116 183 116
212 221 227
72 77 204
164 184 27
20 151 24
64 91 96
46 95 95
18 23 146
120 170 93
81 171 95
47 188 47
20 244 244
108 155 98
73 161 161
71 169 169
2 114 2
64 151 24
73 200 200
87 163 140
114 169 169
1 255 1
82 153 153
160 176 176
51 136 51
145 160 160
91 256 96
21 221 137
62 250 62
59 212 59
62 143 116
42 135 72
149 240 176
98 243 152
29 106 178
63 222 133
97 225 225
9 154 160
111 183 153
40 123 147
9 116 116
60 206 94
223 248 244
102 156 3
76 153 153
30 169 169
81 232 95
118 170 236
72 220 25
49 216 130
11 132 187
154 170 160
49 161 161
108 163 64
158 208 75
8 109 28
158 242 75
16 241 16
17 230 230
50 105 253
9 253 253
54 116 116
41 51 51
120 151 93
53 248 244
43 125 145
99 120 93
88 127 88
123 143 116
19 66 66
19 63 19
168 216 130
67 192 105
19 149 176
56 174 117
118 206 94
117 143 116
46 77 46
109 248 109
84 253 253
149 199 176
124 190 110
110 148 107
157 239 239
7 50 253
222 241 133
108 246 64
63 91 96
149 175 176
54 254 1
24 233 24
55 181 66
51 192 51
75 150 75
89 229 84
131 207 249
59 214 45
156 174 117
98 122 109
67 132 187
67 144 105
13 23 203
125 161 161
84 195 2
142 248 244
29 33 184
120 245 93
53 146 146
32 202 202
241 243 152
200 239 239
184 241 184
71 81 95
132 137 187
14 35 201
129 256 61
77 231 219
161 221 161
41 130 130
136 190 110
104 174 117
125 135 125
85 147 147
91 225 225
14 203 201
15 246 144
147 253 253
9 180 180
186 230 198
88 207 249
170 214 45
95 99 95
130 252 130
53 254 1
159 215 19
72 131 72
46 170 236
9 124 118
121 189 230
18 30 30
58 92 97
67 215 19
201 219 219
79 135 238
83 204 204
12 53 101
20 197 197
115 215 19
71 243 71
98 220 98
108 226 247
5 225 225
25 160 160
14 89 201
148 174 107
125 220 25
27 40 27
140 194 140
160 228 71
181 204 202
172 205 121
54 63 44
181 184 184
28 58 28
61 230 230
39 64 64
130 219 219
76 98 16
51 93 51
102 131 127
148 167 107
87 155 140
81 172 95
16 41 16
127 226 247
97 230 230
8 138 28
24 74 24
78 206 234
141 252 31
26 133 133
77 133 133
63 243 152
154 157 30
56 219 219
26 247 247
39 172 121
92 166 97
174 254 1
20 218 161
32 252 150
167 237 51
47 108 64
73 131 131
58 198 198
45 206 45
71 117 117
103 196 199
154 215 160
57 144 10
22 65 62
158 183 153
130 143 116
11 124 118
78 186 198
169 240 169
70 168 20
188 215 19
4 67 235
102 104 127
114 218 161
189 245 230
46 179 138
114 205 59
54 238 44
54 57 44
129 170 61
61 180 61
39 140 140
7 118 112
125 226 247
31 199 31
63 230 230
95 158 95
119 248 244
178 189 230
192 209 47
44 64 44
68 73 239
133 161 161
63 79 238
92 243 152
199 205 199
153 190 110
104 187 187
82 182 182
158 251 182
155 231 219
9 214 45
68 167 239
78 248 234
165 200 200
44 147 147
30 87 140
90 210 90
57 233 10
212 231 219
3 220 3
89 238 238
37 52 126
16 253 253
234 236 234
36 123 147
58 205 159
131 194 211
36 251 182
43 90 145
167 189 230
1 15 1
45 161 45
37 157 30
55 138 66
89 102 221
25 162 162
28 206 28
154 223 160
123 256 147
77 89 221
17 121 121
25 49 25
13 72 203
32 57 10
89 228 71
135 181 202
73 242 99
66 137 66
132 172 187
8 85 28
5 89 221
17 95 95
29 148 107
65 216 130
7 189 230
86 196 199
66 92 66
50 73 253
92 195 2
103 125 103
59 194 59
76 222 133
148 196 107
86 135 250
5 116 116
129 144 61
33 187 184
155 242 98
124 244 244
22 154 160
19 201 201
129 172 61
1 179 1
49 167 51
77 157 30
190 213 110
33 45 45
181 188 202
75 120 93
70 131 20
195 232 2
129 232 61
25 226 247
49 137 137
65 183 153
36 241 36
39 79 238
177 189 177
180 212 227
36 157 30
207 227 249
68 106 178
23 203 203
27 66 27
137 217 137
155 157 30
90 193 193
90 111 162
72 85 34
154 218 161
156 157 30
13 141 31
21 128 137
120 189 230
194 201 211
46 106 178
24 105 24
164 250 27
177 251 177
138 158 75
36 100 36
46 74 88
111 134 255
64 134 255
164 242 27
211 256 211
5 129 61
90 172 121
35 94 94
115 245 245
36 206 94
27 198 27
46 205 46
21 249 249
63 256 245
175 215 37
142 179 138
14 96 201
32 72 72
31 56 56
49 160 160
76 221 16
118 216 130
57 151 24
143 170 116
50 104 253
86 222 133
112 226 112
139 239 239
24 79 238
44 46 44
62 154 160
47 199 199
45 217 45
86 113 113
112 174 117
143 229 84
96 129 61
64 157 30
122 183 109
10 253 253
8 233 28
115 207 249
3 156 3
69 133 133
62 222 133
4 218 235
79 204 238
98 142 98
209 224 200
119 209 119
135 184 184
19 161 161
40 150 197
135 145 145
43 99 145
126 164 27
67 120 93
183 186 198
193 231 219
85 111 34
80 228 71
6 79 238
86 124 250
4 110 235
155 179 138
65 105 62
53 192 29
21 42 137
68 150 239
69 222 133
46 243 152
17 98 98
128 209 49
154 175 160
53 128 29
139 236 225
14 104 201
11 43 145
6 13 203
121 175 37
167 209 51
87 178 140
86 183 153
4 150 235
46 192 46
181 231 219
74 181 202
75 84 84
86 240 241
34 252 34
144 190 110
32 92 97
5 216 130
34 232 34
122 227 109
146 176 176
76 165 56
166 251 182
107 230 107
160 211 160
177 198 177
185 219 219
33 64 184
62 79 238
112 193 112
25 78 234
37 209 37
4 69 235
21 206 94
65 252 62
131 169 169
87 101 140
21 92 137
102 256 245
139 227 225
7 162 112
30 206 30
35 80 193
120 250 93
30 216 30
59 256 59
6 118 90
12 81 95
123 199 147
164 238 27
183 204 153
17 62 62
28 210 28
136 218 161
26 163 41
100 190 110
21 88 137
79 142 238
43 196 145
141 207 249
68 176 176
220 256 245
142 206 94
107 168 107
14 208 201
61 81 95
95 242 95
129 192 61
17 46 142
126 232 126
76 247 247
114 244 59
117 178 178
49 95 95
20 106 178
82 190 110
144 169 169
230 232 230
21 255 255
49 76 16
100 188 103
114 204 59
46 150 150
135 235 235
59 106 178
42 249 249
62 86 62
15 190 110
107 193 107
211 214 45
36 136 36
235 239 235
89 186 198
13 179 138
38 67 169
160 209 160
74 128 88
113 245 245
6 104 90
64 171 64
111 254 1
98 192 98
44 202 202
44 229 84
39 45 45
100 200 200
77 213 204
159 222 133
179 209 138
41 65 62
103 105 103
76 121 16
191 207 249
89 98 98
42 182 182
46 89 221
35 242 99
40 253 253
56 154 160
251 252 182
13 83 203
73 216 130
176 177 177
55 148 107
129 195 2
73 109 109
4 188 235
40 161 161
39 156 3
47 120 93
187 210 187
1 242 1
28 203 28
74 256 245
59 139 59
101 152 101
250 256 245
11 191 191
39 247 247
106 214 45
161 162 161
86 98 98
15 80 193
9 74 88
73 170 236
140 154 140
150 224 200
167 256 51
83 170 236
89 119 221
105 196 199
32 94 94
98 180 98
95 115 95
167 200 200
74 110 110
127 234 234
143 186 116
109 147 147
93 189 230
14 65 201
99 227 227
56 216 130
18 96 146
18 141 146
214 226 45
87 124 140
46 253 253
80 134 255
32 165 56
16 85 34
184 197 184
107 113 107
109 235 235
44 120 44
117 126 126
15 256 245
156 209 3
42 256 245
82 143 116
45 155 45
223 251 182
49 236 236
54 101 101
49 80 193
86 224 200
93 229 84
13 240 203
12 71 71
44 132 187
154 197 160
54 141 44
90 217 90
42 122 109
62 165 56
162 219 219
55 232 66
168 176 176
131 174 117
90 214 45
30 119 30
176 230 176
32 81 95
107 198 198
89 156 3
44 106 178
112 197 112
18 41 146
127 129 61
20 104 20
2 23 2
124 194 211
115 189 230
209 237 36
221 239 239
141 152 152
146 251 146
36 194 211
206 243 94
56 199 56
134 196 255
41 185 113
114 174 117
18 47 146
68 244 239
158 190 110
137 185 113
91 218 161
77 104 204
25 29 29
103 169 169
82 228 71
189 251 230
158 178 178
144 187 187
64 120 93
21 33 184
10 106 178
80 131 193
159 221 221
157 217 30
148 208 107
58 196 199
19 231 219
49 171 49
127 240 241
113 180 113
159 179 138
166 204 204
84 146 84
165 166 56
110 198 198
15 156 3
77 169 169
60 228 71
72 168 125
109 198 198
52 213 126
47 54 44
39 162 162
22 116 116
9 16 16
112 217 112
121 194 211
13 35 203
28 94 28
23 76 16
70 174 117
81 179 95
107 152 107
21 30 30
75 187 187
70 240 20
121 185 113
68 205 239
183 256 153
207 222 133
102 174 117
68 229 84
181 217 202
86 256 245
6 149 176
25 248 244
45 226 45
156 196 199
152 159 152
76 175 37
234 237 234
181 219 219
22 77 204
115 249 249
197 200 200
69 198 198
14 229 84
73 143 116
102 118 118
183 255 255
152 215 152
117 140 140
106 249 178
65 234 234
125 163 125
61 201 61
224 225 200
124 241 241
3 178 178
5 145 145
51 79 51
65 219 219
61 104 61
82 214 45
66 131 66
65 248 244
26 223 41
130 184 184
61 65 61
200 234 234
15 121 121
193 223 193
9 237 36
23 40 197
121 207 249
66 178 178
150 208 150
81 145 95
240 244 244
17 122 109
26 171 41
95 148 107
45 87 45
88 200 200
168 207 249
195 205 2
124 172 121
208 242 99
40 115 197
36 176 176
154 216 130
97 228 71
209 239 239
104 236 236
27 57 27
19 42 19
167 191 51
68 119 239
24 185 113
90 163 90
209 234 234
127 150 150
106 209 178
54 147 147
136 250 180
30 39 30
33 171 184
79 232 238
41 183 153
54 222 133
116 255 116
49 245 245
50 236 253
80 147 147
130 155 130
38 241 169
29 48 177
30 190 110
7 81 112
13 164 27
121 124 121
126 134 126
20 243 152
113 154 160
82 243 152
31 152 152
82 95 95
192 194 211
62 185 113
167 215 51
100 195 2
120 152 93
72 101 101
22 94 94
5 207 249
38 165 169
32 229 84
2 134 2
38 183 169
47 227 227
187 249 187
11 86 250
30 193 30
134 159 255
1 130 1
59 161 161
60 239 239
78 212 234
19 114 59
186 249 198
106 192 178
24 94 94
172 179 138
156 233 3
32 124 118
3 169 169
54 138 44
41 59 59
11 165 56
181 242 202
220 242 25
113 178 178
64 70 20
7 221 112
119 241 241
47 57 10
216 219 219
44 133 133
10 116 116
51 190 110
30 140 140
81 170 95
67 102 105
147 197 147
145 239 239
108 209 64
33 98 184
152 216 130
124 142 142
3 24 24
1 18 1
69 132 187
138 167 51
26 27 27
93 225 225
130 230 230
149 198 198
92 220 97
119 148 107
79 133 133
106 230 230
6 103 103
42 210 210
54 218 161
81 148 107
191 243 152
185 256 245
50 152 253
7 59 112
47 156 3
26 52 126
168 233 125
22 71 71
15 160 160
80 83 193
190 218 161
93 213 93
7 206 112
35 226 247
100 148 107
31 55 66
26 32 41
184 190 110
70 90 20
13 51 51
29 165 29
78 130 234
51 226 51
55 93 66
82 233 191
165 172 56
78 113 234
18 163 146
12 168 101
19 199 199
85 189 230
29 216 130
74 196 199
76 196 16
41 168 41
71 148 107
143 230 116
137 238 238
125 167 51
3 52 126
26 165 56
55 136 66
87 127 140
1 225 1
181 243 202
21 46 137
74 253 253
126 183 126
111 193 162
44 83 44
84 160 84
158 188 75
107 140 140
182 189 230
189 241 230
61 181 202
67 122 109
48 192 177
2 243 2
134 147 147
220 248 244
92 106 178
180 187 187
136 158 75
147 244 147
13 170 203
163 205 23
28 106 28
111 112 112
19 180 180
157 243 30
174 180 117
44 201 44
29 61 29
5 242 99
67 114 59
84 180 84
28 66 28
37 115 37
28 172 28
71 180 71
53 83 29
117 240 117
3 69 60
13 228 71
76 85 34
103 197 197
194 196 211
248 251 244
70 229 84
54 98 44
6 237 36
60 189 230
51 163 51
45 58 45
195 211 2
224 244 200
74 159 88
12 202 202
174 209 117
57 237 36
165 210 56
25 180 180
145 190 110
167 185 51
80 148 107
72 240 241
4 93 235
13 166 203
145 251 182
23 129 61
27 89 27
142 216 130
127 185 113
13 177 177
138 252 138
132 144 187
184 237 184
54 127 44
21 138 137
16 98 16
88 125 88
117 193 117
72 163 72
101 118 101
62 199 199
49 203 203
54 193 44
114 219 59
115 214 45
124 196 199
50 58 253
3 39 3
93 150 93
68 213 239
4 152 235
55 107 107
84 89 84
167 245 51
39 145 145
49 217 49
55 200 66
136 228 71
2 110 2
114 138 59
82 138 191
58 88 88
12 117 117
211 247 211
39 255 255
142 188 142
26 87 140
98 247 247
165 227 56
72 75 75
139 198 198
20 100 20
186 253 253
10 152 152
240 242 241
44 183 44
22 161 161
25 233 25
186 190 198
115 120 93
194 256 211
74 129 61
161 184 161
228 241 71
182 212 182
41 91 96
52 170 126
136 195 2
94 182 94
199 253 253
168 193 193
21 135 137
126 144 126
110 164 27
45 182 45
129 142 61
40 195 2
14 165 56
83 235 235
89 124 221
145 252 145
206 217 94
39 157 30
21 226 247
45 164 27
120 239 239
107 237 107
69 246 60
10 146 146
188 221 221
60 90 60
17 156 3
112 122 109
16 166 16
83 89 221
180 239 239
36 54 44
114 232 59
35 132 187
103 219 219
60 123 147
51 52 126
157 238 30
4 85 235
66 147 147
78 168 234
33 125 184
24 29 29
61 108 61
176 216 176
163 251 182
11 175 37
166 235 235
111 252 162
43 108 145
101 224 200
52 234 126
49 73 49
92 143 116
22 167 51
15 171 232
151 214 45
85 113 34
120 121 93
96 130 130
15 132 187
85 90 34
141 193 31
11 76 16
32 78 234
13 92 203
24 243 152
38 138 169
86 91 96
20 27 27
136 216 130
182 184 184
7 182 112
40 108 197
74 92 97
85 190 110
69 134 255
32 196 199
90 248 244
78 220 234
199 242 199
32 209 47
37 176 176
95 211 95
23 124 118
39 86 250
84 92 84
155 256 245
7 96 112
172 215 121
11 55 66
55 254 1
2 87 2
23 204 204
50 247 253
18 28 28
120 179 93
2 7 2
109 176 176
35 233 35
88 129 61
149 163 176
11 167 51
170 243 152
79 153 153
100 151 24
43 228 71
116 131 116
176 198 198
38 127 169
123 170 147
132 163 187
155 170 98
30 229 84
115 237 36
48 49 177
73 229 84
13 255 255
2 224 2
23 178 178
64 86 250
18 91 146
20 126 126
45 99 45
54 99 44
111 224 200
15 183 153
44 164 27
22 139 225
58 68 239
141 251 182
76 208 16
116 151 116
103 110 110
68 134 255
70 236 20
198 206 198
69 97 60
93 131 93
208 243 152
44 224 200
8 145 28
55 90 66
62 141 31
30 80 30
130 255 255
55 216 66
59 169 169
2 227 2
66 202 66
191 192 191
146 250 146
236 244 244
41 151 24
211 219 219
124 135 118
52 200 126
29 51 51
133 251 133
21 254 1
185 246 113
155 177 177
140 180 140
41 242 41
22 179 138
126 177 177
68 240 239
57 112 112
17 204 142
94 218 161
6 188 90
19 176 176
115 147 147
174 238 117
82 179 191
129 186 198
106 232 178
104 196 199
64 191 191
28 247 28
12 213 101
111 189 230
157 253 253
67 121 121
115 246 210
118 240 241
26 213 41
3 252 3
88 206 94
1 177 1
233 243 152
145 177 177
55 217 66
141 158 31
136 174 117
42 190 110
121 166 121
8 51 28
33 158 184
125 129 61
64 108 64
59 230 230
164 209 27
53 246 29
234 246 234
115 168 210
40 191 197
118 212 227
110 217 110
140 164 27
150 179 138
99 151 24
24 57 24
28 127 28
40 229 84
121 157 30
129 215 61
101 164 27
65 112 112
20 86 20
79 199 238
73 162 162
204 240 241
118 120 93
119 184 184
7 256 112
125 225 225
19 244 244
46 154 160
36 213 36
157 200 200
26 67 105
7 36 112
44 72 44
81 213 95
97 196 199
163 215 19
65 196 199
138 148 107
143 236 116
233 256 245
150 256 245
181 249 202
24 63 24
143 195 2
72 133 133
45 225 45
39 124 118
162 243 152
27 216 27
62 111 162
183 234 234
169 201 169
54 55 66
132 188 187
82 217 191
29 182 29
70 118 20
32 69 60
85 149 176
85 150 34
86 211 211
49 169 169
16 211 211
24 101 101
165 181 202
199 236 199
37 181 202
66 95 66
23 240 241
203 222 133
61 247 61
28 164 27
56 145 56
114 149 176
78 210 234
14 136 201
65 227 227
13 206 94
248 255 255
87 180 140
149 182 176
28 120 28
4 183 235
244 248 244
153 214 45
10 56 56
58 243 152
38 113 169
127 206 94
18 154 146
117 237 117
22 87 140
53 142 29
91 180 96
7 219 112
82 211 211
89 142 142
167 247 51
53 203 29
118 234 234
84 226 84
77 126 126
14 25 201
32 233 35
30 139 30
152 184 184
3 118 3
208 248 244
191 209 191
79 158 238
41 181 202
120 145 93
28 90 28
132 226 187
188 252 150
131 181 202
79 180 238
144 199 199
59 160 59
62 169 169
141 181 202
38 194 169
101 249 101
196 211 211
90 243 152
57 184 184
30 43 30
207 211 249
24 156 24
133 234 234
70 129 61
12 223 101
58 114 59
78 82 234
24 58 24
1 84 1
94 221 94
11 25 25
53 129 29
89 175 37
110 143 116
58 84 84
70 253 253
212 246 227
224 252 200
14 182 182
69 245 60
178 230 230
171 194 211
112 175 112
69 93 93
68 224 239
14 158 75
96 175 37
33 246 184
134 165 255
68 177 177
94 125 94
54 211 44
68 84 84
119 218 161
41 247 247
179 244 244
65 191 191
38 179 169
23 248 244
53 198 198
69 105 60
4 13 235
189 222 230
105 197 197
26 64 64
141 214 45
28 44 28
97 135 97
157 197 30
19 224 200
47 248 244
107 110 107
89 176 176
66 128 66
58 140 140
25 87 140
88 107 107
158 252 75
67 74 105
52 120 126
46 94 94
167 190 110
117 201 117
63 185 113
155 169 169
166 228 71
12 61 101
13 88 203
59 183 59
17 54 44
6 97 90
72 89 221
65 254 1
120 183 153
71 177 177
16 69 16
2 130 2
11 172 121
74 154 160
151 251 182
26 141 31
4 149 235
79 154 160
31 94 94
34 253 253
79 84 84
18 106 178
122 180 109
203 237 36
215 252 19
116 158 116
75 169 169
40 144 197
49 85 34
38 252 169
2 228 2
134 212 255
92 134 255
119 167 51
177 190 177
24 165 56
40 210 197
31 143 116
1 137 1
140 239 140
32 115 210
40 78 234
54 95 95
47 252 150
140 222 140
7 171 112
9 129 61
95 122 109
125 232 125
127 175 37
7 223 112
39 97 97
132 223 187
4 45 235
2 218 2
63 171 46
46 157 30
23 220 25
29 66 66
146 196 146
46 162 162
52 92 126
17 82 191
127 166 127
29 244 244
43 155 145
11 134 255
64 137 137
92 170 236
121 255 255
52 122 126
114 125 59
137 215 137
137 175 37
33 126 126
126 210 126
143 249 116
141 210 31
122 148 107
196 256 245
17 170 236
53 67 29
224 233 200
52 88 126
21 54 44
213 246 144
46 85 34
6 198 198
20 232 20
102 209 127
28 138 28
249 256 249
224 230 230
146 172 146
97 245 245
57 139 225
26 239 239
57 92 10
176 222 176
166 195 2
131 202 202
165 168 56
87 147 140
134 198 198
22 51 51
89 231 219
172 194 211
24 157 30
48 215 177
48 76 177
15 53 29
76 77 16
119 136 180
122 221 109
103 160 160
55 186 198
46 215 19
136 213 180
192 238 238
44 150 44
130 235 235
120 226 93
60 130 130
142 207 249
112 121 112
93 148 107
31 91 31
48 161 177
78 93 234
1 194 1
124 248 244
26 250 250
118 251 182
26 127 41
49 129 61
193 251 182
81 192 95
63 213 46
111 245 162
32 244 244
27 61 27
70 158 75
19 50 253
70 144 20
9 155 98
83 253 253
32 180 180
108 128 64
54 248 244
19 45 45
8 151 28
33 210 184
185 218 161
19 164 27
31 232 31
71 85 71
97 131 97
24 45 45
212 243 152
134 137 255
185 242 113
183 217 153
39 236 236
167 192 51
51 188 51
120 134 255
31 96 31
43 176 176
151 185 113
120 130 130
87 115 140
104 244 244
21 126 126
48 87 177
43 111 145
39 74 88
7 178 178
93 219 219
155 175 37
9 215 19
171 246 144
92 95 95
239 249 239
33 215 184
126 170 126
42 92 97
75 80 75
133 185 133
36 57 36
39 92 97
15 252 150
92 157 30
74 130 130
59 175 59
163 210 210
23 98 98
32 64 64
106 110 178
23 72 72
4 95 235
34 216 130
3 141 31
66 209 66
48 88 177
199 203 199
59 198 198
216 220 130
99 197 197
186 256 198
32 246 144
106 207 178
197 222 133
22 202 202
28 192 28
18 81 95
135 251 182
67 182 182
120 254 1
78 245 234
21 85 34
45 143 45
10 101 101
76 219 219
214 252 45
79 129 61
166 240 241
85 232 34
69 158 75
68 70 239
85 164 27
135 158 75
85 117 117
146 153 146
126 247 126
151 236 24
1 161 1
153 207 153
29 196 29
82 226 191
88 91 96
85 101 34
34 114 59
44 193 44
139 225 225
32 33 184
17 58 142
9 130 130
65 178 178
99 109 109
21 158 75
203 248 244
75 105 75
9 218 161
30 155 30
16 248 244
24 245 245
59 142 59
8 104 28
28 160 28
19 101 101
50 240 253
84 123 84
127 252 150
63 221 221
192 239 239
244 245 244
122 238 109
10 136 180
92 185 113
41 209 41
53 54 29
107 247 107
167 238 51
57 215 10
184 187 184
17 65 62
73 77 204
160 223 160
84 95 84
35 65 62
114 156 59
78 175 234
14 181 202
89 241 241
66 110 110
157 224 200
69 250 60
167 207 51
176 184 176
124 185 113
92 190 110
82 104 191
33 129 184
144 185 113
48 211 177
43 250 145
148 176 107
44 228 71
53 113 29
122 191 109
25 38 169
5 234 234
42 66 66
137 206 94
166 168 125
147 154 147
18 165 146
92 182 182
118 222 133
61 255 255
243 252 152
175 184 184
70 170 20
25 69 60
58 76 16
169 193 169
185 241 113
193 253 253
39 118 118
167 184 184
26 49 41
67 237 36
30 160 30
24 228 71
28 254 1
151 169 169
122 245 109
6 228 71
44 81 95
35 179 138
41 76 16
231 237 219
25 135 25
45 51 45
152 188 152
76 92 16
3 25 3
72 252 150
143 212 116
3 216 130
112 195 2
21 164 27
29 253 253
68 215 239
64 153 153
14 241 201
40 109 109
67 208 105
192 195 2
134 204 255
208 225 225
9 250 250
56 235 235
72 234 234
105 167 51
41 90 90
126 239 126
75 138 75
69 147 147
69 165 56
8 69 28
53 215 29
167 168 51
130 228 71
38 60 169
162 166 162
6 113 113
106 123 147
95 219 95
124 238 238
35 246 144
189 210 230
58 183 153
52 255 126
185 208 113
105 202 202
139 152 225
145 253 253
39 52 126
139 149 176
43 153 153
76 100 16
135 232 72
188 190 110
24 95 95
91 142 96
36 197 197
186 245 198
93 216 130
19 227 227
113 167 51
4 144 235
199 245 245
121 209 121
204 208 204
19 179 138
149 232 176
140 198 140
187 205 187
136 247 247
88 195 2
65 182 182
91 221 96
154 203 160
204 211 211
1 52 1
22 127 127
22 197 197
101 159 101
10 122 109
159 252 150
151 218 161
83 123 147
88 152 152
118 127 118
175 217 37
105 206 94
82 247 191
123 131 147
54 246 44
131 154 160
55 134 255
14 105 201
10 114 59
157 199 30
40 98 197
10 214 45
1 69 1
69 183 153
10 99 10
216 254 1
30 56 30
52 207 126
198 235 235
46 133 133
135 247 247
4 105 235
99 192 99
189 213 230
25 104 25
71 114 59
23 195 2
13 168 203
82 136 191
224 239 239
189 201 230
134 192 255
17 221 142
121 182 182
176 242 176
66 166 66
18 183 146
25 250 250
26 28 28
115 152 152
2 57 2
204 206 94
178 196 178
223 234 234
81 248 95
64 129 61
5 84 84
15 78 234
82 140 140
71 182 71
26 54 44
108 188 64
78 147 147
210 248 244
37 224 200
133 175 133
12 106 178
44 216 130
172 196 199
61 76 61
29 36 29
13 220 203
152 234 234
19 96 96
96 186 198
162 167 51
30 49 30
62 240 62
6 70 20
43 218 161
75 236 75
143 256 116
67 244 244
149 243 176
1 96 1
167 175 51
1 37 1
203 219 219
111 202 202
208 220 25
163 185 113
108 176 176
35 175 37
42 130 130
71 204 71
135 137 137
61 137 61
144 245 245
82 215 191
136 241 180
87 246 140
67 163 105
46 136 180
2 194 2
33 127 184
117 170 117
66 79 66
123 189 147
17 228 71
123 204 147
13 250 203
226 240 247
18 22 146
56 242 56
48 179 177
112 165 112
70 226 247
171 200 200
126 130 126
26 256 245
23 55 66
43 143 116
144 164 27
189 197 230
75 163 75
51 191 51
17 83 142
103 111 162
14 114 59
45 244 45
93 108 93
156 194 211
148 211 107
89 92 97
96 151 96
82 99 191
76 83 16
6 150 90
97 204 97
71 159 71
162 248 244
172 254 1
105 212 227
33 208 184
62 136 62
204 215 19
246 252 150
212 227 227
61 241 61
51 85 51
39 55 66
3 33 184
188 218 161
119 252 150
68 95 239
105 106 178
77 84 84
15 76 16
51 196 51
148 255 107
54 128 44
69 217 60
100 129 61
117 181 117
22 149 176
13 105 203
228 247 71
133 193 133
215 222 133
137 157 30
3 13 3
88 244 244
125 172 121
143 251 116
11 206 94
44 250 44
114 236 59
37 199 37
150 235 235
41 186 198
69 104 60
151 232 24
123 160 147
77 82 191
78 162 234
55 188 66
151 206 94
83 218 161
2 28 28
24 203 24
180 228 71
59 70 59
98 242 98
127 139 225
101 132 187
2 206 2
57 252 10
102 105 105
2 49 2
187 215 187
47 69 60
119 156 3
18 43 146
90 148 107
155 243 152
59 119 59
92 231 219
19 111 162
175 253 253
89 101 101
163 172 121
106 129 178
12 136 101
95 141 95
35 130 130
149 238 176
41 235 235
25 123 147
37 59 59
92 215 19
168 253 253
6 176 176
43 81 95
41 89 221
95 169 169
17 22 142
34 38 169
2 12 2
66 198 198
144 192 144
70 192 20
133 228 71
40 75 197
117 202 117
81 202 95
108 151 24
48 75 177
57 94 94
7 55 112
109 188 109
66 180 66
114 229 84
60 181 202
27 143 27
25 106 178
109 140 140
157 159 30
154 246 160
123 227 147
65 124 62
230 238 230
175 225 225
55 116 116
186 213 198
199 239 239
40 237 197
1 13 1
3 152 152
107 208 107
12 246 101
161 180 161
4 206 235
124 186 198
199 251 182
55 164 27
19 216 130
183 231 219
13 26 203
17 153 153
6 55 66
120 242 93
141 175 31
13 175 37
31 148 107
100 237 36
103 199 199
149 158 176
102 210 210
63 69 60
162 254 1
121 171 121
159 163 23
64 251 182
53 145 29
64 221 64
3 127 3
38 53 169
23 60 60
11 253 253
143 221 116
32 54 44
32 146 146
73 124 118
73 187 187
151 155 24
100 210 103
51 83 51
103 179 138
24 230 230
131 165 56
194 199 211
57 187 187
22 120 93
16 234 234
142 232 142
103 118 103
144 178 178
144 240 241
79 210 238
40 214 45
146 211 146
204 226 247
15 230 230
149 256 176
43 170 145
11 157 30
108 122 109
35 47 47
26 124 118
13 251 182
135 227 227
114 158 59
68 140 140
89 151 24
54 106 178
123 145 147
170 248 244
88 130 130
136 256 245
62 238 238
68 194 239
220 237 36
85 141 34
70 191 191
243 254 1
61 223 61
97 158 75
67 256 245
17 135 142
31 68 239
148 226 107
141 211 211
29 93 29
165 215 56
144 180 180
115 126 126
67 199 199
89 226 247
32 74 88
4 141 235
234 250 234
195 242 2
31 255 255
114 130 59
99 169 169
3 214 45
40 246 197
96 120 93
10 213 10
86 191 191
43 87 140
55 174 117
195 230 2
132 168 187
101 150 101
150 197 197
156 223 3
193 229 84
201 247 247
50 237 253
93 145 93
45 153 45
88 214 45
98 106 178
197 228 71
28 163 28
65 92 62
71 98 71
50 120 253
164 196 27
41 58 41
39 226 247
77 115 210
97 202 202
122 137 109
187 240 187
49 147 147
89 139 225
22 81 95
120 214 45
125 145 145
146 226 146
119 239 239
114 150 59
10 39 10
113 161 161
26 157 30
116 176 116
13 202 202
29 185 29
113 137 113
5 194 211
49 66 66
87 102 140
137 191 191
11 108 64
11 249 249
147 254 1
24 134 255
204 254 1
58 191 191
14 97 201
178 254 1
13 221 203
106 253 253
51 135 51
30 231 219
108 125 64
50 113 253
172 247 247
176 220 176
214 217 45
108 110 110
122 129 109
58 150 150
112 164 27
96 158 75
12 145 101
123 224 147
78 109 109
177 249 177
22 196 199
123 195 2
141 164 27
16 165 56
50 97 253
7 251 112
11 129 61
25 67 105
178 190 178
99 248 244
95 254 1
116 164 27
188 234 234
50 220 253
182 246 182
17 246 142
103 214 45
9 201 201
129 228 71
90 158 75
48 58 177
91 94 94
189 223 230
73 204 204
144 174 117
103 252 103
96 105 96
154 225 160
130 248 244
18 207 146
101 171 101
150 206 94
6 181 202
95 217 95
19 74 19
205 247 247
29 52 126
45 86 45
23 38 169
39 143 116
66 200 66
29 206 94
125 198 198
91 212 227
163 246 144
115 183 153
101 130 130
145 185 145
189 220 230
124 148 107
34 109 109
157 247 30
87 100 140
119 201 201
31 137 31
243 256 152
81 225 95
60 256 60
215 248 244
46 167 51
156 185 113
34 77 34
126 231 126
69 117 117
199 206 94
189 252 230
33 244 184
14 124 201
128 143 116
82 231 219
27 83 27
153 161 161
224 248 200
225 230 230
82 177 177
136 151 24
51 241 51
29 98 29
96 167 51
79 218 161
23 210 210
21 74 137
15 186 198
22 172 121
11 20 20
192 224 200
13 40 197
150 176 176
199 209 199
20 51 51
194 247 211
93 119 93
167 255 255
5 193 193
21 96 96
29 78 234
33 197 184
50 122 253
47 86 250
215 223 19
23 158 75
77 234 234
157 172 30
45 81 45
76 164 27
81 249 95
110 112 112
136 183 153
107 232 107
23 144 144
133 233 133
185 227 227
67 72 105
87 161 140
41 135 41
2 184 2
78 166 234
74 86 250
14 145 145
102 165 56
9 245 245
55 149 176
99 132 187
30 205 30
120 155 93
160 198 198
186 224 198
4 184 235
57 97 10
191 254 1
61 105 61
82 149 176
207 208 249
8 72 28
117 133 117
8 62 28
40 68 239
45 55 45
16 168 16
65 208 62
69 237 60
9 109 109
237 250 36
191 237 191
157 198 198
217 224 200
50 222 253
78 107 107
176 225 176
46 187 187
55 112 112
13 63 203
39 214 45
65 130 130
17 231 219
61 121 61
124 202 202
30 75 30
138 182 182
51 151 51
69 138 60
22 187 187
155 202 202
17 29 29
232 255 255
185 188 113
2 219 2
21 192 137
97 249 249
93 132 187
102 134 255
12 51 51
14 69 201
80 150 193
10 154 160
60 84 84
222 226 133
178 206 178
70 166 20
161 251 161
239 253 253
77 101 101
200 246 200
59 154 59
61 225 225
168 171 125
68 221 239
3 91 96
60 192 60
204 237 36
205 227 227
31 127 31
24 223 24
106 131 178
124 159 118
169 249 169
226 250 247
13 208 203
35 84 84
36 84 84
54 103 44
13 252 203
25 31 31
6 252 90
86 122 109
52 208 126
76 99 16
100 217 103
100 139 225
148 180 107
15 84 84
61 87 140
36 165 56
12 50 253
61 74 61
58 195 2
143 144 116
15 235 235
53 200 200
51 123 147
3 212 227
25 105 105
163 168 125
12 144 101
157 256 30
29 201 29
40 177 177
92 107 107
176 215 176
108 166 64
1 26 1
206 209 94
169 200 169
25 118 118
110 133 110
150 229 84
48 191 177
157 246 30
71 249 71
102 198 198
143 178 116
184 198 198
174 175 117
79 90 238
33 114 184
106 225 178
13 142 203
20 45 45
69 157 30
111 159 162
54 119 44
81 158 95
176 246 176
185 203 113
219 250 219
56 58 56
65 170 62
33 194 184
58 124 118
124 217 118
250 255 255
145 198 198
69 74 60
46 124 118
101 238 101
104 250 250
82 168 191
95 233 95
164 224 27
55 141 66
132 158 187
18 217 146
60 142 60
180 253 253
23 104 23
117 206 117
29 231 219
10 209 10
