512 27607
425 494 422
235 361 232
8 355 8
2 90 2
47 406 44
315 380 312
282 309 282
453 456 450
139 242 136
479 506 476
170 280 170
261 463 258
443 471 440
167 277 164
373 484 370
77 149 74
98 102 98
64 190 64
345 422 342
97 326 94
432 481 432
227 490 224
462 472 462
225 446 222
185 490 182
10 117 10
270 428 270
104 420 104
309 379 306
8 129 8
237 342 234
325 356 322
293 300 290
112 200 112
450 512 450
136 464 136
168 403 168
56 146 56
149 189 146
255 496 252
82 139 82
223 512 220
400 498 400
341 470 338
46 204 46
200 280 200
389 482 386
105 489 102
151 481 148
74 415 74
60 504 60
24 108 24
433 499 430
71 298 68
165 487 162
138 210 138
19 55 16
90 135 90
172 304 172
174 291 174
100 155 100
129 365 126
467 483 464
33 167 30
82 357 82
219 476 216
67 230 64
149 375 146
113 398 110
59 87 56
132 354 132
81 252 78
353 396 350
64 76 64
159 334 156
16 67 16
30 35 30
193 224 190
70 245 70
403 489 400
236 338 236
138 455 138
234 344 234
58 261 58
57 504 54
244 275 244
113 160 110
273 491 270
18 343 18
218 333 218
227 451 224
399 499 396
222 384 222
405 435 402
355 408 352
294 423 294
281 426 278
277 294 274
239 407 236
285 512 282
98 160 98
309 460 306
455 496 452
135 331 132
77 342 74
83 251 80
91 161 88
15 18 12
78 97 78
26 238 26
115 505 112
75 306 72
139 355 136
22 444 22
246 296 246
8 89 8
140 170 140
120 169 120
173 328 170
63 466 60
89 290 86
35 114 32
271 502 268
83 174 80
366 512 366
299 490 296
284 383 284
250 336 250
21 429 18
185 256 182
337 375 334
184 300 184
206 445 206
290 512 290
72 246 72
98 192 98
81 160 78
211 253 208
223 424 220
282 512 282
125 368 122
225 477 222
275 454 272
259 494 256
179 257 176
113 486 110
31 153 28
264 360 264
227 376 224
101 499 98
98 376 98
275 396 272
28 353 28
320 434 320
195 322 192
75 271 72
200 246 200
88 139 88
383 387 380
26 169 26
33 192 30
16 56 16
457 512 454
157 203 154
331 488 328
357 461 354
273 481 270
132 362 132
321 337 318
218 279 218
227 312 224
181 369 178
144 291 144
238 289 238
310 388 310
88 384 88
61 256 58
453 510 450
92 499 92
93 478 90
291 323 288
7 263 4
120 208 120
449 463 446
231 469 228
285 390 282
112 167 112
289 385 286
118 198 118
85 405 82
444 459 444
158 373 158
16 458 16
432 433 430
31 285 28
269 347 266
459 461 456
486 492 486
209 399 206
353 507 350
59 101 56
186 292 186
106 148 106
212 220 212
347 393 344
450 459 450
422 477 422
120 420 120
441 484 438
84 270 84
52 425 52
249 256 246
472 487 472
80 384 80
120 264 120
97 119 94
22 237 22
16 150 16
485 500 482
269 475 266
135 434 132
29 34 26
278 501 278
62 420 62
45 86 42
181 470 178
98 238 98
79 458 76
259 382 256
407 511 404
5 429 2
291 371 288
6 124 6
41 479 38
30 60 30
33 419 30
323 399 320
178 371 178
131 273 128
217 476 214
139 411 136
349 413 346
41 267 38
189 197 186
163 193 160
34 178 34
183 482 180
27 447 24
247 467 244
243 330 240
114 309 114
341 351 338
14 389 14
397 412 394
373 398 370
101 229 98
263 498 260
34 201 34
27 186 24
104 322 104
294 442 294
285 484 282
36 367 36
175 220 172
45 332 42
32 397 32
27 510 24
1 360 1
389 434 386
269 365 266
221 486 218
160 220 160
75 339 72
210 276 210
62 357 62
71 133 68
93 144 90
145 407 142
41 99 38
112 124 112
93 273 90
71 128 68
40 61 40
45 322 42
415 432 412
24 122 24
310 341 310
125 415 122
276 435 276
328 463 328
7 136 4
113 512 110
35 219 32
210 266 210
235 278 232
413 453 410
481 503 478
135 199 132
39 117 36
7 367 4
23 241 20
23 418 20
132 438 132
363 490 360
11 115 8
98 282 98
69 342 66
28 510 28
215 398 212
340 458 340
367 374 364
13 184 10
180 506 180
64 78 64
104 258 104
267 482 264
179 313 176
177 228 174
254 289 254
148 363 148
119 209 116
111 118 108
306 468 306
369 460 366
9 185 6
52 199 52
266 344 266
329 396 326
385 473 382
137 178 134
68 368 68
191 405 188
189 343 186
15 376 12
118 141 118
207 355 204
298 512 298
105 320 102
244 510 244
389 401 386
42 283 42
395 485 392
303 327 300
142 271 142
94 408 94
18 384 18
80 181 80
56 263 56
110 398 110
157 398 154
100 180 100
146 207 146
203 472 200
96 418 96
194 332 194
487 509 484
190 235 190
138 463 138
353 506 350
278 333 278
4 352 4
394 466 394
17 498 14
143 332 140
114 325 114
132 200 132
46 211 46
111 128 108
173 263 170
26 57 26
235 327 232
335 482 332
387 484 384
480 481 478
126 218 126
197 277 194
75 247 72
325 398 322
417 503 414
61 379 58
83 297 80
252 297 252
181 452 178
104 177 104
240 512 240
359 492 356
437 509 434
129 244 126
187 302 184
431 476 428
44 65 44
159 385 156
411 465 408
190 512 190
90 511 90
291 499 288
341 368 338
164 289 164
451 456 448
22 289 22
17 240 14
42 370 42
303 389 300
281 316 278
433 439 430
170 493 170
213 272 210
225 267 222
15 474 12
211 481 208
151 325 148
165 332 162
52 477 52
343 434 340
309 339 306
50 102 50
143 206 140
223 499 220
54 492 54
157 266 154
281 404 278
15 66 12
178 386 178
237 373 234
210 313 210
317 369 314
6 225 6
265 292 262
111 402 108
53 63 50
339 481 336
387 399 384
13 153 10
25 144 22
375 503 372
201 249 198
21 103 18
429 490 426
205 372 202
309 333 306
445 457 442
365 387 362
217 435 214
174 464 174
41 182 38
10 119 10
49 206 46
139 177 136
121 275 118
339 437 336
254 447 254
96 276 96
77 341 74
59 339 56
425 449 422
309 325 306
54 184 54
355 512 352
74 296 74
66 290 66
162 294 162
52 115 52
66 391 66
253 369 250
131 291 128
313 381 310
357 405 354
135 477 132
2 152 2
283 307 280
19 116 16
120 288 120
149 340 146
16 168 16
59 80 56
393 510 390
21 91 18
277 301 274
56 369 56
125 345 122
239 371 236
361 391 358
99 189 96
46 70 46
71 136 68
110 217 110
267 276 264
96 504 96
68 137 68
49 332 46
42 478 42
3 221 1
193 392 190
419 477 416
12 69 12
163 224 160
22 373 22
419 484 416
127 480 124
128 479 128
226 266 226
93 484 90
326 401 326
497 505 494
322 495 322
73 167 70
227 495 224
90 181 90
62 498 62
467 469 464
259 372 256
277 318 274
43 376 40
256 268 256
393 420 390
353 497 350
78 362 78
401 486 398
112 473 112
131 245 128
256 356 256
356 365 356
475 477 472
355 386 352
148 162 148
26 259 26
415 509 412
233 471 230
65 227 62
235 416 232
254 304 254
347 382 344
357 450 354
185 473 182
447 466 444
273 486 270
224 316 224
345 484 342
57 301 54
219 453 216
6 55 6
281 376 278
28 33 28
197 392 194
16 318 16
136 445 136
40 318 40
74 79 74
382 412 382
134 195 134
84 291 84
167 204 164
430 431 428
1 30 1
363 394 360
289 472 286
136 418 136
278 386 278
169 396 166
46 186 46
228 356 228
53 451 50
215 435 212
389 471 386
205 512 202
50 350 50
415 436 412
261 433 258
287 458 284
29 127 26
5 115 2
167 481 164
451 512 448
183 292 180
61 129 58
47 209 44
122 197 122
425 431 422
21 434 18
123 465 120
347 405 344
384 496 384
313 467 310
98 265 98
103 380 100
32 103 32
103 509 100
129 498 126
14 470 14
257 395 254
80 487 80
275 333 272
22 93 22
6 120 6
4 26 4
310 449 310
331 433 328
105 373 102
393 488 390
228 401 228
385 419 382
194 349 194
365 459 362
335 366 332
157 182 154
54 103 54
114 237 114
79 375 76
266 481 266
11 394 8
193 449 190
57 183 54
381 427 378
11 435 8
221 419 218
155 213 152
194 400 194
221 495 218
360 451 360
99 301 96
103 282 100
325 479 322
28 277 28
274 275 272
181 399 178
5 124 2
441 512 438
87 298 84
14 163 14
2 292 2
53 91 50
107 237 104
299 340 296
377 378 374
167 352 164
210 219 210
187 207 184
182 318 182
309 427 306
11 56 8
181 348 178
311 320 308
10 226 10
190 511 190
71 111 68
119 211 116
1 301 1
152 423 152
186 299 186
262 458 262
263 413 260
245 461 242
419 476 416
66 77 66
195 491 192
397 497 394
13 314 10
123 453 120
273 364 270
31 334 28
343 446 340
413 494 410
29 403 26
159 374 156
14 58 14
277 501 274
73 335 70
220 370 220
419 503 416
141 282 138
291 445 288
148 448 148
295 500 292
123 281 120
240 367 240
241 490 238
6 378 6
40 43 40
35 477 32
183 223 180
5 488 2
143 185 140
31 319 28
275 292 272
45 446 42
393 427 390
415 505 412
477 500 474
119 161 116
60 305 60
289 465 286
60 311 60
49 238 46
50 480 50
437 464 434
463 466 460
343 472 340
291 480 288
355 398 352
184 200 184
463 476 460
206 293 206
9 256 6
28 370 28
125 449 122
163 384 160
47 331 44
82 146 82
110 136 110
241 425 238
85 287 82
193 296 190
501 505 498
163 426 160
369 463 366
68 206 68
164 325 164
33 313 30
59 376 56
314 320 314
57 174 54
141 480 138
371 473 368
152 222 152
79 136 76
312 313 310
97 475 94
95 356 92
83 148 80
153 229 150
98 120 98
260 417 260
123 437 120
46 509 46
54 173 54
295 416 292
10 203 10
127 328 124
367 448 364
6 91 6
154 284 154
287 360 284
56 58 56
56 274 56
351 455 348
393 416 390
61 200 58
149 483 146
179 499 176
81 317 78
379 383 376
166 272 166
113 340 110
435 466 432
251 477 248
202 369 202
113 136 110
11 145 8
49 370 46
91 122 88
449 484 446
405 433 402
243 377 240
22 23 20
415 447 412
391 487 388
341 391 338
40 147 40
101 443 98
508 512 508
226 491 226
41 303 38
30 453 30
107 132 104
356 436 356
173 399 170
147 499 144
211 263 208
200 479 200
206 503 206
199 422 196
206 452 206
107 474 104
9 107 6
115 465 112
2 86 2
62 79 62
71 197 68
332 435 332
471 479 468
173 318 170
25 300 22
250 416 250
318 488 318
433 503 430
319 460 316
24 279 24
64 266 64
134 168 134
163 507 160
287 315 284
74 114 74
306 347 306
337 399 334
247 411 244
248 256 248
347 404 344
158 290 158
77 457 74
245 457 242
265 296 262
323 481 320
296 454 296
39 45 36
10 132 10
229 468 226
49 317 46
76 422 76
102 425 102
27 329 24
309 317 306
240 258 240
373 412 370
85 271 82
373 449 370
326 422 326
87 106 84
441 483 438
64 91 64
267 436 264
294 368 294
108 512 108
429 439 426
15 313 12
390 391 388
129 373 126
73 141 70
461 509 458
237 450 234
145 476 142
93 316 90
3 385 1
27 355 24
8 186 8
494 512 494
97 219 94
164 383 164
155 379 152
280 486 280
320 410 320
42 70 42
4 369 4
155 350 152
287 511 284
147 207 144
395 450 392
454 484 454
371 409 368
66 155 66
28 485 28
409 484 406
126 491 126
29 201 26
323 344 320
16 140 16
143 250 140
124 459 124
43 173 40
29 155 26
176 348 176
124 411 124
337 382 334
402 413 402
7 348 4
22 303 22
26 180 26
451 511 448
47 118 44
97 452 94
113 453 110
311 500 308
247 337 244
373 483 370
12 25 12
437 468 434
211 491 208
347 447 344
9 49 6
155 408 152
377 379 374
29 200 26
174 281 174
286 392 286
299 413 296
27 326 24
359 475 356
227 422 224
37 246 34
257 302 254
489 509 486
210 245 210
181 222 178
268 324 268
113 257 110
79 178 76
7 29 4
85 392 82
395 491 392
211 464 208
281 422 278
244 428 244
49 382 46
77 346 74
149 454 146
36 156 36
264 282 264
98 275 98
4 161 4
227 241 224
266 509 266
420 504 420
71 367 68
59 463 56
189 300 186
31 433 28
323 504 320
357 399 354
397 421 394
259 375 256
179 197 176
71 438 68
309 356 306
10 206 10
365 367 362
13 41 10
28 83 28
190 284 190
14 315 14
8 338 8
116 255 116
425 501 422
331 495 328
156 206 156
80 397 80
163 287 160
147 427 144
235 362 232
35 280 32
256 465 256
127 476 124
397 401 394
385 468 382
281 350 278
65 163 62
344 466 344
69 315 66
335 377 332
269 446 266
295 313 292
43 442 40
295 455 292
141 147 138
335 383 332
228 347 228
28 42 28
124 438 124
160 166 160
72 82 72
177 212 174
68 138 68
131 195 128
393 497 390
177 290 174
266 443 266
198 444 198
27 509 24
192 490 192
272 465 272
219 250 216
64 169 64
112 207 112
269 320 266
41 77 38
232 509 232
467 471 464
41 439 38
9 201 6
9 401 6
223 426 220
25 338 22
128 217 128
411 489 408
123 211 120
111 197 108
149 155 146
234 390 234
353 431 350
92 195 92
111 215 108
185 255 182
74 109 74
283 373 280
327 406 324
155 491 152
307 459 304
18 182 18
495 498 492
127 252 124
447 465 444
379 474 376
48 162 48
303 376 300
126 248 126
1 449 1
147 439 144
203 322 200
234 431 234
214 421 214
461 500 458
54 130 54
307 363 304
60 77 60
90 317 90
470 477 470
140 506 140
283 504 280
272 308 272
181 229 178
69 135 66
439 466 436
153 317 150
399 419 396
102 225 102
391 499 388
337 469 334
203 453 200
373 382 370
90 488 90
27 405 24
61 451 58
12 191 12
138 393 138
407 475 404
74 258 74
201 222 198
117 301 114
463 486 460
51 233 48
210 314 210
370 411 370
197 410 194
325 331 322
241 245 238
135 330 132
172 297 172
152 442 152
173 369 170
42 421 42
9 495 6
291 316 288
129 132 126
197 311 194
102 369 102
40 95 40
181 368 178
89 364 86
415 420 412
447 480 444
55 366 52
172 392 172
9 226 6
247 301 244
144 150 144
33 401 30
41 118 38
36 375 36
399 462 396
219 477 216
137 245 134
134 294 134
407 497 404
69 430 66
41 469 38
179 210 176
466 512 466
55 331 52
275 467 272
43 400 40
487 506 484
88 422 88
283 431 280
417 424 414
362 412 362
289 361 286
495 500 492
2 19 2
303 420 300
85 439 82
92 280 92
1 319 1
366 419 366
253 338 250
243 328 240
27 242 24
102 485 102
16 477 16
490 497 490
249 363 246
228 325 228
7 219 4
11 491 8
149 289 146
292 416 292
23 134 20
69 284 66
238 346 238
94 455 94
215 226 212
150 481 150
183 275 180
297 323 294
379 432 376
79 196 76
417 448 414
131 423 128
119 390 116
124 129 124
207 434 204
431 486 428
163 354 160
129 473 126
380 428 380
6 58 6
132 165 132
233 466 230
102 237 102
68 486 68
7 360 4
276 279 276
347 484 344
34 46 34
151 455 148
121 277 118
344 383 344
351 487 348
441 444 438
472 488 472
440 441 438
24 40 24
451 471 448
190 302 190
431 503 428
13 37 10
187 451 184
315 494 312
331 501 328
17 449 14
58 61 58
232 241 232
24 25 22
58 118 58
245 417 242
280 476 280
333 418 330
123 411 120
126 136 126
303 512 300
172 335 172
137 450 134
20 21 18
243 378 240
7 26 4
251 309 248
297 389 294
8 326 8
19 262 16
5 52 2
29 371 26
445 461 442
289 379 286
352 457 352
389 457 386
95 392 92
15 402 12
245 332 242
102 303 102
97 407 94
38 287 38
56 170 56
1 7 1
166 270 166
371 413 368
127 504 124
6 68 6
387 419 384
116 249 116
183 495 180
96 250 96
113 286 110
272 400 272
262 357 262
81 505 78
24 177 24
56 162 56
78 93 78
467 511 464
301 418 298
63 139 60
4 393 4
15 448 12
213 269 210
255 459 252
125 352 122
460 499 460
245 489 242
222 277 222
52 248 52
108 109 106
203 208 200
52 316 52
15 426 12
316 336 316
84 373 84
141 210 138
205 320 202
349 449 346
226 477 226
335 436 332
222 239 222
237 395 234
16 183 16
260 317 260
10 278 10
35 141 32
403 414 400
293 425 290
415 476 412
171 493 168
223 431 220
53 355 50
379 435 376
309 408 306
272 343 272
229 364 226
22 103 22
131 175 128
191 412 188
153 362 150
149 381 146
315 443 312
93 212 90
81 172 78
71 503 68
435 508 432
347 380 344
425 467 422
192 442 192
123 335 120
300 400 300
53 159 50
83 488 80
235 376 232
4 23 4
135 171 132
287 332 284
61 402 58
266 381 266
222 430 222
141 232 138
61 512 58
46 142 46
329 360 326
243 297 240
299 418 296
472 512 472
131 140 128
297 353 294
72 143 72
341 445 338
253 265 250
283 432 280
277 312 274
103 170 100
97 331 94
207 306 204
23 41 20
201 229 198
215 512 212
39 499 36
137 305 134
290 375 290
393 482 390
77 463 74
34 348 34
239 279 236
78 79 76
353 434 350
256 429 256
151 487 148
389 430 386
1 113 1
291 424 288
140 153 140
15 237 12
254 512 254
53 454 50
483 502 480
447 487 444
165 434 162
429 482 426
423 482 420
217 421 214
19 330 16
13 109 10
44 62 44
182 277 182
1 38 1
169 461 166
439 460 436
36 73 36
91 318 88
146 189 146
169 299 166
108 372 108
151 240 148
252 430 252
427 450 424
183 382 180
421 463 418
287 438 284
93 162 90
54 270 54
7 477 4
214 251 214
193 312 190
86 380 86
72 181 72
220 298 220
334 371 334
213 459 210
318 483 318
27 399 24
128 274 128
29 288 26
161 371 158
146 267 146
152 200 152
143 299 140
81 302 78
47 366 44
143 212 140
194 451 194
325 348 322
106 367 106
83 452 80
321 412 318
361 441 358
57 338 54
48 164 48
16 175 16
251 426 248
46 102 46
71 114 68
399 483 396
4 313 4
43 269 40
179 495 176
404 436 404
339 509 336
397 479 394
190 455 190
50 59 50
435 446 432
126 349 126
215 278 212
245 491 242
71 122 68
309 482 306
147 181 144
44 158 44
97 486 94
127 506 124
93 131 90
195 484 192
259 486 256
210 464 210
343 477 340
80 211 80
267 464 264
186 296 186
265 482 262
177 337 174
234 369 234
205 334 202
52 215 52
377 503 374
243 255 240
78 123 78
193 335 190
223 264 220
14 199 14
189 311 186
297 327 294
48 91 48
238 428 238
393 496 390
280 435 280
327 336 324
217 285 214
176 505 176
40 113 40
141 453 138
39 333 36
239 299 236
120 339 120
303 446 300
321 469 318
227 367 224
224 325 224
483 490 480
257 473 254
285 425 282
271 458 268
231 487 228
97 391 94
301 406 298
275 291 272
241 432 238
70 324 70
293 361 290
46 68 46
365 374 362
56 321 56
415 502 412
55 462 52
344 364 344
361 450 358
403 438 400
201 307 198
80 485 80
279 492 276
9 501 6
57 184 54
263 376 260
97 217 94
255 277 252
250 500 250
261 443 258
247 323 244
275 382 272
23 118 20
62 109 62
298 449 298
125 200 122
131 264 128
235 394 232
210 480 210
210 288 210
149 510 146
291 416 288
79 512 76
25 169 22
279 419 276
310 415 310
207 249 204
493 507 490
147 399 144
189 423 186
37 126 34
255 290 252
40 206 40
255 332 252
319 383 316
252 512 252
227 457 224
144 351 144
67 253 64
37 38 34
71 163 68
7 501 4
392 417 392
406 436 406
363 469 360
26 431 26
2 489 2
108 507 108
27 298 24
355 359 352
199 387 196
469 472 466
82 95 82
361 495 358
288 415 288
192 414 192
344 347 344
44 111 44
71 412 68
38 61 38
169 218 166
215 342 212
33 496 30
475 486 472
8 16 8
10 179 10
7 318 4
202 217 202
131 401 128
409 460 406
323 455 320
125 149 122
171 210 168
227 238 224
169 306 166
57 73 54
268 452 268
4 225 4
49 467 46
322 401 322
190 476 190
68 302 68
166 242 166
205 429 202
137 160 134
285 286 282
421 467 418
9 227 6
141 229 138
4 108 4
25 47 22
45 261 42
24 377 24
20 362 20
157 303 154
156 365 156
42 155 42
51 409 48
294 453 294
80 336 80
43 79 40
2 74 2
72 205 72
2 190 2
154 217 154
217 293 214
62 149 62
389 481 386
391 451 388
427 457 424
67 340 64
311 356 308
52 491 52
21 190 18
207 511 204
441 452 438
275 320 272
247 296 244
361 489 358
283 383 280
119 182 116
357 456 354
401 485 398
124 234 124
151 351 148
227 295 224
68 478 68
11 264 8
109 148 106
335 497 332
100 167 100
457 493 454
65 303 62
12 388 12
75 269 72
11 270 8
6 42 6
181 297 178
25 243 22
65 347 62
154 423 154
12 235 12
52 140 52
170 407 170
117 512 114
127 511 124
215 405 212
175 180 172
33 238 30
377 405 374
81 456 78
8 154 8
121 159 118
47 169 44
369 469 366
375 508 372
67 171 64
191 311 188
223 315 220
135 433 132
417 434 414
236 454 236
18 129 18
307 465 304
36 492 36
75 385 72
162 511 162
6 53 6
273 319 270
92 314 92
147 396 144
418 428 418
261 373 258
231 445 228
89 223 86
12 394 12
184 193 184
257 508 254
174 238 174
192 467 192
113 446 110
327 480 324
387 392 384
255 338 252
378 512 378
169 236 166
211 230 208
193 354 190
78 512 78
403 481 400
4 468 4
6 507 6
433 501 430
307 487 304
489 496 486
425 437 422
56 438 56
42 441 42
385 461 382
354 357 354
93 304 90
46 410 46
90 366 90
37 251 34
119 325 116
258 470 258
44 296 44
102 455 102
176 317 176
207 472 204
34 81 34
205 508 202
244 497 244
489 510 486
219 410 216
219 494 216
17 483 14
351 512 348
350 375 350
229 414 226
28 197 28
277 384 274
42 166 42
113 131 110
165 438 162
45 461 42
185 196 182
484 485 482
128 244 128
50 241 50
357 457 354
17 320 14
197 486 194
75 124 72
367 508 364
253 392 250
43 483 40
419 462 416
55 270 52
297 506 294
65 252 62
63 356 60
26 492 26
345 446 342
283 453 280
67 454 64
153 189 150
16 23 16
181 356 178
173 450 170
221 255 218
381 478 378
161 255 158
48 336 48
263 493 260
114 140 114
511 512 508
285 457 282
227 353 224
166 231 166
127 154 124
361 479 358
405 451 402
372 485 372
178 317 178
391 511 388
283 485 280
215 227 212
149 435 146
343 441 340
326 510 326
405 464 402
328 441 328
407 480 404
38 178 38
139 466 136
227 364 224
115 128 112
121 320 118
179 491 176
340 512 340
380 476 380
276 461 276
151 175 148
76 122 76
25 438 22
125 212 122
177 506 174
257 401 254
199 421 196
3 197 1
135 473 132
251 437 248
359 490 356
391 509 388
22 25 22
91 396 88
31 215 28
89 485 86
171 180 168
173 257 170
103 114 100
390 431 390
57 507 54
60 213 60
417 436 414
241 321 238
70 223 70
369 434 366
309 367 306
311 502 308
386 473 386
453 504 450
55 227 52
105 439 102
256 472 256
304 440 304
116 398 116
301 487 298
385 390 382
22 272 22
389 484 386
12 427 12
57 71 54
283 411 280
164 207 164
154 320 154
33 149 30
173 360 170
361 505 358
237 347 234
141 235 138
443 476 440
279 463 276
35 444 32
159 471 156
367 471 364
39 253 36
83 208 80
6 201 6
176 302 176
213 423 210
475 510 472
263 355 260
21 283 18
89 91 86
389 505 386
156 258 156
66 267 66
302 358 302
81 231 78
309 483 306
2 355 2
171 209 168
110 397 110
439 488 436
103 385 100
18 512 18
105 210 102
25 26 22
105 410 102
4 226 4
189 337 186
261 415 258
60 204 60
11 363 8
91 380 88
99 209 96
267 483 264
30 121 30
15 379 12
126 315 126
82 463 82
256 359 256
224 375 224
288 369 288
99 141 96
32 482 32
242 291 242
183 362 180
48 249 48
353 425 350
293 450 290
461 462 458
201 449 198
212 436 212
262 470 262
65 126 62
37 281 34
234 402 234
386 475 386
285 302 282
95 194 92
12 226 12
309 500 306
137 441 134
310 494 310
14 63 14
207 372 204
90 493 90
155 511 152
40 44 40
98 136 98
323 342 320
153 296 150
418 482 418
3 111 1
104 312 104
326 358 326
267 396 264
437 470 434
253 280 250
433 466 430
71 130 68
309 485 306
171 233 168
245 414 242
317 421 314
407 427 404
269 305 266
335 461 332
452 494 452
183 510 180
180 465 180
107 236 104
160 230 160
194 287 194
314 332 314
191 512 188
423 499 420
199 492 196
189 219 186
18 36 18
91 186 88
223 292 220
394 471 394
499 508 496
183 480 180
103 331 100
140 160 140
2 470 2
17 324 14
216 217 214
201 433 198
27 231 24
360 362 360
50 442 50
31 315 28
58 235 58
28 322 28
215 252 212
220 486 220
331 390 328
283 458 280
135 308 132
165 500 162
161 220 158
36 324 36
336 483 336
127 492 124
200 480 200
140 152 140
383 448 380
116 182 116
79 415 76
21 92 18
233 498 230
49 121 46
240 250 240
208 415 208
111 233 108
79 191 76
126 296 126
117 282 114
38 164 38
88 99 88
333 439 330
135 234 132
384 426 384
153 334 150
447 449 444
332 373 332
73 184 70
55 147 52
12 470 12
377 418 374
408 501 408
79 109 76
325 502 322
308 497 308
259 496 256
193 426 190
5 38 2
50 405 50
341 364 338
415 416 412
431 461 428
343 400 340
425 508 422
284 472 284
405 488 402
298 493 298
85 148 82
303 332 300
306 308 306
145 468 142
31 480 28
158 448 158
224 357 224
4 30 4
221 284 218
96 234 96
189 490 186
2 38 2
111 466 108
375 411 372
412 502 412
98 434 98
58 146 58
166 251 166
222 297 222
185 194 182
419 445 416
36 123 36
262 483 262
133 420 130
64 338 64
48 456 48
188 249 188
49 263 46
16 306 16
329 414 326
200 201 198
53 119 50
228 268 228
305 391 302
225 330 222
191 324 188
113 311 110
239 442 236
193 377 190
206 234 206
415 440 412
151 435 148
295 397 292
381 406 378
88 244 88
29 98 26
216 312 216
78 382 78
138 371 138
189 479 186
25 496 22
67 96 64
209 420 206
53 301 50
150 440 150
33 275 30
103 321 100
36 287 36
328 490 328
56 77 56
423 429 420
139 428 136
197 400 194
281 411 278
148 364 148
250 450 250
439 491 436
64 353 64
166 499 166
130 192 130
27 229 24
265 339 262
447 458 444
147 341 144
102 200 102
73 230 70
237 272 234
144 328 144
263 439 260
21 61 18
119 446 116
61 141 58
30 322 30
228 229 226
19 163 16
303 316 300
339 374 336
33 175 30
52 406 52
192 310 192
31 236 28
109 266 106
375 408 372
110 248 110
439 484 436
356 509 356
189 199 186
499 500 496
459 505 456
42 47 42
38 94 38
7 9 4
395 442 392
259 394 256
62 246 62
261 414 258
10 349 10
305 467 302
52 147 52
296 322 296
447 502 444
12 112 12
55 106 52
37 65 34
257 461 254
8 37 8
17 501 14
351 403 348
124 429 124
104 382 104
55 116 52
2 42 2
21 121 18
221 266 218
112 221 112
17 404 14
121 168 118
471 495 468
108 407 108
190 371 190
369 476 366
311 349 308
104 253 104
148 196 148
16 43 16
285 297 282
185 385 182
67 256 64
52 472 52
315 338 312
69 447 66
203 422 200
95 508 92
279 376 276
95 223 92
112 401 112
155 496 152
94 95 92
443 487 440
215 383 212
94 304 94
58 466 58
285 442 282
353 465 350
54 349 54
35 428 32
205 448 202
445 466 442
317 479 314
78 321 78
259 305 256
239 487 236
69 127 66
103 353 100
362 483 362
8 140 8
155 370 152
158 159 156
313 425 310
220 294 220
112 127 112
80 81 78
354 375 354
148 459 148
281 286 278
267 477 264
8 289 8
12 156 12
258 512 258
16 379 16
235 458 232
273 507 270
184 228 184
42 107 42
103 144 100
169 432 166
137 400 134
441 481 438
29 110 26
58 159 58
365 458 362
91 176 88
155 437 152
21 403 18
425 481 422
24 259 24
199 462 196
313 483 310
253 389 250
296 495 296
136 354 136
253 453 250
98 125 98
50 67 50
455 464 452
103 413 100
220 482 220
51 54 48
135 384 132
154 214 154
139 412 136
363 441 360
320 426 320
98 401 98
236 251 236
65 396 62
96 97 94
419 463 416
159 465 156
317 443 314
469 471 466
216 361 216
304 471 304
4 77 4
181 234 178
485 491 482
268 479 268
74 181 74
111 190 108
83 239 80
441 448 438
116 192 116
224 246 224
113 507 110
331 381 328
3 198 1
159 271 156
4 11 4
90 208 90
115 377 112
82 205 82
289 436 286
458 493 458
191 267 188
487 496 484
237 455 234
62 71 62
150 351 150
217 234 214
81 373 78
175 283 172
144 387 144
245 319 242
169 241 166
249 255 246
267 447 264
207 389 204
82 101 82
66 511 66
404 489 404
28 249 28
50 332 50
197 353 194
94 485 94
19 499 16
489 493 486
267 374 264
320 467 320
67 180 64
323 345 320
245 263 242
88 159 88
274 417 274
393 468 390
403 484 400
465 510 462
495 496 492
350 387 350
304 348 304
335 388 332
357 510 354
287 317 284
457 459 454
87 485 84
5 189 2
4 12 4
36 96 36
89 121 86
168 303 168
142 490 142
305 340 302
183 341 180
412 467 412
1 210 1
319 352 316
154 365 154
116 170 116
331 439 328
161 211 158
321 505 318
338 465 338
441 447 438
282 506 282
404 420 404
273 352 270
295 450 292
99 159 96
292 385 292
111 393 108
77 289 74
120 307 120
363 390 360
80 367 80
232 465 232
49 100 46
395 495 392
433 472 430
251 258 248
367 429 364
177 496 174
437 456 434
206 512 206
276 284 276
32 392 32
240 253 240
38 333 38
68 163 68
186 444 186
185 434 182
42 90 42
50 169 50
219 427 216
21 216 18
158 238 158
26 344 26
265 282 262
176 228 176
147 379 144
236 304 236
169 504 166
133 166 130
177 348 174
322 329 322
409 419 406
55 72 52
291 356 288
225 400 222
2 21 2
191 350 188
307 370 304
367 509 364
53 65 50
95 120 92
431 468 428
452 453 450
77 167 74
175 269 172
61 183 58
50 259 50
195 334 192
32 323 32
217 371 214
155 169 152
17 118 14
155 428 152
36 273 36
83 114 80
489 498 486
197 286 194
39 443 36
159 309 156
469 490 466
148 352 148
359 487 356
278 338 278
90 295 90
361 397 358
461 497 458
423 425 420
169 430 166
2 54 2
145 512 142
41 56 38
126 152 126
81 416 78
281 504 278
100 236 100
65 118 62
127 180 124
317 446 314
234 494 234
57 378 54
83 289 80
245 313 242
248 269 248
166 390 166
22 40 22
371 481 368
149 422 146
124 133 124
325 374 322
186 503 186
153 188 150
302 496 302
241 477 238
367 496 364
162 373 162
413 477 410
255 350 252
11 127 8
73 144 70
465 491 462
324 325 322
37 227 34
325 462 322
363 387 360
213 286 210
119 478 116
173 200 170
87 295 84
268 340 268
188 194 188
42 123 42
249 286 246
421 452 418
210 214 210
99 395 96
31 440 28
88 400 88
8 448 8
39 147 36
6 307 6
187 291 184
224 307 224
134 264 134
111 361 108
11 192 8
199 473 196
142 341 142
353 504 350
177 383 174
351 419 348
361 395 358
33 345 30
239 470 236
78 439 78
63 93 60
178 444 178
170 433 170
135 503 132
367 462 364
433 476 430
299 318 296
138 335 138
251 408 248
366 427 366
441 508 438
223 469 220
203 272 200
274 362 274
301 415 298
120 305 120
247 416 244
74 353 74
90 300 90
87 307 84
48 77 48
257 378 254
22 34 22
423 486 420
156 316 156
141 182 138
145 388 142
40 138 40
221 435 218
261 377 258
115 463 112
392 406 392
471 502 468
236 307 236
109 414 106
30 280 30
48 172 48
345 490 342
207 457 204
95 177 92
98 410 98
93 483 90
28 366 28
39 250 36
142 144 142
313 332 310
200 237 200
65 502 62
6 129 6
27 239 24
343 484 340
95 189 92
37 316 34
272 428 272
20 221 20
179 283 176
23 510 20
341 450 338
79 392 76
1 197 1
59 251 56
409 413 406
77 100 74
325 481 322
266 491 266
135 411 132
48 139 48
54 113 54
455 474 452
24 96 24
111 450 108
92 490 92
92 125 92
74 257 74
315 456 312
459 468 456
77 101 74
12 71 12
156 311 156
45 62 42
165 412 162
7 502 4
156 288 156
304 482 304
159 511 156
52 469 52
397 443 394
243 263 240
197 347 194
71 207 68
151 445 148
32 200 32
11 444 8
72 241 72
65 214 62
17 20 14
74 300 74
164 296 164
50 179 50
395 462 392
241 494 238
197 325 194
411 414 408
59 278 56
299 471 296
27 109 24
70 122 70
10 468 10
191 246 188
160 324 160
131 497 128
371 474 368
98 512 98
411 471 408
396 435 396
224 474 224
434 511 434
59 161 56
227 370 224
39 286 36
201 313 198
405 434 402
199 312 196
260 466 260
145 298 142
439 471 436
417 445 414
385 408 382
495 499 492
9 281 6
285 343 282
188 460 188
202 495 202
297 405 294
357 400 354
133 327 130
86 187 86
340 351 340
183 304 180
24 97 24
431 477 428
287 367 284
150 495 150
212 431 212
106 506 106
457 487 454
61 207 58
18 484 18
189 431 186
151 299 148
117 236 114
79 95 76
223 266 220
401 512 398
329 358 326
11 296 8
54 69 54
385 415 382
10 465 10
41 357 38
387 456 384
133 439 130
27 188 24
409 506 406
63 68 60
305 320 302
164 373 164
67 251 64
73 342 70
441 490 438
19 512 16
55 473 52
136 137 134
87 226 84
344 488 344
90 131 90
119 140 116
131 164 128
235 238 232
33 473 30
21 244 18
89 316 86
255 396 252
221 316 218
103 376 100
246 447 246
120 145 120
193 250 190
192 319 192
46 125 46
417 477 414
300 483 300
157 437 154
118 121 118
166 409 166
174 273 174
469 479 466
75 467 72
137 224 134
129 257 126
120 273 120
20 39 20
455 478 452
131 190 128
104 461 104
1 217 1
78 329 78
138 150 138
285 345 282
166 167 164
171 324 168
272 399 272
225 299 222
289 305 286
215 486 212
87 264 84
137 166 134
66 442 66
269 442 266
163 221 160
17 81 14
139 511 136
487 495 484
375 422 372
37 318 34
63 112 60
208 247 208
415 452 412
257 354 254
57 218 54
138 260 138
469 486 466
225 461 222
375 487 372
211 288 208
425 489 422
127 305 124
62 134 62
395 414 392
159 196 156
177 490 174
411 419 408
235 279 232
115 388 112
82 308 82
46 98 46
108 283 108
6 108 6
386 493 386
393 446 390
178 413 178
28 465 28
190 351 190
149 258 146
111 345 108
111 471 108
369 394 366
106 318 106
103 291 100
112 361 112
4 200 4
264 406 264
137 311 134
63 209 60
313 460 310
461 485 458
77 170 74
26 33 26
47 127 44
154 221 154
179 459 176
471 482 468
171 346 168
307 328 304
272 313 272
159 359 156
184 289 184
222 353 222
327 489 324
41 280 38
7 108 4
409 497 406
318 319 316
29 178 26
83 92 80
222 317 222
263 436 260
7 8 4
123 284 120
477 494 474
270 354 270
201 274 198
1 287 1
487 502 484
355 356 352
9 271 6
1 26 1
237 288 234
431 471 428
73 227 70
11 301 8
171 241 168
298 421 298
193 371 190
16 41 16
75 139 72
469 475 466
2 13 2
246 339 246
264 424 264
348 473 348
381 491 378
101 157 98
195 245 192
135 177 132
59 150 56
34 57 34
315 370 312
168 335 168
79 114 76
65 446 62
59 64 56
126 354 126
190 494 190
108 300 108
453 486 450
28 30 28
60 487 60
66 317 66
207 262 204
8 240 8
123 454 120
242 330 242
125 466 122
150 210 150
132 322 132
355 387 352
38 98 38
69 269 66
166 292 166
50 75 50
154 492 154
477 507 474
251 442 248
101 479 98
308 316 308
473 475 470
161 487 158
152 324 152
46 356 46
211 345 208
26 248 26
229 476 226
370 436 370
228 343 228
157 223 154
367 503 364
406 426 406
79 316 76
19 478 16
109 504 106
351 467 348
439 462 436
409 425 406
234 238 234
101 282 98
353 419 350
1 6 1
33 359 30
148 501 148
157 188 154
435 487 432
222 261 222
345 358 342
453 493 450
343 500 340
180 474 180
147 387 144
227 509 224
54 218 54
439 474 436
153 242 150
6 111 6
237 283 234
404 459 404
177 245 174
349 447 346
337 356 334
195 416 192
186 337 186
82 370 82
171 414 168
381 444 378
328 432 328
64 95 64
223 409 220
313 405 310
9 205 6
201 415 198
295 326 292
8 345 8
155 258 152
121 417 118
383 399 380
353 474 350
101 438 98
387 404 384
251 458 248
60 158 60
194 512 194
191 440 188
456 512 456
341 479 338
1 47 1
418 419 416
146 273 146
385 498 382
161 269 158
82 384 82
45 360 42
417 502 414
294 362 294
64 155 64
70 105 70
79 483 76
259 423 256
285 344 282
68 187 68
134 253 134
370 512 370
431 494 428
375 485 372
285 460 282
359 399 356
331 334 328
189 240 186
232 473 232
35 155 32
307 440 304
38 120 38
57 462 54
302 506 302
181 446 178
93 208 90
281 456 278
29 271 26
40 285 40
124 173 124
81 417 78
160 410 160
248 327 248
35 423 32
285 340 282
69 132 66
68 92 68
34 49 34
79 252 76
63 463 60
292 383 292
171 316 168
357 495 354
18 348 18
177 414 174
337 340 334
135 409 132
310 352 310
473 512 470
180 321 180
421 445 418
323 372 320
175 263 172
71 491 68
57 115 54
361 439 358
318 435 318
170 370 170
243 277 240
359 411 356
164 205 164
148 149 146
46 141 46
457 471 454
306 325 306
167 342 164
407 412 404
448 457 448
73 147 70
271 340 268
258 484 258
246 356 246
266 386 266
190 266 190
130 449 130
77 246 74
189 368 186
20 195 20
25 129 22
237 339 234
481 510 478
148 512 148
261 307 258
6 62 6
33 246 30
265 390 262
37 498 34
149 449 146
77 233 74
118 439 118
411 444 408
106 485 106
149 428 146
211 381 208
271 417 268
157 430 154
55 455 52
71 120 68
241 299 238
66 246 66
137 358 134
48 78 48
373 486 370
433 446 430
273 394 270
130 468 130
97 461 94
205 389 202
431 449 428
281 477 278
49 323 46
346 405 346
292 315 292
43 444 40
120 488 120
329 503 326
369 444 366
83 188 80
349 360 346
131 148 128
441 468 438
49 102 46
69 420 66
42 188 42
397 511 394
162 209 162
219 222 216
180 460 180
371 436 368
32 129 32
241 508 238
122 292 122
415 496 412
239 508 236
47 291 44
92 252 92
213 484 210
95 397 92
391 435 388
35 458 32
135 496 132
20 49 20
262 512 262
5 364 2
310 325 310
119 296 116
10 125 10
73 381 70
401 504 398
100 289 100
329 346 326
97 130 94
365 493 362
137 335 134
2 40 2
5 383 2
159 240 156
141 195 138
395 438 392
34 91 34
315 328 312
371 393 368
16 314 16
83 133 80
169 213 166
467 487 464
38 116 38
214 267 214
15 54 12
8 431 8
391 437 388
79 265 76
221 318 218
52 228 52
219 483 216
114 178 114
136 202 136
72 155 72
329 467 326
6 449 6
217 370 214
156 233 156
353 390 350
75 257 72
47 63 44
147 394 144
114 162 114
124 245 124
431 512 428
111 322 108
36 55 36
77 251 74
289 413 286
118 512 118
155 385 152
34 373 34
57 211 54
125 427 122
124 243 124
325 368 322
200 450 200
241 271 238
329 465 326
243 415 240
348 417 348
107 428 104
281 409 278
259 512 256
347 361 344
46 55 46
11 499 8
132 207 132
60 76 60
105 363 102
409 463 406
155 366 152
447 478 444
52 81 52
255 336 252
272 390 272
205 390 202
89 337 86
33 406 30
125 287 122
53 194 50
185 297 182
32 257 32
171 485 168
234 398 234
249 380 246
29 274 26
282 443 282
253 347 250
6 211 6
74 144 74
139 270 136
10 221 10
11 148 8
275 394 272
18 194 18
367 449 364
74 324 74
126 512 126
293 417 290
476 507 476
431 458 428
180 300 180
107 352 104
353 492 350
201 442 198
9 349 6
74 478 74
359 414 356
186 312 186
5 135 2
195 418 192
67 146 64
309 314 306
66 492 66
327 450 324
22 287 22
85 474 82
242 356 242
101 425 98
447 479 444
354 454 354
375 467 372
152 153 150
166 216 166
429 441 426
56 125 56
465 512 462
100 143 100
129 460 126
267 270 264
169 456 166
226 379 226
323 324 320
3 204 1
255 374 252
66 509 66
226 389 226
259 356 256
57 286 54
393 436 390
69 145 66
439 497 436
71 158 68
75 456 72
17 376 14
210 451 210
168 390 168
249 475 246
307 312 304
231 343 228
101 146 98
230 351 230
81 100 78
191 397 188
89 211 86
208 303 208
157 169 154
266 364 266
125 487 122
205 370 202
237 427 234
69 383 66
15 260 12
250 448 250
260 271 260
109 267 106
85 174 82
295 473 292
329 400 326
80 353 80
437 460 434
1 139 1
147 354 144
201 422 198
48 168 48
199 289 196
234 240 234
2 220 2
381 459 378
38 133 38
201 247 198
120 371 120
129 321 126
281 368 278
25 369 22
117 200 114
211 254 208
188 462 188
138 292 138
199 361 196
219 306 216
312 397 312
288 397 288
201 330 198
62 280 62
449 496 446
37 317 34
393 394 390
6 432 6
393 498 390
257 472 254
137 260 134
281 488 278
60 70 60
20 367 20
419 441 416
173 495 170
105 253 102
105 149 102
423 506 420
3 503 1
18 165 18
369 506 366
47 306 44
54 326 54
185 349 182
413 452 410
359 499 356
227 412 224
210 439 210
325 446 322
158 439 158
149 249 146
49 69 46
57 271 54
18 68 18
165 229 162
145 346 142
196 222 196
273 496 270
195 459 192
42 56 42
167 472 164
397 403 394
308 347 308
1 127 1
29 290 26
249 291 246
250 351 250
31 415 28
487 489 484
361 448 358
39 331 36
267 465 264
255 280 252
119 418 116
157 209 154
335 406 332
157 456 154
401 490 398
153 190 150
291 390 288
42 456 42
78 380 78
3 14 1
165 302 162
205 353 202
12 353 12
166 305 166
319 494 316
14 24 14
75 405 72
14 28 14
346 371 346
147 365 144
299 445 296
437 438 434
292 495 292
383 465 380
129 474 126
141 186 138
312 365 312
161 268 158
325 495 322
303 355 300
333 398 330
294 479 294
127 375 124
198 291 198
167 247 164
159 431 156
241 265 238
65 139 62
55 317 52
455 468 452
55 130 52
277 458 274
351 434 348
400 439 400
4 162 4
251 356 248
10 267 10
74 414 74
10 335 10
4 448 4
295 486 292
131 294 128
235 467 232
161 322 158
403 467 400
375 452 372
171 456 168
1 95 1
173 272 170
112 353 112
251 255 248
148 346 148
433 507 430
308 309 306
293 409 290
315 406 312
28 171 28
115 322 112
129 363 126
153 456 150
271 315 268
401 502 398
87 289 84
171 206 168
12 176 12
175 462 172
353 445 350
262 310 262
23 322 20
82 399 82
41 419 38
156 282 156
98 394 98
367 497 364
301 339 298
47 506 44
239 305 236
425 462 422
469 492 466
497 512 494
109 143 106
342 419 342
92 102 92
457 481 454
136 249 136
116 309 116
42 169 42
125 430 122
10 165 10
4 506 4
309 505 306
385 485 382
219 348 216
285 408 282
355 504 352
190 207 190
169 261 166
481 482 478
57 89 54
269 430 266
27 388 24
369 384 366
87 347 84
457 466 454
249 400 246
159 375 156
339 423 336
149 319 146
99 303 96
235 309 232
177 250 174
302 512 302
10 49 10
377 480 374
425 492 422
311 486 308
153 464 150
66 170 66
243 315 240
57 269 54
292 467 292
9 509 6
246 431 246
5 50 2
87 177 84
417 475 414
8 116 8
69 260 66
285 506 282
159 276 156
189 411 186
33 84 30
336 426 336
373 502 370
343 368 340
222 468 222
19 275 16
5 201 2
122 261 122
267 268 264
46 48 46
4 60 4
509 511 506
134 135 132
84 150 84
134 227 134
203 465 200
20 226 20
41 242 38
285 389 282
417 483 414
220 440 220
143 432 140
203 433 200
103 433 100
370 499 370
271 295 268
157 160 154
175 301 172
302 387 302
347 434 344
81 507 78
248 309 248
182 500 182
137 390 134
288 338 288
268 430 268
98 364 98
341 363 338
322 348 322
165 167 162
89 401 86
419 495 416
60 498 60
112 369 112
262 306 262
182 185 182
437 488 434
50 269 50
13 392 10
163 501 160
218 441 218
86 330 86
125 250 122
35 220 32
166 425 166
77 447 74
235 494 232
38 185 38
74 467 74
435 438 432
476 496 476
300 449 300
196 243 196
233 497 230
121 407 118
22 358 22
81 319 78
10 178 10
121 382 118
141 419 138
213 299 210
419 491 416
107 429 104
127 450 124
75 477 72
298 406 298
85 345 82
7 77 4
267 484 264
375 419 372
241 327 238
91 375 88
38 312 38
94 395 94
187 330 184
108 445 108
31 34 28
344 361 344
301 497 298
136 407 136
18 465 18
55 389 52
146 320 146
16 403 16
323 462 320
216 503 216
409 437 406
158 408 158
465 475 462
299 371 296
299 369 296
40 437 40
37 247 34
321 472 318
29 418 26
264 509 264
359 477 356
199 323 196
108 314 108
172 347 172
357 506 354
151 436 148
465 472 462
380 492 380
233 441 230
144 169 144
91 398 88
206 362 206
233 510 230
68 100 68
30 170 30
47 282 44
259 370 256
175 226 172
199 437 196
59 143 56
239 428 236
143 499 140
160 238 160
98 395 98
104 141 104
1 70 1
120 166 120
202 323 202
233 512 230
178 183 178
34 135 34
101 189 98
80 158 80
211 360 208
359 367 356
43 239 40
119 337 116
59 444 56
45 454 42
249 497 246
16 418 16
58 236 58
60 364 60
347 510 344
453 461 450
95 214 92
423 483 420
156 200 156
88 435 88
33 174 30
228 314 228
386 512 386
135 280 132
397 409 394
181 308 178
27 81 24
504 505 502
216 291 216
87 318 84
128 226 128
155 458 152
360 503 360
21 281 18
69 502 66
431 506 428
50 493 50
367 433 364
219 344 216
130 261 130
491 512 488
24 385 24
77 111 74
40 388 40
409 496 406
51 418 48
383 486 380
7 399 4
70 263 70
110 272 110
55 138 52
318 387 318
255 383 252
415 443 412
43 370 40
483 487 480
92 455 92
31 351 28
38 218 38
311 476 308
261 302 258
92 424 92
193 501 190
469 483 466
105 239 102
114 259 114
400 512 400
108 435 108
235 297 232
333 383 330
459 491 456
288 448 288
103 387 100
142 222 142
56 114 56
94 279 94
411 473 408
278 453 278
365 418 362
190 507 190
141 318 138
227 442 224
183 463 180
263 459 260
315 326 312
195 210 192
238 247 238
205 410 202
43 486 40
8 19 8
160 402 160
22 374 22
474 475 472
67 78 64
178 404 178
158 225 158
239 512 236
205 229 202
112 434 112
249 318 246
419 453 416
4 196 4
148 408 148
320 412 320
23 414 20
189 481 186
99 445 96
21 148 18
207 301 204
269 473 266
317 432 314
449 505 446
147 265 144
47 445 44
60 254 60
302 335 302
305 489 302
449 491 446
24 356 24
453 454 450
46 150 46
243 346 240
113 392 110
393 454 390
232 247 232
135 295 132
171 445 168
237 341 234
223 237 220
353 380 350
193 430 190
4 36 4
469 494 466
86 284 86
137 396 134
179 365 176
131 404 128
20 33 20
239 375 236
209 313 206
10 355 10
315 498 312
405 505 402
398 470 398
20 413 20
248 424 248
221 379 218
297 386 294
309 504 306
382 484 382
227 331 224
252 420 252
264 331 264
17 364 14
180 421 180
120 183 120
57 247 54
35 512 32
359 420 356
271 306 268
298 480 298
291 452 288
41 260 38
107 144 104
62 507 62
112 266 112
195 255 192
28 144 28
181 277 178
218 272 218
75 228 72
108 166 108
1 84 1
173 299 170
58 102 58
145 329 142
51 87 48
268 409 268
149 186 146
242 482 242
209 449 206
32 45 32
373 391 370
16 29 16
283 338 280
66 270 66
330 474 330
33 467 30
169 311 166
90 326 90
90 279 90
213 502 210
54 71 54
129 325 126
67 408 64
4 223 4
108 110 108
395 507 392
22 204 22
213 488 210
110 275 110
161 282 158
100 284 100
297 315 294
56 264 56
81 137 78
241 422 238
30 286 30
270 367 270
334 463 334
323 425 320
184 303 184
251 441 248
471 472 468
203 210 200
345 405 342
201 383 198
102 301 102
60 183 60
64 136 64
376 377 374
369 470 366
193 491 190
142 362 142
217 241 214
78 154 78
80 212 80
331 344 328
171 395 168
39 472 36
43 45 40
16 51 16
151 348 148
130 512 130
27 47 24
46 390 46
270 512 270
417 427 414
252 292 252
242 417 242
17 329 14
357 398 354
94 262 94
428 512 428
428 429 426
9 461 6
403 424 400
154 309 154
100 109 100
58 62 58
96 307 96
193 355 190
98 333 98
347 350 344
184 214 184
104 448 104
213 500 210
299 348 296
4 153 4
5 422 2
28 51 28
153 307 150
253 501 250
119 508 116
158 380 158
33 307 30
170 233 170
59 231 56
324 475 324
137 401 134
76 216 76
423 467 420
145 338 142
405 421 402
34 451 34
186 386 186
411 455 408
28 32 28
177 300 174
239 303 236
355 498 352
384 498 384
59 385 56
64 242 64
2 25 2
342 367 342
215 222 212
230 398 230
63 388 60
370 423 370
232 345 232
265 455 262
218 222 218
41 80 38
281 288 278
62 248 62
1 145 1
189 238 186
65 129 62
491 505 488
112 462 112
172 276 172
132 205 132
339 389 336
219 425 216
219 271 216
7 252 4
95 164 92
313 413 310
169 233 166
388 480 388
19 458 16
165 327 162
224 275 224
89 153 86
138 255 138
133 466 130
53 489 50
199 321 196
329 330 326
94 251 94
227 273 224
367 500 364
325 421 322
141 371 138
20 29 20
477 490 474
16 304 16
249 326 246
189 195 186
173 326 170
269 484 266
133 458 130
63 79 60
277 476 274
47 172 44
416 455 416
158 510 158
141 355 138
279 414 276
125 253 122
197 414 194
65 304 62
52 88 52
235 333 232
461 465 458
48 280 48
81 203 78
5 32 2
213 332 210
61 159 58
389 413 386
439 477 436
431 457 428
363 424 360
360 467 360
145 240 142
180 233 180
97 182 94
127 229 124
38 512 38
9 65 6
293 365 290
155 275 152
273 436 270
305 461 302
259 322 256
41 389 38
92 106 92
285 299 282
439 482 436
222 237 222
153 287 150
100 457 100
258 339 258
75 503 72
62 334 62
48 432 48
200 417 200
53 122 50
349 430 346
180 239 180
37 218 34
22 349 22
153 253 150
340 420 340
35 130 32
327 346 324
24 55 24
35 170 32
242 271 242
28 165 28
243 484 240
36 60 36
196 307 196
83 503 80
255 480 252
128 401 128
30 73 30
79 102 76
196 376 196
272 422 272
27 48 24
141 330 138
453 501 450
191 332 188
200 495 200
5 126 2
29 396 26
16 462 16
337 473 334
4 62 4
350 396 350
333 453 330
44 95 44
87 380 84
95 119 92
27 33 24
330 415 330
213 352 210
334 468 334
128 283 128
149 303 146
154 361 154
83 398 80
227 438 224
177 293 174
303 506 300
148 442 148
51 407 48
285 370 282
191 250 188
459 511 456
492 501 492
90 298 90
347 470 344
74 252 74
317 324 314
115 297 112
351 409 348
315 403 312
66 496 66
61 294 58
18 19 16
327 341 324
279 512 276
145 184 142
56 150 56
180 403 180
311 494 308
98 114 98
247 478 244
31 303 28
205 409 202
131 475 128
343 430 340
96 258 96
296 318 296
48 66 48
105 272 102
320 377 320
31 113 28
263 442 260
60 270 60
236 382 236
96 458 96
25 512 22
10 44 10
439 489 436
461 490 458
237 278 234
142 164 142
149 436 146
23 123 20
79 336 76
79 487 76
27 462 24
8 407 8
111 266 108
337 456 334
68 157 68
50 512 50
14 392 14
337 434 334
250 391 250
279 317 276
387 437 384
5 157 2
60 306 60
76 374 76
43 337 40
189 360 186
292 369 292
96 253 96
96 279 96
357 484 354
57 332 54
71 369 68
248 512 248
93 268 90
246 460 246
62 261 62
83 428 80
395 468 392
425 509 422
429 438 426
230 275 230
334 452 334
421 496 418
147 403 144
285 360 282
179 505 176
193 404 190
289 389 286
200 483 200
231 440 228
401 467 398
189 247 186
4 255 4
9 43 6
391 510 388
225 255 222
451 459 448
11 355 8
195 223 192
182 191 182
118 333 118
449 452 446
287 430 284
105 337 102
113 269 110
78 196 78
163 169 160
41 461 38
11 447 8
26 137 26
429 465 426
333 489 330
194 426 194
25 311 22
436 469 436
66 95 66
57 242 54
395 470 392
129 379 126
405 407 402
3 53 1
36 40 36
151 395 148
10 159 10
174 311 174
309 392 306
395 464 392
398 512 398
28 86 28
73 465 70
192 269 192
131 213 128
25 493 22
249 473 246
177 374 174
321 348 318
337 482 334
392 415 392
43 158 40
61 365 58
49 442 46
306 332 306
210 329 210
449 492 446
303 403 300
403 464 400
271 470 268
5 188 2
430 433 430
21 204 18
53 228 50
452 497 452
393 511 390
308 391 308
39 502 36
175 332 172
227 268 224
26 61 26
89 164 86
127 509 124
103 462 100
295 328 292
168 353 168
16 20 16
89 367 86
325 364 322
121 511 118
37 212 34
178 423 178
160 371 160
36 212 36
100 476 100
24 63 24
418 512 418
118 187 118
321 418 318
250 452 250
365 453 362
363 460 360
29 307 26
397 454 394
414 487 414
93 489 90
343 390 340
272 372 272
31 339 28
217 310 214
52 107 52
110 473 110
291 319 288
270 457 270
245 373 242
461 469 458
85 379 82
130 256 130
353 446 350
375 484 372
179 245 176
4 21 4
37 380 34
149 291 146
414 444 414
447 510 444
185 425 182
23 122 20
155 355 152
297 364 294
246 403 246
233 453 230
121 349 118
281 423 278
327 429 324
16 176 16
22 110 22
93 287 90
85 353 82
137 342 134
10 512 10
207 496 204
433 457 430
323 339 320
236 361 236
389 442 386
55 60 52
70 177 70
18 39 18
214 473 214
331 437 328
123 216 120
164 389 164
121 271 118
211 425 208
19 374 16
213 479 210
143 390 140
248 391 248
80 144 80
405 501 402
27 225 24
125 160 122
425 444 422
333 403 330
158 451 158
389 393 386
136 390 136
327 387 324
282 502 282
31 353 28
23 171 20
292 301 292
205 366 202
44 146 44
104 442 104
139 216 136
58 367 58
22 409 22
83 478 80
92 353 92
86 266 86
213 476 210
379 512 376
271 491 268
156 416 156
190 254 190
39 95 36
394 397 394
92 491 92
391 428 388
357 504 354
37 496 34
418 421 418
30 236 30
310 476 310
286 473 286
61 156 58
323 335 320
47 329 44
228 486 228
345 418 342
384 495 384
153 439 150
215 456 212
133 490 130
17 260 14
219 429 216
123 243 120
305 414 302
114 157 114
137 241 134
89 346 86
79 389 76
379 468 376
156 335 156
71 461 68
398 511 398
149 418 146
249 325 246
237 245 234
361 470 358
83 465 80
382 463 382
146 276 146
10 251 10
98 243 98
94 239 94
350 352 350
389 440 386
119 143 116
63 453 60
305 376 302
99 241 96
449 462 446
436 448 436
4 49 4
338 431 338
295 424 292
145 148 142
400 467 400
273 387 270
212 360 212
267 435 264
135 156 132
103 379 100
14 228 14
177 392 174
125 424 122
499 510 496
329 448 326
187 258 184
363 430 360
13 290 10
413 502 410
317 393 314
393 398 390
135 421 132
410 489 410
191 371 188
156 277 156
16 219 16
20 173 20
433 495 430
208 344 208
75 442 72
30 227 30
150 458 150
102 311 102
373 409 370
240 332 240
287 362 284
95 204 92
38 160 38
10 216 10
60 66 60
3 133 1
299 405 296
337 391 334
265 338 262
445 499 442
343 495 340
118 235 118
172 336 172
395 472 392
185 204 182
370 486 370
28 88 28
16 354 16
92 276 92
128 466 128
260 446 260
47 479 44
101 484 98
443 479 440
377 486 374
273 511 270
76 82 76
324 433 324
62 117 62
19 459 16
280 281 278
273 494 270
327 352 324
451 499 448
339 370 336
129 299 126
127 445 124
124 174 124
267 271 264
83 305 80
45 396 42
387 434 384
49 272 46
7 175 4
177 232 174
89 469 86
93 270 90
30 120 30
85 110 82
239 282 236
79 444 76
7 510 4
151 459 148
21 286 18
239 417 236
38 58 38
22 324 22
25 127 22
113 212 110
57 187 54
43 426 40
168 388 168
267 509 264
85 369 82
159 418 156
206 417 206
1 214 1
115 355 112
367 480 364
417 457 414
179 439 176
40 96 40
46 280 46
353 440 350
293 429 290
95 369 92
337 361 334
5 210 2
391 427 388
235 241 232
97 241 94
47 143 44
321 400 318
300 410 300
371 403 368
199 444 196
352 386 352
28 31 28
361 384 358
103 470 100
61 239 58
103 130 100
226 355 226
447 505 444
267 512 264
55 208 52
113 304 110
16 18 16
253 437 250
215 490 212
84 210 84
301 356 298
349 435 346
17 459 14
151 447 148
280 470 280
436 512 436
154 379 154
388 456 388
293 325 290
383 462 380
81 82 78
149 309 146
53 255 50
111 389 108
11 225 8
55 512 52
197 427 194
6 494 6
161 481 158
414 416 414
344 444 344
80 96 80
29 324 26
269 371 266
67 400 64
423 459 420
329 419 326
325 366 322
73 143 70
134 164 134
265 369 262
274 420 274
39 439 36
74 408 74
104 155 104
40 110 40
87 415 84
432 483 432
368 512 368
456 507 456
38 84 38
33 100 30
116 288 116
169 221 166
244 291 244
171 398 168
133 286 130
110 312 110
26 27 24
93 424 90
383 440 380
18 33 18
203 325 200
61 272 58
71 373 68
239 259 236
215 380 212
436 437 434
17 360 14
503 504 500
232 272 232
15 253 12
22 49 22
87 351 84
191 370 188
18 88 18
377 400 374
289 344 286
325 338 322
44 484 44
449 509 446
48 259 48
3 423 1
196 225 196
147 325 144
295 507 292
281 348 278
132 341 132
402 446 402
449 480 446
85 488 82
22 37 22
294 300 294
91 105 88
150 179 150
43 128 40
93 504 90
83 141 80
433 455 430
159 283 156
72 247 72
175 361 172
156 225 156
84 134 84
115 398 112
35 120 32
125 194 122
79 257 76
51 312 48
257 457 254
222 372 222
330 406 330
343 505 340
92 185 92
349 371 346
187 472 184
237 468 234
30 314 30
360 398 360
389 429 386
401 441 398
59 242 56
138 479 138
395 467 392
124 200 124
431 509 428
106 229 106
15 276 12
467 473 464
147 344 144
28 213 28
390 510 390
413 466 410
211 486 208
24 147 24
91 296 88
387 436 384
274 350 274
359 393 356
324 415 324
235 298 232
68 512 68
124 403 124
25 455 22
42 325 42
395 512 392
343 481 340
51 493 48
67 455 64
45 72 42
221 431 218
158 182 158
368 479 368
48 57 48
138 359 138
118 201 118
306 402 306
9 128 6
363 421 360
60 263 60
270 402 270
191 375 188
11 446 8
223 345 220
375 463 372
49 231 46
18 235 18
19 98 16
197 512 194
433 468 430
215 374 212
367 438 364
54 291 54
150 203 150
315 436 312
465 505 462
20 210 20
115 262 112
312 479 312
318 385 318
230 234 230
122 355 122
83 270 80
362 512 362
395 463 392
143 341 140
416 421 416
40 506 40
79 234 76
351 418 348
471 477 468
105 502 102
353 363 350
121 389 118
204 337 204
227 494 224
303 339 300
394 501 394
304 398 304
215 228 212
446 467 446
27 203 24
251 299 248
59 389 56
203 243 200
352 431 352
475 496 472
45 287 42
209 505 206
225 270 222
103 293 100
62 66 62
97 152 94
349 512 346
315 511 312
419 496 416
247 379 244
14 239 14
217 274 214
18 180 18
124 152 124
2 39 2
279 462 276
210 423 210
459 509 456
79 443 76
317 337 314
79 250 76
19 224 16
55 160 52
180 211 180
377 489 374
79 376 76
64 70 64
198 512 198
135 483 132
439 458 436
263 421 260
384 404 384
195 407 192
97 294 94
311 330 308
285 358 282
63 198 60
95 266 92
140 313 140
35 430 32
299 443 296
22 54 22
60 401 60
328 334 328
43 301 40
263 433 260
46 497 46
230 267 230
118 492 118
50 103 50
165 356 162
301 425 298
261 390 258
91 390 88
47 135 44
180 438 180
36 174 36
401 429 398
379 429 376
391 454 388
102 465 102
265 458 262
171 377 168
153 508 150
137 381 134
187 402 184
129 258 126
107 331 104
83 197 80
383 384 380
46 132 46
247 413 244
175 291 172
459 487 456
227 474 224
245 314 242
53 223 50
361 385 358
27 418 24
311 316 308
483 500 480
419 446 416
159 272 156
272 273 270
431 482 428
128 306 128
333 469 330
168 245 168
260 415 260
118 368 118
227 327 224
101 380 98
46 79 46
269 510 266
21 486 18
210 249 210
435 490 432
182 376 182
487 491 484
281 471 278
196 401 196
94 103 94
338 482 338
309 481 306
165 220 162
41 186 38
305 333 302
177 349 174
116 503 116
395 418 392
18 291 18
123 162 120
45 50 42
7 414 4
185 495 182
473 506 470
84 130 84
395 489 392
433 445 430
14 160 14
373 448 370
431 465 428
265 280 262
116 210 116
141 370 138
133 462 130
93 102 90
30 331 30
34 154 34
387 486 384
92 454 92
83 96 80
105 172 102
220 265 220
26 239 26
321 344 318
12 102 12
417 420 414
63 493 60
17 309 14
197 252 194
81 421 78
436 445 436
155 241 152
209 367 206
10 308 10
257 315 254
46 241 46
1 498 1
223 259 220
227 392 224
121 463 118
42 210 42
61 62 58
451 455 448
1 55 1
174 338 174
469 503 466
94 475 94
124 138 124
331 354 328
14 184 14
274 359 274
364 476 364
145 403 142
49 456 46
121 278 118
451 508 448
236 473 236
37 170 34
28 89 28
371 497 368
221 302 218
343 453 340
134 476 134
274 363 274
32 80 32
276 399 276
11 224 8
142 488 142
304 465 304
213 485 210
24 162 24
227 340 224
233 476 230
147 299 144
119 384 116
36 459 36
302 488 302
323 436 320
115 406 112
20 311 20
303 325 300
112 476 112
219 394 216
385 458 382
114 249 114
53 464 50
153 239 150
245 282 242
305 309 302
439 485 436
390 418 390
449 464 446
71 78 68
127 345 124
84 234 84
305 482 302
441 477 438
32 152 32
269 440 266
367 394 364
140 196 140
73 153 70
119 510 116
33 256 30
295 404 292
13 301 10
161 299 158
149 183 146
77 85 74
403 463 400
3 234 1
284 421 284
68 90 68
264 383 264
317 325 314
481 495 478
276 378 276
174 442 174
199 230 196
399 478 396
249 266 246
51 92 48
92 349 92
69 322 66
1 165 1
74 442 74
148 457 148
20 101 20
237 317 234
277 482 274
106 388 106
309 382 306
251 376 248
344 497 344
405 425 402
27 254 24
29 59 26
124 329 124
87 281 84
237 409 234
165 409 162
90 102 90
401 501 398
206 315 206
260 324 260
139 441 136
297 342 294
299 395 296
475 504 472
469 499 466
178 311 178
399 486 396
290 405 290
309 386 306
219 336 216
136 277 136
167 188 164
203 430 200
14 93 14
179 363 176
34 139 34
69 158 66
210 324 210
259 303 256
53 234 50
120 277 120
317 494 314
111 448 108
149 406 146
154 512 154
94 420 94
321 366 318
438 483 438
35 135 32
373 385 370
31 294 28
159 340 156
7 138 4
447 460 444
391 489 388
220 302 220
160 292 160
179 331 176
15 341 12
88 379 88
247 447 244
213 446 210
287 369 284
29 216 26
301 458 298
152 196 152
417 463 414
26 164 26
98 383 98
255 345 252
235 480 232
189 399 186
95 232 92
47 468 44
277 333 274
303 394 300
51 160 48
336 358 336
401 482 398
331 351 328
68 301 68
355 470 352
55 326 52
124 286 124
136 378 136
149 272 146
11 474 8
44 48 44
305 369 302
123 245 120
178 450 178
218 456 218
107 211 104
240 363 240
18 462 18
387 424 384
104 405 104
39 490 36
142 193 142
285 487 282
87 134 84
235 373 232
218 368 218
15 34 12
170 390 170
144 495 144
33 455 30
287 373 284
126 432 126
161 455 158
316 439 316
54 510 54
269 301 266
60 86 60
23 331 20
127 261 124
62 231 62
271 508 268
161 429 158
248 261 248
326 355 326
178 348 178
248 249 246
96 464 96
102 214 102
48 231 48
329 485 326
289 372 286
413 442 410
168 260 168
9 512 6
287 364 284
395 408 392
257 402 254
237 299 234
383 457 380
260 504 260
310 448 310
445 486 442
35 478 32
274 348 274
56 504 56
152 362 152
171 435 168
94 360 94
2 14 2
290 466 290
81 108 78
279 303 276
8 23 8
197 510 194
191 329 188
345 453 342
435 452 432
106 107 104
165 358 162
18 264 18
77 374 74
263 506 260
433 436 430
62 95 62
36 137 36
332 434 332
377 426 374
16 247 16
215 282 212
211 392 208
89 120 86
73 257 70
249 500 246
150 273 150
40 152 40
65 111 62
157 254 154
313 411 310
60 374 60
30 481 30
129 345 126
51 380 48
32 333 32
44 149 44
27 268 24
133 416 130
54 93 54
222 238 222
321 345 318
41 87 38
423 491 420
305 397 302
354 418 354
259 451 256
309 409 306
274 328 274
232 429 232
190 211 190
139 153 136
10 32 10
263 351 260
175 383 172
293 390 290
182 216 182
423 451 420
266 271 266
461 492 458
290 327 290
4 333 4
386 471 386
122 240 122
365 488 362
162 503 162
139 500 136
21 23 18
298 379 298
120 480 120
115 366 112
201 227 198
111 167 108
457 461 454
6 97 6
95 205 92
385 418 382
113 271 110
297 440 294
36 467 36
345 398 342
327 432 324
27 464 24
107 431 104
48 308 48
63 230 60
291 403 288
87 408 84
195 424 192
192 266 192
141 441 138
385 492 382
287 336 284
157 159 154
16 346 16
60 187 60
153 284 150
25 245 22
383 510 380
449 481 446
291 392 288
53 128 50
138 349 138
55 109 52
63 467 60
193 314 190
33 451 30
49 82 46
63 471 60
231 432 228
42 369 42
215 460 212
54 260 54
52 145 52
244 296 244
365 497 362
37 327 34
135 338 132
138 324 138
215 242 212
355 393 352
157 488 154
151 378 148
96 212 96
45 76 42
322 350 322
311 347 308
177 474 174
172 176 172
267 298 264
147 386 144
110 168 110
111 330 108
246 252 246
24 512 24
234 262 234
341 383 338
30 165 30
207 478 204
113 471 110
226 244 226
117 457 114
501 511 498
71 486 68
119 396 116
334 494 334
19 46 16
310 392 310
35 54 32
223 475 220
174 321 174
140 508 140
443 502 440
215 297 212
279 470 276
331 340 328
8 34 8
34 35 32
177 495 174
103 472 100
173 512 170
157 469 154
209 497 206
79 278 76
181 416 178
405 467 402
389 470 386
16 391 16
341 367 338
384 437 384
281 461 278
10 50 10
243 438 240
6 248 6
61 395 58
170 206 170
21 32 18
358 359 356
78 339 78
138 344 138
55 371 52
373 374 370
425 463 422
262 391 262
16 341 16
441 486 438
72 192 72
401 408 398
269 298 266
104 445 104
365 381 362
144 419 144
10 155 10
271 380 268
74 106 74
423 489 420
204 464 204
351 478 348
337 497 334
471 509 468
296 363 296
9 408 6
140 462 140
395 435 392
261 304 258
2 214 2
87 489 84
239 386 236
302 392 302
443 512 440
20 212 20
3 316 1
138 512 138
313 394 310
151 349 148
315 413 312
39 475 36
443 465 440
273 384 270
191 477 188
237 380 234
399 502 396
435 512 432
73 328 70
149 401 146
4 270 4
154 402 154
305 499 302
216 270 216
51 192 48
290 323 290
369 484 366
78 80 78
463 503 460
95 499 92
397 472 394
84 115 84
18 104 18
91 385 88
1 10 1
187 412 184
27 328 24
56 397 56
273 498 270
197 401 194
18 25 18
8 132 8
445 480 442
379 506 376
65 489 62
188 251 188
100 118 100
107 350 104
37 225 34
80 453 80
12 512 12
242 351 242
197 321 194
80 247 80
213 464 210
69 369 66
469 498 466
385 433 382
4 54 4
175 271 172
142 491 142
251 405 248
478 498 478
152 156 152
50 113 50
89 426 86
168 383 168
92 341 92
244 494 244
76 414 76
85 112 82
182 229 182
225 296 222
291 328 288
229 336 226
47 271 44
15 222 12
53 97 50
77 271 74
23 337 20
341 386 338
313 389 310
70 413 70
231 382 228
146 404 146
107 272 104
149 383 146
209 476 206
365 440 362
249 252 246
239 335 236
185 259 182
128 229 128
141 287 138
329 449 326
134 360 134
217 491 214
462 508 462
87 190 84
384 485 384
39 415 36
139 276 136
87 211 84
57 452 54
127 235 124
399 412 396
221 233 218
292 453 292
117 213 114
367 452 364
384 430 384
152 160 152
251 256 248
231 259 228
324 497 324
173 388 170
151 356 148
62 402 62
222 324 222
429 493 426
213 508 210
253 336 250
19 207 16
359 468 356
33 258 30
371 429 368
13 253 10
448 512 448
16 57 16
461 508 458
121 146 118
179 212 176
241 413 238
263 512 260
50 425 50
429 449 426
365 502 362
171 490 168
392 394 392
259 329 256
221 296 218
301 389 298
6 43 6
367 369 364
239 349 236
457 476 454
365 471 362
2 207 2
381 425 378
451 477 448
36 69 36
73 330 70
97 194 94
349 498 346
263 315 260
143 493 140
20 202 20
33 414 30
124 387 124
475 489 472
321 415 318
41 150 38
116 264 116
318 337 318
481 501 478
80 129 80
122 205 122
49 170 46
120 130 120
293 296 290
56 121 56
487 504 484
343 492 340
4 100 4
212 276 212
218 491 218
40 497 40
40 63 40
316 351 316
495 506 492
92 128 92
144 481 144
252 500 252
228 484 228
83 365 80
97 315 94
321 444 318
237 462 234
50 145 50
185 460 182
86 113 86
28 63 28
37 416 34
251 340 248
2 346 2
165 512 162
157 229 154
301 390 298
175 290 172
339 351 336
497 509 494
445 508 442
29 311 26
497 506 494
467 506 464
339 369 336
76 131 76
48 291 48
404 449 404
167 418 164
257 493 254
251 421 248
140 282 140
156 324 156
61 500 58
420 484 420
23 289 20
11 19 8
70 282 70
102 103 100
193 276 190
177 338 174
123 354 120
173 331 170
307 406 304
132 175 132
117 385 114
107 472 104
187 340 184
130 277 130
419 512 416
304 409 304
32 55 32
329 445 326
135 321 132
206 428 206
261 276 258
16 262 16
261 426 258
41 52 38
4 331 4
257 474 254
257 303 254
25 214 22
347 464 344
19 86 16
163 313 160
85 422 82
175 341 172
475 497 472
206 447 206
209 322 206
32 316 32
59 304 56
31 75 28
251 453 248
349 364 346
149 315 146
4 469 4
445 484 442
211 402 208
203 501 200
193 424 190
85 406 82
99 296 96
321 504 318
121 207 118
1 467 1
76 144 76
194 246 194
203 257 200
224 244 224
77 409 74
68 437 68
419 435 416
40 82 40
37 182 34
281 418 278
71 186 68
30 163 30
408 415 408
460 512 460
158 259 158
153 248 150
38 97 38
405 486 402
71 182 68
151 244 148
246 504 246
91 132 88
279 482 276
100 156 100
345 359 342
487 507 484
384 441 384
304 414 304
165 270 162
213 393 210
44 102 44
39 303 36
58 144 58
279 329 276
271 464 268
359 373 356
291 311 288
379 436 376
135 449 132
180 266 180
193 394 190
173 278 170
53 242 50
167 205 164
53 401 50
213 337 210
73 127 70
129 224 126
389 462 386
6 359 6
118 143 118
291 315 288
161 215 158
407 415 404
395 454 392
328 512 328
161 445 158
449 503 446
12 27 12
167 317 164
439 470 436
145 274 142
417 455 414
13 93 10
33 319 30
88 246 88
55 396 52
245 272 242
3 353 1
351 453 348
299 414 296
430 456 430
161 208 158
20 371 20
54 55 52
273 403 270
152 389 152
97 212 94
8 304 8
277 471 274
225 395 222
300 339 300
309 433 306
3 258 1
124 151 124
339 419 336
233 358 230
48 390 48
83 274 80
343 364 340
376 492 376
175 214 172
198 381 198
169 485 166
190 258 190
213 490 210
129 309 126
123 446 120
117 478 114
105 436 102
423 485 420
285 323 282
487 508 484
88 455 88
264 425 264
62 72 62
213 267 210
145 461 142
80 146 80
174 250 174
471 483 468
166 313 166
266 319 266
269 491 266
487 492 484
170 256 170
155 457 152
470 489 470
263 321 260
3 470 1
267 425 264
345 433 342
52 70 52
117 392 114
309 390 306
36 95 36
71 315 68
146 365 146
84 230 84
479 491 476
381 431 378
407 509 404
193 490 190
253 337 250
434 483 434
53 453 50
403 430 400
23 79 20
329 389 326
186 438 186
107 415 104
168 456 168
177 461 174
5 302 2
135 454 132
102 354 102
259 289 256
251 482 248
386 397 386
377 429 374
457 486 454
263 349 260
113 466 110
291 457 288
349 493 346
335 449 332
35 265 32
179 392 176
137 282 134
178 421 178
169 224 166
477 478 474
324 424 324
267 273 264
127 267 124
30 34 30
27 30 24
31 307 28
347 369 344
260 367 260
8 145 8
83 109 80
143 450 140
255 368 252
35 150 32
183 413 180
187 368 184
154 259 154
210 279 210
8 482 8
359 433 356
104 114 104
42 81 42
20 92 20
61 292 58
401 495 398
419 457 416
15 238 12
331 429 328
48 101 48
369 481 366
361 386 358
462 482 462
170 319 170
18 259 18
178 497 178
291 312 288
44 231 44
76 77 74
156 321 156
32 124 32
130 137 130
114 424 114
162 179 162
351 497 348
3 365 1
48 277 48
329 464 326
110 124 110
248 335 248
399 470 396
207 338 204
397 402 394
20 80 20
455 490 452
239 294 236
23 183 20
349 472 346
265 425 262
225 335 222
377 402 374
250 371 250
84 482 84
142 233 142
453 508 450
327 409 324
143 445 140
157 197 154
315 458 312
279 416 276
90 467 90
195 470 192
85 210 82
189 397 186
119 475 116
198 329 198
196 244 196
200 502 200
63 275 60
94 454 94
404 484 404
96 425 96
336 373 336
377 387 374
179 497 176
315 332 312
147 438 144
157 334 154
329 417 326
172 507 172
163 394 160
137 194 134
421 469 418
223 416 220
423 487 420
303 470 300
289 424 286
278 373 278
32 425 32
491 508 488
145 457 142
246 502 246
34 482 34
290 473 290
68 272 68
238 512 238
41 385 38
14 21 14
347 485 344
305 367 302
139 170 136
203 274 200
27 377 24
382 450 382
189 512 186
159 244 156
12 113 12
177 405 174
119 450 116
388 400 388
399 512 396
179 401 176
64 372 64
22 464 22
376 453 376
1 28 1
254 354 254
31 352 28
343 420 340
354 355 352
113 358 110
55 423 52
135 512 132
241 312 238
41 145 38
57 306 54
41 72 38
191 331 188
249 367 246
373 460 370
70 82 70
77 430 74
24 239 24
81 85 78
396 469 396
118 185 118
193 319 190
163 288 160
122 239 122
165 400 162
157 315 154
67 412 64
329 409 326
9 470 6
177 430 174
449 460 446
10 164 10
251 265 248
314 434 314
164 445 164
81 351 78
236 429 236
140 339 140
229 403 226
35 475 32
59 358 56
247 466 244
319 469 316
102 335 102
361 436 358
183 398 180
376 381 376
59 495 56
234 429 234
269 345 266
91 317 88
65 254 62
397 509 394
14 466 14
459 504 456
41 505 38
329 345 326
111 235 108
109 187 106
21 351 18
167 245 164
232 356 232
345 413 342
249 495 246
48 178 48
53 74 50
111 249 108
276 459 276
105 419 102
345 459 342
278 280 278
79 241 76
43 304 40
187 424 184
311 325 308
110 142 110
339 409 336
301 330 298
439 504 436
139 372 136
318 359 318
8 271 8
367 379 364
155 481 152
225 381 222
249 411 246
219 241 216
175 184 172
381 398 378
201 219 198
233 352 230
220 398 220
235 386 232
358 392 358
365 428 362
49 281 46
219 287 216
239 290 236
128 286 128
309 383 306
309 405 306
124 209 124
285 355 282
409 446 406
231 353 228
67 482 64
306 501 306
77 512 74
362 424 362
165 339 162
164 502 164
107 394 104
189 193 186
117 484 114
93 252 90
421 501 418
17 263 14
219 329 216
24 58 24
63 131 60
98 506 98
253 307 250
453 464 450
261 509 258
391 505 388
390 498 390
94 322 94
124 171 124
86 329 86
174 512 174
24 112 24
387 422 384
17 497 14
129 453 126
345 508 342
443 448 440
226 290 226
491 511 488
195 426 192
381 428 378
160 433 160
291 332 288
23 370 20
305 453 302
202 203 200
292 368 292
79 123 76
191 216 188
343 432 340
321 395 318
39 86 36
251 323 248
157 279 154
276 285 276
196 289 196
255 303 252
402 403 400
252 408 252
493 496 490
178 296 178
18 341 18
67 434 64
50 134 50
177 329 174
91 98 88
196 493 196
298 401 298
138 423 138
435 441 432
153 427 150
181 447 178
47 121 44
119 351 116
166 283 166
156 192 156
176 406 176
77 124 74
235 295 232
249 355 246
161 210 158
164 432 164
317 355 314
220 503 220
399 450 396
79 155 76
117 303 114
93 353 90
209 264 206
108 238 108
179 238 176
255 499 252
3 471 1
225 358 222
76 297 76
82 265 82
102 151 102
75 167 72
92 99 92
193 273 190
10 482 10
229 331 226
272 386 272
89 372 86
299 512 296
229 309 226
418 425 418
355 416 352
494 495 492
4 188 4
126 172 126
70 358 70
383 413 380
77 451 74
32 143 32
339 436 336
15 309 12
48 415 48
307 470 304
175 285 172
68 238 68
26 52 26
50 104 50
391 418 388
129 484 126
401 476 398
269 319 266
61 166 58
143 473 140
22 56 22
111 301 108
155 252 152
305 502 302
305 348 302
249 443 246
44 253 44
260 474 260
370 437 370
183 450 180
41 53 38
26 47 26
16 132 16
10 295 10
273 309 270
169 301 166
57 108 54
114 398 114
211 324 208
168 307 168
53 312 50
227 384 224
59 326 56
332 504 332
44 210 44
110 497 110
157 350 154
225 392 222
11 468 8
249 478 246
325 381 322
12 338 12
33 222 30
219 439 216
264 405 264
112 179 112
219 324 216
291 487 288
24 125 24
283 413 280
189 381 186
291 362 288
27 310 24
259 400 256
54 129 54
25 485 22
93 289 90
31 396 28
320 366 320
287 293 284
216 512 216
144 156 144
439 499 436
139 391 136
362 421 362
420 498 420
303 308 300
176 308 176
368 511 368
373 438 370
237 356 234
13 220 10
120 460 120
88 362 88
385 389 382
6 244 6
146 167 146
279 421 276
455 477 452
359 374 356
207 232 204
48 428 48
85 292 82
176 397 176
90 351 90
246 299 246
105 185 102
391 481 388
12 121 12
97 150 94
322 512 322
34 78 34
259 447 256
79 330 76
25 436 22
307 411 304
238 349 238
202 347 202
11 112 8
435 453 432
214 505 214
86 346 86
47 349 44
184 389 184
309 370 306
103 179 100
2 104 2
287 505 284
175 224 172
357 437 354
296 394 296
209 452 206
26 92 26
179 182 176
250 404 250
47 106 44
29 35 26
120 221 120
104 201 104
76 87 76
217 396 214
469 508 466
185 329 182
461 480 458
260 370 260
106 282 106
114 377 114
293 445 290
285 320 282
379 382 376
236 424 236
459 486 456
309 376 306
12 316 12
55 377 52
347 499 344
14 16 14
477 483 474
225 405 222
407 478 404
443 452 440
109 447 106
31 369 28
305 462 302
35 230 32
82 166 82
58 108 58
40 124 40
142 404 142
179 187 176
174 179 174
64 259 64
119 348 116
145 424 142
215 503 212
181 468 178
225 444 222
9 432 6
39 448 36
122 174 122
223 492 220
483 509 480
403 491 400
21 52 18
333 404 330
5 102 2
227 441 224
471 503 468
269 315 266
166 326 166
281 492 278
102 313 102
141 496 138
243 311 240
214 397 214
406 408 406
471 484 468
103 290 100
169 403 166
73 412 70
253 368 250
379 395 376
328 444 328
327 505 324
371 408 368
269 356 266
79 223 76
109 223 106
125 419 122
197 350 194
92 427 92
196 269 196
140 285 140
173 452 170
393 500 390
109 312 106
294 335 294
85 240 82
20 489 20
383 476 380
431 496 428
67 310 64
365 495 362
183 407 180
110 141 110
25 51 22
155 219 152
44 145 44
185 451 182
151 211 148
307 389 304
197 365 194
239 289 236
257 443 254
58 266 58
297 350 294
479 498 476
49 512 46
165 243 162
107 292 104
120 278 120
128 478 128
83 375 80
44 45 42
139 397 136
247 251 244
361 497 358
229 344 226
304 318 304
112 331 112
122 344 122
361 509 358
507 509 504
329 463 326
387 403 384
111 234 108
477 487 474
189 203 186
406 467 406
200 251 200
419 504 416
219 238 216
267 272 264
231 326 228
48 192 48
427 511 424
81 394 78
123 362 120
173 201 170
286 504 286
443 484 440
47 97 44
165 322 162
41 482 38
298 356 298
43 129 40
91 192 88
193 463 190
255 503 252
115 453 112
226 373 226
203 369 200
299 323 296
243 401 240
59 206 56
391 491 388
16 317 16
112 329 112
34 457 34
315 437 312
351 372 348
163 421 160
151 206 148
99 493 96
374 391 374
32 336 32
23 146 20
132 320 132
282 442 282
153 154 150
103 245 100
76 349 76
120 192 120
31 255 28
145 464 142
347 363 344
113 410 110
251 382 248
405 409 402
386 428 386
11 293 8
418 434 418
103 446 100
375 451 372
104 189 104
461 494 458
273 324 270
88 370 88
313 456 310
151 218 148
35 481 32
269 444 266
7 433 4
10 363 10
153 183 150
210 225 210
30 377 30
216 248 216
251 335 248
207 508 204
53 408 50
120 267 120
23 53 20
381 481 378
132 170 132
311 344 308
265 427 262
227 310 224
27 132 24
11 367 8
194 481 194
112 146 112
28 401 28
302 352 302
99 484 96
285 305 282
232 419 232
199 423 196
403 425 400
153 401 150
371 394 368
367 385 364
287 412 284
61 341 58
186 256 186
58 169 58
261 323 258
283 434 280
258 393 258
100 281 100
453 459 450
44 318 44
273 374 270
30 36 30
123 431 120
377 383 374
8 324 8
255 429 252
72 416 72
73 489 70
191 218 188
15 94 12
405 498 402
44 228 44
50 120 50
293 326 290
275 359 272
316 328 316
32 213 32
491 506 488
362 435 362
265 269 262
147 480 144
16 28 16
131 443 128
253 415 250
251 307 248
381 505 378
1 20 1
306 488 306
171 350 168
367 384 364
318 441 318
487 490 484
55 281 52
137 316 134
238 344 238
380 455 380
35 297 32
323 477 320
375 459 372
171 508 168
184 422 184
235 311 232
142 361 142
145 231 142
390 437 390
20 383 20
107 269 104
439 478 436
264 386 264
69 210 66
147 463 144
126 127 124
27 384 24
10 36 10
249 287 246
245 312 242
377 413 374
183 441 180
151 263 148
23 91 20
161 443 158
289 329 286
47 296 44
165 326 162
479 499 476
37 84 34
421 505 418
255 373 252
271 319 268
499 502 496
143 417 140
48 383 48
145 384 142
185 383 182
95 335 92
82 323 82
160 512 160
441 501 438
123 332 120
279 465 276
379 462 376
114 368 114
19 99 16
331 423 328
179 510 176
343 361 340
28 121 28
75 132 72
47 261 44
349 480 346
325 363 322
438 512 438
219 404 216
57 122 54
24 27 24
141 422 138
245 419 242
221 507 218
167 510 164
83 317 80
55 477 52
107 220 104
53 349 50
354 360 354
439 479 436
241 438 238
223 383 220
370 502 370
151 465 148
295 402 292
283 328 280
112 232 112
207 393 204
162 183 162
331 371 328
378 509 378
43 465 40
31 486 28
61 388 58
422 449 422
127 266 124
243 351 240
8 33 8
123 423 120
184 412 184
60 93 60
131 491 128
193 370 190
282 299 282
97 367 94
292 366 292
65 390 62
96 210 96
209 255 206
115 216 112
277 491 274
48 353 48
19 213 16
170 290 170
151 294 148
69 359 66
283 455 280
144 292 144
214 254 214
399 477 396
116 400 116
112 185 112
39 135 36
49 157 46
296 350 296
105 252 102
419 470 416
99 139 96
275 296 272
243 491 240
33 472 30
103 171 100
415 431 412
154 380 154
329 380 326
109 221 106
56 95 56
101 149 98
199 512 196
48 448 48
227 430 224
126 219 126
210 359 210
241 401 238
153 177 150
73 151 70
145 224 142
213 409 210
146 346 146
199 476 196
70 437 70
315 329 312
299 496 296
5 433 2
99 372 96
341 415 338
149 255 146
505 508 502
145 182 142
194 340 194
335 337 332
375 486 372
71 416 68
163 180 160
115 250 112
159 303 156
65 152 62
8 512 8
407 510 404
331 487 328
169 466 166
37 296 34
388 393 388
69 374 66
179 477 176
467 504 464
99 339 96
271 274 268
165 488 162
29 189 26
133 214 130
265 377 262
129 394 126
184 351 184
123 151 120
467 490 464
47 375 44
225 460 222
122 282 122
418 424 418
98 433 98
129 198 126
58 181 58
16 295 16
144 478 144
273 386 270
335 351 332
268 387 268
103 284 100
72 102 72
407 502 404
57 287 54
171 326 168
255 474 252
155 281 152
81 107 78
311 340 308
2 36 2
328 335 328
115 415 112
41 202 38
115 368 112
61 112 58
14 487 14
6 15 6
273 335 270
74 191 74
359 472 356
91 221 88
197 389 194
275 505 272
145 198 142
325 512 322
74 352 74
277 512 274
404 432 404
319 505 316
221 288 218
345 399 342
105 255 102
216 354 216
265 322 262
49 344 46
459 482 456
184 231 184
208 454 208
261 303 258
77 201 74
117 258 114
88 185 88
351 362 348
32 100 32
67 153 64
220 402 220
88 113 88
127 453 124
8 107 8
341 349 338
5 478 2
370 460 370
277 334 274
139 337 136
267 402 264
51 185 48
405 496 402
415 484 412
18 54 18
355 510 352
70 92 70
116 140 116
89 217 86
137 310 134
51 495 48
128 196 128
16 269 16
37 356 34
145 235 142
135 236 132
381 433 378
80 307 80
177 277 174
90 115 90
195 343 192
449 461 446
57 375 54
72 118 72
136 187 136
32 113 32
253 377 250
29 389 26
181 440 178
209 307 206
53 72 50
258 455 258
117 395 114
321 447 318
302 475 302
8 402 8
118 401 118
328 459 328
213 439 210
131 214 128
484 504 484
113 449 110
287 450 284
35 122 32
248 267 248
157 464 154
39 332 36
303 413 300
257 373 254
329 451 326
479 502 476
255 512 252
88 147 88
186 265 186
14 31 14
31 230 28
258 301 258
83 361 80
280 306 280
493 511 490
28 240 28
333 467 330
325 456 322
4 431 4
287 437 284
65 511 62
419 431 416
391 422 388
79 255 76
383 409 380
365 454 362
401 449 398
50 287 50
46 89 46
483 494 480
318 501 318
278 403 278
277 393 274
451 494 448
236 257 236
3 163 1
55 497 52
424 460 424
172 184 172
221 409 218
289 325 286
429 498 426
212 330 212
83 482 80
57 59 54
84 146 84
1 67 1
481 511 478
223 261 220
114 308 114
163 245 160
95 339 92
46 262 46
26 389 26
66 396 66
2 258 2
61 347 58
453 480 450
13 363 10
127 202 124
331 401 328
336 462 336
41 379 38
303 401 300
357 428 354
133 474 130
293 491 290
219 503 216
113 314 110
83 322 80
391 494 388
60 78 60
85 460 82
154 195 154
216 317 216
13 63 10
239 304 236
341 344 338
165 262 162
6 34 6
253 440 250
257 292 254
17 319 14
15 412 12
114 373 114
3 29 1
16 112 16
135 274 132
40 197 40
98 264 98
333 427 330
231 295 228
171 334 168
187 397 184
69 218 66
109 222 106
356 442 356
353 470 350
317 354 314
433 447 430
63 82 60
331 446 328
457 479 454
162 412 162
105 107 102
181 193 178
445 463 442
204 205 202
110 161 110
63 404 60
45 236 42
138 380 138
42 442 42
393 421 390
87 435 84
347 403 344
211 421 208
230 280 230
423 477 420
451 475 448
153 398 150
309 487 306
36 301 36
427 445 424
39 236 36
175 288 172
467 500 464
452 510 452
77 406 74
113 377 110
215 284 212
177 347 174
93 512 90
435 500 432
145 154 142
1 334 1
252 369 252
415 471 412
357 397 354
471 481 468
38 121 38
152 417 152
387 432 384
140 235 140
258 359 258
283 334 280
194 273 194
391 492 388
86 366 86
178 369 178
264 407 264
315 453 312
16 413 16
273 376 270
43 114 40
214 298 214
117 170 114
265 437 262
19 25 16
241 407 238
2 428 2
46 377 46
193 255 190
44 119 44
285 483 282
127 494 124
149 179 146
16 22 16
371 441 368
193 220 190
114 126 114
188 495 188
259 473 256
289 299 286
18 254 18
131 376 128
106 274 106
215 413 212
66 220 66
93 406 90
91 482 88
79 215 76
95 337 92
193 450 190
472 498 472
162 406 162
78 90 78
85 94 82
391 419 388
93 128 90
383 450 380
121 498 118
55 475 52
225 309 222
1 85 1
90 110 90
216 308 216
115 260 112
503 511 500
107 161 104
125 448 122
125 459 122
222 441 222
63 137 60
451 504 448
229 413 226
347 473 344
269 447 266
113 305 110
191 202 188
47 512 44
233 396 230
329 368 326
278 331 278
147 271 144
283 447 280
134 240 134
39 470 36
157 507 154
13 147 10
9 327 6
145 147 142
431 448 428
56 68 56
455 465 452
14 408 14
223 471 220
60 142 60
32 110 32
133 181 130
149 233 146
419 449 416
3 175 1
428 438 428
129 508 126
59 391 56
453 499 450
193 475 190
255 412 252
326 334 326
411 475 408
12 450 12
220 506 220
483 493 480
41 496 38
341 419 338
179 410 176
247 284 244
375 414 372
5 114 2
455 509 452
391 477 388
66 197 66
359 507 356
20 31 20
94 212 94
80 372 80
13 359 10
177 403 174
51 269 48
76 139 76
241 323 238
5 446 2
49 169 46
31 94 28
76 202 76
420 426 420
49 108 46
80 162 80
299 476 296
244 257 244
213 402 210
307 466 304
213 351 210
291 489 288
81 307 78
265 399 262
333 394 330
179 324 176
256 377 256
19 390 16
412 500 412
170 452 170
114 512 114
121 216 118
286 310 286
199 508 196
349 471 346
311 399 308
378 473 378
264 436 264
295 360 292
150 354 150
214 511 214
71 304 68
73 405 70
297 299 294
367 419 364
268 512 268
191 443 188
262 438 262
152 260 152
249 512 246
319 512 316
249 417 246
15 511 12
125 350 122
63 235 60
332 470 332
169 292 166
25 87 22
243 366 240
20 449 20
28 67 28
273 503 270
319 439 316
287 333 284
257 406 254
320 510 320
229 442 226
124 167 124
224 225 222
232 331 232
81 278 78
239 245 236
367 464 364
417 459 414
275 447 272
77 312 74
305 418 302
123 432 120
73 101 70
369 500 366
153 277 150
2 161 2
221 433 218
3 332 1
445 512 442
103 210 100
150 510 150
56 70 56
48 155 48
28 43 28
48 196 48
22 115 22
40 185 40
419 500 416
323 431 320
46 49 46
27 235 24
130 140 130
197 376 194
325 354 322
391 490 388
19 70 16
128 325 128
221 423 218
248 266 248
399 417 396
198 352 198
183 230 180
203 259 200
45 255 42
51 376 48
28 232 28
197 450 194
177 298 174
17 121 14
72 249 72
342 512 342
237 494 234
276 387 276
167 175 164
107 210 104
129 286 126
114 250 114
308 398 308
267 489 264
385 487 382
195 203 192
20 508 20
307 410 304
457 467 454
22 28 22
190 191 188
99 256 96
65 122 62
293 451 290
459 490 456
171 352 168
309 458 306
4 56 4
427 498 424
67 234 64
86 158 86
26 266 26
415 449 412
59 363 56
204 249 204
179 422 176
45 202 42
116 512 116
201 267 198
121 299 118
19 326 16
191 351 188
198 346 198
148 471 148
397 406 394
12 148 12
127 315 124
133 424 130
2 97 2
58 86 58
71 204 68
176 271 176
389 451 386
69 200 66
14 355 14
441 456 438
475 490 472
414 486 414
123 434 120
68 95 68
235 271 232
309 449 306
463 501 460
47 226 44
423 492 420
434 500 434
324 481 324
46 52 46
433 490 430
373 474 370
241 450 238
47 74 44
243 467 240
143 225 140
28 70 28
239 451 236
181 290 178
123 393 120
147 287 144
253 386 250
109 251 106
273 392 270
41 282 38
245 346 242
337 368 334
331 398 328
51 73 48
64 450 64
343 385 340
206 485 206
403 480 400
33 343 30
262 285 262
336 420 336
169 465 166
331 460 328
129 338 126
303 486 300
235 346 232
384 397 384
64 365 64
84 320 84
213 481 210
189 391 186
201 368 198
453 490 450
210 512 210
51 293 48
195 251 192
13 329 10
107 363 104
152 199 152
408 474 408
363 370 360
145 499 142
273 499 270
99 333 96
436 472 436
351 500 348
155 189 152
266 269 266
191 470 188
399 466 396
175 505 172
253 442 250
371 457 368
433 450 430
82 309 82
12 228 12
353 354 350
56 319 56
114 152 114
291 483 288
1 489 1
257 324 254
76 161 76
203 403 200
283 510 280
95 382 92
228 324 228
263 343 260
141 249 138
273 279 270
105 111 102
357 446 354
80 219 80
105 391 102
70 340 70
18 115 18
140 184 140
72 482 72
11 183 8
82 149 82
105 133 102
437 506 434
379 471 376
19 410 16
251 413 248
299 429 296
159 409 156
90 118 90
311 317 308
45 460 42
143 438 140
50 156 50
265 478 262
362 363 360
70 393 70
83 427 80
193 467 190
185 453 182
425 427 422
44 245 44
208 383 208
154 479 154
23 335 20
378 431 378
85 229 82
432 456 432
318 450 318
329 437 326
94 131 94
176 438 176
143 444 140
391 448 388
104 414 104
405 446 402
28 247 28
99 365 96
407 474 404
108 431 108
228 236 228
281 359 278
200 267 200
34 89 34
110 236 110
293 354 290
405 474 402
181 232 178
163 273 160
102 228 102
90 202 90
351 431 348
173 395 170
393 397 390
4 166 4
86 147 86
461 472 458
122 227 122
14 112 14
61 371 58
458 486 458
449 510 446
176 483 176
77 387 74
12 432 12
62 406 62
288 477 288
285 326 282
317 349 314
92 477 92
145 369 142
165 354 162
391 431 388
155 256 152
485 508 482
110 408 110
211 249 208
313 326 310
421 427 418
423 428 420
227 297 224
229 490 226
483 488 480
358 456 358
193 510 190
261 425 258
267 490 264
29 128 26
218 400 218
104 159 104
343 458 340
24 472 24
369 439 366
176 344 176
105 301 102
40 59 40
305 354 302
471 486 468
10 358 10
201 242 198
186 512 186
109 444 106
473 481 470
140 477 140
93 133 90
292 509 292
429 479 426
361 374 358
88 442 88
235 466 232
206 430 206
349 383 346
30 470 30
15 188 12
335 453 332
38 56 38
54 366 54
68 220 68
195 295 192
274 277 274
171 234 168
152 431 152
248 385 248
335 390 332
87 232 84
359 422 356
261 383 258
401 445 398
293 341 290
469 510 466
62 176 62
258 394 258
77 178 74
359 368 356
86 130 86
243 407 240
27 398 24
157 253 154
449 512 446
179 330 176
338 387 338
183 282 180
194 479 194
423 471 420
117 487 114
416 448 416
315 322 312
181 355 178
282 435 282
187 463 184
403 488 400
360 481 360
182 308 182
202 218 202
167 427 164
176 250 176
431 475 428
41 317 38
275 328 272
37 451 34
22 392 22
311 431 308
375 388 372
330 465 330
59 483 56
184 452 184
355 482 352
489 512 486
269 472 266
193 294 190
289 297 286
52 53 50
356 434 356
341 389 338
444 484 444
44 242 44
5 377 2
203 204 200
34 192 34
263 511 260
296 348 296
71 292 68
36 147 36
70 246 70
211 237 208
381 401 378
94 494 94
379 389 376
203 356 200
235 501 232
54 65 54
164 497 164
206 399 206
49 424 46
439 454 436
415 468 412
92 289 92
153 337 150
96 436 96
41 486 38
112 319 112
118 469 118
252 256 252
113 399 110
47 299 44
211 511 208
313 342 310
204 218 204
145 416 142
286 433 286
308 432 308
277 358 274
136 178 136
23 463 20
33 366 30
187 304 184
507 510 504
105 137 102
236 512 236
437 459 434
334 477 334
60 262 60
68 264 68
351 440 348
241 404 238
211 459 208
7 415 4
139 212 136
311 440 308
288 489 288
243 304 240
13 396 10
425 480 422
102 442 102
46 325 46
447 473 444
116 134 116
327 359 324
205 388 202
53 399 50
30 118 30
214 250 214
346 423 346
179 326 176
61 266 58
110 132 110
98 174 98
347 384 344
45 279 42
127 234 124
102 291 102
63 73 60
50 379 50
186 474 186
51 488 48
27 156 24
104 484 104
81 332 78
149 417 146
61 495 58
414 452 414
271 447 268
179 387 176
54 314 54
324 442 324
359 437 356
133 391 130
147 492 144
331 426 328
461 470 458
231 281 228
127 292 124
253 312 250
37 274 34
164 424 164
243 319 240
200 260 200
42 281 42
409 487 406
178 366 178
281 311 278
183 457 180
38 63 38
217 362 214
309 361 306
47 448 44
165 499 162
177 302 174
39 141 36
327 469 324
184 236 184
204 347 204
75 448 72
127 191 124
227 260 224
370 466 370
431 467 428
45 495 42
162 164 162
347 402 344
54 77 54
87 508 84
436 506 436
243 512 240
312 512 312
179 443 176
286 360 286
96 350 96
235 426 232
371 376 368
239 434 236
337 376 334
9 38 6
251 503 248
38 102 38
465 508 462
160 288 160
32 388 32
341 407 338
337 422 334
85 200 82
167 405 164
418 475 418
90 387 90
5 56 2
73 357 70
279 350 276
415 445 412
81 111 78
121 422 118
91 418 88
197 472 194
465 488 462
435 481 432
222 364 222
433 438 430
313 337 310
311 510 308
87 353 84
227 388 224
250 420 250
97 270 94
463 494 460
209 260 206
177 273 174
334 478 334
49 500 46
42 427 42
44 54 44
237 240 234
15 244 12
377 475 374
313 470 310
39 197 36
78 210 78
305 463 302
306 391 306
221 388 218
290 376 290
121 456 118
227 484 224
269 409 266
48 274 48
77 252 74
293 485 290
112 154 112
230 295 230
7 228 4
420 436 420
3 146 1
327 338 324
495 511 492
411 479 408
407 409 404
471 494 468
389 448 386
345 420 342
49 129 46
359 512 356
463 502 460
64 367 64
413 428 410
291 460 288
181 240 178
187 440 184
11 77 8
51 164 48
344 424 344
387 452 384
1 337 1
97 321 94
298 334 298
165 193 162
109 147 106
3 19 1
253 459 250
18 492 18
91 158 88
65 183 62
1 509 1
264 460 264
205 279 202
51 315 48
373 427 370
463 509 460
217 406 214
181 397 178
421 464 418
59 183 56
65 431 62
173 422 170
135 472 132
395 419 392
202 344 202
154 335 154
436 476 436
173 468 170
177 451 174
369 373 366
87 385 84
147 336 144
377 384 374
445 467 442
220 296 220
261 285 258
364 410 364
140 474 140
167 212 164
257 280 254
76 424 76
407 440 404
96 196 96
487 493 484
250 430 250
101 139 98
215 425 212
139 145 136
210 394 210
81 411 78
453 506 450
129 213 126
47 90 44
171 347 168
15 256 12
151 280 148
502 507 502
473 480 470
89 412 86
123 274 120
171 370 168
255 309 252
48 167 48
233 370 230
2 156 2
146 332 146
351 491 348
37 175 34
173 476 170
164 173 164
183 353 180
285 379 282
261 293 258
275 361 272
329 366 326
139 369 136
397 399 394
111 304 108
226 512 226
62 152 62
45 458 42
37 79 34
44 72 44
67 362 64
210 228 210
28 416 28
83 152 80
59 473 56
201 230 198
235 471 232
271 472 268
244 342 244
57 221 54
325 511 322
391 397 388
206 207 204
67 206 64
151 372 148
15 77 12
82 500 82
423 493 420
327 385 324
135 426 132
362 450 362
261 474 258
246 492 246
288 399 288
107 409 104
276 512 276
96 216 96
62 230 62
391 504 388
85 457 82
165 450 162
173 397 170
144 237 144
125 244 122
46 510 46
251 416 248
16 424 16
49 287 46
136 314 136
38 162 38
329 488 326
219 444 216
111 320 108
335 349 332
80 185 80
42 245 42
254 423 254
101 233 98
72 253 72
192 287 192
176 322 176
246 286 246
229 367 226
157 486 154
469 489 466
12 322 12
469 491 466
59 92 56
279 287 276
173 283 170
300 470 300
267 269 264
129 304 126
157 321 154
131 147 128
301 316 298
242 309 242
42 222 42
160 213 160
348 416 348
135 162 132
153 314 150
171 246 168
162 431 162
465 511 462
427 432 424
153 308 150
68 178 68
90 159 90
309 480 306
222 374 222
303 433 300
231 442 228
85 166 82
371 380 368
205 273 202
125 362 122
403 448 400
199 488 196
10 13 10
225 435 222
96 331 96
4 231 4
67 262 64
104 288 104
337 338 334
329 377 326
40 200 40
285 333 282
239 511 236
49 430 46
39 314 36
195 487 192
179 310 176
315 405 312
32 68 32
237 298 234
135 457 132
286 394 286
439 476 436
7 95 4
269 385 266
449 487 446
190 249 190
249 308 246
333 440 330
135 247 132
420 492 420
203 507 200
201 317 198
137 492 134
121 158 118
81 242 78
341 468 338
281 419 278
253 499 250
143 367 140
391 500 388
154 440 154
293 298 290
145 275 142
135 340 132
29 463 26
10 157 10
61 238 58
324 423 324
175 260 172
262 402 262
313 448 310
88 481 88
14 57 14
371 461 368
53 391 50
240 411 240
8 139 8
27 401 24
441 472 438
183 305 180
149 253 146
174 175 172
291 414 288
78 280 78
30 508 30
229 373 226
329 371 326
301 503 298
344 452 344
444 475 444
297 309 294
229 422 226
425 445 422
27 92 24
60 202 60
298 318 298
30 160 30
9 288 6
152 215 152
371 479 368
1 490 1
271 339 268
32 150 32
179 303 176
365 489 362
351 389 348
188 465 188
342 356 342
459 498 456
121 232 118
326 327 324
293 391 290
351 414 348
115 312 112
266 446 266
259 333 256
158 355 158
298 503 298
180 446 180
226 289 226
388 441 388
261 314 258
59 468 56
64 157 64
293 379 290
419 432 416
201 250 198
506 507 504
321 442 318
144 479 144
405 437 402
127 499 124
29 257 26
103 362 100
166 183 166
323 476 320
195 439 192
303 497 300
505 506 502
51 258 48
171 176 168
459 464 456
187 343 184
401 474 398
1 16 1
93 313 90
55 376 52
111 474 108
395 431 392
125 318 122
182 189 182
10 346 10
289 431 286
218 281 218
1 104 1
383 503 380
459 496 456
99 122 96
217 428 214
211 384 208
40 430 40
219 248 216
184 211 184
28 325 28
455 510 452
201 421 198
204 317 204
311 445 308
447 450 444
121 464 118
451 460 448
33 217 30
257 363 254
177 308 174
288 406 288
147 476 144
47 185 44
45 186 42
79 267 76
64 124 64
137 512 134
146 507 146
7 454 4
360 412 360
58 80 58
281 510 278
381 487 378
34 279 34
326 369 326
74 430 74
41 489 38
16 27 16
273 475 270
296 312 296
35 264 32
233 454 230
14 132 14
451 481 448
473 476 470
246 375 246
467 478 464
71 418 68
430 512 430
117 405 114
303 341 300
91 336 88
242 281 242
291 360 288
295 496 292
98 137 98
404 410 404
82 298 82
101 203 98
151 408 148
236 272 236
239 509 236
103 495 100
347 512 344
222 248 222
166 315 166
33 352 30
117 338 114
299 482 296
26 95 26
469 500 466
389 510 386
78 130 78
329 438 326
55 490 52
27 219 24
78 510 78
261 466 258
456 482 456
369 399 366
349 432 346
46 95 46
477 505 474
385 510 382
233 289 230
141 146 138
123 280 120
190 225 190
221 321 218
69 324 66
491 504 488
258 399 258
382 512 382
11 209 8
16 104 16
240 416 240
143 181 140
223 241 220
31 47 28
233 279 230
290 389 290
197 407 194
303 430 300
325 340 322
297 321 294
43 51 40
413 485 410
359 410 356
271 510 268
9 126 6
275 393 272
189 290 186
205 206 202
66 285 66
9 340 6
303 370 300
11 414 8
236 472 236
249 327 246
45 382 42
109 492 106
435 497 432
6 115 6
44 359 44
89 97 86
185 512 182
60 283 60
71 153 68
7 466 4
39 222 36
33 133 30
143 194 140
40 330 40
21 418 18
259 386 256
111 113 108
89 299 86
99 160 96
387 388 384
277 362 274
298 338 298
82 442 82
92 245 92
307 315 304
79 449 76
127 298 124
40 116 40
377 507 374
137 336 134
231 244 228
405 432 402
214 232 214
74 462 74
407 487 404
95 354 92
175 344 172
471 511 468
397 458 394
496 500 496
63 133 60
321 501 318
305 405 302
62 286 62
361 493 358
123 331 120
89 493 86
141 417 138
103 512 100
160 161 158
65 368 62
145 377 142
151 433 148
282 350 282
287 404 284
73 260 70
29 464 26
161 436 158
71 228 68
199 205 196
291 348 288
74 128 74
24 178 24
46 161 46
132 321 132
210 408 210
205 333 202
218 224 218
75 185 72
183 400 180
251 253 248
203 224 200
135 317 132
204 418 204
100 279 100
15 180 12
405 507 402
87 499 84
70 74 70
463 465 460
172 361 172
63 328 60
69 373 66
240 461 240
335 465 332
385 508 382
41 81 38
179 381 176
263 297 260
383 512 380
43 109 40
129 200 126
241 340 238
44 194 44
297 447 294
74 339 74
295 385 292
206 437 206
286 413 286
203 287 200
45 98 42
18 112 18
39 419 36
339 380 336
48 107 48
393 466 390
18 132 18
385 447 382
207 377 204
351 458 348
30 463 30
401 458 398
83 115 80
157 345 154
80 327 80
194 310 194
45 477 42
257 390 254
57 327 54
69 455 66
57 335 54
403 462 400
339 474 336
221 264 218
224 234 224
249 371 246
236 237 234
460 461 458
118 119 116
2 338 2
22 199 22
452 480 452
186 295 186
427 462 424
5 250 2
11 312 8
101 512 98
84 149 84
391 469 388
444 445 442
367 434 364
400 509 400
151 266 148
49 417 46
345 363 342
179 441 176
139 409 136
393 489 390
121 130 118
155 425 152
143 416 140
238 424 238
95 252 92
139 209 136
113 262 110
115 229 112
363 448 360
52 180 52
16 131 16
28 167 28
313 493 310
345 471 342
38 369 38
5 111 2
58 213 58
132 273 132
134 266 134
21 170 18
265 472 262
237 496 234
333 363 330
14 343 14
432 512 432
1 108 1
226 229 226
26 215 26
262 398 262
200 211 200
41 455 38
67 172 64
386 436 386
76 400 76
255 365 252
170 265 170
12 182 12
57 428 54
101 206 98
493 504 490
377 436 374
116 136 116
187 508 184
1 51 1
182 213 182
301 353 298
229 269 226
40 99 40
424 425 422
8 336 8
477 501 474
133 339 130
2 123 2
176 465 176
183 471 180
71 107 68
455 466 452
86 87 84
94 166 94
407 432 404
122 175 122
405 439 402
114 264 114
439 496 436
267 388 264
108 292 108
100 169 100
467 508 464
193 321 190
227 313 224
411 434 408
373 505 370
7 32 4
104 111 104
12 264 12
221 243 218
377 490 374
235 405 232
20 56 20
177 284 174
122 190 122
265 347 262
336 455 336
123 153 120
274 418 274
385 505 382
340 409 340
67 425 64
401 407 398
93 207 90
223 314 220
29 241 26
474 480 474
312 318 312
68 276 68
74 182 74
219 475 216
130 262 130
213 264 210
55 164 52
140 421 140
58 428 58
118 497 118
12 42 12
319 324 316
192 246 192
273 457 270
97 154 94
35 495 32
54 131 54
197 304 194
20 512 20
471 508 468
403 469 400
109 169 106
174 493 174
130 368 130
54 407 54
465 490 462
197 467 194
121 170 118
110 167 110
379 430 376
13 120 10
99 442 96
197 318 194
121 374 118
16 159 16
497 511 494
195 419 192
253 488 250
435 472 432
83 132 80
113 233 110
345 487 342
244 245 242
255 372 252
265 499 262
30 50 30
465 470 462
365 501 362
64 140 64
242 352 242
85 464 82
212 457 212
33 385 30
91 321 88
161 305 158
210 441 210
179 484 176
29 213 26
251 444 248
319 425 316
72 354 72
11 420 8
141 512 138
102 268 102
130 394 130
303 451 300
351 503 348
80 510 80
240 385 240
42 48 42
179 467 176
169 364 166
475 512 472
270 350 270
213 329 210
98 202 98
492 493 490
301 407 298
225 383 222
57 293 54
293 309 290
20 113 20
343 397 340
146 231 146
31 405 28
459 473 456
47 319 44
209 481 206
256 315 256
249 341 246
98 108 98
219 388 216
229 438 226
224 313 224
120 393 120
187 189 184
201 436 198
225 425 222
334 475 334
285 466 282
121 386 118
445 454 442
35 392 32
6 428 6
19 361 16
219 349 216
325 436 322
20 53 20
71 376 68
29 57 26
465 489 462
163 469 160
15 133 12
257 331 254
478 484 478
204 339 204
211 388 208
5 242 2
487 505 484
138 505 138
190 216 190
133 174 130
42 468 42
325 415 322
287 375 284
8 82 8
123 342 120
353 450 350
288 512 288
389 496 386
44 192 44
356 401 356
49 118 46
110 358 110
257 479 254
189 206 186
32 51 32
295 307 292
12 132 12
201 395 198
446 474 446
166 431 166
81 380 78
84 494 84
329 401 326
297 411 294
249 350 246
20 430 20
56 186 56
180 202 180
16 70 16
276 319 276
221 236 218
88 276 88
229 417 226
15 367 12
56 341 56
107 242 104
45 165 42
129 406 126
241 393 238
419 482 416
66 165 66
361 491 358
301 459 298
402 450 402
302 376 302
153 476 150
117 417 114
115 261 112
453 463 450
335 471 332
199 377 196
169 376 166
291 500 288
4 287 4
284 328 284
11 26 8
217 223 214
2 372 2
200 476 200
122 275 122
385 393 382
167 283 164
427 501 424
15 416 12
65 449 62
24 431 24
365 407 362
187 311 184
20 303 20
113 202 110
214 481 214
241 259 238
121 237 118
176 411 176
170 192 170
336 402 336
103 143 100
302 336 302
463 495 460
267 469 264
309 363 306
427 503 424
182 461 182
363 383 360
279 474 276
115 381 112
28 233 28
113 329 110
231 312 228
141 460 138
56 201 56
233 490 230
52 99 52
249 462 246
130 169 130
193 206 190
164 228 164
193 418 190
8 87 8
10 152 10
481 486 478
243 499 240
113 279 110
208 380 208
42 422 42
226 483 226
388 443 388
7 132 4
481 504 478
321 449 318
51 365 48
371 471 368
36 112 36
285 468 282
361 373 358
61 149 58
233 311 230
324 477 324
8 450 8
68 269 68
466 467 464
139 484 136
194 218 194
151 419 148
2 27 2
101 486 98
35 312 32
98 110 98
295 335 292
42 58 42
283 419 280
273 410 270
231 434 228
90 98 90
440 496 440
308 466 308
76 85 76
147 276 144
28 157 28
131 207 128
108 253 108
163 389 160
279 483 276
421 434 418
53 76 50
295 442 292
65 235 62
328 381 328
489 505 486
364 512 364
359 447 356
222 223 220
359 479 356
369 435 366
146 292 146
269 393 266
256 409 256
119 147 116
177 400 174
385 512 382
59 142 56
393 419 390
193 333 190
46 140 46
67 137 64
183 334 180
129 475 126
34 93 34
81 340 78
395 405 392
43 335 40
166 466 166
113 415 110
379 390 376
174 411 174
147 356 144
121 253 118
72 158 72
108 501 108
339 391 336
69 152 66
233 348 230
111 186 108
179 237 176
189 338 186
145 288 142
95 399 92
451 487 448
144 441 144
58 114 58
285 501 282
393 402 390
126 269 126
162 218 162
3 184 1
81 93 78
7 148 4
184 285 184
145 302 142
38 75 38
178 280 178
277 323 274
175 500 172
70 219 70
4 167 4
155 157 152
403 413 400
132 479 132
130 316 130
300 426 300
101 148 98
16 72 16
287 385 284
35 82 32
192 326 192
231 270 228
10 198 10
30 441 30
449 483 446
70 205 70
158 358 158
313 396 310
85 380 82
153 414 150
143 431 140
349 483 346
336 356 336
211 512 208
275 466 272
361 438 358
329 461 326
440 512 440
160 255 160
52 286 52
16 36 16
395 440 392
42 512 42
227 466 224
257 415 254
57 60 54
463 485 460
193 413 190
223 441 220
40 60 40
143 404 140
55 228 52
200 357 200
308 457 308
94 512 94
121 431 118
443 506 440
65 271 62
10 14 10
366 421 366
134 169 134
223 382 220
15 371 12
112 187 112
191 413 188
46 337 46
21 458 18
121 502 118
441 453 438
225 244 222
393 413 390
83 226 80
199 249 196
37 383 34
163 434 160
196 311 196
82 426 82
180 342 180
137 323 134
149 503 146
477 512 474
232 512 232
96 507 96
275 357 272
117 232 114
381 508 378
281 293 278
266 291 266
1 41 1
297 335 294
256 346 256
325 467 322
181 457 178
303 467 300
27 488 24
187 389 184
78 372 78
135 379 132
240 354 240
106 312 106
43 510 40
199 354 196
212 324 212
24 230 24
326 414 326
377 422 374
258 294 258
3 23 1
231 463 228
97 453 94
455 483 452
21 195 18
92 109 92
107 324 104
243 344 240
243 322 240
301 318 298
109 370 106
402 425 402
371 406 368
197 420 194
151 476 148
111 376 108
369 445 366
109 118 106
41 428 38
93 351 90
255 384 252
252 253 250
148 395 148
459 492 456
117 320 114
71 439 68
98 299 98
247 483 244
21 221 18
47 489 44
72 352 72
277 379 274
127 354 124
98 116 98
47 405 44
149 490 146
291 346 288
163 420 160
66 94 66
51 411 48
270 278 270
339 486 336
330 396 330
20 57 20
141 408 138
391 456 388
202 471 202
205 317 202
276 452 276
274 423 274
108 211 108
442 451 442
406 474 406
30 180 30
375 501 372
28 161 28
348 408 348
137 355 134
375 462 372
403 451 400
213 284 210
167 495 164
32 344 32
279 504 276
160 302 160
59 297 56
165 437 162
66 121 66
307 383 304
55 415 52
145 509 142
149 437 146
20 283 20
235 434 232
155 359 152
441 488 438
44 134 44
44 109 44
339 363 336
329 442 326
153 228 150
212 222 212
335 382 332
165 423 162
38 442 38
253 344 250
272 344 272
59 288 56
483 511 480
315 484 312
291 327 288
38 43 38
386 461 386
271 338 268
108 147 108
91 512 88
377 439 374
61 101 58
269 324 266
53 151 50
363 365 360
460 477 460
355 358 352
329 462 326
243 367 240
311 451 308
150 251 150
183 390 180
7 240 4
62 202 62
146 244 146
313 503 310
133 473 130
22 120 22
178 241 178
54 114 54
33 509 30
49 463 46
390 430 390
183 492 180
412 512 412
109 499 106
173 315 170
395 441 392
158 486 158
453 458 450
203 323 200
292 356 292
379 458 376
79 379 76
122 346 122
189 354 186
501 509 498
215 431 212
377 388 374
191 208 188
59 332 56
232 466 232
376 496 376
187 499 184
16 315 16
26 184 26
127 437 124
173 444 170
91 174 88
367 393 364
214 262 214
381 465 378
154 378 154
20 114 20
89 354 86
108 261 108
2 484 2
155 477 152
32 178 32
182 399 182
289 355 286
407 461 404
377 410 374
298 417 298
135 356 132
1 338 1
435 501 432
497 499 494
33 173 30
24 197 24
245 462 242
165 212 162
405 440 402
75 431 72
495 512 492
327 484 324
435 504 432
1 37 1
68 315 68
70 372 70
293 493 290
281 479 278
370 371 368
112 113 110
64 164 64
32 416 32
54 305 54
4 387 4
311 453 308
157 220 154
53 81 50
87 283 84
78 427 78
317 484 314
212 240 212
443 491 440
179 202 176
135 176 132
60 174 60
134 451 134
227 289 224
33 303 30
99 336 96
84 158 84
66 314 66
204 432 204
130 373 130
285 500 282
144 399 144
214 229 214
61 287 58
149 316 146
112 280 112
30 297 30
52 312 52
143 208 140
45 123 42
30 181 30
76 281 76
76 128 76
276 504 276
404 490 404
147 496 144
8 92 8
48 204 48
144 259 144
11 95 8
35 151 32
387 431 384
419 474 416
419 455 416
217 283 214
32 181 32
40 46 40
207 265 204
25 213 22
422 423 420
230 243 230
32 269 32
209 350 206
412 480 412
183 197 180
346 472 346
189 478 186
289 376 286
20 37 20
126 379 126
111 126 108
18 30 18
42 399 42
23 80 20
405 448 402
13 307 10
387 478 384
95 178 92
127 189 124
277 430 274
321 394 318
320 385 320
314 342 314
73 232 70
467 476 464
351 462 348
144 404 144
245 450 242
415 433 412
150 245 150
225 466 222
201 510 198
251 449 248
346 415 346
47 363 44
107 160 104
341 421 338
162 326 162
338 454 338
123 326 120
85 207 82
117 371 114
256 456 256
145 162 142
438 475 438
96 121 96
17 287 14
157 195 154
231 431 228
23 328 20
450 484 450
216 353 216
210 356 210
249 401 246
271 316 268
323 396 320
459 488 456
160 424 160
106 126 106
105 372 102
277 391 274
26 31 26
221 439 218
4 112 4
183 508 180
202 220 202
339 500 336
199 314 196
174 217 174
334 512 334
124 264 124
241 357 238
143 355 140
10 325 10
96 247 96
425 470 422
106 273 106
62 396 62
17 136 14
38 39 36
259 337 256
439 480 436
167 406 164
89 512 86
210 235 210
277 370 274
212 366 212
113 432 110
257 448 254
283 414 280
227 351 224
207 492 204
353 484 350
5 196 2
283 501 280
273 297 270
168 308 168
364 433 364
421 487 418
152 184 152
155 466 152
268 355 268
155 427 152
68 445 68
81 223 78
78 177 78
7 183 4
221 328 218
396 403 396
147 504 144
195 390 192
44 88 44
4 25 4
177 397 174
97 512 94
70 208 70
71 512 68
443 480 440
272 512 272
10 71 10
70 242 70
55 86 52
100 351 100
16 138 16
143 220 140
81 309 78
12 134 12
17 275 14
65 387 62
67 316 64
103 458 100
253 259 250
234 471 234
233 426 230
359 464 356
121 294 118
301 439 298
397 469 394
119 355 116
195 432 192
200 225 200
439 463 436
104 424 104
220 416 220
215 285 212
180 218 180
117 243 114
36 415 36
403 427 400
75 495 72
289 383 286
44 148 44
53 402 50
60 230 60
313 492 310
147 326 144
443 493 440
120 202 120
286 442 286
22 90 22
125 339 122
267 474 264
36 113 36
85 424 82
255 358 252
347 480 344
315 496 312
162 370 162
78 497 78
83 310 80
19 181 16
135 470 132
200 326 200
208 229 208
77 296 74
315 499 312
227 363 224
95 248 92
341 498 338
247 338 244
339 477 336
176 333 176
162 430 162
8 393 8
347 424 344
63 81 60
141 340 138
80 285 80
35 110 32
121 481 118
443 468 440
462 494 462
307 355 304
408 409 406
184 205 184
11 333 8
36 360 36
409 457 406
188 241 188
133 309 130
91 497 88
89 326 86
87 114 84
163 270 160
291 444 288
289 489 286
112 501 112
146 405 146
76 399 76
123 512 120
127 213 124
15 353 12
387 421 384
97 155 94
248 384 248
94 208 94
441 499 438
155 212 152
40 183 40
286 323 286
143 281 140
381 502 378
32 363 32
307 390 304
214 279 214
113 158 110
387 501 384
297 360 294
403 485 400
375 385 372
261 317 258
207 264 204
373 509 370
154 375 154
225 375 222
11 495 8
20 73 20
72 113 72
103 429 100
145 301 142
12 56 12
31 418 28
403 477 400
129 434 126
199 445 196
368 466 368
323 474 320
27 221 24
361 425 358
442 461 442
171 271 168
503 510 500
271 450 268
185 211 182
379 433 376
181 371 178
67 148 64
201 410 198
260 379 260
338 467 338
47 237 44
184 201 184
105 334 102
219 497 216
65 209 62
181 286 178
307 486 304
3 472 1
162 424 162
361 458 358
263 466 260
75 426 72
34 435 34
93 500 90
249 272 246
61 325 58
2 271 2
45 393 42
336 446 336
157 415 154
246 255 246
113 391 110
123 200 120
425 495 422
254 391 254
172 208 172
379 431 376
138 299 138
17 345 14
419 492 416
17 274 14
103 126 100
335 479 332
329 350 326
253 290 250
373 442 370
206 396 206
503 509 500
363 427 360
36 130 36
293 405 290
60 115 60
109 318 106
192 440 192
73 438 70
225 340 222
385 484 382
435 469 432
335 360 332
347 467 344
491 494 488
476 477 474
54 154 54
34 409 34
347 422 344
31 52 28
50 151 50
377 390 374
360 373 360
437 483 434
482 504 482
30 335 30
387 480 384
48 133 48
411 474 408
93 196 90
91 419 88
30 388 30
137 445 134
393 435 390
229 501 226
273 448 270
4 69 4
419 485 416
123 401 120
121 345 118
88 158 88
29 222 26
43 390 40
5 463 2
311 372 308
279 418 276
381 448 378
33 126 30
377 455 374
423 502 420
396 500 396
77 200 74
185 238 182
97 366 94
379 472 376
121 333 118
171 482 168
281 403 278
47 410 44
60 500 60
55 279 52
65 171 62
151 430 148
131 258 128
389 477 386
211 441 208
43 474 40
368 410 368
72 90 72
107 141 104
291 439 288
50 116 50
167 391 164
434 474 434
355 451 352
209 470 206
447 470 444
144 157 144
149 440 146
227 237 224
241 342 238
12 278 12
174 261 174
33 380 30
81 164 78
25 272 22
269 418 266
251 427 248
202 450 202
81 185 78
469 509 466
106 265 106
315 465 312
147 451 144
138 403 138
115 411 112
158 512 158
100 412 100
231 255 228
166 433 166
342 379 342
23 247 20
427 504 424
11 268 8
151 411 148
317 429 314
333 435 330
155 429 152
447 468 444
123 187 120
428 460 428
179 339 176
42 278 42
69 325 66
455 507 452
53 69 50
373 487 370
380 381 378
6 51 6
273 477 270
182 512 182
387 475 384
54 241 54
164 192 164
353 401 350
311 388 308
324 367 324
158 360 158
306 476 306
109 271 106
173 288 170
238 240 238
143 347 140
395 475 392
216 287 216
412 413 410
116 157 116
298 309 298
200 412 200
30 287 30
99 443 96
13 218 10
473 488 470
192 284 192
190 248 190
83 138 80
75 116 72
387 440 384
147 264 144
86 123 86
171 356 168
39 431 36
315 433 312
16 93 16
2 55 2
213 309 210
66 204 66
301 326 298
32 226 32
309 335 306
291 302 288
500 509 500
433 489 430
428 440 428
55 401 52
325 382 322
24 467 24
109 467 106
29 321 26
359 469 356
22 35 22
50 292 50
51 210 48
31 82 28
339 373 336
223 338 220
163 488 160
49 432 46
288 392 288
244 286 244
70 109 70
188 431 188
21 455 18
171 442 168
119 293 116
359 448 356
213 263 210
187 403 184
2 109 2
68 463 68
355 431 352
231 507 228
27 105 24
246 417 246
188 402 188
377 396 374
103 301 100
9 234 6
153 415 150
321 324 318
284 391 284
133 172 130
19 138 16
73 140 70
305 417 302
253 454 250
25 277 22
68 73 68
71 217 68
92 340 92
497 500 494
349 365 346
41 268 38
51 486 48
21 325 18
282 283 280
345 368 342
205 311 202
381 413 378
157 346 154
337 409 334
453 500 450
170 211 170
57 111 54
266 492 266
11 221 8
188 476 188
345 512 342
49 190 46
447 486 444
298 402 298
77 177 74
246 295 246
226 283 226
335 344 332
374 384 374
225 474 222
15 365 12
56 347 56
193 485 190
51 83 48
280 397 280
173 368 170
74 141 74
398 466 398
36 45 36
305 382 302
2 23 2
2 455 2
491 510 488
353 467 350
363 366 360
248 363 248
92 438 92
297 310 294
117 360 114
216 393 216
290 474 290
168 389 168
54 158 54
346 413 346
42 87 42
190 457 190
239 506 236
136 241 136
447 457 444
405 410 402
456 497 456
131 153 128
26 96 26
227 318 224
93 397 90
6 12 6
320 325 320
213 509 210
419 442 416
156 244 156
165 441 162
273 407 270
133 428 130
206 336 206
279 348 276
143 292 140
433 458 430
175 429 172
261 440 258
138 337 138
326 499 326
58 244 58
413 448 410
70 113 70
52 314 52
95 201 92
40 328 40
385 423 382
284 312 284
61 447 58
445 510 442
208 360 208
77 368 74
1 79 1
237 348 234
120 134 120
41 370 38
204 261 204
257 374 254
64 355 64
413 478 410
67 471 64
22 512 22
80 261 80
105 170 102
335 376 332
191 307 188
4 67 4
227 255 224
52 171 52
173 253 170
103 469 100
75 485 72
215 468 212
453 481 450
196 512 196
16 161 16
10 190 10
115 237 112
253 310 250
156 275 156
369 375 366
266 347 266
117 192 114
51 330 48
58 393 58
108 294 108
58 298 58
205 356 202
163 185 160
17 141 14
37 61 34
51 314 48
426 497 426
119 299 116
303 373 300
137 387 134
356 423 356
211 371 208
153 453 150
323 446 320
208 325 208
389 406 386
18 130 18
131 184 128
51 272 48
355 493 352
200 289 200
138 373 138
311 484 308
409 480 406
237 289 234
1 454 1
157 427 154
233 325 230
58 281 58
121 180 118
315 419 312
304 401 304
187 367 184
140 441 140
233 433 230
90 145 90
46 228 46
266 482 266
282 405 282
8 31 8
508 509 506
427 468 424
226 469 226
200 435 200
293 313 290
460 498 460
263 272 260
64 328 64
87 185 84
357 363 354
348 363 348
233 241 230
141 507 138
285 313 282
23 332 20
256 450 256
165 428 162
26 359 26
135 509 132
87 305 84
197 339 194
375 429 372
154 231 154
128 164 128
305 498 302
347 421 344
288 383 288
220 451 220
40 134 40
60 363 60
250 396 250
154 281 154
250 319 250
114 226 114
288 356 288
77 311 74
125 395 122
35 363 32
179 378 176
3 371 1
141 236 138
371 412 368
164 195 164
31 313 28
279 306 276
81 270 78
48 75 48
251 321 248
365 487 362
25 111 22
137 144 134
342 469 342
238 336 238
257 501 254
384 457 384
65 224 62
215 317 212
339 403 336
273 380 270
131 331 128
67 390 64
127 487 124
305 345 302
270 401 270
105 432 102
160 195 160
172 238 172
370 416 370
432 445 432
255 262 252
129 152 126
385 497 382
279 355 276
90 199 90
445 504 442
81 422 78
167 494 164
236 411 236
84 391 84
72 73 70
329 408 326
26 185 26
449 489 446
263 504 260
267 336 264
8 131 8
80 127 80
63 395 60
391 474 388
96 295 96
351 422 348
243 412 240
286 508 286
325 379 322
369 378 366
319 341 316
155 206 152
339 439 336
385 493 382
13 155 10
58 436 58
116 364 116
21 78 18
60 157 60
176 448 176
425 446 422
409 451 406
315 362 312
58 140 58
82 187 82
42 54 42
301 427 298
370 375 370
297 409 294
137 313 134
441 443 438
10 52 10
27 56 24
274 404 274
195 392 192
98 251 98
171 280 168
197 482 194
286 419 286
112 416 112
205 481 202
17 279 14
14 32 14
159 386 156
34 38 34
29 385 26
116 236 116
132 229 132
189 287 186
3 401 1
343 395 340
146 457 146
91 213 88
258 483 258
123 171 120
141 337 138
207 328 204
248 287 248
15 331 12
319 428 316
351 447 348
174 236 174
265 479 262
36 126 36
302 476 302
389 485 386
50 321 50
341 439 338
350 374 350
121 512 118
43 234 40
361 402 358
113 226 110
123 494 120
148 329 148
409 478 406
189 497 186
160 483 160
270 313 270
279 442 276
107 297 104
141 426 138
234 500 234
12 164 12
173 408 170
240 321 240
345 437 342
305 452 302
26 199 26
1 299 1
441 493 438
247 473 244
202 475 202
14 326 14
115 153 112
55 254 52
251 434 248
342 343 340
33 409 30
55 136 52
192 193 190
20 168 20
332 447 332
52 300 52
306 307 304
100 388 100
198 215 198
335 472 332
137 233 134
13 385 10
216 229 216
280 433 280
247 321 244
22 291 22
293 453 290
105 163 102
315 344 312
216 235 216
397 512 394
25 442 22
73 156 70
248 414 248
85 481 82
223 405 220
126 386 126
106 115 106
415 456 412
29 115 26
50 220 50
35 225 32
437 478 434
285 467 282
214 474 214
467 492 464
273 369 270
16 498 16
347 453 344
312 378 312
488 489 486
128 417 128
237 499 234
69 236 66
70 98 70
227 342 224
303 471 300
165 173 162
297 499 294
212 228 212
7 14 4
85 391 82
97 476 94
109 363 106
43 348 40
87 212 84
131 315 128
218 277 218
99 153 96
46 512 46
413 492 410
244 407 244
78 261 78
175 210 172
7 427 4
422 432 422
132 152 132
351 502 348
291 303 288
6 29 6
167 397 164
88 425 88
139 469 136
11 273 8
273 333 270
151 166 148
59 276 56
259 468 256
111 180 108
161 473 158
181 444 178
120 165 120
457 463 454
251 480 248
27 489 24
63 461 60
47 225 44
417 454 414
28 216 28
246 247 244
36 509 36
33 339 30
407 448 404
53 440 50
225 291 222
127 464 124
73 172 70
151 499 148
337 364 334
19 173 16
343 452 340
190 472 190
457 508 454
260 460 260
398 508 398
237 255 234
8 216 8
206 235 206
53 385 50
35 55 32
169 483 166
313 376 310
120 417 120
29 492 26
95 474 92
200 395 200
234 392 234
99 327 96
209 282 206
335 399 332
5 510 2
247 421 244
286 300 286
100 135 100
66 443 66
152 186 152
138 466 138
61 339 58
475 511 472
98 379 98
57 230 54
76 158 76
12 33 12
128 174 128
18 297 18
139 415 136
319 321 316
163 202 160
16 164 16
113 166 110
191 292 188
191 380 188
140 163 140
164 470 164
113 295 110
313 416 310
57 127 54
212 493 212
64 264 64
102 122 102
203 411 200
69 164 66
181 366 178
418 492 418
427 483 424
401 436 398
47 189 44
183 298 180
475 501 472
209 386 206
244 464 244
71 245 68
258 328 258
107 459 104
199 511 196
67 351 64
433 454 430
393 474 390
195 408 192
90 313 90
91 448 88
40 193 40
492 500 492
40 64 40
141 227 138
139 202 136
92 205 92
50 258 50
8 287 8
114 475 114
151 293 148
383 504 380
225 235 222
207 412 204
321 454 318
15 356 12
117 131 114
125 328 122
298 471 298
338 480 338
249 386 246
6 478 6
69 451 66
97 430 94
103 222 100
54 210 54
249 474 246
168 387 168
143 378 140
152 209 152
251 428 248
10 279 10
114 434 114
393 406 390
165 503 162
183 383 180
263 425 260
353 407 350
22 44 22
242 394 242
119 289 116
77 146 74
321 506 318
70 265 70
371 410 368
98 444 98
229 363 226
198 209 198
139 512 136
153 391 150
37 102 34
280 440 280
97 238 94
441 497 438
57 382 54
228 269 228
211 225 208
128 267 128
216 424 216
179 496 176
492 512 492
433 493 430
379 445 376
61 169 58
41 363 38
140 349 140
407 413 404
148 258 148
164 165 162
103 175 100
14 246 14
49 213 46
6 249 6
219 405 216
123 164 120
176 501 176
6 409 6
164 371 164
253 472 250
338 398 338
2 15 2
75 432 72
120 466 120
329 339 326
52 351 52
29 429 26
74 231 74
189 372 186
92 107 92
284 352 284
163 388 160
71 116 68
327 462 324
357 420 354
73 316 70
328 329 326
68 293 68
28 154 28
351 474 348
183 481 180
87 258 84
125 141 122
154 386 154
61 212 58
295 323 292
134 372 134
70 124 70
245 403 242
20 137 20
185 410 182
110 218 110
126 150 126
338 442 338
231 336 228
269 316 266
291 453 288
26 512 26
429 474 426
49 212 46
55 278 52
155 397 152
326 397 326
374 385 374
133 170 130
10 177 10
82 235 82
292 409 292
321 511 318
11 189 8
10 397 10
370 432 370
82 195 82
85 231 82
22 212 22
43 277 40
342 395 342
64 173 64
160 217 160
86 506 86
427 508 424
305 449 302
469 485 466
142 406 142
354 409 354
214 244 214
271 291 268
215 475 212
4 72 4
22 73 22
142 219 142
329 452 326
165 247 162
217 401 214
157 489 154
301 502 298
46 51 46
389 487 386
429 476 426
67 334 64
179 504 176
373 450 370
279 428 276
83 136 80
18 48 18
347 426 344
217 239 214
233 417 230
330 504 330
330 503 330
98 229 98
445 490 442
242 257 242
370 428 370
102 504 102
144 145 142
30 40 30
73 188 70
99 432 96
29 323 26
74 150 74
18 236 18
154 198 154
242 313 242
71 108 68
225 305 222
337 342 334
3 224 1
192 372 192
33 367 30
46 318 46
326 330 326
10 261 10
271 396 268
57 476 54
239 490 236
33 463 30
184 185 182
169 208 166
66 483 66
75 387 72
102 451 102
313 494 310
256 264 256
17 410 14
105 354 102
290 291 288
10 15 10
11 34 8
76 356 76
413 497 410
389 417 386
159 330 156
204 263 204
363 433 360
369 468 366
333 437 330
471 473 468
44 374 44
88 437 88
336 512 336
185 308 182
97 507 94
96 510 96
20 32 20
30 512 30
79 456 76
331 403 328
204 459 204
38 189 38
403 437 400
162 383 162
266 332 266
133 224 130
120 451 120
77 209 74
124 261 124
348 493 348
315 327 312
151 333 148
485 497 482
262 368 262
139 488 136
231 501 228
1 24 1
51 107 48
293 494 290
359 467 356
183 188 180
184 394 184
437 491 434
49 408 46
70 344 70
383 390 380
107 231 104
96 204 96
26 35 26
419 426 416
170 314 170
170 425 170
279 345 276
461 491 458
52 205 52
238 352 238
212 510 212
13 96 10
214 406 214
126 190 126
33 386 30
41 421 38
477 486 474
118 378 118
42 285 42
7 416 4
13 293 10
407 430 404
37 139 34
30 155 30
99 210 96
170 512 170
196 352 196
469 477 466
38 85 38
145 337 142
191 328 188
449 459 446
161 229 158
252 280 252
173 379 170
281 380 278
279 440 276
423 442 420
249 368 246
23 133 20
234 345 234
73 507 70
157 186 154
226 250 226
460 503 460
304 472 304
54 92 54
42 127 42
229 243 226
51 446 48
135 480 132
169 400 166
410 494 410
162 212 162
80 432 80
83 195 80
221 458 218
249 457 246
7 483 4
224 265 224
269 281 266
12 422 12
124 223 124
214 225 214
89 356 86
1 36 1
205 455 202
109 315 106
30 399 30
46 316 46
275 383 272
11 375 8
385 466 382
50 223 50
207 419 204
82 453 82
73 380 70
417 426 414
187 303 184
48 376 48
65 418 62
189 398 186
259 503 256
83 407 80
355 396 352
32 275 32
24 298 24
206 300 206
377 399 374
111 134 108
101 103 98
273 298 270
51 441 48
427 456 424
67 345 64
6 387 6
237 410 234
12 147 12
75 107 72
194 251 194
312 354 312
62 112 62
36 115 36
338 364 338
91 180 88
325 500 322
188 376 188
24 37 24
1 313 1
242 279 242
69 368 66
219 341 216
309 414 306
263 410 260
396 512 396
26 246 26
56 61 56
168 272 168
181 410 178
175 480 172
109 453 106
155 459 152
65 506 62
102 219 102
29 229 26
290 364 290
381 454 378
28 180 28
18 378 18
139 343 136
27 327 24
73 512 70
80 101 80
415 499 412
20 186 20
67 307 64
111 260 108
43 498 40
117 488 114
74 170 74
79 403 76
219 449 216
417 481 414
328 344 328
251 497 248
27 117 24
201 315 198
321 388 318
74 146 74
8 175 8
345 488 342
210 287 210
242 287 242
401 511 398
183 433 180
2 9 2
243 317 240
195 469 192
291 384 288
3 484 1
38 149 38
333 504 330
406 409 406
346 372 346
104 132 104
73 212 70
45 341 42
183 347 180
461 496 458
67 480 64
52 385 52
295 453 292
475 485 472
415 477 412
32 188 32
191 407 188
14 192 14
129 228 126
254 306 254
29 207 26
92 267 92
299 415 296
11 430 8
107 146 104
155 485 152
13 380 10
208 251 208
6 16 6
237 502 234
194 293 194
475 487 472
34 432 34
239 266 236
291 385 288
267 452 264
40 98 40
129 195 126
128 148 128
409 422 406
431 501 428
183 342 180
197 433 194
399 448 396
46 66 46
163 449 160
349 427 346
173 405 170
109 426 106
102 296 102
90 267 90
76 321 76
31 97 28
111 469 108
61 299 58
314 409 314
107 325 104
4 209 4
263 472 260
210 485 210
237 391 234
445 502 442
217 291 214
143 316 140
183 387 180
82 167 82
37 512 34
96 283 96
341 403 338
143 224 140
333 412 330
41 139 38
4 94 4
24 205 24
387 470 384
140 141 138
329 482 326
163 305 160
4 51 4
481 506 478
156 239 156
184 512 184
99 434 96
379 487 376
465 479 462
16 151 16
6 408 6
278 478 278
111 192 108
194 490 194
226 252 226
47 315 44
349 492 346
279 377 276
198 436 198
94 171 94
382 428 382
309 468 306
310 365 310
374 474 374
217 307 214
152 219 152
215 311 212
188 231 188
119 507 116
81 454 78
331 380 328
467 501 464
342 414 342
332 436 332
67 399 64
97 419 94
287 410 284
49 267 46
300 332 300
149 192 146
298 496 298
137 182 134
405 450 402
146 285 146
138 236 138
113 352 110
104 333 104
298 353 298
44 357 44
409 508 406
42 460 42
263 405 260
411 486 408
172 220 172
40 54 40
139 333 136
40 51 40
29 353 26
13 189 10
417 449 414
233 434 230
341 358 338
243 488 240
285 359 282
461 482 458
90 93 90
225 226 222
7 89 4
22 402 22
102 378 102
110 228 110
117 290 114
22 32 22
151 193 148
467 475 464
365 474 362
1 190 1
222 260 222
296 396 296
361 367 358
190 244 190
111 467 108
57 368 54
274 330 274
275 481 272
241 367 238
97 334 94
409 442 406
151 475 148
385 413 382
245 405 242
325 411 322
221 491 218
96 105 96
437 457 434
44 312 44
242 397 242
87 331 84
191 266 188
145 221 142
293 356 290
415 470 412
50 188 50
36 169 36
240 262 240
73 337 70
88 160 88
475 509 472
464 490 464
32 288 32
45 160 42
115 467 112
17 57 14
157 440 154
27 502 24
130 431 130
183 388 180
269 306 266
77 448 74
10 407 10
75 395 72
59 440 56
297 419 294
37 50 34
139 416 136
85 196 82
107 438 104
108 119 108
423 501 420
353 398 350
105 108 102
40 240 40
433 487 430
275 406 272
85 161 82
331 362 328
63 210 60
389 480 386
285 446 282
1 62 1
115 252 112
28 334 28
238 303 238
75 330 72
27 124 24
71 322 68
7 365 4
413 421 410
278 332 278
321 433 318
229 376 226
107 283 104
160 415 160
44 335 44
6 347 6
294 365 294
225 323 222
202 282 202
135 237 132
54 258 54
479 501 476
267 344 264
357 411 354
65 157 62
59 113 56
157 512 154
292 372 292
191 419 188
108 322 108
41 104 38
319 413 316
97 240 94
198 405 198
238 465 238
277 441 274
273 505 270
40 209 40
465 485 462
2 30 2
187 235 184
245 304 242
183 493 180
390 504 390
212 224 212
171 175 168
147 348 144
91 302 88
69 163 66
79 451 76
84 87 84
119 269 116
415 485 412
14 409 14
92 217 92
275 353 272
20 65 20
3 153 1
123 359 120
59 230 56
195 252 192
111 143 108
251 396 248
295 377 292
69 216 66
205 341 202
48 49 46
464 472 464
179 437 176
357 384 354
321 425 318
89 352 86
79 200 76
351 369 348
40 42 40
20 375 20
215 243 212
217 344 214
21 161 18
265 306 262
94 266 94
40 45 40
41 314 38
45 391 42
54 58 54
119 229 116
263 319 260
313 412 310
393 512 390
145 257 142
323 411 320
87 381 84
46 470 46
453 491 450
398 479 398
99 446 96
123 363 120
365 394 362
245 378 242
2 172 2
88 439 88
309 368 306
153 428 150
127 226 124
22 128 22
73 120 70
327 395 324
289 494 286
66 242 66
359 436 356
114 183 114
202 235 202
139 264 136
35 111 32
229 300 226
129 226 126
293 348 290
114 503 114
27 325 24
301 456 298
94 136 94
151 249 148
58 85 58
136 491 136
92 432 92
307 320 304
187 286 184
208 281 208
227 403 224
73 171 70
401 477 398
365 449 362
294 366 294
331 345 328
135 143 132
61 318 58
134 379 134
180 373 180
143 477 140
63 406 60
268 311 268
92 480 92
42 65 42
51 366 48
82 96 82
351 448 348
4 403 4
332 509 332
28 286 28
53 287 50
239 301 236
242 311 242
371 398 368
131 254 128
57 104 54
381 453 378
111 343 108
425 484 422
315 448 312
303 336 300
79 335 76
256 462 256
5 203 2
221 377 218
55 197 52
3 46 1
205 384 202
79 436 76
445 479 442
325 459 322
375 403 372
18 250 18
143 490 140
20 131 20
52 453 52
121 303 118
70 327 70
6 354 6
395 473 392
343 375 340
372 391 372
327 350 324
265 473 262
10 95 10
84 394 84
135 216 132
291 498 288
201 258 198
46 248 46
36 507 36
229 401 226
134 320 134
239 374 236
368 418 368
201 337 198
441 463 438
167 499 164
139 489 136
70 100 70
88 343 88
62 76 62
89 500 86
97 263 94
185 376 182
60 480 60
241 416 238
90 100 90
287 291 284
123 416 120
178 261 178
250 315 250
119 500 116
100 276 100
186 471 186
97 493 94
304 403 304
247 253 244
155 464 152
375 376 372
54 204 54
110 151 110
172 215 172
37 354 34
341 443 338
427 481 424
319 365 316
188 496 188
242 461 242
152 296 152
412 509 412
39 230 36
246 249 246
255 379 252
361 362 358
112 158 112
457 464 454
32 418 32
393 484 390
239 354 236
197 361 194
104 186 104
84 245 84
55 91 52
159 365 156
208 233 208
38 306 38
166 239 166
197 471 194
197 405 194
281 463 278
375 436 372
309 475 306
370 443 370
444 512 444
385 414 382
4 8 4
453 512 450
221 241 218
132 228 132
36 74 36
335 500 332
37 85 34
37 44 34
320 394 320
227 464 224
38 151 38
328 371 328
26 211 26
342 433 342
66 374 66
319 465 316
375 440 372
222 232 222
16 64 16
347 395 344
79 108 76
353 371 350
71 374 68
175 331 172
26 465 26
207 415 204
148 187 148
56 171 56
169 442 166
60 203 60
317 428 314
122 490 122
411 482 408
421 425 418
107 288 104
377 497 374
283 481 280
153 272 150
93 320 90
99 179 96
81 342 78
393 456 390
186 212 186
149 219 146
10 55 10
26 113 26
13 256 10
222 267 222
165 365 162
405 478 402
170 397 170
181 349 178
393 430 390
429 464 426
273 318 270
324 454 324
151 448 148
451 506 448
80 334 80
297 383 294
194 368 194
265 459 262
410 411 408
74 398 74
425 466 422
200 272 200
57 172 54
111 144 108
278 299 278
150 448 150
319 374 316
84 222 84
231 425 228
201 289 198
165 416 162
322 380 322
130 476 130
52 100 52
313 339 310
36 195 36
248 507 248
251 304 248
383 466 380
59 422 56
38 372 38
112 211 112
58 82 58
372 486 372
220 447 220
57 405 54
101 392 98
305 445 302
322 452 322
417 471 414
91 367 88
143 188 140
301 485 298
139 490 136
257 288 254
112 265 112
184 450 184
371 495 368
13 428 10
286 437 286
107 232 104
172 222 172
161 399 158
95 128 92
419 428 416
48 424 48
357 472 354
41 172 38
53 410 50
128 395 128
189 392 186
141 385 138
433 465 430
62 460 62
389 454 386
285 486 282
140 414 140
66 153 66
71 509 68
87 179 84
423 475 420
399 459 396
225 354 222
91 177 88
165 448 162
55 268 52
87 505 84
17 218 14
294 388 294
181 293 178
289 512 286
4 164 4
334 407 334
69 491 66
149 298 146
309 464 306
264 266 264
152 355 152
26 428 26
58 408 58
285 291 282
10 189 10
360 390 360
108 363 108
93 114 90
33 57 30
403 512 400
156 325 156
19 157 16
167 390 164
265 386 262
235 335 232
39 240 36
71 313 68
210 506 210
401 470 398
369 374 366
7 432 4
112 236 112
169 416 166
409 439 406
104 398 104
486 487 484
26 416 26
149 477 146
239 476 236
486 504 486
219 371 216
197 341 194
22 296 22
303 306 300
138 375 138
70 319 70
4 78 4
151 370 148
160 180 160
178 512 178
235 253 232
356 405 356
405 463 402
178 329 178
397 480 394
175 336 172
19 314 16
1 220 1
347 397 344
55 372 52
41 294 38
145 366 142
32 57 32
133 203 130
71 460 68
236 243 236
259 504 256
157 304 154
363 479 360
75 102 72
11 348 8
117 353 114
82 102 82
341 444 338
81 227 78
88 478 88
62 225 62
139 291 136
316 425 316
42 162 42
52 482 52
163 239 160
62 293 62
43 152 40
271 505 268
127 247 124
277 319 274
229 399 226
343 370 340
24 56 24
137 351 134
84 185 84
186 211 186
139 341 136
32 115 32
3 389 1
1 13 1
144 164 144
448 449 446
63 150 60
329 395 326
87 118 84
463 508 460
126 483 126
383 452 380
227 248 224
73 481 70
140 281 140
135 242 132
380 509 380
150 236 150
165 284 162
73 504 70
395 487 392
315 428 312
161 175 158
34 74 34
101 104 98
215 341 212
367 512 364
175 207 172
16 17 14
27 128 24
351 382 348
265 388 262
384 445 384
266 366 266
430 500 430
45 252 42
209 233 206
368 429 368
256 473 256
493 502 490
437 492 434
193 461 190
310 395 310
15 147 12
347 365 344
226 237 226
75 392 72
27 190 24
2 423 2
18 53 18
113 482 110
111 359 108
268 269 266
247 494 244
294 455 294
12 348 12
161 500 158
396 424 396
49 131 46
277 509 274
380 421 380
1 83 1
46 339 46
132 224 132
23 468 20
276 490 276
18 23 18
321 460 318
173 255 170
70 308 70
342 350 342
431 454 428
252 435 252
8 148 8
143 195 140
149 387 146
151 197 148
2 49 2
389 456 386
39 452 36
395 407 392
117 292 114
139 167 136
432 494 432
129 146 126
150 427 150
72 328 72
237 431 234
203 293 200
41 367 38
341 422 338
30 175 30
429 478 426
313 482 310
53 192 50
257 456 254
215 331 212
89 409 86
251 317 248
481 500 478
97 510 94
65 72 62
281 438 278
7 52 4
302 303 300
277 496 274
441 462 438
149 271 146
130 358 130
3 336 1
121 479 118
233 330 230
345 443 342
59 81 56
18 422 18
45 147 42
72 169 72
433 486 430
61 374 58
43 86 40
237 498 234
57 212 54
31 453 28
114 402 114
329 512 326
268 360 268
125 224 122
275 452 272
138 211 138
113 460 110
85 109 82
18 189 18
16 47 16
457 510 454
139 327 136
19 61 16
98 342 98
253 407 250
474 512 474
271 410 268
301 451 298
199 328 196
423 508 420
112 122 112
273 290 270
9 456 6
225 316 222
115 329 112
187 375 184
273 426 270
172 224 172
41 409 38
163 497 160
112 348 112
151 421 148
145 174 142
88 331 88
447 512 444
383 495 380
224 496 224
26 372 26
73 293 70
88 397 88
27 301 24
44 61 44
100 299 100
169 412 166
35 245 32
255 402 252
105 173 102
76 471 76
251 298 248
165 221 162
281 377 278
343 486 340
79 441 76
5 164 2
238 464 238
82 259 82
427 463 424
57 276 54
301 417 298
37 505 34
208 310 208
47 224 44
278 356 278
295 410 292
77 465 74
40 322 40
18 37 18
177 236 174
7 305 4
343 363 340
28 327 28
251 325 248
382 497 382
357 440 354
99 202 96
250 265 250
303 416 300
479 509 476
309 512 306
293 418 290
6 241 6
433 462 430
96 393 96
246 292 246
12 474 12
454 470 454
213 361 210
325 431 322
42 114 42
47 293 44
189 298 186
249 406 246
425 428 422
134 190 134
373 403 370
199 447 196
377 392 374
275 477 272
6 311 6
42 116 42
167 482 164
431 450 428
236 423 236
83 158 80
149 480 146
157 233 154
228 442 228
66 72 66
24 41 24
395 436 392
299 373 296
259 435 256
100 200 100
135 425 132
169 172 166
139 468 136
233 430 230
246 412 246
443 486 440
301 434 298
108 439 108
23 320 20
295 451 292
26 102 26
332 426 332
374 481 374
322 327 322
263 372 260
179 248 176
345 505 342
159 344 156
433 452 430
11 119 8
301 335 298
199 333 196
119 408 116
152 178 152
347 476 344
289 327 286
288 322 288
458 510 458
367 451 364
416 439 416
237 377 234
461 477 458
64 125 64
140 267 140
12 411 12
49 309 46
237 441 234
188 291 188
167 210 164
259 313 256
229 290 226
91 325 88
323 363 320
137 229 134
86 293 86
49 155 46
287 358 284
255 324 252
319 389 316
96 160 96
421 473 418
8 254 8
123 324 120
302 435 302
94 182 94
59 293 56
111 487 108
503 507 500
209 412 206
420 450 420
317 508 314
175 339 172
285 292 282
217 262 214
264 496 264
13 94 10
1 11 1
403 404 400
12 444 12
18 108 18
305 450 302
233 357 230
204 256 204
135 508 132
389 512 386
96 332 96
349 439 346
277 374 274
47 141 44
275 443 272
255 410 252
203 298 200
287 359 284
88 97 88
91 397 88
55 187 52
125 143 122
364 365 362
479 495 476
143 285 140
266 296 266
87 416 84
157 429 154
49 159 46
56 183 56
232 382 232
80 281 80
109 235 106
293 388 290
297 320 294
87 254 84
397 449 394
35 44 32
261 402 258
49 117 46
120 335 120
185 443 182
411 484 408
325 475 322
71 332 68
83 91 80
505 512 502
429 494 426
118 272 118
78 222 78
72 84 72
333 493 330
204 433 204
269 375 266
44 239 44
238 435 238
284 308 284
104 122 104
459 500 456
232 293 232
76 266 76
45 93 42
48 79 48
203 420 200
249 410 246
7 485 4
317 512 314
78 114 78
197 415 194
216 391 216
407 465 404
218 512 218
434 461 434
240 402 240
304 512 304
64 369 64
2 32 2
152 189 152
274 315 274
86 142 86
371 469 368
15 38 12
276 408 276
79 334 76
154 256 154
295 371 292
89 220 86
136 376 136
195 382 192
86 323 86
226 291 226
279 365 276
92 506 92
139 438 136
36 44 36
18 65 18
188 230 188
4 512 4
229 315 226
79 301 76
147 152 144
116 184 116
142 408 142
170 331 170
325 344 322
47 453 44
79 97 76
58 175 58
14 18 14
181 390 178
2 20 2
187 349 184
62 335 62
239 315 236
320 321 318
22 132 22
327 503 324
29 402 26
413 449 410
56 177 56
80 512 80
49 284 46
77 326 74
51 188 48
33 195 30
357 422 354
288 319 288
24 209 24
403 506 400
329 370 326
420 512 420
275 327 272
298 472 298
279 340 276
47 414 44
241 280 238
237 242 234
12 498 12
44 94 44
14 175 14
219 265 216
113 404 110
70 338 70
179 448 176
8 110 8
302 412 302
76 444 76
139 491 136
204 320 204
335 494 332
121 344 118
23 153 20
29 343 26
396 494 396
111 224 108
112 159 112
156 464 156
175 390 172
99 355 96
273 434 270
86 229 86
65 365 62
297 334 294
221 303 218
327 444 324
42 293 42
206 321 206
225 380 222
203 468 200
287 491 284
149 266 146
507 512 504
111 332 108
407 436 404
202 324 202
128 225 128
95 405 92
141 316 138
18 275 18
137 419 134
361 496 358
87 371 84
371 446 368
214 252 214
66 164 66
331 338 328
427 441 424
233 485 230
335 490 332
8 22 8
211 261 208
29 270 26
161 245 158
91 286 88
150 201 150
51 512 48
119 145 116
47 427 44
239 500 236
291 474 288
198 207 198
387 495 384
21 228 18
35 435 32
381 489 378
81 155 78
99 288 96
127 214 124
7 411 4
235 247 232
246 489 246
429 447 426
415 419 412
93 277 90
106 185 106
409 500 406
23 262 20
35 88 32
417 505 414
451 469 448
54 88 54
337 373 334
186 275 186
225 352 222
139 197 136
318 345 318
63 121 60
217 374 214
224 358 224
473 503 470
99 467 96
193 222 190
293 443 290
114 143 114
243 281 240
308 415 308
4 22 4
6 338 6
268 443 268
61 68 58
270 459 270
147 512 144
145 505 142
4 208 4
29 165 26
277 506 274
251 355 248
175 255 172
4 244 4
69 302 66
337 447 334
249 281 246
10 58 10
132 409 132
433 467 430
301 305 298
120 215 120
329 481 326
351 509 348
73 421 70
109 206 106
429 432 426
170 247 170
269 429 266
94 361 94
7 237 4
327 370 324
495 504 492
157 163 154
319 501 316
57 255 54
145 150 142
129 197 126
297 305 294
34 232 34
357 386 354
144 507 144
23 490 20
437 472 434
374 493 374
17 56 14
54 316 54
432 493 432
369 405 366
127 205 124
114 285 114
199 451 196
421 508 418
144 411 144
10 106 10
54 185 54
185 310 182
407 490 404
78 228 78
88 474 88
211 264 208
171 443 168
242 282 242
345 436 342
56 364 56
70 79 70
237 424 234
233 489 230
403 509 400
247 356 244
193 471 190
238 466 238
2 416 2
161 427 158
8 32 8
61 171 58
244 413 244
193 251 190
68 371 68
14 98 14
95 437 92
146 326 146
165 207 162
436 505 436
148 183 148
156 286 156
87 88 84
435 442 432
389 473 386
133 485 130
158 468 158
335 413 332
2 37 2
124 168 124
264 419 264
151 252 148
137 276 134
19 346 16
195 479 192
259 483 256
207 488 204
142 418 142
43 185 40
455 489 452
122 362 122
86 222 86
380 386 380
77 150 74
331 376 328
46 54 46
23 413 20
170 193 170
353 512 350
289 308 286
285 509 282
247 359 244
459 474 456
2 111 2
26 268 26
54 341 54
2 7 2
345 408 342
74 125 74
112 495 112
162 239 162
54 75 54
96 412 96
17 408 14
1 335 1
443 489 440
187 417 184
176 296 176
182 214 182
240 241 238
89 402 86
468 469 466
351 489 348
134 171 134
233 398 230
139 260 136
240 464 240
122 428 122
317 408 314
27 166 24
79 473 76
131 371 128
53 205 50
11 200 8
367 510 364
57 144 54
139 278 136
69 507 66
228 265 228
116 168 116
283 428 280
80 248 80
78 175 78
8 30 8
17 193 14
57 304 54
56 402 56
5 352 2
509 512 506
61 65 58
97 415 94
451 483 448
25 89 22
52 133 52
128 379 128
425 429 422
413 441 410
195 307 192
89 109 86
5 30 2
8 25 8
131 253 128
333 350 330
119 414 116
347 356 344
73 403 70
139 449 136
287 488 284
165 276 162
403 447 400
339 399 336
77 250 74
61 199 58
297 408 294
90 130 90
439 503 436
165 245 162
353 423 350
194 195 192
398 463 398
231 381 228
317 483 314
302 432 302
473 494 470
23 26 20
213 260 210
138 175 138
165 206 162
121 260 118
43 62 40
105 283 102
114 204 114
119 233 116
363 498 360
12 167 12
43 66 40
3 315 1
419 436 416
341 392 338
149 201 146
185 216 182
19 245 16
293 502 290
187 308 184
375 425 372
143 373 140
89 271 86
363 462 360
58 195 58
445 455 442
135 443 132
132 475 132
447 489 444
20 124 20
165 183 162
393 418 390
146 161 146
287 473 284
268 375 268
89 311 86
63 228 60
287 490 284
38 360 38
49 259 46
308 490 308
255 261 252
179 239 176
233 390 230
313 384 310
127 427 124
375 470 372
441 494 438
116 145 116
131 304 128
342 403 342
189 225 186
54 91 54
120 360 120
105 145 102
167 465 164
132 315 132
19 73 16
5 239 2
362 369 362
403 476 400
265 364 262
327 417 324
7 75 4
208 270 208
325 407 322
301 336 298
330 484 330
125 504 122
201 252 198
134 434 134
155 365 152
473 497 470
94 285 94
314 477 314
394 488 394
15 80 12
99 348 96
207 476 204
31 465 28
447 496 444
103 507 100
41 121 38
58 168 58
154 382 154
8 62 8
356 408 356
242 485 242
145 200 142
101 324 98
272 341 272
323 386 320
75 474 72
248 479 248
45 512 42
130 218 130
283 512 280
69 276 66
341 469 338
138 273 138
12 152 12
406 443 406
87 326 84
249 339 246
10 112 10
55 133 52
475 502 472
163 477 160
200 421 200
17 188 14
79 480 76
113 251 110
17 72 14
493 495 490
445 452 442
28 119 28
345 492 342
120 131 120
6 191 6
341 398 338
305 426 302
297 412 294
266 348 266
108 241 108
175 328 172
31 283 28
113 334 110
375 498 372
330 359 330
101 327 98
84 105 84
221 438 218
130 184 130
34 218 34
83 433 80
86 132 86
379 454 376
109 343 106
366 474 366
71 241 68
259 353 256
201 218 198
275 356 272
195 464 192
247 364 244
363 499 360
211 248 208
411 459 408
457 465 454
120 243 120
236 333 236
17 495 14
222 255 222
221 343 218
50 238 50
312 428 312
353 500 350
478 479 476
123 283 120
406 497 406
273 328 270
111 409 108
54 205 54
242 498 242
153 350 150
348 496 348
103 389 100
158 305 158
399 410 396
373 411 370
379 465 376
300 384 300
85 162 82
341 372 338
26 143 26
222 478 222
467 468 464
293 462 290
182 328 182
289 504 286
155 353 152
405 493 402
483 506 480
223 346 220
247 457 244
461 471 458
177 315 174
67 189 64
198 471 198
136 156 136
208 461 208
150 155 150
471 505 468
290 385 290
168 475 168
387 464 384
345 469 342
18 49 18
24 28 24
107 217 104
396 419 396
203 217 200
38 272 38
279 503 276
56 473 56
69 108 66
90 193 90
388 396 388
327 479 324
194 327 194
140 202 140
301 319 298
16 467 16
331 435 328
162 324 162
143 229 140
49 179 46
243 426 240
151 406 148
199 271 196
167 459 164
310 376 310
210 256 210
455 479 452
173 370 170
128 351 128
346 360 346
249 335 246
10 126 10
282 312 282
36 253 36
299 472 296
224 303 224
411 478 408
169 467 166
170 496 170
299 509 296
140 288 140
54 217 54
75 487 72
88 373 88
137 503 134
56 109 56
493 494 490
51 324 48
276 372 276
33 273 30
316 509 316
293 496 290
183 208 180
61 78 58
66 133 66
453 494 450
65 305 62
365 371 362
229 484 226
295 437 292
316 492 316
16 452 16
406 507 406
314 384 314
253 340 250
307 407 304
277 395 274
361 512 358
249 283 246
433 434 430
261 292 258
21 29 18
306 512 306
30 90 30
64 83 64
417 497 414
215 308 212
237 265 234
163 247 160
207 340 204
265 456 262
136 142 136
151 420 148
81 377 78
134 309 134
45 364 42
183 436 180
23 52 20
162 264 162
97 247 94
269 374 266
180 197 180
203 372 200
112 228 112
206 334 206
183 366 180
245 384 242
493 499 490
270 398 270
273 418 270
164 197 164
363 368 360
378 379 376
239 449 236
49 406 46
13 362 10
88 234 88
265 424 262
331 459 328
128 388 128
165 263 162
26 60 26
295 403 292
360 512 360
317 410 314
399 467 396
33 323 30
156 292 156
227 366 224
28 456 28
157 167 154
225 320 222
195 279 192
31 214 28
179 277 176
491 509 488
153 263 150
51 274 48
98 474 98
373 417 370
83 381 80
190 407 190
88 279 88
326 359 326
38 249 38
6 198 6
152 273 152
265 420 262
104 295 104
16 82 16
373 414 370
125 286 122
319 351 316
45 220 42
285 329 282
13 99 10
138 418 138
41 466 38
145 400 142
335 480 332
194 418 194
280 372 280
416 463 416
213 301 210
259 290 256
481 496 478
340 446 340
363 443 360
299 384 296
145 155 142
357 471 354
292 293 290
37 66 34
58 374 58
84 85 82
46 461 46
192 504 192
1 74 1
192 216 192
162 456 162
163 465 160
56 286 56
123 361 120
87 357 84
78 102 78
216 378 216
417 440 414
201 455 198
23 379 20
27 55 24
254 460 254
91 297 88
113 155 110
420 496 420
133 412 130
26 275 26
192 359 192
353 420 350
419 439 416
92 234 92
50 57 50
414 433 414
69 101 66
348 390 348
167 333 164
423 436 420
310 475 310
72 263 72
199 469 196
19 208 16
335 476 332
21 291 18
64 72 64
324 402 324
43 292 40
381 463 378
417 419 414
337 509 334
383 391 380
131 328 128
313 418 310
172 432 172
333 357 330
33 254 30
5 159 2
21 512 18
457 468 454
237 434 234
71 124 68
417 468 414
127 159 124
59 265 56
351 407 348
189 442 186
417 444 414
261 397 258
75 120 72
189 304 186
233 259 230
40 125 40
188 214 188
29 449 26
75 374 72
245 302 242
21 507 18
11 103 8
54 248 54
181 495 178
123 236 120
6 214 6
37 184 34
237 316 234
355 427 352
391 450 388
20 27 20
328 476 328
276 491 276
18 28 18
90 174 90
406 451 406
295 479 292
70 137 70
139 235 136
429 501 426
49 457 46
53 436 50
365 395 362
99 363 96
310 466 310
15 162 12
357 497 354
185 493 182
169 282 166
63 381 60
69 193 66
383 479 380
335 432 332
435 456 432
143 314 140
408 439 408
463 497 460
22 261 22
225 345 222
372 512 372
229 242 226
425 506 422
403 495 400
95 246 92
150 185 150
185 456 182
475 508 472
101 299 98
191 453 188
117 397 114
405 511 402
39 367 36
131 226 128
16 363 16
208 420 208
299 446 296
361 433 358
17 43 14
217 419 214
83 118 80
68 69 66
294 471 294
107 343 104
447 455 444
104 453 104
172 252 172
298 352 298
25 210 22
292 303 292
293 394 290
108 113 108
117 510 114
243 435 240
261 287 258
157 372 154
32 290 32
216 219 216
364 496 364
131 397 128
13 340 10
91 402 88
103 386 100
45 307 42
300 360 300
33 118 30
99 399 96
339 443 336
331 453 328
301 512 298
415 457 412
417 482 414
92 157 92
11 331 8
473 492 470
107 284 104
37 480 34
455 480 452
445 503 442
21 210 18
341 467 338
427 428 424
337 389 334
33 317 30
178 359 178
265 448 262
171 371 168
432 449 432
391 470 388
19 463 16
373 445 370
346 387 346
387 409 384
353 449 350
159 497 156
331 452 328
100 286 100
144 184 144
267 327 264
484 512 484
16 432 16
143 459 140
201 348 198
102 106 102
59 67 56
70 221 70
253 491 250
211 257 208
44 69 44
393 412 390
487 499 484
85 172 82
260 390 260
105 263 102
299 322 296
1 140 1
171 227 168
136 290 136
183 453 180
234 291 234
33 454 30
75 362 72
31 147 28
186 189 186
325 373 322
435 507 432
81 127 78
40 73 40
241 286 238
57 351 54
257 499 254
243 472 240
345 411 342
246 512 246
309 509 306
150 197 150
189 421 186
317 360 314
385 436 382
339 384 336
259 434 256
143 439 140
51 104 48
422 443 422
349 478 346
185 429 182
247 357 244
49 197 46
30 88 30
309 447 306
181 504 178
86 436 86
219 510 216
293 306 290
83 445 80
467 491 464
385 430 382
130 464 130
189 347 186
463 480 460
99 272 96
84 86 84
115 501 112
29 503 26
144 289 144
220 345 220
28 309 28
289 337 286
100 364 100
451 503 448
58 132 58
167 493 164
286 373 286
145 322 142
121 355 118
80 466 80
61 337 58
18 244 18
199 256 196
52 57 52
213 252 210
32 227 32
223 489 220
264 483 264
121 122 118
433 463 430
60 107 60
289 495 286
66 503 66
325 395 322
145 437 142
413 475 410
355 378 352
280 474 280
167 203 164
303 388 300
318 414 318
205 335 202
382 506 382
321 509 318
475 507 472
296 299 296
309 322 306
71 191 68
21 115 18
197 394 194
461 468 458
225 258 222
49 63 46
274 509 274
288 377 288
84 323 84
299 506 296
175 233 172
283 484 280
145 340 142
379 464 376
162 375 162
11 40 8
427 485 424
467 489 464
416 512 416
501 510 498
223 369 220
194 384 194
40 354 40
171 207 168
115 159 112
235 363 232
177 243 174
301 471 298
34 503 34
235 375 232
215 274 212
247 352 244
247 367 244
314 315 312
401 412 398
123 136 120
94 401 94
332 478 332
405 512 402
49 469 46
391 417 388
180 459 180
187 297 184
317 488 314
121 292 118
78 182 78
97 450 94
490 512 490
10 33 10
9 425 6
70 280 70
473 495 470
146 212 146
185 230 182
70 103 70
385 495 382
407 469 404
191 473 188
39 80 36
401 415 398
426 459 426
467 470 464
6 397 6
15 224 12
253 378 250
435 474 432
14 67 14
164 295 164
257 400 254
357 414 354
328 358 328
227 277 224
142 512 142
269 354 266
204 326 204
349 476 346
96 120 96
161 419 158
26 119 26
52 196 52
180 509 180
13 497 10
41 222 38
37 187 34
240 269 240
441 460 438
247 393 244
175 253 172
42 68 42
311 512 308
66 315 66
247 376 244
347 408 344
175 446 172
276 329 276
176 293 176
152 201 152
3 286 1
49 412 46
77 445 74
156 454 156
490 498 490
34 388 34
27 338 24
247 499 244
38 180 38
139 326 136
247 482 244
229 485 226
163 212 160
256 398 256
41 397 38
96 199 96
253 323 250
384 438 384
443 450 440
180 369 180
331 411 328
269 415 266
61 77 58
60 64 60
163 206 160
123 129 120
381 466 378
111 486 108
59 107 56
159 451 156
39 106 36
19 319 16
87 308 84
108 370 108
333 340 330
59 146 56
288 345 288
192 241 192
57 401 54
329 334 326
189 274 186
62 80 62
232 421 232
317 353 314
177 204 174
12 437 12
289 496 286
329 427 326
150 358 150
195 264 192
91 100 88
33 267 30
54 310 54
167 248 164
41 315 38
291 494 288
327 466 324
168 301 168
316 453 316
160 272 160
167 171 164
68 237 68
441 476 438
112 298 112
231 233 228
385 490 382
354 391 354
445 491 442
109 200 106
43 218 40
279 445 276
109 180 106
242 290 242
173 204 170
199 419 196
206 471 206
242 437 242
191 256 188
389 486 386
198 431 198
242 306 242
343 377 340
133 372 130
341 402 338
167 294 164
324 332 324
428 501 428
279 485 276
385 501 382
251 507 248
302 404 302
57 429 54
205 247 202
104 124 104
180 510 180
89 226 86
323 501 320
303 319 300
121 256 118
280 489 280
151 428 148
331 449 328
31 417 28
322 459 322
125 128 122
87 124 84
413 470 410
290 336 290
457 496 454
387 476 384
90 205 90
158 307 158
43 453 40
20 397 20
2 84 2
201 506 198
144 299 144
333 391 330
38 352 38
63 335 60
377 479 374
19 285 16
71 239 68
323 401 320
217 377 214
30 456 30
17 292 14
113 457 110
123 475 120
128 182 128
160 358 160
110 355 110
351 483 348
87 117 84
367 423 364
97 403 94
328 446 328
100 478 100
413 476 410
54 352 54
425 486 422
241 264 238
451 501 448
161 408 158
437 455 434
145 511 142
283 499 280
227 379 224
73 455 70
236 443 236
361 376 358
237 486 234
78 469 78
73 152 70
38 511 38
278 446 278
241 267 238
12 494 12
107 306 104
340 341 338
442 465 442
355 453 352
269 369 266
38 118 38
186 410 186
467 477 464
37 367 34
44 354 44
127 383 124
16 40 16
109 439 106
50 122 50
2 4 2
33 289 30
37 238 34
16 21 16
148 499 148
56 149 56
307 424 304
6 54 6
165 268 162
77 242 74
100 294 100
36 148 36
213 292 210
49 91 46
39 82 36
210 449 210
193 304 190
94 457 94
313 465 310
463 470 460
74 222 74
39 512 36
134 223 134
28 81 28
20 227 20
112 160 112
78 145 78
89 405 86
73 505 70
259 293 256
23 420 20
379 467 376
223 446 220
9 268 6
171 385 168
123 426 120
159 336 156
28 207 28
9 56 6
207 219 204
343 414 340
330 487 330
45 380 42
280 353 280
89 104 86
349 460 346
151 332 148
457 505 454
365 509 362
343 354 340
361 487 358
227 332 224
293 363 290
28 36 28
195 331 192
63 80 60
131 262 128
103 182 100
147 193 144
13 92 10
8 21 8
168 429 168
101 498 98
177 408 174
64 213 64
38 115 38
200 394 200
363 391 360
55 454 52
94 123 94
35 360 32
210 331 210
277 372 274
271 504 268
45 451 42
471 480 468
188 377 188
4 187 4
179 364 176
191 194 188
353 424 350
234 304 234
207 418 204
330 449 330
17 149 14
339 428 336
155 338 152
343 367 340
332 467 332
73 249 70
82 444 82
26 73 26
365 422 362
153 512 150
159 347 156
481 497 478
339 372 336
22 447 22
447 497 444
152 168 152
333 508 330
18 181 18
283 459 280
291 437 288
22 267 22
369 383 366
93 505 90
169 460 166
150 306 150
119 506 116
342 377 342
30 401 30
44 137 44
68 387 68
130 193 130
353 386 350
20 108 20
483 496 480
335 462 332
28 62 28
145 426 142
262 361 262
36 144 36
310 390 310
76 250 76
431 487 428
280 405 280
84 311 84
125 157 122
239 473 236
387 512 384
205 383 202
266 434 266
4 151 4
79 498 76
129 368 126
397 457 394
168 197 168
39 46 36
361 444 358
164 172 164
347 459 344
199 251 196
182 320 182
331 369 328
186 188 186
78 206 78
170 181 170
79 293 76
261 316 258
55 213 52
212 397 212
3 9 1
329 504 326
132 407 132
372 379 372
41 261 38
240 478 240
226 322 226
27 503 24
228 422 228
139 224 136
72 264 72
94 484 94
21 171 18
77 383 74
137 198 134
139 472 136
72 138 72
201 318 198
400 505 400
60 171 60
348 431 348
181 499 178
416 426 416
220 406 220
17 455 14
74 113 74
179 207 176
5 35 2
88 212 88
285 371 282
289 370 286
318 369 318
94 378 94
1 76 1
15 512 12
30 104 30
224 401 224
277 382 274
100 443 100
175 455 172
424 505 424
90 379 90
17 104 14
73 85 70
208 221 208
37 456 34
301 363 298
60 371 60
374 414 374
112 241 112
363 374 360
342 449 342
74 202 74
421 423 418
98 494 98
38 114 38
345 360 342
61 98 58
241 242 238
4 6 4
307 475 304
241 300 238
321 391 318
255 287 252
372 508 372
473 489 470
70 88 70
235 476 232
9 102 6
2 282 2
11 332 8
43 478 40
245 327 242
43 230 40
428 446 428
195 403 192
150 400 150
34 51 34
36 342 36
278 471 278
126 275 126
85 420 82
108 218 108
335 408 332
24 181 24
369 475 366
75 117 72
2 47 2
204 289 204
54 180 54
155 165 152
178 223 178
390 481 390
61 481 58
68 72 68
175 493 172
64 390 64
307 484 304
58 441 58
359 366 356
135 180 132
135 400 132
414 490 414
69 506 66
164 476 164
142 173 142
70 459 70
415 512 412
461 473 458
421 433 418
86 96 86
309 443 306
129 136 126
78 157 78
14 176 14
11 330 8
38 304 38
113 491 110
307 378 304
216 272 216
289 427 286
397 442 394
292 494 292
401 451 398
3 201 1
304 441 304
317 371 314
383 460 380
8 318 8
217 352 214
252 447 252
14 142 14
133 405 130
59 298 56
251 484 248
61 280 58
435 455 432
47 71 44
90 114 90
137 413 134
200 471 200
152 468 152
29 139 26
13 499 10
7 185 4
341 424 338
131 411 128
86 422 86
191 221 188
63 445 60
264 382 264
80 292 80
201 379 198
24 47 24
125 301 122
220 281 220
162 329 162
178 182 178
144 185 144
315 420 312
37 461 34
453 507 450
339 465 336
124 408 124
132 210 132
371 477 368
36 322 36
197 342 194
423 433 420
52 141 52
38 311 38
80 488 80
305 341 302
378 451 378
204 380 204
139 184 136
265 502 262
98 161 98
80 370 80
457 485 454
131 389 128
107 442 104
74 512 74
112 356 112
45 141 42
205 213 202
74 104 74
267 316 264
127 241 124
167 214 164
203 388 200
173 241 170
28 268 28
347 500 344
275 439 272
59 277 56
63 177 60
187 507 184
218 314 218
32 485 32
117 355 114
127 141 124
5 232 2
181 236 178
335 379 332
14 512 14
393 395 390
289 476 286
4 50 4
331 468 328
477 488 474
195 236 192
22 154 22
8 233 8
166 394 166
65 279 62
377 512 374
179 214 176
384 398 384
375 491 372
20 254 20
18 32 18
159 296 156
10 53 10
37 364 34
125 405 122
309 467 306
116 380 116
237 343 234
129 209 126
11 353 8
128 468 128
256 288 256
221 299 218
345 384 342
293 355 290
317 335 314
251 344 248
486 508 486
100 437 100
28 79 28
369 420 366
98 117 98
464 512 464
285 461 282
166 179 166
313 366 310
233 291 230
49 136 46
91 116 88
383 480 380
220 308 220
76 376 76
64 139 64
210 227 210
497 502 494
230 510 230
83 253 80
47 339 44
245 367 242
20 140 20
411 485 408
117 259 114
53 87 50
35 254 32
449 507 446
26 149 26
31 468 28
163 301 160
293 334 290
132 204 132
148 307 148
45 467 42
129 190 126
253 335 250
371 456 368
5 353 2
315 444 312
351 488 348
170 304 170
63 475 60
180 201 180
331 427 328
327 337 324
247 254 244
210 487 210
44 73 44
134 282 134
12 435 12
33 341 30
65 221 62
203 463 200
66 179 66
109 495 106
63 377 60
275 456 272
166 268 166
163 280 160
407 428 404
259 308 256
146 435 146
411 458 408
344 404 344
335 495 332
277 432 274
26 322 26
14 255 14
283 480 280
97 394 94
157 466 154
126 165 126
185 466 182
224 272 224
92 251 92
49 65 46
133 155 130
318 464 318
202 260 202
299 427 296
315 417 312
101 295 98
421 459 418
81 218 78
207 313 204
466 501 466
129 332 126
24 477 24
168 472 168
13 482 10
331 408 328
101 254 98
328 499 328
401 428 398
44 60 44
395 502 392
37 373 34
54 57 54
108 180 108
62 283 62
458 503 458
84 187 84
55 205 52
21 339 18
72 108 72
70 451 70
247 259 244
124 237 124
101 287 98
201 356 198
243 493 240
297 444 294
17 245 14
503 506 500
261 478 258
103 233 100
437 461 434
379 455 376
127 493 124
367 456 364
365 377 362
107 184 104
79 110 76
77 147 74
150 482 150
11 477 8
209 512 206
20 424 20
127 391 124
431 478 428
45 354 42
429 504 426
146 510 146
22 98 22
121 167 118
277 420 274
25 481 22
124 190 124
1 179 1
233 326 230
289 462 286
5 345 2
365 370 362
26 298 26
15 351 12
76 198 76
283 332 280
126 164 126
133 184 130
28 111 28
163 345 160
231 291 228
69 360 66
52 435 52
143 239 140
299 478 296
29 500 26
148 406 148
313 429 310
273 502 270
175 393 172
183 222 180
271 300 268
71 201 68
14 436 14
195 405 192
9 360 6
420 437 420
51 245 48
180 378 180
54 498 54
271 441 268
431 492 428
230 276 230
100 263 100
96 300 96
105 134 102
278 339 278
235 258 232
164 402 164
190 383 190
128 210 128
355 390 352
196 511 196
53 341 50
381 408 378
43 491 40
208 266 208
361 394 358
459 469 456
375 437 372
441 471 438
187 505 184
241 346 238
45 407 42
40 49 40
87 443 84
115 399 112
140 158 140
237 507 234
16 313 16
81 501 78
118 170 118
268 448 268
80 448 80
240 467 240
390 512 390
157 236 154
356 399 356
394 512 394
337 454 334
217 472 214
328 357 328
60 109 60
155 360 152
80 108 80
59 345 56
151 163 148
165 442 162
25 30 22
91 441 88
8 98 8
36 42 36
111 293 108
281 429 278
167 271 164
215 335 212
75 508 72
11 214 8
158 160 158
98 378 98
39 201 36
283 482 280
36 57 36
377 485 374
205 281 202
419 459 416
185 200 182
93 480 90
213 376 210
75 439 72
200 306 200
73 165 70
22 208 22
209 372 206
193 453 190
248 325 248
449 455 446
74 163 74
289 322 286
61 140 58
51 417 48
37 365 34
48 150 48
124 491 124
117 231 114
11 382 8
3 38 1
115 424 112
28 512 28
67 91 64
29 105 26
367 481 364
459 463 456
287 370 284
125 507 122
72 377 72
305 380 302
95 472 92
116 360 116
178 325 178
69 487 66
347 352 344
29 392 26
195 277 192
439 492 436
45 427 42
209 480 206
461 493 458
385 388 382
9 358 6
493 512 490
50 431 50
398 452 398
191 437 188
134 425 134
178 469 178
228 512 228
95 235 92
391 403 388
74 213 74
57 512 54
223 400 220
9 335 6
41 442 38
7 338 4
156 343 156
25 53 22
147 257 144
43 282 40
13 131 10
274 405 274
79 197 76
316 410 316
49 359 46
190 318 190
64 208 64
319 456 316
14 42 14
13 180 10
417 478 414
295 420 292
102 279 102
113 403 110
137 327 134
26 84 26
328 466 328
177 185 174
101 384 98
383 393 380
313 431 310
29 60 26
311 481 308
57 414 54
14 59 14
166 306 166
90 299 90
7 147 4
93 136 90
107 444 104
91 475 88
207 325 204
50 99 50
159 512 156
265 299 262
155 472 152
212 214 212
187 433 184
149 339 146
42 299 42
16 436 16
171 172 168
150 314 150
274 511 274
425 487 422
180 444 180
75 338 72
63 256 60
58 75 58
231 383 228
13 238 10
337 403 334
49 314 46
2 6 2
153 347 150
195 472 192
363 485 360
11 342 8
286 498 286
373 375 370
19 295 16
104 343 104
144 347 144
21 381 18
247 389 244
107 337 104
74 99 74
191 323 188
214 358 214
385 421 382
106 327 106
24 34 24
148 207 148
258 474 258
181 415 178
77 235 74
21 237 18
227 510 224
55 416 52
46 375 46
375 458 372
83 397 80
409 509 406
37 390 34
261 301 258
102 452 102
295 364 292
401 419 398
54 417 54
195 225 192
185 467 182
4 492 4
112 405 112
202 301 202
245 426 242
72 444 72
12 212 12
44 295 44
3 172 1
115 338 112
51 76 48
138 267 138
197 215 194
26 55 26
286 330 286
167 178 164
272 333 272
369 385 366
297 432 294
457 501 454
257 409 254
10 150 10
365 457 362
500 502 500
32 501 32
112 351 112
189 318 186
203 382 200
84 168 84
95 468 92
311 506 308
246 332 246
235 315 232
157 369 154
51 295 48
223 476 220
230 512 230
249 449 246
361 475 358
208 276 208
263 335 260
301 381 298
267 274 264
75 272 72
183 189 180
326 374 326
381 438 378
310 495 310
169 332 166
253 510 250
101 363 98
42 446 42
280 370 280
208 209 206
163 502 160
141 237 138
17 151 14
74 129 74
88 457 88
423 504 420
255 394 252
143 440 140
247 458 244
269 395 266
148 333 148
48 61 48
138 184 138
113 120 110
431 438 428
47 171 44
101 511 98
393 451 390
317 472 314
164 413 164
152 220 152
72 208 72
106 231 106
420 503 420
91 364 88
209 368 206
469 504 466
169 191 166
397 425 394
86 458 86
355 430 352
481 502 478
136 490 136
296 493 296
247 297 244
8 65 8
283 420 280
240 246 240
26 183 26
322 340 322
100 257 100
161 486 158
223 508 220
104 396 104
14 23 14
8 49 8
86 298 86
332 366 332
42 74 42
148 338 148
59 306 56
123 334 120
283 435 280
130 172 130
108 436 108
405 470 402
154 310 154
85 177 82
82 200 82
16 38 16
19 403 16
15 366 12
31 179 28
70 375 70
123 208 120
61 504 58
156 270 156
71 237 68
10 196 10
231 235 228
143 471 140
165 272 162
103 501 100
456 468 456
169 426 166
221 502 218
72 121 72
118 392 118
140 175 140
46 357 46
119 159 116
236 263 236
178 449 178
254 374 254
4 503 4
153 375 150
304 460 304
386 458 386
489 503 486
246 340 246
47 133 44
305 480 302
144 358 144
35 66 32
94 219 94
102 331 102
5 136 2
143 261 140
100 204 100
131 323 128
227 450 224
71 452 68
277 443 274
127 168 124
208 512 208
219 237 216
175 512 172
283 320 280
282 334 282
149 264 146
109 367 106
337 476 334
439 494 436
88 102 88
257 318 254
277 426 274
49 132 46
198 224 198
173 323 170
166 369 166
153 459 150
228 462 228
315 330 312
34 484 34
189 417 186
154 302 154
113 376 110
235 479 232
298 460 298
28 123 28
322 465 322
211 349 208
54 219 54
117 305 114
349 359 346
164 211 164
52 402 52
93 433 90
58 368 58
114 218 114
62 145 62
76 257 76
111 403 108
249 338 246
259 281 256
47 179 44
419 458 416
157 341 154
85 193 82
233 503 230
156 511 156
59 378 56
150 382 150
162 377 162
439 465 436
181 512 178
78 167 78
463 499 460
66 116 66
51 94 48
182 279 182
331 447 328
417 430 414
97 198 94
137 345 134
108 290 108
199 510 196
184 449 184
43 462 40
451 496 448
8 67 8
226 466 226
240 319 240
16 360 16
199 239 196
183 408 180
461 499 458
120 121 118
93 434 90
333 392 330
117 220 114
16 446 16
381 415 378
297 473 294
103 217 100
486 512 486
399 457 396
263 338 260
33 187 30
34 43 34
303 368 300
78 191 78
30 54 30
383 454 380
393 399 390
279 501 276
225 483 222
88 176 88
193 350 190
191 363 188
117 225 114
479 484 476
347 417 344
173 423 170
10 86 10
41 270 38
245 331 242
27 504 24
198 492 198
431 499 428
383 442 380
205 447 202
487 511 484
188 278 188
424 512 424
487 512 484
71 187 68
340 412 340
127 483 124
408 480 408
331 394 328
473 484 470
239 267 236
291 379 288
83 512 80
105 335 102
311 429 308
377 511 374
282 318 282
374 386 374
182 369 182
485 501 482
269 455 266
207 422 204
100 205 100
395 482 392
287 493 284
64 371 64
116 279 116
322 365 322
403 426 400
431 444 428
60 116 60
5 131 2
98 427 98
292 322 292
115 447 112
447 453 444
468 489 468
11 177 8
433 482 430
87 449 84
391 438 388
21 249 18
333 438 330
188 254 188
269 401 266
81 438 78
343 443 340
218 223 218
215 481 212
379 408 376
167 287 164
54 121 54
463 481 460
18 70 18
89 252 86
188 435 188
250 322 250
431 442 428
299 444 296
87 113 84
417 447 414
161 184 158
214 222 214
475 478 472
10 236 10
239 251 236
38 215 38
489 500 486
29 30 26
345 373 342
61 203 58
10 224 10
19 231 16
213 324 210
229 266 226
413 454 410
125 499 122
166 500 166
67 407 64
116 158 116
168 427 168
242 504 242
423 426 420
13 43 10
369 501 366
68 147 68
62 312 62
403 442 400
50 142 50
154 461 154
243 393 240
79 229 76
357 483 354
101 370 98
188 505 188
477 482 474
26 303 26
275 487 272
303 348 300
239 311 236
124 291 124
179 229 176
223 250 220
91 337 88
170 215 170
308 410 308
79 269 76
5 511 2
39 72 36
149 502 146
108 135 108
18 336 18
265 287 262
129 130 126
421 444 418
153 469 150
161 502 158
423 443 420
143 214 140
369 409 366
342 344 342
229 308 226
372 482 372
144 174 144
52 135 52
431 481 428
8 244 8
52 512 52
283 343 280
145 271 142
295 512 292
195 218 192
267 472 264
29 114 26
87 306 84
13 183 10
162 260 162
285 332 282
16 182 16
368 474 368
235 469 232
119 309 116
15 291 12
98 193 98
17 190 14
95 99 92
225 456 222
8 314 8
5 381 2
257 297 254
34 408 34
279 315 276
45 139 42
185 327 182
269 380 266
73 435 70
317 505 314
96 125 96
135 501 132
15 181 12
237 248 234
451 498 448
129 238 126
479 493 476
132 506 132
461 498 458
51 345 48
120 197 120
238 446 238
245 345 242
113 489 110
184 481 184
112 312 112
161 221 158
331 414 328
409 493 406
10 107 10
355 404 352
209 352 206
74 185 74
5 181 2
411 462 408
345 424 342
161 267 158
425 491 422
210 274 210
187 378 184
373 499 370
1 160 1
471 498 468
435 470 432
411 506 408
429 450 426
106 463 106
224 314 224
61 323 58
87 374 84
326 434 326
77 217 74
7 272 4
140 197 140
49 277 46
267 385 264
453 511 450
437 477 434
369 466 366
431 464 428
66 194 66
330 384 330
197 231 194
48 293 48
93 365 90
161 165 158
10 77 10
215 264 212
255 421 252
269 416 266
185 292 182
55 464 52
289 335 286
287 304 284
291 405 288
93 303 90
217 357 214
282 305 282
324 502 324
166 247 166
177 379 174
31 168 28
27 121 24
377 457 374
110 300 110
77 202 74
271 328 268
132 199 132
302 385 302
30 138 30
218 274 218
437 494 434
134 143 134
352 512 352
172 178 172
451 510 448
106 146 106
20 365 20
221 269 218
209 345 206
12 13 10
360 403 360
172 329 172
438 442 438
146 289 146
50 261 50
35 47 32
339 505 336
391 493 388
208 398 208
231 310 228
102 381 102
263 325 260
345 382 342
359 379 356
205 291 202
342 448 342
217 264 214
262 390 262
413 483 410
143 184 140
433 494 430
102 299 102
215 415 212
354 425 354
463 493 460
96 161 96
129 410 126
165 168 162
12 288 12
371 512 368
62 198 62
365 472 362
407 493 404
396 448 396
388 407 388
333 373 330
49 336 46
426 446 426
397 408 394
2 16 2
198 396 198
280 344 280
15 333 12
76 136 76
186 285 186
225 252 222
21 22 18
238 362 238
189 242 186
195 388 192
127 307 124
383 416 380
353 443 350
53 164 50
185 510 182
349 500 346
257 278 254
90 442 90
435 449 432
95 436 92
187 316 184
156 250 156
456 457 454
139 435 136
210 319 210
31 220 28
389 403 386
445 496 442
1 282 1
375 393 372
169 429 166
81 139 78
165 246 162
18 136 18
208 458 208
288 342 288
193 244 190
191 239 188
129 183 126
112 136 112
264 501 264
159 452 156
246 475 246
335 502 332
132 290 132
267 389 264
13 512 10
56 367 56
55 167 52
457 511 454
251 300 248
37 494 34
421 500 418
312 395 312
172 199 172
239 327 236
417 476 414
101 285 98
429 483 426
293 476 290
151 250 148
279 460 276
272 281 272
2 31 2
349 402 346
195 278 192
200 446 200
85 307 82
322 339 322
421 429 418
42 51 42
275 457 272
253 382 250
379 418 376
115 149 112
169 488 166
140 378 140
156 484 156
271 439 268
67 199 64
379 475 376
164 334 164
503 508 500
132 413 132
56 245 56
132 198 132
367 487 364
81 88 78
275 285 272
380 404 380
180 265 180
265 277 262
255 289 252
184 240 184
184 390 184
94 373 94
19 414 16
224 422 224
109 322 106
447 482 444
93 230 90
133 196 130
251 333 248
78 141 78
124 362 124
155 396 152
271 377 268
353 461 350
142 452 142
438 439 436
82 103 82
28 269 28
213 277 210
304 435 304
178 407 178
481 493 478
59 447 56
299 428 296
186 293 186
113 163 110
98 425 98
17 256 14
164 214 164
308 459 308
34 127 34
387 467 384
285 432 282
415 497 412
407 456 404
418 422 418
16 337 16
128 460 128
304 316 304
249 275 246
37 138 34
317 493 314
408 452 408
96 178 96
114 115 112
331 339 328
409 481 406
126 351 126
245 316 242
175 256 172
156 381 156
8 502 8
169 348 166
219 357 216
361 464 358
88 248 88
259 376 256
31 389 28
28 385 28
300 366 300
36 300 36
145 490 142
115 359 112
116 440 116
341 508 338
246 270 246
183 452 180
24 313 24
48 138 48
72 307 72
231 323 228
32 78 32
122 149 122
1 8 1
295 504 292
183 236 180
321 445 318
51 248 48
238 472 238
179 417 176
353 402 350
265 402 262
117 362 114
423 496 420
178 384 178
261 401 258
210 499 210
96 333 96
97 279 94
43 367 40
337 503 334
146 415 146
98 196 98
114 119 114
477 498 474
389 504 386
48 463 48
34 259 34
157 499 154
246 380 246
120 247 120
342 374 342
110 195 110
12 211 12
451 502 448
419 434 416
165 237 162
174 488 174
275 400 272
201 465 198
226 376 226
12 57 12
23 280 20
401 440 398
33 196 30
143 488 140
485 503 482
107 116 104
161 176 158
42 77 42
306 471 306
13 373 10
388 459 388
63 361 60
19 398 16
147 283 144
317 363 314
84 268 84
14 145 14
24 201 24
180 406 180
427 506 424
17 232 14
50 228 50
231 459 228
424 473 424
349 424 346
311 326 308
163 511 160
113 509 110
380 431 380
201 377 198
422 476 422
108 133 108
343 373 340
29 295 26
213 374 210
2 447 2
89 328 86
6 8 6
80 498 80
195 505 192
78 392 78
63 306 60
229 345 226
443 504 440
47 289 44
73 243 70
373 392 370
101 181 98
143 289 140
8 14 8
83 205 80
168 359 168
319 449 316
241 461 238
383 406 380
319 343 316
251 371 248
309 394 306
252 481 252
120 188 120
232 474 232
45 138 42
231 349 228
107 414 104
231 337 228
248 303 248
158 494 158
4 165 4
285 322 282
92 334 92
2 217 2
87 210 84
407 485 404
61 502 58
223 327 220
16 53 16
309 359 306
393 432 390
20 506 20
142 199 142
166 392 166
457 475 454
300 301 298
79 500 76
265 469 262
320 484 320
71 252 68
45 414 42
259 352 256
433 479 430
273 450 270
15 214 12
44 97 44
111 473 108
79 404 76
13 276 10
56 512 56
275 465 272
192 262 192
84 363 84
247 480 244
86 119 86
36 82 36
141 367 138
109 142 106
180 398 180
27 192 24
73 408 70
457 502 454
69 194 66
183 209 180
263 312 260
403 421 400
339 491 336
245 385 242
111 208 108
467 510 464
38 119 38
393 464 390
127 144 124
72 100 72
407 434 404
290 390 290
13 341 10
375 478 372
9 427 6
305 344 302
303 462 300
489 507 486
114 137 114
274 453 274
5 436 2
381 439 378
263 422 260
489 494 486
30 67 30
367 465 364
444 465 444
184 411 184
233 382 230
72 238 72
153 356 150
363 398 360
255 275 252
432 444 432
219 354 216
217 417 214
310 428 310
318 330 318
407 418 404
131 211 128
184 511 184
113 414 110
233 472 230
131 325 128
259 426 256
371 437 368
45 194 42
187 387 184
86 146 86
246 282 246
260 263 260
189 239 186
277 281 274
152 242 152
198 391 198
57 352 54
126 213 126
21 365 18
119 305 116
15 113 12
241 291 238
125 295 122
54 265 54
343 421 340
341 420 338
379 438 376
300 319 300
208 447 208
305 411 302
161 191 158
49 143 46
278 353 278
391 446 388
65 497 62
470 471 468
65 440 62
305 310 302
390 400 390
476 484 476
15 465 12
283 367 280
121 347 118
335 483 332
288 289 286
350 493 350
164 319 164
9 241 6
48 135 48
115 340 112
171 388 168
319 392 316
197 264 194
167 442 164
250 277 250
22 74 22
129 392 126
185 464 182
155 452 152
60 326 60
411 441 408
353 486 350
35 124 32
344 502 344
78 99 78
295 436 292
249 501 246
169 434 166
69 355 66
126 297 126
1 230 1
12 22 12
489 504 486
128 308 128
471 497 468
39 101 36
46 321 46
250 439 250
116 446 116
282 424 282
451 486 448
153 400 150
269 309 266
203 263 200
323 406 320
174 418 174
121 255 118
187 282 184
210 475 210
252 427 252
255 326 252
97 469 94
369 479 366
367 458 364
213 368 210
61 106 58
116 186 116
463 469 460
200 440 200
315 394 312
148 510 148
340 367 340
296 469 296
31 312 28
99 215 96
413 508 410
66 81 66
298 395 298
354 448 354
344 468 344
171 313 168
169 182 166
47 130 44
382 409 382
18 127 18
97 314 94
413 512 410
68 80 68
72 136 72
155 337 152
365 507 362
203 396 200
295 497 292
90 321 90
363 495 360
297 380 294
257 497 254
8 54 8
24 428 24
411 461 408
2 45 2
70 118 70
284 500 284
20 216 20
138 226 138
205 207 202
337 362 334
35 102 32
271 418 268
327 390 324
164 179 164
117 502 114
57 295 54
24 82 24
335 501 332
403 440 400
145 425 142
116 126 116
70 512 70
69 362 66
100 234 100
363 408 360
326 403 326
333 360 330
425 510 422
443 470 440
20 41 20
365 373 362
307 451 304
153 370 150
148 427 148
261 405 258
241 509 238
22 29 22
76 98 76
12 72 12
51 385 48
27 367 24
41 512 38
21 124 18
46 268 46
243 508 240
93 471 90
351 506 348
45 388 42
207 211 204
22 130 22
124 336 124
275 301 272
178 221 178
165 217 162
163 328 160
363 503 360
298 376 298
91 474 88
432 508 432
459 476 456
219 396 216
15 401 12
24 46 24
159 422 156
235 415 232
70 486 70
150 282 150
169 203 166
57 434 54
321 413 318
213 298 210
83 154 80
410 462 410
393 440 390
63 87 60
58 96 58
393 437 390
309 431 306
113 266 110
269 367 266
84 96 84
354 478 354
70 472 70
61 143 58
406 448 406
501 502 498
81 496 78
175 306 172
283 464 280
140 334 140
295 506 292
91 110 88
79 431 76
237 300 234
309 347 306
79 156 76
220 253 220
112 420 112
212 213 210
231 325 228
320 475 320
438 454 438
319 468 316
162 284 162
132 150 132
321 402 318
267 296 264
31 145 28
128 197 128
323 387 320
270 339 270
96 112 96
96 181 96
268 296 268
85 465 82
45 397 42
90 230 90
178 272 178
2 5 2
210 392 210
108 487 108
62 291 62
237 459 234
79 183 76
77 290 74
281 369 278
485 505 482
147 220 144
310 470 310
276 344 276
47 199 44
7 494 4
465 469 462
37 124 34
461 466 458
376 435 376
305 362 302
216 331 216
55 107 52
423 455 420
308 314 308
81 502 78
94 511 94
381 456 378
457 480 454
171 214 168
98 222 98
170 260 170
497 510 494
55 288 52
207 351 204
18 374 18
180 512 180
419 510 416
445 471 442
323 354 320
140 373 140
313 345 310
471 496 468
216 273 216
293 377 290
205 428 202
20 232 20
237 430 234
323 378 320
304 343 304
66 268 66
211 252 208
81 326 78
95 349 92
84 512 84
206 481 206
45 315 42
63 451 60
45 124 42
112 341 112
101 464 98
1 42 1
421 477 418
235 360 232
277 368 274
34 315 34
259 500 256
134 512 134
9 484 6
247 505 244
36 311 36
21 181 18
12 23 12
121 428 118
19 411 16
181 256 178
280 449 280
143 244 140
239 393 236
365 491 362
141 489 138
206 354 206
246 439 246
422 492 422
72 319 72
25 229 22
201 369 198
218 284 218
367 404 364
391 400 388
177 251 174
330 331 328
304 335 304
315 368 312
2 11 2
66 360 66
4 141 4
188 512 188
449 495 446
408 432 408
144 223 144
84 111 84
419 498 416
241 501 238
167 496 164
77 143 74
18 56 18
3 182 1
209 238 206
14 456 14
66 89 66
365 432 362
152 340 152
20 280 20
84 235 84
63 327 60
40 253 40
31 251 28
378 510 378
181 192 178
180 275 180
168 192 168
14 15 12
189 438 186
131 353 128
33 285 30
475 483 472
151 512 148
245 359 242
155 489 152
239 249 236
107 245 104
58 72 58
186 464 186
42 443 42
495 497 492
95 195 92
241 455 238
169 226 166
310 311 308
177 268 174
126 474 126
266 429 266
427 436 424
23 298 20
404 421 404
107 263 104
395 477 392
63 90 60
167 416 164
32 75 32
167 340 164
167 452 164
455 476 452
429 512 426
325 434 322
158 461 158
254 255 252
149 374 146
363 425 360
65 181 62
122 367 122
125 188 122
12 28 12
510 511 508
176 376 176
461 510 458
286 305 286
85 244 82
153 480 150
404 430 404
343 493 340
217 233 214
337 486 334
308 368 308
403 446 400
375 446 372
149 203 146
283 310 280
291 492 288
6 505 6
221 237 218
352 388 352
409 483 406
199 497 196
226 285 226
407 450 404
407 499 404
249 347 246
334 496 334
277 469 274
196 259 196
148 195 148
307 333 304
405 422 402
427 512 424
475 488 472
284 487 284
347 478 344
104 510 104
203 434 200
59 212 56
281 407 278
455 481 452
371 492 368
90 228 90
109 228 106
75 459 72
271 285 268
27 392 24
56 100 56
67 386 64
313 341 310
19 159 16
67 311 64
297 467 294
91 446 88
239 430 236
265 398 262
201 282 198
71 330 68
260 311 260
411 430 408
233 242 230
138 151 138
230 231 228
83 282 80
346 363 346
31 128 28
247 343 244
328 374 328
212 368 212
471 504 468
185 384 182
162 395 162
20 458 20
21 355 18
313 373 310
159 444 156
95 325 92
3 404 1
345 375 342
286 386 286
22 88 22
41 169 38
83 353 80
10 376 10
4 103 4
9 36 6
119 219 116
69 181 66
247 287 244
335 512 332
239 485 236
393 508 390
182 393 182
26 37 26
339 375 336
111 217 108
277 422 274
50 335 50
489 501 486
365 421 362
303 314 300
133 407 130
41 187 38
187 425 184
211 308 208
350 500 350
291 367 288
109 144 106
149 425 146
62 480 62
28 64 28
343 346 340
469 497 466
415 425 412
193 481 190
149 427 146
437 441 434
212 377 212
183 285 180
30 340 30
379 444 376
359 434 356
183 328 180
373 420 370
72 110 72
345 376 342
355 381 352
221 482 218
195 200 192
92 512 92
195 305 192
392 478 392
38 313 38
67 264 64
298 300 298
41 434 38
176 285 176
33 224 30
45 246 42
207 311 204
123 264 120
277 449 274
213 248 210
425 453 422
296 377 296
71 236 68
6 152 6
151 506 148
156 500 156
284 410 284
25 68 22
367 402 364
377 444 374
206 275 206
272 294 272
445 456 442
69 279 66
123 144 120
125 501 122
77 424 74
1 32 1
100 101 98
203 491 200
165 218 162
365 429 362
13 335 10
200 407 200
219 502 216
343 511 340
195 463 192
179 397 176
216 226 216
149 465 146
245 428 242
87 402 84
332 431 332
115 233 112
8 100 8
493 505 490
167 387 164
395 412 392
265 466 262
311 397 308
53 346 50
341 495 338
212 283 212
89 140 86
277 279 274
385 494 382
419 427 416
189 341 186
423 450 420
8 63 8
367 424 364
307 349 304
55 269 52
275 433 272
6 343 6
401 457 398
199 457 196
20 132 20
47 360 44
155 446 152
321 409 318
479 504 476
71 210 68
223 351 220
315 471 312
35 266 32
1 63 1
413 451 410
305 433 302
3 10 1
19 490 16
199 346 196
81 445 78
394 486 394
61 464 58
247 440 244
70 73 70
435 475 432
318 506 318
301 490 298
332 395 332
437 484 434
233 480 230
433 471 430
99 329 96
121 343 118
440 478 440
217 226 214
135 211 132
351 498 348
205 420 202
35 248 32
425 496 422
115 242 112
10 296 10
265 497 262
74 148 74
89 136 86
353 422 350
402 512 402
267 347 264
469 474 466
85 506 82
62 174 62
103 431 100
458 459 456
9 262 6
295 432 292
435 499 432
205 396 202
33 247 30
194 434 194
272 359 272
286 333 286
47 475 44
208 438 208
247 474 244
403 422 400
347 362 344
485 496 482
246 482 246
495 502 492
254 401 254
137 462 134
46 80 46
171 407 168
295 316 292
245 374 242
487 494 484
205 254 202
331 432 328
106 166 106
23 215 20
84 375 84
13 319 10
208 414 208
327 400 324
126 377 126
81 413 78
172 437 172
237 420 234
344 465 344
201 406 198
193 399 190
307 361 304
229 245 226
33 507 30
319 349 316
89 371 86
5 87 2
53 313 50
180 284 180
227 280 224
40 321 40
4 370 4
20 89 20
136 355 136
409 431 406
435 503 432
68 410 68
70 178 70
40 404 40
20 64 20
455 487 452
236 463 236
485 487 482
141 414 138
249 295 246
96 308 96
1 269 1
256 290 256
176 512 176
331 434 328
143 321 140
312 327 312
184 342 184
465 481 462
241 419 238
85 259 82
245 247 242
375 475 372
26 244 26
325 389 322
109 252 106
232 302 232
43 64 40
148 305 148
317 330 314
397 488 394
329 441 326
93 495 90
439 475 436
107 404 104
187 199 184
205 289 202
99 499 96
65 150 62
261 505 258
88 312 88
305 410 302
241 437 238
225 432 222
258 432 258
387 448 384
26 267 26
265 508 262
487 498 484
135 196 132
367 473 364
97 163 94
483 495 480
217 273 214
437 498 434
394 462 394
31 268 28
2 398 2
106 158 106
43 104 40
164 421 164
321 370 318
163 304 160
113 225 110
7 217 4
371 444 368
99 414 96
209 212 206
138 287 138
345 439 342
85 354 82
30 63 30
445 478 442
1 9 1
199 326 196
267 312 264
243 331 240
121 465 118
147 430 144
53 293 50
257 446 254
23 480 20
159 332 156
80 463 80
405 490 402
337 481 334
7 221 4
1 317 1
7 346 4
48 161 48
4 224 4
387 479 384
108 264 108
61 462 58
94 180 94
4 406 4
155 297 152
195 427 192
10 292 10
37 339 34
467 507 464
168 262 168
443 459 440
93 259 90
53 161 50
146 361 146
385 405 382
157 361 154
148 341 148
24 71 24
115 354 112
253 270 250
281 338 278
247 477 244
235 270 232
5 483 2
230 284 230
159 498 156
88 359 88
118 339 118
4 5 2
169 257 166
100 416 100
296 511 296
369 379 366
290 465 290
305 421 302
65 505 62
167 191 164
8 413 8
45 47 42
407 483 404
142 207 142
118 428 118
102 398 102
479 492 476
323 423 320
164 415 164
239 404 236
50 74 50
168 446 168
14 154 14
259 301 256
33 408 30
238 354 238
364 446 364
57 105 54
103 371 100
107 286 104
261 483 258
313 358 310
130 151 130
158 323 158
85 147 82
47 300 44
42 484 42
207 273 204
38 59 38
28 488 28
15 199 12
381 450 378
81 229 78
497 507 494
245 246 242
366 367 364
40 92 40
163 400 160
329 365 326
447 493 444
359 381 356
329 352 326
17 142 14
413 488 410
241 261 238
393 465 390
325 498 322
143 174 140
436 489 436
175 316 172
47 67 44
329 458 326
349 376 346
95 225 92
54 453 54
86 307 86
279 502 276
202 431 202
119 262 116
257 337 254
118 442 118
70 102 70
361 407 358
15 438 12
289 295 286
123 480 120
274 484 274
249 303 246
118 188 118
255 456 252
47 260 44
135 312 132
7 255 4
453 474 450
35 186 32
68 106 68
9 274 6
90 357 90
278 460 278
78 107 78
426 496 426
181 487 178
191 401 188
53 350 50
337 396 334
433 510 430
301 413 298
9 500 6
303 489 300
219 297 216
157 450 154
12 49 12
42 60 42
457 495 454
195 495 192
181 298 178
131 141 128
63 443 60
273 337 270
195 404 192
16 123 16
109 196 106
40 243 40
329 340 326
240 452 240
108 131 108
453 467 450
349 351 346
19 229 16
65 217 62
48 410 48
156 450 156
71 198 68
297 376 294
132 298 132
261 372 258
328 427 328
255 331 252
27 391 24
84 126 84
413 509 410
131 365 128
81 500 78
275 473 272
1 398 1
306 360 306
90 397 90
362 488 362
372 430 372
205 486 202
397 445 394
208 321 208
293 305 290
449 488 446
298 313 298
253 395 250
252 436 252
93 246 90
369 485 366
475 498 472
307 398 304
52 77 52
40 149 40
273 399 270
217 467 214
344 446 344
397 438 394
323 473 320
224 475 224
395 428 392
267 313 264
22 52 22
153 167 150
66 71 66
379 402 376
243 400 240
52 209 52
257 503 254
23 267 20
171 428 168
109 168 106
151 504 148
61 188 58
24 247 24
177 384 174
81 187 78
290 421 290
150 484 150
131 172 128
8 197 8
103 480 100
301 488 298
309 462 306
367 457 364
144 205 144
153 500 150
467 503 464
103 372 100
1 97 1
87 327 84
16 58 16
122 512 122
238 461 238
110 428 110
203 235 200
369 381 366
166 275 166
4 7 4
14 34 14
461 512 458
47 82 44
87 472 84
70 104 70
399 431 396
32 54 32
337 341 334
119 402 116
17 237 14
133 512 130
108 269 108
15 137 12
251 486 248
25 233 22
146 249 146
270 346 270
371 439 368
184 476 184
415 479 412
83 179 80
55 333 52
67 358 64
235 425 232
11 469 8
307 379 304
155 479 152
485 488 482
35 58 32
81 495 78
251 489 248
194 467 194
51 344 48
73 508 70
62 214 62
184 362 184
224 494 224
56 91 56
175 298 172
278 305 278
145 262 142
45 103 42
313 317 310
411 457 408
148 477 148
85 387 82
9 319 6
157 481 154
127 462 124
105 365 102
99 164 96
245 253 242
10 311 10
143 252 140
461 484 458
166 350 166
161 224 158
229 260 226
323 403 320
184 298 184
280 380 280
317 400 314
12 48 12
348 490 348
158 215 158
30 192 30
491 500 488
123 180 120
72 211 72
393 481 390
172 206 172
28 47 28
57 377 54
121 375 118
197 237 194
283 489 280
18 183 18
47 137 44
95 312 92
315 389 312
158 275 158
90 231 90
85 314 82
367 461 364
259 342 256
57 353 54
435 465 432
162 163 160
361 413 358
117 171 114
333 358 330
156 221 156
295 457 292
303 346 300
287 486 284
185 250 182
156 187 156
33 226 30
31 479 28
7 512 4
2 222 2
133 201 130
99 299 96
209 210 206
36 76 36
227 402 224
155 232 152
401 466 398
115 458 112
35 313 32
221 403 218
271 283 268
127 138 124
69 343 66
319 353 316
6 418 6
142 190 142
95 180 92
25 261 22
127 422 124
167 351 164
295 454 292
19 47 16
262 350 262
87 290 84
61 289 58
57 194 54
33 502 30
44 104 44
121 438 118
275 360 272
18 255 18
79 193 76
230 268 230
265 396 262
297 317 294
381 457 378
242 286 242
258 335 258
272 392 272
409 415 406
395 420 392
164 310 164
257 299 254
167 264 164
142 158 142
199 253 196
119 442 116
491 503 488
175 501 172
68 116 68
266 360 266
207 356 204
8 39 8
31 448 28
291 304 288
107 426 104
19 248 16
115 264 112
171 399 168
29 136 26
245 309 242
333 478 330
285 346 282
48 149 48
393 462 390
191 247 188
392 497 392
353 421 350
13 455 10
364 481 364
75 205 72
81 212 78
189 285 186
171 499 168
46 264 46
319 330 316
201 264 198
21 202 18
340 429 340
284 404 284
207 403 204
17 386 14
247 431 244
271 420 268
199 339 196
7 79 4
442 512 442
387 433 384
167 304 164
439 508 436
244 308 244
250 474 250
110 282 110
299 349 296
110 134 110
280 365 280
179 342 176
172 266 172
13 268 10
204 493 204
341 377 338
451 452 448
280 437 280
14 313 14
23 441 20
328 347 328
345 346 342
113 349 110
323 459 320
481 483 478
403 452 400
18 253 18
199 317 196
79 164 76
211 488 208
447 500 444
135 152 132
233 329 230
250 442 250
163 443 160
91 219 88
8 93 8
118 438 118
411 449 408
64 268 64
134 285 134
23 240 20
129 512 126
124 191 124
49 506 46
311 361 308
211 426 208
260 399 260
235 248 232
235 379 232
398 442 398
227 471 224
267 418 264
10 16 10
1 274 1
114 326 114
152 493 152
156 253 156
4 163 4
64 162 64
61 498 58
149 288 146
277 321 274
363 389 360
345 377 342
92 127 92
90 424 90
27 466 24
30 103 30
101 130 98
453 496 450
14 56 14
69 288 66
157 166 154
273 484 270
92 163 92
247 512 244
71 361 68
337 401 334
218 453 218
1 387 1
47 395 44
446 463 446
293 396 290
138 386 138
37 201 34
192 349 192
81 383 78
122 448 122
253 462 250
271 436 268
377 397 374
90 233 90
187 290 184
39 401 36
63 125 60
315 506 312
19 183 16
105 275 102
463 505 460
71 119 68
90 383 90
113 245 110
203 218 200
324 476 324
80 508 80
172 387 172
191 430 188
67 353 64
222 289 222
399 433 396
105 212 102
341 425 338
489 495 486
31 173 28
11 206 8
371 448 368
153 305 150
69 116 66
20 42 20
13 327 10
80 205 80
171 464 168
227 453 224
34 63 34
191 349 188
299 375 296
264 446 264
74 81 74
115 133 112
311 312 308
443 485 440
277 315 274
145 202 142
327 488 324
118 298 118
407 439 404
4 139 4
84 324 84
283 407 280
14 347 14
40 264 40
437 489 434
79 210 76
47 380 44
471 501 468
137 275 134
317 498 314
431 504 428
78 233 78
88 451 88
394 510 394
51 231 48
8 95 8
375 402 372
13 106 10
122 173 122
363 445 360
218 261 218
159 183 156
27 270 24
89 113 86
191 445 188
188 416 188
43 339 40
23 114 20
118 228 118
148 256 148
195 457 192
156 177 156
401 510 398
2 148 2
150 438 150
224 415 224
41 241 38
100 161 100
223 251 220
14 107 14
91 136 88
355 361 352
20 406 20
65 413 62
165 357 162
209 466 206
6 471 6
27 408 24
221 249 218
24 61 24
57 278 54
414 458 414
288 296 288
383 496 380
306 340 306
218 449 218
71 79 68
58 60 58
33 156 30
127 326 124
94 383 94
429 484 426
30 345 30
416 432 416
219 290 216
296 360 296
139 292 136
175 466 172
370 469 370
102 408 102
457 498 454
136 271 136
85 251 82
206 215 206
76 207 76
425 433 422
122 264 122
363 501 360
170 289 170
88 114 88
131 383 128
62 124 62
479 496 476
86 137 86
108 432 108
299 494 296
189 342 186
199 409 196
346 412 346
56 81 56
186 203 186
323 356 320
144 261 144
381 384 378
364 441 364
186 397 186
375 502 372
177 205 174
427 442 424
83 247 80
284 463 284
53 235 50
56 296 56
221 441 218
153 207 150
365 500 362
285 407 282
414 424 414
3 96 1
81 315 78
413 418 410
42 394 42
15 325 12
72 357 72
101 308 98
229 499 226
285 354 282
379 437 376
28 147 28
25 153 22
87 256 84
129 401 126
13 434 10
403 493 400
214 433 214
37 437 34
363 395 360
187 497 184
17 346 14
196 380 196
29 347 26
337 351 334
205 325 202
495 509 492
147 343 144
195 374 192
271 425 268
65 323 62
26 51 26
141 301 138
69 87 66
266 375 266
291 331 288
151 474 148
299 454 296
161 303 158
161 373 158
210 267 210
254 417 254
475 480 472
62 212 62
133 227 130
73 302 70
75 357 72
245 411 242
19 182 16
1 285 1
225 273 222
19 392 16
358 460 358
178 332 178
65 512 62
90 257 90
52 93 52
207 244 204
38 93 38
159 432 156
47 344 44
336 337 334
441 487 438
429 453 426
198 199 196
250 436 250
373 473 370
130 244 130
56 401 56
255 389 252
315 423 312
182 207 182
291 438 288
253 449 250
61 370 58
159 187 156
313 353 310
61 397 58
405 497 402
161 361 158
188 305 188
239 459 236
145 433 142
134 322 134
31 170 28
62 237 62
294 314 294
164 304 164
425 474 422
215 428 212
262 296 262
125 463 122
85 142 82
188 233 188
175 459 172
331 349 328
209 304 206
178 448 178
18 179 18
471 489 468
287 480 284
66 363 66
385 488 382
384 501 384
293 349 290
323 374 320
293 350 290
360 440 360
336 490 336
214 241 214
429 443 426
155 382 152
27 353 24
135 328 132
136 169 136
411 505 408
272 321 272
296 379 296
61 304 58
258 319 258
135 292 132
437 501 434
20 242 20
97 185 94
239 276 236
80 495 80
11 33 8
169 276 166
44 313 44
123 467 120
203 246 200
229 332 226
126 244 126
225 369 222
191 452 188
319 415 316
353 374 350
147 373 144
158 217 158
249 373 246
117 119 114
313 498 310
148 301 148
341 509 338
393 411 390
277 357 274
118 127 118
233 255 230
10 59 10
51 234 48
157 199 154
1 297 1
273 421 270
51 460 48
241 502 238
331 512 328
255 380 252
8 382 8
271 367 268
92 302 92
32 169 32
160 251 160
371 442 368
172 403 172
218 347 218
353 413 350
450 482 450
78 149 78
83 460 80
135 363 132
1 483 1
185 382 182
128 310 128
118 271 118
389 420 386
361 412 358
169 338 166
431 484 428
220 443 220
372 477 372
302 364 302
449 471 446
404 405 402
379 477 376
400 416 400
285 388 282
275 414 272
303 457 300
27 486 24
82 83 80
52 83 52
201 420 198
63 122 60
102 509 102
421 439 418
163 172 160
385 471 382
239 411 236
64 71 64
181 182 178
132 183 132
90 435 90
154 185 154
123 141 120
449 494 446
2 85 2
268 464 268
275 287 272
5 101 2
195 430 192
325 489 322
449 485 446
144 186 144
153 346 150
157 423 154
151 463 148
20 118 20
47 246 44
48 300 48
429 486 426
365 468 362
10 129 10
350 366 350
237 411 234
46 77 46
322 342 322
163 403 160
302 471 302
439 473 436
142 251 142
477 480 474
259 368 256
101 144 98
145 279 142
31 320 28
161 382 158
112 429 112
113 156 110
245 482 242
40 415 40
107 218 104
455 497 452
95 285 92
317 485 314
41 511 38
320 423 320
60 392 60
58 431 58
169 294 166
119 190 116
2 3 1
32 404 32
139 463 136
427 460 424
44 183 44
393 463 390
289 460 286
255 268 252
164 259 164
227 356 224
108 257 108
95 301 92
74 274 74
82 473 82
273 365 270
33 45 30
411 454 408
10 218 10
9 362 6
79 350 76
190 368 190
412 465 412
140 209 140
76 328 76
170 460 170
148 201 148
191 316 188
413 500 410
463 504 460
381 455 378
45 263 42
13 114 10
75 415 72
359 500 356
38 107 38
16 271 16
53 79 50
146 353 146
5 247 2
153 494 150
128 321 128
193 488 190
93 469 90
297 358 294
45 424 42
135 159 132
135 430 132
445 507 442
20 439 20
390 462 390
2 26 2
184 287 184
3 42 1
435 509 432
126 360 126
75 155 72
191 478 188
223 235 220
427 466 424
305 374 302
182 243 182
339 452 336
295 309 292
98 225 98
9 410 6
367 386 364
294 510 294
44 414 44
211 328 208
311 508 308
312 422 312
246 458 246
83 150 80
213 384 210
119 493 116
165 418 162
197 222 194
195 369 192
67 71 64
127 323 124
400 447 400
341 423 338
22 31 22
42 168 42
297 497 294
384 490 384
160 233 160
206 505 206
151 310 148
83 467 80
411 418 408
153 274 150
37 397 34
175 392 172
317 441 314
473 500 470
105 420 102
21 361 18
336 370 336
279 391 276
28 94 28
25 373 22
303 491 300
36 46 36
137 447 134
325 448 322
127 459 124
295 417 292
277 306 274
122 341 122
379 466 376
437 505 434
458 504 458
461 488 458
170 187 170
308 512 308
98 228 98
290 401 290
399 438 396
208 286 208
48 412 48
47 305 44
399 465 396
345 421 342
11 275 8
169 512 166
389 441 386
441 495 438
61 165 58
199 461 196
6 23 6
240 375 240
391 452 388
369 417 366
73 417 70
91 312 88
33 269 30
465 486 462
15 197 12
70 346 70
167 324 164
69 346 66
10 88 10
372 425 372
88 128 88
56 111 56
249 348 246
447 485 444
278 328 278
148 405 148
191 343 188
473 501 470
414 455 414
123 322 120
121 383 118
81 292 78
241 471 238
210 315 210
199 494 196
419 508 416
79 303 76
15 423 12
299 425 296
123 165 120
142 407 142
4 197 4
287 296 284
73 105 70
411 451 408
399 418 396
213 265 210
137 482 134
359 363 356
12 105 12
92 93 90
43 454 40
381 476 378
52 55 52
165 309 162
288 340 288
197 481 194
308 334 308
28 337 28
4 109 4
94 387 94
365 494 362
227 385 224
84 381 84
91 334 88
123 493 120
167 497 164
125 262 122
316 390 316
413 507 410
85 126 82
49 188 46
154 266 154
189 369 186
153 171 150
435 462 432
392 508 392
73 352 70
13 103 10
197 404 194
216 403 216
55 177 52
270 468 270
274 426 274
145 413 142
282 338 282
193 271 190
22 385 22
129 312 126
375 387 372
210 440 210
273 321 270
64 309 64
333 468 330
112 132 112
248 281 248
219 364 216
349 443 346
185 499 182
209 474 206
145 460 142
76 175 76
66 106 66
339 426 336
399 435 396
43 437 40
386 444 386
187 331 184
312 480 312
292 415 292
290 302 290
205 240 202
198 437 198
53 332 50
263 503 260
415 469 412
431 488 428
184 484 184
16 248 16
56 266 56
73 75 70
30 93 30
122 276 122
131 240 128
89 477 86
137 409 134
95 430 92
283 312 280
9 181 6
281 326 278
138 467 138
16 30 16
236 268 236
65 210 62
87 512 84
455 460 452
229 423 226
173 378 170
19 185 16
210 393 210
321 440 318
51 502 48
207 229 204
217 323 214
386 407 386
456 504 456
80 156 80
353 495 350
77 253 74
121 388 118
317 487 314
39 422 36
35 352 32
384 512 384
219 282 216
54 490 54
51 102 48
353 485 350
471 506 468
501 508 498
91 134 88
291 422 288
248 362 248
273 331 270
481 484 478
352 504 352
139 458 136
435 467 432
316 451 316
223 394 220
23 451 20
287 459 284
112 365 112
146 171 146
423 424 420
20 462 20
1 368 1
331 342 328
197 478 194
56 207 56
122 270 122
419 501 416
211 272 208
83 172 80
125 290 122
163 295 160
504 512 504
119 502 116
53 304 50
63 207 60
347 371 344
17 91 14
179 384 176
309 503 306
72 129 72
139 480 136
389 474 386
284 462 284
279 468 276
13 148 10
242 395 242
141 473 138
107 440 104
123 325 120
49 139 46
1 120 1
68 332 68
225 452 222
327 433 324
50 115 50
54 62 54
180 439 180
267 339 264
45 499 42
287 326 284
302 351 302
17 476 14
43 194 40
182 418 182
309 448 306
481 507 478
184 256 184
264 278 264
269 459 266
155 295 152
18 166 18
31 500 28
287 512 284
121 134 118
2 252 2
64 138 64
8 126 8
120 512 120
27 321 24
24 451 24
375 404 372
491 493 488
395 496 392
251 368 248
69 171 66
471 487 468
193 297 190
465 499 462
213 512 210
361 415 358
81 486 78
250 303 250
6 404 6
68 160 68
135 256 132
104 110 104
31 330 28
131 460 128
236 303 236
213 438 210
391 445 388
324 353 324
107 271 104
93 333 90
210 317 210
54 83 54
386 431 386
221 234 218
260 352 260
384 432 384
310 374 310
40 271 40
349 397 346
76 209 76
245 425 242
463 498 460
395 417 392
452 482 452
25 100 22
139 315 136
90 128 90
305 330 302
116 391 116
60 417 60
175 192 172
379 508 376
199 334 196
104 347 104
101 506 98
50 461 50
28 160 28
433 441 430
31 379 28
314 406 314
253 396 250
307 447 304
230 506 230
419 481 416
479 512 476
43 108 40
50 60 50
439 441 436
237 437 234
370 421 370
113 326 110
390 424 390
239 261 236
84 249 84
122 389 122
50 52 50
152 213 152
14 455 14
82 345 82
325 457 322
353 392 350
230 485 230
307 376 304
259 478 256
1 112 1
421 476 418
333 459 330
19 237 16
37 326 34
1 314 1
372 401 372
373 439 370
301 394 298
197 462 194
96 381 96
56 406 56
355 379 352
325 447 322
64 65 62
35 334 32
373 461 370
341 472 338
303 307 300
143 200 140
52 75 52
213 471 210
162 512 162
263 482 260
15 154 12
202 512 202
98 156 98
130 257 130
291 336 288
231 268 228
84 201 84
89 195 86
42 204 42
47 198 44
417 488 414
51 135 48
290 293 290
156 474 156
64 383 64
481 491 478
251 473 248
265 360 262
115 245 112
398 505 398
365 385 362
99 316 96
144 252 144
51 309 48
165 483 162
309 344 306
437 480 434
221 397 218
2 82 2
145 399 142
289 425 286
213 365 210
17 512 14
177 325 174
18 152 18
170 205 170
35 358 32
90 286 90
66 73 66
124 512 124
75 236 72
154 224 154
127 415 124
77 130 74
92 219 92
153 266 150
109 153 106
24 256 24
426 427 424
115 484 112
212 511 212
367 406 364
193 410 190
220 488 220
348 410 348
351 428 348
73 469 70
7 53 4
272 318 272
127 300 124
125 377 122
239 408 236
65 496 62
97 329 94
223 293 220
231 429 228
74 311 74
123 489 120
299 470 296
47 465 44
246 365 246
187 284 184
276 303 276
117 493 114
367 479 364
162 297 162
123 484 120
85 445 82
187 363 184
144 320 144
184 314 184
161 308 158
276 366 276
77 119 74
156 456 156
1 66 1
231 339 228
107 458 104
36 352 36
276 505 276
295 439 292
266 385 266
409 490 406
433 451 430
475 482 472
94 111 94
433 453 430
29 399 26
291 365 288
220 512 220
329 491 326
90 152 90
82 134 82
349 454 346
206 301 206
77 131 74
363 449 360
96 378 96
43 44 40
132 374 132
108 150 108
249 450 246
64 258 64
71 209 68
14 71 14
65 102 62
68 208 68
153 201 150
242 243 240
41 69 38
469 473 466
495 507 492
3 152 1
60 337 60
261 448 258
87 358 84
174 510 174
48 70 48
463 474 460
419 497 416
190 420 190
353 475 350
113 201 110
146 310 146
230 438 230
451 467 448
477 506 474
15 293 12
263 344 260
226 415 226
172 427 172
42 337 42
282 487 282
115 473 112
185 326 182
90 213 90
263 489 260
208 381 208
53 422 50
178 401 178
81 312 78
319 472 316
261 511 258
23 98 20
345 364 342
272 504 272
325 460 322
157 201 154
356 372 356
43 251 40
125 382 122
179 297 176
226 227 224
221 336 218
391 482 388
184 261 184
112 216 112
109 502 106
86 105 86
197 431 194
155 371 152
45 435 42
437 495 434
22 92 22
78 394 78
222 245 222
312 410 312
53 386 50
292 313 292
185 508 182
308 424 308
62 197 62
50 160 50
110 512 110
235 454 232
224 286 224
140 416 140
154 455 154
124 262 124
69 202 66
28 122 28
158 170 158
210 420 210
92 501 92
291 297 288
303 448 300
62 263 62
414 489 414
203 484 200
98 435 98
72 83 72
51 78 48
50 355 50
383 497 380
254 402 254
270 378 270
97 160 94
120 431 120
218 263 218
211 456 208
54 345 54
395 500 392
82 478 82
156 251 156
61 228 58
163 312 160
143 512 140
259 463 256
165 261 162
375 433 372
158 171 158
131 415 128
497 498 494
301 374 298
244 372 244
499 507 496
128 436 128
131 185 128
3 456 1
15 354 12
216 508 216
204 345 204
332 333 330
49 483 46
357 379 354
74 428 74
145 348 142
11 158 8
327 376 324
23 32 20
296 297 294
261 452 258
141 433 138
137 148 134
250 251 248
18 256 18
85 312 82
244 509 244
71 348 68
69 197 66
417 462 414
408 512 408
246 415 246
445 459 442
371 397 368
459 512 456
204 479 204
121 455 118
252 456 252
121 194 118
109 393 106
462 512 462
324 509 324
317 476 314
209 346 206
26 270 26
381 417 378
361 459 358
104 294 104
53 168 50
222 499 222
192 512 192
105 224 102
43 245 40
223 439 220
365 431 362
109 342 106
62 380 62
295 337 292
159 384 156
57 166 54
475 503 472
372 412 372
197 456 194
150 182 150
321 484 318
415 511 412
217 409 214
195 208 192
11 466 8
14 496 14
16 275 16
99 246 96
11 381 8
197 202 194
125 196 122
124 207 124
287 380 284
69 212 66
153 402 150
64 221 64
220 467 220
47 302 44
13 296 10
200 292 200
396 482 396
220 278 220
211 228 208
355 443 352
496 497 494
28 243 28
215 340 212
289 398 286
261 462 258
183 303 180
210 365 210
62 512 62
471 492 468
129 404 126
68 136 68
39 360 36
299 466 296
123 509 120
258 312 258
88 505 88
434 482 434
171 272 168
319 507 316
10 70 10
59 185 56
389 398 386
414 442 414
321 322 318
1 466 1
305 474 302
218 305 218
66 366 66
111 503 108
202 350 202
46 488 46
117 312 114
433 456 430
2 131 2
339 388 336
319 325 316
423 452 420
201 288 198
125 240 122
1 124 1
431 472 428
157 463 154
215 351 212
69 146 66
32 353 32
8 319 8
72 112 72
301 317 298
247 329 244
433 435 430
302 343 302
101 284 98
109 273 106
348 462 348
332 383 332
137 248 134
97 379 94
291 320 288
24 222 24
379 461 376
274 493 274
483 508 480
411 450 408
183 410 180
264 293 264
177 390 174
231 362 228
113 224 110
309 326 306
343 402 340
138 271 138
457 492 454
477 503 474
345 463 342
19 333 16
309 389 306
135 500 132
230 410 230
223 481 220
334 439 334
39 241 36
173 375 170
1 25 1
321 334 318
28 115 28
205 421 202
22 397 22
249 424 246
6 56 6
55 458 52
148 157 148
452 461 452
211 396 208
281 287 278
383 489 380
407 449 404
10 46 10
368 369 366
241 402 238
217 422 214
362 439 362
90 134 90
255 330 252
199 367 196
403 461 400
359 481 356
105 350 102
243 506 240
161 321 158
18 151 18
134 366 134
433 480 430
147 393 144
344 359 344
13 289 10
198 257 198
91 436 88
423 494 420
285 377 282
118 153 118
92 173 92
266 512 266
29 190 26
235 323 232
30 330 30
39 171 36
394 432 394
161 293 158
425 475 422
132 206 132
131 263 128
67 402 64
313 435 310
150 512 150
256 407 256
121 281 118
210 387 210
469 505 466
407 431 404
161 356 158
358 431 358
375 427 372
407 444 404
62 122 62
250 432 250
33 430 30
259 332 256
127 419 124
80 321 80
291 447 288
452 484 452
139 314 136
175 323 172
278 512 278
211 430 208
1 56 1
457 490 454
35 268 32
6 235 6
164 478 164
14 191 14
342 365 342
407 460 404
6 390 6
324 512 324
67 394 64
427 459 424
40 117 40
184 503 184
39 414 36
367 485 364
74 259 74
13 339 10
101 234 98
147 482 144
32 423 32
172 481 172
118 297 118
118 393 118
140 147 140
178 475 178
285 470 282
353 488 350
462 463 460
111 213 108
35 118 32
159 181 156
165 421 162
297 403 294
134 339 134
53 482 50
156 507 156
40 91 40
147 171 144
21 451 18
23 447 20
11 488 8
305 307 302
156 171 156
142 143 140
441 442 438
413 501 410
175 496 172
25 383 22
403 482 400
86 131 86
299 304 296
249 261 246
117 351 114
50 502 50
7 249 4
205 449 202
373 470 370
55 267 52
41 345 38
57 363 54
119 256 116
222 487 222
140 512 140
5 261 2
61 412 58
58 68 58
179 261 176
109 154 106
285 498 282
180 243 180
1 251 1
355 406 352
209 444 206
56 490 56
2 409 2
58 271 58
373 507 370
187 242 184
315 412 312
73 448 70
361 369 358
33 61 30
313 453 310
103 242 100
114 429 114
378 488 378
261 439 258
123 256 120
186 209 186
160 284 160
74 250 74
10 425 10
27 28 24
118 309 118
15 204 12
197 344 194
197 272 194
369 447 366
91 223 88
489 491 486
148 357 148
25 133 22
198 378 198
471 490 468
413 471 410
212 415 212
477 492 474
239 278 236
70 490 70
251 402 248
64 304 64
175 416 172
37 330 34
76 388 76
18 58 18
143 368 140
48 469 48
413 436 410
240 470 240
169 197 166
447 495 444
170 315 170
87 316 84
32 298 32
367 390 364
430 505 430
341 466 338
201 296 198
279 486 276
60 147 60
155 287 152
114 491 114
63 214 60
270 271 268
260 508 260
361 454 358
193 357 190
185 418 182
189 355 186
69 140 66
88 468 88
470 512 470
26 82 26
316 358 316
43 425 40
415 418 412
327 490 324
423 437 420
467 484 464
489 497 486
254 357 254
421 440 418
49 349 46
44 90 44
74 188 74
137 356 134
6 274 6
92 136 92
235 382 232
186 290 186
18 423 18
119 358 116
218 409 218
10 415 10
331 377 328
371 382 368
170 258 170
125 278 122
207 388 204
270 488 270
265 300 262
159 415 156
3 136 1
207 395 204
93 95 90
266 274 266
423 439 420
273 361 270
69 141 66
467 499 464
10 45 10
91 202 88
233 383 230
211 316 208
106 197 106
252 503 252
16 206 16
148 180 148
222 341 222
55 193 52
54 149 54
25 118 22
46 283 46
69 316 66
385 481 382
58 268 58
12 436 12
430 469 430
35 64 32
355 357 352
291 387 288
135 190 132
417 438 414
290 370 290
228 349 228
422 465 422
148 490 148
2 460 2
261 335 258
47 111 44
267 393 264
133 354 130
151 380 148
276 277 274
283 469 280
33 163 30
296 502 296
99 313 96
112 268 112
161 490 158
129 232 126
206 451 206
88 363 88
183 490 180
22 331 22
2 10 2
193 360 190
319 384 316
261 512 258
287 361 284
159 315 156
43 313 40
67 490 64
117 306 114
231 470 228
155 512 152
284 285 282
303 411 300
219 442 216
32 123 32
41 369 38
2 57 2
317 406 314
229 508 226
192 330 192
71 497 68
79 422 76
156 409 156
462 503 462
253 497 250
241 288 238
276 289 276
42 221 42
105 388 102
126 281 126
343 387 340
134 232 134
78 111 78
93 360 90
207 499 204
94 398 94
82 294 82
249 258 246
214 376 214
397 416 394
12 320 12
81 198 78
198 204 198
90 485 90
97 357 94
163 331 160
289 432 286
10 142 10
149 188 146
92 384 92
64 462 64
271 393 268
311 336 308
265 486 262
272 489 272
131 196 128
202 338 202
40 371 40
336 352 336
24 32 24
385 486 382
8 9 6
426 504 426
419 486 416
143 221 140
228 444 228
405 414 402
197 423 194
285 384 282
166 192 166
5 94 2
20 36 20
199 455 196
200 274 200
323 467 320
326 430 326
257 295 254
69 469 66
155 285 152
296 331 296
373 444 370
63 492 60
83 233 80
113 381 110
403 458 400
86 286 86
267 437 264
150 283 150
458 512 458
62 68 62
410 415 410
313 400 310
156 359 156
295 351 292
328 359 328
151 246 148
325 383 322
181 388 178
70 112 70
164 466 164
105 158 102
209 211 206
44 126 44
382 486 382
196 358 196
185 498 182
321 386 318
129 285 126
52 56 52
110 118 110
353 510 350
455 462 452
153 424 150
137 303 134
51 263 48
11 219 8
49 301 46
97 380 94
106 225 106
252 446 252
12 26 12
48 96 48
130 286 130
319 419 316
449 501 446
339 459 336
152 402 152
31 457 28
176 404 176
34 107 34
67 291 64
138 279 138
97 191 94
52 137 52
12 96 12
293 371 290
391 416 388
22 182 22
10 38 10
239 401 236
98 324 98
15 501 12
184 232 184
163 512 160
417 507 414
211 290 208
117 211 114
398 504 398
273 465 270
55 182 52
181 476 178
169 251 166
111 458 108
261 330 258
11 510 8
105 127 102
59 426 56
107 512 104
230 318 230
152 218 152
8 506 8
12 333 12
442 443 440
347 355 344
400 401 398
125 242 122
19 322 16
143 189 140
176 273 176
65 316 62
6 92 6
8 497 8
33 166 30
410 512 410
363 464 360
309 327 306
289 481 286
421 511 418
66 368 66
79 499 76
143 301 140
485 506 482
131 421 128
239 336 236
233 270 230
341 447 338
25 292 22
59 102 56
7 372 4
1 61 1
204 507 204
74 105 74
67 260 64
83 111 80
47 96 44
213 316 210
247 464 244
212 491 212
403 432 400
49 249 46
193 308 190
145 339 142
145 222 142
108 141 108
169 248 166
485 512 482
294 469 294
35 398 32
262 263 260
18 464 18
114 156 114
263 450 260
12 150 12
62 75 62
325 472 322
165 386 162
315 321 312
188 238 188
47 201 44
453 502 450
256 512 256
90 94 90
429 467 426
108 307 108
301 391 298
330 506 330
131 167 128
178 264 178
183 261 180
419 443 416
220 319 220
229 324 226
143 495 140
48 55 48
156 502 156
177 489 174
422 512 422
51 131 48
103 213 100
349 486 346
254 331 254
219 254 216
52 134 52
95 253 92
64 96 64
209 331 206
40 340 40
26 64 26
435 496 432
145 211 142
415 459 412
61 298 58
113 465 110
38 41 38
399 420 396
159 367 156
122 500 122
61 146 58
221 247 218
229 235 226
217 425 214
347 437 344
192 248 192
169 502 166
437 479 434
294 326 294
40 228 40
208 474 208
304 310 304
55 424 52
205 464 202
177 412 174
229 504 226
390 482 390
14 44 14
458 484 458
221 256 218
77 364 74
177 458 174
21 423 18
11 405 8
101 142 98
17 112 14
4 239 4
83 401 80
7 226 4
91 194 88
4 13 4
318 452 318
119 133 116
269 423 266
264 352 264
74 277 74
123 462 120
295 480 292
97 468 94
59 484 56
35 62 32
305 438 302
18 476 18
249 282 246
279 408 276
175 293 172
415 475 412
257 427 254
109 275 106
254 428 254
355 488 352
210 465 210
259 416 256
390 492 390
117 204 114
177 316 174
350 433 350
40 144 40
365 512 362
129 261 126
167 448 164
105 230 102
304 305 302
29 297 26
208 506 208
454 512 454
38 353 38
219 267 216
78 245 78
19 51 16
232 489 232
23 120 20
303 496 300
10 273 10
435 502 432
35 460 32
98 249 98
439 486 436
336 489 336
175 426 172
68 494 68
270 300 270
343 488 340
201 366 198
383 461 380
20 188 20
56 93 56
227 418 224
7 381 4
224 512 224
25 37 22
15 302 12
78 296 78
127 466 124
13 144 10
10 31 10
27 370 24
229 328 226
84 151 84
216 309 216
181 400 178
117 296 114
246 261 246
32 490 32
85 273 82
125 457 122
361 372 358
371 433 368
216 302 216
335 450 332
207 410 204
80 99 80
233 253 230
194 256 194
303 465 300
273 424 270
261 465 258
34 125 34
347 486 344
279 283 276
154 356 154
87 356 84
285 325 282
319 378 316
105 243 102
135 458 132
27 269 24
184 235 184
55 256 52
263 495 260
64 512 64
272 282 272
189 297 186
35 447 32
150 184 150
331 472 328
72 476 72
91 287 88
383 422 380
71 319 68
426 462 426
447 477 444
167 323 164
321 364 318
271 426 268
414 502 414
178 179 176
368 420 368
55 127 52
431 473 428
20 500 20
38 259 38
87 217 84
179 304 176
252 488 252
237 448 234
139 310 136
43 385 40
289 487 286
27 501 24
499 512 496
377 461 374
243 370 240
281 389 278
247 427 244
215 306 212
297 512 294
92 371 92
358 497 358
236 403 236
2 306 2
161 359 158
53 430 50
406 487 406
149 150 146
483 507 480
295 305 292
377 416 374
171 501 168
211 372 208
422 506 422
158 296 158
13 435 10
52 288 52
40 198 40
125 372 122
203 283 200
324 450 324
303 369 300
495 503 492
201 299 198
18 105 18
291 505 288
347 428 344
347 451 344
228 252 228
288 495 288
104 509 104
397 398 394
33 420 30
310 405 310
151 261 148
117 308 114
10 97 10
313 380 310
241 504 238
68 344 68
253 343 250
1 332 1
325 388 322
180 381 180
174 393 174
138 409 138
90 91 88
376 464 376
3 256 1
105 132 102
95 179 92
40 65 40
337 390 334
33 48 30
86 369 86
381 504 378
195 337 192
489 502 486
35 411 32
6 21 6
266 335 266
321 327 318
29 121 26
142 292 142
349 406 346
39 177 36
126 361 126
412 424 412
206 259 206
218 318 218
319 420 316
40 476 40
214 233 214
43 379 40
131 321 128
212 279 212
173 410 170
123 377 120
350 512 350
146 154 146
367 502 364
68 469 68
20 66 20
162 184 162
401 437 398
295 330 292
62 173 62
217 411 214
95 150 92
333 385 330
365 450 362
405 487 402
165 304 162
205 439 202
295 449 292
403 443 400
18 198 18
24 360 24
91 231 88
256 257 254
189 216 186
42 105 42
95 132 92
80 276 80
289 405 286
385 449 382
36 79 36
104 297 104
135 290 132
97 390 94
341 394 338
297 302 294
203 385 200
303 473 300
399 476 396
179 347 176
352 437 352
393 494 390
301 361 298
239 384 236
51 255 48
71 229 68
244 299 244
229 358 226
10 96 10
198 250 198
38 79 38
158 199 158
10 307 10
117 368 114
47 496 44
79 263 76
272 424 272
311 466 308
213 304 210
323 391 320
18 114 18
34 47 34
144 381 144
50 68 50
71 489 68
21 131 18
479 482 476
390 407 390
49 299 46
72 207 72
163 451 160
115 121 112
134 391 134
491 497 488
213 354 210
78 270 78
45 171 42
367 392 364
152 272 152
443 444 440
145 334 142
205 360 202
212 498 212
467 485 464
263 274 260
20 235 20
415 427 412
219 239 216
203 278 200
319 492 316
8 17 8
155 170 152
63 382 60
57 250 54
245 356 242
277 437 274
17 372 14
184 186 184
435 471 432
177 259 174
186 273 186
17 159 14
201 397 198
50 206 50
250 401 250
11 443 8
32 72 32
32 337 32
156 395 156
263 352 260
209 433 206
278 329 278
103 313 100
167 231 164
153 159 150
185 227 182
341 512 338
221 331 218
50 78 50
139 239 136
375 390 372
88 274 88
244 459 244
59 438 56
45 235 42
124 125 122
437 503 434
188 191 188
193 382 190
14 87 14
373 508 370
41 163 38
305 359 302
267 361 264
119 331 116
79 466 76
54 126 54
202 490 202
311 401 308
293 419 290
407 512 404
21 35 18
74 134 74
212 507 212
457 499 454
122 359 122
292 418 292
152 267 152
372 373 370
50 391 50
125 166 122
322 323 320
85 512 82
141 469 138
112 203 112
272 408 272
50 243 50
306 431 306
36 37 34
74 118 74
147 270 144
339 497 336
497 508 494
62 447 62
96 272 96
315 489 312
501 507 498
410 506 410
159 234 156
74 383 74
361 404 358
239 293 236
203 496 200
278 494 278
139 233 136
15 169 12
172 191 172
237 381 234
194 445 194
281 291 278
326 404 326
243 406 240
379 385 376
481 508 478
423 481 420
48 143 48
259 277 256
12 35 12
114 461 114
149 308 146
199 337 196
29 442 26
24 231 24
83 236 80
211 361 208
33 320 30
380 415 380
49 260 46
168 350 168
243 323 240
205 462 202
59 349 56
465 483 462
76 99 76
491 498 488
109 512 106
371 485 368
463 487 460
333 503 330
140 248 140
94 165 94
41 153 38
173 491 170
387 457 384
122 123 120
52 383 52
193 228 190
273 342 270
224 450 224
339 379 336
129 186 126
311 385 308
153 193 150
154 458 154
203 357 200
19 399 16
207 283 204
70 161 70
262 349 262
214 317 214
308 392 308
175 484 172
377 453 374
19 109 16
172 455 172
265 316 262
87 297 84
165 255 162
341 452 338
27 195 24
230 502 230
243 458 240
75 425 72
150 407 150
223 448 220
277 419 274
313 434 310
398 417 398
475 494 472
447 507 444
260 500 260
253 281 250
230 266 230
35 73 32
161 209 158
65 80 62
173 357 170
91 141 88
68 334 68
31 414 28
307 512 304
288 308 288
424 496 424
153 264 150
3 349 1
329 337 326
411 512 408
255 406 252
373 432 370
147 301 144
138 318 138
259 402 256
448 495 448
185 414 182
54 487 54
100 172 100
288 439 288
247 250 244
501 512 498
30 323 30
297 468 294
26 135 26
70 157 70
78 477 78
115 238 112
12 30 12
20 115 20
221 304 218
60 164 60
152 498 152
6 81 6
153 507 150
317 417 314
54 302 54
60 74 60
191 498 188
111 282 108
6 315 6
315 481 312
83 98 80
429 511 426
216 363 216
161 345 158
327 496 324
346 441 346
51 316 48
471 475 468
229 278 226
360 430 360
441 459 438
119 344 116
359 402 356
415 494 412
151 238 148
148 430 148
79 101 76
393 483 390
343 349 340
332 377 332
210 450 210
72 106 72
327 442 324
272 332 272
401 438 398
102 429 102
365 368 362
128 129 126
201 511 198
160 507 160
111 441 108
333 353 330
379 479 376
313 455 310
212 502 212
130 289 130
296 373 296
292 308 292
14 54 14
38 332 38
37 197 34
357 381 354
236 392 236
449 465 446
288 347 288
294 438 294
55 111 52
381 436 378
240 444 240
89 274 86
52 138 52
400 441 400
132 217 132
122 285 122
408 424 408
178 429 178
243 376 240
338 339 336
391 429 388
227 300 224
55 77 52
8 472 8
334 460 334
85 144 82
123 448 120
28 455 28
174 234 174
151 173 148
44 469 44
468 482 468
57 354 54
257 421 254
186 218 186
322 488 322
110 182 110
94 479 94
379 484 376
281 390 278
373 477 370
46 230 46
57 215 54
333 371 330
6 25 6
130 296 130
265 475 262
61 120 58
375 512 372
93 236 90
38 186 38
389 410 386
457 503 454
22 450 22
94 173 94
235 391 232
97 442 94
94 487 94
243 337 240
357 441 354
97 134 94
285 341 282
341 510 338
197 390 194
377 449 374
109 225 106
86 433 86
103 267 100
105 342 102
279 457 276
336 442 336
66 129 66
135 493 132
354 456 354
265 380 262
187 325 184
115 186 112
299 312 296
152 312 152
13 181 10
28 49 28
343 422 340
345 407 342
405 508 402
293 307 290
136 500 136
192 217 192
1 237 1
5 493 2
21 452 18
169 366 166
10 441 10
105 341 102
211 461 208
269 310 266
154 155 152
171 261 168
297 351 294
81 249 78
99 356 96
319 409 316
99 113 96
367 442 364
81 179 78
117 358 114
172 370 172
73 440 70
163 427 160
401 492 398
12 232 12
23 300 20
421 507 418
24 68 24
279 424 276
11 43 8
97 276 94
271 280 268
164 242 164
92 207 92
185 298 182
355 490 352
81 256 78
11 230 8
103 163 100
357 369 354
389 488 386
181 230 178
281 437 278
281 343 278
402 408 402
136 165 136
205 231 202
161 286 158
68 263 68
300 485 300
53 288 50
485 495 482
6 18 6
111 468 108
105 490 102
123 152 120
195 339 192
49 366 46
235 325 232
217 512 214
38 277 38
332 337 332
48 197 48
443 447 440
285 385 282
25 325 22
45 434 42
97 99 94
63 248 60
138 192 138
151 287 148
362 493 362
280 460 280
131 138 128
283 368 280
16 299 16
223 356 220
54 190 54
16 194 16
128 214 128
116 328 116
109 289 106
61 172 58
222 300 222
140 466 140
203 296 200
258 443 258
17 276 14
28 112 28
22 67 22
83 220 80
141 259 138
24 506 24
137 488 134
161 309 158
98 274 98
35 196 32
202 443 202
199 487 196
258 274 258
103 318 100
251 414 248
287 439 284
93 429 90
359 396 356
289 467 286
24 67 24
321 414 318
98 312 98
86 500 86
40 136 40
208 275 208
249 492 246
275 385 272
46 485 46
77 205 74
403 423 400
369 459 366
157 215 154
267 457 264
9 51 6
347 348 344
307 413 304
347 455 344
316 468 316
23 24 20
151 444 148
26 91 26
31 226 28
314 344 314
76 342 76
16 189 16
40 308 40
44 64 44
261 395 258
388 476 388
365 444 362
295 488 292
279 314 276
267 286 264
19 72 16
144 367 144
300 322 300
219 468 216
10 476 10
64 80 64
479 503 476
478 501 478
275 491 272
99 383 96
5 21 2
95 388 92
349 509 346
93 321 90
81 428 78
132 423 132
86 486 86
174 247 174
403 409 400
125 293 122
283 291 280
12 471 12
138 206 138
50 51 48
327 354 324
51 419 48
19 298 16
431 435 428
327 386 324
163 275 160
293 328 290
85 118 82
99 304 96
229 405 226
105 294 102
87 446 84
142 344 142
403 444 400
257 411 254
161 241 158
129 477 126
245 363 242
231 403 228
458 497 458
43 459 40
280 374 280
271 512 268
176 427 176
169 490 166
77 345 74
22 178 22
99 481 96
37 488 34
21 266 18
249 428 246
161 264 158
8 360 8
48 54 48
344 345 342
173 284 170
107 163 104
52 271 52
17 97 14
185 273 182
369 504 366
40 100 40
45 408 42
173 454 170
14 35 14
297 472 294
148 238 148
353 469 350
496 512 496
349 474 346
367 459 364
159 447 156
105 433 102
12 32 12
92 199 92
5 385 2
34 128 34
20 463 20
261 356 258
65 175 62
98 392 98
175 340 172
286 512 286
40 122 40
202 407 202
419 466 416
345 499 342
214 320 214
91 138 88
105 298 102
362 505 362
413 511 410
101 422 98
95 368 92
65 68 62
67 485 64
331 386 328
371 470 368
285 444 282
52 344 52
418 426 418
461 481 458
365 499 362
97 170 94
396 457 396
352 483 352
269 422 266
459 508 456
209 426 206
228 348 228
99 323 96
385 420 382
185 217 182
275 392 272
72 95 72
371 424 368
188 451 188
60 405 60
233 247 230
14 105 14
211 419 208
96 106 96
60 161 60
215 470 212
206 448 206
219 451 216
129 141 126
242 269 242
88 495 88
53 317 50
342 438 342
241 247 238
170 402 170
69 219 66
309 436 306
78 316 78
155 233 152
212 505 212
158 426 158
75 137 72
140 228 140
317 452 314
355 499 352
45 168 42
379 407 376
201 371 198
69 78 66
377 417 374
151 198 148
30 261 30
155 308 152
100 384 100
385 511 382
158 401 158
238 318 238
21 39 18
69 338 66
160 278 160
103 397 100
218 363 218
105 251 102
2 195 2
45 468 42
79 446 76
224 452 224
388 512 388
233 288 230
421 435 418
435 454 432
6 251 6
23 278 20
331 481 328
278 279 276
347 452 344
325 450 322
137 451 134
205 369 202
135 185 132
167 185 164
8 414 8
45 116 42
298 345 298
329 331 326
169 511 166
229 432 226
6 13 6
113 152 110
285 453 282
117 346 114
390 395 390
299 492 296
60 96 60
267 444 264
186 272 186
171 373 168
4 80 4
173 229 170
35 192 32
205 342 202
58 59 56
217 278 214
74 501 74
394 435 394
13 249 10
341 393 338
465 506 462
275 321 272
141 331 138
67 391 64
350 393 350
319 358 316
102 143 102
37 253 34
20 193 20
77 392 74
485 499 482
4 377 4
169 263 166
155 294 152
254 430 254
12 387 12
325 406 322
68 337 68
101 461 98
116 430 116
28 56 28
161 323 158
107 504 104
69 475 66
107 191 104
99 228 96
95 484 92
151 412 148
198 404 198
225 366 222
431 507 428
199 415 196
470 482 470
223 466 220
55 239 52
291 343 288
185 399 182
207 302 204
2 159 2
190 219 190
429 472 426
22 456 22
135 365 132
461 501 458
352 446 352
70 203 70
135 302 132
455 512 452
223 226 220
304 350 304
362 384 362
120 143 120
91 498 88
33 512 30
159 280 156
85 436 82
11 277 8
270 410 270
86 98 86
438 484 438
41 85 38
14 61 14
212 383 212
7 42 4
203 486 200
195 338 192
316 317 314
297 449 294
104 105 102
337 413 334
299 320 296
13 318 10
317 427 314
40 230 40
134 228 134
91 451 88
473 508 470
79 238 76
57 275 54
503 505 500
113 495 110
148 450 148
5 343 2
7 363 4
171 223 168
176 177 174
246 401 246
44 108 44
182 267 182
317 340 314
130 285 130
207 290 204
7 291 4
26 89 26
29 173 26
142 508 142
335 391 332
450 487 450
415 482 412
405 471 402
145 349 142
451 453 448
303 404 300
425 450 422
43 210 40
236 487 236
336 481 336
329 483 326
203 387 200
289 420 286
135 349 132
69 492 66
181 409 178
16 62 16
505 509 502
96 177 96
269 466 266
447 491 444
108 271 108
271 411 268
88 90 88
136 344 136
276 471 276
170 327 170
247 341 244
77 504 74
104 187 104
21 438 18
52 128 52
177 187 174
93 130 90
61 187 58
239 241 236
64 132 64
413 456 410
71 415 68
231 247 228
383 511 380
43 344 40
129 351 126
97 295 94
199 398 196
223 283 220
395 465 392
414 481 414
272 349 272
327 403 324
165 265 162
267 285 264
146 147 144
326 512 326
279 351 276
299 341 296
61 503 58
175 448 172
487 510 484
214 331 214
37 166 34
55 252 52
4 48 4
133 373 130
6 14 6
30 258 30
161 378 158
259 502 256
41 71 38
429 448 426
363 428 360
321 356 318
305 508 302
479 489 476
409 459 406
353 439 350
177 336 174
166 218 166
104 232 104
36 122 36
258 361 258
365 396 362
425 483 422
281 328 278
92 310 92
21 89 18
274 487 274
439 453 436
168 416 168
97 98 94
160 186 160
76 185 76
146 162 146
393 415 390
175 386 172
257 447 254
159 302 156
167 455 164
41 277 38
359 383 356
52 85 52
244 277 244
228 488 228
232 470 232
80 229 80
10 489 10
68 158 68
179 399 176
219 377 216
155 242 152
333 436 330
221 426 218
377 496 374
71 363 68
239 328 236
487 503 484
224 480 224
299 368 296
28 291 28
437 512 434
257 460 254
201 402 198
256 403 256
436 451 436
411 498 408
461 507 458
59 404 56
489 499 486
119 243 116
10 348 10
227 279 224
181 317 178
397 474 394
137 244 134
287 492 284
87 466 84
308 313 308
291 468 288
166 358 166
119 315 116
123 375 120
112 141 112
88 270 88
44 156 44
77 351 74
127 472 124
49 402 46
439 450 436
335 485 332
79 382 76
203 408 200
463 507 460
14 83 14
275 449 272
116 368 116
40 512 40
222 242 222
110 495 110
351 392 348
79 325 76
41 464 38
75 440 72
149 310 146
253 436 250
215 386 212
19 302 16
171 218 168
134 268 134
144 225 144
381 492 378
225 317 222
10 133 10
88 380 88
60 100 60
351 367 348
76 107 76
161 249 158
302 413 302
244 408 244
228 296 228
455 491 452
343 379 340
475 484 472
96 434 96
305 408 302
201 309 198
335 365 332
387 443 384
355 474 352
215 324 212
371 498 368
45 68 42
261 408 258
240 471 240
377 440 374
161 510 158
183 360 180
79 153 76
177 188 174
341 373 338
440 471 440
383 471 380
106 404 106
31 277 28
271 455 268
280 480 280
259 365 256
142 150 142
411 439 408
1 158 1
379 397 376
200 307 200
47 304 44
18 212 18
411 511 408
449 467 446
66 85 66
155 326 152
40 406 40
379 412 376
187 347 184
206 326 206
256 311 256
185 435 182
177 200 174
182 193 182
30 157 30
83 209 80
150 241 150
97 246 94
120 472 120
194 453 194
261 361 258
365 492 362
437 499 434
4 61 4
152 188 152
28 256 28
195 211 192
203 377 200
31 296 28
339 431 336
67 337 64
257 301 254
402 415 402
182 424 182
363 486 360
227 262 224
333 430 330
203 512 200
301 447 298
213 491 210
221 412 218
326 416 326
278 399 278
77 385 74
16 143 16
184 339 184
187 408 184
289 320 286
206 251 206
186 194 186
84 110 84
313 484 310
99 177 96
139 207 136
219 293 216
491 499 488
132 443 132
268 488 268
234 470 234
41 341 38
37 272 34
28 336 28
185 389 182
271 434 268
125 410 122
220 475 220
147 209 144
33 306 30
100 512 100
38 72 38
301 308 298
54 168 54
28 104 28
196 214 196
217 248 214
44 512 44
213 305 210
105 506 102
22 441 22
87 255 84
481 509 478
79 419 76
1 322 1
453 498 450
443 475 440
7 400 4
82 128 82
285 306 282
295 350 292
122 273 122
70 188 70
368 404 368
407 504 404
180 208 180
127 425 124
8 13 8
439 459 436
87 442 84
253 318 250
221 291 218
60 144 60
233 353 230
67 176 64
170 234 170
63 352 60
423 466 420
21 496 18
144 152 144
137 258 134
221 226 218
49 205 46
264 321 264
223 404 220
142 206 142
227 416 224
5 36 2
25 86 22
53 160 50
79 134 76
42 320 42
423 512 420
259 283 256
231 282 228
51 184 48
175 475 172
85 101 82
263 407 260
12 40 12
238 418 238
265 460 262
215 371 212
30 187 30
200 228 200
323 468 320
363 455 360
143 325 140
181 489 178
146 348 146
111 499 108
152 194 152
79 284 76
93 157 90
307 431 304
68 132 68
74 320 74
318 376 318
187 512 184
3 330 1
20 183 20
137 440 134
327 424 324
96 217 96
185 237 182
55 190 52
248 295 248
374 495 374
162 486 162
96 165 96
401 503 398
55 76 52
235 368 232
387 408 384
26 223 26
168 463 168
445 450 442
149 211 146
160 406 160
71 192 68
234 385 234
6 110 6
173 265 170
73 203 70
127 223 124
307 325 304
75 348 72
296 325 296
469 511 466
259 456 256
159 392 156
6 11 6
155 177 152
261 416 258
363 457 360
191 457 188
405 466 402
231 446 228
244 490 244
140 390 140
212 499 212
211 484 208
53 60 50
124 305 124
102 512 102
127 273 124
14 235 14
318 429 318
203 261 200
71 362 68
202 396 202
265 507 262
155 399 152
115 343 112
318 486 318
73 487 70
109 365 106
197 218 194
18 232 18
113 383 110
437 443 434
247 361 244
271 353 268
405 427 402
77 436 74
235 475 232
351 510 348
222 481 222
117 380 114
35 90 32
299 473 296
36 465 36
354 427 354
299 497 296
355 446 352
281 333 278
348 509 348
61 118 58
88 381 88
178 347 178
61 88 58
435 483 432
321 477 318
281 512 278
248 397 248
170 398 170
306 316 306
472 478 472
244 481 244
56 69 56
483 486 480
321 403 318
73 121 70
348 498 348
377 478 374
132 146 132
47 444 44
402 499 402
231 387 228
188 480 188
63 393 60
82 175 82
74 94 74
72 441 72
74 303 74
119 361 116
89 198 86
297 443 294
68 297 68
7 500 4
455 493 452
72 224 72
380 423 380
445 470 442
6 335 6
370 379 370
346 443 346
449 473 446
227 272 224
202 298 202
287 483 284
233 409 230
435 463 432
129 509 126
439 446 436
57 312 54
227 512 224
407 459 404
286 497 286
85 217 82
85 363 82
230 501 230
341 440 338
315 497 312
140 452 140
329 499 326
18 215 18
35 431 32
164 306 164
433 442 430
403 510 400
67 510 64
88 130 88
327 458 324
465 478 462
19 195 16
102 114 102
110 266 110
82 487 82
28 145 28
471 507 468
92 215 92
306 371 306
315 325 312
94 121 94
233 346 230
251 286 248
287 444 284
172 512 172
75 118 72
81 318 78
281 441 278
139 439 136
48 302 48
144 283 144
213 421 210
294 356 294
16 35 16
305 477 302
65 288 62
33 383 30
66 101 66
173 427 170
319 500 316
358 509 358
57 299 54
142 242 142
273 512 270
463 472 460
195 285 192
385 440 382
41 68 38
21 65 18
72 481 72
318 462 318
342 478 342
243 456 240
91 420 88
12 456 12
54 254 54
343 384 340
55 181 52
88 465 88
190 204 190
223 435 220
295 299 292
395 484 392
2 149 2
120 219 120
281 395 278
277 300 274
188 457 188
387 430 384
114 316 114
304 501 304
240 492 240
94 104 94
8 79 8
129 243 126
41 423 38
59 512 56
340 490 340
88 231 88
323 383 320
160 258 160
215 362 212
109 358 106
359 452 356
15 145 12
321 461 318
56 390 56
108 128 108
161 430 158
285 440 282
104 435 104
31 293 28
247 269 244
49 342 46
205 364 202
119 247 116
124 392 124
125 333 122
363 512 360
169 382 166
120 168 120
73 273 70
186 313 186
48 477 48
445 446 442
195 291 192
345 480 342
45 215 42
205 211 202
12 16 12
245 495 242
195 502 192
111 414 108
403 457 400
196 232 196
183 461 180
347 431 344
111 401 108
119 505 116
12 17 12
184 377 184
104 511 104
183 234 180
89 281 86
343 490 340
211 293 208
23 369 20
80 391 80
242 320 242
284 411 284
16 474 16
417 432 414
16 200 16
9 150 6
251 510 248
293 492 290
20 150 20
16 71 16
193 248 190
457 478 454
439 456 436
63 168 60
227 228 224
99 394 96
473 482 470
31 512 28
83 474 80
19 82 16
165 181 162
132 389 132
389 394 386
261 398 258
477 491 474
256 394 256
140 222 140
238 460 238
369 461 366
63 486 60
126 238 126
171 181 168
369 511 366
233 368 230
321 385 318
114 208 114
256 484 256
295 467 292
298 409 298
93 181 90
58 230 58
381 440 378
63 158 60
233 420 230
225 427 222
247 386 244
180 267 180
339 442 336
108 368 108
236 413 236
247 455 244
133 283 130
135 369 132
69 405 66
7 420 4
301 408 298
120 139 120
487 501 484
158 224 158
85 236 82
404 474 404
29 226 26
381 494 378
473 507 470
59 327 56
241 421 238
14 40 14
203 478 200
366 446 366
301 467 298
226 439 226
297 431 294
321 465 318
419 506 416
34 36 34
30 423 30
133 159 130
24 466 24
29 427 26
65 189 62
35 209 32
223 290 220
315 378 312
89 254 86
441 445 438
22 136 22
478 512 478
227 387 224
159 493 156
479 490 476
350 361 350
26 79 26
277 308 274
371 390 368
286 302 286
287 455 284
243 267 240
81 446 78
314 319 314
387 502 384
225 510 222
157 365 154
58 88 58
151 232 148
409 416 406
200 441 200
34 252 34
13 15 10
15 483 12
139 375 136
473 474 470
126 482 126
353 361 350
360 388 360
87 354 84
299 409 296
207 376 204
72 202 72
124 263 124
194 358 194
83 359 80
229 453 226
383 424 380
10 329 10
54 108 54
383 432 380
223 326 220
439 468 436
53 441 50
118 181 118
107 295 104
447 469 444
90 141 90
389 459 386
183 224 180
130 149 130
182 484 182
38 449 38
137 266 134
395 504 392
190 460 190
165 490 162
325 433 322
411 490 408
129 297 126
265 378 262
274 390 274
249 251 246
116 369 116
144 315 144
45 118 42
337 443 334
122 177 122
257 437 254
280 512 280
298 511 298
22 65 22
423 462 420
56 430 56
49 165 46
208 211 208
78 292 78
12 356 12
302 442 302
236 416 236
217 324 214
15 105 12
144 339 144
227 352 224
365 384 362
30 444 30
10 478 10
100 331 100
69 160 66
348 512 348
11 455 8
75 413 72
13 361 10
353 430 350
257 306 254
89 268 86
43 285 40
281 496 278
160 178 160
115 492 112
261 454 258
311 338 308
11 285 8
115 257 112
421 461 418
277 468 274
52 153 52
333 364 330
75 95 72
286 359 286
283 323 280
9 47 6
115 471 112
76 360 76
125 145 122
283 404 280
131 441 128
409 412 406
399 416 396
134 481 134
297 507 294
201 477 198
16 44 16
194 210 194
98 123 98
58 106 58
311 458 308
189 313 186
261 366 258
49 391 46
285 427 282
403 412 400
24 481 24
389 508 386
441 509 438
229 343 226
263 462 260
167 370 164
85 206 82
186 322 186
94 298 94
358 383 358
15 95 12
110 251 110
223 442 220
40 201 40
33 101 30
100 160 100
109 149 106
311 454 308
215 361 212
121 309 118
179 294 176
423 495 420
41 289 38
55 226 52
5 431 2
281 334 278
147 469 144
181 374 178
293 489 290
177 235 174
127 215 124
271 355 268
210 346 210
470 485 470
46 354 46
38 187 38
317 440 314
22 111 22
225 502 222
293 441 290
122 371 122
369 425 366
247 481 244
67 491 64
291 497 288
350 378 350
109 248 106
265 323 262
183 286 180
357 496 354
363 491 360
361 424 358
20 169 20
265 471 262
40 156 40
341 433 338
389 501 386
213 410 210
56 357 56
233 256 230
79 486 76
169 178 166
29 58 26
104 214 104
205 402 202
495 505 492
98 198 98
215 451 212
289 301 286
200 368 200
162 280 162
94 139 94
351 379 348
291 512 288
307 433 304
10 40 10
191 415 188
177 237 174
138 209 138
42 492 42
59 248 56
246 510 246
43 422 40
361 473 358
266 377 266
252 363 252
230 448 230
124 194 124
6 294 6
189 469 186
187 467 184
384 471 384
25 384 22
180 240 180
4 290 4
59 319 56
409 428 406
164 168 164
84 265 84
57 82 54
201 425 198
105 171 102
152 478 152
381 411 378
134 462 134
289 349 286
8 210 8
237 269 234
383 508 380
451 492 448
303 483 300
17 357 14
71 290 68
4 85 4
119 250 116
479 486 476
103 201 100
124 204 124
351 505 348
451 478 448
123 145 120
281 434 278
409 436 406
356 383 356
251 271 248
13 422 10
423 444 420
171 287 168
101 316 98
439 506 436
3 225 1
41 458 38
216 328 216
172 349 172
222 266 222
68 305 68
19 141 16
142 446 142
307 457 304
237 304 234
301 504 298
117 313 114
13 294 10
463 512 460
160 283 160
301 484 298
21 301 18
24 251 24
16 499 16
58 214 58
27 251 24
365 434 362
408 493 408
30 53 30
19 190 16
180 272 180
465 494 462
13 69 10
22 236 22
371 494 368
150 232 150
217 456 214
58 286 58
139 277 136
449 499 446
309 493 306
155 331 152
149 284 146
304 419 304
39 213 36
281 509 278
110 370 110
454 481 454
215 235 212
241 255 238
119 271 116
40 304 40
12 449 12
43 278 40
105 510 102
25 196 22
229 326 226
103 139 100
28 257 28
222 246 222
240 256 240
57 403 54
97 292 94
145 466 142
143 161 140
8 12 8
19 272 16
117 503 114
245 453 242
24 103 24
161 394 158
281 417 278
276 407 276
89 324 86
117 451 114
281 406 278
157 241 154
160 305 160
267 508 264
94 321 94
305 322 302
296 487 296
220 389 220
186 462 186
178 315 178
67 254 64
76 365 76
116 333 116
169 410 166
384 403 384
216 366 216
160 468 160
114 212 114
289 394 286
89 322 86
114 116 114
63 423 60
329 373 326
137 368 134
38 51 38
150 164 150
343 394 340
157 232 154
446 457 446
229 512 226
295 339 292
22 361 22
170 189 170
445 462 442
262 303 262
469 484 466
429 489 426
10 188 10
321 378 318
60 440 60
425 468 422
81 458 78
41 447 38
54 289 54
53 477 50
405 457 402
9 166 6
246 402 246
197 402 194
111 206 108
347 488 344
190 209 190
38 81 38
279 304 276
336 382 336
177 334 174
55 456 52
345 386 342
421 489 418
96 512 96
405 447 402
77 320 74
217 468 214
295 415 292
153 511 150
154 503 154
132 172 132
10 291 10
62 73 62
14 165 14
29 336 26
337 479 334
400 496 400
271 498 268
179 199 176
73 443 70
20 249 20
13 360 10
294 343 294
89 344 86
43 146 40
269 432 266
202 242 202
131 351 128
35 140 32
273 467 270
64 425 64
259 459 256
361 504 358
481 489 478
108 375 108
206 210 206
51 62 48
394 483 394
47 466 44
83 102 80
60 135 60
350 386 350
204 243 204
506 512 506
192 380 192
92 210 92
175 176 172
77 88 74
35 67 32
207 233 204
31 162 28
225 325 222
47 180 44
50 150 50
25 159 22
170 174 170
147 456 144
166 512 166
435 511 432
209 427 206
238 407 238
355 491 352
341 461 338
102 317 102
365 388 362
237 328 234
341 441 338
152 230 152
7 186 4
46 179 46
249 402 246
173 385 170
290 365 290
64 445 64
126 335 126
32 512 32
18 220 18
7 311 4
430 473 430
202 438 202
157 389 154
211 347 208
213 257 210
505 510 502
244 283 244
145 428 142
302 407 302
181 255 178
112 153 112
175 247 172
280 314 280
377 458 374
107 362 104
196 240 196
272 302 272
215 293 212
232 375 232
16 26 16
64 153 64
399 404 396
34 403 34
175 208 172
329 403 326
417 486 414
17 21 14
34 174 34
150 477 150
129 341 126
211 390 208
159 167 156
205 220 202
456 509 456
209 354 206
171 268 168
143 326 140
141 248 138
247 402 244
11 437 8
119 308 116
180 262 180
39 202 36
115 117 112
156 280 156
6 7 4
334 404 334
415 510 412
41 358 38
65 270 62
146 512 146
228 449 228
484 491 484
17 440 14
192 436 192
79 125 76
384 429 384
261 308 258
16 324 16
58 512 58
459 466 456
383 500 380
414 509 414
273 447 270
431 502 428
385 489 382
148 310 148
469 478 466
22 181 22
143 452 140
270 324 270
73 466 70
21 129 18
405 477 402
71 85 68
334 335 332
139 228 136
127 432 124
413 480 410
43 449 40
327 393 324
367 483 364
347 448 344
310 440 310
223 412 220
483 503 480
105 114 102
423 454 420
183 313 180
240 498 240
68 365 68
55 156 52
343 439 340
19 253 16
128 512 128
314 412 314
84 379 84
11 223 8
37 149 34
102 206 102
14 277 14
154 222 154
110 169 110
51 499 48
459 493 456
183 190 180
399 426 396
44 225 44
2 69 2
151 343 148
299 462 296
112 309 112
183 263 180
249 361 246
18 406 18
33 219 30
76 320 76
260 381 260
202 253 202
196 504 196
291 409 288
415 486 412
15 166 12
114 120 114
31 72 28
185 426 182
167 396 164
167 334 164
75 282 72
319 382 316
469 481 466
104 346 104
232 434 232
383 407 380
33 440 30
247 299 244
79 213 76
149 343 146
345 482 342
42 71 42
69 364 66
205 467 202
79 268 76
66 393 66
32 35 32
123 420 120
417 493 414
78 208 78
401 443 398
119 144 116
18 81 18
76 173 76
45 212 42
481 498 478
365 389 362
193 301 190
275 453 272
23 411 20
72 371 72
103 317 100
22 86 22
175 454 172
22 498 22
96 134 96
167 291 164
34 82 34
68 321 68
263 453 260
9 391 6
76 222 76
251 450 248
298 299 296
199 345 196
17 107 14
102 210 102
465 480 462
471 512 468
137 227 134
16 359 16
197 419 194
66 113 66
16 162 16
2 413 2
71 402 68
37 63 34
175 371 172
257 268 254
420 491 420
99 476 96
287 348 284
421 455 418
1 69 1
98 296 98
197 412 194
363 375 360
17 494 14
27 512 24
14 441 14
79 471 76
12 70 12
80 358 80
123 492 120
26 193 26
42 96 42
149 464 146
3 441 1
19 313 16
378 477 378
339 404 336
353 432 350
78 147 78
99 250 96
39 114 36
328 422 328
127 423 124
83 300 80
399 489 396
68 83 68
186 232 186
141 402 138
199 303 196
49 427 46
188 189 186
171 259 168
121 140 118
78 345 78
355 484 352
377 499 374
16 184 16
267 277 264
77 257 74
83 95 80
57 430 54
233 249 230
389 408 386
301 511 298
369 421 366
445 498 442
346 439 346
449 456 446
200 428 200
437 508 434
195 321 192
181 228 178
371 404 368
356 403 356
29 225 26
156 285 156
196 391 196
451 463 448
277 311 274
131 439 128
125 330 122
13 279 10
234 301 234
79 319 76
83 117 80
195 335 192
157 395 154
109 491 106
365 408 362
60 287 60
141 372 138
16 437 16
101 356 98
23 116 20
493 510 490
104 462 104
177 422 174
273 370 270
351 381 348
361 460 358
144 322 144
93 382 90
21 269 18
56 236 56
64 203 64
234 436 234
281 443 278
122 335 122
139 250 136
466 470 466
473 502 470
191 436 188
329 484 326
382 415 382
215 476 212
245 372 242
427 500 424
483 504 480
131 354 128
199 393 196
133 438 130
356 512 356
45 482 42
330 512 330
54 512 54
257 309 254
158 346 158
100 426 100
209 215 206
260 261 258
249 329 246
169 507 166
182 230 182
339 479 336
82 228 82
398 423 398
220 291 220
73 157 70
287 399 284
417 485 414
115 180 112
231 296 228
34 136 34
271 406 268
169 423 166
42 108 42
204 491 204
426 445 426
334 473 334
165 414 162
48 68 48
37 193 34
59 282 56
106 168 106
206 212 206
95 258 92
25 472 22
36 61 36
4 338 4
439 505 436
37 295 34
247 294 244
251 467 248
357 438 354
6 39 6
196 213 196
285 336 282
277 365 274
68 74 68
67 457 64
185 489 182
4 364 4
309 334 306
174 327 174
464 494 464
227 343 224
309 479 306
116 173 116
71 456 68
83 254 80
20 428 20
191 428 188
11 404 8
241 409 238
439 440 436
180 463 180
179 389 176
1 43 1
226 255 226
209 223 206
134 255 134
290 351 290
29 313 26
349 463 346
418 479 418
374 506 374
251 272 248
297 494 294
379 476 376
277 344 274
396 407 396
67 354 64
49 140 46
305 431 302
113 324 110
225 486 222
190 264 190
212 333 212
69 334 66
327 357 324
300 512 300
466 511 466
12 357 12
104 449 104
106 222 106
157 206 154
102 314 102
61 419 58
237 253 234
4 99 4
237 287 234
139 300 136
337 419 334
341 478 338
112 123 112
78 136 78
216 425 216
24 358 24
483 499 480
291 478 288
119 460 116
237 293 234
238 377 238
443 500 440
31 337 28
107 261 104
295 375 292
275 336 272
233 459 230
17 399 14
10 81 10
95 352 92
148 342 148
323 512 320
172 410 172
305 488 302
219 328 216
339 468 336
317 339 314
220 272 220
333 388 330
155 264 152
62 82 62
162 496 162
44 150 44
341 384 338
313 322 310
237 495 234
471 499 468
367 468 364
41 449 38
137 502 134
223 340 220
187 366 184
107 111 104
64 152 64
229 492 226
233 411 230
369 398 366
101 342 98
347 433 344
56 479 56
142 439 142
9 208 6
471 493 468
275 313 272
360 382 360
416 449 416
4 347 4
363 481 360
341 381 338
189 452 186
467 498 464
58 427 58
33 215 30
3 358 1
115 118 112
202 505 202
124 304 124
387 449 384
311 493 308
57 298 54
483 510 480
413 437 410
164 220 164
149 229 146
412 462 412
319 480 316
297 410 294
475 505 472
243 417 240
359 455 356
203 360 200
161 471 158
408 450 408
225 426 222
257 512 254
73 268 70
48 64 48
26 283 26
291 354 288
217 462 214
74 343 74
55 67 52
67 512 64
87 447 84
160 451 160
42 304 42
337 461 334
129 483 126
88 300 88
109 183 106
431 439 428
73 308 70
105 247 102
147 249 144
18 441 18
59 456 56
372 393 372
119 380 116
259 269 256
93 508 90
10 338 10
391 432 388
123 193 120
87 109 84
81 473 78
265 324 262
53 171 50
243 494 240
56 134 56
65 386 62
341 448 338
411 497 408
100 173 100
195 294 192
338 476 338
22 216 22
31 340 28
373 399 370
179 453 176
42 76 42
274 512 274
73 79 70
37 171 34
8 45 8
202 251 202
66 223 66
185 241 182
41 462 38
59 153 56
118 400 118
197 265 194
146 460 146
357 404 354
177 510 174
51 390 48
385 446 382
121 329 118
75 512 72
22 127 22
355 462 352
7 499 4
35 78 32
166 399 166
11 453 8
17 424 14
22 223 22
281 436 278
447 475 444
413 487 410
134 330 134
123 350 120
114 253 114
159 428 156
106 112 106
329 506 326
44 83 44
219 462 216
365 420 362
112 371 112
65 430 62
426 498 426
250 307 250
281 450 278
131 279 128
43 82 40
151 235 148
335 496 332
337 354 334
187 430 184
369 448 366
177 438 174
230 435 230
241 512 238
431 490 428
164 294 164
8 36 8
15 328 12
140 157 140
118 178 118
178 234 178
235 508 232
401 497 398
21 476 18
299 311 296
371 379 368
283 371 280
136 147 136
379 414 376
287 501 284
403 499 400
342 411 342
59 461 56
277 451 274
42 351 42
123 305 120
406 453 406
386 476 386
135 479 132
100 368 100
89 284 86
433 449 430
23 112 20
136 288 136
83 333 80
240 306 240
174 184 174
106 381 106
159 484 156
164 483 164
313 368 310
80 172 80
499 506 496
94 184 94
391 426 388
143 399 140
8 229 8
421 453 418
65 278 62
308 501 308
169 173 166
87 479 84
231 351 228
11 216 8
353 477 350
257 412 254
239 475 236
34 120 34
410 455 410
37 349 34
299 461 296
234 310 234
135 416 132
275 364 272
152 352 152
148 239 148
24 261 24
140 306 140
215 436 212
183 301 180
200 206 200
58 380 58
219 436 216
115 358 112
299 344 296
140 191 140
241 294 238
53 512 50
188 487 188
214 215 212
122 143 122
96 347 96
123 415 120
187 420 184
239 332 236
293 500 290
224 312 224
237 277 234
348 419 348
141 171 138
229 340 226
245 343 242
319 433 316
51 400 48
191 310 188
106 427 106
260 512 260
215 272 212
223 275 220
444 486 444
271 409 268
33 272 30
61 480 58
431 451 428
73 220 70
233 478 230
398 502 398
339 493 336
232 343 232
314 411 314
440 461 440
108 302 108
280 356 280
94 437 94
69 270 66
42 233 42
108 178 108
83 402 80
371 467 368
49 251 46
84 261 84
328 487 328
169 303 166
45 247 42
19 179 16
122 217 122
85 119 82
248 320 248
309 490 306
133 176 130
75 492 72
153 300 150
493 498 490
391 466 388
259 279 256
37 499 34
3 6 1
403 497 400
257 432 254
5 74 2
41 123 38
323 382 320
331 417 328
143 435 140
67 403 64
40 439 40
310 425 310
317 431 314
146 307 146
98 227 98
479 488 476
158 191 158
247 275 244
192 210 192
216 221 216
189 507 186
209 302 206
371 445 368
261 506 258
266 305 266
155 473 152
443 478 440
181 203 178
298 490 298
89 379 86
27 375 24
431 446 428
195 288 192
341 347 338
110 244 110
383 435 380
264 465 264
246 451 246
202 207 202
93 164 90
259 294 256
417 490 414
117 233 114
197 440 194
160 303 160
62 63 60
43 359 40
217 424 214
17 161 14
12 482 12
301 455 298
25 470 22
48 486 48
52 106 52
285 463 282
146 377 146
231 498 228
42 43 40
198 400 198
105 331 102
500 501 498
12 19 12
422 437 422
56 285 56
319 452 316
211 434 208
115 220 112
209 376 206
377 504 374
15 114 12
113 313 110
46 254 46
31 388 28
1 224 1
455 502 452
289 352 286
501 503 498
102 139 102
250 370 250
167 177 164
397 439 394
157 479 154
1 33 1
276 467 276
80 312 80
33 331 30
138 164 138
89 410 86
251 500 248
379 440 376
251 327 248
70 442 70
407 452 404
115 345 112
240 430 240
145 283 142
187 209 184
109 457 106
150 181 150
388 501 388
61 476 58
232 278 232
38 422 38
250 403 250
184 475 184
18 453 18
230 509 230
4 441 4
405 411 402
136 253 136
365 410 362
234 295 234
213 366 210
393 442 390
207 512 204
333 512 330
121 450 118
231 294 228
325 347 322
18 172 18
23 494 20
85 164 82
66 67 64
410 504 410
317 345 314
155 383 152
261 375 258
61 429 58
64 481 64
340 448 340
451 491 448
23 218 20
296 402 296
131 238 128
281 508 278
174 264 174
3 138 1
22 66 22
238 391 238
148 356 148
113 230 110
65 70 62
115 196 112
66 512 66
481 487 478
147 502 144
160 471 160
130 217 130
93 383 90
305 494 302
41 388 38
445 472 442
17 323 14
164 176 164
385 455 382
80 262 80
440 442 440
212 466 212
62 158 62
317 358 314
31 245 28
165 417 162
413 434 410
88 100 88
8 478 8
348 489 348
251 357 248
277 283 274
109 455 106
277 507 274
88 214 88
213 254 210
60 67 60
310 433 310
68 304 68
162 256 162
104 512 104
305 455 302
267 353 264
446 512 446
272 371 272
207 446 204
71 222 68
373 380 370
107 375 104
34 76 34
145 443 142
200 305 200
312 414 312
387 395 384
217 327 214
163 300 160
390 442 390
39 159 36
90 311 90
244 505 244
83 87 80
18 496 18
92 322 92
133 261 130
25 353 22
415 506 412
51 235 48
56 75 56
379 493 376
43 272 40
27 449 24
397 427 394
288 354 288
112 443 112
113 393 110
291 307 288
80 319 80
223 344 220
197 204 194
176 491 176
37 276 34
307 478 304
6 77 6
20 185 20
79 219 76
90 123 90
311 341 308
93 426 90
237 303 234
51 457 48
125 180 122
357 477 354
133 435 130
176 241 176
82 118 82
280 336 280
192 194 192
447 481 444
258 259 256
317 318 314
77 482 74
388 389 386
305 379 302
51 140 48
32 210 32
353 476 350
381 429 378
183 283 180
69 100 66
309 321 306
172 465 172
185 316 182
267 348 264
269 388 266
90 164 90
385 438 382
85 283 82
248 276 248
362 420 362
356 482 356
133 198 130
239 320 236
68 423 68
459 485 456
137 225 134
297 493 294
13 146 10
191 442 188
182 250 182
26 225 26
107 110 104
73 429 70
263 392 260
318 500 318
194 200 194
88 89 86
427 429 424
351 420 348
205 511 202
165 329 162
349 353 346
18 76 18
411 420 408
108 495 108
147 239 144
162 263 162
143 503 140
335 417 332
201 240 198
211 351 208
53 105 50
300 503 300
92 135 92
28 151 28
51 165 48
166 462 166
427 446 424
465 473 462
459 478 456
237 394 234
359 416 356
3 281 1
301 416 298
223 451 220
280 429 280
265 503 262
179 314 176
417 512 414
114 164 114
344 429 344
193 458 190
81 140 78
203 429 200
15 297 12
62 450 62
44 301 44
265 353 262
201 468 198
227 285 224
324 491 324
253 431 250
277 280 274
73 115 70
285 435 282
173 344 170
454 480 454
76 375 76
108 260 108
398 431 398
35 433 32
215 359 212
156 291 156
142 338 142
255 364 252
185 411 182
265 379 262
83 311 80
421 479 418
250 289 250
12 117 12
363 419 360
63 283 60
97 222 94
200 397 200
339 356 336
72 88 72
187 352 184
180 419 180
283 339 280
32 235 32
125 172 122
37 87 34
85 459 82
282 293 282
331 359 328
229 288 226
205 493 202
127 157 124
205 261 202
36 116 36
69 213 66
249 301 246
28 421 28
146 341 146
3 313 1
217 268 214
19 488 16
43 265 40
297 474 294
137 481 134
161 348 158
191 390 188
196 247 196
349 399 346
333 419 330
91 407 88
173 424 170
108 504 108
4 177 4
353 427 350
285 493 282
119 272 116
209 495 206
192 312 192
7 104 4
284 349 284
174 407 174
429 510 426
327 423 324
119 423 116
56 193 56
394 412 394
173 447 170
96 169 96
27 32 24
8 61 8
99 151 96
322 479 322
315 377 312
193 347 190
399 407 396
463 491 460
121 126 118
146 166 146
194 260 194
38 494 38
175 504 172
70 166 70
156 478 156
277 465 274
410 466 410
148 383 148
318 495 318
150 220 150
329 453 326
365 482 362
121 364 118
319 412 316
297 457 294
117 469 114
259 453 256
82 326 82
37 299 34
437 440 434
99 125 96
15 46 12
110 207 110
166 185 166
201 489 198
447 501 444
485 504 482
425 452 422
265 350 262
219 488 216
101 442 98
309 453 306
137 373 134
130 131 128
132 459 132
30 299 30
193 472 190
223 263 220
424 459 424
253 416 250
252 504 252
109 259 106
137 306 134
10 11 8
62 471 62
217 446 214
279 366 276
183 351 180
7 153 4
214 226 214
285 421 282
52 352 52
457 473 454
4 491 4
167 403 164
126 502 126
311 387 308
279 301 276
409 433 406
209 398 206
326 354 326
263 270 260
145 491 142
259 398 256
234 266 234
263 330 260
385 400 382
277 508 274
331 333 328
87 167 84
60 82 60
191 483 188
28 48 28
389 497 386
157 394 154
317 463 314
472 492 472
469 507 466
2 369 2
24 233 24
36 134 36
452 511 452
68 165 68
248 368 248
231 497 228
277 429 274
107 388 104
447 488 444
127 166 124
205 209 202
231 297 228
463 511 460
211 285 208
108 421 108
253 381 250
435 510 432
209 458 206
246 442 246
175 507 172
189 254 186
21 234 18
25 295 22
91 113 88
43 441 40
241 302 238
303 461 300
378 386 378
379 451 376
8 484 8
5 186 2
280 337 280
291 355 288
187 216 184
161 407 158
313 463 310
20 325 20
163 399 160
301 359 298
272 340 272
16 45 16
1 18 1
89 167 86
4 295 4
207 462 204
453 468 450
129 497 126
155 186 152
193 462 190
353 502 350
425 477 422
30 129 30
291 358 288
71 226 68
59 362 56
173 342 170
24 54 24
313 361 310
86 332 86
317 350 314
13 145 10
307 500 304
105 144 102
241 453 238
316 343 316
429 488 426
25 450 22
39 413 36
361 430 358
91 103 88
147 450 144
273 303 270
395 422 392
455 484 452
99 166 96
263 437 260
209 301 206
126 494 126
227 354 224
265 352 262
30 313 30
375 507 372
131 222 128
311 377 308
213 344 210
130 306 130
17 422 14
210 371 210
50 410 50
7 506 4
48 117 48
4 203 4
65 339 62
96 413 96
95 218 92
418 457 418
279 372 276
62 70 62
2 421 2
411 445 408
445 482 442
72 455 72
81 129 78
275 381 272
387 406 384
214 339 214
121 247 118
44 74 44
18 270 18
116 224 116
315 478 312
44 427 44
307 395 304
213 377 210
163 505 160
331 445 328
51 93 48
139 204 136
55 408 52
238 442 238
325 346 322
67 68 64
5 451 2
90 147 90
335 409 332
26 317 26
168 405 168
40 331 40
117 181 114
130 203 130
413 493 410
331 406 328
122 483 122
70 77 70
377 419 374
8 50 8
109 131 106
67 499 64
31 276 28
189 459 186
65 455 62
44 350 44
104 121 104
28 136 28
181 183 178
218 219 216
291 433 288
42 46 42
284 512 284
141 403 138
427 484 424
167 218 164
11 512 8
227 468 224
295 379 292
147 428 144
160 256 160
52 229 52
243 358 240
275 286 272
93 281 90
257 317 254
409 423 406
158 181 158
381 486 378
359 466 356
14 122 14
4 32 4
18 223 18
494 511 494
19 360 16
221 252 218
329 374 326
257 505 254
43 246 40
336 375 336
385 402 382
298 445 298
274 447 274
107 354 104
169 211 166
249 470 246
83 301 80
240 428 240
283 314 280
67 359 64
9 82 6
485 510 482
100 103 100
429 456 426
447 452 444
52 504 52
383 388 380
3 366 1
133 291 130
45 428 42
9 11 6
71 98 68
312 363 312
34 61 34
348 381 348
432 466 432
400 426 400
250 501 250
454 507 454
64 263 64
266 447 266
473 511 470
267 459 264
340 359 340
121 131 118
86 427 86
14 238 14
62 180 62
71 142 68
122 194 122
106 133 106
322 347 322
285 330 282
275 324 272
29 335 26
207 294 204
105 471 102
476 512 476
151 359 148
124 226 124
159 482 156
274 308 274
337 471 334
4 15 4
305 512 302
274 326 274
128 186 128
209 338 206
21 386 18
243 282 240
269 292 266
49 431 46
11 122 8
95 322 92
409 449 406
94 175 94
389 392 386
380 512 380
94 158 94
100 427 100
92 420 92
33 426 30
334 504 334
69 147 66
8 56 8
6 368 6
411 428 408
56 94 56
8 298 8
6 22 6
155 248 152
55 384 52
337 489 334
64 85 64
291 454 288
335 378 332
355 475 352
431 455 428
222 431 222
199 363 196
81 224 78
173 354 170
267 376 264
28 346 28
8 120 8
362 381 362
11 370 8
12 222 12
359 484 356
93 241 90
221 358 218
149 367 146
479 510 476
199 223 196
352 412 352
275 455 272
469 501 466
245 368 242
179 402 176
52 136 52
419 465 416
314 359 314
12 166 12
443 511 440
120 477 120
73 364 70
377 401 374
101 415 98
311 471 308
13 431 10
208 431 208
209 353 206
8 167 8
304 511 304
86 194 86
427 440 424
77 313 74
71 96 68
467 512 464
188 463 188
87 246 84
359 419 356
283 396 280
304 379 304
208 484 208
341 491 338
283 385 280
321 396 318
52 379 52
88 325 88
175 400 172
63 72 60
175 476 172
263 283 260
305 403 302
82 106 82
20 70 20
28 82 28
407 470 404
423 440 420
185 303 182
136 362 136
19 122 16
357 489 354
308 433 308
22 420 22
331 420 328
16 116 16
94 231 94
247 322 244
287 294 284
32 153 32
113 302 110
305 404 302
297 406 294
116 245 116
199 413 196
140 273 140
280 345 280
119 125 116
417 511 414
433 508 430
35 224 32
149 302 146
107 268 104
29 344 26
211 318 208
49 343 46
185 433 182
132 330 132
4 479 4
167 325 164
99 211 96
133 380 130
389 450 386
397 407 394
423 511 420
228 402 228
83 293 80
250 304 250
295 342 292
24 464 24
62 151 62
69 353 66
151 312 148
59 295 56
73 189 70
81 427 78
287 288 284
137 324 134
201 398 198
403 471 400
42 130 42
457 488 454
272 375 272
141 149 138
90 107 90
191 444 188
38 49 38
212 289 212
81 429 78
221 450 218
285 416 282
467 502 464
279 330 276
58 342 58
33 428 30
8 11 8
257 500 254
115 132 112
64 122 64
310 488 310
196 210 196
7 314 4
151 368 148
239 352 236
138 504 138
70 241 70
102 110 102
505 511 502
167 461 164
108 305 108
485 511 482
178 226 178
63 431 60
235 302 232
145 372 142
331 485 328
322 444 322
246 367 246
70 259 70
85 180 82
393 450 390
35 287 32
66 313 66
283 415 280
159 393 156
429 437 426
183 193 180
170 217 170
97 409 94
209 344 206
39 105 36
196 256 196
359 412 356
212 372 212
223 360 220
37 70 34
229 247 226
257 338 254
83 457 80
69 247 66
454 485 454
65 229 62
249 342 246
443 508 440
271 284 268
489 508 486
154 177 154
429 431 426
13 39 10
62 277 62
409 430 406
293 455 290
61 309 58
329 428 326
377 447 374
204 481 204
79 168 76
147 288 144
170 372 170
131 179 128
366 503 366
4 64 4
479 511 476
2 34 2
35 332 32
202 478 202
147 212 144
350 453 350
492 496 492
465 504 462
32 39 32
268 403 268
164 303 164
63 344 60
147 426 144
491 501 488
94 271 94
187 205 184
188 198 188
298 381 298
26 111 26
251 512 248
219 401 216
387 488 384
308 346 308
377 380 374
465 503 462
439 461 436
1 397 1
218 367 218
44 165 44
361 437 358
271 354 268
267 503 264
59 90 56
334 398 334
56 72 56
311 358 308
38 419 38
277 394 274
349 431 346
87 158 84
453 460 450
183 253 180
28 59 28
19 505 16
10 282 10
140 252 140
57 158 54
29 119 26
103 241 100
351 426 348
101 493 98
281 339 278
303 476 300
248 425 248
101 125 98
187 191 184
167 284 164
120 414 120
256 321 256
99 148 96
42 455 42
303 322 300
89 340 86
363 480 360
182 248 182
319 337 316
276 464 276
364 418 364
199 348 196
143 145 140
31 345 28
369 433 366
231 392 228
235 236 232
287 507 284
96 110 96
162 345 162
71 134 68
328 420 328
7 504 4
360 473 360
259 354 256
421 449 418
76 109 76
188 208 188
192 338 192
284 402 284
485 490 482
123 306 120
286 507 286
103 160 100
435 479 432
240 292 240
417 508 414
98 162 98
201 445 198
40 175 40
183 421 180
429 466 426
82 239 82
399 496 396
276 502 276
37 244 34
221 429 218
82 310 82
112 190 112
38 355 38
345 404 342
243 450 240
137 196 134
181 237 178
301 448 298
72 404 72
4 39 4
359 417 356
135 487 132
90 449 90
10 337 10
16 136 16
363 426 360
288 328 288
6 218 6
97 361 94
49 191 46
361 440 358
93 261 90
55 381 52
55 355 52
281 480 278
277 462 274
115 137 112
459 510 456
247 308 244
208 241 208
226 288 226
71 80 68
391 501 388
189 356 186
429 475 426
37 433 34
313 505 310
398 438 398
35 394 32
353 458 350
379 406 376
19 344 16
279 286 276
168 169 166
477 485 474
19 170 16
187 460 184
449 475 446
102 292 102
477 495 474
60 90 60
365 479 362
21 354 18
109 299 106
71 161 68
11 368 8
161 196 158
141 244 138
206 302 206
402 412 402
10 78 10
93 463 90
273 366 270
88 344 88
412 479 412
80 263 80
411 493 408
308 507 308
273 482 270
165 474 162
173 190 170
112 402 112
191 366 188
161 205 158
247 484 244
64 370 64
175 508 172
35 116 32
391 512 388
273 302 270
25 372 22
413 463 410
204 473 204
29 499 26
87 450 84
32 376 32
283 399 280
435 440 432
7 373 4
370 505 370
163 362 160
222 346 222
60 512 60
23 285 20
443 462 440
348 376 348
240 379 240
320 369 320
184 318 184
2 43 2
56 234 56
231 455 228
201 287 198
2 89 2
415 437 412
50 479 50
86 308 86
369 418 366
100 361 100
349 387 346
120 185 120
44 50 44
142 198 142
212 410 212
285 394 282
198 397 198
192 511 192
145 318 142
342 422 342
172 173 170
129 270 126
45 231 42
64 252 64
502 512 502
79 417 76
20 55 20
146 400 146
353 357 350
83 155 80
167 512 164
297 492 294
101 240 98
386 421 386
177 261 174
45 257 42
220 368 220
381 426 378
253 385 250
279 327 276
395 432 392
89 423 86
165 231 162
37 394 34
44 53 44
327 384 324
15 281 12
69 435 66
393 479 390
132 316 132
37 386 34
75 97 72
309 496 306
240 360 240
40 479 40
123 238 120
151 431 148
282 415 282
105 469 102
246 264 246
351 374 348
199 241 196
396 481 396
243 350 240
315 468 312
27 61 24
341 357 338
371 399 368
142 510 142
142 375 142
122 494 122
64 175 64
149 224 146
385 434 382
48 58 48
40 248 40
87 129 84
122 187 122
192 437 192
97 209 94
106 509 106
302 417 302
309 372 306
153 196 150
272 352 272
129 294 126
56 251 56
18 191 18
306 423 306
77 166 74
188 461 188
421 430 418
275 512 272
235 506 232
228 239 228
22 24 22
97 310 94
53 85 50
311 367 308
105 167 102
469 496 466
25 299 22
359 451 356
479 480 476
163 504 160
163 241 160
235 273 232
262 505 262
31 275 28
405 423 402
483 489 480
89 265 86
43 83 40
431 474 428
143 376 140
198 340 198
25 221 22
169 201 166
127 212 124
59 477 56
207 246 204
72 159 72
319 430 316
79 311 76
342 458 342
50 100 50
275 305 272
11 58 8
205 272 202
147 240 144
67 192 64
95 512 92
132 219 132
306 489 306
439 512 436
275 398 272
101 358 98
31 502 28
252 444 252
97 239 94
82 160 82
120 123 120
34 381 34
145 371 142
277 302 274
109 462 106
102 443 102
332 475 332
28 29 26
299 475 296
101 265 98
56 65 56
231 465 228
314 505 314
279 358 276
91 172 88
242 323 242
435 484 432
179 512 176
3 16 1
196 197 194
106 252 106
81 248 78
125 353 122
273 428 270
84 93 84
114 234 114
38 136 38
319 471 316
8 230 8
179 286 176
237 463 234
129 204 126
54 383 54
298 423 298
137 394 134
16 85 16
245 348 242
149 512 146
105 326 102
169 314 166
395 498 392
397 490 394
82 231 82
73 423 70
73 211 70
99 219 96
75 372 72
423 509 420
28 362 28
381 442 378
181 347 178
22 231 22
256 483 256
393 433 390
120 304 120
26 434 26
61 510 58
190 223 190
156 197 156
130 135 130
283 376 280
231 283 228
3 295 1
415 481 412
148 264 148
263 398 260
15 39 12
80 107 80
227 321 224
417 443 414
201 470 198
133 467 130
8 18 8
96 304 96
309 355 306
258 377 258
152 425 152
26 58 26
187 299 184
182 253 182
95 427 92
43 46 40
114 282 114
1 57 1
143 481 140
397 498 394
439 511 436
208 243 208
373 510 370
287 504 284
2 361 2
177 191 174
137 143 134
215 505 212
50 329 50
52 393 52
33 360 30
139 201 136
48 124 48
243 336 240
401 453 398
121 209 118
376 512 376
257 296 254
397 435 394
133 422 130
72 183 72
403 507 400
295 303 292
313 392 310
384 509 384
275 397 272
88 267 88
26 405 26
325 425 322
84 312 84
499 509 496
439 452 436
242 317 242
265 512 262
351 461 348
270 319 270
30 124 30
163 479 160
7 251 4
40 131 40
285 347 282
14 38 14
97 250 94
51 473 48
105 512 102
12 54 12
55 404 52
238 239 236
81 506 78
417 500 414
283 296 280
22 279 22
289 500 286
72 125 72
389 439 386
344 411 344
12 20 12
394 474 394
203 308 200
116 188 116
339 446 336
219 443 216
248 415 248
351 443 348
417 472 414
14 36 14
257 308 254
403 466 400
175 495 172
277 310 274
121 495 118
81 135 78
344 461 344
291 391 288
78 174 78
27 211 24
408 506 408
282 384 282
339 429 336
8 463 8
149 158 146
414 415 412
316 448 316
89 482 86
178 353 178
358 408 358
130 204 130
174 204 174
14 86 14
162 226 162
18 138 18
372 457 372
91 484 88
13 194 10
246 253 246
385 470 382
144 382 144
228 377 228
249 381 246
14 285 14
47 316 44
98 388 98
115 316 112
17 210 14
61 467 58
291 472 288
180 303 180
221 225 218
145 261 142
191 199 188
263 364 260
411 503 408
211 331 208
2 24 2
368 452 368
111 183 108
18 122 18
371 426 368
125 136 122
178 192 178
105 477 102
22 190 22
4 10 4
63 84 60
181 441 178
144 346 144
120 158 120
243 294 240
74 91 74
365 475 362
333 494 330
141 456 138
195 437 192
401 432 398
259 448 256
356 419 356
185 257 182
102 263 102
232 258 232
485 502 482
235 365 232
56 99 56
159 185 156
212 281 212
22 213 22
92 119 92
297 355 294
465 498 462
55 217 52
146 199 146
38 291 38
7 428 4
196 350 196
37 258 34
96 180 96
300 387 300
102 136 102
211 506 208
463 479 460
27 457 24
405 453 402
235 502 232
79 217 76
451 476 448
477 511 474
335 401 332
289 503 286
198 367 198
387 510 384
151 311 148
21 138 18
1 4 1
60 297 60
70 288 70
407 416 404
312 420 312
199 266 196
32 128 32
127 281 124
381 392 378
107 123 104
289 430 286
221 262 218
123 360 120
147 187 144
42 82 42
296 336 296
287 299 284
141 156 138
381 391 378
60 338 60
88 345 88
44 275 44
2 18 2
385 398 382
121 213 118
91 323 88
441 465 438
207 404 204
119 498 116
189 477 186
140 333 140
16 237 16
258 417 258
231 512 228
125 429 122
129 291 126
361 465 358
34 145 34
252 354 252
323 377 320
281 491 278
178 213 178
183 203 180
248 286 248
101 477 98
9 122 6
200 281 200
5 512 2
8 26 8
147 251 144
201 479 198
421 466 418
59 62 56
381 477 378
311 418 308
125 130 122
6 33 6
182 322 182
86 172 86
79 184 76
367 421 364
197 312 194
449 506 446
107 476 104
91 170 88
139 183 136
62 129 62
38 414 38
81 294 78
6 512 6
88 336 88
187 320 184
48 128 48
319 401 316
381 490 378
455 463 452
128 508 128
451 480 448
505 507 502
101 340 98
337 448 334
75 404 72
120 152 120
230 430 230
136 138 136
74 384 74
302 438 302
499 505 496
201 388 198
407 423 404
279 469 276
108 282 108
275 362 272
345 491 342
133 314 130
250 343 250
318 341 318
303 490 300
357 498 354
119 375 116
38 47 38
19 348 16
321 432 318
295 331 292
44 276 44
76 196 76
493 506 490
70 96 70
97 204 94
311 489 308
52 243 52
155 279 152
389 419 386
292 401 292
415 495 412
483 505 480
352 497 352
235 410 232
431 432 428
257 451 254
225 379 222
188 378 188
275 335 272
214 311 214
193 434 190
107 481 104
90 512 90
274 334 274
61 333 58
349 511 346
361 474 358
189 271 186
133 364 130
135 347 132
388 426 388
388 498 388
96 223 96
50 167 50
177 258 174
413 458 410
352 408 352
139 481 136
25 157 22
43 127 40
281 445 278
93 371 90
108 328 108
475 500 472
328 440 328
103 392 100
359 438 356
237 478 234
253 460 250
438 474 438
277 466 274
80 91 80
27 436 24
156 493 156
63 346 60
16 63 16
193 365 190
235 240 232
22 248 22
445 497 442
322 457 322
289 407 286
355 497 352
102 321 102
56 346 56
383 385 380
170 184 170
253 379 250
365 397 362
110 259 110
118 168 118
24 36 24
397 459 394
363 372 360
17 351 14
355 411 352
61 332 58
115 255 112
294 327 294
374 505 374
123 150 120
87 144 84
314 356 314
225 459 222
27 154 24
124 473 124
275 308 272
305 338 302
16 369 16
12 46 12
441 464 438
357 479 354
265 401 262
99 175 96
213 405 210
481 488 478
266 329 266
79 329 76
154 497 154
317 319 314
33 264 30
163 374 160
203 464 200
371 421 368
373 422 370
493 508 490
247 306 244
129 240 126
433 481 430
352 419 352
368 415 368
51 57 48
225 489 222
368 370 368
215 355 212
188 307 188
12 208 12
53 334 50
119 232 116
120 449 120
15 439 12
265 464 262
311 313 308
264 507 264
443 466 440
400 478 400
42 57 42
129 284 126
53 478 50
102 374 102
289 328 286
267 355 264
119 317 116
144 247 144
425 512 422
273 378 270
18 252 18
329 436 326
129 486 126
52 131 52
73 199 70
289 323 286
265 356 262
30 47 30
129 333 126
395 434 392
149 380 146
333 335 330
192 358 192
395 446 392
60 348 60
43 177 40
19 23 16
344 394 344
45 337 42
52 82 52
375 448 372
393 410 390
237 489 234
482 483 480
385 483 382
196 396 196
397 504 394
145 196 142
337 348 334
63 219 60
149 244 146
63 411 60
315 379 312
151 164 148
167 353 164
362 509 362
167 263 164
67 120 64
177 271 174
191 228 188
447 484 444
195 271 192
232 480 232
434 512 434
76 186 76
475 476 472
182 401 182
340 475 340
116 179 116
419 456 416
59 338 56
33 271 30
428 482 428
86 297 86
165 408 162
57 468 54
82 206 82
407 421 404
218 311 218
213 360 210
54 78 54
89 443 86
192 239 192
286 287 284
81 95 78
27 244 24
185 386 182
177 201 174
13 323 10
18 141 18
59 384 56
216 225 216
249 477 246
220 352 220
1 15 1
164 428 164
309 430 306
50 105 50
206 436 206
335 493 332
137 238 134
247 497 244
17 165 14
34 182 34
210 300 210
111 254 108
126 450 126
23 311 20
270 437 270
443 499 440
204 309 204
411 453 408
196 199 196
118 213 118
261 436 258
227 294 224
396 413 396
198 419 198
237 274 234
34 70 34
6 36 6
325 497 322
81 403 78
8 424 8
107 303 104
385 394 382
233 483 230
126 227 126
150 212 150
447 463 444
364 415 364
313 325 310
66 466 66
439 448 436
18 318 18
186 491 186
359 423 356
271 389 268
291 502 288
20 465 20
245 271 242
193 263 190
162 440 162
7 256 4
340 434 340
324 382 324
77 324 74
125 411 122
14 55 14
3 49 1
302 428 302
449 498 446
186 441 186
106 422 106
247 403 244
81 188 78
273 478 270
500 512 500
214 466 214
214 512 214
317 396 314
63 469 60
100 424 100
186 301 186
36 385 36
405 443 402
335 418 332
139 263 136
102 308 102
176 187 176
220 257 220
223 507 220
419 494 416
113 167 110
299 479 296
367 443 364
509 510 506
171 343 168
374 512 374
341 499 338
190 370 190
353 452 350
32 241 32
427 472 424
1 159 1
321 462 318
325 405 322
14 161 14
28 244 28
78 496 78
337 414 334
444 477 444
133 234 130
351 464 348
218 387 218
449 493 446
339 506 336
395 471 392
345 452 342
207 378 204
303 463 300
480 490 480
152 512 152
291 417 288
433 498 430
77 113 74
187 346 184
100 121 100
115 126 112
317 370 314
321 430 318
311 461 308
52 190 52
13 277 10
269 512 266
331 415 328
387 469 384
33 37 30
57 380 54
411 448 408
56 181 56
200 301 200
197 210 194
201 319 198
189 221 186
79 478 76
386 441 386
10 270 10
72 339 72
3 388 1
325 458 322
407 491 404
228 446 228
399 449 396
129 187 126
217 269 214
101 147 98
445 506 442
277 331 274
38 227 38
56 57 54
42 112 42
259 465 256
77 160 74
5 134 2
166 386 166
225 230 222
263 456 260
323 435 320
16 90 16
152 270 152
78 407 78
197 220 194
121 413 118
300 381 300
36 410 36
18 436 18
337 472 334
328 345 328
69 73 66
510 512 510
112 121 112
148 287 148
257 429 254
27 463 24
473 486 470
78 171 78
10 90 10
176 366 176
386 404 386
135 197 132
270 469 270
78 343 78
175 405 172
213 387 210
215 292 212
176 262 176
263 328 260
2 280 2
149 181 146
13 31 10
83 448 80
84 488 84
329 349 326
268 328 268
228 481 228
197 322 194
164 434 164
128 211 128
27 505 24
39 155 36
205 244 202
309 407 306
218 411 218
246 300 246
36 107 36
37 302 34
8 109 8
26 78 26
21 481 18
430 472 430
40 456 40
86 154 86
46 330 46
211 471 208
72 103 72
259 474 256
439 493 436
291 426 288
313 423 310
58 91 58
397 486 394
85 185 82
179 225 176
29 485 26
383 404 380
318 409 318
415 428 412
128 239 128
229 374 226
308 451 308
133 361 130
97 195 94
497 501 494
285 304 282
66 227 66
183 212 180
315 450 312
255 369 252
135 194 132
453 471 450
123 496 120
26 191 26
46 207 46
225 355 222
7 401 4
417 473 414
39 274 36
143 482 140
190 391 190
163 341 160
247 355 244
117 486 114
374 475 374
21 407 18
5 221 2
345 435 342
302 395 302
22 106 22
2 238 2
374 442 374
287 452 284
278 336 278
174 189 174
246 433 246
293 420 290
208 217 208
29 268 26
198 260 198
74 178 74
235 457 232
327 389 324
153 438 150
31 180 28
133 355 130
181 365 178
5 382 2
139 407 136
34 121 34
386 451 386
277 293 274
14 282 14
151 397 148
453 483 450
108 318 108
111 171 108
9 44 6
347 366 344
86 334 86
11 186 8
235 320 232
53 283 50
79 378 76
105 493 102
121 228 118
1 486 1
333 365 330
241 430 238
393 509 390
86 179 86
334 361 334
214 454 214
126 155 126
7 334 4
397 494 394
40 85 40
267 510 264
210 376 210
383 420 380
449 458 446
328 505 328
156 217 156
453 489 450
10 22 10
105 425 102
206 372 206
161 218 158
2 48 2
305 324 302
47 399 44
134 184 134
34 151 34
62 324 62
473 499 470
307 462 304
172 230 172
93 184 90
345 451 342
353 491 350
147 227 144
47 324 44
499 504 496
401 460 398
89 241 86
46 314 46
155 341 152
463 475 460
379 401 376
142 210 142
120 303 120
369 392 366
414 512 414
202 346 202
217 508 214
363 400 360
63 284 60
95 212 92
258 485 258
47 184 44
317 503 314
317 405 314
381 402 378
189 466 186
195 336 192
112 168 112
317 375 314
101 366 98
215 319 212
178 446 178
74 119 74
485 492 482
50 85 50
300 358 300
72 376 72
109 469 106
294 425 294
261 279 258
49 161 46
269 405 266
279 429 276
226 316 226
331 486 328
7 267 4
189 435 186
443 483 440
34 357 34
162 229 162
415 454 412
379 420 376
271 292 268
301 442 298
276 503 276
149 236 146
5 69 2
63 169 60
125 364 122
50 264 50
100 466 100
138 334 138
35 263 32
72 206 72
9 85 6
289 338 286
97 337 94
27 125 24
383 483 380
313 437 310
66 206 66
1 307 1
139 171 136
195 512 192
163 395 160
90 121 90
34 474 34
124 220 124
107 202 104
485 494 482
2 469 2
115 168 112
229 385 226
94 331 94
109 211 106
92 121 92
409 502 406
96 324 96
214 417 214
241 481 238
167 431 164
493 501 490
44 447 44
32 214 32
343 351 340
132 195 132
2 345 2
427 461 424
393 434 390
86 512 86
266 267 264
184 215 184
15 404 12
43 183 40
47 153 44
188 237 188
137 299 134
335 415 332
288 311 288
343 362 340
105 130 102
235 464 232
279 332 276
445 476 442
114 366 114
16 156 16
180 280 180
7 493 4
134 218 134
150 192 150
179 348 176
156 341 156
75 147 72
24 160 24
165 382 162
293 335 290
92 290 92
116 407 116
399 480 396
67 372 64
43 473 40
447 464 444
249 382 246
248 434 248
334 336 334
146 160 146
32 33 30
86 139 86
117 406 114
269 396 266
58 233 58
122 246 122
339 487 336
57 481 54
21 402 18
3 266 1
240 266 240
74 429 74
117 324 114
449 469 446
67 203 64
92 305 92
60 423 60
449 470 446
59 125 56
232 374 232
270 387 270
69 76 66
243 468 240
41 366 38
95 153 92
327 481 324
90 332 90
296 302 296
46 249 46
79 457 76
141 457 138
189 346 186
210 258 210
354 462 354
166 446 166
40 447 40
143 398 140
108 278 108
149 405 146
215 288 212
157 172 154
118 158 118
47 343 44
64 500 64
181 338 178
171 286 168
65 256 62
141 399 138
323 502 320
63 458 60
83 440 80
327 368 324
35 413 32
17 226 14
39 474 36
49 232 46
201 417 198
245 502 242
306 348 306
423 460 420
215 329 212
214 342 214
165 194 162
281 381 278
82 512 82
109 286 106
20 294 20
491 507 488
210 379 210
155 179 152
255 319 252
30 212 30
166 387 166
355 502 352
89 234 86
140 256 140
237 360 234
357 371 354
208 372 208
118 464 118
287 479 284
113 123 110
65 144 62
157 406 154
73 374 70
507 508 504
25 222 22
241 320 238
221 230 218
243 471 240
269 454 266
241 331 238
73 341 70
7 192 4
24 196 24
198 240 198
57 220 54
299 491 296
282 425 282
136 259 136
164 297 164
366 452 366
206 363 206
461 505 458
138 405 138
285 378 282
491 495 488
327 366 324
85 152 82
27 313 24
103 204 100
100 327 100
297 388 294
251 425 248
72 193 72
173 413 170
319 486 316
122 301 122
47 374 44
169 446 166
60 511 60
84 148 84
215 276 212
179 451 176
52 276 52
7 248 4
26 75 26
323 364 320
401 484 398
62 444 62
124 299 124
285 473 282
307 473 304
53 239 50
392 471 392
57 336 54
64 142 64
228 328 228
114 447 114
70 294 70
307 491 304
32 254 32
242 460 242
203 450 200
22 316 22
259 343 256
99 485 96
217 394 214
131 444 128
121 466 118
287 427 284
167 422 164
352 355 352
62 160 62
451 454 448
194 476 194
381 475 378
301 338 298
61 357 58
461 486 458
157 342 154
387 454 384
207 341 204
163 170 160
354 468 354
152 463 152
213 425 210
296 349 296
75 200 72
279 331 276
155 470 152
171 426 168
429 461 426
261 403 258
89 397 86
256 326 256
15 110 12
150 190 150
130 155 130
121 441 118
172 449 172
70 255 70
32 92 32
373 512 370
179 290 176
44 288 44
2 51 2
354 401 354
470 474 470
162 195 162
383 438 380
86 226 86
397 411 394
239 464 236
157 198 154
94 127 94
180 422 180
162 202 162
426 474 426
125 208 122
30 228 30
123 197 120
459 467 456
483 485 480
319 506 316
12 183 12
485 509 482
409 453 406
470 492 470
8 251 8
141 297 138
273 468 270
103 271 100
48 316 48
192 401 192
339 406 336
120 207 120
191 257 188
11 329 8
413 414 410
45 250 42
153 425 150
23 85 20
60 148 60
152 180 152
67 325 64
114 336 114
48 497 48
117 482 114
346 377 346
161 446 158
132 218 132
293 436 290
395 488 392
217 314 214
477 496 474
163 453 160
237 484 234
365 456 362
241 506 238
5 64 2
242 336 242
111 434 108
327 339 324
129 454 126
323 340 320
346 464 346
193 422 190
101 122 98
38 137 38
289 367 286
117 234 114
193 419 190
441 489 438
7 307 4
49 315 46
417 469 414
437 475 434
399 505 396
229 252 226
138 163 138
66 171 66
104 403 104
259 351 256
122 456 122
139 389 136
108 489 108
305 505 302
344 406 344
136 337 136
230 343 230
321 374 318
359 440 356
323 440 320
63 143 60
82 173 82
283 293 280
319 385 316
65 458 62
146 325 146
235 381 232
3 364 1
85 220 82
351 494 348
99 154 96
209 472 206
390 432 390
36 208 36
401 409 398
137 501 134
71 481 68
44 322 44
85 90 82
18 69 18
115 176 112
39 341 36
43 88 40
44 265 44
423 479 420
71 267 68
99 321 96
187 404 184
205 355 202
86 296 86
271 348 268
242 452 242
127 304 124
175 355 172
211 277 208
191 251 188
177 354 174
154 294 154
348 379 348
97 158 94
141 247 138
92 285 92
154 288 154
137 395 134
88 92 88
294 512 294
114 288 114
399 437 396
253 414 250
1 35 1
12 15 12
253 346 250
308 349 308
65 272 62
405 441 402
247 267 244
121 457 118
381 493 378
32 60 32
301 303 298
367 409 364
379 453 376
159 182 156
83 429 80
321 481 318
137 375 134
167 236 164
69 114 66
247 320 244
319 391 316
81 90 78
20 117 20
81 243 78
5 44 2
216 367 216
392 393 390
206 462 206
134 236 134
259 383 256
161 287 158
393 480 390
21 414 18
28 149 28
65 490 62
343 460 340
108 258 108
267 453 264
203 379 200
299 417 296
363 492 360
7 489 4
305 399 302
301 377 298
98 321 98
116 282 116
174 292 174
142 260 142
286 410 286
255 455 252
4 16 4
210 342 210
117 333 114
309 426 306
120 316 120
44 70 44
204 367 204
264 323 264
77 477 74
114 134 114
54 378 54
164 307 164
371 503 368
1 17 1
23 46 20
231 414 228
161 266 158
396 397 394
320 408 320
209 424 206
106 129 106
189 446 186
271 379 268
3 91 1
175 380 172
47 431 44
71 430 68
61 82 58
175 401 172
76 411 76
59 369 56
124 163 124
209 418 206
121 510 118
105 205 102
79 299 76
80 401 80
32 118 32
221 364 218
67 320 64
406 407 404
44 250 44
265 317 262
457 509 454
163 474 160
187 509 184
274 449 274
42 154 42
283 289 280
54 116 54
81 287 78
403 508 400
173 206 170
463 464 460
154 411 154
56 350 56
265 272 262
78 230 78
397 470 394
110 464 110
316 340 316
65 263 62
151 470 148
99 366 96
444 452 444
144 491 144
147 248 144
247 268 244
1 512 1
425 432 422
133 402 130
2 412 2
287 376 284
153 463 150
393 452 390
245 439 242
360 361 358
295 304 292
183 430 180
229 255 226
323 506 320
14 20 14
417 435 414
343 347 340
201 512 198
8 46 8
183 414 180
489 490 486
466 490 466
309 424 306
257 467 254
411 431 408
443 451 440
447 467 444
46 372 46
449 500 446
441 467 438
215 461 212
435 494 432
340 347 340
4 212 4
65 315 62
237 374 234
97 484 94
371 499 368
56 279 56
423 500 420
77 129 74
469 488 466
264 265 262
201 328 198
85 410 82
315 447 312
175 324 172
166 360 166
123 430 120
418 438 418
98 111 98
68 466 68
291 341 288
24 93 24
35 494 32
14 49 14
16 24 16
334 484 334
434 435 432
491 496 488
155 234 152
182 406 182
186 509 186
100 461 100
229 386 226
281 470 278
357 365 354
109 511 106
132 221 132
407 445 404
145 406 142
181 473 178
104 162 104
150 392 150
178 249 178
242 387 242
160 457 160
347 507 344
235 401 232
41 276 38
417 470 414
178 243 178
215 302 212
256 278 256
53 356 50
202 435 202
9 431 6
129 289 126
157 283 154
299 393 296
273 363 270
451 505 448
65 382 62
10 41 10
57 420 54
81 396 78
256 292 256
31 84 28
397 446 394
314 512 314
441 469 438
221 434 218
108 216 108
155 499 152
191 492 188
110 143 110
309 328 306
137 318 134
132 512 132
221 494 218
149 207 146
171 494 168
260 410 260
453 477 450
321 341 318
42 59 42
69 277 66
429 491 426
88 183 88
405 492 402
180 379 180
109 416 106
397 466 394
226 427 226
343 410 340
119 470 116
154 471 154
153 363 150
136 237 136
152 169 152
429 457 426
131 512 128
192 360 192
224 440 224
267 419 264
143 433 140
237 251 234
312 344 312
21 238 18
21 422 18
441 510 438
115 178 112
268 332 268
115 512 112
305 325 302
54 73 54
71 337 68
29 260 26
30 182 30
121 500 118
334 410 334
175 412 172
167 326 164
125 332 122
16 512 16
179 440 176
127 152 124
332 380 332
401 456 398
18 204 18
320 483 320
120 306 120
124 285 124
331 450 328
61 202 58
171 319 168
93 352 90
419 425 416
142 299 142
77 294 74
42 224 42
143 506 140
294 331 294
14 225 14
367 478 364
277 371 274
217 450 214
57 169 54
69 186 66
114 494 114
188 312 188
107 502 104
8 117 8
229 241 226
131 171 128
219 472 216
60 128 60
495 508 492
350 444 350
187 401 184
123 146 120
201 409 198
30 342 30
119 471 116
185 290 182
25 179 22
16 94 16
337 452 334
87 163 84
451 500 448
311 419 308
141 395 138
138 187 138
369 451 366
285 489 282
102 159 102
411 481 408
93 291 90
15 478 12
28 40 28
189 453 186
33 96 30
180 181 178
435 457 432
345 462 342
404 460 404
329 393 326
291 398 288
100 407 100
495 510 492
230 476 230
381 464 378
221 414 218
379 492 376
78 138 78
25 77 22
317 418 314
169 398 166
175 435 172
46 215 46
146 184 146
150 183 150
313 512 310
349 458 346
371 374 368
182 183 180
102 215 102
127 497 124
23 307 20
353 429 350
119 257 116
54 229 54
195 308 192
259 417 256
213 216 210
432 443 432
354 512 354
50 163 50
445 494 442
160 486 160
181 465 178
117 342 114
61 243 58
11 424 8
293 480 290
443 509 440
110 121 110
459 501 456
226 333 226
75 114 72
248 279 248
273 416 270
115 146 112
222 264 222
51 169 48
441 450 438
127 279 124
361 461 358
53 342 50
266 500 266
480 512 480
134 183 134
276 311 276
355 370 352
27 416 24
238 480 238
345 467 342
161 178 158
49 440 46
186 427 186
232 244 232
341 504 338
88 434 88
294 486 294
185 446 182
25 260 22
149 369 146
59 245 56
48 239 48
339 383 336
141 143 138
385 452 382
7 166 4
489 506 486
331 457 328
210 445 210
168 360 168
119 436 116
298 506 298
96 369 96
440 460 440
36 157 36
245 273 242
132 151 132
2 316 2
326 471 326
338 511 338
128 382 128
149 328 146
197 338 194
337 512 334
282 482 282
265 337 262
13 500 10
351 402 348
143 457 140
200 459 200
253 297 250
183 354 180
430 449 430
270 500 270
2 139 2
123 358 120
323 500 320
97 384 94
229 431 226
418 478 418
225 512 222
161 172 158
158 201 158
125 206 122
115 125 112
326 428 326
96 203 96
128 359 128
437 452 434
125 283 122
29 67 26
168 441 168
279 373 276
336 471 336
115 130 112
66 284 66
435 486 432
149 481 146
189 457 186
415 492 412
22 77 22
36 295 36
369 512 366
79 377 76
356 454 356
112 269 112
77 299 74
218 247 218
253 353 250
292 497 292
93 409 90
35 149 32
84 91 84
169 295 166
145 312 142
429 446 426
217 256 214
363 413 360
303 385 300
332 487 332
79 202 76
58 130 58
23 97 20
203 432 200
103 435 100
217 282 214
361 456 358
361 468 358
42 185 42
417 484 414
383 474 380
438 476 438
481 485 478
335 443 332
55 407 52
153 413 150
297 344 294
99 407 96
175 458 172
465 484 462
38 46 38
69 483 66
62 425 62
30 32 30
60 61 58
99 182 96
381 394 378
68 155 68
291 493 288
456 466 456
34 221 34
251 269 248
371 502 368
128 280 128
17 482 14
214 224 214
381 416 378
245 338 242
121 313 118
45 297 42
8 24 8
43 417 40
237 353 234
126 138 126
191 288 188
305 425 302
381 412 378
36 314 36
355 423 352
60 474 60
23 435 20
220 267 220
16 25 16
156 349 156
169 278 166
213 312 210
12 171 12
63 456 60
116 436 116
24 151 24
307 354 304
162 419 162
95 498 92
36 90 36
59 256 56
249 486 246
359 442 356
86 97 86
99 120 96
236 372 236
110 471 110
334 470 334
1 29 1
203 402 200
353 410 350
238 434 238
297 484 294
203 374 200
33 499 30
141 224 138
24 148 24
397 424 394
397 501 394
251 359 248
209 369 206
80 134 80
81 213 78
39 151 36
206 382 206
76 179 76
17 130 14
67 388 64
126 457 126
347 462 344
329 394 326
319 336 316
131 260 128
83 134 80
192 400 192
228 243 228
337 488 334
388 391 388
335 419 332
159 352 156
53 379 50
240 309 240
303 425 300
208 225 208
283 380 280
179 287 176
387 397 384
473 504 470
155 403 152
228 301 228
297 462 294
386 387 384
101 418 98
435 448 432
452 512 452
156 509 156
189 278 186
111 290 108
321 401 318
313 360 310
263 496 260
47 104 44
271 480 268
263 307 260
247 391 244
203 233 200
132 177 132
47 314 44
399 454 396
99 191 96
132 153 132
53 502 50
414 451 414
91 228 88
206 323 206
189 211 186
130 259 130
68 210 68
296 494 296
30 408 30
8 43 8
137 293 134
1 441 1
14 76 14
221 325 218
321 367 318
99 317 96
15 161 12
367 368 364
62 265 62
342 354 342
143 162 140
293 359 290
104 452 104
39 328 36
114 169 114
497 504 494
171 432 168
191 374 188
185 366 182
139 285 136
449 472 446
76 295 76
330 365 330
455 492 452
106 159 106
100 217 100
179 434 176
215 224 212
16 217 16
136 322 136
59 117 56
225 307 222
291 463 288
151 304 148
9 286 6
48 73 48
254 300 254
55 119 52
15 24 12
99 494 96
314 317 314
75 189 72
445 493 442
189 233 186
395 427 392
247 388 244
19 20 16
119 180 116
488 512 488
12 29 12
273 379 270
221 470 218
321 427 318
145 421 142
405 438 402
108 287 108
389 465 386
116 434 116
22 250 22
321 406 318
30 41 30
97 479 94
235 465 232
251 352 248
203 332 200
168 182 168
165 406 162
21 320 18
375 394 372
138 449 138
349 382 346
259 278 256
327 328 324
8 481 8
421 475 418
59 285 56
219 512 216
381 483 378
464 474 464
156 157 154
53 214 50
427 502 424
218 498 218
95 451 92
228 280 228
297 451 294
343 479 340
114 145 114
387 410 384
71 365 68
375 509 372
273 351 270
217 500 214
7 350 4
124 157 124
423 431 420
361 463 358
62 298 62
357 458 354
115 373 112
305 441 302
32 399 32
133 139 130
308 503 308
54 274 54
201 310 198
3 113 1
384 393 384
373 383 370
369 406 366
175 241 172
455 461 452
3 355 1
77 420 74
377 509 374
299 352 296
143 451 140
21 447 18
103 275 100
305 334 302
199 402 196
57 506 54
24 136 24
416 417 414
3 107 1
8 256 8
177 254 174
393 429 390
181 483 178
242 288 242
215 343 212
180 185 180
130 355 130
136 369 136
83 373 80
395 403 392
98 246 98
282 389 282
18 21 18
89 293 86
365 425 362
45 493 42
4 430 4
39 334 36
83 288 80
131 337 128
5 307 2
111 444 108
25 211 22
143 351 140
37 106 34
465 496 462
392 501 392
126 214 126
67 74 64
146 192 146
125 133 122
34 512 34
125 439 122
248 323 248
215 347 212
94 106 94
291 432 288
229 342 226
465 471 462
10 54 10
92 213 92
347 441 344
450 451 448
347 401 344
16 468 16
1 12 1
374 375 372
377 446 374
51 79 48
275 344 272
1 3 1
121 217 118
215 364 212
153 495 150
209 463 206
200 392 200
257 353 254
49 386 46
216 373 216
159 337 156
213 223 210
3 82 1
130 432 130
193 257 190
6 200 6
129 320 126
502 503 500
304 385 304
10 306 10
205 433 202
215 279 212
123 266 120
200 434 200
136 451 136
452 502 452
50 252 50
53 357 50
171 249 168
399 460 396
325 468 322
286 293 286
205 387 202
15 502 12
33 485 30
144 147 144
207 391 204
27 272 24
363 401 360
60 298 60
20 25 20
123 438 120
5 204 2
375 401 372
163 226 160
245 339 242
114 144 114
126 496 126
305 485 302
86 149 86
410 432 410
351 371 348
487 497 484
367 444 364
306 426 306
117 286 114
239 318 236
120 310 120
80 403 80
44 87 44
281 503 278
95 145 92
310 512 310
79 390 76
86 93 86
325 412 322
9 99 6
461 503 458
317 382 314
299 301 296
104 243 104
131 332 128
385 397 382
45 404 42
138 145 138
449 479 446
143 342 140
145 250 142
72 150 72
55 502 52
345 444 342
58 295 58
297 460 294
229 296 226
178 233 178
143 333 140
150 268 150
269 373 266
291 369 288
485 489 482
52 184 52
467 493 464
267 290 264
375 420 372
314 413 314
250 349 250
465 495 462
373 429 370
37 221 34
10 374 10
262 375 262
146 355 146
403 498 400
105 460 102
236 384 236
263 273 260
387 504 384
22 159 22
18 84 18
369 386 366
405 454 402
17 90 14
213 228 210
175 447 172
136 468 136
129 384 126
341 507 338
270 285 270
238 302 238
221 289 218
200 512 200
451 474 448
116 359 116
239 285 236
225 448 222
331 462 328
407 467 404
57 492 54
108 137 108
249 435 246
229 273 226
252 318 252
156 181 156
101 236 98
293 381 290
192 275 192
259 406 256
413 440 410
35 250 32
192 486 192
99 510 96
6 50 6
28 117 28
76 244 76
104 167 104
12 416 12
323 361 320
168 217 168
157 297 154
56 187 56
9 320 6
403 417 400
168 189 168
211 428 208
273 485 270
85 173 82
1 60 1
13 33 10
26 69 26
214 482 214
54 196 54
94 199 94
135 343 132
68 195 68
15 179 12
289 306 286
295 429 292
282 417 282
461 483 458
395 474 392
175 432 172
117 347 114
36 50 36
439 467 436
241 372 238
227 448 224
98 150 98
497 503 494
355 368 352
379 504 376
39 323 36
369 415 366
10 423 10
68 207 68
189 261 186
168 512 168
221 265 218
223 436 220
21 70 18
264 285 264
246 446 246
455 506 452
91 365 88
293 503 290
76 343 76
352 461 352
445 453 442
409 420 406
173 349 170
157 238 154
365 504 362
485 486 482
299 511 296
22 139 22
15 421 12
385 506 382
129 140 126
295 483 292
134 177 134
269 438 266
465 507 462
18 26 18
54 452 54
5 310 2
50 192 50
155 311 152
108 151 108
503 512 500
181 188 178
25 499 22
67 497 64
63 195 60
485 493 482
123 323 120
85 255 82
423 510 420
477 481 474
170 305 170
445 469 442
227 242 224
343 476 340
47 470 44
45 92 42
136 324 136
189 465 186
304 378 304
403 511 400
265 305 262
18 298 18
63 116 60
323 451 320
100 148 100
59 114 56
125 252 122
96 492 96
473 498 470
150 459 150
212 219 212
199 440 196
70 106 70
297 331 294
115 439 112
479 494 476
20 161 20
339 512 336
207 461 204
169 187 166
97 319 94
156 234 156
79 279 76
293 382 290
53 466 50
215 367 212
315 382 312
232 350 232
22 278 22
95 402 92
409 474 406
63 512 60
336 452 336
401 420 398
291 466 288
245 487 242
189 367 186
71 507 68
217 315 214
131 257 128
282 291 282
329 486 326
163 391 160
217 503 214
208 435 208
318 512 318
271 378 268
292 471 292
170 171 168
359 485 356
193 398 190
139 432 136
17 44 14
150 336 150
119 314 116
323 447 320
34 370 34
263 509 260
33 326 30
129 347 126
69 228 66
328 445 328
187 364 184
357 427 354
233 424 230
17 220 14
259 460 256
405 480 402
75 264 72
206 463 206
287 442 284
103 164 100
353 498 350
43 408 40
82 179 82
91 393 88
420 421 418
38 500 38
49 241 46
245 500 242
250 492 250
31 439 28
45 466 42
489 511 486
59 283 56
199 479 196
415 503 412
319 440 316
177 371 174
83 244 80
233 318 230
303 400 300
173 207 170
34 347 34
227 341 224
274 469 274
215 384 212
299 458 296
2 33 2
405 444 402
214 328 214
24 235 24
375 410 372
297 416 294
162 388 162
237 512 234
177 297 174
99 133 96
181 304 178
76 512 76
153 497 150
152 300 152
387 402 384
115 129 112
209 254 206
351 430 348
95 475 92
237 323 234
226 287 226
232 393 232
130 508 130
16 191 16
332 512 332
443 510 440
326 407 326
245 361 242
447 498 444
37 300 34
76 267 76
41 67 38
92 264 92
95 274 92
317 459 314
117 511 114
257 329 254
349 374 346
38 408 38
131 227 128
409 494 406
161 512 158
374 496 374
220 339 220
150 173 150
55 165 52
205 340 202
394 411 394
215 419 212
391 483 388
2 452 2
347 435 344
205 297 202
122 209 122
247 313 244
475 491 472
259 275 256
94 425 94
179 490 176
411 472 408
197 221 194
308 462 308
22 233 22
345 454 342
265 505 262
317 470 314
101 343 98
117 302 114
97 386 94
9 34 6
117 252 114
217 351 214
54 362 54
393 445 390
68 240 68
274 419 274
1 5 1
259 379 256
389 437 386
28 34 28
367 405 364
6 197 6
260 402 260
202 327 202
159 458 156
115 289 112
209 419 206
247 331 244
201 349 198
299 410 296
257 489 254
478 495 478
127 444 124
259 345 256
167 363 164
182 300 182
287 372 284
343 475 340
223 374 220
190 287 190
317 460 314
36 128 36
417 489 414
36 139 36
296 439 296
50 196 50
80 414 80
14 221 14
181 296 178
225 484 222
459 494 456
417 458 414
290 312 290
197 452 194
71 113 68
55 148 52
168 177 168
106 184 106
103 443 100
337 420 334
94 143 94
103 455 100
26 124 26
66 318 66
29 269 26
20 476 20
178 290 178
85 483 82
48 512 48
21 43 18
80 362 80
45 96 42
381 389 378
34 73 34
391 407 388
477 493 474
265 312 262
94 458 94
291 321 288
34 508 34
18 29 18
274 461 274
148 465 148
443 463 440
331 509 328
103 360 100
190 246 190
174 379 174
64 295 64
170 377 170
28 148 28
161 288 158
253 503 250
5 295 2
267 335 264
20 352 20
307 469 304
24 44 24
32 48 32
3 356 1
298 358 298
179 442 176
267 377 264
2 390 2
98 99 96
119 512 116
233 436 230
203 331 200
6 44 6
174 294 174
155 168 152
233 320 230
98 462 98
437 453 434
278 309 278
14 249 14
253 486 250
35 182 32
232 290 232
129 137 126
60 73 60
155 222 152
225 423 222
157 355 154
74 455 74
283 406 280
113 157 110
246 351 246
167 468 164
8 44 8
205 346 202
467 509 464
105 182 102
285 337 282
63 366 60
427 482 424
129 452 126
240 293 240
370 373 370
230 301 230
186 456 186
196 290 196
281 358 278
83 363 80
2 119 2
269 381 266
123 169 120
171 509 168
49 247 46
4 280 4
377 469 374
107 406 104
123 447 120
134 209 134
173 373 170
445 468 442
203 352 200
153 294 150
33 53 30
251 350 248
317 378 314
60 352 60
22 94 22
153 486 150
289 471 286
309 459 306
179 251 176
401 464 398
114 186 114
197 228 194
132 225 132
141 474 138
305 457 302
125 174 122
82 406 82
338 450 338
177 512 174
357 460 354
250 408 250
124 193 124
324 441 324
219 334 216
137 352 134
151 228 148
365 392 362
235 347 232
141 360 138
267 422 264
395 413 392
175 407 172
209 288 206
59 271 56
468 472 468
415 450 412
205 262 202
17 464 14
445 465 442
373 424 370
416 435 416
27 249 24
100 323 100
183 184 180
54 395 54
78 82 78
141 491 138
424 508 424
131 368 128
168 318 168
232 402 232
251 305 248
23 375 20
22 51 22
14 483 14
57 154 54
188 473 188
205 385 202
120 334 120
26 94 26
143 388 140
328 429 328
37 273 34
288 461 288
16 98 16
483 498 480
129 449 126
133 403 130
197 303 194
53 435 50
274 289 274
479 497 476
183 512 180
123 273 120
394 395 392
351 397 348
419 422 416
13 259 10
73 306 70
349 479 346
95 395 92
16 351 16
499 511 496
359 389 356
153 169 150
268 397 268
22 476 22
88 512 88
26 315 26
27 378 24
32 308 32
291 310 288
35 301 32
379 507 376
402 469 402
447 494 444
254 340 254
275 345 272
259 430 256
117 472 114
64 267 64
111 141 108
69 230 66
63 155 60
63 104 60
56 375 56
325 508 322
185 357 182
224 353 224
104 361 104
120 178 120
319 432 316
430 477 430
196 336 196
9 414 6
234 235 232
118 242 118
309 349 306
377 498 374
229 470 226
114 348 114
441 461 438
28 179 28
406 454 406
46 371 46
376 484 376
44 106 44
221 229 218
4 442 4
241 343 238
121 138 118
173 403 170
246 358 246
11 482 8
60 468 60
209 277 206
27 331 24
18 435 18
6 80 6
305 332 302
133 319 130
156 371 156
57 381 54
358 364 358
128 220 128
82 89 82
209 388 206
401 488 398
16 322 16
57 498 54
173 184 170
228 303 228
61 224 58
370 510 370
124 342 124
121 362 118
239 426 236
6 434 6
257 491 254
257 484 254
40 279 40
49 473 46
132 220 132
53 106 50
27 86 24
419 489 416
365 376 362
348 349 346
397 493 394
4 404 4
14 272 14
92 254 92
93 101 90
182 313 182
127 465 124
40 213 40
279 441 276
71 289 68
12 383 12
219 283 216
10 243 10
47 415 44
292 464 292
409 424 406
321 419 318
419 447 416
105 113 102
306 338 306
66 186 66
377 441 374
17 315 14
359 508 356
417 480 414
283 315 280
7 353 4
260 349 260
337 444 334
363 444 360
52 476 52
51 389 48
184 330 184
175 186 172
82 153 82
137 483 134
121 143 118
25 403 22
369 438 366
82 227 82
130 232 130
365 405 362
106 295 106
128 482 128
327 449 324
22 68 22
114 343 114
191 364 188
124 246 124
462 509 462
33 150 30
397 441 394
344 459 344
157 384 154
173 451 170
75 286 72
78 135 78
240 418 240
100 195 100
164 344 164
179 190 176
221 467 218
121 485 118
289 444 286
193 492 190
271 310 268
396 449 396
438 465 438
289 386 286
41 76 38
65 165 62
163 385 160
110 294 110
476 506 476
217 229 214
184 486 184
465 474 462
356 385 356
184 435 184
105 258 102
365 490 362
113 174 110
202 453 202
208 488 208
291 418 288
120 367 120
151 327 148
273 300 270
161 231 158
427 470 424
66 200 66
12 50 12
163 368 160
53 209 50
156 252 156
73 379 70
88 334 88
353 472 350
294 295 292
192 278 192
209 259 206
316 479 316
183 244 180
367 501 364
56 271 56
156 269 156
57 465 54
50 82 50
185 190 182
29 305 26
363 380 360
147 186 144
12 55 12
439 472 436
113 357 110
31 494 28
78 92 78
177 314 174
189 320 186
426 432 426
29 38 26
46 71 46
219 338 216
9 88 6
283 417 280
52 108 52
285 479 282
116 452 116
50 365 50
26 90 26
180 268 180
69 397 66
127 244 124
443 503 440
349 502 346
103 423 100
201 233 198
181 395 178
87 176 84
199 204 196
37 104 34
178 275 178
357 449 354
75 309 72
100 307 100
120 153 120
276 323 276
132 203 132
144 512 144
88 124 88
162 261 162
207 375 204
20 178 20
48 297 48
454 455 452
7 229 4
453 503 450
305 327 302
159 483 156
9 430 6
284 436 284
41 258 38
146 151 146
244 416 244
344 388 344
295 358 292
153 479 150
84 221 84
61 102 58
419 478 416
20 130 20
42 276 42
137 321 134
126 472 126
357 512 354
277 400 274
473 483 470
172 364 172
231 471 228
87 325 84
18 107 18
10 23 10
227 286 224
109 260 106
107 452 104
375 455 372
266 400 266
24 274 24
163 491 160
59 261 56
28 68 28
451 465 448
347 368 344
461 476 458
131 462 128
15 368 12
457 462 454
241 318 238
171 440 168
120 179 120
175 249 172
75 337 72
234 286 234
301 382 298
329 369 326
327 502 324
289 399 286
293 352 290
367 475 364
281 444 278
313 369 310
363 379 360
30 344 30
46 479 46
136 388 136
162 194 162
83 283 80
427 464 424
336 482 336
72 311 72
173 259 170
81 504 78
95 261 92
361 478 358
16 75 16
99 283 96
83 453 80
64 144 64
208 390 208
361 508 358
421 448 418
169 463 166
47 437 44
20 60 20
107 482 104
220 221 218
72 148 72
78 461 78
265 315 262
283 325 280
202 368 202
184 220 184
216 408 216
7 163 4
349 421 346
64 118 64
403 483 400
304 443 304
361 490 358
219 314 216
423 484 420
237 330 234
219 365 216
82 154 82
215 370 212
297 359 294
153 372 150
273 289 270
381 512 378
401 425 398
350 464 350
150 467 150
304 355 304
39 446 36
329 351 326
56 215 56
231 377 228
93 188 90
275 478 272
312 500 312
39 469 36
273 509 270
363 369 360
189 461 186
80 202 80
21 40 18
12 82 12
119 245 116
173 230 170
439 457 436
240 268 240
75 463 72
167 274 164
70 260 70
220 328 220
303 330 300
238 266 238
165 178 162
337 408 334
115 472 112
8 96 8
78 371 78
121 230 118
143 349 140
84 461 84
53 220 50
292 477 292
47 216 44
170 172 170
15 164 12
261 311 258
317 392 314
282 440 282
2 245 2
249 298 246
52 304 52
55 434 52
351 436 348
289 377 286
116 260 116
177 448 174
379 488 376
335 499 332
185 225 182
99 362 96
48 180 48
25 199 22
156 457 156
225 288 222
39 485 36
6 221 6
223 357 220
132 288 132
72 119 72
95 228 92
183 280 180
65 488 62
145 486 142
171 219 168
88 95 88
169 498 166
335 392 332
471 474 468
357 360 354
38 228 38
235 424 232
443 469 440
443 464 440
371 508 368
69 512 66
125 186 122
331 418 328
249 415 246
173 215 170
73 353 70
51 405 48
43 191 40
311 462 308
9 212 6
114 371 114
288 332 288
368 402 368
437 487 434
114 376 114
387 393 384
29 65 26
219 386 216
82 311 82
423 430 420
107 401 104
218 330 218
32 348 32
121 426 118
176 208 176
391 402 388
475 479 472
291 501 288
59 195 56
267 416 264
243 347 240
123 374 120
64 276 64
455 508 452
419 507 416
32 364 32
66 502 66
32 454 32
272 487 272
138 139 136
29 363 26
364 483 364
135 140 132
32 469 32
20 154 20
34 129 34
101 179 98
323 460 320
195 275 192
213 287 210
53 443 50
76 392 76
61 253 58
131 454 128
170 286 170
125 432 122
153 299 150
425 430 422
126 132 126
239 368 236
148 172 148
171 451 168
40 166 40
81 482 78
82 332 82
105 454 102
5 445 2
271 492 268
151 295 148
327 360 324
61 478 58
175 282 172
255 483 252
75 210 72
30 197 30
147 498 144
305 337 302
27 281 24
59 232 56
382 402 382
243 389 240
303 406 300
407 457 404
437 500 434
94 280 94
498 512 498
375 472 372
335 438 332
10 61 10
99 206 96
117 361 114
17 318 14
405 506 402
427 452 424
5 46 2
321 466 318
250 512 250
268 341 268
264 317 264
305 363 302
24 81 24
130 179 130
33 438 30
352 353 350
16 19 16
200 355 200
29 332 26
62 115 62
118 278 118
269 404 266
236 245 236
283 288 280
206 504 206
257 260 254
43 147 40
58 74 58
7 112 4
415 493 412
393 400 390
53 306 50
303 381 300
337 392 334
333 399 330
120 190 120
50 132 50
119 313 116
148 492 148
201 325 198
166 174 166
177 263 174
75 94 72
344 512 344
149 327 146
53 364 50
44 429 44
114 311 114
211 223 208
371 392 368
316 431 316
333 454 330
9 216 6
46 81 46
34 39 34
2 12 2
311 331 308
203 211 200
90 510 90
342 479 342
50 166 50
47 417 44
62 166 62
385 443 382
83 357 80
51 504 48
71 102 68
210 272 210
385 426 382
191 406 188
114 341 114
498 499 496
17 154 14
76 195 76
137 349 134
275 428 272
1 493 1
401 427 398
176 183 176
337 510 334
225 385 222
307 403 304
408 485 408
155 299 152
358 512 358
56 441 56
79 315 76
205 323 202
52 189 52
60 225 60
263 486 260
83 505 80
152 259 152
27 491 24
126 239 126
26 34 26
117 186 114
313 451 310
369 457 366
491 502 488
65 164 62
28 413 28
63 400 60
41 180 38
139 495 136
429 462 426
359 510 356
302 316 302
23 154 20
240 270 240
87 431 84
63 351 60
13 303 10
203 288 200
8 10 8
93 234 90
251 465 248
149 491 146
39 356 36
267 365 264
463 477 460
346 393 346
309 510 306
27 54 24
95 340 92
174 218 174
85 339 82
394 404 394
100 203 100
105 371 102
271 392 268
34 389 34
291 298 288
111 314 108
403 465 400
112 256 112
125 170 122
224 261 224
46 188 46
6 119 6
78 305 78
323 445 320
435 480 432
232 233 230
178 212 178
381 495 378
102 147 102
98 109 98
4 17 4
113 316 110
259 286 256
185 343 182
243 355 240
269 469 266
212 512 212
391 440 388
46 417 46
236 475 236
26 118 26
445 495 442
210 434 210
54 151 54
2 512 2
377 430 374
191 464 188
382 480 382
181 372 178
70 441 70
316 438 316
233 364 230
440 452 440
62 413 62
305 398 302
35 289 32
270 292 270
416 480 416
95 416 92
236 279 236
77 90 74
164 231 164
264 512 264
112 340 112
134 206 134
295 338 292
151 255 148
284 455 284
199 240 196
455 503 452
257 276 254
381 499 378
114 270 114
375 386 372
174 248 174
54 137 54
117 315 114
106 504 106
31 374 28
52 492 52
14 265 14
55 214 52
91 353 88
172 356 172
65 484 62
67 511 64
199 301 196
22 47 22
153 502 150
263 276 260
160 365 160
138 208 138
156 512 156
125 420 122
8 295 8
56 356 56
15 88 12
34 411 34
14 435 14
435 444 432
83 242 80
19 43 16
19 258 16
107 195 104
107 373 104
195 198 192
157 335 154
307 479 304
319 481 316
390 405 390
419 490 416
20 189 20
159 424 156
123 163 120
166 401 166
355 476 352
207 209 204
139 354 136
263 497 260
388 458 388
147 272 144
263 492 260
277 290 274
451 462 448
37 346 34
99 248 96
42 267 42
151 222 148
117 372 114
85 274 82
125 512 122
81 512 78
112 512 112
70 80 70
63 107 60
455 456 452
175 193 172
153 366 150
82 386 82
221 332 218
255 328 252
473 491 470
86 151 86
219 362 216
99 194 96
42 273 42
3 160 1
173 352 170
72 440 72
49 468 46
130 299 130
109 501 106
29 275 26
29 185 26
105 438 102
344 464 344
168 418 168
51 125 48
196 408 196
136 512 136
349 506 346
433 512 430
143 266 140
427 495 424
349 446 346
245 468 242
378 479 378
23 266 20
49 186 46
115 192 112
38 109 38
397 413 394
344 436 344
76 408 76
381 423 378
201 502 198
63 153 60
281 466 278
242 361 242
53 148 50
337 380 334
145 385 142
236 306 236
63 333 60
167 491 164
152 181 152
459 481 456
282 369 282
42 226 42
455 482 452
37 49 34
303 372 300
129 349 126
400 485 400
333 485 330
314 421 314
209 342 206
167 310 164
7 390 4
287 413 284
436 501 436
375 432 372
210 273 210
367 418 364
239 436 236
37 324 34
216 415 216
59 221 56
85 111 82
7 218 4
110 223 110
56 421 56
495 501 492
19 270 16
209 507 206
314 490 314
111 303 108
289 439 286
116 117 114
473 490 470
247 451 244
353 385 350
411 437 408
60 309 60
57 322 54
401 489 398
314 353 314
98 284 98
46 234 46
395 453 392
85 253 82
158 222 158
117 326 114
37 340 34
167 412 164
144 269 144
298 360 298
134 182 134
464 466 464
12 466 12
333 349 330
15 286 12
127 225 124
10 12 10
183 249 180
283 401 280
233 425 230
31 184 28
413 489 410
105 462 102
69 465 66
283 354 280
195 452 192
337 395 334
363 388 360
21 327 18
72 512 72
129 266 126
368 489 368
426 512 426
151 472 148
54 285 54
339 415 336
398 486 398
42 44 42
53 177 50
22 114 22
77 263 74
218 509 218
443 496 440
217 306 214
121 360 118
337 427 334
172 433 172
238 511 238
277 433 274
24 288 24
10 99 10
43 391 40
99 200 96
95 329 92
77 241 74
127 271 124
203 483 200
417 441 414
389 423 386
54 442 54
71 139 68
245 512 242
69 437 66
23 249 20
23 158 20
329 450 326
135 441 132
34 94 34
225 353 222
231 307 228
277 328 274
207 463 204
106 263 106
262 407 262
294 435 294
202 415 202
114 135 114
89 314 86
39 195 36
485 507 482
134 449 134
132 242 132
8 38 8
102 130 102
190 372 190
435 493 432
155 398 152
446 497 446
341 342 338
129 192 126
253 427 250
71 329 68
445 474 442
199 385 196
351 383 348
377 424 374
12 284 12
113 498 110
163 306 160
376 465 376
19 486 16
120 490 120
198 413 198
369 414 366
94 176 94
33 437 30
49 347 46
380 418 380
319 498 316
16 284 16
183 251 180
21 392 18
348 467 348
120 128 120
315 464 312
282 311 282
130 157 130
63 91 60
235 481 232
88 414 88
186 187 184
183 469 180
276 385 276
109 429 106
15 482 12
36 512 36
1 50 1
346 357 346
325 485 322
317 453 314
34 227 34
44 67 44
35 63 32
329 422 326
389 472 386
230 277 230
239 244 236
273 470 270
92 467 92
67 77 64
21 191 18
179 220 176
103 479 100
159 405 156
251 274 248
419 480 416
167 362 164
102 349 102
113 472 110
115 315 112
314 508 314
24 59 24
204 406 204
339 434 336
219 445 216
133 382 130
165 232 162
271 349 268
132 499 132
23 360 20
145 392 142
50 83 50
15 488 12
455 457 452
389 424 386
356 502 356
353 379 350
28 44 28
153 261 150
360 397 360
48 511 48
45 501 42
76 103 76
86 251 86
375 490 372
320 422 320
24 229 24
113 209 110
41 49 38
300 374 300
128 232 128
363 473 360
198 282 198
10 185 10
174 304 174
57 198 54
374 457 374
267 289 264
177 484 174
133 483 130
222 319 222
239 308 236
263 362 260
434 452 434
22 185 22
311 470 308
35 388 32
140 300 140
507 511 504
168 280 168
305 366 302
452 483 452
351 437 348
8 20 8
151 229 148
248 511 248
255 422 252
179 249 176
23 246 20
56 409 56
110 202 110
73 163 70
50 478 50
97 140 94
233 410 230
124 476 124
102 128 102
149 403 146
315 512 312
127 347 124
291 507 288
17 128 14
341 496 338
333 491 330
243 335 240
314 469 314
212 294 212
150 226 150
339 507 336
373 494 370
57 175 54
21 44 18
223 304 220
188 295 188
138 365 138
143 483 140
40 41 38
87 452 84
235 290 232
185 403 182
265 492 262
101 429 98
284 468 284
354 369 354
93 183 90
286 317 286
21 166 18
174 255 174
98 308 98
178 199 178
261 371 258
257 464 254
74 127 74
172 190 172
21 226 18
114 260 114
103 221 100
333 443 330
351 390 348
10 375 10
401 413 398
63 455 60
101 263 98
312 484 312
275 503 272
9 64 6
274 276 274
171 294 168
13 352 10
91 255 88
45 317 42
408 483 408
23 259 20
117 150 114
327 367 324
217 484 214
301 473 298
11 356 8
60 75 60
17 257 14
56 436 56
440 484 440
116 484 116
145 153 142
103 165 100
16 125 16
53 95 50
224 431 224
315 449 312
133 456 130
225 503 222
80 423 80
349 378 346
319 453 316
13 284 10
82 234 82
275 506 272
41 473 38
373 497 370
100 488 100
213 449 210
117 427 114
121 160 118
28 410 28
45 371 42
395 460 392
308 472 308
232 268 232
51 236 48
206 285 206
69 232 66
243 251 240
231 358 228
131 405 128
238 341 238
243 261 240
248 369 248
34 108 34
172 488 172
261 394 258
221 300 218
346 512 346
141 222 138
147 357 144
322 493 322
447 492 444
157 344 154
343 399 340
233 254 230
75 285 72
102 191 102
58 70 58
161 472 158
219 424 216
92 139 92
75 510 72
38 485 38
2 66 2
475 499 472
10 505 10
374 416 374
407 492 404
263 266 260
136 298 136
154 433 154
30 472 30
224 344 224
57 436 54
47 461 44
87 265 84
167 242 164
50 110 50
109 472 106
467 486 464
143 400 140
22 160 22
164 411 164
156 166 156
241 406 238
356 373 356
215 336 212
305 490 302
266 413 266
191 229 188
133 251 130
475 495 472
457 470 454
223 302 220
116 467 116
211 299 208
14 363 14
304 341 304
227 308 224
59 400 56
73 322 70
292 333 292
289 294 286
441 466 438
191 446 188
107 407 104
307 430 304
29 148 26
382 472 382
179 183 176
131 250 128
174 388 174
43 512 40
179 435 176
481 499 478
9 325 6
153 205 150
53 126 50
439 455 436
383 456 380
141 271 138
15 358 12
106 172 106
313 387 310
373 447 370
145 168 142
227 487 224
30 45 30
29 469 26
155 269 152
229 493 226
307 488 304
8 317 8
330 358 330
56 497 56
82 321 82
92 272 92
344 400 344
60 469 60
415 466 412
35 75 32
5 280 2
49 60 46
233 238 230
86 143 86
8 88 8
45 175 42
92 425 92
162 308 162
299 430 296
263 423 260
11 422 8
473 493 470
508 510 508
1 399 1
113 211 110
231 249 228
309 494 306
32 40 32
207 252 204
5 389 2
26 343 26
5 130 2
24 216 24
13 313 10
32 183 32
164 512 164
20 40 20
359 431 356
12 107 12
256 259 256
113 116 110
71 472 68
165 419 162
44 507 44
428 431 428
220 385 220
272 361 272
108 315 108
243 387 240
30 92 30
137 493 134
168 250 168
183 232 180
307 490 304
16 211 16
248 402 248
379 502 376
270 291 270
296 311 296
122 304 122
33 146 30
235 396 232
396 474 396
70 268 70
189 377 186
355 417 352
25 282 22
200 230 200
76 469 76
61 471 58
76 95 76
92 451 92
381 422 378
48 379 48
361 418 358
48 263 48
133 194 130
366 462 366
143 169 140
63 187 60
30 203 30
135 184 132
12 110 12
366 379 366
105 418 102
42 86 42
246 436 246
279 426 276
164 311 164
159 161 156
5 217 2
207 269 204
397 467 394
243 283 240
90 111 90
132 488 132
97 114 94
72 500 72
161 360 158
64 143 64
97 266 94
67 247 64
238 252 238
91 412 88
405 406 402
277 409 274
283 422 280
58 315 58
22 78 22
145 495 142
461 489 458
372 417 372
491 492 488
441 451 438
195 471 192
443 490 440
197 504 194
99 305 96
32 69 32
444 451 444
327 435 324
330 363 330
213 419 210
307 326 304
369 400 366
132 166 132
60 464 60
50 296 50
276 308 276
349 388 346
3 408 1
166 415 166
335 394 332
390 496 390
303 418 300
413 498 410
93 399 90
62 281 62
309 473 306
111 498 108
183 486 180
156 483 156
59 355 56
348 386 348
431 456 428
235 355 232
12 149 12
31 366 28
217 372 214
116 141 116
51 53 48
255 413 252
107 287 104
89 463 86
164 364 164
135 262 132
468 501 468
216 448 216
499 501 496
367 382 364
32 228 32
189 429 186
245 438 242
26 346 26
185 247 182
127 269 124
111 279 108
253 468 250
1 308 1
273 439 270
97 202 94
175 358 172
319 461 316
9 302 6
126 287 126
162 447 162
199 340 196
67 381 64
445 483 442
24 92 24
153 279 150
112 251 112
272 498 272
253 314 250
35 161 32
67 377 64
457 489 454
106 512 106
459 497 456
43 48 40
253 279 250
2 92 2
52 192 52
3 56 1
99 405 96
417 494 414
39 478 36
358 446 358
76 187 76
71 181 68
493 509 490
86 240 86
10 144 10
87 178 84
288 509 288
254 371 254
323 385 320
256 338 256
33 351 30
155 323 152
313 485 310
365 445 362
55 237 52
437 507 434
30 31 28
24 248 24
49 375 46
121 229 118
65 269 62
187 452 184
324 375 324
168 234 168
30 209 30
127 295 124
160 269 160
351 470 348
89 478 86
143 383 140
19 396 16
329 489 326
221 512 218
215 438 212
45 83 42
371 435 368
118 426 118
114 273 114
19 164 16
1 14 1
115 313 112
251 288 248
230 349 230
21 303 18
214 409 214
93 449 90
47 467 44
111 351 108
158 269 158
471 500 468
453 455 450
375 460 372
283 359 280
3 512 1
173 287 170
375 430 372
419 433 416
9 310 6
346 450 346
463 478 460
105 119 102
377 472 374
201 261 198
81 173 78
289 443 286
472 473 470
189 386 186
268 327 268
181 198 178
479 483 476
375 447 372
64 68 64
305 364 302
46 313 46
189 333 186
45 470 42
239 441 236
192 415 192
335 442 332
129 196 126
260 384 260
168 200 168
102 235 102
256 272 256
237 458 234
44 364 44
103 338 100
9 328 6
331 383 328
87 200 84
68 413 68
114 465 114
188 322 188
50 81 50
197 434 194
477 504 474
22 387 22
21 73 18
153 215 150
151 291 148
341 405 338
1 96 1
335 381 332
50 443 50
412 475 412
8 42 8
339 346 336
161 509 158
467 482 464
334 346 334
245 496 242
23 439 20
141 487 138
339 455 336
341 366 338
204 512 204
31 436 28
443 467 440
150 372 150
191 432 188
309 343 306
317 504 314
83 396 80
271 435 268
164 213 164
139 225 136
318 416 318
123 212 120
170 226 170
91 285 88
153 316 150
200 482 200
22 459 22
44 244 44
327 512 324
241 486 238
111 510 108
168 201 168
416 433 416
362 383 362
38 88 38
199 220 196
237 456 234
281 349 278
203 418 200
271 428 268
450 504 450
387 426 384
106 110 106
87 261 84
31 481 28
319 323 316
36 258 36
273 389 270
55 276 52
384 385 382
314 496 314
51 450 48
379 434 376
469 512 466
160 239 160
335 362 332
90 142 90
159 468 156
194 205 194
433 483 430
144 162 144
54 67 54
339 394 336
156 159 156
399 444 396
17 448 14
47 148 44
124 442 124
427 458 424
331 511 328
382 383 380
232 501 232
473 478 470
399 490 396
155 259 152
206 237 206
397 429 394
162 221 162
470 480 470
392 397 392
392 512 392
339 461 336
133 387 130
154 166 154
17 158 14
35 406 32
229 457 226
93 146 90
125 356 122
103 106 100
54 280 54
121 331 118
42 157 42
67 119 64
30 338 30
404 512 404
280 347 280
86 338 86
1 353 1
163 289 160
189 463 186
174 409 174
479 505 476
353 441 350
347 377 344
320 462 320
451 457 448
100 360 100
263 430 260
250 295 250
457 460 454
218 497 218
363 442 360
175 357 172
133 246 130
293 463 290
6 26 6
133 300 130
101 219 98
331 352 328
5 163 2
399 500 396
42 495 42
415 422 412
397 418 394
221 311 218
327 334 324
229 407 226
195 395 192
204 496 204
273 417 270
81 181 78
235 339 232
113 318 110
261 404 258
15 321 12
53 77 50
234 255 234
231 477 228
212 314 212
126 378 126
171 312 168
29 512 26
89 374 86
463 467 460
25 412 22
55 485 52
196 369 196
181 258 178
97 467 94
240 391 240
301 470 298
315 334 312
13 366 10
16 153 16
61 376 58
101 449 98
6 407 6
277 389 274
42 263 42
34 393 34
79 256 76
146 188 146
61 477 58
323 478 320
324 393 324
113 375 110
104 245 104
80 449 80
37 59 34
423 473 420
141 281 138
419 464 416
55 334 52
19 500 16
42 138 42
93 173 90
263 388 260
321 376 318
36 280 36
278 397 278
155 364 152
37 250 34
267 424 264
39 494 36
18 178 18
209 237 206
360 400 360
135 175 132
249 292 246
322 487 322
345 476 342
135 204 132
17 168 14
107 507 104
196 404 196
375 468 372
241 356 238
337 350 334
417 464 414
147 175 144
193 433 190
368 399 368
38 169 38
52 97 52
269 372 266
201 354 198
277 427 274
120 176 120
141 383 138
291 383 288
383 509 380
501 506 498
275 352 272
69 77 66
211 353 208
63 239 60
255 317 252
71 150 68
105 481 102
280 461 280
20 203 20
380 503 380
375 506 372
81 310 78
30 262 30
338 461 338
189 269 186
127 387 124
304 442 304
349 503 346
2 113 2
9 381 6
132 299 132
207 440 204
103 417 100
193 218 190
222 512 222
141 378 138
30 84 30
51 321 48
139 255 136
287 366 284
54 474 54
406 512 406
289 346 286
126 253 126
257 439 254
85 102 82
115 426 112
182 298 182
105 366 102
303 311 300
496 509 496
92 110 92
60 217 60
189 235 186
51 461 48
42 322 42
201 342 198
99 156 96
257 348 254
245 497 242
377 471 374
386 440 386
248 301 248
187 388 184
323 334 320
175 473 172
321 387 318
149 469 146
195 341 192
197 371 194
29 194 26
401 402 398
18 342 18
217 426 214
138 202 138
319 386 316
401 468 398
281 304 278
276 301 276
249 322 246
153 434 150
191 458 188
156 376 156
257 441 254
26 53 26
355 494 352
465 509 462
321 483 318
4 34 4
10 427 10
185 270 182
403 433 400
482 512 482
455 499 452
21 460 18
56 118 56
156 443 156
4 9 4
64 115 64
26 212 26
87 474 84
188 494 188
444 468 444
109 509 106
85 227 82
230 483 230
60 62 60
269 437 266
3 461 1
145 414 142
339 362 336
191 224 188
233 251 230
199 464 196
13 87 10
229 487 226
397 453 394
44 51 44
477 508 474
441 475 438
331 454 328
149 450 146
33 480 30
31 365 28
128 353 128
385 432 382
29 250 26
211 322 208
347 429 344
83 307 80
95 504 92
323 458 320
61 313 58
98 423 98
131 336 128
273 488 270
115 243 112
490 491 488
165 370 162
317 386 314
275 463 272
391 465 388
95 446 92
115 285 112
317 342 314
215 338 212
152 269 152
361 486 358
278 286 278
122 434 122
44 474 44
178 507 178
132 133 130
193 373 190
253 458 250
157 300 154
175 403 172
122 358 122
179 242 176
37 459 34
115 185 112
211 405 208
101 117 98
199 304 196
467 488 464
145 263 142
138 229 138
167 305 164
431 511 428
234 389 234
280 283 280
71 372 68
22 42 22
168 322 168
173 429 170
185 280 182
213 442 210
50 373 50
194 228 194
349 408 346
327 345 324
318 401 318
281 394 278
387 400 384
20 43 20
107 216 104
387 425 384
54 104 54
6 17 6
173 381 170
47 76 44
383 446 380
205 233 202
463 489 460
218 488 218
96 287 96
25 253 22
371 501 368
54 281 54
171 269 168
83 213 80
23 145 20
261 362 258
98 197 98
21 449 18
43 273 40
427 451 424
271 352 268
52 260 52
39 215 36
480 485 480
119 448 116
148 224 148
7 474 4
90 309 90
119 160 116
233 334 230
255 381 252
199 389 196
65 331 62
306 462 306
46 253 46
243 501 240
261 411 258
96 323 96
305 381 302
26 490 26
7 484 4
297 454 294
44 472 44
383 414 380
40 332 40
107 328 104
314 380 314
297 385 294
15 361 12
249 302 246
195 248 192
5 390 2
209 283 206
346 347 344
413 462 410
410 442 410
211 236 208
167 215 164
205 488 202
80 125 80
55 426 52
437 446 434
383 417 380
122 445 122
404 451 404
178 222 178
268 363 268
62 65 62
244 501 244
85 301 82
77 371 74
338 378 338
216 380 216
34 68 34
258 465 258
266 422 266
51 143 48
285 430 282
25 503 22
381 469 378
319 474 316
110 447 110
465 500 462
299 390 296
74 254 74
120 241 120
11 479 8
377 412 374
113 293 110
47 290 44
28 281 28
373 482 370
427 505 424
254 276 254
207 406 204
423 468 420
275 355 272
174 216 174
238 496 238
81 289 78
82 369 82
50 227 50
98 408 98
315 350 312
87 235 84
72 232 72
199 228 196
59 312 56
103 251 100
140 394 140
301 401 298
197 293 194
187 374 184
319 416 316
398 399 396
47 78 44
331 494 328
37 401 34
197 454 194
147 185 144
64 177 64
155 196 152
299 372 296
279 368 276
129 273 126
425 479 422
190 283 190
371 483 368
252 316 252
461 474 458
209 434 206
97 178 94
174 428 174
340 354 340
222 313 222
50 398 50
217 497 214
12 266 12
31 333 28
449 482 446
37 418 34
92 236 92
148 240 148
122 386 122
361 378 358
381 419 378
194 433 194
62 400 62
215 237 212
129 172 126
50 176 50
299 426 296
57 237 54
77 498 74
15 284 12
130 418 130
256 273 256
281 320 278
244 512 244
52 84 52
345 483 342
65 87 62
89 275 86
438 501 438
119 134 116
24 254 24
327 348 324
24 30 24
313 450 310
307 387 304
498 503 498
283 300 280
13 466 10
138 509 138
220 468 220
42 111 42
347 482 344
175 398 172
278 352 278
195 197 192
95 238 92
17 183 14
111 377 108
326 489 326
354 408 354
340 498 340
299 508 296
305 460 302
269 358 266
291 509 288
139 234 136
459 499 456
363 507 360
51 144 48
347 383 344
61 291 58
8 69 8
343 503 340
52 124 52
48 81 48
210 478 210
202 442 202
73 474 70
19 78 16
284 450 284
219 286 216
397 451 394
203 393 200
460 465 460
165 281 162
477 499 474
15 360 12
421 446 418
127 512 124
254 497 254
150 166 150
263 396 260
429 481 426
126 469 126
321 512 318
366 471 366
274 285 274
446 447 444
350 403 350
110 288 110
381 471 378
93 461 90
184 454 184
217 439 214
100 337 100
259 389 256
209 482 206
133 278 130
232 373 232
77 395 74
184 322 184
161 477 158
360 509 360
17 302 14
184 361 184
274 468 274
181 269 178
213 266 210
464 465 462
157 210 154
64 410 64
96 141 96
53 413 50
49 171 46
18 300 18
391 502 388
163 430 160
40 119 40
38 139 38
213 330 210
369 490 366
145 308 142
27 222 24
44 125 44
320 512 320
237 439 234
283 460 280
467 481 464
325 385 322
45 161 42
289 312 286
259 284 256
223 239 220
96 489 96
223 247 220
90 284 90
118 161 118
87 473 84
244 344 244
58 64 58
212 350 212
335 468 332
81 356 78
1 2 1
175 265 172
189 227 186
64 167 64
50 165 50
345 374 342
197 317 194
224 332 224
118 126 118
179 460 176
239 370 236
115 347 112
268 274 268
171 460 168
102 355 102
33 407 30
67 296 64
9 405 6
125 445 122
227 257 224
144 414 144
206 404 206
315 491 312
418 466 418
147 157 144
72 152 72
9 21 6
93 376 90
259 324 256
11 271 8
67 504 64
296 512 296
36 154 36
468 512 468
17 370 14
1 384 1
226 384 226
309 497 306
400 430 400
251 502 248
255 340 252
223 336 220
138 284 138
163 355 160
39 180 36
67 410 64
183 317 180
50 130 50
32 157 32
255 506 252
76 102 76
164 266 164
259 311 256
129 150 126
313 410 310
112 338 112
431 433 428
187 465 184
233 451 230
222 253 222
1 195 1
106 186 106
148 473 148
323 400 320
283 284 280
163 209 160
421 512 418
249 471 246
81 142 78
49 306 46
203 431 200
365 390 362
40 459 40
51 421 48
172 489 172
281 449 278
153 385 150
301 307 298
221 461 218
141 265 138
293 393 290
173 409 170
150 151 148
231 368 228
80 207 80
373 467 370
89 461 86
91 244 88
230 386 230
375 421 372
239 307 236
129 143 126
325 494 322
44 92 44
241 248 238
61 276 58
6 134 6
103 316 100
389 428 386
302 410 302
72 301 72
144 450 144
120 126 120
397 506 394
83 181 80
433 511 430
149 234 146
284 408 284
313 374 310
77 411 74
209 242 206
41 90 38
226 347 226
36 91 36
287 440 284
289 350 286
6 99 6
182 305 182
75 305 72
3 369 1
12 272 12
257 462 254
254 285 254
95 131 92
10 18 10
363 418 360
151 413 148
483 492 480
96 328 96
477 502 474
414 498 414
192 480 192
118 226 118
216 434 216
448 502 448
268 314 268
151 498 148
335 488 332
107 451 104
272 336 272
233 475 230
243 379 240
329 431 326
165 495 162
231 286 228
359 441 356
158 177 158
142 481 142
186 447 186
199 491 196
247 395 244
351 360 348
193 214 190
418 450 418
50 118 50
304 480 304
57 80 54
249 463 246
100 399 100
181 284 178
86 166 86
309 350 306
67 472 64
245 483 242
259 274 256
281 317 278
190 488 190
343 416 340
210 211 208
338 500 338
36 332 36
192 412 192
165 431 162
127 136 124
301 461 298
112 417 112
273 373 270
75 391 72
6 30 6
32 146 32
126 327 126
251 506 248
207 452 204
268 497 268
215 266 212
405 419 402
348 422 348
95 414 92
61 170 58
25 444 22
94 115 94
373 390 370
281 299 278
119 251 116
15 87 12
1 364 1
313 426 310
337 365 334
300 479 300
95 464 92
63 200 60
238 299 238
108 244 108
218 319 218
163 176 160
229 497 226
70 501 70
8 78 8
456 464 456
10 25 10
259 268 256
46 209 46
377 381 374
203 253 200
215 225 212
24 409 24
9 366 6
195 389 192
459 503 456
415 461 412
23 512 20
429 444 426
7 70 4
364 482 364
343 345 340
30 64 30
83 163 80
248 395 248
147 352 144
441 505 438
449 504 446
1 46 1
433 506 430
25 61 22
137 471 134
117 399 114
277 339 274
80 213 80
81 261 78
291 340 288
69 110 66
161 448 158
10 47 10
309 364 306
49 410 46
139 395 136
110 318 110
35 262 32
106 251 106
455 495 452
51 139 48
84 501 84
127 438 124
80 103 80
224 363 224
233 309 230
323 438 320
292 306 292
55 304 52
91 408 88
87 464 84
245 259 242
293 512 290
223 397 220
450 499 450
3 229 1
164 218 164
311 386 308
426 483 426
207 384 204
127 401 124
87 91 84
350 415 350
112 129 112
150 475 150
193 353 190
118 186 118
105 302 102
233 509 230
247 348 244
39 362 36
136 238 136
443 457 440
148 324 148
229 246 226
357 429 354
211 407 208
73 383 70
301 365 298
407 408 404
345 455 342
145 493 142
203 497 200
224 310 224
217 380 214
133 143 130
59 258 56
375 488 372
14 52 14
433 459 430
333 457 330
161 461 158
133 468 130
199 403 196
234 512 234
321 475 318
167 229 164
40 74 40
305 481 302
48 132 48
140 395 140
172 491 172
189 226 186
256 443 256
473 496 470
25 321 22
222 244 222
196 284 196
453 492 450
127 190 124
58 457 58
433 473 430
53 78 50
109 341 106
142 337 142
38 70 38
50 256 50
226 395 226
271 309 268
329 455 326
249 438 246
24 246 24
30 429 30
63 241 60
72 466 72
195 276 192
113 351 110
263 296 260
184 190 184
243 361 240
437 466 434
143 415 140
331 382 328
343 508 340
112 450 112
37 328 34
167 411 164
279 404 276
339 510 336
278 398 278
119 503 116
289 409 286
274 427 274
51 190 48
219 460 216
94 367 94
8 386 8
193 311 190
111 176 108
245 383 242
95 480 92
77 370 74
175 388 172
379 403 376
46 471 46
195 456 192
25 164 22
311 439 308
40 261 40
94 429 94
374 383 374
191 497 188
227 359 224
14 46 14
253 512 250
321 508 318
37 152 34
119 178 116
279 439 276
5 373 2
24 121 24
337 439 334
242 371 242
443 449 440
298 371 298
261 468 258
73 279 70
201 278 198
178 218 178
146 490 146
177 429 174
459 471 456
103 121 100
336 467 336
415 446 412
62 89 62
183 488 180
19 510 16
217 498 214
153 390 150
272 433 272
135 316 132
365 414 362
88 162 88
213 270 210
343 392 340
370 378 370
295 434 292
77 397 74
19 228 16
167 275 164
119 274 116
447 476 444
184 347 184
209 361 206
257 336 254
335 508 332
217 384 214
309 451 306
215 445 212
169 333 166
103 334 100
166 273 166
139 301 136
71 442 68
225 287 222
67 341 64
344 375 344
423 469 420
36 111 36
247 333 244
266 293 266
371 459 368
14 102 14
64 199 64
162 193 162
122 412 122
80 412 80
145 360 142
188 379 188
20 373 20
351 457 348
254 268 254
227 317 224
204 247 204
156 453 156
7 155 4
244 406 244
170 354 170
211 496 208
161 346 158
234 319 234
25 258 22
131 340 128
46 159 46
102 402 102
177 343 174
211 312 208
207 227 204
327 453 324
11 173 8
29 505 26
111 512 108
76 208 76
397 499 394
313 504 310
99 222 96
344 367 344
189 420 186
19 209 16
45 370 42
227 501 224
41 503 38
243 431 240
86 204 86
288 331 288
330 430 330
274 296 274
356 362 356
26 39 26
13 280 10
152 428 152
451 464 448
427 476 424
28 469 28
217 326 214
208 490 208
354 450 354
293 318 290
169 214 166
86 102 86
222 347 222
88 106 88
383 464 380
68 396 68
3 210 1
126 396 126
108 276 108
5 193 2
28 308 28
38 225 38
363 436 360
98 478 98
266 448 266
116 349 116
242 512 242
163 173 160
148 159 148
176 304 176
31 384 28
186 245 186
75 128 72
78 116 78
43 119 40
83 498 80
19 130 16
332 397 332
95 429 92
413 424 410
148 236 148
169 397 166
123 391 120
199 507 196
409 512 406
98 168 98
369 489 366
153 249 150
443 505 440
407 477 404
123 470 120
105 186 102
297 398 294
303 360 300
274 410 274
367 407 364
52 233 52
47 190 44
281 303 278
481 492 478
100 511 100
211 311 208
479 487 476
455 472 452
89 207 86
84 457 84
259 320 256
354 509 354
26 228 26
399 503 396
259 422 256
435 437 432
345 481 342
95 193 92
419 488 416
81 455 78
417 422 414
253 411 250
255 487 252
100 386 100
147 203 144
115 170 112
194 209 194
170 252 170
245 333 242
400 406 400
72 340 72
75 329 72
218 418 218
200 424 200
251 336 248
20 245 20
21 153 18
205 459 202
256 474 256
34 498 34
349 410 346
71 447 68
424 488 424
343 437 340
465 487 462
61 361 58
5 452 2
353 356 350
339 396 336
152 262 152
301 501 298
247 463 244
280 294 280
191 222 188
235 371 232
171 372 168
191 489 188
118 207 118
254 507 254
350 385 350
263 308 260
473 505 470
226 409 226
106 243 106
6 65 6
159 467 156
399 456 396
457 482 454
379 399 376
423 448 420
107 478 104
139 232 136
35 198 32
306 404 306
91 366 88
84 254 84
103 118 100
165 274 162
64 105 64
297 375 294
267 333 264
247 283 244
48 279 48
35 272 32
437 448 434
411 495 408
225 329 222
150 248 150
191 262 188
16 220 16
177 265 174
439 498 436
36 75 36
53 271 50
115 251 112
267 468 264
41 446 38
17 367 14
76 169 76
411 427 408
113 371 110
224 378 224
375 505 372
77 187 74
39 309 36
440 510 440
443 474 440
156 237 156
277 477 274
60 71 60
99 512 96
216 477 216
287 339 284
391 486 388
20 23 20
337 475 334
253 360 250
351 490 348
172 464 172
355 371 352
210 470 210
87 150 84
454 464 454
155 443 152
175 228 172
225 257 222
305 510 302
24 153 24
21 493 18
133 360 130
420 467 420
170 180 170
229 486 226
46 47 44
350 351 348
11 280 8
14 385 14
117 369 114
57 147 54
13 410 10
417 499 414
305 493 302
458 499 458
408 446 408
121 249 118
204 214 204
455 471 452
65 503 62
96 465 96
443 481 440
73 409 70
253 464 250
7 101 4
198 456 198
333 408 330
234 463 234
123 158 120
299 376 296
3 122 1
123 301 120
115 384 112
46 294 46
374 415 374
414 499 414
227 462 224
72 87 72
287 451 284
161 216 158
96 233 96
317 403 314
418 463 418
193 512 190
73 399 70
301 355 298
78 100 78
92 461 92
169 453 166
208 452 208
35 276 32
171 512 168
387 468 384
269 326 266
13 209 10
357 473 354
178 338 178
25 344 22
427 454 424
7 49 4
232 332 232
57 88 54
204 509 204
94 320 94
86 213 86
60 398 60
289 296 286
307 456 304
249 253 246
261 325 258
95 458 92
67 365 64
369 508 366
291 491 288
161 400 158
483 512 480
150 288 150
99 135 96
75 290 72
119 433 116
247 374 244
157 285 154
134 467 134
81 442 78
94 214 94
309 338 306
106 432 106
222 338 222
277 448 274
293 467 290
29 97 26
481 512 478
182 325 182
289 347 286
4 210 4
90 270 90
209 270 206
241 408 238
244 350 244
299 310 296
333 422 330
169 316 166
303 393 300
13 165 10
98 469 98
139 286 136
389 446 386
317 426 314
255 269 252
173 177 170
30 114 30
107 175 104
101 467 98
259 338 256
79 511 76
173 209 170
392 500 392
318 362 318
441 502 438
84 293 84
232 398 232
213 416 210
266 285 266
279 430 276
85 302 82
73 483 70
292 512 292
43 415 40
125 288 122
263 447 260
91 300 88
395 511 392
52 253 52
159 212 156
110 111 108
55 183 52
15 372 12
210 413 210
116 422 116
14 226 14
128 282 128
12 45 12
425 497 422
337 397 334
295 387 292
183 198 180
309 373 306
27 43 24
64 158 64
37 53 34
132 226 132
91 455 88
338 512 338
341 365 338
216 301 216
2 8 2
363 475 360
304 328 304
252 382 252
260 392 260
261 270 258
243 296 240
244 381 244
255 416 252
135 460 132
175 451 172
214 374 214
70 126 70
32 42 32
151 170 148
155 320 152
21 159 18
141 490 138
154 225 154
72 385 72
100 491 100
73 80 70
221 367 218
30 158 30
493 503 490
178 284 178
8 97 8
183 370 180
98 399 98
414 492 414
409 477 406
74 227 74
115 510 112
393 441 390
140 215 140
180 371 180
445 473 442
70 71 68
421 481 418
161 386 158
336 427 336
196 393 196
289 468 286
441 500 438
334 466 334
49 496 46
243 427 240
10 79 10
111 246 108
398 415 398
84 133 84
355 400 352
356 357 354
110 198 110
224 370 224
319 372 316
366 404 366
74 75 72
373 491 370
183 239 180
136 402 136
61 81 58
8 99 8
316 512 316
127 135 124
173 346 170
230 350 230
258 276 258
100 487 100
101 318 98
221 222 218
91 218 88
115 469 112
303 494 300
213 403 210
253 507 250
371 400 368
138 183 138
40 75 40
136 235 136
211 256 208
397 495 394
289 474 286
19 241 16
269 425 266
105 427 102
221 324 218
165 473 162
179 196 176
343 512 340
431 497 428
235 512 232
399 455 396
253 498 250
116 458 116
139 168 136
38 52 38
425 500 422
90 167 90
404 407 404
36 254 36
66 151 66
441 482 438
217 321 214
439 469 436
501 504 498
120 124 120
361 443 358
247 325 244
56 261 56
