1024 39463
196 495 941
294 668 556
357 486 150
30 43 30
475 885 662
435 581 880
264 520 520
99 192 662
761 897 897
18 508 713
642 799 540
22 355 136
662 763 662
295 893 893
35 778 866
439 835 114
619 760 992
561 716 229
695 880 880
313 755 873
263 785 136
166 712 838
266 1004 266
369 486 518
486 692 338
299 966 951
114 375 114
623 634 169
775 864 169
604 630 831
336 751 632
470 523 390
169 211 169
78 198 159
171 176 887
702 893 825
48 592 851
169 427 169
129 797 903
124 405 807
637 864 961
784 828 828
240 683 716
251 597 897
691 1013 1013
93 828 828
778 1006 866
349 1023 546
407 550 767
614 664 436
642 838 838
196 525 152
400 563 728
21 816 605
47 977 441
398 557 578
144 502 980
220 698 698
297 797 221
286 658 431
112 889 700
384 960 828
149 671 671
114 701 114
306 900 154
267 701 529
15 795 62
486 718 834
145 312 1
205 908 717
375 487 887
418 732 861
136 829 312
403 992 403
102 638 868
92 653 672
77 434 928
281 858 373
658 946 520
623 862 623
143 647 528
171 301 693
5 820 395
167 777 312
805 938 440
218 457 218
421 688 155
327 882 897
421 1006 30
769 956 613
88 966 127
75 817 817
635 716 662
630 986 960
364 548 403
78 80 80
103 363 114
61 975 783
1 137 1
677 753 336
805 817 817
699 1007 699
6 731 169
140 682 682
355 533 914
436 734 436
878 976 422
235 899 773
394 895 672
264 790 1020
93 1020 1020
96 232 232
782 868 868
240 495 941
418 970 970
462 756 679
317 701 322
671 977 671
59 750 527
365 408 825
286 866 866
731 985 553
318 639 639
228 290 623
433 874 1020
657 881 747
249 880 880
342 825 992
313 386 136
36 589 36
215 401 699
396 630 396
152 999 152
286 563 713
21 662 662
494 518 373
458 643 540
118 646 838
65 833 122
74 978 978
236 866 866
502 836 502
932 949 310
393 797 978
98 479 903
81 168 441
610 737 737
444 811 744
232 728 232
695 944 436
14 340 527
910 1020 1020
98 527 903
758 971 660
206 486 903
492 684 854
391 804 391
280 900 838
411 447 403
21 929 474
22 936 312
155 776 155
461 1001 757
574 581 880
334 865 834
260 646 838
662 962 662
415 629 716
288 941 941
882 897 897
407 586 992
127 625 914
322 870 322
434 550 222
474 712 474
77 791 928
155 174 155
203 269 121
431 603 431
486 830 757
220 785 613
76 884 537
87 838 838
416 993 1013
191 851 728
673 697 919
720 1020 1020
546 729 546
164 996 141
486 595 403
390 464 390
420 523 523
830 1012 757
99 812 390
644 828 1013
547 753 854
200 907 127
128 691 691
506 816 928
206 403 903
48 365 541
576 828 828
83 650 310
92 139 897
636 689 517
327 425 403
153 835 378
397 1018 682
498 840 1
707 801 928
502 946 520
76 806 806
445 575 445
134 917 897
517 865 517
272 983 854
442 629 716
151 533 71
873 995 995
647 834 834
740 1005 691
393 486 807
239 934 934
257 359 330
138 181 639
706 798 700
122 650 122
436 742 436
661 748 788
401 745 699
52 984 517
511 668 511
327 966 403
880 917 880
49 535 141
486 524 524
91 592 521
205 1001 785
592 986 717
541 561 229
756 825 825
39 1006 221
200 487 887
886 988 210
24 1013 1013
558 937 517
57 86 218
213 614 436
187 262 187
792 794 792
271 450 450
29 152 152
263 582 136
325 880 880
258 424 157
110 666 430
44 358 919
128 585 887
233 417 804
19 77 928
707 946 520
338 995 995
12 13 541
57 603 851
210 628 32
862 983 524
430 696 430
617 762 229
169 475 169
10 389 773
27 383 747
100 636 517
628 992 992
307 750 527
877 973 390
636 968 517
335 442 996
131 778 218
136 561 229
585 844 844
151 830 757
208 218 518
170 625 511
235 773 773
398 688 155
391 975 391
611 626 266
105 1000 1013
847 980 980
765 800 744
216 777 312
120 802 817
407 742 767
790 1007 1020
533 647 535
476 881 693
155 419 155
79 627 1
17 419 121
166 426 871
44 686 152
27 1021 995
69 87 46
526 810 767
862 868 868
97 390 390
494 644 1013
86 359 330
313 765 7
478 986 995
191 619 310
25 318 417
114 908 114
114 814 114
760 828 828
635 904 662
317 871 871
295 908 440
133 999 36
638 922 529
937 996 996
284 1021 1021
748 937 907
486 586 992
871 902 871
592 999 36
10 980 980
824 839 254
486 863 730
706 894 700
543 723 880
619 817 310
86 649 218
364 392 392
731 967 520
629 734 218
730 888 757
673 772 941
366 918 972
433 540 540
231 248 524
381 785 785
207 522 121
110 778 866
267 753 529
386 708 556
322 1021 1021
477 772 941
232 565 232
506 769 613
84 85 187
344 579 36
931 964 1021
466 621 804
215 486 546
152 949 152
1 841 1
50 403 403
540 661 540
872 919 919
69 150 150
44 119 396
521 834 834
311 461 757
222 937 222
314 735 229
135 825 825
353 374 681
172 943 159
136 227 136
23 897 897
312 335 312
231 750 527
169 990 436
813 817 817
72 779 32
386 655 136
410 901 436
283 684 391
270 744 744
221 795 221
7 689 7
529 1004 529
79 330 330
256 744 8
330 926 330
85 620 187
519 681 681
531 848 266
743 930 30
231 258 524
370 718 679
496 744 744
358 434 919
929 980 980
551 632 632
452 1013 1013
252 749 660
748 760 992
261 637 961
773 872 773
135 523 523
260 486 336
307 601 844
224 915 541
165 566 980
118 252 417
803 869 726
192 698 698
203 853 121
650 683 682
109 868 868
33 728 728
425 463 757
686 887 152
29 909 806
299 741 527
32 922 32
112 666 430
56 751 632
5 475 681
322 732 322
332 794 792
513 969 232
45 348 897
128 172 871
437 541 541
448 517 517
19 177 154
416 1020 1020
724 744 1021
540 946 540
149 166 804
500 681 681
549 694 699
296 451 541
890 933 783
164 699 699
411 507 410
133 737 391
521 950 373
452 680 520
410 866 866
63 514 152
486 979 157
757 895 672
591 926 422
421 726 726
638 903 903
391 933 391
901 961 436
87 338 338
225 977 785
19 574 961
184 895 874
578 786 817
647 863 730
633 903 903
323 466 978
660 723 660
515 571 553
189 937 783
11 165 567
264 919 518
425 593 691
152 562 152
260 540 540
718 945 834
538 659 844
373 957 529
382 420 871
317 850 322
681 998 681
120 167 817
250 766 699
180 998 36
565 728 728
129 934 903
141 651 995
308 521 672
140 916 671
450 935 450
250 479 292
769 868 868
1 813 1
110 311 717
55 961 961
98 672 903
844 948 844
205 866 866
403 497 1020
428 486 218
478 739 995
131 628 32
866 890 866
163 700 700
715 902 445
172 787 777
25 416 1013
215 952 546
207 1001 785
584 868 868
83 518 310
468 711 740
1 458 1
655 795 450
452 920 392
212 443 500
80 592 80
507 712 838
429 867 80
433 913 1020
232 410 232
197 956 500
447 595 403
571 868 868
38 437 62
156 206 903
742 761 698
482 486 693
212 727 500
165 503 567
122 844 122
901 958 436
220 557 613
757 888 757
196 512 431
531 782 396
175 817 221
423 744 744
71 732 71
248 310 310
660 661 660
306 729 533
223 386 623
93 218 218
336 952 336
189 372 62
423 524 996
33 669 502
883 957 681
540 880 540
256 843 410
436 475 436
522 805 121
693 947 693
55 765 229
171 672 672
114 750 114
13 615 155
49 159 159
371 588 726
694 911 699
362 961 961
760 949 992
266 439 114
56 411 831
104 462 873
277 899 866
304 711 304
21 412 155
211 829 312
219 313 7
135 832 537
115 521 136
662 679 662
729 905 222
507 950 373
247 784 699
183 411 831
450 831 450
451 594 792
238 502 737
1 587 1
16 965 8
894 896 730
570 712 838
482 553 693
930 942 30
141 1021 1021
453 767 767
236 747 747
593 721 691
172 942 7
603 919 919
55 627 1
146 249 187
190 388 221
270 692 338
706 824 700
152 224 152
378 633 528
238 285 792
391 906 232
34 173 474
534 613 672
48 467 698
397 690 682
414 606 450
602 622 844
30 604 30
618 929 474
54 656 390
496 975 783
262 545 221
355 999 36
22 376 122
72 197 500
32 612 32
411 475 681
142 545 662
34 838 474
140 713 740
62 998 62
476 486 336
113 232 122
371 578 578
194 618 553
65 714 556
785 797 785
125 858 777
204 250 890
32 457 32
511 681 681
31 465 960
828 969 828
722 875 934
549 984 783
463 830 757
46 612 46
118 431 431
244 723 951
332 879 792
7 289 7
390 572 390
75 584 266
1 880 1
305 727 474
35 373 373
265 485 330
191 400 728
245 861 996
445 645 445
486 941 941
617 960 229
116 774 500
732 760 992
57 113 122
352 370 679
169 548 403
478 631 995
691 1011 500
736 959 825
208 808 518
42 486 868
661 669 639
321 439 114
142 765 662
417 943 159
309 757 757
517 657 747
141 986 141
647 831 831
227 310 310
912 1023 523
188 271 188
373 844 844
723 947 511
109 391 995
553 915 553
691 763 868
788 819 155
224 423 541
105 540 540
421 588 726
151 569 338
350 749 660
251 359 897
190 994 537
241 799 540
763 858 868
456 573 914
431 561 229
289 979 3
217 685 941
186 390 390
111 198 159
547 858 30
13 995 995
242 958 172
115 297 221
274 825 266
299 953 520
655 691 691
55 981 229
71 211 188
620 660 232
270 410 410
801 943 159
319 471 310
733 975 783
251 917 897
27 620 232
268 579 36
798 805 537
252 944 502
35 127 338
596 967 520
64 682 682
678 835 236
172 881 693
481 680 828
681 825 681
88 748 861
280 720 747
430 523 523
914 928 928
844 930 844
114 455 114
118 182 446
862 891 815
345 971 825
585 961 961
434 985 831
591 907 422
742 977 441
94 897 897
225 992 992
206 435 880
303 671 671
699 895 699
623 976 623
792 899 792
602 838 844
326 486 71
486 730 730
271 378 859
343 959 951
180 980 980
138 663 740
201 319 310
759 843 410
768 1014 919
419 762 121
405 927 338
98 515 903
463 567 757
118 430 430
98 129 903
460 642 613
506 840 806
707 813 928
275 755 873
172 956 172
436 585 436
114 255 114
438 762 410
308 549 672
258 513 8
486 1019 623
884 937 3
153 431 431
305 834 834
310 821 310
233 506 804
118 609 992
120 594 817
481 926 828
636 672 517
710 838 838
857 1018 728
577 693 693
417 450 450
486 719 866
308 524 672
415 732 632
291 782 728
190 728 728
127 142 662
451 802 806
47 502 737
655 934 934
377 542 613
141 972 972
451 908 210
353 553 693
652 852 121
180 452 36
404 599 150
77 788 928
141 699 699
476 477 336
471 540 540
508 774 713
574 988 961
286 776 431
225 698 698
329 896 874
620 794 232
768 989 919
311 344 788
186 433 1020
632 992 992
735 844 844
387 984 785
497 710 1020
2 87 46
300 1015 540
18 927 502
515 573 553
80 853 80
309 854 236
1 42 1
32 964 32
5 999 395
125 692 777
182 746 446
617 1011 500
162 1013 1013
52 508 517
610 848 266
242 937 172
33 745 980
397 989 682
93 740 740
31 724 1021
246 698 698
507 891 410
250 463 757
537 1014 210
221 1005 221
609 832 992
179 654 390
872 875 392
342 486 992
255 1006 30
327 978 403
525 773 773
21 316 605
699 795 699
223 681 681
114 934 114
135 866 866
272 985 831
372 755 873
486 966 127
114 1013 114
5 726 395
94 229 500
246 961 961
222 724 1021
748 828 828
643 846 540
331 942 1020
773 846 773
193 451 210
508 679 679
554 729 836
27 68 995
500 1021 500
303 379 395
908 934 934
277 970 970
244 646 838
540 812 540
245 468 740
468 767 740
404 553 553
133 501 445
38 608 868
39 445 445
374 566 681
670 1018 728
229 986 229
711 830 757
549 926 996
185 651 540
981 1020 1020
680 933 520
456 806 806
624 799 540
184 246 874
138 221 221
79 884 518
533 899 866
901 955 436
277 871 871
311 433 1020
93 323 726
2 808 785
811 905 744
210 537 210
76 278 537
187 348 187
404 698 698
170 638 529
180 1001 785
486 620 232
111 194 553
184 941 941
520 941 941
595 814 403
101 388 221
540 849 540
32 517 517
2 1021 1021
492 825 825
230 381 713
119 436 436
491 605 691
103 847 114
557 751 578
760 921 992
658 998 632
714 754 874
46 718 834
119 600 36
486 608 868
37 943 159
740 796 740
714 972 972
445 907 445
204 311 788
136 622 691
104 168 873
127 853 831
494 693 373
424 1007 691
316 533 546
367 486 367
178 210 972
312 635 662
775 911 373
305 506 30
467 817 817
344 714 535
355 748 914
7 203 121
1 991 1
97 284 1021
97 505 1021
17 486 972
254 517 517
502 965 8
144 412 155
273 482 693
341 541 541
215 723 951
263 927 136
733 834 834
335 451 210
139 165 897
406 641 825
70 313 7
314 443 834
183 845 46
16 260 8
456 696 890
412 967 155
246 679 679
420 502 737
225 328 152
246 806 806
460 912 422
145 759 1
1 917 1
60 693 693
166 198 159
559 954 155
445 811 445
92 617 229
730 996 996
160 500 500
131 310 310
347 602 844
571 940 169
834 970 970
123 384 828
164 187 187
315 774 546
874 876 874
655 818 1
293 788 114
479 795 292
639 938 639
10 430 740
305 773 773
722 951 934
57 987 874
788 820 71
10 268 740
132 897 897
752 973 390
523 737 523
510 1013 1013
655 823 450
23 50 817
190 482 693
187 527 187
626 982 266
812 955 390
319 859 310
633 670 391
512 748 907
67 1020 1020
681 887 681
553 667 553
385 568 828
18 593 691
714 870 190
1 885 1
295 941 941
362 787 777
275 916 671
710 1020 1020
417 486 417
494 667 373
334 934 934
136 997 682
682 884 682
12 550 541
485 687 330
83 241 310
133 528 391
34 134 474
155 568 155
715 915 445
272 576 556
651 668 995
36 398 36
169 486 169
54 78 815
69 284 861
122 259 122
48 378 851
336 639 336
560 815 815
231 681 681
332 598 941
322 580 322
750 832 527
438 843 410
768 972 972
737 935 737
42 194 868
552 887 887
189 423 996
575 780 980
170 217 866
245 976 996
582 684 46
397 563 682
1004 1019 623
186 633 121
98 206 903
529 624 529
350 951 951
118 486 417
556 854 556
540 698 540
859 966 859
346 825 825
352 668 623
817 866 817
187 213 187
278 280 838
559 706 970
311 425 907
168 462 873
584 856 187
371 883 681
473 485 445
698 745 698
229 605 229
77 268 928
680 795 520
299 723 951
124 937 378
133 613 613
291 850 728
521 868 868
271 346 893
486 602 844
43 58 304
293 880 880
286 751 431
915 942 7
961 1006 961
1 481 1
361 521 430
295 937 907
351 507 660
492 911 373
46 322 322
290 318 890
738 861 777
63 962 730
341 806 806
56 304 304
806 928 806
229 390 390
966 1002 671
48 241 851
292 448 699
78 947 511
176 596 887
147 869 396
486 531 396
195 888 757
267 881 529
445 828 828
578 775 7
94 438 500
276 833 122
258 718 834
459 832 330
239 242 172
87 753 46
134 151 730
520 715 445
347 801 844
486 900 154
933 965 8
190 455 527
540 799 540
649 902 218
307 822 1020
114 510 114
358 395 919
243 1021 1021
580 651 995
626 899 266
785 792 792
830 871 757
253 792 747
335 538 844
192 892 693
55 712 838
545 649 218
377 965 613
119 825 825
525 583 152
1013 1021 1013
202 625 422
301 544 367
167 244 312
781 982 679
205 720 747
728 951 728
172 183 172
328 682 152
662 1003 662
168 686 152
306 311 788
512 698 698
237 920 392
517 581 880
89 304 304
929 970 970
613 807 613
233 321 804
294 519 556
200 843 410
346 703 815
541 948 541
323 895 672
26 500 500
253 264 747
317 913 873
891 920 392
83 565 310
12 813 541
147 323 396
660 936 660
96 237 527
102 486 868
269 428 961
436 719 436
318 789 367
327 730 403
399 521 62
485 681 330
98 811 903
121 446 121
523 857 523
325 758 159
299 641 825
390 454 390
153 177 378
72 792 792
545 999 36
510 540 540
783 884 3
531 750 527
346 496 893
707 834 834
871 984 871
291 586 992
262 798 221
612 813 3
753 776 431
534 868 868
642 886 613
111 286 210
536 925 672
486 601 844
781 925 431
155 874 155
643 1015 540
284 934 934
993 995 995
1 882 1
290 306 533
262 624 221
390 876 390
564 870 136
116 893 500
87 138 46
431 625 431
146 326 187
458 493 880
571 803 553
94 106 992
146 887 187
18 538 844
76 929 474
436 950 436
416 918 1013
2 526 767
696 976 831
785 996 785
179 911 373
315 466 978
397 508 682
530 1004 941
949 961 961
650 679 679
379 413 188
268 377 613
941 1013 941
357 666 150
204 246 474
48 859 851
540 686 540
626 828 828
324 647 605
239 770 970
581 888 880
843 946 520
296 613 541
488 662 662
209 445 445
131 301 218
455 874 874
828 989 828
614 668 436
698 773 773
103 642 114
177 661 861
61 844 844
664 850 700
523 827 523
12 679 679
506 541 541
748 765 440
134 459 330
3 304 304
135 384 828
338 442 338
122 994 122
64 1003 747
878 907 422
386 572 266
884 914 3
622 681 681
454 675 232
457 983 605
810 854 430
183 639 417
151 285 792
133 907 391
396 400 396
76 99 662
600 767 36
668 862 441
146 469 187
209 820 757
195 314 396
295 873 873
22 343 136
413 941 941
121 488 121
194 926 553
154 1012 154
332 785 792
267 785 529
64 330 330
356 986 511
136 798 136
254 561 229
310 409 310
339 517 517
233 835 804
13 486 541
585 853 887
575 869 980
225 549 785
178 473 445
258 711 378
37 629 767
828 880 880
206 894 903
451 679 679
282 828 828
112 361 430
224 927 541
226 540 540
226 902 838
258 644 1013
550 760 992
481 874 874
780 950 373
417 446 446
635 718 662
496 728 728
476 788 336
21 859 605
486 804 804
702 779 825
8 691 691
155 889 155
311 542 396
349 1012 378
680 929 520
245 511 511
401 603 699
553 691 691
775 881 693
591 796 422
754 772 941
633 953 520
338 511 511
542 623 623
386 825 825
477 644 1013
451 578 210
8 533 8
346 748 893
402 895 672
511 899 866
549 890 783
583 828 828
27 159 995
46 797 978
488 647 903
885 897 897
844 851 844
1 584 1
670 896 391
119 300 533
209 1010 757
356 518 518
214 935 783
338 804 338
233 255 785
473 734 445
263 348 903
358 768 919
348 425 903
11 855 71
1 598 1
154 828 828
441 879 873
89 674 190
564 867 136
27 456 995
286 621 431
711 811 744
48 946 520
371 393 807
523 893 523
34 1013 1013
1 522 1
292 974 210
602 844 844
223 520 520
435 547 880
199 258 806
18 537 537
373 791 373
403 753 403
418 723 951
227 938 521
79 218 518
148 1018 871
139 538 897
150 368 446
250 797 978
395 626 266
592 884 3
68 716 716
311 691 691
415 537 537
402 1023 546
531 670 396
507 642 410
158 926 806
137 772 941
290 1009 150
215 721 546
252 813 3
202 503 422
291 468 740
446 485 330
384 502 828
141 277 141
48 1012 851
349 792 792
222 927 338
159 669 159
157 606 450
214 938 783
390 906 390
411 604 831
111 806 806
705 941 941
218 938 218
378 566 980
436 874 874
742 773 773
437 605 605
870 931 1021
67 662 662
308 655 672
623 873 623
77 271 928
336 743 671
187 1020 187
180 579 36
841 977 1
351 828 828
658 959 951
657 746 747
321 359 330
64 621 578
293 445 114
1 32 1
98 460 903
46 767 767
686 922 152
12 860 541
1 485 1
540 819 540
600 918 36
260 301 336
13 700 700
662 705 662
779 782 254
596 648 972
163 903 903
526 920 392
412 688 155
124 333 378
271 842 391
824 848 266
474 682 474
52 890 517
445 949 445
219 526 767
731 1020 1020
111 610 210
73 556 556
238 511 511
922 1004 529
321 992 992
53 983 410
474 599 474
41 265 844
312 809 312
554 748 836
35 190 190
229 597 445
304 486 304
418 771 431
288 905 834
94 559 500
285 773 773
568 662 662
509 714 292
130 664 880
954 973 390
545 765 304
93 557 726
1 635 1
301 559 970
56 645 934
218 970 218
737 964 1021
458 838 880
367 612 367
243 374 681
12 553 553
517 1003 747
158 173 806
367 900 367
145 738 1
660 844 844
96 965 527
176 992 992
277 797 422
574 618 961
608 1018 868
531 841 1
73 970 970
31 801 157
107 966 914
116 609 992
978 1011 500
924 961 828
292 377 613
650 753 682
412 885 155
126 581 880
184 909 874
207 486 150
473 589 445
279 609 992
280 610 838
92 381 716
155 451 155
252 983 639
136 601 844
166 322 322
390 540 540
270 456 890
3 254 254
281 567 373
275 406 188
238 941 941
144 486 980
245 579 996
277 880 880
437 833 122
398 1020 1020
533 714 535
655 690 254
178 833 122
356 524 511
390 525 390
90 774 792
122 866 122
444 618 728
40 125 511
470 717 390
272 310 310
603 960 851
567 660 660
913 982 679
209 689 757
310 666 310
103 674 114
58 505 980
477 632 632
264 926 518
237 353 693
254 737 254
608 1004 868
99 558 662
32 546 32
12 148 871
147 679 679
273 747 747
367 904 662
563 590 713
250 1011 500
385 594 792
645 893 934
705 783 436
817 871 817
475 677 681
454 956 232
190 871 871
551 622 691
114 903 114
327 698 403
350 465 767
42 147 868
482 817 817
258 824 172
114 226 114
353 961 961
854 925 431
516 608 868
122 491 122
414 913 873
801 898 322
944 980 980
155 203 155
102 859 868
486 522 121
195 603 396
479 618 728
58 1011 500
155 478 155
553 753 553
363 556 970
359 447 403
392 869 392
228 888 623
373 513 373
974 988 210
309 396 396
681 868 868
714 765 535
417 707 928
722 773 773
187 417 187
283 337 773
353 841 1
577 660 660
580 690 254
995 999 995
43 467 698
189 632 632
432 686 152
136 521 136
133 437 391
362 919 919
627 782 1
709 758 996
91 133 391
295 299 951
292 956 960
302 623 838
169 447 403
540 550 540
299 560 951
835 859 859
190 845 190
154 625 914
180 385 36
421 520 520
417 516 417
30 446 30
282 359 330
381 816 716
65 660 556
112 774 430
682 944 682
431 755 873
870 996 996
420 714 737
646 721 838
632 901 436
120 675 817
1 184 1
7 813 7
33 671 671
197 310 310
31 733 861
326 699 699
147 817 817
266 739 266
452 985 831
430 575 980
108 445 445
310 311 310
120 445 445
496 1010 524
183 908 417
493 773 773
25 933 417
547 644 1013
400 837 445
469 928 32
123 716 716
732 995 995
436 678 436
834 865 834
350 880 880
783 1019 623
238 825 825
81 122 122
710 902 523
362 943 777
99 885 662
223 814 403
137 733 154
46 606 450
588 639 726
922 1013 1013
482 727 693
294 809 556
601 908 844
358 636 517
13 834 834
181 486 836
946 964 520
147 755 873
178 403 403
413 1009 150
220 914 613
463 971 660
237 850 660
176 318 887
556 825 825
367 465 960
155 701 155
415 456 632
234 520 520
109 942 995
575 998 980
87 705 436
130 760 880
558 913 517
127 359 330
417 698 698
244 863 730
477 773 773
209 339 757
306 387 785
554 764 836
248 276 8
713 832 713
540 654 540
603 998 851
255 893 785
19 350 767
299 821 951
242 681 681
312 865 834
221 446 221
87 639 46
587 833 122
933 986 717
524 713 713
244 755 873
444 710 744
543 880 880
42 990 868
186 365 121
429 746 446
600 844 844
218 813 218
210 404 210
707 908 928
114 337 114
112 401 699
327 486 403
698 931 1021
239 493 893
866 878 866
805 983 528
486 732 907
148 1000 1013
286 825 825
436 761 436
446 707 446
634 874 874
647 1023 546
486 597 445
328 599 152
486 686 152
337 486 773
488 1009 903
441 486 441
275 862 524
337 362 773
253 886 747
89 156 188
105 474 1013
10 140 740
792 997 792
877 969 232
176 585 887
284 405 807
34 580 474
252 824 172
161 688 155
36 357 36
796 968 517
112 355 430
455 540 540
418 549 783
169 575 169
486 814 403
19 835 154
7 311 7
312 968 517
130 793 880
266 837 266
474 617 474
291 757 757
373 431 373
239 760 992
516 558 517
790 837 1020
112 558 517
193 1002 671
133 852 553
764 890 836
572 721 266
24 72 32
375 1021 1021
539 672 698
335 395 996
878 941 941
76 842 537
48 632 851
612 988 210
839 874 874
518 919 518
159 515 553
1 482 1
618 656 390
485 668 330
632 811 744
500 851 500
82 550 767
132 345 517
653 792 792
76 782 537
762 997 682
300 394 521
638 681 681
492 965 8
217 486 866
702 906 232
368 1020 1020
296 533 541
151 160 304
60 185 540
139 941 941
520 592 520
486 538 844
389 941 941
93 306 726
377 516 613
126 831 868
125 1013 1013
17 274 266
605 853 605
804 870 190
595 736 403
5 164 141
63 866 866
52 517 517
238 509 737
642 857 613
257 533 330
465 814 403
62 431 431
57 748 960
189 314 632
122 133 122
241 278 537
522 799 540
273 527 527
11 236 236
84 186 121
231 590 524
18 159 159
330 792 330
523 713 523
555 977 681
486 984 859
607 723 518
250 843 410
616 660 660
154 733 154
302 403 403
671 713 671
779 828 828
428 648 218
598 986 941
155 880 880
778 782 866
246 745 980
518 1007 691
405 855 71
968 973 390
256 703 8
880 886 880
208 872 518
220 961 961
36 231 36
587 720 122
258 729 157
675 679 679
250 1014 210
294 313 556
17 819 155
527 775 527
155 744 155
75 790 1020
5 386 136
512 540 540
367 464 395
155 644 155
256 312 312
646 712 838
860 1023 546
438 873 410
380 486 919
20 653 672
772 968 941
457 630 605
98 334 903
224 339 541
636 945 517
477 532 336
738 834 834
38 773 773
691 853 691
172 266 266
613 900 613
257 326 330
147 990 436
136 779 254
32 716 32
452 465 190
5 312 312
297 1011 500
782 791 928
317 890 322
710 912 523
316 595 403
704 966 127
310 1023 310
659 854 871
453 707 567
122 873 122
281 944 373
394 1010 524
24 916 671
441 953 520
69 737 737
467 625 698
614 848 436
251 993 897
107 430 430
705 820 436
694 961 961
106 236 992
553 685 941
41 1013 1013
222 465 960
71 465 960
681 767 681
1 904 1
433 974 1020
486 650 682
62 341 304
399 570 62
529 847 529
578 688 155
237 601 844
118 781 851
418 450 450
155 438 155
45 853 897
754 893 874
512 846 804
185 888 540
183 587 122
480 537 537
150 783 150
378 395 395
31 614 436
442 744 744
118 392 392
726 839 254
248 394 524
386 390 390
433 565 1020
139 945 897
44 880 880
232 252 232
422 940 169
203 540 540
441 976 831
124 817 817
117 218 218
81 87 441
486 638 529
486 596 972
472 773 773
354 561 773
347 862 844
159 394 159
801 805 157
764 941 941
13 365 541
522 697 121
579 702 825
952 989 682
96 688 155
524 997 682
442 919 919
798 1000 1013
485 792 330
518 747 747
204 461 757
470 684 390
645 804 934
20 672 672
442 479 578
52 558 517
724 983 1021
222 978 978
89 571 553
320 811 232
213 578 395
111 698 698
49 573 141
50 622 691
321 963 1013
721 1012 157
110 254 254
529 910 152
278 296 541
831 978 831
601 1013 1013
578 662 662
662 806 662
584 692 266
718 961 961
801 804 804
334 848 266
238 393 737
186 897 897
57 310 310
60 995 995
396 450 396
76 798 537
625 877 222
187 193 187
816 843 410
486 575 980
23 840 817
62 877 62
556 976 556
402 482 693
558 828 828
65 858 556
77 370 679
52 436 436
855 1008 960
527 1010 527
230 666 713
91 659 871
730 778 866
159 655 159
486 502 502
223 781 623
165 648 141
389 420 773
82 843 410
492 661 788
410 977 410
825 828 828
802 899 806
87 907 46
54 696 890
897 991 897
205 844 844
402 486 546
12 1002 541
474 936 474
329 747 874
943 946 520
618 965 8
646 1015 540
585 661 887
173 413 141
540 626 540
283 683 716
456 918 36
124 952 521
213 728 728
25 410 410
486 853 831
217 511 866
333 873 873
451 642 613
499 662 662
683 829 312
949 996 310
648 876 169
226 431 838
838 966 838
221 782 221
347 844 844
133 382 871
668 923 682
200 698 698
688 792 155
118 144 980
302 698 698
409 422 422
400 492 728
291 815 728
782 937 928
740 1017 312
682 914 682
187 660 187
815 838 838
79 972 518
337 1006 773
381 421 716
286 906 232
169 580 169
751 863 730
486 813 3
593 898 691
343 727 474
65 931 1021
106 266 266
505 568 828
310 357 310
728 779 254
560 677 336
883 952 681
111 693 693
166 737 737
221 460 221
88 290 861
874 937 874
185 688 540
17 596 972
218 570 218
528 932 3
162 398 698
825 1014 825
486 716 716
330 552 330
984 998 632
67 353 693
29 927 806
399 541 541
378 486 378
70 767 767
207 427 392
12 757 757
317 889 700
958 1023 713
344 592 854
529 997 529
219 984 521
483 651 995
110 187 187
245 328 152
317 964 1021
359 776 330
61 729 154
126 634 868
500 806 500
64 786 817
208 402 518
232 324 232
278 677 537
379 942 7
27 778 995
236 948 322
634 662 662
599 758 996
845 939 141
121 684 121
493 709 322
416 916 1013
775 963 1013
355 691 691
515 872 553
31 919 919
505 635 662
928 966 928
527 567 527
549 845 46
157 660 660
596 748 972
333 748 907
450 471 310
706 887 887
127 168 441
486 934 934
31 358 919
292 905 222
278 515 553
205 691 691
405 571 553
342 997 992
146 617 187
49 483 410
68 529 529
924 1020 1020
525 1013 1013
87 798 537
191 740 740
412 766 155
566 745 980
48 770 970
728 797 728
410 706 410
556 743 556
635 798 662
438 731 553
687 758 330
447 814 403
462 806 806
770 867 970
289 562 304
762 1001 785
104 1002 873
248 492 524
516 859 417
169 469 169
613 880 880
194 328 152
134 851 730
567 995 995
757 991 520
691 838 691
19 1014 210
113 836 122
235 1020 1020
806 823 806
280 289 838
632 789 632
718 832 834
266 896 266
520 647 520
155 556 155
74 595 403
221 557 221
28 842 391
13 424 541
27 561 995
196 404 150
285 931 792
273 287 970
338 393 338
1 548 1
301 732 367
807 964 1021
90 868 868
574 688 155
799 1014 540
138 982 679
23 513 817
355 1024 114
456 550 859
714 985 831
36 548 403
514 730 152
486 940 169
728 932 728
40 430 511
349 987 874
440 580 807
102 825 868
169 234 169
31 61 154
699 898 699
23 846 817
155 186 155
423 996 996
333 632 632
178 316 972
2 239 46
305 930 30
235 298 773
730 755 873
100 557 578
151 500 500
21 403 403
184 187 187
825 925 825
120 923 817
304 448 699
868 893 868
260 862 524
203 584 121
114 615 114
231 238 524
312 884 312
163 301 367
181 394 521
107 868 868
486 559 970
325 527 527
509 813 3
183 544 807
592 684 854
385 879 873
859 948 322
605 977 605
473 906 232
133 842 391
751 753 632
221 388 221
21 915 7
239 966 127
429 478 995
168 441 441
420 486 737
195 486 396
417 859 417
645 1011 500
334 782 834
656 812 390
229 869 229
252 720 747
91 396 396
525 997 152
520 550 520
382 623 623
73 832 713
73 575 980
213 875 395
503 521 567
222 668 441
241 828 828
360 745 980
380 930 919
316 329 874
22 477 136
183 516 417
166 399 62
397 761 698
148 229 871
239 544 807
697 749 660
397 834 834
407 682 682
447 548 403
234 403 403
48 673 919
38 303 395
700 710 700
723 744 744
95 430 430
257 578 330
89 402 188
150 343 150
507 972 972
21 722 934
115 639 136
170 529 529
177 307 578
232 887 232
106 517 992
93 221 221
151 711 71
416 941 941
533 592 854
66 844 844
362 1003 747
260 698 698
845 944 502
67 738 777
436 847 436
77 552 934
394 526 767
399 876 169
301 787 777
729 739 995
69 127 127
600 852 553
458 540 540
254 793 254
213 504 540
355 759 928
634 828 828
73 813 713
262 403 403
370 435 880
579 829 312
127 845 46
330 1019 330
169 349 169
29 681 681
392 541 392
439 693 114
187 579 187
612 733 46
623 746 623
120 821 817
51 789 367
767 870 767
777 832 777
390 419 390
224 529 529
7 850 7
213 623 623
9 829 961
227 678 236
622 936 691
687 784 330
528 625 914
205 349 717
121 687 121
445 910 445
464 557 395
189 546 546
386 602 844
387 980 980
47 848 266
204 419 121
898 951 951
316 915 7
171 482 693
155 928 155
47 288 834
285 839 792
491 554 691
602 661 844
114 776 114
7 966 7
679 929 679
342 687 992
500 1013 1013
415 604 831
758 940 169
348 506 903
560 800 744
59 219 679
169 941 941
152 681 152
266 903 903
209 596 972
218 721 218
11 1012 533
669 697 605
311 485 330
211 486 188
365 994 541
169 899 169
550 890 859
696 729 890
248 666 524
590 888 757
178 366 972
395 516 395
287 363 970
405 999 36
228 748 623
1 385 1
390 812 390
63 112 730
159 747 747
254 922 529
32 305 32
739 921 995
361 567 567
434 861 222
202 340 527
88 706 700
76 704 537
247 745 699
552 722 934
607 974 518
330 616 330
671 845 671
223 928 623
75 478 995
268 655 450
45 59 897
207 967 520
253 964 747
69 321 859
585 897 897
7 429 7
961 974 961
321 496 859
301 418 367
4 286 392
363 476 970
95 573 914
370 921 679
131 176 887
92 492 639
436 555 436
249 856 187
480 753 236
18 940 169
439 540 540
119 184 874
335 493 996
222 391 391
32 371 32
18 991 520
690 871 871
212 941 941
468 631 740
322 358 919
594 681 681
669 795 639
119 860 788
199 792 792
49 202 141
568 1006 828
582 931 1021
263 806 806
202 220 613
434 877 222
15 777 777
218 232 232
230 894 730
486 648 141
36 482 693
21 670 605
52 525 152
117 167 392
682 1010 682
486 938 440
424 729 533
431 590 431
150 414 744
556 905 556
99 941 941
193 832 537
187 319 187
591 903 903
310 367 310
37 837 445
29 202 806
151 410 410
246 403 403
247 992 992
172 330 330
168 745 980
51 592 854
392 901 436
240 721 851
165 348 903
91 236 236
528 612 46
61 715 445
84 898 511
63 278 730
312 497 1020
223 887 887
92 789 367
505 573 980
823 850 815
558 681 517
29 232 232
130 589 880
908 920 392
569 851 338
100 943 159
69 394 521
64 254 254
612 707 928
606 728 450
166 886 3
19 817 817
424 623 623
451 566 980
163 356 511
325 629 159
387 806 806
847 1003 747
745 982 980
258 735 229
80 153 80
156 593 691
81 115 136
290 793 446
563 796 713
123 205 236
747 976 747
505 588 980
101 489 698
274 554 266
304 538 844
570 618 728
137 624 80
254 406 254
655 693 693
227 747 747
391 662 662
318 532 717
353 529 529
486 562 304
272 860 854
390 665 390
49 238 141
278 317 322
7 603 7
282 492 159
187 473 187
210 970 970
50 1013 1013
669 708 556
197 572 266
64 529 529
107 890 914
639 772 941
806 988 806
828 963 1013
486 939 141
372 399 62
318 486 890
35 836 338
355 945 222
144 466 980
652 946 121
194 731 553
445 1005 445
7 471 310
55 418 229
215 224 541
900 937 154
410 788 410
218 995 995
268 444 744
356 735 511
195 285 792
695 943 436
612 874 874
5 899 866
270 554 836
270 805 528
88 744 744
301 791 367
163 772 941
37 564 136
57 782 960
169 928 169
700 803 700
879 955 873
5 250 395
124 131 218
616 726 613
395 908 395
728 877 728
244 990 436
31 732 907
600 757 757
213 752 817
117 858 392
111 728 210
11 390 390
529 735 529
390 614 390
56 385 502
295 898 322
124 239 378
868 874 874
541 681 681
345 534 825
12 431 541
602 913 844
522 875 121
300 865 834
46 89 188
492 639 639
189 684 783
211 286 431
251 308 897
399 836 62
134 946 520
382 1023 871
131 629 218
463 825 825
480 748 236
632 960 632
256 513 8
55 308 672
768 871 919
345 660 825
58 531 396
613 810 613
17 693 693
434 905 222
30 159 30
241 253 747
497 774 1020
228 536 672
660 692 660
262 341 221
221 407 221
730 1015 540
89 672 672
966 967 520
233 298 671
417 817 817
49 255 141
306 338 338
605 867 605
44 777 777
623 664 623
141 808 141
693 734 218
841 921 1
642 715 445
476 820 336
555 969 232
836 886 3
108 803 726
427 866 392
486 523 523
494 874 874
170 505 980
180 671 671
500 736 500
171 529 529
81 903 903
18 283 391
163 567 567
309 713 713
131 606 218
487 887 887
338 989 682
21 971 660
57 580 960
56 233 804
180 490 934
277 535 422
482 594 792
114 741 114
445 623 445
465 711 960
481 977 828
178 1004 972
313 797 7
137 193 807
194 604 553
123 217 866
196 269 961
777 874 874
316 465 960
633 797 978
47 739 995
161 995 995
353 881 693
304 737 304
154 813 3
373 716 373
70 234 32
427 841 1
282 534 672
286 807 431
108 267 529
141 835 141
607 887 887
153 826 127
60 164 141
165 441 441
127 131 218
200 860 127
699 964 699
342 860 992
63 371 730
270 424 528
414 728 728
170 204 511
835 942 7
74 322 322
259 957 529
131 783 218
421 845 716
138 417 417
529 721 529
5 116 500
150 846 150
211 894 730
891 995 995
500 699 500
403 967 403
77 218 218
601 903 903
79 702 825
78 324 605
544 805 807
111 136 136
309 441 441
517 758 517
60 891 815
177 805 861
599 813 567
331 890 1020
401 1018 699
932 995 995
159 598 941
681 692 681
459 1013 1013
416 874 874
49 312 312
432 605 605
118 990 436
522 652 121
1 470 1
25 766 699
101 146 187
477 894 730
405 511 511
786 987 874
451 974 210
672 793 672
383 517 747
365 540 540
622 692 691
52 59 517
684 908 854
493 619 310
597 897 897
486 532 717
213 781 395
155 903 155
365 948 541
12 825 825
85 679 187
118 908 417
79 642 518
359 424 330
546 670 391
643 807 540
255 298 785
79 653 672
656 781 390
450 955 450
100 792 792
813 885 662
718 946 520
88 179 373
56 996 996
455 604 527
243 699 699
41 844 844
527 906 232
397 997 682
33 127 502
335 594 792
292 570 62
284 733 861
329 609 874
8 147 396
373 735 373
782 790 1020
278 279 726
238 621 737
196 304 431
77 701 322
610 692 338
169 891 169
128 685 941
180 680 520
1 122 1
120 292 817
43 675 474
402 813 546
489 1021 1021
4 768 919
105 522 121
118 777 777
784 1017 312
349 999 36
32 987 874
52 1020 1020
30 779 30
91 126 868
386 929 474
239 472 80
748 835 535
396 808 785
254 878 422
805 988 210
61 694 699
115 613 613
137 559 970
4 920 392
914 977 441
789 938 367
264 689 518
220 616 613
553 857 553
484 972 887
170 586 992
171 880 880
349 450 450
203 275 121
646 900 838
678 821 80
103 492 114
208 566 518
122 705 122
32 179 32
296 340 527
201 710 744
20 162 698
480 689 523
772 900 941
805 851 851
609 921 992
661 774 127
674 710 523
276 939 141
684 951 951
730 783 730
562 675 474
88 119 861
114 680 114
232 815 232
371 672 672
38 516 851
290 512 907
73 440 713
257 459 330
101 166 893
344 732 907
610 777 777
456 765 890
767 806 806
527 887 527
9 966 961
546 792 792
166 189 893
36 520 520
91 671 671
431 632 431
701 826 322
127 307 578
266 796 266
130 362 880
423 584 266
480 843 410
697 806 806
711 920 392
95 937 535
375 500 500
126 285 868
155 754 155
250 314 632
92 742 441
143 992 992
163 711 367
169 578 169
349 860 378
456 732 890
177 445 445
339 998 632
295 344 533
14 953 520
776 843 410
86 575 218
318 578 578
387 772 941
865 983 834
857 891 605
359 628 330
56 728 728
524 562 304
254 624 254
588 853 726
725 948 122
93 260 726
204 400 728
596 1013 1013
217 708 556
453 772 941
828 832 828
246 478 995
831 1010 831
729 795 836
669 859 639
100 824 172
310 396 310
232 257 232
151 326 71
620 968 232
255 746 446
63 124 730
128 155 155
80 398 80
161 394 972
2 933 46
730 813 730
90 454 232
153 240 851
319 549 310
3 995 995
226 251 897
625 699 699
69 932 3
450 623 623
529 645 934
659 967 520
379 814 403
209 972 972
541 924 828
817 870 817
117 1021 1021
201 753 744
308 895 672
477 928 336
217 778 866
108 983 726
229 638 529
141 227 141
540 772 540
330 489 330
4 265 817
235 255 773
216 468 312
436 968 436
379 613 613
87 392 392
910 946 520
244 434 222
320 757 232
169 698 169
32 96 527
56 125 777
420 805 737
102 738 868
340 1015 540
569 669 338
484 810 887
322 637 961
31 981 446
789 876 169
70 349 859
92 231 524
90 951 792
162 317 698
118 694 699
100 970 970
409 843 410
844 932 844
420 821 80
654 864 390
34 246 474
420 528 737
213 757 757
55 230 229
53 510 828
187 751 187
620 971 232
326 663 740
152 910 152
500 516 500
38 48 851
242 500 500
418 593 691
217 477 866
413 797 978
707 988 210
818 917 1
229 974 229
913 943 873
314 741 527
500 517 517
254 460 422
59 310 310
440 840 806
740 772 941
390 1021 390
486 874 874
403 958 403
222 947 511
87 551 46
77 281 373
35 927 338
407 616 613
892 998 391
171 247 699
244 261 961
116 184 874
552 638 934
498 567 1
192 1021 1021
310 998 310
333 662 662
840 995 995
526 944 767
730 935 730
471 619 310
8 550 8
46 747 747
821 980 980
683 756 679
647 658 632
202 439 114
837 924 828
402 809 236
309 480 236
472 847 970
253 984 747
533 709 322
114 904 114
730 732 730
411 789 831
126 470 390
315 336 336
210 694 699
449 831 919
239 533 440
295 352 623
1 130 1
120 549 817
82 844 844
729 805 11
467 539 698
448 972 699
897 1013 897
821 1015 540
31 693 693
429 624 80
436 487 436
533 824 172
229 687 330
116 899 500
324 361 605
233 755 873
245 821 996
122 297 122
291 398 728
84 645 934
293 498 1
141 292 141
173 953 520
375 980 980
75 664 700
200 399 62
323 996 996
53 853 410
78 572 266
591 693 693
114 208 114
158 712 806
643 959 540
44 47 396
315 905 222
175 884 221
200 947 511
688 997 155
789 878 422
736 833 122
869 911 373
208 310 310
7 556 556
358 760 992
832 996 996
540 575 540
697 729 605
391 898 322
181 301 367
7 717 7
25 673 919
189 975 783
959 970 970
300 874 874
140 449 919
485 910 152
32 578 32
251 796 897
696 935 914
187 237 187
758 845 996
31 139 897
150 512 150
486 628 32
429 897 897
577 1008 254
232 521 232
402 764 546
652 786 121
673 858 919
191 486 728
431 989 682
152 291 152
104 879 873
69 714 535
204 805 11
245 758 996
332 877 792
241 903 903
427 552 934
124 291 728
311 826 127
301 432 815
335 1004 450
457 551 605
20 655 159
441 758 996
240 841 1
130 941 941
445 572 266
961 993 961
19 235 773
89 601 844
243 799 540
413 733 978
62 169 169
101 1009 150
28 791 502
403 448 403
412 475 155
121 419 121
287 961 961
868 910 868
679 709 679
777 992 992
83 716 310
29 491 691
373 1018 373
243 532 934
652 1011 121
86 568 828
310 610 310
35 546 338
40 958 511
106 586 992
494 778 373
153 764 836
95 774 127
344 516 417
122 165 122
563 709 713
738 952 777
4 403 403
46 578 578
81 1014 210
360 527 527
117 498 1
139 984 897
1005 1020 1020
610 995 995
301 671 671
733 1012 861
469 628 32
544 978 978
100 125 777
476 616 613
431 791 431
295 851 851
149 445 445
562 592 304
286 590 431
381 453 716
611 912 523
617 811 229
406 936 312
409 412 155
71 844 844
263 436 436
141 554 141
27 806 995
400 457 728
217 232 232
157 486 157
71 210 210
254 874 874
381 698 698
869 872 392
751 881 693
14 456 951
146 722 187
138 152 152
431 970 970
428 956 218
805 807 807
112 244 430
953 1020 1020
125 173 777
200 678 236
581 992 880
276 333 8
223 445 445
101 810 430
402 943 159
188 807 188
77 759 928
157 567 567
486 729 11
9 975 961
480 1003 747
486 501 445
407 630 767
155 541 155
878 992 992
24 30 30
31 721 157
750 774 527
589 952 190
672 989 672
300 646 838
438 961 961
140 732 740
215 1021 1021
282 473 445
674 960 190
249 950 187
358 360 919
205 300 717
730 777 777
767 807 767
736 985 825
316 984 546
266 876 169
90 708 792
97 868 868
669 974 210
486 801 157
327 527 527
801 982 679
255 303 785
658 684 632
368 971 660
403 449 403
232 619 232
424 492 788
373 889 373
61 755 873
228 676 623
335 873 873
868 991 868
133 517 517
3 754 874
553 734 218
232 752 232
605 1018 728
435 540 540
516 785 785
18 370 679
489 935 698
535 966 127
138 626 266
152 934 152
858 970 970
450 713 450
352 381 623
102 112 868
453 905 567
567 933 567
623 777 777
294 897 897
501 969 232
261 535 961
84 745 980
361 810 430
679 874 874
46 994 537
260 762 336
709 898 322
155 672 155
45 679 897
549 975 783
425 807 807
753 872 392
597 906 232
613 827 613
279 588 726
365 419 121
534 1013 1013
794 1022 773
171 698 698
232 340 232
103 648 114
433 867 1020
652 854 121
124 425 378
275 937 907
572 947 266
3 640 338
515 884 553
396 956 396
123 309 236
346 959 951
80 712 838
166 253 747
68 503 567
57 218 218
508 1018 728
456 505 980
625 935 914
149 924 828
747 749 747
163 338 338
520 832 520
576 792 792
427 916 392
355 870 190
102 961 868
238 874 874
339 736 825
29 897 897
138 486 639
173 795 141
235 885 662
428 594 792
68 486 567
187 408 187
322 440 322
152 406 152
390 458 390
456 733 890
200 554 836
839 911 373
799 920 540
68 165 567
471 868 868
171 940 169
821 857 605
885 987 874
181 594 792
437 737 737
128 341 871
800 1022 773
632 917 897
455 714 527
64 105 1013
196 219 431
403 1018 403
192 657 747
486 793 446
698 1004 698
29 169 169
806 944 806
242 758 996
520 731 520
714 752 817
361 468 740
248 716 524
393 794 792
789 905 367
494 637 961
249 489 187
417 816 928
306 442 578
346 856 187
518 1013 1013
266 1021 266
622 792 792
395 605 395
643 771 540
403 953 403
159 390 390
523 551 523
27 790 1020
857 896 605
388 880 880
343 406 150
574 615 155
422 642 613
220 373 373
263 403 403
62 973 390
400 682 682
231 717 524
301 941 941
221 229 221
79 127 518
114 129 114
150 395 395
817 982 817
169 954 155
466 590 737
131 473 445
733 765 861
150 730 730
489 930 698
168 906 232
72 234 32
121 261 121
46 773 773
739 741 527
777 936 312
484 649 887
5 937 395
867 1003 747
131 486 218
783 986 717
197 941 941
494 822 1020
1 161 1
306 823 815
483 685 941
284 486 861
226 874 874
166 178 972
384 460 828
14 1009 951
321 877 222
227 363 970
106 133 992
413 466 978
216 687 330
46 410 410
285 320 232
187 732 187
628 844 844
252 706 700
538 602 844
697 772 941
274 539 266
445 864 169
517 957 517
42 985 868
742 777 777
584 803 266
122 829 122
95 941 941
44 86 218
33 236 502
102 469 868
518 650 518
219 1023 546
211 880 880
620 803 232
312 435 880
76 466 537
127 386 136
179 518 373
451 691 691
279 759 726
279 981 446
374 920 681
624 829 312
200 321 859
689 996 996
114 587 114
724 813 1021
182 647 446
877 992 992
425 550 859
240 714 851
680 992 520
587 591 122
28 775 7
36 556 556
178 540 540
179 792 792
92 280 838
401 694 699
52 148 517
121 319 121
60 382 871
94 519 500
282 847 970
414 523 744
105 241 1013
321 350 767
677 860 336
931 993 1021
611 897 897
493 859 893
823 884 815
477 935 336
276 442 8
1 688 1
460 504 540
486 875 395
52 503 517
355 808 785
411 907 831
481 805 828
156 1012 188
260 928 336
240 499 450
232 678 232
87 486 46
293 390 390
778 850 866
95 355 914
33 759 502
305 451 30
37 887 887
28 864 169
825 972 825
242 408 825
503 602 844
709 1013 1013
707 868 868
122 777 122
52 355 517
50 703 172
238 792 792
714 795 836
437 676 30
531 834 834
707 966 928
825 1020 1020
486 551 639
361 613 613
21 600 605
256 1009 8
688 746 155
223 904 662
691 881 691
58 369 518
140 1023 740
545 562 304
359 874 874
404 992 992
217 429 866
616 814 403
506 581 880
33 933 502
662 1013 662
866 903 903
205 840 806
53 691 691
232 437 232
51 88 854
550 609 992
664 817 817
424 608 868
47 254 254
570 944 502
371 489 698
61 91 521
117 206 903
377 880 880
798 898 322
833 1019 122
125 373 373
805 975 783
323 324 605
246 682 474
128 415 871
355 807 807
656 909 390
503 817 817
202 472 422
4 720 747
788 924 828
155 767 155
215 318 546
496 723 951
429 905 80
591 874 874
90 893 792
316 682 682
124 815 815
330 467 330
869 930 30
466 486 978
509 836 292
385 602 844
82 660 660
285 753 792
310 770 310
874 951 874
95 597 445
69 938 788
337 571 773
595 860 403
74 903 903
573 732 914
555 704 681
784 825 825
590 995 995
457 754 874
423 580 996
471 957 310
385 710 523
544 672 672
406 993 1021
619 844 310
975 1014 210
171 192 693
91 784 229
1 774 1
613 1002 613
6 169 169
138 880 880
704 777 777
440 669 639
271 581 880
170 858 511
396 500 500
521 902 523
94 540 540
161 727 972
338 718 834
298 458 880
98 446 903
174 486 187
172 742 172
544 740 740
943 980 980
310 513 310
12 135 541
307 398 578
522 542 121
32 228 32
163 928 928
107 806 806
139 486 897
546 753 546
669 693 693
218 453 218
524 617 229
133 361 391
402 748 546
126 162 868
639 896 639
181 307 578
256 410 410
114 142 114
449 967 520
405 544 807
350 791 767
473 501 445
802 941 941
482 622 691
437 458 880
91 374 681
799 956 540
240 553 553
529 1019 529
107 701 322
80 231 80
463 662 662
745 1020 1020
832 887 887
476 615 155
235 524 773
470 529 390
239 440 440
745 941 941
27 75 995
119 898 322
48 533 851
126 448 868
251 1002 897
486 642 613
529 562 529
180 776 36
122 473 122
279 941 941
580 1015 540
221 262 221
621 713 713
541 903 903
6 255 169
172 976 172
730 834 834
235 766 773
415 532 632
201 919 919
615 883 155
137 492 154
249 401 187
662 993 662
33 403 403
461 576 556
500 895 500
64 549 578
94 1011 500
143 487 887
740 827 740
272 861 854
537 690 254
231 966 524
338 933 338
592 949 310
222 896 222
916 941 941
867 948 80
462 520 520
19 615 155
326 600 36
371 549 292
419 861 121
156 177 188
381 718 834
754 987 874
319 844 310
486 848 266
399 679 679
650 914 682
572 769 266
125 362 777
11 853 831
404 719 866
885 941 941
241 518 518
18 902 523
404 1013 1013
204 512 907
90 646 792
622 992 992
266 848 266
110 842 391
137 493 893
178 920 972
299 740 740
179 736 825
572 1013 1013
721 834 834
133 469 32
720 1003 747
326 468 740
62 224 541
776 925 431
541 989 682
503 606 450
200 936 312
312 521 312
69 129 903
25 79 518
722 874 874
219 336 336
205 560 978
452 600 36
313 508 7
486 882 897
618 1003 747
112 606 450
323 413 978
279 403 403
445 968 445
135 591 422
332 676 792
103 645 114
290 633 528
547 789 367
502 605 605
290 401 699
112 791 430
676 930 30
698 1018 698
792 802 792
2 895 672
694 701 699
2 221 221
431 723 951
881 1024 114
332 876 169
372 889 700
613 928 613
460 934 934
523 541 541
486 852 553
25 408 825
432 550 815
762 959 951
609 880 880
121 265 121
11 425 907
649 821 218
745 889 980
820 878 422
71 996 996
59 978 679
244 944 502
327 1008 403
367 412 155
339 346 893
26 913 32
514 789 152
233 743 671
344 415 632
480 682 682
64 164 141
150 654 390
80 437 80
415 438 410
183 287 970
88 348 903
256 373 373
713 867 80
340 618 527
519 844 844
88 806 806
486 1004 450
771 1020 1020
338 870 190
232 488 903
437 809 62
88 238 737
295 603 851
335 486 996
662 735 662
722 746 934
101 889 700
114 953 114
224 916 541
945 989 682
685 772 941
104 728 873
132 836 517
165 541 541
832 952 537
150 281 373
672 912 672
528 961 961
278 453 567
176 887 887
369 730 518
281 754 874
887 930 887
238 525 152
181 836 836
268 816 928
538 897 897
15 395 395
629 1018 728
160 825 825
267 512 529
256 776 8
572 903 903
127 181 836
321 592 854
114 897 114
324 347 844
187 414 187
215 640 338
288 1013 1013
767 995 995
151 303 395
698 970 698
379 731 553
41 847 844
119 670 391
450 972 972
404 523 523
519 588 556
37 210 210
466 982 679
133 908 391
918 992 992
450 571 553
119 333 907
82 299 951
622 998 691
262 369 221
321 747 747
318 337 773
428 693 218
27 529 995
611 903 903
333 635 662
196 1000 1013
327 548 403
395 795 395
744 749 660
9 134 961
114 880 880
492 590 737
284 884 3
310 645 310
995 1002 995
136 441 136
548 930 403
463 1013 1013
8 825 825
842 903 903
565 880 880
520 648 520
119 661 788
398 496 578
414 499 450
694 991 520
540 613 540
7 486 7
114 277 114
166 912 523
600 762 36
97 148 1021
186 658 121
476 581 880
224 799 540
183 486 417
433 563 1020
502 590 737
342 760 992
173 632 141
679 1016 679
232 776 232
903 1020 1020
331 790 1020
138 750 527
80 570 80
94 371 500
53 119 410
450 1017 312
104 949 310
732 836 836
10 740 740
178 919 972
55 808 229
377 644 1013
807 835 807
237 1000 1013
500 613 500
57 990 436
422 743 422
32 825 825
662 1019 662
806 1006 806
447 524 403
60 881 693
200 1012 127
439 547 114
30 324 30
34 336 474
95 363 970
48 591 422
219 579 36
481 486 828
24 613 613
330 369 330
341 798 304
551 555 681
438 474 474
193 956 960
511 535 511
66 121 121
146 221 187
269 776 961
2 486 46
365 664 700
681 951 681
657 747 747
795 828 828
398 703 815
64 486 578
397 540 540
1 973 1
766 792 699
89 374 681
42 773 773
123 962 730
536 1019 672
758 803 996
299 447 403
415 441 441
57 321 960
416 933 1013
14 329 874
23 887 817
34 229 474
569 595 403
352 679 679
113 155 155
371 738 777
378 392 392
299 452 951
713 872 392
315 486 546
299 392 392
541 632 541
701 810 322
2 88 46
277 693 693
230 906 232
555 703 681
125 525 152
306 486 533
313 416 1013
114 306 114
88 823 815
122 339 122
789 919 919
422 582 422
315 963 1013
11 288 834
548 958 403
297 566 221
43 322 322
630 918 36
445 613 445
59 586 992
564 934 934
460 474 474
107 935 914
187 337 187
424 747 747
522 890 121
517 555 517
204 339 154
229 441 229
253 915 747
187 546 187
181 921 679
132 919 517
250 691 691
618 691 691
451 575 980
75 599 700
92 850 190
386 1019 623
240 940 169
80 961 961
369 549 518
61 597 445
517 636 517
806 909 806
579 918 36
128 474 474
704 801 127
337 914 773
844 858 844
69 687 330
352 914 623
117 603 392
596 821 972
271 748 859
185 486 540
95 553 553
672 731 672
323 711 978
903 928 903
699 773 773
131 253 747
5 590 395
280 577 838
268 302 838
638 856 187
289 856 187
292 582 46
317 650 682
544 880 880
71 145 1
24 40 511
559 770 970
782 853 831
338 451 210
155 883 155
121 176 121
263 602 844
445 727 445
460 1018 422
518 815 518
250 927 338
380 590 919
207 648 141
268 1008 960
162 600 698
838 1019 838
139 748 897
874 970 874
296 360 866
64 935 578
178 519 972
626 996 266
102 440 868
332 897 897
534 887 887
571 668 553
204 450 450
39 388 221
395 562 395
781 980 980
744 1006 30
234 422 32
83 537 310
207 807 150
450 803 450
414 777 777
326 1003 747
491 820 691
59 753 679
122 405 122
260 919 919
150 276 8
47 219 737
293 542 114
486 951 951
211 966 188
954 961 155
462 926 873
237 393 660
438 660 660
341 545 304
958 981 446
356 993 1021
273 750 527
882 1020 897
43 410 410
740 872 392
107 826 914
4 711 392
244 361 430
364 903 903
508 993 1021
305 682 30
155 555 155
511 966 511
114 708 114
899 1005 691
333 612 46
457 834 834
486 594 792
734 982 218
266 350 266
199 920 806
816 817 817
325 693 693
826 850 190
750 874 874
595 734 403
151 353 693
373 806 373
298 324 671
543 692 880
445 485 445
182 390 390
390 507 390
885 904 662
524 604 831
218 847 218
137 181 836
778 902 866
446 978 446
919 1010 919
695 773 773
424 1012 533
114 403 114
30 957 529
640 730 730
189 527 527
486 726 726
356 648 511
266 285 266
155 882 155
53 350 410
587 623 122
664 1012 700
434 569 338
126 133 868
136 825 825
684 788 854
143 415 632
211 961 961
126 828 828
423 613 613
181 806 806
422 838 838
155 358 155
465 526 767
641 868 868
511 960 511
159 176 887
611 962 523
903 906 903
526 894 730
170 885 662
437 505 980
71 388 221
271 653 672
781 815 815
163 397 682
330 712 330
345 485 330
696 851 851
434 961 961
125 907 777
554 975 836
287 929 970
142 187 187
655 723 450
296 392 392
456 662 662
573 823 815
22 40 511
575 870 980
502 815 815
1 129 1
216 232 232
79 540 540
210 563 210
57 118 960
542 983 396
298 834 834
335 752 817
65 345 825
588 1018 728
189 621 804
269 390 390
120 696 817
403 451 403
573 854 914
713 970 970
405 441 441
419 522 121
334 786 817
156 292 188
353 676 693
59 630 679
362 486 777
220 1012 613
796 912 523
30 468 30
694 762 699
173 738 777
336 521 336
42 102 868
48 811 744
617 723 229
250 342 992
172 307 172
659 660 660
96 185 540
92 669 639
378 804 804
369 586 992
300 1023 546
414 859 744
466 979 978
138 788 639
501 995 445
196 315 431
393 709 322
343 831 150
739 799 540
288 981 834
407 898 767
286 995 995
97 323 1021
13 461 757
443 914 834
458 825 880
69 300 788
747 911 747
390 682 390
254 493 254
442 496 578
445 491 445
397 864 169
382 915 871
79 147 518
524 998 524
775 787 777
819 924 155
391 452 190
623 927 623
132 933 517
319 1015 540
172 393 172
991 1002 520
738 792 792
15 227 62
824 884 172
95 333 535
335 825 825
121 222 121
425 842 391
206 382 903
8 133 8
310 1005 310
563 584 266
43 434 222
58 1013 1013
248 1010 524
299 522 121
55 494 373
146 263 187
714 803 726
604 928 831
694 734 699
480 529 529
330 746 330
373 418 373
606 727 474
502 907 502
75 662 662
95 144 980
578 890 578
216 390 390
351 825 825
75 889 700
320 941 941
65 432 556
2 364 623
460 815 422
230 642 613
415 984 632
322 954 155
233 464 395
259 691 691
315 574 961
240 983 851
45 903 897
29 146 187
134 446 446
121 593 121
349 969 232
141 166 141
723 992 992
23 885 662
903 945 903
17 524 972
181 476 336
515 538 844
807 884 3
459 758 330
105 114 114
548 1008 403
235 506 773
86 734 218
777 1012 777
518 711 518
13 944 541
3 761 698
419 942 121
403 694 403
534 934 672
824 989 682
503 599 567
444 870 744
126 187 187
844 928 844
302 896 838
122 186 122
483 735 410
24 115 136
871 988 871
150 703 815
835 919 919
41 1016 844
621 767 767
86 415 218
450 769 613
940 1018 169
366 400 972
928 1024 114
602 1001 844
537 538 844
46 748 46
445 720 445
162 424 698
202 460 422
55 784 229
807 988 210
462 913 873
128 552 934
500 506 500
452 567 567
474 609 992
171 747 747
486 798 537
486 970 970
461 682 682
31 213 395
43 491 691
576 786 817
320 906 232
120 959 817
352 364 623
33 486 502
859 877 222
663 892 740
888 897 897
37 407 767
88 458 880
254 373 373
333 492 907
331 880 880
67 632 777
6 256 169
80 892 80
279 1012 726
691 875 691
57 458 880
1 120 1
563 654 390
581 979 880
842 873 873
408 792 792
316 530 941
61 791 367
896 946 520
225 908 785
27 310 310
410 526 410
442 881 693
486 790 1020
451 763 868
169 595 403
214 933 783
80 82 767
51 59 679
611 679 679
7 216 312
27 141 995
108 905 726
308 577 672
552 657 747
735 859 229
577 681 681
346 924 828
660 921 679
336 1021 1021
627 766 1
486 603 851
802 859 806
908 947 511
44 579 396
168 919 919
164 985 141
218 230 218
525 880 880
93 825 825
731 896 553
137 660 660
544 937 807
257 686 152
100 919 919
547 733 378
90 435 880
70 703 815
555 988 681
486 745 980
708 854 556
227 297 221
517 722 517
666 765 430
574 894 961
169 402 169
118 290 417
113 784 122
180 214 36
202 960 422
837 852 445
726 810 726
612 708 556
666 906 232
817 961 961
472 485 330
208 957 529
338 979 338
472 756 679
463 503 757
109 379 995
316 730 730
768 892 919
311 492 788
608 941 941
232 817 232
37 300 767
354 374 773
1 656 1
729 855 71
121 885 121
773 794 773
208 650 518
991 992 520
321 769 613
549 660 660
109 215 995
524 851 524
294 784 556
187 568 187
237 638 529
871 915 871
168 936 312
180 918 36
61 399 62
354 902 773
645 876 169
378 593 691
53 737 410
297 910 152
61 855 71
261 536 961
134 330 330
479 908 292
76 622 691
852 981 553
361 470 390
523 954 155
307 559 970
464 1016 395
557 806 806
521 641 825
31 290 11
534 852 672
333 911 373
30 610 30
515 1021 1021
127 930 30
343 777 777
215 226 838
486 943 159
271 326 71
835 918 36
734 900 218
770 878 970
108 570 726
397 867 682
147 531 396
106 609 992
431 701 431
290 1002 671
865 867 834
456 613 613
27 868 868
1 318 1
2 806 806
450 639 450
237 937 660
179 960 373
155 923 155
349 492 378
415 662 662
149 542 396
263 736 825
110 532 717
396 925 396
445 714 445
109 790 1020
874 885 874
612 965 8
104 660 660
284 446 446
16 266 266
840 921 806
502 582 502
82 350 767
244 651 995
548 911 403
291 503 728
344 518 518
61 580 807
237 895 672
274 662 662
278 445 445
380 768 919
293 742 114
486 548 403
152 556 152
940 1011 169
82 904 662
221 1018 221
527 645 527
349 934 934
720 826 747
221 410 221
236 508 713
123 632 236
706 709 700
136 486 136
601 662 662
405 639 807
124 496 378
208 232 232
29 463 806
112 254 254
446 714 446
312 334 834
143 546 546
557 695 436
425 961 961
403 637 961
252 985 831
440 538 844
116 856 187
155 532 155
164 532 141
434 654 390
464 564 136
196 1017 312
141 793 141
346 740 740
732 744 744
305 819 155
540 725 540
52 474 517
266 517 266
352 709 623
51 793 446
647 732 535
357 717 150
703 726 726
91 115 136
295 493 893
328 514 152
309 674 190
537 859 537
565 798 172
724 891 1021
600 1016 172
392 434 392
752 941 941
182 964 1021
155 745 155
542 781 396
856 897 187
546 919 919
9 952 961
320 880 880
364 834 834
185 268 540
43 684 854
184 939 874
562 919 919
361 495 941
164 623 623
923 972 972
201 897 897
76 900 537
623 824 623
425 579 36
257 405 330
640 655 450
723 860 951
795 807 807
285 500 500
510 545 828
486 828 828
306 592 854
578 955 7
643 665 540
158 833 122
365 703 541
160 215 304
215 354 773
22 152 152
199 254 806
204 761 698
309 582 236
183 198 159
765 873 873
573 860 914
748 761 698
98 298 903
955 959 951
187 681 187
127 941 941
244 961 961
191 553 553
641 914 825
801 891 815
271 983 859
121 831 121
60 479 292
755 844 844
355 729 914
114 147 114
845 870 190
223 352 623
89 486 188
169 782 169
373 393 373
193 592 807
700 1016 700
198 1011 500
818 1013 1
181 809 236
136 150 136
912 937 523
231 668 441
486 639 639
860 987 874
624 630 80
68 817 817
43 593 691
540 700 540
624 716 80
690 969 232
486 1007 691
73 483 410
318 995 995
387 458 880
817 911 817
174 897 187
625 757 757
114 1018 114
53 773 773
489 543 880
856 945 187
717 915 7
362 937 777
314 751 632
342 406 992
323 612 978
29 1003 747
244 556 556
351 704 660
238 845 737
83 310 310
381 1020 1020
689 937 523
604 650 682
464 569 395
270 433 1020
217 428 218
527 969 232
72 715 445
587 715 122
155 432 155
314 813 632
622 946 520
324 810 605
581 817 880
352 486 623
281 367 373
24 402 546
270 773 773
610 752 817
536 916 672
103 944 114
229 432 229
11 900 154
461 465 757
300 539 698
60 434 222
77 238 737
425 810 430
631 732 740
246 544 474
110 140 740
250 404 150
561 899 866
567 1020 1020
500 777 500
169 864 169
306 744 744
87 524 524
569 701 322
531 972 972
17 876 169
47 172 172
253 401 747
101 638 529
35 535 338
182 486 446
41 692 844
903 990 903
154 165 567
540 876 540
884 1006 30
538 902 844
43 395 395
242 450 450
312 937 312
409 436 436
61 950 373
70 725 122
177 533 861
397 618 682
517 883 517
583 659 681
43 154 890
271 301 367
287 992 992
201 701 744
102 765 868
752 929 817
121 990 121
303 717 395
204 998 632
298 302 838
183 341 304
528 585 887
308 773 773
631 894 740
582 845 46
45 941 941
646 783 838
357 1004 450
208 671 518
229 609 992
181 939 141
628 897 897
343 588 726
232 1005 232
498 596 1
440 550 859
555 803 681
537 629 716
489 789 698
377 698 698
436 729 436
390 724 390
40 170 511
248 476 524
100 776 431
236 241 804
666 725 122
203 212 121
315 704 546
604 956 831
228 311 623
699 991 520
367 992 992
556 984 556
61 343 150
819 954 155
308 965 672
605 978 605
895 1013 1013
779 919 919
842 892 391
74 528 893
205 900 717
80 1017 312
847 909 970
261 499 961
208 899 518
156 897 897
458 486 880
941 969 941
208 927 518
366 486 972
237 611 660
113 486 122
722 882 897
221 769 221
135 214 367
633 704 127
555 1001 681
223 994 623
88 536 672
373 834 373
667 889 700
547 946 520
679 801 679
11 275 440
34 834 474
421 473 445
122 175 122
764 898 322
479 713 713
836 966 836
357 654 390
743 909 671
475 484 681
46 359 330
104 409 873
621 788 804
236 882 897
351 852 553
544 816 928
11 308 672
216 376 122
9 342 961
533 966 127
178 486 972
139 502 897
825 871 825
209 383 747
591 660 660
107 450 450
404 998 150
151 351 660
284 477 336
70 676 30
691 938 691
193 813 3
48 937 851
273 405 660
141 379 141
307 442 578
134 599 730
33 69 502
906 946 232
277 679 679
670 728 728
111 703 210
218 460 218
486 870 190
489 981 698
81 395 395
18 579 36
34 958 474
121 616 121
336 782 336
70 628 32
241 316 804
323 524 524
198 490 934
24 257 330
723 942 951
267 916 529
35 121 121
47 691 691
136 683 136
486 762 336
4 55 392
233 508 713
533 549 783
312 776 312
492 729 788
198 672 672
503 514 152
356 829 511
44 504 540
341 438 410
60 124 292
670 681 681
323 890 978
51 92 639
378 1014 210
745 833 122
1 79 1
1 103 1
483 773 773
854 871 871
69 119 788
486 880 880
155 439 114
75 990 436
142 808 662
182 897 897
737 842 391
399 605 605
18 39 221
597 758 445
492 513 8
141 372 141
725 982 122
602 666 844
591 670 422
655 1016 450
679 696 679
312 443 834
54 558 517
132 369 517
28 978 502
872 920 392
297 835 221
155 327 155
44 339 396
114 978 114
757 782 757
151 942 7
187 856 187
838 880 880
620 828 828
777 996 777
787 1003 747
540 885 540
486 503 567
914 1006 30
196 296 541
174 749 187
854 997 682
723 941 941
183 306 417
52 526 517
201 689 744
622 828 828
11 932 3
306 382 871
31 270 528
282 825 825
371 659 871
524 679 679
177 270 528
699 702 699
312 338 312
40 347 844
3 452 190
367 651 995
392 461 392
308 404 672
19 492 154
723 995 995
304 317 304
719 1020 1020
27 142 662
319 632 310
164 436 436
467 470 390
959 997 682
127 618 728
232 475 232
592 688 155
285 831 792
368 633 446
787 868 868
216 868 868
124 933 783
520 807 520
472 533 80
152 403 403
77 691 691
259 454 232
215 844 844
81 244 441
15 86 218
575 756 980
232 981 232
90 824 792
12 590 541
196 662 662
26 996 32
128 636 517
553 998 553
548 880 880
902 906 232
305 1018 30
35 461 757
5 351 660
559 929 970
316 961 961
19 91 521
687 941 941
157 326 71
647 714 535
212 715 445
169 828 828
318 975 783
413 508 713
331 436 1020
319 843 310
82 721 767
167 778 866
91 306 521
334 401 699
187 916 187
232 593 232
363 817 817
29 401 699
214 509 292
284 830 757
735 940 169
607 880 880
46 376 122
703 891 815
562 632 304
51 798 537
132 737 517
110 170 511
218 699 699
593 874 874
221 531 221
487 720 747
111 662 662
19 486 154
835 877 222
46 476 336
231 605 605
218 994 218
704 728 728
198 828 828
391 640 391
134 225 785
674 850 190
279 407 726
155 470 390
98 971 903
121 267 121
220 847 970
538 735 844
111 865 834
556 971 556
709 982 679
584 889 266
372 445 445
118 582 46
838 983 838
550 860 859
75 553 553
139 296 897
653 901 436
330 1000 1013
600 623 623
16 209 757
1 530 1
177 718 834
75 713 700
518 606 518
679 698 698
486 704 127
550 579 36
455 990 527
245 597 445
752 947 817
741 853 527
169 383 169
794 868 868
598 941 941
142 512 662
117 828 828
480 769 613
129 854 903
793 860 446
789 986 367
96 316 527
193 544 807
144 756 980
406 852 553
557 868 868
3 400 728
331 446 1020
459 1000 1013
486 599 567
41 868 868
133 486 391
214 621 804
597 941 941
43 422 422
72 1017 32
160 759 304
81 714 441
674 959 951
899 1004 866
608 817 868
62 896 62
267 486 529
50 612 172
520 623 520
509 713 713
738 762 777
263 339 136
416 560 1013
68 620 232
283 515 553
715 816 445
204 886 3
37 332 792
218 338 218
813 824 172
457 995 995
521 974 210
311 476 336
163 661 367
676 943 30
547 676 30
41 390 390
886 952 521
97 443 1021
549 979 783
163 190 190
830 904 662
138 252 639
149 1023 804
841 933 1
686 1020 1020
655 705 436
332 733 792
355 877 222
280 313 838
1 141 1
138 500 500
287 917 897
533 628 32
32 381 32
258 801 157
486 782 928
139 882 897
336 1007 691
114 950 114
422 916 422
520 735 520
50 365 541
330 347 844
158 802 806
474 871 474
35 572 266
227 605 605
205 679 679
223 941 941
106 152 992
669 878 422
889 903 903
504 507 540
85 540 540
19 195 396
122 825 122
73 555 681
319 434 310
711 965 8
87 556 556
517 794 517
711 728 728
574 882 897
270 849 114
104 435 880
68 792 792
404 840 806
152 1021 152
12 623 623
755 913 873
319 677 310
698 1020 1020
193 875 395
395 403 403
541 725 122
85 390 390
418 885 662
321 806 806
118 725 122
672 888 672
599 1013 1013
380 518 518
46 875 395
32 276 32
673 1015 540
368 600 446
634 891 169
418 553 553
858 930 30
161 243 934
152 328 152
191 410 410
664 938 700
68 132 517
260 665 874
184 771 874
338 544 338
626 880 880
92 303 395
216 980 980
327 450 403
445 471 445
232 379 232
295 430 430
378 932 3
544 553 553
941 959 941
197 987 874
422 892 422
559 810 970
784 926 229
18 688 155
305 820 30
586 1014 992
1 359 1
268 476 336
70 592 854
660 718 660
834 959 834
547 567 567
740 960 740
227 506 521
375 779 254
965 969 232
677 979 336
388 903 903
107 337 773
391 565 172
854 935 914
372 907 62
362 390 390
421 582 716
1 849 1
92 646 838
250 933 783
191 414 728
157 930 30
452 661 190
412 580 155
751 781 851
236 258 236
350 778 866
636 911 517
121 868 121
486 598 941
70 937 859
197 1011 500
107 571 553
29 502 806
794 897 897
238 275 737
747 805 747
506 640 338
681 766 681
26 602 844
31 953 520
390 1024 390
56 767 767
592 970 970
151 283 391
738 822 1020
342 586 992
556 723 556
1 795 1
71 521 71
435 880 880
232 595 232
204 533 533
591 968 517
900 1012 154
662 956 662
842 965 8
232 540 540
378 684 854
121 609 121
1 198 1
527 932 527
122 486 122
3 401 699
260 834 834
433 497 1020
293 941 941
741 804 527
825 1010 825
486 715 445
370 972 972
253 847 747
753 974 210
590 804 737
300 306 533
98 314 903
480 809 236
781 971 660
371 518 518
33 758 996
35 956 338
677 898 322
600 957 529
661 749 660
151 520 520
248 667 700
388 409 221
709 801 322
184 862 874
364 477 623
788 858 30
144 712 980
126 981 868
636 840 517
735 935 229
492 856 187
476 655 450
517 880 880
103 849 114
142 356 662
36 524 36
605 758 996
747 903 903
565 832 172
274 445 266
421 705 436
519 826 556
392 563 392
30 684 30
413 711 978
718 865 834
516 572 266
368 793 446
128 662 662
232 1020 1020
92 412 155
540 636 540
49 74 141
181 434 222
884 978 978
221 387 221
2 76 537
170 280 511
774 896 292
309 481 828
262 346 221
8 315 8
284 495 941
288 994 834
396 771 396
710 992 992
369 990 436
114 554 114
668 977 441
188 985 831
502 552 934
25 660 660
652 874 874
822 913 1020
19 323 978
75 747 747
374 500 681
13 94 500
412 910 155
553 639 553
568 994 828
446 653 672
128 880 880
755 839 873
914 975 783
132 318 517
14 886 951
508 841 1
51 372 62
764 855 71
707 782 928
48 520 520
434 490 934
486 665 874
70 272 854
775 802 806
358 567 919
449 933 919
518 526 518
595 772 941
68 972 972
418 681 681
654 848 390
747 784 747
323 446 446
11 842 391
233 431 431
217 777 866
93 152 152
57 815 815
571 852 553
60 773 773
285 809 792
331 993 1020
370 664 679
662 1006 662
133 825 825
143 158 806
279 880 880
162 471 310
603 850 190
209 830 757
293 798 114
122 520 122
536 880 880
715 899 445
246 275 474
485 747 330
254 678 254
436 870 436
139 390 390
691 718 691
157 332 792
726 855 726
163 982 679
225 956 785
231 1002 671
199 436 436
199 970 806
43 127 890
648 897 897
476 623 623
656 832 390
624 651 995
266 694 266
324 909 671
143 535 528
166 965 8
43 549 783
386 556 556
497 540 540
275 753 854
775 908 7
251 358 897
417 713 713
972 1009 972
825 891 825
519 937 556
61 333 154
237 905 660
25 208 518
34 468 474
290 363 970
45 382 897
354 799 540
231 934 934
272 620 232
261 357 961
274 600 266
11 733 861
141 873 873
425 465 960
412 759 155
77 891 815
195 999 396
582 978 978
509 932 3
552 571 934
510 880 880
598 955 941
137 464 395
344 425 907
506 912 523
140 757 757
885 1013 662
638 647 529
365 799 540
67 553 553
547 904 662
142 692 662
88 781 851
70 896 292
3 385 502
720 903 903
240 413 851
282 715 445
516 708 556
266 284 266
679 952 679
520 534 520
390 884 390
704 826 127
167 443 834
328 419 121
541 926 541
154 669 639
297 524 221
291 630 728
64 557 578
249 897 187
490 1012 934
806 992 992
1 488 1
481 510 828
431 568 828
260 542 396
192 881 693
753 949 310
642 992 992
410 896 410
50 963 1013
573 780 450
356 844 844
264 753 518
290 428 218
71 753 71
470 765 390
707 788 928
567 815 815
171 902 693
237 486 660
188 944 502
44 496 396
416 546 1013
199 906 232
155 1000 155
202 622 691
504 643 540
82 418 767
436 695 436
283 749 660
589 919 919
564 843 410
505 784 980
219 621 804
540 754 540
13 788 541
392 516 392
612 872 392
39 340 527
285 361 792
238 294 556
216 359 330
302 965 838
329 754 874
417 923 682
380 673 919
109 697 995
749 863 660
428 825 825
391 908 391
709 746 446
20 282 159
138 520 520
375 751 254
635 1013 662
486 694 699
471 526 310
269 549 961
419 769 121
156 589 190
556 879 556
123 1018 728
174 206 187
821 850 80
722 807 934
124 783 783
508 691 691
347 903 903
57 868 868
356 679 511
101 681 681
463 806 806
71 310 310
121 398 121
228 880 880
188 961 961
380 691 691
146 686 187
371 860 292
1 384 1
468 752 817
176 389 773
282 673 919
397 995 995
386 785 136
852 890 553
785 962 785
226 834 834
1 246 1
207 501 445
235 828 828
395 596 972
260 516 336
429 998 80
23 111 817
202 239 422
293 830 114
718 784 834
390 785 390
74 929 474
561 617 229
536 767 672
88 418 861
111 860 210
402 550 546
625 690 254
446 712 838
300 671 671
290 718 834
639 890 639
1 145 1
186 486 121
625 827 524
486 775 7
581 880 880
996 1022 773
292 662 662
202 778 866
368 868 868
191 529 529
884 932 3
166 529 529
67 248 777
259 491 691
215 402 546
420 456 737
114 297 114
25 1005 691
875 992 992
491 679 691
941 990 941
682 909 682
486 644 1013
431 546 431
938 961 961
794 910 152
503 988 210
86 932 218
206 488 903
284 763 868
14 959 951
77 1004 450
259 910 152
92 255 785
169 786 169
369 531 518
177 825 825
38 378 851
552 677 934
479 709 322
194 602 844
623 784 623
36 285 792
389 903 773
541 661 541
365 710 541
119 711 378
328 390 390
166 798 537
486 992 992
162 446 698
218 828 828
48 755 873
209 371 757
467 920 698
211 839 254
800 982 679
84 700 511
157 217 866
992 1008 992
218 888 218
22 337 773
811 868 868
83 750 527
67 836 777
40 200 511
159 493 159
162 1015 540
492 783 783
169 462 169
132 478 517
172 504 540
144 951 980
870 908 190
160 299 951
24 960 960
348 428 903
576 678 556
198 771 159
613 616 613
662 988 662
454 922 232
368 960 446
496 809 236
115 578 136
436 735 436
955 1013 1013
180 517 517
21 230 605
21 203 121
531 792 792
86 486 218
826 907 127
310 566 310
668 699 699
519 773 773
19 204 154
62 487 887
20 422 159
207 796 150
159 930 30
486 748 204
352 936 312
905 945 222
341 756 679
90 122 122
61 751 632
119 699 699
488 829 903
128 285 792
908 1023 546
262 997 221
167 949 310
143 942 7
428 683 218
451 879 873
334 871 834
295 564 136
19 805 154
355 815 815
149 846 804
7 421 7
26 53 32
566 575 980
485 790 1020
26 818 1
238 359 330
461 486 757
508 908 713
152 241 152
20 817 817
15 372 62
736 1013 1013
35 917 897
128 213 871
391 767 767
210 689 210
348 748 903
91 128 871
197 992 992
899 908 866
500 835 500
244 369 518
210 857 210
987 999 874
414 586 992
169 761 169
569 863 730
711 896 292
106 369 992
78 150 815
319 445 445
45 850 897
137 916 671
114 926 114
509 1009 150
116 685 941
842 935 391
130 650 880
264 679 518
616 970 970
925 964 1021
177 552 934
311 721 157
1 469 1
76 922 529
71 839 254
154 580 807
256 850 8
419 652 121
507 867 410
661 726 726
792 884 792
436 859 436
18 271 502
365 903 903
286 474 474
262 485 330
108 275 726
153 851 851
500 744 500
930 949 310
438 486 410
299 406 951
285 559 792
273 693 693
667 706 700
568 879 828
128 389 773
258 979 157
314 402 632
78 703 815
53 118 410
474 862 474
121 550 121
830 876 169
167 500 500
882 978 897
603 683 716
31 649 218
813 976 831
456 729 890
168 992 992
278 381 716
72 933 32
94 754 874
509 782 928
324 375 254
137 160 304
255 765 785
606 757 757
295 476 336
184 1002 874
847 967 520
432 573 815
554 806 806
174 983 187
146 644 187
921 972 972
187 566 187
573 643 540
653 948 672
188 718 834
689 912 523
288 390 390
868 973 390
662 881 662
358 709 919
390 921 390
68 135 567
220 281 373
203 941 941
26 317 32
178 965 972
68 484 887
556 925 556
486 600 36
774 1023 546
100 191 728
60 849 114
362 996 777
172 470 390
299 999 951
616 689 613
461 975 757
197 834 500
247 448 699
408 448 699
193 518 518
193 311 807
445 717 445
486 962 730
303 971 660
844 972 844
99 1013 662
193 228 623
599 603 567
867 994 80
609 999 992
486 756 679
617 995 995
441 981 446
93 344 726
540 977 540
344 869 737
321 415 632
951 993 1021
210 862 210
98 378 903
294 774 556
403 887 403
64 744 744
286 775 7
60 788 292
403 938 403
364 454 232
934 1001 934
253 887 747
285 691 792
192 624 693
520 726 520
57 884 960
486 636 517
390 924 390
223 965 623
490 626 266
403 681 403
445 586 445
10 45 897
493 854 893
537 679 679
10 37 740
729 1020 1020
1 115 1
299 730 951
141 301 141
203 998 121
154 716 716
215 502 502
337 735 773
444 904 662
74 571 553
234 588 32
153 748 378
79 373 373
271 1013 1013
33 36 36
44 356 511
340 599 527
927 970 970
448 887 887
571 645 934
17 576 972
10 462 873
552 670 934
310 773 773
359 374 330
540 917 540
411 666 831
399 775 7
296 860 541
143 779 254
620 666 232
486 889 700
412 931 155
185 799 540
537 854 537
502 696 502
437 1011 500
876 940 169
426 706 700
81 765 441
98 1020 1020
724 798 1021
153 165 567
90 961 961
65 218 218
26 503 32
298 730 671
431 933 431
415 486 632
512 826 127
129 486 903
702 879 825
486 948 322
154 686 152
239 263 136
77 896 928
466 944 502
726 817 817
540 656 540
175 564 221
64 1020 1020
84 498 1
246 436 436
543 973 390
7 771 7
779 788 254
722 786 817
136 147 136
753 1018 728
142 266 662
534 747 747
173 1001 141
583 747 747
122 393 122
291 529 529
13 847 970
244 877 222
266 1003 266
32 345 825
462 601 844
117 208 518
592 964 1021
121 848 121
704 948 322
540 722 540
91 512 521
254 863 254
413 560 978
301 958 713
300 748 204
266 920 266
741 866 527
552 852 934
262 839 221
214 721 783
504 679 540
445 829 445
309 993 1021
499 570 450
341 560 304
67 426 777
148 309 871
163 710 523
698 719 698
700 935 700
941 978 941
491 500 500
226 486 838
247 331 1020
172 347 844
588 860 726
203 903 121
730 734 218
11 72 32
64 277 422
303 328 152
140 147 396
598 935 941
82 749 660
79 828 828
32 527 527
155 266 155
121 696 121
58 811 744
638 768 529
294 444 556
394 884 521
518 874 874
136 479 136
632 764 632
800 873 873
487 652 121
311 938 788
436 913 436
2 648 141
221 1012 221
51 486 854
266 390 390
314 510 828
26 247 699
18 28 502
670 846 391
238 760 992
915 955 7
342 442 992
758 1020 1020
160 767 767
648 768 919
716 945 716
593 792 792
144 575 980
172 550 172
765 875 395
136 981 446
314 637 961
114 819 114
136 722 934
387 424 785
108 515 553
32 702 825
417 739 995
151 440 71
717 853 831
159 469 32
144 646 980
122 638 122
614 764 436
165 315 567
633 952 521
245 897 897
328 484 152
9 366 961
604 749 660
169 564 169
62 175 221
209 392 392
486 820 71
541 807 541
284 951 951
301 447 403
463 679 679
501 715 445
175 388 221
133 589 190
143 601 844
98 523 903
371 868 868
140 941 941
817 853 817
740 974 210
769 932 613
675 989 474
266 528 266
136 1008 136
29 362 806
254 658 254
869 900 737
291 321 728
116 693 500
73 537 713
392 850 392
659 834 834
327 403 403
18 270 502
249 558 187
238 931 1021
358 518 518
255 264 518
330 719 330
3 151 71
127 938 127
839 882 897
295 704 127
421 629 716
91 878 422
377 382 871
35 421 716
76 424 537
277 512 422
151 430 71
299 720 747
108 690 254
163 1008 960
143 218 218
94 517 517
717 732 717
360 603 866
117 522 121
172 834 834
719 889 866
148 350 871
90 1020 1020
422 763 868
553 679 553
527 802 527
509 896 292
1012 1024 114
137 893 893
512 709 322
215 303 395
396 740 396
153 966 127
442 680 520
72 120 817
318 440 890
68 825 825
169 459 169
33 870 190
97 691 691
396 405 396
41 310 310
77 784 229
616 838 838
793 972 972
279 530 941
101 270 417
486 988 210
47 441 441
42 941 941
134 408 825
10 277 422
29 806 806
294 825 825
522 884 121
320 601 232
810 980 980
503 977 441
824 1016 172
176 786 817
452 1000 1013
80 259 529
222 648 141
289 842 391
877 928 928
808 969 232
644 897 897
165 902 523
70 321 859
63 229 229
214 580 807
272 455 527
726 780 450
272 393 807
30 658 30
280 795 838
118 221 221
33 57 502
119 124 378
122 310 122
321 834 834
336 592 336
467 894 698
332 592 792
329 696 874
707 955 7
24 28 502
710 885 662
169 425 169
390 532 390
826 892 391
367 569 338
464 662 662
496 550 859
728 774 728
267 541 529
483 913 410
151 783 71
118 479 417
199 868 868
649 934 934
524 934 934
1 396 1
474 672 672
248 933 524
351 716 660
230 553 553
708 857 556
167 486 312
151 523 523
672 926 672
232 675 232
562 821 80
295 512 907
135 222 367
155 941 941
140 963 1013
558 992 992
223 677 623
183 854 417
537 729 537
211 250 188
48 998 851
395 922 529
431 1016 172
197 474 500
255 364 623
617 842 229
508 707 713
305 845 30
64 804 578
561 928 229
536 1009 672
474 486 474
187 217 187
19 453 567
119 780 450
416 662 662
120 615 155
153 847 970
162 484 887
436 681 436
332 540 540
309 596 972
502 869 737
570 838 838
533 1004 450
80 476 80
150 980 980
925 927 431
7 393 7
386 648 141
132 486 517
674 717 190
108 486 726
130 385 880
410 693 693
417 814 403
390 834 390
196 396 396
268 440 71
164 781 141
540 833 540
612 963 1013
275 810 430
352 438 623
182 254 254
101 679 679
295 321 859
492 560 978
59 660 679
270 547 528
9 674 961
179 517 517
252 296 541
379 854 188
529 971 529
222 939 141
11 808 785
416 423 1013
595 876 403
200 966 127
395 798 395
880 989 880
577 662 662
116 695 436
559 841 1
310 930 310
330 866 330
31 994 537
304 609 992
747 887 747
781 849 114
672 681 681
66 961 961
122 987 874
809 965 8
486 664 700
449 673 919
114 816 114
234 577 32
32 513 32
804 995 995
138 329 874
6 9 961
557 880 880
121 142 121
549 790 1020
534 672 672
503 581 880
324 486 605
160 512 304
373 717 373
537 789 537
912 997 682
223 361 623
486 786 817
32 919 32
368 873 873
590 828 828
486 651 995
392 614 436
414 799 540
193 1018 728
122 262 122
529 878 529
710 730 523
890 986 717
8 815 8
229 950 373
120 773 773
536 884 672
23 270 817
62 821 80
504 808 540
122 687 122
243 469 32
400 519 556
261 269 961
688 941 941
88 200 127
390 890 390
224 310 310
453 512 567
221 743 221
524 794 792
560 707 928
91 221 221
188 445 445
762 918 36
351 581 880
25 503 567
507 704 410
615 792 155
613 642 613
255 693 693
432 724 1021
391 1017 312
279 736 825
154 281 373
169 237 169
612 701 322
299 929 474
176 177 887
392 401 699
527 671 527
229 898 229
763 804 868
511 714 511
279 605 726
51 78 815
59 486 679
222 789 367
95 181 836
456 570 62
780 811 450
330 523 330
400 930 30
113 874 874
534 653 672
82 463 757
438 830 410
378 451 210
690 839 254
330 689 330
36 100 36
231 827 524
175 544 221
266 442 266
420 757 757
260 302 838
213 675 474
273 971 660
101 845 46
205 564 136
106 658 992
59 662 662
806 918 806
148 421 871
39 875 221
127 926 996
256 735 229
475 1013 1013
256 719 866
413 544 978
93 486 726
517 609 992
228 463 623
242 401 699
306 521 521
113 355 122
728 903 903
84 356 511
177 773 773
266 634 169
187 754 187
288 633 834
14 690 254
264 649 518
690 729 254
714 781 851
167 887 887
723 959 951
143 745 980
359 821 330
190 392 392
254 307 254
747 872 747
403 894 403
239 393 807
215 521 546
95 848 266
479 874 874
569 871 871
86 988 218
465 491 691
200 507 410
72 1010 32
168 785 785
121 294 121
391 823 815
89 500 500
112 693 693
9 146 187
698 1021 1021
672 878 672
876 941 941
719 778 866
672 889 672
18 933 502
390 713 390
60 798 537
90 937 792
423 567 996
697 730 605
248 283 524
28 32 32
544 718 834
353 396 693
210 271 210
629 644 1013
35 313 7
392 712 392
339 550 859
661 1020 1020
41 880 880
711 826 127
549 896 292
313 353 693
425 805 907
40 544 511
527 715 527
65 992 992
331 874 1020
4 712 392
616 781 613
23 180 817
486 611 523
516 816 928
57 486 960
121 991 121
177 436 436
311 590 737
672 932 672
378 792 792
344 424 533
296 390 390
778 801 866
372 806 806
72 880 880
118 470 390
429 710 523
793 995 995
40 687 330
716 737 716
352 870 623
768 1003 747
342 878 992
55 130 880
122 904 122
642 844 844
166 314 632
242 772 941
202 878 422
124 349 378
476 668 441
197 1013 1013
632 968 517
156 656 390
761 781 698
402 671 671
233 892 391
21 176 887
321 618 728
540 588 540
176 675 887
571 691 691
302 712 838
401 995 699
122 1013 122
597 715 445
580 744 744
618 777 777
220 486 613
121 833 122
792 992 992
445 817 445
499 917 897
36 587 122
436 824 436
543 1009 880
754 941 941
486 545 304
709 879 873
684 753 854
241 532 804
261 835 961
114 991 114
570 611 523
221 926 221
275 306 440
33 529 529
615 688 155
213 303 395
235 811 773
86 782 218
627 982 1
155 584 155
939 961 961
273 464 660
336 434 336
22 326 136
410 966 410
391 656 390
721 788 157
649 1013 1013
773 784 773
190 857 605
504 758 540
475 500 681
254 441 254
157 496 535
527 560 527
456 747 747
190 203 121
258 551 639
93 853 726
190 798 537
464 689 395
79 486 518
104 839 873
202 866 866
266 912 266
361 666 430
166 670 391
598 777 941
445 679 445
350 656 390
353 557 693
560 893 978
32 865 32
259 854 529
405 873 873
80 906 232
415 647 632
51 813 3
254 617 229
402 430 430
676 961 961
503 587 122
242 340 527
7 800 744
177 271 859
436 934 436
303 486 395
963 1013 1013
226 979 838
239 551 639
102 144 868
588 589 726
243 523 934
394 952 521
274 840 266
102 126 868
45 114 114
22 445 445
486 770 970
808 866 866
700 765 700
48 226 838
310 377 310
377 911 373
187 997 187
553 934 934
909 989 682
425 1001 785
11 132 517
300 984 859
397 524 682
880 942 880
330 939 330
597 837 445
545 830 757
833 973 390
265 556 817
204 771 431
120 320 232
200 773 773
599 604 831
336 890 336
292 623 623
509 684 292
153 905 222
207 210 210
146 929 187
564 846 136
41 414 844
194 437 553
30 640 30
81 880 880
640 683 716
335 891 996
124 258 378
310 582 310
79 264 518
416 1013 1013
435 459 880
31 881 693
864 1013 1013
582 797 978
126 307 868
681 797 681
154 200 127
843 936 312
382 479 871
247 742 699
580 621 804
4 222 392
496 956 960
403 657 403
204 1012 533
150 383 747
439 455 114
172 825 825
535 693 693
448 520 520
59 211 679
322 608 868
867 996 996
717 747 747
433 480 1020
817 974 817
217 1002 866
83 949 310
403 761 403
499 807 450
274 848 266
238 319 310
97 206 903
511 540 540
36 338 36
188 483 410
15 556 556
10 893 740
307 699 699
74 744 744
87 849 114
498 841 1
792 844 844
244 854 222
250 646 838
94 436 436
391 955 7
280 716 838
128 766 699
620 906 232
509 766 699
228 809 623
177 733 861
304 499 450
453 647 567
141 486 141
421 759 716
223 778 866
189 346 893
345 855 825
327 880 880
486 678 236
701 878 422
218 868 868
486 685 941
225 808 785
242 909 671
47 878 422
461 877 757
319 679 310
252 561 229
254 852 553
106 169 169
80 569 80
121 219 121
569 809 338
533 650 682
515 831 553
102 778 868
32 147 32
83 313 310
505 804 980
700 784 700
141 357 141
245 537 996
30 521 30
167 825 825
32 411 32
628 907 32
223 292 623
559 848 266
437 597 445
451 774 210
83 277 310
131 734 218
390 620 390
147 799 540
464 577 254
30 316 30
25 36 36
432 582 815
168 255 785
408 450 825
744 789 744
78 588 726
517 905 517
158 478 995
149 902 523
263 912 136
486 687 330
740 832 740
209 740 757
86 596 218
186 267 121
36 177 36
20 874 874
916 985 671
469 817 817
919 985 919
572 608 868
668 886 441
361 868 868
268 669 71
209 787 777
211 560 188
624 1024 114
104 320 232
181 748 836
462 486 873
584 599 266
89 177 188
486 794 792
98 1001 903
161 888 972
631 686 152
75 979 700
152 277 152
9 607 961
278 623 623
493 984 893
527 621 527
32 385 32
233 879 873
880 908 880
25 983 417
14 1013 1013
589 677 190
41 619 310
348 1020 1020
765 1012 440
134 962 730
229 618 229
127 575 980
217 846 866
186 1010 121
344 1012 533
691 771 691
310 422 310
122 574 122
54 212 500
164 890 141
197 486 500
528 862 524
30 589 30
857 972 972
792 1020 1020
140 321 740
813 861 3
212 721 500
526 652 121
304 341 304
537 835 537
54 378 528
624 915 7
382 802 806
203 748 121
25 379 188
21 857 605
896 1006 30
180 668 36
64 314 578
102 583 868
93 322 726
724 879 1021
44 474 474
209 613 757
97 995 995
533 765 440
110 646 838
280 486 838
721 938 157
464 726 395
111 974 210
716 782 716
323 870 190
65 1024 114
604 918 36
13 15 541
520 819 155
541 693 693
540 606 540
180 183 36
257 609 992
329 925 874
244 837 445
810 866 866
815 946 520
448 808 699
542 859 396
893 957 529
582 629 716
450 455 527
880 885 880
653 866 672
226 942 838
114 187 114
610 717 836
155 725 155
342 755 992
124 125 777
4 427 392
251 844 897
490 722 934
118 214 417
187 326 187
157 161 972
209 632 757
503 613 613
306 364 623
683 901 436
279 335 996
650 845 682
121 741 121
275 314 632
541 784 229
547 933 783
12 257 330
551 586 992
454 473 232
190 371 190
729 748 11
243 814 403
374 486 681
557 891 815
418 938 861
408 636 517
144 505 980
530 685 941
413 684 978
203 313 121
699 921 699
432 749 660
260 613 613
756 921 679
520 1017 520
556 770 970
436 936 436
21 478 995
102 390 390
241 319 310
506 977 441
486 619 310
20 800 159
204 392 392
251 504 540
44 133 396
157 785 785
527 1006 527
430 484 887
405 826 807
87 1007 691
4 665 874
58 702 825
121 400 121
190 671 671
227 486 521
649 681 681
275 565 172
496 798 537
728 825 825
777 1002 777
311 333 907
486 771 431
136 674 136
481 958 828
478 921 995
390 653 390
295 308 672
319 687 310
38 631 740
943 986 159
104 179 373
701 898 322
485 614 436
150 691 691
661 820 71
53 780 410
406 480 236
414 478 995
525 527 527
391 509 391
760 874 874
314 406 632
88 495 941
87 93 726
778 813 866
390 957 390
348 486 903
697 913 873
474 510 828
20 622 691
825 1005 691
795 994 537
25 111 210
64 590 737
383 520 520
160 524 304
507 672 672
460 510 828
221 400 221
432 839 254
479 755 873
207 583 681
424 450 450
425 998 632
5 303 395
160 834 834
93 983 726
141 326 141
906 967 232
111 835 210
25 219 521
517 617 517
661 842 391
390 783 390
248 752 817
20 1021 1021
30 958 30
887 960 887
80 736 825
303 891 395
25 376 122
231 1020 1020
26 662 662
103 386 114
378 405 807
800 985 744
5 333 395
290 965 8
211 432 815
490 813 934
40 218 218
61 239 154
63 559 970
341 579 36
334 443 834
242 339 172
81 436 436
405 858 30
386 674 136
187 686 187
383 622 747
252 458 880
372 632 62
16 38 8
683 914 716
625 721 914
398 836 578
736 897 897
309 544 236
295 936 312
186 430 121
499 710 450
239 250 890
390 484 390
346 888 757
885 1020 1020
424 880 880
577 690 254
260 753 336
273 430 660
809 889 700
85 749 187
674 702 825
190 791 190
972 975 972
649 699 699
105 282 1013
261 948 961
553 778 553
86 386 218
564 970 970
143 653 672
409 459 330
117 560 392
209 369 518
159 945 159
739 849 114
119 350 767
387 1006 30
154 975 783
34 87 474
51 753 854
347 879 844
7 8 8
227 450 450
980 1023 980
3 413 978
517 950 517
79 152 152
837 857 445
312 710 312
401 486 699
215 778 866
403 972 403
390 583 390
360 995 995
68 202 422
300 644 1013
34 640 474
200 383 747
114 683 114
203 493 121
67 1002 777
89 716 716
113 880 880
486 708 556
100 591 422
34 298 474
467 776 698
556 868 868
429 764 80
27 995 995
335 365 541
96 1012 527
221 645 221
28 729 502
51 684 854
95 793 446
632 809 236
222 491 691
489 869 698
360 550 866
736 956 825
155 595 155
222 522 121
682 903 903
881 992 992
380 713 919
669 739 995
38 927 338
139 312 897
150 301 150
32 719 32
178 817 817
218 731 218
595 640 403
44 507 410
33 221 221
294 539 698
201 915 744
93 211 726
728 755 873
184 355 874
345 350 825
544 592 807
453 792 792
178 898 972
168 431 441
103 114 114
24 706 700
45 792 897
694 766 699
518 575 518
156 751 632
135 735 229
87 349 46
308 423 672
400 706 700
613 744 613
201 1011 500
141 733 141
219 453 567
189 528 783
398 445 445
300 979 157
124 143 528
357 726 726
153 321 859
746 772 941
73 315 713
573 672 672
753 1002 671
314 396 396
573 667 700
313 813 7
144 792 792
10 771 740
99 1020 1020
589 839 254
152 334 152
483 760 992
204 662 662
734 1023 218
18 233 502
378 983 528
277 533 422
91 434 222
165 626 266
565 607 518
43 691 691
12 580 541
29 57 806
231 436 436
807 948 322
52 299 517
787 961 961
264 418 518
656 830 390
172 885 662
640 863 730
155 705 155
466 515 553
95 371 292
271 425 859
21 848 266
660 995 995
632 951 951
157 406 188
19 892 391
2 845 46
201 286 744
128 858 30
281 1020 1020
486 506 893
489 878 698
694 1006 699
230 268 713
46 188 188
422 616 613
214 836 836
228 970 970
667 917 897
118 896 417
678 824 172
733 897 897
533 943 159
48 579 36
932 961 961
85 171 187
688 785 155
476 977 441
390 1000 390
959 965 8
415 998 632
515 768 553
672 840 672
106 961 961
111 205 210
15 941 941
215 315 546
669 946 520
286 947 511
421 801 716
1 596 1
148 380 919
697 701 605
577 897 897
738 772 941
774 788 127
519 1013 1013
935 974 210
13 919 919
330 561 330
237 916 660
526 687 330
403 1004 403
303 762 395
344 676 30
165 531 396
152 828 828
561 739 995
565 1016 172
53 486 410
505 581 880
486 920 392
667 698 698
770 830 970
449 719 919
84 789 511
301 743 671
301 443 834
805 1012 533
159 167 312
271 985 831
587 880 880
506 832 537
201 905 744
505 566 980
826 926 996
32 739 32
301 1016 172
52 155 155
43 834 834
428 517 517
142 552 662
20 931 1021
243 417 934
643 873 540
43 316 546
256 907 8
113 725 122
56 828 828
405 483 410
564 682 682
221 443 221
713 902 523
470 968 390
258 966 127
113 675 122
118 164 141
557 809 578
54 960 960
250 658 632
138 810 430
468 874 874
516 829 312
60 245 996
321 941 941
192 436 436
62 582 62
217 451 866
277 887 887
121 911 121
692 908 338
362 463 777
437 835 62
73 707 713
542 889 700
20 392 392
827 999 36
264 317 518
116 703 500
139 533 897
545 732 304
267 322 529
275 316 546
34 523 474
183 346 893
156 703 815
667 769 700
542 581 880
395 978 395
697 765 605
126 903 903
771 891 815
187 695 187
728 792 792
456 506 893
83 616 310
32 293 114
617 759 229
412 893 155
938 983 528
60 293 114
44 347 844
586 992 992
529 674 529
580 864 169
51 528 854
425 696 890
21 568 828
268 951 951
26 234 32
121 206 121
414 740 740
272 392 392
11 355 914
535 610 836
141 745 980
141 261 961
136 311 136
247 578 699
606 753 450
116 269 961
221 500 500
822 941 941
775 783 7
66 941 941
138 984 639
186 985 121
69 807 807
157 557 578
769 867 613
225 503 785
530 606 941
77 324 605
306 770 970
178 624 972
403 830 403
345 486 825
144 980 980
32 797 32
269 610 961
355 788 914
211 572 266
312 625 312
266 650 266
138 482 693
486 994 537
1 492 1
52 672 517
574 637 961
42 763 868
575 843 980
264 571 518
445 757 445
295 692 338
271 274 266
114 868 114
631 919 919
122 142 122
185 453 540
641 836 825
377 947 511
52 414 517
677 972 972
81 306 441
554 983 836
658 958 713
4 750 527
141 560 141
771 987 874
486 698 698
295 939 141
68 604 831
148 659 871
37 444 744
757 1024 114
641 938 825
732 937 907
50 107 172
420 900 737
210 678 210
182 231 446
169 351 169
676 1006 30
172 285 792
25 639 417
402 995 995
221 667 221
874 1016 874
421 948 716
454 887 232
5 232 232
233 909 671
597 918 445
34 929 474
532 888 757
486 803 726
526 635 662
253 486 747
241 281 373
874 899 874
651 708 995
669 820 71
552 821 934
480 826 236
14 934 934
177 353 693
152 559 152
520 653 520
576 881 693
397 492 682
497 565 1020
134 779 254
598 776 941
130 192 880
130 812 390
456 600 36
562 887 887
47 590 737
567 701 322
304 759 304
462 963 1013
34 727 474
180 344 36
543 581 880
391 399 391
371 493 893
711 1010 524
589 748 190
107 717 717
645 722 934
266 823 266
44 410 410
92 252 639
331 584 1020
60 717 292
756 920 392
373 681 681
773 972 773
115 885 662
298 700 700
315 521 546
244 538 844
590 915 7
105 187 187
140 783 740
191 662 662
10 445 445
76 741 527
12 159 159
33 133 391
255 386 136
747 948 747
390 662 390
284 792 792
88 742 441
392 598 941
215 980 980
575 600 980
322 431 431
4 59 392
15 728 728
104 792 792
43 679 679
501 741 527
358 732 919
358 403 403
70 406 188
615 880 880
935 992 992
309 329 874
44 944 396
523 604 523
193 936 312
591 684 422
341 885 662
74 493 893
59 529 529
656 841 1
432 869 815
92 810 430
64 515 553
126 1020 1020
923 975 682
487 752 817
101 551 417
278 632 537
305 466 30
695 708 436
155 974 155
229 377 229
375 446 254
417 532 417
263 972 972
453 591 422
38 935 851
157 546 546
500 622 500
636 683 517
562 679 679
26 816 32
405 430 430
500 555 681
307 588 726
700 898 700
98 390 390
238 556 556
371 1011 500
65 500 500
197 445 445
278 560 537
390 917 390
489 657 747
801 826 127
434 614 436
614 901 436
20 295 159
468 817 817
295 529 529
152 318 152
586 988 992
51 835 854
659 914 871
376 501 122
104 303 873
112 761 698
811 855 744
151 1012 71
104 385 873
390 616 390
711 729 378
989 1020 1020
221 280 221
59 698 698
678 923 682
556 860 556
486 796 716
920 956 392
571 961 961
34 755 474
657 692 747
355 488 903
8 301 8
328 686 152
114 283 114
367 956 960
493 496 893
96 676 527
297 817 221
191 737 728
432 658 815
176 484 887
754 770 874
112 182 446
304 925 431
167 956 312
256 418 8
418 960 960
500 564 500
275 392 392
4 324 392
187 261 187
526 617 229
266 606 266
908 976 831
56 264 518
307 385 502
295 911 373
717 954 155
140 238 740
18 373 373
521 534 672
647 959 951
155 501 155
1 824 1
46 469 32
460 501 445
561 889 700
215 590 737
927 962 730
92 409 951
452 803 726
789 797 978
767 997 682
249 621 187
169 225 169
535 903 903
25 492 417
110 907 717
462 505 980
313 868 868
32 344 32
169 446 169
706 965 700
699 700 699
944 982 679
511 778 866
39 500 500
490 529 934
321 946 520
33 152 152
495 520 941
701 1016 172
75 347 844
137 682 682
662 982 662
124 306 378
53 209 410
229 514 152
43 629 716
166 278 537
692 803 726
713 738 777
169 701 169
817 852 817
261 403 961
231 773 773
155 856 155
312 357 312
376 581 880
486 564 136
498 953 1
4 872 392
747 844 844
10 888 757
230 455 527
219 368 446
25 623 623
496 934 934
106 114 114
799 863 540
391 570 391
8 188 8
82 407 767
30 843 30
132 968 517
486 696 890
395 758 996
798 980 980
72 691 691
496 965 8
92 987 874
663 952 740
251 662 897
45 794 897
295 398 578
852 903 903
486 832 537
10 580 740
290 362 777
114 412 114
210 983 210
493 562 304
289 520 520
152 626 266
105 743 1013
121 514 121
251 660 897
169 825 169
424 958 713
325 977 159
759 816 928
642 673 919
330 461 330
149 689 523
477 873 873
151 301 71
880 961 880
489 540 540
87 442 578
410 954 155
540 990 540
109 597 445
185 905 540
502 910 152
14 966 951
462 755 873
169 659 169
122 649 122
913 966 873
636 883 517
43 857 605
711 838 838
415 658 632
7 496 7
749 999 660
469 681 681
179 525 152
616 868 868
816 828 828
105 785 1013
604 625 831
486 809 236
281 992 992
506 571 553
486 907 907
609 868 868
431 931 1021
447 657 403
446 896 446
341 462 873
350 961 961
82 290 767
356 705 436
355 853 831
807 896 807
822 899 1020
90 142 662
31 765 440
40 542 511
458 1002 880
177 564 136
283 965 8
264 483 518
17 218 218
501 820 445
93 497 1020
202 277 422
9 155 155
477 524 524
591 826 422
25 60 417
191 785 785
541 756 679
569 692 338
702 880 880
131 693 218
452 975 190
672 972 672
759 798 537
316 738 777
54 806 806
776 927 431
323 346 978
486 944 502
247 729 699
2 893 46
169 521 169
200 436 436
598 744 941
922 1020 1020
97 500 500
342 789 992
759 997 682
936 1006 312
247 469 699
238 590 737
42 979 868
835 994 537
578 658 578
517 645 517
287 356 970
193 820 71
197 417 500
613 959 613
526 778 866
824 880 880
58 191 728
82 162 698
32 151 32
431 434 431
556 944 556
149 267 529
1 284 1
141 606 141
118 717 417
661 976 831
901 905 436
262 806 221
562 764 304
807 864 169
157 813 3
187 240 187
525 791 152
111 920 392
81 486 441
47 202 422
593 622 691
444 874 874
68 813 567
545 1012 304
106 760 992
233 238 737
300 998 632
560 786 817
328 486 152
306 324 605
653 801 672
354 486 773
662 715 662
271 774 859
486 613 613
270 479 292
868 887 868
402 791 367
643 847 540
486 835 535
108 312 312
143 920 392
121 702 121
855 945 71
272 953 520
492 530 941
512 732 907
569 999 36
280 612 838
224 538 844
157 629 716
314 766 699
54 740 740
57 462 873
41 295 844
899 923 866
1 467 1
285 855 792
775 832 7
21 232 232
87 740 740
119 891 815
130 1004 880
633 774 127
431 815 815
927 985 831
29 68 806
544 565 172
284 796 716
211 240 851
118 567 567
175 961 961
1 476 1
36 871 871
197 743 500
124 445 445
295 797 978
21 470 390
155 828 155
143 897 897
876 1013 1013
777 988 777
70 493 893
941 974 941
17 308 672
92 233 804
430 888 757
68 965 8
402 461 757
248 317 524
420 553 553
471 645 310
181 675 474
533 861 861
315 935 546
618 936 312
490 551 934
189 762 336
216 336 312
575 787 980
121 638 121
385 713 713
504 619 540
219 319 310
177 731 553
395 690 254
74 696 893
269 574 961
390 827 390
198 312 312
85 118 187
486 578 578
100 107 914
609 882 897
375 861 254
958 969 232
304 867 80
200 826 127
486 845 46
43 295 890
839 989 682
397 625 682
394 511 511
201 444 744
276 440 8
930 934 934
190 602 844
274 436 436
12 538 844
214 239 783
351 727 660
278 595 403
545 886 304
114 879 114
276 317 8
415 588 726
237 449 919
203 880 880
436 527 527
277 889 700
699 913 699
8 952 8
182 477 446
436 704 436
458 916 880
672 830 672
281 681 681
206 880 880
33 877 502
9 579 961
114 155 114
11 785 785
838 889 838
187 885 187
282 928 159
407 884 767
235 355 773
500 978 500
403 519 403
176 699 887
290 523 523
149 813 804
678 815 815
591 911 373
826 884 3
436 536 436
64 307 578
15 74 62
148 642 871
202 682 682
395 488 903
121 575 121
796 914 716
341 524 304
101 536 672
185 806 540
565 1020 1020
160 896 304
598 976 941
383 597 445
605 896 605
667 696 700
553 675 553
232 447 232
864 940 169
185 191 540
121 506 121
165 589 567
373 407 373
497 695 1020
846 886 804
343 850 150
56 774 430
254 786 817
807 893 807
14 204 951
89 914 188
61 1014 210
385 556 556
540 934 540
40 215 511
664 753 700
865 887 887
20 632 159
33 737 737
182 791 446
312 834 834
278 577 254
124 273 660
155 768 155
773 894 773
17 787 972
315 689 523
396 838 838
236 621 804
46 122 122
76 617 229
323 797 978
503 510 828
595 750 527
82 747 747
228 681 681
108 248 726
373 870 373
487 859 887
722 933 934
252 781 851
567 668 441
868 870 868
624 923 682
725 955 122
265 753 817
361 824 172
114 650 114
286 771 431
587 589 122
630 669 960
8 89 8
430 480 236
152 367 152
388 489 221
234 443 32
373 738 373
666 696 430
165 453 567
231 692 524
534 681 681
198 714 159
313 740 740
32 372 32
294 1013 1013
56 876 169
536 838 672
187 192 187
164 745 980
78 486 815
429 789 80
568 944 828
114 803 114
226 678 838
226 302 838
282 782 159
736 976 825
100 512 157
359 430 330
199 575 980
23 93 817
88 486 861
907 979 157
126 911 868
926 1021 1021
547 948 322
781 820 851
792 907 792
231 975 524
486 555 681
331 801 1020
679 1004 679
839 967 520
286 728 728
283 937 391
112 810 430
253 428 747
521 822 1020
228 781 623
486 839 254
698 903 903
95 625 914
405 467 698
723 972 972
211 698 698
127 707 928
87 724 1021
31 359 330
543 998 880
710 728 728
333 349 378
919 988 919
124 323 978
810 978 430
95 691 691
95 165 567
171 881 693
29 965 806
37 46 767
1 157 1
301 645 934
692 963 1013
388 517 517
317 379 322
486 886 3
9 200 961
121 159 121
98 623 903
436 768 436
59 382 679
667 792 792
85 941 941
252 946 520
300 522 121
530 652 941
511 798 511
340 941 941
163 168 441
414 1017 312
212 978 500
619 732 310
238 637 961
585 699 887
727 994 474
337 378 773
803 980 980
292 868 868
50 795 172
610 703 815
839 898 254
868 980 868
230 815 713
1 682 1
423 682 682
302 566 980
836 856 187
19 410 410
67 121 121
296 486 541
131 513 218
1 45 1
403 520 403
625 1008 960
656 823 390
605 1012 605
583 855 681
423 525 152
114 389 114
247 1017 699
227 430 430
202 775 422
327 538 403
203 1009 121
60 441 441
701 714 322
713 897 897
445 773 773
441 854 441
438 443 834
286 861 431
504 916 540
143 562 304
137 459 330
70 229 229
153 540 540
855 1010 524
263 272 136
486 765 440
726 749 660
163 255 785
109 511 995
469 1002 32
307 812 390
277 288 834
548 927 403
214 684 783
423 695 436
668 836 441
346 693 693
360 436 436
474 770 970
354 401 773
38 603 851
310 527 527
403 457 403
235 829 773
308 445 445
316 632 632
321 875 395
545 651 995
460 752 817
738 871 777
187 336 187
589 674 190
103 880 880
312 445 445
164 939 141
150 535 150
125 838 777
265 731 817
92 531 396
187 1019 187
299 486 951
757 866 866
753 919 919
479 945 222
646 877 838
110 429 80
527 634 527
653 716 672
852 863 553
70 805 859
206 781 903
411 553 553
233 394 804
577 767 254
372 610 62
75 486 700
410 824 410
345 844 844
419 996 121
197 471 310
246 675 474
186 412 155
143 726 726
590 775 7
484 689 887
96 121 121
811 959 744
5 677 395
137 749 660
437 769 613
140 631 740
184 1020 1020
933 1020 1020
304 316 304
109 711 995
271 998 632
433 973 390
82 813 767
511 868 868
90 880 880
165 1004 450
934 968 517
233 270 804
600 892 36
300 892 391
462 844 844
57 539 698
479 493 893
403 555 403
31 707 928
157 905 222
511 832 511
243 486 934
208 459 330
484 868 868
317 882 897
424 607 518
215 880 880
374 794 681
269 833 122
466 639 978
622 861 691
237 306 660
115 714 136
472 624 80
496 774 127
815 935 815
366 801 972
455 880 880
767 832 767
143 520 520
355 551 639
403 820 403
27 109 995
38 520 520
513 599 8
223 492 623
276 980 980
125 618 777
265 887 817
410 751 410
391 466 391
309 844 844
1 772 1
996 1003 747
350 1018 728
64 519 556
7 691 691
227 592 521
78 918 36
41 725 122
529 711 529
90 349 792
31 291 728
673 691 691
307 742 441
95 133 391
373 775 373
750 898 527
371 665 874
501 591 445
471 486 310
546 877 222
520 728 520
20 316 159
438 529 529
849 936 114
476 1010 524
253 802 747
596 796 972
86 841 1
423 452 996
166 783 893
17 660 972
472 725 122
357 465 150
154 826 127
141 526 141
760 852 992
95 311 535
445 982 445
341 601 844
486 964 1021
650 662 662
469 709 32
191 876 169
477 907 336
729 945 222
660 791 660
115 698 698
420 951 951
517 681 517
38 941 941
1008 1016 172
610 678 236
722 792 792
489 672 698
650 868 868
650 750 527
891 934 934
590 996 996
61 784 229
69 1012 788
653 666 672
746 853 446
140 141 141
993 1012 1021
13 196 541
103 900 114
303 464 395
471 522 121
31 669 639
93 506 726
394 1003 747
71 344 71
403 486 403
804 955 7
400 831 728
1 292 1
403 760 403
352 819 155
174 436 187
731 755 553
89 964 1021
123 665 874
197 467 500
16 998 8
112 440 430
283 679 679
463 888 757
457 870 605
28 67 777
124 486 378
140 453 740
1 667 1
244 336 336
639 1023 546
332 594 792
136 776 136
266 1005 266
146 365 187
265 736 817
500 950 500
406 474 474
716 777 777
420 481 828
20 72 32
240 1023 851
493 836 893
220 794 792
555 1013 1013
32 185 540
548 580 403
490 512 934
118 675 474
38 775 7
517 936 517
469 699 699
677 928 336
815 958 713
211 919 919
646 948 838
71 405 71
230 549 713
333 917 897
322 898 322
226 712 838
533 873 873
455 953 527
220 595 403
91 406 188
511 987 874
107 418 914
396 988 396
5 742 395
127 806 806
449 763 868
495 496 941
285 992 992
29 607 518
400 546 728
137 509 292
472 548 403
125 848 266
463 903 903
74 652 121
680 721 520
333 512 907
186 522 121
95 542 396
531 890 396
619 819 155
287 701 970
35 640 338
156 963 1013
336 696 336
572 709 266
512 765 907
371 670 391
318 422 422
121 1023 121
569 647 338
390 849 390
223 619 310
227 597 445
446 699 699
360 490 934
334 569 834
82 110 767
229 747 747
361 418 430
253 546 747
146 424 187
418 815 815
635 856 187
101 938 417
128 309 871
634 708 169
218 594 792
797 998 632
898 919 919
418 554 836
471 648 310
197 403 403
434 443 834
853 985 831
527 946 527
196 290 431
328 689 152
459 747 330
579 1021 1021
189 693 693
368 828 828
65 913 556
415 666 632
478 564 995
736 913 825
251 486 897
329 749 874
445 868 868
183 956 960
51 730 730
410 650 682
153 251 897
746 987 874
228 746 623
141 621 141
36 540 540
899 914 866
155 953 155
155 305 155
15 437 62
1 574 1
114 787 114
28 981 446
69 204 788
773 825 773
432 602 844
207 357 150
527 970 527
185 284 540
155 637 155
270 633 528
296 750 527
346 960 960
195 867 396
78 342 992
763 959 868
494 844 844
344 362 777
404 540 540
379 683 716
781 785 785
368 871 871
316 868 868
797 922 529
273 306 660
221 930 221
78 349 815
300 441 441
555 601 844
8 593 691
169 341 169
188 197 500
183 826 417
395 809 395
306 566 980
480 820 236
358 486 919
238 709 322
606 888 757
570 853 831
532 1018 728
8 1014 8
57 264 518
25 768 919
365 1021 1021
154 623 623
258 732 157
123 697 605
373 827 373
325 900 159
232 525 232
313 955 7
773 852 773
122 680 122
573 636 517
130 546 880
566 698 698
500 868 868
683 792 792
300 445 445
105 372 1013
115 648 141
36 746 446
241 615 155
23 856 187
61 409 951
177 343 150
121 522 121
692 767 767
114 651 114
105 633 1013
78 771 815
345 867 825
154 996 996
127 471 310
30 275 30
290 720 747
48 603 851
777 879 777
465 945 960
522 946 121
84 524 511
780 998 450
18 486 502
70 835 859
149 831 831
103 164 114
250 674 190
496 564 136
552 813 934
462 841 1
14 726 726
431 518 518
613 808 613
143 321 859
254 511 511
766 981 699
343 934 934
159 182 159
31 1023 546
189 281 373
149 797 804
677 827 524
70 208 518
496 805 535
269 287 961
248 537 524
752 887 817
64 114 114
63 265 817
536 903 903
209 949 310
441 544 441
699 942 699
429 472 80
177 727 474
317 589 322
81 540 540
99 773 662
43 850 190
80 809 80
529 722 934
248 862 524
440 830 757
155 790 155
101 114 114
193 315 546
430 684 430
248 827 524
316 871 871
381 934 934
502 1017 312
259 467 698
173 809 141
42 770 868
649 858 218
684 996 996
653 1009 672
35 292 338
316 538 844
68 868 868
135 544 367
540 598 540
71 868 868
316 573 546
55 163 229
913 949 310
300 633 528
56 660 660
388 662 662
318 529 529
800 898 744
108 220 613
71 213 395
101 843 410
492 720 747
520 770 520
595 1014 403
339 621 804
725 880 880
523 760 992
457 898 605
659 975 871
70 221 221
95 112 430
263 699 699
532 553 553
40 209 511
13 877 541
484 487 887
204 539 698
141 365 541
555 791 681
150 385 150
288 699 699
165 373 373
27 170 995
69 779 254
7 403 403
92 654 390
301 1013 1013
310 448 310
119 914 914
490 1016 934
162 448 699
194 501 445
767 941 941
859 925 431
114 195 114
773 842 773
420 511 511
814 1013 1013
29 526 806
269 903 903
187 556 187
23 132 517
79 382 518
116 975 500
81 785 785
9 637 961
408 641 825
888 935 757
568 795 828
116 232 232
244 660 660
222 658 632
288 828 828
783 969 232
459 635 662
159 479 159
236 669 236
70 550 859
521 707 928
416 471 1013
728 813 728
67 310 310
194 900 553
250 748 890
249 276 187
470 1000 390
40 744 511
436 709 436
202 672 672
289 899 866
350 420 767
423 467 698
28 940 169
338 486 338
336 728 728
204 372 62
324 526 605
465 978 960
537 547 537
327 999 403
399 539 698
544 838 838
101 898 322
131 828 828
768 851 919
468 625 740
199 977 806
662 839 662
538 804 844
219 258 521
544 623 623
41 997 844
110 986 717
128 811 871
209 988 757
22 159 159
82 287 970
154 496 154
164 802 806
49 87 141
256 936 312
729 937 907
180 186 121
269 486 961
325 776 159
553 903 903
155 748 155
787 943 777
122 702 122
588 945 726
342 998 992
101 1003 747
79 369 518
356 486 511
176 442 887
199 884 806
412 645 155
339 791 367
158 372 806
237 691 691
441 951 951
196 836 431
354 766 773
203 1002 121
717 764 836
354 873 773
459 485 330
276 678 8
534 825 825
216 722 934
283 893 391
19 813 3
336 465 960
513 595 403
120 740 817
193 696 807
383 732 747
486 750 527
19 707 928
877 922 529
590 823 815
226 714 838
487 680 520
268 718 834
7 143 7
122 419 122
877 880 880
183 986 417
151 980 980
716 827 524
196 949 310
476 1008 960
31 847 970
690 992 992
134 287 970
698 955 698
223 662 662
38 873 873
294 992 992
236 599 567
384 860 828
668 970 970
229 486 229
28 1010 524
55 819 155
153 934 934
83 844 310
14 118 951
92 788 639
315 937 546
478 592 995
844 923 844
831 902 523
116 290 500
415 920 392
300 1022 773
14 917 897
55 873 873
411 985 831
105 626 1013
389 518 773
36 863 730
492 983 528
516 691 691
288 295 834
73 962 730
796 1021 1021
261 866 961
29 802 806
991 1013 1013
312 650 312
531 559 970
15 405 62
210 402 210
576 817 817
671 904 662
145 818 1
518 806 518
201 486 744
395 402 395
58 687 330
843 919 919
186 987 874
402 516 546
396 641 825
541 909 541
861 925 431
275 453 567
72 692 32
247 307 699
230 920 392
611 951 951
170 540 540
109 590 995
250 907 890
79 163 518
464 875 395
107 333 914
706 882 897
151 177 71
168 888 757
103 119 114
148 861 871
9 436 436
281 300 373
660 701 660
74 945 222
324 853 605
239 496 535
164 277 141
14 879 873
406 502 502
217 894 866
322 569 322
187 429 187
834 912 834
92 342 992
207 524 150
784 838 838
119 547 378
765 808 785
65 294 556
275 486 440
123 859 236
352 926 623
48 526 767
580 880 880
239 567 567
155 318 155
187 991 187
138 410 410
194 855 553
458 781 880
519 545 556
486 520 520
546 562 304
598 822 941
227 265 817
403 740 403
414 427 392
838 925 838
403 797 403
311 875 395
271 938 859
221 408 221
2 16 8
23 175 221
342 769 992
497 946 1020
230 677 713
114 1024 114
50 242 172
605 707 605
68 777 777
268 661 71
431 852 553
122 636 122
510 718 828
138 476 336
486 751 632
32 641 825
31 938 440
335 636 517
519 934 934
780 792 792
373 427 373
359 524 330
11 69 788
364 777 777
316 719 866
15 260 62
435 1020 880
191 792 792
1 654 1
588 951 726
311 704 127
95 490 934
362 820 777
275 835 535
487 616 887
349 483 410
254 870 254
368 565 446
213 446 446
267 831 529
289 580 3
486 851 851
213 588 395
425 512 907
663 785 785
603 870 190
20 508 159
266 747 266
676 743 30
305 516 30
483 868 868
208 264 518
417 910 152
588 642 613
894 963 1013
708 868 868
384 695 828
127 694 699
298 963 1013
665 685 941
230 996 996
205 953 520
54 354 773
4 470 390
114 139 114
416 486 1013
686 917 897
33 944 502
729 992 992
402 521 546
18 33 502
778 858 866
403 467 403
183 711 417
527 601 527
898 948 322
486 1005 691
114 1023 114
715 809 445
486 610 836
78 529 529
116 405 500
515 807 553
684 708 556
480 707 236
211 823 815
832 909 671
451 499 450
402 636 517
42 436 868
550 773 773
224 700 700
442 826 578
20 102 868
241 730 730
668 884 441
112 567 567
840 973 390
166 275 893
520 555 520
164 312 312
605 797 605
280 868 868
113 858 122
236 980 980
189 473 445
584 828 828
510 828 828
360 486 866
651 897 897
437 460 422
390 530 390
390 878 390
183 671 671
67 859 777
45 543 880
240 560 851
371 836 292
486 579 36
211 1002 671
380 445 445
12 32 32
135 193 367
226 403 403
482 1002 693
491 767 691
356 959 511
611 970 970
691 1005 691
344 632 632
283 358 919
24 391 391
446 914 446
140 936 312
58 616 613
485 662 662
668 835 441
157 522 121
448 723 699
274 430 266
908 983 528
259 792 792
289 751 632
110 214 717
302 321 838
35 875 395
89 994 537
759 1011 500
180 272 36
410 490 934
439 634 114
153 274 266
775 955 7
542 693 693
780 919 919
122 455 122
121 447 121
354 927 773
320 735 232
26 995 32
296 934 934
170 642 511
958 1001 785
350 438 410
344 357 150
373 542 373
147 325 159
372 920 392
801 897 897
204 306 533
361 732 430
290 442 578
634 940 169
454 969 232
159 486 159
22 115 136
353 634 169
486 511 511
11 333 907
486 540 540
294 771 556
30 272 30
528 992 992
290 661 788
82 643 540
198 589 159
151 721 71
1 627 1
78 793 446
73 807 713
436 981 436
169 1020 1020
662 950 662
294 627 1
382 390 390
219 406 188
564 796 136
565 694 699
53 843 410
38 346 851
170 425 511
613 793 613
627 721 1
79 230 518
928 957 529
212 797 500
423 442 996
693 900 693
477 938 336
579 657 747
207 1009 150
647 737 737
115 432 136
520 539 520
268 632 632
421 422 422
37 72 32
641 689 825
76 832 537
546 728 728
354 864 773
252 361 430
61 336 336
712 834 834
180 728 728
243 490 934
121 235 121
16 145 1
227 987 874
740 801 740
577 779 254
165 325 159
662 765 662
411 983 831
193 456 807
418 637 961
593 1005 691
399 560 62
699 770 699
486 1006 30
391 716 716
733 1004 450
396 746 446
288 334 834
34 773 773
201 838 838
390 831 390
170 698 698
213 420 395
352 400 623
17 518 518
633 979 528
769 836 613
483 855 410
85 732 187
661 800 744
49 792 792
453 765 567
417 493 893
344 860 788
256 777 777
583 1016 681
61 824 172
323 835 978
111 988 210
197 694 500
632 694 699
74 254 254
163 829 312
540 906 540
236 390 390
107 976 831
668 909 671
302 806 806
172 984 172
459 741 527
668 728 728
42 1020 1020
85 722 187
266 661 266
152 712 152
198 958 159
318 450 450
19 592 854
412 470 390
2 753 46
318 863 730
239 259 529
503 941 941
516 833 122
78 796 815
330 619 310
427 825 825
499 636 517
387 721 785
190 278 537
91 183 521
606 986 450
125 972 972
804 998 804
76 467 698
53 730 410
230 734 218
278 814 403
667 941 941
266 847 266
39 834 221
187 882 187
387 491 691
676 984 30
177 867 80
928 984 928
136 155 155
486 739 995
291 646 838
222 903 903
608 994 868
265 868 868
653 695 436
245 267 529
144 289 980
590 721 737
580 777 777
233 502 502
390 911 390
265 993 817
506 988 210
88 280 838
152 691 152
453 529 529
804 927 338
147 402 396
271 356 511
82 339 767
520 700 520
485 574 961
616 679 679
160 449 919
254 918 254
160 358 919
17 824 972
116 221 500
497 1020 1020
691 939 691
181 311 836
203 620 121
264 403 403
325 787 777
209 518 518
430 699 699
591 878 422
841 1014 1
222 908 222
10 136 136
592 859 854
486 929 474
274 856 187
363 562 970
158 217 806
399 522 121
167 699 699
310 1011 310
475 859 681
227 844 844
52 537 517
591 1001 422
232 370 232
257 485 330
187 741 187
868 895 868
499 527 527
468 691 691
94 655 500
71 156 188
479 509 292
477 812 390
116 974 500
1 913 1
476 1024 114
425 981 446
332 774 792
230 563 713
237 749 660
635 684 662
32 399 32
33 849 114
160 306 304
127 751 632
283 396 396
299 548 403
354 684 773
764 859 836
434 941 941
259 915 529
726 828 828
773 936 773
168 223 623
221 626 266
213 513 8
401 874 874
154 320 232
321 522 121
311 573 914
384 713 828
405 827 524
124 859 859
70 660 660
440 952 521
94 720 747
289 1023 546
152 952 152
308 653 672
486 810 430
153 671 671
169 310 169
284 935 914
210 362 777
350 744 744
163 756 679
122 556 122
506 1004 450
114 856 114
659 958 871
22 263 136
436 548 436
835 874 874
375 382 871
52 330 330
399 698 698
30 92 30
27 907 995
32 61 32
486 805 11
428 571 218
592 933 783
30 58 30
616 844 844
57 679 679
119 501 445
188 666 188
557 804 578
86 817 817
34 61 474
392 839 392
553 940 169
520 949 520
372 689 523
660 820 660
518 881 518
163 169 169
251 912 897
222 493 222
201 541 541
284 541 541
92 677 336
405 584 266
34 201 474
80 785 785
615 758 155
126 436 868
304 693 693
281 809 373
255 999 785
288 929 474
199 941 941
358 592 919
19 119 154
98 773 773
332 693 792
191 396 396
300 593 691
442 716 716
573 1020 1020
540 973 540
816 853 831
277 992 992
688 706 155
821 854 80
31 748 11
361 759 928
48 151 851
334 594 792
32 607 32
390 518 390
332 384 828
127 952 521
50 603 172
666 691 691
182 726 446
64 808 785
220 377 613
332 517 517
348 390 390
444 1009 744
55 985 229
37 143 767
841 1003 1
171 1012 693
531 880 880
336 1010 524
406 806 806
521 851 851
631 838 838
557 805 578
252 586 992
565 691 691
625 914 914
373 922 529
372 623 623
810 851 851
626 721 266
54 633 528
153 823 815
379 898 322
60 769 613
449 520 520
752 786 817
4 707 392
15 483 410
24 532 717
905 998 632
571 972 553
398 481 828
417 777 777
155 752 155
138 312 312
697 820 605
155 813 155
441 529 529
226 954 155
538 1008 844
655 919 919
440 1013 1013
701 706 700
588 866 866
215 876 169
396 894 396
446 709 446
158 339 806
253 400 747
282 750 527
423 502 996
551 857 605
486 565 172
157 174 187
586 715 445
291 486 728
265 270 817
372 719 866
486 624 80
100 286 431
345 764 825
479 810 430
597 617 445
742 770 970
428 834 218
54 732 528
107 813 3
773 1011 773
79 223 518
13 680 520
354 962 773
30 912 30
591 735 229
473 682 445
693 727 693
217 666 866
420 842 391
247 941 941
203 273 121
168 354 773
6 361 169
563 753 713
240 373 373
682 769 682
415 747 747
130 864 880
331 497 1020
648 830 757
15 338 62
540 568 540
245 518 518
702 747 747
55 1018 229
155 489 155
439 964 114
247 575 699
624 713 80
661 860 788
237 903 903
68 468 740
283 913 873
665 847 874
254 909 254
339 826 127
849 920 114
404 879 873
49 624 141
314 427 392
588 623 623
423 1000 1013
227 764 521
556 748 556
722 751 934
675 1011 500
8 322 8
362 865 834
201 949 310
81 614 436
116 1011 500
829 888 312
446 890 446
542 584 266
289 944 502
762 1020 1020
338 907 338
302 460 838
312 713 312
748 870 190
344 560 978
611 886 523
155 987 155
233 517 517
12 521 541
122 386 122
266 951 266
170 699 699
789 827 524
345 747 747
232 463 232
722 961 961
188 457 605
265 517 517
539 954 155
182 497 1020
326 867 80
85 262 187
815 908 815
104 812 390
724 977 1021
153 733 378
349 486 378
411 962 730
390 396 390
430 976 831
114 574 114
145 355 1
859 862 524
460 1016 422
223 293 114
516 726 726
535 961 961
36 912 523
843 953 520
733 908 861
314 999 36
426 486 871
553 1001 553
429 769 613
251 920 897
19 507 410
285 794 792
230 263 136
625 813 3
753 774 854
210 906 232
5 121 121
602 706 844
260 570 62
21 265 817
6 170 169
105 462 1013
163 1013 1013
474 645 934
215 316 546
440 628 32
65 605 556
232 454 232
318 775 7
285 762 792
78 163 815
136 815 136
889 1005 691
114 284 114
187 223 187
405 524 524
592 802 806
410 800 410
874 924 874
54 966 127
664 709 700
636 697 517
153 807 807
62 101 62
317 928 322
34 332 792
744 850 744
430 453 567
436 628 436
584 829 266
592 645 934
666 960 960
602 949 310
523 565 172
278 700 700
347 856 187
785 1002 785
195 962 396
632 937 632
181 387 785
198 1014 159
283 381 716
368 893 446
802 811 806
22 211 136
293 366 114
263 1021 1021
880 897 880
385 394 502
823 889 700
289 313 7
190 732 190
194 701 553
149 569 338
1 262 1
880 921 880
76 180 36
50 523 172
22 903 903
311 956 960
634 648 169
574 726 961
303 330 330
390 495 390
406 486 188
535 874 874
403 674 403
94 286 500
37 1020 1020
404 509 150
87 966 46
676 915 30
486 897 897
908 988 210
475 742 681
574 595 961
128 577 871
515 672 672
551 685 941
517 992 992
874 897 897
43 998 632
121 1014 121
816 938 928
209 785 757
486 670 391
610 835 836
465 542 396
416 936 1013
797 903 903
491 572 266
5 437 395
777 979 777
275 539 698
350 526 767
5 772 941
309 864 169
386 773 773
349 928 928
21 468 740
445 724 445
728 835 728
619 782 310
612 966 46
367 444 744
43 908 890
293 681 114
211 716 716
716 864 169
78 500 500
623 758 623
625 846 804
227 805 521
118 271 417
31 58 304
243 722 934
104 623 623
285 787 792
283 551 391
489 643 540
439 885 114
45 761 897
56 978 430
313 796 7
92 403 403
112 910 152
415 560 632
182 981 446
32 160 32
132 899 517
423 535 996
35 282 159
143 254 254
469 758 32
46 283 391
206 540 540
170 581 880
152 342 992
324 697 605
287 527 527
632 838 838
166 825 825
579 744 744
151 199 806
227 815 815
420 568 828
333 832 537
297 681 681
36 717 36
29 811 806
684 1021 1021
7 424 7
241 803 726
155 251 155
468 794 792
685 823 941
3 421 716
51 229 229
400 793 446
165 859 567
45 540 540
671 918 671
251 390 390
282 329 874
166 344 893
315 785 785
42 412 155
203 230 121
511 934 934
276 324 8
329 497 1020
163 658 632
419 874 874
492 704 127
33 861 502
509 787 777
12 18 541
8 601 844
9 209 961
678 784 229
638 691 691
445 768 445
178 407 972
77 256 8
244 456 222
486 918 36
523 846 523
203 919 121
880 906 880
518 794 792
49 828 828
352 545 623
699 817 817
616 707 613
369 941 941
359 416 1013
11 466 978
157 682 682
540 724 540
4 806 806
418 765 861
200 559 970
629 990 436
467 665 874
387 433 1020
209 668 757
219 227 521
122 614 122
364 681 681
474 632 474
110 336 336
66 543 880
14 474 474
553 560 553
952 1000 1013
315 970 970
166 890 893
210 962 210
767 897 897
37 870 767
670 737 391
345 571 825
53 269 961
209 232 232
8 254 254
612 922 529
344 823 815
737 816 737
508 1014 210
205 774 717
153 751 632
739 781 995
95 836 836
844 992 992
218 659 218
191 714 728
143 221 221
443 686 152
677 811 744
762 981 446
23 436 436
486 981 446
227 952 521
534 627 1
207 730 730
263 324 136
153 944 502
438 614 436
39 605 221
466 820 71
233 831 831
486 513 8
14 699 699
350 848 266
688 819 155
767 921 679
452 903 903
452 674 190
279 562 726
431 550 431
41 436 436
161 534 672
229 665 874
192 310 310
143 275 528
17 613 972
342 377 992
452 479 190
241 534 672
155 916 155
441 899 866
413 486 978
163 238 737
271 890 859
236 629 716
59 335 679
3 109 995
152 426 152
344 672 672
288 500 500
359 823 330
334 561 834
158 226 806
138 292 639
507 631 410
111 220 613
171 515 693
729 961 961
317 411 831
187 761 187
520 538 520
59 303 679
176 890 887
467 635 662
328 525 152
881 961 961
166 970 970
416 905 1013
519 818 1
72 145 1
226 511 511
310 716 310
73 360 866
303 955 395
102 907 868
624 749 660
204 333 907
79 232 232
601 930 844
383 940 169
403 619 403
231 838 838
407 703 767
289 306 3
355 671 671
120 527 527
511 912 511
441 454 232
868 919 868
43 486 890
772 920 941
232 653 232
475 1016 681
1001 1017 312
121 895 121
141 146 187
19 535 154
375 486 254
600 973 390
107 1007 691
426 652 121
303 655 450
595 730 403
282 288 834
261 953 961
116 863 500
343 500 500
97 602 844
26 187 187
885 967 662
8 978 8
152 471 152
577 928 254
300 1012 533
454 964 232
328 513 152
735 973 390
524 730 730
62 68 567
290 424 533
239 486 440
98 736 903
255 792 792
35 648 141
589 1018 728
366 825 825
289 779 254
207 236 150
580 686 152
402 692 338
808 820 785
6 246 169
400 743 671
486 1013 1013
62 831 831
588 609 992
54 986 717
55 479 229
225 547 785
672 927 672
358 390 390
83 266 266
101 778 866
61 811 744
32 268 32
310 827 310
275 1013 1013
276 574 961
115 456 136
310 410 310
120 642 817
139 667 897
331 646 1020
763 829 868
166 424 893
216 934 934
455 653 527
107 379 188
36 453 36
258 843 410
479 862 524
498 882 1
276 897 897
901 1013 1013
828 947 828
30 105 1013
583 622 681
340 868 527
69 169 169
464 865 834
138 502 502
822 871 1020
184 613 874
217 672 672
174 743 187
94 520 520
498 540 1
493 888 757
504 727 540
72 450 32
110 210 210
155 261 155
17 161 972
803 865 834
226 529 529
310 387 310
214 804 804
788 907 907
232 965 232
568 897 897
333 938 907
81 431 441
162 839 698
813 822 1020
29 394 806
15 463 757
114 401 114
64 138 578
175 540 540
239 991 520
94 990 436
503 1011 500
174 285 187
125 976 777
543 667 880
24 952 521
2 661 46
445 602 445
595 867 403
474 528 474
221 421 221
620 682 232
825 957 825
106 120 992
399 842 391
224 395 541
239 610 836
551 893 893
87 521 521
107 864 169
99 795 662
726 730 726
845 968 517
100 682 682
663 950 373
714 914 914
229 1011 500
6 559 169
508 815 713
454 464 232
54 706 700
700 807 700
632 919 919
529 953 520
206 768 903
214 665 874
229 1018 229
797 992 992
780 909 450
135 1018 728
83 482 310
805 900 154
94 132 517
146 627 1
176 876 169
24 482 693
775 884 7
308 942 672
367 1004 450
545 804 304
447 880 880
901 914 436
220 978 613
113 587 122
123 221 221
388 575 221
498 531 1
284 759 928
95 162 698
90 436 436
638 748 529
941 994 941
603 713 713
268 836 71
483 1010 410
197 680 520
44 765 396
167 748 312
158 486 806
228 1017 312
126 947 868
961 968 961
482 820 693
704 984 859
43 315 546
111 527 527
206 874 874
277 509 422
62 486 62
127 543 880
729 742 441
71 527 527
28 798 537
169 695 436
663 828 828
111 373 373
463 720 747
272 789 367
121 713 121
358 792 792
196 423 996
652 979 121
802 830 806
535 845 46
721 842 391
265 450 817
56 825 825
674 917 897
285 499 792
758 941 941
73 239 713
303 564 136
160 903 903
431 573 431
283 892 391
306 456 890
493 717 893
479 537 537
357 761 698
16 566 980
299 384 828
802 817 817
767 1016 172
526 713 767
375 839 254
61 554 836
78 339 815
23 546 817
134 863 730
319 828 828
273 844 844
613 902 613
31 492 788
169 586 169
541 742 541
330 591 330
237 565 660
144 177 980
58 794 792
159 268 159
776 878 422
744 821 744
486 552 934
53 297 221
180 305 30
47 917 897
129 390 390
491 777 691
496 580 807
540 926 540
189 549 783
233 575 980
207 881 693
634 1020 1020
683 1022 773
479 838 838
74 671 671
310 910 152
784 844 844
801 834 834
367 413 978
148 538 844
960 998 632
47 777 777
441 780 450
244 486 222
661 765 788
617 826 229
722 947 934
818 982 1
451 471 310
254 1013 1013
434 546 222
483 885 662
681 824 681
367 381 716
748 1020 1020
712 856 187
99 470 390
246 734 218
563 985 713
162 517 517
336 796 716
517 855 517
511 811 511
1 953 1
312 846 312
322 390 390
179 392 373
726 777 777
330 361 330
292 414 744
167 517 517
472 623 623
604 1008 831
95 855 71
441 1000 1013
260 805 336
736 1020 1020
800 833 122
147 164 141
51 187 187
723 1004 450
30 998 30
245 940 169
210 230 210
711 937 378
276 518 518
161 546 972
170 486 511
652 703 121
370 1006 679
169 1002 169
394 732 521
181 610 836
84 447 403
311 783 783
122 622 122
861 908 861
107 512 914
114 126 114
175 909 221
2 137 46
445 966 445
710 935 523
333 961 961
21 48 605
32 568 828
457 951 951
88 138 639
50 954 155
283 669 391
41 996 844
429 646 838
61 512 154
117 587 122
390 643 540
3 689 523
14 396 396
795 985 831
631 788 740
632 942 7
565 960 172
752 837 445
291 400 728
550 975 783
208 309 518
427 533 392
278 330 330
194 700 553
519 999 556
404 984 150
506 877 222
65 662 662
56 207 150
906 942 232
310 580 310
330 668 330
3 720 747
214 781 851
486 539 698
71 587 122
605 729 605
208 594 792
681 769 681
64 676 30
145 432 1
775 827 7
199 781 806
266 393 266
156 592 188
11 270 528
32 489 32
721 1006 30
486 541 541
815 984 815
106 140 992
548 814 403
431 780 450
77 119 928
216 956 312
187 634 187
697 868 868
304 1007 691
425 641 825
689 814 403
48 413 851
240 344 851
76 820 537
713 821 80
259 1024 114
114 969 114
12 218 218
342 614 436
123 745 980
497 883 1020
65 612 556
693 714 693
632 998 632
611 689 523
161 218 218
373 845 373
13 221 221
31 550 859
474 1020 1020
517 943 517
581 849 880
658 960 632
540 620 540
658 873 873
793 981 446
301 975 367
260 368 446
309 768 919
266 697 266
74 312 312
423 517 517
186 896 121
540 628 540
884 957 529
141 840 806
464 828 828
358 673 919
122 431 122
714 841 1
232 842 232
114 828 114
119 204 533
218 691 691
30 220 30
265 584 266
762 1010 524
27 246 995
398 673 919
5 977 395
154 310 310
87 893 46
645 887 887
16 460 422
284 317 322
155 382 155
411 693 693
451 773 773
407 995 995
328 638 152
506 553 553
35 108 726
198 878 159
451 671 210
275 509 292
307 486 578
119 137 154
777 862 777
270 444 744
294 812 390
5 792 792
833 880 880
18 503 567
691 825 691
151 524 524
895 925 672
444 660 660
415 762 632
194 852 553
10 294 556
274 877 266
122 828 122
151 461 757
197 594 500
142 222 662
439 610 114
187 491 187
260 716 716
604 686 152
114 883 114
321 654 390
844 991 520
371 938 292
326 920 392
18 364 623
403 957 403
137 391 391
677 840 806
47 399 737
152 420 152
218 304 218
228 421 623
387 1022 773
229 660 660
326 553 553
496 816 928
573 827 524
28 692 502
21 382 871
924 941 941
129 206 903
103 176 114
414 737 744
183 310 310
221 706 221
262 662 662
515 932 553
33 84 511
462 858 30
602 990 436
357 374 681
528 677 336
187 271 187
422 673 919
188 903 903
334 486 834
41 441 844
18 725 122
818 898 1
38 828 828
116 673 500
484 615 155
923 968 517
510 924 828
245 868 868
735 861 229
200 709 322
148 484 887
434 518 518
564 833 122
269 307 961
382 817 817
393 992 992
155 833 155
62 603 62
521 546 546
319 947 310
463 923 682
96 486 527
36 346 36
264 369 518
157 714 535
461 783 757
343 1002 671
639 716 716
11 105 1013
670 920 392
616 957 529
541 556 556
653 995 995
868 971 868
384 516 828
53 887 887
541 640 541
87 1013 1013
402 446 446
344 721 157
873 895 672
435 688 880
511 775 511
603 985 831
81 1009 150
208 1014 518
451 935 210
177 293 114
47 104 873
68 224 541
605 880 880
163 1007 691
92 942 7
333 520 520
347 515 844
287 486 970
330 628 330
215 240 851
262 540 540
479 611 523
121 1010 121
863 930 30
444 549 744
322 880 880
232 486 232
301 897 897
81 311 441
346 1009 150
457 903 903
174 446 187
794 817 817
377 699 699
850 1019 623
712 1021 1021
359 871 330
403 478 403
45 880 880
700 941 941
302 973 390
29 801 806
698 926 698
350 442 767
114 130 880
694 859 699
356 552 934
166 512 893
308 691 691
398 471 310
414 889 700
407 704 767
491 614 436
55 518 518
299 838 838
240 432 815
965 986 8
135 163 367
262 355 221
1003 1020 1020
254 434 254
647 659 871
235 324 773
117 1007 691
323 449 919
71 961 961
187 416 187
201 800 744
387 885 662
534 777 672
164 397 682
312 462 312
301 951 951
486 682 682
342 897 897
563 591 422
421 941 941
309 570 62
57 520 520
757 997 682
111 337 773
486 645 934
978 990 436
755 774 873
572 941 941
62 97 1021
388 544 221
290 389 773
817 876 169
62 205 62
298 460 422
323 613 613
75 309 700
65 905 556
33 58 304
98 795 903
332 542 792
266 269 961
308 846 672
675 843 474
545 831 831
542 824 396
231 442 524
308 825 825
87 201 744
882 917 897
303 437 395
379 495 941
388 748 221
16 254 254
144 707 980
250 774 890
478 602 844
508 839 254
286 371 431
122 990 122
388 422 221
232 876 232
203 897 897
319 409 310
399 648 141
663 825 825
292 797 978
30 494 373
114 390 390
306 417 417
87 851 851
316 985 831
191 293 114
141 436 436
44 743 396
640 851 338
773 940 773
69 761 698
339 456 890
884 886 3
193 405 807
5 1013 1013
800 978 744
233 308 672
525 938 152
456 523 523
41 348 903
373 986 373
615 954 155
103 153 114
313 711 7
891 932 815
532 755 873
755 835 873
271 344 859
1 653 1
15 992 992
340 748 527
142 713 662
838 941 941
486 724 1021
507 689 410
554 715 445
605 907 605
299 532 951
143 311 528
162 266 266
66 232 232
395 676 30
396 428 218
85 1024 114
21 562 605
368 968 517
155 819 155
88 111 210
238 267 529
127 486 127
143 492 528
74 347 844
223 501 445
103 443 114
61 546 546
268 958 713
517 816 517
95 396 396
23 155 155
236 570 62
453 613 613
248 493 524
105 121 121
195 892 396
586 941 941
412 830 155
318 346 893
550 874 874
438 851 410
483 835 410
500 823 500
187 833 187
290 465 960
449 941 941
462 770 970
25 183 417
842 912 523
11 677 336
248 727 474
824 925 172
181 346 893
187 615 155
106 158 992
480 713 713
441 944 441
494 960 373
169 197 169
299 733 951
148 622 691
245 919 919
283 718 834
38 110 851
255 518 518
433 706 1020
428 436 436
603 933 851
527 714 527
352 672 672
3 590 737
875 934 934
316 1023 546
352 981 623
900 983 154
382 956 871
419 897 897
49 155 155
91 144 980
612 638 529
640 996 996
48 449 919
41 325 844
87 815 815
455 527 527
86 284 218
304 926 996
469 508 32
488 755 903
356 896 511
961 1011 961
348 918 903
282 448 699
503 537 567
633 668 441
582 905 222
55 267 529
499 711 450
157 226 838
317 681 681
642 700 700
703 951 951
74 496 893
865 943 834
229 941 941
738 983 777
492 835 535
270 325 159
437 716 716
155 601 155
580 873 873
757 967 520
431 796 431
142 952 662
442 486 578
172 692 172
443 891 834
282 334 834
947 980 980
681 908 681
942 1021 1021
95 907 535
518 800 518
330 655 330
359 554 330
630 639 960
242 267 529
747 839 747
622 977 691
592 952 521
495 497 941
480 486 236
49 226 838
827 997 682
272 602 844
269 414 961
221 978 221
21 660 660
648 992 992
520 813 520
159 871 159
486 991 520
457 956 605
706 838 838
465 537 537
339 486 154
217 610 866
672 970 672
121 883 121
10 934 934
199 460 806
773 785 773
306 620 232
993 1020 1020
256 649 218
19 631 740
444 661 744
961 980 961
523 877 523
519 898 556
133 158 806
253 999 747
232 983 232
363 403 403
314 979 632
488 885 662
578 733 578
39 825 221
403 679 403
76 257 330
117 796 392
461 1014 757
279 367 726
94 723 500
244 531 396
272 705 436
763 777 868
486 822 1020
489 918 698
375 774 254
501 828 828
95 932 3
201 215 744
353 712 693
36 500 500
195 436 436
707 759 928
225 870 785
309 1020 1020
486 969 232
505 519 980
763 764 868
194 571 553
122 328 122
273 700 660
614 785 436
113 459 122
659 972 972
53 440 410
296 475 681
730 747 747
386 948 136
400 802 806
309 632 236
440 450 450
122 921 122
268 312 312
900 984 859
148 303 871
322 603 322
312 647 312
117 831 392
910 999 152
210 700 700
547 1010 524
20 474 474
155 649 155
53 99 662
821 957 529
18 81 441
72 645 32
171 746 693
121 199 121
682 764 682
183 813 3
28 222 502
235 389 773
330 432 330
891 957 529
154 868 868
331 941 941
118 441 441
541 1015 540
453 1006 30
8 873 873
613 640 613
440 441 441
228 855 623
418 678 236
266 374 266
553 881 693
16 874 874
261 262 961
41 403 403
541 547 541
87 249 187
167 783 312
211 951 951
93 279 726
194 1018 553
154 799 540
541 965 541
300 444 744
312 440 312
272 803 726
55 188 229
425 782 928
79 472 518
817 903 903
277 773 773
264 681 681
376 938 122
499 755 873
34 345 825
229 923 682
44 939 141
180 244 36
824 1021 1021
298 914 671
508 526 767
505 517 517
276 550 8
28 887 887
717 987 874
800 811 744
578 898 322
93 169 169
168 909 671
218 883 681
452 565 172
66 515 887
31 872 392
44 665 874
888 1018 757
62 458 880
670 785 785
593 747 747
46 633 46
494 631 373
699 839 699
636 880 880
518 539 698
833 840 122
589 944 190
392 486 392
53 527 527
734 887 887
228 908 623
14 520 520
269 656 390
412 637 155
553 681 681
114 348 114
212 444 500
510 588 828
908 980 980
318 512 890
17 803 972
512 792 792
674 1002 671
114 274 114
92 159 159
457 777 777
486 764 836
228 992 992
92 107 639
7 907 7
228 747 747
230 810 713
312 897 897
245 673 919
412 530 941
290 927 338
526 670 767
98 995 903
67 132 517
233 615 155
68 808 785
602 805 844
88 177 861
170 242 511
448 1022 773
38 610 851
599 702 825
1 495 1
153 909 671
254 631 254
208 353 518
281 953 520
535 657 747
790 1020 1020
658 882 897
395 556 556
374 810 681
187 277 187
162 737 698
30 1018 30
122 416 122
7 959 951
989 997 682
276 482 693
583 920 681
242 875 395
218 978 218
476 726 726
620 969 232
486 683 716
500 583 681
366 951 972
417 652 121
472 919 919
150 996 996
389 828 828
374 719 681
776 827 431
622 954 155
836 970 970
310 403 403
604 721 831
207 241 150
159 554 159
192 518 518
340 350 527
356 891 511
7 808 785
834 948 834
481 831 828
486 740 740
635 885 662
210 446 446
238 861 737
78 623 623
322 658 322
303 859 395
522 693 121
396 678 396
622 945 691
724 874 874
441 773 773
550 905 222
511 834 511
52 187 187
62 578 62
339 615 155
122 305 122
814 968 403
471 555 310
662 1009 662
831 1009 150
18 740 740
158 698 698
326 855 71
897 940 897
257 486 330
69 980 980
707 733 928
369 395 518
502 984 502
389 816 773
589 592 190
155 383 155
463 713 757
290 427 392
154 535 154
469 839 32
374 1013 1013
279 830 757
556 941 941
225 548 403
83 403 403
676 801 30
403 940 403
390 656 390
404 591 422
64 492 578
860 1012 788
163 225 785
312 444 312
373 795 373
516 799 540
505 861 980
460 874 874
693 744 693
390 681 390
627 657 1
277 386 422
269 1013 1013
369 782 518
505 984 980
114 384 114
189 677 336
527 681 527
221 336 221
169 1019 169
450 815 450
610 774 836
95 496 535
587 807 122
213 402 395
81 668 441
77 247 699
243 976 934
80 608 868
221 349 221
50 571 553
850 870 190
97 985 1021
142 1020 1020
263 924 828
327 471 403
299 993 1021
422 499 422
500 703 500
368 638 529
315 763 868
41 697 844
23 962 817
341 667 700
71 941 941
294 390 390
648 760 992
328 803 152
344 918 36
427 698 698
465 907 960
998 1021 1021
51 696 854
210 410 410
512 923 682
108 321 726
671 927 671
678 909 671
269 966 961
96 828 828
280 385 838
84 799 540
321 908 859
77 188 928
314 682 682
477 816 336
112 602 844
73 821 80
279 555 681
465 486 960
353 792 792
107 520 520
693 923 693
175 258 221
325 670 159
320 454 232
254 612 254
536 861 672
442 876 169
203 438 121
460 626 266
789 824 172
522 757 121
107 459 330
895 950 672
185 375 540
557 647 578
64 773 773
363 620 232
368 476 446
353 505 693
540 828 540
486 807 807
250 873 873
360 899 866
639 725 122
326 402 71
514 525 152
128 382 871
47 285 792
49 699 699
185 973 540
488 914 903
254 258 254
288 443 834
264 302 518
933 1019 623
785 919 919
763 846 868
339 516 417
828 910 828
402 440 546
702 816 825
833 915 122
163 379 188
54 157 528
104 218 218
111 211 210
68 983 567
147 178 972
262 357 221
3 228 623
461 567 757
817 936 817
118 1012 417
62 194 553
133 500 500
364 1013 1013
104 517 517
21 787 777
489 957 698
44 681 681
255 387 785
776 821 80
121 918 121
92 540 540
211 637 961
783 877 222
122 604 122
441 857 605
675 727 474
107 263 136
163 616 613
103 1024 114
117 306 392
400 839 254
367 730 730
583 897 897
86 323 218
540 685 540
110 270 717
97 931 1021
626 784 266
394 907 521
240 914 851
878 887 887
529 980 529
169 323 169
247 776 699
278 994 537
77 831 831
242 595 403
486 888 757
74 440 893
58 877 304
261 390 390
222 469 32
79 691 691
706 1023 700
684 877 222
403 471 403
266 659 266
135 141 141
280 801 838
575 611 980
548 846 403
178 517 517
143 316 546
325 941 941
263 949 310
78 964 1021
392 577 392
480 632 236
251 816 897
807 848 266
259 824 529
115 436 436
696 907 890
316 766 699
463 517 517
404 760 992
370 887 887
224 600 541
535 711 378
493 573 893
282 419 121
562 618 728
290 855 71
484 961 961
666 874 874
168 668 441
457 566 980
279 365 541
381 951 951
553 565 553
300 344 533
154 213 395
815 846 815
58 219 304
317 630 322
753 821 80
633 770 970
622 840 691
75 229 700
541 980 980
393 695 436
238 740 740
659 779 871
95 474 474
661 1023 546
274 553 266
529 550 529
68 305 30
136 974 136
333 606 450
349 795 836
248 368 446
804 977 441
814 821 403
801 851 851
672 746 672
158 722 934
771 877 431
682 800 682
794 801 792
622 1005 691
92 733 639
150 309 150
64 853 831
168 698 698
691 993 691
78 196 815
738 786 817
89 719 866
6 210 169
164 892 141
63 459 330
215 1014 210
236 932 236
433 946 1020
188 211 188
253 632 747
486 879 873
444 453 744
261 573 961
308 572 266
161 868 868
306 492 788
401 529 699
18 817 817
317 961 961
367 748 367
344 635 662
398 962 730
693 921 693
527 992 527
319 626 266
133 461 757
138 551 639
43 886 3
229 685 941
562 759 304
40 84 511
299 472 951
338 385 502
486 890 890
650 653 672
338 1005 691
42 527 527
101 210 210
111 594 792
82 344 767
19 137 154
10 448 699
513 836 8
289 896 3
247 892 699
241 872 392
840 970 806
354 579 773
804 808 785
370 531 679
627 839 1
44 624 396
382 757 757
611 851 523
72 95 32
401 540 540
997 1023 682
184 272 874
788 845 46
27 553 995
57 869 737
162 539 698
792 1002 792
59 432 679
486 924 828
823 938 815
127 435 880
866 920 392
18 905 502
457 706 700
168 632 441
95 571 553
377 521 613
614 897 897
211 293 114
765 955 7
63 100 730
208 886 518
446 531 446
338 630 338
448 952 699
897 935 897
234 504 540
139 880 880
330 556 330
347 1007 844
401 506 699
34 433 1020
492 717 717
780 1004 450
127 505 980
115 387 136
3 208 518
153 979 378
24 535 717
137 172 172
654 897 390
717 1013 1013
16 927 8
594 779 792
773 908 773
409 663 740
468 972 972
522 540 540
434 1005 691
247 827 699
681 850 681
722 757 934
573 891 815
212 330 330
354 1021 773
393 866 866
89 772 941
474 511 511
610 621 804
249 759 187
211 682 682
618 769 613
777 913 777
315 322 322
123 317 322
157 252 639
204 239 440
283 346 391
540 941 540
663 906 232
652 1005 121
370 756 679
204 885 662
134 256 8
290 426 871
770 1020 1020
191 976 728
250 706 700
953 992 520
785 908 785
89 325 159
144 745 980
544 981 446
7 417 7
127 209 757
118 815 815
155 924 155
168 942 7
868 990 868
378 485 330
806 987 874
468 761 698
323 367 978
393 544 807
733 860 861
31 882 897
346 932 3
172 301 172
388 795 221
9 284 961
441 887 887
795 982 679
266 651 266
178 456 972
360 974 866
25 214 417
157 794 792
209 590 757
321 983 859
677 762 336
360 511 866
97 579 1021
688 954 155
349 533 378
69 158 806
96 330 527
486 712 838
184 665 874
240 573 851
604 913 873
235 540 540
576 602 844
117 759 392
33 385 502
170 497 1020
43 630 960
602 965 844
903 951 903
754 871 874
165 694 699
844 941 941
146 174 187
916 921 679
101 392 392
32 181 32
501 662 662
426 761 698
333 441 441
471 998 310
229 295 229
533 755 873
312 1019 312
518 840 518
87 431 431
390 980 390
481 941 941
864 883 169
353 673 693
42 608 868
159 1009 159
245 671 671
204 446 446
486 544 807
244 923 682
80 525 152
817 835 817
308 977 672
99 172 662
121 226 121
486 808 785
15 62 62
759 782 928
62 388 221
415 427 392
94 326 500
21 228 623
454 903 903
332 837 445
214 625 783
727 736 825
417 425 417
621 630 804
439 813 114
273 379 660
183 691 691
25 57 960
704 797 978
8 866 866
167 996 312
144 435 880
777 943 777
228 472 623
453 918 36
253 462 747
155 582 155
275 980 980
348 448 903
262 772 941
379 498 1
71 699 699
310 431 310
181 190 190
169 345 169
162 257 330
552 644 1013
45 155 155
309 903 903
56 296 541
105 486 1013
163 529 529
66 139 897
269 991 961
114 952 114
773 795 773
108 157 726
304 423 996
328 445 445
331 548 1020
432 757 757
69 179 373
559 1018 970
509 612 46
32 999 32
187 529 187
44 540 540
656 745 390
239 371 292
446 826 446
310 844 310
247 634 169
107 988 210
666 783 430
432 774 815
155 679 155
364 907 623
187 993 187
466 911 373
350 541 541
260 321 336
319 1013 1013
65 188 556
709 888 757
756 804 679
86 592 218
270 349 528
339 529 529
492 505 980
408 801 825
367 736 825
509 825 825
27 221 221
453 873 873
941 1000 941
675 929 474
330 728 330
222 965 8
122 896 122
365 396 541
251 880 880
418 486 861
118 627 1
108 906 232
444 495 941
765 877 222
268 507 410
4 809 392
388 1022 773
630 956 960
520 874 874
344 529 529
311 682 682
27 500 500
256 536 672
595 929 403
765 1008 960
554 758 996
749 974 660
48 586 992
299 672 672
838 871 838
126 638 868
885 969 662
563 915 7
157 338 338
509 832 537
133 151 391
115 350 136
45 226 897
200 837 445
440 492 788
815 1018 728
108 115 136
147 433 1020
476 899 866
129 286 903
343 667 700
38 578 851
349 780 450
359 593 330
336 896 336
130 729 880
112 710 523
106 799 540
61 773 773
253 662 662
932 952 521
195 216 312
17 575 972
201 516 744
188 995 995
245 844 844
440 503 567
696 859 859
293 391 114
188 704 188
225 268 785
187 1007 187
1 527 1
10 500 500
145 295 1
55 237 660
405 580 807
231 1014 210
126 776 868
104 960 873
672 803 672
275 921 679
54 502 502
41 682 844
411 670 831
162 651 995
168 486 441
193 221 221
72 478 32
486 657 747
509 644 1013
107 825 825
605 689 523
759 870 190
269 532 961
196 859 431
6 155 155
226 972 972
30 780 30
538 880 880
109 198 995
273 1020 1020
55 363 970
403 794 403
527 901 527
110 827 524
119 586 992
726 908 726
652 825 121
152 763 868
110 334 834
528 952 521
323 688 155
159 955 159
163 748 367
365 965 541
282 486 159
334 793 834
279 339 726
442 854 578
431 565 172
55 735 229
77 527 527
312 775 312
112 498 1
295 343 150
198 325 159
539 761 698
837 1001 445
539 560 698
266 383 266
100 549 783
48 500 500
155 834 155
247 852 699
297 482 221
201 743 671
463 1020 1020
435 455 880
115 662 662
414 520 520
91 980 980
119 737 737
87 700 700
37 283 767
173 419 121
409 648 141
386 624 136
238 406 737
394 954 155
154 527 527
371 563 713
97 135 1021
706 868 868
231 566 980
57 956 960
261 868 868
693 832 693
792 894 792
373 578 373
443 487 887
169 284 169
238 842 391
23 839 817
729 811 744
369 710 518
116 538 844
19 1011 500
907 986 717
405 479 807
41 347 844
733 829 312
726 792 792
204 944 502
937 979 157
374 504 540
55 541 229
638 706 529
482 785 693
41 940 169
237 542 660
95 693 693
342 501 445
102 868 868
792 863 792
486 971 660
739 868 868
341 493 304
755 838 838
54 762 336
9 496 961
817 830 817
486 791 367
874 903 874
866 982 866
518 847 518
362 918 777
29 305 806
436 607 436
25 574 961
389 723 773
54 396 396
126 608 868
1 23 1
232 724 232
96 748 527
325 897 897
456 764 836
240 318 851
636 980 517
366 701 972
236 874 874
529 656 390
95 159 159
740 768 919
420 999 36
328 854 152
591 970 970
140 434 740
156 700 700
226 280 838
57 357 150
116 486 500
294 930 556
669 919 919
317 486 322
1 4 1
235 897 897
417 998 632
592 629 716
350 910 152
159 859 159
532 932 3
290 711 378
132 403 403
212 505 500
69 554 836
523 698 698
426 689 871
966 1013 1013
204 691 691
518 985 518
237 437 660
475 555 681
168 798 441
301 733 367
422 716 422
410 517 517
159 831 159
199 822 1020
333 424 907
95 726 726
110 223 623
603 781 851
67 528 777
405 907 807
942 995 995
298 805 671
730 946 520
264 500 500
693 872 693
1 716 1
419 829 121
333 860 907
611 702 825
474 660 660
129 309 903
527 529 527
321 625 914
780 918 450
428 835 218
266 687 266
202 537 422
51 887 887
147 868 868
440 479 292
39 266 266
199 486 806
343 941 941
657 877 747
237 971 660
69 471 310
396 660 660
424 548 403
82 831 767
566 940 169
223 475 681
707 805 928
181 795 836
322 929 474
188 688 155
100 156 188
110 236 236
572 1002 266
673 869 919
216 612 312
79 251 897
69 769 613
174 355 187
668 685 941
9 261 961
519 527 527
157 311 157
227 279 726
487 702 887
634 961 961
509 510 828
25 674 190
121 953 121
211 373 373
159 977 159
115 386 136
309 905 236
161 304 972
485 546 330
445 681 445
193 480 236
691 894 691
514 540 540
25 397 682
194 758 553
88 205 717
55 297 221
847 907 970
291 723 728
7 531 396
876 1023 169
738 817 817
657 967 520
246 938 474
648 972 972
185 643 540
207 299 951
55 570 229
301 520 520
806 913 806
30 937 30
872 890 392
187 553 187
1 517 1
163 900 367
692 776 431
661 993 1021
533 639 639
304 325 159
65 164 556
310 722 310
204 764 836
134 990 436
222 643 540
417 513 8
411 486 831
643 967 540
772 974 941
355 669 639
936 993 1021
691 1007 691
574 828 828
915 939 141
546 997 682
242 660 660
276 589 8
667 906 232
48 781 851
164 298 141
47 838 838
30 402 30
133 172 172
436 763 868
264 921 518
334 521 834
789 892 391
356 693 693
462 521 873
36 722 934
486 631 740
309 354 773
56 565 172
16 908 8
434 1016 172
201 583 681
685 715 941
520 617 520
46 183 46
83 704 310
542 887 887
210 456 210
232 404 232
331 975 1020
426 448 699
624 791 80
823 867 80
36 271 36
197 845 500
270 792 792
117 619 310
221 993 221
65 496 556
2 582 46
660 953 520
196 486 431
265 476 817
420 445 445
527 577 527
491 1002 691
403 447 403
512 813 3
604 617 229
527 1018 527
19 339 154
517 920 517
69 135 367
121 705 121
128 798 871
445 564 445
961 972 961
485 840 330
58 897 897
575 897 897
679 1013 1013
426 449 919
587 617 122
187 680 187
319 1005 310
296 953 520
621 773 773
468 564 136
480 495 941
1 90 1
580 846 804
777 1001 777
50 596 972
107 753 914
222 576 556
122 593 122
186 306 121
1 232 1
200 309 236
95 157 535
285 517 517
70 416 1013
75 402 700
562 670 304
721 869 737
288 968 517
66 817 817
488 966 903
336 928 336
378 620 232
651 992 992
240 277 422
306 718 834
767 905 767
189 225 785
18 284 502
170 711 511
550 718 834
99 772 941
318 801 890
876 916 169
513 660 660
562 892 304
1 487 1
797 805 978
97 887 887
135 140 740
12 542 541
577 815 254
178 885 662
79 867 518
423 939 141
627 774 1
164 754 874
287 541 970
417 978 978
773 866 773
220 258 613
453 625 567
515 944 553
23 242 817
552 926 934
335 391 996
225 795 785
662 826 662
727 834 474
123 930 30
116 436 436
217 899 866
885 948 662
429 529 529
232 969 232
134 700 700
396 615 155
134 263 136
692 927 338
644 678 1013
305 853 30
159 838 838
276 493 8
744 871 871
227 740 740
679 958 679
619 855 310
519 520 520
791 807 367
486 788 788
144 971 980
373 507 373
453 599 567
880 963 880
345 629 825
410 450 410
423 540 540
390 587 390
38 846 851
293 824 114
330 752 330
69 295 788
97 187 187
311 625 914
277 994 422
25 680 520
851 961 961
111 570 210
346 492 893
13 682 682
503 650 682
120 640 817
521 988 210
243 921 934
573 613 613
388 718 221
332 903 903
101 440 417
12 520 520
56 425 430
791 894 730
773 814 773
133 211 391
641 915 825
785 897 897
384 773 828
172 961 961
209 429 757
122 149 122
8 819 155
620 670 232
118 995 995
565 987 874
390 941 390
517 745 517
490 868 868
99 374 662
23 786 817
330 332 330
3 867 80
254 813 254
675 699 699
326 978 71
115 214 136
486 536 672
189 214 783
165 332 792
77 347 844
315 558 517
307 515 553
637 638 961
422 973 390
774 964 1021
102 234 868
32 358 32
199 359 330
492 780 450
272 605 605
274 836 266
193 752 817
486 550 859
338 599 567
13 480 541
508 934 934
11 834 834
807 1016 172
696 790 1020
101 731 553
34 883 681
410 780 410
175 447 403
310 363 310
486 818 1
409 486 951
547 907 378
449 456 919
481 789 828
350 454 232
377 410 410
553 840 553
761 1010 698
379 1013 1013
677 991 520
584 626 266
668 700 700
289 502 502
261 699 961
42 671 868
101 532 417
85 287 187
210 697 210
548 719 403
479 530 941
392 934 934
230 650 682
208 421 518
181 764 836
720 963 1013
175 869 221
153 861 378
504 637 540
74 545 304
58 247 699
479 974 210
219 1012 521
322 540 540
527 814 527
628 792 792
150 560 150
480 880 880
212 426 500
155 622 155
1 187 1
252 798 537
540 658 540
305 534 672
801 907 157
201 338 744
290 365 541
578 947 511
217 552 934
256 864 169
773 901 773
77 132 517
194 249 187
261 897 897
784 823 229
500 753 500
696 895 672
53 680 520
41 412 155
338 1003 747
344 701 322
123 690 254
711 748 378
95 300 535
748 1000 1013
3 315 546
240 603 851
129 950 903
583 715 445
720 803 747
453 486 567
417 808 785
343 391 150
591 600 422
486 569 338
446 791 446
858 901 436
347 390 390
219 789 367
593 897 897
107 972 972
45 807 897
637 897 897
52 546 517
258 659 871
462 874 874
180 360 866
111 970 970
152 377 152
269 827 961
78 744 744
660 987 874
114 875 114
304 757 757
8 230 8
562 687 330
775 871 871
403 700 403
707 823 815
20 333 159
403 699 403
709 802 806
762 928 336
539 583 681
850 984 190
74 129 903
180 550 36
181 447 403
415 550 632
120 520 520
392 460 392
305 844 844
400 727 474
662 899 662
217 580 866
10 698 698
202 254 422
35 950 373
169 797 169
46 892 391
188 707 928
652 773 121
205 884 3
512 603 851
1 972 1
209 439 114
37 541 541
392 490 934
213 608 868
23 866 817
226 408 825
791 966 367
91 868 868
210 972 972
162 213 698
950 986 373
294 748 556
63 76 730
748 923 682
284 631 740
187 315 187
592 761 698
180 200 36
232 751 232
222 452 190
93 568 828
311 779 254
336 553 553
218 325 218
393 692 338
344 773 773
135 983 367
931 991 520
688 779 155
9 701 961
253 559 747
320 747 232
375 887 887
559 818 1
381 691 691
122 216 122
369 503 518
32 423 32
149 211 804
453 946 520
413 531 396
1 269 1
182 815 446
18 855 502
91 300 521
363 995 995
250 592 854
330 430 330
491 791 691
190 898 322
79 607 518
83 214 310
8 876 169
271 550 859
232 747 232
161 732 972
106 205 992
2 114 114
840 1004 806
698 724 1021
577 692 254
119 769 613
300 733 861
70 271 859
7 997 682
401 992 992
828 993 828
410 664 410
82 880 880
111 359 330
233 727 474
134 226 838
615 809 155
222 311 222
183 196 431
404 795 150
486 509 292
39 175 221
121 972 121
497 634 1020
55 272 229
728 994 728
518 899 518
36 442 36
181 810 430
359 836 330
705 745 436
112 486 430
685 791 941
25 493 893
553 569 553
493 693 693
11 599 567
120 989 817
561 997 682
72 436 436
108 696 726
295 952 521
544 580 807
684 948 322
258 563 713
486 574 961
673 787 919
59 540 540
528 590 737
8 12 541
108 962 726
662 1023 662
153 440 378
277 897 897
368 667 700
101 667 700
739 887 887
204 778 866
823 827 815
223 429 623
353 813 693
856 880 880
518 753 518
111 897 897
157 918 36
283 578 391
457 606 450
328 479 152
542 792 792
805 1018 728
391 773 773
101 258 417
228 318 623
104 737 873
453 781 567
545 558 517
166 506 893
347 880 880
89 594 792
404 1021 1021
559 623 970
40 229 511
271 419 121
34 690 474
387 1013 1013
474 991 520
119 794 792
7 523 7
436 832 436
599 951 951
132 754 874
422 672 672
327 699 403
784 947 511
372 486 62
134 672 672
272 1020 1020
214 852 553
308 417 672
55 169 169
25 295 417
685 896 941
114 1000 114
807 1003 747
330 998 330
501 915 445
169 619 169
84 313 511
217 445 445
622 876 169
334 691 691
150 838 838
121 263 121
358 545 919
156 845 188
553 936 553
375 377 613
34 901 436
185 380 540
277 694 699
88 189 783
56 947 511
246 357 474
445 934 445
584 788 266
374 592 681
199 754 874
486 741 527
240 666 851
427 540 540
330 395 330
187 784 187
679 988 679
480 765 236
808 862 785
235 561 773
64 158 806
311 450 450
154 392 392
790 874 1020
65 708 556
133 316 391
427 681 681
518 749 518
628 661 32
46 590 737
670 893 391
77 94 500
326 540 540
32 1017 32
266 288 266
46 494 373
273 474 660
109 825 825
553 657 747
345 788 825
625 859 914
175 748 221
721 833 122
806 996 806
403 614 436
203 341 121
148 542 871
26 628 32
353 773 773
463 682 682
118 435 880
472 877 80
958 996 996
196 226 838
127 502 502
61 71 71
436 452 436
791 954 155
98 352 903
305 933 30
722 855 934
286 886 431
835 863 730
698 793 698
321 341 304
53 1006 30
456 740 740
645 731 934
171 353 693
568 896 828
328 674 152
187 559 187
294 588 556
63 795 730
86 128 218
409 883 681
440 625 914
471 1013 1013
82 820 767
25 508 713
176 601 844
392 640 392
249 931 187
679 1014 679
94 857 500
532 805 717
620 872 232
263 1003 747
719 874 874
202 309 422
159 815 159
456 803 726
70 520 520
412 563 155
580 817 817
560 933 978
91 150 150
832 986 537
483 529 529
155 558 155
525 871 152
502 1009 150
809 820 236
55 502 229
235 468 773
418 788 861
887 956 887
16 116 500
903 967 903
58 284 304
229 583 681
697 864 169
8 195 396
356 678 511
39 146 187
86 270 218
130 990 880
175 486 221
399 1005 691
262 500 500
175 785 221
859 1000 1013
431 737 431
214 442 578
142 897 897
45 205 897
435 671 880
910 1013 1013
125 137 777
139 635 897
403 831 403
578 943 159
567 929 474
175 747 747
521 704 521
109 991 520
114 1021 114
39 203 121
235 276 773
75 898 700
427 994 392
443 865 834
80 107 80
834 941 941
387 808 785
538 800 844
732 932 3
486 497 1020
269 954 155
58 891 815
753 859 854
436 727 436
500 663 500
22 564 136
216 834 834
473 863 445
202 270 422
579 767 36
380 961 961
310 884 310
117 593 691
629 1013 1013
476 680 520
398 931 1021
624 792 792
683 773 773
151 391 391
486 733 861
211 370 679
722 992 992
559 836 970
542 628 32
680 883 520
456 857 605
386 803 136
227 704 521
122 488 122
683 796 716
24 972 972
269 837 961
36 913 873
153 592 854
681 752 681
419 766 121
268 713 713
574 811 961
434 976 831
45 187 187
158 723 806
138 1021 1021
289 1024 114
440 854 854
631 700 700
402 508 713
87 271 46
624 733 80
78 900 815
128 977 871
311 329 874
480 683 716
306 398 578
343 390 390
875 963 1013
236 728 728
186 540 540
144 806 980
252 292 639
51 549 783
170 724 1021
596 1024 114
243 862 934
648 1019 623
385 395 395
120 786 817
615 879 155
395 543 880
150 890 150
777 887 887
298 494 373
833 897 897
616 851 613
1 39 1
221 512 221
691 866 691
168 905 441
751 794 792
248 826 524
608 662 662
298 304 671
630 784 229
258 835 535
118 757 757
782 857 605
335 897 897
463 777 777
14 148 871
62 436 436
506 854 893
606 907 450
441 790 1020
116 212 500
547 640 338
401 1020 1020
54 984 859
155 982 155
880 967 880
592 870 190
57 1008 960
169 519 169
235 874 874
533 573 914
4 681 681
255 784 229
140 1020 1020
43 744 744
67 590 777
679 780 679
468 886 740
407 624 767
505 745 980
799 860 540
371 811 744
166 532 893
177 418 861
248 1000 1013
94 457 500
178 635 662
388 540 540
320 450 232
51 436 436
95 678 236
406 496 188
151 695 436
609 1005 992
445 503 445
50 74 172
237 618 660
122 718 122
933 978 978
188 998 632
496 867 80
206 348 903
236 973 390
204 483 410
426 672 672
383 604 747
851 981 446
796 1017 312
399 486 62
80 172 172
95 373 373
152 989 152
384 909 828
705 856 187
520 930 520
139 395 897
114 967 114
168 199 806
310 943 310
699 993 699
836 1002 671
505 523 980
507 843 410
347 527 527
188 788 188
413 630 960
867 890 80
682 689 682
209 227 757
242 643 540
551 1000 1013
254 423 254
48 817 817
632 634 169
230 357 713
150 244 150
620 755 232
219 844 844
654 957 390
341 671 671
774 884 3
408 876 169
779 839 254
339 880 880
505 849 114
686 688 155
232 903 903
190 582 190
1 790 1
309 540 540
540 651 540
419 623 121
580 812 390
155 475 155
459 540 540
511 979 511
158 455 527
553 743 553
66 910 152
137 187 187
266 507 266
252 273 660
44 260 396
75 809 700
170 400 511
642 779 613
426 659 871
247 656 390
286 517 517
143 1010 524
2 1009 150
240 309 851
341 1019 623
429 634 169
834 858 834
166 493 893
201 225 785
468 628 32
117 427 392
506 561 229
866 936 866
577 699 699
150 634 169
459 878 330
299 949 310
486 999 36
684 915 7
806 872 806
215 466 978
321 554 836
486 887 887
385 525 152
159 437 159
398 726 726
1 136 1
122 197 122
866 1009 866
357 974 210
621 655 450
605 611 523
150 521 150
241 905 804
47 238 737
232 968 232
572 743 266
806 1016 806
468 959 740
151 853 831
89 764 188
254 468 254
617 873 873
162 463 698
469 992 992
801 995 995
563 866 866
30 357 30
403 676 403
272 396 396
876 988 169
66 868 868
189 475 681
362 995 995
217 764 866
589 704 190
66 874 874
36 456 36
469 703 32
233 620 232
243 317 934
30 330 330
97 773 773
410 830 410
450 463 757
324 487 887
112 629 716
518 963 1013
47 591 422
407 903 903
364 962 623
155 1020 155
354 774 773
445 657 445
532 894 730
384 976 828
782 806 806
93 618 728
14 136 136
82 980 980
373 646 373
407 982 679
801 816 928
137 429 80
668 719 866
287 690 970
352 777 777
556 755 556
232 332 232
486 699 699
237 669 660
297 646 221
474 873 474
80 528 80
290 938 440
271 832 537
46 405 807
187 868 187
293 394 114
418 807 807
95 412 155
458 814 880
390 862 390
125 411 777
135 621 804
640 912 523
108 775 726
922 952 529
468 681 681
127 592 854
515 518 518
541 1021 1021
204 297 221
1 741 1
68 890 567
424 452 190
240 570 62
7 634 169
115 970 970
682 919 919
962 978 730
241 976 831
260 747 747
25 281 373
96 187 187
669 842 391
280 623 838
817 930 817
623 989 623
172 712 838
301 870 190
146 856 187
602 697 844
294 852 553
472 982 679
209 406 757
524 643 540
330 774 330
436 835 436
278 981 446
305 465 30
388 404 221
507 936 312
11 317 322
220 934 934
189 914 783
21 730 605
33 921 679
379 815 815
321 582 46
360 763 868
96 155 155
79 554 518
258 798 537
560 618 728
694 840 699
773 910 773
151 883 681
231 284 524
122 349 122
392 940 169
549 678 236
436 786 436
255 500 500
293 631 114
443 802 806
92 906 232
358 827 919
278 806 806
591 709 422
235 752 773
227 624 80
672 738 672
801 908 157
381 462 873
691 753 691
329 838 874
551 701 322
697 951 951
38 782 851
217 566 980
391 666 391
709 764 322
246 992 992
530 880 941
411 937 831
73 523 523
1 230 1
189 634 169
643 799 540
113 368 122
313 504 540
274 584 266
596 1017 972
556 698 698
498 627 1
54 94 500
703 743 671
657 770 747
27 833 122
778 928 866
245 247 699
601 617 844
373 559 373
114 183 114
478 699 699
524 888 757
338 996 996
625 702 825
554 762 336
73 262 221
504 540 540
473 837 445
995 1004 995
227 984 521
330 716 330
262 344 221
187 822 187
21 373 373
453 718 834
428 468 218
174 856 187
276 642 613
701 851 322
642 814 403
596 691 691
162 642 698
792 887 887
305 610 30
289 627 1
393 402 546
136 406 136
153 473 445
228 662 662
541 631 541
307 895 672
251 542 897
852 1010 553
5 403 403
153 711 378
394 555 681
240 630 851
557 935 578
192 897 897
447 576 403
584 961 961
598 685 941
486 916 671
694 1003 747
110 424 717
342 783 992
1 446 1
466 1020 1020
218 817 817
885 929 662
476 777 777
145 863 1
207 430 150
324 833 122
295 500 500
42 72 868
173 532 141
279 685 941
589 777 777
299 850 951
5 484 887
176 330 330
230 470 390
285 304 792
167 448 699
266 602 266
230 818 1
138 169 169
754 874 874
237 957 529
343 869 150
19 392 392
344 417 417
426 901 436
612 951 951
830 899 866
193 611 523
232 945 232
177 945 222
96 649 527
296 838 838
61 798 537
363 770 970
288 795 834
525 1024 114
531 620 232
114 882 114
398 511 511
436 854 436
294 907 556
149 993 1021
212 997 500
282 930 30
509 563 713
374 1014 681
654 689 390
145 529 1
206 388 903
88 154 154
641 643 540
364 458 880
625 866 866
20 58 159
385 944 502
313 500 500
654 941 390
313 764 7
892 944 391
95 301 367
820 862 524
284 917 897
827 864 169
491 697 691
517 662 662
54 555 681
222 791 367
378 987 874
282 761 698
107 1020 1020
596 776 972
740 743 671
207 404 150
371 912 523
205 295 717
307 557 578
527 638 527
424 882 897
161 517 517
284 982 679
486 662 662
373 615 155
163 369 518
160 486 304
436 762 436
486 1021 1021
248 346 524
49 937 141
751 792 792
801 952 521
230 544 713
246 250 474
137 955 7
143 390 390
749 992 992
222 554 222
97 436 436
297 993 221
628 1013 1013
525 730 152
400 1018 728
330 687 330
31 247 699
121 890 121
455 473 527
122 699 122
418 474 474
192 374 681
255 891 785
687 989 330
100 936 312
255 682 682
11 861 861
57 533 960
111 406 210
57 772 941
424 733 861
486 911 373
167 570 312
583 698 681
409 668 951
796 1013 1013
152 925 152
420 696 737
997 1018 682
193 457 605
400 830 757
634 845 169
492 845 46
693 874 874
221 708 221
320 359 232
271 479 292
411 620 232
155 486 155
671 807 671
24 984 717
13 972 972
468 642 613
157 984 859
205 464 395
235 675 773
159 630 159
691 777 691
217 459 330
96 140 527
392 723 392
166 457 605
486 542 396
444 507 410
707 847 970
88 647 861
180 497 1020
329 711 874
648 936 312
284 937 861
395 529 529
895 941 941
900 907 154
64 141 141
419 790 1020
146 157 187
108 285 792
152 275 152
408 453 825
488 555 903
128 792 792
265 429 817
362 687 330
124 911 373
482 551 693
314 647 632
171 657 747
180 210 210
445 867 445
445 506 445
107 517 517
49 539 698
83 773 773
3 804 804
269 773 773
191 464 728
486 972 972
273 550 660
486 587 122
321 518 518
172 193 172
355 979 914
171 890 693
187 897 187
1011 1013 1013
229 230 229
32 980 32
454 906 232
760 931 992
50 485 330
956 1002 671
454 883 232
270 315 546
488 574 903
161 201 972
838 1010 838
690 768 919
705 771 436
256 639 8
62 136 136
136 733 136
505 806 980
581 858 880
191 713 728
156 304 304
366 629 972
431 914 431
219 875 395
406 621 804
408 747 747
258 300 157
117 866 392
253 866 747
121 806 121
442 976 831
52 576 517
496 881 693
176 545 887
603 871 871
393 905 222
18 891 815
672 977 672
135 486 367
39 341 221
799 1015 540
63 516 730
217 442 866
73 410 410
271 418 859
390 898 390
486 928 928
31 470 390
1 416 1
371 479 292
35 723 951
401 792 699
788 888 757
117 1010 392
465 630 960
189 330 330
341 887 887
134 834 834
252 655 450
570 827 524
70 200 859
80 603 80
529 582 529
607 653 672
347 971 844
49 546 141
34 139 897
225 718 834
135 771 431
867 970 970
818 848 1
601 702 844
297 406 221
47 508 713
158 816 806
187 901 187
22 880 880
159 667 700
684 711 854
272 747 747
82 152 152
824 860 172
356 970 970
172 278 172
390 645 390
275 311 788
170 246 511
20 127 159
306 1012 533
707 726 726
293 886 114
924 948 828
499 579 450
159 775 159
123 826 236
568 601 828
407 933 767
390 602 390
111 471 310
306 845 46
25 101 417
150 421 150
3 336 336
205 913 873
411 728 728
265 850 817
277 997 682
42 121 121
981 1013 1013
307 630 578
586 983 992
218 678 218
55 556 556
524 1012 524
436 626 436
185 773 540
473 799 540
386 899 866
135 713 713
525 783 152
206 416 1013
260 917 897
414 941 941
729 900 154
122 325 122
28 698 698
77 96 527
108 251 897
693 808 693
642 852 553
527 829 527
68 956 567
570 785 785
143 378 528
232 484 232
644 679 1013
708 738 556
99 948 662
747 756 747
220 876 169
114 822 114
328 903 903
847 901 436
182 379 446
474 1008 474
303 541 541
100 759 928
509 866 866
404 486 150
454 486 232
266 437 266
43 959 951
335 415 996
418 550 859
1 355 1
46 204 46
837 856 187
187 866 187
475 583 681
269 540 540
895 967 520
121 744 121
5 44 396
19 270 154
540 587 540
517 646 517
25 448 699
445 596 445
844 1018 844
1 497 1
324 457 605
316 496 546
49 267 529
397 844 844
135 892 391
698 993 1021
486 590 737
498 658 1
77 970 970
100 1021 1021
491 561 691
204 739 995
304 610 304
50 551 172
119 198 159
160 313 7
38 936 312
72 874 874
275 863 730
44 440 396
12 668 541
661 1000 1013
110 762 336
181 979 836
294 392 556
114 177 114
305 765 30
488 945 903
114 363 114
44 187 187
204 344 533
248 586 992
238 540 540
27 973 390
398 966 578
596 1000 1013
54 92 639
336 945 336
306 404 150
486 861 861
195 786 817
692 916 671
64 902 523
81 232 232
508 871 871
36 440 36
745 979 980
86 903 903
241 975 804
173 465 141
91 907 521
432 903 903
399 699 699
229 474 474
459 527 527
388 770 221
520 878 520
219 943 159
200 935 914
276 825 825
511 983 511
12 20 159
630 744 744
422 995 995
150 831 150
32 93 32
651 739 995
152 352 152
517 720 747
130 366 880
486 666 430
280 782 838
338 562 304
95 486 535
67 870 777
304 579 36
93 587 122
51 222 222
501 837 445
32 169 169
292 934 934
599 629 716
195 943 159
674 870 190
757 878 757
415 1018 728
4 326 392
178 992 992
635 897 897
443 718 834
67 850 777
231 714 524
493 631 740
630 958 713
860 898 322
57 742 441
196 213 395
394 486 521
313 817 817
197 823 500
211 667 700
550 934 934
51 305 30
388 992 992
788 1000 1013
542 1014 396
129 994 903
828 1002 828
425 984 859
374 375 681
372 592 62
180 785 785
316 747 747
486 521 521
528 619 310
15 568 828
33 356 511
467 922 698
50 511 511
545 564 136
135 491 691
258 884 3
585 595 403
292 502 502
218 573 218
802 970 806
776 812 390
313 626 266
278 691 691
183 344 417
618 941 941
518 562 518
580 881 693
491 520 520
103 954 114
521 982 679
335 672 672
274 475 266
204 937 907
90 620 232
518 905 518
10 72 32
486 893 893
28 368 446
17 373 373
199 233 806
481 688 155
814 947 403
220 822 1020
147 318 396
526 545 767
486 609 992
767 1005 691
169 920 169
619 874 874
287 695 436
498 818 1
667 957 529
367 519 556
148 650 682
525 727 152
150 440 150
191 618 728
402 958 713
284 700 700
58 995 995
638 930 529
703 946 520
49 811 141
86 884 218
567 697 605
97 861 1021
610 764 836
432 703 815
42 662 662
730 1023 730
23 187 187
390 940 390
753 954 155
183 932 3
221 780 221
90 691 792
367 480 236
226 751 838
309 986 236
95 500 500
37 599 767
310 436 436
138 644 1013
817 844 844
139 574 897
9 85 187
251 897 897
625 916 671
31 110 717
538 633 844
347 489 844
744 816 744
238 929 474
111 411 210
264 992 992
59 430 679
358 392 919
303 458 880
554 603 851
601 992 992
709 880 880
573 961 961
486 963 1013
479 510 828
143 790 1020
275 794 792
324 541 541
431 803 726
214 696 783
465 897 897
338 457 605
752 900 817
171 174 187
362 838 777
283 629 716
189 284 783
671 729 671
436 451 436
91 241 804
204 934 934
357 587 122
155 393 155
888 1009 757
25 290 417
117 984 392
641 699 699
240 578 851
800 1021 1021
493 831 831
308 386 672
172 295 172
430 551 430
666 810 430
4 460 392
251 946 897
503 746 446
659 773 773
38 240 851
675 1013 1013
352 791 623
160 357 150
148 787 777
403 609 403
457 600 605
485 844 844
707 877 928
780 876 169
67 486 777
198 425 159
74 206 903
524 627 1
318 390 390
432 936 312
344 758 996
30 945 30
558 748 517
38 307 851
256 874 874
464 532 395
529 989 529
426 1023 871
236 811 744
568 924 828
244 580 222
412 615 155
654 812 390
363 896 970
880 995 880
363 386 970
17 334 972
434 937 222
181 910 152
330 353 330
139 394 897
181 938 836
44 891 396
290 471 310
298 978 671
133 283 391
578 712 838
87 928 928
585 778 887
77 1021 1021
121 458 880
108 880 880
39 809 221
52 208 517
120 216 817
149 662 662
42 366 868
100 550 859
353 440 693
214 529 529
303 875 395
489 1007 691
172 271 172
645 650 934
351 474 660
56 460 422
432 891 815
228 528 623
610 851 851
415 960 632
329 546 874
72 759 32
256 630 8
403 774 403
47 732 737
407 911 373
305 976 30
202 640 422
316 477 336
162 225 698
420 945 737
15 320 232
788 994 537
197 830 500
435 486 880
18 19 502
714 782 928
897 903 897
159 984 159
167 888 312
332 415 792
362 681 681
250 456 890
370 493 679
187 562 187
682 898 682
212 527 527
368 658 446
637 804 961
332 447 403
19 101 417
881 1015 540
314 960 632
233 796 716
107 238 737
572 733 266
24 486 717
195 714 396
101 431 431
295 772 941
549 935 783
58 160 304
359 841 1
368 629 446
365 806 806
799 1022 540
35 44 396
274 626 266
980 997 980
175 654 390
51 492 854
636 667 517
724 768 1021
261 828 828
124 332 792
145 848 1
178 312 972
409 838 838
43 844 844
301 845 367
358 814 403
296 553 553
290 295 11
204 523 523
41 660 844
540 602 540
547 981 446
486 980 980
780 801 450
465 606 450
562 975 304
719 880 880
429 597 445
303 811 744
188 775 7
283 751 391
475 537 681
61 112 430
96 472 527
600 791 36
417 948 322
184 934 874
90 332 792
153 783 783
165 997 682
284 554 836
225 880 880
110 877 222
135 466 978
184 362 874
401 525 152
141 168 141
218 300 218
520 594 520
28 785 785
30 396 30
16 450 8
101 159 159
56 475 681
146 638 187
202 365 541
647 933 783
84 932 511
37 225 785
129 880 880
364 894 623
314 851 851
149 457 605
7 304 7
114 520 114
679 809 679
45 482 897
318 693 693
499 786 817
336 364 623
98 612 903
309 692 338
218 312 218
580 723 951
37 568 828
285 540 540
247 838 699
166 492 893
436 572 436
767 896 767
531 644 1013
679 717 679
197 338 500
450 746 446
30 78 30
122 599 122
758 957 529
308 501 445
390 593 390
427 897 897
408 427 825
5 317 395
445 873 445
754 1020 1020
160 446 446
43 376 122
254 817 817
407 526 767
422 1009 422
955 996 996
20 757 159
194 471 310
681 869 681
410 625 410
105 350 1013
87 888 757
32 920 32
81 468 740
597 985 445
273 905 660
390 515 390
56 892 391
181 570 62
140 681 681
387 1001 785
366 902 972
85 397 187
150 379 150
330 911 330
140 869 740
61 937 154
307 960 578
210 1004 450
92 682 682
103 486 114
293 630 114
567 674 567
371 483 410
29 919 919
383 561 747
504 615 540
490 669 934
817 1020 1020
294 912 556
682 816 682
88 795 836
468 924 828
437 775 7
207 354 773
875 903 903
215 625 546
547 765 378
187 321 187
818 841 1
270 691 691
314 594 792
38 781 851
390 649 390
565 969 232
19 729 154
222 454 232
232 626 232
711 847 970
46 178 972
121 886 121
7 762 7
252 684 639
761 883 681
65 546 556
344 912 523
589 854 190
26 162 32
540 868 540
676 923 30
880 901 880
133 879 873
449 887 887
153 859 859
74 413 978
578 938 578
1 851 1
595 947 403
4 117 392
69 580 807
486 554 836
555 912 681
336 472 80
226 737 838
618 715 445
682 976 682
212 532 500
831 905 831
8 716 8
261 874 874
449 545 919
616 919 919
135 151 71
7 400 728
247 766 699
747 963 1013
482 1014 693
200 217 866
307 360 866
123 711 236
566 1016 980
529 935 529
273 679 679
526 911 373
520 1009 520
215 668 441
440 1004 450
460 999 422
87 122 122
687 745 330
29 575 980
80 750 527
579 600 36
144 193 980
537 654 390
603 874 874
420 663 740
73 794 792
345 941 941
152 310 152
154 345 825
767 1019 623
24 563 713
588 919 919
381 735 229
3 952 521
512 662 662
486 671 671
724 993 1021
671 974 210
616 769 613
486 514 152
283 1004 450
718 766 699
62 863 730
847 972 972
61 841 1
449 502 919
185 931 540
183 288 834
1 895 1
8 220 613
209 713 757
29 690 806
692 930 30
182 903 903
624 821 80
87 699 699
662 874 874
642 1020 1020
267 433 1020
5 875 395
442 987 874
443 720 747
368 435 880
704 880 880
540 643 540
486 821 80
1 562 1
307 984 578
69 500 500
837 1020 1020
693 762 693
81 380 919
266 545 266
788 872 392
76 529 529
392 606 392
276 666 8
315 337 773
120 425 817
344 805 533
114 454 114
386 1013 1013
7 409 951
403 809 403
45 272 897
330 922 330
114 964 114
820 859 71
212 815 500
536 834 672
450 486 450
771 773 773
567 867 80
69 275 788
169 449 169
32 337 773
72 662 662
523 761 698
262 347 844
191 871 871
31 695 436
98 338 903
509 566 980
828 837 828
198 896 159
570 970 970
172 781 172
121 1022 121
376 446 122
7 875 395
222 995 995
828 1013 1013
9 332 961
90 155 155
493 560 978
121 167 121
345 876 169
54 573 914
438 580 410
232 600 232
58 646 838
600 827 36
98 510 828
308 620 232
242 845 172
879 924 828
54 200 127
110 343 150
213 656 390
552 903 903
777 866 866
31 808 785
425 486 907
39 462 221
301 905 367
814 874 874
441 853 831
349 476 336
123 343 150
476 621 804
208 672 672
296 964 1021
930 1006 30
122 303 122
228 486 623
66 486 887
278 764 537
106 1010 992
287 398 970
496 938 535
948 995 995
352 648 623
633 958 713
68 801 567
26 486 32
375 396 254
166 301 367
167 216 312
757 950 373
252 339 639
404 451 210
266 459 266
513 877 8
785 1015 540
774 842 391
102 601 868
180 984 36
445 832 445
681 757 681
487 1013 1013
243 339 934
226 784 838
730 764 730
76 155 155
330 704 330
429 527 527
310 341 310
142 885 662
152 247 152
392 441 392
440 449 919
323 664 700
345 583 681
366 796 972
744 869 744
540 696 540
82 937 767
100 437 62
75 706 700
684 972 972
533 766 699
537 664 700
232 527 232
161 919 972
117 338 392
137 286 431
614 963 1013
537 755 873
816 927 338
361 562 304
105 122 122
277 330 330
114 540 540
496 729 535
373 603 373
239 1018 728
204 785 785
12 141 541
612 853 831
344 920 392
254 994 254
667 872 392
43 104 873
315 402 546
258 567 567
643 912 540
315 992 992
188 698 698
462 548 403
465 638 529
739 760 992
380 710 919
177 611 523
310 659 310
241 379 804
486 568 828
146 705 187
688 826 155
360 646 866
366 996 972
250 283 391
833 1020 1020
297 709 221
700 955 700
466 804 804
342 619 992
238 368 446
43 625 914
436 1007 436
194 868 868
554 935 836
289 817 817
95 492 535
675 807 474
243 681 681
121 384 121
835 1008 960
565 824 172
317 711 322
110 609 992
305 523 30
553 853 553
390 937 390
407 659 871
223 265 817
200 326 71
532 544 807
555 606 681
148 678 871
904 1020 1020
266 653 266
340 399 527
227 975 521
765 801 157
273 825 825
552 1001 934
455 871 527
308 517 517
107 877 222
88 121 121
430 610 430
8 44 396
371 499 450
80 361 80
26 948 32
790 867 1020
456 502 502
250 313 7
304 445 445
298 740 671
478 815 995
778 841 1
291 929 474
76 136 136
144 433 1020
310 426 310
190 693 693
110 980 980
285 854 792
407 420 767
133 789 391
258 357 150
246 887 887
209 275 757
82 594 792
25 509 417
37 181 767
674 951 951
551 710 523
463 819 155
782 861 928
171 992 992
739 759 995
639 696 639
181 259 529
449 693 693
19 156 188
54 290 528
185 390 540
431 877 431
504 868 540
840 964 1021
16 696 8
701 757 757
220 757 757
647 970 970
203 1001 121
58 451 210
320 1020 1020
681 897 897
536 701 672
606 780 450
189 274 266
40 679 511
709 883 681
874 880 880
507 971 660
188 631 740
111 1014 210
190 792 792
486 676 30
269 662 662
807 993 1021
341 874 874
120 265 817
934 955 934
402 827 524
648 939 141
413 553 553
124 541 541
487 900 887
499 940 169
448 941 941
89 379 188
266 575 266
519 948 556
960 1021 1021
140 369 518
121 749 121
337 1017 773
349 711 378
367 697 605
103 303 114
253 517 747
239 318 890
597 1014 445
684 845 46
553 930 553
351 995 995
187 245 187
678 929 474
385 547 502
312 748 312
709 777 777
390 654 390
85 595 187
494 747 747
75 941 941
63 526 730
346 418 893
486 537 537
183 774 417
679 941 941
10 834 834
593 941 941
309 638 529
263 810 136
184 540 540
758 926 996
623 720 747
287 970 970
344 486 533
653 934 672
101 531 396
71 325 159
266 955 266
559 626 266
511 723 511
222 486 222
228 987 874
165 1021 1021
337 694 773
586 726 992
970 986 970
136 630 136
573 1004 450
51 406 188
865 934 934
232 536 232
334 678 834
861 899 866
373 486 373
567 745 980
521 980 980
15 133 391
172 310 310
326 582 71
46 287 970
376 839 122
563 618 728
420 455 527
245 249 187
486 505 980
70 417 417
141 224 541
151 682 682
254 390 390
474 971 660
803 814 403
141 942 141
311 894 730
406 532 188
599 661 567
50 499 450
577 984 254
461 795 757
268 972 972
433 790 1020
258 290 157
33 330 330
759 859 928
486 627 1
177 1017 312
313 935 7
880 1011 880
218 782 218
105 828 1013
773 959 773
152 338 152
139 621 897
199 810 806
67 806 806
342 1014 992
508 838 838
180 1012 36
101 221 221
165 436 436
106 868 868
114 736 114
458 981 880
218 385 218
352 933 623
739 890 995
65 357 556
98 719 903
20 889 700
306 344 533
129 463 903
95 287 970
85 174 187
636 961 961
538 863 844
218 703 218
240 880 880
12 723 541
873 884 873
75 511 511
235 586 773
14 666 951
468 977 740
739 885 662
256 628 32
678 955 7
456 920 392
579 1013 1013
220 941 941
468 719 866
158 887 887
123 232 232
80 845 80
471 961 961
204 318 890
239 258 157
718 759 834
83 927 310
307 941 941
354 741 773
408 660 825
768 900 919
436 728 436
15 781 62
271 885 662
897 1011 897
79 455 527
218 660 218
343 357 150
218 986 218
391 686 152
455 618 527
355 994 537
664 781 700
406 823 815
50 977 172
541 758 541
8 91 8
553 827 553
196 701 431
423 541 541
490 890 934
664 986 700
108 711 726
818 891 1
155 992 155
382 600 871
724 773 773
244 717 222
841 958 1
225 655 785
305 584 266
29 755 806
746 927 446
307 796 716
839 980 980
115 706 700
803 1017 312
39 151 221
803 895 672
63 723 951
28 690 254
164 778 866
266 299 266
460 866 866
167 829 312
66 716 887
971 979 660
695 807 436
16 486 8
199 1003 747
431 529 529
534 1002 672
397 529 529
635 880 880
40 486 511
670 747 747
27 478 995
339 709 322
466 782 928
134 277 422
121 662 121
157 705 436
582 836 46
469 981 32
416 842 1013
133 514 152
585 941 941
614 695 436
473 715 445
502 726 726
547 711 378
775 915 7
29 924 828
236 992 992
283 755 873
133 721 391
112 260 336
69 975 783
56 845 430
691 862 691
300 759 928
640 970 970
187 790 187
390 468 390
440 883 681
358 674 919
239 387 785
89 916 671
392 624 392
390 470 390
187 744 187
728 807 728
43 979 890
16 950 373
390 690 390
613 732 613
160 439 114
120 817 817
147 697 396
64 286 431
801 937 157
656 663 390
28 309 502
54 233 804
500 529 500
137 468 740
99 868 662
870 911 373
624 750 527
570 643 540
446 801 446
60 523 523
152 911 152
236 396 396
668 831 831
94 701 500
188 301 188
231 789 524
133 816 391
131 428 218
16 229 229
831 992 992
446 577 254
885 947 662
104 329 874
312 511 511
432 984 815
190 279 726
104 733 873
162 265 817
87 764 46
215 388 221
143 589 190
30 303 30
73 551 713
525 648 152
743 794 792
208 881 518
488 756 903
713 880 880
140 400 740
343 431 150
586 630 992
610 931 1021
953 991 520
398 442 578
68 537 567
31 117 392
696 882 897
560 727 474
428 713 218
171 350 693
592 900 854
28 234 32
65 91 556
180 573 36
442 915 7
212 557 500
162 761 698
139 917 897
368 899 866
551 713 713
113 899 122
149 382 871
202 813 422
232 874 874
558 1019 517
473 846 445
698 732 698
257 286 330
117 232 232
133 873 873
540 1020 540
119 211 188
270 869 737
753 842 391
114 788 114
617 850 229
70 765 859
460 486 422
307 893 578
419 540 540
378 409 951
356 973 390
513 874 874
263 379 136
766 930 699
311 656 390
318 359 330
571 590 553
909 945 671
181 912 523
367 942 7
209 471 310
579 947 511
506 689 523
719 966 866
492 711 378
817 836 817
418 457 605
75 444 700
69 290 788
319 619 310
192 711 693
48 235 773
362 926 777
269 283 961
921 1020 1020
423 464 996
266 318 266
55 679 679
614 705 436
48 978 851
113 210 122
381 540 540
261 663 961
411 806 806
118 720 747
549 823 815
772 896 941
584 726 266
404 929 474
473 605 445
359 828 828
387 392 392
193 442 578
917 936 897
114 480 114
31 405 807
206 577 903
425 663 740
234 502 32
344 530 941
294 382 556
348 648 903
328 932 152
385 782 502
37 526 767
196 771 431
579 752 817
436 944 436
189 474 474
550 804 804
300 764 836
382 426 871
320 751 232
883 902 681
97 877 1021
169 327 403
554 953 520
485 585 330
293 837 114
142 880 880
688 980 155
123 977 441
20 943 159
71 441 441
225 972 972
799 803 540
74 82 767
73 563 713
189 288 834
428 880 880
368 746 446
99 873 662
552 968 517
339 472 80
179 765 373
559 645 934
739 950 995
330 611 330
149 714 804
227 404 150
219 500 500
121 186 121
345 662 662
486 518 518
201 518 518
344 501 445
257 510 828
173 1002 141
878 928 422
378 396 396
431 671 671
1 142 1
28 801 502
486 917 897
872 1024 114
69 311 788
558 684 517
108 726 726
474 749 660
271 480 236
341 573 304
671 813 671
808 944 785
25 913 873
160 292 304
436 525 436
127 986 717
486 766 699
53 882 897
306 804 804
15 170 511
515 852 553
291 663 740
706 751 700
914 972 972
825 839 825
485 486 330
956 999 36
4 232 232
346 661 893
541 1007 691
347 377 844
313 968 517
537 944 537
720 872 747
217 243 934
147 518 518
866 872 392
828 1022 828
340 422 527
473 585 445
44 486 396
119 753 854
63 874 874
161 411 972
22 849 114
424 486 533
303 518 518
649 931 1021
342 787 992
122 1020 1020
669 768 919
313 376 122
224 422 541
808 934 934
612 739 995
775 992 992
430 796 716
588 932 726
771 909 671
473 515 445
734 792 792
274 522 121
101 1019 623
67 721 777
461 742 757
689 785 785
445 584 266
576 908 556
698 828 828
832 838 838
515 882 897
240 470 390
100 819 155
577 764 254
716 870 716
669 857 605
199 1021 1021
109 259 995
227 580 521
149 446 446
264 884 518
173 825 825
276 869 8
616 999 613
210 442 210
561 893 229
228 364 623
44 852 553
486 881 693
346 516 893
613 804 613
550 984 859
354 1023 773
562 680 520
394 563 713
38 402 851
150 269 961
476 492 336
282 360 866
197 998 500
136 867 136
700 826 700
110 465 960
57 252 960
159 567 159
202 765 422
257 728 330
43 737 737
247 248 699
265 669 817
582 920 392
266 429 266
695 858 436
462 929 474
4 223 392
69 747 747
427 486 392
777 976 777
88 905 222
462 623 623
2 415 632
66 512 887
271 869 737
282 588 159
272 289 3
201 233 744
692 910 152
213 235 773
111 724 1021
183 483 410
112 367 430
146 390 390
188 452 190
98 506 903
114 1011 114
212 447 403
1 568 1
123 809 236
233 723 951
448 535 699
225 421 785
435 576 880
189 477 336
361 768 919
946 948 520
664 985 700
252 633 639
14 541 541
77 419 121
813 875 395
4 208 518
432 990 436
140 537 740
82 291 728
679 903 903
540 766 540
185 724 540
251 792 897
153 569 338
301 570 62
564 655 136
101 150 150
621 880 880
456 896 292
220 733 613
424 527 527
475 812 390
17 553 553
197 978 500
322 981 446
934 976 934
699 887 887
285 873 792
442 805 578
165 776 431
148 190 871
49 426 871
496 604 831
146 155 155
2 356 511
756 985 679
89 268 188
346 461 757
27 276 995
131 999 218
4 1019 392
747 930 747
12 481 828
32 507 32
173 992 992
309 573 236
51 659 871
696 905 222
469 953 520
751 757 757
526 621 767
302 517 517
41 323 844
33 825 825
500 791 500
29 548 403
388 416 1013
139 295 897
392 919 919
350 802 806
532 814 403
650 844 844
362 617 777
213 221 221
453 777 777
907 914 914
217 620 232
846 893 804
460 679 679
523 775 7
601 868 868
247 623 699
683 830 757
887 918 887
65 780 556
546 1012 546
486 673 919
199 825 825
70 76 537
466 983 978
387 847 970
591 722 934
71 681 681
486 937 907
17 887 887
515 848 266
782 845 928
379 925 431
57 816 960
688 874 155
286 632 431
456 894 730
435 438 880
855 900 71
64 764 578
140 844 844
897 1009 897
956 1009 150
222 997 682
611 740 740
624 862 80
559 940 169
338 973 390
852 1013 1013
14 679 679
336 1008 960
833 971 122
681 890 681
379 792 792
153 655 450
291 390 390
329 540 540
455 994 527
399 957 529
692 744 744
706 969 232
118 722 934
486 974 210
33 71 502
93 326 726
786 887 817
749 775 660
292 385 502
31 333 907
422 772 941
25 279 726
678 917 897
35 851 338
115 761 698
251 265 897
41 897 897
391 866 866
6 502 169
253 778 747
655 672 672
52 829 517
131 956 218
260 396 396
219 815 815
225 733 785
112 524 524
30 352 623
623 896 623
292 853 831
76 888 757
74 500 500
200 942 7
620 903 903
397 688 155
93 98 903
47 232 232
512 774 127
70 270 859
782 974 210
203 755 121
381 653 672
617 991 520
400 834 834
219 669 521
758 970 970
356 572 266
587 897 897
692 1003 747
118 666 430
691 1017 691
623 884 623
710 1006 30
116 896 500
232 989 232
468 868 868
5 828 828
338 463 757
476 1021 1021
540 765 540
390 434 390
301 358 919
637 903 903
434 500 500
201 996 744
590 803 726
629 868 868
524 811 744
648 662 662
67 880 880
69 798 537
447 527 527
266 360 266
274 292 266
2 273 660
522 735 121
441 660 660
580 896 807
420 905 737
33 257 330
67 838 777
65 981 556
136 793 446
715 857 445
36 544 36
436 540 540
373 831 373
1 632 1
75 201 700
430 1008 960
1 185 1
592 781 851
517 746 517
389 706 773
135 437 62
301 560 978
120 396 817
374 499 681
130 390 390
689 1021 1021
174 496 187
152 158 152
527 620 232
113 895 122
261 436 436
420 1016 172
187 382 187
650 989 682
414 479 744
969 984 232
8 868 868
563 699 699
523 973 390
279 662 662
74 364 623
213 709 395
373 679 373
318 858 30
803 894 726
90 959 792
219 832 537
2 608 868
128 307 871
161 362 972
9 500 961
152 854 152
49 697 141
425 937 907
130 463 880
968 1013 1013
114 259 114
675 990 436
526 759 767
573 647 914
486 749 660
565 934 934
390 930 390
541 823 541
612 893 46
919 987 874
434 801 222
592 607 518
485 897 897
31 300 11
520 560 520
653 668 672
352 582 623
134 1010 730
49 939 141
141 399 141
224 242 541
577 777 777
731 1009 553
186 926 121
127 456 890
788 956 960
616 892 613
103 660 114
4 790 1020
378 855 71
449 662 662
234 853 32
141 742 141
152 570 152
93 657 747
69 527 527
71 203 121
436 927 436
244 992 992
357 777 777
308 961 961
587 725 122
380 917 897
606 683 450
695 901 436
162 747 747
81 177 441
497 822 1020
613 697 613
255 733 785
11 575 980
721 945 222
202 240 422
189 306 783
216 242 312
733 905 222
533 805 533
583 834 681
122 646 122
344 398 578
365 823 541
517 583 517
203 726 121
122 606 122
443 850 834
122 1011 122
479 665 874
431 486 431
777 829 312
271 813 3
132 941 941
422 455 527
899 995 995
719 831 866
252 669 639
741 768 527
291 369 518
147 775 396
586 1020 1020
344 365 541
580 800 744
322 396 396
419 982 121
327 374 403
300 370 679
451 903 903
266 746 266
342 778 992
347 495 941
528 983 528
9 390 390
398 486 578
2 789 367
35 569 338
836 896 292
949 1009 310
523 783 523
239 765 440
564 793 446
18 564 136
252 700 700
915 1013 1013
41 538 844
56 1018 728
346 472 80
1 478 1
897 981 897
281 874 874
132 893 517
2 738 777
470 483 390
131 955 218
93 381 726
68 78 815
358 904 662
411 721 831
649 868 868
175 575 221
753 1020 1020
44 332 792
56 321 430
491 874 874
464 943 159
281 911 373
655 732 450
418 1023 546
228 858 623
357 563 713
320 565 232
352 1019 623
788 877 222
60 836 292
407 544 767
453 710 523
423 618 728
290 984 859
222 466 978
1 970 1
58 893 304
289 813 3
376 833 122
558 968 517
243 941 941
196 355 431
169 275 169
155 719 155
169 663 169
20 248 159
1019 1021 1021
265 802 817
43 624 80
188 554 188
487 564 887
976 1014 210
486 1011 500
247 310 310
554 610 836
313 760 992
282 679 679
164 173 141
66 603 887
83 705 436
373 512 373
599 775 7
202 871 871
699 844 844
277 486 422
250 902 523
19 839 254
486 588 726
944 963 1013
37 310 310
371 417 417
342 621 992
347 931 844
372 556 556
10 970 970
314 452 190
876 895 169
232 712 232
513 591 422
676 888 30
556 909 556
777 780 777
975 1003 747
9 880 880
896 962 730
38 709 322
119 730 730
368 874 874
54 983 528
405 551 807
913 983 873
717 727 474
381 683 716
425 732 907
166 515 553
155 1013 155
634 773 773
658 938 632
69 544 807
101 741 527
228 529 529
492 805 788
361 638 529
133 418 391
633 742 441
585 808 887
90 647 792
54 297 221
94 874 874
1 162 1
187 587 187
459 707 330
646 764 838
465 942 7
261 825 961
277 591 422
6 940 169
450 844 844
725 843 122
422 548 403
384 874 874
867 972 972
762 785 785
354 874 874
529 574 961
60 371 292
232 621 232
873 878 873
454 766 232
383 407 747
211 964 1021
221 265 221
742 757 757
314 849 114
441 974 210
554 761 698
328 828 828
346 886 3
32 996 32
647 966 127
293 540 540
886 932 3
165 516 567
682 911 373
32 237 32
310 460 310
28 737 737
427 909 392
777 838 777
548 970 403
582 893 46
202 354 773
399 549 62
359 875 330
30 1019 623
662 931 662
340 498 1
219 400 728
232 408 232
149 999 36
203 355 121
265 992 992
266 864 169
811 900 744
338 481 828
245 736 825
690 893 254
252 908 639
56 764 430
216 828 828
484 669 887
152 409 152
599 759 567
403 669 403
712 806 806
377 778 866
126 788 868
7 170 511
114 298 114
924 1013 1013
306 751 632
276 360 866
358 500 500
26 72 32
164 442 141
785 884 785
341 828 828
513 728 8
445 536 445
231 726 726
554 797 978
665 691 874
95 545 304
374 828 828
727 995 995
597 662 662
492 586 992
519 907 556
406 437 62
636 828 828
160 625 304
577 894 254
499 854 450
37 178 972
456 551 639
137 486 154
556 757 556
198 693 693
332 815 792
485 736 330
186 874 874
721 893 893
27 292 995
439 1024 114
805 962 730
111 437 210
828 949 828
195 271 396
476 601 844
312 690 312
213 375 254
307 636 517
316 590 737
398 633 578
193 998 632
244 824 172
335 822 1020
333 524 524
186 673 121
31 202 422
415 865 834
308 714 672
955 969 232
820 995 995
336 354 773
248 688 155
33 767 767
187 932 187
199 802 806
442 722 934
787 991 520
454 768 232
402 920 392
593 939 691
492 606 450
655 780 450
415 607 518
561 887 887
1 819 1
71 889 700
171 986 693
58 245 996
279 437 726
326 342 992
63 87 730
231 699 699
9 649 961
255 793 446
219 477 336
189 523 523
601 812 390
187 708 187
673 768 919
139 573 897
215 704 546
336 337 773
90 105 1013
19 849 114
485 874 874
28 84 511
130 465 880
19 424 154
208 941 941
607 978 518
20 550 159
454 971 232
335 890 996
231 645 934
302 496 838
228 298 623
312 634 169
204 379 188
694 822 1020
477 495 941
592 1012 854
516 545 304
767 887 887
353 930 693
314 408 825
57 915 7
148 296 871
390 562 390
508 962 730
53 232 232
86 693 218
82 508 767
24 943 159
210 663 210
358 488 903
47 465 737
119 837 445
413 809 236
244 579 36
320 336 232
931 965 1021
258 900 154
211 999 36
223 802 806
365 537 541
486 635 662
26 787 32
210 225 785
539 605 698
310 613 310
238 560 737
500 740 500
302 773 773
529 880 880
642 952 613
589 923 682
335 728 728
816 886 928
167 221 221
322 834 834
253 1020 1020
362 841 1
883 961 961
365 1010 541
87 612 46
386 411 136
183 928 928
73 351 660
169 176 169
80 998 80
386 663 136
486 684 854
146 486 187
718 837 445
236 289 236
490 556 934
69 660 660
99 171 662
617 730 229
43 500 500
156 470 390
49 952 141
548 557 403
185 690 540
826 854 854
124 678 236
703 775 7
535 892 391
297 1013 1013
7 114 114
16 317 8
105 816 1013
151 991 520
187 446 187
729 788 788
741 970 527
686 837 445
50 970 970
848 1011 266
47 114 114
653 895 672
179 825 825
391 1020 1020
529 588 529
273 935 660
365 676 30
379 432 815
239 777 777
53 791 410
503 796 716
359 677 330
66 906 232
564 795 136
545 786 817
158 398 806
280 304 838
747 838 747
807 809 236
6 722 169
930 955 30
489 593 691
463 532 757
21 766 699
516 795 417
172 699 699
532 910 152
114 1010 114
830 988 757
481 558 828
700 978 700
290 674 190
71 688 155
569 767 767
189 560 978
10 486 740
329 1001 874
143 597 445
242 737 172
344 938 440
220 872 392
434 913 873
315 501 445
462 961 961
153 575 980
895 903 903
227 902 523
216 581 880
502 704 502
817 992 992
747 1014 747
872 983 392
384 905 828
41 189 844
195 457 396
802 840 806
570 765 62
270 432 815
41 132 844
51 810 430
328 771 152
665 987 874
834 1020 1020
220 834 834
204 765 440
212 562 500
328 889 152
373 972 373
531 737 396
372 992 992
115 489 698
385 807 502
157 600 36
218 783 218
266 489 266
320 795 232
1 370 1
131 155 155
272 298 671
352 564 623
266 793 266
865 1003 747
152 490 152
139 272 897
486 560 978
491 1005 691
377 887 887
486 504 540
526 842 767
823 946 520
76 417 537
486 876 169
100 686 152
773 929 773
213 553 553
45 196 897
582 807 807
729 1017 312
706 763 868
866 943 866
46 935 46
814 848 403
223 758 623
327 593 403
713 777 777
947 1021 1021
189 429 80
194 545 553
466 671 671
240 631 740
103 1001 114
633 645 934
163 371 367
595 602 403
116 777 500
122 539 122
107 301 367
471 844 310
584 903 903
755 759 873
205 512 717
482 893 693
276 645 934
475 612 681
58 209 757
430 980 980
114 584 114
278 891 815
79 856 187
75 159 700
670 866 866
311 486 788
361 999 36
486 829 312
174 377 187
486 675 474
185 480 540
270 540 540
417 886 3
673 941 941
374 416 1013
456 700 700
140 1008 740
213 995 995
816 928 928
360 744 866
144 434 980
137 801 154
300 371 292
48 987 874
6 326 169
295 537 537
174 1010 187
111 612 210
606 854 450
77 865 834
410 570 410
81 922 529
154 538 844
231 333 524
216 787 312
209 581 880
675 834 474
618 989 682
66 266 266
23 880 880
390 436 390
797 874 874
680 805 520
866 895 672
253 801 747
439 460 114
98 662 662
346 540 540
484 863 887
80 956 80
198 1015 540
418 860 861
218 928 218
412 813 155
385 871 871
643 805 540
32 209 32
699 766 699
312 325 312
445 958 445
352 553 553
486 617 229
362 836 777
93 432 726
573 698 698
578 603 851
55 255 229
662 753 662
514 783 152
398 559 970
227 830 757
273 952 660
681 742 681
548 575 403
556 562 556
869 983 737
67 787 777
898 938 322
412 919 155
368 986 446
51 186 121
92 612 46
351 434 660
221 659 221
25 385 502
32 170 32
668 928 441
269 511 961
563 972 972
91 597 445
96 363 527
86 996 218
778 1002 866
128 148 871
405 893 807
751 880 880
204 290 11
100 290 157
556 928 556
664 889 700
261 710 961
555 1017 681
325 432 159
341 548 403
402 549 546
187 702 187
209 461 757
86 699 699
122 626 122
801 978 978
266 279 266
497 760 1020
697 908 605
468 623 623
294 601 844
658 678 236
169 910 169
562 774 304
35 258 338
79 275 518
187 924 187
427 465 392
286 546 431
372 858 30
662 809 662
447 502 403
32 448 699
378 399 62
411 957 529
384 719 828
530 693 941
48 346 851
258 968 517
326 781 851
3 422 422
761 846 698
76 721 537
311 699 699
297 388 221
291 769 613
218 518 518
87 582 46
1 382 1
306 933 783
510 662 662
194 405 553
228 603 623
455 1022 773
193 883 681
166 573 893
8 37 8
338 926 996
46 403 403
667 869 700
721 821 80
87 749 660
834 997 834
603 836 851
808 1023 785
494 572 266
17 919 972
24 783 717
755 879 873
841 962 1
354 827 773
520 1003 520
441 985 831
310 838 310
192 773 773
897 992 897
354 903 773
284 928 928
119 903 903
139 691 897
196 692 431
270 486 528
440 712 838
307 804 578
390 759 390
277 397 682
185 498 1
85 856 187
47 311 737
156 268 188
281 981 373
326 929 474
35 330 330
217 519 556
155 179 155
86 145 1
10 300 740
396 570 396
76 605 605
58 757 757
69 351 660
432 980 980
539 983 698
145 790 1
44 670 396
169 514 169
228 466 623
193 493 807
653 858 672
136 530 941
28 406 502
17 266 266
302 929 474
445 837 445
800 828 828
511 776 511
233 344 804
12 743 541
852 972 553
35 232 232
668 783 441
341 845 304
102 125 868
16 197 500
369 546 518
29 429 806
396 873 873
136 1007 691
257 526 330
248 785 785
343 509 150
51 729 854
486 1010 524
294 934 934
374 597 445
587 908 122
335 643 540
63 821 730
969 1013 1013
348 965 903
802 825 825
248 631 740
156 275 188
181 924 828
79 991 520
247 401 699
163 757 757
519 691 691
277 577 422
37 486 767
172 449 919
184 684 874
141 612 141
547 620 232
389 472 773
560 729 978
397 441 682
584 663 266
330 538 844
117 804 392
141 182 141
686 879 152
448 681 681
71 560 71
48 448 699
696 788 890
325 486 159
12 852 553
16 836 8
479 1018 728
469 1013 1013
114 849 114
315 513 8
114 416 114
223 902 623
156 502 502
31 1012 533
641 828 828
367 713 713
770 775 970
443 454 232
13 41 844
785 914 785
445 963 1013
153 270 528
19 974 210
9 555 961
239 532 717
505 847 980
70 405 807
363 494 373
463 686 152
446 644 1013
341 425 304
567 805 567
834 977 834
250 600 36
145 162 1
745 806 980
257 1014 330
679 989 679
828 995 828
33 77 502
132 282 517
553 597 445
497 699 1020
55 757 757
448 694 699
479 1015 540
159 245 159
679 811 679
734 923 218
16 899 866
88 932 3
342 909 992
637 835 961
668 875 395
601 869 844
606 658 450
919 1021 1021
127 389 773
916 930 30
558 791 517
432 841 1
707 816 928
832 970 970
136 402 136
751 960 632
696 781 851
115 517 517
63 391 730
681 828 828
474 804 474
43 56 430
486 933 783
211 379 188
526 1003 747
386 920 392
165 806 806
811 843 410
72 204 32
425 729 907
666 1020 1020
7 824 7
362 524 777
380 592 919
130 564 880
721 765 157
34 729 474
866 902 866
23 946 520
482 700 693
635 827 662
880 1009 880
148 627 1
698 948 698
380 646 919
427 604 392
772 818 1
82 329 874
631 970 970
67 104 777
65 696 556
696 924 828
49 506 141
13 783 541
313 751 7
457 697 605
374 745 681
380 449 919
679 726 679
725 844 122
255 1024 114
4 1005 691
444 681 681
486 558 517
131 204 218
122 712 122
151 551 71
251 945 897
248 729 524
151 707 928
675 957 529
59 921 679
127 695 436
65 155 155
209 984 757
331 926 1020
188 516 188
291 882 897
886 950 373
370 671 679
34 691 691
471 605 310
695 961 436
94 550 500
339 801 154
15 472 80
586 1005 992
610 932 3
167 875 312
271 895 672
294 555 681
330 513 330
692 887 887
778 828 828
138 143 639
322 683 716
379 489 698
77 874 874
153 418 378
695 705 436
75 494 373
346 486 893
967 992 520
43 1019 623
591 700 700
70 984 859
152 760 992
730 932 730
6 911 169
87 114 114
481 924 828
70 980 980
211 614 436
675 845 474
921 995 995
562 888 757
92 999 36
64 71 578
112 951 951
716 908 716
518 614 436
205 391 391
311 434 222
654 691 390
137 357 150
140 978 740
486 785 785
53 105 1013
268 789 71
486 510 828
32 480 32
35 680 520
455 980 527
620 789 232
448 792 699
961 999 961
390 582 390
457 865 834
410 546 410
181 972 972
383 973 390
266 897 897
250 828 828
190 953 520
111 863 210
15 90 792
308 486 672
186 982 121
898 941 941
57 996 996
213 600 395
318 518 518
179 494 373
245 669 996
325 975 159
494 855 373
177 671 671
99 897 897
66 1013 1013
779 872 392
201 772 941
432 521 815
524 862 524
417 502 502
68 753 567
24 950 373
5 486 395
210 517 517
427 872 392
271 791 367
250 274 266
36 87 36
529 992 992
55 121 121
138 986 639
355 461 757
344 541 541
145 930 1
380 756 919
180 1013 1013
240 377 613
63 351 660
437 897 897
232 473 232
191 642 613
96 741 527
63 141 141
767 864 169
522 989 121
185 700 540
70 861 859
260 677 336
233 733 804
622 699 699
37 594 792
554 692 338
95 459 330
521 608 868
501 1013 1013
393 674 190
2 390 390
223 747 747
54 793 446
445 626 266
649 912 218
188 880 880
426 648 871
222 480 236
80 673 919
472 867 80
25 777 777
473 727 445
217 803 866
400 724 1021
681 903 903
69 532 717
74 662 662
315 526 767
68 664 700
771 880 880
402 431 431
114 354 114
355 924 828
91 392 392
113 284 122
471 550 310
633 983 528
200 427 392
238 706 700
473 908 445
57 666 960
267 452 529
2 568 828
666 992 992
454 540 540
165 599 567
152 169 169
659 816 871
477 502 502
249 540 540
337 523 773
631 903 903
520 784 520
445 925 445
34 669 474
127 509 292
16 1021 1021
612 953 520
518 588 518
145 947 1
81 104 873
119 704 127
513 896 8
532 747 747
632 972 972
479 699 699
355 415 632
457 700 700
646 765 838
165 238 567
411 520 520
920 1006 392
248 739 995
186 944 121
418 733 861
2 592 46
22 30 30
258 355 914
814 987 874
765 884 3
110 1008 960
11 825 825
496 669 639
155 587 155
48 123 851
60 266 266
127 750 527
365 934 934
82 884 767
266 294 266
184 893 874
29 970 806
390 964 390
332 931 792
863 894 730
76 486 537
549 592 783
471 860 310
58 998 304
1 520 1
734 961 961
32 555 681
264 767 518
312 470 390
928 967 520
773 967 773
552 1020 1020
197 715 445
207 1004 450
335 926 996
402 765 546
214 551 639
553 601 844
132 540 540
517 721 517
159 891 159
114 353 114
80 620 232
423 600 996
122 817 122
159 657 747
291 554 728
815 998 815
508 970 970
171 483 693
726 857 726
729 876 169
550 887 887
896 983 292
221 880 880
266 900 266
510 1024 114
313 833 122
196 500 500
676 878 30
60 648 141
30 293 114
333 604 831
946 992 520
733 804 804
915 920 392
436 1011 436
300 1013 1013
132 681 517
397 691 691
417 887 887
129 796 903
514 825 152
275 795 836
698 751 698
500 704 500
392 465 392
330 593 330
453 768 919
777 845 777
244 928 928
693 902 693
77 828 828
360 427 392
173 305 30
78 901 436
88 398 578
700 1000 1013
293 385 114
282 857 159
350 407 767
605 972 972
24 207 150
202 569 422
336 511 511
266 993 266
838 944 838
280 444 838
172 788 172
131 724 1021
219 797 978
527 719 527
156 878 422
524 761 698
443 528 834
367 577 254
702 961 961
511 939 511
214 1009 150
662 953 662
701 747 747
61 184 874
589 859 190
486 772 941
268 675 474
43 318 890
72 530 941
169 929 169
480 549 236
682 722 934
287 409 970
232 750 232
900 935 914
136 503 136
486 781 851
164 205 141
434 760 992
22 866 866
330 855 330
303 816 395
411 888 757
431 886 431
727 910 152
792 860 792
469 590 32
306 983 528
674 949 310
421 453 716
238 869 737
660 699 699
114 486 114
202 973 390
639 885 662
216 1021 1021
878 1005 691
520 800 520
314 398 578
669 880 880
22 1020 1020
367 887 887
20 82 159
197 994 500
340 486 527
306 485 330
716 776 431
84 703 511
691 774 691
92 557 578
502 669 502
183 773 773
151 898 322
46 794 792
193 280 838
192 754 874
457 857 605
248 478 995
610 1019 623
395 655 450
121 330 121
889 952 700
137 643 540
83 169 169
197 354 773
80 224 541
461 672 672
426 810 871
503 651 995
263 486 136
646 927 838
169 636 169
34 553 553
192 231 693
178 726 972
146 410 187
747 1013 1013
409 779 254
480 490 934
716 753 716
128 486 871
449 649 218
457 920 392
250 984 859
547 892 391
308 863 672
537 759 537
873 962 873
127 775 7
321 978 978
213 734 218
660 941 941
693 816 693
325 885 662
12 508 541
358 406 919
37 628 32
356 927 511
444 468 740
29 912 806
121 501 121
937 983 528
183 233 804
100 416 1013
6 1007 169
214 429 80
292 1009 150
55 654 390
389 440 773
339 638 529
236 709 322
417 528 417
553 779 553
54 974 210
99 822 1020
486 731 553
163 270 367
450 855 450
24 319 310
282 524 159
540 808 540
726 787 777
589 810 190
136 162 698
31 690 254
486 844 844
394 698 698
64 602 844
411 915 7
180 767 36
492 533 788
2 472 80
499 519 556
190 834 834
78 815 815
579 892 36
828 1009 828
124 932 3
122 378 122
803 995 995
49 979 141
698 781 698
237 513 660
186 989 121
130 513 880
208 825 825
391 392 392
254 387 254
235 1013 1013
43 732 890
617 784 229
34 672 672
436 967 436
295 895 672
151 276 8
604 985 831
418 509 292
887 957 887
242 903 903
676 945 30
138 938 639
923 998 682
38 450 450
293 1024 114
168 494 373
269 823 961
278 954 155
366 472 972
169 377 169
340 390 390
670 831 831
115 777 777
769 782 613
180 1006 30
360 449 919
96 929 527
233 562 304
88 449 919
779 896 254
336 630 960
191 661 728
95 100 535
224 434 541
294 556 556
414 792 792
304 838 838
317 512 322
71 824 172
540 705 540
359 596 330
87 366 972
589 870 190
436 559 436
563 832 713
276 287 970
8 395 8
43 289 3
701 995 995
573 590 737
403 851 403
372 948 322
662 704 662
1 257 1
179 364 373
317 696 322
486 753 854
517 820 517
287 1020 1020
288 486 834
725 893 122
236 849 114
45 404 897
341 346 304
704 939 141
478 651 995
653 865 672
122 540 540
506 809 236
551 972 972
106 491 992
593 1007 691
390 543 390
540 918 540
239 296 541
574 1013 1013
822 982 1020
28 33 502
218 683 218
562 901 436
366 956 972
106 1023 992
289 689 523
845 948 322
455 1002 527
687 961 961
515 757 553
263 564 136
486 499 450
920 978 392
355 396 396
1 812 1
141 619 310
363 878 970
235 280 773
257 653 330
60 551 639
545 979 304
752 828 828
536 748 672
781 955 7
66 699 887
582 988 210
264 1013 1013
198 349 159
118 984 417
3 399 62
737 907 737
724 757 1021
114 543 880
536 539 698
486 709 322
49 1021 1021
40 740 511
306 471 310
114 634 114
394 402 546
152 958 152
340 455 527
437 748 62
69 576 556
734 844 844
201 690 254
35 949 310
347 1013 1013
107 937 914
340 415 527
678 826 236
330 394 330
916 956 671
5 183 395
178 995 995
515 934 934
86 803 218
263 983 136
193 527 527
488 564 903
897 907 897
474 901 436
381 388 221
5 213 395
496 533 535
432 906 232
446 489 698
153 550 859
646 970 970
738 957 529
63 490 934
617 919 919
16 540 540
856 891 187
783 851 851
21 724 1021
396 961 961
245 934 934
70 806 806
314 361 632
292 734 218
434 886 222
65 467 698
395 895 672
60 211 188
161 403 403
452 486 190
632 929 474
336 929 474
532 986 717
627 649 1
470 973 390
321 545 304
788 960 960
327 455 527
70 366 972
123 1008 236
208 540 540
104 910 152
335 874 874
182 717 446
735 941 941
683 700 700
11 114 114
246 556 556
210 486 210
266 764 266
640 796 716
145 815 1
438 981 410
187 987 187
486 769 613
265 734 817
766 864 169
105 314 1013
438 929 474
219 394 521
175 310 310
49 462 873
761 1013 1013
115 733 136
411 441 831
30 444 30
232 939 232
352 511 511
298 667 700
486 960 960
697 698 698
534 675 672
221 766 221
376 587 122
7 563 7
21 839 254
51 505 980
491 868 868
163 293 114
529 994 529
652 941 941
378 707 928
256 394 8
322 807 322
193 301 367
260 718 834
43 696 890
895 978 672
751 934 934
188 245 996
882 954 155
238 728 728
434 613 613
804 894 730
741 750 527
125 219 777
510 587 122
294 961 961
549 860 783
486 695 436
326 549 71
474 918 474
333 425 907
365 681 681
590 954 155
304 574 961
767 868 868
299 724 1021
681 918 681
152 576 152
236 651 995
773 816 773
866 967 520
283 619 310
515 583 681
718 937 834
187 1012 187
176 1016 887
486 623 623
560 717 978
371 755 873
272 684 854
224 445 445
436 941 941
3 227 521
107 708 556
917 941 941
663 763 868
260 944 502
181 674 190
768 815 919
320 518 232
75 801 700
166 906 232
181 308 672
219 714 521
10 382 871
92 556 556
120 266 266
923 1011 500
250 655 450
121 981 121
247 962 699
812 961 390
442 544 578
14 701 951
264 524 518
229 614 436
110 493 893
261 570 961
132 986 517
278 880 880
289 608 868
479 486 292
486 787 777
13 727 474
195 865 834
338 550 338
29 107 806
728 764 728
326 577 254
825 826 825
779 934 934
339 528 154
232 400 232
249 322 187
56 492 430
396 824 396
325 757 159
111 347 844
22 141 141
6 16 169
353 902 693
780 822 1020
255 736 825
11 783 783
221 733 221
726 747 747
31 311 788
537 610 537
486 1020 1020
549 570 62
36 934 934
284 360 866
348 662 662
229 450 229
717 933 717
500 961 961
115 279 136
613 792 792
51 61 854
129 583 903
310 677 310
445 1014 445
525 647 152
266 448 266
27 996 995
816 866 866
218 248 218
221 356 221
338 613 613
138 733 639
692 915 7
154 192 693
88 974 210
149 257 330
187 475 187
358 943 919
200 788 127
360 865 866
256 825 825
258 1012 157
43 82 767
162 856 187
172 403 403
221 761 221
381 544 716
294 790 1020
431 558 517
276 486 8
296 436 436
698 770 698
135 873 873
551 998 632
203 672 121
86 520 520
298 486 671
556 847 970
67 195 777
394 777 777
200 206 903
133 850 190
554 964 1021
112 279 726
436 964 436
11 1021 1021
110 348 903
425 461 757
719 824 866
394 711 521
502 606 450
177 355 914
434 573 222
300 860 788
175 858 221
268 482 693
166 580 807
344 810 430
238 295 737
769 974 613
110 614 436
164 930 30
57 276 8
314 509 632
51 670 391
165 934 934
239 349 378
42 292 868
446 927 446
102 720 868
102 227 868
359 775 330
103 284 114
864 876 169
471 905 310
574 884 961
84 155 155
500 504 540
648 726 141
144 995 995
268 331 1020
517 518 517
422 1021 1021
507 861 410
149 731 553
241 841 1
39 330 330
7 532 7
259 681 681
210 955 210
304 650 682
825 1019 825
486 614 436
229 380 919
639 880 880
13 218 218
233 810 804
829 990 436
79 320 232
488 497 1020
1 652 1
173 927 141
520 995 520
1 435 1
159 611 159
606 722 934
232 357 232
295 669 639
112 609 992
32 845 32
498 788 1
431 842 431
51 901 436
177 704 127
237 639 660
231 277 422
91 188 188
843 907 410
3 617 229
153 941 941
668 800 744
910 949 152
861 992 992
537 972 972
206 387 903
29 508 806
650 717 682
134 839 254
535 633 528
582 612 46
350 664 700
156 560 188
110 528 717
428 921 218
796 872 392
378 749 660
533 546 546
16 149 8
382 898 871
220 590 613
389 635 662
627 718 1
123 208 518
558 727 517
784 857 229
544 826 807
181 714 836
477 995 995
177 698 698
334 989 834
174 1017 187
470 848 390
486 714 535
647 663 740
322 788 322
503 815 815
254 522 121
382 445 445
290 547 378
148 989 682
888 932 757
728 858 30
252 486 639
880 954 880
313 966 7
463 1010 757
365 371 541
110 205 717
148 637 961
60 367 367
82 547 767
4 921 392
666 1001 785
458 817 880
549 633 783
590 730 730
186 313 121
218 495 941
231 493 524
373 462 373
130 757 880
54 527 527
122 136 122
26 825 825
35 263 136
591 922 529
897 939 897
333 456 890
650 814 403
773 980 773
540 1008 540
18 542 396
759 1009 150
77 541 541
441 604 831
24 124 717
335 774 996
167 604 312
6 266 169
531 1012 396
514 663 152
9 928 961
321 965 8
421 782 716
93 874 874
774 835 127
312 966 312
19 550 859
193 995 995
244 940 169
404 866 866
48 355 851
56 945 430
419 706 121
932 991 520
2 767 767
791 866 866
611 941 941
255 773 773
830 1009 757
20 325 159
574 999 961
518 700 518
142 639 662
445 1020 1020
315 316 546
152 707 152
887 912 887
274 531 266
476 836 336
817 874 874
114 938 114
185 697 540
353 693 693
524 795 524
614 645 436
25 426 871
379 482 693
152 686 152
464 859 395
151 334 834
181 231 524
382 788 871
560 797 978
771 904 662
101 696 417
330 363 330
189 295 783
488 1018 903
204 493 893
439 846 114
206 1015 540
320 773 773
419 624 121
520 556 520
101 118 417
713 995 995
23 941 941
204 602 844
644 963 1013
190 944 190
47 672 672
414 518 518
376 706 122
152 962 152
577 1002 254
374 445 445
660 915 660
86 646 218
446 622 691
234 461 32
432 836 815
462 690 873
821 874 874
837 913 445
157 506 893
618 1018 728
229 815 229
560 966 978
343 789 150
215 243 934
769 866 866
12 224 541
103 885 114
608 897 897
107 163 367
541 597 445
115 181 136
394 661 521
193 846 804
102 675 868
264 902 518
436 902 436
258 499 450
557 784 229
566 708 980
102 436 868
757 994 757
466 854 978
207 521 150
70 166 893
393 405 807
639 945 222
162 309 698
72 185 540
38 742 441
46 585 887
63 267 529
279 992 992
437 689 523
122 708 122
305 790 1020
311 350 767
31 826 127
121 193 121
174 175 187
284 550 859
664 937 700
502 900 502
233 785 785
288 441 834
411 708 556
284 926 996
381 601 844
259 672 672
107 774 914
608 874 874
451 821 210
431 1023 431
305 630 30
237 392 392
860 942 7
475 950 681
425 509 292
218 567 218
554 633 836
676 903 903
556 838 556
48 87 851
284 396 396
390 473 390
79 87 518
33 972 972
182 773 773
266 276 266
644 823 1013
395 820 395
803 942 726
898 981 446
362 570 777
416 425 1013
199 603 806
539 868 868
437 728 728
187 584 187
389 554 773
838 882 897
474 865 474
315 978 978
80 493 80
659 729 871
187 995 187
350 474 474
972 974 972
396 1020 1020
1 628 1
153 482 693
599 884 567
125 624 777
32 307 32
9 396 961
660 825 825
378 532 717
143 681 681
853 1017 312
418 635 662
316 1020 1020
260 846 804
119 663 740
77 101 928
336 654 390
329 827 874
144 840 980
491 662 662
434 952 222
79 518 518
170 880 880
213 903 903
386 564 136
209 723 757
270 983 528
10 849 114
58 524 304
245 721 996
388 451 221
120 426 817
138 157 639
868 900 868
553 660 553
175 777 221
137 373 373
638 789 529
679 733 679
588 904 662
892 1012 391
114 146 114
393 753 807
145 283 1
101 429 80
312 734 218
228 320 232
332 840 792
71 702 825
337 1020 1020
304 726 726
312 536 672
503 762 567
69 333 907
310 529 310
12 501 445
119 138 639
983 994 537
177 887 887
873 946 520
513 931 1021
172 968 517
412 856 155
41 183 844
6 166 169
310 988 310
271 805 859
669 796 716
288 771 834
87 629 716
122 918 122
457 547 605
500 847 500
917 1005 897
32 250 32
452 701 322
179 416 1013
108 597 445
25 773 773
659 753 871
122 876 122
318 838 838
246 834 474
742 862 441
563 1020 1020
522 865 121
336 412 155
121 432 121
241 638 529
224 978 541
393 845 807
393 813 3
92 407 767
338 417 338
649 756 218
122 925 122
526 663 740
122 485 122
44 147 396
214 798 537
196 942 7
266 585 266
713 964 1021
561 844 844
223 390 390
780 873 873
691 964 691
96 304 527
209 953 520
398 711 578
636 802 517
494 540 540
70 101 417
7 188 7
391 966 391
541 896 541
820 969 232
740 989 682
68 275 567
125 382 777
101 619 310
603 900 851
257 266 266
418 915 7
793 811 446
569 932 338
486 975 783
109 1021 995
229 972 972
327 1023 403
8 318 8
447 996 403
455 883 527
440 694 699
213 532 395
186 613 121
434 663 740
478 501 445
794 1008 792
106 903 903
736 1017 825
97 570 1021
525 897 897
853 930 30
34 1001 474
530 788 941
175 871 221
261 617 961
58 859 304
486 868 868
505 763 868
549 810 430
75 971 660
652 960 121
456 675 474
186 980 121
205 630 960
544 821 80
527 594 527
567 842 567
949 993 310
168 371 441
445 969 232
458 889 880
51 721 854
503 509 567
445 909 445
723 893 951
813 952 521
369 740 518
29 239 806
610 836 836
219 848 266
762 816 336
772 941 941
431 854 431
99 635 662
263 589 136
32 366 32
89 301 188
643 839 540
333 828 828
187 1011 187
331 999 1020
220 465 613
18 521 502
41 204 844
304 965 8
152 609 992
148 954 155
15 381 716
220 923 682
968 1000 1013
285 594 792
263 474 474
397 957 529
691 992 992
340 773 773
318 446 446
266 533 266
398 518 518
177 682 682
124 650 682
209 323 757
637 937 961
59 314 679
758 844 844
480 554 236
100 815 815
401 990 436
311 418 861
918 950 373
355 506 893
486 507 410
192 403 403
407 972 972
678 1023 236
261 443 961
186 875 121
170 251 897
226 701 838
390 885 390
417 834 834
325 839 159
615 767 155
531 825 825
250 893 893
603 972 972
176 259 887
88 975 783
121 389 121
382 580 871
421 610 716
344 845 46
629 932 716
68 600 36
493 1017 312
228 868 868
172 939 141
796 880 880
430 549 430
62 889 700
165 493 567
486 768 919
611 802 806
962 995 995
289 356 511
201 527 527
754 836 874
58 468 740
800 849 114
913 968 517
1 606 1
221 379 221
226 623 838
461 914 757
602 751 844
234 628 32
29 453 806
248 943 159
224 300 541
50 483 410
69 492 788
605 668 605
547 826 127
121 859 121
127 292 292
507 897 897
305 395 30
572 677 266
86 390 390
695 795 436
5 651 995
354 540 540
486 837 445
73 169 169
118 549 417
248 395 395
38 540 540
343 628 32
641 732 825
731 747 747
333 362 777
415 957 529
11 350 767
491 762 691
295 764 836
187 930 187
183 211 188
80 1020 1020
128 807 871
119 486 533
649 874 874
485 520 520
118 153 417
307 682 682
104 699 699
478 831 995
193 513 8
266 828 828
757 914 757
518 868 868
166 318 893
217 726 866
583 880 880
226 285 792
47 412 155
210 631 210
698 996 698
312 732 312
446 877 446
86 981 218
662 686 662
764 967 520
394 507 410
650 773 773
143 851 851
417 575 980
115 616 613
748 909 671
599 972 972
219 757 757
330 972 330
138 176 887
146 653 187
779 978 254
211 642 613
219 680 520
792 1001 792
300 349 378
804 1012 804
189 957 529
810 873 873
108 224 541
657 701 747
659 1001 871
210 415 210
564 896 136
229 426 871
486 535 535
405 552 934
247 773 773
125 930 777
570 931 1021
532 533 717
365 1013 1013
716 887 887
308 973 390
540 1007 540
653 810 672
406 714 188
267 922 529
221 1011 500
424 791 367
670 699 699
607 841 1
685 931 941
623 808 623
390 623 390
767 781 767
770 961 961
802 960 806
25 270 417
638 857 529
887 962 887
436 619 436
4 158 806
468 1013 1013
25 659 871
740 773 773
691 1006 691
216 221 221
399 956 62
227 415 632
11 306 533
294 518 518
408 461 825
568 773 828
100 966 127
147 906 232
155 515 155
502 785 785
477 717 336
536 934 672
820 877 71
456 933 783
482 881 693
49 223 623
219 948 322
777 867 777
235 576 773
199 627 1
81 742 441
729 929 474
422 564 422
23 356 817
792 944 792
235 466 773
523 1016 172
470 846 390
304 989 682
237 252 660
279 803 726
308 970 672
359 813 330
173 792 792
164 833 122
628 880 880
263 902 136
239 306 440
300 537 537
620 874 874
625 854 914
144 483 980
364 797 623
122 681 122
9 578 961
361 390 390
359 1020 1020
206 609 903
122 390 390
414 689 744
467 656 390
275 346 893
524 781 524
541 682 682
393 770 970
326 861 71
119 633 528
549 735 229
1 24 1
47 334 834
118 540 540
723 886 951
211 799 540
425 995 995
65 221 221
830 839 757
698 838 698
287 903 903
332 469 792
211 466 188
246 761 698
392 429 392
874 927 874
554 821 80
242 248 172
540 779 540
97 101 1021
461 1010 757
334 709 834
165 293 114
441 923 682
456 897 897
549 662 662
211 576 556
67 445 445
486 570 62
21 447 403
471 949 310
351 971 660
824 996 996
564 803 136
540 856 540
446 486 446
115 580 136
486 738 777
196 533 431
300 948 322
462 893 873
43 338 338
295 642 613
317 898 322
415 615 155
117 751 392
500 911 500
421 761 698
514 880 880
97 778 1021
144 853 980
505 843 980
486 612 46
173 881 693
223 858 623
529 697 529
169 794 169
143 852 553
112 123 236
107 605 605
146 946 187
496 582 46
128 168 871
438 856 187
315 740 740
938 942 7
70 771 431
123 545 304
542 648 141
273 840 806
444 996 744
148 934 934
458 1011 880
114 582 114
216 501 445
204 938 440
498 521 1
75 476 700
518 649 518
98 576 903
106 360 992
54 395 395
262 603 221
699 756 699
266 428 266
155 645 155
36 823 36
246 691 691
594 943 792
792 847 792
413 456 978
200 789 367
135 442 578
183 755 873
400 486 728
62 886 62
457 730 605
330 345 330
285 726 792
831 889 700
93 108 726
310 485 310
651 765 995
333 983 528
230 714 713
528 996 996
75 564 700
112 169 169
231 641 825
166 518 518
735 752 817
494 718 373
194 994 553
28 436 436
138 357 150
168 824 172
40 866 866
701 724 1021
341 562 304
266 940 169
507 553 553
340 776 527
518 625 518
164 995 995
374 403 403
923 1008 682
280 527 527
57 986 960
343 580 150
382 384 828
325 970 970
657 908 747
567 735 229
106 245 992
765 831 831
393 465 960
523 1017 312
54 416 1013
31 496 535
266 996 266
139 631 897
420 590 737
451 486 210
449 959 919
761 813 698
782 816 928
265 1003 747
295 938 440
552 891 934
98 101 903
431 806 806
187 309 187
621 751 804
497 897 897
898 916 671
159 163 159
648 873 873
40 401 699
729 757 757
143 633 528
244 452 190
354 957 773
874 1022 874
209 700 700
480 952 236
440 670 391
13 867 541
368 486 446
255 615 155
107 240 851
327 599 403
154 776 431
403 773 773
359 782 330
550 738 777
172 948 172
232 383 232
507 687 330
102 413 868
300 355 914
871 1018 871
36 655 450
188 402 188
695 973 390
104 424 873
684 914 914
586 834 992
456 661 890
97 721 1021
290 966 127
370 833 122
52 241 517
344 824 172
166 635 662
152 867 152
932 945 222
336 441 441
60 521 521
390 414 390
849 994 114
175 297 221
518 1006 518
334 765 834
314 475 681
52 681 517
580 883 681
261 972 961
370 403 403
535 900 154
697 881 693
651 854 995
155 1004 155
658 934 934
704 802 806
295 801 157
266 807 266
284 899 866
288 865 834
7 749 660
298 737 671
77 560 928
475 527 527
461 521 757
529 902 529
798 822 1020
535 820 71
138 173 141
81 532 441
589 1012 190
349 805 378
414 914 744
393 767 767
152 589 152
84 207 511
163 222 367
98 386 903
315 364 623
407 957 529
577 812 390
541 992 992
96 1003 527
196 762 431
340 886 527
355 538 844
481 488 828
723 792 792
84 699 699
594 606 792
15 792 792
66 584 266
204 486 204
738 813 777
212 898 500
97 898 1021
187 359 187
833 843 122
508 664 700
883 1024 114
145 377 1
153 566 980
87 878 422
404 789 150
150 288 834
23 537 817
585 709 887
38 588 726
306 929 474
520 575 520
310 474 310
589 955 7
45 200 897
557 576 556
225 946 520
319 839 310
310 694 310
508 744 744
616 817 817
250 372 62
543 941 941
665 866 874
1 1007 1
65 689 556
416 466 1013
232 691 232
477 1021 1021
514 784 152
643 890 540
217 503 866
24 272 717
701 923 682
457 1015 540
19 54 154
237 629 660
828 921 828
50 648 141
306 379 188
43 962 730
639 680 520
397 465 682
34 698 698
169 740 169
610 884 3
268 905 71
169 728 169
20 31 159
336 920 392
727 820 474
253 485 330
158 683 806
611 808 785
752 854 817
301 855 71
212 725 122
289 731 553
96 832 527
961 1020 1020
934 971 934
373 819 155
65 647 556
342 445 445
337 388 773
245 926 996
373 380 373
355 573 914
9 114 114
404 412 155
212 537 500
140 393 740
437 815 815
124 714 378
676 935 30
336 809 236
66 604 887
152 273 152
265 635 662
8 880 880
792 873 792
60 165 567
237 627 1
835 1010 524
699 1022 773
10 394 740
434 753 222
185 360 540
183 451 210
66 277 887
732 910 152
275 632 632
198 997 682
74 574 961
474 977 474
731 891 553
554 769 613
382 607 518
32 500 500
761 851 698
73 887 887
486 895 672
133 780 450
479 836 292
126 447 868
65 1021 1021
474 608 868
353 829 693
528 532 717
248 1020 1020
60 532 292
853 1008 831
345 702 825
468 987 874
165 190 567
486 498 1
362 506 777
330 469 330
159 375 159
392 759 392
563 986 713
31 196 431
331 360 1020
334 959 834
169 266 169
30 959 30
159 224 159
248 738 777
642 918 613
169 294 169
620 700 232
422 562 422
511 520 520
527 778 527
395 791 395
282 418 159
356 633 511
579 898 36
435 662 880
232 975 232
266 422 266
338 458 880
83 251 897
312 615 155
209 1014 757
512 544 807
740 909 671
32 67 32
35 759 338
27 397 995
259 999 529
407 565 172
478 873 995
13 329 874
301 686 152
277 581 880
258 690 254
177 527 527
486 1023 546
122 335 122
36 63 730
822 831 1020
297 531 221
54 58 304
121 641 121
318 445 445
486 867 80
676 682 30
851 1004 450
73 650 682
486 854 854
121 281 121
1 924 1
187 733 187
391 870 190
377 726 613
844 890 844
476 495 941
539 949 310
260 289 336
5 257 330
72 906 232
487 885 662
413 552 934
480 670 391
776 901 436
25 266 266
177 278 537
589 742 441
200 668 441
333 846 804
617 1000 1013
224 486 541
474 984 474
444 721 744
254 270 254
388 817 221
185 730 540
71 372 62
63 78 730
500 834 500
410 731 553
338 1012 338
282 349 159
486 1009 150
437 583 681
155 263 155
726 999 726
318 613 613
134 762 730
448 975 699
482 578 693
430 827 524
486 526 767
109 585 887
220 769 613
34 413 474
530 785 941
440 532 717
732 855 71
148 1022 773
435 543 880
387 684 785
764 827 524
662 880 880
420 871 871
312 975 312
28 720 747
415 630 632
161 559 972
97 756 1021
487 910 152
354 868 773
630 815 815
44 961 961
134 513 8
330 637 961
2 809 236
402 721 546
355 444 744
778 980 980
197 916 500
396 611 396
187 858 187
221 307 221
570 588 726
226 646 838
20 204 159
753 972 972
72 494 32
775 967 520
137 453 567
136 965 136
743 927 671
161 282 972
621 872 392
2 336 336
839 900 254
175 440 221
486 922 529
917 1020 897
474 942 474
460 950 373
787 999 777
381 885 662
250 256 8
681 865 681
646 819 155
174 996 187
206 614 903
159 896 159
158 193 806
20 839 159
215 250 546
153 339 154
485 1020 1020
468 663 740
416 701 1013
59 992 992
88 708 556
295 792 792
278 974 210
562 1011 500
838 939 838
32 708 32
10 57 740
126 941 941
467 698 698
363 657 747
201 414 744
178 337 773
300 643 540
323 560 978
445 1004 445
178 567 972
298 1021 1021
157 378 378
837 846 445
745 828 828
448 953 520
58 669 304
490 699 699
758 882 897
77 748 928
2 757 757
300 351 660
520 788 520
48 275 851
461 716 757
565 836 172
587 942 122
28 207 150
70 473 445
650 923 682
533 601 844
31 481 828
486 1012 533
114 320 114
444 485 330
866 1001 866
90 598 941
399 889 700
404 422 422
461 649 218
70 669 639
203 1020 1020
392 550 392
80 590 80
678 840 806
40 233 511
120 801 817
152 706 152
646 672 672
339 364 623
965 1001 785
634 903 903
499 962 450
549 914 783
187 488 187
403 484 403
140 202 422
516 550 417
368 977 446
231 976 831
201 700 700
461 983 757
359 724 330
551 774 639
223 466 623
113 811 122
310 776 310
309 375 254
753 789 367
64 721 578
446 514 152
517 900 517
84 968 517
436 946 436
310 563 310
153 387 785
61 840 806
375 453 254
286 1008 431
81 466 441
137 413 978
121 624 121
143 631 740
775 792 792
122 725 122
13 597 445
124 570 62
19 537 537
745 848 266
499 866 866
83 499 310
550 681 681
270 797 978
268 508 713
113 598 941
246 461 474
20 893 159
530 961 941
155 538 155
694 1020 1020
509 1021 1021
486 512 907
553 899 553
114 561 114
484 992 992
1 730 1
112 983 430
144 224 980
131 817 817
321 647 859
235 486 773
220 767 613
620 909 232
223 1013 1013
9 938 961
493 880 880
285 844 844
537 871 871
130 922 880
403 586 403
126 704 868
183 993 1021
795 966 836
383 475 747
232 263 232
271 652 121
152 778 152
362 511 511
817 976 817
673 934 934
89 844 844
277 304 422
784 963 1013
799 852 540
852 880 880
36 660 660
121 125 121
4 888 392
19 196 431
145 185 1
754 915 874
440 549 783
614 961 436
286 924 828
516 939 141
159 844 844
473 644 1013
399 976 831
383 581 880
902 912 523
577 781 254
39 656 390
32 853 32
298 804 671
232 608 232
396 406 396
480 652 121
155 452 155
663 830 757
486 581 880
73 905 713
81 813 441
426 766 699
363 840 806
353 1003 747
523 690 254
187 386 187
283 777 777
101 851 851
462 684 873
295 629 716
81 1002 671
662 963 662
486 517 517
236 486 236
51 261 961
307 728 728
413 647 978
536 615 155
114 206 114
121 340 121
1 566 1
239 1012 440
690 978 254
526 712 838
11 106 992
657 716 747
52 135 517
436 538 436
674 716 716
486 690 254
126 140 868
172 969 232
431 597 445
62 415 62
267 1016 529
1 674 1
53 593 691
290 805 11
201 472 744
177 751 632
30 177 30
278 696 537
757 918 757
326 672 672
540 675 540
77 670 391
393 796 716
120 922 817
573 907 914
672 825 825
254 586 992
289 622 691
401 674 699
16 256 8
796 962 730
777 858 777
365 593 691
187 389 187
300 473 445
603 779 254
210 439 114
868 985 868
159 223 623
221 529 221
540 753 540
412 585 155
121 317 121
270 669 639
594 673 792
51 569 338
153 618 728
137 696 890
32 998 32
394 703 815
144 566 980
421 683 716
190 573 190
477 971 660
934 1012 934
641 773 773
482 624 693
395 584 266
164 416 1013
128 385 871
277 303 422
411 853 831
96 527 527
568 616 828
96 1008 527
247 485 330
902 940 169
144 681 681
266 425 266
916 1013 1013
538 551 844
394 911 373
478 820 995
516 777 777
106 262 992
356 565 511
709 831 831
82 484 887
539 1020 1020
722 991 520
426 667 700
119 373 373
40 812 390
409 959 951
403 863 403
371 486 292
3 424 3
39 608 868
615 1000 155
653 880 880
314 658 632
879 913 873
18 582 502
236 974 210
270 877 222
382 825 825
41 266 266
372 570 62
246 312 474
405 431 431
390 775 390
751 785 785
309 711 236
321 560 978
393 440 807
556 571 553
54 529 529
273 404 660
42 507 868
672 1019 672
353 491 691
373 690 373
89 721 188
266 584 266
731 938 553
298 398 671
587 1020 1020
26 953 520
312 610 312
419 486 121
118 364 623
169 213 169
46 57 960
133 663 740
843 930 30
666 976 831
200 231 524
167 938 312
83 445 445
69 998 632
324 733 605
473 897 897
550 945 222
140 880 880
18 801 502
576 727 556
81 210 210
323 348 903
376 479 122
166 848 266
5 308 672
40 110 511
67 781 777
223 693 693
104 258 873
426 677 871
24 776 431
206 291 903
432 970 970
278 383 747
879 961 961
158 664 806
37 89 767
390 504 540
322 796 716
82 373 373
275 351 660
281 573 373
141 406 141
115 442 136
518 662 662
229 823 229
261 876 961
568 828 828
717 761 698
187 547 187
367 719 866
82 857 605
409 839 254
853 889 700
426 474 474
700 879 873
658 689 523
349 982 679
84 436 436
134 749 660
155 1023 155
102 327 868
415 742 441
216 645 934
229 303 229
316 402 546
549 816 928
143 263 136
97 698 1021
76 882 897
450 513 8
9 232 232
558 969 232
237 652 121
587 860 122
523 889 700
366 453 972
30 404 30
857 861 605
292 921 679
167 192 693
486 1022 773
135 390 390
355 844 844
90 923 792
500 706 500
309 984 236
78 128 871
405 577 254
258 412 155
239 810 430
409 723 951
105 959 1013
221 702 221
766 909 699
653 725 122
53 204 410
59 998 679
450 948 450
116 544 500
726 986 726
232 941 941
639 780 450
346 402 546
225 302 838
520 902 520
522 874 874
426 972 972
196 669 431
89 287 970
43 873 873
119 652 121
32 431 32
61 295 154
493 933 893
631 641 825
282 958 159
504 952 540
403 860 403
284 516 417
22 609 992
702 1020 1020
198 910 152
58 714 304
357 423 996
828 895 828
211 668 441
410 701 410
50 1023 172
128 319 310
146 610 187
473 802 445
357 865 834
119 321 859
160 212 500
321 984 859
144 961 961
238 822 1020
786 1004 817
310 525 152
42 880 880
580 782 928
660 756 679
115 486 136
592 838 838
172 716 172
47 580 737
24 902 523
251 994 897
74 716 716
427 828 828
1 995 1
471 773 773
899 930 866
789 994 537
549 617 229
284 369 518
440 680 520
132 187 187
39 213 221
827 970 970
37 425 767
94 152 152
217 352 866
136 244 136
1 887 1
838 959 838
901 903 903
245 350 996
116 593 500
248 616 613
272 743 671
612 845 46
281 966 373
227 547 521
275 812 390
1 785 1
880 909 880
69 296 541
839 935 254
373 515 373
279 645 934
744 977 744
167 359 330
176 355 887
177 442 578
180 551 36
159 583 681
651 876 169
251 396 897
28 352 623
115 485 330
603 679 679
242 829 312
693 1001 693
315 709 322
205 808 785
155 897 155
1 646 1
7 330 330
774 1012 127
381 438 410
45 863 897
22 985 136
118 211 188
570 661 62
155 539 155
728 976 728
845 978 978
889 902 700
415 791 632
226 903 903
753 968 517
340 691 527
445 997 445
195 815 396
355 782 928
537 599 567
855 979 71
437 566 980
72 155 155
134 869 730
529 698 698
653 900 672
731 972 553
213 486 395
560 754 874
234 544 32
166 696 893
391 556 556
53 873 410
429 678 80
833 984 122
486 976 831
187 189 187
438 566 980
114 940 114
346 928 928
248 355 524
114 786 114
748 805 11
410 868 868
44 434 396
197 897 897
358 460 919
395 397 682
717 893 893
68 773 773
298 976 671
267 981 529
501 936 445
624 916 671
330 679 330
324 481 828
462 952 873
3 592 3
345 641 825
269 517 961
60 842 391
88 676 30
154 704 127
77 707 928
644 895 1013
56 110 430
461 881 693
796 856 187
108 164 141
118 487 887
450 801 450
332 885 662
585 596 887
470 688 390
237 273 660
268 430 71
114 687 114
550 881 693
304 433 1020
290 1006 30
392 716 392
454 1013 1013
83 176 310
427 896 392
792 960 792
60 486 292
382 477 871
32 49 32
110 927 338
323 327 403
145 358 1
18 391 391
413 810 430
290 580 807
178 689 972
47 970 970
373 805 373
784 956 229
691 1014 691
4 456 392
551 733 639
323 976 831
99 114 114
71 815 815
208 390 390
473 603 445
451 664 700
744 817 817
16 802 806
155 849 114
327 645 403
395 821 395
561 872 392
353 486 693
154 880 880
281 499 373
28 890 502
242 431 172
265 773 773
131 919 218
413 978 978
263 386 136
271 822 1020
376 725 122
342 992 992
117 392 392
608 763 868
389 686 773
298 975 671
349 801 378
486 761 698
955 1011 500
183 885 662
442 770 970
611 1021 1021
56 747 747
297 785 221
646 792 792
821 949 310
311 753 854
98 191 903
97 716 1021
262 872 221
45 790 897
526 562 767
190 234 32
307 340 527
394 887 887
150 998 150
65 625 556
402 870 190
185 1015 540
225 463 757
513 653 672
147 228 623
789 852 553
187 688 155
19 660 660
262 874 874
339 647 154
253 657 747
128 993 1021
286 613 613
402 705 436
46 920 392
89 462 873
46 133 391
331 551 1020
121 803 121
235 382 773
428 533 218
744 818 1
219 322 322
127 809 236
333 788 907
40 884 511
611 998 523
393 581 880
411 785 785
114 804 114
122 407 122
451 452 210
345 973 390
316 980 980
354 588 773
82 137 767
153 166 893
58 215 304
152 633 152
50 553 553
986 1008 960
30 96 527
154 311 154
224 839 541
189 343 150
386 440 136
492 765 788
139 893 897
897 917 897
53 235 773
271 666 430
221 430 221
803 871 871
928 1013 1013
412 911 155
767 1002 671
715 1021 445
155 446 155
466 523 523
560 961 961
52 472 517
500 726 500
422 546 422
109 301 995
445 521 445
133 166 391
306 599 567
254 529 529
120 897 897
172 463 757
301 442 578
107 342 992
179 242 373
252 560 978
786 844 844
478 707 995
744 762 744
538 732 844
428 565 218
202 578 422
136 141 141
88 556 556
438 905 410
544 804 804
110 805 717
582 855 71
233 310 310
801 845 46
405 844 844
118 405 807
70 734 218
43 427 392
234 699 699
225 411 785
449 607 518
682 814 403
296 679 679
163 483 410
111 450 450
87 792 792
839 868 868
300 823 815
136 746 446
108 664 700
493 733 893
256 566 980
247 520 520
282 943 159
123 526 767
54 533 528
432 512 815
669 912 523
169 485 169
469 735 32
214 483 410
153 334 834
630 1020 1020
447 962 403
820 944 502
59 982 679
723 728 728
132 232 232
273 486 660
155 764 155
401 941 941
411 834 834
126 854 868
530 950 941
128 221 221
27 831 995
183 456 417
6 813 169
333 448 699
770 959 970
266 1018 266
880 977 880
137 311 154
390 694 390
2 764 46
343 742 150
524 528 524
285 903 903
128 490 934
625 769 613
874 904 874
267 839 529
473 498 1
570 582 62
860 996 996
351 897 897
227 336 336
828 1000 1013
406 735 229
972 992 992
108 119 726
525 531 152
495 763 941
661 940 169
687 932 330
98 552 903
344 908 440
417 535 417
121 695 121
760 947 992
1 221 1
408 864 169
151 496 71
679 997 679
83 400 310
321 807 807
702 794 792
427 620 232
419 546 121
71 107 71
93 897 897
36 286 36
435 458 880
275 801 157
324 796 605
174 818 1
403 588 403
410 797 410
19 118 417
6 478 169
818 832 1
468 747 747
251 415 897
928 1000 1013
187 723 187
401 517 517
64 473 445
159 473 445
474 574 961
497 874 1020
484 578 887
540 874 540
187 876 187
393 446 446
446 1013 1013
64 201 744
81 471 310
529 773 773
82 402 767
765 903 903
390 856 390
264 656 390
436 691 436
152 445 445
324 908 605
146 160 187
22 411 136
535 703 815
157 686 152
147 270 396
299 699 699
533 893 893
669 1012 639
547 877 222
329 745 874
503 726 726
80 165 80
681 709 681
198 553 553
259 1013 1013
343 422 422
729 865 834
527 728 527
665 889 874
643 923 540
64 1013 1013
35 983 338
423 733 996
224 450 541
90 153 792
814 936 403
377 422 613
178 693 693
424 860 788
824 992 992
557 849 114
691 712 691
230 640 713
69 820 71
240 674 190
175 420 221
232 922 232
388 486 221
246 929 474
155 389 155
868 915 868
13 370 679
241 768 919
422 819 155
527 731 527
27 844 844
254 625 254
402 604 831
354 389 773
151 406 188
468 636 517
383 442 747
155 376 155
495 941 941
633 838 838
6 281 169
185 422 540
213 442 395
232 443 232
591 775 422
155 917 155
187 532 187
148 233 871
567 884 567
258 907 157
330 463 330
127 859 859
880 1006 880
693 1017 693
107 279 726
271 411 831
56 979 430
210 320 232
704 792 792
210 261 961
93 588 726
33 533 502
347 520 520
295 805 11
397 486 682
16 370 679
572 848 266
690 757 757
672 707 672
308 536 672
230 986 713
205 783 717
126 815 868
147 209 757
329 842 874
527 868 527
256 460 422
507 1012 410
464 691 691
767 937 767
180 406 36
215 648 141
234 876 169
678 806 806
487 912 887
155 517 155
366 403 403
103 924 114
117 369 518
586 982 992
122 837 122
498 820 1
451 780 450
353 392 693
112 646 838
73 142 662
216 448 699
490 645 934
314 698 698
187 481 187
898 952 322
260 477 336
518 807 518
310 936 310
255 969 232
209 463 757
613 658 613
324 356 511
440 612 46
169 285 169
194 780 553
445 848 266
193 854 807
626 783 266
564 785 136
406 663 740
496 836 836
132 190 517
19 695 436
60 303 395
2 506 46
454 717 232
246 839 474
897 957 897
15 240 62
447 626 403
8 796 8
419 659 121
95 441 441
533 938 440
615 957 155
705 897 897
87 727 474
269 436 436
640 890 338
88 782 928
664 1014 700
427 925 392
189 801 783
866 916 866
172 915 7
2 620 232
359 866 330
41 798 844
380 422 919
179 520 520
540 570 540
112 223 623
158 754 874
410 813 410
326 934 934
561 784 229
197 559 500
253 720 747
520 672 520
189 933 783
297 697 221
527 538 527
312 1021 1021
266 601 266
258 753 854
235 367 773
298 639 671
72 517 517
8 276 8
258 721 157
54 239 528
55 641 825
119 945 222
534 536 672
26 976 32
40 597 445
161 490 934
400 422 422
310 616 310
330 828 828
437 941 941
408 730 825
42 171 868
642 965 613
371 896 292
115 735 229
158 759 806
155 669 155
823 924 828
201 367 744
54 941 941
405 590 737
590 700 700
432 954 155
836 867 80
582 884 3
48 486 851
378 553 553
845 857 605
374 555 681
119 291 728
210 1006 30
523 684 523
104 220 873
106 600 992
903 994 903
117 553 553
646 979 838
12 332 792
425 546 546
314 699 699
421 870 716
578 809 578
202 369 518
193 554 807
345 560 825
657 887 747
348 917 897
702 887 887
297 557 221
365 812 390
553 1011 500
414 923 682
622 773 773
307 521 578
295 745 980
146 976 187
437 811 744
420 688 155
622 803 691
440 610 836
142 635 662
32 692 32
717 866 866
297 716 221
101 516 417
231 524 524
368 579 446
284 932 3
486 776 431
310 863 310
34 436 436
499 508 450
61 152 152
148 500 500
486 899 866
73 486 713
290 415 632
1 124 1
592 950 373
295 803 726
66 410 887
216 825 825
647 765 535
922 1000 1013
114 361 114
927 1015 540
523 639 523
18 670 391
535 663 740
809 898 322
101 454 232
167 978 312
282 511 511
61 267 529
107 315 546
349 771 431
474 620 232
268 326 71
638 918 529
162 467 698
169 743 169
547 829 312
36 909 671
429 713 80
234 858 32
399 437 62
291 903 903
1 820 1
258 500 500
363 773 773
322 677 322
461 880 880
378 388 221
625 734 218
486 621 804
551 664 700
490 491 691
38 283 391
276 441 8
98 155 155
124 848 266
200 721 127
631 740 740
1011 1021 500
856 926 187
61 153 154
474 1006 474
286 589 431
333 687 330
334 597 445
260 896 336
159 178 972
340 540 540
99 338 662
110 731 553
519 521 556
706 845 700
517 649 517
295 551 639
458 941 941
211 569 338
508 611 523
545 561 229
121 906 121
381 620 232
472 936 312
795 900 836
710 980 980
977 995 995
98 296 903
69 440 788
571 906 232
443 663 834
504 700 540
46 852 553
613 689 613
560 985 831
116 431 500
560 789 978
150 785 785
95 127 127
25 382 871
15 486 62
471 586 992
494 756 373
87 980 980
11 613 613
502 639 502
166 550 893
23 755 817
471 479 310
200 810 430
725 738 122
135 561 229
152 868 868
455 579 527
96 918 527
80 820 80
260 845 336
31 1022 773
10 193 740
1 249 1
659 806 806
995 1022 773
32 792 792
236 305 30
52 523 517
323 486 978
333 937 907
602 909 844
383 720 747
372 746 446
853 868 868
486 711 378
376 486 122
187 331 187
4 558 517
584 922 266
38 478 995
6 860 169
492 567 567
568 740 828
615 711 155
621 801 804
243 847 934
346 493 893
429 703 80
925 1016 172
5 464 395
82 164 141
119 306 533
79 645 934
264 874 874
152 736 152
32 492 32
152 630 152
612 798 537
114 235 114
26 1003 747
185 407 540
245 613 613
887 1020 1020
738 938 777
404 610 150
345 938 825
188 871 871
746 981 446
604 853 831
279 606 450
605 959 951
24 329 874
759 809 236
391 653 672
12 352 623
187 912 187
78 139 897
417 752 817
403 531 403
15 694 699
73 859 713
125 508 777
575 1001 980
588 803 726
237 468 660
328 598 941
310 328 152
232 930 232
740 838 838
636 681 517
362 728 777
198 621 159
431 668 441
637 723 961
967 989 520
436 806 436
392 1018 392
380 817 817
398 484 887
799 846 540
520 591 520
933 974 210
252 707 928
498 553 1
549 870 190
112 770 970
166 956 960
141 774 141
455 616 527
141 671 141
256 823 8
20 627 1
662 995 662
902 999 523
187 676 187
598 909 941
204 402 546
684 750 527
747 957 747
740 933 740
553 919 553
183 560 978
330 352 330
328 408 152
749 990 436
18 656 390
155 359 155
641 702 825
180 678 36
329 720 874
456 775 7
147 335 396
37 140 740
241 395 395
7 698 698
289 679 679
213 517 517
598 745 941
811 988 210
682 1016 682
225 982 679
201 336 744
155 459 155
126 662 662
154 690 254
36 582 36
134 994 730
177 237 660
646 732 838
580 943 159
172 390 390
407 1008 767
735 866 866
173 221 221
178 838 972
718 738 834
69 735 229
604 976 831
102 867 868
867 992 992
377 433 1020
289 761 698
122 659 122
346 863 730
139 612 897
199 546 806
3 27 995
678 809 236
114 451 114
347 1012 844
369 914 518
370 713 679
477 890 336
573 758 996
403 922 403
215 923 682
694 863 699
452 976 831
286 934 934
602 903 903
6 929 169
121 947 121
315 519 556
229 392 392
517 599 517
207 792 792
62 822 1020
71 275 71
820 945 71
439 818 1
413 543 880
341 960 304
365 861 541
485 809 330
506 531 396
87 666 430
339 666 430
100 316 546
211 406 188
114 319 114
63 918 730
381 387 785
275 944 502
219 254 254
75 420 700
27 422 995
61 137 154
562 719 866
520 706 520
137 721 154
55 821 229
67 523 777
391 815 815
354 662 662
378 967 520
880 882 880
726 902 726
874 933 874
142 529 662
500 947 500
81 1012 441
27 858 995
683 746 446
426 932 871
433 897 897
220 829 312
162 959 698
516 938 417
695 910 436
604 974 210
828 843 828
52 627 1
706 860 700
316 731 553
326 873 873
390 738 390
317 563 713
148 1021 1021
891 910 152
936 1012 312
1 101 1
225 951 785
404 406 150
887 977 887
735 764 229
230 401 699
605 873 873
499 950 373
63 436 436
610 999 36
216 529 529
99 672 662
293 890 114
189 615 155
741 796 527
224 232 232
550 729 859
72 1022 773
323 546 978
200 520 520
347 474 844
423 549 996
670 881 693
719 984 866
513 806 806
205 364 623
469 598 941
193 896 807
292 867 80
84 470 390
732 827 524
277 807 422
195 232 232
329 458 880
136 597 445
23 752 817
252 316 546
187 253 187
518 754 874
446 603 446
506 870 190
375 863 254
416 963 1013
169 409 169
563 671 671
253 569 747
684 896 292
527 633 527
182 808 446
517 817 517
150 464 395
116 414 500
738 844 844
394 901 436
118 655 450
524 962 730
54 350 767
544 853 831
613 874 874
330 638 330
224 436 436
246 468 474
250 861 890
155 270 155
435 833 880
203 974 121
813 852 553
196 496 431
519 825 825
897 969 897
758 888 757
467 486 698
71 589 190
696 795 836
759 945 928
176 720 747
678 895 672
125 694 699
170 912 511
405 870 190
147 693 693
373 919 373
47 178 972
58 470 390
699 992 992
820 914 71
226 1008 838
153 704 127
723 765 951
785 895 672
7 370 679
304 327 403
20 341 159
398 670 391
541 676 30
14 656 390
28 944 502
903 933 903
236 1006 30
919 959 919
530 957 941
384 880 880
481 685 941
141 479 141
354 664 773
169 428 169
92 516 417
178 531 972
18 807 502
70 732 859
285 880 880
121 279 121
56 209 757
436 993 436
126 995 868
155 272 155
353 381 693
279 518 518
80 252 80
57 336 960
622 673 691
535 733 861
708 783 556
61 592 854
1 536 1
709 948 322
150 905 150
363 486 970
440 537 537
122 446 122
133 845 391
216 1017 312
101 519 556
862 898 524
756 982 679
221 625 221
768 980 919
471 798 310
3 486 3
860 908 788
1 251 1
511 580 511
72 395 32
321 424 859
286 682 682
50 641 825
195 410 410
586 615 155
15 392 392
291 618 728
52 881 517
328 679 152
232 501 232
55 651 995
94 121 121
269 872 961
218 650 218
294 431 556
72 961 961
740 853 740
753 979 854
974 989 682
852 991 520
249 781 187
339 684 854
838 1023 838
209 734 218
717 809 236
867 891 80
283 466 391
218 545 218
19 758 996
698 997 698
229 842 229
320 486 232
555 631 681
410 997 682
715 866 445
520 720 520
220 422 613
146 716 187
9 836 961
505 575 980
656 941 390
108 977 726
909 916 671
123 136 136
938 994 537
389 414 773
645 802 934
198 933 159
177 630 960
696 835 890
599 637 961
572 954 155
813 884 3
466 909 671
138 773 773
674 887 887
477 719 866
138 897 897
17 423 972
93 435 880
549 684 783
590 743 671
548 903 903
32 419 121
113 631 122
680 967 520
639 756 679
580 996 996
804 921 679
511 764 511
251 288 897
136 629 136
551 879 873
351 747 747
457 793 446
87 318 46
236 727 474
234 618 32
215 304 304
605 781 605
296 973 390
69 486 788
209 382 757
938 1002 671
31 549 783
668 995 995
941 1020 941
456 1013 1013
139 790 897
169 540 540
423 781 996
651 969 232
615 660 155
81 411 831
239 290 440
268 378 71
357 404 150
497 951 1020
200 774 127
251 713 897
374 992 992
113 897 897
453 760 992
476 740 740
729 893 893
431 942 7
691 872 691
170 195 511
38 419 121
486 500 500
929 979 474
344 794 792
611 925 523
241 871 871
24 110 717
88 900 154
720 913 747
526 970 970
318 832 537
318 619 310
191 465 728
893 960 960
908 1012 440
591 858 30
304 439 114
37 1013 1013
218 866 218
486 957 529
229 423 229
492 700 700
23 560 817
204 879 873
713 716 713
114 395 114
580 851 851
67 211 777
507 927 410
513 531 396
676 772 941
596 936 972
27 651 995
441 714 441
892 1005 691
355 765 914
630 869 737
59 941 941
286 1011 500
677 832 537
187 792 187
557 607 518
488 634 903
956 963 1013
17 942 972
601 787 844
34 887 887
123 678 236
527 662 662
87 268 71
655 905 450
30 165 30
173 648 141
101 932 3
261 527 527
69 502 502
13 224 541
10 520 520
438 502 410
228 1019 623
82 864 169
331 1023 1020
310 732 310
23 265 817
372 985 831
77 245 996
764 867 80
104 350 873
379 540 540
197 642 500
260 814 403
395 486 395
423 758 996
182 970 970
36 168 36
544 559 970
354 941 941
672 813 672
753 896 292
71 398 578
560 955 7
540 780 540
712 729 838
121 538 121
218 682 218
338 761 698
34 896 474
288 747 747
13 502 541
380 612 919
205 252 639
681 911 681
704 920 392
82 912 523
340 451 527
159 195 159
388 801 221
378 569 338
115 413 136
35 126 868
512 696 890
282 709 159
692 825 825
527 872 527
412 761 155
109 325 995
429 751 80
154 974 210
225 794 792
121 445 121
711 721 378
17 291 972
877 996 996
426 718 834
354 880 880
465 737 737
463 871 757
663 716 740
305 424 30
219 289 521
522 611 121
733 992 992
330 486 330
729 966 127
327 390 390
312 572 266
630 656 390
147 1004 396
23 147 817
177 413 978
678 825 825
716 868 868
320 969 232
133 640 391
456 486 890
318 660 660
390 537 390
245 690 254
336 561 229
215 810 430
873 983 873
232 596 232
111 733 210
251 702 897
530 598 941
137 244 222
11 178 972
330 845 330
326 438 410
219 801 521
122 471 122
408 887 887
282 801 159
418 492 861
630 820 960
74 620 232
299 671 671
93 159 159
90 644 1013
649 773 773
290 486 11
61 900 154
310 1024 114
169 940 169
549 762 336
154 309 236
756 1022 773
211 361 188
65 516 556
381 866 866
397 919 919
266 749 266
122 421 122
304 557 304
600 945 36
132 134 517
400 594 792
382 410 410
68 926 996
504 855 540
52 109 517
347 973 390
175 614 436
529 821 529
97 769 1021
82 398 767
8 791 8
390 897 390
256 527 527
803 1020 1020
847 941 941
375 577 254
525 961 961
379 462 873
150 420 150
116 500 500
459 1020 1020
444 632 744
689 710 523
72 327 403
16 111 8
172 903 903
357 457 605
668 739 995
254 605 254
650 997 682
265 724 817
59 625 679
148 894 871
187 357 187
251 998 897
36 321 36
90 558 517
539 897 897
115 373 373
253 646 747
425 541 541
612 765 46
817 823 817
113 867 122
285 956 792
136 228 623
1 558 1
163 386 136
511 897 897
89 606 450
122 752 122
594 897 897
395 983 395
178 383 747
545 819 155
405 645 934
568 943 828
445 737 445
159 462 873
956 983 960
2 572 266
363 369 518
128 338 871
16 255 785
178 596 972
417 845 46
218 834 218
13 757 757
492 764 836
863 910 152
289 782 928
599 710 523
99 225 662
24 518 518
369 373 373
177 982 679
624 1014 210
26 369 32
73 150 713
13 777 777
319 532 310
585 888 887
122 510 122
157 941 941
367 782 928
126 560 868
147 266 266
408 736 825
191 492 728
52 903 903
227 518 518
483 961 961
41 662 662
114 278 114
450 961 961
250 424 890
513 617 229
256 450 8
567 577 254
300 807 807
296 743 541
440 721 157
142 556 662
314 816 632
1 719 1
732 768 919
97 747 747
227 671 671
6 232 232
215 445 445
151 439 114
630 890 960
756 821 679
303 962 395
522 641 121
322 696 322
327 595 403
586 731 992
75 899 866
377 642 613
405 742 441
50 317 172
572 874 874
250 683 716
127 819 155
82 435 880
370 740 679
643 1001 540
60 463 757
410 630 410
667 995 995
115 503 136
712 924 828
509 983 292
749 845 660
91 576 556
1011 1016 500
272 459 330
288 535 834
111 526 210
397 498 1
1004 1005 691
387 477 785
317 777 777
1 442 1
459 687 330
847 1013 1013
117 835 392
937 941 941
166 830 757
297 704 221
584 819 155
69 74 893
54 551 639
180 267 529
222 301 367
295 861 861
372 464 395
531 817 817
662 974 662
78 678 815
266 486 266
150 520 520
780 941 941
14 45 897
414 982 679
592 741 527
699 871 699
545 613 613
212 835 500
36 941 941
463 661 757
47 382 871
97 486 1021
136 840 806
258 493 893
11 385 502
843 1002 410
337 847 773
132 450 517
77 625 928
179 1021 1021
361 884 430
262 868 868
825 897 897
114 224 114
30 453 30
58 684 304
17 354 773
32 582 32
312 557 312
194 258 553
703 874 874
229 494 373
487 552 887
115 522 121
1 119 1
175 698 221
14 122 122
698 1012 698
599 691 691
2 930 30
471 941 941
555 787 681
312 692 312
30 939 30
762 919 919
515 551 553
571 707 553
403 817 403
153 300 378
329 1017 874
82 730 730
62 89 62
288 383 747
183 892 391
148 554 871
137 861 154
125 740 777
870 893 190
644 776 1013
40 1013 1013
46 523 523
672 785 672
683 916 671
802 928 806
6 534 169
91 998 632
382 578 871
12 464 541
22 785 136
72 488 903
592 1008 960
480 509 236
21 474 474
261 574 961
89 131 218
134 747 747
373 769 373
268 586 992
667 866 866
623 735 623
107 992 992
3 203 121
19 413 978
755 903 903
146 264 187
94 817 500
65 823 556
545 794 792
441 592 441
50 486 172
998 1010 524
257 747 330
690 967 520
747 752 747
363 473 445
507 605 410
715 874 874
469 880 880
314 415 632
93 422 422
317 817 817
152 453 152
540 555 540
145 820 1
187 325 187
416 709 1013
907 913 873
636 641 517
793 801 446
76 602 844
296 834 834
639 931 1021
505 918 980
512 937 907
333 732 907
479 564 136
122 188 122
555 583 681
552 875 934
445 457 445
194 401 699
989 1021 1021
66 176 887
232 897 897
39 784 221
470 932 390
433 924 1020
27 493 995
609 1015 540
748 768 919
122 898 122
478 508 995
528 551 639
470 654 390
347 486 844
787 885 662
252 506 893
14 362 777
558 909 517
281 880 880
55 691 691
238 641 825
761 985 698
421 875 395
156 336 336
373 710 373
57 850 190
1 407 1
433 792 1020
364 390 390
28 103 114
265 419 121
82 191 728
404 588 726
897 1000 897
523 1010 523
477 715 445
95 261 961
601 790 1020
96 662 662
486 710 523
598 951 941
1 691 1
271 1020 1020
569 870 190
841 897 1
122 782 122
169 793 169
222 326 71
183 934 934
479 820 71
877 892 391
454 620 232
317 948 322
621 846 804
363 806 806
63 799 540
585 997 887
367 1023 367
166 708 556
141 709 141
343 866 866
709 740 740
76 990 436
579 999 36
132 918 517
333 999 36
161 699 699
239 518 518
260 903 903
24 560 978
31 937 907
135 747 747
693 886 693
10 459 330
587 726 122
482 934 934
121 872 121
87 826 46
225 255 785
196 928 431
225 431 785
100 172 172
152 370 152
278 657 747
902 961 961
678 994 537
79 436 436
527 817 527
436 1013 1013
299 529 529
3 405 3
351 908 660
390 1020 390
69 844 844
934 943 934
396 892 396
470 820 390
414 765 744
500 957 500
603 691 691
527 747 527
174 390 390
443 534 672
541 735 229
408 692 825
47 274 266
8 553 553
232 695 232
193 615 155
418 900 154
97 375 1021
59 964 1021
136 706 700
575 745 980
198 698 698
52 347 844
227 270 521
766 880 880
136 875 136
479 896 292
757 955 757
876 905 169
469 851 32
210 606 450
68 452 567
330 423 330
301 372 62
552 763 868
167 318 312
386 623 623
608 794 868
350 685 941
388 948 221
218 998 218
158 238 806
59 370 679
267 902 529
529 682 529
405 409 951
137 901 436
219 390 390
760 1012 992
19 250 890
15 840 806
674 961 961
252 468 740
259 922 529
278 542 396
405 638 529
716 951 951
117 872 392
426 1001 871
301 456 367
5 117 392
634 824 169
672 714 672
444 486 744
31 100 157
395 413 395
370 825 825
824 938 172
951 985 951
395 1022 773
403 875 403
410 430 410
789 923 682
872 887 887
662 1020 1020
420 791 737
380 796 919
138 488 903
696 966 890
187 756 187
152 922 152
219 952 521
108 510 828
71 152 152
736 940 169
443 806 806
28 386 136
788 997 682
242 565 172
82 824 172
163 512 367
273 749 660
71 227 71
70 359 330
520 694 520
119 1017 312
11 177 861
349 753 854
1 201 1
121 187 187
243 910 152
245 527 527
200 612 46
359 997 330
463 647 757
436 649 436
572 957 266
664 667 700
121 518 121
221 445 445
131 698 698
298 887 887
677 964 1021
672 843 672
336 948 322
486 615 155
726 1010 726
729 801 157
682 706 682
136 926 136
486 780 450
531 614 436
40 70 511
7 398 7
201 218 218
631 663 740
412 565 155
486 860 788
119 564 136
24 647 717
902 981 446
730 871 871
306 908 440
599 845 567
178 763 868
554 613 613
226 234 32
110 736 825
735 784 229
605 902 523
75 709 700
155 967 155
296 648 541
289 993 1021
192 553 693
680 1020 1020
934 1020 1020
249 576 187
33 70 502
354 825 773
319 949 310
113 724 122
40 255 511
392 766 699
793 835 446
317 753 322
411 413 831
69 94 500
123 346 236
38 555 681
524 728 728
122 506 122
895 949 310
403 668 403
377 616 613
839 976 254
21 874 874
77 482 693
40 590 511
471 632 310
509 526 767
106 624 992
60 145 1
252 670 391
659 873 873
323 966 978
214 371 292
136 268 136
443 476 834
390 829 390
69 426 871
844 913 844
80 350 767
142 390 390
413 845 978
578 834 834
258 891 815
143 199 806
234 823 32
744 828 828
672 787 672
622 662 662
407 540 540
684 998 632
747 958 747
472 864 169
503 981 446
357 831 150
153 398 578
231 686 152
360 842 866
711 853 831
352 1005 691
300 788 788
483 622 691
308 624 672
468 482 693
710 850 523
625 840 806
630 809 236
237 407 660
71 749 660
76 78 815
789 842 391
902 950 373
37 447 403
393 941 941
72 995 32
155 780 155
60 374 681
249 1017 187
92 670 391
102 956 868
2 645 934
61 492 154
184 738 874
177 821 80
431 621 431
510 889 828
306 1001 785
49 298 141
366 592 972
490 796 934
422 715 445
95 204 535
10 496 740
118 751 632
234 442 32
226 501 445
36 153 36
361 902 523
18 303 395
2 395 395
169 585 169
131 394 218
110 135 367
691 981 691
579 955 7
72 426 32
74 614 436
103 886 114
1 286 1
861 975 783
390 981 390
945 974 210
662 992 662
780 960 450
306 921 679
200 527 527
714 935 914
526 997 682
240 427 392
284 361 430
143 355 914
495 800 941
347 526 844
415 453 567
218 339 218
637 670 961
534 662 662
93 945 726
168 587 122
695 1018 436
494 689 373
11 981 446
566 790 1020
11 870 190
188 496 188
792 941 941
193 310 310
31 573 914
234 616 32
817 993 817
575 638 529
933 1016 172
554 865 834
176 179 887
362 640 777
98 806 903
156 993 1021
418 893 893
122 957 122
516 898 322
305 676 30
423 820 996
15 391 391
218 542 218
123 234 32
9 328 961
831 850 831
477 762 336
260 702 825
82 573 767
436 661 436
743 1002 671
5 753 395
189 273 660
398 888 757
205 974 210
436 683 436
421 848 266
480 940 169
468 834 834
135 865 834
692 757 757
339 573 914
91 219 521
608 653 868
131 583 681
44 1013 1013
524 694 699
162 880 880
684 809 236
366 992 992
38 801 851
268 562 304
137 730 730
631 747 747
88 659 871
27 1013 1013
602 988 844
136 558 517
362 868 868
112 686 152
486 534 672
391 759 391
373 698 698
291 603 728
342 773 773
311 860 788
621 740 740
4 670 392
796 898 716
405 486 807
192 268 693
149 1024 114
101 184 874
70 275 859
485 925 330
774 805 127
110 489 698
860 938 788
154 866 866
620 895 232
222 989 682
120 409 817
18 967 520
339 1008 960
475 622 681
399 771 431
541 633 541
319 431 310
423 916 671
718 954 155
745 749 980
528 580 807
127 489 698
759 893 928
547 678 236
383 623 747
208 560 518
491 1011 500
183 512 417
180 414 744
125 982 679
114 141 114
308 364 672
311 440 788
94 896 500
287 627 1
76 534 672
324 342 992
990 992 436
220 1016 613
249 444 187
678 780 450
109 837 445
123 557 578
92 514 152
567 952 567
110 998 632
915 979 7
275 709 322
108 308 672
670 809 391
13 60 541
394 942 7
273 913 660
156 294 556
30 314 30
255 806 806
122 620 122
114 572 114
252 940 169
154 844 844
486 605 605
150 230 713
266 282 266
134 1016 172
24 350 767
747 837 445
600 863 730
390 636 390
35 142 662
405 653 672
186 992 121
665 874 874
336 841 1
741 892 527
193 588 726
586 966 992
156 214 188
147 792 792
190 862 524
974 1014 210
433 486 1020
271 516 417
239 627 1
26 658 32
526 775 7
187 1013 187
180 903 903
540 688 540
489 712 698
705 890 436
429 800 744
266 636 266
202 623 623
527 895 527
78 893 815
70 372 62
723 971 660
21 1023 605
353 546 693
90 480 792
41 878 844
409 689 951
530 899 941
382 474 474
825 941 941
837 874 874
156 672 672
29 611 806
260 537 537
421 735 229
275 743 671
308 617 672
343 583 681
723 733 951
452 772 941
274 382 266
289 389 773
71 884 71
334 540 540
679 827 679
56 311 430
280 737 838
77 725 122
249 452 187
310 486 310
676 858 30
141 580 141
104 570 873
256 399 8
445 719 445
373 887 887
11 421 716
27 403 403
513 550 8
49 164 141
10 477 740
540 749 540
385 642 613
62 544 62
410 471 310
700 855 700
97 799 540
728 909 671
118 696 417
204 696 890
825 961 961
205 986 717
702 803 825
585 841 1
460 878 422
543 664 880
179 682 373
373 984 373
58 710 523
241 618 728
799 811 540
295 681 681
150 352 623
276 623 623
37 919 919
478 992 992
169 947 169
619 928 310
946 953 520
375 930 30
858 860 30
480 603 851
625 741 527
138 757 757
272 592 854
269 403 961
504 799 540
155 447 155
520 861 520
501 979 445
64 1018 728
17 146 187
762 937 336
391 850 190
153 952 521
566 609 992
590 623 623
292 998 632
286 321 431
866 930 866
263 351 660
121 129 121
560 942 7
830 902 757
148 684 871
109 179 995
319 877 310
387 1021 1021
36 870 36
512 598 941
81 573 441
268 660 660
556 699 699
363 559 970
254 670 254
213 292 395
468 845 740
498 920 1
292 1005 691
71 117 392
144 648 980
323 720 747
592 938 854
420 654 390
392 426 392
11 292 292
225 387 785
616 722 934
777 830 777
8 317 8
8 903 903
136 800 136
665 880 880
507 701 410
110 831 831
651 681 681
634 868 868
193 207 150
764 773 773
438 562 410
645 831 934
716 821 80
22 210 136
97 329 874
451 518 518
114 497 114
415 497 1020
37 791 767
156 392 392
956 994 537
486 668 441
38 726 726
788 979 157
94 744 500
290 623 623
208 574 961
679 759 679
5 166 395
104 1004 873
483 873 410
287 505 980
346 781 851
403 905 403
667 822 1020
91 721 521
212 1011 500
364 995 995
145 332 1
156 736 825
733 867 80
155 473 155
660 919 919
1 837 1
187 230 187
37 82 767
394 897 897
374 813 681
674 831 831
721 908 157
605 912 523
357 908 150
128 278 871
294 723 556
302 384 828
339 914 914
426 946 520
30 639 30
554 570 62
50 258 172
822 964 1020
289 966 3
640 810 338
329 416 874
30 791 30
192 199 693
397 436 436
367 943 159
8 1013 1013
563 696 713
18 955 7
137 494 373
600 891 36
673 961 961
9 121 121
620 897 897
681 848 266
463 600 757
403 498 1
37 422 422
236 630 236
266 415 266
63 894 730
773 783 773
515 699 699
637 898 961
673 819 155
166 333 893
668 742 441
76 292 537
256 486 8
839 1020 1020
173 613 141
246 828 828
350 764 767
682 1013 1013
426 489 698
193 318 807
38 136 136
824 998 172
249 941 941
234 445 445
65 693 693
229 298 229
260 296 541
137 154 154
28 486 502
632 977 441
254 677 254
920 970 970
81 262 221
450 556 556
31 966 127
92 156 188
421 736 825
544 1002 671
450 819 155
45 917 897
350 730 730
535 571 553
10 121 121
829 936 312
214 524 524
705 874 874
569 573 338
496 787 777
412 880 880
172 355 172
212 445 445
205 664 700
501 919 445
471 880 880
408 934 825
422 468 422
90 770 792
354 735 773
567 986 567
310 453 310
172 918 172
291 950 373
12 591 541
527 827 527
187 880 880
307 909 671
266 501 266
3 36 36
238 571 553
274 500 266
461 900 757
474 810 474
254 882 897
751 798 537
50 726 726
517 589 517
542 596 972
862 1010 524
557 604 831
244 774 222
310 917 897
198 965 159
234 529 32
290 722 934
782 893 928
792 981 792
203 744 121
163 302 838
142 957 662
106 301 992
451 601 844
624 632 80
358 963 1013
551 922 529
74 600 36
34 806 806
55 343 229
389 486 773
700 1003 747
683 926 996
638 984 529
125 802 806
95 795 836
197 221 500
195 948 396
324 691 691
711 986 717
877 893 222
95 406 188
193 552 934
231 319 310
415 443 834
110 951 951
203 522 121
496 901 436
672 1017 672
172 1009 172
351 702 825
115 948 136
720 746 747
87 451 210
373 621 373
727 980 980
110 871 871
644 773 1013
284 461 757
516 893 893
180 999 36
541 951 541
181 811 744
396 598 941
128 659 871
102 155 155
122 204 122
427 890 392
773 806 773
100 553 553
17 605 972
410 480 410
726 773 773
259 621 529
310 596 310
287 847 970
49 472 141
693 828 828
459 555 330
580 887 887
95 835 535
460 978 422
436 692 436
231 639 524
410 989 682
32 256 32
336 344 336
203 276 121
592 753 854
240 536 672
360 752 817
474 825 825
316 937 546
255 317 785
313 474 474
654 885 390
519 881 693
2 30 30
306 863 730
141 287 970
567 948 322
555 831 681
434 513 8
486 656 390
135 467 698
237 461 660
394 396 396
214 340 527
38 385 502
42 210 868
556 858 556
122 461 122
168 434 441
22 727 474
414 444 744
527 752 527
449 973 390
120 437 817
492 673 919
100 937 157
265 755 817
100 1023 546
28 806 806
218 647 218
50 872 392
518 996 518
544 930 30
567 709 322
731 825 825
199 332 792
759 928 928
135 937 367
301 863 730
671 785 785
51 379 188
275 856 187
25 578 578
89 406 188
82 303 395
236 871 871
445 551 445
361 532 430
665 933 874
456 540 540
118 635 662
362 921 679
48 540 540
114 458 880
132 337 773
538 941 941
390 671 390
346 395 395
592 755 873
730 850 730
660 806 806
500 929 500
740 1009 740
261 705 436
826 845 46
71 502 502
128 386 871
484 1024 114
615 869 155
172 571 553
404 660 660
281 518 373
376 585 122
101 465 960
244 462 873
614 762 436
961 990 436
10 147 396
223 527 527
767 918 36
623 666 623
159 981 159
294 553 553
43 545 304
829 947 511
326 633 71
628 879 32
64 483 410
249 1009 187
378 952 521
168 357 150
322 892 322
395 806 806
197 663 500
217 224 866
41 226 844
373 847 373
879 953 520
216 982 679
165 363 970
231 335 996
62 677 62
27 1010 995
528 998 632
608 934 868
353 934 934
371 983 292
704 854 854
1 186 1
429 577 254
216 486 312
121 486 121
543 988 880
269 668 961
290 937 907
445 486 445
166 283 391
95 881 693
427 693 693
436 995 436
641 835 825
529 1011 500
502 733 502
282 521 159
104 553 553
443 909 834
557 842 391
360 366 972
181 478 995
486 958 713
379 467 698
919 993 1021
144 982 980
136 553 553
241 431 431
506 943 159
392 454 232
39 455 527
27 887 887
486 777 777
528 721 528
628 744 32
397 462 682
25 177 417
458 628 880
342 615 155
395 480 395
373 1020 1020
89 861 188
279 486 726
333 866 866
533 732 907
719 899 866
148 845 871
66 860 887
272 933 783
496 946 520
486 1015 540
662 699 662
574 845 961
238 803 726
462 866 866
83 471 310
71 544 71
254 564 254
280 537 838
168 631 740
381 629 716
13 1021 1021
214 626 266
116 961 961
524 825 825
367 683 716
293 470 390
221 418 221
220 693 693
323 978 978
53 757 410
465 573 960
7 165 7
47 309 737
904 983 662
741 765 527
571 601 844
240 612 851
153 633 528
256 543 880
813 886 3
121 492 121
620 766 232
19 32 32
206 903 903
588 941 941
498 629 1
393 934 934
615 819 155
838 1004 838
121 465 121
590 945 737
232 700 232
548 600 403
672 702 825
454 874 874
372 933 62
554 875 395
78 141 141
248 610 524
247 393 699
391 746 446
959 999 951
319 609 992
162 974 698
813 937 3
81 962 730
403 859 403
549 901 436
450 541 541
425 773 773
562 885 662
777 810 777
116 677 500
936 1020 1020
512 908 907
4 616 392
359 808 330
338 372 62
122 529 122
15 452 190
663 894 740
239 424 440
155 182 155
447 662 662
80 768 919
102 107 868
177 239 861
248 454 232
75 391 700
295 782 928
540 829 540
58 680 520
1 473 1
103 155 114
540 806 540
693 781 693
397 608 868
468 650 682
19 617 229
406 729 188
272 928 928
187 807 187
26 691 691
249 537 187
578 820 578
215 517 517
321 486 859
221 1021 221
289 947 511
278 349 537
38 718 834
100 691 691
232 414 232
66 964 887
807 1020 1020
411 867 80
457 518 518
390 828 390
736 1006 825
507 523 410
730 740 740
221 559 221
220 382 871
410 688 155
273 970 970
422 709 422
29 486 806
107 344 914
308 539 698
153 547 378
64 740 740
224 460 541
273 892 660
709 819 155
474 972 972
740 917 897
445 699 445
232 648 232
533 721 157
263 777 777
488 897 897
647 711 378
422 728 422
517 982 517
168 512 441
302 877 838
510 639 828
327 803 403
273 363 970
390 423 390
36 1013 1013
878 890 422
241 978 804
45 593 897
71 141 141
120 290 817
78 862 815
866 1012 866
517 543 880
737 893 737
810 947 511
63 953 520
4 817 817
683 974 210
48 269 961
469 639 32
194 835 553
517 640 517
337 1022 773
232 934 232
179 195 373
247 274 266
229 838 838
351 817 817
524 763 868
175 370 221
631 777 777
200 915 7
141 631 141
13 26 32
294 576 556
19 704 127
203 532 121
325 887 887
487 612 887
113 122 122
214 975 783
310 908 310
815 842 815
453 889 700
158 419 121
75 740 700
42 972 868
86 874 874
255 625 785
697 985 605
218 768 218
119 708 556
99 880 880
486 1008 960
228 328 152
337 882 897
728 992 992
655 794 792
32 509 32
625 759 928
418 556 556
122 693 122
16 819 155
429 557 80
486 871 871
396 1001 785
155 1024 114
300 1010 524
153 785 785
124 795 836
274 1013 1013
401 703 699
436 992 436
377 823 613
789 891 815
39 339 221
212 465 500
661 729 788
238 897 897
45 795 897
179 281 373
734 821 218
514 910 152
133 865 834
590 836 737
170 222 511
450 957 529
176 861 887
154 714 154
679 787 679
426 604 871
718 844 844
468 682 682
545 1016 172
601 843 844
558 941 941
205 522 121
536 740 672
874 983 874
10 645 934
266 662 662
48 912 523
158 1010 806
796 1007 691
93 952 726
1 615 1
472 679 679
382 862 871
364 602 844
530 876 941
402 425 546
506 960 960
108 556 556
177 189 783
124 500 500
339 910 152
597 1019 445
518 528 518
182 846 446
224 1013 1013
150 578 150
995 1010 995
24 415 632
617 874 874
671 884 671
499 696 450
373 722 934
344 742 441
463 898 757
638 947 529
18 747 747
285 323 792
145 520 1
658 743 671
471 748 310
83 210 310
845 886 3
344 813 3
799 907 540
5 867 395
252 713 713
147 401 699
537 655 450
116 868 868
19 90 792
129 927 903
625 873 873
681 699 681
540 987 540
486 841 1
169 982 169
282 759 159
71 826 71
181 717 836
459 777 330
304 898 304
189 557 578
497 593 1020
157 995 995
68 883 681
114 161 114
659 989 682
987 1020 1020
29 761 698
24 205 717
614 990 436
757 773 773
151 268 71
182 415 446
449 895 672
141 807 141
431 863 730
775 785 785
318 456 890
103 315 114
150 767 767
462 821 873
69 93 726
193 775 7
185 504 540
143 733 528
163 947 511
540 882 540
4 866 392
392 529 529
112 391 391
333 919 919
32 76 32
121 743 121
407 605 605
88 653 672
417 669 417
12 839 541
678 1019 623
234 745 32
137 377 613
241 856 187
145 627 1
311 810 430
229 666 229
419 880 880
218 738 218
323 444 744
413 784 229
884 893 3
122 961 122
92 465 960
806 934 934
155 704 155
202 980 980
785 902 785
339 434 222
696 979 890
4 419 121
17 134 972
547 565 172
108 951 726
98 187 187
344 509 292
241 370 679
415 698 698
124 547 378
415 446 446
231 507 410
424 767 767
437 777 777
271 289 3
367 448 699
432 486 815
242 523 172
74 338 338
56 737 737
448 830 699
118 1016 172
221 362 221
112 296 541
326 884 71
77 983 928
250 958 713
224 718 834
233 590 737
51 953 520
404 421 150
682 801 682
282 832 159
2 722 934
40 474 511
441 517 517
384 944 828
262 616 221
758 784 229
558 644 1013
281 486 373
483 599 410
122 144 122
341 526 767
617 735 229
17 689 972
195 868 868
160 862 304
494 562 373
781 909 671
717 781 851
540 662 540
12 74 541
707 963 1013
21 653 672
806 1019 806
20 527 527
255 660 660
208 1013 1013
730 825 825
17 286 972
162 306 698
82 696 767
393 1009 150
486 873 873
463 1017 312
220 954 155
82 441 767
141 995 995
552 987 874
574 662 662
31 623 623
741 755 527
49 173 141
330 540 540
712 713 838
509 532 292
31 547 378
305 775 30
16 1011 500
322 424 322
11 441 441
156 244 188
262 310 310
150 732 150
201 681 681
393 999 36
31 422 422
27 299 995
658 994 537
332 1020 1020
540 963 540
207 931 1021
38 496 851
607 971 518
671 952 671
11 408 825
500 705 436
74 866 866
557 705 436
113 187 187
155 407 155
118 330 330
37 927 767
8 50 8
811 859 744
426 814 403
19 242 172
78 396 396
156 431 431
930 935 30
1 91 1
253 375 747
119 791 367
244 932 222
486 1024 114
381 415 716
147 618 396
480 1022 773
302 657 747
232 302 232
139 251 897
644 961 1013
664 699 699
10 392 392
20 158 806
137 339 154
94 197 500
352 642 623
197 230 500
561 811 229
144 844 844
486 1017 312
14 32 32
381 435 880
486 947 511
198 359 330
438 483 410
198 786 817
600 782 36
617 1020 1020
329 807 874
21 190 605
509 989 682
480 972 972
532 854 717
167 478 995
821 907 80
783 828 828
137 635 662
527 540 540
23 681 681
599 616 613
133 138 391
100 697 605
534 707 672
431 639 431
241 966 804
436 506 436
699 915 699
204 655 450
565 1009 172
39 404 221
15 407 767
191 964 1021
218 607 518
436 947 436
229 1023 229
391 641 825
9 160 961
601 905 844
92 709 322
449 492 919
31 172 172
771 962 730
272 625 914
517 778 517
445 546 445
822 921 1020
187 963 187
513 541 541
11 119 533
166 339 893
181 996 996
217 970 970
832 992 992
97 699 699
132 283 517
77 801 928
74 578 578
244 739 995
919 973 390
189 392 392
397 923 682
497 790 1020
553 718 553
581 916 880
698 921 698
58 658 304
330 601 844
172 583 681
114 167 114
473 730 445
380 567 919
163 307 578
677 733 336
526 955 7
155 187 155
27 811 995
169 628 169
281 825 825
486 800 744
392 933 392
386 609 992
93 248 726
67 374 681
295 429 80
520 602 520
191 836 728
112 804 804
815 919 919
119 226 838
401 687 330
345 914 825
114 322 114
874 963 874
637 1013 1013
575 1009 980
533 856 187
123 432 815
547 861 378
122 663 122
135 629 716
956 1008 960
48 958 713
668 833 122
179 285 792
106 273 992
385 709 322
426 860 871
327 919 403
753 953 520
363 520 520
874 916 874
343 355 150
150 761 698
127 730 730
54 630 960
5 379 395
6 298 169
155 662 155
896 952 521
88 866 866
13 520 520
334 419 121
136 361 136
233 416 1013
127 554 836
424 744 744
190 391 190
163 1011 500
582 666 430
334 381 834
261 1023 961
19 31 154
339 893 893
466 1016 172
20 505 980
206 439 114
66 487 887
250 643 540
519 733 556
513 1015 540
493 636 517
698 964 1021
119 979 157
307 880 880
744 1018 728
565 574 961
701 785 785
499 520 520
18 501 445
8 621 8
542 551 396
141 805 141
462 563 873
486 626 266
262 297 221
729 999 36
121 144 121
843 993 1021
623 948 623
698 858 698
8 403 403
728 756 679
420 423 996
677 710 523
775 880 880
444 663 740
160 572 266
164 423 141
32 53 32
314 998 632
108 502 726
99 904 662
157 651 995
108 538 844
859 871 871
289 886 3
126 742 868
216 272 312
122 418 122
579 897 897
539 637 961
326 860 71
172 392 392
441 572 266
387 429 785
172 509 172
69 732 907
828 901 828
486 528 528
875 887 887
57 549 960
706 998 700
631 792 792
459 784 330
376 897 897
341 807 304
941 952 941
797 921 679
69 707 928
262 844 844
732 956 960
211 608 868
164 232 232
39 596 221
282 755 873
270 819 155
747 879 747
190 1021 1021
168 625 441
116 141 500
503 516 567
26 874 874
932 1002 671
801 951 951
344 817 817
275 765 440
527 941 941
201 811 744
269 624 961
675 806 806
385 1004 450
857 980 980
52 483 517
568 595 828
290 549 783
405 574 961
347 373 844
124 691 691
88 144 980
76 286 431
212 786 500
19 865 834
280 1000 1013
714 835 535
422 903 903
610 1021 1021
120 754 874
658 1023 632
296 660 660
473 920 445
486 658 632
486 914 914
328 951 152
459 539 330
218 814 403
384 486 828
577 799 540
412 802 155
263 366 972
234 486 32
364 955 623
194 742 553
193 229 229
313 684 7
513 834 834
129 420 903
661 671 671
434 855 71
229 984 229
30 343 30
292 553 553
21 875 395
150 955 7
89 224 541
903 925 903
29 576 806
117 961 961
91 600 36
595 884 403
773 944 773
187 484 187
507 569 410
532 696 717
251 959 897
237 390 390
53 992 992
323 1018 728
149 415 804
366 875 972
2 169 169
359 897 897
252 728 728
154 286 431
609 906 232
653 888 672
682 874 874
371 508 713
384 941 941
334 672 672
333 967 520
105 1010 1013
5 392 392
218 554 218
166 553 553
471 500 310
366 914 972
468 582 740
238 361 737
825 935 825
305 393 30
281 808 373
604 996 996
198 709 159
98 485 903
461 871 757
97 600 1021
57 451 210
239 481 828
136 951 136
284 528 528
664 698 698
65 829 556
204 275 440
679 852 553
22 868 868
15 41 844
626 1011 266
310 585 310
635 640 662
43 361 430
699 923 699
491 592 691
579 803 726
54 180 36
443 619 310
353 897 897
437 441 441
717 919 919
549 672 672
322 660 660
135 996 996
446 832 446
111 279 210
226 830 838
182 668 446
431 903 903
476 903 903
851 927 338
225 286 785
447 486 403
737 821 80
309 726 726
507 629 410
293 530 941
660 817 817
594 892 792
39 648 221
673 821 919
845 961 961
250 486 890
282 506 159
275 423 996
971 1020 1020
282 680 520
26 678 32
119 621 804
190 800 744
114 976 114
85 146 187
295 986 717
184 803 874
270 339 154
420 838 838
141 155 155
453 528 567
254 958 254
388 625 221
531 903 903
24 854 717
189 503 567
439 531 114
406 748 188
313 942 7
94 378 500
56 73 713
146 784 187
541 723 541
450 748 450
406 469 32
475 486 681
540 1024 540
280 606 838
183 785 785
427 527 527
681 883 681
121 965 121
486 679 679
553 956 553
152 720 152
15 782 62
317 567 322
867 966 80
519 648 556
128 672 672
114 851 114
81 841 1
224 463 757
41 299 844
23 689 817
494 949 310
212 733 500
254 1010 254
30 904 662
246 857 474
203 419 121
815 981 446
216 444 312
451 1014 210
489 761 698
416 880 880
18 550 502
54 862 524
313 893 7
949 1022 773
148 426 871
801 998 632
236 450 450
287 775 970
266 317 266
121 471 121
115 800 136
164 613 141
582 749 660
279 987 874
193 425 807
223 1019 623
375 690 254
65 519 556
316 861 546
165 852 553
612 958 713
946 991 520
639 1012 639
10 631 740
69 255 785
137 512 154
152 739 152
699 713 699
501 638 445
785 821 785
905 974 210
187 354 187
169 491 169
662 751 662
440 954 155
586 609 992
424 604 831
563 932 713
479 925 431
895 915 672
630 921 679
765 802 806
283 503 567
248 526 767
844 1001 844
150 501 445
216 943 312
58 979 304
187 854 187
59 681 681
140 298 671
347 961 961
270 871 871
40 134 511
191 291 728
494 1020 1020
287 980 980
552 773 773
740 996 740
542 696 396
287 556 970
31 486 11
578 835 578
880 987 880
358 725 122
177 208 518
54 69 528
367 394 367
155 608 155
412 808 155
233 760 992
430 883 681
565 945 172
200 541 541
350 700 700
697 733 605
102 773 773
163 551 367
546 905 222
373 809 373
102 540 540
77 813 928
101 863 730
213 750 527
227 590 737
322 861 322
602 992 992
121 795 121
268 851 851
120 917 897
57 547 960
535 739 995
311 316 546
647 833 122
114 152 114
510 685 941
54 830 757
446 477 446
262 880 880
374 662 662
816 851 851
1 540 1
457 656 390
134 877 730
392 518 518
454 885 662
94 833 122
294 538 844
117 431 392
448 970 699
480 678 236
417 734 218
143 606 450
418 859 859
255 600 785
250 754 874
163 835 367
444 671 671
686 868 868
836 869 737
520 955 520
317 712 838
214 890 783
496 835 535
54 639 639
651 1021 995
285 671 792
486 996 996
496 1020 1020
122 542 122
87 312 312
321 550 859
477 999 36
326 820 71
462 977 873
290 1021 1021
251 670 897
652 723 121
60 342 992
453 970 970
444 831 744
125 445 445
193 894 730
425 544 807
147 390 390
274 632 266
9 337 773
320 1013 1013
513 565 8
517 677 517
650 682 682
76 639 537
680 919 520
42 248 868
358 437 919
408 473 445
652 892 121
252 710 523
19 372 62
570 603 62
56 546 430
757 951 757
229 1003 747
537 781 537
458 676 880
323 460 422
723 807 951
354 413 773
496 845 46
330 609 992
310 564 310
445 676 445
798 855 537
89 509 188
246 867 474
809 913 873
85 867 187
346 611 523
447 773 773
357 480 150
460 937 422
628 705 436
207 988 210
362 576 556
550 595 403
55 561 229
387 524 785
880 1003 880
330 336 330
395 404 395
114 433 114
372 728 728
57 696 960
762 893 336
450 543 880
86 369 518
107 984 914
48 894 730
344 433 1020
240 496 851
381 547 716
133 178 972
592 840 806
473 597 445
609 760 992
340 434 527
127 741 527
224 443 834
335 657 747
139 516 897
412 611 155
767 999 36
325 423 159
291 380 919
305 710 30
503 529 529
375 708 556
390 548 390
225 398 785
19 893 893
700 920 392
845 913 873
693 880 880
332 995 792
92 573 639
825 976 825
229 758 229
187 494 187
36 54 36
697 735 229
78 747 747
50 501 445
182 392 392
397 729 682
152 167 152
429 977 80
165 258 567
125 991 520
179 382 373
384 568 828
39 166 221
123 355 236
149 160 304
569 640 338
53 860 410
122 976 122
187 212 187
390 839 390
255 440 785
149 401 699
114 954 114
360 778 866
326 956 960
549 553 553
571 835 553
703 777 777
103 828 114
397 748 682
205 493 893
160 787 777
295 796 716
335 995 995
122 924 122
226 1020 1020
177 570 62
198 282 159
5 425 395
942 1022 773
49 243 934
42 1023 868
61 486 154
346 617 229
432 466 815
143 576 556
368 577 254
479 610 292
548 595 403
540 648 540
640 959 951
690 784 229
41 176 844
510 931 828
174 210 187
460 735 229
102 490 868
74 805 893
343 456 150
529 926 529
272 659 871
254 652 121
227 550 521
148 766 699
514 882 897
27 367 995
42 808 868
538 676 844
167 596 972
684 942 7
334 847 970
486 547 378
711 1012 378
837 961 961
109 283 995
821 842 80
253 683 747
442 768 919
227 502 502
155 665 155
118 150 150
115 404 136
233 834 834
95 190 190
288 474 474
533 875 395
231 629 524
198 288 834
32 303 32
275 844 844
340 662 662
329 992 874
914 1022 773
15 232 232
6 643 540
392 519 556
228 253 747
381 796 716
187 578 187
486 706 700
542 844 844
486 799 540
1 620 1
705 732 436
776 840 806
443 512 834
140 468 740
245 423 996
10 635 662
336 423 996
351 400 660
829 952 312
773 826 773
326 708 556
115 348 903
383 428 747
760 958 992
84 405 511
317 700 700
691 929 691
376 637 122
546 598 941
444 844 844
725 806 122
652 662 121
645 867 934
50 1020 1020
210 755 873
241 979 804
386 804 136
165 737 567
82 469 32
563 875 395
437 903 903
108 153 726
63 166 730
322 392 392
69 122 122
218 310 310
339 574 961
231 874 874
188 759 928
270 741 527
257 588 330
782 862 524
727 897 897
159 898 159
232 620 232
191 980 980
200 718 834
364 983 623
417 863 730
695 870 436
873 970 970
638 934 934
460 591 422
7 1020 1020
131 268 218
860 979 157
133 817 817
638 662 662
511 956 511
187 844 187
445 694 445
624 972 972
355 789 367
92 618 728
383 392 747
660 871 660
486 633 528
523 677 523
490 1021 1021
778 832 866
297 841 1
284 329 874
313 870 7
41 586 992
503 538 844
260 339 336
95 1014 210
367 797 978
449 934 934
611 625 523
48 290 851
536 895 672
406 791 188
163 583 681
155 461 155
321 669 639
895 973 390
592 932 3
59 800 679
486 693 693
225 909 785
196 952 431
439 844 114
193 479 807
872 938 392
83 576 310
340 576 527
147 542 396
32 216 32
397 533 682
80 935 80
338 399 62
323 1020 1020
540 954 540
80 550 80
1 625 1
747 789 747
709 803 726
450 771 450
249 798 187
517 529 517
654 973 390
51 338 338
674 940 169
375 391 254
974 1024 114
260 615 155
175 752 221
264 399 518
32 469 32
589 783 190
476 910 152
640 874 874
275 911 373
94 562 500
442 900 578
70 821 80
699 730 699
442 867 80
976 985 831
280 823 838
187 837 187
21 47 605
592 869 737
54 486 528
221 884 221
216 743 312
778 995 995
500 648 500
71 281 373
78 517 517
741 773 773
39 118 221
132 324 517
591 688 155
83 619 310
143 900 154
55 414 229
314 605 605
75 820 700
281 844 844
431 832 431
172 372 172
810 928 928
623 857 623
592 1016 172
40 389 773
535 862 524
77 816 928
22 528 136
398 971 660
271 984 859
735 825 825
8 523 8
424 605 605
383 673 747
299 339 951
403 779 403
457 888 757
604 646 838
550 946 520
6 748 169
803 1005 691
492 860 788
716 850 716
121 608 121
31 506 893
82 723 951
193 390 390
755 810 873
107 958 713
114 330 114
284 295 861
436 507 436
123 611 523
104 988 873
300 597 445
68 121 121
37 454 232
155 989 155
661 743 671
195 492 396
526 689 523
88 788 861
733 986 717
629 842 716
41 187 187
540 1015 540
1 498 1
349 736 825
510 877 828
1 293 1
481 662 662
134 294 556
637 829 961
427 806 806
193 828 828
169 648 169
481 638 828
300 661 788
905 938 222
629 951 951
594 702 792
167 555 681
838 932 838
613 806 806
731 1019 553
34 189 474
700 755 873
452 568 828
335 740 740
330 846 330
631 987 874
313 636 517
187 513 187
550 757 757
202 591 422
6 772 941
240 781 851
127 961 961
262 362 221
152 586 992
152 865 152
52 670 517
741 856 187
653 793 672
947 965 511
834 992 992
246 518 518
573 983 914
384 510 828
220 915 613
605 638 529
249 985 187
362 540 540
664 1007 691
168 691 691
200 486 127
68 850 567
120 971 817
44 626 266
147 1021 1021
416 762 1013
4 808 392
627 807 1
149 397 682
113 376 122
121 541 121
283 441 441
152 502 152
309 445 445
664 897 897
343 486 150
300 941 941
457 825 825
96 870 527
318 916 671
323 780 450
69 91 521
145 272 1
129 423 903
789 1014 210
486 680 520
322 895 672
827 1010 524
106 330 992
157 738 777
152 527 527
532 753 717
368 389 773
478 730 995
127 660 660
259 607 529
553 892 553
436 856 187
288 920 392
498 793 1
746 970 970
929 968 517
170 1016 511
333 798 537
458 1008 880
445 897 897
55 978 229
741 783 527
124 194 553
278 434 537
282 531 159
155 392 155
256 712 838
560 746 446
30 737 30
784 1020 1020
154 707 928
168 578 441
25 671 671
235 796 773
202 360 866
536 653 672
396 499 396
520 971 520
516 984 417
499 970 970
4 523 392
77 290 928
188 672 672
20 587 122
163 229 229
218 560 218
329 406 874
309 687 330
274 941 941
50 758 996
108 777 777
76 288 834
838 942 838
415 562 304
291 773 773
760 794 992
860 993 1021
70 608 868
40 837 445
229 466 229
417 463 757
108 1000 1013
388 827 221
521 777 777
583 957 681
457 662 662
395 771 395
311 512 907
390 874 390
208 553 518
18 154 502
203 662 121
84 835 511
274 821 266
208 607 518
314 455 527
337 903 773
396 730 396
164 1010 141
22 553 553
573 747 747
568 625 828
89 854 188
12 227 541
1 494 1
375 872 392
830 888 757
140 763 868
379 764 188
1 852 1
529 663 529
944 1024 114
85 981 187
535 861 861
885 945 662
179 282 373
800 846 744
446 690 254
114 949 114
108 834 834
278 976 831
419 938 121
1 645 1
278 658 537
438 985 410
407 518 518
273 510 828
455 868 527
45 214 897
379 845 188
209 403 403
37 287 970
37 778 866
100 138 639
80 238 80
504 889 540
290 402 546
486 950 373
310 1009 310
168 742 441
114 888 114
728 919 919
538 1014 844
168 220 613
415 711 632
592 664 700
121 221 121
187 711 187
629 851 716
175 995 221
169 837 169
28 542 396
630 675 474
366 672 672
557 564 136
220 931 1021
64 358 919
707 937 928
576 970 970
817 968 517
571 703 553
173 287 970
221 892 221
320 620 232
309 577 254
169 672 169
223 348 903
187 819 155
432 527 527
138 354 773
390 702 390
42 152 868
476 549 336
343 893 150
57 404 150
299 300 951
378 608 868
538 601 844
955 988 210
74 258 893
807 819 155
115 693 693
252 462 873
85 891 187
647 914 914
141 797 141
99 196 662
169 471 169
30 406 30
619 1013 1013
914 930 30
123 517 517
979 994 537
422 486 422
274 780 266
517 968 517
416 644 1013
758 885 662
34 279 474
76 683 716
114 171 114
34 675 474
382 721 871
388 412 155
161 449 972
85 486 187
568 666 828
213 721 395
436 601 436
537 806 806
181 479 292
232 864 232
2 89 188
277 551 422
143 346 893
240 347 844
527 619 527
22 171 693
114 347 114
620 1000 1013
71 261 961
509 625 292
722 817 817
757 806 806
386 581 880
204 698 698
25 181 417
691 794 792
266 529 266
494 566 373
71 399 62
14 626 266
308 887 887
247 486 699
318 696 890
880 902 880
116 954 155
106 784 992
282 805 159
78 646 838
818 964 1
19 445 445
260 815 815
741 974 527
119 966 127
666 673 919
462 924 828
96 941 941
95 690 254
607 773 773
51 559 970
438 487 887
187 308 187
744 782 744
660 827 660
199 777 806
129 870 903
149 718 834
165 486 567
638 820 529
442 983 578
436 673 436
168 1013 1013
355 524 524
194 680 520
667 882 897
309 556 556
875 1010 395
107 916 671
657 871 747
390 773 390
312 724 1021
311 733 861
255 511 511
249 872 187
145 973 1
220 792 792
210 743 210
333 486 907
639 833 122
98 232 903
349 895 672
184 987 874
486 689 523
29 309 806
276 813 8
987 1008 874
133 670 391
770 868 868
309 838 838
253 441 747
52 771 517
94 932 500
465 496 960
112 713 713
517 893 517
207 862 150
601 875 844
614 903 903
282 684 159
763 956 868
32 194 32
574 917 897
486 840 806
24 509 292
445 908 445
971 999 660
270 290 528
29 561 806
232 624 232
408 702 825
275 1020 1020
326 874 874
561 985 229
1 49 1
47 956 737
92 804 804
213 808 785
137 183 417
21 628 32
36 256 8
275 524 524
351 749 660
562 801 304
141 710 141
530 772 941
611 710 523
317 380 919
219 773 773
91 689 523
260 612 336
397 642 682
125 961 961
14 236 951
198 916 159
38 911 373
258 825 825
623 975 623
174 249 187
336 408 825
483 652 121
751 853 831
145 544 1
292 785 785
266 334 266
48 825 825
138 761 698
390 709 390
566 656 390
158 278 806
121 490 121
38 56 851
332 874 874
226 922 529
672 823 672
781 934 934
62 861 62
155 985 155
609 912 992
46 544 807
114 963 114
397 650 682
476 723 951
82 526 767
680 828 828
610 682 682
102 256 868
367 945 367
31 122 122
391 859 391
342 364 992
199 377 806
727 930 474
792 817 817
253 549 747
573 676 30
222 360 866
416 551 1013
75 312 312
187 954 155
296 427 392
118 1006 30
895 961 961
384 481 828
500 537 500
601 602 844
367 466 978
341 744 744
155 249 155
119 237 660
432 675 474
43 860 890
16 605 8
109 341 995
320 874 874
103 299 114
667 886 700
177 284 861
524 696 524
317 517 517
786 860 817
266 484 266
568 925 828
963 1000 1013
189 690 254
250 310 310
148 485 330
575 633 980
387 396 785
130 841 1
264 531 518
425 567 567
272 859 854
733 807 807
14 714 951
84 947 511
311 716 716
454 647 232
80 963 1013
391 845 391
399 556 556
191 1001 785
260 989 682
377 575 980
213 821 395
825 1007 691
804 857 605
116 237 500
291 521 728
118 222 222
280 354 773
193 983 807
33 367 502
233 273 660
382 706 700
88 563 713
630 945 960
67 875 777
124 666 430
162 436 436
155 956 155
49 464 141
400 848 266
840 901 436
28 356 511
92 157 639
552 695 436
245 541 541
904 922 662
630 667 700
29 934 934
283 1012 391
278 923 682
410 984 410
153 381 716
163 681 681
141 977 141
390 435 390
280 307 838
615 862 155
155 688 155
30 145 1
225 963 1013
755 866 866
484 841 1
215 342 992
333 436 436
136 909 136
342 593 992
685 699 941
938 992 992
238 389 773
420 467 698
237 829 660
819 990 155
305 403 403
493 702 825
225 1001 785
773 990 773
159 271 159
536 914 672
326 481 828
358 380 919
324 570 605
287 790 1020
540 897 540
189 776 431
82 505 980
514 785 152
403 961 961
734 931 1021
533 769 613
272 501 445
347 487 844
204 208 518
783 886 3
18 224 541
667 846 700
451 1017 312
153 713 713
24 405 807
292 547 292
155 1005 155
833 925 122
327 675 403
518 907 518
239 889 700
817 934 817
788 801 157
497 759 1020
201 638 529
616 898 613
58 815 815
687 936 330
102 535 868
247 792 699
520 764 520
796 990 436
40 914 511
420 780 450
610 872 392
592 945 222
372 545 304
118 612 46
73 759 713
883 911 681
57 379 960
1 758 1
349 647 378
78 208 518
705 947 436
380 512 919
766 957 699
725 1020 1020
221 693 221
470 486 390
371 404 150
220 713 613
903 908 903
35 49 141
123 335 996
121 350 121
259 296 529
208 787 518
182 383 747
310 671 310
691 895 691
54 826 127
633 800 744
73 182 446
270 378 528
14 772 941
486 784 229
104 152 152
180 235 773
625 945 222
662 983 662
681 694 681
325 558 517
390 615 390
513 835 8
249 294 187
190 509 190
516 533 417
406 937 188
530 764 941
218 932 218
96 570 527
421 900 716
583 883 681
864 880 880
711 972 972
135 773 773
188 298 671
141 542 141
254 338 254
554 801 836
441 979 441
522 832 121
158 993 1021
246 569 474
757 983 757
597 886 445
995 1021 995
289 480 236
565 585 887
115 608 868
573 975 783
275 592 854
101 759 928
422 640 422
309 311 236
558 636 517
495 1002 941
696 894 730
82 840 806
576 671 556
152 636 152
554 1006 30
858 996 30
738 787 777
639 834 834
41 711 844
605 877 605
413 863 730
26 540 540
164 666 141
102 121 121
516 526 767
437 939 141
162 783 698
22 114 114
81 333 441
713 747 747
286 653 672
696 758 996
198 817 817
374 903 903
562 699 699
39 786 221
318 1023 546
242 280 838
22 784 229
91 369 518
122 899 122
132 636 517
880 1020 880
438 717 410
200 240 851
445 1017 445
774 828 828
59 489 698
397 801 682
669 670 391
681 960 681
121 1005 121
570 982 679
445 761 445
397 1011 500
724 995 995
181 319 310
38 923 682
470 711 390
60 681 681
390 404 390
226 240 838
755 930 30
289 296 541
294 767 556
278 928 537
451 965 8
61 468 740
378 913 873
374 939 681
772 880 941
628 893 32
99 181 662
349 453 567
227 511 511
411 980 980
338 1002 671
358 483 919
296 330 330
3 202 422
516 836 417
16 769 613
69 873 873
231 927 524
292 677 336
272 890 854
396 806 806
135 789 367
230 672 672
48 289 851
652 937 121
74 187 187
152 524 152
115 576 556
105 718 1013
1 131 1
373 898 373
240 1001 785
62 944 502
621 856 187
844 878 844
379 890 188
478 1021 995
387 403 403
309 527 527
496 629 716
364 823 623
715 1020 1020
710 1002 671
790 895 1020
460 962 422
890 984 859
435 986 880
31 408 825
749 971 660
304 776 431
83 941 941
393 838 838
544 641 825
490 1001 934
101 714 417
622 806 691
495 866 941
532 996 996
396 526 396
100 810 430
805 948 322
486 618 728
7 248 7
47 420 737
305 445 445
128 403 403
617 838 838
897 899 897
114 500 114
845 919 919
182 939 141
796 817 817
1 432 1
588 920 392
57 820 960
221 267 221
87 149 804
336 617 229
37 489 698
190 926 996
38 673 919
110 189 717
200 393 807
461 870 757
86 219 218
302 868 868
276 279 8
621 766 699
185 868 540
340 495 941
518 995 995
191 670 728
525 673 152
78 121 121
637 800 961
1 766 1
219 507 410
32 784 32
390 1007 390
385 726 726
332 436 436
521 1021 1021
234 842 32
193 492 807
453 623 623
657 945 747
566 806 980
97 572 266
418 689 523
156 169 169
169 792 169
236 806 806
343 604 150
55 745 980
582 919 919
307 418 578
802 881 693
209 883 681
616 914 613
222 605 605
98 846 903
371 919 919
221 803 221
169 1001 169
18 94 500
340 949 527
325 592 159
129 905 903
311 314 632
60 617 229
230 365 541
206 575 903
618 624 728
165 327 403
793 908 446
475 835 681
168 970 970
4 844 844
766 829 699
38 164 141
299 556 556
75 373 373
66 570 887
91 892 391
69 729 788
483 507 410
99 113 122
172 450 450
486 707 928
373 858 373
236 792 792
340 591 527
316 374 681
577 831 254
26 521 32
392 954 155
375 560 254
508 1001 785
258 333 157
56 512 430
197 212 500
486 955 7
651 941 941
239 1015 540
504 784 540
265 520 520
600 839 254
110 622 691
335 540 540
440 555 681
13 672 672
69 153 378
263 552 934
699 938 699
698 811 698
402 889 700
874 994 874
233 341 304
160 958 713
322 998 322
152 702 152
116 187 187
577 943 159
192 728 693
311 393 807
544 554 807
310 862 310
792 957 792
73 958 713
280 646 838
85 447 187
203 837 121
32 806 32
180 902 523
774 878 422
298 775 671
287 730 970
31 69 788
73 880 880
573 795 836
122 571 122
13 874 874
737 966 737
140 457 740
232 274 232
527 595 527
340 903 903
582 937 46
110 661 717
638 775 529
112 177 430
835 987 874
221 750 527
344 951 951
111 886 210
145 876 1
134 1017 312
773 921 773
773 920 773
368 712 838
255 605 785
764 804 804
74 834 834
355 928 928
699 792 699
118 278 537
636 830 517
391 486 391
855 988 210
390 622 390
307 813 578
56 223 623
81 594 792
195 396 396
398 550 578
540 790 540
89 210 210
713 999 36
31 691 691
203 225 121
172 751 172
213 464 395
176 875 887
147 440 396
306 624 80
540 1006 540
478 830 995
133 922 529
1 608 1
338 554 338
249 361 187
414 725 122
470 875 390
116 520 520
122 969 122
555 992 992
193 745 980
117 144 980
20 895 672
562 861 304
179 893 373
370 511 511
83 931 310
848 903 903
441 815 815
24 294 556
332 880 880
155 234 155
119 962 730
67 805 777
583 873 681
777 906 232
394 860 521
300 854 854
70 361 430
520 690 520
410 662 662
536 629 672
114 374 114
18 680 520
701 912 523
501 907 445
495 530 941
314 338 338
494 765 373
102 897 897
415 542 396
121 732 121
776 968 517
50 594 792
526 823 767
284 755 873
15 399 62
450 912 450
339 1023 546
183 362 777
415 434 632
179 245 373
272 900 854
114 472 114
121 874 874
873 1019 623
364 531 623
240 471 310
153 1008 960
122 1003 122
740 963 1013
8 513 8
383 486 747
24 927 338
249 411 187
266 552 266
507 878 410
622 1022 773
249 363 187
385 517 517
794 1007 792
797 983 978
154 724 1021
133 714 391
375 1005 691
290 983 528
338 423 996
200 902 523
642 769 613
70 324 605
624 807 80
367 439 114
99 815 662
535 592 854
577 941 941
227 553 553
349 835 378
272 777 777
303 980 980
474 758 474
232 793 232
36 603 36
209 795 757
94 116 500
260 895 672
825 901 436
122 389 122
50 205 172
134 795 730
235 856 187
387 670 785
87 845 46
65 867 556
436 609 436
244 523 523
860 978 978
46 853 831
532 844 844
579 909 671
332 602 844
82 631 740
100 801 157
91 893 521
274 900 266
483 939 410
122 155 155
461 463 757
660 875 660
122 312 122
45 75 897
571 887 887
934 970 934
207 724 1021
24 362 777
53 438 410
70 533 859
250 516 417
746 825 825
42 903 903
508 823 713
755 822 1020
500 984 500
327 926 403
32 450 32
844 993 844
330 943 330
45 251 897
479 1007 691
58 301 304
139 1020 897
138 273 660
217 642 866
91 122 122
19 1003 747
417 781 851
426 873 873
514 714 152
390 799 540
111 147 396
143 674 190
569 783 338
94 175 500
646 775 838
170 701 511
141 386 141
266 860 266
538 1012 844
445 527 527
360 698 698
327 761 403
99 268 662
232 919 232
196 302 838
798 863 730
516 993 1021
681 753 681
276 821 8
667 695 436
343 915 7
126 874 874
33 980 980
773 876 773
367 801 367
769 903 903
486 734 218
16 502 8
155 332 155
113 736 122
218 450 218
34 700 474
436 576 436
67 403 403
92 472 80
168 612 441
525 979 152
486 1016 172
801 860 157
61 378 154
690 963 1013
54 868 868
6 624 169
529 670 529
3 214 3
385 623 623
329 486 874
467 690 698
255 553 553
116 194 500
177 535 861
258 707 928
31 260 336
69 623 623
213 971 660
380 876 169
195 904 662
840 1021 1021
411 821 80
564 777 777
280 828 828
227 481 828
101 486 417
635 941 941
403 755 403
368 992 992
95 462 873
230 486 713
72 513 32
486 812 390
83 707 310
758 829 312
711 716 716
671 940 169
254 747 747
929 1013 1013
543 985 880
20 698 698
302 376 122
271 366 972
45 486 897
157 1022 773
153 590 737
415 1022 773
691 813 691
184 744 874
239 582 46
579 726 726
305 858 30
486 834 834
62 355 62
46 601 844
21 35 605
307 714 578
472 645 934
129 462 903
211 493 188
1 729 1
25 311 417
19 344 154
388 820 221
811 831 744
218 540 540
288 834 834
217 919 919
410 843 410
187 883 187
247 698 699
740 944 740
110 979 717
266 267 266
361 403 403
198 556 556
39 592 221
807 827 524
203 398 121
91 217 866
147 777 777
8 449 919
229 909 229
23 512 817
205 888 757
261 701 961
735 769 229
868 954 155
446 752 817
609 874 874
133 306 391
200 897 897
335 773 773
32 677 32
486 989 682
546 704 546
647 1020 1020
7 701 7
323 481 828
230 648 141
407 737 767
57 483 410
753 961 961
208 369 518
552 1023 934
403 508 403
560 934 934
556 898 556
54 632 632
241 486 804
691 965 691
380 810 919
293 849 114
204 303 395
130 355 880
144 1012 980
677 996 996
486 872 392
445 450 445
673 980 919
150 556 556
549 771 431
521 747 747
153 338 338
785 881 693
107 625 914
122 345 122
791 960 960
394 982 679
258 609 992
191 276 8
537 875 395
324 406 605
289 726 726
425 788 907
828 1017 828
708 949 310
113 584 122
61 480 236
158 726 806
220 265 817
212 779 500
121 155 155
568 941 941
671 883 681
178 230 972
552 819 155
11 860 788
257 687 330
614 954 155
78 749 660
439 849 114
24 96 527
128 207 871
229 742 229
453 776 431
136 877 136
139 629 897
266 919 266
338 818 1
127 524 524
189 244 222
150 891 815
167 913 312
238 314 737
122 995 122
512 834 834
332 537 792
403 981 403
23 486 817
10 985 740
783 952 521
93 143 726
187 260 187
431 457 605
14 828 828
206 360 903
410 666 410
138 653 672
275 305 30
227 288 834
27 130 880
242 441 172
36 570 36
82 993 1021
730 948 730
137 835 154
401 1010 699
513 552 934
310 823 310
181 554 836
449 980 919
640 915 7
91 948 322
584 848 266
326 327 403
28 364 623
109 187 187
159 706 700
469 586 992
942 970 970
886 901 436
18 498 1
140 663 740
242 448 699
382 974 871
121 683 121
151 921 679
112 724 1021
155 273 155
423 659 871
64 456 578
717 801 717
146 897 187
601 773 773
60 856 187
74 923 682
165 400 728
207 771 150
311 890 890
76 669 537
390 987 390
181 457 605
483 497 1020
390 1015 540
279 834 834
461 725 122
387 869 785
132 169 169
739 840 995
659 787 777
189 316 546
68 237 660
232 520 232
120 733 817
955 1007 691
126 132 868
148 160 871
132 850 517
146 187 187
217 525 152
701 988 210
426 987 874
689 836 523
517 701 517
114 174 114
73 939 141
202 920 392
232 913 232
44 401 699
169 732 169
125 591 777
169 843 169
613 727 474
179 751 373
134 923 682
765 1019 623
393 744 744
588 599 726
260 551 336
523 866 866
51 764 836
355 530 941
346 479 893
332 424 792
191 1018 728
8 312 312
725 833 122
487 520 520
711 950 373
113 121 122
549 920 392
779 858 30
398 565 172
66 828 828
569 620 232
825 886 825
537 892 537
79 1018 518
49 783 141
260 987 874
486 735 229
560 766 699
897 930 897
537 672 672
693 823 693
517 840 517
202 985 422
199 991 520
252 301 367
760 897 897
322 421 716
366 598 941
258 948 322
323 919 919
647 691 691
320 813 232
453 537 567
582 873 873
342 520 520
628 1020 1020
104 387 873
30 858 30
50 959 951
125 885 662
393 580 807
127 475 681
135 889 700
343 660 660
161 992 992
874 993 874
392 703 392
619 680 520
287 906 232
61 339 154
446 586 992
57 698 698
139 267 897
526 568 828
117 187 187
138 724 1021
237 283 660
35 593 691
275 767 767
543 680 880
122 568 122
185 540 540
848 880 880
58 341 304
314 956 632
27 676 995
180 312 312
780 986 450
774 1013 1013
570 699 699
944 1020 1020
331 689 1020
23 294 817
121 163 121
114 594 114
535 723 951
160 545 304
170 331 1020
218 612 218
152 254 152
87 339 46
699 985 699
61 503 567
706 980 980
205 440 717
56 407 767
477 996 996
292 980 980
626 809 266
64 512 578
216 505 980
321 856 187
252 886 3
574 873 961
911 1024 114
30 111 30
51 884 3
265 834 817
515 709 553
299 792 792
82 355 767
755 919 919
345 525 152
100 907 157
487 721 887
747 761 747
537 809 537
218 556 218
296 710 541
290 745 980
527 622 527
404 600 36
81 434 441
503 577 254
584 661 266
110 603 851
230 942 7
2 300 46
109 235 773
78 891 815
560 674 190
827 981 446
10 155 155
256 836 8
41 708 844
836 980 980
351 856 187
385 563 713
218 840 218
205 373 373
836 852 553
13 167 312
191 640 728
60 907 292
500 839 500
915 923 682
342 466 992
125 535 777
330 879 330
418 515 553
163 729 367
165 345 825
133 992 992
54 544 807
706 851 700
199 273 806
130 676 880
181 919 919
129 488 903
255 424 785
435 744 880
17 840 972
450 476 450
120 676 817
390 725 390
176 828 828
133 433 1020
707 982 679
12 748 541
678 873 873
486 842 391
697 982 679
716 853 831
283 537 537
364 1007 691
686 1018 152
524 916 671
58 556 556
433 613 1020
69 805 788
439 941 941
390 403 390
57 776 431
246 727 474
625 724 1021
127 342 992
486 688 155
408 422 825
74 865 834
377 407 613
515 859 553
450 845 450
36 101 36
534 911 672
141 488 903
633 1012 528
237 698 698
176 544 887
80 473 445
336 715 445
462 700 873
27 566 995
694 728 699
195 373 373
592 846 804
290 704 127
49 747 747
747 775 747
126 880 880
935 951 951
149 656 390
387 685 941
277 706 700
629 824 172
323 652 121
122 908 122
454 793 232
39 941 941
300 620 232
141 802 806
651 703 995
112 190 190
543 769 880
35 185 540
390 448 390
265 445 445
405 961 961
225 826 785
531 564 136
152 253 152
121 234 121
323 502 502
55 73 229
200 1018 728
229 983 229
184 507 874
355 526 767
232 964 232
640 905 338
812 1018 390
159 875 159
294 953 520
493 786 817
494 719 373
60 896 292
121 390 390
120 887 817
145 677 1
437 980 980
180 691 691
66 946 520
599 761 698
312 420 312
730 833 122
232 610 232
1017 1020 1020
219 393 521
412 486 155
270 908 528
158 239 806
48 882 897
576 887 887
506 620 232
164 966 141
89 451 210
360 407 866
520 737 520
557 1013 1013
173 689 141
85 880 880
928 978 928
449 783 919
441 831 831
978 1018 728
630 925 431
479 792 792
438 746 410
375 482 693
474 1023 474
349 440 378
672 717 672
897 963 897
330 446 330
422 862 422
122 802 122
865 1021 1021
310 390 390
160 682 682
477 732 336
442 825 825
226 337 773
382 526 871
711 924 828
96 479 527
338 537 537
647 743 671
141 824 141
908 974 210
71 165 567
266 760 266
117 633 392
46 206 903
443 752 817
78 403 403
233 346 804
508 563 713
78 213 395
678 716 716
474 800 474
594 903 903
200 422 422
732 873 873
317 524 524
101 733 417
492 507 410
153 364 623
16 877 8
712 1020 1020
80 850 80
372 619 310
121 247 121
92 462 873
199 456 806
528 544 807
445 660 445
563 930 30
291 744 728
747 804 747
208 934 934
332 691 792
71 623 623
300 886 3
30 992 992
226 669 838
651 1017 995
141 190 141
458 949 880
377 445 445
15 502 502
190 1011 500
22 241 136
97 1007 691
446 564 446
104 700 873
38 152 152
490 601 844
5 652 121
592 860 854
211 700 700
521 544 521
669 786 817
230 617 229
680 953 520
406 738 777
613 639 613
172 248 172
166 319 310
59 183 679
221 409 221
123 319 310
775 942 7
842 927 391
371 623 623
421 621 716
473 574 961
595 645 403
764 798 537
570 780 450
232 300 232
657 1019 747
89 840 806
289 835 3
385 966 502
16 517 517
540 609 540
248 871 871
568 979 828
82 792 792
32 600 32
632 767 767
126 449 868
37 495 941
140 612 740
266 870 266
432 943 159
206 919 903
152 441 152
502 1013 1013
69 496 535
130 540 540
46 289 3
633 795 836
336 817 817
10 373 373
14 483 410
395 399 395
746 998 446
186 344 121
254 920 392
195 395 396
116 786 500
89 359 330
486 954 155
824 943 159
322 985 831
692 713 713
630 867 80
164 618 141
446 839 254
707 843 410
590 693 693
233 314 804
357 574 961
199 864 169
173 486 141
267 487 887
25 723 951
784 812 390
757 934 934
371 975 292
455 790 1020
162 584 266
73 152 152
557 774 578
691 739 691
62 549 62
30 426 30
271 567 567
468 556 556
11 516 417
209 853 757
400 874 874
276 1003 747
445 593 445
299 836 951
161 675 972
156 865 834
101 747 747
218 506 218
17 232 232
104 159 873
332 561 792
660 755 660
54 625 914
254 488 903
108 553 553
199 310 310
245 274 266
673 830 919
198 995 995
73 842 713
142 640 662
94 333 500
868 1007 868
321 844 844
516 834 834
266 872 266
155 695 155
128 609 992
404 570 150
467 932 698
292 897 897
280 627 1
35 858 30
137 793 446
407 472 767
127 405 807
912 951 951
44 231 396
197 481 828
316 698 698
456 651 995
182 671 446
941 954 941
897 1005 897
98 486 903
142 1013 662
122 567 122
628 935 32
467 873 698
132 469 517
838 912 838
255 662 662
171 918 693
147 279 396
36 653 672
451 553 553
128 806 806
871 992 992
9 927 961
486 806 806
497 840 1020
55 795 229
376 837 122
610 795 836
277 802 806
591 648 141
160 568 828
392 617 392
74 250 893
18 91 502
551 887 887
146 651 187
540 627 1
535 826 127
111 710 210
492 668 441
636 878 517
491 832 691
19 966 127
826 995 995
190 608 868
696 831 831
396 557 396
466 796 716
870 943 159
322 503 322
143 667 700
522 662 121
78 382 871
92 985 831
374 475 681
827 912 523
4 705 436
108 284 726
594 699 699
423 592 996
60 435 880
191 367 728
416 828 1013
104 130 880
380 573 919
243 382 934
749 1017 660
677 874 874
704 908 127
390 880 390
726 1017 312
333 592 854
436 553 436
473 486 445
98 540 540
63 863 730
366 810 972
641 751 825
314 357 150
649 879 218
421 443 834
121 655 121
87 965 8
53 234 32
532 615 155
73 230 713
80 360 866
19 57 960
433 602 1020
463 873 873
205 627 1
410 1014 410
130 967 880
352 602 844
235 354 773
137 447 403
407 821 767
187 736 187
56 237 660
477 884 336
486 496 535
156 726 726
335 508 996
308 387 672
350 492 767
623 684 623
30 50 30
424 777 777
614 641 436
119 748 533
143 496 528
373 803 373
76 499 450
423 866 866
268 486 71
240 893 851
698 718 698
546 929 474
388 572 266
704 811 744
806 830 806
57 140 740
292 988 210
212 970 500
378 813 3
218 332 792
81 593 691
501 886 445
821 970 970
39 563 221
894 941 941
291 621 728
460 525 152
170 576 556
644 779 1013
232 693 232
486 973 390
393 696 807
241 694 699
7 368 446
202 486 422
28 62 502
360 844 844
178 621 972
31 910 152
902 980 980
234 697 32
81 702 825
374 655 681
188 490 934
63 331 1020
64 698 698
78 986 815
98 874 874
43 970 970
826 937 127
492 732 907
634 898 169
386 903 903
486 702 825
196 759 431
77 966 928
556 865 556
939 972 972
403 962 403
504 1015 540
337 411 773
149 233 804
341 594 792
368 745 980
425 456 890
19 95 154
9 797 961
527 534 527
47 863 730
715 837 445
399 645 934
63 486 730
56 333 430
573 726 726
462 720 747
143 962 730
108 621 726
330 983 330
243 697 934
59 699 699
169 546 169
14 15 951
31 204 11
92 486 639
150 605 605
423 897 897
41 486 844
177 481 828
125 862 777
516 975 417
234 352 32
507 615 155
31 742 441
121 1020 1020
287 745 980
446 691 691
312 806 806
113 739 122
448 511 699
47 889 700
409 782 951
80 859 80
731 817 817
181 815 815
193 512 807
243 390 390
314 862 524
539 825 825
200 871 871
874 883 874
600 636 517
626 840 266
404 474 474
121 169 121
554 950 373
122 695 122
73 705 436
692 851 338
642 846 613
515 596 553
679 967 520
369 420 518
274 425 266
540 699 540
29 92 806
415 547 632
358 971 919
489 959 698
284 794 792
638 959 529
15 896 62
320 512 232
205 214 717
268 627 1
32 234 32
492 842 391
138 544 807
439 649 114
125 601 844
282 482 693
308 371 672
831 949 310
156 258 188
81 251 897
258 440 157
565 940 169
74 346 893
367 422 422
143 408 825
97 596 1021
272 939 141
10 272 740
670 1024 114
359 747 330
48 405 851
665 886 874
141 1004 141
451 700 700
162 1011 500
425 590 737
155 354 155
507 685 941
457 729 605
239 430 430
810 903 903
538 695 436
413 500 500
100 152 152
318 839 254
170 788 511
541 603 541
156 172 172
518 1015 540
239 863 730
355 493 893
681 994 681
65 740 556
480 804 804
110 844 844
551 669 639
224 503 541
89 290 188
505 650 980
486 912 523
21 871 871
518 784 518
124 707 928
605 768 919
659 870 871
499 538 844
534 895 672
122 838 122
218 843 218
1 511 1
264 538 844
433 951 1020
451 874 874
36 728 728
699 862 699
610 801 836
158 357 806
616 824 613
294 806 806
216 1007 691
200 270 127
396 947 511
143 486 528
60 311 292
220 828 828
213 278 395
691 874 874
162 914 698
164 648 141
704 937 127
511 542 511
536 579 672
690 820 254
91 394 521
215 916 671
714 801 535
219 350 767
153 937 378
558 961 961
30 706 30
777 800 777
26 887 887
209 222 757
23 456 817
221 908 221
7 292 7
509 704 292
403 845 403
375 436 436
40 947 511
334 712 834
271 759 928
202 559 970
813 888 757
188 376 122
203 736 121
229 825 825
131 592 218
16 173 141
111 873 873
148 543 880
60 444 744
200 747 747
414 947 511
926 1005 691
169 657 169
132 558 517
2 716 716
339 535 154
28 705 436
312 431 312
683 970 970
718 792 792
35 713 713
323 370 679
488 1013 1013
70 407 767
426 480 871
151 402 71
664 681 681
554 957 529
745 773 773
672 828 828
101 534 672
592 878 422
246 513 474
788 822 1020
753 838 838
279 542 396
940 1000 1013
341 812 390
355 816 928
759 823 815
257 883 330
370 699 699
298 574 961
114 280 114
297 366 221
817 1017 817
20 310 310
390 422 390
424 887 887
485 802 330
226 693 693
431 708 556
5 258 395
62 691 691
445 748 445
196 925 431
805 861 861
486 878 422
916 1002 671
143 678 236
450 630 450
196 232 232
472 751 80
480 588 726
473 725 122
184 369 874
486 1003 747
5 32 32
114 874 114
178 887 887
185 508 540
27 992 992
611 841 1
72 523 32
390 598 390
8 388 221
571 934 934
821 835 80
265 495 941
390 794 390
61 908 154
950 1017 373
453 481 828
424 511 511
195 542 396
392 966 392
275 938 440
98 189 903
678 995 995
252 855 71
10 118 740
25 224 541
423 496 996
943 1013 1013
433 614 1020
164 311 141
632 813 632
17 900 972
222 750 527
347 992 992
129 782 903
517 693 517
319 370 310
187 552 187
66 585 887
114 865 114
223 704 623
155 991 155
687 880 880
743 960 671
372 836 62
617 943 159
745 981 980
486 961 961
318 710 523
226 817 817
386 486 136
460 623 623
596 919 972
665 897 897
335 642 613
733 880 880
168 867 80
476 890 336
70 516 417
76 480 537
114 811 114
183 798 537
328 393 152
40 330 330
757 897 897
30 461 30
296 777 777
60 944 502
137 277 422
554 777 777
224 590 541
386 639 136
424 647 535
418 892 391
187 242 187
11 239 440
102 851 868
135 289 367
155 760 155
100 874 874
133 423 996
638 728 529
627 841 1
34 282 474
235 880 880
373 942 373
66 76 887
119 579 36
432 494 373
327 787 403
582 696 46
574 628 961
1 559 1
613 999 613
397 520 520
459 827 330
320 425 232
797 897 897
8 999 8
240 524 524
491 853 691
57 58 304
792 919 792
798 830 757
644 930 1013
47 758 996
33 407 767
114 644 114
149 947 511
296 676 30
935 968 517
912 939 141
687 775 330
362 643 540
863 911 373
350 566 980
400 833 122
464 563 395
295 333 907
618 661 728
126 333 868
47 905 737
208 520 520
670 736 825
491 950 691
235 903 773
165 445 445
329 665 874
553 976 553
403 422 403
17 873 972
425 831 831
486 986 717
314 730 730
89 259 529
420 612 737
448 867 699
122 652 122
30 714 30
124 161 972
15 56 62
221 1013 1013
540 622 540
529 925 529
471 916 310
445 622 445
28 392 392
402 717 546
97 888 1021
294 486 556
130 480 880
104 628 32
291 479 728
516 956 960
807 860 807
625 633 914
34 989 474
191 905 728
275 897 897
269 496 961
104 109 995
8 531 396
777 915 777
437 567 567
363 781 970
17 636 517
127 733 127
318 896 292
452 462 873
560 712 838
317 835 322
315 972 972
17 316 972
244 767 767
28 957 529
192 587 122
587 600 122
212 945 500
538 571 844
311 547 378
455 1010 527
194 458 880
155 686 155
811 962 744
163 172 172
922 957 529
259 486 529
486 607 518
283 439 114
608 974 868
61 222 222
121 392 121
172 689 172
117 920 392
685 694 941
239 573 914
584 647 266
843 932 410
81 977 441
61 971 660
639 981 446
385 403 403
623 843 623
516 912 523
639 1009 150
186 339 121
212 221 500
737 925 431
442 901 436
490 701 934
126 155 155
39 257 330
3 529 529
1 592 1
9 486 961
321 880 880
341 777 777
981 986 446
391 534 672
32 897 897
332 653 792
37 735 229
516 948 322
823 891 815
250 349 890
475 747 747
348 450 903
328 697 152
747 1012 747
177 988 210
290 449 919
504 820 540
739 1021 995
707 996 996
138 829 312
418 648 141
156 338 338
335 417 996
398 1000 1013
288 821 834
743 1007 691
138 669 639
501 724 445
71 820 71
398 938 578
793 961 961
634 876 169
119 296 541
35 1010 524
340 750 527
116 880 880
169 978 169
187 485 187
299 519 556
284 306 861
107 150 150
629 952 716
19 46 46
101 877 222
457 579 605
340 342 527
9 550 961
458 794 880
225 892 785
100 181 836
438 928 410
49 303 141
276 513 8
415 900 632
430 703 815
361 684 430
463 595 403
315 480 236
717 769 613
430 972 972
100 244 222
302 549 838
17 618 972
254 336 254
627 881 1
318 492 890
352 575 980
33 38 502
664 704 700
65 799 540
301 664 700
34 97 1021
160 926 996
138 752 817
141 644 1013
152 473 445
86 854 218
753 930 30
912 924 828
53 117 392
472 999 36
475 844 844
592 937 854
328 615 155
221 524 221
356 480 511
290 571 553
317 863 730
231 993 1021
553 698 698
452 764 190
422 628 32
92 223 623
192 482 693
171 232 232
223 599 623
709 806 806
957 1024 114
761 941 941
117 434 392
270 617 229
52 904 662
389 880 880
386 801 136
774 945 222
243 333 934
261 759 961
212 403 403
460 824 422
359 492 330
491 682 691
228 553 553
627 964 1
397 626 266
385 758 996
524 737 524
427 941 941
448 747 747
160 1019 623
632 678 236
259 355 529
145 220 1
163 692 338
381 768 919
33 874 874
87 311 46
874 1011 874
920 972 972
6 761 169
322 631 740
187 750 187
348 908 903
147 505 980
626 897 897
433 451 1020
599 1005 691
777 901 436
109 250 995
164 432 141
577 645 934
50 513 8
578 1012 578
439 799 540
442 702 825
445 474 445
114 839 114
955 961 961
110 886 3
172 241 172
395 592 395
749 754 874
266 853 266
520 745 520
205 218 218
219 666 430
244 732 222
710 813 523
106 342 992
26 998 32
161 966 972
422 951 422
381 902 523
40 453 511
242 410 410
330 844 844
304 862 304
185 682 540
171 679 693
114 358 114
97 874 874
266 474 266
741 941 941
25 486 417
477 826 336
624 832 80
486 606 450
84 880 880
266 934 266
558 631 517
497 999 1020
405 679 679
250 362 777
101 736 825
179 802 373
290 497 1020
320 579 232
310 622 310
502 713 713
670 710 523
484 793 887
928 980 980
674 950 373
11 661 788
280 877 838
410 679 679
97 993 1021
752 954 155
165 437 567
437 710 523
334 522 121
307 707 578
794 976 792
536 691 691
47 95 737
907 935 914
403 575 403
911 950 373
218 268 218
80 114 114
334 1013 1013
437 972 972
32 1006 32
361 700 700
30 344 30
586 656 390
424 478 995
4 215 392
192 678 693
1 1015 1
63 693 693
95 611 523
206 404 903
6 876 169
363 847 970
266 388 266
907 983 528
65 179 373
556 559 970
189 311 783
46 905 222
36 1020 1020
843 914 410
64 788 578
592 748 854
623 803 623
86 403 403
211 1020 1020
611 902 523
152 436 436
244 899 866
410 839 410
479 970 970
585 729 887
60 657 747
349 573 914
596 886 972
738 794 792
119 214 783
282 901 436
346 506 893
125 300 777
422 513 422
599 654 390
711 932 3
211 294 556
451 988 210
89 413 188
606 941 941
230 958 713
56 670 391
467 851 698
336 339 336
552 691 691
71 792 792
753 820 71
42 638 868
381 418 716
548 1000 1013
36 155 155
585 730 887
143 251 897
369 725 122
50 565 172
221 902 221
254 932 254
823 992 992
677 738 777
121 964 121
193 1013 1013
658 919 919
145 327 1
324 999 605
199 693 693
478 741 527
125 1005 691
271 778 866
555 883 681
154 774 127
46 193 807
36 801 36
46 210 210
553 682 553
78 499 450
748 900 154
516 848 266
266 395 266
9 662 662
94 235 773
11 158 806
675 1023 474
880 903 880
24 730 730
596 1012 972
389 616 773
314 358 919
11 551 639
152 891 152
109 478 995
53 455 527
318 582 46
301 486 367
704 810 430
403 803 403
564 775 136
88 764 836
254 521 254
151 557 578
157 595 403
304 422 422
786 838 817
2 534 672
238 486 737
316 617 229
204 813 3
258 271 859
32 187 187
720 982 747
271 958 713
662 736 662
72 338 32
202 950 373
509 860 292
300 337 773
330 603 330
496 941 941
151 251 897
334 728 834
596 941 941
955 979 7
418 1005 691
87 156 188
317 372 322
605 871 871
210 780 450
178 386 972
63 346 730
868 876 868
328 907 152
647 791 367
682 858 30
436 789 436
315 372 62
681 758 681
192 484 887
472 519 556
101 183 417
120 155 155
306 790 1020
595 843 403
529 641 825
486 819 155
161 773 773
605 815 605
232 658 232
553 927 553
843 873 410
187 953 187
388 635 662
281 773 773
190 580 190
862 867 80
395 647 395
253 1003 747
171 289 693
56 1003 747
193 799 540
967 991 520
351 1017 660
737 880 880
250 896 292
292 940 169
401 913 699
520 786 520
19 976 831
218 898 218
568 903 828
837 935 445
589 590 190
323 532 978
1 572 1
126 868 868
252 947 511
500 825 500
229 1021 1021
190 749 660
379 517 517
206 687 903
349 858 30
647 877 222
570 776 431
365 695 436
491 527 527
28 336 502
651 738 995
152 175 152
41 694 844
785 802 806
236 699 699
121 596 121
155 199 155
699 903 903
311 554 836
126 514 868
486 585 887
348 880 880
510 773 828
361 972 972
330 886 330
99 431 662
345 596 825
817 875 817
534 995 995
907 984 859
307 312 312
625 810 430
144 390 390
138 777 777
233 241 804
590 948 322
232 602 232
679 934 934
174 878 187
205 474 474
49 417 141
670 724 1021
562 806 806
358 959 919
433 941 941
309 664 700
148 836 871
24 204 717
332 539 792
50 566 980
247 891 699
360 697 866
142 817 662
497 847 1020
156 783 188
254 532 254
698 932 698
491 836 691
49 732 141
359 682 330
506 708 556
755 817 817
153 563 713
828 903 828
350 902 523
337 744 773
1 433 1
109 662 662
619 713 310
430 836 430
36 610 36
1 637 1
223 716 623
224 302 838
400 525 152
84 389 773
137 952 521
111 900 210
278 324 605
58 306 304
19 810 430
488 696 903
1 823 1
315 864 169
32 625 32
493 993 1021
15 784 229
100 151 71
100 349 378
274 368 266
65 507 556
236 911 373
190 247 699
170 1005 691
720 840 747
292 713 713
590 754 874
186 300 121
319 698 310
663 826 740
677 910 152
16 493 8
584 836 266
121 454 121
520 858 520
206 232 903
111 554 210
356 424 511
137 498 1
590 818 1
161 910 152
128 426 871
112 171 693
397 541 682
333 845 46
310 686 152
517 699 517
474 869 474
255 294 556
491 593 691
536 558 517
296 500 500
559 563 970
614 968 436
42 243 868
467 714 698
624 690 254
868 1003 868
696 764 836
299 959 951
540 962 540
275 735 229
110 349 717
175 694 221
361 877 430
813 926 996
285 999 792
701 873 873
588 810 726
184 328 874
7 355 7
299 455 527
6 8 169
300 729 11
155 403 155
92 414 744
157 1015 540
96 750 527
412 430 155
2 349 46
690 854 254
301 892 391
118 183 417
333 440 907
390 585 390
970 1017 970
414 811 744
816 923 682
284 533 861
560 949 310
126 763 868
505 693 693
162 489 698
520 760 520
395 630 395
666 974 210
934 938 934
687 994 330
193 523 523
533 610 836
666 737 737
364 403 403
98 383 903
134 894 730
434 660 660
859 936 312
174 319 187
236 309 236
200 968 517
547 549 783
228 900 623
191 289 728
269 622 961
602 689 844
427 535 392
211 832 537
151 612 71
349 758 996
90 1005 792
358 828 828
1 174 1
211 281 373
524 620 232
444 500 500
122 694 122
173 939 141
89 871 871
737 792 792
762 985 831
66 330 330
807 886 3
108 170 511
312 705 436
700 896 700
69 801 157
244 377 613
183 617 229
390 644 390
119 239 440
486 811 744
323 528 978
5 553 553
162 486 698
367 560 978
434 454 232
344 763 868
219 805 521
176 840 887
936 961 961
19 725 122
62 466 62
449 486 919
178 245 972
527 871 527
1 85 1
94 542 500
155 888 155
31 339 154
357 1010 150
512 887 887
190 630 190
993 1021 1021
263 368 446
198 757 159
479 745 980
83 570 310
721 903 903
500 532 500
715 773 773
22 386 136
261 903 903
86 428 218
175 407 221
342 609 992
448 730 699
159 229 159
188 486 188
304 466 304
199 806 806
29 199 806
106 217 992
404 721 150
513 612 8
456 1004 450
55 450 229
601 638 844
190 655 450
488 810 903
668 882 897
405 822 1020
484 874 874
728 820 728
657 797 747
422 512 422
18 250 502
277 530 941
355 935 914
699 731 699
373 894 373
732 1023 546
170 980 980
331 857 1020
465 689 523
275 533 440
2 955 7
273 890 660
119 743 671
417 506 893
486 604 831
69 231 524
247 971 699
468 679 679
405 707 928
592 843 410
390 486 390
170 728 511
547 838 838
272 1021 1021
607 640 518
523 781 523
32 236 32
172 691 691
287 742 970
429 716 80
1006 1013 1013
459 754 874
212 597 445
546 835 546
342 969 232
420 560 737
275 692 338
786 807 817
669 1005 691
254 871 871
886 887 887
358 731 553
30 152 152
519 842 556
379 798 537
255 828 828
23 120 817
22 47 136
135 826 367
823 873 873
26 712 32
465 762 960
6 749 169
399 825 825
559 944 970
22 709 136
660 961 961
115 371 136
499 1004 450
230 290 713
486 629 716
187 419 187
711 713 713
154 551 639
5 834 834
353 936 693
471 800 310
352 556 556
157 756 679
541 988 541
97 558 517
268 820 71
497 829 1020
422 479 422
559 943 970
467 672 698
513 964 1021
375 684 254
116 715 445
184 239 874
88 614 436
483 733 410
453 681 681
523 671 671
530 540 540
29 887 887
415 914 632
15 628 32
373 983 373
423 648 141
218 881 218
343 613 613
804 811 744
77 437 62
437 601 844
537 942 7
312 353 693
218 264 518
232 985 232
455 962 527
365 846 541
93 468 740
457 864 169
739 818 1
534 780 672
353 554 693
258 704 127
322 355 322
140 589 740
71 661 71
899 957 529
385 839 254
238 699 699
243 787 934
279 290 726
330 871 330
64 200 578
81 143 441
238 623 623
95 651 995
143 983 528
654 664 390
897 953 897
490 887 887
521 764 521
418 679 679
675 897 897
114 638 114
152 738 152
301 839 254
486 674 190
773 837 773
60 943 159
35 516 338
868 1013 1013
299 551 951
882 941 941
156 681 681
375 661 254
370 394 679
632 734 218
118 597 445
282 312 312
121 876 121
133 325 159
183 502 502
220 930 30
31 816 928
198 899 866
330 786 330
9 39 961
187 524 187
798 1001 785
300 896 292
221 592 221
309 678 236
133 844 844
274 486 266
12 338 541
271 284 859
441 471 310
123 555 681
530 777 941
544 582 807
13 679 679
720 933 747
523 581 880
551 1009 150
219 988 210
112 452 190
188 258 188
493 992 992
724 964 1021
640 950 373
396 603 396
514 652 121
655 1004 450
595 773 773
288 995 995
645 665 874
774 826 127
159 943 159
331 629 1020
229 319 310
499 547 450
356 742 511
276 914 8
778 880 880
294 775 556
738 838 777
267 400 529
544 681 681
395 692 395
20 934 934
658 854 632
937 984 859
8 170 511
172 500 500
89 211 188
289 733 3
390 590 390
649 927 218
72 431 32
802 874 874
612 863 730
500 693 500
499 606 450
404 831 150
630 719 866
655 661 450
54 813 3
592 740 740
310 561 310
530 941 941
548 713 403
647 949 310
151 732 71
25 48 851
250 329 874
58 666 304
111 943 159
112 978 430
194 583 681
799 1001 540
568 922 828
446 999 446
12 264 518
290 985 831
486 681 681
259 791 529
48 515 553
395 944 395
346 723 951
509 951 951
606 864 169
49 855 141
308 821 672
301 373 373
784 848 266
240 875 395
444 825 825
771 890 431
207 832 150
49 838 838
742 855 441
598 760 941
194 884 553
164 498 1
169 711 169
750 868 527
748 850 190
556 656 390
155 198 155
40 446 511
747 817 747
342 474 992
530 968 941
249 546 187
16 424 8
7 900 7
132 728 517
357 910 152
728 773 773
434 945 222
669 887 887
238 390 390
126 959 868
491 1007 691
450 568 828
370 759 679
103 128 114
452 868 868
667 1004 700
41 340 527
282 735 159
302 935 838
775 936 312
389 621 773
155 614 155
474 993 1021
24 922 529
356 1021 1021
46 607 518
978 1012 978
350 857 605
334 571 553
481 571 828
724 755 1021
72 628 32
74 75 700
582 886 3
600 678 36
283 445 445
403 786 403
198 914 159
316 755 873
198 804 159
134 201 744
77 193 928
198 410 410
306 835 535
11 137 154
323 409 951
421 880 880
24 154 717
243 537 934
1 718 1
290 820 71
241 846 804
829 854 312
563 974 210
799 976 540
22 505 980
334 335 834
16 276 8
667 708 556
944 961 961
289 807 3
83 531 310
159 721 159
84 364 511
406 713 713
390 1013 390
19 333 154
91 590 737
218 394 218
242 776 172
60 138 639
46 200 46
590 698 698
437 629 716
860 863 730
368 544 446
449 527 527
80 549 80
652 934 121
658 718 834
16 307 8
600 698 698
92 153 639
59 845 679
6 436 436
150 188 150
389 663 773
330 485 330
551 846 804
405 478 995
271 295 859
838 1008 838
808 941 941
36 986 36
150 834 834
11 716 716
60 70 292
64 177 578
345 749 825
621 765 804
478 978 995
7 903 903
275 908 440
114 419 114
238 567 567
388 803 221
486 566 980
396 562 396
516 1006 30
325 472 159
103 929 114
332 987 874
8 282 159
434 455 527
347 538 844
336 493 336
392 507 392
865 923 834
749 842 660
552 706 934
240 807 851
250 481 828
409 572 266
20 923 682
472 681 681
232 883 232
123 538 844
421 934 934
479 495 941
894 908 730
388 696 221
643 850 540
414 968 517
124 275 378
70 371 292
455 860 527
204 676 30
664 706 700
486 945 222
188 529 529
523 816 523
47 699 699
140 256 8
245 810 996
150 954 155
350 797 767
187 619 187
436 662 662
109 556 995
244 479 222
390 962 390
532 897 897
452 850 190
596 800 972
268 672 672
92 138 639
141 248 141
579 617 229
2 732 46
20 26 32
232 347 232
407 446 446
620 759 232
215 463 757
172 638 529
849 1024 114
697 849 114
666 870 190
689 918 523
14 987 874
11 107 914
88 234 32
87 579 36
225 500 500
369 897 897
445 647 445
428 550 218
331 693 1020
479 769 613
746 779 254
101 639 417
72 438 32
529 851 529
92 415 632
228 889 623
359 486 330
477 679 679
727 868 868
274 572 266
442 578 578
243 801 934
158 172 806
31 640 338
762 952 336
51 207 150
555 632 681
345 817 817
24 440 717
3 650 682
514 686 152
250 353 693
65 888 556
445 590 445
175 926 221
474 855 474
625 1013 1013
148 382 871
897 961 897
496 1004 450
254 779 254
292 529 529
149 914 804
40 534 672
15 867 80
247 476 699
159 458 880
346 986 893
493 873 873
42 848 868
688 1014 155
379 621 804
331 482 1020
604 679 679
430 689 523
448 902 699
582 630 960
379 442 578
548 1007 403
64 344 578
295 323 978
539 689 698
322 816 322
683 979 716
698 821 698
265 786 817
546 880 880
791 818 1
101 559 970
298 743 671
843 1013 1013
101 320 232
455 741 527
434 486 222
43 306 890
355 486 914
527 672 527
396 907 396
588 899 866
831 846 831
376 387 122
131 939 218
68 116 500
36 260 36
397 792 792
711 1017 312
728 996 728
665 1012 874
48 945 851
298 724 1021
311 737 737
741 1020 1020
172 688 155
699 712 699
226 721 838
362 1021 1021
566 757 980
57 444 744
104 938 873
540 761 540
720 773 773
482 527 527
252 864 169
463 862 757
229 403 403
233 897 897
70 890 859
230 711 713
357 1009 150
357 595 403
155 950 155
406 793 446
224 512 541
343 795 150
481 550 828
502 666 502
2 227 521
127 152 152
19 910 152
419 843 121
28 137 502
585 989 887
429 771 80
343 1009 150
693 846 693
251 600 897
54 664 700
222 463 757
1013 1024 114
282 794 792
270 601 844
213 764 395
505 700 980
30 529 529
420 665 874
248 995 995
622 975 691
741 819 155
454 662 662
56 744 744
320 515 232
3 11 3
46 393 807
586 947 992
29 817 817
1 264 1
306 885 662
57 844 844
67 628 32
399 547 62
114 266 114
121 242 121
659 685 941
109 739 995
646 992 992
164 176 887
27 660 995
621 757 757
162 248 698
232 584 232
825 865 825
249 750 187
517 670 517
101 944 502
84 375 511
681 968 517
712 764 838
4 642 392
501 1017 445
891 931 1021
580 696 807
356 828 828
390 688 390
434 450 450
57 465 960
119 905 222
346 704 893
461 518 518
237 827 660
78 849 114
452 988 210
674 872 392
894 984 730
531 721 396
87 943 159
11 277 422
121 558 121
713 1022 773
531 678 396
742 887 887
290 960 960
54 896 292
493 884 3
308 905 672
484 828 828
214 734 218
118 788 417
39 325 221
361 978 430
194 895 672
7 299 951
278 522 121
798 915 7
498 621 1
361 583 681
167 312 312
137 446 446
700 1002 700
257 880 880
303 967 520
28 184 874
362 821 777
779 862 254
495 880 941
154 554 836
518 672 672
9 1020 1020
138 193 807
654 882 390
141 417 141
200 1009 150
409 728 728
354 1022 773
279 951 726
71 873 873
96 530 941
210 912 210
588 937 726
573 890 914
89 784 229
653 711 672
901 904 662
767 958 767
310 499 310
75 126 868
109 471 310
404 817 817
569 927 338
859 899 866
31 983 528
358 681 681
19 639 639
540 1022 540
174 868 187
1 222 1
202 887 887
55 583 681
283 780 450
61 737 737
632 856 187
186 191 121
722 841 1
831 908 831
312 987 874
304 751 304
483 976 410
317 455 527
82 753 767
2 554 46
587 885 122
617 764 229
321 641 825
127 248 524
289 400 728
377 537 613
532 863 730
264 486 518
121 1021 121
445 946 445
476 536 672
658 1010 524
150 452 150
459 941 941
507 632 410
672 777 672
785 983 785
586 872 992
492 516 417
401 970 699
630 758 996
316 554 546
832 994 537
100 589 190
554 683 716
108 279 726
826 1013 1013
387 887 887
45 267 897
128 765 871
202 305 30
289 890 3
29 688 155
281 868 868
146 205 187
389 833 122
496 773 773
180 584 266
169 253 169
78 820 815
310 730 310
512 938 907
258 898 322
606 655 450
7 228 623
858 1006 30
238 500 500
626 903 903
330 457 330
17 158 972
70 677 336
614 773 773
141 869 141
988 1014 210
692 751 338
70 599 567
740 952 740
496 681 681
213 683 395
37 707 767
152 877 152
883 930 681
209 608 868
420 508 713
6 864 169
121 951 121
788 903 903
253 813 747
522 691 121
101 135 367
362 758 777
449 695 436
401 448 699
308 992 992
362 450 777
486 721 157
36 486 36
484 903 903
407 457 605
260 670 391
910 1004 152
633 860 528
314 486 632
356 913 511
824 1020 1020
361 366 972
105 526 1013
401 422 699
405 647 807
72 868 868
5 229 229
895 1020 1020
126 236 868
457 520 520
741 801 527
390 954 390
138 556 556
561 585 887
444 716 744
853 867 80
49 825 825
462 581 880
16 427 392
797 827 524
673 792 792
671 988 210
200 333 127
523 813 523
173 408 825
147 586 992
640 797 338
683 693 693
232 491 232
380 924 828
108 460 422
548 847 403
490 842 934
108 326 726
674 931 1021
450 892 450
89 510 828
321 655 450
465 845 960
169 831 169
63 462 873
797 807 978
583 1020 1020
620 779 232
155 593 155
389 1022 773
78 871 871
173 709 141
666 884 430
176 528 887
348 423 903
170 763 868
684 782 928
715 1013 1013
121 557 121
691 1010 691
20 750 527
51 245 996
140 171 693
78 1005 691
267 801 529
483 623 623
494 768 373
150 422 422
402 578 578
77 499 450
246 641 825
93 223 623
113 140 122
52 486 517
89 411 831
565 817 817
303 721 395
184 756 874
155 177 155
598 738 941
791 887 887
473 661 445
2 339 46
205 712 838
21 719 866
411 976 831
252 318 639
95 663 740
5 152 152
486 759 928
164 655 141
279 805 726
187 947 187
480 692 338
241 645 934
110 783 717
125 517 517
371 693 693
544 613 613
436 1012 436
36 517 517
384 923 828
309 391 391
124 177 378
469 691 691
309 781 851
34 594 792
267 373 529
32 368 32
210 933 210
486 743 671
425 797 978
670 924 828
133 975 391
647 1012 535
970 996 970
342 1002 992
18 985 831
8 905 8
216 703 312
347 552 844
159 876 169
661 937 907
625 960 960
35 542 396
155 320 155
216 829 312
312 757 312
690 805 254
486 935 914
532 1023 546
271 300 859
662 837 662
188 845 188
466 508 713
314 529 529
78 496 815
53 716 410
177 788 861
335 361 996
557 802 806
686 874 874
336 925 431
109 897 897
312 436 436
379 1020 1020
147 448 699
312 784 312
29 39 221
286 925 431
390 790 390
32 121 121
157 528 528
679 1018 679
388 700 221
539 817 817
432 643 540
466 560 978
434 675 474
307 715 445
152 475 152
411 989 682
804 937 804
411 600 36
350 564 136
60 418 292
357 745 980
324 781 605
488 920 903
157 215 546
200 204 127
128 941 941
829 868 868
81 559 970
31 91 521
210 764 210
37 839 254
724 931 1021
672 798 672
372 825 825
651 700 995
609 971 992
446 728 446
50 819 155
284 401 699
167 833 122
512 533 907
67 125 777
703 823 815
728 879 873
614 1014 436
312 716 312
97 646 1021
378 436 436
149 551 804
607 829 518
149 474 474
70 644 1013
680 991 520
260 868 868
187 267 187
707 815 815
251 1004 897
163 511 511
273 692 660
358 504 540
660 732 660
248 934 934
216 540 540
754 967 874
56 1014 210
823 984 815
350 376 122
822 840 1020
242 934 934
396 866 866
222 867 80
43 529 529
310 411 310
278 798 537
186 662 121
232 982 232
113 286 122
190 338 190
70 710 523
468 825 825
32 747 747
32 280 32
157 725 122
561 695 436
373 981 373
381 410 410
455 684 527
43 933 783
114 632 114
294 532 556
81 580 441
790 991 1020
720 749 747
242 764 172
182 986 446
84 95 511
427 920 392
834 985 834
137 810 430
371 783 292
283 486 391
465 540 540
692 880 880
864 961 961
82 486 767
110 674 190
755 834 834
889 909 700
271 569 338
193 959 951
136 871 871
393 642 613
705 989 436
100 714 535
62 617 229
93 431 726
33 502 502
91 835 521
339 635 662
88 907 861
77 486 928
135 798 537
510 682 828
92 551 639
156 943 159
55 300 229
181 310 310
31 56 430
200 551 639
209 630 757
686 709 152
545 612 304
499 670 450
16 993 1021
604 730 730
664 930 30
163 726 726
141 744 141
740 1013 1013
205 507 410
32 223 32
246 948 474
328 1020 1020
574 636 961
532 840 806
124 364 623
262 757 221
272 896 292
176 1020 1020
699 753 699
191 992 992
197 773 773
228 251 897
681 838 681
360 440 866
12 365 541
105 296 1013
89 119 188
298 542 396
273 290 660
795 964 1021
234 990 436
181 705 436
374 867 681
817 825 817
159 569 159
324 774 605
58 667 700
199 975 806
404 529 529
582 975 46
491 793 691
567 630 567
49 947 511
270 572 266
557 996 996
74 896 893
171 553 693
37 654 390
16 912 8
122 726 122
147 972 972
276 423 8
114 435 880
221 607 221
650 829 312
515 1016 553
804 824 172
514 1020 1020
518 723 518
831 880 880
636 842 517
644 1000 1013
32 538 844
537 790 1020
13 706 700
529 1014 529
28 592 502
345 408 825
275 836 836
35 876 169
708 727 556
242 780 450
104 995 995
64 301 578
312 887 887
382 911 373
421 486 716
642 1012 613
370 901 436
486 993 1021
842 956 391
266 583 266
826 966 127
668 780 450
311 661 788
111 815 210
265 686 152
192 592 693
39 623 221
266 626 266
156 976 831
1 146 1
596 880 880
443 959 834
289 333 3
182 966 446
155 293 114
56 746 446
52 485 330
50 824 172
75 403 403
659 698 698
541 983 541
207 612 150
1 725 1
177 379 188
156 333 188
792 934 792
278 760 992
792 839 792
86 853 218
545 549 304
570 1015 540
515 711 553
204 587 122
382 695 436
777 843 777
779 859 254
615 749 155
470 958 390
231 716 524
167 828 828
776 805 431
30 499 30
232 660 232
394 528 521
229 373 373
187 329 187
56 183 430
115 785 136
445 844 445
324 857 605
683 730 730
193 214 807
560 929 474
88 711 378
811 945 744
533 753 854
276 849 114
103 390 390
286 882 897
371 926 996
377 700 700
919 926 919
259 897 897
122 920 122
94 232 232
19 332 792
615 1004 155
393 410 410
705 901 436
478 765 995
168 248 441
700 871 700
326 865 834
321 830 757
390 428 390
156 485 330
210 579 210
35 152 152
391 849 114
511 758 511
639 809 236
815 986 815
86 291 218
277 832 422
486 942 7
30 762 30
1 791 1
45 365 897
291 553 553
625 716 716
112 866 866
486 968 517
233 503 567
284 493 893
323 418 978
20 679 679
585 593 887
596 891 972
475 969 232
471 643 540
622 817 817
390 667 390
743 916 671
303 806 806
122 601 122
267 518 529
904 1013 662
794 887 887
150 744 744
112 565 172
73 786 817
220 268 613
76 578 537
233 322 322
773 906 773
940 987 874
30 771 30
367 805 367
2 312 312
600 878 422
193 201 744
278 723 951
455 971 527
573 1024 114
553 600 553
5 923 682
121 652 121
342 371 992
187 390 390
159 985 159
559 792 792
176 880 880
332 821 792
623 866 866
641 881 825
515 776 553
8 166 8
728 928 728
187 746 187
903 969 903
420 671 671
273 403 403
927 960 338
74 101 893
486 983 528
576 747 747
346 992 992
422 537 422
23 29 817
342 1018 992
246 252 474
636 738 517
6 702 169
274 921 266
761 921 698
396 460 422
812 941 390
425 949 310
604 726 726
279 422 422
309 371 236
453 829 312
290 344 533
83 778 310
693 1019 693
486 646 838
589 658 190
430 923 682
90 887 887
459 682 330
89 225 785
271 662 662
530 769 941
233 846 804
540 593 540
378 509 292
364 972 972
948 1000 1013
43 639 639
484 715 445
155 692 155
117 707 392
700 897 897
549 875 395
885 931 662
200 776 431
536 588 672
147 795 396
120 647 817
163 640 338
259 815 529
19 996 996
471 908 310
170 356 511
504 879 540
437 570 62
335 677 996
350 988 210
78 153 815
614 943 436
693 888 693
153 792 792
563 958 713
166 774 893
221 426 221
644 880 880
336 625 336
379 511 511
25 425 417
585 772 941
284 608 868
94 102 868
429 486 80
321 598 941
188 485 330
748 1001 785
207 308 672
805 909 671
264 1021 1021
138 561 229
306 834 834
523 824 172
170 947 511
713 954 155
612 705 436
96 889 527
520 697 520
647 951 951
506 705 436
11 633 528
39 877 221
905 976 831
182 948 446
561 820 229
291 941 941
116 841 1
649 942 218
288 608 868
3 272 3
35 692 338
309 486 236
911 967 520
138 699 699
657 1020 1020
31 271 859
229 260 229
486 915 7
366 824 972
27 486 995
500 733 500
129 570 903
540 611 540
94 136 500
570 946 520
110 737 737
392 565 392
750 795 527
582 1012 46
387 425 785
951 1016 951
268 391 391
358 553 553
11 398 578
8 201 8
257 387 330
122 644 122
693 773 773
666 978 430
37 972 972
209 638 529
663 777 777
275 793 446
245 729 996
75 474 474
26 499 32
662 797 662
595 677 403
397 493 682
124 153 378
379 866 866
157 647 535
208 918 518
436 589 436
151 580 71
671 933 671
218 575 218
327 681 403
153 721 378
159 483 410
509 961 961
416 946 1013
245 908 996
74 275 893
524 979 524
447 603 403
306 424 533
307 685 941
362 548 403
166 868 868
374 542 681
155 433 155
221 341 221
774 977 441
329 865 874
72 538 844
162 531 698
63 457 605
399 980 980
678 979 236
267 669 529
523 998 523
76 575 980
877 960 960
21 210 210
785 999 785
620 880 880
155 297 155
638 1011 500
168 827 441
221 699 221
221 622 221
403 590 403
98 492 903
24 188 188
55 672 672
476 762 336
700 817 817
290 476 336
5 575 980
610 786 817
74 417 893
524 684 524
160 168 441
121 156 121
528 699 699
33 764 502
909 920 392
478 671 995
769 855 613
444 601 844
473 652 121
2 914 46
193 933 807
8 343 8
282 703 159
139 329 897
796 939 141
138 236 236
744 981 446
9 943 961
122 132 122
530 1003 941
440 504 540
664 740 700
165 935 567
155 885 155
229 935 229
390 704 390
632 1006 30
155 409 155
454 893 232
641 792 792
486 582 46
563 834 834
601 706 844
133 156 391
69 915 7
486 533 533
476 737 737
88 733 861
291 836 728
119 472 80
350 512 767
461 830 757
186 404 121
141 232 232
484 699 887
14 700 700
52 132 517
172 518 518
394 827 524
204 732 907
478 881 995
781 784 229
114 210 114
186 811 121
293 857 114
89 381 716
468 486 740
796 867 80
842 933 391
469 627 1
667 880 880
252 826 639
459 987 874
69 639 639
815 944 815
39 312 221
150 810 150
538 1011 844
88 528 528
2 422 422
442 804 578
727 817 817
400 952 728
492 938 788
657 720 747
231 443 834
326 969 232
318 866 866
692 961 961
152 232 232
647 996 996
792 922 792
680 920 520
112 399 62
672 770 672
270 435 880
403 941 941
489 539 698
120 1023 817
597 757 445
28 933 502
569 839 254
764 836 836
768 840 919
448 917 897
808 819 155
382 559 970
56 880 880
181 341 304
443 931 1021
190 938 190
732 762 336
605 633 605
436 604 436
388 527 527
174 356 187
114 858 114
80 780 450
203 901 121
786 992 992
995 1019 995
187 572 187
716 934 934
382 486 871
306 355 914
700 811 700
502 864 169
368 838 838
82 582 767
471 710 310
692 886 338
336 428 218
660 850 660
214 764 836
125 971 660
489 681 681
26 652 121
379 544 188
233 873 873
44 57 396
247 747 747
116 390 390
507 810 410
521 696 521
445 484 445
446 730 446
100 967 520
426 453 871
266 931 266
693 712 693
550 978 978
71 486 71
1019 1024 114
254 1001 254
582 703 815
80 1001 785
227 466 978
284 887 887
341 496 304
161 887 887
232 869 232
32 400 32
94 212 500
4 682 392
178 751 972
331 486 1020
308 983 672
551 607 518
913 930 30
109 565 995
3 252 3
370 941 941
817 997 817
486 877 222
112 897 897
140 900 740
309 801 236
349 412 155
392 511 392
1 945 1
662 889 662
201 670 744
474 664 474
183 742 441
265 764 817
983 1009 150
207 303 395
630 1012 960
834 1008 834
582 756 679
687 992 992
161 366 972
469 486 32
437 465 62
22 494 373
316 521 546
92 502 502
21 860 605
25 702 825
448 968 517
38 886 851
757 943 159
376 390 390
115 393 136
154 871 871
908 924 828
108 218 218
342 732 992
296 698 698
93 713 726
151 228 623
22 938 136
75 777 777
97 681 681
239 661 788
146 1010 187
245 311 996
77 410 410
446 825 825
134 306 730
662 1022 662
397 783 682
615 667 155
4 786 817
186 431 121
107 355 914
517 707 517
216 250 312
11 966 127
251 610 897
888 941 941
782 960 960
567 978 567
692 752 817
781 932 851
246 995 995
189 548 403
306 315 546
728 912 728
36 270 36
848 897 897
302 558 517
616 959 613
229 766 699
711 832 537
114 527 114
644 741 1013
157 649 218
123 511 511
652 716 121
122 665 874
690 1014 254
119 986 717
122 698 122
21 217 866
507 603 410
195 925 396
521 620 232
571 731 553
897 904 897
1 362 1
486 932 3
302 843 838
286 304 431
107 627 1
94 221 500
447 977 403
553 1013 1013
160 233 304
28 359 330
13 752 817
825 993 825
384 406 828
445 554 445
17 155 155
648 892 141
37 796 767
393 857 605
158 961 961
43 489 698
267 584 266
7 550 7
519 708 556
375 400 254
193 1005 691
169 747 169
626 810 266
130 486 880
740 916 671
46 241 804
885 944 662
362 527 527
261 619 961
554 854 836
238 248 524
224 565 541
562 744 744
30 735 30
429 638 529
121 635 121
511 742 511
361 377 613
610 758 996
82 858 30
212 511 500
640 927 338
576 661 556
259 306 529
203 447 121
190 610 190
647 721 535
235 656 390
939 943 159
268 594 792
367 980 980
438 493 410
156 424 188
402 876 169
355 972 972
284 592 854
156 989 682
468 728 740
669 726 726
214 936 312
278 365 541
819 913 155
613 671 613
166 272 893
620 654 390
228 1003 747
59 110 679
247 599 699
390 638 390
191 329 874
26 299 32
600 654 390
797 935 978
239 267 529
554 1012 836
284 805 861
410 762 410
486 831 831
89 713 713
449 903 903
192 486 693
260 911 373
494 1021 1021
197 208 500
589 608 868
70 239 859
118 846 804
767 860 767
3 91 521
181 832 537
230 827 713
93 275 726
331 822 1020
515 637 961
792 937 792
466 562 304
79 941 941
390 691 390
400 471 310
163 813 367
751 899 866
152 266 266
190 567 567
554 972 972
197 738 500
424 826 127
387 486 785
781 995 995
486 902 523
339 903 903
556 948 556
738 972 972
371 557 578
361 779 254
101 161 972
281 961 961
161 217 972
229 710 229
188 668 441
320 918 232
152 381 152
276 426 871
402 612 546
213 712 838
226 921 679
458 508 880
286 481 828
194 972 553
903 999 903
303 446 446
194 396 553
850 964 1021
662 689 662
658 806 806
367 1015 540
724 854 1021
122 527 122
739 941 941
167 411 312
275 748 440
327 365 403
469 995 32
356 964 1021
827 865 834
606 957 529
662 793 662
551 589 190
894 960 730
156 468 740
64 112 578
307 830 757
231 824 172
702 736 825
565 872 392
216 918 312
180 663 740
390 956 390
397 431 682
556 853 556
650 995 995
692 820 338
576 973 390
501 553 445
141 980 980
162 404 698
92 570 62
694 855 699
198 278 159
303 559 970
48 648 141
419 805 121
446 741 527
19 508 713
781 983 851
222 591 422
151 820 71
37 350 767
280 934 934
662 801 662
102 460 868
91 176 887
398 546 578
776 854 431
225 716 785
461 843 410
986 1023 546
19 868 868
737 978 737
954 1024 114
18 623 623
373 463 373
71 512 71
602 915 844
408 967 520
859 885 662
242 805 172
32 408 825
42 897 897
149 205 804
154 959 951
300 520 520
170 924 828
410 768 919
169 372 169
292 1010 524
205 693 693
436 518 436
535 542 396
445 619 445
384 614 828
854 865 834
187 433 187
591 921 679
193 841 1
503 891 815
41 602 844
671 712 838
418 989 682
121 1013 121
807 825 825
165 747 747
117 585 887
834 879 834
77 200 928
229 385 229
199 888 806
410 432 410
486 763 868
598 662 941
47 817 817
87 758 996
343 862 150
185 591 540
282 997 682
593 903 903
271 1016 172
616 822 1020
111 773 773
616 642 613
114 529 114
90 303 792
365 394 541
807 986 807
105 721 1013
107 897 897
663 890 740
701 791 322
274 647 266
76 430 537
164 1020 1020
355 708 556
726 1006 30
868 925 868
365 393 541
523 887 887
682 930 30
709 716 716
451 490 934
244 945 222
74 315 546
792 965 792
82 331 1020
465 671 671
230 621 713
575 868 868
101 312 312
409 538 844
247 991 520
542 582 396
540 929 540
208 644 1013
222 300 222
525 686 152
919 934 934
522 802 121
147 610 396
427 579 392
169 888 169
307 650 682
266 613 266
346 800 744
556 682 556
390 802 390
111 668 210
109 367 995
177 835 861
500 980 500
445 630 445
353 560 693
31 658 632
168 922 529
107 551 639
23 540 540
72 283 32
929 937 474
161 564 972
845 893 46
27 390 390
794 841 1
187 274 187
322 948 322
8 1002 8
537 986 537
150 486 150
241 507 410
233 561 229
78 474 474
364 520 520
137 788 154
491 613 691
579 583 681
693 938 693
314 433 1020
126 328 868
489 534 698
335 889 700
113 168 122
694 757 699
277 460 422
420 855 737
421 679 679
51 473 445
13 380 919
253 840 747
790 822 1020
23 469 817
202 722 934
171 653 672
493 506 893
389 997 773
15 214 62
10 113 122
292 434 222
501 988 445
737 998 737
64 205 578
447 903 903
181 593 691
527 953 527
856 941 941
312 808 312
287 754 874
4 114 114
662 740 662
14 821 951
178 941 941
106 606 992
681 749 681
473 767 445
16 514 152
91 952 521
194 515 553
30 921 679
561 699 699
305 431 30
234 469 32
762 978 336
229 927 229
326 336 336
662 934 662
133 154 391
141 800 141
520 1001 520
289 887 887
104 941 941
497 941 941
149 729 804
784 1015 540
719 856 187
237 726 660
432 446 446
692 821 80
245 582 996
676 954 155
695 780 436
219 748 521
26 49 32
200 580 807
689 902 523
336 795 336
540 751 540
125 1015 540
196 776 431
634 864 169
704 927 338
423 926 996
691 916 691
76 333 537
599 623 623
880 888 880
156 796 716
50 377 613
631 980 980
169 690 169
29 1021 1021
380 698 698
19 389 773
338 733 338
110 637 961
122 981 122
597 718 445
500 536 500
346 852 553
240 580 851
535 834 834
86 329 874
219 671 671
686 823 152
91 551 521
408 445 445
48 282 159
348 779 903
295 370 679
86 469 32
385 779 254
59 118 679
544 862 524
752 873 817
114 761 114
373 473 445
57 851 851
261 297 961
771 1002 671
688 880 880
157 717 717
352 403 403
408 613 825
370 499 679
436 1021 436
284 769 613
966 982 679
93 919 919
718 941 941
213 726 395
134 418 730
693 694 699
610 928 928
186 880 880
592 939 141
692 789 338
440 635 662
849 941 941
184 320 874
232 850 232
483 1001 410
226 822 1020
3 394 521
42 360 868
166 980 980
42 110 868
228 752 817
238 527 527
486 850 190
162 574 961
155 802 155
517 988 517
338 392 392
672 1006 672
242 326 172
437 774 62
242 624 172
499 655 450
26 178 32
884 933 3
187 525 187
31 434 222
271 874 874
897 990 897
306 425 907
414 970 970
611 806 806
462 812 390
390 904 390
190 733 190
105 299 1013
119 513 8
98 897 897
415 810 632
4 373 373
534 1020 1020
54 647 528
564 832 136
919 947 919
511 1021 1021
797 978 978
120 121 121
658 726 726
352 647 623
643 649 540
40 601 844
90 285 792
395 457 395
215 245 996
683 699 699
14 923 682
765 937 907
69 533 788
181 998 632
207 831 150
147 670 396
411 914 831
681 906 232
448 748 699
447 796 403
572 1007 266
517 979 517
198 867 159
21 757 757
394 468 740
82 617 229
100 733 861
817 923 817
300 634 169
444 513 8
121 762 121
121 755 121
163 996 996
553 571 553
602 935 844
277 627 1
403 459 403
359 614 436
486 583 681
698 966 698
313 486 7
641 724 825
115 484 887
268 438 410
330 720 330
155 546 155
380 653 672
393 424 807
513 547 8
279 559 970
396 803 396
55 840 806
90 590 792
475 919 681
465 1008 960
461 573 757
883 939 681
689 908 523
275 661 788
265 752 817
325 398 159
153 291 728
612 971 660
479 817 817
118 493 893
700 1013 1013
153 938 378
91 520 520
474 827 474
76 744 744
637 1022 773
99 969 662
101 904 662
238 344 737
545 838 838
276 378 8
2 357 150
64 635 662
250 770 970
393 825 825
1 305 1
637 828 828
36 562 36
206 484 903
97 533 1021
43 582 46
24 608 868
182 232 232
452 759 190
41 426 844
852 875 553
714 937 535
198 585 887
845 991 520
535 931 1021
428 737 218
22 176 887
112 194 553
335 921 679
370 982 679
822 1024 114
123 421 716
187 823 187
767 1004 450
334 995 995
29 829 806
101 190 190
602 996 844
781 944 502
104 486 873
2 368 446
165 628 32
453 610 567
373 770 373
330 713 330
445 463 445
131 725 122
7 422 422
333 344 907
129 187 187
398 871 871
360 692 866
461 556 556
527 609 527
538 692 844
527 862 527
174 941 941
682 948 682
3 513 8
104 934 934
517 628 517
83 990 436
175 197 500
493 515 553
698 759 698
791 937 367
221 752 221
499 742 450
141 647 141
46 529 529
86 556 218
232 487 232
5 877 395
13 635 662
211 501 445
310 428 310
421 436 436
624 858 30
64 157 578
964 973 390
429 523 523
304 779 254
285 556 792
83 121 121
250 722 934
593 843 691
114 607 114
271 742 441
95 639 639
90 366 792
541 745 980
358 833 122
467 846 698
607 782 518
205 886 3
870 916 671
693 843 693
446 910 152
403 469 403
147 446 446
22 708 556
218 306 218
501 879 445
462 589 873
306 781 851
171 207 693
928 979 928
246 699 699
149 679 679
33 914 502
529 756 529
393 783 807
613 631 613
672 768 672
11 424 533
578 769 613
207 1020 1020
360 719 866
61 747 747
611 926 996
200 647 127
286 1002 671
474 639 474
172 660 660
374 883 681
114 302 114
170 869 511
553 767 553
99 826 662
266 763 868
373 553 373
605 752 817
32 811 32
288 894 834
205 782 928
109 390 390
402 563 713
224 350 541
265 486 817
398 498 1
441 711 441
443 730 834
103 318 114
182 995 995
138 805 639
747 902 747
486 789 367
107 573 914
518 880 880
255 426 871
189 533 783
591 691 691
216 331 1020
119 290 533
445 816 445
410 737 410
43 150 150
21 934 934
94 122 122
378 420 737
444 792 792
94 277 500
132 844 844
232 469 232
80 526 767
440 486 440
449 833 122
420 436 436
31 341 304
239 740 740
838 999 838
10 920 392
95 818 1
1 196 1
259 744 529
467 787 698
538 540 540
764 795 836
814 872 403
239 592 854
93 227 726
311 599 567
151 508 713
173 451 141
368 876 169
271 506 893
182 446 446
634 740 169
880 924 880
322 415 322
103 247 114
174 993 187
407 728 728
119 569 338
216 261 961
682 906 232
249 979 187
344 456 890
813 873 873
271 410 410
56 330 330
5 102 868
187 251 187
80 284 80
201 429 744
134 982 679
232 861 232
628 640 32
188 885 662
186 361 121
259 847 529
312 613 312
1 504 1
229 939 229
310 540 540
215 1023 546
113 833 122
105 644 1013
742 1001 785
753 860 854
425 534 672
516 586 992
114 188 114
489 517 517
612 868 868
894 962 730
214 845 46
836 1008 960
655 914 450
561 735 229
1 754 1
506 838 838
458 530 941
689 970 970
350 523 523
194 261 961
94 1016 500
535 553 553
681 1017 681
288 867 834
428 607 518
684 859 854
486 802 806
788 859 859
37 871 871
347 586 992
305 838 838
159 889 700
233 498 1
678 850 190
292 325 159
119 424 533
85 759 187
43 533 890
279 661 726
118 314 632
4 960 392
306 795 836
187 710 187
169 602 169
512 794 792
329 874 874
112 159 159
395 750 527
218 693 218
154 391 391
451 925 210
538 785 844
706 892 700
265 1020 1020
220 311 613
293 389 114
340 784 527
233 1004 450
198 727 474
741 874 874
201 980 980
111 138 210
101 846 804
24 604 831
803 956 726
233 662 662
486 754 874
311 984 859
122 897 897
256 422 422
312 577 312
253 773 773
100 468 740
187 415 187
991 1020 1020
46 557 578
3 330 330
17 294 972
30 660 660
112 913 873
85 922 187
175 594 221
912 1013 1013
523 600 523
835 934 934
505 583 681
77 919 919
43 1004 450
175 771 221
775 824 7
670 871 871
181 217 866
212 279 500
184 385 874
133 1018 728
777 1017 312
75 527 527
705 828 828
437 508 713
217 729 866
45 912 897
678 795 236
25 573 417
791 971 660
708 765 556
171 416 1013
334 857 834
253 445 445
434 576 556
396 977 396
193 204 807
140 414 740
119 266 266
614 642 436
187 497 187
601 929 844
377 467 698
326 430 71
218 1010 218
56 401 699
845 960 960
11 625 914
100 850 190
93 504 540
311 954 155
254 435 880
188 432 815
538 903 903
527 1007 527
340 496 527
449 822 1020
402 426 871
164 438 410
214 709 322
635 975 662
422 498 1
190 486 190
121 403 121
29 950 373
704 843 410
257 281 330
709 877 322
533 608 868
161 221 221
679 972 972
20 218 218
579 669 36
451 980 980
410 758 410
172 955 7
7 21 7
773 949 773
277 371 422
403 585 403
250 394 521
451 864 169
76 934 934
451 712 838
128 737 871
713 900 713
310 909 310
457 569 605
53 578 410
844 880 880
450 606 450
777 892 777
587 831 122
451 843 410
467 761 698
31 791 367
413 999 36
229 759 229
669 866 866
233 236 804
600 999 36
522 941 941
333 708 556
690 899 866
503 893 567
314 331 1020
68 611 523
60 529 529
221 334 221
743 975 671
104 224 873
689 953 520
511 722 934
211 511 511
232 270 232
533 555 681
486 779 254
38 908 851
11 993 1021
124 711 378
302 486 838
492 506 893
35 149 338
71 971 660
228 449 919
51 64 578
54 722 934
352 585 887
62 869 737
165 985 831
440 661 788
587 780 122
710 986 523
436 595 436
778 866 866
901 981 436
161 1013 1013
177 486 861
527 947 527
282 615 155
791 810 430
20 519 556
267 991 520
192 527 527
316 364 623
229 887 887
47 836 737
215 309 236
305 387 30
478 1002 995
155 840 155
169 903 903
198 486 159
686 972 152
438 796 410
44 531 396
26 121 121
462 992 992
527 574 527
655 986 450
854 957 529
503 823 815
119 519 556
703 941 941
666 852 553
731 878 553
660 785 660
484 486 887
402 1001 785
821 955 7
337 484 773
713 996 996
446 996 446
248 997 682
395 693 693
424 838 838
353 816 693
307 678 578
384 573 828
711 881 693
315 1014 210
338 669 338
102 763 868
761 981 698
376 499 122
22 486 136
309 484 887
19 965 8
306 652 121
29 961 961
360 991 520
218 462 218
855 934 934
74 182 446
374 748 681
16 870 8
152 467 152
486 826 127
126 790 1020
942 955 7
447 553 403
561 792 792
31 908 440
191 868 868
145 486 1
502 748 502
332 445 445
14 582 951
254 682 682
690 715 445
204 564 136
662 767 662
471 629 310
553 726 553
326 702 825
52 484 517
631 719 866
691 722 691
405 710 523
203 699 121
98 488 903
229 892 229
651 809 995
310 866 310
54 1009 150
403 837 403
566 844 844
599 886 567
174 596 187
69 349 378
618 975 728
681 974 681
338 459 330
330 1003 330
874 990 874
33 483 410
208 220 518
685 880 941
235 342 773
726 845 726
389 493 773
64 859 578
469 498 1
654 925 390
464 872 392
533 868 868
686 938 152
842 868 868
512 639 639
149 311 804
425 533 907
61 696 890
583 1013 1013
1 643 1
775 985 7
63 134 730
29 48 806
306 545 304
510 941 941
189 673 919
387 761 698
38 807 851
247 494 699
534 631 672
341 371 304
77 208 518
541 753 541
359 687 330
219 624 80
187 235 187
374 868 868
747 981 747
532 551 639
123 639 236
466 797 978
303 617 229
863 934 934
573 935 914
225 673 919
44 314 396
786 881 817
731 968 517
302 810 838
374 456 681
162 668 698
446 492 446
157 207 150
542 1004 396
133 726 726
32 883 681
568 907 828
295 661 788
516 675 474
310 949 310
83 908 310
516 711 417
541 544 541
690 716 254
152 658 152
259 979 529
25 728 728
92 304 304
602 921 844
279 635 662
420 723 951
155 641 155
26 993 32
431 677 431
201 244 744
243 662 662
161 724 1021
182 722 934
354 377 773
445 599 445
107 221 221
110 662 662
232 699 232
296 409 541
1 543 1
319 486 310
349 861 378
231 980 980
148 553 553
310 713 310
152 536 152
88 321 859
691 768 691
593 847 691
610 675 474
36 60 36
425 830 757
122 337 122
310 352 310
420 1010 524
122 982 122
63 271 730
94 872 500
19 187 187
459 862 330
640 765 338
28 484 887
267 479 529
380 966 919
541 773 773
478 768 995
670 908 391
13 848 266
242 343 172
13 302 838
305 771 30
341 994 304
392 789 392
173 194 553
767 796 767
424 425 907
13 603 541
59 1020 1020
23 1013 1013
594 794 792
195 757 757
35 860 338
874 1000 874
19 61 154
373 551 373
123 980 980
609 1013 1013
33 88 502
223 486 623
720 865 747
133 947 511
172 302 838
726 982 679
514 941 941
20 56 159
174 880 880
282 833 122
677 823 815
112 480 236
536 672 672
486 744 744
877 945 222
390 517 390
702 992 992
729 849 114
97 746 1021
711 854 854
286 730 730
137 664 700
390 652 390
62 697 605
339 866 866
693 970 693
222 794 792
226 866 866
161 178 972
31 576 556
562 1018 728
730 857 605
395 742 395
51 554 836
693 702 825
660 726 660
49 648 141
389 733 773
203 231 121
272 382 871
349 732 378
401 668 699
547 756 679
323 905 978
176 827 887
509 938 292
469 651 32
347 750 527
4 992 992
1 107 1
296 971 660
133 768 919
317 506 322
486 1002 671
2 625 46
95 621 804
291 557 728
64 842 391
140 310 310
40 500 500
71 838 838
114 445 114
208 531 518
445 638 445
554 851 851
564 810 136
438 1017 312
445 838 445
42 828 828
278 524 524
486 1014 210
499 559 970
159 531 159
155 406 155
603 717 851
561 948 229
336 689 523
7 919 919
904 941 941
185 881 540
69 919 919
833 974 122
184 321 874
506 767 767
272 938 854
3 441 441
488 903 903
72 403 403
435 577 880
520 862 520
81 748 441
231 584 266
84 507 511
2 258 46
298 809 671
372 700 700
81 585 887
366 443 972
55 72 32
687 974 330
159 866 866
18 944 502
76 321 537
199 679 806
266 685 941
490 995 995
414 562 744
14 450 450
709 943 159
625 779 254
52 88 517
200 945 222
518 843 518
317 780 450
231 1010 524
212 961 961
449 880 880
28 671 671
320 1002 232
204 456 890
661 1002 671
57 658 632
824 1010 172
140 486 740
14 618 728
155 370 155
175 510 828
410 902 410
161 469 32
325 496 159
239 295 440
194 783 553
59 667 679
240 306 851
1 581 1
336 517 517
540 630 540
449 965 919
137 266 266
740 820 740
161 486 972
757 838 838
14 254 254
951 962 951
195 938 396
106 650 992
789 791 367
353 628 32
662 682 662
478 817 817
132 435 880
452 792 792
269 652 121
696 807 807
94 266 266
618 711 728
121 571 121
229 982 679
547 732 378
486 705 436
155 313 155
412 859 155
860 1008 960
252 516 417
344 633 528
156 985 831
109 441 995
91 921 679
163 732 367
25 399 62
278 398 537
641 804 825
424 846 804
576 760 992
586 662 662
330 797 330
377 413 613
474 676 474
108 817 817
520 988 520
806 866 806
196 827 431
124 484 887
682 773 773
54 133 391
153 225 785
758 811 744
307 999 36
952 970 970
122 261 122
436 561 436
43 758 996
33 167 312
491 996 691
124 257 330
47 641 825
275 729 440
870 955 7
185 1007 540
316 692 338
425 511 511
492 633 528
100 886 3
735 922 529
474 661 474
669 731 553
118 279 726
112 625 430
360 387 866
157 1023 546
542 645 934
208 640 518
153 432 815
21 917 897
267 957 529
552 893 934
128 473 445
87 1023 546
266 462 266
486 847 970
36 420 36
154 966 127
750 1009 527
315 759 928
456 582 46
786 792 817
761 804 698
403 1002 403
347 601 844
159 434 159
705 961 436
573 954 155
557 683 716
749 844 844
473 569 445
81 282 159
624 820 80
550 691 691
486 584 266
500 923 500
13 236 541
80 677 80
200 658 632
379 477 336
174 995 187
390 489 390
114 867 114
194 808 553
161 983 972
508 553 553
310 747 310
145 510 1
622 1007 691
676 1019 623
337 631 773
242 579 172
33 1022 773
579 862 36
397 742 682
163 320 232
16 433 1020
198 1017 312
79 773 773
28 640 502
466 971 660
357 783 150
517 686 152
187 454 187
778 989 866
147 966 396
43 239 890
865 902 834
556 728 556
279 688 155
17 263 972
91 326 71
469 887 887
241 875 395
223 839 623
46 436 436
810 926 996
296 850 541
438 662 662
574 590 961
120 518 817
278 807 537
292 669 639
963 988 1013
43 657 747
38 883 681
470 812 390
77 827 524
227 901 436
590 1013 1013
47 228 623
227 726 726
149 939 141
234 517 517
528 900 154
316 907 546
486 946 520
538 769 844
778 899 866
355 902 523
190 910 152
613 811 613
387 436 436
773 1001 773
20 198 159
181 210 210
220 600 613
365 915 541
92 290 639
765 840 806
405 785 785
807 817 817
545 810 304
726 1020 1020
535 669 639
400 1007 691
156 211 188
446 677 446
54 690 254
113 885 122
764 844 844
235 337 773
34 486 474
234 390 390
146 941 941
390 597 390
224 365 541
635 803 662
109 122 122
390 946 390
707 851 851
320 851 232
90 625 792
707 973 390
83 520 520
835 979 535
249 297 187
557 716 716
403 732 403
718 744 834
24 935 717
660 773 773
511 978 511
486 896 292
716 956 716
194 828 828
185 349 540
107 486 914
387 938 785
958 1018 728
581 908 880
398 828 828
990 1018 436
874 922 874
186 203 121
25 596 972
734 824 218
41 459 844
370 486 679
495 772 941
379 759 928
272 753 854
333 684 854
553 994 553
344 688 155
20 415 159
281 444 373
46 734 218
51 290 854
387 593 691
152 197 152
119 805 533
176 928 887
174 442 187
109 530 941
486 519 556
557 611 523
183 366 972
106 258 992
694 1001 699
73 883 681
337 433 1020
259 447 403
270 398 578
196 395 395
268 427 392
472 842 80
731 940 169
97 246 1021
731 792 792
342 990 436
326 711 71
100 242 172
155 460 155
37 545 767
233 899 866
230 414 744
479 947 511
517 594 517
219 444 744
803 969 232
636 992 992
222 533 222
491 622 691
486 824 172
460 733 422
878 893 422
547 876 169
716 954 155
1 958 1
204 946 520
136 465 136
428 975 218
597 631 445
141 180 141
287 770 970
349 953 520
79 712 518
513 921 679
622 808 691
350 546 767
498 871 1
527 708 527
267 390 390
641 712 825
8 541 541
330 739 330
7 846 7
156 896 188
39 629 221
25 614 436
486 653 672
277 334 834
347 615 155
583 956 681
403 596 403
460 991 520
897 987 897
138 769 613
13 989 682
187 289 187
252 603 851
658 753 632
425 721 157
1 1020 1
469 925 32
645 1020 1020
396 566 980
178 870 972
105 963 1013
15 450 450
315 516 546
527 943 527
773 893 773
521 744 744
520 619 520
815 859 815
685 886 941
191 941 941
350 876 169
165 438 410
290 1012 533
285 475 681
138 966 639
225 396 785
273 625 660
369 794 792
525 540 540
840 870 806
578 699 699
580 823 815
54 708 556
681 751 681
35 159 159
623 827 623
45 1016 897
224 517 517
534 664 672
259 684 529
239 908 440
306 661 788
123 191 728
167 1004 312
325 470 390
328 807 152
309 694 699
182 515 553
619 625 310
150 817 817
571 698 698
185 234 540
3 232 232
168 395 395
54 914 914
234 691 691
85 208 187
26 890 32
225 546 785
352 868 868
809 903 903
519 701 556
211 806 806
736 842 825
436 840 436
490 663 934
392 753 392
92 150 150
301 1012 367
487 699 887
478 639 995
405 818 1
746 755 873
628 828 828
667 1016 700
350 958 767
300 590 737
72 152 152
278 422 422
903 1021 903
734 905 218
490 731 934
410 579 410
148 751 871
436 802 436
122 585 122
332 597 445
377 409 613
252 832 537
486 977 441
548 795 403
702 709 825
405 517 517
111 451 210
36 691 691
737 892 391
38 809 851
267 517 517
222 603 851
512 788 907
223 515 553
283 960 391
129 973 390
709 983 322
445 802 445
486 720 747
221 480 221
120 725 122
830 973 390
122 526 122
393 990 436
72 457 32
340 742 527
450 965 8
266 925 266
681 708 681
247 700 699
91 544 521
14 718 834
6 759 169
394 550 521
364 582 623
157 835 535
677 767 767
661 1010 524
95 306 535
376 755 122
25 422 422
810 951 951
188 295 188
129 376 122
436 769 436
422 943 159
446 678 446
250 709 322
494 950 373
17 513 972
255 699 699
160 715 445
403 473 403
343 385 150
140 164 141
486 936 312
97 1021 1021
187 288 187
347 956 844
516 918 36
66 369 887
299 961 961
431 453 431
82 928 767
20 880 880
68 343 150
626 773 773
135 589 190
54 603 851
83 663 310
181 270 836
430 922 529
11 765 440
908 984 859
654 996 390
53 221 221
137 795 836
352 773 773
182 821 446
114 910 114
418 800 744
631 757 757
302 369 518
428 734 218
347 932 844
102 735 868
622 743 691
220 643 540
13 83 310
378 477 336
344 493 893
257 903 903
556 785 556
196 682 682
152 667 152
649 872 218
498 704 1
563 752 817
872 1000 1013
618 757 757
433 996 1020
288 312 834
109 901 436
150 346 150
71 229 229
699 1001 699
214 323 978
140 689 740
136 903 903
207 965 8
55 108 229
220 642 613
259 267 529
38 980 980
537 592 537
19 582 46
196 740 740
169 448 169
302 664 838
163 486 367
203 486 121
71 930 30
254 696 254
771 936 312
41 330 844
331 433 1020
13 135 541
66 791 887
87 728 728
345 736 825
634 673 169
791 859 367
633 699 699
376 592 122
239 275 440
222 1021 1021
5 581 880
43 141 141
118 516 417
215 275 546
456 602 844
98 703 903
135 410 410
308 341 672
456 512 890
121 376 122
137 562 304
35 486 338
392 708 556
30 853 30
98 774 903
440 826 127
567 944 567
60 244 222
272 435 880
422 723 422
659 919 919
88 773 773
486 553 553
204 849 114
284 452 190
813 992 992
297 551 221
321 890 859
527 1020 1020
208 380 518
757 896 757
122 187 187
284 867 80
725 906 122
457 952 605
517 532 517
187 600 187
148 598 941
188 782 928
4 76 392
106 795 992
196 479 431
502 961 961
480 773 773
448 493 699
667 914 700
25 72 32
4 395 392
550 1012 859
263 459 330
764 896 292
163 289 367
377 955 613
239 835 535
465 748 960
123 486 236
168 931 1021
32 353 32
182 793 446
467 477 698
627 913 1
71 729 71
70 604 831
218 410 218
147 745 980
358 880 880
700 998 700
50 404 172
595 683 403
477 652 121
58 1009 150
420 804 737
307 599 567
10 835 740
264 594 792
595 609 403
393 865 834
671 882 897
379 868 868
193 1023 546
199 832 806
618 699 699
91 346 521
395 880 880
478 862 995
638 773 773
425 532 717
854 932 3
260 832 537
317 367 322
20 748 159
461 544 757
35 200 338
1 291 1
144 399 980
67 489 698
93 576 556
429 745 980
313 366 972
486 931 1021
486 857 605
29 506 806
147 533 396
270 556 556
6 880 880
624 650 682
236 810 236
700 780 700
110 775 7
289 486 3
233 776 431
254 297 221
410 806 806
742 913 873
8 302 838
472 486 80
444 800 744
22 718 834
781 1020 1020
405 905 222
432 581 880
107 662 662
60 508 713
598 728 941
155 615 155
177 633 528
6 746 169
53 507 410
445 462 445
187 707 187
594 636 517
432 461 757
19 928 928
160 838 838
603 951 951
50 155 155
417 580 807
59 187 187
138 599 567
403 847 403
122 679 122
617 824 229
254 666 254
221 571 221
188 583 681
661 777 777
519 747 747
587 769 122
36 139 897
180 600 36
591 831 422
168 950 373
948 983 322
484 674 887
282 654 390
578 867 80
880 946 880
499 740 450
10 674 740
640 1024 114
114 253 114
605 673 919
54 193 807
335 700 700
436 491 436
4 995 995
958 984 713
549 1008 960
666 966 430
630 868 868
535 696 890
48 689 523
525 861 152
41 455 527
417 557 578
312 889 312
530 774 941
797 823 815
1 685 1
325 817 817
200 373 373
594 850 792
76 300 537
59 264 518
62 569 62
434 859 222
716 862 524
289 714 3
244 310 310
248 755 873
47 528 737
362 518 518
412 558 155
657 961 961
445 456 445
114 757 114
143 270 528
169 314 169
126 972 868
28 385 502
880 1024 880
59 576 556
697 714 605
844 898 844
668 1021 1021
229 945 229
342 824 992
252 268 71
663 993 1021
196 582 431
557 899 866
681 862 681
66 215 887
389 625 773
753 992 992
62 110 62
111 972 972
114 987 114
210 276 8
395 512 395
217 861 866
929 956 474
551 611 523
436 658 436
62 836 62
152 246 152
190 868 868
865 995 995
685 941 941
993 1024 114
166 692 338
736 795 825
486 508 713
114 511 114
239 555 681
116 778 500
216 852 553
187 906 187
117 783 392
250 1024 114
64 628 32
599 882 897
486 543 880
268 388 221
377 807 613
394 446 446
167 501 445
483 905 410
265 648 817
228 545 623
632 747 747
193 227 521
55 728 229
90 500 500
290 574 961
155 348 155
188 975 188
234 889 32
384 1018 828
450 800 450
570 991 520
513 1018 8
478 811 995
719 828 828
694 844 844
20 231 159
500 999 500
390 992 390
138 526 767
349 524 524
665 1006 874
671 775 671
261 486 961
157 212 500
137 445 445
742 976 831
83 339 310
403 759 403
231 868 868
54 663 740
1 786 1
699 977 699
541 780 541
486 649 218
41 601 844
486 866 866
742 789 441
121 563 121
362 723 777
290 300 11
538 961 961
398 774 578
120 500 500
60 268 71
552 645 934
145 498 1
289 635 662
753 907 854
395 668 395
756 1013 1013
121 356 121
390 524 390
92 836 639
158 952 806
266 373 266
119 985 831
9 1009 961
166 869 737
52 968 517
21 672 672
111 273 660
171 766 699
44 701 396
333 979 157
439 880 880
485 755 330
66 441 887
699 957 699
59 373 373
455 991 527
109 232 232
591 849 114
682 917 897
485 773 773
213 671 671
610 696 836
398 647 578
295 306 533
433 793 1020
175 787 221
101 699 699
478 843 995
196 934 934
429 821 80
177 668 441
496 614 436
441 1013 1013
295 549 783
862 919 919
641 903 903
144 667 980
21 486 605
114 1001 114
101 783 417
66 474 887
36 240 36
110 903 903
315 321 546
1 941 1
463 838 838
495 760 941
4 934 934
242 618 728
101 239 417
503 557 567
139 552 897
557 971 660
642 934 934
81 666 441
896 965 8
350 383 747
464 619 310
166 679 679
838 981 838
634 950 169
428 511 218
238 661 737
33 468 740
16 261 961
15 713 713
486 949 310
43 666 430
973 990 390
391 782 391
483 804 410
186 250 121
867 1007 691
136 182 446
169 410 169
106 992 992
487 526 887
204 532 717
110 114 114
143 825 825
334 718 834
336 486 336
391 694 699
404 761 698
99 486 662
253 874 874
296 518 518
61 488 903
196 560 431
118 797 978
212 901 436
356 500 500
255 683 785
191 744 728
513 711 8
39 874 874
11 486 11
119 996 996
10 120 817
594 967 520
155 329 155
193 293 114
89 521 188
778 845 866
29 378 806
32 343 32
121 910 121
73 231 713
462 661 873
490 849 114
271 888 757
289 386 136
635 913 662
136 368 446
246 370 679
189 860 783
378 914 914
1 978 1
76 302 838
320 992 232
515 834 553
26 86 32
498 597 1
9 136 961
198 563 159
52 123 517
496 577 254
207 572 266
898 932 322
732 822 1020
691 706 691
285 666 792
528 827 524
87 219 521
10 232 232
377 528 613
344 488 903
556 908 556
486 898 322
286 428 218
741 1013 1013
226 657 747
204 774 127
280 684 838
642 711 613
576 580 556
154 895 672
811 822 1020
679 959 679
309 648 141
488 583 903
211 272 188
239 429 80
120 914 817
920 980 980
684 853 831
477 523 523
780 917 897
315 683 716
418 525 152
340 962 527
787 970 970
24 413 978
64 79 518
445 789 445
157 978 978
610 783 836
377 607 518
943 972 972
609 640 992
612 1024 114
613 648 141
185 948 540
281 325 373
287 773 773
145 960 1
330 708 330
402 529 529
486 576 556
517 870 517
628 835 32
166 346 893
604 817 817
212 654 390
486 967 520
23 623 817
81 1021 1021
578 796 716
207 369 518
554 994 537
596 903 903
313 915 7
246 379 474
155 971 155
210 759 210
209 871 757
690 966 254
177 1009 150
94 211 500
517 536 517
378 1020 1020
309 870 190
46 136 136
241 599 567
483 919 919
15 570 62
16 408 825
679 927 679
70 179 373
111 956 210
525 910 152
143 976 831
436 848 436
629 830 757
193 239 807
656 973 390
107 176 887
691 840 691
121 345 121
298 943 159
305 435 880
496 874 874
992 1014 992
151 394 71
840 880 880
341 350 767
48 634 169
63 970 970
405 558 517
151 156 188
362 967 520
271 833 122
336 956 960
104 755 873
15 404 150
314 670 391
671 743 671
458 1001 880
245 335 996
176 486 887
331 589 1020
198 943 159
547 851 851
443 846 834
252 349 639
73 920 392
556 813 556
401 982 699
239 549 783
127 250 890
81 588 726
207 952 150
143 582 46
298 916 671
336 790 1020
487 897 897
115 564 136
522 927 121
236 334 834
811 947 511
440 445 445
492 693 693
372 677 62
81 900 441
610 882 897
232 523 232
661 938 788
290 748 11
494 554 373
8 445 445
436 814 436
386 446 446
47 385 737
172 486 172
396 858 30
21 951 951
486 492 788
785 1014 785
404 1009 150
667 828 828
182 564 446
434 920 392
95 124 378
137 668 441
330 359 330
134 325 159
257 615 155
64 815 815
564 664 700
704 776 431
415 730 730
347 896 844
481 897 897
714 866 866
526 777 777
753 1007 691
332 565 792
437 564 136
639 769 613
432 807 815
540 615 540
41 874 874
240 535 851
80 861 80
529 852 529
652 689 121
353 518 518
173 375 141
586 587 122
155 576 155
619 1009 310
196 911 373
75 119 700
743 762 671
239 827 524
740 883 681
294 445 445
309 762 236
271 678 236
248 599 524
341 486 304
324 730 605
102 960 868
1 703 1
67 500 500
78 432 815
254 787 777
447 516 403
167 732 312
685 687 941
108 266 266
860 988 210
1 336 1
643 963 540
556 710 556
510 794 828
169 1016 169
19 703 815
114 260 114
271 290 859
665 911 874
191 278 728
931 961 961
79 122 122
558 792 517
247 496 699
36 948 36
169 478 169
358 449 919
440 745 980
733 737 737
389 534 773
486 773 773
422 554 422
475 896 681
19 903 903
258 584 266
97 724 1021
528 604 831
26 107 32
32 838 32
193 375 254
710 742 523
860 916 671
120 993 817
54 70 859
663 814 403
290 1023 546
204 467 698
4 843 392
413 757 757
218 529 529
601 973 390
295 633 528
28 442 502
208 867 518
394 621 804
581 828 880
389 510 828
210 707 210
227 874 874
45 256 897
40 311 511
181 343 150
671 903 903
181 861 836
166 721 893
412 819 155
267 665 874
25 421 716
114 553 114
70 456 859
137 900 154
625 835 914
703 935 815
585 825 887
393 428 218
130 231 880
353 995 995
260 859 336
55 302 838
825 840 825
547 860 378
469 874 874
29 738 806
76 326 537
330 982 330
20 786 817
31 218 218
506 812 390
262 1005 221
577 654 390
678 903 903
280 302 838
379 406 188
193 781 851
724 770 1021
582 718 834
128 387 871
859 1021 1021
431 629 431
88 535 861
19 923 682
65 585 887
8 77 8
312 1001 312
81 148 871
652 861 121
231 862 524
572 584 266
94 359 330
796 835 716
110 358 919
511 647 511
516 935 417
874 992 874
242 552 934
59 305 679
6 634 169
128 983 871
14 918 951
215 978 978
394 573 521
384 622 828
558 747 747
672 752 817
129 248 903
386 400 136
187 824 187
201 371 744
311 882 897
57 83 310
640 728 728
392 682 392
204 756 679
204 964 1021
222 932 222
219 250 521
50 629 172
622 850 691
107 636 517
256 827 8
330 414 330
343 932 150
56 180 36
321 355 914
460 959 422
755 775 873
248 611 523
82 528 767
20 767 159
210 496 210
92 391 391
414 957 529
567 662 662
636 676 517
687 814 403
110 178 972
445 777 445
766 824 699
65 392 556
290 795 836
429 783 80
957 987 874
535 904 662
432 524 815
576 927 556
121 725 122
491 805 691
456 748 890
152 484 152
486 885 662
338 712 838
69 586 992
281 485 330
91 820 71
331 881 1020
286 898 431
383 844 844
365 802 806
232 574 232
752 897 897
791 1023 367
184 380 874
102 563 868
501 691 445
993 1014 1021
63 776 730
36 962 730
239 965 8
86 844 844
568 784 828
452 925 431
894 911 373
569 696 338
118 740 740
471 676 310
598 893 941
163 789 367
936 992 992
601 941 941
527 908 527
486 661 788
8 918 8
38 232 232
11 417 417
24 212 500
776 992 992
490 769 934
4 71 392
565 850 172
183 289 3
62 748 62
137 543 880
359 773 773
152 839 152
962 988 210
383 493 747
71 419 121
508 564 136
38 751 851
124 578 578
78 585 887
602 893 844
536 869 672
380 515 553
399 576 556
440 851 851
261 884 961
902 1014 210
403 900 403
299 886 951
98 348 903
477 914 336
280 712 838
518 564 518
148 227 871
79 83 310
406 979 188
31 316 546
392 428 218
694 782 699
844 1011 844
142 331 1020
517 886 517
529 961 961
329 987 874
619 667 310
581 969 880
421 831 831
234 804 32
273 508 660
312 314 312
328 897 897
328 721 152
253 983 747
496 998 632
316 597 445
771 957 529
474 846 474
305 656 390
544 916 671
131 909 218
693 830 693
387 841 1
184 1006 874
359 948 330
549 838 838
438 852 553
608 828 828
133 502 391
80 529 529
17 310 310
5 433 1020
151 218 218
88 236 236
308 747 747
379 586 992
365 878 541
110 839 254
486 491 691
767 812 390
69 236 236
37 730 730
558 662 662
792 891 792
461 794 792
348 616 903
221 874 874
361 486 430
108 329 874
276 516 8
51 762 336
508 883 681
25 202 422
499 838 838
146 880 880
520 999 520
838 934 934
64 442 578
34 243 934
906 1015 540
210 682 682
265 266 266
102 372 868
494 599 373
500 552 500
721 907 157
313 496 7
868 880 880
791 863 730
904 993 662
1 655 1
249 390 390
209 459 330
379 1006 30
88 263 136
28 686 152
817 918 817
520 634 169
310 514 152
528 757 757
825 932 825
38 1003 747
32 486 32
549 764 836
125 919 919
122 245 122
420 579 36
20 69 159
166 324 605
546 556 556
157 439 114
364 398 623
10 179 373
623 646 838
141 296 541
179 639 373
515 564 553
685 745 941
187 738 187
810 885 662
221 605 221
116 791 500
207 307 150
532 680 520
12 486 541
507 693 693
218 519 218
126 229 868
59 991 520
235 884 773
700 913 873
106 461 992
399 523 523
474 935 474
205 984 717
155 891 155
537 916 671
110 292 292
479 667 700
215 782 928
445 600 445
389 983 773
304 798 304
410 867 410
84 679 511
10 692 740
162 465 698
51 134 730
396 486 396
50 621 172
218 906 232
24 714 717
825 1009 825
281 672 672
425 753 854
806 1021 1021
188 928 928
284 748 861
223 232 232
144 517 517
710 985 523
118 822 1020
410 507 410
152 240 152
191 760 992
589 883 681
58 986 304
109 894 995
407 965 8
175 742 221
671 853 671
103 854 114
361 435 880
245 463 757
390 523 390
414 423 744
550 565 172
527 920 527
483 843 410
344 979 157
41 214 844
43 221 221
146 217 187
235 252 773
486 556 556
624 896 80
163 782 928
386 813 136
131 649 218
212 252 500
121 574 121
183 305 30
85 633 187
216 936 312
698 742 698
40 970 970
266 407 266
90 486 792
7 723 951
121 177 121
210 423 210
489 960 698
1 409 1
540 931 540
5 730 395
307 911 373
31 978 978
327 944 403
913 1012 873
458 615 880
370 569 679
241 537 537
284 557 578
355 854 914
298 909 671
190 780 450
588 931 1021
548 916 403
408 920 825
880 947 880
200 492 127
742 908 441
103 516 114
238 420 737
73 730 730
73 773 773
495 540 540
402 868 868
218 574 961
756 806 806
52 636 517
305 380 919
515 783 553
328 662 662
236 758 996
410 775 410
335 758 996
144 461 980
236 247 699
479 706 700
317 977 441
230 508 713
110 280 838
540 802 540
109 164 995
162 527 527
122 989 122
338 747 747
51 418 854
933 975 783
444 995 995
809 981 446
550 616 613
544 859 807
393 970 970
254 486 254
44 721 396
84 486 511
232 929 232
479 831 831
866 971 866
64 951 951
394 801 521
307 1005 691
53 747 747
536 961 961
270 319 310
507 677 410
500 821 500
697 972 972
817 843 817
378 511 511
175 682 221
15 243 934
324 945 605
153 700 700
710 948 523
258 613 613
133 471 310
663 699 699
546 777 777
277 733 422
75 550 700
427 576 556
396 540 540
496 926 996
87 799 540
80 876 169
425 933 783
122 360 122
458 967 880
147 708 556
275 963 1013
505 992 992
363 561 970
38 444 744
182 1016 446
175 649 221
14 905 951
424 877 222
114 184 114
154 744 744
603 697 605
167 283 312
377 818 1
155 597 155
980 985 980
778 994 866
893 999 36
590 815 815
295 581 880
519 864 169
239 861 861
658 751 632
625 862 524
767 823 767
327 447 403
57 907 960
640 817 817
146 479 187
152 992 992
515 710 553
318 326 71
770 982 970
621 842 391
117 534 672
172 822 1020
396 473 445
290 980 980
99 662 662
31 119 533
442 896 578
816 958 713
85 468 187
567 759 567
165 848 266
149 621 804
222 660 660
16 720 747
195 634 169
374 874 874
271 486 859
107 424 914
730 830 757
718 868 868
215 550 546
87 134 730
347 405 844
223 779 623
866 997 866
264 810 518
511 995 995
743 929 474
476 928 336
302 459 330
154 962 730
183 453 567
70 373 373
271 546 546
868 949 868
412 540 540
114 739 114
425 979 157
716 787 777
395 878 422
581 941 941
208 991 520
946 967 520
88 550 859
132 518 517
164 1006 30
212 364 500
501 597 445
57 173 141
516 696 417
229 820 229
396 1014 396
374 390 390
430 820 71
781 854 851
121 1011 121
152 303 152
65 88 556
527 840 527
672 894 672
437 846 62
698 961 961
153 293 114
310 985 310
140 499 450
755 970 970
694 792 699
716 798 716
685 979 941
549 575 980
524 545 304
770 802 806
33 405 502
730 873 873
617 930 30
537 935 537
229 535 229
244 592 222
112 692 338
60 214 292
122 191 122
563 815 713
529 857 529
302 367 838
278 958 713
536 868 868
291 698 698
448 766 699
289 378 3
232 925 232
651 785 995
110 486 717
588 955 726
486 516 417
107 854 914
8 779 254
584 706 266
7 1021 1021
462 773 773
71 506 71
170 844 844
291 1018 728
1000 1013 1013
279 466 726
172 198 159
700 903 903
521 671 671
82 613 613
114 518 114
189 492 783
662 906 662
579 698 698
562 728 728
158 840 806
805 946 520
934 945 934
350 372 767
923 997 682
194 232 232
307 477 578
50 491 691
542 922 529
703 976 815
804 820 804
642 954 155
492 981 446
671 820 671
623 794 792
331 396 1020
177 537 537
138 219 521
224 540 540
44 96 527
823 949 310
328 910 152
350 352 623
325 943 159
734 944 218
100 227 521
579 729 36
55 962 229
805 813 3
757 875 757
486 561 229
9 187 187
486 549 783
349 404 150
218 451 218
352 371 623
337 540 540
553 990 436
181 396 396
312 560 312
233 611 523
407 610 767
43 843 410
270 560 978
37 597 445
925 1024 114
58 474 474
247 540 540
467 825 825
260 476 336
587 925 122
162 330 330
122 602 122
155 734 155
928 1023 928
121 536 121
466 906 232
321 974 210
698 743 698
484 664 887
461 773 773
776 796 431
280 794 792
271 835 859
323 376 122
472 713 80
465 821 80
477 677 336
70 519 556
579 700 700
390 973 390
71 235 773
217 844 844
491 612 691
631 696 740
484 953 520
464 915 395
295 979 157
48 319 310
311 351 660
246 667 474
703 758 996
227 426 871
431 977 441
390 782 390
17 815 972
463 563 757
774 874 874
65 250 556
520 787 520
798 832 537
262 746 221
153 230 713
250 621 804
212 506 500
188 831 831
419 598 941
466 937 978
518 540 540
663 672 672
162 989 698
637 642 961
474 738 474
287 516 970
127 758 996
476 677 336
456 783 783
231 357 150
24 1022 773
623 839 623
148 410 410
394 611 523
578 698 698
330 717 330
642 773 773
130 171 880
306 513 8
189 389 773
255 396 785
254 367 254
486 849 114
698 938 698
356 947 511
90 548 403
312 332 792
482 607 518
887 992 992
503 982 679
622 825 691
306 655 450
287 732 970
413 885 662
445 938 445
446 623 623
128 897 897
472 951 951
15 33 502
31 275 440
860 943 159
740 748 740
510 568 828
940 950 169
711 730 730
396 477 396
348 773 773
253 325 747
680 784 520
734 959 218
122 966 122
950 1021 1021
506 672 672
446 779 254
436 693 436
362 904 662
11 357 150
147 486 396
655 903 903
452 933 190
114 690 114
137 317 322
390 744 390
850 942 7
130 948 880
123 851 851
23 191 817
550 833 122
536 982 672
392 866 392
152 726 152
46 725 122
181 767 767
249 959 187
713 745 980
844 857 844
467 992 992
197 634 169
240 904 662
531 668 396
183 1017 312
19 900 154
407 975 767
593 844 844
114 700 114
276 356 511
88 497 1020
365 826 541
165 654 390
821 867 80
299 712 838
727 768 919
182 659 871
687 736 330
600 690 254
571 608 868
152 569 152
672 849 114
99 142 662
476 827 524
64 375 254
121 760 121
785 990 436
229 779 229
390 735 390
801 979 157
153 487 887
193 701 322
1 445 1
19 875 395
136 887 887
698 875 698
236 875 395
278 761 698
68 599 567
497 805 1020
114 392 114
729 732 907
486 573 914
516 1022 773
50 754 874
689 786 817
379 771 431
300 937 907
102 474 868
482 988 693
215 341 304
521 882 897
254 339 254
327 814 403
8 957 529
18 862 524
556 913 556
529 693 529
494 998 373
738 825 825
27 354 773
358 980 919
501 759 445
259 373 529
285 662 662
67 427 392
949 965 310
570 834 834
67 349 777
251 276 897
257 365 330
251 540 540
135 707 928
68 646 838
883 1020 1020
258 486 157
199 616 806
782 805 928
367 421 716
425 471 310
55 813 229
75 114 114
586 822 1020
365 432 541
32 689 32
537 850 537
239 937 907
322 806 806
473 520 445
951 954 155
152 596 152
387 441 785
16 846 8
448 1020 1020
169 814 403
298 679 679
774 894 730
122 754 874
137 433 1020
229 338 229
31 817 817
439 486 114
18 467 698
106 486 992
130 403 880
197 758 500
125 775 777
95 128 871
492 541 541
437 454 232
323 380 919
623 820 623
324 367 605
45 534 897
346 826 893
533 697 605
527 758 527
167 886 312
704 981 446
453 630 567
572 794 266
881 911 373
880 990 880
159 336 159
238 972 972
215 938 546
494 764 373
114 824 114
856 998 187
465 887 887
320 527 232
121 644 121
514 776 152
680 834 520
304 850 304
15 282 159
86 498 1
604 919 919
430 789 430
82 581 880
289 1016 172
239 938 440
687 719 330
87 1009 150
345 517 517
205 247 699
818 925 1
723 769 613
124 436 436
80 143 80
761 943 698
119 533 533
264 570 518
660 849 114
220 613 613
346 780 450
474 496 474
169 414 169
807 1021 1021
8 943 159
247 893 699
31 777 777
327 773 773
645 1013 1013
264 1020 1020
131 180 218
163 1004 450
377 764 613
486 616 613
241 496 804
582 872 392
511 780 511
606 1004 450
363 467 698
527 702 527
39 830 221
413 426 871
457 696 605
644 757 1013
213 312 312
166 828 828
330 595 403
359 890 330
925 995 995
321 632 632
412 523 155
57 992 992
486 589 190
740 940 169
551 608 868
32 868 868
276 949 310
272 978 978
88 691 691
167 848 266
532 783 717
91 109 995
394 783 521
65 655 556
815 905 815
410 944 410
472 972 972
285 887 887
102 608 868
910 961 961
409 934 934
486 752 817
150 373 373
46 70 46
47 391 391
749 1019 660
330 649 330
446 875 446
82 395 395
789 934 934
330 703 330
51 54 854
524 647 524
110 373 373
388 881 221
500 576 500
501 524 445
350 741 527
414 486 744
116 844 844
72 356 32
290 425 907
195 664 700
147 844 844
461 903 903
392 576 556
224 542 541
211 639 188
31 295 11
95 783 783
18 62 502
63 517 517
333 981 446
281 500 500
35 957 529
788 955 7
128 518 518
816 931 1021
580 618 728
442 633 578
341 861 304
171 310 310
484 941 941
453 914 567
194 809 553
558 880 880
122 415 122
99 153 662
165 502 567
356 880 880
464 813 395
933 1003 747
496 714 535
69 518 518
262 924 828
294 685 941
941 1024 941
142 249 187
78 345 825
1 818 1
335 985 996
258 773 773
11 938 440
127 619 310
117 882 897
533 661 788
318 625 914
243 403 403
256 710 8
9 762 961
401 677 699
173 390 390
247 1024 114
529 552 934
592 796 716
9 403 961
350 551 767
325 440 159
768 995 995
381 471 310
647 718 834
339 532 717
27 1023 995
187 482 187
316 826 546
656 891 390
540 652 540
528 711 528
163 268 71
792 893 792
174 608 187
69 833 122
307 846 578
82 170 511
156 569 338
507 906 232
169 981 169
66 496 887
285 615 155
347 691 844
80 486 80
974 1021 1021
357 740 740
394 828 828
26 312 32
465 781 851
375 660 660
627 700 1
212 486 500
221 648 221
227 937 521
831 898 831
80 497 1020
874 912 874
215 346 546
186 241 121
480 805 236
706 877 700
67 152 152
52 152 152
613 791 613
447 462 403
598 945 941
753 811 744
778 959 866
868 1020 1020
30 795 30
598 950 941
200 413 978
557 733 578
232 617 232
427 757 392
8 797 8
4 364 392
577 839 254
72 844 844
99 670 662
770 847 970
270 527 527
321 896 292
481 687 828
790 941 941
60 542 396
71 181 71
574 738 961
913 916 873
90 817 817
235 592 773
110 389 773
354 818 1
96 868 527
242 751 172
66 880 880
255 438 410
96 540 540
9 268 961
36 768 919
329 871 874
313 775 7
732 753 854
299 847 970
127 318 890
705 990 436
731 900 553
293 656 390
124 704 127
594 874 874
242 824 172
107 939 141
62 919 919
8 521 8
14 723 951
299 340 527
44 524 396
455 750 527
284 327 403
289 884 3
848 910 266
104 1014 873
65 393 556
378 920 392
196 200 431
374 464 681
679 777 679
563 918 36
57 187 187
366 911 373
107 290 914
163 191 728
575 806 980
373 817 817
754 778 874
58 638 529
361 886 430
88 1012 861
476 479 336
643 1017 540
55 545 229
103 450 114
229 624 229
294 758 556
234 998 32
734 897 897
210 811 210
44 817 817
566 832 980
669 888 757
193 532 807
107 805 914
817 867 817
575 961 961
15 431 431
453 503 567
52 961 961
111 785 785
158 355 806
253 552 747
100 258 157
328 805 152
309 809 236
8 783 8
132 388 517
37 80 767
38 486 851
74 261 961
326 733 71
297 868 868
577 679 679
26 599 32
52 275 517
108 491 691
455 553 527
184 329 874
188 605 605
697 775 7
44 877 396
115 399 136
381 918 36
476 507 410
791 1021 1021
34 116 500
432 451 210
498 724 1
706 907 700
135 754 874
121 623 121
486 527 527
642 834 834
374 527 527
165 292 567
189 338 338
844 904 662
435 926 880
382 631 871
895 934 672
162 672 698
14 827 951
643 676 540
272 418 854
328 502 152
671 1016 671
155 578 155
334 394 834
133 189 391
271 1015 540
258 529 529
60 135 367
109 329 874
51 757 757
585 903 903
333 636 517
205 846 804
232 319 232
450 823 450
32 57 32
741 828 828
183 540 540
82 901 436
590 938 737
513 522 121
873 1013 1013
90 845 792
389 409 773
465 834 834
202 844 844
233 393 804
338 730 730
548 868 868
11 304 304
122 203 122
238 854 737
616 684 613
523 595 403
436 702 436
190 198 159
127 199 806
1 449 1
397 943 682
21 700 700
751 932 632
220 233 613
196 826 431
179 490 934
380 846 919
1 799 1
486 998 632
100 842 391
864 874 874
61 145 1
299 688 155
1 62 1
122 329 874
281 1019 373
190 257 330
403 560 403
551 699 699
168 895 672
218 549 218
519 977 556
166 422 422
175 489 221
536 656 390
531 693 693
2 136 136
275 557 578
445 651 445
2 490 934
14 687 330
291 1016 728
330 475 330
279 517 517
370 945 679
386 388 221
757 774 757
842 988 210
456 530 941
221 486 221
358 702 825
738 940 169
448 568 828
59 227 679
162 606 698
342 577 992
78 898 815
791 947 511
138 828 828
193 842 391
858 989 30
20 802 806
989 1017 312
101 386 136
433 880 880
364 800 623
771 776 431
613 989 682
87 215 546
137 850 190
272 462 873
543 892 880
292 408 825
30 659 30
441 524 441
227 748 521
212 284 500
210 961 961
623 747 747
32 532 32
500 645 500
169 664 169
298 869 671
653 675 672
22 32 32
644 1013 1013
632 733 632
110 773 773
133 344 391
47 146 187
678 928 236
108 709 726
494 785 373
377 541 541
239 480 236
890 946 520
465 559 970
919 1011 500
377 532 613
77 417 928
68 524 524
600 773 773
17 80 972
667 672 672
908 938 440
779 855 254
218 492 218
708 889 556
216 432 312
709 827 524
916 958 671
222 470 390
290 327 403
132 445 445
345 556 825
248 360 866
99 455 662
2 658 632
211 323 188
158 403 403
236 791 236
515 646 553
37 503 767
283 747 747
554 795 836
199 1014 806
486 827 524
50 862 172
327 1020 1020
124 709 322
302 633 838
414 961 961
244 748 222
48 711 851
193 686 152
611 695 436
225 834 834
144 704 980
100 465 960
646 729 838
793 857 446
114 213 114
121 626 121
641 749 825
568 916 828
253 310 310
217 308 672
133 674 190
486 755 873
363 681 681
359 898 330
244 1010 524
511 982 511
366 691 691
294 716 556
193 506 807
431 606 450
2 612 46
378 888 757
8 934 934
182 662 662
695 990 436
270 450 450
220 731 553
159 983 159
49 412 155
287 521 970
562 740 740
875 950 373
729 770 970
266 755 266
618 786 817
227 312 312
147 343 396
736 825 825
877 1021 1021
49 418 141
304 529 529
6 773 773
364 436 436
362 811 777
207 248 150
613 694 699
575 748 980
17 885 662
7 544 7
148 529 529
521 880 880
487 585 887
154 441 441
520 662 662
100 204 157
117 891 392
256 261 961
430 855 71
390 672 390
295 876 169
310 546 310
39 850 221
222 749 660
153 677 336
422 944 422
121 796 121
352 667 623
286 962 730
486 563 713
629 823 815
38 474 474
367 999 36
388 728 221
331 1020 1020
69 860 788
27 288 995
98 302 903
429 469 32
124 861 378
844 892 844
700 741 527
193 393 807
150 432 815
173 338 141
191 901 436
295 647 535
276 701 8
746 835 446
160 792 792
844 980 844
250 728 728
741 743 527
980 1021 1021
308 791 672
618 698 698
424 925 431
396 417 396
181 573 836
160 900 304
144 994 980
258 405 807
897 995 897
704 774 127
132 566 517
541 590 541
121 921 121
325 995 995
72 705 436
353 482 693
72 330 330
391 897 897
137 158 806
106 382 992
65 390 390
436 978 436
367 937 367
668 748 441
224 488 903
135 476 336
376 876 122
242 894 172
528 1009 150
244 1003 747
257 855 330
156 532 188
51 671 671
124 506 893
276 312 312
224 398 541
232 327 232
114 901 114
288 992 992
182 789 446
49 486 141
509 573 292
160 879 873
366 778 972
1018 1021 1021
336 390 390
254 941 941
35 839 254
188 778 866
73 317 713
637 646 961
352 734 218
581 848 880
233 781 851
353 422 693
744 843 410
469 739 32
776 984 431
301 961 961
130 581 880
370 400 679
520 825 520
668 726 726
119 817 817
231 326 524
56 666 430
608 762 868
140 776 740
22 838 838
35 116 500
459 773 773
528 791 367
342 868 868
196 205 431
154 805 154
926 937 996
173 345 825
57 338 338
216 961 961
67 884 777
616 931 1021
371 496 292
524 890 524
121 540 540
544 869 737
21 815 605
364 696 623
820 1008 960
256 720 747
238 553 553
316 405 546
227 751 632
415 773 773
657 853 747
402 903 903
187 664 187
721 801 157
181 927 338
300 835 535
180 929 474
239 300 440
425 744 744
393 436 436
718 816 834
825 952 825
44 61 396
321 569 338
366 767 972
169 694 169
379 605 605
133 159 159
281 758 373
45 139 897
58 562 304
225 486 785
77 946 520
568 873 828
649 716 218
380 947 919
149 663 740
480 484 887
256 965 8
106 941 941
526 947 511
277 408 825
60 398 578
556 676 556
128 981 871
192 905 693
1 376 1
304 321 304
292 835 292
294 708 556
422 662 662
78 635 662
764 939 141
149 843 410
599 783 567
561 808 229
110 163 367
313 358 919
527 576 527
488 650 903
187 269 187
549 729 783
486 672 672
159 918 159
62 299 951
980 988 980
677 1008 960
618 967 520
232 991 232
679 747 747
26 709 32
126 682 868
69 876 169
324 808 785
121 297 121
1 538 1
61 114 114
310 642 310
394 903 903
266 868 868
169 930 169
393 919 919
469 588 32
267 580 529
288 431 834
501 520 445
598 964 941
700 994 700
534 830 672
486 894 730
476 669 336
433 903 1020
390 481 390
135 200 367
307 949 310
197 227 500
511 747 747
320 980 232
657 868 868
660 843 660
132 774 517
86 562 218
747 853 747
574 895 961
221 628 221
533 770 970
411 972 972
229 631 229
381 532 716
223 364 623
17 273 972
816 971 660
619 623 310
638 780 529
166 338 338
133 136 136
101 339 417
308 403 403
984 1000 1013
315 631 740
159 1013 1013
9 204 961
83 340 527
687 747 330
460 875 422
306 765 440
146 528 187
575 944 980
472 891 80
486 652 121
407 553 553
99 121 121
168 289 441
161 544 972
810 853 831
86 342 992
191 576 556
553 825 825
297 509 221
57 914 960
107 309 236
828 911 828
276 410 410
390 619 390
545 942 7
1010 1020 1020
708 844 844
688 837 155
48 839 254
658 978 632
508 804 713
360 989 866
88 215 546
403 814 403
345 502 825
655 830 757
377 825 825
486 655 450
559 647 970
59 155 155
453 951 951
158 199 806
435 859 880
534 677 672
272 851 851
339 721 154
402 970 970
207 280 838
45 1020 897
129 449 903
371 877 222
95 794 792
277 725 122
551 613 613
520 915 520
218 505 218
303 783 395
56 810 430
49 88 141
279 465 726
340 391 527
63 401 699
124 536 672
259 773 773
151 166 71
163 476 336
396 410 410
198 470 390
457 861 605
486 792 792
122 228 122
342 733 992
360 430 866
101 238 737
805 925 431
100 200 127
118 334 834
106 880 880
371 1017 312
520 817 520
47 725 122
437 658 62
585 586 992
481 982 828
663 671 671
486 667 700
486 546 546
2 51 46
143 545 304
209 727 474
91 563 713
517 631 517
215 699 699
595 992 403
42 373 868
184 950 874
549 872 392
180 205 36
1 181 1
118 758 996
197 832 500
280 683 838
266 611 266
216 734 218
242 486 172
20 445 445
294 737 556
351 674 660
596 756 972
117 797 392
155 235 155
18 722 934
306 726 726
799 844 540
545 551 304
569 684 338
610 934 934
422 503 422
55 742 229
585 591 887
30 995 995
754 897 897
42 126 868
82 941 941
486 494 373
40 177 511
10 102 868
503 520 520
481 773 828
610 819 155
43 265 817
120 1013 1013
956 970 970
44 916 396
210 609 992
844 971 844
400 744 728
236 480 236
401 647 699
461 801 757
919 936 919
85 478 187
326 446 446
702 773 773
395 423 996
14 464 395
496 820 71
825 866 825
246 800 474
101 156 188
16 361 8
409 431 951
12 966 541
432 959 951
721 820 71
288 594 792
262 388 221
730 956 730
158 970 806
526 1013 1013
427 691 691
71 977 441
276 792 792
771 845 431
506 985 831
9 262 961
474 742 474
457 459 330
208 699 699
430 493 430
163 475 681
690 834 834
554 579 36
486 742 441
557 823 815
537 693 693
486 637 961
136 205 136
452 702 825
181 402 546
59 893 679
118 434 222
424 748 533
302 395 838
874 980 874
15 707 62
411 425 831
83 540 540
445 729 445
726 925 726
831 951 951
578 581 880
455 941 941
78 933 815
114 621 114
210 414 210
207 436 436
70 694 699
415 974 210
386 978 136
598 772 941
327 750 527
803 951 726
187 522 187
3 219 521
446 777 777
303 658 395
245 476 996
436 438 436
78 516 815
240 1002 671
359 442 330
844 1003 844
196 983 431
506 868 868
223 732 623
42 582 868
129 751 903
489 812 390
121 408 121
287 489 698
825 978 825
212 671 500
13 141 541
561 771 229
41 206 903
21 846 605
155 766 155
657 1017 747
1 139 1
371 807 807
37 689 523
453 794 792
412 697 155
605 750 527
682 1006 30
65 1020 1020
173 354 773
281 494 373
87 110 46
81 252 441
8 704 8
680 973 390
909 980 980
215 336 336
92 177 639
529 1021 1021
714 737 737
691 989 691
181 195 396
481 551 828
811 880 880
250 871 871
187 641 187
2 651 995
243 826 934
105 795 1013
200 550 859
567 831 831
486 572 266
408 410 825
1 583 1
508 868 868
55 617 229
124 219 521
569 1009 150
527 629 527
533 801 157
544 887 887
655 825 825
328 1003 152
806 869 806
463 486 757
457 689 523
215 647 546
69 548 403
197 223 500
111 130 880
32 560 32
231 897 897
54 823 815
403 997 403
66 829 887
114 725 114
239 361 430
968 988 517
856 868 187
744 903 903
93 759 726
517 691 517
761 1000 1013
216 904 662
114 469 114
441 838 838
254 266 266
579 633 36
71 137 71
501 676 445
21 697 605
229 659 871
777 811 777
661 955 7
594 683 792
75 317 700
152 628 152
118 858 30
39 682 221
53 410 410
43 759 928
561 602 844
93 792 792
765 805 440
10 919 919
391 549 391
100 982 679
17 521 972
328 693 152
328 928 152
264 359 330
530 974 941
68 898 322
395 805 395
358 733 919
254 661 254
8 475 681
214 912 523
17 500 500
155 959 155
72 975 32
512 801 157
853 976 831
292 378 292
90 190 792
197 899 500
613 711 613
442 824 172
486 956 960
86 820 218
740 874 874
221 968 517
266 786 266
580 1014 210
560 1018 728
436 758 436
57 274 266
38 736 825
719 919 919
230 897 897
7 898 7
552 701 934
793 838 838
242 363 970
231 388 221
761 906 232
234 705 436
28 701 322
945 1008 960
367 405 367
526 962 730
139 301 897
188 243 934
163 920 392
333 753 854
105 416 1013
415 716 716
164 376 122
307 434 578
352 501 445
253 436 436
662 818 1
266 513 266
486 774 127
623 722 934
276 910 152
178 241 972
400 898 728
255 457 785
416 627 1
780 855 450
93 631 740
70 163 367
87 245 996
218 971 218
188 430 188
271 272 854
106 107 992
159 442 159
321 596 972
37 991 520
528 962 730
972 1013 1013
69 417 417
982 992 992
322 625 322
232 967 232
16 30 30
108 223 623
74 318 893
243 600 934
323 788 978
199 747 747
101 771 431
77 105 1013
186 979 121
392 843 392
477 880 880
530 931 941
121 1000 121
208 306 518
188 816 928
341 722 934
659 700 700
424 493 893
630 668 441
92 831 831
794 973 390
355 589 190
251 882 897
527 687 527
201 677 744
317 610 322
122 253 122
437 860 62
855 1012 71
26 732 32
323 553 553
119 553 553
514 851 152
613 834 834
499 780 450
612 737 737
253 394 747
229 834 834
390 685 390
330 464 330
644 809 1013
280 806 806
252 1022 773
648 679 679
386 829 312
356 846 511
34 769 474
418 503 567
185 955 540
76 342 992
373 638 529
10 728 740
518 960 518
51 138 639
240 633 851
632 912 523
375 814 403
239 633 528
68 463 757
918 999 36
1 98 1
301 455 527
240 424 851
400 407 728
657 788 747
45 166 897
403 827 403
72 808 32
8 966 8
653 706 672
363 436 436
640 929 474
765 938 440
172 312 312
600 1002 671
39 817 221
781 825 825
218 486 218
734 962 218
340 837 527
187 412 155
85 736 187
280 668 838
546 660 660
114 388 114
25 845 46
851 921 679
442 523 523
138 359 330
253 476 747
390 991 390
312 857 312
319 662 662
298 1002 671
945 1001 785
718 808 834
594 691 792
622 874 874
78 148 871
494 596 373
301 315 367
48 696 851
143 747 747
891 909 671
294 777 556
892 925 431
117 379 392
353 817 817
298 835 671
209 486 757
323 744 744
370 480 679
193 503 567
547 812 390
408 1020 1020
19 528 154
140 277 422
190 609 992
100 649 218
387 793 446
131 517 517
30 438 30
109 184 874
681 854 681
238 726 726
709 887 887
613 668 613
486 737 737
671 888 757
100 843 410
165 430 567
405 579 36
149 789 804
150 823 815
613 886 613
90 382 792
863 867 730
700 806 806
461 1018 757
75 132 517
623 928 623
225 767 785
448 587 122
59 828 828
280 426 838
704 1011 500
526 825 825
681 898 681
287 870 970
44 1011 500
349 445 445
329 941 941
315 887 887
355 567 567
817 900 817
586 870 992
455 513 527
540 637 540
82 559 970
575 880 880
458 725 880
333 430 430
152 554 152
146 759 187
1 865 1
693 806 693
22 136 136
393 464 395
263 805 136
75 384 828
87 247 699
599 657 747
152 594 152
549 774 783
9 1013 1013
300 908 440
476 764 336
433 676 1020
930 983 30
397 790 1020
138 366 972
228 811 623
274 1001 266
265 519 817
252 532 639
555 968 517
439 714 114
480 919 919
453 538 844
312 996 312
280 867 838
360 641 825
423 791 996
373 723 373
172 616 613
134 824 172
42 945 868
187 1008 187
686 881 152
95 733 861
214 991 520
228 869 623
487 498 1
58 951 951
232 798 232
96 302 527
37 704 767
770 887 887
222 836 222
153 643 540
225 337 773
436 930 436
4 390 390
255 551 785
86 489 698
196 605 605
106 155 155
330 617 330
27 739 995
662 724 662
529 660 529
184 410 874
470 850 390
244 657 747
340 771 527
229 911 373
898 910 152
361 713 713
671 730 671
525 917 897
250 647 890
404 431 150
527 978 527
390 657 390
121 517 121
118 173 141
800 915 744
99 352 662
43 971 660
622 744 691
158 757 806
396 777 777
310 369 310
28 396 396
576 989 556
204 661 788
397 825 825
241 993 1021
115 263 136
548 663 403
527 977 527
232 585 232
442 772 941
59 567 679
121 929 121
597 620 232
292 805 292
154 534 672
211 765 188
32 233 32
820 855 71
383 413 747
252 504 540
16 472 8
617 715 445
556 996 556
350 893 767
247 744 699
812 973 390
92 444 744
110 265 817
125 863 777
543 868 880
436 988 436
213 776 395
80 723 951
148 527 527
171 711 693
200 704 127
427 1022 773
219 573 521
834 929 474
6 529 169
86 537 218
204 835 535
802 897 897
97 792 792
458 839 880
401 753 699
156 379 188
127 310 310
681 707 681
512 733 861
120 681 681
242 930 30
527 766 527
890 973 390
303 489 698
597 1003 445
369 961 961
798 829 312
726 809 726
610 897 897
305 980 980
557 948 322
478 804 995
81 173 141
711 861 378
520 865 520
339 1013 1013
109 227 995
627 818 1
765 908 440
172 250 172
83 319 310
8 241 8
131 961 961
692 891 815
204 569 338
21 153 605
297 483 221
402 662 662
133 948 322
593 776 691
69 581 880
589 820 190
252 1023 546
837 853 445
656 921 390
54 143 528
786 822 1020
211 410 410
204 643 540
672 761 698
340 741 527
319 436 436
65 698 698
877 909 671
390 635 390
137 549 783
11 524 524
880 941 941
821 891 80
468 476 740
662 792 662
79 407 518
4 876 169
585 856 187
299 632 951
77 782 928
271 332 792
461 888 757
308 604 672
306 330 330
388 862 221
358 506 919
579 731 553
278 822 1020
670 713 713
458 880 880
32 520 520
104 889 873
41 758 844
146 477 187
284 418 861
94 486 500
373 748 373
1 1024 1
609 989 992
749 972 972
11 913 873
370 660 679
429 440 80
312 317 312
143 207 150
786 981 817
518 936 518
192 353 693
249 789 187
187 773 187
134 364 623
544 699 699
403 568 828
92 549 639
231 260 524
187 203 187
283 737 391
247 902 699
221 363 221
647 716 716
299 666 951
741 868 527
323 344 978
622 980 691
9 574 961
33 174 187
475 714 681
81 805 441
699 955 699
212 874 874
834 938 834
219 1010 524
221 756 221
926 958 996
221 540 540
84 693 693
431 969 232
256 471 310
284 804 804
378 739 995
643 824 540
214 549 783
455 985 527
56 486 430
140 773 773
19 756 679
357 605 605
314 714 632
169 390 390
169 984 169
149 241 804
65 204 556
155 391 155
141 585 887
295 729 11
272 680 520
260 549 336
7 688 155
773 924 828
187 786 187
63 426 871
95 206 903
122 885 122
30 473 445
114 698 114
14 854 951
374 846 681
90 513 792
547 971 660
335 928 996
315 890 546
161 381 972
845 1018 728
23 876 169
17 453 972
735 984 229
392 482 693
763 925 868
349 828 828
527 659 527
116 824 500
383 657 747
320 718 232
258 937 157
610 685 941
714 955 7
44 476 396
71 379 188
100 440 157
381 486 716
427 436 436
203 886 121
197 562 500
47 500 500
640 824 172
51 378 854
217 714 866
458 767 880
776 871 871
481 568 828
583 587 122
117 288 392
171 798 693
870 914 190
772 867 941
210 655 450
180 860 36
6 903 903
638 868 868
160 1008 304
299 700 700
509 960 960
289 752 817
64 861 578
227 440 521
474 726 474
584 641 266
428 518 518
101 769 613
369 462 518
188 431 431
295 672 672
186 1020 1020
12 312 312
478 486 995
49 613 141
665 754 874
724 887 887
31 1013 1013
949 995 310
693 745 693
652 888 121
251 413 897
156 406 188
456 976 831
353 941 941
738 873 777
269 726 961
653 992 992
173 967 520
19 881 693
595 637 961
34 999 474
428 874 874
237 351 660
616 739 995
355 861 914
412 438 155
389 394 773
124 582 46
434 621 804
295 340 527
431 1008 431
274 711 266
481 1020 1020
238 693 693
178 560 972
105 640 1013
193 418 807
159 622 691
151 925 431
286 881 693
8 429 8
540 773 540
486 1000 1013
121 681 121
122 840 122
29 840 806
5 39 221
431 742 441
180 752 817
828 934 828
63 264 518
457 486 605
933 984 783
51 588 726
221 469 221
811 875 744
44 298 396
422 471 310
431 804 431
256 556 556
529 758 529
80 636 517
366 540 540
601 844 844
209 305 30
699 728 699
79 441 518
234 271 32
253 603 747
7 922 529
716 1014 210
139 344 897
887 935 887
93 359 330
168 493 441
202 528 422
678 957 529
581 972 880
466 930 30
330 718 330
71 406 188
285 486 792
196 357 150
127 675 474
167 790 1020
255 797 785
207 343 150
314 522 121
436 624 436
420 537 537
483 772 941
595 959 403
184 873 874
588 723 726
524 764 524
476 809 236
98 760 903
236 761 698
522 880 880
448 622 699
678 827 524
246 1022 773
624 823 80
821 924 828
133 752 817
243 529 934
346 854 893
153 836 836
374 583 681
237 473 445
8 503 8
188 590 737
142 874 874
214 554 836
270 320 232
170 639 511
395 549 395
388 529 221
192 272 693
374 941 941
136 270 136
240 680 520
542 733 396
1 109 1
154 371 292
71 537 537
403 1001 403
1 155 1
898 908 322
45 897 897
391 672 672
48 569 338
789 952 367
698 777 698
440 496 535
359 935 330
8 32 32
279 946 520
250 714 890
408 906 232
486 903 903
79 208 518
419 662 121
266 311 266
198 664 700
274 879 266
124 329 874
367 424 367
393 900 807
133 892 391
116 325 500
305 868 868
37 213 395
112 962 730
5 846 395
45 852 897
553 803 553
546 780 450
209 307 757
82 423 996
456 587 122
322 932 322
475 883 681
129 398 903
44 111 396
211 399 62
692 979 338
763 779 868
179 470 390
222 941 941
116 145 1
43 310 310
579 691 691
975 985 831
868 950 868
349 764 836
187 891 187
359 459 330
4 529 529
211 724 1021
222 381 716
441 549 441
7 975 7
735 995 995
206 662 662
843 927 410
400 692 728
343 554 150
375 874 874
432 823 815
118 811 744
169 1006 169
698 701 698
440 652 121
31 446 446
528 646 838
32 540 540
288 524 834
83 554 310
446 620 232
628 995 32
24 533 717
67 222 777
529 632 529
638 783 529
529 906 232
381 589 716
283 842 391
436 485 436
287 436 436
355 926 996
571 885 662
76 190 537
453 894 730
325 622 691
349 592 854
119 295 533
168 419 121
43 334 834
184 215 874
472 821 80
122 741 122
390 910 390
486 659 871
838 896 838
985 1008 831
119 1012 533
390 581 390
129 716 903
218 317 218
637 728 961
396 975 396
724 1020 1020
568 705 828
493 903 903
330 657 330
110 245 996
362 734 218
169 755 169
143 239 528
486 815 815
331 990 1020
605 666 605
150 393 150
589 997 682
481 879 828
479 832 537
628 691 691
595 957 403
592 996 996
95 647 535
262 833 122
100 806 806
765 960 960
736 856 187
486 723 951
467 638 698
137 773 773
1 712 1
363 727 970
727 913 474
272 582 46
200 854 854
966 976 831
209 511 511
260 410 410
237 447 403
624 744 744
131 1023 218
81 425 441
254 479 254
167 860 312
784 951 229
229 502 229
205 568 828
625 882 897
538 793 844
586 760 992
560 603 851
149 558 517
20 868 868
486 833 122
225 485 330
388 925 221
401 958 699
315 399 62
355 694 699
149 594 792
128 699 699
753 861 854
742 866 866
347 677 844
415 717 632
215 835 546
489 699 699
106 403 403
258 533 157
175 262 221
96 99 662
260 733 336
897 1020 897
219 736 825
920 973 390
744 747 747
452 834 834
180 842 36
204 760 992
425 920 392
236 814 403
398 960 578
157 200 127
213 443 834
523 700 700
426 520 520
15 224 541
463 577 757
117 310 310
350 1009 767
480 647 236
864 1020 1020
100 979 157
672 1020 1020
122 152 122
515 1001 553
539 733 698
544 947 511
13 241 541
298 726 671
768 902 919
196 553 553
304 622 691
466 907 978
9 711 961
395 886 395
94 799 540
72 767 32
259 334 529
486 816 928
310 571 310
93 888 757
789 958 713
321 888 757
520 992 520
215 865 834
242 698 698
76 120 817
144 859 980
197 207 500
966 979 127
20 623 623
144 908 980
312 406 312
598 880 941
2 681 681
147 407 396
221 521 221
390 754 390
42 239 868
863 933 730
544 767 767
113 131 122
616 922 529
436 914 436
351 573 660
133 608 868
977 988 210
257 308 330
166 777 777
38 838 838
355 740 740
689 907 523
91 435 880
446 915 446
194 693 693
87 712 838
117 756 392
456 526 767
650 980 980
82 757 757
34 866 866
125 221 221
315 343 150
527 880 880
54 270 528
709 856 187
538 980 844
486 865 834
473 943 445
667 903 903
398 413 578
342 951 992
486 952 521
202 436 436
100 345 825
787 838 777
572 649 266
302 646 838
114 843 114
34 564 474
223 854 623
245 617 229
121 554 121
324 861 605
256 700 700
806 952 806
486 663 740
26 298 32
430 499 450
519 970 970
847 863 970
674 698 698
116 197 500
886 919 919
500 713 500
105 1013 1013
408 693 825
627 736 1
580 774 807
646 717 838
548 982 403
184 1017 874
1 99 1
528 810 430
424 805 533
218 820 218
632 776 431
29 877 806
107 592 914
211 601 844
274 519 266
258 870 190
194 1010 553
88 805 861
770 970 970
571 612 553
554 663 740
129 437 903
682 868 868
222 699 699
268 919 919
38 657 747
379 533 188
395 452 395
338 666 338
402 722 934
94 923 500
437 560 62
584 732 266
450 758 450
486 990 436
316 486 546
187 983 187
99 852 662
486 625 914
168 360 866
409 930 30
91 227 521
261 600 961
306 787 777
193 414 744
571 936 553
347 833 122
817 896 817
471 771 310
228 866 866
308 671 672
564 903 903
32 427 32
472 903 903
270 932 3
54 168 441
60 150 150
22 416 1013
402 522 121
236 754 874
30 717 30
169 944 169
382 943 159
273 530 941
151 1018 728
611 801 523
100 166 893
332 344 792
23 398 817
3 262 221
629 683 716
715 887 445
121 343 121
214 397 682
1 955 1
137 592 854
391 472 80
357 985 150
452 562 304
486 825 825
98 114 114
8 316 8
516 733 417
547 570 62
53 219 410
547 872 392
32 544 32
104 537 873
112 1014 210
360 400 866
142 528 662
110 330 330
136 300 136
777 819 155
353 642 693
498 790 1
71 373 373
151 747 747
127 211 188
127 639 639
258 639 639
296 568 828
1 595 1
655 972 972
492 587 122
93 199 806
416 540 540
157 879 873
512 683 716
165 532 567
117 801 392
618 1002 671
792 865 792
272 390 390
60 629 716
24 578 578
73 762 713
773 815 773
459 486 330
474 823 474
233 367 804
341 982 679
535 602 844
781 856 187
578 782 578
167 492 312
597 1005 445
114 941 941
13 1003 747
370 880 880
50 933 172
500 673 500
664 679 679
74 486 893
201 893 744
401 412 155
448 649 699
127 448 699
606 961 961
85 267 187
598 688 941
552 759 934
16 785 785
708 912 556
700 996 700
228 617 623
250 532 717
518 979 518
48 578 851
831 913 873
355 554 836
612 886 3
75 153 700
135 952 367
635 719 662
704 721 127
240 463 757
346 417 893
301 809 236
470 471 390
159 246 474
236 846 804
295 983 528
390 961 390
479 898 322
407 960 767
1 1000 1
240 747 747
10 125 777
403 731 403
64 589 190
92 633 639
95 887 887
723 968 517
125 842 777
380 837 445
546 819 155
236 663 740
593 955 691
485 522 121
88 979 861
29 423 806
359 551 330
21 505 980
316 774 546
143 376 122
685 847 941
651 747 747
35 83 310
113 955 122
81 764 441
222 777 777
662 968 662
630 996 996
691 873 691
59 1019 679
439 903 114
474 843 474
479 523 523
287 972 972
245 592 996
847 851 970
80 377 613
220 732 613
518 927 518
341 992 992
605 937 605
559 941 941
565 968 517
424 932 3
326 808 785
74 406 188
662 734 662
396 510 828
121 320 121
114 581 880
28 81 441
318 944 502
316 972 972
486 746 446
155 276 155
686 953 520
206 431 903
374 747 747
699 925 699
116 346 500
165 477 567
318 732 890
330 367 330
168 445 445
539 683 698
231 417 524
31 805 11
130 731 880
1 506 1
340 532 527
652 667 121
456 790 1020
507 961 961
545 925 431
604 833 122
851 976 831
171 294 693
176 487 887
606 921 679
818 860 1
121 548 121
376 804 122
336 550 336
446 671 446
199 371 806
107 496 914
486 722 934
492 707 928
289 695 436
219 452 190
346 773 773
376 883 122
333 887 887
540 713 540
516 927 338
177 748 861
100 267 529
744 988 210
421 791 716
221 575 221
127 465 960
604 939 141
318 527 527
31 861 861
354 860 773
751 844 844
20 193 159
387 871 871
54 194 553
941 973 390
139 831 897
614 662 662
891 929 474
873 883 681
273 691 691
155 162 155
33 130 880
372 737 737
635 1019 662
28 101 502
1 114 1
21 324 605
190 832 537
148 252 871
5 30 30
553 897 897
61 550 859
716 929 474
430 760 992
316 623 623
128 718 834
253 383 747
217 995 995
154 343 150
443 486 834
32 932 32
607 964 1021
206 708 903
551 829 312
886 1020 1020
346 526 767
132 896 517
929 934 934
232 838 232
403 945 403
65 576 556
207 679 679
182 368 446
98 590 903
436 486 436
18 744 744
398 660 660
19 547 154
175 201 221
132 430 517
429 576 556
269 838 961
309 747 747
31 731 553
691 731 691
768 978 919
117 743 392
11 371 292
227 672 672
191 875 728
414 538 844
137 254 254
551 836 639
435 813 880
88 509 292
246 486 474
101 1007 691
655 807 450
413 574 961
235 1022 773
602 685 941
130 543 880
205 532 717
371 986 292
867 1016 172
284 647 861
616 800 613
642 961 961
729 1012 533
123 496 236
707 991 520
754 966 874
199 903 903
720 899 747
751 912 523
483 600 410
245 588 996
390 891 390
420 907 737
227 339 521
103 266 114
19 747 747
225 1019 623
77 90 792
383 959 747
171 313 693
790 1003 1020
661 972 972
23 268 817
282 793 159
929 944 474
867 1013 1013
383 445 445
641 736 825
178 968 517
11 880 880
855 980 980
114 464 114
390 949 390
99 763 662
329 600 874
295 613 613
183 704 417
410 958 410
76 387 785
394 779 254
285 485 330
180 218 218
141 323 141
175 844 844
259 947 529
357 474 474
238 499 450
121 941 941
260 960 960
221 232 232
14 759 951
270 834 834
335 1020 1020
213 646 838
1 148 1
679 844 844
422 477 422
124 819 155
626 672 266
732 752 817
114 827 114
199 870 806
298 802 806
168 977 441
125 264 518
486 843 410
112 780 450
423 825 825
58 358 919
355 625 914
171 209 693
312 725 122
406 492 188
391 674 190
355 360 866
96 123 527
362 525 152
23 198 817
88 877 222
161 259 529
527 628 527
82 390 390
126 778 868
921 982 679
436 593 436
299 409 951
5 270 395
54 281 373
718 943 834
701 805 322
64 518 518
362 563 777
291 804 728
509 657 747
157 520 520
378 918 36
330 583 330
315 671 671
535 639 639
129 662 662
454 1020 1020
436 869 436
906 924 828
129 520 903
36 690 254
870 923 682
95 465 960
226 803 838
215 957 529
820 842 391
410 611 410
149 974 210
58 961 961
392 512 392
149 742 441
543 739 880
44 349 396
491 624 691
1 369 1
567 796 716
62 362 777
122 184 874
35 619 310
24 132 517
578 730 730
192 455 527
133 389 773
520 727 520
95 270 528
28 512 502
327 613 403
767 880 880
874 1007 874
238 250 737
920 1021 1021
168 965 8
25 118 417
156 238 737
305 800 30
151 621 804
218 781 218
580 835 807
107 945 222
46 466 978
766 817 817
672 797 672
284 565 172
202 902 422
147 195 396
8 757 757
43 250 890
709 838 838
434 866 866
717 859 717
479 796 716
512 522 121
1 848 1
77 262 221
557 866 866
283 640 391
140 301 740
298 992 992
318 435 880
342 907 992
732 755 873
422 769 613
624 867 80
128 708 556
684 717 717
436 696 436
305 883 681
61 886 3
336 523 523
290 626 266
72 886 32
142 911 662
8 165 8
27 199 995
392 757 392
304 312 312
283 698 698
72 833 122
838 979 838
462 879 873
245 823 996
57 267 529
95 422 422
540 624 540
220 725 122
572 820 266
112 366 972
693 726 693
278 832 537
713 844 844
153 981 446
647 835 535
221 950 221
514 992 992
479 603 851
561 984 229
708 985 556
773 961 773
57 709 322
140 244 740
194 227 553
914 998 632
104 212 500
71 669 71
257 372 330
815 948 815
270 900 154
366 596 972
285 676 792
490 528 934
7 971 660
116 227 500
288 519 556
425 702 825
187 967 187
540 581 540
715 747 445
662 946 662
303 629 395
231 435 880
756 908 679
157 826 127
874 953 874
141 255 141
252 438 410
588 999 726
300 659 871
138 809 236
113 1022 122
578 696 578
267 668 529
162 495 941
501 612 445
322 354 773
104 150 873
129 874 874
126 152 868
142 261 662
291 517 517
436 583 436
636 727 517
526 660 660
73 406 713
445 515 445
576 708 556
310 519 310
683 890 716
686 816 152
665 941 941
242 816 172
93 217 866
430 919 919
660 955 660
376 830 122
609 1022 773
182 276 446
158 859 806
290 431 431
483 836 410
205 408 825
428 508 218
388 999 221
533 937 907
629 796 716
35 868 868
425 860 907
390 444 390
381 903 903
266 485 266
111 390 390
27 506 995
315 900 546
171 524 693
248 540 540
692 773 773
368 761 698
90 372 792
333 989 682
126 694 868
40 976 511
187 838 187
160 341 304
378 407 767
267 638 529
446 942 446
187 731 187
644 1016 1013
180 1010 36
448 553 699
23 28 817
218 941 941
381 632 716
556 899 556
786 1002 817
264 830 518
100 805 157
432 740 740
462 825 825
614 868 868
145 547 1
16 360 866
267 397 529
409 419 121
295 486 11
470 789 390
50 807 172
574 834 961
526 685 941
913 980 980
646 695 436
628 903 903
168 934 934
145 539 1
617 823 229
230 852 553
383 418 747
142 732 662
235 1010 773
2 751 632
663 773 773
24 703 815
153 411 831
611 906 232
57 386 136
823 1009 815
78 436 436
271 409 951
606 616 613
244 546 222
275 295 440
796 815 815
279 410 410
749 834 660
396 446 446
418 835 861
250 874 874
212 563 500
357 550 150
183 940 169
284 388 221
207 414 744
114 150 114
288 346 834
390 736 390
303 868 868
78 495 941
487 880 880
748 793 446
243 670 934
350 886 767
141 815 141
277 436 436
12 82 541
335 503 996
562 962 730
725 816 122
314 842 391
59 756 679
33 47 737
711 1000 1013
8 411 8
69 239 788
169 748 169
365 477 541
242 520 520
684 728 728
156 486 188
208 701 518
511 959 511
591 615 155
529 769 529
349 511 511
851 884 851
117 972 972
556 750 527
86 131 218
604 980 980
128 318 871
230 653 672
234 578 32
800 996 744
44 159 159
609 625 992
80 407 767
180 698 698
720 869 747
318 905 222
554 645 934
16 722 934
599 929 474
126 232 232
163 904 662
197 784 500
108 617 229
603 867 80
721 933 783
360 572 266
349 402 546
832 937 537
312 835 312
351 833 122
195 1012 396
84 603 511
195 931 1021
114 797 114
477 885 662
447 715 403
121 359 121
232 453 232
266 843 266
317 838 838
5 424 395
405 947 511
359 844 844
350 576 556
232 1010 232
5 914 395
742 978 441
77 389 773
927 993 1021
138 528 639
676 991 520
390 888 390
301 370 679
150 171 693
68 830 757
151 266 266
464 846 395
321 733 859
138 255 785
630 1008 960
600 984 36
113 982 122
15 337 773
169 894 169
492 706 700
771 897 897
11 728 728
364 672 672
148 826 871
247 780 699
81 156 441
324 972 972
345 1017 825
288 773 773
272 573 914
690 779 254
32 736 825
40 208 518
745 798 980
671 842 671
526 866 866
335 1021 1021
381 897 897
964 976 1021
525 635 662
184 754 874
7 100 7
966 1005 691
703 886 815
30 1013 1013
292 486 292
607 741 527
22 974 136
18 574 961
733 1001 785
625 961 961
89 678 236
486 859 859
357 842 150
146 321 187
391 836 391
143 704 127
229 709 229
215 430 430
272 797 978
337 941 941
56 396 396
434 666 430
93 517 517
216 691 691
170 557 511
377 769 613
297 486 221
298 880 880
551 871 871
182 812 390
323 388 221
462 691 691
176 579 887
500 941 941
383 1003 747
508 589 713
660 897 897
459 752 330
685 843 941
697 870 605
157 618 728
122 354 122
25 805 417
111 683 210
274 563 266
239 906 232
204 892 391
273 887 887
196 286 431
225 433 1020
269 359 961
6 486 169
119 792 792
554 721 836
360 391 866
295 468 740
15 692 62
330 706 330
840 859 806
352 764 623
511 719 866
684 887 887
41 520 520
470 546 390
122 518 122
117 389 773
662 949 662
151 959 951
123 150 150
312 568 828
203 555 121
583 693 681
353 857 693
280 777 777
860 932 3
308 897 897
446 1001 446
225 692 785
497 776 1020
246 484 887
600 941 941
567 747 747
53 981 410
485 636 330
396 780 396
97 330 330
146 996 187
89 339 188
70 878 422
496 817 817
172 809 172
419 1006 121
155 259 155
30 82 30
643 832 540
270 753 854
960 1013 1013
93 613 613
624 939 141
232 884 232
106 708 992
122 901 122
896 979 292
660 748 660
51 859 854
275 347 844
400 771 728
284 907 861
2 747 747
542 886 396
503 668 441
7 14 951
382 1001 871
206 921 903
341 512 304
374 681 681
715 843 445
94 940 169
386 507 410
13 296 541
603 990 436
380 844 844
212 366 500
445 611 445
282 325 159
40 697 511
137 528 154
343 348 903
623 1020 1020
335 903 903
806 827 806
229 727 474
163 603 851
469 546 32
900 955 7
436 608 868
119 761 698
724 1003 747
141 425 141
248 522 121
71 682 682
266 403 403
54 743 671
375 697 254
3 764 3
338 592 338
495 765 941
155 817 155
344 567 567
16 43 8
7 644 1013
247 480 699
349 469 32
463 527 527
686 910 152
486 930 30
394 523 523
538 778 844
831 836 831
136 474 474
74 272 893
278 406 537
418 438 410
562 762 304
533 979 157
39 167 221
1 897 1
57 630 960
188 911 373
267 747 747
897 968 897
431 443 834
343 404 150
316 703 815
828 885 662
295 748 11
473 527 527
218 935 218
174 364 187
522 1020 1020
151 518 518
305 662 662
398 898 322
547 599 567
403 517 403
257 751 330
403 574 961
29 218 218
732 851 851
390 416 390
122 834 122
205 975 717
293 561 114
278 487 887
506 612 46
613 718 834
310 996 310
371 601 844
256 517 517
551 691 691
73 815 713
89 296 541
189 409 951
537 603 537
98 407 903
70 403 403
668 777 777
556 593 691
559 763 868
450 956 450
833 1013 122
872 981 392
682 837 445
326 529 529
486 838 838
389 596 773
8 1003 747
373 631 373
84 543 880
156 540 540
291 707 728
210 952 210
559 847 970
23 933 817
436 517 436
221 1014 221
61 711 154
489 903 903
354 672 773
567 590 567
608 806 868
517 527 527
689 773 773
122 655 122
114 730 114
311 951 951
466 915 7
353 437 693
80 672 672
96 478 527
762 775 7
130 458 880
491 749 691
52 441 517
717 785 785
14 486 951
411 779 254
359 527 527
705 860 436
859 872 392
422 976 422
262 683 221
305 1021 1021
327 720 403
897 994 897
112 186 121
899 1021 1021
135 669 367
189 721 783
258 630 960
591 783 422
15 679 679
151 451 210
489 686 152
208 966 518
121 368 121
703 934 934
71 309 236
498 752 1
74 183 893
434 784 229
551 923 682
296 998 541
91 106 992
236 807 236
358 992 992
681 779 681
180 938 36
406 1004 450
276 1004 8
339 1020 1020
140 950 373
140 473 445
82 376 122
527 579 527
292 820 71
18 304 304
527 623 527
67 362 777
107 843 410
292 349 292
342 374 992
638 719 529
88 275 861
286 587 122
295 318 890
510 967 828
176 920 887
12 296 541
30 299 30
693 825 825
544 948 322
802 982 806
808 905 785
737 751 737
360 933 866
183 1013 1013
248 486 524
337 354 773
493 989 682
254 568 828
867 943 159
63 288 834
219 486 521
534 894 672
143 780 450
142 935 662
291 680 520
486 927 338
370 648 679
498 774 1
362 738 777
411 860 831
551 781 851
167 936 312
1 778 1
256 791 8
484 543 880
508 933 713
451 505 980
527 553 527
40 690 511
179 486 373
486 725 122
633 881 693
832 939 141
653 868 868
721 809 236
182 944 446
322 629 716
99 369 662
57 452 190
373 792 792
346 844 844
232 718 232
198 479 159
624 1015 540
395 553 553
21 619 310
414 1002 671
145 213 1
356 995 995
220 892 613
417 989 682
190 396 396
568 814 828
24 297 221
45 882 897
200 1003 747
263 288 834
133 696 391
160 165 304
500 541 500
152 379 152
38 195 396
845 854 46
217 360 866
542 1005 691
268 1023 71
14 299 951
176 860 887
181 351 660
123 820 236
158 614 436
218 806 218
711 764 836
483 869 410
146 443 187
590 769 613
320 973 390
218 563 218
12 120 817
184 486 874
360 713 866
901 959 436
700 760 992
634 756 169
486 919 919
565 602 844
410 805 410
361 430 430
371 550 292
421 796 716
147 511 511
21 851 605
486 591 422
133 929 474
166 452 190
738 866 866
552 752 817
41 804 844
148 486 871
164 221 221
9 264 961
323 903 903
252 923 682
391 696 391
808 812 390
165 973 390
340 736 527
409 969 232
467 604 698
420 570 737
524 680 520
123 670 391
18 385 502
205 528 717
91 1022 773
250 696 890
540 847 540
233 989 682
199 995 995
742 911 373
535 784 229
599 831 831
613 723 613
802 999 806
101 316 546
592 777 777
706 874 874
371 509 292
114 214 114
618 744 728
430 433 1020
611 1008 523
452 529 529
373 402 373
467 712 698
292 711 292
986 1004 450
240 977 441
224 527 527
625 679 679
224 301 541
399 450 450
250 751 632
211 368 446
249 509 187
951 990 436
343 892 150
290 815 815
331 897 897
101 481 828
631 664 700
81 392 392
169 483 169
369 970 518
26 625 32
703 827 815
89 881 693
517 734 517
133 777 777
261 941 941
151 798 537
398 976 831
104 690 873
384 662 662
380 672 672
80 522 121
177 938 861
356 403 403
6 1013 1013
291 436 436
605 825 825
538 918 844
728 856 187
191 226 838
57 234 32
572 868 868
486 959 951
395 533 395
822 973 390
575 936 980
495 685 941
582 730 730
85 155 155
218 1001 218
824 961 961
55 749 660
256 784 229
59 806 806
633 709 322
293 882 114
123 612 236
428 512 218
77 150 150
486 632 632
188 236 236
120 775 817
483 569 410
34 487 887
302 414 838
486 982 679
557 956 578
134 486 730
512 565 172
187 263 187
37 749 660
509 885 662
471 874 874
333 765 907
663 778 866
339 467 698
15 212 500
693 767 693
398 980 980
361 683 716
469 1010 32
484 821 887
295 835 535
386 417 136
237 705 436
153 349 378
197 378 500
405 741 527
582 880 880
527 844 527
496 838 838
386 695 436
603 705 436
592 1014 210
155 957 155
196 702 825
727 747 747
471 781 310
154 853 831
169 817 169
529 746 529
682 699 699
493 1021 1021
513 919 919
557 676 30
624 895 672
424 944 502
58 512 304
19 907 154
141 256 141
167 986 312
191 209 757
486 925 431
486 978 978
429 913 873
76 994 537
247 524 699
299 698 698
53 777 777
118 639 417
355 425 914
773 844 773
901 998 436
563 821 80
466 647 978
226 438 838
762 798 537
200 288 834
771 925 431
687 759 330
295 424 533
266 789 266
431 992 992
306 847 970
556 778 556
625 788 914
614 895 436
779 786 817
167 565 312
475 868 868
106 686 992
134 958 730
272 496 854
159 764 159
486 901 436
645 773 773
6 141 169
187 282 187
20 761 698
40 390 390
979 1006 30
835 982 679
844 879 844
972 1018 972
251 572 897
244 409 951
615 756 155
268 938 71
416 1000 1013
408 634 169
431 857 605
100 778 866
204 398 578
987 1012 874
740 752 817
82 422 422
577 1013 1013
937 940 169
80 379 80
759 927 338
80 889 700
372 866 866
410 923 682
254 887 887
2 172 172
107 191 728
780 888 757
646 814 403
430 486 430
303 1023 395
155 814 155
211 925 431
194 736 825
61 980 980
702 868 868
91 193 521
45 101 897
527 763 527
626 707 266
128 892 871
220 523 613
785 866 866
152 728 152
390 579 390
179 485 330
933 998 632
290 801 157
333 900 154
172 313 7
339 609 992
232 345 232
55 204 229
220 825 825
293 688 114
82 184 874
561 748 229
800 908 744
37 471 310
77 414 744
24 336 336
450 474 474
222 613 613
165 613 613
234 398 32
230 845 713
167 602 844
486 525 152
107 339 914
8 209 757
486 571 553
16 199 806
699 1016 699
786 946 520
556 821 556
783 921 679
693 735 693
29 1012 806
835 935 914
682 880 880
890 1004 450
198 268 159
317 709 322
56 630 960
126 910 868
740 1002 671
426 879 873
187 576 187
521 604 831
732 1008 960
78 93 726
169 388 169
91 914 521
527 746 527
138 1024 114
303 726 395
389 762 773
317 466 322
604 693 693
301 942 7
154 322 322
704 772 941
625 676 30
803 830 757
708 961 961
316 547 546
87 543 880
256 926 8
710 783 523
909 1013 1013
643 679 540
592 954 155
174 256 187
38 41 844
668 757 757
297 844 844
608 844 868
69 391 391
259 385 529
338 456 338
709 981 446
741 997 527
90 837 445
205 958 713
282 757 159
169 601 169
525 592 152
513 562 8
178 495 941
635 940 662
312 472 312
136 201 136
155 730 155
350 995 995
41 289 844
155 181 155
52 121 121
10 933 740
449 630 919
108 500 500
176 621 887
540 795 540
372 968 517
589 850 190
372 945 62
183 677 336
139 572 897
351 663 660
672 728 672
62 155 155
531 623 623
440 860 788
98 645 903
114 293 114
290 729 11
318 667 700
140 590 740
211 277 422
494 941 941
214 785 785
332 992 992
114 340 114
24 364 623
93 803 726
386 794 792
69 307 578
57 394 960
349 633 528
430 992 992
142 733 662
623 972 972
269 637 961
157 897 897
438 545 410
584 764 266
242 446 446
410 667 410
465 947 511
103 941 941
448 909 699
773 776 773
711 966 127
191 559 970
88 284 861
246 906 232
401 817 817
410 895 672
143 493 893
392 936 392
486 858 30
164 822 1020
77 110 928
794 955 792
166 813 3
537 851 537
149 262 221
570 948 322
660 779 660
150 187 187
305 486 30
379 1022 773
127 170 511
111 783 210
12 340 527
135 791 367
760 777 992
224 556 556
779 834 834
593 763 868
812 854 390
527 676 527
361 478 995
435 877 880
169 604 169
486 908 440
583 1010 681
743 1009 671
500 883 681
88 560 978
617 831 229
675 1005 691
458 581 880
31 729 11
593 907 691
224 296 541
55 844 844
168 503 441
138 205 639
32 300 32
299 732 951
600 885 662
722 974 934
241 970 970
33 675 474
146 920 187
253 941 941
387 844 844
346 815 815
205 995 995
230 368 446
138 737 737
155 280 155
642 891 613
763 1021 868
526 658 767
423 486 996
397 947 511
120 517 517
396 837 445
11 96 527
636 941 941
528 648 141
312 823 312
430 868 868
79 689 518
12 398 541
69 276 8
288 306 834
378 479 292
744 873 873
406 428 218
829 1017 312
366 422 972
88 903 903
240 681 681
498 967 1
649 991 520
227 850 190
628 852 32
335 960 996
22 492 136
170 376 122
206 933 903
84 793 511
847 991 520
390 467 390
404 980 980
253 842 747
64 503 567
59 63 679
160 678 304
840 998 806
536 935 672
10 468 740
122 364 122
63 664 700
2 205 46
273 677 660
721 927 338
164 936 312
107 204 914
294 560 556
12 375 541
464 975 395
565 998 172
310 895 310
538 874 874
66 473 445
321 670 391
121 337 121
289 932 3
734 745 218
433 770 1020
823 970 970
790 951 1020
260 711 336
144 858 980
316 605 605
421 886 716
84 918 511
311 914 914
593 773 773
126 647 868
279 349 726
1 586 1
50 1016 172
330 660 330
295 1012 533
193 580 807
94 971 500
679 746 679
16 513 8
623 712 838
33 258 502
246 855 474
145 313 1
260 835 336
852 897 897
670 745 980
582 773 773
295 418 861
350 737 767
773 874 874
155 247 155
390 440 390
527 864 527
515 585 887
360 1000 1013
29 158 806
173 518 518
16 910 152
965 976 8
300 786 817
791 930 30
490 527 527
608 835 868
541 970 970
240 648 141
16 446 446
754 855 874
420 468 740
330 766 330
229 529 529
853 883 681
57 178 972
183 672 672
51 392 392
16 386 136
176 226 887
190 535 190
252 551 639
426 466 871
193 844 844
486 727 474
440 923 682
81 391 441
684 961 961
660 728 660
659 679 679
291 997 682
123 155 155
390 953 390
486 997 682
903 1019 903
555 664 681
407 841 1
628 658 32
415 937 632
271 432 815
400 817 817
990 1013 1013
726 915 726
143 937 528
322 827 524
152 684 152
202 815 422
392 403 403
37 1014 210
486 592 854
30 887 887
47 897 897
14 859 951
187 330 187
19 533 154
551 943 159
205 590 737
187 528 187
946 1020 1020
53 840 806
671 698 698
54 257 330
668 879 873
511 556 556
451 529 529
295 1013 1013
107 871 871
610 891 815
384 924 828
790 813 1020
331 601 1020
686 698 152
114 760 114
376 427 122
236 677 236
269 523 961
176 463 887
349 851 851
101 275 417
46 142 662
752 962 817
109 903 903
67 645 934
188 653 672
53 274 266
580 642 613
28 726 726
553 690 553
493 867 80
287 559 970
118 345 825
314 345 825
27 817 817
484 585 887
214 486 783
373 796 373
141 918 141
134 403 403
434 737 737
264 518 518
80 700 700
472 897 897
37 748 767
390 574 390
522 897 897
368 672 672
638 865 529
192 901 436
473 893 445
195 817 817
471 847 310
25 334 834
486 883 681
828 874 874
243 331 1020
148 655 871
854 868 868
711 774 127
681 941 941
527 544 527
546 945 222
610 657 747
551 600 36
343 434 150
63 924 828
336 711 336
25 746 446
527 848 527
181 683 716
284 313 7
765 861 861
413 512 978
437 453 567
60 215 546
153 295 378
315 757 757
216 789 312
61 748 154
697 952 605
546 926 996
121 354 121
52 74 517
16 801 8
51 169 169
727 929 474
566 980 980
306 774 127
99 874 874
15 871 871
404 487 887
914 932 3
3 703 815
19 163 367
268 752 817
809 1007 691
190 850 190
830 836 757
327 581 880
73 729 713
30 464 30
15 785 785
140 798 740
393 576 556
536 1022 773
556 929 556
672 982 672
261 961 961
608 773 773
731 942 553
505 883 681
298 450 450
159 304 159
342 399 992
31 424 533
799 973 540
533 908 440
410 486 410
224 547 541
691 800 691
424 565 172
551 676 30
200 877 222
693 994 693
363 717 970
486 921 679
379 677 336
418 440 861
197 558 517
520 719 520
88 300 861
88 699 699
62 385 502
119 938 440
153 739 995
84 520 520
258 507 410
64 237 660
580 671 671
113 276 122
169 437 169
617 862 229
467 489 698
442 784 229
611 660 660
268 781 851
10 293 114
173 441 141
143 666 430
183 740 740
465 817 817
261 826 961
69 512 907
39 967 520
397 410 682
916 973 390
67 922 529
390 460 390
1 178 1
338 905 338
59 254 679
72 235 773
114 844 114
305 1006 30
272 1013 1013
527 1019 527
198 427 392
137 865 834
436 926 436
476 791 336
322 486 322
298 670 671
767 862 767
567 898 322
667 819 155
27 108 995
456 1023 546
279 408 825
55 551 229
276 716 8
181 557 578
596 641 825
427 555 681
681 756 681
155 652 155
590 677 737
351 661 660
230 597 445
547 659 871
186 651 121
615 650 155
247 887 887
622 678 691
315 658 632
352 766 699
145 597 1
366 513 972
74 599 567
336 835 336
272 486 854
225 284 785
388 1011 500
367 1021 1021
577 937 254
617 783 229
821 901 436
417 1023 546
125 237 660
59 544 679
207 693 693
523 903 903
94 868 868
330 885 662
541 550 541
357 379 150
193 497 1020
662 870 662
515 885 662
84 1016 511
721 979 157
268 429 80
361 729 430
64 911 373
992 1018 992
259 520 520
314 837 445
519 576 556
673 1020 1020
846 991 520
305 828 828
815 953 520
114 596 114
526 529 529
152 538 152
756 1020 1020
866 996 866
85 249 187
486 757 757
301 458 880
635 1020 1020
391 457 605
142 882 897
486 634 169
57 190 190
604 995 995
211 709 322
122 967 122
577 682 682
328 438 152
585 696 887
527 589 527
267 612 529
152 571 152
340 554 527
165 782 567
63 541 541
115 254 254
423 503 996
485 733 330
232 963 1013
190 815 815
79 114 114
260 457 605
346 1008 960
679 947 511
180 739 995
358 672 672
121 835 121
249 486 187
3 480 236
751 998 632
486 760 992
868 903 903
209 1004 757
174 546 187
486 904 662
737 773 773
574 956 961
284 372 62
290 861 861
169 638 169
205 734 218
138 441 441
449 493 919
295 804 804
486 691 691
511 553 553
522 701 121
310 578 310
297 418 221
377 1005 691
115 121 121
155 390 390
457 576 556
129 348 903
924 930 828
539 980 698
274 448 266
214 800 744
588 1015 540
157 921 679
382 569 871
312 486 312
469 766 699
323 511 511
218 402 218
152 486 152
66 491 887
472 741 527
351 486 660
195 531 396
224 823 541
486 797 978
142 486 662
322 890 322
748 860 788
392 930 392
296 454 232
96 455 527
192 632 693
847 948 970
486 488 903
243 540 540
549 933 783
390 531 390
252 662 662
1 987 1
330 358 330
655 773 773
407 776 767
345 961 961
5 732 395
300 806 806
23 215 817
46 688 155
134 578 730
253 331 1020
203 226 121
121 416 121
84 362 511
125 787 777
122 845 122
116 119 500
508 667 700
88 937 861
17 327 403
216 602 844
218 369 518
312 814 403
259 997 529
707 870 190
195 358 919
168 747 747
456 520 520
437 509 62
43 404 150
344 429 80
75 141 700
57 861 960
283 471 310
80 980 980
969 983 232
516 1020 1020
353 472 693
1 802 1
349 847 970
191 881 693
155 507 155
277 777 777
273 529 529
733 934 934
185 628 540
390 522 390
271 907 859
72 992 992
184 388 874
343 619 310
330 993 330
395 586 992
78 469 32
444 832 744
482 833 122
735 970 970
115 472 136
376 574 122
209 492 757
429 961 961
181 183 417
240 677 851
520 910 520
17 366 972
56 361 430
218 254 218
195 276 396
333 826 127
453 787 777
268 806 806
30 318 30
188 409 951
151 309 236
193 466 978
353 540 540
366 975 972
410 743 410
360 794 792
807 932 3
393 984 807
460 783 422
807 962 730
29 847 806
486 487 887
486 660 660
444 997 682
125 951 777
420 425 737
330 366 330
285 905 792
332 438 792
10 511 511
754 782 874
572 650 266
404 554 150
946 961 961
484 887 887
419 437 121
255 743 785
597 633 445
125 441 777
56 721 430
142 904 662
190 516 190
87 150 150
302 560 838
172 432 172
204 714 535
158 428 218
670 842 391
111 777 777
371 1020 1020
828 990 828
280 660 660
40 850 511
537 555 681
47 1012 737
985 1004 450
714 938 535
729 970 970
234 800 32
398 451 210
47 630 737
203 235 121
31 200 127
155 830 155
19 503 567
523 740 740
520 967 520
546 767 767
442 557 578
216 226 312
795 952 521
834 842 834
743 817 817
442 870 190
382 659 871
342 692 992
496 789 367
628 894 32
147 873 873
372 425 62
167 1017 312
2 234 32
105 700 1013
379 553 553
338 521 338
460 823 422
108 463 757
549 934 934
230 250 713
44 711 396
326 546 71
211 979 188
330 338 330
461 1020 1020
361 847 970
415 751 632
490 552 934
527 903 903
233 983 804
23 604 817
100 306 157
10 73 740
305 718 834
649 811 218
486 493 893
507 874 874
61 896 292
464 761 698
4 486 392
585 720 747
580 754 874
116 155 155
396 758 396
518 690 518
153 252 639
280 747 747
792 849 114
229 697 229
353 718 693
72 902 32
226 567 838
946 955 520
632 886 632
286 538 844
372 1010 524
479 609 992
671 1013 1013
857 921 679
458 543 880
59 675 679
361 588 726
596 911 373
747 921 747
100 310 310
463 831 757
93 141 141
944 1019 623
402 893 546
114 285 114
64 613 613
613 715 445
234 421 32
352 984 623
97 149 1021
275 496 535
403 843 403
618 798 728
95 825 825
241 663 740
616 887 887
822 1022 1020
538 742 844
407 486 767
721 749 660
218 980 218
198 241 159
101 637 961
276 310 310
476 480 236
453 865 834
27 743 995
486 836 836
550 977 441
262 263 221
701 948 322
218 370 218
84 496 511
876 908 169
556 903 903
851 926 996
250 1023 546
232 591 232
187 249 187
803 901 436
565 709 172
810 828 828
488 941 941
458 737 880
664 910 152
219 903 903
36 755 873
190 836 190
486 913 873
150 606 450
378 814 403
153 801 378
497 940 1020
89 743 671
960 961 961
780 868 868
210 578 210
415 882 897
397 928 682
819 880 880
62 318 62
617 814 403
339 780 450
395 794 792
460 700 700
385 781 502
615 661 155
612 862 524
200 674 190
282 612 159
55 486 229
228 352 623
272 344 854
5 848 266
669 767 767
759 835 928
71 345 825
22 26 32
711 925 431
1 889 1
746 1010 446
299 460 422
21 919 919
158 593 691
148 440 871
165 625 567
402 829 312
305 476 30
241 294 556
607 998 518
165 289 567
455 773 773
221 986 221
61 306 154
256 698 698
210 481 828
275 584 266
222 440 222
524 941 941
330 927 330
123 504 540
671 958 671
49 290 141
354 969 773
151 187 187
196 505 980
464 486 395
407 881 693
14 409 951
95 753 854
285 906 232
5 657 747
308 425 672
405 767 767
193 795 807
255 1001 785
633 987 874
274 551 266
229 236 229
948 996 996
294 712 556
1000 1020 1020
152 677 152
307 311 578
185 727 540
107 316 546
602 897 897
259 288 529
129 1013 1013
208 527 527
216 594 792
294 438 556
314 711 632
473 1000 1013
829 919 919
456 556 556
434 447 403
903 953 903
258 315 546
402 650 682
243 552 934
36 739 995
139 361 897
91 986 521
14 764 951
181 221 221
107 721 914
415 947 511
551 682 682
680 946 520
406 757 757
155 899 155
209 587 122
606 792 792
18 108 726
413 960 960
431 934 934
496 726 726
122 811 122
708 972 972
84 972 972
388 775 221
752 945 817
51 581 880
300 614 436
486 965 8
748 816 928
873 965 873
25 516 417
436 983 436
49 300 141
529 942 529
602 828 828
94 639 500
539 634 169
6 187 187
39 823 221
156 295 188
163 318 367
298 900 671
411 540 540
407 735 229
308 534 672
143 938 528
294 449 919
175 733 221
151 230 713
135 569 338
300 714 535
486 778 866
114 327 114
980 998 980
486 923 682
122 206 122
344 533 533
255 994 785
298 756 679
118 816 928
679 926 679
48 977 441
493 579 36
131 390 390
695 1013 1013
593 788 691
632 845 632
194 486 553
177 290 861
687 963 1013
181 793 446
795 941 941
256 480 8
40 87 511
556 1017 556
97 990 436
266 1013 1013
208 470 390
361 457 605
233 395 395
290 956 960
547 779 254
363 706 970
246 344 474
463 754 874
151 776 431
737 836 737
481 630 828
359 485 330
119 311 788
917 974 897
623 678 623
181 788 836
26 129 903
309 1019 623
61 429 80
25 772 941
20 766 699
7 319 310
178 611 972
486 640 338
108 974 210
526 724 1021
15 272 62
527 765 527
115 750 527
169 737 169
221 907 221
409 966 951
268 897 897
382 453 871
788 937 907
630 891 815
215 393 546
463 603 757
486 669 639
181 937 836
191 958 728
57 965 8
380 620 232
724 845 1021
981 1004 446
259 704 529
569 950 373
150 530 941
681 712 681
70 845 46
516 639 417
355 978 978
460 944 422
392 693 693
232 844 232
267 367 529
964 993 1021
773 992 773
457 874 874
265 395 817
122 880 880
444 680 520
929 1021 1021
331 683 1020
81 997 682
229 288 834
415 719 866
232 348 903
204 310 310
5 385 395
169 918 169
111 660 660
556 564 556
816 1021 1021
218 702 825
574 868 868
95 506 893
271 583 681
428 747 747
199 847 806
392 777 392
211 346 188
546 876 169
78 825 825
5 123 395
114 691 114
756 878 679
300 782 928
210 473 445
721 750 527
229 772 941
361 545 304
307 696 578
478 933 995
412 583 155
632 805 632
23 487 817
116 401 500
135 357 150
829 958 312
114 727 114
30 341 30
312 718 834
89 300 188
251 298 897
597 772 941
726 781 726
363 972 972
208 308 672
449 768 919
252 496 639
806 903 903
390 500 390
39 914 221
451 748 210
53 307 410
902 995 995
505 889 980
218 322 218
169 362 169
591 669 422
268 590 737
161 698 698
544 929 474
446 788 446
283 748 391
872 975 392
152 610 152
325 628 32
279 347 844
99 624 662
374 850 681
502 1012 502
252 711 639
669 938 639
268 737 737
514 541 152
137 934 934
428 573 218
223 228 623
176 925 887
440 594 792
829 889 312
32 1013 1013
192 319 310
80 649 218
65 229 556
851 858 30
730 961 961
537 550 537
413 803 726
623 779 623
125 409 777
828 929 828
218 470 390
114 917 114
492 767 767
233 278 537
295 651 995
364 568 828
722 727 934
296 529 529
414 996 744
51 55 229
239 857 605
300 486 204
519 928 556
128 218 218
223 834 834
423 892 996
935 944 502
298 397 682
319 880 880
669 771 431
333 704 127
101 123 236
311 937 907
657 706 747
316 411 831
486 747 747
144 310 310
112 406 188
400 747 747
343 843 410
535 572 266
74 228 623
538 557 844
263 903 903
495 966 941
773 941 941
515 972 553
373 697 373
283 767 767
53 748 410
104 724 1021
299 1019 623
804 938 804
135 867 80
566 665 874
788 950 373
209 756 679
536 724 1021
159 811 159
574 719 961
207 793 446
43 456 890
174 483 187
288 310 310
221 679 221
114 439 114
70 293 114
386 636 517
309 771 431
91 959 951
639 753 639
346 974 210
155 257 155
288 897 897
92 226 838
560 1019 623
198 1000 1013
525 545 152
735 918 229
486 864 169
520 766 520
237 858 660
323 590 737
407 994 767
76 931 1021
538 706 844
239 684 854
521 990 436
289 484 887
397 547 682
379 700 700
11 269 961
112 379 188
113 1017 122
155 954 155
25 310 310
2 511 511
214 759 928
125 903 903
8 998 8
153 393 807
513 799 540
670 892 391
353 623 693
267 592 529
85 572 187
506 582 46
414 647 744
114 1003 114
283 899 866
252 986 639
501 618 445
770 980 980
1 764 1
91 307 578
6 902 169
8 432 8
676 975 30
399 870 190
134 810 730
230 709 713
117 792 792
30 584 266
121 804 121
368 853 446
656 845 390
486 654 390
477 678 236
16 221 221
351 961 961
332 486 792
740 903 903
1 188 1
567 854 567
413 696 978
231 486 524
263 500 500
199 356 806
96 773 773
552 985 934
579 930 30
384 897 897
633 647 528
430 561 229
761 975 698
739 874 874
36 122 122
417 711 417
463 697 757
122 858 122
113 421 122
220 232 232
70 486 859
159 339 159
37 790 1020
119 229 229
834 932 834
71 580 71
558 910 152
373 759 373
507 669 410
225 1004 785
53 120 817
446 554 446
245 486 996
338 351 660
72 845 32
389 629 773
881 902 693
570 920 392
737 873 873
85 897 187
187 815 187
848 872 266
345 617 825
44 240 396
266 520 266
58 545 304
342 874 874
463 799 540
258 926 996
213 926 996
475 801 681
445 698 445
500 858 500
338 415 338
119 344 533
333 908 907
488 1006 903
343 529 529
477 950 373
385 486 502
75 667 700
167 518 518
286 651 995
798 873 873
125 995 995
246 289 474
452 870 190
823 831 815
60 193 807
109 830 995
319 628 310
66 775 887
827 862 524
262 926 221
71 518 518
222 845 222
445 557 445
324 921 679
252 628 32
778 817 817
525 984 152
207 910 152
387 482 693
266 475 266
723 863 951
62 903 903
5 560 395
220 816 613
323 403 403
837 986 445
438 902 410
187 373 187
3 948 322
69 633 528
455 549 527
895 964 1021
121 958 121
697 824 172
555 944 681
250 450 450
681 880 880
176 360 887
233 930 30
32 238 32
158 647 806
433 631 1020
34 255 474
289 692 338
593 832 691
523 757 757
337 616 773
571 995 995
94 497 1020
214 895 672
324 693 693
390 882 390
486 490 934
2 714 46
188 953 520
283 493 391
1 121 1
571 675 553
34 731 553
91 138 521
153 967 520
378 643 540
117 836 392
240 737 737
695 941 941
697 857 605
36 74 36
743 890 671
10 1008 740
252 861 639
48 890 851
60 404 150
247 436 436
355 429 80
845 878 422
439 505 114
568 624 828
677 960 960
393 777 777
122 347 122
301 774 367
129 179 903
782 907 928
443 938 834
220 316 613
256 901 436
389 855 773
720 993 747
449 642 919
390 779 390
958 1013 1013
228 624 623
197 795 500
250 934 934
194 450 553
409 561 229
261 655 961
341 642 613
221 730 221
274 680 266
319 781 310
245 395 996
232 321 232
208 1024 114
611 888 757
202 863 422
81 331 1020
417 515 553
169 527 527
278 801 537
19 752 817
33 324 605
335 905 996
135 986 367
807 878 422
172 545 172
94 213 500
107 268 71
619 949 310
246 715 445
375 785 254
276 648 141
632 749 660
402 623 623
221 539 221
48 542 396
66 784 887
361 866 866
171 1021 1021
82 1010 767
95 533 535
271 948 322
606 893 450
304 546 304
790 880 880
15 732 62
121 139 897
53 866 866
82 1008 767
436 977 436
330 738 330
387 621 785
546 699 699
21 511 511
252 631 740
611 639 523
556 727 556
533 828 828
98 472 903
681 855 681
83 181 310
87 906 232
187 608 187
394 797 978
600 693 693
69 936 312
570 996 996
692 892 391
91 813 521
253 440 747
376 448 122
706 807 700
136 233 136
697 834 834
589 873 873
405 919 919
382 579 871
313 747 747
418 535 861
177 512 861
188 492 188
776 986 431
395 503 395
501 769 445
923 989 682
486 713 713
125 342 992
253 540 540
771 980 980
290 544 807
486 862 524
130 135 880
44 357 396
254 995 995
224 490 934
52 195 517
545 672 672
233 737 737
11 344 533
121 587 122
130 435 880
376 941 941
238 725 122
390 927 390
621 958 713
100 424 157
505 904 662
552 974 934
311 514 152
91 146 187
186 652 121
15 120 817
234 995 32
311 1012 788
568 728 828
189 216 312
617 1013 1013
128 229 871
486 736 825
583 915 681
282 332 792
624 652 121
788 1012 788
275 291 728
91 486 521
327 903 903
941 1012 941
162 828 828
133 851 391
436 686 436
357 861 150
79 459 330
849 921 114
211 567 567
338 970 970
318 431 431
425 584 266
144 214 980
318 550 859
698 994 698
698 944 698
292 992 992
629 698 698
169 218 169
744 956 744
78 640 815
40 109 995
202 698 698
484 668 887
471 1024 114
375 683 254
97 820 1021
169 876 169
729 753 854
218 360 218
444 796 744
685 977 941
61 490 934
186 700 121
8 728 8
146 683 187
807 861 807
273 351 660
511 867 511
398 890 578
119 332 792
365 691 691
896 914 292
168 222 441
314 400 728
605 796 605
493 797 978
275 946 520
87 817 817
320 398 232
39 795 221
623 753 623
223 342 992
86 838 218
266 769 266
29 946 520
78 104 873
73 919 919
187 904 187
264 817 817
159 960 159
85 852 187
603 991 520
622 959 691
486 701 322
151 746 446
555 638 681
345 367 825
197 224 500
155 445 155
217 719 866
611 943 159
667 823 700
27 266 266
297 807 221
279 903 903
417 1001 785
671 1014 210
51 577 254
62 502 502
357 958 713
68 746 446
270 835 528
36 648 141
122 507 122
94 979 500
553 706 553
547 999 36
431 853 831
486 530 941
438 507 410
602 1017 844
82 313 7
539 823 698
355 743 671
477 486 336
540 968 540
24 623 623
277 878 422
41 755 844
709 729 322
307 925 431
72 486 32
251 341 897
302 1021 1021
287 1003 747
565 874 874
323 639 978
81 777 777
520 948 520
216 523 312
92 675 474
157 612 46
693 894 693
371 539 698
262 400 221
541 623 623
45 278 897
95 714 535
18 1009 150
11 141 141
195 320 232
712 992 992
322 414 744
508 825 825
263 623 623
505 529 529
307 697 605
694 770 699
424 770 970
554 1016 172
674 704 190
486 987 874
649 734 218
533 929 474
611 753 523
91 437 62
953 967 520
382 540 540
268 316 71
300 791 367
65 220 556
495 801 941
334 520 520
140 399 740
903 1022 773
284 872 392
134 951 951
880 991 880
114 566 114
497 942 1020
622 737 691
160 773 773
550 1022 773
8 471 310
159 653 672
231 265 817
108 584 266
518 571 518
662 897 897
3 19 3
300 801 157
4 804 392
27 997 995
232 843 232
377 934 934
630 965 8
359 436 436
833 938 122
5 59 679
533 711 378
238 612 737
182 681 681
154 603 851
712 861 838
785 1024 114
25 58 304
385 760 992
258 295 157
388 964 221
119 613 613
377 931 1021
433 671 1020
486 717 717
531 610 396
169 370 169
586 994 992
490 753 934
323 589 190
214 605 605
289 319 310
94 1015 540
206 532 903
739 838 995
363 787 970
8 378 8
248 789 524
361 721 430
193 926 996
269 907 961
518 696 518
271 321 859
792 841 1
85 724 187
941 950 941
132 963 1013
62 512 62
14 930 30
182 817 817
271 491 691
509 817 817
211 513 8
193 486 807
435 889 880
477 838 838
877 1013 1013
540 967 540
384 642 828
472 855 80
403 949 403
212 730 500
290 367 367
294 970 970
672 734 672
676 838 838
666 699 699
74 334 834
914 933 783
782 952 928
461 594 792
24 1019 623
5 911 373
118 761 698
833 896 122
436 614 436
428 649 218
577 695 436
428 998 218
172 805 172
379 486 188
126 808 868
7 902 7
170 679 511
229 323 229
52 604 517
199 894 806
392 879 392
26 792 792
541 671 541
378 612 46
597 880 880
757 797 757
182 980 980
279 777 777
353 474 693
667 786 817
187 874 187
260 529 529
255 562 785
307 441 441
121 628 121
357 671 671
149 223 623
421 485 330
57 581 880
68 900 567
511 873 511
798 955 7
385 482 693
184 596 874
788 908 788
295 381 716
374 769 681
518 950 373
698 882 897
158 430 806
273 769 660
159 664 700
419 1020 1020
494 947 373
527 548 527
479 785 785
125 507 777
287 995 995
215 658 632
181 508 713
527 536 527
19 975 783
590 748 737
183 248 524
660 982 679
486 891 815
201 450 450
187 455 187
533 618 728
206 785 903
486 910 152
219 653 672
106 846 992
437 992 992
24 101 417
254 688 155
10 619 310
298 431 671
607 661 518
520 1004 520
249 783 187
314 935 632
160 683 304
627 712 1
737 757 757
23 186 121
119 122 122
192 686 152
807 956 960
229 464 229
115 311 136
440 615 155
70 288 834
82 453 767
227 877 222
674 992 992
306 748 533
399 545 304
315 514 152
204 295 11
390 626 390
289 438 410
594 662 662
274 537 266
324 898 605
696 765 890
832 1004 450
179 686 152
486 697 605
6 1020 1020
110 937 717
498 939 1
558 599 517
8 561 229
552 948 934
244 905 222
610 710 523
444 992 992
233 621 804
236 505 980
58 1023 304
123 864 169
69 344 788
8 801 8
285 631 792
776 830 757
486 728 728
775 970 970
275 344 440
678 1013 1013
89 683 716
187 970 187
133 832 537
541 617 229
294 988 556
69 352 623
24 553 553
374 396 681
912 934 934
87 711 46
901 932 436
547 923 682
9 269 961
725 874 874
54 979 528
738 991 520
219 268 71
156 1021 1021
57 734 218
509 665 874
7 487 887
229 606 229
335 747 747
371 878 422
454 773 773
405 521 521
94 254 500
149 236 804
189 682 682
291 396 396
626 983 266
915 1021 1021
602 773 773
390 741 390
109 875 995
87 471 310
807 816 928
64 871 871
312 664 312
595 758 403
62 116 500
156 506 188
223 553 553
408 486 825
481 935 828
312 558 517
305 733 30
24 986 717
181 766 699
253 1007 747
812 880 390
90 752 817
111 163 210
161 496 972
54 318 890
95 547 378
2 190 190
361 445 445
481 880 880
564 844 844
155 243 155
30 486 30
306 518 518
263 363 970
177 295 861
25 204 417
114 181 114
257 539 330
275 1005 691
365 724 1021
209 897 897
122 947 122
53 483 410
718 969 232
618 804 728
618 708 556
946 971 520
9 618 961
377 944 613
241 850 190
33 62 502
277 877 422
767 857 605
389 897 897
468 938 740
61 526 767
307 623 623
286 948 431
296 762 541
291 372 728
373 519 373
104 947 511
314 1021 1021
63 463 757
77 955 7
500 542 500
101 507 410
662 842 662
124 840 806
121 373 121
513 965 8
163 236 236
847 915 970
768 837 445
72 540 540
888 961 961
418 808 785
613 679 679
281 985 373
617 767 229
74 91 521
330 895 330
553 923 553
189 551 639
53 660 660
387 681 681
202 464 422
31 258 157
868 1001 868
291 1020 1020
90 939 792
39 297 221
431 450 450
227 394 521
71 1007 691
129 245 903
232 381 232
657 978 747
363 514 152
221 396 221
71 526 767
313 1021 1021
242 254 254
295 887 887
559 850 970
658 1013 1013
507 634 169
426 715 445
509 754 874
265 432 817
789 809 236
253 897 897
511 749 511
844 1006 844
118 313 7
621 951 951
1 705 1
138 608 868
426 878 871
356 800 511
204 391 391
716 1010 524
154 639 639
86 547 218
632 1024 114
303 964 1021
726 875 395
403 456 403
90 594 792
26 782 32
224 459 330
200 438 410
460 885 662
449 1003 747
294 641 825
361 842 391
622 972 691
652 880 880
186 419 121
520 946 520
771 955 7
716 881 693
311 339 154
19 986 717
292 938 292
158 982 806
218 818 1
909 1002 671
785 921 679
160 562 304
51 209 757
157 732 157
137 535 154
468 915 740
149 562 304
750 801 527
498 779 1
402 603 851
642 836 613
186 316 121
777 912 777
933 957 529
422 942 422
243 386 934
56 112 430
1 593 1
278 736 825
254 277 422
493 684 893
204 976 831
474 512 474
248 294 556
334 560 834
373 912 373
391 978 391
178 765 972
79 792 792
553 738 553
245 903 903
61 883 681
689 809 523
464 699 699
486 767 767
392 531 392
474 730 474
609 992 992
74 506 893
693 929 693
549 854 783
38 529 529
1 280 1
394 939 141
358 989 919
58 131 218
413 826 978
386 713 136
744 945 744
226 777 777
803 838 838
97 880 880
742 841 1
200 696 890
344 952 521
2 531 396
17 343 972
187 302 187
777 836 777
330 847 330
474 944 474
50 425 172
107 624 80
272 693 693
52 863 517
68 164 141
71 935 71
736 846 825
533 547 378
342 390 390
180 304 36
73 373 373
284 876 169
657 1003 747
938 1012 440
71 143 71
336 355 336
275 321 859
748 981 446
22 948 136
37 849 114
144 927 980
613 979 613
180 254 254
341 769 613
58 564 136
229 915 229
61 691 691
682 912 682
330 957 330
3 859 3
442 709 322
136 789 136
113 693 122
94 292 500
346 832 537
720 880 880
495 553 941
859 896 292
8 242 8
616 818 1
18 517 517
454 527 232
197 494 500
496 592 854
515 731 553
348 1018 903
406 1014 210
100 721 157
23 151 817
101 203 121
264 773 773
62 156 62
783 956 960
262 554 221
22 798 136
326 514 152
132 171 517
152 802 152
660 908 660
461 855 757
765 845 46
351 739 995
714 874 874
172 937 172
292 551 639
691 897 897
51 111 210
672 867 672
113 390 390
105 873 1013
203 610 121
875 933 395
368 632 446
123 860 236
78 307 815
17 444 972
8 105 1013
449 615 155
606 969 232
198 829 312
92 765 639
605 713 605
127 693 693
291 726 728
978 984 978
310 347 310
503 554 567
391 492 391
675 1018 474
350 423 996
605 726 726
285 390 390
398 874 874
392 990 436
699 788 699
249 288 187
173 203 121
486 1018 728
14 863 951
62 500 500
276 450 8
496 908 535
202 379 422
140 860 740
540 597 540
365 901 436
68 541 541
547 886 3
24 206 903
667 741 527
489 814 403
321 718 834
210 867 210
580 978 978
657 748 747
134 147 396
275 424 440
515 901 436
592 976 831
32 889 32
492 735 229
635 836 662
599 737 567
444 690 254
164 1015 540
597 1020 1020
345 753 825
255 486 785
357 807 150
504 658 540
243 779 934
58 594 792
48 208 518
16 222 8
527 858 527
202 391 422
1 76 1
173 727 474
124 777 777
721 777 777
806 920 806
547 905 222
345 459 330
624 861 80
135 613 613
120 870 817
77 314 632
161 236 972
132 775 517
552 745 934
448 455 527
240 355 851
512 805 907
514 738 152
342 1007 992
831 933 831
181 860 836
1 738 1
97 324 1021
257 799 540
768 778 919
145 540 1
442 878 422
24 778 866
15 592 62
35 466 338
339 768 919
221 391 221
289 479 3
166 824 172
422 644 1013
554 717 836
279 896 726
204 633 528
220 760 992
276 999 8
44 195 396
243 792 792
599 941 941
603 921 679
540 872 540
319 377 310
520 597 445
376 674 122
696 847 970
100 938 157
232 407 232
141 648 141
275 545 304
26 469 32
217 718 866
558 739 517
197 198 500
8 623 623
393 749 660
814 820 403
242 977 172
616 699 699
208 331 1020
422 996 422
188 501 445
475 648 681
486 580 807
313 659 871
140 792 792
179 566 373
222 737 737
608 802 868
122 269 122
17 53 972
680 864 169
567 774 567
652 1020 1020
151 214 71
254 591 422
334 866 866
413 526 767
199 840 806
111 141 141
52 594 517
206 669 903
390 948 390
820 919 919
783 826 783
740 978 740
828 883 828
217 887 887
689 740 740
177 986 717
218 662 662
401 747 747
102 287 868
75 90 792
492 871 871
412 577 155
248 597 445
492 546 546
284 875 395
868 923 868
30 562 30
260 282 159
691 988 691
1003 1018 747
62 974 210
157 166 893
197 708 500
59 887 887
952 1001 785
390 706 390
237 474 660
1 657 1
159 410 410
75 169 169
16 980 980
105 139 897
397 906 232
242 530 941
615 726 155
121 475 121
154 486 154
861 934 934
47 152 152
558 878 517
873 941 941
715 766 445
976 981 446
494 911 373
155 943 155
220 225 613
253 484 747
445 972 445
223 597 445
276 385 8
61 692 338
569 791 338
523 938 523
733 830 757
51 759 928
102 828 828
232 351 232
465 515 553
355 557 578
621 917 897
824 889 700
4 461 392
172 663 740
240 500 500
129 232 903
114 662 114
526 647 767
718 1003 747
165 281 373
602 880 880
978 999 36
239 311 788
44 784 229
53 275 410
390 471 390
428 848 266
631 728 740
425 896 292
8 659 871
140 521 740
207 978 150
214 521 521
289 380 919
664 791 700
530 798 941
169 624 169
696 714 890
172 287 970
213 664 700
873 953 520
144 321 980
5 496 395
700 809 700
117 1012 392
345 757 825
1005 1007 691
570 764 62
69 908 788
219 371 521
192 269 961
255 808 785
557 660 660
301 313 7
429 864 169
338 878 422
395 625 395
283 761 698
718 1021 1021
223 674 623
211 273 660
92 655 450
232 971 232
370 698 698
36 134 730
243 645 934
39 324 221
594 775 792
232 490 232
274 297 266
315 647 546
227 750 527
748 926 996
650 660 660
400 500 500
66 484 887
642 995 995
4 275 392
347 422 844
571 1020 1020
29 1001 806
136 944 136
16 405 8
121 893 121
661 843 410
204 697 605
164 230 141
112 240 851
879 902 873
327 907 403
76 710 523
816 892 391
681 917 897
355 521 521
540 818 1
108 588 726
965 1008 8
21 49 141
352 512 623
61 528 154
814 903 903
648 937 141
189 326 71
933 968 517
155 815 155
804 948 322
763 941 941
273 845 660
110 239 717
349 728 728
19 968 517
187 543 880
919 1002 919
405 1009 150
286 624 80
60 661 292
390 772 390
516 714 417
431 744 744
655 662 662
480 669 236
271 766 699
281 971 373
44 414 396
314 1004 450
370 605 679
69 937 907
315 871 871
262 486 221
662 887 662
224 475 681
488 1020 1020
86 641 825
960 994 537
67 861 777
582 743 671
555 817 681
802 961 961
293 475 114
61 752 817
565 693 693
134 154 730
300 492 788
25 744 744
520 740 520
16 867 8
372 566 980
402 517 517
731 852 553
70 505 980
500 930 500
91 415 632
399 442 62
312 952 312
279 436 436
133 853 831
113 253 122
4 430 392
140 728 740
52 911 517
248 1001 785
35 976 831
670 952 391
335 505 980
152 494 152
204 963 1013
512 791 367
190 370 679
435 782 880
537 838 838
73 508 713
348 833 122
779 790 1020
734 874 874
441 980 980
397 697 682
391 589 190
266 304 266
445 601 445
162 662 662
99 757 662
460 773 773
331 830 1020
507 910 152
528 569 338
71 973 390
663 883 681
175 897 897
105 758 1013
449 517 517
463 946 520
518 734 518
11 632 632
88 859 859
148 199 806
380 384 828
158 395 806
561 868 868
200 607 518
121 262 121
324 617 229
320 828 828
757 886 757
309 576 556
114 376 114
417 896 417
844 949 310
10 663 740
116 702 500
140 185 540
71 610 71
496 716 716
221 747 747
386 900 136
155 838 155
540 854 540
263 880 880
849 880 880
14 259 529
181 932 3
255 977 785
12 57 541
105 343 1013
880 881 880
68 874 874
136 625 136
350 781 767
654 687 390
698 1000 1013
324 701 605
266 871 266
112 743 671
321 861 859
518 917 897
121 904 121
71 367 71
37 853 767
463 810 757
247 651 699
1 26 1
237 1004 660
582 709 322
228 620 232
759 818 1
379 999 36
440 512 907
658 669 632
710 794 792
879 888 873
798 994 537
108 443 834
616 848 266
648 674 141
259 842 529
47 512 737
736 968 517
206 773 773
403 735 403
808 1018 785
179 950 373
669 784 229
152 905 152
100 114 114
431 580 431
340 955 527
24 537 537
268 463 757
391 968 517
514 860 152
445 964 445
342 814 403
473 961 961
465 956 960
285 897 897
121 525 121
265 620 232
346 533 893
494 620 232
235 470 390
379 682 682
578 905 578
112 233 804
36 316 36
851 916 671
622 693 691
10 185 540
501 648 445
90 630 792
606 630 450
185 276 540
239 314 632
332 403 403
97 949 310
403 494 403
108 956 726
788 862 524
473 662 662
339 912 523
197 646 500
288 497 1020
699 722 699
719 764 866
768 899 919
461 480 757
149 194 553
187 536 187
253 427 747
567 869 567
540 889 540
138 874 874
149 819 155
80 668 80
43 298 671
28 984 502
321 905 222
14 193 951
239 418 861
398 805 578
78 533 815
392 738 392
455 691 527
483 874 874
424 578 578
714 818 1
737 797 737
430 545 304
2 628 32
904 924 662
642 670 613
270 492 528
136 797 136
223 763 868
936 1017 312
600 974 210
145 963 1
141 468 141
504 959 540
690 851 254
411 464 395
65 1001 556
256 1014 8
368 462 873
137 704 127
867 1004 450
866 961 961
661 878 422
166 417 893
284 596 972
700 841 1
23 677 817
570 646 838
190 830 757
71 800 744
494 983 373
787 993 1021
36 80 36
905 1013 1013
875 965 8
256 699 699
227 417 521
296 915 541
204 900 154
390 777 390
339 398 578
806 902 806
222 380 919
393 668 441
15 542 396
76 660 660
223 844 844
163 791 367
387 516 785
619 622 310
146 940 187
452 589 190
126 511 868
629 676 30
147 283 396
56 795 430
558 953 520
606 662 662
428 756 218
763 907 868
263 475 681
673 825 825
218 648 218
486 622 691
18 206 903
232 494 232
128 534 672
310 699 310
403 465 403
598 960 941
486 909 671
489 630 698
117 486 392
417 889 700
3 231 524
350 565 172
385 750 527
164 377 141
446 918 446
75 436 436
193 520 520
318 900 890
145 889 1
81 175 221
588 821 726
139 891 897
322 372 322
527 869 527
590 869 737
383 1020 1020
355 470 390
906 1020 1020
521 977 441
108 262 221
182 212 500
343 350 767
373 377 373
127 309 236
141 868 868
30 228 623
221 415 221
592 984 854
486 906 232
60 797 978
713 815 713
264 668 518
540 831 540
405 975 807
165 537 567
815 976 815
505 892 980
249 570 187
47 149 737
35 915 7
152 601 152
747 980 747
72 469 32
338 903 903
63 870 730
263 613 613
244 920 392
485 850 330
343 771 150
524 642 613
280 445 445
747 793 747
152 693 152
444 625 744
44 93 396
442 871 871
119 908 440
152 651 152
282 441 159
461 723 757
380 395 919
98 936 903
662 782 662
324 598 941
645 756 934
552 635 662
756 839 679
794 994 792
209 710 757
221 955 221
314 502 502
304 873 873
693 863 693
295 580 807
58 486 304
585 654 390
107 597 445
383 662 662
868 902 868
79 403 403
752 874 874
639 744 744
391 1001 785
284 353 693
188 210 210
699 820 699
148 409 871
195 517 517
1 21 1
114 447 114
149 866 866
502 641 825
7 76 7
258 957 529
248 440 524
880 969 880
700 777 777
344 983 528
93 951 726
540 869 540
166 772 941
381 573 716
349 547 378
290 944 502
319 784 310
99 865 662
508 873 873
30 39 221
890 996 996
738 980 980
233 547 804
334 976 834
234 669 32
183 511 511
42 874 874
208 658 518
420 777 777
1 390 1
240 939 141
141 776 141
218 749 218
789 941 941
673 803 919
554 706 700
529 919 529
977 1021 1021
395 818 1
101 547 417
125 518 518
178 197 500
300 487 887
20 507 410
114 249 114
157 793 446
443 643 540
47 693 693
378 678 236
63 770 970
161 691 691
878 892 422
623 699 699
100 486 157
193 973 390
351 915 660
874 887 874
646 773 773
22 855 136
194 874 874
592 837 445
276 965 8
551 565 172
69 357 150
932 974 210
394 851 851
486 567 567
657 745 747
160 494 373
449 886 919
365 486 541
545 891 815
178 747 747
534 972 672
441 883 681
149 483 410
712 776 838
408 496 825
86 169 169
161 596 972
289 883 681
246 958 474
169 592 169
171 895 672
223 529 529
296 356 511
660 884 660
114 122 114
68 798 567
111 152 152
39 486 221
383 997 747
300 322 322
108 213 395
598 731 941
694 864 169
62 701 322
263 322 136
699 929 699
377 623 623
414 800 744
111 847 970
278 400 728
450 846 450
71 304 304
94 570 500
723 996 996
43 574 961
410 853 410
343 914 150
30 1009 30
490 994 934
743 996 671
516 797 978
20 214 159
507 873 410
502 724 1021
4 771 392
441 605 605
127 696 890
416 840 1013
641 937 825
702 740 825
675 688 155
74 233 804
78 823 815
603 743 671
172 624 172
276 960 8
337 389 773
304 658 304
715 823 445
598 683 941
92 238 737
463 583 681
66 472 887
329 800 874
486 495 941
120 486 817
73 121 121
659 752 817
143 211 188
648 682 682
450 970 970
330 594 330
268 364 623
822 874 1020
450 605 450
533 866 866
981 992 992
420 869 737
254 861 254
18 363 970
233 331 1020
216 737 312
169 267 169
991 995 520
399 591 422
111 486 210
486 647 535
486 529 529
239 804 804
476 673 919
558 844 844
310 754 874
190 960 190
886 980 980
196 346 431
620 996 232
903 949 903
251 354 897
257 1013 1013
425 706 700
318 573 914
400 618 728
357 919 919
478 594 792
256 276 8
250 609 992
593 1022 773
112 512 430
195 252 396
116 404 500
683 945 716
835 939 141
30 688 155
758 772 941
698 852 698
43 778 866
293 486 114
549 670 391
100 507 410
486 869 737
493 513 8
3 9 961
90 794 792
48 240 851
521 1023 546
720 884 747
172 693 693
192 847 693
184 993 874
241 844 844
469 750 527
422 683 422
390 763 390
243 754 874
737 825 825
220 310 310
259 786 817
449 944 919
854 908 854
219 430 430
357 538 844
640 692 338
824 861 172
677 788 336
592 714 854
193 721 807
9 941 941
352 555 681
456 993 1021
1 950 1
548 834 403
669 868 868
80 971 660
374 1020 1020
596 778 972
41 612 844
675 766 699
486 1001 785
413 538 844
455 486 527
835 867 80
124 884 3
462 739 995
394 636 517
902 907 523
754 983 874
529 796 529
75 847 970
446 724 1021
852 992 992
7 133 7
317 437 322
306 916 671
507 798 410
129 951 903
849 968 114
48 202 422
47 869 737
296 365 541
326 1005 691
47 486 737
662 733 662
124 270 528
40 789 511
617 748 229
578 781 851
300 983 528
489 508 698
828 844 828
132 856 187
527 825 527
35 119 338
20 486 159
401 766 699
461 859 757
123 480 236
706 889 700
712 869 838
710 880 880
307 820 578
94 773 773
476 845 336
476 855 336
389 1020 1020
467 786 817
110 868 868
209 888 757
566 928 980
187 440 187
167 370 679
529 1017 529
593 694 699
564 828 828
746 793 446
145 589 1
580 890 807
630 763 868
729 765 440
333 830 757
177 306 861
319 473 445
911 930 373
88 464 395
247 720 747
550 785 785
73 849 114
390 510 390
37 421 767
338 437 62
213 679 679
486 515 553
322 674 322
32 178 32
317 641 825
189 890 783
39 262 221
177 532 717
480 1004 450
161 638 529
346 541 541
147 912 396
134 270 730
203 390 390
188 535 188
541 928 541
570 747 747
578 859 578
188 731 553
137 974 210
438 842 410
350 837 445
360 480 866
77 265 817
310 638 310
65 486 556
42 675 868
44 604 396
103 755 114
3 177 3
22 345 825
786 984 817
257 848 266
413 564 136
271 318 859
281 514 152
56 709 322
364 1019 623
239 800 744
428 719 218
898 907 322
294 690 556
104 214 873
102 874 874
151 669 71
794 969 232
668 671 671
435 506 880
693 936 693
210 499 450
309 961 961
144 209 980
513 887 887
711 938 378
540 877 540
20 986 159
241 403 403
278 648 141
486 926 996
321 774 859
151 907 71
54 621 804
679 931 1021
348 488 903
764 937 836
44 542 396
623 897 897
46 486 46
137 692 338
135 360 866
389 749 773
372 750 527
486 700 700
77 330 330
150 880 880
114 833 114
666 773 773
626 848 266
509 669 639
340 577 527
299 780 450
87 953 520
446 585 887
451 897 897
571 598 941
795 1007 691
131 941 941
372 416 1013
231 983 524
326 907 71
229 757 757
436 440 436
169 992 169
159 903 903
693 771 693
114 321 114
14 1020 1020
130 301 880
124 595 403
30 223 623
464 979 395
492 771 431
333 870 190
284 340 527
829 927 312
74 436 436
713 735 229
823 918 36
46 580 807
486 856 187
1 662 1
404 632 150
4 1002 392
816 838 838
229 993 1021
120 536 817
1 687 1
90 766 699
472 660 660
153 344 378
280 615 155
309 392 392
432 570 815
147 717 396
996 1008 996
13 35 541
30 364 623
797 972 972
488 880 880
254 575 980
500 751 500
180 393 36
381 1003 747
318 375 254
499 699 699
494 1008 373
83 950 310
545 610 304
746 899 866
560 1013 1013
779 853 254
266 672 266
224 452 541
316 647 546
222 697 605
486 817 817
150 603 150
553 646 553
609 705 436
666 907 430
593 992 992
122 231 122
807 813 3
77 396 396
163 866 866
122 814 122
339 385 502
544 549 807
139 491 897
301 691 691
181 763 868
520 837 445
321 752 817
172 479 172
147 396 396
215 610 546
10 160 740
225 532 785
124 990 436
233 486 804
34 881 693
90 681 681
545 933 304
14 368 446
1 939 1
108 572 266
261 283 961
516 805 417
323 609 992
728 747 747
123 653 672
104 913 873
496 641 825
1 715 1
158 693 693
228 939 623
64 434 578
47 893 737
88 547 378
110 738 777
297 527 527
107 142 662
24 729 717
662 701 662
116 757 500
145 425 1
74 375 254
906 969 232
651 961 961
543 943 880
380 747 747
739 844 844
285 311 792
341 941 941
402 824 172
343 479 150
8 486 8
299 603 951
55 916 229
796 850 716
121 122 122
373 925 373
470 656 390
519 967 520
359 729 330
278 486 537
542 836 396
74 166 893
482 755 693
240 604 831
221 700 221
253 390 390
66 967 520
21 457 605
233 758 996
175 363 221
901 990 436
278 564 136
960 1010 524
378 662 662
335 389 773
91 141 141
390 634 390
45 354 897
214 914 783
754 794 874
80 392 392
369 607 518
834 1019 834
483 486 410
1020 1022 1020
419 1003 121
352 588 623
121 980 121
413 559 970
178 814 403
473 542 445
530 1007 941
25 854 417
106 348 903
599 943 159
93 754 874
91 538 844
546 761 698
312 758 312
134 964 1021
284 698 698
81 678 441
590 792 792
29 170 806
738 953 520
252 1010 524
880 949 880
552 672 672
46 674 190
486 703 815
801 1012 157
540 726 540
153 486 378
44 533 396
415 660 660
524 898 524
295 300 11
408 594 792
210 750 527
90 363 792
384 1020 1020
250 318 890
316 498 1
304 771 431
510 615 155
51 184 874
213 428 218
543 609 880
127 783 783
322 798 322
307 988 210
893 921 679
454 739 232
412 794 155
464 853 395
83 379 310
683 964 1021
319 903 903
356 874 874
652 876 121
26 40 32
518 955 518
319 608 868
813 833 122
901 972 436
906 1014 232
318 871 871
313 405 7
321 1014 210
613 632 613
489 902 698
330 602 844
436 919 436
415 925 431
879 890 873
20 292 159
558 911 517
40 759 511
349 704 127
76 206 903
6 821 169
627 681 1
406 608 868
609 635 662
866 1013 1013
332 696 792
331 702 1020
406 762 336
373 511 373
330 968 330
493 518 518
36 557 36
491 825 691
10 431 740
380 980 919
190 849 114
669 861 639
540 644 540
109 486 995
539 995 995
507 919 919
123 718 834
671 970 970
322 903 903
229 756 679
612 937 46
520 530 941
310 1016 310
285 332 792
153 533 378
51 272 854
194 961 961
634 729 169
92 380 919
326 664 700
493 690 254
59 935 679
67 187 187
252 380 919
30 137 30
22 763 868
336 532 336
229 306 229
291 329 874
398 804 578
623 763 868
485 628 330
286 637 961
813 932 3
2 32 32
98 137 903
13 38 541
219 762 336
668 887 887
1 486 1
511 796 511
21 44 396
690 799 540
299 413 951
93 129 903
409 833 122
809 835 236
466 665 874
392 798 392
242 1016 172
441 874 874
381 577 254
917 959 897
553 728 553
77 333 928
394 986 521
31 714 535
237 707 660
89 715 445
747 896 747
159 769 159
754 959 874
418 729 861
863 962 730
262 817 221
322 886 322
306 560 978
143 696 890
199 326 806
43 965 8
384 637 828
599 791 567
181 398 578
348 550 903
254 889 700
105 880 880
140 749 660
290 349 378
187 540 540
789 929 474
180 486 36
21 777 777
373 996 373
155 366 155
349 900 154
302 660 660
108 158 806
183 797 978
417 543 880
263 483 410
808 1001 785
349 684 854
155 785 155
160 963 1013
470 941 390
541 974 541
777 889 777
714 832 537
170 653 672
492 826 127
173 200 141
877 905 222
584 650 266
134 561 229
518 997 518
618 817 817
189 698 698
721 896 292
123 638 529
164 486 141
51 243 934
779 861 254
925 933 431
585 663 887
1 708 1
137 914 914
39 816 221
208 675 518
54 599 567
437 486 62
403 466 403
363 838 970
472 499 450
265 985 817
415 838 838
403 944 403
357 452 150
40 356 511
995 1013 1013
672 677 672
15 901 436
752 905 817
111 699 699
229 341 229
183 840 806
9 806 961
1013 1019 1013
654 656 390
284 300 861
613 775 613
1 1004 1
793 1013 1013
677 717 336
504 546 540
208 517 517
410 1004 410
943 1009 159
24 773 773
153 284 378
195 278 396
101 284 417
935 1010 524
87 118 46
10 412 155
127 162 698
240 644 1013
18 844 844
274 773 773
486 846 804
307 512 578
125 486 777
272 279 726
36 751 36
502 716 716
419 822 1020
486 905 222
342 1005 992
373 840 373
506 658 632
136 883 681
19 721 154
446 449 919
344 941 941
373 573 373
331 799 540
87 585 887
108 540 540
745 785 980
100 684 854
506 729 893
292 996 996
280 757 838
524 789 524
43 453 567
732 907 907
356 809 511
446 550 446
573 633 914
588 871 871
495 598 941
167 480 312
245 1018 728
372 896 62
422 804 422
518 792 792
194 1000 1013
399 518 518
486 855 71
703 977 815
232 704 232
244 775 7
221 517 517
226 662 662
88 239 861
36 394 36
695 841 1
30 977 30
372 382 871
266 874 874
304 1006 30
338 394 338
58 713 713
121 401 121
128 735 871
518 911 373
115 520 520
391 612 391
293 662 114
126 486 868
616 978 613
91 277 422
286 486 431
470 540 540
327 898 403
262 266 266
403 499 403
537 900 537
959 1011 500
121 178 121
137 775 7
566 723 980
410 475 681
387 520 520
873 905 873
496 647 535
80 996 996
452 810 190
321 997 682
259 638 529
89 701 322
483 620 232
433 651 1020
206 563 903
180 446 446
114 821 114
598 786 941
132 868 868
338 436 436
246 266 266
260 674 190
272 936 312
18 998 502
420 815 815
95 632 632
68 1023 567
455 787 527
138 326 71
404 661 150
30 883 681
373 721 373
649 875 218
372 437 62
486 577 254
112 876 169
486 630 960
151 486 71
151 176 887
315 1023 546
265 925 817
225 461 757
273 444 660
167 691 691
395 926 996
276 904 662
316 510 828
709 776 431
542 907 396
288 718 834
322 777 777
617 707 229
175 852 221
133 548 403
660 705 436
368 981 446
284 535 861
84 180 511
175 436 436
152 746 152
81 403 403
526 550 767
162 529 698
461 1002 757
305 888 30
494 527 527
645 910 152
191 623 623
322 381 716
338 570 62
811 996 744
199 473 445
531 838 838
684 775 7
125 959 777
112 859 430
424 571 553
1 723 1
120 752 817
382 1003 747
318 662 662
8 542 396
532 654 390
403 897 897
357 875 395
172 478 995
739 746 995
565 1006 30
878 957 529
70 260 336
741 890 527
220 861 613
122 559 122
125 934 934
540 841 1
394 716 716
483 844 844
437 480 62
594 971 792
361 405 430
823 981 446
152 200 152
621 753 804
1 507 1
358 934 934
530 850 941
150 321 150
457 526 605
329 380 874
336 838 838
426 445 445
187 486 187
500 712 500
122 138 122
124 645 934
377 486 613
317 640 322
198 919 919
516 997 682
340 614 527
148 231 871
978 997 682
87 533 46
302 1023 838
139 851 897
97 964 1021
371 989 682
175 580 221
82 481 828
172 970 970
850 1023 190
679 999 679
453 949 310
282 685 941
189 466 978
863 917 897
677 862 524
257 828 828
182 874 874
255 427 392
738 992 992
218 730 218
726 820 726
283 670 391
252 714 639
149 486 804
504 566 540
485 524 330
415 696 632
160 969 232
200 484 887
299 911 373
314 804 804
306 543 880
662 828 662
67 436 436
15 668 441
638 957 529
208 486 518
11 781 851
426 1018 871
356 906 232
474 961 961
605 621 605
517 787 517
684 916 671
248 693 693
32 494 32
203 652 121
56 494 373
122 307 122
821 912 523
101 436 436
202 832 422
593 825 691
410 889 410
196 913 873
133 839 254
96 340 527
205 486 717
975 1013 1013
469 558 517
225 251 897
674 962 730
101 704 417
63 553 553
415 679 679
323 938 978
830 1014 757
412 513 155
439 458 880
233 453 567
693 811 693
361 782 928
474 967 520
204 351 660
276 744 8
6 321 169
339 661 154
933 1012 783
173 961 961
447 896 403
221 487 221
514 977 152
409 566 980
300 805 11
520 887 520
760 773 773
430 763 868
175 205 221
141 203 121
301 321 367
39 152 152
902 908 523
158 437 806
531 961 961
480 661 236
71 89 188
373 453 373
486 489 698
605 798 605
92 292 639
854 905 222
141 172 141
387 606 785
17 1021 1021
274 565 266
714 979 535
364 806 806
75 328 152
57 981 446
516 978 978
349 490 934
546 625 546
270 644 1013
467 699 699
36 407 36
560 861 978
46 886 3
20 367 159
16 662 662
716 935 716
649 693 218
767 792 792
385 896 502
129 293 114
763 909 868
751 923 682
205 801 717
192 558 517
69 661 788
292 405 807
189 486 783
109 651 995
724 927 1021
877 911 373
373 867 373
417 731 553
695 907 436
540 989 540
644 837 1013
307 950 373
563 616 613
569 922 529
243 419 121
154 502 502
113 812 390
77 588 726
78 805 815
448 631 699
503 508 713
616 747 747
660 689 660
166 335 996
62 965 8
95 966 127
27 990 436
7 811 744
166 486 893
83 486 310
207 788 150
569 597 445
220 309 613
613 745 980
98 248 903
154 314 632
107 860 914
126 680 868
662 671 662
482 951 693
181 914 836
451 596 972
440 654 390
267 1020 1020
600 915 7
612 801 46
190 790 1020
903 1014 903
114 134 114
144 421 980
500 668 500
319 974 310
699 889 699
325 617 159
635 991 662
38 557 851
446 601 844
424 912 523
553 613 553
745 789 980
573 578 578
406 1001 785
135 784 229
130 396 880
58 762 304
44 309 396
874 938 874
316 878 422
724 899 1021
630 969 232
307 679 679
468 655 450
13 871 871
126 139 897
791 822 1020
710 744 744
628 675 32
34 848 266
728 886 728
85 114 114
425 661 907
737 985 831
714 1012 535
254 582 254
35 518 518
32 648 32
312 394 312
232 773 773
132 855 517
363 699 699
21 198 159
66 517 517
358 773 773
71 285 792
248 445 445
84 170 511
83 206 903
125 160 777
13 711 541
330 659 330
244 1023 222
504 822 540
118 660 660
397 880 880
508 958 713
98 467 903
25 434 222
312 773 773
192 880 880
66 586 992
336 632 632
103 344 114
312 600 312
180 181 36
529 962 529
769 873 873
310 555 310
672 827 672
300 873 873
88 549 783
618 950 373
475 897 897
868 953 868
279 391 726
232 763 232
247 694 699
247 936 699
160 946 520
53 820 410
106 540 540
97 737 1021
262 469 221
828 967 828
486 783 783
241 621 804
661 789 367
289 465 960
82 529 529
325 608 868
141 512 141
110 333 717
110 312 312
283 557 391
405 811 744
844 999 844
632 835 632
183 510 828
323 728 728
17 810 972
100 387 785
278 448 699
97 469 32
588 997 682
880 910 880
127 994 537
359 806 330
423 474 474
411 601 844
191 522 121
416 940 1013
784 970 970
446 757 757
145 841 1
550 888 757
277 724 1021
32 453 32
123 377 613
335 692 996
315 541 541
766 857 699
497 963 1020
163 940 169
59 214 679
820 885 662
95 707 928
886 962 730
50 106 992
189 669 639
200 605 605
1 179 1
442 576 556
265 441 817
10 218 218
157 253 747
623 911 373
335 423 996
107 295 914
873 945 873
974 976 210
615 634 155
107 580 807
560 965 8
409 866 866
542 602 844
580 874 874
772 869 941
257 899 330
835 956 960
339 967 520
663 728 740
355 537 537
486 677 336
101 496 417
153 760 992
787 980 980
257 545 330
469 579 32
588 744 744
208 399 518
591 965 422
52 782 517
80 518 518
68 405 567
111 676 30
163 716 716
832 855 537
154 981 446
486 795 836
153 326 71
103 439 114
531 542 396
507 537 410
188 847 970
231 392 392
80 480 80
575 792 792
517 974 517
588 990 436
513 885 662
242 819 155
752 925 817
87 208 518
251 872 897
189 681 681
171 256 693
212 427 500
163 861 367
178 346 972
190 980 980
359 519 330
181 199 806
900 1015 540
732 788 907
396 943 159
279 579 726
58 172 172
112 140 740
307 395 395
64 398 578
146 540 540
782 828 828
46 970 970
448 988 699
388 525 152
43 560 978
373 731 373
52 660 517
112 147 396
439 931 114
231 362 777
446 960 446
612 924 828
124 715 445
659 959 871
403 525 403
127 834 834
243 520 520
556 998 556
585 969 232
95 284 861
102 114 114
218 566 218
234 330 330
221 507 221
187 801 187
192 972 693
313 542 396
420 680 520
492 908 788
708 970 970
869 921 679
308 629 672
299 907 951
120 147 817
634 844 169
613 939 141
556 557 556
6 472 169
54 562 304
262 409 221
361 910 152
530 746 941
585 931 887
176 181 887
305 850 30
104 929 474
677 845 336
259 393 529
618 772 941
177 502 502
201 799 540
747 895 747
360 992 992
150 623 623
265 935 817
116 828 828
210 772 941
6 333 169
473 840 445
17 178 972
443 934 934
526 980 980
317 797 322
275 300 440
433 495 941
24 948 322
292 415 632
691 792 792
646 686 152
401 885 662
264 517 517
137 292 292
486 557 578
268 855 71
87 199 806
186 514 121
347 575 844
33 274 266
500 539 500
33 138 502
451 747 747
50 266 266
510 719 828
620 773 773
167 658 312
368 693 693
113 1020 1020
216 386 312
135 301 367
537 680 520
392 625 392
1 689 1
187 725 187
482 995 995
187 327 187
616 720 747
122 773 122
527 614 527
303 710 395
314 996 996
716 836 716
753 855 71
183 1007 691
64 800 744
238 397 682
171 486 693
251 1020 897
212 661 500
540 584 540
244 362 777
542 563 396
121 946 121
574 874 874
739 1011 500
93 312 312
238 713 713
279 299 726
69 765 788
5 366 972
279 309 726
264 844 844
42 221 868
306 333 907
842 907 391
267 662 662
266 609 266
127 987 874
392 834 392
888 934 934
241 721 804
894 920 392
77 520 520
747 915 747
486 884 3
573 625 914
388 847 221
60 922 529
122 235 122
561 874 874
565 627 1
669 933 639
653 794 792
350 486 767
1 1022 1
141 484 887
255 1015 540
838 1012 838
351 440 660
57 459 330
125 556 556
237 243 934
293 439 114
322 457 605
728 839 254
282 941 941
890 896 292
501 798 445
118 839 254
769 984 613
38 482 693
486 995 995
351 619 310
717 966 717
37 664 700
390 683 390
516 810 430
379 443 834
715 903 903
70 181 836
38 947 511
810 817 817
135 175 221
246 303 474
169 501 169
605 710 523
67 828 828
299 874 874
103 293 114
149 891 815
315 956 960
229 382 871
320 693 232
435 742 880
378 951 951
180 241 36
312 631 312
406 422 422
629 816 716
520 577 520
421 512 716
584 841 1
137 550 859
94 200 500
125 738 777
218 436 436
144 430 980
529 881 529
527 680 527
443 892 834
48 851 851
486 643 540
151 979 71
58 826 304
302 879 838
532 959 951
148 572 266
13 802 806
157 284 861
613 887 887
284 945 222
507 652 121
101 223 623
108 221 221
486 953 520
330 471 310
100 154 154
647 871 871
217 794 792
408 527 527
441 827 441
871 888 757
266 731 266
157 223 623
71 409 951
152 345 152
187 662 187
134 379 730
88 882 897
94 233 500
137 933 783
821 977 80
122 780 122
866 962 866
705 980 436
486 641 825
701 709 322
207 663 740
401 702 699
556 994 556
9 828 828
226 804 838
272 716 716
444 682 682
69 928 928
121 266 121
138 913 873
356 542 511
22 837 445
242 374 681
64 896 578
548 860 403
304 897 897
753 908 854
110 153 717
448 486 699
36 894 730
868 908 868
613 674 613
366 919 972
360 799 540
871 941 941
572 626 266
458 771 880
114 896 114
313 746 446
318 750 527
51 910 152
424 727 474
871 891 871
486 892 391
270 465 960
39 664 221
757 887 887
29 613 806
726 891 726
527 723 527
369 736 825
239 357 150
806 826 806
63 440 730
486 823 815
15 890 62
131 230 218
182 991 520
172 775 7
74 396 396
42 657 868
283 926 996
43 308 672
693 865 693
522 589 121
275 799 540
774 966 127
119 664 700
457 613 613
212 773 773
308 934 672
627 870 1
395 691 691
65 103 114
236 775 7
266 546 266
78 521 815
114 923 114
717 795 836
88 452 190
192 631 693
507 970 970
339 900 154
245 979 996
162 718 698
364 486 623
486 593 691
254 451 254
486 758 996
213 946 520
148 930 30
213 231 395
151 855 71
146 461 187
500 554 500
264 607 518
194 871 553
278 1022 773
756 869 679
442 539 698
229 324 229
60 509 292
281 950 373
361 500 500
38 121 121
935 1012 914
481 932 828
204 729 11
618 857 728
80 682 682
412 954 155
254 415 254
333 940 169
357 996 996
433 822 1020
310 928 310
140 791 740
607 959 518
587 743 122
42 144 868
262 933 221
301 789 367
637 838 961
127 1023 546
122 356 122
442 648 141
68 453 567
111 671 210
247 874 874
486 985 831
358 1013 1013
992 1002 992
195 312 312
131 847 218
429 779 254
392 524 392
61 951 951
497 723 1020
417 856 187
440 621 804
112 227 430
213 310 310
619 848 266
144 259 529
240 486 851
141 928 141
245 485 330
158 925 806
112 1021 1021
660 886 660
