stage,mode,n,seed,shuffle_labels,shuffle_queries,gen_ok,solver_rc,timed_out,val_ok,sec,rss_kb,case_dir
correctness_fuzz,comb_rect_dense,64,1,0,0,1,0,0,1,0.016523,1872,/Users/free_1/Library/Mobile Documents/iCloud~md~obsidian/Documents/cpp-checker/branch_3/artifacts/lca_tree_stress_v5/strong_gate_cf_exact_check/runs/correctness_fuzz/comb_rect_dense/n64/seed1_L0_Q0
correctness_fuzz,comb_rect_dense,64,1,0,1,1,0,0,1,0.012501,1840,/Users/free_1/Library/Mobile Documents/iCloud~md~obsidian/Documents/cpp-checker/branch_3/artifacts/lca_tree_stress_v5/strong_gate_cf_exact_check/runs/correctness_fuzz/comb_rect_dense/n64/seed1_L0_Q1
correctness_fuzz,comb_rect_dense,64,1,1,0,1,0,0,1,0.015061,1808,/Users/free_1/Library/Mobile Documents/iCloud~md~obsidian/Documents/cpp-checker/branch_3/artifacts/lca_tree_stress_v5/strong_gate_cf_exact_check/runs/correctness_fuzz/comb_rect_dense/n64/seed1_L1_Q0
correctness_fuzz,comb_rect_dense,64,1,1,1,1,0,0,1,0.015058,1808,/Users/free_1/Library/Mobile Documents/iCloud~md~obsidian/Documents/cpp-checker/branch_3/artifacts/lca_tree_stress_v5/strong_gate_cf_exact_check/runs/correctness_fuzz/comb_rect_dense/n64/seed1_L1_Q1
correctness_fuzz,comb_rect_dense,64,2,0,0,1,0,0,1,0.013258,1808,/Users/free_1/Library/Mobile Documents/iCloud~md~obsidian/Documents/cpp-checker/branch_3/artifacts/lca_tree_stress_v5/strong_gate_cf_exact_check/runs/correctness_fuzz/comb_rect_dense/n64/seed2_L0_Q0
correctness_fuzz,comb_rect_dense,64,2,0,1,1,0,0,1,0.015078,1808,/Users/free_1/Library/Mobile Documents/iCloud~md~obsidian/Documents/cpp-checker/branch_3/artifacts/lca_tree_stress_v5/strong_gate_cf_exact_check/runs/correctness_fuzz/comb_rect_dense/n64/seed2_L0_Q1
correctness_fuzz,comb_rect_dense,64,2,1,0,1,0,0,1,0.015072,1808,/Users/free_1/Library/Mobile Documents/iCloud~md~obsidian/Documents/cpp-checker/branch_3/artifacts/lca_tree_stress_v5/strong_gate_cf_exact_check/runs/correctness_fuzz/comb_rect_dense/n64/seed2_L1_Q0
correctness_fuzz,comb_rect_dense,64,2,1,1,1,0,0,1,0.015084,1808,/Users/free_1/Library/Mobile Documents/iCloud~md~obsidian/Documents/cpp-checker/branch_3/artifacts/lca_tree_stress_v5/strong_gate_cf_exact_check/runs/correctness_fuzz/comb_rect_dense/n64/seed2_L1_Q1
correctness_fuzz,comb_rect_dense,64,3,0,0,1,0,0,1,0.015127,1840,/Users/free_1/Library/Mobile Documents/iCloud~md~obsidian/Documents/cpp-checker/branch_3/artifacts/lca_tree_stress_v5/strong_gate_cf_exact_check/runs/correctness_fuzz/comb_rect_dense/n64/seed3_L0_Q0
correctness_fuzz,comb_rect_dense,64,3,0,1,1,0,0,1,0.012190,1840,/Users/free_1/Library/Mobile Documents/iCloud~md~obsidian/Documents/cpp-checker/branch_3/artifacts/lca_tree_stress_v5/strong_gate_cf_exact_check/runs/correctness_fuzz/comb_rect_dense/n64/seed3_L0_Q1
correctness_fuzz,comb_rect_dense,64,3,1,0,1,0,0,1,0.014735,1872,/Users/free_1/Library/Mobile Documents/iCloud~md~obsidian/Documents/cpp-checker/branch_3/artifacts/lca_tree_stress_v5/strong_gate_cf_exact_check/runs/correctness_fuzz/comb_rect_dense/n64/seed3_L1_Q0
correctness_fuzz,comb_rect_dense,64,3,1,1,1,0,0,1,0.014697,1840,/Users/free_1/Library/Mobile Documents/iCloud~md~obsidian/Documents/cpp-checker/branch_3/artifacts/lca_tree_stress_v5/strong_gate_cf_exact_check/runs/correctness_fuzz/comb_rect_dense/n64/seed3_L1_Q1
correctness_fuzz,comb_rect_dense,64,4,0,0,1,0,0,1,0.011516,1888,/Users/free_1/Library/Mobile Documents/iCloud~md~obsidian/Documents/cpp-checker/branch_3/artifacts/lca_tree_stress_v5/strong_gate_cf_exact_check/runs/correctness_fuzz/comb_rect_dense/n64/seed4_L0_Q0
correctness_fuzz,comb_rect_dense,64,4,0,1,1,0,0,1,0.015084,1840,/Users/free_1/Library/Mobile Documents/iCloud~md~obsidian/Documents/cpp-checker/branch_3/artifacts/lca_tree_stress_v5/strong_gate_cf_exact_check/runs/correctness_fuzz/comb_rect_dense/n64/seed4_L0_Q1
correctness_fuzz,comb_rect_dense,64,4,1,0,1,0,0,1,0.010454,1824,/Users/free_1/Library/Mobile Documents/iCloud~md~obsidian/Documents/cpp-checker/branch_3/artifacts/lca_tree_stress_v5/strong_gate_cf_exact_check/runs/correctness_fuzz/comb_rect_dense/n64/seed4_L1_Q0
correctness_fuzz,comb_rect_dense,64,4,1,1,1,0,0,1,0.015066,1808,/Users/free_1/Library/Mobile Documents/iCloud~md~obsidian/Documents/cpp-checker/branch_3/artifacts/lca_tree_stress_v5/strong_gate_cf_exact_check/runs/correctness_fuzz/comb_rect_dense/n64/seed4_L1_Q1
correctness_fuzz,comb_rect_dense,64,5,0,0,1,0,0,1,0.011187,1824,/Users/free_1/Library/Mobile Documents/iCloud~md~obsidian/Documents/cpp-checker/branch_3/artifacts/lca_tree_stress_v5/strong_gate_cf_exact_check/runs/correctness_fuzz/comb_rect_dense/n64/seed5_L0_Q0
correctness_fuzz,comb_rect_dense,64,5,0,1,1,0,0,1,0.015093,1872,/Users/free_1/Library/Mobile Documents/iCloud~md~obsidian/Documents/cpp-checker/branch_3/artifacts/lca_tree_stress_v5/strong_gate_cf_exact_check/runs/correctness_fuzz/comb_rect_dense/n64/seed5_L0_Q1
correctness_fuzz,comb_rect_dense,64,5,1,0,1,0,0,1,0.012021,1872,/Users/free_1/Library/Mobile Documents/iCloud~md~obsidian/Documents/cpp-checker/branch_3/artifacts/lca_tree_stress_v5/strong_gate_cf_exact_check/runs/correctness_fuzz/comb_rect_dense/n64/seed5_L1_Q0
correctness_fuzz,comb_rect_dense,64,5,1,1,1,0,0,1,0.011792,1904,/Users/free_1/Library/Mobile Documents/iCloud~md~obsidian/Documents/cpp-checker/branch_3/artifacts/lca_tree_stress_v5/strong_gate_cf_exact_check/runs/correctness_fuzz/comb_rect_dense/n64/seed5_L1_Q1
correctness_fuzz,comb_rect_dense,128,1,0,0,1,0,0,1,0.012199,2768,/Users/free_1/Library/Mobile Documents/iCloud~md~obsidian/Documents/cpp-checker/branch_3/artifacts/lca_tree_stress_v5/strong_gate_cf_exact_check/runs/correctness_fuzz/comb_rect_dense/n128/seed1_L0_Q0
correctness_fuzz,comb_rect_dense,128,1,0,1,1,0,0,1,0.013970,2784,/Users/free_1/Library/Mobile Documents/iCloud~md~obsidian/Documents/cpp-checker/branch_3/artifacts/lca_tree_stress_v5/strong_gate_cf_exact_check/runs/correctness_fuzz/comb_rect_dense/n128/seed1_L0_Q1
correctness_fuzz,comb_rect_dense,128,1,1,0,1,0,0,1,0.013339,2816,/Users/free_1/Library/Mobile Documents/iCloud~md~obsidian/Documents/cpp-checker/branch_3/artifacts/lca_tree_stress_v5/strong_gate_cf_exact_check/runs/correctness_fuzz/comb_rect_dense/n128/seed1_L1_Q0
correctness_fuzz,comb_rect_dense,128,1,1,1,1,0,0,1,0.013268,2784,/Users/free_1/Library/Mobile Documents/iCloud~md~obsidian/Documents/cpp-checker/branch_3/artifacts/lca_tree_stress_v5/strong_gate_cf_exact_check/runs/correctness_fuzz/comb_rect_dense/n128/seed1_L1_Q1
correctness_fuzz,comb_rect_dense,128,2,0,0,1,0,0,1,0.015082,2880,/Users/free_1/Library/Mobile Documents/iCloud~md~obsidian/Documents/cpp-checker/branch_3/artifacts/lca_tree_stress_v5/strong_gate_cf_exact_check/runs/correctness_fuzz/comb_rect_dense/n128/seed2_L0_Q0
correctness_fuzz,comb_rect_dense,128,2,0,1,1,0,0,1,0.015090,2880,/Users/free_1/Library/Mobile Documents/iCloud~md~obsidian/Documents/cpp-checker/branch_3/artifacts/lca_tree_stress_v5/strong_gate_cf_exact_check/runs/correctness_fuzz/comb_rect_dense/n128/seed2_L0_Q1
correctness_fuzz,comb_rect_dense,128,2,1,0,1,0,0,1,0.013286,2800,/Users/free_1/Library/Mobile Documents/iCloud~md~obsidian/Documents/cpp-checker/branch_3/artifacts/lca_tree_stress_v5/strong_gate_cf_exact_check/runs/correctness_fuzz/comb_rect_dense/n128/seed2_L1_Q0
correctness_fuzz,comb_rect_dense,128,2,1,1,1,0,0,1,0.010682,2864,/Users/free_1/Library/Mobile Documents/iCloud~md~obsidian/Documents/cpp-checker/branch_3/artifacts/lca_tree_stress_v5/strong_gate_cf_exact_check/runs/correctness_fuzz/comb_rect_dense/n128/seed2_L1_Q1
correctness_fuzz,comb_rect_dense,128,3,0,0,1,0,0,1,0.012204,2784,/Users/free_1/Library/Mobile Documents/iCloud~md~obsidian/Documents/cpp-checker/branch_3/artifacts/lca_tree_stress_v5/strong_gate_cf_exact_check/runs/correctness_fuzz/comb_rect_dense/n128/seed3_L0_Q0
correctness_fuzz,comb_rect_dense,128,3,0,1,1,0,0,1,0.013060,2784,/Users/free_1/Library/Mobile Documents/iCloud~md~obsidian/Documents/cpp-checker/branch_3/artifacts/lca_tree_stress_v5/strong_gate_cf_exact_check/runs/correctness_fuzz/comb_rect_dense/n128/seed3_L0_Q1
correctness_fuzz,comb_rect_dense,128,3,1,0,1,0,0,1,0.010718,2800,/Users/free_1/Library/Mobile Documents/iCloud~md~obsidian/Documents/cpp-checker/branch_3/artifacts/lca_tree_stress_v5/strong_gate_cf_exact_check/runs/correctness_fuzz/comb_rect_dense/n128/seed3_L1_Q0
correctness_fuzz,comb_rect_dense,128,3,1,1,1,0,0,1,0.011420,2768,/Users/free_1/Library/Mobile Documents/iCloud~md~obsidian/Documents/cpp-checker/branch_3/artifacts/lca_tree_stress_v5/strong_gate_cf_exact_check/runs/correctness_fuzz/comb_rect_dense/n128/seed3_L1_Q1
correctness_fuzz,comb_rect_dense,128,4,0,0,1,0,0,1,0.014978,2864,/Users/free_1/Library/Mobile Documents/iCloud~md~obsidian/Documents/cpp-checker/branch_3/artifacts/lca_tree_stress_v5/strong_gate_cf_exact_check/runs/correctness_fuzz/comb_rect_dense/n128/seed4_L0_Q0
correctness_fuzz,comb_rect_dense,128,4,0,1,1,0,0,1,0.015105,2752,/Users/free_1/Library/Mobile Documents/iCloud~md~obsidian/Documents/cpp-checker/branch_3/artifacts/lca_tree_stress_v5/strong_gate_cf_exact_check/runs/correctness_fuzz/comb_rect_dense/n128/seed4_L0_Q1
correctness_fuzz,comb_rect_dense,128,4,1,0,1,0,0,1,0.015076,2752,/Users/free_1/Library/Mobile Documents/iCloud~md~obsidian/Documents/cpp-checker/branch_3/artifacts/lca_tree_stress_v5/strong_gate_cf_exact_check/runs/correctness_fuzz/comb_rect_dense/n128/seed4_L1_Q0
correctness_fuzz,comb_rect_dense,128,4,1,1,1,0,0,1,0.010220,2736,/Users/free_1/Library/Mobile Documents/iCloud~md~obsidian/Documents/cpp-checker/branch_3/artifacts/lca_tree_stress_v5/strong_gate_cf_exact_check/runs/correctness_fuzz/comb_rect_dense/n128/seed4_L1_Q1
correctness_fuzz,comb_rect_dense,128,5,0,0,1,0,0,1,0.012541,2720,/Users/free_1/Library/Mobile Documents/iCloud~md~obsidian/Documents/cpp-checker/branch_3/artifacts/lca_tree_stress_v5/strong_gate_cf_exact_check/runs/correctness_fuzz/comb_rect_dense/n128/seed5_L0_Q0
correctness_fuzz,comb_rect_dense,128,5,0,1,1,0,0,1,0.011830,2784,/Users/free_1/Library/Mobile Documents/iCloud~md~obsidian/Documents/cpp-checker/branch_3/artifacts/lca_tree_stress_v5/strong_gate_cf_exact_check/runs/correctness_fuzz/comb_rect_dense/n128/seed5_L0_Q1
correctness_fuzz,comb_rect_dense,128,5,1,0,1,0,0,1,0.010665,2784,/Users/free_1/Library/Mobile Documents/iCloud~md~obsidian/Documents/cpp-checker/branch_3/artifacts/lca_tree_stress_v5/strong_gate_cf_exact_check/runs/correctness_fuzz/comb_rect_dense/n128/seed5_L1_Q0
correctness_fuzz,comb_rect_dense,128,5,1,1,1,0,0,1,0.014203,2800,/Users/free_1/Library/Mobile Documents/iCloud~md~obsidian/Documents/cpp-checker/branch_3/artifacts/lca_tree_stress_v5/strong_gate_cf_exact_check/runs/correctness_fuzz/comb_rect_dense/n128/seed5_L1_Q1
correctness_fuzz,comb_rect_dense,256,1,0,0,1,0,0,1,0.024812,6144,/Users/free_1/Library/Mobile Documents/iCloud~md~obsidian/Documents/cpp-checker/branch_3/artifacts/lca_tree_stress_v5/strong_gate_cf_exact_check/runs/correctness_fuzz/comb_rect_dense/n256/seed1_L0_Q0
correctness_fuzz,comb_rect_dense,256,1,0,1,1,0,0,1,0.027602,6160,/Users/free_1/Library/Mobile Documents/iCloud~md~obsidian/Documents/cpp-checker/branch_3/artifacts/lca_tree_stress_v5/strong_gate_cf_exact_check/runs/correctness_fuzz/comb_rect_dense/n256/seed1_L0_Q1
correctness_fuzz,comb_rect_dense,256,1,1,0,1,0,0,1,0.037172,6080,/Users/free_1/Library/Mobile Documents/iCloud~md~obsidian/Documents/cpp-checker/branch_3/artifacts/lca_tree_stress_v5/strong_gate_cf_exact_check/runs/correctness_fuzz/comb_rect_dense/n256/seed1_L1_Q0
correctness_fuzz,comb_rect_dense,256,1,1,1,1,0,0,1,0.036633,6160,/Users/free_1/Library/Mobile Documents/iCloud~md~obsidian/Documents/cpp-checker/branch_3/artifacts/lca_tree_stress_v5/strong_gate_cf_exact_check/runs/correctness_fuzz/comb_rect_dense/n256/seed1_L1_Q1
correctness_fuzz,comb_rect_dense,256,2,0,0,1,0,0,1,0.025921,6176,/Users/free_1/Library/Mobile Documents/iCloud~md~obsidian/Documents/cpp-checker/branch_3/artifacts/lca_tree_stress_v5/strong_gate_cf_exact_check/runs/correctness_fuzz/comb_rect_dense/n256/seed2_L0_Q0
correctness_fuzz,comb_rect_dense,256,2,0,1,1,0,0,1,0.027320,6128,/Users/free_1/Library/Mobile Documents/iCloud~md~obsidian/Documents/cpp-checker/branch_3/artifacts/lca_tree_stress_v5/strong_gate_cf_exact_check/runs/correctness_fuzz/comb_rect_dense/n256/seed2_L0_Q1
correctness_fuzz,comb_rect_dense,256,2,1,0,1,0,0,1,0.030017,6144,/Users/free_1/Library/Mobile Documents/iCloud~md~obsidian/Documents/cpp-checker/branch_3/artifacts/lca_tree_stress_v5/strong_gate_cf_exact_check/runs/correctness_fuzz/comb_rect_dense/n256/seed2_L1_Q0
correctness_fuzz,comb_rect_dense,256,2,1,1,1,0,0,1,0.030111,6176,/Users/free_1/Library/Mobile Documents/iCloud~md~obsidian/Documents/cpp-checker/branch_3/artifacts/lca_tree_stress_v5/strong_gate_cf_exact_check/runs/correctness_fuzz/comb_rect_dense/n256/seed2_L1_Q1
correctness_fuzz,comb_rect_dense,256,3,0,0,1,0,0,1,0.033292,6224,/Users/free_1/Library/Mobile Documents/iCloud~md~obsidian/Documents/cpp-checker/branch_3/artifacts/lca_tree_stress_v5/strong_gate_cf_exact_check/runs/correctness_fuzz/comb_rect_dense/n256/seed3_L0_Q0
correctness_fuzz,comb_rect_dense,256,3,0,1,1,0,0,1,0.038257,6224,/Users/free_1/Library/Mobile Documents/iCloud~md~obsidian/Documents/cpp-checker/branch_3/artifacts/lca_tree_stress_v5/strong_gate_cf_exact_check/runs/correctness_fuzz/comb_rect_dense/n256/seed3_L0_Q1
correctness_fuzz,comb_rect_dense,256,3,1,0,1,0,0,1,0.038050,6224,/Users/free_1/Library/Mobile Documents/iCloud~md~obsidian/Documents/cpp-checker/branch_3/artifacts/lca_tree_stress_v5/strong_gate_cf_exact_check/runs/correctness_fuzz/comb_rect_dense/n256/seed3_L1_Q0
correctness_fuzz,comb_rect_dense,256,3,1,1,1,0,0,1,0.037426,6224,/Users/free_1/Library/Mobile Documents/iCloud~md~obsidian/Documents/cpp-checker/branch_3/artifacts/lca_tree_stress_v5/strong_gate_cf_exact_check/runs/correctness_fuzz/comb_rect_dense/n256/seed3_L1_Q1
correctness_fuzz,comb_rect_dense,256,4,0,0,1,0,0,1,0.040378,6160,/Users/free_1/Library/Mobile Documents/iCloud~md~obsidian/Documents/cpp-checker/branch_3/artifacts/lca_tree_stress_v5/strong_gate_cf_exact_check/runs/correctness_fuzz/comb_rect_dense/n256/seed4_L0_Q0
correctness_fuzz,comb_rect_dense,256,4,0,1,1,0,0,1,0.032569,6208,/Users/free_1/Library/Mobile Documents/iCloud~md~obsidian/Documents/cpp-checker/branch_3/artifacts/lca_tree_stress_v5/strong_gate_cf_exact_check/runs/correctness_fuzz/comb_rect_dense/n256/seed4_L0_Q1
correctness_fuzz,comb_rect_dense,256,4,1,0,1,0,0,1,0.041520,6192,/Users/free_1/Library/Mobile Documents/iCloud~md~obsidian/Documents/cpp-checker/branch_3/artifacts/lca_tree_stress_v5/strong_gate_cf_exact_check/runs/correctness_fuzz/comb_rect_dense/n256/seed4_L1_Q0
correctness_fuzz,comb_rect_dense,256,4,1,1,1,0,0,1,0.041472,6224,/Users/free_1/Library/Mobile Documents/iCloud~md~obsidian/Documents/cpp-checker/branch_3/artifacts/lca_tree_stress_v5/strong_gate_cf_exact_check/runs/correctness_fuzz/comb_rect_dense/n256/seed4_L1_Q1
correctness_fuzz,comb_rect_dense,256,5,0,0,1,0,0,1,0.029229,6240,/Users/free_1/Library/Mobile Documents/iCloud~md~obsidian/Documents/cpp-checker/branch_3/artifacts/lca_tree_stress_v5/strong_gate_cf_exact_check/runs/correctness_fuzz/comb_rect_dense/n256/seed5_L0_Q0
correctness_fuzz,comb_rect_dense,256,5,0,1,1,0,0,1,0.030106,6160,/Users/free_1/Library/Mobile Documents/iCloud~md~obsidian/Documents/cpp-checker/branch_3/artifacts/lca_tree_stress_v5/strong_gate_cf_exact_check/runs/correctness_fuzz/comb_rect_dense/n256/seed5_L0_Q1
correctness_fuzz,comb_rect_dense,256,5,1,0,1,0,0,1,0.028080,6192,/Users/free_1/Library/Mobile Documents/iCloud~md~obsidian/Documents/cpp-checker/branch_3/artifacts/lca_tree_stress_v5/strong_gate_cf_exact_check/runs/correctness_fuzz/comb_rect_dense/n256/seed5_L1_Q0
correctness_fuzz,comb_rect_dense,256,5,1,1,1,0,0,1,0.026995,6160,/Users/free_1/Library/Mobile Documents/iCloud~md~obsidian/Documents/cpp-checker/branch_3/artifacts/lca_tree_stress_v5/strong_gate_cf_exact_check/runs/correctness_fuzz/comb_rect_dense/n256/seed5_L1_Q1
correctness_fuzz,comb_rect_dense,512,1,0,0,1,0,0,1,0.106581,18960,/Users/free_1/Library/Mobile Documents/iCloud~md~obsidian/Documents/cpp-checker/branch_3/artifacts/lca_tree_stress_v5/strong_gate_cf_exact_check/runs/correctness_fuzz/comb_rect_dense/n512/seed1_L0_Q0
correctness_fuzz,comb_rect_dense,512,1,0,1,1,0,0,1,0.098413,18960,/Users/free_1/Library/Mobile Documents/iCloud~md~obsidian/Documents/cpp-checker/branch_3/artifacts/lca_tree_stress_v5/strong_gate_cf_exact_check/runs/correctness_fuzz/comb_rect_dense/n512/seed1_L0_Q1
correctness_fuzz,comb_rect_dense,512,1,1,0,1,0,0,1,0.110118,18960,/Users/free_1/Library/Mobile Documents/iCloud~md~obsidian/Documents/cpp-checker/branch_3/artifacts/lca_tree_stress_v5/strong_gate_cf_exact_check/runs/correctness_fuzz/comb_rect_dense/n512/seed1_L1_Q0
correctness_fuzz,comb_rect_dense,512,1,1,1,1,0,0,1,0.105068,19008,/Users/free_1/Library/Mobile Documents/iCloud~md~obsidian/Documents/cpp-checker/branch_3/artifacts/lca_tree_stress_v5/strong_gate_cf_exact_check/runs/correctness_fuzz/comb_rect_dense/n512/seed1_L1_Q1
correctness_fuzz,comb_rect_dense,512,2,0,0,1,0,0,1,0.131145,18928,/Users/free_1/Library/Mobile Documents/iCloud~md~obsidian/Documents/cpp-checker/branch_3/artifacts/lca_tree_stress_v5/strong_gate_cf_exact_check/runs/correctness_fuzz/comb_rect_dense/n512/seed2_L0_Q0
correctness_fuzz,comb_rect_dense,512,2,0,1,1,0,0,1,0.186460,18880,/Users/free_1/Library/Mobile Documents/iCloud~md~obsidian/Documents/cpp-checker/branch_3/artifacts/lca_tree_stress_v5/strong_gate_cf_exact_check/runs/correctness_fuzz/comb_rect_dense/n512/seed2_L0_Q1
correctness_fuzz,comb_rect_dense,512,2,1,0,1,0,0,1,0.205907,18928,/Users/free_1/Library/Mobile Documents/iCloud~md~obsidian/Documents/cpp-checker/branch_3/artifacts/lca_tree_stress_v5/strong_gate_cf_exact_check/runs/correctness_fuzz/comb_rect_dense/n512/seed2_L1_Q0
correctness_fuzz,comb_rect_dense,512,2,1,1,1,0,0,1,0.146644,18944,/Users/free_1/Library/Mobile Documents/iCloud~md~obsidian/Documents/cpp-checker/branch_3/artifacts/lca_tree_stress_v5/strong_gate_cf_exact_check/runs/correctness_fuzz/comb_rect_dense/n512/seed2_L1_Q1
correctness_fuzz,comb_rect_dense,512,3,0,0,1,0,0,1,0.141993,18960,/Users/free_1/Library/Mobile Documents/iCloud~md~obsidian/Documents/cpp-checker/branch_3/artifacts/lca_tree_stress_v5/strong_gate_cf_exact_check/runs/correctness_fuzz/comb_rect_dense/n512/seed3_L0_Q0
correctness_fuzz,comb_rect_dense,512,3,0,1,1,0,0,1,0.131801,18976,/Users/free_1/Library/Mobile Documents/iCloud~md~obsidian/Documents/cpp-checker/branch_3/artifacts/lca_tree_stress_v5/strong_gate_cf_exact_check/runs/correctness_fuzz/comb_rect_dense/n512/seed3_L0_Q1
correctness_fuzz,comb_rect_dense,512,3,1,0,1,0,0,1,0.117047,18960,/Users/free_1/Library/Mobile Documents/iCloud~md~obsidian/Documents/cpp-checker/branch_3/artifacts/lca_tree_stress_v5/strong_gate_cf_exact_check/runs/correctness_fuzz/comb_rect_dense/n512/seed3_L1_Q0
correctness_fuzz,comb_rect_dense,512,3,1,1,1,0,0,1,0.109705,19040,/Users/free_1/Library/Mobile Documents/iCloud~md~obsidian/Documents/cpp-checker/branch_3/artifacts/lca_tree_stress_v5/strong_gate_cf_exact_check/runs/correctness_fuzz/comb_rect_dense/n512/seed3_L1_Q1
correctness_fuzz,comb_rect_dense,512,4,0,0,1,0,0,1,0.140969,18848,/Users/free_1/Library/Mobile Documents/iCloud~md~obsidian/Documents/cpp-checker/branch_3/artifacts/lca_tree_stress_v5/strong_gate_cf_exact_check/runs/correctness_fuzz/comb_rect_dense/n512/seed4_L0_Q0
correctness_fuzz,comb_rect_dense,512,4,0,1,1,0,0,1,0.128702,18832,/Users/free_1/Library/Mobile Documents/iCloud~md~obsidian/Documents/cpp-checker/branch_3/artifacts/lca_tree_stress_v5/strong_gate_cf_exact_check/runs/correctness_fuzz/comb_rect_dense/n512/seed4_L0_Q1
correctness_fuzz,comb_rect_dense,512,4,1,0,1,0,0,1,0.112297,18864,/Users/free_1/Library/Mobile Documents/iCloud~md~obsidian/Documents/cpp-checker/branch_3/artifacts/lca_tree_stress_v5/strong_gate_cf_exact_check/runs/correctness_fuzz/comb_rect_dense/n512/seed4_L1_Q0
correctness_fuzz,comb_rect_dense,512,4,1,1,1,0,0,1,0.105181,18832,/Users/free_1/Library/Mobile Documents/iCloud~md~obsidian/Documents/cpp-checker/branch_3/artifacts/lca_tree_stress_v5/strong_gate_cf_exact_check/runs/correctness_fuzz/comb_rect_dense/n512/seed4_L1_Q1
correctness_fuzz,comb_rect_dense,512,5,0,0,1,0,0,1,0.102408,19136,/Users/free_1/Library/Mobile Documents/iCloud~md~obsidian/Documents/cpp-checker/branch_3/artifacts/lca_tree_stress_v5/strong_gate_cf_exact_check/runs/correctness_fuzz/comb_rect_dense/n512/seed5_L0_Q0
correctness_fuzz,comb_rect_dense,512,5,0,1,1,0,0,1,0.103008,18944,/Users/free_1/Library/Mobile Documents/iCloud~md~obsidian/Documents/cpp-checker/branch_3/artifacts/lca_tree_stress_v5/strong_gate_cf_exact_check/runs/correctness_fuzz/comb_rect_dense/n512/seed5_L0_Q1
correctness_fuzz,comb_rect_dense,512,5,1,0,1,0,0,1,0.104228,19088,/Users/free_1/Library/Mobile Documents/iCloud~md~obsidian/Documents/cpp-checker/branch_3/artifacts/lca_tree_stress_v5/strong_gate_cf_exact_check/runs/correctness_fuzz/comb_rect_dense/n512/seed5_L1_Q0
correctness_fuzz,comb_rect_dense,512,5,1,1,1,0,0,1,0.103872,19008,/Users/free_1/Library/Mobile Documents/iCloud~md~obsidian/Documents/cpp-checker/branch_3/artifacts/lca_tree_stress_v5/strong_gate_cf_exact_check/runs/correctness_fuzz/comb_rect_dense/n512/seed5_L1_Q1
correctness_fuzz,comb_rect_dense,1024,1,0,0,1,0,0,1,0.404933,68880,/Users/free_1/Library/Mobile Documents/iCloud~md~obsidian/Documents/cpp-checker/branch_3/artifacts/lca_tree_stress_v5/strong_gate_cf_exact_check/runs/correctness_fuzz/comb_rect_dense/n1024/seed1_L0_Q0
correctness_fuzz,comb_rect_dense,1024,1,0,1,1,0,0,1,0.571549,68768,/Users/free_1/Library/Mobile Documents/iCloud~md~obsidian/Documents/cpp-checker/branch_3/artifacts/lca_tree_stress_v5/strong_gate_cf_exact_check/runs/correctness_fuzz/comb_rect_dense/n1024/seed1_L0_Q1
correctness_fuzz,comb_rect_dense,1024,1,1,0,1,0,0,1,0.517872,68704,/Users/free_1/Library/Mobile Documents/iCloud~md~obsidian/Documents/cpp-checker/branch_3/artifacts/lca_tree_stress_v5/strong_gate_cf_exact_check/runs/correctness_fuzz/comb_rect_dense/n1024/seed1_L1_Q0
correctness_fuzz,comb_rect_dense,1024,1,1,1,1,0,0,1,0.484216,69056,/Users/free_1/Library/Mobile Documents/iCloud~md~obsidian/Documents/cpp-checker/branch_3/artifacts/lca_tree_stress_v5/strong_gate_cf_exact_check/runs/correctness_fuzz/comb_rect_dense/n1024/seed1_L1_Q1
correctness_fuzz,comb_rect_dense,1024,2,0,0,1,0,0,1,0.423640,68864,/Users/free_1/Library/Mobile Documents/iCloud~md~obsidian/Documents/cpp-checker/branch_3/artifacts/lca_tree_stress_v5/strong_gate_cf_exact_check/runs/correctness_fuzz/comb_rect_dense/n1024/seed2_L0_Q0
correctness_fuzz,comb_rect_dense,1024,2,0,1,1,0,0,1,0.431861,68816,/Users/free_1/Library/Mobile Documents/iCloud~md~obsidian/Documents/cpp-checker/branch_3/artifacts/lca_tree_stress_v5/strong_gate_cf_exact_check/runs/correctness_fuzz/comb_rect_dense/n1024/seed2_L0_Q1
correctness_fuzz,comb_rect_dense,1024,2,1,0,1,0,0,1,0.462632,68944,/Users/free_1/Library/Mobile Documents/iCloud~md~obsidian/Documents/cpp-checker/branch_3/artifacts/lca_tree_stress_v5/strong_gate_cf_exact_check/runs/correctness_fuzz/comb_rect_dense/n1024/seed2_L1_Q0
correctness_fuzz,comb_rect_dense,1024,2,1,1,1,0,0,1,0.486099,68848,/Users/free_1/Library/Mobile Documents/iCloud~md~obsidian/Documents/cpp-checker/branch_3/artifacts/lca_tree_stress_v5/strong_gate_cf_exact_check/runs/correctness_fuzz/comb_rect_dense/n1024/seed2_L1_Q1
correctness_fuzz,comb_rect_dense,1024,3,0,0,1,0,0,1,0.418978,68720,/Users/free_1/Library/Mobile Documents/iCloud~md~obsidian/Documents/cpp-checker/branch_3/artifacts/lca_tree_stress_v5/strong_gate_cf_exact_check/runs/correctness_fuzz/comb_rect_dense/n1024/seed3_L0_Q0
correctness_fuzz,comb_rect_dense,1024,3,0,1,1,0,0,1,0.345530,68656,/Users/free_1/Library/Mobile Documents/iCloud~md~obsidian/Documents/cpp-checker/branch_3/artifacts/lca_tree_stress_v5/strong_gate_cf_exact_check/runs/correctness_fuzz/comb_rect_dense/n1024/seed3_L0_Q1
correctness_fuzz,comb_rect_dense,1024,3,1,0,1,0,0,1,0.320072,68720,/Users/free_1/Library/Mobile Documents/iCloud~md~obsidian/Documents/cpp-checker/branch_3/artifacts/lca_tree_stress_v5/strong_gate_cf_exact_check/runs/correctness_fuzz/comb_rect_dense/n1024/seed3_L1_Q0
correctness_fuzz,comb_rect_dense,1024,3,1,1,1,0,0,1,0.340967,68688,/Users/free_1/Library/Mobile Documents/iCloud~md~obsidian/Documents/cpp-checker/branch_3/artifacts/lca_tree_stress_v5/strong_gate_cf_exact_check/runs/correctness_fuzz/comb_rect_dense/n1024/seed3_L1_Q1
correctness_fuzz,comb_rect_dense,1024,4,0,0,1,0,0,1,0.310294,68560,/Users/free_1/Library/Mobile Documents/iCloud~md~obsidian/Documents/cpp-checker/branch_3/artifacts/lca_tree_stress_v5/strong_gate_cf_exact_check/runs/correctness_fuzz/comb_rect_dense/n1024/seed4_L0_Q0
correctness_fuzz,comb_rect_dense,1024,4,0,1,1,0,0,1,0.324346,68544,/Users/free_1/Library/Mobile Documents/iCloud~md~obsidian/Documents/cpp-checker/branch_3/artifacts/lca_tree_stress_v5/strong_gate_cf_exact_check/runs/correctness_fuzz/comb_rect_dense/n1024/seed4_L0_Q1
correctness_fuzz,comb_rect_dense,1024,4,1,0,1,-9,1,0,,,/Users/free_1/Library/Mobile Documents/iCloud~md~obsidian/Documents/cpp-checker/branch_3/artifacts/lca_tree_stress_v5/strong_gate_cf_exact_check/runs/correctness_fuzz/comb_rect_dense/n1024/seed4_L1_Q0
correctness_fuzz,comb_rect_dense,1024,4,1,1,1,0,0,1,0.530124,68720,/Users/free_1/Library/Mobile Documents/iCloud~md~obsidian/Documents/cpp-checker/branch_3/artifacts/lca_tree_stress_v5/strong_gate_cf_exact_check/runs/correctness_fuzz/comb_rect_dense/n1024/seed4_L1_Q1
correctness_fuzz,comb_rect_dense,1024,5,0,0,1,0,0,1,0.608255,68640,/Users/free_1/Library/Mobile Documents/iCloud~md~obsidian/Documents/cpp-checker/branch_3/artifacts/lca_tree_stress_v5/strong_gate_cf_exact_check/runs/correctness_fuzz/comb_rect_dense/n1024/seed5_L0_Q0
correctness_fuzz,comb_rect_dense,1024,5,0,1,1,0,0,1,0.390415,68672,/Users/free_1/Library/Mobile Documents/iCloud~md~obsidian/Documents/cpp-checker/branch_3/artifacts/lca_tree_stress_v5/strong_gate_cf_exact_check/runs/correctness_fuzz/comb_rect_dense/n1024/seed5_L0_Q1
correctness_fuzz,comb_rect_dense,1024,5,1,0,1,0,0,1,0.322297,68624,/Users/free_1/Library/Mobile Documents/iCloud~md~obsidian/Documents/cpp-checker/branch_3/artifacts/lca_tree_stress_v5/strong_gate_cf_exact_check/runs/correctness_fuzz/comb_rect_dense/n1024/seed5_L1_Q0
correctness_fuzz,comb_rect_dense,1024,5,1,1,1,0,0,1,0.343105,68640,/Users/free_1/Library/Mobile Documents/iCloud~md~obsidian/Documents/cpp-checker/branch_3/artifacts/lca_tree_stress_v5/strong_gate_cf_exact_check/runs/correctness_fuzz/comb_rect_dense/n1024/seed5_L1_Q1
correctness_fuzz,multi_comb_rect,64,1,0,0,1,0,0,1,0.015079,1728,/Users/free_1/Library/Mobile Documents/iCloud~md~obsidian/Documents/cpp-checker/branch_3/artifacts/lca_tree_stress_v5/strong_gate_cf_exact_check/runs/correctness_fuzz/multi_comb_rect/n64/seed1_L0_Q0
correctness_fuzz,multi_comb_rect,64,1,0,1,1,0,0,1,0.015068,1728,/Users/free_1/Library/Mobile Documents/iCloud~md~obsidian/Documents/cpp-checker/branch_3/artifacts/lca_tree_stress_v5/strong_gate_cf_exact_check/runs/correctness_fuzz/multi_comb_rect/n64/seed1_L0_Q1
correctness_fuzz,multi_comb_rect,64,1,1,0,1,0,0,1,0.013534,1728,/Users/free_1/Library/Mobile Documents/iCloud~md~obsidian/Documents/cpp-checker/branch_3/artifacts/lca_tree_stress_v5/strong_gate_cf_exact_check/runs/correctness_fuzz/multi_comb_rect/n64/seed1_L1_Q0
correctness_fuzz,multi_comb_rect,64,1,1,1,1,0,0,1,0.011949,1712,/Users/free_1/Library/Mobile Documents/iCloud~md~obsidian/Documents/cpp-checker/branch_3/artifacts/lca_tree_stress_v5/strong_gate_cf_exact_check/runs/correctness_fuzz/multi_comb_rect/n64/seed1_L1_Q1
correctness_fuzz,multi_comb_rect,64,2,0,0,1,0,0,1,0.015069,1728,/Users/free_1/Library/Mobile Documents/iCloud~md~obsidian/Documents/cpp-checker/branch_3/artifacts/lca_tree_stress_v5/strong_gate_cf_exact_check/runs/correctness_fuzz/multi_comb_rect/n64/seed2_L0_Q0
correctness_fuzz,multi_comb_rect,64,2,0,1,1,0,0,1,0.014424,1712,/Users/free_1/Library/Mobile Documents/iCloud~md~obsidian/Documents/cpp-checker/branch_3/artifacts/lca_tree_stress_v5/strong_gate_cf_exact_check/runs/correctness_fuzz/multi_comb_rect/n64/seed2_L0_Q1
correctness_fuzz,multi_comb_rect,64,2,1,0,1,0,0,1,0.011853,1696,/Users/free_1/Library/Mobile Documents/iCloud~md~obsidian/Documents/cpp-checker/branch_3/artifacts/lca_tree_stress_v5/strong_gate_cf_exact_check/runs/correctness_fuzz/multi_comb_rect/n64/seed2_L1_Q0
correctness_fuzz,multi_comb_rect,64,2,1,1,1,0,0,1,0.015052,1712,/Users/free_1/Library/Mobile Documents/iCloud~md~obsidian/Documents/cpp-checker/branch_3/artifacts/lca_tree_stress_v5/strong_gate_cf_exact_check/runs/correctness_fuzz/multi_comb_rect/n64/seed2_L1_Q1
correctness_fuzz,multi_comb_rect,64,3,0,0,1,0,0,1,0.013782,1728,/Users/free_1/Library/Mobile Documents/iCloud~md~obsidian/Documents/cpp-checker/branch_3/artifacts/lca_tree_stress_v5/strong_gate_cf_exact_check/runs/correctness_fuzz/multi_comb_rect/n64/seed3_L0_Q0
correctness_fuzz,multi_comb_rect,64,3,0,1,1,0,0,1,0.011429,1728,/Users/free_1/Library/Mobile Documents/iCloud~md~obsidian/Documents/cpp-checker/branch_3/artifacts/lca_tree_stress_v5/strong_gate_cf_exact_check/runs/correctness_fuzz/multi_comb_rect/n64/seed3_L0_Q1
correctness_fuzz,multi_comb_rect,64,3,1,0,1,0,0,1,0.015064,1728,/Users/free_1/Library/Mobile Documents/iCloud~md~obsidian/Documents/cpp-checker/branch_3/artifacts/lca_tree_stress_v5/strong_gate_cf_exact_check/runs/correctness_fuzz/multi_comb_rect/n64/seed3_L1_Q0
correctness_fuzz,multi_comb_rect,64,3,1,1,1,0,0,1,0.012539,1712,/Users/free_1/Library/Mobile Documents/iCloud~md~obsidian/Documents/cpp-checker/branch_3/artifacts/lca_tree_stress_v5/strong_gate_cf_exact_check/runs/correctness_fuzz/multi_comb_rect/n64/seed3_L1_Q1
correctness_fuzz,multi_comb_rect,64,4,0,0,1,0,0,1,0.015062,1728,/Users/free_1/Library/Mobile Documents/iCloud~md~obsidian/Documents/cpp-checker/branch_3/artifacts/lca_tree_stress_v5/strong_gate_cf_exact_check/runs/correctness_fuzz/multi_comb_rect/n64/seed4_L0_Q0
correctness_fuzz,multi_comb_rect,64,4,0,1,1,0,0,1,0.015056,1728,/Users/free_1/Library/Mobile Documents/iCloud~md~obsidian/Documents/cpp-checker/branch_3/artifacts/lca_tree_stress_v5/strong_gate_cf_exact_check/runs/correctness_fuzz/multi_comb_rect/n64/seed4_L0_Q1
correctness_fuzz,multi_comb_rect,64,4,1,0,1,0,0,1,0.011791,1728,/Users/free_1/Library/Mobile Documents/iCloud~md~obsidian/Documents/cpp-checker/branch_3/artifacts/lca_tree_stress_v5/strong_gate_cf_exact_check/runs/correctness_fuzz/multi_comb_rect/n64/seed4_L1_Q0
correctness_fuzz,multi_comb_rect,64,4,1,1,1,0,0,1,0.010099,1712,/Users/free_1/Library/Mobile Documents/iCloud~md~obsidian/Documents/cpp-checker/branch_3/artifacts/lca_tree_stress_v5/strong_gate_cf_exact_check/runs/correctness_fuzz/multi_comb_rect/n64/seed4_L1_Q1
correctness_fuzz,multi_comb_rect,64,5,0,0,1,0,0,1,0.015077,1728,/Users/free_1/Library/Mobile Documents/iCloud~md~obsidian/Documents/cpp-checker/branch_3/artifacts/lca_tree_stress_v5/strong_gate_cf_exact_check/runs/correctness_fuzz/multi_comb_rect/n64/seed5_L0_Q0
correctness_fuzz,multi_comb_rect,64,5,0,1,1,0,0,1,0.014919,1712,/Users/free_1/Library/Mobile Documents/iCloud~md~obsidian/Documents/cpp-checker/branch_3/artifacts/lca_tree_stress_v5/strong_gate_cf_exact_check/runs/correctness_fuzz/multi_comb_rect/n64/seed5_L0_Q1
correctness_fuzz,multi_comb_rect,64,5,1,0,1,0,0,1,0.011477,1712,/Users/free_1/Library/Mobile Documents/iCloud~md~obsidian/Documents/cpp-checker/branch_3/artifacts/lca_tree_stress_v5/strong_gate_cf_exact_check/runs/correctness_fuzz/multi_comb_rect/n64/seed5_L1_Q0
correctness_fuzz,multi_comb_rect,64,5,1,1,1,0,0,1,0.015061,1728,/Users/free_1/Library/Mobile Documents/iCloud~md~obsidian/Documents/cpp-checker/branch_3/artifacts/lca_tree_stress_v5/strong_gate_cf_exact_check/runs/correctness_fuzz/multi_comb_rect/n64/seed5_L1_Q1
correctness_fuzz,multi_comb_rect,128,1,0,0,1,0,0,1,0.013533,2208,/Users/free_1/Library/Mobile Documents/iCloud~md~obsidian/Documents/cpp-checker/branch_3/artifacts/lca_tree_stress_v5/strong_gate_cf_exact_check/runs/correctness_fuzz/multi_comb_rect/n128/seed1_L0_Q0
correctness_fuzz,multi_comb_rect,128,1,0,1,1,0,0,1,0.012130,2224,/Users/free_1/Library/Mobile Documents/iCloud~md~obsidian/Documents/cpp-checker/branch_3/artifacts/lca_tree_stress_v5/strong_gate_cf_exact_check/runs/correctness_fuzz/multi_comb_rect/n128/seed1_L0_Q1
correctness_fuzz,multi_comb_rect,128,1,1,0,1,0,0,1,0.015073,2176,/Users/free_1/Library/Mobile Documents/iCloud~md~obsidian/Documents/cpp-checker/branch_3/artifacts/lca_tree_stress_v5/strong_gate_cf_exact_check/runs/correctness_fuzz/multi_comb_rect/n128/seed1_L1_Q0
correctness_fuzz,multi_comb_rect,128,1,1,1,1,0,0,1,0.015057,2176,/Users/free_1/Library/Mobile Documents/iCloud~md~obsidian/Documents/cpp-checker/branch_3/artifacts/lca_tree_stress_v5/strong_gate_cf_exact_check/runs/correctness_fuzz/multi_comb_rect/n128/seed1_L1_Q1
correctness_fuzz,multi_comb_rect,128,2,0,0,1,0,0,1,0.013825,2176,/Users/free_1/Library/Mobile Documents/iCloud~md~obsidian/Documents/cpp-checker/branch_3/artifacts/lca_tree_stress_v5/strong_gate_cf_exact_check/runs/correctness_fuzz/multi_comb_rect/n128/seed2_L0_Q0
correctness_fuzz,multi_comb_rect,128,2,0,1,1,0,0,1,0.014573,2224,/Users/free_1/Library/Mobile Documents/iCloud~md~obsidian/Documents/cpp-checker/branch_3/artifacts/lca_tree_stress_v5/strong_gate_cf_exact_check/runs/correctness_fuzz/multi_comb_rect/n128/seed2_L0_Q1
correctness_fuzz,multi_comb_rect,128,2,1,0,1,0,0,1,0.015068,2176,/Users/free_1/Library/Mobile Documents/iCloud~md~obsidian/Documents/cpp-checker/branch_3/artifacts/lca_tree_stress_v5/strong_gate_cf_exact_check/runs/correctness_fuzz/multi_comb_rect/n128/seed2_L1_Q0
correctness_fuzz,multi_comb_rect,128,2,1,1,1,0,0,1,0.013472,2176,/Users/free_1/Library/Mobile Documents/iCloud~md~obsidian/Documents/cpp-checker/branch_3/artifacts/lca_tree_stress_v5/strong_gate_cf_exact_check/runs/correctness_fuzz/multi_comb_rect/n128/seed2_L1_Q1
correctness_fuzz,multi_comb_rect,128,3,0,0,1,0,0,1,0.011786,2208,/Users/free_1/Library/Mobile Documents/iCloud~md~obsidian/Documents/cpp-checker/branch_3/artifacts/lca_tree_stress_v5/strong_gate_cf_exact_check/runs/correctness_fuzz/multi_comb_rect/n128/seed3_L0_Q0
correctness_fuzz,multi_comb_rect,128,3,0,1,1,0,0,1,0.014496,2160,/Users/free_1/Library/Mobile Documents/iCloud~md~obsidian/Documents/cpp-checker/branch_3/artifacts/lca_tree_stress_v5/strong_gate_cf_exact_check/runs/correctness_fuzz/multi_comb_rect/n128/seed3_L0_Q1
correctness_fuzz,multi_comb_rect,128,3,1,0,1,0,0,1,0.012142,2160,/Users/free_1/Library/Mobile Documents/iCloud~md~obsidian/Documents/cpp-checker/branch_3/artifacts/lca_tree_stress_v5/strong_gate_cf_exact_check/runs/correctness_fuzz/multi_comb_rect/n128/seed3_L1_Q0
correctness_fuzz,multi_comb_rect,128,3,1,1,1,0,0,1,0.015068,2176,/Users/free_1/Library/Mobile Documents/iCloud~md~obsidian/Documents/cpp-checker/branch_3/artifacts/lca_tree_stress_v5/strong_gate_cf_exact_check/runs/correctness_fuzz/multi_comb_rect/n128/seed3_L1_Q1
correctness_fuzz,multi_comb_rect,128,4,0,0,1,0,0,1,0.014815,2160,/Users/free_1/Library/Mobile Documents/iCloud~md~obsidian/Documents/cpp-checker/branch_3/artifacts/lca_tree_stress_v5/strong_gate_cf_exact_check/runs/correctness_fuzz/multi_comb_rect/n128/seed4_L0_Q0
correctness_fuzz,multi_comb_rect,128,4,0,1,1,0,0,1,0.014395,2160,/Users/free_1/Library/Mobile Documents/iCloud~md~obsidian/Documents/cpp-checker/branch_3/artifacts/lca_tree_stress_v5/strong_gate_cf_exact_check/runs/correctness_fuzz/multi_comb_rect/n128/seed4_L0_Q1
correctness_fuzz,multi_comb_rect,128,4,1,0,1,0,0,1,0.013134,2208,/Users/free_1/Library/Mobile Documents/iCloud~md~obsidian/Documents/cpp-checker/branch_3/artifacts/lca_tree_stress_v5/strong_gate_cf_exact_check/runs/correctness_fuzz/multi_comb_rect/n128/seed4_L1_Q0
correctness_fuzz,multi_comb_rect,128,4,1,1,1,0,0,1,0.012662,2208,/Users/free_1/Library/Mobile Documents/iCloud~md~obsidian/Documents/cpp-checker/branch_3/artifacts/lca_tree_stress_v5/strong_gate_cf_exact_check/runs/correctness_fuzz/multi_comb_rect/n128/seed4_L1_Q1
correctness_fuzz,multi_comb_rect,128,5,0,0,1,0,0,1,0.014691,2176,/Users/free_1/Library/Mobile Documents/iCloud~md~obsidian/Documents/cpp-checker/branch_3/artifacts/lca_tree_stress_v5/strong_gate_cf_exact_check/runs/correctness_fuzz/multi_comb_rect/n128/seed5_L0_Q0
correctness_fuzz,multi_comb_rect,128,5,0,1,1,0,0,1,0.015052,2208,/Users/free_1/Library/Mobile Documents/iCloud~md~obsidian/Documents/cpp-checker/branch_3/artifacts/lca_tree_stress_v5/strong_gate_cf_exact_check/runs/correctness_fuzz/multi_comb_rect/n128/seed5_L0_Q1
correctness_fuzz,multi_comb_rect,128,5,1,0,1,0,0,1,0.015075,2192,/Users/free_1/Library/Mobile Documents/iCloud~md~obsidian/Documents/cpp-checker/branch_3/artifacts/lca_tree_stress_v5/strong_gate_cf_exact_check/runs/correctness_fuzz/multi_comb_rect/n128/seed5_L1_Q0
correctness_fuzz,multi_comb_rect,128,5,1,1,1,0,0,1,0.011741,2176,/Users/free_1/Library/Mobile Documents/iCloud~md~obsidian/Documents/cpp-checker/branch_3/artifacts/lca_tree_stress_v5/strong_gate_cf_exact_check/runs/correctness_fuzz/multi_comb_rect/n128/seed5_L1_Q1
correctness_fuzz,multi_comb_rect,256,1,0,0,1,0,0,1,0.011714,3936,/Users/free_1/Library/Mobile Documents/iCloud~md~obsidian/Documents/cpp-checker/branch_3/artifacts/lca_tree_stress_v5/strong_gate_cf_exact_check/runs/correctness_fuzz/multi_comb_rect/n256/seed1_L0_Q0
correctness_fuzz,multi_comb_rect,256,1,0,1,1,0,0,1,0.023616,3952,/Users/free_1/Library/Mobile Documents/iCloud~md~obsidian/Documents/cpp-checker/branch_3/artifacts/lca_tree_stress_v5/strong_gate_cf_exact_check/runs/correctness_fuzz/multi_comb_rect/n256/seed1_L0_Q1
correctness_fuzz,multi_comb_rect,256,1,1,0,1,0,0,1,0.012037,3888,/Users/free_1/Library/Mobile Documents/iCloud~md~obsidian/Documents/cpp-checker/branch_3/artifacts/lca_tree_stress_v5/strong_gate_cf_exact_check/runs/correctness_fuzz/multi_comb_rect/n256/seed1_L1_Q0
correctness_fuzz,multi_comb_rect,256,1,1,1,1,0,0,1,0.015066,3936,/Users/free_1/Library/Mobile Documents/iCloud~md~obsidian/Documents/cpp-checker/branch_3/artifacts/lca_tree_stress_v5/strong_gate_cf_exact_check/runs/correctness_fuzz/multi_comb_rect/n256/seed1_L1_Q1
correctness_fuzz,multi_comb_rect,256,2,0,0,1,0,0,1,0.015056,3856,/Users/free_1/Library/Mobile Documents/iCloud~md~obsidian/Documents/cpp-checker/branch_3/artifacts/lca_tree_stress_v5/strong_gate_cf_exact_check/runs/correctness_fuzz/multi_comb_rect/n256/seed2_L0_Q0
correctness_fuzz,multi_comb_rect,256,2,0,1,1,0,0,1,0.012746,3952,/Users/free_1/Library/Mobile Documents/iCloud~md~obsidian/Documents/cpp-checker/branch_3/artifacts/lca_tree_stress_v5/strong_gate_cf_exact_check/runs/correctness_fuzz/multi_comb_rect/n256/seed2_L0_Q1
correctness_fuzz,multi_comb_rect,256,2,1,0,1,0,0,1,0.015063,3968,/Users/free_1/Library/Mobile Documents/iCloud~md~obsidian/Documents/cpp-checker/branch_3/artifacts/lca_tree_stress_v5/strong_gate_cf_exact_check/runs/correctness_fuzz/multi_comb_rect/n256/seed2_L1_Q0
correctness_fuzz,multi_comb_rect,256,2,1,1,1,0,0,1,0.015059,3888,/Users/free_1/Library/Mobile Documents/iCloud~md~obsidian/Documents/cpp-checker/branch_3/artifacts/lca_tree_stress_v5/strong_gate_cf_exact_check/runs/correctness_fuzz/multi_comb_rect/n256/seed2_L1_Q1
correctness_fuzz,multi_comb_rect,256,3,0,0,1,0,0,1,0.026591,3824,/Users/free_1/Library/Mobile Documents/iCloud~md~obsidian/Documents/cpp-checker/branch_3/artifacts/lca_tree_stress_v5/strong_gate_cf_exact_check/runs/correctness_fuzz/multi_comb_rect/n256/seed3_L0_Q0
correctness_fuzz,multi_comb_rect,256,3,0,1,1,0,0,1,0.015098,3872,/Users/free_1/Library/Mobile Documents/iCloud~md~obsidian/Documents/cpp-checker/branch_3/artifacts/lca_tree_stress_v5/strong_gate_cf_exact_check/runs/correctness_fuzz/multi_comb_rect/n256/seed3_L0_Q1
correctness_fuzz,multi_comb_rect,256,3,1,0,1,0,0,1,0.012380,3968,/Users/free_1/Library/Mobile Documents/iCloud~md~obsidian/Documents/cpp-checker/branch_3/artifacts/lca_tree_stress_v5/strong_gate_cf_exact_check/runs/correctness_fuzz/multi_comb_rect/n256/seed3_L1_Q0
correctness_fuzz,multi_comb_rect,256,3,1,1,1,0,0,1,0.014987,3888,/Users/free_1/Library/Mobile Documents/iCloud~md~obsidian/Documents/cpp-checker/branch_3/artifacts/lca_tree_stress_v5/strong_gate_cf_exact_check/runs/correctness_fuzz/multi_comb_rect/n256/seed3_L1_Q1
correctness_fuzz,multi_comb_rect,256,4,0,0,1,0,0,1,0.015069,3888,/Users/free_1/Library/Mobile Documents/iCloud~md~obsidian/Documents/cpp-checker/branch_3/artifacts/lca_tree_stress_v5/strong_gate_cf_exact_check/runs/correctness_fuzz/multi_comb_rect/n256/seed4_L0_Q0
correctness_fuzz,multi_comb_rect,256,4,0,1,1,0,0,1,0.015073,3856,/Users/free_1/Library/Mobile Documents/iCloud~md~obsidian/Documents/cpp-checker/branch_3/artifacts/lca_tree_stress_v5/strong_gate_cf_exact_check/runs/correctness_fuzz/multi_comb_rect/n256/seed4_L0_Q1
correctness_fuzz,multi_comb_rect,256,4,1,0,1,0,0,1,0.010529,3888,/Users/free_1/Library/Mobile Documents/iCloud~md~obsidian/Documents/cpp-checker/branch_3/artifacts/lca_tree_stress_v5/strong_gate_cf_exact_check/runs/correctness_fuzz/multi_comb_rect/n256/seed4_L1_Q0
correctness_fuzz,multi_comb_rect,256,4,1,1,1,0,0,1,0.013233,3920,/Users/free_1/Library/Mobile Documents/iCloud~md~obsidian/Documents/cpp-checker/branch_3/artifacts/lca_tree_stress_v5/strong_gate_cf_exact_check/runs/correctness_fuzz/multi_comb_rect/n256/seed4_L1_Q1
correctness_fuzz,multi_comb_rect,256,5,0,0,1,0,0,1,0.014561,3840,/Users/free_1/Library/Mobile Documents/iCloud~md~obsidian/Documents/cpp-checker/branch_3/artifacts/lca_tree_stress_v5/strong_gate_cf_exact_check/runs/correctness_fuzz/multi_comb_rect/n256/seed5_L0_Q0
correctness_fuzz,multi_comb_rect,256,5,0,1,1,0,0,1,0.014751,3856,/Users/free_1/Library/Mobile Documents/iCloud~md~obsidian/Documents/cpp-checker/branch_3/artifacts/lca_tree_stress_v5/strong_gate_cf_exact_check/runs/correctness_fuzz/multi_comb_rect/n256/seed5_L0_Q1
correctness_fuzz,multi_comb_rect,256,5,1,0,1,0,0,1,0.015072,3888,/Users/free_1/Library/Mobile Documents/iCloud~md~obsidian/Documents/cpp-checker/branch_3/artifacts/lca_tree_stress_v5/strong_gate_cf_exact_check/runs/correctness_fuzz/multi_comb_rect/n256/seed5_L1_Q0
correctness_fuzz,multi_comb_rect,256,5,1,1,1,0,0,1,0.011710,3888,/Users/free_1/Library/Mobile Documents/iCloud~md~obsidian/Documents/cpp-checker/branch_3/artifacts/lca_tree_stress_v5/strong_gate_cf_exact_check/runs/correctness_fuzz/multi_comb_rect/n256/seed5_L1_Q1
correctness_fuzz,multi_comb_rect,512,1,0,0,1,0,0,1,0.043956,9536,/Users/free_1/Library/Mobile Documents/iCloud~md~obsidian/Documents/cpp-checker/branch_3/artifacts/lca_tree_stress_v5/strong_gate_cf_exact_check/runs/correctness_fuzz/multi_comb_rect/n512/seed1_L0_Q0
correctness_fuzz,multi_comb_rect,512,1,0,1,1,0,0,1,0.040445,9488,/Users/free_1/Library/Mobile Documents/iCloud~md~obsidian/Documents/cpp-checker/branch_3/artifacts/lca_tree_stress_v5/strong_gate_cf_exact_check/runs/correctness_fuzz/multi_comb_rect/n512/seed1_L0_Q1
correctness_fuzz,multi_comb_rect,512,1,1,0,1,0,0,1,0.044447,9536,/Users/free_1/Library/Mobile Documents/iCloud~md~obsidian/Documents/cpp-checker/branch_3/artifacts/lca_tree_stress_v5/strong_gate_cf_exact_check/runs/correctness_fuzz/multi_comb_rect/n512/seed1_L1_Q0
correctness_fuzz,multi_comb_rect,512,1,1,1,1,0,0,1,0.034983,9520,/Users/free_1/Library/Mobile Documents/iCloud~md~obsidian/Documents/cpp-checker/branch_3/artifacts/lca_tree_stress_v5/strong_gate_cf_exact_check/runs/correctness_fuzz/multi_comb_rect/n512/seed1_L1_Q1
correctness_fuzz,multi_comb_rect,512,2,0,0,1,0,0,1,0.044701,9584,/Users/free_1/Library/Mobile Documents/iCloud~md~obsidian/Documents/cpp-checker/branch_3/artifacts/lca_tree_stress_v5/strong_gate_cf_exact_check/runs/correctness_fuzz/multi_comb_rect/n512/seed2_L0_Q0
correctness_fuzz,multi_comb_rect,512,2,0,1,1,0,0,1,0.039518,9536,/Users/free_1/Library/Mobile Documents/iCloud~md~obsidian/Documents/cpp-checker/branch_3/artifacts/lca_tree_stress_v5/strong_gate_cf_exact_check/runs/correctness_fuzz/multi_comb_rect/n512/seed2_L0_Q1
correctness_fuzz,multi_comb_rect,512,2,1,0,1,0,0,1,0.040308,9536,/Users/free_1/Library/Mobile Documents/iCloud~md~obsidian/Documents/cpp-checker/branch_3/artifacts/lca_tree_stress_v5/strong_gate_cf_exact_check/runs/correctness_fuzz/multi_comb_rect/n512/seed2_L1_Q0
correctness_fuzz,multi_comb_rect,512,2,1,1,1,0,0,1,0.037742,9520,/Users/free_1/Library/Mobile Documents/iCloud~md~obsidian/Documents/cpp-checker/branch_3/artifacts/lca_tree_stress_v5/strong_gate_cf_exact_check/runs/correctness_fuzz/multi_comb_rect/n512/seed2_L1_Q1
correctness_fuzz,multi_comb_rect,512,3,0,0,1,0,0,1,0.041570,9520,/Users/free_1/Library/Mobile Documents/iCloud~md~obsidian/Documents/cpp-checker/branch_3/artifacts/lca_tree_stress_v5/strong_gate_cf_exact_check/runs/correctness_fuzz/multi_comb_rect/n512/seed3_L0_Q0
correctness_fuzz,multi_comb_rect,512,3,0,1,1,0,0,1,0.037279,9520,/Users/free_1/Library/Mobile Documents/iCloud~md~obsidian/Documents/cpp-checker/branch_3/artifacts/lca_tree_stress_v5/strong_gate_cf_exact_check/runs/correctness_fuzz/multi_comb_rect/n512/seed3_L0_Q1
correctness_fuzz,multi_comb_rect,512,3,1,0,1,0,0,1,0.037570,9568,/Users/free_1/Library/Mobile Documents/iCloud~md~obsidian/Documents/cpp-checker/branch_3/artifacts/lca_tree_stress_v5/strong_gate_cf_exact_check/runs/correctness_fuzz/multi_comb_rect/n512/seed3_L1_Q0
correctness_fuzz,multi_comb_rect,512,3,1,1,1,0,0,1,0.045120,9536,/Users/free_1/Library/Mobile Documents/iCloud~md~obsidian/Documents/cpp-checker/branch_3/artifacts/lca_tree_stress_v5/strong_gate_cf_exact_check/runs/correctness_fuzz/multi_comb_rect/n512/seed3_L1_Q1
correctness_fuzz,multi_comb_rect,512,4,0,0,1,0,0,1,0.039924,9616,/Users/free_1/Library/Mobile Documents/iCloud~md~obsidian/Documents/cpp-checker/branch_3/artifacts/lca_tree_stress_v5/strong_gate_cf_exact_check/runs/correctness_fuzz/multi_comb_rect/n512/seed4_L0_Q0
correctness_fuzz,multi_comb_rect,512,4,0,1,1,0,0,1,0.037255,9664,/Users/free_1/Library/Mobile Documents/iCloud~md~obsidian/Documents/cpp-checker/branch_3/artifacts/lca_tree_stress_v5/strong_gate_cf_exact_check/runs/correctness_fuzz/multi_comb_rect/n512/seed4_L0_Q1
correctness_fuzz,multi_comb_rect,512,4,1,0,1,0,0,1,0.040774,9616,/Users/free_1/Library/Mobile Documents/iCloud~md~obsidian/Documents/cpp-checker/branch_3/artifacts/lca_tree_stress_v5/strong_gate_cf_exact_check/runs/correctness_fuzz/multi_comb_rect/n512/seed4_L1_Q0
correctness_fuzz,multi_comb_rect,512,4,1,1,1,0,0,1,0.039323,9664,/Users/free_1/Library/Mobile Documents/iCloud~md~obsidian/Documents/cpp-checker/branch_3/artifacts/lca_tree_stress_v5/strong_gate_cf_exact_check/runs/correctness_fuzz/multi_comb_rect/n512/seed4_L1_Q1
correctness_fuzz,multi_comb_rect,512,5,0,0,1,0,0,1,0.039897,9632,/Users/free_1/Library/Mobile Documents/iCloud~md~obsidian/Documents/cpp-checker/branch_3/artifacts/lca_tree_stress_v5/strong_gate_cf_exact_check/runs/correctness_fuzz/multi_comb_rect/n512/seed5_L0_Q0
correctness_fuzz,multi_comb_rect,512,5,0,1,1,0,0,1,0.038655,9568,/Users/free_1/Library/Mobile Documents/iCloud~md~obsidian/Documents/cpp-checker/branch_3/artifacts/lca_tree_stress_v5/strong_gate_cf_exact_check/runs/correctness_fuzz/multi_comb_rect/n512/seed5_L0_Q1
correctness_fuzz,multi_comb_rect,512,5,1,0,1,0,0,1,0.037766,9584,/Users/free_1/Library/Mobile Documents/iCloud~md~obsidian/Documents/cpp-checker/branch_3/artifacts/lca_tree_stress_v5/strong_gate_cf_exact_check/runs/correctness_fuzz/multi_comb_rect/n512/seed5_L1_Q0
correctness_fuzz,multi_comb_rect,512,5,1,1,1,0,0,1,0.043791,9552,/Users/free_1/Library/Mobile Documents/iCloud~md~obsidian/Documents/cpp-checker/branch_3/artifacts/lca_tree_stress_v5/strong_gate_cf_exact_check/runs/correctness_fuzz/multi_comb_rect/n512/seed5_L1_Q1
correctness_fuzz,multi_comb_rect,1024,1,0,0,1,0,0,1,0.122791,30144,/Users/free_1/Library/Mobile Documents/iCloud~md~obsidian/Documents/cpp-checker/branch_3/artifacts/lca_tree_stress_v5/strong_gate_cf_exact_check/runs/correctness_fuzz/multi_comb_rect/n1024/seed1_L0_Q0
correctness_fuzz,multi_comb_rect,1024,1,0,1,1,0,0,1,0.132695,30128,/Users/free_1/Library/Mobile Documents/iCloud~md~obsidian/Documents/cpp-checker/branch_3/artifacts/lca_tree_stress_v5/strong_gate_cf_exact_check/runs/correctness_fuzz/multi_comb_rect/n1024/seed1_L0_Q1
correctness_fuzz,multi_comb_rect,1024,1,1,0,1,0,0,1,0.126106,30144,/Users/free_1/Library/Mobile Documents/iCloud~md~obsidian/Documents/cpp-checker/branch_3/artifacts/lca_tree_stress_v5/strong_gate_cf_exact_check/runs/correctness_fuzz/multi_comb_rect/n1024/seed1_L1_Q0
correctness_fuzz,multi_comb_rect,1024,1,1,1,1,0,0,1,0.126496,30160,/Users/free_1/Library/Mobile Documents/iCloud~md~obsidian/Documents/cpp-checker/branch_3/artifacts/lca_tree_stress_v5/strong_gate_cf_exact_check/runs/correctness_fuzz/multi_comb_rect/n1024/seed1_L1_Q1
correctness_fuzz,multi_comb_rect,1024,2,0,0,1,0,0,1,0.133484,30176,/Users/free_1/Library/Mobile Documents/iCloud~md~obsidian/Documents/cpp-checker/branch_3/artifacts/lca_tree_stress_v5/strong_gate_cf_exact_check/runs/correctness_fuzz/multi_comb_rect/n1024/seed2_L0_Q0
correctness_fuzz,multi_comb_rect,1024,2,0,1,1,0,0,1,0.133205,30160,/Users/free_1/Library/Mobile Documents/iCloud~md~obsidian/Documents/cpp-checker/branch_3/artifacts/lca_tree_stress_v5/strong_gate_cf_exact_check/runs/correctness_fuzz/multi_comb_rect/n1024/seed2_L0_Q1
correctness_fuzz,multi_comb_rect,1024,2,1,0,1,0,0,1,0.132023,30192,/Users/free_1/Library/Mobile Documents/iCloud~md~obsidian/Documents/cpp-checker/branch_3/artifacts/lca_tree_stress_v5/strong_gate_cf_exact_check/runs/correctness_fuzz/multi_comb_rect/n1024/seed2_L1_Q0
correctness_fuzz,multi_comb_rect,1024,2,1,1,1,0,0,1,0.139223,30224,/Users/free_1/Library/Mobile Documents/iCloud~md~obsidian/Documents/cpp-checker/branch_3/artifacts/lca_tree_stress_v5/strong_gate_cf_exact_check/runs/correctness_fuzz/multi_comb_rect/n1024/seed2_L1_Q1
correctness_fuzz,multi_comb_rect,1024,3,0,0,1,0,0,1,0.175971,30112,/Users/free_1/Library/Mobile Documents/iCloud~md~obsidian/Documents/cpp-checker/branch_3/artifacts/lca_tree_stress_v5/strong_gate_cf_exact_check/runs/correctness_fuzz/multi_comb_rect/n1024/seed3_L0_Q0
correctness_fuzz,multi_comb_rect,1024,3,0,1,1,0,0,1,0.167297,30144,/Users/free_1/Library/Mobile Documents/iCloud~md~obsidian/Documents/cpp-checker/branch_3/artifacts/lca_tree_stress_v5/strong_gate_cf_exact_check/runs/correctness_fuzz/multi_comb_rect/n1024/seed3_L0_Q1
correctness_fuzz,multi_comb_rect,1024,3,1,0,1,0,0,1,0.161511,30096,/Users/free_1/Library/Mobile Documents/iCloud~md~obsidian/Documents/cpp-checker/branch_3/artifacts/lca_tree_stress_v5/strong_gate_cf_exact_check/runs/correctness_fuzz/multi_comb_rect/n1024/seed3_L1_Q0
correctness_fuzz,multi_comb_rect,1024,3,1,1,1,0,0,1,0.138170,30128,/Users/free_1/Library/Mobile Documents/iCloud~md~obsidian/Documents/cpp-checker/branch_3/artifacts/lca_tree_stress_v5/strong_gate_cf_exact_check/runs/correctness_fuzz/multi_comb_rect/n1024/seed3_L1_Q1
correctness_fuzz,multi_comb_rect,1024,4,0,0,1,0,0,1,0.134856,30240,/Users/free_1/Library/Mobile Documents/iCloud~md~obsidian/Documents/cpp-checker/branch_3/artifacts/lca_tree_stress_v5/strong_gate_cf_exact_check/runs/correctness_fuzz/multi_comb_rect/n1024/seed4_L0_Q0
correctness_fuzz,multi_comb_rect,1024,4,0,1,1,0,0,1,0.135728,30192,/Users/free_1/Library/Mobile Documents/iCloud~md~obsidian/Documents/cpp-checker/branch_3/artifacts/lca_tree_stress_v5/strong_gate_cf_exact_check/runs/correctness_fuzz/multi_comb_rect/n1024/seed4_L0_Q1
correctness_fuzz,multi_comb_rect,1024,4,1,0,1,0,0,1,0.135315,30256,/Users/free_1/Library/Mobile Documents/iCloud~md~obsidian/Documents/cpp-checker/branch_3/artifacts/lca_tree_stress_v5/strong_gate_cf_exact_check/runs/correctness_fuzz/multi_comb_rect/n1024/seed4_L1_Q0
correctness_fuzz,multi_comb_rect,1024,4,1,1,1,0,0,1,0.137827,30256,/Users/free_1/Library/Mobile Documents/iCloud~md~obsidian/Documents/cpp-checker/branch_3/artifacts/lca_tree_stress_v5/strong_gate_cf_exact_check/runs/correctness_fuzz/multi_comb_rect/n1024/seed4_L1_Q1
correctness_fuzz,multi_comb_rect,1024,5,0,0,1,0,0,1,0.139931,30208,/Users/free_1/Library/Mobile Documents/iCloud~md~obsidian/Documents/cpp-checker/branch_3/artifacts/lca_tree_stress_v5/strong_gate_cf_exact_check/runs/correctness_fuzz/multi_comb_rect/n1024/seed5_L0_Q0
correctness_fuzz,multi_comb_rect,1024,5,0,1,1,0,0,1,0.140828,30192,/Users/free_1/Library/Mobile Documents/iCloud~md~obsidian/Documents/cpp-checker/branch_3/artifacts/lca_tree_stress_v5/strong_gate_cf_exact_check/runs/correctness_fuzz/multi_comb_rect/n1024/seed5_L0_Q1
correctness_fuzz,multi_comb_rect,1024,5,1,0,1,0,0,1,0.126850,30208,/Users/free_1/Library/Mobile Documents/iCloud~md~obsidian/Documents/cpp-checker/branch_3/artifacts/lca_tree_stress_v5/strong_gate_cf_exact_check/runs/correctness_fuzz/multi_comb_rect/n1024/seed5_L1_Q0
correctness_fuzz,multi_comb_rect,1024,5,1,1,1,0,0,1,0.142148,30320,/Users/free_1/Library/Mobile Documents/iCloud~md~obsidian/Documents/cpp-checker/branch_3/artifacts/lca_tree_stress_v5/strong_gate_cf_exact_check/runs/correctness_fuzz/multi_comb_rect/n1024/seed5_L1_Q1
correctness_fuzz,multi_comb_cap,64,1,0,0,1,0,0,1,0.015073,1648,/Users/free_1/Library/Mobile Documents/iCloud~md~obsidian/Documents/cpp-checker/branch_3/artifacts/lca_tree_stress_v5/strong_gate_cf_exact_check/runs/correctness_fuzz/multi_comb_cap/n64/seed1_L0_Q0
correctness_fuzz,multi_comb_cap,64,1,0,1,1,0,0,1,0.015102,1664,/Users/free_1/Library/Mobile Documents/iCloud~md~obsidian/Documents/cpp-checker/branch_3/artifacts/lca_tree_stress_v5/strong_gate_cf_exact_check/runs/correctness_fuzz/multi_comb_cap/n64/seed1_L0_Q1
correctness_fuzz,multi_comb_cap,64,1,1,0,1,0,0,1,0.014801,1680,/Users/free_1/Library/Mobile Documents/iCloud~md~obsidian/Documents/cpp-checker/branch_3/artifacts/lca_tree_stress_v5/strong_gate_cf_exact_check/runs/correctness_fuzz/multi_comb_cap/n64/seed1_L1_Q0
correctness_fuzz,multi_comb_cap,64,1,1,1,1,0,0,1,0.014483,1680,/Users/free_1/Library/Mobile Documents/iCloud~md~obsidian/Documents/cpp-checker/branch_3/artifacts/lca_tree_stress_v5/strong_gate_cf_exact_check/runs/correctness_fuzz/multi_comb_cap/n64/seed1_L1_Q1
correctness_fuzz,multi_comb_cap,64,2,0,0,1,0,0,1,0.011379,1680,/Users/free_1/Library/Mobile Documents/iCloud~md~obsidian/Documents/cpp-checker/branch_3/artifacts/lca_tree_stress_v5/strong_gate_cf_exact_check/runs/correctness_fuzz/multi_comb_cap/n64/seed2_L0_Q0
correctness_fuzz,multi_comb_cap,64,2,0,1,1,0,0,1,0.012854,1664,/Users/free_1/Library/Mobile Documents/iCloud~md~obsidian/Documents/cpp-checker/branch_3/artifacts/lca_tree_stress_v5/strong_gate_cf_exact_check/runs/correctness_fuzz/multi_comb_cap/n64/seed2_L0_Q1
correctness_fuzz,multi_comb_cap,64,2,1,0,1,0,0,1,0.010627,1648,/Users/free_1/Library/Mobile Documents/iCloud~md~obsidian/Documents/cpp-checker/branch_3/artifacts/lca_tree_stress_v5/strong_gate_cf_exact_check/runs/correctness_fuzz/multi_comb_cap/n64/seed2_L1_Q0
correctness_fuzz,multi_comb_cap,64,2,1,1,1,0,0,1,0.010270,1680,/Users/free_1/Library/Mobile Documents/iCloud~md~obsidian/Documents/cpp-checker/branch_3/artifacts/lca_tree_stress_v5/strong_gate_cf_exact_check/runs/correctness_fuzz/multi_comb_cap/n64/seed2_L1_Q1
correctness_fuzz,multi_comb_cap,64,3,0,0,1,0,0,1,0.012830,1648,/Users/free_1/Library/Mobile Documents/iCloud~md~obsidian/Documents/cpp-checker/branch_3/artifacts/lca_tree_stress_v5/strong_gate_cf_exact_check/runs/correctness_fuzz/multi_comb_cap/n64/seed3_L0_Q0
correctness_fuzz,multi_comb_cap,64,3,0,1,1,0,0,1,0.010603,1696,/Users/free_1/Library/Mobile Documents/iCloud~md~obsidian/Documents/cpp-checker/branch_3/artifacts/lca_tree_stress_v5/strong_gate_cf_exact_check/runs/correctness_fuzz/multi_comb_cap/n64/seed3_L0_Q1
correctness_fuzz,multi_comb_cap,64,3,1,0,1,0,0,1,0.013826,1664,/Users/free_1/Library/Mobile Documents/iCloud~md~obsidian/Documents/cpp-checker/branch_3/artifacts/lca_tree_stress_v5/strong_gate_cf_exact_check/runs/correctness_fuzz/multi_comb_cap/n64/seed3_L1_Q0
correctness_fuzz,multi_comb_cap,64,3,1,1,1,0,0,1,0.015066,1696,/Users/free_1/Library/Mobile Documents/iCloud~md~obsidian/Documents/cpp-checker/branch_3/artifacts/lca_tree_stress_v5/strong_gate_cf_exact_check/runs/correctness_fuzz/multi_comb_cap/n64/seed3_L1_Q1
correctness_fuzz,multi_comb_cap,64,4,0,0,1,0,0,1,0.014536,1664,/Users/free_1/Library/Mobile Documents/iCloud~md~obsidian/Documents/cpp-checker/branch_3/artifacts/lca_tree_stress_v5/strong_gate_cf_exact_check/runs/correctness_fuzz/multi_comb_cap/n64/seed4_L0_Q0
correctness_fuzz,multi_comb_cap,64,4,0,1,1,0,0,1,0.014549,1696,/Users/free_1/Library/Mobile Documents/iCloud~md~obsidian/Documents/cpp-checker/branch_3/artifacts/lca_tree_stress_v5/strong_gate_cf_exact_check/runs/correctness_fuzz/multi_comb_cap/n64/seed4_L0_Q1
correctness_fuzz,multi_comb_cap,64,4,1,0,1,0,0,1,0.013745,1696,/Users/free_1/Library/Mobile Documents/iCloud~md~obsidian/Documents/cpp-checker/branch_3/artifacts/lca_tree_stress_v5/strong_gate_cf_exact_check/runs/correctness_fuzz/multi_comb_cap/n64/seed4_L1_Q0
correctness_fuzz,multi_comb_cap,64,4,1,1,1,0,0,1,0.014536,1664,/Users/free_1/Library/Mobile Documents/iCloud~md~obsidian/Documents/cpp-checker/branch_3/artifacts/lca_tree_stress_v5/strong_gate_cf_exact_check/runs/correctness_fuzz/multi_comb_cap/n64/seed4_L1_Q1
correctness_fuzz,multi_comb_cap,64,5,0,0,1,0,0,1,0.015057,1664,/Users/free_1/Library/Mobile Documents/iCloud~md~obsidian/Documents/cpp-checker/branch_3/artifacts/lca_tree_stress_v5/strong_gate_cf_exact_check/runs/correctness_fuzz/multi_comb_cap/n64/seed5_L0_Q0
correctness_fuzz,multi_comb_cap,64,5,0,1,1,0,0,1,0.011451,1664,/Users/free_1/Library/Mobile Documents/iCloud~md~obsidian/Documents/cpp-checker/branch_3/artifacts/lca_tree_stress_v5/strong_gate_cf_exact_check/runs/correctness_fuzz/multi_comb_cap/n64/seed5_L0_Q1
correctness_fuzz,multi_comb_cap,64,5,1,0,1,0,0,1,0.013516,1648,/Users/free_1/Library/Mobile Documents/iCloud~md~obsidian/Documents/cpp-checker/branch_3/artifacts/lca_tree_stress_v5/strong_gate_cf_exact_check/runs/correctness_fuzz/multi_comb_cap/n64/seed5_L1_Q0
correctness_fuzz,multi_comb_cap,64,5,1,1,1,0,0,1,0.015058,1696,/Users/free_1/Library/Mobile Documents/iCloud~md~obsidian/Documents/cpp-checker/branch_3/artifacts/lca_tree_stress_v5/strong_gate_cf_exact_check/runs/correctness_fuzz/multi_comb_cap/n64/seed5_L1_Q1
correctness_fuzz,multi_comb_cap,128,1,0,0,1,0,0,1,0.014010,2016,/Users/free_1/Library/Mobile Documents/iCloud~md~obsidian/Documents/cpp-checker/branch_3/artifacts/lca_tree_stress_v5/strong_gate_cf_exact_check/runs/correctness_fuzz/multi_comb_cap/n128/seed1_L0_Q0
correctness_fuzz,multi_comb_cap,128,1,0,1,1,0,0,1,0.010994,2000,/Users/free_1/Library/Mobile Documents/iCloud~md~obsidian/Documents/cpp-checker/branch_3/artifacts/lca_tree_stress_v5/strong_gate_cf_exact_check/runs/correctness_fuzz/multi_comb_cap/n128/seed1_L0_Q1
correctness_fuzz,multi_comb_cap,128,1,1,0,1,0,0,1,0.013675,2016,/Users/free_1/Library/Mobile Documents/iCloud~md~obsidian/Documents/cpp-checker/branch_3/artifacts/lca_tree_stress_v5/strong_gate_cf_exact_check/runs/correctness_fuzz/multi_comb_cap/n128/seed1_L1_Q0
correctness_fuzz,multi_comb_cap,128,1,1,1,1,0,0,1,0.015057,2016,/Users/free_1/Library/Mobile Documents/iCloud~md~obsidian/Documents/cpp-checker/branch_3/artifacts/lca_tree_stress_v5/strong_gate_cf_exact_check/runs/correctness_fuzz/multi_comb_cap/n128/seed1_L1_Q1
correctness_fuzz,multi_comb_cap,128,2,0,0,1,0,0,1,0.014763,2032,/Users/free_1/Library/Mobile Documents/iCloud~md~obsidian/Documents/cpp-checker/branch_3/artifacts/lca_tree_stress_v5/strong_gate_cf_exact_check/runs/correctness_fuzz/multi_comb_cap/n128/seed2_L0_Q0
correctness_fuzz,multi_comb_cap,128,2,0,1,1,0,0,1,0.012831,2048,/Users/free_1/Library/Mobile Documents/iCloud~md~obsidian/Documents/cpp-checker/branch_3/artifacts/lca_tree_stress_v5/strong_gate_cf_exact_check/runs/correctness_fuzz/multi_comb_cap/n128/seed2_L0_Q1
correctness_fuzz,multi_comb_cap,128,2,1,0,1,0,0,1,0.014610,2048,/Users/free_1/Library/Mobile Documents/iCloud~md~obsidian/Documents/cpp-checker/branch_3/artifacts/lca_tree_stress_v5/strong_gate_cf_exact_check/runs/correctness_fuzz/multi_comb_cap/n128/seed2_L1_Q0
correctness_fuzz,multi_comb_cap,128,2,1,1,1,0,0,1,0.010498,2032,/Users/free_1/Library/Mobile Documents/iCloud~md~obsidian/Documents/cpp-checker/branch_3/artifacts/lca_tree_stress_v5/strong_gate_cf_exact_check/runs/correctness_fuzz/multi_comb_cap/n128/seed2_L1_Q1
correctness_fuzz,multi_comb_cap,128,3,0,0,1,0,0,1,0.012555,2016,/Users/free_1/Library/Mobile Documents/iCloud~md~obsidian/Documents/cpp-checker/branch_3/artifacts/lca_tree_stress_v5/strong_gate_cf_exact_check/runs/correctness_fuzz/multi_comb_cap/n128/seed3_L0_Q0
correctness_fuzz,multi_comb_cap,128,3,0,1,1,0,0,1,0.012780,2000,/Users/free_1/Library/Mobile Documents/iCloud~md~obsidian/Documents/cpp-checker/branch_3/artifacts/lca_tree_stress_v5/strong_gate_cf_exact_check/runs/correctness_fuzz/multi_comb_cap/n128/seed3_L0_Q1
correctness_fuzz,multi_comb_cap,128,3,1,0,1,0,0,1,0.015056,2016,/Users/free_1/Library/Mobile Documents/iCloud~md~obsidian/Documents/cpp-checker/branch_3/artifacts/lca_tree_stress_v5/strong_gate_cf_exact_check/runs/correctness_fuzz/multi_comb_cap/n128/seed3_L1_Q0
correctness_fuzz,multi_comb_cap,128,3,1,1,1,0,0,1,0.013098,2000,/Users/free_1/Library/Mobile Documents/iCloud~md~obsidian/Documents/cpp-checker/branch_3/artifacts/lca_tree_stress_v5/strong_gate_cf_exact_check/runs/correctness_fuzz/multi_comb_cap/n128/seed3_L1_Q1
correctness_fuzz,multi_comb_cap,128,4,0,0,1,0,0,1,0.013296,2000,/Users/free_1/Library/Mobile Documents/iCloud~md~obsidian/Documents/cpp-checker/branch_3/artifacts/lca_tree_stress_v5/strong_gate_cf_exact_check/runs/correctness_fuzz/multi_comb_cap/n128/seed4_L0_Q0
correctness_fuzz,multi_comb_cap,128,4,0,1,1,0,0,1,0.011467,2016,/Users/free_1/Library/Mobile Documents/iCloud~md~obsidian/Documents/cpp-checker/branch_3/artifacts/lca_tree_stress_v5/strong_gate_cf_exact_check/runs/correctness_fuzz/multi_comb_cap/n128/seed4_L0_Q1
correctness_fuzz,multi_comb_cap,128,4,1,0,1,0,0,1,0.013314,2000,/Users/free_1/Library/Mobile Documents/iCloud~md~obsidian/Documents/cpp-checker/branch_3/artifacts/lca_tree_stress_v5/strong_gate_cf_exact_check/runs/correctness_fuzz/multi_comb_cap/n128/seed4_L1_Q0
correctness_fuzz,multi_comb_cap,128,4,1,1,1,0,0,1,0.015055,2000,/Users/free_1/Library/Mobile Documents/iCloud~md~obsidian/Documents/cpp-checker/branch_3/artifacts/lca_tree_stress_v5/strong_gate_cf_exact_check/runs/correctness_fuzz/multi_comb_cap/n128/seed4_L1_Q1
correctness_fuzz,multi_comb_cap,128,5,0,0,1,0,0,1,0.011871,2000,/Users/free_1/Library/Mobile Documents/iCloud~md~obsidian/Documents/cpp-checker/branch_3/artifacts/lca_tree_stress_v5/strong_gate_cf_exact_check/runs/correctness_fuzz/multi_comb_cap/n128/seed5_L0_Q0
correctness_fuzz,multi_comb_cap,128,5,0,1,1,0,0,1,0.015069,2016,/Users/free_1/Library/Mobile Documents/iCloud~md~obsidian/Documents/cpp-checker/branch_3/artifacts/lca_tree_stress_v5/strong_gate_cf_exact_check/runs/correctness_fuzz/multi_comb_cap/n128/seed5_L0_Q1
correctness_fuzz,multi_comb_cap,128,5,1,0,1,0,0,1,0.010909,2000,/Users/free_1/Library/Mobile Documents/iCloud~md~obsidian/Documents/cpp-checker/branch_3/artifacts/lca_tree_stress_v5/strong_gate_cf_exact_check/runs/correctness_fuzz/multi_comb_cap/n128/seed5_L1_Q0
correctness_fuzz,multi_comb_cap,128,5,1,1,1,0,0,1,0.012210,2000,/Users/free_1/Library/Mobile Documents/iCloud~md~obsidian/Documents/cpp-checker/branch_3/artifacts/lca_tree_stress_v5/strong_gate_cf_exact_check/runs/correctness_fuzz/multi_comb_cap/n128/seed5_L1_Q1
correctness_fuzz,multi_comb_cap,256,1,0,0,1,0,0,1,0.013896,3152,/Users/free_1/Library/Mobile Documents/iCloud~md~obsidian/Documents/cpp-checker/branch_3/artifacts/lca_tree_stress_v5/strong_gate_cf_exact_check/runs/correctness_fuzz/multi_comb_cap/n256/seed1_L0_Q0
correctness_fuzz,multi_comb_cap,256,1,0,1,1,0,0,1,0.013323,3184,/Users/free_1/Library/Mobile Documents/iCloud~md~obsidian/Documents/cpp-checker/branch_3/artifacts/lca_tree_stress_v5/strong_gate_cf_exact_check/runs/correctness_fuzz/multi_comb_cap/n256/seed1_L0_Q1
correctness_fuzz,multi_comb_cap,256,1,1,0,1,0,0,1,0.013412,3136,/Users/free_1/Library/Mobile Documents/iCloud~md~obsidian/Documents/cpp-checker/branch_3/artifacts/lca_tree_stress_v5/strong_gate_cf_exact_check/runs/correctness_fuzz/multi_comb_cap/n256/seed1_L1_Q0
correctness_fuzz,multi_comb_cap,256,1,1,1,1,0,0,1,0.015052,3088,/Users/free_1/Library/Mobile Documents/iCloud~md~obsidian/Documents/cpp-checker/branch_3/artifacts/lca_tree_stress_v5/strong_gate_cf_exact_check/runs/correctness_fuzz/multi_comb_cap/n256/seed1_L1_Q1
correctness_fuzz,multi_comb_cap,256,2,0,0,1,0,0,1,0.011569,3168,/Users/free_1/Library/Mobile Documents/iCloud~md~obsidian/Documents/cpp-checker/branch_3/artifacts/lca_tree_stress_v5/strong_gate_cf_exact_check/runs/correctness_fuzz/multi_comb_cap/n256/seed2_L0_Q0
correctness_fuzz,multi_comb_cap,256,2,0,1,1,0,0,1,0.015067,3104,/Users/free_1/Library/Mobile Documents/iCloud~md~obsidian/Documents/cpp-checker/branch_3/artifacts/lca_tree_stress_v5/strong_gate_cf_exact_check/runs/correctness_fuzz/multi_comb_cap/n256/seed2_L0_Q1
correctness_fuzz,multi_comb_cap,256,2,1,0,1,0,0,1,0.010856,3136,/Users/free_1/Library/Mobile Documents/iCloud~md~obsidian/Documents/cpp-checker/branch_3/artifacts/lca_tree_stress_v5/strong_gate_cf_exact_check/runs/correctness_fuzz/multi_comb_cap/n256/seed2_L1_Q0
correctness_fuzz,multi_comb_cap,256,2,1,1,1,0,0,1,0.013919,3104,/Users/free_1/Library/Mobile Documents/iCloud~md~obsidian/Documents/cpp-checker/branch_3/artifacts/lca_tree_stress_v5/strong_gate_cf_exact_check/runs/correctness_fuzz/multi_comb_cap/n256/seed2_L1_Q1
correctness_fuzz,multi_comb_cap,256,3,0,0,1,0,0,1,0.010795,3152,/Users/free_1/Library/Mobile Documents/iCloud~md~obsidian/Documents/cpp-checker/branch_3/artifacts/lca_tree_stress_v5/strong_gate_cf_exact_check/runs/correctness_fuzz/multi_comb_cap/n256/seed3_L0_Q0
correctness_fuzz,multi_comb_cap,256,3,0,1,1,0,0,1,0.015068,3072,/Users/free_1/Library/Mobile Documents/iCloud~md~obsidian/Documents/cpp-checker/branch_3/artifacts/lca_tree_stress_v5/strong_gate_cf_exact_check/runs/correctness_fuzz/multi_comb_cap/n256/seed3_L0_Q1
correctness_fuzz,multi_comb_cap,256,3,1,0,1,0,0,1,0.015063,3088,/Users/free_1/Library/Mobile Documents/iCloud~md~obsidian/Documents/cpp-checker/branch_3/artifacts/lca_tree_stress_v5/strong_gate_cf_exact_check/runs/correctness_fuzz/multi_comb_cap/n256/seed3_L1_Q0
correctness_fuzz,multi_comb_cap,256,3,1,1,1,0,0,1,0.015057,3184,/Users/free_1/Library/Mobile Documents/iCloud~md~obsidian/Documents/cpp-checker/branch_3/artifacts/lca_tree_stress_v5/strong_gate_cf_exact_check/runs/correctness_fuzz/multi_comb_cap/n256/seed3_L1_Q1
correctness_fuzz,multi_comb_cap,256,4,0,0,1,0,0,1,0.013266,3168,/Users/free_1/Library/Mobile Documents/iCloud~md~obsidian/Documents/cpp-checker/branch_3/artifacts/lca_tree_stress_v5/strong_gate_cf_exact_check/runs/correctness_fuzz/multi_comb_cap/n256/seed4_L0_Q0
correctness_fuzz,multi_comb_cap,256,4,0,1,1,0,0,1,0.015059,3152,/Users/free_1/Library/Mobile Documents/iCloud~md~obsidian/Documents/cpp-checker/branch_3/artifacts/lca_tree_stress_v5/strong_gate_cf_exact_check/runs/correctness_fuzz/multi_comb_cap/n256/seed4_L0_Q1
correctness_fuzz,multi_comb_cap,256,4,1,0,1,0,0,1,0.015052,3136,/Users/free_1/Library/Mobile Documents/iCloud~md~obsidian/Documents/cpp-checker/branch_3/artifacts/lca_tree_stress_v5/strong_gate_cf_exact_check/runs/correctness_fuzz/multi_comb_cap/n256/seed4_L1_Q0
correctness_fuzz,multi_comb_cap,256,4,1,1,1,0,0,1,0.013060,3104,/Users/free_1/Library/Mobile Documents/iCloud~md~obsidian/Documents/cpp-checker/branch_3/artifacts/lca_tree_stress_v5/strong_gate_cf_exact_check/runs/correctness_fuzz/multi_comb_cap/n256/seed4_L1_Q1
correctness_fuzz,multi_comb_cap,256,5,0,0,1,0,0,1,0.012811,3120,/Users/free_1/Library/Mobile Documents/iCloud~md~obsidian/Documents/cpp-checker/branch_3/artifacts/lca_tree_stress_v5/strong_gate_cf_exact_check/runs/correctness_fuzz/multi_comb_cap/n256/seed5_L0_Q0
correctness_fuzz,multi_comb_cap,256,5,0,1,1,0,0,1,0.011426,3136,/Users/free_1/Library/Mobile Documents/iCloud~md~obsidian/Documents/cpp-checker/branch_3/artifacts/lca_tree_stress_v5/strong_gate_cf_exact_check/runs/correctness_fuzz/multi_comb_cap/n256/seed5_L0_Q1
correctness_fuzz,multi_comb_cap,256,5,1,0,1,0,0,1,0.012532,3072,/Users/free_1/Library/Mobile Documents/iCloud~md~obsidian/Documents/cpp-checker/branch_3/artifacts/lca_tree_stress_v5/strong_gate_cf_exact_check/runs/correctness_fuzz/multi_comb_cap/n256/seed5_L1_Q0
correctness_fuzz,multi_comb_cap,256,5,1,1,1,0,0,1,0.015059,3088,/Users/free_1/Library/Mobile Documents/iCloud~md~obsidian/Documents/cpp-checker/branch_3/artifacts/lca_tree_stress_v5/strong_gate_cf_exact_check/runs/correctness_fuzz/multi_comb_cap/n256/seed5_L1_Q1
correctness_fuzz,multi_comb_cap,512,1,0,0,1,0,0,1,0.028055,6736,/Users/free_1/Library/Mobile Documents/iCloud~md~obsidian/Documents/cpp-checker/branch_3/artifacts/lca_tree_stress_v5/strong_gate_cf_exact_check/runs/correctness_fuzz/multi_comb_cap/n512/seed1_L0_Q0
correctness_fuzz,multi_comb_cap,512,1,0,1,1,0,0,1,0.026132,6816,/Users/free_1/Library/Mobile Documents/iCloud~md~obsidian/Documents/cpp-checker/branch_3/artifacts/lca_tree_stress_v5/strong_gate_cf_exact_check/runs/correctness_fuzz/multi_comb_cap/n512/seed1_L0_Q1
correctness_fuzz,multi_comb_cap,512,1,1,0,1,0,0,1,0.028223,6736,/Users/free_1/Library/Mobile Documents/iCloud~md~obsidian/Documents/cpp-checker/branch_3/artifacts/lca_tree_stress_v5/strong_gate_cf_exact_check/runs/correctness_fuzz/multi_comb_cap/n512/seed1_L1_Q0
correctness_fuzz,multi_comb_cap,512,1,1,1,1,0,0,1,0.023017,6848,/Users/free_1/Library/Mobile Documents/iCloud~md~obsidian/Documents/cpp-checker/branch_3/artifacts/lca_tree_stress_v5/strong_gate_cf_exact_check/runs/correctness_fuzz/multi_comb_cap/n512/seed1_L1_Q1
correctness_fuzz,multi_comb_cap,512,2,0,0,1,0,0,1,0.030102,6672,/Users/free_1/Library/Mobile Documents/iCloud~md~obsidian/Documents/cpp-checker/branch_3/artifacts/lca_tree_stress_v5/strong_gate_cf_exact_check/runs/correctness_fuzz/multi_comb_cap/n512/seed2_L0_Q0
correctness_fuzz,multi_comb_cap,512,2,0,1,1,0,0,1,0.030104,6688,/Users/free_1/Library/Mobile Documents/iCloud~md~obsidian/Documents/cpp-checker/branch_3/artifacts/lca_tree_stress_v5/strong_gate_cf_exact_check/runs/correctness_fuzz/multi_comb_cap/n512/seed2_L0_Q1
correctness_fuzz,multi_comb_cap,512,2,1,0,1,0,0,1,0.027020,6672,/Users/free_1/Library/Mobile Documents/iCloud~md~obsidian/Documents/cpp-checker/branch_3/artifacts/lca_tree_stress_v5/strong_gate_cf_exact_check/runs/correctness_fuzz/multi_comb_cap/n512/seed2_L1_Q0
correctness_fuzz,multi_comb_cap,512,2,1,1,1,0,0,1,0.030111,6688,/Users/free_1/Library/Mobile Documents/iCloud~md~obsidian/Documents/cpp-checker/branch_3/artifacts/lca_tree_stress_v5/strong_gate_cf_exact_check/runs/correctness_fuzz/multi_comb_cap/n512/seed2_L1_Q1
correctness_fuzz,multi_comb_cap,512,3,0,0,1,0,0,1,0.027001,6704,/Users/free_1/Library/Mobile Documents/iCloud~md~obsidian/Documents/cpp-checker/branch_3/artifacts/lca_tree_stress_v5/strong_gate_cf_exact_check/runs/correctness_fuzz/multi_comb_cap/n512/seed3_L0_Q0
correctness_fuzz,multi_comb_cap,512,3,0,1,1,0,0,1,0.025559,6704,/Users/free_1/Library/Mobile Documents/iCloud~md~obsidian/Documents/cpp-checker/branch_3/artifacts/lca_tree_stress_v5/strong_gate_cf_exact_check/runs/correctness_fuzz/multi_comb_cap/n512/seed3_L0_Q1
correctness_fuzz,multi_comb_cap,512,3,1,0,1,0,0,1,0.024990,6736,/Users/free_1/Library/Mobile Documents/iCloud~md~obsidian/Documents/cpp-checker/branch_3/artifacts/lca_tree_stress_v5/strong_gate_cf_exact_check/runs/correctness_fuzz/multi_comb_cap/n512/seed3_L1_Q0
correctness_fuzz,multi_comb_cap,512,3,1,1,1,0,0,1,0.046051,6752,/Users/free_1/Library/Mobile Documents/iCloud~md~obsidian/Documents/cpp-checker/branch_3/artifacts/lca_tree_stress_v5/strong_gate_cf_exact_check/runs/correctness_fuzz/multi_comb_cap/n512/seed3_L1_Q1
correctness_fuzz,multi_comb_cap,512,4,0,0,1,0,0,1,0.030182,6768,/Users/free_1/Library/Mobile Documents/iCloud~md~obsidian/Documents/cpp-checker/branch_3/artifacts/lca_tree_stress_v5/strong_gate_cf_exact_check/runs/correctness_fuzz/multi_comb_cap/n512/seed4_L0_Q0
correctness_fuzz,multi_comb_cap,512,4,0,1,1,0,0,1,0.039938,6864,/Users/free_1/Library/Mobile Documents/iCloud~md~obsidian/Documents/cpp-checker/branch_3/artifacts/lca_tree_stress_v5/strong_gate_cf_exact_check/runs/correctness_fuzz/multi_comb_cap/n512/seed4_L0_Q1
correctness_fuzz,multi_comb_cap,512,4,1,0,1,0,0,1,0.038788,6768,/Users/free_1/Library/Mobile Documents/iCloud~md~obsidian/Documents/cpp-checker/branch_3/artifacts/lca_tree_stress_v5/strong_gate_cf_exact_check/runs/correctness_fuzz/multi_comb_cap/n512/seed4_L1_Q0
correctness_fuzz,multi_comb_cap,512,4,1,1,1,0,0,1,0.027418,6720,/Users/free_1/Library/Mobile Documents/iCloud~md~obsidian/Documents/cpp-checker/branch_3/artifacts/lca_tree_stress_v5/strong_gate_cf_exact_check/runs/correctness_fuzz/multi_comb_cap/n512/seed4_L1_Q1
correctness_fuzz,multi_comb_cap,512,5,0,0,1,0,0,1,0.026403,6720,/Users/free_1/Library/Mobile Documents/iCloud~md~obsidian/Documents/cpp-checker/branch_3/artifacts/lca_tree_stress_v5/strong_gate_cf_exact_check/runs/correctness_fuzz/multi_comb_cap/n512/seed5_L0_Q0
correctness_fuzz,multi_comb_cap,512,5,0,1,1,0,0,1,0.028055,6800,/Users/free_1/Library/Mobile Documents/iCloud~md~obsidian/Documents/cpp-checker/branch_3/artifacts/lca_tree_stress_v5/strong_gate_cf_exact_check/runs/correctness_fuzz/multi_comb_cap/n512/seed5_L0_Q1
correctness_fuzz,multi_comb_cap,512,5,1,0,1,0,0,1,0.029279,6736,/Users/free_1/Library/Mobile Documents/iCloud~md~obsidian/Documents/cpp-checker/branch_3/artifacts/lca_tree_stress_v5/strong_gate_cf_exact_check/runs/correctness_fuzz/multi_comb_cap/n512/seed5_L1_Q0
correctness_fuzz,multi_comb_cap,512,5,1,1,1,0,0,1,0.026783,6720,/Users/free_1/Library/Mobile Documents/iCloud~md~obsidian/Documents/cpp-checker/branch_3/artifacts/lca_tree_stress_v5/strong_gate_cf_exact_check/runs/correctness_fuzz/multi_comb_cap/n512/seed5_L1_Q1
correctness_fuzz,multi_comb_cap,1024,1,0,0,1,0,0,1,0.084552,19360,/Users/free_1/Library/Mobile Documents/iCloud~md~obsidian/Documents/cpp-checker/branch_3/artifacts/lca_tree_stress_v5/strong_gate_cf_exact_check/runs/correctness_fuzz/multi_comb_cap/n1024/seed1_L0_Q0
correctness_fuzz,multi_comb_cap,1024,1,0,1,1,0,0,1,0.079495,19344,/Users/free_1/Library/Mobile Documents/iCloud~md~obsidian/Documents/cpp-checker/branch_3/artifacts/lca_tree_stress_v5/strong_gate_cf_exact_check/runs/correctness_fuzz/multi_comb_cap/n1024/seed1_L0_Q1
correctness_fuzz,multi_comb_cap,1024,1,1,0,1,0,0,1,0.071422,19296,/Users/free_1/Library/Mobile Documents/iCloud~md~obsidian/Documents/cpp-checker/branch_3/artifacts/lca_tree_stress_v5/strong_gate_cf_exact_check/runs/correctness_fuzz/multi_comb_cap/n1024/seed1_L1_Q0
correctness_fuzz,multi_comb_cap,1024,1,1,1,1,0,0,1,0.077055,19328,/Users/free_1/Library/Mobile Documents/iCloud~md~obsidian/Documents/cpp-checker/branch_3/artifacts/lca_tree_stress_v5/strong_gate_cf_exact_check/runs/correctness_fuzz/multi_comb_cap/n1024/seed1_L1_Q1
correctness_fuzz,multi_comb_cap,1024,2,0,0,1,0,0,1,0.074959,19264,/Users/free_1/Library/Mobile Documents/iCloud~md~obsidian/Documents/cpp-checker/branch_3/artifacts/lca_tree_stress_v5/strong_gate_cf_exact_check/runs/correctness_fuzz/multi_comb_cap/n1024/seed2_L0_Q0
correctness_fuzz,multi_comb_cap,1024,2,0,1,1,0,0,1,0.073900,19248,/Users/free_1/Library/Mobile Documents/iCloud~md~obsidian/Documents/cpp-checker/branch_3/artifacts/lca_tree_stress_v5/strong_gate_cf_exact_check/runs/correctness_fuzz/multi_comb_cap/n1024/seed2_L0_Q1
correctness_fuzz,multi_comb_cap,1024,2,1,0,1,0,0,1,0.079515,19312,/Users/free_1/Library/Mobile Documents/iCloud~md~obsidian/Documents/cpp-checker/branch_3/artifacts/lca_tree_stress_v5/strong_gate_cf_exact_check/runs/correctness_fuzz/multi_comb_cap/n1024/seed2_L1_Q0
correctness_fuzz,multi_comb_cap,1024,2,1,1,1,0,0,1,0.107158,19312,/Users/free_1/Library/Mobile Documents/iCloud~md~obsidian/Documents/cpp-checker/branch_3/artifacts/lca_tree_stress_v5/strong_gate_cf_exact_check/runs/correctness_fuzz/multi_comb_cap/n1024/seed2_L1_Q1
correctness_fuzz,multi_comb_cap,1024,3,0,0,1,0,0,1,0.098290,19360,/Users/free_1/Library/Mobile Documents/iCloud~md~obsidian/Documents/cpp-checker/branch_3/artifacts/lca_tree_stress_v5/strong_gate_cf_exact_check/runs/correctness_fuzz/multi_comb_cap/n1024/seed3_L0_Q0
correctness_fuzz,multi_comb_cap,1024,3,0,1,1,0,0,1,0.097200,19328,/Users/free_1/Library/Mobile Documents/iCloud~md~obsidian/Documents/cpp-checker/branch_3/artifacts/lca_tree_stress_v5/strong_gate_cf_exact_check/runs/correctness_fuzz/multi_comb_cap/n1024/seed3_L0_Q1
correctness_fuzz,multi_comb_cap,1024,3,1,0,1,0,0,1,0.080782,19328,/Users/free_1/Library/Mobile Documents/iCloud~md~obsidian/Documents/cpp-checker/branch_3/artifacts/lca_tree_stress_v5/strong_gate_cf_exact_check/runs/correctness_fuzz/multi_comb_cap/n1024/seed3_L1_Q0
correctness_fuzz,multi_comb_cap,1024,3,1,1,1,0,0,1,0.081243,19344,/Users/free_1/Library/Mobile Documents/iCloud~md~obsidian/Documents/cpp-checker/branch_3/artifacts/lca_tree_stress_v5/strong_gate_cf_exact_check/runs/correctness_fuzz/multi_comb_cap/n1024/seed3_L1_Q1
correctness_fuzz,multi_comb_cap,1024,4,0,0,1,0,0,1,0.079813,19280,/Users/free_1/Library/Mobile Documents/iCloud~md~obsidian/Documents/cpp-checker/branch_3/artifacts/lca_tree_stress_v5/strong_gate_cf_exact_check/runs/correctness_fuzz/multi_comb_cap/n1024/seed4_L0_Q0
correctness_fuzz,multi_comb_cap,1024,4,0,1,1,0,0,1,0.076440,19328,/Users/free_1/Library/Mobile Documents/iCloud~md~obsidian/Documents/cpp-checker/branch_3/artifacts/lca_tree_stress_v5/strong_gate_cf_exact_check/runs/correctness_fuzz/multi_comb_cap/n1024/seed4_L0_Q1
correctness_fuzz,multi_comb_cap,1024,4,1,0,1,0,0,1,0.069393,19360,/Users/free_1/Library/Mobile Documents/iCloud~md~obsidian/Documents/cpp-checker/branch_3/artifacts/lca_tree_stress_v5/strong_gate_cf_exact_check/runs/correctness_fuzz/multi_comb_cap/n1024/seed4_L1_Q0
correctness_fuzz,multi_comb_cap,1024,4,1,1,1,0,0,1,0.077370,19296,/Users/free_1/Library/Mobile Documents/iCloud~md~obsidian/Documents/cpp-checker/branch_3/artifacts/lca_tree_stress_v5/strong_gate_cf_exact_check/runs/correctness_fuzz/multi_comb_cap/n1024/seed4_L1_Q1
correctness_fuzz,multi_comb_cap,1024,5,0,0,1,0,0,1,0.084624,19408,/Users/free_1/Library/Mobile Documents/iCloud~md~obsidian/Documents/cpp-checker/branch_3/artifacts/lca_tree_stress_v5/strong_gate_cf_exact_check/runs/correctness_fuzz/multi_comb_cap/n1024/seed5_L0_Q0
correctness_fuzz,multi_comb_cap,1024,5,0,1,1,0,0,1,0.081462,19328,/Users/free_1/Library/Mobile Documents/iCloud~md~obsidian/Documents/cpp-checker/branch_3/artifacts/lca_tree_stress_v5/strong_gate_cf_exact_check/runs/correctness_fuzz/multi_comb_cap/n1024/seed5_L0_Q1
correctness_fuzz,multi_comb_cap,1024,5,1,0,1,0,0,1,0.077107,19440,/Users/free_1/Library/Mobile Documents/iCloud~md~obsidian/Documents/cpp-checker/branch_3/artifacts/lca_tree_stress_v5/strong_gate_cf_exact_check/runs/correctness_fuzz/multi_comb_cap/n1024/seed5_L1_Q0
correctness_fuzz,multi_comb_cap,1024,5,1,1,1,0,0,1,0.079189,19344,/Users/free_1/Library/Mobile Documents/iCloud~md~obsidian/Documents/cpp-checker/branch_3/artifacts/lca_tree_stress_v5/strong_gate_cf_exact_check/runs/correctness_fuzz/multi_comb_cap/n1024/seed5_L1_Q1
correctness_fuzz,chain_unary,64,1,0,0,1,0,0,1,0.015061,1648,/Users/free_1/Library/Mobile Documents/iCloud~md~obsidian/Documents/cpp-checker/branch_3/artifacts/lca_tree_stress_v5/strong_gate_cf_exact_check/runs/correctness_fuzz/chain_unary/n64/seed1_L0_Q0
correctness_fuzz,chain_unary,64,1,0,1,1,0,0,1,0.013625,1648,/Users/free_1/Library/Mobile Documents/iCloud~md~obsidian/Documents/cpp-checker/branch_3/artifacts/lca_tree_stress_v5/strong_gate_cf_exact_check/runs/correctness_fuzz/chain_unary/n64/seed1_L0_Q1
correctness_fuzz,chain_unary,64,1,1,0,1,0,0,1,0.010561,1648,/Users/free_1/Library/Mobile Documents/iCloud~md~obsidian/Documents/cpp-checker/branch_3/artifacts/lca_tree_stress_v5/strong_gate_cf_exact_check/runs/correctness_fuzz/chain_unary/n64/seed1_L1_Q0
correctness_fuzz,chain_unary,64,1,1,1,1,0,0,1,0.014694,1648,/Users/free_1/Library/Mobile Documents/iCloud~md~obsidian/Documents/cpp-checker/branch_3/artifacts/lca_tree_stress_v5/strong_gate_cf_exact_check/runs/correctness_fuzz/chain_unary/n64/seed1_L1_Q1
correctness_fuzz,chain_unary,64,2,0,0,1,0,0,1,0.010114,1648,/Users/free_1/Library/Mobile Documents/iCloud~md~obsidian/Documents/cpp-checker/branch_3/artifacts/lca_tree_stress_v5/strong_gate_cf_exact_check/runs/correctness_fuzz/chain_unary/n64/seed2_L0_Q0
correctness_fuzz,chain_unary,64,2,0,1,1,0,0,1,0.015073,1648,/Users/free_1/Library/Mobile Documents/iCloud~md~obsidian/Documents/cpp-checker/branch_3/artifacts/lca_tree_stress_v5/strong_gate_cf_exact_check/runs/correctness_fuzz/chain_unary/n64/seed2_L0_Q1
correctness_fuzz,chain_unary,64,2,1,0,1,0,0,1,0.015056,1648,/Users/free_1/Library/Mobile Documents/iCloud~md~obsidian/Documents/cpp-checker/branch_3/artifacts/lca_tree_stress_v5/strong_gate_cf_exact_check/runs/correctness_fuzz/chain_unary/n64/seed2_L1_Q0
correctness_fuzz,chain_unary,64,2,1,1,1,0,0,1,0.013571,1648,/Users/free_1/Library/Mobile Documents/iCloud~md~obsidian/Documents/cpp-checker/branch_3/artifacts/lca_tree_stress_v5/strong_gate_cf_exact_check/runs/correctness_fuzz/chain_unary/n64/seed2_L1_Q1
correctness_fuzz,chain_unary,64,3,0,0,1,0,0,1,0.011270,1648,/Users/free_1/Library/Mobile Documents/iCloud~md~obsidian/Documents/cpp-checker/branch_3/artifacts/lca_tree_stress_v5/strong_gate_cf_exact_check/runs/correctness_fuzz/chain_unary/n64/seed3_L0_Q0
correctness_fuzz,chain_unary,64,3,0,1,1,0,0,1,0.012812,1648,/Users/free_1/Library/Mobile Documents/iCloud~md~obsidian/Documents/cpp-checker/branch_3/artifacts/lca_tree_stress_v5/strong_gate_cf_exact_check/runs/correctness_fuzz/chain_unary/n64/seed3_L0_Q1
correctness_fuzz,chain_unary,64,3,1,0,1,0,0,1,0.010307,1648,/Users/free_1/Library/Mobile Documents/iCloud~md~obsidian/Documents/cpp-checker/branch_3/artifacts/lca_tree_stress_v5/strong_gate_cf_exact_check/runs/correctness_fuzz/chain_unary/n64/seed3_L1_Q0
correctness_fuzz,chain_unary,64,3,1,1,1,0,0,1,0.015083,1648,/Users/free_1/Library/Mobile Documents/iCloud~md~obsidian/Documents/cpp-checker/branch_3/artifacts/lca_tree_stress_v5/strong_gate_cf_exact_check/runs/correctness_fuzz/chain_unary/n64/seed3_L1_Q1
correctness_fuzz,chain_unary,64,4,0,0,1,0,0,1,0.010909,1648,/Users/free_1/Library/Mobile Documents/iCloud~md~obsidian/Documents/cpp-checker/branch_3/artifacts/lca_tree_stress_v5/strong_gate_cf_exact_check/runs/correctness_fuzz/chain_unary/n64/seed4_L0_Q0
correctness_fuzz,chain_unary,64,4,0,1,1,0,0,1,0.013166,1648,/Users/free_1/Library/Mobile Documents/iCloud~md~obsidian/Documents/cpp-checker/branch_3/artifacts/lca_tree_stress_v5/strong_gate_cf_exact_check/runs/correctness_fuzz/chain_unary/n64/seed4_L0_Q1
correctness_fuzz,chain_unary,64,4,1,0,1,0,0,1,0.010290,1648,/Users/free_1/Library/Mobile Documents/iCloud~md~obsidian/Documents/cpp-checker/branch_3/artifacts/lca_tree_stress_v5/strong_gate_cf_exact_check/runs/correctness_fuzz/chain_unary/n64/seed4_L1_Q0
correctness_fuzz,chain_unary,64,4,1,1,1,0,0,1,0.012798,1648,/Users/free_1/Library/Mobile Documents/iCloud~md~obsidian/Documents/cpp-checker/branch_3/artifacts/lca_tree_stress_v5/strong_gate_cf_exact_check/runs/correctness_fuzz/chain_unary/n64/seed4_L1_Q1
correctness_fuzz,chain_unary,64,5,0,0,1,0,0,1,0.015073,1648,/Users/free_1/Library/Mobile Documents/iCloud~md~obsidian/Documents/cpp-checker/branch_3/artifacts/lca_tree_stress_v5/strong_gate_cf_exact_check/runs/correctness_fuzz/chain_unary/n64/seed5_L0_Q0
correctness_fuzz,chain_unary,64,5,0,1,1,0,0,1,0.015076,1648,/Users/free_1/Library/Mobile Documents/iCloud~md~obsidian/Documents/cpp-checker/branch_3/artifacts/lca_tree_stress_v5/strong_gate_cf_exact_check/runs/correctness_fuzz/chain_unary/n64/seed5_L0_Q1
correctness_fuzz,chain_unary,64,5,1,0,1,0,0,1,0.015073,1648,/Users/free_1/Library/Mobile Documents/iCloud~md~obsidian/Documents/cpp-checker/branch_3/artifacts/lca_tree_stress_v5/strong_gate_cf_exact_check/runs/correctness_fuzz/chain_unary/n64/seed5_L1_Q0
correctness_fuzz,chain_unary,64,5,1,1,1,0,0,1,0.013638,1648,/Users/free_1/Library/Mobile Documents/iCloud~md~obsidian/Documents/cpp-checker/branch_3/artifacts/lca_tree_stress_v5/strong_gate_cf_exact_check/runs/correctness_fuzz/chain_unary/n64/seed5_L1_Q1
correctness_fuzz,chain_unary,128,1,0,0,1,0,0,1,0.010360,1920,/Users/free_1/Library/Mobile Documents/iCloud~md~obsidian/Documents/cpp-checker/branch_3/artifacts/lca_tree_stress_v5/strong_gate_cf_exact_check/runs/correctness_fuzz/chain_unary/n128/seed1_L0_Q0
correctness_fuzz,chain_unary,128,1,0,1,1,0,0,1,0.013281,1920,/Users/free_1/Library/Mobile Documents/iCloud~md~obsidian/Documents/cpp-checker/branch_3/artifacts/lca_tree_stress_v5/strong_gate_cf_exact_check/runs/correctness_fuzz/chain_unary/n128/seed1_L0_Q1
correctness_fuzz,chain_unary,128,1,1,0,1,0,0,1,0.013081,1920,/Users/free_1/Library/Mobile Documents/iCloud~md~obsidian/Documents/cpp-checker/branch_3/artifacts/lca_tree_stress_v5/strong_gate_cf_exact_check/runs/correctness_fuzz/chain_unary/n128/seed1_L1_Q0
correctness_fuzz,chain_unary,128,1,1,1,1,0,0,1,0.011596,1920,/Users/free_1/Library/Mobile Documents/iCloud~md~obsidian/Documents/cpp-checker/branch_3/artifacts/lca_tree_stress_v5/strong_gate_cf_exact_check/runs/correctness_fuzz/chain_unary/n128/seed1_L1_Q1
correctness_fuzz,chain_unary,128,2,0,0,1,0,0,1,0.014713,1920,/Users/free_1/Library/Mobile Documents/iCloud~md~obsidian/Documents/cpp-checker/branch_3/artifacts/lca_tree_stress_v5/strong_gate_cf_exact_check/runs/correctness_fuzz/chain_unary/n128/seed2_L0_Q0
correctness_fuzz,chain_unary,128,2,0,1,1,0,0,1,0.012580,1920,/Users/free_1/Library/Mobile Documents/iCloud~md~obsidian/Documents/cpp-checker/branch_3/artifacts/lca_tree_stress_v5/strong_gate_cf_exact_check/runs/correctness_fuzz/chain_unary/n128/seed2_L0_Q1
correctness_fuzz,chain_unary,128,2,1,0,1,0,0,1,0.012982,1920,/Users/free_1/Library/Mobile Documents/iCloud~md~obsidian/Documents/cpp-checker/branch_3/artifacts/lca_tree_stress_v5/strong_gate_cf_exact_check/runs/correctness_fuzz/chain_unary/n128/seed2_L1_Q0
correctness_fuzz,chain_unary,128,2,1,1,1,0,0,1,0.010645,1920,/Users/free_1/Library/Mobile Documents/iCloud~md~obsidian/Documents/cpp-checker/branch_3/artifacts/lca_tree_stress_v5/strong_gate_cf_exact_check/runs/correctness_fuzz/chain_unary/n128/seed2_L1_Q1
correctness_fuzz,chain_unary,128,3,0,0,1,0,0,1,0.013124,1920,/Users/free_1/Library/Mobile Documents/iCloud~md~obsidian/Documents/cpp-checker/branch_3/artifacts/lca_tree_stress_v5/strong_gate_cf_exact_check/runs/correctness_fuzz/chain_unary/n128/seed3_L0_Q0
correctness_fuzz,chain_unary,128,3,0,1,1,0,0,1,0.011618,1920,/Users/free_1/Library/Mobile Documents/iCloud~md~obsidian/Documents/cpp-checker/branch_3/artifacts/lca_tree_stress_v5/strong_gate_cf_exact_check/runs/correctness_fuzz/chain_unary/n128/seed3_L0_Q1
correctness_fuzz,chain_unary,128,3,1,0,1,0,0,1,0.013246,1920,/Users/free_1/Library/Mobile Documents/iCloud~md~obsidian/Documents/cpp-checker/branch_3/artifacts/lca_tree_stress_v5/strong_gate_cf_exact_check/runs/correctness_fuzz/chain_unary/n128/seed3_L1_Q0
correctness_fuzz,chain_unary,128,3,1,1,1,0,0,1,0.012558,1920,/Users/free_1/Library/Mobile Documents/iCloud~md~obsidian/Documents/cpp-checker/branch_3/artifacts/lca_tree_stress_v5/strong_gate_cf_exact_check/runs/correctness_fuzz/chain_unary/n128/seed3_L1_Q1
correctness_fuzz,chain_unary,128,4,0,0,1,0,0,1,0.015062,1920,/Users/free_1/Library/Mobile Documents/iCloud~md~obsidian/Documents/cpp-checker/branch_3/artifacts/lca_tree_stress_v5/strong_gate_cf_exact_check/runs/correctness_fuzz/chain_unary/n128/seed4_L0_Q0
correctness_fuzz,chain_unary,128,4,0,1,1,0,0,1,0.010239,1920,/Users/free_1/Library/Mobile Documents/iCloud~md~obsidian/Documents/cpp-checker/branch_3/artifacts/lca_tree_stress_v5/strong_gate_cf_exact_check/runs/correctness_fuzz/chain_unary/n128/seed4_L0_Q1
correctness_fuzz,chain_unary,128,4,1,0,1,0,0,1,0.015058,1920,/Users/free_1/Library/Mobile Documents/iCloud~md~obsidian/Documents/cpp-checker/branch_3/artifacts/lca_tree_stress_v5/strong_gate_cf_exact_check/runs/correctness_fuzz/chain_unary/n128/seed4_L1_Q0
correctness_fuzz,chain_unary,128,4,1,1,1,0,0,1,0.015002,1920,/Users/free_1/Library/Mobile Documents/iCloud~md~obsidian/Documents/cpp-checker/branch_3/artifacts/lca_tree_stress_v5/strong_gate_cf_exact_check/runs/correctness_fuzz/chain_unary/n128/seed4_L1_Q1
correctness_fuzz,chain_unary,128,5,0,0,1,0,0,1,0.010139,1920,/Users/free_1/Library/Mobile Documents/iCloud~md~obsidian/Documents/cpp-checker/branch_3/artifacts/lca_tree_stress_v5/strong_gate_cf_exact_check/runs/correctness_fuzz/chain_unary/n128/seed5_L0_Q0
correctness_fuzz,chain_unary,128,5,0,1,1,0,0,1,0.015058,1920,/Users/free_1/Library/Mobile Documents/iCloud~md~obsidian/Documents/cpp-checker/branch_3/artifacts/lca_tree_stress_v5/strong_gate_cf_exact_check/runs/correctness_fuzz/chain_unary/n128/seed5_L0_Q1
correctness_fuzz,chain_unary,128,5,1,0,1,0,0,1,0.015065,1920,/Users/free_1/Library/Mobile Documents/iCloud~md~obsidian/Documents/cpp-checker/branch_3/artifacts/lca_tree_stress_v5/strong_gate_cf_exact_check/runs/correctness_fuzz/chain_unary/n128/seed5_L1_Q0
correctness_fuzz,chain_unary,128,5,1,1,1,0,0,1,0.010589,1920,/Users/free_1/Library/Mobile Documents/iCloud~md~obsidian/Documents/cpp-checker/branch_3/artifacts/lca_tree_stress_v5/strong_gate_cf_exact_check/runs/correctness_fuzz/chain_unary/n128/seed5_L1_Q1
correctness_fuzz,chain_unary,256,1,0,0,1,0,0,1,0.013301,3136,/Users/free_1/Library/Mobile Documents/iCloud~md~obsidian/Documents/cpp-checker/branch_3/artifacts/lca_tree_stress_v5/strong_gate_cf_exact_check/runs/correctness_fuzz/chain_unary/n256/seed1_L0_Q0
correctness_fuzz,chain_unary,256,1,0,1,1,0,0,1,0.015057,3136,/Users/free_1/Library/Mobile Documents/iCloud~md~obsidian/Documents/cpp-checker/branch_3/artifacts/lca_tree_stress_v5/strong_gate_cf_exact_check/runs/correctness_fuzz/chain_unary/n256/seed1_L0_Q1
correctness_fuzz,chain_unary,256,1,1,0,1,0,0,1,0.015062,3152,/Users/free_1/Library/Mobile Documents/iCloud~md~obsidian/Documents/cpp-checker/branch_3/artifacts/lca_tree_stress_v5/strong_gate_cf_exact_check/runs/correctness_fuzz/chain_unary/n256/seed1_L1_Q0
correctness_fuzz,chain_unary,256,1,1,1,1,0,0,1,0.014260,3152,/Users/free_1/Library/Mobile Documents/iCloud~md~obsidian/Documents/cpp-checker/branch_3/artifacts/lca_tree_stress_v5/strong_gate_cf_exact_check/runs/correctness_fuzz/chain_unary/n256/seed1_L1_Q1
correctness_fuzz,chain_unary,256,2,0,0,1,0,0,1,0.015056,3136,/Users/free_1/Library/Mobile Documents/iCloud~md~obsidian/Documents/cpp-checker/branch_3/artifacts/lca_tree_stress_v5/strong_gate_cf_exact_check/runs/correctness_fuzz/chain_unary/n256/seed2_L0_Q0
correctness_fuzz,chain_unary,256,2,0,1,1,0,0,1,0.015071,3136,/Users/free_1/Library/Mobile Documents/iCloud~md~obsidian/Documents/cpp-checker/branch_3/artifacts/lca_tree_stress_v5/strong_gate_cf_exact_check/runs/correctness_fuzz/chain_unary/n256/seed2_L0_Q1
correctness_fuzz,chain_unary,256,2,1,0,1,0,0,1,0.011044,3152,/Users/free_1/Library/Mobile Documents/iCloud~md~obsidian/Documents/cpp-checker/branch_3/artifacts/lca_tree_stress_v5/strong_gate_cf_exact_check/runs/correctness_fuzz/chain_unary/n256/seed2_L1_Q0
correctness_fuzz,chain_unary,256,2,1,1,1,0,0,1,0.013467,3152,/Users/free_1/Library/Mobile Documents/iCloud~md~obsidian/Documents/cpp-checker/branch_3/artifacts/lca_tree_stress_v5/strong_gate_cf_exact_check/runs/correctness_fuzz/chain_unary/n256/seed2_L1_Q1
correctness_fuzz,chain_unary,256,3,0,0,1,0,0,1,0.015065,3136,/Users/free_1/Library/Mobile Documents/iCloud~md~obsidian/Documents/cpp-checker/branch_3/artifacts/lca_tree_stress_v5/strong_gate_cf_exact_check/runs/correctness_fuzz/chain_unary/n256/seed3_L0_Q0
correctness_fuzz,chain_unary,256,3,0,1,1,0,0,1,0.015063,3136,/Users/free_1/Library/Mobile Documents/iCloud~md~obsidian/Documents/cpp-checker/branch_3/artifacts/lca_tree_stress_v5/strong_gate_cf_exact_check/runs/correctness_fuzz/chain_unary/n256/seed3_L0_Q1
correctness_fuzz,chain_unary,256,3,1,0,1,0,0,1,0.010841,3152,/Users/free_1/Library/Mobile Documents/iCloud~md~obsidian/Documents/cpp-checker/branch_3/artifacts/lca_tree_stress_v5/strong_gate_cf_exact_check/runs/correctness_fuzz/chain_unary/n256/seed3_L1_Q0
correctness_fuzz,chain_unary,256,3,1,1,1,0,0,1,0.010706,3152,/Users/free_1/Library/Mobile Documents/iCloud~md~obsidian/Documents/cpp-checker/branch_3/artifacts/lca_tree_stress_v5/strong_gate_cf_exact_check/runs/correctness_fuzz/chain_unary/n256/seed3_L1_Q1
correctness_fuzz,chain_unary,256,4,0,0,1,0,0,1,0.011059,3136,/Users/free_1/Library/Mobile Documents/iCloud~md~obsidian/Documents/cpp-checker/branch_3/artifacts/lca_tree_stress_v5/strong_gate_cf_exact_check/runs/correctness_fuzz/chain_unary/n256/seed4_L0_Q0
correctness_fuzz,chain_unary,256,4,0,1,1,0,0,1,0.010967,3136,/Users/free_1/Library/Mobile Documents/iCloud~md~obsidian/Documents/cpp-checker/branch_3/artifacts/lca_tree_stress_v5/strong_gate_cf_exact_check/runs/correctness_fuzz/chain_unary/n256/seed4_L0_Q1
correctness_fuzz,chain_unary,256,4,1,0,1,0,0,1,0.015076,3152,/Users/free_1/Library/Mobile Documents/iCloud~md~obsidian/Documents/cpp-checker/branch_3/artifacts/lca_tree_stress_v5/strong_gate_cf_exact_check/runs/correctness_fuzz/chain_unary/n256/seed4_L1_Q0
correctness_fuzz,chain_unary,256,4,1,1,1,0,0,1,0.014624,3152,/Users/free_1/Library/Mobile Documents/iCloud~md~obsidian/Documents/cpp-checker/branch_3/artifacts/lca_tree_stress_v5/strong_gate_cf_exact_check/runs/correctness_fuzz/chain_unary/n256/seed4_L1_Q1
correctness_fuzz,chain_unary,256,5,0,0,1,0,0,1,0.012193,3136,/Users/free_1/Library/Mobile Documents/iCloud~md~obsidian/Documents/cpp-checker/branch_3/artifacts/lca_tree_stress_v5/strong_gate_cf_exact_check/runs/correctness_fuzz/chain_unary/n256/seed5_L0_Q0
correctness_fuzz,chain_unary,256,5,0,1,1,0,0,1,0.010708,3136,/Users/free_1/Library/Mobile Documents/iCloud~md~obsidian/Documents/cpp-checker/branch_3/artifacts/lca_tree_stress_v5/strong_gate_cf_exact_check/runs/correctness_fuzz/chain_unary/n256/seed5_L0_Q1
correctness_fuzz,chain_unary,256,5,1,0,1,0,0,1,0.013501,3152,/Users/free_1/Library/Mobile Documents/iCloud~md~obsidian/Documents/cpp-checker/branch_3/artifacts/lca_tree_stress_v5/strong_gate_cf_exact_check/runs/correctness_fuzz/chain_unary/n256/seed5_L1_Q0
correctness_fuzz,chain_unary,256,5,1,1,1,0,0,1,0.013114,3152,/Users/free_1/Library/Mobile Documents/iCloud~md~obsidian/Documents/cpp-checker/branch_3/artifacts/lca_tree_stress_v5/strong_gate_cf_exact_check/runs/correctness_fuzz/chain_unary/n256/seed5_L1_Q1
correctness_fuzz,chain_unary,512,1,0,0,1,0,0,1,0.015057,6480,/Users/free_1/Library/Mobile Documents/iCloud~md~obsidian/Documents/cpp-checker/branch_3/artifacts/lca_tree_stress_v5/strong_gate_cf_exact_check/runs/correctness_fuzz/chain_unary/n512/seed1_L0_Q0
correctness_fuzz,chain_unary,512,1,0,1,1,0,0,1,0.010643,6480,/Users/free_1/Library/Mobile Documents/iCloud~md~obsidian/Documents/cpp-checker/branch_3/artifacts/lca_tree_stress_v5/strong_gate_cf_exact_check/runs/correctness_fuzz/chain_unary/n512/seed1_L0_Q1
correctness_fuzz,chain_unary,512,1,1,0,1,0,0,1,0.015074,6480,/Users/free_1/Library/Mobile Documents/iCloud~md~obsidian/Documents/cpp-checker/branch_3/artifacts/lca_tree_stress_v5/strong_gate_cf_exact_check/runs/correctness_fuzz/chain_unary/n512/seed1_L1_Q0
correctness_fuzz,chain_unary,512,1,1,1,1,0,0,1,0.015081,6480,/Users/free_1/Library/Mobile Documents/iCloud~md~obsidian/Documents/cpp-checker/branch_3/artifacts/lca_tree_stress_v5/strong_gate_cf_exact_check/runs/correctness_fuzz/chain_unary/n512/seed1_L1_Q1
correctness_fuzz,chain_unary,512,2,0,0,1,0,0,1,0.013988,6480,/Users/free_1/Library/Mobile Documents/iCloud~md~obsidian/Documents/cpp-checker/branch_3/artifacts/lca_tree_stress_v5/strong_gate_cf_exact_check/runs/correctness_fuzz/chain_unary/n512/seed2_L0_Q0
correctness_fuzz,chain_unary,512,2,0,1,1,0,0,1,0.013452,6480,/Users/free_1/Library/Mobile Documents/iCloud~md~obsidian/Documents/cpp-checker/branch_3/artifacts/lca_tree_stress_v5/strong_gate_cf_exact_check/runs/correctness_fuzz/chain_unary/n512/seed2_L0_Q1
correctness_fuzz,chain_unary,512,2,1,0,1,0,0,1,0.015077,6480,/Users/free_1/Library/Mobile Documents/iCloud~md~obsidian/Documents/cpp-checker/branch_3/artifacts/lca_tree_stress_v5/strong_gate_cf_exact_check/runs/correctness_fuzz/chain_unary/n512/seed2_L1_Q0
correctness_fuzz,chain_unary,512,2,1,1,1,0,0,1,0.023061,6480,/Users/free_1/Library/Mobile Documents/iCloud~md~obsidian/Documents/cpp-checker/branch_3/artifacts/lca_tree_stress_v5/strong_gate_cf_exact_check/runs/correctness_fuzz/chain_unary/n512/seed2_L1_Q1
correctness_fuzz,chain_unary,512,3,0,0,1,0,0,1,0.015067,6480,/Users/free_1/Library/Mobile Documents/iCloud~md~obsidian/Documents/cpp-checker/branch_3/artifacts/lca_tree_stress_v5/strong_gate_cf_exact_check/runs/correctness_fuzz/chain_unary/n512/seed3_L0_Q0
correctness_fuzz,chain_unary,512,3,0,1,1,0,0,1,0.015074,6480,/Users/free_1/Library/Mobile Documents/iCloud~md~obsidian/Documents/cpp-checker/branch_3/artifacts/lca_tree_stress_v5/strong_gate_cf_exact_check/runs/correctness_fuzz/chain_unary/n512/seed3_L0_Q1
correctness_fuzz,chain_unary,512,3,1,0,1,0,0,1,0.014080,6480,/Users/free_1/Library/Mobile Documents/iCloud~md~obsidian/Documents/cpp-checker/branch_3/artifacts/lca_tree_stress_v5/strong_gate_cf_exact_check/runs/correctness_fuzz/chain_unary/n512/seed3_L1_Q0
correctness_fuzz,chain_unary,512,3,1,1,1,0,0,1,0.011182,6480,/Users/free_1/Library/Mobile Documents/iCloud~md~obsidian/Documents/cpp-checker/branch_3/artifacts/lca_tree_stress_v5/strong_gate_cf_exact_check/runs/correctness_fuzz/chain_unary/n512/seed3_L1_Q1
correctness_fuzz,chain_unary,512,4,0,0,1,0,0,1,0.013822,6480,/Users/free_1/Library/Mobile Documents/iCloud~md~obsidian/Documents/cpp-checker/branch_3/artifacts/lca_tree_stress_v5/strong_gate_cf_exact_check/runs/correctness_fuzz/chain_unary/n512/seed4_L0_Q0
correctness_fuzz,chain_unary,512,4,0,1,1,0,0,1,0.015074,6480,/Users/free_1/Library/Mobile Documents/iCloud~md~obsidian/Documents/cpp-checker/branch_3/artifacts/lca_tree_stress_v5/strong_gate_cf_exact_check/runs/correctness_fuzz/chain_unary/n512/seed4_L0_Q1
correctness_fuzz,chain_unary,512,4,1,0,1,0,0,1,0.015083,6480,/Users/free_1/Library/Mobile Documents/iCloud~md~obsidian/Documents/cpp-checker/branch_3/artifacts/lca_tree_stress_v5/strong_gate_cf_exact_check/runs/correctness_fuzz/chain_unary/n512/seed4_L1_Q0
correctness_fuzz,chain_unary,512,4,1,1,1,0,0,1,0.025615,6480,/Users/free_1/Library/Mobile Documents/iCloud~md~obsidian/Documents/cpp-checker/branch_3/artifacts/lca_tree_stress_v5/strong_gate_cf_exact_check/runs/correctness_fuzz/chain_unary/n512/seed4_L1_Q1
correctness_fuzz,chain_unary,512,5,0,0,1,0,0,1,0.014139,6480,/Users/free_1/Library/Mobile Documents/iCloud~md~obsidian/Documents/cpp-checker/branch_3/artifacts/lca_tree_stress_v5/strong_gate_cf_exact_check/runs/correctness_fuzz/chain_unary/n512/seed5_L0_Q0
correctness_fuzz,chain_unary,512,5,0,1,1,0,0,1,0.013888,6480,/Users/free_1/Library/Mobile Documents/iCloud~md~obsidian/Documents/cpp-checker/branch_3/artifacts/lca_tree_stress_v5/strong_gate_cf_exact_check/runs/correctness_fuzz/chain_unary/n512/seed5_L0_Q1
correctness_fuzz,chain_unary,512,5,1,0,1,0,0,1,0.013313,6480,/Users/free_1/Library/Mobile Documents/iCloud~md~obsidian/Documents/cpp-checker/branch_3/artifacts/lca_tree_stress_v5/strong_gate_cf_exact_check/runs/correctness_fuzz/chain_unary/n512/seed5_L1_Q0
correctness_fuzz,chain_unary,512,5,1,1,1,0,0,1,0.011782,6480,/Users/free_1/Library/Mobile Documents/iCloud~md~obsidian/Documents/cpp-checker/branch_3/artifacts/lca_tree_stress_v5/strong_gate_cf_exact_check/runs/correctness_fuzz/chain_unary/n512/seed5_L1_Q1
correctness_fuzz,chain_unary,1024,1,0,0,1,0,0,1,0.015059,6448,/Users/free_1/Library/Mobile Documents/iCloud~md~obsidian/Documents/cpp-checker/branch_3/artifacts/lca_tree_stress_v5/strong_gate_cf_exact_check/runs/correctness_fuzz/chain_unary/n1024/seed1_L0_Q0
correctness_fuzz,chain_unary,1024,1,0,1,1,0,0,1,0.011726,6448,/Users/free_1/Library/Mobile Documents/iCloud~md~obsidian/Documents/cpp-checker/branch_3/artifacts/lca_tree_stress_v5/strong_gate_cf_exact_check/runs/correctness_fuzz/chain_unary/n1024/seed1_L0_Q1
correctness_fuzz,chain_unary,1024,1,1,0,1,0,0,1,0.012973,6480,/Users/free_1/Library/Mobile Documents/iCloud~md~obsidian/Documents/cpp-checker/branch_3/artifacts/lca_tree_stress_v5/strong_gate_cf_exact_check/runs/correctness_fuzz/chain_unary/n1024/seed1_L1_Q0
correctness_fuzz,chain_unary,1024,1,1,1,1,0,0,1,0.011853,6480,/Users/free_1/Library/Mobile Documents/iCloud~md~obsidian/Documents/cpp-checker/branch_3/artifacts/lca_tree_stress_v5/strong_gate_cf_exact_check/runs/correctness_fuzz/chain_unary/n1024/seed1_L1_Q1
correctness_fuzz,chain_unary,1024,2,0,0,1,0,0,1,0.015083,6448,/Users/free_1/Library/Mobile Documents/iCloud~md~obsidian/Documents/cpp-checker/branch_3/artifacts/lca_tree_stress_v5/strong_gate_cf_exact_check/runs/correctness_fuzz/chain_unary/n1024/seed2_L0_Q0
correctness_fuzz,chain_unary,1024,2,0,1,1,0,0,1,0.015075,6448,/Users/free_1/Library/Mobile Documents/iCloud~md~obsidian/Documents/cpp-checker/branch_3/artifacts/lca_tree_stress_v5/strong_gate_cf_exact_check/runs/correctness_fuzz/chain_unary/n1024/seed2_L0_Q1
correctness_fuzz,chain_unary,1024,2,1,0,1,0,0,1,0.014413,6480,/Users/free_1/Library/Mobile Documents/iCloud~md~obsidian/Documents/cpp-checker/branch_3/artifacts/lca_tree_stress_v5/strong_gate_cf_exact_check/runs/correctness_fuzz/chain_unary/n1024/seed2_L1_Q0
correctness_fuzz,chain_unary,1024,2,1,1,1,0,0,1,0.012851,6480,/Users/free_1/Library/Mobile Documents/iCloud~md~obsidian/Documents/cpp-checker/branch_3/artifacts/lca_tree_stress_v5/strong_gate_cf_exact_check/runs/correctness_fuzz/chain_unary/n1024/seed2_L1_Q1
correctness_fuzz,chain_unary,1024,3,0,0,1,0,0,1,0.011810,6448,/Users/free_1/Library/Mobile Documents/iCloud~md~obsidian/Documents/cpp-checker/branch_3/artifacts/lca_tree_stress_v5/strong_gate_cf_exact_check/runs/correctness_fuzz/chain_unary/n1024/seed3_L0_Q0
correctness_fuzz,chain_unary,1024,3,0,1,1,0,0,1,0.015107,6448,/Users/free_1/Library/Mobile Documents/iCloud~md~obsidian/Documents/cpp-checker/branch_3/artifacts/lca_tree_stress_v5/strong_gate_cf_exact_check/runs/correctness_fuzz/chain_unary/n1024/seed3_L0_Q1
correctness_fuzz,chain_unary,1024,3,1,0,1,0,0,1,0.015055,6480,/Users/free_1/Library/Mobile Documents/iCloud~md~obsidian/Documents/cpp-checker/branch_3/artifacts/lca_tree_stress_v5/strong_gate_cf_exact_check/runs/correctness_fuzz/chain_unary/n1024/seed3_L1_Q0
correctness_fuzz,chain_unary,1024,3,1,1,1,0,0,1,0.015075,6480,/Users/free_1/Library/Mobile Documents/iCloud~md~obsidian/Documents/cpp-checker/branch_3/artifacts/lca_tree_stress_v5/strong_gate_cf_exact_check/runs/correctness_fuzz/chain_unary/n1024/seed3_L1_Q1
correctness_fuzz,chain_unary,1024,4,0,0,1,0,0,1,0.014539,6448,/Users/free_1/Library/Mobile Documents/iCloud~md~obsidian/Documents/cpp-checker/branch_3/artifacts/lca_tree_stress_v5/strong_gate_cf_exact_check/runs/correctness_fuzz/chain_unary/n1024/seed4_L0_Q0
correctness_fuzz,chain_unary,1024,4,0,1,1,0,0,1,0.015064,6448,/Users/free_1/Library/Mobile Documents/iCloud~md~obsidian/Documents/cpp-checker/branch_3/artifacts/lca_tree_stress_v5/strong_gate_cf_exact_check/runs/correctness_fuzz/chain_unary/n1024/seed4_L0_Q1
correctness_fuzz,chain_unary,1024,4,1,0,1,0,0,1,0.014985,6480,/Users/free_1/Library/Mobile Documents/iCloud~md~obsidian/Documents/cpp-checker/branch_3/artifacts/lca_tree_stress_v5/strong_gate_cf_exact_check/runs/correctness_fuzz/chain_unary/n1024/seed4_L1_Q0
correctness_fuzz,chain_unary,1024,4,1,1,1,0,0,1,0.015055,6480,/Users/free_1/Library/Mobile Documents/iCloud~md~obsidian/Documents/cpp-checker/branch_3/artifacts/lca_tree_stress_v5/strong_gate_cf_exact_check/runs/correctness_fuzz/chain_unary/n1024/seed4_L1_Q1
correctness_fuzz,chain_unary,1024,5,0,0,1,0,0,1,0.015064,6448,/Users/free_1/Library/Mobile Documents/iCloud~md~obsidian/Documents/cpp-checker/branch_3/artifacts/lca_tree_stress_v5/strong_gate_cf_exact_check/runs/correctness_fuzz/chain_unary/n1024/seed5_L0_Q0
correctness_fuzz,chain_unary,1024,5,0,1,1,0,0,1,0.013204,6448,/Users/free_1/Library/Mobile Documents/iCloud~md~obsidian/Documents/cpp-checker/branch_3/artifacts/lca_tree_stress_v5/strong_gate_cf_exact_check/runs/correctness_fuzz/chain_unary/n1024/seed5_L0_Q1
correctness_fuzz,chain_unary,1024,5,1,0,1,0,0,1,0.010955,6480,/Users/free_1/Library/Mobile Documents/iCloud~md~obsidian/Documents/cpp-checker/branch_3/artifacts/lca_tree_stress_v5/strong_gate_cf_exact_check/runs/correctness_fuzz/chain_unary/n1024/seed5_L1_Q0
correctness_fuzz,chain_unary,1024,5,1,1,1,0,0,1,0.012396,6480,/Users/free_1/Library/Mobile Documents/iCloud~md~obsidian/Documents/cpp-checker/branch_3/artifacts/lca_tree_stress_v5/strong_gate_cf_exact_check/runs/correctness_fuzz/chain_unary/n1024/seed5_L1_Q1
correctness_fuzz,star_pairs,64,1,0,0,1,0,0,1,0.010922,1552,/Users/free_1/Library/Mobile Documents/iCloud~md~obsidian/Documents/cpp-checker/branch_3/artifacts/lca_tree_stress_v5/strong_gate_cf_exact_check/runs/correctness_fuzz/star_pairs/n64/seed1_L0_Q0
correctness_fuzz,star_pairs,64,1,0,1,1,0,0,1,0.013603,1552,/Users/free_1/Library/Mobile Documents/iCloud~md~obsidian/Documents/cpp-checker/branch_3/artifacts/lca_tree_stress_v5/strong_gate_cf_exact_check/runs/correctness_fuzz/star_pairs/n64/seed1_L0_Q1
correctness_fuzz,star_pairs,64,1,1,0,1,0,0,1,0.010087,1552,/Users/free_1/Library/Mobile Documents/iCloud~md~obsidian/Documents/cpp-checker/branch_3/artifacts/lca_tree_stress_v5/strong_gate_cf_exact_check/runs/correctness_fuzz/star_pairs/n64/seed1_L1_Q0
correctness_fuzz,star_pairs,64,1,1,1,1,0,0,1,0.014140,1552,/Users/free_1/Library/Mobile Documents/iCloud~md~obsidian/Documents/cpp-checker/branch_3/artifacts/lca_tree_stress_v5/strong_gate_cf_exact_check/runs/correctness_fuzz/star_pairs/n64/seed1_L1_Q1
correctness_fuzz,star_pairs,64,2,0,0,1,0,0,1,0.015054,1552,/Users/free_1/Library/Mobile Documents/iCloud~md~obsidian/Documents/cpp-checker/branch_3/artifacts/lca_tree_stress_v5/strong_gate_cf_exact_check/runs/correctness_fuzz/star_pairs/n64/seed2_L0_Q0
correctness_fuzz,star_pairs,64,2,0,1,1,0,0,1,0.015059,1552,/Users/free_1/Library/Mobile Documents/iCloud~md~obsidian/Documents/cpp-checker/branch_3/artifacts/lca_tree_stress_v5/strong_gate_cf_exact_check/runs/correctness_fuzz/star_pairs/n64/seed2_L0_Q1
correctness_fuzz,star_pairs,64,2,1,0,1,0,0,1,0.015058,1552,/Users/free_1/Library/Mobile Documents/iCloud~md~obsidian/Documents/cpp-checker/branch_3/artifacts/lca_tree_stress_v5/strong_gate_cf_exact_check/runs/correctness_fuzz/star_pairs/n64/seed2_L1_Q0
correctness_fuzz,star_pairs,64,2,1,1,1,0,0,1,0.014990,1552,/Users/free_1/Library/Mobile Documents/iCloud~md~obsidian/Documents/cpp-checker/branch_3/artifacts/lca_tree_stress_v5/strong_gate_cf_exact_check/runs/correctness_fuzz/star_pairs/n64/seed2_L1_Q1
correctness_fuzz,star_pairs,64,3,0,0,1,0,0,1,0.015057,1552,/Users/free_1/Library/Mobile Documents/iCloud~md~obsidian/Documents/cpp-checker/branch_3/artifacts/lca_tree_stress_v5/strong_gate_cf_exact_check/runs/correctness_fuzz/star_pairs/n64/seed3_L0_Q0
correctness_fuzz,star_pairs,64,3,0,1,1,0,0,1,0.012159,1552,/Users/free_1/Library/Mobile Documents/iCloud~md~obsidian/Documents/cpp-checker/branch_3/artifacts/lca_tree_stress_v5/strong_gate_cf_exact_check/runs/correctness_fuzz/star_pairs/n64/seed3_L0_Q1
correctness_fuzz,star_pairs,64,3,1,0,1,0,0,1,0.015079,1552,/Users/free_1/Library/Mobile Documents/iCloud~md~obsidian/Documents/cpp-checker/branch_3/artifacts/lca_tree_stress_v5/strong_gate_cf_exact_check/runs/correctness_fuzz/star_pairs/n64/seed3_L1_Q0
correctness_fuzz,star_pairs,64,3,1,1,1,0,0,1,0.012109,1552,/Users/free_1/Library/Mobile Documents/iCloud~md~obsidian/Documents/cpp-checker/branch_3/artifacts/lca_tree_stress_v5/strong_gate_cf_exact_check/runs/correctness_fuzz/star_pairs/n64/seed3_L1_Q1
correctness_fuzz,star_pairs,64,4,0,0,1,0,0,1,0.013217,1552,/Users/free_1/Library/Mobile Documents/iCloud~md~obsidian/Documents/cpp-checker/branch_3/artifacts/lca_tree_stress_v5/strong_gate_cf_exact_check/runs/correctness_fuzz/star_pairs/n64/seed4_L0_Q0
correctness_fuzz,star_pairs,64,4,0,1,1,0,0,1,0.013001,1552,/Users/free_1/Library/Mobile Documents/iCloud~md~obsidian/Documents/cpp-checker/branch_3/artifacts/lca_tree_stress_v5/strong_gate_cf_exact_check/runs/correctness_fuzz/star_pairs/n64/seed4_L0_Q1
correctness_fuzz,star_pairs,64,4,1,0,1,0,0,1,0.011827,1552,/Users/free_1/Library/Mobile Documents/iCloud~md~obsidian/Documents/cpp-checker/branch_3/artifacts/lca_tree_stress_v5/strong_gate_cf_exact_check/runs/correctness_fuzz/star_pairs/n64/seed4_L1_Q0
correctness_fuzz,star_pairs,64,4,1,1,1,0,0,1,0.012805,1552,/Users/free_1/Library/Mobile Documents/iCloud~md~obsidian/Documents/cpp-checker/branch_3/artifacts/lca_tree_stress_v5/strong_gate_cf_exact_check/runs/correctness_fuzz/star_pairs/n64/seed4_L1_Q1
correctness_fuzz,star_pairs,64,5,0,0,1,0,0,1,0.013912,1552,/Users/free_1/Library/Mobile Documents/iCloud~md~obsidian/Documents/cpp-checker/branch_3/artifacts/lca_tree_stress_v5/strong_gate_cf_exact_check/runs/correctness_fuzz/star_pairs/n64/seed5_L0_Q0
correctness_fuzz,star_pairs,64,5,0,1,1,0,0,1,0.011877,1552,/Users/free_1/Library/Mobile Documents/iCloud~md~obsidian/Documents/cpp-checker/branch_3/artifacts/lca_tree_stress_v5/strong_gate_cf_exact_check/runs/correctness_fuzz/star_pairs/n64/seed5_L0_Q1
correctness_fuzz,star_pairs,64,5,1,0,1,0,0,1,0.015060,1552,/Users/free_1/Library/Mobile Documents/iCloud~md~obsidian/Documents/cpp-checker/branch_3/artifacts/lca_tree_stress_v5/strong_gate_cf_exact_check/runs/correctness_fuzz/star_pairs/n64/seed5_L1_Q0
correctness_fuzz,star_pairs,64,5,1,1,1,0,0,1,0.015063,1552,/Users/free_1/Library/Mobile Documents/iCloud~md~obsidian/Documents/cpp-checker/branch_3/artifacts/lca_tree_stress_v5/strong_gate_cf_exact_check/runs/correctness_fuzz/star_pairs/n64/seed5_L1_Q1
correctness_fuzz,star_pairs,128,1,0,0,1,0,0,1,0.011495,1936,/Users/free_1/Library/Mobile Documents/iCloud~md~obsidian/Documents/cpp-checker/branch_3/artifacts/lca_tree_stress_v5/strong_gate_cf_exact_check/runs/correctness_fuzz/star_pairs/n128/seed1_L0_Q0
correctness_fuzz,star_pairs,128,1,0,1,1,0,0,1,0.013861,1936,/Users/free_1/Library/Mobile Documents/iCloud~md~obsidian/Documents/cpp-checker/branch_3/artifacts/lca_tree_stress_v5/strong_gate_cf_exact_check/runs/correctness_fuzz/star_pairs/n128/seed1_L0_Q1
correctness_fuzz,star_pairs,128,1,1,0,1,0,0,1,0.011283,1936,/Users/free_1/Library/Mobile Documents/iCloud~md~obsidian/Documents/cpp-checker/branch_3/artifacts/lca_tree_stress_v5/strong_gate_cf_exact_check/runs/correctness_fuzz/star_pairs/n128/seed1_L1_Q0
correctness_fuzz,star_pairs,128,1,1,1,1,0,0,1,0.014769,1904,/Users/free_1/Library/Mobile Documents/iCloud~md~obsidian/Documents/cpp-checker/branch_3/artifacts/lca_tree_stress_v5/strong_gate_cf_exact_check/runs/correctness_fuzz/star_pairs/n128/seed1_L1_Q1
correctness_fuzz,star_pairs,128,2,0,0,1,0,0,1,0.015061,1936,/Users/free_1/Library/Mobile Documents/iCloud~md~obsidian/Documents/cpp-checker/branch_3/artifacts/lca_tree_stress_v5/strong_gate_cf_exact_check/runs/correctness_fuzz/star_pairs/n128/seed2_L0_Q0
correctness_fuzz,star_pairs,128,2,0,1,1,0,0,1,0.012167,1936,/Users/free_1/Library/Mobile Documents/iCloud~md~obsidian/Documents/cpp-checker/branch_3/artifacts/lca_tree_stress_v5/strong_gate_cf_exact_check/runs/correctness_fuzz/star_pairs/n128/seed2_L0_Q1
correctness_fuzz,star_pairs,128,2,1,0,1,0,0,1,0.011459,1904,/Users/free_1/Library/Mobile Documents/iCloud~md~obsidian/Documents/cpp-checker/branch_3/artifacts/lca_tree_stress_v5/strong_gate_cf_exact_check/runs/correctness_fuzz/star_pairs/n128/seed2_L1_Q0
correctness_fuzz,star_pairs,128,2,1,1,1,0,0,1,0.011327,1904,/Users/free_1/Library/Mobile Documents/iCloud~md~obsidian/Documents/cpp-checker/branch_3/artifacts/lca_tree_stress_v5/strong_gate_cf_exact_check/runs/correctness_fuzz/star_pairs/n128/seed2_L1_Q1
correctness_fuzz,star_pairs,128,3,0,0,1,0,0,1,0.010683,1904,/Users/free_1/Library/Mobile Documents/iCloud~md~obsidian/Documents/cpp-checker/branch_3/artifacts/lca_tree_stress_v5/strong_gate_cf_exact_check/runs/correctness_fuzz/star_pairs/n128/seed3_L0_Q0
correctness_fuzz,star_pairs,128,3,0,1,1,0,0,1,0.010432,1904,/Users/free_1/Library/Mobile Documents/iCloud~md~obsidian/Documents/cpp-checker/branch_3/artifacts/lca_tree_stress_v5/strong_gate_cf_exact_check/runs/correctness_fuzz/star_pairs/n128/seed3_L0_Q1
correctness_fuzz,star_pairs,128,3,1,0,1,0,0,1,0.011534,1904,/Users/free_1/Library/Mobile Documents/iCloud~md~obsidian/Documents/cpp-checker/branch_3/artifacts/lca_tree_stress_v5/strong_gate_cf_exact_check/runs/correctness_fuzz/star_pairs/n128/seed3_L1_Q0
correctness_fuzz,star_pairs,128,3,1,1,1,0,0,1,0.015055,1920,/Users/free_1/Library/Mobile Documents/iCloud~md~obsidian/Documents/cpp-checker/branch_3/artifacts/lca_tree_stress_v5/strong_gate_cf_exact_check/runs/correctness_fuzz/star_pairs/n128/seed3_L1_Q1
correctness_fuzz,star_pairs,128,4,0,0,1,0,0,1,0.011186,1936,/Users/free_1/Library/Mobile Documents/iCloud~md~obsidian/Documents/cpp-checker/branch_3/artifacts/lca_tree_stress_v5/strong_gate_cf_exact_check/runs/correctness_fuzz/star_pairs/n128/seed4_L0_Q0
correctness_fuzz,star_pairs,128,4,0,1,1,0,0,1,0.015062,1936,/Users/free_1/Library/Mobile Documents/iCloud~md~obsidian/Documents/cpp-checker/branch_3/artifacts/lca_tree_stress_v5/strong_gate_cf_exact_check/runs/correctness_fuzz/star_pairs/n128/seed4_L0_Q1
correctness_fuzz,star_pairs,128,4,1,0,1,0,0,1,0.012200,1920,/Users/free_1/Library/Mobile Documents/iCloud~md~obsidian/Documents/cpp-checker/branch_3/artifacts/lca_tree_stress_v5/strong_gate_cf_exact_check/runs/correctness_fuzz/star_pairs/n128/seed4_L1_Q0
correctness_fuzz,star_pairs,128,4,1,1,1,0,0,1,0.015060,1936,/Users/free_1/Library/Mobile Documents/iCloud~md~obsidian/Documents/cpp-checker/branch_3/artifacts/lca_tree_stress_v5/strong_gate_cf_exact_check/runs/correctness_fuzz/star_pairs/n128/seed4_L1_Q1
correctness_fuzz,star_pairs,128,5,0,0,1,0,0,1,0.010703,1920,/Users/free_1/Library/Mobile Documents/iCloud~md~obsidian/Documents/cpp-checker/branch_3/artifacts/lca_tree_stress_v5/strong_gate_cf_exact_check/runs/correctness_fuzz/star_pairs/n128/seed5_L0_Q0
correctness_fuzz,star_pairs,128,5,0,1,1,0,0,1,0.015086,1936,/Users/free_1/Library/Mobile Documents/iCloud~md~obsidian/Documents/cpp-checker/branch_3/artifacts/lca_tree_stress_v5/strong_gate_cf_exact_check/runs/correctness_fuzz/star_pairs/n128/seed5_L0_Q1
correctness_fuzz,star_pairs,128,5,1,0,1,0,0,1,0.015093,1936,/Users/free_1/Library/Mobile Documents/iCloud~md~obsidian/Documents/cpp-checker/branch_3/artifacts/lca_tree_stress_v5/strong_gate_cf_exact_check/runs/correctness_fuzz/star_pairs/n128/seed5_L1_Q0
correctness_fuzz,star_pairs,128,5,1,1,1,0,0,1,0.013905,1952,/Users/free_1/Library/Mobile Documents/iCloud~md~obsidian/Documents/cpp-checker/branch_3/artifacts/lca_tree_stress_v5/strong_gate_cf_exact_check/runs/correctness_fuzz/star_pairs/n128/seed5_L1_Q1
correctness_fuzz,star_pairs,256,1,0,0,1,0,0,1,0.014347,3312,/Users/free_1/Library/Mobile Documents/iCloud~md~obsidian/Documents/cpp-checker/branch_3/artifacts/lca_tree_stress_v5/strong_gate_cf_exact_check/runs/correctness_fuzz/star_pairs/n256/seed1_L0_Q0
correctness_fuzz,star_pairs,256,1,0,1,1,0,0,1,0.014406,3312,/Users/free_1/Library/Mobile Documents/iCloud~md~obsidian/Documents/cpp-checker/branch_3/artifacts/lca_tree_stress_v5/strong_gate_cf_exact_check/runs/correctness_fuzz/star_pairs/n256/seed1_L0_Q1
correctness_fuzz,star_pairs,256,1,1,0,1,0,0,1,0.012304,3344,/Users/free_1/Library/Mobile Documents/iCloud~md~obsidian/Documents/cpp-checker/branch_3/artifacts/lca_tree_stress_v5/strong_gate_cf_exact_check/runs/correctness_fuzz/star_pairs/n256/seed1_L1_Q0
correctness_fuzz,star_pairs,256,1,1,1,1,0,0,1,0.015075,3312,/Users/free_1/Library/Mobile Documents/iCloud~md~obsidian/Documents/cpp-checker/branch_3/artifacts/lca_tree_stress_v5/strong_gate_cf_exact_check/runs/correctness_fuzz/star_pairs/n256/seed1_L1_Q1
correctness_fuzz,star_pairs,256,2,0,0,1,0,0,1,0.012299,3312,/Users/free_1/Library/Mobile Documents/iCloud~md~obsidian/Documents/cpp-checker/branch_3/artifacts/lca_tree_stress_v5/strong_gate_cf_exact_check/runs/correctness_fuzz/star_pairs/n256/seed2_L0_Q0
correctness_fuzz,star_pairs,256,2,0,1,1,0,0,1,0.011593,3312,/Users/free_1/Library/Mobile Documents/iCloud~md~obsidian/Documents/cpp-checker/branch_3/artifacts/lca_tree_stress_v5/strong_gate_cf_exact_check/runs/correctness_fuzz/star_pairs/n256/seed2_L0_Q1
correctness_fuzz,star_pairs,256,2,1,0,1,0,0,1,0.015024,3328,/Users/free_1/Library/Mobile Documents/iCloud~md~obsidian/Documents/cpp-checker/branch_3/artifacts/lca_tree_stress_v5/strong_gate_cf_exact_check/runs/correctness_fuzz/star_pairs/n256/seed2_L1_Q0
correctness_fuzz,star_pairs,256,2,1,1,1,0,0,1,0.015067,3312,/Users/free_1/Library/Mobile Documents/iCloud~md~obsidian/Documents/cpp-checker/branch_3/artifacts/lca_tree_stress_v5/strong_gate_cf_exact_check/runs/correctness_fuzz/star_pairs/n256/seed2_L1_Q1
correctness_fuzz,star_pairs,256,3,0,0,1,0,0,1,0.011584,3312,/Users/free_1/Library/Mobile Documents/iCloud~md~obsidian/Documents/cpp-checker/branch_3/artifacts/lca_tree_stress_v5/strong_gate_cf_exact_check/runs/correctness_fuzz/star_pairs/n256/seed3_L0_Q0
correctness_fuzz,star_pairs,256,3,0,1,1,0,0,1,0.015065,3344,/Users/free_1/Library/Mobile Documents/iCloud~md~obsidian/Documents/cpp-checker/branch_3/artifacts/lca_tree_stress_v5/strong_gate_cf_exact_check/runs/correctness_fuzz/star_pairs/n256/seed3_L0_Q1
correctness_fuzz,star_pairs,256,3,1,0,1,0,0,1,0.013081,3328,/Users/free_1/Library/Mobile Documents/iCloud~md~obsidian/Documents/cpp-checker/branch_3/artifacts/lca_tree_stress_v5/strong_gate_cf_exact_check/runs/correctness_fuzz/star_pairs/n256/seed3_L1_Q0
correctness_fuzz,star_pairs,256,3,1,1,1,0,0,1,0.011121,3312,/Users/free_1/Library/Mobile Documents/iCloud~md~obsidian/Documents/cpp-checker/branch_3/artifacts/lca_tree_stress_v5/strong_gate_cf_exact_check/runs/correctness_fuzz/star_pairs/n256/seed3_L1_Q1
correctness_fuzz,star_pairs,256,4,0,0,1,0,0,1,0.015058,3344,/Users/free_1/Library/Mobile Documents/iCloud~md~obsidian/Documents/cpp-checker/branch_3/artifacts/lca_tree_stress_v5/strong_gate_cf_exact_check/runs/correctness_fuzz/star_pairs/n256/seed4_L0_Q0
correctness_fuzz,star_pairs,256,4,0,1,1,0,0,1,0.011020,3312,/Users/free_1/Library/Mobile Documents/iCloud~md~obsidian/Documents/cpp-checker/branch_3/artifacts/lca_tree_stress_v5/strong_gate_cf_exact_check/runs/correctness_fuzz/star_pairs/n256/seed4_L0_Q1
correctness_fuzz,star_pairs,256,4,1,0,1,0,0,1,0.015061,3328,/Users/free_1/Library/Mobile Documents/iCloud~md~obsidian/Documents/cpp-checker/branch_3/artifacts/lca_tree_stress_v5/strong_gate_cf_exact_check/runs/correctness_fuzz/star_pairs/n256/seed4_L1_Q0
correctness_fuzz,star_pairs,256,4,1,1,1,0,0,1,0.015054,3344,/Users/free_1/Library/Mobile Documents/iCloud~md~obsidian/Documents/cpp-checker/branch_3/artifacts/lca_tree_stress_v5/strong_gate_cf_exact_check/runs/correctness_fuzz/star_pairs/n256/seed4_L1_Q1
correctness_fuzz,star_pairs,256,5,0,0,1,0,0,1,0.015055,3312,/Users/free_1/Library/Mobile Documents/iCloud~md~obsidian/Documents/cpp-checker/branch_3/artifacts/lca_tree_stress_v5/strong_gate_cf_exact_check/runs/correctness_fuzz/star_pairs/n256/seed5_L0_Q0
correctness_fuzz,star_pairs,256,5,0,1,1,0,0,1,0.015071,3344,/Users/free_1/Library/Mobile Documents/iCloud~md~obsidian/Documents/cpp-checker/branch_3/artifacts/lca_tree_stress_v5/strong_gate_cf_exact_check/runs/correctness_fuzz/star_pairs/n256/seed5_L0_Q1
correctness_fuzz,star_pairs,256,5,1,0,1,0,0,1,0.015057,3312,/Users/free_1/Library/Mobile Documents/iCloud~md~obsidian/Documents/cpp-checker/branch_3/artifacts/lca_tree_stress_v5/strong_gate_cf_exact_check/runs/correctness_fuzz/star_pairs/n256/seed5_L1_Q0
correctness_fuzz,star_pairs,256,5,1,1,1,0,0,1,0.015054,3312,/Users/free_1/Library/Mobile Documents/iCloud~md~obsidian/Documents/cpp-checker/branch_3/artifacts/lca_tree_stress_v5/strong_gate_cf_exact_check/runs/correctness_fuzz/star_pairs/n256/seed5_L1_Q1
correctness_fuzz,star_pairs,512,1,0,0,1,0,0,1,0.012498,7168,/Users/free_1/Library/Mobile Documents/iCloud~md~obsidian/Documents/cpp-checker/branch_3/artifacts/lca_tree_stress_v5/strong_gate_cf_exact_check/runs/correctness_fuzz/star_pairs/n512/seed1_L0_Q0
correctness_fuzz,star_pairs,512,1,0,1,1,0,0,1,0.015061,7168,/Users/free_1/Library/Mobile Documents/iCloud~md~obsidian/Documents/cpp-checker/branch_3/artifacts/lca_tree_stress_v5/strong_gate_cf_exact_check/runs/correctness_fuzz/star_pairs/n512/seed1_L0_Q1
correctness_fuzz,star_pairs,512,1,1,0,1,0,0,1,0.015053,7184,/Users/free_1/Library/Mobile Documents/iCloud~md~obsidian/Documents/cpp-checker/branch_3/artifacts/lca_tree_stress_v5/strong_gate_cf_exact_check/runs/correctness_fuzz/star_pairs/n512/seed1_L1_Q0
correctness_fuzz,star_pairs,512,1,1,1,1,0,0,1,0.013014,7184,/Users/free_1/Library/Mobile Documents/iCloud~md~obsidian/Documents/cpp-checker/branch_3/artifacts/lca_tree_stress_v5/strong_gate_cf_exact_check/runs/correctness_fuzz/star_pairs/n512/seed1_L1_Q1
correctness_fuzz,star_pairs,512,2,0,0,1,0,0,1,0.012226,7168,/Users/free_1/Library/Mobile Documents/iCloud~md~obsidian/Documents/cpp-checker/branch_3/artifacts/lca_tree_stress_v5/strong_gate_cf_exact_check/runs/correctness_fuzz/star_pairs/n512/seed2_L0_Q0
correctness_fuzz,star_pairs,512,2,0,1,1,0,0,1,0.015053,7168,/Users/free_1/Library/Mobile Documents/iCloud~md~obsidian/Documents/cpp-checker/branch_3/artifacts/lca_tree_stress_v5/strong_gate_cf_exact_check/runs/correctness_fuzz/star_pairs/n512/seed2_L0_Q1
correctness_fuzz,star_pairs,512,2,1,0,1,0,0,1,0.015074,7184,/Users/free_1/Library/Mobile Documents/iCloud~md~obsidian/Documents/cpp-checker/branch_3/artifacts/lca_tree_stress_v5/strong_gate_cf_exact_check/runs/correctness_fuzz/star_pairs/n512/seed2_L1_Q0
correctness_fuzz,star_pairs,512,2,1,1,1,0,0,1,0.013933,7184,/Users/free_1/Library/Mobile Documents/iCloud~md~obsidian/Documents/cpp-checker/branch_3/artifacts/lca_tree_stress_v5/strong_gate_cf_exact_check/runs/correctness_fuzz/star_pairs/n512/seed2_L1_Q1
correctness_fuzz,star_pairs,512,3,0,0,1,0,0,1,0.011062,7168,/Users/free_1/Library/Mobile Documents/iCloud~md~obsidian/Documents/cpp-checker/branch_3/artifacts/lca_tree_stress_v5/strong_gate_cf_exact_check/runs/correctness_fuzz/star_pairs/n512/seed3_L0_Q0
correctness_fuzz,star_pairs,512,3,0,1,1,0,0,1,0.015059,7168,/Users/free_1/Library/Mobile Documents/iCloud~md~obsidian/Documents/cpp-checker/branch_3/artifacts/lca_tree_stress_v5/strong_gate_cf_exact_check/runs/correctness_fuzz/star_pairs/n512/seed3_L0_Q1
correctness_fuzz,star_pairs,512,3,1,0,1,0,0,1,0.011814,7184,/Users/free_1/Library/Mobile Documents/iCloud~md~obsidian/Documents/cpp-checker/branch_3/artifacts/lca_tree_stress_v5/strong_gate_cf_exact_check/runs/correctness_fuzz/star_pairs/n512/seed3_L1_Q0
correctness_fuzz,star_pairs,512,3,1,1,1,0,0,1,0.010877,7184,/Users/free_1/Library/Mobile Documents/iCloud~md~obsidian/Documents/cpp-checker/branch_3/artifacts/lca_tree_stress_v5/strong_gate_cf_exact_check/runs/correctness_fuzz/star_pairs/n512/seed3_L1_Q1
correctness_fuzz,star_pairs,512,4,0,0,1,0,0,1,0.013475,7168,/Users/free_1/Library/Mobile Documents/iCloud~md~obsidian/Documents/cpp-checker/branch_3/artifacts/lca_tree_stress_v5/strong_gate_cf_exact_check/runs/correctness_fuzz/star_pairs/n512/seed4_L0_Q0
correctness_fuzz,star_pairs,512,4,0,1,1,0,0,1,0.015157,7168,/Users/free_1/Library/Mobile Documents/iCloud~md~obsidian/Documents/cpp-checker/branch_3/artifacts/lca_tree_stress_v5/strong_gate_cf_exact_check/runs/correctness_fuzz/star_pairs/n512/seed4_L0_Q1
correctness_fuzz,star_pairs,512,4,1,0,1,0,0,1,0.011442,7184,/Users/free_1/Library/Mobile Documents/iCloud~md~obsidian/Documents/cpp-checker/branch_3/artifacts/lca_tree_stress_v5/strong_gate_cf_exact_check/runs/correctness_fuzz/star_pairs/n512/seed4_L1_Q0
correctness_fuzz,star_pairs,512,4,1,1,1,0,0,1,0.015068,7184,/Users/free_1/Library/Mobile Documents/iCloud~md~obsidian/Documents/cpp-checker/branch_3/artifacts/lca_tree_stress_v5/strong_gate_cf_exact_check/runs/correctness_fuzz/star_pairs/n512/seed4_L1_Q1
correctness_fuzz,star_pairs,512,5,0,0,1,0,0,1,0.010293,7168,/Users/free_1/Library/Mobile Documents/iCloud~md~obsidian/Documents/cpp-checker/branch_3/artifacts/lca_tree_stress_v5/strong_gate_cf_exact_check/runs/correctness_fuzz/star_pairs/n512/seed5_L0_Q0
correctness_fuzz,star_pairs,512,5,0,1,1,0,0,1,0.012640,7168,/Users/free_1/Library/Mobile Documents/iCloud~md~obsidian/Documents/cpp-checker/branch_3/artifacts/lca_tree_stress_v5/strong_gate_cf_exact_check/runs/correctness_fuzz/star_pairs/n512/seed5_L0_Q1
correctness_fuzz,star_pairs,512,5,1,0,1,0,0,1,0.013549,7184,/Users/free_1/Library/Mobile Documents/iCloud~md~obsidian/Documents/cpp-checker/branch_3/artifacts/lca_tree_stress_v5/strong_gate_cf_exact_check/runs/correctness_fuzz/star_pairs/n512/seed5_L1_Q0
correctness_fuzz,star_pairs,512,5,1,1,1,0,0,1,0.015075,7184,/Users/free_1/Library/Mobile Documents/iCloud~md~obsidian/Documents/cpp-checker/branch_3/artifacts/lca_tree_stress_v5/strong_gate_cf_exact_check/runs/correctness_fuzz/star_pairs/n512/seed5_L1_Q1
correctness_fuzz,star_pairs,1024,1,0,0,1,0,0,1,0.011153,7168,/Users/free_1/Library/Mobile Documents/iCloud~md~obsidian/Documents/cpp-checker/branch_3/artifacts/lca_tree_stress_v5/strong_gate_cf_exact_check/runs/correctness_fuzz/star_pairs/n1024/seed1_L0_Q0
correctness_fuzz,star_pairs,1024,1,0,1,1,0,0,1,0.011962,7168,/Users/free_1/Library/Mobile Documents/iCloud~md~obsidian/Documents/cpp-checker/branch_3/artifacts/lca_tree_stress_v5/strong_gate_cf_exact_check/runs/correctness_fuzz/star_pairs/n1024/seed1_L0_Q1
correctness_fuzz,star_pairs,1024,1,1,0,1,0,0,1,0.011156,7280,/Users/free_1/Library/Mobile Documents/iCloud~md~obsidian/Documents/cpp-checker/branch_3/artifacts/lca_tree_stress_v5/strong_gate_cf_exact_check/runs/correctness_fuzz/star_pairs/n1024/seed1_L1_Q0
correctness_fuzz,star_pairs,1024,1,1,1,1,0,0,1,0.010868,7264,/Users/free_1/Library/Mobile Documents/iCloud~md~obsidian/Documents/cpp-checker/branch_3/artifacts/lca_tree_stress_v5/strong_gate_cf_exact_check/runs/correctness_fuzz/star_pairs/n1024/seed1_L1_Q1
correctness_fuzz,star_pairs,1024,2,0,0,1,0,0,1,0.012993,7168,/Users/free_1/Library/Mobile Documents/iCloud~md~obsidian/Documents/cpp-checker/branch_3/artifacts/lca_tree_stress_v5/strong_gate_cf_exact_check/runs/correctness_fuzz/star_pairs/n1024/seed2_L0_Q0
correctness_fuzz,star_pairs,1024,2,0,1,1,0,0,1,0.013379,7184,/Users/free_1/Library/Mobile Documents/iCloud~md~obsidian/Documents/cpp-checker/branch_3/artifacts/lca_tree_stress_v5/strong_gate_cf_exact_check/runs/correctness_fuzz/star_pairs/n1024/seed2_L0_Q1
correctness_fuzz,star_pairs,1024,2,1,0,1,0,0,1,0.011731,7280,/Users/free_1/Library/Mobile Documents/iCloud~md~obsidian/Documents/cpp-checker/branch_3/artifacts/lca_tree_stress_v5/strong_gate_cf_exact_check/runs/correctness_fuzz/star_pairs/n1024/seed2_L1_Q0
correctness_fuzz,star_pairs,1024,2,1,1,1,0,0,1,0.015079,7264,/Users/free_1/Library/Mobile Documents/iCloud~md~obsidian/Documents/cpp-checker/branch_3/artifacts/lca_tree_stress_v5/strong_gate_cf_exact_check/runs/correctness_fuzz/star_pairs/n1024/seed2_L1_Q1
correctness_fuzz,star_pairs,1024,3,0,0,1,0,0,1,0.014522,7168,/Users/free_1/Library/Mobile Documents/iCloud~md~obsidian/Documents/cpp-checker/branch_3/artifacts/lca_tree_stress_v5/strong_gate_cf_exact_check/runs/correctness_fuzz/star_pairs/n1024/seed3_L0_Q0
correctness_fuzz,star_pairs,1024,3,0,1,1,0,0,1,0.013822,7184,/Users/free_1/Library/Mobile Documents/iCloud~md~obsidian/Documents/cpp-checker/branch_3/artifacts/lca_tree_stress_v5/strong_gate_cf_exact_check/runs/correctness_fuzz/star_pairs/n1024/seed3_L0_Q1
correctness_fuzz,star_pairs,1024,3,1,0,1,0,0,1,0.013373,7280,/Users/free_1/Library/Mobile Documents/iCloud~md~obsidian/Documents/cpp-checker/branch_3/artifacts/lca_tree_stress_v5/strong_gate_cf_exact_check/runs/correctness_fuzz/star_pairs/n1024/seed3_L1_Q0
correctness_fuzz,star_pairs,1024,3,1,1,1,0,0,1,0.010606,7280,/Users/free_1/Library/Mobile Documents/iCloud~md~obsidian/Documents/cpp-checker/branch_3/artifacts/lca_tree_stress_v5/strong_gate_cf_exact_check/runs/correctness_fuzz/star_pairs/n1024/seed3_L1_Q1
correctness_fuzz,star_pairs,1024,4,0,0,1,0,0,1,0.010911,7168,/Users/free_1/Library/Mobile Documents/iCloud~md~obsidian/Documents/cpp-checker/branch_3/artifacts/lca_tree_stress_v5/strong_gate_cf_exact_check/runs/correctness_fuzz/star_pairs/n1024/seed4_L0_Q0
correctness_fuzz,star_pairs,1024,4,0,1,1,0,0,1,0.012560,7152,/Users/free_1/Library/Mobile Documents/iCloud~md~obsidian/Documents/cpp-checker/branch_3/artifacts/lca_tree_stress_v5/strong_gate_cf_exact_check/runs/correctness_fuzz/star_pairs/n1024/seed4_L0_Q1
correctness_fuzz,star_pairs,1024,4,1,0,1,0,0,1,0.011842,7248,/Users/free_1/Library/Mobile Documents/iCloud~md~obsidian/Documents/cpp-checker/branch_3/artifacts/lca_tree_stress_v5/strong_gate_cf_exact_check/runs/correctness_fuzz/star_pairs/n1024/seed4_L1_Q0
correctness_fuzz,star_pairs,1024,4,1,1,1,0,0,1,0.011675,7248,/Users/free_1/Library/Mobile Documents/iCloud~md~obsidian/Documents/cpp-checker/branch_3/artifacts/lca_tree_stress_v5/strong_gate_cf_exact_check/runs/correctness_fuzz/star_pairs/n1024/seed4_L1_Q1
correctness_fuzz,star_pairs,1024,5,0,0,1,0,0,1,0.012560,7136,/Users/free_1/Library/Mobile Documents/iCloud~md~obsidian/Documents/cpp-checker/branch_3/artifacts/lca_tree_stress_v5/strong_gate_cf_exact_check/runs/correctness_fuzz/star_pairs/n1024/seed5_L0_Q0
correctness_fuzz,star_pairs,1024,5,0,1,1,0,0,1,0.012588,7184,/Users/free_1/Library/Mobile Documents/iCloud~md~obsidian/Documents/cpp-checker/branch_3/artifacts/lca_tree_stress_v5/strong_gate_cf_exact_check/runs/correctness_fuzz/star_pairs/n1024/seed5_L0_Q1
correctness_fuzz,star_pairs,1024,5,1,0,1,0,0,1,0.012589,7248,/Users/free_1/Library/Mobile Documents/iCloud~md~obsidian/Documents/cpp-checker/branch_3/artifacts/lca_tree_stress_v5/strong_gate_cf_exact_check/runs/correctness_fuzz/star_pairs/n1024/seed5_L1_Q0
correctness_fuzz,star_pairs,1024,5,1,1,1,0,0,1,0.012228,7248,/Users/free_1/Library/Mobile Documents/iCloud~md~obsidian/Documents/cpp-checker/branch_3/artifacts/lca_tree_stress_v5/strong_gate_cf_exact_check/runs/correctness_fuzz/star_pairs/n1024/seed5_L1_Q1
correctness_fuzz,balanced_dense,64,1,0,0,1,0,0,1,0.011094,1584,/Users/free_1/Library/Mobile Documents/iCloud~md~obsidian/Documents/cpp-checker/branch_3/artifacts/lca_tree_stress_v5/strong_gate_cf_exact_check/runs/correctness_fuzz/balanced_dense/n64/seed1_L0_Q0
correctness_fuzz,balanced_dense,64,1,0,1,1,0,0,1,0.012563,1568,/Users/free_1/Library/Mobile Documents/iCloud~md~obsidian/Documents/cpp-checker/branch_3/artifacts/lca_tree_stress_v5/strong_gate_cf_exact_check/runs/correctness_fuzz/balanced_dense/n64/seed1_L0_Q1
correctness_fuzz,balanced_dense,64,1,1,0,1,0,0,1,0.012553,1616,/Users/free_1/Library/Mobile Documents/iCloud~md~obsidian/Documents/cpp-checker/branch_3/artifacts/lca_tree_stress_v5/strong_gate_cf_exact_check/runs/correctness_fuzz/balanced_dense/n64/seed1_L1_Q0
correctness_fuzz,balanced_dense,64,1,1,1,1,0,0,1,0.012569,1600,/Users/free_1/Library/Mobile Documents/iCloud~md~obsidian/Documents/cpp-checker/branch_3/artifacts/lca_tree_stress_v5/strong_gate_cf_exact_check/runs/correctness_fuzz/balanced_dense/n64/seed1_L1_Q1
correctness_fuzz,balanced_dense,64,2,0,0,1,0,0,1,0.012556,1600,/Users/free_1/Library/Mobile Documents/iCloud~md~obsidian/Documents/cpp-checker/branch_3/artifacts/lca_tree_stress_v5/strong_gate_cf_exact_check/runs/correctness_fuzz/balanced_dense/n64/seed2_L0_Q0
correctness_fuzz,balanced_dense,64,2,0,1,1,0,0,1,0.010250,1584,/Users/free_1/Library/Mobile Documents/iCloud~md~obsidian/Documents/cpp-checker/branch_3/artifacts/lca_tree_stress_v5/strong_gate_cf_exact_check/runs/correctness_fuzz/balanced_dense/n64/seed2_L0_Q1
correctness_fuzz,balanced_dense,64,2,1,0,1,0,0,1,0.012554,1584,/Users/free_1/Library/Mobile Documents/iCloud~md~obsidian/Documents/cpp-checker/branch_3/artifacts/lca_tree_stress_v5/strong_gate_cf_exact_check/runs/correctness_fuzz/balanced_dense/n64/seed2_L1_Q0
correctness_fuzz,balanced_dense,64,2,1,1,1,0,0,1,0.012558,1552,/Users/free_1/Library/Mobile Documents/iCloud~md~obsidian/Documents/cpp-checker/branch_3/artifacts/lca_tree_stress_v5/strong_gate_cf_exact_check/runs/correctness_fuzz/balanced_dense/n64/seed2_L1_Q1
correctness_fuzz,balanced_dense,64,3,0,0,1,0,0,1,0.012568,1552,/Users/free_1/Library/Mobile Documents/iCloud~md~obsidian/Documents/cpp-checker/branch_3/artifacts/lca_tree_stress_v5/strong_gate_cf_exact_check/runs/correctness_fuzz/balanced_dense/n64/seed3_L0_Q0
correctness_fuzz,balanced_dense,64,3,0,1,1,0,0,1,0.012090,1584,/Users/free_1/Library/Mobile Documents/iCloud~md~obsidian/Documents/cpp-checker/branch_3/artifacts/lca_tree_stress_v5/strong_gate_cf_exact_check/runs/correctness_fuzz/balanced_dense/n64/seed3_L0_Q1
correctness_fuzz,balanced_dense,64,3,1,0,1,0,0,1,0.011468,1536,/Users/free_1/Library/Mobile Documents/iCloud~md~obsidian/Documents/cpp-checker/branch_3/artifacts/lca_tree_stress_v5/strong_gate_cf_exact_check/runs/correctness_fuzz/balanced_dense/n64/seed3_L1_Q0
correctness_fuzz,balanced_dense,64,3,1,1,1,0,0,1,0.012566,1536,/Users/free_1/Library/Mobile Documents/iCloud~md~obsidian/Documents/cpp-checker/branch_3/artifacts/lca_tree_stress_v5/strong_gate_cf_exact_check/runs/correctness_fuzz/balanced_dense/n64/seed3_L1_Q1
correctness_fuzz,balanced_dense,64,4,0,0,1,0,0,1,0.012557,1600,/Users/free_1/Library/Mobile Documents/iCloud~md~obsidian/Documents/cpp-checker/branch_3/artifacts/lca_tree_stress_v5/strong_gate_cf_exact_check/runs/correctness_fuzz/balanced_dense/n64/seed4_L0_Q0
correctness_fuzz,balanced_dense,64,4,0,1,1,0,0,1,0.012568,1600,/Users/free_1/Library/Mobile Documents/iCloud~md~obsidian/Documents/cpp-checker/branch_3/artifacts/lca_tree_stress_v5/strong_gate_cf_exact_check/runs/correctness_fuzz/balanced_dense/n64/seed4_L0_Q1
correctness_fuzz,balanced_dense,64,4,1,0,1,0,0,1,0.012568,1568,/Users/free_1/Library/Mobile Documents/iCloud~md~obsidian/Documents/cpp-checker/branch_3/artifacts/lca_tree_stress_v5/strong_gate_cf_exact_check/runs/correctness_fuzz/balanced_dense/n64/seed4_L1_Q0
correctness_fuzz,balanced_dense,64,4,1,1,1,0,0,1,0.012555,1568,/Users/free_1/Library/Mobile Documents/iCloud~md~obsidian/Documents/cpp-checker/branch_3/artifacts/lca_tree_stress_v5/strong_gate_cf_exact_check/runs/correctness_fuzz/balanced_dense/n64/seed4_L1_Q1
correctness_fuzz,balanced_dense,64,5,0,0,1,0,0,1,0.012237,1584,/Users/free_1/Library/Mobile Documents/iCloud~md~obsidian/Documents/cpp-checker/branch_3/artifacts/lca_tree_stress_v5/strong_gate_cf_exact_check/runs/correctness_fuzz/balanced_dense/n64/seed5_L0_Q0
correctness_fuzz,balanced_dense,64,5,0,1,1,0,0,1,0.012570,1584,/Users/free_1/Library/Mobile Documents/iCloud~md~obsidian/Documents/cpp-checker/branch_3/artifacts/lca_tree_stress_v5/strong_gate_cf_exact_check/runs/correctness_fuzz/balanced_dense/n64/seed5_L0_Q1
correctness_fuzz,balanced_dense,64,5,1,0,1,0,0,1,0.012554,1552,/Users/free_1/Library/Mobile Documents/iCloud~md~obsidian/Documents/cpp-checker/branch_3/artifacts/lca_tree_stress_v5/strong_gate_cf_exact_check/runs/correctness_fuzz/balanced_dense/n64/seed5_L1_Q0
correctness_fuzz,balanced_dense,64,5,1,1,1,0,0,1,0.012558,1552,/Users/free_1/Library/Mobile Documents/iCloud~md~obsidian/Documents/cpp-checker/branch_3/artifacts/lca_tree_stress_v5/strong_gate_cf_exact_check/runs/correctness_fuzz/balanced_dense/n64/seed5_L1_Q1
correctness_fuzz,balanced_dense,128,1,0,0,1,0,0,1,0.012552,1840,/Users/free_1/Library/Mobile Documents/iCloud~md~obsidian/Documents/cpp-checker/branch_3/artifacts/lca_tree_stress_v5/strong_gate_cf_exact_check/runs/correctness_fuzz/balanced_dense/n128/seed1_L0_Q0
correctness_fuzz,balanced_dense,128,1,0,1,1,0,0,1,0.012559,1776,/Users/free_1/Library/Mobile Documents/iCloud~md~obsidian/Documents/cpp-checker/branch_3/artifacts/lca_tree_stress_v5/strong_gate_cf_exact_check/runs/correctness_fuzz/balanced_dense/n128/seed1_L0_Q1
correctness_fuzz,balanced_dense,128,1,1,0,1,0,0,1,0.011701,1840,/Users/free_1/Library/Mobile Documents/iCloud~md~obsidian/Documents/cpp-checker/branch_3/artifacts/lca_tree_stress_v5/strong_gate_cf_exact_check/runs/correctness_fuzz/balanced_dense/n128/seed1_L1_Q0
correctness_fuzz,balanced_dense,128,1,1,1,1,0,0,1,0.012550,1824,/Users/free_1/Library/Mobile Documents/iCloud~md~obsidian/Documents/cpp-checker/branch_3/artifacts/lca_tree_stress_v5/strong_gate_cf_exact_check/runs/correctness_fuzz/balanced_dense/n128/seed1_L1_Q1
correctness_fuzz,balanced_dense,128,2,0,0,1,0,0,1,0.012558,1840,/Users/free_1/Library/Mobile Documents/iCloud~md~obsidian/Documents/cpp-checker/branch_3/artifacts/lca_tree_stress_v5/strong_gate_cf_exact_check/runs/correctness_fuzz/balanced_dense/n128/seed2_L0_Q0
correctness_fuzz,balanced_dense,128,2,0,1,1,0,0,1,0.012563,1824,/Users/free_1/Library/Mobile Documents/iCloud~md~obsidian/Documents/cpp-checker/branch_3/artifacts/lca_tree_stress_v5/strong_gate_cf_exact_check/runs/correctness_fuzz/balanced_dense/n128/seed2_L0_Q1
correctness_fuzz,balanced_dense,128,2,1,0,1,0,0,1,0.011805,1808,/Users/free_1/Library/Mobile Documents/iCloud~md~obsidian/Documents/cpp-checker/branch_3/artifacts/lca_tree_stress_v5/strong_gate_cf_exact_check/runs/correctness_fuzz/balanced_dense/n128/seed2_L1_Q0
correctness_fuzz,balanced_dense,128,2,1,1,1,0,0,1,0.012552,1776,/Users/free_1/Library/Mobile Documents/iCloud~md~obsidian/Documents/cpp-checker/branch_3/artifacts/lca_tree_stress_v5/strong_gate_cf_exact_check/runs/correctness_fuzz/balanced_dense/n128/seed2_L1_Q1
correctness_fuzz,balanced_dense,128,3,0,0,1,0,0,1,0.012561,1824,/Users/free_1/Library/Mobile Documents/iCloud~md~obsidian/Documents/cpp-checker/branch_3/artifacts/lca_tree_stress_v5/strong_gate_cf_exact_check/runs/correctness_fuzz/balanced_dense/n128/seed3_L0_Q0
correctness_fuzz,balanced_dense,128,3,0,1,1,0,0,1,0.012573,1776,/Users/free_1/Library/Mobile Documents/iCloud~md~obsidian/Documents/cpp-checker/branch_3/artifacts/lca_tree_stress_v5/strong_gate_cf_exact_check/runs/correctness_fuzz/balanced_dense/n128/seed3_L0_Q1
correctness_fuzz,balanced_dense,128,3,1,0,1,0,0,1,0.010216,1824,/Users/free_1/Library/Mobile Documents/iCloud~md~obsidian/Documents/cpp-checker/branch_3/artifacts/lca_tree_stress_v5/strong_gate_cf_exact_check/runs/correctness_fuzz/balanced_dense/n128/seed3_L1_Q0
correctness_fuzz,balanced_dense,128,3,1,1,1,0,0,1,0.011817,1856,/Users/free_1/Library/Mobile Documents/iCloud~md~obsidian/Documents/cpp-checker/branch_3/artifacts/lca_tree_stress_v5/strong_gate_cf_exact_check/runs/correctness_fuzz/balanced_dense/n128/seed3_L1_Q1
correctness_fuzz,balanced_dense,128,4,0,0,1,0,0,1,0.012554,1840,/Users/free_1/Library/Mobile Documents/iCloud~md~obsidian/Documents/cpp-checker/branch_3/artifacts/lca_tree_stress_v5/strong_gate_cf_exact_check/runs/correctness_fuzz/balanced_dense/n128/seed4_L0_Q0
correctness_fuzz,balanced_dense,128,4,0,1,1,0,0,1,0.012557,1824,/Users/free_1/Library/Mobile Documents/iCloud~md~obsidian/Documents/cpp-checker/branch_3/artifacts/lca_tree_stress_v5/strong_gate_cf_exact_check/runs/correctness_fuzz/balanced_dense/n128/seed4_L0_Q1
correctness_fuzz,balanced_dense,128,4,1,0,1,0,0,1,0.012552,1776,/Users/free_1/Library/Mobile Documents/iCloud~md~obsidian/Documents/cpp-checker/branch_3/artifacts/lca_tree_stress_v5/strong_gate_cf_exact_check/runs/correctness_fuzz/balanced_dense/n128/seed4_L1_Q0
correctness_fuzz,balanced_dense,128,4,1,1,1,0,0,1,0.012564,1840,/Users/free_1/Library/Mobile Documents/iCloud~md~obsidian/Documents/cpp-checker/branch_3/artifacts/lca_tree_stress_v5/strong_gate_cf_exact_check/runs/correctness_fuzz/balanced_dense/n128/seed4_L1_Q1
correctness_fuzz,balanced_dense,128,5,0,0,1,0,0,1,0.012566,1824,/Users/free_1/Library/Mobile Documents/iCloud~md~obsidian/Documents/cpp-checker/branch_3/artifacts/lca_tree_stress_v5/strong_gate_cf_exact_check/runs/correctness_fuzz/balanced_dense/n128/seed5_L0_Q0
correctness_fuzz,balanced_dense,128,5,0,1,1,0,0,1,0.012578,1824,/Users/free_1/Library/Mobile Documents/iCloud~md~obsidian/Documents/cpp-checker/branch_3/artifacts/lca_tree_stress_v5/strong_gate_cf_exact_check/runs/correctness_fuzz/balanced_dense/n128/seed5_L0_Q1
correctness_fuzz,balanced_dense,128,5,1,0,1,0,0,1,0.012550,1840,/Users/free_1/Library/Mobile Documents/iCloud~md~obsidian/Documents/cpp-checker/branch_3/artifacts/lca_tree_stress_v5/strong_gate_cf_exact_check/runs/correctness_fuzz/balanced_dense/n128/seed5_L1_Q0
correctness_fuzz,balanced_dense,128,5,1,1,1,0,0,1,0.012558,1824,/Users/free_1/Library/Mobile Documents/iCloud~md~obsidian/Documents/cpp-checker/branch_3/artifacts/lca_tree_stress_v5/strong_gate_cf_exact_check/runs/correctness_fuzz/balanced_dense/n128/seed5_L1_Q1
correctness_fuzz,balanced_dense,256,1,0,0,1,0,0,1,0.012570,2112,/Users/free_1/Library/Mobile Documents/iCloud~md~obsidian/Documents/cpp-checker/branch_3/artifacts/lca_tree_stress_v5/strong_gate_cf_exact_check/runs/correctness_fuzz/balanced_dense/n256/seed1_L0_Q0
correctness_fuzz,balanced_dense,256,1,0,1,1,0,0,1,0.012557,2112,/Users/free_1/Library/Mobile Documents/iCloud~md~obsidian/Documents/cpp-checker/branch_3/artifacts/lca_tree_stress_v5/strong_gate_cf_exact_check/runs/correctness_fuzz/balanced_dense/n256/seed1_L0_Q1
correctness_fuzz,balanced_dense,256,1,1,0,1,0,0,1,0.012377,2160,/Users/free_1/Library/Mobile Documents/iCloud~md~obsidian/Documents/cpp-checker/branch_3/artifacts/lca_tree_stress_v5/strong_gate_cf_exact_check/runs/correctness_fuzz/balanced_dense/n256/seed1_L1_Q0
correctness_fuzz,balanced_dense,256,1,1,1,1,0,0,1,0.011944,2192,/Users/free_1/Library/Mobile Documents/iCloud~md~obsidian/Documents/cpp-checker/branch_3/artifacts/lca_tree_stress_v5/strong_gate_cf_exact_check/runs/correctness_fuzz/balanced_dense/n256/seed1_L1_Q1
correctness_fuzz,balanced_dense,256,2,0,0,1,0,0,1,0.012569,2128,/Users/free_1/Library/Mobile Documents/iCloud~md~obsidian/Documents/cpp-checker/branch_3/artifacts/lca_tree_stress_v5/strong_gate_cf_exact_check/runs/correctness_fuzz/balanced_dense/n256/seed2_L0_Q0
correctness_fuzz,balanced_dense,256,2,0,1,1,0,0,1,0.010414,2176,/Users/free_1/Library/Mobile Documents/iCloud~md~obsidian/Documents/cpp-checker/branch_3/artifacts/lca_tree_stress_v5/strong_gate_cf_exact_check/runs/correctness_fuzz/balanced_dense/n256/seed2_L0_Q1
correctness_fuzz,balanced_dense,256,2,1,0,1,0,0,1,0.012041,2192,/Users/free_1/Library/Mobile Documents/iCloud~md~obsidian/Documents/cpp-checker/branch_3/artifacts/lca_tree_stress_v5/strong_gate_cf_exact_check/runs/correctness_fuzz/balanced_dense/n256/seed2_L1_Q0
correctness_fuzz,balanced_dense,256,2,1,1,1,0,0,1,0.012555,2176,/Users/free_1/Library/Mobile Documents/iCloud~md~obsidian/Documents/cpp-checker/branch_3/artifacts/lca_tree_stress_v5/strong_gate_cf_exact_check/runs/correctness_fuzz/balanced_dense/n256/seed2_L1_Q1
correctness_fuzz,balanced_dense,256,3,0,0,1,0,0,1,0.011004,2144,/Users/free_1/Library/Mobile Documents/iCloud~md~obsidian/Documents/cpp-checker/branch_3/artifacts/lca_tree_stress_v5/strong_gate_cf_exact_check/runs/correctness_fuzz/balanced_dense/n256/seed3_L0_Q0
correctness_fuzz,balanced_dense,256,3,0,1,1,0,0,1,0.012552,2176,/Users/free_1/Library/Mobile Documents/iCloud~md~obsidian/Documents/cpp-checker/branch_3/artifacts/lca_tree_stress_v5/strong_gate_cf_exact_check/runs/correctness_fuzz/balanced_dense/n256/seed3_L0_Q1
correctness_fuzz,balanced_dense,256,3,1,0,1,0,0,1,0.012572,2128,/Users/free_1/Library/Mobile Documents/iCloud~md~obsidian/Documents/cpp-checker/branch_3/artifacts/lca_tree_stress_v5/strong_gate_cf_exact_check/runs/correctness_fuzz/balanced_dense/n256/seed3_L1_Q0
correctness_fuzz,balanced_dense,256,3,1,1,1,0,0,1,0.012561,2144,/Users/free_1/Library/Mobile Documents/iCloud~md~obsidian/Documents/cpp-checker/branch_3/artifacts/lca_tree_stress_v5/strong_gate_cf_exact_check/runs/correctness_fuzz/balanced_dense/n256/seed3_L1_Q1
correctness_fuzz,balanced_dense,256,4,0,0,1,0,0,1,0.012568,2176,/Users/free_1/Library/Mobile Documents/iCloud~md~obsidian/Documents/cpp-checker/branch_3/artifacts/lca_tree_stress_v5/strong_gate_cf_exact_check/runs/correctness_fuzz/balanced_dense/n256/seed4_L0_Q0
correctness_fuzz,balanced_dense,256,4,0,1,1,0,0,1,0.011574,2112,/Users/free_1/Library/Mobile Documents/iCloud~md~obsidian/Documents/cpp-checker/branch_3/artifacts/lca_tree_stress_v5/strong_gate_cf_exact_check/runs/correctness_fuzz/balanced_dense/n256/seed4_L0_Q1
correctness_fuzz,balanced_dense,256,4,1,0,1,0,0,1,0.012555,2224,/Users/free_1/Library/Mobile Documents/iCloud~md~obsidian/Documents/cpp-checker/branch_3/artifacts/lca_tree_stress_v5/strong_gate_cf_exact_check/runs/correctness_fuzz/balanced_dense/n256/seed4_L1_Q0
correctness_fuzz,balanced_dense,256,4,1,1,1,0,0,1,0.012560,2208,/Users/free_1/Library/Mobile Documents/iCloud~md~obsidian/Documents/cpp-checker/branch_3/artifacts/lca_tree_stress_v5/strong_gate_cf_exact_check/runs/correctness_fuzz/balanced_dense/n256/seed4_L1_Q1
correctness_fuzz,balanced_dense,256,5,0,0,1,0,0,1,0.011320,2192,/Users/free_1/Library/Mobile Documents/iCloud~md~obsidian/Documents/cpp-checker/branch_3/artifacts/lca_tree_stress_v5/strong_gate_cf_exact_check/runs/correctness_fuzz/balanced_dense/n256/seed5_L0_Q0
correctness_fuzz,balanced_dense,256,5,0,1,1,0,0,1,0.012556,2208,/Users/free_1/Library/Mobile Documents/iCloud~md~obsidian/Documents/cpp-checker/branch_3/artifacts/lca_tree_stress_v5/strong_gate_cf_exact_check/runs/correctness_fuzz/balanced_dense/n256/seed5_L0_Q1
correctness_fuzz,balanced_dense,256,5,1,0,1,0,0,1,0.012220,2176,/Users/free_1/Library/Mobile Documents/iCloud~md~obsidian/Documents/cpp-checker/branch_3/artifacts/lca_tree_stress_v5/strong_gate_cf_exact_check/runs/correctness_fuzz/balanced_dense/n256/seed5_L1_Q0
correctness_fuzz,balanced_dense,256,5,1,1,1,0,0,1,0.012560,2176,/Users/free_1/Library/Mobile Documents/iCloud~md~obsidian/Documents/cpp-checker/branch_3/artifacts/lca_tree_stress_v5/strong_gate_cf_exact_check/runs/correctness_fuzz/balanced_dense/n256/seed5_L1_Q1
correctness_fuzz,balanced_dense,512,1,0,0,1,0,0,1,0.010146,2880,/Users/free_1/Library/Mobile Documents/iCloud~md~obsidian/Documents/cpp-checker/branch_3/artifacts/lca_tree_stress_v5/strong_gate_cf_exact_check/runs/correctness_fuzz/balanced_dense/n512/seed1_L0_Q0
correctness_fuzz,balanced_dense,512,1,0,1,1,0,0,1,0.025013,2784,/Users/free_1/Library/Mobile Documents/iCloud~md~obsidian/Documents/cpp-checker/branch_3/artifacts/lca_tree_stress_v5/strong_gate_cf_exact_check/runs/correctness_fuzz/balanced_dense/n512/seed1_L0_Q1
correctness_fuzz,balanced_dense,512,1,1,0,1,0,0,1,0.023551,2880,/Users/free_1/Library/Mobile Documents/iCloud~md~obsidian/Documents/cpp-checker/branch_3/artifacts/lca_tree_stress_v5/strong_gate_cf_exact_check/runs/correctness_fuzz/balanced_dense/n512/seed1_L1_Q0
correctness_fuzz,balanced_dense,512,1,1,1,1,0,0,1,0.023260,2880,/Users/free_1/Library/Mobile Documents/iCloud~md~obsidian/Documents/cpp-checker/branch_3/artifacts/lca_tree_stress_v5/strong_gate_cf_exact_check/runs/correctness_fuzz/balanced_dense/n512/seed1_L1_Q1
correctness_fuzz,balanced_dense,512,2,0,0,1,0,0,1,0.025856,2880,/Users/free_1/Library/Mobile Documents/iCloud~md~obsidian/Documents/cpp-checker/branch_3/artifacts/lca_tree_stress_v5/strong_gate_cf_exact_check/runs/correctness_fuzz/balanced_dense/n512/seed2_L0_Q0
correctness_fuzz,balanced_dense,512,2,0,1,1,0,0,1,0.024818,2896,/Users/free_1/Library/Mobile Documents/iCloud~md~obsidian/Documents/cpp-checker/branch_3/artifacts/lca_tree_stress_v5/strong_gate_cf_exact_check/runs/correctness_fuzz/balanced_dense/n512/seed2_L0_Q1
correctness_fuzz,balanced_dense,512,2,1,0,1,0,0,1,0.024106,2880,/Users/free_1/Library/Mobile Documents/iCloud~md~obsidian/Documents/cpp-checker/branch_3/artifacts/lca_tree_stress_v5/strong_gate_cf_exact_check/runs/correctness_fuzz/balanced_dense/n512/seed2_L1_Q0
correctness_fuzz,balanced_dense,512,2,1,1,1,0,0,1,0.023471,2832,/Users/free_1/Library/Mobile Documents/iCloud~md~obsidian/Documents/cpp-checker/branch_3/artifacts/lca_tree_stress_v5/strong_gate_cf_exact_check/runs/correctness_fuzz/balanced_dense/n512/seed2_L1_Q1
correctness_fuzz,balanced_dense,512,3,0,0,1,0,0,1,0.024408,2832,/Users/free_1/Library/Mobile Documents/iCloud~md~obsidian/Documents/cpp-checker/branch_3/artifacts/lca_tree_stress_v5/strong_gate_cf_exact_check/runs/correctness_fuzz/balanced_dense/n512/seed3_L0_Q0
correctness_fuzz,balanced_dense,512,3,0,1,1,0,0,1,0.022961,2880,/Users/free_1/Library/Mobile Documents/iCloud~md~obsidian/Documents/cpp-checker/branch_3/artifacts/lca_tree_stress_v5/strong_gate_cf_exact_check/runs/correctness_fuzz/balanced_dense/n512/seed3_L0_Q1
correctness_fuzz,balanced_dense,512,3,1,0,1,0,0,1,0.024984,2848,/Users/free_1/Library/Mobile Documents/iCloud~md~obsidian/Documents/cpp-checker/branch_3/artifacts/lca_tree_stress_v5/strong_gate_cf_exact_check/runs/correctness_fuzz/balanced_dense/n512/seed3_L1_Q0
correctness_fuzz,balanced_dense,512,3,1,1,1,0,0,1,0.025173,2832,/Users/free_1/Library/Mobile Documents/iCloud~md~obsidian/Documents/cpp-checker/branch_3/artifacts/lca_tree_stress_v5/strong_gate_cf_exact_check/runs/correctness_fuzz/balanced_dense/n512/seed3_L1_Q1
correctness_fuzz,balanced_dense,512,4,0,0,1,0,0,1,0.012976,2864,/Users/free_1/Library/Mobile Documents/iCloud~md~obsidian/Documents/cpp-checker/branch_3/artifacts/lca_tree_stress_v5/strong_gate_cf_exact_check/runs/correctness_fuzz/balanced_dense/n512/seed4_L0_Q0
correctness_fuzz,balanced_dense,512,4,0,1,1,0,0,1,0.025374,2864,/Users/free_1/Library/Mobile Documents/iCloud~md~obsidian/Documents/cpp-checker/branch_3/artifacts/lca_tree_stress_v5/strong_gate_cf_exact_check/runs/correctness_fuzz/balanced_dense/n512/seed4_L0_Q1
correctness_fuzz,balanced_dense,512,4,1,0,1,0,0,1,0.012785,2896,/Users/free_1/Library/Mobile Documents/iCloud~md~obsidian/Documents/cpp-checker/branch_3/artifacts/lca_tree_stress_v5/strong_gate_cf_exact_check/runs/correctness_fuzz/balanced_dense/n512/seed4_L1_Q0
correctness_fuzz,balanced_dense,512,4,1,1,1,0,0,1,0.022793,2880,/Users/free_1/Library/Mobile Documents/iCloud~md~obsidian/Documents/cpp-checker/branch_3/artifacts/lca_tree_stress_v5/strong_gate_cf_exact_check/runs/correctness_fuzz/balanced_dense/n512/seed4_L1_Q1
correctness_fuzz,balanced_dense,512,5,0,0,1,0,0,1,0.012681,2880,/Users/free_1/Library/Mobile Documents/iCloud~md~obsidian/Documents/cpp-checker/branch_3/artifacts/lca_tree_stress_v5/strong_gate_cf_exact_check/runs/correctness_fuzz/balanced_dense/n512/seed5_L0_Q0
correctness_fuzz,balanced_dense,512,5,0,1,1,0,0,1,0.024072,2864,/Users/free_1/Library/Mobile Documents/iCloud~md~obsidian/Documents/cpp-checker/branch_3/artifacts/lca_tree_stress_v5/strong_gate_cf_exact_check/runs/correctness_fuzz/balanced_dense/n512/seed5_L0_Q1
correctness_fuzz,balanced_dense,512,5,1,0,1,0,0,1,0.012619,2912,/Users/free_1/Library/Mobile Documents/iCloud~md~obsidian/Documents/cpp-checker/branch_3/artifacts/lca_tree_stress_v5/strong_gate_cf_exact_check/runs/correctness_fuzz/balanced_dense/n512/seed5_L1_Q0
correctness_fuzz,balanced_dense,512,5,1,1,1,0,0,1,0.023870,2848,/Users/free_1/Library/Mobile Documents/iCloud~md~obsidian/Documents/cpp-checker/branch_3/artifacts/lca_tree_stress_v5/strong_gate_cf_exact_check/runs/correctness_fuzz/balanced_dense/n512/seed5_L1_Q1
correctness_fuzz,balanced_dense,1024,1,0,0,1,0,0,1,0.023753,3872,/Users/free_1/Library/Mobile Documents/iCloud~md~obsidian/Documents/cpp-checker/branch_3/artifacts/lca_tree_stress_v5/strong_gate_cf_exact_check/runs/correctness_fuzz/balanced_dense/n1024/seed1_L0_Q0
correctness_fuzz,balanced_dense,1024,1,0,1,1,0,0,1,0.025328,3968,/Users/free_1/Library/Mobile Documents/iCloud~md~obsidian/Documents/cpp-checker/branch_3/artifacts/lca_tree_stress_v5/strong_gate_cf_exact_check/runs/correctness_fuzz/balanced_dense/n1024/seed1_L0_Q1
correctness_fuzz,balanced_dense,1024,1,1,0,1,0,0,1,0.025144,3968,/Users/free_1/Library/Mobile Documents/iCloud~md~obsidian/Documents/cpp-checker/branch_3/artifacts/lca_tree_stress_v5/strong_gate_cf_exact_check/runs/correctness_fuzz/balanced_dense/n1024/seed1_L1_Q0
correctness_fuzz,balanced_dense,1024,1,1,1,1,0,0,1,0.025436,3920,/Users/free_1/Library/Mobile Documents/iCloud~md~obsidian/Documents/cpp-checker/branch_3/artifacts/lca_tree_stress_v5/strong_gate_cf_exact_check/runs/correctness_fuzz/balanced_dense/n1024/seed1_L1_Q1
correctness_fuzz,balanced_dense,1024,2,0,0,1,0,0,1,0.023069,3920,/Users/free_1/Library/Mobile Documents/iCloud~md~obsidian/Documents/cpp-checker/branch_3/artifacts/lca_tree_stress_v5/strong_gate_cf_exact_check/runs/correctness_fuzz/balanced_dense/n1024/seed2_L0_Q0
correctness_fuzz,balanced_dense,1024,2,0,1,1,0,0,1,0.025299,3936,/Users/free_1/Library/Mobile Documents/iCloud~md~obsidian/Documents/cpp-checker/branch_3/artifacts/lca_tree_stress_v5/strong_gate_cf_exact_check/runs/correctness_fuzz/balanced_dense/n1024/seed2_L0_Q1
correctness_fuzz,balanced_dense,1024,2,1,0,1,0,0,1,0.023599,3904,/Users/free_1/Library/Mobile Documents/iCloud~md~obsidian/Documents/cpp-checker/branch_3/artifacts/lca_tree_stress_v5/strong_gate_cf_exact_check/runs/correctness_fuzz/balanced_dense/n1024/seed2_L1_Q0
correctness_fuzz,balanced_dense,1024,2,1,1,1,0,0,1,0.024399,3904,/Users/free_1/Library/Mobile Documents/iCloud~md~obsidian/Documents/cpp-checker/branch_3/artifacts/lca_tree_stress_v5/strong_gate_cf_exact_check/runs/correctness_fuzz/balanced_dense/n1024/seed2_L1_Q1
correctness_fuzz,balanced_dense,1024,3,0,0,1,0,0,1,0.036058,3888,/Users/free_1/Library/Mobile Documents/iCloud~md~obsidian/Documents/cpp-checker/branch_3/artifacts/lca_tree_stress_v5/strong_gate_cf_exact_check/runs/correctness_fuzz/balanced_dense/n1024/seed3_L0_Q0
correctness_fuzz,balanced_dense,1024,3,0,1,1,0,0,1,0.024215,3904,/Users/free_1/Library/Mobile Documents/iCloud~md~obsidian/Documents/cpp-checker/branch_3/artifacts/lca_tree_stress_v5/strong_gate_cf_exact_check/runs/correctness_fuzz/balanced_dense/n1024/seed3_L0_Q1
correctness_fuzz,balanced_dense,1024,3,1,0,1,0,0,1,0.024704,3952,/Users/free_1/Library/Mobile Documents/iCloud~md~obsidian/Documents/cpp-checker/branch_3/artifacts/lca_tree_stress_v5/strong_gate_cf_exact_check/runs/correctness_fuzz/balanced_dense/n1024/seed3_L1_Q0
correctness_fuzz,balanced_dense,1024,3,1,1,1,0,0,1,0.023578,3952,/Users/free_1/Library/Mobile Documents/iCloud~md~obsidian/Documents/cpp-checker/branch_3/artifacts/lca_tree_stress_v5/strong_gate_cf_exact_check/runs/correctness_fuzz/balanced_dense/n1024/seed3_L1_Q1
correctness_fuzz,balanced_dense,1024,4,0,0,1,0,0,1,0.023632,3984,/Users/free_1/Library/Mobile Documents/iCloud~md~obsidian/Documents/cpp-checker/branch_3/artifacts/lca_tree_stress_v5/strong_gate_cf_exact_check/runs/correctness_fuzz/balanced_dense/n1024/seed4_L0_Q0
correctness_fuzz,balanced_dense,1024,4,0,1,1,0,0,1,0.022922,3872,/Users/free_1/Library/Mobile Documents/iCloud~md~obsidian/Documents/cpp-checker/branch_3/artifacts/lca_tree_stress_v5/strong_gate_cf_exact_check/runs/correctness_fuzz/balanced_dense/n1024/seed4_L0_Q1
correctness_fuzz,balanced_dense,1024,4,1,0,1,0,0,1,0.025274,3968,/Users/free_1/Library/Mobile Documents/iCloud~md~obsidian/Documents/cpp-checker/branch_3/artifacts/lca_tree_stress_v5/strong_gate_cf_exact_check/runs/correctness_fuzz/balanced_dense/n1024/seed4_L1_Q0
correctness_fuzz,balanced_dense,1024,4,1,1,1,0,0,1,0.024313,4016,/Users/free_1/Library/Mobile Documents/iCloud~md~obsidian/Documents/cpp-checker/branch_3/artifacts/lca_tree_stress_v5/strong_gate_cf_exact_check/runs/correctness_fuzz/balanced_dense/n1024/seed4_L1_Q1
correctness_fuzz,balanced_dense,1024,5,0,0,1,0,0,1,0.023360,3984,/Users/free_1/Library/Mobile Documents/iCloud~md~obsidian/Documents/cpp-checker/branch_3/artifacts/lca_tree_stress_v5/strong_gate_cf_exact_check/runs/correctness_fuzz/balanced_dense/n1024/seed5_L0_Q0
correctness_fuzz,balanced_dense,1024,5,0,1,1,0,0,1,0.024495,3808,/Users/free_1/Library/Mobile Documents/iCloud~md~obsidian/Documents/cpp-checker/branch_3/artifacts/lca_tree_stress_v5/strong_gate_cf_exact_check/runs/correctness_fuzz/balanced_dense/n1024/seed5_L0_Q1
correctness_fuzz,balanced_dense,1024,5,1,0,1,0,0,1,0.025219,3968,/Users/free_1/Library/Mobile Documents/iCloud~md~obsidian/Documents/cpp-checker/branch_3/artifacts/lca_tree_stress_v5/strong_gate_cf_exact_check/runs/correctness_fuzz/balanced_dense/n1024/seed5_L1_Q0
correctness_fuzz,balanced_dense,1024,5,1,1,1,0,0,1,0.024652,3984,/Users/free_1/Library/Mobile Documents/iCloud~md~obsidian/Documents/cpp-checker/branch_3/artifacts/lca_tree_stress_v5/strong_gate_cf_exact_check/runs/correctness_fuzz/balanced_dense/n1024/seed5_L1_Q1
correctness_fuzz,broom_mixed,64,1,0,0,1,0,0,1,0.012515,2080,/Users/free_1/Library/Mobile Documents/iCloud~md~obsidian/Documents/cpp-checker/branch_3/artifacts/lca_tree_stress_v5/strong_gate_cf_exact_check/runs/correctness_fuzz/broom_mixed/n64/seed1_L0_Q0
correctness_fuzz,broom_mixed,64,1,0,1,1,0,0,1,0.012620,2096,/Users/free_1/Library/Mobile Documents/iCloud~md~obsidian/Documents/cpp-checker/branch_3/artifacts/lca_tree_stress_v5/strong_gate_cf_exact_check/runs/correctness_fuzz/broom_mixed/n64/seed1_L0_Q1
correctness_fuzz,broom_mixed,64,1,1,0,1,0,0,1,0.012012,2080,/Users/free_1/Library/Mobile Documents/iCloud~md~obsidian/Documents/cpp-checker/branch_3/artifacts/lca_tree_stress_v5/strong_gate_cf_exact_check/runs/correctness_fuzz/broom_mixed/n64/seed1_L1_Q0
correctness_fuzz,broom_mixed,64,1,1,1,1,0,0,1,0.012613,2032,/Users/free_1/Library/Mobile Documents/iCloud~md~obsidian/Documents/cpp-checker/branch_3/artifacts/lca_tree_stress_v5/strong_gate_cf_exact_check/runs/correctness_fuzz/broom_mixed/n64/seed1_L1_Q1
correctness_fuzz,broom_mixed,64,2,0,0,1,0,0,1,0.011825,2080,/Users/free_1/Library/Mobile Documents/iCloud~md~obsidian/Documents/cpp-checker/branch_3/artifacts/lca_tree_stress_v5/strong_gate_cf_exact_check/runs/correctness_fuzz/broom_mixed/n64/seed2_L0_Q0
correctness_fuzz,broom_mixed,64,2,0,1,1,0,0,1,0.012200,2048,/Users/free_1/Library/Mobile Documents/iCloud~md~obsidian/Documents/cpp-checker/branch_3/artifacts/lca_tree_stress_v5/strong_gate_cf_exact_check/runs/correctness_fuzz/broom_mixed/n64/seed2_L0_Q1
correctness_fuzz,broom_mixed,64,2,1,0,1,0,0,1,0.012562,2080,/Users/free_1/Library/Mobile Documents/iCloud~md~obsidian/Documents/cpp-checker/branch_3/artifacts/lca_tree_stress_v5/strong_gate_cf_exact_check/runs/correctness_fuzz/broom_mixed/n64/seed2_L1_Q0
correctness_fuzz,broom_mixed,64,2,1,1,1,0,0,1,0.011030,2080,/Users/free_1/Library/Mobile Documents/iCloud~md~obsidian/Documents/cpp-checker/branch_3/artifacts/lca_tree_stress_v5/strong_gate_cf_exact_check/runs/correctness_fuzz/broom_mixed/n64/seed2_L1_Q1
correctness_fuzz,broom_mixed,64,3,0,0,1,0,0,1,0.010433,2016,/Users/free_1/Library/Mobile Documents/iCloud~md~obsidian/Documents/cpp-checker/branch_3/artifacts/lca_tree_stress_v5/strong_gate_cf_exact_check/runs/correctness_fuzz/broom_mixed/n64/seed3_L0_Q0
correctness_fuzz,broom_mixed,64,3,0,1,1,0,0,1,0.012553,1984,/Users/free_1/Library/Mobile Documents/iCloud~md~obsidian/Documents/cpp-checker/branch_3/artifacts/lca_tree_stress_v5/strong_gate_cf_exact_check/runs/correctness_fuzz/broom_mixed/n64/seed3_L0_Q1
correctness_fuzz,broom_mixed,64,3,1,0,1,0,0,1,0.010825,2064,/Users/free_1/Library/Mobile Documents/iCloud~md~obsidian/Documents/cpp-checker/branch_3/artifacts/lca_tree_stress_v5/strong_gate_cf_exact_check/runs/correctness_fuzz/broom_mixed/n64/seed3_L1_Q0
correctness_fuzz,broom_mixed,64,3,1,1,1,0,0,1,0.012573,2032,/Users/free_1/Library/Mobile Documents/iCloud~md~obsidian/Documents/cpp-checker/branch_3/artifacts/lca_tree_stress_v5/strong_gate_cf_exact_check/runs/correctness_fuzz/broom_mixed/n64/seed3_L1_Q1
correctness_fuzz,broom_mixed,64,4,0,0,1,0,0,1,0.012569,2080,/Users/free_1/Library/Mobile Documents/iCloud~md~obsidian/Documents/cpp-checker/branch_3/artifacts/lca_tree_stress_v5/strong_gate_cf_exact_check/runs/correctness_fuzz/broom_mixed/n64/seed4_L0_Q0
correctness_fuzz,broom_mixed,64,4,0,1,1,0,0,1,0.012558,2080,/Users/free_1/Library/Mobile Documents/iCloud~md~obsidian/Documents/cpp-checker/branch_3/artifacts/lca_tree_stress_v5/strong_gate_cf_exact_check/runs/correctness_fuzz/broom_mixed/n64/seed4_L0_Q1
correctness_fuzz,broom_mixed,64,4,1,0,1,0,0,1,0.012554,2080,/Users/free_1/Library/Mobile Documents/iCloud~md~obsidian/Documents/cpp-checker/branch_3/artifacts/lca_tree_stress_v5/strong_gate_cf_exact_check/runs/correctness_fuzz/broom_mixed/n64/seed4_L1_Q0
correctness_fuzz,broom_mixed,64,4,1,1,1,0,0,1,0.012558,1984,/Users/free_1/Library/Mobile Documents/iCloud~md~obsidian/Documents/cpp-checker/branch_3/artifacts/lca_tree_stress_v5/strong_gate_cf_exact_check/runs/correctness_fuzz/broom_mixed/n64/seed4_L1_Q1
correctness_fuzz,broom_mixed,64,5,0,0,1,0,0,1,0.012560,2080,/Users/free_1/Library/Mobile Documents/iCloud~md~obsidian/Documents/cpp-checker/branch_3/artifacts/lca_tree_stress_v5/strong_gate_cf_exact_check/runs/correctness_fuzz/broom_mixed/n64/seed5_L0_Q0
correctness_fuzz,broom_mixed,64,5,0,1,1,0,0,1,0.012002,2032,/Users/free_1/Library/Mobile Documents/iCloud~md~obsidian/Documents/cpp-checker/branch_3/artifacts/lca_tree_stress_v5/strong_gate_cf_exact_check/runs/correctness_fuzz/broom_mixed/n64/seed5_L0_Q1
correctness_fuzz,broom_mixed,64,5,1,0,1,0,0,1,0.011962,2016,/Users/free_1/Library/Mobile Documents/iCloud~md~obsidian/Documents/cpp-checker/branch_3/artifacts/lca_tree_stress_v5/strong_gate_cf_exact_check/runs/correctness_fuzz/broom_mixed/n64/seed5_L1_Q0
correctness_fuzz,broom_mixed,64,5,1,1,1,0,0,1,0.012204,2048,/Users/free_1/Library/Mobile Documents/iCloud~md~obsidian/Documents/cpp-checker/branch_3/artifacts/lca_tree_stress_v5/strong_gate_cf_exact_check/runs/correctness_fuzz/broom_mixed/n64/seed5_L1_Q1
correctness_fuzz,broom_mixed,128,1,0,0,1,0,0,1,0.011232,3312,/Users/free_1/Library/Mobile Documents/iCloud~md~obsidian/Documents/cpp-checker/branch_3/artifacts/lca_tree_stress_v5/strong_gate_cf_exact_check/runs/correctness_fuzz/broom_mixed/n128/seed1_L0_Q0
correctness_fuzz,broom_mixed,128,1,0,1,1,0,0,1,0.012560,3376,/Users/free_1/Library/Mobile Documents/iCloud~md~obsidian/Documents/cpp-checker/branch_3/artifacts/lca_tree_stress_v5/strong_gate_cf_exact_check/runs/correctness_fuzz/broom_mixed/n128/seed1_L0_Q1
correctness_fuzz,broom_mixed,128,1,1,0,1,0,0,1,0.012576,3280,/Users/free_1/Library/Mobile Documents/iCloud~md~obsidian/Documents/cpp-checker/branch_3/artifacts/lca_tree_stress_v5/strong_gate_cf_exact_check/runs/correctness_fuzz/broom_mixed/n128/seed1_L1_Q0
correctness_fuzz,broom_mixed,128,1,1,1,1,0,0,1,0.012562,3312,/Users/free_1/Library/Mobile Documents/iCloud~md~obsidian/Documents/cpp-checker/branch_3/artifacts/lca_tree_stress_v5/strong_gate_cf_exact_check/runs/correctness_fuzz/broom_mixed/n128/seed1_L1_Q1
correctness_fuzz,broom_mixed,128,2,0,0,1,0,0,1,0.011049,3376,/Users/free_1/Library/Mobile Documents/iCloud~md~obsidian/Documents/cpp-checker/branch_3/artifacts/lca_tree_stress_v5/strong_gate_cf_exact_check/runs/correctness_fuzz/broom_mixed/n128/seed2_L0_Q0
correctness_fuzz,broom_mixed,128,2,0,1,1,0,0,1,0.011936,3312,/Users/free_1/Library/Mobile Documents/iCloud~md~obsidian/Documents/cpp-checker/branch_3/artifacts/lca_tree_stress_v5/strong_gate_cf_exact_check/runs/correctness_fuzz/broom_mixed/n128/seed2_L0_Q1
correctness_fuzz,broom_mixed,128,2,1,0,1,0,0,1,0.010871,3376,/Users/free_1/Library/Mobile Documents/iCloud~md~obsidian/Documents/cpp-checker/branch_3/artifacts/lca_tree_stress_v5/strong_gate_cf_exact_check/runs/correctness_fuzz/broom_mixed/n128/seed2_L1_Q0
correctness_fuzz,broom_mixed,128,2,1,1,1,0,0,1,0.012570,3328,/Users/free_1/Library/Mobile Documents/iCloud~md~obsidian/Documents/cpp-checker/branch_3/artifacts/lca_tree_stress_v5/strong_gate_cf_exact_check/runs/correctness_fuzz/broom_mixed/n128/seed2_L1_Q1
correctness_fuzz,broom_mixed,128,3,0,0,1,0,0,1,0.011594,3264,/Users/free_1/Library/Mobile Documents/iCloud~md~obsidian/Documents/cpp-checker/branch_3/artifacts/lca_tree_stress_v5/strong_gate_cf_exact_check/runs/correctness_fuzz/broom_mixed/n128/seed3_L0_Q0
correctness_fuzz,broom_mixed,128,3,0,1,1,0,0,1,0.012555,3344,/Users/free_1/Library/Mobile Documents/iCloud~md~obsidian/Documents/cpp-checker/branch_3/artifacts/lca_tree_stress_v5/strong_gate_cf_exact_check/runs/correctness_fuzz/broom_mixed/n128/seed3_L0_Q1
correctness_fuzz,broom_mixed,128,3,1,0,1,0,0,1,0.012564,3264,/Users/free_1/Library/Mobile Documents/iCloud~md~obsidian/Documents/cpp-checker/branch_3/artifacts/lca_tree_stress_v5/strong_gate_cf_exact_check/runs/correctness_fuzz/broom_mixed/n128/seed3_L1_Q0
correctness_fuzz,broom_mixed,128,3,1,1,1,0,0,1,0.012554,3328,/Users/free_1/Library/Mobile Documents/iCloud~md~obsidian/Documents/cpp-checker/branch_3/artifacts/lca_tree_stress_v5/strong_gate_cf_exact_check/runs/correctness_fuzz/broom_mixed/n128/seed3_L1_Q1
correctness_fuzz,broom_mixed,128,4,0,0,1,0,0,1,0.012550,3344,/Users/free_1/Library/Mobile Documents/iCloud~md~obsidian/Documents/cpp-checker/branch_3/artifacts/lca_tree_stress_v5/strong_gate_cf_exact_check/runs/correctness_fuzz/broom_mixed/n128/seed4_L0_Q0
correctness_fuzz,broom_mixed,128,4,0,1,1,0,0,1,0.012550,3360,/Users/free_1/Library/Mobile Documents/iCloud~md~obsidian/Documents/cpp-checker/branch_3/artifacts/lca_tree_stress_v5/strong_gate_cf_exact_check/runs/correctness_fuzz/broom_mixed/n128/seed4_L0_Q1
correctness_fuzz,broom_mixed,128,4,1,0,1,0,0,1,0.011717,3360,/Users/free_1/Library/Mobile Documents/iCloud~md~obsidian/Documents/cpp-checker/branch_3/artifacts/lca_tree_stress_v5/strong_gate_cf_exact_check/runs/correctness_fuzz/broom_mixed/n128/seed4_L1_Q0
correctness_fuzz,broom_mixed,128,4,1,1,1,0,0,1,0.012563,3328,/Users/free_1/Library/Mobile Documents/iCloud~md~obsidian/Documents/cpp-checker/branch_3/artifacts/lca_tree_stress_v5/strong_gate_cf_exact_check/runs/correctness_fuzz/broom_mixed/n128/seed4_L1_Q1
correctness_fuzz,broom_mixed,128,5,0,0,1,0,0,1,0.012567,3280,/Users/free_1/Library/Mobile Documents/iCloud~md~obsidian/Documents/cpp-checker/branch_3/artifacts/lca_tree_stress_v5/strong_gate_cf_exact_check/runs/correctness_fuzz/broom_mixed/n128/seed5_L0_Q0
correctness_fuzz,broom_mixed,128,5,0,1,1,0,0,1,0.011662,3328,/Users/free_1/Library/Mobile Documents/iCloud~md~obsidian/Documents/cpp-checker/branch_3/artifacts/lca_tree_stress_v5/strong_gate_cf_exact_check/runs/correctness_fuzz/broom_mixed/n128/seed5_L0_Q1
correctness_fuzz,broom_mixed,128,5,1,0,1,0,0,1,0.011332,3296,/Users/free_1/Library/Mobile Documents/iCloud~md~obsidian/Documents/cpp-checker/branch_3/artifacts/lca_tree_stress_v5/strong_gate_cf_exact_check/runs/correctness_fuzz/broom_mixed/n128/seed5_L1_Q0
correctness_fuzz,broom_mixed,128,5,1,1,1,0,0,1,0.011467,3312,/Users/free_1/Library/Mobile Documents/iCloud~md~obsidian/Documents/cpp-checker/branch_3/artifacts/lca_tree_stress_v5/strong_gate_cf_exact_check/runs/correctness_fuzz/broom_mixed/n128/seed5_L1_Q1
correctness_fuzz,broom_mixed,256,1,0,0,1,0,0,1,0.024796,9632,/Users/free_1/Library/Mobile Documents/iCloud~md~obsidian/Documents/cpp-checker/branch_3/artifacts/lca_tree_stress_v5/strong_gate_cf_exact_check/runs/correctness_fuzz/broom_mixed/n256/seed1_L0_Q0
correctness_fuzz,broom_mixed,256,1,0,1,1,0,0,1,0.034822,9680,/Users/free_1/Library/Mobile Documents/iCloud~md~obsidian/Documents/cpp-checker/branch_3/artifacts/lca_tree_stress_v5/strong_gate_cf_exact_check/runs/correctness_fuzz/broom_mixed/n256/seed1_L0_Q1
correctness_fuzz,broom_mixed,256,1,1,0,1,0,0,1,0.037611,9648,/Users/free_1/Library/Mobile Documents/iCloud~md~obsidian/Documents/cpp-checker/branch_3/artifacts/lca_tree_stress_v5/strong_gate_cf_exact_check/runs/correctness_fuzz/broom_mixed/n256/seed1_L1_Q0
correctness_fuzz,broom_mixed,256,1,1,1,1,0,0,1,0.058616,9744,/Users/free_1/Library/Mobile Documents/iCloud~md~obsidian/Documents/cpp-checker/branch_3/artifacts/lca_tree_stress_v5/strong_gate_cf_exact_check/runs/correctness_fuzz/broom_mixed/n256/seed1_L1_Q1
correctness_fuzz,broom_mixed,256,2,0,0,1,0,0,1,0.348013,9696,/Users/free_1/Library/Mobile Documents/iCloud~md~obsidian/Documents/cpp-checker/branch_3/artifacts/lca_tree_stress_v5/strong_gate_cf_exact_check/runs/correctness_fuzz/broom_mixed/n256/seed2_L0_Q0
correctness_fuzz,broom_mixed,256,2,0,1,1,0,0,1,0.066604,9712,/Users/free_1/Library/Mobile Documents/iCloud~md~obsidian/Documents/cpp-checker/branch_3/artifacts/lca_tree_stress_v5/strong_gate_cf_exact_check/runs/correctness_fuzz/broom_mixed/n256/seed2_L0_Q1
correctness_fuzz,broom_mixed,256,2,1,0,1,0,0,1,0.035440,9632,/Users/free_1/Library/Mobile Documents/iCloud~md~obsidian/Documents/cpp-checker/branch_3/artifacts/lca_tree_stress_v5/strong_gate_cf_exact_check/runs/correctness_fuzz/broom_mixed/n256/seed2_L1_Q0
correctness_fuzz,broom_mixed,256,2,1,1,1,0,0,1,0.047983,9680,/Users/free_1/Library/Mobile Documents/iCloud~md~obsidian/Documents/cpp-checker/branch_3/artifacts/lca_tree_stress_v5/strong_gate_cf_exact_check/runs/correctness_fuzz/broom_mixed/n256/seed2_L1_Q1
correctness_fuzz,broom_mixed,256,3,0,0,1,0,0,1,0.025102,9632,/Users/free_1/Library/Mobile Documents/iCloud~md~obsidian/Documents/cpp-checker/branch_3/artifacts/lca_tree_stress_v5/strong_gate_cf_exact_check/runs/correctness_fuzz/broom_mixed/n256/seed3_L0_Q0
correctness_fuzz,broom_mixed,256,3,0,1,1,0,0,1,0.036774,9680,/Users/free_1/Library/Mobile Documents/iCloud~md~obsidian/Documents/cpp-checker/branch_3/artifacts/lca_tree_stress_v5/strong_gate_cf_exact_check/runs/correctness_fuzz/broom_mixed/n256/seed3_L0_Q1
correctness_fuzz,broom_mixed,256,3,1,0,1,0,0,1,0.037460,9696,/Users/free_1/Library/Mobile Documents/iCloud~md~obsidian/Documents/cpp-checker/branch_3/artifacts/lca_tree_stress_v5/strong_gate_cf_exact_check/runs/correctness_fuzz/broom_mixed/n256/seed3_L1_Q0
correctness_fuzz,broom_mixed,256,3,1,1,1,0,0,1,0.036304,9600,/Users/free_1/Library/Mobile Documents/iCloud~md~obsidian/Documents/cpp-checker/branch_3/artifacts/lca_tree_stress_v5/strong_gate_cf_exact_check/runs/correctness_fuzz/broom_mixed/n256/seed3_L1_Q1
correctness_fuzz,broom_mixed,256,4,0,0,1,0,0,1,0.022642,9728,/Users/free_1/Library/Mobile Documents/iCloud~md~obsidian/Documents/cpp-checker/branch_3/artifacts/lca_tree_stress_v5/strong_gate_cf_exact_check/runs/correctness_fuzz/broom_mixed/n256/seed4_L0_Q0
correctness_fuzz,broom_mixed,256,4,0,1,1,0,0,1,0.034165,9712,/Users/free_1/Library/Mobile Documents/iCloud~md~obsidian/Documents/cpp-checker/branch_3/artifacts/lca_tree_stress_v5/strong_gate_cf_exact_check/runs/correctness_fuzz/broom_mixed/n256/seed4_L0_Q1
correctness_fuzz,broom_mixed,256,4,1,0,1,0,0,1,0.036544,9712,/Users/free_1/Library/Mobile Documents/iCloud~md~obsidian/Documents/cpp-checker/branch_3/artifacts/lca_tree_stress_v5/strong_gate_cf_exact_check/runs/correctness_fuzz/broom_mixed/n256/seed4_L1_Q0
correctness_fuzz,broom_mixed,256,4,1,1,1,0,0,1,0.037649,9776,/Users/free_1/Library/Mobile Documents/iCloud~md~obsidian/Documents/cpp-checker/branch_3/artifacts/lca_tree_stress_v5/strong_gate_cf_exact_check/runs/correctness_fuzz/broom_mixed/n256/seed4_L1_Q1
correctness_fuzz,broom_mixed,256,5,0,0,1,0,0,1,0.023801,9744,/Users/free_1/Library/Mobile Documents/iCloud~md~obsidian/Documents/cpp-checker/branch_3/artifacts/lca_tree_stress_v5/strong_gate_cf_exact_check/runs/correctness_fuzz/broom_mixed/n256/seed5_L0_Q0
correctness_fuzz,broom_mixed,256,5,0,1,1,0,0,1,0.034045,9648,/Users/free_1/Library/Mobile Documents/iCloud~md~obsidian/Documents/cpp-checker/branch_3/artifacts/lca_tree_stress_v5/strong_gate_cf_exact_check/runs/correctness_fuzz/broom_mixed/n256/seed5_L0_Q1
correctness_fuzz,broom_mixed,256,5,1,0,1,0,0,1,0.025096,9696,/Users/free_1/Library/Mobile Documents/iCloud~md~obsidian/Documents/cpp-checker/branch_3/artifacts/lca_tree_stress_v5/strong_gate_cf_exact_check/runs/correctness_fuzz/broom_mixed/n256/seed5_L1_Q0
correctness_fuzz,broom_mixed,256,5,1,1,1,0,0,1,0.044240,9696,/Users/free_1/Library/Mobile Documents/iCloud~md~obsidian/Documents/cpp-checker/branch_3/artifacts/lca_tree_stress_v5/strong_gate_cf_exact_check/runs/correctness_fuzz/broom_mixed/n256/seed5_L1_Q1
correctness_fuzz,broom_mixed,512,1,0,0,1,0,0,1,0.109843,39536,/Users/free_1/Library/Mobile Documents/iCloud~md~obsidian/Documents/cpp-checker/branch_3/artifacts/lca_tree_stress_v5/strong_gate_cf_exact_check/runs/correctness_fuzz/broom_mixed/n512/seed1_L0_Q0
correctness_fuzz,broom_mixed,512,1,0,1,1,0,0,1,0.191661,39616,/Users/free_1/Library/Mobile Documents/iCloud~md~obsidian/Documents/cpp-checker/branch_3/artifacts/lca_tree_stress_v5/strong_gate_cf_exact_check/runs/correctness_fuzz/broom_mixed/n512/seed1_L0_Q1
correctness_fuzz,broom_mixed,512,1,1,0,1,0,0,1,0.134198,39600,/Users/free_1/Library/Mobile Documents/iCloud~md~obsidian/Documents/cpp-checker/branch_3/artifacts/lca_tree_stress_v5/strong_gate_cf_exact_check/runs/correctness_fuzz/broom_mixed/n512/seed1_L1_Q0
correctness_fuzz,broom_mixed,512,1,1,1,1,0,0,1,0.181937,39600,/Users/free_1/Library/Mobile Documents/iCloud~md~obsidian/Documents/cpp-checker/branch_3/artifacts/lca_tree_stress_v5/strong_gate_cf_exact_check/runs/correctness_fuzz/broom_mixed/n512/seed1_L1_Q1
correctness_fuzz,broom_mixed,512,2,0,0,1,0,0,1,0.097248,39488,/Users/free_1/Library/Mobile Documents/iCloud~md~obsidian/Documents/cpp-checker/branch_3/artifacts/lca_tree_stress_v5/strong_gate_cf_exact_check/runs/correctness_fuzz/broom_mixed/n512/seed2_L0_Q0
correctness_fuzz,broom_mixed,512,2,0,1,1,0,0,1,0.191562,39520,/Users/free_1/Library/Mobile Documents/iCloud~md~obsidian/Documents/cpp-checker/branch_3/artifacts/lca_tree_stress_v5/strong_gate_cf_exact_check/runs/correctness_fuzz/broom_mixed/n512/seed2_L0_Q1
correctness_fuzz,broom_mixed,512,2,1,0,1,0,0,1,0.135557,39584,/Users/free_1/Library/Mobile Documents/iCloud~md~obsidian/Documents/cpp-checker/branch_3/artifacts/lca_tree_stress_v5/strong_gate_cf_exact_check/runs/correctness_fuzz/broom_mixed/n512/seed2_L1_Q0
correctness_fuzz,broom_mixed,512,2,1,1,1,0,0,1,0.175377,39440,/Users/free_1/Library/Mobile Documents/iCloud~md~obsidian/Documents/cpp-checker/branch_3/artifacts/lca_tree_stress_v5/strong_gate_cf_exact_check/runs/correctness_fuzz/broom_mixed/n512/seed2_L1_Q1
correctness_fuzz,broom_mixed,512,3,0,0,1,0,0,1,0.108448,39504,/Users/free_1/Library/Mobile Documents/iCloud~md~obsidian/Documents/cpp-checker/branch_3/artifacts/lca_tree_stress_v5/strong_gate_cf_exact_check/runs/correctness_fuzz/broom_mixed/n512/seed3_L0_Q0
correctness_fuzz,broom_mixed,512,3,0,1,1,0,0,1,0.184491,39520,/Users/free_1/Library/Mobile Documents/iCloud~md~obsidian/Documents/cpp-checker/branch_3/artifacts/lca_tree_stress_v5/strong_gate_cf_exact_check/runs/correctness_fuzz/broom_mixed/n512/seed3_L0_Q1
correctness_fuzz,broom_mixed,512,3,1,0,1,0,0,1,0.167460,39568,/Users/free_1/Library/Mobile Documents/iCloud~md~obsidian/Documents/cpp-checker/branch_3/artifacts/lca_tree_stress_v5/strong_gate_cf_exact_check/runs/correctness_fuzz/broom_mixed/n512/seed3_L1_Q0
correctness_fuzz,broom_mixed,512,3,1,1,1,0,0,1,0.263613,39520,/Users/free_1/Library/Mobile Documents/iCloud~md~obsidian/Documents/cpp-checker/branch_3/artifacts/lca_tree_stress_v5/strong_gate_cf_exact_check/runs/correctness_fuzz/broom_mixed/n512/seed3_L1_Q1
correctness_fuzz,broom_mixed,512,4,0,0,1,0,0,1,0.118219,39632,/Users/free_1/Library/Mobile Documents/iCloud~md~obsidian/Documents/cpp-checker/branch_3/artifacts/lca_tree_stress_v5/strong_gate_cf_exact_check/runs/correctness_fuzz/broom_mixed/n512/seed4_L0_Q0
correctness_fuzz,broom_mixed,512,4,0,1,1,0,0,1,0.188902,39664,/Users/free_1/Library/Mobile Documents/iCloud~md~obsidian/Documents/cpp-checker/branch_3/artifacts/lca_tree_stress_v5/strong_gate_cf_exact_check/runs/correctness_fuzz/broom_mixed/n512/seed4_L0_Q1
correctness_fuzz,broom_mixed,512,4,1,0,1,0,0,1,0.144033,39664,/Users/free_1/Library/Mobile Documents/iCloud~md~obsidian/Documents/cpp-checker/branch_3/artifacts/lca_tree_stress_v5/strong_gate_cf_exact_check/runs/correctness_fuzz/broom_mixed/n512/seed4_L1_Q0
correctness_fuzz,broom_mixed,512,4,1,1,1,0,0,1,0.173574,39632,/Users/free_1/Library/Mobile Documents/iCloud~md~obsidian/Documents/cpp-checker/branch_3/artifacts/lca_tree_stress_v5/strong_gate_cf_exact_check/runs/correctness_fuzz/broom_mixed/n512/seed4_L1_Q1
correctness_fuzz,broom_mixed,512,5,0,0,1,0,0,1,0.109124,39472,/Users/free_1/Library/Mobile Documents/iCloud~md~obsidian/Documents/cpp-checker/branch_3/artifacts/lca_tree_stress_v5/strong_gate_cf_exact_check/runs/correctness_fuzz/broom_mixed/n512/seed5_L0_Q0
correctness_fuzz,broom_mixed,512,5,0,1,1,0,0,1,0.184166,39616,/Users/free_1/Library/Mobile Documents/iCloud~md~obsidian/Documents/cpp-checker/branch_3/artifacts/lca_tree_stress_v5/strong_gate_cf_exact_check/runs/correctness_fuzz/broom_mixed/n512/seed5_L0_Q1
correctness_fuzz,broom_mixed,512,5,1,0,1,0,0,1,0.132485,39536,/Users/free_1/Library/Mobile Documents/iCloud~md~obsidian/Documents/cpp-checker/branch_3/artifacts/lca_tree_stress_v5/strong_gate_cf_exact_check/runs/correctness_fuzz/broom_mixed/n512/seed5_L1_Q0
correctness_fuzz,broom_mixed,512,5,1,1,1,0,0,1,0.178415,39488,/Users/free_1/Library/Mobile Documents/iCloud~md~obsidian/Documents/cpp-checker/branch_3/artifacts/lca_tree_stress_v5/strong_gate_cf_exact_check/runs/correctness_fuzz/broom_mixed/n512/seed5_L1_Q1
correctness_fuzz,broom_mixed,1024,1,0,0,1,0,0,1,0.675386,224896,/Users/free_1/Library/Mobile Documents/iCloud~md~obsidian/Documents/cpp-checker/branch_3/artifacts/lca_tree_stress_v5/strong_gate_cf_exact_check/runs/correctness_fuzz/broom_mixed/n1024/seed1_L0_Q0
correctness_fuzz,broom_mixed,1024,1,0,1,1,-9,1,0,,,/Users/free_1/Library/Mobile Documents/iCloud~md~obsidian/Documents/cpp-checker/branch_3/artifacts/lca_tree_stress_v5/strong_gate_cf_exact_check/runs/correctness_fuzz/broom_mixed/n1024/seed1_L0_Q1
correctness_fuzz,broom_mixed,1024,1,1,0,1,0,0,1,1.023942,225008,/Users/free_1/Library/Mobile Documents/iCloud~md~obsidian/Documents/cpp-checker/branch_3/artifacts/lca_tree_stress_v5/strong_gate_cf_exact_check/runs/correctness_fuzz/broom_mixed/n1024/seed1_L1_Q0
correctness_fuzz,broom_mixed,1024,1,1,1,1,0,0,1,1.051575,224896,/Users/free_1/Library/Mobile Documents/iCloud~md~obsidian/Documents/cpp-checker/branch_3/artifacts/lca_tree_stress_v5/strong_gate_cf_exact_check/runs/correctness_fuzz/broom_mixed/n1024/seed1_L1_Q1
correctness_fuzz,broom_mixed,1024,2,0,0,1,0,0,1,0.636391,225024,/Users/free_1/Library/Mobile Documents/iCloud~md~obsidian/Documents/cpp-checker/branch_3/artifacts/lca_tree_stress_v5/strong_gate_cf_exact_check/runs/correctness_fuzz/broom_mixed/n1024/seed2_L0_Q0
correctness_fuzz,broom_mixed,1024,2,0,1,1,0,0,1,1.055902,224672,/Users/free_1/Library/Mobile Documents/iCloud~md~obsidian/Documents/cpp-checker/branch_3/artifacts/lca_tree_stress_v5/strong_gate_cf_exact_check/runs/correctness_fuzz/broom_mixed/n1024/seed2_L0_Q1
correctness_fuzz,broom_mixed,1024,2,1,0,1,0,0,1,0.821645,224912,/Users/free_1/Library/Mobile Documents/iCloud~md~obsidian/Documents/cpp-checker/branch_3/artifacts/lca_tree_stress_v5/strong_gate_cf_exact_check/runs/correctness_fuzz/broom_mixed/n1024/seed2_L1_Q0
correctness_fuzz,broom_mixed,1024,2,1,1,1,0,0,1,1.391732,224752,/Users/free_1/Library/Mobile Documents/iCloud~md~obsidian/Documents/cpp-checker/branch_3/artifacts/lca_tree_stress_v5/strong_gate_cf_exact_check/runs/correctness_fuzz/broom_mixed/n1024/seed2_L1_Q1
correctness_fuzz,broom_mixed,1024,3,0,0,1,0,0,1,0.665162,224560,/Users/free_1/Library/Mobile Documents/iCloud~md~obsidian/Documents/cpp-checker/branch_3/artifacts/lca_tree_stress_v5/strong_gate_cf_exact_check/runs/correctness_fuzz/broom_mixed/n1024/seed3_L0_Q0
correctness_fuzz,broom_mixed,1024,3,0,1,1,0,0,1,1.048364,224576,/Users/free_1/Library/Mobile Documents/iCloud~md~obsidian/Documents/cpp-checker/branch_3/artifacts/lca_tree_stress_v5/strong_gate_cf_exact_check/runs/correctness_fuzz/broom_mixed/n1024/seed3_L0_Q1
correctness_fuzz,broom_mixed,1024,3,1,0,1,0,0,1,0.825121,224624,/Users/free_1/Library/Mobile Documents/iCloud~md~obsidian/Documents/cpp-checker/branch_3/artifacts/lca_tree_stress_v5/strong_gate_cf_exact_check/runs/correctness_fuzz/broom_mixed/n1024/seed3_L1_Q0
correctness_fuzz,broom_mixed,1024,3,1,1,1,0,0,1,1.111203,224736,/Users/free_1/Library/Mobile Documents/iCloud~md~obsidian/Documents/cpp-checker/branch_3/artifacts/lca_tree_stress_v5/strong_gate_cf_exact_check/runs/correctness_fuzz/broom_mixed/n1024/seed3_L1_Q1
correctness_fuzz,broom_mixed,1024,4,0,0,1,0,0,1,0.904306,225056,/Users/free_1/Library/Mobile Documents/iCloud~md~obsidian/Documents/cpp-checker/branch_3/artifacts/lca_tree_stress_v5/strong_gate_cf_exact_check/runs/correctness_fuzz/broom_mixed/n1024/seed4_L0_Q0
correctness_fuzz,broom_mixed,1024,4,0,1,1,0,0,1,1.069714,224800,/Users/free_1/Library/Mobile Documents/iCloud~md~obsidian/Documents/cpp-checker/branch_3/artifacts/lca_tree_stress_v5/strong_gate_cf_exact_check/runs/correctness_fuzz/broom_mixed/n1024/seed4_L0_Q1
correctness_fuzz,broom_mixed,1024,4,1,0,1,0,0,1,0.822437,224864,/Users/free_1/Library/Mobile Documents/iCloud~md~obsidian/Documents/cpp-checker/branch_3/artifacts/lca_tree_stress_v5/strong_gate_cf_exact_check/runs/correctness_fuzz/broom_mixed/n1024/seed4_L1_Q0
correctness_fuzz,broom_mixed,1024,4,1,1,1,0,0,1,1.411577,225040,/Users/free_1/Library/Mobile Documents/iCloud~md~obsidian/Documents/cpp-checker/branch_3/artifacts/lca_tree_stress_v5/strong_gate_cf_exact_check/runs/correctness_fuzz/broom_mixed/n1024/seed4_L1_Q1
correctness_fuzz,broom_mixed,1024,5,0,0,1,0,0,1,0.709565,225008,/Users/free_1/Library/Mobile Documents/iCloud~md~obsidian/Documents/cpp-checker/branch_3/artifacts/lca_tree_stress_v5/strong_gate_cf_exact_check/runs/correctness_fuzz/broom_mixed/n1024/seed5_L0_Q0
correctness_fuzz,broom_mixed,1024,5,0,1,1,0,0,1,1.027366,224992,/Users/free_1/Library/Mobile Documents/iCloud~md~obsidian/Documents/cpp-checker/branch_3/artifacts/lca_tree_stress_v5/strong_gate_cf_exact_check/runs/correctness_fuzz/broom_mixed/n1024/seed5_L0_Q1
correctness_fuzz,broom_mixed,1024,5,1,0,1,0,0,1,1.036500,224896,/Users/free_1/Library/Mobile Documents/iCloud~md~obsidian/Documents/cpp-checker/branch_3/artifacts/lca_tree_stress_v5/strong_gate_cf_exact_check/runs/correctness_fuzz/broom_mixed/n1024/seed5_L1_Q0
correctness_fuzz,broom_mixed,1024,5,1,1,1,0,0,1,1.306830,225296,/Users/free_1/Library/Mobile Documents/iCloud~md~obsidian/Documents/cpp-checker/branch_3/artifacts/lca_tree_stress_v5/strong_gate_cf_exact_check/runs/correctness_fuzz/broom_mixed/n1024/seed5_L1_Q1
correctness_fuzz,caterpillar_rect_dense,64,1,0,0,1,0,0,1,0.010259,1808,/Users/free_1/Library/Mobile Documents/iCloud~md~obsidian/Documents/cpp-checker/branch_3/artifacts/lca_tree_stress_v5/strong_gate_cf_exact_check/runs/correctness_fuzz/caterpillar_rect_dense/n64/seed1_L0_Q0
correctness_fuzz,caterpillar_rect_dense,64,1,0,1,1,0,0,1,0.012569,1840,/Users/free_1/Library/Mobile Documents/iCloud~md~obsidian/Documents/cpp-checker/branch_3/artifacts/lca_tree_stress_v5/strong_gate_cf_exact_check/runs/correctness_fuzz/caterpillar_rect_dense/n64/seed1_L0_Q1
correctness_fuzz,caterpillar_rect_dense,64,1,1,0,1,0,0,1,0.012564,1872,/Users/free_1/Library/Mobile Documents/iCloud~md~obsidian/Documents/cpp-checker/branch_3/artifacts/lca_tree_stress_v5/strong_gate_cf_exact_check/runs/correctness_fuzz/caterpillar_rect_dense/n64/seed1_L1_Q0
correctness_fuzz,caterpillar_rect_dense,64,1,1,1,1,0,0,1,0.012594,1824,/Users/free_1/Library/Mobile Documents/iCloud~md~obsidian/Documents/cpp-checker/branch_3/artifacts/lca_tree_stress_v5/strong_gate_cf_exact_check/runs/correctness_fuzz/caterpillar_rect_dense/n64/seed1_L1_Q1
correctness_fuzz,caterpillar_rect_dense,64,2,0,0,1,0,0,1,0.012654,1840,/Users/free_1/Library/Mobile Documents/iCloud~md~obsidian/Documents/cpp-checker/branch_3/artifacts/lca_tree_stress_v5/strong_gate_cf_exact_check/runs/correctness_fuzz/caterpillar_rect_dense/n64/seed2_L0_Q0
correctness_fuzz,caterpillar_rect_dense,64,2,0,1,1,0,0,1,0.012065,1872,/Users/free_1/Library/Mobile Documents/iCloud~md~obsidian/Documents/cpp-checker/branch_3/artifacts/lca_tree_stress_v5/strong_gate_cf_exact_check/runs/correctness_fuzz/caterpillar_rect_dense/n64/seed2_L0_Q1
correctness_fuzz,caterpillar_rect_dense,64,2,1,0,1,0,0,1,0.010703,1840,/Users/free_1/Library/Mobile Documents/iCloud~md~obsidian/Documents/cpp-checker/branch_3/artifacts/lca_tree_stress_v5/strong_gate_cf_exact_check/runs/correctness_fuzz/caterpillar_rect_dense/n64/seed2_L1_Q0
correctness_fuzz,caterpillar_rect_dense,64,2,1,1,1,0,0,1,0.010682,1840,/Users/free_1/Library/Mobile Documents/iCloud~md~obsidian/Documents/cpp-checker/branch_3/artifacts/lca_tree_stress_v5/strong_gate_cf_exact_check/runs/correctness_fuzz/caterpillar_rect_dense/n64/seed2_L1_Q1
correctness_fuzz,caterpillar_rect_dense,64,3,0,0,1,0,0,1,0.012548,1856,/Users/free_1/Library/Mobile Documents/iCloud~md~obsidian/Documents/cpp-checker/branch_3/artifacts/lca_tree_stress_v5/strong_gate_cf_exact_check/runs/correctness_fuzz/caterpillar_rect_dense/n64/seed3_L0_Q0
correctness_fuzz,caterpillar_rect_dense,64,3,0,1,1,0,0,1,0.012554,1808,/Users/free_1/Library/Mobile Documents/iCloud~md~obsidian/Documents/cpp-checker/branch_3/artifacts/lca_tree_stress_v5/strong_gate_cf_exact_check/runs/correctness_fuzz/caterpillar_rect_dense/n64/seed3_L0_Q1
correctness_fuzz,caterpillar_rect_dense,64,3,1,0,1,0,0,1,0.012552,1872,/Users/free_1/Library/Mobile Documents/iCloud~md~obsidian/Documents/cpp-checker/branch_3/artifacts/lca_tree_stress_v5/strong_gate_cf_exact_check/runs/correctness_fuzz/caterpillar_rect_dense/n64/seed3_L1_Q0
correctness_fuzz,caterpillar_rect_dense,64,3,1,1,1,0,0,1,0.012007,1872,/Users/free_1/Library/Mobile Documents/iCloud~md~obsidian/Documents/cpp-checker/branch_3/artifacts/lca_tree_stress_v5/strong_gate_cf_exact_check/runs/correctness_fuzz/caterpillar_rect_dense/n64/seed3_L1_Q1
correctness_fuzz,caterpillar_rect_dense,64,4,0,0,1,0,0,1,0.012557,1792,/Users/free_1/Library/Mobile Documents/iCloud~md~obsidian/Documents/cpp-checker/branch_3/artifacts/lca_tree_stress_v5/strong_gate_cf_exact_check/runs/correctness_fuzz/caterpillar_rect_dense/n64/seed4_L0_Q0
correctness_fuzz,caterpillar_rect_dense,64,4,0,1,1,0,0,1,0.011791,1840,/Users/free_1/Library/Mobile Documents/iCloud~md~obsidian/Documents/cpp-checker/branch_3/artifacts/lca_tree_stress_v5/strong_gate_cf_exact_check/runs/correctness_fuzz/caterpillar_rect_dense/n64/seed4_L0_Q1
correctness_fuzz,caterpillar_rect_dense,64,4,1,0,1,0,0,1,0.011591,1792,/Users/free_1/Library/Mobile Documents/iCloud~md~obsidian/Documents/cpp-checker/branch_3/artifacts/lca_tree_stress_v5/strong_gate_cf_exact_check/runs/correctness_fuzz/caterpillar_rect_dense/n64/seed4_L1_Q0
correctness_fuzz,caterpillar_rect_dense,64,4,1,1,1,0,0,1,0.012547,1808,/Users/free_1/Library/Mobile Documents/iCloud~md~obsidian/Documents/cpp-checker/branch_3/artifacts/lca_tree_stress_v5/strong_gate_cf_exact_check/runs/correctness_fuzz/caterpillar_rect_dense/n64/seed4_L1_Q1
correctness_fuzz,caterpillar_rect_dense,64,5,0,0,1,0,0,1,0.012564,1840,/Users/free_1/Library/Mobile Documents/iCloud~md~obsidian/Documents/cpp-checker/branch_3/artifacts/lca_tree_stress_v5/strong_gate_cf_exact_check/runs/correctness_fuzz/caterpillar_rect_dense/n64/seed5_L0_Q0
correctness_fuzz,caterpillar_rect_dense,64,5,0,1,1,0,0,1,0.010489,1872,/Users/free_1/Library/Mobile Documents/iCloud~md~obsidian/Documents/cpp-checker/branch_3/artifacts/lca_tree_stress_v5/strong_gate_cf_exact_check/runs/correctness_fuzz/caterpillar_rect_dense/n64/seed5_L0_Q1
correctness_fuzz,caterpillar_rect_dense,64,5,1,0,1,0,0,1,0.012563,1808,/Users/free_1/Library/Mobile Documents/iCloud~md~obsidian/Documents/cpp-checker/branch_3/artifacts/lca_tree_stress_v5/strong_gate_cf_exact_check/runs/correctness_fuzz/caterpillar_rect_dense/n64/seed5_L1_Q0
correctness_fuzz,caterpillar_rect_dense,64,5,1,1,1,0,0,1,0.012580,1808,/Users/free_1/Library/Mobile Documents/iCloud~md~obsidian/Documents/cpp-checker/branch_3/artifacts/lca_tree_stress_v5/strong_gate_cf_exact_check/runs/correctness_fuzz/caterpillar_rect_dense/n64/seed5_L1_Q1
correctness_fuzz,caterpillar_rect_dense,128,1,0,0,1,0,0,1,0.012560,2768,/Users/free_1/Library/Mobile Documents/iCloud~md~obsidian/Documents/cpp-checker/branch_3/artifacts/lca_tree_stress_v5/strong_gate_cf_exact_check/runs/correctness_fuzz/caterpillar_rect_dense/n128/seed1_L0_Q0
correctness_fuzz,caterpillar_rect_dense,128,1,0,1,1,0,0,1,0.012308,2720,/Users/free_1/Library/Mobile Documents/iCloud~md~obsidian/Documents/cpp-checker/branch_3/artifacts/lca_tree_stress_v5/strong_gate_cf_exact_check/runs/correctness_fuzz/caterpillar_rect_dense/n128/seed1_L0_Q1
correctness_fuzz,caterpillar_rect_dense,128,1,1,0,1,0,0,1,0.010095,2704,/Users/free_1/Library/Mobile Documents/iCloud~md~obsidian/Documents/cpp-checker/branch_3/artifacts/lca_tree_stress_v5/strong_gate_cf_exact_check/runs/correctness_fuzz/caterpillar_rect_dense/n128/seed1_L1_Q0
correctness_fuzz,caterpillar_rect_dense,128,1,1,1,1,0,0,1,0.011791,2688,/Users/free_1/Library/Mobile Documents/iCloud~md~obsidian/Documents/cpp-checker/branch_3/artifacts/lca_tree_stress_v5/strong_gate_cf_exact_check/runs/correctness_fuzz/caterpillar_rect_dense/n128/seed1_L1_Q1
correctness_fuzz,caterpillar_rect_dense,128,2,0,0,1,0,0,1,0.010534,2736,/Users/free_1/Library/Mobile Documents/iCloud~md~obsidian/Documents/cpp-checker/branch_3/artifacts/lca_tree_stress_v5/strong_gate_cf_exact_check/runs/correctness_fuzz/caterpillar_rect_dense/n128/seed2_L0_Q0
correctness_fuzz,caterpillar_rect_dense,128,2,0,1,1,0,0,1,0.012552,2864,/Users/free_1/Library/Mobile Documents/iCloud~md~obsidian/Documents/cpp-checker/branch_3/artifacts/lca_tree_stress_v5/strong_gate_cf_exact_check/runs/correctness_fuzz/caterpillar_rect_dense/n128/seed2_L0_Q1
correctness_fuzz,caterpillar_rect_dense,128,2,1,0,1,0,0,1,0.012569,2784,/Users/free_1/Library/Mobile Documents/iCloud~md~obsidian/Documents/cpp-checker/branch_3/artifacts/lca_tree_stress_v5/strong_gate_cf_exact_check/runs/correctness_fuzz/caterpillar_rect_dense/n128/seed2_L1_Q0
correctness_fuzz,caterpillar_rect_dense,128,2,1,1,1,0,0,1,0.012553,2784,/Users/free_1/Library/Mobile Documents/iCloud~md~obsidian/Documents/cpp-checker/branch_3/artifacts/lca_tree_stress_v5/strong_gate_cf_exact_check/runs/correctness_fuzz/caterpillar_rect_dense/n128/seed2_L1_Q1
correctness_fuzz,caterpillar_rect_dense,128,3,0,0,1,0,0,1,0.011243,2864,/Users/free_1/Library/Mobile Documents/iCloud~md~obsidian/Documents/cpp-checker/branch_3/artifacts/lca_tree_stress_v5/strong_gate_cf_exact_check/runs/correctness_fuzz/caterpillar_rect_dense/n128/seed3_L0_Q0
correctness_fuzz,caterpillar_rect_dense,128,3,0,1,1,0,0,1,0.012516,2736,/Users/free_1/Library/Mobile Documents/iCloud~md~obsidian/Documents/cpp-checker/branch_3/artifacts/lca_tree_stress_v5/strong_gate_cf_exact_check/runs/correctness_fuzz/caterpillar_rect_dense/n128/seed3_L0_Q1
correctness_fuzz,caterpillar_rect_dense,128,3,1,0,1,0,0,1,0.012553,2784,/Users/free_1/Library/Mobile Documents/iCloud~md~obsidian/Documents/cpp-checker/branch_3/artifacts/lca_tree_stress_v5/strong_gate_cf_exact_check/runs/correctness_fuzz/caterpillar_rect_dense/n128/seed3_L1_Q0
correctness_fuzz,caterpillar_rect_dense,128,3,1,1,1,0,0,1,0.012558,2784,/Users/free_1/Library/Mobile Documents/iCloud~md~obsidian/Documents/cpp-checker/branch_3/artifacts/lca_tree_stress_v5/strong_gate_cf_exact_check/runs/correctness_fuzz/caterpillar_rect_dense/n128/seed3_L1_Q1
correctness_fuzz,caterpillar_rect_dense,128,4,0,0,1,0,0,1,0.012567,2768,/Users/free_1/Library/Mobile Documents/iCloud~md~obsidian/Documents/cpp-checker/branch_3/artifacts/lca_tree_stress_v5/strong_gate_cf_exact_check/runs/correctness_fuzz/caterpillar_rect_dense/n128/seed4_L0_Q0
correctness_fuzz,caterpillar_rect_dense,128,4,0,1,1,0,0,1,0.012554,2768,/Users/free_1/Library/Mobile Documents/iCloud~md~obsidian/Documents/cpp-checker/branch_3/artifacts/lca_tree_stress_v5/strong_gate_cf_exact_check/runs/correctness_fuzz/caterpillar_rect_dense/n128/seed4_L0_Q1
correctness_fuzz,caterpillar_rect_dense,128,4,1,0,1,0,0,1,0.010796,2768,/Users/free_1/Library/Mobile Documents/iCloud~md~obsidian/Documents/cpp-checker/branch_3/artifacts/lca_tree_stress_v5/strong_gate_cf_exact_check/runs/correctness_fuzz/caterpillar_rect_dense/n128/seed4_L1_Q0
correctness_fuzz,caterpillar_rect_dense,128,4,1,1,1,0,0,1,0.012460,2752,/Users/free_1/Library/Mobile Documents/iCloud~md~obsidian/Documents/cpp-checker/branch_3/artifacts/lca_tree_stress_v5/strong_gate_cf_exact_check/runs/correctness_fuzz/caterpillar_rect_dense/n128/seed4_L1_Q1
correctness_fuzz,caterpillar_rect_dense,128,5,0,0,1,0,0,1,0.012560,2736,/Users/free_1/Library/Mobile Documents/iCloud~md~obsidian/Documents/cpp-checker/branch_3/artifacts/lca_tree_stress_v5/strong_gate_cf_exact_check/runs/correctness_fuzz/caterpillar_rect_dense/n128/seed5_L0_Q0
correctness_fuzz,caterpillar_rect_dense,128,5,0,1,1,0,0,1,0.012558,2752,/Users/free_1/Library/Mobile Documents/iCloud~md~obsidian/Documents/cpp-checker/branch_3/artifacts/lca_tree_stress_v5/strong_gate_cf_exact_check/runs/correctness_fuzz/caterpillar_rect_dense/n128/seed5_L0_Q1
correctness_fuzz,caterpillar_rect_dense,128,5,1,0,1,0,0,1,0.012557,2720,/Users/free_1/Library/Mobile Documents/iCloud~md~obsidian/Documents/cpp-checker/branch_3/artifacts/lca_tree_stress_v5/strong_gate_cf_exact_check/runs/correctness_fuzz/caterpillar_rect_dense/n128/seed5_L1_Q0
correctness_fuzz,caterpillar_rect_dense,128,5,1,1,1,0,0,1,0.011958,2720,/Users/free_1/Library/Mobile Documents/iCloud~md~obsidian/Documents/cpp-checker/branch_3/artifacts/lca_tree_stress_v5/strong_gate_cf_exact_check/runs/correctness_fuzz/caterpillar_rect_dense/n128/seed5_L1_Q1
correctness_fuzz,caterpillar_rect_dense,256,1,0,0,1,0,0,1,0.025111,6160,/Users/free_1/Library/Mobile Documents/iCloud~md~obsidian/Documents/cpp-checker/branch_3/artifacts/lca_tree_stress_v5/strong_gate_cf_exact_check/runs/correctness_fuzz/caterpillar_rect_dense/n256/seed1_L0_Q0
correctness_fuzz,caterpillar_rect_dense,256,1,0,1,1,0,0,1,0.025154,6128,/Users/free_1/Library/Mobile Documents/iCloud~md~obsidian/Documents/cpp-checker/branch_3/artifacts/lca_tree_stress_v5/strong_gate_cf_exact_check/runs/correctness_fuzz/caterpillar_rect_dense/n256/seed1_L0_Q1
correctness_fuzz,caterpillar_rect_dense,256,1,1,0,1,0,0,1,0.025083,6144,/Users/free_1/Library/Mobile Documents/iCloud~md~obsidian/Documents/cpp-checker/branch_3/artifacts/lca_tree_stress_v5/strong_gate_cf_exact_check/runs/correctness_fuzz/caterpillar_rect_dense/n256/seed1_L1_Q0
correctness_fuzz,caterpillar_rect_dense,256,1,1,1,1,0,0,1,0.025096,6144,/Users/free_1/Library/Mobile Documents/iCloud~md~obsidian/Documents/cpp-checker/branch_3/artifacts/lca_tree_stress_v5/strong_gate_cf_exact_check/runs/correctness_fuzz/caterpillar_rect_dense/n256/seed1_L1_Q1
correctness_fuzz,caterpillar_rect_dense,256,2,0,0,1,0,0,1,0.021656,6128,/Users/free_1/Library/Mobile Documents/iCloud~md~obsidian/Documents/cpp-checker/branch_3/artifacts/lca_tree_stress_v5/strong_gate_cf_exact_check/runs/correctness_fuzz/caterpillar_rect_dense/n256/seed2_L0_Q0
correctness_fuzz,caterpillar_rect_dense,256,2,0,1,1,0,0,1,0.025104,6176,/Users/free_1/Library/Mobile Documents/iCloud~md~obsidian/Documents/cpp-checker/branch_3/artifacts/lca_tree_stress_v5/strong_gate_cf_exact_check/runs/correctness_fuzz/caterpillar_rect_dense/n256/seed2_L0_Q1
correctness_fuzz,caterpillar_rect_dense,256,2,1,0,1,0,0,1,0.024940,6128,/Users/free_1/Library/Mobile Documents/iCloud~md~obsidian/Documents/cpp-checker/branch_3/artifacts/lca_tree_stress_v5/strong_gate_cf_exact_check/runs/correctness_fuzz/caterpillar_rect_dense/n256/seed2_L1_Q0
correctness_fuzz,caterpillar_rect_dense,256,2,1,1,1,0,0,1,0.025110,6128,/Users/free_1/Library/Mobile Documents/iCloud~md~obsidian/Documents/cpp-checker/branch_3/artifacts/lca_tree_stress_v5/strong_gate_cf_exact_check/runs/correctness_fuzz/caterpillar_rect_dense/n256/seed2_L1_Q1
correctness_fuzz,caterpillar_rect_dense,256,3,0,0,1,0,0,1,0.025087,6160,/Users/free_1/Library/Mobile Documents/iCloud~md~obsidian/Documents/cpp-checker/branch_3/artifacts/lca_tree_stress_v5/strong_gate_cf_exact_check/runs/correctness_fuzz/caterpillar_rect_dense/n256/seed3_L0_Q0
correctness_fuzz,caterpillar_rect_dense,256,3,0,1,1,0,0,1,0.024994,6128,/Users/free_1/Library/Mobile Documents/iCloud~md~obsidian/Documents/cpp-checker/branch_3/artifacts/lca_tree_stress_v5/strong_gate_cf_exact_check/runs/correctness_fuzz/caterpillar_rect_dense/n256/seed3_L0_Q1
correctness_fuzz,caterpillar_rect_dense,256,3,1,0,1,0,0,1,0.025136,6144,/Users/free_1/Library/Mobile Documents/iCloud~md~obsidian/Documents/cpp-checker/branch_3/artifacts/lca_tree_stress_v5/strong_gate_cf_exact_check/runs/correctness_fuzz/caterpillar_rect_dense/n256/seed3_L1_Q0
correctness_fuzz,caterpillar_rect_dense,256,3,1,1,1,0,0,1,0.024740,6176,/Users/free_1/Library/Mobile Documents/iCloud~md~obsidian/Documents/cpp-checker/branch_3/artifacts/lca_tree_stress_v5/strong_gate_cf_exact_check/runs/correctness_fuzz/caterpillar_rect_dense/n256/seed3_L1_Q1
correctness_fuzz,caterpillar_rect_dense,256,4,0,0,1,0,0,1,0.024283,6128,/Users/free_1/Library/Mobile Documents/iCloud~md~obsidian/Documents/cpp-checker/branch_3/artifacts/lca_tree_stress_v5/strong_gate_cf_exact_check/runs/correctness_fuzz/caterpillar_rect_dense/n256/seed4_L0_Q0
correctness_fuzz,caterpillar_rect_dense,256,4,0,1,1,0,0,1,0.025179,6128,/Users/free_1/Library/Mobile Documents/iCloud~md~obsidian/Documents/cpp-checker/branch_3/artifacts/lca_tree_stress_v5/strong_gate_cf_exact_check/runs/correctness_fuzz/caterpillar_rect_dense/n256/seed4_L0_Q1
correctness_fuzz,caterpillar_rect_dense,256,4,1,0,1,0,0,1,0.025124,6160,/Users/free_1/Library/Mobile Documents/iCloud~md~obsidian/Documents/cpp-checker/branch_3/artifacts/lca_tree_stress_v5/strong_gate_cf_exact_check/runs/correctness_fuzz/caterpillar_rect_dense/n256/seed4_L1_Q0
correctness_fuzz,caterpillar_rect_dense,256,4,1,1,1,0,0,1,0.024845,6128,/Users/free_1/Library/Mobile Documents/iCloud~md~obsidian/Documents/cpp-checker/branch_3/artifacts/lca_tree_stress_v5/strong_gate_cf_exact_check/runs/correctness_fuzz/caterpillar_rect_dense/n256/seed4_L1_Q1
correctness_fuzz,caterpillar_rect_dense,256,5,0,0,1,0,0,1,0.023631,6112,/Users/free_1/Library/Mobile Documents/iCloud~md~obsidian/Documents/cpp-checker/branch_3/artifacts/lca_tree_stress_v5/strong_gate_cf_exact_check/runs/correctness_fuzz/caterpillar_rect_dense/n256/seed5_L0_Q0
correctness_fuzz,caterpillar_rect_dense,256,5,0,1,1,0,0,1,0.023306,6128,/Users/free_1/Library/Mobile Documents/iCloud~md~obsidian/Documents/cpp-checker/branch_3/artifacts/lca_tree_stress_v5/strong_gate_cf_exact_check/runs/correctness_fuzz/caterpillar_rect_dense/n256/seed5_L0_Q1
correctness_fuzz,caterpillar_rect_dense,256,5,1,0,1,0,0,1,0.021799,6096,/Users/free_1/Library/Mobile Documents/iCloud~md~obsidian/Documents/cpp-checker/branch_3/artifacts/lca_tree_stress_v5/strong_gate_cf_exact_check/runs/correctness_fuzz/caterpillar_rect_dense/n256/seed5_L1_Q0
correctness_fuzz,caterpillar_rect_dense,256,5,1,1,1,0,0,1,0.021894,6112,/Users/free_1/Library/Mobile Documents/iCloud~md~obsidian/Documents/cpp-checker/branch_3/artifacts/lca_tree_stress_v5/strong_gate_cf_exact_check/runs/correctness_fuzz/caterpillar_rect_dense/n256/seed5_L1_Q1
correctness_fuzz,caterpillar_rect_dense,512,1,0,0,1,0,0,1,0.082401,18816,/Users/free_1/Library/Mobile Documents/iCloud~md~obsidian/Documents/cpp-checker/branch_3/artifacts/lca_tree_stress_v5/strong_gate_cf_exact_check/runs/correctness_fuzz/caterpillar_rect_dense/n512/seed1_L0_Q0
correctness_fuzz,caterpillar_rect_dense,512,1,0,1,1,0,0,1,0.095271,18816,/Users/free_1/Library/Mobile Documents/iCloud~md~obsidian/Documents/cpp-checker/branch_3/artifacts/lca_tree_stress_v5/strong_gate_cf_exact_check/runs/correctness_fuzz/caterpillar_rect_dense/n512/seed1_L0_Q1
correctness_fuzz,caterpillar_rect_dense,512,1,1,0,1,0,0,1,0.080198,18816,/Users/free_1/Library/Mobile Documents/iCloud~md~obsidian/Documents/cpp-checker/branch_3/artifacts/lca_tree_stress_v5/strong_gate_cf_exact_check/runs/correctness_fuzz/caterpillar_rect_dense/n512/seed1_L1_Q0
correctness_fuzz,caterpillar_rect_dense,512,1,1,1,1,0,0,1,0.083057,18768,/Users/free_1/Library/Mobile Documents/iCloud~md~obsidian/Documents/cpp-checker/branch_3/artifacts/lca_tree_stress_v5/strong_gate_cf_exact_check/runs/correctness_fuzz/caterpillar_rect_dense/n512/seed1_L1_Q1
correctness_fuzz,caterpillar_rect_dense,512,2,0,0,1,0,0,1,0.084745,18768,/Users/free_1/Library/Mobile Documents/iCloud~md~obsidian/Documents/cpp-checker/branch_3/artifacts/lca_tree_stress_v5/strong_gate_cf_exact_check/runs/correctness_fuzz/caterpillar_rect_dense/n512/seed2_L0_Q0
correctness_fuzz,caterpillar_rect_dense,512,2,0,1,1,0,0,1,0.083578,18800,/Users/free_1/Library/Mobile Documents/iCloud~md~obsidian/Documents/cpp-checker/branch_3/artifacts/lca_tree_stress_v5/strong_gate_cf_exact_check/runs/correctness_fuzz/caterpillar_rect_dense/n512/seed2_L0_Q1
correctness_fuzz,caterpillar_rect_dense,512,2,1,0,1,0,0,1,0.150845,18848,/Users/free_1/Library/Mobile Documents/iCloud~md~obsidian/Documents/cpp-checker/branch_3/artifacts/lca_tree_stress_v5/strong_gate_cf_exact_check/runs/correctness_fuzz/caterpillar_rect_dense/n512/seed2_L1_Q0
correctness_fuzz,caterpillar_rect_dense,512,2,1,1,1,0,0,1,0.130780,18784,/Users/free_1/Library/Mobile Documents/iCloud~md~obsidian/Documents/cpp-checker/branch_3/artifacts/lca_tree_stress_v5/strong_gate_cf_exact_check/runs/correctness_fuzz/caterpillar_rect_dense/n512/seed2_L1_Q1
correctness_fuzz,caterpillar_rect_dense,512,3,0,0,1,0,0,1,0.097776,18704,/Users/free_1/Library/Mobile Documents/iCloud~md~obsidian/Documents/cpp-checker/branch_3/artifacts/lca_tree_stress_v5/strong_gate_cf_exact_check/runs/correctness_fuzz/caterpillar_rect_dense/n512/seed3_L0_Q0
correctness_fuzz,caterpillar_rect_dense,512,3,0,1,1,0,0,1,0.094580,18832,/Users/free_1/Library/Mobile Documents/iCloud~md~obsidian/Documents/cpp-checker/branch_3/artifacts/lca_tree_stress_v5/strong_gate_cf_exact_check/runs/correctness_fuzz/caterpillar_rect_dense/n512/seed3_L0_Q1
correctness_fuzz,caterpillar_rect_dense,512,3,1,0,1,0,0,1,0.084909,18848,/Users/free_1/Library/Mobile Documents/iCloud~md~obsidian/Documents/cpp-checker/branch_3/artifacts/lca_tree_stress_v5/strong_gate_cf_exact_check/runs/correctness_fuzz/caterpillar_rect_dense/n512/seed3_L1_Q0
correctness_fuzz,caterpillar_rect_dense,512,3,1,1,1,0,0,1,0.085083,18816,/Users/free_1/Library/Mobile Documents/iCloud~md~obsidian/Documents/cpp-checker/branch_3/artifacts/lca_tree_stress_v5/strong_gate_cf_exact_check/runs/correctness_fuzz/caterpillar_rect_dense/n512/seed3_L1_Q1
correctness_fuzz,caterpillar_rect_dense,512,4,0,0,1,0,0,1,0.098317,18656,/Users/free_1/Library/Mobile Documents/iCloud~md~obsidian/Documents/cpp-checker/branch_3/artifacts/lca_tree_stress_v5/strong_gate_cf_exact_check/runs/correctness_fuzz/caterpillar_rect_dense/n512/seed4_L0_Q0
correctness_fuzz,caterpillar_rect_dense,512,4,0,1,1,0,0,1,0.141001,18560,/Users/free_1/Library/Mobile Documents/iCloud~md~obsidian/Documents/cpp-checker/branch_3/artifacts/lca_tree_stress_v5/strong_gate_cf_exact_check/runs/correctness_fuzz/caterpillar_rect_dense/n512/seed4_L0_Q1
correctness_fuzz,caterpillar_rect_dense,512,4,1,0,1,0,0,1,0.108124,18784,/Users/free_1/Library/Mobile Documents/iCloud~md~obsidian/Documents/cpp-checker/branch_3/artifacts/lca_tree_stress_v5/strong_gate_cf_exact_check/runs/correctness_fuzz/caterpillar_rect_dense/n512/seed4_L1_Q0
correctness_fuzz,caterpillar_rect_dense,512,4,1,1,1,0,0,1,0.107876,18656,/Users/free_1/Library/Mobile Documents/iCloud~md~obsidian/Documents/cpp-checker/branch_3/artifacts/lca_tree_stress_v5/strong_gate_cf_exact_check/runs/correctness_fuzz/caterpillar_rect_dense/n512/seed4_L1_Q1
correctness_fuzz,caterpillar_rect_dense,512,5,0,0,1,0,0,1,0.121503,18848,/Users/free_1/Library/Mobile Documents/iCloud~md~obsidian/Documents/cpp-checker/branch_3/artifacts/lca_tree_stress_v5/strong_gate_cf_exact_check/runs/correctness_fuzz/caterpillar_rect_dense/n512/seed5_L0_Q0
correctness_fuzz,caterpillar_rect_dense,512,5,0,1,1,0,0,1,0.108384,18928,/Users/free_1/Library/Mobile Documents/iCloud~md~obsidian/Documents/cpp-checker/branch_3/artifacts/lca_tree_stress_v5/strong_gate_cf_exact_check/runs/correctness_fuzz/caterpillar_rect_dense/n512/seed5_L0_Q1
correctness_fuzz,caterpillar_rect_dense,512,5,1,0,1,0,0,1,0.095922,18880,/Users/free_1/Library/Mobile Documents/iCloud~md~obsidian/Documents/cpp-checker/branch_3/artifacts/lca_tree_stress_v5/strong_gate_cf_exact_check/runs/correctness_fuzz/caterpillar_rect_dense/n512/seed5_L1_Q0
correctness_fuzz,caterpillar_rect_dense,512,5,1,1,1,0,0,1,0.086022,18864,/Users/free_1/Library/Mobile Documents/iCloud~md~obsidian/Documents/cpp-checker/branch_3/artifacts/lca_tree_stress_v5/strong_gate_cf_exact_check/runs/correctness_fuzz/caterpillar_rect_dense/n512/seed5_L1_Q1
correctness_fuzz,caterpillar_rect_dense,1024,1,0,0,1,0,0,1,0.377640,68016,/Users/free_1/Library/Mobile Documents/iCloud~md~obsidian/Documents/cpp-checker/branch_3/artifacts/lca_tree_stress_v5/strong_gate_cf_exact_check/runs/correctness_fuzz/caterpillar_rect_dense/n1024/seed1_L0_Q0
correctness_fuzz,caterpillar_rect_dense,1024,1,0,1,1,0,0,1,0.430515,68016,/Users/free_1/Library/Mobile Documents/iCloud~md~obsidian/Documents/cpp-checker/branch_3/artifacts/lca_tree_stress_v5/strong_gate_cf_exact_check/runs/correctness_fuzz/caterpillar_rect_dense/n1024/seed1_L0_Q1
correctness_fuzz,caterpillar_rect_dense,1024,1,1,0,1,0,0,1,0.472417,68160,/Users/free_1/Library/Mobile Documents/iCloud~md~obsidian/Documents/cpp-checker/branch_3/artifacts/lca_tree_stress_v5/strong_gate_cf_exact_check/runs/correctness_fuzz/caterpillar_rect_dense/n1024/seed1_L1_Q0
correctness_fuzz,caterpillar_rect_dense,1024,1,1,1,1,0,0,1,0.432454,68192,/Users/free_1/Library/Mobile Documents/iCloud~md~obsidian/Documents/cpp-checker/branch_3/artifacts/lca_tree_stress_v5/strong_gate_cf_exact_check/runs/correctness_fuzz/caterpillar_rect_dense/n1024/seed1_L1_Q1
correctness_fuzz,caterpillar_rect_dense,1024,2,0,0,1,0,0,1,0.376588,68112,/Users/free_1/Library/Mobile Documents/iCloud~md~obsidian/Documents/cpp-checker/branch_3/artifacts/lca_tree_stress_v5/strong_gate_cf_exact_check/runs/correctness_fuzz/caterpillar_rect_dense/n1024/seed2_L0_Q0
correctness_fuzz,caterpillar_rect_dense,1024,2,0,1,1,0,0,1,0.446760,68192,/Users/free_1/Library/Mobile Documents/iCloud~md~obsidian/Documents/cpp-checker/branch_3/artifacts/lca_tree_stress_v5/strong_gate_cf_exact_check/runs/correctness_fuzz/caterpillar_rect_dense/n1024/seed2_L0_Q1
correctness_fuzz,caterpillar_rect_dense,1024,2,1,0,1,0,0,1,0.359138,68128,/Users/free_1/Library/Mobile Documents/iCloud~md~obsidian/Documents/cpp-checker/branch_3/artifacts/lca_tree_stress_v5/strong_gate_cf_exact_check/runs/correctness_fuzz/caterpillar_rect_dense/n1024/seed2_L1_Q0
correctness_fuzz,caterpillar_rect_dense,1024,2,1,1,1,0,0,1,0.418787,68112,/Users/free_1/Library/Mobile Documents/iCloud~md~obsidian/Documents/cpp-checker/branch_3/artifacts/lca_tree_stress_v5/strong_gate_cf_exact_check/runs/correctness_fuzz/caterpillar_rect_dense/n1024/seed2_L1_Q1
correctness_fuzz,caterpillar_rect_dense,1024,3,0,0,1,0,0,1,0.382595,68096,/Users/free_1/Library/Mobile Documents/iCloud~md~obsidian/Documents/cpp-checker/branch_3/artifacts/lca_tree_stress_v5/strong_gate_cf_exact_check/runs/correctness_fuzz/caterpillar_rect_dense/n1024/seed3_L0_Q0
correctness_fuzz,caterpillar_rect_dense,1024,3,0,1,1,0,0,1,0.382792,68000,/Users/free_1/Library/Mobile Documents/iCloud~md~obsidian/Documents/cpp-checker/branch_3/artifacts/lca_tree_stress_v5/strong_gate_cf_exact_check/runs/correctness_fuzz/caterpillar_rect_dense/n1024/seed3_L0_Q1
correctness_fuzz,caterpillar_rect_dense,1024,3,1,0,1,0,0,1,0.372928,68128,/Users/free_1/Library/Mobile Documents/iCloud~md~obsidian/Documents/cpp-checker/branch_3/artifacts/lca_tree_stress_v5/strong_gate_cf_exact_check/runs/correctness_fuzz/caterpillar_rect_dense/n1024/seed3_L1_Q0
correctness_fuzz,caterpillar_rect_dense,1024,3,1,1,1,0,0,1,0.399620,68064,/Users/free_1/Library/Mobile Documents/iCloud~md~obsidian/Documents/cpp-checker/branch_3/artifacts/lca_tree_stress_v5/strong_gate_cf_exact_check/runs/correctness_fuzz/caterpillar_rect_dense/n1024/seed3_L1_Q1
correctness_fuzz,caterpillar_rect_dense,1024,4,0,0,1,0,0,1,0.380723,67920,/Users/free_1/Library/Mobile Documents/iCloud~md~obsidian/Documents/cpp-checker/branch_3/artifacts/lca_tree_stress_v5/strong_gate_cf_exact_check/runs/correctness_fuzz/caterpillar_rect_dense/n1024/seed4_L0_Q0
correctness_fuzz,caterpillar_rect_dense,1024,4,0,1,1,0,0,1,0.402321,67952,/Users/free_1/Library/Mobile Documents/iCloud~md~obsidian/Documents/cpp-checker/branch_3/artifacts/lca_tree_stress_v5/strong_gate_cf_exact_check/runs/correctness_fuzz/caterpillar_rect_dense/n1024/seed4_L0_Q1
correctness_fuzz,caterpillar_rect_dense,1024,4,1,0,1,0,0,1,0.370875,67952,/Users/free_1/Library/Mobile Documents/iCloud~md~obsidian/Documents/cpp-checker/branch_3/artifacts/lca_tree_stress_v5/strong_gate_cf_exact_check/runs/correctness_fuzz/caterpillar_rect_dense/n1024/seed4_L1_Q0
correctness_fuzz,caterpillar_rect_dense,1024,4,1,1,1,0,0,1,0.372253,67792,/Users/free_1/Library/Mobile Documents/iCloud~md~obsidian/Documents/cpp-checker/branch_3/artifacts/lca_tree_stress_v5/strong_gate_cf_exact_check/runs/correctness_fuzz/caterpillar_rect_dense/n1024/seed4_L1_Q1
correctness_fuzz,caterpillar_rect_dense,1024,5,0,0,1,0,0,1,0.378340,68000,/Users/free_1/Library/Mobile Documents/iCloud~md~obsidian/Documents/cpp-checker/branch_3/artifacts/lca_tree_stress_v5/strong_gate_cf_exact_check/runs/correctness_fuzz/caterpillar_rect_dense/n1024/seed5_L0_Q0
correctness_fuzz,caterpillar_rect_dense,1024,5,0,1,1,0,0,1,0.376578,68032,/Users/free_1/Library/Mobile Documents/iCloud~md~obsidian/Documents/cpp-checker/branch_3/artifacts/lca_tree_stress_v5/strong_gate_cf_exact_check/runs/correctness_fuzz/caterpillar_rect_dense/n1024/seed5_L0_Q1
correctness_fuzz,caterpillar_rect_dense,1024,5,1,0,1,0,0,1,0.379180,68208,/Users/free_1/Library/Mobile Documents/iCloud~md~obsidian/Documents/cpp-checker/branch_3/artifacts/lca_tree_stress_v5/strong_gate_cf_exact_check/runs/correctness_fuzz/caterpillar_rect_dense/n1024/seed5_L1_Q0
correctness_fuzz,caterpillar_rect_dense,1024,5,1,1,1,0,0,1,0.376653,67984,/Users/free_1/Library/Mobile Documents/iCloud~md~obsidian/Documents/cpp-checker/branch_3/artifacts/lca_tree_stress_v5/strong_gate_cf_exact_check/runs/correctness_fuzz/caterpillar_rect_dense/n1024/seed5_L1_Q1
correctness_fuzz,random_recursive_mixed,64,1,0,0,1,0,0,1,0.012264,1600,/Users/free_1/Library/Mobile Documents/iCloud~md~obsidian/Documents/cpp-checker/branch_3/artifacts/lca_tree_stress_v5/strong_gate_cf_exact_check/runs/correctness_fuzz/random_recursive_mixed/n64/seed1_L0_Q0
correctness_fuzz,random_recursive_mixed,64,1,0,1,1,0,0,1,0.012553,1600,/Users/free_1/Library/Mobile Documents/iCloud~md~obsidian/Documents/cpp-checker/branch_3/artifacts/lca_tree_stress_v5/strong_gate_cf_exact_check/runs/correctness_fuzz/random_recursive_mixed/n64/seed1_L0_Q1
correctness_fuzz,random_recursive_mixed,64,1,1,0,1,0,0,1,0.011227,1568,/Users/free_1/Library/Mobile Documents/iCloud~md~obsidian/Documents/cpp-checker/branch_3/artifacts/lca_tree_stress_v5/strong_gate_cf_exact_check/runs/correctness_fuzz/random_recursive_mixed/n64/seed1_L1_Q0
correctness_fuzz,random_recursive_mixed,64,1,1,1,1,0,0,1,0.010216,1600,/Users/free_1/Library/Mobile Documents/iCloud~md~obsidian/Documents/cpp-checker/branch_3/artifacts/lca_tree_stress_v5/strong_gate_cf_exact_check/runs/correctness_fuzz/random_recursive_mixed/n64/seed1_L1_Q1
correctness_fuzz,random_recursive_mixed,64,2,0,0,1,0,0,1,0.012574,1568,/Users/free_1/Library/Mobile Documents/iCloud~md~obsidian/Documents/cpp-checker/branch_3/artifacts/lca_tree_stress_v5/strong_gate_cf_exact_check/runs/correctness_fuzz/random_recursive_mixed/n64/seed2_L0_Q0
correctness_fuzz,random_recursive_mixed,64,2,0,1,1,0,0,1,0.011703,1584,/Users/free_1/Library/Mobile Documents/iCloud~md~obsidian/Documents/cpp-checker/branch_3/artifacts/lca_tree_stress_v5/strong_gate_cf_exact_check/runs/correctness_fuzz/random_recursive_mixed/n64/seed2_L0_Q1
correctness_fuzz,random_recursive_mixed,64,2,1,0,1,0,0,1,0.012571,1584,/Users/free_1/Library/Mobile Documents/iCloud~md~obsidian/Documents/cpp-checker/branch_3/artifacts/lca_tree_stress_v5/strong_gate_cf_exact_check/runs/correctness_fuzz/random_recursive_mixed/n64/seed2_L1_Q0
correctness_fuzz,random_recursive_mixed,64,2,1,1,1,0,0,1,0.012318,1584,/Users/free_1/Library/Mobile Documents/iCloud~md~obsidian/Documents/cpp-checker/branch_3/artifacts/lca_tree_stress_v5/strong_gate_cf_exact_check/runs/correctness_fuzz/random_recursive_mixed/n64/seed2_L1_Q1
correctness_fuzz,random_recursive_mixed,64,3,0,0,1,0,0,1,0.011221,1632,/Users/free_1/Library/Mobile Documents/iCloud~md~obsidian/Documents/cpp-checker/branch_3/artifacts/lca_tree_stress_v5/strong_gate_cf_exact_check/runs/correctness_fuzz/random_recursive_mixed/n64/seed3_L0_Q0
correctness_fuzz,random_recursive_mixed,64,3,0,1,1,0,0,1,0.012570,1632,/Users/free_1/Library/Mobile Documents/iCloud~md~obsidian/Documents/cpp-checker/branch_3/artifacts/lca_tree_stress_v5/strong_gate_cf_exact_check/runs/correctness_fuzz/random_recursive_mixed/n64/seed3_L0_Q1
correctness_fuzz,random_recursive_mixed,64,3,1,0,1,0,0,1,0.012562,1632,/Users/free_1/Library/Mobile Documents/iCloud~md~obsidian/Documents/cpp-checker/branch_3/artifacts/lca_tree_stress_v5/strong_gate_cf_exact_check/runs/correctness_fuzz/random_recursive_mixed/n64/seed3_L1_Q0
correctness_fuzz,random_recursive_mixed,64,3,1,1,1,0,0,1,0.010668,1616,/Users/free_1/Library/Mobile Documents/iCloud~md~obsidian/Documents/cpp-checker/branch_3/artifacts/lca_tree_stress_v5/strong_gate_cf_exact_check/runs/correctness_fuzz/random_recursive_mixed/n64/seed3_L1_Q1
correctness_fuzz,random_recursive_mixed,64,4,0,0,1,0,0,1,0.012570,1536,/Users/free_1/Library/Mobile Documents/iCloud~md~obsidian/Documents/cpp-checker/branch_3/artifacts/lca_tree_stress_v5/strong_gate_cf_exact_check/runs/correctness_fuzz/random_recursive_mixed/n64/seed4_L0_Q0
correctness_fuzz,random_recursive_mixed,64,4,0,1,1,0,0,1,0.011159,1536,/Users/free_1/Library/Mobile Documents/iCloud~md~obsidian/Documents/cpp-checker/branch_3/artifacts/lca_tree_stress_v5/strong_gate_cf_exact_check/runs/correctness_fuzz/random_recursive_mixed/n64/seed4_L0_Q1
correctness_fuzz,random_recursive_mixed,64,4,1,0,1,0,0,1,0.010822,1536,/Users/free_1/Library/Mobile Documents/iCloud~md~obsidian/Documents/cpp-checker/branch_3/artifacts/lca_tree_stress_v5/strong_gate_cf_exact_check/runs/correctness_fuzz/random_recursive_mixed/n64/seed4_L1_Q0
correctness_fuzz,random_recursive_mixed,64,4,1,1,1,0,0,1,0.012568,1536,/Users/free_1/Library/Mobile Documents/iCloud~md~obsidian/Documents/cpp-checker/branch_3/artifacts/lca_tree_stress_v5/strong_gate_cf_exact_check/runs/correctness_fuzz/random_recursive_mixed/n64/seed4_L1_Q1
correctness_fuzz,random_recursive_mixed,64,5,0,0,1,0,0,1,0.010300,1552,/Users/free_1/Library/Mobile Documents/iCloud~md~obsidian/Documents/cpp-checker/branch_3/artifacts/lca_tree_stress_v5/strong_gate_cf_exact_check/runs/correctness_fuzz/random_recursive_mixed/n64/seed5_L0_Q0
correctness_fuzz,random_recursive_mixed,64,5,0,1,1,0,0,1,0.012296,1552,/Users/free_1/Library/Mobile Documents/iCloud~md~obsidian/Documents/cpp-checker/branch_3/artifacts/lca_tree_stress_v5/strong_gate_cf_exact_check/runs/correctness_fuzz/random_recursive_mixed/n64/seed5_L0_Q1
correctness_fuzz,random_recursive_mixed,64,5,1,0,1,0,0,1,0.011674,1552,/Users/free_1/Library/Mobile Documents/iCloud~md~obsidian/Documents/cpp-checker/branch_3/artifacts/lca_tree_stress_v5/strong_gate_cf_exact_check/runs/correctness_fuzz/random_recursive_mixed/n64/seed5_L1_Q0
correctness_fuzz,random_recursive_mixed,64,5,1,1,1,0,0,1,0.011088,1552,/Users/free_1/Library/Mobile Documents/iCloud~md~obsidian/Documents/cpp-checker/branch_3/artifacts/lca_tree_stress_v5/strong_gate_cf_exact_check/runs/correctness_fuzz/random_recursive_mixed/n64/seed5_L1_Q1
correctness_fuzz,random_recursive_mixed,128,1,0,0,1,0,0,1,0.010989,1792,/Users/free_1/Library/Mobile Documents/iCloud~md~obsidian/Documents/cpp-checker/branch_3/artifacts/lca_tree_stress_v5/strong_gate_cf_exact_check/runs/correctness_fuzz/random_recursive_mixed/n128/seed1_L0_Q0
correctness_fuzz,random_recursive_mixed,128,1,0,1,1,0,0,1,0.012564,1776,/Users/free_1/Library/Mobile Documents/iCloud~md~obsidian/Documents/cpp-checker/branch_3/artifacts/lca_tree_stress_v5/strong_gate_cf_exact_check/runs/correctness_fuzz/random_recursive_mixed/n128/seed1_L0_Q1
correctness_fuzz,random_recursive_mixed,128,1,1,0,1,0,0,1,0.012558,1776,/Users/free_1/Library/Mobile Documents/iCloud~md~obsidian/Documents/cpp-checker/branch_3/artifacts/lca_tree_stress_v5/strong_gate_cf_exact_check/runs/correctness_fuzz/random_recursive_mixed/n128/seed1_L1_Q0
correctness_fuzz,random_recursive_mixed,128,1,1,1,1,0,0,1,0.011653,1776,/Users/free_1/Library/Mobile Documents/iCloud~md~obsidian/Documents/cpp-checker/branch_3/artifacts/lca_tree_stress_v5/strong_gate_cf_exact_check/runs/correctness_fuzz/random_recursive_mixed/n128/seed1_L1_Q1
correctness_fuzz,random_recursive_mixed,128,2,0,0,1,0,0,1,0.012560,1760,/Users/free_1/Library/Mobile Documents/iCloud~md~obsidian/Documents/cpp-checker/branch_3/artifacts/lca_tree_stress_v5/strong_gate_cf_exact_check/runs/correctness_fuzz/random_recursive_mixed/n128/seed2_L0_Q0
correctness_fuzz,random_recursive_mixed,128,2,0,1,1,0,0,1,0.010628,1792,/Users/free_1/Library/Mobile Documents/iCloud~md~obsidian/Documents/cpp-checker/branch_3/artifacts/lca_tree_stress_v5/strong_gate_cf_exact_check/runs/correctness_fuzz/random_recursive_mixed/n128/seed2_L0_Q1
correctness_fuzz,random_recursive_mixed,128,2,1,0,1,0,0,1,0.012555,1792,/Users/free_1/Library/Mobile Documents/iCloud~md~obsidian/Documents/cpp-checker/branch_3/artifacts/lca_tree_stress_v5/strong_gate_cf_exact_check/runs/correctness_fuzz/random_recursive_mixed/n128/seed2_L1_Q0
correctness_fuzz,random_recursive_mixed,128,2,1,1,1,0,0,1,0.010322,1792,/Users/free_1/Library/Mobile Documents/iCloud~md~obsidian/Documents/cpp-checker/branch_3/artifacts/lca_tree_stress_v5/strong_gate_cf_exact_check/runs/correctness_fuzz/random_recursive_mixed/n128/seed2_L1_Q1
correctness_fuzz,random_recursive_mixed,128,3,0,0,1,0,0,1,0.010642,1776,/Users/free_1/Library/Mobile Documents/iCloud~md~obsidian/Documents/cpp-checker/branch_3/artifacts/lca_tree_stress_v5/strong_gate_cf_exact_check/runs/correctness_fuzz/random_recursive_mixed/n128/seed3_L0_Q0
correctness_fuzz,random_recursive_mixed,128,3,0,1,1,0,0,1,0.012564,1776,/Users/free_1/Library/Mobile Documents/iCloud~md~obsidian/Documents/cpp-checker/branch_3/artifacts/lca_tree_stress_v5/strong_gate_cf_exact_check/runs/correctness_fuzz/random_recursive_mixed/n128/seed3_L0_Q1
correctness_fuzz,random_recursive_mixed,128,3,1,0,1,0,0,1,0.010484,1760,/Users/free_1/Library/Mobile Documents/iCloud~md~obsidian/Documents/cpp-checker/branch_3/artifacts/lca_tree_stress_v5/strong_gate_cf_exact_check/runs/correctness_fuzz/random_recursive_mixed/n128/seed3_L1_Q0
correctness_fuzz,random_recursive_mixed,128,3,1,1,1,0,0,1,0.010593,1760,/Users/free_1/Library/Mobile Documents/iCloud~md~obsidian/Documents/cpp-checker/branch_3/artifacts/lca_tree_stress_v5/strong_gate_cf_exact_check/runs/correctness_fuzz/random_recursive_mixed/n128/seed3_L1_Q1
correctness_fuzz,random_recursive_mixed,128,4,0,0,1,0,0,1,0.012574,1712,/Users/free_1/Library/Mobile Documents/iCloud~md~obsidian/Documents/cpp-checker/branch_3/artifacts/lca_tree_stress_v5/strong_gate_cf_exact_check/runs/correctness_fuzz/random_recursive_mixed/n128/seed4_L0_Q0
correctness_fuzz,random_recursive_mixed,128,4,0,1,1,0,0,1,0.011891,1744,/Users/free_1/Library/Mobile Documents/iCloud~md~obsidian/Documents/cpp-checker/branch_3/artifacts/lca_tree_stress_v5/strong_gate_cf_exact_check/runs/correctness_fuzz/random_recursive_mixed/n128/seed4_L0_Q1
correctness_fuzz,random_recursive_mixed,128,4,1,0,1,0,0,1,0.012563,1696,/Users/free_1/Library/Mobile Documents/iCloud~md~obsidian/Documents/cpp-checker/branch_3/artifacts/lca_tree_stress_v5/strong_gate_cf_exact_check/runs/correctness_fuzz/random_recursive_mixed/n128/seed4_L1_Q0
correctness_fuzz,random_recursive_mixed,128,4,1,1,1,0,0,1,0.011084,1728,/Users/free_1/Library/Mobile Documents/iCloud~md~obsidian/Documents/cpp-checker/branch_3/artifacts/lca_tree_stress_v5/strong_gate_cf_exact_check/runs/correctness_fuzz/random_recursive_mixed/n128/seed4_L1_Q1
correctness_fuzz,random_recursive_mixed,128,5,0,0,1,0,0,1,0.012565,1712,/Users/free_1/Library/Mobile Documents/iCloud~md~obsidian/Documents/cpp-checker/branch_3/artifacts/lca_tree_stress_v5/strong_gate_cf_exact_check/runs/correctness_fuzz/random_recursive_mixed/n128/seed5_L0_Q0
correctness_fuzz,random_recursive_mixed,128,5,0,1,1,0,0,1,0.012556,1744,/Users/free_1/Library/Mobile Documents/iCloud~md~obsidian/Documents/cpp-checker/branch_3/artifacts/lca_tree_stress_v5/strong_gate_cf_exact_check/runs/correctness_fuzz/random_recursive_mixed/n128/seed5_L0_Q1
correctness_fuzz,random_recursive_mixed,128,5,1,0,1,0,0,1,0.012231,1744,/Users/free_1/Library/Mobile Documents/iCloud~md~obsidian/Documents/cpp-checker/branch_3/artifacts/lca_tree_stress_v5/strong_gate_cf_exact_check/runs/correctness_fuzz/random_recursive_mixed/n128/seed5_L1_Q0
correctness_fuzz,random_recursive_mixed,128,5,1,1,1,0,0,1,0.012567,1712,/Users/free_1/Library/Mobile Documents/iCloud~md~obsidian/Documents/cpp-checker/branch_3/artifacts/lca_tree_stress_v5/strong_gate_cf_exact_check/runs/correctness_fuzz/random_recursive_mixed/n128/seed5_L1_Q1
correctness_fuzz,random_recursive_mixed,256,1,0,0,1,0,0,1,0.011499,2112,/Users/free_1/Library/Mobile Documents/iCloud~md~obsidian/Documents/cpp-checker/branch_3/artifacts/lca_tree_stress_v5/strong_gate_cf_exact_check/runs/correctness_fuzz/random_recursive_mixed/n256/seed1_L0_Q0
correctness_fuzz,random_recursive_mixed,256,1,0,1,1,0,0,1,0.012570,2112,/Users/free_1/Library/Mobile Documents/iCloud~md~obsidian/Documents/cpp-checker/branch_3/artifacts/lca_tree_stress_v5/strong_gate_cf_exact_check/runs/correctness_fuzz/random_recursive_mixed/n256/seed1_L0_Q1
correctness_fuzz,random_recursive_mixed,256,1,1,0,1,0,0,1,0.011803,2128,/Users/free_1/Library/Mobile Documents/iCloud~md~obsidian/Documents/cpp-checker/branch_3/artifacts/lca_tree_stress_v5/strong_gate_cf_exact_check/runs/correctness_fuzz/random_recursive_mixed/n256/seed1_L1_Q0
correctness_fuzz,random_recursive_mixed,256,1,1,1,1,0,0,1,0.010873,2144,/Users/free_1/Library/Mobile Documents/iCloud~md~obsidian/Documents/cpp-checker/branch_3/artifacts/lca_tree_stress_v5/strong_gate_cf_exact_check/runs/correctness_fuzz/random_recursive_mixed/n256/seed1_L1_Q1
correctness_fuzz,random_recursive_mixed,256,2,0,0,1,0,0,1,0.012564,2176,/Users/free_1/Library/Mobile Documents/iCloud~md~obsidian/Documents/cpp-checker/branch_3/artifacts/lca_tree_stress_v5/strong_gate_cf_exact_check/runs/correctness_fuzz/random_recursive_mixed/n256/seed2_L0_Q0
correctness_fuzz,random_recursive_mixed,256,2,0,1,1,0,0,1,0.012562,2144,/Users/free_1/Library/Mobile Documents/iCloud~md~obsidian/Documents/cpp-checker/branch_3/artifacts/lca_tree_stress_v5/strong_gate_cf_exact_check/runs/correctness_fuzz/random_recursive_mixed/n256/seed2_L0_Q1
correctness_fuzz,random_recursive_mixed,256,2,1,0,1,0,0,1,0.010183,2064,/Users/free_1/Library/Mobile Documents/iCloud~md~obsidian/Documents/cpp-checker/branch_3/artifacts/lca_tree_stress_v5/strong_gate_cf_exact_check/runs/correctness_fuzz/random_recursive_mixed/n256/seed2_L1_Q0
correctness_fuzz,random_recursive_mixed,256,2,1,1,1,0,0,1,0.012584,2160,/Users/free_1/Library/Mobile Documents/iCloud~md~obsidian/Documents/cpp-checker/branch_3/artifacts/lca_tree_stress_v5/strong_gate_cf_exact_check/runs/correctness_fuzz/random_recursive_mixed/n256/seed2_L1_Q1
correctness_fuzz,random_recursive_mixed,256,3,0,0,1,0,0,1,0.012652,2192,/Users/free_1/Library/Mobile Documents/iCloud~md~obsidian/Documents/cpp-checker/branch_3/artifacts/lca_tree_stress_v5/strong_gate_cf_exact_check/runs/correctness_fuzz/random_recursive_mixed/n256/seed3_L0_Q0
correctness_fuzz,random_recursive_mixed,256,3,0,1,1,0,0,1,0.012565,2112,/Users/free_1/Library/Mobile Documents/iCloud~md~obsidian/Documents/cpp-checker/branch_3/artifacts/lca_tree_stress_v5/strong_gate_cf_exact_check/runs/correctness_fuzz/random_recursive_mixed/n256/seed3_L0_Q1
correctness_fuzz,random_recursive_mixed,256,3,1,0,1,0,0,1,0.010871,2080,/Users/free_1/Library/Mobile Documents/iCloud~md~obsidian/Documents/cpp-checker/branch_3/artifacts/lca_tree_stress_v5/strong_gate_cf_exact_check/runs/correctness_fuzz/random_recursive_mixed/n256/seed3_L1_Q0
correctness_fuzz,random_recursive_mixed,256,3,1,1,1,0,0,1,0.012561,2096,/Users/free_1/Library/Mobile Documents/iCloud~md~obsidian/Documents/cpp-checker/branch_3/artifacts/lca_tree_stress_v5/strong_gate_cf_exact_check/runs/correctness_fuzz/random_recursive_mixed/n256/seed3_L1_Q1
correctness_fuzz,random_recursive_mixed,256,4,0,0,1,0,0,1,0.012404,2064,/Users/free_1/Library/Mobile Documents/iCloud~md~obsidian/Documents/cpp-checker/branch_3/artifacts/lca_tree_stress_v5/strong_gate_cf_exact_check/runs/correctness_fuzz/random_recursive_mixed/n256/seed4_L0_Q0
correctness_fuzz,random_recursive_mixed,256,4,0,1,1,0,0,1,0.012554,2032,/Users/free_1/Library/Mobile Documents/iCloud~md~obsidian/Documents/cpp-checker/branch_3/artifacts/lca_tree_stress_v5/strong_gate_cf_exact_check/runs/correctness_fuzz/random_recursive_mixed/n256/seed4_L0_Q1
correctness_fuzz,random_recursive_mixed,256,4,1,0,1,0,0,1,0.012555,2048,/Users/free_1/Library/Mobile Documents/iCloud~md~obsidian/Documents/cpp-checker/branch_3/artifacts/lca_tree_stress_v5/strong_gate_cf_exact_check/runs/correctness_fuzz/random_recursive_mixed/n256/seed4_L1_Q0
correctness_fuzz,random_recursive_mixed,256,4,1,1,1,0,0,1,0.012653,2032,/Users/free_1/Library/Mobile Documents/iCloud~md~obsidian/Documents/cpp-checker/branch_3/artifacts/lca_tree_stress_v5/strong_gate_cf_exact_check/runs/correctness_fuzz/random_recursive_mixed/n256/seed4_L1_Q1
correctness_fuzz,random_recursive_mixed,256,5,0,0,1,0,0,1,0.012535,2080,/Users/free_1/Library/Mobile Documents/iCloud~md~obsidian/Documents/cpp-checker/branch_3/artifacts/lca_tree_stress_v5/strong_gate_cf_exact_check/runs/correctness_fuzz/random_recursive_mixed/n256/seed5_L0_Q0
correctness_fuzz,random_recursive_mixed,256,5,0,1,1,0,0,1,0.012560,2064,/Users/free_1/Library/Mobile Documents/iCloud~md~obsidian/Documents/cpp-checker/branch_3/artifacts/lca_tree_stress_v5/strong_gate_cf_exact_check/runs/correctness_fuzz/random_recursive_mixed/n256/seed5_L0_Q1
correctness_fuzz,random_recursive_mixed,256,5,1,0,1,0,0,1,0.010724,2096,/Users/free_1/Library/Mobile Documents/iCloud~md~obsidian/Documents/cpp-checker/branch_3/artifacts/lca_tree_stress_v5/strong_gate_cf_exact_check/runs/correctness_fuzz/random_recursive_mixed/n256/seed5_L1_Q0
correctness_fuzz,random_recursive_mixed,256,5,1,1,1,0,0,1,0.012564,2080,/Users/free_1/Library/Mobile Documents/iCloud~md~obsidian/Documents/cpp-checker/branch_3/artifacts/lca_tree_stress_v5/strong_gate_cf_exact_check/runs/correctness_fuzz/random_recursive_mixed/n256/seed5_L1_Q1
correctness_fuzz,random_recursive_mixed,512,1,0,0,1,0,0,1,0.012033,2816,/Users/free_1/Library/Mobile Documents/iCloud~md~obsidian/Documents/cpp-checker/branch_3/artifacts/lca_tree_stress_v5/strong_gate_cf_exact_check/runs/correctness_fuzz/random_recursive_mixed/n512/seed1_L0_Q0
correctness_fuzz,random_recursive_mixed,512,1,0,1,1,0,0,1,0.012565,2832,/Users/free_1/Library/Mobile Documents/iCloud~md~obsidian/Documents/cpp-checker/branch_3/artifacts/lca_tree_stress_v5/strong_gate_cf_exact_check/runs/correctness_fuzz/random_recursive_mixed/n512/seed1_L0_Q1
correctness_fuzz,random_recursive_mixed,512,1,1,0,1,0,0,1,0.012560,2816,/Users/free_1/Library/Mobile Documents/iCloud~md~obsidian/Documents/cpp-checker/branch_3/artifacts/lca_tree_stress_v5/strong_gate_cf_exact_check/runs/correctness_fuzz/random_recursive_mixed/n512/seed1_L1_Q0
correctness_fuzz,random_recursive_mixed,512,1,1,1,1,0,0,1,0.012555,2800,/Users/free_1/Library/Mobile Documents/iCloud~md~obsidian/Documents/cpp-checker/branch_3/artifacts/lca_tree_stress_v5/strong_gate_cf_exact_check/runs/correctness_fuzz/random_recursive_mixed/n512/seed1_L1_Q1
correctness_fuzz,random_recursive_mixed,512,2,0,0,1,0,0,1,0.012563,2720,/Users/free_1/Library/Mobile Documents/iCloud~md~obsidian/Documents/cpp-checker/branch_3/artifacts/lca_tree_stress_v5/strong_gate_cf_exact_check/runs/correctness_fuzz/random_recursive_mixed/n512/seed2_L0_Q0
correctness_fuzz,random_recursive_mixed,512,2,0,1,1,0,0,1,0.012557,2768,/Users/free_1/Library/Mobile Documents/iCloud~md~obsidian/Documents/cpp-checker/branch_3/artifacts/lca_tree_stress_v5/strong_gate_cf_exact_check/runs/correctness_fuzz/random_recursive_mixed/n512/seed2_L0_Q1
correctness_fuzz,random_recursive_mixed,512,2,1,0,1,0,0,1,0.012555,2784,/Users/free_1/Library/Mobile Documents/iCloud~md~obsidian/Documents/cpp-checker/branch_3/artifacts/lca_tree_stress_v5/strong_gate_cf_exact_check/runs/correctness_fuzz/random_recursive_mixed/n512/seed2_L1_Q0
correctness_fuzz,random_recursive_mixed,512,2,1,1,1,0,0,1,0.012567,2768,/Users/free_1/Library/Mobile Documents/iCloud~md~obsidian/Documents/cpp-checker/branch_3/artifacts/lca_tree_stress_v5/strong_gate_cf_exact_check/runs/correctness_fuzz/random_recursive_mixed/n512/seed2_L1_Q1
correctness_fuzz,random_recursive_mixed,512,3,0,0,1,0,0,1,0.012552,2832,/Users/free_1/Library/Mobile Documents/iCloud~md~obsidian/Documents/cpp-checker/branch_3/artifacts/lca_tree_stress_v5/strong_gate_cf_exact_check/runs/correctness_fuzz/random_recursive_mixed/n512/seed3_L0_Q0
correctness_fuzz,random_recursive_mixed,512,3,0,1,1,0,0,1,0.012552,2768,/Users/free_1/Library/Mobile Documents/iCloud~md~obsidian/Documents/cpp-checker/branch_3/artifacts/lca_tree_stress_v5/strong_gate_cf_exact_check/runs/correctness_fuzz/random_recursive_mixed/n512/seed3_L0_Q1
correctness_fuzz,random_recursive_mixed,512,3,1,0,1,0,0,1,0.012554,2784,/Users/free_1/Library/Mobile Documents/iCloud~md~obsidian/Documents/cpp-checker/branch_3/artifacts/lca_tree_stress_v5/strong_gate_cf_exact_check/runs/correctness_fuzz/random_recursive_mixed/n512/seed3_L1_Q0
correctness_fuzz,random_recursive_mixed,512,3,1,1,1,0,0,1,0.012551,2768,/Users/free_1/Library/Mobile Documents/iCloud~md~obsidian/Documents/cpp-checker/branch_3/artifacts/lca_tree_stress_v5/strong_gate_cf_exact_check/runs/correctness_fuzz/random_recursive_mixed/n512/seed3_L1_Q1
correctness_fuzz,random_recursive_mixed,512,4,0,0,1,0,0,1,0.012565,2640,/Users/free_1/Library/Mobile Documents/iCloud~md~obsidian/Documents/cpp-checker/branch_3/artifacts/lca_tree_stress_v5/strong_gate_cf_exact_check/runs/correctness_fuzz/random_recursive_mixed/n512/seed4_L0_Q0
correctness_fuzz,random_recursive_mixed,512,4,0,1,1,0,0,1,0.010367,2704,/Users/free_1/Library/Mobile Documents/iCloud~md~obsidian/Documents/cpp-checker/branch_3/artifacts/lca_tree_stress_v5/strong_gate_cf_exact_check/runs/correctness_fuzz/random_recursive_mixed/n512/seed4_L0_Q1
correctness_fuzz,random_recursive_mixed,512,4,1,0,1,0,0,1,0.012564,2656,/Users/free_1/Library/Mobile Documents/iCloud~md~obsidian/Documents/cpp-checker/branch_3/artifacts/lca_tree_stress_v5/strong_gate_cf_exact_check/runs/correctness_fuzz/random_recursive_mixed/n512/seed4_L1_Q0
correctness_fuzz,random_recursive_mixed,512,4,1,1,1,0,0,1,0.011875,2656,/Users/free_1/Library/Mobile Documents/iCloud~md~obsidian/Documents/cpp-checker/branch_3/artifacts/lca_tree_stress_v5/strong_gate_cf_exact_check/runs/correctness_fuzz/random_recursive_mixed/n512/seed4_L1_Q1
correctness_fuzz,random_recursive_mixed,512,5,0,0,1,0,0,1,0.012555,2704,/Users/free_1/Library/Mobile Documents/iCloud~md~obsidian/Documents/cpp-checker/branch_3/artifacts/lca_tree_stress_v5/strong_gate_cf_exact_check/runs/correctness_fuzz/random_recursive_mixed/n512/seed5_L0_Q0
correctness_fuzz,random_recursive_mixed,512,5,0,1,1,0,0,1,0.010451,2704,/Users/free_1/Library/Mobile Documents/iCloud~md~obsidian/Documents/cpp-checker/branch_3/artifacts/lca_tree_stress_v5/strong_gate_cf_exact_check/runs/correctness_fuzz/random_recursive_mixed/n512/seed5_L0_Q1
correctness_fuzz,random_recursive_mixed,512,5,1,0,1,0,0,1,0.012564,2704,/Users/free_1/Library/Mobile Documents/iCloud~md~obsidian/Documents/cpp-checker/branch_3/artifacts/lca_tree_stress_v5/strong_gate_cf_exact_check/runs/correctness_fuzz/random_recursive_mixed/n512/seed5_L1_Q0
correctness_fuzz,random_recursive_mixed,512,5,1,1,1,0,0,1,0.010273,2688,/Users/free_1/Library/Mobile Documents/iCloud~md~obsidian/Documents/cpp-checker/branch_3/artifacts/lca_tree_stress_v5/strong_gate_cf_exact_check/runs/correctness_fuzz/random_recursive_mixed/n512/seed5_L1_Q1
correctness_fuzz,random_recursive_mixed,1024,1,0,0,1,0,0,1,0.023165,4160,/Users/free_1/Library/Mobile Documents/iCloud~md~obsidian/Documents/cpp-checker/branch_3/artifacts/lca_tree_stress_v5/strong_gate_cf_exact_check/runs/correctness_fuzz/random_recursive_mixed/n1024/seed1_L0_Q0
correctness_fuzz,random_recursive_mixed,1024,1,0,1,1,0,0,1,0.012557,4288,/Users/free_1/Library/Mobile Documents/iCloud~md~obsidian/Documents/cpp-checker/branch_3/artifacts/lca_tree_stress_v5/strong_gate_cf_exact_check/runs/correctness_fuzz/random_recursive_mixed/n1024/seed1_L0_Q1
correctness_fuzz,random_recursive_mixed,1024,1,1,0,1,0,0,1,0.012571,4096,/Users/free_1/Library/Mobile Documents/iCloud~md~obsidian/Documents/cpp-checker/branch_3/artifacts/lca_tree_stress_v5/strong_gate_cf_exact_check/runs/correctness_fuzz/random_recursive_mixed/n1024/seed1_L1_Q0
correctness_fuzz,random_recursive_mixed,1024,1,1,1,1,0,0,1,0.012557,4160,/Users/free_1/Library/Mobile Documents/iCloud~md~obsidian/Documents/cpp-checker/branch_3/artifacts/lca_tree_stress_v5/strong_gate_cf_exact_check/runs/correctness_fuzz/random_recursive_mixed/n1024/seed1_L1_Q1
correctness_fuzz,random_recursive_mixed,1024,2,0,0,1,0,0,1,0.010082,3824,/Users/free_1/Library/Mobile Documents/iCloud~md~obsidian/Documents/cpp-checker/branch_3/artifacts/lca_tree_stress_v5/strong_gate_cf_exact_check/runs/correctness_fuzz/random_recursive_mixed/n1024/seed2_L0_Q0
correctness_fuzz,random_recursive_mixed,1024,2,0,1,1,0,0,1,0.012568,3872,/Users/free_1/Library/Mobile Documents/iCloud~md~obsidian/Documents/cpp-checker/branch_3/artifacts/lca_tree_stress_v5/strong_gate_cf_exact_check/runs/correctness_fuzz/random_recursive_mixed/n1024/seed2_L0_Q1
correctness_fuzz,random_recursive_mixed,1024,2,1,0,1,0,0,1,0.012566,3920,/Users/free_1/Library/Mobile Documents/iCloud~md~obsidian/Documents/cpp-checker/branch_3/artifacts/lca_tree_stress_v5/strong_gate_cf_exact_check/runs/correctness_fuzz/random_recursive_mixed/n1024/seed2_L1_Q0
correctness_fuzz,random_recursive_mixed,1024,2,1,1,1,0,0,1,0.012601,3840,/Users/free_1/Library/Mobile Documents/iCloud~md~obsidian/Documents/cpp-checker/branch_3/artifacts/lca_tree_stress_v5/strong_gate_cf_exact_check/runs/correctness_fuzz/random_recursive_mixed/n1024/seed2_L1_Q1
correctness_fuzz,random_recursive_mixed,1024,3,0,0,1,0,0,1,0.012567,4000,/Users/free_1/Library/Mobile Documents/iCloud~md~obsidian/Documents/cpp-checker/branch_3/artifacts/lca_tree_stress_v5/strong_gate_cf_exact_check/runs/correctness_fuzz/random_recursive_mixed/n1024/seed3_L0_Q0
correctness_fuzz,random_recursive_mixed,1024,3,0,1,1,0,0,1,0.012558,4000,/Users/free_1/Library/Mobile Documents/iCloud~md~obsidian/Documents/cpp-checker/branch_3/artifacts/lca_tree_stress_v5/strong_gate_cf_exact_check/runs/correctness_fuzz/random_recursive_mixed/n1024/seed3_L0_Q1
correctness_fuzz,random_recursive_mixed,1024,3,1,0,1,0,0,1,0.011405,4048,/Users/free_1/Library/Mobile Documents/iCloud~md~obsidian/Documents/cpp-checker/branch_3/artifacts/lca_tree_stress_v5/strong_gate_cf_exact_check/runs/correctness_fuzz/random_recursive_mixed/n1024/seed3_L1_Q0
correctness_fuzz,random_recursive_mixed,1024,3,1,1,1,0,0,1,0.012548,3984,/Users/free_1/Library/Mobile Documents/iCloud~md~obsidian/Documents/cpp-checker/branch_3/artifacts/lca_tree_stress_v5/strong_gate_cf_exact_check/runs/correctness_fuzz/random_recursive_mixed/n1024/seed3_L1_Q1
correctness_fuzz,random_recursive_mixed,1024,4,0,0,1,0,0,1,0.012555,3696,/Users/free_1/Library/Mobile Documents/iCloud~md~obsidian/Documents/cpp-checker/branch_3/artifacts/lca_tree_stress_v5/strong_gate_cf_exact_check/runs/correctness_fuzz/random_recursive_mixed/n1024/seed4_L0_Q0
correctness_fuzz,random_recursive_mixed,1024,4,0,1,1,0,0,1,0.011565,3792,/Users/free_1/Library/Mobile Documents/iCloud~md~obsidian/Documents/cpp-checker/branch_3/artifacts/lca_tree_stress_v5/strong_gate_cf_exact_check/runs/correctness_fuzz/random_recursive_mixed/n1024/seed4_L0_Q1
correctness_fuzz,random_recursive_mixed,1024,4,1,0,1,0,0,1,0.012554,3792,/Users/free_1/Library/Mobile Documents/iCloud~md~obsidian/Documents/cpp-checker/branch_3/artifacts/lca_tree_stress_v5/strong_gate_cf_exact_check/runs/correctness_fuzz/random_recursive_mixed/n1024/seed4_L1_Q0
correctness_fuzz,random_recursive_mixed,1024,4,1,1,1,0,0,1,0.012554,3808,/Users/free_1/Library/Mobile Documents/iCloud~md~obsidian/Documents/cpp-checker/branch_3/artifacts/lca_tree_stress_v5/strong_gate_cf_exact_check/runs/correctness_fuzz/random_recursive_mixed/n1024/seed4_L1_Q1
correctness_fuzz,random_recursive_mixed,1024,5,0,0,1,0,0,1,0.012556,3936,/Users/free_1/Library/Mobile Documents/iCloud~md~obsidian/Documents/cpp-checker/branch_3/artifacts/lca_tree_stress_v5/strong_gate_cf_exact_check/runs/correctness_fuzz/random_recursive_mixed/n1024/seed5_L0_Q0
correctness_fuzz,random_recursive_mixed,1024,5,0,1,1,0,0,1,0.011876,3968,/Users/free_1/Library/Mobile Documents/iCloud~md~obsidian/Documents/cpp-checker/branch_3/artifacts/lca_tree_stress_v5/strong_gate_cf_exact_check/runs/correctness_fuzz/random_recursive_mixed/n1024/seed5_L0_Q1
correctness_fuzz,random_recursive_mixed,1024,5,1,0,1,0,0,1,0.012558,3984,/Users/free_1/Library/Mobile Documents/iCloud~md~obsidian/Documents/cpp-checker/branch_3/artifacts/lca_tree_stress_v5/strong_gate_cf_exact_check/runs/correctness_fuzz/random_recursive_mixed/n1024/seed5_L1_Q0
correctness_fuzz,random_recursive_mixed,1024,5,1,1,1,0,0,1,0.010761,3904,/Users/free_1/Library/Mobile Documents/iCloud~md~obsidian/Documents/cpp-checker/branch_3/artifacts/lca_tree_stress_v5/strong_gate_cf_exact_check/runs/correctness_fuzz/random_recursive_mixed/n1024/seed5_L1_Q1
