stage,mode,n,seed,shuffle_labels,shuffle_queries,gen_ok,solver_rc,timed_out,val_ok,sec,rss_kb,case_dir
correctness_fuzz,comb_rect_dense,64,1,0,0,1,0,0,1,0.586952,1856,/Users/free_1/Library/Mobile Documents/iCloud~md~obsidian/Documents/cpp-checker/branch_3/artifacts/lca_tree_stress_v5/strong_gate_cf_exact_check_v4/runs/correctness_fuzz/comb_rect_dense/n64/seed1_L0_Q0
correctness_fuzz,comb_rect_dense,64,1,0,1,1,0,0,1,0.012556,1792,/Users/free_1/Library/Mobile Documents/iCloud~md~obsidian/Documents/cpp-checker/branch_3/artifacts/lca_tree_stress_v5/strong_gate_cf_exact_check_v4/runs/correctness_fuzz/comb_rect_dense/n64/seed1_L0_Q1
correctness_fuzz,comb_rect_dense,64,1,1,0,1,0,0,1,0.012561,1840,/Users/free_1/Library/Mobile Documents/iCloud~md~obsidian/Documents/cpp-checker/branch_3/artifacts/lca_tree_stress_v5/strong_gate_cf_exact_check_v4/runs/correctness_fuzz/comb_rect_dense/n64/seed1_L1_Q0
correctness_fuzz,comb_rect_dense,64,1,1,1,1,0,0,1,0.012562,1856,/Users/free_1/Library/Mobile Documents/iCloud~md~obsidian/Documents/cpp-checker/branch_3/artifacts/lca_tree_stress_v5/strong_gate_cf_exact_check_v4/runs/correctness_fuzz/comb_rect_dense/n64/seed1_L1_Q1
correctness_fuzz,comb_rect_dense,64,2,0,0,1,0,0,1,0.012554,1792,/Users/free_1/Library/Mobile Documents/iCloud~md~obsidian/Documents/cpp-checker/branch_3/artifacts/lca_tree_stress_v5/strong_gate_cf_exact_check_v4/runs/correctness_fuzz/comb_rect_dense/n64/seed2_L0_Q0
correctness_fuzz,comb_rect_dense,64,2,0,1,1,0,0,1,0.012556,1856,/Users/free_1/Library/Mobile Documents/iCloud~md~obsidian/Documents/cpp-checker/branch_3/artifacts/lca_tree_stress_v5/strong_gate_cf_exact_check_v4/runs/correctness_fuzz/comb_rect_dense/n64/seed2_L0_Q1
correctness_fuzz,comb_rect_dense,64,2,1,0,1,0,0,1,0.012554,1840,/Users/free_1/Library/Mobile Documents/iCloud~md~obsidian/Documents/cpp-checker/branch_3/artifacts/lca_tree_stress_v5/strong_gate_cf_exact_check_v4/runs/correctness_fuzz/comb_rect_dense/n64/seed2_L1_Q0
correctness_fuzz,comb_rect_dense,64,2,1,1,1,0,0,1,0.012555,1824,/Users/free_1/Library/Mobile Documents/iCloud~md~obsidian/Documents/cpp-checker/branch_3/artifacts/lca_tree_stress_v5/strong_gate_cf_exact_check_v4/runs/correctness_fuzz/comb_rect_dense/n64/seed2_L1_Q1
correctness_fuzz,comb_rect_dense,64,3,0,0,1,0,0,1,0.012564,1840,/Users/free_1/Library/Mobile Documents/iCloud~md~obsidian/Documents/cpp-checker/branch_3/artifacts/lca_tree_stress_v5/strong_gate_cf_exact_check_v4/runs/correctness_fuzz/comb_rect_dense/n64/seed3_L0_Q0
correctness_fuzz,comb_rect_dense,64,3,0,1,1,0,0,1,0.012553,1840,/Users/free_1/Library/Mobile Documents/iCloud~md~obsidian/Documents/cpp-checker/branch_3/artifacts/lca_tree_stress_v5/strong_gate_cf_exact_check_v4/runs/correctness_fuzz/comb_rect_dense/n64/seed3_L0_Q1
correctness_fuzz,comb_rect_dense,64,3,1,0,1,0,0,1,0.012580,1856,/Users/free_1/Library/Mobile Documents/iCloud~md~obsidian/Documents/cpp-checker/branch_3/artifacts/lca_tree_stress_v5/strong_gate_cf_exact_check_v4/runs/correctness_fuzz/comb_rect_dense/n64/seed3_L1_Q0
correctness_fuzz,comb_rect_dense,64,3,1,1,1,0,0,1,0.012570,1792,/Users/free_1/Library/Mobile Documents/iCloud~md~obsidian/Documents/cpp-checker/branch_3/artifacts/lca_tree_stress_v5/strong_gate_cf_exact_check_v4/runs/correctness_fuzz/comb_rect_dense/n64/seed3_L1_Q1
correctness_fuzz,comb_rect_dense,64,4,0,0,1,0,0,1,0.012568,1856,/Users/free_1/Library/Mobile Documents/iCloud~md~obsidian/Documents/cpp-checker/branch_3/artifacts/lca_tree_stress_v5/strong_gate_cf_exact_check_v4/runs/correctness_fuzz/comb_rect_dense/n64/seed4_L0_Q0
correctness_fuzz,comb_rect_dense,64,4,0,1,1,0,0,1,0.012563,1872,/Users/free_1/Library/Mobile Documents/iCloud~md~obsidian/Documents/cpp-checker/branch_3/artifacts/lca_tree_stress_v5/strong_gate_cf_exact_check_v4/runs/correctness_fuzz/comb_rect_dense/n64/seed4_L0_Q1
correctness_fuzz,comb_rect_dense,64,4,1,0,1,0,0,1,0.012563,1856,/Users/free_1/Library/Mobile Documents/iCloud~md~obsidian/Documents/cpp-checker/branch_3/artifacts/lca_tree_stress_v5/strong_gate_cf_exact_check_v4/runs/correctness_fuzz/comb_rect_dense/n64/seed4_L1_Q0
correctness_fuzz,comb_rect_dense,64,4,1,1,1,0,0,1,0.012560,1872,/Users/free_1/Library/Mobile Documents/iCloud~md~obsidian/Documents/cpp-checker/branch_3/artifacts/lca_tree_stress_v5/strong_gate_cf_exact_check_v4/runs/correctness_fuzz/comb_rect_dense/n64/seed4_L1_Q1
correctness_fuzz,comb_rect_dense,64,5,0,0,1,0,0,1,0.011769,1792,/Users/free_1/Library/Mobile Documents/iCloud~md~obsidian/Documents/cpp-checker/branch_3/artifacts/lca_tree_stress_v5/strong_gate_cf_exact_check_v4/runs/correctness_fuzz/comb_rect_dense/n64/seed5_L0_Q0
correctness_fuzz,comb_rect_dense,64,5,0,1,1,0,0,1,0.012554,1856,/Users/free_1/Library/Mobile Documents/iCloud~md~obsidian/Documents/cpp-checker/branch_3/artifacts/lca_tree_stress_v5/strong_gate_cf_exact_check_v4/runs/correctness_fuzz/comb_rect_dense/n64/seed5_L0_Q1
correctness_fuzz,comb_rect_dense,64,5,1,0,1,0,0,1,0.012556,1872,/Users/free_1/Library/Mobile Documents/iCloud~md~obsidian/Documents/cpp-checker/branch_3/artifacts/lca_tree_stress_v5/strong_gate_cf_exact_check_v4/runs/correctness_fuzz/comb_rect_dense/n64/seed5_L1_Q0
correctness_fuzz,comb_rect_dense,64,5,1,1,1,0,0,1,0.012558,1872,/Users/free_1/Library/Mobile Documents/iCloud~md~obsidian/Documents/cpp-checker/branch_3/artifacts/lca_tree_stress_v5/strong_gate_cf_exact_check_v4/runs/correctness_fuzz/comb_rect_dense/n64/seed5_L1_Q1
correctness_fuzz,comb_rect_dense,128,1,0,0,1,0,0,1,0.012562,2656,/Users/free_1/Library/Mobile Documents/iCloud~md~obsidian/Documents/cpp-checker/branch_3/artifacts/lca_tree_stress_v5/strong_gate_cf_exact_check_v4/runs/correctness_fuzz/comb_rect_dense/n128/seed1_L0_Q0
correctness_fuzz,comb_rect_dense,128,1,0,1,1,0,0,1,0.012554,2608,/Users/free_1/Library/Mobile Documents/iCloud~md~obsidian/Documents/cpp-checker/branch_3/artifacts/lca_tree_stress_v5/strong_gate_cf_exact_check_v4/runs/correctness_fuzz/comb_rect_dense/n128/seed1_L0_Q1
correctness_fuzz,comb_rect_dense,128,1,1,0,1,0,0,1,0.012548,2656,/Users/free_1/Library/Mobile Documents/iCloud~md~obsidian/Documents/cpp-checker/branch_3/artifacts/lca_tree_stress_v5/strong_gate_cf_exact_check_v4/runs/correctness_fuzz/comb_rect_dense/n128/seed1_L1_Q0
correctness_fuzz,comb_rect_dense,128,1,1,1,1,0,0,1,0.012560,2640,/Users/free_1/Library/Mobile Documents/iCloud~md~obsidian/Documents/cpp-checker/branch_3/artifacts/lca_tree_stress_v5/strong_gate_cf_exact_check_v4/runs/correctness_fuzz/comb_rect_dense/n128/seed1_L1_Q1
correctness_fuzz,comb_rect_dense,128,2,0,0,1,0,0,1,0.012553,2688,/Users/free_1/Library/Mobile Documents/iCloud~md~obsidian/Documents/cpp-checker/branch_3/artifacts/lca_tree_stress_v5/strong_gate_cf_exact_check_v4/runs/correctness_fuzz/comb_rect_dense/n128/seed2_L0_Q0
correctness_fuzz,comb_rect_dense,128,2,0,1,1,0,0,1,0.012552,2688,/Users/free_1/Library/Mobile Documents/iCloud~md~obsidian/Documents/cpp-checker/branch_3/artifacts/lca_tree_stress_v5/strong_gate_cf_exact_check_v4/runs/correctness_fuzz/comb_rect_dense/n128/seed2_L0_Q1
correctness_fuzz,comb_rect_dense,128,2,1,0,1,0,0,1,0.012552,2640,/Users/free_1/Library/Mobile Documents/iCloud~md~obsidian/Documents/cpp-checker/branch_3/artifacts/lca_tree_stress_v5/strong_gate_cf_exact_check_v4/runs/correctness_fuzz/comb_rect_dense/n128/seed2_L1_Q0
correctness_fuzz,comb_rect_dense,128,2,1,1,1,0,0,1,0.012554,2640,/Users/free_1/Library/Mobile Documents/iCloud~md~obsidian/Documents/cpp-checker/branch_3/artifacts/lca_tree_stress_v5/strong_gate_cf_exact_check_v4/runs/correctness_fuzz/comb_rect_dense/n128/seed2_L1_Q1
correctness_fuzz,comb_rect_dense,128,3,0,0,1,0,0,1,0.012554,2704,/Users/free_1/Library/Mobile Documents/iCloud~md~obsidian/Documents/cpp-checker/branch_3/artifacts/lca_tree_stress_v5/strong_gate_cf_exact_check_v4/runs/correctness_fuzz/comb_rect_dense/n128/seed3_L0_Q0
correctness_fuzz,comb_rect_dense,128,3,0,1,1,0,0,1,0.012550,2672,/Users/free_1/Library/Mobile Documents/iCloud~md~obsidian/Documents/cpp-checker/branch_3/artifacts/lca_tree_stress_v5/strong_gate_cf_exact_check_v4/runs/correctness_fuzz/comb_rect_dense/n128/seed3_L0_Q1
correctness_fuzz,comb_rect_dense,128,3,1,0,1,0,0,1,0.012552,2608,/Users/free_1/Library/Mobile Documents/iCloud~md~obsidian/Documents/cpp-checker/branch_3/artifacts/lca_tree_stress_v5/strong_gate_cf_exact_check_v4/runs/correctness_fuzz/comb_rect_dense/n128/seed3_L1_Q0
correctness_fuzz,comb_rect_dense,128,3,1,1,1,0,0,1,0.012552,2720,/Users/free_1/Library/Mobile Documents/iCloud~md~obsidian/Documents/cpp-checker/branch_3/artifacts/lca_tree_stress_v5/strong_gate_cf_exact_check_v4/runs/correctness_fuzz/comb_rect_dense/n128/seed3_L1_Q1
correctness_fuzz,comb_rect_dense,128,4,0,0,1,0,0,1,0.012555,2688,/Users/free_1/Library/Mobile Documents/iCloud~md~obsidian/Documents/cpp-checker/branch_3/artifacts/lca_tree_stress_v5/strong_gate_cf_exact_check_v4/runs/correctness_fuzz/comb_rect_dense/n128/seed4_L0_Q0
correctness_fuzz,comb_rect_dense,128,4,0,1,1,0,0,1,0.012556,2736,/Users/free_1/Library/Mobile Documents/iCloud~md~obsidian/Documents/cpp-checker/branch_3/artifacts/lca_tree_stress_v5/strong_gate_cf_exact_check_v4/runs/correctness_fuzz/comb_rect_dense/n128/seed4_L0_Q1
correctness_fuzz,comb_rect_dense,128,4,1,0,1,0,0,1,0.012582,2688,/Users/free_1/Library/Mobile Documents/iCloud~md~obsidian/Documents/cpp-checker/branch_3/artifacts/lca_tree_stress_v5/strong_gate_cf_exact_check_v4/runs/correctness_fuzz/comb_rect_dense/n128/seed4_L1_Q0
correctness_fuzz,comb_rect_dense,128,4,1,1,1,0,0,1,0.012553,2720,/Users/free_1/Library/Mobile Documents/iCloud~md~obsidian/Documents/cpp-checker/branch_3/artifacts/lca_tree_stress_v5/strong_gate_cf_exact_check_v4/runs/correctness_fuzz/comb_rect_dense/n128/seed4_L1_Q1
correctness_fuzz,comb_rect_dense,128,5,0,0,1,0,0,1,0.012558,2688,/Users/free_1/Library/Mobile Documents/iCloud~md~obsidian/Documents/cpp-checker/branch_3/artifacts/lca_tree_stress_v5/strong_gate_cf_exact_check_v4/runs/correctness_fuzz/comb_rect_dense/n128/seed5_L0_Q0
correctness_fuzz,comb_rect_dense,128,5,0,1,1,0,0,1,0.012558,2672,/Users/free_1/Library/Mobile Documents/iCloud~md~obsidian/Documents/cpp-checker/branch_3/artifacts/lca_tree_stress_v5/strong_gate_cf_exact_check_v4/runs/correctness_fuzz/comb_rect_dense/n128/seed5_L0_Q1
correctness_fuzz,comb_rect_dense,128,5,1,0,1,0,0,1,0.010882,2672,/Users/free_1/Library/Mobile Documents/iCloud~md~obsidian/Documents/cpp-checker/branch_3/artifacts/lca_tree_stress_v5/strong_gate_cf_exact_check_v4/runs/correctness_fuzz/comb_rect_dense/n128/seed5_L1_Q0
correctness_fuzz,comb_rect_dense,128,5,1,1,1,0,0,1,0.011552,2672,/Users/free_1/Library/Mobile Documents/iCloud~md~obsidian/Documents/cpp-checker/branch_3/artifacts/lca_tree_stress_v5/strong_gate_cf_exact_check_v4/runs/correctness_fuzz/comb_rect_dense/n128/seed5_L1_Q1
correctness_fuzz,comb_rect_dense,256,1,0,0,1,0,0,1,0.023144,5696,/Users/free_1/Library/Mobile Documents/iCloud~md~obsidian/Documents/cpp-checker/branch_3/artifacts/lca_tree_stress_v5/strong_gate_cf_exact_check_v4/runs/correctness_fuzz/comb_rect_dense/n256/seed1_L0_Q0
correctness_fuzz,comb_rect_dense,256,1,0,1,1,0,0,1,0.025091,5696,/Users/free_1/Library/Mobile Documents/iCloud~md~obsidian/Documents/cpp-checker/branch_3/artifacts/lca_tree_stress_v5/strong_gate_cf_exact_check_v4/runs/correctness_fuzz/comb_rect_dense/n256/seed1_L0_Q1
correctness_fuzz,comb_rect_dense,256,1,1,0,1,0,0,1,0.036690,5648,/Users/free_1/Library/Mobile Documents/iCloud~md~obsidian/Documents/cpp-checker/branch_3/artifacts/lca_tree_stress_v5/strong_gate_cf_exact_check_v4/runs/correctness_fuzz/comb_rect_dense/n256/seed1_L1_Q0
correctness_fuzz,comb_rect_dense,256,1,1,1,1,0,0,1,0.025083,5728,/Users/free_1/Library/Mobile Documents/iCloud~md~obsidian/Documents/cpp-checker/branch_3/artifacts/lca_tree_stress_v5/strong_gate_cf_exact_check_v4/runs/correctness_fuzz/comb_rect_dense/n256/seed1_L1_Q1
correctness_fuzz,comb_rect_dense,256,2,0,0,1,0,0,1,0.034507,5664,/Users/free_1/Library/Mobile Documents/iCloud~md~obsidian/Documents/cpp-checker/branch_3/artifacts/lca_tree_stress_v5/strong_gate_cf_exact_check_v4/runs/correctness_fuzz/comb_rect_dense/n256/seed2_L0_Q0
correctness_fuzz,comb_rect_dense,256,2,0,1,1,0,0,1,0.034451,5696,/Users/free_1/Library/Mobile Documents/iCloud~md~obsidian/Documents/cpp-checker/branch_3/artifacts/lca_tree_stress_v5/strong_gate_cf_exact_check_v4/runs/correctness_fuzz/comb_rect_dense/n256/seed2_L0_Q1
correctness_fuzz,comb_rect_dense,256,2,1,0,1,0,0,1,0.023531,5616,/Users/free_1/Library/Mobile Documents/iCloud~md~obsidian/Documents/cpp-checker/branch_3/artifacts/lca_tree_stress_v5/strong_gate_cf_exact_check_v4/runs/correctness_fuzz/comb_rect_dense/n256/seed2_L1_Q0
correctness_fuzz,comb_rect_dense,256,2,1,1,1,0,0,1,0.036424,5600,/Users/free_1/Library/Mobile Documents/iCloud~md~obsidian/Documents/cpp-checker/branch_3/artifacts/lca_tree_stress_v5/strong_gate_cf_exact_check_v4/runs/correctness_fuzz/comb_rect_dense/n256/seed2_L1_Q1
correctness_fuzz,comb_rect_dense,256,3,0,0,1,0,0,1,0.036042,5712,/Users/free_1/Library/Mobile Documents/iCloud~md~obsidian/Documents/cpp-checker/branch_3/artifacts/lca_tree_stress_v5/strong_gate_cf_exact_check_v4/runs/correctness_fuzz/comb_rect_dense/n256/seed3_L0_Q0
correctness_fuzz,comb_rect_dense,256,3,0,1,1,0,0,1,0.025015,5664,/Users/free_1/Library/Mobile Documents/iCloud~md~obsidian/Documents/cpp-checker/branch_3/artifacts/lca_tree_stress_v5/strong_gate_cf_exact_check_v4/runs/correctness_fuzz/comb_rect_dense/n256/seed3_L0_Q1
correctness_fuzz,comb_rect_dense,256,3,1,0,1,0,0,1,0.024340,5680,/Users/free_1/Library/Mobile Documents/iCloud~md~obsidian/Documents/cpp-checker/branch_3/artifacts/lca_tree_stress_v5/strong_gate_cf_exact_check_v4/runs/correctness_fuzz/comb_rect_dense/n256/seed3_L1_Q0
correctness_fuzz,comb_rect_dense,256,3,1,1,1,0,0,1,0.034983,5616,/Users/free_1/Library/Mobile Documents/iCloud~md~obsidian/Documents/cpp-checker/branch_3/artifacts/lca_tree_stress_v5/strong_gate_cf_exact_check_v4/runs/correctness_fuzz/comb_rect_dense/n256/seed3_L1_Q1
correctness_fuzz,comb_rect_dense,256,4,0,0,1,0,0,1,0.024691,5696,/Users/free_1/Library/Mobile Documents/iCloud~md~obsidian/Documents/cpp-checker/branch_3/artifacts/lca_tree_stress_v5/strong_gate_cf_exact_check_v4/runs/correctness_fuzz/comb_rect_dense/n256/seed4_L0_Q0
correctness_fuzz,comb_rect_dense,256,4,0,1,1,0,0,1,0.025091,5648,/Users/free_1/Library/Mobile Documents/iCloud~md~obsidian/Documents/cpp-checker/branch_3/artifacts/lca_tree_stress_v5/strong_gate_cf_exact_check_v4/runs/correctness_fuzz/comb_rect_dense/n256/seed4_L0_Q1
correctness_fuzz,comb_rect_dense,256,4,1,0,1,0,0,1,0.025099,5664,/Users/free_1/Library/Mobile Documents/iCloud~md~obsidian/Documents/cpp-checker/branch_3/artifacts/lca_tree_stress_v5/strong_gate_cf_exact_check_v4/runs/correctness_fuzz/comb_rect_dense/n256/seed4_L1_Q0
correctness_fuzz,comb_rect_dense,256,4,1,1,1,0,0,1,0.025102,5616,/Users/free_1/Library/Mobile Documents/iCloud~md~obsidian/Documents/cpp-checker/branch_3/artifacts/lca_tree_stress_v5/strong_gate_cf_exact_check_v4/runs/correctness_fuzz/comb_rect_dense/n256/seed4_L1_Q1
correctness_fuzz,comb_rect_dense,256,5,0,0,1,0,0,1,0.025077,5664,/Users/free_1/Library/Mobile Documents/iCloud~md~obsidian/Documents/cpp-checker/branch_3/artifacts/lca_tree_stress_v5/strong_gate_cf_exact_check_v4/runs/correctness_fuzz/comb_rect_dense/n256/seed5_L0_Q0
correctness_fuzz,comb_rect_dense,256,5,0,1,1,0,0,1,0.025077,5648,/Users/free_1/Library/Mobile Documents/iCloud~md~obsidian/Documents/cpp-checker/branch_3/artifacts/lca_tree_stress_v5/strong_gate_cf_exact_check_v4/runs/correctness_fuzz/comb_rect_dense/n256/seed5_L0_Q1
correctness_fuzz,comb_rect_dense,256,5,1,0,1,0,0,1,0.025090,5648,/Users/free_1/Library/Mobile Documents/iCloud~md~obsidian/Documents/cpp-checker/branch_3/artifacts/lca_tree_stress_v5/strong_gate_cf_exact_check_v4/runs/correctness_fuzz/comb_rect_dense/n256/seed5_L1_Q0
correctness_fuzz,comb_rect_dense,256,5,1,1,1,0,0,1,0.032038,5648,/Users/free_1/Library/Mobile Documents/iCloud~md~obsidian/Documents/cpp-checker/branch_3/artifacts/lca_tree_stress_v5/strong_gate_cf_exact_check_v4/runs/correctness_fuzz/comb_rect_dense/n256/seed5_L1_Q1
correctness_fuzz,comb_rect_dense,512,1,0,0,1,0,0,1,0.099593,17344,/Users/free_1/Library/Mobile Documents/iCloud~md~obsidian/Documents/cpp-checker/branch_3/artifacts/lca_tree_stress_v5/strong_gate_cf_exact_check_v4/runs/correctness_fuzz/comb_rect_dense/n512/seed1_L0_Q0
correctness_fuzz,comb_rect_dense,512,1,0,1,1,0,0,1,0.096321,17376,/Users/free_1/Library/Mobile Documents/iCloud~md~obsidian/Documents/cpp-checker/branch_3/artifacts/lca_tree_stress_v5/strong_gate_cf_exact_check_v4/runs/correctness_fuzz/comb_rect_dense/n512/seed1_L0_Q1
correctness_fuzz,comb_rect_dense,512,1,1,0,1,0,0,1,0.096187,17360,/Users/free_1/Library/Mobile Documents/iCloud~md~obsidian/Documents/cpp-checker/branch_3/artifacts/lca_tree_stress_v5/strong_gate_cf_exact_check_v4/runs/correctness_fuzz/comb_rect_dense/n512/seed1_L1_Q0
correctness_fuzz,comb_rect_dense,512,1,1,1,1,0,0,1,0.105985,17440,/Users/free_1/Library/Mobile Documents/iCloud~md~obsidian/Documents/cpp-checker/branch_3/artifacts/lca_tree_stress_v5/strong_gate_cf_exact_check_v4/runs/correctness_fuzz/comb_rect_dense/n512/seed1_L1_Q1
correctness_fuzz,comb_rect_dense,512,2,0,0,1,0,0,1,0.093881,17264,/Users/free_1/Library/Mobile Documents/iCloud~md~obsidian/Documents/cpp-checker/branch_3/artifacts/lca_tree_stress_v5/strong_gate_cf_exact_check_v4/runs/correctness_fuzz/comb_rect_dense/n512/seed2_L0_Q0
correctness_fuzz,comb_rect_dense,512,2,0,1,1,0,0,1,0.096842,17296,/Users/free_1/Library/Mobile Documents/iCloud~md~obsidian/Documents/cpp-checker/branch_3/artifacts/lca_tree_stress_v5/strong_gate_cf_exact_check_v4/runs/correctness_fuzz/comb_rect_dense/n512/seed2_L0_Q1
correctness_fuzz,comb_rect_dense,512,2,1,0,1,0,0,1,0.092214,17296,/Users/free_1/Library/Mobile Documents/iCloud~md~obsidian/Documents/cpp-checker/branch_3/artifacts/lca_tree_stress_v5/strong_gate_cf_exact_check_v4/runs/correctness_fuzz/comb_rect_dense/n512/seed2_L1_Q0
correctness_fuzz,comb_rect_dense,512,2,1,1,1,0,0,1,0.097060,17280,/Users/free_1/Library/Mobile Documents/iCloud~md~obsidian/Documents/cpp-checker/branch_3/artifacts/lca_tree_stress_v5/strong_gate_cf_exact_check_v4/runs/correctness_fuzz/comb_rect_dense/n512/seed2_L1_Q1
correctness_fuzz,comb_rect_dense,512,3,0,0,1,0,0,1,0.109043,17280,/Users/free_1/Library/Mobile Documents/iCloud~md~obsidian/Documents/cpp-checker/branch_3/artifacts/lca_tree_stress_v5/strong_gate_cf_exact_check_v4/runs/correctness_fuzz/comb_rect_dense/n512/seed3_L0_Q0
correctness_fuzz,comb_rect_dense,512,3,0,1,1,0,0,1,0.103477,17440,/Users/free_1/Library/Mobile Documents/iCloud~md~obsidian/Documents/cpp-checker/branch_3/artifacts/lca_tree_stress_v5/strong_gate_cf_exact_check_v4/runs/correctness_fuzz/comb_rect_dense/n512/seed3_L0_Q1
correctness_fuzz,comb_rect_dense,512,3,1,0,1,0,0,1,0.093137,17376,/Users/free_1/Library/Mobile Documents/iCloud~md~obsidian/Documents/cpp-checker/branch_3/artifacts/lca_tree_stress_v5/strong_gate_cf_exact_check_v4/runs/correctness_fuzz/comb_rect_dense/n512/seed3_L1_Q0
correctness_fuzz,comb_rect_dense,512,3,1,1,1,0,0,1,0.095498,17392,/Users/free_1/Library/Mobile Documents/iCloud~md~obsidian/Documents/cpp-checker/branch_3/artifacts/lca_tree_stress_v5/strong_gate_cf_exact_check_v4/runs/correctness_fuzz/comb_rect_dense/n512/seed3_L1_Q1
correctness_fuzz,comb_rect_dense,512,4,0,0,1,0,0,1,0.098935,17248,/Users/free_1/Library/Mobile Documents/iCloud~md~obsidian/Documents/cpp-checker/branch_3/artifacts/lca_tree_stress_v5/strong_gate_cf_exact_check_v4/runs/correctness_fuzz/comb_rect_dense/n512/seed4_L0_Q0
correctness_fuzz,comb_rect_dense,512,4,0,1,1,0,0,1,0.099745,17168,/Users/free_1/Library/Mobile Documents/iCloud~md~obsidian/Documents/cpp-checker/branch_3/artifacts/lca_tree_stress_v5/strong_gate_cf_exact_check_v4/runs/correctness_fuzz/comb_rect_dense/n512/seed4_L0_Q1
correctness_fuzz,comb_rect_dense,512,4,1,0,1,0,0,1,0.094486,17152,/Users/free_1/Library/Mobile Documents/iCloud~md~obsidian/Documents/cpp-checker/branch_3/artifacts/lca_tree_stress_v5/strong_gate_cf_exact_check_v4/runs/correctness_fuzz/comb_rect_dense/n512/seed4_L1_Q0
correctness_fuzz,comb_rect_dense,512,4,1,1,1,0,0,1,0.097659,17312,/Users/free_1/Library/Mobile Documents/iCloud~md~obsidian/Documents/cpp-checker/branch_3/artifacts/lca_tree_stress_v5/strong_gate_cf_exact_check_v4/runs/correctness_fuzz/comb_rect_dense/n512/seed4_L1_Q1
correctness_fuzz,comb_rect_dense,512,5,0,0,1,0,0,1,0.100257,17456,/Users/free_1/Library/Mobile Documents/iCloud~md~obsidian/Documents/cpp-checker/branch_3/artifacts/lca_tree_stress_v5/strong_gate_cf_exact_check_v4/runs/correctness_fuzz/comb_rect_dense/n512/seed5_L0_Q0
correctness_fuzz,comb_rect_dense,512,5,0,1,1,0,0,1,0.097392,17472,/Users/free_1/Library/Mobile Documents/iCloud~md~obsidian/Documents/cpp-checker/branch_3/artifacts/lca_tree_stress_v5/strong_gate_cf_exact_check_v4/runs/correctness_fuzz/comb_rect_dense/n512/seed5_L0_Q1
correctness_fuzz,comb_rect_dense,512,5,1,0,1,0,0,1,0.096929,17392,/Users/free_1/Library/Mobile Documents/iCloud~md~obsidian/Documents/cpp-checker/branch_3/artifacts/lca_tree_stress_v5/strong_gate_cf_exact_check_v4/runs/correctness_fuzz/comb_rect_dense/n512/seed5_L1_Q0
correctness_fuzz,comb_rect_dense,512,5,1,1,1,0,0,1,0.096255,17456,/Users/free_1/Library/Mobile Documents/iCloud~md~obsidian/Documents/cpp-checker/branch_3/artifacts/lca_tree_stress_v5/strong_gate_cf_exact_check_v4/runs/correctness_fuzz/comb_rect_dense/n512/seed5_L1_Q1
correctness_fuzz,comb_rect_dense,1024,1,0,0,1,0,0,1,0.394574,63760,/Users/free_1/Library/Mobile Documents/iCloud~md~obsidian/Documents/cpp-checker/branch_3/artifacts/lca_tree_stress_v5/strong_gate_cf_exact_check_v4/runs/correctness_fuzz/comb_rect_dense/n1024/seed1_L0_Q0
correctness_fuzz,comb_rect_dense,1024,1,0,1,1,0,0,1,0.416764,63776,/Users/free_1/Library/Mobile Documents/iCloud~md~obsidian/Documents/cpp-checker/branch_3/artifacts/lca_tree_stress_v5/strong_gate_cf_exact_check_v4/runs/correctness_fuzz/comb_rect_dense/n1024/seed1_L0_Q1
correctness_fuzz,comb_rect_dense,1024,1,1,0,1,0,0,1,0.402908,63808,/Users/free_1/Library/Mobile Documents/iCloud~md~obsidian/Documents/cpp-checker/branch_3/artifacts/lca_tree_stress_v5/strong_gate_cf_exact_check_v4/runs/correctness_fuzz/comb_rect_dense/n1024/seed1_L1_Q0
correctness_fuzz,comb_rect_dense,1024,1,1,1,1,0,0,1,0.422733,63792,/Users/free_1/Library/Mobile Documents/iCloud~md~obsidian/Documents/cpp-checker/branch_3/artifacts/lca_tree_stress_v5/strong_gate_cf_exact_check_v4/runs/correctness_fuzz/comb_rect_dense/n1024/seed1_L1_Q1
correctness_fuzz,comb_rect_dense,1024,2,0,0,1,0,0,1,0.399713,63840,/Users/free_1/Library/Mobile Documents/iCloud~md~obsidian/Documents/cpp-checker/branch_3/artifacts/lca_tree_stress_v5/strong_gate_cf_exact_check_v4/runs/correctness_fuzz/comb_rect_dense/n1024/seed2_L0_Q0
correctness_fuzz,comb_rect_dense,1024,2,0,1,1,0,0,1,0.527410,63872,/Users/free_1/Library/Mobile Documents/iCloud~md~obsidian/Documents/cpp-checker/branch_3/artifacts/lca_tree_stress_v5/strong_gate_cf_exact_check_v4/runs/correctness_fuzz/comb_rect_dense/n1024/seed2_L0_Q1
correctness_fuzz,comb_rect_dense,1024,2,1,0,1,0,0,1,0.408228,63872,/Users/free_1/Library/Mobile Documents/iCloud~md~obsidian/Documents/cpp-checker/branch_3/artifacts/lca_tree_stress_v5/strong_gate_cf_exact_check_v4/runs/correctness_fuzz/comb_rect_dense/n1024/seed2_L1_Q0
correctness_fuzz,comb_rect_dense,1024,2,1,1,1,0,0,1,0.439658,63952,/Users/free_1/Library/Mobile Documents/iCloud~md~obsidian/Documents/cpp-checker/branch_3/artifacts/lca_tree_stress_v5/strong_gate_cf_exact_check_v4/runs/correctness_fuzz/comb_rect_dense/n1024/seed2_L1_Q1
correctness_fuzz,comb_rect_dense,1024,3,0,0,1,0,0,1,0.422713,63776,/Users/free_1/Library/Mobile Documents/iCloud~md~obsidian/Documents/cpp-checker/branch_3/artifacts/lca_tree_stress_v5/strong_gate_cf_exact_check_v4/runs/correctness_fuzz/comb_rect_dense/n1024/seed3_L0_Q0
correctness_fuzz,comb_rect_dense,1024,3,0,1,1,0,0,1,0.430509,63744,/Users/free_1/Library/Mobile Documents/iCloud~md~obsidian/Documents/cpp-checker/branch_3/artifacts/lca_tree_stress_v5/strong_gate_cf_exact_check_v4/runs/correctness_fuzz/comb_rect_dense/n1024/seed3_L0_Q1
correctness_fuzz,comb_rect_dense,1024,3,1,0,1,0,0,1,0.400499,63792,/Users/free_1/Library/Mobile Documents/iCloud~md~obsidian/Documents/cpp-checker/branch_3/artifacts/lca_tree_stress_v5/strong_gate_cf_exact_check_v4/runs/correctness_fuzz/comb_rect_dense/n1024/seed3_L1_Q0
correctness_fuzz,comb_rect_dense,1024,3,1,1,1,0,0,1,0.411053,63776,/Users/free_1/Library/Mobile Documents/iCloud~md~obsidian/Documents/cpp-checker/branch_3/artifacts/lca_tree_stress_v5/strong_gate_cf_exact_check_v4/runs/correctness_fuzz/comb_rect_dense/n1024/seed3_L1_Q1
correctness_fuzz,comb_rect_dense,1024,4,0,0,1,0,0,1,0.412673,63632,/Users/free_1/Library/Mobile Documents/iCloud~md~obsidian/Documents/cpp-checker/branch_3/artifacts/lca_tree_stress_v5/strong_gate_cf_exact_check_v4/runs/correctness_fuzz/comb_rect_dense/n1024/seed4_L0_Q0
correctness_fuzz,comb_rect_dense,1024,4,0,1,1,0,0,1,0.425761,63616,/Users/free_1/Library/Mobile Documents/iCloud~md~obsidian/Documents/cpp-checker/branch_3/artifacts/lca_tree_stress_v5/strong_gate_cf_exact_check_v4/runs/correctness_fuzz/comb_rect_dense/n1024/seed4_L0_Q1
correctness_fuzz,comb_rect_dense,1024,4,1,0,1,0,0,1,0.434323,63680,/Users/free_1/Library/Mobile Documents/iCloud~md~obsidian/Documents/cpp-checker/branch_3/artifacts/lca_tree_stress_v5/strong_gate_cf_exact_check_v4/runs/correctness_fuzz/comb_rect_dense/n1024/seed4_L1_Q0
correctness_fuzz,comb_rect_dense,1024,4,1,1,1,0,0,1,0.432486,63664,/Users/free_1/Library/Mobile Documents/iCloud~md~obsidian/Documents/cpp-checker/branch_3/artifacts/lca_tree_stress_v5/strong_gate_cf_exact_check_v4/runs/correctness_fuzz/comb_rect_dense/n1024/seed4_L1_Q1
correctness_fuzz,comb_rect_dense,1024,5,0,0,1,0,0,1,0.426132,63744,/Users/free_1/Library/Mobile Documents/iCloud~md~obsidian/Documents/cpp-checker/branch_3/artifacts/lca_tree_stress_v5/strong_gate_cf_exact_check_v4/runs/correctness_fuzz/comb_rect_dense/n1024/seed5_L0_Q0
correctness_fuzz,comb_rect_dense,1024,5,0,1,1,0,0,1,0.427753,63744,/Users/free_1/Library/Mobile Documents/iCloud~md~obsidian/Documents/cpp-checker/branch_3/artifacts/lca_tree_stress_v5/strong_gate_cf_exact_check_v4/runs/correctness_fuzz/comb_rect_dense/n1024/seed5_L0_Q1
correctness_fuzz,comb_rect_dense,1024,5,1,0,1,0,0,1,0.397390,63744,/Users/free_1/Library/Mobile Documents/iCloud~md~obsidian/Documents/cpp-checker/branch_3/artifacts/lca_tree_stress_v5/strong_gate_cf_exact_check_v4/runs/correctness_fuzz/comb_rect_dense/n1024/seed5_L1_Q0
correctness_fuzz,comb_rect_dense,1024,5,1,1,1,0,0,1,0.427313,63728,/Users/free_1/Library/Mobile Documents/iCloud~md~obsidian/Documents/cpp-checker/branch_3/artifacts/lca_tree_stress_v5/strong_gate_cf_exact_check_v4/runs/correctness_fuzz/comb_rect_dense/n1024/seed5_L1_Q1
correctness_fuzz,multi_comb_rect,64,1,0,0,1,0,0,1,0.012552,1632,/Users/free_1/Library/Mobile Documents/iCloud~md~obsidian/Documents/cpp-checker/branch_3/artifacts/lca_tree_stress_v5/strong_gate_cf_exact_check_v4/runs/correctness_fuzz/multi_comb_rect/n64/seed1_L0_Q0
correctness_fuzz,multi_comb_rect,64,1,0,1,1,0,0,1,0.012551,1632,/Users/free_1/Library/Mobile Documents/iCloud~md~obsidian/Documents/cpp-checker/branch_3/artifacts/lca_tree_stress_v5/strong_gate_cf_exact_check_v4/runs/correctness_fuzz/multi_comb_rect/n64/seed1_L0_Q1
correctness_fuzz,multi_comb_rect,64,1,1,0,1,0,0,1,0.012553,1632,/Users/free_1/Library/Mobile Documents/iCloud~md~obsidian/Documents/cpp-checker/branch_3/artifacts/lca_tree_stress_v5/strong_gate_cf_exact_check_v4/runs/correctness_fuzz/multi_comb_rect/n64/seed1_L1_Q0
correctness_fuzz,multi_comb_rect,64,1,1,1,1,0,0,1,0.012557,1632,/Users/free_1/Library/Mobile Documents/iCloud~md~obsidian/Documents/cpp-checker/branch_3/artifacts/lca_tree_stress_v5/strong_gate_cf_exact_check_v4/runs/correctness_fuzz/multi_comb_rect/n64/seed1_L1_Q1
correctness_fuzz,multi_comb_rect,64,2,0,0,1,0,0,1,0.012566,1632,/Users/free_1/Library/Mobile Documents/iCloud~md~obsidian/Documents/cpp-checker/branch_3/artifacts/lca_tree_stress_v5/strong_gate_cf_exact_check_v4/runs/correctness_fuzz/multi_comb_rect/n64/seed2_L0_Q0
correctness_fuzz,multi_comb_rect,64,2,0,1,1,0,0,1,0.012562,1632,/Users/free_1/Library/Mobile Documents/iCloud~md~obsidian/Documents/cpp-checker/branch_3/artifacts/lca_tree_stress_v5/strong_gate_cf_exact_check_v4/runs/correctness_fuzz/multi_comb_rect/n64/seed2_L0_Q1
correctness_fuzz,multi_comb_rect,64,2,1,0,1,0,0,1,0.012561,1632,/Users/free_1/Library/Mobile Documents/iCloud~md~obsidian/Documents/cpp-checker/branch_3/artifacts/lca_tree_stress_v5/strong_gate_cf_exact_check_v4/runs/correctness_fuzz/multi_comb_rect/n64/seed2_L1_Q0
correctness_fuzz,multi_comb_rect,64,2,1,1,1,0,0,1,0.012575,1632,/Users/free_1/Library/Mobile Documents/iCloud~md~obsidian/Documents/cpp-checker/branch_3/artifacts/lca_tree_stress_v5/strong_gate_cf_exact_check_v4/runs/correctness_fuzz/multi_comb_rect/n64/seed2_L1_Q1
correctness_fuzz,multi_comb_rect,64,3,0,0,1,0,0,1,0.012569,1632,/Users/free_1/Library/Mobile Documents/iCloud~md~obsidian/Documents/cpp-checker/branch_3/artifacts/lca_tree_stress_v5/strong_gate_cf_exact_check_v4/runs/correctness_fuzz/multi_comb_rect/n64/seed3_L0_Q0
correctness_fuzz,multi_comb_rect,64,3,0,1,1,0,0,1,0.012561,1632,/Users/free_1/Library/Mobile Documents/iCloud~md~obsidian/Documents/cpp-checker/branch_3/artifacts/lca_tree_stress_v5/strong_gate_cf_exact_check_v4/runs/correctness_fuzz/multi_comb_rect/n64/seed3_L0_Q1
correctness_fuzz,multi_comb_rect,64,3,1,0,1,0,0,1,0.012553,1632,/Users/free_1/Library/Mobile Documents/iCloud~md~obsidian/Documents/cpp-checker/branch_3/artifacts/lca_tree_stress_v5/strong_gate_cf_exact_check_v4/runs/correctness_fuzz/multi_comb_rect/n64/seed3_L1_Q0
correctness_fuzz,multi_comb_rect,64,3,1,1,1,0,0,1,0.010988,1632,/Users/free_1/Library/Mobile Documents/iCloud~md~obsidian/Documents/cpp-checker/branch_3/artifacts/lca_tree_stress_v5/strong_gate_cf_exact_check_v4/runs/correctness_fuzz/multi_comb_rect/n64/seed3_L1_Q1
correctness_fuzz,multi_comb_rect,64,4,0,0,1,0,0,1,0.012564,1632,/Users/free_1/Library/Mobile Documents/iCloud~md~obsidian/Documents/cpp-checker/branch_3/artifacts/lca_tree_stress_v5/strong_gate_cf_exact_check_v4/runs/correctness_fuzz/multi_comb_rect/n64/seed4_L0_Q0
correctness_fuzz,multi_comb_rect,64,4,0,1,1,0,0,1,0.010555,1632,/Users/free_1/Library/Mobile Documents/iCloud~md~obsidian/Documents/cpp-checker/branch_3/artifacts/lca_tree_stress_v5/strong_gate_cf_exact_check_v4/runs/correctness_fuzz/multi_comb_rect/n64/seed4_L0_Q1
correctness_fuzz,multi_comb_rect,64,4,1,0,1,0,0,1,0.012553,1632,/Users/free_1/Library/Mobile Documents/iCloud~md~obsidian/Documents/cpp-checker/branch_3/artifacts/lca_tree_stress_v5/strong_gate_cf_exact_check_v4/runs/correctness_fuzz/multi_comb_rect/n64/seed4_L1_Q0
correctness_fuzz,multi_comb_rect,64,4,1,1,1,0,0,1,0.012556,1632,/Users/free_1/Library/Mobile Documents/iCloud~md~obsidian/Documents/cpp-checker/branch_3/artifacts/lca_tree_stress_v5/strong_gate_cf_exact_check_v4/runs/correctness_fuzz/multi_comb_rect/n64/seed4_L1_Q1
correctness_fuzz,multi_comb_rect,64,5,0,0,1,0,0,1,0.010392,1632,/Users/free_1/Library/Mobile Documents/iCloud~md~obsidian/Documents/cpp-checker/branch_3/artifacts/lca_tree_stress_v5/strong_gate_cf_exact_check_v4/runs/correctness_fuzz/multi_comb_rect/n64/seed5_L0_Q0
correctness_fuzz,multi_comb_rect,64,5,0,1,1,0,0,1,0.012560,1632,/Users/free_1/Library/Mobile Documents/iCloud~md~obsidian/Documents/cpp-checker/branch_3/artifacts/lca_tree_stress_v5/strong_gate_cf_exact_check_v4/runs/correctness_fuzz/multi_comb_rect/n64/seed5_L0_Q1
correctness_fuzz,multi_comb_rect,64,5,1,0,1,0,0,1,0.012551,1632,/Users/free_1/Library/Mobile Documents/iCloud~md~obsidian/Documents/cpp-checker/branch_3/artifacts/lca_tree_stress_v5/strong_gate_cf_exact_check_v4/runs/correctness_fuzz/multi_comb_rect/n64/seed5_L1_Q0
correctness_fuzz,multi_comb_rect,64,5,1,1,1,0,0,1,0.012553,1632,/Users/free_1/Library/Mobile Documents/iCloud~md~obsidian/Documents/cpp-checker/branch_3/artifacts/lca_tree_stress_v5/strong_gate_cf_exact_check_v4/runs/correctness_fuzz/multi_comb_rect/n64/seed5_L1_Q1
correctness_fuzz,multi_comb_rect,128,1,0,0,1,0,0,1,0.012554,2096,/Users/free_1/Library/Mobile Documents/iCloud~md~obsidian/Documents/cpp-checker/branch_3/artifacts/lca_tree_stress_v5/strong_gate_cf_exact_check_v4/runs/correctness_fuzz/multi_comb_rect/n128/seed1_L0_Q0
correctness_fuzz,multi_comb_rect,128,1,0,1,1,0,0,1,0.012554,2096,/Users/free_1/Library/Mobile Documents/iCloud~md~obsidian/Documents/cpp-checker/branch_3/artifacts/lca_tree_stress_v5/strong_gate_cf_exact_check_v4/runs/correctness_fuzz/multi_comb_rect/n128/seed1_L0_Q1
correctness_fuzz,multi_comb_rect,128,1,1,0,1,0,0,1,0.010098,2096,/Users/free_1/Library/Mobile Documents/iCloud~md~obsidian/Documents/cpp-checker/branch_3/artifacts/lca_tree_stress_v5/strong_gate_cf_exact_check_v4/runs/correctness_fuzz/multi_comb_rect/n128/seed1_L1_Q0
correctness_fuzz,multi_comb_rect,128,1,1,1,1,0,0,1,0.010526,2096,/Users/free_1/Library/Mobile Documents/iCloud~md~obsidian/Documents/cpp-checker/branch_3/artifacts/lca_tree_stress_v5/strong_gate_cf_exact_check_v4/runs/correctness_fuzz/multi_comb_rect/n128/seed1_L1_Q1
correctness_fuzz,multi_comb_rect,128,2,0,0,1,0,0,1,0.011135,2096,/Users/free_1/Library/Mobile Documents/iCloud~md~obsidian/Documents/cpp-checker/branch_3/artifacts/lca_tree_stress_v5/strong_gate_cf_exact_check_v4/runs/correctness_fuzz/multi_comb_rect/n128/seed2_L0_Q0
correctness_fuzz,multi_comb_rect,128,2,0,1,1,0,0,1,0.010677,2112,/Users/free_1/Library/Mobile Documents/iCloud~md~obsidian/Documents/cpp-checker/branch_3/artifacts/lca_tree_stress_v5/strong_gate_cf_exact_check_v4/runs/correctness_fuzz/multi_comb_rect/n128/seed2_L0_Q1
correctness_fuzz,multi_comb_rect,128,2,1,0,1,0,0,1,0.012554,2096,/Users/free_1/Library/Mobile Documents/iCloud~md~obsidian/Documents/cpp-checker/branch_3/artifacts/lca_tree_stress_v5/strong_gate_cf_exact_check_v4/runs/correctness_fuzz/multi_comb_rect/n128/seed2_L1_Q0
correctness_fuzz,multi_comb_rect,128,2,1,1,1,0,0,1,0.010737,2096,/Users/free_1/Library/Mobile Documents/iCloud~md~obsidian/Documents/cpp-checker/branch_3/artifacts/lca_tree_stress_v5/strong_gate_cf_exact_check_v4/runs/correctness_fuzz/multi_comb_rect/n128/seed2_L1_Q1
correctness_fuzz,multi_comb_rect,128,3,0,0,1,0,0,1,0.012558,2096,/Users/free_1/Library/Mobile Documents/iCloud~md~obsidian/Documents/cpp-checker/branch_3/artifacts/lca_tree_stress_v5/strong_gate_cf_exact_check_v4/runs/correctness_fuzz/multi_comb_rect/n128/seed3_L0_Q0
correctness_fuzz,multi_comb_rect,128,3,0,1,1,0,0,1,0.012558,2032,/Users/free_1/Library/Mobile Documents/iCloud~md~obsidian/Documents/cpp-checker/branch_3/artifacts/lca_tree_stress_v5/strong_gate_cf_exact_check_v4/runs/correctness_fuzz/multi_comb_rect/n128/seed3_L0_Q1
correctness_fuzz,multi_comb_rect,128,3,1,0,1,0,0,1,0.012566,2048,/Users/free_1/Library/Mobile Documents/iCloud~md~obsidian/Documents/cpp-checker/branch_3/artifacts/lca_tree_stress_v5/strong_gate_cf_exact_check_v4/runs/correctness_fuzz/multi_comb_rect/n128/seed3_L1_Q0
correctness_fuzz,multi_comb_rect,128,3,1,1,1,0,0,1,0.012555,2080,/Users/free_1/Library/Mobile Documents/iCloud~md~obsidian/Documents/cpp-checker/branch_3/artifacts/lca_tree_stress_v5/strong_gate_cf_exact_check_v4/runs/correctness_fuzz/multi_comb_rect/n128/seed3_L1_Q1
correctness_fuzz,multi_comb_rect,128,4,0,0,1,0,0,1,0.012555,2080,/Users/free_1/Library/Mobile Documents/iCloud~md~obsidian/Documents/cpp-checker/branch_3/artifacts/lca_tree_stress_v5/strong_gate_cf_exact_check_v4/runs/correctness_fuzz/multi_comb_rect/n128/seed4_L0_Q0
correctness_fuzz,multi_comb_rect,128,4,0,1,1,0,0,1,0.011539,2096,/Users/free_1/Library/Mobile Documents/iCloud~md~obsidian/Documents/cpp-checker/branch_3/artifacts/lca_tree_stress_v5/strong_gate_cf_exact_check_v4/runs/correctness_fuzz/multi_comb_rect/n128/seed4_L0_Q1
correctness_fuzz,multi_comb_rect,128,4,1,0,1,0,0,1,0.010183,2032,/Users/free_1/Library/Mobile Documents/iCloud~md~obsidian/Documents/cpp-checker/branch_3/artifacts/lca_tree_stress_v5/strong_gate_cf_exact_check_v4/runs/correctness_fuzz/multi_comb_rect/n128/seed4_L1_Q0
correctness_fuzz,multi_comb_rect,128,4,1,1,1,0,0,1,0.010212,2080,/Users/free_1/Library/Mobile Documents/iCloud~md~obsidian/Documents/cpp-checker/branch_3/artifacts/lca_tree_stress_v5/strong_gate_cf_exact_check_v4/runs/correctness_fuzz/multi_comb_rect/n128/seed4_L1_Q1
correctness_fuzz,multi_comb_rect,128,5,0,0,1,0,0,1,0.012557,2080,/Users/free_1/Library/Mobile Documents/iCloud~md~obsidian/Documents/cpp-checker/branch_3/artifacts/lca_tree_stress_v5/strong_gate_cf_exact_check_v4/runs/correctness_fuzz/multi_comb_rect/n128/seed5_L0_Q0
correctness_fuzz,multi_comb_rect,128,5,0,1,1,0,0,1,0.010094,2080,/Users/free_1/Library/Mobile Documents/iCloud~md~obsidian/Documents/cpp-checker/branch_3/artifacts/lca_tree_stress_v5/strong_gate_cf_exact_check_v4/runs/correctness_fuzz/multi_comb_rect/n128/seed5_L0_Q1
correctness_fuzz,multi_comb_rect,128,5,1,0,1,0,0,1,0.012553,2080,/Users/free_1/Library/Mobile Documents/iCloud~md~obsidian/Documents/cpp-checker/branch_3/artifacts/lca_tree_stress_v5/strong_gate_cf_exact_check_v4/runs/correctness_fuzz/multi_comb_rect/n128/seed5_L1_Q0
correctness_fuzz,multi_comb_rect,128,5,1,1,1,0,0,1,0.012554,2080,/Users/free_1/Library/Mobile Documents/iCloud~md~obsidian/Documents/cpp-checker/branch_3/artifacts/lca_tree_stress_v5/strong_gate_cf_exact_check_v4/runs/correctness_fuzz/multi_comb_rect/n128/seed5_L1_Q1
correctness_fuzz,multi_comb_rect,256,1,0,0,1,0,0,1,0.012562,3568,/Users/free_1/Library/Mobile Documents/iCloud~md~obsidian/Documents/cpp-checker/branch_3/artifacts/lca_tree_stress_v5/strong_gate_cf_exact_check_v4/runs/correctness_fuzz/multi_comb_rect/n256/seed1_L0_Q0
correctness_fuzz,multi_comb_rect,256,1,0,1,1,0,0,1,0.012555,3568,/Users/free_1/Library/Mobile Documents/iCloud~md~obsidian/Documents/cpp-checker/branch_3/artifacts/lca_tree_stress_v5/strong_gate_cf_exact_check_v4/runs/correctness_fuzz/multi_comb_rect/n256/seed1_L0_Q1
correctness_fuzz,multi_comb_rect,256,1,1,0,1,0,0,1,0.012553,3552,/Users/free_1/Library/Mobile Documents/iCloud~md~obsidian/Documents/cpp-checker/branch_3/artifacts/lca_tree_stress_v5/strong_gate_cf_exact_check_v4/runs/correctness_fuzz/multi_comb_rect/n256/seed1_L1_Q0
correctness_fuzz,multi_comb_rect,256,1,1,1,1,0,0,1,0.012057,3584,/Users/free_1/Library/Mobile Documents/iCloud~md~obsidian/Documents/cpp-checker/branch_3/artifacts/lca_tree_stress_v5/strong_gate_cf_exact_check_v4/runs/correctness_fuzz/multi_comb_rect/n256/seed1_L1_Q1
correctness_fuzz,multi_comb_rect,256,2,0,0,1,0,0,1,0.012566,3616,/Users/free_1/Library/Mobile Documents/iCloud~md~obsidian/Documents/cpp-checker/branch_3/artifacts/lca_tree_stress_v5/strong_gate_cf_exact_check_v4/runs/correctness_fuzz/multi_comb_rect/n256/seed2_L0_Q0
correctness_fuzz,multi_comb_rect,256,2,0,1,1,0,0,1,0.012253,3600,/Users/free_1/Library/Mobile Documents/iCloud~md~obsidian/Documents/cpp-checker/branch_3/artifacts/lca_tree_stress_v5/strong_gate_cf_exact_check_v4/runs/correctness_fuzz/multi_comb_rect/n256/seed2_L0_Q1
correctness_fuzz,multi_comb_rect,256,2,1,0,1,0,0,1,0.012321,3568,/Users/free_1/Library/Mobile Documents/iCloud~md~obsidian/Documents/cpp-checker/branch_3/artifacts/lca_tree_stress_v5/strong_gate_cf_exact_check_v4/runs/correctness_fuzz/multi_comb_rect/n256/seed2_L1_Q0
correctness_fuzz,multi_comb_rect,256,2,1,1,1,0,0,1,0.012559,3568,/Users/free_1/Library/Mobile Documents/iCloud~md~obsidian/Documents/cpp-checker/branch_3/artifacts/lca_tree_stress_v5/strong_gate_cf_exact_check_v4/runs/correctness_fuzz/multi_comb_rect/n256/seed2_L1_Q1
correctness_fuzz,multi_comb_rect,256,3,0,0,1,0,0,1,0.011834,3600,/Users/free_1/Library/Mobile Documents/iCloud~md~obsidian/Documents/cpp-checker/branch_3/artifacts/lca_tree_stress_v5/strong_gate_cf_exact_check_v4/runs/correctness_fuzz/multi_comb_rect/n256/seed3_L0_Q0
correctness_fuzz,multi_comb_rect,256,3,0,1,1,0,0,1,0.011337,3568,/Users/free_1/Library/Mobile Documents/iCloud~md~obsidian/Documents/cpp-checker/branch_3/artifacts/lca_tree_stress_v5/strong_gate_cf_exact_check_v4/runs/correctness_fuzz/multi_comb_rect/n256/seed3_L0_Q1
correctness_fuzz,multi_comb_rect,256,3,1,0,1,0,0,1,0.012558,3584,/Users/free_1/Library/Mobile Documents/iCloud~md~obsidian/Documents/cpp-checker/branch_3/artifacts/lca_tree_stress_v5/strong_gate_cf_exact_check_v4/runs/correctness_fuzz/multi_comb_rect/n256/seed3_L1_Q0
correctness_fuzz,multi_comb_rect,256,3,1,1,1,0,0,1,0.012566,3584,/Users/free_1/Library/Mobile Documents/iCloud~md~obsidian/Documents/cpp-checker/branch_3/artifacts/lca_tree_stress_v5/strong_gate_cf_exact_check_v4/runs/correctness_fuzz/multi_comb_rect/n256/seed3_L1_Q1
correctness_fuzz,multi_comb_rect,256,4,0,0,1,0,0,1,0.010643,3568,/Users/free_1/Library/Mobile Documents/iCloud~md~obsidian/Documents/cpp-checker/branch_3/artifacts/lca_tree_stress_v5/strong_gate_cf_exact_check_v4/runs/correctness_fuzz/multi_comb_rect/n256/seed4_L0_Q0
correctness_fuzz,multi_comb_rect,256,4,0,1,1,0,0,1,0.012396,3568,/Users/free_1/Library/Mobile Documents/iCloud~md~obsidian/Documents/cpp-checker/branch_3/artifacts/lca_tree_stress_v5/strong_gate_cf_exact_check_v4/runs/correctness_fuzz/multi_comb_rect/n256/seed4_L0_Q1
correctness_fuzz,multi_comb_rect,256,4,1,0,1,0,0,1,0.012555,3568,/Users/free_1/Library/Mobile Documents/iCloud~md~obsidian/Documents/cpp-checker/branch_3/artifacts/lca_tree_stress_v5/strong_gate_cf_exact_check_v4/runs/correctness_fuzz/multi_comb_rect/n256/seed4_L1_Q0
correctness_fuzz,multi_comb_rect,256,4,1,1,1,0,0,1,0.012557,3584,/Users/free_1/Library/Mobile Documents/iCloud~md~obsidian/Documents/cpp-checker/branch_3/artifacts/lca_tree_stress_v5/strong_gate_cf_exact_check_v4/runs/correctness_fuzz/multi_comb_rect/n256/seed4_L1_Q1
correctness_fuzz,multi_comb_rect,256,5,0,0,1,0,0,1,0.010959,3552,/Users/free_1/Library/Mobile Documents/iCloud~md~obsidian/Documents/cpp-checker/branch_3/artifacts/lca_tree_stress_v5/strong_gate_cf_exact_check_v4/runs/correctness_fuzz/multi_comb_rect/n256/seed5_L0_Q0
correctness_fuzz,multi_comb_rect,256,5,0,1,1,0,0,1,0.012515,3600,/Users/free_1/Library/Mobile Documents/iCloud~md~obsidian/Documents/cpp-checker/branch_3/artifacts/lca_tree_stress_v5/strong_gate_cf_exact_check_v4/runs/correctness_fuzz/multi_comb_rect/n256/seed5_L0_Q1
correctness_fuzz,multi_comb_rect,256,5,1,0,1,0,0,1,0.012556,3568,/Users/free_1/Library/Mobile Documents/iCloud~md~obsidian/Documents/cpp-checker/branch_3/artifacts/lca_tree_stress_v5/strong_gate_cf_exact_check_v4/runs/correctness_fuzz/multi_comb_rect/n256/seed5_L1_Q0
correctness_fuzz,multi_comb_rect,256,5,1,1,1,0,0,1,0.012558,3552,/Users/free_1/Library/Mobile Documents/iCloud~md~obsidian/Documents/cpp-checker/branch_3/artifacts/lca_tree_stress_v5/strong_gate_cf_exact_check_v4/runs/correctness_fuzz/multi_comb_rect/n256/seed5_L1_Q1
correctness_fuzz,multi_comb_rect,512,1,0,0,1,0,0,1,0.037164,8752,/Users/free_1/Library/Mobile Documents/iCloud~md~obsidian/Documents/cpp-checker/branch_3/artifacts/lca_tree_stress_v5/strong_gate_cf_exact_check_v4/runs/correctness_fuzz/multi_comb_rect/n512/seed1_L0_Q0
correctness_fuzz,multi_comb_rect,512,1,0,1,1,0,0,1,0.033892,8704,/Users/free_1/Library/Mobile Documents/iCloud~md~obsidian/Documents/cpp-checker/branch_3/artifacts/lca_tree_stress_v5/strong_gate_cf_exact_check_v4/runs/correctness_fuzz/multi_comb_rect/n512/seed1_L0_Q1
correctness_fuzz,multi_comb_rect,512,1,1,0,1,0,0,1,0.033113,8704,/Users/free_1/Library/Mobile Documents/iCloud~md~obsidian/Documents/cpp-checker/branch_3/artifacts/lca_tree_stress_v5/strong_gate_cf_exact_check_v4/runs/correctness_fuzz/multi_comb_rect/n512/seed1_L1_Q0
correctness_fuzz,multi_comb_rect,512,1,1,1,1,0,0,1,0.037557,8704,/Users/free_1/Library/Mobile Documents/iCloud~md~obsidian/Documents/cpp-checker/branch_3/artifacts/lca_tree_stress_v5/strong_gate_cf_exact_check_v4/runs/correctness_fuzz/multi_comb_rect/n512/seed1_L1_Q1
correctness_fuzz,multi_comb_rect,512,2,0,0,1,0,0,1,0.037298,8800,/Users/free_1/Library/Mobile Documents/iCloud~md~obsidian/Documents/cpp-checker/branch_3/artifacts/lca_tree_stress_v5/strong_gate_cf_exact_check_v4/runs/correctness_fuzz/multi_comb_rect/n512/seed2_L0_Q0
correctness_fuzz,multi_comb_rect,512,2,0,1,1,0,0,1,0.037624,8752,/Users/free_1/Library/Mobile Documents/iCloud~md~obsidian/Documents/cpp-checker/branch_3/artifacts/lca_tree_stress_v5/strong_gate_cf_exact_check_v4/runs/correctness_fuzz/multi_comb_rect/n512/seed2_L0_Q1
correctness_fuzz,multi_comb_rect,512,2,1,0,1,0,0,1,0.033998,8752,/Users/free_1/Library/Mobile Documents/iCloud~md~obsidian/Documents/cpp-checker/branch_3/artifacts/lca_tree_stress_v5/strong_gate_cf_exact_check_v4/runs/correctness_fuzz/multi_comb_rect/n512/seed2_L1_Q0
correctness_fuzz,multi_comb_rect,512,2,1,1,1,0,0,1,0.037054,8736,/Users/free_1/Library/Mobile Documents/iCloud~md~obsidian/Documents/cpp-checker/branch_3/artifacts/lca_tree_stress_v5/strong_gate_cf_exact_check_v4/runs/correctness_fuzz/multi_comb_rect/n512/seed2_L1_Q1
correctness_fuzz,multi_comb_rect,512,3,0,0,1,0,0,1,0.036885,8752,/Users/free_1/Library/Mobile Documents/iCloud~md~obsidian/Documents/cpp-checker/branch_3/artifacts/lca_tree_stress_v5/strong_gate_cf_exact_check_v4/runs/correctness_fuzz/multi_comb_rect/n512/seed3_L0_Q0
correctness_fuzz,multi_comb_rect,512,3,0,1,1,0,0,1,0.034858,8704,/Users/free_1/Library/Mobile Documents/iCloud~md~obsidian/Documents/cpp-checker/branch_3/artifacts/lca_tree_stress_v5/strong_gate_cf_exact_check_v4/runs/correctness_fuzz/multi_comb_rect/n512/seed3_L0_Q1
correctness_fuzz,multi_comb_rect,512,3,1,0,1,0,0,1,0.036247,8752,/Users/free_1/Library/Mobile Documents/iCloud~md~obsidian/Documents/cpp-checker/branch_3/artifacts/lca_tree_stress_v5/strong_gate_cf_exact_check_v4/runs/correctness_fuzz/multi_comb_rect/n512/seed3_L1_Q0
correctness_fuzz,multi_comb_rect,512,3,1,1,1,0,0,1,0.035161,8752,/Users/free_1/Library/Mobile Documents/iCloud~md~obsidian/Documents/cpp-checker/branch_3/artifacts/lca_tree_stress_v5/strong_gate_cf_exact_check_v4/runs/correctness_fuzz/multi_comb_rect/n512/seed3_L1_Q1
correctness_fuzz,multi_comb_rect,512,4,0,0,1,0,0,1,0.036383,8800,/Users/free_1/Library/Mobile Documents/iCloud~md~obsidian/Documents/cpp-checker/branch_3/artifacts/lca_tree_stress_v5/strong_gate_cf_exact_check_v4/runs/correctness_fuzz/multi_comb_rect/n512/seed4_L0_Q0
correctness_fuzz,multi_comb_rect,512,4,0,1,1,0,0,1,0.035216,8800,/Users/free_1/Library/Mobile Documents/iCloud~md~obsidian/Documents/cpp-checker/branch_3/artifacts/lca_tree_stress_v5/strong_gate_cf_exact_check_v4/runs/correctness_fuzz/multi_comb_rect/n512/seed4_L0_Q1
correctness_fuzz,multi_comb_rect,512,4,1,0,1,0,0,1,0.037604,8800,/Users/free_1/Library/Mobile Documents/iCloud~md~obsidian/Documents/cpp-checker/branch_3/artifacts/lca_tree_stress_v5/strong_gate_cf_exact_check_v4/runs/correctness_fuzz/multi_comb_rect/n512/seed4_L1_Q0
correctness_fuzz,multi_comb_rect,512,4,1,1,1,0,0,1,0.035675,8800,/Users/free_1/Library/Mobile Documents/iCloud~md~obsidian/Documents/cpp-checker/branch_3/artifacts/lca_tree_stress_v5/strong_gate_cf_exact_check_v4/runs/correctness_fuzz/multi_comb_rect/n512/seed4_L1_Q1
correctness_fuzz,multi_comb_rect,512,5,0,0,1,0,0,1,0.034779,8800,/Users/free_1/Library/Mobile Documents/iCloud~md~obsidian/Documents/cpp-checker/branch_3/artifacts/lca_tree_stress_v5/strong_gate_cf_exact_check_v4/runs/correctness_fuzz/multi_comb_rect/n512/seed5_L0_Q0
correctness_fuzz,multi_comb_rect,512,5,0,1,1,0,0,1,0.035360,8800,/Users/free_1/Library/Mobile Documents/iCloud~md~obsidian/Documents/cpp-checker/branch_3/artifacts/lca_tree_stress_v5/strong_gate_cf_exact_check_v4/runs/correctness_fuzz/multi_comb_rect/n512/seed5_L0_Q1
correctness_fuzz,multi_comb_rect,512,5,1,0,1,0,0,1,0.037694,8816,/Users/free_1/Library/Mobile Documents/iCloud~md~obsidian/Documents/cpp-checker/branch_3/artifacts/lca_tree_stress_v5/strong_gate_cf_exact_check_v4/runs/correctness_fuzz/multi_comb_rect/n512/seed5_L1_Q0
correctness_fuzz,multi_comb_rect,512,5,1,1,1,0,0,1,0.035599,8800,/Users/free_1/Library/Mobile Documents/iCloud~md~obsidian/Documents/cpp-checker/branch_3/artifacts/lca_tree_stress_v5/strong_gate_cf_exact_check_v4/runs/correctness_fuzz/multi_comb_rect/n512/seed5_L1_Q1
correctness_fuzz,multi_comb_rect,1024,1,0,0,1,0,0,1,0.119234,27616,/Users/free_1/Library/Mobile Documents/iCloud~md~obsidian/Documents/cpp-checker/branch_3/artifacts/lca_tree_stress_v5/strong_gate_cf_exact_check_v4/runs/correctness_fuzz/multi_comb_rect/n1024/seed1_L0_Q0
correctness_fuzz,multi_comb_rect,1024,1,0,1,1,0,0,1,0.125309,27616,/Users/free_1/Library/Mobile Documents/iCloud~md~obsidian/Documents/cpp-checker/branch_3/artifacts/lca_tree_stress_v5/strong_gate_cf_exact_check_v4/runs/correctness_fuzz/multi_comb_rect/n1024/seed1_L0_Q1
correctness_fuzz,multi_comb_rect,1024,1,1,0,1,0,0,1,0.121949,27664,/Users/free_1/Library/Mobile Documents/iCloud~md~obsidian/Documents/cpp-checker/branch_3/artifacts/lca_tree_stress_v5/strong_gate_cf_exact_check_v4/runs/correctness_fuzz/multi_comb_rect/n1024/seed1_L1_Q0
correctness_fuzz,multi_comb_rect,1024,1,1,1,1,0,0,1,0.125313,27632,/Users/free_1/Library/Mobile Documents/iCloud~md~obsidian/Documents/cpp-checker/branch_3/artifacts/lca_tree_stress_v5/strong_gate_cf_exact_check_v4/runs/correctness_fuzz/multi_comb_rect/n1024/seed1_L1_Q1
correctness_fuzz,multi_comb_rect,1024,2,0,0,1,0,0,1,0.123835,27632,/Users/free_1/Library/Mobile Documents/iCloud~md~obsidian/Documents/cpp-checker/branch_3/artifacts/lca_tree_stress_v5/strong_gate_cf_exact_check_v4/runs/correctness_fuzz/multi_comb_rect/n1024/seed2_L0_Q0
correctness_fuzz,multi_comb_rect,1024,2,0,1,1,0,0,1,0.158412,27632,/Users/free_1/Library/Mobile Documents/iCloud~md~obsidian/Documents/cpp-checker/branch_3/artifacts/lca_tree_stress_v5/strong_gate_cf_exact_check_v4/runs/correctness_fuzz/multi_comb_rect/n1024/seed2_L0_Q1
correctness_fuzz,multi_comb_rect,1024,2,1,0,1,0,0,1,0.128087,27632,/Users/free_1/Library/Mobile Documents/iCloud~md~obsidian/Documents/cpp-checker/branch_3/artifacts/lca_tree_stress_v5/strong_gate_cf_exact_check_v4/runs/correctness_fuzz/multi_comb_rect/n1024/seed2_L1_Q0
correctness_fuzz,multi_comb_rect,1024,2,1,1,1,0,0,1,0.120783,27632,/Users/free_1/Library/Mobile Documents/iCloud~md~obsidian/Documents/cpp-checker/branch_3/artifacts/lca_tree_stress_v5/strong_gate_cf_exact_check_v4/runs/correctness_fuzz/multi_comb_rect/n1024/seed2_L1_Q1
correctness_fuzz,multi_comb_rect,1024,3,0,0,1,0,0,1,0.128293,27552,/Users/free_1/Library/Mobile Documents/iCloud~md~obsidian/Documents/cpp-checker/branch_3/artifacts/lca_tree_stress_v5/strong_gate_cf_exact_check_v4/runs/correctness_fuzz/multi_comb_rect/n1024/seed3_L0_Q0
correctness_fuzz,multi_comb_rect,1024,3,0,1,1,0,0,1,0.122071,27536,/Users/free_1/Library/Mobile Documents/iCloud~md~obsidian/Documents/cpp-checker/branch_3/artifacts/lca_tree_stress_v5/strong_gate_cf_exact_check_v4/runs/correctness_fuzz/multi_comb_rect/n1024/seed3_L0_Q1
correctness_fuzz,multi_comb_rect,1024,3,1,0,1,0,0,1,0.144889,27552,/Users/free_1/Library/Mobile Documents/iCloud~md~obsidian/Documents/cpp-checker/branch_3/artifacts/lca_tree_stress_v5/strong_gate_cf_exact_check_v4/runs/correctness_fuzz/multi_comb_rect/n1024/seed3_L1_Q0
correctness_fuzz,multi_comb_rect,1024,3,1,1,1,0,0,1,0.135603,27552,/Users/free_1/Library/Mobile Documents/iCloud~md~obsidian/Documents/cpp-checker/branch_3/artifacts/lca_tree_stress_v5/strong_gate_cf_exact_check_v4/runs/correctness_fuzz/multi_comb_rect/n1024/seed3_L1_Q1
correctness_fuzz,multi_comb_rect,1024,4,0,0,1,0,0,1,0.118870,27744,/Users/free_1/Library/Mobile Documents/iCloud~md~obsidian/Documents/cpp-checker/branch_3/artifacts/lca_tree_stress_v5/strong_gate_cf_exact_check_v4/runs/correctness_fuzz/multi_comb_rect/n1024/seed4_L0_Q0
correctness_fuzz,multi_comb_rect,1024,4,0,1,1,0,0,1,0.121979,27760,/Users/free_1/Library/Mobile Documents/iCloud~md~obsidian/Documents/cpp-checker/branch_3/artifacts/lca_tree_stress_v5/strong_gate_cf_exact_check_v4/runs/correctness_fuzz/multi_comb_rect/n1024/seed4_L0_Q1
correctness_fuzz,multi_comb_rect,1024,4,1,0,1,0,0,1,0.119809,27792,/Users/free_1/Library/Mobile Documents/iCloud~md~obsidian/Documents/cpp-checker/branch_3/artifacts/lca_tree_stress_v5/strong_gate_cf_exact_check_v4/runs/correctness_fuzz/multi_comb_rect/n1024/seed4_L1_Q0
correctness_fuzz,multi_comb_rect,1024,4,1,1,1,0,0,1,0.134467,27744,/Users/free_1/Library/Mobile Documents/iCloud~md~obsidian/Documents/cpp-checker/branch_3/artifacts/lca_tree_stress_v5/strong_gate_cf_exact_check_v4/runs/correctness_fuzz/multi_comb_rect/n1024/seed4_L1_Q1
correctness_fuzz,multi_comb_rect,1024,5,0,0,1,0,0,1,0.119698,27664,/Users/free_1/Library/Mobile Documents/iCloud~md~obsidian/Documents/cpp-checker/branch_3/artifacts/lca_tree_stress_v5/strong_gate_cf_exact_check_v4/runs/correctness_fuzz/multi_comb_rect/n1024/seed5_L0_Q0
correctness_fuzz,multi_comb_rect,1024,5,0,1,1,0,0,1,0.168183,27696,/Users/free_1/Library/Mobile Documents/iCloud~md~obsidian/Documents/cpp-checker/branch_3/artifacts/lca_tree_stress_v5/strong_gate_cf_exact_check_v4/runs/correctness_fuzz/multi_comb_rect/n1024/seed5_L0_Q1
correctness_fuzz,multi_comb_rect,1024,5,1,0,1,0,0,1,0.130700,27696,/Users/free_1/Library/Mobile Documents/iCloud~md~obsidian/Documents/cpp-checker/branch_3/artifacts/lca_tree_stress_v5/strong_gate_cf_exact_check_v4/runs/correctness_fuzz/multi_comb_rect/n1024/seed5_L1_Q0
correctness_fuzz,multi_comb_rect,1024,5,1,1,1,0,0,1,0.129041,27728,/Users/free_1/Library/Mobile Documents/iCloud~md~obsidian/Documents/cpp-checker/branch_3/artifacts/lca_tree_stress_v5/strong_gate_cf_exact_check_v4/runs/correctness_fuzz/multi_comb_rect/n1024/seed5_L1_Q1
correctness_fuzz,multi_comb_cap,64,1,0,0,1,0,0,1,0.115414,1616,/Users/free_1/Library/Mobile Documents/iCloud~md~obsidian/Documents/cpp-checker/branch_3/artifacts/lca_tree_stress_v5/strong_gate_cf_exact_check_v4/runs/correctness_fuzz/multi_comb_cap/n64/seed1_L0_Q0
correctness_fuzz,multi_comb_cap,64,1,0,1,1,0,0,1,0.015612,1616,/Users/free_1/Library/Mobile Documents/iCloud~md~obsidian/Documents/cpp-checker/branch_3/artifacts/lca_tree_stress_v5/strong_gate_cf_exact_check_v4/runs/correctness_fuzz/multi_comb_cap/n64/seed1_L0_Q1
correctness_fuzz,multi_comb_cap,64,1,1,0,1,0,0,1,0.010951,1616,/Users/free_1/Library/Mobile Documents/iCloud~md~obsidian/Documents/cpp-checker/branch_3/artifacts/lca_tree_stress_v5/strong_gate_cf_exact_check_v4/runs/correctness_fuzz/multi_comb_cap/n64/seed1_L1_Q0
correctness_fuzz,multi_comb_cap,64,1,1,1,1,0,0,1,0.012576,1616,/Users/free_1/Library/Mobile Documents/iCloud~md~obsidian/Documents/cpp-checker/branch_3/artifacts/lca_tree_stress_v5/strong_gate_cf_exact_check_v4/runs/correctness_fuzz/multi_comb_cap/n64/seed1_L1_Q1
correctness_fuzz,multi_comb_cap,64,2,0,0,1,0,0,1,0.012618,1632,/Users/free_1/Library/Mobile Documents/iCloud~md~obsidian/Documents/cpp-checker/branch_3/artifacts/lca_tree_stress_v5/strong_gate_cf_exact_check_v4/runs/correctness_fuzz/multi_comb_cap/n64/seed2_L0_Q0
correctness_fuzz,multi_comb_cap,64,2,0,1,1,0,0,1,0.012629,1616,/Users/free_1/Library/Mobile Documents/iCloud~md~obsidian/Documents/cpp-checker/branch_3/artifacts/lca_tree_stress_v5/strong_gate_cf_exact_check_v4/runs/correctness_fuzz/multi_comb_cap/n64/seed2_L0_Q1
correctness_fuzz,multi_comb_cap,64,2,1,0,1,0,0,1,0.011981,1616,/Users/free_1/Library/Mobile Documents/iCloud~md~obsidian/Documents/cpp-checker/branch_3/artifacts/lca_tree_stress_v5/strong_gate_cf_exact_check_v4/runs/correctness_fuzz/multi_comb_cap/n64/seed2_L1_Q0
correctness_fuzz,multi_comb_cap,64,2,1,1,1,0,0,1,0.011394,1616,/Users/free_1/Library/Mobile Documents/iCloud~md~obsidian/Documents/cpp-checker/branch_3/artifacts/lca_tree_stress_v5/strong_gate_cf_exact_check_v4/runs/correctness_fuzz/multi_comb_cap/n64/seed2_L1_Q1
correctness_fuzz,multi_comb_cap,64,3,0,0,1,0,0,1,0.012564,1616,/Users/free_1/Library/Mobile Documents/iCloud~md~obsidian/Documents/cpp-checker/branch_3/artifacts/lca_tree_stress_v5/strong_gate_cf_exact_check_v4/runs/correctness_fuzz/multi_comb_cap/n64/seed3_L0_Q0
correctness_fuzz,multi_comb_cap,64,3,0,1,1,0,0,1,0.012552,1616,/Users/free_1/Library/Mobile Documents/iCloud~md~obsidian/Documents/cpp-checker/branch_3/artifacts/lca_tree_stress_v5/strong_gate_cf_exact_check_v4/runs/correctness_fuzz/multi_comb_cap/n64/seed3_L0_Q1
correctness_fuzz,multi_comb_cap,64,3,1,0,1,0,0,1,0.010887,1616,/Users/free_1/Library/Mobile Documents/iCloud~md~obsidian/Documents/cpp-checker/branch_3/artifacts/lca_tree_stress_v5/strong_gate_cf_exact_check_v4/runs/correctness_fuzz/multi_comb_cap/n64/seed3_L1_Q0
correctness_fuzz,multi_comb_cap,64,3,1,1,1,0,0,1,0.011592,1616,/Users/free_1/Library/Mobile Documents/iCloud~md~obsidian/Documents/cpp-checker/branch_3/artifacts/lca_tree_stress_v5/strong_gate_cf_exact_check_v4/runs/correctness_fuzz/multi_comb_cap/n64/seed3_L1_Q1
correctness_fuzz,multi_comb_cap,64,4,0,0,1,0,0,1,0.012550,1616,/Users/free_1/Library/Mobile Documents/iCloud~md~obsidian/Documents/cpp-checker/branch_3/artifacts/lca_tree_stress_v5/strong_gate_cf_exact_check_v4/runs/correctness_fuzz/multi_comb_cap/n64/seed4_L0_Q0
correctness_fuzz,multi_comb_cap,64,4,0,1,1,0,0,1,0.012558,1616,/Users/free_1/Library/Mobile Documents/iCloud~md~obsidian/Documents/cpp-checker/branch_3/artifacts/lca_tree_stress_v5/strong_gate_cf_exact_check_v4/runs/correctness_fuzz/multi_comb_cap/n64/seed4_L0_Q1
correctness_fuzz,multi_comb_cap,64,4,1,0,1,0,0,1,0.012556,1632,/Users/free_1/Library/Mobile Documents/iCloud~md~obsidian/Documents/cpp-checker/branch_3/artifacts/lca_tree_stress_v5/strong_gate_cf_exact_check_v4/runs/correctness_fuzz/multi_comb_cap/n64/seed4_L1_Q0
correctness_fuzz,multi_comb_cap,64,4,1,1,1,0,0,1,0.012558,1616,/Users/free_1/Library/Mobile Documents/iCloud~md~obsidian/Documents/cpp-checker/branch_3/artifacts/lca_tree_stress_v5/strong_gate_cf_exact_check_v4/runs/correctness_fuzz/multi_comb_cap/n64/seed4_L1_Q1
correctness_fuzz,multi_comb_cap,64,5,0,0,1,0,0,1,0.012552,1632,/Users/free_1/Library/Mobile Documents/iCloud~md~obsidian/Documents/cpp-checker/branch_3/artifacts/lca_tree_stress_v5/strong_gate_cf_exact_check_v4/runs/correctness_fuzz/multi_comb_cap/n64/seed5_L0_Q0
correctness_fuzz,multi_comb_cap,64,5,0,1,1,0,0,1,0.012561,1632,/Users/free_1/Library/Mobile Documents/iCloud~md~obsidian/Documents/cpp-checker/branch_3/artifacts/lca_tree_stress_v5/strong_gate_cf_exact_check_v4/runs/correctness_fuzz/multi_comb_cap/n64/seed5_L0_Q1
correctness_fuzz,multi_comb_cap,64,5,1,0,1,0,0,1,0.012366,1616,/Users/free_1/Library/Mobile Documents/iCloud~md~obsidian/Documents/cpp-checker/branch_3/artifacts/lca_tree_stress_v5/strong_gate_cf_exact_check_v4/runs/correctness_fuzz/multi_comb_cap/n64/seed5_L1_Q0
correctness_fuzz,multi_comb_cap,64,5,1,1,1,0,0,1,0.010914,1616,/Users/free_1/Library/Mobile Documents/iCloud~md~obsidian/Documents/cpp-checker/branch_3/artifacts/lca_tree_stress_v5/strong_gate_cf_exact_check_v4/runs/correctness_fuzz/multi_comb_cap/n64/seed5_L1_Q1
correctness_fuzz,multi_comb_cap,128,1,0,0,1,0,0,1,0.012551,1888,/Users/free_1/Library/Mobile Documents/iCloud~md~obsidian/Documents/cpp-checker/branch_3/artifacts/lca_tree_stress_v5/strong_gate_cf_exact_check_v4/runs/correctness_fuzz/multi_comb_cap/n128/seed1_L0_Q0
correctness_fuzz,multi_comb_cap,128,1,0,1,1,0,0,1,0.012555,1888,/Users/free_1/Library/Mobile Documents/iCloud~md~obsidian/Documents/cpp-checker/branch_3/artifacts/lca_tree_stress_v5/strong_gate_cf_exact_check_v4/runs/correctness_fuzz/multi_comb_cap/n128/seed1_L0_Q1
correctness_fuzz,multi_comb_cap,128,1,1,0,1,0,0,1,0.012227,1920,/Users/free_1/Library/Mobile Documents/iCloud~md~obsidian/Documents/cpp-checker/branch_3/artifacts/lca_tree_stress_v5/strong_gate_cf_exact_check_v4/runs/correctness_fuzz/multi_comb_cap/n128/seed1_L1_Q0
correctness_fuzz,multi_comb_cap,128,1,1,1,1,0,0,1,0.012559,1920,/Users/free_1/Library/Mobile Documents/iCloud~md~obsidian/Documents/cpp-checker/branch_3/artifacts/lca_tree_stress_v5/strong_gate_cf_exact_check_v4/runs/correctness_fuzz/multi_comb_cap/n128/seed1_L1_Q1
correctness_fuzz,multi_comb_cap,128,2,0,0,1,0,0,1,0.012554,1904,/Users/free_1/Library/Mobile Documents/iCloud~md~obsidian/Documents/cpp-checker/branch_3/artifacts/lca_tree_stress_v5/strong_gate_cf_exact_check_v4/runs/correctness_fuzz/multi_comb_cap/n128/seed2_L0_Q0
correctness_fuzz,multi_comb_cap,128,2,0,1,1,0,0,1,0.010686,1904,/Users/free_1/Library/Mobile Documents/iCloud~md~obsidian/Documents/cpp-checker/branch_3/artifacts/lca_tree_stress_v5/strong_gate_cf_exact_check_v4/runs/correctness_fuzz/multi_comb_cap/n128/seed2_L0_Q1
correctness_fuzz,multi_comb_cap,128,2,1,0,1,0,0,1,0.012053,1904,/Users/free_1/Library/Mobile Documents/iCloud~md~obsidian/Documents/cpp-checker/branch_3/artifacts/lca_tree_stress_v5/strong_gate_cf_exact_check_v4/runs/correctness_fuzz/multi_comb_cap/n128/seed2_L1_Q0
correctness_fuzz,multi_comb_cap,128,2,1,1,1,0,0,1,0.012565,1888,/Users/free_1/Library/Mobile Documents/iCloud~md~obsidian/Documents/cpp-checker/branch_3/artifacts/lca_tree_stress_v5/strong_gate_cf_exact_check_v4/runs/correctness_fuzz/multi_comb_cap/n128/seed2_L1_Q1
correctness_fuzz,multi_comb_cap,128,3,0,0,1,0,0,1,0.011085,1904,/Users/free_1/Library/Mobile Documents/iCloud~md~obsidian/Documents/cpp-checker/branch_3/artifacts/lca_tree_stress_v5/strong_gate_cf_exact_check_v4/runs/correctness_fuzz/multi_comb_cap/n128/seed3_L0_Q0
correctness_fuzz,multi_comb_cap,128,3,0,1,1,0,0,1,0.012578,1904,/Users/free_1/Library/Mobile Documents/iCloud~md~obsidian/Documents/cpp-checker/branch_3/artifacts/lca_tree_stress_v5/strong_gate_cf_exact_check_v4/runs/correctness_fuzz/multi_comb_cap/n128/seed3_L0_Q1
correctness_fuzz,multi_comb_cap,128,3,1,0,1,0,0,1,0.012563,1904,/Users/free_1/Library/Mobile Documents/iCloud~md~obsidian/Documents/cpp-checker/branch_3/artifacts/lca_tree_stress_v5/strong_gate_cf_exact_check_v4/runs/correctness_fuzz/multi_comb_cap/n128/seed3_L1_Q0
correctness_fuzz,multi_comb_cap,128,3,1,1,1,0,0,1,0.012559,1920,/Users/free_1/Library/Mobile Documents/iCloud~md~obsidian/Documents/cpp-checker/branch_3/artifacts/lca_tree_stress_v5/strong_gate_cf_exact_check_v4/runs/correctness_fuzz/multi_comb_cap/n128/seed3_L1_Q1
correctness_fuzz,multi_comb_cap,128,4,0,0,1,0,0,1,0.010234,1904,/Users/free_1/Library/Mobile Documents/iCloud~md~obsidian/Documents/cpp-checker/branch_3/artifacts/lca_tree_stress_v5/strong_gate_cf_exact_check_v4/runs/correctness_fuzz/multi_comb_cap/n128/seed4_L0_Q0
correctness_fuzz,multi_comb_cap,128,4,0,1,1,0,0,1,0.012554,1904,/Users/free_1/Library/Mobile Documents/iCloud~md~obsidian/Documents/cpp-checker/branch_3/artifacts/lca_tree_stress_v5/strong_gate_cf_exact_check_v4/runs/correctness_fuzz/multi_comb_cap/n128/seed4_L0_Q1
correctness_fuzz,multi_comb_cap,128,4,1,0,1,0,0,1,0.012543,1920,/Users/free_1/Library/Mobile Documents/iCloud~md~obsidian/Documents/cpp-checker/branch_3/artifacts/lca_tree_stress_v5/strong_gate_cf_exact_check_v4/runs/correctness_fuzz/multi_comb_cap/n128/seed4_L1_Q0
correctness_fuzz,multi_comb_cap,128,4,1,1,1,0,0,1,0.012552,1920,/Users/free_1/Library/Mobile Documents/iCloud~md~obsidian/Documents/cpp-checker/branch_3/artifacts/lca_tree_stress_v5/strong_gate_cf_exact_check_v4/runs/correctness_fuzz/multi_comb_cap/n128/seed4_L1_Q1
correctness_fuzz,multi_comb_cap,128,5,0,0,1,0,0,1,0.012553,1888,/Users/free_1/Library/Mobile Documents/iCloud~md~obsidian/Documents/cpp-checker/branch_3/artifacts/lca_tree_stress_v5/strong_gate_cf_exact_check_v4/runs/correctness_fuzz/multi_comb_cap/n128/seed5_L0_Q0
correctness_fuzz,multi_comb_cap,128,5,0,1,1,0,0,1,0.011230,1888,/Users/free_1/Library/Mobile Documents/iCloud~md~obsidian/Documents/cpp-checker/branch_3/artifacts/lca_tree_stress_v5/strong_gate_cf_exact_check_v4/runs/correctness_fuzz/multi_comb_cap/n128/seed5_L0_Q1
correctness_fuzz,multi_comb_cap,128,5,1,0,1,0,0,1,0.012193,1872,/Users/free_1/Library/Mobile Documents/iCloud~md~obsidian/Documents/cpp-checker/branch_3/artifacts/lca_tree_stress_v5/strong_gate_cf_exact_check_v4/runs/correctness_fuzz/multi_comb_cap/n128/seed5_L1_Q0
correctness_fuzz,multi_comb_cap,128,5,1,1,1,0,0,1,0.011329,1888,/Users/free_1/Library/Mobile Documents/iCloud~md~obsidian/Documents/cpp-checker/branch_3/artifacts/lca_tree_stress_v5/strong_gate_cf_exact_check_v4/runs/correctness_fuzz/multi_comb_cap/n128/seed5_L1_Q1
correctness_fuzz,multi_comb_cap,256,1,0,0,1,0,0,1,0.012556,2864,/Users/free_1/Library/Mobile Documents/iCloud~md~obsidian/Documents/cpp-checker/branch_3/artifacts/lca_tree_stress_v5/strong_gate_cf_exact_check_v4/runs/correctness_fuzz/multi_comb_cap/n256/seed1_L0_Q0
correctness_fuzz,multi_comb_cap,256,1,0,1,1,0,0,1,0.012531,2848,/Users/free_1/Library/Mobile Documents/iCloud~md~obsidian/Documents/cpp-checker/branch_3/artifacts/lca_tree_stress_v5/strong_gate_cf_exact_check_v4/runs/correctness_fuzz/multi_comb_cap/n256/seed1_L0_Q1
correctness_fuzz,multi_comb_cap,256,1,1,0,1,0,0,1,0.010433,2832,/Users/free_1/Library/Mobile Documents/iCloud~md~obsidian/Documents/cpp-checker/branch_3/artifacts/lca_tree_stress_v5/strong_gate_cf_exact_check_v4/runs/correctness_fuzz/multi_comb_cap/n256/seed1_L1_Q0
correctness_fuzz,multi_comb_cap,256,1,1,1,1,0,0,1,0.011727,2848,/Users/free_1/Library/Mobile Documents/iCloud~md~obsidian/Documents/cpp-checker/branch_3/artifacts/lca_tree_stress_v5/strong_gate_cf_exact_check_v4/runs/correctness_fuzz/multi_comb_cap/n256/seed1_L1_Q1
correctness_fuzz,multi_comb_cap,256,2,0,0,1,0,0,1,0.010850,2864,/Users/free_1/Library/Mobile Documents/iCloud~md~obsidian/Documents/cpp-checker/branch_3/artifacts/lca_tree_stress_v5/strong_gate_cf_exact_check_v4/runs/correctness_fuzz/multi_comb_cap/n256/seed2_L0_Q0
correctness_fuzz,multi_comb_cap,256,2,0,1,1,0,0,1,0.012558,2864,/Users/free_1/Library/Mobile Documents/iCloud~md~obsidian/Documents/cpp-checker/branch_3/artifacts/lca_tree_stress_v5/strong_gate_cf_exact_check_v4/runs/correctness_fuzz/multi_comb_cap/n256/seed2_L0_Q1
correctness_fuzz,multi_comb_cap,256,2,1,0,1,0,0,1,0.020484,2896,/Users/free_1/Library/Mobile Documents/iCloud~md~obsidian/Documents/cpp-checker/branch_3/artifacts/lca_tree_stress_v5/strong_gate_cf_exact_check_v4/runs/correctness_fuzz/multi_comb_cap/n256/seed2_L1_Q0
correctness_fuzz,multi_comb_cap,256,2,1,1,1,0,0,1,0.027687,2912,/Users/free_1/Library/Mobile Documents/iCloud~md~obsidian/Documents/cpp-checker/branch_3/artifacts/lca_tree_stress_v5/strong_gate_cf_exact_check_v4/runs/correctness_fuzz/multi_comb_cap/n256/seed2_L1_Q1
correctness_fuzz,multi_comb_cap,256,3,0,0,1,0,0,1,0.012571,2832,/Users/free_1/Library/Mobile Documents/iCloud~md~obsidian/Documents/cpp-checker/branch_3/artifacts/lca_tree_stress_v5/strong_gate_cf_exact_check_v4/runs/correctness_fuzz/multi_comb_cap/n256/seed3_L0_Q0
correctness_fuzz,multi_comb_cap,256,3,0,1,1,0,0,1,0.012566,2848,/Users/free_1/Library/Mobile Documents/iCloud~md~obsidian/Documents/cpp-checker/branch_3/artifacts/lca_tree_stress_v5/strong_gate_cf_exact_check_v4/runs/correctness_fuzz/multi_comb_cap/n256/seed3_L0_Q1
correctness_fuzz,multi_comb_cap,256,3,1,0,1,0,0,1,0.012457,2848,/Users/free_1/Library/Mobile Documents/iCloud~md~obsidian/Documents/cpp-checker/branch_3/artifacts/lca_tree_stress_v5/strong_gate_cf_exact_check_v4/runs/correctness_fuzz/multi_comb_cap/n256/seed3_L1_Q0
correctness_fuzz,multi_comb_cap,256,3,1,1,1,0,0,1,0.012584,2864,/Users/free_1/Library/Mobile Documents/iCloud~md~obsidian/Documents/cpp-checker/branch_3/artifacts/lca_tree_stress_v5/strong_gate_cf_exact_check_v4/runs/correctness_fuzz/multi_comb_cap/n256/seed3_L1_Q1
correctness_fuzz,multi_comb_cap,256,4,0,0,1,0,0,1,0.012223,2880,/Users/free_1/Library/Mobile Documents/iCloud~md~obsidian/Documents/cpp-checker/branch_3/artifacts/lca_tree_stress_v5/strong_gate_cf_exact_check_v4/runs/correctness_fuzz/multi_comb_cap/n256/seed4_L0_Q0
correctness_fuzz,multi_comb_cap,256,4,0,1,1,0,0,1,0.012590,2848,/Users/free_1/Library/Mobile Documents/iCloud~md~obsidian/Documents/cpp-checker/branch_3/artifacts/lca_tree_stress_v5/strong_gate_cf_exact_check_v4/runs/correctness_fuzz/multi_comb_cap/n256/seed4_L0_Q1
correctness_fuzz,multi_comb_cap,256,4,1,0,1,0,0,1,0.012016,2848,/Users/free_1/Library/Mobile Documents/iCloud~md~obsidian/Documents/cpp-checker/branch_3/artifacts/lca_tree_stress_v5/strong_gate_cf_exact_check_v4/runs/correctness_fuzz/multi_comb_cap/n256/seed4_L1_Q0
correctness_fuzz,multi_comb_cap,256,4,1,1,1,0,0,1,0.011187,2864,/Users/free_1/Library/Mobile Documents/iCloud~md~obsidian/Documents/cpp-checker/branch_3/artifacts/lca_tree_stress_v5/strong_gate_cf_exact_check_v4/runs/correctness_fuzz/multi_comb_cap/n256/seed4_L1_Q1
correctness_fuzz,multi_comb_cap,256,5,0,0,1,0,0,1,0.012559,2848,/Users/free_1/Library/Mobile Documents/iCloud~md~obsidian/Documents/cpp-checker/branch_3/artifacts/lca_tree_stress_v5/strong_gate_cf_exact_check_v4/runs/correctness_fuzz/multi_comb_cap/n256/seed5_L0_Q0
correctness_fuzz,multi_comb_cap,256,5,0,1,1,0,0,1,0.012556,2880,/Users/free_1/Library/Mobile Documents/iCloud~md~obsidian/Documents/cpp-checker/branch_3/artifacts/lca_tree_stress_v5/strong_gate_cf_exact_check_v4/runs/correctness_fuzz/multi_comb_cap/n256/seed5_L0_Q1
correctness_fuzz,multi_comb_cap,256,5,1,0,1,0,0,1,0.011824,2848,/Users/free_1/Library/Mobile Documents/iCloud~md~obsidian/Documents/cpp-checker/branch_3/artifacts/lca_tree_stress_v5/strong_gate_cf_exact_check_v4/runs/correctness_fuzz/multi_comb_cap/n256/seed5_L1_Q0
correctness_fuzz,multi_comb_cap,256,5,1,1,1,0,0,1,0.010954,2848,/Users/free_1/Library/Mobile Documents/iCloud~md~obsidian/Documents/cpp-checker/branch_3/artifacts/lca_tree_stress_v5/strong_gate_cf_exact_check_v4/runs/correctness_fuzz/multi_comb_cap/n256/seed5_L1_Q1
correctness_fuzz,multi_comb_cap,512,1,0,0,1,0,0,1,0.035615,6208,/Users/free_1/Library/Mobile Documents/iCloud~md~obsidian/Documents/cpp-checker/branch_3/artifacts/lca_tree_stress_v5/strong_gate_cf_exact_check_v4/runs/correctness_fuzz/multi_comb_cap/n512/seed1_L0_Q0
correctness_fuzz,multi_comb_cap,512,1,0,1,1,0,0,1,0.036934,6192,/Users/free_1/Library/Mobile Documents/iCloud~md~obsidian/Documents/cpp-checker/branch_3/artifacts/lca_tree_stress_v5/strong_gate_cf_exact_check_v4/runs/correctness_fuzz/multi_comb_cap/n512/seed1_L0_Q1
correctness_fuzz,multi_comb_cap,512,1,1,0,1,0,0,1,0.035656,6192,/Users/free_1/Library/Mobile Documents/iCloud~md~obsidian/Documents/cpp-checker/branch_3/artifacts/lca_tree_stress_v5/strong_gate_cf_exact_check_v4/runs/correctness_fuzz/multi_comb_cap/n512/seed1_L1_Q0
correctness_fuzz,multi_comb_cap,512,1,1,1,1,0,0,1,0.025125,6176,/Users/free_1/Library/Mobile Documents/iCloud~md~obsidian/Documents/cpp-checker/branch_3/artifacts/lca_tree_stress_v5/strong_gate_cf_exact_check_v4/runs/correctness_fuzz/multi_comb_cap/n512/seed1_L1_Q1
correctness_fuzz,multi_comb_cap,512,2,0,0,1,0,0,1,0.025116,6128,/Users/free_1/Library/Mobile Documents/iCloud~md~obsidian/Documents/cpp-checker/branch_3/artifacts/lca_tree_stress_v5/strong_gate_cf_exact_check_v4/runs/correctness_fuzz/multi_comb_cap/n512/seed2_L0_Q0
correctness_fuzz,multi_comb_cap,512,2,0,1,1,0,0,1,0.033908,6128,/Users/free_1/Library/Mobile Documents/iCloud~md~obsidian/Documents/cpp-checker/branch_3/artifacts/lca_tree_stress_v5/strong_gate_cf_exact_check_v4/runs/correctness_fuzz/multi_comb_cap/n512/seed2_L0_Q1
correctness_fuzz,multi_comb_cap,512,2,1,0,1,0,0,1,0.025157,6144,/Users/free_1/Library/Mobile Documents/iCloud~md~obsidian/Documents/cpp-checker/branch_3/artifacts/lca_tree_stress_v5/strong_gate_cf_exact_check_v4/runs/correctness_fuzz/multi_comb_cap/n512/seed2_L1_Q0
correctness_fuzz,multi_comb_cap,512,2,1,1,1,0,0,1,0.036312,6160,/Users/free_1/Library/Mobile Documents/iCloud~md~obsidian/Documents/cpp-checker/branch_3/artifacts/lca_tree_stress_v5/strong_gate_cf_exact_check_v4/runs/correctness_fuzz/multi_comb_cap/n512/seed2_L1_Q1
correctness_fuzz,multi_comb_cap,512,3,0,0,1,0,0,1,0.036239,6128,/Users/free_1/Library/Mobile Documents/iCloud~md~obsidian/Documents/cpp-checker/branch_3/artifacts/lca_tree_stress_v5/strong_gate_cf_exact_check_v4/runs/correctness_fuzz/multi_comb_cap/n512/seed3_L0_Q0
correctness_fuzz,multi_comb_cap,512,3,0,1,1,0,0,1,0.024586,6112,/Users/free_1/Library/Mobile Documents/iCloud~md~obsidian/Documents/cpp-checker/branch_3/artifacts/lca_tree_stress_v5/strong_gate_cf_exact_check_v4/runs/correctness_fuzz/multi_comb_cap/n512/seed3_L0_Q1
correctness_fuzz,multi_comb_cap,512,3,1,0,1,0,0,1,0.025088,6128,/Users/free_1/Library/Mobile Documents/iCloud~md~obsidian/Documents/cpp-checker/branch_3/artifacts/lca_tree_stress_v5/strong_gate_cf_exact_check_v4/runs/correctness_fuzz/multi_comb_cap/n512/seed3_L1_Q0
correctness_fuzz,multi_comb_cap,512,3,1,1,1,0,0,1,0.023323,6144,/Users/free_1/Library/Mobile Documents/iCloud~md~obsidian/Documents/cpp-checker/branch_3/artifacts/lca_tree_stress_v5/strong_gate_cf_exact_check_v4/runs/correctness_fuzz/multi_comb_cap/n512/seed3_L1_Q1
correctness_fuzz,multi_comb_cap,512,4,0,0,1,0,0,1,0.021447,6160,/Users/free_1/Library/Mobile Documents/iCloud~md~obsidian/Documents/cpp-checker/branch_3/artifacts/lca_tree_stress_v5/strong_gate_cf_exact_check_v4/runs/correctness_fuzz/multi_comb_cap/n512/seed4_L0_Q0
correctness_fuzz,multi_comb_cap,512,4,0,1,1,0,0,1,0.023576,6176,/Users/free_1/Library/Mobile Documents/iCloud~md~obsidian/Documents/cpp-checker/branch_3/artifacts/lca_tree_stress_v5/strong_gate_cf_exact_check_v4/runs/correctness_fuzz/multi_comb_cap/n512/seed4_L0_Q1
correctness_fuzz,multi_comb_cap,512,4,1,0,1,0,0,1,0.022979,6160,/Users/free_1/Library/Mobile Documents/iCloud~md~obsidian/Documents/cpp-checker/branch_3/artifacts/lca_tree_stress_v5/strong_gate_cf_exact_check_v4/runs/correctness_fuzz/multi_comb_cap/n512/seed4_L1_Q0
correctness_fuzz,multi_comb_cap,512,4,1,1,1,0,0,1,0.025107,6160,/Users/free_1/Library/Mobile Documents/iCloud~md~obsidian/Documents/cpp-checker/branch_3/artifacts/lca_tree_stress_v5/strong_gate_cf_exact_check_v4/runs/correctness_fuzz/multi_comb_cap/n512/seed4_L1_Q1
correctness_fuzz,multi_comb_cap,512,5,0,0,1,0,0,1,0.025098,6176,/Users/free_1/Library/Mobile Documents/iCloud~md~obsidian/Documents/cpp-checker/branch_3/artifacts/lca_tree_stress_v5/strong_gate_cf_exact_check_v4/runs/correctness_fuzz/multi_comb_cap/n512/seed5_L0_Q0
correctness_fuzz,multi_comb_cap,512,5,0,1,1,0,0,1,0.025096,6176,/Users/free_1/Library/Mobile Documents/iCloud~md~obsidian/Documents/cpp-checker/branch_3/artifacts/lca_tree_stress_v5/strong_gate_cf_exact_check_v4/runs/correctness_fuzz/multi_comb_cap/n512/seed5_L0_Q1
correctness_fuzz,multi_comb_cap,512,5,1,0,1,0,0,1,0.023803,6176,/Users/free_1/Library/Mobile Documents/iCloud~md~obsidian/Documents/cpp-checker/branch_3/artifacts/lca_tree_stress_v5/strong_gate_cf_exact_check_v4/runs/correctness_fuzz/multi_comb_cap/n512/seed5_L1_Q0
correctness_fuzz,multi_comb_cap,512,5,1,1,1,0,0,1,0.035084,6160,/Users/free_1/Library/Mobile Documents/iCloud~md~obsidian/Documents/cpp-checker/branch_3/artifacts/lca_tree_stress_v5/strong_gate_cf_exact_check_v4/runs/correctness_fuzz/multi_comb_cap/n512/seed5_L1_Q1
correctness_fuzz,multi_comb_cap,1024,1,0,0,1,0,0,1,0.071605,17696,/Users/free_1/Library/Mobile Documents/iCloud~md~obsidian/Documents/cpp-checker/branch_3/artifacts/lca_tree_stress_v5/strong_gate_cf_exact_check_v4/runs/correctness_fuzz/multi_comb_cap/n1024/seed1_L0_Q0
correctness_fuzz,multi_comb_cap,1024,1,0,1,1,0,0,1,0.096626,17712,/Users/free_1/Library/Mobile Documents/iCloud~md~obsidian/Documents/cpp-checker/branch_3/artifacts/lca_tree_stress_v5/strong_gate_cf_exact_check_v4/runs/correctness_fuzz/multi_comb_cap/n1024/seed1_L0_Q1
correctness_fuzz,multi_comb_cap,1024,1,1,0,1,0,0,1,0.110276,17712,/Users/free_1/Library/Mobile Documents/iCloud~md~obsidian/Documents/cpp-checker/branch_3/artifacts/lca_tree_stress_v5/strong_gate_cf_exact_check_v4/runs/correctness_fuzz/multi_comb_cap/n1024/seed1_L1_Q0
correctness_fuzz,multi_comb_cap,1024,1,1,1,1,0,0,1,0.109162,17776,/Users/free_1/Library/Mobile Documents/iCloud~md~obsidian/Documents/cpp-checker/branch_3/artifacts/lca_tree_stress_v5/strong_gate_cf_exact_check_v4/runs/correctness_fuzz/multi_comb_cap/n1024/seed1_L1_Q1
correctness_fuzz,multi_comb_cap,1024,2,0,0,1,0,0,1,0.290171,17616,/Users/free_1/Library/Mobile Documents/iCloud~md~obsidian/Documents/cpp-checker/branch_3/artifacts/lca_tree_stress_v5/strong_gate_cf_exact_check_v4/runs/correctness_fuzz/multi_comb_cap/n1024/seed2_L0_Q0
correctness_fuzz,multi_comb_cap,1024,2,0,1,1,0,0,1,0.129643,17664,/Users/free_1/Library/Mobile Documents/iCloud~md~obsidian/Documents/cpp-checker/branch_3/artifacts/lca_tree_stress_v5/strong_gate_cf_exact_check_v4/runs/correctness_fuzz/multi_comb_cap/n1024/seed2_L0_Q1
correctness_fuzz,multi_comb_cap,1024,2,1,0,1,0,0,1,0.084103,17600,/Users/free_1/Library/Mobile Documents/iCloud~md~obsidian/Documents/cpp-checker/branch_3/artifacts/lca_tree_stress_v5/strong_gate_cf_exact_check_v4/runs/correctness_fuzz/multi_comb_cap/n1024/seed2_L1_Q0
correctness_fuzz,multi_comb_cap,1024,2,1,1,1,0,0,1,0.074216,17584,/Users/free_1/Library/Mobile Documents/iCloud~md~obsidian/Documents/cpp-checker/branch_3/artifacts/lca_tree_stress_v5/strong_gate_cf_exact_check_v4/runs/correctness_fuzz/multi_comb_cap/n1024/seed2_L1_Q1
correctness_fuzz,multi_comb_cap,1024,3,0,0,1,0,0,1,0.071730,17728,/Users/free_1/Library/Mobile Documents/iCloud~md~obsidian/Documents/cpp-checker/branch_3/artifacts/lca_tree_stress_v5/strong_gate_cf_exact_check_v4/runs/correctness_fuzz/multi_comb_cap/n1024/seed3_L0_Q0
correctness_fuzz,multi_comb_cap,1024,3,0,1,1,0,0,1,0.074489,17712,/Users/free_1/Library/Mobile Documents/iCloud~md~obsidian/Documents/cpp-checker/branch_3/artifacts/lca_tree_stress_v5/strong_gate_cf_exact_check_v4/runs/correctness_fuzz/multi_comb_cap/n1024/seed3_L0_Q1
correctness_fuzz,multi_comb_cap,1024,3,1,0,1,0,0,1,0.082412,17712,/Users/free_1/Library/Mobile Documents/iCloud~md~obsidian/Documents/cpp-checker/branch_3/artifacts/lca_tree_stress_v5/strong_gate_cf_exact_check_v4/runs/correctness_fuzz/multi_comb_cap/n1024/seed3_L1_Q0
correctness_fuzz,multi_comb_cap,1024,3,1,1,1,0,0,1,0.074368,17712,/Users/free_1/Library/Mobile Documents/iCloud~md~obsidian/Documents/cpp-checker/branch_3/artifacts/lca_tree_stress_v5/strong_gate_cf_exact_check_v4/runs/correctness_fuzz/multi_comb_cap/n1024/seed3_L1_Q1
correctness_fuzz,multi_comb_cap,1024,4,0,0,1,0,0,1,0.070632,17648,/Users/free_1/Library/Mobile Documents/iCloud~md~obsidian/Documents/cpp-checker/branch_3/artifacts/lca_tree_stress_v5/strong_gate_cf_exact_check_v4/runs/correctness_fuzz/multi_comb_cap/n1024/seed4_L0_Q0
correctness_fuzz,multi_comb_cap,1024,4,0,1,1,0,0,1,0.084695,17648,/Users/free_1/Library/Mobile Documents/iCloud~md~obsidian/Documents/cpp-checker/branch_3/artifacts/lca_tree_stress_v5/strong_gate_cf_exact_check_v4/runs/correctness_fuzz/multi_comb_cap/n1024/seed4_L0_Q1
correctness_fuzz,multi_comb_cap,1024,4,1,0,1,0,0,1,0.083872,17696,/Users/free_1/Library/Mobile Documents/iCloud~md~obsidian/Documents/cpp-checker/branch_3/artifacts/lca_tree_stress_v5/strong_gate_cf_exact_check_v4/runs/correctness_fuzz/multi_comb_cap/n1024/seed4_L1_Q0
correctness_fuzz,multi_comb_cap,1024,4,1,1,1,0,0,1,0.087851,17648,/Users/free_1/Library/Mobile Documents/iCloud~md~obsidian/Documents/cpp-checker/branch_3/artifacts/lca_tree_stress_v5/strong_gate_cf_exact_check_v4/runs/correctness_fuzz/multi_comb_cap/n1024/seed4_L1_Q1
correctness_fuzz,multi_comb_cap,1024,5,0,0,1,0,0,1,0.084478,17696,/Users/free_1/Library/Mobile Documents/iCloud~md~obsidian/Documents/cpp-checker/branch_3/artifacts/lca_tree_stress_v5/strong_gate_cf_exact_check_v4/runs/correctness_fuzz/multi_comb_cap/n1024/seed5_L0_Q0
correctness_fuzz,multi_comb_cap,1024,5,0,1,1,0,0,1,0.067722,17728,/Users/free_1/Library/Mobile Documents/iCloud~md~obsidian/Documents/cpp-checker/branch_3/artifacts/lca_tree_stress_v5/strong_gate_cf_exact_check_v4/runs/correctness_fuzz/multi_comb_cap/n1024/seed5_L0_Q1
correctness_fuzz,multi_comb_cap,1024,5,1,0,1,0,0,1,0.527996,17744,/Users/free_1/Library/Mobile Documents/iCloud~md~obsidian/Documents/cpp-checker/branch_3/artifacts/lca_tree_stress_v5/strong_gate_cf_exact_check_v4/runs/correctness_fuzz/multi_comb_cap/n1024/seed5_L1_Q0
correctness_fuzz,multi_comb_cap,1024,5,1,1,1,0,0,1,0.084349,17696,/Users/free_1/Library/Mobile Documents/iCloud~md~obsidian/Documents/cpp-checker/branch_3/artifacts/lca_tree_stress_v5/strong_gate_cf_exact_check_v4/runs/correctness_fuzz/multi_comb_cap/n1024/seed5_L1_Q1
correctness_fuzz,chain_unary,64,1,0,0,1,0,0,1,0.010257,1680,/Users/free_1/Library/Mobile Documents/iCloud~md~obsidian/Documents/cpp-checker/branch_3/artifacts/lca_tree_stress_v5/strong_gate_cf_exact_check_v4/runs/correctness_fuzz/chain_unary/n64/seed1_L0_Q0
correctness_fuzz,chain_unary,64,1,0,1,1,0,0,1,0.012552,1680,/Users/free_1/Library/Mobile Documents/iCloud~md~obsidian/Documents/cpp-checker/branch_3/artifacts/lca_tree_stress_v5/strong_gate_cf_exact_check_v4/runs/correctness_fuzz/chain_unary/n64/seed1_L0_Q1
correctness_fuzz,chain_unary,64,1,1,0,1,0,0,1,0.011348,1680,/Users/free_1/Library/Mobile Documents/iCloud~md~obsidian/Documents/cpp-checker/branch_3/artifacts/lca_tree_stress_v5/strong_gate_cf_exact_check_v4/runs/correctness_fuzz/chain_unary/n64/seed1_L1_Q0
correctness_fuzz,chain_unary,64,1,1,1,1,0,0,1,0.012018,1680,/Users/free_1/Library/Mobile Documents/iCloud~md~obsidian/Documents/cpp-checker/branch_3/artifacts/lca_tree_stress_v5/strong_gate_cf_exact_check_v4/runs/correctness_fuzz/chain_unary/n64/seed1_L1_Q1
correctness_fuzz,chain_unary,64,2,0,0,1,0,0,1,0.012553,1680,/Users/free_1/Library/Mobile Documents/iCloud~md~obsidian/Documents/cpp-checker/branch_3/artifacts/lca_tree_stress_v5/strong_gate_cf_exact_check_v4/runs/correctness_fuzz/chain_unary/n64/seed2_L0_Q0
correctness_fuzz,chain_unary,64,2,0,1,1,0,0,1,0.012556,1680,/Users/free_1/Library/Mobile Documents/iCloud~md~obsidian/Documents/cpp-checker/branch_3/artifacts/lca_tree_stress_v5/strong_gate_cf_exact_check_v4/runs/correctness_fuzz/chain_unary/n64/seed2_L0_Q1
correctness_fuzz,chain_unary,64,2,1,0,1,0,0,1,0.010978,1680,/Users/free_1/Library/Mobile Documents/iCloud~md~obsidian/Documents/cpp-checker/branch_3/artifacts/lca_tree_stress_v5/strong_gate_cf_exact_check_v4/runs/correctness_fuzz/chain_unary/n64/seed2_L1_Q0
correctness_fuzz,chain_unary,64,2,1,1,1,0,0,1,0.012129,1680,/Users/free_1/Library/Mobile Documents/iCloud~md~obsidian/Documents/cpp-checker/branch_3/artifacts/lca_tree_stress_v5/strong_gate_cf_exact_check_v4/runs/correctness_fuzz/chain_unary/n64/seed2_L1_Q1
correctness_fuzz,chain_unary,64,3,0,0,1,0,0,1,0.012113,1680,/Users/free_1/Library/Mobile Documents/iCloud~md~obsidian/Documents/cpp-checker/branch_3/artifacts/lca_tree_stress_v5/strong_gate_cf_exact_check_v4/runs/correctness_fuzz/chain_unary/n64/seed3_L0_Q0
correctness_fuzz,chain_unary,64,3,0,1,1,0,0,1,0.013566,1696,/Users/free_1/Library/Mobile Documents/iCloud~md~obsidian/Documents/cpp-checker/branch_3/artifacts/lca_tree_stress_v5/strong_gate_cf_exact_check_v4/runs/correctness_fuzz/chain_unary/n64/seed3_L0_Q1
correctness_fuzz,chain_unary,64,3,1,0,1,0,0,1,0.023996,1680,/Users/free_1/Library/Mobile Documents/iCloud~md~obsidian/Documents/cpp-checker/branch_3/artifacts/lca_tree_stress_v5/strong_gate_cf_exact_check_v4/runs/correctness_fuzz/chain_unary/n64/seed3_L1_Q0
correctness_fuzz,chain_unary,64,3,1,1,1,0,0,1,0.012637,1696,/Users/free_1/Library/Mobile Documents/iCloud~md~obsidian/Documents/cpp-checker/branch_3/artifacts/lca_tree_stress_v5/strong_gate_cf_exact_check_v4/runs/correctness_fuzz/chain_unary/n64/seed3_L1_Q1
correctness_fuzz,chain_unary,64,4,0,0,1,0,0,1,0.010494,1680,/Users/free_1/Library/Mobile Documents/iCloud~md~obsidian/Documents/cpp-checker/branch_3/artifacts/lca_tree_stress_v5/strong_gate_cf_exact_check_v4/runs/correctness_fuzz/chain_unary/n64/seed4_L0_Q0
correctness_fuzz,chain_unary,64,4,0,1,1,0,0,1,0.012614,1680,/Users/free_1/Library/Mobile Documents/iCloud~md~obsidian/Documents/cpp-checker/branch_3/artifacts/lca_tree_stress_v5/strong_gate_cf_exact_check_v4/runs/correctness_fuzz/chain_unary/n64/seed4_L0_Q1
correctness_fuzz,chain_unary,64,4,1,0,1,0,0,1,0.012896,1696,/Users/free_1/Library/Mobile Documents/iCloud~md~obsidian/Documents/cpp-checker/branch_3/artifacts/lca_tree_stress_v5/strong_gate_cf_exact_check_v4/runs/correctness_fuzz/chain_unary/n64/seed4_L1_Q0
correctness_fuzz,chain_unary,64,4,1,1,1,0,0,1,0.010963,1680,/Users/free_1/Library/Mobile Documents/iCloud~md~obsidian/Documents/cpp-checker/branch_3/artifacts/lca_tree_stress_v5/strong_gate_cf_exact_check_v4/runs/correctness_fuzz/chain_unary/n64/seed4_L1_Q1
correctness_fuzz,chain_unary,64,5,0,0,1,0,0,1,0.012906,1680,/Users/free_1/Library/Mobile Documents/iCloud~md~obsidian/Documents/cpp-checker/branch_3/artifacts/lca_tree_stress_v5/strong_gate_cf_exact_check_v4/runs/correctness_fuzz/chain_unary/n64/seed5_L0_Q0
correctness_fuzz,chain_unary,64,5,0,1,1,0,0,1,0.011601,1680,/Users/free_1/Library/Mobile Documents/iCloud~md~obsidian/Documents/cpp-checker/branch_3/artifacts/lca_tree_stress_v5/strong_gate_cf_exact_check_v4/runs/correctness_fuzz/chain_unary/n64/seed5_L0_Q1
correctness_fuzz,chain_unary,64,5,1,0,1,0,0,1,0.012603,1680,/Users/free_1/Library/Mobile Documents/iCloud~md~obsidian/Documents/cpp-checker/branch_3/artifacts/lca_tree_stress_v5/strong_gate_cf_exact_check_v4/runs/correctness_fuzz/chain_unary/n64/seed5_L1_Q0
correctness_fuzz,chain_unary,64,5,1,1,1,0,0,1,0.010117,1680,/Users/free_1/Library/Mobile Documents/iCloud~md~obsidian/Documents/cpp-checker/branch_3/artifacts/lca_tree_stress_v5/strong_gate_cf_exact_check_v4/runs/correctness_fuzz/chain_unary/n64/seed5_L1_Q1
correctness_fuzz,chain_unary,128,1,0,0,1,0,0,1,0.012564,1952,/Users/free_1/Library/Mobile Documents/iCloud~md~obsidian/Documents/cpp-checker/branch_3/artifacts/lca_tree_stress_v5/strong_gate_cf_exact_check_v4/runs/correctness_fuzz/chain_unary/n128/seed1_L0_Q0
correctness_fuzz,chain_unary,128,1,0,1,1,0,0,1,0.011908,1952,/Users/free_1/Library/Mobile Documents/iCloud~md~obsidian/Documents/cpp-checker/branch_3/artifacts/lca_tree_stress_v5/strong_gate_cf_exact_check_v4/runs/correctness_fuzz/chain_unary/n128/seed1_L0_Q1
correctness_fuzz,chain_unary,128,1,1,0,1,0,0,1,0.053985,1952,/Users/free_1/Library/Mobile Documents/iCloud~md~obsidian/Documents/cpp-checker/branch_3/artifacts/lca_tree_stress_v5/strong_gate_cf_exact_check_v4/runs/correctness_fuzz/chain_unary/n128/seed1_L1_Q0
correctness_fuzz,chain_unary,128,1,1,1,1,0,0,1,0.012631,1952,/Users/free_1/Library/Mobile Documents/iCloud~md~obsidian/Documents/cpp-checker/branch_3/artifacts/lca_tree_stress_v5/strong_gate_cf_exact_check_v4/runs/correctness_fuzz/chain_unary/n128/seed1_L1_Q1
correctness_fuzz,chain_unary,128,2,0,0,1,0,0,1,0.012252,1952,/Users/free_1/Library/Mobile Documents/iCloud~md~obsidian/Documents/cpp-checker/branch_3/artifacts/lca_tree_stress_v5/strong_gate_cf_exact_check_v4/runs/correctness_fuzz/chain_unary/n128/seed2_L0_Q0
correctness_fuzz,chain_unary,128,2,0,1,1,0,0,1,0.012618,1952,/Users/free_1/Library/Mobile Documents/iCloud~md~obsidian/Documents/cpp-checker/branch_3/artifacts/lca_tree_stress_v5/strong_gate_cf_exact_check_v4/runs/correctness_fuzz/chain_unary/n128/seed2_L0_Q1
correctness_fuzz,chain_unary,128,2,1,0,1,0,0,1,0.023539,1952,/Users/free_1/Library/Mobile Documents/iCloud~md~obsidian/Documents/cpp-checker/branch_3/artifacts/lca_tree_stress_v5/strong_gate_cf_exact_check_v4/runs/correctness_fuzz/chain_unary/n128/seed2_L1_Q0
correctness_fuzz,chain_unary,128,2,1,1,1,0,0,1,0.010885,1952,/Users/free_1/Library/Mobile Documents/iCloud~md~obsidian/Documents/cpp-checker/branch_3/artifacts/lca_tree_stress_v5/strong_gate_cf_exact_check_v4/runs/correctness_fuzz/chain_unary/n128/seed2_L1_Q1
correctness_fuzz,chain_unary,128,3,0,0,1,0,0,1,0.012642,1952,/Users/free_1/Library/Mobile Documents/iCloud~md~obsidian/Documents/cpp-checker/branch_3/artifacts/lca_tree_stress_v5/strong_gate_cf_exact_check_v4/runs/correctness_fuzz/chain_unary/n128/seed3_L0_Q0
correctness_fuzz,chain_unary,128,3,0,1,1,0,0,1,0.012620,1968,/Users/free_1/Library/Mobile Documents/iCloud~md~obsidian/Documents/cpp-checker/branch_3/artifacts/lca_tree_stress_v5/strong_gate_cf_exact_check_v4/runs/correctness_fuzz/chain_unary/n128/seed3_L0_Q1
correctness_fuzz,chain_unary,128,3,1,0,1,0,0,1,0.012559,1952,/Users/free_1/Library/Mobile Documents/iCloud~md~obsidian/Documents/cpp-checker/branch_3/artifacts/lca_tree_stress_v5/strong_gate_cf_exact_check_v4/runs/correctness_fuzz/chain_unary/n128/seed3_L1_Q0
correctness_fuzz,chain_unary,128,3,1,1,1,0,0,1,0.010338,1952,/Users/free_1/Library/Mobile Documents/iCloud~md~obsidian/Documents/cpp-checker/branch_3/artifacts/lca_tree_stress_v5/strong_gate_cf_exact_check_v4/runs/correctness_fuzz/chain_unary/n128/seed3_L1_Q1
correctness_fuzz,chain_unary,128,4,0,0,1,0,0,1,0.012560,1952,/Users/free_1/Library/Mobile Documents/iCloud~md~obsidian/Documents/cpp-checker/branch_3/artifacts/lca_tree_stress_v5/strong_gate_cf_exact_check_v4/runs/correctness_fuzz/chain_unary/n128/seed4_L0_Q0
correctness_fuzz,chain_unary,128,4,0,1,1,0,0,1,0.010224,1952,/Users/free_1/Library/Mobile Documents/iCloud~md~obsidian/Documents/cpp-checker/branch_3/artifacts/lca_tree_stress_v5/strong_gate_cf_exact_check_v4/runs/correctness_fuzz/chain_unary/n128/seed4_L0_Q1
correctness_fuzz,chain_unary,128,4,1,0,1,0,0,1,0.012568,1952,/Users/free_1/Library/Mobile Documents/iCloud~md~obsidian/Documents/cpp-checker/branch_3/artifacts/lca_tree_stress_v5/strong_gate_cf_exact_check_v4/runs/correctness_fuzz/chain_unary/n128/seed4_L1_Q0
correctness_fuzz,chain_unary,128,4,1,1,1,0,0,1,0.012562,1952,/Users/free_1/Library/Mobile Documents/iCloud~md~obsidian/Documents/cpp-checker/branch_3/artifacts/lca_tree_stress_v5/strong_gate_cf_exact_check_v4/runs/correctness_fuzz/chain_unary/n128/seed4_L1_Q1
correctness_fuzz,chain_unary,128,5,0,0,1,0,0,1,0.012556,1952,/Users/free_1/Library/Mobile Documents/iCloud~md~obsidian/Documents/cpp-checker/branch_3/artifacts/lca_tree_stress_v5/strong_gate_cf_exact_check_v4/runs/correctness_fuzz/chain_unary/n128/seed5_L0_Q0
correctness_fuzz,chain_unary,128,5,0,1,1,0,0,1,0.012552,1952,/Users/free_1/Library/Mobile Documents/iCloud~md~obsidian/Documents/cpp-checker/branch_3/artifacts/lca_tree_stress_v5/strong_gate_cf_exact_check_v4/runs/correctness_fuzz/chain_unary/n128/seed5_L0_Q1
correctness_fuzz,chain_unary,128,5,1,0,1,0,0,1,0.010411,1952,/Users/free_1/Library/Mobile Documents/iCloud~md~obsidian/Documents/cpp-checker/branch_3/artifacts/lca_tree_stress_v5/strong_gate_cf_exact_check_v4/runs/correctness_fuzz/chain_unary/n128/seed5_L1_Q0
correctness_fuzz,chain_unary,128,5,1,1,1,0,0,1,0.012554,1952,/Users/free_1/Library/Mobile Documents/iCloud~md~obsidian/Documents/cpp-checker/branch_3/artifacts/lca_tree_stress_v5/strong_gate_cf_exact_check_v4/runs/correctness_fuzz/chain_unary/n128/seed5_L1_Q1
correctness_fuzz,chain_unary,256,1,0,0,1,0,0,1,0.012570,3168,/Users/free_1/Library/Mobile Documents/iCloud~md~obsidian/Documents/cpp-checker/branch_3/artifacts/lca_tree_stress_v5/strong_gate_cf_exact_check_v4/runs/correctness_fuzz/chain_unary/n256/seed1_L0_Q0
correctness_fuzz,chain_unary,256,1,0,1,1,0,0,1,0.011605,3168,/Users/free_1/Library/Mobile Documents/iCloud~md~obsidian/Documents/cpp-checker/branch_3/artifacts/lca_tree_stress_v5/strong_gate_cf_exact_check_v4/runs/correctness_fuzz/chain_unary/n256/seed1_L0_Q1
correctness_fuzz,chain_unary,256,1,1,0,1,0,0,1,0.012551,3184,/Users/free_1/Library/Mobile Documents/iCloud~md~obsidian/Documents/cpp-checker/branch_3/artifacts/lca_tree_stress_v5/strong_gate_cf_exact_check_v4/runs/correctness_fuzz/chain_unary/n256/seed1_L1_Q0
correctness_fuzz,chain_unary,256,1,1,1,1,0,0,1,0.011198,3184,/Users/free_1/Library/Mobile Documents/iCloud~md~obsidian/Documents/cpp-checker/branch_3/artifacts/lca_tree_stress_v5/strong_gate_cf_exact_check_v4/runs/correctness_fuzz/chain_unary/n256/seed1_L1_Q1
correctness_fuzz,chain_unary,256,2,0,0,1,0,0,1,0.012557,3168,/Users/free_1/Library/Mobile Documents/iCloud~md~obsidian/Documents/cpp-checker/branch_3/artifacts/lca_tree_stress_v5/strong_gate_cf_exact_check_v4/runs/correctness_fuzz/chain_unary/n256/seed2_L0_Q0
correctness_fuzz,chain_unary,256,2,0,1,1,0,0,1,0.012556,3168,/Users/free_1/Library/Mobile Documents/iCloud~md~obsidian/Documents/cpp-checker/branch_3/artifacts/lca_tree_stress_v5/strong_gate_cf_exact_check_v4/runs/correctness_fuzz/chain_unary/n256/seed2_L0_Q1
correctness_fuzz,chain_unary,256,2,1,0,1,0,0,1,0.012556,3184,/Users/free_1/Library/Mobile Documents/iCloud~md~obsidian/Documents/cpp-checker/branch_3/artifacts/lca_tree_stress_v5/strong_gate_cf_exact_check_v4/runs/correctness_fuzz/chain_unary/n256/seed2_L1_Q0
correctness_fuzz,chain_unary,256,2,1,1,1,0,0,1,0.010478,3184,/Users/free_1/Library/Mobile Documents/iCloud~md~obsidian/Documents/cpp-checker/branch_3/artifacts/lca_tree_stress_v5/strong_gate_cf_exact_check_v4/runs/correctness_fuzz/chain_unary/n256/seed2_L1_Q1
correctness_fuzz,chain_unary,256,3,0,0,1,0,0,1,0.012557,3168,/Users/free_1/Library/Mobile Documents/iCloud~md~obsidian/Documents/cpp-checker/branch_3/artifacts/lca_tree_stress_v5/strong_gate_cf_exact_check_v4/runs/correctness_fuzz/chain_unary/n256/seed3_L0_Q0
correctness_fuzz,chain_unary,256,3,0,1,1,0,0,1,0.010989,3168,/Users/free_1/Library/Mobile Documents/iCloud~md~obsidian/Documents/cpp-checker/branch_3/artifacts/lca_tree_stress_v5/strong_gate_cf_exact_check_v4/runs/correctness_fuzz/chain_unary/n256/seed3_L0_Q1
correctness_fuzz,chain_unary,256,3,1,0,1,0,0,1,0.012553,3184,/Users/free_1/Library/Mobile Documents/iCloud~md~obsidian/Documents/cpp-checker/branch_3/artifacts/lca_tree_stress_v5/strong_gate_cf_exact_check_v4/runs/correctness_fuzz/chain_unary/n256/seed3_L1_Q0
correctness_fuzz,chain_unary,256,3,1,1,1,0,0,1,0.010824,3184,/Users/free_1/Library/Mobile Documents/iCloud~md~obsidian/Documents/cpp-checker/branch_3/artifacts/lca_tree_stress_v5/strong_gate_cf_exact_check_v4/runs/correctness_fuzz/chain_unary/n256/seed3_L1_Q1
correctness_fuzz,chain_unary,256,4,0,0,1,0,0,1,0.010940,3168,/Users/free_1/Library/Mobile Documents/iCloud~md~obsidian/Documents/cpp-checker/branch_3/artifacts/lca_tree_stress_v5/strong_gate_cf_exact_check_v4/runs/correctness_fuzz/chain_unary/n256/seed4_L0_Q0
correctness_fuzz,chain_unary,256,4,0,1,1,0,0,1,0.012555,3168,/Users/free_1/Library/Mobile Documents/iCloud~md~obsidian/Documents/cpp-checker/branch_3/artifacts/lca_tree_stress_v5/strong_gate_cf_exact_check_v4/runs/correctness_fuzz/chain_unary/n256/seed4_L0_Q1
correctness_fuzz,chain_unary,256,4,1,0,1,0,0,1,0.011665,3184,/Users/free_1/Library/Mobile Documents/iCloud~md~obsidian/Documents/cpp-checker/branch_3/artifacts/lca_tree_stress_v5/strong_gate_cf_exact_check_v4/runs/correctness_fuzz/chain_unary/n256/seed4_L1_Q0
correctness_fuzz,chain_unary,256,4,1,1,1,0,0,1,0.011932,3184,/Users/free_1/Library/Mobile Documents/iCloud~md~obsidian/Documents/cpp-checker/branch_3/artifacts/lca_tree_stress_v5/strong_gate_cf_exact_check_v4/runs/correctness_fuzz/chain_unary/n256/seed4_L1_Q1
correctness_fuzz,chain_unary,256,5,0,0,1,0,0,1,0.010430,3168,/Users/free_1/Library/Mobile Documents/iCloud~md~obsidian/Documents/cpp-checker/branch_3/artifacts/lca_tree_stress_v5/strong_gate_cf_exact_check_v4/runs/correctness_fuzz/chain_unary/n256/seed5_L0_Q0
correctness_fuzz,chain_unary,256,5,0,1,1,0,0,1,0.010686,3168,/Users/free_1/Library/Mobile Documents/iCloud~md~obsidian/Documents/cpp-checker/branch_3/artifacts/lca_tree_stress_v5/strong_gate_cf_exact_check_v4/runs/correctness_fuzz/chain_unary/n256/seed5_L0_Q1
correctness_fuzz,chain_unary,256,5,1,0,1,0,0,1,0.010347,3184,/Users/free_1/Library/Mobile Documents/iCloud~md~obsidian/Documents/cpp-checker/branch_3/artifacts/lca_tree_stress_v5/strong_gate_cf_exact_check_v4/runs/correctness_fuzz/chain_unary/n256/seed5_L1_Q0
correctness_fuzz,chain_unary,256,5,1,1,1,0,0,1,0.012584,3184,/Users/free_1/Library/Mobile Documents/iCloud~md~obsidian/Documents/cpp-checker/branch_3/artifacts/lca_tree_stress_v5/strong_gate_cf_exact_check_v4/runs/correctness_fuzz/chain_unary/n256/seed5_L1_Q1
correctness_fuzz,chain_unary,512,1,0,0,1,0,0,1,0.010115,6512,/Users/free_1/Library/Mobile Documents/iCloud~md~obsidian/Documents/cpp-checker/branch_3/artifacts/lca_tree_stress_v5/strong_gate_cf_exact_check_v4/runs/correctness_fuzz/chain_unary/n512/seed1_L0_Q0
correctness_fuzz,chain_unary,512,1,0,1,1,0,0,1,0.012560,6512,/Users/free_1/Library/Mobile Documents/iCloud~md~obsidian/Documents/cpp-checker/branch_3/artifacts/lca_tree_stress_v5/strong_gate_cf_exact_check_v4/runs/correctness_fuzz/chain_unary/n512/seed1_L0_Q1
correctness_fuzz,chain_unary,512,1,1,0,1,0,0,1,0.012555,6512,/Users/free_1/Library/Mobile Documents/iCloud~md~obsidian/Documents/cpp-checker/branch_3/artifacts/lca_tree_stress_v5/strong_gate_cf_exact_check_v4/runs/correctness_fuzz/chain_unary/n512/seed1_L1_Q0
correctness_fuzz,chain_unary,512,1,1,1,1,0,0,1,0.012574,6512,/Users/free_1/Library/Mobile Documents/iCloud~md~obsidian/Documents/cpp-checker/branch_3/artifacts/lca_tree_stress_v5/strong_gate_cf_exact_check_v4/runs/correctness_fuzz/chain_unary/n512/seed1_L1_Q1
correctness_fuzz,chain_unary,512,2,0,0,1,0,0,1,0.012565,6512,/Users/free_1/Library/Mobile Documents/iCloud~md~obsidian/Documents/cpp-checker/branch_3/artifacts/lca_tree_stress_v5/strong_gate_cf_exact_check_v4/runs/correctness_fuzz/chain_unary/n512/seed2_L0_Q0
correctness_fuzz,chain_unary,512,2,0,1,1,0,0,1,0.012558,6512,/Users/free_1/Library/Mobile Documents/iCloud~md~obsidian/Documents/cpp-checker/branch_3/artifacts/lca_tree_stress_v5/strong_gate_cf_exact_check_v4/runs/correctness_fuzz/chain_unary/n512/seed2_L0_Q1
correctness_fuzz,chain_unary,512,2,1,0,1,0,0,1,0.012552,6512,/Users/free_1/Library/Mobile Documents/iCloud~md~obsidian/Documents/cpp-checker/branch_3/artifacts/lca_tree_stress_v5/strong_gate_cf_exact_check_v4/runs/correctness_fuzz/chain_unary/n512/seed2_L1_Q0
correctness_fuzz,chain_unary,512,2,1,1,1,0,0,1,0.012559,6512,/Users/free_1/Library/Mobile Documents/iCloud~md~obsidian/Documents/cpp-checker/branch_3/artifacts/lca_tree_stress_v5/strong_gate_cf_exact_check_v4/runs/correctness_fuzz/chain_unary/n512/seed2_L1_Q1
correctness_fuzz,chain_unary,512,3,0,0,1,0,0,1,0.012554,6512,/Users/free_1/Library/Mobile Documents/iCloud~md~obsidian/Documents/cpp-checker/branch_3/artifacts/lca_tree_stress_v5/strong_gate_cf_exact_check_v4/runs/correctness_fuzz/chain_unary/n512/seed3_L0_Q0
correctness_fuzz,chain_unary,512,3,0,1,1,0,0,1,0.012561,6512,/Users/free_1/Library/Mobile Documents/iCloud~md~obsidian/Documents/cpp-checker/branch_3/artifacts/lca_tree_stress_v5/strong_gate_cf_exact_check_v4/runs/correctness_fuzz/chain_unary/n512/seed3_L0_Q1
correctness_fuzz,chain_unary,512,3,1,0,1,0,0,1,0.012557,6512,/Users/free_1/Library/Mobile Documents/iCloud~md~obsidian/Documents/cpp-checker/branch_3/artifacts/lca_tree_stress_v5/strong_gate_cf_exact_check_v4/runs/correctness_fuzz/chain_unary/n512/seed3_L1_Q0
correctness_fuzz,chain_unary,512,3,1,1,1,0,0,1,0.010362,6512,/Users/free_1/Library/Mobile Documents/iCloud~md~obsidian/Documents/cpp-checker/branch_3/artifacts/lca_tree_stress_v5/strong_gate_cf_exact_check_v4/runs/correctness_fuzz/chain_unary/n512/seed3_L1_Q1
correctness_fuzz,chain_unary,512,4,0,0,1,0,0,1,0.012255,6512,/Users/free_1/Library/Mobile Documents/iCloud~md~obsidian/Documents/cpp-checker/branch_3/artifacts/lca_tree_stress_v5/strong_gate_cf_exact_check_v4/runs/correctness_fuzz/chain_unary/n512/seed4_L0_Q0
correctness_fuzz,chain_unary,512,4,0,1,1,0,0,1,0.012274,6512,/Users/free_1/Library/Mobile Documents/iCloud~md~obsidian/Documents/cpp-checker/branch_3/artifacts/lca_tree_stress_v5/strong_gate_cf_exact_check_v4/runs/correctness_fuzz/chain_unary/n512/seed4_L0_Q1
correctness_fuzz,chain_unary,512,4,1,0,1,0,0,1,0.012556,6512,/Users/free_1/Library/Mobile Documents/iCloud~md~obsidian/Documents/cpp-checker/branch_3/artifacts/lca_tree_stress_v5/strong_gate_cf_exact_check_v4/runs/correctness_fuzz/chain_unary/n512/seed4_L1_Q0
correctness_fuzz,chain_unary,512,4,1,1,1,0,0,1,0.012556,6512,/Users/free_1/Library/Mobile Documents/iCloud~md~obsidian/Documents/cpp-checker/branch_3/artifacts/lca_tree_stress_v5/strong_gate_cf_exact_check_v4/runs/correctness_fuzz/chain_unary/n512/seed4_L1_Q1
correctness_fuzz,chain_unary,512,5,0,0,1,0,0,1,0.012564,6512,/Users/free_1/Library/Mobile Documents/iCloud~md~obsidian/Documents/cpp-checker/branch_3/artifacts/lca_tree_stress_v5/strong_gate_cf_exact_check_v4/runs/correctness_fuzz/chain_unary/n512/seed5_L0_Q0
correctness_fuzz,chain_unary,512,5,0,1,1,0,0,1,0.010104,6512,/Users/free_1/Library/Mobile Documents/iCloud~md~obsidian/Documents/cpp-checker/branch_3/artifacts/lca_tree_stress_v5/strong_gate_cf_exact_check_v4/runs/correctness_fuzz/chain_unary/n512/seed5_L0_Q1
correctness_fuzz,chain_unary,512,5,1,0,1,0,0,1,0.012560,6512,/Users/free_1/Library/Mobile Documents/iCloud~md~obsidian/Documents/cpp-checker/branch_3/artifacts/lca_tree_stress_v5/strong_gate_cf_exact_check_v4/runs/correctness_fuzz/chain_unary/n512/seed5_L1_Q0
correctness_fuzz,chain_unary,512,5,1,1,1,0,0,1,0.012557,6512,/Users/free_1/Library/Mobile Documents/iCloud~md~obsidian/Documents/cpp-checker/branch_3/artifacts/lca_tree_stress_v5/strong_gate_cf_exact_check_v4/runs/correctness_fuzz/chain_unary/n512/seed5_L1_Q1
correctness_fuzz,chain_unary,1024,1,0,0,1,0,0,1,0.012571,6480,/Users/free_1/Library/Mobile Documents/iCloud~md~obsidian/Documents/cpp-checker/branch_3/artifacts/lca_tree_stress_v5/strong_gate_cf_exact_check_v4/runs/correctness_fuzz/chain_unary/n1024/seed1_L0_Q0
correctness_fuzz,chain_unary,1024,1,0,1,1,0,0,1,0.012555,6480,/Users/free_1/Library/Mobile Documents/iCloud~md~obsidian/Documents/cpp-checker/branch_3/artifacts/lca_tree_stress_v5/strong_gate_cf_exact_check_v4/runs/correctness_fuzz/chain_unary/n1024/seed1_L0_Q1
correctness_fuzz,chain_unary,1024,1,1,0,1,0,0,1,0.012555,6512,/Users/free_1/Library/Mobile Documents/iCloud~md~obsidian/Documents/cpp-checker/branch_3/artifacts/lca_tree_stress_v5/strong_gate_cf_exact_check_v4/runs/correctness_fuzz/chain_unary/n1024/seed1_L1_Q0
correctness_fuzz,chain_unary,1024,1,1,1,1,0,0,1,0.012555,6512,/Users/free_1/Library/Mobile Documents/iCloud~md~obsidian/Documents/cpp-checker/branch_3/artifacts/lca_tree_stress_v5/strong_gate_cf_exact_check_v4/runs/correctness_fuzz/chain_unary/n1024/seed1_L1_Q1
correctness_fuzz,chain_unary,1024,2,0,0,1,0,0,1,0.012553,6480,/Users/free_1/Library/Mobile Documents/iCloud~md~obsidian/Documents/cpp-checker/branch_3/artifacts/lca_tree_stress_v5/strong_gate_cf_exact_check_v4/runs/correctness_fuzz/chain_unary/n1024/seed2_L0_Q0
correctness_fuzz,chain_unary,1024,2,0,1,1,0,0,1,0.010418,6480,/Users/free_1/Library/Mobile Documents/iCloud~md~obsidian/Documents/cpp-checker/branch_3/artifacts/lca_tree_stress_v5/strong_gate_cf_exact_check_v4/runs/correctness_fuzz/chain_unary/n1024/seed2_L0_Q1
correctness_fuzz,chain_unary,1024,2,1,0,1,0,0,1,0.012560,6512,/Users/free_1/Library/Mobile Documents/iCloud~md~obsidian/Documents/cpp-checker/branch_3/artifacts/lca_tree_stress_v5/strong_gate_cf_exact_check_v4/runs/correctness_fuzz/chain_unary/n1024/seed2_L1_Q0
correctness_fuzz,chain_unary,1024,2,1,1,1,0,0,1,0.012048,6512,/Users/free_1/Library/Mobile Documents/iCloud~md~obsidian/Documents/cpp-checker/branch_3/artifacts/lca_tree_stress_v5/strong_gate_cf_exact_check_v4/runs/correctness_fuzz/chain_unary/n1024/seed2_L1_Q1
correctness_fuzz,chain_unary,1024,3,0,0,1,0,0,1,0.011545,6480,/Users/free_1/Library/Mobile Documents/iCloud~md~obsidian/Documents/cpp-checker/branch_3/artifacts/lca_tree_stress_v5/strong_gate_cf_exact_check_v4/runs/correctness_fuzz/chain_unary/n1024/seed3_L0_Q0
correctness_fuzz,chain_unary,1024,3,0,1,1,0,0,1,0.011992,6480,/Users/free_1/Library/Mobile Documents/iCloud~md~obsidian/Documents/cpp-checker/branch_3/artifacts/lca_tree_stress_v5/strong_gate_cf_exact_check_v4/runs/correctness_fuzz/chain_unary/n1024/seed3_L0_Q1
correctness_fuzz,chain_unary,1024,3,1,0,1,0,0,1,0.012571,6512,/Users/free_1/Library/Mobile Documents/iCloud~md~obsidian/Documents/cpp-checker/branch_3/artifacts/lca_tree_stress_v5/strong_gate_cf_exact_check_v4/runs/correctness_fuzz/chain_unary/n1024/seed3_L1_Q0
correctness_fuzz,chain_unary,1024,3,1,1,1,0,0,1,0.012581,6512,/Users/free_1/Library/Mobile Documents/iCloud~md~obsidian/Documents/cpp-checker/branch_3/artifacts/lca_tree_stress_v5/strong_gate_cf_exact_check_v4/runs/correctness_fuzz/chain_unary/n1024/seed3_L1_Q1
correctness_fuzz,chain_unary,1024,4,0,0,1,0,0,1,0.012565,6480,/Users/free_1/Library/Mobile Documents/iCloud~md~obsidian/Documents/cpp-checker/branch_3/artifacts/lca_tree_stress_v5/strong_gate_cf_exact_check_v4/runs/correctness_fuzz/chain_unary/n1024/seed4_L0_Q0
correctness_fuzz,chain_unary,1024,4,0,1,1,0,0,1,0.012564,6480,/Users/free_1/Library/Mobile Documents/iCloud~md~obsidian/Documents/cpp-checker/branch_3/artifacts/lca_tree_stress_v5/strong_gate_cf_exact_check_v4/runs/correctness_fuzz/chain_unary/n1024/seed4_L0_Q1
correctness_fuzz,chain_unary,1024,4,1,0,1,0,0,1,0.010228,6512,/Users/free_1/Library/Mobile Documents/iCloud~md~obsidian/Documents/cpp-checker/branch_3/artifacts/lca_tree_stress_v5/strong_gate_cf_exact_check_v4/runs/correctness_fuzz/chain_unary/n1024/seed4_L1_Q0
correctness_fuzz,chain_unary,1024,4,1,1,1,0,0,1,0.012551,6512,/Users/free_1/Library/Mobile Documents/iCloud~md~obsidian/Documents/cpp-checker/branch_3/artifacts/lca_tree_stress_v5/strong_gate_cf_exact_check_v4/runs/correctness_fuzz/chain_unary/n1024/seed4_L1_Q1
correctness_fuzz,chain_unary,1024,5,0,0,1,0,0,1,0.011794,6480,/Users/free_1/Library/Mobile Documents/iCloud~md~obsidian/Documents/cpp-checker/branch_3/artifacts/lca_tree_stress_v5/strong_gate_cf_exact_check_v4/runs/correctness_fuzz/chain_unary/n1024/seed5_L0_Q0
correctness_fuzz,chain_unary,1024,5,0,1,1,0,0,1,0.010657,6480,/Users/free_1/Library/Mobile Documents/iCloud~md~obsidian/Documents/cpp-checker/branch_3/artifacts/lca_tree_stress_v5/strong_gate_cf_exact_check_v4/runs/correctness_fuzz/chain_unary/n1024/seed5_L0_Q1
correctness_fuzz,chain_unary,1024,5,1,0,1,0,0,1,0.012569,6512,/Users/free_1/Library/Mobile Documents/iCloud~md~obsidian/Documents/cpp-checker/branch_3/artifacts/lca_tree_stress_v5/strong_gate_cf_exact_check_v4/runs/correctness_fuzz/chain_unary/n1024/seed5_L1_Q0
correctness_fuzz,chain_unary,1024,5,1,1,1,0,0,1,0.012567,6512,/Users/free_1/Library/Mobile Documents/iCloud~md~obsidian/Documents/cpp-checker/branch_3/artifacts/lca_tree_stress_v5/strong_gate_cf_exact_check_v4/runs/correctness_fuzz/chain_unary/n1024/seed5_L1_Q1
correctness_fuzz,star_pairs,64,1,0,0,1,0,0,1,0.011056,1584,/Users/free_1/Library/Mobile Documents/iCloud~md~obsidian/Documents/cpp-checker/branch_3/artifacts/lca_tree_stress_v5/strong_gate_cf_exact_check_v4/runs/correctness_fuzz/star_pairs/n64/seed1_L0_Q0
correctness_fuzz,star_pairs,64,1,0,1,1,0,0,1,0.012550,1584,/Users/free_1/Library/Mobile Documents/iCloud~md~obsidian/Documents/cpp-checker/branch_3/artifacts/lca_tree_stress_v5/strong_gate_cf_exact_check_v4/runs/correctness_fuzz/star_pairs/n64/seed1_L0_Q1
correctness_fuzz,star_pairs,64,1,1,0,1,0,0,1,0.012553,1584,/Users/free_1/Library/Mobile Documents/iCloud~md~obsidian/Documents/cpp-checker/branch_3/artifacts/lca_tree_stress_v5/strong_gate_cf_exact_check_v4/runs/correctness_fuzz/star_pairs/n64/seed1_L1_Q0
correctness_fuzz,star_pairs,64,1,1,1,1,0,0,1,0.012551,1584,/Users/free_1/Library/Mobile Documents/iCloud~md~obsidian/Documents/cpp-checker/branch_3/artifacts/lca_tree_stress_v5/strong_gate_cf_exact_check_v4/runs/correctness_fuzz/star_pairs/n64/seed1_L1_Q1
correctness_fuzz,star_pairs,64,2,0,0,1,0,0,1,0.012560,1584,/Users/free_1/Library/Mobile Documents/iCloud~md~obsidian/Documents/cpp-checker/branch_3/artifacts/lca_tree_stress_v5/strong_gate_cf_exact_check_v4/runs/correctness_fuzz/star_pairs/n64/seed2_L0_Q0
correctness_fuzz,star_pairs,64,2,0,1,1,0,0,1,0.012554,1584,/Users/free_1/Library/Mobile Documents/iCloud~md~obsidian/Documents/cpp-checker/branch_3/artifacts/lca_tree_stress_v5/strong_gate_cf_exact_check_v4/runs/correctness_fuzz/star_pairs/n64/seed2_L0_Q1
correctness_fuzz,star_pairs,64,2,1,0,1,0,0,1,0.012552,1584,/Users/free_1/Library/Mobile Documents/iCloud~md~obsidian/Documents/cpp-checker/branch_3/artifacts/lca_tree_stress_v5/strong_gate_cf_exact_check_v4/runs/correctness_fuzz/star_pairs/n64/seed2_L1_Q0
correctness_fuzz,star_pairs,64,2,1,1,1,0,0,1,0.012555,1584,/Users/free_1/Library/Mobile Documents/iCloud~md~obsidian/Documents/cpp-checker/branch_3/artifacts/lca_tree_stress_v5/strong_gate_cf_exact_check_v4/runs/correctness_fuzz/star_pairs/n64/seed2_L1_Q1
correctness_fuzz,star_pairs,64,3,0,0,1,0,0,1,0.011316,1584,/Users/free_1/Library/Mobile Documents/iCloud~md~obsidian/Documents/cpp-checker/branch_3/artifacts/lca_tree_stress_v5/strong_gate_cf_exact_check_v4/runs/correctness_fuzz/star_pairs/n64/seed3_L0_Q0
correctness_fuzz,star_pairs,64,3,0,1,1,0,0,1,0.012953,1584,/Users/free_1/Library/Mobile Documents/iCloud~md~obsidian/Documents/cpp-checker/branch_3/artifacts/lca_tree_stress_v5/strong_gate_cf_exact_check_v4/runs/correctness_fuzz/star_pairs/n64/seed3_L0_Q1
correctness_fuzz,star_pairs,64,3,1,0,1,0,0,1,0.010562,1584,/Users/free_1/Library/Mobile Documents/iCloud~md~obsidian/Documents/cpp-checker/branch_3/artifacts/lca_tree_stress_v5/strong_gate_cf_exact_check_v4/runs/correctness_fuzz/star_pairs/n64/seed3_L1_Q0
correctness_fuzz,star_pairs,64,3,1,1,1,0,0,1,0.026100,1600,/Users/free_1/Library/Mobile Documents/iCloud~md~obsidian/Documents/cpp-checker/branch_3/artifacts/lca_tree_stress_v5/strong_gate_cf_exact_check_v4/runs/correctness_fuzz/star_pairs/n64/seed3_L1_Q1
correctness_fuzz,star_pairs,64,4,0,0,1,0,0,1,0.012359,1584,/Users/free_1/Library/Mobile Documents/iCloud~md~obsidian/Documents/cpp-checker/branch_3/artifacts/lca_tree_stress_v5/strong_gate_cf_exact_check_v4/runs/correctness_fuzz/star_pairs/n64/seed4_L0_Q0
correctness_fuzz,star_pairs,64,4,0,1,1,0,0,1,0.013959,1584,/Users/free_1/Library/Mobile Documents/iCloud~md~obsidian/Documents/cpp-checker/branch_3/artifacts/lca_tree_stress_v5/strong_gate_cf_exact_check_v4/runs/correctness_fuzz/star_pairs/n64/seed4_L0_Q1
correctness_fuzz,star_pairs,64,4,1,0,1,0,0,1,0.011861,1584,/Users/free_1/Library/Mobile Documents/iCloud~md~obsidian/Documents/cpp-checker/branch_3/artifacts/lca_tree_stress_v5/strong_gate_cf_exact_check_v4/runs/correctness_fuzz/star_pairs/n64/seed4_L1_Q0
correctness_fuzz,star_pairs,64,4,1,1,1,0,0,1,0.023237,1600,/Users/free_1/Library/Mobile Documents/iCloud~md~obsidian/Documents/cpp-checker/branch_3/artifacts/lca_tree_stress_v5/strong_gate_cf_exact_check_v4/runs/correctness_fuzz/star_pairs/n64/seed4_L1_Q1
correctness_fuzz,star_pairs,64,5,0,0,1,0,0,1,0.012054,1584,/Users/free_1/Library/Mobile Documents/iCloud~md~obsidian/Documents/cpp-checker/branch_3/artifacts/lca_tree_stress_v5/strong_gate_cf_exact_check_v4/runs/correctness_fuzz/star_pairs/n64/seed5_L0_Q0
correctness_fuzz,star_pairs,64,5,0,1,1,0,0,1,0.012635,1584,/Users/free_1/Library/Mobile Documents/iCloud~md~obsidian/Documents/cpp-checker/branch_3/artifacts/lca_tree_stress_v5/strong_gate_cf_exact_check_v4/runs/correctness_fuzz/star_pairs/n64/seed5_L0_Q1
correctness_fuzz,star_pairs,64,5,1,0,1,0,0,1,0.012637,1600,/Users/free_1/Library/Mobile Documents/iCloud~md~obsidian/Documents/cpp-checker/branch_3/artifacts/lca_tree_stress_v5/strong_gate_cf_exact_check_v4/runs/correctness_fuzz/star_pairs/n64/seed5_L1_Q0
correctness_fuzz,star_pairs,64,5,1,1,1,0,0,1,0.012570,1584,/Users/free_1/Library/Mobile Documents/iCloud~md~obsidian/Documents/cpp-checker/branch_3/artifacts/lca_tree_stress_v5/strong_gate_cf_exact_check_v4/runs/correctness_fuzz/star_pairs/n64/seed5_L1_Q1
correctness_fuzz,star_pairs,128,1,0,0,1,0,0,1,0.012568,1936,/Users/free_1/Library/Mobile Documents/iCloud~md~obsidian/Documents/cpp-checker/branch_3/artifacts/lca_tree_stress_v5/strong_gate_cf_exact_check_v4/runs/correctness_fuzz/star_pairs/n128/seed1_L0_Q0
correctness_fuzz,star_pairs,128,1,0,1,1,0,0,1,0.012019,1952,/Users/free_1/Library/Mobile Documents/iCloud~md~obsidian/Documents/cpp-checker/branch_3/artifacts/lca_tree_stress_v5/strong_gate_cf_exact_check_v4/runs/correctness_fuzz/star_pairs/n128/seed1_L0_Q1
correctness_fuzz,star_pairs,128,1,1,0,1,0,0,1,0.011280,1968,/Users/free_1/Library/Mobile Documents/iCloud~md~obsidian/Documents/cpp-checker/branch_3/artifacts/lca_tree_stress_v5/strong_gate_cf_exact_check_v4/runs/correctness_fuzz/star_pairs/n128/seed1_L1_Q0
correctness_fuzz,star_pairs,128,1,1,1,1,0,0,1,0.012668,1952,/Users/free_1/Library/Mobile Documents/iCloud~md~obsidian/Documents/cpp-checker/branch_3/artifacts/lca_tree_stress_v5/strong_gate_cf_exact_check_v4/runs/correctness_fuzz/star_pairs/n128/seed1_L1_Q1
correctness_fuzz,star_pairs,128,2,0,0,1,0,0,1,0.010981,1936,/Users/free_1/Library/Mobile Documents/iCloud~md~obsidian/Documents/cpp-checker/branch_3/artifacts/lca_tree_stress_v5/strong_gate_cf_exact_check_v4/runs/correctness_fuzz/star_pairs/n128/seed2_L0_Q0
correctness_fuzz,star_pairs,128,2,0,1,1,0,0,1,0.012613,1952,/Users/free_1/Library/Mobile Documents/iCloud~md~obsidian/Documents/cpp-checker/branch_3/artifacts/lca_tree_stress_v5/strong_gate_cf_exact_check_v4/runs/correctness_fuzz/star_pairs/n128/seed2_L0_Q1
correctness_fuzz,star_pairs,128,2,1,0,1,0,0,1,0.011439,1952,/Users/free_1/Library/Mobile Documents/iCloud~md~obsidian/Documents/cpp-checker/branch_3/artifacts/lca_tree_stress_v5/strong_gate_cf_exact_check_v4/runs/correctness_fuzz/star_pairs/n128/seed2_L1_Q0
correctness_fuzz,star_pairs,128,2,1,1,1,0,0,1,0.011573,1968,/Users/free_1/Library/Mobile Documents/iCloud~md~obsidian/Documents/cpp-checker/branch_3/artifacts/lca_tree_stress_v5/strong_gate_cf_exact_check_v4/runs/correctness_fuzz/star_pairs/n128/seed2_L1_Q1
correctness_fuzz,star_pairs,128,3,0,0,1,0,0,1,0.011255,1952,/Users/free_1/Library/Mobile Documents/iCloud~md~obsidian/Documents/cpp-checker/branch_3/artifacts/lca_tree_stress_v5/strong_gate_cf_exact_check_v4/runs/correctness_fuzz/star_pairs/n128/seed3_L0_Q0
correctness_fuzz,star_pairs,128,3,0,1,1,0,0,1,0.012583,1936,/Users/free_1/Library/Mobile Documents/iCloud~md~obsidian/Documents/cpp-checker/branch_3/artifacts/lca_tree_stress_v5/strong_gate_cf_exact_check_v4/runs/correctness_fuzz/star_pairs/n128/seed3_L0_Q1
correctness_fuzz,star_pairs,128,3,1,0,1,0,0,1,0.012638,1936,/Users/free_1/Library/Mobile Documents/iCloud~md~obsidian/Documents/cpp-checker/branch_3/artifacts/lca_tree_stress_v5/strong_gate_cf_exact_check_v4/runs/correctness_fuzz/star_pairs/n128/seed3_L1_Q0
correctness_fuzz,star_pairs,128,3,1,1,1,0,0,1,0.012618,1952,/Users/free_1/Library/Mobile Documents/iCloud~md~obsidian/Documents/cpp-checker/branch_3/artifacts/lca_tree_stress_v5/strong_gate_cf_exact_check_v4/runs/correctness_fuzz/star_pairs/n128/seed3_L1_Q1
correctness_fuzz,star_pairs,128,4,0,0,1,0,0,1,0.012600,1952,/Users/free_1/Library/Mobile Documents/iCloud~md~obsidian/Documents/cpp-checker/branch_3/artifacts/lca_tree_stress_v5/strong_gate_cf_exact_check_v4/runs/correctness_fuzz/star_pairs/n128/seed4_L0_Q0
correctness_fuzz,star_pairs,128,4,0,1,1,0,0,1,0.011685,1936,/Users/free_1/Library/Mobile Documents/iCloud~md~obsidian/Documents/cpp-checker/branch_3/artifacts/lca_tree_stress_v5/strong_gate_cf_exact_check_v4/runs/correctness_fuzz/star_pairs/n128/seed4_L0_Q1
correctness_fuzz,star_pairs,128,4,1,0,1,0,0,1,0.012559,1936,/Users/free_1/Library/Mobile Documents/iCloud~md~obsidian/Documents/cpp-checker/branch_3/artifacts/lca_tree_stress_v5/strong_gate_cf_exact_check_v4/runs/correctness_fuzz/star_pairs/n128/seed4_L1_Q0
correctness_fuzz,star_pairs,128,4,1,1,1,0,0,1,0.012555,1952,/Users/free_1/Library/Mobile Documents/iCloud~md~obsidian/Documents/cpp-checker/branch_3/artifacts/lca_tree_stress_v5/strong_gate_cf_exact_check_v4/runs/correctness_fuzz/star_pairs/n128/seed4_L1_Q1
correctness_fuzz,star_pairs,128,5,0,0,1,0,0,1,0.012557,1936,/Users/free_1/Library/Mobile Documents/iCloud~md~obsidian/Documents/cpp-checker/branch_3/artifacts/lca_tree_stress_v5/strong_gate_cf_exact_check_v4/runs/correctness_fuzz/star_pairs/n128/seed5_L0_Q0
correctness_fuzz,star_pairs,128,5,0,1,1,0,0,1,0.012552,1936,/Users/free_1/Library/Mobile Documents/iCloud~md~obsidian/Documents/cpp-checker/branch_3/artifacts/lca_tree_stress_v5/strong_gate_cf_exact_check_v4/runs/correctness_fuzz/star_pairs/n128/seed5_L0_Q1
correctness_fuzz,star_pairs,128,5,1,0,1,0,0,1,0.012555,1936,/Users/free_1/Library/Mobile Documents/iCloud~md~obsidian/Documents/cpp-checker/branch_3/artifacts/lca_tree_stress_v5/strong_gate_cf_exact_check_v4/runs/correctness_fuzz/star_pairs/n128/seed5_L1_Q0
correctness_fuzz,star_pairs,128,5,1,1,1,0,0,1,0.012561,1936,/Users/free_1/Library/Mobile Documents/iCloud~md~obsidian/Documents/cpp-checker/branch_3/artifacts/lca_tree_stress_v5/strong_gate_cf_exact_check_v4/runs/correctness_fuzz/star_pairs/n128/seed5_L1_Q1
correctness_fuzz,star_pairs,256,1,0,0,1,0,0,1,0.012553,3360,/Users/free_1/Library/Mobile Documents/iCloud~md~obsidian/Documents/cpp-checker/branch_3/artifacts/lca_tree_stress_v5/strong_gate_cf_exact_check_v4/runs/correctness_fuzz/star_pairs/n256/seed1_L0_Q0
correctness_fuzz,star_pairs,256,1,0,1,1,0,0,1,0.012558,3360,/Users/free_1/Library/Mobile Documents/iCloud~md~obsidian/Documents/cpp-checker/branch_3/artifacts/lca_tree_stress_v5/strong_gate_cf_exact_check_v4/runs/correctness_fuzz/star_pairs/n256/seed1_L0_Q1
correctness_fuzz,star_pairs,256,1,1,0,1,0,0,1,0.012561,3360,/Users/free_1/Library/Mobile Documents/iCloud~md~obsidian/Documents/cpp-checker/branch_3/artifacts/lca_tree_stress_v5/strong_gate_cf_exact_check_v4/runs/correctness_fuzz/star_pairs/n256/seed1_L1_Q0
correctness_fuzz,star_pairs,256,1,1,1,1,0,0,1,0.011102,3360,/Users/free_1/Library/Mobile Documents/iCloud~md~obsidian/Documents/cpp-checker/branch_3/artifacts/lca_tree_stress_v5/strong_gate_cf_exact_check_v4/runs/correctness_fuzz/star_pairs/n256/seed1_L1_Q1
correctness_fuzz,star_pairs,256,2,0,0,1,0,0,1,0.012557,3360,/Users/free_1/Library/Mobile Documents/iCloud~md~obsidian/Documents/cpp-checker/branch_3/artifacts/lca_tree_stress_v5/strong_gate_cf_exact_check_v4/runs/correctness_fuzz/star_pairs/n256/seed2_L0_Q0
correctness_fuzz,star_pairs,256,2,0,1,1,0,0,1,0.010721,3360,/Users/free_1/Library/Mobile Documents/iCloud~md~obsidian/Documents/cpp-checker/branch_3/artifacts/lca_tree_stress_v5/strong_gate_cf_exact_check_v4/runs/correctness_fuzz/star_pairs/n256/seed2_L0_Q1
correctness_fuzz,star_pairs,256,2,1,0,1,0,0,1,0.012556,3360,/Users/free_1/Library/Mobile Documents/iCloud~md~obsidian/Documents/cpp-checker/branch_3/artifacts/lca_tree_stress_v5/strong_gate_cf_exact_check_v4/runs/correctness_fuzz/star_pairs/n256/seed2_L1_Q0
correctness_fuzz,star_pairs,256,2,1,1,1,0,0,1,0.011001,3360,/Users/free_1/Library/Mobile Documents/iCloud~md~obsidian/Documents/cpp-checker/branch_3/artifacts/lca_tree_stress_v5/strong_gate_cf_exact_check_v4/runs/correctness_fuzz/star_pairs/n256/seed2_L1_Q1
correctness_fuzz,star_pairs,256,3,0,0,1,0,0,1,0.012557,3360,/Users/free_1/Library/Mobile Documents/iCloud~md~obsidian/Documents/cpp-checker/branch_3/artifacts/lca_tree_stress_v5/strong_gate_cf_exact_check_v4/runs/correctness_fuzz/star_pairs/n256/seed3_L0_Q0
correctness_fuzz,star_pairs,256,3,0,1,1,0,0,1,0.012562,3360,/Users/free_1/Library/Mobile Documents/iCloud~md~obsidian/Documents/cpp-checker/branch_3/artifacts/lca_tree_stress_v5/strong_gate_cf_exact_check_v4/runs/correctness_fuzz/star_pairs/n256/seed3_L0_Q1
correctness_fuzz,star_pairs,256,3,1,0,1,0,0,1,0.010997,3360,/Users/free_1/Library/Mobile Documents/iCloud~md~obsidian/Documents/cpp-checker/branch_3/artifacts/lca_tree_stress_v5/strong_gate_cf_exact_check_v4/runs/correctness_fuzz/star_pairs/n256/seed3_L1_Q0
correctness_fuzz,star_pairs,256,3,1,1,1,0,0,1,0.012569,3360,/Users/free_1/Library/Mobile Documents/iCloud~md~obsidian/Documents/cpp-checker/branch_3/artifacts/lca_tree_stress_v5/strong_gate_cf_exact_check_v4/runs/correctness_fuzz/star_pairs/n256/seed3_L1_Q1
correctness_fuzz,star_pairs,256,4,0,0,1,0,0,1,0.012553,3360,/Users/free_1/Library/Mobile Documents/iCloud~md~obsidian/Documents/cpp-checker/branch_3/artifacts/lca_tree_stress_v5/strong_gate_cf_exact_check_v4/runs/correctness_fuzz/star_pairs/n256/seed4_L0_Q0
correctness_fuzz,star_pairs,256,4,0,1,1,0,0,1,0.012559,3360,/Users/free_1/Library/Mobile Documents/iCloud~md~obsidian/Documents/cpp-checker/branch_3/artifacts/lca_tree_stress_v5/strong_gate_cf_exact_check_v4/runs/correctness_fuzz/star_pairs/n256/seed4_L0_Q1
correctness_fuzz,star_pairs,256,4,1,0,1,0,0,1,0.012551,3360,/Users/free_1/Library/Mobile Documents/iCloud~md~obsidian/Documents/cpp-checker/branch_3/artifacts/lca_tree_stress_v5/strong_gate_cf_exact_check_v4/runs/correctness_fuzz/star_pairs/n256/seed4_L1_Q0
correctness_fuzz,star_pairs,256,4,1,1,1,0,0,1,0.012554,3360,/Users/free_1/Library/Mobile Documents/iCloud~md~obsidian/Documents/cpp-checker/branch_3/artifacts/lca_tree_stress_v5/strong_gate_cf_exact_check_v4/runs/correctness_fuzz/star_pairs/n256/seed4_L1_Q1
correctness_fuzz,star_pairs,256,5,0,0,1,0,0,1,0.012560,3360,/Users/free_1/Library/Mobile Documents/iCloud~md~obsidian/Documents/cpp-checker/branch_3/artifacts/lca_tree_stress_v5/strong_gate_cf_exact_check_v4/runs/correctness_fuzz/star_pairs/n256/seed5_L0_Q0
correctness_fuzz,star_pairs,256,5,0,1,1,0,0,1,0.012553,3360,/Users/free_1/Library/Mobile Documents/iCloud~md~obsidian/Documents/cpp-checker/branch_3/artifacts/lca_tree_stress_v5/strong_gate_cf_exact_check_v4/runs/correctness_fuzz/star_pairs/n256/seed5_L0_Q1
correctness_fuzz,star_pairs,256,5,1,0,1,0,0,1,0.012556,3360,/Users/free_1/Library/Mobile Documents/iCloud~md~obsidian/Documents/cpp-checker/branch_3/artifacts/lca_tree_stress_v5/strong_gate_cf_exact_check_v4/runs/correctness_fuzz/star_pairs/n256/seed5_L1_Q0
correctness_fuzz,star_pairs,256,5,1,1,1,0,0,1,0.011139,3360,/Users/free_1/Library/Mobile Documents/iCloud~md~obsidian/Documents/cpp-checker/branch_3/artifacts/lca_tree_stress_v5/strong_gate_cf_exact_check_v4/runs/correctness_fuzz/star_pairs/n256/seed5_L1_Q1
correctness_fuzz,star_pairs,512,1,0,0,1,0,0,1,0.012552,7184,/Users/free_1/Library/Mobile Documents/iCloud~md~obsidian/Documents/cpp-checker/branch_3/artifacts/lca_tree_stress_v5/strong_gate_cf_exact_check_v4/runs/correctness_fuzz/star_pairs/n512/seed1_L0_Q0
correctness_fuzz,star_pairs,512,1,0,1,1,0,0,1,0.010076,7184,/Users/free_1/Library/Mobile Documents/iCloud~md~obsidian/Documents/cpp-checker/branch_3/artifacts/lca_tree_stress_v5/strong_gate_cf_exact_check_v4/runs/correctness_fuzz/star_pairs/n512/seed1_L0_Q1
correctness_fuzz,star_pairs,512,1,1,0,1,0,0,1,0.012553,7200,/Users/free_1/Library/Mobile Documents/iCloud~md~obsidian/Documents/cpp-checker/branch_3/artifacts/lca_tree_stress_v5/strong_gate_cf_exact_check_v4/runs/correctness_fuzz/star_pairs/n512/seed1_L1_Q0
correctness_fuzz,star_pairs,512,1,1,1,1,0,0,1,0.012557,7200,/Users/free_1/Library/Mobile Documents/iCloud~md~obsidian/Documents/cpp-checker/branch_3/artifacts/lca_tree_stress_v5/strong_gate_cf_exact_check_v4/runs/correctness_fuzz/star_pairs/n512/seed1_L1_Q1
correctness_fuzz,star_pairs,512,2,0,0,1,0,0,1,0.012562,7184,/Users/free_1/Library/Mobile Documents/iCloud~md~obsidian/Documents/cpp-checker/branch_3/artifacts/lca_tree_stress_v5/strong_gate_cf_exact_check_v4/runs/correctness_fuzz/star_pairs/n512/seed2_L0_Q0
correctness_fuzz,star_pairs,512,2,0,1,1,0,0,1,0.011270,7184,/Users/free_1/Library/Mobile Documents/iCloud~md~obsidian/Documents/cpp-checker/branch_3/artifacts/lca_tree_stress_v5/strong_gate_cf_exact_check_v4/runs/correctness_fuzz/star_pairs/n512/seed2_L0_Q1
correctness_fuzz,star_pairs,512,2,1,0,1,0,0,1,0.012573,7200,/Users/free_1/Library/Mobile Documents/iCloud~md~obsidian/Documents/cpp-checker/branch_3/artifacts/lca_tree_stress_v5/strong_gate_cf_exact_check_v4/runs/correctness_fuzz/star_pairs/n512/seed2_L1_Q0
correctness_fuzz,star_pairs,512,2,1,1,1,0,0,1,0.012552,7200,/Users/free_1/Library/Mobile Documents/iCloud~md~obsidian/Documents/cpp-checker/branch_3/artifacts/lca_tree_stress_v5/strong_gate_cf_exact_check_v4/runs/correctness_fuzz/star_pairs/n512/seed2_L1_Q1
correctness_fuzz,star_pairs,512,3,0,0,1,0,0,1,0.012560,7184,/Users/free_1/Library/Mobile Documents/iCloud~md~obsidian/Documents/cpp-checker/branch_3/artifacts/lca_tree_stress_v5/strong_gate_cf_exact_check_v4/runs/correctness_fuzz/star_pairs/n512/seed3_L0_Q0
correctness_fuzz,star_pairs,512,3,0,1,1,0,0,1,0.010539,7184,/Users/free_1/Library/Mobile Documents/iCloud~md~obsidian/Documents/cpp-checker/branch_3/artifacts/lca_tree_stress_v5/strong_gate_cf_exact_check_v4/runs/correctness_fuzz/star_pairs/n512/seed3_L0_Q1
correctness_fuzz,star_pairs,512,3,1,0,1,0,0,1,0.012558,7200,/Users/free_1/Library/Mobile Documents/iCloud~md~obsidian/Documents/cpp-checker/branch_3/artifacts/lca_tree_stress_v5/strong_gate_cf_exact_check_v4/runs/correctness_fuzz/star_pairs/n512/seed3_L1_Q0
correctness_fuzz,star_pairs,512,3,1,1,1,0,0,1,0.012555,7200,/Users/free_1/Library/Mobile Documents/iCloud~md~obsidian/Documents/cpp-checker/branch_3/artifacts/lca_tree_stress_v5/strong_gate_cf_exact_check_v4/runs/correctness_fuzz/star_pairs/n512/seed3_L1_Q1
correctness_fuzz,star_pairs,512,4,0,0,1,0,0,1,0.012558,7184,/Users/free_1/Library/Mobile Documents/iCloud~md~obsidian/Documents/cpp-checker/branch_3/artifacts/lca_tree_stress_v5/strong_gate_cf_exact_check_v4/runs/correctness_fuzz/star_pairs/n512/seed4_L0_Q0
correctness_fuzz,star_pairs,512,4,0,1,1,0,0,1,0.012555,7184,/Users/free_1/Library/Mobile Documents/iCloud~md~obsidian/Documents/cpp-checker/branch_3/artifacts/lca_tree_stress_v5/strong_gate_cf_exact_check_v4/runs/correctness_fuzz/star_pairs/n512/seed4_L0_Q1
correctness_fuzz,star_pairs,512,4,1,0,1,0,0,1,0.011167,7200,/Users/free_1/Library/Mobile Documents/iCloud~md~obsidian/Documents/cpp-checker/branch_3/artifacts/lca_tree_stress_v5/strong_gate_cf_exact_check_v4/runs/correctness_fuzz/star_pairs/n512/seed4_L1_Q0
correctness_fuzz,star_pairs,512,4,1,1,1,0,0,1,0.012384,7200,/Users/free_1/Library/Mobile Documents/iCloud~md~obsidian/Documents/cpp-checker/branch_3/artifacts/lca_tree_stress_v5/strong_gate_cf_exact_check_v4/runs/correctness_fuzz/star_pairs/n512/seed4_L1_Q1
correctness_fuzz,star_pairs,512,5,0,0,1,0,0,1,0.010568,7184,/Users/free_1/Library/Mobile Documents/iCloud~md~obsidian/Documents/cpp-checker/branch_3/artifacts/lca_tree_stress_v5/strong_gate_cf_exact_check_v4/runs/correctness_fuzz/star_pairs/n512/seed5_L0_Q0
correctness_fuzz,star_pairs,512,5,0,1,1,0,0,1,0.012578,7184,/Users/free_1/Library/Mobile Documents/iCloud~md~obsidian/Documents/cpp-checker/branch_3/artifacts/lca_tree_stress_v5/strong_gate_cf_exact_check_v4/runs/correctness_fuzz/star_pairs/n512/seed5_L0_Q1
correctness_fuzz,star_pairs,512,5,1,0,1,0,0,1,0.012558,7200,/Users/free_1/Library/Mobile Documents/iCloud~md~obsidian/Documents/cpp-checker/branch_3/artifacts/lca_tree_stress_v5/strong_gate_cf_exact_check_v4/runs/correctness_fuzz/star_pairs/n512/seed5_L1_Q0
correctness_fuzz,star_pairs,512,5,1,1,1,0,0,1,0.012573,7200,/Users/free_1/Library/Mobile Documents/iCloud~md~obsidian/Documents/cpp-checker/branch_3/artifacts/lca_tree_stress_v5/strong_gate_cf_exact_check_v4/runs/correctness_fuzz/star_pairs/n512/seed5_L1_Q1
correctness_fuzz,star_pairs,1024,1,0,0,1,0,0,1,0.011032,7200,/Users/free_1/Library/Mobile Documents/iCloud~md~obsidian/Documents/cpp-checker/branch_3/artifacts/lca_tree_stress_v5/strong_gate_cf_exact_check_v4/runs/correctness_fuzz/star_pairs/n1024/seed1_L0_Q0
correctness_fuzz,star_pairs,1024,1,0,1,1,0,0,1,0.012552,7200,/Users/free_1/Library/Mobile Documents/iCloud~md~obsidian/Documents/cpp-checker/branch_3/artifacts/lca_tree_stress_v5/strong_gate_cf_exact_check_v4/runs/correctness_fuzz/star_pairs/n1024/seed1_L0_Q1
correctness_fuzz,star_pairs,1024,1,1,0,1,0,0,1,0.012606,7280,/Users/free_1/Library/Mobile Documents/iCloud~md~obsidian/Documents/cpp-checker/branch_3/artifacts/lca_tree_stress_v5/strong_gate_cf_exact_check_v4/runs/correctness_fuzz/star_pairs/n1024/seed1_L1_Q0
correctness_fuzz,star_pairs,1024,1,1,1,1,0,0,1,0.012599,7296,/Users/free_1/Library/Mobile Documents/iCloud~md~obsidian/Documents/cpp-checker/branch_3/artifacts/lca_tree_stress_v5/strong_gate_cf_exact_check_v4/runs/correctness_fuzz/star_pairs/n1024/seed1_L1_Q1
correctness_fuzz,star_pairs,1024,2,0,0,1,0,0,1,0.011712,7200,/Users/free_1/Library/Mobile Documents/iCloud~md~obsidian/Documents/cpp-checker/branch_3/artifacts/lca_tree_stress_v5/strong_gate_cf_exact_check_v4/runs/correctness_fuzz/star_pairs/n1024/seed2_L0_Q0
correctness_fuzz,star_pairs,1024,2,0,1,1,0,0,1,0.012564,7200,/Users/free_1/Library/Mobile Documents/iCloud~md~obsidian/Documents/cpp-checker/branch_3/artifacts/lca_tree_stress_v5/strong_gate_cf_exact_check_v4/runs/correctness_fuzz/star_pairs/n1024/seed2_L0_Q1
correctness_fuzz,star_pairs,1024,2,1,0,1,0,0,1,0.012557,7296,/Users/free_1/Library/Mobile Documents/iCloud~md~obsidian/Documents/cpp-checker/branch_3/artifacts/lca_tree_stress_v5/strong_gate_cf_exact_check_v4/runs/correctness_fuzz/star_pairs/n1024/seed2_L1_Q0
correctness_fuzz,star_pairs,1024,2,1,1,1,0,0,1,0.012583,7312,/Users/free_1/Library/Mobile Documents/iCloud~md~obsidian/Documents/cpp-checker/branch_3/artifacts/lca_tree_stress_v5/strong_gate_cf_exact_check_v4/runs/correctness_fuzz/star_pairs/n1024/seed2_L1_Q1
correctness_fuzz,star_pairs,1024,3,0,0,1,0,0,1,0.011969,7200,/Users/free_1/Library/Mobile Documents/iCloud~md~obsidian/Documents/cpp-checker/branch_3/artifacts/lca_tree_stress_v5/strong_gate_cf_exact_check_v4/runs/correctness_fuzz/star_pairs/n1024/seed3_L0_Q0
correctness_fuzz,star_pairs,1024,3,0,1,1,0,0,1,0.012594,7216,/Users/free_1/Library/Mobile Documents/iCloud~md~obsidian/Documents/cpp-checker/branch_3/artifacts/lca_tree_stress_v5/strong_gate_cf_exact_check_v4/runs/correctness_fuzz/star_pairs/n1024/seed3_L0_Q1
correctness_fuzz,star_pairs,1024,3,1,0,1,0,0,1,0.012558,7296,/Users/free_1/Library/Mobile Documents/iCloud~md~obsidian/Documents/cpp-checker/branch_3/artifacts/lca_tree_stress_v5/strong_gate_cf_exact_check_v4/runs/correctness_fuzz/star_pairs/n1024/seed3_L1_Q0
correctness_fuzz,star_pairs,1024,3,1,1,1,0,0,1,0.012584,7296,/Users/free_1/Library/Mobile Documents/iCloud~md~obsidian/Documents/cpp-checker/branch_3/artifacts/lca_tree_stress_v5/strong_gate_cf_exact_check_v4/runs/correctness_fuzz/star_pairs/n1024/seed3_L1_Q1
correctness_fuzz,star_pairs,1024,4,0,0,1,0,0,1,0.012563,7216,/Users/free_1/Library/Mobile Documents/iCloud~md~obsidian/Documents/cpp-checker/branch_3/artifacts/lca_tree_stress_v5/strong_gate_cf_exact_check_v4/runs/correctness_fuzz/star_pairs/n1024/seed4_L0_Q0
correctness_fuzz,star_pairs,1024,4,0,1,1,0,0,1,0.011817,7216,/Users/free_1/Library/Mobile Documents/iCloud~md~obsidian/Documents/cpp-checker/branch_3/artifacts/lca_tree_stress_v5/strong_gate_cf_exact_check_v4/runs/correctness_fuzz/star_pairs/n1024/seed4_L0_Q1
correctness_fuzz,star_pairs,1024,4,1,0,1,0,0,1,0.012569,7280,/Users/free_1/Library/Mobile Documents/iCloud~md~obsidian/Documents/cpp-checker/branch_3/artifacts/lca_tree_stress_v5/strong_gate_cf_exact_check_v4/runs/correctness_fuzz/star_pairs/n1024/seed4_L1_Q0
correctness_fuzz,star_pairs,1024,4,1,1,1,0,0,1,0.011819,7264,/Users/free_1/Library/Mobile Documents/iCloud~md~obsidian/Documents/cpp-checker/branch_3/artifacts/lca_tree_stress_v5/strong_gate_cf_exact_check_v4/runs/correctness_fuzz/star_pairs/n1024/seed4_L1_Q1
correctness_fuzz,star_pairs,1024,5,0,0,1,0,0,1,0.010983,7200,/Users/free_1/Library/Mobile Documents/iCloud~md~obsidian/Documents/cpp-checker/branch_3/artifacts/lca_tree_stress_v5/strong_gate_cf_exact_check_v4/runs/correctness_fuzz/star_pairs/n1024/seed5_L0_Q0
correctness_fuzz,star_pairs,1024,5,0,1,1,0,0,1,0.012588,7200,/Users/free_1/Library/Mobile Documents/iCloud~md~obsidian/Documents/cpp-checker/branch_3/artifacts/lca_tree_stress_v5/strong_gate_cf_exact_check_v4/runs/correctness_fuzz/star_pairs/n1024/seed5_L0_Q1
correctness_fuzz,star_pairs,1024,5,1,0,1,0,0,1,0.012563,7280,/Users/free_1/Library/Mobile Documents/iCloud~md~obsidian/Documents/cpp-checker/branch_3/artifacts/lca_tree_stress_v5/strong_gate_cf_exact_check_v4/runs/correctness_fuzz/star_pairs/n1024/seed5_L1_Q0
correctness_fuzz,star_pairs,1024,5,1,1,1,0,0,1,0.012572,7264,/Users/free_1/Library/Mobile Documents/iCloud~md~obsidian/Documents/cpp-checker/branch_3/artifacts/lca_tree_stress_v5/strong_gate_cf_exact_check_v4/runs/correctness_fuzz/star_pairs/n1024/seed5_L1_Q1
correctness_fuzz,balanced_dense,64,1,0,0,1,0,0,1,0.011639,1568,/Users/free_1/Library/Mobile Documents/iCloud~md~obsidian/Documents/cpp-checker/branch_3/artifacts/lca_tree_stress_v5/strong_gate_cf_exact_check_v4/runs/correctness_fuzz/balanced_dense/n64/seed1_L0_Q0
correctness_fuzz,balanced_dense,64,1,0,1,1,0,0,1,0.012562,1568,/Users/free_1/Library/Mobile Documents/iCloud~md~obsidian/Documents/cpp-checker/branch_3/artifacts/lca_tree_stress_v5/strong_gate_cf_exact_check_v4/runs/correctness_fuzz/balanced_dense/n64/seed1_L0_Q1
correctness_fuzz,balanced_dense,64,1,1,0,1,0,0,1,0.012563,1568,/Users/free_1/Library/Mobile Documents/iCloud~md~obsidian/Documents/cpp-checker/branch_3/artifacts/lca_tree_stress_v5/strong_gate_cf_exact_check_v4/runs/correctness_fuzz/balanced_dense/n64/seed1_L1_Q0
correctness_fuzz,balanced_dense,64,1,1,1,1,0,0,1,0.012559,1568,/Users/free_1/Library/Mobile Documents/iCloud~md~obsidian/Documents/cpp-checker/branch_3/artifacts/lca_tree_stress_v5/strong_gate_cf_exact_check_v4/runs/correctness_fuzz/balanced_dense/n64/seed1_L1_Q1
correctness_fuzz,balanced_dense,64,2,0,0,1,0,0,1,0.011253,1568,/Users/free_1/Library/Mobile Documents/iCloud~md~obsidian/Documents/cpp-checker/branch_3/artifacts/lca_tree_stress_v5/strong_gate_cf_exact_check_v4/runs/correctness_fuzz/balanced_dense/n64/seed2_L0_Q0
correctness_fuzz,balanced_dense,64,2,0,1,1,0,0,1,0.012549,1568,/Users/free_1/Library/Mobile Documents/iCloud~md~obsidian/Documents/cpp-checker/branch_3/artifacts/lca_tree_stress_v5/strong_gate_cf_exact_check_v4/runs/correctness_fuzz/balanced_dense/n64/seed2_L0_Q1
correctness_fuzz,balanced_dense,64,2,1,0,1,0,0,1,0.012550,1568,/Users/free_1/Library/Mobile Documents/iCloud~md~obsidian/Documents/cpp-checker/branch_3/artifacts/lca_tree_stress_v5/strong_gate_cf_exact_check_v4/runs/correctness_fuzz/balanced_dense/n64/seed2_L1_Q0
correctness_fuzz,balanced_dense,64,2,1,1,1,0,0,1,0.012548,1568,/Users/free_1/Library/Mobile Documents/iCloud~md~obsidian/Documents/cpp-checker/branch_3/artifacts/lca_tree_stress_v5/strong_gate_cf_exact_check_v4/runs/correctness_fuzz/balanced_dense/n64/seed2_L1_Q1
correctness_fuzz,balanced_dense,64,3,0,0,1,0,0,1,0.012551,1552,/Users/free_1/Library/Mobile Documents/iCloud~md~obsidian/Documents/cpp-checker/branch_3/artifacts/lca_tree_stress_v5/strong_gate_cf_exact_check_v4/runs/correctness_fuzz/balanced_dense/n64/seed3_L0_Q0
correctness_fuzz,balanced_dense,64,3,0,1,1,0,0,1,0.012027,1552,/Users/free_1/Library/Mobile Documents/iCloud~md~obsidian/Documents/cpp-checker/branch_3/artifacts/lca_tree_stress_v5/strong_gate_cf_exact_check_v4/runs/correctness_fuzz/balanced_dense/n64/seed3_L0_Q1
correctness_fuzz,balanced_dense,64,3,1,0,1,0,0,1,0.010810,1552,/Users/free_1/Library/Mobile Documents/iCloud~md~obsidian/Documents/cpp-checker/branch_3/artifacts/lca_tree_stress_v5/strong_gate_cf_exact_check_v4/runs/correctness_fuzz/balanced_dense/n64/seed3_L1_Q0
correctness_fuzz,balanced_dense,64,3,1,1,1,0,0,1,0.012553,1552,/Users/free_1/Library/Mobile Documents/iCloud~md~obsidian/Documents/cpp-checker/branch_3/artifacts/lca_tree_stress_v5/strong_gate_cf_exact_check_v4/runs/correctness_fuzz/balanced_dense/n64/seed3_L1_Q1
correctness_fuzz,balanced_dense,64,4,0,0,1,0,0,1,0.011448,1568,/Users/free_1/Library/Mobile Documents/iCloud~md~obsidian/Documents/cpp-checker/branch_3/artifacts/lca_tree_stress_v5/strong_gate_cf_exact_check_v4/runs/correctness_fuzz/balanced_dense/n64/seed4_L0_Q0
correctness_fuzz,balanced_dense,64,4,0,1,1,0,0,1,0.010578,1568,/Users/free_1/Library/Mobile Documents/iCloud~md~obsidian/Documents/cpp-checker/branch_3/artifacts/lca_tree_stress_v5/strong_gate_cf_exact_check_v4/runs/correctness_fuzz/balanced_dense/n64/seed4_L0_Q1
correctness_fuzz,balanced_dense,64,4,1,0,1,0,0,1,0.012551,1568,/Users/free_1/Library/Mobile Documents/iCloud~md~obsidian/Documents/cpp-checker/branch_3/artifacts/lca_tree_stress_v5/strong_gate_cf_exact_check_v4/runs/correctness_fuzz/balanced_dense/n64/seed4_L1_Q0
correctness_fuzz,balanced_dense,64,4,1,1,1,0,0,1,0.011461,1568,/Users/free_1/Library/Mobile Documents/iCloud~md~obsidian/Documents/cpp-checker/branch_3/artifacts/lca_tree_stress_v5/strong_gate_cf_exact_check_v4/runs/correctness_fuzz/balanced_dense/n64/seed4_L1_Q1
correctness_fuzz,balanced_dense,64,5,0,0,1,0,0,1,0.010933,1568,/Users/free_1/Library/Mobile Documents/iCloud~md~obsidian/Documents/cpp-checker/branch_3/artifacts/lca_tree_stress_v5/strong_gate_cf_exact_check_v4/runs/correctness_fuzz/balanced_dense/n64/seed5_L0_Q0
correctness_fuzz,balanced_dense,64,5,0,1,1,0,0,1,0.012550,1568,/Users/free_1/Library/Mobile Documents/iCloud~md~obsidian/Documents/cpp-checker/branch_3/artifacts/lca_tree_stress_v5/strong_gate_cf_exact_check_v4/runs/correctness_fuzz/balanced_dense/n64/seed5_L0_Q1
correctness_fuzz,balanced_dense,64,5,1,0,1,0,0,1,0.012552,1568,/Users/free_1/Library/Mobile Documents/iCloud~md~obsidian/Documents/cpp-checker/branch_3/artifacts/lca_tree_stress_v5/strong_gate_cf_exact_check_v4/runs/correctness_fuzz/balanced_dense/n64/seed5_L1_Q0
correctness_fuzz,balanced_dense,64,5,1,1,1,0,0,1,0.012553,1568,/Users/free_1/Library/Mobile Documents/iCloud~md~obsidian/Documents/cpp-checker/branch_3/artifacts/lca_tree_stress_v5/strong_gate_cf_exact_check_v4/runs/correctness_fuzz/balanced_dense/n64/seed5_L1_Q1
correctness_fuzz,balanced_dense,128,1,0,0,1,0,0,1,0.012563,1760,/Users/free_1/Library/Mobile Documents/iCloud~md~obsidian/Documents/cpp-checker/branch_3/artifacts/lca_tree_stress_v5/strong_gate_cf_exact_check_v4/runs/correctness_fuzz/balanced_dense/n128/seed1_L0_Q0
correctness_fuzz,balanced_dense,128,1,0,1,1,0,0,1,0.011354,1744,/Users/free_1/Library/Mobile Documents/iCloud~md~obsidian/Documents/cpp-checker/branch_3/artifacts/lca_tree_stress_v5/strong_gate_cf_exact_check_v4/runs/correctness_fuzz/balanced_dense/n128/seed1_L0_Q1
correctness_fuzz,balanced_dense,128,1,1,0,1,0,0,1,0.010271,1744,/Users/free_1/Library/Mobile Documents/iCloud~md~obsidian/Documents/cpp-checker/branch_3/artifacts/lca_tree_stress_v5/strong_gate_cf_exact_check_v4/runs/correctness_fuzz/balanced_dense/n128/seed1_L1_Q0
correctness_fuzz,balanced_dense,128,1,1,1,1,0,0,1,0.011158,1760,/Users/free_1/Library/Mobile Documents/iCloud~md~obsidian/Documents/cpp-checker/branch_3/artifacts/lca_tree_stress_v5/strong_gate_cf_exact_check_v4/runs/correctness_fuzz/balanced_dense/n128/seed1_L1_Q1
correctness_fuzz,balanced_dense,128,2,0,0,1,0,0,1,0.011663,1728,/Users/free_1/Library/Mobile Documents/iCloud~md~obsidian/Documents/cpp-checker/branch_3/artifacts/lca_tree_stress_v5/strong_gate_cf_exact_check_v4/runs/correctness_fuzz/balanced_dense/n128/seed2_L0_Q0
correctness_fuzz,balanced_dense,128,2,0,1,1,0,0,1,0.011387,1744,/Users/free_1/Library/Mobile Documents/iCloud~md~obsidian/Documents/cpp-checker/branch_3/artifacts/lca_tree_stress_v5/strong_gate_cf_exact_check_v4/runs/correctness_fuzz/balanced_dense/n128/seed2_L0_Q1
correctness_fuzz,balanced_dense,128,2,1,0,1,0,0,1,0.010582,1728,/Users/free_1/Library/Mobile Documents/iCloud~md~obsidian/Documents/cpp-checker/branch_3/artifacts/lca_tree_stress_v5/strong_gate_cf_exact_check_v4/runs/correctness_fuzz/balanced_dense/n128/seed2_L1_Q0
correctness_fuzz,balanced_dense,128,2,1,1,1,0,0,1,0.010796,1712,/Users/free_1/Library/Mobile Documents/iCloud~md~obsidian/Documents/cpp-checker/branch_3/artifacts/lca_tree_stress_v5/strong_gate_cf_exact_check_v4/runs/correctness_fuzz/balanced_dense/n128/seed2_L1_Q1
correctness_fuzz,balanced_dense,128,3,0,0,1,0,0,1,0.012553,1744,/Users/free_1/Library/Mobile Documents/iCloud~md~obsidian/Documents/cpp-checker/branch_3/artifacts/lca_tree_stress_v5/strong_gate_cf_exact_check_v4/runs/correctness_fuzz/balanced_dense/n128/seed3_L0_Q0
correctness_fuzz,balanced_dense,128,3,0,1,1,0,0,1,0.012553,1744,/Users/free_1/Library/Mobile Documents/iCloud~md~obsidian/Documents/cpp-checker/branch_3/artifacts/lca_tree_stress_v5/strong_gate_cf_exact_check_v4/runs/correctness_fuzz/balanced_dense/n128/seed3_L0_Q1
correctness_fuzz,balanced_dense,128,3,1,0,1,0,0,1,0.010806,1744,/Users/free_1/Library/Mobile Documents/iCloud~md~obsidian/Documents/cpp-checker/branch_3/artifacts/lca_tree_stress_v5/strong_gate_cf_exact_check_v4/runs/correctness_fuzz/balanced_dense/n128/seed3_L1_Q0
correctness_fuzz,balanced_dense,128,3,1,1,1,0,0,1,0.011154,1744,/Users/free_1/Library/Mobile Documents/iCloud~md~obsidian/Documents/cpp-checker/branch_3/artifacts/lca_tree_stress_v5/strong_gate_cf_exact_check_v4/runs/correctness_fuzz/balanced_dense/n128/seed3_L1_Q1
correctness_fuzz,balanced_dense,128,4,0,0,1,0,0,1,0.012556,1744,/Users/free_1/Library/Mobile Documents/iCloud~md~obsidian/Documents/cpp-checker/branch_3/artifacts/lca_tree_stress_v5/strong_gate_cf_exact_check_v4/runs/correctness_fuzz/balanced_dense/n128/seed4_L0_Q0
correctness_fuzz,balanced_dense,128,4,0,1,1,0,0,1,0.012550,1744,/Users/free_1/Library/Mobile Documents/iCloud~md~obsidian/Documents/cpp-checker/branch_3/artifacts/lca_tree_stress_v5/strong_gate_cf_exact_check_v4/runs/correctness_fuzz/balanced_dense/n128/seed4_L0_Q1
correctness_fuzz,balanced_dense,128,4,1,0,1,0,0,1,0.012553,1744,/Users/free_1/Library/Mobile Documents/iCloud~md~obsidian/Documents/cpp-checker/branch_3/artifacts/lca_tree_stress_v5/strong_gate_cf_exact_check_v4/runs/correctness_fuzz/balanced_dense/n128/seed4_L1_Q0
correctness_fuzz,balanced_dense,128,4,1,1,1,0,0,1,0.010774,1728,/Users/free_1/Library/Mobile Documents/iCloud~md~obsidian/Documents/cpp-checker/branch_3/artifacts/lca_tree_stress_v5/strong_gate_cf_exact_check_v4/runs/correctness_fuzz/balanced_dense/n128/seed4_L1_Q1
correctness_fuzz,balanced_dense,128,5,0,0,1,0,0,1,0.012562,1728,/Users/free_1/Library/Mobile Documents/iCloud~md~obsidian/Documents/cpp-checker/branch_3/artifacts/lca_tree_stress_v5/strong_gate_cf_exact_check_v4/runs/correctness_fuzz/balanced_dense/n128/seed5_L0_Q0
correctness_fuzz,balanced_dense,128,5,0,1,1,0,0,1,0.011000,1728,/Users/free_1/Library/Mobile Documents/iCloud~md~obsidian/Documents/cpp-checker/branch_3/artifacts/lca_tree_stress_v5/strong_gate_cf_exact_check_v4/runs/correctness_fuzz/balanced_dense/n128/seed5_L0_Q1
correctness_fuzz,balanced_dense,128,5,1,0,1,0,0,1,0.012563,1744,/Users/free_1/Library/Mobile Documents/iCloud~md~obsidian/Documents/cpp-checker/branch_3/artifacts/lca_tree_stress_v5/strong_gate_cf_exact_check_v4/runs/correctness_fuzz/balanced_dense/n128/seed5_L1_Q0
correctness_fuzz,balanced_dense,128,5,1,1,1,0,0,1,0.012552,1744,/Users/free_1/Library/Mobile Documents/iCloud~md~obsidian/Documents/cpp-checker/branch_3/artifacts/lca_tree_stress_v5/strong_gate_cf_exact_check_v4/runs/correctness_fuzz/balanced_dense/n128/seed5_L1_Q1
correctness_fuzz,balanced_dense,256,1,0,0,1,0,0,1,0.011512,2112,/Users/free_1/Library/Mobile Documents/iCloud~md~obsidian/Documents/cpp-checker/branch_3/artifacts/lca_tree_stress_v5/strong_gate_cf_exact_check_v4/runs/correctness_fuzz/balanced_dense/n256/seed1_L0_Q0
correctness_fuzz,balanced_dense,256,1,0,1,1,0,0,1,0.012556,2160,/Users/free_1/Library/Mobile Documents/iCloud~md~obsidian/Documents/cpp-checker/branch_3/artifacts/lca_tree_stress_v5/strong_gate_cf_exact_check_v4/runs/correctness_fuzz/balanced_dense/n256/seed1_L0_Q1
correctness_fuzz,balanced_dense,256,1,1,0,1,0,0,1,0.012043,2128,/Users/free_1/Library/Mobile Documents/iCloud~md~obsidian/Documents/cpp-checker/branch_3/artifacts/lca_tree_stress_v5/strong_gate_cf_exact_check_v4/runs/correctness_fuzz/balanced_dense/n256/seed1_L1_Q0
correctness_fuzz,balanced_dense,256,1,1,1,1,0,0,1,0.010865,2144,/Users/free_1/Library/Mobile Documents/iCloud~md~obsidian/Documents/cpp-checker/branch_3/artifacts/lca_tree_stress_v5/strong_gate_cf_exact_check_v4/runs/correctness_fuzz/balanced_dense/n256/seed1_L1_Q1
correctness_fuzz,balanced_dense,256,2,0,0,1,0,0,1,0.012092,2112,/Users/free_1/Library/Mobile Documents/iCloud~md~obsidian/Documents/cpp-checker/branch_3/artifacts/lca_tree_stress_v5/strong_gate_cf_exact_check_v4/runs/correctness_fuzz/balanced_dense/n256/seed2_L0_Q0
correctness_fuzz,balanced_dense,256,2,0,1,1,0,0,1,0.012549,2112,/Users/free_1/Library/Mobile Documents/iCloud~md~obsidian/Documents/cpp-checker/branch_3/artifacts/lca_tree_stress_v5/strong_gate_cf_exact_check_v4/runs/correctness_fuzz/balanced_dense/n256/seed2_L0_Q1
correctness_fuzz,balanced_dense,256,2,1,0,1,0,0,1,0.011639,2144,/Users/free_1/Library/Mobile Documents/iCloud~md~obsidian/Documents/cpp-checker/branch_3/artifacts/lca_tree_stress_v5/strong_gate_cf_exact_check_v4/runs/correctness_fuzz/balanced_dense/n256/seed2_L1_Q0
correctness_fuzz,balanced_dense,256,2,1,1,1,0,0,1,0.012558,2128,/Users/free_1/Library/Mobile Documents/iCloud~md~obsidian/Documents/cpp-checker/branch_3/artifacts/lca_tree_stress_v5/strong_gate_cf_exact_check_v4/runs/correctness_fuzz/balanced_dense/n256/seed2_L1_Q1
correctness_fuzz,balanced_dense,256,3,0,0,1,0,0,1,0.012138,2096,/Users/free_1/Library/Mobile Documents/iCloud~md~obsidian/Documents/cpp-checker/branch_3/artifacts/lca_tree_stress_v5/strong_gate_cf_exact_check_v4/runs/correctness_fuzz/balanced_dense/n256/seed3_L0_Q0
correctness_fuzz,balanced_dense,256,3,0,1,1,0,0,1,0.012555,2112,/Users/free_1/Library/Mobile Documents/iCloud~md~obsidian/Documents/cpp-checker/branch_3/artifacts/lca_tree_stress_v5/strong_gate_cf_exact_check_v4/runs/correctness_fuzz/balanced_dense/n256/seed3_L0_Q1
correctness_fuzz,balanced_dense,256,3,1,0,1,0,0,1,0.012565,2128,/Users/free_1/Library/Mobile Documents/iCloud~md~obsidian/Documents/cpp-checker/branch_3/artifacts/lca_tree_stress_v5/strong_gate_cf_exact_check_v4/runs/correctness_fuzz/balanced_dense/n256/seed3_L1_Q0
correctness_fuzz,balanced_dense,256,3,1,1,1,0,0,1,0.012558,2128,/Users/free_1/Library/Mobile Documents/iCloud~md~obsidian/Documents/cpp-checker/branch_3/artifacts/lca_tree_stress_v5/strong_gate_cf_exact_check_v4/runs/correctness_fuzz/balanced_dense/n256/seed3_L1_Q1
correctness_fuzz,balanced_dense,256,4,0,0,1,0,0,1,0.012558,2128,/Users/free_1/Library/Mobile Documents/iCloud~md~obsidian/Documents/cpp-checker/branch_3/artifacts/lca_tree_stress_v5/strong_gate_cf_exact_check_v4/runs/correctness_fuzz/balanced_dense/n256/seed4_L0_Q0
correctness_fuzz,balanced_dense,256,4,0,1,1,0,0,1,0.011559,2128,/Users/free_1/Library/Mobile Documents/iCloud~md~obsidian/Documents/cpp-checker/branch_3/artifacts/lca_tree_stress_v5/strong_gate_cf_exact_check_v4/runs/correctness_fuzz/balanced_dense/n256/seed4_L0_Q1
correctness_fuzz,balanced_dense,256,4,1,0,1,0,0,1,0.012294,2176,/Users/free_1/Library/Mobile Documents/iCloud~md~obsidian/Documents/cpp-checker/branch_3/artifacts/lca_tree_stress_v5/strong_gate_cf_exact_check_v4/runs/correctness_fuzz/balanced_dense/n256/seed4_L1_Q0
correctness_fuzz,balanced_dense,256,4,1,1,1,0,0,1,0.012563,2128,/Users/free_1/Library/Mobile Documents/iCloud~md~obsidian/Documents/cpp-checker/branch_3/artifacts/lca_tree_stress_v5/strong_gate_cf_exact_check_v4/runs/correctness_fuzz/balanced_dense/n256/seed4_L1_Q1
correctness_fuzz,balanced_dense,256,5,0,0,1,0,0,1,0.011354,2112,/Users/free_1/Library/Mobile Documents/iCloud~md~obsidian/Documents/cpp-checker/branch_3/artifacts/lca_tree_stress_v5/strong_gate_cf_exact_check_v4/runs/correctness_fuzz/balanced_dense/n256/seed5_L0_Q0
correctness_fuzz,balanced_dense,256,5,0,1,1,0,0,1,0.011112,2144,/Users/free_1/Library/Mobile Documents/iCloud~md~obsidian/Documents/cpp-checker/branch_3/artifacts/lca_tree_stress_v5/strong_gate_cf_exact_check_v4/runs/correctness_fuzz/balanced_dense/n256/seed5_L0_Q1
correctness_fuzz,balanced_dense,256,5,1,0,1,0,0,1,0.012560,2176,/Users/free_1/Library/Mobile Documents/iCloud~md~obsidian/Documents/cpp-checker/branch_3/artifacts/lca_tree_stress_v5/strong_gate_cf_exact_check_v4/runs/correctness_fuzz/balanced_dense/n256/seed5_L1_Q0
correctness_fuzz,balanced_dense,256,5,1,1,1,0,0,1,0.010782,2176,/Users/free_1/Library/Mobile Documents/iCloud~md~obsidian/Documents/cpp-checker/branch_3/artifacts/lca_tree_stress_v5/strong_gate_cf_exact_check_v4/runs/correctness_fuzz/balanced_dense/n256/seed5_L1_Q1
correctness_fuzz,balanced_dense,512,1,0,0,1,0,0,1,0.012557,2752,/Users/free_1/Library/Mobile Documents/iCloud~md~obsidian/Documents/cpp-checker/branch_3/artifacts/lca_tree_stress_v5/strong_gate_cf_exact_check_v4/runs/correctness_fuzz/balanced_dense/n512/seed1_L0_Q0
correctness_fuzz,balanced_dense,512,1,0,1,1,0,0,1,0.012557,2736,/Users/free_1/Library/Mobile Documents/iCloud~md~obsidian/Documents/cpp-checker/branch_3/artifacts/lca_tree_stress_v5/strong_gate_cf_exact_check_v4/runs/correctness_fuzz/balanced_dense/n512/seed1_L0_Q1
correctness_fuzz,balanced_dense,512,1,1,0,1,0,0,1,0.012336,2752,/Users/free_1/Library/Mobile Documents/iCloud~md~obsidian/Documents/cpp-checker/branch_3/artifacts/lca_tree_stress_v5/strong_gate_cf_exact_check_v4/runs/correctness_fuzz/balanced_dense/n512/seed1_L1_Q0
correctness_fuzz,balanced_dense,512,1,1,1,1,0,0,1,0.012419,2752,/Users/free_1/Library/Mobile Documents/iCloud~md~obsidian/Documents/cpp-checker/branch_3/artifacts/lca_tree_stress_v5/strong_gate_cf_exact_check_v4/runs/correctness_fuzz/balanced_dense/n512/seed1_L1_Q1
correctness_fuzz,balanced_dense,512,2,0,0,1,0,0,1,0.012440,2736,/Users/free_1/Library/Mobile Documents/iCloud~md~obsidian/Documents/cpp-checker/branch_3/artifacts/lca_tree_stress_v5/strong_gate_cf_exact_check_v4/runs/correctness_fuzz/balanced_dense/n512/seed2_L0_Q0
correctness_fuzz,balanced_dense,512,2,0,1,1,0,0,1,0.012549,2736,/Users/free_1/Library/Mobile Documents/iCloud~md~obsidian/Documents/cpp-checker/branch_3/artifacts/lca_tree_stress_v5/strong_gate_cf_exact_check_v4/runs/correctness_fuzz/balanced_dense/n512/seed2_L0_Q1
correctness_fuzz,balanced_dense,512,2,1,0,1,0,0,1,0.012560,2768,/Users/free_1/Library/Mobile Documents/iCloud~md~obsidian/Documents/cpp-checker/branch_3/artifacts/lca_tree_stress_v5/strong_gate_cf_exact_check_v4/runs/correctness_fuzz/balanced_dense/n512/seed2_L1_Q0
correctness_fuzz,balanced_dense,512,2,1,1,1,0,0,1,0.010986,2752,/Users/free_1/Library/Mobile Documents/iCloud~md~obsidian/Documents/cpp-checker/branch_3/artifacts/lca_tree_stress_v5/strong_gate_cf_exact_check_v4/runs/correctness_fuzz/balanced_dense/n512/seed2_L1_Q1
correctness_fuzz,balanced_dense,512,3,0,0,1,0,0,1,0.012210,2736,/Users/free_1/Library/Mobile Documents/iCloud~md~obsidian/Documents/cpp-checker/branch_3/artifacts/lca_tree_stress_v5/strong_gate_cf_exact_check_v4/runs/correctness_fuzz/balanced_dense/n512/seed3_L0_Q0
correctness_fuzz,balanced_dense,512,3,0,1,1,0,0,1,0.012432,2752,/Users/free_1/Library/Mobile Documents/iCloud~md~obsidian/Documents/cpp-checker/branch_3/artifacts/lca_tree_stress_v5/strong_gate_cf_exact_check_v4/runs/correctness_fuzz/balanced_dense/n512/seed3_L0_Q1
correctness_fuzz,balanced_dense,512,3,1,0,1,0,0,1,0.010624,2752,/Users/free_1/Library/Mobile Documents/iCloud~md~obsidian/Documents/cpp-checker/branch_3/artifacts/lca_tree_stress_v5/strong_gate_cf_exact_check_v4/runs/correctness_fuzz/balanced_dense/n512/seed3_L1_Q0
correctness_fuzz,balanced_dense,512,3,1,1,1,0,0,1,0.012551,2752,/Users/free_1/Library/Mobile Documents/iCloud~md~obsidian/Documents/cpp-checker/branch_3/artifacts/lca_tree_stress_v5/strong_gate_cf_exact_check_v4/runs/correctness_fuzz/balanced_dense/n512/seed3_L1_Q1
correctness_fuzz,balanced_dense,512,4,0,0,1,0,0,1,0.012558,2752,/Users/free_1/Library/Mobile Documents/iCloud~md~obsidian/Documents/cpp-checker/branch_3/artifacts/lca_tree_stress_v5/strong_gate_cf_exact_check_v4/runs/correctness_fuzz/balanced_dense/n512/seed4_L0_Q0
correctness_fuzz,balanced_dense,512,4,0,1,1,0,0,1,0.012552,2736,/Users/free_1/Library/Mobile Documents/iCloud~md~obsidian/Documents/cpp-checker/branch_3/artifacts/lca_tree_stress_v5/strong_gate_cf_exact_check_v4/runs/correctness_fuzz/balanced_dense/n512/seed4_L0_Q1
correctness_fuzz,balanced_dense,512,4,1,0,1,0,0,1,0.012561,2752,/Users/free_1/Library/Mobile Documents/iCloud~md~obsidian/Documents/cpp-checker/branch_3/artifacts/lca_tree_stress_v5/strong_gate_cf_exact_check_v4/runs/correctness_fuzz/balanced_dense/n512/seed4_L1_Q0
correctness_fuzz,balanced_dense,512,4,1,1,1,0,0,1,0.012558,2784,/Users/free_1/Library/Mobile Documents/iCloud~md~obsidian/Documents/cpp-checker/branch_3/artifacts/lca_tree_stress_v5/strong_gate_cf_exact_check_v4/runs/correctness_fuzz/balanced_dense/n512/seed4_L1_Q1
correctness_fuzz,balanced_dense,512,5,0,0,1,0,0,1,0.012558,2736,/Users/free_1/Library/Mobile Documents/iCloud~md~obsidian/Documents/cpp-checker/branch_3/artifacts/lca_tree_stress_v5/strong_gate_cf_exact_check_v4/runs/correctness_fuzz/balanced_dense/n512/seed5_L0_Q0
correctness_fuzz,balanced_dense,512,5,0,1,1,0,0,1,0.010925,2752,/Users/free_1/Library/Mobile Documents/iCloud~md~obsidian/Documents/cpp-checker/branch_3/artifacts/lca_tree_stress_v5/strong_gate_cf_exact_check_v4/runs/correctness_fuzz/balanced_dense/n512/seed5_L0_Q1
correctness_fuzz,balanced_dense,512,5,1,0,1,0,0,1,0.012558,2752,/Users/free_1/Library/Mobile Documents/iCloud~md~obsidian/Documents/cpp-checker/branch_3/artifacts/lca_tree_stress_v5/strong_gate_cf_exact_check_v4/runs/correctness_fuzz/balanced_dense/n512/seed5_L1_Q0
correctness_fuzz,balanced_dense,512,5,1,1,1,0,0,1,0.011265,2752,/Users/free_1/Library/Mobile Documents/iCloud~md~obsidian/Documents/cpp-checker/branch_3/artifacts/lca_tree_stress_v5/strong_gate_cf_exact_check_v4/runs/correctness_fuzz/balanced_dense/n512/seed5_L1_Q1
correctness_fuzz,balanced_dense,1024,1,0,0,1,0,0,1,0.012555,3808,/Users/free_1/Library/Mobile Documents/iCloud~md~obsidian/Documents/cpp-checker/branch_3/artifacts/lca_tree_stress_v5/strong_gate_cf_exact_check_v4/runs/correctness_fuzz/balanced_dense/n1024/seed1_L0_Q0
correctness_fuzz,balanced_dense,1024,1,0,1,1,0,0,1,0.012554,3840,/Users/free_1/Library/Mobile Documents/iCloud~md~obsidian/Documents/cpp-checker/branch_3/artifacts/lca_tree_stress_v5/strong_gate_cf_exact_check_v4/runs/correctness_fuzz/balanced_dense/n1024/seed1_L0_Q1
correctness_fuzz,balanced_dense,1024,1,1,0,1,0,0,1,0.012561,3872,/Users/free_1/Library/Mobile Documents/iCloud~md~obsidian/Documents/cpp-checker/branch_3/artifacts/lca_tree_stress_v5/strong_gate_cf_exact_check_v4/runs/correctness_fuzz/balanced_dense/n1024/seed1_L1_Q0
correctness_fuzz,balanced_dense,1024,1,1,1,1,0,0,1,0.012585,3872,/Users/free_1/Library/Mobile Documents/iCloud~md~obsidian/Documents/cpp-checker/branch_3/artifacts/lca_tree_stress_v5/strong_gate_cf_exact_check_v4/runs/correctness_fuzz/balanced_dense/n1024/seed1_L1_Q1
correctness_fuzz,balanced_dense,1024,2,0,0,1,0,0,1,0.012598,3840,/Users/free_1/Library/Mobile Documents/iCloud~md~obsidian/Documents/cpp-checker/branch_3/artifacts/lca_tree_stress_v5/strong_gate_cf_exact_check_v4/runs/correctness_fuzz/balanced_dense/n1024/seed2_L0_Q0
correctness_fuzz,balanced_dense,1024,2,0,1,1,0,0,1,0.012585,3824,/Users/free_1/Library/Mobile Documents/iCloud~md~obsidian/Documents/cpp-checker/branch_3/artifacts/lca_tree_stress_v5/strong_gate_cf_exact_check_v4/runs/correctness_fuzz/balanced_dense/n1024/seed2_L0_Q1
correctness_fuzz,balanced_dense,1024,2,1,0,1,0,0,1,0.012501,3840,/Users/free_1/Library/Mobile Documents/iCloud~md~obsidian/Documents/cpp-checker/branch_3/artifacts/lca_tree_stress_v5/strong_gate_cf_exact_check_v4/runs/correctness_fuzz/balanced_dense/n1024/seed2_L1_Q0
correctness_fuzz,balanced_dense,1024,2,1,1,1,0,0,1,0.011351,3872,/Users/free_1/Library/Mobile Documents/iCloud~md~obsidian/Documents/cpp-checker/branch_3/artifacts/lca_tree_stress_v5/strong_gate_cf_exact_check_v4/runs/correctness_fuzz/balanced_dense/n1024/seed2_L1_Q1
correctness_fuzz,balanced_dense,1024,3,0,0,1,0,0,1,0.012565,3808,/Users/free_1/Library/Mobile Documents/iCloud~md~obsidian/Documents/cpp-checker/branch_3/artifacts/lca_tree_stress_v5/strong_gate_cf_exact_check_v4/runs/correctness_fuzz/balanced_dense/n1024/seed3_L0_Q0
correctness_fuzz,balanced_dense,1024,3,0,1,1,0,0,1,0.011450,3808,/Users/free_1/Library/Mobile Documents/iCloud~md~obsidian/Documents/cpp-checker/branch_3/artifacts/lca_tree_stress_v5/strong_gate_cf_exact_check_v4/runs/correctness_fuzz/balanced_dense/n1024/seed3_L0_Q1
correctness_fuzz,balanced_dense,1024,3,1,0,1,0,0,1,0.012569,3824,/Users/free_1/Library/Mobile Documents/iCloud~md~obsidian/Documents/cpp-checker/branch_3/artifacts/lca_tree_stress_v5/strong_gate_cf_exact_check_v4/runs/correctness_fuzz/balanced_dense/n1024/seed3_L1_Q0
correctness_fuzz,balanced_dense,1024,3,1,1,1,0,0,1,0.011558,3856,/Users/free_1/Library/Mobile Documents/iCloud~md~obsidian/Documents/cpp-checker/branch_3/artifacts/lca_tree_stress_v5/strong_gate_cf_exact_check_v4/runs/correctness_fuzz/balanced_dense/n1024/seed3_L1_Q1
correctness_fuzz,balanced_dense,1024,4,0,0,1,0,0,1,0.012572,3856,/Users/free_1/Library/Mobile Documents/iCloud~md~obsidian/Documents/cpp-checker/branch_3/artifacts/lca_tree_stress_v5/strong_gate_cf_exact_check_v4/runs/correctness_fuzz/balanced_dense/n1024/seed4_L0_Q0
correctness_fuzz,balanced_dense,1024,4,0,1,1,0,0,1,0.011513,3856,/Users/free_1/Library/Mobile Documents/iCloud~md~obsidian/Documents/cpp-checker/branch_3/artifacts/lca_tree_stress_v5/strong_gate_cf_exact_check_v4/runs/correctness_fuzz/balanced_dense/n1024/seed4_L0_Q1
correctness_fuzz,balanced_dense,1024,4,1,0,1,0,0,1,0.012556,3888,/Users/free_1/Library/Mobile Documents/iCloud~md~obsidian/Documents/cpp-checker/branch_3/artifacts/lca_tree_stress_v5/strong_gate_cf_exact_check_v4/runs/correctness_fuzz/balanced_dense/n1024/seed4_L1_Q0
correctness_fuzz,balanced_dense,1024,4,1,1,1,0,0,1,0.011976,3888,/Users/free_1/Library/Mobile Documents/iCloud~md~obsidian/Documents/cpp-checker/branch_3/artifacts/lca_tree_stress_v5/strong_gate_cf_exact_check_v4/runs/correctness_fuzz/balanced_dense/n1024/seed4_L1_Q1
correctness_fuzz,balanced_dense,1024,5,0,0,1,0,0,1,0.012561,3840,/Users/free_1/Library/Mobile Documents/iCloud~md~obsidian/Documents/cpp-checker/branch_3/artifacts/lca_tree_stress_v5/strong_gate_cf_exact_check_v4/runs/correctness_fuzz/balanced_dense/n1024/seed5_L0_Q0
correctness_fuzz,balanced_dense,1024,5,0,1,1,0,0,1,0.012565,3856,/Users/free_1/Library/Mobile Documents/iCloud~md~obsidian/Documents/cpp-checker/branch_3/artifacts/lca_tree_stress_v5/strong_gate_cf_exact_check_v4/runs/correctness_fuzz/balanced_dense/n1024/seed5_L0_Q1
correctness_fuzz,balanced_dense,1024,5,1,0,1,0,0,1,0.012572,3856,/Users/free_1/Library/Mobile Documents/iCloud~md~obsidian/Documents/cpp-checker/branch_3/artifacts/lca_tree_stress_v5/strong_gate_cf_exact_check_v4/runs/correctness_fuzz/balanced_dense/n1024/seed5_L1_Q0
correctness_fuzz,balanced_dense,1024,5,1,1,1,0,0,1,0.012565,3872,/Users/free_1/Library/Mobile Documents/iCloud~md~obsidian/Documents/cpp-checker/branch_3/artifacts/lca_tree_stress_v5/strong_gate_cf_exact_check_v4/runs/correctness_fuzz/balanced_dense/n1024/seed5_L1_Q1
correctness_fuzz,broom_mixed,64,1,0,0,1,0,0,1,0.011702,1920,/Users/free_1/Library/Mobile Documents/iCloud~md~obsidian/Documents/cpp-checker/branch_3/artifacts/lca_tree_stress_v5/strong_gate_cf_exact_check_v4/runs/correctness_fuzz/broom_mixed/n64/seed1_L0_Q0
correctness_fuzz,broom_mixed,64,1,0,1,1,0,0,1,0.012555,1920,/Users/free_1/Library/Mobile Documents/iCloud~md~obsidian/Documents/cpp-checker/branch_3/artifacts/lca_tree_stress_v5/strong_gate_cf_exact_check_v4/runs/correctness_fuzz/broom_mixed/n64/seed1_L0_Q1
correctness_fuzz,broom_mixed,64,1,1,0,1,0,0,1,0.011556,1904,/Users/free_1/Library/Mobile Documents/iCloud~md~obsidian/Documents/cpp-checker/branch_3/artifacts/lca_tree_stress_v5/strong_gate_cf_exact_check_v4/runs/correctness_fuzz/broom_mixed/n64/seed1_L1_Q0
correctness_fuzz,broom_mixed,64,1,1,1,1,0,0,1,0.012559,1968,/Users/free_1/Library/Mobile Documents/iCloud~md~obsidian/Documents/cpp-checker/branch_3/artifacts/lca_tree_stress_v5/strong_gate_cf_exact_check_v4/runs/correctness_fuzz/broom_mixed/n64/seed1_L1_Q1
correctness_fuzz,broom_mixed,64,2,0,0,1,0,0,1,0.012556,1920,/Users/free_1/Library/Mobile Documents/iCloud~md~obsidian/Documents/cpp-checker/branch_3/artifacts/lca_tree_stress_v5/strong_gate_cf_exact_check_v4/runs/correctness_fuzz/broom_mixed/n64/seed2_L0_Q0
correctness_fuzz,broom_mixed,64,2,0,1,1,0,0,1,0.011943,1920,/Users/free_1/Library/Mobile Documents/iCloud~md~obsidian/Documents/cpp-checker/branch_3/artifacts/lca_tree_stress_v5/strong_gate_cf_exact_check_v4/runs/correctness_fuzz/broom_mixed/n64/seed2_L0_Q1
correctness_fuzz,broom_mixed,64,2,1,0,1,0,0,1,0.012136,1920,/Users/free_1/Library/Mobile Documents/iCloud~md~obsidian/Documents/cpp-checker/branch_3/artifacts/lca_tree_stress_v5/strong_gate_cf_exact_check_v4/runs/correctness_fuzz/broom_mixed/n64/seed2_L1_Q0
correctness_fuzz,broom_mixed,64,2,1,1,1,0,0,1,0.012554,1920,/Users/free_1/Library/Mobile Documents/iCloud~md~obsidian/Documents/cpp-checker/branch_3/artifacts/lca_tree_stress_v5/strong_gate_cf_exact_check_v4/runs/correctness_fuzz/broom_mixed/n64/seed2_L1_Q1
correctness_fuzz,broom_mixed,64,3,0,0,1,0,0,1,0.012549,1920,/Users/free_1/Library/Mobile Documents/iCloud~md~obsidian/Documents/cpp-checker/branch_3/artifacts/lca_tree_stress_v5/strong_gate_cf_exact_check_v4/runs/correctness_fuzz/broom_mixed/n64/seed3_L0_Q0
correctness_fuzz,broom_mixed,64,3,0,1,1,0,0,1,0.012039,1920,/Users/free_1/Library/Mobile Documents/iCloud~md~obsidian/Documents/cpp-checker/branch_3/artifacts/lca_tree_stress_v5/strong_gate_cf_exact_check_v4/runs/correctness_fuzz/broom_mixed/n64/seed3_L0_Q1
correctness_fuzz,broom_mixed,64,3,1,0,1,0,0,1,0.010979,1920,/Users/free_1/Library/Mobile Documents/iCloud~md~obsidian/Documents/cpp-checker/branch_3/artifacts/lca_tree_stress_v5/strong_gate_cf_exact_check_v4/runs/correctness_fuzz/broom_mixed/n64/seed3_L1_Q0
correctness_fuzz,broom_mixed,64,3,1,1,1,0,0,1,0.012552,1920,/Users/free_1/Library/Mobile Documents/iCloud~md~obsidian/Documents/cpp-checker/branch_3/artifacts/lca_tree_stress_v5/strong_gate_cf_exact_check_v4/runs/correctness_fuzz/broom_mixed/n64/seed3_L1_Q1
correctness_fuzz,broom_mixed,64,4,0,0,1,0,0,1,0.012552,1920,/Users/free_1/Library/Mobile Documents/iCloud~md~obsidian/Documents/cpp-checker/branch_3/artifacts/lca_tree_stress_v5/strong_gate_cf_exact_check_v4/runs/correctness_fuzz/broom_mixed/n64/seed4_L0_Q0
correctness_fuzz,broom_mixed,64,4,0,1,1,0,0,1,0.012550,1920,/Users/free_1/Library/Mobile Documents/iCloud~md~obsidian/Documents/cpp-checker/branch_3/artifacts/lca_tree_stress_v5/strong_gate_cf_exact_check_v4/runs/correctness_fuzz/broom_mixed/n64/seed4_L0_Q1
correctness_fuzz,broom_mixed,64,4,1,0,1,0,0,1,0.012009,1920,/Users/free_1/Library/Mobile Documents/iCloud~md~obsidian/Documents/cpp-checker/branch_3/artifacts/lca_tree_stress_v5/strong_gate_cf_exact_check_v4/runs/correctness_fuzz/broom_mixed/n64/seed4_L1_Q0
correctness_fuzz,broom_mixed,64,4,1,1,1,0,0,1,0.012555,1904,/Users/free_1/Library/Mobile Documents/iCloud~md~obsidian/Documents/cpp-checker/branch_3/artifacts/lca_tree_stress_v5/strong_gate_cf_exact_check_v4/runs/correctness_fuzz/broom_mixed/n64/seed4_L1_Q1
correctness_fuzz,broom_mixed,64,5,0,0,1,0,0,1,0.012218,1920,/Users/free_1/Library/Mobile Documents/iCloud~md~obsidian/Documents/cpp-checker/branch_3/artifacts/lca_tree_stress_v5/strong_gate_cf_exact_check_v4/runs/correctness_fuzz/broom_mixed/n64/seed5_L0_Q0
correctness_fuzz,broom_mixed,64,5,0,1,1,0,0,1,0.012552,1920,/Users/free_1/Library/Mobile Documents/iCloud~md~obsidian/Documents/cpp-checker/branch_3/artifacts/lca_tree_stress_v5/strong_gate_cf_exact_check_v4/runs/correctness_fuzz/broom_mixed/n64/seed5_L0_Q1
correctness_fuzz,broom_mixed,64,5,1,0,1,0,0,1,0.010704,1968,/Users/free_1/Library/Mobile Documents/iCloud~md~obsidian/Documents/cpp-checker/branch_3/artifacts/lca_tree_stress_v5/strong_gate_cf_exact_check_v4/runs/correctness_fuzz/broom_mixed/n64/seed5_L1_Q0
correctness_fuzz,broom_mixed,64,5,1,1,1,0,0,1,0.011197,1920,/Users/free_1/Library/Mobile Documents/iCloud~md~obsidian/Documents/cpp-checker/branch_3/artifacts/lca_tree_stress_v5/strong_gate_cf_exact_check_v4/runs/correctness_fuzz/broom_mixed/n64/seed5_L1_Q1
correctness_fuzz,broom_mixed,128,1,0,0,1,0,0,1,0.011102,2976,/Users/free_1/Library/Mobile Documents/iCloud~md~obsidian/Documents/cpp-checker/branch_3/artifacts/lca_tree_stress_v5/strong_gate_cf_exact_check_v4/runs/correctness_fuzz/broom_mixed/n128/seed1_L0_Q0
correctness_fuzz,broom_mixed,128,1,0,1,1,0,0,1,0.012563,2976,/Users/free_1/Library/Mobile Documents/iCloud~md~obsidian/Documents/cpp-checker/branch_3/artifacts/lca_tree_stress_v5/strong_gate_cf_exact_check_v4/runs/correctness_fuzz/broom_mixed/n128/seed1_L0_Q1
correctness_fuzz,broom_mixed,128,1,1,0,1,0,0,1,0.012554,2976,/Users/free_1/Library/Mobile Documents/iCloud~md~obsidian/Documents/cpp-checker/branch_3/artifacts/lca_tree_stress_v5/strong_gate_cf_exact_check_v4/runs/correctness_fuzz/broom_mixed/n128/seed1_L1_Q0
correctness_fuzz,broom_mixed,128,1,1,1,1,0,0,1,0.012548,2976,/Users/free_1/Library/Mobile Documents/iCloud~md~obsidian/Documents/cpp-checker/branch_3/artifacts/lca_tree_stress_v5/strong_gate_cf_exact_check_v4/runs/correctness_fuzz/broom_mixed/n128/seed1_L1_Q1
correctness_fuzz,broom_mixed,128,2,0,0,1,0,0,1,0.010134,2960,/Users/free_1/Library/Mobile Documents/iCloud~md~obsidian/Documents/cpp-checker/branch_3/artifacts/lca_tree_stress_v5/strong_gate_cf_exact_check_v4/runs/correctness_fuzz/broom_mixed/n128/seed2_L0_Q0
correctness_fuzz,broom_mixed,128,2,0,1,1,0,0,1,0.011302,2960,/Users/free_1/Library/Mobile Documents/iCloud~md~obsidian/Documents/cpp-checker/branch_3/artifacts/lca_tree_stress_v5/strong_gate_cf_exact_check_v4/runs/correctness_fuzz/broom_mixed/n128/seed2_L0_Q1
correctness_fuzz,broom_mixed,128,2,1,0,1,0,0,1,0.010783,2976,/Users/free_1/Library/Mobile Documents/iCloud~md~obsidian/Documents/cpp-checker/branch_3/artifacts/lca_tree_stress_v5/strong_gate_cf_exact_check_v4/runs/correctness_fuzz/broom_mixed/n128/seed2_L1_Q0
correctness_fuzz,broom_mixed,128,2,1,1,1,0,0,1,0.012556,2976,/Users/free_1/Library/Mobile Documents/iCloud~md~obsidian/Documents/cpp-checker/branch_3/artifacts/lca_tree_stress_v5/strong_gate_cf_exact_check_v4/runs/correctness_fuzz/broom_mixed/n128/seed2_L1_Q1
correctness_fuzz,broom_mixed,128,3,0,0,1,0,0,1,0.011560,2992,/Users/free_1/Library/Mobile Documents/iCloud~md~obsidian/Documents/cpp-checker/branch_3/artifacts/lca_tree_stress_v5/strong_gate_cf_exact_check_v4/runs/correctness_fuzz/broom_mixed/n128/seed3_L0_Q0
correctness_fuzz,broom_mixed,128,3,0,1,1,0,0,1,0.012441,2976,/Users/free_1/Library/Mobile Documents/iCloud~md~obsidian/Documents/cpp-checker/branch_3/artifacts/lca_tree_stress_v5/strong_gate_cf_exact_check_v4/runs/correctness_fuzz/broom_mixed/n128/seed3_L0_Q1
correctness_fuzz,broom_mixed,128,3,1,0,1,0,0,1,0.012583,2992,/Users/free_1/Library/Mobile Documents/iCloud~md~obsidian/Documents/cpp-checker/branch_3/artifacts/lca_tree_stress_v5/strong_gate_cf_exact_check_v4/runs/correctness_fuzz/broom_mixed/n128/seed3_L1_Q0
correctness_fuzz,broom_mixed,128,3,1,1,1,0,0,1,0.011043,2976,/Users/free_1/Library/Mobile Documents/iCloud~md~obsidian/Documents/cpp-checker/branch_3/artifacts/lca_tree_stress_v5/strong_gate_cf_exact_check_v4/runs/correctness_fuzz/broom_mixed/n128/seed3_L1_Q1
correctness_fuzz,broom_mixed,128,4,0,0,1,0,0,1,0.012554,2944,/Users/free_1/Library/Mobile Documents/iCloud~md~obsidian/Documents/cpp-checker/branch_3/artifacts/lca_tree_stress_v5/strong_gate_cf_exact_check_v4/runs/correctness_fuzz/broom_mixed/n128/seed4_L0_Q0
correctness_fuzz,broom_mixed,128,4,0,1,1,0,0,1,0.010409,2976,/Users/free_1/Library/Mobile Documents/iCloud~md~obsidian/Documents/cpp-checker/branch_3/artifacts/lca_tree_stress_v5/strong_gate_cf_exact_check_v4/runs/correctness_fuzz/broom_mixed/n128/seed4_L0_Q1
correctness_fuzz,broom_mixed,128,4,1,0,1,0,0,1,0.012553,2992,/Users/free_1/Library/Mobile Documents/iCloud~md~obsidian/Documents/cpp-checker/branch_3/artifacts/lca_tree_stress_v5/strong_gate_cf_exact_check_v4/runs/correctness_fuzz/broom_mixed/n128/seed4_L1_Q0
correctness_fuzz,broom_mixed,128,4,1,1,1,0,0,1,0.012554,2976,/Users/free_1/Library/Mobile Documents/iCloud~md~obsidian/Documents/cpp-checker/branch_3/artifacts/lca_tree_stress_v5/strong_gate_cf_exact_check_v4/runs/correctness_fuzz/broom_mixed/n128/seed4_L1_Q1
correctness_fuzz,broom_mixed,128,5,0,0,1,0,0,1,0.012550,2960,/Users/free_1/Library/Mobile Documents/iCloud~md~obsidian/Documents/cpp-checker/branch_3/artifacts/lca_tree_stress_v5/strong_gate_cf_exact_check_v4/runs/correctness_fuzz/broom_mixed/n128/seed5_L0_Q0
correctness_fuzz,broom_mixed,128,5,0,1,1,0,0,1,0.012554,2976,/Users/free_1/Library/Mobile Documents/iCloud~md~obsidian/Documents/cpp-checker/branch_3/artifacts/lca_tree_stress_v5/strong_gate_cf_exact_check_v4/runs/correctness_fuzz/broom_mixed/n128/seed5_L0_Q1
correctness_fuzz,broom_mixed,128,5,1,0,1,0,0,1,0.012553,2944,/Users/free_1/Library/Mobile Documents/iCloud~md~obsidian/Documents/cpp-checker/branch_3/artifacts/lca_tree_stress_v5/strong_gate_cf_exact_check_v4/runs/correctness_fuzz/broom_mixed/n128/seed5_L1_Q0
correctness_fuzz,broom_mixed,128,5,1,1,1,0,0,1,0.012567,2960,/Users/free_1/Library/Mobile Documents/iCloud~md~obsidian/Documents/cpp-checker/branch_3/artifacts/lca_tree_stress_v5/strong_gate_cf_exact_check_v4/runs/correctness_fuzz/broom_mixed/n128/seed5_L1_Q1
correctness_fuzz,broom_mixed,256,1,0,0,1,0,0,1,0.036507,8352,/Users/free_1/Library/Mobile Documents/iCloud~md~obsidian/Documents/cpp-checker/branch_3/artifacts/lca_tree_stress_v5/strong_gate_cf_exact_check_v4/runs/correctness_fuzz/broom_mixed/n256/seed1_L0_Q0
correctness_fuzz,broom_mixed,256,1,0,1,1,0,0,1,0.047322,8352,/Users/free_1/Library/Mobile Documents/iCloud~md~obsidian/Documents/cpp-checker/branch_3/artifacts/lca_tree_stress_v5/strong_gate_cf_exact_check_v4/runs/correctness_fuzz/broom_mixed/n256/seed1_L0_Q1
correctness_fuzz,broom_mixed,256,1,1,0,1,0,0,1,0.037682,8352,/Users/free_1/Library/Mobile Documents/iCloud~md~obsidian/Documents/cpp-checker/branch_3/artifacts/lca_tree_stress_v5/strong_gate_cf_exact_check_v4/runs/correctness_fuzz/broom_mixed/n256/seed1_L1_Q0
correctness_fuzz,broom_mixed,256,1,1,1,1,0,0,1,0.049626,8352,/Users/free_1/Library/Mobile Documents/iCloud~md~obsidian/Documents/cpp-checker/branch_3/artifacts/lca_tree_stress_v5/strong_gate_cf_exact_check_v4/runs/correctness_fuzz/broom_mixed/n256/seed1_L1_Q1
correctness_fuzz,broom_mixed,256,2,0,0,1,0,0,1,0.025095,8288,/Users/free_1/Library/Mobile Documents/iCloud~md~obsidian/Documents/cpp-checker/branch_3/artifacts/lca_tree_stress_v5/strong_gate_cf_exact_check_v4/runs/correctness_fuzz/broom_mixed/n256/seed2_L0_Q0
correctness_fuzz,broom_mixed,256,2,0,1,1,0,0,1,0.045315,8288,/Users/free_1/Library/Mobile Documents/iCloud~md~obsidian/Documents/cpp-checker/branch_3/artifacts/lca_tree_stress_v5/strong_gate_cf_exact_check_v4/runs/correctness_fuzz/broom_mixed/n256/seed2_L0_Q1
correctness_fuzz,broom_mixed,256,2,1,0,1,0,0,1,0.043494,8304,/Users/free_1/Library/Mobile Documents/iCloud~md~obsidian/Documents/cpp-checker/branch_3/artifacts/lca_tree_stress_v5/strong_gate_cf_exact_check_v4/runs/correctness_fuzz/broom_mixed/n256/seed2_L1_Q0
correctness_fuzz,broom_mixed,256,2,1,1,1,0,0,1,0.049356,8304,/Users/free_1/Library/Mobile Documents/iCloud~md~obsidian/Documents/cpp-checker/branch_3/artifacts/lca_tree_stress_v5/strong_gate_cf_exact_check_v4/runs/correctness_fuzz/broom_mixed/n256/seed2_L1_Q1
correctness_fuzz,broom_mixed,256,3,0,0,1,0,0,1,0.037055,8336,/Users/free_1/Library/Mobile Documents/iCloud~md~obsidian/Documents/cpp-checker/branch_3/artifacts/lca_tree_stress_v5/strong_gate_cf_exact_check_v4/runs/correctness_fuzz/broom_mixed/n256/seed3_L0_Q0
correctness_fuzz,broom_mixed,256,3,0,1,1,0,0,1,0.050222,8336,/Users/free_1/Library/Mobile Documents/iCloud~md~obsidian/Documents/cpp-checker/branch_3/artifacts/lca_tree_stress_v5/strong_gate_cf_exact_check_v4/runs/correctness_fuzz/broom_mixed/n256/seed3_L0_Q1
correctness_fuzz,broom_mixed,256,3,1,0,1,0,0,1,0.035505,8320,/Users/free_1/Library/Mobile Documents/iCloud~md~obsidian/Documents/cpp-checker/branch_3/artifacts/lca_tree_stress_v5/strong_gate_cf_exact_check_v4/runs/correctness_fuzz/broom_mixed/n256/seed3_L1_Q0
correctness_fuzz,broom_mixed,256,3,1,1,1,0,0,1,0.054680,8304,/Users/free_1/Library/Mobile Documents/iCloud~md~obsidian/Documents/cpp-checker/branch_3/artifacts/lca_tree_stress_v5/strong_gate_cf_exact_check_v4/runs/correctness_fuzz/broom_mixed/n256/seed3_L1_Q1
correctness_fuzz,broom_mixed,256,4,0,0,1,0,0,1,0.036803,8400,/Users/free_1/Library/Mobile Documents/iCloud~md~obsidian/Documents/cpp-checker/branch_3/artifacts/lca_tree_stress_v5/strong_gate_cf_exact_check_v4/runs/correctness_fuzz/broom_mixed/n256/seed4_L0_Q0
correctness_fuzz,broom_mixed,256,4,0,1,1,0,0,1,0.049095,8400,/Users/free_1/Library/Mobile Documents/iCloud~md~obsidian/Documents/cpp-checker/branch_3/artifacts/lca_tree_stress_v5/strong_gate_cf_exact_check_v4/runs/correctness_fuzz/broom_mixed/n256/seed4_L0_Q1
correctness_fuzz,broom_mixed,256,4,1,0,1,0,0,1,0.036145,8384,/Users/free_1/Library/Mobile Documents/iCloud~md~obsidian/Documents/cpp-checker/branch_3/artifacts/lca_tree_stress_v5/strong_gate_cf_exact_check_v4/runs/correctness_fuzz/broom_mixed/n256/seed4_L1_Q0
correctness_fuzz,broom_mixed,256,4,1,1,1,0,0,1,0.047419,8400,/Users/free_1/Library/Mobile Documents/iCloud~md~obsidian/Documents/cpp-checker/branch_3/artifacts/lca_tree_stress_v5/strong_gate_cf_exact_check_v4/runs/correctness_fuzz/broom_mixed/n256/seed4_L1_Q1
correctness_fuzz,broom_mixed,256,5,0,0,1,0,0,1,0.036968,8320,/Users/free_1/Library/Mobile Documents/iCloud~md~obsidian/Documents/cpp-checker/branch_3/artifacts/lca_tree_stress_v5/strong_gate_cf_exact_check_v4/runs/correctness_fuzz/broom_mixed/n256/seed5_L0_Q0
correctness_fuzz,broom_mixed,256,5,0,1,1,0,0,1,0.045854,8336,/Users/free_1/Library/Mobile Documents/iCloud~md~obsidian/Documents/cpp-checker/branch_3/artifacts/lca_tree_stress_v5/strong_gate_cf_exact_check_v4/runs/correctness_fuzz/broom_mixed/n256/seed5_L0_Q1
correctness_fuzz,broom_mixed,256,5,1,0,1,0,0,1,0.037646,8336,/Users/free_1/Library/Mobile Documents/iCloud~md~obsidian/Documents/cpp-checker/branch_3/artifacts/lca_tree_stress_v5/strong_gate_cf_exact_check_v4/runs/correctness_fuzz/broom_mixed/n256/seed5_L1_Q0
correctness_fuzz,broom_mixed,256,5,1,1,1,0,0,1,0.050207,8336,/Users/free_1/Library/Mobile Documents/iCloud~md~obsidian/Documents/cpp-checker/branch_3/artifacts/lca_tree_stress_v5/strong_gate_cf_exact_check_v4/runs/correctness_fuzz/broom_mixed/n256/seed5_L1_Q1
correctness_fuzz,broom_mixed,512,1,0,0,1,0,0,1,0.158944,37040,/Users/free_1/Library/Mobile Documents/iCloud~md~obsidian/Documents/cpp-checker/branch_3/artifacts/lca_tree_stress_v5/strong_gate_cf_exact_check_v4/runs/correctness_fuzz/broom_mixed/n512/seed1_L0_Q0
correctness_fuzz,broom_mixed,512,1,0,1,1,0,0,1,0.258506,37008,/Users/free_1/Library/Mobile Documents/iCloud~md~obsidian/Documents/cpp-checker/branch_3/artifacts/lca_tree_stress_v5/strong_gate_cf_exact_check_v4/runs/correctness_fuzz/broom_mixed/n512/seed1_L0_Q1
correctness_fuzz,broom_mixed,512,1,1,0,1,0,0,1,0.194107,37072,/Users/free_1/Library/Mobile Documents/iCloud~md~obsidian/Documents/cpp-checker/branch_3/artifacts/lca_tree_stress_v5/strong_gate_cf_exact_check_v4/runs/correctness_fuzz/broom_mixed/n512/seed1_L1_Q0
correctness_fuzz,broom_mixed,512,1,1,1,1,0,0,1,0.236266,37072,/Users/free_1/Library/Mobile Documents/iCloud~md~obsidian/Documents/cpp-checker/branch_3/artifacts/lca_tree_stress_v5/strong_gate_cf_exact_check_v4/runs/correctness_fuzz/broom_mixed/n512/seed1_L1_Q1
correctness_fuzz,broom_mixed,512,2,0,0,1,0,0,1,0.146985,36992,/Users/free_1/Library/Mobile Documents/iCloud~md~obsidian/Documents/cpp-checker/branch_3/artifacts/lca_tree_stress_v5/strong_gate_cf_exact_check_v4/runs/correctness_fuzz/broom_mixed/n512/seed2_L0_Q0
correctness_fuzz,broom_mixed,512,2,0,1,1,0,0,1,0.240053,36928,/Users/free_1/Library/Mobile Documents/iCloud~md~obsidian/Documents/cpp-checker/branch_3/artifacts/lca_tree_stress_v5/strong_gate_cf_exact_check_v4/runs/correctness_fuzz/broom_mixed/n512/seed2_L0_Q1
correctness_fuzz,broom_mixed,512,2,1,0,1,0,0,1,0.185521,36896,/Users/free_1/Library/Mobile Documents/iCloud~md~obsidian/Documents/cpp-checker/branch_3/artifacts/lca_tree_stress_v5/strong_gate_cf_exact_check_v4/runs/correctness_fuzz/broom_mixed/n512/seed2_L1_Q0
correctness_fuzz,broom_mixed,512,2,1,1,1,0,0,1,0.236151,36896,/Users/free_1/Library/Mobile Documents/iCloud~md~obsidian/Documents/cpp-checker/branch_3/artifacts/lca_tree_stress_v5/strong_gate_cf_exact_check_v4/runs/correctness_fuzz/broom_mixed/n512/seed2_L1_Q1
correctness_fuzz,broom_mixed,512,3,0,0,1,0,0,1,0.147085,36960,/Users/free_1/Library/Mobile Documents/iCloud~md~obsidian/Documents/cpp-checker/branch_3/artifacts/lca_tree_stress_v5/strong_gate_cf_exact_check_v4/runs/correctness_fuzz/broom_mixed/n512/seed3_L0_Q0
correctness_fuzz,broom_mixed,512,3,0,1,1,0,0,1,0.261735,36976,/Users/free_1/Library/Mobile Documents/iCloud~md~obsidian/Documents/cpp-checker/branch_3/artifacts/lca_tree_stress_v5/strong_gate_cf_exact_check_v4/runs/correctness_fuzz/broom_mixed/n512/seed3_L0_Q1
correctness_fuzz,broom_mixed,512,3,1,0,1,0,0,1,0.192020,36944,/Users/free_1/Library/Mobile Documents/iCloud~md~obsidian/Documents/cpp-checker/branch_3/artifacts/lca_tree_stress_v5/strong_gate_cf_exact_check_v4/runs/correctness_fuzz/broom_mixed/n512/seed3_L1_Q0
correctness_fuzz,broom_mixed,512,3,1,1,1,0,0,1,0.236713,36944,/Users/free_1/Library/Mobile Documents/iCloud~md~obsidian/Documents/cpp-checker/branch_3/artifacts/lca_tree_stress_v5/strong_gate_cf_exact_check_v4/runs/correctness_fuzz/broom_mixed/n512/seed3_L1_Q1
correctness_fuzz,broom_mixed,512,4,0,0,1,0,0,1,0.150754,37120,/Users/free_1/Library/Mobile Documents/iCloud~md~obsidian/Documents/cpp-checker/branch_3/artifacts/lca_tree_stress_v5/strong_gate_cf_exact_check_v4/runs/correctness_fuzz/broom_mixed/n512/seed4_L0_Q0
correctness_fuzz,broom_mixed,512,4,0,1,1,0,0,1,0.255408,37120,/Users/free_1/Library/Mobile Documents/iCloud~md~obsidian/Documents/cpp-checker/branch_3/artifacts/lca_tree_stress_v5/strong_gate_cf_exact_check_v4/runs/correctness_fuzz/broom_mixed/n512/seed4_L0_Q1
correctness_fuzz,broom_mixed,512,4,1,0,1,0,0,1,0.195296,37088,/Users/free_1/Library/Mobile Documents/iCloud~md~obsidian/Documents/cpp-checker/branch_3/artifacts/lca_tree_stress_v5/strong_gate_cf_exact_check_v4/runs/correctness_fuzz/broom_mixed/n512/seed4_L1_Q0
correctness_fuzz,broom_mixed,512,4,1,1,1,0,0,1,0.244652,37040,/Users/free_1/Library/Mobile Documents/iCloud~md~obsidian/Documents/cpp-checker/branch_3/artifacts/lca_tree_stress_v5/strong_gate_cf_exact_check_v4/runs/correctness_fuzz/broom_mixed/n512/seed4_L1_Q1
correctness_fuzz,broom_mixed,512,5,0,0,1,0,0,1,0.145354,36928,/Users/free_1/Library/Mobile Documents/iCloud~md~obsidian/Documents/cpp-checker/branch_3/artifacts/lca_tree_stress_v5/strong_gate_cf_exact_check_v4/runs/correctness_fuzz/broom_mixed/n512/seed5_L0_Q0
correctness_fuzz,broom_mixed,512,5,0,1,1,0,0,1,0.233564,36944,/Users/free_1/Library/Mobile Documents/iCloud~md~obsidian/Documents/cpp-checker/branch_3/artifacts/lca_tree_stress_v5/strong_gate_cf_exact_check_v4/runs/correctness_fuzz/broom_mixed/n512/seed5_L0_Q1
correctness_fuzz,broom_mixed,512,5,1,0,1,0,0,1,0.194574,36944,/Users/free_1/Library/Mobile Documents/iCloud~md~obsidian/Documents/cpp-checker/branch_3/artifacts/lca_tree_stress_v5/strong_gate_cf_exact_check_v4/runs/correctness_fuzz/broom_mixed/n512/seed5_L1_Q0
correctness_fuzz,broom_mixed,512,5,1,1,1,0,0,1,0.232366,36992,/Users/free_1/Library/Mobile Documents/iCloud~md~obsidian/Documents/cpp-checker/branch_3/artifacts/lca_tree_stress_v5/strong_gate_cf_exact_check_v4/runs/correctness_fuzz/broom_mixed/n512/seed5_L1_Q1
correctness_fuzz,broom_mixed,1024,1,0,0,1,0,0,1,0.979176,216016,/Users/free_1/Library/Mobile Documents/iCloud~md~obsidian/Documents/cpp-checker/branch_3/artifacts/lca_tree_stress_v5/strong_gate_cf_exact_check_v4/runs/correctness_fuzz/broom_mixed/n1024/seed1_L0_Q0
correctness_fuzz,broom_mixed,1024,1,0,1,1,0,0,1,1.425067,216016,/Users/free_1/Library/Mobile Documents/iCloud~md~obsidian/Documents/cpp-checker/branch_3/artifacts/lca_tree_stress_v5/strong_gate_cf_exact_check_v4/runs/correctness_fuzz/broom_mixed/n1024/seed1_L0_Q1
correctness_fuzz,broom_mixed,1024,1,1,0,1,0,0,1,1.154140,215984,/Users/free_1/Library/Mobile Documents/iCloud~md~obsidian/Documents/cpp-checker/branch_3/artifacts/lca_tree_stress_v5/strong_gate_cf_exact_check_v4/runs/correctness_fuzz/broom_mixed/n1024/seed1_L1_Q0
correctness_fuzz,broom_mixed,1024,1,1,1,1,0,0,1,1.397458,216016,/Users/free_1/Library/Mobile Documents/iCloud~md~obsidian/Documents/cpp-checker/branch_3/artifacts/lca_tree_stress_v5/strong_gate_cf_exact_check_v4/runs/correctness_fuzz/broom_mixed/n1024/seed1_L1_Q1
correctness_fuzz,broom_mixed,1024,2,0,0,1,0,0,1,1.132168,215984,/Users/free_1/Library/Mobile Documents/iCloud~md~obsidian/Documents/cpp-checker/branch_3/artifacts/lca_tree_stress_v5/strong_gate_cf_exact_check_v4/runs/correctness_fuzz/broom_mixed/n1024/seed2_L0_Q0
correctness_fuzz,broom_mixed,1024,2,0,1,1,0,0,1,1.492599,215952,/Users/free_1/Library/Mobile Documents/iCloud~md~obsidian/Documents/cpp-checker/branch_3/artifacts/lca_tree_stress_v5/strong_gate_cf_exact_check_v4/runs/correctness_fuzz/broom_mixed/n1024/seed2_L0_Q1
correctness_fuzz,broom_mixed,1024,2,1,0,1,-9,1,0,,,/Users/free_1/Library/Mobile Documents/iCloud~md~obsidian/Documents/cpp-checker/branch_3/artifacts/lca_tree_stress_v5/strong_gate_cf_exact_check_v4/runs/correctness_fuzz/broom_mixed/n1024/seed2_L1_Q0
correctness_fuzz,broom_mixed,1024,2,1,1,1,0,0,1,1.655760,215936,/Users/free_1/Library/Mobile Documents/iCloud~md~obsidian/Documents/cpp-checker/branch_3/artifacts/lca_tree_stress_v5/strong_gate_cf_exact_check_v4/runs/correctness_fuzz/broom_mixed/n1024/seed2_L1_Q1
correctness_fuzz,broom_mixed,1024,3,0,0,1,0,0,1,1.167831,215808,/Users/free_1/Library/Mobile Documents/iCloud~md~obsidian/Documents/cpp-checker/branch_3/artifacts/lca_tree_stress_v5/strong_gate_cf_exact_check_v4/runs/correctness_fuzz/broom_mixed/n1024/seed3_L0_Q0
correctness_fuzz,broom_mixed,1024,3,0,1,1,0,0,1,1.959557,215776,/Users/free_1/Library/Mobile Documents/iCloud~md~obsidian/Documents/cpp-checker/branch_3/artifacts/lca_tree_stress_v5/strong_gate_cf_exact_check_v4/runs/correctness_fuzz/broom_mixed/n1024/seed3_L0_Q1
correctness_fuzz,broom_mixed,1024,3,1,0,1,0,0,1,1.357995,215824,/Users/free_1/Library/Mobile Documents/iCloud~md~obsidian/Documents/cpp-checker/branch_3/artifacts/lca_tree_stress_v5/strong_gate_cf_exact_check_v4/runs/correctness_fuzz/broom_mixed/n1024/seed3_L1_Q0
correctness_fuzz,broom_mixed,1024,3,1,1,1,0,0,1,1.858082,215824,/Users/free_1/Library/Mobile Documents/iCloud~md~obsidian/Documents/cpp-checker/branch_3/artifacts/lca_tree_stress_v5/strong_gate_cf_exact_check_v4/runs/correctness_fuzz/broom_mixed/n1024/seed3_L1_Q1
correctness_fuzz,broom_mixed,1024,4,0,0,1,0,0,1,1.133194,216080,/Users/free_1/Library/Mobile Documents/iCloud~md~obsidian/Documents/cpp-checker/branch_3/artifacts/lca_tree_stress_v5/strong_gate_cf_exact_check_v4/runs/correctness_fuzz/broom_mixed/n1024/seed4_L0_Q0
correctness_fuzz,broom_mixed,1024,4,0,1,1,0,0,1,1.647270,216112,/Users/free_1/Library/Mobile Documents/iCloud~md~obsidian/Documents/cpp-checker/branch_3/artifacts/lca_tree_stress_v5/strong_gate_cf_exact_check_v4/runs/correctness_fuzz/broom_mixed/n1024/seed4_L0_Q1
correctness_fuzz,broom_mixed,1024,4,1,0,1,0,0,1,1.535941,216080,/Users/free_1/Library/Mobile Documents/iCloud~md~obsidian/Documents/cpp-checker/branch_3/artifacts/lca_tree_stress_v5/strong_gate_cf_exact_check_v4/runs/correctness_fuzz/broom_mixed/n1024/seed4_L1_Q0
correctness_fuzz,broom_mixed,1024,4,1,1,1,0,0,1,1.797306,216064,/Users/free_1/Library/Mobile Documents/iCloud~md~obsidian/Documents/cpp-checker/branch_3/artifacts/lca_tree_stress_v5/strong_gate_cf_exact_check_v4/runs/correctness_fuzz/broom_mixed/n1024/seed4_L1_Q1
correctness_fuzz,broom_mixed,1024,5,0,0,1,0,0,1,1.070882,216112,/Users/free_1/Library/Mobile Documents/iCloud~md~obsidian/Documents/cpp-checker/branch_3/artifacts/lca_tree_stress_v5/strong_gate_cf_exact_check_v4/runs/correctness_fuzz/broom_mixed/n1024/seed5_L0_Q0
correctness_fuzz,broom_mixed,1024,5,0,1,1,0,0,1,1.694997,216064,/Users/free_1/Library/Mobile Documents/iCloud~md~obsidian/Documents/cpp-checker/branch_3/artifacts/lca_tree_stress_v5/strong_gate_cf_exact_check_v4/runs/correctness_fuzz/broom_mixed/n1024/seed5_L0_Q1
correctness_fuzz,broom_mixed,1024,5,1,0,1,0,0,1,1.382458,216096,/Users/free_1/Library/Mobile Documents/iCloud~md~obsidian/Documents/cpp-checker/branch_3/artifacts/lca_tree_stress_v5/strong_gate_cf_exact_check_v4/runs/correctness_fuzz/broom_mixed/n1024/seed5_L1_Q0
correctness_fuzz,broom_mixed,1024,5,1,1,1,0,0,1,1.661109,216096,/Users/free_1/Library/Mobile Documents/iCloud~md~obsidian/Documents/cpp-checker/branch_3/artifacts/lca_tree_stress_v5/strong_gate_cf_exact_check_v4/runs/correctness_fuzz/broom_mixed/n1024/seed5_L1_Q1
correctness_fuzz,caterpillar_rect_dense,64,1,0,0,1,0,0,1,0.012640,1776,/Users/free_1/Library/Mobile Documents/iCloud~md~obsidian/Documents/cpp-checker/branch_3/artifacts/lca_tree_stress_v5/strong_gate_cf_exact_check_v4/runs/correctness_fuzz/caterpillar_rect_dense/n64/seed1_L0_Q0
correctness_fuzz,caterpillar_rect_dense,64,1,0,1,1,0,0,1,0.012573,1792,/Users/free_1/Library/Mobile Documents/iCloud~md~obsidian/Documents/cpp-checker/branch_3/artifacts/lca_tree_stress_v5/strong_gate_cf_exact_check_v4/runs/correctness_fuzz/caterpillar_rect_dense/n64/seed1_L0_Q1
correctness_fuzz,caterpillar_rect_dense,64,1,1,0,1,0,0,1,0.012586,1776,/Users/free_1/Library/Mobile Documents/iCloud~md~obsidian/Documents/cpp-checker/branch_3/artifacts/lca_tree_stress_v5/strong_gate_cf_exact_check_v4/runs/correctness_fuzz/caterpillar_rect_dense/n64/seed1_L1_Q0
correctness_fuzz,caterpillar_rect_dense,64,1,1,1,1,0,0,1,0.011573,1792,/Users/free_1/Library/Mobile Documents/iCloud~md~obsidian/Documents/cpp-checker/branch_3/artifacts/lca_tree_stress_v5/strong_gate_cf_exact_check_v4/runs/correctness_fuzz/caterpillar_rect_dense/n64/seed1_L1_Q1
correctness_fuzz,caterpillar_rect_dense,64,2,0,0,1,0,0,1,0.012586,1776,/Users/free_1/Library/Mobile Documents/iCloud~md~obsidian/Documents/cpp-checker/branch_3/artifacts/lca_tree_stress_v5/strong_gate_cf_exact_check_v4/runs/correctness_fuzz/caterpillar_rect_dense/n64/seed2_L0_Q0
correctness_fuzz,caterpillar_rect_dense,64,2,0,1,1,0,0,1,0.011337,1792,/Users/free_1/Library/Mobile Documents/iCloud~md~obsidian/Documents/cpp-checker/branch_3/artifacts/lca_tree_stress_v5/strong_gate_cf_exact_check_v4/runs/correctness_fuzz/caterpillar_rect_dense/n64/seed2_L0_Q1
correctness_fuzz,caterpillar_rect_dense,64,2,1,0,1,0,0,1,0.012588,1776,/Users/free_1/Library/Mobile Documents/iCloud~md~obsidian/Documents/cpp-checker/branch_3/artifacts/lca_tree_stress_v5/strong_gate_cf_exact_check_v4/runs/correctness_fuzz/caterpillar_rect_dense/n64/seed2_L1_Q0
correctness_fuzz,caterpillar_rect_dense,64,2,1,1,1,0,0,1,0.012580,1808,/Users/free_1/Library/Mobile Documents/iCloud~md~obsidian/Documents/cpp-checker/branch_3/artifacts/lca_tree_stress_v5/strong_gate_cf_exact_check_v4/runs/correctness_fuzz/caterpillar_rect_dense/n64/seed2_L1_Q1
correctness_fuzz,caterpillar_rect_dense,64,3,0,0,1,0,0,1,0.011176,1776,/Users/free_1/Library/Mobile Documents/iCloud~md~obsidian/Documents/cpp-checker/branch_3/artifacts/lca_tree_stress_v5/strong_gate_cf_exact_check_v4/runs/correctness_fuzz/caterpillar_rect_dense/n64/seed3_L0_Q0
correctness_fuzz,caterpillar_rect_dense,64,3,0,1,1,0,0,1,0.011579,1776,/Users/free_1/Library/Mobile Documents/iCloud~md~obsidian/Documents/cpp-checker/branch_3/artifacts/lca_tree_stress_v5/strong_gate_cf_exact_check_v4/runs/correctness_fuzz/caterpillar_rect_dense/n64/seed3_L0_Q1
correctness_fuzz,caterpillar_rect_dense,64,3,1,0,1,0,0,1,0.011622,1776,/Users/free_1/Library/Mobile Documents/iCloud~md~obsidian/Documents/cpp-checker/branch_3/artifacts/lca_tree_stress_v5/strong_gate_cf_exact_check_v4/runs/correctness_fuzz/caterpillar_rect_dense/n64/seed3_L1_Q0
correctness_fuzz,caterpillar_rect_dense,64,3,1,1,1,0,0,1,0.012601,1808,/Users/free_1/Library/Mobile Documents/iCloud~md~obsidian/Documents/cpp-checker/branch_3/artifacts/lca_tree_stress_v5/strong_gate_cf_exact_check_v4/runs/correctness_fuzz/caterpillar_rect_dense/n64/seed3_L1_Q1
correctness_fuzz,caterpillar_rect_dense,64,4,0,0,1,0,0,1,0.011048,1776,/Users/free_1/Library/Mobile Documents/iCloud~md~obsidian/Documents/cpp-checker/branch_3/artifacts/lca_tree_stress_v5/strong_gate_cf_exact_check_v4/runs/correctness_fuzz/caterpillar_rect_dense/n64/seed4_L0_Q0
correctness_fuzz,caterpillar_rect_dense,64,4,0,1,1,0,0,1,0.012588,1776,/Users/free_1/Library/Mobile Documents/iCloud~md~obsidian/Documents/cpp-checker/branch_3/artifacts/lca_tree_stress_v5/strong_gate_cf_exact_check_v4/runs/correctness_fuzz/caterpillar_rect_dense/n64/seed4_L0_Q1
correctness_fuzz,caterpillar_rect_dense,64,4,1,0,1,0,0,1,0.010482,1776,/Users/free_1/Library/Mobile Documents/iCloud~md~obsidian/Documents/cpp-checker/branch_3/artifacts/lca_tree_stress_v5/strong_gate_cf_exact_check_v4/runs/correctness_fuzz/caterpillar_rect_dense/n64/seed4_L1_Q0
correctness_fuzz,caterpillar_rect_dense,64,4,1,1,1,0,0,1,0.012581,1792,/Users/free_1/Library/Mobile Documents/iCloud~md~obsidian/Documents/cpp-checker/branch_3/artifacts/lca_tree_stress_v5/strong_gate_cf_exact_check_v4/runs/correctness_fuzz/caterpillar_rect_dense/n64/seed4_L1_Q1
correctness_fuzz,caterpillar_rect_dense,64,5,0,0,1,0,0,1,0.012473,1776,/Users/free_1/Library/Mobile Documents/iCloud~md~obsidian/Documents/cpp-checker/branch_3/artifacts/lca_tree_stress_v5/strong_gate_cf_exact_check_v4/runs/correctness_fuzz/caterpillar_rect_dense/n64/seed5_L0_Q0
correctness_fuzz,caterpillar_rect_dense,64,5,0,1,1,0,0,1,0.012613,1776,/Users/free_1/Library/Mobile Documents/iCloud~md~obsidian/Documents/cpp-checker/branch_3/artifacts/lca_tree_stress_v5/strong_gate_cf_exact_check_v4/runs/correctness_fuzz/caterpillar_rect_dense/n64/seed5_L0_Q1
correctness_fuzz,caterpillar_rect_dense,64,5,1,0,1,0,0,1,0.012579,1760,/Users/free_1/Library/Mobile Documents/iCloud~md~obsidian/Documents/cpp-checker/branch_3/artifacts/lca_tree_stress_v5/strong_gate_cf_exact_check_v4/runs/correctness_fuzz/caterpillar_rect_dense/n64/seed5_L1_Q0
correctness_fuzz,caterpillar_rect_dense,64,5,1,1,1,0,0,1,0.012586,1776,/Users/free_1/Library/Mobile Documents/iCloud~md~obsidian/Documents/cpp-checker/branch_3/artifacts/lca_tree_stress_v5/strong_gate_cf_exact_check_v4/runs/correctness_fuzz/caterpillar_rect_dense/n64/seed5_L1_Q1
correctness_fuzz,caterpillar_rect_dense,128,1,0,0,1,0,0,1,0.025262,2528,/Users/free_1/Library/Mobile Documents/iCloud~md~obsidian/Documents/cpp-checker/branch_3/artifacts/lca_tree_stress_v5/strong_gate_cf_exact_check_v4/runs/correctness_fuzz/caterpillar_rect_dense/n128/seed1_L0_Q0
correctness_fuzz,caterpillar_rect_dense,128,1,0,1,1,0,0,1,0.012579,2544,/Users/free_1/Library/Mobile Documents/iCloud~md~obsidian/Documents/cpp-checker/branch_3/artifacts/lca_tree_stress_v5/strong_gate_cf_exact_check_v4/runs/correctness_fuzz/caterpillar_rect_dense/n128/seed1_L0_Q1
correctness_fuzz,caterpillar_rect_dense,128,1,1,0,1,0,0,1,0.012589,2544,/Users/free_1/Library/Mobile Documents/iCloud~md~obsidian/Documents/cpp-checker/branch_3/artifacts/lca_tree_stress_v5/strong_gate_cf_exact_check_v4/runs/correctness_fuzz/caterpillar_rect_dense/n128/seed1_L1_Q0
correctness_fuzz,caterpillar_rect_dense,128,1,1,1,1,0,0,1,0.012617,2576,/Users/free_1/Library/Mobile Documents/iCloud~md~obsidian/Documents/cpp-checker/branch_3/artifacts/lca_tree_stress_v5/strong_gate_cf_exact_check_v4/runs/correctness_fuzz/caterpillar_rect_dense/n128/seed1_L1_Q1
correctness_fuzz,caterpillar_rect_dense,128,2,0,0,1,0,0,1,0.012589,2576,/Users/free_1/Library/Mobile Documents/iCloud~md~obsidian/Documents/cpp-checker/branch_3/artifacts/lca_tree_stress_v5/strong_gate_cf_exact_check_v4/runs/correctness_fuzz/caterpillar_rect_dense/n128/seed2_L0_Q0
correctness_fuzz,caterpillar_rect_dense,128,2,0,1,1,0,0,1,0.010913,2560,/Users/free_1/Library/Mobile Documents/iCloud~md~obsidian/Documents/cpp-checker/branch_3/artifacts/lca_tree_stress_v5/strong_gate_cf_exact_check_v4/runs/correctness_fuzz/caterpillar_rect_dense/n128/seed2_L0_Q1
correctness_fuzz,caterpillar_rect_dense,128,2,1,0,1,0,0,1,0.012726,2560,/Users/free_1/Library/Mobile Documents/iCloud~md~obsidian/Documents/cpp-checker/branch_3/artifacts/lca_tree_stress_v5/strong_gate_cf_exact_check_v4/runs/correctness_fuzz/caterpillar_rect_dense/n128/seed2_L1_Q0
correctness_fuzz,caterpillar_rect_dense,128,2,1,1,1,0,0,1,0.012578,2544,/Users/free_1/Library/Mobile Documents/iCloud~md~obsidian/Documents/cpp-checker/branch_3/artifacts/lca_tree_stress_v5/strong_gate_cf_exact_check_v4/runs/correctness_fuzz/caterpillar_rect_dense/n128/seed2_L1_Q1
correctness_fuzz,caterpillar_rect_dense,128,3,0,0,1,0,0,1,0.011148,2544,/Users/free_1/Library/Mobile Documents/iCloud~md~obsidian/Documents/cpp-checker/branch_3/artifacts/lca_tree_stress_v5/strong_gate_cf_exact_check_v4/runs/correctness_fuzz/caterpillar_rect_dense/n128/seed3_L0_Q0
correctness_fuzz,caterpillar_rect_dense,128,3,0,1,1,0,0,1,0.012585,2544,/Users/free_1/Library/Mobile Documents/iCloud~md~obsidian/Documents/cpp-checker/branch_3/artifacts/lca_tree_stress_v5/strong_gate_cf_exact_check_v4/runs/correctness_fuzz/caterpillar_rect_dense/n128/seed3_L0_Q1
correctness_fuzz,caterpillar_rect_dense,128,3,1,0,1,0,0,1,0.012592,2544,/Users/free_1/Library/Mobile Documents/iCloud~md~obsidian/Documents/cpp-checker/branch_3/artifacts/lca_tree_stress_v5/strong_gate_cf_exact_check_v4/runs/correctness_fuzz/caterpillar_rect_dense/n128/seed3_L1_Q0
correctness_fuzz,caterpillar_rect_dense,128,3,1,1,1,0,0,1,0.012610,2576,/Users/free_1/Library/Mobile Documents/iCloud~md~obsidian/Documents/cpp-checker/branch_3/artifacts/lca_tree_stress_v5/strong_gate_cf_exact_check_v4/runs/correctness_fuzz/caterpillar_rect_dense/n128/seed3_L1_Q1
correctness_fuzz,caterpillar_rect_dense,128,4,0,0,1,0,0,1,0.012043,2608,/Users/free_1/Library/Mobile Documents/iCloud~md~obsidian/Documents/cpp-checker/branch_3/artifacts/lca_tree_stress_v5/strong_gate_cf_exact_check_v4/runs/correctness_fuzz/caterpillar_rect_dense/n128/seed4_L0_Q0
correctness_fuzz,caterpillar_rect_dense,128,4,0,1,1,0,0,1,0.022834,2576,/Users/free_1/Library/Mobile Documents/iCloud~md~obsidian/Documents/cpp-checker/branch_3/artifacts/lca_tree_stress_v5/strong_gate_cf_exact_check_v4/runs/correctness_fuzz/caterpillar_rect_dense/n128/seed4_L0_Q1
correctness_fuzz,caterpillar_rect_dense,128,4,1,0,1,0,0,1,0.012590,2544,/Users/free_1/Library/Mobile Documents/iCloud~md~obsidian/Documents/cpp-checker/branch_3/artifacts/lca_tree_stress_v5/strong_gate_cf_exact_check_v4/runs/correctness_fuzz/caterpillar_rect_dense/n128/seed4_L1_Q0
correctness_fuzz,caterpillar_rect_dense,128,4,1,1,1,0,0,1,0.012177,2576,/Users/free_1/Library/Mobile Documents/iCloud~md~obsidian/Documents/cpp-checker/branch_3/artifacts/lca_tree_stress_v5/strong_gate_cf_exact_check_v4/runs/correctness_fuzz/caterpillar_rect_dense/n128/seed4_L1_Q1
correctness_fuzz,caterpillar_rect_dense,128,5,0,0,1,0,0,1,0.012606,2528,/Users/free_1/Library/Mobile Documents/iCloud~md~obsidian/Documents/cpp-checker/branch_3/artifacts/lca_tree_stress_v5/strong_gate_cf_exact_check_v4/runs/correctness_fuzz/caterpillar_rect_dense/n128/seed5_L0_Q0
correctness_fuzz,caterpillar_rect_dense,128,5,0,1,1,0,0,1,0.012575,2512,/Users/free_1/Library/Mobile Documents/iCloud~md~obsidian/Documents/cpp-checker/branch_3/artifacts/lca_tree_stress_v5/strong_gate_cf_exact_check_v4/runs/correctness_fuzz/caterpillar_rect_dense/n128/seed5_L0_Q1
correctness_fuzz,caterpillar_rect_dense,128,5,1,0,1,0,0,1,0.012994,2544,/Users/free_1/Library/Mobile Documents/iCloud~md~obsidian/Documents/cpp-checker/branch_3/artifacts/lca_tree_stress_v5/strong_gate_cf_exact_check_v4/runs/correctness_fuzz/caterpillar_rect_dense/n128/seed5_L1_Q0
correctness_fuzz,caterpillar_rect_dense,128,5,1,1,1,0,0,1,0.012593,2544,/Users/free_1/Library/Mobile Documents/iCloud~md~obsidian/Documents/cpp-checker/branch_3/artifacts/lca_tree_stress_v5/strong_gate_cf_exact_check_v4/runs/correctness_fuzz/caterpillar_rect_dense/n128/seed5_L1_Q1
correctness_fuzz,caterpillar_rect_dense,256,1,0,0,1,0,0,1,0.033874,5616,/Users/free_1/Library/Mobile Documents/iCloud~md~obsidian/Documents/cpp-checker/branch_3/artifacts/lca_tree_stress_v5/strong_gate_cf_exact_check_v4/runs/correctness_fuzz/caterpillar_rect_dense/n256/seed1_L0_Q0
correctness_fuzz,caterpillar_rect_dense,256,1,0,1,1,0,0,1,0.036844,5632,/Users/free_1/Library/Mobile Documents/iCloud~md~obsidian/Documents/cpp-checker/branch_3/artifacts/lca_tree_stress_v5/strong_gate_cf_exact_check_v4/runs/correctness_fuzz/caterpillar_rect_dense/n256/seed1_L0_Q1
correctness_fuzz,caterpillar_rect_dense,256,1,1,0,1,0,0,1,0.035404,5648,/Users/free_1/Library/Mobile Documents/iCloud~md~obsidian/Documents/cpp-checker/branch_3/artifacts/lca_tree_stress_v5/strong_gate_cf_exact_check_v4/runs/correctness_fuzz/caterpillar_rect_dense/n256/seed1_L1_Q0
correctness_fuzz,caterpillar_rect_dense,256,1,1,1,1,0,0,1,0.037669,5616,/Users/free_1/Library/Mobile Documents/iCloud~md~obsidian/Documents/cpp-checker/branch_3/artifacts/lca_tree_stress_v5/strong_gate_cf_exact_check_v4/runs/correctness_fuzz/caterpillar_rect_dense/n256/seed1_L1_Q1
correctness_fuzz,caterpillar_rect_dense,256,2,0,0,1,0,0,1,0.035766,5600,/Users/free_1/Library/Mobile Documents/iCloud~md~obsidian/Documents/cpp-checker/branch_3/artifacts/lca_tree_stress_v5/strong_gate_cf_exact_check_v4/runs/correctness_fuzz/caterpillar_rect_dense/n256/seed2_L0_Q0
correctness_fuzz,caterpillar_rect_dense,256,2,0,1,1,0,0,1,0.046622,5584,/Users/free_1/Library/Mobile Documents/iCloud~md~obsidian/Documents/cpp-checker/branch_3/artifacts/lca_tree_stress_v5/strong_gate_cf_exact_check_v4/runs/correctness_fuzz/caterpillar_rect_dense/n256/seed2_L0_Q1
correctness_fuzz,caterpillar_rect_dense,256,2,1,0,1,0,0,1,0.036595,5584,/Users/free_1/Library/Mobile Documents/iCloud~md~obsidian/Documents/cpp-checker/branch_3/artifacts/lca_tree_stress_v5/strong_gate_cf_exact_check_v4/runs/correctness_fuzz/caterpillar_rect_dense/n256/seed2_L1_Q0
correctness_fuzz,caterpillar_rect_dense,256,2,1,1,1,0,0,1,0.034856,5600,/Users/free_1/Library/Mobile Documents/iCloud~md~obsidian/Documents/cpp-checker/branch_3/artifacts/lca_tree_stress_v5/strong_gate_cf_exact_check_v4/runs/correctness_fuzz/caterpillar_rect_dense/n256/seed2_L1_Q1
correctness_fuzz,caterpillar_rect_dense,256,3,0,0,1,0,0,1,0.035214,5600,/Users/free_1/Library/Mobile Documents/iCloud~md~obsidian/Documents/cpp-checker/branch_3/artifacts/lca_tree_stress_v5/strong_gate_cf_exact_check_v4/runs/correctness_fuzz/caterpillar_rect_dense/n256/seed3_L0_Q0
correctness_fuzz,caterpillar_rect_dense,256,3,0,1,1,0,0,1,0.037508,5568,/Users/free_1/Library/Mobile Documents/iCloud~md~obsidian/Documents/cpp-checker/branch_3/artifacts/lca_tree_stress_v5/strong_gate_cf_exact_check_v4/runs/correctness_fuzz/caterpillar_rect_dense/n256/seed3_L0_Q1
correctness_fuzz,caterpillar_rect_dense,256,3,1,0,1,0,0,1,0.044447,5616,/Users/free_1/Library/Mobile Documents/iCloud~md~obsidian/Documents/cpp-checker/branch_3/artifacts/lca_tree_stress_v5/strong_gate_cf_exact_check_v4/runs/correctness_fuzz/caterpillar_rect_dense/n256/seed3_L1_Q0
correctness_fuzz,caterpillar_rect_dense,256,3,1,1,1,0,0,1,0.037734,5600,/Users/free_1/Library/Mobile Documents/iCloud~md~obsidian/Documents/cpp-checker/branch_3/artifacts/lca_tree_stress_v5/strong_gate_cf_exact_check_v4/runs/correctness_fuzz/caterpillar_rect_dense/n256/seed3_L1_Q1
correctness_fuzz,caterpillar_rect_dense,256,4,0,0,1,0,0,1,0.036066,5552,/Users/free_1/Library/Mobile Documents/iCloud~md~obsidian/Documents/cpp-checker/branch_3/artifacts/lca_tree_stress_v5/strong_gate_cf_exact_check_v4/runs/correctness_fuzz/caterpillar_rect_dense/n256/seed4_L0_Q0
correctness_fuzz,caterpillar_rect_dense,256,4,0,1,1,0,0,1,0.042330,5552,/Users/free_1/Library/Mobile Documents/iCloud~md~obsidian/Documents/cpp-checker/branch_3/artifacts/lca_tree_stress_v5/strong_gate_cf_exact_check_v4/runs/correctness_fuzz/caterpillar_rect_dense/n256/seed4_L0_Q1
correctness_fuzz,caterpillar_rect_dense,256,4,1,0,1,0,0,1,0.048260,5584,/Users/free_1/Library/Mobile Documents/iCloud~md~obsidian/Documents/cpp-checker/branch_3/artifacts/lca_tree_stress_v5/strong_gate_cf_exact_check_v4/runs/correctness_fuzz/caterpillar_rect_dense/n256/seed4_L1_Q0
correctness_fuzz,caterpillar_rect_dense,256,4,1,1,1,0,0,1,0.037795,5584,/Users/free_1/Library/Mobile Documents/iCloud~md~obsidian/Documents/cpp-checker/branch_3/artifacts/lca_tree_stress_v5/strong_gate_cf_exact_check_v4/runs/correctness_fuzz/caterpillar_rect_dense/n256/seed4_L1_Q1
correctness_fuzz,caterpillar_rect_dense,256,5,0,0,1,0,0,1,0.037292,5552,/Users/free_1/Library/Mobile Documents/iCloud~md~obsidian/Documents/cpp-checker/branch_3/artifacts/lca_tree_stress_v5/strong_gate_cf_exact_check_v4/runs/correctness_fuzz/caterpillar_rect_dense/n256/seed5_L0_Q0
correctness_fuzz,caterpillar_rect_dense,256,5,0,1,1,0,0,1,0.035147,5584,/Users/free_1/Library/Mobile Documents/iCloud~md~obsidian/Documents/cpp-checker/branch_3/artifacts/lca_tree_stress_v5/strong_gate_cf_exact_check_v4/runs/correctness_fuzz/caterpillar_rect_dense/n256/seed5_L0_Q1
correctness_fuzz,caterpillar_rect_dense,256,5,1,0,1,0,0,1,0.035966,5584,/Users/free_1/Library/Mobile Documents/iCloud~md~obsidian/Documents/cpp-checker/branch_3/artifacts/lca_tree_stress_v5/strong_gate_cf_exact_check_v4/runs/correctness_fuzz/caterpillar_rect_dense/n256/seed5_L1_Q0
correctness_fuzz,caterpillar_rect_dense,256,5,1,1,1,0,0,1,0.033849,5536,/Users/free_1/Library/Mobile Documents/iCloud~md~obsidian/Documents/cpp-checker/branch_3/artifacts/lca_tree_stress_v5/strong_gate_cf_exact_check_v4/runs/correctness_fuzz/caterpillar_rect_dense/n256/seed5_L1_Q1
correctness_fuzz,caterpillar_rect_dense,512,1,0,0,1,0,0,1,0.127516,17168,/Users/free_1/Library/Mobile Documents/iCloud~md~obsidian/Documents/cpp-checker/branch_3/artifacts/lca_tree_stress_v5/strong_gate_cf_exact_check_v4/runs/correctness_fuzz/caterpillar_rect_dense/n512/seed1_L0_Q0
correctness_fuzz,caterpillar_rect_dense,512,1,0,1,1,0,0,1,0.131590,17200,/Users/free_1/Library/Mobile Documents/iCloud~md~obsidian/Documents/cpp-checker/branch_3/artifacts/lca_tree_stress_v5/strong_gate_cf_exact_check_v4/runs/correctness_fuzz/caterpillar_rect_dense/n512/seed1_L0_Q1
correctness_fuzz,caterpillar_rect_dense,512,1,1,0,1,0,0,1,0.119170,17168,/Users/free_1/Library/Mobile Documents/iCloud~md~obsidian/Documents/cpp-checker/branch_3/artifacts/lca_tree_stress_v5/strong_gate_cf_exact_check_v4/runs/correctness_fuzz/caterpillar_rect_dense/n512/seed1_L1_Q0
correctness_fuzz,caterpillar_rect_dense,512,1,1,1,1,0,0,1,0.120859,17168,/Users/free_1/Library/Mobile Documents/iCloud~md~obsidian/Documents/cpp-checker/branch_3/artifacts/lca_tree_stress_v5/strong_gate_cf_exact_check_v4/runs/correctness_fuzz/caterpillar_rect_dense/n512/seed1_L1_Q1
correctness_fuzz,caterpillar_rect_dense,512,2,0,0,1,0,0,1,0.120621,17088,/Users/free_1/Library/Mobile Documents/iCloud~md~obsidian/Documents/cpp-checker/branch_3/artifacts/lca_tree_stress_v5/strong_gate_cf_exact_check_v4/runs/correctness_fuzz/caterpillar_rect_dense/n512/seed2_L0_Q0
correctness_fuzz,caterpillar_rect_dense,512,2,0,1,1,0,0,1,0.122371,17104,/Users/free_1/Library/Mobile Documents/iCloud~md~obsidian/Documents/cpp-checker/branch_3/artifacts/lca_tree_stress_v5/strong_gate_cf_exact_check_v4/runs/correctness_fuzz/caterpillar_rect_dense/n512/seed2_L0_Q1
correctness_fuzz,caterpillar_rect_dense,512,2,1,0,1,0,0,1,0.123124,17120,/Users/free_1/Library/Mobile Documents/iCloud~md~obsidian/Documents/cpp-checker/branch_3/artifacts/lca_tree_stress_v5/strong_gate_cf_exact_check_v4/runs/correctness_fuzz/caterpillar_rect_dense/n512/seed2_L1_Q0
correctness_fuzz,caterpillar_rect_dense,512,2,1,1,1,0,0,1,0.118377,17136,/Users/free_1/Library/Mobile Documents/iCloud~md~obsidian/Documents/cpp-checker/branch_3/artifacts/lca_tree_stress_v5/strong_gate_cf_exact_check_v4/runs/correctness_fuzz/caterpillar_rect_dense/n512/seed2_L1_Q1
correctness_fuzz,caterpillar_rect_dense,512,3,0,0,1,0,0,1,0.130625,17168,/Users/free_1/Library/Mobile Documents/iCloud~md~obsidian/Documents/cpp-checker/branch_3/artifacts/lca_tree_stress_v5/strong_gate_cf_exact_check_v4/runs/correctness_fuzz/caterpillar_rect_dense/n512/seed3_L0_Q0
correctness_fuzz,caterpillar_rect_dense,512,3,0,1,1,0,0,1,0.133085,17136,/Users/free_1/Library/Mobile Documents/iCloud~md~obsidian/Documents/cpp-checker/branch_3/artifacts/lca_tree_stress_v5/strong_gate_cf_exact_check_v4/runs/correctness_fuzz/caterpillar_rect_dense/n512/seed3_L0_Q1
correctness_fuzz,caterpillar_rect_dense,512,3,1,0,1,0,0,1,0.134785,17136,/Users/free_1/Library/Mobile Documents/iCloud~md~obsidian/Documents/cpp-checker/branch_3/artifacts/lca_tree_stress_v5/strong_gate_cf_exact_check_v4/runs/correctness_fuzz/caterpillar_rect_dense/n512/seed3_L1_Q0
correctness_fuzz,caterpillar_rect_dense,512,3,1,1,1,0,0,1,0.131969,17184,/Users/free_1/Library/Mobile Documents/iCloud~md~obsidian/Documents/cpp-checker/branch_3/artifacts/lca_tree_stress_v5/strong_gate_cf_exact_check_v4/runs/correctness_fuzz/caterpillar_rect_dense/n512/seed3_L1_Q1
correctness_fuzz,caterpillar_rect_dense,512,4,0,0,1,0,0,1,0.131792,17040,/Users/free_1/Library/Mobile Documents/iCloud~md~obsidian/Documents/cpp-checker/branch_3/artifacts/lca_tree_stress_v5/strong_gate_cf_exact_check_v4/runs/correctness_fuzz/caterpillar_rect_dense/n512/seed4_L0_Q0
correctness_fuzz,caterpillar_rect_dense,512,4,0,1,1,0,0,1,0.132332,16976,/Users/free_1/Library/Mobile Documents/iCloud~md~obsidian/Documents/cpp-checker/branch_3/artifacts/lca_tree_stress_v5/strong_gate_cf_exact_check_v4/runs/correctness_fuzz/caterpillar_rect_dense/n512/seed4_L0_Q1
correctness_fuzz,caterpillar_rect_dense,512,4,1,0,1,0,0,1,0.120003,16976,/Users/free_1/Library/Mobile Documents/iCloud~md~obsidian/Documents/cpp-checker/branch_3/artifacts/lca_tree_stress_v5/strong_gate_cf_exact_check_v4/runs/correctness_fuzz/caterpillar_rect_dense/n512/seed4_L1_Q0
correctness_fuzz,caterpillar_rect_dense,512,4,1,1,1,0,0,1,0.122936,17008,/Users/free_1/Library/Mobile Documents/iCloud~md~obsidian/Documents/cpp-checker/branch_3/artifacts/lca_tree_stress_v5/strong_gate_cf_exact_check_v4/runs/correctness_fuzz/caterpillar_rect_dense/n512/seed4_L1_Q1
correctness_fuzz,caterpillar_rect_dense,512,5,0,0,1,0,0,1,0.133078,17248,/Users/free_1/Library/Mobile Documents/iCloud~md~obsidian/Documents/cpp-checker/branch_3/artifacts/lca_tree_stress_v5/strong_gate_cf_exact_check_v4/runs/correctness_fuzz/caterpillar_rect_dense/n512/seed5_L0_Q0
correctness_fuzz,caterpillar_rect_dense,512,5,0,1,1,0,0,1,0.124431,17248,/Users/free_1/Library/Mobile Documents/iCloud~md~obsidian/Documents/cpp-checker/branch_3/artifacts/lca_tree_stress_v5/strong_gate_cf_exact_check_v4/runs/correctness_fuzz/caterpillar_rect_dense/n512/seed5_L0_Q1
correctness_fuzz,caterpillar_rect_dense,512,5,1,0,1,0,0,1,0.131785,17264,/Users/free_1/Library/Mobile Documents/iCloud~md~obsidian/Documents/cpp-checker/branch_3/artifacts/lca_tree_stress_v5/strong_gate_cf_exact_check_v4/runs/correctness_fuzz/caterpillar_rect_dense/n512/seed5_L1_Q0
correctness_fuzz,caterpillar_rect_dense,512,5,1,1,1,0,0,1,0.129068,17232,/Users/free_1/Library/Mobile Documents/iCloud~md~obsidian/Documents/cpp-checker/branch_3/artifacts/lca_tree_stress_v5/strong_gate_cf_exact_check_v4/runs/correctness_fuzz/caterpillar_rect_dense/n512/seed5_L1_Q1
correctness_fuzz,caterpillar_rect_dense,1024,1,0,0,1,0,0,1,0.870900,63088,/Users/free_1/Library/Mobile Documents/iCloud~md~obsidian/Documents/cpp-checker/branch_3/artifacts/lca_tree_stress_v5/strong_gate_cf_exact_check_v4/runs/correctness_fuzz/caterpillar_rect_dense/n1024/seed1_L0_Q0
correctness_fuzz,caterpillar_rect_dense,1024,1,0,1,1,0,0,1,0.884601,63088,/Users/free_1/Library/Mobile Documents/iCloud~md~obsidian/Documents/cpp-checker/branch_3/artifacts/lca_tree_stress_v5/strong_gate_cf_exact_check_v4/runs/correctness_fuzz/caterpillar_rect_dense/n1024/seed1_L0_Q1
correctness_fuzz,caterpillar_rect_dense,1024,1,1,0,1,0,0,1,0.866965,63136,/Users/free_1/Library/Mobile Documents/iCloud~md~obsidian/Documents/cpp-checker/branch_3/artifacts/lca_tree_stress_v5/strong_gate_cf_exact_check_v4/runs/correctness_fuzz/caterpillar_rect_dense/n1024/seed1_L1_Q0
correctness_fuzz,caterpillar_rect_dense,1024,1,1,1,1,0,0,1,0.817573,63136,/Users/free_1/Library/Mobile Documents/iCloud~md~obsidian/Documents/cpp-checker/branch_3/artifacts/lca_tree_stress_v5/strong_gate_cf_exact_check_v4/runs/correctness_fuzz/caterpillar_rect_dense/n1024/seed1_L1_Q1
correctness_fuzz,caterpillar_rect_dense,1024,2,0,0,1,0,0,1,0.559714,63152,/Users/free_1/Library/Mobile Documents/iCloud~md~obsidian/Documents/cpp-checker/branch_3/artifacts/lca_tree_stress_v5/strong_gate_cf_exact_check_v4/runs/correctness_fuzz/caterpillar_rect_dense/n1024/seed2_L0_Q0
correctness_fuzz,caterpillar_rect_dense,1024,2,0,1,1,0,0,1,0.542201,63104,/Users/free_1/Library/Mobile Documents/iCloud~md~obsidian/Documents/cpp-checker/branch_3/artifacts/lca_tree_stress_v5/strong_gate_cf_exact_check_v4/runs/correctness_fuzz/caterpillar_rect_dense/n1024/seed2_L0_Q1
correctness_fuzz,caterpillar_rect_dense,1024,2,1,0,1,0,0,1,0.517244,63136,/Users/free_1/Library/Mobile Documents/iCloud~md~obsidian/Documents/cpp-checker/branch_3/artifacts/lca_tree_stress_v5/strong_gate_cf_exact_check_v4/runs/correctness_fuzz/caterpillar_rect_dense/n1024/seed2_L1_Q0
correctness_fuzz,caterpillar_rect_dense,1024,2,1,1,1,0,0,1,0.557074,63152,/Users/free_1/Library/Mobile Documents/iCloud~md~obsidian/Documents/cpp-checker/branch_3/artifacts/lca_tree_stress_v5/strong_gate_cf_exact_check_v4/runs/correctness_fuzz/caterpillar_rect_dense/n1024/seed2_L1_Q1
correctness_fuzz,caterpillar_rect_dense,1024,3,0,0,1,0,0,1,0.906578,63088,/Users/free_1/Library/Mobile Documents/iCloud~md~obsidian/Documents/cpp-checker/branch_3/artifacts/lca_tree_stress_v5/strong_gate_cf_exact_check_v4/runs/correctness_fuzz/caterpillar_rect_dense/n1024/seed3_L0_Q0
correctness_fuzz,caterpillar_rect_dense,1024,3,0,1,1,0,0,1,0.958871,63072,/Users/free_1/Library/Mobile Documents/iCloud~md~obsidian/Documents/cpp-checker/branch_3/artifacts/lca_tree_stress_v5/strong_gate_cf_exact_check_v4/runs/correctness_fuzz/caterpillar_rect_dense/n1024/seed3_L0_Q1
correctness_fuzz,caterpillar_rect_dense,1024,3,1,0,1,0,0,1,0.614121,63120,/Users/free_1/Library/Mobile Documents/iCloud~md~obsidian/Documents/cpp-checker/branch_3/artifacts/lca_tree_stress_v5/strong_gate_cf_exact_check_v4/runs/correctness_fuzz/caterpillar_rect_dense/n1024/seed3_L1_Q0
correctness_fuzz,caterpillar_rect_dense,1024,3,1,1,1,0,0,1,0.791781,38080,/Users/free_1/Library/Mobile Documents/iCloud~md~obsidian/Documents/cpp-checker/branch_3/artifacts/lca_tree_stress_v5/strong_gate_cf_exact_check_v4/runs/correctness_fuzz/caterpillar_rect_dense/n1024/seed3_L1_Q1
correctness_fuzz,caterpillar_rect_dense,1024,4,0,0,1,0,0,1,0.661808,62912,/Users/free_1/Library/Mobile Documents/iCloud~md~obsidian/Documents/cpp-checker/branch_3/artifacts/lca_tree_stress_v5/strong_gate_cf_exact_check_v4/runs/correctness_fuzz/caterpillar_rect_dense/n1024/seed4_L0_Q0
correctness_fuzz,caterpillar_rect_dense,1024,4,0,1,1,0,0,1,0.545051,62896,/Users/free_1/Library/Mobile Documents/iCloud~md~obsidian/Documents/cpp-checker/branch_3/artifacts/lca_tree_stress_v5/strong_gate_cf_exact_check_v4/runs/correctness_fuzz/caterpillar_rect_dense/n1024/seed4_L0_Q1
correctness_fuzz,caterpillar_rect_dense,1024,4,1,0,1,0,0,1,0.512994,62928,/Users/free_1/Library/Mobile Documents/iCloud~md~obsidian/Documents/cpp-checker/branch_3/artifacts/lca_tree_stress_v5/strong_gate_cf_exact_check_v4/runs/correctness_fuzz/caterpillar_rect_dense/n1024/seed4_L1_Q0
correctness_fuzz,caterpillar_rect_dense,1024,4,1,1,1,0,0,1,0.537258,62912,/Users/free_1/Library/Mobile Documents/iCloud~md~obsidian/Documents/cpp-checker/branch_3/artifacts/lca_tree_stress_v5/strong_gate_cf_exact_check_v4/runs/correctness_fuzz/caterpillar_rect_dense/n1024/seed4_L1_Q1
correctness_fuzz,caterpillar_rect_dense,1024,5,0,0,1,0,0,1,0.521839,63024,/Users/free_1/Library/Mobile Documents/iCloud~md~obsidian/Documents/cpp-checker/branch_3/artifacts/lca_tree_stress_v5/strong_gate_cf_exact_check_v4/runs/correctness_fuzz/caterpillar_rect_dense/n1024/seed5_L0_Q0
correctness_fuzz,caterpillar_rect_dense,1024,5,0,1,1,0,0,1,0.602813,63072,/Users/free_1/Library/Mobile Documents/iCloud~md~obsidian/Documents/cpp-checker/branch_3/artifacts/lca_tree_stress_v5/strong_gate_cf_exact_check_v4/runs/correctness_fuzz/caterpillar_rect_dense/n1024/seed5_L0_Q1
correctness_fuzz,caterpillar_rect_dense,1024,5,1,0,1,0,0,1,0.600098,63056,/Users/free_1/Library/Mobile Documents/iCloud~md~obsidian/Documents/cpp-checker/branch_3/artifacts/lca_tree_stress_v5/strong_gate_cf_exact_check_v4/runs/correctness_fuzz/caterpillar_rect_dense/n1024/seed5_L1_Q0
correctness_fuzz,caterpillar_rect_dense,1024,5,1,1,1,0,0,1,0.606074,63088,/Users/free_1/Library/Mobile Documents/iCloud~md~obsidian/Documents/cpp-checker/branch_3/artifacts/lca_tree_stress_v5/strong_gate_cf_exact_check_v4/runs/correctness_fuzz/caterpillar_rect_dense/n1024/seed5_L1_Q1
correctness_fuzz,random_recursive_mixed,64,1,0,0,1,0,0,1,0.012577,1584,/Users/free_1/Library/Mobile Documents/iCloud~md~obsidian/Documents/cpp-checker/branch_3/artifacts/lca_tree_stress_v5/strong_gate_cf_exact_check_v4/runs/correctness_fuzz/random_recursive_mixed/n64/seed1_L0_Q0
correctness_fuzz,random_recursive_mixed,64,1,0,1,1,0,0,1,0.012580,1584,/Users/free_1/Library/Mobile Documents/iCloud~md~obsidian/Documents/cpp-checker/branch_3/artifacts/lca_tree_stress_v5/strong_gate_cf_exact_check_v4/runs/correctness_fuzz/random_recursive_mixed/n64/seed1_L0_Q1
correctness_fuzz,random_recursive_mixed,64,1,1,0,1,0,0,1,0.012579,1584,/Users/free_1/Library/Mobile Documents/iCloud~md~obsidian/Documents/cpp-checker/branch_3/artifacts/lca_tree_stress_v5/strong_gate_cf_exact_check_v4/runs/correctness_fuzz/random_recursive_mixed/n64/seed1_L1_Q0
correctness_fuzz,random_recursive_mixed,64,1,1,1,1,0,0,1,0.012592,1584,/Users/free_1/Library/Mobile Documents/iCloud~md~obsidian/Documents/cpp-checker/branch_3/artifacts/lca_tree_stress_v5/strong_gate_cf_exact_check_v4/runs/correctness_fuzz/random_recursive_mixed/n64/seed1_L1_Q1
correctness_fuzz,random_recursive_mixed,64,2,0,0,1,0,0,1,0.012574,1552,/Users/free_1/Library/Mobile Documents/iCloud~md~obsidian/Documents/cpp-checker/branch_3/artifacts/lca_tree_stress_v5/strong_gate_cf_exact_check_v4/runs/correctness_fuzz/random_recursive_mixed/n64/seed2_L0_Q0
correctness_fuzz,random_recursive_mixed,64,2,0,1,1,0,0,1,0.012565,1552,/Users/free_1/Library/Mobile Documents/iCloud~md~obsidian/Documents/cpp-checker/branch_3/artifacts/lca_tree_stress_v5/strong_gate_cf_exact_check_v4/runs/correctness_fuzz/random_recursive_mixed/n64/seed2_L0_Q1
correctness_fuzz,random_recursive_mixed,64,2,1,0,1,0,0,1,0.011076,1552,/Users/free_1/Library/Mobile Documents/iCloud~md~obsidian/Documents/cpp-checker/branch_3/artifacts/lca_tree_stress_v5/strong_gate_cf_exact_check_v4/runs/correctness_fuzz/random_recursive_mixed/n64/seed2_L1_Q0
correctness_fuzz,random_recursive_mixed,64,2,1,1,1,0,0,1,0.012570,1552,/Users/free_1/Library/Mobile Documents/iCloud~md~obsidian/Documents/cpp-checker/branch_3/artifacts/lca_tree_stress_v5/strong_gate_cf_exact_check_v4/runs/correctness_fuzz/random_recursive_mixed/n64/seed2_L1_Q1
correctness_fuzz,random_recursive_mixed,64,3,0,0,1,0,0,1,0.012575,1584,/Users/free_1/Library/Mobile Documents/iCloud~md~obsidian/Documents/cpp-checker/branch_3/artifacts/lca_tree_stress_v5/strong_gate_cf_exact_check_v4/runs/correctness_fuzz/random_recursive_mixed/n64/seed3_L0_Q0
correctness_fuzz,random_recursive_mixed,64,3,0,1,1,0,0,1,0.012572,1584,/Users/free_1/Library/Mobile Documents/iCloud~md~obsidian/Documents/cpp-checker/branch_3/artifacts/lca_tree_stress_v5/strong_gate_cf_exact_check_v4/runs/correctness_fuzz/random_recursive_mixed/n64/seed3_L0_Q1
correctness_fuzz,random_recursive_mixed,64,3,1,0,1,0,0,1,0.012567,1584,/Users/free_1/Library/Mobile Documents/iCloud~md~obsidian/Documents/cpp-checker/branch_3/artifacts/lca_tree_stress_v5/strong_gate_cf_exact_check_v4/runs/correctness_fuzz/random_recursive_mixed/n64/seed3_L1_Q0
correctness_fuzz,random_recursive_mixed,64,3,1,1,1,0,0,1,0.012572,1584,/Users/free_1/Library/Mobile Documents/iCloud~md~obsidian/Documents/cpp-checker/branch_3/artifacts/lca_tree_stress_v5/strong_gate_cf_exact_check_v4/runs/correctness_fuzz/random_recursive_mixed/n64/seed3_L1_Q1
correctness_fuzz,random_recursive_mixed,64,4,0,0,1,0,0,1,0.012581,1552,/Users/free_1/Library/Mobile Documents/iCloud~md~obsidian/Documents/cpp-checker/branch_3/artifacts/lca_tree_stress_v5/strong_gate_cf_exact_check_v4/runs/correctness_fuzz/random_recursive_mixed/n64/seed4_L0_Q0
correctness_fuzz,random_recursive_mixed,64,4,0,1,1,0,0,1,0.012561,1552,/Users/free_1/Library/Mobile Documents/iCloud~md~obsidian/Documents/cpp-checker/branch_3/artifacts/lca_tree_stress_v5/strong_gate_cf_exact_check_v4/runs/correctness_fuzz/random_recursive_mixed/n64/seed4_L0_Q1
correctness_fuzz,random_recursive_mixed,64,4,1,0,1,0,0,1,0.011932,1552,/Users/free_1/Library/Mobile Documents/iCloud~md~obsidian/Documents/cpp-checker/branch_3/artifacts/lca_tree_stress_v5/strong_gate_cf_exact_check_v4/runs/correctness_fuzz/random_recursive_mixed/n64/seed4_L1_Q0
correctness_fuzz,random_recursive_mixed,64,4,1,1,1,0,0,1,0.012583,1552,/Users/free_1/Library/Mobile Documents/iCloud~md~obsidian/Documents/cpp-checker/branch_3/artifacts/lca_tree_stress_v5/strong_gate_cf_exact_check_v4/runs/correctness_fuzz/random_recursive_mixed/n64/seed4_L1_Q1
correctness_fuzz,random_recursive_mixed,64,5,0,0,1,0,0,1,0.012714,1568,/Users/free_1/Library/Mobile Documents/iCloud~md~obsidian/Documents/cpp-checker/branch_3/artifacts/lca_tree_stress_v5/strong_gate_cf_exact_check_v4/runs/correctness_fuzz/random_recursive_mixed/n64/seed5_L0_Q0
correctness_fuzz,random_recursive_mixed,64,5,0,1,1,0,0,1,0.012592,1568,/Users/free_1/Library/Mobile Documents/iCloud~md~obsidian/Documents/cpp-checker/branch_3/artifacts/lca_tree_stress_v5/strong_gate_cf_exact_check_v4/runs/correctness_fuzz/random_recursive_mixed/n64/seed5_L0_Q1
correctness_fuzz,random_recursive_mixed,64,5,1,0,1,0,0,1,0.012590,1568,/Users/free_1/Library/Mobile Documents/iCloud~md~obsidian/Documents/cpp-checker/branch_3/artifacts/lca_tree_stress_v5/strong_gate_cf_exact_check_v4/runs/correctness_fuzz/random_recursive_mixed/n64/seed5_L1_Q0
correctness_fuzz,random_recursive_mixed,64,5,1,1,1,0,0,1,0.012589,1568,/Users/free_1/Library/Mobile Documents/iCloud~md~obsidian/Documents/cpp-checker/branch_3/artifacts/lca_tree_stress_v5/strong_gate_cf_exact_check_v4/runs/correctness_fuzz/random_recursive_mixed/n64/seed5_L1_Q1
correctness_fuzz,random_recursive_mixed,128,1,0,0,1,0,0,1,0.012579,1712,/Users/free_1/Library/Mobile Documents/iCloud~md~obsidian/Documents/cpp-checker/branch_3/artifacts/lca_tree_stress_v5/strong_gate_cf_exact_check_v4/runs/correctness_fuzz/random_recursive_mixed/n128/seed1_L0_Q0
correctness_fuzz,random_recursive_mixed,128,1,0,1,1,0,0,1,0.012581,1712,/Users/free_1/Library/Mobile Documents/iCloud~md~obsidian/Documents/cpp-checker/branch_3/artifacts/lca_tree_stress_v5/strong_gate_cf_exact_check_v4/runs/correctness_fuzz/random_recursive_mixed/n128/seed1_L0_Q1
correctness_fuzz,random_recursive_mixed,128,1,1,0,1,0,0,1,0.012579,1712,/Users/free_1/Library/Mobile Documents/iCloud~md~obsidian/Documents/cpp-checker/branch_3/artifacts/lca_tree_stress_v5/strong_gate_cf_exact_check_v4/runs/correctness_fuzz/random_recursive_mixed/n128/seed1_L1_Q0
correctness_fuzz,random_recursive_mixed,128,1,1,1,1,0,0,1,0.012577,1712,/Users/free_1/Library/Mobile Documents/iCloud~md~obsidian/Documents/cpp-checker/branch_3/artifacts/lca_tree_stress_v5/strong_gate_cf_exact_check_v4/runs/correctness_fuzz/random_recursive_mixed/n128/seed1_L1_Q1
correctness_fuzz,random_recursive_mixed,128,2,0,0,1,0,0,1,0.012589,1712,/Users/free_1/Library/Mobile Documents/iCloud~md~obsidian/Documents/cpp-checker/branch_3/artifacts/lca_tree_stress_v5/strong_gate_cf_exact_check_v4/runs/correctness_fuzz/random_recursive_mixed/n128/seed2_L0_Q0
correctness_fuzz,random_recursive_mixed,128,2,0,1,1,0,0,1,0.012574,1712,/Users/free_1/Library/Mobile Documents/iCloud~md~obsidian/Documents/cpp-checker/branch_3/artifacts/lca_tree_stress_v5/strong_gate_cf_exact_check_v4/runs/correctness_fuzz/random_recursive_mixed/n128/seed2_L0_Q1
correctness_fuzz,random_recursive_mixed,128,2,1,0,1,0,0,1,0.012566,1696,/Users/free_1/Library/Mobile Documents/iCloud~md~obsidian/Documents/cpp-checker/branch_3/artifacts/lca_tree_stress_v5/strong_gate_cf_exact_check_v4/runs/correctness_fuzz/random_recursive_mixed/n128/seed2_L1_Q0
correctness_fuzz,random_recursive_mixed,128,2,1,1,1,0,0,1,0.012584,1696,/Users/free_1/Library/Mobile Documents/iCloud~md~obsidian/Documents/cpp-checker/branch_3/artifacts/lca_tree_stress_v5/strong_gate_cf_exact_check_v4/runs/correctness_fuzz/random_recursive_mixed/n128/seed2_L1_Q1
correctness_fuzz,random_recursive_mixed,128,3,0,0,1,0,0,1,0.012622,1696,/Users/free_1/Library/Mobile Documents/iCloud~md~obsidian/Documents/cpp-checker/branch_3/artifacts/lca_tree_stress_v5/strong_gate_cf_exact_check_v4/runs/correctness_fuzz/random_recursive_mixed/n128/seed3_L0_Q0
correctness_fuzz,random_recursive_mixed,128,3,0,1,1,0,0,1,0.012575,1680,/Users/free_1/Library/Mobile Documents/iCloud~md~obsidian/Documents/cpp-checker/branch_3/artifacts/lca_tree_stress_v5/strong_gate_cf_exact_check_v4/runs/correctness_fuzz/random_recursive_mixed/n128/seed3_L0_Q1
correctness_fuzz,random_recursive_mixed,128,3,1,0,1,0,0,1,0.011095,1696,/Users/free_1/Library/Mobile Documents/iCloud~md~obsidian/Documents/cpp-checker/branch_3/artifacts/lca_tree_stress_v5/strong_gate_cf_exact_check_v4/runs/correctness_fuzz/random_recursive_mixed/n128/seed3_L1_Q0
correctness_fuzz,random_recursive_mixed,128,3,1,1,1,0,0,1,0.012578,1696,/Users/free_1/Library/Mobile Documents/iCloud~md~obsidian/Documents/cpp-checker/branch_3/artifacts/lca_tree_stress_v5/strong_gate_cf_exact_check_v4/runs/correctness_fuzz/random_recursive_mixed/n128/seed3_L1_Q1
correctness_fuzz,random_recursive_mixed,128,4,0,0,1,0,0,1,0.011493,1680,/Users/free_1/Library/Mobile Documents/iCloud~md~obsidian/Documents/cpp-checker/branch_3/artifacts/lca_tree_stress_v5/strong_gate_cf_exact_check_v4/runs/correctness_fuzz/random_recursive_mixed/n128/seed4_L0_Q0
correctness_fuzz,random_recursive_mixed,128,4,0,1,1,0,0,1,0.012143,1680,/Users/free_1/Library/Mobile Documents/iCloud~md~obsidian/Documents/cpp-checker/branch_3/artifacts/lca_tree_stress_v5/strong_gate_cf_exact_check_v4/runs/correctness_fuzz/random_recursive_mixed/n128/seed4_L0_Q1
correctness_fuzz,random_recursive_mixed,128,4,1,0,1,0,0,1,0.012620,1680,/Users/free_1/Library/Mobile Documents/iCloud~md~obsidian/Documents/cpp-checker/branch_3/artifacts/lca_tree_stress_v5/strong_gate_cf_exact_check_v4/runs/correctness_fuzz/random_recursive_mixed/n128/seed4_L1_Q0
correctness_fuzz,random_recursive_mixed,128,4,1,1,1,0,0,1,0.012584,1680,/Users/free_1/Library/Mobile Documents/iCloud~md~obsidian/Documents/cpp-checker/branch_3/artifacts/lca_tree_stress_v5/strong_gate_cf_exact_check_v4/runs/correctness_fuzz/random_recursive_mixed/n128/seed4_L1_Q1
correctness_fuzz,random_recursive_mixed,128,5,0,0,1,0,0,1,0.012575,1696,/Users/free_1/Library/Mobile Documents/iCloud~md~obsidian/Documents/cpp-checker/branch_3/artifacts/lca_tree_stress_v5/strong_gate_cf_exact_check_v4/runs/correctness_fuzz/random_recursive_mixed/n128/seed5_L0_Q0
correctness_fuzz,random_recursive_mixed,128,5,0,1,1,0,0,1,0.012586,1696,/Users/free_1/Library/Mobile Documents/iCloud~md~obsidian/Documents/cpp-checker/branch_3/artifacts/lca_tree_stress_v5/strong_gate_cf_exact_check_v4/runs/correctness_fuzz/random_recursive_mixed/n128/seed5_L0_Q1
correctness_fuzz,random_recursive_mixed,128,5,1,0,1,0,0,1,0.012584,1680,/Users/free_1/Library/Mobile Documents/iCloud~md~obsidian/Documents/cpp-checker/branch_3/artifacts/lca_tree_stress_v5/strong_gate_cf_exact_check_v4/runs/correctness_fuzz/random_recursive_mixed/n128/seed5_L1_Q0
correctness_fuzz,random_recursive_mixed,128,5,1,1,1,0,0,1,0.011933,1696,/Users/free_1/Library/Mobile Documents/iCloud~md~obsidian/Documents/cpp-checker/branch_3/artifacts/lca_tree_stress_v5/strong_gate_cf_exact_check_v4/runs/correctness_fuzz/random_recursive_mixed/n128/seed5_L1_Q1
correctness_fuzz,random_recursive_mixed,256,1,0,0,1,0,0,1,0.011895,2048,/Users/free_1/Library/Mobile Documents/iCloud~md~obsidian/Documents/cpp-checker/branch_3/artifacts/lca_tree_stress_v5/strong_gate_cf_exact_check_v4/runs/correctness_fuzz/random_recursive_mixed/n256/seed1_L0_Q0
correctness_fuzz,random_recursive_mixed,256,1,0,1,1,0,0,1,0.012614,2080,/Users/free_1/Library/Mobile Documents/iCloud~md~obsidian/Documents/cpp-checker/branch_3/artifacts/lca_tree_stress_v5/strong_gate_cf_exact_check_v4/runs/correctness_fuzz/random_recursive_mixed/n256/seed1_L0_Q1
correctness_fuzz,random_recursive_mixed,256,1,1,0,1,0,0,1,0.010217,2080,/Users/free_1/Library/Mobile Documents/iCloud~md~obsidian/Documents/cpp-checker/branch_3/artifacts/lca_tree_stress_v5/strong_gate_cf_exact_check_v4/runs/correctness_fuzz/random_recursive_mixed/n256/seed1_L1_Q0
correctness_fuzz,random_recursive_mixed,256,1,1,1,1,0,0,1,0.012572,2064,/Users/free_1/Library/Mobile Documents/iCloud~md~obsidian/Documents/cpp-checker/branch_3/artifacts/lca_tree_stress_v5/strong_gate_cf_exact_check_v4/runs/correctness_fuzz/random_recursive_mixed/n256/seed1_L1_Q1
correctness_fuzz,random_recursive_mixed,256,2,0,0,1,0,0,1,0.011306,2032,/Users/free_1/Library/Mobile Documents/iCloud~md~obsidian/Documents/cpp-checker/branch_3/artifacts/lca_tree_stress_v5/strong_gate_cf_exact_check_v4/runs/correctness_fuzz/random_recursive_mixed/n256/seed2_L0_Q0
correctness_fuzz,random_recursive_mixed,256,2,0,1,1,0,0,1,0.012578,2064,/Users/free_1/Library/Mobile Documents/iCloud~md~obsidian/Documents/cpp-checker/branch_3/artifacts/lca_tree_stress_v5/strong_gate_cf_exact_check_v4/runs/correctness_fuzz/random_recursive_mixed/n256/seed2_L0_Q1
correctness_fuzz,random_recursive_mixed,256,2,1,0,1,0,0,1,0.012569,2048,/Users/free_1/Library/Mobile Documents/iCloud~md~obsidian/Documents/cpp-checker/branch_3/artifacts/lca_tree_stress_v5/strong_gate_cf_exact_check_v4/runs/correctness_fuzz/random_recursive_mixed/n256/seed2_L1_Q0
correctness_fuzz,random_recursive_mixed,256,2,1,1,1,0,0,1,0.011599,2016,/Users/free_1/Library/Mobile Documents/iCloud~md~obsidian/Documents/cpp-checker/branch_3/artifacts/lca_tree_stress_v5/strong_gate_cf_exact_check_v4/runs/correctness_fuzz/random_recursive_mixed/n256/seed2_L1_Q1
correctness_fuzz,random_recursive_mixed,256,3,0,0,1,0,0,1,0.010088,2048,/Users/free_1/Library/Mobile Documents/iCloud~md~obsidian/Documents/cpp-checker/branch_3/artifacts/lca_tree_stress_v5/strong_gate_cf_exact_check_v4/runs/correctness_fuzz/random_recursive_mixed/n256/seed3_L0_Q0
correctness_fuzz,random_recursive_mixed,256,3,0,1,1,0,0,1,0.012571,2048,/Users/free_1/Library/Mobile Documents/iCloud~md~obsidian/Documents/cpp-checker/branch_3/artifacts/lca_tree_stress_v5/strong_gate_cf_exact_check_v4/runs/correctness_fuzz/random_recursive_mixed/n256/seed3_L0_Q1
correctness_fuzz,random_recursive_mixed,256,3,1,0,1,0,0,1,0.011100,2048,/Users/free_1/Library/Mobile Documents/iCloud~md~obsidian/Documents/cpp-checker/branch_3/artifacts/lca_tree_stress_v5/strong_gate_cf_exact_check_v4/runs/correctness_fuzz/random_recursive_mixed/n256/seed3_L1_Q0
correctness_fuzz,random_recursive_mixed,256,3,1,1,1,0,0,1,0.012580,2032,/Users/free_1/Library/Mobile Documents/iCloud~md~obsidian/Documents/cpp-checker/branch_3/artifacts/lca_tree_stress_v5/strong_gate_cf_exact_check_v4/runs/correctness_fuzz/random_recursive_mixed/n256/seed3_L1_Q1
correctness_fuzz,random_recursive_mixed,256,4,0,0,1,0,0,1,0.012569,2000,/Users/free_1/Library/Mobile Documents/iCloud~md~obsidian/Documents/cpp-checker/branch_3/artifacts/lca_tree_stress_v5/strong_gate_cf_exact_check_v4/runs/correctness_fuzz/random_recursive_mixed/n256/seed4_L0_Q0
correctness_fuzz,random_recursive_mixed,256,4,0,1,1,0,0,1,0.012569,2000,/Users/free_1/Library/Mobile Documents/iCloud~md~obsidian/Documents/cpp-checker/branch_3/artifacts/lca_tree_stress_v5/strong_gate_cf_exact_check_v4/runs/correctness_fuzz/random_recursive_mixed/n256/seed4_L0_Q1
correctness_fuzz,random_recursive_mixed,256,4,1,0,1,0,0,1,0.011638,1968,/Users/free_1/Library/Mobile Documents/iCloud~md~obsidian/Documents/cpp-checker/branch_3/artifacts/lca_tree_stress_v5/strong_gate_cf_exact_check_v4/runs/correctness_fuzz/random_recursive_mixed/n256/seed4_L1_Q0
correctness_fuzz,random_recursive_mixed,256,4,1,1,1,0,0,1,0.012579,2000,/Users/free_1/Library/Mobile Documents/iCloud~md~obsidian/Documents/cpp-checker/branch_3/artifacts/lca_tree_stress_v5/strong_gate_cf_exact_check_v4/runs/correctness_fuzz/random_recursive_mixed/n256/seed4_L1_Q1
correctness_fuzz,random_recursive_mixed,256,5,0,0,1,0,0,1,0.012572,2016,/Users/free_1/Library/Mobile Documents/iCloud~md~obsidian/Documents/cpp-checker/branch_3/artifacts/lca_tree_stress_v5/strong_gate_cf_exact_check_v4/runs/correctness_fuzz/random_recursive_mixed/n256/seed5_L0_Q0
correctness_fuzz,random_recursive_mixed,256,5,0,1,1,0,0,1,0.012584,2000,/Users/free_1/Library/Mobile Documents/iCloud~md~obsidian/Documents/cpp-checker/branch_3/artifacts/lca_tree_stress_v5/strong_gate_cf_exact_check_v4/runs/correctness_fuzz/random_recursive_mixed/n256/seed5_L0_Q1
correctness_fuzz,random_recursive_mixed,256,5,1,0,1,0,0,1,0.012614,2016,/Users/free_1/Library/Mobile Documents/iCloud~md~obsidian/Documents/cpp-checker/branch_3/artifacts/lca_tree_stress_v5/strong_gate_cf_exact_check_v4/runs/correctness_fuzz/random_recursive_mixed/n256/seed5_L1_Q0
correctness_fuzz,random_recursive_mixed,256,5,1,1,1,0,0,1,0.012581,2032,/Users/free_1/Library/Mobile Documents/iCloud~md~obsidian/Documents/cpp-checker/branch_3/artifacts/lca_tree_stress_v5/strong_gate_cf_exact_check_v4/runs/correctness_fuzz/random_recursive_mixed/n256/seed5_L1_Q1
correctness_fuzz,random_recursive_mixed,512,1,0,0,1,0,0,1,0.012571,2752,/Users/free_1/Library/Mobile Documents/iCloud~md~obsidian/Documents/cpp-checker/branch_3/artifacts/lca_tree_stress_v5/strong_gate_cf_exact_check_v4/runs/correctness_fuzz/random_recursive_mixed/n512/seed1_L0_Q0
correctness_fuzz,random_recursive_mixed,512,1,0,1,1,0,0,1,0.012575,2752,/Users/free_1/Library/Mobile Documents/iCloud~md~obsidian/Documents/cpp-checker/branch_3/artifacts/lca_tree_stress_v5/strong_gate_cf_exact_check_v4/runs/correctness_fuzz/random_recursive_mixed/n512/seed1_L0_Q1
correctness_fuzz,random_recursive_mixed,512,1,1,0,1,0,0,1,0.012571,2784,/Users/free_1/Library/Mobile Documents/iCloud~md~obsidian/Documents/cpp-checker/branch_3/artifacts/lca_tree_stress_v5/strong_gate_cf_exact_check_v4/runs/correctness_fuzz/random_recursive_mixed/n512/seed1_L1_Q0
correctness_fuzz,random_recursive_mixed,512,1,1,1,1,0,0,1,0.012594,2752,/Users/free_1/Library/Mobile Documents/iCloud~md~obsidian/Documents/cpp-checker/branch_3/artifacts/lca_tree_stress_v5/strong_gate_cf_exact_check_v4/runs/correctness_fuzz/random_recursive_mixed/n512/seed1_L1_Q1
correctness_fuzz,random_recursive_mixed,512,2,0,0,1,0,0,1,0.012593,2640,/Users/free_1/Library/Mobile Documents/iCloud~md~obsidian/Documents/cpp-checker/branch_3/artifacts/lca_tree_stress_v5/strong_gate_cf_exact_check_v4/runs/correctness_fuzz/random_recursive_mixed/n512/seed2_L0_Q0
correctness_fuzz,random_recursive_mixed,512,2,0,1,1,0,0,1,0.012582,2656,/Users/free_1/Library/Mobile Documents/iCloud~md~obsidian/Documents/cpp-checker/branch_3/artifacts/lca_tree_stress_v5/strong_gate_cf_exact_check_v4/runs/correctness_fuzz/random_recursive_mixed/n512/seed2_L0_Q1
correctness_fuzz,random_recursive_mixed,512,2,1,0,1,0,0,1,0.012591,2672,/Users/free_1/Library/Mobile Documents/iCloud~md~obsidian/Documents/cpp-checker/branch_3/artifacts/lca_tree_stress_v5/strong_gate_cf_exact_check_v4/runs/correctness_fuzz/random_recursive_mixed/n512/seed2_L1_Q0
correctness_fuzz,random_recursive_mixed,512,2,1,1,1,0,0,1,0.012488,2640,/Users/free_1/Library/Mobile Documents/iCloud~md~obsidian/Documents/cpp-checker/branch_3/artifacts/lca_tree_stress_v5/strong_gate_cf_exact_check_v4/runs/correctness_fuzz/random_recursive_mixed/n512/seed2_L1_Q1
correctness_fuzz,random_recursive_mixed,512,3,0,0,1,0,0,1,0.011111,2720,/Users/free_1/Library/Mobile Documents/iCloud~md~obsidian/Documents/cpp-checker/branch_3/artifacts/lca_tree_stress_v5/strong_gate_cf_exact_check_v4/runs/correctness_fuzz/random_recursive_mixed/n512/seed3_L0_Q0
correctness_fuzz,random_recursive_mixed,512,3,0,1,1,0,0,1,0.012590,2688,/Users/free_1/Library/Mobile Documents/iCloud~md~obsidian/Documents/cpp-checker/branch_3/artifacts/lca_tree_stress_v5/strong_gate_cf_exact_check_v4/runs/correctness_fuzz/random_recursive_mixed/n512/seed3_L0_Q1
correctness_fuzz,random_recursive_mixed,512,3,1,0,1,0,0,1,0.012143,2720,/Users/free_1/Library/Mobile Documents/iCloud~md~obsidian/Documents/cpp-checker/branch_3/artifacts/lca_tree_stress_v5/strong_gate_cf_exact_check_v4/runs/correctness_fuzz/random_recursive_mixed/n512/seed3_L1_Q0
correctness_fuzz,random_recursive_mixed,512,3,1,1,1,0,0,1,0.021636,2704,/Users/free_1/Library/Mobile Documents/iCloud~md~obsidian/Documents/cpp-checker/branch_3/artifacts/lca_tree_stress_v5/strong_gate_cf_exact_check_v4/runs/correctness_fuzz/random_recursive_mixed/n512/seed3_L1_Q1
correctness_fuzz,random_recursive_mixed,512,4,0,0,1,0,0,1,0.012593,2608,/Users/free_1/Library/Mobile Documents/iCloud~md~obsidian/Documents/cpp-checker/branch_3/artifacts/lca_tree_stress_v5/strong_gate_cf_exact_check_v4/runs/correctness_fuzz/random_recursive_mixed/n512/seed4_L0_Q0
correctness_fuzz,random_recursive_mixed,512,4,0,1,1,0,0,1,0.012582,2624,/Users/free_1/Library/Mobile Documents/iCloud~md~obsidian/Documents/cpp-checker/branch_3/artifacts/lca_tree_stress_v5/strong_gate_cf_exact_check_v4/runs/correctness_fuzz/random_recursive_mixed/n512/seed4_L0_Q1
correctness_fuzz,random_recursive_mixed,512,4,1,0,1,0,0,1,0.012390,2656,/Users/free_1/Library/Mobile Documents/iCloud~md~obsidian/Documents/cpp-checker/branch_3/artifacts/lca_tree_stress_v5/strong_gate_cf_exact_check_v4/runs/correctness_fuzz/random_recursive_mixed/n512/seed4_L1_Q0
correctness_fuzz,random_recursive_mixed,512,4,1,1,1,0,0,1,0.012576,2624,/Users/free_1/Library/Mobile Documents/iCloud~md~obsidian/Documents/cpp-checker/branch_3/artifacts/lca_tree_stress_v5/strong_gate_cf_exact_check_v4/runs/correctness_fuzz/random_recursive_mixed/n512/seed4_L1_Q1
correctness_fuzz,random_recursive_mixed,512,5,0,0,1,0,0,1,0.012575,2592,/Users/free_1/Library/Mobile Documents/iCloud~md~obsidian/Documents/cpp-checker/branch_3/artifacts/lca_tree_stress_v5/strong_gate_cf_exact_check_v4/runs/correctness_fuzz/random_recursive_mixed/n512/seed5_L0_Q0
correctness_fuzz,random_recursive_mixed,512,5,0,1,1,0,0,1,0.010120,2608,/Users/free_1/Library/Mobile Documents/iCloud~md~obsidian/Documents/cpp-checker/branch_3/artifacts/lca_tree_stress_v5/strong_gate_cf_exact_check_v4/runs/correctness_fuzz/random_recursive_mixed/n512/seed5_L0_Q1
correctness_fuzz,random_recursive_mixed,512,5,1,0,1,0,0,1,0.010139,2608,/Users/free_1/Library/Mobile Documents/iCloud~md~obsidian/Documents/cpp-checker/branch_3/artifacts/lca_tree_stress_v5/strong_gate_cf_exact_check_v4/runs/correctness_fuzz/random_recursive_mixed/n512/seed5_L1_Q0
correctness_fuzz,random_recursive_mixed,512,5,1,1,1,0,0,1,0.011876,2624,/Users/free_1/Library/Mobile Documents/iCloud~md~obsidian/Documents/cpp-checker/branch_3/artifacts/lca_tree_stress_v5/strong_gate_cf_exact_check_v4/runs/correctness_fuzz/random_recursive_mixed/n512/seed5_L1_Q1
correctness_fuzz,random_recursive_mixed,1024,1,0,0,1,0,0,1,0.021546,4160,/Users/free_1/Library/Mobile Documents/iCloud~md~obsidian/Documents/cpp-checker/branch_3/artifacts/lca_tree_stress_v5/strong_gate_cf_exact_check_v4/runs/correctness_fuzz/random_recursive_mixed/n1024/seed1_L0_Q0
correctness_fuzz,random_recursive_mixed,1024,1,0,1,1,0,0,1,0.025131,4128,/Users/free_1/Library/Mobile Documents/iCloud~md~obsidian/Documents/cpp-checker/branch_3/artifacts/lca_tree_stress_v5/strong_gate_cf_exact_check_v4/runs/correctness_fuzz/random_recursive_mixed/n1024/seed1_L0_Q1
correctness_fuzz,random_recursive_mixed,1024,1,1,0,1,0,0,1,0.012575,4160,/Users/free_1/Library/Mobile Documents/iCloud~md~obsidian/Documents/cpp-checker/branch_3/artifacts/lca_tree_stress_v5/strong_gate_cf_exact_check_v4/runs/correctness_fuzz/random_recursive_mixed/n1024/seed1_L1_Q0
correctness_fuzz,random_recursive_mixed,1024,1,1,1,1,0,0,1,0.022847,4240,/Users/free_1/Library/Mobile Documents/iCloud~md~obsidian/Documents/cpp-checker/branch_3/artifacts/lca_tree_stress_v5/strong_gate_cf_exact_check_v4/runs/correctness_fuzz/random_recursive_mixed/n1024/seed1_L1_Q1
correctness_fuzz,random_recursive_mixed,1024,2,0,0,1,0,0,1,0.012574,3904,/Users/free_1/Library/Mobile Documents/iCloud~md~obsidian/Documents/cpp-checker/branch_3/artifacts/lca_tree_stress_v5/strong_gate_cf_exact_check_v4/runs/correctness_fuzz/random_recursive_mixed/n1024/seed2_L0_Q0
correctness_fuzz,random_recursive_mixed,1024,2,0,1,1,0,0,1,0.012586,3824,/Users/free_1/Library/Mobile Documents/iCloud~md~obsidian/Documents/cpp-checker/branch_3/artifacts/lca_tree_stress_v5/strong_gate_cf_exact_check_v4/runs/correctness_fuzz/random_recursive_mixed/n1024/seed2_L0_Q1
correctness_fuzz,random_recursive_mixed,1024,2,1,0,1,0,0,1,0.012574,3968,/Users/free_1/Library/Mobile Documents/iCloud~md~obsidian/Documents/cpp-checker/branch_3/artifacts/lca_tree_stress_v5/strong_gate_cf_exact_check_v4/runs/correctness_fuzz/random_recursive_mixed/n1024/seed2_L1_Q0
correctness_fuzz,random_recursive_mixed,1024,2,1,1,1,0,0,1,0.023287,3952,/Users/free_1/Library/Mobile Documents/iCloud~md~obsidian/Documents/cpp-checker/branch_3/artifacts/lca_tree_stress_v5/strong_gate_cf_exact_check_v4/runs/correctness_fuzz/random_recursive_mixed/n1024/seed2_L1_Q1
correctness_fuzz,random_recursive_mixed,1024,3,0,0,1,0,0,1,0.012599,3920,/Users/free_1/Library/Mobile Documents/iCloud~md~obsidian/Documents/cpp-checker/branch_3/artifacts/lca_tree_stress_v5/strong_gate_cf_exact_check_v4/runs/correctness_fuzz/random_recursive_mixed/n1024/seed3_L0_Q0
correctness_fuzz,random_recursive_mixed,1024,3,0,1,1,0,0,1,0.012577,3904,/Users/free_1/Library/Mobile Documents/iCloud~md~obsidian/Documents/cpp-checker/branch_3/artifacts/lca_tree_stress_v5/strong_gate_cf_exact_check_v4/runs/correctness_fuzz/random_recursive_mixed/n1024/seed3_L0_Q1
correctness_fuzz,random_recursive_mixed,1024,3,1,0,1,0,0,1,0.012138,3872,/Users/free_1/Library/Mobile Documents/iCloud~md~obsidian/Documents/cpp-checker/branch_3/artifacts/lca_tree_stress_v5/strong_gate_cf_exact_check_v4/runs/correctness_fuzz/random_recursive_mixed/n1024/seed3_L1_Q0
correctness_fuzz,random_recursive_mixed,1024,3,1,1,1,0,0,1,0.088143,3936,/Users/free_1/Library/Mobile Documents/iCloud~md~obsidian/Documents/cpp-checker/branch_3/artifacts/lca_tree_stress_v5/strong_gate_cf_exact_check_v4/runs/correctness_fuzz/random_recursive_mixed/n1024/seed3_L1_Q1
correctness_fuzz,random_recursive_mixed,1024,4,0,0,1,0,0,1,0.021846,3824,/Users/free_1/Library/Mobile Documents/iCloud~md~obsidian/Documents/cpp-checker/branch_3/artifacts/lca_tree_stress_v5/strong_gate_cf_exact_check_v4/runs/correctness_fuzz/random_recursive_mixed/n1024/seed4_L0_Q0
correctness_fuzz,random_recursive_mixed,1024,4,0,1,1,0,0,1,0.024794,3840,/Users/free_1/Library/Mobile Documents/iCloud~md~obsidian/Documents/cpp-checker/branch_3/artifacts/lca_tree_stress_v5/strong_gate_cf_exact_check_v4/runs/correctness_fuzz/random_recursive_mixed/n1024/seed4_L0_Q1
correctness_fuzz,random_recursive_mixed,1024,4,1,0,1,0,0,1,0.012608,3792,/Users/free_1/Library/Mobile Documents/iCloud~md~obsidian/Documents/cpp-checker/branch_3/artifacts/lca_tree_stress_v5/strong_gate_cf_exact_check_v4/runs/correctness_fuzz/random_recursive_mixed/n1024/seed4_L1_Q0
correctness_fuzz,random_recursive_mixed,1024,4,1,1,1,0,0,1,0.023904,3808,/Users/free_1/Library/Mobile Documents/iCloud~md~obsidian/Documents/cpp-checker/branch_3/artifacts/lca_tree_stress_v5/strong_gate_cf_exact_check_v4/runs/correctness_fuzz/random_recursive_mixed/n1024/seed4_L1_Q1
correctness_fuzz,random_recursive_mixed,1024,5,0,0,1,0,0,1,0.012621,3904,/Users/free_1/Library/Mobile Documents/iCloud~md~obsidian/Documents/cpp-checker/branch_3/artifacts/lca_tree_stress_v5/strong_gate_cf_exact_check_v4/runs/correctness_fuzz/random_recursive_mixed/n1024/seed5_L0_Q0
correctness_fuzz,random_recursive_mixed,1024,5,0,1,1,0,0,1,0.012597,3888,/Users/free_1/Library/Mobile Documents/iCloud~md~obsidian/Documents/cpp-checker/branch_3/artifacts/lca_tree_stress_v5/strong_gate_cf_exact_check_v4/runs/correctness_fuzz/random_recursive_mixed/n1024/seed5_L0_Q1
correctness_fuzz,random_recursive_mixed,1024,5,1,0,1,0,0,1,0.025013,3920,/Users/free_1/Library/Mobile Documents/iCloud~md~obsidian/Documents/cpp-checker/branch_3/artifacts/lca_tree_stress_v5/strong_gate_cf_exact_check_v4/runs/correctness_fuzz/random_recursive_mixed/n1024/seed5_L1_Q0
correctness_fuzz,random_recursive_mixed,1024,5,1,1,1,0,0,1,0.023008,3920,/Users/free_1/Library/Mobile Documents/iCloud~md~obsidian/Documents/cpp-checker/branch_3/artifacts/lca_tree_stress_v5/strong_gate_cf_exact_check_v4/runs/correctness_fuzz/random_recursive_mixed/n1024/seed5_L1_Q1
