256 11800
129 256 1
130 256 2
131 256 3
132 256 4
133 256 5
134 256 6
135 256 7
136 256 8
137 256 9
138 256 10
139 256 11
140 256 12
141 256 13
142 256 14
143 256 15
144 256 16
145 256 17
146 256 18
147 256 19
148 256 20
149 256 21
150 256 22
151 256 23
152 256 24
153 256 25
154 256 26
155 256 27
156 256 28
157 256 29
158 256 30
159 256 31
160 256 32
161 256 33
162 256 34
163 256 35
164 256 36
165 256 37
166 256 38
167 256 39
168 256 40
169 256 41
170 256 42
171 256 43
172 256 44
173 256 45
174 256 46
175 256 47
176 256 48
177 256 49
178 256 50
179 256 51
180 256 52
181 256 53
182 256 54
183 256 55
184 256 56
185 256 57
186 256 58
187 256 59
188 256 60
189 256 61
190 256 62
191 256 63
192 256 64
193 256 65
194 256 66
195 256 67
196 256 68
197 256 69
198 256 70
199 256 71
200 256 72
201 256 73
202 256 74
203 256 75
204 256 76
205 256 77
206 256 78
207 256 79
208 256 80
209 256 81
210 256 82
211 256 83
212 256 84
213 256 85
214 256 86
215 256 87
216 256 88
217 256 89
218 256 90
219 256 91
220 256 92
221 256 93
222 256 94
223 256 95
224 256 96
225 256 97
226 256 98
227 256 99
228 256 100
229 256 101
230 256 102
231 256 103
232 256 104
233 256 105
234 256 106
235 256 107
236 256 108
237 256 109
238 256 110
239 256 111
240 256 112
241 256 113
242 256 114
243 256 115
244 256 116
245 256 117
246 256 118
247 256 119
248 256 120
249 256 121
250 256 122
251 256 123
252 256 124
253 256 125
254 256 126
255 256 127
1 256 1
3 256 3
5 256 5
7 256 7
9 256 9
11 256 11
13 256 13
15 256 15
17 256 17
19 256 19
21 256 21
23 256 23
25 256 25
27 256 27
29 256 29
31 256 31
33 256 33
35 256 35
37 256 37
39 256 39
41 256 41
43 256 43
45 256 45
47 256 47
49 256 49
51 256 51
53 256 53
55 256 55
57 256 57
59 256 59
61 256 61
63 256 63
65 256 65
67 256 67
69 256 69
71 256 71
73 256 73
75 256 75
77 256 77
79 256 79
81 256 81
83 256 83
85 256 85
87 256 87
89 256 89
91 256 91
93 256 93
95 256 95
97 256 97
99 256 99
101 256 101
103 256 103
105 256 105
107 256 107
109 256 109
111 256 111
113 256 113
115 256 115
117 256 117
119 256 119
121 256 121
123 256 123
125 256 125
127 256 127
38 142 14
180 199 52
104 164 36
14 134 6
85 100 85
209 218 81
160 231 32
248 255 120
100 212 84
97 165 37
108 233 105
6 73 6
79 189 61
118 154 26
89 204 76
118 143 15
63 122 63
34 151 23
94 139 11
126 252 124
46 230 46
161 205 33
134 178 6
50 149 21
43 155 27
101 223 95
79 84 79
196 255 68
114 185 57
81 160 32
93 161 33
48 162 34
55 255 55
162 216 34
212 237 84
66 138 10
11 17 11
47 120 47
107 180 52
7 132 4
117 232 104
82 206 78
218 223 90
34 37 34
227 232 99
44 233 44
229 235 101
188 223 60
220 254 92
217 246 89
200 201 72
87 148 20
117 244 116
143 236 15
121 237 109
1 28 1
12 82 12
157 240 29
226 227 98
161 241 33
115 147 19
4 91 4
22 25 22
248 253 120
242 254 114
51 82 51
128 255 127
32 174 32
2 214 2
127 247 119
158 225 30
233 253 105
42 66 42
187 235 59
178 204 50
113 210 82
119 145 17
85 160 32
42 63 42
241 251 113
145 190 17
13 143 13
148 241 20
124 149 21
58 178 50
10 156 10
44 79 44
124 237 109
220 244 92
55 97 55
244 249 116
4 212 4
203 206 75
121 162 34
20 166 20
96 198 70
93 206 78
32 157 29
83 147 19
153 199 25
100 105 100
192 248 64
71 113 71
88 131 3
209 210 81
116 208 80
57 162 34
48 85 48
81 241 81
19 229 19
143 224 15
48 86 48
39 78 39
14 93 14
64 69 64
14 163 14
25 199 25
84 88 84
26 28 26
30 135 7
3 173 3
54 103 54
201 246 73
58 128 58
103 184 56
157 209 29
177 197 49
116 219 91
73 197 69
126 234 106
84 202 74
51 177 49
73 146 18
166 223 38
32 93 32
124 171 43
17 187 17
67 184 56
118 165 37
173 202 45
148 244 20
38 101 38
72 74 72
6 15 6
25 42 25
77 91 77
62 136 8
32 196 32
116 225 97
173 229 45
24 206 24
17 146 17
113 215 87
2 6 2
34 218 34
210 237 82
15 17 15
184 196 56
214 224 86
19 20 19
227 248 99
226 252 98
208 221 80
3 8 3
97 249 97
115 204 76
251 253 123
119 166 38
158 242 30
52 168 40
92 115 92
191 202 63
209 239 81
114 230 102
63 179 51
176 179 48
1 68 1
104 141 13
47 222 47
140 180 12
70 165 37
125 173 45
53 203 53
175 193 47
40 250 40
220 238 92
171 184 43
119 182 54
214 226 86
88 214 86
144 241 16
171 203 43
3 146 3
70 251 70
179 245 51
79 211 79
18 173 18
83 208 80
68 157 29
115 233 105
119 231 103
121 136 8
22 165 22
115 231 103
29 153 25
162 182 34
12 32 12
141 190 13
36 197 36
160 165 32
249 252 121
45 111 45
56 88 56
116 150 22
127 222 94
129 139 1
19 70 19
50 87 50
62 81 62
153 190 25
5 158 5
242 245 114
101 193 65
92 154 26
245 255 117
232 242 104
98 252 98
85 87 85
133 193 5
66 166 38
36 210 36
6 112 6
53 95 53
40 236 40
162 169 34
28 232 28
191 226 63
7 27 7
130 252 2
102 125 102
157 219 29
127 220 92
155 158 27
84 216 84
171 246 43
126 222 94
80 175 47
181 196 53
112 230 102
4 133 4
214 219 86
2 221 2
92 192 64
141 232 13
38 167 38
223 246 95
162 204 34
1 111 1
39 141 13
142 210 14
64 200 64
188 193 60
237 247 109
7 155 7
5 136 5
214 231 86
79 170 42
207 252 79
148 214 20
113 204 76
72 131 3
54 156 28
9 18 9
9 77 9
171 189 43
188 231 60
194 233 66
217 255 89
238 245 110
181 252 53
124 172 44
213 245 85
79 194 66
9 189 9
46 150 22
146 219 18
25 88 25
47 88 47
60 121 60
125 243 115
30 159 30
197 208 69
137 174 9
71 125 71
189 191 61
213 225 85
182 251 54
52 71 52
111 216 88
54 110 54
37 69 37
9 151 9
239 243 111
141 227 13
34 45 34
38 145 17
45 218 45
78 187 59
187 234 59
97 140 12
99 114 99
165 222 37
109 176 48
13 244 13
205 228 77
115 228 100
33 78 33
56 154 26
65 150 22
237 253 109
127 230 102
154 204 26
113 233 105
84 162 34
222 225 94
233 234 105
137 176 9
10 253 10
99 170 42
120 198 70
51 154 26
57 182 54
76 193 65
167 251 39
5 42 5
70 250 70
151 174 23
231 245 103
69 136 8
73 244 73
114 214 86
157 163 29
176 250 48
93 201 73
143 149 15
214 253 86
84 214 84
20 27 20
48 173 45
219 245 91
125 234 106
32 151 23
70 167 39
61 211 61
203 248 75
166 185 38
25 58 25
65 134 6
24 195 24
35 149 21
128 187 59
131 251 3
40 176 40
13 120 13
22 78 22
30 76 30
2 164 2
57 202 57
122 184 56
29 65 29
60 206 60
6 85 6
114 237 109
23 246 23
8 162 8
144 212 16
132 138 4
226 231 98
86 195 67
53 160 32
30 217 30
114 195 67
92 162 34
28 193 28
36 69 36
166 173 38
80 112 80
35 172 35
64 210 64
137 224 9
61 201 61
204 221 76
170 207 42
75 236 75
25 78 25
37 162 34
2 160 2
109 203 75
152 240 24
203 231 75
113 152 24
79 93 79
56 148 20
2 35 2
13 203 13
196 197 68
126 248 120
61 82 61
67 119 67
2 7 2
230 248 102
239 241 111
26 139 11
34 87 34
106 194 66
111 181 53
2 5 2
1 139 1
92 214 86
28 39 28
12 15 12
173 242 45
3 144 3
200 245 72
109 161 33
72 186 58
7 227 7
189 231 61
172 181 44
125 177 49
66 128 66
210 228 82
164 251 36
91 94 91
169 243 41
201 218 73
32 97 32
112 145 17
242 243 114
72 129 1
11 237 11
124 157 29
101 134 6
128 252 124
39 114 39
84 178 50
46 159 31
19 84 19
192 194 64
133 222 5
48 184 48
73 203 73
37 237 37
155 183 27
3 5 3
10 15 10
31 53 31
24 134 6
76 117 76
45 212 45
211 221 83
8 56 8
27 187 27
88 208 80
189 254 61
95 99 95
11 43 11
76 202 74
248 251 120
162 220 34
165 186 37
140 208 12
116 209 81
127 229 101
165 242 37
247 248 119
71 121 71
102 219 91
118 227 99
162 255 34
4 95 4
1 20 1
202 251 74
3 145 3
165 196 37
79 157 29
104 228 100
90 214 86
5 143 5
66 239 66
26 91 26
29 168 29
61 116 61
221 223 93
76 176 48
217 252 89
243 244 115
38 140 12
147 178 19
18 139 11
95 141 13
85 129 1
15 168 15
123 227 99
171 178 43
88 129 1
185 218 57
7 37 7
189 190 61
203 210 75
78 181 53
110 180 52
51 245 51
102 217 89
162 163 34
57 104 57
48 101 48
215 243 87
119 238 110
33 90 33
34 181 34
105 230 102
106 136 8
127 216 88
100 103 100
57 99 57
1 60 1
9 97 9
77 239 77
202 240 74
166 230 38
189 199 61
24 84 24
169 172 41
245 252 117
19 244 19
4 175 4
181 245 53
122 239 111
97 181 53
226 237 98
229 230 101
42 74 42
120 181 53
50 211 50
34 196 34
172 180 44
63 231 63
71 232 71
124 169 41
252 253 124
218 236 90
4 167 4
51 155 27
105 248 105
27 55 27
126 180 52
33 184 33
201 232 73
137 214 9
231 254 103
83 161 33
117 195 67
143 216 15
5 174 5
86 248 86
59 154 26
95 109 95
47 125 47
224 252 96
116 167 39
195 239 67
151 171 23
22 71 22
123 192 64
6 146 6
126 237 109
16 173 16
62 79 62
144 202 16
16 208 16
135 136 7
73 200 72
208 216 80
33 191 33
71 203 71
141 168 13
116 206 78
15 36 15
32 216 32
230 244 102
127 226 98
229 252 101
47 55 47
120 241 113
150 184 22
54 194 54
65 113 65
146 248 18
126 195 67
16 144 16
9 141 9
223 248 95
6 23 6
35 215 35
33 75 33
27 63 27
98 180 52
12 129 1
43 69 43
119 170 42
87 120 87
4 139 4
48 52 48
227 231 99
240 249 112
82 191 63
99 194 66
10 148 10
119 241 113
22 185 22
90 136 8
67 135 7
46 126 46
158 176 30
70 214 70
154 237 26
201 248 73
135 252 7
229 247 101
125 249 121
121 172 44
62 162 34
30 53 30
40 134 6
149 244 21
49 213 49
107 153 25
32 203 32
37 40 37
128 134 6
26 147 19
105 188 60
73 129 1
27 155 27
22 234 22
36 190 36
229 246 101
157 237 29
139 163 11
110 193 65
53 158 30
253 255 125
2 136 2
28 56 28
98 197 69
42 78 42
18 200 18
153 231 25
110 127 110
65 143 15
102 229 101
151 181 23
41 147 19
13 152 13
106 212 84
193 198 65
78 129 1
97 215 87
215 236 87
122 219 91
167 248 39
86 162 34
129 199 1
146 191 18
96 193 65
8 133 5
234 254 106
38 124 38
144 172 16
123 143 15
126 253 125
46 207 46
34 241 34
217 220 89
123 237 109
53 181 53
244 247 116
77 164 36
83 98 83
84 200 72
155 237 27
77 133 5
158 236 30
127 218 90
80 85 80
114 202 74
152 192 24
98 217 89
48 180 48
12 20 12
8 25 8
59 251 59
220 228 92
111 225 97
99 161 33
100 125 100
64 232 64
57 240 57
80 219 80
114 124 114
76 157 29
107 132 4
83 188 60
186 211 58
183 233 55
230 232 102
105 185 57
14 28 14
5 75 5
19 81 19
8 9 8
36 249 36
63 253 63
107 219 91
171 216 43
102 223 95
182 210 54
204 208 76
134 147 6
72 134 6
1 187 1
72 133 5
106 202 74
35 148 20
23 146 18
74 242 74
212 232 84
163 165 35
157 171 29
111 203 75
161 203 33
157 242 29
227 229 99
11 12 11
89 205 77
219 225 91
100 176 48
30 105 30
240 252 112
58 159 31
5 79 5
31 198 31
25 147 19
164 195 36
6 164 6
40 103 40
165 184 37
34 250 34
4 178 4
59 64 59
41 207 41
244 245 116
117 160 32
96 159 31
43 79 43
40 96 40
11 70 11
28 157 28
125 242 114
157 180 29
168 171 40
122 241 113
212 247 84
70 154 26
71 188 60
20 169 20
72 207 72
182 234 54
107 178 50
70 75 70
154 253 26
5 8 5
21 141 13
228 231 100
138 203 10
155 253 27
6 58 6
46 90 46
181 206 53
152 215 24
178 198 50
87 198 70
237 246 109
68 231 68
85 187 59
136 179 8
156 169 28
110 120 110
117 219 91
19 39 19
108 176 48
26 54 26
57 160 32
50 114 50
203 232 75
85 209 81
21 159 21
51 150 22
152 193 24
130 224 2
47 160 32
156 252 28
146 226 18
27 112 27
87 168 40
84 197 69
154 180 26
62 131 3
139 225 11
19 59 19
77 203 75
100 223 95
107 150 22
63 200 63
52 95 52
121 151 23
116 234 106
163 245 35
77 166 38
124 233 105
178 194 50
241 250 113
117 226 98
122 227 99
243 246 115
22 47 22
56 141 13
5 116 5
12 132 4
90 240 90
197 243 69
32 131 3
120 184 56
13 104 13
96 118 96
18 198 18
176 217 48
178 238 50
23 28 23
135 190 7
87 238 87
187 205 59
105 178 50
17 50 17
20 61 20
57 97 57
246 253 118
195 226 67
119 196 68
66 78 66
91 170 42
159 190 31
182 196 54
239 250 111
120 204 76
16 231 16
52 223 52
82 204 76
107 156 28
52 181 52
134 172 6
106 206 78
126 140 12
42 139 11
216 251 88
163 222 35
173 196 45
25 138 10
26 135 7
189 245 61
122 197 69
51 128 51
105 146 18
212 220 84
241 253 113
16 193 16
113 196 68
40 235 40
190 195 62
221 245 93
219 248 91
116 222 94
254 255 126
168 247 40
8 171 8
107 220 92
143 169 15
153 218 25
55 155 27
116 235 107
203 237 75
207 231 79
111 178 50
57 113 57
235 252 107
150 182 22
19 150 19
99 162 34
140 224 12
45 246 45
239 252 111
202 214 74
117 129 1
66 182 54
47 143 15
184 197 56
52 196 52
231 242 103
17 140 12
24 238 24
188 204 60
55 184 55
11 150 11
23 76 23
33 206 33
162 170 34
189 226 61
85 192 64
137 169 9
82 200 72
120 246 118
75 193 65
107 203 75
31 211 31
35 153 25
145 245 17
50 73 50
216 224 88
175 182 47
211 212 83
1 2 1
8 241 8
82 170 42
118 128 118
35 190 35
108 202 74
97 133 5
140 155 12
42 119 42
102 210 82
174 219 46
78 196 68
53 75 53
200 216 72
134 241 6
211 235 83
112 144 16
27 235 27
31 129 1
121 245 117
25 44 25
90 202 74
31 37 31
163 169 35
217 250 89
209 235 81
48 94 48
110 167 39
68 85 68
236 251 108
190 222 62
132 185 4
128 246 118
212 217 84
103 198 70
190 230 62
94 110 94
46 147 19
13 238 13
23 190 23
123 230 102
37 150 22
188 241 60
93 196 68
126 145 17
28 123 28
227 242 99
233 235 105
2 185 2
104 144 16
27 36 27
1 112 1
250 253 122
39 63 39
139 207 11
214 227 86
14 158 14
113 141 13
136 211 8
241 242 113
200 250 72
74 79 74
1 6 1
122 232 104
77 153 25
127 175 47
51 202 51
115 138 10
99 217 89
115 237 109
138 144 10
62 192 62
119 185 57
114 125 114
23 219 23
118 147 19
111 162 34
25 26 25
160 229 32
122 129 1
10 157 10
126 229 101
83 106 83
83 143 15
246 255 118
21 169 21
161 218 33
38 141 13
46 85 46
20 44 20
106 170 42
229 242 101
242 246 114
54 155 27
3 159 3
5 77 5
125 252 124
219 255 91
10 237 10
226 253 98
100 191 63
42 55 42
173 195 45
155 240 27
116 238 110
169 242 41
212 219 84
245 246 117
122 222 94
188 242 60
223 229 95
10 61 10
212 230 84
70 163 35
217 233 89
106 227 99
178 206 50
43 125 43
227 228 99
135 155 7
62 158 30
108 228 100
54 72 54
189 228 61
20 102 20
17 60 17
37 121 37
20 231 20
213 249 85
17 180 17
83 154 26
58 198 58
9 73 9
77 193 65
187 212 59
40 137 9
6 20 6
56 68 56
128 219 91
139 226 11
11 35 11
5 6 5
81 97 81
172 178 44
102 192 64
67 215 67
178 247 50
162 212 34
31 239 31
165 197 37
132 173 4
37 55 37
118 206 78
76 165 37
161 186 33
148 233 20
120 232 104
117 135 7
119 157 29
123 151 23
231 233 103
194 249 66
84 199 71
5 67 5
2 66 2
60 85 60
31 95 31
146 234 18
120 247 119
152 170 24
1 3 1
189 244 61
68 189 61
152 169 24
98 204 76
11 244 11
140 196 12
181 201 53
93 252 93
5 145 5
18 87 18
68 168 40
12 155 12
31 186 31
21 65 21
113 222 94
246 254 118
78 219 78
31 229 31
77 236 77
27 149 21
74 164 36
205 215 77
19 146 18
66 167 39
29 219 29
33 49 33
49 69 49
51 252 51
6 165 6
244 255 116
128 180 52
8 28 8
206 241 78
148 242 20
198 254 70
215 231 87
79 135 7
244 254 116
121 134 6
162 227 34
228 251 100
15 97 15
50 156 28
30 164 30
189 194 61
93 132 4
2 111 2
251 252 123
136 203 8
110 215 87
60 194 60
4 146 4
147 231 19
163 173 35
60 71 60
66 143 15
228 234 100
249 255 121
218 231 90
94 255 94
139 153 11
66 205 66
87 200 72
115 213 85
150 176 22
226 238 98
113 174 46
104 172 44
5 19 5
123 240 112
200 247 72
118 238 110
208 255 80
50 207 50
104 197 69
61 159 31
32 176 32
67 195 67
131 206 3
141 189 13
14 190 14
32 153 25
68 187 59
27 76 27
4 62 4
1 152 1
12 189 12
100 254 100
204 210 76
107 204 76
216 220 88
95 188 60
128 233 105
71 191 63
133 167 5
5 95 5
186 247 58
67 110 67
107 130 2
123 250 122
81 83 81
118 225 97
155 203 27
64 72 64
113 240 112
198 228 70
192 243 64
35 163 35
7 49 7
118 245 117
89 148 20
43 177 43
108 142 14
9 52 9
159 208 31
161 181 33
54 224 54
148 160 20
57 227 57
26 205 26
173 243 45
128 231 103
86 191 63
142 240 14
176 239 48
61 168 40
107 216 88
120 175 47
127 233 105
51 187 51
133 241 5
111 185 57
157 192 29
9 79 9
214 250 86
97 227 97
225 253 97
95 190 62
49 179 49
114 219 91
94 125 94
1 130 1
8 163 8
66 242 66
121 208 80
119 132 4
129 166 1
13 155 13
64 107 64
217 231 89
236 249 108
40 249 40
114 143 15
38 143 15
160 169 32
73 131 3
147 223 19
178 232 50
126 251 123
134 206 6
62 178 50
141 204 13
74 218 74
40 99 40
110 188 60
236 245 108
89 225 89
8 65 8
15 176 15
48 243 48
38 158 30
76 197 69
124 229 101
20 180 20
106 236 106
219 251 91
51 219 51
47 86 47
68 137 9
164 198 36
21 229 21
7 80 7
7 74 7
134 193 6
35 45 35
69 93 69
214 254 86
117 227 99
165 214 37
115 186 58
162 188 34
239 240 111
181 207 53
1 7 1
156 170 28
135 223 7
83 164 36
64 197 64
88 228 88
9 24 9
36 227 36
97 221 93
94 127 94
21 56 21
63 103 63
42 199 42
87 219 87
52 137 9
8 42 8
144 156 16
125 218 90
58 250 58
201 253 73
11 211 11
72 184 56
114 238 110
7 233 7
190 225 62
125 194 66
121 247 119
101 155 27
56 169 41
64 129 1
10 182 10
118 244 116
27 163 27
136 205 8
37 91 37
146 167 18
48 204 48
156 223 28
234 247 106
1 13 1
3 46 3
170 191 42
65 255 65
14 72 14
91 147 19
239 249 111
249 254 121
40 194 40
123 194 66
106 213 85
97 139 11
41 224 41
190 202 62
122 221 93
120 195 67
9 218 9
43 167 39
195 236 67
109 210 82
126 230 102
165 215 37
52 225 52
41 144 16
124 162 34
125 229 101
113 231 103
79 249 79
28 242 28
228 247 100
169 174 41
85 207 79
89 173 45
32 173 32
201 230 73
173 250 45
114 169 41
19 205 19
119 239 111
163 213 35
6 182 6
140 217 12
147 152 19
48 81 48
20 207 20
84 192 64
167 234 39
169 224 41
107 214 86
102 237 102
7 150 7
47 180 47
29 59 29
128 230 102
7 93 7
66 248 66
124 250 122
11 110 11
12 69 12
42 149 21
66 253 66
19 241 19
126 238 110
28 161 28
8 176 8
82 141 13
51 173 45
59 161 33
34 145 17
71 190 62
119 224 96
4 135 4
95 208 80
190 218 62
123 183 55
161 216 33
80 194 66
22 175 22
96 172 44
60 73 60
118 239 111
27 37 27
128 242 114
181 219 53
46 130 2
122 151 23
109 231 103
222 255 94
119 234 106
32 205 32
8 49 8
82 120 82
58 251 58
179 198 51
10 167 10
75 168 40
12 65 12
235 241 107
43 169 41
154 246 26
18 227 18
85 125 85
28 133 5
186 249 58
110 195 67
235 245 107
25 75 25
157 181 29
61 165 37
138 221 10
81 220 81
36 204 36
45 115 45
47 138 10
22 249 22
214 235 86
58 170 42
7 38 7
250 254 122
69 187 59
85 204 76
113 159 31
31 67 31
148 168 20
31 222 31
42 84 42
96 149 21
22 38 22
118 151 23
10 154 10
184 185 56
149 241 21
46 194 46
210 241 82
217 236 89
17 82 17
110 227 99
78 202 74
153 167 25
6 227 6
15 25 15
51 151 23
61 150 22
205 224 77
53 161 33
5 255 5
20 179 20
117 151 23
214 255 86
130 182 2
166 211 38
54 142 14
38 54 38
249 250 121
128 225 97
41 225 41
15 91 15
88 176 48
6 7 6
161 206 33
4 161 4
79 103 79
114 199 71
46 160 32
169 188 41
156 157 28
146 202 18
76 209 76
175 190 47
27 216 27
105 212 84
3 134 3
158 210 30
16 154 16
202 205 74
124 174 46
128 198 70
2 155 2
83 203 75
135 241 7
194 205 66
4 6 4
92 185 57
131 171 3
67 175 47
124 242 114
139 200 11
96 126 96
115 210 82
238 247 110
20 46 20
117 207 79
228 242 100
38 155 27
95 252 95
112 188 60
41 48 41
20 138 10
118 237 109
216 244 88
50 122 50
125 179 51
10 99 10
19 118 19
1 10 1
38 48 38
242 255 114
220 245 92
62 133 5
134 246 6
53 183 53
26 175 26
81 192 64
68 143 15
149 198 21
91 250 91
104 215 87
136 231 8
86 184 56
19 51 19
71 252 71
183 238 55
248 250 120
33 214 33
125 221 93
128 172 44
97 147 19
19 234 19
234 245 106
115 196 68
45 102 45
41 138 10
118 171 43
98 223 95
88 165 37
31 61 31
103 187 59
15 18 15
30 32 30
172 224 44
122 238 110
95 165 37
106 246 106
34 251 34
129 130 1
80 159 31
115 134 6
193 254 65
8 136 8
243 250 115
251 255 123
6 145 6
45 128 45
210 250 82
153 155 25
16 158 16
10 142 10
185 224 57
234 237 106
226 254 98
1 132 1
118 215 87
60 133 5
158 250 30
25 229 25
94 152 24
149 211 21
163 228 35
193 201 65
110 160 32
178 235 50
42 92 42
79 204 76
198 231 70
52 221 52
208 234 80
20 79 20
139 245 11
199 212 71
35 195 35
132 193 4
190 248 62
156 177 28
64 222 64
140 173 12
103 183 55
175 239 47
220 230 92
9 183 9
102 169 41
189 200 61
218 228 90
99 120 99
26 220 26
65 106 65
82 122 82
222 229 94
151 210 23
79 80 79
57 210 57
117 239 111
36 166 36
16 189 16
166 175 38
160 161 32
186 205 58
20 219 20
127 254 126
96 130 2
203 214 75
168 203 40
96 186 58
105 215 87
21 237 21
120 248 120
22 158 22
59 176 48
21 80 21
154 200 26
72 148 20
242 247 114
24 182 24
35 66 35
58 215 58
91 157 29
44 165 37
106 178 50
135 189 7
117 218 90
53 192 53
15 229 15
192 246 64
98 207 79
56 155 27
220 243 92
99 210 82
103 157 29
83 131 3
45 211 45
220 231 92
186 210 58
122 228 100
103 214 86
99 218 90
1 11 1
27 137 9
125 202 74
103 222 94
120 160 32
138 229 10
36 243 36
28 178 28
93 219 91
66 153 25
238 254 110
102 174 46
82 168 40
23 230 23
29 174 29
197 221 69
36 245 36
128 166 38
114 224 96
41 226 41
112 202 74
197 239 69
134 198 6
87 167 39
49 61 49
243 254 115
121 192 64
97 241 97
62 247 62
119 229 101
85 118 85
60 61 60
145 168 17
233 255 105
151 185 23
145 244 17
22 37 22
37 49 37
120 244 116
139 167 11
140 242 12
91 215 87
195 231 67
164 250 36
234 244 106
131 157 3
122 233 105
38 61 38
181 194 53
22 94 22
220 227 92
234 235 106
100 139 11
64 190 62
135 152 7
207 208 79
9 188 9
167 239 39
57 196 57
233 241 105
3 88 3
25 189 25
104 210 82
2 173 2
208 241 80
63 155 27
85 166 38
25 35 25
16 134 6
4 210 4
183 241 55
108 156 28
35 210 35
69 178 50
84 185 57
10 102 10
23 156 23
93 209 81
82 151 23
11 180 11
26 182 26
28 64 28
69 159 31
38 56 38
90 174 46
27 188 27
106 158 30
13 15 13
16 142 14
59 174 46
115 209 81
28 250 28
7 182 7
63 157 29
53 149 21
147 225 19
181 239 53
232 244 104
218 245 90
71 187 59
218 229 90
134 139 6
132 154 4
31 88 31
80 117 80
10 160 10
203 213 75
90 201 73
128 167 39
53 62 53
88 111 88
67 238 67
20 132 4
84 195 67
99 153 25
115 199 71
95 136 8
197 217 69
119 163 35
79 110 79
132 204 4
2 130 2
34 180 34
34 232 34
1 22 1
7 18 7
91 130 2
41 172 41
33 136 8
161 255 33
46 140 12
9 64 9
63 153 25
212 213 84
98 186 58
169 230 41
109 214 86
77 129 1
158 170 30
149 235 21
120 147 19
188 197 60
163 201 35
207 255 79
98 150 22
193 231 65
21 198 21
18 148 18
49 171 43
213 218 85
121 219 91
96 153 25
101 161 33
136 232 8
114 163 35
209 211 81
26 120 26
57 235 57
160 241 32
128 235 107
26 76 26
25 97 25
165 241 37
24 25 24
54 76 54
119 222 94
149 224 21
15 101 15
69 108 69
123 144 16
46 181 46
93 199 71
164 197 36
182 221 54
49 175 47
207 247 79
7 137 7
54 97 54
116 241 113
237 243 109
129 182 1
94 184 56
57 59 57
53 156 28
1 133 1
18 78 18
79 179 51
121 178 50
189 247 61
58 86 58
62 182 54
158 215 30
178 214 50
163 225 35
123 242 114
120 233 105
15 157 15
30 61 30
127 232 104
114 233 105
74 207 74
24 71 24
11 30 11
22 236 22
112 113 112
177 254 49
226 240 98
132 210 4
110 148 20
156 232 28
60 219 60
195 207 67
58 110 58
52 106 52
92 219 91
186 251 58
118 168 40
52 207 52
45 124 45
159 161 31
67 161 33
226 230 98
65 118 65
126 236 108
230 238 102
49 56 49
33 220 33
149 167 21
151 213 23
15 31 15
16 38 16
151 169 23
165 167 37
2 232 2
46 221 46
58 150 22
27 31 27
37 52 37
33 54 33
41 65 41
99 212 84
125 251 123
13 70 13
123 244 116
130 134 2
97 155 27
120 245 117
99 222 94
187 226 59
23 24 23
105 177 49
32 223 32
106 188 60
18 219 18
224 229 96
50 144 16
21 252 21
51 105 51
110 210 82
71 159 31
29 38 29
45 178 45
10 247 10
20 159 20
217 221 89
101 237 101
81 150 22
125 158 30
144 199 16
196 242 68
22 77 22
210 251 82
2 182 2
47 210 47
69 242 69
72 214 72
32 185 32
4 66 4
46 214 46
112 243 112
120 208 80
53 221 53
246 251 118
10 18 10
24 239 24
133 251 5
57 190 57
105 109 105
108 255 108
3 10 3
44 139 11
117 170 42
93 98 93
86 153 25
199 254 71
140 228 12
83 239 83
225 236 97
20 39 20
1 21 1
123 245 117
47 94 47
127 231 103
122 154 26
205 220 77
142 229 14
51 90 51
119 230 102
122 160 32
174 226 46
18 214 18
46 105 46
39 158 30
116 236 108
155 245 27
128 250 122
208 248 80
82 243 82
12 38 12
97 142 14
129 175 1
100 205 77
87 208 80
87 158 30
230 254 102
26 31 26
62 229 62
26 249 26
121 142 14
204 209 76
170 175 42
167 195 39
116 169 41
69 157 29
13 22 13
146 210 18
176 215 48
77 167 39
26 39 26
146 168 18
221 251 93
111 144 16
134 160 6
58 166 38
93 216 88
115 139 11
117 243 115
95 101 95
225 230 97
68 190 62
105 135 7
3 78 3
80 164 36
19 184 19
178 248 50
51 223 51
116 120 116
101 198 70
5 134 5
51 131 3
189 255 61
182 205 54
13 149 13
151 154 23
67 142 14
111 232 104
89 140 12
187 216 59
128 158 30
175 216 47
212 253 84
223 237 95
19 29 19
129 251 1
11 172 11
193 204 65
104 230 102
189 220 61
41 197 41
95 225 95
223 235 95
210 225 82
199 231 71
114 115 114
14 254 14
96 173 45
230 247 102
55 250 55
71 194 66
207 237 79
74 189 61
3 129 1
158 188 30
93 237 93
98 203 75
55 63 55
42 122 42
175 225 47
13 72 13
213 250 85
20 141 13
136 194 8
74 99 74
18 254 18
121 224 96
13 31 13
116 205 77
91 140 12
25 142 14
3 164 3
252 254 124
103 225 97
7 98 7
3 157 3
57 88 57
20 47 20
99 159 31
82 195 67
121 199 71
229 231 101
177 247 49
11 160 11
145 241 17
55 92 55
98 184 56
106 201 73
60 131 3
102 170 42
3 207 3
10 14 10
164 236 36
189 204 61
113 167 39
128 248 120
59 124 59
91 201 73
85 165 37
9 16 9
149 203 21
168 188 40
14 43 14
1 224 1
125 247 119
2 133 2
136 153 8
74 197 69
38 116 38
220 240 92
7 164 7
20 130 2
86 151 23
201 211 73
107 229 101
42 215 42
97 213 85
35 77 35
128 254 126
2 79 2
235 236 107
122 246 118
116 210 82
36 159 31
79 140 12
62 144 16
4 11 4
179 182 51
50 143 15
1 138 1
47 72 47
110 186 58
104 110 104
215 238 87
10 106 10
152 236 24
63 134 6
209 223 81
170 178 42
102 123 102
47 130 2
41 188 41
154 186 26
208 220 80
106 162 34
224 226 96
9 148 9
22 230 22
190 237 62
190 217 62
75 222 75
109 197 69
225 240 97
9 164 9
14 146 14
14 86 14
1 141 1
145 166 17
78 130 2
162 171 34
193 235 65
124 184 56
188 230 60
21 155 21
104 224 96
10 29 10
107 148 20
141 172 13
31 218 31
195 208 67
5 252 5
13 227 13
116 242 114
170 187 42
125 190 62
37 124 37
43 132 4
69 189 61
71 99 71
144 214 16
181 203 53
158 195 30
125 244 116
116 193 65
161 165 33
34 56 34
48 175 47
117 188 60
81 123 81
103 206 78
20 151 20
188 236 60
202 235 74
86 115 86
96 249 96
92 157 29
70 184 56
99 158 30
41 88 41
47 137 9
222 240 94
117 209 81
2 15 2
245 254 117
90 212 84
11 230 11
59 172 44
13 242 13
147 163 19
123 193 65
208 250 80
120 255 120
178 203 50
11 54 11
46 165 37
7 23 7
237 240 109
242 251 114
100 235 100
126 220 92
89 228 89
29 204 29
85 94 85
17 168 17
10 139 10
188 219 60
16 155 16
97 177 49
219 238 91
190 238 62
223 245 95
16 104 16
163 198 35
36 186 36
124 224 96
120 187 59
149 248 21
8 100 8
29 180 29
118 214 86
65 229 65
128 239 111
15 197 15
128 229 101
77 186 58
79 147 19
127 144 16
84 147 19
95 236 95
170 227 42
128 181 53
17 45 17
72 167 39
138 161 10
201 250 73
45 85 45
158 175 30
245 247 117
39 115 39
6 171 6
86 203 75
111 233 105
88 219 88
208 218 80
76 143 15
25 165 25
136 191 8
161 231 33
197 215 69
93 170 42
215 225 87
150 190 22
135 226 7
77 159 31
24 50 24
125 224 96
89 146 18
107 226 98
88 155 27
35 95 35
111 245 111
158 214 30
7 43 7
105 152 24
63 133 5
18 43 18
232 234 104
17 246 17
124 215 87
5 82 5
70 160 32
53 228 53
112 178 50
99 204 76
15 19 15
2 191 2
231 249 103
91 211 83
111 241 111
6 249 6
169 253 41
42 128 42
161 254 33
90 113 90
40 164 36
206 216 78
50 84 50
46 212 46
246 248 118
96 140 12
117 186 58
116 218 90
49 178 49
61 183 55
24 57 24
27 131 3
12 58 12
76 188 60
109 156 28
10 11 10
33 140 12
63 190 62
126 201 73
147 213 19
29 164 29
35 208 35
149 222 21
93 174 46
250 255 122
66 141 13
74 214 74
101 177 49
102 193 65
61 111 61
174 187 46
167 170 39
99 200 72
6 18 6
104 190 62
110 201 73
114 216 88
151 244 23
177 234 49
22 248 22
117 134 6
205 209 77
40 191 40
159 182 31
123 168 40
132 229 4
118 174 46
45 180 45
106 231 103
61 222 61
39 58 39
95 219 91
12 187 12
232 236 104
53 123 53
124 251 123
34 176 34
191 236 63
206 246 78
167 202 39
223 239 95
60 246 60
2 31 2
173 179 45
72 172 44
81 168 40
150 158 22
126 239 111
6 212 6
124 186 58
178 181 50
147 252 19
13 83 13
22 244 22
74 131 3
2 176 2
133 253 5
121 226 98
195 203 67
40 94 40
153 239 25
174 210 46
24 34 24
39 170 39
40 88 40
123 145 17
48 149 21
111 172 44
33 42 33
12 243 12
228 254 100
86 158 30
61 79 61
111 154 26
59 181 53
252 255 124
172 200 44
55 231 55
111 238 110
114 241 113
83 218 83
92 150 22
81 109 81
19 58 19
5 54 5
121 210 82
49 100 49
194 255 66
166 205 38
248 252 120
45 80 45
11 239 11
52 247 52
114 205 77
182 211 54
195 244 67
4 86 4
138 152 10
2 12 2
58 101 58
162 248 34
7 185 7
115 223 95
98 136 8
48 61 48
251 254 123
164 209 36
85 201 73
229 240 101
46 173 45
43 182 43
155 186 27
130 212 2
211 215 83
38 161 33
43 185 43
81 200 72
36 57 36
127 253 125
20 120 20
93 224 93
50 253 50
97 207 79
140 248 12
55 60 55
58 144 16
128 247 119
12 102 12
135 221 7
4 197 4
108 173 45
190 231 62
83 184 56
146 147 18
23 67 23
120 178 50
235 249 107
124 249 121
57 152 24
197 249 69
79 228 79
99 196 68
149 195 21
39 228 39
138 157 10
12 148 12
88 211 83
237 251 109
239 244 111
103 190 62
113 144 16
169 192 41
73 196 68
56 171 43
141 162 13
46 113 46
180 210 52
177 180 49
87 129 1
19 54 19
97 173 45
69 104 69
34 170 34
24 220 24
54 146 18
105 222 94
80 171 43
167 255 39
218 242 90
53 61 53
33 111 33
86 210 82
210 249 82
174 243 46
13 162 13
73 194 66
6 150 6
110 219 91
30 33 30
227 244 99
110 172 44
147 199 19
90 189 61
178 223 50
47 177 47
71 223 71
31 156 28
180 223 52
205 232 77
104 134 6
9 239 9
207 227 79
25 38 25
206 209 78
229 245 101
9 89 9
16 255 16
14 23 14
35 223 35
38 206 38
236 241 108
6 26 6
214 232 86
79 199 71
48 141 13
116 147 19
57 114 57
82 253 82
180 197 52
112 224 96
62 89 62
206 227 78
68 208 68
56 137 9
184 192 56
140 231 12
18 26 18
58 173 45
54 88 54
61 169 41
2 190 2
9 249 9
37 148 20
37 48 37
106 180 52
74 140 12
22 204 22
92 175 47
108 229 101
24 28 24
8 27 8
97 223 95
104 120 104
97 161 33
82 240 82
236 248 108
206 215 78
90 255 90
61 147 19
126 189 61
234 251 106
18 37 18
117 183 55
22 32 22
97 251 97
123 238 110
114 172 44
208 238 80
82 218 82
1 129 1
127 234 106
221 248 93
154 225 26
168 232 40
134 197 6
230 233 102
94 154 26
110 194 66
1 80 1
121 223 95
185 236 57
125 160 32
61 103 61
11 146 11
121 143 15
61 143 15
32 139 11
7 161 7
25 136 8
113 195 67
63 198 63
172 189 44
23 139 11
118 182 54
219 240 91
186 216 58
169 197 41
174 215 46
122 249 121
2 238 2
10 47 10
202 254 74
85 243 85
126 249 121
28 151 23
107 142 14
216 217 88
173 197 45
215 245 87
48 146 18
20 210 20
14 84 14
212 239 84
7 188 7
111 235 107
112 119 112
2 139 2
14 83 14
175 213 47
104 214 86
247 253 119
11 13 11
21 36 21
16 81 16
161 244 33
87 184 56
110 157 29
33 161 33
77 217 77
92 191 63
134 209 6
119 242 114
244 251 116
34 41 34
162 210 34
59 127 59
58 222 58
103 239 103
203 216 75
233 247 105
53 239 53
89 192 64
99 240 99
122 148 20
12 153 12
40 133 5
108 225 97
205 226 77
16 66 16
81 229 81
63 130 2
57 183 55
134 230 6
21 38 21
186 193 58
11 101 11
134 137 6
65 185 57
247 252 119
127 190 62
112 225 97
82 166 38
146 250 18
191 204 63
123 248 120
18 72 18
170 204 42
17 162 17
128 151 23
7 180 7
2 132 2
240 247 112
111 135 7
19 248 19
238 252 110
126 219 91
164 205 36
28 167 28
22 83 22
210 248 82
76 183 55
132 177 4
103 194 66
80 221 80
85 212 84
91 234 91
143 243 15
57 192 57
155 171 27
33 103 33
9 65 9
14 80 14
198 218 70
171 248 43
20 106 20
153 224 25
193 234 65
20 29 20
117 208 80
67 143 15
103 185 57
79 201 73
221 246 93
159 162 31
83 170 42
39 86 39
141 184 13
10 113 10
171 188 43
111 131 3
70 195 67
17 94 17
74 172 44
233 250 105
44 101 44
38 62 38
50 232 50
56 149 21
189 225 61
182 190 54
208 254 80
133 219 5
101 120 101
179 225 51
60 154 26
88 244 88
159 170 31
21 150 21
158 171 30
86 172 44
31 224 31
147 227 19
150 160 22
160 227 32
161 225 33
65 192 64
140 188 12
84 211 83
19 42 19
40 111 40
137 171 9
163 253 35
224 230 96
184 232 56
66 171 43
142 231 14
23 154 23
227 237 99
237 239 109
37 185 37
43 70 43
41 198 41
96 211 83
99 201 73
114 181 53
156 217 28
15 143 15
157 224 29
156 215 28
65 95 65
107 161 33
170 225 42
196 233 68
26 195 26
8 237 8
103 220 92
97 187 59
15 140 12
230 234 102
130 157 2
3 20 3
149 159 21
191 223 63
126 228 100
129 138 1
138 148 10
13 204 13
23 195 23
57 61 57
53 166 38
113 235 107
64 254 64
4 134 4
52 161 33
35 185 35
13 189 13
125 185 57
78 201 73
109 160 32
16 182 16
183 205 55
64 100 64
121 146 18
159 197 31
27 214 27
147 234 19
52 193 52
183 200 55
176 245 48
56 218 56
97 189 61
236 252 108
102 131 3
35 133 5
244 246 116
74 141 13
125 223 95
36 74 36
76 137 9
88 96 88
210 214 82
140 159 12
121 239 111
78 122 78
98 160 32
248 254 120
204 245 76
95 202 74
11 149 11
105 184 56
6 17 6
117 152 24
120 193 65
186 212 58
187 201 59
6 122 6
150 181 22
162 209 34
24 135 7
31 73 31
237 252 109
159 173 31
84 194 66
84 142 14
51 127 51
11 234 11
78 180 52
101 111 101
189 217 61
127 131 3
207 234 79
39 44 39
132 187 4
127 129 1
161 211 33
38 80 38
65 126 65
46 145 17
110 204 76
118 232 104
34 57 34
84 144 16
185 248 57
148 153 20
166 186 38
12 66 12
171 247 43
152 255 24
96 182 54
161 198 33
246 250 118
88 150 22
60 176 48
117 230 102
150 252 22
101 220 92
181 240 53
230 242 102
24 139 11
122 141 13
108 215 87
43 168 40
126 233 105
220 224 92
107 242 107
92 171 43
76 83 76
66 200 66
110 235 107
6 138 6
152 195 24
185 231 57
95 217 89
19 190 19
60 132 4
102 202 74
95 122 95
83 190 62
82 208 80
139 172 11
121 167 39
112 172 44
202 245 74
122 165 37
28 223 28
103 201 73
187 230 59
120 190 62
101 246 101
175 236 47
6 148 6
68 110 68
154 212 26
155 221 27
95 195 67
159 171 31
209 229 81
118 219 91
100 179 51
154 187 26
130 161 2
116 240 112
183 220 55
136 169 8
253 254 125
87 195 67
165 245 37
216 226 88
122 205 77
57 178 50
107 249 107
211 216 83
179 234 51
135 204 7
139 187 11
103 120 103
94 217 89
113 230 102
243 245 115
122 157 29
239 254 111
114 173 45
145 247 17
56 177 49
126 200 72
104 131 3
169 236 41
63 81 63
224 255 96
104 113 104
208 243 80
134 189 6
21 186 21
32 42 32
63 137 9
34 133 5
4 218 4
9 139 9
121 212 84
135 203 7
113 193 65
109 221 93
161 249 33
8 57 8
24 69 24
121 246 118
123 224 96
237 255 109
88 200 72
168 186 40
10 89 10
61 197 61
3 64 3
191 213 63
106 210 82
104 170 42
37 198 37
113 241 113
24 179 24
27 164 27
235 238 107
84 160 32
19 177 19
96 154 26
109 155 27
130 211 2
1 189 1
27 69 27
159 165 31
8 219 8
100 189 61
34 163 34
93 197 69
110 229 101
223 230 95
83 204 76
129 144 1
213 227 85
136 253 8
87 183 55
102 205 77
80 202 74
91 225 91
5 204 5
1 109 1
81 201 73
187 188 59
218 243 90
234 246 106
161 184 33
70 140 12
175 254 47
7 236 7
76 227 76
133 136 5
204 254 76
120 158 30
60 232 60
78 139 11
52 60 52
108 128 108
71 253 71
44 191 44
59 140 12
90 108 90
58 176 48
75 245 75
19 78 19
31 187 31
169 185 41
92 211 83
17 232 17
61 191 61
9 81 9
178 227 50
116 246 116
12 36 12
167 228 39
223 226 95
87 162 34
56 197 56
120 122 120
89 103 89
71 222 71
51 167 39
88 213 85
85 114 85
197 212 69
102 197 69
43 251 43
10 72 10
20 26 20
175 230 47
59 117 59
17 198 17
101 227 99
183 193 55
199 207 71
111 237 109
28 177 28
88 166 38
42 203 42
101 219 91
184 213 56
109 196 68
1 4 1
61 74 61
65 70 65
119 245 117
159 193 31
115 242 114
15 214 15
19 68 19
125 210 82
128 189 61
44 80 44
29 75 29
48 254 48
140 253 12
107 225 97
166 239 38
213 229 85
122 128 122
97 126 97
21 221 21
164 227 36
111 236 108
9 11 9
79 86 79
80 115 80
204 255 76
85 150 22
88 124 88
151 198 23
133 154 5
6 134 6
198 226 70
196 253 68
28 86 28
5 141 5
60 96 60
8 166 8
98 205 77
142 143 14
117 211 83
112 238 110
5 37 5
171 242 43
111 224 96
49 167 39
70 71 70
183 229 55
32 86 32
78 176 48
133 156 5
156 220 28
18 110 18
11 155 11
141 255 13
127 245 117
7 11 7
208 249 80
120 207 79
42 210 42
246 247 118
5 66 5
36 42 36
144 149 16
4 145 4
92 212 84
68 248 68
33 244 33
4 157 4
29 122 29
217 222 89
1 86 1
193 252 65
11 134 6
187 202 59
172 234 44
63 120 63
129 157 1
91 145 17
55 138 10
47 167 39
161 240 33
27 143 15
32 191 32
50 247 50
97 210 82
205 221 77
125 228 100
129 196 1
160 177 32
145 216 17
90 186 58
45 248 45
97 228 97
151 184 23
222 230 94
165 206 37
118 138 10
203 242 75
181 226 53
117 146 18
231 251 103
220 235 92
96 190 62
110 181 53
19 130 2
79 131 3
71 235 71
93 123 93
128 251 123
97 218 90
201 241 73
124 230 102
150 212 22
157 210 29
109 227 99
197 223 69
3 12 3
68 176 48
97 186 58
88 110 88
10 138 10
29 55 29
203 223 75
127 180 52
49 237 49
73 164 36
71 177 49
180 200 52
74 228 74
97 179 51
115 187 59
192 214 64
127 172 44
21 205 21
203 228 75
28 40 28
156 164 28
32 230 32
114 228 100
128 131 3
79 175 47
5 7 5
75 246 75
22 210 22
6 210 6
107 196 68
17 179 17
187 192 59
156 242 28
33 145 17
65 181 53
203 249 75
124 180 52
119 131 3
20 32 20
65 135 7
18 181 18
104 216 88
15 160 15
123 139 11
35 146 18
60 152 24
101 242 101
69 209 69
98 132 4
70 141 13
70 179 51
67 85 67
76 215 76
140 175 12
11 100 11
122 146 18
15 161 15
106 116 106
58 160 32
113 239 111
29 160 29
35 140 12
41 179 41
116 137 9
32 133 5
116 237 109
59 153 25
189 207 61
187 251 59
95 209 81
20 122 20
40 207 40
85 111 85
113 156 28
25 86 25
235 248 107
132 248 4
120 231 103
59 164 36
12 210 12
96 205 77
247 254 119
223 247 95
39 142 14
11 89 11
191 214 63
15 179 15
116 195 67
18 213 18
22 227 22
3 214 3
59 129 1
116 135 7
22 149 21
59 152 24
10 131 3
161 180 33
132 219 4
218 225 90
106 215 87
113 171 43
83 192 64
240 251 112
47 239 47
53 122 53
33 174 33
201 238 73
199 220 71
122 176 48
229 239 101
127 211 83
221 239 93
128 185 57
79 172 44
9 209 9
237 242 109
8 255 8
104 254 104
74 87 74
60 106 60
141 226 13
21 39 21
48 191 48
154 215 26
111 127 111
25 213 25
123 197 69
233 237 105
233 248 105
225 242 97
164 178 36
179 255 51
39 109 39
239 245 111
166 226 38
62 210 62
42 97 42
191 192 63
55 196 55
8 60 8
54 132 4
155 208 27
97 248 97
121 242 114
215 230 87
122 236 108
200 228 72
115 232 104
199 204 71
49 229 49
22 68 22
137 239 9
164 210 36
119 200 72
78 152 24
219 239 91
169 234 41
224 249 96
89 210 82
71 168 40
138 192 10
14 61 14
222 234 94
6 9 6
167 237 39
34 179 34
169 220 41
81 174 46
146 251 18
161 188 33
168 178 40
54 202 54
111 223 95
51 111 51
199 218 71
111 234 106
4 83 4
90 215 87
78 134 6
15 193 15
98 114 98
82 135 7
244 252 116
62 70 62
202 219 74
113 198 70
14 253 14
106 222 94
229 250 101
58 193 58
77 180 52
3 18 3
120 234 106
109 202 74
8 123 8
123 232 104
3 197 3
66 232 66
99 206 78
75 132 4
218 240 90
241 249 113
46 213 46
66 181 53
18 60 18
123 221 93
232 241 104
129 250 1
45 75 45
84 234 84
22 223 22
115 175 47
191 255 63
94 227 94
120 149 21
182 245 54
115 238 110
127 243 115
171 200 43
112 189 61
6 217 6
53 139 11
163 187 35
227 247 99
82 104 82
84 159 31
158 234 30
45 163 35
73 141 13
129 185 1
44 173 44
44 110 44
66 178 50
174 216 46
247 255 119
208 214 80
181 253 53
93 149 21
163 246 35
13 25 13
23 181 23
112 157 29
91 243 91
115 236 108
140 240 12
170 255 42
75 178 50
69 84 69
70 139 11
52 126 52
47 203 47
139 208 11
191 227 63
229 249 101
76 154 26
19 137 9
8 91 8
25 171 25
96 122 96
3 9 3
238 249 110
184 236 56
19 119 19
238 253 110
109 132 4
55 222 55
5 110 5
9 232 9
71 173 45
140 163 12
21 45 21
191 201 63
90 223 90
212 224 84
8 35 8
22 220 22
36 180 36
146 211 18
111 169 41
97 204 76
231 243 103
104 223 95
239 253 111
126 179 51
123 201 73
88 102 88
127 212 84
12 207 12
93 194 66
207 240 79
86 181 53
36 129 1
111 205 77
169 171 41
90 216 88
89 190 62
30 113 30
179 207 51
3 232 3
93 191 63
83 171 43
240 254 112
84 198 70
105 142 14
67 191 63
180 193 52
48 224 48
149 253 21
33 255 33
71 85 71
125 232 104
7 135 7
4 28 4
112 232 104
144 153 16
8 185 8
128 249 121
110 209 81
97 199 71
18 75 18
91 205 77
103 200 72
122 220 92
77 94 77
70 194 66
206 228 78
210 239 82
153 211 25
3 97 3
136 209 8
105 220 92
28 160 28
98 215 87
52 184 52
107 222 94
8 13 8
42 251 42
71 111 71
53 167 39
182 197 54
92 113 92
66 164 36
4 26 4
2 27 2
127 250 122
13 254 13
158 178 30
178 182 50
14 171 14
2 166 2
111 198 70
71 77 71
35 155 27
112 174 46
128 253 125
188 207 60
86 221 86
186 235 58
142 199 14
72 142 14
183 235 55
73 214 73
90 160 32
66 104 66
133 247 5
32 66 32
91 154 26
89 202 74
136 197 8
208 219 80
102 221 93
67 114 67
106 166 38
35 37 35
196 211 68
101 180 52
72 178 50
120 170 42
53 90 53
179 254 51
4 141 4
11 61 11
204 251 76
187 194 59
23 52 23
39 250 39
224 240 96
104 199 71
230 255 102
39 139 11
200 202 72
73 147 19
165 183 37
11 15 11
128 222 94
115 225 97
159 198 31
221 238 93
35 46 35
30 165 30
221 227 93
153 225 25
99 108 99
17 27 17
18 63 18
190 240 62
1 14 1
128 175 47
52 63 52
155 235 27
161 214 33
225 226 97
52 174 46
163 183 35
10 26 10
125 245 117
57 216 57
40 216 40
239 248 111
117 212 84
174 232 46
83 231 83
105 254 105
112 235 107
35 94 35
52 252 52
13 32 13
7 56 7
3 131 3
50 151 23
97 253 97
105 232 104
65 223 65
95 140 12
10 56 10
183 218 55
74 194 66
107 176 48
9 128 9
128 195 67
41 214 41
118 242 114
56 63 56
90 198 70
62 187 59
34 160 32
16 179 16
177 226 49
168 198 40
174 191 46
3 140 3
151 246 23
48 144 16
98 122 98
148 204 20
117 222 94
120 164 36
69 171 43
116 130 2
68 204 68
4 7 4
27 40 27
181 184 53
186 189 58
123 249 121
221 222 93
64 191 63
7 183 7
2 134 2
219 233 91
4 179 4
136 151 8
180 218 52
187 240 59
95 193 65
123 188 60
103 137 9
200 213 72
125 235 107
23 232 23
50 190 50
43 200 43
34 157 29
15 152 15
35 118 35
56 159 31
159 218 31
100 167 39
106 208 80
159 233 31
40 230 40
17 61 17
73 89 73
11 170 11
112 200 72
26 70 26
32 188 32
244 248 116
167 227 39
113 134 6
231 232 103
152 223 24
139 215 11
102 198 70
54 180 52
179 192 51
124 187 59
203 215 75
163 229 35
100 183 55
6 70 6
120 152 24
70 222 70
128 200 72
44 160 32
7 39 7
43 176 43
183 246 55
219 223 91
153 194 25
127 197 69
220 253 92
72 254 72
187 243 59
82 181 53
65 144 16
21 225 21
138 244 10
113 115 113
27 169 27
114 208 80
51 141 13
52 149 21
31 180 31
60 185 57
103 196 68
127 163 35
26 164 26
193 217 65
79 254 79
95 172 44
23 152 23
200 239 72
206 223 78
112 220 92
125 195 67
25 103 25
20 188 20
120 236 108
114 182 54
176 214 48
241 247 113
97 185 57
74 188 60
107 172 44
161 177 33
100 142 14
133 233 5
235 255 107
202 229 74
87 107 87
44 142 14
87 248 87
101 181 53
10 146 10
161 187 33
183 197 55
210 216 82
105 173 45
176 199 48
196 215 68
162 246 34
100 214 86
108 132 4
50 104 50
2 40 2
25 96 25
188 247 60
76 247 76
117 145 17
201 254 73
10 78 10
14 47 14
177 239 49
165 212 37
116 189 61
14 186 14
125 248 120
166 254 38
154 231 26
35 188 35
149 231 21
127 244 116
121 193 65
191 196 63
160 186 32
195 233 67
133 234 5
47 146 18
183 189 55
174 222 46
111 155 27
108 221 93
85 188 60
172 218 44
60 252 60
3 142 3
233 242 105
143 168 15
115 247 115
32 50 32
124 235 107
26 206 26
234 241 106
75 198 70
233 252 105
134 250 6
154 216 26
100 218 90
86 180 52
225 250 97
46 228 46
48 62 48
20 36 20
128 244 116
104 221 93
139 201 11
144 180 16
222 248 94
114 145 17
5 146 5
86 246 86
8 214 8
116 256 116
122 132 4
232 238 104
118 240 112
77 128 77
28 32 28
22 96 22
42 173 42
5 111 5
13 68 13
150 157 22
117 225 97
48 58 48
173 237 45
231 250 103
157 255 29
206 242 78
155 248 27
167 198 39
29 208 29
6 103 6
47 164 36
140 154 12
5 23 5
86 204 76
87 188 60
35 131 3
124 218 90
6 31 6
180 206 52
60 156 28
197 253 69
116 223 95
132 217 4
163 193 35
95 246 95
228 252 100
7 61 7
116 186 58
187 236 59
25 183 25
8 90 8
54 217 54
80 137 9
104 248 104
80 104 80
157 169 29
30 211 30
239 255 111
29 71 29
33 208 33
137 223 9
1 16 1
105 169 41
55 235 55
171 217 43
41 122 41
50 209 50
219 227 91
37 233 37
22 152 22
113 223 95
34 255 34
206 237 78
147 204 19
80 241 80
38 148 20
220 222 92
148 179 20
46 133 5
24 103 24
129 177 1
103 199 71
23 143 15
110 214 86
169 226 41
72 105 72
56 112 56
175 224 47
206 238 78
203 221 75
84 204 76
109 215 87
167 178 39
77 185 57
76 196 68
71 91 71
141 243 13
124 203 75
190 193 62
45 169 41
227 240 99
115 163 35
124 240 112
36 188 36
38 235 38
87 225 87
117 162 34
126 128 126
15 21 15
116 157 29
139 216 11
61 225 61
37 136 8
82 235 82
57 170 42
11 19 11
73 149 21
54 182 54
182 216 54
118 195 67
25 130 2
57 138 10
164 187 36
172 206 44
27 253 27
104 220 92
53 184 53
188 190 60
46 94 46
171 177 43
232 249 104
53 143 15
27 167 27
16 29 16
140 250 12
66 160 32
139 165 11
185 225 57
186 254 58
77 152 24
95 206 78
20 217 20
68 113 68
233 239 105
3 53 3
87 135 7
97 99 97
42 222 42
53 223 53
31 241 31
227 246 99
73 167 39
134 166 6
12 146 12
87 179 51
121 184 56
39 122 39
48 155 27
119 240 112
3 68 3
199 248 71
198 246 70
242 244 114
28 165 28
118 198 70
19 85 19
5 65 5
82 119 82
215 221 87
2 135 2
3 215 3
228 235 100
113 212 84
155 191 27
184 247 56
217 245 89
94 209 81
14 252 14
40 151 23
124 246 118
63 69 63
230 246 102
127 171 43
109 193 65
205 218 77
81 248 81
81 164 36
142 244 14
35 138 10
120 210 82
130 133 2
45 185 45
1 218 1
154 221 26
131 227 3
221 237 93
100 224 96
85 219 85
94 97 94
66 115 66
100 190 62
201 204 73
36 136 8
87 119 87
101 226 98
47 176 47
90 254 90
136 249 8
9 136 8
80 174 46
174 203 46
16 121 16
127 224 96
43 140 12
127 252 124
31 75 31
168 246 40
154 197 26
238 246 110
2 210 2
173 235 45
58 180 52
228 253 100
112 173 45
85 124 85
9 205 9
210 218 82
102 211 83
29 50 29
159 174 31
118 194 66
100 158 30
46 226 46
77 100 77
175 211 47
132 202 4
116 123 116
150 174 22
220 255 92
147 176 19
99 154 26
72 211 72
158 173 30
84 170 42
15 23 15
200 252 72
36 81 36
122 147 19
127 239 111
71 183 55
99 226 98
122 213 85
132 242 4
126 240 112
128 243 115
77 168 40
17 75 17
232 250 104
213 248 85
79 164 36
162 164 34
158 190 30
89 132 4
23 54 23
66 217 66
88 199 71
181 251 53
47 178 47
16 184 16
87 152 24
229 234 101
81 156 28
158 212 30
144 159 16
1 5 1
30 99 30
193 245 65
134 148 6
155 196 27
124 231 103
123 218 90
133 244 5
41 212 41
99 124 99
112 233 105
160 196 32
156 229 28
50 187 50
104 188 60
21 149 21
136 165 8
212 226 84
156 234 28
166 245 38
129 186 1
6 64 6
42 123 42
87 239 87
79 241 79
81 146 18
26 218 26
7 12 7
85 174 46
233 236 105
41 111 41
74 217 74
3 52 3
80 199 71
65 114 65
14 164 14
35 139 11
120 229 101
44 226 44
4 149 4
114 221 93
214 229 86
8 81 8
107 154 26
71 180 52
150 203 22
30 221 30
151 216 23
92 172 44
160 174 32
31 221 31
88 164 36
110 197 69
198 219 70
34 155 27
160 164 32
182 243 54
92 187 59
54 256 54
36 211 36
168 229 40
80 95 80
14 133 5
42 186 42
82 93 82
140 238 12
94 142 14
24 213 24
173 184 45
116 161 33
156 198 28
3 22 3
137 250 9
66 197 66
163 249 35
160 189 32
111 165 37
71 161 33
41 154 26
229 232 101
19 135 7
16 223 16
3 43 3
38 190 38
141 199 13
180 247 52
232 252 104
160 218 32
182 230 54
20 153 20
11 198 11
64 173 45
216 235 88
40 95 40
73 234 73
66 183 55
60 135 7
112 134 6
86 133 5
81 206 78
108 230 102
41 129 1
146 180 18
122 189 61
60 117 60
101 211 83
30 37 30
57 94 57
75 134 6
182 206 54
163 221 35
49 145 17
70 224 70
12 30 12
155 249 27
187 239 59
75 161 33
90 176 48
166 220 38
65 158 30
138 147 10
158 179 30
185 247 57
200 254 72
177 191 49
235 254 107
159 220 31
250 251 122
186 201 58
205 244 77
92 246 92
171 182 43
48 77 48
8 75 8
9 152 9
52 194 52
148 248 20
199 239 71
37 193 37
104 212 84
36 118 36
18 151 18
24 187 24
209 216 81
12 147 12
130 184 2
212 236 84
41 102 41
177 221 49
108 206 78
111 231 103
43 108 43
70 185 57
70 204 70
108 210 82
123 220 92
2 143 2
121 202 74
170 209 42
15 167 15
43 95 43
57 115 57
40 223 40
99 244 99
67 222 67
8 37 8
228 244 100
138 198 10
25 63 25
243 249 115
58 191 58
35 67 35
192 207 64
119 178 50
51 68 51
81 179 51
50 52 50
92 146 18
25 190 25
214 230 86
70 244 70
42 113 42
95 166 38
126 224 96
124 192 64
117 159 31
114 176 48
177 193 49
125 240 112
24 164 24
60 142 14
100 196 68
193 203 65
112 222 94
122 215 87
59 207 59
147 211 19
33 100 33
28 103 28
30 82 30
240 255 112
14 189 14
88 193 65
27 183 27
80 129 1
166 170 38
110 118 110
121 194 66
122 162 34
50 222 50
126 232 104
2 131 2
59 65 59
76 149 21
192 217 64
92 108 92
135 242 7
89 233 89
65 107 65
43 187 43
95 105 95
189 250 61
115 205 77
28 202 28
67 207 67
138 159 10
215 232 87
189 239 61
38 166 38
159 247 31
18 171 18
162 206 34
183 188 55
28 212 28
44 153 25
141 222 13
211 228 83
5 133 5
112 239 111
18 133 5
84 111 84
198 224 70
204 250 76
6 66 6
86 100 86
100 237 100
130 175 2
211 229 83
51 140 12
148 217 20
28 172 28
118 186 58
82 128 82
180 231 52
82 139 11
114 232 104
41 157 29
218 222 90
160 248 32
54 253 54
25 230 25
33 91 33
93 239 93
50 168 40
176 181 48
91 218 90
169 247 41
105 125 105
1 33 1
7 142 7
144 157 16
97 162 34
88 202 74
176 189 48
5 194 5
185 196 57
208 237 80
31 185 31
102 179 51
79 230 79
66 151 23
94 212 84
74 190 62
134 239 6
57 174 46
149 223 21
5 147 5
79 193 65
3 4 3
88 215 87
115 234 106
43 240 43
42 184 42
92 144 16
162 176 34
71 87 71
177 185 49
109 211 83
113 194 66
164 201 36
39 179 39
187 208 59
126 243 115
239 247 111
51 96 51
110 234 106
118 233 105
7 160 7
104 219 91
127 153 25
85 230 85
138 141 10
44 230 44
199 234 71
129 213 1
6 139 6
63 109 63
224 237 96
16 24 16
181 216 53
185 244 57
151 183 23
102 108 102
4 245 4
83 93 83
6 30 6
85 182 54
157 201 29
71 245 71
6 47 6
67 167 39
20 128 20
229 236 101
40 93 40
97 238 97
140 190 12
139 175 11
48 189 48
215 247 87
144 188 16
114 196 68
10 132 4
22 116 22
4 80 4
199 250 71
20 108 20
107 155 27
9 118 9
97 143 15
147 195 19
166 216 38
114 223 95
89 145 17
30 93 30
103 173 45
183 237 55
10 144 10
215 255 87
52 87 52
74 185 57
50 58 50
7 145 7
60 199 60
195 237 67
232 255 104
16 146 16
14 154 14
142 209 14
218 230 90
154 227 26
56 59 56
226 236 98
150 242 22
139 157 11
178 193 50
71 128 71
40 187 40
81 177 49
67 186 58
186 228 58
91 202 74
123 211 83
79 94 79
119 235 107
19 224 19
9 251 9
72 174 46
1 216 1
33 134 6
152 180 24
90 210 82
119 236 108
108 137 9
99 173 45
11 156 11
164 181 36
110 239 110
236 238 108
154 213 26
20 58 20
218 241 90
36 62 36
97 146 18
138 150 10
248 249 120
209 217 81
125 209 81
234 252 106
79 192 64
55 151 23
82 125 82
193 229 65
61 177 49
172 179 44
38 153 25
93 186 58
46 49 46
57 177 49
39 87 39
5 120 5
240 246 112
124 228 100
32 83 32
6 28 6
77 219 77
139 236 11
92 210 82
127 248 120
35 147 19
13 18 13
10 190 10
15 183 15
78 101 78
44 236 44
32 182 32
127 235 107
157 205 29
69 188 60
1 191 1
108 232 104
141 145 13
120 154 26
206 255 78
146 212 18
119 143 15
31 70 31
71 219 71
115 246 115
29 150 22
82 242 82
68 169 41
227 234 99
42 223 42
81 133 5
1 27 1
7 60 7
168 175 40
48 220 48
22 153 22
11 140 11
136 200 8
184 244 56
75 255 75
9 42 9
188 209 60
70 192 64
53 219 53
124 253 124
25 233 25
70 113 70
106 129 1
199 217 71
218 219 90
149 215 21
139 218 11
149 154 21
8 143 8
41 174 41
133 224 5
126 197 69
181 188 53
73 221 73
46 177 46
141 176 13
52 242 52
73 190 62
114 212 84
19 183 19
109 224 96
73 134 6
98 199 71
10 16 10
104 160 32
41 213 41
48 131 3
182 214 54
80 226 80
225 233 97
159 248 31
39 229 39
89 236 89
30 139 11
151 211 23
212 240 84
120 225 97
203 252 75
78 238 78
1 134 1
55 229 55
50 129 1
164 218 36
163 195 35
180 214 52
142 226 14
2 37 2
147 217 19
1 100 1
40 113 40
77 194 66
136 162 8
34 166 34
59 150 22
12 137 9
5 155 5
234 255 106
11 80 11
49 204 49
21 132 4
70 220 70
82 160 32
126 190 62
223 243 95
142 187 14
6 59 6
4 33 4
21 135 7
134 226 6
8 182 8
11 195 11
114 189 61
59 192 59
149 194 21
138 236 10
45 209 45
69 182 54
39 93 39
22 120 22
112 165 37
24 95 24
116 232 104
201 236 73
107 230 102
36 172 36
146 236 18
54 98 54
155 252 27
37 213 37
227 250 99
75 99 75
121 228 100
22 100 22
233 244 105
162 254 34
150 180 22
26 75 26
21 47 21
89 255 89
65 180 52
213 238 85
157 167 29
230 235 102
137 161 9
147 229 19
3 136 3
122 245 117
27 115 27
176 209 48
12 200 12
140 219 12
75 177 49
3 49 3
7 126 7
155 210 27
167 206 39
26 78 26
156 203 28
139 183 11
49 224 49
195 204 67
2 149 2
139 253 11
113 125 113
66 256 66
84 187 59
202 244 74
92 251 92
18 224 18
42 163 35
179 188 51
36 39 36
26 216 26
209 230 81
82 182 54
88 138 10
32 198 32
113 217 89
120 211 83
18 207 18
137 219 9
207 236 79
94 159 31
140 202 12
78 175 47
180 219 52
92 216 88
228 230 100
131 174 3
172 207 44
29 195 29
174 197 46
31 137 9
15 204 15
53 208 53
122 149 21
4 9 4
22 31 22
70 142 14
10 127 10
40 41 40
96 232 96
65 68 65
121 141 13
14 195 14
22 146 18
120 157 29
156 235 28
228 236 100
176 210 48
115 217 89
86 165 37
38 70 38
133 197 5
113 192 64
36 93 36
52 93 52
66 250 66
59 199 59
103 218 90
13 148 13
12 23 12
191 215 63
53 197 53
198 214 70
9 25 9
139 199 11
65 149 21
40 192 40
160 254 32
106 200 72
131 164 3
192 247 64
121 164 36
177 216 49
91 210 82
103 215 87
4 208 4
4 126 4
41 254 41
46 52 46
101 200 72
137 167 9
3 181 3
166 250 38
113 170 42
32 125 32
72 232 72
152 246 24
125 184 56
59 231 59
106 132 4
99 205 77
127 179 51
2 142 2
132 203 4
6 195 6
59 218 59
154 211 26
90 172 44
191 200 63
58 227 58
30 100 30
85 167 39
134 208 6
156 239 28
140 225 12
149 218 21
54 144 16
92 203 75
11 58 11
19 174 19
71 182 54
166 190 38
104 227 99
51 136 8
16 32 16
10 163 10
91 184 56
171 180 43
127 215 87
12 73 12
97 245 97
125 143 15
125 161 33
232 235 104
143 148 15
170 205 42
36 83 36
23 237 23
48 216 48
139 213 11
79 206 78
216 245 88
217 241 89
61 84 61
108 169 41
129 183 1
43 161 33
226 246 98
172 229 44
119 213 85
125 215 87
136 148 8
27 178 27
49 116 49
97 190 62
209 232 81
207 223 79
115 121 115
70 130 2
199 247 71
41 99 41
114 166 38
71 218 71
1 146 1
54 150 22
78 150 22
94 186 58
31 119 31
82 114 82
205 245 77
129 184 1
197 242 69
38 75 38
123 231 103
106 177 49
191 207 63
122 231 103
53 154 26
147 251 19
95 199 71
132 251 4
208 222 80
60 201 60
245 251 117
198 230 70
181 209 53
67 94 67
231 244 103
249 251 121
82 196 68
110 247 110
156 184 28
206 247 78
14 140 12
74 89 74
123 246 118
76 162 34
172 182 44
113 181 53
13 59 13
131 213 3
230 237 102
108 153 25
24 105 24
87 254 87
128 232 104
201 245 73
54 141 13
7 25 7
66 169 41
10 41 10
50 60 50
21 34 21
184 221 56
111 220 92
21 160 21
140 236 12
3 65 3
21 174 21
13 202 13
71 240 71
95 146 18
52 200 52
18 70 18
122 183 55
119 164 36
242 248 114
38 193 38
155 218 27
81 130 2
101 207 79
89 188 60
129 140 1
116 190 62
22 27 22
20 227 20
34 59 34
125 154 26
63 171 43
123 252 123
118 133 5
28 29 28
92 99 92
145 233 17
113 188 60
126 247 119
16 166 16
119 201 73
119 246 118
192 212 64
217 227 89
4 67 4
73 187 59
25 32 25
153 226 25
134 199 6
148 212 20
110 178 50
72 143 15
130 225 2
153 186 25
67 228 67
140 244 12
222 245 94
108 140 12
51 220 51
50 130 2
125 182 54
188 189 60
160 251 32
94 204 76
112 193 65
70 196 68
11 29 11
167 183 39
174 183 46
11 151 11
1 147 1
66 77 66
42 140 12
66 75 66
157 230 29
51 146 18
190 243 62
158 211 30
134 220 6
26 116 26
128 150 22
168 227 40
21 98 21
18 152 18
12 16 12
42 255 42
178 230 50
20 62 20
120 203 75
38 192 38
126 244 116
2 21 2
108 186 58
53 250 53
32 44 32
95 106 95
116 221 93
223 255 95
55 64 55
47 157 29
112 196 68
189 202 61
3 103 3
162 253 34
52 148 20
55 212 55
65 123 65
111 186 58
20 196 20
25 134 6
228 248 100
183 196 55
16 62 16
66 176 48
163 214 35
112 234 106
5 201 5
29 44 29
43 78 43
155 214 27
8 200 8
210 224 82
50 175 47
208 244 80
217 219 89
78 235 78
44 112 44
113 228 100
119 123 119
228 229 100
65 167 39
84 86 84
91 149 21
80 220 80
7 100 7
78 86 78
80 125 80
28 138 10
24 208 24
26 37 26
45 96 45
176 192 48
26 211 26
235 242 107
117 235 107
146 189 18
6 135 6
50 162 34
97 235 97
12 44 12
152 157 24
71 220 71
37 57 37
168 201 40
49 70 49
54 83 54
127 200 72
242 249 114
106 217 89
43 98 43
180 250 52
120 212 84
148 224 20
2 4 2
55 214 55
208 231 80
5 154 5
178 241 50
152 251 24
77 82 77
120 143 15
238 248 110
164 176 36
44 93 44
102 166 38
224 243 96
224 253 96
27 30 27
124 129 1
21 197 21
35 68 35
1 151 1
38 238 38
57 212 57
17 145 17
10 74 10
19 143 15
172 184 44
134 151 6
96 235 96
38 41 38
109 148 20
181 236 53
18 67 18
243 253 115
48 176 48
167 245 39
101 158 30
6 11 6
157 246 29
3 135 3
134 186 6
22 74 22
119 194 66
117 128 117
93 254 93
79 143 15
214 223 86
13 153 13
3 219 3
126 235 107
103 144 16
28 58 28
63 236 63
69 251 69
108 207 79
34 49 34
78 234 78
96 146 18
172 239 44
198 215 70
224 238 96
184 188 56
143 196 15
56 255 56
181 204 53
214 251 86
104 256 104
143 194 15
55 239 55
146 186 18
45 167 39
78 213 78
183 190 55
19 61 19
89 201 73
110 174 46
77 190 62
41 201 41
73 202 73
167 213 39
178 187 50
102 227 99
9 237 9
99 155 27
202 212 74
132 145 4
122 248 120
40 178 40
8 156 8
108 212 84
90 155 27
229 251 101
57 155 27
214 222 86
13 158 13
24 41 24
52 237 52
70 180 52
69 192 64
21 110 21
167 220 39
216 225 88
117 250 117
91 189 61
99 148 20
21 79 21
132 166 4
97 229 97
118 184 56
121 233 105
125 207 79
191 206 63
100 193 65
98 187 59
192 218 64
100 219 91
122 131 3
107 190 62
41 166 38
34 217 34
12 93 12
24 54 24
152 158 24
145 161 17
134 150 6
85 146 18
51 160 32
17 22 17
71 243 71
87 121 87
34 98 34
175 191 47
133 228 5
85 91 85
61 253 61
115 239 111
170 194 42
24 74 24
191 246 63
3 201 3
99 152 24
241 243 113
70 108 70
39 65 39
2 158 2
222 252 94
95 218 90
81 89 81
5 101 5
64 146 18
82 187 59
65 146 18
133 164 5
8 97 8
59 92 59
129 146 1
229 237 101
4 215 4
15 126 15
157 177 29
208 209 80
47 106 47
63 98 63
9 155 9
104 192 64
90 106 90
39 234 39
110 203 75
52 74 52
100 225 97
40 209 40
69 85 69
13 207 13
215 246 87
93 151 23
53 176 48
86 200 72
88 231 88
59 214 59
183 222 55
87 97 87
13 205 13
83 150 22
70 148 20
52 133 5
25 242 25
28 176 28
156 210 28
168 253 40
92 147 19
43 124 43
228 239 100
114 227 99
48 113 48
46 59 46
54 174 46
12 94 12
52 213 52
18 131 3
94 211 83
97 222 94
119 244 116
27 34 27
102 186 58
54 100 54
1 251 1
139 240 11
176 222 48
174 176 46
77 225 77
128 168 40
66 177 49
213 243 85
100 242 100
111 171 43
61 242 61
85 156 28
51 58 51
102 152 24
139 190 11
100 255 100
104 218 90
181 213 53
21 29 21
210 221 82
24 62 24
23 161 23
26 40 26
155 162 27
13 14 13
31 236 31
4 143 4
18 31 18
23 29 23
39 67 39
80 179 51
32 109 32
147 185 19
109 165 37
109 233 105
150 154 22
10 174 10
47 123 47
68 161 33
96 179 51
114 225 97
60 148 20
129 205 1
33 124 33
92 135 7
4 136 4
157 186 29
7 69 7
144 228 16
180 194 52
29 82 29
85 185 57
145 177 17
67 138 10
48 159 31
107 118 107
33 143 15
127 135 7
130 227 2
119 218 90
78 223 78
72 218 72
179 233 51
4 242 4
189 240 61
75 203 75
97 98 97
213 234 85
52 136 8
119 162 34
5 122 5
78 160 32
6 29 6
100 133 5
23 249 23
56 58 56
159 215 31
115 183 55
58 184 56
134 233 6
128 183 55
96 164 36
77 162 34
124 241 113
11 159 11
135 151 7
15 220 15
126 246 118
194 236 66
100 244 100
68 149 21
48 82 48
160 181 32
217 232 89
13 171 13
119 191 63
209 253 81
55 79 55
81 95 81
133 139 5
47 182 47
117 229 101
27 203 27
108 143 15
24 40 24
47 230 47
125 175 47
65 199 65
4 196 4
240 243 112
35 197 35
2 152 2
57 63 57
160 215 32
46 77 46
168 213 40
235 246 107
108 235 107
4 150 4
236 246 108
152 198 24
105 141 13
146 158 18
106 237 106
199 232 71
47 253 47
61 182 54
124 217 89
141 177 13
115 229 101
134 247 6
112 161 33
122 156 28
26 68 26
121 240 112
42 142 14
102 140 12
191 198 63
81 198 70
172 245 44
243 248 115
32 57 32
214 218 86
135 162 7
130 229 2
126 207 79
218 226 90
103 109 103
81 170 42
13 42 13
227 236 99
59 110 59
174 196 46
102 151 23
42 154 26
10 44 10
125 220 92
120 138 10
57 145 17
179 230 51
167 185 39
117 193 65
19 113 19
174 255 46
57 134 6
102 172 44
23 88 23
221 225 93
205 216 77
77 136 8
29 230 29
7 167 7
18 143 15
245 250 117
140 206 12
175 180 47
179 244 51
162 168 34
5 167 5
204 244 76
44 126 44
79 205 77
46 84 46
51 107 51
117 224 96
142 174 14
34 150 22
232 233 104
78 148 20
235 253 107
37 174 37
139 196 11
148 177 20
48 202 48
98 211 83
7 174 7
209 240 81
71 230 71
110 205 77
194 241 66
133 229 5
164 186 36
20 167 20
185 253 57
176 191 48
163 232 35
116 174 46
139 251 11
27 158 27
87 199 71
5 135 5
5 193 5
148 255 20
78 198 70
75 89 75
222 242 94
152 165 24
117 141 13
133 138 5
37 140 12
20 253 20
50 107 50
85 163 35
181 243 53
152 239 24
8 29 8
32 224 32
51 73 51
36 47 36
104 138 10
37 104 37
193 238 65
47 144 16
40 237 40
63 99 63
116 173 45
149 160 21
69 130 2
129 192 1
17 51 17
64 145 17
71 217 71
195 211 67
1 180 1
213 237 85
26 157 26
129 210 1
133 223 5
131 205 3
113 136 8
97 202 74
100 135 7
3 19 3
88 206 78
37 219 37
140 156 12
38 202 38
127 242 114
140 210 12
41 153 25
210 230 82
17 239 17
105 171 43
158 174 30
139 223 11
112 150 22
49 210 49
195 229 67
62 183 55
111 214 86
5 236 5
51 171 43
24 146 18
58 206 58
2 16 2
39 108 39
70 226 70
155 236 27
110 224 96
181 255 53
122 247 119
221 240 93
154 230 26
48 219 48
21 248 21
179 217 51
105 210 82
35 154 26
55 197 55
195 201 67
101 213 85
108 174 46
39 48 39
165 220 37
212 244 84
27 66 27
15 32 15
9 68 9
193 233 65
211 245 83
83 167 39
102 173 45
67 229 67
32 94 32
207 254 79
80 211 80
127 210 82
45 183 45
8 63 8
146 184 18
52 220 52
123 189 61
44 141 13
36 252 36
116 233 105
89 242 89
190 213 62
121 238 110
22 151 22
38 87 38
182 187 54
151 192 23
107 254 107
156 162 28
165 204 37
62 140 12
119 254 119
134 210 6
120 135 7
141 166 13
1 64 1
118 216 88
85 110 85
2 254 2
88 192 64
134 240 6
25 77 25
39 206 39
92 128 92
101 171 43
127 169 41
1 227 1
8 158 8
5 138 5
79 190 62
1 18 1
53 68 53
8 120 8
154 228 26
46 142 14
163 192 35
228 233 100
215 226 87
19 50 19
49 144 16
53 187 53
44 231 44
25 114 25
52 172 44
131 175 3
144 191 16
39 145 17
80 204 76
91 136 8
24 37 24
68 107 68
123 228 100
189 208 61
6 206 6
128 182 54
48 124 48
86 157 29
112 192 64
80 240 80
74 169 41
121 235 107
173 219 45
43 229 43
3 14 3
104 217 89
15 144 15
3 132 3
84 168 40
80 205 77
158 252 30
126 161 33
81 158 30
85 241 85
54 85 54
79 142 14
21 69 21
108 149 21
44 109 44
115 212 84
42 51 42
91 217 89
82 162 34
20 199 20
189 234 61
76 159 31
115 222 94
27 39 27
156 211 28
231 235 103
112 231 103
27 237 27
77 137 9
86 94 86
27 181 27
147 248 19
236 244 108
31 109 31
20 105 20
31 138 10
172 220 44
46 168 40
92 139 11
55 164 36
33 212 33
3 247 3
12 236 12
96 212 84
91 194 66
195 218 67
179 187 51
32 168 32
20 150 20
111 163 35
53 77 53
175 244 47
153 221 25
205 222 77
39 89 39
67 115 67
17 134 6
10 118 10
121 158 30
180 238 52
178 234 50
134 190 6
11 23 11
176 219 48
54 198 54
52 152 24
138 153 10
158 206 30
136 241 8
16 207 16
217 248 89
156 189 28
136 220 8
169 217 41
36 225 36
40 167 39
155 195 27
97 182 54
92 159 31
171 232 43
22 24 22
111 176 48
76 233 76
125 239 111
148 167 20
112 223 95
107 233 105
89 215 87
198 237 70
30 106 30
22 156 22
54 169 41
13 95 13
111 201 73
86 130 2
68 166 38
20 163 20
82 201 73
137 231 9
63 68 63
8 199 8
210 222 82
4 89 4
42 211 42
226 250 98
194 248 66
247 251 119
66 216 66
127 205 77
246 252 118
118 146 18
121 206 78
2 52 2
185 188 57
110 233 105
42 89 42
48 96 48
106 219 91
103 124 103
160 209 32
250 252 122
201 222 73
3 13 3
3 206 3
128 141 13
1 143 1
52 153 25
109 181 53
187 217 59
199 243 71
99 171 43
15 74 15
80 163 35
154 169 26
153 192 25
10 251 10
187 206 59
65 163 35
99 236 99
76 163 35
30 218 30
82 87 82
187 190 59
51 183 51
181 238 53
209 233 81
240 244 112
178 245 50
117 138 10
103 208 80
40 168 40
91 235 91
23 50 23
158 233 30
162 197 34
135 166 7
146 155 18
16 145 16
96 202 74
168 185 40
30 161 30
150 206 22
69 161 33
80 196 68
99 140 12
40 173 40
39 123 39
35 65 35
152 228 24
95 226 95
63 196 63
3 191 3
100 207 79
93 187 59
203 244 75
95 224 95
64 140 12
159 244 31
185 211 57
200 205 72
110 221 93
154 199 26
5 115 5
93 215 87
178 228 50
231 247 103
233 243 105
20 21 20
143 146 15
185 221 57
35 76 35
34 58 34
199 255 71
236 255 108
207 230 79
35 64 35
121 225 97
15 41 15
5 210 5
80 88 80
137 254 9
109 182 54
126 250 122
77 187 59
140 191 12
225 239 97
154 170 26
39 68 39
143 213 15
213 230 85
124 222 94
103 110 103
69 236 69
11 21 11
23 179 23
44 225 44
60 207 60
131 192 3
10 119 10
197 238 69
149 178 21
44 245 44
232 237 104
118 203 75
127 145 17
211 225 83
114 234 106
236 240 108
151 197 23
70 136 8
157 244 29
33 40 33
24 76 24
146 201 18
12 145 12
114 149 21
54 207 54
13 91 13
86 193 65
69 124 69
48 248 48
2 147 2
30 251 30
19 151 19
7 19 7
10 137 9
135 194 7
42 72 42
201 216 73
239 246 111
4 70 4
13 129 1
176 190 48
56 173 45
154 249 26
237 245 109
8 183 8
142 167 14
12 253 12
88 154 26
185 208 57
84 140 12
28 96 28
185 206 57
116 179 51
190 223 62
92 201 73
70 152 24
109 188 60
89 164 36
98 157 29
9 27 9
136 242 8
93 230 93
104 213 85
166 181 38
31 89 31
95 197 69
110 202 74
90 197 69
140 201 12
105 136 8
5 14 5
181 222 53
94 135 7
91 196 68
3 38 3
51 227 51
100 171 43
113 119 113
11 138 10
106 209 81
143 253 15
85 196 68
128 140 12
8 23 8
39 240 39
55 167 39
109 232 104
155 209 27
67 225 67
91 167 39
145 199 17
132 216 4
162 193 34
71 131 3
125 246 118
3 21 3
25 28 25
7 55 7
15 153 15
15 22 15
6 191 6
24 49 24
8 58 8
134 218 6
129 252 1
2 93 2
52 127 52
167 189 39
177 252 49
169 252 41
102 216 88
147 226 19
127 155 27
167 223 39
125 193 65
28 74 28
89 207 79
6 174 6
217 247 89
45 147 19
53 79 53
64 89 64
150 166 22
197 241 69
127 251 123
109 223 95
98 167 39
179 196 51
137 246 9
90 211 83
140 214 12
78 225 78
70 166 38
48 168 40
63 180 52
80 124 80
136 154 8
64 186 58
21 203 21
154 236 26
77 127 77
90 95 90
183 204 55
55 172 44
3 203 3
59 134 6
135 182 7
3 213 3
127 236 108
115 174 46
1 131 1
170 203 42
18 164 18
164 207 36
18 167 18
75 77 75
103 221 93
103 146 18
193 208 65
9 87 9
71 82 71
43 235 43
153 205 25
161 227 33
8 69 8
28 49 28
12 192 12
8 26 8
128 237 109
77 250 77
51 71 51
159 167 31
67 172 44
19 144 16
126 174 46
105 231 103
31 162 31
41 189 41
41 209 41
104 236 104
101 131 3
77 131 3
225 249 97
2 47 2
103 148 20
94 200 72
44 143 15
58 141 13
33 152 24
181 217 53
223 225 95
31 134 6
114 171 43
113 245 113
21 208 21
225 252 97
104 185 57
17 155 17
156 172 28
34 39 34
5 242 5
193 214 65
67 224 67
88 123 88
208 226 80
184 212 56
29 61 29
43 84 43
63 223 63
118 202 74
62 145 17
10 207 10
151 215 23
155 204 27
34 112 34
153 248 25
91 240 91
75 84 75
2 73 2
11 255 11
249 253 121
179 224 51
11 42 11
20 155 20
29 227 29
30 192 30
127 249 121
169 207 41
234 240 106
226 228 98
126 205 77
113 238 110
109 190 62
78 211 78
91 92 91
165 223 37
107 228 100
55 86 55
38 45 38
13 169 13
117 253 117
80 210 80
105 213 85
121 205 77
62 147 19
94 203 75
22 159 22
211 238 83
122 172 44
151 155 23
96 197 69
206 211 78
181 234 53
116 220 92
32 142 14
67 248 67
128 212 84
108 227 99
78 186 58
58 61 58
8 131 3
31 79 31
72 149 21
24 214 24
105 202 74
152 171 24
213 233 85
24 194 24
213 242 85
153 175 25
53 144 16
56 83 56
55 215 55
50 174 46
213 228 85
174 225 46
2 28 2
28 179 28
4 8 4
83 185 57
2 3 2
10 200 10
234 250 106
30 132 4
124 202 74
21 107 21
110 132 4
31 201 31
81 98 81
159 255 31
134 201 6
98 128 98
89 254 89
54 56 54
104 229 101
141 180 13
64 195 64
118 187 59
44 167 39
34 146 18
179 252 51
138 181 10
115 131 3
26 56 26
135 186 7
132 211 4
189 209 61
105 137 9
84 152 24
10 196 10
100 226 98
127 204 76
126 203 75
171 199 43
202 253 74
63 121 63
217 218 89
66 144 16
176 216 48
65 127 65
18 30 18
175 183 47
124 243 115
219 221 91
132 237 4
70 83 70
58 91 58
122 190 62
115 216 88
223 242 95
37 251 37
186 226 58
116 175 47
4 107 4
184 229 56
84 165 37
105 227 99
131 193 3
43 136 8
135 219 7
130 192 2
95 207 79
54 245 54
155 176 27
20 82 20
183 209 55
166 208 38
29 97 29
1 208 1
124 193 65
10 25 10
138 184 10
198 245 70
33 156 28
134 155 6
101 215 87
104 191 63
6 133 5
16 243 16
198 236 70
58 117 58
237 248 109
40 83 40
243 255 115
125 237 109
140 199 12
145 229 17
37 74 37
85 159 31
170 173 42
3 202 3
221 233 93
230 231 102
27 86 27
192 228 64
76 203 75
100 123 100
220 250 92
112 204 76
131 143 3
149 185 21
102 209 81
133 175 5
168 209 40
111 193 65
119 147 19
111 146 18
7 143 7
157 187 29
178 183 50
164 172 36
215 254 87
100 216 88
31 166 31
46 146 18
134 215 6
55 210 55
7 48 7
83 201 73
186 236 58
138 243 10
9 203 9
86 197 69
83 105 83
167 176 39
141 146 13
135 181 7
21 146 18
129 151 1
31 140 12
163 207 35
30 133 5
77 83 77
172 186 44
79 111 79
109 168 40
42 148 20
7 194 7
193 236 65
113 211 83
32 235 32
41 170 41
2 213 2
155 241 27
23 42 23
174 250 46
85 245 85
125 198 70
221 247 93
164 167 36
23 163 23
15 202 15
16 57 16
24 149 21
20 170 20
26 250 26
176 255 48
96 195 67
55 199 55
117 187 59
125 213 85
42 93 42
125 231 103
25 102 25
173 239 45
149 212 21
111 221 93
95 130 2
104 161 33
116 185 57
97 176 48
115 153 25
114 192 64
191 251 63
196 220 68
154 159 26
60 236 60
71 75 71
14 217 14
6 12 6
5 47 5
54 71 54
25 154 25
153 236 25
114 229 101
27 51 27
43 44 43
160 184 32
97 127 97
103 138 10
45 104 45
81 175 47
178 240 50
118 236 108
20 189 20
128 142 14
88 149 21
53 204 53
57 82 57
95 163 35
121 231 103
208 253 80
117 130 2
25 109 25
66 67 66
4 177 4
208 235 80
186 233 58
84 173 45
27 154 26
149 176 21
143 212 15
57 142 14
23 107 23
40 141 13
128 215 87
18 228 18
8 12 8
227 238 99
179 204 51
47 183 47
129 249 1
118 200 72
81 238 81
68 219 68
164 237 36
118 159 31
128 241 113
42 67 42
238 239 110
18 150 18
64 137 9
45 91 45
150 222 22
111 152 24
139 214 11
10 218 10
38 173 38
75 174 46
40 131 3
92 209 81
32 103 32
15 44 15
137 156 9
119 219 91
127 177 49
56 146 18
12 138 10
144 146 16
172 177 44
49 135 7
118 211 83
4 125 4
28 149 21
18 149 18
30 189 30
29 126 29
22 163 22
66 228 66
21 170 21
32 87 32
48 200 48
82 118 82
48 253 48
232 251 104
187 209 59
224 247 96
188 254 60
185 205 57
130 246 2
148 166 20
7 199 7
110 216 88
24 223 24
200 246 72
182 238 54
118 183 55
146 165 18
80 141 13
168 204 40
230 245 102
37 246 37
17 136 8
77 178 50
144 169 16
102 251 102
44 146 18
167 246 39
36 236 36
87 130 2
99 209 81
186 224 58
139 212 11
7 26 7
197 219 69
87 176 48
74 173 45
114 206 78
118 221 93
159 172 31
149 251 21
107 158 30
106 133 5
114 144 16
69 134 6
173 244 45
130 176 2
204 241 76
110 128 110
6 203 6
117 242 114
127 228 100
29 188 29
46 66 46
198 241 70
49 103 49
133 181 5
39 51 39
194 235 66
198 247 70
115 161 33
51 74 51
117 194 66
59 81 59
59 204 59
159 225 31
84 215 84
43 217 43
192 205 64
149 217 21
157 164 29
36 56 36
216 230 88
128 204 76
14 192 14
15 60 15
113 232 104
125 144 16
2 159 2
103 246 103
130 226 2
32 202 32
56 158 30
26 141 13
37 116 37
13 139 11
202 237 74
42 179 42
94 146 18
75 247 75
150 204 22
37 158 30
106 226 98
40 129 1
4 30 4
177 184 49
69 179 51
170 237 42
4 109 4
116 199 71
114 218 90
62 174 46
207 226 79
113 175 47
124 221 93
81 171 43
192 215 64
31 34 31
241 246 113
37 204 37
123 234 106
15 218 15
129 194 1
47 59 47
154 182 26
78 157 29
46 48 46
85 175 47
175 200 47
145 224 17
51 84 51
169 221 41
60 226 60
89 139 11
71 105 71
137 251 9
34 183 34
182 254 54
193 232 65
96 136 8
140 195 12
138 213 10
9 137 9
193 223 65
176 195 48
200 244 72
104 222 94
40 170 40
83 116 83
110 208 80
122 243 115
132 218 4
88 140 12
83 146 18
100 104 100
108 152 24
150 200 22
147 173 19
96 119 96
162 224 34
31 112 31
98 183 55
85 221 85
108 211 83
5 108 5
219 220 91
112 158 30
43 139 11
69 250 69
32 58 32
83 138 10
182 209 54
32 130 2
51 233 51
50 94 50
237 250 109
4 147 4
148 208 20
148 199 20
46 149 21
91 192 64
86 87 86
91 214 86
9 112 9
85 216 85
94 143 15
14 156 14
9 43 9
84 180 52
95 204 76
55 207 55
84 120 84
44 238 44
81 185 57
67 170 42
144 174 16
121 195 67
80 255 80
50 250 50
235 240 107
127 241 113
45 184 45
106 185 57
3 149 3
74 116 74
151 202 23
118 131 3
26 108 26
223 244 95
16 100 16
45 161 33
126 169 41
31 69 31
98 134 6
7 179 7
102 183 55
110 171 43
99 117 99
51 234 51
204 214 76
112 216 88
7 91 7
56 123 56
210 226 82
162 240 34
105 223 95
23 173 23
206 222 78
152 168 24
59 61 59
75 214 75
169 233 41
89 160 32
56 74 56
4 181 4
137 212 9
221 232 93
13 69 13
76 242 76
88 183 55
146 162 18
4 144 4
219 228 91
72 136 8
107 131 3
52 227 52
9 144 9
20 96 20
188 224 60
179 226 51
84 176 48
100 157 29
174 234 46
65 243 65
53 171 43
168 212 40
214 217 86
209 214 81
51 92 51
13 193 13
103 104 103
206 212 78
126 139 11
90 151 23
170 233 42
36 124 36
83 160 32
147 203 19
88 195 67
94 134 6
13 73 13
70 134 6
179 216 51
8 139 8
17 173 17
17 166 17
50 170 42
2 86 2
71 216 71
156 221 28
165 230 37
115 240 112
62 232 62
140 215 12
43 129 1
12 127 12
81 92 81
81 159 31
111 170 42
104 130 2
122 196 68
77 179 51
144 165 16
51 63 51
40 147 19
58 243 58
112 186 58
184 240 56
114 187 59
61 179 51
82 183 55
78 153 25
136 159 8
184 190 56
23 204 23
185 191 57
113 226 98
109 186 58
157 226 29
101 176 48
115 171 43
167 173 39
41 131 3
43 158 30
25 52 25
1 211 1
39 209 39
180 245 52
111 175 47
89 116 89
76 185 57
166 172 38
163 231 35
126 242 114
16 194 16
175 255 47
181 182 53
131 228 3
40 233 40
225 238 97
185 190 57
69 115 69
27 79 27
201 221 73
138 226 10
17 147 17
102 201 73
172 188 44
107 198 70
5 26 5
144 186 16
40 253 40
116 200 72
46 117 46
88 179 51
222 233 94
190 211 62
105 193 65
208 242 80
53 145 17
216 240 88
153 181 25
122 206 78
83 166 38
74 181 53
95 184 56
144 187 16
212 218 84
10 187 10
113 155 27
121 250 121
4 131 3
116 217 89
196 216 68
200 203 72
56 179 51
65 179 51
138 182 10
54 212 54
101 218 90
211 254 83
56 143 15
24 43 24
120 235 107
131 238 3
99 184 56
128 148 20
115 152 24
101 189 61
53 138 10
212 225 84
121 241 113
49 125 49
1 81 1
61 235 61
15 166 15
53 142 14
109 185 57
72 195 67
110 236 108
68 155 27
49 53 49
99 107 99
77 184 56
67 83 67
41 158 30
246 249 118
19 21 19
224 251 96
113 237 109
182 247 54
4 82 4
18 58 18
199 221 71
208 233 80
53 233 53
14 170 14
118 197 69
69 129 1
19 128 19
80 181 53
20 173 20
40 50 40
225 248 97
226 241 98
184 239 56
56 175 47
156 173 28
104 174 46
7 28 7
187 203 59
106 218 90
87 111 87
128 211 83
48 134 6
107 200 72
15 54 15
60 134 6
67 187 59
166 243 38
119 175 47
26 156 26
135 251 7
114 217 89
39 75 39
120 240 112
135 240 7
87 150 22
68 180 52
186 248 58
183 203 55
245 253 117
90 185 57
30 129 1
242 252 114
17 214 17
118 207 79
31 178 31
90 224 90
232 254 104
221 228 93
106 199 71
12 49 12
229 243 101
104 196 68
1 148 1
198 204 70
179 202 51
12 223 12
39 153 25
14 127 14
197 199 69
29 113 29
240 248 112
231 238 103
82 153 25
110 206 78
187 221 59
161 185 33
85 180 52
139 180 11
234 248 106
45 146 18
62 211 62
127 178 50
78 242 78
38 152 24
18 206 18
8 155 8
210 213 82
63 234 63
117 119 117
191 217 63
143 201 15
29 99 29
58 210 58
25 192 25
168 226 40
177 229 49
135 164 7
92 173 45
127 161 33
82 216 82
128 226 98
35 51 35
68 140 12
130 169 2
92 255 92
76 174 46
25 156 25
92 237 92
82 172 44
13 29 13
121 187 59
165 247 37
71 160 32
83 202 74
128 238 110
53 85 53
205 219 77
108 115 108
71 96 71
115 220 92
37 230 37
234 242 106
138 241 10
108 166 38
174 208 46
57 168 40
137 200 9
41 161 33
44 221 44
9 245 9
138 225 10
8 189 8
38 196 38
34 219 34
4 56 4
106 122 106
195 234 67
37 72 37
82 192 64
28 113 28
125 203 75
106 127 106
178 231 50
45 139 11
15 77 15
63 160 32
105 208 80
184 241 56
194 211 66
158 194 30
170 241 42
2 96 2
120 239 111
113 206 78
107 177 49
193 218 65
45 133 5
110 217 89
103 172 44
39 61 39
157 232 29
140 204 12
32 100 32
50 59 50
20 30 20
115 156 28
62 161 33
135 249 7
160 162 32
76 218 76
39 144 16
110 199 71
186 232 58
37 131 3
203 240 75
26 34 26
17 148 17
41 121 41
33 130 2
225 245 97
201 208 73
218 238 90
140 203 12
213 236 85
8 161 8
222 238 94
83 144 16
82 229 82
9 246 9
147 206 19
204 227 76
65 142 14
133 157 5
103 152 24
51 80 51
96 221 93
49 75 49
29 131 3
52 65 52
73 191 63
192 255 64
182 220 54
101 209 81
70 90 70
52 59 52
238 243 110
102 225 97
62 116 62
172 191 44
144 247 16
136 230 8
178 242 50
165 172 37
14 157 14
84 175 47
114 250 114
144 185 16
68 75 68
33 36 33
169 246 41
50 115 50
82 161 33
42 143 15
140 168 12
154 248 26
159 219 31
58 175 47
50 70 50
60 136 8
163 237 35
40 106 40
17 135 7
95 234 95
132 176 4
15 216 15
209 250 81
101 166 38
169 181 41
123 222 94
51 203 51
44 51 44
182 188 54
88 185 57
237 238 109
74 152 24
40 162 34
109 142 14
35 227 35
36 53 36
4 97 4
144 236 16
58 80 58
138 242 10
49 164 36
51 166 38
200 215 72
27 226 27
47 141 13
30 160 30
232 246 104
53 150 22
69 158 30
64 199 64
78 199 71
26 138 10
184 223 56
125 170 42
70 235 70
109 145 17
21 223 21
143 238 15
121 123 121
126 245 117
34 52 34
143 232 15
53 231 53
195 197 67
159 234 31
159 242 31
170 208 42
182 252 54
64 218 64
174 235 46
147 151 19
92 140 12
182 217 54
153 213 25
72 145 17
192 225 64
21 27 21
17 33 17
144 150 16
1 181 1
222 246 94
196 251 68
22 162 22
49 184 49
96 208 80
99 119 99
64 81 64
82 169 41
93 145 17
101 192 64
52 89 52
78 232 78
25 107 25
58 158 30
100 106 100
170 245 42
147 205 19
198 222 70
32 84 32
49 190 49
221 226 93
37 248 37
148 222 20
192 231 64
132 253 4
110 141 13
24 70 24
151 179 23
111 160 32
75 156 28
29 169 29
165 191 37
76 198 70
164 230 36
50 218 50
41 190 41
57 169 41
78 121 78
160 253 32
150 223 22
51 170 42
189 236 61
179 243 51
179 240 51
74 138 10
53 214 53
66 159 31
19 62 19
108 231 103
213 216 85
180 255 52
38 138 10
67 133 5
155 170 27
23 151 23
43 59 43
138 154 10
19 237 19
28 48 28
131 244 3
11 179 11
126 148 20
103 180 52
86 175 47
3 212 3
8 85 8
39 135 7
45 171 43
117 139 11
80 215 80
124 248 120
198 208 70
100 234 100
212 231 84
138 232 10
90 156 28
49 82 49
127 168 40
104 159 31
89 197 69
79 81 79
148 235 20
62 135 7
204 218 76
120 174 46
28 93 28
77 212 77
10 235 10
44 56 44
105 224 96
110 237 109
47 57 47
214 238 86
56 140 12
35 167 35
85 142 14
67 113 67
238 255 110
147 233 19
3 37 3
38 219 38
12 19 12
86 242 86
11 194 11
65 220 65
64 104 64
16 51 16
70 175 47
225 247 97
124 247 119
95 238 95
153 219 25
64 71 64
29 30 29
102 194 66
44 87 44
177 245 49
141 151 13
166 209 38
26 58 26
64 117 64
14 149 14
96 165 37
197 202 69
98 216 88
208 224 80
164 239 36
137 181 9
142 208 14
130 247 2
29 135 7
1 15 1
58 70 58
9 30 9
37 120 37
111 148 20
185 199 57
208 228 80
106 130 2
198 232 70
189 241 61
33 249 33
224 250 96
167 212 39
189 235 61
31 41 31
164 238 36
216 236 88
8 150 8
186 240 58
87 104 87
66 255 66
67 205 67
66 161 33
101 135 7
221 231 93
125 138 10
167 180 39
31 216 31
47 232 47
86 161 33
137 149 9
101 127 101
70 248 70
96 185 57
28 229 28
32 148 20
126 194 66
124 145 17
165 213 37
45 208 45
111 159 31
74 179 51
78 200 72
193 195 65
81 131 3
101 187 59
174 186 46
148 151 20
217 240 89
55 74 55
95 124 95
86 174 46
20 149 20
180 209 52
117 169 41
151 153 23
45 144 16
72 227 72
20 81 20
92 152 24
50 75 50
210 212 82
178 250 50
87 194 66
22 229 22
44 71 44
102 184 56
58 139 11
180 213 52
88 118 88
32 152 24
44 144 16
12 35 12
133 252 5
137 201 9
165 227 37
51 133 5
166 199 38
171 207 43
102 199 71
105 119 105
13 98 13
160 198 32
149 165 21
91 179 51
127 154 26
155 254 27
137 194 9
67 123 67
37 152 24
21 100 21
47 122 47
141 246 13
168 202 40
21 37 21
24 117 24
101 195 67
65 177 49
42 58 42
75 153 25
29 43 29
90 203 75
20 160 20
9 90 9
128 133 5
42 144 16
35 171 35
214 215 86
96 199 71
36 203 36
200 219 72
182 227 54
223 231 95
97 134 6
15 111 15
130 195 2
115 168 40
198 243 70
13 75 13
174 213 46
125 171 43
113 205 77
170 222 42
37 159 31
3 211 3
35 137 9
17 172 17
137 185 9
205 237 77
14 147 14
119 195 67
34 62 34
94 156 28
21 212 21
115 162 34
175 177 47
126 187 59
63 161 33
62 185 57
218 253 90
130 142 2
26 239 26
15 227 15
89 113 89
86 136 8
236 247 108
175 199 47
68 146 18
19 53 19
18 241 18
133 141 5
174 204 46
79 148 20
40 47 40
107 211 83
25 146 18
31 155 27
118 172 44
121 204 76
21 43 21
214 221 86
143 153 15
84 103 84
164 194 36
41 140 12
26 125 26
113 132 4
134 191 6
62 73 62
184 205 56
111 202 74
34 212 34
157 247 29
78 92 78
123 176 48
21 185 21
156 212 28
51 54 51
121 248 120
56 191 56
190 245 62
211 255 83
126 165 37
185 216 57
44 239 44
114 155 27
228 249 100
7 209 7
174 223 46
91 212 84
126 210 82
202 230 74
95 213 85
12 168 12
62 86 62
63 87 63
194 201 66
54 255 54
121 203 75
146 188 18
146 217 18
20 95 20
114 213 85
234 243 106
169 199 41
47 228 47
56 170 42
24 184 24
58 225 58
12 95 12
3 193 3
6 22 6
23 159 23
60 220 60
6 207 6
112 177 49
61 152 24
162 244 34
23 78 23
63 105 63
227 249 99
220 248 92
37 129 1
136 234 8
235 244 107
199 241 71
4 186 4
215 222 87
24 67 24
75 185 57
129 198 1
90 200 72
63 142 14
79 87 79
52 68 52
244 253 116
119 144 16
148 215 20
25 37 25
222 241 94
5 140 5
203 239 75
96 141 13
92 93 92
43 237 43
11 176 11
76 238 76
2 148 2
95 253 95
23 158 23
159 199 31
146 233 18
145 239 17
64 116 64
78 184 56
128 216 88
146 157 18
8 14 8
183 234 55
113 225 97
102 153 25
94 149 21
177 211 49
178 255 50
48 114 48
72 86 72
39 126 39
3 39 3
199 249 71
24 246 24
186 208 58
37 45 37
113 147 19
4 22 4
90 152 24
157 188 29
96 138 10
90 178 50
79 214 79
2 161 2
3 188 3
120 243 115
30 166 30
124 239 111
35 249 35
136 243 8
161 164 33
59 178 50
154 193 26
28 174 28
105 198 70
111 182 54
108 219 91
56 121 56
5 157 5
62 169 41
6 155 6
105 106 105
95 221 93
65 161 33
46 131 3
1 230 1
17 99 17
144 254 16
187 225 59
30 208 30
49 176 48
213 240 85
2 106 2
35 222 35
98 155 27
20 203 20
4 132 4
89 95 89
8 118 8
207 242 79
4 24 4
222 239 94
52 78 52
50 200 50
12 167 12
15 172 15
123 184 56
193 221 65
186 197 58
67 144 16
156 249 28
133 151 5
18 174 18
26 29 26
90 199 71
190 197 62
117 201 73
57 131 3
35 57 35
52 147 19
12 196 12
109 123 109
8 167 8
124 245 117
92 153 25
178 229 50
104 177 49
37 244 37
139 164 11
22 104 22
108 197 69
21 191 21
7 146 7
37 178 37
20 175 20
5 196 5
63 92 63
119 198 70
183 226 55
71 189 61
150 213 22
106 250 106
51 174 46
93 128 93
161 223 33
221 229 93
23 144 16
25 40 25
85 246 85
119 129 1
148 155 20
3 51 3
165 243 37
15 174 15
85 173 45
116 134 6
123 241 113
71 80 71
33 38 33
147 153 19
210 234 82
54 159 31
50 152 24
31 94 31
138 201 10
29 134 6
21 66 21
183 249 55
141 165 13
26 173 26
220 226 92
140 149 12
12 75 12
16 23 16
67 189 61
213 223 85
157 175 29
92 217 89
101 175 47
32 95 32
63 187 59
9 19 9
39 189 39
75 82 75
103 229 101
114 151 23
163 233 35
215 237 87
79 124 79
4 42 4
106 110 106
133 216 5
111 167 39
43 186 43
170 236 42
172 209 44
68 80 68
22 127 22
206 244 78
137 196 9
67 247 67
65 166 38
56 166 38
82 176 48
4 34 4
49 146 18
97 232 97
10 20 10
10 155 10
114 137 9
77 223 77
80 185 57
199 211 71
145 182 17
61 149 21
27 196 27
51 132 4
15 29 15
17 67 17
34 66 34
18 119 18
187 248 59
177 188 49
27 151 23
113 177 49
231 237 103
5 12 5
125 241 113
191 233 63
31 170 31
154 224 26
51 216 51
100 230 100
151 220 23
2 118 2
188 245 60
54 138 10
164 215 36
105 160 32
110 222 94
12 28 12
64 205 64
104 242 104
67 197 67
128 153 25
44 118 44
10 68 10
53 64 53
113 140 12
39 160 32
146 185 18
200 204 72
50 153 25
237 249 109
136 223 8
124 227 99
183 213 55
185 212 57
86 167 39
54 131 3
24 61 24
147 207 19
143 192 15
31 182 31
55 129 1
12 39 12
105 216 88
35 158 30
46 112 46
168 251 40
22 133 5
109 133 5
126 146 18
31 188 31
87 112 87
109 201 73
112 206 78
8 229 8
132 198 4
217 223 89
68 253 68
126 142 14
68 76 68
192 222 64
122 242 114
130 255 2
69 146 18
37 239 37
39 82 39
68 209 68
44 189 44
65 171 43
97 158 30
87 209 81
122 125 122
107 248 107
24 236 24
68 175 47
37 180 37
106 179 51
53 227 53
132 221 4
200 243 72
15 122 15
83 176 48
84 131 3
202 227 74
39 208 39
33 68 33
97 219 91
67 232 67
178 210 50
179 247 51
36 137 9
121 243 115
77 173 45
108 135 7
6 237 6
10 52 10
41 165 37
152 167 24
49 228 49
76 138 10
198 234 70
71 124 71
203 230 75
78 183 55
114 211 83
111 180 52
8 192 8
79 197 69
9 35 9
129 253 1
46 170 42
41 61 41
50 62 50
219 250 91
12 21 12
105 217 89
32 61 32
88 236 88
143 222 15
152 190 24
91 180 52
240 245 112
19 24 19
135 245 7
195 253 67
16 245 16
216 246 88
140 177 12
193 216 65
33 99 33
130 147 2
36 109 36
177 189 49
62 120 62
164 212 36
119 208 80
127 152 24
214 252 86
194 204 66
174 231 46
74 175 47
93 208 80
47 251 47
61 245 61
18 115 18
107 112 107
99 150 22
223 232 95
19 181 19
13 90 13
54 140 12
222 227 94
82 147 19
69 190 62
131 217 3
112 236 108
21 181 21
54 118 54
4 60 4
3 172 3
20 165 20
98 175 47
26 113 26
58 169 41
214 237 86
157 220 29
18 57 18
130 181 2
12 98 12
219 254 91
60 115 60
78 158 30
63 254 63
1 137 1
57 147 19
73 237 73
136 144 8
108 181 53
171 210 43
19 210 19
17 19 17
31 173 31
140 223 12
151 163 23
175 249 47
18 179 18
52 208 52
72 100 72
54 210 54
34 54 34
4 163 4
196 245 68
18 41 18
230 252 102
171 214 43
180 208 52
67 208 67
191 199 63
71 133 5
73 192 64
176 206 48
37 46 37
217 253 89
183 250 55
52 175 47
7 34 7
172 226 44
232 239 104
55 110 55
27 118 27
13 197 13
3 137 3
79 173 45
82 202 74
29 177 29
89 170 42
50 256 50
58 73 58
144 154 16
84 186 58
84 122 84
157 174 29
240 250 112
210 236 82
55 181 53
22 60 22
29 248 29
19 173 19
211 232 83
28 129 1
39 202 39
72 212 72
138 252 10
73 189 61
4 16 4
140 170 12
79 134 6
88 203 75
45 57 45
178 222 50
7 138 7
33 57 33
141 248 13
21 131 3
169 223 41
33 229 33
28 182 28
172 174 44
205 229 77
31 194 31
2 195 2
53 220 53
48 76 48
163 166 35
173 218 45
33 85 33
139 143 11
27 134 6
144 171 16
127 246 118
97 193 65
6 136 6
242 253 114
97 211 83
157 207 29
16 140 12
51 179 51
77 85 77
147 181 19
127 186 58
161 215 33
30 122 30
159 209 31
65 197 65
186 199 58
210 232 82
168 195 40
128 228 100
25 218 25
164 213 36
141 152 13
228 245 100
75 112 75
134 174 6
126 218 90
196 227 68
2 220 2
68 225 68
112 140 12
70 177 49
9 242 9
33 47 33
52 164 36
44 178 44
169 245 41
88 225 88
5 233 5
128 224 96
202 215 74
23 44 23
169 204 41
73 117 73
186 195 58
113 207 79
152 172 24
178 190 50
126 199 71
76 199 71
105 219 91
175 204 47
1 94 1
8 172 8
82 178 50
212 227 84
148 245 20
9 154 9
46 196 46
128 162 34
6 215 6
22 80 22
40 183 40
14 204 14
81 219 81
127 167 39
26 67 26
141 218 13
96 144 16
43 203 43
93 143 15
3 228 3
200 210 72
73 229 73
154 251 26
146 153 18
125 135 7
167 184 39
24 56 24
202 216 74
206 235 78
199 253 71
129 219 1
67 251 67
14 79 14
46 64 46
43 159 31
98 242 98
61 97 61
84 220 84
3 35 3
99 199 71
231 246 103
29 98 29
35 102 35
139 178 11
58 105 58
128 196 68
57 83 57
9 147 9
152 184 24
36 104 36
33 138 10
18 88 18
208 240 80
153 189 25
135 169 7
92 161 33
166 168 38
209 252 81
26 163 26
78 147 19
157 228 29
2 48 2
124 140 12
97 120 97
48 54 48
155 167 27
86 129 1
206 226 78
142 201 14
78 172 44
81 240 81
109 178 50
172 244 44
227 245 99
150 191 22
66 134 6
139 250 11
100 221 93
216 222 88
185 250 57
6 242 6
215 240 87
118 177 49
42 208 42
209 222 81
105 226 98
54 62 54
245 248 117
138 179 10
230 240 102
158 162 30
113 236 108
86 116 86
36 144 16
159 229 31
173 176 45
138 188 10
105 144 16
212 250 84
17 226 17
60 119 60
17 149 17
62 91 62
26 123 26
74 193 65
97 166 38
169 198 41
5 179 5
46 162 34
233 251 105
62 201 62
55 109 55
109 242 109
136 142 8
32 106 32
97 224 96
125 208 80
197 222 69
88 92 88
89 214 86
30 167 30
85 178 50
31 158 30
47 71 47
23 188 23
107 188 60
177 205 49
78 193 65
20 212 20
222 244 94
94 196 68
226 251 98
77 195 67
88 100 88
117 185 57
80 151 23
14 159 14
91 207 79
147 158 19
70 168 40
12 202 12
181 225 53
173 252 45
142 216 14
207 249 79
80 209 80
51 158 30
223 236 95
113 234 106
145 179 17
117 234 106
11 154 11
8 130 2
7 13 7
16 138 10
231 255 103
86 245 86
219 226 91
21 244 21
62 96 62
10 75 10
4 25 4
77 189 61
78 197 69
227 253 99
106 139 11
10 140 10
128 147 19
137 180 9
143 155 15
179 246 51
212 255 84
46 156 28
165 211 37
38 105 38
4 13 4
79 154 26
190 209 62
49 201 49
142 194 14
20 171 20
197 250 69
67 146 18
12 215 12
34 130 2
23 35 23
39 72 39
95 211 83
115 241 113
217 235 89
48 108 48
147 244 19
98 133 5
76 84 76
120 182 54
180 232 52
10 54 10
90 159 31
202 246 74
206 254 78
179 253 51
151 249 23
178 196 50
59 171 43
136 224 8
66 210 66
16 153 16
61 175 47
51 130 2
95 155 27
165 249 37
111 188 60
29 138 10
24 224 24
164 220 36
4 92 4
107 193 65
125 226 98
63 173 45
27 189 27
211 219 83
164 241 36
45 78 45
39 187 39
32 218 32
144 216 16
65 69 65
31 163 31
136 229 8
84 114 84
118 241 113
59 232 59
83 100 83
200 240 72
109 239 109
233 245 105
87 231 87
186 255 58
38 254 38
73 198 70
9 116 9
119 130 2
55 228 55
26 209 26
202 209 74
78 108 78
84 106 84
4 57 4
180 253 52
126 173 45
23 63 23
189 232 61
133 204 5
28 84 28
36 51 36
156 201 28
99 254 99
65 168 40
40 123 40
241 244 113
109 158 30
45 63 45
132 161 4
105 221 93
54 111 54
103 237 103
24 222 24
177 178 49
209 238 81
49 174 46
17 56 17
4 252 4
175 187 47
96 248 96
105 225 97
23 175 23
15 173 15
10 147 10
89 123 89
217 226 89
209 255 81
152 250 24
23 81 23
89 244 89
37 252 37
96 110 96
135 137 7
69 140 12
236 253 108
169 196 41
43 218 43
33 131 3
174 238 46
128 194 66
63 136 8
207 214 79
34 55 34
101 212 84
3 6 3
172 236 44
185 203 57
24 196 24
170 215 42
148 253 20
33 110 33
83 119 83
132 141 4
158 203 30
162 184 34
68 154 26
68 186 58
130 254 2
11 39 11
43 216 43
37 138 10
217 254 89
198 211 70
115 251 115
94 205 77
89 172 44
126 170 42
36 75 36
111 177 49
122 244 116
25 36 25
97 121 97
35 186 35
5 81 5
81 163 35
60 70 60
143 166 15
19 108 19
175 220 47
171 208 43
14 42 14
29 158 29
81 184 56
16 31 16
175 185 47
173 174 45
17 26 17
6 162 6
7 133 5
71 179 51
79 85 79
180 212 52
87 151 23
20 94 20
15 150 15
120 216 88
147 164 19
3 41 3
35 161 33
172 222 44
86 230 86
20 214 20
194 225 66
67 77 67
180 229 52
14 224 14
35 156 28
217 239 89
139 176 11
14 45 14
39 119 39
18 159 18
82 85 82
57 153 25
26 121 26
14 201 14
91 203 75
112 221 93
107 237 107
52 185 52
5 225 5
8 78 8
66 174 46
153 227 25
2 156 2
214 247 86
74 187 59
112 241 112
37 68 37
14 15 14
86 232 86
36 168 36
226 243 98
20 50 20
31 84 31
110 169 41
108 220 92
136 163 8
140 251 12
133 187 5
1 174 1
147 184 19
98 169 41
27 173 27
191 211 63
64 253 64
83 186 58
4 185 4
52 157 29
101 229 101
1 29 1
78 155 27
60 187 59
148 231 20
114 150 22
85 98 85
10 48 10
129 165 1
121 200 72
81 194 66
148 170 20
85 133 5
146 199 18
5 176 5
104 189 61
107 173 45
111 145 17
88 90 88
108 119 108
160 180 32
200 242 72
193 243 65
161 169 33
92 186 58
138 183 10
3 7 3
8 10 8
4 14 4
56 71 56
7 53 7
185 239 57
152 181 24
38 242 38
106 137 9
63 141 13
47 252 47
108 175 47
4 54 4
218 247 90
193 251 65
133 160 5
60 238 60
70 162 34
2 163 2
204 238 76
223 253 95
168 177 40
148 219 20
7 72 7
140 247 12
4 192 4
186 204 58
162 223 34
130 214 2
79 156 28
16 49 16
216 255 88
78 87 78
69 142 14
59 215 59
185 243 57
56 91 56
6 21 6
208 252 80
19 32 19
181 183 53
207 232 79
4 171 4
111 161 33
147 238 19
122 193 65
214 234 86
153 212 25
117 241 113
107 174 46
15 75 15
193 210 65
92 166 38
142 195 14
83 118 83
50 201 50
35 103 35
136 177 8
32 76 32
117 121 117
176 177 48
155 173 27
73 185 57
27 128 27
25 153 25
218 246 90
19 162 19
132 190 4
238 251 110
85 208 80
11 28 11
63 218 63
105 211 83
64 178 50
157 198 29
162 203 34
55 171 43
85 169 41
10 93 10
52 90 52
1 232 1
200 231 72
22 117 22
81 137 9
31 171 31
96 253 96
98 192 64
117 158 30
90 177 49
148 165 20
191 209 63
247 249 119
178 246 50
116 226 98
99 131 3
6 71 6
11 223 11
2 194 2
1 23 1
155 166 27
79 186 58
145 208 17
1 17 1
114 168 40
33 175 33
18 161 18
34 143 15
186 203 58
71 78 71
61 172 44
28 185 28
120 151 23
5 69 5
174 224 46
128 245 117
65 156 28
50 106 50
193 240 65
180 201 52
228 237 100
88 132 4
33 62 33
171 243 43
174 201 46
153 200 25
83 140 12
94 120 94
196 210 68
96 225 96
196 202 68
94 132 4
211 222 83
51 194 51
157 202 29
165 225 37
208 227 80
13 228 13
39 244 39
108 234 106
175 214 47
5 21 5
99 213 85
120 253 120
25 39 25
34 84 34
40 165 37
68 195 67
221 254 93
77 144 16
116 183 55
87 205 77
11 20 11
99 180 52
165 237 37
97 168 40
191 193 63
7 86 7
22 136 8
9 176 9
32 160 32
212 251 84
118 231 103
109 219 91
50 85 50
8 144 8
159 181 31
54 229 54
125 227 99
117 213 85
39 88 39
29 81 29
1 160 1
122 237 109
103 245 103
53 226 53
145 198 17
194 252 66
100 247 100
15 55 15
132 136 4
158 213 30
125 250 122
145 207 17
144 246 16
97 198 70
34 152 24
66 70 66
109 236 108
23 208 23
14 173 14
73 213 73
195 247 67
126 206 78
110 144 16
153 243 25
110 152 24
96 143 15
146 252 18
141 158 13
22 42 22
245 249 117
122 226 98
117 165 37
34 156 28
72 182 54
110 196 68
154 240 26
43 97 43
96 132 4
94 198 70
47 163 35
197 220 69
120 148 20
123 138 10
58 246 58
43 172 43
32 145 17
98 198 70
63 202 63
52 117 52
180 196 52
146 216 18
210 255 82
170 229 42
112 137 9
8 70 8
21 167 21
85 109 85
105 207 79
59 100 59
171 185 43
43 206 43
114 243 114
18 24 18
189 211 61
42 168 40
9 252 9
132 133 4
62 129 1
84 123 84
227 239 99
150 233 22
163 219 35
169 216 41
136 244 8
185 210 57
219 242 91
107 195 67
116 243 115
74 180 52
2 32 2
56 125 56
137 186 9
90 139 11
40 229 40
159 183 31
71 170 42
12 89 12
85 147 19
56 69 56
198 225 70
70 227 70
37 75 37
86 90 86
187 195 59
91 175 47
57 244 57
108 189 61
5 44 5
120 196 68
8 24 8
82 108 82
140 229 12
31 127 31
33 226 33
44 164 36
201 234 73
61 164 36
74 182 54
59 162 34
151 212 23
124 183 55
141 206 13
167 215 39
78 141 13
106 128 106
64 179 51
62 63 62
183 239 55
135 187 7
108 147 19
26 223 26
36 185 36
140 232 12
86 222 86
92 218 90
170 206 42
94 148 20
36 79 36
129 195 1
89 186 58
17 195 17
26 62 26
29 132 4
160 163 32
22 41 22
20 64 20
32 56 32
169 170 41
112 118 112
17 144 16
137 241 9
162 208 34
121 244 116
177 208 49
97 149 21
105 176 48
21 105 21
91 204 76
12 156 12
7 157 7
1 166 1
69 154 26
179 200 51
8 47 8
97 230 97
34 117 34
43 244 43
48 95 48
195 205 67
147 247 19
70 170 42
100 134 6
68 101 68
61 134 6
20 43 20
9 169 9
100 117 100
67 236 67
59 156 28
22 62 22
107 206 78
106 216 88
152 189 24
105 120 105
23 243 23
130 164 2
153 206 25
15 188 15
37 182 37
80 180 52
219 232 91
82 186 58
117 233 105
71 112 71
35 200 35
37 41 37
197 205 69
189 213 61
64 86 64
194 210 66
117 238 110
215 229 87
178 221 50
102 177 49
146 174 18
11 114 11
117 161 33
44 183 44
41 180 41
61 196 61
123 235 107
120 199 71
49 86 49
18 178 18
114 209 81
72 198 70
21 213 21
52 97 52
75 249 75
185 237 57
27 160 27
104 252 104
188 248 60
78 89 78
110 212 84
133 231 5
109 152 24
247 250 119
130 236 2
122 200 72
10 115 10
211 233 83
202 208 74
63 206 63
16 137 9
8 11 8
14 238 14
79 139 11
151 180 23
110 225 97
123 247 119
129 143 1
118 124 118
103 193 65
174 229 46
184 218 56
78 136 8
179 221 51
70 132 4
73 182 54
169 231 41
105 194 66
116 212 84
83 212 83
191 254 63
195 249 67
22 43 22
98 127 98
11 36 11
171 196 43
33 205 33
106 113 106
87 182 54
10 28 10
54 164 36
123 229 101
48 80 48
53 84 53
63 219 63
203 212 75
76 204 76
195 235 67
22 88 22
149 227 21
224 232 96
145 232 17
91 242 91
76 186 58
21 119 21
145 243 17
135 196 7
220 239 92
19 40 19
145 231 17
47 139 11
151 172 23
109 235 107
40 90 40
38 102 38
155 185 27
41 93 41
72 98 72
119 165 37
4 17 4
14 88 14
112 253 112
83 130 2
233 238 105
79 123 79
18 95 18
58 90 58
17 151 17
60 114 60
9 150 9
148 174 20
4 142 4
174 230 46
31 205 31
22 70 22
195 225 67
181 223 53
125 230 102
81 211 81
72 250 72
158 193 30
168 235 40
95 144 16
50 164 36
139 197 11
124 168 40
101 157 29
210 227 82
17 34 17
31 169 31
194 239 66
175 178 47
174 240 46
7 87 7
166 247 38
83 103 83
72 183 55
38 247 38
206 230 78
26 247 26
120 185 57
162 166 34
32 156 28
12 134 6
196 223 68
211 224 83
18 185 18
41 112 41
176 201 48
42 115 42
35 220 35
225 232 97
154 194 26
176 225 48
10 32 10
153 244 25
203 251 75
96 171 43
194 224 66
170 240 42
63 66 63
106 203 75
7 17 7
80 98 80
127 184 56
39 101 39
55 134 6
17 32 17
75 86 75
205 225 77
146 182 18
192 230 64
55 168 40
99 176 48
98 225 97
236 239 108
45 229 45
82 157 29
83 165 37
91 236 91
69 183 55
26 72 26
154 195 26
10 158 10
89 111 89
60 149 21
17 84 17
57 187 57
64 83 64
34 167 34
97 195 67
216 243 88
158 219 30
68 198 68
112 191 63
118 123 118
46 154 26
85 105 85
75 201 73
16 196 16
48 172 44
124 225 97
208 247 80
231 248 103
94 202 74
39 43 39
101 191 63
98 219 91
107 227 99
54 187 54
228 238 100
75 172 44
18 189 18
96 139 11
142 166 14
105 201 73
2 69 2
121 129 1
103 250 103
142 247 14
216 237 88
92 156 28
49 162 34
42 62 42
74 130 2
9 20 9
75 184 56
17 40 17
7 147 7
2 137 2
163 215 35
121 207 79
98 206 78
141 250 13
60 173 45
114 226 98
95 222 94
116 191 63
23 172 23
14 24 14
52 57 52
25 108 25
74 132 4
140 197 12
9 167 9
53 136 8
26 193 26
98 222 94
146 198 18
104 156 28
110 230 102
14 243 14
18 82 18
19 192 19
46 183 46
42 100 42
94 224 94
139 193 11
40 70 40
99 127 99
148 182 20
22 101 22
8 140 8
196 201 68
62 218 62
32 79 32
1 169 1
54 157 29
7 191 7
21 164 21
175 217 47
117 144 16
16 133 5
7 226 7
115 194 66
186 207 58
95 174 46
10 143 10
118 243 115
33 97 33
142 245 14
4 101 4
90 112 90
23 236 23
58 134 6
85 179 51
186 238 58
68 177 49
81 120 81
20 140 12
160 203 32
61 151 23
156 182 28
86 215 86
176 224 48
46 47 46
187 215 59
42 167 39
25 148 20
37 208 37
120 176 48
6 51 6
117 157 29
132 212 4
35 129 1
29 91 29
45 99 45
125 174 46
48 252 48
204 233 76
22 157 22
7 207 7
134 223 6
205 240 77
38 47 38
204 207 76
11 232 11
45 76 45
57 252 57
40 44 40
109 116 109
110 136 8
15 52 15
48 179 48
133 235 5
128 240 112
109 212 84
101 140 12
10 13 10
166 240 38
87 146 18
69 151 23
44 46 44
5 205 5
69 94 69
22 53 22
104 112 104
81 162 34
183 253 55
243 247 115
3 240 3
50 66 50
5 198 5
120 222 94
17 57 17
197 200 69
32 204 32
173 180 45
119 159 31
211 242 83
10 189 10
80 168 40
76 126 76
74 108 74
142 161 14
101 148 20
108 198 70
108 190 62
10 248 10
40 61 40
77 139 11
114 194 66
5 183 5
21 189 21
11 125 11
21 251 21
45 145 17
109 234 106
144 207 16
146 237 18
10 37 10
82 197 69
66 148 20
154 205 26
168 196 40
31 148 20
3 11 3
8 235 8
111 243 111
120 192 64
55 226 55
156 192 28
104 175 47
200 233 72
67 162 34
134 194 6
6 33 6
148 159 20
100 155 27
48 53 48
67 176 48
150 253 22
7 140 7
65 188 60
209 219 81
167 218 39
150 167 22
81 100 81
131 138 3
123 202 74
21 93 21
48 130 2
111 208 80
116 197 69
217 243 89
77 205 77
107 134 6
45 56 45
19 168 19
73 125 73
190 253 62
4 31 4
23 180 23
81 117 81
241 248 113
3 190 3
28 246 28
10 204 10
6 218 6
1 50 1
109 139 11
60 167 39
154 178 26
57 166 38
37 245 37
136 168 8
75 210 75
94 95 94
133 255 5
51 168 40
33 58 33
67 253 67
7 106 7
36 89 36
83 233 83
87 106 87
98 162 34
24 36 24
12 86 12
60 158 30
118 191 63
206 243 78
115 190 62
31 227 31
88 189 61
2 167 2
41 156 28
24 161 24
112 148 20
25 117 25
103 106 103
95 233 95
19 225 19
85 137 9
85 190 62
178 220 50
9 226 9
103 163 35
78 143 15
34 131 3
87 144 16
62 65 62
45 182 45
194 227 66
28 184 28
111 240 111
80 136 8
29 182 29
206 253 78
108 184 56
141 251 13
2 123 2
89 114 89
186 213 58
17 247 17
31 244 31
9 38 9
12 140 12
22 211 22
177 220 49
97 216 88
201 220 73
144 249 16
37 117 37
53 182 53
152 155 24
15 133 5
132 153 4
182 255 54
34 53 34
101 178 50
31 165 31
156 236 28
66 146 18
68 74 68
1 57 1
3 155 3
121 198 70
78 205 77
231 252 103
192 236 64
71 129 1
41 217 41
79 236 79
60 174 46
107 171 43
109 213 85
103 174 46
118 212 84
45 154 26
168 207 40
108 180 52
180 215 52
34 81 34
106 109 106
76 177 49
72 153 25
51 164 36
63 210 63
90 107 90
66 139 11
29 239 29
111 251 111
154 183 26
34 192 34
138 248 10
19 209 19
125 212 84
27 198 27
57 173 45
228 241 100
156 174 28
177 246 49
156 214 28
173 206 45
166 252 38
120 159 31
141 178 13
84 153 25
103 154 26
148 164 20
227 235 99
20 134 6
162 228 34
76 112 76
107 231 103
121 176 48
102 214 86
3 200 3
129 154 1
73 241 73
51 152 24
144 179 16
23 89 23
164 228 36
117 214 86
131 184 3
157 172 29
29 233 29
201 209 73
9 17 9
72 185 57
47 254 47
47 206 47
13 65 13
97 200 72
4 130 2
122 194 66
110 223 95
79 212 79
13 35 13
239 251 111
16 77 16
144 197 16
35 99 35
183 210 55
193 237 65
75 106 75
84 163 35
204 230 76
43 180 43
9 215 9
77 214 77
151 233 23
36 175 36
220 241 92
167 208 39
131 220 3
147 202 19
160 250 32
21 49 21
102 144 16
197 231 69
210 246 82
89 218 89
116 125 116
139 162 11
66 135 7
16 222 16
109 226 98
24 229 24
16 22 16
9 29 9
185 254 57
100 199 71
199 209 71
128 205 77
45 158 30
137 238 9
6 14 6
38 186 38
221 243 93
205 213 77
90 219 90
64 161 33
101 197 69
22 173 22
63 250 63
68 129 1
173 181 45
40 100 40
94 208 80
64 177 49
103 203 75
202 210 74
133 208 5
149 179 21
70 78 70
114 148 20
61 170 42
8 21 8
80 182 54
13 172 13
83 182 54
177 238 49
41 167 39
223 234 95
83 153 25
119 210 82
207 248 79
48 115 48
34 76 34
158 218 30
100 170 42
81 188 60
213 247 85
180 203 52
110 192 64
215 252 87
29 96 29
11 131 3
131 139 3
56 134 6
207 233 79
204 205 76
123 167 39
137 178 9
94 178 50
139 192 11
150 155 22
40 140 12
67 91 67
27 41 27
16 42 16
114 147 19
235 239 107
200 212 72
30 248 30
86 105 86
81 196 68
191 234 63
143 182 15
33 163 33
3 189 3
46 186 46
150 208 22
4 170 4
68 84 68
161 239 33
96 184 56
60 188 60
180 241 52
69 196 68
103 175 47
14 39 14
177 228 49
81 165 37
23 34 23
192 197 64
177 225 49
131 161 3
104 231 103
40 172 40
214 241 86
13 137 9
117 190 62
35 165 35
118 185 57
144 227 16
71 154 26
120 237 109
181 189 53
6 74 6
13 190 13
24 129 1
75 90 75
54 108 54
125 134 6
51 197 51
118 173 45
22 114 22
157 221 29
208 236 80
176 252 48
65 208 65
26 32 26
12 106 12
1 195 1
128 193 65
8 170 8
127 170 42
101 130 2
48 143 15
207 238 79
231 241 103
22 171 22
36 158 30
42 157 29
80 192 64
72 159 31
195 216 67
184 208 56
108 131 3
168 224 40
116 202 74
124 207 79
164 231 36
154 209 26
104 145 17
75 129 1
158 251 30
25 196 25
80 189 61
7 16 7
77 210 77
63 212 63
236 243 108
110 185 57
5 184 5
26 86 26
218 252 90
155 230 27
181 254 53
152 179 24
28 116 28
11 186 11
95 249 95
131 159 3
39 216 39
151 189 23
12 121 12
66 121 66
187 197 59
133 173 5
84 171 43
138 169 10
85 195 67
128 197 69
58 231 58
45 199 45
128 165 37
162 202 34
70 156 28
68 246 68
8 54 8
122 182 54
197 255 69
67 104 67
21 22 21
37 51 37
24 186 24
42 152 24
147 232 19
19 34 19
151 168 23
96 192 64
33 95 33
119 243 115
96 201 73
44 107 44
12 142 12
220 249 92
26 43 26
15 208 15
67 181 53
93 110 93
199 238 71
43 208 43
234 253 106
86 225 86
32 165 32
34 165 34
88 209 81
195 214 67
12 159 12
123 140 12
23 61 23
14 32 14
26 60 26
27 56 27
46 229 46
17 224 17
156 248 28
60 234 60
24 156 24
49 143 15
143 242 15
55 61 55
48 135 7
155 243 27
34 187 34
24 44 24
26 204 26
53 121 53
95 177 49
112 180 52
108 182 54
7 230 7
131 179 3
63 227 63
139 249 11
33 41 33
45 240 45
133 188 5
53 159 31
115 235 107
61 145 17
25 208 25
159 206 31
142 218 14
222 243 94
147 169 19
112 164 36
121 171 43
37 63 37
76 142 14
200 223 72
67 223 67
9 187 9
157 168 29
192 200 64
85 103 85
56 209 56
173 251 45
168 208 40
104 132 4
70 189 61
25 92 25
48 250 48
139 246 11
95 149 21
10 69 10
40 175 40
99 202 74
91 182 54
198 240 70
58 85 58
144 208 16
106 146 18
133 135 5
1 252 1
113 246 113
28 43 28
207 241 79
39 163 35
127 189 61
155 232 27
6 87 6
14 30 14
34 136 8
40 77 40
49 57 49
126 183 55
66 245 66
134 152 6
22 219 22
182 242 54
77 200 72
168 217 40
224 246 96
26 152 24
113 191 63
213 217 85
15 230 15
65 211 65
2 112 2
59 228 59
108 244 108
51 129 1
110 218 90
35 121 35
78 88 78
4 104 4
138 217 10
40 155 27
16 148 16
110 177 49
162 218 34
36 107 36
74 213 74
182 195 54
80 246 80
88 173 45
74 227 74
82 231 82
65 67 65
64 101 64
89 115 89
136 198 8
63 168 40
44 184 44
63 192 63
30 213 30
27 205 27
118 201 73
175 253 47
43 153 25
49 153 25
102 224 96
55 178 50
123 223 95
18 69 18
15 49 15
123 159 31
150 207 22
87 178 50
166 194 38
182 228 54
68 142 14
110 159 31
9 15 9
90 206 78
25 253 25
61 224 61
103 165 37
61 166 38
100 206 78
132 182 4
75 209 75
12 117 12
131 230 3
30 97 30
148 173 20
34 149 21
21 200 21
228 240 100
13 28 13
2 108 2
40 215 40
73 242 73
133 146 5
59 91 59
209 236 81
111 191 63
1 41 1
184 254 56
101 118 101
113 244 113
179 189 51
28 118 28
77 145 17
155 201 27
135 230 7
46 255 46
28 131 3
144 147 16
143 219 15
19 48 19
63 159 31
4 10 4
22 48 22
141 170 13
58 161 33
134 238 6
57 188 57
126 192 64
9 206 9
43 189 43
73 173 45
196 221 68
183 202 55
190 204 62
145 236 17
4 119 4
52 115 52
21 224 21
179 190 51
122 212 84
143 158 15
71 115 71
142 246 14
29 149 21
121 201 73
14 251 14
133 176 5
155 197 27
34 190 34
158 189 30
131 224 3
50 163 35
153 178 25
148 227 20
42 131 3
116 131 3
23 147 19
197 218 69
81 91 81
27 200 27
90 140 12
110 163 35
90 147 19
28 132 4
44 172 44
115 150 22
57 100 57
138 186 10
15 241 15
216 242 88
133 153 5
175 240 47
21 28 21
105 229 101
214 242 86
184 226 56
135 176 7
137 211 9
121 221 93
11 116 11
12 150 12
31 77 31
28 201 28
68 104 68
97 217 89
61 239 61
189 206 61
58 147 19
24 165 24
127 208 80
66 120 66
115 219 91
84 210 82
170 183 42
25 119 25
79 132 4
235 251 107
60 124 60
86 236 86
220 251 92
183 184 55
150 249 22
163 223 35
151 230 23
35 40 35
158 187 30
59 177 49
13 38 13
88 181 53
164 221 36
141 212 13
127 238 110
18 212 18
206 249 78
4 191 4
121 230 102
92 236 92
175 196 47
100 172 44
62 85 62
5 238 5
213 239 85
136 160 8
16 139 11
51 221 51
27 57 27
160 187 32
152 207 24
110 155 27
86 99 86
40 177 40
49 177 49
45 241 45
117 223 95
229 233 101
169 179 41
216 249 88
187 253 59
243 252 115
16 164 16
89 224 89
142 196 14
170 171 42
75 229 75
125 233 105
66 230 66
171 223 43
85 141 13
15 129 1
159 224 31
17 106 17
16 254 16
65 225 65
85 205 77
201 207 73
147 230 19
69 71 69
26 46 26
38 40 38
95 180 52
41 119 41
104 198 70
54 208 54
204 225 76
35 180 35
56 60 56
82 142 14
39 156 28
52 251 52
8 38 8
16 102 16
83 183 55
66 157 29
7 193 7
135 188 7
3 162 3
165 198 37
7 8 7
23 114 23
2 168 2
179 206 51
40 81 40
110 149 21
6 241 6
131 216 3
106 196 68
93 207 79
6 172 6
146 164 18
10 12 10
156 246 28
188 238 60
56 157 29
166 207 38
210 238 82
105 199 71
5 232 5
67 156 28
138 239 10
134 205 6
85 152 24
109 230 102
231 253 103
133 150 5
16 34 16
14 60 14
151 158 23
174 193 46
191 205 63
39 222 39
190 192 62
100 130 2
125 238 110
123 170 42
110 248 110
9 54 9
107 122 107
166 221 38
5 70 5
27 156 27
53 207 53
1 12 1
191 203 63
106 152 24
198 253 70
167 229 39
72 193 65
96 145 17
138 220 10
29 193 29
117 196 68
123 236 108
124 220 92
41 175 41
151 239 23
26 61 26
164 244 36
205 235 77
124 147 19
160 206 32
16 156 16
78 106 78
168 187 40
118 220 92
64 84 64
24 53 24
36 76 36
31 231 31
196 224 68
13 176 13
80 245 80
108 158 30
113 143 15
9 166 9
94 179 51
146 152 18
57 181 53
14 182 14
8 204 8
75 170 42
34 68 34
19 104 19
22 129 1
124 208 80
116 224 96
66 188 60
115 169 41
103 211 83
44 68 44
132 252 4
188 243 60
17 128 17
151 253 23
65 132 4
15 148 15
22 243 22
206 214 78
48 169 41
107 187 59
103 207 79
25 158 25
130 197 2
6 8 6
41 231 41
59 89 59
98 117 98
13 34 13
50 119 50
17 91 17
30 220 30
2 196 2
153 204 25
165 185 37
24 217 24
2 63 2
158 248 30
43 63 43
95 194 66
167 171 39
15 181 15
80 139 11
125 254 125
183 194 55
86 109 86
5 103 5
29 178 29
146 214 18
69 76 69
179 228 51
159 221 31
189 212 61
229 255 101
22 126 22
175 210 47
170 216 42
46 54 46
11 115 11
6 161 6
3 161 3
108 243 108
183 212 55
73 176 48
162 219 34
71 157 29
60 66 60
100 181 53
35 254 35
39 167 39
139 166 11
126 241 113
209 241 81
149 232 21
13 186 13
14 38 14
39 233 39
94 191 63
99 250 99
142 147 14
1 150 1
146 243 18
16 30 16
11 136 8
154 250 26
199 216 71
9 230 9
44 207 44
125 236 108
114 215 87
116 155 27
208 217 80
177 223 49
146 172 18
64 236 64
2 200 2
70 145 17
109 229 101
72 87 72
99 164 36
60 143 15
82 239 82
136 237 8
2 13 2
66 192 64
168 233 40
101 190 62
125 156 28
49 128 49
93 171 43
9 130 2
7 177 7
169 240 41
35 205 35
6 228 6
177 231 49
132 169 4
20 241 20
153 253 25
33 196 33
116 227 99
64 228 64
141 228 13
49 226 49
109 141 13
47 208 47
106 233 105
75 194 66
205 217 77
232 245 104
30 183 30
87 192 64
13 63 13
107 213 85
192 244 64
90 116 90
22 66 22
24 167 24
26 196 26
43 86 43
177 235 49
35 179 35
202 217 74
23 64 23
29 194 29
111 209 81
31 248 31
165 238 37
86 143 15
88 191 63
50 198 50
166 215 38
99 175 47
87 114 87
167 190 39
79 144 16
63 156 28
59 118 59
59 183 55
113 185 57
61 187 59
116 144 16
67 127 67
28 180 28
43 48 43
145 246 17
24 91 24
147 249 19
136 181 8
41 91 41
3 165 3
54 134 6
103 171 43
2 170 2
27 100 27
133 182 5
24 163 24
179 184 51
220 221 92
225 231 97
93 157 29
169 203 41
107 251 107
107 185 57
74 223 74
83 216 83
33 46 33
67 214 67
202 218 74
117 237 109
71 171 43
102 122 102
33 157 29
187 244 59
205 233 77
101 144 16
29 247 29
65 170 42
143 171 15
216 229 88
67 183 55
26 154 26
77 123 77
111 213 85
175 184 47
101 228 100
29 196 29
86 201 73
134 138 6
196 209 68
122 230 102
97 163 35
152 233 24
142 233 14
2 23 2
166 235 38
18 183 18
114 236 108
43 46 43
19 233 19
97 220 92
41 181 41
112 198 70
160 243 32
156 247 28
70 198 70
7 42 7
208 210 80
44 157 29
26 190 26
48 256 48
220 237 92
112 175 47
40 254 40
7 175 7
40 64 40
83 199 71
9 202 9
171 234 43
181 210 53
83 189 61
24 143 15
30 168 30
45 66 45
38 178 38
36 101 36
6 244 6
142 156 14
80 149 21
201 249 73
14 143 14
94 210 82
105 251 105
44 73 44
3 114 3
107 218 90
95 117 95
163 188 35
39 136 8
207 220 79
100 124 100
26 93 26
223 227 95
166 169 38
87 142 14
182 246 54
188 234 60
152 191 24
109 245 109
25 47 25
120 205 77
33 195 33
2 171 2
217 244 89
26 51 26
78 98 78
48 83 48
14 109 14
70 133 5
87 216 87
232 253 104
25 100 25
40 246 40
39 131 3
157 253 29
123 178 50
45 173 45
35 191 35
31 220 31
141 195 13
98 151 23
121 197 69
154 164 26
33 187 33
183 198 55
35 75 35
72 156 28
176 243 48
150 235 22
139 145 11
81 182 54
6 141 6
16 151 16
92 181 53
31 32 31
4 220 4
20 223 20
89 162 34
8 15 8
24 98 24
125 211 83
106 230 102
30 117 30
55 247 55
11 22 11
36 169 36
43 230 43
181 205 53
8 109 8
39 106 39
101 222 94
87 211 83
149 243 21
71 204 71
157 203 29
44 88 44
25 212 25
46 189 46
87 202 74
121 220 92
110 211 83
22 238 22
197 213 69
76 239 76
7 245 7
87 193 65
134 156 6
40 251 40
153 210 25
19 197 19
124 236 108
2 169 2
3 26 3
14 64 14
94 172 44
100 148 20
103 116 103
126 208 80
16 180 16
95 214 86
155 159 27
210 220 82
42 159 31
10 85 10
84 229 84
25 151 23
115 155 27
197 206 69
123 225 97
26 82 26
63 193 63
159 210 31
42 176 42
73 199 71
6 109 6
10 215 10
181 221 53
27 75 27
6 166 6
141 183 13
15 117 15
201 229 73
127 133 5
87 175 47
128 173 45
73 119 73
27 38 27
156 240 28
17 43 17
200 235 72
70 200 70
89 193 65
109 225 97
217 230 89
94 185 57
54 199 54
143 214 15
127 157 29
85 255 85
204 224 76
42 224 42
13 219 13
111 217 89
107 143 15
154 217 26
3 55 3
1 44 1
138 251 10
62 76 62
20 119 20
89 136 8
56 205 56
241 252 113
205 212 77
116 180 52
10 30 10
57 157 29
184 248 56
17 138 10
93 100 93
35 105 35
78 146 18
51 79 51
25 244 25
95 215 87
20 76 20
176 236 48
141 241 13
20 38 20
141 245 13
176 188 48
105 249 105
101 151 23
50 184 50
8 238 8
6 10 6
118 224 96
73 94 73
65 112 65
20 250 20
214 243 86
231 239 103
32 221 32
23 87 23
11 226 11
25 54 25
211 230 83
165 219 37
38 78 38
30 223 30
16 149 16
110 154 26
72 249 72
196 208 68
225 229 97
168 181 40
78 177 49
106 224 96
21 140 12
175 221 47
136 149 8
87 164 36
74 149 21
8 173 8
164 242 36
123 213 85
121 157 29
18 130 2
20 100 20
18 112 18
182 231 54
115 218 90
87 171 43
172 248 44
63 177 49
86 190 62
90 225 90
166 198 38
30 34 30
6 80 6
207 221 79
108 203 75
70 173 45
12 186 12
4 5 4
212 229 84
13 160 13
55 170 42
207 245 79
172 227 44
8 77 8
123 165 37
193 255 65
30 154 26
131 151 3
14 230 14
214 246 86
22 212 22
32 246 32
25 252 25
31 139 11
21 90 21
61 176 48
22 99 22
11 227 11
25 227 25
191 224 63
131 190 3
63 183 55
216 238 88
119 152 24
44 138 10
119 156 28
38 209 38
163 202 35
163 205 35
28 154 26
90 167 39
190 239 62
35 90 35
141 209 13
121 222 94
120 132 4
56 145 17
174 227 46
69 193 65
27 148 20
58 71 58
67 177 49
38 119 38
109 170 42
134 213 6
120 191 63
39 56 39
33 73 33
187 211 59
152 209 24
45 134 6
120 173 45
71 136 8
131 233 3
67 99 67
68 153 25
20 107 20
135 185 7
101 172 44
145 146 17
12 158 12
140 205 12
205 236 77
10 50 10
88 223 88
55 150 22
222 254 94
71 205 71
62 184 56
85 224 85
20 148 20
146 222 18
105 209 81
15 147 15
7 57 7
176 198 48
179 214 51
51 125 51
193 244 65
184 238 56
106 157 29
37 80 37
115 172 44
32 210 32
12 22 12
172 190 44
173 230 45
53 117 53
78 93 78
19 165 19
12 245 12
223 250 95
54 81 54
91 206 78
40 138 10
108 133 5
56 150 22
215 251 87
23 198 23
21 142 14
30 64 30
68 117 68
189 195 61
212 246 84
85 177 49
97 212 84
38 133 5
42 109 42
156 158 28
184 227 56
23 112 23
184 249 56
186 245 58
229 238 101
95 212 84
159 191 31
11 145 11
14 66 14
39 155 27
12 174 12
63 101 63
10 87 10
84 196 68
98 221 93
77 155 27
102 215 87
191 194 63
122 150 22
70 119 70
134 196 6
13 164 13
39 214 39
27 71 27
106 174 46
43 181 43
92 215 87
118 130 2
111 200 72
9 250 9
108 183 55
112 215 87
227 233 99
144 210 16
126 134 6
168 183 40
71 134 6
158 180 30
141 240 13
105 145 17
54 67 54
151 159 23
199 222 71
7 172 7
174 177 46
98 254 98
206 252 78
58 68 58
204 217 76
67 131 3
49 139 11
230 241 102
196 229 68
33 63 33
106 192 64
60 228 60
87 156 28
64 211 64
209 221 81
86 243 86
55 132 4
91 186 58
63 138 10
30 215 30
71 118 71
163 203 35
234 249 106
64 198 64
139 205 11
173 227 45
72 116 72
19 159 19
60 105 60
57 148 20
16 204 16
121 128 121
23 206 23
85 122 85
112 185 57
6 170 6
98 129 1
45 61 45
55 156 28
130 154 2
36 164 36
56 182 54
119 226 98
168 223 40
149 170 21
204 206 76
5 203 5
12 26 12
219 241 91
3 58 3
157 191 29
8 148 8
91 121 91
36 221 36
21 153 21
68 182 54
114 134 6
108 213 85
74 76 74
130 238 2
49 200 49
43 131 3
59 243 59
8 197 8
147 188 19
68 95 68
194 217 66
178 253 50
221 252 93
35 111 35
11 189 11
66 119 66
109 222 94
203 217 75
231 234 103
8 18 8
93 220 92
119 223 95
10 55 10
11 79 11
118 189 61
3 204 3
108 192 64
198 213 70
41 53 41
66 236 66
1 179 1
37 202 37
36 58 36
157 241 29
22 144 16
58 154 26
142 175 14
38 227 38
93 188 60
68 151 23
172 196 44
90 166 38
14 123 14
22 196 22
72 162 34
31 149 21
194 198 66
222 231 94
166 234 38
134 143 6
48 229 48
191 253 63
8 132 4
85 183 55
15 203 15
61 115 61
36 195 36
60 72 60
133 200 5
70 125 70
40 116 40
89 98 89
13 47 13
199 244 71
174 195 46
5 245 5
5 127 5
188 198 60
119 204 76
196 198 68
64 119 64
108 151 23
21 76 21
121 217 89
6 62 6
201 251 73
144 170 16
128 221 93
3 57 3
68 203 68
194 244 66
31 40 31
69 185 57
59 114 59
55 248 55
30 151 23
39 177 39
149 219 21
14 59 14
169 211 41
8 180 8
122 181 53
117 163 35
81 82 81
36 176 36
159 184 31
77 211 77
197 246 69
54 203 54
113 201 73
205 231 77
121 156 28
209 237 81
65 151 23
139 195 11
72 152 24
23 174 23
192 237 64
111 190 62
199 230 71
156 218 28
32 108 32
29 45 29
20 127 20
32 45 32
65 169 41
217 251 89
31 144 16
154 166 26
224 248 96
240 241 112
24 88 24
100 197 69
50 180 50
192 235 64
103 195 67
54 129 1
156 193 28
154 161 26
50 64 50
226 244 98
169 176 41
91 168 40
58 211 58
10 166 10
133 149 5
60 196 60
110 190 62
111 164 36
144 183 16
50 139 11
225 235 97
172 247 44
160 204 32
24 85 24
118 204 76
139 248 11
114 129 1
9 178 9
25 104 25
107 234 106
109 244 109
146 151 18
57 220 57
34 172 34
14 50 14
112 184 56
167 172 39
109 192 64
49 192 49
5 40 5
200 211 72
27 145 17
161 175 33
123 163 35
85 237 85
9 14 9
28 50 28
170 189 42
187 210 59
183 219 55
22 54 22
71 126 71
43 49 43
84 213 84
32 49 32
115 214 86
45 72 45
109 184 56
42 246 42
123 216 88
180 236 52
78 159 31
168 241 40
94 201 73
158 163 30
240 253 112
176 247 48
177 203 49
13 159 13
212 248 84
149 250 21
41 243 41
203 245 75
29 133 5
123 215 87
45 74 45
41 130 2
168 172 40
157 218 29
22 198 22
117 178 50
10 223 10
237 254 109
183 191 55
65 115 65
5 58 5
66 196 66
157 225 29
47 100 47
133 134 5
72 95 72
72 173 45
36 181 36
114 190 62
13 71 13
118 209 81
106 125 106
146 173 18
21 96 21
76 129 1
10 84 10
103 189 61
179 205 51
22 110 22
49 112 49
51 76 51
141 225 13
199 224 71
95 129 1
81 166 38
18 172 18
60 217 60
1 159 1
11 31 11
46 202 46
42 188 42
119 237 109
44 185 44
18 97 18
172 214 44
155 184 27
201 212 73
103 216 88
106 232 104
165 246 37
153 176 25
34 222 34
190 200 62
112 213 85
31 114 31
159 246 31
46 69 46
128 155 27
26 201 26
56 217 56
117 171 43
126 155 27
81 126 81
90 94 90
133 183 5
58 59 58
79 125 79
150 218 22
217 234 89
26 166 26
29 226 29
211 248 83
71 178 50
159 223 31
74 225 74
95 179 51
43 89 43
208 212 80
142 150 14
116 198 70
139 161 11
100 141 13
211 218 83
9 142 9
89 249 89
53 151 23
110 138 10
83 215 83
23 170 23
54 149 21
130 137 2
170 234 42
150 196 22
12 154 12
65 83 65
67 112 67
138 218 10
115 129 1
82 136 8
136 172 8
49 181 49
83 229 83
4 15 4
224 244 96
33 43 33
157 160 29
191 220 63
176 207 48
28 110 28
12 188 12
67 157 29
28 243 28
148 157 20
96 220 92
150 153 22
212 249 84
189 197 61
23 157 23
35 82 35
61 83 61
184 217 56
23 62 23
60 184 56
118 230 102
55 140 12
18 184 18
23 194 23
143 252 15
47 187 47
40 211 40
52 79 52
83 217 83
208 211 80
4 105 4
184 234 56
168 231 40
7 136 7
1 73 1
178 244 50
191 238 63
102 253 102
16 252 16
167 254 39
195 228 67
12 40 12
82 148 20
30 68 30
127 225 97
44 95 44
178 225 50
78 226 78
111 227 99
26 77 26
33 87 33
9 113 9
117 203 75
39 42 39
12 234 12
57 95 57
36 173 36
33 35 33
93 108 93
107 183 55
115 191 63
203 220 75
51 208 51
49 101 49
87 96 87
82 159 31
4 164 4
53 55 53
158 164 30
124 153 25
1 135 1
59 167 39
51 210 51
19 193 19
43 205 43
9 253 9
2 14 2
7 15 7
6 159 6
40 56 40
77 148 20
131 241 3
59 219 59
57 197 57
232 247 104
71 102 71
71 149 21
96 218 90
114 203 75
144 222 16
14 21 14
94 199 71
170 184 42
241 254 113
69 184 56
145 195 17
1 9 1
186 191 58
213 255 85
13 94 13
59 206 59
98 152 24
80 206 78
69 168 40
165 210 37
97 170 42
68 205 68
96 176 48
153 197 25
149 226 21
17 169 17
121 236 108
6 137 6
63 90 63
181 186 53
40 158 30
68 247 68
124 142 14
50 132 4
46 153 25
7 152 7
78 247 78
106 191 63
5 150 5
87 174 46
239 242 111
163 171 35
23 153 23
33 125 33
100 213 85
113 253 113
88 106 88
42 156 28
131 162 3
105 218 90
141 237 13
135 175 7
104 165 37
100 211 83
52 214 52
99 224 96
106 159 31
83 206 78
85 202 74
127 223 95
53 205 53
151 176 23
107 191 63
99 190 62
2 53 2
192 226 64
92 145 17
73 161 33
108 195 67
17 193 17
150 201 22
160 233 32
189 219 61
43 111 43
134 141 6
225 234 97
30 109 30
15 89 15
23 251 23
101 139 11
61 255 61
41 104 41
48 186 48
160 195 32
50 183 50
6 233 6
155 165 27
119 125 119
7 178 7
199 246 71
32 38 32
161 167 33
111 179 51
70 149 21
18 20 18
216 250 88
127 217 89
104 205 77
56 237 56
39 218 39
83 205 77
14 111 14
41 57 41
35 142 14
199 233 71
25 93 25
79 126 79
164 222 36
9 190 9
119 232 104
32 166 32
120 226 98
33 48 33
28 89 28
31 46 31
148 178 20
52 139 11
17 41 17
19 37 19
27 47 27
53 186 53
127 182 54
37 132 4
1 145 1
132 135 4
131 178 3
15 180 15
30 104 30
2 256 2
85 86 85
118 150 22
81 251 81
126 223 95
34 177 34
47 98 47
89 118 89
15 224 15
129 204 1
42 146 18
175 226 47
25 150 22
59 138 10
161 176 33
25 185 25
102 222 94
44 223 44
84 182 54
28 190 28
8 62 8
29 205 29
120 220 92
145 149 17
96 127 96
78 179 51
112 182 54
67 159 31
18 25 18
115 154 26
40 51 40
129 167 1
65 206 65
128 184 56
36 222 36
143 231 15
5 11 5
15 45 15
94 235 94
77 154 26
46 203 46
112 141 13
146 244 18
42 114 42
110 135 7
48 163 35
123 160 32
95 205 77
195 220 67
54 58 54
99 121 99
167 200 39
120 242 114
122 202 74
174 192 46
54 82 54
47 56 47
34 154 26
10 193 10
126 186 58
59 165 37
69 212 69
63 75 63
13 56 13
101 247 101
15 73 15
207 218 79
176 211 48
53 148 20
193 202 65
97 171 43
176 248 48
58 63 58
49 121 49
106 144 16
21 111 21
157 197 29
49 199 49
12 42 12
14 200 14
78 230 78
64 234 64
126 214 86
205 250 77
212 215 84
47 173 45
161 192 33
40 160 32
21 124 21
202 247 74
14 248 14
131 153 3
105 214 86
44 163 35
13 151 13
154 234 26
174 185 46
21 91 21
171 251 43
123 243 115
23 31 23
132 254 4
17 54 17
85 104 85
78 195 67
29 95 29
60 161 33
195 196 67
1 39 1
49 241 49
18 163 18
129 206 1
121 181 53
69 167 39
136 227 8
9 37 9
40 66 40
14 148 14
44 76 44
171 229 43
156 199 28
24 122 24
143 191 15
91 187 59
111 132 4
136 251 8
68 130 2
9 21 9
85 232 85
62 74 62
62 240 62
81 195 67
59 148 20
88 217 88
178 254 50
1 247 1
131 186 3
128 213 85
130 249 2
73 252 73
22 143 15
40 198 40
53 57 53
9 179 9
47 132 4
33 104 33
117 167 39
75 165 37
198 221 70
182 191 54
27 204 27
126 227 99
186 202 58
59 123 59
73 205 73
111 230 102
103 223 95
100 185 57
91 122 91
68 108 68
23 191 23
1 239 1
183 185 55
43 157 29
152 177 24
154 245 26
54 240 54
173 247 45
151 205 23
104 168 40
79 163 35
100 215 87
64 150 22
181 208 53
220 225 92
21 247 21
64 108 64
53 74 53
11 53 11
27 161 27
5 137 5
97 203 75
116 129 1
53 107 53
102 163 35
167 249 39
7 176 7
135 212 7
21 134 6
189 205 61
24 251 24
3 152 3
92 198 70
71 141 13
153 228 25
157 193 29
113 184 56
54 176 48
162 222 34
222 237 94
96 210 82
124 234 106
146 223 18
99 216 88
179 211 51
134 234 6
92 189 61
85 130 2
109 173 45
18 38 18
84 108 84
148 206 20
47 159 31
17 100 17
25 224 25
192 206 64
226 242 98
211 241 83
49 163 35
209 254 81
21 23 21
4 137 4
53 174 46
26 169 26
132 165 4
37 71 37
22 128 22
102 233 102
116 214 86
84 243 84
7 246 7
25 74 25
150 169 22
90 234 90
86 183 55
47 131 3
109 194 66
184 214 56
167 179 39
143 190 15
16 39 16
69 156 28
7 228 7
3 178 3
26 159 26
216 219 88
156 225 28
84 231 84
218 234 90
9 93 9
215 220 87
57 247 57
2 231 2
139 156 11
17 254 17
19 93 19
60 186 58
172 175 44
226 239 98
80 184 56
128 164 36
45 129 1
12 178 12
87 214 86
81 212 81
58 162 34
28 82 28
116 194 66
164 183 36
37 203 37
177 217 49
219 247 91
131 239 3
8 160 8
66 173 45
110 220 92
130 159 2
113 214 86
112 205 77
135 191 7
51 178 50
8 79 8
151 178 23
106 228 100
70 197 69
104 184 56
2 26 2
33 151 23
29 83 29
208 246 80
46 74 46
45 190 45
169 225 41
14 73 14
200 214 72
1 192 1
113 173 45
60 112 60
14 22 14
94 180 52
72 201 72
61 80 61
136 207 8
211 223 83
91 224 91
74 206 74
148 181 20
102 150 22
17 183 17
191 243 63
41 86 41
118 179 51
74 192 64
94 228 94
111 211 83
7 165 7
19 26 19
173 211 45
21 190 21
161 243 33
78 252 78
117 149 21
4 151 4
19 139 11
44 168 40
41 80 41
99 160 32
42 178 42
40 241 40
104 226 98
101 225 97
54 89 54
8 20 8
56 178 50
32 238 32
78 256 78
150 198 22
51 163 35
193 212 65
49 134 6
207 222 79
31 189 31
94 238 94
37 161 33
117 220 92
149 236 21
167 191 39
81 191 63
132 149 4
210 247 82
163 197 35
91 213 85
181 237 53
141 154 13
59 84 59
66 152 24
59 213 59
95 186 58
181 193 53
141 207 13
175 188 47
62 213 62
96 214 86
83 177 49
232 248 104
75 154 26
190 247 62
242 250 114
214 228 86
57 127 57
149 213 21
12 99 12
154 179 26
103 252 103
4 154 4
39 152 24
30 116 30
6 34 6
165 188 37
44 132 4
126 217 89
162 195 34
23 168 23
11 231 11
33 221 33
210 223 82
34 153 25
5 31 5
60 77 60
211 234 83
186 244 58
36 230 36
225 246 97
105 189 61
160 182 32
130 199 2
112 117 112
10 141 10
115 221 93
70 218 70
160 199 32
105 192 64
57 229 57
70 100 70
56 93 56
186 196 58
137 168 9
38 176 38
200 208 72
158 243 30
61 144 16
202 203 74
38 200 38
60 79 60
119 188 60
135 201 7
56 84 56
57 248 57
68 136 8
42 197 42
187 191 59
225 227 97
80 198 70
75 202 74
148 192 20
19 79 19
52 243 52
150 221 22
13 183 13
185 232 57
70 129 1
85 93 85
73 133 5
1 156 1
109 153 25
126 150 22
16 47 16
78 237 78
61 251 61
115 157 29
24 120 24
9 162 9
151 242 23
214 239 86
219 249 91
59 179 51
62 198 62
126 202 74
30 90 30
5 206 5
226 255 98
88 207 79
33 207 33
190 206 62
126 162 34
146 232 18
72 141 13
105 164 36
11 254 11
227 251 99
32 34 32
69 148 20
207 228 79
172 255 44
158 201 30
50 145 17
11 139 11
193 196 65
101 138 10
12 206 12
14 213 14
147 197 19
146 175 18
