8192 7167
2840 4214 7176
1271 4777 199
447 6112 6217
1450 5732 1450
6715 7797 8114
783 7073 2211
2318 8100 3383
6268 7044 1737
2613 3503 7845
1686 5398 6119
4915 4966 576
5554 7213 6975
5732 6103 6103
152 6871 7437
1737 5137 7867
3354 5252 7876
4213 4413 8077
5854 7971 4195
2043 2408 8122
1641 6634 4440
7189 7607 7080
5732 5749 5749
5231 6553 6599
1796 1897 2556
7682 7864 1391
5804 6960 6715
3805 8096 1861
1367 6308 7272
3465 4092 5260
4467 7383 4474
3998 4665 111
1785 2850 4462
25 5563 7260
5716 7071 1238
2091 3434 2268
1012 7410 6835
776 4660 2052
652 6382 5473
1219 5248 4213
807 8068 2069
5072 5732 5072
6187 6498 7577
6787 7421 2809
1902 3115 757
1187 5162 261
2426 4822 79
6045 7063 2562
200 7049 3121
148 7903 5978
1363 7017 1089
2982 4969 3883
5732 8031 8031
6014 6342 3017
3352 4816 3926
3778 7686 1751
3403 5965 5811
6013 7629 1983
2020 3653 1881
2321 5830 1038
936 5196 4751
4998 5693 7495
3889 7506 1044
1597 2144 6177
1049 1156 3764
2887 4410 6050
2935 5458 3885
1274 2686 2197
803 4667 6733
714 3751 5640
3613 5777 7130
906 7520 7696
1744 7195 3547
2883 6385 7028
3999 7184 3185
1757 1889 4760
1825 4713 3487
463 698 4706
760 2658 6932
4471 6255 2878
813 2172 3175
356 7042 3548
1144 7109 4681
2120 6035 7629
5304 7767 4020
4089 5926 2478
3184 3397 882
627 947 1681
1320 3944 254
5039 5732 5039
22 8050 2725
3403 6249 5811
5732 6063 6063
6866 7938 3947
1613 3061 2115
5960 6669 4933
3529 6994 7049
2347 3094 5844
5940 8079 763
1159 3945 6755
3689 4929 2006
204 680 7933
3741 5818 1301
2642 4645 5026
4305 4621 5428
6177 7392 1075
6201 7279 7682
2330 5389 350
5732 7017 7017
2011 3588 1710
1940 3652 5039
1397 3197 6712
4336 5732 4336
5732 6705 6705
4416 6054 3852
2717 7103 1348
1176 7463 1844
5732 7669 7669
2193 4144 5417
1840 3565 5145
2859 5785 6239
294 2316 1287
580 4860 7963
1124 3967 3800
883 5132 4667
3179 7390 6065
1565 4110 5961
2797 7289 3164
984 6675 5735
3030 3073 3088
1549 6654 6099
1440 2245 7342
590 4474 4086
4371 4745 815
3602 8086 5515
431 2545 6679
5076 5127 3835
5732 7933 7933
2555 2611 7616
3578 8163 7440
5741 7461 560
3738 7135 2273
5732 6349 6349
4241 7175 3398
5798 7848 3146
1917 2647 2611
5732 6744 6744
3738 7746 2273
3156 6408 3348
2834 5868 1138
709 3304 5819
3654 5235 5189
2166 2964 3925
6457 8107 4985
1023 3520 1554
5661 6202 1175
2775 8158 7552
5925 6595 3967
3881 7602 783
5732 6111 6111
1777 1865 2177
1909 4358 746
1490 5393 3184
5732 7989 7989
1234 6424 4133
3341 4377 4663
1440 6109 7342
3164 3629 6067
3643 5732 3643
6131 7168 4759
5732 6441 6441
613 5732 613
1269 4644 2885
1222 5732 1222
4845 5818 1301
3262 7288 681
1184 3674 1244
2477 4111 7189
1059 6082 2685
5732 6052 6052
3971 6502 923
2569 3359 3427
1944 4276 6086
2514 2893 2393
2749 4221 86
3883 5732 3883
1326 5748 6404
4681 6303 2657
494 1890 837
1705 3625 4621
511 5562 4045
2136 5732 2136
2136 6886 4883
4250 7896 6457
711 5128 1701
578 2415 6372
1911 6143 5185
2803 5732 2803
771 2589 7442
1663 6299 2703
3074 7569 5149
4267 5597 853
207 5732 207
358 5455 2534
2961 5667 709
1948 4840 3457
1933 5093 5607
684 5732 684
4950 7980 3572
3476 5913 3254
2637 6786 7182
3292 7613 358
1000 2283 3111
1662 7235 5141
4419 5732 4419
1216 4588 5706
2183 7367 2270
3703 5072 5139
350 571 1662
5918 8100 3383
2657 5091 383
495 5332 7298
3157 5732 3157
7815 7876 217
5524 7487 3007
1492 4508 6297
5732 5811 5811
177 181 6963
278 8146 2310
4362 7389 1930
2266 5732 2266
4400 6398 1573
5852 5924 5778
1071 1720 7969
5732 6208 6208
5569 6893 3452
742 3068 7587
7869 7947 1187
4185 5960 4933
3106 4596 5244
4445 5640 6871
4134 6253 7129
693 2330 350
5107 7260 4829
265 3849 4007
5732 7988 7988
6127 7242 4770
4004 6001 5821
1881 6971 159
3670 7447 3422
6587 7474 3843
837 3641 6587
1065 3860 3750
223 3731 3828
2054 7426 6724
839 1065 3750
2437 5185 305
3274 5316 720
4871 6359 2354
235 3960 3532
2935 7132 3885
1649 6188 2857
4946 5732 4946
159 6392 1146
2415 5732 2415
973 7011 874
3547 6241 1181
4358 5732 4358
1143 5732 1143
2199 3254 215
710 4039 148
6614 8148 2403
5527 5732 5527
6447 7331 5814
432 7918 1650
2764 7207 4152
2013 2651 6920
3752 8174 4428
3288 3518 4387
5576 5893 6202
4829 7910 7991
1347 2589 7442
230 6738 2328
2487 5732 2487
1751 3660 2909
4862 7972 7241
6672 7867 3202
4086 5732 4086
2892 6387 2669
1021 4825 4795
108 1301 2260
6617 6883 2037
1619 4873 2329
2299 3209 5104
37 4280 4946
3525 5732 3525
1882 4007 3054
677 1279 5464
4835 8178 1144
1146 5752 7869
5014 7355 5601
1629 2349 403
6590 6745 2143
774 1411 7133
5713 5732 5713
2823 5317 5749
3393 4841 380
4836 6119 6230
2360 2562 905
4472 4727 7426
3547 7627 1181
5473 7836 2126
3974 5071 7921
992 6366 1030
5732 7424 7424
2817 5732 2817
2935 5732 2935
5259 7863 4885
2920 5732 2920
2662 4040 1558
6274 7641 728
6193 7322 5448
2818 6573 977
917 6395 7994
1039 3422 3778
136 5520 2098
3809 5796 3596
2837 6532 2361
1041 8071 4860
2636 6504 367
420 6297 3497
2161 7226 4698
3232 7727 1209
2378 4486 4452
92 2731 8076
2098 6589 484
3767 3827 5871
3828 4411 8096
710 2425 148
4230 4780 1948
2018 7210 6817
2236 7475 6171
5732 6134 6134
3486 3488 7557
7133 7278 3195
7638 8117 998
678 6699 5347
5732 7210 7210
1236 3398 1065
1630 7160 4471
986 4255 6422
5552 5556 5158
1585 4521 4167
6571 7426 6724
1355 5732 1355
1410 8136 2859
5345 7420 2676
3287 4945 5537
812 5966 3196
126 2496 1835
3862 6374 3499
3044 5360 3291
3802 6647 715
3623 5976 6843
2871 4383 6103
1739 5732 1739
3963 6053 939
2663 3381 6688
2261 4983 3416
3581 3852 6970
5059 5686 6788
4102 5732 4102
499 1217 2144
3731 5732 3731
2308 7134 5379
4437 5732 4437
481 4919 7089
1129 5675 3255
3848 5732 3848
4154 8151 1864
1565 6621 5961
6884 7058 2411
824 5732 824
327 2373 2858
3103 4125 5398
469 1233 6639
6079 7921 4700
1397 2546 6712
3668 6374 3499
146 7647 228
2220 8033 1643
569 1075 7114
1990 4690 2736
5082 8105 38
467 3097 7259
4654 4755 6744
1195 2093 4610
7051 7747 3125
692 6717 1753
1037 7142 2204
2540 7547 6770
3542 6781 4775
268 6239 8079
3138 5494 2598
3069 5858 545
2183 7700 2270
684 4731 2236
1333 6544 8104
1716 2319 5693
2297 2972 6823
2766 6192 2905
5732 7451 7451
2598 4292 8033
1100 6770 2316
4765 7323 2583
5100 5732 5100
5351 7773 647
1129 2421 3255
3042 3994 7266
3631 8084 2545
2635 5695 6095
6101 6650 7290
5732 5938 5938
2416 4930 3172
4130 7690 5229
3480 7336 3747
1734 4804 5042
3203 7618 2775
4698 5612 5279
528 4594 2803
3354 5732 3354
1144 1424 4681
4738 7272 4602
5164 5732 5164
253 5698 1521
914 5732 914
3244 5724 649
228 2281 6654
754 2862 5210
957 7129 6368
2236 2494 6171
4760 6514 7020
4580 5732 4580
4609 7703 494
347 1318 5106
95 4375 6442
621 6535 8070
2532 5523 3103
5607 5732 5607
1203 6842 7441
1222 8149 6394
5002 7705 5364
2872 4432 7620
725 7489 6909
5424 6601 855
659 4349 4108
1693 4698 5279
7120 7969 2635
1905 7958 2731
2006 5732 2006
3960 7265 3532
114 3270 1185
3191 5664 1600
121 6676 7796
6321 7358 7352
928 5732 928
281 6519 5424
4063 6746 5804
2531 7988 5362
5732 8071 8071
4006 6679 4230
5567 6164 2386
468 4340 3706
3866 7259 7535
3180 7195 3547
2403 5717 6870
274 1991 5842
2254 7136 5603
1535 4437 467
3771 6909 698
1659 2814 3234
446 4040 1558
4134 5269 7129
3661 6091 5953
2936 5611 2136
980 1671 2506
2788 6351 2893
4795 6221 811
1991 6185 5842
4187 5846 5992
2317 7436 1723
3772 6228 5230
3965 5994 2920
3318 4566 1740
2190 5342 1501
3810 6706 4657
5357 5732 5357
5765 6171 5165
1959 8170 2962
1349 3744 3952
5732 6190 6190
7676 8166 887
2683 6174 4571
5025 6368 3338
4071 5795 6563
5648 8053 7268
3748 7157 3049
1369 3224 5491
6325 7503 827
3626 3848 4616
886 4343 4981
5421 6294 5812
548 3809 3596
1355 3090 1506
1672 7298 7923
4428 5732 4428
4635 7070 7192
2535 4299 3230
5850 7283 3012
3952 7068 3540
3443 6324 1314
4530 5732 4530
403 5274 6434
1793 4517 3297
905 5032 7705
180 573 5616
2413 6773 7085
1710 5403 4356
1466 5732 1466
5732 8096 8096
2875 6104 6402
4512 7921 4700
4273 5732 4273
807 4122 2069
822 2107 1518
4160 5417 6165
2225 7026 5520
1419 3199 3412
612 7778 3731
1633 2678 6164
2052 4923 6785
3157 6558 2961
6749 7981 7155
1579 2499 1854
2424 5268 5995
3399 7216 717
600 7083 2924
914 4988 3009
3890 7521 4848
3177 6975 5517
1914 7355 5601
6208 7224 3650
4072 4303 1023
4361 5118 1059
489 6989 4539
3484 5401 4804
318 6673 4605
210 4942 2875
8059 8096 1861
1791 7776 2373
676 8067 3602
4888 5732 4888
3803 7634 133
5194 7970 6459
100 5175 3010
5732 5978 5978
2865 4273 7460
4573 7610 5769
2898 5359 4894
1558 5970 6502
2302 7515 2164
1353 8005 2592
5823 7096 7902
4 5013 787
4311 6355 7870
4336 7790 3654
2118 3731 3828
229 4719 1832
4922 6336 4580
3188 4098 5718
2535 7605 3230
4100 7536 96
4807 4993 2311
3234 5732 3234
6549 8011 6818
3106 8018 5244
3997 5037 5881
2276 2512 3106
82 5042 7676
2038 7521 4848
6327 7777 4740
757 5732 757
2556 7519 3543
5114 6043 3104
534 6800 1403
4434 7209 4691
40 5732 40
4222 5271 2327
427 6347 5776
763 2123 5926
10 6411 308
3732 4831 3028
5732 6414 6414
1555 6405 7674
1599 5859 2710
228 6848 6654
708 5901 5689
62 5732 62
1661 4975 5360
2669 6919 5711
5370 7543 7162
2160 2239 5497
1272 3202 4835
5977 6723 1212
1133 2419 6626
898 5732 898
62 6141 2228
422 3226 1459
3224 7721 5491
1572 1604 3447
1489 1878 1096
5732 6066 6066
3227 7625 6061
5981 7669 7204
1287 7144 1709
882 5732 882
5732 6626 6626
5732 6929 6929
958 4785 3247
514 6174 4571
721 912 1682
4937 6577 2370
4001 6346 5082
1758 3794 7896
876 7659 5023
4610 5732 4610
651 2840 7176
1768 7349 2497
6311 7787 5710
2436 6709 2042
4337 6470 8130
5732 8164 8164
5732 7883 7883
3656 6539 5574
7080 7670 444
72 6966 4423
5164 7167 5659
240 375 7374
1232 8017 7513
919 6231 4416
2912 4520 1514
4720 7441 6494
3259 5512 5307
7238 7451 2642
7018 7631 1825
36 96 2028
1871 5742 8054
724 2528 2440
3620 6110 3061
5477 7425 592
845 3280 1042
7223 7902 7489
2712 7324 5098
5387 5706 6729
1249 5734 8164
1645 2671 3643
4462 6122 2428
523 2142 7094
6526 7812 2399
5732 6658 6658
5594 6025 7575
873 6970 4508
5623 6234 5793
4052 5386 1548
3883 4254 4442
2273 4316 5281
5101 5732 5101
4016 5732 4016
1038 2287 2673
6211 6498 7577
1540 2300 5449
483 3826 1157
6845 6989 4539
613 6320 3312
1301 1642 2260
1140 3572 5653
3157 3220 2961
4293 5732 4293
160 6705 2420
430 4721 7930
3104 6670 5634
5732 5885 5885
1681 5732 1681
211 884 7720
3314 5732 3314
1151 6434 3933
3059 7328 2922
3274 5732 3274
1969 8051 2904
5114 5732 5114
6619 7650 176
1065 4769 3750
2698 6639 6929
3335 5363 3030
1921 2121 2083
402 2562 905
1155 3345 5277
6257 7074 194
4031 5214 845
5732 6157 6157
1466 3736 5031
2106 7079 4099
2328 5732 2328
3277 8170 2962
5514 5732 5514
4119 6337 6538
1993 3243 3068
4610 5500 5851
1643 5179 5469
2174 4503 2056
2100 5632 6645
6240 7919 4623
131 6167 1056
5732 7495 7495
5524 7798 3007
1692 6228 5230
2524 5732 2524
2515 7509 1940
4832 5172 774
4052 5732 4052
319 3196 5949
4421 5572 4017
2878 5732 2878
3938 4530 1666
6144 7718 907
4081 5364 4157
4552 5225 4128
2069 4864 1877
6465 6658 396
4318 5066 6196
147 1050 3481
3101 7058 2411
2509 3532 7943
2722 5212 1404
998 1227 7066
7143 7881 7424
110 7259 7535
5139 5887 4032
2562 7719 905
3755 5908 7140
2449 4057 1026
5408 7199 5908
3087 5418 3395
2789 4437 467
921 3419 7436
3688 5344 631
3447 3471 5587
7421 7478 2809
3902 4162 4284
5732 6729 6729
4248 5139 4032
3598 7855 5494
5846 7330 5992
2071 4342 4573
671 5732 671
738 6891 1070
325 7169 7688
2592 5732 2592
2355 5988 1342
887 3808 7334
5410 5437 2606
3607 4924 3133
3456 7980 3572
5390 5987 3911
3848 5242 4616
3387 5031 5171
3275 7681 8050
3564 5732 3564
777 6794 1343
7257 8161 3853
5793 6180 1436
2346 6681 4265
2092 7645 4542
218 6023 4604
4478 5121 3699
2349 6182 403
2544 7178 2062
5732 5958 5958
6019 6639 6929
3689 3762 2006
3711 7191 3732
4149 7101 3893
3242 3852 6970
2191 7839 3784
5416 7812 2399
719 4057 1026
4970 5180 6461
5721 5732 5721
3261 6153 6089
184 635 629
1677 1682 2239
2802 5732 2802
2440 2631 1885
5978 7439 6769
1459 3869 4965
2161 5732 2161
2011 2513 1710
671 3903 7633
1763 2432 5535
1374 6229 2667
1348 4359 3434
2326 4251 6505
4537 4618 7062
4555 5732 4555
3821 6276 6880
5732 6118 6118
745 4807 2311
94 5732 94
1196 6134 7092
312 6281 4534
4193 5400 4100
2376 3739 2333
2010 6158 6201
2096 5080 4434
3183 5980 7410
3247 4712 3407
396 7483 5377
3148 7230 4324
2687 5377 4871
545 3053 1156
5732 5742 5742
58 592 4526
220 4608 4071
3476 5186 3254
350 6915 1662
2462 2754 4849
5732 7090 7090
5732 7938 7938
2934 5221 1713
2809 7662 3065
278 6151 2310
6398 7019 1573
1832 2387 315
5628 7869 1187
1222 1729 6394
5640 6488 6871
4482 6908 2695
6855 7584 7257
3112 4079 5342
3223 5549 561
4983 6083 3416
5119 5839 4461
2734 5732 2734
566 6201 7682
5732 6085 6085
619 2478 4093
6155 7168 4759
5897 6599 3136
2393 5732 2393
5663 5732 5663
3591 4770 3647
1466 2645 5031
1464 3891 6738
3956 7587 5303
1224 1436 4251
4173 7176 1540
5092 5947 4912
5732 6294 6294
2153 8170 2962
5838 5977 1212
3291 7220 3018
1168 5732 1168
6289 6419 5097
1009 3770 883
48 7289 3164
4726 5732 4726
1171 7370 2712
2359 5145 3364
4823 5787 2256
4588 5732 4588
2853 8036 1724
3810 5105 4657
5543 7033 2796
5732 6624 6624
4038 5205 6504
1358 5077 2266
43 4109 4919
5006 6539 5574
723 4906 5721
1069 4666 2338
985 7260 4829
1852 5732 1852
1715 4939 4631
3508 5732 3508
6990 7140 4975
749 2039 5351
142 1701 5655
1326 2577 6404
336 3991 1
616 6470 8130
1774 5777 7130
4965 5732 4965
5017 5375 3533
2787 5932 3544
878 2962 934
438 4930 3172
2524 3186 6344
2826 6942 4053
5013 7078 787
7111 7253 5013
2115 3328 6347
2725 4567 1159
611 4745 815
5044 7691 2678
5766 6879 1786
3560 8119 844
2990 3825 513
5097 5575 6299
3933 5732 3933
5224 6680 6992
825 4759 3786
3408 3624 7952
2983 6839 1081
5655 5732 5655
5092 5508 4912
994 4231 5987
4433 7304 3352
4052 7769 1548
3454 7696 4256
4509 6034 3809
6870 7187 5664
482 561 3836
483 6207 1157
2470 5104 4375
647 2709 4001
2201 2667 7742
3885 5318 5648
2916 6058 5296
3716 4126 6198
4863 5732 4863
774 1265 7133
6873 7148 1466
5738 7893 2910
1332 4901 6111
3341 7276 4663
254 4011 1705
2667 7398 7742
713 3643 3299
2134 4186 4159
2003 4781 2142
5732 5905 5905
1020 3365 2183
2342 7063 2562
480 1143 4130
210 4953 2875
5732 7661 7661
2974 7935 6167
5156 5663 3495
526 1047 1541
1175 7588 2216
4542 5732 4542
593 5061 6973
606 629 654
824 5284 5744
5536 7916 184
1237 6026 3354
3357 7674 6026
2227 3699 6002
804 1450 353
4610 7179 5851
19 5732 19
709 5732 709
3770 5732 3770
3671 6177 1075
897 3005 1171
3289 4632 411
7100 7366 3841
1160 2598 8033
1286 7429 2289
1238 5732 1238
3224 5732 3224
3846 6587 3843
4678 6271 7418
4021 7577 3963
709 7123 5819
4524 4924 3133
877 5732 877
1475 3264 2223
3483 6924 5128
5732 7126 7126
708 7412 5689
4012 5726 7099
4183 6468 2570
5217 5594 7575
2922 5270 6153
7568 7582 5164
3636 6975 5517
2490 4045 1486
2192 6843 1384
2761 8114 1933
4438 5880 1630
6201 7586 7682
2059 3203 2775
2744 2818 977
4289 5607 7503
895 1217 2144
3915 6557 6840
2372 6675 5735
182 3600 5356
4928 5732 4928
6943 7820 1598
6032 6664 5346
2474 5680 4957
2374 6932 1228
113 7397 751
2637 4926 7182
386 5099 5816
207 434 2597
697 2947 7641
1573 5732 1573
1736 2395 6417
215 6747 7463
2957 3038 2629
4228 7323 2583
1425 3349 469
6851 7874 1791
2575 7661 4417
3539 6762 3365
1150 1724 3848
4285 5024 1889
2774 6755 4850
2629 5732 2629
1600 7732 5629
4111 4409 7189
5347 5732 5347
269 7114 6391
4726 7194 1184
5732 6038 6038
1908 8078 3939
1341 7460 4318
2802 5635 2620
3664 7667 1021
5332 6259 7298
393 3723 2860
6085 6980 7640
5912 6175 6862
277 7020 5766
3338 6964 7389
4340 5732 4340
3078 5732 3078
5732 6539 6539
395 6324 1314
120 5732 120
4544 7455 5818
4313 7596 1243
127 2274 768
1208 8171 62
4211 5129 7755
3888 5237 2760
717 5732 717
1884 7522 8093
728 5732 728
1722 6086 6085
21 2715 6579
184 7456 629
4255 5110 6422
5732 7613 7613
2692 6223 7543
3004 4535 2973
4569 6948 5746
5713 7672 3886
5732 6547 6547
1217 5732 1217
1335 3022 1768
3430 4928 3949
377 1314 6355
5904 5987 3911
594 2986 3406
5595 5732 5595
5302 7601 4904
3513 8175 7096
3659 7085 4360
7701 7972 7241
1768 6737 2497
2338 4240 1303
1157 5622 7681
3840 6561 3794
556 4439 4745
2480 5693 7495
2411 3334 3597
2632 5732 2632
5751 7103 1348
1057 2809 3065
244 5368 1440
2315 2703 4156
2657 5493 383
272 2613 7845
5541 7981 7155
5732 6750 6750
4174 6619 176
3946 7515 2164
3962 8129 1355
2973 3553 187
7493 7671 3223
3169 4941 7865
1078 3236 225
1598 6677 3262
3065 5583 2595
1617 5164 5659
6123 6604 8171
1901 7980 3572
912 5732 912
4783 5732 4783
7050 7312 5829
1715 5732 1715
610 1035 7563
6198 8063 4661
7477 8191 5050
860 8191 5050
3092 3548 5011
1189 1417 3600
6843 7852 1384
4345 7943 1725
645 6690 7289
2838 5101 3170
4536 5275 1298
1367 1811 7272
4162 6049 4284
3990 4999 6467
8058 8122 2039
1595 4681 2657
3933 4060 6421
122 7616 5960
4574 7285 6373
7327 7526 6940
3936 5144 6127
1602 5165 6857
2407 4045 1486
2214 8191 5050
5732 6170 6170
4650 6007 1680
2036 4717 1487
1746 4548 3624
3926 7725 3915
6228 6430 5230
5557 6173 4170
3023 7517 132
358 4278 2534
1251 1740 5830
1922 2150 8011
1317 5247 4678
6321 7193 7352
5124 7963 6656
561 1676 3836
119 5732 119
2251 6127 4770
3120 3364 6044
422 4327 1459
86 843 6039
703 5271 2327
3911 6662 2244
101 6380 4555
934 5376 914
4100 7218 96
4750 5732 4750
4775 6475 2096
1883 7655 1271
5128 5732 5128
3426 7368 1367
5736 7844 5777
448 2964 3925
5 4624 3912
5330 6449 5547
3768 5854 4195
232 6196 1694
3441 5433 7252
411 4683 2433
5682 7192 6398
5732 6417 6417
1070 6798 1605
68 174 3441
4544 5154 5818
4757 5253 3314
1462 3523 5988
6638 7557 6900
5732 5738 5738
83 1332 6111
430 1656 7930
2289 3832 5597
5761 6444 2837
5258 7117 3698
308 5895 1308
3912 4406 7307
6285 6313 7425
2462 5732 2462
1433 5061 6973
1339 2856 3310
2618 5464 8182
1704 5089 4983
2373 3879 2858
5636 7004 81
3840 6216 3794
3682 5514 6056
442 7647 228
2333 4024 6680
5827 6368 3338
5514 6367 6056
4470 7812 2399
133 355 676
5356 5732 5356
4904 5732 4904
1915 5964 1143
3041 7887 2210
1177 7806 2927
1323 6707 958
2120 5399 7629
5788 6175 6862
1036 7215 7493
2188 7462 5237
3935 4360 3480
3091 4360 3480
2441 7720 1326
1912 7777 4740
1444 1694 5225
4225 6828 2187
688 3287 5537
1244 5732 1244
1144 5732 1144
975 6832 2120
6226 6925 7304
1855 2432 5535
2129 7303 3637
1050 7757 3481
4087 5207 1860
1650 4704 2637
6617 7245 2037
3597 4094 6175
207 7942 2597
1752 1885 1205
239 4183 2570
2055 3887 119
1385 5732 1385
4092 5732 4092
5045 7999 6124
340 5732 340
960 7307 1306
55 1832 315
284 5297 3361
2716 3068 7587
7182 8073 6349
4690 5732 4690
4332 7616 5960
3548 5732 3548
1651 5732 1651
4073 7845 4421
3198 6066 7168
2873 4131 4762
315 7202 292
3475 6150 2755
44 5379 7970
213 1710 4356
201 6671 877
1648 5125 2415
2652 5469 3087
1209 3132 7112
56 7580 4635
4700 8075 5253
2905 5226 4750
255 2910 175
759 7244 1050
4279 5868 1138
754 4749 5210
2899 4657 1217
3127 5732 3127
5201 7563 2378
2922 3116 6153
3592 5732 3592
2540 6753 6770
2362 4751 1991
3537 4919 7089
5766 6033 1786
1720 4282 7969
4604 5732 4604
3497 5732 3497
2650 5814 5632
2150 3281 8011
1944 7780 6086
2537 5303 5441
38 6339 1963
3007 6301 1645
830 5732 830
1930 3909 5400
2823 5916 5749
6159 8046 4564
2851 5047 5876
5714 7807 1816
159 5732 159
302 5732 302
3158 6132 7659
1600 4697 5629
384 6414 5680
830 5046 379
441 1166 7033
216 1786 2817
3870 4959 7988
5732 6173 6173
403 7332 6434
4873 5732 4873
5732 6543 6543
5061 5732 5061
3850 4870 8154
1931 8188 4928
3886 4972 7017
583 3593 5938
877 3616 993
4709 7184 3185
5166 7729 1777
1877 5762 2071
1486 4572 4186
1446 3653 1881
27 1409 6382
330 7427 19
1988 7870 4875
829 4465 115
4826 6100 3289
2106 5732 2106
4934 6344 989
5732 6684 6684
5732 7383 7383
3807 5136 4016
647 2582 4001
5040 8065 6441
1200 2936 2136
2550 7539 973
2760 3340 2919
4104 4218 8080
596 5011 7351
241 5732 241
3125 3928 8031
813 5732 813
4077 4404 4312
5732 7257 7257
5356 7541 2974
435 5031 5171
881 3146 7981
1064 8057 5089
4678 5732 4678
2735 7535 1327
5732 6563 6563
767 1339 3310
2316 2799 1287
2639 5732 2639
782 3544 4888
2517 4347 2188
7207 8025 4152
451 4099 6159
1077 5098 5858
326 4890 8133
140 3148 4324
2375 6684 8062
6602 6712 613
414 2282 1805
1899 3359 3427
1065 5732 1065
252 379 6750
5992 6412 6618
4657 7871 1217
2218 2392 4781
2110 7440 8140
1502 7902 7489
4539 5974 244
1843 7390 6065
3834 6732 3359
1419 5732 1419
2482 3372 3513
5732 6000 6000
3244 7473 649
5732 7915 7915
4335 6012 4176
857 5798 3146
4981 5732 4981
67 600 2924
5704 6092 3418
3676 4844 5122
6095 6700 5741
7254 8000 7861
7677 8098 5624
102 5811 2147
3847 5039 5797
4127 7648 2788
2632 8049 2753
3834 5117 3359
1431 6289 5097
1231 5858 545
5873 6860 3426
3487 5952 386
1050 5732 1050
1719 6521 7980
3228 6163 5061
2932 5778 4394
4747 6541 207
2274 4947 768
64 1725 4088
1521 7977 534
2140 5408 5908
390 7115 6577
956 5732 956
1783 2307 6554
946 7969 2635
1362 5286 6007
1554 7122 2700
639 2382 1064
1185 2029 6819
120 2967 6924
7272 7501 4602
4012 7065 7099
5732 5733 5733
5229 7151 7169
41 1367 7272
2730 6214 4717
659 2567 4108
4964 5089 4983
5732 5995 5995
3061 5732 3061
2067 5777 7130
3312 6273 1022
1625 1659 3234
430 3984 7930
5732 6857 6857
4121 4461 1577
1877 5531 2071
5732 5960 5960
4268 4653 2639
1177 1741 2927
884 3428 7720
1662 7694 5141
5312 6908 2695
7646 8022 5854
956 2203 2512
3374 7175 3398
6842 7740 7441
3758 7177 2305
5939 7447 3422
714 4397 5640
2147 5142 5562
115 4715 1129
5601 5732 5601
2966 3369 6509
202 941 3787
3517 5277 5889
389 2191 3784
3210 5396 2462
5732 5992 5992
3835 5609 375
3775 7440 8140
1880 3112 5342
1185 3008 6819
1445 3753 7888
1963 6388 4102
228 5732 228
445 7252 2179
1857 6854 3980
681 6751 793
4005 6039 1350
5732 6201 6201
639 8085 1064
5711 5732 5711
5523 6507 3103
1122 5732 1122
739 4424 6615
1854 4578 2380
4634 6387 2669
375 1727 7374
399 2232 723
4209 4792 6595
367 4968 7843
2784 6810 5885
589 793 5071
5732 6012 6012
6625 7374 5146
6017 8050 2725
1777 6194 2177
1810 3290 5212
3836 5732 3836
5732 7659 7659
3531 5290 2526
1390 6118 3723
2274 5732 2274
5158 8083 6598
2964 5732 2964
621 5501 8070
4360 6516 3480
3386 4684 6356
3704 5653 7567
4386 6372 7911
3361 3726 890
2614 4504 2483
6437 7310 4404
2424 6984 5995
2696 5230 3333
113 6646 751
1443 1591 1069
1119 1153 6206
2883 5732 2883
1118 1123 1445
4946 6453 4823
286 4357 6292
4912 5732 4912
1156 5732 1156
5732 6230 6230
1298 7084 6193
332 1781 5538
1902 2518 757
5422 7422 917
968 2620 6781
3525 7643 6861
6292 7372 6174
6472 7949 2347
683 1615 5221
19 5884 7601
6745 7275 2143
684 4664 2236
573 4908 5616
2953 6389 2963
496 6597 7229
1514 2176 760
2526 6258 2408
1440 5732 1440
394 2055 119
334 1063 5355
4530 6471 1666
3618 4416 3852
241 4620 822
3233 5115 3306
1149 6999 4863
551 3732 3028
166 4245 304
163 763 5926
2804 4340 3706
7249 7914 1590
4635 7227 7192
1122 6416 6904
5129 5732 5129
383 1215 5024
944 5445 6353
7565 7778 3731
5599 6118 3723
126 1609 1835
4959 5518 7988
4213 5732 4213
1611 5114 3104
1521 6290 534
1572 7956 3447
5660 6015 2049
6073 7482 1302
6782 6921 7445
4034 7681 8050
2676 5732 2676
3513 7124 7096
1384 4258 6482
5732 8191 8191
914 8115 3009
4936 5027 7957
5732 7032 7032
5005 6449 5547
3136 4977 3376
2604 6482 7126
912 4454 1682
3169 5732 3169
5 6797 3912
6435 7334 7794
478 7847 7631
1299 1799 7090
3639 7685 1772
226 8164 5444
2042 4560 6539
3706 5619 4495
875 3504 6321
1205 2955 1606
907 2154 3029
723 6779 5721
5698 5732 5698
6736 7232 1419
777 6607 1343
1330 5685 2879
1408 6953 5127
106 7874 1791
422 6360 1459
4255 5883 6422
126 5732 126
2098 2472 484
2519 5732 2519
2109 2487 6873
5141 6428 7989
45 6121 7283
4434 6016 4691
324 5256 683
781 6503 4468
191 3102 573
347 2998 5106
7606 8017 7513
2733 2775 7552
1387 5577 1944
5732 7200 7200
302 2229 1078
4265 4498 7420
2068 2991 1788
5311 7458 1450
1046 7933 1746
187 5732 187
444 7320 4183
4150 6034 3809
6459 7356 1801
1857 3212 3980
5097 6064 6299
2879 7292 6240
2273 5697 5281
6642 7748 912
956 3865 2512
4551 4818 6052
1917 7912 2611
5732 6664 6664
1332 3987 6111
992 4838 1030
270 4588 5706
3654 4990 5189
5732 5828 5828
3598 7093 5494
3081 7613 358
5732 6222 6222
3569 3966 1715
497 6675 5735
3933 3970 6421
3927 6861 4472
396 7965 5377
4133 6780 3074
1630 4095 4471
410 3349 469
246 3063 3243
5732 6167 6167
2583 5732 2583
1691 2218 4781
5115 5732 5115
1859 7718 907
2784 3089 5885
1715 2275 4631
2348 2976 5594
756 7825 4255
4833 5732 4833
1288 5889 5733
2613 3415 7845
228 4191 6654
1239 7479 5401
6341 6461 202
3241 6411 308
5347 6298 528
4341 6983 6158
411 7240 2433
6007 6824 1680
2585 6158 6201
5191 5936 4358
1442 6702 7166
1754 7988 5362
643 3647 6257
2731 5732 2731
4088 4463 2827
1217 4207 2144
1550 4423 4273
2266 4557 6081
3436 5732 3436
2329 5314 776
506 1490 3184
62 3047 2228
524 7952 1565
4277 6618 1222
3919 7692 4162
3552 6015 2049
2447 5690 1840
1102 1156 3764
2448 7204 644
4468 5732 4468
1472 2945 3474
5062 5870 7210
2403 5195 6870
5732 7272 7272
4573 5187 5769
1452 2208 7451
4928 5801 3949
2432 5732 2432
3032 3548 5011
1529 3427 7538
2086 3854 166
888 6940 539
5732 6920 6920
3254 3302 215
1368 2455 6231
278 6622 2310
6592 7913 4050
830 8015 379
5732 7447 7447
5732 6437 6437
5732 6065 6065
3208 5732 3208
1327 4350 2208
4195 5068 3620
3799 5732 3799
6072 6402 3623
1796 7960 2556
5732 7916 7916
332 6876 5538
421 6196 1694
4667 5732 4667
6076 7680 6921
4016 5647 2299
757 7052 645
3472 5769 120
910 6459 1801
1874 2611 7616
3614 6311 5710
3386 5280 6356
1870 6804 3854
7546 8140 8100
2083 6552 1315
714 5732 714
844 1268 4503
5448 5920 7673
4126 8060 6198
2522 6793 886
1298 7237 6193
1910 4471 2878
668 4452 8137
3699 5343 6002
921 4331 7436
3979 6380 4555
827 2267 2730
2980 5648 7268
1171 4334 2712
5109 7567 5713
5122 5837 2093
4082 5881 3004
5732 7128 7128
2456 5732 2456
3028 5732 3028
848 6391 6676
1409 5295 6382
3952 4801 3540
5732 7382 343
753 6998 7528
5732 6368 6368
874 6903 7174
2211 7318 4158
2184 7577 3963
1006 5732 1006
3455 7304 3352
65 4971 6528
2424 8008 5995
1588 6217 8082
1607 4144 5417
3010 5825 5070
560 6613 947
2842 6318 2748
966 3747 659
2711 7594 2132
153 1791 2373
129 1878 1096
893 3841 5101
3196 7496 5949
5732 6229 6229
3054 5732 3054
3426 5732 3426
1737 3638 7867
7040 8190 2254
6522 6778 1290
2049 3666 7872
660 5732 660
1745 3457 4367
2657 3782 383
5180 5732 5180
2538 3160 1072
3453 5693 7495
1957 3598 5494
1084 7424 2508
6065 7061 2418
3243 7034 3068
4328 5732 4328
1094 6788 7767
1304 2817 610
6893 7771 3452
5732 7174 7174
642 7717 5017
5565 6705 2420
3004 5123 2973
1666 7415 7580
5732 6494 6494
2274 7904 768
5601 6641 7859
5122 5688 2093
1554 4802 2700
2169 8089 7545
2844 5744 6684
5364 7941 4157
1568 5632 6645
1706 7429 2289
5266 6717 1753
1673 2711 2132
6142 7371 2847
5732 7963 7963
5149 5792 3224
7444 7843 5359
827 5732 827
1885 5732 1885
3249 4176 7683
2758 4119 6538
549 3809 3596
3054 5181 7403
3683 8104 1720
694 7692 4162
476 4221 86
323 7920 4225
3314 4696 3440
3257 5889 5733
807 3604 2069
3168 6386 633
3985 6070 2161
6881 7263 710
3752 3995 4428
861 7410 6835
1857 5732 1857
1866 5721 6541
2351 6427 6498
6198 7900 4661
5732 7166 7166
536 4064 2619
3358 7420 2676
3633 6108 2232
2829 6252 2376
1889 3448 4760
3623 5732 3623
617 5908 7140
1422 3637 3384
26 1245 7029
17 7585 4898
1846 2805 4293
2620 4768 6781
11 3364 6044
6138 6871 7437
787 5732 787
1860 4182 4166
5625 7329 7395
332 4035 5538
972 5473 2126
2938 7313 2349
2314 2712 5098
5562 5732 5562
6009 6931 6983
5732 6835 6835
187 6390 17
2349 7116 403
4045 6763 1486
79 4469 4092
2533 5948 7718
1182 5257 4857
4055 4849 2734
4717 5732 4717
5063 7328 2922
3702 7403 2627
1449 1541 6162
5732 6823 6823
3849 5732 3849
258 5732 258
1204 2197 7738
162 7096 7902
1823 6417 4924
1941 4719 1832
4219 6020 1357
4050 5732 4050
1688 5185 305
4461 6923 1577
1262 3230 5180
1822 3195 1651
2072 5828 6675
1002 3764 3078
1732 2046 5231
4587 5520 2098
329 6206 7621
392 6404 2872
1596 3106 5244
1034 3543 6832
5277 5732 5277
1701 3871 5655
3274 5643 720
4762 5732 4762
4740 6775 126
2345 4515 7040
3706 7992 4495
1854 5243 2380
1834 7460 4318
6000 6184 7327
3466 3495 8074
2849 7192 6398
173 3788 3861
4573 5732 4573
2498 5469 3087
5009 5529 7515
5193 7133 3195
1342 6822 2410
3384 5982 7329
1048 7024 996
4293 4502 2159
2126 6518 3486
728 6551 201
2341 2767 6386
5732 6870 6870
6051 6533 2613
1766 3365 2183
1075 6784 7114
3841 5325 5101
340 8034 2482
4508 5267 6297
3264 5732 3264
1206 6299 2703
3697 7126 8121
4646 7544 6132
7413 7881 7424
2614 4296 2483
3108 6818 3653
6279 7263 710
2040 4828 7421
5732 7192 7192
1755 2572 7874
244 3260 1440
1991 5334 5842
1841 5802 6918
3111 3896 4037
4464 6544 8104
2707 8140 8100
1886 3407 7898
555 1212 8191
2600 3495 8074
2040 4216 7421
3630 5732 3630
1995 6790 7747
997 5729 1936
5732 7911 7911
5221 5955 1713
5595 7343 1339
4175 6930 8005
1565 8155 5961
4571 4640 884
1271 5703 199
2413 5436 7085
1832 3062 315
3594 6127 4770
4628 6733 3990
5917 8167 7063
625 2510 5556
5491 6267 1545
2959 4071 6563
187 359 17
3932 6046 7669
3256 6476 3849
4068 7705 5364
1330 4771 2879
5732 6411 6411
1565 5732 1565
1327 7559 2208
4017 5732 4017
6600 7580 4635
1715 5475 4631
2597 3609 7207
5956 6103 600
614 717 5111
591 2311 597
1536 4130 5229
4099 5551 6159
5826 5938 7312
176 5732 176
5459 7182 6349
455 4885 7216
6036 7641 728
1796 3123 2556
225 2937 1155
2069 2971 1877
2540 5485 6770
793 8097 5071
2224 4820 781
2108 4040 1558
3427 5702 7538
3754 6190 7254
458 683 5221
1308 6040 191
1868 7865 4040
3034 4493 558
1788 3743 6322
5732 7111 7111
5732 5763 5763
552 1698 4038
4834 7503 827
710 3130 148
6506 7451 2642
5732 7718 7718
2333 5732 2333
5732 6347 6347
4356 6280 2957
52 4057 1026
1131 8011 6818
1328 5738 2910
1238 4866 3095
867 3361 890
5323 6689 6519
4175 5732 4175
670 6421 3744
7219 7257 3853
7537 7883 6521
1116 7991 7913
6210 8054 1878
897 5732 897
2783 6071 6070
3348 5835 5946
2451 7377 756
7987 8043 5214
4221 4735 86
3074 6831 5149
5856 7543 7162
2409 6202 1175
517 5307 1755
2046 5732 2046
1709 6648 3901
5146 7576 7653
4252 5659 3904
2974 5209 6167
5087 5732 5087
132 6572 6037
5732 6880 6880
4663 7161 7366
560 2464 947
6504 7280 367
6469 7168 4759
404 2159 6100
3322 6323 1368
3872 7128 1223
1862 6722 6268
5256 7894 683
1776 8130 2121
1033 4922 4580
4270 4361 1059
1014 6157 2346
733 5742 8054
1487 2579 6908
1322 7453 3983
740 2768 7596
628 992 1030
1249 4889 8164
3897 6000 7327
5253 5678 3314
2922 5732 2922
2803 4139 6617
1426 1942 54
1466 7660 5031
176 4699 5311
4892 5843 7058
4924 7147 3133
1976 3184 882
1080 7748 912
6414 7666 5680
2333 4272 6680
5533 7873 5100
1670 5746 3758
1955 7266 8051
4967 5989 6444
478 8177 7631
5732 6673 6673
2630 5189 4315
2239 7702 5497
1389 2583 2419
3487 5732 3487
1739 3493 4807
134 539 3274
3007 5732 3007
4637 7728 2990
5214 5732 5214
1005 5992 6618
5983 7004 81
501 3800 5114
3329 6400 3944
2990 5732 2990
2447 3178 1840
4837 7930 5344
1209 2701 7112
81 7507 3237
2044 3416 6906
4730 6085 7640
1923 6461 202
1485 5374 7812
3127 7239 2499
1830 7390 6065
4558 4933 4361
2655 4401 5932
4637 5750 2990
1825 5737 3487
2062 3774 5115
3028 3153 7038
6264 7872 7789
2016 6085 7640
2210 2742 1648
4538 6943 1598
6659 7794 3523
654 5170 340
2820 8121 7918
5395 6823 390
3361 4778 890
469 5732 469
2487 5000 6873
2397 5023 220
373 5648 7268
3748 5732 3748
629 6937 654
6486 7126 8121
3366 5735 4915
3031 7166 2945
918 4170 5323
2299 5409 5104
2115 2889 6347
87 6906 3063
334 7654 5355
1243 5732 1243
93 5296 4303
3297 5906 5332
305 4732 7920
1618 2028 5980
5614 6149 2092
4790 6570 3525
2785 4642 5623
4159 5169 4137
3395 5732 3395
4308 5812 6118
6929 7973 7881
6693 7552 5852
2962 5208 934
3272 5624 4726
2627 2747 4268
4195 4896 3620
1179 7442 1931
1892 5819 7613
6664 7339 5346
737 4823 2256
3711 5732 3711
5464 7803 8182
2337 4515 7040
987 1755 7874
4621 5754 5428
1292 2878 483
3176 5680 4957
716 7621 897
5732 6322 6322
383 7908 5024
2329 6777 776
1327 5732 1327
6165 7347 4517
7023 7517 132
875 7679 6321
3006 5215 5849
557 6322 5951
4144 5879 5417
202 4403 3787
4663 7344 7366
2204 4101 8113
3770 7186 883
1266 7308 1310
4531 6038 3531
1603 6836 2983
4609 6172 494
6477 8137 6324
1306 1887 5129
3042 5732 3042
1168 7269 6746
5732 6089 6089
2882 3457 4367
4420 7489 6909
1178 1908 3939
5471 7286 7972
2365 7845 4421
1244 3150 8017
422 5732 422
1557 5400 4100
5253 7498 3314
4488 6814 4427
5563 7936 7260
3799 7849 114
5732 7914 7914
436 1059 2685
4593 7582 5164
138 7140 4975
2792 4050 7355
340 472 2482
3306 6352 2061
3063 7211 3243
2478 6811 4093
3271 4428 5437
4449 5793 1436
1813 2685 622
4256 6027 3461
1980 4551 6052
4086 5143 6943
400 5591 7661
4303 5732 4303
5448 5732 5448
624 5050 3804
1708 3407 7898
2202 5830 1038
4810 8122 2039
408 1096 6673
415 7747 3125
5732 6533 6533
141 5732 141
1059 4707 2685
2547 6482 7126
5732 5766 5766
1577 4192 6842
4126 6261 6198
1273 3797 6294
5732 7688 7688
539 4547 3274
225 2596 1155
3446 6289 5097
750 6920 3827
1790 4875 6278
4430 7166 2945
1295 4293 2159
1040 4971 6528
4020 4877 5872
2240 6012 4176
3756 5663 3495
687 7688 1443
655 5738 2910
5490 6528 8084
386 505 5816
2827 6492 347
2354 7713 6925
390 7152 6577
4544 5732 4544
5149 5973 3224
633 2633 6142
1095 5881 3004
4281 4367 4419
2637 5732 2637
2205 5293 6511
4646 5016 6132
2241 6467 3592
2019 8130 2121
3622 7557 6900
5488 7640 89
5103 6770 2316
3904 5677 2150
1694 2481 5225
5026 5732 5026
1864 2930 5707
783 5732 783
19 196 7601
633 3217 6142
2291 5978 6769
5951 6445 6424
3161 3175 660
700 4256 3461
650 4817 1372
729 1649 2857
4887 7503 827
191 3610 573
2965 4678 7418
2783 6145 6070
532 5212 1404
898 2752 5136
1022 5732 1022
981 8100 3383
6577 7712 2370
5079 7229 7195
94 2724 5396
1895 4417 1908
5171 5732 5171
3156 5732 3156
3061 4257 2115
5553 5812 6118
5547 6556 441
4238 7066 4577
3669 6404 2872
3863 6037 3467
3012 6371 2916
2503 3944 254
2137 2328 8065
659 3411 4108
584 7355 5601
1916 2685 622
5476 5542 5704
5732 7024 7024
2703 5732 2703
599 4440 2168
2144 5959 6177
1610 7738 234
5732 7334 7334
5659 6125 3904
6546 8145 26
1058 5844 4221
126 413 1835
819 4904 5476
6908 7897 2695
4439 5732 4439
2451 5732 2451
222 3630 1429
6302 7476 68
4086 4630 6943
1310 7714 6922
1516 6000 7327
3861 6116 7429
1225 6146 1335
6906 7651 3063
484 3709 7916
5019 5614 2092
89 5732 89
631 6006 4131
1223 1987 7695
2678 3439 6164
5634 7183 2953
2635 5397 6095
978 5296 4303
2766 4872 2905
494 3710 837
1044 6720 4782
5876 7414 6619
4979 7994 3287
2244 2824 1935
2935 7016 3885
5732 6174 6174
500 6563 2711
648 7683 2293
5382 7244 1050
3528 7902 7489
660 2101 2297
2753 5425 5958
2938 5633 2349
405 4213 8077
653 4387 5763
974 7017 1089
4009 4904 5476
3040 7174 4435
5732 6150 6150
5732 6240 6240
2132 8168 3201
1875 7429 2289
1218 2859 6239
2721 5816 5256
371 6505 1006
2879 7765 6240
34 597 4465
1626 7617 6400
4621 7752 5428
3216 5166 1777
4405 5732 4405
5444 5495 4588
1543 5732 1543
5460 6400 3944
610 5033 7563
173 8037 3861
3536 4857 4521
3812 4542 7054
1081 7098 4437
837 7274 6587
3418 4973 5595
109 5871 6717
2177 3538 2553
4162 5732 4162
2743 3653 1881
3254 5732 3254
3093 6297 3497
2917 3061 2115
629 5732 629
528 7917 2803
1928 6679 4230
5828 6727 6675
6850 8133 6998
544 5937 5286
145 6855 7257
4446 6931 6983
2121 5732 2121
2773 4555 2715
5024 5732 5024
3543 7644 6832
320 1372 7302
5346 7589 4832
947 7315 1681
5443 6159 4564
6768 8089 7545
3410 8114 1933
2560 2974 6167
1398 3673 6931
4414 5248 4213
923 6730 4098
3318 8091 1740
4706 7885 2447
2526 4540 2408
6358 7087 3936
4175 6074 8005
1235 5933 3966
2678 5732 2678
5464 5732 5464
4100 6560 96
518 2866 2883
5852 6977 5778
3299 7214 8022
3596 5131 5059
4610 4882 5851
947 7365 1681
28 4322 6633
4985 5732 4985
2905 5739 4750
111 1749 430
4904 7446 5476
3929 7865 4040
2206 7024 996
1316 3417 2413
5054 5210 7453
1255 5595 1339
5171 7966 2307
2872 5732 2872
3733 7012 2519
251 1044 4782
1368 8012 6231
3885 4097 5648
1537 2096 4434
4462 6826 2428
3738 5177 2273
4067 4750 1817
3540 7113 3256
3967 5732 3967
706 5023 220
3932 6947 7669
3013 4663 7366
3655 6165 4517
2493 5218 2451
2483 7802 5576
1651 7800 3228
2598 2978 8033
5732 6175 6175
3363 6587 3843
2482 4978 3513
5789 6386 633
1711 7421 2809
1772 5732 1772
2713 5180 6461
4354 4912 6380
2688 5710 7844
3006 3173 5849
6237 7738 234
1974 6615 8145
2376 4475 2333
5732 7717 7717
4689 7049 3121
1548 3151 94
5497 7277 302
2893 7387 2393
1541 2406 6162
5476 6574 5704
1047 3305 1541
4796 6511 197
2549 7613 358
905 5732 905
69 6364 3770
2439 6620 2395
4577 6218 1409
1314 4682 6355
4180 4256 3461
17 7149 4898
2218 5732 2218
1426 5732 1426
3597 5794 6175
271 4844 5122
1929 4850 3476
2916 5732 2916
3843 7108 2535
2151 6326 250
2885 5732 2885
1756 5587 5
2408 7548 8122
2583 5593 2419
1398 5732 1398
5469 5732 5469
1470 2111 6804
1861 2825 2785
133 1394 676
1053 8096 1861
1299 7172 7090
4496 7137 1796
2162 3088 6745
552 5510 4038
776 3687 2052
6696 7425 592
705 2159 6100
5732 5987 5987
3533 7964 3349
386 1344 5816
2330 5732 2330
2915 7749 7634
3777 5111 4018
3624 5732 3624
2452 7285 6373
1404 5148 5870
720 4813 6663
1622 6942 4053
958 5732 958
562 6357 2938
3356 7229 7195
676 4613 3602
175 5074 5435
3640 4428 5437
4018 6209 621
1949 5547 441
477 4404 4312
5793 7628 1436
1850 5689 181
1184 4291 1244
3202 3519 4835
3402 7198 6150
5732 6770 6770
3916 7886 1036
4577 5996 1409
2138 7440 8140
4986 6044 3043
2695 3718 1946
809 6819 6942
1770 3156 3348
1767 1931 4928
3068 4688 7587
5732 6554 6554
3052 6595 3967
1315 4145 7647
5732 7049 7049
3549 6436 4132
5851 6523 813
117 6840 6647
1073 6541 207
96 5732 96
1052 4975 5360
2239 5732 2239
3127 4151 2499
3854 5732 3854
6181 7174 4435
6901 7094 90
5732 8100 8100
1013 1123 1445
660 3721 2297
7443 7756 13
2818 5732 2818
5732 6502 6502
3435 6257 194
1695 2173 4439
31 3164 6067
2492 5854 4195
4244 6461 202
6047 6541 207
343 7035 3748
2183 5732 2183
2987 3572 5653
545 7950 1156
4225 4995 2187
4421 5863 4017
367 638 7843
4050 5582 7355
4417 7551 1908
1148 2710 3664
1731 6164 2386
930 1175 2216
5610 8182 7142
5732 5926 5926
261 2665 4967
746 1863 7846
1290 7345 5357
7376 7834 5159
1343 7386 6281
766 5932 3544
681 5732 681
1024 1228 8036
1338 6788 7767
1240 4967 6444
367 2368 7843
221 5949 4936
197 828 3244
3319 4037 2432
5219 5902 5408
5288 7241 6063
764 2903 4833
5732 7175 7175
1319 7963 6656
1098 6705 2420
5732 7114 7114
3535 7887 2210
1671 5732 1671
2520 4808 2484
1372 7854 7302
7028 7267 6012
560 5732 560
2880 5535 4004
1977 6639 6929
3901 5668 8162
3367 5763 2283
5130 6921 7445
4147 5146 7653
1086 5689 181
2977 8145 26
2589 8021 7442
5293 7564 6511
4931 6313 7425
2554 3452 4087
2223 4217 6709
1026 4061 6855
4269 7738 234
5732 7453 7453
2920 7154 4218
3352 5287 3926
2179 7201 2823
4745 7401 815
2788 7326 2893
2689 3290 5212
2888 3584 7717
887 6084 7334
1243 4992 69
1159 1500 6755
5018 7535 1327
295 4551 6052
3662 3953 6306
815 2023 3661
144 6219 8071
1412 5122 2093
2521 7285 6373
2055 5358 119
5372 6961 4410
4646 5732 4646
4564 5499 4059
1697 4336 3654
2919 7146 7617
4706 5732 4706
3918 5437 2606
6441 7385 7521
4070 8071 4860
362 7898 5297
6898 7755 7008
885 7938 3947
4956 7094 90
1122 2979 6904
4229 4497 28
5327 6222 23
1911 5732 1911
4580 6473 4870
2909 3080 5007
4571 6993 884
397 8121 7918
3383 7206 3508
715 5064 336
5629 5943 7285
3545 4783 7680
307 1072 103
368 3639 1772
4694 5515 3498
1441 4387 5763
1018 5135 2248
3218 8154 2055
735 3172 3335
5715 5994 2920
5705 6992 3962
119 8189 3578
3982 4213 8077
1827 5742 8054
2147 7196 5562
3630 5022 1429
4751 5782 1991
5847 6900 3598
4370 5707 422
2197 3601 7738
862 921 7436
573 5732 573
1266 6075 1310
6614 6772 2403
824 3735 5744
3297 5161 5332
2079 2651 6920
4615 7516 7323
1746 5900 3624
4287 6340 6624
3599 5379 7970
2244 6248 1935
5732 6002 6002
4885 5732 4885
2578 6306 6699
1190 3213 4719
353 1499 4336
1212 7284 8191
3255 8144 6208
1605 7745 6533
4421 6403 4017
5732 6206 6206
788 2655 5932
4611 7020 5766
3030 5957 3088
3467 6480 2644
734 4131 4762
4969 7431 3883
1346 7155 6229
2313 4631 2766
217 6200 4287
1953 4166 5966
4014 7617 6400
2564 6999 4863
4080 4230 1948
96 4368 2028
4392 7029 5698
285 3764 3078
5807 5948 7718
381 7918 1650
534 7015 1403
4821 7128 1223
2520 5669 2484
3957 4591 2224
5398 5732 5398
976 7620 7899
6487 7069 807
4175 7788 8005
26 7141 7029
2734 7055 7331
3680 5435 3997
1054 2606 6707
5700 5729 1936
4087 5451 1860
4172 7058 2411
1388 3543 6832
3822 6066 7168
5732 7845 7845
4873 7810 2329
874 7882 7174
4319 4425 7778
4496 5083 1796
1469 4975 5360
2168 6376 7443
1580 1606 4551
3975 7915 1011
4916 5527 1846
2056 4249 2651
2373 6227 2858
4878 5872 2544
2282 2565 1805
5987 7895 3911
3065 5454 2595
3317 6963 6068
50 7056 3353
5653 5681 7567
7182 7801 6349
3388 5811 2147
84 1902 757
4442 5753 4126
1989 7916 184
5938 6995 7312
2148 7807 1816
2570 6097 5044
1772 4976 4010
765 4156 7134
3121 4743 4930
53 1701 5655
3377 5149 3224
2445 4985 4609
2632 4658 2753
3251 6905 2783
6120 6942 4053
20 3742 1280
5111 7764 4018
3365 6685 2183
3463 7834 5159
2434 7204 644
7331 7890 5814
536 6317 2619
991 5607 7503
4686 5106 7175
2748 3036 6276
2284 7620 7899
3106 5732 3106
892 4565 3369
1777 7687 2177
3944 5732 3944
3301 5469 3087
2052 3392 6785
4591 6765 2224
1681 1966 2866
2456 3298 1279
1881 7053 159
7303 7319 3637
510 8079 763
4230 5732 4230
1494 7290 1714
1772 3107 4010
5725 8076 1426
1339 3981 3310
304 5503 7692
1091 6543 3251
364 3133 7532
631 5732 631
4869 7747 3125
3109 5821 7200
1122 4206 6904
2740 4605 3840
4178 5097 6299
722 6570 3525
189 8171 62
6686 7617 6400
1302 6407 1671
576 6429 4971
631 8032 4131
3406 6432 5977
5277 6213 5889
2990 8118 513
1605 4927 6533
1117 7918 1650
2486 6493 2520
1064 3951 5089
799 3711 3732
664 7659 5023
261 4210 4967
5732 6386 6386
2156 5024 1889
2919 3779 7617
2456 8125 1279
1138 2552 478
305 5732 305
227 2232 723
1753 1967 6112
6052 6055 3515
3436 7363 5439
1773 4829 7991
2098 3346 484
4674 6240 4623
5039 7716 5797
2529 6056 5971
2085 2878 483
3201 4617 4873
165 681 793
2760 5732 2760
2268 5056 7173
5732 6228 6228
5732 7563 7563
4921 5159 7291
286 7774 6292
3234 7306 5191
4726 6420 1184
4069 8133 6998
1747 7989 2517
4265 5732 4265
2673 5732 2673
2986 5732 2986
1485 2605 7812
2676 7814 1257
7634 8039 133
5732 6470 6470
588 639 1064
3623 4980 6843
4020 4994 5872
845 7985 1042
4012 6783 7099
2508 7730 6222
1487 3972 6908
4987 7029 5698
1153 8045 6206
844 6725 4503
6762 7734 3365
2170 3828 8096
135 1739 4807
608 6717 1753
5336 7327 6940
158 7303 3637
726 6530 6411
1525 1889 4760
1714 3128 684
1211 5908 7140
309 1416 6437
2146 3074 5149
38 535 1963
576 2946 4971
754 5732 754
1188 7688 1443
3050 3335 3030
1359 4751 1991
347 5732 347
1501 5866 8136
7779 8031 4618
2936 3001 2136
7698 7958 2731
2188 3691 5237
2859 5732 2859
5452 8182 7142
613 2602 3312
5962 6132 7659
191 5691 573
4614 7601 4904
5492 7017 1089
2022 7142 2204
3407 6856 7898
5732 8098 8098
3727 6715 8114
2908 4152 6414
3376 5732 3376
5629 7751 7285
2738 5408 5908
4865 5836 2424
314 4177 7390
592 5732 592
1508 3547 1181
4143 4691 8089
4394 5732 4394
2736 4648 4405
844 2769 4503
5732 7522 7522
2071 3635 4573
2248 3678 6664
5732 6975 6975
266 1403 5815
4452 5732 4452
1026 1352 6855
1779 5115 3306
1878 6335 1096
5732 7133 7133
6454 6788 7767
2686 4597 2197
5603 5732 5603
2309 7426 6724
4702 5905 8170
2984 6781 4775
1682 3907 2239
2212 7575 3797
326 4622 8133
3133 3858 7532
5732 8113 8113
2568 2648 7777
1270 7117 3698
4232 7640 89
3645 6065 2418
369 2909 5007
5842 6260 5933
2479 2517 2188
2785 5672 5623
1935 7248 754
3549 8044 4132
996 5759 5899
1459 4847 4965
1950 7268 1490
6223 7706 7543
1818 6634 4440
5102 6170 875
7469 8062 2076
1377 6167 1056
12 1228 8036
3380 4303 1023
2922 7926 6153
4580 5558 4870
1307 7056 3353
2629 6483 4438
2150 7225 8011
5732 8033 8033
4758 5872 2544
1515 5707 422
3105 7092 7915
1816 5732 1816
4041 4423 4273
1396 2083 1315
2061 7399 1917
5175 5732 5175
5819 6212 7613
3223 5886 561
465 1545 1555
6124 7464 4959
2173 3079 4439
3263 5763 2283
151 4623 3630
7298 7346 7923
4026 6427 6498
3634 6710 3127
457 1545 1555
3901 5732 3901
5732 7260 7260
3320 5098 5858
4098 5732 4098
3460 6153 6089
2006 4788 2551
6827 8122 2039
7566 7767 4020
1498 5953 4057
4940 6509 1299
5732 7283 7283
5733 8094 6953
2672 7244 1050
2422 3637 3384
5577 6102 1944
2461 4965 2614
1317 6628 4678
931 2644 2850
185 1302 1671
3615 6992 3962
4676 8145 26
1243 7338 69
4158 4317 738
3140 6402 3623
1130 4602 5257
5995 6370 5293
353 2185 4336
4458 6052 3515
6099 6270 6472
370 2248 6664
4823 8030 2256
6061 7530 5742
1879 7096 7902
1403 6611 5815
4848 5732 4848
2012 4284 4340
2115 3880 6347
3447 5732 3447
5732 7040 7040
1164 7515 2164
2293 7663 1398
3997 5732 3997
5732 5899 5899
898 6562 5136
3444 6089 1902
166 2222 304
3251 3574 2783
882 6603 3932
928 3793 4119
78 7176 1540
6750 7668 906
187 3940 17
2938 5732 2938
769 3487 386
61 1056 6302
2265 3947 6543
262 7038 2348
441 1762 7033
971 3318 1740
5180 5730 6461
2030 7506 1044
313 2736 4405
613 4263 3312
1177 5732 1177
4120 5332 7298
5004 6533 2613
3166 3487 386
88 7085 4360
4472 5732 4472
3515 6941 326
5849 7986 496
331 4137 6134
1248 7422 917
636 4775 2096
2693 7200 2589
4188 6563 2711
4373 6505 1006
5356 5369 2974
3056 3310 218
1310 5864 6922
202 6384 3787
4383 7940 6103
3070 6983 6158
618 2545 6679
3711 5447 3732
1294 4001 5082
4108 7851 3208
3170 6837 992
3355 5728 2330
1526 5842 5933
1678 5871 6717
4224 4438 1630
1614 2216 3916
1687 7169 7688
2361 5335 1659
6100 7598 3289
218 3801 4604
1350 4518 7026
201 3781 877
1370 6068 7024
3943 5732 3943
3838 5614 2092
3943 6825 3834
494 2366 837
5595 8042 1339
969 1315 7647
5026 6959 6342
1342 5732 1342
554 2957 2629
5732 7479 7479
6887 7866 3042
2619 5173 6936
2120 5732 2120
179 4474 4086
738 4723 1070
2924 5021 6634
576 5732 576
1285 2111 6804
3230 7480 5180
3840 5820 3794
2904 6195 3518
3780 7545 1269
3651 4616 5391
4083 6173 4170
1026 1134 6855
5342 5775 1501
1487 5487 6908
1384 4728 6482
558 4197 3169
1461 2061 1917
321 6044 3043
934 4659 914
2861 6709 2042
1306 2340 5129
1301 5732 1301
4564 6087 4059
5859 6567 2710
4603 5732 4603
7085 7591 4360
365 7302 6252
5339 7436 1723
3146 4776 7981
1172 5355 7128
2418 5642 7032
3154 5111 4018
6766 7266 8051
1445 6934 7888
1802 8192 5738
1805 2002 5873
5509 7727 1209
4564 7500 4059
2831 6502 923
3442 4604 5045
90 7097 5846
1157 4533 7681
5256 7572 683
2902 6920 3827
3042 4874 7266
379 1079 6750
3245 5342 1501
2237 4623 3630
7410 7939 6835
521 1464 6738
6139 6394 1189
6862 7795 5614
574 6645 5868
3382 6292 6174
3034 6698 558
1891 2347 5844
5946 6199 6487
3937 5439 6814
382 5164 5659
1138 4165 478
2224 5732 2224
5658 6444 2837
5070 7468 3694
4132 5278 5716
2559 6239 8079
1915 5561 1143
6394 6958 1189
2857 4002 6620
3386 6462 6356
491 6709 2042
13 6481 4530
4251 5732 4251
4001 7409 5082
5260 7829 892
4144 5732 4144
540 1416 6437
3524 5547 441
194 533 4665
2208 4314 7451
6134 6485 7092
3732 4606 3028
4381 5716 1238
72 5732 72
3111 7364 4037
796 882 3932
2280 5917 7063
1282 6306 6699
3904 5202 2150
2848 3452 4087
5146 5732 5146
1541 6501 6162
3672 6294 5812
1192 3352 3926
5408 5732 5408
220 5732 220
1308 5732 1308
2335 6171 5165
311 757 645
1490 6265 3184
120 1085 6924
6609 8081 764
6410 7794 3523
2815 7128 1223
1702 2136 4883
2544 5732 2544
1534 1572 3447
5165 5875 6857
305 4301 7920
795 2410 6066
3661 7523 5953
4495 5151 107
4895 6762 3365
1852 5157 4591
3968 4526 7938
1464 5732 1464
3526 6239 8079
4181 5307 1755
4784 5994 2920
4058 4324 6323
4304 5603 2540
1266 4905 1310
1428 2916 5296
3497 7997 75
717 3489 5111
4894 7181 714
4004 6564 5821
5870 7637 7210
2528 5732 2528
3744 5732 3744
3034 5732 3034
1096 6917 6673
3235 5277 5889
73 2466 7522
2867 3962 1355
94 5299 5396
4040 5732 4040
1371 7575 3797
665 6660 6223
1305 3043 2784
3035 3936 6127
925 4969 3883
1666 4842 7580
337 3412 2840
1493 6543 3251
699 934 914
5732 7674 7674
4583 5958 6357
2400 2851 5876
5876 6996 6619
4830 6922 6387
2841 3939 258
1956 4053 2964
115 3555 1129
768 3657 1122
6678 7930 5344
5121 5732 5121
5663 6489 3495
1501 4366 8136
5732 6100 6100
4844 7709 5122
1594 5059 6788
4127 6972 2788
4891 7539 973
2948 5439 6814
939 6225 2648
3208 4693 5729
18 2266 6081
2076 5198 4136
2756 7872 7789
4938 5915 4425
444 5431 4183
1872 6424 4133
2419 7614 6626
1840 5732 1840
2249 2730 4717
1983 2940 5092
3437 4804 5042
855 4917 1862
5868 7592 1138
260 1751 2909
1564 6579 3806
2985 4894 714
760 3558 6932
4633 6353 3958
2800 3518 4387
5281 8040 1649
1021 6010 4795
3299 7036 8022
815 6967 3661
5211 6281 4534
3467 6956 2644
3276 4209 6595
1936 7027 6895
2380 2863 2218
483 559 1157
3852 5732 3852
3509 7403 2627
6973 8016 6609
5199 6931 6983
3251 5786 2783
303 2947 7641
942 4807 2311
5732 7869 7869
5001 6229 2667
3875 6650 7290
5732 7991 7991
3015 3572 5653
5210 6548 7453
3943 7962 3834
7417 7493 3223
2361 3075 1659
1860 5732 1860
900 3508 7106
1400 5175 3010
671 4861 7633
5732 6321 6321
1460 6208 3650
5732 8074 8074
2642 3921 5026
6490 7872 7789
1355 7212 1506
1397 5732 1397
2113 3103 5398
4505 6861 4472
680 5383 7933
4787 6321 7352
388 1915 1143
4059 5732 4059
4394 5773 1456
5732 7749 7749
2483 4846 5576
1026 5732 1026
1384 5770 6482
2433 7359 1739
2485 7352 7087
3514 6953 5127
1337 4417 1908
720 3309 6663
3332 4946 4823
5732 7140 7140
338 2601 3006
744 4132 5716
726 1538 6411
474 6645 5868
1115 2553 2522
203 6921 7445
576 2476 4971
7066 7375 4577
5476 6962 5704
3843 5720 2535
4262 7621 897
2011 8003 1710
2005 6103 600
6056 6657 5971
322 4358 746
5556 5732 5556
1138 5732 1138
4199 7952 1565
4873 7022 2329
214 3742 1280
202 5732 202
905 1511 7705
424 3359 3427
2720 3029 2936
1509 6404 2872
2338 8152 1303
4018 5999 621
1835 6986 6374
133 3371 676
339 3364 6044
2401 3213 4719
2209 7898 5297
2822 3633 2232
6396 6900 3598
4363 6744 8151
2770 4037 2432
1554 5732 1554
5948 7944 7718
4260 5104 4375
6534 6998 7528
1627 3706 4495
3712 6554 1153
1780 3939 258
5420 5876 6619
907 1074 3029
935 1036 7493
663 5778 4394
6538 7533 536
4093 5732 4093
3355 3713 2330
5061 5968 6973
1994 6538 536
780 7844 5777
3429 5524 3007
4318 4711 6196
6357 7927 2938
4782 5732 4782
4781 6183 2142
840 2619 6936
1201 5732 1201
1194 7674 6026
2729 4287 6624
380 6807 1168
4582 6626 7198
634 7026 5520
683 5732 683
4131 4198 4762
485 1398 6931
5320 5721 6541
530 7114 6391
1445 1575 7888
3980 6935 2818
5899 5914 2040
3438 5655 1416
4539 5732 4539
4365 6909 698
1189 5732 1189
2408 6767 8122
376 5601 7859
3295 6347 5776
473 5347 528
3311 7106 5175
2534 5732 2534
2331 7693 6038
6817 7086 5196
5229 5613 7169
4875 5732 4875
5732 5802 5802
2310 2870 7213
1943 2028 5980
1659 7604 3234
781 2247 4468
3308 4142 3549
2904 7549 3518
1283 7441 6494
1724 8131 3848
3833 6870 5664
1662 5301 5141
1062 2126 3486
2336 2570 5044
4635 6232 7192
3020 7092 7915
6334 7602 783
1847 4555 2715
2659 5191 4358
4346 6217 8082
5732 6095 6095
111 5732 111
513 8041 6173
5732 7970 7970
2778 6292 6174
6168 7742 5331
6658 8026 396
3747 7842 659
553 2860 5275
6569 7395 1716
5732 7087 7087
429 2061 1917
1484 2386 625
1025 7989 2517
2305 4794 7993
2520 4302 2484
5708 6422 5663
1600 1848 5629
4195 5732 4195
5357 7118 1317
933 5494 2598
4717 6754 1487
3265 5735 4915
3373 5885 4922
2881 5971 7422
543 4356 2957
5023 6588 220
6170 7612 875
1649 5732 1649
3343 7717 5017
695 6322 5951
1287 5732 1287
5649 6050 2465
791 2483 5576
90 3479 5846
2465 6077 387
7026 7394 5520
2096 7799 4434
2855 4912 6380
124 5441 5577
1562 7532 6658
6322 7739 5951
5732 6067 6067
2893 5300 2393
118 4832 774
6276 7247 6880
3923 6297 3497
5566 5821 7200
3147 3515 326
3990 8135 6467
1070 7982 1605
2963 6582 1603
2727 4495 107
3642 4158 738
3418 4752 5595
1584 2592 1915
5366 5746 3758
3499 4607 7383
903 5449 740
1981 5441 5577
2000 6614 2403
5577 6105 1944
3247 7486 3407
6500 7272 4602
4004 5732 4004
4124 6252 2376
1259 3172 3335
3926 5732 3926
1716 5732 1716
1648 5618 2415
5808 7495 7866
875 1291 6321
1645 4855 3643
3533 5381 3349
302 6877 1078
444 6090 4183
3088 5732 3088
4225 5732 4225
536 3181 2619
2782 3854 166
5881 6466 3004
939 2152 2648
2973 6774 187
1908 5732 1908
5271 5944 2327
1707 6162 4822
301 7870 4875
206 7653 4134
1385 6566 400
2440 5067 1885
4412 5106 7175
830 1638 379
5206 6039 1350
5732 7304 7304
4483 6355 7870
7089 7190 7749
194 3977 4665
6197 6544 8104
1713 7104 5948
2619 5732 2619
3417 5732 3417
62 7697 2228
1357 3798 7244
1647 3290 5212
5732 7329 7329
3353 7937 2027
79 1055 4092
4461 5732 4461
1006 3501 4383
3146 7934 7981
5271 5732 5271
604 3164 6067
3740 6900 3598
558 841 3169
890 6166 4637
6857 8142 3738
3592 6776 3720
4383 7233 6103
5562 7163 4045
5732 6587 6587
508 3413 5471
54 3225 956
4760 5732 4760
754 1593 5210
1 5732 1
2304 3237 1820
4795 6456 811
3980 4736 2818
1161 1598 3262
993 6460 1385
4848 5993 3742
6464 6814 4427
418 5009 7515
2991 5732 2991
2885 7381 57
1361 7155 6229
1185 7076 6819
581 1816 4231
433 4604 5045
3714 5713 3886
2573 6645 5868
3034 5020 558
1280 5732 1280
304 5732 304
2076 5732 2076
963 3943 3834
6817 7758 5196
5732 6313 6313
28 5605 6633
2331 3749 6038
2151 5183 250
5229 5732 5229
1092 2544 2062
4032 4390 2331
2386 5272 625
374 6374 3499
3745 6577 2370
1544 7923 2046
5896 7883 6521
6349 7550 1639
2739 5471 7972
1395 7874 1791
3579 5237 2760
4323 7843 5359
5359 5732 5359
3246 6654 6099
7302 7400 6252
5732 7683 7683
1946 5732 1946
4135 7114 6391
4442 5637 4126
1159 5732 1159
4203 6020 1357
5732 6124 6124
4822 7856 79
2211 5990 4158
4059 7875 3386
5732 6324 6324
541 3827 5871
675 2006 2551
2614 3908 2483
2627 5589 4268
2723 6795 7602
1030 4309 3308
3467 4824 2644
332 5732 332
5480 7259 7535
1335 2628 1768
4444 7755 7008
776 5732 776
3185 6846 5468
2706 5951 6424
1252 4007 3054
5337 6391 6676
3228 4194 5061
667 7062 2842
2960 6158 6201
6833 7532 6658
1513 6467 3592
7770 8089 7545
1293 6922 6387
6494 7405 1572
870 6457 4985
2324 2393 3633
51 1280 144
6735 7602 783
1335 5732 1335
5732 7617 7617
3694 6683 3960
3624 5911 7952
5979 7427 19
2215 6373 2515
2037 2200 2912
528 3294 2803
6310 6781 4775
1114 1820 3584
3529 4756 7049
6251 6356 8119
1558 6760 6502
1894 2187 2632
1753 2765 6112
4344 6744 8151
6869 7846 680
3848 6540 4616
1209 5732 1209
1816 2356 4231
2921 4517 3297
4577 4793 1409
3962 6136 1355
626 1514 760
2608 6746 5804
4126 5732 4126
1947 6873 1466
5692 6111 5859
1755 5732 1755
2703 8092 4156
2334 3255 6208
5907 7661 4417
1896 6349 1639
775 3893 5009
3480 5732 3480
4137 5048 6134
6718 6832 2120
897 4384 1171
3190 5710 7844
568 3427 7538
739 3759 6615
3531 4997 2526
605 2581 5994
3333 5972 73
7145 7493 3223
2821 3262 681
4983 5732 4983
4716 7528 8098
2983 5732 2983
5732 6217 6217
1069 5732 1069
4517 7877 3297
2175 6676 7796
757 4764 645
1064 5732 1064
2033 7453 3983
1069 3404 2338
5428 8007 6948
3468 3499 7383
3029 5249 2936
659 5732 659
6365 8031 4618
2158 2850 4462
7434 8119 844
4159 6495 4137
2592 5246 1915
3202 5732 3202
2858 6858 3733
75 1674 6762
927 2912 1514
2851 5010 5876
1357 5732 1357
1488 6818 3653
3086 7676 887
3758 5888 2305
2310 3129 7213
4661 7578 1358
728 6008 201
5007 8035 5135
4584 5398 6119
2082 3947 6543
890 6426 4637
4436 5992 6618
1486 3182 4186
38 4741 1963
1817 4636 3810
7407 7899 856
4032 5732 4032
2256 7792 113
3502 3836 1332
5360 5732 5360
3643 7761 3299
3125 8160 8031
3 5360 3291
2418 7490 7032
2061 5732 2061
1383 2419 6626
2428 7998 4865
3696 5218 2451
3983 5373 5828
2273 5732 2273
2332 4700 5253
4729 7162 6034
23 3763 2723
2558 7633 3157
1438 4871 2354
6446 6470 8130
2506 4196 3034
3778 5732 3778
3461 7525 3639
1455 2403 6870
1126 7629 1983
2850 6630 4462
6354 8074 1047
5182 7680 6921
4176 6694 7683
159 8116 1146
5732 6998 6998
2042 7553 6539
6936 7595 6170
2224 6178 781
1011 3114 6604
2639 3248 639
1723 3490 2581
7008 7153 7056
2530 5013 787
3204 3794 7896
2543 3095 7883
1937 5072 5139
1608 1840 5145
4841 5732 4841
1519 2121 2083
1108 7552 5852
1995 6499 7747
5556 6914 5158
730 2015 210
2941 7342 5512
640 5441 5577
1243 6448 69
2404 2730 4717
8050 8176 2725
5732 7834 7834
2728 6299 2703
4226 5059 6788
171 6099 6472
2456 5430 1279
4643 4690 2736
6208 8112 3650
5732 6598 6598
3619 7673 898
4858 6584 5192
3360 3799 114
1269 4489 2885
1297 5257 4857
529 3018 2601
5241 7695 4844
1582 7090 3573
6304 6832 2120
2132 5732 2132
5732 6387 6387
7596 7754 1243
5587 6381 5
3734 4691 8089
2909 5732 2909
2089 6624 5218
641 989 3605
3084 3586 37
4627 6066 7168
3748 7171 3049
2126 4205 3486
5127 5732 5127
4312 4382 356
6176 6710 3127
6814 8006 4427
5732 6442 6442
4490 5471 7972
3006 5732 3006
1885 6244 1205
2415 5822 6372
1426 2684 54
141 6697 6650
1202 2524 6344
3804 4236 7539
1075 7699 7114
1290 4047 5357
1840 8147 5145
4395 8182 7142
2327 6179 4690
89 360 5236
30 5435 3997
5417 6916 6165
1606 7470 4551
192 3381 6688
774 6644 7133
550 4092 5260
2748 3250 6276
3647 3791 6257
1004 2920 4218
2551 4701 3436
2120 2786 7629
2216 5732 2216
1355 5639 1506
3207 3441 7252
4703 7631 1825
764 7978 4833
1257 6377 5843
4589 5401 4804
2234 6132 7659
3333 5732 3333
1083 7620 7899
5254 5537 6660
5732 7577 7577
1600 5732 1600
3856 7129 6368
347 2242 5106
428 3028 7038
1844 7251 2991
3543 5732 3543
244 4033 1440
257 513 6173
7384 7720 1326
2066 5798 3146
813 1027 3175
6482 7408 7126
2310 5732 2310
2268 5732 2268
5166 5732 5166
746 2263 7846
416 3893 5009
2836 4898 3213
4491 4888 7004
2803 6665 6617
6609 7639 764
5732 7443 7443
4750 5779 1817
2250 3395 4515
1794 3395 4515
880 3529 7049
181 2491 6963
2843 5082 38
998 6748 7066
5732 6202 6202
1372 5732 1372
3593 3813 5938
6048 6710 3127
4312 5394 356
1311 4888 7004
5732 6906 6906
1567 7173 1397
1835 5298 6374
156 2224 781
188 6745 2143
3758 7907 2305
1298 5732 1298
46 1864 5707
1152 7535 1327
417 2132 3201
5732 8080 8080
5732 6724 6724
5303 6517 5441
1639 5513 334
1671 5155 2506
3412 4321 2840
456 5087 6710
4791 6202 1175
6252 7471 2376
1350 2063 7026
4020 5732 4020
1671 4655 2506
5732 6709 6709
2771 3966 1715
3953 4247 6306
2497 5732 2497
5400 5732 5400
4268 6458 2639
2385 5104 4375
4850 5732 4850
6872 7669 7204
686 2528 2440
5462 7307 1306
379 8028 6750
1878 5732 1878
5419 8082 7447
3126 7134 5379
4515 5319 7040
6189 7742 5331
5732 6356 6356
1903 4010 1464
1548 3048 94
2910 5598 175
563 993 1385
5071 5732 5071
7329 7736 7395
1750 6989 4539
4521 5732 4521
2027 3143 2986
2581 7039 5994
1908 4113 3939
6002 6949 7328
5927 7742 5331
601 698 4706
3398 4378 1065
3291 7726 3018
5986 7304 3352
770 7451 2642
4907 6424 4133
2783 5732 2783
4898 5732 4898
3326 6840 6647
4328 6695 650
5732 5871 5871
3686 6217 8082
120 2207 6924
1016 4218 8080
2325 4462 2428
3339 6229 2667
502 822 1518
2957 4000 2629
7173 7708 1397
3133 5732 3133
3571 4848 3742
944 3307 6353
47 4324 6323
3284 7268 1490
6512 6522 1290
5980 7057 7410
2478 6806 4093
2905 5484 4750
2594 3747 659
1958 3654 5189
2255 5517 849
3967 4200 3800
1358 3690 2266
973 2105 874
1765 7383 4474
6867 7915 1011
6342 7281 3017
4312 7781 356
2210 5919 1648
241 789 822
5560 7845 4421
983 2411 3597
7103 7388 1348
3353 7047 2027
787 4932 5915
2469 3054 7403
4984 5473 2126
4605 5496 3840
3513 5732 3513
2 6380 4555
4534 5732 4534
1414 6240 4623
7082 7865 4040
3725 7506 1044
199 2617 3417
1555 4656 7674
2395 6714 6417
3647 8110 6257
5749 7423 6570
1577 3432 6842
2344 6002 7328
8013 8093 5798
3353 5732 3353
1373 5449 740
811 4333 7807
1548 5539 94
625 7932 5556
4152 7236 6414
3111 5732 3111
3533 6808 3349
5167 6746 5804
4075 7696 4256
3823 7796 4012
3165 3289 411
195 3564 6893
4508 5732 4508
2751 5961 2487
5732 5946 5946
5774 6543 3251
2963 4243 1603
2271 7106 5175
3486 7311 7557
1257 8064 5843
817 4102 2151
4300 5640 6871
406 4781 2142
4930 5732 4930
1543 5853 3355
349 7175 3398
1429 6537 2528
4841 7819 380
3883 5081 4442
2629 3206 4438
5889 6425 5733
2367 4375 6442
3647 5732 3647
4726 7793 1184
661 6618 1222
4835 5315 1144
4253 4936 7957
5966 5998 3196
3617 4367 4419
2128 7532 6658
4156 7731 7134
1640 1786 2817
5732 7285 7285
4955 5281 1649
2078 4591 2224
2832 3175 660
3064 5045 6124
2041 6680 6992
567 6073 1302
5026 5526 6342
4944 6020 1357
6004 6353 3958
6965 7991 7913
2380 3766 2218
2197 7804 7738
1112 2399 508
708 3385 5689
1368 1837 6231
5189 5732 5189
6524 6895 7517
710 5732 710
6640 7213 6975
4951 6982 4175
3810 5732 3810
3283 4017 7582
2648 4369 7777
79 1560 4092
5732 6645 6645
3620 4201 3061
2505 7418 3799
1952 2731 8076
1401 5732 343
1056 2968 6302
5829 7481 921
762 4284 4340
2376 7579 2333
7635 7920 4225
2443 6012 4176
565 5949 4936
564 1573 3203
2322 4093 6449
928 6844 4119
2049 5732 2049
3238 5221 1713
2098 5732 2098
3830 6302 68
5527 7675 1846
4419 7832 6289
4435 4920 5527
6679 6691 4230
5364 5747 4157
225 3379 1155
54 2112 956
6623 7263 710
4782 5264 3160
3026 4032 2331
1506 6284 72
1032 1137 6522
5362 5942 7479
4456 5538 7506
6707 7527 958
5580 5953 4057
341 2191 3784
534 5732 534
1072 3675 103
148 5085 5978
279 2331 6038
4155 7241 6063
6061 6882 5742
3189 5231 6599
304 1180 7692
1036 5732 1036
1138 1867 478
43 7077 4919
2571 4534 2341
4107 6647 715
3620 7059 3061
1995 6406 7747
176 7924 5311
1327 5790 2208
1984 4602 5257
1592 4315 4783
1238 5365 3095
681 7922 793
945 4783 7680
4853 5523 3103
4957 5732 4957
3586 5732 3586
1540 7299 5449
690 4981 7958
197 7393 3244
6313 6945 7425
1769 4098 5718
6140 7352 7087
632 6089 1902
3698 4554 1330
273 7063 2562
5741 8014 560
5732 7298 7298
4858 6154 5192
561 2830 3836
2627 5732 2627
4553 5971 7422
5723 6953 5127
6437 8139 4404
3699 7005 6002
2927 7119 2274
1257 7273 5843
3602 8029 5515
1954 2796 2106
2143 6515 1137
1391 3117 4229
5152 7563 2378
2925 8093 5798
443 5953 4057
292 7821 4328
797 6539 5574
1314 6805 6355
2723 5732 2723
6666 6861 4472
1814 2775 7552
3912 6759 7307
1078 4451 225
3497 5606 75
1093 5616 6157
842 2413 7085
3841 7850 5101
5257 5615 4857
5732 7918 7918
2370 5482 3318
691 6222 23
1271 5719 199
1324 5815 3381
702 5286 6007
5428 5732 5428
5377 5732 5377
6030 7232 1419
2077 2883 7028
3498 5732 3498
3348 7107 5946
1468 6819 6942
1657 2136 4883
4822 4989 79
1426 5030 54
1450 3152 353
2223 4044 6709
2603 8051 2904
3341 7402 4663
849 5429 2655
4528 7418 3799
1143 1277 4130
6386 6415 633
2755 3829 6228
5732 5971 5971
1223 1904 7695
2329 7258 776
5128 7783 1701
398 7528 8098
1496 8133 6998
2257 6633 824
4018 5732 4018
5732 7436 7436
2415 6245 6372
6039 7504 1350
2933 5857 3156
1419 5326 3412
19 8095 7601
250 4687 6999
2901 4555 2715
5727 6929 7881
2534 6703 2933
4157 7357 6190
5732 5852 5852
4473 6999 4863
5051 6547 7887
1186 3383 3508
5768 8113 7184
336 3496 1
5232 5735 4915
1183 2651 6920
577 4136 7111
5744 5867 6684
2092 7335 4542
217 4168 4287
4542 5283 7054
2570 7750 5044
4452 5546 8137
3806 5440 2011
545 7262 1156
3575 6547 7887
2816 4427 4052
123 622 5905
5411 7099 4144
4157 5620 6190
403 3577 6434
119 1634 3578
1861 8072 2785
233 3750 5802
504 4195 3620
4762 6890 3529
5732 6538 6538
2181 8192 5738
6599 7824 3136
2025 7323 2583
5732 8104 8104
866 1459 4965
1854 1913 2380
858 4503 2056
5305 8136 2859
86 276 6039
509 2553 2522
342 5145 3364
886 3279 4981
2703 6969 4156
3658 5816 5256
1099 3247 3407
856 3842 2524
2333 6542 6680
5732 7033 7033
1310 5404 6922
1157 5732 1157
2499 6246 1854
1081 4575 4437
1187 5197 261
1486 3831 4186
4599 7718 907
7351 7362 278
2116 3314 3440
5323 5732 5323
5052 7130 3227
75 1975 6762
4043 6442 739
738 7484 1070
5732 7888 7888
877 6319 993
1816 6508 4231
2035 3786 4544
2512 3790 3106
3731 4626 3828
5865 6664 5346
6257 6852 194
503 7445 5271
2522 5732 2522
5732 6427 6427
3811 6528 8084
5732 7513 7513
2923 5351 647
81 1104 3237
892 2064 3369
1391 4880 4229
3852 4763 6970
704 3593 5938
1652 5351 647
4875 5674 6278
3518 6820 4387
3947 4680 6543
387 5732 387
2269 2685 622
740 5732 740
5840 6434 3933
2900 7101 3893
4556 5517 849
1051 2961 709
4452 5384 8137
4918 6654 6099
6769 7540 40
4957 7255 777
5732 5933 5933
1429 8143 2528
1197 4231 5987
2981 7629 1983
5656 6342 3017
7139 7513 2686
1458 2428 4865
2310 5220 7213
5502 6842 7441
1128 3597 6175
5036 6081 3341
5732 7902 7902
3422 5931 3778
5732 7930 7930
2719 8136 2859
1123 5732 1123
1838 4657 1217
3028 7808 7038
390 4091 6577
3931 5497 302
1703 1948 3457
2895 8054 1878
4734 7915 1011
654 2536 340
2388 3306 2061
2963 7968 1603
5364 5732 5364
5158 6585 6598
289 3630 1429
1168 1612 6746
7534 7616 5960
5086 5303 5441
2428 4852 4865
2931 3426 1367
1269 5367 2885
264 2121 2083
439 1680 3711
4618 7880 7062
2246 4526 7938
1169 4750 1817
7658 8082 7447
73 4806 7522
4116 6063 2851
1249 2139 8164
3492 5556 5158
2511 4959 7988
3258 3308 3549
5732 6142 6142
4700 5732 4700
1694 5579 5225
5732 6577 6577
245 7090 3573
6081 6757 3341
3364 5732 3364
3926 5833 3915
1933 3867 5607
1043 5218 2451
1326 5732 1326
4394 5008 1456
806 2420 4858
953 7888 5917
2285 6372 7911
4426 4804 5042
1078 5824 225
89 3910 5236
3639 4372 1772
2745 6563 2711
2858 5732 2858
3760 6112 6217
1639 7583 334
715 5732 715
1805 3282 5873
5359 6674 4894
5804 7831 6715
752 1036 7493
4128 5732 4128
1042 4246 4398
6487 6816 807
5494 7250 2598
1287 1542 1709
1278 5713 3886
1881 2607 159
5562 7009 4045
2963 5732 2963
172 5769 120
8 7395 1716
1343 5890 6281
3310 5732 3310
6355 7609 7870
6003 6918 2111
3321 7920 4225
1631 2924 6634
1651 3423 3228
3521 3605 141
5096 5377 4871
7516 8128 7323
598 2268 7173
6647 7786 715
3262 5586 681
2534 3550 2933
760 2312 6932
3447 6291 5587
4476 5706 6729
6442 7623 739
2074 2556 3543
5038 7911 4496
1571 5711 7232
5090 6663 43
3834 6266 3359
2495 6162 4822
4705 6206 7621
5732 8051 8051
1497 2627 4268
2447 7121 1840
3039 6344 989
4361 5371 1059
2939 3306 2061
2076 4868 4136
2868 3949 544
164 7513 2686
2655 7361 5932
2512 4274 3106
1301 6312 2260
387 2681 1995
3451 5296 4303
958 5631 3247
275 7789 5248
17 423 4898
2272 4427 4052
3461 8138 3639
2430 5391 4015
6283 6357 2938
5818 8184 1301
5234 6222 23
649 4507 7914
5732 5815 5815
2259 6785 3403
3700 8065 6441
1279 7021 5464
6536 7092 7915
1198 5902 5408
292 4215 4328
4786 5042 7676
304 5855 7692
1008 1936 6895
4376 6193 5448
69 161 3770
4328 7295 650
5732 6522 6522
2266 3269 6081
1467 4700 5253
1820 2757 3584
236 3786 4544
2798 6493 2520
2087 5624 4726
2233 6171 5165
1806 3054 7403
2997 7692 4162
2289 4117 5597
6769 8047 40
3474 6991 5563
1685 6925 7304
5638 5821 7200
1601 3764 3078
560 7243 947
932 1643 5469
3121 6743 4930
2516 7994 3287
462 6873 1466
141 3021 6650
1477 5424 855
5732 6992 6992
4375 7510 6442
1946 2026 4127
2042 6726 6539
1155 5426 5277
2262 5815 3381
3563 7216 717
291 4128 7303
3633 4204 2232
534 6478 1403
5007 7858 5135
2264 5873 3426
4471 6277 2878
5329 5603 2540
1155 3644 5277
3202 6269 4835
623 2515 1940
74 4795 811
2429 5424 855
7261 8080 7263
2793 3148 4324
2766 8009 2905
5044 6161 2678
756 6525 4255
3342 6157 2346
1940 4042 5039
4963 7290 1714
5070 5732 5070
2168 2944 7443
3354 4096 7876
238 2432 5535
898 2580 5136
2810 6835 6020
2515 5732 2515
1185 5732 1185
5012 6970 4508
1163 3497 75
3440 5354 2191
2956 6421 3744
1391 5732 1391
4167 8066 5121
3898 7112 2456
3169 3590 7865
6870 6955 5664
2161 5029 4698
2143 4008 1137
4171 7557 6900
3303 6918 2111
7695 7833 4844
2615 6278 3586
2093 5878 4610
2595 3215 6073
1096 7652 6673
3723 6114 2860
2354 5732 2354
2576 3169 7865
111 6951 430
3187 6015 2049
2278 2299 5104
290 2847 3290
5704 5732 5704
1616 7166 2945
6031 8104 1720
2157 4841 380
1280 7511 144
6829 6862 5614
40 4003 708
949 7994 3287
4261 7867 3202
813 4029 3175
4290 7993 1852
3507 4661 1358
5882 7445 5271
5845 5905 8170
631 3589 4131
2705 7528 8098
1350 3913 7026
1717 8036 1724
993 1586 1385
1158 7189 7080
728 6147 201
3877 4152 6414
4318 6106 6196
3757 4885 7216
2177 3330 2553
6907 8164 5444
2924 5732 2924
1528 3854 166
939 7350 2648
4438 6896 1630
5653 5732 5653
5071 6128 7921
2827 7928 347
5934 6521 7980
3481 4546 241
1713 8101 5948
1712 3804 7539
3065 5662 2595
5031 6583 5171
1256 5359 4894
5732 6940 6940
466 8070 5119
5286 7524 6007
3400 6070 2161
3195 7608 1651
6088 7040 2254
3960 7499 3532
5718 8181 1543
37 7889 4946
1372 6345 7302
357 768 1122
868 7351 278
86 475 6039
622 7884 5905
3561 7352 7087
380 6889 1168
1170 3904 2150
6643 6895 7517
5136 6130 4016
1177 8004 2927
3899 6663 43
633 2102 6142
5732 7587 7587
5388 6857 3738
2506 3085 3034
6528 6859 8084
1443 5969 1069
650 5984 1372
298 654 340
1753 8153 6112
54 2772 956
3512 7437 2935
1578 5849 496
3480 4140 3747
2051 3966 1715
220 761 4071
1162 2508 6222
2165 3499 7383
2073 4863 7873
2860 5732 2860
5843 7502 7058
5196 6627 4751
3333 6946 73
2270 3124 3264
4875 5592 6278
811 5732 811
5732 7631 7631
407 7140 4975
1404 5732 1404
1786 7581 2817
3384 6041 7329
2527 4111 7189
2591 3689 2006
1068 7189 7080
2230 7846 680
3761 5778 4394
977 7465 4603
4748 6457 4985
215 5049 7463
29 5689 181
4527 6050 2465
4405 6933 1249
3562 7489 6909
1010 1403 5815
822 864 1518
2885 4418 57
114 2993 1185
3534 4016 2299
622 4638 5905
4156 5479 7134
3837 7291 2282
3072 6164 2386
334 5732 334
4691 5732 4691
4177 5732 4177
582 1705 4621
3016 5634 2953
1543 2135 3355
1849 2179 2823
159 1471 1146
2484 4266 3112
5732 8022 8022
1365 3849 4007
2581 4925 5994
531 3436 5439
4568 6142 2847
669 1725 4088
676 6383 3602
3018 7067 2601
1447 8017 7513
103 6452 1123
1553 2378 4452
3491 3750 5802
4166 5673 5966
3457 5113 4367
1381 7988 5362
3835 5333 375
4761 7232 1419
243 5741 560
715 6060 336
2545 5732 2545
3592 4393 3720
5568 6196 1694
820 1308 191
2601 2776 3006
3840 5732 3840
1965 6099 6472
7342 7488 5512
5009 5732 5009
3148 5732 3148
2588 5698 1521
5732 6900 6900
815 5732 815
3009 3857 332
1230 1554 2700
113 2358 751
1972 3403 5811
644 5732 644
5803 7596 1243
4809 8011 6818
5732 7789 7789
1835 6204 6374
133 5732 133
1146 2117 7869
4103 5707 422
2189 6906 3063
1510 3228 5061
537 6044 3043
874 1527 7174
1606 7925 4551
3621 7575 3797
1603 7689 2983
286 5732 286
4870 6451 8154
1474 7621 897
3596 5321 5059
538 4038 6504
1081 7000 4437
3914 4328 650
2524 2763 6344
4271 5744 6684
787 3546 5915
5128 6692 1701
3580 5344 631
1501 2460 8136
1925 2147 5562
6288 7522 8093
1070 5732 1070
5372 5732 5372
603 5444 4588
3231 6417 4924
2011 5732 2011
2570 5732 2570
4351 7032 1225
2014 3078 1883
2050 7682 1391
3185 5732 3185
3997 7125 5881
1136 5634 2953
2995 4405 1249
2818 2949 977
5233 7254 7861
5932 7287 3544
315 7785 292
1514 5732 1514
2258 3932 7669
5732 5980 5980
5732 7861 7861
5732 6171 6171
1518 1792 6702
1345 7683 2293
1358 6343 2266
6338 8114 1933
3244 5732 3244
8024 8082 7447
3818 7545 1269
1201 3131 7103
5732 6609 6609
823 6823 390
4221 5732 4221
787 3705 5915
2080 3531 2526
1740 5324 5830
2920 8090 4218
5352 8137 6324
6604 6711 8171
2399 4550 508
4391 5087 6710
869 6086 6085
1630 3200 4471
2970 5746 3758
333 4472 7426
6849 8117 998
3650 5094 3564
2760 3737 2919
5 5732 5
1725 2694 4088
4356 5732 4356
630 7032 1225
72 1918 4423
1624 6609 764
3817 4017 7582
7 4534 2341
1089 5262 8117
4601 6579 3806
3316 6554 1153
5732 7957 7957
105 3578 7440
1419 2357 3412
731 3949 544
4049 7028 6012
2860 4141 5275
2890 5961 2487
1147 4762 3529
5732 7463 7463
7001 7561 1201
3605 4982 141
1856 3784 5072
231 7463 1844
607 2341 6386
3596 6287 5059
5261 7257 3853
5214 5273 845
621 1364 8070
7006 7859 6705
352 1948 3457
2610 7883 6521
4415 5185 305
1650 5564 2637
2188 6728 5237
3156 4237 3348
2303 7291 2282
4588 4843 5706
400 6510 7661
4618 6137 7062
2643 4268 2639
387 4724 1995
5160 7863 4885
4585 7873 5100
680 6113 7933
5732 6909 6909
1883 3193 1271
5574 5930 730
176 7990 5311
4367 5630 4419
1436 5626 4251
1963 7341 4102
1726 2858 3733
5732 7981 7981
115 4586 1129
1070 1106 1605
3441 5732 3441
1709 4629 3901
539 2475 3274
2809 6938 3065
1755 5644 7874
3596 5732 3596
4050 5544 7355
2361 5732 2361
1809 7024 996
1011 7744 6604
3170 7816 992
1648 1898 2415
248 7582 5164
2111 5732 2111
674 2187 2632
996 5058 5899
673 2260 6547
38 5732 38
5192 7293 4177
712 3564 6893
2462 5892 4849
990 2597 7207
258 4506 5902
3960 5732 3960
5313 5872 2544
1476 2378 4452
2609 3544 4888
755 5698 1521
814 2297 6823
4740 6902 126
2962 5732 2962
1061 4018 621
2726 5355 7128
116 2553 2522
2053 3398 1065
4919 6581 7089
2877 7252 2179
2131 2632 2753
1375 6982 4175
2734 5772 7331
91 3495 8074
3037 7162 6034
1201 4030 7103
5323 6375 6519
1113 7545 1269
1430 3335 3030
3506 5527 1846
2969 3498 1485
3989 6599 3136
6568 7437 2935
2846 7142 2204
746 2587 7846
26 2320 7029
7450 7869 1187
4898 5478 3213
326 5732 326
906 8165 7696
786 2788 2893
3556 7090 3573
1022 3973 3689
5438 6434 3933
3383 7823 3508
1857 7270 3980
5683 5706 6729
5732 8114 8114
1175 1979 2216
8010 8117 998
496 6005 7229
1933 6348 5607
3323 6615 8145
1366 7198 6150
2008 5171 2307
1737 5732 1737
2760 3894 2919
1101 7087 3936
419 5995 5293
4819 5437 2606
261 5732 261
4220 5574 730
2057 2179 2823
5050 8124 3804
889 5391 4015
1740 2301 5830
5548 6871 7437
2806 7567 5713
2106 5060 4099
4580 7759 4870
800 3486 7557
2393 3608 3633
1045 4440 2168
2502 5448 7673
6804 6812 3854
1325 7155 6229
682 3800 5114
736 1817 3810
4053 5791 2964
1924 4428 5437
5732 6620 6620
2141 7755 7008
217 5732 217
1391 4487 4229
111 2296 430
1191 1244 8017
1181 7827 552
3567 5491 1545
3287 5732 3287
592 3530 4526
6242 7001 1201
1405 6855 7257
3007 7508 1645
811 5140 7807
2179 5732 2179
2909 3098 5007
1873 6823 390
3924 6729 6989
2142 7619 7094
2180 6533 2613
498 6421 3744
3986 8051 2904
3076 5331 1177
944 7246 6353
4234 6656 1857
5732 7351 7351
2194 7130 3227
2675 6724 4914
741 1825 3487
57 909 6614
1038 7396 2673
995 1681 2866
3290 5732 3290
1985 5514 6056
5732 6177 6177
3853 7878 6470
5732 7777 7777
3959 6449 5547
1482 1682 2239
1751 7138 2909
4797 4835 1144
5732 7207 7207
999 5347 528
5732 7742 7742
1518 3351 6702
4519 7374 5146
3237 8061 1820
6604 7048 8171
1264 5535 4004
1021 5740 4795
6418 7447 3422
2845 7342 5512
173 5732 173
4407 5011 7351
4779 4888 7004
4093 4499 6449
522 4128 7303
1110 4760 7020
5380 6391 6676
1821 2962 934
6093 7366 3841
1453 1590 4841
859 1940 5039
3266 5050 3804
363 7870 4875
444 5732 444
2195 4032 2331
4562 7957 1266
1858 1860 4166
2679 7913 4050
4112 4427 4052
199 3844 3417
125 2644 2850
4016 4453 2299
4511 6729 6989
3394 3744 3952
1986 4661 1358
751 5732 751
1907 5851 813
914 6635 3009
1137 5168 6522
1660 2484 3112
5732 7289 7289
1143 5550 4130
5732 7972 7972
2500 3426 1367
2133 5899 2040
6350 7587 5303
815 7838 3661
1463 4437 467
2256 5732 2256
4164 6676 7796
5424 5732 5424
1028 7101 3893
5671 7033 2796
1418 4534 2341
5732 7085 7085
1787 8005 2592
3559 5653 7567
6034 7316 3809
1450 1551 353
3720 5862 2947
1212 7762 8191
2677 6068 7024
5341 7204 644
28 1728 6633
1812 7972 7241
2864 8062 2076
3350 4915 576
5950 6356 8119
4462 5732 4462
937 5136 4016
3049 5646 4646
913 5189 4315
2238 3237 1820
4132 5732 4132
1621 3310 218
5732 5816 5816
5127 7060 3835
353 4641 4336
3523 5504 5988
1042 5732 1042
1379 2676 1257
6636 6895 7517
5732 6599 6599
2473 5468 3943
2288 4667 6733
1546 8121 7918
7014 7080 444
3778 7095 1751
2791 5449 740
3029 3396 2936
5538 6985 7506
837 7684 6587
4387 7348 5763
302 3027 1078
923 1559 4098
403 5732 403
249 7040 2254
4477 7008 7056
2208 4949 7451
5289 5732 5289
4943 7425 592
1137 1566 6522
6520 7543 7162
1159 5188 6755
3926 3950 3915
1545 5732 1545
2857 6596 6620
2127 7866 3042
4625 5971 7422
4315 6591 4783
3603 6715 8114
464 5902 5408
5732 6921 6921
546 977 4603
573 2446 5616
938 3936 6127
1168 2641 6746
2566 3990 6467
2884 4544 5818
5810 6173 4170
1713 5732 1713
717 1312 5111
4385 7705 5364
5915 6758 4425
5732 6942 6942
1570 3009 332
4093 5108 6449
219 7552 5852
1409 5732 1409
128 2052 6785
3816 4186 4159
2619 3192 6936
547 6595 3967
2046 5453 5231
3510 6963 6068
2386 6018 625
2145 3523 5988
6857 7597 3738
378 2270 3264
5967 6387 2669
2657 5732 2657
1214 3799 114
3029 5732 3029
60 2307 6554
4706 5483 2447
1271 5732 1271
4759 7485 3786
5088 7887 2210
1439 2686 2197
1911 3134 5185
709 7030 5819
743 4894 714
1737 4879 7867
732 8074 1047
5279 6802 6121
3477 4133 3074
3355 6409 2330
2612 6673 4605
1932 7844 5777
5710 8103 7844
3851 4265 7420
4962 5101 3170
6785 7457 3403
4542 7391 7054
2642 3612 5026
6738 8186 2328
5732 5814 5814
2857 4379 6620
2119 7961 671
723 3679 5721
3296 6633 824
595 2341 6386
916 1303 4654
4857 7984 4521
5732 6663 6663
961 1590 4841
649 7570 7914
1287 6799 1709
7134 7590 5379
3632 7129 6368
845 2586 1042
3155 4848 3742
1936 3470 6895
2883 5015 7028
5732 5804 5804
2928 4405 1249
671 7995 7633
3144 3664 1021
1334 3770 883
2535 5657 3230
1480 1573 3203
6467 6756 3592
5732 7259 7259
801 886 4981
5732 6528 6528
5641 6230 3593
5379 6316 7970
317 4087 1860
3017 5732 3017
1782 3800 5114
5732 5949 5949
2328 5245 8065
2682 3104 5634
6594 7634 133
1181 8069 552
1189 6864 3600
1877 5732 1877
952 6111 5859
2874 4850 3476
2669 4692 5711
570 2487 6873
1569 6702 7166
2122 3095 7883
996 5361 5899
989 4725 3605
689 7796 4012
922 2144 6177
3420 4468 944
5732 5777 5777
2690 7374 5146
2037 5732 2037
3540 5732 3540
3019 7601 4904
5178 5729 1936
2471 4439 4745
3462 7720 1326
5597 7868 853
3480 3792 3747
2293 3336 1398
1330 5732 1330
911 4681 2657
1665 1930 5400
1242 2597 7207
1800 2327 4690
1864 7105 5707
2644 7297 2850
2226 5009 7515
2124 6547 7887
6634 6649 4440
3769 5039 5797
4754 7066 4577
520 5464 8182
1448 4416 3852
1505 1573 3203
5732 7695 7695
391 4526 7938
4037 5213 2432
513 7041 6173
1653 2420 4858
5732 6252 6252
1022 5745 3689
3724 4086 6943
2164 3482 7001
3308 5078 3549
3409 4157 6190
2942 6311 5710
2710 6256 3664
3255 4329 6208
6305 6932 1228
1250 7260 4829
707 7789 5248
4399 6924 5128
4307 6818 3653
66 6702 7166
2712 5732 2712
5100 7724 8192
751 1623 6544
3585 5938 7312
4581 6684 8062
5473 5732 5473
1675 8084 2545
3742 6742 1280
3344 3418 5595
4353 6579 3806
5732 5876 5876
5732 8122 8122
3009 6575 332
2458 3136 3376
3939 5250 258
2075 3885 5648
5732 7545 7545
1056 4048 6302
4441 4857 4521
6073 6610 1302
3663 6502 923
3318 5732 3318
5732 7291 7291
2725 4679 1159
2379 2410 6066
141 3646 6650
2283 2453 3111
7753 8151 1864
928 1996 4119
6444 6741 2837
3719 5119 4461
5732 7195 7195
2783 5120 6070
3523 5732 3523
484 1920 7916
1888 7422 917
5732 6579 6579
5141 7433 7989
4996 5357 1317
3449 4010 1464
2711 3685 2132
3185 7600 5468
4239 6302 68
4775 5200 2096
2497 6988 3752
1343 5732 1343
587 2534 2933
5949 6028 4936
2427 7099 4144
4637 6293 2990
4425 5732 4425
6037 7772 3467
496 4722 7229
1805 2777 5873
4983 7411 3416
247 5175 3010
5126 7216 717
5279 7031 6121
2171 6733 3990
411 1845 2433
130 4946 4823
3234 5645 5191
1852 4028 4591
2103 6157 2346
3573 6892 5514
1129 7282 3255
2950 7930 5344
4163 6231 4416
1968 3264 2223
28 5732 28
5732 6007 6007
2159 7733 6100
4422 8154 2055
460 4133 3074
1146 5909 7869
1926 5082 38
833 4435 5527
4223 5946 6487
1144 4672 4681
4563 7312 5829
2070 5115 3306
5190 6344 989
299 5145 3364
3274 5869 720
2523 5905 8170
5732 7307 7307
2347 4202 5844
884 2021 7720
1076 4265 7420
1229 3112 5342
5769 5898 120
1936 5732 1936
166 3362 304
4114 5718 1543
1435 5515 3498
334 2178 5355
6770 7948 2316
467 2306 7259
2779 5926 2478
1456 3051 7117
2653 4530 1666
3375 7054 5289
5732 7896 7896
1824 2049 7872
592 2394 4526
5340 7846 680
1983 5732 1983
4860 6215 7963
1919 4435 5527
7283 7554 3012
2293 4766 1398
1724 3516 3848
96 4525 2028
776 5522 2052
5732 8117 8117
998 2213 7066
3457 5732 3457
575 6975 5517
2217 7268 1490
71 7173 1397
73 4450 7522
2811 5346 4832
90 5732 90
3582 8119 844
6026 7164 3354
1088 1397 6712
1917 3964 2611
2581 5732 2581
5732 7440 7440
4170 4480 5323
1038 6834 2673
5230 7010 3333
6007 6631 1680
1716 5696 5693
40 3240 708
917 962 7994
4465 4909 115
6952 7538 7427
2390 3787 6000
5098 6913 5858
1935 3796 754
2606 5732 2606
2414 3243 3068
4098 7309 5718
2049 3684 7872
1864 5732 1864
4092 4935 5260
167 7681 8050
2910 3681 175
6295 6909 698
1504 3498 1485
1862 3145 6268
3227 5732 3227
7888 7929 5917
375 5732 375
1300 7298 7923
5065 5323 6519
5732 7142 7142
1862 5732 1862
739 1853 6615
2876 4678 7418
6038 6057 3531
2232 5732 2232
3378 5849 496
1540 5732 1540
5732 5746 5746
263 5045 6124
5097 5732 5097
5104 5732 5104
2668 7089 7749
1530 4229 28
1356 8077 3148
7162 7492 6034
1877 4235 2071
2700 6875 7834
2467 5538 7506
5196 7271 4751
6680 7791 6992
1946 4306 4127
3540 5684 3256
5559 6165 4517
490 7859 6705
4914 6107 6313
3244 5407 649
1141 2517 2188
4719 6440 1832
358 3211 2534
4804 5732 4804
508 5525 5471
5119 8027 4461
5225 6939 4128
5732 7421 7421
3452 5732 3452
6976 7921 4700
220 3934 4071
2669 2852 5711
6 2093 4610
3135 5289 7748
4893 7987 5214
2198 3406 5977
2854 3901 8162
3018 6024 2601
4812 5346 4832
2606 8134 6707
1210 2990 513
683 6950 5221
401 1209 7112
2699 6940 539
6668 7443 13
3720 7737 2947
3391 6633 824
1189 5652 3600
3797 4559 6294
4158 5732 4158
525 6925 7304
2182 2961 709
5776 6899 173
1398 1576 6931
579 7283 3012
1289 6538 536
194 5732 194
1174 1680 3711
5732 5829 5829
1296 4631 2766
5732 7969 7969
1861 4598 2785
5590 7777 4740
4695 5946 6487
23 4138 2723
5244 6080 5087
3264 6439 2223
849 3551 2655
4159 5732 4159
5255 8031 4618
756 1001 4255
2859 8173 6239
1808 2071 4573
170 3605 141
5732 5966 5966
2396 5357 1317
1246 6026 3354
13 1696 4530
5732 6781 6781
2363 6442 739
3787 5227 6000
7013 7876 217
4600 7133 3195
1299 1483 7090
917 4389 7994
4046 5139 4032
645 3137 7289
1694 5732 1694
3417 5781 2413
610 6496 7563
615 6920 3827
80 4010 1464
5353 7054 5289
1089 3046 8117
63 1485 7812
4652 7424 2508
2759 2924 6634
6175 7466 6862
5676 6095 5741
2994 4038 6504
3996 7943 1725
4604 5184 5045
1222 6897 6394
5362 7735 7479
1267 2673 5524
5829 5985 921
2731 4402 8076
2520 5732 2520
1399 1514 760
3425 7987 5214
4439 8020 4745
2595 2616 6073
1951 4605 3840
3196 3920 5949
103 662 1123
5732 6688 6688
5153 5331 1177
3049 3961 4646
3213 4961 4719
411 5732 411
190 7898 5297
3667 4410 6050
5732 6073 6073
2953 5423 2963
5811 6062 2147
890 6894 4637
3033 4398 5372
6330 7312 5829
426 2232 723
5732 5843 5843
3839 5859 2710
3118 4967 6444
1738 2519 6493
2354 7435 6925
7111 8111 5013
4849 7043 2734
3369 5505 6509
487 6819 6942
1491 4287 6624
2380 7325 2218
4394 6957 1456
3461 8055 3639
4829 5276 7991
5732 6034 6034
1465 2817 610
637 4521 4167
4669 7054 5289
764 2167 4833
2260 4900 6547
2875 7369 6402
5191 5506 4358
5413 6487 807
3341 5732 3341
5106 8108 7175
1797 7767 4020
3002 7008 7056
2544 8056 2062
6294 6865 5812
57 1760 6614
2457 7749 7634
3814 4442 4126
3315 4440 2168
4066 5733 6953
5310 7580 4635
2187 6236 2632
2444 8022 5854
883 2794 4667
3285 5704 3418
1340 2667 7742
7294 7867 3202
1223 6078 7695
3312 6830 1022
3942 6750 906
4056 8098 5624
5732 7846 7846
3333 7782 73
59 3958 7516
5648 5732 5648
1788 5570 6322
3201 7562 4873
1759 4503 2056
4293 5176 2159
3990 5732 3990
4919 5732 4919
1351 2725 1159
781 3776 4468
1125 4915 576
1260 2983 1081
3338 7438 7389
1649 6838 2857
1348 5069 3434
3886 7642 7017
6498 7296 7577
4465 5732 4465
5617 5623 5793
5237 8179 2760
107 3557 286
5945 7424 2508
2370 4714 3318
5468 5755 3943
4105 4474 4086
3584 7809 7717
440 5279 6121
5732 7899 7899
1429 2290 2528
1978 6804 3854
5192 5784 4177
1253 5804 6715
2897 4088 2827
2991 5767 1788
2433 6796 1739
3806 7665 2011
350 542 1662
544 2746 5286
5975 8036 1724
899 3087 3395
3087 5204 3395
951 7176 1540
492 1643 5469
7222 7389 1930
3978 5812 6118
2142 5732 2142
2601 4899 3006
2622 6150 2755
890 5732 890
6624 6651 5218
798 3661 5953
1317 7494 4678
3513 5216 7096
2090 3481 241
1199 3310 218
375 5406 7374
992 5732 992
5732 6231 6231
3289 7678 411
5133 7130 3227
4698 6713 5279
2866 7879 2883
150 7441 6494
1321 4158 738
2292 3227 6061
7673 8169 898
1501 5732 1501
5731 6038 3531
441 7045 7033
1558 2812 6502
1637 6699 5347
488 1645 3643
2465 6309 387
5764 7089 7749
2383 6650 7290
6932 7379 1228
726 3431 6411
2352 3175 660
1630 5732 1630
508 5732 508
5732 6908 6908
2673 6247 5524
1999 4521 4167
3066 6663 43
4914 7459 6313
194 4459 4665
2316 6262 1287
5732 7980 7980
4851 7351 278
1524 4912 6380
1646 8137 6324
6153 8172 6089
2197 5732 2197
2219 8162 2802
1392 2254 5603
2551 5780 3436
5405 6121 7283
3384 3922 7329
5159 7891 7291
103 3717 1123
43 3141 4919
645 7574 7289
1650 3219 2637
666 1244 8017
5614 5732 5614
5608 7289 3164
7266 7624 8051
912 3278 1682
5732 6039 6039
1854 5732 1854
5732 6302 6302
784 1801 7727
2827 3815 347
2646 3434 2268
461 6598 6015
2143 5392 1137
6769 7906 40
4985 5043 4609
5921 5951 6424
1709 2621 3901
6296 6948 5746
1748 3042 7266
2399 6653 508
5743 7539 973
967 7896 6457
1023 7314 1554
2244 5732 2244
6331 6504 367
1420 2106 4099
5222 6998 7528
335 5293 6511
3003 5491 1545
943 5141 7989
5654 5655 1416
1303 5732 1303
5604 5917 7063
1927 2046 5231
1385 5028 400
672 2551 3436
4865 5732 4865
2649 2986 3406
2996 4863 7873
3331 3447 5587
650 5263 1372
5129 5834 7755
1173 6904 830
1402 3958 7516
2847 5498 3290
4209 5732 4209
1581 2311 597
5228 6785 3403
1171 6531 2712
3845 6656 1857
1409 4189 6382
2119 7909 671
2081 6231 4416
1713 8183 5948
2700 4742 7834
808 6724 4914
217 3083 4287
1105 6372 7911
1029 8033 1643
2210 5732 2210
3494 4603 6982
3969 6118 3723
1523 6843 1384
2007 7200 2589
3637 5732 3637
1015 6095 5741
1680 5474 3711
3729 7861 7863
644 2833 2173
3720 5831 2947
107 2163 286
2330 7657 350
740 4910 7596
2253 7033 2796
5129 7979 7755
3000 3853 6470
747 6660 6223
4088 5732 4088
6815 7952 1565
865 2927 2274
75 3905 6762
3185 4867 5468
3554 6382 5473
385 2784 5885
2034 4706 2447
1193 8054 1878
5627 6817 5196
5441 5732 5441
2483 5732 2483
1556 3925 5523
467 6042 7259
33 1290 5357
629 1380 654
3533 5732 3533
4513 4603 6982
85 6081 3341
1683 3911 2244
2654 6373 2515
1060 6712 613
3421 4166 5966
2028 3993 5980
5732 6814 6814
1803 2945 3474
3650 5991 3564
2913 5655 1416
4958 7943 1725
1097 6070 2161
2386 5732 2386
2710 5699 3664
2611 5732 2611
1506 7037 72
2741 2938 2349
5467 7876 217
4886 7914 1590
1518 5732 1518
210 1207 2875
851 6103 600
4084 5829 921
288 2912 1514
76 855 1862
234 5732 234
1911 5666 5185
3208 6578 5729
4054 4315 4783
2989 5135 2248
1826 4007 3054
1654 3291 3018
5732 7063 7063
853 7165 1911
5732 6099 6099
3297 5732 3297
871 5127 3835
515 7062 2842
929 1404 5870
4759 5732 4759
2289 3221 5597
1651 7231 3228
5732 6614 6614
5732 5932 5932
157 6729 6989
5732 5793 5793
3100 3125 8031
2556 4348 3543
2177 3324 2553
2435 5158 6598
3810 7743 4657
3988 7807 1816
1022 2442 3689
5732 8050 8050
1796 5732 1796
1481 3916 1036
7818 7863 4885
657 3997 5881
4088 4543 2827
2343 4004 5821
2734 6841 7331
2099 7914 1590
2256 4902 113
5977 7131 1212
3313 7888 5917
2006 7828 2551
924 5933 3966
449 7834 5159
5521 5843 7058
3354 7931 7876
1331 5428 6948
1503 7062 2842
2096 5732 2096
7567 8132 5713
768 6393 1122
155 1157 7681
2204 5516 8113
625 2975 5556
7467 7789 5248
4183 4884 2570
4849 6117 2734
1103 4167 5121
1089 5756 8117
437 552 4038
1421 6198 4661
3017 7817 4111
94 6479 5396
5362 6272 7479
1330 8157 2879
544 5732 544
4933 7158 4361
6243 7938 3947
3835 5687 375
2837 6739 2361
4233 5072 5139
6133 7418 3799
4425 4651 7778
3892 5244 5087
6402 6608 3623
3600 3611 5356
5874 6620 2395
3650 5585 3564
4670 7688 1443
2926 5042 7676
7428 7479 5401
5297 5806 3361
3564 3992 6893
4358 6275 746
1343 4619 6281
1415 8071 4860
1047 4811 1541
1784 6936 6170
89 4286 5236
1679 6382 5473
3167 6414 5680
3806 5922 2011
5732 6323 6323
1030 6910 3308
2465 6632 387
835 4623 3630
838 4865 2424
656 4870 8154
2504 2933 3156
1165 7169 7688
5815 8099 3381
3532 7555 7943
758 5711 7232
685 6840 6647
1281 5236 7101
237 6353 3958
1220 7241 6063
4177 6094 7390
646 5844 4221
4374 7682 1391
6522 6771 1290
1545 3677 1555
1241 8084 2545
1384 5732 1384
2188 5732 2188
154 5331 1177
1820 2295 3584
920 6459 1801
282 7522 8093
2056 3820 2651
2983 4297 1081
2223 4074 6709
1587 2860 5275
3486 5732 3486
3583 3623 6843
5915 6450 4425
2142 7007 7094
261 772 4967
3983 6708 5828
1992 5535 4004
879 3157 2961
2991 7075 1788
2062 3110 5115
1563 8080 7263
1721 1983 5092
4760 5712 7020
3476 4288 3254
3308 5732 3308
4038 5732 4038
3586 4448 37
2377 3481 241
5732 7516 7516
783 5457 2211
99 7957 1266
5732 7101 7101
852 5852 5778
1522 5225 4128
1406 2433 1739
2753 4455 5958
5732 6842 6842
2858 8180 3733
2095 3804 7539
1605 6545 6533
250 1263 6999
4062 5100 8192
1276 2270 3264
5494 5732 5494
175 6752 5435
3549 7967 4132
2348 6362 5594
2279 2420 4858
2132 8019 3201
144 6853 8071
5 3595 3912
1705 5732 1705
2048 4134 7129
4102 7064 2151
1315 5732 1315
4137 5147 6134
4273 6431 7460
7290 7656 1714
1768 7353 2497
5135 5732 5135
283 1681 2866
3252 6620 2395
5689 5732 5689
3327 6570 3525
2526 5732 2526
1357 4541 7244
3381 7996 6688
2459 2639 639
2525 3376 726
1303 1437 4654
1336 2712 5098
3544 4298 4888
5732 5858 5858
883 8106 4667
3082 5988 1342
2047 6992 3962
1961 5594 7575
4129 5396 2462
5391 5732 5391
2228 8023 6427
1407 4928 3949
2450 2620 6781
1225 4772 1335
5540 7028 6012
5732 7696 7696
212 6174 4571
6332 7495 7866
3060 6983 6158
1360 4071 6563
5732 7134 7134
2017 2183 2270
1804 6733 3990
1710 6874 4356
1490 5732 1490
2519 6888 6493
1982 3849 4007
5732 7008 7008
1309 4914 6313
2398 4833 2119
1006 4460 4383
3017 7707 4111
3353 7784 2027
3004 4948 2973
1819 5623 5793
850 5537 6660
6268 6593 1737
4859 5899 2040
3436 5486 5439
5805 7727 1209
6281 7472 4534
2045 3586 37
132 6156 6037
2348 5732 2348
1129 5732 1129
4251 7632 6505
4465 6463 115
242 7443 13
137 7778 3731
3201 3368 4873
2402 3234 5191
1723 6433 2581
2327 2593 4690
1120 5763 2283
2973 4494 187
1154 4020 5872
3136 6379 3376
3450 5396 2462
35 3412 2840
258 2431 5902
5165 6731 6857
1042 2795 4398
5223 7911 4496
5034 6067 6311
527 8164 5444
965 2305 7993
1007 4102 2151
3440 5472 2191
6111 6160 5859
2584 6922 6387
1801 7571 7727
4108 5174 3208
2637 6734 7182
4654 7630 6744
2111 7615 6804
296 6190 7254
684 3570 2236
658 2755 6228
2040 3895 7421
1298 4649 6193
4128 6529 7303
512 4981 7958
1280 1939 144
904 2451 756
3337 6422 5663
3078 5084 1883
2583 6397 2419
1851 5212 1404
57 4952 6614
1017 4571 884
3254 7636 215
2526 6250 2408
90 6315 5846
5007 7892 5135
1069 1831 2338
644 4352 2173
1213 6598 6015
836 8070 5119
2371 2947 7641
5057 7923 2046
1742 6880 3953
6254 6509 1299
6278 7185 3586
5442 7661 4417
175 7159 5435
940 2595 6073
5732 6676 6676
6063 6148 2851
1228 2557 8036
4320 4667 6733
6612 7056 3353
326 1520 8133
5239 5749 6570
3314 5338 3440
69 1700 3770
1791 5732 1791
2875 8038 6402
4325 6688 7987
1869 6323 1368
1778 7184 3185
3474 5732 3474
5819 6565 7613
1109 6617 2037
2411 5732 2411
2001 3525 6861
2083 4364 1315
1983 6413 5092
315 1667 292
6220 7213 6975
5507 5885 4922
1635 3925 5523
2535 5732 2535
3014 5044 2678
1181 5732 1181
6924 7841 5128
3976 6656 1857
2785 6029 5623
6927 6973 6609
336 4744 1
3855 5776 173
1454 6323 1368
2164 6513 7001
1944 5732 1944
6401 7963 6656
4883 5581 5166
367 5732 367
3253 4404 4312
926 1436 4251
5958 6363 6357
1378 2354 6925
4425 4839 7778
1547 6177 1075
1852 4153 4591
3540 4065 3256
5732 8011 8011
1478 8093 5798
915 1238 3095
5732 8154 8154
3500 5517 849
1662 5732 1662
1072 5732 1072
2906 3933 6421
1833 4017 7582
973 5732 973
2155 7080 444
112 7913 4050
2346 6813 4265
2488 3474 5563
3422 6096 3778
5596 5885 4922
5351 5732 5351
1440 8087 7342
5236 6282 7101
5757 7633 3157
6982 7188 4175
2210 2489 1648
785 4933 4361
4719 5732 4719
6152 7969 2635
2149 5632 6645
1205 5578 1606
3508 5910 7106
751 6687 6544
5121 7723 3699
3049 6878 4646
1743 5297 3361
7307 7775 1306
730 6661 210
81 5732 81
2501 6276 6880
816 1705 4621
6944 7174 4435
2951 8162 2802
104 977 4603
1846 4773 4293
287 1464 6738
348 2273 5281
343 6059 3748
2522 5528 886
6206 7430 7621
1303 3325 4654
4985 5848 4609
844 5732 844
970 973 874
1019 7331 5814
5870 7811 7210
3628 5704 3418
5732 5830 5830
209 5281 1649
68 7203 3441
5842 7217 5933
4410 7946 6050
1042 4208 4398
2027 2732 2986
901 7958 2731
4443 5071 7921
1050 1451 3481
5114 5573 3104
70 3893 5009
5799 8098 5624
1090 6086 6085
5545 7383 4474
6150 7976 2755
13 5285 4530
286 3765 6292
805 2639 639
3748 6629 3049
5311 7221 1450
5257 5732 5257
3297 5385 5332
7445 8126 5271
5035 6373 2515
5732 6165 6165
2248 4019 6664
847 3440 2191
267 1844 2991
2196 6893 3452
2440 6022 1885
1839 2916 5296
1971 3376 726
982 6688 7987
119 259 3578
6205 7717 5017
198 2522 886
7091 8022 5854
5928 7029 5698
1714 3859 684
3441 4590 7252
516 3474 5563
2393 7170 3633
4815 6167 1056
3708 5231 6599
5732 6306 6306
5732 6374 6374
7542 7674 6026
5732 7575 7575
905 8102 7705
956 4484 2512
4396 5980 7410
2611 3347 7616
3478 4858 5192
2999 6306 6699
2839 7933 1746
3587 3843 2535
5732 6050 6050
24 4691 8089
5710 5732 5710
5732 7506 7506
740 4545 7596
5873 7837 3426
558 620 3169
2695 4115 1946
3600 6868 5356
4827 5828 6675
3694 4275 3960
2235 2715 6579
6928 7328 2922
409 2484 3112
132 7826 6037
4832 5732 4832
3900 6472 2347
1539 5816 5256
3159 4782 3160
2911 5512 5307
2221 5961 2487
234 6314 4969
1720 4570 7969
143 2244 1935
184 1699 629
4440 5732 4440
2177 5732 2177
2904 5432 3518
773 7327 6940
77 4616 5391
1072 6369 103
5428 6809 6948
1817 4532 3810
1386 1739 4807
3243 5732 3243
4340 7505 3706
4665 5041 111
2164 3119 7001
2796 8123 2106
4295 6970 4508
1225 5446 1335
4822 5732 4822
250 5732 250
197 2714 3244
1795 2648 7777
6911 7521 4848
3864 6521 7980
3133 3930 7532
2260 7416 6547
1885 1945 1205
4118 7923 2046
3828 6497 8096
4146 5537 6660
1900 3088 6745
4514 5844 4221
2678 3819 6164
4022 4273 7460
1876 6065 2418
3785 3953 6306
834 1201 7103
5026 6399 6342
1181 1842 552
3012 3649 2916
3149 5933 3966
2024 3911 2244
3701 3912 7307
2697 5978 6769
3223 5732 3223
452 1930 5400
763 7626 5926
5732 7812 7812
3121 3728 4930
5053 6904 830
469 3268 6639
5229 7768 7169
5450 6724 4914
5732 7066 7066
292 1962 4328
6349 7180 1639
3983 7945 5828
3458 5401 4804
5732 6159 6159
3010 6115 5070
3043 5732 3043
3407 5732 3407
2094 3836 1332
3722 6002 7328
5732 6788 6788
5377 7603 4871
508 5651 5471
5523 5732 5523
602 5372 4410
802 5749 6570
2736 4294 4405
5230 6455 3333
2590 7640 89
3338 7452 7389
872 4251 6505
2929 3744 3952
3055 4132 5716
6509 7150 1299
6135 7873 5100
2592 5294 1915
4310 6121 7283
955 5468 3943
3223 7611 561
201 4718 877
361 5711 7232
5732 7189 7189
4457 6441 7521
181 2252 6963
173 2661 3861
4015 5571 4209
2411 6378 3597
5732 6037 6037
5265 7038 2348
2695 3746 1946
5732 7389 7389
906 2762 7696
1574 3915 6840
5291 7389 1930
3043 6791 2784
1145 6511 197
2451 4388 756
1735 8079 763
1021 5732 1021
4227 7633 3157
471 5444 4588
3637 7360 3384
3794 6801 7896
1788 4481 6322
2039 4479 5351
40 4974 708
3127 4799 2499
305 3527 7920
478 1258 7631
3602 5732 3602
1746 2294 3624
3370 7843 5359
4053 6235 2964
3876 5398 6119
2438 7210 6817
6422 7419 5663
2819 3980 2818
297 4833 2119
3883 4814 4442
1598 1828 3262
6527 8192 5738
3171 3376 726
3389 6494 1572
2236 7983 6171
4229 5456 28
5802 6580 6918
2710 5732 2710
5732 7429 7429
5166 6126 1777
1668 5563 7260
42 597 4465
1998 6688 7987
5732 6355 6355
917 5732 917
5260 6716 892
1382 3227 6061
2702 6398 1573
208 3287 5537
3693 4863 7873
3057 5846 5992
5297 5732 5297
3095 4036 7883
1066 5966 3196
2561 5275 1298
2515 7354 1940
2986 4647 3406
2256 6550 113
1284 3508 7106
718 8104 1720
2168 7380 7443
2391 3584 7717
3954 6494 1572
4023 4398 5372
5070 5621 3694
250 6926 6999
2058 4957 777
4264 4930 3172
5732 5953 5953
149 218 4604
4991 6159 4564
5121 7025 3699
5732 6353 6353
4798 6943 1598
2626 7420 2676
4259 8140 8100
5841 6624 5218
2785 5732 2785
5360 5665 3291
5530 7749 7634
854 6230 3593
340 4431 2482
6699 7102 5347
4858 5732 4858
5732 6511 6511
4673 8070 5119
1723 5997 2581
4169 6394 1189
1507 7049 3121
4119 5427 6538
2497 4330 3752
892 5732 892
1820 5732 1820
1111 4461 1577
4883 4954 5166
7127 7334 7794
855 7088 1862
2796 6974 2106
1456 3606 7117
7302 8109 6252
4472 7835 7426
4500 4539 244
609 7641 728
5732 6127 6127
3139 4170 5323
2164 5732 2164
6719 7479 5401
2718 6050 2465
1031 3952 3540
1139 7334 7794
4303 5292 1023
3578 6263 7440
2872 7301 7620
600 7264 2924
2173 7449 4439
827 1632 2730
5576 7974 6202
1087 5512 5307
2056 5732 2056
114 891 1185
807 5732 807
3963 4501 939
5732 5735 5735
2953 6682 2963
3239 7517 132
1423 5307 1755
5732 6424 6424
3665 7427 19
3906 7676 887
1313 3416 6906
5694 7460 4318
954 3017 4111
3349 3511 469
98 5344 631
293 7899 856
2065 6660 6223
1443 5402 1069
224 4832 774
2062 3917 5115
1393 7881 7424
387 7766 1995
6704 7366 3841
1543 3229 3355
2297 5481 6823
5101 5650 3170
3018 5732 3018
1730 3417 2413
2840 5732 2840
4529 6619 176
453 827 2730
1329 2462 4849
4762 7760 3529
1348 5732 1348
2952 5159 7291
5732 7943 7943
4148 4850 3476
1636 6437 4404
4759 6555 3786
4015 7002 4209
887 5817 7334
2775 5732 2775
2482 2781 3513
3416 7954 6906
2519 4179 6493
948 7112 2456
923 1775 4098
496 5732 496
380 3071 1168
2060 5092 4912
4717 4911 1487
908 7207 4152
2004 6124 4959
258 5489 5902
3653 5732 3653
4492 5011 7351
882 5584 3932
2161 4897 4698
4665 6559 111
2875 5732 2875
6684 6789 8062
1628 4922 4580
2069 3955 1877
2405 8171 62
597 3273 4465
4661 5732 4661
989 5732 989
178 5171 2307
778 6707 958
1714 4338 684
1205 5809 1606
5414 5659 3904
1761 5830 1038
308 2539 1308
3312 4078 1022
5732 5798 5798
2323 8113 7184
5732 7580 7580
2574 7896 6457
6835 7531 6020
3445 5024 1889
1666 6954 7580
4419 4960 6289
5134 7200 2589
1376 5439 6814
7395 7560 1716
3348 6203 5946
1658 3592 3720
1132 7970 6459
72 2339 4423
5309 7748 912
3078 4025 1883
3868 5797 928
1753 5732 1753
2143 5732 2143
2307 7305 6554
14 3525 6861
6324 6701 1314
5732 7117 7117
7333 7647 228
354 2802 2620
459 2395 6417
4468 7860 944
315 5732 315
3464 5189 4315
5718 7337 1543
907 1457 3029
4740 7853 126
2088 3063 3243
2885 5238 57
2499 2664 1854
5732 7290 7290
81 4789 3237
6129 7859 6705
1684 3967 3800
1606 5732 1606
2211 2750 4158
2753 3783 5958
3532 6238 7943
168 649 7914
4015 4639 4209
4708 4833 2119
1997 8113 7184
5587 6616 5
849 5732 849
6973 7234 6609
2879 6307 6240
779 2715 6579
5122 5732 5122
3162 4356 2957
5634 5732 5634
2640 3224 5491
715 6169 336
4654 5555 6744
1540 5150 5449
2807 6067 6311
2869 8162 2802
1142 4883 5166
1798 2545 6679
5758 6223 7543
5732 8079 8079
2037 2958 2912
4739 7111 5013
3692 7442 1931
1771 3787 6000
3011 7020 5766
454 5664 1600
647 2286 4001
343 5954 3748
316 8076 1426
1764 5248 4213
1011 1221 6604
701 5858 545
6356 7491 8119
1326 7573 6404
826 6948 5746
3469 4616 5391
1644 5960 4933
4860 6605 7963
1506 5461 72
16 3602 5515
1495 3160 1072
856 4190 2524
3113 7094 90
2311 7599 597
2656 4602 5257
2311 5732 2311
3414 5624 4726
3007 5412 1645
2186 5797 928
5732 7062 7062
2463 6963 6068
3944 7955 254
23 256 2723
4012 5732 4012
97 3452 4087
5732 5977 5977
660 4803 2297
39 7993 1852
4675 7117 3698
1518 6968 6702
1261 7659 5023
1689 6067 6311
2866 2954 2883
6755 6979 4850
3797 5349 6294
3099 7463 1844
748 853 1911
5851 7593 813
3335 5732 3335
2624 6368 3338
5861 7563 2378
1310 5732 1310
6618 7518 1222
863 1348 3434
727 1342 2410
2092 8120 4542
3715 6278 3586
308 3627 1308
5603 6333 2540
2790 5356 2974
1532 2348 5594
3853 4746 6470
3214 7087 3936
1533 4770 3647
5435 6792 3997
2625 3406 5977
5135 7951 2248
5534 5988 1342
3203 4510 2775
884 5732 884
1598 5732 1598
2283 4466 3111
818 3901 8162
2125 3915 6840
2346 4800 4265
5070 7905 3694
6328 6673 4605
959 3784 5072
1883 7857 1271
1935 6329 754
1082 7252 2179
2009 6750 906
4242 7538 7427
49 2823 5749
1583 6193 5448
832 8130 2121
1226 5100 8192
7442 8127 1931
5732 7676 7676
989 1664 3605
950 5391 4015
3300 8077 3148
2254 2670 5603
7437 7497 2935
193 4218 8080
2454 7981 7155
3515 7406 326
4284 7228 4340
5716 6863 1238
4052 5073 1548
3698 4447 1330
4865 5095 2424
1801 5732 1801
3074 5732 3074
4136 7741 7111
2277 3160 1072
964 3861 7429
698 2417 4706
5732 6604 6604
644 5378 2173
4419 4881 6289
3916 8048 1036
5995 6286 5293
6472 7208 2347
3824 5629 7285
4127 8088 2788
2191 5732 2191
3836 3878 1332
2943 7993 1852
1427 3111 4037
2361 5282 1659
4076 7957 1266
3065 5732 3065
1690 6598 6015
4677 6493 2520
751 3948 6544
2243 6880 3953
310 2508 6222
328 2847 3290
1561 3723 2860
32 6554 1153
6474 7538 7427
2231 4099 6159
4361 5732 4361
5929 6052 3515
4753 4782 3160
720 5783 6663
1003 3925 5523
1531 5601 7859
790 1302 1671
3884 7673 898
1862 7512 6268
148 7901 5978
1801 2114 7727
3434 3522 2268
3473 6712 613
5732 6932 6932
5732 6785 6785
4495 5732 4495
5732 7747 7747
3827 8187 5871
856 7514 2524
2964 6576 3925
4856 5448 7673
4130 5203 5229
3405 3733 2519
1590 6912 4841
469 6069 6639
5465 7004 81
1836 7126 8121
3142 7933 1746
2894 5017 3533
493 2748 6276
2384 3104 5634
234 2507 4969
5512 5732 5512
3205 3208 5729
896 2338 1303
1805 5732 1805
1789 5814 5632
794 4495 107
7653 7953 4134
1357 3174 7244
5616 6761 6157
4981 7317 7958
1669 7991 7913
5721 5877 6541
5732 6762 6762
7695 8150 4844
4508 5760 6297
4561 6170 875
5372 7763 4410
2228 2680 6427
2704 4231 5987
1067 8062 2076
2723 3505 7602
2914 3088 6745
1960 7112 2456
6098 6626 7198
2031 4965 2614
2037 7805 2912
199 366 3417
2700 5519 7834
241 3874 822
4434 5308 4691
144 7649 8071
470 3778 1751
2691 5733 6953
1815 1846 4293
1123 5701 1445
6615 7840 8145
4965 7558 2614
3773 4871 2354
351 1716 5693
400 1247 7661
5597 5732 5597
3256 3566 3849
205 2919 7617
3784 6667 5072
2305 5732 2305
1064 3067 5089
5511 7989 2517
2801 2837 2361
1044 2542 4782
3195 6987 1651
3786 4429 4544
2676 4854 1257
4027 5776 173
1718 4162 4284
139 4573 5769
821 5017 3533
3025 6190 7254
4398 5963 5372
4312 5732 4312
5470 6940 539
7081 8080 7263
544 7448 5286
4209 5348 6595
2673 7710 5524
5112 5802 6918
107 7959 286
5732 6660 6660
6519 6586 5424
853 1807 1911
2666 6063 2851
4774 7254 7861
4318 5732 4318
1486 5732 1486
4522 6929 7881
1934 3963 939
1931 2813 4928
585 7683 2293
5732 8070 8070
777 4913 1343
897 6821 1171
4134 5732 4134
3643 7704 3299
4186 6361 4159
345 6112 6217
3752 7197 4428
2506 8185 3034
714 6484 5640
5732 8036 8036
486 7192 6398
5732 7517 7517
3230 3789 5180
2634 6056 5971
3949 4612 544
4177 7340 7390
1107 3698 1330
988 7210 6817
6191 7001 1201
2891 6744 8151
1991 5732 1991
7813 8033 1643
1156 6637 3764
1023 5894 1554
1603 6011 2983
2370 3267 3318
383 3163 5024
4516 5515 3498
1860 4090 4166
5732 7543 7543
2084 6738 2328
5732 6983 6983
4609 7556 494
2389 6119 6230
3390 5236 7101
2918 7038 2348
4161 4336 3654
4898 6186 3213
1473 4423 4273
3904 5732 3904
2039 5602 5351
4592 7970 6459
5588 7198 6150
3004 5732 3004
5891 6835 6020
1791 8001 2373
892 4579 3369
3058 5210 7453
1946 7373 4127
2268 7722 7173
1620 3624 7952
3461 5732 3461
2896 7099 4144
792 7861 7863
3573 5709 5514
2130 3498 1485
3103 5466 5398
3299 3433 8022
5771 6089 1902
3006 5679 5849
7291 7378 2282
2305 3222 7993
344 4885 7216
3750 6764 5802
1184 5941 1244
4783 8159 7680
5214 6997 845
5814 7321 5632
5138 6061 5742
2381 3694 3960
346 6124 4959
4710 4971 6528
2347 5732 2347
169 3170 992
2599 2755 6228
2623 6505 1006
5616 6847 6157
4212 4631 2766
5732 6509 6509
2802 6981 2620
5279 5732 5279
2364 2817 610
1963 7830 4102
3096 7796 4012
3695 6755 4850
5306 6162 4822
4159 5722 4137
306 6037 3467
1552 2635 6095
783 1167 2211
3286 7587 5303
2528 7454 2440
372 5607 7503
2723 6740 7602
572 2218 4781
4737 5146 7653
5813 6268 1737
7513 7664 2686
4326 5289 7748
2328 3730 8065
2933 5116 3156
5075 6347 5776
9 3043 2784
5260 7975 892
1964 2629 4438
2842 5434 2748
3804 5732 3804
26 5732 26
1456 2737 7117
1577 1733 6842
679 730 210
412 6068 7024
2638 5958 6357
1906 5926 2478
5192 5415 4177
479 1308 191
2803 5322 6617
5240 5574 730
5417 7404 6165
5597 6233 853
2497 6803 3752
1404 4805 5870
1479 2027 2986
5732 7366 7366
1541 5732 1541
5196 5732 5196
846 2842 2748
2412 8154 2055
5935 7916 184
2563 6142 2847
6441 6491 7521
1315 2353 7647
5871 7622 6717
4324 4685 6323
1938 7436 1723
3010 8002 5070
2228 4339 6427
877 3077 993
1416 7715 6437
2674 4167 5121
6721 8005 2592
484 3568 7916
5732 6444 6444
186 6658 396
5732 7538 7538
5732 7026 7026
4106 7653 4134
2748 5732 2748
1973 5087 6710
5732 6963 6963
3369 7156 6509
3707 4936 7957
5600 5664 1600
1030 7072 3308
1306 6885 5129
4733 6904 830
234 5350 4969
5732 6840 6840
2660 7680 6921
3873 7229 7195
939 5732 939
175 5732 175
1844 2828 2991
6519 7822 5424
2282 5860 1805
4013 4230 1948
2151 2468 250
3359 5732 3359
2788 5732 2788
1655 4690 2736
5532 6400 3944
3012 6021 2916
5251 7495 7866
586 4136 7111
254 4085 1705
793 4523 5071
1153 7046 6206
4059 8156 3386
7300 7696 4256
2298 7669 7204
1829 2410 6066
3172 8052 3335
3648 6411 308
4767 5311 1450
3194 5244 5087
730 5732 730
2204 3576 8113
356 810 3548
3733 4380 2519
207 7432 2597
68 2541 3441
5670 7577 3963
2685 5732 2685
2780 4496 1796
1279 1413 5464
6511 7862 197
902 3030 3088
1342 5903 2410
6438 6918 2111
6862 7256 5614
1127 5355 7128
4001 5732 4001
3795 8074 1047
2056 3122 2651
3184 5800 882
2369 6134 7092
958 1970 3247
6427 6655 6498
5547 5732 5547
2097 8076 1426
831 5497 302
15 7403 2627
356 2988 3548
5732 6871 6871
5732 6615 6615
979 7911 4496
3941 5766 1786
849 8141 2655
2119 2350 671
4225 6443 2187
2872 3024 7620
4549 6417 4924
280 5520 2098
507 4468 944
2708 7329 7395
2104 4108 3208
3541 7195 3547
37 1354 4946
396 4123 5377
2606 4408 6707
1121 1944 6086
4255 5732 4255
225 5732 225
5732 7442 7442
2239 2886 5497
2076 2907 4136
5275 7205 1298
5797 7003 928
7110 7631 1825
1639 5003 334
1589 2878 483
4876 8077 3148
894 1521 534
2423 3958 7516
4485 7032 1225
1135 2945 3474
3401 7453 3983
3485 6119 6230
425 4059 3386
2216 2835 3916
2947 5732 2947
4355 5680 4957
5923 6626 7198
3424 3861 7429
450 3664 1021
4662 5400 4100
6652 7106 5175
3518 5732 3518
5055 8151 1864
824 4184 5744
3045 5576 6202
183 4176 7683
696 4957 777
4283 4646 6132
4576 7866 3042
1335 3882 1768
215 5463 7463
2927 4595 2274
2032 7794 3523
1385 7711 400
1434 2216 3916
2808 4603 6982
1517 3573 5514
300 2840 7176
3548 5832 5011
1555 1893 7674
3256 5328 3849
3395 3459 4515
2644 5732 2644
6880 6978 3953
6224 6230 3593
1432 4770 3647
4903 6100 3289
2766 5732 2766
5289 7529 7748
1275 1772 4010
2992 8065 6441
1187 6300 261
5089 6606 4983
494 5732 494
1254 3886 7017
811 5163 7807
2548 7516 7323
4668 6936 6170
1006 1512 4383
254 519 1705
4051 7861 7863
2418 6423 7032
4539 4671 244
3112 5732 3112
3293 7899 856
