512 27504
289 349 286
16 375 16
2 4 2
133 345 130
205 442 202
367 412 364
431 454 428
81 463 78
249 484 246
47 444 44
22 295 22
154 328 154
260 339 260
338 500 338
287 322 284
244 349 244
24 362 24
263 490 260
29 352 26
15 112 12
83 264 80
131 434 128
141 342 138
139 280 136
109 346 106
76 226 76
226 480 226
321 469 318
153 464 150
154 195 154
357 489 354
26 502 26
381 466 378
373 386 370
31 167 28
105 123 102
358 498 358
69 294 66
68 357 68
181 407 178
223 364 220
88 113 88
217 369 214
333 478 330
117 389 114
8 87 8
177 455 174
183 500 180
9 70 6
48 102 48
21 498 18
19 373 16
301 468 298
130 435 130
293 370 290
8 257 8
391 499 388
270 296 270
52 387 52
58 307 58
103 134 100
319 483 316
50 72 50
437 473 434
263 436 260
249 433 246
471 480 468
63 505 60
64 288 64
79 197 76
166 266 166
421 466 418
253 271 250
78 326 78
20 238 20
261 311 258
355 361 352
34 284 34
127 306 124
10 505 10
99 306 96
372 409 372
364 365 362
377 453 374
68 218 68
9 310 6
3 299 1
345 454 342
114 200 114
370 494 370
251 501 248
244 294 244
152 258 152
359 489 356
47 119 44
353 487 350
236 376 236
233 446 230
63 132 60
73 155 70
113 321 110
172 204 172
317 468 314
27 418 24
120 199 120
363 401 360
83 123 80
62 432 62
172 304 172
4 51 4
352 412 352
445 465 442
66 409 66
16 157 16
20 67 20
473 483 470
173 425 170
106 414 106
75 343 72
397 433 394
307 390 304
138 197 138
310 367 310
415 448 412
36 90 36
67 350 64
312 313 310
2 11 2
84 85 82
90 151 90
215 456 212
299 369 296
210 301 210
233 293 230
475 476 472
4 336 4
397 439 394
283 453 280
117 335 114
89 133 86
73 288 70
33 367 30
409 507 406
151 474 148
238 308 238
184 198 184
57 451 54
7 171 4
12 373 12
237 346 234
322 336 322
132 270 132
131 384 128
16 23 16
44 316 44
221 468 218
355 499 352
25 92 22
40 163 40
155 512 152
289 379 286
403 432 400
87 144 84
189 367 186
125 512 122
149 276 146
206 296 206
305 509 302
221 396 218
261 369 258
135 475 132
412 510 412
320 455 320
383 471 380
473 490 470
455 469 452
364 418 364
274 286 274
119 208 116
225 312 222
336 337 334
57 403 54
188 466 188
217 274 214
11 283 8
414 415 412
439 512 436
125 157 122
193 217 190
6 138 6
43 324 40
52 218 52
386 476 386
343 463 340
39 310 36
89 419 86
6 444 6
166 278 166
136 306 136
237 245 234
205 380 202
232 482 232
37 100 34
79 230 76
20 421 20
88 376 88
59 121 56
240 300 240
70 110 70
130 335 130
164 357 164
13 511 10
287 353 284
227 286 224
187 200 184
460 476 460
58 166 58
294 376 294
167 512 164
177 182 174
269 451 266
227 442 224
137 494 134
174 199 174
309 325 306
106 352 106
100 359 100
481 483 478
45 261 42
144 487 144
224 298 224
447 477 444
481 497 478
35 264 32
205 503 202
208 433 208
178 210 178
284 285 282
96 326 96
410 512 410
279 414 276
368 388 368
78 244 78
467 481 464
95 154 92
295 500 292
433 444 430
77 127 74
264 282 264
52 78 52
359 503 356
37 437 34
138 305 138
32 316 32
425 456 422
38 55 38
299 430 296
309 456 306
79 469 76
153 344 150
293 386 290
1 120 1
217 488 214
111 249 108
141 340 138
35 343 32
355 449 352
429 498 426
141 278 138
23 499 20
1 139 1
465 470 462
297 500 294
69 236 66
181 460 178
321 480 318
35 378 32
301 457 298
47 166 44
103 380 100
59 247 56
123 456 120
152 476 152
108 109 106
412 487 412
111 282 108
331 477 328
62 445 62
73 123 70
43 207 40
129 358 126
278 423 278
27 289 24
38 89 38
100 182 100
69 512 66
219 265 216
77 466 74
323 456 320
305 393 302
238 313 238
239 457 236
61 268 58
122 408 122
25 132 22
131 169 128
59 501 56
24 114 24
192 358 192
410 435 410
119 370 116
32 315 32
371 388 368
481 510 478
277 434 274
185 327 182
22 275 22
23 197 20
171 176 168
277 364 274
245 288 242
4 93 4
12 28 12
285 396 282
24 512 24
471 511 468
217 512 214
341 408 338
471 476 468
54 367 54
187 389 184
295 320 292
30 109 30
196 346 196
352 360 352
126 468 126
235 250 232
221 476 218
22 107 22
147 365 144
375 389 372
425 502 422
30 42 30
67 386 64
443 496 440
39 163 36
10 232 10
337 446 334
239 301 236
194 242 194
441 491 438
65 75 62
223 476 220
429 506 426
69 210 66
163 415 160
59 399 56
200 355 200
19 269 16
83 369 80
10 293 10
340 382 340
76 101 76
329 452 326
281 463 278
455 504 452
121 230 118
221 488 218
263 410 260
147 179 144
201 407 198
228 386 228
211 258 208
41 480 38
92 233 92
6 267 6
333 396 330
24 38 24
21 171 18
23 276 20
19 173 16
174 367 174
157 310 154
247 381 244
12 486 12
203 474 200
17 445 14
240 368 240
78 251 78
263 491 260
46 80 46
163 391 160
102 119 102
369 469 366
263 512 260
192 303 192
469 475 466
15 364 12
27 29 24
6 16 6
345 396 342
211 400 208
231 492 228
43 88 40
339 374 336
419 448 416
79 162 76
247 433 244
156 219 156
383 405 380
169 315 166
277 283 274
131 236 128
189 238 186
258 348 258
12 77 12
135 454 132
55 158 52
349 469 346
287 357 284
197 485 194
289 308 286
54 86 54
273 401 270
48 51 48
36 93 36
245 289 242
267 500 264
479 482 476
91 273 88
357 363 354
144 476 144
329 421 326
271 500 268
161 315 158
77 469 74
345 398 342
27 397 24
43 433 40
72 291 72
99 375 96
233 494 230
356 434 356
67 290 64
210 410 210
378 406 378
78 452 78
419 447 416
30 319 30
349 459 346
81 479 78
89 492 86
115 445 112
101 488 98
188 335 188
328 436 328
100 262 100
425 460 422
161 427 158
283 402 280
358 494 358
137 192 134
79 327 76
223 333 220
309 312 306
157 490 154
25 128 22
253 330 250
206 217 206
384 440 384
119 135 116
434 478 434
25 496 22
66 249 66
114 310 114
37 68 34
128 159 128
266 387 266
69 255 66
185 283 182
131 136 128
19 102 16
377 467 374
30 82 30
136 495 136
125 167 122
34 407 34
114 336 114
64 80 64
134 146 134
235 433 232
463 468 460
189 281 186
96 113 96
135 257 132
347 510 344
237 280 234
34 41 34
12 33 12
3 235 1
110 415 110
198 424 198
82 241 82
249 272 246
32 51 32
147 172 144
151 449 148
235 464 232
40 242 40
437 491 434
347 492 344
244 279 244
246 346 246
99 164 96
127 390 124
72 271 72
110 193 110
140 141 138
63 293 60
483 507 480
57 75 54
55 257 52
282 460 282
32 482 32
203 504 200
20 68 20
11 124 8
261 467 258
183 355 180
244 393 244
1 398 1
68 419 68
89 369 86
64 149 64
82 280 82
287 358 284
8 308 8
173 413 170
302 386 302
441 451 438
124 140 124
108 260 108
36 166 36
1 53 1
25 335 22
221 239 218
32 62 32
264 506 264
321 490 318
128 376 128
373 419 370
5 113 2
427 507 424
150 456 150
96 344 96
462 492 462
108 506 108
308 493 308
139 482 136
10 29 10
372 509 372
202 261 202
185 254 182
273 467 270
146 183 146
32 283 32
405 417 402
369 434 366
184 318 184
147 347 144
318 468 318
347 452 344
306 496 306
143 374 140
54 248 54
95 170 92
49 370 46
41 208 38
152 411 152
236 301 236
70 351 70
299 377 296
227 357 224
212 316 212
333 346 330
355 394 352
199 214 196
8 35 8
159 188 156
165 453 162
229 418 226
310 401 310
8 100 8
160 250 160
184 350 184
38 255 38
125 499 122
333 379 330
58 265 58
125 377 122
10 60 10
112 456 112
35 427 32
81 407 78
49 244 46
41 170 38
389 477 386
213 485 210
10 495 10
414 450 414
6 19 6
199 470 196
59 366 56
77 90 74
144 413 144
19 287 16
55 78 52
393 409 390
42 445 42
145 481 142
451 469 448
377 459 374
105 406 102
50 483 50
193 291 190
63 175 60
123 458 120
201 299 198
68 72 68
1 409 1
43 188 40
59 450 56
235 477 232
361 396 358
80 188 80
76 512 76
80 314 80
34 60 34
70 85 70
5 75 2
83 243 80
95 151 92
328 470 328
326 448 326
201 269 198
140 374 140
83 95 80
24 178 24
229 498 226
306 443 306
14 23 14
220 458 220
135 512 132
121 347 118
291 360 288
229 413 226
176 423 176
126 417 126
327 501 324
427 452 424
34 492 34
338 396 338
377 481 374
49 281 46
134 368 134
209 224 206
32 99 32
453 506 450
176 491 176
95 366 92
259 296 256
253 322 250
58 242 58
253 428 250
282 390 282
83 352 80
465 497 462
56 261 56
167 388 164
399 405 396
294 396 294
74 106 74
30 472 30
1 464 1
38 264 38
96 161 96
55 222 52
22 141 22
221 264 218
321 405 318
173 241 170
140 158 140
305 321 302
343 375 340
302 512 302
51 434 48
74 203 74
361 448 358
475 497 472
64 206 64
226 284 226
237 275 234
22 31 22
197 199 194
29 37 26
267 325 264
419 464 416
400 401 398
110 300 110
133 257 130
26 76 26
17 328 14
179 218 176
331 502 328
222 232 222
313 502 310
330 370 330
162 277 162
300 310 300
248 334 248
161 341 158
52 364 52
199 459 196
133 248 130
95 153 92
295 361 292
443 448 440
461 511 458
443 487 440
409 480 406
186 503 186
185 362 182
335 503 332
35 60 32
144 497 144
231 340 228
182 198 182
447 463 444
53 177 50
461 464 458
104 374 104
353 467 350
388 389 386
307 442 304
46 254 46
297 402 294
191 353 188
204 281 204
16 430 16
290 291 288
4 396 4
337 457 334
83 346 80
126 167 126
113 512 110
63 95 60
94 339 94
57 411 54
42 62 42
100 508 100
361 506 358
265 443 262
328 329 326
78 280 78
123 261 120
177 187 174
37 50 34
89 359 86
98 114 98
92 466 92
493 500 490
156 408 156
219 495 216
14 255 14
375 460 372
29 402 26
238 293 238
3 157 1
14 18 14
19 378 16
338 487 338
383 456 380
18 156 18
72 156 72
314 512 314
280 321 280
155 258 152
86 343 86
74 445 74
309 344 306
124 234 124
36 331 36
396 510 396
433 436 430
229 474 226
293 297 290
42 102 42
421 437 418
120 192 120
1 16 1
272 321 272
447 485 444
269 423 266
73 446 70
93 201 90
30 395 30
113 278 110
323 344 320
291 434 288
271 328 268
145 274 142
15 367 12
338 343 338
294 403 294
21 56 18
127 274 124
29 140 26
167 277 164
309 383 306
82 502 82
18 21 18
164 351 164
251 257 248
205 269 202
43 454 40
316 471 316
4 35 4
167 462 164
107 188 104
33 430 30
65 83 62
264 454 264
87 206 84
229 285 226
452 479 452
57 113 54
340 357 340
294 303 294
189 400 186
134 464 134
187 387 184
317 358 314
395 465 392
69 133 66
37 114 34
11 337 8
335 509 332
209 332 206
131 252 128
247 468 244
330 332 330
406 503 406
167 389 164
325 407 322
107 508 104
152 153 150
321 497 318
73 253 70
208 454 208
84 167 84
317 441 314
28 128 28
90 291 90
433 486 430
357 433 354
218 448 218
93 416 90
267 434 264
41 247 38
28 379 28
245 371 242
285 473 282
154 242 154
388 407 388
98 501 98
6 411 6
380 457 380
219 349 216
317 512 314
418 465 418
177 247 174
393 510 390
142 258 142
124 462 124
411 448 408
457 485 454
122 303 122
18 48 18
227 333 224
249 352 246
135 143 132
65 266 62
213 373 210
58 318 58
395 423 392
289 419 286
199 261 196
228 238 228
29 343 26
183 356 180
109 439 106
165 290 162
143 443 140
421 424 418
128 164 128
472 483 472
205 471 202
253 266 250
2 249 2
293 473 290
53 303 50
427 502 424
246 265 246
155 170 152
129 390 126
405 489 402
75 333 72
10 509 10
396 492 396
131 447 128
488 489 486
211 446 208
177 382 174
407 450 404
207 462 204
373 395 370
181 492 178
258 284 258
339 362 336
241 450 238
31 240 28
311 430 308
329 504 326
180 462 180
194 204 194
362 411 362
72 396 72
113 135 110
294 502 294
218 391 218
102 327 102
177 419 174
115 317 112
115 401 112
39 343 36
40 103 40
19 509 16
267 298 264
152 178 152
377 426 374
74 117 74
431 504 428
457 476 454
111 258 108
335 425 332
175 438 172
252 340 252
415 423 412
129 357 126
64 113 64
71 103 68
17 352 14
84 501 84
99 330 96
21 27 18
49 512 46
151 239 148
311 497 308
459 486 456
148 258 148
172 240 172
110 174 110
189 243 186
105 200 102
108 219 108
44 96 44
258 444 258
252 356 252
168 235 168
110 196 110
469 490 466
255 483 252
363 391 360
216 391 216
231 362 228
34 179 34
309 486 306
48 242 48
443 449 440
95 148 92
276 300 276
354 397 354
154 276 154
123 363 120
373 411 370
96 419 96
49 171 46
118 414 118
63 504 60
4 385 4
275 448 272
201 240 198
66 216 66
361 433 358
215 466 212
68 223 68
207 501 204
117 415 114
122 484 122
105 296 102
183 248 180
381 501 378
171 353 168
318 444 318
16 70 16
27 145 24
28 144 28
161 468 158
173 301 170
499 506 496
371 491 368
327 493 324
43 306 40
121 479 118
283 333 280
349 411 346
227 474 224
269 302 266
177 293 174
367 455 364
107 386 104
172 256 172
203 395 200
329 353 326
248 441 248
345 361 342
318 367 318
19 111 16
29 365 26
333 377 330
365 378 362
151 450 148
114 339 114
4 15 4
97 406 94
415 457 412
465 485 462
216 284 216
25 458 22
241 512 238
429 483 426
66 234 66
341 475 338
23 495 20
352 433 352
102 325 102
193 373 190
265 506 262
419 511 416
225 329 222
285 481 282
4 9 4
102 115 102
363 455 360
76 339 76
241 418 238
395 471 392
110 116 110
447 497 444
387 457 384
463 487 460
319 511 316
16 409 16
230 242 230
185 248 182
333 444 330
253 309 250
5 106 2
355 425 352
98 482 98
437 480 434
2 403 2
463 482 460
369 439 366
285 374 282
307 344 304
367 437 364
139 370 136
54 302 54
156 246 156
254 328 254
365 502 362
53 150 50
95 462 92
161 422 158
155 446 152
283 486 280
424 482 424
9 360 6
360 378 360
236 369 236
131 141 128
421 429 418
359 388 356
57 493 54
359 392 356
7 468 4
191 508 188
80 450 80
44 107 44
166 170 166
479 506 476
13 479 10
201 476 198
203 403 200
383 509 380
20 49 20
78 115 78
46 54 46
24 414 24
117 161 114
71 503 68
157 286 154
464 487 464
267 512 264
5 244 2
371 493 368
89 124 86
190 353 190
407 435 404
29 325 26
110 218 110
246 430 246
232 468 232
336 390 336
62 184 62
465 511 462
31 325 28
195 246 192
123 500 120
395 447 392
315 496 312
455 464 452
135 352 132
325 462 322
64 131 64
70 492 70
58 248 58
207 393 204
75 403 72
40 488 40
457 465 454
443 503 440
53 401 50
138 269 138
70 122 70
24 29 24
178 465 178
111 284 108
182 294 182
83 508 80
91 341 88
198 354 198
219 341 216
20 220 20
8 34 8
1 52 1
339 418 336
27 439 24
57 335 54
285 404 282
130 377 130
2 152 2
103 259 100
313 319 310
75 181 72
50 214 50
87 240 84
202 205 202
42 273 42
335 508 332
41 288 38
13 131 10
157 509 154
212 392 212
117 382 114
91 284 88
481 496 478
395 436 392
20 144 20
291 356 288
141 215 138
202 400 202
202 312 202
345 376 342
30 413 30
219 510 216
62 217 62
105 502 102
183 469 180
206 231 206
96 255 96
52 223 52
160 350 160
375 459 372
121 428 118
451 468 448
156 265 156
231 396 228
4 64 4
203 256 200
245 392 242
205 207 202
337 481 334
336 363 336
58 156 58
42 490 42
235 266 232
370 371 368
275 454 272
112 139 112
52 115 52
309 377 306
48 191 48
289 329 286
12 56 12
337 386 334
413 431 410
21 411 18
447 448 444
30 314 30
293 361 290
143 337 140
455 489 452
161 404 158
11 433 8
167 412 164
397 405 394
147 376 144
131 186 128
23 40 20
30 97 30
153 345 150
17 75 14
280 506 280
29 300 26
398 428 398
102 126 102
129 491 126
169 449 166
146 457 146
70 146 70
15 245 12
290 419 290
21 471 18
271 341 268
146 147 144
299 487 296
279 358 276
121 351 118
9 128 6
287 459 284
141 396 138
204 322 204
374 424 374
309 380 306
479 490 476
108 144 108
179 279 176
80 483 80
160 405 160
127 431 124
249 485 246
229 426 226
125 391 122
207 239 204
288 369 288
187 297 184
282 376 282
95 255 92
120 239 120
155 349 152
451 502 448
39 62 36
223 484 220
351 461 348
148 281 148
158 223 158
21 85 18
347 455 344
329 391 326
86 126 86
265 322 262
89 259 86
38 100 38
28 214 28
309 454 306
111 238 108
423 502 420
18 137 18
57 222 54
190 205 190
106 444 106
96 508 96
305 423 302
67 276 64
467 506 464
76 169 76
99 435 96
160 512 160
307 334 304
83 213 80
62 350 62
293 371 290
20 177 20
215 372 212
288 512 288
327 362 324
22 83 22
107 395 104
31 184 28
75 287 72
38 307 38
284 358 284
18 485 18
333 399 330
142 261 142
40 511 40
341 454 338
249 333 246
93 324 90
165 304 162
418 512 418
4 127 4
149 330 146
367 478 364
201 442 198
148 240 148
51 170 48
43 208 40
67 256 64
231 466 228
162 236 162
161 358 158
321 406 318
363 501 360
332 409 332
486 505 486
445 470 442
46 87 46
18 149 18
335 484 332
253 493 250
176 458 176
150 444 150
332 512 332
44 114 44
16 492 16
75 86 72
40 311 40
149 241 146
205 312 202
477 491 474
387 417 384
124 211 124
381 418 378
154 257 154
213 334 210
77 329 74
200 262 200
19 505 16
131 256 128
65 231 62
292 365 292
191 230 188
243 354 240
58 409 58
208 225 208
203 293 200
160 283 160
25 82 22
12 30 12
311 493 308
44 240 44
465 507 462
441 499 438
203 502 200
163 429 160
323 491 320
86 91 86
32 207 32
109 429 106
300 320 300
268 413 268
129 295 126
121 321 118
389 464 386
50 151 50
112 194 112
162 200 162
279 426 276
79 424 76
339 340 336
200 393 200
458 465 458
307 419 304
69 131 66
233 491 230
321 430 318
11 412 8
146 487 146
270 409 270
72 100 72
161 256 158
190 486 190
387 409 384
97 366 94
40 127 40
321 438 318
69 474 66
369 450 366
469 486 466
329 390 326
168 426 168
499 501 496
36 138 36
13 367 10
279 512 276
18 55 18
256 509 256
435 461 432
35 501 32
37 435 34
355 414 352
20 157 20
13 392 10
39 371 36
204 360 204
8 73 8
24 145 24
145 326 142
15 375 12
387 434 384
105 383 102
131 333 128
133 246 130
156 429 156
413 510 410
105 247 102
47 512 44
83 431 80
499 507 496
52 96 52
71 299 68
165 474 162
17 202 14
129 282 126
220 320 220
74 386 74
374 417 374
129 395 126
77 115 74
163 465 160
293 333 290
183 258 180
134 409 134
269 273 266
138 199 138
21 421 18
184 395 184
348 470 348
165 255 162
135 342 132
232 309 232
425 462 422
88 507 88
49 161 46
429 445 426
141 163 138
264 345 264
213 340 210
85 356 82
181 510 178
151 373 148
107 384 104
365 475 362
403 448 400
219 348 216
201 301 198
98 211 98
489 500 486
147 253 144
79 352 76
162 235 162
391 462 388
407 428 404
56 197 56
28 308 28
363 417 360
106 149 106
143 312 140
366 392 366
335 366 332
14 17 14
262 473 262
210 344 210
50 134 50
395 466 392
477 482 474
370 407 370
295 327 292
354 384 354
91 432 88
113 368 110
15 40 12
423 505 420
436 472 436
116 325 116
443 476 440
463 492 460
175 284 172
28 45 28
34 133 34
321 454 318
351 371 348
20 29 20
170 512 170
1 126 1
426 435 426
199 252 196
47 246 44
229 374 226
79 459 76
95 303 92
430 431 428
46 512 46
117 288 114
135 202 132
186 371 186
71 394 68
131 505 128
148 303 148
143 344 140
299 390 296
361 391 358
257 512 254
187 391 184
135 243 132
195 419 192
113 360 110
370 506 370
331 421 328
225 368 222
336 392 336
168 321 168
220 437 220
11 435 8
333 439 330
329 335 326
489 510 486
359 398 356
130 511 130
463 478 460
294 395 294
225 326 222
35 286 32
380 458 380
101 414 98
333 364 330
175 246 172
120 145 120
50 331 50
216 474 216
117 184 114
235 484 232
185 415 182
84 485 84
195 302 192
283 329 280
241 405 238
68 181 68
33 245 30
378 511 378
95 282 92
158 352 158
47 492 44
35 314 32
178 272 178
283 406 280
77 485 74
177 213 174
210 289 210
179 512 176
1 451 1
81 446 78
128 284 128
55 208 52
35 39 32
25 393 22
82 175 82
287 345 284
176 347 176
35 455 32
281 338 278
79 480 76
52 463 52
97 394 94
63 217 60
169 480 166
15 274 12
28 44 28
491 502 488
14 35 14
336 458 336
415 506 412
267 356 264
171 248 168
163 177 160
329 505 326
155 449 152
69 277 66
76 247 76
168 190 168
7 118 4
41 281 38
346 467 346
276 363 276
51 378 48
41 99 38
272 357 272
167 406 164
150 406 150
187 510 184
166 171 166
327 450 324
6 393 6
169 265 166
231 387 228
74 291 74
316 317 314
113 174 110
163 462 160
477 492 474
227 505 224
278 451 278
120 412 120
331 410 328
313 481 310
415 427 412
51 93 48
69 239 66
295 394 292
429 462 426
249 396 246
237 293 234
213 243 210
1 389 1
199 256 196
213 389 210
93 276 90
127 474 124
7 266 4
247 341 244
229 353 226
106 374 106
17 333 14
267 407 264
57 276 54
405 467 402
62 359 62
378 479 378
265 354 262
227 373 224
398 458 398
316 502 316
82 426 82
92 99 92
43 304 40
309 388 306
62 180 62
248 326 248
109 462 106
162 382 162
228 472 228
247 313 244
310 339 310
121 333 118
219 363 216
310 349 310
28 495 28
371 490 368
41 497 38
145 340 142
310 406 310
31 284 28
41 361 38
24 179 24
214 236 214
2 28 2
348 352 348
89 489 86
420 448 420
315 416 312
138 374 138
100 170 100
88 157 88
95 124 92
278 279 276
334 434 334
226 253 226
52 124 52
232 409 232
85 168 82
263 421 260
8 96 8
102 440 102
59 358 56
306 498 306
119 389 116
40 46 40
35 85 32
151 400 148
124 277 124
229 380 226
153 512 150
280 435 280
28 43 28
337 463 334
169 236 166
65 472 62
24 83 24
62 487 62
296 313 296
173 458 170
67 499 64
439 487 436
228 471 228
125 176 122
76 77 74
46 60 46
75 478 72
230 313 230
39 433 36
244 503 244
195 280 192
34 325 34
247 250 244
164 165 162
40 52 40
395 508 392
279 373 276
484 492 484
436 462 436
317 464 314
372 385 372
305 440 302
10 125 10
190 325 190
45 438 42
234 242 234
122 361 122
11 148 8
247 279 244
131 281 128
38 190 38
64 90 64
69 267 66
211 221 208
128 277 128
324 326 324
409 463 406
72 254 72
473 507 470
71 90 68
195 444 192
224 225 222
140 229 140
128 395 128
128 273 128
81 390 78
56 271 56
213 326 210
299 300 296
40 167 40
200 248 200
18 184 18
301 353 298
163 455 160
61 415 58
103 291 100
71 183 68
29 409 26
121 310 118
105 470 102
141 360 138
98 181 98
167 237 164
269 412 266
435 489 432
338 490 338
14 361 14
166 315 166
223 433 220
18 155 18
52 303 52
195 440 192
77 102 74
342 408 342
421 446 418
147 367 144
35 52 32
308 407 308
268 394 268
267 506 264
143 259 140
319 441 316
100 267 100
68 153 68
205 347 202
343 459 340
28 512 28
80 332 80
252 481 252
117 366 114
11 159 8
54 511 54
268 353 268
235 469 232
202 414 202
169 422 166
214 422 214
205 281 202
45 460 42
310 366 310
415 505 412
35 276 32
103 357 100
185 388 182
47 337 44
178 471 178
35 86 32
253 372 250
435 455 432
283 413 280
101 419 98
378 408 378
4 317 4
400 470 400
258 438 258
72 380 72
51 380 48
471 497 468
495 503 492
53 380 50
71 359 68
216 442 216
135 274 132
193 194 190
85 434 82
393 428 390
307 498 304
9 250 6
211 323 208
113 245 110
153 181 150
120 157 120
211 406 208
397 422 394
52 460 52
1 11 1
203 420 200
405 427 402
229 326 226
59 75 56
253 273 250
28 32 28
91 351 88
427 499 424
138 207 138
148 399 148
78 412 78
93 159 90
439 495 436
225 226 222
93 188 90
114 267 114
139 237 136
68 321 68
193 424 190
295 391 292
121 440 118
112 280 112
261 431 258
98 327 98
477 497 474
401 445 398
298 340 298
51 232 48
42 375 42
195 210 192
10 290 10
171 479 168
118 279 118
383 496 380
307 333 304
311 420 308
349 355 346
79 276 76
197 458 194
98 490 98
228 512 228
137 484 134
6 232 6
163 207 160
81 200 78
295 494 292
81 220 78
344 353 344
72 294 72
120 167 120
356 497 356
287 330 284
3 54 1
59 360 56
1 49 1
241 503 238
347 359 344
89 227 86
91 209 88
343 494 340
22 221 22
36 175 36
47 459 44
221 366 218
41 441 38
54 253 54
99 359 96
329 460 326
62 91 62
471 474 468
326 491 326
441 466 438
265 276 262
134 456 134
42 425 42
56 481 56
192 210 192
258 291 258
398 494 398
311 360 308
449 473 446
24 403 24
439 462 436
134 457 134
1 25 1
170 326 170
6 349 6
151 384 148
225 481 222
276 435 276
275 363 272
241 387 238
281 424 278
449 480 446
113 187 110
87 512 84
31 45 28
467 496 464
108 449 108
27 364 24
129 365 126
357 413 354
441 511 438
447 471 444
289 489 286
103 234 100
14 153 14
297 338 294
8 45 8
123 233 120
78 394 78
93 418 90
210 320 210
205 288 202
416 508 416
175 238 172
63 170 60
88 115 88
482 495 482
315 408 312
17 22 14
89 511 86
192 199 192
114 452 114
4 97 4
55 300 52
118 148 118
62 351 62
104 241 104
284 462 284
445 508 442
40 53 40
101 384 98
321 323 318
90 91 88
12 114 12
281 477 278
63 409 60
2 226 2
45 221 42
349 496 346
109 157 106
338 351 338
108 217 108
81 455 78
1 165 1
435 471 432
332 474 332
189 500 186
403 503 400
281 402 278
168 509 168
61 484 58
203 396 200
121 421 118
6 424 6
176 475 176
14 400 14
136 137 134
205 470 202
174 435 174
206 442 206
15 470 12
209 342 206
97 361 94
247 487 244
312 468 312
181 421 178
94 200 94
71 241 68
238 345 238
73 200 70
101 366 98
25 228 22
122 154 122
303 407 300
136 166 136
251 369 248
223 257 220
255 279 252
273 413 270
271 294 268
391 416 388
178 318 178
308 469 308
283 457 280
169 460 166
334 459 334
5 450 2
97 192 94
49 129 46
267 273 264
185 336 182
110 325 110
71 306 68
293 512 290
93 139 90
178 304 178
404 463 404
158 189 158
313 342 310
305 491 302
90 166 90
425 455 422
363 479 360
405 510 402
140 346 140
168 422 168
171 512 168
201 422 198
179 264 176
39 109 36
307 489 304
281 412 278
9 229 6
109 121 106
100 242 100
227 338 224
427 474 424
132 406 132
152 408 152
399 456 396
79 267 76
50 62 50
306 380 306
85 221 82
241 272 238
367 486 364
139 375 136
269 400 266
197 356 194
333 417 330
74 341 74
77 295 74
3 273 1
10 26 10
435 479 432
138 432 138
25 122 22
11 62 8
43 475 40
161 391 158
103 413 100
25 336 22
111 126 108
406 432 406
50 204 50
425 490 422
47 233 44
485 507 482
146 512 146
76 115 76
41 445 38
465 469 462
17 327 14
39 179 36
127 339 124
39 302 36
379 423 376
484 512 484
17 478 14
73 490 70
29 235 26
457 498 454
175 360 172
199 314 196
254 255 252
16 133 16
11 36 8
65 206 62
20 502 20
68 127 68
253 303 250
125 480 122
112 512 112
159 480 156
161 494 158
323 512 320
189 495 186
44 356 44
355 416 352
221 249 218
123 369 120
67 289 64
201 247 198
141 210 138
12 253 12
11 290 8
84 368 84
365 379 362
271 315 268
16 347 16
46 327 46
67 306 64
45 223 42
65 156 62
194 364 194
11 203 8
493 494 490
341 421 338
27 475 24
283 298 280
37 187 34
117 361 114
87 468 84
26 118 26
153 369 150
151 228 148
383 435 380
194 317 194
60 99 60
205 293 202
21 189 18
129 155 126
2 63 2
41 327 38
2 191 2
491 494 488
7 398 4
309 411 306
264 298 264
101 299 98
56 177 56
51 438 48
115 335 112
124 493 124
355 386 352
214 246 214
14 323 14
166 340 166
83 345 80
315 425 312
209 285 206
353 489 350
24 186 24
15 474 12
50 302 50
421 450 418
89 330 86
507 512 504
252 429 252
131 134 128
403 418 400
435 446 432
63 232 60
174 198 174
373 508 370
157 455 154
486 506 486
170 220 170
279 332 276
185 403 182
102 179 102
167 452 164
102 372 102
24 121 24
200 211 200
291 316 288
414 474 414
358 510 358
205 398 202
65 354 62
433 467 430
203 240 200
9 96 6
127 187 124
188 189 186
165 168 162
113 154 110
48 105 48
332 470 332
236 343 236
37 211 34
446 506 446
292 347 292
16 40 16
81 302 78
13 248 10
309 386 306
169 287 166
115 459 112
211 355 208
198 263 198
13 456 10
331 466 328
233 475 230
281 374 278
203 257 200
106 314 106
335 424 332
409 429 406
318 403 318
131 381 128
329 423 326
132 252 132
283 301 280
73 197 70
438 491 438
6 510 6
265 307 262
11 234 8
25 426 22
238 375 238
419 504 416
138 307 138
273 432 270
79 240 76
379 425 376
365 399 362
84 249 84
201 237 198
16 56 16
225 388 222
69 390 66
96 97 94
303 435 300
25 279 22
21 483 18
97 121 94
309 397 306
195 333 192
84 302 84
47 189 44
222 432 222
18 127 18
135 339 132
194 303 194
303 359 300
175 397 172
114 404 114
57 391 54
161 463 158
274 373 274
36 91 36
196 453 196
183 475 180
57 393 54
341 470 338
254 271 254
148 475 148
188 406 188
62 152 62
198 487 198
50 244 50
425 474 422
27 155 24
238 459 238
131 149 128
13 328 10
194 454 194
141 188 138
240 399 240
215 430 212
40 118 40
411 421 408
19 24 16
184 334 184
205 209 202
231 312 228
113 466 110
28 71 28
282 307 282
261 307 258
24 28 24
313 410 310
367 505 364
403 406 400
241 451 238
403 494 400
235 238 232
10 178 10
470 487 470
213 351 210
312 413 312
142 194 142
177 383 174
493 504 490
151 263 148
59 83 56
143 314 140
37 343 34
135 278 132
251 496 248
64 276 64
441 484 438
286 340 286
26 289 26
233 341 230
216 512 216
497 500 494
168 431 168
305 462 302
37 363 34
7 79 4
112 130 112
193 340 190
131 242 128
125 259 122
61 474 58
195 499 192
319 391 316
365 469 362
297 329 294
183 458 180
363 489 360
95 256 92
67 161 64
22 23 20
217 344 214
381 469 378
365 396 362
343 344 340
288 410 288
219 441 216
407 498 404
28 372 28
217 280 214
279 282 276
407 499 404
18 377 18
166 423 166
160 323 160
101 245 98
37 300 34
187 512 184
197 394 194
25 284 22
266 367 266
191 278 188
43 90 40
101 493 98
22 55 22
15 496 12
22 41 22
32 47 32
227 298 224
137 143 134
98 212 98
335 510 332
160 216 160
509 511 506
191 346 188
20 496 20
247 333 244
109 196 106
33 451 30
139 469 136
199 290 196
229 429 226
198 422 198
333 436 330
407 431 404
10 367 10
202 341 202
91 240 88
105 299 102
96 499 96
296 298 296
227 385 224
210 299 210
118 164 118
339 439 336
187 328 184
129 312 126
35 204 32
164 354 164
137 291 134
293 482 290
375 508 372
76 287 76
16 149 16
395 431 392
43 459 40
328 373 328
136 322 136
206 394 206
33 144 30
374 395 374
211 506 208
252 407 252
407 459 404
178 257 178
375 512 372
222 246 222
2 302 2
31 510 28
343 446 340
346 464 346
27 217 24
69 345 66
55 153 52
329 456 326
143 399 140
303 338 300
310 436 310
43 440 40
129 401 126
415 449 412
218 366 218
100 168 100
39 281 36
397 436 394
281 375 278
83 505 80
111 143 108
107 467 104
105 394 102
88 512 88
295 512 292
5 495 2
109 388 106
90 125 90
333 416 330
57 340 54
1 177 1
83 276 80
31 152 28
120 261 120
58 81 58
144 299 144
375 447 372
127 439 124
1 31 1
75 508 72
387 456 384
260 373 260
325 367 322
182 472 182
195 388 192
31 175 28
244 280 244
207 254 204
327 420 324
205 392 202
129 466 126
133 421 130
275 327 272
255 347 252
319 504 316
345 491 342
57 195 54
163 456 160
283 445 280
341 509 338
5 353 2
135 165 132
122 368 122
345 470 342
105 348 102
301 421 298
328 420 328
276 289 276
123 271 120
96 355 96
321 419 318
179 417 176
5 419 2
74 121 74
61 355 58
45 380 42
19 442 16
46 233 46
318 512 318
287 506 284
61 380 58
447 481 444
313 391 310
431 485 428
109 248 106
148 440 148
124 266 124
227 480 224
79 410 76
445 511 442
407 441 404
93 238 90
424 468 424
12 336 12
136 512 136
75 261 72
278 314 278
317 450 314
207 337 204
104 502 104
217 511 214
231 356 228
180 263 180
25 169 22
40 119 40
57 226 54
439 451 436
106 111 106
139 176 136
287 449 284
81 457 78
60 61 58
399 478 396
105 447 102
279 312 276
225 266 222
446 510 446
4 348 4
273 321 270
489 505 486
16 186 16
89 247 86
107 220 104
22 292 22
301 463 298
194 196 194
237 405 234
306 448 306
343 451 340
59 502 56
252 359 252
145 453 142
102 415 102
121 508 118
240 351 240
303 444 300
2 27 2
339 451 336
255 409 252
69 87 66
211 453 208
32 422 32
233 327 230
77 452 74
201 271 198
268 310 268
27 500 24
94 473 94
441 512 438
124 245 124
19 216 16
180 398 180
187 205 184
75 381 72
86 175 86
176 204 176
483 486 480
291 442 288
160 274 160
172 512 172
20 212 20
42 249 42
173 225 170
353 408 350
262 355 262
114 306 114
171 391 168
104 118 104
469 480 466
168 396 168
81 451 78
299 353 296
261 319 258
439 440 436
251 262 248
201 277 198
38 171 38
218 329 218
361 473 358
101 234 98
239 463 236
357 487 354
114 454 114
120 267 120
461 500 458
10 411 10
148 459 148
12 64 12
90 282 90
319 375 316
381 509 378
222 244 222
161 170 158
319 467 316
189 412 186
489 498 486
361 425 358
180 184 180
295 453 292
37 505 34
211 405 208
61 151 58
159 475 156
262 346 262
259 332 256
151 376 148
270 391 270
238 360 238
437 488 434
114 119 114
22 61 22
2 39 2
259 282 256
232 394 232
107 212 104
13 474 10
441 443 438
92 198 92
390 512 390
391 503 388
397 474 394
375 474 372
340 449 340
421 460 418
41 351 38
99 483 96
341 402 338
215 271 212
225 437 222
94 111 94
151 479 148
65 409 62
123 151 120
57 398 54
99 300 96
56 362 56
187 310 184
110 148 110
473 506 470
457 460 454
86 87 84
253 412 250
38 303 38
99 283 96
30 76 30
317 495 314
128 268 128
87 353 84
417 445 414
364 383 364
180 428 180
155 426 152
80 326 80
51 319 48
125 301 122
36 419 36
25 422 22
314 315 312
100 512 100
62 401 62
12 65 12
260 484 260
8 464 8
49 268 46
79 188 76
54 328 54
471 506 468
345 446 342
21 276 18
417 473 414
44 67 44
136 313 136
447 500 444
73 287 70
407 437 404
229 505 226
323 346 320
22 94 22
126 386 126
160 430 160
161 399 158
209 210 206
2 5 2
50 375 50
91 337 88
185 367 182
53 395 50
417 482 414
336 417 336
79 242 76
267 331 264
100 244 100
405 499 402
296 495 296
23 421 20
309 480 306
309 471 306
213 320 210
1 9 1
24 374 24
303 381 300
30 71 30
115 403 112
263 325 260
103 409 100
223 488 220
473 512 470
461 485 458
179 289 176
34 360 34
267 477 264
43 308 40
364 385 364
5 154 2
441 448 438
19 22 16
104 197 104
196 469 196
287 458 284
337 496 334
77 488 74
16 91 16
195 384 192
166 226 166
159 297 156
245 464 242
283 338 280
18 32 18
135 364 132
232 348 232
148 427 148
2 73 2
124 182 124
61 442 58
113 493 110
233 285 230
120 246 120
93 483 90
382 398 382
185 271 182
92 498 92
453 486 450
48 81 48
439 474 436
215 420 212
10 101 10
227 416 224
179 209 176
154 450 154
393 457 390
341 422 338
19 299 16
395 403 392
5 233 2
440 453 440
3 470 1
445 502 442
132 223 132
187 430 184
20 106 20
281 315 278
451 475 448
407 421 404
274 343 274
257 347 254
126 137 126
75 419 72
47 77 44
130 288 130
59 200 56
108 156 108
181 415 178
185 370 182
105 148 102
101 207 98
5 388 2
222 223 220
23 61 20
103 242 100
443 504 440
274 419 274
86 337 86
4 191 4
87 308 84
80 436 80
233 399 230
413 505 410
219 356 216
386 482 386
156 330 156
228 348 228
283 285 280
381 440 378
29 118 26
130 148 130
173 222 170
4 203 4
22 451 22
211 277 208
35 144 32
447 486 444
96 252 96
355 438 352
267 446 264
56 164 56
113 138 110
185 318 182
48 61 48
266 267 264
389 498 386
117 508 114
179 275 176
379 503 376
185 406 182
402 443 402
246 393 246
285 348 282
33 366 30
314 507 314
51 482 48
111 184 108
329 494 326
79 203 76
134 269 134
189 426 186
347 351 344
116 232 116
39 471 36
172 481 172
138 203 138
97 442 94
29 236 26
381 460 378
180 257 180
49 60 46
18 196 18
347 445 344
69 129 66
268 274 268
20 222 20
310 453 310
311 436 308
393 500 390
78 241 78
281 413 278
48 199 48
102 301 102
289 412 286
196 415 196
17 388 14
16 140 16
191 512 188
104 194 104
90 323 90
238 493 238
36 189 36
9 289 6
499 512 496
301 435 298
53 219 50
253 383 250
365 490 362
182 358 182
46 409 46
173 378 170
111 365 108
415 432 412
26 253 26
339 506 336
365 454 362
211 502 208
171 448 168
10 205 10
32 320 32
105 328 102
355 402 352
107 292 104
371 463 368
128 134 128
186 214 186
18 303 18
121 249 118
289 497 286
112 411 112
207 496 204
54 142 54
99 103 96
261 296 258
183 338 180
12 487 12
128 349 128
30 111 30
68 348 68
187 226 184
79 393 76
395 409 392
32 83 32
416 475 416
190 484 190
210 396 210
8 37 8
421 453 418
128 212 128
189 409 186
293 505 290
190 368 190
125 227 122
20 247 20
42 160 42
165 499 162
169 268 166
335 445 332
71 384 68
189 310 186
339 400 336
126 174 126
134 296 134
95 179 92
117 450 114
38 481 38
26 63 26
187 301 184
266 353 266
250 251 248
183 350 180
415 458 412
179 409 176
11 44 8
48 502 48
165 206 162
345 362 342
172 293 172
53 212 50
198 257 198
442 453 442
30 237 30
166 412 166
153 321 150
135 335 132
333 418 330
383 402 380
50 104 50
2 512 2
6 188 6
369 397 366
12 17 12
145 272 142
116 338 116
255 263 252
415 436 412
159 353 156
150 457 150
115 209 112
245 264 242
179 198 176
222 271 222
317 337 314
14 46 14
3 8 1
339 449 336
48 482 48
196 351 196
84 318 84
231 247 228
445 472 442
175 255 172
131 154 128
407 490 404
357 442 354
324 384 324
127 336 124
247 407 244
73 506 70
184 185 182
273 447 270
57 496 54
76 227 76
64 145 64
435 441 432
104 317 104
283 398 280
375 488 372
53 489 50
243 484 240
94 186 94
12 203 12
310 448 310
188 447 188
327 349 324
21 369 18
137 236 134
137 320 134
35 452 32
252 332 252
207 292 204
263 303 260
245 366 242
349 430 346
103 411 100
249 288 246
117 155 114
200 364 200
105 399 102
125 350 122
9 476 6
282 300 282
360 411 360
29 227 26
127 337 124
341 491 338
237 348 234
100 451 100
45 444 42
351 460 348
169 379 166
78 281 78
166 375 166
296 332 296
292 379 292
123 383 120
349 428 346
335 390 332
331 425 328
340 347 340
145 354 142
66 319 66
193 247 190
296 383 296
298 302 298
264 434 264
342 487 342
100 151 100
301 381 298
246 275 246
101 131 98
411 487 408
143 483 140
267 494 264
452 457 452
363 440 360
285 452 282
256 414 256
49 426 46
104 136 104
57 207 54
173 467 170
59 269 56
3 216 1
76 404 76
54 101 54
73 216 70
391 457 388
129 297 126
246 337 246
17 235 14
76 329 76
175 351 172
439 472 436
328 351 328
61 339 58
125 458 122
38 152 38
278 335 278
16 218 16
104 303 104
160 404 160
421 458 418
9 115 6
435 492 432
10 13 10
183 406 180
461 467 458
419 428 416
117 407 114
76 162 76
203 217 200
103 508 100
1 308 1
154 163 154
164 316 164
23 418 20
303 499 300
7 113 4
249 399 246
142 366 142
185 232 182
204 244 204
64 262 64
389 450 386
206 510 206
116 237 116
84 87 84
49 405 46
57 281 54
443 467 440
83 510 80
117 219 114
337 350 334
60 359 60
261 444 258
325 454 322
181 254 178
313 465 310
134 447 134
131 383 128
445 499 442
393 489 390
431 448 428
76 296 76
24 284 24
48 360 48
343 489 340
395 428 392
429 475 426
142 436 142
290 314 290
68 90 68
329 343 326
159 192 156
247 334 244
143 250 140
283 354 280
301 495 298
304 381 304
107 184 104
129 414 126
131 496 128
291 301 288
245 325 242
87 262 84
132 250 132
163 396 160
94 308 94
265 500 262
433 499 430
24 330 24
209 313 206
2 7 2
178 179 176
403 442 400
189 229 186
62 403 62
81 400 78
231 481 228
278 364 278
411 491 408
170 247 170
6 11 6
160 281 160
274 275 272
92 180 92
388 390 388
51 466 48
97 129 94
144 293 144
170 479 170
104 132 104
47 147 44
217 290 214
73 418 70
397 504 394
119 248 116
431 476 428
142 314 142
235 360 232
38 188 38
219 459 216
69 112 66
27 214 24
377 483 374
431 495 428
225 378 222
343 362 340
391 429 388
55 423 52
259 345 256
122 205 122
337 458 334
473 501 470
479 501 476
321 492 318
344 413 344
165 299 162
327 380 324
167 181 164
334 431 334
332 490 332
157 175 154
175 282 172
191 258 188
290 322 290
266 271 266
106 506 106
191 450 188
194 246 194
243 487 240
139 367 136
28 192 28
151 418 148
89 510 86
172 355 172
142 162 142
296 512 296
146 257 146
60 78 60
32 122 32
43 395 40
84 491 84
31 139 28
4 350 4
313 358 310
214 258 214
198 199 196
99 116 96
116 346 116
172 258 172
371 485 368
185 474 182
374 412 374
347 494 344
63 441 60
333 390 330
345 381 342
429 454 426
88 297 88
274 360 274
208 247 208
280 512 280
146 322 146
309 405 306
54 420 54
99 233 96
193 343 190
31 203 28
421 443 418
109 233 106
245 445 242
141 412 138
85 420 82
417 487 414
81 507 78
380 436 380
205 211 202
190 206 190
89 119 86
387 459 384
26 316 26
83 357 80
279 437 276
46 107 46
423 481 420
283 348 280
40 376 40
320 358 320
38 50 38
134 467 134
461 497 458
54 512 54
190 414 190
279 302 276
451 498 448
281 466 278
233 485 230
24 196 24
397 418 394
267 288 264
14 358 14
327 386 324
307 462 304
259 455 256
189 201 186
231 408 228
96 148 96
107 198 104
327 391 324
90 445 90
78 107 78
290 455 290
487 510 484
201 450 198
36 159 36
67 359 64
140 308 140
99 266 96
317 498 314
90 439 90
132 305 132
177 267 174
26 176 26
259 494 256
175 300 172
162 324 162
47 297 44
201 276 198
83 493 80
397 404 394
42 80 42
167 382 164
354 411 354
165 440 162
25 194 22
219 367 216
292 317 292
349 412 346
11 118 8
473 491 470
287 410 284
1 475 1
134 466 134
450 512 450
343 383 340
281 411 278
178 477 178
368 369 366
136 140 136
40 310 40
225 475 222
1 395 1
281 300 278
489 497 486
211 331 208
290 297 290
32 112 32
136 447 136
467 487 464
215 268 212
417 422 414
413 463 410
138 139 136
100 166 100
109 391 106
411 498 408
56 308 56
31 130 28
5 483 2
113 253 110
367 393 364
77 482 74
56 117 56
4 399 4
305 311 302
287 469 284
223 273 220
211 460 208
106 153 106
327 491 324
293 332 290
170 337 170
142 171 142
17 282 14
361 461 358
31 109 28
50 90 50
384 430 384
40 70 40
29 295 26
256 490 256
248 458 248
36 116 36
2 58 2
205 404 202
181 260 178
8 111 8
321 353 318
167 233 164
10 58 10
5 311 2
67 398 64
101 209 98
171 419 168
207 477 204
343 346 340
92 424 92
7 507 4
43 162 40
241 338 238
107 165 104
168 352 168
413 425 410
197 307 194
97 245 94
104 298 104
448 494 448
32 140 32
38 367 38
3 168 1
23 141 20
485 492 482
280 392 280
453 476 450
294 302 294
34 261 34
6 43 6
220 512 220
89 353 86
435 443 432
117 126 114
302 488 302
119 448 116
75 428 72
194 497 194
129 306 126
175 285 172
53 151 50
128 382 128
224 283 224
21 296 18
457 510 454
365 400 362
233 314 230
280 307 280
268 286 268
17 31 14
59 372 56
42 150 42
102 152 102
105 145 102
365 509 362
80 242 80
103 390 100
265 310 262
246 334 246
265 302 262
465 479 462
220 374 220
119 143 116
174 442 174
232 502 232
344 425 344
11 185 8
407 457 404
152 466 152
229 432 226
273 444 270
279 341 276
218 362 218
57 288 54
196 308 196
163 434 160
229 461 226
3 183 1
219 490 216
76 191 76
173 402 170
224 402 224
91 210 88
34 142 34
105 416 102
99 134 96
130 209 130
247 261 244
323 466 320
125 188 122
329 434 326
329 405 326
11 29 8
246 367 246
249 487 246
471 495 468
301 371 298
447 476 444
71 286 68
443 456 440
219 280 216
281 333 278
86 218 86
119 163 116
229 476 226
68 214 68
141 489 138
66 69 66
259 435 256
251 390 248
54 67 54
107 498 104
183 443 180
132 229 132
431 470 428
165 288 162
340 352 340
213 272 210
109 420 106
193 385 190
301 317 298
459 469 456
43 238 40
273 388 270
365 481 362
154 369 154
322 380 322
236 452 236
334 397 334
349 427 346
220 322 220
171 272 168
103 434 100
317 480 314
4 27 4
72 512 72
225 438 222
80 492 80
3 405 1
273 419 270
266 291 266
159 477 156
195 240 192
221 326 218
461 474 458
114 219 114
325 479 322
189 433 186
82 470 82
35 131 32
325 510 322
87 373 84
73 107 70
241 376 238
24 390 24
121 301 118
104 265 104
46 278 46
34 165 34
427 460 424
142 381 142
275 354 272
104 428 104
75 220 72
83 152 80
302 491 302
156 501 156
2 21 2
431 500 428
333 509 330
47 470 44
46 72 46
189 260 186
104 204 104
173 232 170
221 453 218
73 489 70
223 239 220
34 291 34
201 500 198
79 321 76
508 509 506
77 204 74
109 294 106
109 410 106
255 401 252
234 323 234
460 472 460
136 453 136
96 220 96
247 392 244
287 326 284
260 423 260
297 359 294
24 48 24
102 265 102
13 219 10
125 334 122
19 85 16
267 393 264
90 95 90
33 80 30
178 311 178
502 503 500
135 273 132
427 476 424
151 224 148
107 304 104
159 384 156
379 395 376
13 246 10
7 456 4
193 372 190
203 319 200
303 484 300
46 86 46
195 276 192
12 113 12
14 68 14
193 297 190
179 349 176
218 230 218
215 379 212
455 505 452
103 389 100
127 405 124
229 239 226
221 304 218
221 275 218
6 246 6
373 418 370
473 488 470
4 405 4
485 493 482
1 170 1
41 74 38
293 421 290
287 445 284
158 295 158
233 410 230
94 137 94
78 380 78
439 498 436
46 98 46
205 409 202
341 403 338
392 394 392
351 503 348
63 478 60
342 458 342
141 226 138
230 332 230
128 512 128
154 362 154
362 510 362
160 420 160
438 472 438
80 310 80
73 299 70
191 504 188
180 384 180
63 188 60
84 462 84
249 313 246
477 493 474
319 503 316
341 489 338
10 110 10
271 411 268
378 401 378
174 467 174
97 145 94
109 177 106
298 512 298
419 455 416
97 178 94
140 178 140
32 497 32
116 473 116
189 366 186
100 195 100
445 503 442
355 434 352
390 496 390
162 169 162
69 212 66
233 255 230
435 502 432
56 346 56
221 470 218
33 218 30
229 512 226
124 370 124
373 436 370
362 458 362
295 350 292
126 195 126
78 217 78
105 512 102
1 309 1
66 223 66
12 333 12
99 150 96
61 86 58
14 49 14
86 297 86
145 457 142
19 25 16
1 315 1
461 501 458
255 290 252
151 158 148
271 275 268
18 19 16
343 418 340
186 207 186
125 371 122
36 110 36
18 35 18
180 425 180
27 464 24
19 420 16
257 490 254
4 10 4
160 333 160
161 481 158
288 498 288
247 413 244
25 476 22
125 310 122
393 507 390
10 201 10
63 359 60
30 391 30
39 337 36
9 188 6
8 66 8
199 284 196
47 89 44
432 463 432
443 485 440
275 291 272
433 509 430
427 509 424
15 80 12
270 336 270
421 509 418
300 324 300
119 426 116
501 510 498
44 359 44
77 139 74
337 509 334
223 289 220
155 295 152
134 401 134
103 229 100
120 229 120
79 272 76
158 190 158
201 479 198
384 412 384
234 488 234
164 239 164
300 413 300
94 287 94
35 105 32
197 240 194
18 78 18
34 42 34
225 296 222
9 500 6
157 427 154
8 137 8
302 361 302
369 415 366
466 490 466
117 418 114
200 253 200
12 94 12
471 494 468
236 500 236
185 187 182
229 387 226
496 512 496
61 439 58
223 259 220
44 417 44
54 195 54
132 447 132
46 404 46
58 452 58
69 257 66
211 315 208
396 497 396
95 226 92
450 490 450
149 397 146
17 484 14
35 42 32
309 462 306
237 299 234
107 190 104
189 489 186
263 482 260
75 339 72
302 506 302
163 428 160
107 193 104
51 95 48
417 457 414
459 497 456
267 480 264
453 456 450
273 502 270
208 429 208
126 152 126
209 491 206
108 306 108
388 512 388
71 220 68
26 512 26
197 254 194
261 404 258
485 490 482
112 310 112
194 280 194
249 314 246
22 34 22
113 185 110
464 490 464
487 499 484
67 400 64
449 488 446
83 436 80
3 185 1
102 154 102
329 420 326
109 360 106
97 198 94
137 138 134
315 363 312
139 266 136
279 383 276
329 498 326
11 397 8
138 335 138
204 365 204
145 188 142
394 404 394
24 482 24
84 125 84
321 333 318
29 228 26
179 477 176
143 319 140
199 458 196
97 379 94
133 339 130
111 116 108
202 426 202
288 416 288
302 421 302
281 425 278
181 470 178
86 296 86
487 504 484
471 484 468
207 390 204
356 476 356
411 489 408
152 512 152
59 123 56
318 319 316
47 243 44
370 512 370
108 173 108
117 436 114
58 281 58
45 510 42
222 359 222
421 440 418
30 62 30
109 437 106
59 311 56
485 494 482
199 436 196
205 474 202
100 227 100
351 500 348
93 126 90
26 44 26
132 294 132
443 457 440
380 424 380
185 412 182
35 233 32
329 411 326
277 461 274
405 492 402
67 217 64
265 450 262
179 206 176
253 389 250
251 400 248
170 331 170
99 109 96
359 450 356
79 443 76
307 457 304
69 450 66
244 249 244
62 94 62
421 445 418
349 473 346
156 160 156
230 293 230
197 267 194
143 215 140
65 107 62
369 507 366
106 371 106
46 81 46
255 392 252
324 339 324
27 76 24
413 426 410
123 439 120
133 163 130
325 493 322
253 406 250
127 167 124
260 384 260
361 471 358
323 451 320
307 411 304
340 428 340
327 333 324
261 335 258
28 40 28
487 488 484
183 499 180
191 445 188
76 174 76
275 396 272
38 298 38
423 485 420
245 352 242
43 347 40
135 462 132
192 345 192
207 429 204
193 475 190
56 85 56
199 206 196
255 381 252
249 387 246
183 349 180
29 408 26
299 345 296
87 375 84
243 329 240
211 415 208
306 403 306
198 210 198
265 418 262
464 498 464
265 408 262
334 500 334
68 101 68
57 389 54
271 512 268
403 450 400
387 444 384
153 221 150
219 486 216
217 423 214
72 125 72
186 254 186
280 431 280
274 442 274
53 431 50
312 444 312
26 296 26
87 343 84
334 450 334
199 298 196
77 427 74
79 501 76
333 371 330
62 404 62
298 321 298
407 424 404
63 420 60
189 387 186
159 499 156
341 353 338
12 322 12
71 320 68
128 135 128
475 490 472
5 414 2
336 378 336
457 494 454
121 152 118
208 332 208
309 403 306
41 249 38
232 434 232
135 151 132
103 189 100
271 405 268
230 263 230
220 407 220
260 261 258
17 88 14
13 182 10
305 474 302
392 424 392
169 433 166
135 186 132
14 137 14
114 179 114
107 351 104
173 505 170
278 358 278
303 496 300
330 512 330
489 499 486
204 278 204
248 258 248
21 384 18
379 392 376
106 385 106
85 387 82
431 484 428
102 348 102
29 319 26
151 383 148
111 330 108
283 306 280
417 428 414
92 469 92
19 501 16
64 97 64
49 270 46
347 490 344
423 493 420
171 366 168
363 509 360
330 425 330
77 130 74
437 502 434
117 464 114
186 221 186
223 279 220
274 366 274
415 444 412
53 145 50
299 451 296
207 327 204
107 327 104
215 403 212
380 432 380
180 222 180
386 439 386
28 80 28
101 268 98
19 510 16
475 508 472
8 82 8
76 279 76
16 262 16
54 235 54
61 308 58
143 363 140
379 510 376
377 503 374
77 288 74
206 208 206
92 271 92
9 412 6
1 186 1
141 281 138
87 362 84
221 310 218
320 459 320
90 261 90
459 466 456
139 382 136
75 476 72
121 460 118
59 421 56
333 365 330
32 48 32
13 506 10
93 116 90
457 505 454
73 416 70
254 305 254
146 280 146
65 312 62
77 412 74
250 470 250
34 256 34
223 352 220
447 451 444
160 208 160
1 420 1
2 38 2
419 422 416
157 480 154
19 495 16
230 418 230
295 360 292
33 96 30
19 372 16
192 400 192
159 512 156
55 344 52
46 316 46
140 190 140
82 157 82
315 319 312
137 447 134
55 395 52
267 279 264
109 353 106
208 292 208
19 470 16
272 505 272
222 292 222
264 268 264
104 149 104
23 293 20
248 367 248
122 309 122
251 263 248
54 111 54
169 276 166
337 439 334
457 496 454
389 440 386
33 139 30
99 201 96
5 317 2
149 335 146
353 478 350
487 498 484
70 141 70
162 316 162
377 510 374
415 483 412
383 476 380
231 319 228
347 424 344
232 466 232
28 450 28
15 206 12
251 412 248
313 441 310
8 197 8
16 24 16
247 374 244
435 473 432
328 411 328
162 267 162
353 503 350
431 453 428
79 301 76
77 110 74
234 346 234
415 487 412
134 233 134
183 424 180
369 447 366
82 192 82
291 294 288
112 370 112
353 465 350
37 270 34
235 443 232
177 245 174
412 476 412
219 361 216
270 489 270
101 214 98
325 440 322
403 463 400
32 54 32
215 255 212
265 423 262
125 307 122
239 360 236
468 469 466
220 336 220
194 381 194
335 504 332
157 438 154
52 228 52
352 476 352
266 474 266
189 411 186
45 497 42
75 452 72
255 366 252
164 334 164
409 437 406
8 15 8
197 213 194
182 414 182
313 316 310
154 186 154
437 497 434
175 184 172
41 76 38
125 326 122
31 253 28
153 477 150
371 415 368
330 331 328
228 273 228
417 460 414
170 417 170
495 498 492
383 434 380
184 311 184
65 250 62
118 252 118
241 323 238
76 229 76
13 148 10
110 188 110
144 467 144
467 507 464
392 422 392
13 42 10
453 501 450
485 499 482
20 98 20
431 451 428
154 155 152
133 444 130
43 191 40
204 499 204
191 487 188
401 402 398
427 471 424
205 338 202
66 88 66
268 512 268
173 459 170
96 273 96
359 464 356
111 349 108
367 397 364
269 315 266
98 375 98
14 175 14
274 430 274
53 473 50
181 495 178
287 316 284
124 125 122
175 256 172
343 461 340
132 180 132
46 258 46
433 488 430
345 503 342
77 176 74
54 340 54
96 101 96
57 68 54
83 178 80
333 345 330
299 364 296
2 33 2
267 306 264
193 271 190
113 228 110
205 450 202
48 121 48
200 370 200
181 363 178
32 308 32
37 163 34
357 472 354
435 503 432
2 6 2
35 218 32
1 7 1
55 192 52
116 226 116
436 453 436
368 403 368
14 118 14
230 445 230
202 271 202
328 426 328
287 352 284
200 365 200
367 431 364
132 505 132
151 454 148
209 227 206
219 299 216
141 469 138
241 494 238
445 487 442
46 380 46
320 418 320
369 458 366
75 454 72
196 512 196
297 454 294
41 285 38
156 436 156
255 348 252
141 182 138
373 480 370
341 442 338
266 347 266
34 50 34
427 477 424
438 439 436
140 278 140
409 481 406
196 331 196
236 275 236
255 512 252
323 355 320
179 346 176
258 365 258
381 511 378
432 507 432
27 457 24
149 437 146
278 458 278
217 365 214
251 433 248
224 382 224
407 446 404
28 84 28
332 366 332
140 228 140
150 287 150
163 460 160
115 383 112
455 463 452
275 371 272
12 14 12
198 365 198
163 303 160
253 288 250
75 96 72
122 482 122
250 288 250
186 299 186
23 291 20
303 408 300
313 379 310
277 370 274
45 257 42
434 512 434
45 343 42
177 317 174
212 359 212
71 268 68
255 312 252
124 400 124
355 418 352
281 288 278
149 506 146
293 418 290
400 463 400
307 432 304
17 221 14
176 227 176
141 404 138
455 477 452
339 382 336
63 344 60
151 426 148
111 171 108
119 447 116
119 210 116
365 386 362
131 423 128
102 318 102
16 60 16
302 459 302
21 224 18
293 364 290
89 213 86
268 371 268
133 371 130
405 460 402
130 228 130
48 132 48
32 53 32
107 303 104
105 373 102
3 494 1
466 480 466
96 475 96
124 131 124
196 303 196
91 411 88
68 201 68
92 289 92
272 330 272
111 430 108
1 321 1
355 393 352
20 136 20
194 357 194
453 512 450
341 399 338
345 471 342
5 476 2
105 380 102
108 374 108
270 392 270
321 328 318
51 191 48
281 499 278
167 350 164
49 293 46
299 401 296
360 420 360
243 395 240
315 485 312
187 292 184
291 331 288
61 263 58
190 483 190
17 473 14
309 423 306
18 297 18
277 305 274
10 89 10
60 446 60
64 300 64
352 434 352
37 302 34
196 226 196
200 374 200
158 232 158
11 311 8
23 174 20
281 384 278
307 401 304
325 393 322
165 421 162
49 319 46
299 370 296
114 169 114
289 400 286
81 474 78
100 149 100
70 74 70
63 438 60
276 412 276
63 171 60
385 487 382
401 419 398
401 462 398
2 214 2
25 477 22
419 486 416
66 131 66
319 438 316
303 443 300
74 248 74
327 394 324
254 299 254
301 492 298
158 450 158
109 310 106
463 484 460
393 447 390
377 497 374
20 133 20
379 461 376
133 367 130
22 87 22
302 340 302
121 169 118
183 300 180
20 345 20
211 230 208
425 440 422
122 293 122
77 497 74
236 406 236
216 463 216
90 223 90
112 220 112
47 266 44
173 384 170
289 457 286
133 228 130
367 484 364
261 443 258
48 340 48
74 331 74
312 356 312
93 478 90
173 332 170
54 85 54
209 415 206
311 405 308
427 505 424
459 474 456
311 368 308
421 502 418
150 259 150
7 483 4
166 331 166
49 141 46
110 403 110
337 471 334
97 486 94
128 396 128
97 187 94
337 438 334
267 474 264
9 338 6
155 162 152
150 368 150
118 413 118
269 424 266
425 442 422
272 308 272
409 494 406
43 196 40
466 485 466
186 381 186
203 253 200
239 290 236
158 267 158
445 447 442
131 444 128
87 331 84
272 428 272
214 314 214
114 375 114
75 149 72
24 79 24
189 266 186
407 444 404
41 291 38
298 477 298
230 427 230
64 356 64
274 404 274
149 279 146
453 475 450
349 467 346
79 498 76
164 252 164
457 487 454
45 471 42
149 347 146
108 182 108
76 134 76
76 403 76
65 399 62
170 408 170
292 496 292
103 158 100
39 407 36
38 397 38
437 463 434
86 293 86
329 512 326
199 402 196
15 402 12
375 443 372
141 171 138
60 76 60
383 480 380
19 355 16
425 473 422
91 265 88
340 366 340
275 486 272
211 493 208
317 336 314
73 417 70
451 496 448
285 350 282
15 259 12
313 320 310
167 470 164
181 276 178
421 504 418
233 374 230
211 251 208
205 371 202
192 224 192
203 236 200
289 380 286
495 496 492
363 508 360
453 504 450
5 408 2
295 434 292
134 471 134
41 329 38
4 87 4
433 504 430
8 133 8
159 486 156
219 428 216
17 68 14
148 325 148
262 455 262
121 433 118
193 362 190
483 505 480
203 305 200
43 316 40
411 428 408
18 271 18
339 383 336
421 452 418
255 502 252
188 204 188
126 305 126
130 369 130
119 440 116
476 489 476
238 475 238
285 370 282
20 54 20
355 417 352
263 467 260
50 58 50
301 500 298
4 394 4
271 482 268
247 380 244
119 348 116
103 392 100
53 115 50
74 408 74
189 408 186
265 285 262
180 324 180
286 303 286
335 395 332
350 427 350
250 480 250
120 147 120
63 309 60
225 300 222
243 383 240
367 458 364
175 425 172
139 178 136
252 381 252
149 461 146
232 242 232
51 301 48
29 335 26
461 508 458
288 320 288
318 338 318
201 431 198
20 329 20
66 327 66
82 131 82
114 144 114
353 420 350
417 433 414
54 209 54
166 272 166
338 368 338
241 251 238
305 475 302
181 391 178
122 178 122
154 349 154
67 338 64
215 296 212
197 293 194
194 458 194
31 350 28
176 220 176
497 506 494
161 395 158
118 342 118
64 476 64
21 235 18
261 424 258
397 494 394
28 29 26
17 197 14
68 318 68
278 449 278
78 201 78
70 320 70
96 112 96
318 495 318
207 253 204
197 257 194
23 453 20
357 447 354
427 428 424
168 472 168
275 391 272
387 452 384
362 416 362
36 456 36
215 241 212
397 470 394
343 467 340
184 387 184
235 482 232
173 382 170
111 131 108
43 116 40
343 431 340
109 132 106
373 505 370
473 499 470
102 512 102
287 324 284
204 239 204
145 357 142
311 428 308
77 201 74
91 359 88
264 385 264
153 156 150
167 303 164
236 415 236
274 385 274
26 368 26
305 469 302
101 504 98
10 158 10
237 291 234
358 359 356
143 317 140
64 188 64
346 512 346
153 332 150
65 125 62
378 379 376
385 465 382
257 320 254
80 512 80
155 283 152
83 447 80
87 105 84
136 148 136
355 456 352
369 427 366
140 232 140
322 512 322
449 479 446
113 299 110
140 161 140
129 487 126
44 309 44
172 233 172
28 35 28
41 306 38
189 341 186
219 303 216
155 406 152
348 414 348
35 120 32
54 327 54
114 138 114
361 413 358
24 183 24
166 326 166
275 372 272
231 431 228
50 229 50
219 236 216
227 483 224
192 416 192
82 346 82
286 344 286
458 510 458
2 263 2
173 221 170
167 243 164
83 512 80
115 395 112
273 362 270
165 487 162
115 330 112
231 315 228
339 416 336
1 79 1
431 502 428
135 297 132
206 504 206
160 489 160
324 473 324
331 387 328
116 460 116
196 197 194
41 425 38
48 209 48
387 493 384
6 309 6
26 484 26
112 217 112
286 393 286
39 334 36
188 232 188
191 471 188
416 428 416
85 355 82
119 228 116
124 173 124
46 322 46
389 512 386
101 426 98
239 320 236
131 490 128
42 401 42
154 321 154
58 101 58
101 223 98
97 383 94
17 511 14
82 125 82
392 393 390
188 252 188
155 417 152
128 242 128
12 284 12
72 408 72
200 504 200
122 391 122
42 199 42
86 288 86
197 422 194
210 451 210
51 73 48
100 142 100
320 476 320
391 465 388
43 60 40
109 401 106
151 411 148
138 216 138
217 330 214
143 185 140
287 402 284
191 474 188
96 207 96
165 251 162
104 331 104
258 403 258
451 489 448
1 76 1
36 75 36
170 327 170
286 401 286
186 394 186
1 268 1
12 62 12
6 288 6
54 74 54
147 158 144
8 340 8
293 334 290
173 440 170
216 291 216
186 378 186
131 453 128
385 497 382
76 170 76
241 414 238
246 301 246
407 429 404
1 63 1
87 94 84
309 371 306
165 259 162
471 507 468
423 442 420
127 233 124
443 472 440
425 439 422
271 354 268
92 138 92
196 247 196
207 313 204
33 251 30
14 293 14
377 416 374
277 289 274
107 329 104
113 196 110
41 136 38
36 309 36
41 93 38
2 32 2
345 355 342
208 351 208
117 203 114
4 68 4
253 366 250
64 424 64
21 92 18
131 373 128
96 504 96
248 493 248
53 104 50
137 354 134
198 308 198
103 232 100
1 69 1
148 235 148
94 228 94
71 467 68
137 215 134
307 439 304
255 393 252
275 402 272
31 451 28
348 442 348
29 70 26
388 412 388
52 258 52
170 194 170
225 500 222
316 370 316
441 480 438
355 375 352
74 364 74
441 479 438
30 60 30
21 402 18
383 458 380
106 126 106
312 372 312
95 403 92
329 442 326
87 313 84
285 482 282
73 371 70
398 420 398
53 313 50
298 462 298
63 402 60
155 201 152
41 192 38
231 354 228
97 294 94
31 113 28
261 298 258
60 233 60
58 472 58
52 335 52
250 389 250
65 335 62
100 266 100
41 230 38
261 351 258
283 505 280
221 429 218
146 331 146
178 213 178
202 209 202
261 425 258
184 351 184
199 462 196
15 458 12
102 373 102
70 291 70
131 146 128
235 451 232
153 381 150
489 509 486
173 422 170
363 390 360
48 85 48
7 477 4
60 435 60
72 312 72
389 434 386
371 447 368
239 367 236
423 449 420
289 341 286
239 311 236
184 398 184
280 453 280
141 372 138
119 413 116
416 433 416
140 224 140
447 459 444
432 470 432
153 498 150
131 399 128
46 62 46
487 492 484
207 221 204
55 150 52
413 471 410
57 397 54
431 444 428
4 425 4
9 286 6
99 191 96
177 341 174
121 236 118
101 508 98
222 255 222
169 453 166
66 423 66
38 142 38
233 318 230
27 283 24
373 421 370
461 503 458
59 117 56
91 270 88
333 368 330
211 291 208
369 504 366
39 55 36
281 430 278
401 422 398
483 510 480
215 292 212
176 348 176
456 470 456
46 426 46
415 469 412
87 212 84
249 457 246
148 199 148
69 247 66
177 376 174
357 473 354
54 97 54
109 475 106
123 321 120
25 70 22
48 375 48
38 361 38
199 321 196
388 498 388
444 476 444
169 219 166
281 401 278
273 280 270
239 440 236
155 195 152
96 395 96
111 357 108
126 141 126
65 177 62
16 69 16
165 416 162
126 368 126
446 453 446
318 400 318
143 300 140
14 58 14
285 508 282
61 511 58
14 86 14
12 159 12
144 260 144
224 450 224
39 73 36
382 436 382
183 512 180
130 282 130
226 266 226
340 350 340
197 400 194
381 445 378
237 499 234
41 399 38
248 278 248
34 145 34
70 132 70
278 467 278
175 200 172
219 239 216
54 105 54
41 102 38
309 448 306
189 240 186
125 403 122
277 374 274
99 301 96
126 127 124
239 303 236
48 224 48
343 385 340
441 476 438
1 251 1
100 299 100
379 422 376
14 178 14
5 377 2
273 366 270
84 375 84
176 205 176
22 465 22
329 464 326
222 321 222
111 179 108
268 374 268
76 299 76
235 472 232
107 461 104
80 377 80
26 343 26
267 338 264
176 273 176
155 379 152
59 150 56
164 246 164
136 417 136
66 379 66
303 482 300
126 288 126
150 401 150
24 57 24
111 350 108
282 319 282
233 505 230
407 502 404
426 436 426
362 441 362
9 157 6
119 253 116
2 146 2
273 508 270
331 472 328
13 296 10
3 507 1
65 219 62
160 316 160
81 363 78
219 319 216
236 485 236
225 286 222
257 309 254
94 292 94
243 465 240
6 163 6
20 61 20
192 197 192
391 458 388
367 474 364
399 475 396
48 305 48
319 512 316
197 242 194
15 512 12
175 204 172
297 512 294
18 67 18
204 219 204
360 385 360
197 444 194
194 426 194
254 290 254
235 260 232
87 108 84
215 444 212
312 512 312
61 75 58
59 448 56
268 307 268
219 503 216
223 338 220
81 195 78
91 196 88
63 296 60
223 512 220
189 349 186
271 418 268
50 215 50
123 269 120
323 379 320
481 487 478
66 73 66
93 258 90
60 378 60
16 49 16
219 275 216
49 85 46
257 417 254
291 310 288
417 456 414
436 451 436
45 193 42
227 256 224
11 193 8
33 311 30
275 468 272
243 447 240
209 507 206
451 501 448
158 280 158
67 344 64
163 284 160
6 254 6
10 308 10
113 264 110
35 298 32
149 512 146
373 504 370
45 347 42
353 427 350
289 486 286
137 153 134
203 264 200
197 306 194
486 487 484
71 211 68
433 507 430
93 471 90
387 394 384
271 333 268
83 104 80
111 303 108
47 111 44
209 418 206
238 301 238
8 385 8
454 481 454
80 206 80
195 369 192
83 288 80
157 252 154
447 495 444
87 319 84
154 512 154
97 509 94
198 385 198
62 164 62
479 509 476
249 377 246
393 427 390
39 455 36
336 453 336
75 106 72
141 317 138
111 114 108
188 381 188
106 453 106
98 353 98
455 490 452
333 407 330
226 433 226
7 248 4
204 505 204
363 439 360
52 58 52
211 290 208
237 483 234
305 328 302
169 512 166
197 471 194
354 467 354
31 163 28
411 509 408
277 427 274
1 402 1
332 459 332
217 469 214
177 312 174
275 368 272
319 377 316
155 493 152
332 342 332
121 457 118
309 391 306
410 424 410
481 504 478
132 278 132
125 398 122
176 512 176
147 360 144
125 429 122
41 324 38
383 384 380
486 512 486
471 503 468
459 487 456
350 360 350
98 99 96
475 505 472
89 175 86
140 259 140
419 443 416
34 156 34
25 87 22
235 463 232
105 278 102
172 187 172
209 308 206
175 188 172
35 316 32
89 502 86
421 506 418
14 74 14
87 310 84
105 191 102
4 135 4
152 484 152
365 418 362
239 411 236
28 114 28
22 262 22
6 213 6
35 163 32
220 267 220
371 466 368
136 496 136
231 409 228
37 154 34
383 444 380
281 399 278
50 181 50
92 239 92
329 387 326
289 298 286
419 479 416
167 488 164
179 258 176
4 11 4
64 114 64
331 438 328
427 448 424
141 344 138
181 200 178
297 491 294
425 492 422
4 260 4
61 290 58
285 398 282
308 309 306
134 312 134
195 260 192
185 413 182
75 142 72
64 342 64
175 258 172
19 196 16
118 445 118
201 221 198
85 322 82
214 287 214
213 472 210
145 335 142
379 386 376
23 372 20
159 179 156
8 502 8
87 281 84
9 193 6
415 456 412
384 397 384
7 460 4
199 269 196
58 168 58
47 330 44
405 483 402
66 97 66
269 321 266
159 200 156
51 141 48
297 475 294
104 324 104
86 427 86
365 389 362
370 466 370
437 455 434
275 467 272
299 408 296
128 227 128
194 213 194
208 447 208
287 498 284
313 479 310
38 285 38
225 382 222
63 425 60
331 490 328
119 462 116
34 386 34
145 303 142
67 119 64
1 89 1
38 502 38
133 400 130
307 505 304
246 350 246
8 306 8
229 383 226
423 503 420
22 329 22
150 493 150
79 136 76
339 412 336
114 429 114
306 323 306
299 335 296
3 136 1
256 288 256
317 394 314
23 102 20
107 331 104
468 501 468
86 312 86
156 439 156
53 361 50
285 305 282
76 331 76
3 442 1
53 71 50
97 332 94
105 473 102
411 414 408
76 277 76
1 327 1
256 409 256
201 231 198
373 430 370
117 453 114
355 389 352
127 463 124
273 338 270
142 463 142
323 378 320
197 453 194
125 446 122
122 401 122
215 499 212
384 485 384
249 504 246
283 356 280
325 372 322
252 336 252
39 446 36
59 459 56
160 171 160
46 326 46
297 352 294
229 288 226
133 407 130
78 379 78
28 338 28
125 497 122
66 105 66
315 388 312
74 417 74
337 510 334
399 408 396
78 126 78
281 449 278
249 421 246
433 448 430
315 460 312
23 486 20
417 419 414
3 262 1
407 432 404
67 505 64
291 448 288
250 379 250
40 512 40
485 487 482
443 450 440
421 478 418
55 394 52
57 426 54
244 257 244
188 254 188
70 164 70
28 239 28
386 441 386
330 454 330
169 506 166
491 511 488
310 311 308
67 333 64
130 354 130
161 352 158
313 398 310
52 126 52
50 153 50
80 122 80
98 364 98
63 489 60
41 132 38
297 451 294
415 428 412
320 360 320
445 454 442
130 456 130
268 354 268
345 439 342
357 415 354
149 349 146
164 195 164
103 302 100
227 303 224
93 364 90
25 285 22
357 389 354
405 487 402
79 275 76
105 136 102
167 455 164
35 43 32
135 239 132
56 160 56
325 379 322
441 442 438
357 377 354
49 343 46
214 442 214
159 283 156
7 388 4
342 388 342
87 510 84
244 323 244
29 435 26
500 512 500
88 337 88
108 512 108
397 449 394
43 96 40
323 405 320
145 401 142
147 429 144
15 194 12
41 213 38
143 293 140
441 463 438
266 327 266
255 473 252
107 509 104
79 153 76
175 241 172
133 457 130
235 244 232
371 509 368
180 268 180
409 425 406
409 448 406
112 475 112
78 420 78
12 93 12
357 507 354
94 423 94
401 403 398
133 238 130
162 163 160
182 323 182
161 415 158
27 97 24
45 364 42
440 512 440
98 209 98
24 55 24
161 337 158
19 166 16
435 475 432
188 243 188
335 458 332
81 203 78
7 297 4
119 427 116
59 161 56
4 459 4
135 466 132
497 499 494
202 453 202
282 463 282
162 411 162
210 262 210
427 492 424
179 226 176
403 465 400
130 343 130
51 159 48
104 146 104
213 284 210
106 234 106
129 136 126
423 484 420
355 359 352
215 327 212
22 442 22
277 512 274
87 409 84
28 230 28
122 191 122
71 105 68
421 512 418
167 498 164
17 337 14
191 273 188
125 412 122
265 360 262
179 234 176
331 354 328
357 479 354
107 121 104
71 331 68
144 282 144
79 431 76
78 87 78
385 403 382
339 490 336
25 47 22
323 446 320
40 72 40
451 484 448
342 355 342
58 59 56
30 240 30
236 492 236
157 167 154
393 413 390
453 471 450
433 512 430
323 418 320
247 359 244
8 349 8
153 376 150
38 56 38
89 169 86
46 344 46
259 479 256
67 150 64
83 252 80
72 288 72
152 503 152
148 336 148
500 507 500
183 313 180
132 267 132
301 478 298
21 227 18
461 505 458
371 471 368
493 497 490
335 373 332
177 504 174
61 84 58
161 325 158
70 336 70
91 470 88
179 227 176
162 215 162
149 443 146
106 152 106
455 480 452
249 369 246
127 430 124
199 248 196
325 400 322
371 495 368
193 428 190
319 356 316
429 446 426
92 94 92
221 278 218
330 487 330
7 99 4
275 375 272
189 212 186
439 488 436
365 368 362
363 403 360
121 487 118
71 334 68
337 467 334
9 419 6
443 473 440
40 208 40
208 414 208
66 467 66
301 346 298
169 490 166
385 475 382
52 437 52
197 286 194
41 416 38
115 309 112
73 493 70
292 321 292
480 490 480
297 469 294
367 469 364
257 398 254
170 207 170
75 251 72
143 433 140
403 469 400
254 512 254
245 302 242
115 167 112
361 457 358
68 152 68
194 473 194
252 368 252
63 331 60
37 221 34
147 442 144
428 503 428
431 507 428
345 509 342
176 477 176
291 433 288
20 114 20
93 253 90
118 153 118
247 257 244
34 59 34
251 469 248
284 451 284
131 208 128
372 419 372
104 458 104
354 482 354
170 422 170
263 447 260
475 499 472
52 190 52
164 212 164
145 510 142
145 201 142
383 469 380
45 301 42
124 512 124
256 493 256
6 48 6
69 209 66
28 315 28
5 308 2
357 506 354
106 236 106
76 110 76
219 463 216
493 503 490
268 343 268
339 443 336
341 432 338
263 280 260
130 292 130
233 406 230
103 252 100
15 111 12
170 373 170
28 72 28
413 482 410
41 216 38
58 100 58
61 458 58
266 363 266
67 151 64
17 256 14
95 231 92
311 392 308
83 165 80
477 489 474
137 308 134
17 101 14
94 158 94
403 512 400
166 256 166
285 392 282
94 502 94
338 360 338
66 233 66
393 454 390
165 292 162
2 131 2
195 452 192
57 425 54
355 450 352
186 359 186
33 279 30
117 384 114
343 470 340
126 203 126
52 431 52
64 128 64
183 199 180
323 489 320
153 249 150
299 403 296
131 295 128
385 495 382
176 466 176
82 237 82
254 340 254
65 113 62
250 395 250
119 271 116
331 363 328
303 429 300
291 509 288
56 175 56
150 331 150
299 437 296
124 286 124
193 462 190
32 305 32
479 492 476
137 327 134
208 386 208
479 510 476
40 58 40
161 212 158
235 512 232
253 505 250
18 229 18
224 265 224
35 195 32
94 236 94
485 502 482
2 241 2
443 453 440
172 317 172
23 195 20
348 389 348
407 508 404
80 117 80
314 355 314
293 488 290
54 145 54
380 420 380
243 429 240
45 164 42
22 62 22
192 458 192
137 353 134
61 67 58
209 289 206
23 204 20
33 65 30
187 303 184
89 457 86
10 317 10
195 393 192
29 259 26
205 294 202
144 162 144
353 403 350
22 266 22
294 489 294
57 219 54
62 444 62
108 166 108
455 487 452
14 466 14
345 406 342
316 349 316
433 502 430
189 215 186
45 490 42
373 396 370
451 494 448
55 184 52
18 43 18
391 433 388
2 102 2
351 420 348
409 510 406
81 433 78
30 64 30
199 262 196
155 217 152
147 454 144
26 160 26
30 145 30
270 510 270
271 322 268
207 276 204
350 400 350
76 342 76
377 407 374
18 50 18
323 430 320
335 460 332
235 333 232
312 510 312
293 451 290
94 275 94
122 252 122
16 255 16
375 457 372
38 213 38
19 50 16
167 287 164
426 510 426
4 128 4
74 109 74
48 334 48
260 284 260
36 455 36
81 169 78
283 480 280
66 76 66
128 145 128
465 493 462
485 501 482
32 242 32
117 171 114
53 176 50
345 348 342
15 240 12
295 492 292
109 131 106
323 371 320
15 286 12
129 195 126
20 23 20
50 52 50
443 506 440
20 135 20
89 252 86
253 414 250
36 81 36
213 392 210
433 462 430
205 237 202
287 464 284
6 119 6
399 407 396
493 509 490
303 504 300
297 414 294
170 497 170
244 463 244
124 151 124
217 497 214
299 376 296
162 331 162
379 471 376
81 83 78
17 170 14
245 472 242
489 506 486
253 458 250
119 362 116
75 377 72
219 322 216
13 190 10
333 363 330
279 472 276
165 393 162
357 365 354
261 411 258
297 384 294
263 353 260
65 424 62
63 360 60
132 219 132
71 446 68
129 459 126
56 359 56
279 404 276
179 271 176
45 324 42
92 158 92
461 506 458
409 459 406
484 494 484
132 156 132
117 362 114
123 320 120
74 145 74
97 478 94
139 506 136
152 319 152
143 235 140
491 496 488
101 387 98
173 427 170
92 187 92
343 503 340
447 507 444
47 314 44
320 365 320
148 166 148
367 445 364
18 29 18
53 491 50
120 302 120
225 494 222
179 366 176
242 243 240
259 499 256
4 20 4
365 491 362
362 425 362
151 296 148
19 415 16
168 180 168
192 375 192
373 512 370
237 332 234
210 288 210
292 333 292
422 468 422
9 302 6
335 479 332
6 56 6
168 214 168
158 248 158
229 230 226
113 319 110
445 478 442
51 101 48
90 278 90
367 477 364
282 501 282
432 499 432
368 501 368
183 379 180
158 444 158
255 265 252
297 478 294
377 448 374
413 473 410
377 494 374
147 383 144
194 491 194
215 361 212
281 433 278
437 494 434
188 345 188
20 69 20
248 348 248
258 415 258
411 492 408
177 482 174
115 429 112
75 310 72
64 445 64
308 366 308
217 310 214
258 484 258
266 444 266
249 373 246
6 321 6
119 220 116
268 276 268
68 225 68
61 194 58
184 272 184
84 166 84
21 425 18
34 512 34
23 253 20
154 270 154
162 189 162
77 179 74
305 470 302
480 512 480
456 475 456
89 263 86
76 208 76
19 471 16
92 391 92
79 397 76
376 435 376
259 327 256
266 457 266
435 438 432
261 370 258
218 277 218
49 212 46
167 228 164
87 388 84
215 507 212
345 506 342
407 484 404
447 470 444
357 478 354
62 65 62
276 420 276
322 354 322
156 296 156
21 497 18
67 462 64
329 383 326
159 220 156
253 431 250
71 463 68
369 506 366
417 483 414
41 338 38
43 98 40
70 71 68
50 69 50
12 41 12
105 246 102
423 445 420
39 61 36
34 167 34
172 210 172
69 473 66
136 364 136
64 461 64
71 340 68
111 436 108
317 497 314
491 506 488
181 304 178
169 225 166
363 381 360
261 331 258
89 249 86
283 420 280
82 227 82
363 496 360
127 178 124
319 376 316
36 71 36
157 238 154
142 307 142
255 479 252
343 499 340
197 477 194
169 218 166
68 448 68
327 439 324
129 143 126
76 184 76
309 511 306
459 508 456
281 434 278
98 237 98
406 433 406
183 492 180
147 325 144
84 512 84
311 339 308
77 315 74
2 137 2
29 31 26
331 402 328
148 498 148
455 460 452
244 271 244
23 60 20
37 235 34
351 467 348
158 349 158
144 446 144
240 380 240
403 458 400
169 403 166
206 438 206
78 245 78
72 108 72
271 417 268
267 341 264
193 267 190
269 439 266
467 478 464
21 505 18
139 413 136
152 454 152
486 496 486
60 132 60
240 512 240
277 507 274
37 99 34
94 188 94
343 486 340
198 497 198
226 447 226
351 415 348
218 449 218
45 365 42
281 461 278
7 83 4
447 490 444
8 43 8
25 343 22
72 357 72
33 201 30
250 367 250
275 466 272
49 404 46
76 237 76
337 344 334
348 406 348
265 484 262
134 333 134
306 396 306
449 451 446
161 166 158
68 273 68
105 199 102
122 163 122
46 392 46
38 380 38
47 468 44
244 512 244
305 392 302
55 360 52
236 346 236
81 379 78
286 301 286
52 117 52
73 223 70
186 450 186
387 416 384
488 512 488
193 489 190
121 339 118
211 343 208
37 403 34
387 392 384
180 371 180
258 277 258
410 509 410
348 374 348
53 456 50
310 483 310
228 326 228
340 355 340
233 392 230
40 51 40
99 399 96
49 265 46
229 455 226
115 235 112
3 232 1
1 357 1
49 108 46
113 276 110
51 115 48
215 454 212
109 386 106
19 321 16
61 378 58
319 321 316
58 459 58
196 422 196
99 285 96
213 501 210
32 98 32
215 449 212
259 387 256
227 459 224
19 235 16
8 345 8
465 508 462
353 498 350
259 329 256
394 475 394
99 494 96
436 488 436
66 138 66
239 396 236
80 392 80
129 174 126
225 404 222
133 431 130
73 365 70
101 247 98
209 304 206
449 494 446
160 441 160
84 344 84
66 154 66
78 184 78
2 170 2
443 484 440
415 473 412
129 475 126
58 149 58
113 218 110
59 321 56
109 211 106
483 498 480
301 388 298
70 160 70
369 417 366
281 324 278
228 364 228
157 193 154
33 86 30
122 470 122
26 37 26
50 303 50
395 419 392
349 510 346
50 301 50
35 88 32
215 438 212
178 281 178
397 454 394
106 223 106
209 277 206
234 351 234
77 97 74
484 511 484
200 472 200
363 442 360
73 452 70
407 452 404
171 205 168
22 461 22
50 108 50
3 384 1
379 477 376
251 348 248
8 19 8
17 290 14
327 401 324
365 409 362
189 272 186
238 480 238
129 334 126
365 512 362
285 502 282
52 196 52
406 475 406
217 332 214
189 428 186
141 198 138
373 375 370
209 368 206
159 334 156
351 432 348
282 291 282
321 363 318
120 315 120
159 345 156
147 324 144
82 224 82
289 461 286
157 510 154
123 310 120
261 511 258
145 170 142
237 491 234
395 441 392
193 283 190
273 276 270
216 301 216
413 465 410
319 505 316
235 359 232
325 389 322
31 380 28
5 118 2
149 470 146
117 254 114
280 406 280
225 339 222
92 404 92
188 484 188
38 308 38
158 168 158
81 167 78
97 439 94
239 512 236
235 373 232
55 245 52
8 449 8
319 453 316
115 160 112
310 374 310
187 234 184
424 512 424
293 320 290
401 447 398
342 428 342
121 402 118
24 192 24
78 278 78
432 448 432
44 387 44
136 473 136
102 216 102
133 221 130
237 364 234
297 455 294
479 507 476
128 199 128
388 420 388
195 464 192
9 506 6
240 372 240
395 479 392
367 448 364
207 394 204
123 454 120
44 69 44
12 413 12
189 345 186
147 315 144
205 510 202
191 339 188
172 212 172
39 354 36
13 14 10
103 219 100
95 452 92
273 474 270
435 447 432
251 418 248
153 429 150
257 415 254
192 294 192
417 505 414
419 457 416
120 512 120
106 391 106
81 241 78
207 357 204
394 497 394
463 498 460
148 329 148
97 324 94
403 466 400
85 430 82
129 280 126
46 415 46
407 479 404
263 499 260
156 231 156
57 237 54
20 34 20
373 499 370
131 306 128
216 273 216
434 504 434
149 232 146
36 123 36
154 200 154
61 114 58
413 496 410
393 422 390
109 287 106
278 383 278
110 214 110
179 243 176
153 180 150
110 187 110
235 272 232
301 442 298
103 310 100
6 113 6
30 152 30
114 187 114
465 502 462
95 491 92
74 167 74
51 112 48
68 347 68
501 511 498
147 428 144
227 486 224
128 358 128
87 197 84
221 350 218
89 207 86
453 459 450
229 356 226
36 47 36
303 402 300
159 212 156
216 390 216
391 467 388
99 102 96
119 159 116
164 507 164
473 478 470
382 401 382
219 440 216
167 239 164
424 478 424
130 419 130
27 451 24
453 507 450
273 469 270
477 498 474
141 330 138
44 391 44
377 397 374
133 187 130
349 447 346
137 422 134
107 370 104
368 415 368
374 495 374
111 408 108
278 290 278
76 210 76
15 74 12
211 433 208
132 464 132
421 469 418
18 129 18
55 293 52
115 325 112
343 462 340
213 223 210
52 183 52
47 299 44
130 296 130
76 494 76
125 319 122
204 512 204
6 133 6
14 458 14
141 463 138
12 332 12
217 401 214
115 385 112
314 349 314
67 132 64
1 301 1
335 467 332
162 392 162
187 439 184
323 404 320
435 488 432
41 464 38
357 406 354
62 399 62
38 292 38
20 57 20
296 337 296
45 155 42
31 151 28
180 348 180
127 198 124
200 324 200
215 360 212
326 377 326
46 292 46
411 426 408
61 164 58
335 485 332
351 481 348
206 230 206
165 355 162
62 228 62
311 362 308
127 492 124
13 202 10
67 195 64
99 512 96
361 402 358
21 383 18
14 62 14
49 365 46
337 405 334
356 473 356
294 447 294
129 141 126
211 284 208
31 123 28
314 343 314
158 289 158
306 418 306
451 460 448
342 443 342
141 185 138
260 314 260
396 508 396
439 458 436
99 402 96
16 128 16
11 447 8
69 385 66
243 365 240
128 253 128
255 437 252
102 191 102
45 316 42
10 236 10
346 355 346
363 464 360
175 358 172
458 494 458
313 377 310
17 91 14
219 498 216
279 325 276
25 215 22
359 478 356
264 512 264
436 446 436
477 506 474
275 476 272
382 503 382
270 339 270
21 252 18
275 360 272
349 431 346
305 444 302
450 501 450
117 282 114
100 107 100
234 309 234
100 120 100
375 434 372
217 382 214
141 191 138
67 137 64
261 346 258
143 311 140
103 179 100
259 347 256
257 505 254
291 383 288
15 493 12
233 354 230
89 114 86
283 324 280
115 352 112
214 330 214
147 413 144
199 474 196
275 290 272
373 392 370
277 402 274
133 198 130
124 391 124
256 296 256
383 462 380
385 512 382
44 59 44
41 382 38
167 175 164
51 116 48
41 292 38
234 498 234
74 359 74
123 287 120
314 422 314
305 332 302
65 240 62
331 457 328
44 233 44
209 429 206
7 252 4
191 333 188
167 492 164
425 507 422
217 448 214
21 89 18
389 482 386
451 457 448
237 445 234
176 482 176
132 284 132
323 427 320
195 326 192
49 204 46
94 229 94
115 199 112
139 492 136
321 411 318
233 504 230
423 460 420
167 245 164
154 203 154
31 415 28
142 188 142
326 353 326
27 445 24
349 458 346
373 441 370
1 48 1
277 343 274
424 452 424
55 236 52
131 294 128
72 352 72
69 494 66
348 386 348
8 93 8
197 390 194
339 512 336
102 287 102
16 31 16
53 195 50
120 295 120
149 367 146
57 510 54
11 328 8
311 395 308
61 254 58
401 439 398
243 408 240
40 220 40
40 57 40
132 416 132
37 361 34
13 35 10
95 172 92
382 409 382
345 349 342
292 376 292
467 473 464
209 384 206
220 255 220
181 466 178
69 325 66
23 177 20
64 306 64
89 423 86
278 305 278
75 332 72
267 469 264
369 431 366
425 500 422
89 416 86
112 137 112
377 415 374
281 377 278
181 313 178
189 248 186
336 342 336
74 75 72
389 406 386
20 252 20
335 419 332
412 503 412
259 394 256
206 299 206
83 336 80
59 171 56
134 244 134
52 59 52
429 433 426
124 205 124
249 407 246
104 284 104
189 434 186
200 383 200
44 71 44
196 423 196
131 507 128
173 247 170
290 350 290
245 354 242
165 226 162
120 242 120
377 445 374
72 421 72
316 337 316
4 258 4
429 467 426
20 211 20
142 413 142
53 105 50
127 282 124
249 378 246
227 285 224
79 444 76
303 465 300
333 350 330
419 484 416
45 67 42
353 506 350
128 356 128
251 312 248
322 386 322
81 192 78
50 162 50
291 358 288
391 400 388
137 482 134
86 397 86
91 306 88
383 443 380
150 497 150
163 277 160
203 481 200
125 236 122
470 480 470
22 169 22
123 421 120
233 409 230
312 469 312
116 163 116
157 421 154
429 488 426
107 369 104
293 324 290
50 187 50
131 174 128
128 420 128
15 487 12
203 360 200
151 491 148
20 27 20
431 498 428
243 359 240
159 346 156
235 489 232
3 307 1
134 315 134
308 456 308
191 443 188
132 243 132
23 90 20
129 324 126
48 126 48
88 289 88
88 497 88
60 258 60
189 224 186
419 446 416
395 462 392
176 177 174
289 292 286
77 330 74
93 311 90
109 425 106
387 453 384
246 454 246
439 467 436
57 263 54
227 314 224
150 458 150
207 319 204
204 301 204
5 16 2
92 352 92
315 377 312
347 464 344
60 263 60
296 334 296
58 196 58
308 447 308
125 414 122
300 348 300
220 258 220
118 298 118
80 157 80
149 243 146
327 464 324
299 441 296
52 289 52
131 464 128
272 440 272
109 434 106
42 322 42
211 474 208
19 253 16
86 172 86
74 193 74
96 390 96
101 458 98
145 409 142
253 436 250
30 116 30
16 352 16
221 413 218
47 162 44
42 462 42
67 326 64
189 318 186
59 196 56
333 486 330
109 396 106
495 508 492
445 451 442
259 439 256
291 487 288
8 242 8
46 447 46
255 488 252
43 498 40
190 292 190
124 256 124
279 294 276
166 407 166
51 222 48
433 464 430
52 239 52
155 458 152
323 494 320
88 254 88
425 430 422
485 503 482
255 363 252
203 243 200
154 264 154
239 414 236
161 259 158
44 298 44
387 447 384
276 366 276
227 235 224
18 117 18
190 505 190
314 498 314
201 468 198
228 371 228
94 152 94
411 480 408
334 403 334
23 98 20
41 224 38
243 442 240
141 149 138
117 290 114
72 147 72
472 473 470
217 331 214
293 360 290
208 335 208
389 458 386
149 210 146
226 287 226
18 59 18
136 456 136
78 175 78
234 456 234
163 228 160
305 436 302
451 459 448
286 319 286
223 251 220
108 125 108
268 380 268
377 495 374
439 504 436
315 432 312
25 288 22
27 192 24
19 234 16
286 448 286
32 115 32
322 488 322
113 152 110
226 437 226
331 386 328
333 498 330
9 333 6
68 89 68
210 472 210
26 41 26
164 255 164
386 490 386
104 396 104
57 387 54
84 177 84
128 329 128
409 433 406
115 218 112
112 227 112
38 130 38
113 491 110
246 308 246
331 470 328
221 360 218
239 409 236
481 507 478
105 210 102
32 74 32
182 217 182
146 196 146
243 449 240
221 494 218
443 451 440
427 435 424
410 442 410
41 193 38
170 250 170
335 416 332
44 311 44
451 474 448
23 409 20
88 469 88
24 305 24
136 476 136
183 423 180
298 472 298
116 197 116
35 411 32
142 146 142
35 140 32
483 492 480
297 471 294
355 407 352
61 162 58
92 345 92
365 367 362
8 41 8
487 505 484
10 408 10
104 105 102
280 285 280
439 453 436
259 480 256
331 445 328
355 492 352
347 379 344
272 454 272
411 471 408
43 510 40
293 322 290
327 417 324
54 307 54
423 510 420
67 467 64
121 231 118
311 383 308
156 463 156
84 154 84
131 456 128
316 351 316
256 368 256
198 439 198
20 42 20
99 432 96
465 509 462
16 82 16
425 503 422
203 505 200
179 391 176
31 160 28
110 244 110
455 492 452
12 174 12
64 164 64
189 480 186
481 492 478
113 334 110
198 301 198
497 505 494
417 501 414
246 300 246
287 499 284
149 414 146
174 328 174
236 255 236
112 118 112
61 307 58
23 401 20
3 73 1
155 286 152
183 479 180
382 485 382
260 355 260
293 365 290
159 417 156
191 252 188
160 198 160
17 503 14
24 346 24
127 419 124
88 181 88
128 444 128
31 102 28
110 240 110
335 415 332
334 361 334
126 180 126
85 276 82
89 138 86
192 202 192
1 43 1
47 413 44
381 394 378
371 512 368
199 469 196
118 212 118
167 347 164
64 65 62
78 353 78
354 363 354
337 488 334
454 492 454
131 466 128
134 416 134
9 396 6
127 473 124
145 416 142
101 226 98
251 461 248
44 189 44
185 331 182
48 176 48
77 217 74
34 312 34
19 340 16
181 429 178
275 361 272
93 505 90
164 473 164
125 190 122
289 309 286
184 210 184
226 258 226
268 502 268
67 330 64
217 506 214
57 319 54
183 353 180
63 417 60
159 301 156
209 292 206
265 300 262
297 318 294
115 430 112
54 58 54
377 402 374
34 155 34
18 225 18
130 191 130
471 504 468
126 184 126
88 207 88
329 432 326
91 201 88
285 351 282
68 294 68
380 468 380
58 511 58
199 465 196
116 276 116
79 111 76
266 286 266
166 418 166
163 478 160
277 483 274
315 362 312
127 501 124
283 417 280
51 163 48
489 501 486
323 334 320
315 448 312
130 512 130
19 273 16
263 423 260
308 398 308
225 340 222
35 161 32
369 380 366
225 512 222
389 473 386
96 502 96
19 497 16
41 300 38
199 385 196
237 410 234
129 498 126
209 424 206
27 120 24
81 351 78
239 285 236
59 298 56
315 333 312
62 75 62
125 322 122
225 244 222
175 414 172
48 481 48
471 483 468
141 505 138
413 506 410
39 486 36
56 311 56
231 412 228
207 498 204
452 466 452
305 333 302
137 275 134
355 480 352
138 315 138
30 122 30
29 439 26
270 459 270
166 410 166
269 418 266
490 491 488
80 418 80
119 314 116
48 170 48
64 221 64
159 198 156
112 267 112
182 265 182
62 147 62
257 422 254
141 241 138
17 418 14
363 505 360
419 489 416
285 315 282
68 103 68
192 250 192
52 128 52
23 366 20
62 455 62
232 299 232
257 407 254
164 314 164
194 440 194
80 345 80
62 227 62
237 512 234
10 277 10
457 469 454
345 363 342
6 130 6
105 365 102
19 334 16
393 449 390
340 478 340
80 238 80
49 348 46
315 495 312
135 361 132
405 469 402
42 73 42
13 338 10
455 494 452
74 126 74
132 182 132
235 248 232
407 412 404
223 388 220
234 247 234
199 331 196
356 395 356
184 329 184
25 127 22
36 342 36
36 188 36
168 368 168
4 33 4
104 438 104
487 506 484
97 206 94
173 432 170
39 341 36
251 420 248
105 342 102
327 488 324
190 261 190
409 473 406
303 388 300
56 59 56
409 456 406
47 65 44
227 481 224
231 434 228
244 481 244
58 508 58
108 261 108
150 168 150
283 392 280
167 290 164
369 401 366
169 329 166
105 410 102
229 269 226
296 432 296
323 441 320
157 341 154
34 68 34
311 455 308
120 217 120
489 504 486
45 145 42
99 335 96
204 466 204
335 336 332
139 401 136
140 327 140
427 466 424
189 483 186
459 478 456
136 240 136
327 402 324
19 70 16
62 457 62
211 227 208
10 321 10
65 209 62
147 498 144
30 191 30
205 501 202
279 427 276
467 491 464
24 52 24
391 475 388
30 374 30
397 432 394
298 365 298
290 320 290
28 218 28
194 455 194
49 276 46
258 308 258
133 295 130
6 18 6
437 487 434
329 509 326
13 19 10
328 388 328
235 340 232
2 18 2
367 499 364
319 389 316
34 186 34
120 204 120
60 66 60
308 329 308
22 178 22
351 435 348
78 485 78
393 401 390
131 144 128
119 430 116
44 109 44
271 369 268
353 464 350
70 332 70
14 229 14
15 423 12
85 413 82
32 357 32
312 437 312
57 385 54
79 481 76
388 422 388
62 111 62
72 363 72
163 254 160
158 373 158
383 473 380
40 43 40
179 416 176
135 155 132
169 285 166
3 149 1
44 424 44
493 502 490
413 492 410
178 317 178
58 70 58
277 480 274
272 459 272
179 396 176
25 183 22
381 407 378
415 447 412
101 255 98
71 337 68
347 373 344
100 144 100
225 361 222
89 240 86
170 173 170
133 244 130
333 408 330
24 502 24
385 415 382
243 287 240
155 229 152
307 417 304
134 308 134
407 410 404
57 351 54
395 492 392
17 455 14
93 332 90
12 266 12
89 243 86
49 295 46
135 323 132
121 162 118
221 508 218
135 193 132
199 411 196
307 449 304
293 382 290
309 458 306
132 444 132
373 461 370
439 482 436
163 463 160
29 181 26
126 476 126
385 510 382
363 495 360
162 275 162
357 375 354
169 200 166
413 461 410
112 278 112
48 87 48
236 298 236
369 499 366
50 512 50
10 20 10
339 420 336
399 495 396
177 327 174
390 479 390
470 484 470
213 321 210
19 54 16
113 391 110
24 389 24
365 382 362
33 164 30
204 495 204
302 423 302
118 228 118
13 468 10
30 431 30
18 88 18
455 479 452
84 255 84
77 118 74
141 324 138
152 507 152
139 289 136
76 394 76
110 259 110
44 161 44
91 244 88
249 445 246
262 401 262
60 121 60
418 424 418
297 309 294
69 205 66
265 385 262
313 486 310
307 482 304
8 138 8
27 285 24
429 511 426
331 442 328
121 220 118
407 507 404
264 300 264
244 479 244
177 225 174
26 83 26
173 317 170
95 107 92
119 264 116
181 185 178
87 145 84
235 478 232
421 467 418
16 144 16
57 452 54
51 55 48
21 292 18
343 482 340
24 223 24
177 223 174
4 26 4
180 181 178
85 235 82
243 251 240
445 488 442
297 495 294
170 463 170
433 443 430
253 391 250
399 448 396
314 357 314
208 344 208
113 298 110
339 483 336
279 361 276
11 464 8
9 257 6
61 89 58
383 427 380
482 485 482
24 203 24
285 421 282
31 115 28
105 304 102
104 287 104
230 334 230
157 219 154
89 338 86
229 363 226
432 497 432
179 382 176
13 45 10
327 379 324
444 468 444
373 451 370
16 38 16
283 344 280
453 478 450
13 411 10
465 473 462
326 395 326
337 372 334
96 375 96
64 178 64
131 435 128
301 407 298
477 486 474
23 339 20
125 424 122
164 408 164
219 478 216
313 471 310
20 22 20
300 352 300
101 380 98
397 412 394
98 141 98
3 106 1
90 459 90
290 383 290
314 396 314
191 330 188
405 498 402
58 76 58
149 154 146
449 460 446
134 326 134
161 334 158
287 481 284
130 254 130
381 495 378
431 468 428
61 273 58
129 403 126
19 43 16
324 361 324
241 287 238
206 448 206
189 496 186
42 198 42
44 160 44
309 394 306
165 340 162
26 82 26
295 475 292
22 459 22
341 494 338
143 474 140
180 293 180
269 326 266
44 223 44
262 427 262
191 329 188
41 393 38
6 78 6
12 70 12
6 55 6
309 348 306
439 454 436
242 512 242
397 502 394
409 511 406
6 17 6
165 466 162
301 401 298
179 405 176
183 343 180
63 197 60
261 412 258
405 462 402
351 377 348
40 178 40
255 295 252
377 422 374
170 505 170
348 360 348
331 406 328
247 321 244
54 64 54
68 146 68
40 372 40
413 494 410
343 373 340
354 435 354
361 483 358
403 490 400
42 61 42
383 512 380
199 485 196
251 509 248
324 418 324
51 321 48
199 427 196
5 226 2
267 297 264
57 365 54
39 356 36
128 213 128
467 508 464
51 322 48
197 452 194
114 123 114
149 222 146
18 180 18
65 89 62
187 344 184
23 86 20
127 286 124
379 394 376
55 465 52
223 224 220
54 173 54
390 428 390
147 345 144
382 405 382
229 397 226
231 337 228
389 504 386
365 388 362
271 464 268
450 496 450
415 509 412
232 438 232
213 293 210
139 256 136
319 398 316
51 244 48
413 480 410
95 486 92
218 219 216
189 353 186
386 387 384
177 276 174
167 240 164
137 306 134
325 501 322
62 286 62
27 178 24
255 509 252
321 433 318
169 481 166
379 459 376
18 121 18
69 241 66
66 111 66
53 207 50
314 443 314
331 404 328
249 414 246
2 435 2
55 164 52
279 371 276
241 443 238
96 512 96
180 409 180
219 297 216
87 227 84
37 51 34
369 495 366
142 441 142
61 215 58
457 463 454
137 365 134
453 487 450
302 367 302
455 511 452
170 211 170
407 416 404
82 198 82
79 399 76
388 508 388
385 480 382
215 486 212
393 484 390
95 480 92
319 322 316
46 168 46
174 374 174
271 392 268
190 191 188
383 466 380
194 291 194
171 360 168
259 349 256
253 353 250
315 441 312
305 508 302
32 94 32
21 211 18
358 379 358
253 341 250
111 494 108
129 320 126
14 264 14
431 449 428
189 242 186
363 491 360
104 189 104
150 337 150
144 209 144
451 504 448
399 420 396
319 347 316
295 415 292
359 486 356
227 438 224
37 328 34
359 447 356
90 147 90
93 196 90
383 487 380
237 308 234
171 478 168
341 389 338
90 418 90
177 488 174
413 444 410
243 311 240
119 353 116
60 496 60
140 243 140
157 316 154
15 253 12
144 237 144
191 324 188
316 456 316
62 78 62
66 75 66
177 375 174
103 439 100
23 384 20
157 160 154
109 406 106
41 438 38
99 337 96
331 481 328
401 512 398
4 512 4
291 364 288
311 316 308
401 458 398
125 217 122
321 472 318
269 291 266
19 436 16
160 384 160
52 140 52
112 259 112
79 328 76
35 359 32
73 215 70
64 339 64
126 136 126
372 428 372
35 345 32
359 414 356
423 470 420
33 122 30
423 441 420
429 507 426
207 444 204
93 464 90
31 244 28
84 452 84
180 512 180
391 505 388
201 383 198
409 414 406
313 339 310
44 369 44
343 468 340
103 135 100
255 475 252
147 219 144
203 365 200
24 111 24
185 234 182
233 364 230
47 244 44
399 412 396
237 281 234
25 29 22
145 433 142
14 299 14
268 441 268
6 501 6
112 131 112
433 435 430
6 401 6
159 449 156
72 461 72
9 231 6
97 392 94
49 170 46
58 231 58
148 482 148
299 483 296
21 300 18
379 511 376
92 276 92
129 453 126
183 324 180
110 478 110
43 496 40
355 469 352
433 440 430
431 501 428
265 479 262
96 100 96
206 289 206
315 361 312
120 486 120
215 293 212
112 340 112
363 422 360
415 425 412
87 103 84
283 378 280
415 437 412
266 355 266
235 262 232
213 296 210
473 479 470
89 180 86
44 414 44
122 510 122
165 293 162
377 491 374
17 281 14
26 392 26
60 123 60
43 215 40
381 391 378
49 305 46
29 512 26
204 337 204
266 278 266
96 126 96
320 407 320
69 106 66
209 372 206
161 245 158
17 501 14
256 416 256
147 233 144
91 457 88
339 381 336
451 487 448
148 210 148
181 397 178
200 208 200
229 376 226
350 467 350
413 485 410
267 501 264
195 493 192
133 387 130
103 317 100
358 444 358
60 157 60
339 403 336
197 430 194
269 414 266
385 466 382
33 309 30
124 161 124
111 145 108
364 411 364
418 421 418
134 257 134
270 387 270
70 190 70
477 495 474
435 454 432
79 102 76
437 493 434
407 433 404
26 137 26
319 336 316
85 147 82
295 310 292
283 423 280
481 508 478
271 445 268
72 75 72
163 186 160
1 358 1
294 336 294
6 94 6
31 56 28
46 139 46
283 380 280
28 265 28
313 451 310
56 183 56
208 278 208
278 318 278
317 383 314
248 417 248
67 355 64
235 370 232
307 410 304
70 202 70
20 349 20
105 151 102
72 207 72
85 386 82
413 419 410
84 151 84
32 512 32
193 210 190
323 359 320
81 157 78
197 393 194
112 281 112
114 133 114
246 476 246
47 286 44
167 486 164
43 239 40
223 226 220
214 382 214
449 507 446
381 396 378
383 486 380
243 466 240
120 367 120
238 508 238
267 455 264
446 447 444
289 323 286
265 383 262
447 452 444
221 512 218
87 471 84
87 485 84
26 508 26
223 500 220
316 329 316
369 370 366
31 38 28
343 350 340
176 428 176
105 331 102
425 459 422
126 472 126
20 118 20
226 350 226
279 464 276
23 53 20
209 256 206
152 396 152
222 395 222
289 471 286
38 410 38
273 325 270
301 330 298
108 216 108
376 468 376
261 274 258
96 372 96
201 382 198
386 405 386
18 245 18
131 204 128
290 462 290
165 512 162
293 511 290
87 255 84
263 336 260
311 498 308
445 463 442
152 290 152
117 132 114
345 354 342
217 477 214
329 485 326
72 235 72
32 148 32
237 470 234
11 223 8
158 308 158
411 429 408
313 414 310
409 431 406
72 81 72
454 512 454
317 417 314
140 331 140
31 127 28
57 124 54
221 419 218
32 134 32
14 297 14
261 433 258
199 481 196
317 455 314
11 317 8
350 434 350
361 503 358
34 64 34
365 492 362
31 445 28
104 503 104
339 511 336
94 95 92
38 98 38
41 227 38
150 512 150
18 302 18
89 111 86
166 291 166
246 403 246
287 363 284
326 329 326
392 426 392
185 205 182
142 377 142
49 146 46
397 461 394
26 94 26
129 163 126
318 462 318
227 301 224
385 502 382
253 413 250
311 376 308
83 506 80
314 433 314
113 249 110
98 131 98
196 435 196
247 454 244
15 142 12
161 224 158
335 444 332
440 501 440
194 368 194
265 346 262
313 412 310
199 371 196
137 316 134
471 502 468
305 505 302
249 344 246
223 412 220
323 457 320
443 507 440
449 463 446
192 329 192
115 121 112
6 253 6
189 503 186
28 109 28
391 404 388
212 380 212
97 151 94
287 422 284
83 286 80
44 249 44
127 271 124
283 365 280
451 495 448
379 430 376
145 264 142
232 270 232
23 87 20
481 488 478
201 214 198
127 280 124
49 408 46
217 345 214
284 334 284
15 45 12
395 503 392
102 187 102
201 503 198
415 495 412
261 418 258
151 252 148
6 15 6
147 335 144
39 97 36
151 168 148
305 449 302
12 434 12
8 36 8
187 443 184
211 289 208
137 169 134
383 430 380
311 479 308
353 459 350
428 472 428
44 66 44
123 351 120
270 393 270
337 354 334
152 377 152
327 509 324
329 339 326
291 405 288
62 409 62
429 495 426
293 354 290
134 343 134
443 455 440
331 446 328
365 450 362
409 497 406
232 325 232
70 289 70
167 494 164
178 500 178
260 438 260
22 354 22
195 427 192
412 419 412
135 162 132
314 493 314
188 250 188
53 236 50
58 261 58
221 287 218
237 274 234
111 173 108
156 176 156
29 356 26
491 497 488
204 483 204
335 392 332
189 447 186
267 355 264
491 492 488
77 202 74
142 280 142
30 52 30
306 500 306
83 305 80
41 180 38
88 112 88
133 324 130
93 237 90
62 146 62
237 507 234
199 249 196
57 174 54
183 231 180
201 369 198
359 462 356
203 436 200
13 452 10
20 312 20
55 370 52
409 475 406
59 145 56
287 391 284
22 372 22
295 478 292
283 476 280
405 456 402
134 360 134
190 280 190
267 415 264
30 438 30
70 159 70
108 461 108
405 445 402
210 363 210
137 479 134
238 512 238
103 391 100
114 417 114
177 324 174
196 227 196
169 350 166
177 479 174
84 446 84
143 508 140
105 504 102
433 484 430
149 369 146
362 485 362
229 318 226
86 150 86
211 341 208
68 71 68
463 481 460
7 335 4
73 445 70
239 252 236
321 408 318
45 198 42
197 300 194
73 274 70
85 149 82
315 325 312
3 60 1
209 281 206
75 328 72
192 354 192
279 380 276
42 202 42
76 111 76
179 297 176
172 361 172
67 113 64
54 144 54
415 484 412
88 325 88
211 508 208
383 479 380
271 465 268
123 442 120
41 349 38
16 441 16
387 448 384
437 478 434
415 440 412
185 194 182
32 384 32
279 510 276
148 197 148
248 373 248
201 209 198
24 479 24
259 430 256
28 60 28
211 219 208
37 491 34
225 354 222
337 395 334
121 429 118
272 422 272
122 158 122
78 352 78
167 238 164
104 365 104
223 255 220
313 436 310
241 341 238
279 286 276
243 360 240
26 75 26
230 277 230
430 502 430
421 423 418
169 261 166
188 441 188
37 269 34
57 129 54
317 405 314
389 442 386
90 93 90
245 446 242
364 512 364
281 289 278
47 155 44
371 399 368
41 253 38
107 512 104
307 374 304
233 340 230
131 501 128
26 169 26
409 432 406
127 145 124
175 192 172
141 467 138
63 86 60
17 292 14
327 499 324
4 76 4
16 62 16
146 213 146
100 101 98
114 433 114
112 417 112
87 348 84
95 227 92
79 140 76
279 370 276
169 469 166
20 45 20
76 93 76
339 353 336
465 486 462
449 491 446
177 368 174
261 498 258
375 500 372
84 108 84
82 264 82
135 347 132
72 490 72
255 360 252
211 269 208
191 391 188
210 511 210
215 368 212
65 493 62
21 347 18
239 293 236
287 500 284
255 481 252
16 43 16
169 405 166
315 435 312
93 421 90
339 392 336
353 387 350
247 450 244
195 391 192
30 225 30
295 416 292
49 255 46
261 272 258
375 458 372
402 478 402
237 276 234
171 414 168
212 416 212
372 407 372
58 512 58
310 510 310
7 22 4
226 381 226
212 280 212
163 512 160
423 424 420
5 299 2
445 497 442
143 413 140
105 364 102
123 445 120
369 408 366
411 432 408
6 144 6
275 436 272
70 269 70
231 426 228
4 126 4
140 349 140
133 359 130
345 468 342
41 61 38
378 454 378
48 152 48
105 142 102
165 318 162
43 423 40
126 164 126
16 166 16
227 466 224
381 463 378
121 492 118
256 378 256
113 331 110
433 508 430
163 505 160
37 383 34
36 512 36
133 186 130
303 389 300
9 67 6
73 383 70
32 203 32
352 436 352
17 339 14
183 470 180
113 347 110
239 244 236
229 506 226
326 341 326
315 459 312
131 375 128
144 409 144
182 475 182
345 420 342
351 380 348
210 364 210
182 432 182
140 386 140
286 330 286
152 406 152
34 77 34
32 381 32
165 430 162
283 491 280
373 466 370
140 180 140
295 353 292
200 295 200
33 432 30
117 235 114
124 145 124
244 408 244
30 312 30
143 262 140
369 472 366
319 508 316
75 238 72
58 425 58
84 449 84
355 448 352
311 365 308
36 145 36
452 498 452
209 461 206
251 485 248
319 361 316
127 205 124
43 512 40
123 503 120
491 508 488
26 89 26
4 77 4
224 458 224
81 324 78
223 383 220
185 239 182
33 353 30
84 189 84
194 441 194
68 325 68
230 287 230
91 322 88
17 306 14
401 441 398
2 12 2
45 424 42
247 453 244
156 512 156
110 400 110
223 480 220
100 226 100
147 377 144
207 360 204
199 413 196
131 406 128
139 501 136
475 501 472
134 155 134
117 512 114
223 232 220
311 429 308
47 476 44
80 89 80
465 474 462
169 404 166
266 412 266
27 426 24
194 386 194
147 430 144
197 241 194
352 353 350
75 94 72
217 272 214
63 405 60
185 316 182
393 499 390
128 207 128
369 505 366
100 257 100
9 53 6
58 376 58
105 171 102
334 335 332
187 348 184
349 487 346
284 348 284
119 489 116
367 417 364
125 447 122
293 410 290
237 400 234
127 202 124
141 208 138
223 391 220
271 409 268
265 369 262
116 363 116
195 255 192
111 502 108
111 115 108
188 512 188
303 512 300
230 494 230
102 202 102
415 416 412
184 265 184
205 386 202
203 501 200
436 502 436
367 509 364
235 467 232
196 279 196
209 428 206
252 261 252
174 185 174
453 480 450
45 209 42
123 485 120
211 499 208
451 454 448
10 391 10
84 474 84
14 330 14
59 219 56
28 182 28
135 384 132
29 102 26
70 347 70
122 348 122
423 479 420
106 473 106
197 412 194
217 384 214
107 480 104
38 62 38
207 324 204
366 440 366
282 290 282
431 440 428
44 72 44
93 342 90
125 400 122
262 322 262
234 237 234
164 445 164
451 507 448
319 435 316
22 233 22
432 512 432
419 482 416
265 378 262
309 330 306
95 333 92
255 444 252
212 394 212
159 343 156
185 393 182
301 390 298
278 384 278
394 477 394
51 511 48
57 347 54
189 334 186
337 448 334
35 489 32
183 202 180
341 501 338
24 506 24
20 32 20
179 507 176
115 158 112
241 406 238
135 437 132
225 395 222
315 407 312
20 130 20
373 469 370
311 388 308
73 432 70
43 249 40
4 143 4
17 148 14
408 464 408
209 416 206
141 512 138
453 491 450
235 271 232
387 506 384
363 512 360
131 304 128
179 486 176
82 266 82
50 135 50
236 400 236
2 124 2
467 477 464
24 189 24
255 398 252
236 326 236
88 111 88
214 319 214
150 492 150
65 457 62
194 435 194
10 12 10
26 335 26
143 309 140
142 389 142
71 362 68
349 437 346
353 394 350
265 373 262
134 241 134
126 393 126
242 407 242
243 370 240
171 483 168
285 454 282
19 252 16
77 470 74
106 276 106
32 61 32
253 469 250
393 399 390
401 493 398
34 100 34
89 428 86
242 417 242
279 454 276
22 207 22
107 205 104
180 367 180
269 512 266
75 146 72
63 94 60
372 415 372
72 180 72
291 449 288
452 470 452
14 41 14
306 404 306
27 36 24
332 341 332
42 227 42
5 84 2
317 339 314
387 450 384
171 468 168
79 329 76
228 331 228
84 193 84
126 506 126
242 378 242
137 321 134
7 389 4
138 276 138
288 374 288
393 439 390
297 349 294
230 294 230
91 447 88
45 206 42
185 500 182
173 315 170
206 282 206
411 436 408
139 321 136
153 390 150
451 465 448
295 302 292
270 396 270
229 364 226
119 153 116
351 412 348
4 40 4
284 355 284
302 366 302
248 295 248
322 359 322
271 416 268
201 429 198
145 476 142
18 34 18
307 378 304
277 372 274
117 398 114
15 482 12
291 392 288
58 415 58
178 339 178
7 418 4
23 132 20
105 221 102
71 308 68
17 420 14
194 226 194
50 240 50
83 370 80
309 412 306
237 411 234
9 211 6
235 371 232
97 210 94
20 163 20
6 14 6
310 456 310
134 287 134
87 97 84
405 436 402
255 373 252
55 400 52
18 108 18
168 169 166
141 401 138
389 410 386
101 364 98
227 364 224
229 267 226
158 194 158
35 75 32
154 408 154
188 247 188
126 193 126
71 161 68
4 371 4
327 478 324
63 185 60
169 356 166
95 309 92
365 407 362
143 429 140
137 279 134
1 159 1
52 182 52
131 137 128
135 451 132
16 19 16
429 512 426
81 322 78
20 94 20
231 421 228
283 310 280
311 480 308
144 370 144
20 230 20
323 381 320
56 282 56
52 81 52
307 444 304
35 129 32
308 359 308
167 208 164
241 291 238
195 263 192
78 378 78
202 267 202
59 62 56
431 511 428
245 308 242
247 411 244
55 444 52
456 493 456
200 283 200
189 362 186
335 401 332
57 287 54
248 307 248
179 270 176
169 477 166
413 475 410
120 214 120
11 449 8
235 396 232
322 415 322
344 497 344
280 299 280
38 256 38
142 503 142
206 407 206
160 195 160
102 184 102
353 391 350
12 40 12
78 208 78
20 512 20
25 112 22
356 463 356
347 414 344
74 334 74
87 492 84
75 354 72
213 381 210
273 369 270
370 501 370
154 325 154
197 475 194
267 301 264
49 166 46
93 112 90
25 251 22
318 432 318
429 443 426
119 340 116
191 468 188
117 446 114
259 273 256
51 376 48
319 381 316
27 139 24
236 395 236
308 509 308
224 506 224
438 477 438
94 476 94
61 258 58
183 444 180
63 411 60
330 393 330
305 383 302
177 240 174
158 277 158
457 507 454
19 292 16
214 238 214
205 310 202
216 230 216
305 487 302
214 308 214
4 307 4
66 122 66
17 512 14
241 259 238
239 269 236
292 463 292
269 337 266
487 493 484
99 396 96
202 308 202
427 487 424
473 475 470
20 201 20
144 175 144
93 348 90
385 463 382
299 371 296
308 443 308
122 490 122
349 388 346
294 413 294
20 66 20
184 268 184
207 299 204
273 509 270
343 456 340
235 488 232
236 420 236
201 232 198
68 366 68
433 500 430
53 336 50
413 477 410
282 435 282
153 378 150
406 439 406
101 503 98
481 512 478
469 508 466
459 502 456
353 475 350
100 173 100
29 323 26
213 379 210
113 208 110
325 435 322
153 511 150
355 446 352
63 93 60
59 194 56
99 288 96
121 491 118
162 182 162
463 505 460
64 95 64
255 395 252
100 396 100
169 171 166
234 455 234
130 475 130
195 503 192
165 166 162
267 401 264
191 361 188
156 166 156
266 330 266
337 470 334
8 250 8
191 254 188
218 412 218
368 488 368
18 99 18
109 308 106
275 365 272
473 493 470
190 204 190
32 484 32
11 384 8
71 191 68
254 269 254
391 428 388
101 300 98
86 512 86
435 510 432
48 391 48
110 278 110
36 65 36
185 246 182
352 512 352
371 443 368
113 495 110
251 327 248
399 414 396
153 175 150
144 210 144
371 458 368
157 225 154
61 271 58
377 455 374
397 435 394
303 506 300
268 396 268
234 265 234
89 389 86
166 342 166
205 418 202
226 506 226
496 502 496
429 438 426
435 437 432
95 118 92
91 376 88
191 343 188
85 414 82
59 367 56
183 397 180
363 443 360
177 477 174
52 174 52
64 408 64
213 357 210
331 333 328
9 463 6
137 360 134
227 311 224
89 121 86
36 107 36
120 146 120
177 380 174
159 416 156
64 115 64
301 339 298
15 116 12
95 315 92
267 304 264
154 176 154
291 296 288
445 498 442
362 367 362
317 451 314
59 198 56
51 512 48
77 355 74
73 86 70
321 377 318
22 30 22
177 255 174
271 427 268
178 445 178
305 434 302
65 193 62
120 375 120
465 490 462
189 498 186
110 407 110
140 316 140
93 230 90
189 309 186
179 369 176
46 155 46
417 477 414
88 284 88
247 308 244
56 330 56
56 224 56
187 438 184
54 187 54
48 147 48
329 359 326
383 499 380
111 285 108
285 383 282
144 145 142
449 500 446
377 509 374
365 447 362
213 510 210
360 426 360
152 194 152
151 243 148
224 228 224
23 99 20
447 478 444
178 351 178
297 434 294
213 466 210
377 404 374
185 338 182
223 360 220
76 320 76
73 296 70
155 303 152
52 421 52
138 148 138
1 145 1
56 374 56
68 463 68
4 161 4
198 413 198
146 392 146
23 404 20
15 229 12
245 322 242
477 508 474
79 452 76
311 364 308
270 311 270
275 346 272
409 465 406
61 278 58
307 393 304
187 501 184
11 502 8
428 463 428
148 195 148
17 456 14
273 356 270
255 441 252
374 385 374
70 161 70
133 207 130
13 73 10
234 505 234
199 275 196
208 387 208
247 442 244
121 234 118
388 465 388
49 271 46
214 235 214
89 379 86
457 473 454
176 483 176
300 437 300
95 482 92
96 386 96
60 152 60
197 345 194
80 312 80
4 44 4
78 327 78
293 368 290
116 371 116
415 441 412
195 335 192
258 452 258
212 224 212
289 432 286
13 463 10
30 459 30
408 508 408
199 340 196
46 491 46
181 280 178
38 157 38
312 475 312
419 498 416
85 447 82
223 344 220
377 441 374
108 336 108
19 168 16
484 485 482
72 197 72
255 291 252
1 161 1
431 450 428
146 207 146
359 472 356
163 482 160
142 512 142
31 196 28
26 62 26
479 494 476
225 230 222
179 452 176
201 371 198
243 356 240
395 449 392
149 303 146
55 195 52
114 480 114
298 333 298
58 124 58
329 450 326
167 418 164
11 227 8
65 385 62
294 370 294
49 106 46
407 489 404
159 363 156
119 442 116
27 98 24
303 377 300
17 237 14
312 396 312
483 502 480
161 485 158
2 92 2
381 452 378
261 375 258
138 416 138
64 237 64
53 272 50
307 465 304
55 322 52
444 445 442
15 384 12
145 241 142
367 409 364
138 240 138
104 121 104
384 456 384
126 412 126
88 391 88
253 507 250
10 115 10
148 461 148
441 446 438
351 411 348
40 159 40
282 369 282
455 506 452
175 428 172
46 361 46
95 324 92
268 500 268
72 203 72
207 275 204
128 155 128
337 435 334
19 430 16
483 496 480
228 510 228
291 306 288
163 443 160
179 447 176
203 472 200
457 471 454
200 336 200
273 329 270
237 365 234
410 441 410
510 511 508
83 131 80
88 277 88
13 472 10
57 187 54
459 483 456
357 446 354
110 167 110
73 410 70
162 336 162
11 390 8
291 505 288
277 455 274
406 512 406
203 468 200
294 342 294
257 409 254
262 436 262
20 39 20
394 433 394
425 434 422
204 205 202
367 476 364
159 239 156
127 391 124
282 495 282
225 490 222
156 369 156
501 508 498
30 85 30
373 492 370
397 463 394
53 282 50
324 419 324
134 288 134
163 407 160
107 113 104
10 275 10
135 503 132
253 343 250
86 262 86
15 363 12
147 444 144
165 176 162
216 283 216
48 252 48
231 273 228
143 326 140
303 339 300
106 135 106
245 465 242
32 107 32
36 40 36
104 188 104
113 480 110
163 381 160
349 394 346
166 167 164
190 463 190
55 403 52
277 297 274
74 481 74
339 463 336
123 459 120
391 399 388
483 490 480
187 235 184
21 61 18
126 244 126
406 409 406
18 150 18
88 320 88
67 269 64
62 135 62
256 435 256
59 186 56
201 338 198
92 318 92
437 451 434
124 134 124
89 480 86
68 512 68
135 241 132
149 406 146
252 436 252
44 474 44
283 493 280
170 186 170
65 262 62
4 34 4
59 102 56
233 363 230
390 391 388
267 391 264
51 175 48
377 488 374
297 462 294
355 486 352
209 294 206
387 477 384
206 383 206
303 491 300
449 459 446
273 318 270
343 404 340
199 217 196
313 330 310
337 465 334
43 203 40
221 358 218
72 389 72
461 477 458
159 362 156
87 89 84
167 428 164
170 507 170
105 116 102
3 270 1
114 431 114
137 419 134
14 24 14
366 495 366
399 417 396
245 460 242
41 417 38
294 512 294
445 510 442
473 497 470
122 176 122
1 20 1
194 232 194
269 454 266
385 501 382
447 496 444
79 311 76
102 317 102
449 458 446
14 99 14
310 480 310
211 255 208
167 491 164
327 470 324
19 396 16
348 375 348
105 468 102
281 479 278
66 96 66
439 507 436
65 382 62
3 276 1
197 355 194
309 431 306
59 90 56
33 211 30
223 474 220
420 438 420
31 512 28
151 477 148
241 441 238
199 509 196
439 448 436
234 417 234
175 236 172
91 206 88
115 368 112
439 449 436
311 345 308
224 512 224
108 195 108
114 300 114
122 147 122
24 93 24
101 480 98
66 304 66
32 50 32
403 412 400
349 396 346
210 227 210
80 166 80
20 189 20
76 196 76
12 199 12
203 300 200
28 398 28
118 432 118
295 298 292
283 386 280
59 122 56
42 60 42
91 412 88
119 201 116
7 357 4
409 460 406
123 158 120
120 286 120
42 377 42
431 479 428
185 216 182
132 275 132
67 405 64
135 388 132
99 401 96
169 209 166
35 377 32
387 414 384
346 452 346
48 71 48
221 385 218
323 370 320
196 262 196
38 257 38
363 374 360
35 266 32
264 329 264
311 463 308
207 398 204
153 400 150
253 512 250
403 475 400
257 345 254
215 232 212
23 158 20
14 51 14
475 478 472
434 446 434
208 388 208
349 449 346
34 359 34
297 344 294
173 178 170
426 454 426
36 238 36
88 118 88
122 364 122
253 465 250
75 121 72
154 366 154
375 413 372
61 300 58
81 222 78
91 127 88
419 473 416
183 488 180
426 512 426
54 356 54
137 444 134
1 361 1
238 451 238
35 199 32
92 477 92
66 512 66
367 468 364
187 315 184
363 399 360
18 26 18
345 508 342
45 186 42
98 163 98
33 396 30
80 193 80
251 296 248
222 301 222
67 452 64
253 347 250
298 301 298
327 475 324
173 216 170
191 344 188
28 261 28
54 236 54
249 312 246
103 268 100
323 431 320
159 419 156
309 367 306
19 313 16
157 362 154
27 316 24
98 318 98
330 495 330
50 205 50
319 431 316
45 168 42
26 55 26
361 444 358
369 468 366
193 234 190
54 55 52
279 379 276
245 251 242
39 303 36
51 392 48
123 423 120
214 354 214
399 512 396
291 317 288
318 359 318
17 440 14
99 463 96
136 318 136
181 232 178
111 335 108
51 270 48
15 200 12
210 440 210
28 59 28
311 486 308
413 450 410
367 511 364
450 480 450
230 502 230
331 345 328
13 100 10
65 202 62
359 444 356
42 350 42
120 507 120
60 167 60
226 412 226
5 187 2
82 384 82
481 490 478
334 458 334
331 383 328
105 453 102
225 423 222
39 74 36
86 138 86
460 461 458
414 432 414
192 200 192
92 333 92
52 85 52
69 242 66
171 361 168
281 453 278
441 473 438
209 214 206
141 194 138
14 486 14
247 437 244
2 489 2
373 443 370
182 440 182
124 184 124
4 392 4
272 503 272
73 511 70
90 148 90
228 480 228
294 313 294
347 482 344
126 454 126
275 298 272
247 441 244
219 301 216
79 146 76
54 71 54
278 303 278
350 359 350
79 320 76
63 173 60
423 507 420
5 206 2
467 483 464
151 511 148
317 397 314
198 358 198
296 316 296
50 298 50
340 341 338
207 439 204
144 464 144
263 439 260
54 59 54
287 365 284
239 298 236
50 193 50
19 221 16
399 505 396
81 510 78
209 310 206
120 228 120
40 352 40
371 394 368
431 445 428
96 120 96
341 398 338
106 110 106
169 353 166
128 452 128
251 505 248
11 415 8
131 331 128
261 398 258
309 365 306
10 56 10
106 157 106
261 423 258
467 480 464
90 396 90
156 474 156
206 222 206
150 428 150
326 327 324
54 99 54
341 471 338
164 179 164
85 399 82
273 506 270
182 254 182
281 341 278
88 130 88
91 235 88
130 189 130
45 381 42
303 309 300
292 359 292
170 365 170
337 454 334
77 290 74
448 512 448
139 156 136
389 489 386
135 427 132
77 163 74
140 151 140
9 434 6
117 355 114
115 239 112
49 463 46
309 509 306
285 417 282
283 456 280
19 164 16
421 501 418
317 390 314
10 103 10
179 476 176
47 391 44
255 462 252
247 388 244
192 225 192
299 326 296
284 447 284
70 177 70
25 296 22
425 453 422
143 290 140
72 161 72
125 279 122
305 306 302
481 506 478
191 431 188
369 446 366
249 362 246
240 404 240
412 413 410
275 464 272
199 250 196
347 390 344
126 428 126
347 459 344
101 356 98
95 487 92
169 347 166
273 344 270
241 507 238
159 293 156
229 350 226
192 315 192
213 315 210
401 433 398
213 375 210
219 285 216
17 177 14
105 203 102
425 472 422
281 383 278
263 454 260
341 464 338
249 270 246
441 462 438
159 213 156
40 92 40
349 352 346
361 429 358
231 388 228
200 277 200
373 407 370
263 390 260
449 490 446
389 391 386
271 470 268
195 512 192
104 469 104
413 508 410
136 218 136
25 26 22
313 473 310
409 479 406
11 141 8
8 292 8
262 379 262
196 301 196
457 491 454
165 478 162
107 143 104
277 413 274
273 463 270
250 258 250
403 482 400
301 454 298
371 425 368
59 78 56
419 512 416
95 298 92
98 302 98
335 371 332
108 268 108
20 267 20
404 464 404
36 279 36
152 197 152
248 473 248
322 331 322
91 198 88
354 512 354
109 393 106
259 321 256
25 341 22
365 485 362
152 321 152
55 439 52
477 510 474
359 504 356
65 82 62
317 346 314
251 345 248
124 384 124
24 146 24
117 189 114
61 423 58
234 500 234
131 302 128
154 248 154
161 317 158
97 172 94
329 360 326
166 227 166
16 222 16
352 471 352
51 156 48
283 332 280
346 444 346
15 407 12
431 510 428
236 511 236
79 351 76
66 70 66
359 360 356
77 119 74
346 499 346
137 241 134
121 407 118
45 137 42
148 287 148
379 491 376
189 492 186
160 337 160
14 180 14
122 226 122
298 343 298
27 458 24
193 408 190
180 187 180
365 459 362
223 486 220
5 269 2
59 389 56
8 17 8
3 113 1
225 509 222
177 487 174
366 512 366
171 472 168
251 443 248
69 399 66
243 503 240
251 341 248
363 477 360
311 379 308
33 339 30
386 481 386
283 390 280
6 405 6
106 199 106
8 475 8
179 432 176
457 484 454
93 183 90
267 413 264
71 189 68
123 512 120
206 412 206
377 398 374
221 274 218
6 52 6
283 366 280
73 317 70
44 167 44
30 108 30
141 151 138
116 498 116
131 255 128
169 486 166
356 357 354
143 214 140
163 171 160
437 464 434
459 494 456
35 187 32
415 438 412
176 244 176
53 512 50
116 247 116
167 357 164
65 197 62
3 305 1
268 481 268
23 447 20
39 113 36
101 265 98
278 386 278
2 45 2
418 486 418
282 331 282
225 432 222
114 204 114
10 240 10
301 343 298
163 249 160
369 414 366
259 281 256
291 324 288
291 472 288
256 479 256
494 495 492
193 487 190
72 109 72
96 260 96
62 388 62
129 316 126
165 492 162
9 107 6
76 283 76
208 217 208
176 297 176
54 57 54
25 64 22
383 438 380
229 335 226
337 450 334
431 481 428
435 466 432
37 62 34
135 507 132
46 355 46
265 336 262
67 145 64
29 80 26
219 281 216
470 512 470
259 397 256
22 127 22
353 390 350
117 233 114
161 386 158
313 452 310
321 427 318
171 287 168
132 189 132
70 275 70
71 95 68
77 397 74
283 422 280
223 400 220
1 512 1
343 353 340
291 447 288
478 479 476
17 46 14
279 406 276
48 408 48
258 287 258
8 219 8
263 465 260
131 226 128
157 213 154
94 169 94
70 295 70
353 485 350
117 326 114
348 410 348
191 367 188
166 428 166
51 246 48
381 408 378
31 392 28
86 201 86
186 281 186
413 453 410
25 280 22
195 300 192
83 186 80
190 450 190
10 44 10
8 129 8
31 107 28
247 323 244
433 495 430
228 475 228
182 183 180
282 329 282
50 219 50
183 315 180
319 326 316
23 424 20
443 498 440
7 420 4
419 456 416
10 130 10
119 141 116
234 235 232
108 424 108
15 167 12
337 483 334
193 384 190
141 334 138
397 430 394
213 221 210
236 408 236
309 512 306
83 283 80
374 504 374
131 327 128
313 324 310
267 419 264
458 473 458
3 324 1
22 74 22
325 455 322
266 378 266
33 397 30
65 451 62
37 417 34
78 98 78
155 409 152
168 280 168
415 508 412
205 496 202
253 311 250
253 496 250
95 512 92
329 453 326
213 460 210
171 211 168
399 428 396
23 171 20
90 424 90
170 266 170
51 420 48
68 504 68
219 277 216
114 118 114
101 152 98
435 469 432
82 95 82
55 330 52
163 334 160
180 232 180
389 463 386
150 161 150
17 295 14
50 139 50
119 379 116
125 266 122
281 346 278
47 138 44
385 398 382
443 479 440
384 512 384
249 439 246
27 394 24
39 394 36
218 482 218
185 296 182
134 424 134
447 465 444
314 362 314
242 382 242
196 304 196
146 161 146
437 466 434
108 324 108
395 488 392
23 74 20
277 503 274
313 374 310
155 208 152
259 373 256
104 408 104
118 222 118
299 405 296
115 295 112
156 305 156
310 332 310
87 419 84
170 467 170
127 247 124
394 418 394
284 440 284
237 426 234
155 219 152
11 101 8
417 440 414
8 415 8
175 507 172
41 380 38
264 308 264
90 96 90
166 302 166
489 511 486
457 478 454
2 61 2
186 313 186
209 356 206
28 414 28
137 402 134
272 320 272
119 206 116
29 466 26
109 395 106
168 317 168
135 214 132
125 283 122
312 420 312
130 468 130
50 389 50
459 477 456
100 114 100
240 476 240
19 455 16
157 321 154
372 410 372
25 491 22
229 478 226
261 402 258
2 375 2
33 417 30
402 512 402
394 441 394
80 173 80
114 274 114
333 344 330
114 379 114
21 250 18
15 228 12
39 512 36
406 500 406
189 469 186
68 131 68
207 387 204
57 466 54
122 412 122
37 314 34
24 34 24
75 236 72
92 125 92
319 387 316
107 319 104
107 388 104
26 166 26
321 452 318
157 399 154
257 421 254
61 428 58
60 89 60
33 389 30
36 84 36
99 251 96
287 309 284
391 393 388
278 452 278
77 450 74
17 65 14
221 308 218
305 483 302
213 264 210
487 511 484
157 492 154
9 10 6
10 55 10
76 483 76
125 333 122
182 224 182
158 180 158
155 272 152
30 417 30
169 228 166
175 338 172
381 512 378
315 340 312
279 378 276
142 313 142
16 281 16
41 406 38
263 481 260
25 439 22
124 239 124
156 181 156
46 445 46
37 60 34
503 505 500
304 447 304
99 265 96
493 496 490
13 186 10
402 420 402
33 340 30
414 416 414
50 344 50
422 469 422
140 169 140
19 395 16
106 307 106
297 395 294
8 13 8
117 442 114
265 431 262
287 382 284
134 169 134
186 439 186
313 343 310
363 482 360
269 386 266
232 233 230
10 45 10
22 281 22
8 499 8
131 404 128
13 288 10
89 307 86
140 400 140
155 341 152
273 364 270
255 429 252
24 140 24
128 393 128
317 331 314
492 493 490
205 303 202
333 335 330
363 457 360
135 220 132
237 417 234
97 395 94
34 159 34
22 129 22
13 109 10
375 449 372
216 264 216
420 435 420
216 375 216
421 438 418
100 437 100
226 421 226
455 501 452
146 319 146
169 282 166
219 320 216
37 331 34
3 95 1
451 491 448
186 200 186
136 493 136
130 132 130
15 424 12
244 310 244
12 55 12
413 462 410
381 393 378
16 182 16
421 473 418
190 407 190
171 492 168
119 350 116
151 309 148
129 202 126
422 431 422
415 512 412
228 302 228
203 409 200
282 292 282
16 111 16
351 488 348
332 462 332
22 241 22
54 150 54
227 319 224
411 496 408
139 141 136
385 392 382
325 418 322
180 472 180
241 483 238
88 196 88
255 435 252
96 511 96
431 467 428
353 383 350
207 423 204
227 324 224
388 476 388
273 470 270
103 185 100
178 512 178
22 35 22
113 132 110
45 407 42
179 384 176
371 431 368
1 5 1
85 138 82
184 352 184
125 407 122
305 504 302
361 508 358
179 445 176
379 475 376
384 463 384
374 456 374
18 104 18
199 330 196
37 288 34
271 484 268
105 341 102
213 459 210
174 421 174
295 466 292
13 347 10
461 494 458
106 241 106
33 217 30
18 202 18
14 149 14
93 503 90
417 489 414
381 404 378
259 422 256
369 412 366
109 499 106
399 469 396
90 230 90
79 152 76
218 264 218
9 270 6
265 403 262
75 391 72
99 108 96
436 437 434
81 425 78
81 255 78
277 456 274
197 512 194
23 137 20
103 372 100
97 177 94
240 439 240
290 319 290
36 144 36
74 422 74
277 504 274
140 344 140
479 497 476
35 206 32
323 453 320
196 362 196
23 83 20
279 345 276
215 369 212
211 476 208
10 490 10
213 269 210
375 502 372
106 107 104
12 95 12
36 114 36
167 322 164
225 268 222
417 431 414
231 257 228
105 350 102
235 357 232
223 447 220
89 285 86
13 259 10
445 471 442
453 482 450
431 442 428
367 400 364
288 403 288
156 217 156
252 364 252
35 121 32
195 341 192
328 512 328
10 133 10
141 438 138
43 254 40
103 331 100
194 362 194
173 214 170
275 384 272
37 193 34
6 63 6
27 250 24
26 217 26
70 304 70
201 411 198
100 350 100
89 315 86
295 374 292
276 291 276
421 441 418
169 178 166
169 227 166
106 445 106
182 512 182
152 281 152
224 367 224
18 133 18
43 354 40
172 309 172
183 196 180
434 438 434
361 420 358
361 363 358
359 405 356
51 446 48
145 174 142
1 392 1
343 376 340
29 320 26
146 467 146
289 463 286
31 439 28
151 294 148
331 362 328
11 422 8
172 199 172
58 340 58
110 271 110
204 486 204
216 402 216
15 323 12
383 503 380
483 493 480
41 117 38
165 252 162
381 425 378
427 481 424
87 408 84
231 256 228
97 399 94
43 455 40
317 401 314
429 499 426
327 472 324
42 303 42
198 270 198
87 195 84
28 186 28
281 296 278
191 420 188
503 512 500
234 452 234
415 491 412
68 429 68
296 346 296
86 476 86
16 45 16
441 455 438
20 37 20
139 512 136
296 357 296
260 286 260
101 375 98
131 446 128
376 383 376
152 316 152
185 343 182
281 465 278
189 316 186
166 174 166
66 67 64
79 281 76
269 491 266
59 210 56
474 499 474
41 108 38
217 246 214
125 466 122
375 497 372
273 336 270
429 471 426
133 356 130
419 491 416
362 421 362
102 328 102
503 508 500
160 179 160
207 512 204
102 141 102
10 21 10
153 323 150
136 265 136
209 508 206
89 499 86
373 460 370
91 136 88
147 352 144
487 495 484
46 71 46
15 348 12
303 480 300
128 343 128
362 437 362
59 130 56
301 424 298
60 144 60
234 298 234
79 413 76
291 510 288
48 196 48
163 348 160
86 469 86
131 278 128
191 285 188
68 363 68
338 400 338
159 411 156
53 152 50
28 63 28
53 121 50
297 331 294
321 345 318
170 438 170
29 150 26
169 337 166
204 431 204
262 271 262
242 320 242
397 486 394
114 349 114
128 410 128
195 225 192
96 316 96
501 502 498
446 476 446
162 269 162
83 385 80
95 198 92
5 245 2
378 393 378
343 460 340
376 377 374
1 344 1
6 427 6
29 487 26
4 30 4
137 488 134
311 426 308
386 512 386
103 345 100
150 419 150
423 453 420
271 316 268
240 473 240
395 440 392
17 481 14
4 390 4
501 512 498
459 495 456
211 512 208
42 54 42
85 468 82
475 512 472
24 498 24
311 419 308
341 397 338
9 156 6
345 498 342
117 168 114
461 484 458
25 179 22
111 236 108
150 371 150
410 411 408
302 352 302
113 374 110
170 228 170
181 269 178
98 145 98
20 159 20
503 507 500
135 293 132
357 512 354
166 381 166
146 403 146
58 251 58
335 367 332
127 279 124
51 208 48
177 335 174
393 452 390
395 459 392
367 426 364
471 508 468
105 499 102
49 504 46
135 484 132
38 48 38
267 269 264
346 504 346
45 191 42
335 439 332
389 438 386
243 300 240
343 413 340
149 373 146
92 197 92
42 220 42
345 408 342
113 173 110
423 456 420
347 512 344
305 317 302
444 510 444
431 508 428
58 65 58
77 245 74
301 493 298
100 188 100
282 368 282
5 225 2
187 454 184
261 333 258
26 71 26
53 393 50
120 176 120
247 512 244
316 319 316
331 344 328
333 505 330
240 501 240
427 484 424
285 344 282
352 504 352
29 187 26
143 291 140
197 381 194
122 223 122
42 46 42
315 449 312
46 110 46
134 220 134
224 259 224
340 407 340
399 435 396
341 447 338
307 510 304
125 199 122
189 475 186
299 354 296
375 436 372
51 456 48
298 361 298
253 255 250
246 426 246
183 226 180
203 318 200
99 144 96
116 318 116
40 133 40
413 448 410
218 295 218
117 410 114
27 274 24
383 440 380
99 279 96
241 317 238
379 480 376
445 453 442
413 439 410
106 351 106
213 329 210
121 290 118
342 343 340
135 348 132
301 482 298
6 33 6
363 383 360
217 360 214
343 399 340
231 308 228
149 182 146
181 310 178
236 470 236
2 218 2
89 482 86
34 415 34
244 475 244
171 359 168
77 268 74
7 320 4
201 334 198
147 177 144
387 458 384
166 378 166
7 270 4
7 296 4
213 484 210
33 351 30
413 432 410
203 495 200
135 279 132
134 402 134
92 192 92
369 413 366
415 450 412
385 396 382
278 436 278
162 412 162
236 392 236
118 191 118
441 464 438
143 183 140
84 250 84
127 241 124
137 394 134
39 200 36
179 401 176
76 391 76
33 316 30
222 512 222
105 390 102
83 381 80
57 208 54
169 332 166
213 366 210
19 399 16
140 502 140
26 240 26
133 157 130
158 278 158
138 331 138
367 498 364
266 512 266
413 454 410
135 320 132
85 431 82
436 505 436
210 211 208
370 432 370
422 512 422
4 36 4
17 436 14
109 218 106
321 500 318
93 160 90
287 369 284
81 221 78
411 423 408
25 77 22
408 415 408
215 512 212
79 108 76
199 200 196
237 393 234
397 490 394
239 464 236
381 468 378
1 223 1
1 64 1
274 512 274
49 381 46
427 469 424
359 510 356
104 350 104
487 508 484
396 458 396
189 479 186
37 413 34
281 358 278
273 485 270
115 388 112
42 291 42
279 506 276
259 307 256
132 420 132
221 302 218
204 454 204
237 479 234
353 368 350
140 197 140
152 464 152
121 183 118
357 421 354
145 250 142
35 57 32
47 198 44
267 381 264
202 216 202
42 512 42
301 470 298
190 381 190
165 438 162
42 122 42
89 363 86
213 333 210
28 463 28
68 502 68
215 314 212
62 244 62
128 412 128
34 478 34
65 441 62
14 289 14
158 188 158
99 263 96
258 333 258
88 129 88
215 342 212
37 138 34
371 488 368
301 337 298
76 99 76
299 512 296
53 148 50
58 436 58
205 217 202
133 183 130
53 382 50
28 334 28
427 456 424
305 421 302
86 334 86
69 461 66
108 372 108
177 484 174
87 500 84
475 480 472
113 322 110
26 428 26
37 171 34
378 388 378
347 506 344
193 476 190
471 490 468
105 257 102
395 399 392
234 430 234
240 472 240
228 409 228
40 206 40
330 337 330
167 408 164
51 444 48
414 478 414
27 441 24
323 481 320
404 455 404
77 96 74
95 503 92
151 217 148
465 489 462
242 405 242
35 194 32
179 273 176
365 384 362
114 245 114
81 402 78
77 468 74
65 162 62
140 219 140
81 378 78
165 295 162
45 306 42
31 82 28
473 496 470
275 330 272
455 484 452
401 430 398
431 437 428
35 326 32
191 419 188
93 98 90
23 503 20
139 250 136
373 465 370
445 495 442
219 413 216
191 411 188
303 445 300
350 351 348
34 276 34
276 396 276
239 448 236
176 182 176
135 385 132
292 495 292
27 339 24
401 502 398
187 369 184
385 446 382
205 425 202
133 232 130
477 507 474
497 502 494
92 176 92
22 367 22
379 427 376
371 433 368
13 164 10
233 365 230
87 411 84
16 34 16
197 473 194
164 249 164
93 357 90
244 292 244
243 390 240
209 492 206
73 451 70
68 344 68
59 380 56
74 435 74
63 196 60
21 108 18
163 275 160
116 451 116
22 73 22
211 451 208
289 331 286
248 488 248
425 464 422
453 510 450
78 317 78
297 416 294
65 436 62
31 81 28
338 460 338
26 182 26
112 193 112
110 454 110
132 178 132
307 416 304
54 69 54
399 401 396
388 416 388
4 105 4
118 363 118
234 478 234
16 126 16
231 428 228
54 268 54
147 353 144
74 430 74
9 186 6
159 307 156
65 215 62
224 456 224
57 204 54
147 180 144
260 405 260
56 83 56
289 482 286
240 310 240
106 115 106
246 319 246
110 485 110
124 451 124
25 349 22
43 228 40
83 235 80
173 236 170
255 361 252
409 441 406
419 424 416
439 497 436
93 455 90
274 394 274
3 63 1
118 327 118
66 94 66
35 237 32
24 80 24
265 368 262
69 452 66
283 512 280
132 274 132
137 418 134
74 406 74
137 458 134
321 393 318
455 481 452
115 165 112
103 421 100
69 341 66
12 24 12
2 15 2
28 143 28
433 458 430
200 281 200
198 507 198
239 380 236
1 201 1
197 330 194
303 460 300
40 154 40
99 311 96
399 500 396
16 26 16
356 360 356
292 472 292
125 212 122
209 234 206
399 403 396
174 512 174
217 220 214
262 269 262
177 273 174
156 451 156
209 408 206
313 430 310
323 464 320
263 474 260
223 295 220
361 403 358
155 383 152
28 358 28
255 364 252
92 410 92
8 307 8
11 291 8
118 475 118
30 96 30
189 357 186
388 427 388
149 211 146
253 298 250
81 512 78
38 221 38
131 458 128
28 389 28
441 501 438
53 414 50
64 335 64
445 491 442
286 287 284
265 271 262
60 86 60
9 480 6
163 221 160
333 412 330
246 456 246
205 243 202
409 415 406
158 275 158
180 471 180
1 103 1
263 446 260
79 455 76
239 509 236
61 496 58
461 502 458
178 277 178
276 330 276
126 376 126
40 158 40
22 348 22
377 409 374
210 249 210
327 390 324
323 348 320
235 424 232
383 397 380
93 117 90
302 390 302
219 261 216
223 359 220
219 334 216
439 480 436
275 333 272
297 322 294
95 327 92
221 484 218
263 331 260
285 298 282
100 174 100
77 271 74
457 467 454
26 488 26
348 399 348
52 142 52
141 252 138
244 404 244
209 347 206
65 449 62
212 363 212
68 405 68
229 331 226
289 446 286
315 378 312
401 494 398
80 116 80
8 472 8
241 474 238
495 506 492
115 182 112
38 202 38
447 480 444
77 441 74
379 410 376
408 485 408
9 405 6
44 177 44
173 512 170
82 108 82
193 425 190
29 386 26
140 149 140
219 245 216
120 456 120
114 296 114
489 512 486
128 317 128
101 172 98
381 490 378
13 297 10
118 235 118
96 183 96
134 367 134
357 358 354
144 233 144
159 273 156
340 446 340
135 163 132
64 67 64
146 374 146
401 451 398
63 403 60
70 86 70
30 144 30
278 351 278
5 77 2
135 374 132
58 471 58
397 447 394
235 278 232
106 507 106
75 395 72
391 482 388
367 487 364
354 362 354
101 340 98
231 368 228
209 496 206
187 289 184
24 156 24
89 388 86
345 369 342
301 320 298
59 245 56
28 125 28
79 116 76
119 360 116
262 405 262
205 308 202
17 497 14
346 392 346
220 347 220
362 413 362
61 426 58
291 441 288
376 494 376
44 133 44
43 182 40
331 492 328
365 404 362
60 117 60
349 404 346
7 55 4
69 207 66
10 210 10
225 321 222
50 272 50
352 403 352
62 66 62
291 464 288
224 414 224
23 119 20
55 266 52
248 376 248
141 322 138
151 343 148
294 412 294
3 247 1
305 499 302
5 53 2
123 444 120
75 131 72
162 451 162
4 332 4
86 110 86
457 482 454
127 327 124
136 337 136
3 134 1
387 488 384
403 427 400
110 115 110
197 249 194
64 351 64
495 507 492
50 237 50
239 257 236
411 437 408
108 288 108
239 503 236
116 307 116
337 378 334
107 118 104
177 196 174
82 278 82
373 474 370
20 145 20
245 316 242
358 455 358
52 163 52
147 166 144
38 203 38
55 450 52
211 391 208
73 372 70
213 299 210
403 510 400
405 452 402
361 499 358
183 474 180
227 365 224
254 314 254
33 431 30
19 131 16
275 323 272
475 509 472
183 413 180
327 474 324
172 404 172
90 126 90
311 409 308
309 500 306
232 363 232
18 74 18
99 397 96
72 85 72
155 469 152
129 413 126
159 466 156
134 390 134
324 349 324
327 445 324
322 360 322
138 317 138
325 368 322
17 262 14
68 107 68
299 484 296
158 294 158
193 344 190
30 89 30
91 146 88
271 472 268
112 474 112
141 347 138
256 503 256
363 416 360
49 500 46
138 448 138
141 275 138
22 72 22
421 444 418
39 297 36
184 308 184
398 399 396
319 460 316
218 262 218
81 385 78
14 227 14
88 189 88
249 456 246
135 145 132
242 302 242
14 203 14
129 260 126
416 455 416
151 225 148
64 78 64
386 440 386
44 355 44
259 484 256
66 489 66
33 423 30
492 503 492
30 178 30
131 190 128
495 497 492
175 277 172
277 501 274
102 309 102
205 307 202
101 283 98
122 183 122
157 507 154
56 203 56
17 249 14
9 205 6
38 388 38
417 420 414
25 68 22
72 136 72
388 462 388
307 327 304
264 344 264
18 192 18
322 495 322
190 360 190
143 201 140
147 472 144
407 482 404
273 367 270
13 24 10
149 444 146
42 165 42
279 451 276
419 503 416
48 293 48
186 188 186
429 459 426
251 424 248
143 248 140
61 335 58
325 496 322
46 420 46
161 378 158
243 262 240
252 504 252
357 369 354
501 505 498
18 95 18
116 357 116
93 279 90
251 271 248
202 258 202
189 452 186
73 249 70
277 356 274
29 243 26
206 470 206
229 490 226
455 475 452
85 303 82
442 512 442
271 501 268
243 511 240
171 334 168
134 323 134
397 511 394
483 484 480
174 458 174
499 510 496
28 38 28
97 240 94
320 444 320
180 479 180
112 372 112
36 156 36
136 145 136
417 484 414
189 197 186
44 80 44
151 266 148
86 321 86
24 42 24
238 498 238
132 253 132
289 314 286
82 228 82
91 262 88
326 328 326
367 462 364
301 313 298
154 309 154
147 408 144
196 246 196
48 217 48
11 302 8
12 22 12
216 416 216
443 458 440
128 506 128
53 158 50
42 435 42
235 452 232
70 328 70
329 376 326
239 390 236
318 339 318
411 477 408
106 116 106
300 366 300
13 495 10
475 482 472
78 140 78
234 343 234
440 451 440
261 325 258
43 294 40
249 363 246
403 461 400
469 481 466
97 250 94
345 417 342
89 361 86
60 388 60
357 510 354
138 151 138
93 124 90
150 447 150
165 268 162
421 500 418
26 187 26
41 412 38
20 82 20
43 449 40
179 236 176
165 338 162
209 422 206
68 441 68
296 317 296
38 252 38
27 271 24
271 307 268
407 486 404
343 419 340
143 289 140
8 392 8
168 226 168
97 472 94
128 162 128
401 456 398
334 377 334
256 395 256
94 286 94
38 52 38
261 361 258
327 353 324
138 480 138
147 479 144
246 512 246
182 199 182
14 16 14
139 485 136
45 392 42
213 423 210
108 194 108
287 510 284
288 365 288
117 435 114
193 242 190
140 358 140
159 381 156
33 376 30
369 437 366
165 194 162
127 216 124
149 275 146
243 462 240
155 334 152
225 410 222
439 476 436
57 454 54
25 210 22
228 229 226
383 468 380
197 499 194
341 481 338
359 473 356
177 350 174
120 211 120
321 471 318
342 475 342
139 493 136
92 409 92
157 481 154
320 471 320
60 494 60
143 195 140
348 485 348
475 504 472
397 442 394
389 390 386
321 441 318
422 423 420
49 252 46
212 346 212
205 306 202
322 480 322
167 360 164
261 308 258
262 278 262
345 411 342
98 289 98
358 489 358
26 203 26
401 468 398
266 437 266
111 124 108
312 505 312
191 400 188
53 403 50
270 354 270
57 316 54
102 220 102
85 295 82
208 219 208
109 138 106
421 511 418
377 512 374
425 496 422
158 271 158
55 412 52
353 418 350
146 258 146
131 364 128
279 306 276
277 404 274
181 205 178
353 492 350
133 215 130
71 476 68
259 412 256
134 216 134
174 223 174
289 480 286
103 178 100
14 454 14
277 441 274
140 418 140
36 192 36
287 493 284
350 425 350
399 427 396
248 301 248
341 465 338
25 465 22
246 259 246
67 495 64
365 460 362
281 347 278
116 452 116
329 409 326
207 436 204
261 410 258
66 348 66
47 445 44
171 247 168
257 289 254
42 347 42
325 502 322
21 508 18
106 478 106
437 503 434
485 511 482
86 268 86
371 410 368
26 158 26
379 488 376
181 408 178
183 271 180
297 404 294
97 224 94
255 328 252
107 420 104
39 436 36
172 192 172
64 73 64
75 409 72
44 46 44
363 472 360
44 187 44
4 341 4
128 397 128
75 243 72
12 36 12
189 225 186
38 83 38
297 358 294
445 481 442
293 384 290
167 296 164
113 250 110
45 285 42
243 426 240
46 397 46
51 374 48
305 387 302
377 451 374
4 16 4
206 398 206
210 457 210
260 295 260
117 462 114
288 420 288
239 481 236
15 502 12
396 496 396
132 512 132
251 275 248
36 282 36
240 337 240
10 273 10
167 312 164
115 170 112
285 388 282
133 138 130
193 398 190
21 217 18
339 427 336
24 341 24
28 145 28
8 92 8
20 58 20
243 414 240
140 496 140
236 304 236
347 433 344
16 27 16
309 349 306
44 122 44
91 177 88
254 362 254
76 315 76
203 382 200
245 303 242
477 511 474
255 319 252
105 159 102
113 139 110
175 369 172
15 321 12
391 394 388
181 433 178
363 426 360
13 341 10
329 438 326
31 248 28
153 318 150
14 21 14
189 333 186
337 389 334
198 371 198
217 311 214
175 398 172
110 394 110
160 192 160
27 264 24
271 375 268
23 254 20
165 240 162
80 437 80
9 449 6
342 429 342
13 384 10
7 26 4
74 150 74
273 371 270
242 373 242
139 210 136
361 424 358
484 503 484
131 324 128
427 429 424
375 475 372
111 178 108
163 297 160
347 358 344
363 459 360
98 177 98
439 469 436
226 282 226
68 315 68
155 249 152
43 73 40
187 502 184
154 170 154
359 471 356
449 498 446
263 405 260
252 409 252
221 441 218
247 338 244
132 133 130
27 474 24
396 479 396
55 485 52
39 128 36
75 483 72
38 354 38
369 448 366
256 280 256
319 404 316
127 157 124
238 317 238
233 512 230
419 433 416
164 374 164
142 448 142
26 385 26
30 350 30
253 281 250
413 512 410
452 512 452
271 481 268
299 351 296
233 334 230
182 408 182
305 358 302
296 427 296
83 501 80
360 398 360
36 53 36
74 206 74
123 277 120
142 208 142
225 330 222
365 392 362
505 507 502
177 392 174
268 320 268
441 474 438
255 358 252
391 414 388
289 427 286
300 338 300
127 185 124
25 199 22
143 200 140
250 440 250
154 188 154
87 314 84
409 512 406
13 105 10
487 507 484
47 296 44
148 182 148
328 418 328
162 330 162
230 276 230
4 504 4
164 417 164
48 264 48
237 360 234
276 459 276
149 386 146
169 430 166
115 502 112
38 81 38
157 390 154
34 35 32
108 185 108
268 411 268
229 459 226
389 414 386
42 191 42
36 57 36
353 407 350
281 470 278
45 402 42
90 231 90
116 182 116
77 88 74
10 238 10
5 200 2
471 499 468
70 339 70
337 400 334
349 369 346
207 280 204
158 437 158
74 239 74
315 421 312
274 451 274
241 292 238
6 12 6
497 501 494
27 393 24
56 443 56
3 303 1
400 402 400
113 309 110
228 412 228
10 14 10
43 202 40
401 508 398
148 207 148
227 382 224
151 163 148
140 265 140
29 307 26
47 268 44
200 468 200
104 123 104
403 415 400
45 493 42
26 456 26
299 419 296
176 310 176
22 42 22
33 411 30
305 497 302
235 311 232
169 222 166
110 175 110
263 408 260
213 411 210
293 489 290
226 441 226
13 251 10
5 196 2
63 206 60
268 269 266
339 391 336
112 266 112
250 371 250
416 441 416
371 393 368
61 465 58
168 349 168
283 373 280
423 434 420
303 476 300
9 254 6
247 405 244
161 356 158
367 390 364
167 323 164
135 307 132
295 485 292
161 197 158
222 436 222
9 497 6
141 377 138
440 498 440
102 146 102
183 491 180
268 341 268
121 204 118
345 359 342
85 128 82
217 510 214
110 392 110
23 240 20
109 128 106
349 375 346
417 452 414
287 512 284
77 325 74
398 487 398
179 387 176
187 386 184
503 509 500
146 250 146
115 411 112
33 142 30
135 216 132
83 430 80
387 402 384
220 353 220
414 490 414
382 414 382
178 379 178
162 353 162
226 418 226
23 101 20
325 364 322
211 246 208
335 376 332
77 366 74
210 291 210
127 464 124
18 224 18
139 368 136
49 315 46
127 165 124
184 470 184
495 501 492
313 459 310
257 432 254
49 447 46
267 445 264
59 473 56
264 425 264
189 340 186
18 86 18
368 409 368
5 417 2
366 407 366
39 395 36
257 465 254
73 443 70
169 199 166
84 112 84
60 187 60
275 397 272
6 489 6
201 259 198
471 492 468
335 506 332
185 420 182
381 480 378
53 464 50
210 212 210
201 311 198
30 352 30
14 90 14
159 430 156
375 461 372
311 328 308
197 448 194
131 283 128
137 224 134
161 447 158
362 504 362
173 197 170
116 323 116
170 414 170
102 213 102
87 232 84
311 427 308
137 223 134
85 481 82
15 108 12
47 360 44
24 35 24
223 508 220
262 426 262
134 458 134
316 398 316
161 183 158
235 368 232
419 500 416
7 412 4
422 505 422
465 478 462
32 154 32
197 429 194
110 382 110
345 432 342
14 248 14
365 452 362
289 492 286
353 366 350
167 504 164
208 304 208
81 170 78
345 473 342
1 60 1
123 364 120
19 170 16
165 473 162
385 441 382
29 425 26
365 444 362
425 509 422
161 453 158
170 431 170
288 309 288
228 393 228
23 425 20
279 409 276
255 508 252
6 387 6
129 134 126
351 437 348
219 447 216
86 460 86
324 328 324
89 228 86
143 268 140
241 245 238
10 242 10
395 473 392
14 84 14
421 485 418
244 506 244
331 422 328
75 366 72
415 420 412
177 403 174
295 440 292
297 390 294
155 475 152
165 363 162
61 130 58
13 435 10
155 322 152
89 254 86
369 463 366
17 232 14
149 492 146
300 329 300
341 413 338
167 495 164
132 239 132
101 296 98
2 3 1
447 499 444
42 333 42
235 318 232
134 319 134
210 230 210
25 142 22
195 323 192
10 309 10
13 424 10
443 445 440
62 448 62
465 510 462
80 144 80
188 277 188
207 487 204
314 358 314
87 185 84
4 50 4
115 282 112
140 467 140
321 436 318
421 486 418
139 388 136
343 476 340
270 335 270
80 459 80
411 441 408
29 457 26
221 256 218
55 77 52
55 427 52
220 499 220
16 58 16
284 325 284
309 398 306
63 200 60
33 134 30
319 478 316
4 192 4
219 424 216
353 382 350
39 224 36
188 257 188
83 363 80
371 408 368
93 295 90
243 489 240
26 273 26
66 108 66
158 303 158
457 480 454
60 211 60
39 389 36
39 142 36
300 487 300
138 507 138
285 323 282
98 494 98
72 114 72
39 78 36
173 208 170
323 424 320
44 436 44
369 491 366
307 345 304
43 61 40
74 392 74
54 218 54
256 464 256
388 510 388
192 274 192
377 449 374
9 14 6
77 360 74
181 343 178
239 468 236
37 306 34
62 173 62
162 300 162
205 372 202
375 438 372
201 494 198
113 427 110
243 304 240
172 401 172
468 502 468
92 268 92
219 502 216
105 506 102
467 489 464
325 336 322
281 478 278
319 399 316
162 318 162
98 105 98
138 377 138
59 260 56
431 464 428
499 505 496
105 235 102
108 448 108
56 343 56
78 341 78
34 49 34
214 231 214
262 396 262
387 454 384
323 393 320
135 448 132
445 485 442
440 463 440
353 396 350
475 506 472
136 151 136
7 70 4
55 367 52
14 397 14
10 65 10
305 498 302
220 253 220
138 336 138
389 423 386
28 184 28
178 329 178
101 357 98
65 444 62
139 407 136
54 377 54
152 257 152
90 292 90
61 128 58
2 30 2
199 205 196
402 491 402
435 498 432
90 512 90
345 372 342
143 318 140
441 502 438
269 483 266
257 414 254
41 77 38
330 391 330
105 208 102
34 404 34
75 512 72
379 416 376
348 458 348
119 150 116
480 504 480
6 8 6
367 403 364
174 238 174
6 21 6
177 299 174
425 436 422
42 105 42
108 171 108
225 424 222
269 490 266
133 395 130
95 211 92
38 179 38
277 490 274
427 504 424
155 459 152
47 241 44
103 269 100
383 478 380
285 313 282
179 334 176
192 383 192
55 167 52
31 180 28
86 367 86
39 292 36
63 119 60
123 305 120
247 263 244
117 253 114
238 282 238
47 371 44
199 496 196
201 449 198
229 327 226
384 454 384
154 336 154
15 357 12
119 160 116
441 482 438
43 325 40
271 450 268
332 371 332
205 504 202
277 363 274
43 206 40
407 475 404
145 213 142
36 194 36
157 420 154
361 459 358
303 441 300
214 455 214
132 408 132
224 380 224
255 404 252
44 175 44
417 450 414
403 480 400
380 460 380
24 262 24
346 348 346
475 510 472
406 478 406
155 445 152
31 213 28
210 218 210
166 388 166
376 507 376
155 312 152
19 104 16
6 499 6
399 411 396
271 349 268
235 427 232
407 512 404
294 461 294
33 338 30
279 285 276
393 455 390
79 289 76
416 444 416
133 351 130
276 327 276
395 477 392
184 461 184
112 379 112
343 378 340
18 162 18
307 467 304
403 508 400
25 390 22
52 53 50
113 435 110
242 370 242
9 77 6
200 315 200
128 377 128
10 512 10
99 488 96
63 105 60
245 491 242
17 274 14
81 125 78
479 502 476
25 198 22
351 388 348
405 485 402
137 158 134
351 468 348
43 393 40
423 426 420
297 452 294
78 100 78
126 380 126
118 210 118
275 475 272
94 155 94
55 165 52
105 509 102
233 260 230
57 141 54
122 393 122
182 508 182
30 512 30
50 222 50
465 472 462
299 375 296
277 414 274
218 282 218
429 501 426
187 390 184
26 302 26
115 438 112
171 362 168
66 312 66
131 422 128
153 202 150
1 80 1
288 305 288
391 395 388
81 179 78
229 487 226
65 504 62
383 467 380
69 152 66
289 390 286
46 195 46
69 453 66
257 277 254
87 127 84
375 499 372
182 215 182
48 512 48
377 425 374
383 475 380
250 465 250
99 216 96
296 342 296
225 279 222
64 70 64
110 337 110
130 200 130
166 493 166
78 316 78
227 234 224
123 244 120
101 142 98
89 164 86
397 423 394
315 383 312
353 453 350
371 450 368
450 451 448
71 233 68
161 512 158
371 508 368
186 441 186
65 380 62
33 294 30
182 258 182
463 512 460
50 76 50
23 297 20
175 399 172
2 502 2
210 414 210
138 413 138
180 311 180
173 276 170
105 110 102
284 412 284
94 153 94
147 499 144
69 176 66
171 301 168
137 255 134
245 413 242
165 229 162
473 498 470
481 494 478
95 201 92
312 392 312
21 272 18
4 476 4
197 403 194
211 217 208
10 28 10
172 332 172
119 351 116
9 410 6
83 354 80
338 417 338
95 132 92
451 482 448
149 332 146
365 393 362
134 310 134
169 187 166
356 467 356
99 477 96
439 491 436
235 450 232
124 166 124
157 178 154
355 399 352
277 278 274
390 449 390
210 512 210
34 72 34
81 161 78
349 443 346
186 239 186
369 503 366
236 294 236
50 295 50
237 264 234
171 197 168
74 384 74
254 457 254
224 300 224
324 487 324
493 495 490
153 253 150
27 222 24
66 427 66
140 301 140
172 363 172
365 483 362
379 507 376
435 481 432
140 220 140
253 283 250
113 375 110
131 470 128
281 354 278
161 438 158
73 503 70
67 439 64
361 397 358
391 484 388
45 133 42
349 480 346
97 270 94
247 282 244
33 69 30
227 378 224
217 387 214
417 455 414
259 452 256
324 512 324
58 151 58
16 396 16
393 470 390
42 47 42
81 326 78
109 119 106
193 363 190
421 489 418
151 179 148
427 491 424
30 194 30
325 489 322
347 488 344
56 84 56
193 268 190
198 464 198
37 510 34
142 344 142
379 473 376
312 386 312
325 431 322
2 184 2
233 469 230
180 308 180
115 151 112
158 357 158
411 463 408
101 394 98
415 504 412
161 286 158
25 512 22
221 456 218
283 388 280
42 213 42
126 321 126
98 320 98
147 183 144
115 137 112
221 375 218
258 311 258
437 477 434
158 239 158
393 437 390
110 487 110
7 318 4
1 508 1
224 299 224
405 413 402
293 470 290
87 130 84
25 44 22
195 311 192
203 418 200
73 172 70
418 455 418
128 189 128
39 120 36
20 293 20
185 349 182
321 451 318
109 226 106
29 346 26
359 470 356
342 391 342
220 262 220
363 384 360
88 221 88
129 165 126
409 447 406
203 245 200
189 414 186
15 232 12
14 491 14
376 437 376
18 24 18
129 339 126
226 492 226
287 301 284
1 83 1
241 300 238
73 80 70
101 256 98
95 228 92
36 38 36
287 479 284
5 93 2
58 413 58
398 466 398
211 377 208
205 289 202
85 376 82
212 276 212
461 490 458
411 494 408
487 509 484
160 245 160
100 253 100
255 382 252
108 410 108
479 496 476
219 436 216
459 464 456
281 345 278
289 295 286
247 363 244
102 297 102
16 342 16
18 135 18
76 302 76
360 461 360
119 318 116
333 405 330
52 61 52
258 395 258
125 290 122
151 324 148
338 451 338
3 462 1
357 411 354
423 504 420
411 454 408
366 470 366
343 361 340
396 402 396
393 433 390
166 339 166
302 501 302
85 265 82
80 466 80
79 236 76
453 468 450
303 380 300
335 448 332
469 489 466
354 471 354
21 279 18
97 197 94
167 421 164
239 331 236
133 449 130
429 473 426
159 482 156
463 479 460
21 71 18
29 463 26
250 353 250
97 169 94
123 402 120
139 360 136
375 405 372
58 192 58
169 188 166
286 305 286
4 340 4
139 438 136
459 507 456
217 226 214
3 427 1
186 376 186
326 459 326
79 143 76
67 456 64
165 379 162
60 358 60
40 492 40
441 461 438
243 391 240
245 272 242
395 494 392
145 172 142
148 378 148
147 300 144
78 131 78
117 317 114
5 339 2
39 242 36
443 491 440
81 232 78
170 258 170
90 246 90
58 224 58
83 368 80
190 210 190
131 257 128
445 459 442
36 37 34
275 312 272
123 248 120
470 475 470
357 452 354
125 383 122
265 332 262
98 422 98
183 212 180
255 505 252
69 104 66
19 200 16
11 147 8
177 448 174
55 220 52
175 245 172
95 299 92
133 227 130
332 410 332
263 278 260
109 318 106
21 202 18
269 293 266
70 155 70
30 170 30
209 404 206
305 463 302
341 445 338
329 465 326
181 214 178
303 411 300
139 454 136
199 493 196
284 305 284
6 106 6
95 460 92
437 500 434
352 483 352
192 238 192
330 369 330
104 113 104
78 161 78
127 181 124
22 399 22
343 457 340
223 274 220
299 482 296
465 501 462
163 260 160
22 43 22
80 99 80
279 401 276
379 495 376
361 378 358
501 504 498
151 323 148
102 423 102
295 352 292
270 343 270
37 466 34
16 21 16
162 264 162
9 284 6
347 371 344
30 506 30
15 168 12
58 444 58
84 222 84
183 431 180
78 111 78
447 473 444
14 193 14
217 262 214
73 174 70
232 388 232
139 310 136
143 395 140
210 385 210
81 394 78
31 275 28
83 467 80
60 337 60
349 477 346
433 442 430
38 148 38
4 8 4
96 248 96
73 270 70
481 498 478
94 309 94
38 73 38
397 455 394
307 461 304
8 490 8
11 362 8
471 501 468
177 365 174
83 295 80
187 466 184
393 459 390
197 278 194
104 167 104
386 467 386
361 493 358
225 417 222
6 502 6
462 476 462
257 456 254
297 371 294
10 11 8
122 221 122
447 489 444
207 484 204
154 398 154
26 248 26
454 455 452
4 271 4
38 47 38
97 473 94
9 278 6
30 302 30
74 438 74
111 339 108
162 502 162
421 490 418
177 446 174
93 171 90
28 113 28
169 260 166
463 471 460
174 300 174
10 134 10
115 454 112
277 378 274
419 442 416
173 369 170
148 414 148
2 480 2
36 48 36
62 122 62
306 339 306
120 437 120
109 223 106
160 326 160
119 464 116
142 207 142
110 125 110
206 429 206
24 163 24
269 469 266
74 246 74
95 426 92
288 504 288
224 293 224
20 374 20
83 99 80
250 401 250
228 351 228
73 380 70
109 135 106
16 137 16
201 379 198
100 159 100
57 212 54
239 279 236
221 261 218
10 204 10
18 103 18
385 411 382
195 451 192
485 488 482
271 398 268
147 435 144
294 348 294
199 286 196
280 404 280
136 157 136
356 441 356
442 495 442
85 512 82
93 130 90
151 229 148
197 346 194
328 454 328
30 43 30
301 351 298
136 350 136
27 276 24
79 491 76
43 271 40
45 247 42
457 462 454
483 495 480
81 478 78
251 335 248
77 216 74
381 405 378
363 437 360
207 345 204
2 50 2
41 264 38
259 266 256
230 262 230
417 499 414
107 511 104
49 493 46
203 500 200
285 422 282
225 461 222
419 449 416
433 501 430
71 347 68
169 442 166
395 475 392
14 362 14
75 399 72
473 505 470
295 407 292
327 374 324
103 440 100
99 291 96
127 416 124
106 383 106
61 231 58
415 476 412
469 496 466
251 361 248
115 188 112
58 150 58
47 133 44
215 300 212
343 512 340
158 183 158
403 488 400
182 329 182
261 322 258
73 425 70
339 360 336
307 309 304
120 248 120
131 263 128
15 97 12
139 428 136
288 497 288
206 290 206
202 328 202
126 218 126
165 454 162
315 445 312
18 30 18
212 278 212
455 462 452
93 500 90
31 268 28
287 299 284
112 446 112
409 451 406
14 31 14
140 165 140
153 315 150
58 217 58
38 125 38
3 363 1
399 415 396
110 512 110
12 158 12
14 156 14
28 200 28
195 284 192
45 328 42
183 408 180
67 498 64
16 122 16
91 342 88
146 188 146
171 201 168
317 440 314
305 459 302
209 450 206
449 489 446
57 303 54
342 384 342
219 461 216
72 230 72
273 312 270
423 476 420
162 335 162
65 271 62
249 512 246
429 447 426
31 162 28
122 169 122
66 134 66
256 263 256
256 465 256
130 251 130
315 415 312
39 487 36
19 225 16
67 473 64
232 443 232
43 350 40
150 441 150
241 420 238
92 512 92
100 218 100
199 276 196
36 50 36
278 287 278
342 359 342
190 512 190
370 416 370
199 338 196
97 115 94
381 491 378
82 362 82
25 218 22
325 371 322
115 331 112
10 252 10
18 147 18
243 310 240
49 59 46
322 401 322
179 286 176
83 393 80
3 402 1
9 418 6
483 491 480
15 214 12
156 267 156
283 409 280
400 512 400
267 400 264
242 391 242
155 487 152
305 359 302
109 348 106
188 196 188
40 281 40
163 374 160
187 320 184
109 350 106
357 491 354
115 168 112
306 435 306
83 298 80
100 146 100
327 366 324
164 263 164
93 110 90
71 212 68
311 397 308
385 499 382
82 399 82
258 411 258
36 168 36
55 148 52
277 397 274
15 467 12
275 413 272
72 317 72
102 118 102
132 396 132
194 475 194
331 452 328
185 504 182
335 386 332
227 302 224
127 491 124
1 12 1
137 259 134
213 476 210
52 185 52
441 505 438
191 199 188
29 54 26
204 426 204
427 497 424
400 505 400
271 439 268
247 271 244
64 295 64
97 202 94
199 490 196
95 430 92
11 344 8
70 149 70
103 270 100
3 217 1
402 403 400
88 103 88
20 174 20
447 455 444
358 433 358
41 199 38
116 512 116
108 462 108
171 256 168
463 496 460
107 345 104
173 252 170
6 418 6
329 443 326
139 284 136
391 512 388
166 231 166
13 41 10
31 408 28
22 28 22
101 510 98
14 496 14
39 256 36
44 251 44
329 381 326
121 484 118
9 253 6
341 381 338
179 189 176
77 424 74
34 223 34
329 361 326
36 154 36
243 427 240
253 342 250
481 495 478
53 505 50
40 49 40
302 307 302
36 88 36
141 168 138
151 178 148
349 400 346
394 440 394
39 504 36
42 91 42
251 398 248
417 468 414
132 449 132
48 57 48
74 501 74
361 447 358
173 329 170
267 392 264
37 155 34
166 236 166
209 276 206
41 201 38
32 156 32
10 32 10
41 62 38
323 401 320
3 163 1
225 285 222
231 411 228
289 500 286
274 321 274
437 443 434
225 362 222
44 213 44
166 427 166
11 224 8
301 365 298
383 385 380
109 209 106
110 452 110
44 60 44
41 184 38
451 511 448
317 469 314
160 457 160
129 214 126
97 299 94
159 183 156
392 438 392
90 137 90
117 182 114
10 23 10
141 309 138
8 10 8
25 247 22
73 105 70
190 503 190
33 511 30
76 449 76
83 125 80
237 306 234
428 451 428
187 219 184
60 437 60
237 359 234
467 512 464
210 432 210
127 456 124
103 278 100
50 239 50
335 338 332
174 384 174
204 474 204
10 131 10
355 442 352
55 375 52
11 34 8
2 80 2
27 207 24
30 126 30
271 385 268
129 464 126
104 335 104
363 447 360
331 453 328
43 398 40
91 148 88
219 512 216
9 268 6
409 500 406
127 318 124
225 433 222
123 270 120
12 139 12
83 432 80
190 421 190
144 147 144
365 474 362
16 508 16
95 161 92
249 303 246
183 483 180
69 265 66
174 315 174
46 76 46
78 374 78
59 199 56
257 509 254
409 454 406
98 312 98
455 467 452
58 342 58
315 420 312
447 466 444
22 136 22
232 481 232
233 257 230
325 437 322
251 283 248
153 160 150
273 439 270
76 313 76
29 156 26
201 414 198
389 415 386
65 226 62
473 504 470
155 192 152
41 311 38
48 388 48
46 156 46
452 455 452
471 477 468
291 492 288
72 101 72
305 365 302
349 511 346
278 478 278
313 350 310
159 367 156
359 498 356
374 377 374
323 407 320
87 393 84
278 302 278
172 382 172
339 405 336
128 138 128
405 435 402
3 370 1
130 432 130
132 297 132
236 306 236
405 414 402
76 368 76
117 128 114
353 384 350
227 448 224
44 492 44
418 492 418
58 89 58
16 296 16
235 410 232
38 216 38
147 462 144
205 256 202
121 386 118
99 479 96
96 385 96
469 507 466
175 487 172
43 313 40
122 137 122
443 494 440
61 171 58
76 249 76
351 509 348
320 436 320
440 454 440
16 101 16
380 386 380
140 279 140
266 369 266
453 462 450
265 432 262
312 320 312
374 392 374
298 372 298
244 458 244
126 251 126
98 357 98
42 107 42
249 263 246
38 347 38
249 398 246
317 482 314
51 184 48
295 366 292
289 355 286
399 436 396
15 472 12
78 500 78
55 351 52
465 506 462
106 343 106
9 465 6
204 452 204
231 353 228
441 497 438
215 269 212
18 72 18
187 273 184
13 94 10
237 381 234
63 156 60
84 206 84
106 318 106
16 315 16
94 105 94
77 224 74
155 491 152
44 173 44
458 480 458
117 333 114
29 251 26
462 496 462
427 438 424
194 201 194
164 277 164
140 303 140
19 431 16
309 472 306
102 326 102
459 462 456
39 154 36
471 488 468
197 201 194
185 476 182
395 442 392
419 507 416
451 497 448
45 502 42
339 457 336
227 231 224
353 504 350
251 387 248
466 494 466
209 410 206
79 201 76
387 487 384
38 199 38
3 11 1
188 264 188
103 221 100
96 301 96
391 422 388
265 406 262
349 481 346
71 179 68
70 199 70
16 108 16
427 511 424
168 213 168
51 404 48
93 134 90
265 468 262
241 491 238
413 493 410
303 319 300
293 419 290
21 466 18
74 399 74
209 257 206
81 243 78
193 387 190
23 116 20
39 496 36
17 321 14
417 512 414
186 401 186
275 493 272
201 459 198
135 403 132
115 340 112
250 406 250
499 502 496
337 501 334
149 467 146
354 480 354
55 385 52
83 156 80
183 371 180
295 363 292
337 371 334
423 438 420
158 249 158
268 404 268
43 366 40
25 466 22
106 205 106
101 431 98
81 206 78
400 490 400
44 358 44
247 248 244
455 456 452
68 209 68
12 179 12
90 467 90
120 128 120
434 445 434
122 512 122
103 445 100
120 234 120
205 383 202
465 471 462
5 378 2
405 512 402
185 369 182
387 511 384
285 378 282
42 216 42
104 454 104
56 77 56
64 447 64
337 392 334
134 203 134
200 391 200
136 351 136
283 447 280
84 421 84
151 330 148
99 309 96
185 418 182
325 382 322
79 195 76
249 476 246
136 505 136
140 215 140
409 496 406
455 510 452
133 398 130
44 186 44
137 239 134
277 506 274
353 357 350
211 410 208
70 356 70
234 446 234
201 396 198
83 463 80
65 228 62
75 414 72
347 382 344
107 156 104
89 287 86
22 211 22
419 509 416
392 396 392
101 377 98
158 324 158
45 113 42
9 223 6
309 407 306
235 284 232
461 475 458
407 497 404
309 453 306
165 465 162
150 268 150
227 451 224
303 329 300
159 440 156
36 180 36
185 505 182
5 223 2
116 444 116
276 405 276
75 105 72
275 393 272
381 444 378
216 478 216
90 288 90
485 506 482
41 476 38
84 391 84
38 54 38
29 381 26
87 136 84
355 405 352
107 419 104
165 418 162
226 461 226
11 501 8
181 480 178
204 369 204
505 510 502
261 380 258
382 498 382
279 384 276
109 448 106
237 431 234
134 321 134
216 493 216
50 405 50
200 260 200
305 489 302
163 183 160
458 459 456
218 512 218
31 208 28
322 369 322
196 265 196
191 225 188
225 498 222
389 471 386
91 154 88
113 191 110
196 404 196
104 419 104
271 334 268
372 406 372
411 476 408
389 429 386
358 512 358
171 320 168
257 262 254
449 512 446
387 467 384
60 111 60
39 461 36
146 261 146
361 423 358
143 310 140
40 501 40
185 376 182
46 343 46
235 270 232
366 409 366
298 334 298
178 344 178
37 73 34
170 259 170
320 435 320
480 481 478
363 466 360
269 413 266
459 511 456
58 271 58
187 218 184
297 460 294
149 341 146
170 351 170
218 433 218
16 512 16
21 229 18
30 155 30
172 299 172
305 443 302
496 503 496
303 318 300
5 474 2
22 163 22
165 496 162
196 484 196
31 511 28
196 215 196
133 481 130
211 438 208
436 486 436
401 414 398
141 339 138
151 204 148
212 271 212
121 298 118
126 360 126
110 118 110
28 133 28
227 255 224
34 43 34
129 367 126
182 221 182
101 326 98
109 199 106
296 369 296
69 101 66
44 439 44
255 323 252
209 493 206
146 327 146
25 88 22
119 252 116
337 451 334
373 476 370
132 491 132
419 453 416
32 490 32
107 152 104
131 214 128
90 102 90
337 452 334
136 285 136
68 78 68
453 457 450
299 496 296
140 512 140
49 157 46
197 379 194
204 409 204
319 386 316
361 494 358
253 470 250
70 390 70
323 368 320
269 278 266
28 240 28
23 82 20
70 101 70
36 72 36
107 178 104
53 451 50
139 318 136
223 328 220
58 185 58
227 507 224
314 482 314
167 226 164
83 496 80
245 389 242
353 416 350
217 237 214
76 427 76
238 242 238
314 429 314
357 481 354
1 106 1
137 363 134
309 496 306
336 345 336
368 426 368
140 449 140
130 198 130
431 455 428
14 354 14
31 480 28
222 470 222
366 370 366
73 93 70
11 332 8
313 351 310
17 380 14
297 486 294
32 251 32
357 378 354
24 49 24
101 437 98
43 353 40
96 506 96
2 358 2
7 198 4
401 429 398
256 367 256
75 466 72
331 370 328
233 458 230
25 289 22
233 263 230
68 178 68
372 453 372
380 393 380
224 390 224
393 504 390
125 185 122
133 261 130
219 248 216
315 474 312
372 373 370
81 506 78
503 511 500
229 325 226
309 382 306
153 171 150
183 268 180
92 354 92
339 399 336
457 477 454
138 232 138
5 229 2
336 497 336
201 305 198
88 125 88
156 449 156
60 266 60
187 407 184
30 32 30
281 460 278
112 312 112
276 457 276
84 444 84
39 386 36
22 54 22
34 228 34
31 34 28
383 446 380
301 476 298
475 494 472
452 476 452
190 427 190
159 205 156
172 393 172
18 61 18
136 282 136
81 408 78
351 439 348
331 484 328
4 43 4
151 382 148
32 360 32
13 144 10
164 185 164
81 499 78
163 244 160
259 399 256
451 477 448
465 475 462
15 432 12
385 437 382
7 499 4
280 433 280
180 322 180
237 321 234
171 216 168
179 408 176
95 427 92
74 144 74
60 100 60
383 504 380
215 279 212
317 507 314
170 398 170
73 442 70
61 431 58
441 510 438
133 263 130
433 439 430
198 394 198
121 241 118
24 293 24
269 474 266
350 453 350
302 505 302
70 284 70
473 485 470
14 48 14
239 318 236
322 323 320
68 69 66
14 106 14
44 468 44
44 93 44
1 229 1
271 407 268
38 84 38
179 450 176
308 414 308
232 385 232
385 435 382
293 306 290
34 355 34
165 477 162
299 373 296
269 303 266
25 277 22
400 426 400
311 435 308
379 406 376
78 204 78
63 122 60
295 387 292
361 426 358
330 449 330
145 331 142
11 470 8
225 364 222
61 189 58
3 333 1
38 123 38
80 212 80
44 271 44
12 292 12
279 494 276
141 470 138
81 205 78
167 236 164
315 384 312
45 127 42
247 325 244
57 407 54
114 474 114
24 51 24
48 164 48
25 43 22
309 318 306
53 80 50
435 460 432
314 363 314
49 52 46
317 423 314
285 411 282
154 493 154
359 412 356
51 186 48
118 512 118
329 448 326
129 299 126
45 374 42
481 499 478
39 206 36
275 279 272
181 349 178
97 134 94
6 382 6
126 170 126
25 265 22
85 348 82
69 285 66
52 494 52
423 478 420
235 344 232
61 441 58
14 414 14
355 461 352
263 397 260
280 294 280
232 311 232
278 352 278
91 211 88
247 267 244
385 416 382
221 387 218
54 286 54
64 427 64
21 326 18
243 506 240
206 212 206
237 337 234
288 394 288
152 469 152
63 229 60
355 431 352
87 291 84
387 397 384
53 199 50
46 456 46
88 124 88
459 510 456
147 488 144
161 181 158
200 278 200
296 503 296
68 312 68
91 186 88
54 205 54
187 372 184
51 399 48
267 411 264
53 316 50
357 372 354
92 108 92
59 185 56
493 507 490
273 395 270
470 492 470
87 275 84
272 406 272
10 404 10
275 286 272
404 480 404
193 365 190
110 163 110
377 474 374
121 237 118
361 422 358
157 287 154
24 62 24
38 78 38
149 440 146
441 444 438
65 301 62
40 342 40
235 299 232
1 78 1
50 368 50
45 403 42
18 398 18
115 278 112
220 405 220
33 420 30
156 432 156
367 482 364
160 205 160
117 327 114
52 180 52
287 371 284
296 403 296
26 314 26
160 322 160
92 259 92
81 160 78
286 509 286
300 450 300
86 280 86
42 59 42
292 505 292
214 495 214
164 304 164
229 437 226
60 321 60
61 345 58
97 419 94
23 75 20
233 236 230
465 491 462
118 447 118
211 456 208
405 494 402
178 497 178
164 398 164
309 503 306
263 318 260
147 156 144
174 427 174
17 437 14
304 484 304
208 448 208
435 487 432
38 41 38
345 395 342
479 483 476
15 366 12
111 175 108
300 449 300
197 504 194
90 458 90
265 512 262
143 331 140
265 509 262
26 128 26
231 292 228
157 210 154
51 478 48
252 348 252
222 310 222
52 55 52
142 269 142
413 464 410
302 316 302
57 468 54
208 276 208
41 389 38
62 265 62
89 380 86
95 252 92
251 291 248
235 458 232
282 357 282
253 439 250
8 16 8
92 147 92
13 185 10
8 61 8
119 493 116
270 508 270
234 386 234
221 309 218
21 218 18
318 322 318
207 356 204
119 320 116
166 286 166
75 292 72
89 394 86
83 299 80
3 298 1
248 324 248
91 480 88
419 496 416
9 294 6
221 265 218
141 299 138
145 315 142
45 366 42
67 190 64
20 281 20
276 376 276
44 55 44
107 469 104
108 488 108
187 192 184
163 193 160
303 446 300
8 230 8
459 489 456
160 188 160
263 493 260
373 449 370
68 129 68
25 334 22
33 64 30
96 139 96
487 496 484
383 461 380
55 63 52
140 240 140
325 337 322
152 335 152
244 385 244
11 272 8
27 370 24
157 263 154
91 455 88
230 298 230
30 458 30
62 347 62
285 386 282
307 495 304
241 262 238
12 405 12
245 279 242
381 432 378
6 507 6
210 282 210
311 484 308
36 74 36
64 377 64
121 178 118
429 444 426
22 44 22
23 78 20
105 372 102
184 294 184
39 373 36
74 94 74
231 355 228
274 428 274
170 238 170
207 287 204
477 490 474
132 478 132
129 147 126
289 306 286
433 446 430
90 479 90
253 381 250
10 19 10
25 352 22
117 477 114
77 486 74
305 511 302
201 336 198
13 261 10
349 380 346
153 350 150
12 395 12
345 505 342
125 244 122
160 358 160
243 348 240
144 447 144
435 457 432
149 387 146
257 372 254
293 363 290
160 186 160
223 395 220
144 301 144
311 351 308
248 286 248
201 223 198
28 107 28
15 124 12
218 426 218
142 393 142
279 505 276
387 512 384
97 120 94
56 483 56
59 488 56
193 313 190
337 339 334
179 496 176
6 93 6
22 366 22
303 471 300
233 403 230
24 75 24
28 283 28
280 343 280
237 408 234
12 386 12
51 230 48
65 512 62
59 435 56
131 239 128
459 465 456
59 512 56
193 353 190
199 313 196
57 189 54
71 374 68
76 120 76
383 398 380
217 428 214
40 88 40
243 264 240
78 178 78
150 151 148
471 500 468
54 473 54
323 329 320
82 188 82
25 161 22
311 512 308
10 109 10
84 266 84
301 362 298
334 488 334
267 495 264
317 350 314
399 504 396
111 165 108
251 473 248
85 139 82
125 339 122
223 337 220
211 228 208
119 476 116
172 313 172
189 313 186
74 112 74
63 286 60
62 338 62
415 452 412
437 510 434
225 236 222
60 490 60
201 343 198
97 446 94
458 512 458
211 243 208
302 424 302
171 177 168
54 78 54
183 198 180
104 357 104
32 36 32
248 482 248
215 441 212
147 165 144
379 431 376
232 347 232
82 144 82
10 86 10
381 482 378
35 291 32
447 511 444
72 505 72
129 375 126
372 512 372
173 202 170
365 438 362
194 199 194
63 285 60
331 378 328
85 125 82
313 455 310
23 95 20
287 370 284
60 163 60
72 93 72
269 494 266
95 433 92
207 291 204
184 394 184
99 256 96
1 447 1
51 390 48
413 417 410
149 376 146
49 148 46
145 237 142
159 177 156
141 179 138
251 512 248
4 453 4
355 358 352
67 186 64
95 317 92
487 503 484
204 302 204
144 364 144
171 260 168
15 262 12
309 338 306
326 355 326
149 354 146
269 345 266
139 349 136
84 270 84
417 511 414
383 423 380
179 495 176
453 492 450
124 130 124
308 434 308
19 190 16
114 327 114
24 117 24
166 335 166
438 469 438
459 493 456
85 372 82
162 358 162
164 222 164
345 394 342
262 502 262
131 460 128
344 354 344
175 466 172
147 494 144
75 81 72
174 415 174
116 177 116
391 419 388
138 187 138
202 512 202
29 73 26
124 461 124
147 487 144
285 325 282
217 273 214
23 263 20
120 405 120
106 118 106
183 344 180
101 194 98
145 355 142
347 476 344
52 325 52
192 368 192
45 469 42
139 405 136
5 190 2
225 346 222
36 163 36
193 382 190
237 349 234
119 180 116
116 308 116
397 414 394
179 219 176
103 321 100
78 311 78
5 452 2
417 465 414
361 373 358
171 180 168
2 327 2
119 125 116
117 395 114
221 277 218
165 329 162
339 363 336
16 292 16
56 402 56
34 61 34
112 172 112
363 393 360
502 512 502
381 503 378
175 296 172
38 75 38
189 251 186
102 183 102
53 222 50
341 419 338
137 388 134
44 324 44
264 511 264
14 224 14
36 286 36
33 491 30
70 226 70
131 225 128
359 402 356
107 231 104
121 404 118
206 478 206
391 443 388
72 209 72
375 464 372
387 481 384
169 395 166
307 369 304
295 439 292
110 129 110
301 469 298
71 255 68
345 436 342
118 305 118
132 412 132
257 511 254
149 393 146
49 158 46
387 460 384
31 295 28
277 497 274
421 481 418
4 91 4
393 417 390
285 407 282
56 321 56
191 237 188
95 163 92
71 350 68
435 444 432
47 174 44
313 352 310
203 512 200
131 166 128
87 499 84
347 425 344
207 323 204
165 283 162
128 388 128
173 270 170
177 461 174
393 480 390
377 386 374
120 481 120
469 494 466
19 460 16
102 214 102
423 487 420
279 479 276
393 468 390
381 506 378
42 85 42
122 318 122
397 469 394
21 422 18
161 499 158
409 487 406
17 460 14
41 60 38
118 483 118
63 436 60
219 317 216
111 169 108
165 436 162
247 339 244
421 491 418
22 84 22
19 374 16
39 135 36
47 357 44
315 351 312
469 498 466
55 500 52
305 406 302
125 286 122
95 379 92
217 490 214
92 321 92
19 202 16
148 512 148
200 405 200
121 243 118
22 228 22
73 279 70
97 123 94
287 492 284
446 512 446
201 284 198
129 169 126
3 296 1
66 81 66
210 458 210
113 440 110
75 371 72
241 249 238
45 315 42
327 407 324
145 198 142
74 188 74
164 506 164
155 172 152
295 502 292
163 259 160
132 145 132
382 383 380
4 248 4
186 459 186
301 506 298
26 477 26
77 221 74
6 104 6
235 247 232
379 460 376
175 257 172
305 425 302
33 206 30
75 215 72
52 261 52
133 299 130
259 456 256
314 447 314
401 499 398
44 234 44
71 366 68
123 210 120
249 255 246
156 368 156
269 393 266
323 504 320
301 361 298
211 325 208
369 411 366
174 190 174
349 389 346
283 490 280
299 492 296
349 479 346
396 511 396
39 65 36
175 435 172
59 494 56
281 472 278
471 509 468
57 374 54
471 486 468
138 386 138
88 417 88
71 435 68
207 412 204
376 425 376
359 475 356
63 115 60
356 367 356
357 494 354
321 371 318
228 503 228
209 270 206
391 496 388
56 485 56
276 318 276
172 276 172
255 452 252
263 323 260
118 471 118
119 425 116
74 237 74
103 208 100
113 486 110
495 499 492
169 245 166
163 168 160
210 272 210
115 324 112
71 293 68
281 406 278
40 210 40
293 499 290
170 179 170
32 344 32
6 35 6
28 330 28
35 138 32
19 203 16
87 487 84
15 296 12
63 418 60
17 505 14
41 232 38
357 467 354
68 393 68
98 116 98
377 408 374
121 335 118
31 198 28
180 231 180
245 315 242
315 479 312
134 382 134
14 268 14
362 451 362
261 350 258
64 122 64
222 463 222
445 479 442
18 331 18
143 238 140
52 90 52
375 377 372
160 308 160
363 373 360
275 427 272
156 193 156
156 446 156
46 391 46
215 277 212
112 507 112
128 260 128
305 512 302
467 486 464
411 422 408
78 287 78
29 229 26
227 242 224
417 439 414
84 314 84
52 100 52
88 291 88
25 473 22
283 419 280
128 257 128
216 223 216
343 357 340
106 120 106
132 470 132
38 415 38
225 380 222
49 185 46
114 373 114
27 82 24
297 501 294
482 512 482
385 500 382
43 464 40
48 342 48
225 511 222
64 298 64
37 251 34
303 424 300
28 221 28
167 321 164
126 150 126
351 378 348
271 288 268
302 350 302
245 444 242
129 226 126
48 501 48
30 37 30
203 261 200
447 458 444
204 344 204
52 500 52
107 248 104
379 457 376
402 421 402
433 455 430
57 334 54
447 491 444
373 389 370
304 305 302
287 383 284
407 451 404
139 202 136
361 496 358
89 418 86
99 475 96
196 210 196
231 324 228
190 243 190
10 79 10
107 237 104
259 331 256
48 184 48
47 409 44
371 504 368
42 501 42
99 324 96
73 354 70
147 195 144
173 339 170
63 466 60
25 424 22
277 379 274
149 156 146
62 97 62
179 348 176
116 121 116
309 426 306
255 355 252
129 431 126
393 456 390
343 511 340
313 337 310
211 273 208
155 214 152
363 458 360
135 205 132
253 432 250
17 253 14
84 97 84
284 420 284
174 462 174
66 371 66
317 371 314
107 375 104
71 136 68
271 436 268
2 339 2
180 446 180
117 143 114
162 241 162
361 417 358
14 353 14
91 355 88
463 501 460
89 278 86
162 233 162
30 228 30
62 73 62
129 434 126
51 154 48
349 468 346
264 271 264
384 439 384
222 511 222
61 78 58
105 496 102
194 310 194
292 343 292
8 161 8
256 309 256
125 387 122
419 466 416
134 304 134
61 127 58
138 169 138
467 475 464
361 467 358
157 511 154
19 231 16
199 508 196
257 498 254
95 429 92
24 130 24
299 417 296
113 156 110
104 130 104
427 434 424
241 367 238
333 422 330
201 235 198
227 508 224
39 165 36
289 458 286
102 276 102
150 341 150
96 178 96
182 240 182
323 490 320
109 125 106
234 366 234
291 419 288
124 199 124
233 324 230
63 330 60
3 375 1
101 157 98
61 459 58
24 452 24
175 187 172
26 277 26
2 452 2
21 327 18
106 348 106
364 445 364
297 313 294
32 100 32
6 266 6
13 135 10
481 486 478
56 470 56
276 321 276
157 261 154
2 193 2
258 349 258
189 294 186
2 74 2
213 438 210
270 455 270
108 132 108
219 269 216
315 401 312
88 178 88
93 313 90
325 357 322
326 346 326
14 351 14
441 459 438
469 472 466
282 416 282
66 92 66
243 266 240
467 484 464
405 412 402
12 456 12
295 319 292
109 329 106
423 511 420
280 320 280
242 340 242
121 328 118
303 310 300
36 62 36
185 293 182
79 505 76
383 452 380
145 461 142
212 223 212
117 325 114
14 162 14
46 100 46
229 435 226
375 442 372
29 413 26
312 337 312
363 423 360
317 319 314
2 347 2
45 173 42
377 484 374
331 441 328
31 101 28
41 212 38
231 477 228
481 511 478
329 367 326
54 127 54
301 342 298
165 212 162
95 415 92
280 485 280
366 367 364
73 192 70
183 230 180
41 130 38
87 506 84
202 211 202
437 457 434
108 405 108
61 386 58
424 425 422
195 336 192
127 316 124
140 167 140
198 488 198
350 484 350
423 490 420
183 234 180
302 343 302
115 367 112
92 485 92
49 66 46
163 440 160
221 388 218
407 419 404
316 406 316
361 484 358
207 377 204
341 395 338
19 220 16
341 437 338
120 462 120
3 223 1
48 122 48
475 477 472
155 315 152
16 33 16
176 338 176
459 481 456
347 450 344
211 263 208
311 511 308
184 306 184
281 511 278
37 266 34
310 512 310
184 225 184
413 414 410
41 331 38
285 456 282
463 474 460
65 108 62
252 465 252
39 98 36
69 465 66
17 39 14
3 287 1
327 495 324
34 285 34
21 418 18
37 454 34
75 102 72
214 399 214
219 350 216
251 381 248
236 280 236
129 484 126
191 398 188
366 426 366
49 313 46
100 136 100
141 142 138
371 377 368
89 291 86
377 389 374
347 419 344
255 314 252
283 416 280
223 422 220
385 488 382
159 368 156
377 454 374
82 291 82
227 410 224
432 434 432
318 510 318
75 458 72
405 415 402
114 229 114
127 434 124
439 501 436
337 360 334
228 344 228
24 445 24
325 470 322
45 436 42
267 388 264
411 453 408
25 62 22
38 95 38
45 194 42
255 339 252
135 498 132
25 378 22
320 510 320
227 470 224
256 393 256
163 493 160
195 332 192
179 287 176
207 298 204
80 504 80
143 432 140
234 241 234
439 450 436
197 284 194
45 111 42
346 422 346
209 441 206
259 312 256
133 279 130
297 347 294
314 484 314
200 201 198
12 34 12
363 434 360
142 270 142
278 356 278
255 415 252
345 390 342
409 477 406
507 508 504
59 132 56
167 359 164
439 490 436
146 197 146
1 500 1
95 377 92
463 490 460
493 510 490
323 343 320
35 358 32
85 104 82
109 275 106
293 326 290
54 355 54
96 144 96
29 274 26
51 235 48
83 134 80
129 348 126
359 389 356
142 500 142
23 445 20
241 431 238
345 492 342
10 260 10
259 270 256
307 436 304
110 111 108
45 187 42
59 413 56
38 226 38
197 266 194
292 492 292
260 351 260
209 321 206
214 343 214
137 395 134
423 473 420
98 227 98
286 493 286
68 287 68
79 306 76
15 28 12
7 277 4
467 510 464
395 422 392
31 508 28
86 183 86
113 430 110
131 165 128
29 108 26
156 461 156
44 83 44
150 311 150
58 135 58
405 434 402
143 210 140
35 300 32
10 230 10
23 512 20
13 460 10
379 419 376
50 78 50
282 303 282
32 186 32
79 437 76
66 165 66
365 441 362
59 253 56
419 490 416
132 150 132
311 375 308
289 511 286
180 193 180
213 457 210
115 272 112
123 221 120
207 224 204
25 383 22
259 294 256
451 470 448
359 421 356
408 434 408
41 333 38
289 332 286
405 421 402
94 262 94
59 491 56
77 175 74
149 282 146
353 412 350
347 503 344
2 72 2
81 332 78
274 494 274
485 491 482
43 319 40
264 427 264
192 313 192
423 472 420
389 443 386
443 471 440
61 150 58
110 133 110
119 213 116
111 510 108
243 305 240
183 352 180
215 475 212
162 362 162
133 231 130
27 433 24
216 236 216
316 318 316
369 478 366
93 466 90
223 316 220
217 308 214
43 186 40
181 188 178
441 481 438
469 502 466
187 471 184
401 480 398
411 475 408
122 144 122
165 230 162
107 253 104
72 321 72
303 467 300
28 242 28
231 493 228
47 310 44
181 497 178
42 328 42
403 411 400
15 411 12
465 492 462
205 429 202
507 509 504
198 429 198
21 453 18
107 216 104
36 122 36
332 442 332
284 385 284
134 359 134
23 452 20
408 512 408
30 57 30
154 419 154
7 33 4
148 200 148
165 497 162
53 57 50
274 478 274
64 84 64
10 190 10
62 87 62
63 118 60
139 195 136
195 312 192
72 91 72
345 407 342
249 508 246
305 316 302
212 391 212
83 275 80
272 395 272
345 465 342
138 320 138
489 496 486
223 237 220
165 409 162
315 462 312
358 439 358
333 419 330
429 458 426
21 41 18
327 443 324
95 187 92
229 283 226
5 393 2
371 404 368
98 512 98
327 489 324
284 326 284
145 288 142
383 511 380
389 408 386
7 512 4
398 460 398
440 441 438
79 265 76
35 366 32
41 392 38
413 445 410
453 502 450
39 94 36
169 340 166
121 482 118
228 318 228
228 374 228
195 321 192
65 242 62
154 395 154
91 117 88
311 464 308
157 164 154
145 442 142
341 512 338
90 150 90
305 502 302
48 178 48
144 512 144
190 283 190
337 475 334
327 490 324
379 391 376
72 240 72
74 420 74
301 452 298
137 302 134
341 371 338
4 5 2
175 259 172
7 505 4
12 147 12
131 270 128
106 398 106
459 484 456
31 444 28
84 480 84
38 121 38
334 421 334
158 366 158
21 187 18
321 491 318
79 293 76
387 446 384
241 363 238
463 500 460
44 154 44
192 512 192
365 420 362
123 464 120
4 41 4
106 512 106
1 32 1
111 162 108
249 467 246
45 450 42
32 199 32
249 401 246
183 309 180
345 486 342
5 286 2
131 432 128
19 277 16
78 289 78
142 365 142
407 503 404
333 380 330
271 279 268
371 383 368
59 466 56
273 505 270
219 263 216
143 350 140
305 405 302
42 410 42
140 222 140
130 280 130
5 491 2
357 448 354
457 483 454
285 376 282
27 245 24
239 265 236
92 134 92
364 469 364
184 256 184
159 248 156
302 485 302
344 424 344
156 378 156
181 350 178
319 434 316
204 255 204
466 512 466
170 368 170
42 66 42
403 479 400
16 474 16
449 453 446
134 344 134
453 497 450
50 157 50
317 360 314
134 227 134
257 286 254
359 409 356
199 397 196
16 266 16
501 509 498
321 379 318
258 490 258
93 367 90
17 234 14
114 208 114
396 470 396
216 496 216
235 447 232
282 498 282
80 265 80
28 363 28
128 292 128
245 307 242
307 340 304
131 338 128
299 382 296
61 88 58
44 254 44
269 329 266
47 140 44
92 205 92
427 475 424
43 165 40
60 65 60
41 362 38
63 347 60
423 435 420
225 393 222
176 433 176
285 307 282
232 236 232
155 399 152
232 402 232
431 432 428
323 487 320
111 313 108
209 511 206
193 351 190
363 448 360
175 407 172
179 188 176
381 422 378
47 434 44
231 429 228
106 286 106
455 495 452
109 478 106
170 216 170
95 438 92
27 84 24
313 314 310
80 452 80
159 457 156
375 468 372
101 221 98
77 304 74
43 174 40
221 489 218
72 150 72
64 256 64
67 327 64
17 259 14
112 145 112
287 427 284
74 103 74
53 290 50
333 374 330
189 307 186
158 270 158
1 50 1
202 391 202
230 248 230
42 43 40
289 475 286
161 208 158
377 381 374
157 401 154
291 372 288
115 512 112
55 64 52
108 118 108
223 430 220
259 464 256
142 356 142
192 252 192
177 417 174
94 99 94
393 410 390
201 403 198
67 297 64
93 243 90
106 281 106
453 489 450
335 511 332
109 497 106
227 491 224
239 308 236
73 407 70
332 438 332
152 496 152
265 499 262
169 441 166
341 364 338
451 508 448
153 459 150
258 314 258
149 345 146
49 125 46
35 404 32
45 204 42
369 426 366
367 449 364
225 372 222
15 54 12
213 491 210
101 332 98
68 285 68
157 180 154
106 109 106
271 371 268
313 405 310
369 424 366
161 349 158
95 490 92
346 481 346
207 382 204
124 431 124
133 160 130
257 368 254
472 477 472
132 233 132
309 339 306
351 422 348
107 180 104
63 472 60
16 465 16
71 500 68
472 512 472
188 351 188
46 328 46
76 308 76
44 265 44
27 362 24
8 348 8
462 512 462
33 335 30
277 421 274
43 45 40
197 321 194
400 473 400
94 196 94
72 392 72
34 366 34
5 401 2
375 503 372
250 280 250
346 445 346
93 468 90
355 479 352
122 193 122
491 503 488
384 471 384
329 389 326
454 472 454
379 505 376
121 203 118
69 400 66
283 312 280
311 333 308
413 476 410
181 292 178
53 337 50
92 244 92
130 250 130
294 498 294
148 302 148
218 343 218
300 409 300
283 415 280
263 424 260
339 469 336
103 404 100
347 466 344
359 381 356
70 308 70
47 58 44
151 201 148
302 373 302
91 105 88
147 343 144
27 453 24
210 461 210
112 455 112
209 301 206
351 395 348
196 321 196
257 497 254
36 414 36
266 469 266
176 415 176
6 69 6
272 498 272
469 482 466
20 95 20
257 288 254
369 512 366
435 440 432
17 28 14
161 401 158
219 264 216
151 235 148
212 315 212
107 222 104
188 267 188
148 417 148
118 394 118
14 472 14
481 485 478
27 123 24
153 468 150
131 199 128
20 316 20
193 397 190
217 309 214
241 384 238
374 430 374
248 266 248
365 430 362
228 252 228
343 367 340
263 511 260
57 419 54
508 512 508
155 394 152
393 471 390
262 434 262
52 92 52
110 140 110
24 54 24
145 297 142
14 136 14
75 203 72
99 193 96
249 434 246
184 469 184
239 432 236
277 451 274
293 330 290
37 38 34
353 389 350
82 404 82
396 397 394
65 307 62
309 484 306
195 446 192
36 404 36
64 266 64
148 162 148
41 135 38
367 488 364
52 446 52
103 350 100
34 181 34
291 418 288
50 102 50
89 512 86
369 466 366
39 246 36
80 222 80
469 491 466
198 261 198
293 319 290
190 301 190
354 450 354
313 505 310
201 402 198
120 205 120
307 386 304
321 395 318
375 391 372
443 502 440
189 291 186
40 156 40
297 393 294
491 493 488
98 102 98
45 287 42
201 273 198
151 419 148
265 309 262
7 204 4
85 507 82
233 484 230
267 464 264
34 308 34
84 427 84
125 325 122
172 189 172
30 135 30
90 115 90
165 366 162
190 448 190
21 80 18
43 301 40
85 198 82
185 242 182
32 72 32
139 419 136
20 503 20
381 385 378
475 483 472
325 363 322
403 477 400
444 453 444
32 79 32
73 229 70
410 469 410
148 256 148
335 447 332
27 389 24
175 404 172
439 464 436
299 316 296
14 347 14
18 230 18
19 154 16
309 469 306
145 263 142
39 67 36
122 365 122
455 472 452
20 176 20
324 325 322
362 489 362
58 128 58
57 261 54
6 492 6
391 432 388
264 321 264
53 314 50
108 207 108
119 268 116
275 512 272
374 461 374
51 345 48
45 293 42
399 499 396
249 430 246
331 384 328
397 512 394
67 97 64
86 507 86
413 416 410
179 318 176
351 469 348
94 230 94
115 257 112
395 434 392
164 230 164
303 393 300
257 307 254
182 297 182
452 488 452
114 304 114
61 242 58
80 440 80
123 155 120
80 365 80
179 375 176
499 509 496
243 459 240
86 239 86
195 422 192
430 495 430
155 213 152
28 34 28
76 286 76
349 410 346
316 509 316
15 65 12
179 363 176
299 404 296
177 414 174
497 507 494
293 336 290
246 330 246
116 291 116
385 468 382
18 254 18
50 206 50
91 483 88
7 208 4
213 292 210
246 511 246
134 484 134
109 397 106
70 93 70
339 473 336
80 471 80
235 328 232
72 79 72
403 502 400
379 388 376
223 282 220
31 301 28
296 366 296
91 404 88
214 329 214
125 208 122
490 512 490
223 403 220
160 176 160
116 160 116
73 379 70
226 235 226
198 307 198
315 411 312
20 123 20
92 258 92
216 296 216
75 305 72
49 421 46
73 272 70
381 395 378
251 356 248
444 505 444
249 292 246
122 428 122
263 305 260
66 120 66
23 315 20
260 336 260
393 445 390
148 398 148
296 451 296
265 402 262
318 425 318
309 410 306
211 247 208
285 375 282
467 509 464
42 483 42
244 391 244
383 395 380
104 269 104
135 173 132
116 319 116
43 100 40
70 184 70
201 265 198
40 357 40
25 182 22
175 247 172
32 373 32
446 455 446
299 476 296
152 313 152
5 153 2
273 396 270
395 490 392
103 131 100
77 313 74
159 276 156
87 214 84
367 470 364
463 467 460
237 371 234
101 292 98
53 254 50
70 388 70
69 279 66
206 312 206
377 501 374
328 331 328
202 282 202
120 265 120
59 63 56
44 134 44
70 394 70
50 225 50
83 231 80
32 34 32
135 232 132
155 177 152
301 497 298
299 321 296
295 505 292
255 269 252
373 493 370
59 343 56
27 114 24
265 388 262
265 349 262
417 509 414
22 46 22
22 119 22
207 404 204
297 441 294
169 383 166
165 433 162
14 216 14
316 326 316
455 509 452
412 492 412
94 163 94
319 413 316
173 316 170
88 122 88
204 261 204
369 444 366
244 324 244
42 218 42
8 436 8
411 485 408
332 396 332
151 470 148
331 512 328
21 208 18
325 453 322
16 75 16
41 111 38
268 365 268
150 461 150
130 411 130
429 451 426
189 465 186
189 442 186
375 388 372
49 248 46
417 421 414
86 426 86
445 452 442
178 422 178
333 497 330
475 500 472
207 353 204
27 461 24
47 169 44
330 428 330
52 255 52
44 200 44
6 385 6
185 307 182
245 274 242
107 440 104
165 301 162
171 332 168
64 75 64
425 506 422
328 387 328
249 479 246
81 94 78
229 386 226
457 508 454
59 81 56
205 423 202
279 412 276
17 500 14
119 471 116
217 279 214
71 408 68
58 289 58
51 107 48
383 407 380
131 437 128
59 479 56
6 435 6
366 510 366
245 488 242
411 417 408
349 420 346
38 71 38
315 328 312
1 129 1
12 60 12
229 424 226
163 373 160
138 230 138
113 136 110
301 479 298
169 363 166
175 445 172
286 512 286
65 259 62
44 140 44
20 81 20
225 449 222
81 286 78
39 375 36
43 138 40
125 197 122
449 501 446
229 334 226
146 299 146
112 182 112
211 324 208
73 114 70
287 451 284
104 302 104
345 441 342
22 114 22
24 26 24
431 452 428
204 348 204
5 272 2
12 104 12
215 329 212
136 263 136
375 463 372
397 450 394
419 480 416
145 156 142
369 371 366
84 201 84
296 348 296
4 467 4
16 398 16
489 495 486
117 200 114
78 192 78
230 311 230
236 370 236
127 207 124
355 485 352
445 480 442
355 382 352
196 261 196
137 313 134
166 239 166
351 407 348
28 234 28
222 499 222
3 249 1
6 140 6
5 422 2
303 374 300
387 429 384
315 472 312
387 491 384
137 157 134
217 421 214
6 27 6
149 477 146
120 317 120
264 316 264
11 323 8
19 176 16
259 374 256
127 262 124
41 53 38
377 384 374
259 398 256
190 212 190
6 307 6
419 508 416
33 324 30
64 470 64
33 296 30
23 167 20
191 326 188
401 465 398
483 489 480
53 179 50
301 485 298
53 203 50
259 423 256
114 368 114
131 191 128
346 484 346
13 225 10
315 322 312
38 76 38
41 214 38
184 245 184
213 249 210
421 494 418
297 473 294
61 248 58
397 443 394
217 498 214
43 120 40
103 341 100
5 23 2
24 471 24
172 449 172
126 497 126
361 465 358
22 232 22
221 502 218
205 389 202
291 368 288
41 314 38
223 505 220
115 379 112
96 119 96
79 406 76
477 509 474
389 421 386
198 469 198
127 283 124
202 245 202
55 320 52
178 231 178
17 283 14
44 178 44
99 305 96
95 416 92
418 420 418
84 323 84
151 167 148
44 125 44
34 132 34
216 400 216
148 364 148
130 245 130
192 279 192
205 351 202
39 493 36
90 272 90
27 72 24
46 485 46
435 493 432
427 431 424
191 207 188
287 491 284
202 469 202
174 194 174
8 26 8
277 333 274
106 141 106
193 213 190
185 319 182
292 512 292
166 383 166
300 303 300
73 491 70
97 398 94
80 200 80
419 458 416
320 507 320
51 53 48
45 388 42
124 442 124
112 433 112
213 281 210
131 219 128
2 40 2
3 277 1
71 138 68
184 201 184
485 504 482
43 415 40
87 305 84
128 405 128
49 402 46
110 430 110
29 396 26
153 374 150
52 56 52
74 236 74
376 512 376
24 421 24
303 345 300
28 452 28
269 312 266
53 285 50
282 412 282
145 508 142
130 418 130
191 491 188
43 469 40
99 213 96
258 402 258
123 179 120
287 347 284
7 24 4
405 406 402
217 353 214
4 304 4
84 337 84
125 214 122
157 207 154
77 287 74
101 270 98
77 85 74
322 436 322
75 140 72
165 333 162
275 457 272
185 422 182
18 54 18
372 501 372
483 497 480
461 471 458
285 293 282
337 484 334
409 457 406
425 475 422
233 358 230
91 437 88
284 299 284
248 320 248
70 117 70
105 337 102
362 372 362
429 480 426
48 432 48
425 457 422
199 223 196
375 411 372
116 131 116
191 313 188
4 152 4
188 298 188
72 233 72
272 301 272
86 242 86
348 357 348
19 427 16
309 434 306
289 335 286
254 386 254
59 141 56
45 512 42
53 184 50
261 293 258
163 364 160
13 230 10
7 137 4
347 509 344
29 119 26
258 369 258
71 326 68
193 375 190
161 187 158
175 283 172
190 338 190
410 462 410
278 378 278
237 315 234
250 403 250
85 428 82
82 143 82
100 355 100
405 470 402
477 501 474
62 441 62
288 481 288
93 309 90
23 285 20
63 168 60
40 377 40
33 326 30
6 425 6
22 29 22
21 86 18
107 324 104
427 494 424
389 468 386
108 314 108
25 492 22
17 393 14
131 207 128
241 446 238
187 355 184
47 209 44
126 370 126
272 491 272
189 218 186
400 455 400
214 392 214
171 241 168
431 473 428
94 160 94
7 59 4
73 188 70
255 390 252
34 66 34
231 436 228
17 252 14
183 188 180
291 399 288
162 476 162
190 234 190
227 417 224
443 505 440
225 501 222
233 470 230
180 286 180
91 92 88
441 508 438
129 422 126
428 512 428
117 186 114
351 454 348
197 416 194
5 304 2
227 328 224
60 301 60
45 92 42
128 463 128
415 493 412
313 376 310
1 6 1
227 241 224
359 438 356
107 223 104
151 356 148
327 485 324
55 414 52
93 338 90
217 264 214
217 455 214
33 482 30
409 505 406
86 267 86
170 412 170
381 502 378
133 237 130
359 410 356
15 361 12
370 417 370
345 426 342
206 367 206
296 331 296
233 397 230
295 404 292
202 322 202
79 342 76
375 392 372
123 365 120
12 37 12
19 413 16
48 237 48
280 281 278
250 308 250
87 273 84
202 491 202
146 156 146
1 41 1
214 375 214
463 475 460
79 325 76
164 311 164
349 353 346
95 248 92
166 372 166
300 424 300
411 484 408
108 376 108
261 494 258
244 304 244
58 105 58
298 357 298
49 199 46
27 267 24
175 385 172
175 504 172
39 406 36
48 92 48
157 397 154
103 401 100
305 385 302
213 473 210
19 74 16
239 370 236
243 344 240
153 210 150
315 512 312
158 205 158
357 454 354
3 144 1
18 275 18
32 175 32
45 327 42
94 193 94
131 147 128
80 112 80
340 496 340
152 433 152
55 126 52
327 419 324
106 122 106
219 221 216
277 388 274
145 225 142
198 328 198
416 498 416
207 349 204
359 491 356
256 360 256
454 496 454
132 251 132
343 438 340
290 466 290
121 411 118
251 366 248
439 479 436
45 483 42
421 456 418
155 438 152
205 345 202
259 354 256
87 357 84
27 421 24
272 506 272
385 498 382
76 113 76
198 349 198
145 407 142
268 439 268
250 476 250
226 227 224
19 144 16
41 374 38
171 365 168
106 176 106
439 510 436
243 330 240
66 110 66
55 355 52
71 380 68
210 239 210
378 451 378
145 328 142
137 473 134
188 200 188
84 396 84
63 394 60
113 120 110
330 452 330
75 493 72
63 367 60
286 471 286
14 124 14
73 137 70
419 463 416
236 398 236
42 83 42
463 476 460
327 415 324
166 390 166
45 489 42
297 369 294
52 205 52
415 477 412
41 420 38
329 351 326
87 274 84
207 453 204
15 220 12
420 490 420
121 227 118
231 361 228
122 125 122
111 142 108
161 199 158
367 496 364
342 434 342
232 280 232
60 512 60
141 499 138
113 248 110
435 500 432
294 407 294
434 435 432
155 308 152
163 353 160
224 236 224
9 235 6
55 446 52
111 276 108
161 297 158
103 438 100
401 504 398
24 122 24
121 431 118
142 251 142
64 179 64
382 412 382
353 356 350
9 409 6
269 295 266
62 512 62
81 436 78
134 225 134
233 380 230
229 439 226
13 430 10
22 36 22
65 212 62
16 156 16
425 454 422
251 270 248
84 170 84
131 412 128
63 219 60
89 219 86
264 342 264
463 499 460
76 127 76
433 483 430
423 431 420
256 278 256
76 378 76
86 151 86
109 215 106
155 344 152
77 283 74
150 390 150
70 137 70
237 387 234
477 485 474
317 456 314
311 337 308
421 508 418
147 328 144
379 408 376
337 355 334
80 223 80
194 456 194
315 369 312
248 512 248
295 493 292
8 98 8
2 469 2
322 358 322
313 427 310
466 482 466
163 213 160
263 483 260
34 172 34
26 157 26
10 18 10
5 389 2
220 305 220
252 305 252
58 358 58
297 381 294
305 373 302
200 216 200
473 476 470
143 415 140
295 444 292
115 213 112
289 490 286
118 211 118
330 344 330
332 427 332
76 459 76
84 289 84
65 428 62
3 474 1
427 495 424
365 464 362
226 411 226
63 460 60
246 362 246
168 204 168
263 376 260
142 187 142
247 461 244
483 508 480
44 79 44
206 329 206
381 461 378
80 179 80
328 355 328
218 442 218
127 206 124
445 474 442
258 356 258
450 476 450
102 135 102
231 327 228
217 472 214
79 305 76
247 506 244
215 461 212
39 44 36
373 450 370
277 347 274
279 296 276
9 48 6
150 227 150
60 343 60
161 369 158
112 399 112
36 105 36
61 255 58
160 470 160
133 145 130
29 420 26
25 178 22
35 509 32
105 269 102
59 165 56
257 399 254
169 196 166
285 499 282
59 505 56
223 302 220
20 21 18
84 185 84
121 122 118
115 499 112
173 392 170
347 438 344
350 412 350
371 451 368
223 330 220
82 269 82
119 181 116
37 203 34
14 22 14
321 384 318
276 461 276
453 466 450
78 97 78
42 138 42
160 368 160
362 465 362
95 167 92
21 399 18
300 512 300
73 182 70
253 308 250
37 285 34
356 470 356
121 388 118
127 242 124
159 342 156
168 273 168
56 505 56
134 286 134
132 213 132
51 69 48
78 506 78
128 129 126
250 446 250
326 373 326
77 146 74
277 329 274
129 233 126
356 442 356
133 213 130
22 484 22
175 265 172
247 449 244
15 486 12
90 113 90
279 444 276
437 474 434
148 408 148
15 315 12
436 484 436
34 380 34
231 511 228
117 430 114
87 354 84
251 364 248
317 402 314
3 132 1
209 431 206
471 479 468
54 231 54
225 272 222
194 398 194
2 496 2
144 176 144
195 223 192
195 506 192
316 331 316
227 251 224
261 439 258
225 467 222
231 404 228
326 512 326
155 332 152
211 497 208
71 370 68
69 187 66
128 136 128
8 356 8
359 512 356
117 139 114
234 389 234
2 23 2
267 454 264
232 476 232
498 499 496
17 407 14
194 408 194
15 189 12
38 287 38
296 361 296
383 481 380
68 147 68
47 312 44
79 390 76
184 229 184
467 471 464
60 253 60
35 277 32
205 215 202
243 307 240
319 351 316
345 448 342
167 215 164
247 439 244
200 325 200
89 100 86
6 103 6
129 370 126
70 113 70
62 500 62
83 360 80
163 283 160
137 464 134
263 275 260
369 399 366
110 215 110
96 123 96
84 208 84
126 196 126
365 472 362
269 319 266
461 466 458
419 426 416
242 450 242
116 199 116
301 321 298
76 211 76
59 105 56
205 433 202
307 399 304
306 452 306
445 458 442
45 128 42
157 221 154
335 470 332
45 376 42
34 89 34
193 358 190
457 509 454
21 379 18
276 282 276
168 332 168
399 473 396
370 426 370
5 155 2
58 178 58
118 406 118
179 510 176
474 475 472
52 290 52
363 444 360
113 412 110
18 56 18
285 328 282
153 214 150
67 501 64
11 170 8
401 492 398
163 179 160
83 455 80
82 493 82
180 356 180
255 378 252
201 282 198
40 71 40
243 269 240
377 471 374
19 392 16
253 477 250
430 453 430
109 129 106
191 228 188
51 442 48
242 315 242
39 454 36
401 484 398
403 426 400
257 350 254
169 409 166
66 465 66
404 497 404
321 361 318
378 429 378
153 450 150
9 426 6
313 485 310
163 372 160
12 87 12
11 198 8
48 361 48
199 294 196
263 399 260
366 443 366
493 499 490
301 426 298
407 454 404
249 495 246
298 348 298
247 482 244
247 375 244
58 453 58
155 225 152
120 388 120
87 253 84
416 463 416
25 402 22
238 373 238
162 234 162
379 467 376
369 443 366
395 398 392
189 462 186
191 396 188
91 473 88
25 361 22
179 248 176
141 474 138
77 494 74
113 232 110
331 373 328
9 297 6
114 450 114
27 242 24
347 364 344
239 462 236
246 358 246
337 436 334
90 186 90
394 512 394
134 384 134
337 382 334
305 386 302
317 321 314
154 394 154
315 417 312
29 77 26
138 156 138
6 91 6
75 263 72
28 56 28
166 204 166
28 78 28
22 493 22
68 423 68
202 226 202
63 157 60
225 307 222
475 481 472
158 159 156
167 510 164
246 477 246
342 375 342
278 286 278
144 303 144
6 26 6
26 39 26
461 499 458
71 497 68
117 476 114
59 218 56
373 442 370
201 395 198
12 66 12
12 46 12
268 275 268
33 461 30
405 504 402
491 504 488
140 159 140
127 189 124
32 81 32
130 316 130
110 219 110
183 256 180
250 348 250
383 492 380
10 498 10
201 399 198
73 323 70
347 444 344
109 427 106
379 435 376
23 443 20
4 199 4
74 339 74
397 431 394
189 321 186
98 240 98
18 262 18
70 445 70
116 210 116
427 512 424
209 409 206
286 485 286
96 340 96
32 405 32
55 155 52
29 135 26
373 404 370
467 468 464
183 306 180
323 436 320
361 489 358
257 459 254
53 153 50
448 449 446
90 422 90
290 324 290
147 473 144
208 483 208
83 339 80
129 230 126
197 247 194
393 418 390
278 401 278
247 479 244
136 247 136
108 169 108
37 420 34
435 497 432
415 455 412
239 470 236
190 458 190
181 405 178
184 260 184
67 397 64
389 485 386
190 408 190
372 389 372
112 324 112
180 395 180
161 452 158
2 135 2
103 415 100
50 192 50
197 427 194
316 424 316
230 359 230
213 356 210
86 466 86
338 393 338
56 75 56
208 463 208
191 218 188
321 397 318
347 467 344
29 215 26
311 483 308
27 227 24
82 297 82
39 414 36
65 199 62
223 470 220
146 215 146
301 341 298
172 257 172
243 351 240
112 164 112
59 244 56
46 167 46
395 487 392
270 376 270
187 474 184
117 432 114
59 128 56
333 352 330
393 438 390
323 507 320
295 479 292
40 47 40
407 453 404
204 343 204
214 228 214
156 249 156
345 409 342
297 308 294
368 512 368
334 503 334
185 450 182
88 203 88
476 502 476
69 342 66
293 466 290
112 135 112
143 260 140
11 329 8
102 345 102
373 496 370
117 166 114
339 361 336
231 485 228
75 103 72
235 353 232
72 92 72
24 76 24
209 502 206
305 338 302
345 377 342
201 512 198
43 225 40
95 404 92
313 388 310
85 247 82
322 373 322
3 257 1
478 491 478
330 402 330
276 381 276
509 512 506
24 239 24
188 284 188
264 415 264
12 249 12
233 266 230
97 397 94
48 127 48
46 460 46
194 459 194
9 472 6
403 443 400
237 458 234
416 417 414
134 317 134
88 278 88
79 261 76
4 408 4
44 263 44
237 429 234
297 360 294
175 364 172
385 409 382
21 191 18
393 512 390
28 76 28
189 512 186
91 104 88
354 484 354
317 368 314
195 399 192
492 502 492
194 319 194
13 481 10
134 215 134
82 116 82
215 362 212
187 198 184
26 68 26
194 379 194
357 395 354
257 335 254
343 447 340
269 463 266
367 408 364
359 446 356
281 390 278
386 462 386
119 243 116
28 233 28
90 114 90
372 421 372
24 318 24
35 130 32
305 342 302
367 446 364
98 253 98
127 137 124
244 449 244
276 439 276
43 462 40
307 389 304
113 307 110
491 500 488
175 447 172
191 310 188
201 401 198
155 294 152
459 461 456
165 428 162
220 315 220
473 494 470
329 373 326
287 482 284
204 366 204
393 477 390
89 402 86
11 78 8
205 477 202
60 302 60
287 462 284
63 223 60
371 470 368
113 255 110
18 511 18
197 491 194
94 118 94
337 486 334
221 232 218
250 366 250
501 503 498
201 398 198
380 491 380
461 487 458
52 67 52
311 347 308
85 333 82
371 434 368
433 494 430
51 277 48
469 512 466
43 378 40
405 457 402
46 122 46
123 446 120
46 320 46
263 398 260
245 497 242
243 512 240
404 512 404
373 416 370
2 29 2
235 406 232
269 460 266
49 389 46
58 408 58
265 304 262
50 200 50
317 471 314
276 505 276
69 500 66
74 269 74
281 302 278
261 294 258
103 351 100
166 430 166
161 450 158
143 467 140
479 484 476
120 216 120
293 328 290
271 463 268
35 456 32
44 399 44
235 313 232
193 356 190
140 263 140
160 395 160
182 298 182
58 502 58
102 337 102
55 368 52
91 510 88
437 496 434
451 493 448
38 39 36
476 491 476
119 309 116
106 397 106
475 498 472
91 311 88
31 224 28
115 420 112
123 476 120
283 410 280
409 466 406
379 485 376
9 377 6
176 249 176
406 448 406
212 436 212
301 347 298
225 229 222
73 434 70
71 280 68
344 467 344
23 419 20
201 444 198
133 241 130
53 467 50
131 328 128
6 9 6
249 432 246
137 400 134
331 508 328
383 500 380
194 245 194
264 430 264
43 117 40
341 407 338
54 185 54
264 350 264
91 329 88
179 448 176
365 477 362
4 264 4
20 473 20
153 204 150
279 303 276
249 380 246
145 512 142
213 482 210
164 407 164
118 271 118
31 326 28
475 487 472
449 510 446
109 160 106
405 472 402
152 420 152
267 462 264
35 157 32
409 509 406
7 344 4
407 409 404
77 331 74
35 190 32
427 433 424
6 298 6
77 227 74
96 222 96
7 229 4
323 449 320
201 331 198
41 100 38
46 189 46
67 87 64
164 258 164
19 479 16
175 207 172
133 292 130
58 382 58
96 441 96
269 327 266
129 419 126
3 75 1
383 416 380
58 355 58
335 349 332
240 241 238
212 250 212
437 461 434
169 295 166
205 512 202
225 453 222
32 230 32
233 310 230
155 274 152
86 174 86
395 412 392
113 414 110
295 345 292
197 222 194
163 300 160
109 273 106
27 305 24
315 339 312
457 474 454
56 120 56
381 384 378
27 269 24
16 369 16
167 497 164
74 97 74
138 404 138
35 191 32
213 234 210
395 493 392
239 435 236
112 113 110
125 323 122
191 349 188
295 380 292
266 311 266
60 80 60
199 429 196
93 255 90
44 396 44
27 59 24
341 450 338
60 90 60
279 309 276
335 421 332
249 415 246
293 302 290
294 331 294
249 486 246
74 101 74
55 248 52
105 192 102
284 286 284
161 266 158
417 435 414
117 444 114
173 323 170
328 365 328
452 453 450
44 70 44
191 410 188
10 114 10
287 397 284
145 325 142
307 508 304
104 341 104
278 310 278
42 495 42
103 309 100
171 291 168
27 369 24
251 394 248
242 271 242
35 82 32
327 480 324
161 220 158
159 324 156
150 171 150
403 470 400
182 468 182
27 282 24
63 73 60
313 331 310
23 138 20
26 27 24
313 460 310
109 400 106
38 237 38
75 248 72
21 241 18
16 81 16
140 249 140
179 437 176
49 138 46
216 279 216
209 460 206
272 284 272
412 512 412
221 362 218
109 202 106
265 312 262
305 376 302
477 479 474
255 412 252
9 25 6
7 124 4
321 482 318
29 93 26
433 479 430
333 427 330
134 293 134
281 495 278
30 44 30
113 186 110
111 346 108
395 439 392
2 9 2
314 384 314
99 304 96
125 477 122
94 143 94
95 453 92
252 486 252
222 457 222
26 47 26
27 423 24
147 171 144
60 102 60
247 505 244
111 415 108
251 511 248
73 318 70
147 426 144
14 15 12
242 489 242
357 492 354
298 327 298
79 268 76
14 456 14
136 200 136
227 427 224
253 440 250
217 474 214
2 10 2
83 238 80
139 184 136
340 360 340
316 378 316
322 370 322
192 193 190
259 268 256
195 411 192
211 365 208
23 331 20
106 429 106
67 266 64
86 195 86
118 156 118
397 498 394
92 93 90
203 451 200
69 126 66
186 238 186
20 229 20
358 509 358
53 83 50
241 277 238
2 478 2
145 441 142
283 374 280
255 302 252
359 428 356
87 208 84
228 270 228
200 322 200
209 379 206
349 506 346
47 433 44
335 434 332
157 200 154
82 438 82
415 421 412
194 195 192
60 79 60
239 420 236
51 486 48
160 476 160
328 347 328
277 453 274
292 375 292
63 323 60
262 345 262
127 354 124
2 276 2
252 308 252
198 401 198
10 282 10
43 288 40
395 456 392
241 442 238
329 362 326
91 424 88
167 230 164
67 512 64
461 492 458
383 477 380
55 187 52
303 331 300
72 158 72
467 474 464
451 476 448
97 281 94
208 469 208
235 454 232
235 449 232
245 265 242
313 489 310
276 506 276
77 154 74
315 497 312
26 305 26
91 405 88
3 4 1
8 511 8
278 392 278
395 504 392
259 287 256
103 406 100
260 365 260
54 98 54
507 511 504
254 472 254
265 488 262
29 44 26
254 490 254
189 435 186
40 82 40
72 106 72
389 405 386
391 405 388
40 429 40
152 462 152
3 478 1
356 402 356
198 241 198
241 409 238
58 205 58
40 74 40
291 502 288
60 70 60
331 482 328
195 496 192
103 509 100
252 285 252
185 404 182
341 511 338
359 384 356
30 276 30
23 365 20
265 278 262
118 467 118
133 512 130
39 54 36
371 479 368
217 495 214
75 269 72
133 385 130
113 355 110
279 316 276
361 370 358
80 389 80
146 282 146
246 307 246
427 506 424
125 300 122
208 308 208
397 485 394
186 343 186
67 415 64
15 503 12
268 405 268
125 288 122
361 386 358
94 314 94
121 181 118
254 465 254
377 508 374
289 488 286
2 332 2
286 461 286
277 485 274
333 382 330
181 186 178
433 475 430
237 368 234
266 370 266
35 512 32
287 461 284
107 435 104
182 370 182
37 379 34
203 280 200
375 378 372
186 333 186
242 265 242
60 155 60
239 305 236
88 473 88
443 474 440
45 384 42
7 380 4
296 446 296
5 110 2
373 459 370
133 242 130
335 476 332
155 354 152
22 26 22
89 321 86
48 348 48
179 465 176
253 511 250
9 195 6
96 297 96
26 91 26
127 394 124
65 328 62
377 420 374
1 118 1
175 431 172
72 374 72
345 459 342
231 459 228
149 190 146
300 446 300
160 229 160
391 466 388
25 267 22
328 393 328
75 199 72
95 111 92
34 331 34
117 303 114
176 329 176
259 271 256
61 66 58
8 22 8
198 480 198
155 269 152
237 390 234
199 267 196
258 417 258
181 419 178
42 93 42
73 424 70
17 415 14
179 433 176
315 457 312
3 56 1
61 235 58
14 343 14
1 87 1
95 381 92
44 239 44
444 463 444
101 492 98
229 400 226
28 48 28
485 497 482
147 358 144
41 317 38
65 169 62
5 103 2
61 360 58
183 412 180
167 222 164
59 329 56
10 126 10
281 462 278
56 123 56
231 349 228
207 229 204
129 194 126
105 237 102
455 512 452
138 208 138
270 457 270
112 215 112
194 276 194
53 309 50
21 355 18
350 385 350
21 304 18
166 259 166
126 300 126
421 507 418
311 494 308
192 391 192
35 453 32
199 468 196
131 251 128
135 313 132
377 378 374
387 463 384
7 405 4
209 457 206
105 434 102
393 495 390
21 323 18
91 398 88
108 139 108
213 307 210
16 195 16
26 133 26
30 45 30
148 484 148
377 391 374
243 501 240
504 507 504
292 308 292
115 184 112
250 339 250
182 478 182
227 250 224
14 122 14
274 301 274
123 370 120
82 338 82
6 255 6
12 120 12
356 410 356
26 149 26
363 387 360
455 496 452
118 318 118
149 498 146
9 460 6
295 337 292
66 193 66
291 445 288
312 452 312
217 231 214
31 426 28
71 261 68
383 387 380
194 353 194
152 329 152
37 88 34
389 436 386
127 312 124
335 426 332
79 373 76
187 229 184
259 442 256
321 402 318
123 488 120
76 336 76
111 295 108
272 285 272
407 449 404
296 352 296
436 512 436
343 380 340
61 205 58
138 309 138
359 368 356
290 489 290
85 494 82
245 512 242
126 162 126
193 288 190
417 491 414
45 485 42
41 129 38
273 478 270
170 187 170
42 181 42
441 507 438
101 127 98
374 459 374
80 186 80
165 207 162
55 430 52
136 181 136
39 187 36
12 194 12
134 435 134
263 464 260
155 483 152
116 469 116
74 92 74
209 438 206
2 448 2
167 509 164
360 449 360
31 353 28
62 63 60
417 498 414
15 237 12
315 360 312
181 502 178
1 17 1
155 276 152
10 30 10
349 422 346
61 126 58
115 490 112
14 130 14
248 314 248
100 264 100
137 189 134
113 197 110
329 479 326
289 342 286
174 175 172
18 20 18
142 434 142
396 435 396
52 332 52
26 230 26
147 470 144
327 434 324
201 215 198
311 408 308
87 379 84
263 310 260
186 244 186
255 490 252
457 481 454
379 453 376
245 355 242
485 498 482
98 126 98
54 229 54
402 460 402
407 463 404
16 173 16
371 444 368
163 459 160
147 348 144
240 279 240
168 216 168
254 364 254
101 506 98
242 463 242
50 79 50
167 176 164
441 488 438
316 492 316
251 472 248
291 352 288
429 491 426
120 122 120
481 493 478
195 221 192
270 365 270
208 268 208
83 416 80
339 481 336
180 256 180
249 316 246
13 504 10
26 29 26
3 489 1
71 247 68
1 109 1
433 469 430
487 497 484
81 259 78
262 382 262
34 385 34
83 271 80
55 79 52
14 173 14
265 355 262
181 358 178
137 369 134
213 425 210
427 500 424
77 261 74
34 85 34
47 350 44
48 339 48
115 510 112
140 266 140
64 381 64
1 75 1
117 243 114
153 467 150
186 311 186
157 411 154
13 439 10
106 498 106
202 210 202
13 414 10
103 333 100
45 466 42
41 144 38
445 496 442
303 454 300
121 329 118
75 162 72
52 478 52
399 506 396
246 295 246
313 497 310
294 301 294
365 470 362
165 484 162
59 157 56
364 406 364
55 173 52
276 383 276
346 387 346
213 244 210
56 86 56
113 289 110
97 233 94
1 4 1
162 332 162
206 500 206
319 396 316
361 462 358
83 434 80
20 40 20
76 360 76
357 414 354
49 254 46
74 116 74
79 145 76
193 336 190
241 328 238
114 446 114
267 385 264
56 190 56
394 478 394
40 334 40
259 402 256
317 379 314
431 475 428
77 354 74
153 499 150
452 484 452
97 329 94
223 299 220
95 310 92
38 277 38
134 175 134
5 503 2
415 433 412
106 194 106
183 400 180
493 498 490
61 377 58
193 380 190
106 123 106
27 121 24
291 378 288
87 165 84
294 377 294
65 397 62
226 356 226
365 510 362
205 344 202
486 492 486
13 145 10
217 467 214
59 209 56
441 483 438
249 459 246
120 324 120
485 510 482
24 448 24
138 364 138
443 469 440
98 113 98
79 206 76
65 475 62
38 91 38
481 491 478
265 420 262
36 98 36
35 315 32
95 130 92
85 501 82
426 507 426
464 512 464
211 490 208
447 492 444
14 97 14
238 415 238
251 308 248
265 380 262
56 72 56
373 405 370
16 132 16
279 402 276
172 198 172
42 209 42
250 351 250
282 462 282
45 361 42
351 392 348
82 388 82
199 435 196
277 436 274
148 322 148
244 301 244
96 470 96
323 439 320
171 373 168
413 504 410
397 409 394
183 282 180
114 346 114
130 333 130
54 277 54
272 306 272
291 343 288
481 484 478
188 407 188
73 159 70
77 83 74
294 346 294
57 416 54
204 367 204
33 176 30
188 434 188
246 414 246
256 512 256
171 342 168
229 420 226
176 289 176
215 244 212
249 404 246
62 210 62
42 48 42
201 349 198
163 223 160
401 448 398
3 504 1
71 109 68
66 330 66
409 427 406
112 354 112
97 416 94
71 367 68
319 437 316
151 422 148
372 479 372
19 250 16
237 304 234
18 235 18
70 191 70
1 434 1
313 507 310
177 204 174
64 236 64
67 191 64
195 308 192
411 495 408
183 383 180
273 326 270
235 330 232
234 301 234
126 435 126
173 357 170
261 426 258
284 505 284
405 410 402
74 270 74
252 321 252
391 421 388
74 416 74
278 400 278
61 312 58
185 279 182
81 389 78
422 451 422
177 452 174
161 233 158
48 70 48
133 423 130
359 361 356
147 366 144
20 28 20
249 466 246
230 299 230
376 461 376
18 193 18
209 388 206
311 374 308
204 382 204
160 432 160
125 262 122
185 273 182
79 185 76
58 380 58
97 259 94
24 392 24
107 196 104
219 455 216
287 446 284
139 295 136
293 329 290
136 264 136
17 48 14
133 264 130
128 359 128
51 160 48
175 501 172
311 338 308
14 482 14
377 439 374
383 490 380
207 267 204
379 494 376
12 16 12
443 447 440
185 193 182
69 225 66
353 439 350
11 471 8
33 438 30
367 471 364
261 441 258
60 139 60
14 82 14
374 433 374
63 75 60
144 255 144
275 507 272
272 273 270
44 141 44
166 212 166
182 335 182
66 185 66
229 496 226
377 502 374
120 398 120
63 244 60
111 384 108
46 487 46
212 501 212
129 445 126
56 262 56
114 261 114
74 426 74
143 512 140
158 330 158
492 497 492
453 484 450
191 387 188
153 510 150
144 470 144
218 258 218
461 498 458
28 180 28
403 422 400
293 495 290
41 408 38
221 338 218
473 482 470
455 503 452
305 450 302
48 101 48
186 413 186
367 492 364
53 348 50
11 342 8
94 310 94
60 106 60
45 118 42
413 467 410
109 511 106
128 341 128
306 473 306
374 447 374
161 165 158
338 512 338
49 503 46
27 328 24
32 128 32
63 120 60
118 321 118
41 379 38
89 210 86
119 166 116
207 383 204
483 487 480
142 341 142
40 319 40
425 479 422
309 437 306
165 263 162
181 275 178
183 421 180
245 433 242
268 424 268
90 97 90
357 457 354
45 102 42
25 369 22
14 32 14
33 464 30
9 133 6
129 354 126
269 501 266
140 192 140
18 33 18
330 490 330
112 167 112
187 296 184
163 307 160
55 146 52
421 436 418
107 358 104
308 438 308
391 447 388
85 211 82
196 456 196
437 476 434
439 496 436
217 476 214
193 352 190
277 344 274
345 458 342
59 182 56
285 380 282
195 465 192
51 54 48
19 261 16
469 471 466
256 340 256
408 482 408
98 473 98
256 499 256
255 344 252
73 512 70
57 298 54
51 218 48
239 495 236
83 106 80
414 512 414
447 460 444
124 337 124
14 263 14
26 370 26
75 239 72
147 483 144
415 446 412
143 425 140
171 279 168
38 87 38
31 170 28
247 432 244
48 72 48
160 260 160
471 487 468
439 445 436
407 443 404
433 459 430
259 433 256
100 124 100
267 268 264
9 411 6
352 385 352
16 35 16
397 413 394
304 326 304
129 512 126
173 510 170
413 441 410
41 487 38
48 333 48
47 139 44
242 496 242
90 133 90
287 404 284
451 458 448
381 437 378
163 501 160
273 512 270
53 378 50
51 78 48
212 358 212
40 413 40
411 486 408
387 400 384
225 255 222
357 443 354
44 392 44
2 462 2
29 45 26
243 375 240
37 432 34
112 121 112
209 218 206
398 450 398
79 381 76
433 461 430
40 331 40
123 465 120
28 220 28
341 484 338
34 75 34
433 473 430
251 359 248
365 387 362
55 304 52
100 301 100
217 439 214
497 504 494
165 300 162
391 510 388
179 301 176
155 204 152
212 302 212
166 221 166
323 402 320
20 156 20
69 304 66
111 181 108
289 307 286
410 488 410
57 324 54
18 130 18
41 248 38
208 209 206
409 424 406
52 125 52
40 129 40
279 416 276
42 196 42
193 461 190
82 512 82
405 437 402
178 474 178
18 31 18
305 477 302
485 505 482
83 268 80
298 469 298
5 248 2
82 150 82
25 478 22
151 339 148
223 417 220
191 305 188
307 512 304
151 348 148
16 113 16
281 446 278
118 216 118
109 147 106
14 109 14
386 410 386
157 163 154
36 356 36
34 162 34
270 474 270
217 277 214
121 275 118
65 499 62
85 474 82
295 372 292
12 171 12
14 56 14
261 461 258
389 437 386
181 426 178
146 346 146
52 333 52
88 89 86
269 402 266
394 417 394
178 224 178
87 459 84
46 388 46
184 269 184
307 405 304
151 512 148
16 90 16
83 220 80
163 174 160
287 508 284
106 192 106
425 426 422
76 399 76
67 76 64
129 235 126
17 153 14
86 494 86
76 472 76
235 241 232
235 398 232
329 487 326
41 495 38
86 101 86
184 476 184
453 481 450
137 471 134
172 190 172
175 211 172
134 166 134
301 466 298
222 289 222
55 284 52
201 274 198
175 313 172
170 229 170
335 339 332
394 397 394
88 372 88
257 346 254
67 453 64
7 191 4
212 318 212
22 483 22
153 377 150
197 234 194
103 240 100
273 292 270
79 304 76
483 494 480
6 345 6
17 141 14
14 20 14
268 451 268
215 459 212
47 187 44
237 475 234
152 324 152
265 462 262
219 347 216
457 492 454
9 43 6
259 413 256
34 296 34
207 244 204
145 449 142
30 31 28
423 464 420
33 512 30
44 97 44
342 350 342
151 472 148
373 446 370
77 246 74
186 481 186
85 443 82
119 446 116
227 512 224
332 333 330
477 500 474
166 200 166
87 341 84
117 133 114
44 450 44
128 439 128
479 485 476
53 339 50
192 450 192
443 461 440
25 190 22
121 356 118
175 452 172
176 221 176
471 481 468
221 408 218
416 424 416
425 447 422
247 335 244
211 262 208
310 355 310
48 129 48
86 287 86
303 340 300
291 334 288
70 375 70
353 417 350
409 503 406
445 476 442
4 355 4
51 505 48
218 247 218
69 360 66
24 177 24
256 489 256
361 389 358
385 423 382
8 401 8
182 471 182
99 293 96
296 350 296
73 232 70
288 395 288
113 274 110
12 140 12
140 310 140
277 314 274
206 262 206
467 470 464
389 399 386
281 476 278
13 171 10
187 395 184
75 484 72
62 88 62
113 165 110
144 157 144
451 509 448
59 66 56
16 86 16
173 419 170
135 303 132
34 112 34
198 379 198
24 259 24
165 323 162
110 229 110
423 489 420
77 479 74
413 427 410
107 502 104
391 500 388
196 443 196
28 332 28
367 472 364
21 62 18
21 501 18
297 304 294
214 512 214
80 506 80
23 426 20
345 488 342
123 243 120
449 483 446
304 465 304
303 370 300
310 369 310
78 231 78
64 205 64
217 371 214
94 136 94
261 430 258
59 462 56
337 493 334
401 407 398
231 343 228
360 427 360
106 163 106
341 392 338
201 224 198
125 267 122
310 389 310
314 440 314
177 385 174
357 505 354
46 105 46
119 301 116
78 358 78
193 300 190
26 457 26
190 227 190
199 333 196
67 292 64
395 418 392
67 303 64
355 363 352
124 379 124
185 405 182
251 267 248
9 31 6
2 101 2
204 231 204
4 47 4
17 344 14
89 156 86
135 371 132
359 453 356
219 309 216
147 170 144
415 443 412
317 428 314
414 506 414
10 231 10
67 124 64
381 449 378
64 472 64
381 435 378
303 409 300
265 327 262
88 263 88
325 422 322
233 467 230
210 337 210
207 261 204
41 289 38
1 277 1
347 428 344
437 484 434
389 447 386
177 202 174
294 440 294
78 134 78
339 410 336
67 311 64
23 286 20
291 353 288
78 343 78
409 492 406
157 334 154
44 81 44
352 377 352
108 344 108
124 144 124
226 391 226
201 293 198
105 117 102
193 495 190
11 349 8
325 446 322
347 392 344
14 277 14
417 444 414
139 381 136
7 108 4
19 425 16
214 431 214
51 280 48
125 374 122
68 168 68
173 286 170
178 353 178
4 215 4
359 442 356
163 510 160
279 283 276
130 216 130
5 437 2
249 250 246
309 361 306
491 498 488
62 112 62
331 351 328
140 200 140
423 488 420
103 311 100
74 418 74
115 504 112
407 511 404
229 431 226
479 481 476
145 281 142
22 360 22
90 191 90
47 488 44
82 115 82
113 476 110
109 293 106
224 281 224
243 256 240
265 429 262
63 256 60
247 434 244
204 371 204
197 341 194
90 437 90
237 412 234
68 118 68
103 360 100
170 171 168
125 155 122
231 399 228
78 198 78
272 400 272
91 406 88
5 158 2
152 487 152
164 404 164
28 320 28
168 421 168
34 81 34
403 460 400
251 268 248
89 245 86
42 363 42
449 496 446
84 219 84
269 380 266
325 433 322
357 480 354
417 504 414
198 205 198
44 196 44
77 206 74
57 200 54
24 188 24
94 512 94
255 386 252
369 511 366
122 231 122
29 322 26
47 98 44
313 362 310
273 437 270
40 360 40
75 382 72
124 475 124
15 426 12
294 443 294
63 140 60
327 462 324
15 331 12
370 448 370
52 186 52
146 263 146
10 41 10
111 160 108
233 501 230
39 191 36
400 420 400
15 312 12
463 464 460
73 185 70
218 304 218
285 495 282
65 487 62
281 494 278
261 278 258
259 512 256
114 235 114
92 320 92
379 504 376
56 389 56
267 346 264
108 408 108
131 276 128
40 273 40
422 464 422
144 379 144
169 374 166
79 500 76
252 253 250
111 496 108
32 105 32
131 471 128
114 233 114
397 509 394
17 104 14
6 415 6
10 237 10
174 399 174
287 509 284
64 134 64
401 501 398
284 498 284
429 441 426
103 447 100
2 44 2
401 482 398
463 493 460
256 268 256
479 489 476
292 318 292
71 377 68
122 259 122
243 481 240
289 454 286
300 306 300
313 318 310
441 490 438
467 495 464
62 74 62
297 449 294
171 341 168
362 405 362
70 150 70
52 121 52
279 382 276
85 392 82
69 441 66
375 445 372
133 188 130
51 508 48
120 465 120
282 313 282
112 317 112
85 160 82
107 150 104
15 408 12
36 307 36
335 370 332
55 72 52
237 478 234
25 457 22
67 293 64
269 504 266
368 433 368
279 449 276
274 386 274
271 460 268
112 228 112
76 201 76
60 217 60
299 346 296
107 241 104
48 49 46
63 138 60
60 87 60
472 481 472
120 395 120
178 259 178
231 313 228
320 409 320
83 289 80
187 260 184
228 297 228
80 293 80
146 509 146
184 313 184
221 435 218
433 506 430
383 484 380
15 409 12
487 494 484
129 490 126
302 510 302
137 442 134
99 367 96
337 434 334
3 342 1
273 381 270
193 458 190
14 247 14
463 511 460
141 511 138
288 491 288
26 341 26
62 176 62
215 373 212
453 496 450
65 170 62
250 512 250
353 469 350
103 212 100
105 437 102
240 414 240
33 374 30
50 424 50
53 167 50
109 507 106
49 251 46
94 511 94
177 398 174
350 463 350
235 377 232
175 269 172
36 39 36
187 250 184
3 129 1
363 510 360
495 511 492
339 367 336
249 436 246
335 391 332
266 345 266
286 443 286
44 351 44
201 325 198
4 411 4
355 385 352
22 92 22
212 356 212
315 410 312
167 474 164
234 255 234
171 438 168
43 346 40
189 397 186
323 412 320
19 113 16
31 126 28
84 422 84
170 354 170
302 448 302
61 174 58
109 168 106
491 501 488
438 497 438
85 385 82
363 394 360
179 436 176
71 172 68
195 495 192
399 413 396
304 342 304
141 466 138
194 233 194
277 399 274
157 443 154
477 499 474
342 464 342
165 384 162
356 495 356
265 303 262
288 424 288
277 301 274
105 326 102
139 268 136
262 487 262
71 99 68
32 56 32
115 505 112
283 471 280
184 199 184
157 499 154
269 347 266
33 261 30
96 440 96
43 143 40
291 406 288
302 303 300
30 275 30
3 346 1
301 413 298
41 512 38
73 74 70
163 473 160
63 113 60
59 167 56
353 424 350
54 427 54
144 410 144
257 353 254
32 33 30
57 412 54
216 405 216
85 87 82
75 411 72
208 403 208
80 411 80
327 369 324
73 382 70
226 470 226
459 488 456
3 145 1
441 495 438
314 499 314
36 161 36
24 37 24
311 503 308
104 243 104
283 363 280
338 419 338
69 476 66
430 462 430
151 364 148
335 488 332
88 276 88
22 234 22
162 172 162
276 512 276
240 397 240
343 389 340
415 422 412
133 302 130
33 117 30
311 446 308
433 452 430
299 439 296
307 387 304
95 286 92
53 194 50
227 447 224
7 243 4
399 437 396
335 414 332
297 432 294
128 445 128
228 329 228
161 383 158
173 506 170
23 309 20
171 364 168
17 482 14
173 262 170
353 393 350
204 487 204
56 57 54
255 272 252
352 490 352
305 412 302
307 471 304
81 420 78
394 395 392
217 452 214
33 171 30
307 492 304
248 406 248
54 479 54
343 452 340
151 273 148
345 415 342
81 101 78
434 482 434
213 241 210
51 91 48
104 131 104
35 91 32
82 236 82
184 455 184
277 500 274
59 331 56
269 331 266
190 498 190
179 210 176
222 224 222
353 482 350
367 382 364
247 294 244
265 467 262
93 323 90
115 501 112
145 164 142
62 248 62
300 456 300
82 260 82
272 443 272
162 319 162
385 404 382
140 194 140
305 343 302
144 311 144
187 333 184
105 150 102
11 187 8
95 292 92
110 255 110
205 420 202
49 156 46
33 238 30
214 215 212
10 222 10
237 385 234
53 72 50
284 360 284
53 197 50
82 184 82
162 395 162
34 39 34
30 390 30
78 225 78
335 482 332
273 316 270
159 215 156
51 276 48
197 411 194
11 510 8
181 468 178
193 438 190
67 358 64
22 153 22
101 213 98
277 494 274
328 482 328
149 482 146
44 506 44
80 287 80
89 309 86
490 499 490
44 47 44
213 396 210
466 468 466
1 94 1
2 94 2
322 381 322
39 172 36
299 381 296
35 508 32
138 445 138
177 410 174
163 258 160
10 371 10
151 496 148
69 370 66
117 480 114
317 370 314
187 300 184
84 157 84
92 251 92
305 313 302
389 494 386
433 468 430
97 164 94
272 447 272
397 496 394
110 409 110
413 420 410
167 268 164
98 191 98
336 495 336
399 462 396
21 236 18
5 512 2
390 399 390
169 328 166
109 118 106
443 490 440
81 480 78
253 419 250
191 440 188
243 298 240
271 473 268
331 397 328
300 498 300
192 296 192
222 328 222
273 394 270
251 393 248
91 335 88
459 492 456
297 301 294
212 332 212
193 240 190
50 190 50
221 397 218
59 103 56
232 370 232
248 271 248
17 172 14
347 413 344
63 416 60
94 218 94
280 439 280
225 464 222
143 377 140
70 362 70
9 105 6
217 493 214
106 283 106
8 365 8
295 384 292
305 380 302
300 483 300
201 304 198
241 421 238
185 238 182
349 366 346
265 439 262
27 487 24
95 342 92
417 508 414
3 92 1
227 272 224
243 508 240
101 163 98
30 157 30
187 276 184
75 222 72
151 170 148
185 438 182
172 466 172
171 240 168
6 355 6
21 450 18
111 356 108
431 474 428
120 264 120
108 398 108
427 464 424
55 504 52
15 17 12
33 463 30
48 400 48
357 376 354
255 377 252
365 432 362
128 392 128
115 450 112
337 387 334
289 353 286
41 221 38
143 410 140
3 99 1
329 458 326
177 456 174
239 277 236
229 475 226
217 258 214
203 320 200
38 187 38
269 508 266
439 511 436
50 449 50
207 437 204
133 272 130
161 280 158
317 374 314
321 364 318
84 356 84
415 419 412
259 352 256
123 403 120
442 476 442
310 325 310
64 397 64
134 463 134
287 408 284
27 403 24
319 443 316
211 393 208
15 469 12
207 502 204
359 400 356
163 438 160
141 154 138
372 451 372
340 416 340
473 486 470
52 150 52
263 494 260
159 193 156
137 436 134
366 455 366
261 459 258
74 111 74
355 392 352
213 386 210
123 378 120
225 447 222
343 483 340
137 500 134
227 334 224
53 111 50
439 446 436
234 269 234
163 281 160
199 226 196
76 415 76
129 502 126
187 221 184
169 173 166
313 420 310
234 342 234
170 188 170
119 342 116
271 434 268
207 411 204
233 242 230
88 102 88
93 477 90
435 449 432
395 451 392
111 119 108
93 368 90
259 328 256
211 424 208
344 471 344
30 182 30
427 455 424
123 313 120
23 227 20
174 246 174
102 505 102
97 267 94
14 160 14
167 311 164
223 473 220
13 467 10
128 409 128
340 403 340
142 439 142
92 195 92
20 33 20
279 455 276
295 370 292
250 335 250
152 429 152
145 275 142
36 179 36
374 387 374
451 452 448
232 493 232
207 334 204
111 407 108
23 282 20
158 310 158
183 426 180
155 472 152
365 390 362
493 508 490
161 238 158
216 288 216
15 43 12
233 284 230
22 39 22
377 506 374
171 446 168
7 337 4
84 256 84
70 480 70
103 491 100
260 459 260
266 321 266
23 52 20
14 105 14
268 440 268
327 350 324
97 431 94
8 150 8
445 477 442
298 436 298
42 55 42
201 389 198
157 307 154
255 451 252
16 48 16
308 334 308
129 438 126
307 316 304
170 328 170
141 176 138
261 360 258
71 112 68
303 472 300
362 476 362
461 495 458
174 502 174
39 357 36
1 242 1
62 196 62
181 286 178
52 192 52
16 20 16
414 498 414
130 471 130
298 445 298
499 508 496
176 339 176
225 446 222
207 405 204
5 49 2
278 457 278
503 504 500
172 237 172
278 414 278
311 327 308
127 361 124
152 167 152
125 346 122
87 101 84
403 447 400
209 390 206
419 497 416
223 414 220
413 456 410
263 295 260
23 353 20
209 312 206
58 226 58
7 511 4
347 481 344
47 410 44
457 512 454
12 13 10
52 116 52
288 306 288
121 507 118
4 243 4
259 492 256
55 157 52
220 445 220
18 25 18
91 384 88
221 501 218
329 363 326
15 150 12
157 311 154
211 416 208
1 3 1
12 72 12
132 266 132
432 501 432
201 216 198
206 244 206
196 254 196
333 437 330
104 366 104
272 473 272
67 391 64
321 512 318
48 77 48
153 488 150
263 287 260
102 359 102
363 402 360
399 488 396
77 316 74
44 106 44
303 363 300
53 432 50
74 403 74
179 362 176
318 358 318
435 507 432
167 430 164
399 511 396
285 308 282
82 110 82
98 307 98
99 339 96
97 196 94
31 278 28
1 224 1
151 200 148
173 194 170
389 491 386
405 493 402
366 408 366
126 347 126
194 238 194
223 502 220
145 293 142
407 465 404
321 381 318
117 315 114
48 291 48
267 406 264
399 450 396
140 282 140
3 123 1
105 361 102
256 257 254
74 77 74
127 421 124
423 512 420
147 259 144
42 340 42
156 173 156
175 235 172
12 256 12
348 369 348
209 326 206
129 172 126
43 212 40
433 450 430
421 496 418
167 396 164
28 281 28
51 352 48
192 264 192
124 197 124
231 246 228
37 79 34
64 76 64
438 476 438
289 291 286
67 148 64
6 167 6
477 496 474
141 337 138
157 435 154
475 511 472
3 482 1
161 413 158
331 436 328
373 473 370
32 215 32
306 485 306
33 448 30
69 254 66
40 271 40
10 22 10
282 330 282
221 314 218
220 461 220
18 87 18
78 211 78
4 84 4
129 274 126
128 328 128
16 53 16
2 431 2
115 393 112
308 504 308
7 219 4
161 347 158
447 454 444
371 391 368
441 503 438
65 239 62
383 510 380
1 21 1
143 472 140
330 398 330
7 74 4
48 69 48
235 242 232
53 149 50
351 434 348
18 415 18
212 288 212
161 471 158
33 46 30
204 284 204
15 376 12
287 438 284
247 265 244
9 131 6
126 437 126
272 414 272
141 303 138
190 266 190
95 454 92
70 136 70
123 172 120
31 345 28
85 294 82
62 157 62
75 285 72
10 51 10
85 476 82
88 227 88
106 369 106
53 493 50
152 211 152
9 482 6
142 152 142
181 453 178
11 424 8
214 497 214
164 199 164
85 277 82
238 239 236
38 270 38
236 512 236
272 502 272
82 147 82
435 509 432
351 386 348
300 442 300
85 316 82
69 352 66
264 482 264
37 483 34
3 512 1
185 317 182
173 471 170
33 471 30
168 333 168
77 240 74
475 489 472
160 332 160
121 222 118
231 505 228
353 392 350
275 416 272
56 173 56
253 314 250
6 92 6
445 448 442
269 352 266
203 225 200
13 432 10
437 445 434
259 386 256
83 383 80
132 433 132
96 173 96
119 277 116
84 138 84
66 206 66
409 430 406
267 285 264
29 324 26
134 337 134
47 440 44
197 210 194
151 220 148
283 337 280
35 334 32
89 322 86
231 462 228
356 460 356
38 492 38
261 477 258
257 478 254
19 443 16
102 106 102
443 470 440
347 409 344
65 323 62
90 153 90
159 272 156
102 210 102
334 367 334
63 500 60
213 374 210
311 443 308
296 491 296
465 503 462
252 256 252
164 286 164
203 227 200
110 470 110
326 401 326
32 119 32
250 327 250
91 111 88
333 496 330
221 430 218
239 427 236
197 399 194
204 417 204
8 79 8
495 505 492
209 351 206
199 391 196
139 377 136
188 353 188
27 367 24
10 387 10
385 393 382
33 168 30
45 307 42
481 501 478
51 407 48
4 115 4
241 378 238
115 173 112
233 322 230
67 304 64
14 114 14
283 372 280
23 311 20
119 307 116
353 385 350
261 279 258
94 214 94
175 279 172
297 328 294
35 475 32
79 429 76
131 142 128
121 252 118
52 93 52
254 270 254
374 375 372
307 452 304
336 489 336
230 484 230
63 433 60
148 291 148
258 424 258
32 66 32
91 417 88
355 421 352
213 289 210
25 385 22
42 279 42
58 377 58
167 446 164
39 499 36
473 503 470
175 354 172
41 237 38
358 451 358
125 438 122
54 493 54
133 472 130
431 465 428
378 482 378
43 274 40
415 429 412
236 391 236
102 366 102
295 393 292
78 156 78
447 506 444
242 306 242
70 268 70
120 277 120
72 260 72
69 327 66
90 225 90
231 243 228
125 186 122
125 461 122
25 374 22
59 312 56
201 228 198
339 487 336
82 308 82
154 166 154
123 234 120
142 198 142
87 444 84
3 84 1
47 191 44
201 488 198
97 166 94
227 506 224
112 117 112
131 193 128
79 412 76
354 390 354
277 331 274
247 390 244
371 489 368
253 326 250
69 203 66
227 435 224
21 381 18
427 472 424
429 482 426
411 457 408
16 201 16
231 369 228
221 223 218
371 456 368
58 206 58
1 23 1
355 493 352
27 382 24
347 408 344
333 366 330
103 327 100
130 295 130
88 121 88
461 504 458
171 242 168
414 427 414
419 436 416
61 340 58
19 86 16
177 509 174
96 221 96
49 208 46
238 297 238
209 499 206
150 475 150
121 346 118
2 212 2
267 505 264
266 308 266
193 204 190
377 423 374
47 146 44
70 198 70
470 471 468
9 318 6
298 496 298
201 415 198
455 488 452
20 47 20
397 473 394
200 445 200
120 364 120
393 406 390
297 464 294
77 405 74
52 73 52
52 171 52
19 329 16
101 325 98
449 484 446
99 190 96
276 491 276
41 428 38
289 512 286
22 352 22
213 220 210
297 410 294
71 176 68
345 414 342
306 512 306
282 512 282
497 503 494
134 512 134
457 459 454
175 474 172
321 485 318
9 166 6
65 272 62
387 482 384
135 332 132
263 442 260
367 415 364
68 163 68
75 468 72
453 463 450
101 327 98
72 90 72
231 435 228
100 298 100
28 103 28
271 413 268
95 268 92
36 449 36
384 486 384
94 410 94
241 316 238
181 184 178
235 325 232
182 467 182
150 236 150
385 407 382
435 448 432
202 484 202
287 333 284
148 452 148
34 46 34
469 476 466
331 505 328
55 225 52
343 407 340
361 411 358
109 299 106
109 453 106
79 361 76
231 302 228
174 296 174
107 263 104
106 430 106
449 472 446
341 490 338
190 200 190
70 301 70
273 409 270
46 290 46
328 390 328
352 391 352
186 507 186
142 248 142
367 379 364
319 346 316
91 440 88
384 385 382
418 419 416
11 160 8
202 492 202
281 410 278
65 311 62
195 445 192
187 190 184
8 227 8
171 484 168
305 510 302
227 431 224
75 311 72
153 289 150
259 295 256
340 371 340
297 311 294
465 512 462
115 345 112
299 510 296
33 427 30
211 306 208
406 407 404
239 256 236
177 352 174
269 338 266
273 414 270
23 489 20
123 135 120
402 459 402
259 405 256
69 132 66
221 247 218
479 511 476
116 422 116
437 512 434
395 481 392
261 432 258
359 477 356
65 376 62
100 278 100
162 506 162
341 453 338
21 219 18
481 489 478
23 115 20
181 201 178
112 508 112
229 249 226
193 260 190
347 507 344
465 500 462
322 456 322
164 348 164
11 250 8
47 510 44
117 247 114
297 310 294
133 456 130
69 317 66
22 70 22
333 472 330
57 342 54
451 466 448
304 330 304
90 495 90
225 273 222
58 87 58
266 301 266
307 322 304
56 364 56
19 291 16
343 348 340
181 512 178
159 349 156
18 177 18
201 303 198
29 89 26
65 149 62
213 239 210
419 499 416
19 323 16
230 231 228
160 503 160
57 123 54
28 286 28
115 254 112
97 255 94
160 161 158
127 236 124
423 452 420
203 302 200
90 169 90
62 187 62
257 366 254
7 362 4
367 512 364
163 359 160
203 371 200
255 267 252
2 257 2
93 482 90
187 222 184
2 8 2
48 325 48
267 372 264
45 354 42
13 124 10
118 146 118
136 445 136
430 509 430
57 337 54
265 472 262
227 444 224
66 300 66
330 421 330
25 391 22
339 394 336
122 392 122
70 413 70
304 356 304
230 307 230
80 164 80
298 307 298
353 512 350
40 105 40
15 509 12
169 181 166
191 322 188
195 505 192
6 13 6
158 171 158
20 198 20
12 375 12
31 440 28
14 141 14
139 292 136
473 509 470
127 458 124
238 378 238
351 495 348
127 338 124
145 180 142
63 314 60
118 138 118
286 307 286
323 479 320
465 496 462
248 433 248
76 359 76
116 126 116
106 329 106
13 106 10
468 512 468
62 151 62
33 77 30
469 499 466
293 321 290
153 462 150
463 470 460
351 421 348
261 401 258
170 509 170
87 282 84
27 219 24
154 483 154
329 386 326
155 165 152
323 463 320
38 512 38
114 425 114
304 384 304
57 289 54
199 457 196
130 229 130
160 422 160
163 480 160
65 189 62
234 263 234
91 260 88
141 363 138
351 352 348
124 210 124
136 246 136
401 475 398
270 309 270
211 267 208
121 372 118
211 359 208
279 471 276
121 485 118
181 342 178
218 450 218
192 219 192
115 489 112
431 490 428
6 236 6
139 267 136
253 450 250
183 366 180
356 494 356
199 383 196
461 470 458
405 506 402
269 307 266
48 156 48
368 507 368
285 458 282
181 258 178
351 363 348
49 233 46
187 408 184
323 361 320
389 403 386
93 211 90
349 512 346
78 188 78
459 479 456
50 383 50
186 501 186
30 378 30
125 184 122
415 474 412
12 119 12
9 380 6
155 184 152
380 440 380
193 445 190
269 342 266
497 508 494
309 323 306
239 358 236
183 279 180
33 325 30
93 337 90
57 338 54
156 462 156
264 453 264
306 376 306
181 323 178
451 485 448
20 25 20
12 105 12
371 468 368
293 506 290
167 400 164
279 339 276
42 86 42
141 178 138
210 467 210
9 74 6
266 268 266
121 419 118
54 56 54
298 453 298
50 304 50
378 458 378
103 156 100
19 136 16
129 311 126
26 321 26
357 504 354
315 490 312
33 445 30
413 478 410
57 121 54
14 79 14
171 416 168
226 229 226
159 429 156
229 466 226
272 352 272
49 342 46
293 392 290
153 154 150
75 138 72
339 429 336
48 371 48
1 61 1
344 489 344
317 503 314
40 506 40
13 83 10
55 490 52
80 185 80
134 311 134
116 127 116
366 501 366
473 487 470
277 312 274
304 340 304
357 450 354
245 375 242
341 476 338
15 29 12
303 321 300
153 449 150
151 483 148
247 452 244
483 506 480
341 486 338
223 406 220
283 425 280
340 342 340
36 44 36
133 350 130
54 77 54
499 503 496
315 344 312
325 375 322
393 419 390
90 120 90
267 336 264
67 165 64
75 110 72
506 510 506
321 401 318
507 510 504
8 18 8
358 376 358
291 330 288
167 325 164
208 509 208
78 190 78
133 262 130
223 236 220
367 500 364
11 91 8
7 37 4
85 159 82
231 438 228
52 176 52
95 494 92
17 248 14
5 60 2
126 509 126
140 272 140
483 501 480
73 258 70
54 200 54
164 512 164
95 192 92
303 322 300
125 202 122
451 456 448
285 496 282
36 41 36
7 279 4
260 475 260
73 357 70
126 512 126
104 169 104
118 356 118
295 420 292
15 307 12
239 280 236
105 294 102
491 509 488
359 365 356
168 318 168
93 224 90
155 500 152
78 367 78
417 466 414
377 414 374
236 431 236
283 487 280
229 236 226
392 404 392
56 342 56
245 305 242
161 367 158
285 290 282
291 363 288
279 387 276
42 63 42
3 158 1
493 506 490
467 505 464
361 405 358
173 416 170
156 511 156
74 110 74
453 483 450
122 344 122
236 479 236
27 313 24
467 511 464
49 454 46
63 218 60
195 443 192
432 472 432
259 417 256
69 198 66
113 114 110
231 329 228
133 331 130
40 314 40
357 495 354
132 183 132
357 387 354
103 187 100
315 364 312
365 428 362
215 419 212
69 382 66
208 354 208
79 402 76
55 325 52
26 161 26
35 115 32
16 200 16
250 361 250
276 329 276
40 45 40
383 412 380
497 509 494
24 136 24
259 459 256
185 507 182
295 356 292
61 253 58
98 381 98
166 280 166
99 223 96
33 498 30
441 504 438
142 235 142
73 470 70
76 498 76
13 68 10
329 439 326
437 444 434
281 512 278
10 24 10
241 247 238
144 344 144
395 478 392
139 143 136
2 126 2
304 496 304
97 401 94
134 159 134
108 486 108
127 227 124
99 409 96
387 391 384
191 483 188
155 270 152
53 276 50
232 317 232
247 427 244
29 92 26
489 503 486
84 90 84
158 227 158
78 312 78
273 334 270
74 437 74
157 363 154
4 101 4
195 372 192
52 293 52
117 181 114
111 512 108
261 277 258
9 269 6
165 239 162
407 418 404
271 396 268
9 11 6
67 163 64
219 387 216
40 256 40
159 176 156
93 268 90
235 264 232
155 254 152
404 437 404
439 485 436
190 347 190
257 308 254
59 60 56
132 379 132
255 402 252
27 467 24
172 459 172
194 439 194
47 332 44
33 468 30
317 347 314
257 268 254
368 444 368
195 266 192
47 179 44
85 464 82
135 213 132
269 482 266
283 331 280
494 512 494
353 422 350
33 426 30
14 182 14
125 381 122
271 504 268
214 492 214
125 476 122
39 404 36
353 446 350
14 375 14
52 397 52
373 507 370
471 482 468
25 221 22
78 397 78
286 304 286
168 262 168
286 310 286
81 444 78
312 342 312
183 184 180
267 423 264
289 361 286
143 402 140
309 495 306
423 448 420
3 212 1
5 307 2
58 82 58
187 258 184
173 389 170
29 379 26
272 291 272
427 441 424
53 325 50
498 512 498
22 38 22
94 198 94
110 414 110
217 240 214
224 237 224
111 372 108
203 306 200
40 96 40
213 305 210
62 360 62
107 452 104
113 345 110
303 360 300
349 377 346
213 382 210
505 512 502
230 512 230
7 329 4
354 415 354
293 303 290
113 448 110
381 442 378
55 129 52
25 403 22
89 220 86
271 493 268
67 448 64
96 266 96
355 433 352
153 203 150
63 512 60
18 57 18
98 433 98
213 226 210
415 475 412
135 429 132
441 458 438
41 173 38
141 338 138
87 442 84
231 333 228
3 331 1
104 380 104
61 107 58
139 245 136
97 279 94
409 502 406
205 378 202
120 314 120
371 397 368
99 370 96
209 414 206
90 308 90
423 492 420
359 385 356
45 230 42
496 497 494
286 431 286
107 390 104
82 286 82
167 333 164
48 62 48
108 285 108
18 153 18
375 384 372
169 435 166
233 423 230
109 306 106
233 308 230
203 384 200
429 450 426
312 400 312
242 289 242
342 512 342
147 490 144
145 369 142
332 338 332
235 475 232
35 104 32
116 267 116
191 394 188
118 161 118
361 470 358
223 465 220
5 296 2
194 502 194
91 288 88
153 279 150
288 337 288
242 301 242
219 362 216
323 349 320
22 286 22
37 105 34
254 380 254
86 317 86
94 222 94
14 235 14
359 465 356
197 256 194
433 457 430
102 491 102
185 298 182
417 451 414
261 388 258
163 355 160
127 372 124
341 355 338
174 366 174
131 363 128
79 122 76
78 432 78
44 319 44
213 265 210
277 376 274
287 355 284
162 185 162
262 425 262
11 114 8
17 209 14
122 477 122
223 482 220
371 398 368
202 214 202
411 440 408
219 260 216
183 463 180
95 442 92
18 28 18
61 166 58
395 401 392
50 186 50
13 114 10
56 161 56
46 348 46
35 246 32
148 149 146
30 190 30
59 487 56
137 335 134
79 385 76
279 385 276
295 496 292
62 421 62
319 363 316
299 327 296
4 86 4
410 493 410
79 440 76
188 378 188
56 137 56
142 228 142
196 237 196
375 465 372
137 397 134
5 411 2
354 357 354
400 471 400
51 327 48
327 385 324
329 483 326
133 434 130
396 512 396
2 48 2
212 235 212
97 308 94
62 462 62
361 398 358
233 277 230
19 254 16
24 383 24
295 368 292
347 495 344
379 496 376
248 264 248
387 462 384
44 252 44
86 510 86
288 413 288
180 223 180
46 47 44
120 222 120
95 175 92
293 373 290
203 443 200
393 501 390
137 385 134
6 7 4
321 378 318
411 502 408
297 453 294
49 477 46
43 321 40
85 334 82
211 303 208
364 467 364
355 511 352
65 99 62
21 311 18
310 313 310
46 181 46
125 474 122
84 261 84
329 347 326
339 465 336
49 394 46
273 391 270
317 494 314
151 242 148
123 292 120
443 500 440
33 145 30
307 324 304
14 244 14
191 463 188
109 150 106
321 457 318
99 161 96
21 325 18
392 445 392
80 104 80
463 503 460
407 505 404
43 109 40
273 429 270
41 341 38
385 412 382
117 488 114
112 191 112
171 337 168
19 288 16
287 504 284
22 162 22
161 260 158
71 132 68
303 390 300
411 418 408
257 433 254
397 478 394
292 473 292
108 337 108
27 471 24
131 197 128
3 197 1
137 507 134
424 448 424
411 505 408
395 430 392
69 310 66
10 33 10
27 168 24
247 494 244
367 442 364
175 434 172
121 396 118
254 336 254
199 379 196
1 144 1
57 151 54
149 405 146
130 294 130
73 251 70
226 292 226
339 409 336
395 482 392
2 328 2
125 253 122
407 488 404
127 358 124
49 465 46
266 329 266
30 58 30
110 228 110
155 267 152
23 408 20
285 414 282
188 372 188
293 481 290
39 509 36
50 267 50
153 278 150
201 475 198
123 314 120
283 495 280
393 412 390
102 305 102
331 485 328
253 491 250
256 330 256
89 110 86
395 414 392
197 445 194
96 270 96
421 487 418
92 177 92
138 195 138
50 499 50
270 386 270
273 288 270
179 293 176
249 359 246
272 512 272
73 261 70
319 417 316
67 511 64
345 430 342
176 316 176
23 242 20
243 458 240
85 187 82
199 279 196
46 175 46
245 311 242
285 408 282
163 393 160
317 435 314
349 450 346
384 491 384
143 342 140
3 266 1
191 424 188
39 465 36
131 454 128
187 393 184
217 484 214
314 439 314
259 276 256
408 420 408
339 488 336
176 418 176
44 103 44
30 345 30
61 491 58
491 507 488
147 448 144
19 249 16
292 418 292
206 284 206
141 419 138
465 498 462
309 508 306
259 475 256
381 462 378
325 381 322
23 179 20
367 453 364
73 208 70
159 216 156
179 249 176
93 204 90
203 503 200
403 491 400
379 469 376
97 146 94
327 502 324
181 430 178
349 408 346
155 327 152
126 239 126
405 477 402
287 381 284
33 329 30
58 445 58
221 284 218
307 407 304
335 365 332
69 463 66
202 358 202
176 398 176
165 306 162
205 441 202
101 180 98
433 482 430
177 384 174
42 49 42
16 77 16
401 409 398
435 452 432
270 330 270
425 498 422
352 418 352
189 365 186
288 289 286
75 228 72
413 421 410
51 364 48
285 286 282
241 469 238
131 512 128
287 463 284
365 419 362
227 276 224
187 507 184
89 266 86
185 270 182
61 286 58
445 486 442
4 29 4
1 312 1
141 400 138
197 261 194
201 300 198
135 242 132
79 282 76
264 370 264
209 497 206
157 247 154
221 269 218
407 442 404
456 467 456
337 511 334
305 314 302
69 142 66
8 426 8
230 387 230
71 402 68
397 479 394
241 436 238
325 351 322
232 333 232
197 419 194
367 463 364
176 461 176
107 503 104
24 113 24
45 333 42
201 316 198
152 244 152
125 130 122
87 126 84
76 141 76
363 494 360
105 424 102
421 476 418
227 245 224
437 470 434
84 263 84
373 509 370
348 420 348
154 192 154
81 150 78
276 296 276
295 418 292
337 487 334
281 282 278
405 407 402
379 481 376
140 342 140
80 351 80
421 471 418
159 189 156
297 408 294
47 309 44
254 354 254
93 444 90
11 83 8
118 149 118
376 434 376
323 363 320
53 154 50
118 121 118
369 436 366
199 277 196
37 441 34
59 480 56
161 180 158
61 482 58
87 293 84
445 504 442
210 238 210
77 500 74
115 149 112
61 167 58
289 470 286
325 492 322
248 296 248
103 399 100
115 258 112
181 440 178
240 305 240
483 500 480
318 448 318
189 241 186
52 266 52
359 395 356
150 288 150
163 298 160
48 380 48
321 466 318
106 131 106
65 353 62
267 344 264
375 484 372
87 283 84
377 418 374
187 343 184
121 210 118
408 443 408
160 173 160
153 211 150
169 266 166
373 495 370
229 438 226
129 446 126
205 282 202
7 13 4
124 178 124
408 422 408
415 463 412
439 442 436
319 368 316
45 473 42
121 185 118
445 462 442
10 298 10
203 283 200
259 396 256
79 388 76
291 431 288
233 328 230
205 332 202
58 401 58
169 256 166
17 152 14
221 303 218
255 346 252
52 82 52
92 164 92
5 487 2
361 366 358
309 322 306
80 129 80
31 308 28
317 391 314
286 296 286
231 393 228
46 99 46
479 504 476
42 284 42
25 141 22
14 57 14
205 239 202
10 412 10
355 460 352
207 339 204
87 142 84
217 275 214
76 444 76
157 342 154
81 124 78
27 78 24
28 394 28
16 18 16
475 486 472
413 434 410
263 344 260
49 385 46
290 397 290
437 505 434
235 259 232
244 456 244
191 449 188
227 361 224
316 332 316
477 502 474
389 428 386
102 335 102
183 396 180
59 443 56
239 412 236
192 196 192
43 394 40
103 298 100
290 364 290
192 278 192
50 314 50
463 502 460
347 479 344
129 361 126
229 410 226
235 351 232
273 455 270
165 218 162
353 404 350
148 362 148
462 500 462
99 471 96
431 477 428
121 313 118
455 461 452
133 438 130
335 358 332
154 158 154
107 382 104
38 193 38
143 174 140
121 455 118
401 483 398
199 363 196
95 475 92
323 342 320
71 149 68
83 202 80
90 251 90
39 481 36
347 447 344
253 340 250
20 364 20
441 470 438
204 362 204
103 253 100
119 298 116
148 375 148
4 65 4
17 297 14
105 482 102
273 290 270
315 469 312
313 399 310
415 468 412
36 423 36
179 352 176
62 223 62
58 501 58
361 512 358
67 353 64
282 381 282
282 436 282
233 304 230
11 51 8
29 262 26
233 251 230
303 423 300
8 157 8
55 200 52
130 368 130
79 315 76
122 317 122
222 473 222
1 18 1
207 300 204
355 489 352
147 506 144
126 255 126
200 512 200
50 51 48
467 479 464
209 501 206
27 295 24
63 172 60
253 270 250
159 371 156
173 318 170
41 348 38
55 298 52
139 452 136
158 427 158
17 155 14
103 223 100
86 486 86
181 509 178
192 306 192
321 442 318
31 229 28
199 281 196
223 431 220
255 506 252
29 498 26
16 55 16
70 91 70
39 462 36
307 480 304
62 120 62
39 195 36
20 428 20
241 395 238
194 205 194
202 249 202
197 490 194
113 128 110
157 187 154
9 355 6
82 201 82
334 374 334
198 208 198
13 387 10
24 436 24
229 414 226
392 420 392
44 101 44
209 362 206
76 395 76
411 444 408
106 331 106
282 349 282
242 254 242
179 443 176
198 289 198
52 122 52
11 200 8
168 263 168
55 280 52
245 338 242
357 364 354
378 417 378
297 399 294
300 317 300
379 436 376
231 357 228
198 446 198
55 478 52
44 99 44
233 292 230
21 430 18
84 94 84
272 457 272
386 434 386
93 345 90
463 480 460
6 20 6
216 239 216
117 255 114
42 219 42
9 276 6
89 265 86
187 215 184
113 485 110
71 158 68
98 407 98
86 511 86
267 308 264
360 455 360
209 378 206
42 492 42
190 464 190
72 333 72
393 426 390
443 477 440
42 441 42
40 417 40
411 446 408
175 179 172
229 460 226
242 435 242
147 256 144
428 429 426
148 223 148
431 496 428
35 295 32
397 466 394
13 244 10
27 148 24
101 465 98
35 371 32
401 490 398
96 165 96
6 121 6
173 319 170
167 190 164
136 402 136
241 407 238
34 114 34
191 350 188
391 473 388
13 357 10
79 155 76
405 438 402
199 380 196
85 175 82
28 318 28
108 321 108
61 85 58
297 417 294
4 54 4
219 393 216
299 315 296
92 149 92
49 347 46
63 270 60
225 428 222
2 290 2
346 439 346
419 427 416
77 370 74
297 330 294
253 257 250
317 355 314
403 410 400
72 319 72
314 327 314
48 114 48
419 465 416
150 295 150
239 488 236
15 280 12
161 357 158
107 466 104
183 381 180
53 289 50
198 323 198
393 443 390
56 60 56
101 114 98
453 485 450
163 196 160
192 411 192
244 457 244
215 347 212
106 273 106
271 343 268
371 507 368
100 297 100
185 399 182
108 250 108
2 405 2
91 216 88
487 489 484
489 491 486
319 327 316
287 494 284
188 364 188
359 377 356
157 255 154
50 56 50
149 219 146
55 198 52
61 395 58
362 434 362
246 504 246
309 421 306
110 293 110
49 272 46
263 432 260
437 460 434
230 481 230
456 512 456
83 300 80
102 490 102
148 178 148
36 78 36
18 144 18
327 428 324
451 463 448
76 499 76
55 417 52
19 169 16
253 444 250
214 459 214
251 365 248
222 361 222
240 468 240
423 440 420
39 459 36
91 131 88
89 501 86
335 435 332
449 505 446
73 502 70
279 400 276
435 490 432
38 115 38
88 97 88
64 106 64
329 354 326
378 440 378
269 333 266
64 277 64
387 421 384
251 290 248
136 409 136
263 286 260
271 397 268
293 323 290
190 330 190
56 441 56
11 123 8
237 461 234
177 294 174
76 158 76
177 289 174
196 396 196
239 455 236
115 421 112
116 374 116
368 427 368
441 492 438
299 447 296
63 336 60
79 246 76
99 332 96
60 481 60
455 458 452
26 281 26
339 414 336
161 472 158
339 479 336
295 359 292
295 351 292
221 426 218
135 501 132
12 181 12
395 417 392
125 183 122
429 504 426
4 12 4
243 434 240
5 334 2
363 471 360
63 446 60
150 165 150
302 445 302
93 443 90
249 280 246
118 131 118
212 237 212
55 262 52
412 415 412
443 512 440
44 155 44
317 474 314
302 413 302
255 352 252
180 400 180
153 331 150
289 297 286
123 387 120
209 392 206
267 309 264
84 96 84
225 359 222
254 484 254
389 501 386
153 328 150
51 98 48
218 479 218
51 418 48
425 438 422
126 183 126
139 488 136
340 351 340
32 114 32
131 153 128
109 219 106
129 340 126
254 459 254
210 234 210
293 394 290
36 435 36
339 464 336
439 444 436
354 418 354
98 314 98
47 52 44
316 455 316
115 306 112
117 277 114
337 365 334
173 228 170
427 480 424
47 212 44
336 393 336
63 208 60
250 254 250
177 322 174
8 115 8
7 130 4
152 187 152
193 355 190
72 201 72
31 409 28
455 486 452
89 262 86
268 467 268
2 293 2
339 376 336
3 246 1
40 76 40
297 407 294
461 473 458
159 278 156
279 351 276
163 492 160
115 210 112
225 392 222
358 421 358
333 453 330
75 443 72
41 505 38
131 419 128
13 187 10
277 470 274
28 460 28
328 445 328
341 350 338
129 399 126
211 469 208
2 79 2
439 470 436
107 307 104
215 427 212
357 471 354
53 294 50
325 343 322
115 194 112
163 511 160
25 350 22
367 464 364
449 469 446
110 183 110
192 379 192
243 419 240
64 512 64
63 167 60
389 479 386
467 476 464
3 224 1
369 509 366
423 498 420
319 372 316
74 123 74
29 213 26
73 342 70
157 267 154
5 142 2
49 89 46
117 338 114
135 510 132
36 96 36
263 402 260
80 202 80
201 313 198
24 172 24
1 22 1
141 156 138
86 395 86
127 277 124
158 187 158
291 307 288
66 299 66
107 181 104
82 486 82
4 80 4
143 348 140
68 384 68
111 404 108
199 344 196
425 512 422
463 510 460
85 349 82
423 437 420
320 512 320
38 231 38
485 512 482
209 365 206
123 162 120
343 400 340
214 232 214
209 325 206
316 359 316
331 488 328
248 390 248
14 367 14
27 240 24
208 512 208
307 377 304
52 151 52
68 466 68
131 504 128
39 225 36
479 480 476
319 397 316
116 453 116
21 423 18
219 372 216
118 344 118
115 381 112
142 490 142
159 314 156
367 424 364
215 445 212
41 244 38
12 185 12
186 196 186
92 319 92
125 327 122
62 378 62
319 334 316
319 329 316
44 471 44
21 375 18
196 441 196
174 227 174
2 281 2
81 496 78
200 392 200
389 508 386
427 508 424
359 433 356
28 399 28
159 365 156
32 421 32
294 373 294
269 359 266
315 414 312
155 373 152
37 335 34
380 447 380
161 295 158
433 478 430
344 364 344
407 436 404
92 155 92
197 497 194
79 82 76
303 455 300
337 359 334
219 314 216
423 475 420
10 92 10
58 72 58
234 448 234
12 49 12
435 512 432
1 166 1
399 445 396
22 188 22
48 63 48
379 411 376
85 486 82
231 326 228
373 502 370
118 119 116
33 55 30
338 339 336
191 294 188
349 413 346
27 95 24
306 386 306
174 214 174
90 178 90
339 404 336
93 140 90
254 431 254
199 263 196
244 466 244
310 333 310
41 323 38
93 321 90
211 463 208
53 292 50
255 494 252
12 31 12
44 120 44
159 382 156
298 439 298
181 370 178
127 497 124
49 436 46
24 125 24
239 247 236
11 74 8
307 372 304
58 145 58
38 120 38
77 286 74
283 408 280
373 477 370
13 365 10
423 495 420
112 198 112
362 414 362
221 273 218
116 128 116
35 50 32
159 168 156
275 430 272
66 411 66
151 332 148
424 487 424
327 456 324
39 405 36
142 242 142
139 497 136
186 210 186
378 508 378
381 494 378
48 141 48
69 224 66
27 396 24
89 223 86
368 434 368
177 206 174
314 360 314
89 333 86
154 390 154
177 264 174
83 94 80
319 392 316
241 329 238
105 493 102
111 132 108
198 442 198
69 195 66
333 469 330
179 211 176
407 478 404
249 291 246
367 504 364
135 326 132
129 139 126
444 459 444
341 485 338
449 477 446
237 494 234
395 425 392
119 502 116
169 258 166
275 401 272
99 133 96
327 403 324
123 175 120
96 136 96
433 474 430
469 473 466
12 21 12
176 370 176
149 312 146
77 395 74
458 490 458
505 506 502
98 385 98
46 150 46
141 291 138
212 411 212
29 151 26
98 219 98
149 277 146
105 464 102
53 437 50
417 495 414
291 313 288
452 468 452
407 477 404
45 78 42
362 363 360
160 381 160
83 101 80
188 246 188
43 418 40
362 443 362
420 460 420
273 499 270
143 378 140
86 264 86
265 324 262
199 216 196
38 274 38
127 168 124
463 485 460
25 151 22
112 401 112
270 512 270
182 366 182
289 339 286
103 482 100
5 374 2
45 121 42
142 426 142
193 440 190
108 193 108
15 21 12
159 245 156
248 434 248
147 493 144
51 242 48
21 389 18
198 286 198
165 341 162
183 456 180
129 504 126
22 78 22
41 494 38
129 243 126
481 509 478
163 379 160
29 145 26
48 183 48
165 273 162
8 9 6
333 426 330
155 304 152
127 292 124
97 277 94
99 467 96
160 190 160
335 477 332
97 415 94
362 444 362
381 428 378
37 354 34
37 54 34
156 414 156
209 329 206
253 499 250
297 429 294
389 469 386
10 150 10
187 444 184
263 314 260
16 509 16
47 389 44
101 235 98
377 507 374
72 342 72
372 493 372
16 399 16
407 495 404
277 389 274
109 458 106
428 435 428
297 365 294
262 295 262
225 496 222
74 439 74
13 510 10
185 297 182
5 340 2
413 487 410
155 448 152
90 352 90
55 512 52
187 216 184
251 417 248
149 242 146
18 512 18
113 472 110
97 165 94
127 496 124
63 361 60
228 511 228
369 416 366
483 503 480
4 23 4
261 509 258
3 285 1
23 136 20
285 391 282
491 495 488
314 500 314
35 175 32
409 421 406
83 452 80
259 493 256
77 133 74
205 297 202
459 501 456
168 238 168
249 271 246
211 468 208
228 499 228
329 473 326
8 166 8
187 381 184
11 348 8
206 512 206
289 416 286
207 392 204
33 330 30
427 432 424
202 443 202
232 512 232
202 287 202
46 49 46
351 489 348
91 228 88
105 441 102
147 455 144
29 391 26
325 475 322
78 79 76
436 475 436
261 382 258
405 502 402
336 491 336
25 143 22
156 350 156
58 223 58
456 457 454
205 336 202
214 379 214
231 465 228
24 138 24
285 291 282
277 465 274
101 314 98
330 353 330
14 356 14
459 468 456
13 418 10
225 238 222
271 432 268
61 190 58
50 57 50
115 153 112
123 224 120
32 171 32
52 148 52
363 365 360
146 504 146
70 419 70
450 467 450
233 481 230
8 128 8
382 512 382
255 434 252
85 363 82
253 410 250
2 24 2
123 140 120
73 96 70
20 377 20
482 483 480
478 512 478
38 86 38
210 351 210
296 457 296
138 381 138
479 498 476
300 345 300
44 197 44
75 388 72
245 381 242
56 499 56
277 302 274
267 296 264
272 361 272
65 452 62
215 385 212
15 303 12
65 261 62
141 288 138
5 171 2
110 362 110
95 307 92
118 418 118
276 299 276
247 344 244
38 69 38
59 175 56
143 154 140
53 409 50
78 167 78
14 28 14
33 81 30
34 127 34
195 373 192
225 241 222
319 423 316
99 445 96
365 395 362
120 359 120
471 485 468
301 410 298
225 333 222
125 137 122
363 451 360
15 101 12
277 489 274
137 342 134
382 454 382
87 490 84
155 440 152
148 294 148
437 439 434
284 512 284
207 290 204
75 460 72
73 466 70
395 491 392
198 292 198
81 261 78
209 419 206
83 428 80
89 344 86
383 400 380
8 14 8
13 428 10
105 377 102
246 407 246
133 389 130
209 353 206
309 487 306
353 479 350
365 498 362
329 489 326
42 52 42
182 393 182
209 314 206
197 409 194
90 159 90
241 479 238
72 280 72
441 452 438
469 488 466
87 114 84
183 361 180
251 252 248
172 194 172
393 411 390
94 224 94
296 319 296
137 199 134
395 405 392
311 423 308
48 202 48
477 505 474
269 422 266
344 345 342
105 369 102
419 478 416
254 332 254
45 308 42
55 143 52
162 206 162
86 184 86
161 332 158
331 468 328
467 485 464
249 266 246
35 201 32
171 485 168
335 418 332
292 466 292
144 473 144
461 510 458
307 418 304
119 244 116
7 397 4
50 149 50
16 488 16
285 462 282
146 436 146
123 218 120
94 388 94
184 222 184
264 265 262
101 155 98
133 496 130
64 199 64
138 426 138
143 444 140
251 499 248
65 249 62
298 299 296
195 331 192
359 383 356
25 212 22
433 460 430
53 97 50
11 235 8
275 337 272
257 319 254
329 379 326
158 472 158
207 274 204
137 490 134
443 454 440
69 89 66
274 328 274
185 454 182
95 98 92
1 199 1
377 412 374
57 369 54
154 294 154
44 449 44
275 438 272
276 368 276
138 140 138
208 470 208
151 218 148
17 428 14
149 468 146
354 416 354
44 45 42
159 360 156
231 259 228
216 344 216
265 505 262
495 504 492
107 214 104
232 450 232
237 238 234
5 489 2
76 83 76
308 437 308
419 492 416
381 450 378
407 413 404
3 46 1
200 234 200
104 378 104
11 106 8
186 202 186
173 199 170
399 452 396
309 354 306
405 411 402
168 217 168
287 406 284
58 63 58
2 350 2
141 229 138
279 319 276
79 285 76
274 463 274
213 308 210
41 257 38
110 169 110
357 366 354
399 484 396
172 202 172
60 237 60
223 380 220
273 468 270
493 505 490
245 507 242
348 512 348
284 324 284
105 452 102
238 326 238
64 148 64
245 502 242
124 127 124
467 493 464
70 82 70
226 440 226
43 152 40
314 400 314
129 130 126
239 292 236
84 297 84
11 398 8
215 399 212
70 158 70
120 121 118
235 297 232
185 512 182
147 486 144
371 409 368
247 379 244
301 438 298
127 399 124
246 326 246
144 312 144
349 405 346
109 222 106
36 410 36
31 103 28
291 507 288
7 68 4
82 301 82
131 448 128
258 259 256
125 239 122
141 410 138
323 332 320
146 397 146
85 286 82
213 378 210
23 270 20
240 244 240
279 452 276
101 310 98
59 503 56
215 442 212
105 327 102
13 59 10
51 439 48
108 154 108
40 130 40
275 296 272
240 445 240
24 45 24
299 473 296
172 491 172
199 356 196
70 194 70
148 328 148
62 172 62
126 142 126
157 327 154
389 424 386
71 489 68
55 319 52
263 366 260
476 512 476
132 155 132
102 180 102
11 265 8
163 194 160
58 193 58
128 222 128
216 427 216
104 212 104
32 289 32
40 346 40
396 491 396
351 501 348
14 138 14
233 261 230
180 408 180
435 505 432
368 454 368
270 277 270
325 474 322
198 512 198
86 128 86
169 320 166
437 485 434
20 31 20
293 296 290
381 458 378
467 472 464
195 295 192
271 366 268
279 420 276
25 61 22
141 362 138
125 392 122
242 457 242
141 492 138
90 370 90
432 433 430
76 135 76
127 284 124
44 58 44
125 510 122
246 247 244
257 294 254
53 96 50
313 437 310
79 117 76
465 468 462
367 489 364
421 430 418
188 469 188
6 512 6
222 376 222
81 153 78
294 295 292
423 432 420
1 258 1
33 244 30
281 335 278
473 492 470
319 378 316
113 389 110
253 287 250
89 310 86
257 448 254
157 354 154
45 420 42
391 397 388
40 327 40
221 342 218
350 512 350
331 381 328
62 121 62
109 449 106
31 381 28
162 512 162
297 426 294
59 87 56
165 184 162
149 223 146
49 275 46
371 396 368
209 454 206
117 241 114
3 9 1
283 427 280
215 463 212
13 291 10
44 256 44
222 460 222
344 382 344
127 313 124
369 459 366
231 235 228
171 219 168
112 116 112
209 272 206
298 443 298
246 329 246
161 307 158
127 510 124
27 255 24
4 108 4
161 437 158
37 443 34
122 261 122
135 472 132
53 140 50
219 450 216
267 320 264
268 377 268
281 329 278
199 406 196
197 461 194
259 304 256
315 398 312
107 396 104
421 447 418
128 141 128
16 164 16
271 468 268
367 378 364
324 364 324
18 380 18
41 112 38
151 395 148
395 511 392
76 149 76
150 490 150
483 511 480
423 427 420
68 481 68
433 477 430
59 254 56
69 477 66
459 505 456
233 378 230
231 383 228
36 298 36
120 163 120
383 497 380
102 250 102
351 508 348
106 191 106
12 476 12
306 406 306
251 458 248
205 304 202
27 360 24
21 424 18
21 368 18
37 215 34
309 393 306
31 85 28
54 79 54
384 442 384
135 321 132
104 244 104
270 509 270
1 158 1
140 356 140
295 323 292
20 99 20
133 498 130
216 419 216
397 471 394
158 246 158
233 498 230
48 379 48
245 247 242
250 342 250
121 163 118
171 457 168
293 434 290
159 253 156
201 324 198
377 458 374
199 362 196
55 287 52
73 391 70
71 143 68
385 455 382
421 495 418
188 225 188
399 494 396
325 361 322
391 476 388
431 460 428
215 217 212
57 469 54
72 88 72
166 392 166
412 502 412
8 53 8
118 220 118
427 430 424
41 448 38
234 419 234
383 445 380
379 398 376
68 179 68
15 355 12
115 244 112
475 502 472
317 449 314
259 437 256
2 245 2
183 228 180
243 438 240
323 429 320
130 291 130
180 271 180
239 349 236
177 190 174
27 202 24
14 331 14
143 271 140
10 170 10
165 257 162
68 290 68
134 381 134
167 358 164
49 439 46
114 314 114
27 99 24
236 357 236
183 288 180
295 431 292
10 401 10
373 510 370
377 472 374
163 175 160
288 379 288
119 261 116
32 38 32
163 357 160
344 491 344
180 213 180
104 480 104
61 429 58
216 389 216
435 450 432
321 437 318
269 334 266
459 503 456
188 440 188
46 119 46
86 290 86
375 451 372
258 299 258
46 102 46
245 489 242
108 120 108
355 390 352
122 351 122
276 317 276
161 421 158
272 465 272
115 475 112
73 157 70
90 179 90
357 404 354
14 75 14
165 390 162
37 448 34
142 259 142
9 283 6
39 173 36
163 269 160
380 461 380
229 252 226
37 184 34
138 418 138
305 363 302
40 215 40
437 479 434
135 149 132
201 207 198
65 418 62
26 336 26
231 458 228
98 452 98
265 394 262
265 454 262
82 85 82
107 394 104
13 249 10
325 430 322
365 493 362
253 510 250
46 281 46
270 502 270
75 435 72
505 511 502
417 502 414
258 485 258
13 125 10
445 500 442
159 464 156
7 421 4
45 148 42
24 82 24
213 452 210
90 234 90
98 509 98
61 384 58
217 255 214
401 453 398
467 500 464
5 44 2
218 368 218
231 304 228
316 422 316
341 363 338
153 353 150
96 347 96
65 439 62
392 512 392
47 262 44
377 393 374
296 330 296
38 416 38
173 476 170
76 165 76
199 478 196
307 379 304
194 512 194
87 307 84
419 483 416
55 228 52
119 306 116
137 387 134
237 406 234
148 456 148
459 500 456
443 511 440
433 449 430
61 391 58
449 487 446
105 166 102
197 352 194
274 349 274
198 363 198
161 430 158
10 406 10
285 301 282
77 393 74
335 369 332
117 465 114
91 200 88
43 159 40
233 303 230
411 467 408
307 308 304
249 306 246
181 446 178
351 360 348
73 281 70
304 421 304
8 11 8
95 412 92
112 229 112
38 409 38
126 237 126
2 442 2
385 449 382
403 462 400
104 512 104
354 408 354
130 462 130
327 378 324
115 478 112
278 331 278
167 493 164
139 450 136
91 475 88
209 512 206
123 311 120
293 374 290
217 286 214
323 444 320
303 304 300
60 271 60
316 401 316
140 350 140
186 187 184
129 225 126
353 480 350
124 452 124
315 504 312
57 296 54
300 404 300
327 356 324
27 258 24
113 314 110
34 429 34
79 260 76
262 512 262
156 161 156
304 357 304
83 343 80
396 485 396
235 285 232
91 225 88
69 135 66
397 468 394
108 157 108
195 301 192
15 56 12
255 465 252
81 312 78
73 415 70
182 250 182
6 41 6
76 346 76
290 348 290
20 254 20
449 470 446
349 368 346
379 428 376
107 321 104
40 485 40
71 78 68
26 92 26
343 364 340
142 431 142
257 364 254
117 425 114
167 173 164
336 512 336
103 124 100
101 182 98
275 381 272
21 206 18
175 479 172
389 413 386
218 430 218
238 334 238
189 460 186
474 512 474
293 493 290
333 460 330
62 406 62
25 275 22
247 471 244
220 448 220
145 212 142
163 401 160
8 50 8
203 461 200
7 202 4
79 181 76
369 386 366
6 159 6
225 344 222
140 269 140
411 481 408
30 429 30
213 512 210
224 267 224
86 228 86
397 399 394
84 228 84
52 407 52
35 173 32
7 308 4
137 304 134
63 67 60
413 446 410
156 157 154
64 102 64
125 338 122
129 442 126
170 491 170
97 157 94
32 165 32
140 277 140
343 414 340
23 491 20
51 225 48
273 383 270
13 132 10
237 351 234
104 494 104
435 458 432
34 234 34
449 452 446
213 461 210
91 220 88
435 508 432
275 306 272
107 409 104
23 294 20
347 471 344
65 229 62
235 329 232
220 248 220
27 165 24
315 477 312
195 204 192
351 457 348
139 199 136
204 209 204
323 499 320
281 340 278
317 439 314
445 449 442
119 365 116
185 195 182
449 499 446
250 313 250
477 480 474
23 112 20
423 508 420
416 512 416
157 306 154
77 310 74
261 374 258
203 347 200
137 512 134
299 332 296
44 135 44
1 10 1
207 432 204
224 313 224
468 474 468
330 444 330
328 453 328
150 408 150
215 366 212
189 472 186
104 311 104
95 213 92
405 509 402
55 436 52
256 285 256
329 345 326
87 346 84
200 439 200
262 276 262
477 504 474
435 451 432
364 449 364
14 510 14
128 234 128
180 216 180
367 384 364
4 6 4
209 442 206
383 460 380
8 165 8
103 362 100
137 371 134
107 204 104
211 231 208
296 377 296
285 423 282
152 372 152
267 509 264
327 392 324
95 149 92
122 353 122
168 182 168
31 327 28
245 365 242
6 100 6
180 301 180
309 375 306
150 380 150
127 472 124
305 471 302
225 402 222
149 164 146
477 483 474
191 281 188
48 480 48
175 325 172
127 418 124
297 306 294
204 206 204
33 298 30
243 456 240
495 512 492
241 438 238
177 189 174
345 368 342
50 155 50
418 506 418
205 446 202
349 492 346
44 98 44
190 434 190
199 241 196
201 471 198
166 512 166
41 503 38
87 219 84
296 297 294
143 371 140
32 358 32
287 484 284
469 485 466
221 495 218
66 195 66
170 425 170
182 344 182
19 36 16
170 222 170
177 343 174
63 81 60
56 264 56
237 379 234
169 180 166
154 240 154
113 146 110
119 323 116
3 348 1
127 377 124
18 41 18
17 340 14
62 216 62
74 234 74
229 499 226
199 419 196
476 477 474
141 490 138
81 350 78
309 440 306
120 143 120
109 485 106
203 434 200
469 484 466
88 197 88
229 395 226
227 346 224
467 501 464
23 336 20
36 481 36
164 170 164
267 326 264
8 493 8
239 497 236
331 388 328
137 284 134
409 450 406
124 209 124
112 181 112
108 183 108
50 361 50
461 469 458
220 304 220
31 413 28
175 215 172
196 452 196
173 475 170
101 306 98
218 317 218
445 509 442
275 378 272
296 460 296
159 268 156
106 214 106
372 507 372
76 173 76
100 134 100
40 93 40
63 385 60
5 72 2
241 242 238
400 431 400
54 95 54
58 426 58
121 382 118
63 190 60
128 231 128
371 486 368
392 423 392
410 430 410
42 302 42
11 512 8
285 475 282
437 459 434
237 267 234
174 221 174
257 343 254
5 78 2
121 512 118
21 230 18
387 430 384
91 241 88
394 426 394
7 387 4
4 21 4
126 177 126
42 74 42
195 485 192
157 169 154
376 488 376
9 371 6
156 381 156
35 62 32
452 482 452
72 464 72
10 38 10
249 383 246
144 373 144
263 509 260
149 361 146
133 501 130
173 188 170
261 512 258
269 305 266
99 246 96
141 345 138
250 311 250
10 42 10
175 201 172
48 422 48
194 399 194
245 328 242
185 431 182
333 400 330
423 454 420
109 335 106
24 375 24
409 474 406
105 371 102
32 210 32
345 393 342
191 192 188
180 291 180
251 322 248
294 398 294
231 288 228
341 493 338
352 472 352
463 473 460
345 502 342
149 253 146
127 155 124
245 469 242
150 303 150
433 463 430
33 446 30
263 407 260
12 265 12
89 493 86
240 409 240
279 476 276
226 455 226
493 512 490
331 448 328
151 359 148
417 463 414
65 421 62
60 274 60
47 415 44
293 423 290
22 197 22
182 464 182
7 42 4
191 484 188
438 465 438
277 450 274
80 419 80
411 497 408
423 491 420
285 410 282
6 67 6
8 512 8
99 385 96
76 411 76
373 464 370
66 320 66
225 301 222
231 512 228
129 326 126
209 343 206
163 274 160
245 333 242
399 465 396
205 348 202
6 29 6
391 495 388
36 117 36
108 511 108
14 181 14
123 350 120
31 406 28
121 392 118
25 488 22
26 130 26
355 383 352
255 357 252
79 205 76
165 467 162
374 470 374
93 245 90
394 416 394
210 266 210
278 313 278
107 268 104
161 479 158
497 510 494
89 431 86
413 457 410
54 380 54
135 159 132
30 256 30
13 299 10
145 233 142
483 488 480
289 304 286
148 213 148
389 407 386
154 243 154
354 356 354
257 410 254
249 488 246
217 320 214
480 506 480
9 158 6
159 166 156
62 188 62
194 391 194
16 73 16
12 32 12
326 411 326
110 426 110
219 284 216
389 416 386
141 290 138
338 406 338
257 494 254
40 155 40
221 394 218
229 246 226
2 19 2
157 236 154
321 376 318
413 468 410
10 16 10
355 454 352
113 497 110
289 337 286
61 392 58
232 463 232
164 383 164
120 414 120
277 496 274
207 246 204
147 292 144
461 507 458
383 390 380
247 496 244
279 407 276
119 256 116
347 412 344
225 365 222
102 192 102
118 120 118
151 272 148
148 341 148
10 66 10
178 429 178
157 273 154
75 492 72
60 297 60
136 202 136
100 388 100
224 446 224
91 119 88
360 406 360
72 387 72
160 253 160
50 61 50
217 326 214
479 499 476
313 333 310
54 260 54
221 253 218
292 364 292
297 509 294
36 234 36
3 327 1
5 156 2
41 402 38
36 121 36
399 501 396
298 399 298
367 422 364
393 462 390
108 420 108
46 336 46
139 277 136
277 393 274
217 336 214
213 402 210
85 225 82
463 486 460
245 418 242
138 384 138
215 367 212
356 407 356
88 477 88
27 246 24
180 234 180
246 335 246
22 252 22
47 87 44
279 335 276
88 465 88
253 364 250
443 478 440
42 141 42
145 387 142
161 496 158
330 348 330
361 469 358
217 261 214
477 512 474
301 340 298
133 372 130
359 451 356
30 72 30
232 285 232
461 478 458
61 220 58
207 461 204
253 256 250
387 449 384
41 66 38
221 246 218
38 238 38
77 237 74
431 461 428
53 245 50
108 283 108
39 298 36
10 422 10
143 277 140
481 503 478
367 506 364
205 407 202
469 511 466
200 424 200
34 235 34
395 512 392
63 401 60
144 267 144
351 451 348
123 420 120
357 465 354
159 305 156
373 380 370
20 340 20
101 512 98
35 335 32
349 455 346
78 276 78
91 387 88
125 148 122
180 370 180
111 197 108
151 287 148
211 293 208
433 438 430
38 207 38
8 12 8
66 126 66
157 337 154
234 354 234
148 177 148
170 288 170
348 349 346
408 436 408
139 223 136
181 311 178
305 492 302
160 295 160
113 494 110
198 297 198
317 343 314
132 364 132
190 511 190
292 439 292
174 482 174
343 387 340
263 508 260
166 327 166
158 221 158
431 478 428
17 350 14
66 173 66
8 23 8
257 379 254
70 204 70
151 208 148
209 463 206
219 244 216
47 270 44
147 157 144
227 450 224
332 335 332
60 169 60
73 79 70
497 498 494
255 379 252
119 455 116
377 379 374
245 273 242
155 320 152
277 377 274
475 503 472
319 416 316
353 425 350
131 309 128
345 347 342
389 496 386
14 308 14
119 140 116
187 420 184
184 290 184
207 440 204
107 405 104
146 264 146
201 368 198
364 509 364
331 374 328
8 153 8
4 45 4
153 349 150
165 279 162
372 395 372
199 443 196
197 468 194
159 385 156
198 482 198
1 35 1
321 367 318
68 510 68
487 500 484
143 156 140
29 373 26
249 410 246
211 447 208
38 499 38
237 394 234
89 377 86
94 213 94
235 492 232
121 327 118
327 377 324
103 326 100
229 360 226
47 306 44
243 502 240
140 281 140
289 445 286
45 63 42
499 511 496
243 467 240
307 404 304
429 434 426
113 293 110
89 150 86
6 343 6
197 243 194
233 333 230
214 386 214
12 75 12
14 326 14
107 199 104
168 503 168
313 375 310
204 246 204
157 241 154
94 366 94
123 254 120
194 294 194
46 402 46
169 345 166
109 327 106
221 405 218
467 499 464
18 365 18
39 201 36
39 326 36
299 329 296
77 334 74
149 177 146
154 324 154
59 84 56
399 479 396
419 432 416
26 384 26
137 162 134
71 498 68
411 483 408
202 330 202
303 477 300
104 344 104
135 237 132
138 358 138
51 343 48
307 339 304
142 173 142
437 507 434
102 458 102
449 478 446
70 281 70
460 512 460
1 187 1
188 287 188
8 101 8
135 208 132
238 426 238
157 171 154
165 495 162
245 277 242
434 510 434
403 486 400
75 404 72
202 315 202
276 277 274
55 172 52
237 242 234
15 412 12
18 178 18
226 351 226
218 372 218
323 421 320
341 348 338
265 440 262
409 444 406
141 200 138
43 406 40
95 504 92
427 470 424
66 103 66
100 511 100
31 63 28
382 501 382
357 441 354
41 260 38
271 457 268
254 485 254
92 112 92
148 416 148
9 55 6
318 355 318
337 443 334
103 146 100
214 482 214
189 298 186
171 328 168
81 337 78
248 491 248
134 135 132
322 393 322
197 252 194
168 221 168
54 283 54
173 410 170
21 320 18
150 403 150
51 119 48
282 402 282
377 480 374
18 463 18
368 465 368
225 246 222
271 388 268
221 300 218
369 500 366
230 238 230
261 345 258
437 440 434
156 174 156
173 511 170
291 462 288
503 506 500
302 419 302
385 454 382
213 393 210
303 493 300
114 512 114
83 84 80
122 128 122
339 496 336
84 467 84
90 265 90
10 243 10
42 174 42
7 347 4
27 508 24
393 446 390
10 216 10
12 126 12
420 468 420
257 444 254
345 384 342
36 363 36
385 470 382
81 306 78
63 470 60
95 439 92
89 162 86
252 324 252
359 404 356
391 469 388
79 133 76
132 378 132
199 424 196
227 501 224
151 375 148
249 386 246
81 421 78
419 440 416
181 264 178
311 406 308
357 379 354
409 423 406
119 254 116
449 503 446
92 371 92
301 370 298
147 481 144
14 377 14
314 425 314
497 512 494
71 450 68
278 512 278
235 317 232
88 366 88
423 501 420
53 183 50
380 381 378
162 355 162
119 414 116
271 325 268
82 130 82
64 311 64
57 180 54
358 422 358
259 370 256
73 199 70
466 474 466
379 404 376
168 245 168
164 405 164
289 319 286
2 321 2
66 104 66
20 76 20
321 350 318
267 317 264
446 465 446
84 101 84
47 253 44
318 366 318
247 412 244
388 408 388
111 451 108
11 60 8
124 291 124
299 383 296
95 502 92
51 405 48
239 467 236
326 446 326
319 370 316
149 338 146
389 418 386
37 410 34
72 95 72
344 474 344
506 512 506
246 428 246
259 323 256
219 402 216
389 495 386
445 512 442
96 335 96
184 195 184
189 471 186
2 426 2
293 431 290
112 481 112
121 461 118
238 349 238
118 295 118
91 459 88
117 354 114
139 150 136
327 512 324
189 301 186
47 48 44
283 358 280
297 463 294
39 348 36
44 400 44
363 424 360
267 471 264
445 450 442
158 316 158
177 470 174
137 196 134
328 441 328
218 363 218
161 239 158
398 512 398
289 300 286
258 331 258
457 504 454
51 200 48
150 176 150
114 181 114
25 67 22
142 286 142
34 119 34
89 286 86
341 431 338
60 317 60
130 166 130
89 142 86
18 362 18
135 373 132
403 430 400
467 497 464
485 489 482
325 497 322
111 310 108
222 431 222
215 218 212
15 69 12
16 106 16
273 491 270
141 432 138
25 46 22
46 89 46
223 314 220
28 120 28
155 510 152
193 502 190
463 508 460
183 454 180
222 508 222
73 355 70
236 341 236
275 304 272
273 483 270
109 512 106
166 177 166
412 430 412
30 226 30
233 335 230
193 277 190
243 278 240
259 302 256
47 373 44
168 512 168
37 254 34
99 294 96
2 300 2
9 324 6
44 77 44
182 317 182
205 464 202
262 302 262
85 262 82
113 405 110
114 125 114
30 501 30
196 378 196
8 106 8
29 451 26
204 457 204
229 304 226
45 508 42
143 437 140
447 498 444
405 480 402
113 452 110
226 272 226
176 235 176
213 250 210
413 484 410
471 510 468
107 139 104
85 283 82
444 512 444
253 466 250
123 398 120
75 232 72
159 325 156
343 474 340
125 127 122
11 383 8
299 411 296
345 391 342
181 366 178
39 360 36
63 258 60
162 496 162
371 480 368
285 435 282
413 449 410
449 471 446
79 436 76
319 359 316
102 394 102
149 197 146
112 292 112
137 389 134
407 460 404
461 463 458
31 304 28
409 498 406
92 170 92
28 126 28
483 504 480
291 443 288
7 358 4
137 379 134
159 238 156
233 471 230
188 511 188
317 341 314
40 194 40
99 424 96
113 198 110
184 223 184
187 459 184
65 485 62
199 296 196
7 142 4
26 333 26
44 512 44
157 460 154
87 213 84
132 380 132
219 224 216
364 460 364
469 497 466
123 307 120
186 352 186
166 300 166
93 356 90
149 180 146
83 124 80
120 255 120
27 228 24
11 195 8
307 332 304
406 470 406
205 335 202
109 250 106
113 471 110
53 326 50
252 445 252
244 428 244
101 254 98
51 339 48
12 23 12
199 336 196
145 469 142
77 78 74
353 449 350
413 415 410
285 507 282
302 502 302
305 402 302
399 409 396
246 290 246
281 508 278
271 442 268
93 411 90
114 122 114
329 433 326
403 454 400
43 89 40
24 484 24
459 471 456
293 484 290
315 355 312
343 433 340
3 120 1
177 442 174
10 15 10
47 354 44
159 199 156
176 222 176
325 512 322
145 322 142
175 383 172
44 441 44
121 158 118
100 393 100
353 364 350
188 244 188
26 45 26
438 441 438
137 194 134
493 511 490
98 425 98
473 484 470
97 512 94
151 197 148
4 7 4
60 269 60
112 296 112
34 128 34
245 270 242
320 321 318
350 381 350
245 341 242
297 396 294
322 368 322
296 305 296
148 274 148
297 420 294
167 427 164
196 222 196
228 446 228
14 52 14
213 431 210
131 168 128
417 474 414
146 233 146
238 310 238
4 313 4
212 303 212
437 462 434
411 424 408
370 488 370
425 444 422
247 352 244
471 505 468
66 115 66
128 456 128
249 462 246
54 495 54
191 304 188
44 61 44
286 413 286
162 315 162
257 263 254
127 163 124
140 357 140
27 488 24
199 242 196
122 421 122
165 449 162
116 282 116
91 285 88
44 119 44
46 58 46
382 477 382
24 279 24
287 294 284
126 446 126
89 221 86
357 409 354
7 325 4
50 143 50
102 103 100
450 464 450
23 361 20
139 352 136
75 89 72
58 216 58
142 203 142
182 290 182
211 226 208
347 437 344
176 327 176
111 257 108
8 233 8
130 153 130
8 148 8
202 297 202
333 389 330
348 432 348
98 297 98
479 503 476
334 404 334
293 367 290
1 463 1
33 507 30
284 316 284
401 469 398
97 148 94
102 116 102
257 261 254
283 446 280
44 56 44
363 368 360
300 435 300
150 507 150
224 306 224
167 467 164
461 482 458
20 44 20
161 229 158
470 509 470
126 357 126
15 385 12
147 174 144
399 477 396
255 300 252
285 468 282
20 35 20
117 501 114
306 329 306
407 455 404
82 250 82
31 277 28
15 326 12
455 493 452
1 47 1
33 40 30
287 384 284
155 408 152
64 219 64
20 38 20
393 436 390
437 468 434
1 460 1
20 83 20
321 498 318
139 476 136
149 240 146
73 201 70
181 213 178
125 135 122
40 266 40
99 481 96
153 497 150
36 441 36
32 457 32
377 492 374
423 444 420
22 69 22
35 361 32
242 388 242
92 154 92
110 335 110
109 496 106
115 457 112
471 512 468
82 360 82
433 491 430
307 504 304
86 223 86
40 80 40
359 373 356
77 463 74
339 493 336
219 271 216
64 169 64
85 415 82
39 325 36
333 512 330
314 427 314
153 355 150
8 63 8
2 463 2
97 356 94
40 345 40
393 448 390
58 67 58
95 215 92
123 410 120
69 492 66
401 455 398
303 358 300
145 155 142
97 422 94
311 468 308
183 250 180
25 480 22
425 480 422
59 170 56
351 359 348
240 386 240
136 316 136
469 503 466
16 489 16
463 488 460
253 356 250
1 102 1
205 451 202
187 509 184
124 494 124
275 415 272
62 282 62
28 401 28
111 478 108
171 394 168
47 489 44
219 270 216
1 2 1
44 108 44
50 115 50
316 512 316
344 414 344
183 257 180
115 437 112
95 294 92
354 474 354
133 506 130
33 232 30
147 246 144
125 275 122
311 441 308
261 302 258
417 434 414
116 173 116
57 285 54
94 108 94
145 349 142
221 317 218
103 332 100
283 303 280
133 499 130
223 468 220
166 176 166
91 271 88
141 184 138
241 314 238
58 201 58
211 374 208
282 404 282
293 335 290
235 441 232
129 180 126
49 97 46
334 478 334
224 409 224
118 214 118
268 457 268
249 431 246
134 251 134
95 258 92
56 108 56
391 449 388
80 111 80
429 486 426
56 178 56
367 401 364
385 394 382
321 373 318
226 435 226
113 310 110
79 506 76
260 338 260
309 333 306
81 488 78
185 363 182
415 466 412
439 461 436
63 64 60
439 478 436
20 412 20
147 446 144
339 460 336
118 223 118
224 426 224
175 216 172
179 508 176
385 387 382
233 384 230
244 262 244
172 292 172
3 420 1
56 318 56
99 314 96
176 434 176
209 236 206
84 330 84
90 350 90
6 39 6
360 391 360
174 260 174
163 335 160
189 329 186
381 436 378
283 359 280
98 309 98
303 368 300
63 186 60
12 42 12
20 113 20
249 374 246
315 321 312
417 497 414
128 235 128
267 429 264
339 377 336
182 205 182
275 281 272
345 512 342
361 449 358
301 456 298
144 490 144
157 489 154
99 500 96
61 279 58
273 398 270
306 314 306
147 346 144
243 505 240
107 210 104
182 429 182
323 471 320
207 228 204
81 348 78
416 471 416
439 500 436
51 185 48
203 274 200
317 490 314
25 313 22
443 446 440
426 431 426
381 488 378
265 289 262
337 512 334
273 293 270
84 392 84
142 143 140
285 318 282
293 425 290
60 409 60
262 440 262
56 512 56
20 168 20
5 214 2
158 512 158
96 181 96
261 503 258
63 77 60
401 496 398
47 287 44
148 218 148
165 209 162
339 397 336
275 310 272
261 468 258
431 512 428
57 512 54
327 395 324
140 388 140
39 427 36
79 357 76
170 286 170
351 475 348
198 390 198
348 436 348
442 467 442
141 315 138
54 132 54
64 317 64
288 482 288
193 236 190
360 512 360
121 160 118
328 503 328
204 354 204
244 483 244
281 473 278
75 368 72
255 336 252
409 478 406
194 433 194
28 37 28
260 512 260
98 206 98
204 395 204
22 199 22
44 54 44
114 168 114
316 435 316
185 480 182
339 430 336
325 439 322
153 491 150
205 222 202
22 230 22
374 486 374
157 497 154
447 512 444
323 488 320
341 482 338
351 368 348
143 499 140
136 141 136
177 224 174
52 409 52
212 424 212
85 300 82
63 235 60
485 500 482
381 397 378
214 501 214
201 413 198
168 487 168
47 113 44
265 453 262
3 265 1
59 427 56
8 218 8
266 305 266
99 267 96
45 151 42
359 457 356
363 462 360
8 186 8
428 505 428
125 241 122
5 114 2
228 505 228
151 284 148
207 250 204
347 436 344
14 199 14
119 124 116
172 316 172
132 296 132
48 285 48
112 202 112
431 433 428
255 318 252
175 510 172
197 373 194
443 493 440
126 508 126
200 289 200
173 191 170
105 511 102
19 512 16
3 373 1
188 409 188
15 113 12
249 328 246
39 340 36
491 505 488
138 342 138
427 503 424
251 440 248
69 416 66
80 267 80
13 489 10
198 249 198
351 387 348
55 494 52
24 510 24
24 246 24
286 323 286
176 353 176
208 358 208
332 449 332
217 368 214
242 274 242
8 130 8
263 453 260
239 272 236
115 299 112
180 252 180
241 320 238
441 456 438
127 287 124
297 477 294
50 504 50
95 465 92
12 314 12
232 366 232
454 461 454
120 410 120
122 285 122
299 469 296
277 355 274
7 221 4
206 422 206
228 310 228
84 416 84
134 149 134
274 306 274
402 431 402
21 477 18
217 247 214
83 92 80
273 319 270
69 434 66
208 504 208
133 374 130
391 507 388
207 363 204
226 508 226
230 367 230
192 402 192
314 361 314
164 298 164
25 464 22
149 340 146
83 491 80
113 425 110
53 455 50
329 437 326
58 164 58
178 377 178
161 323 158
227 418 224
239 344 236
27 512 24
312 496 312
99 146 96
6 289 6
352 501 352
237 416 234
164 204 164
123 324 120
153 445 150
111 241 108
70 212 70
12 78 12
127 217 124
46 288 46
4 31 4
352 449 352
56 116 56
501 507 498
24 326 24
319 344 316
38 154 38
489 490 486
291 459 288
250 505 250
379 472 376
192 241 192
264 379 264
121 495 118
58 293 58
420 421 418
435 501 432
458 472 458
101 362 98
12 20 12
116 293 116
311 510 308
45 241 42
29 511 26
198 227 198
78 181 78
217 282 214
12 39 12
146 400 146
185 256 182
281 489 278
47 242 44
75 446 72
269 282 266
225 337 222
265 282 262
178 230 178
80 503 80
353 488 350
164 491 164
264 393 264
20 392 20
133 466 130
343 453 340
411 461 408
170 419 170
248 430 248
81 406 78
230 485 230
210 237 210
491 512 488
211 261 208
193 310 190
90 357 90
339 459 336
97 312 94
479 495 476
241 500 238
23 79 20
46 161 46
189 303 186
236 390 236
193 334 190
477 503 474
248 414 248
295 432 292
379 437 376
311 366 308
45 157 42
174 213 174
369 462 366
250 405 250
352 395 352
6 374 6
193 512 190
25 425 22
159 271 156
165 285 162
213 325 210
299 320 296
426 445 426
369 485 366
47 129 44
14 364 14
251 427 248
88 160 88
217 468 214
247 361 244
138 380 138
103 432 100
42 152 42
238 395 238
105 169 102
383 432 380
313 408 310
233 353 230
168 389 168
96 208 96
225 412 222
36 362 36
53 113 50
116 294 116
47 247 44
297 385 294
389 480 386
159 397 156
8 359 8
102 156 102
169 364 166
89 202 86
16 286 16
281 444 278
241 274 238
377 419 374
77 455 74
383 420 380
32 302 32
175 315 172
441 468 438
23 80 20
260 308 260
259 361 256
135 322 132
246 272 246
91 324 88
64 159 64
280 310 280
211 218 208
107 299 104
155 218 152
4 98 4
504 505 502
21 39 18
101 109 98
110 126 110
151 430 148
395 483 392
210 400 210
12 169 12
367 485 364
357 367 354
245 268 242
367 388 364
129 381 126
41 65 38
46 115 46
311 332 308
259 482 256
428 489 428
469 474 466
216 509 216
47 387 44
345 380 342
175 471 172
166 334 166
211 445 208
59 135 56
92 95 92
48 413 48
292 293 290
4 81 4
77 195 74
74 446 74
244 426 244
381 441 378
14 19 14
346 458 346
369 422 366
79 408 76
335 362 332
311 461 308
248 388 248
258 370 258
184 437 184
201 288 198
118 357 118
137 322 134
84 428 84
199 322 196
195 208 192
70 242 70
206 207 204
3 288 1
115 484 112
271 300 268
9 321 6
168 378 168
4 382 4
385 479 382
30 61 30
195 381 192
339 423 336
114 171 114
409 440 406
67 208 64
59 388 56
80 118 80
397 441 394
55 310 52
126 274 126
64 319 64
137 392 134
3 464 1
272 405 272
225 386 222
72 214 72
113 115 110
405 461 402
345 412 342
321 336 318
144 468 144
60 69 60
141 158 138
60 136 60
170 231 170
178 375 178
301 327 298
131 353 128
124 281 124
459 480 456
318 443 318
142 484 142
175 367 172
216 238 216
416 487 416
120 159 120
379 512 376
265 392 262
12 19 12
403 476 400
5 435 2
72 73 70
25 120 22
402 482 402
205 396 202
126 253 126
185 477 182
253 472 250
380 416 380
127 452 124
311 451 308
154 303 154
156 298 156
39 207 36
363 441 360
74 260 74
103 127 100
32 116 32
335 409 332
142 255 142
152 425 152
32 84 32
5 301 2
58 310 58
374 434 374
177 178 174
69 348 66
26 228 26
469 478 466
25 475 22
313 512 310
429 442 426
408 409 406
223 423 220
467 504 464
275 500 272
245 403 242
149 471 146
445 494 442
302 409 302
68 128 68
295 348 292
89 352 86
300 379 300
417 446 414
179 225 176
451 512 448
101 145 98
247 371 244
122 199 122
287 413 284
449 465 446
361 407 358
34 136 34
168 240 168
67 354 64
459 463 456
155 422 152
1 57 1
363 480 360
233 319 230
14 152 14
174 492 174
253 325 250
287 292 284
21 493 18
33 395 30
212 213 210
70 147 70
120 454 120
48 104 48
416 501 416
391 415 388
124 301 124
286 362 286
225 349 222
181 499 178
183 394 180
143 170 140
59 206 56
29 506 26
33 303 30
269 272 266
217 250 214
173 299 170
79 465 76
24 193 24
10 145 10
225 322 222
23 400 20
244 454 244
335 494 332
424 510 424
320 367 320
37 96 34
168 209 168
57 274 54
369 487 366
199 283 196
138 500 138
198 362 198
336 501 336
37 488 34
205 340 202
161 362 158
283 385 280
139 297 136
457 490 454
22 512 22
322 445 322
115 150 112
21 105 18
403 497 400
130 298 130
199 512 196
111 229 108
43 130 40
263 488 260
351 465 348
43 209 40
91 366 88
20 139 20
164 338 164
122 146 122
123 280 120
110 339 110
51 124 48
16 470 16
113 287 110
2 41 2
327 452 324
428 453 428
91 478 88
31 93 28
259 447 256
275 482 272
457 499 454
495 510 492
162 255 162
445 493 442
233 439 230
48 292 48
339 482 336
421 432 418
124 296 124
123 144 120
288 360 288
265 405 262
9 164 6
18 120 18
120 155 120
223 420 220
86 140 86
339 407 336
369 438 366
61 297 58
99 230 96
261 348 258
125 332 122
160 494 160
298 306 298
171 367 168
201 438 198
6 58 6
432 493 432
193 293 190
394 434 394
221 329 218
332 398 332
101 350 98
9 499 6
66 510 66
57 78 54
16 17 14
71 180 68
266 485 266
4 102 4
50 370 50
257 341 254
413 491 410
299 485 296
266 333 266
22 433 22
52 105 52
361 504 358
169 311 166
439 483 436
179 423 176
131 151 128
111 342 108
177 450 174
9 512 6
27 384 24
293 454 290
217 464 214
274 372 274
293 358 290
475 496 472
64 502 64
477 481 474
195 359 192
107 162 104
397 491 394
263 273 260
121 150 118
35 220 32
79 347 76
16 224 16
74 440 74
48 68 48
389 487 386
282 283 280
385 460 382
459 512 456
438 512 438
220 221 218
61 229 58
303 305 300
18 403 18
67 435 64
1 259 1
403 456 400
175 317 172
89 313 86
17 147 14
48 475 48
261 506 258
78 144 78
72 485 72
306 398 306
364 376 364
123 259 120
83 326 80
252 512 252
271 355 268
78 186 78
69 86 66
13 360 10
323 397 320
19 493 16
167 293 164
161 336 158
175 512 172
165 291 162
15 437 12
107 374 104
46 65 46
24 149 24
79 220 76
315 452 312
431 435 428
167 328 164
85 365 82
377 450 374
195 198 192
290 317 290
47 114 44
122 123 120
403 435 400
296 323 296
42 185 42
329 419 326
192 389 192
81 434 78
166 345 166
153 290 150
297 326 294
298 359 298
87 200 84
104 127 104
186 471 186
449 497 446
15 239 12
203 480 200
58 449 58
397 476 394
105 503 102
67 88 64
338 345 338
83 420 80
449 475 446
351 376 348
156 412 156
121 448 118
71 164 68
289 506 286
16 54 16
225 414 222
193 441 190
321 449 318
245 353 242
422 465 422
95 336 92
429 481 426
207 489 204
107 111 104
99 277 96
388 504 388
38 210 38
295 448 292
48 125 48
122 181 122
80 301 80
374 512 374
263 290 260
301 329 298
45 396 42
136 333 136
303 430 300
278 488 278
48 226 48
349 361 346
29 481 26
119 512 116
256 279 256
161 201 158
218 286 218
283 510 280
231 455 228
114 151 114
98 232 98
30 339 30
47 290 44
381 497 378
50 218 50
276 398 276
153 407 150
29 432 26
227 457 224
46 50 46
133 208 130
89 109 86
347 389 344
267 368 264
128 383 128
54 75 54
159 358 156
7 374 4
453 472 450
287 448 284
230 308 230
30 333 30
20 196 20
151 186 148
53 450 50
217 381 214
249 267 246
415 478 412
483 499 480
12 186 12
358 414 358
28 86 28
153 380 150
211 450 208
25 351 22
35 346 32
331 413 328
114 262 114
71 478 68
58 243 58
459 472 456
94 107 94
94 376 94
29 72 26
135 311 132
443 475 440
190 298 190
104 279 104
241 462 238
246 352 246
77 158 74
168 200 168
277 430 274
73 269 70
281 404 278
105 313 102
132 157 132
153 508 150
60 212 60
90 398 90
141 389 138
89 211 86
284 408 284
30 130 30
62 365 62
197 496 194
303 509 300
97 440 94
80 81 78
421 465 418
117 409 114
262 368 262
299 449 296
446 500 446
1 8 1
425 427 422
77 299 74
25 83 22
266 466 266
5 310 2
215 353 212
361 382 358
149 412 146
86 462 86
117 244 114
17 472 14
172 484 172
123 257 120
433 456 430
158 475 158
27 417 24
85 105 82
420 510 420
335 452 332
308 373 308
455 465 452
255 424 252
63 442 60
86 148 86
43 446 40
177 408 174
387 393 384
312 370 312
20 336 20
426 483 426
2 162 2
81 377 78
253 461 250
339 437 336
87 304 84
425 469 422
78 165 78
237 250 234
139 261 136
352 453 352
203 233 200
187 334 184
459 476 456
153 240 150
167 274 164
70 124 70
198 256 198
243 246 240
277 380 274
157 471 154
6 181 6
77 275 74
265 318 262
31 131 28
297 490 294
53 494 50
191 261 188
1 112 1
193 265 190
65 319 62
60 216 60
125 473 122
58 348 58
3 48 1
401 461 398
481 500 478
333 510 330
275 308 272
127 281 124
98 172 98
421 492 418
182 285 182
293 366 290
92 188 92
309 369 306
280 464 280
113 367 110
18 73 18
3 213 1
58 183 58
38 510 38
484 502 484
413 499 410
81 484 78
191 306 188
187 383 184
69 443 66
423 486 420
214 494 214
466 467 464
65 442 62
53 362 50
6 141 6
46 66 46
431 493 428
385 444 382
40 63 40
199 207 196
81 185 78
81 238 78
245 356 242
444 473 444
299 436 296
347 356 344
323 419 320
117 249 114
415 497 412
168 187 168
211 348 208
358 466 358
285 401 282
103 426 100
95 295 92
231 295 228
335 411 332
233 297 230
148 501 148
249 501 246
48 430 48
159 441 156
27 83 24
9 385 6
353 460 350
44 104 44
243 483 240
186 274 186
339 355 336
6 64 6
153 324 150
287 348 284
138 282 138
71 184 68
67 332 64
46 250 46
72 334 72
311 467 308
479 512 476
212 251 212
235 423 232
437 453 434
8 80 8
56 89 56
250 368 250
199 495 196
111 458 108
161 355 158
19 88 16
304 512 304
87 139 84
395 452 392
425 501 422
203 313 200
351 490 348
257 332 254
405 474 402
36 243 36
317 500 314
28 57 28
72 402 72
439 481 436
256 388 256
239 410 236
255 480 252
333 468 330
60 210 60
89 462 86
243 274 240
39 133 36
276 471 276
52 432 52
108 223 108
225 484 222
28 298 28
131 509 128
332 478 332
139 384 136
129 191 126
36 316 36
139 160 136
184 216 184
291 370 288
2 397 2
180 344 180
298 342 298
273 448 270
80 180 80
487 512 484
44 490 44
363 504 360
14 290 14
112 120 112
151 494 148
57 314 54
207 451 204
335 469 332
108 165 108
184 197 184
254 358 254
96 317 96
65 143 62
323 386 320
73 501 70
42 184 42
5 493 2
288 386 288
110 139 110
219 289 216
335 420 332
453 493 450
172 250 172
284 443 284
119 122 116
435 506 432
43 437 40
130 131 128
149 408 146
329 436 326
171 454 168
70 114 70
317 409 314
443 508 440
37 366 34
271 503 268
151 166 148
31 114 28
221 380 218
35 385 32
158 388 158
88 217 88
109 452 106
385 511 382
87 315 84
45 99 42
197 469 194
409 410 406
361 510 358
71 207 68
381 434 378
193 511 190
25 354 22
26 66 26
415 454 412
325 456 322
144 146 144
172 501 172
144 469 144
213 458 210
347 362 344
171 434 168
18 343 18
392 497 392
239 424 236
374 452 374
35 304 32
243 339 240
15 490 12
83 403 80
399 455 396
123 202 120
301 507 298
194 286 194
81 462 78
243 452 240
264 291 264
164 194 164
139 464 136
88 305 88
311 450 308
81 441 78
306 442 306
231 360 228
24 108 24
330 442 330
135 215 132
313 454 310
31 289 28
235 236 232
10 388 10
16 28 16
22 59 22
412 500 412
99 345 96
455 499 452
218 408 218
290 512 290
153 326 150
325 508 322
363 421 360
92 511 92
242 324 242
5 458 2
18 249 18
215 238 212
13 99 10
191 232 188
169 292 166
392 407 392
343 473 340
140 280 140
335 449 332
47 486 44
24 132 24
169 319 166
87 424 84
423 465 420
30 40 30
132 139 132
261 381 258
436 504 436
78 84 78
395 501 392
3 284 1
73 353 70
80 507 80
77 321 74
227 236 224
200 451 200
303 442 300
67 319 64
1 15 1
25 118 22
375 482 372
220 387 220
62 252 62
261 482 258
231 437 228
82 182 82
447 510 444
345 497 342
119 139 116
227 273 224
187 239 184
219 425 216
150 167 150
253 482 250
222 283 222
8 33 8
111 336 108
122 355 122
204 465 204
53 172 50
92 248 92
329 502 326
268 417 268
162 373 162
49 401 46
45 291 42
221 248 218
164 237 164
205 273 202
116 351 116
140 389 140
359 493 356
229 488 226
135 277 132
411 465 408
193 389 190
61 440 58
180 351 180
301 357 298
341 440 338
455 470 452
52 443 52
33 301 30
125 347 122
229 404 226
88 253 88
333 373 330
333 440 330
140 296 140
53 371 50
347 405 344
77 512 74
265 311 262
169 508 166
291 494 288
237 476 234
357 371 354
203 478 200
250 359 250
319 495 316
38 212 38
71 165 68
163 448 160
29 486 26
331 380 328
251 493 248
5 292 2
248 249 246
197 423 194
104 155 104
321 344 318
123 289 120
85 177 82
241 281 238
171 231 168
30 355 30
44 285 44
25 493 22
28 422 28
15 351 12
4 142 4
435 504 432
4 226 4
211 356 208
464 465 462
51 137 48
183 255 180
199 375 196
76 84 76
79 512 76
222 329 222
48 84 48
3 369 1
299 342 296
173 504 170
153 404 150
373 425 370
75 386 72
104 389 104
27 112 24
103 358 100
9 471 6
80 262 80
144 407 144
88 149 88
254 416 254
3 491 1
113 496 110
245 416 242
366 411 366
431 503 428
144 428 144
71 373 68
6 170 6
373 391 370
218 279 218
176 413 176
461 480 458
363 398 360
316 494 316
4 14 4
327 371 324
291 512 288
195 417 192
80 120 80
471 496 468
393 396 390
446 458 446
204 266 204
359 463 356
84 484 84
379 384 376
23 120 20
94 103 94
239 443 236
359 445 356
18 63 18
9 234 6
261 476 258
153 256 150
195 395 192
155 397 152
135 493 132
206 395 206
162 367 162
89 273 86
137 151 134
312 339 312
54 298 54
199 405 196
301 398 298
307 470 304
345 346 342
361 374 358
293 474 290
354 370 354
136 214 136
25 168 22
235 498 232
377 424 374
332 376 332
395 437 392
293 440 290
85 126 82
103 477 100
323 345 320
41 465 38
112 147 112
73 346 70
198 443 198
11 136 8
369 407 366
395 463 392
227 473 224
287 429 284
147 298 144
383 494 380
38 384 38
24 253 24
470 502 470
505 509 502
27 386 24
113 445 110
355 497 352
84 155 84
4 39 4
138 334 138
14 112 14
414 486 414
188 288 188
178 507 178
44 146 44
103 138 100
156 171 156
171 459 168
248 407 248
71 174 68
146 395 146
197 463 194
21 428 18
365 417 362
118 438 118
319 490 316
205 412 202
291 338 288
191 430 188
221 344 218
82 357 82
425 466 422
51 103 48
95 245 92
143 447 140
11 205 8
365 445 362
19 153 16
169 392 166
308 355 308
333 401 330
137 203 134
9 433 6
28 62 28
323 445 320
71 490 68
29 154 26
343 424 340
13 407 10
170 245 170
378 512 378
234 286 234
3 309 1
232 428 232
48 205 48
159 462 156
173 261 170
121 136 118
262 282 262
11 127 8
243 299 240
32 280 32
139 208 136
109 509 106
157 474 154
4 78 4
377 406 374
95 349 92
77 305 74
483 485 480
219 342 216
160 180 160
11 288 8
338 355 338
197 364 194
149 434 146
69 346 66
159 446 156
57 82 54
59 173 56
81 122 78
141 368 138
203 467 200
168 440 168
258 512 258
52 328 52
23 405 20
25 485 22
40 282 40
7 143 4
79 109 76
415 462 412
77 103 74
315 352 312
62 98 62
187 285 184
290 406 290
208 419 208
315 393 312
193 432 190
11 21 8
184 512 184
244 316 244
34 113 34
125 372 122
12 52 12
306 335 306
367 368 364
280 495 280
131 374 128
42 132 42
104 214 104
323 416 320
155 186 152
419 430 416
6 31 6
376 407 376
52 512 52
101 486 98
343 379 340
359 454 356
91 101 88
13 134 10
260 410 260
188 408 188
28 102 28
374 476 374
339 378 336
248 317 248
340 436 340
291 402 288
114 344 114
115 293 112
145 377 142
194 309 194
93 374 90
294 467 294
58 127 58
267 404 264
103 374 100
89 151 86
88 371 88
98 238 98
367 510 364
21 213 18
39 500 36
128 504 128
11 320 8
253 478 250
463 497 460
30 33 30
365 443 362
339 435 336
317 447 314
335 512 332
317 322 314
275 453 272
221 393 218
118 233 118
10 409 10
97 241 94
316 365 316
353 501 350
365 412 362
256 317 256
119 138 116
398 490 398
208 311 208
47 203 44
104 233 104
349 471 346
195 394 192
415 486 412
336 402 336
200 271 200
108 510 108
275 322 272
201 446 198
280 434 280
191 255 188
109 503 106
85 370 82
301 305 298
331 393 328
61 399 58
23 281 20
47 190 44
126 132 126
425 491 422
35 154 32
341 469 338
19 56 16
14 27 14
198 304 198
255 482 252
290 484 290
334 407 334
282 372 282
396 456 396
63 239 60
89 212 86
90 450 90
317 465 314
66 438 66
231 272 228
315 391 312
60 105 60
47 339 44
16 326 16
343 354 340
409 467 406
194 425 194
302 425 302
31 226 28
63 343 60
40 388 40
230 392 230
115 472 112
142 399 142
160 463 160
346 347 344
132 317 132
427 465 424
23 224 20
124 359 124
112 338 112
68 113 68
120 240 120
16 37 16
289 504 286
112 284 112
349 416 346
123 169 120
161 451 158
473 481 470
121 293 118
253 445 250
13 61 10
189 343 186
120 435 120
308 462 308
233 349 230
237 435 234
367 507 364
251 278 248
39 403 36
231 271 228
8 103 8
6 74 6
150 233 150
79 313 76
4 24 4
39 248 36
128 323 128
204 421 204
417 507 414
155 211 152
127 355 124
109 193 106
285 310 282
138 512 138
119 506 116
59 496 56
31 288 28
399 438 396
17 184 14
225 243 222
23 64 20
240 333 240
453 500 450
348 475 348
511 512 508
408 428 408
127 383 124
216 358 216
112 165 112
178 424 178
89 466 86
412 428 412
261 379 258
140 294 140
70 92 70
155 474 152
263 281 260
219 377 216
497 511 494
390 491 390
16 408 16
129 317 126
459 485 456
171 467 168
219 443 216
81 88 78
321 413 318
102 127 102
106 269 106
307 371 304
136 184 136
39 68 36
231 351 228
279 342 276
393 440 390
310 479 310
178 373 178
59 208 56
296 421 296
505 508 502
461 481 458
25 195 22
378 493 378
22 131 22
47 271 44
283 418 280
72 155 72
156 169 156
117 218 114
163 432 160
333 507 330
180 416 180
475 507 472
203 355 200
197 357 194
14 257 14
35 262 32
34 456 34
154 211 154
93 150 90
155 268 152
119 289 116
427 488 424
46 462 46
473 510 470
6 193 6
206 447 206
136 204 136
182 321 182
33 485 30
159 223 156
42 396 42
49 150 46
167 180 164
71 512 68
321 330 318
261 442 258
227 271 224
92 163 92
44 88 44
100 258 100
185 337 182
144 367 144
31 243 28
235 404 232
485 508 482
380 482 380
403 425 400
134 448 134
132 134 132
264 449 264
249 276 246
73 484 70
370 392 370
117 396 114
321 409 318
73 133 70
275 315 272
14 411 14
77 476 74
28 202 28
351 375 348
64 309 64
259 407 256
173 375 170
38 90 38
406 499 406
91 512 88
301 512 298
106 464 106
115 422 112
92 293 92
391 430 388
265 290 262
230 464 230
403 453 400
417 476 414
232 267 232
349 398 346
69 158 66
265 436 262
16 129 16
8 441 8
52 103 52
279 501 276
192 194 192
106 134 106
407 439 404
205 394 202
90 192 90
324 336 324
386 478 386
185 498 182
375 469 372
147 294 144
31 330 28
437 508 434
195 354 192
204 216 204
172 398 172
218 418 218
194 284 194
418 509 418
409 504 406
119 142 116
209 360 206
159 356 156
161 278 158
147 512 144
118 203 118
59 267 56
299 400 296
18 479 18
347 395 344
152 169 152
210 252 210
67 201 64
274 509 274
443 463 440
215 393 212
355 512 352
55 181 52
270 475 270
329 511 326
258 457 258
353 379 350
209 451 206
105 141 102
158 508 158
195 509 192
463 477 460
369 449 366
195 238 192
124 237 124
85 455 82
198 288 198
450 475 450
483 512 480
42 475 42
3 472 1
104 345 104
24 142 24
104 372 104
318 361 318
326 417 326
253 379 250
7 215 4
417 464 414
135 396 132
411 439 408
336 444 336
197 449 194
111 232 108
403 483 400
335 341 332
305 400 302
369 490 366
103 220 100
361 460 358
279 324 276
30 147 30
191 328 188
93 512 90
106 280 106
93 254 90
370 401 370
224 296 224
165 348 162
81 164 78
261 465 258
291 500 288
412 481 412
261 301 258
250 284 250
339 390 336
409 428 406
211 441 208
74 512 74
111 212 108
447 450 444
293 305 290
261 262 258
15 170 12
421 464 418
13 385 10
427 440 424
40 84 40
19 183 16
362 494 362
165 417 162
276 394 276
29 469 26
50 152 50
60 338 60
204 442 204
149 300 146
401 423 398
15 264 12
146 273 146
179 428 176
152 362 152
202 248 202
351 433 348
289 455 286
130 281 130
71 420 68
443 444 440
163 508 160
425 489 422
202 340 202
62 475 62
229 349 226
278 408 278
308 393 308
144 272 144
43 465 40
400 423 400
58 276 58
16 59 16
279 354 276
469 505 466
367 481 364
297 443 294
409 419 406
276 495 276
229 253 226
114 312 114
281 480 278
315 386 312
139 206 136
37 512 34
8 27 8
258 419 258
378 447 378
194 488 194
304 499 304
247 280 244
142 296 142
55 97 52
247 430 244
373 484 370
337 415 334
109 424 106
160 200 160
465 495 462
159 361 156
56 426 56
99 119 96
77 324 74
151 429 148
241 346 238
23 248 20
345 487 342
63 301 60
189 385 186
85 114 82
74 491 74
81 251 78
103 348 100
385 452 382
159 194 156
327 332 324
107 297 104
23 448 20
10 87 10
68 331 68
143 182 140
492 512 492
17 56 14
365 484 362
44 52 44
105 261 102
226 466 226
180 243 180
77 388 74
226 278 226
84 510 84
83 334 80
113 332 110
189 410 186
330 484 330
103 176 100
114 477 114
119 302 116
96 151 96
162 282 162
455 468 452
271 509 268
9 311 6
236 351 236
469 510 466
149 152 146
359 499 356
36 100 36
303 352 300
71 213 68
332 421 332
183 389 180
104 179 104
281 502 278
358 395 358
257 260 254
260 266 260
365 424 362
319 429 316
487 490 484
83 309 80
331 474 328
119 267 116
132 168 132
295 422 292
443 466 440
23 395 20
440 452 440
186 387 186
179 500 176
46 261 46
404 405 402
226 318 226
131 298 128
447 479 444
328 463 328
37 476 34
466 487 466
211 419 208
125 404 122
146 355 146
111 263 108
382 422 382
425 451 422
186 512 186
218 492 218
251 423 248
363 452 360
52 177 52
181 272 178
292 462 292
259 358 256
454 456 454
91 277 88
234 387 234
311 350 308
285 340 282
306 307 304
122 381 122
335 462 332
12 50 12
473 474 470
420 512 420
212 505 212
155 215 152
216 488 216
21 40 18
9 422 6
371 474 368
358 503 358
187 358 184
73 283 70
175 252 172
52 451 52
238 443 238
28 386 28
36 400 36
135 182 132
57 92 54
143 189 140
19 159 16
391 460 388
259 497 256
147 237 144
176 279 176
357 476 354
8 44 8
471 473 468
137 266 134
413 472 410
162 260 162
191 259 188
212 512 212
366 487 366
106 462 106
149 343 146
262 314 262
105 242 102
155 290 152
130 195 130
335 361 332
499 504 496
155 380 152
321 450 318
389 439 386
104 144 104
125 336 122
139 192 136
233 351 230
35 214 32
57 315 54
173 489 170
489 493 486
302 453 302
34 423 34
59 265 56
73 333 70
203 204 200
290 296 290
38 259 38
230 271 230
10 61 10
271 430 268
341 426 338
70 271 70
142 174 142
339 342 336
125 274 122
160 166 160
365 369 362
287 505 284
4 17 4
21 512 18
16 324 16
359 375 356
105 179 102
54 345 54
61 336 58
365 458 362
305 414 302
359 441 356
358 478 358
17 66 14
171 386 168
14 96 14
372 486 372
56 176 56
87 322 84
261 485 258
319 324 316
177 180 174
34 260 34
1 27 1
103 285 100
183 187 180
16 199 16
377 388 374
379 413 376
462 463 460
193 481 190
363 461 360
319 348 316
425 481 422
317 363 314
509 510 506
392 506 392
191 266 188
106 150 106
128 133 128
361 381 358
132 282 132
355 506 352
363 502 360
71 456 68
48 74 48
333 367 330
54 323 54
70 512 70
256 283 256
91 107 88
161 477 158
364 369 364
212 284 212
405 424 402
403 419 400
106 504 106
155 257 152
3 182 1
314 346 314
168 212 168
153 166 150
131 234 128
157 512 154
233 499 230
200 227 200
13 112 10
181 382 178
136 169 136
463 491 460
133 134 130
405 418 402
26 195 26
123 332 120
194 322 194
125 440 122
44 267 44
199 399 196
74 182 74
453 488 450
301 503 298
227 510 224
319 492 316
296 462 296
282 401 282
77 160 74
108 114 108
99 284 96
315 494 312
47 303 44
355 503 352
17 110 14
285 418 282
95 357 92
249 502 246
289 373 286
281 417 278
151 233 148
373 506 370
95 122 92
250 477 250
459 490 456
307 458 304
122 332 122
93 330 90
377 443 374
129 420 126
55 484 52
457 500 454
362 512 362
135 325 132
403 414 400
292 361 292
76 244 76
147 443 144
295 390 292
75 346 72
42 166 42
81 172 78
417 480 414
45 88 42
332 477 332
439 452 436
123 294 120
209 337 206
290 381 290
372 392 372
395 402 392
29 183 26
102 463 102
22 77 22
272 408 272
13 442 10
220 284 220
134 271 134
501 506 498
51 265 48
6 409 6
241 327 238
199 239 196
52 108 52
267 350 264
76 95 76
176 488 176
331 339 328
79 219 76
191 297 188
413 500 410
137 273 134
159 261 156
506 507 504
23 381 20
200 478 200
32 449 32
269 496 266
90 257 90
126 198 126
253 302 250
451 500 448
68 177 68
38 428 38
373 437 370
197 318 194
333 357 330
421 497 418
52 62 52
79 483 76
22 25 22
163 187 160
193 480 190
45 91 42
37 133 34
114 115 112
151 328 148
292 388 292
259 470 256
5 479 2
106 164 106
33 415 30
350 373 350
239 377 236
147 459 144
267 277 264
25 421 22
187 498 184
65 304 62
429 478 426
249 269 246
479 487 476
41 491 38
267 282 264
123 470 120
183 468 180
365 503 362
38 57 38
91 471 88
249 481 246
312 391 312
14 342 14
217 327 214
74 247 74
161 470 158
85 489 82
31 335 28
249 417 246
179 407 176
459 470 456
355 413 352
291 328 288
71 259 68
267 510 264
9 64 6
209 212 206
168 316 168
87 392 84
123 281 120
82 121 82
207 371 204
306 310 306
273 349 270
60 442 60
179 501 176
168 185 168
339 503 336
167 224 164
359 397 356
140 225 140
73 104 70
67 204 64
197 218 194
352 389 352
269 311 266
30 279 30
161 288 158
25 414 22
109 192 106
101 499 98
266 274 266
423 457 420
442 443 440
36 77 36
285 300 282
209 349 206
12 496 12
87 256 84
353 370 350
283 452 280
112 144 112
375 439 372
407 492 404
388 487 388
151 439 148
40 151 40
80 187 80
116 117 114
237 350 234
201 477 198
93 263 90
260 302 260
479 488 476
122 239 122
191 433 188
110 134 110
111 205 108
495 500 492
441 471 438
112 285 112
217 323 214
385 431 382
97 185 94
373 447 370
91 280 88
351 512 348
191 505 188
216 374 216
62 177 62
98 341 98
230 402 230
53 170 50
148 345 148
297 355 294
225 505 222
214 341 214
197 404 194
345 474 342
19 278 16
324 405 324
431 471 428
382 389 382
315 341 312
113 283 110
40 114 40
14 327 14
369 393 366
451 483 448
75 192 72
137 417 134
338 466 338
253 337 250
24 89 24
309 497 306
331 456 328
79 365 76
98 303 98
185 449 182
1 381 1
338 478 338
379 446 376
126 138 126
47 320 44
276 283 276
25 76 22
168 255 168
321 348 318
510 512 510
43 58 40
71 468 68
59 351 56
439 477 436
237 316 234
182 431 182
147 410 144
5 160 2
1 29 1
465 484 462
283 438 280
74 78 74
62 433 62
351 442 348
249 286 246
93 208 90
208 336 208
243 281 240
378 425 378
110 185 110
305 461 302
17 83 14
137 280 134
78 139 78
136 405 136
199 434 196
305 435 302
25 42 22
194 218 194
209 345 206
245 402 242
207 426 204
2 133 2
296 465 296
285 509 282
319 491 316
91 286 88
263 510 260
381 464 378
142 347 142
365 372 362
95 233 92
414 446 414
69 244 66
56 422 56
279 419 276
50 132 50
363 499 360
237 386 234
27 191 24
285 500 282
354 355 352
99 101 96
12 273 12
138 365 138
83 415 80
179 237 176
179 299 176
134 258 134
51 394 48
122 359 122
224 261 224
301 491 298
229 382 226
437 456 434
345 443 342
5 39 2
173 420 170
3 495 1
329 416 326
441 445 438
192 328 192
175 437 172
355 437 352
143 485 140
385 489 382
475 485 472
327 505 324
142 375 142
449 462 446
212 476 212
87 159 84
68 175 68
321 509 318
121 337 118
73 243 70
455 478 452
389 417 386
362 450 362
58 465 58
411 419 408
42 509 42
23 347 20
169 488 166
309 478 306
21 305 18
79 100 76
178 366 178
4 18 4
346 470 346
333 485 330
210 353 210
8 190 8
284 321 284
107 233 104
370 373 370
423 469 420
50 156 50
83 483 80
82 473 82
327 414 324
143 435 140
42 131 42
38 92 38
133 427 130
123 176 120
103 469 100
263 431 260
471 493 468
439 506 436
369 405 366
255 426 252
255 326 252
199 265 196
304 492 304
405 507 402
312 491 312
14 102 14
3 49 1
141 314 138
135 366 132
86 146 86
184 393 184
293 479 290
18 281 18
124 139 124
254 435 254
344 439 344
433 489 430
15 481 12
37 156 34
133 485 130
185 225 182
314 388 314
456 472 456
281 391 278
86 100 86
313 353 310
202 373 202
435 477 432
43 139 40
352 413 352
87 400 84
201 222 198
46 108 46
27 472 24
75 438 72
309 332 306
70 279 70
225 369 222
97 498 94
257 470 254
220 399 220
14 339 14
429 457 426
112 297 112
109 361 106
6 32 6
142 155 142
15 356 12
75 423 72
293 468 290
8 394 8
63 485 60
1 304 1
15 244 12
193 333 190
343 464 340
328 493 328
203 279 200
471 475 468
218 429 218
43 391 40
215 458 212
147 381 144
72 264 72
4 273 4
120 411 120
67 260 64
249 341 246
115 493 112
503 510 500
216 325 216
12 54 12
40 41 38
165 171 162
279 320 276
52 66 52
73 479 70
272 364 272
333 353 330
237 333 234
102 134 102
111 224 108
34 191 34
33 170 30
199 278 196
325 362 322
67 184 64
18 158 18
237 378 234
15 219 12
1 101 1
333 466 330
36 66 36
146 272 146
261 332 258
141 477 138
56 405 56
94 226 94
169 482 166
367 396 364
12 512 12
271 318 268
23 62 20
389 486 386
469 506 466
3 480 1
237 263 234
135 280 132
177 371 174
11 430 8
46 333 46
409 490 406
222 291 222
232 342 232
140 324 140
141 302 138
50 64 50
259 283 256
406 431 406
51 463 48
39 420 36
247 251 244
120 344 120
84 215 84
93 125 90
11 426 8
34 185 34
287 318 284
493 501 490
26 35 26
379 483 376
452 505 452
19 108 16
351 443 348
193 504 190
119 345 116
449 511 446
401 449 398
219 310 216
377 504 374
500 501 498
311 507 308
79 466 76
305 394 302
276 436 276
383 488 380
234 512 234
209 260 206
123 304 120
237 402 234
375 393 372
63 439 60
158 200 158
1 45 1
219 328 216
279 463 276
434 506 434
285 512 282
147 501 144
425 495 422
126 377 126
23 273 20
385 432 382
54 432 54
80 87 80
118 429 118
155 212 152
147 232 144
22 48 22
147 385 144
381 388 378
339 501 336
18 185 18
479 508 476
195 237 192
241 467 238
124 445 124
370 422 370
25 396 22
225 480 222
59 80 56
2 83 2
455 507 452
107 247 104
277 340 274
365 479 362
311 358 308
327 454 324
411 488 408
185 478 182
165 315 162
489 494 486
105 230 102
47 126 44
76 167 76
75 224 72
8 59 8
117 283 114
117 311 114
54 110 54
393 487 390
99 162 96
399 404 396
93 241 90
255 306 252
202 383 202
8 209 8
2 220 2
6 125 6
80 176 80
227 350 224
309 406 306
139 350 136
127 299 124
94 381 94
293 448 290
362 407 362
13 304 10
196 337 196
11 208 8
154 446 154
287 308 284
97 447 94
353 511 350
123 436 120
215 488 212
63 234 60
334 512 334
55 267 52
415 465 412
325 420 322
21 403 18
105 356 102
281 469 278
120 124 120
213 495 210
179 350 176
227 439 224
325 447 322
64 318 64
114 116 114
39 392 36
18 80 18
319 335 316
203 346 200
31 272 28
59 398 56
145 394 142
469 470 466
403 506 400
169 390 166
118 237 118
277 369 274
74 125 74
63 445 60
463 507 460
49 459 46
12 85 12
96 156 96
145 474 142
375 431 372
230 290 230
106 175 106
261 440 258
8 86 8
120 125 120
103 177 100
92 435 92
87 251 84
197 425 194
247 438 244
2 388 2
213 384 210
187 202 184
73 473 70
40 44 40
351 471 348
50 256 50
180 248 180
337 369 334
234 344 234
294 497 294
106 132 106
6 51 6
136 234 136
330 366 330
455 466 452
91 316 88
112 162 112
194 227 194
197 209 194
61 247 58
131 272 128
42 144 42
231 277 228
41 142 38
130 455 130
75 291 72
275 335 272
9 488 6
228 447 228
77 178 74
180 239 180
214 357 214
3 301 1
65 372 62
173 274 170
46 446 46
345 404 342
130 137 130
64 246 64
280 345 280
290 426 290
20 169 20
33 128 30
66 232 66
99 152 96
411 412 408
80 366 80
217 362 214
425 476 422
273 459 270
93 474 90
202 228 202
311 452 308
355 445 352
102 494 102
80 93 80
381 406 378
439 447 436
113 260 110
342 427 342
187 379 184
17 466 14
357 419 354
95 169 92
426 506 426
269 376 266
391 431 388
160 479 160
147 235 144
23 266 20
13 512 10
197 246 194
54 151 54
19 441 16
68 188 68
4 72 4
413 442 410
181 289 178
123 168 120
278 315 278
24 430 24
92 291 92
194 489 194
102 315 102
226 465 226
169 263 166
51 272 48
337 356 334
469 504 466
90 503 90
135 481 132
436 494 436
361 371 358
69 182 66
163 182 160
241 412 238
435 439 432
57 432 54
351 474 348
15 499 12
379 418 376
263 385 260
119 218 116
385 467 382
393 508 390
112 300 112
68 185 68
111 361 108
21 122 18
341 373 338
49 83 46
414 500 414
59 92 56
261 508 258
169 283 166
3 222 1
261 429 258
313 356 310
192 239 192
134 282 134
229 494 226
280 492 280
53 191 50
124 187 124
111 383 108
123 478 120
6 10 6
1 136 1
334 382 334
206 254 206
219 255 216
267 332 264
30 67 30
17 103 14
108 311 108
101 250 98
323 325 320
173 398 170
389 431 386
10 389 10
21 451 18
364 486 364
253 398 250
411 512 408
237 366 234
124 388 124
240 285 240
28 153 28
151 334 148
214 327 214
129 269 126
229 247 226
479 493 476
254 292 254
7 269 4
129 254 126
338 388 338
161 231 158
40 195 40
499 500 496
192 495 192
387 490 384
6 61 6
459 504 456
98 311 98
77 250 74
383 495 380
27 57 24
15 448 12
94 176 94
27 372 24
474 494 474
357 425 354
347 435 344
244 330 244
135 247 132
283 387 280
200 310 200
65 235 62
214 480 214
293 338 290
469 477 466
222 480 222
184 254 184
45 272 42
360 410 360
132 357 132
80 264 80
216 225 216
8 471 8
283 334 280
204 485 204
82 387 82
332 397 332
160 390 160
89 454 86
226 460 226
225 397 222
2 55 2
255 274 252
68 75 68
43 137 40
38 163 38
335 498 332
471 472 468
88 142 88
77 180 74
407 462 404
3 154 1
34 275 34
115 273 112
384 427 384
287 293 284
333 384 330
155 205 152
138 395 138
108 407 108
355 494 352
121 292 118
389 470 386
18 253 18
67 308 64
129 205 126
297 467 294
7 127 4
155 363 152
114 191 114
340 499 340
331 476 328
14 174 14
477 487 474
183 377 180
230 459 230
253 395 250
373 458 370
141 313 138
344 512 344
239 273 236
52 286 52
32 194 32
93 297 90
101 321 98
313 445 310
391 455 388
423 463 420
75 429 72
307 355 304
26 60 26
52 449 52
231 261 228
39 244 36
151 206 148
26 43 26
13 177 10
27 506 24
296 509 296
349 376 346
27 504 24
127 508 124
223 249 220
149 488 146
32 90 32
99 166 96
348 382 348
465 466 462
185 462 182
17 133 14
377 431 374
6 24 6
441 485 438
231 335 228
12 210 12
138 319 138
51 96 48
313 381 310
361 431 358
361 395 358
65 402 62
262 263 260
5 463 2
262 431 262
139 158 136
264 354 264
253 374 250
74 151 74
397 488 394
32 197 32
208 231 208
219 448 216
123 265 120
8 112 8
151 274 148
90 252 90
116 262 116
263 444 260
74 107 74
457 458 454
133 284 130
31 222 28
172 238 172
281 305 278
195 471 192
149 451 146
63 193 60
375 406 372
117 268 114
53 306 50
95 351 92
155 365 152
207 464 204
191 382 188
378 441 378
104 362 104
88 268 88
57 96 54
365 466 362
297 336 294
174 183 174
431 472 428
258 282 258
165 500 162
8 40 8
375 486 372
27 354 24
32 331 32
108 423 108
299 331 296
361 485 358
63 145 60
35 507 32
42 505 42
371 429 368
48 193 48
341 508 338
223 323 220
275 432 272
121 444 118
156 234 156
28 54 28
207 343 204
192 364 192
179 200 176
473 508 470
75 135 72
26 52 26
110 413 110
175 327 172
96 198 96
244 245 242
157 202 154
359 415 356
213 474 210
357 503 354
123 181 120
256 331 256
201 474 198
190 433 190
116 396 116
186 433 186
90 168 90
60 419 60
68 298 68
61 259 58
235 490 232
207 381 204
105 227 102
172 207 172
27 117 24
323 362 320
371 442 368
265 292 262
274 480 274
340 512 340
81 283 78
108 433 108
371 428 368
1 196 1
205 413 202
113 457 110
376 496 376
186 396 186
267 275 264
79 274 76
9 225 6
413 470 410
229 347 226
100 422 100
479 491 476
122 431 122
172 173 170
397 457 394
356 512 356
403 489 400
92 414 92
321 503 318
273 440 270
277 423 274
249 464 246
76 132 76
289 468 286
190 482 190
28 347 28
202 243 202
41 127 38
242 344 242
155 324 152
373 448 370
360 361 358
257 287 254
75 441 72
90 123 90
303 425 300
155 413 152
103 487 100
387 426 384
122 241 122
142 220 142
436 476 436
109 251 106
181 284 178
293 325 290
329 496 326
271 358 268
102 197 102
251 391 248
20 52 20
161 504 158
435 456 432
111 283 108
57 475 54
474 477 474
52 99 52
81 435 78
52 278 52
223 308 220
16 94 16
90 104 90
57 250 54
97 111 94
105 353 102
101 403 98
253 348 250
122 170 122
148 153 148
294 435 294
235 435 232
45 152 42
129 246 126
115 211 112
29 75 26
73 214 70
89 298 86
212 364 212
303 456 300
395 435 392
59 324 56
235 471 232
435 467 432
12 411 12
50 275 50
4 445 4
368 498 368
39 148 36
336 506 336
35 328 32
241 413 238
205 401 202
429 456 426
11 429 8
144 338 144
60 333 60
36 408 36
11 257 8
361 364 358
267 389 264
172 218 172
202 203 200
271 353 268
238 406 238
37 394 34
489 507 486
58 437 58
131 322 128
11 327 8
267 433 264
86 92 86
51 305 48
288 317 288
18 23 18
216 217 214
223 432 220
325 333 322
185 374 182
290 425 290
304 478 304
187 195 184
387 443 384
189 265 186
114 255 114
311 422 308
189 196 186
413 503 410
1 135 1
282 380 282
326 439 326
495 502 492
19 157 16
92 236 92
90 496 90
74 476 74
325 405 322
50 494 50
236 237 234
391 479 388
429 448 426
215 239 212
196 357 196
107 123 104
333 392 330
269 436 266
170 279 170
119 303 116
57 359 54
90 423 90
115 463 112
86 196 86
309 366 306
329 431 326
224 348 224
275 425 272
275 481 272
419 510 416
9 391 6
128 297 128
309 352 306
355 430 352
199 398 196
51 462 48
146 442 146
12 15 12
105 181 102
416 422 416
185 314 182
74 186 74
89 433 86
399 498 396
313 409 310
407 506 404
465 505 462
172 177 172
291 414 288
24 129 24
106 274 106
96 240 96
136 430 136
193 454 190
26 175 26
227 270 224
226 385 226
277 471 274
403 424 400
209 373 206
71 228 68
20 71 20
74 158 74
425 511 422
300 482 300
5 102 2
177 454 174
123 501 120
31 394 28
357 359 354
400 495 400
367 494 364
219 346 216
277 352 274
173 206 170
407 420 404
315 468 312
177 512 174
417 449 414
413 498 410
161 298 158
119 384 116
30 446 30
329 417 326
399 424 396
461 509 458
93 262 90
230 505 230
217 294 214
305 468 302
62 95 62
297 374 294
451 492 448
175 442 172
344 400 344
201 260 198
373 403 370
277 387 274
217 299 214
97 232 94
442 447 442
102 502 102
27 312 24
192 265 192
430 512 430
75 383 72
81 367 78
361 392 358
129 132 126
58 214 58
28 33 28
344 441 344
89 436 86
90 109 90
103 452 100
453 460 450
121 171 118
337 460 334
250 455 250
200 505 200
253 426 250
433 453 430
294 494 294
12 491 12
113 160 110
345 401 342
173 463 170
45 431 42
3 310 1
319 507 316
295 452 292
299 461 296
405 496 402
125 467 122
306 345 306
433 498 430
366 413 366
393 458 390
222 490 222
219 489 216
237 310 234
115 185 112
38 457 38
201 322 198
292 423 292
91 164 88
458 503 458
121 350 118
49 116 46
216 497 216
285 503 282
298 508 298
14 371 14
76 467 76
254 369 254
401 424 398
133 483 130
35 250 32
300 301 298
67 202 64
169 473 166
337 338 334
96 281 96
37 185 34
94 406 94
257 400 254
183 237 180
30 243 30
378 463 378
107 450 104
179 280 176
149 329 146
55 110 52
144 279 144
95 368 92
88 92 88
85 395 82
349 357 346
435 480 432
285 367 282
236 483 236
79 121 76
345 429 342
209 339 206
311 421 308
305 364 302
6 54 6
369 494 366
185 467 182
7 196 4
273 297 270
461 489 458
215 388 212
317 486 314
195 448 192
105 243 102
14 72 14
270 271 268
397 427 394
171 464 168
183 264 180
311 475 308
309 363 306
90 285 90
295 484 292
53 293 50
61 81 58
52 203 52
78 512 78
14 346 14
103 472 100
33 60 30
357 388 354
61 512 58
87 378 84
78 119 78
182 458 182
91 441 88
280 407 280
137 476 134
30 46 30
325 398 322
209 477 206
383 394 380
195 405 192
6 47 6
257 423 254
98 497 98
87 318 84
249 406 246
52 497 52
395 468 392
395 400 392
57 182 54
151 169 148
445 483 442
107 507 104
175 503 172
73 438 70
310 391 310
190 272 190
84 508 84
89 424 86
57 309 54
2 54 2
283 436 280
301 306 298
313 490 310
292 471 292
378 404 378
177 397 174
249 289 246
268 306 268
8 21 8
391 410 388
157 262 154
22 303 22
327 337 324
437 441 434
61 105 58
72 135 72
128 293 128
267 438 264
468 504 468
251 410 248
454 463 454
283 340 280
38 58 38
127 328 124
67 220 64
151 455 148
179 269 176
445 489 442
138 382 138
345 499 342
329 497 326
115 408 112
29 461 26
12 170 12
294 327 294
426 427 424
38 113 38
379 426 376
293 406 290
210 269 210
9 134 6
63 379 60
182 485 182
275 428 272
93 216 90
127 512 124
327 330 324
309 390 306
116 135 116
409 417 406
333 483 330
34 44 34
429 436 426
285 448 282
275 379 272
419 445 416
92 210 92
151 268 148
266 313 266
382 402 382
400 430 400
11 404 8
325 469 322
273 438 270
146 507 146
44 142 44
105 121 102
85 433 82
41 90 38
309 417 306
173 312 170
212 474 212
201 419 198
14 73 14
5 168 2
233 268 230
134 226 134
451 461 448
20 283 20
65 246 62
66 314 66
17 76 14
104 166 104
123 226 120
10 17 10
44 393 44
176 365 176
110 469 110
393 481 390
221 471 218
277 339 274
18 393 18
425 505 422
119 156 116
6 176 6
32 426 32
90 116 90
126 505 126
36 312 36
129 271 126
268 397 268
90 461 90
457 470 454
63 107 60
95 262 92
465 488 462
18 58 18
331 428 328
425 465 422
77 391 74
403 428 400
143 352 140
2 140 2
112 345 112
180 199 180
439 492 436
80 430 80
22 187 22
42 158 42
102 242 102
285 505 282
253 462 250
55 136 52
32 366 32
8 477 8
86 227 86
381 474 378
277 313 274
355 500 352
85 157 82
155 464 152
263 268 260
193 493 190
223 436 220
135 180 132
83 482 80
231 483 228
215 291 212
114 127 114
120 141 120
303 334 300
334 423 334
282 431 282
117 291 114
211 256 208
213 406 210
173 452 170
171 215 168
65 263 62
365 507 362
64 255 64
112 497 112
2 337 2
257 503 254
203 272 200
321 366 318
325 503 322
396 460 396
223 327 220
387 503 384
230 461 230
187 373 184
371 412 368
11 341 8
182 256 182
353 388 350
54 159 54
25 310 22
181 332 178
14 512 14
54 280 54
57 126 54
281 497 278
41 405 38
118 168 118
141 442 138
303 325 300
235 346 232
157 473 154
79 326 76
64 194 64
200 243 200
43 199 40
2 416 2
226 512 226
359 507 356
445 468 442
473 500 470
10 152 10
216 315 216
457 486 454
337 506 334
199 441 196
78 147 78
169 334 166
18 308 18
20 59 20
329 477 326
239 446 236
329 395 326
63 87 60
148 323 148
45 273 42
66 453 66
345 413 342
307 475 304
56 140 56
136 236 136
211 346 208
491 510 488
189 379 186
81 275 78
33 459 30
323 485 320
102 441 102
15 265 12
327 441 324
487 491 484
181 288 178
78 93 78
157 441 154
8 163 8
296 408 296
202 496 202
64 489 64
429 500 426
129 173 126
69 161 66
298 444 298
131 347 128
125 215 122
79 269 76
401 416 398
4 66 4
279 365 276
313 389 310
457 506 454
298 474 298
335 465 332
298 385 298
179 435 176
367 391 364
156 493 156
68 279 68
344 429 344
325 507 322
209 420 206
151 367 148
38 53 38
159 508 156
161 434 158
366 424 366
81 226 78
281 400 278
461 512 458
42 290 42
82 458 82
172 179 172
439 509 436
167 447 164
257 480 254
377 444 374
423 436 420
355 455 352
114 225 114
13 490 10
190 340 190
243 267 240
220 386 220
162 310 162
97 242 94
472 493 472
418 507 418
385 504 382
295 437 292
104 278 104
29 428 26
304 432 304
211 403 208
409 418 406
94 486 94
221 482 218
208 312 208
337 461 334
221 349 218
128 372 128
214 299 214
285 465 282
269 276 266
157 313 154
155 242 152
413 469 410
283 369 280
79 422 76
273 368 270
271 402 268
463 489 460
59 458 56
99 392 96
391 489 388
445 457 442
255 498 252
76 307 76
269 397 266
181 387 178
157 403 154
140 470 140
155 436 152
82 310 82
481 482 478
235 306 232
104 187 104
62 93 62
181 191 178
225 288 222
333 508 330
11 228 8
248 487 248
443 462 440
25 113 22
60 124 60
79 166 76
283 305 280
7 494 4
457 493 454
151 349 148
195 224 192
142 445 142
457 475 454
163 337 160
271 408 268
301 336 298
504 512 504
298 475 298
25 207 22
7 472 4
71 217 68
401 495 398
235 334 232
125 436 122
226 275 226
148 295 148
186 192 186
135 382 132
122 299 122
415 472 412
24 25 22
102 159 102
485 495 482
263 409 260
23 111 20
313 468 310
147 375 144
16 39 16
319 345 316
77 509 74
365 448 362
116 245 116
397 406 394
213 252 210
247 312 244
91 283 88
36 52 36
139 228 136
133 368 130
19 33 16
249 496 246
5 227 2
299 490 296
363 382 360
175 387 172
141 247 138
158 259 158
275 383 272
341 478 338
115 319 112
23 506 20
127 446 124
467 492 464
437 438 434
167 440 164
411 506 408
308 512 308
333 402 330
168 403 168
269 433 266
119 313 116
200 246 200
405 455 402
97 358 94
7 430 4
21 405 18
46 227 46
225 347 222
279 434 276
379 456 376
41 391 38
177 420 174
268 430 268
32 96 32
93 320 90
157 346 154
459 496 456
112 279 112
293 331 290
44 362 44
8 479 8
29 217 26
175 286 172
72 137 72
439 441 436
30 419 30
123 301 120
3 484 1
235 497 232
341 360 338
31 267 28
246 413 246
77 337 74
14 511 14
292 314 292
156 385 156
7 184 4
61 454 58
341 467 338
439 486 436
82 83 80
144 269 144
119 319 116
93 341 90
111 135 108
84 292 84
60 77 60
238 374 238
71 432 68
104 424 104
211 478 208
411 474 408
56 347 56
403 509 400
103 427 100
435 476 432
181 182 178
198 391 198
421 427 418
104 385 104
389 457 386
413 466 410
76 458 76
195 230 192
380 512 380
285 373 282
233 500 230
269 507 266
209 290 206
62 215 62
184 424 184
9 32 6
421 425 418
487 501 484
73 348 70
315 505 312
469 500 466
253 329 250
191 425 188
34 37 34
232 400 232
85 318 82
154 355 154
5 182 2
161 292 158
167 353 164
95 318 92
367 444 364
305 331 302
11 380 8
1 24 1
2 303 2
401 479 398
96 509 96
69 504 66
42 99 42
31 143 28
215 301 212
90 312 90
141 261 138
133 361 130
73 145 70
373 486 370
343 436 340
21 465 18
113 294 110
135 170 132
413 486 410
55 112 52
267 465 264
1 220 1
300 440 300
160 346 160
295 314 292
134 334 134
74 149 74
361 414 358
103 512 100
86 197 86
238 447 238
299 450 296
291 373 288
13 388 10
237 254 234
164 243 164
146 356 146
160 319 160
